award_id,noc,medal,discipline,sport_en,event,event_en,type,name_en,reg,date,gender,members,sport_zh,date_raw,date_source
AFG|CRD|W.RR----------------.----|ME_SILVER|11951734,AFG,ME_SILVER,CRD,Cycling Road,W.RR----------------.----,Women's Road Race,A,HASHIMI Fariba,11951734,2026-09-22,W,[],公路自行车,2026-09-22,official_medal_record
AFG|WSU|M.65KG--------------.----|ME_BRONZE|1655706,AFG,ME_BRONZE,WSU,Wushu,M.65KG--------------.----,Men's 65kg,A,ASHRAFI Hamid,1655706,2026-09-23,M,[],武术,2026-09-23,official_medal_record
AFG|WSU|M.70KG--------------.----|ME_BRONZE|14660387,AFG,ME_BRONZE,WSU,Wushu,M.70KG--------------.----,Men's 70kg,A,HOTAK Mohammad Khalid,14660387,2026-09-23,M,[],武术,2026-09-23,official_medal_record
BRN|ATH|M.10000M------------.----|ME_GOLD|1564760,BRN,ME_GOLD,ATH,Athletics,M.10000M------------.----,"Men's 10,000m",A,BALEW Birhanu,1564760,2026-09-25,M,[],田径,2026-09-25,official_medal_record
BRN|ATH|M.5000M-------------.----|ME_GOLD|1564760,BRN,ME_GOLD,ATH,Athletics,M.5000M-------------.----,Men's 5000m,A,BALEW Birhanu,1564760,2026-09-29,M,[],田径,2026-09-29,official_medal_record
BRN|ATH|W.10000M------------.----|ME_GOLD|7153190,BRN,ME_GOLD,ATH,Athletics,W.10000M------------.----,"Women's 10,000m",A,YAVI Winfred,7153190,2026-09-24,W,[],田径,2026-09-24,official_medal_record
BRN|ATH|W.1500M-------------.----|ME_GOLD|7150269,BRN,ME_GOLD,ATH,Athletics,W.1500M-------------.----,Women's 1500m,A,KORIR Nelly,7150269,2026-09-26,W,[],田径,2026-09-26,official_medal_record
BRN|ATH|W.3000MST-----------.----|ME_GOLD|7153190,BRN,ME_GOLD,ATH,Athletics,W.3000MST-----------.----,Women's 3000m Steeplechase,A,YAVI Winfred,7153190,2026-09-27,W,[],田径,2026-09-27,official_medal_record
BRN|ATH|W.400M--------------.----|ME_GOLD|10280093,BRN,ME_GOLD,ATH,Athletics,W.400M--------------.----,Women's 400m,A,NASER Salwa,10280093,2026-09-26,W,[],田径,2026-09-26,official_medal_record
BRN|ATH|W.5000M-------------.----|ME_GOLD|7153190,BRN,ME_GOLD,ATH,Athletics,W.5000M-------------.----,Women's 5000m,A,YAVI Winfred,7153190,2026-09-28,W,[],田径,2026-09-28,official_medal_record
BRN|ATH|W.MARATHON----------.----|ME_GOLD|1839864,BRN,ME_GOLD,ATH,Athletics,W.MARATHON----------.----,Women's Marathon,A,HABTE Shitaye,1839864,2026-09-26,W,[],田径,2026-09-26,official_medal_record
BRN|ATH|X.4X400M------------.----|ME_GOLD|ATHX4X400M-----BRN01,BRN,ME_GOLD,ATH,Athletics,X.4X400M------------.----,4 x 400m Relay Mixed,T,Bahrain,ATHX4X400M-----BRN01,2026-09-24,X,"[{""Reg"": ""5685988"", ""Bib"": ""211"", ""Org"": ""BRN"", ""OrgDesc"": ""Bahrain"", ""Name"": ""ISAH Musa"", ""Order"": 1, ""BirthDate"": ""2000-08-26""}, {""Reg"": ""10829526"", ""Bib"": ""1003"", ""Org"": ""BRN"", ""OrgDesc"": ""Bahrain"", ""Name"": ""ABDULLAH Aisha"", ""Order"": 2, ""BirthDate"": ""2007-12-09""}, {""Reg"": ""5685690"", ""Bib"": ""216"", ""Org"": ""BRN"", ""OrgDesc"": ""Bahrain"", ""Name"": ""SAMI Alaa"", ""Order"": 3, ""BirthDate"": ""2007-06-26""}, {""Reg"": ""10280093"", ""Bib"": ""224"", ""Org"": ""BRN"", ""OrgDesc"": ""Bahrain"", ""Name"": ""NASER Salwa"", ""Order"": 4, ""BirthDate"": ""1998-05-23""}]",田径,2026-09-24,official_medal_record
BRN|ATH|W.4X400M------------.----|ME_SILVER|ATHW4X400M-----BRN01,BRN,ME_SILVER,ATH,Athletics,W.4X400M------------.----,Women's 4 x 400m Relay,T,Bahrain,ATHW4X400M-----BRN01,2026-09-29,W,"[{""Reg"": ""10829526"", ""Bib"": ""1003"", ""Org"": ""BRN"", ""OrgDesc"": ""Bahrain"", ""Name"": ""ABDULLAH Aisha"", ""Order"": 1, ""BirthDate"": ""2007-12-09""}, {""Reg"": ""10815463"", ""Bib"": ""1002"", ""Org"": ""BRN"", ""OrgDesc"": ""Bahrain"", ""Name"": ""ABDULGHANI Sufian"", ""Order"": 2, ""BirthDate"": ""2007-03-10""}, {""Reg"": ""7258235"", ""Bib"": ""1005"", ""Org"": ""BRN"", ""OrgDesc"": ""Bahrain"", ""Name"": ""FYOFUOBA Zainab"", ""Order"": 3, ""BirthDate"": ""2002-11-03""}, {""Reg"": ""10280093"", ""Bib"": ""224"", ""Org"": ""BRN"", ""OrgDesc"": ""Bahrain"", ""Name"": ""NASER Salwa"", ""Order"": 4, ""BirthDate"": ""1998-05-23""}]",田径,2026-09-29,official_medal_record
BRN|ATH|W.800M--------------.----|ME_SILVER|7150269,BRN,ME_SILVER,ATH,Athletics,W.800M--------------.----,Women's 800m,A,KORIR Nelly,7150269,2026-09-29,W,[],田径,2026-09-29,official_medal_record
BRN|ATH|M.10000M------------.----|ME_BRONZE|1595561,BRN,ME_BRONZE,ATH,Athletics,M.10000M------------.----,"Men's 10,000m",A,KIPTOO Albert,1595561,2026-09-25,M,[],田径,2026-09-25,official_medal_record
BRN|ATH|W.100M--------------.----|ME_BRONZE|6656001,BRN,ME_BRONZE,ATH,Athletics,W.100M--------------.----,Women's 100m,A,ODIONG Edidiong,6656001,2026-09-25,W,[],田径,2026-09-25,official_medal_record
BRN|HBL|M.TEAM7-------------.----|ME_GOLD|HBLMTEAM7------BRN01,BRN,ME_GOLD,HBL,Handball,M.TEAM7-------------.----,Men,T,Bahrain,HBLMTEAM7------BRN01,2026-09-29,M,"[{""Reg"": ""648953"", ""Bib"": ""10"", ""Org"": ""BRN"", ""OrgDesc"": ""Bahrain"", ""Name"": ""RABIA Mohamed"", ""Order"": 1, ""BirthDate"": ""2003-01-14""}, {""Reg"": ""13654776"", ""Bib"": ""12"", ""Org"": ""BRN"", ""OrgDesc"": ""Bahrain"", ""Name"": ""ISA Hesham"", ""Order"": 2, ""BirthDate"": ""2003-01-05""}, {""Reg"": ""13661109"", ""Bib"": ""13"", ""Org"": ""BRN"", ""OrgDesc"": ""Bahrain"", ""Name"": ""ALSHOWAIKH Salman"", ""Order"": 3, ""BirthDate"": ""2006-01-09""}, {""Reg"": ""739571"", ""Bib"": ""17"", ""Org"": ""BRN"", ""OrgDesc"": ""Bahrain"", ""Name"": ""KADHEM Ahmed"", ""Order"": 4, ""BirthDate"": ""2003-05-09""}, {""Reg"": ""10111504"", ""Bib"": ""18"", ""Org"": ""BRN"", ""OrgDesc"": ""Bahrain"", ""Name"": ""FADHUL Ahmed"", ""Order"": 5, ""BirthDate"": ""1998-01-31""}, {""Reg"": ""10101607"", ""Bib"": ""21"", ""Org"": ""BRN"", ""OrgDesc"": ""Bahrain"", ""Name"": ""ALI Mohamed"", ""Order"": 6, ""BirthDate"": ""1989-08-12""}, {""Reg"": ""649612"", ""Bib"": ""24"", ""Org"": ""BRN"", ""OrgDesc"": ""Bahrain"", ""Name"": ""ABDULKARIM Abdulla"", ""Order"": 7, ""BirthDate"": ""2002-01-23""}, {""Reg"": ""747215"", ""Bib"": ""29"", ""Org"": ""BRN"", ""OrgDesc"": ""Bahrain"", ""Name"": ""SHUBBAR Sayed"", ""Order"": 8, ""BirthDate"": ""2000-09-29""}, {""Reg"": ""15468988"", ""Bib"": ""33"", ""Org"": ""BRN"", ""OrgDesc"": ""Bahrain"", ""Name"": ""MADAN Hasan"", ""Order"": 9, ""BirthDate"": ""1996-02-29""}, {""Reg"": ""742838"", ""Bib"": ""64"", ""Org"": ""BRN"", ""OrgDesc"": ""Bahrain"", ""Name"": ""MOHAMED Ali"", ""Order"": 10, ""BirthDate"": ""2002-04-22""}, {""Reg"": ""15851349"", ""Bib"": ""73"", ""Org"": ""BRN"", ""OrgDesc"": ""Bahrain"", ""Name"": ""EID Ahmed"", ""Order"": 11, ""BirthDate"": ""2007-05-24""}, {""Reg"": ""742310"", ""Bib"": ""77"", ""Org"": ""BRN"", ""OrgDesc"": ""Bahrain"", ""Name"": ""KHAMIS Jasim"", ""Order"": 12, ""BirthDate"": ""2002-09-02""}, {""Reg"": ""4465350"", ""Bib"": ""88"", ""Org"": ""BRN"", ""OrgDesc"": ""Bahrain"", ""Name"": ""ALI Hasan"", ""Order"": 13, ""BirthDate"": ""1998-06-18""}, {""Reg"": ""741675"", ""Bib"": ""93"", ""Org"": ""BRN"", ""OrgDesc"": ""Bahrain"", ""Name"": ""AHMED Mohamed"", ""Order"": 14, ""BirthDate"": ""1993-07-20""}, {""Reg"": ""645823"", ""Bib"": ""95"", ""Org"": ""BRN"", ""OrgDesc"": ""Bahrain"", ""Name"": ""MOHAMED Mohamed"", ""Order"": 15, ""BirthDate"": ""2001-02-07""}, {""Reg"": ""13653539"", ""Bib"": ""99"", ""Org"": ""BRN"", ""OrgDesc"": ""Bahrain"", ""Name"": ""ALSAYYAD Husain"", ""Order"": 16, ""BirthDate"": ""1988-01-14""}]",手球,2026-09-29,official_medal_record
BRN|JUD|M.66KG--------------.FNL-|ME_BRONZE|10931560,BRN,ME_BRONZE,JUD,Judo,M.66KG--------------.FNL-,Men -66 kg Final,A,BOQIEV Sukhrob,10931560,2026-09-30,M,[],柔道,2026-09-30,official_medal_record
BRN|MMA|M.T77KG-------------.FNL-|ME_SILVER|8539509,BRN,ME_SILVER,MMA,Mixed Martial Arts,M.T77KG-------------.FNL-,Men's Traditional  -77kg Final,A,NABIEV Mukhammad,8539509,2026-09-22,M,[],综合格斗,2026-09-22,official_medal_record
BRN|MMA|W.M54KG-------------.FNL-|ME_SILVER|9136710,BRN,ME_SILVER,MMA,Mixed Martial Arts,W.M54KG-------------.FNL-,Women's Modern -54kg Final,A,POGOSIAN Diana,9136710,2026-09-22,W,[],综合格斗,2026-09-22,official_medal_record
BRN|SWM|M.50MBF-------------.----|ME_GOLD|14350041,BRN,ME_GOLD,SWM,Swimming,M.50MBF-------------.----,Men's 50m Butterfly,A,ARKHANGELSKIY Mikhail,14350041,2026-09-24,M,[],游泳,2026-09-24,official_medal_record
BRN|WLF|W.86KG--------------.FNL-|ME_SILVER|12278364,BRN,ME_SILVER,WLF,Weightlifting,W.86KG--------------.FNL-,Women's 86kg All Groups,A,MARUSHCHAK Alina,12278364,2026-09-29,W,[],举重,2026-09-29,official_medal_record
BRN|WLF|M.O110KG------------.FNL-|ME_BRONZE|11441740,BRN,ME_BRONZE,WLF,Weightlifting,M.O110KG------------.FNL-,Men's +110kg All Groups,A,MINASYAN Gor,11441740,2026-09-29,M,[],举重,2026-09-29,official_medal_record
BRN|WLF|W.69KG--------------.FNL-|ME_BRONZE|11444054,BRN,ME_BRONZE,WLF,Weightlifting,W.69KG--------------.FNL-,Women's 69kg All Groups,A,GRUESO Ingrid,11444054,2026-09-27,W,[],举重,2026-09-27,official_medal_record
BRN|WRE|M.FS125KG-----------.FNL-|ME_BRONZE|13221312,BRN,ME_BRONZE,WRE,Wrestling,M.FS125KG-----------.FNL-,Men's Freestyle 125kg Final,A,SHARIPOV Shamil,13221312,2026-10-02,M,[],摔跤,2026-10-02,official_medal_record
BAN|WSU|W.52KG--------------.----|ME_BRONZE|1188524,BAN,ME_BRONZE,WSU,Wushu,W.52KG--------------.----,Women's 52kg,A,AKTER Jinnat,1188524,2026-09-23,W,[],武术,2026-09-23,official_medal_record
BRU|WSU|W.TAIJ--------------.FNL-|ME_BRONZE|2387064,BRU,ME_BRONZE,WSU,Wushu,W.TAIJ--------------.FNL-,Women's Taijiquan & Taijijian,A,LACHKAR Basma,2387064,2026-09-20,W,[],武术,2026-09-20,official_medal_record
CAM|KTE|W.61KG--------------.FNL-|ME_BRONZE|1513314,CAM,ME_BRONZE,KTE,Karate,W.61KG--------------.FNL-,Women's Kumite -61kg Final,A,VANN Chakriya,1513314,2026-09-21,W,[],空手道,2026-09-21,official_medal_record
CAM|MMA|W.T60KG-------------.FNL-|ME_BRONZE|9575994,CAM,ME_BRONZE,MMA,Mixed Martial Arts,W.T60KG-------------.FNL-,Women's Traditional -60kg Final,A,CHENG Dalin,9575994,2026-09-21,W,[],综合格斗,2026-09-21,official_medal_record
CAM|TEQ|W.DOUBLES-----------.----|ME_BRONZE|TEQWDOUBLES----CAM01,CAM,ME_BRONZE,TEQ,Teqball,W.DOUBLES-----------.----,Women's Doubles,D,YORN Sophornraksmey / MEY Sreymeas,TEQWDOUBLES----CAM01,2026-09-19,W,"[{""Reg"": ""4769616"", ""Bib"": """", ""Org"": ""CAM"", ""OrgDesc"": ""Cambodia"", ""Name"": ""YORN Sophornraksmey"", ""Order"": 1, ""BirthDate"": ""2003-02-08""}, {""Reg"": ""7205146"", ""Bib"": """", ""Org"": ""CAM"", ""OrgDesc"": ""Cambodia"", ""Name"": ""MEY Sreymeas"", ""Order"": 2, ""BirthDate"": ""1996-05-08""}]",台克球,2026-09-19,official_medal_record
CAM|TEQ|W.SINGLES-----------.----|ME_BRONZE|7807161,CAM,ME_BRONZE,TEQ,Teqball,W.SINGLES-----------.----,Women's Singles,A,DY Koemyean,7807161,2026-09-20,W,[],台克球,2026-09-20,official_medal_record
CHN|ARC|X.RTEAM2------------.FNL-|ME_GOLD|ARCXRTEAM2-----CHN01,CHN,ME_GOLD,ARC,Archery,X.RTEAM2------------.FNL-,Recurve Mixed Team Finals,T,People's Republic of China,ARCXRTEAM2-----CHN01,2026-10-02,X,"[{""Reg"": ""10803777"", ""Bib"": ""23"", ""Org"": ""CHN"", ""OrgDesc"": ""China"", ""Name"": ""SUN Jingxuan"", ""Order"": 0, ""BirthDate"": ""2006-08-13""}, {""Reg"": ""10803882"", ""Bib"": ""24"", ""Org"": ""CHN"", ""OrgDesc"": ""China"", ""Name"": ""WANG Yan"", ""Order"": 0, ""BirthDate"": ""2000-02-12""}, {""Reg"": ""10804218"", ""Bib"": ""11"", ""Org"": ""CHN"", ""OrgDesc"": ""China"", ""Name"": ""HUANG Yuwei"", ""Order"": 0, ""BirthDate"": ""2005-01-25""}, {""Reg"": ""10804622"", ""Bib"": ""18"", ""Org"": ""CHN"", ""OrgDesc"": ""China"", ""Name"": ""YU Qi"", ""Order"": 0, ""BirthDate"": ""2007-12-05""}, {""Reg"": ""10804876"", ""Bib"": ""5"", ""Org"": ""CHN"", ""OrgDesc"": ""China"", ""Name"": ""ZHU Jingyi"", ""Order"": 1, ""BirthDate"": ""2006-08-31""}, {""Reg"": ""10803518"", ""Bib"": ""13"", ""Org"": ""CHN"", ""OrgDesc"": ""China"", ""Name"": ""LI Mengqi"", ""Order"": 2, ""BirthDate"": ""2003-06-19""}]",射箭,2026-10-02,official_medal_record
CHN|ARC|M.CTEAM-------------.FNL-|ME_SILVER|ARCMCTEAM------CHN01,CHN,ME_SILVER,ARC,Archery,M.CTEAM-------------.FNL-,Compound Men's Team Finals,T,People's Republic of China,ARCMCTEAM------CHN01,2026-09-30,M,"[{""Reg"": ""10813350"", ""Bib"": ""1"", ""Org"": ""CHN"", ""OrgDesc"": ""China"", ""Name"": ""LIAO Jiahao"", ""Order"": 1, ""BirthDate"": ""2006-06-25""}, {""Reg"": ""10813455"", ""Bib"": ""2"", ""Org"": ""CHN"", ""OrgDesc"": ""China"", ""Name"": ""LIU Jinyi"", ""Order"": 2, ""BirthDate"": ""2007-04-22""}, {""Reg"": ""10813612"", ""Bib"": ""9"", ""Org"": ""CHN"", ""OrgDesc"": ""China"", ""Name"": ""SHI Jingyu"", ""Order"": 3, ""BirthDate"": ""1999-03-06""}]",射箭,2026-09-30,official_medal_record
CHN|ARC|W.CTEAM-------------.FNL-|ME_SILVER|ARCWCTEAM------CHN01,CHN,ME_SILVER,ARC,Archery,W.CTEAM-------------.FNL-,Compound Women's Team Finals,T,People's Republic of China,ARCWCTEAM------CHN01,2026-09-30,W,"[{""Reg"": ""10805895"", ""Bib"": ""5"", ""Org"": ""CHN"", ""OrgDesc"": ""China"", ""Name"": ""WUNIER"", ""Order"": 1, ""BirthDate"": ""2004-11-30""}, {""Reg"": ""10813907"", ""Bib"": ""14"", ""Org"": ""CHN"", ""OrgDesc"": ""China"", ""Name"": ""WANG Yue"", ""Order"": 2, ""BirthDate"": ""2004-05-18""}, {""Reg"": ""10814101"", ""Bib"": ""10"", ""Org"": ""CHN"", ""OrgDesc"": ""China"", ""Name"": ""WEI Fangyao"", ""Order"": 3, ""BirthDate"": ""2005-10-15""}]",射箭,2026-09-30,official_medal_record
CHN|ARC|W.RINDIVID----------.FNL-|ME_BRONZE|10804218,CHN,ME_BRONZE,ARC,Archery,W.RINDIVID----------.FNL-,Recurve Women's Individual Finals,A,HUANG Yuwei,10804218,2026-10-03,W,[],射箭,2026-10-03,official_medal_record
CHN|ARC|W.RTEAM-------------.FNL-|ME_BRONZE|ARCWRTEAM------CHN01,CHN,ME_BRONZE,ARC,Archery,W.RTEAM-------------.FNL-,Recurve Women's Team Finals,T,People's Republic of China,ARCWRTEAM------CHN01,2026-10-02,W,"[{""Reg"": ""10804218"", ""Bib"": ""11"", ""Org"": ""CHN"", ""OrgDesc"": ""China"", ""Name"": ""HUANG Yuwei"", ""Order"": 1, ""BirthDate"": ""2005-01-25""}, {""Reg"": ""10804622"", ""Bib"": ""18"", ""Org"": ""CHN"", ""OrgDesc"": ""China"", ""Name"": ""YU Qi"", ""Order"": 2, ""BirthDate"": ""2007-12-05""}, {""Reg"": ""10804876"", ""Bib"": ""5"", ""Org"": ""CHN"", ""OrgDesc"": ""China"", ""Name"": ""ZHU Jingyi"", ""Order"": 3, ""BirthDate"": ""2006-08-31""}]",射箭,2026-10-02,official_medal_record
CHN|ARC|X.CTEAM2------------.FNL-|ME_BRONZE|ARCXCTEAM2-----CHN01,CHN,ME_BRONZE,ARC,Archery,X.CTEAM2------------.FNL-,Compound Mixed Team Finals,T,People's Republic of China,ARCXCTEAM2-----CHN01,2026-09-30,X,"[{""Reg"": ""10805895"", ""Bib"": ""5"", ""Org"": ""CHN"", ""OrgDesc"": ""China"", ""Name"": ""WUNIER"", ""Order"": 0, ""BirthDate"": ""2004-11-30""}, {""Reg"": ""10813350"", ""Bib"": ""1"", ""Org"": ""CHN"", ""OrgDesc"": ""China"", ""Name"": ""LIAO Jiahao"", ""Order"": 0, ""BirthDate"": ""2006-06-25""}, {""Reg"": ""10813612"", ""Bib"": ""9"", ""Org"": ""CHN"", ""OrgDesc"": ""China"", ""Name"": ""SHI Jingyu"", ""Order"": 0, ""BirthDate"": ""1999-03-06""}, {""Reg"": ""10813907"", ""Bib"": ""14"", ""Org"": ""CHN"", ""OrgDesc"": ""China"", ""Name"": ""WANG Yue"", ""Order"": 0, ""BirthDate"": ""2004-05-18""}, {""Reg"": ""10814101"", ""Bib"": ""10"", ""Org"": ""CHN"", ""OrgDesc"": ""China"", ""Name"": ""WEI Fangyao"", ""Order"": 1, ""BirthDate"": ""2005-10-15""}, {""Reg"": ""10813455"", ""Bib"": ""2"", ""Org"": ""CHN"", ""OrgDesc"": ""China"", ""Name"": ""LIU Jinyi"", ""Order"": 2, ""BirthDate"": ""2007-04-22""}]",射箭,2026-09-30,official_medal_record
CHN|ATH|M.110MHURD----------.----|ME_GOLD|4276131,CHN,ME_GOLD,ATH,Athletics,M.110MHURD----------.----,Men's 110m Hurdles,A,CHEN Yuanjiang,4276131,2026-09-27,M,[],田径,2026-09-27,official_medal_record
CHN|ATH|M.4X100M------------.----|ME_GOLD|ATHM4X100M-----CHN01,CHN,ME_GOLD,ATH,Athletics,M.4X100M------------.----,Men's 4 x 100m Relay,T,People's Republic of China,ATHM4X100M-----CHN01,2026-09-28,M,"[{""Reg"": ""3390639"", ""Bib"": ""253"", ""Org"": ""CHN"", ""OrgDesc"": ""China"", ""Name"": ""ZENG Keli"", ""Order"": 0, ""BirthDate"": ""2006-09-28""}, {""Reg"": ""3393065"", ""Bib"": ""1008"", ""Org"": ""CHN"", ""OrgDesc"": ""China"", ""Name"": ""CHEN Jinfeng"", ""Order"": 0, ""BirthDate"": ""2004-08-08""}, {""Reg"": ""3390969"", ""Bib"": ""242"", ""Org"": ""CHN"", ""OrgDesc"": ""China"", ""Name"": ""SHI Junhao"", ""Order"": 0, ""BirthDate"": ""2005-10-27""}, {""Reg"": ""3389934"", ""Bib"": ""1012"", ""Org"": ""CHN"", ""OrgDesc"": ""China"", ""Name"": ""WANG Shengjie"", ""Order"": 0, ""BirthDate"": ""2000-03-31""}, {""Reg"": ""R000103"", ""Bib"": """", ""Org"": ""CHN"", ""OrgDesc"": ""China"", ""Name"": ""XIE Zhenye"", ""Order"": 0, ""BirthDate"": """"}, {""Reg"": ""3389574"", ""Bib"": ""814"", ""Org"": ""CHN"", ""OrgDesc"": ""China"", ""Name"": ""XIE Zhenye"", ""Order"": 0, ""BirthDate"": ""1993-08-17""}]",田径,2026-09-28,official_medal_record
CHN|ATH|M.DISCUS------------.----|ME_GOLD|14743053,CHN,ME_GOLD,ATH,Athletics,M.DISCUS------------.----,Men's Discus Throw,A,TUERGONG Abuduaini,14743053,2026-09-24,M,[],田径,2026-09-24,official_medal_record
CHN|ATH|M.LONGJUMP----------.----|ME_GOLD|12305310,CHN,ME_GOLD,ATH,Athletics,M.LONGJUMP----------.----,Men's Long Jump,A,SHI Yuhao,12305310,2026-09-28,M,[],田径,2026-09-28,official_medal_record
CHN|ATH|M.TRPLJUMP----------.----|ME_GOLD|12307273,CHN,ME_GOLD,ATH,Athletics,M.TRPLJUMP----------.----,Men's Triple Jump,A,SU Wen,12307273,2026-09-26,M,[],田径,2026-09-26,official_medal_record
CHN|ATH|M.WALKHM------------.----|ME_GOLD|12231064,CHN,ME_GOLD,ATH,Athletics,M.WALKHM------------.----,Men's Half Marathon Race Walk,A,SHI Shengji,12231064,2026-09-23,M,[],田径,2026-09-23,official_medal_record
CHN|ATH|W.100M--------------.----|ME_GOLD|4278270,CHN,ME_GOLD,ATH,Athletics,W.100M--------------.----,Women's 100m,A,CHEN Yujie,4278270,2026-09-25,W,[],田径,2026-09-25,official_medal_record
CHN|ATH|W.4X100M------------.----|ME_GOLD|ATHW4X100M-----CHN01,CHN,ME_GOLD,ATH,Athletics,W.4X100M------------.----,Women's 4 x 100m Relay,T,People's Republic of China,ATHW4X100M-----CHN01,2026-09-28,W,"[{""Reg"": ""4278270"", ""Bib"": ""254"", ""Org"": ""CHN"", ""OrgDesc"": ""China"", ""Name"": ""CHEN Yujie"", ""Order"": 0, ""BirthDate"": ""2008-12-29""}, {""Reg"": ""4278847"", ""Bib"": ""263"", ""Org"": ""CHN"", ""OrgDesc"": ""China"", ""Name"": ""LIANG Xiaojing"", ""Order"": 1, ""BirthDate"": ""1997-04-07""}, {""Reg"": ""4280731"", ""Bib"": ""1018"", ""Org"": ""CHN"", ""OrgDesc"": ""China"", ""Name"": ""LIU Guoyi"", ""Order"": 2, ""BirthDate"": ""2004-04-19""}, {""Reg"": ""4279934"", ""Bib"": ""1019"", ""Org"": ""CHN"", ""OrgDesc"": ""China"", ""Name"": ""LIU Xiajun"", ""Order"": 3, ""BirthDate"": ""2005-07-16""}, {""Reg"": ""4280118"", ""Bib"": ""275"", ""Org"": ""CHN"", ""OrgDesc"": ""China"", ""Name"": ""ZHU Junying"", ""Order"": 4, ""BirthDate"": ""2004-09-09""}]",田径,2026-09-28,official_medal_record
CHN|ATH|W.800M--------------.----|ME_GOLD|3646098,CHN,ME_GOLD,ATH,Athletics,W.800M--------------.----,Women's 800m,A,WU Hongjiao,3646098,2026-09-29,W,[],田径,2026-09-29,official_medal_record
CHN|ATH|W.DISCUS------------.----|ME_GOLD|14736889,CHN,ME_GOLD,ATH,Athletics,W.DISCUS------------.----,Women's Discus Throw,A,FENG Bin,14736889,2026-09-28,W,[],田径,2026-09-28,official_medal_record
CHN|ATH|W.HAMMER------------.----|ME_GOLD|14738604,CHN,ME_GOLD,ATH,Athletics,W.HAMMER------------.----,Women's Hammer Throw,A,ZHANG Jiale,14738604,2026-09-29,W,[],田径,2026-09-29,official_medal_record
CHN|ATH|W.JAVELIN-----------.----|ME_GOLD|14739988,CHN,ME_GOLD,ATH,Athletics,W.JAVELIN-----------.----,Women's Javelin Throw,A,YAN Ziyi,14739988,2026-09-27,W,[],田径,2026-09-27,official_medal_record
CHN|ATH|W.LONGJUMP----------.----|ME_GOLD|12313678,CHN,ME_GOLD,ATH,Athletics,W.LONGJUMP----------.----,Women's Long Jump,A,HUANG Yingying,12313678,2026-09-27,W,[],田径,2026-09-27,official_medal_record
CHN|ATH|W.SHOTPUT-----------.----|ME_GOLD|14735634,CHN,ME_GOLD,ATH,Athletics,W.SHOTPUT-----------.----,Women's Shot Put,A,SONG Jiayuan,14735634,2026-09-25,W,[],田径,2026-09-25,official_medal_record
CHN|ATH|W.WALKHM------------.----|ME_GOLD|12235032,CHN,ME_GOLD,ATH,Athletics,W.WALKHM------------.----,Women's Half Marathon Race Walk,A,YANG Liujing,12235032,2026-09-23,W,[],田径,2026-09-23,official_medal_record
CHN|ATH|W.WALKM-------------.----|ME_GOLD|12235435,CHN,ME_GOLD,ATH,Athletics,W.WALKM-------------.----,Women's Marathon Race Walk,A,DANZENGQUZONG,12235435,2026-09-27,W,[],田径,2026-09-27,official_medal_record
CHN|ATH|X.4X100M------------.----|ME_GOLD|ATHX4X100M-----CHN01,CHN,ME_GOLD,ATH,Athletics,X.4X100M------------.----,4 x 100m Relay Mixed,T,People's Republic of China,ATHX4X100M-----CHN01,2026-09-29,X,"[{""Reg"": ""3393065"", ""Bib"": ""1008"", ""Org"": ""CHN"", ""OrgDesc"": ""China"", ""Name"": ""CHEN Jinfeng"", ""Order"": 0, ""BirthDate"": ""2004-08-08""}, {""Reg"": ""4278270"", ""Bib"": ""254"", ""Org"": ""CHN"", ""OrgDesc"": ""China"", ""Name"": ""CHEN Yujie"", ""Order"": 0, ""BirthDate"": ""2008-12-29""}, {""Reg"": ""3396114"", ""Bib"": ""1013"", ""Org"": ""CHN"", ""OrgDesc"": ""China"", ""Name"": ""WU Haolin"", ""Order"": 1, ""BirthDate"": ""2006-10-25""}, {""Reg"": ""4280731"", ""Bib"": ""1018"", ""Org"": ""CHN"", ""OrgDesc"": ""China"", ""Name"": ""LIU Guoyi"", ""Order"": 2, ""BirthDate"": ""2004-04-19""}, {""Reg"": ""3390969"", ""Bib"": ""242"", ""Org"": ""CHN"", ""OrgDesc"": ""China"", ""Name"": ""SHI Junhao"", ""Order"": 3, ""BirthDate"": ""2005-10-27""}, {""Reg"": ""4280118"", ""Bib"": ""275"", ""Org"": ""CHN"", ""OrgDesc"": ""China"", ""Name"": ""ZHU Junying"", ""Order"": 4, ""BirthDate"": ""2004-09-09""}]",田径,2026-09-29,official_medal_record
CHN|ATH|M.200M--------------.----|ME_SILVER|3396634,CHN,ME_SILVER,ATH,Athletics,M.200M--------------.----,Men's 200m,A,HUANG Youwen,3396634,2026-09-27,M,[],田径,2026-09-27,official_medal_record
CHN|ATH|M.DECATH------------.----|ME_SILVER|3656141,CHN,ME_SILVER,ATH,Athletics,M.DECATH------------.----,Men's Decathlon,A,CHEN Xinghua,3656141,2026-09-27,M,[],田径,2026-09-27,official_medal_record
CHN|ATH|M.DISCUS------------.----|ME_SILVER|14743318,CHN,ME_SILVER,ATH,Athletics,M.DISCUS------------.----,Men's Discus Throw,A,WU Nanjun,14743318,2026-09-24,M,[],田径,2026-09-24,official_medal_record
CHN|ATH|M.PLEVAULT----------.----|ME_SILVER|12308957,CHN,ME_SILVER,ATH,Athletics,M.PLEVAULT----------.----,Men's Pole Vault,A,YAO Jie,12308957,2026-09-29,M,[],田径,2026-09-29,official_medal_record
CHN|ATH|M.WALKM-------------.----|ME_SILVER|12233840,CHN,ME_SILVER,ATH,Athletics,M.WALKM-------------.----,Men's Marathon Race Walk,A,ZHOU Yingcheng,12233840,2026-09-27,M,[],田径,2026-09-27,official_medal_record
CHN|ATH|W.1500M-------------.----|ME_SILVER|3646298,CHN,ME_SILVER,ATH,Athletics,W.1500M-------------.----,Women's 1500m,A,LI Chunhui,3646298,2026-09-26,W,[],田径,2026-09-26,official_medal_record
CHN|ATH|W.200M--------------.----|ME_SILVER|4278270,CHN,ME_SILVER,ATH,Athletics,W.200M--------------.----,Women's 200m,A,CHEN Yujie,4278270,2026-09-27,W,[],田径,2026-09-27,official_medal_record
CHN|ATH|W.DISCUS------------.----|ME_SILVER|14737250,CHN,ME_SILVER,ATH,Athletics,W.DISCUS------------.----,Women's Discus Throw,A,JIANG Zhichao,14737250,2026-09-28,W,[],田径,2026-09-28,official_medal_record
CHN|ATH|W.HAMMER------------.----|ME_SILVER|14738387,CHN,ME_SILVER,ATH,Athletics,W.HAMMER------------.----,Women's Hammer Throw,A,ZHAO Jie,14738387,2026-09-29,W,[],田径,2026-09-29,official_medal_record
CHN|ATH|W.MARATHON----------.----|ME_SILVER|3653615,CHN,ME_SILVER,ATH,Athletics,W.MARATHON----------.----,Women's Marathon,A,CIRENCUOMU,3653615,2026-09-26,W,[],田径,2026-09-26,official_medal_record
CHN|ATH|W.PLEVAULT----------.----|ME_SILVER|3654524,CHN,ME_SILVER,ATH,Athletics,W.PLEVAULT----------.----,Women's Pole Vault,A,NIU Chunge,3654524,2026-09-25,W,[],田径,2026-09-25,official_medal_record
CHN|ATH|W.SHOTPUT-----------.----|ME_SILVER|14735356,CHN,ME_SILVER,ATH,Athletics,W.SHOTPUT-----------.----,Women's Shot Put,A,ZHANG Linru,14735356,2026-09-25,W,[],田径,2026-09-25,official_medal_record
CHN|ATH|W.TRPLJUMP----------.----|ME_SILVER|12313678,CHN,ME_SILVER,ATH,Athletics,W.TRPLJUMP----------.----,Women's Triple Jump,A,HUANG Yingying,12313678,2026-09-24,W,[],田径,2026-09-24,official_medal_record
CHN|ATH|W.WALKM-------------.----|ME_SILVER|12235956,CHN,ME_SILVER,ATH,Athletics,W.WALKM-------------.----,Women's Marathon Race Walk,A,MA Li,12235956,2026-09-27,W,[],田径,2026-09-27,official_medal_record
CHN|ATH|M.MARATHON----------.----|ME_BRONZE|3652136,CHN,ME_BRONZE,ATH,Athletics,M.MARATHON----------.----,Men's Marathon,A,FENG Peiyou,3652136,2026-09-26,M,[],田径,2026-09-26,official_medal_record
CHN|ATH|M.PLEVAULT----------.----|ME_BRONZE|12308457,CHN,ME_BRONZE,ATH,Athletics,M.PLEVAULT----------.----,Men's Pole Vault,A,LI Chenyang,12308457,2026-09-29,M,[],田径,2026-09-29,official_medal_record
CHN|ATH|M.TRPLJUMP----------.----|ME_BRONZE|12308195,CHN,ME_BRONZE,ATH,Athletics,M.TRPLJUMP----------.----,Men's Triple Jump,A,MA Yinglong,12308195,2026-09-26,M,[],田径,2026-09-26,official_medal_record
CHN|ATH|W.100MHURD----------.----|ME_BRONZE|4283924,CHN,ME_BRONZE,ATH,Athletics,W.100MHURD----------.----,Women's 100m Hurdles,A,WU Yanni,4283924,2026-09-27,W,[],田径,2026-09-27,official_medal_record
CHN|ATH|W.4X400M------------.----|ME_BRONZE|ATHW4X400M-----CHN01,CHN,ME_BRONZE,ATH,Athletics,W.4X400M------------.----,Women's 4 x 400m Relay,T,People's Republic of China,ATHW4X400M-----CHN01,2026-09-29,W,"[{""Reg"": ""4282585"", ""Bib"": ""1017"", ""Org"": ""CHN"", ""OrgDesc"": ""China"", ""Name"": ""JIANG Yutong"", ""Order"": 1, ""BirthDate"": ""2005-04-28""}, {""Reg"": ""4282895"", ""Bib"": ""260"", ""Org"": ""CHN"", ""OrgDesc"": ""China"", ""Name"": ""KONG Yingying"", ""Order"": 2, ""BirthDate"": ""2003-03-22""}, {""Reg"": ""4283002"", ""Bib"": ""1021"", ""Org"": ""CHN"", ""OrgDesc"": ""China"", ""Name"": ""ZHOU Li"", ""Order"": 3, ""BirthDate"": ""2003-02-12""}, {""Reg"": ""4282482"", ""Bib"": ""1022"", ""Org"": ""CHN"", ""OrgDesc"": ""China"", ""Name"": ""ZUO Siyu"", ""Order"": 4, ""BirthDate"": ""2001-08-16""}]",田径,2026-09-29,official_medal_record
CHN|ATH|W.LONGJUMP----------.----|ME_BRONZE|12311829,CHN,ME_BRONZE,ATH,Athletics,W.LONGJUMP----------.----,Women's Long Jump,A,TAN Mengyi,12311829,2026-09-27,W,[],田径,2026-09-27,official_medal_record
CHN|ATH|W.TRPLJUMP----------.----|ME_BRONZE|12312734,CHN,ME_BRONZE,ATH,Athletics,W.TRPLJUMP----------.----,Women's Triple Jump,A,LI Yi,12312734,2026-09-24,W,[],田径,2026-09-24,official_medal_record
CHN|ATH|W.WALKHM------------.----|ME_BRONZE|12234542,CHN,ME_BRONZE,ATH,Athletics,W.WALKHM------------.----,Women's Half Marathon Race Walk,A,JIANG Yunyan,12234542,2026-09-23,W,[],田径,2026-09-23,official_medal_record
CHN|BDM|W.TEAM--------------.----|ME_GOLD|BDMWTEAM-------CHN01,CHN,ME_GOLD,BDM,Badminton,W.TEAM--------------.----,Women's Team,T,People's Republic of China,BDMWTEAM-------CHN01,2026-09-24,W,"[{""Reg"": ""14644887"", ""Bib"": """", ""Org"": ""CHN"", ""OrgDesc"": ""China"", ""Name"": ""HUANG Dongping"", ""Order"": 1, ""BirthDate"": ""1995-01-20""}, {""Reg"": ""14649534"", ""Bib"": """", ""Org"": ""CHN"", ""OrgDesc"": ""China"", ""Name"": ""CHEN Yu Fei"", ""Order"": 2, ""BirthDate"": ""1998-03-01""}, {""Reg"": ""14649670"", ""Bib"": """", ""Org"": ""CHN"", ""OrgDesc"": ""China"", ""Name"": ""WANG Zhi Yi"", ""Order"": 3, ""BirthDate"": ""2000-04-29""}, {""Reg"": ""14649876"", ""Bib"": """", ""Org"": ""CHN"", ""OrgDesc"": ""China"", ""Name"": ""JIA Yi Fan"", ""Order"": 4, ""BirthDate"": ""1997-06-29""}, {""Reg"": ""14649979"", ""Bib"": """", ""Org"": ""CHN"", ""OrgDesc"": ""China"", ""Name"": ""LIU Sheng Shu"", ""Order"": 5, ""BirthDate"": ""2004-04-08""}, {""Reg"": ""14650185"", ""Bib"": """", ""Org"": ""CHN"", ""OrgDesc"": ""China"", ""Name"": ""TAN Ning"", ""Order"": 6, ""BirthDate"": ""2003-04-03""}, {""Reg"": ""14650288"", ""Bib"": """", ""Org"": ""CHN"", ""OrgDesc"": ""China"", ""Name"": ""ZHANG Shu Xian"", ""Order"": 7, ""BirthDate"": ""2000-01-02""}, {""Reg"": ""14650391"", ""Bib"": """", ""Org"": ""CHN"", ""OrgDesc"": ""China"", ""Name"": ""HAN Qianxi"", ""Order"": 8, ""BirthDate"": ""2002-01-29""}, {""Reg"": ""14650494"", ""Bib"": """", ""Org"": ""CHN"", ""OrgDesc"": ""China"", ""Name"": ""HAN Yue"", ""Order"": 9, ""BirthDate"": ""1999-11-18""}, {""Reg"": ""8151601"", ""Bib"": """", ""Org"": ""CHN"", ""OrgDesc"": ""China"", ""Name"": ""WEI Yaxin"", ""Order"": 10, ""BirthDate"": ""2000-04-18""}]",羽毛球,2026-09-24,official_medal_record
CHN|BDM|X.DOUBLES-----------.----|ME_GOLD|BDMXDOUBLES----CHN02,CHN,ME_GOLD,BDM,Badminton,X.DOUBLES-----------.----,Mixed Doubles,D,JIANG Zhen Bang / WEI Yaxin,BDMXDOUBLES----CHN02,2026-09-29,X,"[{""Reg"": ""14644101"", ""Bib"": """", ""Org"": ""CHN"", ""OrgDesc"": ""China"", ""Name"": ""JIANG Zhen Bang"", ""Order"": 1, ""BirthDate"": ""2001-05-28""}, {""Reg"": ""8151601"", ""Bib"": """", ""Org"": ""CHN"", ""OrgDesc"": ""China"", ""Name"": ""WEI Yaxin"", ""Order"": 2, ""BirthDate"": ""2000-04-18""}]",羽毛球,2026-09-29,official_medal_record
CHN|BDM|M.DOUBLES-----------.----|ME_SILVER|BDMMDOUBLES----CHN01,CHN,ME_SILVER,BDM,Badminton,M.DOUBLES-----------.----,Men's Doubles,D,LIANG Weikeng / WANG Chang,BDMMDOUBLES----CHN01,2026-09-29,M,"[{""Reg"": ""14647460"", ""Bib"": """", ""Org"": ""CHN"", ""OrgDesc"": ""China"", ""Name"": ""LIANG Weikeng"", ""Order"": 1, ""BirthDate"": ""2000-11-30""}, {""Reg"": ""14648693"", ""Bib"": """", ""Org"": ""CHN"", ""OrgDesc"": ""China"", ""Name"": ""WANG Chang"", ""Order"": 2, ""BirthDate"": ""2001-05-07""}]",羽毛球,2026-09-29,official_medal_record
CHN|BDM|M.TEAM--------------.----|ME_SILVER|BDMMTEAM-------CHN01,CHN,ME_SILVER,BDM,Badminton,M.TEAM--------------.----,Men's Team,T,People's Republic of China,BDMMTEAM-------CHN01,2026-09-24,M,"[{""Reg"": ""14643547"", ""Bib"": """", ""Org"": ""CHN"", ""OrgDesc"": ""China"", ""Name"": ""FENG Yan Zhe"", ""Order"": 1, ""BirthDate"": ""2001-02-13""}, {""Reg"": ""14644101"", ""Bib"": """", ""Org"": ""CHN"", ""OrgDesc"": ""China"", ""Name"": ""JIANG Zhen Bang"", ""Order"": 2, ""BirthDate"": ""2001-05-28""}, {""Reg"": ""14645926"", ""Bib"": """", ""Org"": ""CHN"", ""OrgDesc"": ""China"", ""Name"": ""LI Shifeng"", ""Order"": 3, ""BirthDate"": ""2000-01-09""}, {""Reg"": ""14646224"", ""Bib"": """", ""Org"": ""CHN"", ""OrgDesc"": ""China"", ""Name"": ""SHI Yuqi"", ""Order"": 4, ""BirthDate"": ""1996-02-28""}, {""Reg"": ""14647225"", ""Bib"": """", ""Org"": ""CHN"", ""OrgDesc"": ""China"", ""Name"": ""HE Ji Ting"", ""Order"": 5, ""BirthDate"": ""1998-02-19""}, {""Reg"": ""14647460"", ""Bib"": """", ""Org"": ""CHN"", ""OrgDesc"": ""China"", ""Name"": ""LIANG Weikeng"", ""Order"": 6, ""BirthDate"": ""2000-11-30""}, {""Reg"": ""14647865"", ""Bib"": """", ""Org"": ""CHN"", ""OrgDesc"": ""China"", ""Name"": ""LIU Yi"", ""Order"": 7, ""BirthDate"": ""2003-07-07""}, {""Reg"": ""14648693"", ""Bib"": """", ""Org"": ""CHN"", ""OrgDesc"": ""China"", ""Name"": ""WANG Chang"", ""Order"": 8, ""BirthDate"": ""2001-05-07""}, {""Reg"": ""14648986"", ""Bib"": """", ""Org"": ""CHN"", ""OrgDesc"": ""China"", ""Name"": ""LU Guangzu"", ""Order"": 9, ""BirthDate"": ""1996-10-19""}, {""Reg"": ""14649276"", ""Bib"": """", ""Org"": ""CHN"", ""OrgDesc"": ""China"", ""Name"": ""WENG Hongyang"", ""Order"": 10, ""BirthDate"": ""1999-06-18""}]",羽毛球,2026-09-24,official_medal_record
CHN|BDM|W.DOUBLES-----------.----|ME_SILVER|BDMWDOUBLES----CHN01,CHN,ME_SILVER,BDM,Badminton,W.DOUBLES-----------.----,Women's Doubles,D,LIU Sheng Shu / TAN Ning,BDMWDOUBLES----CHN01,2026-09-29,W,"[{""Reg"": ""14649979"", ""Bib"": """", ""Org"": ""CHN"", ""OrgDesc"": ""China"", ""Name"": ""LIU Sheng Shu"", ""Order"": 1, ""BirthDate"": ""2004-04-08""}, {""Reg"": ""14650185"", ""Bib"": """", ""Org"": ""CHN"", ""OrgDesc"": ""China"", ""Name"": ""TAN Ning"", ""Order"": 2, ""BirthDate"": ""2003-04-03""}]",羽毛球,2026-09-29,official_medal_record
CHN|BDM|W.SINGLES-----------.----|ME_BRONZE|14649670,CHN,ME_BRONZE,BDM,Badminton,W.SINGLES-----------.----,Women's Singles,A,WANG Zhi Yi,14649670,2026-09-28,W,[],羽毛球,2026-09-28,official_medal_record
CHN|BDM|W.SINGLES-----------.----|ME_BRONZE|14649534,CHN,ME_BRONZE,BDM,Badminton,W.SINGLES-----------.----,Women's Singles,A,CHEN Yu Fei,14649534,2026-09-28,W,[],羽毛球,2026-09-28,official_medal_record
CHN|BDM|X.DOUBLES-----------.----|ME_BRONZE|BDMXDOUBLES----CHN01,CHN,ME_BRONZE,BDM,Badminton,X.DOUBLES-----------.----,Mixed Doubles,D,FENG Yan Zhe / HUANG Dongping,BDMXDOUBLES----CHN01,2026-09-28,X,"[{""Reg"": ""14643547"", ""Bib"": """", ""Org"": ""CHN"", ""OrgDesc"": ""China"", ""Name"": ""FENG Yan Zhe"", ""Order"": 1, ""BirthDate"": ""2001-02-13""}, {""Reg"": ""14644887"", ""Bib"": """", ""Org"": ""CHN"", ""OrgDesc"": ""China"", ""Name"": ""HUANG Dongping"", ""Order"": 2, ""BirthDate"": ""1995-01-20""}]",羽毛球,2026-09-28,official_medal_record
CHN|BKB|W.TEAM5-------------.----|ME_BRONZE|BKBWTEAM5------CHN01,CHN,ME_BRONZE,BKB,Basketball,W.TEAM5-------------.----,Women,T,People's Republic of China,BKBWTEAM5------CHN01,2026-09-26,W,"[{""Reg"": ""12711458"", ""Bib"": ""1"", ""Org"": ""CHN"", ""OrgDesc"": ""China"", ""Name"": ""ZHANG Manman"", ""Order"": 1, ""BirthDate"": ""1997-01-08""}, {""Reg"": ""12747306"", ""Bib"": ""5"", ""Org"": ""CHN"", ""OrgDesc"": ""China"", ""Name"": ""WANG Siyu"", ""Order"": 2, ""BirthDate"": ""1995-10-16""}, {""Reg"": ""12711021"", ""Bib"": ""6"", ""Org"": ""CHN"", ""OrgDesc"": ""China"", ""Name"": ""YANG Shuyu"", ""Order"": 3, ""BirthDate"": ""2002-03-06""}, {""Reg"": ""12708310"", ""Bib"": ""7"", ""Org"": ""CHN"", ""OrgDesc"": ""China"", ""Name"": ""DENG Yuting"", ""Order"": 4, ""BirthDate"": ""2005-06-01""}, {""Reg"": ""12746866"", ""Bib"": ""9"", ""Org"": ""CHN"", ""OrgDesc"": ""China"", ""Name"": ""TANG Ziting"", ""Order"": 5, ""BirthDate"": ""2000-06-14""}, {""Reg"": ""12709663"", ""Bib"": ""11"", ""Org"": ""CHN"", ""OrgDesc"": ""China"", ""Name"": ""LUO Xinyu"", ""Order"": 6, ""BirthDate"": ""2001-11-22""}, {""Reg"": ""12707772"", ""Bib"": ""12"", ""Org"": ""CHN"", ""OrgDesc"": ""China"", ""Name"": ""CHEN Yujie"", ""Order"": 7, ""BirthDate"": ""2000-06-23""}, {""Reg"": ""12707249"", ""Bib"": ""18"", ""Org"": ""CHN"", ""OrgDesc"": ""China"", ""Name"": ""CHEN Mingling"", ""Order"": 8, ""BirthDate"": ""2000-07-25""}, {""Reg"": ""12712524"", ""Bib"": ""19"", ""Org"": ""CHN"", ""OrgDesc"": ""China"", ""Name"": ""ZHANG Ziyu"", ""Order"": 9, ""BirthDate"": ""2007-05-02""}, {""Reg"": ""12710185"", ""Bib"": ""20"", ""Org"": ""CHN"", ""OrgDesc"": ""China"", ""Name"": ""SUN Yu"", ""Order"": 10, ""BirthDate"": ""2004-02-11""}, {""Reg"": ""12746627"", ""Bib"": ""23"", ""Org"": ""CHN"", ""OrgDesc"": ""China"", ""Name"": ""LIU Yutong"", ""Order"": 11, ""BirthDate"": ""2001-02-05""}, {""Reg"": ""12708683"", ""Bib"": ""31"", ""Org"": ""CHN"", ""OrgDesc"": ""China"", ""Name"": ""JIA Saiqi"", ""Order"": 12, ""BirthDate"": ""1998-12-30""}]",篮球,2026-09-26,official_medal_record
CHN|BKG|W.INDIVID-----------.----|ME_GOLD|8296138,CHN,ME_GOLD,BKG,Breaking,W.INDIVID-----------.----,B-Girls,A,Royal (GUO Pu),8296138,2026-10-03,W,[],霹雳舞,2026-10-03,official_medal_record
CHN|BKG|M.INDIVID-----------.----|ME_BRONZE|8296867,CHN,ME_BRONZE,BKG,Breaking,M.INDIVID-----------.----,B-Boys,A,Monkey Z (WANG Ruimiao),8296867,2026-10-03,M,[],霹雳舞,2026-10-03,official_medal_record
CHN|BKG|W.INDIVID-----------.----|ME_BRONZE|8295944,CHN,ME_BRONZE,BKG,Breaking,W.INDIVID-----------.----,B-Girls,A,671 (LIU Qingyi),8295944,2026-10-03,W,[],霹雳舞,2026-10-03,official_medal_record
CHN|BMF|W.INDVFRST----------.----|ME_GOLD|11975210,CHN,ME_GOLD,BMF,Cycling BMX Freestyle,W.INDVFRST----------.----,Women's Park,A,SUN Sibei,11975210,2026-09-27,W,[],自由式小轮车,2026-09-27,official_medal_record
CHN|BMF|M.INDVFRST----------.----|ME_BRONZE|11976116,CHN,ME_BRONZE,BMF,Cycling BMX Freestyle,M.INDVFRST----------.----,Men's Park,A,SHA Xiaolong,11976116,2026-09-27,M,[],自由式小轮车,2026-09-27,official_medal_record
CHN|BMF|W.INDVFRST----------.----|ME_BRONZE|11975315,CHN,ME_BRONZE,BMF,Cycling BMX Freestyle,W.INDVFRST----------.----,Women's Park,A,SUN Jiaqi,11975315,2026-09-27,W,[],自由式小轮车,2026-09-27,official_medal_record
CHN|BMX|W.INDVRACE----------.----|ME_SILVER|12076405,CHN,ME_SILVER,BMX,Cycling BMX Racing,W.INDVRACE----------.----,Women,A,LIAO Wanyi,12076405,2026-09-28,W,[],小轮车竞速,2026-09-28,official_medal_record
CHN|BMX|M.INDVRACE----------.----|ME_BRONZE|12075771,CHN,ME_BRONZE,BMX,Cycling BMX Racing,M.INDVRACE----------.----,Men,A,LIN Haochao,12075771,2026-09-28,M,[],小轮车竞速,2026-09-28,official_medal_record
CHN|BOX|W.51KG--------------.----|ME_GOLD|4354076,CHN,ME_GOLD,BOX,Boxing,W.51KG--------------.----,Women's 51kg,A,WU Yu,4354076,2026-10-02,W,[],拳击,2026-10-02,official_medal_record
CHN|BOX|M.90KG--------------.----|ME_SILVER|4368373,CHN,ME_SILVER,BOX,Boxing,M.90KG--------------.----,Men's 90kg,A,HAN Xuezhen,4368373,2026-10-02,M,[],拳击,2026-10-02,official_medal_record
CHN|BOX|W.60KG--------------.----|ME_SILVER|4354916,CHN,ME_SILVER,BOX,Boxing,W.60KG--------------.----,Women's 60kg,A,YANG Chengyu,4354916,2026-10-02,W,[],拳击,2026-10-02,official_medal_record
CHN|BOX|W.75KG--------------.----|ME_SILVER|4356307,CHN,ME_SILVER,BOX,Boxing,W.75KG--------------.----,Women's 75kg,A,BAO Ziyi,4356307,2026-10-02,W,[],拳击,2026-10-02,official_medal_record
CHN|BOX|W.54KG--------------.----|ME_BRONZE|4354467,CHN,ME_BRONZE,BOX,Boxing,W.54KG--------------.----,Women's 54kg,A,ZHAO Xuan,4354467,2026-09-29,W,[],拳击,2026-09-29,official_medal_record
CHN|BOX|W.65KG--------------.----|ME_BRONZE|4355646,CHN,ME_BRONZE,BOX,Boxing,W.65KG--------------.----,Women's 65kg,A,LI Shu,4355646,2026-09-29,W,[],拳击,2026-09-29,official_medal_record
CHN|CLB|M.SPEED4------------.FNL-|ME_GOLD|7632008,CHN,ME_GOLD,CLB,Sport Climbing,M.SPEED4------------.FNL-,Men's Speed 4 Final,A,CHU Shouhong,7632008,2026-10-01,M,[],运动攀岩,2026-10-01,official_medal_record
CHN|CLB|W.BOULDER-----------.FNL-|ME_GOLD|7630347,CHN,ME_GOLD,CLB,Sport Climbing,W.BOULDER-----------.FNL-,Women's Boulder Final,A,ZHANG Yuetong,7630347,2026-10-01,W,[],运动攀岩,2026-10-01,official_medal_record
CHN|CLB|W.SPEED4------------.FNL-|ME_SILVER|7631195,CHN,ME_SILVER,CLB,Sport Climbing,W.SPEED4------------.FNL-,Women's Speed 4 Final,A,DENG Lijuan,7631195,2026-09-30,W,[],运动攀岩,2026-09-30,official_medal_record
CHN|CLB|W.LEAD--------------.FNL-|ME_BRONZE|7630347,CHN,ME_BRONZE,CLB,Sport Climbing,W.LEAD--------------.FNL-,Women's Lead Final,A,ZHANG Yuetong,7630347,2026-10-03,W,[],运动攀岩,2026-10-03,official_medal_record
CHN|CRD|W.RR----------------.----|ME_GOLD|12091019,CHN,ME_GOLD,CRD,Cycling Road,W.RR----------------.----,Women's Road Race,A,GUO Li,12091019,2026-09-22,W,[],公路自行车,2026-09-22,official_medal_record
CHN|CRD|W.TT----------------.----|ME_SILVER|12090510,CHN,ME_SILVER,CRD,Cycling Road,W.TT----------------.----,Women's Individual Time Trial,A,ZHANG Hao,12090510,2026-09-20,W,[],公路自行车,2026-09-20,official_medal_record
CHN|CSL|M.C1----------------.----|ME_GOLD|740789,CHN,ME_GOLD,CSL,Canoe Slalom,M.C1----------------.----,Men's Canoe Single,A,ZHANG Zhicheng,740789,2026-10-02,M,[],皮划艇激流回旋,2026-10-02,official_medal_record
CHN|CSL|M.K1----------------.----|ME_GOLD|742897,CHN,ME_GOLD,CSL,Canoe Slalom,M.K1----------------.----,Men's Kayak Single,A,HU Zhaoshan,742897,2026-10-02,M,[],皮划艇激流回旋,2026-10-02,official_medal_record
CHN|CSL|W.C1----------------.----|ME_GOLD|742046,CHN,ME_GOLD,CSL,Canoe Slalom,W.C1----------------.----,Women's Canoe Single,A,HUANG Juan,742046,2026-10-02,W,[],皮划艇激流回旋,2026-10-02,official_medal_record
CHN|CSL|W.X1----------------.----|ME_GOLD|741549,CHN,ME_GOLD,CSL,Canoe Slalom,W.X1----------------.----,Women's Kayak Cross,A,CHEN Lin,741549,2026-10-02,W,[],皮划艇激流回旋,2026-10-02,official_medal_record
CHN|CSL|M.X1----------------.----|ME_SILVER|740528,CHN,ME_SILVER,CSL,Canoe Slalom,M.X1----------------.----,Men's Kayak Cross,A,QUAN Xin,740528,2026-10-02,M,[],皮划艇激流回旋,2026-10-02,official_medal_record
CHN|CSL|W.K1----------------.----|ME_SILVER|741549,CHN,ME_SILVER,CSL,Canoe Slalom,W.K1----------------.----,Women's Kayak Single,A,CHEN Lin,741549,2026-10-02,W,[],皮划艇激流回旋,2026-10-02,official_medal_record
CHN|CSL|M.X1----------------.----|ME_BRONZE|742897,CHN,ME_BRONZE,CSL,Canoe Slalom,M.X1----------------.----,Men's Kayak Cross,A,HU Zhaoshan,742897,2026-10-02,M,[],皮划艇激流回旋,2026-10-02,official_medal_record
CHN|CSL|W.X1----------------.----|ME_BRONZE|742512,CHN,ME_BRONZE,CSL,Canoe Slalom,W.X1----------------.----,Women's Kayak Cross,A,XU Linxi,742512,2026-10-02,W,[],皮划艇激流回旋,2026-10-02,official_medal_record
CHN|CSP|M.C1-500M-----------.FNL-|ME_GOLD|4705499,CHN,ME_GOLD,CSP,Canoe Sprint,M.C1-500M-----------.FNL-,Men's Canoe Single 500m Final,A,JI Bowen,4705499,2026-09-25,M,[],皮划艇静水,2026-09-25,official_medal_record
CHN|CSP|M.C2-500M-----------.FNL-|ME_GOLD|CSPMC2-500M----CHN01,CHN,ME_GOLD,CSP,Canoe Sprint,M.C2-500M-----------.FNL-,Men's Canoe Double 500m Final,D,WU Shengyue / JI Bowen,CSPMC2-500M----CHN01,2026-09-24,M,"[{""Reg"": ""4702715"", ""Bib"": """", ""Org"": ""CHN"", ""OrgDesc"": ""China"", ""Name"": ""WU Shengyue"", ""Order"": 1, ""BirthDate"": ""2005-12-23""}, {""Reg"": ""4705499"", ""Bib"": """", ""Org"": ""CHN"", ""OrgDesc"": ""China"", ""Name"": ""JI Bowen"", ""Order"": 2, ""BirthDate"": ""2002-02-22""}]",皮划艇静水,2026-09-24,official_medal_record
CHN|CSP|W.C2-500M-----------.FNL-|ME_GOLD|CSPWC2-500M----CHN01,CHN,ME_GOLD,CSP,Canoe Sprint,W.C2-500M-----------.FNL-,Women's Canoe Double 500m Final,D,SUN Mengya / MA Yanan,CSPWC2-500M----CHN01,2026-09-25,W,"[{""Reg"": ""4709742"", ""Bib"": """", ""Org"": ""CHN"", ""OrgDesc"": ""China"", ""Name"": ""SUN Mengya"", ""Order"": 1, ""BirthDate"": ""2001-05-03""}, {""Reg"": ""4709549"", ""Bib"": """", ""Org"": ""CHN"", ""OrgDesc"": ""China"", ""Name"": ""MA Yanan"", ""Order"": 2, ""BirthDate"": ""1999-01-15""}]",皮划艇静水,2026-09-25,official_medal_record
CHN|CSP|W.K1-500M-----------.FNL-|ME_GOLD|4708758,CHN,ME_GOLD,CSP,Canoe Sprint,W.K1-500M-----------.FNL-,Women's Kayak Single 500m Final,A,WANG Nan,4708758,2026-09-26,W,[],皮划艇静水,2026-09-26,official_medal_record
CHN|CSP|W.K2-500M-----------.FNL-|ME_GOLD|CSPWK2-500M----CHN01,CHN,ME_GOLD,CSP,Canoe Sprint,W.K2-500M-----------.FNL-,Women's Kayak Double 500m Final,D,YU Shimeng / YIN Mengdie,CSPWK2-500M----CHN01,2026-09-24,W,"[{""Reg"": ""4711124"", ""Bib"": """", ""Org"": ""CHN"", ""OrgDesc"": ""China"", ""Name"": ""YU Shimeng"", ""Order"": 1, ""BirthDate"": ""1999-10-15""}, {""Reg"": ""4710949"", ""Bib"": """", ""Org"": ""CHN"", ""OrgDesc"": ""China"", ""Name"": ""YIN Mengdie"", ""Order"": 2, ""BirthDate"": ""1997-11-17""}]",皮划艇静水,2026-09-24,official_medal_record
CHN|CSP|W.K4-500M-----------.FNL-|ME_GOLD|CSPWK4-500M----CHN01,CHN,ME_GOLD,CSP,Canoe Sprint,W.K4-500M-----------.FNL-,Women's Kayak Four 500m Final,T,People's Republic of China,CSPWK4-500M----CHN01,2026-09-25,W,"[{""Reg"": ""4711124"", ""Bib"": """", ""Org"": ""CHN"", ""OrgDesc"": ""China"", ""Name"": ""YU Shimeng"", ""Order"": 1, ""BirthDate"": ""1999-10-15""}, {""Reg"": ""4710949"", ""Bib"": """", ""Org"": ""CHN"", ""OrgDesc"": ""China"", ""Name"": ""YIN Mengdie"", ""Order"": 2, ""BirthDate"": ""1997-11-17""}, {""Reg"": ""4708758"", ""Bib"": """", ""Org"": ""CHN"", ""OrgDesc"": ""China"", ""Name"": ""WANG Nan"", ""Order"": 3, ""BirthDate"": ""2000-09-25""}, {""Reg"": ""4708576"", ""Bib"": """", ""Org"": ""CHN"", ""OrgDesc"": ""China"", ""Name"": ""SHEN Siyu"", ""Order"": 4, ""BirthDate"": ""2005-11-25""}]",皮划艇静水,2026-09-25,official_medal_record
CHN|CSP|X.C2-500M-----------.FNL-|ME_GOLD|CSPXC2-500M----CHN01,CHN,ME_GOLD,CSP,Canoe Sprint,X.C2-500M-----------.FNL-,Mixed Canoe Double 500m Final,D,WU Shengyue / MA Yanan,CSPXC2-500M----CHN01,2026-09-26,X,"[{""Reg"": ""4702715"", ""Bib"": """", ""Org"": ""CHN"", ""OrgDesc"": ""China"", ""Name"": ""WU Shengyue"", ""Order"": 1, ""BirthDate"": ""2005-12-23""}, {""Reg"": ""4709549"", ""Bib"": """", ""Org"": ""CHN"", ""OrgDesc"": ""China"", ""Name"": ""MA Yanan"", ""Order"": 2, ""BirthDate"": ""1999-01-15""}]",皮划艇静水,2026-09-26,official_medal_record
CHN|CSP|X.K2-500M-----------.FNL-|ME_GOLD|CSPXK2-500M----CHN01,CHN,ME_GOLD,CSP,Canoe Sprint,X.K2-500M-----------.FNL-,Mixed Kayak Double 500m Final,D,LI Chenhao / ZHANG Luxi,CSPXK2-500M----CHN01,2026-09-26,X,"[{""Reg"": ""4707274"", ""Bib"": """", ""Org"": ""CHN"", ""OrgDesc"": ""China"", ""Name"": ""LI Chenhao"", ""Order"": 1, ""BirthDate"": ""2005-06-06""}, {""Reg"": ""4708878"", ""Bib"": """", ""Org"": ""CHN"", ""OrgDesc"": ""China"", ""Name"": ""ZHANG Luxi"", ""Order"": 2, ""BirthDate"": ""2007-04-18""}]",皮划艇静水,2026-09-26,official_medal_record
CHN|CSP|M.K4-500M-----------.FNL-|ME_SILVER|CSPMK4-500M----CHN01,CHN,ME_SILVER,CSP,Canoe Sprint,M.K4-500M-----------.FNL-,Men's Kayak Four 500m Final,T,People's Republic of China,CSPMK4-500M----CHN01,2026-09-24,M,"[{""Reg"": ""4707469"", ""Bib"": """", ""Org"": ""CHN"", ""OrgDesc"": ""China"", ""Name"": ""LIANG Fengwei"", ""Order"": 1, ""BirthDate"": ""2000-10-21""}, {""Reg"": ""4703790"", ""Bib"": """", ""Org"": ""CHN"", ""OrgDesc"": ""China"", ""Name"": ""DING Shengkai"", ""Order"": 2, ""BirthDate"": ""2005-02-04""}, {""Reg"": ""4704966"", ""Bib"": """", ""Org"": ""CHN"", ""OrgDesc"": ""China"", ""Name"": ""CHEN Weiyang"", ""Order"": 3, ""BirthDate"": ""2003-05-19""}, {""Reg"": ""4706174"", ""Bib"": """", ""Org"": ""CHN"", ""OrgDesc"": ""China"", ""Name"": ""WANG Jinwei"", ""Order"": 4, ""BirthDate"": ""2006-09-14""}]",皮划艇静水,2026-09-24,official_medal_record
CHN|CSP|W.C1-200M-----------.FNL-|ME_SILVER|4708041,CHN,ME_SILVER,CSP,Canoe Sprint,W.C1-200M-----------.FNL-,Women's Canoe Single 200m Final,A,SHUAI Changwen,4708041,2026-09-24,W,[],皮划艇静水,2026-09-24,official_medal_record
CHN|CTR|M.PURTEAM4----------.----|ME_GOLD|CTRMPURTEAM4---CHN01,CHN,ME_GOLD,CTR,Cycling Track,M.PURTEAM4----------.----,Men's Team Pursuit,T,People's Republic of China,CTRMPURTEAM4---CHN01,2026-09-30,M,"[{""Reg"": ""8064699"", ""Bib"": ""54"", ""Org"": ""CHN"", ""OrgDesc"": ""China"", ""Name"": ""SUN Wentao"", ""Order"": 1, ""BirthDate"": ""2000-12-17""}, {""Reg"": ""8064814"", ""Bib"": ""56"", ""Org"": ""CHN"", ""OrgDesc"": ""China"", ""Name"": ""YANG Yang"", ""Order"": 2, ""BirthDate"": ""2000-12-13""}, {""Reg"": ""8065046"", ""Bib"": ""1"", ""Org"": ""CHN"", ""OrgDesc"": ""China"", ""Name"": ""WU Junjie"", ""Order"": 3, ""BirthDate"": ""2002-12-22""}, {""Reg"": ""8064580"", ""Bib"": ""52"", ""Org"": ""CHN"", ""OrgDesc"": ""China"", ""Name"": ""PEI Zhengyu"", ""Order"": 4, ""BirthDate"": ""2005-09-21""}, {""Reg"": ""8064918"", ""Bib"": ""53"", ""Org"": ""CHN"", ""OrgDesc"": ""China"", ""Name"": ""SUN Haijiao"", ""Order"": 5, ""BirthDate"": ""2001-02-12""}]",场地自行车,2026-09-30,official_medal_record
CHN|CTR|M.SPRTEAM3----------.----|ME_GOLD|CTRMSPRTEAM3---CHN01,CHN,ME_GOLD,CTR,Cycling Track,M.SPRTEAM3----------.----,Men's Team Sprint,T,People's Republic of China,CTRMSPRTEAM3---CHN01,2026-09-29,M,"[{""Reg"": ""8062198"", ""Bib"": ""49"", ""Org"": ""CHN"", ""OrgDesc"": ""China"", ""Name"": ""JIN Zhiheng"", ""Order"": 1, ""BirthDate"": ""2004-02-26""}, {""Reg"": ""8063199"", ""Bib"": ""51"", ""Org"": ""CHN"", ""OrgDesc"": ""China"", ""Name"": ""LIU Qi"", ""Order"": 2, ""BirthDate"": ""2000-11-29""}, {""Reg"": ""8062422"", ""Bib"": ""55"", ""Org"": ""CHN"", ""OrgDesc"": ""China"", ""Name"": ""XIE Han"", ""Order"": 3, ""BirthDate"": ""2005-11-08""}, {""Reg"": ""8062318"", ""Bib"": ""50"", ""Org"": ""CHN"", ""OrgDesc"": ""China"", ""Name"": ""LI Zhiwei"", ""Order"": 4, ""BirthDate"": ""2004-01-28""}]",场地自行车,2026-09-29,official_medal_record
CHN|CTR|W.KEIRIN------------.----|ME_GOLD|8061610,CHN,ME_GOLD,CTR,Cycling Track,W.KEIRIN------------.----,Women's Keirin,A,YUAN Liying,8061610,2026-09-30,W,[],场地自行车,2026-09-30,official_medal_record
CHN|CTR|W.PURTEAM4----------.----|ME_GOLD|CTRWPURTEAM4---CHN01,CHN,ME_GOLD,CTR,Cycling Track,W.PURTEAM4----------.----,Women's Team Pursuit,T,People's Republic of China,CTRWPURTEAM4---CHN01,2026-09-30,W,"[{""Reg"": ""8063731"", ""Bib"": ""41"", ""Org"": ""CHN"", ""OrgDesc"": ""China"", ""Name"": ""GONG Xianbing"", ""Order"": 1, ""BirthDate"": ""2000-02-22""}, {""Reg"": ""8064266"", ""Bib"": ""22"", ""Org"": ""CHN"", ""OrgDesc"": ""China"", ""Name"": ""CHEN Ning"", ""Order"": 2, ""BirthDate"": ""2002-02-18""}, {""Reg"": ""8063835"", ""Bib"": ""45"", ""Org"": ""CHN"", ""OrgDesc"": ""China"", ""Name"": ""WANG Xiaoyue"", ""Order"": 3, ""BirthDate"": ""2001-03-25""}, {""Reg"": ""8063964"", ""Bib"": ""46"", ""Org"": ""CHN"", ""OrgDesc"": ""China"", ""Name"": ""WEI Suwan"", ""Order"": 4, ""BirthDate"": ""2003-07-18""}, {""Reg"": ""8064372"", ""Bib"": ""47"", ""Org"": ""CHN"", ""OrgDesc"": ""China"", ""Name"": ""YUAN Haidi"", ""Order"": 5, ""BirthDate"": ""2002-06-21""}]",场地自行车,2026-09-30,official_medal_record
CHN|CTR|W.SPRINT------------.----|ME_GOLD|8061610,CHN,ME_GOLD,CTR,Cycling Track,W.SPRINT------------.----,Women's Sprint,A,YUAN Liying,8061610,2026-10-02,W,[],场地自行车,2026-10-02,official_medal_record
CHN|CTR|W.SPRTEAM3----------.----|ME_GOLD|CTRWSPRTEAM3---CHN01,CHN,ME_GOLD,CTR,Cycling Track,W.SPRTEAM3----------.----,Women's Team Sprint,T,People's Republic of China,CTRWSPRTEAM3---CHN01,2026-09-29,W,"[{""Reg"": ""8061828"", ""Bib"": ""43"", ""Org"": ""CHN"", ""OrgDesc"": ""China"", ""Name"": ""LUO Xuehuang"", ""Order"": 1, ""BirthDate"": ""2005-09-29""}, {""Reg"": ""8063489"", ""Bib"": ""42"", ""Org"": ""CHN"", ""OrgDesc"": ""China"", ""Name"": ""JIANG Yulu"", ""Order"": 2, ""BirthDate"": ""2004-01-27""}, {""Reg"": ""8061714"", ""Bib"": ""44"", ""Org"": ""CHN"", ""OrgDesc"": ""China"", ""Name"": ""WANG Lijuan"", ""Order"": 3, ""BirthDate"": ""2003-04-17""}, {""Reg"": ""8061610"", ""Bib"": ""48"", ""Org"": ""CHN"", ""OrgDesc"": ""China"", ""Name"": ""YUAN Liying"", ""Order"": 4, ""BirthDate"": ""2005-04-13""}]",场地自行车,2026-09-29,official_medal_record
CHN|CTR|M.KEIRIN------------.----|ME_SILVER|8062318,CHN,ME_SILVER,CTR,Cycling Track,M.KEIRIN------------.----,Men's Keirin,A,LI Zhiwei,8062318,2026-10-02,M,[],场地自行车,2026-10-02,official_medal_record
CHN|CTR|M.MADISON-----------.----|ME_SILVER|CTRMMADISON----CHN01,CHN,ME_SILVER,CTR,Cycling Track,M.MADISON-----------.----,Men's Madison,T,People's Republic of China,CTRMMADISON----CHN01,2026-10-02,M,"[{""Reg"": ""8064918"", ""Bib"": ""53"", ""Org"": ""CHN"", ""OrgDesc"": ""China"", ""Name"": ""SUN Haijiao"", ""Order"": 1, ""BirthDate"": ""2001-02-12""}, {""Reg"": ""8065046"", ""Bib"": ""1"", ""Org"": ""CHN"", ""OrgDesc"": ""China"", ""Name"": ""WU Junjie"", ""Order"": 2, ""BirthDate"": ""2002-12-22""}, {""Reg"": ""8064814"", ""Bib"": ""56"", ""Org"": ""CHN"", ""OrgDesc"": ""China"", ""Name"": ""YANG Yang"", ""Order"": 3, ""BirthDate"": ""2000-12-13""}]",场地自行车,2026-10-02,official_medal_record
CHN|CTR|M.SPRINT------------.----|ME_SILVER|8062318,CHN,ME_SILVER,CTR,Cycling Track,M.SPRINT------------.----,Men's Sprint,A,LI Zhiwei,8062318,2026-10-01,M,[],场地自行车,2026-10-01,official_medal_record
CHN|CTR|W.KEIRIN------------.----|ME_SILVER|8061714,CHN,ME_SILVER,CTR,Cycling Track,W.KEIRIN------------.----,Women's Keirin,A,WANG Lijuan,8061714,2026-09-30,W,[],场地自行车,2026-09-30,official_medal_record
CHN|CTR|M.KEIRIN------------.----|ME_BRONZE|8062422,CHN,ME_BRONZE,CTR,Cycling Track,M.KEIRIN------------.----,Men's Keirin,A,XIE Han,8062422,2026-10-02,M,[],场地自行车,2026-10-02,official_medal_record
CHN|CTR|M.OMNIUM------------.----|ME_BRONZE|8065046,CHN,ME_BRONZE,CTR,Cycling Track,M.OMNIUM------------.----,Men's Omnium,A,WU Junjie,8065046,2026-10-01,M,[],场地自行车,2026-10-01,official_medal_record
CHN|CTR|W.MADISON-----------.----|ME_BRONZE|CTRWMADISON----CHN01,CHN,ME_BRONZE,CTR,Cycling Track,W.MADISON-----------.----,Women's Madison,T,People's Republic of China,CTRWMADISON----CHN01,2026-10-01,W,"[{""Reg"": ""8063731"", ""Bib"": ""41"", ""Org"": ""CHN"", ""OrgDesc"": ""China"", ""Name"": ""GONG Xianbing"", ""Order"": 1, ""BirthDate"": ""2000-02-22""}, {""Reg"": ""8064266"", ""Bib"": ""22"", ""Org"": ""CHN"", ""OrgDesc"": ""China"", ""Name"": ""CHEN Ning"", ""Order"": 2, ""BirthDate"": ""2002-02-18""}, {""Reg"": ""8064372"", ""Bib"": ""47"", ""Org"": ""CHN"", ""OrgDesc"": ""China"", ""Name"": ""YUAN Haidi"", ""Order"": 3, ""BirthDate"": ""2002-06-21""}]",场地自行车,2026-10-01,official_medal_record
CHN|CTR|W.SPRINT------------.----|ME_BRONZE|8063489,CHN,ME_BRONZE,CTR,Cycling Track,W.SPRINT------------.----,Women's Sprint,A,JIANG Yulu,8063489,2026-10-02,W,[],场地自行车,2026-10-02,official_medal_record
CHN|DIV|M.10M---------------.----|ME_GOLD|8220979,CHN,ME_GOLD,DIV,Diving,M.10M---------------.----,Men's 10m Platform,A,LIAN Junjie,8220979,2026-09-30,M,[],跳水,2026-09-30,official_medal_record
CHN|DIV|M.10MTEAM2----------.----|ME_GOLD|DIVM10MTEAM2---CHN01,CHN,ME_GOLD,DIV,Diving,M.10MTEAM2----------.----,Men's Synchronised 10m Platform,D,YANG Hao / LIAN Junjie,DIVM10MTEAM2---CHN01,2026-09-27,M,"[{""Reg"": ""8220792"", ""Bib"": """", ""Org"": ""CHN"", ""OrgDesc"": ""China"", ""Name"": ""YANG Hao"", ""Order"": 1, ""BirthDate"": ""1998-02-03""}, {""Reg"": ""8220979"", ""Bib"": """", ""Org"": ""CHN"", ""OrgDesc"": ""China"", ""Name"": ""LIAN Junjie"", ""Order"": 2, ""BirthDate"": ""2000-11-03""}]",跳水,2026-09-27,official_medal_record
CHN|DIV|M.1M----------------.----|ME_GOLD|8219552,CHN,ME_GOLD,DIV,Diving,M.1M----------------.----,Men's 1m Springboard,A,WANG Zongyuan,8219552,2026-09-28,M,[],跳水,2026-09-28,official_medal_record
CHN|DIV|M.3M----------------.----|ME_GOLD|8219552,CHN,ME_GOLD,DIV,Diving,M.3M----------------.----,Men's 3m Springboard,A,WANG Zongyuan,8219552,2026-09-29,M,[],跳水,2026-09-29,official_medal_record
CHN|DIV|M.3MTEAM2-----------.----|ME_GOLD|DIVM3MTEAM2----CHN01,CHN,ME_GOLD,DIV,Diving,M.3MTEAM2-----------.----,Men's Synchronised 3m Springboard,D,WANG Zongyuan / ZHENG Jiuyuan,DIVM3MTEAM2----CHN01,2026-09-26,M,"[{""Reg"": ""8219552"", ""Bib"": """", ""Org"": ""CHN"", ""OrgDesc"": ""China"", ""Name"": ""WANG Zongyuan"", ""Order"": 1, ""BirthDate"": ""2001-10-24""}, {""Reg"": ""8219724"", ""Bib"": """", ""Org"": ""CHN"", ""OrgDesc"": ""China"", ""Name"": ""ZHENG Jiuyuan"", ""Order"": 2, ""BirthDate"": ""2004-04-13""}]",跳水,2026-09-26,official_medal_record
CHN|DIV|W.10M---------------.----|ME_GOLD|8222734,CHN,ME_GOLD,DIV,Diving,W.10M---------------.----,Women's 10m Platform,A,CHEN Yuxi,8222734,2026-09-29,W,[],跳水,2026-09-29,official_medal_record
CHN|DIV|W.10MTEAM2----------.----|ME_GOLD|DIVW10MTEAM2---CHN01,CHN,ME_GOLD,DIV,Diving,W.10MTEAM2----------.----,Women's Synchronised 10m Platform,D,CHEN Yuxi / LU Wei,DIVW10MTEAM2---CHN01,2026-09-26,W,"[{""Reg"": ""8222734"", ""Bib"": """", ""Org"": ""CHN"", ""OrgDesc"": ""China"", ""Name"": ""CHEN Yuxi"", ""Order"": 1, ""BirthDate"": ""2005-09-11""}, {""Reg"": ""8222838"", ""Bib"": """", ""Org"": ""CHN"", ""OrgDesc"": ""China"", ""Name"": ""LU Wei"", ""Order"": 2, ""BirthDate"": ""2005-12-10""}]",跳水,2026-09-26,official_medal_record
CHN|DIV|W.1M----------------.----|ME_GOLD|8221827,CHN,ME_GOLD,DIV,Diving,W.1M----------------.----,Women's 1m Springboard,A,LIN Shan,8221827,2026-09-28,W,[],跳水,2026-09-28,official_medal_record
CHN|DIV|W.3M----------------.----|ME_GOLD|8221709,CHN,ME_GOLD,DIV,Diving,W.3M----------------.----,Women's 3m Springboard,A,CHEN Yiwen,8221709,2026-09-30,W,[],跳水,2026-09-30,official_medal_record
CHN|DIV|W.3MTEAM2-----------.----|ME_GOLD|DIVW3MTEAM2----CHN01,CHN,ME_GOLD,DIV,Diving,W.3MTEAM2-----------.----,Women's Synchronised 3m Springboard,D,CHEN Yiwen / CHEN Jia,DIVW3MTEAM2----CHN01,2026-09-27,W,"[{""Reg"": ""8221709"", ""Bib"": """", ""Org"": ""CHN"", ""OrgDesc"": ""China"", ""Name"": ""CHEN Yiwen"", ""Order"": 1, ""BirthDate"": ""1999-06-15""}, {""Reg"": ""8221952"", ""Bib"": """", ""Org"": ""CHN"", ""OrgDesc"": ""China"", ""Name"": ""CHEN Jia"", ""Order"": 2, ""BirthDate"": ""2004-09-12""}]",跳水,2026-09-27,official_medal_record
CHN|DIV|M.3M----------------.----|ME_SILVER|8219724,CHN,ME_SILVER,DIV,Diving,M.3M----------------.----,Men's 3m Springboard,A,ZHENG Jiuyuan,8219724,2026-09-29,M,[],跳水,2026-09-29,official_medal_record
CHN|DIV|W.10M---------------.----|ME_SILVER|8222838,CHN,ME_SILVER,DIV,Diving,W.10M---------------.----,Women's 10m Platform,A,LU Wei,8222838,2026-09-29,W,[],跳水,2026-09-29,official_medal_record
CHN|DIV|W.1M----------------.----|ME_SILVER|8222526,CHN,ME_SILVER,DIV,Diving,W.1M----------------.----,Women's 1m Springboard,A,LONG Yiping,8222526,2026-09-28,W,[],跳水,2026-09-28,official_medal_record
CHN|DIV|W.3M----------------.----|ME_SILVER|8221952,CHN,ME_SILVER,DIV,Diving,W.3M----------------.----,Women's 3m Springboard,A,CHEN Jia,8221952,2026-09-30,W,[],跳水,2026-09-30,official_medal_record
CHN|DIV|M.10M---------------.----|ME_BRONZE|8221083,CHN,ME_BRONZE,DIV,Diving,M.10M---------------.----,Men's 10m Platform,A,ZHAO Renjie,8221083,2026-09-30,M,[],跳水,2026-09-30,official_medal_record
CHN|DIV|M.1M----------------.----|ME_BRONZE|8220077,CHN,ME_BRONZE,DIV,Diving,M.1M----------------.----,Men's 1m Springboard,A,LIU Chengzan,8220077,2026-09-28,M,[],跳水,2026-09-28,official_medal_record
CHN|ELS|O.HOK---------------.FNL-|ME_GOLD|ELSOHOK--------CHN01,CHN,ME_GOLD,ELS,Esports,O.HOK---------------.FNL-,Honor of Kings Finals,T,People's Republic of China,ELSOHOK--------CHN01,2026-09-28,O,"[{""Reg"": ""5551963"", ""Bib"": """", ""Org"": ""CHN"", ""OrgDesc"": ""China"", ""Name"": ""HUANG Yaoqin"", ""Order"": 1, ""BirthDate"": ""2003-10-29""}, {""Reg"": ""5552571"", ""Bib"": """", ""Org"": ""CHN"", ""OrgDesc"": ""China"", ""Name"": ""WANG Ke"", ""Order"": 2, ""BirthDate"": ""2004-09-28""}, {""Reg"": ""5552748"", ""Bib"": """", ""Org"": ""CHN"", ""OrgDesc"": ""China"", ""Name"": ""XU Bicheng"", ""Order"": 3, ""BirthDate"": ""2001-12-26""}, {""Reg"": ""5552912"", ""Bib"": """", ""Org"": ""CHN"", ""OrgDesc"": ""China"", ""Name"": ""MENG Jiajun"", ""Order"": 4, ""BirthDate"": ""2003-11-24""}, {""Reg"": ""5553299"", ""Bib"": """", ""Org"": ""CHN"", ""OrgDesc"": ""China"", ""Name"": ""ZHAO Haoyu"", ""Order"": 5, ""BirthDate"": ""2007-02-05""}, {""Reg"": ""5553458"", ""Bib"": """", ""Org"": ""CHN"", ""OrgDesc"": ""China"", ""Name"": ""HE Weijia"", ""Order"": 6, ""BirthDate"": ""2006-09-07""}]",电子竞技,2026-09-28,official_medal_record
CHN|ELS|O.IDV---------------.FNL-|ME_GOLD|ELSOIDV--------CHN01,CHN,ME_GOLD,ELS,Esports,O.IDV---------------.FNL-,Identity V - Asian Games Version Finals,T,People's Republic of China,ELSOIDV--------CHN01,2026-09-30,O,"[{""Reg"": ""6716206"", ""Bib"": """", ""Org"": ""CHN"", ""OrgDesc"": ""China"", ""Name"": ""LU Yahui"", ""Order"": 1, ""BirthDate"": ""2004-03-30""}, {""Reg"": ""6716381"", ""Bib"": """", ""Org"": ""CHN"", ""OrgDesc"": ""China"", ""Name"": ""FAN Siqi"", ""Order"": 2, ""BirthDate"": ""2005-02-08""}, {""Reg"": ""6716667"", ""Bib"": """", ""Org"": ""CHN"", ""OrgDesc"": ""China"", ""Name"": ""MU Xinyue"", ""Order"": 3, ""BirthDate"": ""2006-05-10""}, {""Reg"": ""6716820"", ""Bib"": """", ""Org"": ""CHN"", ""OrgDesc"": ""China"", ""Name"": ""CHEN Mingming"", ""Order"": 4, ""BirthDate"": ""2005-08-16""}, {""Reg"": ""6717016"", ""Bib"": """", ""Org"": ""CHN"", ""OrgDesc"": ""China"", ""Name"": ""SHI Xiangwei"", ""Order"": 5, ""BirthDate"": ""2006-09-13""}, {""Reg"": ""6717194"", ""Bib"": """", ""Org"": ""CHN"", ""OrgDesc"": ""China"", ""Name"": ""SUN Le"", ""Order"": 6, ""BirthDate"": ""2006-12-26""}, {""Reg"": ""6717645"", ""Bib"": """", ""Org"": ""CHN"", ""OrgDesc"": ""China"", ""Name"": ""LU Shujia"", ""Order"": 7, ""BirthDate"": ""2003-10-25""}]",电子竞技,2026-09-30,official_medal_record
CHN|ELS|O.NRK---------------.FNL-|ME_GOLD|ELSONRK--------CHN01,CHN,ME_GOLD,ELS,Esports,O.NRK---------------.FNL-,NARAKA : BLADEPOINT Finals,T,People's Republic of China,ELSONRK--------CHN01,2026-09-24,O,"[{""Reg"": ""6713917"", ""Bib"": """", ""Org"": ""CHN"", ""OrgDesc"": ""China"", ""Name"": ""XU Kunbin"", ""Order"": 1, ""BirthDate"": ""2000-08-28""}, {""Reg"": ""6714491"", ""Bib"": """", ""Org"": ""CHN"", ""OrgDesc"": ""China"", ""Name"": ""SUI Xiangyun"", ""Order"": 2, ""BirthDate"": ""2004-07-20""}, {""Reg"": ""6715011"", ""Bib"": """", ""Org"": ""CHN"", ""OrgDesc"": ""China"", ""Name"": ""WANG Tongrong"", ""Order"": 3, ""BirthDate"": ""2002-04-23""}, {""Reg"": ""6715272"", ""Bib"": """", ""Org"": ""CHN"", ""OrgDesc"": ""China"", ""Name"": ""TAN Xujie"", ""Order"": 4, ""BirthDate"": ""2002-01-17""}, {""Reg"": ""6715752"", ""Bib"": """", ""Org"": ""CHN"", ""OrgDesc"": ""China"", ""Name"": ""WANG Feng"", ""Order"": 5, ""BirthDate"": ""2000-04-26""}]",电子竞技,2026-09-24,official_medal_record
CHN|ELS|O.PUBGM-------------.FNL-|ME_SILVER|ELSOPUBGM------CHN01,CHN,ME_SILVER,ELS,Esports,O.PUBGM-------------.FNL-,PUBG MOBILE - Asian Games Version Finals,T,People's Republic of China,ELSOPUBGM------CHN01,2026-09-29,O,"[{""Reg"": ""5555473"", ""Bib"": """", ""Org"": ""CHN"", ""OrgDesc"": ""China"", ""Name"": ""HE Jianghong"", ""Order"": 1, ""BirthDate"": ""2007-11-21""}, {""Reg"": ""5555648"", ""Bib"": """", ""Org"": ""CHN"", ""OrgDesc"": ""China"", ""Name"": ""HE Ruibo"", ""Order"": 2, ""BirthDate"": ""2006-02-14""}, {""Reg"": ""5556026"", ""Bib"": """", ""Org"": ""CHN"", ""OrgDesc"": ""China"", ""Name"": ""CHEN Yumeng"", ""Order"": 3, ""BirthDate"": ""2003-09-12""}, {""Reg"": ""5556281"", ""Bib"": """", ""Org"": ""CHN"", ""OrgDesc"": ""China"", ""Name"": ""LIU Jinshan"", ""Order"": 4, ""BirthDate"": ""1998-09-15""}, {""Reg"": ""5556525"", ""Bib"": """", ""Org"": ""CHN"", ""OrgDesc"": ""China"", ""Name"": ""LI Haokui"", ""Order"": 5, ""BirthDate"": ""2004-10-03""}]",电子竞技,2026-09-29,official_medal_record
CHN|EQU|O.DRESTEAM----------.----|ME_GOLD|EQUODRESTEAM---CHN01,CHN,ME_GOLD,EQU,Equestrian,O.DRESTEAM----------.----,Dressage Team,T,People's Republic of China,EQUODRESTEAM---CHN01,2026-09-25,O,"[{""Reg"": ""395091"", ""Bib"": """", ""Org"": ""CHN"", ""OrgDesc"": ""China"", ""Name"": ""RAO Jiayi"", ""Order"": 1, ""BirthDate"": ""1998-02-18""}, {""Reg"": ""7914876"", ""Bib"": """", ""Org"": ""CHN"", ""OrgDesc"": ""China"", ""Name"": ""YU Jiayi"", ""Order"": 2, ""BirthDate"": ""2004-10-16""}, {""Reg"": ""7934547"", ""Bib"": """", ""Org"": ""CHN"", ""OrgDesc"": ""China"", ""Name"": ""GU Zhanzhao"", ""Order"": 3, ""BirthDate"": ""2008-05-09""}, {""Reg"": ""7937004"", ""Bib"": """", ""Org"": ""CHN"", ""OrgDesc"": ""China"", ""Name"": ""WU Yue"", ""Order"": 4, ""BirthDate"": ""2005-02-14""}]",马术,2026-09-25,official_medal_record
CHN|EQU|O.EVENINDV----------.----|ME_GOLD|3999266,CHN,ME_GOLD,EQU,Equestrian,O.EVENINDV----------.----,Eventing Individual,A,HUA Tian,3999266,2026-09-23,M,[],马术,2026-09-23,official_medal_record
CHN|EQU|O.DRESINDV----------.----|ME_SILVER|7914876,CHN,ME_SILVER,EQU,Equestrian,O.DRESINDV----------.----,Dressage Individual,A,YU Jiayi,7914876,2026-09-27,W,[],马术,2026-09-27,official_medal_record
CHN|EQU|O.DRESINDV----------.----|ME_BRONZE|395091,CHN,ME_BRONZE,EQU,Equestrian,O.DRESINDV----------.----,Dressage Individual,A,RAO Jiayi,395091,2026-09-27,W,[],马术,2026-09-27,official_medal_record
CHN|FBL|M.TEAM11------------.----|ME_BRONZE|FBLMTEAM11-----CHN01,CHN,ME_BRONZE,FBL,Football,M.TEAM11------------.----,Men,T,People's Republic of China,FBLMTEAM11-----CHN01,2026-10-03,M,"[{""Reg"": ""5325795"", ""Bib"": ""1"", ""Org"": ""CHN"", ""OrgDesc"": ""China"", ""Name"": ""YU Jinyong"", ""Order"": 1, ""BirthDate"": ""2004-07-06""}, {""Reg"": ""5327700"", ""Bib"": ""2"", ""Org"": ""CHN"", ""OrgDesc"": ""China"", ""Name"": ""HU Hetao"", ""Order"": 2, ""BirthDate"": ""2003-10-05""}, {""Reg"": ""5329296"", ""Bib"": ""3"", ""Org"": ""CHN"", ""OrgDesc"": ""China"", ""Name"": ""LIU Haofan"", ""Order"": 3, ""BirthDate"": ""2003-10-23""}, {""Reg"": ""5329509"", ""Bib"": ""4"", ""Org"": ""CHN"", ""OrgDesc"": ""China"", ""Name"": ""SHI Songchen"", ""Order"": 4, ""BirthDate"": ""2005-12-30""}, {""Reg"": ""5336437"", ""Bib"": ""5"", ""Org"": ""CHN"", ""OrgDesc"": ""China"", ""Name"": ""ZHU Chenjie"", ""Order"": 5, ""BirthDate"": ""2000-08-23""}, {""Reg"": ""5330964"", ""Bib"": ""6"", ""Org"": ""CHN"", ""OrgDesc"": ""China"", ""Name"": ""XU Bin"", ""Order"": 6, ""BirthDate"": ""2004-05-02""}, {""Reg"": ""5335729"", ""Bib"": ""7"", ""Org"": ""CHN"", ""OrgDesc"": ""China"", ""Name"": ""XIANG Yuwang"", ""Order"": 7, ""BirthDate"": ""2003-12-18""}, {""Reg"": ""5333153"", ""Bib"": ""8"", ""Org"": ""CHN"", ""OrgDesc"": ""China"", ""Name"": ""LI Xinxiang"", ""Order"": 8, ""BirthDate"": ""2005-11-30""}, {""Reg"": ""5338836"", ""Bib"": ""9"", ""Org"": ""CHN"", ""OrgDesc"": ""China"", ""Name"": ""ZHANG Yuning"", ""Order"": 9, ""BirthDate"": ""1997-01-05""}, {""Reg"": ""5334275"", ""Bib"": ""10"", ""Org"": ""CHN"", ""OrgDesc"": ""China"", ""Name"": ""WANG Yudong"", ""Order"": 10, ""BirthDate"": ""2006-11-23""}, {""Reg"": ""5332569"", ""Bib"": ""11"", ""Org"": ""CHN"", ""OrgDesc"": ""China"", ""Name"": ""KUAI Jiwen"", ""Order"": 11, ""BirthDate"": ""2006-02-28""}, {""Reg"": ""5326270"", ""Bib"": ""12"", ""Org"": ""CHN"", ""OrgDesc"": ""China"", ""Name"": ""YAO Haoyang"", ""Order"": 12, ""BirthDate"": ""2006-10-28""}, {""Reg"": ""5331708"", ""Bib"": ""13"", ""Org"": ""CHN"", ""OrgDesc"": ""China"", ""Name"": ""MUTALIFU Yimingkari"", ""Order"": 13, ""BirthDate"": ""2004-03-18""}, {""Reg"": ""5330097"", ""Bib"": ""14"", ""Org"": ""CHN"", ""OrgDesc"": ""China"", ""Name"": ""YIMULAN Maimaiti"", ""Order"": 14, ""BirthDate"": ""2005-05-03""}, {""Reg"": ""5337512"", ""Bib"": ""15"", ""Org"": ""CHN"", ""OrgDesc"": ""China"", ""Name"": ""WU Xi"", ""Order"": 15, ""BirthDate"": ""1989-02-19""}, {""Reg"": ""5325470"", ""Bib"": ""16"", ""Org"": ""CHN"", ""OrgDesc"": ""China"", ""Name"": ""LI Hao"", ""Order"": 16, ""BirthDate"": ""2004-03-06""}, {""Reg"": ""5328362"", ""Bib"": ""17"", ""Org"": ""CHN"", ""OrgDesc"": ""China"", ""Name"": ""HE Yiran"", ""Order"": 17, ""BirthDate"": ""2005-02-17""}, {""Reg"": ""5330796"", ""Bib"": ""18"", ""Org"": ""CHN"", ""OrgDesc"": ""China"", ""Name"": ""CHEN Zeshi"", ""Order"": 18, ""BirthDate"": ""2005-02-21""}, {""Reg"": ""5336029"", ""Bib"": ""19"", ""Org"": ""CHN"", ""OrgDesc"": ""China"", ""Name"": ""BAIHELAMU Abuduwaili"", ""Order"": 19, ""BirthDate"": ""2003-03-08""}, {""Reg"": ""5331879"", ""Bib"": ""20"", ""Org"": ""CHN"", ""OrgDesc"": ""China"", ""Name"": ""YANG Haoyu"", ""Order"": 20, ""BirthDate"": ""2006-05-25""}, {""Reg"": ""5328761"", ""Bib"": ""21"", ""Org"": ""CHN"", ""OrgDesc"": ""China"", ""Name"": ""PENG Xiao"", ""Order"": 21, ""BirthDate"": ""2005-07-28""}, {""Reg"": ""5332711"", ""Bib"": ""22"", ""Org"": ""CHN"", ""OrgDesc"": ""China"", ""Name"": ""MAO Weijie"", ""Order"": 22, ""BirthDate"": ""2005-05-28""}, {""Reg"": ""5327159"", ""Bib"": ""23"", ""Org"": ""CHN"", ""OrgDesc"": ""China"", ""Name"": ""YANG Xi"", ""Order"": 23, ""BirthDate"": ""2005-06-13""}]",足球,2026-10-03,official_medal_record
CHN|FEN|W.TEAMEPEE----------.----|ME_GOLD|FENWTEAMEPEE---CHN01,CHN,ME_GOLD,FEN,Fencing,W.TEAMEPEE----------.----,Women's Épée Team,T,People's Republic of China,FENWTEAMEPEE---CHN01,2026-09-25,W,"[{""Reg"": ""3978513"", ""Bib"": """", ""Org"": ""CHN"", ""OrgDesc"": ""China"", ""Name"": ""LIU Chang"", ""Order"": 1, ""BirthDate"": ""2001-05-15""}, {""Reg"": ""3979436"", ""Bib"": """", ""Org"": ""CHN"", ""OrgDesc"": ""China"", ""Name"": ""TANG Junyao"", ""Order"": 2, ""BirthDate"": ""2003-08-10""}, {""Reg"": ""3980212"", ""Bib"": """", ""Org"": ""CHN"", ""OrgDesc"": ""China"", ""Name"": ""YANG Jingwen"", ""Order"": 3, ""BirthDate"": ""2002-01-02""}, {""Reg"": ""3980700"", ""Bib"": """", ""Org"": ""CHN"", ""OrgDesc"": ""China"", ""Name"": ""YU Sihan"", ""Order"": 4, ""BirthDate"": ""2001-07-24""}]",击剑,2026-09-25,official_medal_record
CHN|FEN|M.SABRE-------------.----|ME_SILVER|3986396,CHN,ME_SILVER,FEN,Fencing,M.SABRE-------------.----,Men's Sabre Individual,A,SHEN Chenpeng,3986396,2026-09-23,M,[],击剑,2026-09-23,official_medal_record
CHN|FEN|M.TEAMFOIL----------.----|ME_BRONZE|FENMTEAMFOIL---CHN01,CHN,ME_BRONZE,FEN,Fencing,M.TEAMFOIL----------.----,Men's Foil Team,T,People's Republic of China,FENMTEAMFOIL---CHN01,2026-09-25,M,"[{""Reg"": ""2768711"", ""Bib"": """", ""Org"": ""CHN"", ""OrgDesc"": ""China"", ""Name"": ""LYU Weiqiao"", ""Order"": 1, ""BirthDate"": ""2007-01-04""}, {""Reg"": ""3977815"", ""Bib"": """", ""Org"": ""CHN"", ""OrgDesc"": ""China"", ""Name"": ""XU Jie"", ""Order"": 3, ""BirthDate"": ""2002-01-06""}, {""Reg"": ""3978009"", ""Bib"": """", ""Org"": ""CHN"", ""OrgDesc"": ""China"", ""Name"": ""ZENG Zhaoran"", ""Order"": 4, ""BirthDate"": ""2004-12-21""}]",击剑,2026-09-25,official_medal_record
CHN|FEN|W.EPEE--------------.----|ME_BRONZE|3980212,CHN,ME_BRONZE,FEN,Fencing,W.EPEE--------------.----,Women's Épée Individual,A,YANG Jingwen,3980212,2026-09-22,W,[],击剑,2026-09-22,official_medal_record
CHN|FEN|W.SABRE-------------.----|ME_BRONZE|3989276,CHN,ME_BRONZE,FEN,Fencing,W.SABRE-------------.----,Women's Sabre Individual,A,RAO Xueyi,3989276,2026-09-24,W,[],击剑,2026-09-24,official_medal_record
CHN|FEN|W.SABRE-------------.----|ME_BRONZE|3989096,CHN,ME_BRONZE,FEN,Fencing,W.SABRE-------------.----,Women's Sabre Individual,A,PAN Qimiao,3989096,2026-09-24,W,[],击剑,2026-09-24,official_medal_record
CHN|FEN|W.TEAMFOIL----------.----|ME_BRONZE|FENWTEAMFOIL---CHN01,CHN,ME_BRONZE,FEN,Fencing,W.TEAMFOIL----------.----,Women's Foil Team,T,People's Republic of China,FENWTEAMFOIL---CHN01,2026-09-26,W,"[{""Reg"": ""3975112"", ""Bib"": """", ""Org"": ""CHN"", ""OrgDesc"": ""China"", ""Name"": ""FU Yingying"", ""Order"": 1, ""BirthDate"": ""2001-04-21""}, {""Reg"": ""3975696"", ""Bib"": """", ""Org"": ""CHN"", ""OrgDesc"": ""China"", ""Name"": ""SONG Yue"", ""Order"": 2, ""BirthDate"": ""2004-10-11""}, {""Reg"": ""3976112"", ""Bib"": """", ""Org"": ""CHN"", ""OrgDesc"": ""China"", ""Name"": ""ZHANG Siqi"", ""Order"": 3, ""BirthDate"": ""2007-05-26""}, {""Reg"": ""3976394"", ""Bib"": """", ""Org"": ""CHN"", ""OrgDesc"": ""China"", ""Name"": ""HUANG Qianqian"", ""Order"": 4, ""BirthDate"": ""2002-02-23""}]",击剑,2026-09-26,official_medal_record
CHN|FEN|W.TEAMSABR----------.----|ME_BRONZE|FENWTEAMSABR---CHN01,CHN,ME_BRONZE,FEN,Fencing,W.TEAMSABR----------.----,Women's Sabre Team,T,People's Republic of China,FENWTEAMSABR---CHN01,2026-09-27,W,"[{""Reg"": ""3989096"", ""Bib"": """", ""Org"": ""CHN"", ""OrgDesc"": ""China"", ""Name"": ""PAN Qimiao"", ""Order"": 1, ""BirthDate"": ""2009-06-09""}, {""Reg"": ""3989276"", ""Bib"": """", ""Org"": ""CHN"", ""OrgDesc"": ""China"", ""Name"": ""RAO Xueyi"", ""Order"": 2, ""BirthDate"": ""2005-02-09""}, {""Reg"": ""3989454"", ""Bib"": """", ""Org"": ""CHN"", ""OrgDesc"": ""China"", ""Name"": ""WEI Jiayi"", ""Order"": 3, ""BirthDate"": ""2004-02-07""}, {""Reg"": ""3989745"", ""Bib"": """", ""Org"": ""CHN"", ""OrgDesc"": ""China"", ""Name"": ""ZHANG Xinyi"", ""Order"": 4, ""BirthDate"": ""2001-06-12""}]",击剑,2026-09-27,official_medal_record
CHN|GAR|M.1AA---------------.----|ME_GOLD|8123337,CHN,ME_GOLD,GAR,Artistic Gymnastics,M.1AA---------------.----,Men's All-Around,A,ZHANG Boheng,8123337,2026-09-21,M,[],竞技体操,2026-09-21,official_medal_record
CHN|GAR|M.1APHB-------------.----|ME_GOLD|8122799,CHN,ME_GOLD,GAR,Artistic Gymnastics,M.1APHB-------------.----,Men's Horizontal Bar,A,TIAN Hao,8122799,2026-09-25,M,[],竞技体操,2026-09-25,official_medal_record
CHN|GAR|M.1APPB-------------.----|ME_GOLD|8122480,CHN,ME_GOLD,GAR,Artistic Gymnastics,M.1APPB-------------.----,Men's Parallel Bars,A,ZOU Jingyuan,8122480,2026-09-25,M,[],竞技体操,2026-09-25,official_medal_record
CHN|GAR|M.1APSR-------------.----|ME_GOLD|8121586,CHN,ME_GOLD,GAR,Artistic Gymnastics,M.1APSR-------------.----,Men's Rings,A,LAN Xingyu,8121586,2026-09-24,M,[],竞技体操,2026-09-24,official_medal_record
CHN|GAR|M.TEAM--------------.----|ME_GOLD|GARMTEAM-------CHN01,CHN,ME_GOLD,GAR,Artistic Gymnastics,M.TEAM--------------.----,Men's Team,T,People's Republic of China,GARMTEAM-------CHN01,2026-09-23,M,"[{""Reg"": ""8121586"", ""Bib"": ""102"", ""Org"": ""CHN"", ""OrgDesc"": ""China"", ""Name"": ""LAN Xingyu"", ""Order"": 1, ""BirthDate"": ""1997-12-18""}, {""Reg"": ""8122480"", ""Bib"": ""103"", ""Org"": ""CHN"", ""OrgDesc"": ""China"", ""Name"": ""ZOU Jingyuan"", ""Order"": 2, ""BirthDate"": ""1998-01-03""}, {""Reg"": ""8122670"", ""Bib"": ""104"", ""Org"": ""CHN"", ""OrgDesc"": ""China"", ""Name"": ""SUN Wei"", ""Order"": 3, ""BirthDate"": ""1995-08-12""}, {""Reg"": ""8122799"", ""Bib"": ""105"", ""Org"": ""CHN"", ""OrgDesc"": ""China"", ""Name"": ""TIAN Hao"", ""Order"": 4, ""BirthDate"": ""2001-11-30""}, {""Reg"": ""8123337"", ""Bib"": ""106"", ""Org"": ""CHN"", ""OrgDesc"": ""China"", ""Name"": ""ZHANG Boheng"", ""Order"": 5, ""BirthDate"": ""2000-03-04""}]",竞技体操,2026-09-23,official_medal_record
CHN|GAR|W.1APUB-------------.----|ME_GOLD|8125143,CHN,ME_GOLD,GAR,Artistic Gymnastics,W.1APUB-------------.----,Women's Uneven Bars,A,QIU Qiyuan,8125143,2026-09-24,W,[],竞技体操,2026-09-24,official_medal_record
CHN|GAR|W.TEAM--------------.----|ME_GOLD|GARWTEAM-------CHN01,CHN,ME_GOLD,GAR,Artistic Gymnastics,W.TEAM--------------.----,Women's Team,T,People's Republic of China,GARWTEAM-------CHN01,2026-09-23,W,"[{""Reg"": ""8123551"", ""Bib"": ""501"", ""Org"": ""CHN"", ""OrgDesc"": ""China"", ""Name"": ""DU Siyu"", ""Order"": 1, ""BirthDate"": ""2002-11-08""}, {""Reg"": ""8123918"", ""Bib"": ""502"", ""Org"": ""CHN"", ""OrgDesc"": ""China"", ""Name"": ""KE Qinqin"", ""Order"": 2, ""BirthDate"": ""2010-07-16""}, {""Reg"": ""8124646"", ""Bib"": ""503"", ""Org"": ""CHN"", ""OrgDesc"": ""China"", ""Name"": ""ZHANG Qingying"", ""Order"": 3, ""BirthDate"": ""2007-05-21""}, {""Reg"": ""8124887"", ""Bib"": ""504"", ""Org"": ""CHN"", ""OrgDesc"": ""China"", ""Name"": ""ZHANG Yihan"", ""Order"": 4, ""BirthDate"": ""2008-01-24""}, {""Reg"": ""8125143"", ""Bib"": ""505"", ""Org"": ""CHN"", ""OrgDesc"": ""China"", ""Name"": ""QIU Qiyuan"", ""Order"": 5, ""BirthDate"": ""2007-05-24""}]",竞技体操,2026-09-23,official_medal_record
CHN|GAR|W.1AA---------------.----|ME_SILVER|8123918,CHN,ME_SILVER,GAR,Artistic Gymnastics,W.1AA---------------.----,Women's All-Around,A,KE Qinqin,8123918,2026-09-22,W,[],竞技体操,2026-09-22,official_medal_record
CHN|GAR|W.1APBB-------------.----|ME_SILVER|8125143,CHN,ME_SILVER,GAR,Artistic Gymnastics,W.1APBB-------------.----,Women's Balance Beam,A,QIU Qiyuan,8125143,2026-09-25,W,[],竞技体操,2026-09-25,official_medal_record
CHN|GAR|M.1APSR-------------.----|ME_BRONZE|8122480,CHN,ME_BRONZE,GAR,Artistic Gymnastics,M.1APSR-------------.----,Men's Rings,A,ZOU Jingyuan,8122480,2026-09-24,M,[],竞技体操,2026-09-24,official_medal_record
CHN|GAR|W.1APFX-------------.----|ME_BRONZE|8124887,CHN,ME_BRONZE,GAR,Artistic Gymnastics,W.1APFX-------------.----,Women's Floor Exercise,A,ZHANG Yihan,8124887,2026-09-25,W,[],竞技体操,2026-09-25,official_medal_record
CHN|GAR|W.1APUB-------------.----|ME_BRONZE|8124646,CHN,ME_BRONZE,GAR,Artistic Gymnastics,W.1APUB-------------.----,Women's Uneven Bars,A,ZHANG Qingying,8124646,2026-09-24,W,[],竞技体操,2026-09-24,official_medal_record
CHN|GAR|W.1APVT-------------.----|ME_BRONZE|8123551,CHN,ME_BRONZE,GAR,Artistic Gymnastics,W.1APVT-------------.----,Women's Vault,A,DU Siyu,8123551,2026-09-24,W,[],竞技体操,2026-09-24,official_medal_record
CHN|GLF|M.TEAM--------------.FNL-|ME_GOLD|GLFMTEAM-------CHN01,CHN,ME_GOLD,GLF,Golf,M.TEAM--------------.FNL-,Men's Team,T,People's Republic of China,GLFMTEAM-------CHN01,2026-10-03,M,"[{""Reg"": ""11354563"", ""Bib"": """", ""Org"": ""CHN"", ""OrgDesc"": ""China"", ""Name"": ""DING Wenyi"", ""Order"": 1, ""BirthDate"": ""2004-11-19""}, {""Reg"": ""11354843"", ""Bib"": """", ""Org"": ""CHN"", ""OrgDesc"": ""China"", ""Name"": ""JIN Zihao"", ""Order"": 2, ""BirthDate"": ""1999-03-04""}, {""Reg"": ""755556"", ""Bib"": """", ""Org"": ""CHN"", ""OrgDesc"": ""China"", ""Name"": ""ZHENG Yunhe"", ""Order"": 3, ""BirthDate"": ""2001-07-16""}]",高尔夫球,2026-10-03,official_medal_record
CHN|GLF|W.TEAM--------------.FNL-|ME_GOLD|GLFWTEAM-------CHN01,CHN,ME_GOLD,GLF,Golf,W.TEAM--------------.FNL-,Women's Team,T,People's Republic of China,GLFWTEAM-------CHN01,2026-10-03,W,"[{""Reg"": ""11356657"", ""Bib"": """", ""Org"": ""CHN"", ""OrgDesc"": ""China"", ""Name"": ""LIU Yan"", ""Order"": 1, ""BirthDate"": ""1998-02-27""}, {""Reg"": ""11357570"", ""Bib"": """", ""Org"": ""CHN"", ""OrgDesc"": ""China"", ""Name"": ""YIN Ruoning"", ""Order"": 2, ""BirthDate"": ""2002-09-28""}, {""Reg"": ""11357879"", ""Bib"": """", ""Org"": ""CHN"", ""OrgDesc"": ""China"", ""Name"": ""ZHANG Weiwei"", ""Order"": 3, ""BirthDate"": ""1997-03-15""}]",高尔夫球,2026-10-03,official_medal_record
CHN|GLF|W.STROKE------------.FNL-|ME_SILVER|11357570,CHN,ME_SILVER,GLF,Golf,W.STROKE------------.FNL-,Women's Individual Stroke Play,A,YIN Ruoning,11357570,2026-10-03,W,[],高尔夫球,2026-10-03,official_medal_record
CHN|GRY|W.5AA---------------.FNL-|ME_GOLD|GRYW5AA--------CHN01,CHN,ME_GOLD,GRY,Rhythmic Gymnastics,W.5AA---------------.FNL-,Group All-Around Final,T,People's Republic of China,GRYW5AA--------CHN01,2026-10-03,W,"[{""Reg"": ""8118282"", ""Bib"": """", ""Org"": ""CHN"", ""OrgDesc"": ""China"", ""Name"": ""DING Xinyi"", ""Order"": 1, ""BirthDate"": ""2004-08-27""}, {""Reg"": ""8118600"", ""Bib"": """", ""Org"": ""CHN"", ""OrgDesc"": ""China"", ""Name"": ""LIU Miaoting"", ""Order"": 2, ""BirthDate"": ""2005-05-01""}, {""Reg"": ""8118866"", ""Bib"": """", ""Org"": ""CHN"", ""OrgDesc"": ""China"", ""Name"": ""PU Yanzhu"", ""Order"": 3, ""BirthDate"": ""2005-04-18""}, {""Reg"": ""8119189"", ""Bib"": """", ""Org"": ""CHN"", ""OrgDesc"": ""China"", ""Name"": ""WANG Lanjing"", ""Order"": 4, ""BirthDate"": ""2005-03-10""}, {""Reg"": ""8119589"", ""Bib"": """", ""Org"": ""CHN"", ""OrgDesc"": ""China"", ""Name"": ""ZHANG Xinyi"", ""Order"": 5, ""BirthDate"": ""2006-07-31""}]",艺术体操,2026-10-03,official_medal_record
CHN|GRY|W.1AA---------------.FNL-|ME_SILVER|8117554,CHN,ME_SILVER,GRY,Rhythmic Gymnastics,W.1AA---------------.FNL-,Individual All-Around Final,A,WANG Qi,8117554,2026-10-03,W,[],艺术体操,2026-10-03,official_medal_record
CHN|GRY|W.1AA---------------.FNL-|ME_BRONZE|8117830,CHN,ME_BRONZE,GRY,Rhythmic Gymnastics,W.1AA---------------.FNL-,Individual All-Around Final,A,WANG Zilu,8117830,2026-10-03,W,[],艺术体操,2026-10-03,official_medal_record
CHN|GTR|M.1TRA--------------.----|ME_GOLD|8114144,CHN,ME_GOLD,GTR,Trampoline Gymnastics,M.1TRA--------------.----,Men,A,YAN Langyu,8114144,2026-09-27,M,[],蹦床,2026-09-27,official_medal_record
CHN|GTR|M.1TRA--------------.----|ME_SILVER|8114033,CHN,ME_SILVER,GTR,Trampoline Gymnastics,M.1TRA--------------.----,Men,A,WANG Zisai,8114033,2026-09-27,M,[],蹦床,2026-09-27,official_medal_record
CHN|GTR|W.1TRA--------------.----|ME_BRONZE|8114722,CHN,ME_BRONZE,GTR,Trampoline Gymnastics,W.1TRA--------------.----,Women,A,QIU Zheng,8114722,2026-09-27,W,[],蹦床,2026-09-27,official_medal_record
CHN|HBL|W.TEAM7-------------.----|ME_BRONZE|HBLWTEAM7------CHN01,CHN,ME_BRONZE,HBL,Handball,W.TEAM7-------------.----,Women,T,People's Republic of China,HBLWTEAM7------CHN01,2026-09-27,W,"[{""Reg"": ""10935479"", ""Bib"": ""1"", ""Org"": ""CHN"", ""OrgDesc"": ""China"", ""Name"": ""LU Chang"", ""Order"": 1, ""BirthDate"": ""1998-04-06""}, {""Reg"": ""10935592"", ""Bib"": ""3"", ""Org"": ""CHN"", ""OrgDesc"": ""China"", ""Name"": ""PAN Fengying"", ""Order"": 2, ""BirthDate"": ""2006-11-26""}, {""Reg"": ""10934470"", ""Bib"": ""8"", ""Org"": ""CHN"", ""OrgDesc"": ""China"", ""Name"": ""LIANG Jing"", ""Order"": 3, ""BirthDate"": ""2006-04-14""}, {""Reg"": ""10933599"", ""Bib"": ""9"", ""Org"": ""CHN"", ""OrgDesc"": ""China"", ""Name"": ""JIANG Xintong"", ""Order"": 4, ""BirthDate"": ""1999-08-30""}, {""Reg"": ""10936002"", ""Bib"": ""10"", ""Org"": ""CHN"", ""OrgDesc"": ""China"", ""Name"": ""SHI Zihan"", ""Order"": 5, ""BirthDate"": ""2005-10-31""}, {""Reg"": ""6597665"", ""Bib"": ""11"", ""Org"": ""CHN"", ""OrgDesc"": ""China"", ""Name"": ""LIU Chan"", ""Order"": 6, ""BirthDate"": ""1998-08-10""}, {""Reg"": ""10934041"", ""Bib"": ""12"", ""Org"": ""CHN"", ""OrgDesc"": ""China"", ""Name"": ""LI Xiaoqing"", ""Order"": 7, ""BirthDate"": ""1995-12-22""}, {""Reg"": ""10937432"", ""Bib"": ""15"", ""Org"": ""CHN"", ""OrgDesc"": ""China"", ""Name"": ""YANG Yue"", ""Order"": 8, ""BirthDate"": ""2006-03-15""}, {""Reg"": ""10933406"", ""Bib"": ""16"", ""Org"": ""CHN"", ""OrgDesc"": ""China"", ""Name"": ""HUANG Sitong"", ""Order"": 9, ""BirthDate"": ""2006-12-20""}, {""Reg"": ""10933057"", ""Bib"": ""20"", ""Org"": ""CHN"", ""OrgDesc"": ""China"", ""Name"": ""HOU Changqing"", ""Order"": 10, ""BirthDate"": ""2004-10-04""}, {""Reg"": ""10938587"", ""Bib"": ""21"", ""Org"": ""CHN"", ""OrgDesc"": ""China"", ""Name"": ""ZHANG Pingping"", ""Order"": 11, ""BirthDate"": ""1999-11-15""}, {""Reg"": ""10937611"", ""Bib"": ""22"", ""Org"": ""CHN"", ""OrgDesc"": ""China"", ""Name"": ""YUAN Lingjie"", ""Order"": 12, ""BirthDate"": ""2004-09-01""}, {""Reg"": ""10935782"", ""Bib"": ""24"", ""Org"": ""CHN"", ""OrgDesc"": ""China"", ""Name"": ""QU Wenna"", ""Order"": 13, ""BirthDate"": ""2002-01-02""}, {""Reg"": ""10935021"", ""Bib"": ""28"", ""Org"": ""CHN"", ""OrgDesc"": ""China"", ""Name"": ""LIU Xuedan"", ""Order"": 14, ""BirthDate"": ""2005-10-13""}, {""Reg"": ""10939215"", ""Bib"": ""36"", ""Org"": ""CHN"", ""OrgDesc"": ""China"", ""Name"": ""ZHENG Yun"", ""Order"": 15, ""BirthDate"": ""2007-01-17""}, {""Reg"": ""10935285"", ""Bib"": ""53"", ""Org"": ""CHN"", ""OrgDesc"": ""China"", ""Name"": ""LIU Yuting"", ""Order"": 16, ""BirthDate"": ""2004-07-18""}]",手球,2026-09-27,official_medal_record
CHN|HOC|W.TEAM11------------.----|ME_SILVER|HOCWTEAM11-----CHN01,CHN,ME_SILVER,HOC,Hockey,W.TEAM11------------.----,Women,T,People's Republic of China,HOCWTEAM11-----CHN01,2026-10-02,W,"[{""Reg"": ""7215495"", ""Bib"": ""3"", ""Org"": ""CHN"", ""OrgDesc"": ""China"", ""Name"": ""YANG Liu"", ""Order"": 1, ""BirthDate"": ""1998-09-01""}, {""Reg"": ""7216492"", ""Bib"": ""6"", ""Org"": ""CHN"", ""OrgDesc"": ""China"", ""Name"": ""ZHANG Ying"", ""Order"": 2, ""BirthDate"": ""1998-08-29""}, {""Reg"": ""7209769"", ""Bib"": ""7"", ""Org"": ""CHN"", ""OrgDesc"": ""China"", ""Name"": ""CHEN Yi"", ""Order"": 3, ""BirthDate"": ""1997-01-28""}, {""Reg"": ""7212801"", ""Bib"": ""9"", ""Org"": ""CHN"", ""OrgDesc"": ""China"", ""Name"": ""MA Ning"", ""Order"": 4, ""BirthDate"": ""2000-09-29""}, {""Reg"": ""7216595"", ""Bib"": ""10"", ""Org"": ""CHN"", ""OrgDesc"": ""China"", ""Name"": ""ZHONG Jiaqi"", ""Order"": 5, ""BirthDate"": ""1999-09-23""}, {""Reg"": ""7209981"", ""Bib"": ""11"", ""Org"": ""CHN"", ""OrgDesc"": ""China"", ""Name"": ""DAN Wen"", ""Order"": 6, ""BirthDate"": ""1999-06-14""}, {""Reg"": ""7211903"", ""Bib"": ""13"", ""Org"": ""CHN"", ""OrgDesc"": ""China"", ""Name"": ""LI Hong"", ""Order"": 7, ""BirthDate"": ""1999-05-31""}, {""Reg"": ""7213066"", ""Bib"": ""16"", ""Org"": ""CHN"", ""OrgDesc"": ""China"", ""Name"": ""OU Zixia"", ""Order"": 8, ""BirthDate"": ""1995-09-24""}, {""Reg"": ""7213182"", ""Bib"": ""17"", ""Org"": ""CHN"", ""OrgDesc"": ""China"", ""Name"": ""PENG Yang"", ""Order"": 9, ""BirthDate"": ""1992-01-17""}, {""Reg"": ""7216904"", ""Bib"": ""18"", ""Org"": ""CHN"", ""OrgDesc"": ""China"", ""Name"": ""ZOU Meirong"", ""Order"": 10, ""BirthDate"": ""2000-09-01""}, {""Reg"": ""7211435"", ""Bib"": ""20"", ""Org"": ""CHN"", ""OrgDesc"": ""China"", ""Name"": ""HE Jiangxin"", ""Order"": 11, ""BirthDate"": ""1997-08-19""}, {""Reg"": ""7210401"", ""Bib"": ""23"", ""Org"": ""CHN"", ""OrgDesc"": ""China"", ""Name"": ""FAN Yunxia"", ""Order"": 12, ""BirthDate"": ""2002-12-07""}, {""Reg"": ""7209634"", ""Bib"": ""26"", ""Org"": ""CHN"", ""OrgDesc"": ""China"", ""Name"": ""CHEN Yang"", ""Order"": 13, ""BirthDate"": ""1997-02-15""}, {""Reg"": ""7212421"", ""Bib"": ""29"", ""Org"": ""CHN"", ""OrgDesc"": ""China"", ""Name"": ""LIU Ping"", ""Order"": 14, ""BirthDate"": ""1994-10-13""}, {""Reg"": ""7213620"", ""Bib"": ""35"", ""Org"": ""CHN"", ""OrgDesc"": ""China"", ""Name"": ""TAN Jinzhuang"", ""Order"": 15, ""BirthDate"": ""2003-01-27""}, {""Reg"": ""7212182"", ""Bib"": ""36"", ""Org"": ""CHN"", ""OrgDesc"": ""China"", ""Name"": ""LIU Chencheng"", ""Order"": 16, ""BirthDate"": ""2002-10-13""}, {""Reg"": ""7212051"", ""Bib"": ""50"", ""Org"": ""CHN"", ""OrgDesc"": ""China"", ""Name"": ""LI Ting"", ""Order"": 17, ""BirthDate"": ""2001-07-23""}, {""Reg"": ""7209506"", ""Bib"": ""53"", ""Org"": ""CHN"", ""OrgDesc"": ""China"", ""Name"": ""CHEN Tong"", ""Order"": 18, ""BirthDate"": ""2000-08-19""}, {""Reg"": ""7215879"", ""Bib"": ""58"", ""Org"": ""CHN"", ""OrgDesc"": ""China"", ""Name"": ""YU Anhui"", ""Order"": 19, ""BirthDate"": ""2001-04-30""}, {""Reg"": ""7212534"", ""Bib"": ""64"", ""Org"": ""CHN"", ""OrgDesc"": ""China"", ""Name"": ""LUO Yaxi"", ""Order"": 20, ""BirthDate"": ""2008-03-29""}]",曲棍球,2026-10-02,official_medal_record
CHN|JUD|W.O78KG-------------.FNL-|ME_GOLD|13674679,CHN,ME_GOLD,JUD,Judo,W.O78KG-------------.FNL-,Women +78 kg Final,A,NIU Xinran,13674679,2026-10-02,W,[],柔道,2026-10-02,official_medal_record
CHN|JUD|M.60KG--------------.FNL-|ME_BRONZE|11265584,CHN,ME_BRONZE,JUD,Judo,M.60KG--------------.FNL-,Men -60 kg Final,A,MA Yulin,11265584,2026-09-30,M,[],柔道,2026-09-30,official_medal_record
CHN|JUD|M.66KG--------------.FNL-|ME_BRONZE|11267006,CHN,ME_BRONZE,JUD,Judo,M.66KG--------------.FNL-,Men -66 kg Final,A,XUE Ziyang,11267006,2026-09-30,M,[],柔道,2026-09-30,official_medal_record
CHN|JUD|M.90KG--------------.FNL-|ME_BRONZE|11269487,CHN,ME_BRONZE,JUD,Judo,M.90KG--------------.FNL-,Men -90 kg Final,A,HAN Qi,11269487,2026-10-02,M,[],柔道,2026-10-02,official_medal_record
CHN|JUD|W.52KG--------------.FNL-|ME_BRONZE|11367874,CHN,ME_BRONZE,JUD,Judo,W.52KG--------------.FNL-,Women -52 kg Final,A,XU Aoyu,11367874,2026-09-30,W,[],柔道,2026-09-30,official_medal_record
CHN|JUD|X.TEAM6-------------.FNL-|ME_BRONZE|JUDXTEAM6------CHN01,CHN,ME_BRONZE,JUD,Judo,X.TEAM6-------------.FNL-,Mixed Team Final,T,People's Republic of China,JUDXTEAM6------CHN01,2026-10-03,X,"[{""Reg"": ""11263909"", ""Bib"": """", ""Org"": ""CHN"", ""OrgDesc"": ""China"", ""Name"": ""LI Haiyang"", ""Order"": 1, ""BirthDate"": ""1999-06-12""}, {""Reg"": ""11264651"", ""Bib"": """", ""Org"": ""CHN"", ""OrgDesc"": ""China"", ""Name"": ""HUANG Fuchun"", ""Order"": 2, ""BirthDate"": ""2001-05-18""}, {""Reg"": ""11267006"", ""Bib"": """", ""Org"": ""CHN"", ""OrgDesc"": ""China"", ""Name"": ""XUE Ziyang"", ""Order"": 3, ""BirthDate"": ""1998-03-05""}, {""Reg"": ""11267438"", ""Bib"": """", ""Org"": ""CHN"", ""OrgDesc"": ""China"", ""Name"": ""LIN Gaohui"", ""Order"": 4, ""BirthDate"": ""1999-09-26""}, {""Reg"": ""11268571"", ""Bib"": """", ""Org"": ""CHN"", ""OrgDesc"": ""China"", ""Name"": ""SHI Zhenyu"", ""Order"": 5, ""BirthDate"": ""2006-10-01""}, {""Reg"": ""11269487"", ""Bib"": """", ""Org"": ""CHN"", ""OrgDesc"": ""China"", ""Name"": ""HAN Qi"", ""Order"": 6, ""BirthDate"": ""1999-04-05""}, {""Reg"": ""11274085"", ""Bib"": """", ""Org"": ""CHN"", ""OrgDesc"": ""China"", ""Name"": ""TAO Yuying"", ""Order"": 7, ""BirthDate"": ""2007-10-19""}, {""Reg"": ""11276031"", ""Bib"": """", ""Org"": ""CHN"", ""OrgDesc"": ""China"", ""Name"": ""ZHANG Wen"", ""Order"": 8, ""BirthDate"": ""1999-06-02""}, {""Reg"": ""11276949"", ""Bib"": """", ""Org"": ""CHN"", ""OrgDesc"": ""China"", ""Name"": ""TANG Jing"", ""Order"": 9, ""BirthDate"": ""1995-06-08""}, {""Reg"": ""11277408"", ""Bib"": """", ""Org"": ""CHN"", ""OrgDesc"": ""China"", ""Name"": ""WU Hongtao"", ""Order"": 10, ""BirthDate"": ""1999-10-27""}, {""Reg"": ""11367874"", ""Bib"": """", ""Org"": ""CHN"", ""OrgDesc"": ""China"", ""Name"": ""XU Aoyu"", ""Order"": 11, ""BirthDate"": ""2004-08-16""}, {""Reg"": ""13674679"", ""Bib"": """", ""Org"": ""CHN"", ""OrgDesc"": ""China"", ""Name"": ""NIU Xinran"", ""Order"": 12, ""BirthDate"": ""2004-09-15""}]",柔道,2026-10-03,official_medal_record
CHN|KTE|W.61KG--------------.FNL-|ME_GOLD|12582744,CHN,ME_GOLD,KTE,Karate,W.61KG--------------.FNL-,Women's Kumite -61kg Final,A,GONG Li,12582744,2026-09-21,W,[],空手道,2026-09-21,official_medal_record
CHN|KTE|W.68KG--------------.FNL-|ME_GOLD|12583223,CHN,ME_GOLD,KTE,Karate,W.68KG--------------.FNL-,Women's Kumite -68kg Final,A,LI Qiaoqiao,12583223,2026-09-21,W,[],空手道,2026-09-21,official_medal_record
CHN|MPN|M.INDIVID-----------.----|ME_GOLD|11096047,CHN,ME_GOLD,MPN,Modern Pentathlon,M.INDIVID-----------.----,Men's Individual,A,LI Liuchang,11096047,2026-09-20,M,[],现代五项,,https://www.sport.gov.cn/zjzx/n5197/c30058161/content.html
CHN|MPN|W.TEAM--------------.----|ME_GOLD|CHNW,CHN,ME_GOLD,MPN,Modern Pentathlon,W.TEAM--------------.----,Women's Team,T,People's Republic of China,CHNW,2026-09-20,W,"[{""Reg"": ""11094327"", ""Bib"": """", ""Org"": ""CHN"", ""OrgDesc"": ""China"", ""Name"": ""ZHANG Mingyu"", ""BirthDate"": ""2001-10-01""}, {""Reg"": ""11094136"", ""Bib"": """", ""Org"": ""CHN"", ""OrgDesc"": ""China"", ""Name"": ""WU Xiyao"", ""BirthDate"": ""2006-09-15""}, {""Reg"": ""11095138"", ""Bib"": """", ""Org"": ""CHN"", ""OrgDesc"": ""China"", ""Name"": ""MENG Xin"", ""BirthDate"": ""2003-05-01""}]",现代五项,2026-09-20,official_medal_record
CHN|MPN|M.TEAM--------------.----|ME_SILVER|CHNM,CHN,ME_SILVER,MPN,Modern Pentathlon,M.TEAM--------------.----,Men's Team,T,People's Republic of China,CHNM,2026-09-20,M,"[{""Reg"": ""11096047"", ""Bib"": """", ""Org"": ""CHN"", ""OrgDesc"": ""China"", ""Name"": ""LI Liuchang"", ""BirthDate"": ""2006-02-15""}, {""Reg"": ""11096237"", ""Bib"": """", ""Org"": ""CHN"", ""OrgDesc"": ""China"", ""Name"": ""LUO Shuai"", ""BirthDate"": ""1997-04-14""}, {""Reg"": ""11096901"", ""Bib"": """", ""Org"": ""CHN"", ""OrgDesc"": ""China"", ""Name"": ""MA Yuang"", ""BirthDate"": ""2006-05-24""}]",现代五项,2026-09-20,official_medal_record
CHN|MPN|W.INDIVID-----------.----|ME_SILVER|11094327,CHN,ME_SILVER,MPN,Modern Pentathlon,W.INDIVID-----------.----,Women's Individual,A,ZHANG Mingyu,11094327,2026-09-20,W,[],现代五项,2026-09-20,official_medal_record
CHN|MPN|W.INDIVID-----------.----|ME_BRONZE|11094136,CHN,ME_BRONZE,MPN,Modern Pentathlon,W.INDIVID-----------.----,Women's Individual,A,WU Xiyao,11094136,2026-09-20,W,[],现代五项,2026-09-20,official_medal_record
CHN|MTB|M.XCTRY-------------.----|ME_GOLD|5138789,CHN,ME_GOLD,MTB,Cycling Mountain Bike,M.XCTRY-------------.----,Men's Cross-country,A,YUAN Jinwei,5138789,2026-09-25,M,[],山地自行车,2026-09-25,official_medal_record
CHN|MTB|W.XCTRY-------------.----|ME_GOLD|5139709,CHN,ME_GOLD,MTB,Cycling Mountain Bike,W.XCTRY-------------.----,Women's Cross-country,A,WU Zhifan,5139709,2026-09-24,W,[],山地自行车,2026-09-24,official_medal_record
CHN|MTB|W.XCTRY-------------.----|ME_SILVER|5139893,CHN,ME_SILVER,MTB,Cycling Mountain Bike,W.XCTRY-------------.----,Women's Cross-country,A,LIANG Zhenglan,5139893,2026-09-24,W,[],山地自行车,2026-09-24,official_medal_record
CHN|ROW|M.NOCOX4------------.FNL-|ME_GOLD|ROWMNOCOX4-----CHN01,CHN,ME_GOLD,ROW,Rowing,M.NOCOX4------------.FNL-,Men's Four Finals,T,People's Republic of China,ROWMNOCOX4-----CHN01,2026-09-24,M,"[{""Reg"": ""5634722"", ""Bib"": """", ""Org"": ""CHN"", ""OrgDesc"": ""China"", ""Name"": ""LI Chun"", ""Order"": 1, ""BirthDate"": ""2004-02-03""}, {""Reg"": ""5635612"", ""Bib"": """", ""Org"": ""CHN"", ""OrgDesc"": ""China"", ""Name"": ""LI Zepeng"", ""Order"": 2, ""BirthDate"": ""2006-06-24""}, {""Reg"": ""5636227"", ""Bib"": """", ""Org"": ""CHN"", ""OrgDesc"": ""China"", ""Name"": ""SHAO Zhiqiang"", ""Order"": 3, ""BirthDate"": ""2005-02-12""}, {""Reg"": ""5633738"", ""Bib"": """", ""Org"": ""CHN"", ""OrgDesc"": ""China"", ""Name"": ""BIAN Shihao"", ""Order"": 4, ""BirthDate"": ""2004-01-28""}]",赛艇,2026-09-24,official_medal_record
CHN|ROW|M.SCULL1------------.FNL-|ME_GOLD|5633303,CHN,ME_GOLD,ROW,Rowing,M.SCULL1------------.FNL-,Men's Single Sculls Finals,A,DENG Zhiwei,5633303,2026-09-24,M,[],赛艇,2026-09-24,official_medal_record
CHN|ROW|M.SCULL2------------.FNL-|ME_GOLD|ROWMSCULL2-----CHN01,CHN,ME_GOLD,ROW,Rowing,M.SCULL2------------.FNL-,Men's Double Sculls Finals,D,YI Xudi / NIE Yide,ROWMSCULL2-----CHN01,2026-09-24,M,"[{""Reg"": ""5633489"", ""Bib"": """", ""Org"": ""CHN"", ""OrgDesc"": ""China"", ""Name"": ""YI Xudi"", ""Order"": 1, ""BirthDate"": ""1993-08-20""}, {""Reg"": ""5640418"", ""Bib"": """", ""Org"": ""CHN"", ""OrgDesc"": ""China"", ""Name"": ""NIE Yide"", ""Order"": 3, ""BirthDate"": ""2000-09-18""}]",赛艇,2026-09-24,official_medal_record
CHN|ROW|M.SCULL4------------.FNL-|ME_GOLD|ROWMSCULL4-----CHN01,CHN,ME_GOLD,ROW,Rowing,M.SCULL4------------.FNL-,Men's Quadruple Sculls Finals,T,People's Republic of China,ROWMSCULL4-----CHN01,2026-09-24,M,"[{""Reg"": ""5640315"", ""Bib"": """", ""Org"": ""CHN"", ""OrgDesc"": ""China"", ""Name"": ""MU Xiaolong"", ""Order"": 1, ""BirthDate"": ""2000-01-20""}, {""Reg"": ""5632035"", ""Bib"": """", ""Org"": ""CHN"", ""OrgDesc"": ""China"", ""Name"": ""ZHANG Xiuli"", ""Order"": 2, ""BirthDate"": ""2002-09-21""}, {""Reg"": ""5640619"", ""Bib"": """", ""Org"": ""CHN"", ""OrgDesc"": ""China"", ""Name"": ""XUE Hao"", ""Order"": 3, ""BirthDate"": ""2004-04-27""}, {""Reg"": ""5640521"", ""Bib"": """", ""Org"": ""CHN"", ""OrgDesc"": ""China"", ""Name"": ""OU Zhiwei"", ""Order"": 4, ""BirthDate"": ""2004-01-23""}]",赛艇,2026-09-24,official_medal_record
CHN|ROW|W.NOCOX2------------.FNL-|ME_GOLD|ROWWNOCOX2-----CHN01,CHN,ME_GOLD,ROW,Rowing,W.NOCOX2------------.FNL-,Women's Pair Finals,D,REN Wanning / ZHU Hongshan,ROWWNOCOX2-----CHN01,2026-09-24,W,"[{""Reg"": ""5640837"", ""Bib"": """", ""Org"": ""CHN"", ""OrgDesc"": ""China"", ""Name"": ""REN Wanning"", ""Order"": 1, ""BirthDate"": ""2001-09-29""}, {""Reg"": ""5640940"", ""Bib"": """", ""Org"": ""CHN"", ""OrgDesc"": ""China"", ""Name"": ""ZHU Hongshan"", ""Order"": 3, ""BirthDate"": ""2005-08-17""}]",赛艇,2026-09-24,official_medal_record
CHN|ROW|W.NOCOX4------------.FNL-|ME_GOLD|ROWWNOCOX4-----CHN01,CHN,ME_GOLD,ROW,Rowing,W.NOCOX4------------.FNL-,Women's Four Finals,T,People's Republic of China,ROWWNOCOX4-----CHN01,2026-09-24,W,"[{""Reg"": ""6558309"", ""Bib"": """", ""Org"": ""CHN"", ""OrgDesc"": ""China"", ""Name"": ""ZHANG Shuxian"", ""Order"": 1, ""BirthDate"": ""1997-11-17""}, {""Reg"": ""5641867"", ""Bib"": """", ""Org"": ""CHN"", ""OrgDesc"": ""China"", ""Name"": ""LI Duolei"", ""Order"": 2, ""BirthDate"": ""2003-10-16""}, {""Reg"": ""6558440"", ""Bib"": """", ""Org"": ""CHN"", ""OrgDesc"": ""China"", ""Name"": ""ZHANG Yangjing"", ""Order"": 3, ""BirthDate"": ""2003-01-06""}, {""Reg"": ""5642073"", ""Bib"": """", ""Org"": ""CHN"", ""OrgDesc"": ""China"", ""Name"": ""LIU Yaqi"", ""Order"": 4, ""BirthDate"": ""2002-09-25""}]",赛艇,2026-09-24,official_medal_record
CHN|ROW|W.SCULL1------------.FNL-|ME_GOLD|5641249,CHN,ME_GOLD,ROW,Rowing,W.SCULL1------------.FNL-,Women's Single Sculls Finals,A,ZHANG Xinyu,5641249,2026-09-24,W,[],赛艇,2026-09-24,official_medal_record
CHN|ROW|W.SCULL2------------.FNL-|ME_GOLD|ROWWSCULL2-----CHN01,CHN,ME_GOLD,ROW,Rowing,W.SCULL2------------.FNL-,Women's Double Sculls Finals,D,WANG Sixuan / SHEN Shuangmei,ROWWSCULL2-----CHN01,2026-09-24,W,"[{""Reg"": ""5640722"", ""Bib"": """", ""Org"": ""CHN"", ""OrgDesc"": ""China"", ""Name"": ""WANG Sixuan"", ""Order"": 1, ""BirthDate"": ""2000-05-14""}, {""Reg"": ""5641146"", ""Bib"": """", ""Org"": ""CHN"", ""OrgDesc"": ""China"", ""Name"": ""SHEN Shuangmei"", ""Order"": 3, ""BirthDate"": ""1998-05-02""}]",赛艇,2026-09-24,official_medal_record
CHN|ROW|W.SCULL4------------.FNL-|ME_GOLD|ROWWSCULL4-----CHN01,CHN,ME_GOLD,ROW,Rowing,W.SCULL4------------.FNL-,Women's Quadruple Sculls Finals,T,People's Republic of China,ROWWSCULL4-----CHN01,2026-09-24,W,"[{""Reg"": ""6559478"", ""Bib"": """", ""Org"": ""CHN"", ""OrgDesc"": ""China"", ""Name"": ""XU Yixi"", ""Order"": 1, ""BirthDate"": ""2001-09-19""}, {""Reg"": ""6559338"", ""Bib"": """", ""Org"": ""CHN"", ""OrgDesc"": ""China"", ""Name"": ""LI Yan"", ""Order"": 2, ""BirthDate"": ""1999-04-27""}, {""Reg"": ""6559020"", ""Bib"": """", ""Org"": ""CHN"", ""OrgDesc"": ""China"", ""Name"": ""HAN Mengyao"", ""Order"": 3, ""BirthDate"": ""2005-04-21""}, {""Reg"": ""6559211"", ""Bib"": """", ""Org"": ""CHN"", ""OrgDesc"": ""China"", ""Name"": ""JIAO Siyu"", ""Order"": 4, ""BirthDate"": ""2004-04-11""}]",赛艇,2026-09-24,official_medal_record
CHN|ROW|M.NOCOX2------------.FNL-|ME_SILVER|ROWMNOCOX2-----CHN01,CHN,ME_SILVER,ROW,Rowing,M.NOCOX2------------.FNL-,Men's Pair Finals,D,CAO Chuang / YANG Mengshuai,ROWMNOCOX2-----CHN01,2026-09-24,M,"[{""Reg"": ""5632332"", ""Bib"": """", ""Org"": ""CHN"", ""OrgDesc"": ""China"", ""Name"": ""CAO Chuang"", ""Order"": 1, ""BirthDate"": ""2005-06-09""}, {""Reg"": ""5632506"", ""Bib"": """", ""Org"": ""CHN"", ""OrgDesc"": ""China"", ""Name"": ""YANG Mengshuai"", ""Order"": 3, ""BirthDate"": ""1999-12-31""}]",赛艇,2026-09-24,official_medal_record
CHN|RU7|M.TEAM7-------------.----|ME_SILVER|RU7MTEAM7------CHN01,CHN,ME_SILVER,RU7,Rugby Sevens,M.TEAM7-------------.----,Men,T,People's Republic of China,RU7MTEAM7------CHN01,2026-10-03,M,"[{""Reg"": ""884320"", ""Bib"": ""2"", ""Org"": ""CHN"", ""OrgDesc"": ""China"", ""Name"": ""LI Benshou"", ""Order"": 1, ""BirthDate"": ""2001-05-27""}, {""Reg"": ""884701"", ""Bib"": ""3"", ""Org"": ""CHN"", ""OrgDesc"": ""China"", ""Name"": ""LI Xuebin"", ""Order"": 2, ""BirthDate"": ""2001-07-15""}, {""Reg"": ""886729"", ""Bib"": ""4"", ""Org"": ""CHN"", ""OrgDesc"": ""China"", ""Name"": ""WANG Xinguo"", ""Order"": 3, ""BirthDate"": ""2005-05-30""}, {""Reg"": ""884185"", ""Bib"": ""6"", ""Org"": ""CHN"", ""OrgDesc"": ""China"", ""Name"": ""HUANG Aoqi"", ""Order"": 4, ""BirthDate"": ""2001-01-29""}, {""Reg"": ""885806"", ""Bib"": ""11"", ""Org"": ""CHN"", ""OrgDesc"": ""China"", ""Name"": ""SONG Kaixin"", ""Order"": 5, ""BirthDate"": ""1999-01-19""}, {""Reg"": ""7362513"", ""Bib"": ""13"", ""Org"": ""CHN"", ""OrgDesc"": ""China"", ""Name"": ""MA Haoxiang"", ""Order"": 6, ""BirthDate"": ""2002-12-20""}, {""Reg"": ""887551"", ""Bib"": ""14"", ""Org"": ""CHN"", ""OrgDesc"": ""China"", ""Name"": ""XING Shilong"", ""Order"": 7, ""BirthDate"": ""2001-04-24""}, {""Reg"": ""883798"", ""Bib"": ""15"", ""Org"": ""CHN"", ""OrgDesc"": ""China"", ""Name"": ""SHAN Changshun"", ""Order"": 8, ""BirthDate"": ""1996-02-06""}, {""Reg"": ""884888"", ""Bib"": ""22"", ""Org"": ""CHN"", ""OrgDesc"": ""China"", ""Name"": ""LI Zhiheng"", ""Order"": 9, ""BirthDate"": ""2005-11-02""}, {""Reg"": ""885348"", ""Bib"": ""23"", ""Org"": ""CHN"", ""OrgDesc"": ""China"", ""Name"": ""LI Zhuojin"", ""Order"": 10, ""BirthDate"": ""2005-08-06""}, {""Reg"": ""887906"", ""Bib"": ""29"", ""Org"": ""CHN"", ""OrgDesc"": ""China"", ""Name"": ""YAO Bayaliga"", ""Order"": 11, ""BirthDate"": ""2003-08-20""}, {""Reg"": ""886417"", ""Bib"": ""57"", ""Org"": ""CHN"", ""OrgDesc"": ""China"", ""Name"": ""WANG Bao"", ""Order"": 12, ""BirthDate"": ""2001-05-25""}, {""Reg"": ""8273396"", ""Bib"": ""66"", ""Org"": ""CHN"", ""OrgDesc"": ""China"", ""Name"": ""YI Zhiwen"", ""Order"": 13, ""BirthDate"": ""2000-05-30""}]",七人制橄榄球,2026-10-03,official_medal_record
CHN|RU7|W.TEAM7-------------.----|ME_SILVER|RU7WTEAM7------CHN01,CHN,ME_SILVER,RU7,Rugby Sevens,W.TEAM7-------------.----,Women,T,People's Republic of China,RU7WTEAM7------CHN01,2026-10-03,W,"[{""Reg"": ""892269"", ""Bib"": ""6"", ""Org"": ""CHN"", ""OrgDesc"": ""China"", ""Name"": ""WANG Wanyu"", ""Order"": 1, ""BirthDate"": ""1997-02-14""}, {""Reg"": ""888541"", ""Bib"": ""7"", ""Org"": ""CHN"", ""OrgDesc"": ""China"", ""Name"": ""CHEN Keyi"", ""Order"": 2, ""BirthDate"": ""1995-07-23""}, {""Reg"": ""890259"", ""Bib"": ""12"", ""Org"": ""CHN"", ""OrgDesc"": ""China"", ""Name"": ""HU Yu"", ""Order"": 3, ""BirthDate"": ""1999-04-09""}, {""Reg"": ""893235"", ""Bib"": ""13"", ""Org"": ""CHN"", ""OrgDesc"": ""China"", ""Name"": ""ZHENG Wenyan"", ""Order"": 4, ""BirthDate"": ""2000-08-12""}, {""Reg"": ""889602"", ""Bib"": ""15"", ""Org"": ""CHN"", ""OrgDesc"": ""China"", ""Name"": ""DOU Xinrong"", ""Order"": 5, ""BirthDate"": ""2001-05-27""}, {""Reg"": ""892002"", ""Bib"": ""16"", ""Org"": ""CHN"", ""OrgDesc"": ""China"", ""Name"": ""SUN Yue"", ""Order"": 6, ""BirthDate"": ""1999-12-31""}, {""Reg"": ""888375"", ""Bib"": ""19"", ""Org"": ""CHN"", ""OrgDesc"": ""China"", ""Name"": ""CHEN Can"", ""Order"": 7, ""BirthDate"": ""2001-10-08""}, {""Reg"": ""891440"", ""Bib"": ""28"", ""Org"": ""CHN"", ""OrgDesc"": ""China"", ""Name"": ""MA Xiaodan"", ""Order"": 8, ""BirthDate"": ""1998-05-20""}, {""Reg"": ""889415"", ""Bib"": ""29"", ""Org"": ""CHN"", ""OrgDesc"": ""China"", ""Name"": ""CHEN Ziying"", ""Order"": 9, ""BirthDate"": ""2004-11-04""}, {""Reg"": ""892375"", ""Bib"": ""30"", ""Org"": ""CHN"", ""OrgDesc"": ""China"", ""Name"": ""WANG Zhaojing"", ""Order"": 10, ""BirthDate"": ""2004-06-05""}, {""Reg"": ""892890"", ""Bib"": ""35"", ""Org"": ""CHN"", ""OrgDesc"": ""China"", ""Name"": ""ZHANG Le"", ""Order"": 11, ""BirthDate"": ""2005-02-06""}, {""Reg"": ""891666"", ""Bib"": ""60"", ""Org"": ""CHN"", ""OrgDesc"": ""China"", ""Name"": ""QIAN Xin"", ""Order"": 12, ""BirthDate"": ""2004-03-27""}, {""Reg"": ""889923"", ""Bib"": ""77"", ""Org"": ""CHN"", ""OrgDesc"": ""China"", ""Name"": ""GAO Xiaoyang"", ""Order"": 13, ""BirthDate"": ""2005-10-31""}]",七人制橄榄球,2026-10-03,official_medal_record
CHN|SAL|M.49ER--------------.----|ME_GOLD|SALM49ER-------CHN01,CHN,ME_GOLD,SAL,Sailing,M.49ER--------------.----,Men's Skiff,T,People's Republic of China,SALM49ER-------CHN01,2026-10-03,M,"[{""Reg"": ""323954"", ""Bib"": """", ""Org"": ""CHN"", ""OrgDesc"": ""China"", ""Name"": ""WEN Zaiding"", ""Order"": 1, ""BirthDate"": ""2001-05-26""}, {""Reg"": ""324132"", ""Bib"": """", ""Org"": ""CHN"", ""OrgDesc"": ""China"", ""Name"": ""LIU Tian"", ""Order"": 2, ""BirthDate"": ""2000-01-07""}]",帆船帆板,2026-10-03,official_medal_record
CHN|SAL|M.IQFOIL------------.----|ME_GOLD|325339,CHN,ME_GOLD,SAL,Sailing,M.IQFOIL------------.----,Men's Windsurfing,A,BI Kun,325339,2026-10-03,M,[],帆船帆板,2026-10-03,official_medal_record
CHN|SAL|W.IQFOIL------------.----|ME_GOLD|326014,CHN,ME_GOLD,SAL,Sailing,W.IQFOIL------------.----,Women's Windsurfing,A,LI Wenqi,326014,2026-10-03,W,[],帆船帆板,2026-10-03,official_medal_record
CHN|SAL|X.470---------------.----|ME_BRONZE|SALX470--------CHN01,CHN,ME_BRONZE,SAL,Sailing,X.470---------------.----,Mixed Dinghy,T,People's Republic of China,SALX470--------CHN01,2026-10-03,X,"[{""Reg"": ""327424"", ""Bib"": """", ""Org"": ""CHN"", ""OrgDesc"": ""China"", ""Name"": ""DONG Wenju"", ""Order"": 1, ""BirthDate"": ""2004-08-30""}, {""Reg"": ""327597"", ""Bib"": """", ""Org"": ""CHN"", ""OrgDesc"": ""China"", ""Name"": ""XIAO Hailun"", ""Order"": 2, ""BirthDate"": ""2001-07-30""}]",帆船帆板,2026-10-03,official_medal_record
CHN|SBL|W.TEAM9-------------.FNL-|ME_SILVER|SBLWTEAM9------CHN01,CHN,ME_SILVER,SBL,Softball,W.TEAM9-------------.FNL-,Women’s Finals,T,People's Republic of China,SBLWTEAM9------CHN01,2026-10-02,W,"[{""Reg"": ""15115381"", ""Bib"": ""42"", ""Org"": ""CHN"", ""OrgDesc"": ""China"", ""Name"": ""CHAI Yinan"", ""Order"": 1, ""BirthDate"": ""2001-04-02""}, {""Reg"": ""15118609"", ""Bib"": ""19"", ""Org"": ""CHN"", ""OrgDesc"": ""China"", ""Name"": ""DING Xiaoyi"", ""Order"": 2, ""BirthDate"": ""2002-03-22""}, {""Reg"": ""15120985"", ""Bib"": ""23"", ""Org"": ""CHN"", ""OrgDesc"": ""China"", ""Name"": ""GUI Yuanyuan"", ""Order"": 3, ""BirthDate"": ""2000-10-02""}, {""Reg"": ""15122190"", ""Bib"": ""52"", ""Org"": ""CHN"", ""OrgDesc"": ""China"", ""Name"": ""HE Xiaoyan"", ""Order"": 4, ""BirthDate"": ""2000-05-28""}, {""Reg"": ""15126669"", ""Bib"": ""10"", ""Org"": ""CHN"", ""OrgDesc"": ""China"", ""Name"": ""LI Xintian"", ""Order"": 5, ""BirthDate"": ""2007-10-12""}, {""Reg"": ""15128756"", ""Bib"": ""20"", ""Org"": ""CHN"", ""OrgDesc"": ""China"", ""Name"": ""LU Xiaomin"", ""Order"": 6, ""BirthDate"": ""2000-07-12""}, {""Reg"": ""15130000"", ""Bib"": ""66"", ""Org"": ""CHN"", ""OrgDesc"": ""China"", ""Name"": ""LU Ying"", ""Order"": 7, ""BirthDate"": ""1989-11-28""}, {""Reg"": ""15132194"", ""Bib"": ""55"", ""Org"": ""CHN"", ""OrgDesc"": ""China"", ""Name"": ""REN Min"", ""Order"": 8, ""BirthDate"": ""1999-12-27""}, {""Reg"": ""15133349"", ""Bib"": ""18"", ""Org"": ""CHN"", ""OrgDesc"": ""China"", ""Name"": ""SANG Yujuan"", ""Order"": 9, ""BirthDate"": ""1999-01-13""}, {""Reg"": ""15134626"", ""Bib"": ""27"", ""Org"": ""CHN"", ""OrgDesc"": ""China"", ""Name"": ""SUN Yue"", ""Order"": 10, ""BirthDate"": ""2003-02-28""}, {""Reg"": ""15136888"", ""Bib"": ""2"", ""Org"": ""CHN"", ""OrgDesc"": ""China"", ""Name"": ""WANG Mengru"", ""Order"": 11, ""BirthDate"": ""1999-07-16""}, {""Reg"": ""15139064"", ""Bib"": ""24"", ""Org"": ""CHN"", ""OrgDesc"": ""China"", ""Name"": ""WANG Yarui"", ""Order"": 12, ""BirthDate"": ""2007-11-12""}, {""Reg"": ""15139966"", ""Bib"": ""3"", ""Org"": ""CHN"", ""OrgDesc"": ""China"", ""Name"": ""WEI Yuchen"", ""Order"": 13, ""BirthDate"": ""2003-07-24""}, {""Reg"": ""15140982"", ""Bib"": ""77"", ""Org"": ""CHN"", ""OrgDesc"": ""China"", ""Name"": ""XI Kailin"", ""Order"": 14, ""BirthDate"": ""1995-05-23""}, {""Reg"": ""15143159"", ""Bib"": ""39"", ""Org"": ""CHN"", ""OrgDesc"": ""China"", ""Name"": ""XIE Jiaxin"", ""Order"": 15, ""BirthDate"": ""1999-04-15""}, {""Reg"": ""15144189"", ""Bib"": ""25"", ""Org"": ""CHN"", ""OrgDesc"": ""China"", ""Name"": ""YAN Siyu"", ""Order"": 16, ""BirthDate"": ""1994-09-25""}, {""Reg"": ""15145341"", ""Bib"": ""33"", ""Org"": ""CHN"", ""OrgDesc"": ""China"", ""Name"": ""YANG Huiqi"", ""Order"": 17, ""BirthDate"": ""1999-05-13""}]",垒球,2026-10-02,official_medal_record
CHN|SHO|M.APTM--------------.----|ME_GOLD|SHOMAPTM-------CHN01,CHN,ME_GOLD,SHO,Shooting,M.APTM--------------.----,10m Air Pistol Men Team,T,People's Republic of China,SHOMAPTM-------CHN01,2026-09-24,M,"[{""Reg"": ""12483494"", ""Bib"": ""1019"", ""Org"": ""CHN"", ""OrgDesc"": ""China"", ""Name"": ""HU Kai"", ""Order"": 1, ""BirthDate"": ""2002-04-03""}, {""Reg"": ""12485873"", ""Bib"": ""1022"", ""Org"": ""CHN"", ""OrgDesc"": ""China"", ""Name"": ""XIE Yu"", ""Order"": 2, ""BirthDate"": ""2000-06-12""}, {""Reg"": ""12486043"", ""Bib"": ""1023"", ""Org"": ""CHN"", ""OrgDesc"": ""China"", ""Name"": ""BU Shuaihang"", ""Order"": 3, ""BirthDate"": ""2006-07-18""}]",射击,2026-09-24,official_medal_record
CHN|SHO|M.ARM---------------.----|ME_GOLD|8972950,CHN,ME_GOLD,SHO,Shooting,M.ARM---------------.----,10m Air Rifle Men Individual,A,SHENG Lihao,8972950,2026-09-21,M,[],射击,2026-09-21,official_medal_record
CHN|SHO|M.ARTM--------------.----|ME_GOLD|SHOMARTM-------CHN01,CHN,ME_GOLD,SHO,Shooting,M.ARTM--------------.----,10m Air Rifle Men Team,T,People's Republic of China,SHOMARTM-------CHN01,2026-09-21,M,"[{""Reg"": ""8964996"", ""Bib"": ""1045"", ""Org"": ""CHN"", ""OrgDesc"": ""China"", ""Name"": ""ZHANG Changhong"", ""Order"": 1, ""BirthDate"": ""2000-02-14""}, {""Reg"": ""8965459"", ""Bib"": ""1046"", ""Org"": ""CHN"", ""OrgDesc"": ""China"", ""Name"": ""MA Sihan"", ""Order"": 2, ""BirthDate"": ""2008-03-01""}, {""Reg"": ""8972950"", ""Bib"": ""1048"", ""Org"": ""CHN"", ""OrgDesc"": ""China"", ""Name"": ""SHENG Lihao"", ""Order"": 3, ""BirthDate"": ""2004-12-04""}]",射击,2026-09-21,official_medal_record
CHN|SHO|M.R3PM--------------.----|ME_GOLD|8971814,CHN,ME_GOLD,SHO,Shooting,M.R3PM--------------.----,50m Rifle 3 Positions Men Individual,A,LIU Yukun,8971814,2026-09-25,M,[],射击,2026-09-25,official_medal_record
CHN|SHO|M.R3PTM-------------.----|ME_GOLD|SHOMR3PTM------CHN01,CHN,ME_GOLD,SHO,Shooting,M.R3PTM-------------.----,50m Rifle 3 Positions Men Team,T,People's Republic of China,SHOMR3PTM------CHN01,2026-09-25,M,"[{""Reg"": ""8964996"", ""Bib"": ""1045"", ""Org"": ""CHN"", ""OrgDesc"": ""China"", ""Name"": ""ZHANG Changhong"", ""Order"": 1, ""BirthDate"": ""2000-02-14""}, {""Reg"": ""8971814"", ""Bib"": ""1047"", ""Org"": ""CHN"", ""OrgDesc"": ""China"", ""Name"": ""LIU Yukun"", ""Order"": 2, ""BirthDate"": ""1997-04-12""}, {""Reg"": ""8972950"", ""Bib"": ""1048"", ""Org"": ""CHN"", ""OrgDesc"": ""China"", ""Name"": ""SHENG Lihao"", ""Order"": 3, ""BirthDate"": ""2004-12-04""}]",射击,2026-09-25,official_medal_record
CHN|SHO|W.APTW--------------.----|ME_GOLD|SHOWAPTW-------CHN01,CHN,ME_GOLD,SHO,Shooting,W.APTW--------------.----,10m Air Pistol Women Team,T,People's Republic of China,SHOWAPTW-------CHN01,2026-09-23,W,"[{""Reg"": ""12483835"", ""Bib"": ""1020"", ""Org"": ""CHN"", ""OrgDesc"": ""China"", ""Name"": ""YAO Qianxun"", ""Order"": 1, ""BirthDate"": ""2005-03-13""}, {""Reg"": ""5443446"", ""Bib"": ""1039"", ""Org"": ""CHN"", ""OrgDesc"": ""China"", ""Name"": ""JIANG Ranxin"", ""Order"": 2, ""BirthDate"": ""2000-05-02""}, {""Reg"": ""5443629"", ""Bib"": ""1040"", ""Org"": ""CHN"", ""OrgDesc"": ""China"", ""Name"": ""SHEN Yiyao"", ""Order"": 3, ""BirthDate"": ""2004-05-08""}]",射击,2026-09-23,official_medal_record
CHN|SHO|W.ARTW--------------.----|ME_GOLD|SHOWARTW-------CHN01,CHN,ME_GOLD,SHO,Shooting,W.ARTW--------------.----,10m Air Rifle Women Team,T,People's Republic of China,SHOWARTW-------CHN01,2026-09-20,W,"[{""Reg"": ""237190"", ""Bib"": ""1026"", ""Org"": ""CHN"", ""OrgDesc"": ""China"", ""Name"": ""WANG Zifei"", ""Order"": 1, ""BirthDate"": ""2007-03-09""}, {""Reg"": ""237692"", ""Bib"": ""1027"", ""Org"": ""CHN"", ""OrgDesc"": ""China"", ""Name"": ""DU Yuchen"", ""Order"": 2, ""BirthDate"": ""2010-06-22""}, {""Reg"": ""240263"", ""Bib"": ""1028"", ""Org"": ""CHN"", ""OrgDesc"": ""China"", ""Name"": ""HAN Jiayu"", ""Order"": 3, ""BirthDate"": ""2001-12-24""}]",射击,2026-09-20,official_medal_record
CHN|SHO|W.R3PTW-------------.----|ME_GOLD|SHOWR3PTW------CHN01,CHN,ME_GOLD,SHO,Shooting,W.R3PTW-------------.----,50m Rifle 3 Positions Women Team,T,People's Republic of China,SHOWR3PTW------CHN01,2026-09-25,W,"[{""Reg"": ""237190"", ""Bib"": ""1026"", ""Org"": ""CHN"", ""OrgDesc"": ""China"", ""Name"": ""WANG Zifei"", ""Order"": 1, ""BirthDate"": ""2007-03-09""}, {""Reg"": ""240263"", ""Bib"": ""1028"", ""Org"": ""CHN"", ""OrgDesc"": ""China"", ""Name"": ""HAN Jiayu"", ""Order"": 2, ""BirthDate"": ""2001-12-24""}, {""Reg"": ""243524"", ""Bib"": ""1029"", ""Org"": ""CHN"", ""OrgDesc"": ""China"", ""Name"": ""ZHANG Liyuan"", ""Order"": 3, ""BirthDate"": ""2006-05-26""}]",射击,2026-09-25,official_medal_record
CHN|SHO|W.R3PW--------------.----|ME_GOLD|240263,CHN,ME_GOLD,SHO,Shooting,W.R3PW--------------.----,50m Rifle 3 Positions Women Individual,A,HAN Jiayu,240263,2026-09-26,W,[],射击,2026-09-26,official_medal_record
CHN|SHO|W.SKTW--------------.----|ME_GOLD|SHOWSKTW-------CHN01,CHN,ME_GOLD,SHO,Shooting,W.SKTW--------------.----,Skeet Women Team,T,People's Republic of China,SHOWSKTW-------CHN01,2026-09-23,W,"[{""Reg"": ""4033590"", ""Bib"": ""1036"", ""Org"": ""CHN"", ""OrgDesc"": ""China"", ""Name"": ""CHE Yufei"", ""Order"": 1, ""BirthDate"": ""1998-11-05""}, {""Reg"": ""4034055"", ""Bib"": ""1037"", ""Org"": ""CHN"", ""OrgDesc"": ""China"", ""Name"": ""JIANG Yiting"", ""Order"": 2, ""BirthDate"": ""2004-08-01""}, {""Reg"": ""5639090"", ""Bib"": ""1042"", ""Org"": ""CHN"", ""OrgDesc"": ""China"", ""Name"": ""JIANG Chaoyu"", ""Order"": 3, ""BirthDate"": ""2004-01-17""}]",射击,2026-09-23,official_medal_record
CHN|SHO|W.SKW---------------.----|ME_GOLD|4034055,CHN,ME_GOLD,SHO,Shooting,W.SKW---------------.----,Skeet Women Individual,A,JIANG Yiting,4034055,2026-09-23,W,[],射击,2026-09-23,official_medal_record
CHN|SHO|W.SPTW--------------.----|ME_GOLD|SHOWSPTW-------CHN01,CHN,ME_GOLD,SHO,Shooting,W.SPTW--------------.----,25m Pistol Women Team,T,People's Republic of China,SHOWSPTW-------CHN01,2026-09-28,W,"[{""Reg"": ""12483835"", ""Bib"": ""1020"", ""Org"": ""CHN"", ""OrgDesc"": ""China"", ""Name"": ""YAO Qianxun"", ""Order"": 1, ""BirthDate"": ""2005-03-13""}, {""Reg"": ""12488105"", ""Bib"": ""1024"", ""Org"": ""CHN"", ""OrgDesc"": ""China"", ""Name"": ""XIAO Jiaruixuan"", ""Order"": 2, ""BirthDate"": ""2002-06-04""}, {""Reg"": ""12488763"", ""Bib"": ""1025"", ""Org"": ""CHN"", ""OrgDesc"": ""China"", ""Name"": ""SHANG Kaiyan"", ""Order"": 3, ""BirthDate"": ""2000-04-28""}]",射击,2026-09-28,official_medal_record
CHN|SHO|W.SPW---------------.----|ME_GOLD|12488105,CHN,ME_GOLD,SHO,Shooting,W.SPW---------------.----,25m Pistol Women Individual,A,XIAO Jiaruixuan,12488105,2026-09-28,W,[],射击,2026-09-28,official_medal_record
CHN|SHO|W.TRTW--------------.----|ME_GOLD|SHOWTRTW-------CHN01,CHN,ME_GOLD,SHO,Shooting,W.TRTW--------------.----,Trap Women Team,T,People's Republic of China,SHOWTRTW-------CHN01,2026-09-29,W,"[{""Reg"": ""4032790"", ""Bib"": ""1035"", ""Org"": ""CHN"", ""OrgDesc"": ""China"", ""Name"": ""LIU Shanshan"", ""Order"": 1, ""BirthDate"": ""2002-10-05""}, {""Reg"": ""8951685"", ""Bib"": ""1043"", ""Org"": ""CHN"", ""OrgDesc"": ""China"", ""Name"": ""SUN Yunong"", ""Order"": 2, ""BirthDate"": ""2000-09-20""}, {""Reg"": ""8952218"", ""Bib"": ""1044"", ""Org"": ""CHN"", ""OrgDesc"": ""China"", ""Name"": ""ZHU Jingyu"", ""Order"": 3, ""BirthDate"": ""1991-11-08""}]",射击,2026-09-29,official_medal_record
CHN|SHO|X.ARMT--------------.----|ME_GOLD|SHOXARMT-------CHN01,CHN,ME_GOLD,SHO,Shooting,X.ARMT--------------.----,10m Air Rifle Mixed Team,T,People's Republic of China,SHOXARMT-------CHN01,2026-09-22,X,"[{""Reg"": ""237190"", ""Bib"": ""1026"", ""Org"": ""CHN"", ""OrgDesc"": ""China"", ""Name"": ""WANG Zifei"", ""Order"": 1, ""BirthDate"": ""2007-03-09""}, {""Reg"": ""8972950"", ""Bib"": ""1048"", ""Org"": ""CHN"", ""OrgDesc"": ""China"", ""Name"": ""SHENG Lihao"", ""Order"": 2, ""BirthDate"": ""2004-12-04""}]",射击,2026-09-22,official_medal_record
CHN|SHO|X.SKMT--------------.----|ME_GOLD|SHOXSKMT-------CHN01,CHN,ME_GOLD,SHO,Shooting,X.SKMT--------------.----,Skeet Mixed Team,T,People's Republic of China,SHOXSKMT-------CHN01,2026-09-24,X,"[{""Reg"": ""4029838"", ""Bib"": ""1033"", ""Org"": ""CHN"", ""OrgDesc"": ""China"", ""Name"": ""LYU Jianlin"", ""Order"": 1, ""BirthDate"": ""1996-07-26""}, {""Reg"": ""4034055"", ""Bib"": ""1037"", ""Org"": ""CHN"", ""OrgDesc"": ""China"", ""Name"": ""JIANG Yiting"", ""Order"": 2, ""BirthDate"": ""2004-08-01""}]",射击,2026-09-24,official_medal_record
CHN|SHO|M.APM---------------.----|ME_SILVER|12483494,CHN,ME_SILVER,SHO,Shooting,M.APM---------------.----,10m Air Pistol Men Individual,A,HU Kai,12483494,2026-09-24,M,[],射击,2026-09-24,official_medal_record
CHN|SHO|M.R3PM--------------.----|ME_SILVER|8964996,CHN,ME_SILVER,SHO,Shooting,M.R3PM--------------.----,50m Rifle 3 Positions Men Individual,A,ZHANG Changhong,8964996,2026-09-25,M,[],射击,2026-09-25,official_medal_record
CHN|SHO|M.RFPM--------------.----|ME_SILVER|12484782,CHN,ME_SILVER,SHO,Shooting,M.RFPM--------------.----,25m Rapid Fire Pistol Men Individual,A,SU Lianbofan,12484782,2026-10-01,M,[],射击,2026-10-01,official_medal_record
CHN|SHO|M.RFPTM-------------.----|ME_SILVER|SHOMRFPTM------CHN01,CHN,ME_SILVER,SHO,Shooting,M.RFPTM-------------.----,25m Rapid Fire Pistol Men Team,T,People's Republic of China,SHOMRFPTM------CHN01,2026-10-01,M,"[{""Reg"": ""12484782"", ""Bib"": ""1021"", ""Org"": ""CHN"", ""OrgDesc"": ""China"", ""Name"": ""SU Lianbofan"", ""Order"": 1, ""BirthDate"": ""2004-11-27""}, {""Reg"": ""5442828"", ""Bib"": ""1038"", ""Org"": ""CHN"", ""OrgDesc"": ""China"", ""Name"": ""HE Shiyu"", ""Order"": 2, ""BirthDate"": ""1999-08-20""}, {""Reg"": ""5445649"", ""Bib"": ""1041"", ""Org"": ""CHN"", ""OrgDesc"": ""China"", ""Name"": ""YANG Yuhao"", ""Order"": 3, ""BirthDate"": ""2006-03-18""}]",射击,2026-10-01,official_medal_record
CHN|SHO|M.SKM---------------.----|ME_SILVER|4029838,CHN,ME_SILVER,SHO,Shooting,M.SKM---------------.----,Skeet Men Individual,A,LYU Jianlin,4029838,2026-09-23,M,[],射击,2026-09-23,official_medal_record
CHN|SHO|W.APW---------------.----|ME_SILVER|5443629,CHN,ME_SILVER,SHO,Shooting,W.APW---------------.----,10m Air Pistol Women Individual,A,SHEN Yiyao,5443629,2026-09-23,W,[],射击,2026-09-23,official_medal_record
CHN|SHO|W.R3PW--------------.----|ME_SILVER|243524,CHN,ME_SILVER,SHO,Shooting,W.R3PW--------------.----,50m Rifle 3 Positions Women Individual,A,ZHANG Liyuan,243524,2026-09-26,W,[],射击,2026-09-26,official_medal_record
CHN|SHO|W.TRW---------------.----|ME_SILVER|8951685,CHN,ME_SILVER,SHO,Shooting,W.TRW---------------.----,Trap Women Individual,A,SUN Yunong,8951685,2026-09-29,W,[],射击,2026-09-29,official_medal_record
CHN|SHO|M.APM---------------.----|ME_BRONZE|12486043,CHN,ME_BRONZE,SHO,Shooting,M.APM---------------.----,10m Air Pistol Men Individual,A,BU Shuaihang,12486043,2026-09-24,M,[],射击,2026-09-24,official_medal_record
CHN|SHO|M.TRM---------------.----|ME_BRONZE|4028757,CHN,ME_BRONZE,SHO,Shooting,M.TRM---------------.----,Trap Men Individual,A,QI Ying,4028757,2026-09-29,M,[],射击,2026-09-29,official_medal_record
CHN|SHO|W.APW---------------.----|ME_BRONZE|5443446,CHN,ME_BRONZE,SHO,Shooting,W.APW---------------.----,10m Air Pistol Women Individual,A,JIANG Ranxin,5443446,2026-09-23,W,[],射击,2026-09-23,official_medal_record
CHN|SHO|X.TRMT--------------.----|ME_BRONZE|SHOXTRMT-------CHN01,CHN,ME_BRONZE,SHO,Shooting,X.TRMT--------------.----,Trap Mixed Team,T,People's Republic of China,SHOXTRMT-------CHN01,2026-09-30,X,"[{""Reg"": ""4028757"", ""Bib"": ""1031"", ""Org"": ""CHN"", ""OrgDesc"": ""China"", ""Name"": ""QI Ying"", ""Order"": 1, ""BirthDate"": ""1997-01-23""}, {""Reg"": ""8951685"", ""Bib"": ""1043"", ""Org"": ""CHN"", ""OrgDesc"": ""China"", ""Name"": ""SUN Yunong"", ""Order"": 2, ""BirthDate"": ""2000-09-20""}]",射击,2026-09-30,official_medal_record
CHN|SKB|W.STREET------------.----|ME_GOLD|684721,CHN,ME_GOLD,SKB,Skateboarding,W.STREET------------.----,Women's Street,A,ZHU Yuanling,684721,2026-09-27,W,[],滑板,2026-09-27,official_medal_record
CHN|SKB|W.STREET------------.----|ME_BRONZE|684567,CHN,ME_BRONZE,SKB,Skateboarding,W.STREET------------.----,Women's Street,A,CUI Chenxi,684567,2026-09-27,W,[],滑板,2026-09-27,official_medal_record
CHN|SRF|W.SHORTBRD----------.FNL-|ME_SILVER|8431760,CHN,ME_SILVER,SRF,Surfing,W.SHORTBRD----------.FNL-,Women's Shortboard Finals,A,YANG Siqi,8431760,2026-09-29,W,[],冲浪,2026-09-29,official_medal_record
CHN|SWA|O.TEAM8-------------.----|ME_GOLD|SWAOTEAM8------CHN01,CHN,ME_GOLD,SWA,Artistic Swimming,O.TEAM8-------------.----,Mixed Team,T,People's Republic of China,SWAOTEAM8------CHN01,2026-09-26,O,"[{""Reg"": ""14072369"", ""Bib"": """", ""Org"": ""CHN"", ""OrgDesc"": ""China"", ""Name"": ""CHANG Hao"", ""Order"": 1, ""BirthDate"": ""1997-04-28""}, {""Reg"": ""14072992"", ""Bib"": """", ""Org"": ""CHN"", ""OrgDesc"": ""China"", ""Name"": ""LIN Yanhan"", ""Order"": 2, ""BirthDate"": ""2002-08-01""}, {""Reg"": ""14073340"", ""Bib"": """", ""Org"": ""CHN"", ""OrgDesc"": ""China"", ""Name"": ""LIN Yanjun"", ""Order"": 3, ""BirthDate"": ""2002-08-01""}, {""Reg"": ""14073789"", ""Bib"": """", ""Org"": ""CHN"", ""OrgDesc"": ""China"", ""Name"": ""LI Xiuchen"", ""Order"": 4, ""BirthDate"": ""2001-01-30""}, {""Reg"": ""14074224"", ""Bib"": """", ""Org"": ""CHN"", ""OrgDesc"": ""China"", ""Name"": ""ZHANG Xiaoyou"", ""Order"": 5, ""BirthDate"": ""2004-04-23""}, {""Reg"": ""14074538"", ""Bib"": """", ""Org"": ""CHN"", ""OrgDesc"": ""China"", ""Name"": ""XU Huiyan"", ""Order"": 6, ""BirthDate"": ""2005-10-09""}, {""Reg"": ""14074636"", ""Bib"": """", ""Org"": ""CHN"", ""OrgDesc"": ""China"", ""Name"": ""ZHANG Yayi"", ""Order"": 7, ""BirthDate"": ""1997-05-06""}, {""Reg"": ""14074842"", ""Bib"": """", ""Org"": ""CHN"", ""OrgDesc"": ""China"", ""Name"": ""XIANG Binxuan"", ""Order"": 8, ""BirthDate"": ""2001-11-16""}, {""Reg"": ""14074945"", ""Bib"": """", ""Org"": ""CHN"", ""OrgDesc"": ""China"", ""Name"": ""DAI Shiyi"", ""Order"": 9, ""BirthDate"": ""1998-11-04""}, {""Reg"": ""14075154"", ""Bib"": """", ""Org"": ""CHN"", ""OrgDesc"": ""China"", ""Name"": ""GUO Muye"", ""Order"": 10, ""BirthDate"": ""2008-05-08""}]",花样游泳,2026-09-26,official_medal_record
CHN|SWA|W.TEAM2-------------.----|ME_GOLD|SWAWTEAM2------CHN01,CHN,ME_GOLD,SWA,Artistic Swimming,W.TEAM2-------------.----,Duet,D,LIN Yanjun / XU Huiyan,SWAWTEAM2------CHN01,2026-09-27,W,"[{""Reg"": ""14073340"", ""Bib"": """", ""Org"": ""CHN"", ""OrgDesc"": ""China"", ""Name"": ""LIN Yanjun"", ""Order"": 1, ""BirthDate"": ""2002-08-01""}, {""Reg"": ""14074538"", ""Bib"": """", ""Org"": ""CHN"", ""OrgDesc"": ""China"", ""Name"": ""XU Huiyan"", ""Order"": 2, ""BirthDate"": ""2005-10-09""}, {""Reg"": ""14072992"", ""Bib"": """", ""Org"": ""CHN"", ""OrgDesc"": ""China"", ""Name"": ""LIN Yanhan"", ""Order"": 3, ""BirthDate"": ""2002-08-01""}]",花样游泳,2026-09-27,official_medal_record
CHN|SWM|M.100MBA------------.----|ME_GOLD|12368124,CHN,ME_GOLD,SWM,Swimming,M.100MBA------------.----,Men's 100m Backstroke,A,XU Jiayu,12368124,2026-09-20,M,[],游泳,2026-09-20,official_medal_record
CHN|SWM|M.100MBR------------.----|ME_GOLD|12367398,CHN,ME_GOLD,SWM,Swimming,M.100MBR------------.----,Men's 100m Breaststroke,A,DONG Zhihao,12367398,2026-09-21,M,[],游泳,2026-09-21,official_medal_record
CHN|SWM|M.100MFR------------.----|ME_GOLD|12368738,CHN,ME_GOLD,SWM,Swimming,M.100MFR------------.----,Men's 100m Freestyle,A,PAN Zhanle,12368738,2026-09-20,M,[],游泳,2026-09-20,official_medal_record
CHN|SWM|M.1500MFR-----------.----|ME_GOLD|12371343,CHN,ME_GOLD,SWM,Swimming,M.1500MFR-----------.----,Men's 1500m Freestyle,A,ZHANG Zhanshuo,12371343,2026-09-22,M,[],游泳,2026-09-22,official_medal_record
CHN|SWM|M.200MFR------------.----|ME_GOLD|12371343,CHN,ME_GOLD,SWM,Swimming,M.200MFR------------.----,Men's 200m Freestyle,A,ZHANG Zhanshuo,12371343,2026-09-23,M,[],游泳,2026-09-23,official_medal_record
CHN|SWM|M.400MFR------------.----|ME_GOLD|12371343,CHN,ME_GOLD,SWM,Swimming,M.400MFR------------.----,Men's 400m Freestyle,A,ZHANG Zhanshuo,12371343,2026-09-25,M,[],游泳,2026-09-25,official_medal_record
CHN|SWM|M.4X100MFR----------.----|ME_GOLD|SWMM4X100MFR---CHN01,CHN,ME_GOLD,SWM,Swimming,M.4X100MFR----------.----,Men's 4 x 100m Freestyle Relay,T,People's Republic of China,SWMM4X100MFR---CHN01,2026-09-24,M,"[{""Reg"": ""12367230"", ""Bib"": """", ""Org"": ""CHN"", ""OrgDesc"": ""China"", ""Name"": ""XU Fang"", ""Order"": 0, ""BirthDate"": ""2003-05-27""}, {""Reg"": ""12371153"", ""Bib"": """", ""Org"": ""CHN"", ""OrgDesc"": ""China"", ""Name"": ""XU Haibo"", ""Order"": 0, ""BirthDate"": ""2007-11-27""}, {""Reg"": ""12368738"", ""Bib"": """", ""Org"": ""CHN"", ""OrgDesc"": ""China"", ""Name"": ""PAN Zhanle"", ""Order"": 1, ""BirthDate"": ""2004-08-04""}, {""Reg"": ""12368972"", ""Bib"": """", ""Org"": ""CHN"", ""OrgDesc"": ""China"", ""Name"": ""WANG Haoyu"", ""Order"": 2, ""BirthDate"": ""2005-07-27""}, {""Reg"": ""12371343"", ""Bib"": """", ""Org"": ""CHN"", ""OrgDesc"": ""China"", ""Name"": ""ZHANG Zhanshuo"", ""Order"": 3, ""BirthDate"": ""2007-05-14""}, {""Reg"": ""12373394"", ""Bib"": """", ""Org"": ""CHN"", ""OrgDesc"": ""China"", ""Name"": ""ZHAO Jiayue"", ""Order"": 4, ""BirthDate"": ""2006-10-22""}]",游泳,2026-09-24,official_medal_record
CHN|SWM|M.4X100MMD----------.----|ME_GOLD|SWMM4X100MMD---CHN01,CHN,ME_GOLD,SWM,Swimming,M.4X100MMD----------.----,Men's 4 x 100m Medley Relay,T,People's Republic of China,SWMM4X100MMD---CHN01,2026-09-22,M,"[{""Reg"": ""12371343"", ""Bib"": """", ""Org"": ""CHN"", ""OrgDesc"": ""China"", ""Name"": ""ZHANG Zhanshuo"", ""Order"": 0, ""BirthDate"": ""2007-05-14""}, {""Reg"": ""12373093"", ""Bib"": """", ""Org"": ""CHN"", ""OrgDesc"": ""China"", ""Name"": ""JIANG Chenglin"", ""Order"": 0, ""BirthDate"": ""2005-03-25""}, {""Reg"": ""12367710"", ""Bib"": """", ""Org"": ""CHN"", ""OrgDesc"": ""China"", ""Name"": ""QIN Haiyang"", ""Order"": 0, ""BirthDate"": ""1999-05-17""}, {""Reg"": ""12369496"", ""Bib"": """", ""Org"": ""CHN"", ""OrgDesc"": ""China"", ""Name"": ""WANG Xizhe"", ""Order"": 0, ""BirthDate"": ""2006-02-18""}, {""Reg"": ""12367230"", ""Bib"": """", ""Org"": ""CHN"", ""OrgDesc"": ""China"", ""Name"": ""XU Fang"", ""Order"": 1, ""BirthDate"": ""2003-05-27""}, {""Reg"": ""12367398"", ""Bib"": """", ""Org"": ""CHN"", ""OrgDesc"": ""China"", ""Name"": ""DONG Zhihao"", ""Order"": 2, ""BirthDate"": ""2005-03-31""}, {""Reg"": ""12368124"", ""Bib"": """", ""Org"": ""CHN"", ""OrgDesc"": ""China"", ""Name"": ""XU Jiayu"", ""Order"": 3, ""BirthDate"": ""1995-08-19""}, {""Reg"": ""12368738"", ""Bib"": """", ""Org"": ""CHN"", ""OrgDesc"": ""China"", ""Name"": ""PAN Zhanle"", ""Order"": 4, ""BirthDate"": ""2004-08-04""}]",游泳,2026-09-22,official_medal_record
CHN|SWM|M.4X200MFR----------.----|ME_GOLD|SWMM4X200MFR---CHN01,CHN,ME_GOLD,SWM,Swimming,M.4X200MFR----------.----,Men's 4 x 200m Freestyle Relay,T,People's Republic of China,SWMM4X200MFR---CHN01,2026-09-21,M,"[{""Reg"": ""12368972"", ""Bib"": """", ""Org"": ""CHN"", ""OrgDesc"": ""China"", ""Name"": ""WANG Haoyu"", ""Order"": 1, ""BirthDate"": ""2005-07-27""}, {""Reg"": ""12373394"", ""Bib"": """", ""Org"": ""CHN"", ""OrgDesc"": ""China"", ""Name"": ""ZHAO Jiayue"", ""Order"": 2, ""BirthDate"": ""2006-10-22""}, {""Reg"": ""12368738"", ""Bib"": """", ""Org"": ""CHN"", ""OrgDesc"": ""China"", ""Name"": ""PAN Zhanle"", ""Order"": 3, ""BirthDate"": ""2004-08-04""}, {""Reg"": ""12369153"", ""Bib"": """", ""Org"": ""CHN"", ""OrgDesc"": ""China"", ""Name"": ""FEI Liwei"", ""Order"": 4, ""BirthDate"": ""2003-03-12""}, {""Reg"": ""12369670"", ""Bib"": """", ""Org"": ""CHN"", ""OrgDesc"": ""China"", ""Name"": ""WANG Shun"", ""Order"": 5, ""BirthDate"": ""1994-02-11""}, {""Reg"": ""12371153"", ""Bib"": """", ""Org"": ""CHN"", ""OrgDesc"": ""China"", ""Name"": ""XU Haibo"", ""Order"": 6, ""BirthDate"": ""2007-11-27""}, {""Reg"": ""12371343"", ""Bib"": """", ""Org"": ""CHN"", ""OrgDesc"": ""China"", ""Name"": ""ZHANG Zhanshuo"", ""Order"": 7, ""BirthDate"": ""2007-05-14""}]",游泳,2026-09-21,official_medal_record
CHN|SWM|M.50MBA-------------.----|ME_GOLD|12368124,CHN,ME_GOLD,SWM,Swimming,M.50MBA-------------.----,Men's 50m Backstroke,A,XU Jiayu,12368124,2026-09-21,M,[],游泳,2026-09-21,official_medal_record
CHN|SWM|M.50MBR-------------.----|ME_GOLD|12367710,CHN,ME_GOLD,SWM,Swimming,M.50MBR-------------.----,Men's 50m Breaststroke,A,QIN Haiyang,12367710,2026-09-25,M,[],游泳,2026-09-25,official_medal_record
CHN|SWM|M.800MFR------------.----|ME_GOLD|12371343,CHN,ME_GOLD,SWM,Swimming,M.800MFR------------.----,Men's 800m Freestyle,A,ZHANG Zhanshuo,12371343,2026-09-24,M,[],游泳,2026-09-24,official_medal_record
CHN|SWM|W.100MBA------------.----|ME_GOLD|12381947,CHN,ME_GOLD,SWM,Swimming,W.100MBA------------.----,Women's 100m Backstroke,A,PENG Xuwei,12381947,2026-09-23,W,[],游泳,2026-09-23,official_medal_record
CHN|SWM|W.100MBF------------.----|ME_GOLD|12381373,CHN,ME_GOLD,SWM,Swimming,W.100MBF------------.----,Women's 100m Butterfly,A,YU Yiting,12381373,2026-09-23,W,[],游泳,2026-09-23,official_medal_record
CHN|SWM|W.100MBR------------.----|ME_GOLD|12379624,CHN,ME_GOLD,SWM,Swimming,W.100MBR------------.----,Women's 100m Breaststroke,A,TANG Qianting,12379624,2026-09-23,W,[],游泳,2026-09-23,official_medal_record
CHN|SWM|W.1500MFR-----------.----|ME_GOLD|1033638,CHN,ME_GOLD,SWM,Swimming,W.1500MFR-----------.----,Women's 1500m Freestyle,A,LI Bingjie,1033638,2026-09-20,W,[],游泳,2026-09-20,official_medal_record
CHN|SWM|W.200MBA------------.----|ME_GOLD|12381947,CHN,ME_GOLD,SWM,Swimming,W.200MBA------------.----,Women's 200m Backstroke,A,PENG Xuwei,12381947,2026-09-22,W,[],游泳,2026-09-22,official_medal_record
CHN|SWM|W.200MBF------------.----|ME_GOLD|12381237,CHN,ME_GOLD,SWM,Swimming,W.200MBF------------.----,Women's 200m Butterfly,A,YU Zidi,12381237,2026-09-20,W,[],游泳,2026-09-20,official_medal_record
CHN|SWM|W.200MIM------------.----|ME_GOLD|12381237,CHN,ME_GOLD,SWM,Swimming,W.200MIM------------.----,Women's 200m Individual Medley,A,YU Zidi,12381237,2026-09-21,W,[],游泳,2026-09-21,official_medal_record
CHN|SWM|W.400MFR------------.----|ME_GOLD|1033638,CHN,ME_GOLD,SWM,Swimming,W.400MFR------------.----,Women's 400m Freestyle,A,LI Bingjie,1033638,2026-09-22,W,[],游泳,2026-09-22,official_medal_record
CHN|SWM|W.400MIM------------.----|ME_GOLD|12381237,CHN,ME_GOLD,SWM,Swimming,W.400MIM------------.----,Women's 400m Individual Medley,A,YU Zidi,12381237,2026-09-23,W,[],游泳,2026-09-23,official_medal_record
CHN|SWM|W.4X100MFR----------.----|ME_GOLD|SWMW4X100MFR---CHN01,CHN,ME_GOLD,SWM,Swimming,W.4X100MFR----------.----,Women's 4 x 100m Freestyle Relay,T,People's Republic of China,SWMW4X100MFR---CHN01,2026-09-20,W,"[{""Reg"": ""12375568"", ""Bib"": """", ""Org"": ""CHN"", ""OrgDesc"": ""China"", ""Name"": ""LIU Yaxin"", ""Order"": 1, ""BirthDate"": ""1999-06-16""}, {""Reg"": ""12378882"", ""Bib"": """", ""Org"": ""CHN"", ""OrgDesc"": ""China"", ""Name"": ""ZHANG Yufei"", ""Order"": 2, ""BirthDate"": ""1998-04-19""}, {""Reg"": ""12377689"", ""Bib"": """", ""Org"": ""CHN"", ""OrgDesc"": ""China"", ""Name"": ""WU Qingfeng"", ""Order"": 3, ""BirthDate"": ""2003-01-28""}, {""Reg"": ""12382460"", ""Bib"": """", ""Org"": ""CHN"", ""OrgDesc"": ""China"", ""Name"": ""FAN Yaqi"", ""Order"": 4, ""BirthDate"": ""2011-02-12""}, {""Reg"": ""12381373"", ""Bib"": """", ""Org"": ""CHN"", ""OrgDesc"": ""China"", ""Name"": ""YU Yiting"", ""Order"": 5, ""BirthDate"": ""2005-09-05""}, {""Reg"": ""1033638"", ""Bib"": """", ""Org"": ""CHN"", ""OrgDesc"": ""China"", ""Name"": ""LI Bingjie"", ""Order"": 6, ""BirthDate"": ""2002-03-03""}, {""Reg"": ""12378054"", ""Bib"": """", ""Org"": ""CHN"", ""OrgDesc"": ""China"", ""Name"": ""CHENG Yujie"", ""Order"": 7, ""BirthDate"": ""2005-09-22""}, {""Reg"": ""12383153"", ""Bib"": """", ""Org"": ""CHN"", ""OrgDesc"": ""China"", ""Name"": ""LI Jiaping"", ""Order"": 8, ""BirthDate"": ""2004-05-29""}]",游泳,2026-09-20,official_medal_record
CHN|SWM|W.4X100MMD----------.----|ME_GOLD|SWMW4X100MMD---CHN01,CHN,ME_GOLD,SWM,Swimming,W.4X100MMD----------.----,Women's 4 x 100m Medley Relay,T,People's Republic of China,SWMW4X100MMD---CHN01,2026-09-25,W,"[{""Reg"": ""R0070"", ""Bib"": """", ""Org"": ""CHN"", ""OrgDesc"": ""China"", ""Name"": ""YU Yiting"", ""Order"": 0, ""BirthDate"": """"}, {""Reg"": ""12378054"", ""Bib"": """", ""Org"": ""CHN"", ""OrgDesc"": ""China"", ""Name"": ""CHENG Yujie"", ""Order"": 0, ""BirthDate"": ""2005-09-22""}, {""Reg"": ""12379839"", ""Bib"": """", ""Org"": ""CHN"", ""OrgDesc"": ""China"", ""Name"": ""YANG Chang"", ""Order"": 0, ""BirthDate"": ""2001-09-16""}, {""Reg"": ""12381947"", ""Bib"": """", ""Org"": ""CHN"", ""OrgDesc"": ""China"", ""Name"": ""PENG Xuwei"", ""Order"": 0, ""BirthDate"": ""2003-01-15""}, {""Reg"": ""R0074"", ""Bib"": """", ""Org"": ""CHN"", ""OrgDesc"": ""China"", ""Name"": ""ZHANG Yufei"", ""Order"": 0, ""BirthDate"": """"}, {""Reg"": ""11721930"", ""Bib"": """", ""Org"": ""CHN"", ""OrgDesc"": ""China"", ""Name"": ""LI Wanwei"", ""Order"": 1, ""BirthDate"": ""2009-04-20""}, {""Reg"": ""12378882"", ""Bib"": """", ""Org"": ""CHN"", ""OrgDesc"": ""China"", ""Name"": ""ZHANG Yufei"", ""Order"": 2, ""BirthDate"": ""1998-04-19""}, {""Reg"": ""12379624"", ""Bib"": """", ""Org"": ""CHN"", ""OrgDesc"": ""China"", ""Name"": ""TANG Qianting"", ""Order"": 3, ""BirthDate"": ""2004-03-14""}, {""Reg"": ""12381373"", ""Bib"": """", ""Org"": ""CHN"", ""OrgDesc"": ""China"", ""Name"": ""YU Yiting"", ""Order"": 4, ""BirthDate"": ""2005-09-05""}]",游泳,2026-09-25,official_medal_record
CHN|SWM|W.4X200MFR----------.----|ME_GOLD|SWMW4X200MFR---CHN01,CHN,ME_GOLD,SWM,Swimming,W.4X200MFR----------.----,Women's 4 x 200m Freestyle Relay,T,People's Republic of China,SWMW4X200MFR---CHN01,2026-09-24,W,"[{""Reg"": ""1033638"", ""Bib"": """", ""Org"": ""CHN"", ""OrgDesc"": ""China"", ""Name"": ""LI Bingjie"", ""Order"": 0, ""BirthDate"": ""2002-03-03""}, {""Reg"": ""R0026"", ""Bib"": """", ""Org"": ""CHN"", ""OrgDesc"": ""China"", ""Name"": ""LI Bingjie"", ""Order"": 0, ""BirthDate"": """"}, {""Reg"": ""12381373"", ""Bib"": """", ""Org"": ""CHN"", ""OrgDesc"": ""China"", ""Name"": ""YU Yiting"", ""Order"": 0, ""BirthDate"": ""2005-09-05""}, {""Reg"": ""12378054"", ""Bib"": """", ""Org"": ""CHN"", ""OrgDesc"": ""China"", ""Name"": ""CHENG Yujie"", ""Order"": 0, ""BirthDate"": ""2005-09-22""}, {""Reg"": ""8965701"", ""Bib"": """", ""Org"": ""CHN"", ""OrgDesc"": ""China"", ""Name"": ""GAO Weizhong"", ""Order"": 0, ""BirthDate"": ""2008-03-18""}, {""Reg"": ""12375568"", ""Bib"": """", ""Org"": ""CHN"", ""OrgDesc"": ""China"", ""Name"": ""LIU Yaxin"", ""Order"": 1, ""BirthDate"": ""1999-06-16""}, {""Reg"": ""12382460"", ""Bib"": """", ""Org"": ""CHN"", ""OrgDesc"": ""China"", ""Name"": ""FAN Yaqi"", ""Order"": 2, ""BirthDate"": ""2011-02-12""}, {""Reg"": ""12383153"", ""Bib"": """", ""Org"": ""CHN"", ""OrgDesc"": ""China"", ""Name"": ""LI Jiaping"", ""Order"": 3, ""BirthDate"": ""2004-05-29""}, {""Reg"": ""12383383"", ""Bib"": """", ""Org"": ""CHN"", ""OrgDesc"": ""China"", ""Name"": ""YANG Peiqi"", ""Order"": 4, ""BirthDate"": ""2007-05-10""}]",游泳,2026-09-24,official_medal_record
CHN|SWM|W.50MBA-------------.----|ME_GOLD|12378456,CHN,ME_GOLD,SWM,Swimming,W.50MBA-------------.----,Women's 50m Backstroke,A,WAN Letian,12378456,2026-09-21,W,[],游泳,2026-09-21,official_medal_record
CHN|SWM|W.50MBF-------------.----|ME_GOLD|12378882,CHN,ME_GOLD,SWM,Swimming,W.50MBF-------------.----,Women's 50m Butterfly,A,ZHANG Yufei,12378882,2026-09-25,W,[],游泳,2026-09-25,official_medal_record
CHN|SWM|W.50MBR-------------.----|ME_GOLD|12379624,CHN,ME_GOLD,SWM,Swimming,W.50MBR-------------.----,Women's 50m Breaststroke,A,TANG Qianting,12379624,2026-09-20,W,[],游泳,2026-09-20,official_medal_record
CHN|SWM|W.50MFR-------------.----|ME_GOLD|12377689,CHN,ME_GOLD,SWM,Swimming,W.50MFR-------------.----,Women's 50m Freestyle,A,WU Qingfeng,12377689,2026-09-24,W,[],游泳,2026-09-24,official_medal_record
CHN|SWM|W.800MFR------------.----|ME_GOLD|1033638,CHN,ME_GOLD,SWM,Swimming,W.800MFR------------.----,Women's 800m Freestyle,A,LI Bingjie,1033638,2026-09-25,W,[],游泳,2026-09-25,official_medal_record
CHN|SWM|X.4X100MMD----------.----|ME_GOLD|SWMX4X100MMD---CHN01,CHN,ME_GOLD,SWM,Swimming,X.4X100MMD----------.----,Mixed 4 x 100m Medley Relay,T,People's Republic of China,SWMX4X100MMD---CHN01,2026-09-23,X,"[{""Reg"": ""12368124"", ""Bib"": """", ""Org"": ""CHN"", ""OrgDesc"": ""China"", ""Name"": ""XU Jiayu"", ""Order"": 0, ""BirthDate"": ""1995-08-19""}, {""Reg"": ""12367710"", ""Bib"": """", ""Org"": ""CHN"", ""OrgDesc"": ""China"", ""Name"": ""QIN Haiyang"", ""Order"": 0, ""BirthDate"": ""1999-05-17""}, {""Reg"": ""R0068"", ""Bib"": """", ""Org"": ""CHN"", ""OrgDesc"": ""China"", ""Name"": ""XU Jiayu"", ""Order"": 0, ""BirthDate"": """"}, {""Reg"": ""12367398"", ""Bib"": """", ""Org"": ""CHN"", ""OrgDesc"": ""China"", ""Name"": ""DONG Zhihao"", ""Order"": 0, ""BirthDate"": ""2005-03-31""}, {""Reg"": ""12378054"", ""Bib"": """", ""Org"": ""CHN"", ""OrgDesc"": ""China"", ""Name"": ""CHENG Yujie"", ""Order"": 0, ""BirthDate"": ""2005-09-22""}, {""Reg"": ""R0075"", ""Bib"": """", ""Org"": ""CHN"", ""OrgDesc"": ""China"", ""Name"": ""ZHANG Yufei"", ""Order"": 0, ""BirthDate"": """"}, {""Reg"": ""11721930"", ""Bib"": """", ""Org"": ""CHN"", ""OrgDesc"": ""China"", ""Name"": ""LI Wanwei"", ""Order"": 0, ""BirthDate"": ""2009-04-20""}, {""Reg"": ""12381373"", ""Bib"": """", ""Org"": ""CHN"", ""OrgDesc"": ""China"", ""Name"": ""YU Yiting"", ""Order"": 0, ""BirthDate"": ""2005-09-05""}, {""Reg"": ""R0052"", ""Bib"": """", ""Org"": ""CHN"", ""OrgDesc"": ""China"", ""Name"": ""QIN Haiyang"", ""Order"": 0, ""BirthDate"": """"}, {""Reg"": ""12378882"", ""Bib"": """", ""Org"": ""CHN"", ""OrgDesc"": ""China"", ""Name"": ""ZHANG Yufei"", ""Order"": 0, ""BirthDate"": ""1998-04-19""}, {""Reg"": ""12367230"", ""Bib"": """", ""Org"": ""CHN"", ""OrgDesc"": ""China"", ""Name"": ""XU Fang"", ""Order"": 0, ""BirthDate"": ""2003-05-27""}, {""Reg"": ""R0070"", ""Bib"": """", ""Org"": ""CHN"", ""OrgDesc"": ""China"", ""Name"": ""YU Yiting"", ""Order"": 0, ""BirthDate"": """"}]",游泳,2026-09-23,official_medal_record
CHN|SWM|M.100MBF------------.----|ME_SILVER|12367230,CHN,ME_SILVER,SWM,Swimming,M.100MBF------------.----,Men's 100m Butterfly,A,XU Fang,12367230,2026-09-23,M,[],游泳,2026-09-23,official_medal_record
CHN|SWM|M.200MBF------------.----|ME_SILVER|12367230,CHN,ME_SILVER,SWM,Swimming,M.200MBF------------.----,Men's 200m Butterfly,A,XU Fang,12367230,2026-09-25,M,[],游泳,2026-09-25,official_medal_record
CHN|SWM|M.50MBA-------------.----|ME_SILVER|12375059,CHN,ME_SILVER,SWM,Swimming,M.50MBA-------------.----,Men's 50m Backstroke,A,WANG Zicheng,12375059,2026-09-21,M,[],游泳,2026-09-21,official_medal_record
CHN|SWM|M.50MBR-------------.----|ME_SILVER|12370106,CHN,ME_SILVER,SWM,Swimming,M.50MBR-------------.----,Men's 50m Breaststroke,A,LIU Junjie,12370106,2026-09-25,M,[],游泳,2026-09-25,official_medal_record
CHN|SWM|W.100MBF------------.----|ME_SILVER|12378882,CHN,ME_SILVER,SWM,Swimming,W.100MBF------------.----,Women's 100m Butterfly,A,ZHANG Yufei,12378882,2026-09-23,W,[],游泳,2026-09-23,official_medal_record
CHN|SWM|W.100MFR------------.----|ME_SILVER|12381373,CHN,ME_SILVER,SWM,Swimming,W.100MFR------------.----,Women's 100m Freestyle,A,YU Yiting,12381373,2026-09-22,W,[],游泳,2026-09-22,official_medal_record
CHN|SWM|W.200MBA------------.----|ME_SILVER|12382185,CHN,ME_SILVER,SWM,Swimming,W.200MBA------------.----,Women's 200m Backstroke,A,SUN Mingxia,12382185,2026-09-22,W,[],游泳,2026-09-22,official_medal_record
CHN|SWM|W.200MBF------------.----|ME_SILVER|12381110,CHN,ME_SILVER,SWM,Swimming,W.200MBF------------.----,Women's 200m Butterfly,A,CHANG Mohan,12381110,2026-09-20,W,[],游泳,2026-09-20,official_medal_record
CHN|SWM|W.200MFR------------.----|ME_SILVER|12383153,CHN,ME_SILVER,SWM,Swimming,W.200MFR------------.----,Women's 200m Freestyle,A,LI Jiaping,12383153,2026-09-21,W,[],游泳,2026-09-21,official_medal_record
CHN|SWM|W.200MIM------------.----|ME_SILVER|12381373,CHN,ME_SILVER,SWM,Swimming,W.200MIM------------.----,Women's 200m Individual Medley,A,YU Yiting,12381373,2026-09-21,W,[],游泳,2026-09-21,official_medal_record
CHN|SWM|W.400MIM------------.----|ME_SILVER|12376123,CHN,ME_SILVER,SWM,Swimming,W.400MIM------------.----,Women's 400m Individual Medley,A,KE Wenxi,12376123,2026-09-23,W,[],游泳,2026-09-23,official_medal_record
CHN|SWM|W.50MBA-------------.----|ME_SILVER|12378218,CHN,ME_SILVER,SWM,Swimming,W.50MBA-------------.----,Women's 50m Backstroke,A,WANG Xueer,12378218,2026-09-21,W,[],游泳,2026-09-21,official_medal_record
CHN|SWM|W.50MBF-------------.----|ME_SILVER|12377689,CHN,ME_SILVER,SWM,Swimming,W.50MBF-------------.----,Women's 50m Butterfly,A,WU Qingfeng,12377689,2026-09-25,W,[],游泳,2026-09-25,official_medal_record
CHN|SWM|M.100MBR------------.----|ME_BRONZE|12367710,CHN,ME_BRONZE,SWM,Swimming,M.100MBR------------.----,Men's 100m Breaststroke,A,QIN Haiyang,12367710,2026-09-21,M,[],游泳,2026-09-21,official_medal_record
CHN|SWM|M.200MBA------------.----|ME_BRONZE|12368124,CHN,ME_BRONZE,SWM,Swimming,M.200MBA------------.----,Men's 200m Backstroke,A,XU Jiayu,12368124,2026-09-25,M,[],游泳,2026-09-25,official_medal_record
CHN|SWM|M.200MIM------------.----|ME_BRONZE|12369670,CHN,ME_BRONZE,SWM,Swimming,M.200MIM------------.----,Men's 200m Individual Medley,A,WANG Shun,12369670,2026-09-20,M,[],游泳,2026-09-20,official_medal_record
CHN|SWM|M.400MFR------------.----|ME_BRONZE|12369153,CHN,ME_BRONZE,SWM,Swimming,M.400MFR------------.----,Men's 400m Freestyle,A,FEI Liwei,12369153,2026-09-25,M,[],游泳,2026-09-25,official_medal_record
CHN|SWM|M.400MIM------------.----|ME_BRONZE|12369670,CHN,ME_BRONZE,SWM,Swimming,M.400MIM------------.----,Men's 400m Individual Medley,A,WANG Shun,12369670,2026-09-22,M,[],游泳,2026-09-22,official_medal_record
CHN|SWM|M.50MBF-------------.----|ME_BRONZE|12367022,CHN,ME_BRONZE,SWM,Swimming,M.50MBF-------------.----,Men's 50m Butterfly,A,WANG Changhao,12367022,2026-09-24,M,[],游泳,2026-09-24,official_medal_record
CHN|SWM|W.100MFR------------.----|ME_BRONZE|12378054,CHN,ME_BRONZE,SWM,Swimming,W.100MFR------------.----,Women's 100m Freestyle,A,CHENG Yujie,12378054,2026-09-22,W,[],游泳,2026-09-22,official_medal_record
CHN|SWM|W.200MBR------------.----|ME_BRONZE|12381786,CHN,ME_BRONZE,SWM,Swimming,W.200MBR------------.----,Women's 200m Breaststroke,A,ZHU Leiju,12381786,2026-09-24,W,[],游泳,2026-09-24,official_medal_record
CHN|SWM|W.200MFR------------.----|ME_BRONZE|12375568,CHN,ME_BRONZE,SWM,Swimming,W.200MFR------------.----,Women's 200m Freestyle,A,LIU Yaxin,12375568,2026-09-21,W,[],游泳,2026-09-21,official_medal_record
CHN|SWM|W.50MBR-------------.----|ME_BRONZE|12379839,CHN,ME_BRONZE,SWM,Swimming,W.50MBR-------------.----,Women's 50m Breaststroke,A,YANG Chang,12379839,2026-09-20,W,[],游泳,2026-09-20,official_medal_record
CHN|SWM|W.50MFR-------------.----|ME_BRONZE|12378054,CHN,ME_BRONZE,SWM,Swimming,W.50MFR-------------.----,Women's 50m Freestyle,A,CHENG Yujie,12378054,2026-09-24,W,[],游泳,2026-09-24,official_medal_record
CHN|TEN|W.SINGLES-----------.----|ME_GOLD|10337385,CHN,ME_GOLD,TEN,Tennis,W.SINGLES-----------.----,Women's Singles,A,WANG Xiyu,10337385,2026-10-02,W,[],网球,2026-10-02,official_medal_record
CHN|TEN|M.SINGLES-----------.----|ME_SILVER|10336112,CHN,ME_SILVER,TEN,Tennis,M.SINGLES-----------.----,Men's Singles,A,WU Yibing,10336112,2026-10-03,M,[],网球,2026-10-03,official_medal_record
CHN|TEN|W.SINGLES-----------.----|ME_SILVER|10338109,CHN,ME_SILVER,TEN,Tennis,W.SINGLES-----------.----,Women's Singles,A,ZHANG Shuai,10338109,2026-10-02,W,[],网球,2026-10-02,official_medal_record
CHN|TEN|M.DOUBLES-----------.----|ME_BRONZE|TENMDOUBLES----CHN02,CHN,ME_BRONZE,TEN,Tennis,M.DOUBLES-----------.----,Men's Doubles,D,JIANG Fumin / ZHANG Tianhui,TENMDOUBLES----CHN02,2026-10-01,M,"[{""Reg"": ""10336870"", ""Bib"": """", ""Org"": ""CHN"", ""OrgDesc"": ""China"", ""Name"": ""JIANG Fumin"", ""Order"": 1, ""BirthDate"": ""2007-08-27""}, {""Reg"": ""10337282"", ""Bib"": """", ""Org"": ""CHN"", ""OrgDesc"": ""China"", ""Name"": ""ZHANG Tianhui"", ""Order"": 2, ""BirthDate"": ""2006-02-19""}]",网球,2026-10-01,official_medal_record
CHN|TEN|X.DOUBLES-----------.----|ME_BRONZE|TENXDOUBLES----CHN02,CHN,ME_BRONZE,TEN,Tennis,X.DOUBLES-----------.----,Mixed Doubles,D,JIANG Xinyu / ZHANG Tianhui,TENXDOUBLES----CHN02,2026-10-02,X,"[{""Reg"": ""10337797"", ""Bib"": """", ""Org"": ""CHN"", ""OrgDesc"": ""China"", ""Name"": ""JIANG Xinyu"", ""Order"": 1, ""BirthDate"": ""1999-03-03""}, {""Reg"": ""10337282"", ""Bib"": """", ""Org"": ""CHN"", ""OrgDesc"": ""China"", ""Name"": ""ZHANG Tianhui"", ""Order"": 2, ""BirthDate"": ""2006-02-19""}]",网球,2026-10-02,official_medal_record
CHN|TKW|W.49KG--------------.FNL-|ME_GOLD|945033,CHN,ME_GOLD,TKW,Taekwondo,W.49KG--------------.FNL-,Women -49kg Gold Medal Contest,A,MA Jingyue,945033,2026-10-02,W,[],跆拳道,2026-10-02,official_medal_record
CHN|TKW|W.57KG--------------.FNL-|ME_SILVER|945995,CHN,ME_SILVER,TKW,Taekwondo,W.57KG--------------.FNL-,Women -57kg Gold Medal Contest,A,ZHANG Chuling,945995,2026-10-03,W,[],跆拳道,2026-10-03,official_medal_record
CHN|TKW|W.O67KG-------------.FNL-|ME_SILVER|421552,CHN,ME_SILVER,TKW,Taekwondo,W.O67KG-------------.FNL-,Women +67kg Gold Medal Contest,A,MU Wenzhe,421552,2026-10-03,W,[],跆拳道,2026-10-03,official_medal_record
CHN|TRI|W.OLYMPIC-----------.----|ME_GOLD|12743864,CHN,ME_GOLD,TRI,Triathlon,W.OLYMPIC-----------.----,Women's Individual,A,LIN Xinyu,12743864,2026-09-20,W,[],铁人三项,2026-09-20,official_medal_record
CHN|TRI|X.TEAM4-------------.----|ME_GOLD|TRIXTEAM4------CHN01,CHN,ME_GOLD,TRI,Triathlon,X.TEAM4-------------.----,Mixed Relay,T,People's Republic of China,TRIXTEAM4------CHN01,2026-09-21,X,"[{""Reg"": ""12743864"", ""Bib"": ""3/A"", ""Org"": ""CHN"", ""OrgDesc"": ""China"", ""Name"": ""LIN Xinyu"", ""Order"": 1, ""BirthDate"": ""2002-04-24""}, {""Reg"": ""12743640"", ""Bib"": ""3/B"", ""Org"": ""CHN"", ""OrgDesc"": ""China"", ""Name"": ""LI Mingxu"", ""Order"": 2, ""BirthDate"": ""1998-02-26""}, {""Reg"": ""12744415"", ""Bib"": ""3/C"", ""Org"": ""CHN"", ""OrgDesc"": ""China"", ""Name"": ""HUANG Anqi"", ""Order"": 3, ""BirthDate"": ""2001-09-09""}, {""Reg"": ""12741163"", ""Bib"": ""3/D"", ""Org"": ""CHN"", ""OrgDesc"": ""China"", ""Name"": ""ZHANG Xirui"", ""Order"": 4, ""BirthDate"": ""2005-08-13""}]",铁人三项,2026-09-21,official_medal_record
CHN|TRI|M.OLYMPIC-----------.----|ME_SILVER|12741163,CHN,ME_SILVER,TRI,Triathlon,M.OLYMPIC-----------.----,Men's Individual,A,ZHANG Xirui,12741163,2026-09-20,M,[],铁人三项,2026-09-20,official_medal_record
CHN|TRI|W.OLYMPIC-----------.----|ME_SILVER|12744415,CHN,ME_SILVER,TRI,Triathlon,W.OLYMPIC-----------.----,Women's Individual,A,HUANG Anqi,12744415,2026-09-20,W,[],铁人三项,2026-09-20,official_medal_record
CHN|TTE|M.DOUBLES-----------.----|ME_GOLD|TTEMDOUBLES----CHN01,CHN,ME_GOLD,TTE,Table Tennis,M.DOUBLES-----------.----,Men's Doubles,D,HUANG Youzheng / LIN Shidong,TTEMDOUBLES----CHN01,2026-09-27,M,"[{""Reg"": ""16272436"", ""Bib"": """", ""Org"": ""CHN"", ""OrgDesc"": ""China"", ""Name"": ""HUANG Youzheng"", ""Order"": 1, ""BirthDate"": ""2005-06-09""}, {""Reg"": ""16272951"", ""Bib"": """", ""Org"": ""CHN"", ""OrgDesc"": ""China"", ""Name"": ""LIN Shidong"", ""Order"": 2, ""BirthDate"": ""2005-04-18""}]",乒乓球,2026-09-27,official_medal_record
CHN|TTE|M.SINGLES-----------.----|ME_GOLD|16272951,CHN,ME_GOLD,TTE,Table Tennis,M.SINGLES-----------.----,Men's Singles,A,LIN Shidong,16272951,2026-09-28,M,[],乒乓球,2026-09-28,official_medal_record
CHN|TTE|W.DOUBLES-----------.----|ME_GOLD|TTEWDOUBLES----CHN01,CHN,ME_GOLD,TTE,Table Tennis,W.DOUBLES-----------.----,Women's Doubles,D,KUAI Man / WANG Manyu,TTEWDOUBLES----CHN01,2026-09-28,W,"[{""Reg"": ""16276904"", ""Bib"": """", ""Org"": ""CHN"", ""OrgDesc"": ""China"", ""Name"": ""KUAI Man"", ""Order"": 1, ""BirthDate"": ""2004-02-07""}, {""Reg"": ""16277438"", ""Bib"": """", ""Org"": ""CHN"", ""OrgDesc"": ""China"", ""Name"": ""WANG Manyu"", ""Order"": 2, ""BirthDate"": ""1999-02-09""}]",乒乓球,2026-09-28,official_medal_record
CHN|TTE|W.SINGLES-----------.----|ME_GOLD|16277438,CHN,ME_GOLD,TTE,Table Tennis,W.SINGLES-----------.----,Women's Singles,A,WANG Manyu,16277438,2026-09-27,W,[],乒乓球,2026-09-27,official_medal_record
CHN|TTE|W.TEAM--------------.----|ME_GOLD|TTEWTEAM-------CHN01,CHN,ME_GOLD,TTE,Table Tennis,W.TEAM--------------.----,Women's Team,T,People's Republic of China,TTEWTEAM-------CHN01,2026-09-24,W,"[{""Reg"": ""14244548"", ""Bib"": """", ""Org"": ""CHN"", ""OrgDesc"": ""China"", ""Name"": ""FAN Shuhan"", ""Order"": 1, ""BirthDate"": ""2004-07-28""}, {""Reg"": ""16276085"", ""Bib"": """", ""Org"": ""CHN"", ""OrgDesc"": ""China"", ""Name"": ""CHEN Yi"", ""Order"": 2, ""BirthDate"": ""2004-08-24""}, {""Reg"": ""16276904"", ""Bib"": """", ""Org"": ""CHN"", ""OrgDesc"": ""China"", ""Name"": ""KUAI Man"", ""Order"": 3, ""BirthDate"": ""2004-02-07""}, {""Reg"": ""16277232"", ""Bib"": """", ""Org"": ""CHN"", ""OrgDesc"": ""China"", ""Name"": ""SUN Yingsha"", ""Order"": 4, ""BirthDate"": ""2000-11-04""}, {""Reg"": ""16277438"", ""Bib"": """", ""Org"": ""CHN"", ""OrgDesc"": ""China"", ""Name"": ""WANG Manyu"", ""Order"": 5, ""BirthDate"": ""1999-02-09""}]",乒乓球,2026-09-24,official_medal_record
CHN|TTE|X.DOUBLES-----------.----|ME_GOLD|TTEXDOUBLES----CHN01,CHN,ME_GOLD,TTE,Table Tennis,X.DOUBLES-----------.----,Mixed Doubles,D,LIN Shidong / KUAI Man,TTEXDOUBLES----CHN01,2026-09-26,X,"[{""Reg"": ""16272951"", ""Bib"": """", ""Org"": ""CHN"", ""OrgDesc"": ""China"", ""Name"": ""LIN Shidong"", ""Order"": 1, ""BirthDate"": ""2005-04-18""}, {""Reg"": ""16276904"", ""Bib"": """", ""Org"": ""CHN"", ""OrgDesc"": ""China"", ""Name"": ""KUAI Man"", ""Order"": 2, ""BirthDate"": ""2004-02-07""}]",乒乓球,2026-09-26,official_medal_record
CHN|TTE|M.SINGLES-----------.----|ME_SILVER|16273238,CHN,ME_SILVER,TTE,Table Tennis,M.SINGLES-----------.----,Men's Singles,A,WANG Chuqin,16273238,2026-09-28,M,[],乒乓球,2026-09-28,official_medal_record
CHN|TTE|M.TEAM--------------.----|ME_SILVER|TTEMTEAM-------CHN01,CHN,ME_SILVER,TTE,Table Tennis,M.TEAM--------------.----,Men's Team,T,People's Republic of China,TTEMTEAM-------CHN01,2026-09-24,M,"[{""Reg"": ""16272436"", ""Bib"": """", ""Org"": ""CHN"", ""OrgDesc"": ""China"", ""Name"": ""HUANG Youzheng"", ""Order"": 1, ""BirthDate"": ""2005-06-09""}, {""Reg"": ""16272951"", ""Bib"": """", ""Org"": ""CHN"", ""OrgDesc"": ""China"", ""Name"": ""LIN Shidong"", ""Order"": 2, ""BirthDate"": ""2005-04-18""}, {""Reg"": ""16273238"", ""Bib"": """", ""Org"": ""CHN"", ""OrgDesc"": ""China"", ""Name"": ""WANG Chuqin"", ""Order"": 3, ""BirthDate"": ""2000-05-11""}, {""Reg"": ""16273540"", ""Bib"": """", ""Org"": ""CHN"", ""OrgDesc"": ""China"", ""Name"": ""WEN Ruibo"", ""Order"": 4, ""BirthDate"": ""2007-01-05""}, {""Reg"": ""16274163"", ""Bib"": """", ""Org"": ""CHN"", ""OrgDesc"": ""China"", ""Name"": ""XIANG Peng"", ""Order"": 5, ""BirthDate"": ""2003-03-07""}]",乒乓球,2026-09-24,official_medal_record
CHN|TTE|W.SINGLES-----------.----|ME_SILVER|16277232,CHN,ME_SILVER,TTE,Table Tennis,W.SINGLES-----------.----,Women's Singles,A,SUN Yingsha,16277232,2026-09-27,W,[],乒乓球,2026-09-27,official_medal_record
CHN|TTE|X.DOUBLES-----------.----|ME_SILVER|TTEXDOUBLES----CHN02,CHN,ME_SILVER,TTE,Table Tennis,X.DOUBLES-----------.----,Mixed Doubles,D,WANG Chuqin / SUN Yingsha,TTEXDOUBLES----CHN02,2026-09-26,X,"[{""Reg"": ""16273238"", ""Bib"": """", ""Org"": ""CHN"", ""OrgDesc"": ""China"", ""Name"": ""WANG Chuqin"", ""Order"": 1, ""BirthDate"": ""2000-05-11""}, {""Reg"": ""16277232"", ""Bib"": """", ""Org"": ""CHN"", ""OrgDesc"": ""China"", ""Name"": ""SUN Yingsha"", ""Order"": 2, ""BirthDate"": ""2000-11-04""}]",乒乓球,2026-09-26,official_medal_record
CHN|TTE|M.DOUBLES-----------.----|ME_BRONZE|TTEMDOUBLES----CHN02,CHN,ME_BRONZE,TTE,Table Tennis,M.DOUBLES-----------.----,Men's Doubles,D,WEN Ruibo / XIANG Peng,TTEMDOUBLES----CHN02,2026-09-27,M,"[{""Reg"": ""16273540"", ""Bib"": """", ""Org"": ""CHN"", ""OrgDesc"": ""China"", ""Name"": ""WEN Ruibo"", ""Order"": 1, ""BirthDate"": ""2007-01-05""}, {""Reg"": ""16274163"", ""Bib"": """", ""Org"": ""CHN"", ""OrgDesc"": ""China"", ""Name"": ""XIANG Peng"", ""Order"": 2, ""BirthDate"": ""2003-03-07""}]",乒乓球,2026-09-27,official_medal_record
CHN|VBV|W.TEAM2-------------.FNL-|ME_SILVER|VBVWTEAM2------CHN01,CHN,ME_SILVER,VBV,Beach Volleyball,W.TEAM2-------------.FNL-,Women's Finals,D,XIA / YAN,VBVWTEAM2------CHN01,2026-10-02,W,"[{""Reg"": ""15197135"", ""Bib"": ""2"", ""Org"": ""CHN"", ""OrgDesc"": ""China"", ""Name"": ""XIA Xinyi"", ""Order"": 1, ""BirthDate"": ""1997-01-14""}, {""Reg"": ""15197326"", ""Bib"": ""1"", ""Org"": ""CHN"", ""OrgDesc"": ""China"", ""Name"": ""YAN Xu"", ""Order"": 2, ""BirthDate"": ""2004-07-30""}]",沙滩排球,2026-10-02,official_medal_record
CHN|VVO|W.TEAM6-------------.FNL-|ME_GOLD|VVOWTEAM6------CHN01,CHN,ME_GOLD,VVO,Volleyball,W.TEAM6-------------.FNL-,Women's Finals,T,People's Republic of China,VVOWTEAM6------CHN01,2026-09-22,W,"[{""Reg"": ""11980091"", ""Bib"": ""8"", ""Org"": ""CHN"", ""OrgDesc"": ""China"", ""Name"": ""CHEN Houyu"", ""Order"": 1, ""BirthDate"": ""2005-10-08""}, {""Reg"": ""11980353"", ""Bib"": ""13"", ""Org"": ""CHN"", ""OrgDesc"": ""China"", ""Name"": ""DONG Yuhan"", ""Order"": 2, ""BirthDate"": ""2006-03-30""}, {""Reg"": ""11980583"", ""Bib"": ""6"", ""Org"": ""CHN"", ""OrgDesc"": ""China"", ""Name"": ""GONG Xiangyu"", ""Order"": 3, ""BirthDate"": ""1997-04-21""}, {""Reg"": ""11980684"", ""Bib"": ""16"", ""Org"": ""CHN"", ""OrgDesc"": ""China"", ""Name"": ""GUO Zhongnan"", ""Order"": 4, ""BirthDate"": ""2009-06-03""}, {""Reg"": ""11980901"", ""Bib"": ""14"", ""Org"": ""CHN"", ""OrgDesc"": ""China"", ""Name"": ""XIE Shengyu"", ""Order"": 5, ""BirthDate"": ""2004-05-28""}, {""Reg"": ""11981363"", ""Bib"": ""3"", ""Org"": ""CHN"", ""OrgDesc"": ""China"", ""Name"": ""TANG Xin"", ""Order"": 6, ""BirthDate"": ""2004-05-21""}, {""Reg"": ""11981474"", ""Bib"": ""9"", ""Org"": ""CHN"", ""OrgDesc"": ""China"", ""Name"": ""WANG Aoqian"", ""Order"": 7, ""BirthDate"": ""2007-11-15""}, {""Reg"": ""11981580"", ""Bib"": ""18"", ""Org"": ""CHN"", ""OrgDesc"": ""China"", ""Name"": ""WANG Mengjie"", ""Order"": 8, ""BirthDate"": ""1995-11-14""}, {""Reg"": ""11981804"", ""Bib"": ""1"", ""Org"": ""CHN"", ""OrgDesc"": ""China"", ""Name"": ""WU Mengjie"", ""Order"": 9, ""BirthDate"": ""2002-09-10""}, {""Reg"": ""11982016"", ""Bib"": ""10"", ""Org"": ""CHN"", ""OrgDesc"": ""China"", ""Name"": ""YANG Shuming"", ""Order"": 10, ""BirthDate"": ""2008-07-31""}, {""Reg"": ""11982127"", ""Bib"": ""4"", ""Org"": ""CHN"", ""OrgDesc"": ""China"", ""Name"": ""ZHANG Zixuan"", ""Order"": 11, ""BirthDate"": ""2008-08-15""}, {""Reg"": ""11982472"", ""Bib"": ""2"", ""Org"": ""CHN"", ""OrgDesc"": ""China"", ""Name"": ""ZHUANG Yushan"", ""Order"": 12, ""BirthDate"": ""2003-04-28""}]",排球,2026-09-22,official_medal_record
CHN|WLF|M.60KG--------------.FNL-|ME_GOLD|10049401,CHN,ME_GOLD,WLF,Weightlifting,M.60KG--------------.FNL-,Men's 60kg All Groups,A,YANG Yang,10049401,2026-09-24,M,[],举重,2026-09-24,official_medal_record
CHN|WLF|W.61KG--------------.FNL-|ME_GOLD|10046795,CHN,ME_GOLD,WLF,Weightlifting,W.61KG--------------.FNL-,Women's 61kg All Groups,A,YANG Liuyue,10046795,2026-09-25,W,[],举重,2026-09-25,official_medal_record
CHN|WLF|W.77KG--------------.FNL-|ME_GOLD|10047995,CHN,ME_GOLD,WLF,Weightlifting,W.77KG--------------.FNL-,Women's 77kg All Groups,A,HE Renxiu,10047995,2026-09-27,W,[],举重,2026-09-27,official_medal_record
CHN|WLF|W.86KG--------------.FNL-|ME_GOLD|10048891,CHN,ME_GOLD,WLF,Weightlifting,W.86KG--------------.FNL-,Women's 86kg All Groups,A,WU Yan,10048891,2026-09-29,W,[],举重,2026-09-29,official_medal_record
CHN|WLF|W.O86KG-------------.FNL-|ME_GOLD|10044111,CHN,ME_GOLD,WLF,Weightlifting,W.O86KG-------------.FNL-,Women's +86kg All Groups,A,LI Wenwen,10044111,2026-09-29,W,[],举重,2026-09-29,official_medal_record
CHN|WLF|M.65KG--------------.FNL-|ME_SILVER|10041878,CHN,ME_SILVER,WLF,Weightlifting,M.65KG--------------.FNL-,Men's 65kg All Groups,A,HE Yueji,10041878,2026-09-24,M,[],举重,2026-09-24,official_medal_record
CHN|WLF|W.53KG--------------.FNL-|ME_SILVER|10045536,CHN,ME_SILVER,WLF,Weightlifting,W.53KG--------------.FNL-,Women's 53kg All Groups,A,ZHAO Jinlan,10045536,2026-09-23,W,[],举重,2026-09-23,official_medal_record
CHN|WLF|M.110KG-------------.FNL-|ME_BRONZE|10040809,CHN,ME_BRONZE,WLF,Weightlifting,M.110KG-------------.FNL-,Men's 110kg All Groups,A,LIU Huanhua,10040809,2026-09-29,M,[],举重,2026-09-29,official_medal_record
CHN|WLF|M.85KG--------------.FNL-|ME_BRONZE|10050203,CHN,ME_BRONZE,WLF,Weightlifting,M.85KG--------------.FNL-,Men's 85kg All Groups,A,CHEN Shunnan,10050203,2026-09-28,M,[],举重,2026-09-28,official_medal_record
CHN|WLF|M.95KG--------------.FNL-|ME_BRONZE|10043606,CHN,ME_BRONZE,WLF,Weightlifting,M.95KG--------------.FNL-,Men's 95kg All Groups,A,TU Yi,10043606,2026-09-28,M,[],举重,2026-09-28,official_medal_record
CHN|WPO|W.TEAM7-------------.----|ME_GOLD|WPOWTEAM7------CHN01,CHN,ME_GOLD,WPO,Water Polo,W.TEAM7-------------.----,Women,T,People's Republic of China,WPOWTEAM7------CHN01,2026-09-24,W,"[{""Reg"": ""4131591"", ""Bib"": ""1"", ""Org"": ""CHN"", ""OrgDesc"": ""China"", ""Name"": ""DU Xinyue"", ""Order"": 1, ""BirthDate"": ""2000-03-10""}, {""Reg"": ""4137631"", ""Bib"": ""2"", ""Org"": ""CHN"", ""OrgDesc"": ""China"", ""Name"": ""ZHANG Yumian"", ""Order"": 2, ""BirthDate"": ""2006-10-14""}, {""Reg"": ""4136007"", ""Bib"": ""3"", ""Org"": ""CHN"", ""OrgDesc"": ""China"", ""Name"": ""YAN Jing"", ""Order"": 3, ""BirthDate"": ""1997-03-31""}, {""Reg"": ""4137937"", ""Bib"": ""4"", ""Org"": ""CHN"", ""OrgDesc"": ""China"", ""Name"": ""ZHOU Shang"", ""Order"": 4, ""BirthDate"": ""2003-01-23""}, {""Reg"": ""4135030"", ""Bib"": ""5"", ""Org"": ""CHN"", ""OrgDesc"": ""China"", ""Name"": ""XIE Liyi"", ""Order"": 5, ""BirthDate"": ""2004-08-11""}, {""Reg"": ""4134307"", ""Bib"": ""6"", ""Org"": ""CHN"", ""OrgDesc"": ""China"", ""Name"": ""WANG Shiyun"", ""Order"": 6, ""BirthDate"": ""2001-02-12""}, {""Reg"": ""4133660"", ""Bib"": ""7"", ""Org"": ""CHN"", ""OrgDesc"": ""China"", ""Name"": ""SHAO Yixin"", ""Order"": 7, ""BirthDate"": ""2007-04-29""}, {""Reg"": ""4131311"", ""Bib"": ""8"", ""Org"": ""CHN"", ""OrgDesc"": ""China"", ""Name"": ""CHEN Jiaqing"", ""Order"": 8, ""BirthDate"": ""1999-09-25""}, {""Reg"": ""4135591"", ""Bib"": ""9"", ""Org"": ""CHN"", ""OrgDesc"": ""China"", ""Name"": ""YAN Siya"", ""Order"": 9, ""BirthDate"": ""2002-05-11""}, {""Reg"": ""4133287"", ""Bib"": ""10"", ""Org"": ""CHN"", ""OrgDesc"": ""China"", ""Name"": ""NONG Sanfeng"", ""Order"": 10, ""BirthDate"": ""1998-02-11""}, {""Reg"": ""4136929"", ""Bib"": ""11"", ""Org"": ""CHN"", ""OrgDesc"": ""China"", ""Name"": ""ZHANG Qishuo"", ""Order"": 11, ""BirthDate"": ""2004-11-14""}, {""Reg"": ""4134591"", ""Bib"": ""12"", ""Org"": ""CHN"", ""OrgDesc"": ""China"", ""Name"": ""WANG Xuan"", ""Order"": 12, ""BirthDate"": ""2002-12-11""}, {""Reg"": ""4133807"", ""Bib"": ""13"", ""Org"": ""CHN"", ""OrgDesc"": ""China"", ""Name"": ""SHEN Yineng"", ""Order"": 13, ""BirthDate"": ""1995-01-18""}, {""Reg"": ""4136661"", ""Bib"": ""14"", ""Org"": ""CHN"", ""OrgDesc"": ""China"", ""Name"": ""ZHANG Jingwen"", ""Order"": 14, ""BirthDate"": ""2008-09-10""}, {""Reg"": ""4138204"", ""Bib"": ""15"", ""Org"": ""CHN"", ""OrgDesc"": ""China"", ""Name"": ""ZOU Yuhe"", ""Order"": 15, ""BirthDate"": ""2005-10-04""}]",水球,2026-09-24,official_medal_record
CHN|WPO|M.TEAM7-------------.----|ME_BRONZE|WPOMTEAM7------CHN01,CHN,ME_BRONZE,WPO,Water Polo,M.TEAM7-------------.----,Men,T,People's Republic of China,WPOMTEAM7------CHN01,2026-10-03,M,"[{""Reg"": ""10859316"", ""Bib"": ""1"", ""Org"": ""CHN"", ""OrgDesc"": ""China"", ""Name"": ""WU Honghui"", ""Order"": 1, ""BirthDate"": ""1990-04-10""}, {""Reg"": ""10857106"", ""Bib"": ""2"", ""Org"": ""CHN"", ""OrgDesc"": ""China"", ""Name"": ""LIU Yu"", ""Order"": 2, ""BirthDate"": ""1994-10-18""}, {""Reg"": ""10860083"", ""Bib"": ""3"", ""Org"": ""CHN"", ""OrgDesc"": ""China"", ""Name"": ""ZHAO Yuehao"", ""Order"": 3, ""BirthDate"": ""2004-09-21""}, {""Reg"": ""10859796"", ""Bib"": ""4"", ""Org"": ""CHN"", ""OrgDesc"": ""China"", ""Name"": ""YANG Yiheng"", ""Order"": 4, ""BirthDate"": ""2008-11-06""}, {""Reg"": ""10855805"", ""Bib"": ""5"", ""Org"": ""CHN"", ""OrgDesc"": ""China"", ""Name"": ""HE Xingmeng"", ""Order"": 5, ""BirthDate"": ""2000-06-18""}, {""Reg"": ""10857606"", ""Bib"": ""6"", ""Org"": ""CHN"", ""OrgDesc"": ""China"", ""Name"": ""LYU Zikang"", ""Order"": 6, ""BirthDate"": ""2003-11-06""}, {""Reg"": ""10855605"", ""Bib"": ""7"", ""Org"": ""CHN"", ""OrgDesc"": ""China"", ""Name"": ""CHEN Zhongxian"", ""Order"": 7, ""BirthDate"": ""1996-06-12""}, {""Reg"": ""10858207"", ""Bib"": ""8"", ""Org"": ""CHN"", ""OrgDesc"": ""China"", ""Name"": ""OUYANG Haiyuan"", ""Order"": 8, ""BirthDate"": ""2006-02-07""}, {""Reg"": ""10860271"", ""Bib"": ""9"", ""Org"": ""CHN"", ""OrgDesc"": ""China"", ""Name"": ""ZHU Beile"", ""Order"": 9, ""BirthDate"": ""2002-05-16""}, {""Reg"": ""10859637"", ""Bib"": ""10"", ""Org"": ""CHN"", ""OrgDesc"": ""China"", ""Name"": ""YANG Shanglin"", ""Order"": 10, ""BirthDate"": ""2003-06-06""}, {""Reg"": ""10855134"", ""Bib"": ""11"", ""Org"": ""CHN"", ""OrgDesc"": ""China"", ""Name"": ""CAI Yuhao"", ""Order"": 11, ""BirthDate"": ""2005-11-03""}, {""Reg"": ""10858734"", ""Bib"": ""12"", ""Org"": ""CHN"", ""OrgDesc"": ""China"", ""Name"": ""SHEN Dingsong"", ""Order"": 12, ""BirthDate"": ""1998-12-26""}, {""Reg"": ""10856788"", ""Bib"": ""13"", ""Org"": ""CHN"", ""OrgDesc"": ""China"", ""Name"": ""LIANG Zhiwei"", ""Order"": 13, ""BirthDate"": ""1992-10-15""}, {""Reg"": ""10856264"", ""Bib"": ""14"", ""Org"": ""CHN"", ""OrgDesc"": ""China"", ""Name"": ""LI Wanxiang"", ""Order"": 14, ""BirthDate"": ""2005-05-23""}, {""Reg"": ""10856018"", ""Bib"": ""15"", ""Org"": ""CHN"", ""OrgDesc"": ""China"", ""Name"": ""LI Diheng"", ""Order"": 15, ""BirthDate"": ""2006-04-25""}]",水球,2026-10-03,official_medal_record
CHN|WRE|W.WR57KG------------.FNL-|ME_GOLD|8098311,CHN,ME_GOLD,WRE,Wrestling,W.WR57KG------------.FNL-,Women's Wrestling 57kg Final,A,HONG Kexin,8098311,2026-10-03,W,[],摔跤,2026-10-03,official_medal_record
CHN|WRE|M.FS125KG-----------.FNL-|ME_SILVER|8095567,CHN,ME_SILVER,WRE,Wrestling,M.FS125KG-----------.FNL-,Men's Freestyle 125kg Final,A,BUHEEERDUN .,8095567,2026-10-02,M,[],摔跤,2026-10-02,official_medal_record
CHN|WRE|M.FS57KG------------.FNL-|ME_BRONZE|8095911,CHN,ME_BRONZE,WRE,Wrestling,M.FS57KG------------.FNL-,Men's Freestyle 57kg Final,A,ZOU Wanhao,8095911,2026-10-03,M,[],摔跤,2026-10-03,official_medal_record
CHN|WRE|M.GR130KG-----------.FNL-|ME_BRONZE|8093712,CHN,ME_BRONZE,WRE,Wrestling,M.GR130KG-----------.FNL-,Men's Greco-Roman 130kg Final,A,MENG Lingzhe,8093712,2026-09-30,M,[],摔跤,2026-09-30,official_medal_record
CHN|WRE|W.WR50KG------------.FNL-|ME_BRONZE|8097471,CHN,ME_BRONZE,WRE,Wrestling,W.WR50KG------------.FNL-,Women's Wrestling 50kg Final,A,FENG Ziqi,8097471,2026-10-02,W,[],摔跤,2026-10-02,official_medal_record
CHN|WRE|W.WR53KG------------.FNL-|ME_BRONZE|8097939,CHN,ME_BRONZE,WRE,Wrestling,W.WR53KG------------.FNL-,Women's Wrestling 53kg Final,A,ZHANG Jin,8097939,2026-10-03,W,[],摔跤,2026-10-03,official_medal_record
CHN|WRE|W.WR62KG------------.FNL-|ME_BRONZE|8098672,CHN,ME_BRONZE,WRE,Wrestling,W.WR62KG------------.FNL-,Women's Wrestling 62kg Final,A,ZHANG Qi,8098672,2026-10-01,W,[],摔跤,2026-10-01,official_medal_record
CHN|WRE|W.WR68KG------------.FNL-|ME_BRONZE|8099015,CHN,ME_BRONZE,WRE,Wrestling,W.WR68KG------------.FNL-,Women's Wrestling 68kg Final,A,LONG Jia,8099015,2026-09-30,W,[],摔跤,2026-09-30,official_medal_record
CHN|WRE|W.WR76KG------------.FNL-|ME_BRONZE|8099295,CHN,ME_BRONZE,WRE,Wrestling,W.WR76KG------------.FNL-,Women's Wrestling 76kg Final,A,LI Wenji,8099295,2026-10-02,W,[],摔跤,2026-10-02,official_medal_record
CHN|WSU|M.56KG--------------.----|ME_GOLD|4583115,CHN,ME_GOLD,WSU,Wushu,M.56KG--------------.----,Men's 56kg,A,OU Jiaming,4583115,2026-09-24,M,[],武术,2026-09-24,official_medal_record
CHN|WSU|M.60KG--------------.----|ME_GOLD|4582811,CHN,ME_GOLD,WSU,Wushu,M.60KG--------------.----,Men's 60kg,A,TANG Sishuo,4582811,2026-09-24,M,[],武术,2026-09-24,official_medal_record
CHN|WSU|M.65KG--------------.----|ME_GOLD|4582996,CHN,ME_GOLD,WSU,Wushu,M.65KG--------------.----,Men's 65kg,A,WANG Chengjin,4582996,2026-09-24,M,[],武术,2026-09-24,official_medal_record
CHN|WSU|M.70KG--------------.----|ME_GOLD|7000581,CHN,ME_GOLD,WSU,Wushu,M.70KG--------------.----,Men's 70kg,A,MA Shuo,7000581,2026-09-24,M,[],武术,2026-09-24,official_medal_record
CHN|WSU|M.DAOS--------------.FNL-|ME_GOLD|4582552,CHN,ME_GOLD,WSU,Wushu,M.DAOS--------------.FNL-,Men's Daoshu & Gunshu,A,GAO Xiaobin,4582552,2026-09-23,M,[],武术,2026-09-23,official_medal_record
CHN|WSU|M.NANG--------------.FNL-|ME_GOLD|6997588,CHN,ME_GOLD,WSU,Wushu,M.NANG--------------.FNL-,Men's Nanquan & Nangun,A,LI Jianming,6997588,2026-09-22,M,[],武术,2026-09-22,official_medal_record
CHN|WSU|M.TAIJ--------------.FNL-|ME_GOLD|4580235,CHN,ME_GOLD,WSU,Wushu,M.TAIJ--------------.FNL-,Men's Taijiquan & Taijijian,A,LIU Dewen,4580235,2026-09-21,M,[],武术,2026-09-21,official_medal_record
CHN|WSU|W.52KG--------------.----|ME_GOLD|7002360,CHN,ME_GOLD,WSU,Wushu,W.52KG--------------.----,Women's 52kg,A,WU Di,7002360,2026-09-24,W,[],武术,2026-09-24,official_medal_record
CHN|WSU|W.60KG--------------.----|ME_GOLD|7002822,CHN,ME_GOLD,WSU,Wushu,W.60KG--------------.----,Women's 60kg,A,ZHANG Xiaoyu,7002822,2026-09-24,W,[],武术,2026-09-24,official_medal_record
CHN|WSU|W.JIAN--------------.FNL-|ME_GOLD|4580041,CHN,ME_GOLD,WSU,Wushu,W.JIAN--------------.FNL-,Women's Jianshu & Qiangshu,A,YAO Yang,4580041,2026-09-23,W,[],武术,2026-09-23,official_medal_record
CHN|WSU|W.NANG--------------.FNL-|ME_GOLD|4580661,CHN,ME_GOLD,WSU,Wushu,W.NANG--------------.FNL-,Women's Nanquan & Nandao,A,ZHANG Yaling,4580661,2026-09-22,W,[],武术,2026-09-22,official_medal_record
CHN|WSU|W.TAIJ--------------.FNL-|ME_GOLD|4580940,CHN,ME_GOLD,WSU,Wushu,W.TAIJ--------------.FNL-,Women's Taijiquan & Taijijian,A,TONG Xin,4580940,2026-09-20,W,[],武术,2026-09-20,official_medal_record
PRK|BOX|W.54KG--------------.----|ME_SILVER|3918545,PRK,ME_SILVER,BOX,Boxing,W.54KG--------------.----,Women's 54kg,A,PANG Chol Mi,3918545,2026-10-02,W,[],拳击,2026-10-02,official_medal_record
PRK|BOX|W.65KG--------------.----|ME_BRONZE|518203,PRK,ME_BRONZE,BOX,Boxing,W.65KG--------------.----,Women's 65kg,A,HWANG Hyo Sun,518203,2026-09-29,W,[],拳击,2026-09-29,official_medal_record
PRK|DIV|W.10MTEAM2----------.----|ME_SILVER|DIVW10MTEAM2---PRK01,PRK,ME_SILVER,DIV,Diving,W.10MTEAM2----------.----,Women's Synchronised 10m Platform,D,JO Jin Mi / KIM Mi Rae,DIVW10MTEAM2---PRK01,2026-09-26,W,"[{""Reg"": ""4980897"", ""Bib"": """", ""Org"": ""PRK"", ""OrgDesc"": ""DPR Korea"", ""Name"": ""JO Jin Mi"", ""Order"": 1, ""BirthDate"": ""2004-11-15""}, {""Reg"": ""7942814"", ""Bib"": """", ""Org"": ""PRK"", ""OrgDesc"": ""DPR Korea"", ""Name"": ""KIM Mi Rae"", ""Order"": 2, ""BirthDate"": ""2001-04-07""}]",跳水,2026-09-26,official_medal_record
PRK|DIV|W.10M---------------.----|ME_BRONZE|4980897,PRK,ME_BRONZE,DIV,Diving,W.10M---------------.----,Women's 10m Platform,A,JO Jin Mi,4980897,2026-09-29,W,[],跳水,2026-09-29,official_medal_record
PRK|FBL|W.TEAM11------------.----|ME_SILVER|FBLWTEAM11-----PRK01,PRK,ME_SILVER,FBL,Football,W.TEAM11------------.----,Women,T,Democratic People's Republic of Korea,FBLWTEAM11-----PRK01,2026-10-02,W,"[{""Reg"": ""15104398"", ""Bib"": ""1"", ""Org"": ""PRK"", ""OrgDesc"": ""DPR Korea"", ""Name"": ""PAK Ju Mi"", ""Order"": 1, ""BirthDate"": ""2003-07-01""}, {""Reg"": ""15115051"", ""Bib"": ""2"", ""Org"": ""PRK"", ""OrgDesc"": ""DPR Korea"", ""Name"": ""RI Myong Gum"", ""Order"": 2, ""BirthDate"": ""2003-01-01""}, {""Reg"": ""6806132"", ""Bib"": ""3"", ""Org"": ""PRK"", ""OrgDesc"": ""DPR Korea"", ""Name"": ""RI Kum Hyang"", ""Order"": 3, ""BirthDate"": ""2001-04-22""}, {""Reg"": ""12637110"", ""Bib"": ""4"", ""Org"": ""PRK"", ""OrgDesc"": ""DPR Korea"", ""Name"": ""OH Sol Song"", ""Order"": 4, ""BirthDate"": ""2004-06-30""}, {""Reg"": ""7875309"", ""Bib"": ""5"", ""Org"": ""PRK"", ""OrgDesc"": ""DPR Korea"", ""Name"": ""AN Kuk Hyang"", ""Order"": 5, ""BirthDate"": ""2001-03-25""}, {""Reg"": ""4934457"", ""Bib"": ""6"", ""Org"": ""PRK"", ""OrgDesc"": ""DPR Korea"", ""Name"": ""AN Pok Yong"", ""Order"": 6, ""BirthDate"": ""2002-01-10""}, {""Reg"": ""15120194"", ""Bib"": ""7"", ""Org"": ""PRK"", ""OrgDesc"": ""DPR Korea"", ""Name"": ""MYONG Yu Jong"", ""Order"": 7, ""BirthDate"": ""2003-08-29""}, {""Reg"": ""11607153"", ""Bib"": ""8"", ""Org"": ""PRK"", ""OrgDesc"": ""DPR Korea"", ""Name"": ""RI Song A"", ""Order"": 8, ""BirthDate"": ""1999-06-22""}, {""Reg"": ""4931242"", ""Bib"": ""9"", ""Org"": ""PRK"", ""OrgDesc"": ""DPR Korea"", ""Name"": ""KIM Song Gyong"", ""Order"": 9, ""BirthDate"": ""2005-02-12""}, {""Reg"": ""15152421"", ""Bib"": ""10"", ""Org"": ""PRK"", ""OrgDesc"": ""DPR Korea"", ""Name"": ""JONG Kum"", ""Order"": 10, ""BirthDate"": ""2004-06-01""}, {""Reg"": ""4941218"", ""Bib"": ""11"", ""Org"": ""PRK"", ""OrgDesc"": ""DPR Korea"", ""Name"": ""HAN Jin Hong"", ""Order"": 11, ""BirthDate"": ""2002-02-16""}, {""Reg"": ""15134336"", ""Bib"": ""12"", ""Org"": ""PRK"", ""OrgDesc"": ""DPR Korea"", ""Name"": ""HONG Song Ok"", ""Order"": 12, ""BirthDate"": ""2003-08-21""}, {""Reg"": ""6813093"", ""Bib"": ""13"", ""Org"": ""PRK"", ""OrgDesc"": ""DPR Korea"", ""Name"": ""JON Ryong Jong"", ""Order"": 13, ""BirthDate"": ""2004-07-25""}, {""Reg"": ""6813976"", ""Bib"": ""14"", ""Org"": ""PRK"", ""OrgDesc"": ""DPR Korea"", ""Name"": ""HWANG Yu Yong"", ""Order"": 14, ""BirthDate"": ""2006-04-13""}, {""Reg"": ""4948566"", ""Bib"": ""15"", ""Org"": ""PRK"", ""OrgDesc"": ""DPR Korea"", ""Name"": ""CHOE Il Son"", ""Order"": 15, ""BirthDate"": ""2007-01-01""}, {""Reg"": ""15118975"", ""Bib"": ""16"", ""Org"": ""PRK"", ""OrgDesc"": ""DPR Korea"", ""Name"": ""SONG Chun Sim"", ""Order"": 16, ""BirthDate"": ""2002-05-29""}, {""Reg"": ""4944439"", ""Bib"": ""17"", ""Org"": ""PRK"", ""OrgDesc"": ""DPR Korea"", ""Name"": ""KIM Kyong Yong"", ""Order"": 17, ""BirthDate"": ""2002-01-02""}, {""Reg"": ""6799281"", ""Bib"": ""18"", ""Org"": ""PRK"", ""OrgDesc"": ""DPR Korea"", ""Name"": ""YU Son Gum"", ""Order"": 18, ""BirthDate"": ""2003-11-08""}, {""Reg"": ""12590587"", ""Bib"": ""19"", ""Org"": ""PRK"", ""OrgDesc"": ""DPR Korea"", ""Name"": ""CHOE Kum Ok"", ""Order"": 19, ""BirthDate"": ""2002-02-23""}, {""Reg"": ""15129453"", ""Bib"": ""20"", ""Org"": ""PRK"", ""OrgDesc"": ""DPR Korea"", ""Name"": ""CHAE Un Yong"", ""Order"": 20, ""BirthDate"": ""2004-04-12""}, {""Reg"": ""15155105"", ""Bib"": ""21"", ""Org"": ""PRK"", ""OrgDesc"": ""DPR Korea"", ""Name"": ""CHAE Un Gyong"", ""Order"": 21, ""BirthDate"": ""2004-11-29""}, {""Reg"": ""6830228"", ""Bib"": ""22"", ""Org"": ""PRK"", ""OrgDesc"": ""DPR Korea"", ""Name"": ""KIM Hye Yong"", ""Order"": 22, ""BirthDate"": ""2003-03-11""}, {""Reg"": ""4920353"", ""Bib"": ""23"", ""Org"": ""PRK"", ""OrgDesc"": ""DPR Korea"", ""Name"": ""RI Hye Gyong"", ""Order"": 23, ""BirthDate"": ""1999-04-24""}]",足球,2026-10-02,official_medal_record
PRK|GAR|W.1APVT-------------.----|ME_SILVER|5232415,PRK,ME_SILVER,GAR,Artistic Gymnastics,W.1APVT-------------.----,Women's Vault,A,AN Chang Ok,5232415,2026-09-24,W,[],竞技体操,2026-09-24,official_medal_record
PRK|GAR|W.TEAM--------------.----|ME_BRONZE|GARWTEAM-------PRK01,PRK,ME_BRONZE,GAR,Artistic Gymnastics,W.TEAM--------------.----,Women's Team,T,DPR Korea,GARWTEAM-------PRK01,2026-09-23,W,"[{""Reg"": ""10163033"", ""Bib"": ""539"", ""Org"": ""PRK"", ""OrgDesc"": ""DPR Korea"", ""Name"": ""KIM Kyong Ryong"", ""Order"": 1, ""BirthDate"": ""2007-04-02""}, {""Reg"": ""13537683"", ""Bib"": ""540"", ""Org"": ""PRK"", ""OrgDesc"": ""DPR Korea"", ""Name"": ""HAN Yon Mi"", ""Order"": 2, ""BirthDate"": ""2010-10-02""}, {""Reg"": ""5080525"", ""Bib"": ""541"", ""Org"": ""PRK"", ""OrgDesc"": ""DPR Korea"", ""Name"": ""JO Kyong Byol"", ""Order"": 3, ""BirthDate"": ""2007-04-18""}, {""Reg"": ""5081122"", ""Bib"": ""542"", ""Org"": ""PRK"", ""OrgDesc"": ""DPR Korea"", ""Name"": ""PAK Un Jong"", ""Order"": 4, ""BirthDate"": ""2007-08-29""}, {""Reg"": ""5232415"", ""Bib"": ""543"", ""Org"": ""PRK"", ""OrgDesc"": ""DPR Korea"", ""Name"": ""AN Chang Ok"", ""Order"": 5, ""BirthDate"": ""2003-04-23""}]",竞技体操,2026-09-23,official_medal_record
PRK|JUD|W.63KG--------------.FNL-|ME_SILVER|8041499,PRK,ME_SILVER,JUD,Judo,W.63KG--------------.FNL-,Women -63 kg Final,A,KIM Ji Hye,8041499,2026-10-01,W,[],柔道,2026-10-01,official_medal_record
PRK|JUD|W.57KG--------------.FNL-|ME_BRONZE|5096440,PRK,ME_BRONZE,JUD,Judo,W.57KG--------------.FNL-,Women -57 kg Final,A,KIM Hyon A,5096440,2026-10-01,W,[],柔道,2026-10-01,official_medal_record
PRK|JUD|W.70KG--------------.FNL-|ME_BRONZE|5097470,PRK,ME_BRONZE,JUD,Judo,W.70KG--------------.FNL-,Women -70 kg Final,A,MUN Song Hui,5097470,2026-10-01,W,[],柔道,2026-10-01,official_medal_record
PRK|SHO|W.SPW---------------.----|ME_BRONZE|2948123,PRK,ME_BRONZE,SHO,Shooting,W.SPW---------------.----,25m Pistol Women Individual,A,KIM Hyon Suk,2948123,2026-09-28,W,[],射击,2026-09-28,official_medal_record
PRK|TST|W.SINGLES-----------.----|ME_SILVER|2006841,PRK,ME_SILVER,TST,Soft Tennis,W.SINGLES-----------.----,Women's Singles,A,RI Jin Mi,2006841,2026-09-23,W,[],软式网球,2026-09-23,official_medal_record
PRK|TST|W.SINGLES-----------.----|ME_BRONZE|1838325,PRK,ME_BRONZE,TST,Soft Tennis,W.SINGLES-----------.----,Women's Singles,A,RI So Hyang,1838325,2026-09-23,W,[],软式网球,2026-09-23,official_medal_record
PRK|TTE|W.TEAM--------------.----|ME_BRONZE|TTEWTEAM-------PRK01,PRK,ME_BRONZE,TTE,Table Tennis,W.TEAM--------------.----,Women's Team,T,Democratic People's Republic of Korea,TTEWTEAM-------PRK01,2026-09-23,W,"[{""Reg"": ""5067587"", ""Bib"": """", ""Org"": ""PRK"", ""OrgDesc"": ""DPR Korea"", ""Name"": ""KIM Kum Yong"", ""Order"": 1, ""BirthDate"": ""2001-08-17""}, {""Reg"": ""6935349"", ""Bib"": """", ""Org"": ""PRK"", ""OrgDesc"": ""DPR Korea"", ""Name"": ""PYON Song Gyong"", ""Order"": 2, ""BirthDate"": ""2001-06-24""}, {""Reg"": ""6936666"", ""Bib"": """", ""Org"": ""PRK"", ""OrgDesc"": ""DPR Korea"", ""Name"": ""CHOE Jong Im"", ""Order"": 3, ""BirthDate"": ""2004-10-19""}, {""Reg"": ""8015463"", ""Bib"": """", ""Org"": ""PRK"", ""OrgDesc"": ""DPR Korea"", ""Name"": ""CHA Su Yong"", ""Order"": 4, ""BirthDate"": ""2000-10-18""}]",乒乓球,2026-09-23,official_medal_record
PRK|WLF|M.65KG--------------.FNL-|ME_GOLD|3770002,PRK,ME_GOLD,WLF,Weightlifting,M.65KG--------------.FNL-,Men's 65kg All Groups,A,PAK Myong Jin,3770002,2026-09-24,M,[],举重,2026-09-24,official_medal_record
PRK|WLF|M.70KG--------------.FNL-|ME_GOLD|6728953,PRK,ME_GOLD,WLF,Weightlifting,M.70KG--------------.FNL-,Men's 70kg All Groups,A,RI Won Ju,6728953,2026-09-26,M,[],举重,2026-09-26,official_medal_record
PRK|WLF|M.85KG--------------.FNL-|ME_GOLD|449967,PRK,ME_GOLD,WLF,Weightlifting,M.85KG--------------.FNL-,Men's 85kg All Groups,A,RO Kwang Ryol,449967,2026-09-28,M,[],举重,2026-09-28,official_medal_record
PRK|WLF|W.49KG--------------.FNL-|ME_GOLD|453046,PRK,ME_GOLD,WLF,Weightlifting,W.49KG--------------.FNL-,Women's 49kg All Groups,A,RI Song Gum,453046,2026-09-23,W,[],举重,2026-09-23,official_medal_record
PRK|WLF|W.53KG--------------.FNL-|ME_GOLD|454629,PRK,ME_GOLD,WLF,Weightlifting,W.53KG--------------.FNL-,Women's 53kg All Groups,A,KANG Hyon Gyong,454629,2026-09-23,W,[],举重,2026-09-23,official_medal_record
PRK|WLF|W.57KG--------------.FNL-|ME_GOLD|6819960,PRK,ME_GOLD,WLF,Weightlifting,W.57KG--------------.FNL-,Women's 57kg All Groups,A,OH Kwang Ok,6819960,2026-09-25,W,[],举重,2026-09-25,official_medal_record
PRK|WLF|W.69KG--------------.FNL-|ME_GOLD|6824556,PRK,ME_GOLD,WLF,Weightlifting,W.69KG--------------.FNL-,Women's 69kg All Groups,A,SONG Kuk Hyang,6824556,2026-09-27,W,[],举重,2026-09-27,official_medal_record
PRK|WLF|M.60KG--------------.FNL-|ME_SILVER|1325401,PRK,ME_SILVER,WLF,Weightlifting,M.60KG--------------.FNL-,Men's 60kg All Groups,A,PANG Un Chol,1325401,2026-09-24,M,[],举重,2026-09-24,official_medal_record
PRK|WLF|W.61KG--------------.FNL-|ME_SILVER|3864599,PRK,ME_SILVER,WLF,Weightlifting,W.61KG--------------.FNL-,Women's 61kg All Groups,A,PAK Jin Hae,3864599,2026-09-25,W,[],举重,2026-09-25,official_medal_record
PRK|WLF|M.75KG--------------.FNL-|ME_BRONZE|1335890,PRK,ME_BRONZE,WLF,Weightlifting,M.75KG--------------.FNL-,Men's 75kg All Groups,A,RI Chong Song,1335890,2026-09-26,M,[],举重,2026-09-26,official_medal_record
PRK|WRE|M.FS57KG------------.FNL-|ME_SILVER|6836521,PRK,ME_SILVER,WRE,Wrestling,M.FS57KG------------.FNL-,Men's Freestyle 57kg Final,A,HAN Chong Song,6836521,2026-10-03,M,[],摔跤,2026-10-03,official_medal_record
PRK|WRE|W.WR50KG------------.FNL-|ME_SILVER|3890270,PRK,ME_SILVER,WRE,Wrestling,W.WR50KG------------.FNL-,Women's Wrestling 50kg Final,A,KIM Son Hyang,3890270,2026-10-02,W,[],摔跤,2026-10-02,official_medal_record
PRK|WRE|W.WR57KG------------.FNL-|ME_SILVER|6853319,PRK,ME_SILVER,WRE,Wrestling,W.WR57KG------------.FNL-,Women's Wrestling 57kg Final,A,SON Il Sim,6853319,2026-10-03,W,[],摔跤,2026-10-03,official_medal_record
PRK|WRE|W.WR62KG------------.FNL-|ME_SILVER|6856474,PRK,ME_SILVER,WRE,Wrestling,W.WR62KG------------.FNL-,Women's Wrestling 62kg Final,A,KIM Ok Ju,6856474,2026-10-01,W,[],摔跤,2026-10-01,official_medal_record
PRK|WRE|W.WR68KG------------.FNL-|ME_SILVER|497519,PRK,ME_SILVER,WRE,Wrestling,W.WR68KG------------.FNL-,Women's Wrestling 68kg Final,A,PAK Sol Gum,497519,2026-09-30,W,[],摔跤,2026-09-30,official_medal_record
HKG|CRD|W.RR----------------.----|ME_BRONZE|8275910,HKG,ME_BRONZE,CRD,Cycling Road,W.RR----------------.----,Women's Road Race,A,LEUNG Wing Yee,8275910,2026-09-22,W,[],公路自行车,2026-09-22,official_medal_record
HKG|CTR|M.OMNIUM------------.----|ME_SILVER|8277185,HKG,ME_SILVER,CTR,Cycling Track,M.OMNIUM------------.----,Men's Omnium,A,CHU Tsun Wai,8277185,2026-10-01,M,[],场地自行车,2026-10-01,official_medal_record
HKG|CTR|W.MADISON-----------.----|ME_SILVER|CTRWMADISON----HKG01,HKG,ME_SILVER,CTR,Cycling Track,W.MADISON-----------.----,Women's Madison,T,"Hong Kong, China",CTRWMADISON----HKG01,2026-10-01,W,"[{""Reg"": ""8275789"", ""Bib"": ""23"", ""Org"": ""HKG"", ""OrgDesc"": ""Hong Kong, China"", ""Name"": ""LEE Sze Wing"", ""Order"": 1, ""BirthDate"": ""2001-05-05""}, {""Reg"": ""8275910"", ""Bib"": ""58"", ""Org"": ""HKG"", ""OrgDesc"": ""Hong Kong, China"", ""Name"": ""LEUNG Wing Yee"", ""Order"": 2, ""BirthDate"": ""1996-10-29""}]",场地自行车,2026-10-01,official_medal_record
HKG|CTR|M.SPRTEAM3----------.----|ME_BRONZE|CTRMSPRTEAM3---HKG01,HKG,ME_BRONZE,CTR,Cycling Track,M.SPRTEAM3----------.----,Men's Team Sprint,T,"Hong Kong, China",CTRMSPRTEAM3---HKG01,2026-09-29,M,"[{""Reg"": ""8278676"", ""Bib"": ""63"", ""Org"": ""HKG"", ""OrgDesc"": ""Hong Kong, China"", ""Name"": ""MOK Tsz Chun"", ""Order"": 1, ""BirthDate"": ""2004-01-31""}, {""Reg"": ""8278817"", ""Bib"": ""67"", ""Org"": ""HKG"", ""OrgDesc"": ""Hong Kong, China"", ""Name"": ""TO Cheuk Hei"", ""Order"": 2, ""BirthDate"": ""1999-07-17""}, {""Reg"": ""8278503"", ""Bib"": ""69"", ""Org"": ""HKG"", ""OrgDesc"": ""Hong Kong, China"", ""Name"": ""YUNG Tsun Ho"", ""Order"": 3, ""BirthDate"": ""2001-05-28""}, {""Reg"": ""8278928"", ""Bib"": ""66"", ""Org"": ""HKG"", ""OrgDesc"": ""Hong Kong, China"", ""Name"": ""NG Po Li"", ""Order"": 4, ""BirthDate"": ""2007-10-05""}]",场地自行车,2026-09-29,official_medal_record
HKG|CTR|W.OMNIUM------------.----|ME_BRONZE|8275789,HKG,ME_BRONZE,CTR,Cycling Track,W.OMNIUM------------.----,Women's Omnium,A,LEE Sze Wing,8275789,2026-10-02,W,[],场地自行车,2026-10-02,official_medal_record
HKG|ELS|O.FTG---------------.FNL-|ME_BRONZE|ELSOFTG--------HKG01,HKG,ME_BRONZE,ELS,Esports,O.FTG---------------.FNL-,"Fighting Games [Street Fighter 6, TEKKEN™ 8, THE KING OF FIGHTERS XV] Finals",T,"Hong Kong, China",ELSOFTG--------HKG01,2026-09-25,O,"[{""Reg"": ""1813728"", ""Bib"": """", ""Org"": ""HKG"", ""OrgDesc"": ""Hong Kong, China"", ""Name"": ""LI Hin Hei"", ""Order"": 1, ""BirthDate"": ""1987-10-28""}, {""Reg"": ""1814381"", ""Bib"": """", ""Org"": ""HKG"", ""OrgDesc"": ""Hong Kong, China"", ""Name"": ""WONG Yuk Cheung"", ""Order"": 2, ""BirthDate"": ""1991-10-28""}, {""Reg"": ""1907998"", ""Bib"": """", ""Org"": ""HKG"", ""OrgDesc"": ""Hong Kong, China"", ""Name"": ""YEH Man Ho"", ""Order"": 3, ""BirthDate"": ""1989-04-25""}]",电子竞技,2026-09-25,official_medal_record
HKG|ELS|O.HOK---------------.FNL-|ME_BRONZE|ELSOHOK--------HKG01,HKG,ME_BRONZE,ELS,Esports,O.HOK---------------.FNL-,Honor of Kings Finals,T,"Hong Kong, China",ELSOHOK--------HKG01,2026-09-28,O,"[{""Reg"": ""1818771"", ""Bib"": """", ""Org"": ""HKG"", ""OrgDesc"": ""Hong Kong, China"", ""Name"": ""CHENG Ka Hin"", ""Order"": 1, ""BirthDate"": ""2002-09-09""}, {""Reg"": ""1818877"", ""Bib"": """", ""Org"": ""HKG"", ""OrgDesc"": ""Hong Kong, China"", ""Name"": ""KWOK Ho Wa"", ""Order"": 2, ""BirthDate"": ""2002-11-29""}, {""Reg"": ""1818983"", ""Bib"": """", ""Org"": ""HKG"", ""OrgDesc"": ""Hong Kong, China"", ""Name"": ""KONG Tsz Kin"", ""Order"": 3, ""BirthDate"": ""2003-07-28""}, {""Reg"": ""1819267"", ""Bib"": """", ""Org"": ""HKG"", ""OrgDesc"": ""Hong Kong, China"", ""Name"": ""LI Ka Hing"", ""Order"": 4, ""BirthDate"": ""2006-04-27""}, {""Reg"": ""1819404"", ""Bib"": """", ""Org"": ""HKG"", ""OrgDesc"": ""Hong Kong, China"", ""Name"": ""DENG Xin Zhan"", ""Order"": 5, ""BirthDate"": ""2007-12-07""}, {""Reg"": ""1819565"", ""Bib"": """", ""Org"": ""HKG"", ""OrgDesc"": ""Hong Kong, China"", ""Name"": ""CHUI Sum Ki"", ""Order"": 6, ""BirthDate"": ""2005-06-18""}]",电子竞技,2026-09-28,official_medal_record
HKG|FEN|M.FOIL--------------.----|ME_SILVER|10470708,HKG,ME_SILVER,FEN,Fencing,M.FOIL--------------.----,Men's Foil Individual,A,CHOI Chun Yin Ryan,10470708,2026-09-22,M,[],击剑,2026-09-22,official_medal_record
HKG|FEN|M.TEAMFOIL----------.----|ME_SILVER|FENMTEAMFOIL---HKG01,HKG,ME_SILVER,FEN,Fencing,M.TEAMFOIL----------.----,Men's Foil Team,T,"Hong Kong, China",FENMTEAMFOIL---HKG01,2026-09-25,M,"[{""Reg"": ""10470861"", ""Bib"": """", ""Org"": ""HKG"", ""OrgDesc"": ""Hong Kong, China"", ""Name"": ""CHEUNG Ka Long"", ""Order"": 1, ""BirthDate"": ""1997-06-10""}, {""Reg"": ""10470708"", ""Bib"": """", ""Org"": ""HKG"", ""OrgDesc"": ""Hong Kong, China"", ""Name"": ""CHOI Chun Yin Ryan"", ""Order"": 2, ""BirthDate"": ""1997-10-09""}, {""Reg"": ""10470994"", ""Bib"": """", ""Org"": ""HKG"", ""OrgDesc"": ""Hong Kong, China"", ""Name"": ""HO Shing Him Harris"", ""Order"": 3, ""BirthDate"": ""2009-02-10""}, {""Reg"": ""10471107"", ""Bib"": """", ""Org"": ""HKG"", ""OrgDesc"": ""Hong Kong, China"", ""Name"": ""LEUNG Chin Yu"", ""Order"": 4, ""BirthDate"": ""2004-09-30""}]",击剑,2026-09-25,official_medal_record
HKG|FEN|M.EPEE--------------.----|ME_BRONZE|10472683,HKG,ME_BRONZE,FEN,Fencing,M.EPEE--------------.----,Men's Épée Individual,A,FONG Hoi Sun,10472683,2026-09-24,M,[],击剑,2026-09-24,official_medal_record
HKG|FEN|M.TEAMEPEE----------.----|ME_BRONZE|FENMTEAMEPEE---HKG01,HKG,ME_BRONZE,FEN,Fencing,M.TEAMEPEE----------.----,Men's Épée Team,T,"Hong Kong, China",FENMTEAMEPEE---HKG01,2026-09-27,M,"[{""Reg"": ""10472683"", ""Bib"": """", ""Org"": ""HKG"", ""OrgDesc"": ""Hong Kong, China"", ""Name"": ""FONG Hoi Sun"", ""Order"": 1, ""BirthDate"": ""1993-01-15""}, {""Reg"": ""10472944"", ""Bib"": """", ""Org"": ""HKG"", ""OrgDesc"": ""Hong Kong, China"", ""Name"": ""HO Wai Hang"", ""Order"": 2, ""BirthDate"": ""1996-04-07""}, {""Reg"": ""10473089"", ""Bib"": """", ""Org"": ""HKG"", ""OrgDesc"": ""Hong Kong, China"", ""Name"": ""LAU Ho Fung"", ""Order"": 3, ""BirthDate"": ""2000-05-19""}, {""Reg"": ""10472794"", ""Bib"": """", ""Org"": ""HKG"", ""OrgDesc"": ""Hong Kong, China"", ""Name"": ""NG Ho Tin"", ""Order"": 4, ""BirthDate"": ""1996-08-08""}]",击剑,2026-09-27,official_medal_record
HKG|FEN|M.TEAMSABR----------.----|ME_BRONZE|FENMTEAMSABR---HKG01,HKG,ME_BRONZE,FEN,Fencing,M.TEAMSABR----------.----,Men's Sabre Team,T,"Hong Kong, China",FENMTEAMSABR---HKG01,2026-09-26,M,"[{""Reg"": ""10474295"", ""Bib"": """", ""Org"": ""HKG"", ""OrgDesc"": ""Hong Kong, China"", ""Name"": ""CHAN Lok Hei Royce"", ""Order"": 1, ""BirthDate"": ""2004-05-13""}, {""Reg"": ""10474462"", ""Bib"": """", ""Org"": ""HKG"", ""OrgDesc"": ""Hong Kong, China"", ""Name"": ""HO Pak Lam Hugo"", ""Order"": 2, ""BirthDate"": ""2006-10-08""}, {""Reg"": ""10474586"", ""Bib"": """", ""Org"": ""HKG"", ""OrgDesc"": ""Hong Kong, China"", ""Name"": ""HO Sze Long Aaron"", ""Order"": 3, ""BirthDate"": ""1995-06-23""}, {""Reg"": ""10475003"", ""Bib"": """", ""Org"": ""HKG"", ""OrgDesc"": ""Hong Kong, China"", ""Name"": ""LEUNG Tin Ching"", ""Order"": 4, ""BirthDate"": ""2001-12-08""}]",击剑,2026-09-26,official_medal_record
HKG|FEN|W.TEAMFOIL----------.----|ME_BRONZE|FENWTEAMFOIL---HKG01,HKG,ME_BRONZE,FEN,Fencing,W.TEAMFOIL----------.----,Women's Foil Team,T,"Hong Kong, China",FENWTEAMFOIL---HKG01,2026-09-26,W,"[{""Reg"": ""10472104"", ""Bib"": """", ""Org"": ""HKG"", ""OrgDesc"": ""Hong Kong, China"", ""Name"": ""CHAN Nok Sze Daphne"", ""Order"": 1, ""BirthDate"": ""2005-03-12""}, {""Reg"": ""10471843"", ""Bib"": """", ""Org"": ""HKG"", ""OrgDesc"": ""Hong Kong, China"", ""Name"": ""CHENG Hiu Wai Valerie"", ""Order"": 2, ""BirthDate"": ""1995-10-20""}, {""Reg"": ""10471967"", ""Bib"": """", ""Org"": ""HKG"", ""OrgDesc"": ""Hong Kong, China"", ""Name"": ""LEUNG Ya Lei Janelle"", ""Order"": 3, ""BirthDate"": ""2004-12-23""}, {""Reg"": ""10471711"", ""Bib"": """", ""Org"": ""HKG"", ""OrgDesc"": ""Hong Kong, China"", ""Name"": ""WU Sophia"", ""Order"": 4, ""BirthDate"": ""2002-10-09""}]",击剑,2026-09-26,official_medal_record
HKG|GAR|M.1APVT-------------.----|ME_BRONZE|10632990,HKG,ME_BRONZE,GAR,Artistic Gymnastics,M.1APVT-------------.----,Men's Vault,A,NG Ka Ki,10632990,2026-09-25,M,[],竞技体操,2026-09-25,official_medal_record
HKG|KTE|W.50KG--------------.FNL-|ME_SILVER|11608604,HKG,ME_SILVER,KTE,Karate,W.50KG--------------.FNL-,Women's Kumite -50kg Final,A,TSANG Yee Ting,11608604,2026-09-23,W,[],空手道,2026-09-23,official_medal_record
HKG|KTE|W.KATA--------------.FNL-|ME_SILVER|11608070,HKG,ME_SILVER,KTE,Karate,W.KATA--------------.FNL-,Women's Individual Kata Final,A,LAU Mo Sheung Grace,11608070,2026-09-20,W,[],空手道,2026-09-20,official_medal_record
HKG|KTE|M.KATA--------------.FNL-|ME_BRONZE|11608192,HKG,ME_BRONZE,KTE,Karate,M.KATA--------------.FNL-,Men's Individual Kata Final,A,HUNG Ho Wai Howard,11608192,2026-09-21,M,[],空手道,2026-09-21,official_medal_record
HKG|KTE|M.TEAM--------------.FNL-|ME_BRONZE|KTEMTEAM-------HKG01,HKG,ME_BRONZE,KTE,Karate,M.TEAM--------------.FNL-,Men's Team Kata Final,T,"Hong Kong, China",KTEMTEAM-------HKG01,2026-09-23,M,"[{""Reg"": ""11608192"", ""Bib"": """", ""Org"": ""HKG"", ""OrgDesc"": ""Hong Kong, China"", ""Name"": ""HUNG Ho Wai Howard"", ""Order"": 1, ""BirthDate"": ""1992-12-04""}, {""Reg"": ""11608296"", ""Bib"": """", ""Org"": ""HKG"", ""OrgDesc"": ""Hong Kong, China"", ""Name"": ""TANG Yu Hin"", ""Order"": 2, ""BirthDate"": ""2002-11-23""}, {""Reg"": ""11608506"", ""Bib"": """", ""Org"": ""HKG"", ""OrgDesc"": ""Hong Kong, China"", ""Name"": ""LI Chi Kong"", ""Order"": 3, ""BirthDate"": ""2001-03-10""}]",空手道,2026-09-23,official_medal_record
HKG|KTE|W.68KG--------------.FNL-|ME_BRONZE|11608712,HKG,ME_BRONZE,KTE,Karate,W.68KG--------------.FNL-,Women's Kumite -68kg Final,A,WONG Cheuk Lee,11608712,2026-09-21,W,[],空手道,2026-09-21,official_medal_record
HKG|ROW|M.SCULL1-L----------.FNL-|ME_GOLD|7145427,HKG,ME_GOLD,ROW,Rowing,M.SCULL1-L----------.FNL-,Lightweight Men's Single Sculls Finals,A,CHIU Hin Chun,7145427,2026-09-24,M,[],赛艇,2026-09-24,official_medal_record
HKG|ROW|W.SCULL1-L----------.FNL-|ME_SILVER|7147523,HKG,ME_SILVER,ROW,Rowing,W.SCULL1-L----------.FNL-,Lightweight Women's Single Sculls Finals,A,HUNG Wing Yan Winne,7147523,2026-09-24,W,[],赛艇,2026-09-24,official_medal_record
HKG|ROW|W.SCULL2-L----------.FNL-|ME_SILVER|ROWWSCULL2-L---HKG01,HKG,ME_SILVER,ROW,Rowing,W.SCULL2-L----------.FNL-,Lightweight Women's Double Sculls Finals,D,CHEUNG Yuen Shan / LEUNG Wing Wun,ROWWSCULL2-L---HKG01,2026-09-24,W,"[{""Reg"": ""7148624"", ""Bib"": """", ""Org"": ""HKG"", ""OrgDesc"": ""Hong Kong, China"", ""Name"": ""CHEUNG Yuen Shan"", ""Order"": 1, ""BirthDate"": ""2008-07-01""}, {""Reg"": ""7148412"", ""Bib"": """", ""Org"": ""HKG"", ""OrgDesc"": ""Hong Kong, China"", ""Name"": ""LEUNG Wing Wun"", ""Order"": 3, ""BirthDate"": ""2000-12-15""}]",赛艇,2026-09-24,official_medal_record
HKG|ROW|M.SCULL2-L----------.FNL-|ME_BRONZE|ROWMSCULL2-L---HKG01,HKG,ME_BRONZE,ROW,Rowing,M.SCULL2-L----------.FNL-,Lightweight Men's Double Sculls Finals,D,LAM San Tung / CHAN Tik Lun,ROWMSCULL2-L---HKG01,2026-09-24,M,"[{""Reg"": ""7146252"", ""Bib"": """", ""Org"": ""HKG"", ""OrgDesc"": ""Hong Kong, China"", ""Name"": ""LAM San Tung"", ""Order"": 1, ""BirthDate"": ""1998-08-31""}, {""Reg"": ""7146421"", ""Bib"": """", ""Org"": ""HKG"", ""OrgDesc"": ""Hong Kong, China"", ""Name"": ""CHAN Tik Lun"", ""Order"": 3, ""BirthDate"": ""1997-10-29""}]",赛艇,2026-09-24,official_medal_record
HKG|RU7|M.TEAM7-------------.----|ME_GOLD|RU7MTEAM7------HKG01,HKG,ME_GOLD,RU7,Rugby Sevens,M.TEAM7-------------.----,Men,T,"Hong Kong, China",RU7MTEAM7------HKG01,2026-10-03,M,"[{""Reg"": ""7756279"", ""Bib"": ""1"", ""Org"": ""HKG"", ""OrgDesc"": ""Hong Kong, China"", ""Name"": ""MCCULLOUGH Callum"", ""Order"": 1, ""BirthDate"": ""1993-12-01""}, {""Reg"": ""7756114"", ""Bib"": ""2"", ""Org"": ""HKG"", ""OrgDesc"": ""Hong Kong, China"", ""Name"": ""MBA OYANA Juan Esono"", ""Order"": 2, ""BirthDate"": ""2002-08-09""}, {""Reg"": ""7756396"", ""Bib"": ""3"", ""Org"": ""HKG"", ""OrgDesc"": ""Hong Kong, China"", ""Name"": ""NARDONI Alessandro"", ""Order"": 3, ""BirthDate"": ""1996-10-03""}, {""Reg"": ""7754036"", ""Bib"": ""4"", ""Org"": ""HKG"", ""OrgDesc"": ""Hong Kong, China"", ""Name"": ""CHRISTIE James"", ""Order"": 4, ""BirthDate"": ""1996-07-30""}, {""Reg"": ""7756831"", ""Bib"": ""5"", ""Org"": ""HKG"", ""OrgDesc"": ""Hong Kong, China"", ""Name"": ""SAYERS Harry"", ""Order"": 5, ""BirthDate"": ""1996-09-19""}, {""Reg"": ""7755986"", ""Bib"": ""6"", ""Org"": ""HKG"", ""OrgDesc"": ""Hong Kong, China"", ""Name"": ""LEE Ka To Cado"", ""Order"": 6, ""BirthDate"": ""1991-12-27""}, {""Reg"": ""16379513"", ""Bib"": ""7"", ""Org"": ""HKG"", ""OrgDesc"": ""Hong Kong, China"", ""Name"": ""RICKARD Matthew"", ""Order"": 7, ""BirthDate"": ""2005-04-27""}, {""Reg"": ""7754658"", ""Bib"": ""8"", ""Org"": ""HKG"", ""OrgDesc"": ""Hong Kong, China"", ""Name"": ""DENMARK Max"", ""Order"": 8, ""BirthDate"": ""1999-08-11""}, {""Reg"": ""7756710"", ""Bib"": ""9"", ""Org"": ""HKG"", ""OrgDesc"": ""Hong Kong, China"", ""Name"": ""PHILLIPS Dafydd"", ""Order"": 9, ""BirthDate"": ""1992-09-23""}, {""Reg"": ""7753730"", ""Bib"": ""10"", ""Org"": ""HKG"", ""OrgDesc"": ""Hong Kong, China"", ""Name"": ""BOURRON Julien"", ""Order"": 10, ""BirthDate"": ""2003-06-18""}, {""Reg"": ""7756959"", ""Bib"": ""11"", ""Org"": ""HKG"", ""OrgDesc"": ""Hong Kong, China"", ""Name"": ""STEWART COX Rory Murdoch"", ""Order"": 11, ""BirthDate"": ""2000-09-13""}, {""Reg"": ""7753601"", ""Bib"": ""12"", ""Org"": ""HKG"", ""OrgDesc"": ""Hong Kong, China"", ""Name"": ""AVITABILE Matteo"", ""Order"": 12, ""BirthDate"": ""2002-02-24""}, {""Reg"": ""7755719"", ""Bib"": ""13"", ""Org"": ""HKG"", ""OrgDesc"": ""Hong Kong, China"", ""Name"": ""HERBERT Liam"", ""Order"": 13, ""BirthDate"": ""1998-09-06""}]",七人制橄榄球,2026-10-03,official_medal_record
HKG|RU7|W.TEAM7-------------.----|ME_BRONZE|RU7WTEAM7------HKG01,HKG,ME_BRONZE,RU7,Rugby Sevens,W.TEAM7-------------.----,Women,T,"Hong Kong, China",RU7WTEAM7------HKG01,2026-10-03,W,"[{""Reg"": ""4377887"", ""Bib"": ""1"", ""Org"": ""HKG"", ""OrgDesc"": ""Hong Kong, China"", ""Name"": ""FORREST Shanna"", ""Order"": 1, ""BirthDate"": ""2002-01-04""}, {""Reg"": ""4377234"", ""Bib"": ""2"", ""Org"": ""HKG"", ""OrgDesc"": ""Hong Kong, China"", ""Name"": ""CHAN Chloe"", ""Order"": 2, ""BirthDate"": ""1998-12-28""}, {""Reg"": ""4376704"", ""Bib"": ""3"", ""Org"": ""HKG"", ""OrgDesc"": ""Hong Kong, China"", ""Name"": ""AU YEUNG Sin Yi"", ""Order"": 3, ""BirthDate"": ""1995-11-04""}, {""Reg"": ""4378842"", ""Bib"": ""4"", ""Org"": ""HKG"", ""OrgDesc"": ""Hong Kong, China"", ""Name"": ""MBA OYANA Julia"", ""Order"": 4, ""BirthDate"": ""2004-05-29""}, {""Reg"": ""4378983"", ""Bib"": ""5"", ""Org"": ""HKG"", ""OrgDesc"": ""Hong Kong, China"", ""Name"": ""NAM Ka Man"", ""Order"": 5, ""BirthDate"": ""1992-11-03""}, {""Reg"": ""4379136"", ""Bib"": ""6"", ""Org"": ""HKG"", ""OrgDesc"": ""Hong Kong, China"", ""Name"": ""OLSON Natasha"", ""Order"": 6, ""BirthDate"": ""1992-10-06""}, {""Reg"": ""4377515"", ""Bib"": ""7"", ""Org"": ""HKG"", ""OrgDesc"": ""Hong Kong, China"", ""Name"": ""CHAN Tsz Ching"", ""Order"": 7, ""BirthDate"": ""1996-03-14""}, {""Reg"": ""4378210"", ""Bib"": ""8"", ""Org"": ""HKG"", ""OrgDesc"": ""Hong Kong, China"", ""Name"": ""HO Jessica"", ""Order"": 8, ""BirthDate"": ""1992-05-12""}, {""Reg"": ""4376537"", ""Bib"": ""9"", ""Org"": ""HKG"", ""OrgDesc"": ""Hong Kong, China"", ""Name"": ""AU King To"", ""Order"": 9, ""BirthDate"": ""1996-07-19""}, {""Reg"": ""4377349"", ""Bib"": ""10"", ""Org"": ""HKG"", ""OrgDesc"": ""Hong Kong, China"", ""Name"": ""CHAN Stephanie"", ""Order"": 10, ""BirthDate"": ""1991-03-06""}, {""Reg"": ""4377679"", ""Bib"": ""11"", ""Org"": ""HKG"", ""OrgDesc"": ""Hong Kong, China"", ""Name"": ""CHONG Ka Yan"", ""Order"": 11, ""BirthDate"": ""1993-11-24""}, {""Reg"": ""4376981"", ""Bib"": ""12"", ""Org"": ""HKG"", ""OrgDesc"": ""Hong Kong, China"", ""Name"": ""BALTAZAR Emrin"", ""Order"": 12, ""BirthDate"": ""2003-06-26""}, {""Reg"": ""4379491"", ""Bib"": ""13"", ""Org"": ""HKG"", ""OrgDesc"": ""Hong Kong, China"", ""Name"": ""RIVERS Gabriella"", ""Order"": 13, ""BirthDate"": ""2002-08-16""}]",七人制橄榄球,2026-10-03,official_medal_record
HKG|SAL|M.29ER--------------.----|ME_GOLD|SALM29ER-------HKG01,HKG,ME_GOLD,SAL,Sailing,M.29ER--------------.----,Boys' Skiff,T,"Hong Kong, China",SALM29ER-------HKG01,2026-10-03,M,"[{""Reg"": ""6123979"", ""Bib"": """", ""Org"": ""HKG"", ""OrgDesc"": ""Hong Kong, China"", ""Name"": ""KIU Ethan Lachlan"", ""Order"": 1, ""BirthDate"": ""2011-04-08""}, {""Reg"": ""6124152"", ""Bib"": """", ""Org"": ""HKG"", ""OrgDesc"": ""Hong Kong, China"", ""Name"": ""POLSON Louis Oliver"", ""Order"": 2, ""BirthDate"": ""2011-06-08""}]",帆船帆板,2026-10-03,official_medal_record
HKG|SAL|M.IQFOIL-Y----------.----|ME_GOLD|1879093,HKG,ME_GOLD,SAL,Sailing,M.IQFOIL-Y----------.----,Boys' Windsurfing,A,WONG Tsz Ho,1879093,2026-10-03,M,[],帆船帆板,2026-10-03,official_medal_record
HKG|SAL|W.29ER--------------.----|ME_GOLD|SALW29ER-------HKG01,HKG,ME_GOLD,SAL,Sailing,W.29ER--------------.----,Girls' Skiff,T,"Hong Kong, China",SALW29ER-------HKG01,2026-10-03,W,"[{""Reg"": ""6124446"", ""Bib"": """", ""Org"": ""HKG"", ""OrgDesc"": ""Hong Kong, China"", ""Name"": ""KONG Chloe"", ""Order"": 1, ""BirthDate"": ""2010-01-10""}, {""Reg"": ""6124301"", ""Bib"": """", ""Org"": ""HKG"", ""OrgDesc"": ""Hong Kong, China"", ""Name"": ""WONG Mccarley"", ""Order"": 2, ""BirthDate"": ""2008-06-25""}]",帆船帆板,2026-10-03,official_medal_record
HKG|SAL|W.IQFOIL-Y----------.----|ME_GOLD|1879487,HKG,ME_GOLD,SAL,Sailing,W.IQFOIL-Y----------.----,Girls' Windsurfing,A,CHEUNG Tsz Yuet,1879487,2026-10-03,W,[],帆船帆板,2026-10-03,official_medal_record
HKG|SAL|M.ILCA7-------------.----|ME_SILVER|13869789,HKG,ME_SILVER,SAL,Sailing,M.ILCA7-------------.----,Men's Dinghy,A,HALLIDAY Nicholas Bezy,13869789,2026-10-03,M,[],帆船帆板,2026-10-03,official_medal_record
HKG|SAL|W.49ERFX------------.----|ME_SILVER|SALW49ERFX-----HKG01,HKG,ME_SILVER,SAL,Sailing,W.49ERFX------------.----,Women's Skiff,T,"Hong Kong, China",SALW49ERFX-----HKG01,2026-10-03,W,"[{""Reg"": ""6123711"", ""Bib"": """", ""Org"": ""HKG"", ""OrgDesc"": ""Hong Kong, China"", ""Name"": ""POLSON Emily Grace"", ""Order"": 1, ""BirthDate"": ""2008-10-31""}, {""Reg"": ""6123848"", ""Bib"": """", ""Org"": ""HKG"", ""OrgDesc"": ""Hong Kong, China"", ""Name"": ""MAK Hiu Tung Tiffany"", ""Order"": 2, ""BirthDate"": ""2007-01-21""}]",帆船帆板,2026-10-03,official_medal_record
HKG|SAL|W.ILCA4-------------.----|ME_SILVER|10292989,HKG,ME_SILVER,SAL,Sailing,W.ILCA4-------------.----,Girls' Dinghy,A,HUANG Zixi,10292989,2026-10-03,W,[],帆船帆板,2026-10-03,official_medal_record
HKG|SAL|W.IQFOIL------------.----|ME_SILVER|1878263,HKG,ME_SILVER,SAL,Sailing,W.IQFOIL------------.----,Women's Windsurfing,A,MA Kwan Ching,1878263,2026-10-03,W,[],帆船帆板,2026-10-03,official_medal_record
HKG|SAL|M.49ER--------------.----|ME_BRONZE|SALM49ER-------HKG01,HKG,ME_BRONZE,SAL,Sailing,M.49ER--------------.----,Men's Skiff,T,"Hong Kong, China",SALM49ER-------HKG01,2026-10-03,M,"[{""Reg"": ""6123603"", ""Bib"": """", ""Org"": ""HKG"", ""OrgDesc"": ""Hong Kong, China"", ""Name"": ""SAKAI Akira Luke"", ""Order"": 1, ""BirthDate"": ""1992-10-30""}, {""Reg"": ""6123479"", ""Bib"": """", ""Org"": ""HKG"", ""OrgDesc"": ""Hong Kong, China"", ""Name"": ""AYLSWORTH Russell Williams"", ""Order"": 2, ""BirthDate"": ""2001-04-16""}]",帆船帆板,2026-10-03,official_medal_record
HKG|SAL|M.ILCA4-------------.----|ME_BRONZE|13871689,HKG,ME_BRONZE,SAL,Sailing,M.ILCA4-------------.----,Boys' Dinghy,A,CHENG DE VILLEMOR SALGADO Tiago,13871689,2026-10-03,M,[],帆船帆板,2026-10-03,official_medal_record
HKG|SQU|X.DOUBLES-----------.----|ME_GOLD|SQUXDOUBLES----HKG01,HKG,ME_GOLD,SQU,Squash,X.DOUBLES-----------.----,Mixed Doubles,D,LEE Ka Yi / TANG Ming Hong,SQUXDOUBLES----HKG01,2026-09-27,X,"[{""Reg"": ""12262543"", ""Bib"": """", ""Org"": ""HKG"", ""OrgDesc"": ""Hong Kong, China"", ""Name"": ""LEE Ka Yi"", ""Order"": 1, ""BirthDate"": ""1993-11-25""}, {""Reg"": ""12263420"", ""Bib"": """", ""Org"": ""HKG"", ""OrgDesc"": ""Hong Kong, China"", ""Name"": ""TANG Ming Hong"", ""Order"": 2, ""BirthDate"": ""1993-07-23""}]",壁球,2026-09-27,official_medal_record
HKG|SQU|W.TEAM--------------.----|ME_SILVER|SQUWTEAM-------HKG01,HKG,ME_SILVER,SQU,Squash,W.TEAM--------------.----,Women's Team,T,"Hong Kong, China",SQUWTEAM-------HKG01,2026-10-02,W,"[{""Reg"": ""12262318"", ""Bib"": """", ""Org"": ""HKG"", ""OrgDesc"": ""Hong Kong, China"", ""Name"": ""CHAN Sin Yuk"", ""Order"": 1, ""BirthDate"": ""2002-07-04""}, {""Reg"": ""12262543"", ""Bib"": """", ""Org"": ""HKG"", ""OrgDesc"": ""Hong Kong, China"", ""Name"": ""LEE Ka Yi"", ""Order"": 2, ""BirthDate"": ""1993-11-25""}, {""Reg"": ""12262421"", ""Bib"": """", ""Org"": ""HKG"", ""OrgDesc"": ""Hong Kong, China"", ""Name"": ""HO Tze Lok"", ""Order"": 3, ""BirthDate"": ""1995-10-26""}, {""Reg"": ""12262749"", ""Bib"": """", ""Org"": ""HKG"", ""OrgDesc"": ""Hong Kong, China"", ""Name"": ""TSE Yee Lam Toby"", ""Order"": 4, ""BirthDate"": ""2004-10-18""}]",壁球,2026-10-02,official_medal_record
HKG|SQU|X.DOUBLES-----------.----|ME_SILVER|SQUXDOUBLES----HKG02,HKG,ME_SILVER,SQU,Squash,X.DOUBLES-----------.----,Mixed Doubles,D,TSE Yee Lam Toby / LAI Cheuk Nam,SQUXDOUBLES----HKG02,2026-09-27,X,"[{""Reg"": ""12262749"", ""Bib"": """", ""Org"": ""HKG"", ""OrgDesc"": ""Hong Kong, China"", ""Name"": ""TSE Yee Lam Toby"", ""Order"": 1, ""BirthDate"": ""2004-10-18""}, {""Reg"": ""12263195"", ""Bib"": """", ""Org"": ""HKG"", ""OrgDesc"": ""Hong Kong, China"", ""Name"": ""LAI Cheuk Nam"", ""Order"": 2, ""BirthDate"": ""1998-09-21""}]",壁球,2026-09-27,official_medal_record
HKG|SQU|M.TEAM--------------.----|ME_BRONZE|SQUMTEAM-------HKG01,HKG,ME_BRONZE,SQU,Squash,M.TEAM--------------.----,Men's Team,T,"Hong Kong, China",SQUMTEAM-------HKG01,2026-10-01,M,"[{""Reg"": ""12262862"", ""Bib"": """", ""Org"": ""HKG"", ""OrgDesc"": ""Hong Kong, China"", ""Name"": ""LAU Tsz Kwan"", ""Order"": 1, ""BirthDate"": ""1996-02-05""}, {""Reg"": ""12262965"", ""Bib"": """", ""Org"": ""HKG"", ""OrgDesc"": ""Hong Kong, China"", ""Name"": ""LEUNG Chi Hin Henry"", ""Order"": 2, ""BirthDate"": ""1995-03-10""}, {""Reg"": ""12263195"", ""Bib"": """", ""Org"": ""HKG"", ""OrgDesc"": ""Hong Kong, China"", ""Name"": ""LAI Cheuk Nam"", ""Order"": 3, ""BirthDate"": ""1998-09-21""}, {""Reg"": ""12263420"", ""Bib"": """", ""Org"": ""HKG"", ""OrgDesc"": ""Hong Kong, China"", ""Name"": ""TANG Ming Hong"", ""Order"": 4, ""BirthDate"": ""1993-07-23""}]",壁球,2026-10-01,official_medal_record
HKG|SQU|W.SINGLES-----------.----|ME_BRONZE|12262318,HKG,ME_BRONZE,SQU,Squash,W.SINGLES-----------.----,Women's Singles,A,CHAN Sin Yuk,12262318,2026-09-27,W,[],壁球,2026-09-27,official_medal_record
HKG|SWM|W.100MFR------------.----|ME_GOLD|1434398,HKG,ME_GOLD,SWM,Swimming,W.100MFR------------.----,Women's 100m Freestyle,A,HAUGHEY Siobhan,1434398,2026-09-22,W,[],游泳,2026-09-22,official_medal_record
HKG|SWM|W.200MFR------------.----|ME_GOLD|1434398,HKG,ME_GOLD,SWM,Swimming,W.200MFR------------.----,Women's 200m Freestyle,A,HAUGHEY Siobhan,1434398,2026-09-21,W,[],游泳,2026-09-21,official_medal_record
HKG|SWM|M.50MFR-------------.----|ME_SILVER|1435006,HKG,ME_SILVER,SWM,Swimming,M.50MFR-------------.----,Men's 50m Freestyle,A,HO Ian Yentou,1435006,2026-09-21,M,[],游泳,2026-09-21,official_medal_record
HKG|SWM|W.4X100MFR----------.----|ME_SILVER|SWMW4X100MFR---HKG01,HKG,ME_SILVER,SWM,Swimming,W.4X100MFR----------.----,Women's 4 x 100m Freestyle Relay,T,"Hong Kong, China",SWMW4X100MFR---HKG01,2026-09-20,W,"[{""Reg"": ""1440296"", ""Bib"": """", ""Org"": ""HKG"", ""OrgDesc"": ""Hong Kong, China"", ""Name"": ""WANG Xintong"", ""Order"": 0, ""BirthDate"": ""2008-08-16""}, {""Reg"": ""1435933"", ""Bib"": """", ""Org"": ""HKG"", ""OrgDesc"": ""Hong Kong, China"", ""Name"": ""KAN Cheuk Tung Natalie"", ""Order"": 0, ""BirthDate"": ""2002-04-30""}, {""Reg"": ""1434398"", ""Bib"": """", ""Org"": ""HKG"", ""OrgDesc"": ""Hong Kong, China"", ""Name"": ""HAUGHEY Siobhan"", ""Order"": 0, ""BirthDate"": ""1997-10-31""}, {""Reg"": ""1438141"", ""Bib"": """", ""Org"": ""HKG"", ""OrgDesc"": ""Hong Kong, China"", ""Name"": ""LI Sum Yiu"", ""Order"": 0, ""BirthDate"": ""2009-04-15""}, {""Reg"": ""1438453"", ""Bib"": """", ""Org"": ""HKG"", ""OrgDesc"": ""Hong Kong, China"", ""Name"": ""MA Gilaine"", ""Order"": 0, ""BirthDate"": ""2008-06-30""}]",游泳,2026-09-20,official_medal_record
HKG|SWM|W.50MFR-------------.----|ME_SILVER|1434398,HKG,ME_SILVER,SWM,Swimming,W.50MFR-------------.----,Women's 50m Freestyle,A,HAUGHEY Siobhan,1434398,2026-09-24,W,[],游泳,2026-09-24,official_medal_record
HKG|SWM|W.100MBF------------.----|ME_BRONZE|1435933,HKG,ME_BRONZE,SWM,Swimming,W.100MBF------------.----,Women's 100m Butterfly,A,KAN Cheuk Tung Natalie,1435933,2026-09-23,W,[],游泳,2026-09-23,official_medal_record
HKG|TEN|M.SINGLES-----------.----|ME_GOLD|1491136,HKG,ME_GOLD,TEN,Tennis,M.SINGLES-----------.----,Men's Singles,A,WONG Coleman,1491136,2026-10-03,M,[],网球,2026-10-03,official_medal_record
HKG|TEN|W.DOUBLES-----------.----|ME_BRONZE|TENWDOUBLES----HKG01,HKG,ME_BRONZE,TEN,Tennis,W.DOUBLES-----------.----,Women's Doubles,D,CHONG Eudice / WONG Hong Yi,TENWDOUBLES----HKG01,2026-10-02,W,"[{""Reg"": ""1492192"", ""Bib"": """", ""Org"": ""HKG"", ""OrgDesc"": ""Hong Kong, China"", ""Name"": ""CHONG Eudice"", ""Order"": 1, ""BirthDate"": ""1996-04-22""}, {""Reg"": ""1492746"", ""Bib"": """", ""Org"": ""HKG"", ""OrgDesc"": ""Hong Kong, China"", ""Name"": ""WONG Hong Yi"", ""Order"": 2, ""BirthDate"": ""2002-03-14""}]",网球,2026-10-02,official_medal_record
HKG|TRI|X.TEAM4-------------.----|ME_BRONZE|TRIXTEAM4------HKG01,HKG,ME_BRONZE,TRI,Triathlon,X.TEAM4-------------.----,Mixed Relay,T,"Hong Kong, China",TRIXTEAM4------HKG01,2026-09-21,X,"[{""Reg"": ""1042406"", ""Bib"": ""2/A"", ""Org"": ""HKG"", ""OrgDesc"": ""Hong Kong, China"", ""Name"": ""WRIGHT Cade Cameron"", ""Order"": 1, ""BirthDate"": ""2003-08-08""}, {""Reg"": ""1040477"", ""Bib"": ""2/B"", ""Org"": ""HKG"", ""OrgDesc"": ""Hong Kong, China"", ""Name"": ""COGGINS Oscar Louis"", ""Order"": 2, ""BirthDate"": ""1999-10-07""}, {""Reg"": ""1042225"", ""Bib"": ""2/C"", ""Org"": ""HKG"", ""OrgDesc"": ""Hong Kong, China"", ""Name"": ""BROWN Bailee Briana"", ""Order"": 3, ""BirthDate"": ""2000-03-31""}, {""Reg"": ""1041965"", ""Bib"": ""2/D"", ""Org"": ""HKG"", ""OrgDesc"": ""Hong Kong, China"", ""Name"": ""ELG Robin Bent Edvin Thomas"", ""Order"": 4, ""BirthDate"": ""2002-01-02""}]",铁人三项,2026-09-21,official_medal_record
HKG|TTE|W.DOUBLES-----------.----|ME_BRONZE|TTEWDOUBLES----HKG01,HKG,ME_BRONZE,TTE,Table Tennis,W.DOUBLES-----------.----,Women's Doubles,D,DOO Hoi Kem / NG Wing Lam,TTEWDOUBLES----HKG01,2026-09-28,W,"[{""Reg"": ""11118638"", ""Bib"": """", ""Org"": ""HKG"", ""OrgDesc"": ""Hong Kong, China"", ""Name"": ""DOO Hoi Kem"", ""Order"": 1, ""BirthDate"": ""1996-11-27""}, {""Reg"": ""11119894"", ""Bib"": """", ""Org"": ""HKG"", ""OrgDesc"": ""Hong Kong, China"", ""Name"": ""NG Wing Lam"", ""Order"": 2, ""BirthDate"": ""2003-10-20""}]",乒乓球,2026-09-28,official_medal_record
HKG|WSU|W.CHAN--------------.FNL-|ME_GOLD|10869018,HKG,ME_GOLD,WSU,Wushu,W.CHAN--------------.FNL-,Women's Changquan,A,SHAM Hui Yu Lydia,10869018,2026-09-21,W,[],武术,2026-09-21,official_medal_record
HKG|WSU|M.60KG--------------.----|ME_SILVER|10868767,HKG,ME_SILVER,WSU,Wushu,M.60KG--------------.----,Men's 60kg,A,LEUNG Yu Hong,10868767,2026-09-24,M,[],武术,2026-09-24,official_medal_record
HKG|WSU|M.NANG--------------.FNL-|ME_SILVER|10869560,HKG,ME_SILVER,WSU,Wushu,M.NANG--------------.FNL-,Men's Nanquan & Nangun,A,LAU Chi Lung,10869560,2026-09-22,M,[],武术,2026-09-22,official_medal_record
HKG|WSU|W.52KG--------------.----|ME_BRONZE|10868615,HKG,ME_BRONZE,WSU,Wushu,W.52KG--------------.----,Women's 52kg,A,CHAN Tsz Ching,10868615,2026-09-23,W,[],武术,2026-09-23,official_medal_record
IND|ARC|M.CTEAM-------------.FNL-|ME_GOLD|ARCMCTEAM------IND01,IND,ME_GOLD,ARC,Archery,M.CTEAM-------------.FNL-,Compound Men's Team Finals,T,India,ARCMCTEAM------IND01,2026-09-30,M,"[{""Reg"": ""12842746"", ""Bib"": ""16"", ""Org"": ""IND"", ""OrgDesc"": ""India"", ""Name"": ""DALAL Kushal"", ""Order"": 1, ""BirthDate"": ""2005-01-23""}, {""Reg"": ""4887824"", ""Bib"": ""5"", ""Org"": ""IND"", ""OrgDesc"": ""India"", ""Name"": ""JADHAV Sahil Rajesh"", ""Order"": 2, ""BirthDate"": ""2001-04-11""}, {""Reg"": ""8772997"", ""Bib"": ""14"", ""Org"": ""IND"", ""OrgDesc"": ""India"", ""Name"": ""THIRUMURU Ganesh Mani Ratnam"", ""Order"": 3, ""BirthDate"": ""2006-05-09""}]",射箭,2026-09-30,official_medal_record
IND|ARC|W.CTEAM-------------.FNL-|ME_GOLD|ARCWCTEAM------IND01,IND,ME_GOLD,ARC,Archery,W.CTEAM-------------.FNL-,Compound Women's Team Finals,T,India,ARCWCTEAM------IND01,2026-09-30,W,"[{""Reg"": ""10528860"", ""Bib"": ""1"", ""Org"": ""IND"", ""OrgDesc"": ""India"", ""Name"": ""TANIPARTHI Chikitha"", ""Order"": 1, ""BirthDate"": ""2005-08-13""}, {""Reg"": ""4886364"", ""Bib"": ""20"", ""Org"": ""IND"", ""OrgDesc"": ""India"", ""Name"": ""PRADEEP Prithika"", ""Order"": 2, ""BirthDate"": ""2008-09-27""}, {""Reg"": ""8765533"", ""Bib"": ""13"", ""Org"": ""IND"", ""OrgDesc"": ""India"", ""Name"": ""VENNAM Jyothi Surekha"", ""Order"": 3, ""BirthDate"": ""1996-07-03""}]",射箭,2026-09-30,official_medal_record
IND|ARC|W.RINDIVID----------.FNL-|ME_GOLD|10544514,IND,ME_GOLD,ARC,Archery,W.RINDIVID----------.FNL-,Recurve Women's Individual Finals,A,MOHOD Kumkum Anil,10544514,2026-10-03,W,[],射箭,2026-10-03,official_medal_record
IND|ARC|W.RTEAM-------------.FNL-|ME_GOLD|ARCWRTEAM------IND01,IND,ME_GOLD,ARC,Archery,W.RTEAM-------------.FNL-,Recurve Women's Team Finals,T,India,ARCWRTEAM------IND01,2026-10-02,W,"[{""Reg"": ""8774255"", ""Bib"": ""25"", ""Org"": ""IND"", ""OrgDesc"": ""India"", ""Name"": ""BHAKAT Ankita"", ""Order"": 1, ""BirthDate"": ""1998-06-17""}, {""Reg"": ""8777937"", ""Bib"": ""20"", ""Org"": ""IND"", ""OrgDesc"": ""India"", ""Name"": ""KIRTI"", ""Order"": 2, ""BirthDate"": ""2006-09-15""}, {""Reg"": ""10544514"", ""Bib"": ""10"", ""Org"": ""IND"", ""OrgDesc"": ""India"", ""Name"": ""MOHOD Kumkum Anil"", ""Order"": 3, ""BirthDate"": ""2009-03-10""}]",射箭,2026-10-02,official_medal_record
IND|ARC|X.CTEAM2------------.FNL-|ME_GOLD|ARCXCTEAM2-----IND01,IND,ME_GOLD,ARC,Archery,X.CTEAM2------------.FNL-,Compound Mixed Team Finals,T,India,ARCXCTEAM2-----IND01,2026-09-30,X,"[{""Reg"": ""12842746"", ""Bib"": ""16"", ""Org"": ""IND"", ""OrgDesc"": ""India"", ""Name"": ""DALAL Kushal"", ""Order"": 0, ""BirthDate"": ""2005-01-23""}, {""Reg"": ""4886364"", ""Bib"": ""20"", ""Org"": ""IND"", ""OrgDesc"": ""India"", ""Name"": ""PRADEEP Prithika"", ""Order"": 0, ""BirthDate"": ""2008-09-27""}, {""Reg"": ""8765533"", ""Bib"": ""13"", ""Org"": ""IND"", ""OrgDesc"": ""India"", ""Name"": ""VENNAM Jyothi Surekha"", ""Order"": 0, ""BirthDate"": ""1996-07-03""}, {""Reg"": ""8772997"", ""Bib"": ""14"", ""Org"": ""IND"", ""OrgDesc"": ""India"", ""Name"": ""THIRUMURU Ganesh Mani Ratnam"", ""Order"": 0, ""BirthDate"": ""2006-05-09""}, {""Reg"": ""10528860"", ""Bib"": ""1"", ""Org"": ""IND"", ""OrgDesc"": ""India"", ""Name"": ""TANIPARTHI Chikitha"", ""Order"": 1, ""BirthDate"": ""2005-08-13""}, {""Reg"": ""4887824"", ""Bib"": ""5"", ""Org"": ""IND"", ""OrgDesc"": ""India"", ""Name"": ""JADHAV Sahil Rajesh"", ""Order"": 2, ""BirthDate"": ""2001-04-11""}]",射箭,2026-09-30,official_medal_record
IND|ARC|M.RTEAM-------------.FNL-|ME_SILVER|ARCMRTEAM------IND01,IND,ME_SILVER,ARC,Archery,M.RTEAM-------------.FNL-,Recurve Men's Team Finals,T,India,ARCMRTEAM------IND01,2026-10-02,M,"[{""Reg"": ""10548737"", ""Bib"": ""25"", ""Org"": ""IND"", ""OrgDesc"": ""India"", ""Name"": ""BHOGE Yashdeep Sanjay"", ""Order"": 1, ""BirthDate"": ""2000-05-13""}, {""Reg"": ""10541644"", ""Bib"": ""1"", ""Org"": ""IND"", ""OrgDesc"": ""India"", ""Name"": ""BOMMADEVARA Dhiraj"", ""Order"": 2, ""BirthDate"": ""2001-09-04""}, {""Reg"": ""4895254"", ""Bib"": ""20"", ""Org"": ""IND"", ""OrgDesc"": ""India"", ""Name"": ""CHAUHAN Neeraj"", ""Order"": 3, ""BirthDate"": ""2002-07-10""}]",射箭,2026-10-02,official_medal_record
IND|ARC|X.RTEAM2------------.FNL-|ME_SILVER|ARCXRTEAM2-----IND01,IND,ME_SILVER,ARC,Archery,X.RTEAM2------------.FNL-,Recurve Mixed Team Finals,T,India,ARCXRTEAM2-----IND01,2026-10-02,X,"[{""Reg"": ""10548737"", ""Bib"": ""25"", ""Org"": ""IND"", ""OrgDesc"": ""India"", ""Name"": ""BHOGE Yashdeep Sanjay"", ""Order"": 0, ""BirthDate"": ""2000-05-13""}, {""Reg"": ""4895254"", ""Bib"": ""20"", ""Org"": ""IND"", ""OrgDesc"": ""India"", ""Name"": ""CHAUHAN Neeraj"", ""Order"": 0, ""BirthDate"": ""2002-07-10""}, {""Reg"": ""8774255"", ""Bib"": ""25"", ""Org"": ""IND"", ""OrgDesc"": ""India"", ""Name"": ""BHAKAT Ankita"", ""Order"": 0, ""BirthDate"": ""1998-06-17""}, {""Reg"": ""8777937"", ""Bib"": ""20"", ""Org"": ""IND"", ""OrgDesc"": ""India"", ""Name"": ""KIRTI"", ""Order"": 0, ""BirthDate"": ""2006-09-15""}, {""Reg"": ""10544514"", ""Bib"": ""10"", ""Org"": ""IND"", ""OrgDesc"": ""India"", ""Name"": ""MOHOD Kumkum Anil"", ""Order"": 1, ""BirthDate"": ""2009-03-10""}, {""Reg"": ""10541644"", ""Bib"": ""1"", ""Org"": ""IND"", ""OrgDesc"": ""India"", ""Name"": ""BOMMADEVARA Dhiraj"", ""Order"": 2, ""BirthDate"": ""2001-09-04""}]",射箭,2026-10-02,official_medal_record
IND|ARC|M.CINDIVID----------.FNL-|ME_BRONZE|8772997,IND,ME_BRONZE,ARC,Archery,M.CINDIVID----------.FNL-,Compound Men's Individual Finals,A,THIRUMURU Ganesh Mani Ratnam,8772997,2026-10-01,M,[],射箭,2026-10-01,official_medal_record
IND|ARC|M.RINDIVID----------.FNL-|ME_BRONZE|4895254,IND,ME_BRONZE,ARC,Archery,M.RINDIVID----------.FNL-,Recurve Men's Individual Finals,A,CHAUHAN Neeraj,4895254,2026-10-03,M,[],射箭,2026-10-03,official_medal_record
IND|ATH|W.4X400M------------.----|ME_GOLD|ATHW4X400M-----IND01,IND,ME_GOLD,ATH,Athletics,W.4X400M------------.----,Women's 4 x 400m Relay,T,India,ATHW4X400M-----IND01,2026-09-29,W,"[{""Reg"": ""15420709"", ""Bib"": ""809"", ""Org"": ""IND"", ""OrgDesc"": ""India"", ""Name"": ""KIRAN"", ""Order"": 1, ""BirthDate"": ""2000-08-05""}, {""Reg"": ""7207481"", ""Bib"": ""1043"", ""Org"": ""IND"", ""OrgDesc"": ""India"", ""Name"": ""MACHETTIRA Poovamma"", ""Order"": 2, ""BirthDate"": ""1990-06-05""}, {""Reg"": ""3560983"", ""Bib"": ""334"", ""Org"": ""IND"", ""OrgDesc"": ""India"", ""Name"": ""PRACHI"", ""Order"": 3, ""BirthDate"": ""1996-12-20""}, {""Reg"": ""5547605"", ""Bib"": ""346"", ""Org"": ""IND"", ""OrgDesc"": ""India"", ""Name"": ""RAMRAJ Vithya"", ""Order"": 4, ""BirthDate"": ""1998-09-20""}]",田径,2026-09-29,official_medal_record
IND|ATH|M.10000M------------.----|ME_SILVER|732155,IND,ME_SILVER,ATH,Athletics,M.10000M------------.----,"Men's 10,000m",A,SINGH Gulveer,732155,2026-09-25,M,[],田径,2026-09-25,official_medal_record
IND|ATH|M.1500M-------------.----|ME_SILVER|732155,IND,ME_SILVER,ATH,Athletics,M.1500M-------------.----,Men's 1500m,A,SINGH Gulveer,732155,2026-09-28,M,[],田径,2026-09-28,official_medal_record
IND|ATH|M.HIGHJUMP----------.----|ME_SILVER|1182617,IND,ME_SILVER,ATH,Athletics,M.HIGHJUMP----------.----,Men's High Jump,A,KUSHARE Sarvesh ANIL,1182617,2026-09-27,M,[],田径,2026-09-27,official_medal_record
IND|ATH|M.JAVELIN-----------.----|ME_SILVER|1229520,IND,ME_SILVER,ATH,Athletics,M.JAVELIN-----------.----,Men's Javelin Throw,A,SINGH Yashvir,1229520,2026-09-28,M,[],田径,2026-09-28,official_medal_record
IND|ATH|M.LONGJUMP----------.----|ME_SILVER|16240654,IND,ME_SILVER,ATH,Athletics,M.LONGJUMP----------.----,Men's Long Jump,A,SREESHANKAR Murali,16240654,2026-09-28,M,[],田径,2026-09-28,official_medal_record
IND|ATH|M.MARATHON----------.----|ME_SILVER|627314,IND,ME_SILVER,ATH,Athletics,M.MARATHON----------.----,Men's Marathon,A,BARWAL Sawan,627314,2026-09-26,M,[],田径,2026-09-26,official_medal_record
IND|ATH|M.SHOTPUT-----------.----|ME_SILVER|2488559,IND,ME_SILVER,ATH,Athletics,M.SHOTPUT-----------.----,Men's Shot Put,A,TOOR Tajinderpal Singh,2488559,2026-09-26,M,[],田径,2026-09-26,official_medal_record
IND|ATH|W.LONGJUMP----------.----|ME_SILVER|7019692,IND,ME_SILVER,ATH,Athletics,W.LONGJUMP----------.----,Women's Long Jump,A,SOJAN EDAPPILLY Ancy,7019692,2026-09-27,W,[],田径,2026-09-27,official_medal_record
IND|ATH|X.4X400M------------.----|ME_SILVER|ATHX4X400M-----IND01,IND,ME_SILVER,ATH,Athletics,X.4X400M------------.----,4 x 400m Relay Mixed,T,India,ATHX4X400M-----IND01,2026-09-24,X,"[{""Reg"": ""15420709"", ""Bib"": ""809"", ""Org"": ""IND"", ""OrgDesc"": ""India"", ""Name"": ""KIRAN"", ""Order"": 0, ""BirthDate"": ""2000-08-05""}, {""Reg"": ""4788190"", ""Bib"": ""1038"", ""Org"": ""IND"", ""OrgDesc"": ""India"", ""Name"": ""THEKKINALIL Manu"", ""Order"": 1, ""BirthDate"": ""2001-10-17""}, {""Reg"": ""15776637"", ""Bib"": ""1037"", ""Org"": ""IND"", ""OrgDesc"": ""India"", ""Name"": ""KUMAR Jay"", ""Order"": 1, ""BirthDate"": ""2006-06-10""}, {""Reg"": ""7207481"", ""Bib"": ""1043"", ""Org"": ""IND"", ""OrgDesc"": ""India"", ""Name"": ""MACHETTIRA Poovamma"", ""Order"": 2, ""BirthDate"": ""1990-06-05""}, {""Reg"": ""2034750"", ""Bib"": ""324"", ""Org"": ""IND"", ""OrgDesc"": ""India"", ""Name"": ""THENNARASU Vishal"", ""Order"": 3, ""BirthDate"": ""2003-12-17""}, {""Reg"": ""5547605"", ""Bib"": ""346"", ""Org"": ""IND"", ""OrgDesc"": ""India"", ""Name"": ""RAMRAJ Vithya"", ""Order"": 4, ""BirthDate"": ""1998-09-20""}]",田径,2026-09-24,official_medal_record
IND|ATH|M.4X400M------------.----|ME_BRONZE|ATHM4X400M-----IND01,IND,ME_BRONZE,ATH,Athletics,M.4X400M------------.----,Men's 4 x 400m Relay,T,India,ATHM4X400M-----IND01,2026-09-29,M,"[{""Reg"": ""2034750"", ""Bib"": ""324"", ""Org"": ""IND"", ""OrgDesc"": ""India"", ""Name"": ""THENNARASU Vishal"", ""Order"": 0, ""BirthDate"": ""2003-12-17""}, {""Reg"": ""2025726"", ""Bib"": ""1035"", ""Org"": ""IND"", ""OrgDesc"": ""India"", ""Name"": ""CHOUDHARY Dharmveer"", ""Order"": 1, ""BirthDate"": ""2001-02-05""}, {""Reg"": ""2046457"", ""Bib"": ""317"", ""Org"": ""IND"", ""OrgDesc"": ""India"", ""Name"": ""RAMESH Rajesh"", ""Order"": 2, ""BirthDate"": ""1999-03-28""}, {""Reg"": ""4788190"", ""Bib"": ""1038"", ""Org"": ""IND"", ""OrgDesc"": ""India"", ""Name"": ""THEKKINALIL Manu"", ""Order"": 3, ""BirthDate"": ""2001-10-17""}, {""Reg"": ""15776637"", ""Bib"": ""1037"", ""Org"": ""IND"", ""OrgDesc"": ""India"", ""Name"": ""KUMAR Jay"", ""Order"": 4, ""BirthDate"": ""2006-06-10""}]",田径,2026-09-29,official_medal_record
IND|ATH|M.5000M-------------.----|ME_BRONZE|732155,IND,ME_BRONZE,ATH,Athletics,M.5000M-------------.----,Men's 5000m,A,SINGH Gulveer,732155,2026-09-29,M,[],田径,2026-09-29,official_medal_record
IND|ATH|M.DECATH------------.----|ME_BRONZE|16164087,IND,ME_BRONZE,ATH,Athletics,M.DECATH------------.----,Men's Decathlon,A,SHANKAR Tejaswin,16164087,2026-09-27,M,[],田径,2026-09-27,official_medal_record
IND|ATH|M.JAVELIN-----------.----|ME_BRONZE|1223518,IND,ME_BRONZE,ATH,Athletics,M.JAVELIN-----------.----,Men's Javelin Throw,A,YADAV Rohit,1223518,2026-09-28,M,[],田径,2026-09-28,official_medal_record
IND|ATH|W.10000M------------.----|ME_BRONZE|5320130,IND,ME_BRONZE,ATH,Athletics,W.10000M------------.----,"Women's 10,000m",A,SEEMA,5320130,2026-09-24,W,[],田径,2026-09-24,official_medal_record
IND|ATH|W.200M--------------.----|ME_BRONZE|16628668,IND,ME_BRONZE,ATH,Athletics,W.200M--------------.----,Women's 200m,A,BHADRA Harita,16628668,2026-09-27,W,[],田径,2026-09-27,official_medal_record
IND|ATH|W.3000MST-----------.----|ME_BRONZE|1443836,IND,ME_BRONZE,ATH,Athletics,W.3000MST-----------.----,Women's 3000m Steeplechase,A,CHAUDHARY Parul,1443836,2026-09-27,W,[],田径,2026-09-27,official_medal_record
IND|ATH|W.400M--------------.----|ME_BRONZE|3560983,IND,ME_BRONZE,ATH,Athletics,W.400M--------------.----,Women's 400m,A,PRACHI,3560983,2026-09-26,W,[],田径,2026-09-26,official_medal_record
IND|ATH|W.400MHURD----------.----|ME_BRONZE|5547605,IND,ME_BRONZE,ATH,Athletics,W.400MHURD----------.----,Women's 400m Hurdles,A,RAMRAJ Vithya,5547605,2026-09-28,W,[],田径,2026-09-28,official_medal_record
IND|ATH|W.5000M-------------.----|ME_BRONZE|1443836,IND,ME_BRONZE,ATH,Athletics,W.5000M-------------.----,Women's 5000m,A,CHAUDHARY Parul,1443836,2026-09-28,W,[],田径,2026-09-28,official_medal_record
IND|ATH|W.HIGHJUMP----------.----|ME_BRONZE|10478504,IND,ME_BRONZE,ATH,Athletics,W.HIGHJUMP----------.----,Women's High Jump,A,POOJA,10478504,2026-09-29,W,[],田径,2026-09-29,official_medal_record
IND|ATH|W.PLEVAULT----------.----|ME_BRONZE|7925520,IND,ME_BRONZE,ATH,Athletics,W.PLEVAULT----------.----,Women's Pole Vault,A,ELANGOVAN Baranica,7925520,2026-09-25,W,[],田径,2026-09-25,official_medal_record
IND|ATH|W.SHOTPUT-----------.----|ME_BRONZE|13358440,IND,ME_BRONZE,ATH,Athletics,W.SHOTPUT-----------.----,Women's Shot Put,A,MANPREET KAUR,13358440,2026-09-25,W,[],田径,2026-09-25,official_medal_record
IND|ATH|X.4X100M------------.----|ME_BRONZE|ATHX4X100M-----IND01,IND,ME_BRONZE,ATH,Athletics,X.4X100M------------.----,4 x 100m Relay Mixed,T,India,ATHX4X100M-----IND01,2026-09-29,X,"[{""Reg"": ""15701485"", ""Bib"": ""301"", ""Org"": ""IND"", ""OrgDesc"": ""India"", ""Name"": ""GURINDERVIR SINGH"", ""Order"": 1, ""BirthDate"": ""2000-12-24""}, {""Reg"": ""16254907"", ""Bib"": ""1048"", ""Org"": ""IND"", ""OrgDesc"": ""India"", ""Name"": ""SATHYANARAYANA Sneha Shanuvali"", ""Order"": 2, ""BirthDate"": ""1998-03-27""}, {""Reg"": ""1243711"", ""Bib"": ""1047"", ""Org"": ""IND"", ""OrgDesc"": ""India"", ""Name"": ""RAJARAJAN Abinaya"", ""Order"": 2, ""BirthDate"": ""2006-11-21""}, {""Reg"": ""4688614"", ""Bib"": ""308"", ""Org"": ""IND"", ""OrgDesc"": ""India"", ""Name"": ""KUJUR Animesh"", ""Order"": 3, ""BirthDate"": ""2003-06-02""}, {""Reg"": ""16628668"", ""Bib"": ""808"", ""Org"": ""IND"", ""OrgDesc"": ""India"", ""Name"": ""BHADRA Harita"", ""Order"": 4, ""BirthDate"": ""2003-06-06""}]",田径,2026-09-29,official_medal_record
IND|BDM|M.TEAM--------------.----|ME_BRONZE|BDMMTEAM-------IND01,IND,ME_BRONZE,BDM,Badminton,M.TEAM--------------.----,Men's Team,T,India,BDMMTEAM-------IND01,2026-09-23,M,"[{""Reg"": ""12084045"", ""Bib"": """", ""Org"": ""IND"", ""OrgDesc"": ""India"", ""Name"": ""KAPILA Dhruv"", ""Order"": 1, ""BirthDate"": ""2000-02-01""}, {""Reg"": ""12086438"", ""Bib"": """", ""Org"": ""IND"", ""OrgDesc"": ""India"", ""Name"": ""HASEENA S. K. Prannoy"", ""Order"": 2, ""BirthDate"": ""1992-07-17""}, {""Reg"": ""12087059"", ""Bib"": """", ""Org"": ""IND"", ""OrgDesc"": ""India"", ""Name"": ""AMSAKARUNAN Hariharan"", ""Order"": 3, ""BirthDate"": ""2003-05-18""}, {""Reg"": ""12911698"", ""Bib"": """", ""Org"": ""IND"", ""OrgDesc"": ""India"", ""Name"": ""SHETTY Ayush"", ""Order"": 4, ""BirthDate"": ""2005-05-03""}, {""Reg"": ""12919198"", ""Bib"": """", ""Org"": ""IND"", ""OrgDesc"": ""India"", ""Name"": ""SEN Lakshya"", ""Order"": 5, ""BirthDate"": ""2001-08-16""}, {""Reg"": ""13328974"", ""Bib"": """", ""Org"": ""IND"", ""OrgDesc"": ""India"", ""Name"": ""KIDAMBI Srikanth"", ""Order"": 6, ""BirthDate"": ""1993-02-07""}, {""Reg"": ""5855067"", ""Bib"": """", ""Org"": ""IND"", ""OrgDesc"": ""India"", ""Name"": ""MANNEPALLI Tharun"", ""Order"": 7, ""BirthDate"": ""2001-08-24""}, {""Reg"": ""5857545"", ""Bib"": """", ""Org"": ""IND"", ""OrgDesc"": ""India"", ""Name"": ""RANKIREDDY Satwiksairaj"", ""Order"": 8, ""BirthDate"": ""2000-08-13""}, {""Reg"": ""6875486"", ""Bib"": """", ""Org"": ""IND"", ""OrgDesc"": ""India"", ""Name"": ""SHETTY Chirag"", ""Order"": 9, ""BirthDate"": ""1997-07-04""}, {""Reg"": ""6882820"", ""Bib"": """", ""Org"": ""IND"", ""OrgDesc"": ""India"", ""Name"": ""MADATHIL R Arjun"", ""Order"": 10, ""BirthDate"": ""1997-05-11""}]",羽毛球,2026-09-23,official_medal_record
IND|BOX|M.80KG--------------.----|ME_GOLD|8600061,IND,ME_GOLD,BOX,Boxing,M.80KG--------------.----,Men's 80kg,A,ANKUSH,8600061,2026-10-02,M,[],拳击,2026-10-02,official_medal_record
IND|BOX|W.65KG--------------.----|ME_GOLD|8621436,IND,ME_GOLD,BOX,Boxing,W.65KG--------------.----,Women's 65kg,A,PARVEEN,8621436,2026-10-02,W,[],拳击,2026-10-02,official_medal_record
IND|BOX|W.75KG--------------.----|ME_GOLD|5471473,IND,ME_GOLD,BOX,Boxing,W.75KG--------------.----,Women's 75kg,A,BORGOHAIN Lovlina,5471473,2026-10-02,W,[],拳击,2026-10-02,official_medal_record
IND|BOX|M.90KG--------------.----|ME_BRONZE|5455376,IND,ME_BRONZE,BOX,Boxing,M.90KG--------------.----,Men's 90kg,A,POKHARIYA Kapil,5455376,2026-09-30,M,[],拳击,2026-09-30,official_medal_record
IND|BOX|M.O90KG-------------.----|ME_BRONZE|9197810,IND,ME_BRONZE,BOX,Boxing,M.O90KG-------------.----,Men's +90kg,A,NARENDER,9197810,2026-09-29,M,[],拳击,2026-09-29,official_medal_record
IND|BOX|W.60KG--------------.----|ME_BRONZE|9207646,IND,ME_BRONZE,BOX,Boxing,W.60KG--------------.----,Women's 60kg,A,PRIYA,9207646,2026-09-30,W,[],拳击,2026-09-30,official_medal_record
IND|CKT|M.TEAM--------------.----|ME_GOLD|CKTMTEAM-------IND01,IND,ME_GOLD,CKT,Cricket,M.TEAM--------------.----,Men,T,India,CKTMTEAM-------IND01,2026-10-03,M,"[{""Reg"": ""9251327"", ""Bib"": ""96"", ""Org"": ""IND"", ""OrgDesc"": ""India"", ""Name"": ""IYER Shreyas Santosh"", ""Order"": 4, ""BirthDate"": ""1994-12-06""}, {""Reg"": ""9260333"", ""Bib"": ""25"", ""Org"": ""IND"", ""OrgDesc"": ""India"", ""Name"": ""DUBE Shivam Rajesh"", ""Order"": 4, ""BirthDate"": ""1993-06-26""}, {""Reg"": ""9261373"", ""Bib"": ""3"", ""Org"": ""IND"", ""OrgDesc"": ""India"", ""Name"": ""SOORYAVANSHI Vaibhav"", ""Order"": 4, ""BirthDate"": ""2011-03-27""}, {""Reg"": ""5525479"", ""Bib"": ""4"", ""Org"": ""IND"", ""OrgDesc"": ""India"", ""Name"": ""SHARMA Abhishek"", ""Order"": 4, ""BirthDate"": ""2000-09-04""}, {""Reg"": ""5534846"", ""Bib"": ""72"", ""Org"": ""IND"", ""OrgDesc"": ""India"", ""Name"": ""NAMBOORI Thakur Tilak Varma"", ""Order"": 4, ""BirthDate"": ""2002-11-08""}, {""Reg"": ""11033049"", ""Bib"": ""5"", ""Org"": ""IND"", ""OrgDesc"": ""India"", ""Name"": ""MANI SUNDAR Washington Sundar"", ""Order"": 4, ""BirthDate"": ""1999-10-05""}, {""Reg"": ""5535483"", ""Bib"": ""28"", ""Org"": ""IND"", ""OrgDesc"": ""India"", ""Name"": ""NIGAM Vipraj"", ""Order"": 4, ""BirthDate"": ""2004-07-28""}, {""Reg"": ""11029661"", ""Bib"": ""56"", ""Org"": ""IND"", ""OrgDesc"": ""India"", ""Name"": ""BISHNOI Ravi"", ""Order"": 4, ""BirthDate"": ""2000-09-05""}, {""Reg"": ""5526440"", ""Bib"": ""20"", ""Org"": ""IND"", ""OrgDesc"": ""India"", ""Name"": ""PATEL Axar Rajeshbhai"", ""Order"": 4, ""BirthDate"": ""1994-01-20""}, {""Reg"": ""9250391"", ""Bib"": ""32"", ""Org"": ""IND"", ""OrgDesc"": ""India"", ""Name"": ""KISHAN Ishan"", ""Order"": 4, ""BirthDate"": ""1998-07-18""}, {""Reg"": ""5533431"", ""Bib"": ""9"", ""Org"": ""IND"", ""OrgDesc"": ""India"", ""Name"": ""VISHWANADH Sanju"", ""Order"": 4, ""BirthDate"": ""1994-11-11""}, {""Reg"": ""10044619"", ""Bib"": ""60"", ""Org"": ""IND"", ""OrgDesc"": ""India"", ""Name"": ""THAKUR Yash Ravisingh"", ""Order"": 4, ""BirthDate"": ""1998-12-28""}, {""Reg"": ""9254784"", ""Bib"": ""93"", ""Org"": ""IND"", ""OrgDesc"": ""India"", ""Name"": ""BUMRAH Jasprit Jasbirsingh"", ""Order"": 4, ""BirthDate"": ""1993-12-06""}, {""Reg"": ""5525867"", ""Bib"": ""2"", ""Org"": ""IND"", ""OrgDesc"": ""India"", ""Name"": ""SINGH Arshdeep"", ""Order"": 4, ""BirthDate"": ""1999-02-05""}]",板球,2026-10-03,official_medal_record
IND|CKT|W.TEAM--------------.----|ME_GOLD|CKTWTEAM-------IND01,IND,ME_GOLD,CKT,Cricket,W.TEAM--------------.----,Women,T,India,CKTWTEAM-------IND01,2026-09-22,W,"[{""Reg"": ""11041272"", ""Bib"": ""64"", ""Org"": ""IND"", ""OrgDesc"": ""India"", ""Name"": ""RAWAL Pratika"", ""Order"": 13, ""BirthDate"": ""2000-09-01""}, {""Reg"": ""5538388"", ""Bib"": ""45"", ""Org"": ""IND"", ""OrgDesc"": ""India"", ""Name"": ""FULMALI Bharti Shrikrushna"", ""Order"": 13, ""BirthDate"": ""1994-10-11""}, {""Reg"": ""9278207"", ""Bib"": ""17"", ""Org"": ""IND"", ""OrgDesc"": ""India"", ""Name"": ""Shafali"", ""Order"": 13, ""BirthDate"": ""2004-01-28""}, {""Reg"": ""8677535"", ""Bib"": ""23"", ""Org"": ""IND"", ""OrgDesc"": ""India"", ""Name"": ""BHULLAR Harmanpreet Kaur"", ""Order"": 13, ""BirthDate"": ""1989-03-08""}, {""Reg"": ""9280068"", ""Bib"": ""18"", ""Org"": ""IND"", ""OrgDesc"": ""India"", ""Name"": ""MANDHANA Smriti Shriniwas"", ""Order"": 13, ""BirthDate"": ""1996-07-18""}, {""Reg"": ""8677006"", ""Bib"": ""6"", ""Org"": ""IND"", ""OrgDesc"": ""India"", ""Name"": ""SHARMA Deepti"", ""Order"": 13, ""BirthDate"": ""1997-08-24""}, {""Reg"": ""8690564"", ""Bib"": ""31"", ""Org"": ""IND"", ""OrgDesc"": ""India"", ""Name"": ""RAJESH PATIL Shreyanka"", ""Order"": 13, ""BirthDate"": ""2002-07-31""}, {""Reg"": ""9281017"", ""Bib"": ""4"", ""Org"": ""IND"", ""OrgDesc"": ""India"", ""Name"": ""NALLAPUREDDY Sree Charani"", ""Order"": 13, ""BirthDate"": ""2004-08-04""}, {""Reg"": ""8682412"", ""Bib"": ""21"", ""Org"": ""IND"", ""OrgDesc"": ""India"", ""Name"": ""YADAV Radha Omprakash"", ""Order"": 13, ""BirthDate"": ""2000-04-21""}, {""Reg"": ""9266030"", ""Bib"": ""16"", ""Org"": ""IND"", ""OrgDesc"": ""India"", ""Name"": ""GUNALAN Kamalini"", ""Order"": 13, ""BirthDate"": ""2008-07-20""}, {""Reg"": ""5546445"", ""Bib"": ""13"", ""Org"": ""IND"", ""OrgDesc"": ""India"", ""Name"": ""GHOSH Richa"", ""Order"": 13, ""BirthDate"": ""2003-09-28""}, {""Reg"": ""11039371"", ""Bib"": ""26"", ""Org"": ""IND"", ""OrgDesc"": ""India"", ""Name"": ""GAUD Kranti Devi"", ""Order"": 13, ""BirthDate"": ""2003-08-11""}, {""Reg"": ""11040490"", ""Bib"": ""58"", ""Org"": ""IND"", ""OrgDesc"": ""India"", ""Name"": ""SHARMA Nandani"", ""Order"": 13, ""BirthDate"": ""2001-09-20""}, {""Reg"": ""9263891"", ""Bib"": ""20"", ""Org"": ""IND"", ""OrgDesc"": ""India"", ""Name"": ""Arundhati Reddy"", ""Order"": 13, ""BirthDate"": ""1997-04-10""}, {""Reg"": ""8682980"", ""Bib"": ""10"", ""Org"": ""IND"", ""OrgDesc"": ""India"", ""Name"": ""Renuka"", ""Order"": 13, ""BirthDate"": ""1996-01-02""}]",板球,2026-09-22,official_medal_record
IND|GLF|W.STROKE------------.FNL-|ME_GOLD|10223109,IND,ME_GOLD,GLF,Golf,W.STROKE------------.FNL-,Women's Individual Stroke Play,A,SHARATH URS Pranavi,10223109,2026-10-03,W,[],高尔夫球,2026-10-03,official_medal_record
IND|GLF|W.TEAM--------------.FNL-|ME_SILVER|GLFWTEAM-------IND01,IND,ME_SILVER,GLF,Golf,W.TEAM--------------.FNL-,Women's Team,T,India,GLFWTEAM-------IND01,2026-10-03,W,"[{""Reg"": ""10223109"", ""Bib"": """", ""Org"": ""IND"", ""OrgDesc"": ""India"", ""Name"": ""SHARATH URS Pranavi"", ""Order"": 1, ""BirthDate"": ""2003-04-15""}, {""Reg"": ""14104925"", ""Bib"": """", ""Org"": ""IND"", ""OrgDesc"": ""India"", ""Name"": ""ASHOK Aditi"", ""Order"": 2, ""BirthDate"": ""1998-03-29""}, {""Reg"": ""5005610"", ""Bib"": """", ""Org"": ""IND"", ""OrgDesc"": ""India"", ""Name"": ""DAGAR Diksha"", ""Order"": 3, ""BirthDate"": ""2000-12-14""}]",高尔夫球,2026-10-03,official_medal_record
IND|HOC|M.TEAM11------------.----|ME_GOLD|HOCMTEAM11-----IND01,IND,ME_GOLD,HOC,Hockey,M.TEAM11------------.----,Men,T,India,HOCMTEAM11-----IND01,2026-10-03,M,"[{""Reg"": ""3837948"", ""Bib"": ""4"", ""Org"": ""IND"", ""OrgDesc"": ""India"", ""Name"": ""SINGH Jarmanpreet"", ""Order"": 1, ""BirthDate"": ""1996-07-18""}, {""Reg"": ""14048372"", ""Bib"": ""5"", ""Org"": ""IND"", ""OrgDesc"": ""India"", ""Name"": ""ABHISHEK"", ""Order"": 2, ""BirthDate"": ""1999-08-15""}, {""Reg"": ""4174008"", ""Bib"": ""7"", ""Org"": ""IND"", ""OrgDesc"": ""India"", ""Name"": ""SINGH Manpreet"", ""Order"": 3, ""BirthDate"": ""1992-06-26""}, {""Reg"": ""10075105"", ""Bib"": ""8"", ""Org"": ""IND"", ""OrgDesc"": ""India"", ""Name"": ""SINGH Hardik"", ""Order"": 4, ""BirthDate"": ""1998-09-23""}, {""Reg"": ""5989792"", ""Bib"": ""9"", ""Org"": ""IND"", ""OrgDesc"": ""India"", ""Name"": ""SINGH Dilpreet"", ""Order"": 5, ""BirthDate"": ""1999-11-12""}, {""Reg"": ""14053746"", ""Bib"": ""11"", ""Org"": ""IND"", ""OrgDesc"": ""India"", ""Name"": ""SINGH Mandeep"", ""Order"": 6, ""BirthDate"": ""1995-01-25""}, {""Reg"": ""14013590"", ""Bib"": ""13"", ""Org"": ""IND"", ""OrgDesc"": ""India"", ""Name"": ""SINGH Harmanpreet"", ""Order"": 7, ""BirthDate"": ""1996-01-06""}, {""Reg"": ""4108843"", ""Bib"": ""17"", ""Org"": ""IND"", ""OrgDesc"": ""India"", ""Name"": ""SUMIT"", ""Order"": 8, ""BirthDate"": ""1996-12-20""}, {""Reg"": ""14138925"", ""Bib"": ""18"", ""Org"": ""IND"", ""OrgDesc"": ""India"", ""Name"": ""SHARMA Nilakanta"", ""Order"": 9, ""BirthDate"": ""1995-05-02""}, {""Reg"": ""14295084"", ""Bib"": ""25"", ""Org"": ""IND"", ""OrgDesc"": ""India"", ""Name"": ""PAL Raj Kumar"", ""Order"": 10, ""BirthDate"": ""1998-05-01""}, {""Reg"": ""3852310"", ""Bib"": ""27"", ""Org"": ""IND"", ""OrgDesc"": ""India"", ""Name"": ""SHASHIKUMAR Mohith"", ""Order"": 11, ""BirthDate"": ""2002-02-27""}, {""Reg"": ""14011271"", ""Bib"": ""30"", ""Org"": ""IND"", ""OrgDesc"": ""India"", ""Name"": ""ROHIDAS Amit"", ""Order"": 12, ""BirthDate"": ""1993-05-10""}, {""Reg"": ""10072973"", ""Bib"": ""31"", ""Org"": ""IND"", ""OrgDesc"": ""India"", ""Name"": ""SINGH Jugraj"", ""Order"": 13, ""BirthDate"": ""1996-12-11""}, {""Reg"": ""10156781"", ""Bib"": ""32"", ""Org"": ""IND"", ""OrgDesc"": ""India"", ""Name"": ""PRASAD Vivek Sagar"", ""Order"": 14, ""BirthDate"": ""2000-02-25""}, {""Reg"": ""5904968"", ""Bib"": ""34"", ""Org"": ""IND"", ""OrgDesc"": ""India"", ""Name"": ""SINGH Sukhjeet"", ""Order"": 15, ""BirthDate"": ""1996-12-05""}, {""Reg"": ""4603183"", ""Bib"": ""47"", ""Org"": ""IND"", ""OrgDesc"": ""India"", ""Name"": ""SIWACH Yashdeep"", ""Order"": 16, ""BirthDate"": ""2000-12-26""}, {""Reg"": ""4117522"", ""Bib"": ""70"", ""Org"": ""IND"", ""OrgDesc"": ""India"", ""Name"": ""SANJAY"", ""Order"": 17, ""BirthDate"": ""2001-05-05""}, {""Reg"": ""4175648"", ""Bib"": ""77"", ""Org"": ""IND"", ""OrgDesc"": ""India"", ""Name"": ""KARKERA Suraj"", ""Order"": 18, ""BirthDate"": ""1995-10-14""}, {""Reg"": ""3948875"", ""Bib"": ""78"", ""Org"": ""IND"", ""OrgDesc"": ""India"", ""Name"": ""SINGH Rajinder"", ""Order"": 19, ""BirthDate"": ""2002-12-22""}, {""Reg"": ""14134568"", ""Bib"": ""99"", ""Org"": ""IND"", ""OrgDesc"": ""India"", ""Name"": ""LAKRA Shilanand"", ""Order"": 20, ""BirthDate"": ""1999-05-05""}]",曲棍球,2026-10-03,official_medal_record
IND|HOC|W.TEAM11------------.----|ME_GOLD|HOCWTEAM11-----IND01,IND,ME_GOLD,HOC,Hockey,W.TEAM11------------.----,Women,T,India,HOCWTEAM11-----IND01,2026-10-02,W,"[{""Reg"": ""13522662"", ""Bib"": ""6"", ""Org"": ""IND"", ""OrgDesc"": ""India"", ""Name"": ""CHAUDHARY Ishika"", ""Order"": 1, ""BirthDate"": ""2000-04-15""}, {""Reg"": ""3349677"", ""Bib"": ""8"", ""Org"": ""IND"", ""OrgDesc"": ""India"", ""Name"": ""PRADHAN Nikki"", ""Order"": 2, ""BirthDate"": ""1993-12-08""}, {""Reg"": ""3338436"", ""Bib"": ""9"", ""Org"": ""IND"", ""OrgDesc"": ""India"", ""Name"": ""KHARIBAM Bichu"", ""Order"": 3, ""BirthDate"": ""2000-12-03""}, {""Reg"": ""13855932"", ""Bib"": ""11"", ""Org"": ""IND"", ""OrgDesc"": ""India"", ""Name"": ""SAVITA"", ""Order"": 4, ""BirthDate"": ""1990-07-11""}, {""Reg"": ""3915661"", ""Bib"": ""12"", ""Org"": ""IND"", ""OrgDesc"": ""India"", ""Name"": ""DABAS Shilpi"", ""Order"": 5, ""BirthDate"": ""1998-07-26""}, {""Reg"": ""13858077"", ""Bib"": ""20"", ""Org"": ""IND"", ""OrgDesc"": ""India"", ""Name"": ""LALREMSIAMI"", ""Order"": 6, ""BirthDate"": ""2000-03-30""}, {""Reg"": ""3682745"", ""Bib"": ""21"", ""Org"": ""IND"", ""OrgDesc"": ""India"", ""Name"": ""DEEPIKA SORENG"", ""Order"": 7, ""BirthDate"": ""2003-12-17""}, {""Reg"": ""13518977"", ""Bib"": ""22"", ""Org"": ""IND"", ""OrgDesc"": ""India"", ""Name"": ""KAUR Baljeet"", ""Order"": 8, ""BirthDate"": ""2001-03-22""}, {""Reg"": ""3345609"", ""Bib"": ""23"", ""Org"": ""IND"", ""OrgDesc"": ""India"", ""Name"": ""ISHIKA"", ""Order"": 9, ""BirthDate"": ""2005-10-05""}, {""Reg"": ""3576034"", ""Bib"": ""24"", ""Org"": ""IND"", ""OrgDesc"": ""India"", ""Name"": ""JYOTI"", ""Order"": 10, ""BirthDate"": ""1999-12-11""}, {""Reg"": ""3229103"", ""Bib"": ""25"", ""Org"": ""IND"", ""OrgDesc"": ""India"", ""Name"": ""KAUR Navneet"", ""Order"": 11, ""BirthDate"": ""1996-01-26""}, {""Reg"": ""13807006"", ""Bib"": ""27"", ""Org"": ""IND"", ""OrgDesc"": ""India"", ""Name"": ""PUKHRAMBAM Sushila"", ""Order"": 12, ""BirthDate"": ""1992-02-25""}, {""Reg"": ""3227264"", ""Bib"": ""29"", ""Org"": ""IND"", ""OrgDesc"": ""India"", ""Name"": ""TOPPO Sunelita"", ""Order"": 13, ""BirthDate"": ""2007-04-11""}, {""Reg"": ""3237356"", ""Bib"": ""30"", ""Org"": ""IND"", ""OrgDesc"": ""India"", ""Name"": ""TETE Salima"", ""Order"": 14, ""BirthDate"": ""2001-12-27""}, {""Reg"": ""3346098"", ""Bib"": ""32"", ""Org"": ""IND"", ""OrgDesc"": ""India"", ""Name"": ""NEHA"", ""Order"": 15, ""BirthDate"": ""1996-11-15""}, {""Reg"": ""13526277"", ""Bib"": ""35"", ""Org"": ""IND"", ""OrgDesc"": ""India"", ""Name"": ""PISAL Rutuja"", ""Order"": 16, ""BirthDate"": ""2002-11-28""}, {""Reg"": ""3517554"", ""Bib"": ""37"", ""Org"": ""IND"", ""OrgDesc"": ""India"", ""Name"": ""LALTHANTLUANGI"", ""Order"": 17, ""BirthDate"": ""2005-11-10""}, {""Reg"": ""3238334"", ""Bib"": ""39"", ""Org"": ""IND"", ""OrgDesc"": ""India"", ""Name"": ""RANA Sakshi"", ""Order"": 18, ""BirthDate"": ""2007-08-31""}, {""Reg"": ""3342664"", ""Bib"": ""52"", ""Org"": ""IND"", ""OrgDesc"": ""India"", ""Name"": ""DUNG DUNG Beauty"", ""Order"": 19, ""BirthDate"": ""2003-07-21""}, {""Reg"": ""13521980"", ""Bib"": ""55"", ""Org"": ""IND"", ""OrgDesc"": ""India"", ""Name"": ""DEEPIKA"", ""Order"": 20, ""BirthDate"": ""2003-12-06""}]",曲棍球,2026-10-02,official_medal_record
IND|KAB|M.TEAM7-------------.FNL-|ME_GOLD|KABMTEAM7------IND01,IND,ME_GOLD,KAB,Kabaddi,M.TEAM7-------------.FNL-,Men's Team Final,T,India,KABMTEAM7------IND01,2026-09-26,M,"[{""Reg"": ""10045687"", ""Bib"": """", ""Org"": ""IND"", ""OrgDesc"": ""India"", ""Name"": ""RAHUL"", ""Order"": 1, ""BirthDate"": ""2001-09-20""}, {""Reg"": ""10046544"", ""Bib"": """", ""Org"": ""IND"", ""OrgDesc"": ""India"", ""Name"": ""KHATRI Gaurav"", ""Order"": 2, ""BirthDate"": ""2003-02-02""}, {""Reg"": ""10059498"", ""Bib"": """", ""Org"": ""IND"", ""OrgDesc"": ""India"", ""Name"": ""KUMAR Pawan"", ""Order"": 3, ""BirthDate"": ""1996-07-09""}, {""Reg"": ""10060232"", ""Bib"": """", ""Org"": ""IND"", ""OrgDesc"": ""India"", ""Name"": ""MALIK Ashu"", ""Order"": 4, ""BirthDate"": ""2002-01-09""}, {""Reg"": ""10066002"", ""Bib"": """", ""Org"": ""IND"", ""OrgDesc"": ""India"", ""Name"": ""DESHWAL Arjun"", ""Order"": 5, ""BirthDate"": ""1999-07-07""}, {""Reg"": ""10079052"", ""Bib"": """", ""Org"": ""IND"", ""OrgDesc"": ""India"", ""Name"": ""SUMIT"", ""Order"": 6, ""BirthDate"": ""2002-06-17""}, {""Reg"": ""14019389"", ""Bib"": """", ""Org"": ""IND"", ""OrgDesc"": ""India"", ""Name"": ""JAIDEEP"", ""Order"": 7, ""BirthDate"": ""2002-12-12""}, {""Reg"": ""14039681"", ""Bib"": """", ""Org"": ""IND"", ""OrgDesc"": ""India"", ""Name"": ""AYAN"", ""Order"": 8, ""BirthDate"": ""2005-10-09""}, {""Reg"": ""3833363"", ""Bib"": """", ""Org"": ""IND"", ""OrgDesc"": ""India"", ""Name"": ""ANKIT"", ""Order"": 9, ""BirthDate"": ""1999-07-20""}, {""Reg"": ""3836882"", ""Bib"": """", ""Org"": ""IND"", ""OrgDesc"": ""India"", ""Name"": ""KUMAR Sunil"", ""Order"": 10, ""BirthDate"": ""1997-05-12""}, {""Reg"": ""3846610"", ""Bib"": """", ""Org"": ""IND"", ""OrgDesc"": ""India"", ""Name"": ""DEVANK"", ""Order"": 11, ""BirthDate"": ""2002-04-01""}, {""Reg"": ""3861759"", ""Bib"": """", ""Org"": ""IND"", ""OrgDesc"": ""India"", ""Name"": ""INAMDAR Aslam Mustafa"", ""Order"": 12, ""BirthDate"": ""2000-02-23""}]",卡巴迪,2026-09-26,official_medal_record
IND|KAB|W.TEAM7-------------.FNL-|ME_GOLD|KABWTEAM7------IND01,IND,ME_GOLD,KAB,Kabaddi,W.TEAM7-------------.FNL-,Women's Team Final,T,India,KABWTEAM7------IND01,2026-09-26,W,"[{""Reg"": ""10088413"", ""Bib"": """", ""Org"": ""IND"", ""OrgDesc"": ""India"", ""Name"": ""POOJA"", ""Order"": 1, ""BirthDate"": ""2003-06-06""}, {""Reg"": ""10116091"", ""Bib"": """", ""Org"": ""IND"", ""OrgDesc"": ""India"", ""Name"": ""RAJ RANI"", ""Order"": 2, ""BirthDate"": ""1998-12-28""}, {""Reg"": ""14051515"", ""Bib"": """", ""Org"": ""IND"", ""OrgDesc"": ""India"", ""Name"": ""SHINGATE Sonali Vishnu"", ""Order"": 3, ""BirthDate"": ""1995-05-27""}, {""Reg"": ""14053173"", ""Bib"": """", ""Org"": ""IND"", ""OrgDesc"": ""India"", ""Name"": ""PUSHPA"", ""Order"": 4, ""BirthDate"": ""1998-01-11""}, {""Reg"": ""14055987"", ""Bib"": """", ""Org"": ""IND"", ""OrgDesc"": ""India"", ""Name"": ""DEVI Bhavna"", ""Order"": 5, ""BirthDate"": ""1999-01-16""}, {""Reg"": ""14062174"", ""Bib"": """", ""Org"": ""IND"", ""OrgDesc"": ""India"", ""Name"": ""RITU"", ""Order"": 6, ""BirthDate"": ""2002-12-03""}, {""Reg"": ""14066567"", ""Bib"": """", ""Org"": ""IND"", ""OrgDesc"": ""India"", ""Name"": ""DEVI Sanju"", ""Order"": 7, ""BirthDate"": ""2002-12-19""}, {""Reg"": ""14070497"", ""Bib"": """", ""Org"": ""IND"", ""OrgDesc"": ""India"", ""Name"": ""NEGI Ritu"", ""Order"": 8, ""BirthDate"": ""1992-05-30""}, {""Reg"": ""14082522"", ""Bib"": """", ""Org"": ""IND"", ""OrgDesc"": ""India"", ""Name"": ""KUMARI Manisha"", ""Order"": 9, ""BirthDate"": ""2003-04-06""}, {""Reg"": ""14084412"", ""Bib"": """", ""Org"": ""IND"", ""OrgDesc"": ""India"", ""Name"": ""ROY Pinki"", ""Order"": 10, ""BirthDate"": ""1993-08-21""}, {""Reg"": ""3867845"", ""Bib"": """", ""Org"": ""IND"", ""OrgDesc"": ""India"", ""Name"": ""JYOTI"", ""Order"": 11, ""BirthDate"": ""1997-04-11""}, {""Reg"": ""3896653"", ""Bib"": """", ""Org"": ""IND"", ""OrgDesc"": ""India"", ""Name"": ""NIKITA"", ""Order"": 12, ""BirthDate"": ""2009-07-15""}]",卡巴迪,2026-09-26,official_medal_record
IND|KUR|W.78KG--------------.FNL-|ME_BRONZE|3974004,IND,ME_BRONZE,KUR,Kurash,W.78KG--------------.FNL-,Women -78kg Final,A,BALHARA Pincky,3974004,2026-09-28,W,[],库拉什,2026-09-28,official_medal_record
IND|MMA|W.T60KG-------------.FNL-|ME_BRONZE|7555,IND,ME_BRONZE,MMA,Mixed Martial Arts,W.T60KG-------------.FNL-,Women's Traditional -60kg Final,A,TARIYAL Suchika,7555,2026-09-21,W,[],综合格斗,2026-09-21,official_medal_record
IND|ROW|M.SCULL2------------.FNL-|ME_BRONZE|ROWMSCULL2-----IND01,IND,ME_BRONZE,ROW,Rowing,M.SCULL2------------.FNL-,Men's Double Sculls Finals,D,Satnam Singh / KHAN Salman,ROWMSCULL2-----IND01,2026-09-24,M,"[{""Reg"": ""11362815"", ""Bib"": """", ""Org"": ""IND"", ""OrgDesc"": ""India"", ""Name"": ""Satnam Singh"", ""Order"": 1, ""BirthDate"": ""2000-07-05""}, {""Reg"": ""12196447"", ""Bib"": """", ""Org"": ""IND"", ""OrgDesc"": ""India"", ""Name"": ""KHAN Salman"", ""Order"": 2, ""BirthDate"": ""1998-08-15""}]",赛艇,2026-09-24,official_medal_record
IND|SAL|M.49ER--------------.----|ME_SILVER|SALM49ER-------IND01,IND,ME_SILVER,SAL,Sailing,M.49ER--------------.----,Men's Skiff,T,India,SALM49ER-------IND01,2026-10-03,M,"[{""Reg"": ""13408966"", ""Bib"": """", ""Org"": ""IND"", ""OrgDesc"": ""India"", ""Name"": ""KURISINKAL NOBLE Prince"", ""Order"": 1, ""BirthDate"": ""1996-03-12""}, {""Reg"": ""12995998"", ""Bib"": """", ""Org"": ""IND"", ""OrgDesc"": ""India"", ""Name"": ""FRANCIS Manu"", ""Order"": 2, ""BirthDate"": ""1995-02-26""}]",帆船帆板,2026-10-03,official_medal_record
IND|SAL|W.49ERFX------------.----|ME_BRONZE|SALW49ERFX-----IND01,IND,ME_BRONZE,SAL,Sailing,W.49ERFX------------.----,Women's Skiff,T,India,SALW49ERFX-----IND01,2026-10-03,W,"[{""Reg"": ""12265979"", ""Bib"": """", ""Org"": ""IND"", ""OrgDesc"": ""India"", ""Name"": ""TOMAR Harshita"", ""Order"": 1, ""BirthDate"": ""2002-03-02""}, {""Reg"": ""13102055"", ""Bib"": """", ""Org"": ""IND"", ""OrgDesc"": ""India"", ""Name"": ""VERMA Shital"", ""Order"": 2, ""BirthDate"": ""2007-02-26""}]",帆船帆板,2026-10-03,official_medal_record
IND|SAL|W.ILCA6-------------.----|ME_BRONZE|13521906,IND,ME_BRONZE,SAL,Sailing,W.ILCA6-------------.----,Women's Dinghy,A,KUMANAN Nethra,13521906,2026-10-03,W,[],帆船帆板,2026-10-03,official_medal_record
IND|SHO|W.TRW---------------.----|ME_GOLD|13021576,IND,ME_GOLD,SHO,Shooting,W.TRW---------------.----,Trap Women Individual,A,NEERU,13021576,2026-09-29,W,[],射击,2026-09-29,official_medal_record
IND|SHO|X.APMT--------------.----|ME_GOLD|SHOXAPMT-------IND01,IND,ME_GOLD,SHO,Shooting,X.APMT--------------.----,10m Air Pistol Mixed Team,T,India,SHOXAPMT-------IND01,2026-09-25,X,"[{""Reg"": ""11923612"", ""Bib"": ""1079"", ""Org"": ""IND"", ""OrgDesc"": ""India"", ""Name"": ""KAMALJEET"", ""Order"": 1, ""BirthDate"": ""2003-08-22""}, {""Reg"": ""4635553"", ""Bib"": ""1098"", ""Org"": ""IND"", ""OrgDesc"": ""India"", ""Name"": ""SURUCHI Inder Singh"", ""Order"": 2, ""BirthDate"": ""2006-04-28""}]",射击,2026-09-25,official_medal_record
IND|SHO|X.TRMT--------------.----|ME_GOLD|SHOXTRMT-------IND01,IND,ME_GOLD,SHO,Shooting,X.TRMT--------------.----,Trap Mixed Team,T,India,SHOXTRMT-------IND01,2026-09-30,X,"[{""Reg"": ""12559510"", ""Bib"": ""1084"", ""Org"": ""IND"", ""OrgDesc"": ""India"", ""Name"": ""CHENAI Kynan"", ""Order"": 1, ""BirthDate"": ""1991-01-29""}, {""Reg"": ""13021576"", ""Bib"": ""1095"", ""Org"": ""IND"", ""OrgDesc"": ""India"", ""Name"": ""NEERU"", ""Order"": 2, ""BirthDate"": ""2000-05-25""}]",射击,2026-09-30,official_medal_record
IND|SHO|M.ARM---------------.----|ME_SILVER|6256891,IND,ME_SILVER,SHO,Shooting,M.ARM---------------.----,10m Air Rifle Men Individual,A,DHILLON Himanshu,6256891,2026-09-21,M,[],射击,2026-09-21,official_medal_record
IND|SHO|M.ARTM--------------.----|ME_SILVER|SHOMARTM-------IND01,IND,ME_SILVER,SHO,Shooting,M.ARTM--------------.----,10m Air Rifle Men Team,T,India,SHOMARTM-------IND01,2026-09-21,M,"[{""Reg"": ""12403803"", ""Bib"": ""1080"", ""Org"": ""IND"", ""OrgDesc"": ""India"", ""Name"": ""PATIL Rudrankksh Balasaheb"", ""Order"": 1, ""BirthDate"": ""2003-12-16""}, {""Reg"": ""12831771"", ""Bib"": ""1090"", ""Org"": ""IND"", ""OrgDesc"": ""India"", ""Name"": ""MANE Parth Rakesh"", ""Order"": 2, ""BirthDate"": ""2007-11-13""}, {""Reg"": ""6256891"", ""Bib"": ""1099"", ""Org"": ""IND"", ""OrgDesc"": ""India"", ""Name"": ""DHILLON Himanshu"", ""Order"": 3, ""BirthDate"": ""2005-09-29""}]",射击,2026-09-21,official_medal_record
IND|SHO|M.R3PTM-------------.----|ME_SILVER|SHOMR3PTM------IND01,IND,ME_SILVER,SHO,Shooting,M.R3PTM-------------.----,50m Rifle 3 Positions Men Team,T,India,SHOMR3PTM------IND01,2026-09-25,M,"[{""Reg"": ""11687574"", ""Bib"": ""1077"", ""Org"": ""IND"", ""OrgDesc"": ""India"", ""Name"": ""KUMAR Niraj"", ""Order"": 1, ""BirthDate"": ""2000-01-21""}, {""Reg"": ""12403803"", ""Bib"": ""1080"", ""Org"": ""IND"", ""OrgDesc"": ""India"", ""Name"": ""PATIL Rudrankksh Balasaheb"", ""Order"": 2, ""BirthDate"": ""2003-12-16""}, {""Reg"": ""12408255"", ""Bib"": ""1081"", ""Org"": ""IND"", ""OrgDesc"": ""India"", ""Name"": ""TOMAR Aishwary Pratap Singh"", ""Order"": 3, ""BirthDate"": ""2001-02-03""}]",射击,2026-09-25,official_medal_record
IND|SHO|W.ARTW--------------.----|ME_SILVER|SHOWARTW-------IND01,IND,ME_SILVER,SHO,Shooting,W.ARTW--------------.----,10m Air Rifle Women Team,T,India,SHOWARTW-------IND01,2026-09-20,W,"[{""Reg"": ""12640502"", ""Bib"": ""1088"", ""Org"": ""IND"", ""OrgDesc"": ""India"", ""Name"": ""VALARIVAN Elavenil"", ""Order"": 1, ""BirthDate"": ""1999-08-02""}, {""Reg"": ""12901175"", ""Bib"": ""1093"", ""Org"": ""IND"", ""OrgDesc"": ""India"", ""Name"": ""KOCHALUMKAL VINOD Vidarsa"", ""Order"": 2, ""BirthDate"": ""1999-06-20""}, {""Reg"": ""6510298"", ""Bib"": ""1106"", ""Org"": ""IND"", ""OrgDesc"": ""India"", ""Name"": ""MASKAR Sonam Uttam"", ""Order"": 3, ""BirthDate"": ""2002-09-18""}]",射击,2026-09-20,official_medal_record
IND|SHO|W.ARW---------------.----|ME_SILVER|12640502,IND,ME_SILVER,SHO,Shooting,W.ARW---------------.----,10m Air Rifle Women Individual,A,VALARIVAN Elavenil,12640502,2026-09-20,W,[],射击,2026-09-20,official_medal_record
IND|SHO|W.R3PTW-------------.----|ME_SILVER|SHOWR3PTW------IND01,IND,ME_SILVER,SHO,Shooting,W.R3PTW-------------.----,50m Rifle 3 Positions Women Team,T,India,SHOWR3PTW------IND01,2026-09-25,W,"[{""Reg"": ""12491444"", ""Bib"": ""1082"", ""Org"": ""IND"", ""OrgDesc"": ""India"", ""Name"": ""CHOUKSEY Ashi"", ""Order"": 1, ""BirthDate"": ""2002-03-07""}, {""Reg"": ""12901175"", ""Bib"": ""1093"", ""Org"": ""IND"", ""OrgDesc"": ""India"", ""Name"": ""KOCHALUMKAL VINOD Vidarsa"", ""Order"": 2, ""BirthDate"": ""1999-06-20""}, {""Reg"": ""6344776"", ""Bib"": ""1102"", ""Org"": ""IND"", ""OrgDesc"": ""India"", ""Name"": ""SEN Tilottama"", ""Order"": 3, ""BirthDate"": ""2008-04-25""}]",射击,2026-09-25,official_medal_record
IND|SHO|W.SPW---------------.----|ME_SILVER|12855344,IND,ME_SILVER,SHO,Shooting,W.SPW---------------.----,25m Pistol Women Individual,A,SINGH Esha,12855344,2026-09-28,W,[],射击,2026-09-28,official_medal_record
IND|SHO|W.TRTW--------------.----|ME_SILVER|SHOWTRTW-------IND01,IND,ME_SILVER,SHO,Shooting,W.TRTW--------------.----,Trap Women Team,T,India,SHOWTRTW-------IND01,2026-09-29,W,"[{""Reg"": ""12617084"", ""Bib"": ""1087"", ""Org"": ""IND"", ""OrgDesc"": ""India"", ""Name"": ""AHLAWAT Aashima"", ""Order"": 1, ""BirthDate"": ""2003-09-27""}, {""Reg"": ""13021576"", ""Bib"": ""1095"", ""Org"": ""IND"", ""OrgDesc"": ""India"", ""Name"": ""NEERU"", ""Order"": 2, ""BirthDate"": ""2000-05-25""}, {""Reg"": ""13031940"", ""Bib"": ""1096"", ""Org"": ""IND"", ""OrgDesc"": ""India"", ""Name"": ""KEER Manisha"", ""Order"": 3, ""BirthDate"": ""1999-07-15""}]",射击,2026-09-29,official_medal_record
IND|SHO|M.ARM---------------.----|ME_BRONZE|12403803,IND,ME_BRONZE,SHO,Shooting,M.ARM---------------.----,10m Air Rifle Men Individual,A,PATIL Rudrankksh Balasaheb,12403803,2026-09-21,M,[],射击,2026-09-21,official_medal_record
IND|SHO|M.SKTM--------------.----|ME_BRONZE|SHOMSKTM-------IND01,IND,ME_BRONZE,SHO,Shooting,M.SKTM--------------.----,Skeet Men Team,T,India,SHOMSKTM-------IND01,2026-09-23,M,"[{""Reg"": ""11724392"", ""Bib"": ""1078"", ""Org"": ""IND"", ""OrgDesc"": ""India"", ""Name"": ""GILL Bhavtegh Singh"", ""Order"": 1, ""BirthDate"": ""2003-07-08""}, {""Reg"": ""6408134"", ""Bib"": ""1103"", ""Org"": ""IND"", ""OrgDesc"": ""India"", ""Name"": ""NARUKA Anant Jeet Singh"", ""Order"": 2, ""BirthDate"": ""1998-07-01""}, {""Reg"": ""6408794"", ""Bib"": ""1104"", ""Org"": ""IND"", ""OrgDesc"": ""India"", ""Name"": ""KHAN Mairaj Ahmad"", ""Order"": 3, ""BirthDate"": ""1975-11-02""}]",射击,2026-09-23,official_medal_record
IND|SHO|W.SKTW--------------.----|ME_BRONZE|SHOWSKTW-------IND01,IND,ME_BRONZE,SHO,Shooting,W.SKTW--------------.----,Skeet Women Team,T,India,SHOWSKTW-------IND01,2026-09-23,W,"[{""Reg"": ""12555924"", ""Bib"": ""1083"", ""Org"": ""IND"", ""OrgDesc"": ""India"", ""Name"": ""DHALIWAL Parinaaz"", ""Order"": 1, ""BirthDate"": ""2001-11-30""}, {""Reg"": ""12968556"", ""Bib"": ""1094"", ""Org"": ""IND"", ""OrgDesc"": ""India"", ""Name"": ""CHAUHAN Maheshwari"", ""Order"": 2, ""BirthDate"": ""1996-07-04""}, {""Reg"": ""6411822"", ""Bib"": ""1105"", ""Org"": ""IND"", ""OrgDesc"": ""India"", ""Name"": ""DHILLON Raiza"", ""Order"": 3, ""BirthDate"": ""2004-04-20""}]",射击,2026-09-23,official_medal_record
IND|SHO|X.SKMT--------------.----|ME_BRONZE|SHOXSKMT-------IND01,IND,ME_BRONZE,SHO,Shooting,X.SKMT--------------.----,Skeet Mixed Team,T,India,SHOXSKMT-------IND01,2026-09-24,X,"[{""Reg"": ""12555924"", ""Bib"": ""1083"", ""Org"": ""IND"", ""OrgDesc"": ""India"", ""Name"": ""DHALIWAL Parinaaz"", ""Order"": 1, ""BirthDate"": ""2001-11-30""}, {""Reg"": ""6408134"", ""Bib"": ""1103"", ""Org"": ""IND"", ""OrgDesc"": ""India"", ""Name"": ""NARUKA Anant Jeet Singh"", ""Order"": 2, ""BirthDate"": ""1998-07-01""}]",射击,2026-09-24,official_medal_record
IND|SPK|M.QUADRANT----------.FNL-|ME_BRONZE|SPKMQUADRANT---IND01,IND,ME_BRONZE,SPK,Sepaktakraw,M.QUADRANT----------.FNL-,Men's Quadrant Final,T,India,SPKMQUADRANT---IND01,2026-10-02,M,"[{""Reg"": ""13002854"", ""Bib"": ""11"", ""Org"": ""IND"", ""OrgDesc"": ""India"", ""Name"": ""ARUN"", ""Order"": 1, ""BirthDate"": ""2003-08-01""}, {""Reg"": ""13007938"", ""Bib"": ""13"", ""Org"": ""IND"", ""OrgDesc"": ""India"", ""Name"": ""KUMAR Bobby"", ""Order"": 2, ""BirthDate"": ""2005-09-08""}, {""Reg"": ""13031602"", ""Bib"": ""2"", ""Org"": ""IND"", ""OrgDesc"": ""India"", ""Name"": ""ELANGBAM Lokhon Singh"", ""Order"": 3, ""BirthDate"": ""2003-02-04""}, {""Reg"": ""16356840"", ""Bib"": ""9"", ""Org"": ""IND"", ""OrgDesc"": ""India"", ""Name"": ""SOROKHAIBAM Malemnganba Singh"", ""Order"": 4, ""BirthDate"": ""1998-02-10""}, {""Reg"": ""16364830"", ""Bib"": ""7"", ""Org"": ""IND"", ""OrgDesc"": ""India"", ""Name"": ""SHARMA Ram Kumar"", ""Order"": 5, ""BirthDate"": ""2001-04-30""}, {""Reg"": ""9194250"", ""Bib"": ""33"", ""Org"": ""IND"", ""OrgDesc"": ""India"", ""Name"": ""YUMNAM Akash"", ""Order"": 6, ""BirthDate"": ""1997-03-12""}]",藤球,2026-10-02,official_medal_record
IND|SQU|M.SINGLES-----------.----|ME_SILVER|12542172,IND,ME_SILVER,SQU,Squash,M.SINGLES-----------.----,Men's Singles,A,SINGH Abhay,12542172,2026-09-27,M,[],壁球,2026-09-27,official_medal_record
IND|SQU|W.SINGLES-----------.----|ME_SILVER|12546089,IND,ME_SILVER,SQU,Squash,W.SINGLES-----------.----,Women's Singles,A,SINGH Anahat,12546089,2026-09-27,W,[],壁球,2026-09-27,official_medal_record
IND|SQU|M.TEAM--------------.----|ME_BRONZE|SQUMTEAM-------IND01,IND,ME_BRONZE,SQU,Squash,M.TEAM--------------.----,Men's Team,T,India,SQUMTEAM-------IND01,2026-10-01,M,"[{""Reg"": ""12542172"", ""Bib"": """", ""Org"": ""IND"", ""OrgDesc"": ""India"", ""Name"": ""SINGH Abhay"", ""Order"": 1, ""BirthDate"": ""1998-09-03""}, {""Reg"": ""12543696"", ""Bib"": """", ""Org"": ""IND"", ""OrgDesc"": ""India"", ""Name"": ""CHOTRANI Veer"", ""Order"": 2, ""BirthDate"": ""2001-10-25""}, {""Reg"": ""12544190"", ""Bib"": """", ""Org"": ""IND"", ""OrgDesc"": ""India"", ""Name"": ""SENTHILKUMAR Velavan"", ""Order"": 3, ""BirthDate"": ""1998-03-26""}, {""Reg"": ""12953054"", ""Bib"": """", ""Org"": ""IND"", ""OrgDesc"": ""India"", ""Name"": ""CHAND Suraj"", ""Order"": 4, ""BirthDate"": ""2001-04-19""}]",壁球,2026-10-01,official_medal_record
IND|SQU|W.TEAM--------------.----|ME_BRONZE|SQUWTEAM-------IND01,IND,ME_BRONZE,SQU,Squash,W.TEAM--------------.----,Women's Team,T,India,SQUWTEAM-------IND01,2026-10-01,W,"[{""Reg"": ""12546089"", ""Bib"": """", ""Org"": ""IND"", ""OrgDesc"": ""India"", ""Name"": ""SINGH Anahat"", ""Order"": 1, ""BirthDate"": ""2008-03-13""}, {""Reg"": ""11721187"", ""Bib"": """", ""Org"": ""IND"", ""OrgDesc"": ""India"", ""Name"": ""KHANNA Tanvi"", ""Order"": 2, ""BirthDate"": ""1996-07-23""}, {""Reg"": ""11718173"", ""Bib"": """", ""Org"": ""IND"", ""OrgDesc"": ""India"", ""Name"": ""CHINAPPA Joshana"", ""Order"": 3, ""BirthDate"": ""1986-09-15""}, {""Reg"": ""12958985"", ""Bib"": """", ""Org"": ""IND"", ""OrgDesc"": ""India"", ""Name"": ""RIAZ Shameena"", ""Order"": 4, ""BirthDate"": ""2005-08-11""}]",壁球,2026-10-01,official_medal_record
IND|SQU|X.DOUBLES-----------.----|ME_BRONZE|SQUXDOUBLES----IND02,IND,ME_BRONZE,SQU,Squash,X.DOUBLES-----------.----,Mixed Doubles,D,CHINAPPA J.  / SENTHILKUMAR V.,SQUXDOUBLES----IND02,2026-09-26,X,"[{""Reg"": ""11718173"", ""Bib"": """", ""Org"": ""IND"", ""OrgDesc"": ""India"", ""Name"": ""CHINAPPA Joshana"", ""Order"": 1, ""BirthDate"": ""1986-09-15""}, {""Reg"": ""12544190"", ""Bib"": """", ""Org"": ""IND"", ""OrgDesc"": ""India"", ""Name"": ""SENTHILKUMAR Velavan"", ""Order"": 2, ""BirthDate"": ""1998-03-26""}]",壁球,2026-09-26,official_medal_record
IND|TST|M.SINGLES-----------.----|ME_BRONZE|8028933,IND,ME_BRONZE,TST,Soft Tennis,M.SINGLES-----------.----,Men's Singles,A,MEENA Jay,8028933,2026-09-23,M,[],软式网球,2026-09-23,official_medal_record
IND|TTE|X.DOUBLES-----------.----|ME_BRONZE|TTEXDOUBLES----IND01,IND,ME_BRONZE,TTE,Table Tennis,X.DOUBLES-----------.----,Mixed Doubles,D,SHAH Manush / CHITALE Diya,TTEXDOUBLES----IND01,2026-09-25,X,"[{""Reg"": ""12171959"", ""Bib"": """", ""Org"": ""IND"", ""OrgDesc"": ""India"", ""Name"": ""SHAH Manush"", ""Order"": 1, ""BirthDate"": ""2001-01-12""}, {""Reg"": ""12185132"", ""Bib"": """", ""Org"": ""IND"", ""OrgDesc"": ""India"", ""Name"": ""CHITALE Diya"", ""Order"": 2, ""BirthDate"": ""2003-04-02""}]",乒乓球,2026-09-25,official_medal_record
IND|WLF|W.49KG--------------.FNL-|ME_SILVER|3810896,IND,ME_SILVER,WLF,Weightlifting,W.49KG--------------.FNL-,Women's 49kg All Groups,A,MIRABAI CHANU SAIKHOM,3810896,2026-09-23,W,[],举重,2026-09-23,official_medal_record
IND|WRE|M.FS57KG------------.FNL-|ME_GOLD|11142509,IND,ME_GOLD,WRE,Wrestling,M.FS57KG------------.FNL-,Men's Freestyle 57kg Final,A,AMAN,11142509,2026-10-03,M,[],摔跤,2026-10-03,official_medal_record
IND|WRE|M.FS65KG------------.FNL-|ME_GOLD|4943117,IND,ME_GOLD,WRE,Wrestling,M.FS65KG------------.FNL-,Men's Freestyle 65kg Final,A,SUJEET,4943117,2026-10-02,M,[],摔跤,2026-10-02,official_medal_record
IND|WRE|M.GR97KG------------.FNL-|ME_SILVER|7711735,IND,ME_SILVER,WRE,Wrestling,M.GR97KG------------.FNL-,Men's Greco-Roman 97kg Final,A,NITESH,7711735,2026-10-01,M,[],摔跤,2026-10-01,official_medal_record
IND|WRE|W.WR53KG------------.FNL-|ME_SILVER|11261719,IND,ME_SILVER,WRE,Wrestling,W.WR53KG------------.FNL-,Women's Wrestling 53kg Final,A,ANTIM,11261719,2026-10-03,W,[],摔跤,2026-10-03,official_medal_record
IND|WRE|M.FS97KG------------.FNL-|ME_BRONZE|12682997,IND,ME_BRONZE,WRE,Wrestling,M.FS97KG------------.FNL-,Men's Freestyle 97kg Final,A,PUNIA Deepak,12682997,2026-10-03,M,[],摔跤,2026-10-03,official_medal_record
IND|WRE|M.GR87KG------------.FNL-|ME_BRONZE|13324752,IND,ME_BRONZE,WRE,Wrestling,M.GR87KG------------.FNL-,Men's Greco-Roman 87kg Final,A,SUNIL KUMAR,13324752,2026-09-30,M,[],摔跤,2026-09-30,official_medal_record
IND|WSU|W.60KG--------------.----|ME_SILVER|14006103,IND,ME_SILVER,WSU,Wushu,W.60KG--------------.----,Women's 60kg,A,NAOREM Roshibina Devi,14006103,2026-09-24,W,[],武术,2026-09-24,official_medal_record
INA|ARC|W.CINDIVID----------.FNL-|ME_GOLD|10384183,INA,ME_GOLD,ARC,Archery,W.CINDIVID----------.FNL-,Compound Women's Individual Finals,A,ASHRIFAH Nurisa Dian,10384183,2026-10-01,W,[],射箭,2026-10-01,official_medal_record
INA|BDM|M.DOUBLES-----------.----|ME_GOLD|BDMMDOUBLES----INA02,INA,ME_GOLD,BDM,Badminton,M.DOUBLES-----------.----,Men's Doubles,D,MARTHIN Daniel / CARNANDO Leo R.,BDMMDOUBLES----INA02,2026-09-29,M,"[{""Reg"": ""7813864"", ""Bib"": """", ""Org"": ""INA"", ""OrgDesc"": ""Indonesia"", ""Name"": ""MARTHIN Daniel"", ""Order"": 1, ""BirthDate"": ""2001-07-31""}, {""Reg"": ""7817258"", ""Bib"": """", ""Org"": ""INA"", ""OrgDesc"": ""Indonesia"", ""Name"": ""CARNANDO Leo R."", ""Order"": 2, ""BirthDate"": ""2001-07-29""}]",羽毛球,2026-09-29,official_medal_record
INA|BDM|M.TEAM--------------.----|ME_GOLD|BDMMTEAM-------INA01,INA,ME_GOLD,BDM,Badminton,M.TEAM--------------.----,Men's Team,T,Indonesia,BDMMTEAM-------INA01,2026-09-24,M,"[{""Reg"": ""7812680"", ""Bib"": """", ""Org"": ""INA"", ""OrgDesc"": ""Indonesia"", ""Name"": ""FARHAN Alwi"", ""Order"": 1, ""BirthDate"": ""2005-05-12""}, {""Reg"": ""7813042"", ""Bib"": """", ""Org"": ""INA"", ""OrgDesc"": ""Indonesia"", ""Name"": ""SYAHNAWI Amri"", ""Order"": 2, ""BirthDate"": ""1998-11-08""}, {""Reg"": ""7813864"", ""Bib"": """", ""Org"": ""INA"", ""OrgDesc"": ""Indonesia"", ""Name"": ""MARTHIN Daniel"", ""Order"": 3, ""BirthDate"": ""2001-07-31""}, {""Reg"": ""7815112"", ""Bib"": """", ""Org"": ""INA"", ""OrgDesc"": ""Indonesia"", ""Name"": ""ALFIAN Fajar"", ""Order"": 4, ""BirthDate"": ""1995-03-07""}, {""Reg"": ""7816512"", ""Bib"": """", ""Org"": ""INA"", ""OrgDesc"": ""Indonesia"", ""Name"": ""CHRISTIE Jonatan"", ""Order"": 5, ""BirthDate"": ""1997-09-15""}, {""Reg"": ""7817258"", ""Bib"": """", ""Org"": ""INA"", ""OrgDesc"": ""Indonesia"", ""Name"": ""CARNANDO Leo R."", ""Order"": 6, ""BirthDate"": ""2001-07-29""}, {""Reg"": ""7817816"", ""Bib"": """", ""Org"": ""INA"", ""OrgDesc"": ""Indonesia"", ""Name"": ""YUSUF Muhamad"", ""Order"": 7, ""BirthDate"": ""2006-02-19""}, {""Reg"": ""7818452"", ""Bib"": """", ""Org"": ""INA"", ""OrgDesc"": ""Indonesia"", ""Name"": ""JOAQUIN Nikolaus"", ""Order"": 8, ""BirthDate"": ""2005-09-14""}, {""Reg"": ""7820278"", ""Bib"": """", ""Org"": ""INA"", ""OrgDesc"": ""Indonesia"", ""Name"": ""FIKRI Muh. Shohibul"", ""Order"": 9, ""BirthDate"": ""1999-11-16""}, {""Reg"": ""7820728"", ""Bib"": """", ""Org"": ""INA"", ""OrgDesc"": ""Indonesia"", ""Name"": ""UBAIDILLAH Moh Zaki"", ""Order"": 10, ""BirthDate"": ""2007-06-26""}]",羽毛球,2026-09-24,official_medal_record
INA|BDM|X.DOUBLES-----------.----|ME_SILVER|BDMXDOUBLES----INA01,INA,ME_SILVER,BDM,Badminton,X.DOUBLES-----------.----,Mixed Doubles,D,SYAHNAWI Amri / MARWAH Nita Violina,BDMXDOUBLES----INA01,2026-09-29,X,"[{""Reg"": ""7813042"", ""Bib"": """", ""Org"": ""INA"", ""OrgDesc"": ""Indonesia"", ""Name"": ""SYAHNAWI Amri"", ""Order"": 1, ""BirthDate"": ""1998-11-08""}, {""Reg"": ""7818619"", ""Bib"": """", ""Org"": ""INA"", ""OrgDesc"": ""Indonesia"", ""Name"": ""MARWAH Nita Violina"", ""Order"": 2, ""BirthDate"": ""2001-03-25""}]",羽毛球,2026-09-29,official_medal_record
INA|BDM|M.DOUBLES-----------.----|ME_BRONZE|BDMMDOUBLES----INA01,INA,ME_BRONZE,BDM,Badminton,M.DOUBLES-----------.----,Men's Doubles,D,ALFIAN Fajar / FIKRI Muh. Shohibul,BDMMDOUBLES----INA01,2026-09-28,M,"[{""Reg"": ""7815112"", ""Bib"": """", ""Org"": ""INA"", ""OrgDesc"": ""Indonesia"", ""Name"": ""ALFIAN Fajar"", ""Order"": 1, ""BirthDate"": ""1995-03-07""}, {""Reg"": ""7820278"", ""Bib"": """", ""Org"": ""INA"", ""OrgDesc"": ""Indonesia"", ""Name"": ""FIKRI Muh. Shohibul"", ""Order"": 2, ""BirthDate"": ""1999-11-16""}]",羽毛球,2026-09-28,official_medal_record
INA|BDM|M.SINGLES-----------.----|ME_BRONZE|7812680,INA,ME_BRONZE,BDM,Badminton,M.SINGLES-----------.----,Men's Singles,A,FARHAN Alwi,7812680,2026-09-28,M,[],羽毛球,2026-09-28,official_medal_record
INA|BDM|W.TEAM--------------.----|ME_BRONZE|BDMWTEAM-------INA01,INA,ME_BRONZE,BDM,Badminton,W.TEAM--------------.----,Women's Team,T,Indonesia,BDMWTEAM-------INA01,2026-09-23,W,"[{""Reg"": ""7814514"", ""Bib"": """", ""Org"": ""INA"", ""OrgDesc"": ""Indonesia"", ""Name"": ""AMARTYA Ni Kadek Dhinda"", ""Order"": 1, ""BirthDate"": ""2006-06-13""}, {""Reg"": ""7814968"", ""Bib"": """", ""Org"": ""INA"", ""OrgDesc"": ""Indonesia"", ""Name"": ""RAMADHANTI Siti Fadia Silva"", ""Order"": 2, ""BirthDate"": ""2000-11-16""}, {""Reg"": ""7815294"", ""Bib"": """", ""Org"": ""INA"", ""OrgDesc"": ""Indonesia"", ""Name"": ""SETIANINGRUM Febi"", ""Order"": 3, ""BirthDate"": ""2004-02-29""}, {""Reg"": ""7818619"", ""Bib"": """", ""Org"": ""INA"", ""OrgDesc"": ""Indonesia"", ""Name"": ""MARWAH Nita Violina"", ""Order"": 4, ""BirthDate"": ""2001-03-25""}, {""Reg"": ""7815447"", ""Bib"": """", ""Org"": ""INA"", ""OrgDesc"": ""Indonesia"", ""Name"": ""KUSUMA Febriana Dwipuji"", ""Order"": 5, ""BirthDate"": ""2001-02-19""}, {""Reg"": ""7817665"", ""Bib"": """", ""Org"": ""INA"", ""OrgDesc"": ""Indonesia"", ""Name"": ""PUSPITASARI Meilysa Trias"", ""Order"": 6, ""BirthDate"": ""2004-05-11""}, {""Reg"": ""7818208"", ""Bib"": """", ""Org"": ""INA"", ""OrgDesc"": ""Indonesia"", ""Name"": ""PUSPITASARI Mutiara Ayu"", ""Order"": 7, ""BirthDate"": ""2006-05-17""}, {""Reg"": ""7819131"", ""Bib"": """", ""Org"": ""INA"", ""OrgDesc"": ""Indonesia"", ""Name"": ""WARDANI Putri Kusuma"", ""Order"": 8, ""BirthDate"": ""2002-07-20""}, {""Reg"": ""7819248"", ""Bib"": """", ""Org"": ""INA"", ""OrgDesc"": ""Indonesia"", ""Name"": ""ROSE Rachel Allesya"", ""Order"": 9, ""BirthDate"": ""2004-06-30""}, {""Reg"": ""7820384"", ""Bib"": """", ""Org"": ""INA"", ""OrgDesc"": ""Indonesia"", ""Name"": ""WIRYAWAN Thalita Ramadhani"", ""Order"": 10, ""BirthDate"": ""2007-09-21""}]",羽毛球,2026-09-23,official_medal_record
INA|BMX|W.INDVRACE----------.----|ME_BRONZE|6602566,INA,ME_BRONZE,BMX,Cycling BMX Racing,W.INDVRACE----------.----,Women,A,SETYOBUDI Jasmine Azzahra,6602566,2026-09-28,W,[],小轮车竞速,2026-09-28,official_medal_record
INA|CLB|W.SPEED4------------.FNL-|ME_GOLD|7651757,INA,ME_GOLD,CLB,Sport Climbing,W.SPEED4------------.FNL-,Women's Speed 4 Final,A,DEWI Desak Made Rita Kusuma,7651757,2026-09-30,W,[],运动攀岩,2026-09-30,official_medal_record
INA|CSP|W.C1-200M-----------.FNL-|ME_BRONZE|14969493,INA,ME_BRONZE,CSP,Canoe Sprint,W.C1-200M-----------.FNL-,Women's Canoe Single 200m Final,A,LALI Herlin Aprilin,14969493,2026-09-24,W,[],皮划艇静水,2026-09-24,official_medal_record
INA|ELS|O.MLB---------------.FNL-|ME_SILVER|ELSOMLB--------INA01,INA,ME_SILVER,ELS,Esports,O.MLB---------------.FNL-,Mobile Legends: Bang Bang Finals,T,Indonesia,ELSOMLB--------INA01,2026-10-01,O,"[{""Reg"": ""12027196"", ""Bib"": """", ""Org"": ""INA"", ""OrgDesc"": ""Indonesia"", ""Name"": ""SUMARNO Syauki Fauzan"", ""Order"": 1, ""BirthDate"": ""2004-04-30""}, {""Reg"": ""12400552"", ""Bib"": """", ""Org"": ""INA"", ""OrgDesc"": ""Indonesia"", ""Name"": ""WAHYUDI A Muhammad Affan"", ""Order"": 2, ""BirthDate"": ""2004-06-27""}, {""Reg"": ""14993404"", ""Bib"": """", ""Org"": ""INA"", ""OrgDesc"": ""Indonesia"", ""Name"": ""PUTRA Dalvin Ramadhana"", ""Order"": 3, ""BirthDate"": ""2002-11-23""}, {""Reg"": ""3771307"", ""Bib"": """", ""Org"": ""INA"", ""OrgDesc"": ""Indonesia"", ""Name"": ""BUHE Alexander Owen Marcetami"", ""Order"": 4, ""BirthDate"": ""2004-09-20""}, {""Reg"": ""9176847"", ""Bib"": """", ""Org"": ""INA"", ""OrgDesc"": ""Indonesia"", ""Name"": ""ISKANDAR Albert Neilsen"", ""Order"": 5, ""BirthDate"": ""2004-01-08""}, {""Reg"": ""9193123"", ""Bib"": """", ""Org"": ""INA"", ""OrgDesc"": ""Indonesia"", ""Name"": ""PUTRA Arif Fudin Dingarai"", ""Order"": 6, ""BirthDate"": ""2005-03-30""}]",电子竞技,2026-10-01,official_medal_record
INA|ELS|O.PKU---------------.FNL-|ME_SILVER|ELSOPKU--------INA01,INA,ME_SILVER,ELS,Esports,O.PKU---------------.FNL-,Pokemon UNITE Finals,T,Indonesia,ELSOPKU--------INA01,2026-09-27,O,"[{""Reg"": ""11815867"", ""Bib"": """", ""Org"": ""INA"", ""OrgDesc"": ""Indonesia"", ""Name"": ""ARDIYANTO Deni"", ""Order"": 1, ""BirthDate"": ""2004-06-11""}, {""Reg"": ""13526235"", ""Bib"": """", ""Org"": ""INA"", ""OrgDesc"": ""Indonesia"", ""Name"": ""SAID Novrizal Diananta"", ""Order"": 2, ""BirthDate"": ""1998-11-07""}, {""Reg"": ""15050278"", ""Bib"": """", ""Org"": ""INA"", ""OrgDesc"": ""Indonesia"", ""Name"": ""HILLERS Marcello"", ""Order"": 3, ""BirthDate"": ""2005-07-20""}, {""Reg"": ""9258042"", ""Bib"": """", ""Org"": ""INA"", ""OrgDesc"": ""Indonesia"", ""Name"": ""PANGGABEAN Gm Judha Raja"", ""Order"": 4, ""BirthDate"": ""1996-07-25""}, {""Reg"": ""9293659"", ""Bib"": """", ""Org"": ""INA"", ""OrgDesc"": ""Indonesia"", ""Name"": ""IRAWAN Muhammad Haikal"", ""Order"": 5, ""BirthDate"": ""2005-04-06""}]",电子竞技,2026-09-27,official_medal_record
INA|KTE|W.55KG--------------.FNL-|ME_BRONZE|8981056,INA,ME_BRONZE,KTE,Karate,W.55KG--------------.FNL-,Women's Kumite -55kg Final,A,SANISTYARANI Cok Istri Agung,8981056,2026-09-22,W,[],空手道,2026-09-22,official_medal_record
INA|KTE|W.O68KG-------------.FNL-|ME_BRONZE|15999383,INA,ME_BRONZE,KTE,Karate,W.O68KG-------------.FNL-,Women's Kumite +68kg Final,A,LUBIS Leica Al Humaira,15999383,2026-09-20,W,[],空手道,2026-09-20,official_medal_record
INA|MMA|W.M54KG-------------.FNL-|ME_BRONZE|5942202,INA,ME_BRONZE,MMA,Mixed Martial Arts,W.M54KG-------------.FNL-,Women's Modern -54kg Final,A,HOTMAULI Vallensia Fahira,5942202,2026-09-21,W,[],综合格斗,2026-09-21,official_medal_record
INA|MTB|M.XCTRY-------------.----|ME_BRONZE|4378624,INA,ME_BRONZE,MTB,Cycling Mountain Bike,M.XCTRY-------------.----,Men's Cross-country,A,YUDOYONO Feri,4378624,2026-09-25,M,[],山地自行车,2026-09-25,official_medal_record
INA|MTB|W.XCTRY-------------.----|ME_BRONZE|6639333,INA,ME_BRONZE,MTB,Cycling Mountain Bike,W.XCTRY-------------.----,Women's Cross-country,A,DEWI Sayu Bella Sukma,6639333,2026-09-24,W,[],山地自行车,2026-09-24,official_medal_record
INA|PDL|W.PAIRS-------------.----|ME_SILVER|PDLWPAIRS------INA02,INA,ME_SILVER,PDL,Padel,W.PAIRS-------------.----,Women's Pairs,D,KUSUMAWATI Fadona / SABATINI Fitriani,PDLWPAIRS------INA02,2026-10-03,W,"[{""Reg"": ""13620964"", ""Bib"": """", ""Org"": ""INA"", ""OrgDesc"": ""Indonesia"", ""Name"": ""KUSUMAWATI Fadona"", ""Order"": 1, ""BirthDate"": ""2000-08-09""}, {""Reg"": ""14193669"", ""Bib"": """", ""Org"": ""INA"", ""OrgDesc"": ""Indonesia"", ""Name"": ""SABATINI Fitriani"", ""Order"": 2, ""BirthDate"": ""2001-02-13""}]",板式网球,2026-10-03,official_medal_record
INA|PDL|W.PAIRS-------------.----|ME_BRONZE|PDLWPAIRS------INA01,INA,ME_BRONZE,PDL,Padel,W.PAIRS-------------.----,Women's Pairs,D,PUTRIA Novela / GUMULYA Beatrice,PDLWPAIRS------INA01,2026-10-03,W,"[{""Reg"": ""10493727"", ""Bib"": """", ""Org"": ""INA"", ""OrgDesc"": ""Indonesia"", ""Name"": ""PUTRIA Novela"", ""Order"": 1, ""BirthDate"": ""1999-11-09""}, {""Reg"": ""12029304"", ""Bib"": """", ""Org"": ""INA"", ""OrgDesc"": ""Indonesia"", ""Name"": ""GUMULYA Beatrice"", ""Order"": 2, ""BirthDate"": ""1991-01-01""}]",板式网球,2026-10-03,official_medal_record
INA|ROW|M.SCULL2-L----------.FNL-|ME_SILVER|ROWMSCULL2-L---INA01,INA,ME_SILVER,ROW,Rowing,M.SCULL2-L----------.FNL-,Lightweight Men's Double Sculls Finals,D,YASIR Rafiq Wijdan / MARDIANSYAH Ali,ROWMSCULL2-L---INA01,2026-09-24,M,"[{""Reg"": ""8377902"", ""Bib"": """", ""Org"": ""INA"", ""OrgDesc"": ""Indonesia"", ""Name"": ""YASIR Rafiq Wijdan"", ""Order"": 1, ""BirthDate"": ""2001-04-17""}, {""Reg"": ""1343768"", ""Bib"": """", ""Org"": ""INA"", ""OrgDesc"": ""Indonesia"", ""Name"": ""MARDIANSYAH Ali"", ""Order"": 2, ""BirthDate"": ""1999-06-07""}]",赛艇,2026-09-24,official_medal_record
INA|ROW|M.SCULL4------------.FNL-|ME_SILVER|ROWMSCULL4-----INA01,INA,ME_SILVER,ROW,Rowing,M.SCULL4------------.FNL-,Men's Quadruple Sculls Finals,T,Indonesia,ROWMSCULL4-----INA01,2026-09-24,M,"[{""Reg"": ""3928115"", ""Bib"": """", ""Org"": ""INA"", ""OrgDesc"": ""Indonesia"", ""Name"": ""Ihram"", ""Order"": 1, ""BirthDate"": ""1988-08-27""}, {""Reg"": ""4284189"", ""Bib"": """", ""Org"": ""INA"", ""OrgDesc"": ""Indonesia"", ""Name"": ""MAULANA Rendi Setia"", ""Order"": 2, ""BirthDate"": ""2003-07-18""}, {""Reg"": ""762642"", ""Bib"": """", ""Org"": ""INA"", ""OrgDesc"": ""Indonesia"", ""Name"": ""Febrian"", ""Order"": 3, ""BirthDate"": ""2008-02-29""}, {""Reg"": ""15803926"", ""Bib"": """", ""Org"": ""INA"", ""OrgDesc"": ""Indonesia"", ""Name"": ""Memo"", ""Order"": 4, ""BirthDate"": ""1995-01-08""}]",赛艇,2026-09-24,official_medal_record
INA|SHO|M.APTM--------------.----|ME_SILVER|SHOMAPTM-------INA01,INA,ME_SILVER,SHO,Shooting,M.APTM--------------.----,10m Air Pistol Men Team,T,Indonesia,SHOMAPTM-------INA01,2026-09-24,M,"[{""Reg"": ""14450722"", ""Bib"": ""1062"", ""Org"": ""INA"", ""OrgDesc"": ""Indonesia"", ""Name"": ""PRABOWO Muhamad Iqbal Raia"", ""Order"": 1, ""BirthDate"": ""2005-02-20""}, {""Reg"": ""14459940"", ""Bib"": ""1063"", ""Org"": ""INA"", ""OrgDesc"": ""Indonesia"", ""Name"": ""SUKMANA Wira"", ""Order"": 2, ""BirthDate"": ""1994-10-14""}, {""Reg"": ""7044852"", ""Bib"": ""1071"", ""Org"": ""INA"", ""OrgDesc"": ""Indonesia"", ""Name"": ""MARUF Sulthanul Aulia"", ""Order"": 3, ""BirthDate"": ""2006-06-25""}]",射击,2026-09-24,official_medal_record
INA|SHO|M.RFPTM-------------.----|ME_BRONZE|SHOMRFPTM------INA01,INA,ME_BRONZE,SHO,Shooting,M.RFPTM-------------.----,25m Rapid Fire Pistol Men Team,T,Indonesia,SHOMRFPTM------INA01,2026-10-01,M,"[{""Reg"": ""11381592"", ""Bib"": ""1053"", ""Org"": ""INA"", ""OrgDesc"": ""Indonesia"", ""Name"": ""FEBRIANTO Aris"", ""Order"": 1, ""BirthDate"": ""1993-02-05""}, {""Reg"": ""11568372"", ""Bib"": ""1056"", ""Org"": ""INA"", ""OrgDesc"": ""Indonesia"", ""Name"": ""SUTEJA Dewa Putu Yadi"", ""Order"": 2, ""BirthDate"": ""1982-05-11""}, {""Reg"": ""14448247"", ""Bib"": ""1061"", ""Org"": ""INA"", ""OrgDesc"": ""Indonesia"", ""Name"": ""FARREL Muhamad Fawwaz Aditia"", ""Order"": 3, ""BirthDate"": ""2006-03-31""}]",射击,2026-10-01,official_medal_record
INA|SPK|M.QUADRANT----------.FNL-|ME_SILVER|SPKMQUADRANT---INA01,INA,ME_SILVER,SPK,Sepaktakraw,M.QUADRANT----------.FNL-,Men's Quadrant Final,T,Indonesia,SPKMQUADRANT---INA01,2026-10-03,M,"[{""Reg"": ""11835732"", ""Bib"": ""3"", ""Org"": ""INA"", ""OrgDesc"": ""Indonesia"", ""Name"": ""MULIANG Muhammad Hardiansyah"", ""Order"": 1, ""BirthDate"": ""1994-03-27""}, {""Reg"": ""2742024"", ""Bib"": ""5"", ""Org"": ""INA"", ""OrgDesc"": ""Indonesia"", ""Name"": ""LADADA Jelki"", ""Order"": 2, ""BirthDate"": ""2001-08-14""}, {""Reg"": ""2755351"", ""Bib"": ""7"", ""Org"": ""INA"", ""OrgDesc"": ""Indonesia"", ""Name"": ""RIJAL Saiful"", ""Order"": 3, ""BirthDate"": ""1990-10-16""}, {""Reg"": ""3658195"", ""Bib"": ""10"", ""Org"": ""INA"", ""OrgDesc"": ""Indonesia"", ""Name"": ""ASWINATAMA Yudha"", ""Order"": 4, ""BirthDate"": ""2006-03-10""}, {""Reg"": ""5964496"", ""Bib"": ""4"", ""Org"": ""INA"", ""OrgDesc"": ""Indonesia"", ""Name"": ""ROHMAN Muhammad Ubaidur"", ""Order"": 5, ""BirthDate"": ""2008-03-15""}, {""Reg"": ""9811786"", ""Bib"": ""11"", ""Org"": ""INA"", ""OrgDesc"": ""Indonesia"", ""Name"": ""SAPUTRA Andi Try Sandi"", ""Order"": 6, ""BirthDate"": ""1997-01-01""}]",藤球,2026-10-03,official_medal_record
INA|SPK|M.TEAMREGU----------.FNL-|ME_BRONZE|SPKMTEAMREGU---INA01,INA,ME_BRONZE,SPK,Sepaktakraw,M.TEAMREGU----------.FNL-,Men's Team Regu Finals,T,Indonesia,SPKMTEAMREGU---INA01,2026-09-24,M,"[{""Reg"": ""11835732"", ""Bib"": ""3"", ""Org"": ""INA"", ""OrgDesc"": ""Indonesia"", ""Name"": ""MULIANG Muhammad Hardiansyah"", ""Order"": 1, ""BirthDate"": ""1994-03-27""}, {""Reg"": ""12845220"", ""Bib"": ""8"", ""Org"": ""INA"", ""OrgDesc"": ""Indonesia"", ""Name"": ""DJAINA Rizki Yusuf"", ""Order"": 2, ""BirthDate"": ""2005-01-01""}, {""Reg"": ""13999665"", ""Bib"": ""19"", ""Org"": ""INA"", ""OrgDesc"": ""Indonesia"", ""Name"": ""USMAN Gelvin A"", ""Order"": 3, ""BirthDate"": ""2004-02-19""}, {""Reg"": ""2742024"", ""Bib"": ""5"", ""Org"": ""INA"", ""OrgDesc"": ""Indonesia"", ""Name"": ""LADADA Jelki"", ""Order"": 4, ""BirthDate"": ""2001-08-14""}, {""Reg"": ""2755351"", ""Bib"": ""7"", ""Org"": ""INA"", ""OrgDesc"": ""Indonesia"", ""Name"": ""RIJAL Saiful"", ""Order"": 5, ""BirthDate"": ""1990-10-16""}, {""Reg"": ""2990283"", ""Bib"": ""2"", ""Org"": ""INA"", ""OrgDesc"": ""Indonesia"", ""Name"": ""AKMAL Syamsul"", ""Order"": 6, ""BirthDate"": ""1994-08-28""}, {""Reg"": ""3658195"", ""Bib"": ""10"", ""Org"": ""INA"", ""OrgDesc"": ""Indonesia"", ""Name"": ""ASWINATAMA Yudha"", ""Order"": 7, ""BirthDate"": ""2006-03-10""}, {""Reg"": ""5964496"", ""Bib"": ""4"", ""Org"": ""INA"", ""OrgDesc"": ""Indonesia"", ""Name"": ""ROHMAN Muhammad Ubaidur"", ""Order"": 8, ""BirthDate"": ""2008-03-15""}, {""Reg"": ""9811786"", ""Bib"": ""11"", ""Org"": ""INA"", ""OrgDesc"": ""Indonesia"", ""Name"": ""SAPUTRA Andi Try Sandi"", ""Order"": 9, ""BirthDate"": ""1997-01-01""}]",藤球,2026-09-24,official_medal_record
INA|SPK|W.QUADRANT----------.FNL-|ME_BRONZE|SPKWQUADRANT---INA01,INA,ME_BRONZE,SPK,Sepaktakraw,W.QUADRANT----------.FNL-,Women's Quadrant Final,T,Indonesia,SPKWQUADRANT---INA01,2026-10-02,W,"[{""Reg"": ""15903355"", ""Bib"": ""9"", ""Org"": ""INA"", ""OrgDesc"": ""Indonesia"", ""Name"": ""KUSNELIA"", ""Order"": 1, ""BirthDate"": ""1995-11-30""}, {""Reg"": ""5814454"", ""Bib"": ""3"", ""Org"": ""INA"", ""OrgDesc"": ""Indonesia"", ""Name"": ""SARI Dini Mita"", ""Order"": 2, ""BirthDate"": ""1994-01-13""}, {""Reg"": ""5888291"", ""Bib"": ""7"", ""Org"": ""INA"", ""OrgDesc"": ""Indonesia"", ""Name"": ""RACHMADI Wan Annisa"", ""Order"": 3, ""BirthDate"": ""2002-04-16""}, {""Reg"": ""8201197"", ""Bib"": ""10"", ""Org"": ""INA"", ""OrgDesc"": ""Indonesia"", ""Name"": ""CHOIRUNNISA"", ""Order"": 4, ""BirthDate"": ""2008-07-08""}, {""Reg"": ""8576809"", ""Bib"": ""4"", ""Org"": ""INA"", ""OrgDesc"": ""Indonesia"", ""Name"": ""LESTARI Fujy Anggy"", ""Order"": 5, ""BirthDate"": ""2005-05-26""}, {""Reg"": ""9465129"", ""Bib"": ""11"", ""Org"": ""INA"", ""OrgDesc"": ""Indonesia"", ""Name"": ""PRATIWI Dita"", ""Order"": 6, ""BirthDate"": ""1996-11-11""}]",藤球,2026-10-02,official_medal_record
INA|SPK|W.TEAMREGU----------.FNL-|ME_BRONZE|SPKWTEAMREGU---INA01,INA,ME_BRONZE,SPK,Sepaktakraw,W.TEAMREGU----------.FNL-,Women's Team Regu Finals,T,Indonesia,SPKWTEAMREGU---INA01,2026-09-25,W,"[{""Reg"": ""15903355"", ""Bib"": ""9"", ""Org"": ""INA"", ""OrgDesc"": ""Indonesia"", ""Name"": ""KUSNELIA"", ""Order"": 1, ""BirthDate"": ""1995-11-30""}, {""Reg"": ""551192"", ""Bib"": ""8"", ""Org"": ""INA"", ""OrgDesc"": ""Indonesia"", ""Name"": ""PERDHANA Ayvonne Halimatu Zahra"", ""Order"": 2, ""BirthDate"": ""2007-11-20""}, {""Reg"": ""5814454"", ""Bib"": ""3"", ""Org"": ""INA"", ""OrgDesc"": ""Indonesia"", ""Name"": ""SARI Dini Mita"", ""Order"": 3, ""BirthDate"": ""1994-01-13""}, {""Reg"": ""5888291"", ""Bib"": ""7"", ""Org"": ""INA"", ""OrgDesc"": ""Indonesia"", ""Name"": ""RACHMADI Wan Annisa"", ""Order"": 4, ""BirthDate"": ""2002-04-16""}, {""Reg"": ""8117513"", ""Bib"": ""12"", ""Org"": ""INA"", ""OrgDesc"": ""Indonesia"", ""Name"": ""INDRASARI Frisca Kharisma"", ""Order"": 5, ""BirthDate"": ""2003-03-06""}, {""Reg"": ""8201197"", ""Bib"": ""10"", ""Org"": ""INA"", ""OrgDesc"": ""Indonesia"", ""Name"": ""CHOIRUNNISA"", ""Order"": 6, ""BirthDate"": ""2008-07-08""}, {""Reg"": ""8271568"", ""Bib"": ""5"", ""Org"": ""INA"", ""OrgDesc"": ""Indonesia"", ""Name"": ""YULIANA"", ""Order"": 7, ""BirthDate"": ""2003-05-05""}, {""Reg"": ""8576809"", ""Bib"": ""4"", ""Org"": ""INA"", ""OrgDesc"": ""Indonesia"", ""Name"": ""LESTARI Fujy Anggy"", ""Order"": 8, ""BirthDate"": ""2005-05-26""}, {""Reg"": ""9465129"", ""Bib"": ""11"", ""Org"": ""INA"", ""OrgDesc"": ""Indonesia"", ""Name"": ""PRATIWI Dita"", ""Order"": 9, ""BirthDate"": ""1996-11-11""}]",藤球,2026-09-25,official_medal_record
INA|SRF|M.SHORTBRD----------.FNL-|ME_SILVER|12580840,INA,ME_SILVER,SRF,Surfing,M.SHORTBRD----------.FNL-,Men's Shortboard Finals,A,ARIYANA I Made Pajar,12580840,2026-09-28,M,[],冲浪,2026-09-28,official_medal_record
INA|TEQ|W.SINGLES-----------.----|ME_SILVER|496759,INA,ME_SILVER,TEQ,Teqball,W.SINGLES-----------.----,Women's Singles,A,SUMAYA,496759,2026-09-20,W,[],台克球,2026-09-20,official_medal_record
INA|TEQ|M.SINGLES-----------.----|ME_BRONZE|471789,INA,ME_BRONZE,TEQ,Teqball,M.SINGLES-----------.----,Men's Singles,A,PUTRA Yoga Ardika,471789,2026-09-20,M,[],台克球,2026-09-20,official_medal_record
INA|TST|M.TEAM--------------.----|ME_BRONZE|TSTMTEAM-------INA01,INA,ME_BRONZE,TST,Soft Tennis,M.TEAM--------------.----,Men's Team,T,Indonesia,TSTMTEAM-------INA01,2026-09-20,M,"[{""Reg"": ""10615943"", ""Bib"": """", ""Org"": ""INA"", ""OrgDesc"": ""Indonesia"", ""Name"": ""SANGER Fernando"", ""Order"": 1, ""BirthDate"": ""1996-10-01""}, {""Reg"": ""10618533"", ""Bib"": """", ""Org"": ""INA"", ""OrgDesc"": ""Indonesia"", ""Name"": ""FALEVI Muhammad"", ""Order"": 2, ""BirthDate"": ""2002-08-16""}, {""Reg"": ""10623490"", ""Bib"": """", ""Org"": ""INA"", ""OrgDesc"": ""Indonesia"", ""Name"": ""LALUYAN Rizky"", ""Order"": 3, ""BirthDate"": ""1997-02-17""}, {""Reg"": ""3170349"", ""Bib"": """", ""Org"": ""INA"", ""OrgDesc"": ""Indonesia"", ""Name"": ""PRADEWA Bagus"", ""Order"": 4, ""BirthDate"": ""1999-12-05""}, {""Reg"": ""376162"", ""Bib"": """", ""Org"": ""INA"", ""OrgDesc"": ""Indonesia"", ""Name"": ""HUTAURUK Tio"", ""Order"": 5, ""BirthDate"": ""1997-07-26""}]",软式网球,2026-09-20,official_medal_record
INA|VBV|M.TEAM2-------------.FNL-|ME_SILVER|VBVMTEAM2------INA01,INA,ME_SILVER,VBV,Beach Volleyball,M.TEAM2-------------.FNL-,Men's Finals,D,EFENDI / AKBAR,VBVMTEAM2------INA01,2026-10-03,M,"[{""Reg"": ""6992647"", ""Bib"": ""1"", ""Org"": ""INA"", ""OrgDesc"": ""Indonesia"", ""Name"": ""EFENDI Sofyan Rachman"", ""Order"": 1, ""BirthDate"": ""2003-04-06""}, {""Reg"": ""699548"", ""Bib"": ""2"", ""Org"": ""INA"", ""OrgDesc"": ""Indonesia"", ""Name"": ""AKBAR Bintang"", ""Order"": 2, ""BirthDate"": ""2001-03-05""}]",沙滩排球,2026-10-03,official_medal_record
INA|WLF|M.75KG--------------.FNL-|ME_GOLD|10500508,INA,ME_GOLD,WLF,Weightlifting,M.75KG--------------.FNL-,Men's 75kg All Groups,A,ABDULLAH Rahmat Erwin,10500508,2026-09-26,M,[],举重,2026-09-26,official_medal_record
INA|WLF|W.49KG--------------.FNL-|ME_BRONZE|10496516,INA,ME_BRONZE,WLF,Weightlifting,W.49KG--------------.FNL-,Women's 49kg All Groups,A,WIJAYANA Luluk Diana Tri,10496516,2026-09-23,W,[],举重,2026-09-23,official_medal_record
INA|WSU|M.56KG--------------.----|ME_BRONZE|14275329,INA,ME_BRONZE,WSU,Wushu,M.56KG--------------.----,Men's 56kg,A,SINAGA Fereddy,14275329,2026-09-23,M,[],武术,2026-09-23,official_medal_record
INA|WSU|M.60KG--------------.----|ME_BRONZE|14274841,INA,ME_BRONZE,WSU,Wushu,M.60KG--------------.----,Men's 60kg,A,GUITARA Bintang Reindra Nada,14274841,2026-09-23,M,[],武术,2026-09-23,official_medal_record
INA|WSU|M.CHAN--------------.FNL-|ME_BRONZE|14276271,INA,ME_BRONZE,WSU,Wushu,M.CHAN--------------.FNL-,Men's Changquan,A,SIREGAR Seraf Naro,14276271,2026-09-20,M,[],武术,2026-09-20,official_medal_record
INA|WSU|W.60KG--------------.----|ME_BRONZE|14276526,INA,ME_BRONZE,WSU,Wushu,W.60KG--------------.----,Women's 60kg,A,KUSUMANINGTYAS Thania,14276526,2026-09-23,W,[],武术,2026-09-23,official_medal_record
INA|WSU|W.CHAN--------------.FNL-|ME_BRONZE|14275191,INA,ME_BRONZE,WSU,Wushu,W.CHAN--------------.FNL-,Women's Changquan,A,WIDODO Eugenia Diva,14275191,2026-09-21,W,[],武术,2026-09-21,official_medal_record
IRI|ATH|M.SHOTPUT-----------.----|ME_GOLD|8445175,IRI,ME_GOLD,ATH,Athletics,M.SHOTPUT-----------.----,Men's Shot Put,A,TAYEBISE Mohammadreza,8445175,2026-09-26,M,[],田径,2026-09-26,official_medal_record
IRI|ATH|M.800M--------------.----|ME_SILVER|8443963,IRI,ME_SILVER,ATH,Athletics,M.800M--------------.----,Men's 800m,A,AMIRIAN Ali,8443963,2026-09-29,M,[],田径,2026-09-29,official_medal_record
IRI|ATH|W.400M--------------.----|ME_SILVER|8447823,IRI,ME_SILVER,ATH,Athletics,W.400M--------------.----,Women's 400m,A,ZAREI MANOUJAN Zahra,8447823,2026-09-26,W,[],田径,2026-09-26,official_medal_record
IRI|ATH|M.DISCUS------------.----|ME_BRONZE|8445683,IRI,ME_BRONZE,ATH,Athletics,M.DISCUS------------.----,Men's Discus Throw,A,SAMIMISHALAMZARI Sadegh,8445683,2026-09-24,M,[],田径,2026-09-24,official_medal_record
IRI|BK3|M.TEAM3-------------.----|ME_BRONZE|BK3MTEAM3------IRI01,IRI,ME_BRONZE,BK3,3x3 Basketball,M.TEAM3-------------.----,Men,T,Islamic Republic of Iran,BK3MTEAM3------IRI01,2026-09-25,M,"[{""Reg"": ""12307853"", ""Bib"": ""2"", ""Org"": ""IRI"", ""OrgDesc"": ""IR Iran"", ""Name"": ""GHAFARI Seyedmohammad"", ""Order"": 1, ""BirthDate"": ""2004-06-27""}, {""Reg"": ""12307731"", ""Bib"": ""13"", ""Org"": ""IRI"", ""OrgDesc"": ""IR Iran"", ""Name"": ""JAFARI Sarem"", ""Order"": 2, ""BirthDate"": ""2005-02-20""}, {""Reg"": ""12304430"", ""Bib"": ""32"", ""Org"": ""IRI"", ""OrgDesc"": ""IR Iran"", ""Name"": ""RAHIMI Mohammadmahdi"", ""Order"": 3, ""BirthDate"": ""2003-06-24""}, {""Reg"": ""12305732"", ""Bib"": ""55"", ""Org"": ""IRI"", ""OrgDesc"": ""IR Iran"", ""Name"": ""MOMENI Mohammadbasir"", ""Order"": 4, ""BirthDate"": ""2004-07-01""}]",三人篮球,2026-09-25,official_medal_record
IRI|BKB|M.TEAM5-------------.----|ME_BRONZE|BKBMTEAM5------IRI01,IRI,ME_BRONZE,BKB,Basketball,M.TEAM5-------------.----,Men,T,Islamic Republic of Iran,BKBMTEAM5------IRI01,2026-09-20,M,"[{""Reg"": ""12303277"", ""Bib"": ""1"", ""Org"": ""IRI"", ""OrgDesc"": ""IR Iran"", ""Name"": ""GIRGOORIAN Piter"", ""Order"": 1, ""BirthDate"": ""2002-02-27""}, {""Reg"": ""12306552"", ""Bib"": ""4"", ""Org"": ""IRI"", ""OrgDesc"": ""IR Iran"", ""Name"": ""SHARIFI Alireza"", ""Order"": 2, ""BirthDate"": ""2003-11-25""}, {""Reg"": ""12306234"", ""Bib"": ""5"", ""Org"": ""IRI"", ""OrgDesc"": ""IR Iran"", ""Name"": ""SHEIKHI Mobin"", ""Order"": 3, ""BirthDate"": ""1997-03-15""}, {""Reg"": ""12303380"", ""Bib"": ""7"", ""Org"": ""IRI"", ""OrgDesc"": ""IR Iran"", ""Name"": ""REZAEIFAR Navid"", ""Order"": 4, ""BirthDate"": ""1996-08-23""}, {""Reg"": ""12308908"", ""Bib"": ""9"", ""Org"": ""IRI"", ""OrgDesc"": ""IR Iran"", ""Name"": ""ALIAKBARINAMGHI Khashayar"", ""Order"": 5, ""BirthDate"": ""1999-06-08""}, {""Reg"": ""12304273"", ""Bib"": ""11"", ""Org"": ""IRI"", ""OrgDesc"": ""IR Iran"", ""Name"": ""HEYDARI Mohammad"", ""Order"": 6, ""BirthDate"": ""2006-04-28""}, {""Reg"": ""12304031"", ""Bib"": ""12"", ""Org"": ""IRI"", ""OrgDesc"": ""IR Iran"", ""Name"": ""ZANGANEH Arman"", ""Order"": 7, ""BirthDate"": ""1993-06-15""}, {""Reg"": ""12303775"", ""Bib"": ""13"", ""Org"": ""IRI"", ""OrgDesc"": ""IR Iran"", ""Name"": ""JAMSHIDIJAFARABADI Mohammad"", ""Order"": 8, ""BirthDate"": ""1991-07-30""}, {""Reg"": ""12303878"", ""Bib"": ""14"", ""Org"": ""IRI"", ""OrgDesc"": ""IR Iran"", ""Name"": ""KAZEMI Arsalan"", ""Order"": 9, ""BirthDate"": ""1990-04-22""}, {""Reg"": ""12306096"", ""Bib"": ""17"", ""Org"": ""IRI"", ""OrgDesc"": ""IR Iran"", ""Name"": ""AGHAJANPOUR Matin"", ""Order"": 10, ""BirthDate"": ""2001-03-14""}, {""Reg"": ""12304734"", ""Bib"": ""51"", ""Org"": ""IRI"", ""OrgDesc"": ""IR Iran"", ""Name"": ""MONJI Salar"", ""Order"": 11, ""BirthDate"": ""1997-04-10""}, {""Reg"": ""12304170"", ""Bib"": ""55"", ""Org"": ""IRI"", ""OrgDesc"": ""IR Iran"", ""Name"": ""JAFARI Mahdi"", ""Order"": 12, ""BirthDate"": ""2003-10-04""}]",篮球,2026-09-20,official_medal_record
IRI|BOX|M.O90KG-------------.----|ME_BRONZE|12343628,IRI,ME_BRONZE,BOX,Boxing,M.O90KG-------------.----,Men's +90kg,A,ESMAEILI VANDAEI Amir,12343628,2026-09-29,M,[],拳击,2026-09-29,official_medal_record
IRI|CLB|M.SPEED4------------.FNL-|ME_SILVER|6093735,IRI,ME_SILVER,CLB,Sport Climbing,M.SPEED4------------.FNL-,Men's Speed 4 Final,A,ALI POUR SHENAZANDI FARD Reza,6093735,2026-10-01,M,[],运动攀岩,2026-10-01,official_medal_record
IRI|CSP|M.K2-500M-----------.FNL-|ME_BRONZE|CSPMK2-500M----IRI01,IRI,ME_BRONZE,CSP,Canoe Sprint,M.K2-500M-----------.FNL-,Men's Kayak Double 500m Finals,D,AGHAMIRZAEIJENAGHARD Ali / GHAVIDEL SIAH SOFIANI Peyman,CSPMK2-500M----IRI01,2026-09-25,M,"[{""Reg"": ""13392852"", ""Bib"": """", ""Org"": ""IRI"", ""OrgDesc"": ""IR Iran"", ""Name"": ""AGHAMIRZAEIJENAGHARD Ali"", ""Order"": 1, ""BirthDate"": ""1993-03-04""}, {""Reg"": ""13392962"", ""Bib"": """", ""Org"": ""IRI"", ""OrgDesc"": ""IR Iran"", ""Name"": ""GHAVIDEL SIAH SOFIANI Peyman"", ""Order"": 2, ""BirthDate"": ""1991-07-06""}]",皮划艇静水,2026-09-25,official_medal_record
IRI|ELS|O.EFB---------------.FNL-|ME_GOLD|ELSOEFB--------IRI01,IRI,ME_GOLD,ELS,Esports,O.EFB---------------.FNL-,eFootball™ Finals,T,Islamic Republic of Iran,ELSOEFB--------IRI01,2026-09-23,O,"[{""Reg"": ""6497079"", ""Bib"": """", ""Org"": ""IRI"", ""OrgDesc"": ""IR Iran"", ""Name"": ""PAJANI Hassan"", ""Order"": 1, ""BirthDate"": ""1998-09-03""}, {""Reg"": ""6497303"", ""Bib"": """", ""Org"": ""IRI"", ""OrgDesc"": ""IR Iran"", ""Name"": ""AGHAEINASAB Abolfazl"", ""Order"": 2, ""BirthDate"": ""2001-09-11""}]",电子竞技,2026-09-23,official_medal_record
IRI|FEN|M.SABRE-------------.----|ME_BRONZE|8372856,IRI,ME_BRONZE,FEN,Fencing,M.SABRE-------------.----,Men's Sabre Individual,A,ESMAEILZADEH PAKDAMAN Seyed Ali,8372856,2026-09-23,M,[],击剑,2026-09-23,official_medal_record
IRI|GAR|M.1APPH-------------.----|ME_SILVER|16302823,IRI,ME_SILVER,GAR,Artistic Gymnastics,M.1APPH-------------.----,Men's Pommel Horse,A,KHODAEI VALEHZAGHARD Arman,16302823,2026-09-24,M,[],竞技体操,2026-09-24,official_medal_record
IRI|GAR|M.1APVT-------------.----|ME_SILVER|16302161,IRI,ME_SILVER,GAR,Artistic Gymnastics,M.1APVT-------------.----,Men's Vault,A,OLFATI Mahdi,16302161,2026-09-25,M,[],竞技体操,2026-09-25,official_medal_record
IRI|KAB|M.TEAM7-------------.FNL-|ME_SILVER|KABMTEAM7------IRI01,IRI,ME_SILVER,KAB,Kabaddi,M.TEAM7-------------.FNL-,Men's Team Final,T,Islamic Republic of Iran,KABMTEAM7------IRI01,2026-09-26,M,"[{""Reg"": ""15546497"", ""Bib"": """", ""Org"": ""IRI"", ""OrgDesc"": ""IR Iran"", ""Name"": ""ATRACHALI Fazel"", ""Order"": 1, ""BirthDate"": ""1992-03-29""}, {""Reg"": ""517161"", ""Bib"": """", ""Org"": ""IRI"", ""OrgDesc"": ""IR Iran"", ""Name"": ""SHADLOUICHIYANEH Mohammadreza"", ""Order"": 2, ""BirthDate"": ""2000-05-14""}, {""Reg"": ""517316"", ""Bib"": """", ""Org"": ""IRI"", ""OrgDesc"": ""IR Iran"", ""Name"": ""EJLALI Amirhossein"", ""Order"": 3, ""BirthDate"": ""2002-11-10""}, {""Reg"": ""517435"", ""Bib"": """", ""Org"": ""IRI"", ""OrgDesc"": ""IR Iran"", ""Name"": ""KHOJASTEHMOHAMMADSHAH Omid"", ""Order"": 4, ""BirthDate"": ""1999-07-26""}, {""Reg"": ""517558"", ""Bib"": """", ""Org"": ""IRI"", ""OrgDesc"": ""IR Iran"", ""Name"": ""SAMADI CHOUBTARASH Ali"", ""Order"": 5, ""BirthDate"": ""2003-09-01""}, {""Reg"": ""517665"", ""Bib"": """", ""Org"": ""IRI"", ""OrgDesc"": ""IR Iran"", ""Name"": ""BASTAMI Amirhossein"", ""Order"": 6, ""BirthDate"": ""1999-07-02""}, {""Reg"": ""517799"", ""Bib"": """", ""Org"": ""IRI"", ""OrgDesc"": ""IR Iran"", ""Name"": ""MIRZAIEAN Alireza"", ""Order"": 7, ""BirthDate"": ""2003-11-14""}, {""Reg"": ""517946"", ""Bib"": """", ""Org"": ""IRI"", ""OrgDesc"": ""IR Iran"", ""Name"": ""NABIBAKHSH Mohammadesmaeil"", ""Order"": 8, ""BirthDate"": ""1991-09-17""}, {""Reg"": ""518289"", ""Bib"": """", ""Org"": ""IRI"", ""OrgDesc"": ""IR Iran"", ""Name"": ""MIRBAGHERI Reza"", ""Order"": 9, ""BirthDate"": ""2003-05-31""}, {""Reg"": ""518400"", ""Bib"": """", ""Org"": ""IRI"", ""OrgDesc"": ""IR Iran"", ""Name"": ""ZAFAR DANESH Amirmohammad"", ""Order"": 10, ""BirthDate"": ""2004-03-06""}, {""Reg"": ""518845"", ""Bib"": """", ""Org"": ""IRI"", ""OrgDesc"": ""IR Iran"", ""Name"": ""ALIAKBARI Amirreza"", ""Order"": 11, ""BirthDate"": ""2005-01-18""}, {""Reg"": ""519173"", ""Bib"": """", ""Org"": ""IRI"", ""OrgDesc"": ""IR Iran"", ""Name"": ""TAGHIPOUR Amirhossein"", ""Order"": 12, ""BirthDate"": ""2003-11-06""}]",卡巴迪,2026-09-26,official_medal_record
IRI|KAB|W.TEAM7-------------.FNL-|ME_SILVER|KABWTEAM7------IRI01,IRI,ME_SILVER,KAB,Kabaddi,W.TEAM7-------------.FNL-,Women's Team Final,T,Islamic Republic of Iran,KABWTEAM7------IRI01,2026-09-26,W,"[{""Reg"": ""519698"", ""Bib"": """", ""Org"": ""IRI"", ""OrgDesc"": ""IR Iran"", ""Name"": ""LAKALIABADI Mahtab"", ""Order"": 1, ""BirthDate"": ""2006-03-24""}, {""Reg"": ""519932"", ""Bib"": """", ""Org"": ""IRI"", ""OrgDesc"": ""IR Iran"", ""Name"": ""ASTEREKI Zahra"", ""Order"": 2, ""BirthDate"": ""1997-03-09""}, {""Reg"": ""520034"", ""Bib"": """", ""Org"": ""IRI"", ""OrgDesc"": ""IR Iran"", ""Name"": ""NAEIMI MARANI Saniya"", ""Order"": 3, ""BirthDate"": ""2006-08-23""}, {""Reg"": ""520741"", ""Bib"": """", ""Org"": ""IRI"", ""OrgDesc"": ""IR Iran"", ""Name"": ""VARASTEHKALMARZI Hadiseh"", ""Order"": 4, ""BirthDate"": ""2002-05-25""}, {""Reg"": ""521524"", ""Bib"": """", ""Org"": ""IRI"", ""OrgDesc"": ""IR Iran"", ""Name"": ""JALALVAND Nikta"", ""Order"": 5, ""BirthDate"": ""2005-02-02""}, {""Reg"": ""521752"", ""Bib"": """", ""Org"": ""IRI"", ""OrgDesc"": ""IR Iran"", ""Name"": ""KHODABANDEHLOO Zahra"", ""Order"": 6, ""BirthDate"": ""2006-08-11""}, {""Reg"": ""521956"", ""Bib"": """", ""Org"": ""IRI"", ""OrgDesc"": ""IR Iran"", ""Name"": ""MALMALI Zakiyeh"", ""Order"": 7, ""BirthDate"": ""1999-04-13""}, {""Reg"": ""522058"", ""Bib"": """", ""Org"": ""IRI"", ""OrgDesc"": ""IR Iran"", ""Name"": ""FARAMARZI ZOBARAN Aynaz"", ""Order"": 8, ""BirthDate"": ""2003-06-08""}, {""Reg"": ""522270"", ""Bib"": """", ""Org"": ""IRI"", ""OrgDesc"": ""IR Iran"", ""Name"": ""MADADI Atena"", ""Order"": 9, ""BirthDate"": ""2004-03-20""}, {""Reg"": ""522386"", ""Bib"": """", ""Org"": ""IRI"", ""OrgDesc"": ""IR Iran"", ""Name"": ""KARIMI Zahra"", ""Order"": 10, ""BirthDate"": ""1998-07-21""}, {""Reg"": ""522705"", ""Bib"": """", ""Org"": ""IRI"", ""OrgDesc"": ""IR Iran"", ""Name"": ""KOLAGAR Fereshte"", ""Order"": 11, ""BirthDate"": ""2009-12-10""}, {""Reg"": ""522829"", ""Bib"": """", ""Org"": ""IRI"", ""OrgDesc"": ""IR Iran"", ""Name"": ""YARISARAROUDI Sahar"", ""Order"": 12, ""BirthDate"": ""2000-04-11""}]",卡巴迪,2026-09-26,official_medal_record
IRI|KTE|M.75KG--------------.FNL-|ME_GOLD|13589335,IRI,ME_GOLD,KTE,Karate,M.75KG--------------.FNL-,Men's Kumite -75kg Final,A,NEMATI Morteza,13589335,2026-09-22,M,[],空手道,2026-09-22,official_medal_record
IRI|KTE|M.O84KG-------------.FNL-|ME_GOLD|13589786,IRI,ME_GOLD,KTE,Karate,M.O84KG-------------.FNL-,Men's Kumite +84kg Final,A,NEMATI Mahmoud,13589786,2026-09-23,M,[],空手道,2026-09-23,official_medal_record
IRI|KTE|M.84KG--------------.FNL-|ME_SILVER|13589584,IRI,ME_SILVER,KTE,Karate,M.84KG--------------.FNL-,Men's Kumite -84kg Final,A,ASIABARI Ali Asghar,13589584,2026-09-22,M,[],空手道,2026-09-22,official_medal_record
IRI|KTE|W.55KG--------------.FNL-|ME_SILVER|13591611,IRI,ME_SILVER,KTE,Karate,W.55KG--------------.FNL-,Women's Kumite -55kg Final,A,SAEIDABADI Fatemehzahra,13591611,2026-09-22,W,[],空手道,2026-09-22,official_medal_record
IRI|KTE|W.TEAM--------------.FNL-|ME_SILVER|KTEWTEAM-------IRI01,IRI,ME_SILVER,KTE,Karate,W.TEAM--------------.FNL-,Women's Team Kata Final,T,Islamic Republic of Iran,KTEWTEAM-------IRI01,2026-09-22,W,"[{""Reg"": ""13592358"", ""Bib"": """", ""Org"": ""IRI"", ""OrgDesc"": ""IR Iran"", ""Name"": ""SADEGHI DASTAK Fatemeh"", ""Order"": 1, ""BirthDate"": ""1999-10-19""}, {""Reg"": ""13592544"", ""Bib"": """", ""Org"": ""IRI"", ""OrgDesc"": ""IR Iran"", ""Name"": ""HOSSEINI Zeynabalsadat"", ""Order"": 2, ""BirthDate"": ""2003-06-26""}, {""Reg"": ""13592656"", ""Bib"": """", ""Org"": ""IRI"", ""OrgDesc"": ""IR Iran"", ""Name"": ""AMINI SOUMEH KABODIN Sepideh"", ""Order"": 3, ""BirthDate"": ""2003-01-03""}]",空手道,2026-09-22,official_medal_record
IRI|KUR|M.66KG--------------.FNL-|ME_GOLD|9052779,IRI,ME_GOLD,KUR,Kurash,M.66KG--------------.FNL-,Men -66kg Final,A,VAHID BARIMANLOU Majid,9052779,2026-09-29,M,[],库拉什,2026-09-29,official_medal_record
IRI|KUR|M.81KG--------------.FNL-|ME_SILVER|9053329,IRI,ME_SILVER,KUR,Kurash,M.81KG--------------.FNL-,Men -81kg Final,A,AHMADZADEH Ramin,9053329,2026-09-28,M,[],库拉什,2026-09-28,official_medal_record
IRI|KUR|W.O87KG-------------.FNL-|ME_BRONZE|9049454,IRI,ME_BRONZE,KUR,Kurash,W.O87KG-------------.FNL-,Women +87kg Final,A,BARMAKI KORDKOLAEE Fatemeh,9049454,2026-09-29,W,[],库拉什,2026-09-29,official_medal_record
IRI|PDL|M.PAIRS-------------.----|ME_BRONZE|PDLMPAIRS------IRI02,IRI,ME_BRONZE,PDL,Padel,M.PAIRS-------------.----,Men's Pairs,D,SHAHI Farsad / JAMSHIDI Amirmohammad,PDLMPAIRS------IRI02,2026-10-03,M,"[{""Reg"": ""12691954"", ""Bib"": """", ""Org"": ""IRI"", ""OrgDesc"": ""IR Iran"", ""Name"": ""SHAHI Farsad"", ""Order"": 1, ""BirthDate"": ""1993-03-25""}, {""Reg"": ""12692464"", ""Bib"": """", ""Org"": ""IRI"", ""OrgDesc"": ""IR Iran"", ""Name"": ""JAMSHIDI Amirmohammad"", ""Order"": 2, ""BirthDate"": ""2001-03-05""}]",板式网球,2026-10-03,official_medal_record
IRI|ROW|W.SCULL1-L----------.FNL-|ME_GOLD|694499,IRI,ME_GOLD,ROW,Rowing,W.SCULL1-L----------.FNL-,Lightweight Women's Single Sculls Finals,A,MOJALLALTOPRAGHGHALE Fatemeh,694499,2026-09-24,W,[],赛艇,2026-09-24,official_medal_record
IRI|ROW|W.SCULL2-L----------.FNL-|ME_GOLD|ROWWSCULL2-L---IRI01,IRI,ME_GOLD,ROW,Rowing,W.SCULL2-L----------.FNL-,Lightweight Women's Double Sculls Finals,D,ZAREI Kimia / NOROUZI TAZEH KAND Zeinab,ROWWSCULL2-L---IRI01,2026-09-24,W,"[{""Reg"": ""694620"", ""Bib"": """", ""Org"": ""IRI"", ""OrgDesc"": ""IR Iran"", ""Name"": ""ZAREI Kimia"", ""Order"": 1, ""BirthDate"": ""2002-01-19""}, {""Reg"": ""693841"", ""Bib"": """", ""Org"": ""IRI"", ""OrgDesc"": ""IR Iran"", ""Name"": ""NOROUZI TAZEH KAND Zeinab"", ""Order"": 2, ""BirthDate"": ""2000-01-01""}]",赛艇,2026-09-24,official_medal_record
IRI|ROW|M.SCULL1-L----------.FNL-|ME_SILVER|694295,IRI,ME_SILVER,ROW,Rowing,M.SCULL1-L----------.FNL-,Lightweight Men's Single Sculls Finals,A,MAHMOODPOUR SHAHRESTANI Amirhossein,694295,2026-09-24,M,[],赛艇,2026-09-24,official_medal_record
IRI|ROW|W.SCULL2------------.FNL-|ME_SILVER|ROWWSCULL2-----IRI01,IRI,ME_SILVER,ROW,Rowing,W.SCULL2------------.FNL-,Women's Double Sculls Finals,D,ZAREI Kimia / NOROUZI TAZEH KAND Zeinab,ROWWSCULL2-----IRI01,2026-09-24,W,"[{""Reg"": ""694620"", ""Bib"": """", ""Org"": ""IRI"", ""OrgDesc"": ""IR Iran"", ""Name"": ""ZAREI Kimia"", ""Order"": 1, ""BirthDate"": ""2002-01-19""}, {""Reg"": ""693841"", ""Bib"": """", ""Org"": ""IRI"", ""OrgDesc"": ""IR Iran"", ""Name"": ""NOROUZI TAZEH KAND Zeinab"", ""Order"": 3, ""BirthDate"": ""2000-01-01""}]",赛艇,2026-09-24,official_medal_record
IRI|ROW|W.SCULL4------------.FNL-|ME_SILVER|ROWWSCULL4-----IRI01,IRI,ME_SILVER,ROW,Rowing,W.SCULL4------------.FNL-,Women's Quadruple Sculls Finals,T,Islamic Republic of Iran,ROWWSCULL4-----IRI01,2026-09-24,W,"[{""Reg"": ""693957"", ""Bib"": """", ""Org"": ""IRI"", ""OrgDesc"": ""IR Iran"", ""Name"": ""KAMYAB VASKEH Hengameh"", ""Order"": 1, ""BirthDate"": ""2006-01-14""}, {""Reg"": ""693727"", ""Bib"": """", ""Org"": ""IRI"", ""OrgDesc"": ""IR Iran"", ""Name"": ""FAKHRI Soha"", ""Order"": 3, ""BirthDate"": ""2008-10-18""}, {""Reg"": ""694397"", ""Bib"": """", ""Org"": ""IRI"", ""OrgDesc"": ""IR Iran"", ""Name"": ""JAVER Mahsa"", ""Order"": 5, ""BirthDate"": ""1994-05-12""}, {""Reg"": ""693492"", ""Bib"": """", ""Org"": ""IRI"", ""OrgDesc"": ""IR Iran"", ""Name"": ""MALEKI Saghi"", ""Order"": 7, ""BirthDate"": ""2004-02-29""}]",赛艇,2026-09-24,official_medal_record
IRI|ROW|W.SCULL1------------.FNL-|ME_BRONZE|694499,IRI,ME_BRONZE,ROW,Rowing,W.SCULL1------------.FNL-,Women's Single Sculls Finals,A,MOJALLALTOPRAGHGHALE Fatemeh,694499,2026-09-24,W,[],赛艇,2026-09-24,official_medal_record
IRI|SHO|X.APMT--------------.----|ME_BRONZE|SHOXAPMT-------IRI01,IRI,ME_BRONZE,SHO,Shooting,X.APMT--------------.----,10m Air Pistol Mixed Team,T,Islamic Republic of Iran,SHOXAPMT-------IRI01,2026-09-25,X,"[{""Reg"": ""315102"", ""Bib"": ""1113"", ""Org"": ""IRI"", ""OrgDesc"": ""IR Iran"", ""Name"": ""GOLKHANDAN Vahid"", ""Order"": 1, ""BirthDate"": ""1983-06-24""}, {""Reg"": ""315404"", ""Bib"": ""1115"", ""Org"": ""IRI"", ""OrgDesc"": ""IR Iran"", ""Name"": ""ROSTAMIYAN Haniyeh"", ""Order"": 2, ""BirthDate"": ""1998-09-11""}]",射击,2026-09-25,official_medal_record
IRI|TKW|M.O80KG-------------.FNL-|ME_GOLD|9295448,IRI,ME_GOLD,TKW,Taekwondo,M.O80KG-------------.FNL-,Men +80kg Gold Medal Contest,A,SALIMI Arian,9295448,2026-10-03,M,[],跆拳道,2026-10-03,official_medal_record
IRI|TKW|W.67KG--------------.FNL-|ME_GOLD|9305731,IRI,ME_GOLD,TKW,Taekwondo,W.67KG--------------.FNL-,Women -67kg Gold Medal Contest,A,MORADI SHEIKHLARI Saghar,9305731,2026-10-02,W,[],跆拳道,2026-10-02,official_medal_record
IRI|TKW|M.68KG--------------.FNL-|ME_SILVER|9296006,IRI,ME_SILVER,TKW,Taekwondo,M.68KG--------------.FNL-,Men -68kg Gold Medal Contest,A,HAJIMOUSAEINAFOUTI Mahdi,9296006,2026-10-03,M,[],跆拳道,2026-10-03,official_medal_record
IRI|TKW|W.O67KG-------------.FNL-|ME_BRONZE|9300044,IRI,ME_BRONZE,TKW,Taekwondo,W.O67KG-------------.FNL-,Women +67kg Gold Medal Contest,A,AHMADI Fatemeh,9300044,2026-10-03,W,[],跆拳道,2026-10-03,official_medal_record
IRI|TTE|M.SINGLES-----------.----|ME_BRONZE|8652944,IRI,ME_BRONZE,TTE,Table Tennis,M.SINGLES-----------.----,Men's Singles,A,ALAMIYAN Noshad,8652944,2026-09-28,M,[],乒乓球,2026-09-28,official_medal_record
IRI|VVO|M.TEAM6-------------.FNL-|ME_GOLD|VVOMTEAM6------IRI01,IRI,ME_GOLD,VVO,Volleyball,M.TEAM6-------------.FNL-,Men's Finals,T,Islamic Republic of Iran,VVOMTEAM6------IRI01,2026-10-03,M,"[{""Reg"": ""4934396"", ""Bib"": ""15"", ""Org"": ""IRI"", ""OrgDesc"": ""IR Iran"", ""Name"": ""BEHNEZHAD Arshia"", ""Order"": 1, ""BirthDate"": ""2003-08-04""}, {""Reg"": ""4935475"", ""Bib"": ""11"", ""Org"": ""IRI"", ""OrgDesc"": ""IR Iran"", ""Name"": ""DAVOODIPOUR Ilshan"", ""Order"": 2, ""BirthDate"": ""2003-06-03""}, {""Reg"": ""4935920"", ""Bib"": ""10"", ""Org"": ""IRI"", ""OrgDesc"": ""IR Iran"", ""Name"": ""ESMAEILNEZHAD Amin"", ""Order"": 3, ""BirthDate"": ""1996-12-17""}, {""Reg"": ""4937855"", ""Bib"": ""49"", ""Org"": ""IRI"", ""OrgDesc"": ""IR Iran"", ""Name"": ""SHARIFI Morteza"", ""Order"": 4, ""BirthDate"": ""1999-05-27""}, {""Reg"": ""4938015"", ""Bib"": ""9"", ""Org"": ""IRI"", ""OrgDesc"": ""IR Iran"", ""Name"": ""HOSSEIN KHANZADEH FIROUZJ Poriya"", ""Order"": 5, ""BirthDate"": ""2004-07-01""}, {""Reg"": ""4938523"", ""Bib"": ""22"", ""Org"": ""IRI"", ""OrgDesc"": ""IR Iran"", ""Name"": ""HAGHPARAST Ali"", ""Order"": 6, ""BirthDate"": ""2004-12-16""}, {""Reg"": ""4938677"", ""Bib"": ""5"", ""Org"": ""IRI"", ""OrgDesc"": ""IR Iran"", ""Name"": ""NASRI MASTANABAD Mobin"", ""Order"": 7, ""BirthDate"": ""2003-01-07""}, {""Reg"": ""4939754"", ""Bib"": ""27"", ""Org"": ""IRI"", ""OrgDesc"": ""IR Iran"", ""Name"": ""VALIZADEH Mohammad"", ""Order"": 8, ""BirthDate"": ""2001-05-31""}, {""Reg"": ""4939899"", ""Bib"": ""20"", ""Org"": ""IRI"", ""OrgDesc"": ""IR Iran"", ""Name"": ""KAZEMI POSHTPARI Yousef"", ""Order"": 9, ""BirthDate"": ""2003-01-28""}, {""Reg"": ""4940043"", ""Bib"": ""66"", ""Org"": ""IRI"", ""OrgDesc"": ""IR Iran"", ""Name"": ""NASERI CHENARI Seyed Eisa"", ""Order"": 10, ""BirthDate"": ""2001-02-08""}, {""Reg"": ""4942522"", ""Bib"": ""19"", ""Org"": ""IRI"", ""OrgDesc"": ""IR Iran"", ""Name"": ""HAJI KALATEH Hossein"", ""Order"": 11, ""BirthDate"": ""2004-12-01""}, {""Reg"": ""8268086"", ""Bib"": ""17"", ""Org"": ""IRI"", ""OrgDesc"": ""IR Iran"", ""Name"": ""HAJIPOUR MOGHADDAM FAROUJI Ali"", ""Order"": 12, ""BirthDate"": ""2001-07-01""}]",排球,2026-10-03,official_medal_record
IRI|WLF|M.95KG--------------.FNL-|ME_GOLD|1232803,IRI,ME_GOLD,WLF,Weightlifting,M.95KG--------------.FNL-,Men's 95kg All Groups,A,ALIPOUR Ali,1232803,2026-09-28,M,[],举重,2026-09-28,official_medal_record
IRI|WLF|M.O110KG------------.FNL-|ME_GOLD|1234030,IRI,ME_GOLD,WLF,Weightlifting,M.O110KG------------.FNL-,Men's +110kg All Groups,A,DAVOUDI Ali,1234030,2026-09-29,M,[],举重,2026-09-29,official_medal_record
IRI|WLF|W.77KG--------------.FNL-|ME_BRONZE|1234457,IRI,ME_BRONZE,WLF,Weightlifting,W.77KG--------------.FNL-,Women's 77kg All Groups,A,KARIMI Reihaneh,1234457,2026-09-27,W,[],举重,2026-09-27,official_medal_record
IRI|WLF|W.86KG--------------.FNL-|ME_BRONZE|1234138,IRI,ME_BRONZE,WLF,Weightlifting,W.86KG--------------.FNL-,Women's 86kg All Groups,A,BEHESHTY Mahsa,1234138,2026-09-29,W,[],举重,2026-09-29,official_medal_record
IRI|WRE|M.FS125KG-----------.FNL-|ME_GOLD|1336478,IRI,ME_GOLD,WRE,Wrestling,M.FS125KG-----------.FNL-,Men's Freestyle 125kg Final,A,ZARE Amir Hossein,1336478,2026-10-02,M,[],摔跤,2026-10-02,official_medal_record
IRI|WRE|M.FS74KG------------.FNL-|ME_GOLD|1338714,IRI,ME_GOLD,WRE,Wrestling,M.FS74KG------------.FNL-,Men's Freestyle 74kg Final,A,EMAMICHOGHAEI Yones,1338714,2026-10-03,M,[],摔跤,2026-10-03,official_medal_record
IRI|WRE|M.FS86KG------------.FNL-|ME_GOLD|1337499,IRI,ME_GOLD,WRE,Wrestling,M.FS86KG------------.FNL-,Men's Freestyle 86kg Final,A,NOKHODILARIMI Mohammad,1337499,2026-10-02,M,[],摔跤,2026-10-02,official_medal_record
IRI|WRE|M.FS97KG------------.FNL-|ME_GOLD|1336637,IRI,ME_GOLD,WRE,Wrestling,M.FS97KG------------.FNL-,Men's Freestyle 97kg Final,A,AZARPIRA Amirali,1336637,2026-10-03,M,[],摔跤,2026-10-03,official_medal_record
IRI|WRE|M.GR130KG-----------.FNL-|ME_GOLD|1339865,IRI,ME_GOLD,WRE,Wrestling,M.GR130KG-----------.FNL-,Men's Greco-Roman 130kg Final,A,MIRZAZADEH Amin,1339865,2026-09-30,M,[],摔跤,2026-09-30,official_medal_record
IRI|WRE|M.GR77KG------------.FNL-|ME_GOLD|1339659,IRI,ME_GOLD,WRE,Wrestling,M.GR77KG------------.FNL-,Men's Greco-Roman 77kg Final,A,ABDEVALI Alireza,1339659,2026-10-01,M,[],摔跤,2026-10-01,official_medal_record
IRI|WRE|M.GR97KG------------.FNL-|ME_BRONZE|1340987,IRI,ME_BRONZE,WRE,Wrestling,M.GR97KG------------.FNL-,Men's Greco-Roman 97kg Final,A,BALIHAMZEHDEH Mehdi,1340987,2026-10-01,M,[],摔跤,2026-10-01,official_medal_record
IRI|WSU|M.75KG--------------.----|ME_GOLD|4621017,IRI,ME_GOLD,WSU,Wushu,M.75KG--------------.----,Men's 75kg,A,MOUSAVI Soheil,4621017,2026-09-24,M,[],武术,2026-09-24,official_medal_record
IRI|WSU|M.65KG--------------.----|ME_SILVER|4621314,IRI,ME_SILVER,WSU,Wushu,M.65KG--------------.----,Men's 65kg,A,PANAHIGELEHKOLAEI Shoja,4621314,2026-09-24,M,[],武术,2026-09-24,official_medal_record
IRI|WSU|M.70KG--------------.----|ME_SILVER|4621894,IRI,ME_SILVER,WSU,Wushu,M.70KG--------------.----,Men's 70kg,A,MOHARRAMI PIRAGHOM Erfan,4621894,2026-09-24,M,[],武术,2026-09-24,official_medal_record
IRI|WSU|W.52KG--------------.----|ME_SILVER|4622934,IRI,ME_SILVER,WSU,Wushu,W.52KG--------------.----,Women's 52kg,A,SINKAEICHETAN Sogand,4622934,2026-09-24,W,[],武术,2026-09-24,official_medal_record
IRQ|TEQ|M.SINGLES-----------.----|ME_SILVER|13270873,IRQ,ME_SILVER,TEQ,Teqball,M.SINGLES-----------.----,Men's Singles,A,ALELAYAWI Ali Jalil Mezher,13270873,2026-09-20,M,[],台克球,2026-09-20,official_medal_record
IRQ|TEQ|M.DOUBLES-----------.----|ME_BRONZE|TEQMDOUBLES----IRQ01,IRQ,ME_BRONZE,TEQ,Teqball,M.DOUBLES-----------.----,Men's Doubles,D,RADHI Abdulrahman Ahmed Radhi / ALELAYAWI Ali Jalil Mezher,TEQMDOUBLES----IRQ01,2026-09-20,M,"[{""Reg"": ""13265932"", ""Bib"": """", ""Org"": ""IRQ"", ""OrgDesc"": ""Iraq"", ""Name"": ""RADHI Abdulrahman Ahmed Radhi"", ""Order"": 1, ""BirthDate"": ""2003-07-12""}, {""Reg"": ""13270873"", ""Bib"": """", ""Org"": ""IRQ"", ""OrgDesc"": ""Iraq"", ""Name"": ""ALELAYAWI Ali Jalil Mezher"", ""Order"": 2, ""BirthDate"": ""1998-06-25""}]",台克球,2026-09-20,official_medal_record
IRQ|TEQ|X.DOUBLES-----------.----|ME_BRONZE|TEQXDOUBLES----IRQ01,IRQ,ME_BRONZE,TEQ,Teqball,X.DOUBLES-----------.----,Mixed Doubles,D,RADHI Abdulrahman Ahmed Radhi / ABED Samah Shakir Abed,TEQXDOUBLES----IRQ01,2026-09-20,X,"[{""Reg"": ""13265932"", ""Bib"": """", ""Org"": ""IRQ"", ""OrgDesc"": ""Iraq"", ""Name"": ""RADHI Abdulrahman Ahmed Radhi"", ""Order"": 1, ""BirthDate"": ""2003-07-12""}, {""Reg"": ""7188895"", ""Bib"": """", ""Org"": ""IRQ"", ""OrgDesc"": ""Iraq"", ""Name"": ""ABED Samah Shakir Abed"", ""Order"": 2, ""BirthDate"": ""1987-01-10""}]",台克球,2026-09-20,official_medal_record
IRQ|WLF|M.O110KG------------.FNL-|ME_SILVER|8115385,IRQ,ME_SILVER,WLF,Weightlifting,M.O110KG------------.FNL-,Men's +110kg All Groups,A,RUBAIAWI Ali Ammar Yusur,8115385,2026-09-29,M,[],举重,2026-09-29,official_medal_record
IRQ|WRE|M.GR60KG------------.FNL-|ME_BRONZE|10430749,IRQ,ME_BRONZE,WRE,Wrestling,M.GR60KG------------.FNL-,Men's Greco-Roman 60kg Final,A,ALBIDHAN Sajjad Ali Mukasr,10430749,2026-10-01,M,[],摔跤,2026-10-01,official_medal_record
JPN|ARC|M.RINDIVID----------.FNL-|ME_SILVER|13541069,JPN,ME_SILVER,ARC,Archery,M.RINDIVID----------.FNL-,Recurve Men's Individual Finals,A,NAKANISHI Junya,13541069,2026-10-03,M,[],射箭,2026-10-03,official_medal_record
JPN|ATH|M.1500M-------------.----|ME_GOLD|10851881,JPN,ME_GOLD,ATH,Athletics,M.1500M-------------.----,Men's 1500m,A,IIZAWA Kazuto,10851881,2026-09-28,M,[],田径,2026-09-28,official_medal_record
JPN|ATH|M.3000MST-----------.----|ME_GOLD|1373241,JPN,ME_GOLD,ATH,Athletics,M.3000MST-----------.----,Men's 3000m Steeplechase,A,MIURA Ryuji,1373241,2026-09-28,M,[],田径,2026-09-28,official_medal_record
JPN|ATH|M.4X400M------------.----|ME_GOLD|ATHM4X400M-----JPN01,JPN,ME_GOLD,ATH,Athletics,M.4X400M------------.----,Men's 4 x 400m Relay,T,Japan,ATHM4X400M-----JPN01,2026-09-29,M,"[{""Reg"": ""1376033"", ""Bib"": ""400"", ""Org"": ""JPN"", ""OrgDesc"": ""Japan"", ""Name"": ""NAKAJIMA Yuki Joseph"", ""Order"": 0, ""BirthDate"": ""2002-03-30""}, {""Reg"": ""10848179"", ""Bib"": ""1053"", ""Org"": ""JPN"", ""OrgDesc"": ""Japan"", ""Name"": ""SATO Fuga"", ""Order"": 1, ""BirthDate"": ""1996-06-01""}, {""Reg"": ""1455147"", ""Bib"": ""1054"", ""Org"": ""JPN"", ""OrgDesc"": ""Japan"", ""Name"": ""SHIRAHATA Kentaro"", ""Order"": 2, ""BirthDate"": ""2006-01-06""}, {""Reg"": ""10908415"", ""Bib"": ""1050"", ""Org"": ""JPN"", ""OrgDesc"": ""Japan"", ""Name"": ""IMAIZUMI Kenki"", ""Order"": 3, ""BirthDate"": ""2001-09-26""}, {""Reg"": ""12669917"", ""Bib"": ""385"", ""Org"": ""JPN"", ""OrgDesc"": ""Japan"", ""Name"": ""HAYASHI Shinya"", ""Order"": 4, ""BirthDate"": ""2004-04-15""}]",田径,2026-09-29,official_medal_record
JPN|ATH|M.800M--------------.----|ME_GOLD|14448842,JPN,ME_GOLD,ATH,Athletics,M.800M--------------.----,Men's 800m,A,OCHIAI Ko,14448842,2026-09-29,M,[],田径,2026-09-29,official_medal_record
JPN|ATH|M.DECATH------------.----|ME_GOLD|10883719,JPN,ME_GOLD,ATH,Athletics,M.DECATH------------.----,Men's Decathlon,A,MARUYAMA Yuma,10883719,2026-09-27,M,[],田径,2026-09-27,official_medal_record
JPN|ATH|M.MARATHON----------.----|ME_GOLD|10906899,JPN,ME_GOLD,ATH,Athletics,M.MARATHON----------.----,Men's Marathon,A,YAMASHITA Ichitaka,10906899,2026-09-26,M,[],田径,2026-09-26,official_medal_record
JPN|ATH|M.WALKM-------------.----|ME_GOLD|1372122,JPN,ME_GOLD,ATH,Athletics,M.WALKM-------------.----,Men's Marathon Race Walk,A,KATSUKI Hayato,1372122,2026-09-27,M,[],田径,2026-09-27,official_medal_record
JPN|ATH|W.100MHURD----------.----|ME_GOLD|10907860,JPN,ME_GOLD,ATH,Athletics,W.100MHURD----------.----,Women's 100m Hurdles,A,FUKUBE Mako,10907860,2026-09-27,W,[],田径,2026-09-27,official_medal_record
JPN|ATH|W.HEPTATH-----------.----|ME_GOLD|7328246,JPN,ME_GOLD,ATH,Athletics,W.HEPTATH-----------.----,Women's Heptathlon,A,TANAKA Yuri,7328246,2026-09-25,W,[],田径,2026-09-25,official_medal_record
JPN|ATH|W.PLEVAULT----------.----|ME_GOLD|10887153,JPN,ME_GOLD,ATH,Athletics,W.PLEVAULT----------.----,Women's Pole Vault,A,MOROTA Misaki,10887153,2026-09-25,W,[],田径,2026-09-25,official_medal_record
JPN|ATH|M.110MHURD----------.----|ME_SILVER|10849566,JPN,ME_SILVER,ATH,Athletics,M.110MHURD----------.----,Men's 110m Hurdles,A,MURATAKE Rachid,10849566,2026-09-27,M,[],田径,2026-09-27,official_medal_record
JPN|ATH|M.3000MST-----------.----|ME_SILVER|1373348,JPN,ME_SILVER,ATH,Athletics,M.3000MST-----------.----,Men's 3000m Steeplechase,A,AOKI Ryoma,1373348,2026-09-28,M,[],田径,2026-09-28,official_medal_record
JPN|ATH|M.400MHURD----------.----|ME_SILVER|9736836,JPN,ME_SILVER,ATH,Athletics,M.400MHURD----------.----,Men's 400m Hurdles,A,GOTO Taiju,9736836,2026-09-28,M,[],田径,2026-09-28,official_medal_record
JPN|ATH|M.5000M-------------.----|ME_SILVER|1453678,JPN,ME_SILVER,ATH,Athletics,M.5000M-------------.----,Men's 5000m,A,YAMAGUCHI Tomonori,1453678,2026-09-29,M,[],田径,2026-09-29,official_medal_record
JPN|ATH|M.HAMMER------------.----|ME_SILVER|10855532,JPN,ME_SILVER,ATH,Athletics,M.HAMMER------------.----,Men's Hammer Throw,A,FUKUDA Shota,10855532,2026-09-25,M,[],田径,2026-09-25,official_medal_record
JPN|ATH|M.TRPLJUMP----------.----|ME_SILVER|14451025,JPN,ME_SILVER,ATH,Athletics,M.TRPLJUMP----------.----,Men's Triple Jump,A,MIYAO Manato,14451025,2026-09-26,M,[],田径,2026-09-26,official_medal_record
JPN|ATH|M.WALKHM------------.----|ME_SILVER|1371808,JPN,ME_SILVER,ATH,Athletics,M.WALKHM------------.----,Men's Half Marathon Race Walk,A,YAMANISHI Toshikazu,1371808,2026-09-23,M,[],田径,2026-09-23,official_medal_record
JPN|ATH|W.10000M------------.----|ME_SILVER|1372241,JPN,ME_SILVER,ATH,Athletics,W.10000M------------.----,"Women's 10,000m",A,TANAKA Nozomi,1372241,2026-09-24,W,[],田径,2026-09-24,official_medal_record
JPN|ATH|W.100MHURD----------.----|ME_SILVER|7328697,JPN,ME_SILVER,ATH,Athletics,W.100MHURD----------.----,Women's 100m Hurdles,A,NAKAJIMA Hitomi,7328697,2026-09-27,W,[],田径,2026-09-27,official_medal_record
JPN|ATH|W.5000M-------------.----|ME_SILVER|1372241,JPN,ME_SILVER,ATH,Athletics,W.5000M-------------.----,Women's 5000m,A,TANAKA Nozomi,1372241,2026-09-28,W,[],田径,2026-09-28,official_medal_record
JPN|ATH|W.HEPTATH-----------.----|ME_SILVER|1546667,JPN,ME_SILVER,ATH,Athletics,W.HEPTATH-----------.----,Women's Heptathlon,A,KAJIKI Nanaka,1546667,2026-09-25,W,[],田径,2026-09-25,official_medal_record
JPN|ATH|W.JAVELIN-----------.----|ME_SILVER|1373852,JPN,ME_SILVER,ATH,Athletics,W.JAVELIN-----------.----,Women's Javelin Throw,A,KITAGUCHI Haruka,1373852,2026-09-27,W,[],田径,2026-09-27,official_medal_record
JPN|ATH|M.1500M-------------.----|ME_BRONZE|3887874,JPN,ME_BRONZE,ATH,Athletics,M.1500M-------------.----,Men's 1500m,A,MORI Nagiya,3887874,2026-09-28,M,[],田径,2026-09-28,official_medal_record
JPN|ATH|M.200M--------------.----|ME_BRONZE|10881383,JPN,ME_BRONZE,ATH,Athletics,M.200M--------------.----,Men's 200m,A,MIZUKUBO Soshi,10881383,2026-09-27,M,[],田径,2026-09-27,official_medal_record
JPN|ATH|M.400M--------------.----|ME_BRONZE|1376033,JPN,ME_BRONZE,ATH,Athletics,M.400M--------------.----,Men's 400m,A,NAKAJIMA Yuki Joseph,1376033,2026-09-26,M,[],田径,2026-09-26,official_medal_record
JPN|ATH|M.WALKM-------------.----|ME_BRONZE|10882385,JPN,ME_BRONZE,ATH,Athletics,M.WALKM-------------.----,Men's Marathon Race Walk,A,SUWA Motofumi,10882385,2026-09-27,M,[],田径,2026-09-27,official_medal_record
JPN|ATH|W.1500M-------------.----|ME_BRONZE|1372241,JPN,ME_BRONZE,ATH,Athletics,W.1500M-------------.----,Women's 1500m,A,TANAKA Nozomi,1372241,2026-09-26,W,[],田径,2026-09-26,official_medal_record
JPN|ATH|W.4X100M------------.----|ME_BRONZE|ATHW4X100M-----JPN01,JPN,ME_BRONZE,ATH,Athletics,W.4X100M------------.----,Women's 4 x 100m Relay,T,Japan,ATHW4X100M-----JPN01,2026-09-28,W,"[{""Reg"": ""1375243"", ""Bib"": ""1055"", ""Org"": ""JPN"", ""OrgDesc"": ""Japan"", ""Name"": ""AOKI Masumi"", ""Order"": 0, ""BirthDate"": ""1994-04-16""}, {""Reg"": ""10851570"", ""Bib"": ""419"", ""Org"": ""JPN"", ""OrgDesc"": ""Japan"", ""Name"": ""IKI Aiko"", ""Order"": 0, ""BirthDate"": ""2000-11-27""}, {""Reg"": ""10887863"", ""Bib"": ""1056"", ""Org"": ""JPN"", ""OrgDesc"": ""Japan"", ""Name"": ""MIURA Manaka"", ""Order"": 0, ""BirthDate"": ""2002-02-14""}, {""Reg"": ""10905235"", ""Bib"": ""429"", ""Org"": ""JPN"", ""OrgDesc"": ""Japan"", ""Name"": ""MIKASE Midori"", ""Order"": 0, ""BirthDate"": ""2001-06-02""}]",田径,2026-09-28,official_medal_record
JPN|ATH|W.HAMMER------------.----|ME_BRONZE|10910395,JPN,ME_BRONZE,ATH,Athletics,W.HAMMER------------.----,Women's Hammer Throw,A,MCARTHUR Joy Iris,10910395,2026-09-29,W,[],田径,2026-09-29,official_medal_record
JPN|ATH|W.JAVELIN-----------.----|ME_BRONZE|9712032,JPN,ME_BRONZE,ATH,Athletics,W.JAVELIN-----------.----,Women's Javelin Throw,A,TAKEMOTO Sae,9712032,2026-09-27,W,[],田径,2026-09-27,official_medal_record
JPN|ATH|W.MARATHON----------.----|ME_BRONZE|10891097,JPN,ME_BRONZE,ATH,Athletics,W.MARATHON----------.----,Women's Marathon,A,YADA Mikuni,10891097,2026-09-26,W,[],田径,2026-09-26,official_medal_record
JPN|ATH|W.WALKM-------------.----|ME_BRONZE|9713630,JPN,ME_BRONZE,ATH,Athletics,W.WALKM-------------.----,Women's Marathon Race Walk,A,UMENO Yukiko,9713630,2026-09-27,W,[],田径,2026-09-27,official_medal_record
JPN|BBL|M.TEAM9-------------.FNL-|ME_SILVER|BBLMTEAM9------JPN01,JPN,ME_SILVER,BBL,Baseball,M.TEAM9-------------.FNL-,Men’s Finals,T,Japan,BBLMTEAM9------JPN01,2026-09-26,M,"[{""Reg"": ""233192"", ""Bib"": ""15"", ""Org"": ""JPN"", ""OrgDesc"": ""Japan"", ""Name"": ""TANIWAKI Koki"", ""Order"": 0, ""BirthDate"": ""2001-11-25""}, {""Reg"": ""231170"", ""Bib"": ""51"", ""Org"": ""JPN"", ""OrgDesc"": ""Japan"", ""Name"": ""MIZUTANI Shohei"", ""Order"": 1, ""BirthDate"": ""2001-05-31""}, {""Reg"": ""231283"", ""Bib"": ""3"", ""Org"": ""JPN"", ""OrgDesc"": ""Japan"", ""Name"": ""SHIBASAKI Masato"", ""Order"": 2, ""BirthDate"": ""2002-04-04""}, {""Reg"": ""231491"", ""Bib"": ""24"", ""Org"": ""JPN"", ""OrgDesc"": ""Japan"", ""Name"": ""FUJISAWA Ryosuke"", ""Order"": 3, ""BirthDate"": ""2002-06-04""}, {""Reg"": ""231858"", ""Bib"": ""6"", ""Org"": ""JPN"", ""OrgDesc"": ""Japan"", ""Name"": ""YAMADA Kenta"", ""Order"": 4, ""BirthDate"": ""2000-07-19""}, {""Reg"": ""231985"", ""Bib"": ""2"", ""Org"": ""JPN"", ""OrgDesc"": ""Japan"", ""Name"": ""WADA Keita"", ""Order"": 5, ""BirthDate"": ""1997-04-24""}, {""Reg"": ""232092"", ""Bib"": ""7"", ""Org"": ""JPN"", ""OrgDesc"": ""Japan"", ""Name"": ""SATO Yuki"", ""Order"": 6, ""BirthDate"": ""1998-05-09""}, {""Reg"": ""232196"", ""Bib"": ""5"", ""Org"": ""JPN"", ""OrgDesc"": ""Japan"", ""Name"": ""KUMADA Toyo"", ""Order"": 7, ""BirthDate"": ""2001-04-15""}, {""Reg"": ""232426"", ""Bib"": ""4"", ""Org"": ""JPN"", ""OrgDesc"": ""Japan"", ""Name"": ""SOEDA Manami"", ""Order"": 8, ""BirthDate"": ""1997-06-19""}, {""Reg"": ""232558"", ""Bib"": ""36"", ""Org"": ""JPN"", ""OrgDesc"": ""Japan"", ""Name"": ""FUKUI Shogo"", ""Order"": 9, ""BirthDate"": ""1999-04-23""}, {""Reg"": ""232776"", ""Bib"": ""9"", ""Org"": ""JPN"", ""OrgDesc"": ""Japan"", ""Name"": ""ARIMA Ryo"", ""Order"": 10, ""BirthDate"": ""2001-04-03""}, {""Reg"": ""232880"", ""Bib"": ""11"", ""Org"": ""JPN"", ""OrgDesc"": ""Japan"", ""Name"": ""KONDO Kazuki"", ""Order"": 11, ""BirthDate"": ""1998-08-07""}, {""Reg"": ""232984"", ""Bib"": ""19"", ""Org"": ""JPN"", ""OrgDesc"": ""Japan"", ""Name"": ""NAGANO Kento"", ""Order"": 12, ""BirthDate"": ""2002-08-31""}, {""Reg"": ""233419"", ""Bib"": ""14"", ""Org"": ""JPN"", ""OrgDesc"": ""Japan"", ""Name"": ""HIGUCHI Shin"", ""Order"": 14, ""BirthDate"": ""2002-06-28""}, {""Reg"": ""233868"", ""Bib"": ""22"", ""Org"": ""JPN"", ""OrgDesc"": ""Japan"", ""Name"": ""MATSUDA Wataru"", ""Order"": 16, ""BirthDate"": ""2001-08-07""}, {""Reg"": ""234003"", ""Bib"": ""25"", ""Org"": ""JPN"", ""OrgDesc"": ""Japan"", ""Name"": ""MARUYAMA Masashi"", ""Order"": 17, ""BirthDate"": ""1999-06-08""}, {""Reg"": ""234108"", ""Bib"": ""17"", ""Org"": ""JPN"", ""OrgDesc"": ""Japan"", ""Name"": ""KATO Mizuki"", ""Order"": 18, ""BirthDate"": ""1998-08-28""}, {""Reg"": ""234474"", ""Bib"": ""1"", ""Org"": ""JPN"", ""OrgDesc"": ""Japan"", ""Name"": ""YANO Yukiya"", ""Order"": 19, ""BirthDate"": ""1994-07-30""}, {""Reg"": ""234578"", ""Bib"": ""18"", ""Org"": ""JPN"", ""OrgDesc"": ""Japan"", ""Name"": ""FUCHIGAMI Yoshiki"", ""Order"": 20, ""BirthDate"": ""1997-06-20""}, {""Reg"": ""234682"", ""Bib"": ""10"", ""Org"": ""JPN"", ""OrgDesc"": ""Japan"", ""Name"": ""AIZAWA Ryosuke"", ""Order"": 21, ""BirthDate"": ""1996-09-26""}, {""Reg"": ""234799"", ""Bib"": ""27"", ""Org"": ""JPN"", ""OrgDesc"": ""Japan"", ""Name"": ""TSUJIMOTO Yuki"", ""Order"": 22, ""BirthDate"": ""1996-04-27""}, {""Reg"": ""234903"", ""Bib"": ""16"", ""Org"": ""JPN"", ""OrgDesc"": ""Japan"", ""Name"": ""KAYO Shuichiro"", ""Order"": 23, ""BirthDate"": ""1995-11-15""}, {""Reg"": ""235007"", ""Bib"": ""8"", ""Org"": ""JPN"", ""OrgDesc"": ""Japan"", ""Name"": ""MUKOYAMA Motoki"", ""Order"": 24, ""BirthDate"": ""1996-07-05""}]",棒球,2026-09-26,official_medal_record
JPN|BDM|W.SINGLES-----------.----|ME_SILVER|13967981,JPN,ME_SILVER,BDM,Badminton,W.SINGLES-----------.----,Women's Singles,A,YAMAGUCHI Akane,13967981,2026-09-29,W,[],羽毛球,2026-09-29,official_medal_record
JPN|BDM|W.TEAM--------------.----|ME_SILVER|BDMWTEAM-------JPN01,JPN,ME_SILVER,BDM,Badminton,W.TEAM--------------.----,Women's Team,T,Japan,BDMWTEAM-------JPN01,2026-09-24,W,"[{""Reg"": ""13964651"", ""Bib"": """", ""Org"": ""JPN"", ""OrgDesc"": ""Japan"", ""Name"": ""OKUHARA Nozomi"", ""Order"": 1, ""BirthDate"": ""1995-03-13""}, {""Reg"": ""13964785"", ""Bib"": """", ""Org"": ""JPN"", ""OrgDesc"": ""Japan"", ""Name"": ""TAGUCHI Maya"", ""Order"": 2, ""BirthDate"": ""2005-10-09""}, {""Reg"": ""13965305"", ""Bib"": """", ""Org"": ""JPN"", ""OrgDesc"": ""Japan"", ""Name"": ""HOBARA Sayaka"", ""Order"": 3, ""BirthDate"": ""1998-07-30""}, {""Reg"": ""13965666"", ""Bib"": """", ""Org"": ""JPN"", ""OrgDesc"": ""Japan"", ""Name"": ""MIYAZAKI Tomoka"", ""Order"": 4, ""BirthDate"": ""2006-08-17""}, {""Reg"": ""13966082"", ""Bib"": """", ""Org"": ""JPN"", ""OrgDesc"": ""Japan"", ""Name"": ""NAKANISHI Kie"", ""Order"": 5, ""BirthDate"": ""1995-12-24""}, {""Reg"": ""13966727"", ""Bib"": """", ""Org"": ""JPN"", ""OrgDesc"": ""Japan"", ""Name"": ""GUNJI Riko"", ""Order"": 6, ""BirthDate"": ""2002-07-31""}, {""Reg"": ""13967663"", ""Bib"": """", ""Org"": ""JPN"", ""OrgDesc"": ""Japan"", ""Name"": ""MATSUMOTO Mayu"", ""Order"": 7, ""BirthDate"": ""1995-08-07""}, {""Reg"": ""13967773"", ""Bib"": """", ""Org"": ""JPN"", ""OrgDesc"": ""Japan"", ""Name"": ""FUKUSHIMA Yuki"", ""Order"": 8, ""BirthDate"": ""1993-05-06""}, {""Reg"": ""13967981"", ""Bib"": """", ""Org"": ""JPN"", ""OrgDesc"": ""Japan"", ""Name"": ""YAMAGUCHI Akane"", ""Order"": 9, ""BirthDate"": ""1997-06-06""}, {""Reg"": ""182978"", ""Bib"": """", ""Org"": ""JPN"", ""OrgDesc"": ""Japan"", ""Name"": ""UESAKA Rin"", ""Order"": 10, ""BirthDate"": ""1999-05-21""}]",羽毛球,2026-09-24,official_medal_record
JPN|BDM|W.DOUBLES-----------.----|ME_BRONZE|BDMWDOUBLES----JPN02,JPN,ME_BRONZE,BDM,Badminton,W.DOUBLES-----------.----,Women's Doubles,D,NAKANISHI Kie / UESAKA Rin,BDMWDOUBLES----JPN02,2026-09-28,W,"[{""Reg"": ""13966082"", ""Bib"": """", ""Org"": ""JPN"", ""OrgDesc"": ""Japan"", ""Name"": ""NAKANISHI Kie"", ""Order"": 1, ""BirthDate"": ""1995-12-24""}, {""Reg"": ""182978"", ""Bib"": """", ""Org"": ""JPN"", ""OrgDesc"": ""Japan"", ""Name"": ""UESAKA Rin"", ""Order"": 2, ""BirthDate"": ""1999-05-21""}]",羽毛球,2026-09-28,official_medal_record
JPN|BK3|W.TEAM3-------------.----|ME_GOLD|BK3WTEAM3------JPN01,JPN,ME_GOLD,BK3,3x3 Basketball,W.TEAM3-------------.----,Women,T,Japan,BK3WTEAM3------JPN01,2026-09-25,W,"[{""Reg"": ""13846463"", ""Bib"": ""6"", ""Org"": ""JPN"", ""OrgDesc"": ""Japan"", ""Name"": ""HIRASHITA Yuki"", ""Order"": 1, ""BirthDate"": ""2003-05-14""}, {""Reg"": ""1335235"", ""Bib"": ""10"", ""Org"": ""JPN"", ""OrgDesc"": ""Japan"", ""Name"": ""NISHI Fatoumanana"", ""Order"": 2, ""BirthDate"": ""2003-10-06""}, {""Reg"": ""1333425"", ""Bib"": ""11"", ""Org"": ""JPN"", ""OrgDesc"": ""Japan"", ""Name"": ""HORIUCHI Sakura"", ""Order"": 3, ""BirthDate"": ""2006-04-01""}, {""Reg"": ""1334596"", ""Bib"": ""38"", ""Org"": ""JPN"", ""OrgDesc"": ""Japan"", ""Name"": ""YAMAMOTO Haruka"", ""Order"": 4, ""BirthDate"": ""2004-03-08""}]",三人篮球,2026-09-25,official_medal_record
JPN|BKB|M.TEAM5-------------.----|ME_SILVER|BKBMTEAM5------JPN01,JPN,ME_SILVER,BKB,Basketball,M.TEAM5-------------.----,Men,T,Japan,BKBMTEAM5------JPN01,2026-09-20,M,"[{""Reg"": ""13754360"", ""Bib"": ""3"", ""Org"": ""JPN"", ""OrgDesc"": ""Japan"", ""Name"": ""KUROKAWA Kotetsu"", ""Order"": 1, ""BirthDate"": ""2001-04-08""}, {""Reg"": ""13754014"", ""Bib"": ""5"", ""Org"": ""JPN"", ""OrgDesc"": ""Japan"", ""Name"": ""HARPER JR John"", ""Order"": 2, ""BirthDate"": ""2003-02-09""}, {""Reg"": ""13755446"", ""Bib"": ""13"", ""Org"": ""JPN"", ""OrgDesc"": ""Japan"", ""Name"": ""KANECHIKA Ren"", ""Order"": 3, ""BirthDate"": ""2003-03-11""}, {""Reg"": ""13752170"", ""Bib"": ""14"", ""Org"": ""JPN"", ""OrgDesc"": ""Japan"", ""Name"": ""KANO Toyoshige"", ""Order"": 4, ""BirthDate"": ""2001-10-06""}, {""Reg"": ""13753788"", ""Bib"": ""20"", ""Org"": ""JPN"", ""OrgDesc"": ""Japan"", ""Name"": ""YAMAZAKI Ibu"", ""Order"": 5, ""BirthDate"": ""2003-07-10""}, {""Reg"": ""13753338"", ""Bib"": ""25"", ""Org"": ""JPN"", ""OrgDesc"": ""Japan"", ""Name"": ""KAWASHIMA Yuto"", ""Order"": 6, ""BirthDate"": ""2005-05-27""}, {""Reg"": ""13751616"", ""Bib"": ""28"", ""Org"": ""JPN"", ""OrgDesc"": ""Japan"", ""Name"": ""TSUYA Kazuma"", ""Order"": 7, ""BirthDate"": ""1998-06-07""}, {""Reg"": ""13755596"", ""Bib"": ""31"", ""Org"": ""JPN"", ""OrgDesc"": ""Japan"", ""Name"": ""OGAWA Atsuya"", ""Order"": 8, ""BirthDate"": ""2002-06-24""}, {""Reg"": ""13755710"", ""Bib"": ""32"", ""Org"": ""JPN"", ""OrgDesc"": ""Japan"", ""Name"": ""SCHAFER Avi"", ""Order"": 9, ""BirthDate"": ""1998-01-28""}, {""Reg"": ""13754232"", ""Bib"": ""45"", ""Org"": ""JPN"", ""OrgDesc"": ""Japan"", ""Name"": ""YAMAUCHI Jaheru"", ""Order"": 10, ""BirthDate"": ""2002-12-05""}, {""Reg"": ""13753223"", ""Bib"": ""53"", ""Org"": ""JPN"", ""OrgDesc"": ""Japan"", ""Name"": ""KIRK Alex"", ""Order"": 11, ""BirthDate"": ""1991-11-14""}, {""Reg"": ""13755341"", ""Bib"": ""64"", ""Org"": ""JPN"", ""OrgDesc"": ""Japan"", ""Name"": ""TAKASHIMA Shinji"", ""Order"": 12, ""BirthDate"": ""2000-10-13""}]",篮球,2026-09-20,official_medal_record
JPN|BKB|W.TEAM5-------------.----|ME_SILVER|BKBWTEAM5------JPN01,JPN,ME_SILVER,BKB,Basketball,W.TEAM5-------------.----,Women,T,Japan,BKBWTEAM5------JPN01,2026-09-26,W,"[{""Reg"": ""13843210"", ""Bib"": ""9"", ""Org"": ""JPN"", ""OrgDesc"": ""Japan"", ""Name"": ""AKAGI Riho"", ""Order"": 1, ""BirthDate"": ""1998-08-04""}, {""Reg"": ""13841345"", ""Bib"": ""11"", ""Org"": ""JPN"", ""OrgDesc"": ""Japan"", ""Name"": ""OKAMOTO Miyu"", ""Order"": 2, ""BirthDate"": ""2001-04-23""}, {""Reg"": ""13840527"", ""Bib"": ""15"", ""Org"": ""JPN"", ""OrgDesc"": ""Japan"", ""Name"": ""MIURA Maika"", ""Order"": 3, ""BirthDate"": ""2001-08-13""}, {""Reg"": ""13840212"", ""Bib"": ""17"", ""Org"": ""JPN"", ""OrgDesc"": ""Japan"", ""Name"": ""SANTA Nana"", ""Order"": 4, ""BirthDate"": ""2002-10-02""}, {""Reg"": ""13842805"", ""Bib"": ""19"", ""Org"": ""JPN"", ""OrgDesc"": ""Japan"", ""Name"": ""TATEYAMA Mona"", ""Order"": 5, ""BirthDate"": ""2002-11-06""}, {""Reg"": ""15007606"", ""Bib"": ""21"", ""Org"": ""JPN"", ""OrgDesc"": ""Japan"", ""Name"": ""TSUNETA Ami"", ""Order"": 6, ""BirthDate"": ""1999-09-18""}, {""Reg"": ""13839675"", ""Bib"": ""25"", ""Org"": ""JPN"", ""OrgDesc"": ""Japan"", ""Name"": ""SATO Takako"", ""Order"": 7, ""BirthDate"": ""2002-07-19""}, {""Reg"": ""13845340"", ""Bib"": ""30"", ""Org"": ""JPN"", ""OrgDesc"": ""Japan"", ""Name"": ""SHIRAISHI Mio"", ""Order"": 8, ""BirthDate"": ""2006-04-17""}, {""Reg"": ""13842954"", ""Bib"": ""42"", ""Org"": ""JPN"", ""OrgDesc"": ""Japan"", ""Name"": ""TANAKA Ufuoma"", ""Order"": 9, ""BirthDate"": ""2002-02-10""}, {""Reg"": ""13840422"", ""Bib"": ""45"", ""Org"": ""JPN"", ""OrgDesc"": ""Japan"", ""Name"": ""AWATANI Maho"", ""Order"": 10, ""BirthDate"": ""2002-12-06""}, {""Reg"": ""13839805"", ""Bib"": ""74"", ""Org"": ""JPN"", ""OrgDesc"": ""Japan"", ""Name"": ""HIGUCHI Suzuno"", ""Order"": 11, ""BirthDate"": ""2001-06-12""}, {""Reg"": ""13840068"", ""Bib"": ""91"", ""Org"": ""JPN"", ""OrgDesc"": ""Japan"", ""Name"": ""OWAKI Haru"", ""Order"": 12, ""BirthDate"": ""2004-03-04""}]",篮球,2026-09-26,official_medal_record
JPN|BKG|M.INDIVID-----------.----|ME_GOLD|376360,JPN,ME_GOLD,BKG,Breaking,M.INDIVID-----------.----,B-Boys,A,Shigekix (NAKARAI Shigeyuki),376360,2026-10-03,M,[],霹雳舞,2026-10-03,official_medal_record
JPN|BKG|W.INDIVID-----------.----|ME_SILVER|376464,JPN,ME_SILVER,BKG,Breaking,W.INDIVID-----------.----,B-Girls,A,Ayumi (FUKUSHIMA Ayumi),376464,2026-10-03,W,[],霹雳舞,2026-10-03,official_medal_record
JPN|BMF|M.INDVFRST----------.----|ME_GOLD|7997291,JPN,ME_GOLD,BMF,Cycling BMX Freestyle,M.INDVFRST----------.----,Men's Park,A,NAKAMURA Rimu,7997291,2026-09-27,M,[],自由式小轮车,2026-09-27,official_medal_record
JPN|BMF|M.INDVFRST----------.----|ME_SILVER|7996140,JPN,ME_SILVER,BMF,Cycling BMX Freestyle,M.INDVFRST----------.----,Men's Park,A,OZAWA Kaede,7996140,2026-09-27,M,[],自由式小轮车,2026-09-27,official_medal_record
JPN|BMF|W.INDVFRST----------.----|ME_SILVER|7996032,JPN,ME_SILVER,BMF,Cycling BMX Freestyle,W.INDVFRST----------.----,Women's Park,A,OZAWA Miharu,7996032,2026-09-27,W,[],自由式小轮车,2026-09-27,official_medal_record
JPN|BMX|M.INDVRACE----------.----|ME_GOLD|7997576,JPN,ME_GOLD,BMX,Cycling BMX Racing,M.INDVRACE----------.----,Men,A,NAKAI Asuma,7997576,2026-09-28,M,[],小轮车竞速,2026-09-28,official_medal_record
JPN|BMX|W.INDVRACE----------.----|ME_GOLD|8001306,JPN,ME_GOLD,BMX,Cycling BMX Racing,W.INDVRACE----------.----,Women,A,HATAKEYAMA Sae,8001306,2026-09-28,W,[],小轮车竞速,2026-09-28,official_medal_record
JPN|BMX|M.INDVRACE----------.----|ME_SILVER|7999170,JPN,ME_SILVER,BMX,Cycling BMX Racing,M.INDVRACE----------.----,Men,A,KIUCHI Hyoga,7999170,2026-09-28,M,[],小轮车竞速,2026-09-28,official_medal_record
JPN|BOX|M.55KG--------------.----|ME_GOLD|8393497,JPN,ME_GOLD,BOX,Boxing,M.55KG--------------.----,Men's 55kg,A,YAMAGUCHI Rui,8393497,2026-10-02,M,[],拳击,2026-10-02,official_medal_record
JPN|BOX|M.60KG--------------.----|ME_BRONZE|8393850,JPN,ME_BRONZE,BOX,Boxing,M.60KG--------------.----,Men's 60kg,A,KITAMOTO Shunsuke,8393850,2026-09-29,M,[],拳击,2026-09-29,official_medal_record
JPN|BOX|M.70KG--------------.----|ME_BRONZE|8394064,JPN,ME_BRONZE,BOX,Boxing,M.70KG--------------.----,Men's 70kg,A,OKAZAWA Sewonrets Quincy Mensah,8394064,2026-09-30,M,[],拳击,2026-09-30,official_medal_record
JPN|BOX|W.54KG--------------.----|ME_BRONZE|8393955,JPN,ME_BRONZE,BOX,Boxing,W.54KG--------------.----,Women's 54kg,A,NAMIKI Tsukimi,8393955,2026-09-29,W,[],拳击,2026-09-29,official_medal_record
JPN|CLB|M.BOULDER-----------.FNL-|ME_GOLD|13339645,JPN,ME_GOLD,CLB,Sport Climbing,M.BOULDER-----------.FNL-,Men's Boulder Final,A,ANRAKU Sorato,13339645,2026-09-30,M,[],运动攀岩,2026-09-30,official_medal_record
JPN|CLB|M.LEAD--------------.FNL-|ME_GOLD|13338231,JPN,ME_GOLD,CLB,Sport Climbing,M.LEAD--------------.FNL-,Men's Lead Final,A,SUZUKI Neo,13338231,2026-10-03,M,[],运动攀岩,2026-10-03,official_medal_record
JPN|CLB|M.LEAD--------------.FNL-|ME_SILVER|13340578,JPN,ME_SILVER,CLB,Sport Climbing,M.LEAD--------------.FNL-,Men's Lead Final,A,YOSHIDA Satone,13340578,2026-10-03,M,[],运动攀岩,2026-10-03,official_medal_record
JPN|CLB|W.BOULDER-----------.FNL-|ME_SILVER|13340456,JPN,ME_SILVER,CLB,Sport Climbing,W.BOULDER-----------.FNL-,Women's Boulder Final,A,MORI Ai,13340456,2026-10-01,W,[],运动攀岩,2026-10-01,official_medal_record
JPN|CLB|W.LEAD--------------.FNL-|ME_SILVER|13340456,JPN,ME_SILVER,CLB,Sport Climbing,W.LEAD--------------.FNL-,Women's Lead Final,A,MORI Ai,13340456,2026-10-03,W,[],运动攀岩,2026-10-03,official_medal_record
JPN|CLB|M.BOULDER-----------.FNL-|ME_BRONZE|13340823,JPN,ME_BRONZE,CLB,Sport Climbing,M.BOULDER-----------.FNL-,Men's Boulder Final,A,NARASAKI Tomoa,13340823,2026-09-30,M,[],运动攀岩,2026-09-30,official_medal_record
JPN|CRD|M.TT----------------.----|ME_SILVER|8000722,JPN,ME_SILVER,CRD,Cycling Road,M.TT----------------.----,Men's Individual Time Trial,A,IMAMURA Shunsuke,8000722,2026-09-20,M,[],公路自行车,2026-09-20,official_medal_record
JPN|CRD|M.RR----------------.----|ME_BRONZE|7994896,JPN,ME_BRONZE,CRD,Cycling Road,M.RR----------------.----,Men's Road Race,A,TODOME Yuhi,7994896,2026-09-23,M,[],公路自行车,2026-09-23,official_medal_record
JPN|CSL|M.X1----------------.----|ME_GOLD|5358623,JPN,ME_GOLD,CSL,Canoe Slalom,M.X1----------------.----,Men's Kayak Cross,A,TANAKA Yuuki,5358623,2026-10-02,M,[],皮划艇激流回旋,2026-10-02,official_medal_record
JPN|CSL|W.K1----------------.----|ME_GOLD|2751042,JPN,ME_GOLD,CSL,Canoe Slalom,W.K1----------------.----,Women's Kayak Single,A,ITO Kurumi,2751042,2026-10-02,W,[],皮划艇激流回旋,2026-10-02,official_medal_record
JPN|CSL|M.K1----------------.----|ME_SILVER|5358623,JPN,ME_SILVER,CSL,Canoe Slalom,M.K1----------------.----,Men's Kayak Single,A,TANAKA Yuuki,5358623,2026-10-02,M,[],皮划艇激流回旋,2026-10-02,official_medal_record
JPN|CSP|M.K2-500M-----------.FNL-|ME_SILVER|CSPMK2-500M----JPN01,JPN,ME_SILVER,CSP,Canoe Sprint,M.K2-500M-----------.FNL-,Men's Kayak Double 500m Finals,D,TANADA Taishi / TANAKA Masaya,CSPMK2-500M----JPN01,2026-09-25,M,"[{""Reg"": ""5363851"", ""Bib"": """", ""Org"": ""JPN"", ""OrgDesc"": ""Japan"", ""Name"": ""TANADA Taishi"", ""Order"": 1, ""BirthDate"": ""1997-07-17""}, {""Reg"": ""5364099"", ""Bib"": """", ""Org"": ""JPN"", ""OrgDesc"": ""Japan"", ""Name"": ""TANAKA Masaya"", ""Order"": 2, ""BirthDate"": ""2001-03-04""}]",皮划艇静水,2026-09-25,official_medal_record
JPN|CSP|M.K4-500M-----------.FNL-|ME_BRONZE|CSPMK4-500M----JPN01,JPN,ME_BRONZE,CSP,Canoe Sprint,M.K4-500M-----------.FNL-,Men's Kayak Four 500m Final,T,Japan,CSPMK4-500M----JPN01,2026-09-24,M,"[{""Reg"": ""5364099"", ""Bib"": """", ""Org"": ""JPN"", ""OrgDesc"": ""Japan"", ""Name"": ""TANAKA Masaya"", ""Order"": 1, ""BirthDate"": ""2001-03-04""}, {""Reg"": ""5360628"", ""Bib"": """", ""Org"": ""JPN"", ""OrgDesc"": ""Japan"", ""Name"": ""INOUE Akihiro"", ""Order"": 2, ""BirthDate"": ""1995-12-15""}, {""Reg"": ""5361802"", ""Bib"": """", ""Org"": ""JPN"", ""OrgDesc"": ""Japan"", ""Name"": ""MATSUSHIRO Ryuji"", ""Order"": 3, ""BirthDate"": ""2000-05-02""}, {""Reg"": ""5363438"", ""Bib"": """", ""Org"": ""JPN"", ""OrgDesc"": ""Japan"", ""Name"": ""SAKAI Yuito"", ""Order"": 4, ""BirthDate"": ""2000-06-08""}]",皮划艇静水,2026-09-24,official_medal_record
JPN|CSP|X.K2-500M-----------.FNL-|ME_BRONZE|CSPXK2-500M----JPN01,JPN,ME_BRONZE,CSP,Canoe Sprint,X.K2-500M-----------.FNL-,Mixed Kayak Double 500m Final,D,FUKUDA Rin / INOUE Akihiro,CSPXK2-500M----JPN01,2026-09-26,X,"[{""Reg"": ""5359684"", ""Bib"": """", ""Org"": ""JPN"", ""OrgDesc"": ""Japan"", ""Name"": ""FUKUDA Rin"", ""Order"": 1, ""BirthDate"": ""2002-02-02""}, {""Reg"": ""5360628"", ""Bib"": """", ""Org"": ""JPN"", ""OrgDesc"": ""Japan"", ""Name"": ""INOUE Akihiro"", ""Order"": 2, ""BirthDate"": ""1995-12-15""}]",皮划艇静水,2026-09-26,official_medal_record
JPN|CTR|M.MADISON-----------.----|ME_GOLD|CTRMMADISON----JPN01,JPN,ME_GOLD,CTR,Cycling Track,M.MADISON-----------.----,Men's Madison,T,Japan,CTRMMADISON----JPN01,2026-10-02,M,"[{""Reg"": ""7998731"", ""Bib"": ""97"", ""Org"": ""JPN"", ""OrgDesc"": ""Japan"", ""Name"": ""KUBOKI Kazushige"", ""Order"": 1, ""BirthDate"": ""1989-06-06""}, {""Reg"": ""7998837"", ""Bib"": ""96"", ""Org"": ""JPN"", ""OrgDesc"": ""Japan"", ""Name"": ""KOJIMA Naoki"", ""Order"": 2, ""BirthDate"": ""2000-11-01""}, {""Reg"": ""7994682"", ""Bib"": ""7"", ""Org"": ""JPN"", ""OrgDesc"": ""Japan"", ""Name"": ""UMEZAWA Kanta"", ""Order"": 3, ""BirthDate"": ""2004-06-23""}]",场地自行车,2026-10-02,official_medal_record
JPN|CTR|M.OMNIUM------------.----|ME_GOLD|7994682,JPN,ME_GOLD,CTR,Cycling Track,M.OMNIUM------------.----,Men's Omnium,A,UMEZAWA Kanta,7994682,2026-10-01,M,[],场地自行车,2026-10-01,official_medal_record
JPN|CTR|M.SPRINT------------.----|ME_GOLD|7996246,JPN,ME_GOLD,CTR,Cycling Track,M.SPRINT------------.----,Men's Sprint,A,OTA Kaiya,7996246,2026-10-01,M,[],场地自行车,2026-10-01,official_medal_record
JPN|CTR|W.MADISON-----------.----|ME_GOLD|CTRWMADISON----JPN01,JPN,ME_GOLD,CTR,Cycling Track,W.MADISON-----------.----,Women's Madison,T,Japan,CTRWMADISON----JPN01,2026-10-01,W,"[{""Reg"": ""7994790"", ""Bib"": ""93"", ""Org"": ""JPN"", ""OrgDesc"": ""Japan"", ""Name"": ""UCHINO Tsuyaka"", ""Order"": 1, ""BirthDate"": ""2002-01-13""}, {""Reg"": ""8000275"", ""Bib"": ""88"", ""Org"": ""JPN"", ""OrgDesc"": ""Japan"", ""Name"": ""KAKITA Maho"", ""Order"": 2, ""BirthDate"": ""2004-12-14""}, {""Reg"": ""8000851"", ""Bib"": ""87"", ""Org"": ""JPN"", ""OrgDesc"": ""Japan"", ""Name"": ""IKEDA Mizuki"", ""Order"": 3, ""BirthDate"": ""2004-08-06""}]",场地自行车,2026-10-01,official_medal_record
JPN|CTR|W.OMNIUM------------.----|ME_GOLD|8000383,JPN,ME_GOLD,CTR,Cycling Track,W.OMNIUM------------.----,Women's Omnium,A,KAJIHARA Yumi,8000383,2026-10-02,W,[],场地自行车,2026-10-02,official_medal_record
JPN|CTR|M.PURTEAM4----------.----|ME_SILVER|CTRMPURTEAM4---JPN01,JPN,ME_SILVER,CTR,Cycling Track,M.PURTEAM4----------.----,Men's Team Pursuit,T,Japan,CTRMPURTEAM4---JPN01,2026-09-30,M,"[{""Reg"": ""7998400"", ""Bib"": ""98"", ""Org"": ""JPN"", ""OrgDesc"": ""Japan"", ""Name"": ""MATSUDA Shoi"", ""Order"": 1, ""BirthDate"": ""1999-09-13""}, {""Reg"": ""7998731"", ""Bib"": ""97"", ""Org"": ""JPN"", ""OrgDesc"": ""Japan"", ""Name"": ""KUBOKI Kazushige"", ""Order"": 2, ""BirthDate"": ""1989-06-06""}, {""Reg"": ""7994682"", ""Bib"": ""7"", ""Org"": ""JPN"", ""OrgDesc"": ""Japan"", ""Name"": ""UMEZAWA Kanta"", ""Order"": 3, ""BirthDate"": ""2004-06-23""}, {""Reg"": ""7998837"", ""Bib"": ""96"", ""Org"": ""JPN"", ""OrgDesc"": ""Japan"", ""Name"": ""KOJIMA Naoki"", ""Order"": 4, ""BirthDate"": ""2000-11-01""}, {""Reg"": ""7999706"", ""Bib"": ""95"", ""Org"": ""JPN"", ""OrgDesc"": ""Japan"", ""Name"": ""KAWANO Shoki"", ""Order"": 5, ""BirthDate"": ""2000-03-26""}]",场地自行车,2026-09-30,official_medal_record
JPN|CTR|M.SPRTEAM3----------.----|ME_SILVER|CTRMSPRTEAM3---JPN01,JPN,ME_SILVER,CTR,Cycling Track,M.SPRTEAM3----------.----,Men's Team Sprint,T,Japan,CTRMSPRTEAM3---JPN01,2026-09-29,M,"[{""Reg"": ""7997868"", ""Bib"": ""99"", ""Org"": ""JPN"", ""OrgDesc"": ""Japan"", ""Name"": ""NAGASAKO Yoshitaku"", ""Order"": 1, ""BirthDate"": ""1993-09-16""}, {""Reg"": ""7995108"", ""Bib"": ""102"", ""Org"": ""JPN"", ""OrgDesc"": ""Japan"", ""Name"": ""TAKAHASHI Kanata"", ""Order"": 2, ""BirthDate"": ""2006-10-12""}, {""Reg"": ""7997442"", ""Bib"": ""100"", ""Org"": ""JPN"", ""OrgDesc"": ""Japan"", ""Name"": ""NAKAISHI Minato"", ""Order"": 3, ""BirthDate"": ""2004-11-14""}, {""Reg"": ""7996246"", ""Bib"": ""101"", ""Org"": ""JPN"", ""OrgDesc"": ""Japan"", ""Name"": ""OTA Kaiya"", ""Order"": 4, ""BirthDate"": ""1999-07-27""}]",场地自行车,2026-09-29,official_medal_record
JPN|CTR|W.PURTEAM4----------.----|ME_SILVER|CTRWPURTEAM4---JPN01,JPN,ME_SILVER,CTR,Cycling Track,W.PURTEAM4----------.----,Women's Team Pursuit,T,Japan,CTRWPURTEAM4---JPN01,2026-09-30,W,"[{""Reg"": ""8000851"", ""Bib"": ""87"", ""Org"": ""JPN"", ""OrgDesc"": ""Japan"", ""Name"": ""IKEDA Mizuki"", ""Order"": 1, ""BirthDate"": ""2004-08-06""}, {""Reg"": ""8000383"", ""Bib"": ""24"", ""Org"": ""JPN"", ""OrgDesc"": ""Japan"", ""Name"": ""KAJIHARA Yumi"", ""Order"": 2, ""BirthDate"": ""1997-04-10""}, {""Reg"": ""8000275"", ""Bib"": ""88"", ""Org"": ""JPN"", ""OrgDesc"": ""Japan"", ""Name"": ""KAKITA Maho"", ""Order"": 3, ""BirthDate"": ""2004-12-14""}, {""Reg"": ""7994790"", ""Bib"": ""93"", ""Org"": ""JPN"", ""OrgDesc"": ""Japan"", ""Name"": ""UCHINO Tsuyaka"", ""Order"": 4, ""BirthDate"": ""2002-01-13""}, {""Reg"": ""7996352"", ""Bib"": ""90"", ""Org"": ""JPN"", ""OrgDesc"": ""Japan"", ""Name"": ""OKAMOTO Misaki"", ""Order"": 5, ""BirthDate"": ""2005-10-29""}]",场地自行车,2026-09-30,official_medal_record
JPN|CTR|W.SPRINT------------.----|ME_SILVER|7995816,JPN,ME_SILVER,CTR,Cycling Track,W.SPRINT------------.----,Women's Sprint,A,SATO Mina,7995816,2026-10-02,W,[],场地自行车,2026-10-02,official_medal_record
JPN|DIV|M.10M---------------.----|ME_SILVER|3794770,JPN,ME_SILVER,DIV,Diving,M.10M---------------.----,Men's 10m Platform,A,TAMAI Rikuto,3794770,2026-09-30,M,[],跳水,2026-09-30,official_medal_record
JPN|DIV|M.3MTEAM2-----------.----|ME_SILVER|DIVM3MTEAM2----JPN01,JPN,ME_SILVER,DIV,Diving,M.3MTEAM2-----------.----,Men's Synchronised 3m Springboard,D,IKUMA Senri / SUYAMA Haruki,DIVM3MTEAM2----JPN01,2026-09-26,M,"[{""Reg"": ""3794119"", ""Bib"": """", ""Org"": ""JPN"", ""OrgDesc"": ""Japan"", ""Name"": ""IKUMA Senri"", ""Order"": 1, ""BirthDate"": ""2004-05-10""}, {""Reg"": ""3794233"", ""Bib"": """", ""Org"": ""JPN"", ""OrgDesc"": ""Japan"", ""Name"": ""SUYAMA Haruki"", ""Order"": 2, ""BirthDate"": ""1998-03-09""}]",跳水,2026-09-26,official_medal_record
JPN|DIV|M.3M----------------.----|ME_BRONZE|3794908,JPN,ME_BRONZE,DIV,Diving,M.3M----------------.----,Men's 3m Springboard,A,SAKAI Sho,3794908,2026-09-29,M,[],跳水,2026-09-29,official_medal_record
JPN|DIV|W.3M----------------.----|ME_BRONZE|3794649,JPN,ME_BRONZE,DIV,Diving,W.3M----------------.----,Women's 3m Springboard,A,MIKAMI Sayaka,3794649,2026-09-30,W,[],跳水,2026-09-30,official_medal_record
JPN|ELS|O.PKU---------------.FNL-|ME_GOLD|ELSOPKU--------JPN01,JPN,ME_GOLD,ELS,Esports,O.PKU---------------.FNL-,Pokemon UNITE Finals,T,Japan,ELSOPKU--------JPN01,2026-09-27,O,"[{""Reg"": ""1328341"", ""Bib"": """", ""Org"": ""JPN"", ""OrgDesc"": ""Japan"", ""Name"": ""SATO Hiroki"", ""Order"": 1, ""BirthDate"": ""2001-03-07""}, {""Reg"": ""1329210"", ""Bib"": """", ""Org"": ""JPN"", ""OrgDesc"": ""Japan"", ""Name"": ""TAKADA Shouki"", ""Order"": 2, ""BirthDate"": ""2005-10-07""}, {""Reg"": ""1329402"", ""Bib"": """", ""Org"": ""JPN"", ""OrgDesc"": ""Japan"", ""Name"": ""SHIRAKAWA Mashika"", ""Order"": 3, ""BirthDate"": ""2007-09-23""}, {""Reg"": ""1329549"", ""Bib"": """", ""Org"": ""JPN"", ""OrgDesc"": ""Japan"", ""Name"": ""TOBA Koto"", ""Order"": 4, ""BirthDate"": ""2007-12-06""}, {""Reg"": ""1330262"", ""Bib"": """", ""Org"": ""JPN"", ""OrgDesc"": ""Japan"", ""Name"": ""HIGASHI Renta"", ""Order"": 5, ""BirthDate"": ""2009-09-21""}, {""Reg"": ""1330581"", ""Bib"": """", ""Org"": ""JPN"", ""OrgDesc"": ""Japan"", ""Name"": ""KOSEKO Yudai"", ""Order"": 6, ""BirthDate"": ""2000-05-25""}]",电子竞技,2026-09-27,official_medal_record
JPN|ELS|O.PYO---------------.FNL-|ME_GOLD|1332684,JPN,ME_GOLD,ELS,Esports,O.PYO---------------.FNL-,Puyo Puyo Champions Finals,A,KURIHARA Yuki,1332684,2026-09-26,M,[],电子竞技,2026-09-26,official_medal_record
JPN|ELS|O.FTG---------------.FNL-|ME_SILVER|ELSOFTG--------JPN01,JPN,ME_SILVER,ELS,Esports,O.FTG---------------.FNL-,"Fighting Games [Street Fighter 6, TEKKEN™ 8, THE KING OF FIGHTERS XV] Finals",T,Japan,ELSOFTG--------JPN01,2026-09-26,O,"[{""Reg"": ""1329728"", ""Bib"": """", ""Org"": ""JPN"", ""OrgDesc"": ""Japan"", ""Name"": ""HIGUCHI Kojiro"", ""Order"": 1, ""BirthDate"": ""2001-09-14""}, {""Reg"": ""1332552"", ""Bib"": """", ""Org"": ""JPN"", ""OrgDesc"": ""Japan"", ""Name"": ""NAKAYAMA Daichi"", ""Order"": 2, ""BirthDate"": ""1991-01-25""}, {""Reg"": ""1335283"", ""Bib"": """", ""Org"": ""JPN"", ""OrgDesc"": ""Japan"", ""Name"": ""SAWADA Akihito"", ""Order"": 3, ""BirthDate"": ""1983-09-16""}]",电子竞技,2026-09-26,official_medal_record
JPN|ELS|O.IDV---------------.FNL-|ME_SILVER|ELSOIDV--------JPN01,JPN,ME_SILVER,ELS,Esports,O.IDV---------------.FNL-,Identity V - Asian Games Version Finals,T,Japan,ELSOIDV--------JPN01,2026-09-30,O,"[{""Reg"": ""12067191"", ""Bib"": """", ""Org"": ""JPN"", ""OrgDesc"": ""Japan"", ""Name"": ""KAMIYA Ryo"", ""Order"": 1, ""BirthDate"": ""1999-06-03""}, {""Reg"": ""1327961"", ""Bib"": """", ""Org"": ""JPN"", ""OrgDesc"": ""Japan"", ""Name"": ""AWATA Yuto"", ""Order"": 2, ""BirthDate"": ""2003-01-03""}, {""Reg"": ""1331887"", ""Bib"": """", ""Org"": ""JPN"", ""OrgDesc"": ""Japan"", ""Name"": ""KONUMA Masumi"", ""Order"": 3, ""BirthDate"": ""1998-03-23""}, {""Reg"": ""1332133"", ""Bib"": """", ""Org"": ""JPN"", ""OrgDesc"": ""Japan"", ""Name"": ""UEMURA Masahiro"", ""Order"": 4, ""BirthDate"": ""2003-05-11""}, {""Reg"": ""1333924"", ""Bib"": """", ""Org"": ""JPN"", ""OrgDesc"": ""Japan"", ""Name"": ""OYAMA Ryuhi"", ""Order"": 5, ""BirthDate"": ""2007-02-03""}, {""Reg"": ""1334651"", ""Bib"": """", ""Org"": ""JPN"", ""OrgDesc"": ""Japan"", ""Name"": ""MAEDA Kentaro"", ""Order"": 6, ""BirthDate"": ""1998-07-22""}, {""Reg"": ""1335419"", ""Bib"": """", ""Org"": ""JPN"", ""OrgDesc"": ""Japan"", ""Name"": ""UENAKA Masaki"", ""Order"": 7, ""BirthDate"": ""2007-11-28""}]",电子竞技,2026-09-30,official_medal_record
JPN|ELS|O.EFB---------------.FNL-|ME_BRONZE|ELSOEFB--------JPN01,JPN,ME_BRONZE,ELS,Esports,O.EFB---------------.FNL-,eFootball™ Finals,T,Japan,ELSOEFB--------JPN01,2026-09-23,O,"[{""Reg"": ""1328749"", ""Bib"": """", ""Org"": ""JPN"", ""OrgDesc"": ""Japan"", ""Name"": ""KIDA Ekuya"", ""Order"": 1, ""BirthDate"": ""2002-08-25""}, {""Reg"": ""1332353"", ""Bib"": """", ""Org"": ""JPN"", ""OrgDesc"": ""Japan"", ""Name"": ""CHATANI Yuga"", ""Order"": 2, ""BirthDate"": ""2007-03-06""}]",电子竞技,2026-09-23,official_medal_record
JPN|EQU|O.EVENTEAM----------.----|ME_SILVER|EQUOEVENTEAM---JPN01,JPN,ME_SILVER,EQU,Equestrian,O.EVENTEAM----------.----,Eventing Team,T,Japan,EQUOEVENTEAM---JPN01,2026-09-23,O,"[{""Reg"": ""1745504"", ""Bib"": """", ""Org"": ""JPN"", ""OrgDesc"": ""Japan"", ""Name"": ""TANAKA Toshiyuki"", ""Order"": 1, ""BirthDate"": ""1985-02-02""}, {""Reg"": ""1746513"", ""Bib"": """", ""Org"": ""JPN"", ""OrgDesc"": ""Japan"", ""Name"": ""MURATA Ryo"", ""Order"": 2, ""BirthDate"": ""1995-10-31""}, {""Reg"": ""1745400"", ""Bib"": """", ""Org"": ""JPN"", ""OrgDesc"": ""Japan"", ""Name"": ""TOMOTO Kazuma"", ""Order"": 3, ""BirthDate"": ""1983-06-05""}, {""Reg"": ""1746057"", ""Bib"": """", ""Org"": ""JPN"", ""OrgDesc"": ""Japan"", ""Name"": ""OIWA Yoshiaki"", ""Order"": 4, ""BirthDate"": ""1976-07-19""}]",马术,2026-09-23,official_medal_record
JPN|EQU|O.DRESTEAM----------.----|ME_BRONZE|EQUODRESTEAM---JPN01,JPN,ME_BRONZE,EQU,Equestrian,O.DRESTEAM----------.----,Dressage Team,T,Japan,EQUODRESTEAM---JPN01,2026-09-25,O,"[{""Reg"": ""1033404"", ""Bib"": """", ""Org"": ""JPN"", ""OrgDesc"": ""Japan"", ""Name"": ""HAYASHI Shingo"", ""Order"": 1, ""BirthDate"": ""1985-01-25""}, {""Reg"": ""1034144"", ""Bib"": """", ""Org"": ""JPN"", ""OrgDesc"": ""Japan"", ""Name"": ""HIEDA Ryuma"", ""Order"": 2, ""BirthDate"": ""1978-02-08""}, {""Reg"": ""1742089"", ""Bib"": """", ""Org"": ""JPN"", ""OrgDesc"": ""Japan"", ""Name"": ""YONEMOTO Akiko"", ""Order"": 3, ""BirthDate"": ""1977-07-11""}, {""Reg"": ""1742509"", ""Bib"": """", ""Org"": ""JPN"", ""OrgDesc"": ""Japan"", ""Name"": ""NISHIWAKI Fumiyasu"", ""Order"": 4, ""BirthDate"": ""1986-04-06""}]",马术,2026-09-25,official_medal_record
JPN|EQU|O.EVENINDV----------.----|ME_BRONZE|1746057,JPN,ME_BRONZE,EQU,Equestrian,O.EVENINDV----------.----,Eventing Individual,A,OIWA Yoshiaki,1746057,2026-09-23,M,[],马术,2026-09-23,official_medal_record
JPN|EQU|O.JUMPTEAM----------.----|ME_BRONZE|EQUOJUMPTEAM---JPN01,JPN,ME_BRONZE,EQU,Equestrian,O.JUMPTEAM----------.----,Jumping Team,T,Japan,EQUOJUMPTEAM---JPN01,2026-10-01,O,"[{""Reg"": ""1748098"", ""Bib"": """", ""Org"": ""JPN"", ""OrgDesc"": ""Japan"", ""Name"": ""SUGITANI Taizo"", ""Order"": 2, ""BirthDate"": ""1976-06-27""}, {""Reg"": ""1745153"", ""Bib"": """", ""Org"": ""JPN"", ""OrgDesc"": ""Japan"", ""Name"": ""SAITO Koki"", ""Order"": 3, ""BirthDate"": ""1989-09-16""}, {""Reg"": ""1745296"", ""Bib"": """", ""Org"": ""JPN"", ""OrgDesc"": ""Japan"", ""Name"": ""SATO Eiken"", ""Order"": 4, ""BirthDate"": ""1986-01-08""}]",马术,2026-10-01,official_medal_record
JPN|FBL|W.TEAM11------------.----|ME_GOLD|FBLWTEAM11-----JPN01,JPN,ME_GOLD,FBL,Football,W.TEAM11------------.----,Women,T,Japan,FBLWTEAM11-----JPN01,2026-10-02,W,"[{""Reg"": ""12054373"", ""Bib"": ""1"", ""Org"": ""JPN"", ""OrgDesc"": ""Japan"", ""Name"": ""ASANO Natsumi"", ""Order"": 1, ""BirthDate"": ""1997-04-14""}, {""Reg"": ""12049015"", ""Bib"": ""2"", ""Org"": ""JPN"", ""OrgDesc"": ""Japan"", ""Name"": ""SUZUKI Sumire"", ""Order"": 2, ""BirthDate"": ""2004-01-24""}, {""Reg"": ""12050523"", ""Bib"": ""3"", ""Org"": ""JPN"", ""OrgDesc"": ""Japan"", ""Name"": ""OHASHI Sakurako"", ""Order"": 3, ""BirthDate"": ""2004-04-08""}, {""Reg"": ""12051600"", ""Bib"": ""4"", ""Org"": ""JPN"", ""OrgDesc"": ""Japan"", ""Name"": ""GOTO Wakaba"", ""Order"": 4, ""BirthDate"": ""2001-06-04""}, {""Reg"": ""12050307"", ""Bib"": ""5"", ""Org"": ""JPN"", ""OrgDesc"": ""Japan"", ""Name"": ""SENO Yuki"", ""Order"": 5, ""BirthDate"": ""1996-12-30""}, {""Reg"": ""12047799"", ""Bib"": ""6"", ""Org"": ""JPN"", ""OrgDesc"": ""Japan"", ""Name"": ""YANASE Funa"", ""Order"": 6, ""BirthDate"": ""2002-06-06""}, {""Reg"": ""12049782"", ""Bib"": ""7"", ""Org"": ""JPN"", ""OrgDesc"": ""Japan"", ""Name"": ""HAMADA Megu"", ""Order"": 7, ""BirthDate"": ""2000-12-27""}, {""Reg"": ""12053227"", ""Bib"": ""8"", ""Org"": ""JPN"", ""OrgDesc"": ""Japan"", ""Name"": ""SAKAKIBARA Kotono"", ""Order"": 8, ""BirthDate"": ""2004-10-11""}, {""Reg"": ""6666774"", ""Bib"": ""9"", ""Org"": ""JPN"", ""OrgDesc"": ""Japan"", ""Name"": ""UENO Mami"", ""Order"": 9, ""BirthDate"": ""1996-09-27""}, {""Reg"": ""6667071"", ""Bib"": ""10"", ""Org"": ""JPN"", ""OrgDesc"": ""Japan"", ""Name"": ""NARUMIYA Yui"", ""Order"": 10, ""BirthDate"": ""1995-02-22""}, {""Reg"": ""12047500"", ""Bib"": ""11"", ""Org"": ""JPN"", ""OrgDesc"": ""Japan"", ""Name"": ""KAMIYA Chiina"", ""Order"": 11, ""BirthDate"": ""2001-03-19""}, {""Reg"": ""12051400"", ""Bib"": ""12"", ""Org"": ""JPN"", ""OrgDesc"": ""Japan"", ""Name"": ""FUKUDA Shiori"", ""Order"": 12, ""BirthDate"": ""2002-06-13""}, {""Reg"": ""12049647"", ""Bib"": ""13"", ""Org"": ""JPN"", ""OrgDesc"": ""Japan"", ""Name"": ""KUWAHARA Ai"", ""Order"": 13, ""BirthDate"": ""2004-08-18""}, {""Reg"": ""12054970"", ""Bib"": ""14"", ""Org"": ""JPN"", ""OrgDesc"": ""Japan"", ""Name"": ""SHIOKOSHI Yuzuho"", ""Order"": 14, ""BirthDate"": ""1997-11-01""}, {""Reg"": ""12046737"", ""Bib"": ""15"", ""Org"": ""JPN"", ""OrgDesc"": ""Japan"", ""Name"": ""ITO Juri"", ""Order"": 15, ""BirthDate"": ""2002-10-02""}, {""Reg"": ""12050176"", ""Bib"": ""16"", ""Org"": ""JPN"", ""OrgDesc"": ""Japan"", ""Name"": ""IKUTA Nanasa"", ""Order"": 16, ""BirthDate"": ""2003-09-24""}, {""Reg"": ""12055219"", ""Bib"": ""17"", ""Org"": ""JPN"", ""OrgDesc"": ""Japan"", ""Name"": ""TAKARADA Saori"", ""Order"": 17, ""BirthDate"": ""1999-12-27""}, {""Reg"": ""12046984"", ""Bib"": ""18"", ""Org"": ""JPN"", ""OrgDesc"": ""Japan"", ""Name"": ""YUMURA Hikaru"", ""Order"": 18, ""BirthDate"": ""1997-10-18""}, {""Reg"": ""12049514"", ""Bib"": ""19"", ""Org"": ""JPN"", ""OrgDesc"": ""Japan"", ""Name"": ""MIZUNO Fukina"", ""Order"": 19, ""BirthDate"": ""2001-01-31""}, {""Reg"": ""12049368"", ""Bib"": ""20"", ""Org"": ""JPN"", ""OrgDesc"": ""Japan"", ""Name"": ""TSUJISAWA Ai"", ""Order"": 20, ""BirthDate"": ""2005-12-17""}, {""Reg"": ""12050056"", ""Bib"": ""21"", ""Org"": ""JPN"", ""OrgDesc"": ""Japan"", ""Name"": ""NISHIO Hanon"", ""Order"": 21, ""BirthDate"": ""2003-04-27""}, {""Reg"": ""12051736"", ""Bib"": ""22"", ""Org"": ""JPN"", ""OrgDesc"": ""Japan"", ""Name"": ""NAKASHIMA Yoshino"", ""Order"": 22, ""BirthDate"": ""1999-07-27""}, {""Reg"": ""12053026"", ""Bib"": ""23"", ""Org"": ""JPN"", ""OrgDesc"": ""Japan"", ""Name"": ""OHBA Shu"", ""Order"": 23, ""BirthDate"": ""2002-07-11""}]",足球,2026-10-02,official_medal_record
JPN|FBL|M.TEAM11------------.----|ME_SILVER|FBLMTEAM11-----JPN01,JPN,ME_SILVER,FBL,Football,M.TEAM11------------.----,Men,T,Japan,FBLMTEAM11-----JPN01,2026-10-03,M,"[{""Reg"": ""6631535"", ""Bib"": ""1"", ""Org"": ""JPN"", ""OrgDesc"": ""Japan"", ""Name"": ""PISANO Alexandre"", ""Order"": 1, ""BirthDate"": ""2006-01-10""}, {""Reg"": ""6632718"", ""Bib"": ""2"", ""Org"": ""JPN"", ""OrgDesc"": ""Japan"", ""Name"": ""UMEKI Rei"", ""Order"": 2, ""BirthDate"": ""2005-08-25""}, {""Reg"": ""12114992"", ""Bib"": ""3"", ""Org"": ""JPN"", ""OrgDesc"": ""Japan"", ""Name"": ""KOSUGI Keita"", ""Order"": 3, ""BirthDate"": ""2006-03-18""}, {""Reg"": ""12112722"", ""Bib"": ""4"", ""Org"": ""JPN"", ""OrgDesc"": ""Japan"", ""Name"": ""TSUCHIYA Kaito"", ""Order"": 4, ""BirthDate"": ""2006-05-12""}, {""Reg"": ""12117277"", ""Bib"": ""5"", ""Org"": ""JPN"", ""OrgDesc"": ""Japan"", ""Name"": ""ICHIHARA Rion"", ""Order"": 5, ""BirthDate"": ""2005-07-07""}, {""Reg"": ""12112869"", ""Bib"": ""6"", ""Org"": ""JPN"", ""OrgDesc"": ""Japan"", ""Name"": ""NAGANO Shuto"", ""Order"": 6, ""BirthDate"": ""2006-04-15""}, {""Reg"": ""6629879"", ""Bib"": ""7"", ""Org"": ""JPN"", ""OrgDesc"": ""Japan"", ""Name"": ""ISHIWATARI Nelson"", ""Order"": 7, ""BirthDate"": ""2005-05-10""}, {""Reg"": ""12109338"", ""Bib"": ""8"", ""Org"": ""JPN"", ""OrgDesc"": ""Japan"", ""Name"": ""YASUDA Kenshin"", ""Order"": 8, ""BirthDate"": ""2005-03-05""}, {""Reg"": ""12104243"", ""Bib"": ""9"", ""Org"": ""JPN"", ""OrgDesc"": ""Japan"", ""Name"": ""MICHIWAKI Yutaka"", ""Order"": 9, ""BirthDate"": ""2006-04-05""}, {""Reg"": ""6629317"", ""Bib"": ""10"", ""Org"": ""JPN"", ""OrgDesc"": ""Japan"", ""Name"": ""ISHII Hisatsugu"", ""Order"": 10, ""BirthDate"": ""2005-07-07""}, {""Reg"": ""6627811"", ""Bib"": ""11"", ""Org"": ""JPN"", ""OrgDesc"": ""Japan"", ""Name"": ""YOKOYAMA Yumeki"", ""Order"": 11, ""BirthDate"": ""2005-09-23""}, {""Reg"": ""12116602"", ""Bib"": ""12"", ""Org"": ""JPN"", ""OrgDesc"": ""Japan"", ""Name"": ""KOBAYASHI Masataka"", ""Order"": 12, ""BirthDate"": ""2005-09-20""}, {""Reg"": ""12106609"", ""Bib"": ""13"", ""Org"": ""JPN"", ""OrgDesc"": ""Japan"", ""Name"": ""FURUYA Shusuke"", ""Order"": 13, ""BirthDate"": ""2005-01-26""}, {""Reg"": ""6632551"", ""Bib"": ""14"", ""Org"": ""JPN"", ""OrgDesc"": ""Japan"", ""Name"": ""OZEKI Yuto"", ""Order"": 14, ""BirthDate"": ""2005-02-06""}, {""Reg"": ""12111907"", ""Bib"": ""15"", ""Org"": ""JPN"", ""OrgDesc"": ""Japan"", ""Name"": ""MORI Soichiro"", ""Order"": 15, ""BirthDate"": ""2007-06-29""}, {""Reg"": ""12107405"", ""Bib"": ""16"", ""Org"": ""JPN"", ""OrgDesc"": ""Japan"", ""Name"": ""FUKUNAGA Yuya"", ""Order"": 16, ""BirthDate"": ""2005-08-29""}, {""Reg"": ""12108316"", ""Bib"": ""17"", ""Org"": ""JPN"", ""OrgDesc"": ""Japan"", ""Name"": ""NAKAJIMA Yotaro"", ""Order"": 17, ""BirthDate"": ""2006-04-22""}, {""Reg"": ""12110677"", ""Bib"": ""18"", ""Org"": ""JPN"", ""OrgDesc"": ""Japan"", ""Name"": ""SHIMAMOTO Yudai"", ""Order"": 18, ""BirthDate"": ""2006-10-26""}, {""Reg"": ""12104383"", ""Bib"": ""19"", ""Org"": ""JPN"", ""OrgDesc"": ""Japan"", ""Name"": ""NWADIKE Uche BS"", ""Order"": 19, ""BirthDate"": ""2005-07-07""}, {""Reg"": ""12104714"", ""Bib"": ""20"", ""Org"": ""JPN"", ""OrgDesc"": ""Japan"", ""Name"": ""ISHIBASHI Sena"", ""Order"": 20, ""BirthDate"": ""2006-04-22""}, {""Reg"": ""12112049"", ""Bib"": ""21"", ""Org"": ""JPN"", ""OrgDesc"": ""Japan"", ""Name"": ""SATO Mihiro"", ""Order"": 21, ""BirthDate"": ""2007-02-26""}, {""Reg"": ""12112379"", ""Bib"": ""22"", ""Org"": ""JPN"", ""OrgDesc"": ""Japan"", ""Name"": ""OKABE Tariqkanihayato"", ""Order"": 22, ""BirthDate"": ""2006-07-05""}, {""Reg"": ""6633023"", ""Bib"": ""23"", ""Org"": ""JPN"", ""OrgDesc"": ""Japan"", ""Name"": ""ARAKI Rui"", ""Order"": 23, ""BirthDate"": ""2007-10-14""}]",足球,2026-10-03,official_medal_record
JPN|FEN|M.EPEE--------------.----|ME_GOLD|10705170,JPN,ME_GOLD,FEN,Fencing,M.EPEE--------------.----,Men's Épée Individual,A,KANO Koki,10705170,2026-09-24,M,[],击剑,2026-09-24,official_medal_record
JPN|FEN|M.FOIL--------------.----|ME_GOLD|10703343,JPN,ME_GOLD,FEN,Fencing,M.FOIL--------------.----,Men's Foil Individual,A,IIMURA Kazuki,10703343,2026-09-22,M,[],击剑,2026-09-22,official_medal_record
JPN|FEN|M.TEAMFOIL----------.----|ME_GOLD|FENMTEAMFOIL---JPN01,JPN,ME_GOLD,FEN,Fencing,M.TEAMFOIL----------.----,Men's Foil Team,T,Japan,FENMTEAMFOIL---JPN01,2026-09-25,M,"[{""Reg"": ""10701112"", ""Bib"": """", ""Org"": ""JPN"", ""OrgDesc"": ""Japan"", ""Name"": ""BABA Shunsuke"", ""Order"": 1, ""BirthDate"": ""2002-09-23""}, {""Reg"": ""10703343"", ""Bib"": """", ""Org"": ""JPN"", ""OrgDesc"": ""Japan"", ""Name"": ""IIMURA Kazuki"", ""Order"": 2, ""BirthDate"": ""2003-12-27""}, {""Reg"": ""10705378"", ""Bib"": """", ""Org"": ""JPN"", ""OrgDesc"": ""Japan"", ""Name"": ""MATSUYAMA Kyosuke"", ""Order"": 3, ""BirthDate"": ""1996-12-19""}, {""Reg"": ""10705594"", ""Bib"": """", ""Org"": ""JPN"", ""OrgDesc"": ""Japan"", ""Name"": ""SAITO Toshiya"", ""Order"": 4, ""BirthDate"": ""1997-05-29""}]",击剑,2026-09-25,official_medal_record
JPN|FEN|W.FOIL--------------.----|ME_GOLD|10704848,JPN,ME_GOLD,FEN,Fencing,W.FOIL--------------.----,Women's Foil Individual,A,UENO Yuka,10704848,2026-09-23,W,[],击剑,2026-09-23,official_medal_record
JPN|FEN|W.SABRE-------------.----|ME_GOLD|10704514,JPN,ME_GOLD,FEN,Fencing,W.SABRE-------------.----,Women's Sabre Individual,A,EMURA Misaki,10704514,2026-09-24,W,[],击剑,2026-09-24,official_medal_record
JPN|FEN|W.TEAMFOIL----------.----|ME_GOLD|FENWTEAMFOIL---JPN01,JPN,ME_GOLD,FEN,Fencing,W.TEAMFOIL----------.----,Women's Foil Team,T,Japan,FENWTEAMFOIL---JPN01,2026-09-26,W,"[{""Reg"": ""10703656"", ""Bib"": """", ""Org"": ""JPN"", ""OrgDesc"": ""Japan"", ""Name"": ""KIKUCHI Komaki"", ""Order"": 1, ""BirthDate"": ""1997-02-22""}, {""Reg"": ""10704633"", ""Bib"": """", ""Org"": ""JPN"", ""OrgDesc"": ""Japan"", ""Name"": ""TSUJI Sumire"", ""Order"": 2, ""BirthDate"": ""1999-11-29""}, {""Reg"": ""10704740"", ""Bib"": """", ""Org"": ""JPN"", ""OrgDesc"": ""Japan"", ""Name"": ""AZUMA Sera"", ""Order"": 3, ""BirthDate"": ""1999-08-20""}, {""Reg"": ""10704848"", ""Bib"": """", ""Org"": ""JPN"", ""OrgDesc"": ""Japan"", ""Name"": ""UENO Yuka"", ""Order"": 4, ""BirthDate"": ""2001-11-28""}]",击剑,2026-09-26,official_medal_record
JPN|FEN|M.TEAMSABR----------.----|ME_SILVER|FENMTEAMSABR---JPN01,JPN,ME_SILVER,FEN,Fencing,M.TEAMSABR----------.----,Men's Sabre Team,T,Japan,FENMTEAMSABR---JPN01,2026-09-26,M,"[{""Reg"": ""10702901"", ""Bib"": """", ""Org"": ""JPN"", ""OrgDesc"": ""Japan"", ""Name"": ""TSUMORI Shido"", ""Order"": 1, ""BirthDate"": ""2003-09-19""}, {""Reg"": ""10703005"", ""Bib"": """", ""Org"": ""JPN"", ""OrgDesc"": ""Japan"", ""Name"": ""KOKUBO Mao"", ""Order"": 2, ""BirthDate"": ""2003-01-08""}, {""Reg"": ""10703447"", ""Bib"": """", ""Org"": ""JPN"", ""OrgDesc"": ""Japan"", ""Name"": ""TSUBO Hayato"", ""Order"": 3, ""BirthDate"": ""2003-05-21""}, {""Reg"": ""10705057"", ""Bib"": """", ""Org"": ""JPN"", ""OrgDesc"": ""Japan"", ""Name"": ""YOSHIDA Kento"", ""Order"": 4, ""BirthDate"": ""1992-12-10""}]",击剑,2026-09-26,official_medal_record
JPN|FEN|W.TEAMSABR----------.----|ME_SILVER|FENWTEAMSABR---JPN01,JPN,ME_SILVER,FEN,Fencing,W.TEAMSABR----------.----,Women's Sabre Team,T,Japan,FENWTEAMSABR---JPN01,2026-09-27,W,"[{""Reg"": ""10701755"", ""Bib"": """", ""Org"": ""JPN"", ""OrgDesc"": ""Japan"", ""Name"": ""KANEKO Yuina"", ""Order"": 1, ""BirthDate"": ""2003-06-23""}, {""Reg"": ""10702089"", ""Bib"": """", ""Org"": ""JPN"", ""OrgDesc"": ""Japan"", ""Name"": ""SANO Yui"", ""Order"": 2, ""BirthDate"": ""2000-12-16""}, {""Reg"": ""10702188"", ""Bib"": """", ""Org"": ""JPN"", ""OrgDesc"": ""Japan"", ""Name"": ""OZAKI Seri"", ""Order"": 3, ""BirthDate"": ""2002-09-22""}, {""Reg"": ""10704514"", ""Bib"": """", ""Org"": ""JPN"", ""OrgDesc"": ""Japan"", ""Name"": ""EMURA Misaki"", ""Order"": 4, ""BirthDate"": ""1998-11-20""}]",击剑,2026-09-27,official_medal_record
JPN|FEN|M.EPEE--------------.----|ME_BRONZE|10705274,JPN,ME_BRONZE,FEN,Fencing,M.EPEE--------------.----,Men's Épée Individual,A,YAMADA Masaru,10705274,2026-09-24,M,[],击剑,2026-09-24,official_medal_record
JPN|FEN|M.FOIL--------------.----|ME_BRONZE|10705378,JPN,ME_BRONZE,FEN,Fencing,M.FOIL--------------.----,Men's Foil Individual,A,MATSUYAMA Kyosuke,10705378,2026-09-22,M,[],击剑,2026-09-22,official_medal_record
JPN|FEN|M.TEAMEPEE----------.----|ME_BRONZE|FENMTEAMEPEE---JPN01,JPN,ME_BRONZE,FEN,Fencing,M.TEAMEPEE----------.----,Men's Épée Team,T,Japan,FENMTEAMEPEE---JPN01,2026-09-27,M,"[{""Reg"": ""10704139"", ""Bib"": """", ""Org"": ""JPN"", ""OrgDesc"": ""Japan"", ""Name"": ""ASAMI Seiya"", ""Order"": 1, ""BirthDate"": ""2002-10-28""}, {""Reg"": ""10704242"", ""Bib"": """", ""Org"": ""JPN"", ""OrgDesc"": ""Japan"", ""Name"": ""MATSUMOTO Ryu"", ""Order"": 2, ""BirthDate"": ""2002-06-07""}, {""Reg"": ""10705170"", ""Bib"": """", ""Org"": ""JPN"", ""OrgDesc"": ""Japan"", ""Name"": ""KANO Koki"", ""Order"": 3, ""BirthDate"": ""1997-12-19""}, {""Reg"": ""10705274"", ""Bib"": """", ""Org"": ""JPN"", ""OrgDesc"": ""Japan"", ""Name"": ""YAMADA Masaru"", ""Order"": 4, ""BirthDate"": ""1994-06-14""}]",击剑,2026-09-27,official_medal_record
JPN|FEN|W.EPEE--------------.----|ME_BRONZE|10703930,JPN,ME_BRONZE,FEN,Fencing,W.EPEE--------------.----,Women's Épée Individual,A,TERAYAMA Tamaki,10703930,2026-09-22,W,[],击剑,2026-09-22,official_medal_record
JPN|GAR|W.1AA---------------.----|ME_GOLD|11011307,JPN,ME_GOLD,GAR,Artistic Gymnastics,W.1AA---------------.----,Women's All-Around,A,SUGIHARA Aiko,11011307,2026-09-22,W,[],竞技体操,2026-09-22,official_medal_record
JPN|GAR|W.1APFX-------------.----|ME_GOLD|11011307,JPN,ME_GOLD,GAR,Artistic Gymnastics,W.1APFX-------------.----,Women's Floor Exercise,A,SUGIHARA Aiko,11011307,2026-09-25,W,[],竞技体操,2026-09-25,official_medal_record
JPN|GAR|M.1AA---------------.----|ME_SILVER|10982264,JPN,ME_SILVER,GAR,Artistic Gymnastics,M.1AA---------------.----,Men's All-Around,A,OKA Shinnosuke,10982264,2026-09-21,M,[],竞技体操,2026-09-21,official_medal_record
JPN|GAR|M.1APHB-------------.----|ME_SILVER|10982264,JPN,ME_SILVER,GAR,Artistic Gymnastics,M.1APHB-------------.----,Men's Horizontal Bar,A,OKA Shinnosuke,10982264,2026-09-25,M,[],竞技体操,2026-09-25,official_medal_record
JPN|GAR|M.1APPB-------------.----|ME_SILVER|10982264,JPN,ME_SILVER,GAR,Artistic Gymnastics,M.1APPB-------------.----,Men's Parallel Bars,A,OKA Shinnosuke,10982264,2026-09-25,M,[],竞技体操,2026-09-25,official_medal_record
JPN|GAR|M.1APSR-------------.----|ME_SILVER|10980777,JPN,ME_SILVER,GAR,Artistic Gymnastics,M.1APSR-------------.----,Men's Rings,A,KANETA Kiichi,10980777,2026-09-24,M,[],竞技体操,2026-09-24,official_medal_record
JPN|GAR|M.TEAM--------------.----|ME_SILVER|GARMTEAM-------JPN01,JPN,ME_SILVER,GAR,Artistic Gymnastics,M.TEAM--------------.----,Men's Team,T,Japan,GARMTEAM-------JPN01,2026-09-23,M,"[{""Reg"": ""10975308"", ""Bib"": ""114"", ""Org"": ""JPN"", ""OrgDesc"": ""Japan"", ""Name"": ""TSUNOGAI Tomoharu"", ""Order"": 1, ""BirthDate"": ""2006-04-22""}, {""Reg"": ""10979240"", ""Bib"": ""115"", ""Org"": ""JPN"", ""OrgDesc"": ""Japan"", ""Name"": ""TSUKIYAMA Shoma"", ""Order"": 2, ""BirthDate"": ""2003-04-21""}, {""Reg"": ""10980777"", ""Bib"": ""116"", ""Org"": ""JPN"", ""OrgDesc"": ""Japan"", ""Name"": ""KANETA Kiichi"", ""Order"": 3, ""BirthDate"": ""2001-11-12""}, {""Reg"": ""10982264"", ""Bib"": ""117"", ""Org"": ""JPN"", ""OrgDesc"": ""Japan"", ""Name"": ""OKA Shinnosuke"", ""Order"": 4, ""BirthDate"": ""2003-10-31""}, {""Reg"": ""10983950"", ""Bib"": ""118"", ""Org"": ""JPN"", ""OrgDesc"": ""Japan"", ""Name"": ""HASHIMOTO Daiki"", ""Order"": 5, ""BirthDate"": ""2001-08-07""}]",竞技体操,2026-09-23,official_medal_record
JPN|GAR|W.1APFX-------------.----|ME_SILVER|11006544,JPN,ME_SILVER,GAR,Artistic Gymnastics,W.1APFX-------------.----,Women's Floor Exercise,A,NISHIYAMA Misa,11006544,2026-09-25,W,[],竞技体操,2026-09-25,official_medal_record
JPN|GAR|W.1APUB-------------.----|ME_SILVER|11006544,JPN,ME_SILVER,GAR,Artistic Gymnastics,W.1APUB-------------.----,Women's Uneven Bars,A,NISHIYAMA Misa,11006544,2026-09-24,W,[],竞技体操,2026-09-24,official_medal_record
JPN|GAR|W.TEAM--------------.----|ME_SILVER|GARWTEAM-------JPN01,JPN,ME_SILVER,GAR,Artistic Gymnastics,W.TEAM--------------.----,Women's Team,T,Japan,GARWTEAM-------JPN01,2026-09-23,W,"[{""Reg"": ""11006544"", ""Bib"": ""511"", ""Org"": ""JPN"", ""OrgDesc"": ""Japan"", ""Name"": ""NISHIYAMA Misa"", ""Order"": 1, ""BirthDate"": ""2010-09-07""}, {""Reg"": ""11007879"", ""Bib"": ""512"", ""Org"": ""JPN"", ""OrgDesc"": ""Japan"", ""Name"": ""NAKAMURA Haruka"", ""Order"": 2, ""BirthDate"": ""2008-05-18""}, {""Reg"": ""11009370"", ""Bib"": ""513"", ""Org"": ""JPN"", ""OrgDesc"": ""Japan"", ""Name"": ""KISHI Rina"", ""Order"": 3, ""BirthDate"": ""2007-09-23""}, {""Reg"": ""11010964"", ""Bib"": ""514"", ""Org"": ""JPN"", ""OrgDesc"": ""Japan"", ""Name"": ""OKAMURA Mana"", ""Order"": 4, ""BirthDate"": ""2005-05-28""}, {""Reg"": ""11011307"", ""Bib"": ""515"", ""Org"": ""JPN"", ""OrgDesc"": ""Japan"", ""Name"": ""SUGIHARA Aiko"", ""Order"": 5, ""BirthDate"": ""1999-09-19""}]",竞技体操,2026-09-23,official_medal_record
JPN|GAR|M.1AA---------------.----|ME_BRONZE|10983950,JPN,ME_BRONZE,GAR,Artistic Gymnastics,M.1AA---------------.----,Men's All-Around,A,HASHIMOTO Daiki,10983950,2026-09-21,M,[],竞技体操,2026-09-21,official_medal_record
JPN|GAR|M.1APFX-------------.----|ME_BRONZE|10979240,JPN,ME_BRONZE,GAR,Artistic Gymnastics,M.1APFX-------------.----,Men's Floor Exercise,A,TSUKIYAMA Shoma,10979240,2026-09-24,M,[],竞技体操,2026-09-24,official_medal_record
JPN|GAR|M.1APPH-------------.----|ME_BRONZE|10983950,JPN,ME_BRONZE,GAR,Artistic Gymnastics,M.1APPH-------------.----,Men's Pommel Horse,A,HASHIMOTO Daiki,10983950,2026-09-24,M,[],竞技体操,2026-09-24,official_medal_record
JPN|GAR|W.1AA---------------.----|ME_BRONZE|11006544,JPN,ME_BRONZE,GAR,Artistic Gymnastics,W.1AA---------------.----,Women's All-Around,A,NISHIYAMA Misa,11006544,2026-09-22,W,[],竞技体操,2026-09-22,official_medal_record
JPN|GAR|W.1APBB-------------.----|ME_BRONZE|11010964,JPN,ME_BRONZE,GAR,Artistic Gymnastics,W.1APBB-------------.----,Women's Balance Beam,A,OKAMURA Mana,11010964,2026-09-25,W,[],竞技体操,2026-09-25,official_medal_record
JPN|GLF|M.STROKE------------.FNL-|ME_SILVER|14728852,JPN,ME_SILVER,GLF,Golf,M.STROKE------------.FNL-,Men's Individual Stroke Play,A,HIGA Kazuki,14728852,2026-10-03,M,[],高尔夫球,2026-10-03,official_medal_record
JPN|GLF|M.TEAM--------------.FNL-|ME_BRONZE|GLFMTEAM-------JPN01,JPN,ME_BRONZE,GLF,Golf,M.TEAM--------------.FNL-,Men's Team,T,Japan,GLFMTEAM-------JPN01,2026-10-03,M,"[{""Reg"": ""14728852"", ""Bib"": """", ""Org"": ""JPN"", ""OrgDesc"": ""Japan"", ""Name"": ""HIGA Kazuki"", ""Order"": 1, ""BirthDate"": ""1995-04-23""}, {""Reg"": ""14728989"", ""Bib"": """", ""Org"": ""JPN"", ""OrgDesc"": ""Japan"", ""Name"": ""MOTO Taishi"", ""Order"": 2, ""BirthDate"": ""2005-08-17""}, {""Reg"": ""14729312"", ""Bib"": """", ""Org"": ""JPN"", ""OrgDesc"": ""Japan"", ""Name"": ""NAKAJIMA Keita"", ""Order"": 3, ""BirthDate"": ""2000-06-24""}]",高尔夫球,2026-10-03,official_medal_record
JPN|GRY|W.5AA---------------.FNL-|ME_SILVER|GRYW5AA--------JPN01,JPN,ME_SILVER,GRY,Rhythmic Gymnastics,W.5AA---------------.FNL-,Group All-Around Final,T,Japan,GRYW5AA--------JPN01,2026-10-03,W,"[{""Reg"": ""7040293"", ""Bib"": """", ""Org"": ""JPN"", ""OrgDesc"": ""Japan"", ""Name"": ""TANAKA Yuna"", ""Order"": 1, ""BirthDate"": ""2009-03-09""}, {""Reg"": ""7040599"", ""Bib"": """", ""Org"": ""JPN"", ""OrgDesc"": ""Japan"", ""Name"": ""HANAMURA Natsumi"", ""Order"": 2, ""BirthDate"": ""2008-07-12""}, {""Reg"": ""7040749"", ""Bib"": """", ""Org"": ""JPN"", ""OrgDesc"": ""Japan"", ""Name"": ""TANABE Kaseno"", ""Order"": 3, ""BirthDate"": ""2006-07-18""}, {""Reg"": ""7041057"", ""Bib"": """", ""Org"": ""JPN"", ""OrgDesc"": ""Japan"", ""Name"": ""TAGUCHI Hisano"", ""Order"": 4, ""BirthDate"": ""2006-09-15""}, {""Reg"": ""7041317"", ""Bib"": """", ""Org"": ""JPN"", ""OrgDesc"": ""Japan"", ""Name"": ""NISHIMOTO Megumi"", ""Order"": 5, ""BirthDate"": ""2007-09-26""}]",艺术体操,2026-10-03,official_medal_record
JPN|GTR|W.1TRA--------------.----|ME_GOLD|10409284,JPN,ME_GOLD,GTR,Trampoline Gymnastics,W.1TRA--------------.----,Women,A,MORI Hikaru,10409284,2026-09-27,W,[],蹦床,2026-09-27,official_medal_record
JPN|GTR|W.1TRA--------------.----|ME_SILVER|10409179,JPN,ME_SILVER,GTR,Trampoline Gymnastics,W.1TRA--------------.----,Women,A,UYAMA Megu,10409179,2026-09-27,W,[],蹦床,2026-09-27,official_medal_record
JPN|HBL|W.TEAM7-------------.----|ME_SILVER|HBLWTEAM7------JPN01,JPN,ME_SILVER,HBL,Handball,W.TEAM7-------------.----,Women,T,Japan,HBLWTEAM7------JPN01,2026-09-27,W,"[{""Reg"": ""905263"", ""Bib"": ""3"", ""Org"": ""JPN"", ""OrgDesc"": ""Japan"", ""Name"": ""HATSUMI Miyako"", ""Order"": 1, ""BirthDate"": ""1997-09-10""}, {""Reg"": ""908256"", ""Bib"": ""5"", ""Org"": ""JPN"", ""OrgDesc"": ""Japan"", ""Name"": ""KINJO Arisa"", ""Order"": 2, ""BirthDate"": ""1999-12-08""}, {""Reg"": ""907812"", ""Bib"": ""13"", ""Org"": ""JPN"", ""OrgDesc"": ""Japan"", ""Name"": ""NAKAYAMA Kaho"", ""Order"": 3, ""BirthDate"": ""1998-10-23""}, {""Reg"": ""906307"", ""Bib"": ""19"", ""Org"": ""JPN"", ""OrgDesc"": ""Japan"", ""Name"": ""SAHARA Naoko"", ""Order"": 4, ""BirthDate"": ""1996-01-18""}, {""Reg"": ""901927"", ""Bib"": ""21"", ""Org"": ""JPN"", ""OrgDesc"": ""Japan"", ""Name"": ""WADA Kaoru"", ""Order"": 5, ""BirthDate"": ""2001-05-08""}, {""Reg"": ""908060"", ""Bib"": ""23"", ""Org"": ""JPN"", ""OrgDesc"": ""Japan"", ""Name"": ""AIZAWA Natsuki"", ""Order"": 6, ""BirthDate"": ""1999-01-06""}, {""Reg"": ""907327"", ""Bib"": ""27"", ""Org"": ""JPN"", ""OrgDesc"": ""Japan"", ""Name"": ""FUJITA Asuka"", ""Order"": 7, ""BirthDate"": ""1996-02-14""}, {""Reg"": ""908440"", ""Bib"": ""30"", ""Org"": ""JPN"", ""OrgDesc"": ""Japan"", ""Name"": ""KAMETANI Sakura"", ""Order"": 8, ""BirthDate"": ""1987-01-07""}, {""Reg"": ""908582"", ""Bib"": ""32"", ""Org"": ""JPN"", ""OrgDesc"": ""Japan"", ""Name"": ""SASAKI Haruno"", ""Order"": 8, ""BirthDate"": ""1995-02-26""}, {""Reg"": ""902845"", ""Bib"": ""37"", ""Org"": ""JPN"", ""OrgDesc"": ""Japan"", ""Name"": ""MATSUURA Minami"", ""Order"": 9, ""BirthDate"": ""2002-01-26""}, {""Reg"": ""7889874"", ""Bib"": ""39"", ""Org"": ""JPN"", ""OrgDesc"": ""Japan"", ""Name"": ""GRAY Clare"", ""Order"": 10, ""BirthDate"": ""1997-06-03""}, {""Reg"": ""906071"", ""Bib"": ""51"", ""Org"": ""JPN"", ""OrgDesc"": ""Japan"", ""Name"": ""YOSHIDOME Yuki"", ""Order"": 11, ""BirthDate"": ""1998-08-02""}, {""Reg"": ""903620"", ""Bib"": ""65"", ""Org"": ""JPN"", ""OrgDesc"": ""Japan"", ""Name"": ""NAKAO Ai"", ""Order"": 12, ""BirthDate"": ""2006-02-27""}, {""Reg"": ""907648"", ""Bib"": ""77"", ""Org"": ""JPN"", ""OrgDesc"": ""Japan"", ""Name"": ""UESHIMA Aki"", ""Order"": 13, ""BirthDate"": ""2001-07-05""}, {""Reg"": ""904456"", ""Bib"": ""84"", ""Org"": ""JPN"", ""OrgDesc"": ""Japan"", ""Name"": ""HIGA Kaede"", ""Order"": 14, ""BirthDate"": ""2003-08-27""}, {""Reg"": ""907501"", ""Bib"": ""89"", ""Org"": ""JPN"", ""OrgDesc"": ""Japan"", ""Name"": ""ISHIKAWA Sora"", ""Order"": 15, ""BirthDate"": ""2002-12-20""}]",手球,2026-09-27,official_medal_record
JPN|HBL|M.TEAM7-------------.----|ME_BRONZE|HBLMTEAM7------JPN01,JPN,ME_BRONZE,HBL,Handball,M.TEAM7-------------.----,Men,T,Japan,HBLMTEAM7------JPN01,2026-09-29,M,"[{""Reg"": ""933274"", ""Bib"": ""1"", ""Org"": ""JPN"", ""OrgDesc"": ""Japan"", ""Name"": ""NAKAMURA Takumi"", ""Order"": 1, ""BirthDate"": ""1996-08-02""}, {""Reg"": ""932450"", ""Bib"": ""5"", ""Org"": ""JPN"", ""OrgDesc"": ""Japan"", ""Name"": ""NAKATA Kota"", ""Order"": 2, ""BirthDate"": ""1999-07-07""}, {""Reg"": ""932949"", ""Bib"": ""7"", ""Org"": ""JPN"", ""OrgDesc"": ""Japan"", ""Name"": ""TSUTAYA Taiga"", ""Order"": 3, ""BirthDate"": ""2000-04-04""}, {""Reg"": ""933130"", ""Bib"": ""8"", ""Org"": ""JPN"", ""OrgDesc"": ""Japan"", ""Name"": ""SAKURAI Tomoya"", ""Order"": 4, ""BirthDate"": ""1999-10-18""}, {""Reg"": ""931886"", ""Bib"": ""14"", ""Org"": ""JPN"", ""OrgDesc"": ""Japan"", ""Name"": ""TANAKA Daisuke"", ""Order"": 5, ""BirthDate"": ""1995-11-13""}, {""Reg"": ""933788"", ""Bib"": ""15"", ""Org"": ""JPN"", ""OrgDesc"": ""Japan"", ""Name"": ""BAIG Adam"", ""Order"": 6, ""BirthDate"": ""1999-04-21""}, {""Reg"": ""932036"", ""Bib"": ""18"", ""Org"": ""JPN"", ""OrgDesc"": ""Japan"", ""Name"": ""ICHIHARA Soya"", ""Order"": 7, ""BirthDate"": ""1999-08-24""}, {""Reg"": ""933624"", ""Bib"": ""19"", ""Org"": ""JPN"", ""OrgDesc"": ""Japan"", ""Name"": ""SUGIOKA Naoki"", ""Order"": 8, ""BirthDate"": ""1994-04-18""}, {""Reg"": ""934325"", ""Bib"": ""20"", ""Org"": ""JPN"", ""OrgDesc"": ""Japan"", ""Name"": ""WATANABE Jin"", ""Order"": 9, ""BirthDate"": ""1990-01-17""}, {""Reg"": ""933901"", ""Bib"": ""21"", ""Org"": ""JPN"", ""OrgDesc"": ""Japan"", ""Name"": ""IWASHITA Yuta"", ""Order"": 10, ""BirthDate"": ""1991-06-21""}, {""Reg"": ""934147"", ""Bib"": ""23"", ""Org"": ""JPN"", ""OrgDesc"": ""Japan"", ""Name"": ""YOSHINO Tatsuki"", ""Order"": 11, ""BirthDate"": ""1994-07-13""}, {""Reg"": ""931190"", ""Bib"": ""24"", ""Org"": ""JPN"", ""OrgDesc"": ""Japan"", ""Name"": ""GOTO Hayato"", ""Order"": 12, ""BirthDate"": ""2002-11-04""}, {""Reg"": ""933423"", ""Bib"": ""27"", ""Org"": ""JPN"", ""OrgDesc"": ""Japan"", ""Name"": ""TAMAKAWA Hiroyasu"", ""Order"": 13, ""BirthDate"": ""1995-04-27""}, {""Reg"": ""932814"", ""Bib"": ""30"", ""Org"": ""JPN"", ""OrgDesc"": ""Japan"", ""Name"": ""FUJISAKA Naoki"", ""Order"": 18, ""BirthDate"": ""2002-07-01""}, {""Reg"": ""929551"", ""Bib"": ""32"", ""Org"": ""JPN"", ""OrgDesc"": ""Japan"", ""Name"": ""HASHIMOTO Akio"", ""Order"": 19, ""BirthDate"": ""1993-02-17""}, {""Reg"": ""934005"", ""Bib"": ""38"", ""Org"": ""JPN"", ""OrgDesc"": ""Japan"", ""Name"": ""MIZUMACHI Kotaro"", ""Order"": 20, ""BirthDate"": ""1995-03-13""}]",手球,2026-09-29,official_medal_record
JPN|HOC|W.TEAM11------------.----|ME_BRONZE|HOCWTEAM11-----JPN01,JPN,ME_BRONZE,HOC,Hockey,W.TEAM11------------.----,Women,T,Japan,HOCWTEAM11-----JPN01,2026-10-02,W,"[{""Reg"": ""891045"", ""Bib"": ""1"", ""Org"": ""JPN"", ""OrgDesc"": ""Japan"", ""Name"": ""TANAKA Akio"", ""Order"": 1, ""BirthDate"": ""1997-09-10""}, {""Reg"": ""891501"", ""Bib"": ""2"", ""Org"": ""JPN"", ""OrgDesc"": ""Japan"", ""Name"": ""SUZUKI Miyu"", ""Order"": 2, ""BirthDate"": ""1999-01-08""}, {""Reg"": ""890324"", ""Bib"": ""3"", ""Org"": ""JPN"", ""OrgDesc"": ""Japan"", ""Name"": ""MATSU Ikumi"", ""Order"": 3, ""BirthDate"": ""1998-09-08""}, {""Reg"": ""889582"", ""Bib"": ""4"", ""Org"": ""JPN"", ""OrgDesc"": ""Japan"", ""Name"": ""SAITO Hanami"", ""Order"": 4, ""BirthDate"": ""2004-06-05""}, {""Reg"": ""889477"", ""Bib"": ""5"", ""Org"": ""JPN"", ""OrgDesc"": ""Japan"", ""Name"": ""TATEIWA Nanako"", ""Order"": 5, ""BirthDate"": ""1999-08-31""}, {""Reg"": ""891843"", ""Bib"": ""6"", ""Org"": ""JPN"", ""OrgDesc"": ""Japan"", ""Name"": ""NISHIKORI Emi"", ""Order"": 6, ""BirthDate"": ""1993-01-09""}, {""Reg"": ""889686"", ""Bib"": ""7"", ""Org"": ""JPN"", ""OrgDesc"": ""Japan"", ""Name"": ""HORIKAWA Mayuri"", ""Order"": 7, ""BirthDate"": ""2002-12-10""}, {""Reg"": ""890782"", ""Bib"": ""8"", ""Org"": ""JPN"", ""OrgDesc"": ""Japan"", ""Name"": ""KOBAYAKAWA Shiho"", ""Order"": 8, ""BirthDate"": ""1999-04-12""}, {""Reg"": ""891635"", ""Bib"": ""9"", ""Org"": ""JPN"", ""OrgDesc"": ""Japan"", ""Name"": ""TORIYAMA Mai"", ""Order"": 9, ""BirthDate"": ""1995-04-13""}, {""Reg"": ""891270"", ""Bib"": ""10"", ""Org"": ""JPN"", ""OrgDesc"": ""Japan"", ""Name"": ""SHIMADA Amiru"", ""Order"": 10, ""BirthDate"": ""1998-06-23""}, {""Reg"": ""890927"", ""Bib"": ""11"", ""Org"": ""JPN"", ""OrgDesc"": ""Japan"", ""Name"": ""NAKAGOMI Akari"", ""Order"": 11, ""BirthDate"": ""2000-03-07""}, {""Reg"": ""889122"", ""Bib"": ""12"", ""Org"": ""JPN"", ""OrgDesc"": ""Japan"", ""Name"": ""MARUYAMA Niko"", ""Order"": 12, ""BirthDate"": ""2006-07-07""}, {""Reg"": ""890011"", ""Bib"": ""13"", ""Org"": ""JPN"", ""OrgDesc"": ""Japan"", ""Name"": ""MURAYAMA Hiroka"", ""Order"": 13, ""BirthDate"": ""2003-01-13""}, {""Reg"": ""891166"", ""Bib"": ""16"", ""Org"": ""JPN"", ""OrgDesc"": ""Japan"", ""Name"": ""TANAKA Saki"", ""Order"": 14, ""BirthDate"": ""1998-09-18""}, {""Reg"": ""890115"", ""Bib"": ""17"", ""Org"": ""JPN"", ""OrgDesc"": ""Japan"", ""Name"": ""HASEGAWA Miyu"", ""Order"": 15, ""BirthDate"": ""2001-11-20""}, {""Reg"": ""890450"", ""Bib"": ""18"", ""Org"": ""JPN"", ""OrgDesc"": ""Japan"", ""Name"": ""KUDO Yu"", ""Order"": 16, ""BirthDate"": ""1998-11-12""}, {""Reg"": ""889790"", ""Bib"": ""19"", ""Org"": ""JPN"", ""OrgDesc"": ""Japan"", ""Name"": ""UENO Maho"", ""Order"": 17, ""BirthDate"": ""2002-07-19""}, {""Reg"": ""891374"", ""Bib"": ""21"", ""Org"": ""JPN"", ""OrgDesc"": ""Japan"", ""Name"": ""TAKASHIMA Rui"", ""Order"": 18, ""BirthDate"": ""1999-11-21""}, {""Reg"": ""891740"", ""Bib"": ""23"", ""Org"": ""JPN"", ""OrgDesc"": ""Japan"", ""Name"": ""SEGAWA Maho"", ""Order"": 19, ""BirthDate"": ""1996-06-23""}, {""Reg"": ""889344"", ""Bib"": ""25"", ""Org"": ""JPN"", ""OrgDesc"": ""Japan"", ""Name"": ""KAWAGUCHI Haruka"", ""Order"": 20, ""BirthDate"": ""2003-01-21""}]",曲棍球,2026-10-02,official_medal_record
JPN|JUD|M.100KG-------------.FNL-|ME_GOLD|5923888,JPN,ME_GOLD,JUD,Judo,M.100KG-------------.FNL-,Men -100 kg Final,A,MASUCHI Ryotaro,5923888,2026-10-02,M,[],柔道,2026-10-02,official_medal_record
JPN|JUD|M.60KG--------------.FNL-|ME_GOLD|5927681,JPN,ME_GOLD,JUD,Judo,M.60KG--------------.FNL-,Men -60 kg Final,A,KONDO Hayato,5927681,2026-09-30,M,[],柔道,2026-09-30,official_medal_record
JPN|JUD|M.81KG--------------.FNL-|ME_GOLD|5923746,JPN,ME_GOLD,JUD,Judo,M.81KG--------------.FNL-,Men -81 kg Final,A,FUJIWARA Sotaro,5923746,2026-10-01,M,[],柔道,2026-10-01,official_medal_record
JPN|JUD|M.90KG--------------.FNL-|ME_GOLD|5926931,JPN,ME_GOLD,JUD,Judo,M.90KG--------------.FNL-,Men -90 kg Final,A,OKADA Riku,5926931,2026-10-02,M,[],柔道,2026-10-02,official_medal_record
JPN|JUD|W.48KG--------------.FNL-|ME_GOLD|5924285,JPN,ME_GOLD,JUD,Judo,W.48KG--------------.FNL-,Women -48 kg Final,A,KONDO Mitsuki,5924285,2026-09-30,W,[],柔道,2026-09-30,official_medal_record
JPN|JUD|W.63KG--------------.FNL-|ME_GOLD|5924722,JPN,ME_GOLD,JUD,Judo,W.63KG--------------.FNL-,Women -63 kg Final,A,TANIOKA Narumi,5924722,2026-10-01,W,[],柔道,2026-10-01,official_medal_record
JPN|JUD|W.70KG--------------.FNL-|ME_GOLD|5924932,JPN,ME_GOLD,JUD,Judo,W.70KG--------------.FNL-,Women -70 kg Final,A,MAEDA Rin,5924932,2026-10-01,W,[],柔道,2026-10-01,official_medal_record
JPN|JUD|W.78KG--------------.FNL-|ME_GOLD|5925748,JPN,ME_GOLD,JUD,Judo,W.78KG--------------.FNL-,Women -78 kg Final,A,SUGIMURA Mizuki,5925748,2026-10-02,W,[],柔道,2026-10-02,official_medal_record
JPN|JUD|X.TEAM6-------------.FNL-|ME_GOLD|JUDXTEAM6------JPN01,JPN,ME_GOLD,JUD,Judo,X.TEAM6-------------.FNL-,Mixed Team Final,T,Japan,JUDXTEAM6------JPN01,2026-10-03,X,"[{""Reg"": ""5923274"", ""Bib"": """", ""Org"": ""JPN"", ""OrgDesc"": ""Japan"", ""Name"": ""TOKUMOCHI Hidetoshi"", ""Order"": 1, ""BirthDate"": ""2002-08-11""}, {""Reg"": ""5923616"", ""Bib"": """", ""Org"": ""JPN"", ""OrgDesc"": ""Japan"", ""Name"": ""SHIRAKANE Mio"", ""Order"": 2, ""BirthDate"": ""2005-11-23""}, {""Reg"": ""5924455"", ""Bib"": """", ""Org"": ""JPN"", ""OrgDesc"": ""Japan"", ""Name"": ""ONO Moa"", ""Order"": 3, ""BirthDate"": ""2004-03-06""}, {""Reg"": ""5924722"", ""Bib"": """", ""Org"": ""JPN"", ""OrgDesc"": ""Japan"", ""Name"": ""TANIOKA Narumi"", ""Order"": 4, ""BirthDate"": ""2002-11-08""}, {""Reg"": ""5925318"", ""Bib"": """", ""Org"": ""JPN"", ""OrgDesc"": ""Japan"", ""Name"": ""MUKUNOKI Miki"", ""Order"": 5, ""BirthDate"": ""2003-06-08""}, {""Reg"": ""5925748"", ""Bib"": """", ""Org"": ""JPN"", ""OrgDesc"": ""Japan"", ""Name"": ""SUGIMURA Mizuki"", ""Order"": 6, ""BirthDate"": ""2003-11-20""}, {""Reg"": ""5926079"", ""Bib"": """", ""Org"": ""JPN"", ""OrgDesc"": ""Japan"", ""Name"": ""NAKAMURA Yuta"", ""Order"": 7, ""BirthDate"": ""2002-07-12""}, {""Reg"": ""5926260"", ""Bib"": """", ""Org"": ""JPN"", ""OrgDesc"": ""Japan"", ""Name"": ""ISHIHARA Tatsuki"", ""Order"": 8, ""BirthDate"": ""2001-06-26""}, {""Reg"": ""5926398"", ""Bib"": """", ""Org"": ""JPN"", ""OrgDesc"": ""Japan"", ""Name"": ""HATTORI Shinsei"", ""Order"": 9, ""BirthDate"": ""2004-05-13""}, {""Reg"": ""5926565"", ""Bib"": """", ""Org"": ""JPN"", ""OrgDesc"": ""Japan"", ""Name"": ""TERADA Utana"", ""Order"": 10, ""BirthDate"": ""1999-03-10""}, {""Reg"": ""5926743"", ""Bib"": """", ""Org"": ""JPN"", ""OrgDesc"": ""Japan"", ""Name"": ""OTA Hyoga"", ""Order"": 11, ""BirthDate"": ""1997-12-09""}, {""Reg"": ""5926931"", ""Bib"": """", ""Org"": ""JPN"", ""OrgDesc"": ""Japan"", ""Name"": ""OKADA Riku"", ""Order"": 12, ""BirthDate"": ""2002-05-26""}]",柔道,2026-10-03,official_medal_record
JPN|JUD|M.O100KG------------.FNL-|ME_SILVER|5926743,JPN,ME_SILVER,JUD,Judo,M.O100KG------------.FNL-,Men +100 kg Final,A,OTA Hyoga,5926743,2026-10-02,M,[],柔道,2026-10-02,official_medal_record
JPN|JUD|M.73KG--------------.FNL-|ME_BRONZE|5926260,JPN,ME_BRONZE,JUD,Judo,M.73KG--------------.FNL-,Men -73 kg Final,A,ISHIHARA Tatsuki,5926260,2026-10-01,M,[],柔道,2026-10-01,official_medal_record
JPN|JUD|W.52KG--------------.FNL-|ME_BRONZE|5923121,JPN,ME_BRONZE,JUD,Judo,W.52KG--------------.FNL-,Women -52 kg Final,A,FUJISHIRO Kokoro,5923121,2026-09-30,W,[],柔道,2026-09-30,official_medal_record
JPN|JUD|W.57KG--------------.FNL-|ME_BRONZE|5923616,JPN,ME_BRONZE,JUD,Judo,W.57KG--------------.FNL-,Women -57 kg Final,A,SHIRAKANE Mio,5923616,2026-10-01,W,[],柔道,2026-10-01,official_medal_record
JPN|JUD|W.O78KG-------------.FNL-|ME_BRONZE|5925318,JPN,ME_BRONZE,JUD,Judo,W.O78KG-------------.FNL-,Women +78 kg Final,A,MUKUNOKI Miki,5925318,2026-10-02,W,[],柔道,2026-10-02,official_medal_record
JPN|KTE|M.KATA--------------.FNL-|ME_GOLD|4155326,JPN,ME_GOLD,KTE,Karate,M.KATA--------------.FNL-,Men's Individual Kata Final,A,NISHIYAMA Kakeru,4155326,2026-09-21,M,[],空手道,2026-09-21,official_medal_record
JPN|KTE|W.KATA--------------.FNL-|ME_GOLD|4155503,JPN,ME_GOLD,KTE,Karate,W.KATA--------------.FNL-,Women's Individual Kata Final,A,ONO Maho,4155503,2026-09-20,W,[],空手道,2026-09-20,official_medal_record
JPN|KTE|M.67KG--------------.FNL-|ME_SILVER|4154865,JPN,ME_SILVER,KTE,Karate,M.67KG--------------.FNL-,Men's Kumite -67kg Final,A,KOZAKI Yugo,4154865,2026-09-21,M,[],空手道,2026-09-21,official_medal_record
JPN|KTE|W.61KG--------------.FNL-|ME_BRONZE|4154699,JPN,ME_BRONZE,KTE,Karate,W.61KG--------------.FNL-,Women's Kumite -61kg Final,A,SHIMADA Sarara,4154699,2026-09-21,W,[],空手道,2026-09-21,official_medal_record
JPN|KUR|M.81KG--------------.FNL-|ME_BRONZE|1913432,JPN,ME_BRONZE,KUR,Kurash,M.81KG--------------.FNL-,Men -81kg Final,A,OYOSHI Ken,1913432,2026-09-28,M,[],库拉什,2026-09-28,official_medal_record
JPN|KUR|W.57KG--------------.FNL-|ME_BRONZE|1912571,JPN,ME_BRONZE,KUR,Kurash,W.57KG--------------.FNL-,Women -57kg Final,A,KUROKI Natsumi,1912571,2026-09-27,W,[],库拉什,2026-09-27,official_medal_record
JPN|MMA|M.T65KG-------------.FNL-|ME_BRONZE|1506819,JPN,ME_BRONZE,MMA,Mixed Martial Arts,M.T65KG-------------.FNL-,Men's Traditional  -65kg Final,A,MURAYAMA Daisuke,1506819,2026-09-21,M,[],综合格斗,2026-09-21,official_medal_record
JPN|MPN|W.TEAM--------------.----|ME_BRONZE|JPNW,JPN,ME_BRONZE,MPN,Modern Pentathlon,W.TEAM--------------.----,Women's Team,T,Japan,JPNW,2026-09-20,W,"[{""Reg"": ""11094649"", ""Bib"": """", ""Org"": ""JPN"", ""OrgDesc"": ""Japan"", ""Name"": ""UCHIDA Misaki"", ""BirthDate"": ""1998-03-15""}, {""Reg"": ""11094072"", ""Bib"": """", ""Org"": ""JPN"", ""OrgDesc"": ""Japan"", ""Name"": ""SAITO Ayumu"", ""BirthDate"": ""1996-09-11""}, {""Reg"": ""11093823"", ""Bib"": """", ""Org"": ""JPN"", ""OrgDesc"": ""Japan"", ""Name"": ""YANO Yuho"", ""BirthDate"": ""2001-12-20""}]",现代五项,2026-09-20,official_medal_record
JPN|MTB|M.XCTRY-------------.----|ME_SILVER|7995214,JPN,ME_SILVER,MTB,Cycling Mountain Bike,M.XCTRY-------------.----,Men's Cross-country,A,SOEJIMA Tatsuumi,7995214,2026-09-25,M,[],山地自行车,2026-09-25,official_medal_record
JPN|PDL|W.PAIRS-------------.----|ME_GOLD|PDLWPAIRS------JPN01,JPN,ME_GOLD,PDL,Padel,W.PAIRS-------------.----,Women's Pairs,D,TSUKAMOTO Saki / TOKUMOTO Kae,PDLWPAIRS------JPN01,2026-10-03,W,"[{""Reg"": ""13529417"", ""Bib"": """", ""Org"": ""JPN"", ""OrgDesc"": ""Japan"", ""Name"": ""TSUKAMOTO Saki"", ""Order"": 1, ""BirthDate"": ""1991-06-04""}, {""Reg"": ""13529528"", ""Bib"": """", ""Org"": ""JPN"", ""OrgDesc"": ""Japan"", ""Name"": ""TOKUMOTO Kae"", ""Order"": 2, ""BirthDate"": ""1991-04-20""}]",板式网球,2026-10-03,official_medal_record
JPN|ROW|M.SCULL1------------.FNL-|ME_BRONZE|300584,JPN,ME_BRONZE,ROW,Rowing,M.SCULL1------------.FNL-,Men's Single Sculls Finals,A,SAKURAMA Tatsuya,300584,2026-09-24,M,[],赛艇,2026-09-24,official_medal_record
JPN|ROW|W.SCULL2-L----------.FNL-|ME_BRONZE|ROWWSCULL2-L---JPN01,JPN,ME_BRONZE,ROW,Rowing,W.SCULL2-L----------.FNL-,Lightweight Women's Double Sculls Finals,D,YONEZAWA Chika / TOMITA Chiaki,ROWWSCULL2-L---JPN01,2026-09-24,W,"[{""Reg"": ""302287"", ""Bib"": """", ""Org"": ""JPN"", ""OrgDesc"": ""Japan"", ""Name"": ""YONEZAWA Chika"", ""Order"": 1, ""BirthDate"": ""2000-01-09""}, {""Reg"": ""303257"", ""Bib"": """", ""Org"": ""JPN"", ""OrgDesc"": ""Japan"", ""Name"": ""TOMITA Chiaki"", ""Order"": 3, ""BirthDate"": ""1993-10-18""}]",赛艇,2026-09-24,official_medal_record
JPN|ROW|W.SCULL4------------.FNL-|ME_BRONZE|ROWWSCULL4-----JPN01,JPN,ME_BRONZE,ROW,Rowing,W.SCULL4------------.FNL-,Women's Quadruple Sculls Finals,T,Japan,ROWWSCULL4-----JPN01,2026-09-24,W,"[{""Reg"": ""302492"", ""Bib"": """", ""Org"": ""JPN"", ""OrgDesc"": ""Japan"", ""Name"": ""UENO Miho"", ""Order"": 1, ""BirthDate"": ""2002-04-11""}, {""Reg"": ""302180"", ""Bib"": """", ""Org"": ""JPN"", ""OrgDesc"": ""Japan"", ""Name"": ""KAMIDATE Mao"", ""Order"": 2, ""BirthDate"": ""2001-04-03""}, {""Reg"": ""302388"", ""Bib"": """", ""Org"": ""JPN"", ""OrgDesc"": ""Japan"", ""Name"": ""INO Hinako"", ""Order"": 3, ""BirthDate"": ""2002-04-18""}, {""Reg"": ""303049"", ""Bib"": """", ""Org"": ""JPN"", ""OrgDesc"": ""Japan"", ""Name"": ""KADOYA Mao"", ""Order"": 4, ""BirthDate"": ""1998-03-06""}]",赛艇,2026-09-24,official_medal_record
JPN|RU7|W.TEAM7-------------.----|ME_GOLD|RU7WTEAM7------JPN01,JPN,ME_GOLD,RU7,Rugby Sevens,W.TEAM7-------------.----,Women,T,Japan,RU7WTEAM7------JPN01,2026-10-03,W,"[{""Reg"": ""3234191"", ""Bib"": ""1"", ""Org"": ""JPN"", ""OrgDesc"": ""Japan"", ""Name"": ""SAEGUSA Chiaki"", ""Order"": 1, ""BirthDate"": ""1997-03-21""}, {""Reg"": ""3235155"", ""Bib"": ""2"", ""Org"": ""JPN"", ""OrgDesc"": ""Japan"", ""Name"": ""TSUTSUMI Honoka"", ""Order"": 2, ""BirthDate"": ""1997-06-19""}, {""Reg"": ""3235268"", ""Bib"": ""3"", ""Org"": ""JPN"", ""OrgDesc"": ""Japan"", ""Name"": ""KAJIKI Marin"", ""Order"": 3, ""BirthDate"": ""1999-09-20""}, {""Reg"": ""3234921"", ""Bib"": ""4"", ""Org"": ""JPN"", ""OrgDesc"": ""Japan"", ""Name"": ""HIRANO Yume"", ""Order"": 4, ""BirthDate"": ""2000-03-15""}, {""Reg"": ""3234086"", ""Bib"": ""5"", ""Org"": ""JPN"", ""OrgDesc"": ""Japan"", ""Name"": ""UTSUMI Hanako"", ""Order"": 5, ""BirthDate"": ""2000-03-16""}, {""Reg"": ""3235050"", ""Bib"": ""6"", ""Org"": ""JPN"", ""OrgDesc"": ""Japan"", ""Name"": ""NAGATA Hana"", ""Order"": 6, ""BirthDate"": ""2000-05-19""}, {""Reg"": ""3235407"", ""Bib"": ""7"", ""Org"": ""JPN"", ""OrgDesc"": ""Japan"", ""Name"": ""OHTANI Mei"", ""Order"": 7, ""BirthDate"": ""2000-05-28""}, {""Reg"": ""3234655"", ""Bib"": ""8"", ""Org"": ""JPN"", ""OrgDesc"": ""Japan"", ""Name"": ""YOSHINO Mayu"", ""Order"": 8, ""BirthDate"": ""2001-06-23""}, {""Reg"": ""3232179"", ""Bib"": ""9"", ""Org"": ""JPN"", ""OrgDesc"": ""Japan"", ""Name"": ""OUCHIDA Natsuki"", ""Order"": 9, ""BirthDate"": ""2002-07-15""}, {""Reg"": ""3233105"", ""Bib"": ""10"", ""Org"": ""JPN"", ""OrgDesc"": ""Japan"", ""Name"": ""AKITA Wakana"", ""Order"": 10, ""BirthDate"": ""2003-02-24""}, {""Reg"": ""12351875"", ""Bib"": ""11"", ""Org"": ""JPN"", ""OrgDesc"": ""Japan"", ""Name"": ""SUDA Michiyo"", ""Order"": 11, ""BirthDate"": ""2003-02-25""}, {""Reg"": ""3234523"", ""Bib"": ""12"", ""Org"": ""JPN"", ""OrgDesc"": ""Japan"", ""Name"": ""YAZAKI Sakurako"", ""Order"": 12, ""BirthDate"": ""2004-01-19""}, {""Reg"": ""3232806"", ""Bib"": ""13"", ""Org"": ""JPN"", ""OrgDesc"": ""Japan"", ""Name"": ""MATSUDA Himawari"", ""Order"": 13, ""BirthDate"": ""2004-08-02""}]",七人制橄榄球,2026-10-03,official_medal_record
JPN|RU7|M.TEAM7-------------.----|ME_BRONZE|RU7MTEAM7------JPN01,JPN,ME_BRONZE,RU7,Rugby Sevens,M.TEAM7-------------.----,Men,T,Japan,RU7MTEAM7------JPN01,2026-10-03,M,"[{""Reg"": ""3134048"", ""Bib"": ""1"", ""Org"": ""JPN"", ""OrgDesc"": ""Japan"", ""Name"": ""TAKAMOTO Tomu"", ""Order"": 1, ""BirthDate"": ""2001-10-10""}, {""Reg"": ""3127869"", ""Bib"": ""2"", ""Org"": ""JPN"", ""OrgDesc"": ""Japan"", ""Name"": ""MASIVOU Aseri"", ""Order"": 2, ""BirthDate"": ""1997-03-09""}, {""Reg"": ""3132767"", ""Bib"": ""3"", ""Org"": ""JPN"", ""OrgDesc"": ""Japan"", ""Name"": ""OUCHI Ren"", ""Order"": 3, ""BirthDate"": ""1999-01-22""}, {""Reg"": ""3132509"", ""Bib"": ""4"", ""Org"": ""JPN"", ""OrgDesc"": ""Japan"", ""Name"": ""OGITA Naoya"", ""Order"": 4, ""BirthDate"": ""2002-09-20""}, {""Reg"": ""3133625"", ""Bib"": ""5"", ""Org"": ""JPN"", ""OrgDesc"": ""Japan"", ""Name"": ""KEREVI Josua"", ""Order"": 5, ""BirthDate"": ""1992-06-18""}, {""Reg"": ""3131816"", ""Bib"": ""6"", ""Org"": ""JPN"", ""OrgDesc"": ""Japan"", ""Name"": ""NAKANO Takemichi"", ""Order"": 6, ""BirthDate"": ""1996-12-18""}, {""Reg"": ""3127531"", ""Bib"": ""7"", ""Org"": ""JPN"", ""OrgDesc"": ""Japan"", ""Name"": ""MIYASAKA Koki"", ""Order"": 7, ""BirthDate"": ""2002-03-01""}, {""Reg"": ""3130754"", ""Bib"": ""8"", ""Org"": ""JPN"", ""OrgDesc"": ""Japan"", ""Name"": ""SHIWACHI Toma"", ""Order"": 8, ""BirthDate"": ""1999-08-06""}, {""Reg"": ""3131176"", ""Bib"": ""9"", ""Org"": ""JPN"", ""OrgDesc"": ""Japan"", ""Name"": ""SHIRAKUNI Ryodai"", ""Order"": 9, ""BirthDate"": ""2000-02-29""}, {""Reg"": ""3133916"", ""Bib"": ""10"", ""Org"": ""JPN"", ""OrgDesc"": ""Japan"", ""Name"": ""YAMAGUCHI Taiki"", ""Order"": 10, ""BirthDate"": ""2001-11-17""}, {""Reg"": ""3134352"", ""Bib"": ""11"", ""Org"": ""JPN"", ""OrgDesc"": ""Japan"", ""Name"": ""UEMURA Haruhiko"", ""Order"": 11, ""BirthDate"": ""2000-11-13""}, {""Reg"": ""3134478"", ""Bib"": ""12"", ""Org"": ""JPN"", ""OrgDesc"": ""Japan"", ""Name"": ""KOGA Yoshiyuki"", ""Order"": 12, ""BirthDate"": ""1998-08-28""}, {""Reg"": ""3130139"", ""Bib"": ""13"", ""Org"": ""JPN"", ""OrgDesc"": ""Japan"", ""Name"": ""TOKITO Riku"", ""Order"": 13, ""BirthDate"": ""2003-07-10""}]",七人制橄榄球,2026-10-03,official_medal_record
JPN|SAL|W.49ERFX------------.----|ME_GOLD|SALW49ERFX-----JPN01,JPN,ME_GOLD,SAL,Sailing,W.49ERFX------------.----,Women's Skiff,T,Japan,SALW49ERFX-----JPN01,2026-10-03,W,"[{""Reg"": ""465788"", ""Bib"": """", ""Org"": ""JPN"", ""OrgDesc"": ""Japan"", ""Name"": ""TANAKA Misaki"", ""Order"": 1, ""BirthDate"": ""1997-11-23""}, {""Reg"": ""465655"", ""Bib"": """", ""Org"": ""JPN"", ""OrgDesc"": ""Japan"", ""Name"": ""NAGAMATSU Sera"", ""Order"": 2, ""BirthDate"": ""1994-06-03""}]",帆船帆板,2026-10-03,official_medal_record
JPN|SAL|X.420---------------.----|ME_GOLD|SALX420--------JPN01,JPN,ME_GOLD,SAL,Sailing,X.420---------------.----,Youth Mixed Dinghy,T,Japan,SALX420--------JPN01,2026-10-03,X,"[{""Reg"": ""462671"", ""Bib"": """", ""Org"": ""JPN"", ""OrgDesc"": ""Japan"", ""Name"": ""TSUNOMORI Misaki"", ""Order"": 1, ""BirthDate"": ""2009-08-19""}, {""Reg"": ""462473"", ""Bib"": """", ""Org"": ""JPN"", ""OrgDesc"": ""Japan"", ""Name"": ""SANEMATSU Riho"", ""Order"": 2, ""BirthDate"": ""2008-04-19""}]",帆船帆板,2026-10-03,official_medal_record
JPN|SAL|X.470---------------.----|ME_GOLD|SALX470--------JPN01,JPN,ME_GOLD,SAL,Sailing,X.470---------------.----,Mixed Dinghy,T,Japan,SALX470--------JPN01,2026-10-03,X,"[{""Reg"": ""464716"", ""Bib"": """", ""Org"": ""JPN"", ""OrgDesc"": ""Japan"", ""Name"": ""ISOZAKI Tetsuya"", ""Order"": 1, ""BirthDate"": ""1992-04-04""}, {""Reg"": ""464573"", ""Bib"": """", ""Org"": ""JPN"", ""OrgDesc"": ""Japan"", ""Name"": ""SEKI Yurie"", ""Order"": 2, ""BirthDate"": ""1994-04-15""}]",帆船帆板,2026-10-03,official_medal_record
JPN|SAL|M.IQFOIL-Y----------.----|ME_SILVER|464234,JPN,ME_SILVER,SAL,Sailing,M.IQFOIL-Y----------.----,Boys' Windsurfing,A,KOZONO Masato,464234,2026-10-03,M,[],帆船帆板,2026-10-03,official_medal_record
JPN|SAL|W.29ER--------------.----|ME_SILVER|SALW29ER-------JPN01,JPN,ME_SILVER,SAL,Sailing,W.29ER--------------.----,Girls' Skiff,T,Japan,SALW29ER-------JPN01,2026-10-03,W,"[{""Reg"": ""458904"", ""Bib"": """", ""Org"": ""JPN"", ""OrgDesc"": ""Japan"", ""Name"": ""FUNAZAWA Natsumi"", ""Order"": 1, ""BirthDate"": ""2010-09-07""}, {""Reg"": ""458745"", ""Bib"": """", ""Org"": ""JPN"", ""OrgDesc"": ""Japan"", ""Name"": ""FUNAZAWA Natsuko"", ""Order"": 2, ""BirthDate"": ""2010-09-07""}]",帆船帆板,2026-10-03,official_medal_record
JPN|SAL|W.IQFOIL-Y----------.----|ME_SILVER|461551,JPN,ME_SILVER,SAL,Sailing,W.IQFOIL-Y----------.----,Girls' Windsurfing,A,OSHIMA Akari,461551,2026-10-03,W,[],帆船帆板,2026-10-03,official_medal_record
JPN|SAL|W.IQFOIL------------.----|ME_BRONZE|465113,JPN,ME_BRONZE,SAL,Sailing,W.IQFOIL------------.----,Women's Windsurfing,A,NIIJIMA Rina,465113,2026-10-03,W,[],帆船帆板,2026-10-03,official_medal_record
JPN|SBL|W.TEAM9-------------.FNL-|ME_GOLD|SBLWTEAM9------JPN01,JPN,ME_GOLD,SBL,Softball,W.TEAM9-------------.FNL-,Women’s Finals,T,Japan,SBLWTEAM9------JPN01,2026-10-02,W,"[{""Reg"": ""588701"", ""Bib"": ""4"", ""Org"": ""JPN"", ""OrgDesc"": ""Japan"", ""Name"": ""SUTO Shiho"", ""Order"": 1, ""BirthDate"": ""1999-01-12""}, {""Reg"": ""588805"", ""Bib"": ""26"", ""Org"": ""JPN"", ""OrgDesc"": ""Japan"", ""Name"": ""TSUKAMOTO Hotaru"", ""Order"": 2, ""BirthDate"": ""1999-10-17""}, {""Reg"": ""588954"", ""Bib"": ""13"", ""Org"": ""JPN"", ""OrgDesc"": ""Japan"", ""Name"": ""SHIMOYAMA Eri"", ""Order"": 3, ""BirthDate"": ""1998-12-26""}, {""Reg"": ""589083"", ""Bib"": ""23"", ""Org"": ""JPN"", ""OrgDesc"": ""Japan"", ""Name"": ""FUJIMOTO Urara"", ""Order"": 4, ""BirthDate"": ""1999-01-12""}, {""Reg"": ""589203"", ""Bib"": ""9"", ""Org"": ""JPN"", ""OrgDesc"": ""Japan"", ""Name"": ""NAKAGAWA Ayane"", ""Order"": 5, ""BirthDate"": ""1998-07-18""}, {""Reg"": ""589340"", ""Bib"": ""19"", ""Org"": ""JPN"", ""OrgDesc"": ""Japan"", ""Name"": ""KAWAMURA Risa"", ""Order"": 6, ""BirthDate"": ""2000-01-31""}, {""Reg"": ""589463"", ""Bib"": ""6"", ""Org"": ""JPN"", ""OrgDesc"": ""Japan"", ""Name"": ""ISHIKAWA Kyoko"", ""Order"": 7, ""BirthDate"": ""1996-05-28""}, {""Reg"": ""589581"", ""Bib"": ""21"", ""Org"": ""JPN"", ""OrgDesc"": ""Japan"", ""Name"": ""NAKAMIZO Yui"", ""Order"": 8, ""BirthDate"": ""1998-10-29""}, {""Reg"": ""590009"", ""Bib"": ""3"", ""Org"": ""JPN"", ""OrgDesc"": ""Japan"", ""Name"": ""KUDO Kanna"", ""Order"": 9, ""BirthDate"": ""1999-04-03""}, {""Reg"": ""590124"", ""Bib"": ""24"", ""Org"": ""JPN"", ""OrgDesc"": ""Japan"", ""Name"": ""KIRIISHI Yume"", ""Order"": 10, ""BirthDate"": ""1999-12-12""}, {""Reg"": ""590283"", ""Bib"": ""2"", ""Org"": ""JPN"", ""OrgDesc"": ""Japan"", ""Name"": ""MIWA Sakura"", ""Order"": 11, ""BirthDate"": ""1998-10-01""}, {""Reg"": ""590438"", ""Bib"": ""1"", ""Org"": ""JPN"", ""OrgDesc"": ""Japan"", ""Name"": ""SAKAMOTO Mio"", ""Order"": 12, ""BirthDate"": ""2000-06-16""}, {""Reg"": ""590823"", ""Bib"": ""10"", ""Org"": ""JPN"", ""OrgDesc"": ""Japan"", ""Name"": ""NAITO Minori"", ""Order"": 13, ""BirthDate"": ""1994-04-26""}, {""Reg"": ""590959"", ""Bib"": ""27"", ""Org"": ""JPN"", ""OrgDesc"": ""Japan"", ""Name"": ""GOTO Miu"", ""Order"": 14, ""BirthDate"": ""2001-03-02""}, {""Reg"": ""591071"", ""Bib"": ""17"", ""Org"": ""JPN"", ""OrgDesc"": ""Japan"", ""Name"": ""UENO Yukiko"", ""Order"": 15, ""BirthDate"": ""1982-07-22""}, {""Reg"": ""8036253"", ""Bib"": ""28"", ""Org"": ""JPN"", ""OrgDesc"": ""Japan"", ""Name"": ""YAMAUCHI Saori"", ""Order"": 16, ""BirthDate"": ""1999-09-03""}, {""Reg"": ""8036358"", ""Bib"": ""14"", ""Org"": ""JPN"", ""OrgDesc"": ""Japan"", ""Name"": ""OKAWA Mayu"", ""Order"": 17, ""BirthDate"": ""2000-03-10""}]",垒球,2026-10-02,official_medal_record
JPN|SHO|W.ARW---------------.----|ME_GOLD|929730,JPN,ME_GOLD,SHO,Shooting,W.ARW---------------.----,10m Air Rifle Women Individual,A,TAICHI Hinata,929730,2026-09-20,W,[],射击,2026-09-20,official_medal_record
JPN|SHO|M.APTM--------------.----|ME_BRONZE|SHOMAPTM-------JPN01,JPN,ME_BRONZE,SHO,Shooting,M.APTM--------------.----,10m Air Pistol Men Team,T,Japan,SHOMAPTM-------JPN01,2026-09-24,M,"[{""Reg"": ""15291748"", ""Bib"": ""1123"", ""Org"": ""JPN"", ""OrgDesc"": ""Japan"", ""Name"": ""NAKAYAMA Junnosuke"", ""Order"": 1, ""BirthDate"": ""2005-08-01""}, {""Reg"": ""929887"", ""Bib"": ""1141"", ""Org"": ""JPN"", ""OrgDesc"": ""Japan"", ""Name"": ""IWASA Masaki"", ""Order"": 2, ""BirthDate"": ""2002-02-08""}, {""Reg"": ""930578"", ""Bib"": ""1145"", ""Org"": ""JPN"", ""OrgDesc"": ""Japan"", ""Name"": ""MORIKAWA Seiji"", ""Order"": 3, ""BirthDate"": ""1984-04-20""}]",射击,2026-09-24,official_medal_record
JPN|SHO|W.ARTW--------------.----|ME_BRONZE|SHOWARTW-------JPN01,JPN,ME_BRONZE,SHO,Shooting,W.ARTW--------------.----,10m Air Rifle Women Team,T,Japan,SHOWARTW-------JPN01,2026-09-20,W,"[{""Reg"": ""929730"", ""Bib"": ""1140"", ""Org"": ""JPN"", ""OrgDesc"": ""Japan"", ""Name"": ""TAICHI Hinata"", ""Order"": 1, ""BirthDate"": ""2005-07-13""}, {""Reg"": ""931991"", ""Bib"": ""1149"", ""Org"": ""JPN"", ""OrgDesc"": ""Japan"", ""Name"": ""NOBATA Misaki"", ""Order"": 2, ""BirthDate"": ""2003-08-25""}, {""Reg"": ""932149"", ""Bib"": ""1150"", ""Org"": ""JPN"", ""OrgDesc"": ""Japan"", ""Name"": ""HIRATA Shiori"", ""Order"": 3, ""BirthDate"": ""1999-11-06""}]",射击,2026-09-20,official_medal_record
JPN|SHO|X.ARMT--------------.----|ME_BRONZE|SHOXARMT-------JPN01,JPN,ME_BRONZE,SHO,Shooting,X.ARMT--------------.----,10m Air Rifle Mixed Team,T,Japan,SHOXARMT-------JPN01,2026-09-22,X,"[{""Reg"": ""931412"", ""Bib"": ""1147"", ""Org"": ""JPN"", ""OrgDesc"": ""Japan"", ""Name"": ""HANAKAWA Naoki"", ""Order"": 1, ""BirthDate"": ""1998-07-08""}, {""Reg"": ""931991"", ""Bib"": ""1149"", ""Org"": ""JPN"", ""OrgDesc"": ""Japan"", ""Name"": ""NOBATA Misaki"", ""Order"": 2, ""BirthDate"": ""2003-08-25""}]",射击,2026-09-22,official_medal_record
JPN|SKB|M.PARK--------------.----|ME_GOLD|247457,JPN,ME_GOLD,SKB,Skateboarding,M.PARK--------------.----,Men's Park,A,NAGAHARA Izuru,247457,2026-09-25,M,[],滑板,2026-09-25,official_medal_record
JPN|SKB|W.PARK--------------.----|ME_GOLD|248401,JPN,ME_GOLD,SKB,Skateboarding,W.PARK--------------.----,Women's Park,A,HASEGAWA Mizuho,248401,2026-09-25,W,[],滑板,2026-09-25,official_medal_record
JPN|SKB|M.STREET------------.----|ME_SILVER|248089,JPN,ME_SILVER,SKB,Skateboarding,M.STREET------------.----,Men's Street,A,SASAKI Toa,248089,2026-09-27,M,[],滑板,2026-09-27,official_medal_record
JPN|SKB|W.STREET------------.----|ME_SILVER|248193,JPN,ME_SILVER,SKB,Skateboarding,W.STREET------------.----,Women's Street,A,ODA Yumeka,248193,2026-09-27,W,[],滑板,2026-09-27,official_medal_record
JPN|SKB|M.PARK--------------.----|ME_BRONZE|247836,JPN,ME_BRONZE,SKB,Skateboarding,M.PARK--------------.----,Men's Park,A,SHIJI Gunjo,247836,2026-09-25,M,[],滑板,2026-09-25,official_medal_record
JPN|SKB|M.STREET------------.----|ME_BRONZE|248297,JPN,ME_BRONZE,SKB,Skateboarding,M.STREET------------.----,Men's Street,A,ONODERA Ginwoo,248297,2026-09-27,M,[],滑板,2026-09-27,official_medal_record
JPN|SKB|W.PARK--------------.----|ME_BRONZE|248639,JPN,ME_BRONZE,SKB,Skateboarding,W.PARK--------------.----,Women's Park,A,OKAMOTO Misugu,248639,2026-09-25,W,[],滑板,2026-09-25,official_medal_record
JPN|SPK|M.QUADRANT----------.FNL-|ME_GOLD|SPKMQUADRANT---JPN01,JPN,ME_GOLD,SPK,Sepaktakraw,M.QUADRANT----------.FNL-,Men's Quadrant Final,T,Japan,SPKMQUADRANT---JPN01,2026-10-03,M,"[{""Reg"": ""12030383"", ""Bib"": ""1"", ""Org"": ""JPN"", ""OrgDesc"": ""Japan"", ""Name"": ""SATO Yuki"", ""Order"": 1, ""BirthDate"": ""1988-12-16""}, {""Reg"": ""12030892"", ""Bib"": ""6"", ""Org"": ""JPN"", ""OrgDesc"": ""Japan"", ""Name"": ""NARAWA Wataru"", ""Order"": 2, ""BirthDate"": ""1997-10-08""}, {""Reg"": ""12031114"", ""Bib"": ""3"", ""Org"": ""JPN"", ""OrgDesc"": ""Japan"", ""Name"": ""HARUHARA Ryota"", ""Order"": 3, ""BirthDate"": ""1998-11-27""}, {""Reg"": ""12031221"", ""Bib"": ""2"", ""Org"": ""JPN"", ""OrgDesc"": ""Japan"", ""Name"": ""TAKANO Seiya"", ""Order"": 4, ""BirthDate"": ""1989-01-09""}, {""Reg"": ""12031545"", ""Bib"": ""12"", ""Org"": ""JPN"", ""OrgDesc"": ""Japan"", ""Name"": ""ICHIKAWA Yota"", ""Order"": 5, ""BirthDate"": ""1995-08-11""}, {""Reg"": ""12031762"", ""Bib"": ""4"", ""Org"": ""JPN"", ""OrgDesc"": ""Japan"", ""Name"": ""NAITO Toshitaka"", ""Order"": 6, ""BirthDate"": ""1994-03-13""}]",藤球,2026-10-03,official_medal_record
JPN|SPK|M.TEAMREGU----------.FNL-|ME_BRONZE|SPKMTEAMREGU---JPN01,JPN,ME_BRONZE,SPK,Sepaktakraw,M.TEAMREGU----------.FNL-,Men's Team Regu Finals,T,Japan,SPKMTEAMREGU---JPN01,2026-09-24,M,"[{""Reg"": ""12027860"", ""Bib"": ""10"", ""Org"": ""JPN"", ""OrgDesc"": ""Japan"", ""Name"": ""TAKATA Shuma"", ""Order"": 1, ""BirthDate"": ""2006-04-04""}, {""Reg"": ""12030111"", ""Bib"": ""8"", ""Org"": ""JPN"", ""OrgDesc"": ""Japan"", ""Name"": ""KOBAYASHI Hirokazu"", ""Order"": 2, ""BirthDate"": ""1986-05-26""}, {""Reg"": ""12030254"", ""Bib"": ""11"", ""Org"": ""JPN"", ""OrgDesc"": ""Japan"", ""Name"": ""MITO Ikki"", ""Order"": 3, ""BirthDate"": ""1990-06-01""}, {""Reg"": ""12030383"", ""Bib"": ""1"", ""Org"": ""JPN"", ""OrgDesc"": ""Japan"", ""Name"": ""SATO Yuki"", ""Order"": 4, ""BirthDate"": ""1988-12-16""}, {""Reg"": ""12030526"", ""Bib"": ""9"", ""Org"": ""JPN"", ""OrgDesc"": ""Japan"", ""Name"": ""YUASA Shun"", ""Order"": 5, ""BirthDate"": ""1998-06-29""}, {""Reg"": ""12030759"", ""Bib"": ""5"", ""Org"": ""JPN"", ""OrgDesc"": ""Japan"", ""Name"": ""SASAMOTO Masaki"", ""Order"": 6, ""BirthDate"": ""1998-05-28""}, {""Reg"": ""12030892"", ""Bib"": ""6"", ""Org"": ""JPN"", ""OrgDesc"": ""Japan"", ""Name"": ""NARAWA Wataru"", ""Order"": 7, ""BirthDate"": ""1997-10-08""}, {""Reg"": ""12030997"", ""Bib"": ""7"", ""Org"": ""JPN"", ""OrgDesc"": ""Japan"", ""Name"": ""TAMAKI Daishi"", ""Order"": 8, ""BirthDate"": ""1993-12-06""}, {""Reg"": ""12031114"", ""Bib"": ""3"", ""Org"": ""JPN"", ""OrgDesc"": ""Japan"", ""Name"": ""HARUHARA Ryota"", ""Order"": 9, ""BirthDate"": ""1998-11-27""}, {""Reg"": ""12031221"", ""Bib"": ""2"", ""Org"": ""JPN"", ""OrgDesc"": ""Japan"", ""Name"": ""TAKANO Seiya"", ""Order"": 10, ""BirthDate"": ""1989-01-09""}, {""Reg"": ""12031545"", ""Bib"": ""12"", ""Org"": ""JPN"", ""OrgDesc"": ""Japan"", ""Name"": ""ICHIKAWA Yota"", ""Order"": 11, ""BirthDate"": ""1995-08-11""}, {""Reg"": ""12031762"", ""Bib"": ""4"", ""Org"": ""JPN"", ""OrgDesc"": ""Japan"", ""Name"": ""NAITO Toshitaka"", ""Order"": 12, ""BirthDate"": ""1994-03-13""}]",藤球,2026-09-24,official_medal_record
JPN|SPK|W.QUADRANT----------.FNL-|ME_BRONZE|SPKWQUADRANT---JPN01,JPN,ME_BRONZE,SPK,Sepaktakraw,W.QUADRANT----------.FNL-,Women's Quadrant Final,T,Japan,SPKWQUADRANT---JPN01,2026-10-02,W,"[{""Reg"": ""12028563"", ""Bib"": ""11"", ""Org"": ""JPN"", ""OrgDesc"": ""Japan"", ""Name"": ""ONDA Minami"", ""Order"": 1, ""BirthDate"": ""2002-12-17""}, {""Reg"": ""12029075"", ""Bib"": ""2"", ""Org"": ""JPN"", ""OrgDesc"": ""Japan"", ""Name"": ""IZAWA Chinatsu"", ""Order"": 2, ""BirthDate"": ""1997-08-14""}, {""Reg"": ""12029361"", ""Bib"": ""8"", ""Org"": ""JPN"", ""OrgDesc"": ""Japan"", ""Name"": ""TORIUMI Chinatsu"", ""Order"": 3, ""BirthDate"": ""1995-08-11""}, {""Reg"": ""12026638"", ""Bib"": ""6"", ""Org"": ""JPN"", ""OrgDesc"": ""Japan"", ""Name"": ""KAWLU Patricia Nao"", ""Order"": 4, ""BirthDate"": ""2005-05-25""}, {""Reg"": ""12029668"", ""Bib"": ""9"", ""Org"": ""JPN"", ""OrgDesc"": ""Japan"", ""Name"": ""TOGAMI Kayo"", ""Order"": 5, ""BirthDate"": ""1994-04-12""}, {""Reg"": ""12029833"", ""Bib"": ""1"", ""Org"": ""JPN"", ""OrgDesc"": ""Japan"", ""Name"": ""MAKIO Nagisa"", ""Order"": 6, ""BirthDate"": ""1997-08-10""}]",藤球,2026-10-02,official_medal_record
JPN|SQU|W.SINGLES-----------.----|ME_BRONZE|12005189,JPN,ME_BRONZE,SQU,Squash,W.SINGLES-----------.----,Women's Singles,A,WATANABE Satomi,12005189,2026-09-27,W,[],壁球,2026-09-27,official_medal_record
JPN|SQU|W.TEAM--------------.----|ME_BRONZE|SQUWTEAM-------JPN01,JPN,ME_BRONZE,SQU,Squash,W.TEAM--------------.----,Women's Team,T,Japan,SQUWTEAM-------JPN01,2026-10-01,W,"[{""Reg"": ""12005189"", ""Bib"": """", ""Org"": ""JPN"", ""OrgDesc"": ""Japan"", ""Name"": ""WATANABE Satomi"", ""Order"": 1, ""BirthDate"": ""1999-01-15""}, {""Reg"": ""12005295"", ""Bib"": """", ""Org"": ""JPN"", ""OrgDesc"": ""Japan"", ""Name"": ""MIDORIKAWA Akari"", ""Order"": 2, ""BirthDate"": ""2005-08-15""}, {""Reg"": ""12005400"", ""Bib"": """", ""Org"": ""JPN"", ""OrgDesc"": ""Japan"", ""Name"": ""SUGIMOTO Risa"", ""Order"": 3, ""BirthDate"": ""1994-08-01""}, {""Reg"": ""12005084"", ""Bib"": """", ""Org"": ""JPN"", ""OrgDesc"": ""Japan"", ""Name"": ""SANO Erisa"", ""Order"": 4, ""BirthDate"": ""2000-09-04""}]",壁球,2026-10-01,official_medal_record
JPN|SRF|M.SHORTBRD----------.FNL-|ME_GOLD|986273,JPN,ME_GOLD,SRF,Surfing,M.SHORTBRD----------.FNL-,Men's Shortboard Finals,A,IGARASHI Kanoa,986273,2026-09-28,M,[],冲浪,2026-09-28,official_medal_record
JPN|SRF|W.SHORTBRD----------.FNL-|ME_GOLD|14577200,JPN,ME_GOLD,SRF,Surfing,W.SHORTBRD----------.FNL-,Women's Shortboard Finals,A,IKEDA Mirai,14577200,2026-09-29,W,[],冲浪,2026-09-29,official_medal_record
JPN|SRF|W.SHORTBRD----------.FNL-|ME_BRONZE|984151,JPN,ME_BRONZE,SRF,Surfing,W.SHORTBRD----------.FNL-,Women's Shortboard Finals,A,NONAKA Minami,984151,2026-09-29,W,[],冲浪,2026-09-29,official_medal_record
JPN|SWA|O.TEAM8-------------.----|ME_SILVER|SWAOTEAM8------JPN01,JPN,ME_SILVER,SWA,Artistic Swimming,O.TEAM8-------------.----,Mixed Team,T,Japan,SWAOTEAM8------JPN01,2026-09-26,O,"[{""Reg"": ""4469311"", ""Bib"": """", ""Org"": ""JPN"", ""OrgDesc"": ""Japan"", ""Name"": ""SHIRAHASE Nao"", ""Order"": 1, ""BirthDate"": ""2008-01-30""}, {""Reg"": ""4469415"", ""Bib"": """", ""Org"": ""JPN"", ""OrgDesc"": ""Japan"", ""Name"": ""AITAKA Kaho"", ""Order"": 2, ""BirthDate"": ""2007-07-06""}, {""Reg"": ""4469519"", ""Bib"": """", ""Org"": ""JPN"", ""OrgDesc"": ""Japan"", ""Name"": ""KAWASE Yuka"", ""Order"": 3, ""BirthDate"": ""2002-03-14""}, {""Reg"": ""4469727"", ""Bib"": """", ""Org"": ""JPN"", ""OrgDesc"": ""Japan"", ""Name"": ""KOBAYASHI Uta"", ""Order"": 4, ""BirthDate"": ""2002-08-06""}, {""Reg"": ""4469831"", ""Bib"": """", ""Org"": ""JPN"", ""OrgDesc"": ""Japan"", ""Name"": ""SHIMADA Ayano"", ""Order"": 5, ""BirthDate"": ""2006-06-22""}, {""Reg"": ""4469935"", ""Bib"": """", ""Org"": ""JPN"", ""OrgDesc"": ""Japan"", ""Name"": ""FUJII Moka"", ""Order"": 6, ""BirthDate"": ""2004-08-29""}, {""Reg"": ""4470039"", ""Bib"": """", ""Org"": ""JPN"", ""OrgDesc"": ""Japan"", ""Name"": ""HIGA Moe"", ""Order"": 7, ""BirthDate"": ""2007-09-15""}, {""Reg"": ""4470143"", ""Bib"": """", ""Org"": ""JPN"", ""OrgDesc"": ""Japan"", ""Name"": ""SATO Tomoka"", ""Order"": 8, ""BirthDate"": ""2001-08-22""}, {""Reg"": ""4468977"", ""Bib"": """", ""Org"": ""JPN"", ""OrgDesc"": ""Japan"", ""Name"": ""ISHII Konatsu"", ""Order"": 9, ""BirthDate"": ""2006-08-12""}, {""Reg"": ""4468561"", ""Bib"": """", ""Org"": ""JPN"", ""OrgDesc"": ""Japan"", ""Name"": ""MITSUHASHI Risako"", ""Order"": 10, ""BirthDate"": ""2008-12-05""}]",花样游泳,2026-09-26,official_medal_record
JPN|SWA|W.TEAM2-------------.----|ME_SILVER|SWAWTEAM2------JPN01,JPN,ME_SILVER,SWA,Artistic Swimming,W.TEAM2-------------.----,Duet,D,HIGA Moe / SATO Tomoka,SWAWTEAM2------JPN01,2026-09-27,W,"[{""Reg"": ""4470039"", ""Bib"": """", ""Org"": ""JPN"", ""OrgDesc"": ""Japan"", ""Name"": ""HIGA Moe"", ""Order"": 1, ""BirthDate"": ""2007-09-15""}, {""Reg"": ""4470143"", ""Bib"": """", ""Org"": ""JPN"", ""OrgDesc"": ""Japan"", ""Name"": ""SATO Tomoka"", ""Order"": 2, ""BirthDate"": ""2001-08-22""}, {""Reg"": ""4469831"", ""Bib"": """", ""Org"": ""JPN"", ""OrgDesc"": ""Japan"", ""Name"": ""SHIMADA Ayano"", ""Order"": 3, ""BirthDate"": ""2006-06-22""}]",花样游泳,2026-09-27,official_medal_record
JPN|SWM|M.100MBF------------.----|ME_GOLD|13174403,JPN,ME_GOLD,SWM,Swimming,M.100MBF------------.----,Men's 100m Butterfly,A,MITSUNAGA Shoon,13174403,2026-09-23,M,[],游泳,2026-09-23,official_medal_record
JPN|SWM|M.100MBR------------.----|ME_GOLD|13174508,JPN,ME_GOLD,SWM,Swimming,M.100MBR------------.----,Men's 100m Breaststroke,A,OHASHI Shin,13174508,2026-09-21,M,[],游泳,2026-09-21,official_medal_record
JPN|SWM|M.200MBA------------.----|ME_GOLD|13175993,JPN,ME_GOLD,SWM,Swimming,M.200MBA------------.----,Men's 200m Backstroke,A,NISHIONO Kodai,13175993,2026-09-25,M,[],游泳,2026-09-25,official_medal_record
JPN|SWM|M.200MBR------------.----|ME_GOLD|13174508,JPN,ME_GOLD,SWM,Swimming,M.200MBR------------.----,Men's 200m Breaststroke,A,OHASHI Shin,13174508,2026-09-24,M,[],游泳,2026-09-24,official_medal_record
JPN|SWM|M.200MIM------------.----|ME_GOLD|13175461,JPN,ME_GOLD,SWM,Swimming,M.200MIM------------.----,Men's 200m Individual Medley,A,MATSUSHITA Tomoyuki,13175461,2026-09-20,M,[],游泳,2026-09-20,official_medal_record
JPN|SWM|M.400MIM------------.----|ME_GOLD|13174045,JPN,ME_GOLD,SWM,Swimming,M.400MIM------------.----,Men's 400m Individual Medley,A,KOJIMA Yumeki,13174045,2026-09-22,M,[],游泳,2026-09-22,official_medal_record
JPN|SWM|W.200MBR------------.----|ME_GOLD|13175201,JPN,ME_GOLD,SWM,Swimming,W.200MBR------------.----,Women's 200m Breaststroke,A,KATO Kotomi,13175201,2026-09-24,W,[],游泳,2026-09-24,official_medal_record
JPN|SWM|M.100MBA------------.----|ME_SILVER|13175693,JPN,ME_SILVER,SWM,Swimming,M.100MBA------------.----,Men's 100m Backstroke,A,TAKEHARA Hidekazu,13175693,2026-09-20,M,[],游泳,2026-09-20,official_medal_record
JPN|SWM|M.1500MFR-----------.----|ME_SILVER|13176250,JPN,ME_SILVER,SWM,Swimming,M.1500MFR-----------.----,Men's 1500m Freestyle,A,TABUCHI Kaito,13176250,2026-09-22,M,[],游泳,2026-09-22,official_medal_record
JPN|SWM|M.200MIM------------.----|ME_SILVER|13174045,JPN,ME_SILVER,SWM,Swimming,M.200MIM------------.----,Men's 200m Individual Medley,A,KOJIMA Yumeki,13174045,2026-09-20,M,[],游泳,2026-09-20,official_medal_record
JPN|SWM|M.400MFR------------.----|ME_SILVER|13174613,JPN,ME_SILVER,SWM,Swimming,M.400MFR------------.----,Men's 400m Freestyle,A,IMAFUKU Kazushi,13174613,2026-09-25,M,[],游泳,2026-09-25,official_medal_record
JPN|SWM|M.400MIM------------.----|ME_SILVER|13175461,JPN,ME_SILVER,SWM,Swimming,M.400MIM------------.----,Men's 400m Individual Medley,A,MATSUSHITA Tomoyuki,13175461,2026-09-22,M,[],游泳,2026-09-22,official_medal_record
JPN|SWM|M.4X100MMD----------.----|ME_SILVER|SWMM4X100MMD---JPN01,JPN,ME_SILVER,SWM,Swimming,M.4X100MMD----------.----,Men's 4 x 100m Medley Relay,T,Japan,SWMM4X100MMD---JPN01,2026-09-22,M,"[{""Reg"": ""13175356"", ""Bib"": """", ""Org"": ""JPN"", ""OrgDesc"": ""Japan"", ""Name"": ""MURASA Tatsuya"", ""Order"": 1, ""BirthDate"": ""2007-03-27""}, {""Reg"": ""13175845"", ""Bib"": """", ""Org"": ""JPN"", ""OrgDesc"": ""Japan"", ""Name"": ""MATSUMOTO Shuya"", ""Order"": 2, ""BirthDate"": ""2000-05-10""}, {""Reg"": ""13174403"", ""Bib"": """", ""Org"": ""JPN"", ""OrgDesc"": ""Japan"", ""Name"": ""MITSUNAGA Shoon"", ""Order"": 3, ""BirthDate"": ""2005-06-28""}, {""Reg"": ""13174508"", ""Bib"": """", ""Org"": ""JPN"", ""OrgDesc"": ""Japan"", ""Name"": ""OHASHI Shin"", ""Order"": 4, ""BirthDate"": ""2009-03-05""}, {""Reg"": ""13175693"", ""Bib"": """", ""Org"": ""JPN"", ""OrgDesc"": ""Japan"", ""Name"": ""TAKEHARA Hidekazu"", ""Order"": 5, ""BirthDate"": ""2004-04-27""}, {""Reg"": ""13178018"", ""Bib"": """", ""Org"": ""JPN"", ""OrgDesc"": ""Japan"", ""Name"": ""MATSUMOTO Katsuhiro"", ""Order"": 6, ""BirthDate"": ""1997-02-28""}]",游泳,2026-09-22,official_medal_record
JPN|SWM|M.4X200MFR----------.----|ME_SILVER|SWMM4X200MFR---JPN01,JPN,ME_SILVER,SWM,Swimming,M.4X200MFR----------.----,Men's 4 x 200m Freestyle Relay,T,Japan,SWMM4X200MFR---JPN01,2026-09-21,M,"[{""Reg"": ""13174613"", ""Bib"": """", ""Org"": ""JPN"", ""OrgDesc"": ""Japan"", ""Name"": ""IMAFUKU Kazushi"", ""Order"": 1, ""BirthDate"": ""2007-05-21""}, {""Reg"": ""13173875"", ""Bib"": """", ""Org"": ""JPN"", ""OrgDesc"": ""Japan"", ""Name"": ""KURODA Kazusa"", ""Order"": 2, ""BirthDate"": ""2007-06-21""}, {""Reg"": ""13175356"", ""Bib"": """", ""Org"": ""JPN"", ""OrgDesc"": ""Japan"", ""Name"": ""MURASA Tatsuya"", ""Order"": 3, ""BirthDate"": ""2007-03-27""}, {""Reg"": ""13177808"", ""Bib"": """", ""Org"": ""JPN"", ""OrgDesc"": ""Japan"", ""Name"": ""YANAGIMOTO Konosuke"", ""Order"": 4, ""BirthDate"": ""2003-11-24""}, {""Reg"": ""13178018"", ""Bib"": """", ""Org"": ""JPN"", ""OrgDesc"": ""Japan"", ""Name"": ""MATSUMOTO Katsuhiro"", ""Order"": 5, ""BirthDate"": ""1997-02-28""}, {""Reg"": ""13175461"", ""Bib"": """", ""Org"": ""JPN"", ""OrgDesc"": ""Japan"", ""Name"": ""MATSUSHITA Tomoyuki"", ""Order"": 6, ""BirthDate"": ""2005-08-01""}]",游泳,2026-09-21,official_medal_record
JPN|SWM|M.50MBF-------------.----|ME_SILVER|13174403,JPN,ME_SILVER,SWM,Swimming,M.50MBF-------------.----,Men's 50m Butterfly,A,MITSUNAGA Shoon,13174403,2026-09-24,M,[],游泳,2026-09-24,official_medal_record
JPN|SWM|M.800MFR------------.----|ME_SILVER|13176250,JPN,ME_SILVER,SWM,Swimming,M.800MFR------------.----,Men's 800m Freestyle,A,TABUCHI Kaito,13176250,2026-09-24,M,[],游泳,2026-09-24,official_medal_record
JPN|SWM|W.100MBA------------.----|ME_SILVER|13177445,JPN,ME_SILVER,SWM,Swimming,W.100MBA------------.----,Women's 100m Backstroke,A,SHIRAI Rio,13177445,2026-09-23,W,[],游泳,2026-09-23,official_medal_record
JPN|SWM|W.100MBR------------.----|ME_SILVER|13177098,JPN,ME_SILVER,SWM,Swimming,W.100MBR------------.----,Women's 100m Breaststroke,A,SUZUKI Satomi,13177098,2026-09-23,W,[],游泳,2026-09-23,official_medal_record
JPN|SWM|W.4X100MMD----------.----|ME_SILVER|SWMW4X100MMD---JPN01,JPN,ME_SILVER,SWM,Swimming,W.4X100MMD----------.----,Women's 4 x 100m Medley Relay,T,Japan,SWMW4X100MMD---JPN01,2026-09-25,W,"[{""Reg"": ""13176740"", ""Bib"": """", ""Org"": ""JPN"", ""OrgDesc"": ""Japan"", ""Name"": ""MIZUGUCHI Chiho"", ""Order"": 0, ""BirthDate"": ""2001-08-30""}, {""Reg"": ""13176993"", ""Bib"": """", ""Org"": ""JPN"", ""OrgDesc"": ""Japan"", ""Name"": ""IKEE Rikako"", ""Order"": 1, ""BirthDate"": ""2000-07-04""}, {""Reg"": ""13177098"", ""Bib"": """", ""Org"": ""JPN"", ""OrgDesc"": ""Japan"", ""Name"": ""SUZUKI Satomi"", ""Order"": 2, ""BirthDate"": ""1991-01-29""}, {""Reg"": ""13177300"", ""Bib"": """", ""Org"": ""JPN"", ""OrgDesc"": ""Japan"", ""Name"": ""IKEMOTO Nagisa"", ""Order"": 3, ""BirthDate"": ""2002-08-25""}, {""Reg"": ""13177445"", ""Bib"": """", ""Org"": ""JPN"", ""OrgDesc"": ""Japan"", ""Name"": ""SHIRAI Rio"", ""Order"": 4, ""BirthDate"": ""1999-09-10""}]",游泳,2026-09-25,official_medal_record
JPN|SWM|W.4X200MFR----------.----|ME_SILVER|SWMW4X200MFR---JPN01,JPN,ME_SILVER,SWM,Swimming,W.4X200MFR----------.----,Women's 4 x 200m Freestyle Relay,T,Japan,SWMW4X200MFR---JPN01,2026-09-24,W,"[{""Reg"": ""13174167"", ""Bib"": """", ""Org"": ""JPN"", ""OrgDesc"": ""Japan"", ""Name"": ""SUZUKI Rio"", ""Order"": 0, ""BirthDate"": ""2005-09-14""}, {""Reg"": ""13177680"", ""Bib"": """", ""Org"": ""JPN"", ""OrgDesc"": ""Japan"", ""Name"": ""KOBORI Waka"", ""Order"": 0, ""BirthDate"": ""2000-08-10""}, {""Reg"": ""13173770"", ""Bib"": """", ""Org"": ""JPN"", ""OrgDesc"": ""Japan"", ""Name"": ""FUKUOKA Yui"", ""Order"": 1, ""BirthDate"": ""2007-09-15""}, {""Reg"": ""13174859"", ""Bib"": """", ""Org"": ""JPN"", ""OrgDesc"": ""Japan"", ""Name"": ""TAKEZAWA Ruka"", ""Order"": 2, ""BirthDate"": ""2006-05-08""}, {""Reg"": ""13177300"", ""Bib"": """", ""Org"": ""JPN"", ""OrgDesc"": ""Japan"", ""Name"": ""IKEMOTO Nagisa"", ""Order"": 3, ""BirthDate"": ""2002-08-25""}, {""Reg"": ""13177574"", ""Bib"": """", ""Org"": ""JPN"", ""OrgDesc"": ""Japan"", ""Name"": ""NAMBA Miyu"", ""Order"": 4, ""BirthDate"": ""2002-05-31""}]",游泳,2026-09-24,official_medal_record
JPN|SWM|W.50MBR-------------.----|ME_SILVER|13177098,JPN,ME_SILVER,SWM,Swimming,W.50MBR-------------.----,Women's 50m Breaststroke,A,SUZUKI Satomi,13177098,2026-09-20,W,[],游泳,2026-09-20,official_medal_record
JPN|SWM|X.4X100MMD----------.----|ME_SILVER|SWMX4X100MMD---JPN01,JPN,ME_SILVER,SWM,Swimming,X.4X100MMD----------.----,Mixed 4 x 100m Medley Relay,T,Japan,SWMX4X100MMD---JPN01,2026-09-23,X,"[{""Reg"": ""13174508"", ""Bib"": """", ""Org"": ""JPN"", ""OrgDesc"": ""Japan"", ""Name"": ""OHASHI Shin"", ""Order"": 0, ""BirthDate"": ""2009-03-05""}, {""Reg"": ""13177300"", ""Bib"": """", ""Org"": ""JPN"", ""OrgDesc"": ""Japan"", ""Name"": ""IKEMOTO Nagisa"", ""Order"": 0, ""BirthDate"": ""2002-08-25""}, {""Reg"": ""13175693"", ""Bib"": """", ""Org"": ""JPN"", ""OrgDesc"": ""Japan"", ""Name"": ""TAKEHARA Hidekazu"", ""Order"": 0, ""BirthDate"": ""2004-04-27""}, {""Reg"": ""13176740"", ""Bib"": """", ""Org"": ""JPN"", ""OrgDesc"": ""Japan"", ""Name"": ""MIZUGUCHI Chiho"", ""Order"": 0, ""BirthDate"": ""2001-08-30""}, {""Reg"": ""13176472"", ""Bib"": """", ""Org"": ""JPN"", ""OrgDesc"": ""Japan"", ""Name"": ""MATSUMOTO Shiho"", ""Order"": 0, ""BirthDate"": ""2002-04-03""}, {""Reg"": ""13176993"", ""Bib"": """", ""Org"": ""JPN"", ""OrgDesc"": ""Japan"", ""Name"": ""IKEE Rikako"", ""Order"": 0, ""BirthDate"": ""2000-07-04""}]",游泳,2026-09-23,official_medal_record
JPN|SWM|M.100MBF------------.----|ME_BRONZE|13178018,JPN,ME_BRONZE,SWM,Swimming,M.100MBF------------.----,Men's 100m Butterfly,A,MATSUMOTO Katsuhiro,13178018,2026-09-23,M,[],游泳,2026-09-23,official_medal_record
JPN|SWM|M.1500MFR-----------.----|ME_BRONZE|13174613,JPN,ME_BRONZE,SWM,Swimming,M.1500MFR-----------.----,Men's 1500m Freestyle,A,IMAFUKU Kazushi,13174613,2026-09-22,M,[],游泳,2026-09-22,official_medal_record
JPN|SWM|M.200MFR------------.----|ME_BRONZE|13175356,JPN,ME_BRONZE,SWM,Swimming,M.200MFR------------.----,Men's 200m Freestyle,A,MURASA Tatsuya,13175356,2026-09-23,M,[],游泳,2026-09-23,official_medal_record
JPN|SWM|M.4X100MFR----------.----|ME_BRONZE|SWMM4X100MFR---JPN01,JPN,ME_BRONZE,SWM,Swimming,M.4X100MFR----------.----,Men's 4 x 100m Freestyle Relay,T,Japan,SWMM4X100MFR---JPN01,2026-09-24,M,"[{""Reg"": ""13173875"", ""Bib"": """", ""Org"": ""JPN"", ""OrgDesc"": ""Japan"", ""Name"": ""KURODA Kazusa"", ""Order"": 0, ""BirthDate"": ""2007-06-21""}, {""Reg"": ""13177808"", ""Bib"": """", ""Org"": ""JPN"", ""OrgDesc"": ""Japan"", ""Name"": ""YANAGIMOTO Konosuke"", ""Order"": 0, ""BirthDate"": ""2003-11-24""}, {""Reg"": ""13174613"", ""Bib"": """", ""Org"": ""JPN"", ""OrgDesc"": ""Japan"", ""Name"": ""IMAFUKU Kazushi"", ""Order"": 0, ""BirthDate"": ""2007-05-21""}, {""Reg"": ""13174403"", ""Bib"": """", ""Org"": ""JPN"", ""OrgDesc"": ""Japan"", ""Name"": ""MITSUNAGA Shoon"", ""Order"": 1, ""BirthDate"": ""2005-06-28""}, {""Reg"": ""13175356"", ""Bib"": """", ""Org"": ""JPN"", ""OrgDesc"": ""Japan"", ""Name"": ""MURASA Tatsuya"", ""Order"": 2, ""BirthDate"": ""2007-03-27""}, {""Reg"": ""13175845"", ""Bib"": """", ""Org"": ""JPN"", ""OrgDesc"": ""Japan"", ""Name"": ""MATSUMOTO Shuya"", ""Order"": 3, ""BirthDate"": ""2000-05-10""}, {""Reg"": ""13178018"", ""Bib"": """", ""Org"": ""JPN"", ""OrgDesc"": ""Japan"", ""Name"": ""MATSUMOTO Katsuhiro"", ""Order"": 4, ""BirthDate"": ""1997-02-28""}]",游泳,2026-09-24,official_medal_record
JPN|SWM|M.50MBR-------------.----|ME_BRONZE|13174508,JPN,ME_BRONZE,SWM,Swimming,M.50MBR-------------.----,Men's 50m Breaststroke,A,OHASHI Shin,13174508,2026-09-25,M,[],游泳,2026-09-25,official_medal_record
JPN|SWM|W.100MBR------------.----|ME_BRONZE|13175201,JPN,ME_BRONZE,SWM,Swimming,W.100MBR------------.----,Women's 100m Breaststroke,A,KATO Kotomi,13175201,2026-09-23,W,[],游泳,2026-09-23,official_medal_record
JPN|SWM|W.1500MFR-----------.----|ME_BRONZE|13176614,JPN,ME_BRONZE,SWM,Swimming,W.1500MFR-----------.----,Women's 1500m Freestyle,A,KAJIMOTO Ichika,13176614,2026-09-20,W,[],游泳,2026-09-20,official_medal_record
JPN|SWM|W.200MBA------------.----|ME_BRONZE|13177445,JPN,ME_BRONZE,SWM,Swimming,W.200MBA------------.----,Women's 200m Backstroke,A,SHIRAI Rio,13177445,2026-09-22,W,[],游泳,2026-09-22,official_medal_record
JPN|SWM|W.200MBF------------.----|ME_BRONZE|13174744,JPN,ME_BRONZE,SWM,Swimming,W.200MBF------------.----,Women's 200m Butterfly,A,OKUZONO Misa,13174744,2026-09-20,W,[],游泳,2026-09-20,official_medal_record
JPN|SWM|W.200MIM------------.----|ME_BRONZE|13176888,JPN,ME_BRONZE,SWM,Swimming,W.200MIM------------.----,Women's 200m Individual Medley,A,NARITA Mio,13176888,2026-09-21,W,[],游泳,2026-09-21,official_medal_record
JPN|SWM|W.400MFR------------.----|ME_BRONZE|13176614,JPN,ME_BRONZE,SWM,Swimming,W.400MFR------------.----,Women's 400m Freestyle,A,KAJIMOTO Ichika,13176614,2026-09-22,W,[],游泳,2026-09-22,official_medal_record
JPN|SWM|W.400MIM------------.----|ME_BRONZE|13176888,JPN,ME_BRONZE,SWM,Swimming,W.400MIM------------.----,Women's 400m Individual Medley,A,NARITA Mio,13176888,2026-09-23,W,[],游泳,2026-09-23,official_medal_record
JPN|SWM|W.4X100MFR----------.----|ME_BRONZE|SWMW4X100MFR---JPN01,JPN,ME_BRONZE,SWM,Swimming,W.4X100MFR----------.----,Women's 4 x 100m Freestyle Relay,T,Japan,SWMW4X100MFR---JPN01,2026-09-20,W,"[{""Reg"": ""13176472"", ""Bib"": """", ""Org"": ""JPN"", ""OrgDesc"": ""Japan"", ""Name"": ""MATSUMOTO Shiho"", ""Order"": 0, ""BirthDate"": ""2002-04-03""}, {""Reg"": ""13174167"", ""Bib"": """", ""Org"": ""JPN"", ""OrgDesc"": ""Japan"", ""Name"": ""SUZUKI Rio"", ""Order"": 0, ""BirthDate"": ""2005-09-14""}, {""Reg"": ""13177300"", ""Bib"": """", ""Org"": ""JPN"", ""OrgDesc"": ""Japan"", ""Name"": ""IKEMOTO Nagisa"", ""Order"": 0, ""BirthDate"": ""2002-08-25""}, {""Reg"": ""13177445"", ""Bib"": """", ""Org"": ""JPN"", ""OrgDesc"": ""Japan"", ""Name"": ""SHIRAI Rio"", ""Order"": 0, ""BirthDate"": ""1999-09-10""}, {""Reg"": ""13174286"", ""Bib"": """", ""Org"": ""JPN"", ""OrgDesc"": ""Japan"", ""Name"": ""MIZOGUCHI Ayu"", ""Order"": 0, ""BirthDate"": ""2005-07-20""}, {""Reg"": ""13173770"", ""Bib"": """", ""Org"": ""JPN"", ""OrgDesc"": ""Japan"", ""Name"": ""FUKUOKA Yui"", ""Order"": 0, ""BirthDate"": ""2007-09-15""}, {""Reg"": ""13177574"", ""Bib"": """", ""Org"": ""JPN"", ""OrgDesc"": ""Japan"", ""Name"": ""NAMBA Miyu"", ""Order"": 0, ""BirthDate"": ""2002-05-31""}]",游泳,2026-09-20,official_medal_record
JPN|SWM|W.50MBF-------------.----|ME_BRONZE|13176993,JPN,ME_BRONZE,SWM,Swimming,W.50MBF-------------.----,Women's 50m Butterfly,A,IKEE Rikako,13176993,2026-09-25,W,[],游泳,2026-09-25,official_medal_record
JPN|SWM|W.800MFR------------.----|ME_BRONZE|13176614,JPN,ME_BRONZE,SWM,Swimming,W.800MFR------------.----,Women's 800m Freestyle,A,KAJIMOTO Ichika,13176614,2026-09-25,W,[],游泳,2026-09-25,official_medal_record
JPN|TEN|M.DOUBLES-----------.----|ME_GOLD|TENMDOUBLES----JPN01,JPN,ME_GOLD,TEN,Tennis,M.DOUBLES-----------.----,Men's Doubles,D,KUSUHARA Yusuke / NAKAGAWA Shunsuke,TENMDOUBLES----JPN01,2026-10-02,M,"[{""Reg"": ""3203364"", ""Bib"": """", ""Org"": ""JPN"", ""OrgDesc"": ""Japan"", ""Name"": ""KUSUHARA Yusuke"", ""Order"": 1, ""BirthDate"": ""1997-08-09""}, {""Reg"": ""3203588"", ""Bib"": """", ""Org"": ""JPN"", ""OrgDesc"": ""Japan"", ""Name"": ""NAKAGAWA Shunsuke"", ""Order"": 2, ""BirthDate"": ""2000-03-07""}]",网球,2026-10-02,official_medal_record
JPN|TEN|X.DOUBLES-----------.----|ME_GOLD|TENXDOUBLES----JPN02,JPN,ME_GOLD,TEN,Tennis,X.DOUBLES-----------.----,Mixed Doubles,D,SHIBAHARA Ena / FRIEND Jay,TENXDOUBLES----JPN02,2026-10-03,X,"[{""Reg"": ""3208021"", ""Bib"": """", ""Org"": ""JPN"", ""OrgDesc"": ""Japan"", ""Name"": ""SHIBAHARA Ena"", ""Order"": 1, ""BirthDate"": ""1998-02-12""}, {""Reg"": ""3204628"", ""Bib"": """", ""Org"": ""JPN"", ""OrgDesc"": ""Japan"", ""Name"": ""FRIEND Jay"", ""Order"": 2, ""BirthDate"": ""2003-12-22""}]",网球,2026-10-03,official_medal_record
JPN|TEN|X.DOUBLES-----------.----|ME_SILVER|TENXDOUBLES----JPN01,JPN,ME_SILVER,TEN,Tennis,X.DOUBLES-----------.----,Mixed Doubles,D,AOYAMA Shuko / KUSUHARA Yusuke,TENXDOUBLES----JPN01,2026-10-03,X,"[{""Reg"": ""3208210"", ""Bib"": """", ""Org"": ""JPN"", ""OrgDesc"": ""Japan"", ""Name"": ""AOYAMA Shuko"", ""Order"": 1, ""BirthDate"": ""1987-12-19""}, {""Reg"": ""3203364"", ""Bib"": """", ""Org"": ""JPN"", ""OrgDesc"": ""Japan"", ""Name"": ""KUSUHARA Yusuke"", ""Order"": 2, ""BirthDate"": ""1997-08-09""}]",网球,2026-10-03,official_medal_record
JPN|TEN|M.SINGLES-----------.----|ME_BRONZE|3204194,JPN,ME_BRONZE,TEN,Tennis,M.SINGLES-----------.----,Men's Singles,A,MATSUOKA Hayato,3204194,2026-10-02,M,[],网球,2026-10-02,official_medal_record
JPN|TEQ|X.DOUBLES-----------.----|ME_SILVER|TEQXDOUBLES----JPN01,JPN,ME_SILVER,TEQ,Teqball,X.DOUBLES-----------.----,Mixed Doubles,D,SAKAMOTO Yuina / WASE Akinori,TEQXDOUBLES----JPN01,2026-09-20,X,"[{""Reg"": ""3216503"", ""Bib"": """", ""Org"": ""JPN"", ""OrgDesc"": ""Japan"", ""Name"": ""SAKAMOTO Yuina"", ""Order"": 1, ""BirthDate"": ""1995-10-23""}, {""Reg"": ""3216955"", ""Bib"": """", ""Org"": ""JPN"", ""OrgDesc"": ""Japan"", ""Name"": ""WASE Akinori"", ""Order"": 2, ""BirthDate"": ""1985-09-08""}]",台克球,2026-09-20,official_medal_record
JPN|TEQ|W.SINGLES-----------.----|ME_BRONZE|3216503,JPN,ME_BRONZE,TEQ,Teqball,W.SINGLES-----------.----,Women's Singles,A,SAKAMOTO Yuina,3216503,2026-09-20,W,[],台克球,2026-09-20,official_medal_record
JPN|TKW|W.49KG--------------.FNL-|ME_BRONZE|10519044,JPN,ME_BRONZE,TKW,Taekwondo,W.49KG--------------.FNL-,Women -49kg Gold Medal Contest,A,OKAMOTO Ruka,10519044,2026-10-02,W,[],跆拳道,2026-10-02,official_medal_record
JPN|TKW|W.INDPOOM-----------.FNL-|ME_BRONZE|10519735,JPN,ME_BRONZE,TKW,Taekwondo,W.INDPOOM-----------.FNL-,Women Individual Poomsae Gold Medal Contest,A,NIWA Yuiko,10519735,2026-10-01,W,[],跆拳道,2026-10-01,official_medal_record
JPN|TRI|M.OLYMPIC-----------.----|ME_GOLD|624112,JPN,ME_GOLD,TRI,Triathlon,M.OLYMPIC-----------.----,Men's Individual,A,HOJO Takumi,624112,2026-09-20,M,[],铁人三项,2026-09-20,official_medal_record
JPN|TRI|X.TEAM4-------------.----|ME_SILVER|TRIXTEAM4------JPN01,JPN,ME_SILVER,TRI,Triathlon,X.TEAM4-------------.----,Mixed Relay,T,Japan,TRIXTEAM4------JPN01,2026-09-21,X,"[{""Reg"": ""621912"", ""Bib"": ""1/A"", ""Org"": ""JPN"", ""OrgDesc"": ""Japan"", ""Name"": ""HIRAIZUMI Mako"", ""Order"": 1, ""BirthDate"": ""2003-12-30""}, {""Reg"": ""622016"", ""Bib"": ""1/B"", ""Org"": ""JPN"", ""OrgDesc"": ""Japan"", ""Name"": ""JOZUKA Kazushi"", ""Order"": 2, ""BirthDate"": ""2004-10-28""}, {""Reg"": ""622696"", ""Bib"": ""1/C"", ""Org"": ""JPN"", ""OrgDesc"": ""Japan"", ""Name"": ""HAYASHI Manami"", ""Order"": 3, ""BirthDate"": ""2004-11-05""}, {""Reg"": ""624112"", ""Bib"": ""1/D"", ""Org"": ""JPN"", ""OrgDesc"": ""Japan"", ""Name"": ""HOJO Takumi"", ""Order"": 4, ""BirthDate"": ""1996-04-07""}]",铁人三项,2026-09-21,official_medal_record
JPN|TRI|W.OLYMPIC-----------.----|ME_BRONZE|622696,JPN,ME_BRONZE,TRI,Triathlon,W.OLYMPIC-----------.----,Women's Individual,A,HAYASHI Manami,622696,2026-09-20,W,[],铁人三项,2026-09-20,official_medal_record
JPN|TST|M.SINGLES-----------.----|ME_GOLD|12015509,JPN,ME_GOLD,TST,Soft Tennis,M.SINGLES-----------.----,Men's Singles,A,UEMATSU Toshiki,12015509,2026-09-23,M,[],软式网球,2026-09-23,official_medal_record
JPN|TST|M.TEAM--------------.----|ME_GOLD|TSTMTEAM-------JPN01,JPN,ME_GOLD,TST,Soft Tennis,M.TEAM--------------.----,Men's Team,T,Japan,TSTMTEAM-------JPN01,2026-09-20,M,"[{""Reg"": ""12013532"", ""Bib"": """", ""Org"": ""JPN"", ""OrgDesc"": ""Japan"", ""Name"": ""KUROSAKA Takuya"", ""Order"": 1, ""BirthDate"": ""2005-03-17""}, {""Reg"": ""12014721"", ""Bib"": """", ""Org"": ""JPN"", ""OrgDesc"": ""Japan"", ""Name"": ""MARUYAMA Kaito"", ""Order"": 2, ""BirthDate"": ""1997-12-04""}, {""Reg"": ""12015368"", ""Bib"": """", ""Org"": ""JPN"", ""OrgDesc"": ""Japan"", ""Name"": ""UCHIMOTO Takafumi"", ""Order"": 3, ""BirthDate"": ""1998-02-19""}, {""Reg"": ""12015509"", ""Bib"": """", ""Org"": ""JPN"", ""OrgDesc"": ""Japan"", ""Name"": ""UEMATSU Toshiki"", ""Order"": 4, ""BirthDate"": ""1998-06-11""}, {""Reg"": ""12015617"", ""Bib"": """", ""Org"": ""JPN"", ""OrgDesc"": ""Japan"", ""Name"": ""HIROOKA Sora"", ""Order"": 5, ""BirthDate"": ""1999-06-02""}]",软式网球,2026-09-20,official_medal_record
JPN|TST|W.SINGLES-----------.----|ME_GOLD|5579006,JPN,ME_GOLD,TST,Soft Tennis,W.SINGLES-----------.----,Women's Singles,A,TEMMA Rena,5579006,2026-09-23,W,[],软式网球,2026-09-23,official_medal_record
JPN|TST|W.TEAM--------------.----|ME_GOLD|TSTWTEAM-------JPN01,JPN,ME_GOLD,TST,Soft Tennis,W.TEAM--------------.----,Women's Team,T,Japan,TSTWTEAM-------JPN01,2026-09-20,W,"[{""Reg"": ""12011303"", ""Bib"": """", ""Org"": ""JPN"", ""OrgDesc"": ""Japan"", ""Name"": ""MIYAMAE Kiho"", ""Order"": 1, ""BirthDate"": ""2006-02-03""}, {""Reg"": ""12011541"", ""Bib"": """", ""Org"": ""JPN"", ""OrgDesc"": ""Japan"", ""Name"": ""MAEDA Rio"", ""Order"": 2, ""BirthDate"": ""2005-11-08""}, {""Reg"": ""12012276"", ""Bib"": """", ""Org"": ""JPN"", ""OrgDesc"": ""Japan"", ""Name"": ""NAKATANI Sakura"", ""Order"": 3, ""BirthDate"": ""2006-03-06""}, {""Reg"": ""12012947"", ""Bib"": """", ""Org"": ""JPN"", ""OrgDesc"": ""Japan"", ""Name"": ""IWAKURA Ayaka"", ""Order"": 4, ""BirthDate"": ""2002-08-22""}, {""Reg"": ""5579006"", ""Bib"": """", ""Org"": ""JPN"", ""OrgDesc"": ""Japan"", ""Name"": ""TEMMA Rena"", ""Order"": 5, ""BirthDate"": ""2007-09-11""}]",软式网球,2026-09-20,official_medal_record
JPN|TST|M.SINGLES-----------.----|ME_SILVER|12013532,JPN,ME_SILVER,TST,Soft Tennis,M.SINGLES-----------.----,Men's Singles,A,KUROSAKA Takuya,12013532,2026-09-23,M,[],软式网球,2026-09-23,official_medal_record
JPN|TST|X.DOUBLES-----------.----|ME_SILVER|TSTXDOUBLES----JPN01,JPN,ME_SILVER,TST,Soft Tennis,X.DOUBLES-----------.----,Mixed Doubles,D,UEMATSU Toshiki / TEMMA Rena,TSTXDOUBLES----JPN01,2026-09-21,X,"[{""Reg"": ""12015509"", ""Bib"": """", ""Org"": ""JPN"", ""OrgDesc"": ""Japan"", ""Name"": ""UEMATSU Toshiki"", ""Order"": 1, ""BirthDate"": ""1998-06-11""}, {""Reg"": ""5579006"", ""Bib"": """", ""Org"": ""JPN"", ""OrgDesc"": ""Japan"", ""Name"": ""TEMMA Rena"", ""Order"": 2, ""BirthDate"": ""2007-09-11""}]",软式网球,2026-09-21,official_medal_record
JPN|TST|W.SINGLES-----------.----|ME_BRONZE|12011303,JPN,ME_BRONZE,TST,Soft Tennis,W.SINGLES-----------.----,Women's Singles,A,MIYAMAE Kiho,12011303,2026-09-23,W,[],软式网球,2026-09-23,official_medal_record
JPN|TST|X.DOUBLES-----------.----|ME_BRONZE|TSTXDOUBLES----JPN02,JPN,ME_BRONZE,TST,Soft Tennis,X.DOUBLES-----------.----,Mixed Doubles,D,MARUYAMA Kaito / MAEDA Rio,TSTXDOUBLES----JPN02,2026-09-21,X,"[{""Reg"": ""12014721"", ""Bib"": """", ""Org"": ""JPN"", ""OrgDesc"": ""Japan"", ""Name"": ""MARUYAMA Kaito"", ""Order"": 1, ""BirthDate"": ""1997-12-04""}, {""Reg"": ""12011541"", ""Bib"": """", ""Org"": ""JPN"", ""OrgDesc"": ""Japan"", ""Name"": ""MAEDA Rio"", ""Order"": 2, ""BirthDate"": ""2005-11-08""}]",软式网球,2026-09-21,official_medal_record
JPN|TTE|M.TEAM--------------.----|ME_GOLD|TTEMTEAM-------JPN01,JPN,ME_GOLD,TTE,Table Tennis,M.TEAM--------------.----,Men's Team,T,Japan,TTEMTEAM-------JPN01,2026-09-24,M,"[{""Reg"": ""380315"", ""Bib"": """", ""Org"": ""JPN"", ""OrgDesc"": ""Japan"", ""Name"": ""HARIMOTO Tomokazu"", ""Order"": 1, ""BirthDate"": ""2003-06-27""}, {""Reg"": ""380420"", ""Bib"": """", ""Org"": ""JPN"", ""OrgDesc"": ""Japan"", ""Name"": ""MATSUSHIMA Sora"", ""Order"": 2, ""BirthDate"": ""2007-04-29""}, {""Reg"": ""380535"", ""Bib"": """", ""Org"": ""JPN"", ""OrgDesc"": ""Japan"", ""Name"": ""TOGAMI Shunsuke"", ""Order"": 3, ""BirthDate"": ""2001-08-24""}, {""Reg"": ""380663"", ""Bib"": """", ""Org"": ""JPN"", ""OrgDesc"": ""Japan"", ""Name"": ""UDA Yukiya"", ""Order"": 4, ""BirthDate"": ""2001-08-06""}, {""Reg"": ""380768"", ""Bib"": """", ""Org"": ""JPN"", ""OrgDesc"": ""Japan"", ""Name"": ""SHINOZUKA Hiroto"", ""Order"": 5, ""BirthDate"": ""2003-12-23""}]",乒乓球,2026-09-24,official_medal_record
JPN|TTE|M.DOUBLES-----------.----|ME_SILVER|TTEMDOUBLES----JPN01,JPN,ME_SILVER,TTE,Table Tennis,M.DOUBLES-----------.----,Men's Doubles,D,HARIMOTO Tomokazu / SHINOZUKA Hiroto,TTEMDOUBLES----JPN01,2026-09-27,M,"[{""Reg"": ""380315"", ""Bib"": """", ""Org"": ""JPN"", ""OrgDesc"": ""Japan"", ""Name"": ""HARIMOTO Tomokazu"", ""Order"": 1, ""BirthDate"": ""2003-06-27""}, {""Reg"": ""380768"", ""Bib"": """", ""Org"": ""JPN"", ""OrgDesc"": ""Japan"", ""Name"": ""SHINOZUKA Hiroto"", ""Order"": 2, ""BirthDate"": ""2003-12-23""}]",乒乓球,2026-09-27,official_medal_record
JPN|TTE|W.DOUBLES-----------.----|ME_SILVER|TTEWDOUBLES----JPN01,JPN,ME_SILVER,TTE,Table Tennis,W.DOUBLES-----------.----,Women's Doubles,D,HARIMOTO Miwa / HAYATA Hina,TTEWDOUBLES----JPN01,2026-09-28,W,"[{""Reg"": ""380921"", ""Bib"": """", ""Org"": ""JPN"", ""OrgDesc"": ""Japan"", ""Name"": ""HARIMOTO Miwa"", ""Order"": 1, ""BirthDate"": ""2008-06-16""}, {""Reg"": ""381042"", ""Bib"": """", ""Org"": ""JPN"", ""OrgDesc"": ""Japan"", ""Name"": ""HAYATA Hina"", ""Order"": 2, ""BirthDate"": ""2000-07-07""}]",乒乓球,2026-09-28,official_medal_record
JPN|TTE|W.TEAM--------------.----|ME_SILVER|TTEWTEAM-------JPN01,JPN,ME_SILVER,TTE,Table Tennis,W.TEAM--------------.----,Women's Team,T,Japan,TTEWTEAM-------JPN01,2026-09-24,W,"[{""Reg"": ""380921"", ""Bib"": """", ""Org"": ""JPN"", ""OrgDesc"": ""Japan"", ""Name"": ""HARIMOTO Miwa"", ""Order"": 1, ""BirthDate"": ""2008-06-16""}, {""Reg"": ""381042"", ""Bib"": """", ""Org"": ""JPN"", ""OrgDesc"": ""Japan"", ""Name"": ""HAYATA Hina"", ""Order"": 2, ""BirthDate"": ""2000-07-07""}, {""Reg"": ""381170"", ""Bib"": """", ""Org"": ""JPN"", ""OrgDesc"": ""Japan"", ""Name"": ""ITO Mima"", ""Order"": 3, ""BirthDate"": ""2000-10-21""}, {""Reg"": ""381277"", ""Bib"": """", ""Org"": ""JPN"", ""OrgDesc"": ""Japan"", ""Name"": ""NAGASAKI Miyu"", ""Order"": 4, ""BirthDate"": ""2002-06-15""}, {""Reg"": ""381381"", ""Bib"": """", ""Org"": ""JPN"", ""OrgDesc"": ""Japan"", ""Name"": ""MENDE Rin"", ""Order"": 5, ""BirthDate"": ""2007-12-31""}]",乒乓球,2026-09-24,official_medal_record
JPN|TTE|M.DOUBLES-----------.----|ME_BRONZE|TTEMDOUBLES----JPN02,JPN,ME_BRONZE,TTE,Table Tennis,M.DOUBLES-----------.----,Men's Doubles,D,MATSUSHIMA Sora / TOGAMI Shunsuke,TTEMDOUBLES----JPN02,2026-09-27,M,"[{""Reg"": ""380420"", ""Bib"": """", ""Org"": ""JPN"", ""OrgDesc"": ""Japan"", ""Name"": ""MATSUSHIMA Sora"", ""Order"": 1, ""BirthDate"": ""2007-04-29""}, {""Reg"": ""380535"", ""Bib"": """", ""Org"": ""JPN"", ""OrgDesc"": ""Japan"", ""Name"": ""TOGAMI Shunsuke"", ""Order"": 2, ""BirthDate"": ""2001-08-24""}]",乒乓球,2026-09-27,official_medal_record
JPN|TTE|W.SINGLES-----------.----|ME_BRONZE|380921,JPN,ME_BRONZE,TTE,Table Tennis,W.SINGLES-----------.----,Women's Singles,A,HARIMOTO Miwa,380921,2026-09-27,W,[],乒乓球,2026-09-27,official_medal_record
JPN|TTE|W.SINGLES-----------.----|ME_BRONZE|381042,JPN,ME_BRONZE,TTE,Table Tennis,W.SINGLES-----------.----,Women's Singles,A,HAYATA Hina,381042,2026-09-27,W,[],乒乓球,2026-09-27,official_medal_record
JPN|VBV|M.TEAM2-------------.FNL-|ME_BRONZE|VBVMTEAM2------JPN01,JPN,ME_BRONZE,VBV,Beach Volleyball,M.TEAM2-------------.FNL-,Men's Finals,D,KUROSAWA / MIZUMACHI,VBVMTEAM2------JPN01,2026-10-03,M,"[{""Reg"": ""1489634"", ""Bib"": ""2"", ""Org"": ""JPN"", ""OrgDesc"": ""Japan"", ""Name"": ""KUROSAWA Kota"", ""Order"": 1, ""BirthDate"": ""2004-01-26""}, {""Reg"": ""1492614"", ""Bib"": ""1"", ""Org"": ""JPN"", ""OrgDesc"": ""Japan"", ""Name"": ""MIZUMACHI Taito"", ""Order"": 2, ""BirthDate"": ""2001-09-07""}]",沙滩排球,2026-10-03,official_medal_record
JPN|VVO|M.TEAM6-------------.FNL-|ME_SILVER|VVOMTEAM6------JPN01,JPN,ME_SILVER,VVO,Volleyball,M.TEAM6-------------.FNL-,Men's Finals,T,Japan,VVOMTEAM6------JPN01,2026-10-03,M,"[{""Reg"": ""311713"", ""Bib"": ""9"", ""Org"": ""JPN"", ""OrgDesc"": ""Japan"", ""Name"": ""KAWAHIGASHI Yudai"", ""Order"": 1, ""BirthDate"": ""1998-02-07""}, {""Reg"": ""311921"", ""Bib"": ""26"", ""Org"": ""JPN"", ""OrgDesc"": ""Japan"", ""Name"": ""GOTO Rikuto"", ""Order"": 2, ""BirthDate"": ""2001-05-13""}, {""Reg"": ""312767"", ""Bib"": ""25"", ""Org"": ""JPN"", ""OrgDesc"": ""Japan"", ""Name"": ""SHIMOKAWA Ryo"", ""Order"": 3, ""BirthDate"": ""2000-01-12""}, {""Reg"": ""312976"", ""Bib"": ""24"", ""Org"": ""JPN"", ""OrgDesc"": ""Japan"", ""Name"": ""TAKAHASHI Keihan"", ""Order"": 4, ""BirthDate"": ""2003-10-13""}, {""Reg"": ""313079"", ""Bib"": ""18"", ""Org"": ""JPN"", ""OrgDesc"": ""Japan"", ""Name"": ""NISHIYAMA Hiroto"", ""Order"": 5, ""BirthDate"": ""2003-03-04""}, {""Reg"": ""314217"", ""Bib"": ""15"", ""Org"": ""JPN"", ""OrgDesc"": ""Japan"", ""Name"": ""KAI Masato"", ""Order"": 6, ""BirthDate"": ""2003-09-25""}, {""Reg"": ""314442"", ""Bib"": ""28"", ""Org"": ""JPN"", ""OrgDesc"": ""Japan"", ""Name"": ""ASANO Kento"", ""Order"": 7, ""BirthDate"": ""2004-12-24""}, {""Reg"": ""314782"", ""Bib"": ""37"", ""Org"": ""JPN"", ""OrgDesc"": ""Japan"", ""Name"": ""TAKAHASHI Kazuyuki"", ""Order"": 8, ""BirthDate"": ""2000-01-26""}, {""Reg"": ""314990"", ""Bib"": ""17"", ""Org"": ""JPN"", ""OrgDesc"": ""Japan"", ""Name"": ""NISHIMOTO Keigo"", ""Order"": 9, ""BirthDate"": ""1998-10-27""}, {""Reg"": ""315095"", ""Bib"": ""30"", ""Org"": ""JPN"", ""OrgDesc"": ""Japan"", ""Name"": ""NISHIKAWA Keitaro"", ""Order"": 10, ""BirthDate"": ""2000-04-14""}, {""Reg"": ""315222"", ""Bib"": ""7"", ""Org"": ""JPN"", ""OrgDesc"": ""Japan"", ""Name"": ""ARAI Yudai"", ""Order"": 11, ""BirthDate"": ""1998-06-27""}, {""Reg"": ""316070"", ""Bib"": ""5"", ""Org"": ""JPN"", ""OrgDesc"": ""Japan"", ""Name"": ""OTSUKA Tatsunori"", ""Order"": 12, ""BirthDate"": ""2000-11-05""}]",排球,2026-10-03,official_medal_record
JPN|VVO|W.TEAM6-------------.FNL-|ME_SILVER|VVOWTEAM6------JPN01,JPN,ME_SILVER,VVO,Volleyball,W.TEAM6-------------.FNL-,Women's Finals,T,Japan,VVOWTEAM6------JPN01,2026-09-22,W,"[{""Reg"": ""13204169"", ""Bib"": ""23"", ""Org"": ""JPN"", ""OrgDesc"": ""Japan"", ""Name"": ""INOUE Miina"", ""Order"": 1, ""BirthDate"": ""2006-01-22""}, {""Reg"": ""221364"", ""Bib"": ""22"", ""Org"": ""JPN"", ""OrgDesc"": ""Japan"", ""Name"": ""KITAMADO Ayane"", ""Order"": 2, ""BirthDate"": ""2004-07-06""}, {""Reg"": ""221468"", ""Bib"": ""21"", ""Org"": ""JPN"", ""OrgDesc"": ""Japan"", ""Name"": ""HIROTA Ai"", ""Order"": 3, ""BirthDate"": ""2003-08-23""}, {""Reg"": ""221719"", ""Bib"": ""16"", ""Org"": ""JPN"", ""OrgDesc"": ""Japan"", ""Name"": ""SHIGIHARA Hinata"", ""Order"": 4, ""BirthDate"": ""2001-02-25""}, {""Reg"": ""221823"", ""Bib"": ""13"", ""Org"": ""JPN"", ""OrgDesc"": ""Japan"", ""Name"": ""YAMAGUCHI Maki"", ""Order"": 5, ""BirthDate"": ""1999-03-13""}, {""Reg"": ""222468"", ""Bib"": ""19"", ""Org"": ""JPN"", ""OrgDesc"": ""Japan"", ""Name"": ""NISHIZAKI Mana"", ""Order"": 6, ""BirthDate"": ""2002-05-01""}, {""Reg"": ""222702"", ""Bib"": ""26"", ""Org"": ""JPN"", ""OrgDesc"": ""Japan"", ""Name"": ""AKIMOTO Miku"", ""Order"": 7, ""BirthDate"": ""2006-08-18""}, {""Reg"": ""222910"", ""Bib"": ""1"", ""Org"": ""JPN"", ""OrgDesc"": ""Japan"", ""Name"": ""WADA Yukiko"", ""Order"": 8, ""BirthDate"": ""2002-01-08""}, {""Reg"": ""223231"", ""Bib"": ""6"", ""Org"": ""JPN"", ""OrgDesc"": ""Japan"", ""Name"": ""SEKI Nanami"", ""Order"": 9, ""BirthDate"": ""1999-06-12""}, {""Reg"": ""223647"", ""Bib"": ""14"", ""Org"": ""JPN"", ""OrgDesc"": ""Japan"", ""Name"": ""SHIODE Hitomi"", ""Order"": 10, ""BirthDate"": ""1999-09-15""}, {""Reg"": ""223751"", ""Bib"": ""5"", ""Org"": ""JPN"", ""OrgDesc"": ""Japan"", ""Name"": ""SATO Yoshino"", ""Order"": 11, ""BirthDate"": ""2001-11-12""}, {""Reg"": ""223959"", ""Bib"": ""11"", ""Org"": ""JPN"", ""OrgDesc"": ""Japan"", ""Name"": ""YAMADA Nichika"", ""Order"": 12, ""BirthDate"": ""2000-02-24""}]",排球,2026-09-22,official_medal_record
JPN|WLF|M.70KG--------------.FNL-|ME_SILVER|444720,JPN,ME_SILVER,WLF,Weightlifting,M.70KG--------------.FNL-,Men's 70kg All Groups,A,MIYAMOTO Masanori,444720,2026-09-26,M,[],举重,2026-09-26,official_medal_record
JPN|WPO|M.TEAM7-------------.----|ME_GOLD|WPOMTEAM7------JPN01,JPN,ME_GOLD,WPO,Water Polo,M.TEAM7-------------.----,Men,T,Japan,WPOMTEAM7------JPN01,2026-10-03,M,"[{""Reg"": ""13963162"", ""Bib"": ""1"", ""Org"": ""JPN"", ""OrgDesc"": ""Japan"", ""Name"": ""NISHIMURA Towa"", ""Order"": 1, ""BirthDate"": ""1998-03-31""}, {""Reg"": ""13963606"", ""Bib"": ""2"", ""Org"": ""JPN"", ""OrgDesc"": ""Japan"", ""Name"": ""ADACHI Seiya"", ""Order"": 2, ""BirthDate"": ""1995-06-24""}, {""Reg"": ""13963055"", ""Bib"": ""3"", ""Org"": ""JPN"", ""OrgDesc"": ""Japan"", ""Name"": ""WATANABE Taiyo"", ""Order"": 3, ""BirthDate"": ""2001-10-04""}, {""Reg"": ""13962888"", ""Bib"": ""4"", ""Org"": ""JPN"", ""OrgDesc"": ""Japan"", ""Name"": ""OGIHARA Daichi"", ""Order"": 4, ""BirthDate"": ""2003-03-17""}, {""Reg"": ""13962232"", ""Bib"": ""5"", ""Org"": ""JPN"", ""OrgDesc"": ""Japan"", ""Name"": ""URA Enishi"", ""Order"": 5, ""BirthDate"": ""2005-01-20""}, {""Reg"": ""13962355"", ""Bib"": ""6"", ""Org"": ""JPN"", ""OrgDesc"": ""Japan"", ""Name"": ""MORIYA Yuki"", ""Order"": 6, ""BirthDate"": ""2005-04-12""}, {""Reg"": ""13963276"", ""Bib"": ""7"", ""Org"": ""JPN"", ""OrgDesc"": ""Japan"", ""Name"": ""DATE Kiyomu"", ""Order"": 7, ""BirthDate"": ""1997-04-09""}, {""Reg"": ""13963946"", ""Bib"": ""8"", ""Org"": ""JPN"", ""OrgDesc"": ""Japan"", ""Name"": ""TAKATA Mitsuru"", ""Order"": 8, ""BirthDate"": ""1995-12-08""}, {""Reg"": ""13963382"", ""Bib"": ""9"", ""Org"": ""JPN"", ""OrgDesc"": ""Japan"", ""Name"": ""NITTA Ikkei"", ""Order"": 9, ""BirthDate"": ""1998-04-23""}, {""Reg"": ""13963833"", ""Bib"": ""10"", ""Org"": ""JPN"", ""OrgDesc"": ""Japan"", ""Name"": ""INABA Yusuke"", ""Order"": 10, ""BirthDate"": ""2000-04-11""}, {""Reg"": ""13964077"", ""Bib"": ""11"", ""Org"": ""JPN"", ""OrgDesc"": ""Japan"", ""Name"": ""SUZUKI Toi"", ""Order"": 11, ""BirthDate"": ""1999-10-20""}, {""Reg"": ""13963711"", ""Bib"": ""12"", ""Org"": ""JPN"", ""OrgDesc"": ""Japan"", ""Name"": ""ARAKI Kenta"", ""Order"": 12, ""BirthDate"": ""1995-04-06""}, {""Reg"": ""13963499"", ""Bib"": ""13"", ""Org"": ""JPN"", ""OrgDesc"": ""Japan"", ""Name"": ""SASANO Ren"", ""Order"": 13, ""BirthDate"": ""2001-06-13""}, {""Reg"": ""13962119"", ""Bib"": ""14"", ""Org"": ""JPN"", ""OrgDesc"": ""Japan"", ""Name"": ""LOWREY Jun"", ""Order"": 14, ""BirthDate"": ""2005-06-05""}, {""Reg"": ""13962655"", ""Bib"": ""15"", ""Org"": ""JPN"", ""OrgDesc"": ""Japan"", ""Name"": ""INOUE Kai"", ""Order"": 15, ""BirthDate"": ""2006-12-21""}]",水球,2026-10-03,official_medal_record
JPN|WPO|W.TEAM7-------------.----|ME_SILVER|WPOWTEAM7------JPN01,JPN,ME_SILVER,WPO,Water Polo,W.TEAM7-------------.----,Women,T,Japan,WPOWTEAM7------JPN01,2026-09-24,W,"[{""Reg"": ""16645940"", ""Bib"": ""1"", ""Org"": ""JPN"", ""OrgDesc"": ""Japan"", ""Name"": ""INABA Haruka"", ""Order"": 1, ""BirthDate"": ""2002-04-16""}, {""Reg"": ""16647161"", ""Bib"": ""2"", ""Org"": ""JPN"", ""OrgDesc"": ""Japan"", ""Name"": ""ARIMA Yumi"", ""Order"": 2, ""BirthDate"": ""1997-09-09""}, {""Reg"": ""16647265"", ""Bib"": ""3"", ""Org"": ""JPN"", ""OrgDesc"": ""Japan"", ""Name"": ""INABA Akari"", ""Order"": 3, ""BirthDate"": ""1998-02-02""}, {""Reg"": ""16646938"", ""Bib"": ""4"", ""Org"": ""JPN"", ""OrgDesc"": ""Japan"", ""Name"": ""URA Eruna"", ""Order"": 4, ""BirthDate"": ""2002-10-14""}, {""Reg"": ""16647057"", ""Bib"": ""5"", ""Org"": ""JPN"", ""OrgDesc"": ""Japan"", ""Name"": ""KAWAGUCHI Kako"", ""Order"": 5, ""BirthDate"": ""1999-07-14""}, {""Reg"": ""16646817"", ""Bib"": ""6"", ""Org"": ""JPN"", ""OrgDesc"": ""Japan"", ""Name"": ""SHITARA Hikaru"", ""Order"": 6, ""BirthDate"": ""1999-06-23""}, {""Reg"": ""16646311"", ""Bib"": ""7"", ""Org"": ""JPN"", ""OrgDesc"": ""Japan"", ""Name"": ""SUNABE Ai"", ""Order"": 7, ""BirthDate"": ""2002-09-14""}, {""Reg"": ""16645836"", ""Bib"": ""8"", ""Org"": ""JPN"", ""OrgDesc"": ""Japan"", ""Name"": ""SEKINE Saya"", ""Order"": 8, ""BirthDate"": ""2003-03-23""}, {""Reg"": ""16645291"", ""Bib"": ""9"", ""Org"": ""JPN"", ""OrgDesc"": ""Japan"", ""Name"": ""OTSUBO Riko"", ""Order"": 9, ""BirthDate"": ""2004-11-17""}, {""Reg"": ""16646668"", ""Bib"": ""10"", ""Org"": ""JPN"", ""OrgDesc"": ""Japan"", ""Name"": ""NISHIYAMA Fuka"", ""Order"": 10, ""BirthDate"": ""2000-04-19""}, {""Reg"": ""16646423"", ""Bib"": ""11"", ""Org"": ""JPN"", ""OrgDesc"": ""Japan"", ""Name"": ""INOUE Momo"", ""Order"": 11, ""BirthDate"": ""2003-02-02""}, {""Reg"": ""16645603"", ""Bib"": ""12"", ""Org"": ""JPN"", ""OrgDesc"": ""Japan"", ""Name"": ""KOBAYASHI Maho"", ""Order"": 12, ""BirthDate"": ""2005-11-18""}, {""Reg"": ""16646103"", ""Bib"": ""13"", ""Org"": ""JPN"", ""OrgDesc"": ""Japan"", ""Name"": ""NODA Manami"", ""Order"": 13, ""BirthDate"": ""2000-02-02""}, {""Reg"": ""16645187"", ""Bib"": ""14"", ""Org"": ""JPN"", ""OrgDesc"": ""Japan"", ""Name"": ""LOWREY Nina"", ""Order"": 14, ""BirthDate"": ""2009-05-23""}, {""Reg"": ""16645499"", ""Bib"": ""15"", ""Org"": ""JPN"", ""OrgDesc"": ""Japan"", ""Name"": ""FUKUDA Shoka"", ""Order"": 15, ""BirthDate"": ""2006-02-02""}]",水球,2026-09-24,official_medal_record
JPN|WRE|M.GR87KG------------.FNL-|ME_GOLD|6400904,JPN,ME_GOLD,WRE,Wrestling,M.GR87KG------------.FNL-,Men's Greco-Roman 87kg Final,A,YOSHIDA Taizo,6400904,2026-09-30,M,[],摔跤,2026-09-30,official_medal_record
JPN|WRE|M.GR97KG------------.FNL-|ME_GOLD|6391536,JPN,ME_GOLD,WRE,Wrestling,M.GR97KG------------.FNL-,Men's Greco-Roman 97kg Final,A,NAKAZATO Yuri,6391536,2026-10-01,M,[],摔跤,2026-10-01,official_medal_record
JPN|WRE|W.WR50KG------------.FNL-|ME_GOLD|6397685,JPN,ME_GOLD,WRE,Wrestling,W.WR50KG------------.FNL-,Women's Wrestling 50kg Final,A,SUSAKI Yui,6397685,2026-10-02,W,[],摔跤,2026-10-02,official_medal_record
JPN|WRE|W.WR53KG------------.FNL-|ME_GOLD|12231293,JPN,ME_GOLD,WRE,Wrestling,W.WR53KG------------.FNL-,Women's Wrestling 53kg Final,A,KIYOOKA Moe,12231293,2026-10-03,W,[],摔跤,2026-10-03,official_medal_record
JPN|WRE|W.WR62KG------------.FNL-|ME_GOLD|6394385,JPN,ME_GOLD,WRE,Wrestling,W.WR62KG------------.FNL-,Women's Wrestling 62kg Final,A,OZAKI Nonoka,6394385,2026-10-01,W,[],摔跤,2026-10-01,official_medal_record
JPN|WRE|W.WR68KG------------.FNL-|ME_GOLD|12230453,JPN,ME_GOLD,WRE,Wrestling,W.WR68KG------------.FNL-,Women's Wrestling 68kg Final,A,ISHII Ami,12230453,2026-09-30,W,[],摔跤,2026-09-30,official_medal_record
JPN|WRE|W.WR76KG------------.FNL-|ME_GOLD|12230873,JPN,ME_GOLD,WRE,Wrestling,W.WR76KG------------.FNL-,Women's Wrestling 76kg Final,A,KAGAMI Yuka,12230873,2026-10-02,W,[],摔跤,2026-10-02,official_medal_record
JPN|WRE|M.FS74KG------------.FNL-|ME_SILVER|12226219,JPN,ME_SILVER,WRE,Wrestling,M.FS74KG------------.FNL-,Men's Freestyle 74kg Final,A,AOYAGI Yoshinosuke,12226219,2026-10-03,M,[],摔跤,2026-10-03,official_medal_record
JPN|WRE|M.FS86KG------------.FNL-|ME_SILVER|12230348,JPN,ME_SILVER,WRE,Wrestling,M.FS86KG------------.FNL-,Men's Freestyle 86kg Final,A,ISHIGURO Hayato,12230348,2026-10-02,M,[],摔跤,2026-10-02,official_medal_record
JPN|WRE|M.GR67KG------------.FNL-|ME_SILVER|6396801,JPN,ME_SILVER,WRE,Wrestling,M.GR67KG------------.FNL-,Men's Greco-Roman 67kg Final,A,SOGABE Kyotaro,6396801,2026-09-30,M,[],摔跤,2026-09-30,official_medal_record
JPN|WRE|M.GR77KG------------.FNL-|ME_SILVER|12231507,JPN,ME_SILVER,WRE,Wrestling,M.GR77KG------------.FNL-,Men's Greco-Roman 77kg Final,A,KUSAKA Nao,12231507,2026-10-01,M,[],摔跤,2026-10-01,official_medal_record
JPN|WRE|M.FS65KG------------.FNL-|ME_BRONZE|12231398,JPN,ME_BRONZE,WRE,Wrestling,M.FS65KG------------.FNL-,Men's Freestyle 65kg Final,A,KIYOOKA Kotaro,12231398,2026-10-02,M,[],摔跤,2026-10-02,official_medal_record
JPN|WRE|M.FS97KG------------.FNL-|ME_BRONZE|6401147,JPN,ME_BRONZE,WRE,Wrestling,M.FS97KG------------.FNL-,Men's Freestyle 97kg Final,A,YOSHIDA Arash,6401147,2026-10-03,M,[],摔跤,2026-10-03,official_medal_record
JPN|WRE|M.GR60KG------------.FNL-|ME_BRONZE|6397936,JPN,ME_BRONZE,WRE,Wrestling,M.GR60KG------------.FNL-,Men's Greco-Roman 60kg Final,A,SUZUKI Ayata,6397936,2026-10-01,M,[],摔跤,2026-10-01,official_medal_record
JPN|WRE|W.WR57KG------------.FNL-|ME_BRONZE|12227549,JPN,ME_BRONZE,WRE,Wrestling,W.WR57KG------------.FNL-,Women's Wrestling 57kg Final,A,FUJINAMI Akari,12227549,2026-10-03,W,[],摔跤,2026-10-03,official_medal_record
JPN|WSU|W.JIAN--------------.FNL-|ME_SILVER|1089809,JPN,ME_SILVER,WSU,Wushu,W.JIAN--------------.FNL-,Women's Jianshu & Qiangshu,A,KIDA Nanoha,1089809,2026-09-23,W,[],武术,2026-09-23,official_medal_record
JPN|WSU|W.TAIJ--------------.FNL-|ME_SILVER|1089523,JPN,ME_SILVER,WSU,Wushu,W.TAIJ--------------.FNL-,Women's Taijiquan & Taijijian,A,SAITO Shiho,1089523,2026-09-20,W,[],武术,2026-09-20,official_medal_record
JOR|BOX|M.70KG--------------.----|ME_SILVER|1951036,JOR,ME_SILVER,BOX,Boxing,M.70KG--------------.----,Men's 70kg,A,EASHASH Zeyad,1951036,2026-10-02,M,[],拳击,2026-10-02,official_medal_record
JOR|BOX|M.80KG--------------.----|ME_BRONZE|9740949,JOR,ME_BRONZE,BOX,Boxing,M.80KG--------------.----,Men's 80kg,A,IASHAISH Hussein,9740949,2026-09-29,M,[],拳击,2026-09-29,official_medal_record
JOR|JJI|M.77KG--------------.FNL-|ME_SILVER|12810019,JOR,ME_SILVER,JJI,Jiu Jitsu,M.77KG--------------.FNL-,Men -77kg Final - Gold Medal,A,JABR Mahmoud,12810019,2026-10-02,M,[],柔术,2026-10-02,official_medal_record
JOR|KTE|M.84KG--------------.FNL-|ME_GOLD|16573634,JOR,ME_GOLD,KTE,Karate,M.84KG--------------.FNL-,Men's Kumite -84kg Final,A,ALJA'FARI Mohammad,16573634,2026-09-22,M,[],空手道,2026-09-22,official_medal_record
JOR|KTE|W.68KG--------------.FNL-|ME_SILVER|9153606,JOR,ME_SILVER,KTE,Karate,W.68KG--------------.FNL-,Women's Kumite -68kg Final,A,ALDROUS Joud,9153606,2026-09-21,W,[],空手道,2026-09-21,official_medal_record
JOR|KTE|M.67KG--------------.FNL-|ME_BRONZE|16573079,JOR,ME_BRONZE,KTE,Karate,M.67KG--------------.FNL-,Men's Kumite -67kg Final,A,ALMASATFA Abdel Rahman,16573079,2026-09-21,M,[],空手道,2026-09-21,official_medal_record
JOR|TKW|W.57KG--------------.FNL-|ME_GOLD|1549759,JOR,ME_GOLD,TKW,Taekwondo,W.57KG--------------.FNL-,Women -57kg Gold Medal Contest,A,KHIRFAN Fadia,1549759,2026-10-03,W,[],跆拳道,2026-10-03,official_medal_record
JOR|TKW|M.58KG--------------.FNL-|ME_BRONZE|16563495,JOR,ME_BRONZE,TKW,Taekwondo,M.58KG--------------.FNL-,Men -58kg Gold Medal Contest,A,ALDAOUD Jafar,16563495,2026-10-02,M,[],跆拳道,2026-10-02,official_medal_record
JOR|TKW|M.68KG--------------.FNL-|ME_BRONZE|9142353,JOR,ME_BRONZE,TKW,Taekwondo,M.68KG--------------.FNL-,Men -68kg Gold Medal Contest,A,ABDUL KAREEM Zaid,9142353,2026-10-03,M,[],跆拳道,2026-10-03,official_medal_record
JOR|TKW|M.80KG--------------.FNL-|ME_BRONZE|16564131,JOR,ME_BRONZE,TKW,Taekwondo,M.80KG--------------.FNL-,Men -80kg Gold Medal Contest,A,ELSHARABATY Saleh,16564131,2026-10-02,M,[],跆拳道,2026-10-02,official_medal_record
JOR|TKW|M.O80KG-------------.FNL-|ME_BRONZE|5670350,JOR,ME_BRONZE,TKW,Taekwondo,M.O80KG-------------.FNL-,Men +80kg Gold Medal Contest,A,ALADARBI Mohammad,5670350,2026-10-03,M,[],跆拳道,2026-10-03,official_medal_record
KAZ|ATH|W.3000MST-----------.----|ME_SILVER|16515531,KAZ,ME_SILVER,ATH,Athletics,W.3000MST-----------.----,Women's 3000m Steeplechase,A,TANUI Norah Jeruto,16515531,2026-09-27,W,[],田径,2026-09-27,official_medal_record
KAZ|ATH|W.400MHURD----------.----|ME_SILVER|16513679,KAZ,ME_SILVER,ATH,Athletics,W.400MHURD----------.----,Women's 400m Hurdles,A,ZEMS Adelina,16513679,2026-09-28,W,[],田径,2026-09-28,official_medal_record
KAZ|ATH|W.HIGHJUMP----------.----|ME_SILVER|16514932,KAZ,ME_SILVER,ATH,Athletics,W.HIGHJUMP----------.----,Women's High Jump,A,OVCHINNIKOVA Kristina,16514932,2026-09-29,W,[],田径,2026-09-29,official_medal_record
KAZ|ATH|W.WALKHM------------.----|ME_SILVER|16512782,KAZ,ME_SILVER,ATH,Athletics,W.WALKHM------------.----,Women's Half Marathon Race Walk,A,MOROZOVA Kristina,16512782,2026-09-23,W,[],田径,2026-09-23,official_medal_record
KAZ|ATH|W.HEPTATH-----------.----|ME_BRONZE|16513157,KAZ,ME_BRONZE,ATH,Athletics,W.HEPTATH-----------.----,Women's Heptathlon,A,CHISTYAKOVA Alina,16513157,2026-09-25,W,[],田径,2026-09-25,official_medal_record
KAZ|ATH|W.PLEVAULT----------.----|ME_BRONZE|2384867,KAZ,ME_BRONZE,ATH,Athletics,W.PLEVAULT----------.----,Women's Pole Vault,A,IVANOVA Polina,2384867,2026-09-25,W,[],田径,2026-09-25,official_medal_record
KAZ|BOX|M.70KG--------------.----|ME_GOLD|11352861,KAZ,ME_GOLD,BOX,Boxing,M.70KG--------------.----,Men's 70kg,A,SABYRKHAN Torekhan,11352861,2026-10-02,M,[],拳击,2026-10-02,official_medal_record
KAZ|BOX|M.O90KG-------------.----|ME_GOLD|11352994,KAZ,ME_GOLD,BOX,Boxing,M.O90KG-------------.----,Men's +90kg,A,ORALBAY Aibek,11352994,2026-10-02,M,[],拳击,2026-10-02,official_medal_record
KAZ|BOX|M.55KG--------------.----|ME_BRONZE|11352634,KAZ,ME_BRONZE,BOX,Boxing,M.55KG--------------.----,Men's 55kg,A,SABYRKHAN Makhmud,11352634,2026-09-30,M,[],拳击,2026-09-30,official_medal_record
KAZ|BOX|W.51KG--------------.----|ME_BRONZE|11347980,KAZ,ME_BRONZE,BOX,Boxing,W.51KG--------------.----,Women's 51kg,A,BALKIBEKOVA Alua,11347980,2026-09-30,W,[],拳击,2026-09-30,official_medal_record
KAZ|BOX|W.75KG--------------.----|ME_BRONZE|11348292,KAZ,ME_BRONZE,BOX,Boxing,W.75KG--------------.----,Women's 75kg,A,BOGDANOVA Natalya,11348292,2026-09-30,W,[],拳击,2026-09-30,official_medal_record
KAZ|CLB|M.SPEED4------------.FNL-|ME_BRONZE|3999620,KAZ,ME_BRONZE,CLB,Sport Climbing,M.SPEED4------------.FNL-,Men's Speed 4 Final,A,TOKTAROV Damir,3999620,2026-10-01,M,[],运动攀岩,2026-10-01,official_medal_record
KAZ|CRD|M.RR----------------.----|ME_GOLD|1549768,KAZ,ME_GOLD,CRD,Cycling Road,M.RR----------------.----,Men's Road Race,A,LUTSENKO Alexey,1549768,2026-09-23,M,[],公路自行车,2026-09-23,official_medal_record
KAZ|CRD|M.TT----------------.----|ME_GOLD|1549768,KAZ,ME_GOLD,CRD,Cycling Road,M.TT----------------.----,Men's Individual Time Trial,A,LUTSENKO Alexey,1549768,2026-09-20,M,[],公路自行车,2026-09-20,official_medal_record
KAZ|CRD|W.TT----------------.----|ME_GOLD|1551011,KAZ,ME_GOLD,CRD,Cycling Road,W.TT----------------.----,Women's Individual Time Trial,A,SULTANOVA Rinata,1551011,2026-09-20,W,[],公路自行车,2026-09-20,official_medal_record
KAZ|CRD|M.RR----------------.----|ME_SILVER|1549884,KAZ,ME_SILVER,CRD,Cycling Road,M.RR----------------.----,Men's Road Race,A,FEDOROV Yevgeniy,1549884,2026-09-23,M,[],公路自行车,2026-09-23,official_medal_record
KAZ|CSL|M.K1----------------.----|ME_BRONZE|1552277,KAZ,ME_BRONZE,CSL,Canoe Slalom,M.K1----------------.----,Men's Kayak Single,A,KOROBOV Alexandr,1552277,2026-10-02,M,[],皮划艇激流回旋,2026-10-02,official_medal_record
KAZ|CSL|W.C1----------------.----|ME_BRONZE|1552909,KAZ,ME_BRONZE,CSL,Canoe Slalom,W.C1----------------.----,Women's Canoe Single,A,ANANYEVA Anastassiya,1552909,2026-10-02,W,[],皮划艇激流回旋,2026-10-02,official_medal_record
KAZ|CSL|W.K1----------------.----|ME_BRONZE|1552772,KAZ,ME_BRONZE,CSL,Canoe Slalom,W.K1----------------.----,Women's Kayak Single,A,TARANTSEVA Yekaterina,1552772,2026-10-02,W,[],皮划艇激流回旋,2026-10-02,official_medal_record
KAZ|CSP|W.K2-500M-----------.FNL-|ME_SILVER|CSPWK2-500M----KAZ01,KAZ,ME_SILVER,CSP,Canoe Sprint,W.K2-500M-----------.FNL-,Women's Kayak Double 500m Final,D,SHMELYOVA Olga / TOKARNITSKAYA Tatyana,CSPWK2-500M----KAZ01,2026-09-24,W,"[{""Reg"": ""6007782"", ""Bib"": """", ""Org"": ""KAZ"", ""OrgDesc"": ""Kazakhstan"", ""Name"": ""SHMELYOVA Olga"", ""Order"": 1, ""BirthDate"": ""1990-02-17""}, {""Reg"": ""6008612"", ""Bib"": """", ""Org"": ""KAZ"", ""OrgDesc"": ""Kazakhstan"", ""Name"": ""TOKARNITSKAYA Tatyana"", ""Order"": 2, ""BirthDate"": ""1997-01-12""}]",皮划艇静水,2026-09-24,official_medal_record
KAZ|CSP|M.C2-500M-----------.FNL-|ME_BRONZE|CSPMC2-500M----KAZ01,KAZ,ME_BRONZE,CSP,Canoe Sprint,M.C2-500M-----------.FNL-,Men's Canoe Double 500m Final,D,YEMELYANOV Sergey / YEMELYANOV Timofey,CSPMC2-500M----KAZ01,2026-09-24,M,"[{""Reg"": ""6009506"", ""Bib"": """", ""Org"": ""KAZ"", ""OrgDesc"": ""Kazakhstan"", ""Name"": ""YEMELYANOV Sergey"", ""Order"": 1, ""BirthDate"": ""1995-05-19""}, {""Reg"": ""6009625"", ""Bib"": """", ""Org"": ""KAZ"", ""OrgDesc"": ""Kazakhstan"", ""Name"": ""YEMELYANOV Timofey"", ""Order"": 2, ""BirthDate"": ""1993-06-14""}]",皮划艇静水,2026-09-24,official_medal_record
KAZ|CSP|M.K1-500M-----------.FNL-|ME_BRONZE|6006030,KAZ,ME_BRONZE,CSP,Canoe Sprint,M.K1-500M-----------.FNL-,Men's Kayak Single 500m Finals,A,KHOLMOGOROV Dmitriy,6006030,2026-09-26,M,[],皮划艇静水,2026-09-26,official_medal_record
KAZ|CSP|W.K1-500M-----------.FNL-|ME_BRONZE|6008185,KAZ,ME_BRONZE,CSP,Canoe Sprint,W.K1-500M-----------.FNL-,Women's Kayak Single 500m Final,A,SUKHANOVA Stella,6008185,2026-09-26,W,[],皮划艇静水,2026-09-26,official_medal_record
KAZ|CSP|W.K4-500M-----------.FNL-|ME_BRONZE|CSPWK4-500M----KAZ01,KAZ,ME_BRONZE,CSP,Canoe Sprint,W.K4-500M-----------.FNL-,Women's Kayak Four 500m Final,T,Kazakhstan,CSPWK4-500M----KAZ01,2026-09-25,W,"[{""Reg"": ""6007782"", ""Bib"": """", ""Org"": ""KAZ"", ""OrgDesc"": ""Kazakhstan"", ""Name"": ""SHMELYOVA Olga"", ""Order"": 1, ""BirthDate"": ""1990-02-17""}, {""Reg"": ""6008612"", ""Bib"": """", ""Org"": ""KAZ"", ""OrgDesc"": ""Kazakhstan"", ""Name"": ""TOKARNITSKAYA Tatyana"", ""Order"": 2, ""BirthDate"": ""1997-01-12""}, {""Reg"": ""6008185"", ""Bib"": """", ""Org"": ""KAZ"", ""OrgDesc"": ""Kazakhstan"", ""Name"": ""SUKHANOVA Stella"", ""Order"": 3, ""BirthDate"": ""2003-01-10""}, {""Reg"": ""6010098"", ""Bib"": """", ""Org"": ""KAZ"", ""OrgDesc"": ""Kazakhstan"", ""Name"": ""KOSTENKO Evelina"", ""Order"": 4, ""BirthDate"": ""2009-10-29""}]",皮划艇静水,2026-09-25,official_medal_record
KAZ|CSP|X.C2-500M-----------.FNL-|ME_BRONZE|CSPXC2-500M----KAZ01,KAZ,ME_BRONZE,CSP,Canoe Sprint,X.C2-500M-----------.FNL-,Mixed Canoe Double 500m Final,D,YEMELYANOV Sergey / ISKAKOVA Rufina,CSPXC2-500M----KAZ01,2026-09-26,X,"[{""Reg"": ""6009506"", ""Bib"": """", ""Org"": ""KAZ"", ""OrgDesc"": ""Kazakhstan"", ""Name"": ""YEMELYANOV Sergey"", ""Order"": 1, ""BirthDate"": ""1995-05-19""}, {""Reg"": ""6005820"", ""Bib"": """", ""Org"": ""KAZ"", ""OrgDesc"": ""Kazakhstan"", ""Name"": ""ISKAKOVA Rufina"", ""Order"": 2, ""BirthDate"": ""2003-10-13""}]",皮划艇静水,2026-09-26,official_medal_record
KAZ|CTR|W.OMNIUM------------.----|ME_SILVER|1551011,KAZ,ME_SILVER,CTR,Cycling Track,W.OMNIUM------------.----,Women's Omnium,A,SULTANOVA Rinata,1551011,2026-10-02,W,[],场地自行车,2026-10-02,official_medal_record
KAZ|FEN|M.TEAMEPEE----------.----|ME_GOLD|FENMTEAMEPEE---KAZ01,KAZ,ME_GOLD,FEN,Fencing,M.TEAMEPEE----------.----,Men's Épée Team,T,Kazakhstan,FENMTEAMEPEE---KAZ01,2026-09-27,M,"[{""Reg"": ""12891847"", ""Bib"": """", ""Org"": ""KAZ"", ""OrgDesc"": ""Kazakhstan"", ""Name"": ""SHARLAIMOV Vadim"", ""Order"": 1, ""BirthDate"": ""1996-12-09""}, {""Reg"": ""9168828"", ""Bib"": """", ""Org"": ""KAZ"", ""OrgDesc"": ""Kazakhstan"", ""Name"": ""SERTAY Yerlik"", ""Order"": 2, ""BirthDate"": ""1998-09-19""}, {""Reg"": ""9168923"", ""Bib"": """", ""Org"": ""KAZ"", ""OrgDesc"": ""Kazakhstan"", ""Name"": ""PROKHODOV Kirill"", ""Order"": 3, ""BirthDate"": ""2007-01-17""}, {""Reg"": ""9169398"", ""Bib"": """", ""Org"": ""KAZ"", ""OrgDesc"": ""Kazakhstan"", ""Name"": ""KURBANOV Ruslan"", ""Order"": 4, ""BirthDate"": ""1991-09-17""}]",击剑,2026-09-27,official_medal_record
KAZ|FEN|M.EPEE--------------.----|ME_SILVER|9168923,KAZ,ME_SILVER,FEN,Fencing,M.EPEE--------------.----,Men's Épée Individual,A,PROKHODOV Kirill,9168923,2026-09-24,M,[],击剑,2026-09-24,official_medal_record
KAZ|FEN|M.SABRE-------------.----|ME_BRONZE|9169493,KAZ,ME_BRONZE,FEN,Fencing,M.SABRE-------------.----,Men's Sabre Individual,A,SARKISSYAN Artyom,9169493,2026-09-23,M,[],击剑,2026-09-23,official_medal_record
KAZ|FEN|M.TEAMSABR----------.----|ME_BRONZE|FENMTEAMSABR---KAZ01,KAZ,ME_BRONZE,FEN,Fencing,M.TEAMSABR----------.----,Men's Sabre Team,T,Kazakhstan,FENMTEAMSABR---KAZ01,2026-09-26,M,"[{""Reg"": ""12847099"", ""Bib"": """", ""Org"": ""KAZ"", ""OrgDesc"": ""Kazakhstan"", ""Name"": ""ZHAILYBAY Nurmukhammed"", ""Order"": 1, ""BirthDate"": ""2006-10-26""}, {""Reg"": ""12892051"", ""Bib"": """", ""Org"": ""KAZ"", ""OrgDesc"": ""Kazakhstan"", ""Name"": ""SATTARKHAN Nazarbay"", ""Order"": 2, ""BirthDate"": ""1998-01-10""}, {""Reg"": ""12892153"", ""Bib"": """", ""Org"": ""KAZ"", ""OrgDesc"": ""Kazakhstan"", ""Name"": ""ERGASHBAY Kuanysh"", ""Order"": 3, ""BirthDate"": ""2004-09-05""}, {""Reg"": ""9169493"", ""Bib"": """", ""Org"": ""KAZ"", ""OrgDesc"": ""Kazakhstan"", ""Name"": ""SARKISSYAN Artyom"", ""Order"": 4, ""BirthDate"": ""1999-09-06""}]",击剑,2026-09-26,official_medal_record
KAZ|FEN|W.TEAMEPEE----------.----|ME_BRONZE|FENWTEAMEPEE---KAZ01,KAZ,ME_BRONZE,FEN,Fencing,W.TEAMEPEE----------.----,Women's Épée Team,T,Kazakhstan,FENWTEAMEPEE---KAZ01,2026-09-25,W,"[{""Reg"": ""12891949"", ""Bib"": """", ""Org"": ""KAZ"", ""OrgDesc"": ""Kazakhstan"", ""Name"": ""SAMODELKINA Daria"", ""Order"": 1, ""BirthDate"": ""2010-06-23""}, {""Reg"": ""12893001"", ""Bib"": """", ""Org"": ""KAZ"", ""OrgDesc"": ""Kazakhstan"", ""Name"": ""NIKOLAICHUK Sofiya"", ""Order"": 2, ""BirthDate"": ""2002-07-20""}, {""Reg"": ""1575208"", ""Bib"": """", ""Org"": ""KAZ"", ""OrgDesc"": ""Kazakhstan"", ""Name"": ""BAKALDINA Irina"", ""Order"": 3, ""BirthDate"": ""1997-07-29""}, {""Reg"": ""9169018"", ""Bib"": """", ""Org"": ""KAZ"", ""OrgDesc"": ""Kazakhstan"", ""Name"": ""ANDREYEVA Vladislava"", ""Order"": 4, ""BirthDate"": ""2001-05-18""}]",击剑,2026-09-25,official_medal_record
KAZ|GAR|M.1APFX-------------.----|ME_SILVER|12887109,KAZ,ME_SILVER,GAR,Artistic Gymnastics,M.1APFX-------------.----,Men's Floor Exercise,A,KARIMI Milad,12887109,2026-09-24,M,[],竞技体操,2026-09-24,official_medal_record
KAZ|GRY|W.5AA---------------.FNL-|ME_BRONZE|GRYW5AA--------KAZ01,KAZ,ME_BRONZE,GRY,Rhythmic Gymnastics,W.5AA---------------.FNL-,Group All-Around Final,T,Kazakhstan,GRYW5AA--------KAZ01,2026-10-03,W,"[{""Reg"": ""12889549"", ""Bib"": """", ""Org"": ""KAZ"", ""OrgDesc"": ""Kazakhstan"", ""Name"": ""JUNUSBAYEVA Jasmine"", ""Order"": 1, ""BirthDate"": ""2008-08-27""}, {""Reg"": ""12889761"", ""Bib"": """", ""Org"": ""KAZ"", ""OrgDesc"": ""Kazakhstan"", ""Name"": ""KHAKIMZHANOVA Aida"", ""Order"": 2, ""BirthDate"": ""2008-01-29""}, {""Reg"": ""12889868"", ""Bib"": """", ""Org"": ""KAZ"", ""OrgDesc"": ""Kazakhstan"", ""Name"": ""MYRZABAY Madina"", ""Order"": 3, ""BirthDate"": ""2008-01-01""}, {""Reg"": ""12889970"", ""Bib"": """", ""Org"": ""KAZ"", ""OrgDesc"": ""Kazakhstan"", ""Name"": ""NURMAGAMBETOVA Aizere"", ""Order"": 4, ""BirthDate"": ""2008-02-13""}, {""Reg"": ""12890103"", ""Bib"": """", ""Org"": ""KAZ"", ""OrgDesc"": ""Kazakhstan"", ""Name"": ""CHEPULSKAYA Kristina"", ""Order"": 5, ""BirthDate"": ""2008-04-16""}]",艺术体操,2026-10-03,official_medal_record
KAZ|GTR|M.1TRA--------------.----|ME_BRONZE|3993686,KAZ,ME_BRONZE,GTR,Trampoline Gymnastics,M.1TRA--------------.----,Men,A,TASMAGAMBETOV Yerlan,3993686,2026-09-27,M,[],蹦床,2026-09-27,official_medal_record
KAZ|JJI|M.69KG--------------.FNL-|ME_SILVER|9167213,KAZ,ME_SILVER,JJI,Jiu Jitsu,M.69KG--------------.FNL-,Men -69kg Final - Gold Medal,A,BATYRBEKOV Nurzhan,9167213,2026-10-01,M,[],柔术,2026-10-01,official_medal_record
KAZ|JJI|M.85KG--------------.FNL-|ME_SILVER|13032420,KAZ,ME_SILVER,JJI,Jiu Jitsu,M.85KG--------------.FNL-,Men -85kg Final - Gold Medal,A,KABDULLAYEV Merey,13032420,2026-10-03,M,[],柔术,2026-10-03,official_medal_record
KAZ|JJI|M.77KG--------------.FNL-|ME_BRONZE|9167308,KAZ,ME_BRONZE,JJI,Jiu Jitsu,M.77KG--------------.FNL-,Men -77kg Final - Gold Medal,A,BOLATBEK Seiilkhan,9167308,2026-10-02,M,[],柔术,2026-10-02,official_medal_record
KAZ|JJI|W.48KG--------------.----|ME_BRONZE|9167498,KAZ,ME_BRONZE,JJI,Jiu Jitsu,W.48KG--------------.----,Women -48kg,A,KULUMBETOVA Zhibek,9167498,2026-10-01,W,[],柔术,2026-10-01,official_medal_record
KAZ|JJI|W.63KG--------------.FNL-|ME_BRONZE|12891467,KAZ,ME_BRONZE,JJI,Jiu Jitsu,W.63KG--------------.FNL-,Women -63kg Final - Gold Medal,A,ZHURAVLEVA Marian,12891467,2026-10-03,W,[],柔术,2026-10-03,official_medal_record
KAZ|JUD|M.60KG--------------.FNL-|ME_SILVER|721491,KAZ,ME_SILVER,JUD,Judo,M.60KG--------------.FNL-,Men -60 kg Final,A,SMETOV Yeldos,721491,2026-09-30,M,[],柔道,2026-09-30,official_medal_record
KAZ|JUD|M.81KG--------------.FNL-|ME_SILVER|721790,KAZ,ME_SILVER,JUD,Judo,M.81KG--------------.FNL-,Men -81 kg Final,A,ALMAT Adilet,721790,2026-10-01,M,[],柔道,2026-10-01,official_medal_record
KAZ|JUD|W.48KG--------------.FNL-|ME_SILVER|721247,KAZ,ME_SILVER,JUD,Judo,W.48KG--------------.FNL-,Women -48 kg Final,A,ABUZHAKYNOVA Abiba,721247,2026-09-30,W,[],柔道,2026-09-30,official_medal_record
KAZ|JUD|W.70KG--------------.FNL-|ME_SILVER|726597,KAZ,ME_SILVER,JUD,Judo,W.70KG--------------.FNL-,Women -70 kg Final,A,ASKHAT Azhar,726597,2026-10-01,W,[],柔道,2026-10-01,official_medal_record
KAZ|JUD|X.TEAM6-------------.FNL-|ME_SILVER|JUDXTEAM6------KAZ01,KAZ,ME_SILVER,JUD,Judo,X.TEAM6-------------.FNL-,Mixed Team Final,T,Kazakhstan,JUDXTEAM6------KAZ01,2026-10-03,X,"[{""Reg"": ""2812603"", ""Bib"": """", ""Org"": ""KAZ"", ""OrgDesc"": ""Kazakhstan"", ""Name"": ""ABDURAKHMANOV Bakhitzhan"", ""Order"": 1, ""BirthDate"": ""1999-05-05""}, {""Reg"": ""721790"", ""Bib"": """", ""Org"": ""KAZ"", ""OrgDesc"": ""Kazakhstan"", ""Name"": ""ALMAT Adilet"", ""Order"": 2, ""BirthDate"": ""2004-08-23""}, {""Reg"": ""722207"", ""Bib"": """", ""Org"": ""KAZ"", ""OrgDesc"": ""Kazakhstan"", ""Name"": ""ARAPOV Aidar"", ""Order"": 3, ""BirthDate"": ""2002-08-08""}, {""Reg"": ""723925"", ""Bib"": """", ""Org"": ""KAZ"", ""OrgDesc"": ""Kazakhstan"", ""Name"": ""KYRGYZBAYEV Gusman"", ""Order"": 4, ""BirthDate"": ""1992-09-28""}, {""Reg"": ""725179"", ""Bib"": """", ""Org"": ""KAZ"", ""OrgDesc"": ""Kazakhstan"", ""Name"": ""ABDIROVA Dana"", ""Order"": 5, ""BirthDate"": ""2005-07-23""}, {""Reg"": ""726012"", ""Bib"": """", ""Org"": ""KAZ"", ""OrgDesc"": ""Kazakhstan"", ""Name"": ""KUYULOVA Esmigul"", ""Order"": 6, ""BirthDate"": ""2002-05-11""}, {""Reg"": ""726303"", ""Bib"": """", ""Org"": ""KAZ"", ""OrgDesc"": ""Kazakhstan"", ""Name"": ""BAIKAMUROV Marat"", ""Order"": 7, ""BirthDate"": ""1998-04-07""}, {""Reg"": ""726597"", ""Bib"": """", ""Org"": ""KAZ"", ""OrgDesc"": ""Kazakhstan"", ""Name"": ""ASKHAT Azhar"", ""Order"": 8, ""BirthDate"": ""2005-05-22""}, {""Reg"": ""727797"", ""Bib"": """", ""Org"": ""KAZ"", ""OrgDesc"": ""Kazakhstan"", ""Name"": ""TOISHIBEKOVA Aida"", ""Order"": 9, ""BirthDate"": ""2003-07-29""}, {""Reg"": ""728878"", ""Bib"": """", ""Org"": ""KAZ"", ""OrgDesc"": ""Kazakhstan"", ""Name"": ""KAZHYBAYEV Yerassyl"", ""Order"": 10, ""BirthDate"": ""1994-07-04""}, {""Reg"": ""729196"", ""Bib"": """", ""Org"": ""KAZ"", ""OrgDesc"": ""Kazakhstan"", ""Name"": ""TOKAREVA Ekaterina"", ""Order"": 11, ""BirthDate"": ""1997-08-13""}, {""Reg"": ""729849"", ""Bib"": """", ""Org"": ""KAZ"", ""OrgDesc"": ""Kazakhstan"", ""Name"": ""SARSENOVA Meruyert"", ""Order"": 12, ""BirthDate"": ""2000-12-12""}]",柔道,2026-10-03,official_medal_record
KAZ|JUD|W.63KG--------------.FNL-|ME_BRONZE|726012,KAZ,ME_BRONZE,JUD,Judo,W.63KG--------------.FNL-,Women -63 kg Final,A,KUYULOVA Esmigul,726012,2026-10-01,W,[],柔道,2026-10-01,official_medal_record
KAZ|JUD|W.78KG--------------.FNL-|ME_BRONZE|729196,KAZ,ME_BRONZE,JUD,Judo,W.78KG--------------.FNL-,Women -78 kg Final,A,TOKAREVA Ekaterina,729196,2026-10-02,W,[],柔道,2026-10-02,official_medal_record
KAZ|KTE|M.55KG--------------.FNL-|ME_GOLD|3974882,KAZ,ME_GOLD,KTE,Karate,M.55KG--------------.FNL-,Men's Kumite -55kg Final,A,BIGABYL Zholaman,3974882,2026-09-20,M,[],空手道,2026-09-20,official_medal_record
KAZ|KTE|W.O68KG-------------.FNL-|ME_GOLD|3974472,KAZ,ME_GOLD,KTE,Karate,W.O68KG-------------.FNL-,Women's Kumite +68kg Final,A,BERULTSEVA Sofya,3974472,2026-09-20,W,[],空手道,2026-09-20,official_medal_record
KAZ|KTE|W.61KG--------------.FNL-|ME_SILVER|3974575,KAZ,ME_SILVER,KTE,Karate,W.61KG--------------.FNL-,Women's Kumite -61kg Final,A,KANAY Assel,3974575,2026-09-21,W,[],空手道,2026-09-21,official_medal_record
KAZ|KTE|M.75KG--------------.FNL-|ME_BRONZE|3975087,KAZ,ME_BRONZE,KTE,Karate,M.75KG--------------.FNL-,Men's Kumite -75kg Final,A,AZHIKANOV Nurkanat,3975087,2026-09-22,M,[],空手道,2026-09-22,official_medal_record
KAZ|KTE|W.55KG--------------.FNL-|ME_BRONZE|3975497,KAZ,ME_BRONZE,KTE,Karate,W.55KG--------------.FNL-,Women's Kumite -55kg Final,A,SAMASHEVA Bella,3975497,2026-09-22,W,[],空手道,2026-09-22,official_medal_record
KAZ|KUR|M.81KG--------------.FNL-|ME_BRONZE|7169855,KAZ,ME_BRONZE,KUR,Kurash,M.81KG--------------.FNL-,Men -81kg Final,A,AKHMETGALI Adilet,7169855,2026-09-28,M,[],库拉什,2026-09-28,official_medal_record
KAZ|KUR|W.O87KG-------------.FNL-|ME_BRONZE|7170994,KAZ,ME_BRONZE,KUR,Kurash,W.O87KG-------------.FNL-,Women +87kg Final,A,SHEGENOVA Arailym,7170994,2026-09-29,W,[],库拉什,2026-09-29,official_medal_record
KAZ|MMA|M.M71KG-------------.FNL-|ME_GOLD|7166655,KAZ,ME_GOLD,MMA,Mixed Martial Arts,M.M71KG-------------.FNL-,Men's Modern -71kg Final,A,SHINBAYEV Kadyrbek,7166655,2026-09-22,M,[],综合格斗,2026-09-22,official_medal_record
KAZ|MMA|M.T77KG-------------.FNL-|ME_GOLD|7166164,KAZ,ME_GOLD,MMA,Mixed Martial Arts,M.T77KG-------------.FNL-,Men's Traditional  -77kg Final,A,BURKUTALIN Yerkingali,7166164,2026-09-22,M,[],综合格斗,2026-09-22,official_medal_record
KAZ|MMA|M.T65KG-------------.FNL-|ME_BRONZE|7168750,KAZ,ME_BRONZE,MMA,Mixed Martial Arts,M.T65KG-------------.FNL-,Men's Traditional  -65kg Final,A,ADILOV Sanzhar,7168750,2026-09-21,M,[],综合格斗,2026-09-21,official_medal_record
KAZ|MPN|M.TEAM--------------.----|ME_BRONZE|KAZM,KAZ,ME_BRONZE,MPN,Modern Pentathlon,M.TEAM--------------.----,Men's Team,T,Kazakhstan,KAZM,2026-09-20,M,"[{""Reg"": ""1569733"", ""Bib"": """", ""Org"": ""KAZ"", ""OrgDesc"": ""Kazakhstan"", ""Name"": ""ABDRAIMOV Temirlan"", ""BirthDate"": ""2000-07-16""}, {""Reg"": ""5229336"", ""Bib"": """", ""Org"": ""KAZ"", ""OrgDesc"": ""Kazakhstan"", ""Name"": ""VARYOKHIN Tikhon"", ""BirthDate"": ""2009-02-15""}, {""Reg"": ""1571644"", ""Bib"": """", ""Org"": ""KAZ"", ""OrgDesc"": ""Kazakhstan"", ""Name"": ""CHUVASHOV Lev"", ""BirthDate"": ""2006-09-07""}]",现代五项,2026-09-20,official_medal_record
KAZ|ROW|M.NOCOX2------------.FNL-|ME_GOLD|ROWMNOCOX2-----KAZ01,KAZ,ME_GOLD,ROW,Rowing,M.NOCOX2------------.FNL-,Men's Pair Finals,D,YAKOVLEV Vladislav / CHERNUKHIN Ivan,ROWMNOCOX2-----KAZ01,2026-09-24,M,"[{""Reg"": ""7294620"", ""Bib"": """", ""Org"": ""KAZ"", ""OrgDesc"": ""Kazakhstan"", ""Name"": ""YAKOVLEV Vladislav"", ""Order"": 1, ""BirthDate"": ""1993-01-01""}, {""Reg"": ""9166643"", ""Bib"": """", ""Org"": ""KAZ"", ""OrgDesc"": ""Kazakhstan"", ""Name"": ""CHERNUKHIN Ivan"", ""Order"": 2, ""BirthDate"": ""2002-06-04""}]",赛艇,2026-09-24,official_medal_record
KAZ|SHO|W.SKTW--------------.----|ME_SILVER|SHOWSKTW-------KAZ01,KAZ,ME_SILVER,SHO,Shooting,W.SKTW--------------.----,Skeet Women Team,T,Kazakhstan,SHOWSKTW-------KAZ01,2026-09-23,W,"[{""Reg"": ""16159255"", ""Bib"": ""1155"", ""Org"": ""KAZ"", ""OrgDesc"": ""Kazakhstan"", ""Name"": ""PISKUN Zoya"", ""Order"": 1, ""BirthDate"": ""1999-05-24""}, {""Reg"": ""16161120"", ""Bib"": ""1161"", ""Org"": ""KAZ"", ""OrgDesc"": ""Kazakhstan"", ""Name"": ""ORYNBAY Assem"", ""Order"": 2, ""BirthDate"": ""1993-09-07""}, {""Reg"": ""16161820"", ""Bib"": ""1162"", ""Org"": ""KAZ"", ""OrgDesc"": ""Kazakhstan"", ""Name"": ""SADAKBAYEVA Adel"", ""Order"": 3, ""BirthDate"": ""2003-03-02""}]",射击,2026-09-23,official_medal_record
KAZ|SHO|M.R3PM--------------.----|ME_BRONZE|8639454,KAZ,ME_BRONZE,SHO,Shooting,M.R3PM--------------.----,50m Rifle 3 Positions Men Individual,A,SATPAYEV Islam,8639454,2026-09-25,M,[],射击,2026-09-25,official_medal_record
KAZ|SHO|M.TRTM--------------.----|ME_BRONZE|SHOMTRTM-------KAZ01,KAZ,ME_BRONZE,SHO,Shooting,M.TRTM--------------.----,Trap Men Team,T,Kazakhstan,SHOMTRTM-------KAZ01,2026-09-29,M,"[{""Reg"": ""16158892"", ""Bib"": ""1153"", ""Org"": ""KAZ"", ""OrgDesc"": ""Kazakhstan"", ""Name"": ""POCHIVALOV Mark"", ""Order"": 1, ""BirthDate"": ""1996-04-05""}, {""Reg"": ""16159003"", ""Bib"": ""1154"", ""Org"": ""KAZ"", ""OrgDesc"": ""Kazakhstan"", ""Name"": ""AISALBAYEV Alisher"", ""Order"": 2, ""BirthDate"": ""2001-10-05""}, {""Reg"": ""2153301"", ""Bib"": ""1164"", ""Org"": ""KAZ"", ""OrgDesc"": ""Kazakhstan"", ""Name"": ""POCHIVALOV Daniil"", ""Order"": 3, ""BirthDate"": ""2004-06-08""}]",射击,2026-09-29,official_medal_record
KAZ|SHO|W.R3PTW-------------.----|ME_BRONZE|SHOWR3PTW------KAZ01,KAZ,ME_BRONZE,SHO,Shooting,W.R3PTW-------------.----,50m Rifle 3 Positions Women Team,T,Kazakhstan,SHOWR3PTW------KAZ01,2026-09-25,W,"[{""Reg"": ""8639838"", ""Bib"": ""1171"", ""Org"": ""KAZ"", ""OrgDesc"": ""Kazakhstan"", ""Name"": ""SHULZHENKO Sofiya"", ""Order"": 1, ""BirthDate"": ""2007-08-20""}, {""Reg"": ""8640030"", ""Bib"": ""1172"", ""Org"": ""KAZ"", ""OrgDesc"": ""Kazakhstan"", ""Name"": ""MALINOVSKAYA Arina"", ""Order"": 2, ""BirthDate"": ""2003-09-23""}, {""Reg"": ""8640606"", ""Bib"": ""1177"", ""Org"": ""KAZ"", ""OrgDesc"": ""Kazakhstan"", ""Name"": ""BEZRUKOVA Yelizaveta"", ""Order"": 3, ""BirthDate"": ""2004-06-18""}]",射击,2026-09-25,official_medal_record
KAZ|SHO|W.SKW---------------.----|ME_BRONZE|16161120,KAZ,ME_BRONZE,SHO,Shooting,W.SKW---------------.----,Skeet Women Individual,A,ORYNBAY Assem,16161120,2026-09-23,W,[],射击,2026-09-23,official_medal_record
KAZ|SWA|O.TEAM8-------------.----|ME_BRONZE|SWAOTEAM8------KAZ01,KAZ,ME_BRONZE,SWA,Artistic Swimming,O.TEAM8-------------.----,Mixed Team,T,Kazakhstan,SWAOTEAM8------KAZ01,2026-09-26,O,"[{""Reg"": ""3979829"", ""Bib"": """", ""Org"": ""KAZ"", ""OrgDesc"": ""Kazakhstan"", ""Name"": ""BOLATOVA Nargiza"", ""Order"": 1, ""BirthDate"": ""2003-08-25""}, {""Reg"": ""3979931"", ""Bib"": """", ""Org"": ""KAZ"", ""OrgDesc"": ""Kazakhstan"", ""Name"": ""DRUZIN Viktor"", ""Order"": 2, ""BirthDate"": ""2006-06-14""}, {""Reg"": ""3980546"", ""Bib"": """", ""Org"": ""KAZ"", ""OrgDesc"": ""Kazakhstan"", ""Name"": ""KURMANGALIYEVA Aigerim"", ""Order"": 3, ""BirthDate"": ""2003-05-21""}, {""Reg"": ""3980649"", ""Bib"": """", ""Org"": ""KAZ"", ""OrgDesc"": ""Kazakhstan"", ""Name"": ""MAGRUPOVA Karina"", ""Order"": 4, ""BirthDate"": ""2004-01-24""}, {""Reg"": ""3980751"", ""Bib"": """", ""Org"": ""KAZ"", ""OrgDesc"": ""Kazakhstan"", ""Name"": ""MAKAROVA Xeniya"", ""Order"": 5, ""BirthDate"": ""2003-01-20""}, {""Reg"": ""3980956"", ""Bib"": """", ""Org"": ""KAZ"", ""OrgDesc"": ""Kazakhstan"", ""Name"": ""PAVLETSOVA Anna"", ""Order"": 6, ""BirthDate"": ""2004-04-27""}, {""Reg"": ""3981371"", ""Bib"": """", ""Org"": ""KAZ"", ""OrgDesc"": ""Kazakhstan"", ""Name"": ""STOLBUNOVA Valeriya"", ""Order"": 7, ""BirthDate"": ""2005-09-29""}, {""Reg"": ""3981471"", ""Bib"": """", ""Org"": ""KAZ"", ""OrgDesc"": ""Kazakhstan"", ""Name"": ""TUYAKOVA Yasmin"", ""Order"": 8, ""BirthDate"": ""2006-06-12""}, {""Reg"": ""3981573"", ""Bib"": """", ""Org"": ""KAZ"", ""OrgDesc"": ""Kazakhstan"", ""Name"": ""JAMANCHALOVA Dayana"", ""Order"": 9, ""BirthDate"": ""2008-02-09""}, {""Reg"": ""3981676"", ""Bib"": """", ""Org"": ""KAZ"", ""OrgDesc"": ""Kazakhstan"", ""Name"": ""YAKIMOVA Zhaklin"", ""Order"": 10, ""BirthDate"": ""2004-08-02""}]",花样游泳,2026-09-26,official_medal_record
KAZ|SWA|W.TEAM2-------------.----|ME_BRONZE|SWAWTEAM2------KAZ01,KAZ,ME_BRONZE,SWA,Artistic Swimming,W.TEAM2-------------.----,Duet,D,BOLATOVA Nargiza / TUYAKOVA Yasmin,SWAWTEAM2------KAZ01,2026-09-27,W,"[{""Reg"": ""3979829"", ""Bib"": """", ""Org"": ""KAZ"", ""OrgDesc"": ""Kazakhstan"", ""Name"": ""BOLATOVA Nargiza"", ""Order"": 1, ""BirthDate"": ""2003-08-25""}, {""Reg"": ""3981471"", ""Bib"": """", ""Org"": ""KAZ"", ""OrgDesc"": ""Kazakhstan"", ""Name"": ""TUYAKOVA Yasmin"", ""Order"": 2, ""BirthDate"": ""2006-06-12""}]",花样游泳,2026-09-27,official_medal_record
KAZ|TEN|W.DOUBLES-----------.----|ME_BRONZE|TENWDOUBLES----KAZ01,KAZ,ME_BRONZE,TEN,Tennis,W.DOUBLES-----------.----,Women's Doubles,D,DANILINA Anna / PUTINTSEVA Yuliya,TENWDOUBLES----KAZ01,2026-10-02,W,"[{""Reg"": ""317415"", ""Bib"": """", ""Org"": ""KAZ"", ""OrgDesc"": ""Kazakhstan"", ""Name"": ""DANILINA Anna"", ""Order"": 1, ""BirthDate"": ""1995-08-20""}, {""Reg"": ""319841"", ""Bib"": """", ""Org"": ""KAZ"", ""OrgDesc"": ""Kazakhstan"", ""Name"": ""PUTINTSEVA Yuliya"", ""Order"": 2, ""BirthDate"": ""1995-01-07""}]",网球,2026-10-02,official_medal_record
KAZ|TEN|W.SINGLES-----------.----|ME_BRONZE|319841,KAZ,ME_BRONZE,TEN,Tennis,W.SINGLES-----------.----,Women's Singles,A,PUTINTSEVA Yuliya,319841,2026-10-01,W,[],网球,2026-10-01,official_medal_record
KAZ|TKW|M.58KG--------------.FNL-|ME_GOLD|7577308,KAZ,ME_GOLD,TKW,Taekwondo,M.58KG--------------.FNL-,Men -58kg Gold Medal Contest,A,TLEULES Tamirlan,7577308,2026-10-02,M,[],跆拳道,2026-10-02,official_medal_record
KAZ|TKW|M.80KG--------------.FNL-|ME_BRONZE|7581855,KAZ,ME_BRONZE,TKW,Taekwondo,M.80KG--------------.FNL-,Men -80kg Gold Medal Contest,A,TOLEUGALI Batyrkhan,7581855,2026-10-02,M,[],跆拳道,2026-10-02,official_medal_record
KAZ|TKW|O.VIRTUAL-----------.FNL-|ME_BRONZE|7583431,KAZ,ME_BRONZE,TKW,Taekwondo,O.VIRTUAL-----------.FNL-,Mixed Individual Virtual Taekwondo Gold Medal Contest,A,BAKISHEVA Rita,7583431,2026-10-02,W,[],跆拳道,2026-10-02,official_medal_record
KAZ|TRI|M.OLYMPIC-----------.----|ME_BRONZE|4001860,KAZ,ME_BRONZE,TRI,Triathlon,M.OLYMPIC-----------.----,Men's Individual,A,ZHANABAY Arlan,4001860,2026-09-20,M,[],铁人三项,2026-09-20,official_medal_record
KAZ|WLF|M.85KG--------------.FNL-|ME_SILVER|1005328,KAZ,ME_SILVER,WLF,Weightlifting,M.85KG--------------.FNL-,Men's 85kg All Groups,A,CHURKIN Alexey,1005328,2026-09-28,M,[],举重,2026-09-28,official_medal_record
KAZ|WLF|M.95KG--------------.FNL-|ME_SILVER|1574619,KAZ,ME_SILVER,WLF,Weightlifting,M.95KG--------------.FNL-,Men's 95kg All Groups,A,ADILETULY Nurgissa,1574619,2026-09-28,M,[],举重,2026-09-28,official_medal_record
KAZ|WLF|W.77KG--------------.FNL-|ME_SILVER|1573581,KAZ,ME_SILVER,WLF,Weightlifting,W.77KG--------------.FNL-,Women's 77kg All Groups,A,ZHUMAGALI Ayanat,1573581,2026-09-27,W,[],举重,2026-09-27,official_medal_record
KAZ|WPO|M.TEAM7-------------.----|ME_SILVER|WPOMTEAM7------KAZ01,KAZ,ME_SILVER,WPO,Water Polo,M.TEAM7-------------.----,Men,T,Kazakhstan,WPOMTEAM7------KAZ01,2026-10-03,M,"[{""Reg"": ""3285659"", ""Bib"": ""1"", ""Org"": ""KAZ"", ""OrgDesc"": ""Kazakhstan"", ""Name"": ""BALFANBAYEV Temirlan"", ""Order"": 1, ""BirthDate"": ""2002-08-10""}, {""Reg"": ""3285274"", ""Bib"": ""2"", ""Org"": ""KAZ"", ""OrgDesc"": ""Kazakhstan"", ""Name"": ""TSOY Eduard"", ""Order"": 2, ""BirthDate"": ""1995-03-24""}, {""Reg"": ""3285879"", ""Bib"": ""3"", ""Org"": ""KAZ"", ""OrgDesc"": ""Kazakhstan"", ""Name"": ""AKHMETOV Ruslan"", ""Order"": 3, ""BirthDate"": ""1998-06-09""}, {""Reg"": ""3287855"", ""Bib"": ""4"", ""Org"": ""KAZ"", ""OrgDesc"": ""Kazakhstan"", ""Name"": ""MARKOVICH Dushan"", ""Order"": 4, ""BirthDate"": ""1990-05-03""}, {""Reg"": ""3286952"", ""Bib"": ""5"", ""Org"": ""KAZ"", ""OrgDesc"": ""Kazakhstan"", ""Name"": ""SATBERGEN Nurassyl"", ""Order"": 5, ""BirthDate"": ""2006-05-03""}, {""Reg"": ""3286476"", ""Bib"": ""6"", ""Org"": ""KAZ"", ""OrgDesc"": ""Kazakhstan"", ""Name"": ""SHMIDER Alexey"", ""Order"": 6, ""BirthDate"": ""1990-03-19""}, {""Reg"": ""3285776"", ""Bib"": ""7"", ""Org"": ""KAZ"", ""OrgDesc"": ""Kazakhstan"", ""Name"": ""SHAKENOV Murat"", ""Order"": 7, ""BirthDate"": ""1990-09-23""}, {""Reg"": ""3287606"", ""Bib"": ""8"", ""Org"": ""KAZ"", ""OrgDesc"": ""Kazakhstan"", ""Name"": ""VUKSANOVICH Srdjan"", ""Order"": 8, ""BirthDate"": ""1992-07-05""}, {""Reg"": ""3287184"", ""Bib"": ""9"", ""Org"": ""KAZ"", ""OrgDesc"": ""Kazakhstan"", ""Name"": ""UKUMANOV Rustam"", ""Order"": 9, ""BirthDate"": ""1986-03-22""}, {""Reg"": ""3287464"", ""Bib"": ""10"", ""Org"": ""KAZ"", ""OrgDesc"": ""Kazakhstan"", ""Name"": ""RUDAY Mikhail"", ""Order"": 10, ""BirthDate"": ""1988-05-04""}, {""Reg"": ""3287738"", ""Bib"": ""11"", ""Org"": ""KAZ"", ""OrgDesc"": ""Kazakhstan"", ""Name"": ""VERDESH Yulian"", ""Order"": 11, ""BirthDate"": ""1996-06-19""}, {""Reg"": ""3286188"", ""Bib"": ""12"", ""Org"": ""KAZ"", ""OrgDesc"": ""Kazakhstan"", ""Name"": ""SHONZHIGITOV Sultan"", ""Order"": 12, ""BirthDate"": ""1998-12-02""}, {""Reg"": ""3286314"", ""Bib"": ""13"", ""Org"": ""KAZ"", ""OrgDesc"": ""Kazakhstan"", ""Name"": ""ADAY Akzhan"", ""Order"": 13, ""BirthDate"": ""2006-12-04""}, {""Reg"": ""3285982"", ""Bib"": ""14"", ""Org"": ""KAZ"", ""OrgDesc"": ""Kazakhstan"", ""Name"": ""BALTABEKULY Adil"", ""Order"": 14, ""BirthDate"": ""2006-05-24""}, {""Reg"": ""3287358"", ""Bib"": ""15"", ""Org"": ""KAZ"", ""OrgDesc"": ""Kazakhstan"", ""Name"": ""BELOUSSOV Yegor"", ""Order"": 15, ""BirthDate"": ""2007-05-26""}]",水球,2026-10-03,official_medal_record
KAZ|WRE|W.WR76KG------------.FNL-|ME_SILVER|16494025,KAZ,ME_SILVER,WRE,Wrestling,W.WR76KG------------.FNL-,Women's Wrestling 76kg Final,A,SYZDYKOVA Elmira,16494025,2026-10-02,W,[],摔跤,2026-10-02,official_medal_record
KAZ|WRE|M.FS125KG-----------.FNL-|ME_BRONZE|10754665,KAZ,ME_BRONZE,WRE,Wrestling,M.FS125KG-----------.FNL-,Men's Freestyle 125kg Final,A,KASSIMBEK Yedige,10754665,2026-10-02,M,[],摔跤,2026-10-02,official_medal_record
KAZ|WRE|M.FS65KG------------.FNL-|ME_BRONZE|10755106,KAZ,ME_BRONZE,WRE,Wrestling,M.FS65KG------------.FNL-,Men's Freestyle 65kg Final,A,KUULAR Nachyn,10755106,2026-10-02,M,[],摔跤,2026-10-02,official_medal_record
KAZ|WRE|M.FS74KG------------.FNL-|ME_BRONZE|10754534,KAZ,ME_BRONZE,WRE,Wrestling,M.FS74KG------------.FNL-,Men's Freestyle 74kg Final,A,KAIPANOV Nurkozha,10754534,2026-10-03,M,[],摔跤,2026-10-03,official_medal_record
KAZ|WRE|M.GR67KG------------.FNL-|ME_BRONZE|10751417,KAZ,ME_BRONZE,WRE,Wrestling,M.GR67KG------------.FNL-,Men's Greco-Roman 67kg Final,A,SHERMAKHANBET Meiirzhan,10751417,2026-09-30,M,[],摔跤,2026-09-30,official_medal_record
KAZ|WRE|W.WR50KG------------.FNL-|ME_BRONZE|16490687,KAZ,ME_BRONZE,WRE,Wrestling,W.WR50KG------------.FNL-,Women's Wrestling 50kg Final,A,BAYANOVA Zeinep,16490687,2026-10-02,W,[],摔跤,2026-10-02,official_medal_record
KAZ|WRE|W.WR57KG------------.FNL-|ME_BRONZE|16491120,KAZ,ME_BRONZE,WRE,Wrestling,W.WR57KG------------.FNL-,Women's Wrestling 57kg Final,A,RAIMOVA Nilufar,16491120,2026-10-03,W,[],摔跤,2026-10-03,official_medal_record
KAZ|WSU|M.75KG--------------.----|ME_SILVER|367238,KAZ,ME_SILVER,WSU,Wushu,M.75KG--------------.----,Men's 75kg,A,ABDULLAYEV Abdurashid,367238,2026-09-24,M,[],武术,2026-09-24,official_medal_record
KAZ|WSU|M.70KG--------------.----|ME_BRONZE|365639,KAZ,ME_BRONZE,WSU,Wushu,M.70KG--------------.----,Men's 70kg,A,ABLAGATOV Alizhan,365639,2026-09-23,M,[],武术,2026-09-23,official_medal_record
KOR|ARC|M.CINDIVID----------.FNL-|ME_GOLD|10419527,KOR,ME_GOLD,ARC,Archery,M.CINDIVID----------.FNL-,Compound Men's Individual Finals,A,KIM Jongho,10419527,2026-10-01,M,[],射箭,2026-10-01,official_medal_record
KOR|ARC|M.RINDIVID----------.FNL-|ME_GOLD|10418060,KOR,ME_GOLD,ARC,Archery,M.RINDIVID----------.FNL-,Recurve Men's Individual Finals,A,LEE Wooseok,10418060,2026-10-03,M,[],射箭,2026-10-03,official_medal_record
KOR|ARC|M.RTEAM-------------.FNL-|ME_GOLD|ARCMRTEAM------KOR01,KOR,ME_GOLD,ARC,Archery,M.RTEAM-------------.FNL-,Recurve Men's Team Finals,T,Republic of Korea,ARCMRTEAM------KOR01,2026-10-02,M,"[{""Reg"": ""10419379"", ""Bib"": ""2"", ""Org"": ""KOR"", ""OrgDesc"": ""Korea"", ""Name"": ""KIM Je Deok"", ""Order"": 1, ""BirthDate"": ""2004-04-12""}, {""Reg"": ""10417469"", ""Bib"": ""6"", ""Org"": ""KOR"", ""OrgDesc"": ""Korea"", ""Name"": ""KIM Woojin"", ""Order"": 2, ""BirthDate"": ""1992-06-20""}, {""Reg"": ""10418060"", ""Bib"": ""4"", ""Org"": ""KOR"", ""OrgDesc"": ""Korea"", ""Name"": ""LEE Wooseok"", ""Order"": 3, ""BirthDate"": ""1997-08-07""}]",射箭,2026-10-02,official_medal_record
KOR|ARC|W.RINDIVID----------.FNL-|ME_SILVER|10418437,KOR,ME_SILVER,ARC,Archery,W.RINDIVID----------.FNL-,Recurve Women's Individual Finals,A,OH Yejin,10418437,2026-10-03,W,[],射箭,2026-10-03,official_medal_record
KOR|ARC|W.RTEAM-------------.FNL-|ME_SILVER|ARCWRTEAM------KOR01,KOR,ME_SILVER,ARC,Archery,W.RTEAM-------------.FNL-,Recurve Women's Team Finals,T,Republic of Korea,ARCWRTEAM------KOR01,2026-10-02,W,"[{""Reg"": ""10420541"", ""Bib"": ""1"", ""Org"": ""KOR"", ""OrgDesc"": ""Korea"", ""Name"": ""KANG Chaeyoung"", ""Order"": 1, ""BirthDate"": ""1996-06-08""}, {""Reg"": ""10417016"", ""Bib"": ""4"", ""Org"": ""KOR"", ""OrgDesc"": ""Korea"", ""Name"": ""LEE Yunji"", ""Order"": 2, ""BirthDate"": ""2001-09-28""}, {""Reg"": ""10418437"", ""Bib"": ""3"", ""Org"": ""KOR"", ""OrgDesc"": ""Korea"", ""Name"": ""OH Yejin"", ""Order"": 3, ""BirthDate"": ""2003-07-04""}]",射箭,2026-10-02,official_medal_record
KOR|ARC|X.CTEAM2------------.FNL-|ME_SILVER|ARCXCTEAM2-----KOR01,KOR,ME_SILVER,ARC,Archery,X.CTEAM2------------.FNL-,Compound Mixed Team Finals,T,Republic of Korea,ARCXCTEAM2-----KOR01,2026-09-30,X,"[{""Reg"": ""10418670"", ""Bib"": ""10"", ""Org"": ""KOR"", ""OrgDesc"": ""Korea"", ""Name"": ""CHOI Eun Gyu"", ""Order"": 0, ""BirthDate"": ""1993-05-24""}, {""Reg"": ""10419039"", ""Bib"": ""24"", ""Org"": ""KOR"", ""OrgDesc"": ""Korea"", ""Name"": ""PARK Yerin"", ""Order"": 0, ""BirthDate"": ""2006-03-24""}, {""Reg"": ""10419144"", ""Bib"": ""4"", ""Org"": ""KOR"", ""OrgDesc"": ""Korea"", ""Name"": ""KANG Yeonseo"", ""Order"": 0, ""BirthDate"": ""2011-11-01""}, {""Reg"": ""10419527"", ""Bib"": ""8"", ""Org"": ""KOR"", ""OrgDesc"": ""Korea"", ""Name"": ""KIM Jongho"", ""Order"": 0, ""BirthDate"": ""1994-07-18""}, {""Reg"": ""10418207"", ""Bib"": ""3"", ""Org"": ""KOR"", ""OrgDesc"": ""Korea"", ""Name"": ""PARK Jungyoon"", ""Order"": 1, ""BirthDate"": ""1997-02-17""}, {""Reg"": ""10418832"", ""Bib"": ""3"", ""Org"": ""KOR"", ""OrgDesc"": ""Korea"", ""Name"": ""CHOI Yonghee"", ""Order"": 2, ""BirthDate"": ""1984-12-19""}]",射箭,2026-09-30,official_medal_record
KOR|ARC|W.CINDIVID----------.FNL-|ME_BRONZE|10419144,KOR,ME_BRONZE,ARC,Archery,W.CINDIVID----------.FNL-,Compound Women's Individual Finals,A,KANG Yeonseo,10419144,2026-10-01,W,[],射箭,2026-10-01,official_medal_record
KOR|ARC|W.CTEAM-------------.FNL-|ME_BRONZE|ARCWCTEAM------KOR01,KOR,ME_BRONZE,ARC,Archery,W.CTEAM-------------.FNL-,Compound Women's Team Finals,T,Republic of Korea,ARCWCTEAM------KOR01,2026-09-30,W,"[{""Reg"": ""10418207"", ""Bib"": ""3"", ""Org"": ""KOR"", ""OrgDesc"": ""Korea"", ""Name"": ""PARK Jungyoon"", ""Order"": 1, ""BirthDate"": ""1997-02-17""}, {""Reg"": ""10419039"", ""Bib"": ""24"", ""Org"": ""KOR"", ""OrgDesc"": ""Korea"", ""Name"": ""PARK Yerin"", ""Order"": 2, ""BirthDate"": ""2006-03-24""}, {""Reg"": ""10419144"", ""Bib"": ""4"", ""Org"": ""KOR"", ""OrgDesc"": ""Korea"", ""Name"": ""KANG Yeonseo"", ""Order"": 3, ""BirthDate"": ""2011-11-01""}]",射箭,2026-09-30,official_medal_record
KOR|ARC|X.RTEAM2------------.FNL-|ME_BRONZE|ARCXRTEAM2-----KOR01,KOR,ME_BRONZE,ARC,Archery,X.RTEAM2------------.FNL-,Recurve Mixed Team Finals,T,Republic of Korea,ARCXRTEAM2-----KOR01,2026-10-02,X,"[{""Reg"": ""10417016"", ""Bib"": ""4"", ""Org"": ""KOR"", ""OrgDesc"": ""Korea"", ""Name"": ""LEE Yunji"", ""Order"": 0, ""BirthDate"": ""2001-09-28""}, {""Reg"": ""10417469"", ""Bib"": ""6"", ""Org"": ""KOR"", ""OrgDesc"": ""Korea"", ""Name"": ""KIM Woojin"", ""Order"": 0, ""BirthDate"": ""1992-06-20""}, {""Reg"": ""10418060"", ""Bib"": ""4"", ""Org"": ""KOR"", ""OrgDesc"": ""Korea"", ""Name"": ""LEE Wooseok"", ""Order"": 0, ""BirthDate"": ""1997-08-07""}, {""Reg"": ""10418437"", ""Bib"": ""3"", ""Org"": ""KOR"", ""OrgDesc"": ""Korea"", ""Name"": ""OH Yejin"", ""Order"": 0, ""BirthDate"": ""2003-07-04""}, {""Reg"": ""10420541"", ""Bib"": ""1"", ""Org"": ""KOR"", ""OrgDesc"": ""Korea"", ""Name"": ""KANG Chaeyoung"", ""Order"": 1, ""BirthDate"": ""1996-06-08""}, {""Reg"": ""10419379"", ""Bib"": ""2"", ""Org"": ""KOR"", ""OrgDesc"": ""Korea"", ""Name"": ""KIM Je Deok"", ""Order"": 2, ""BirthDate"": ""2004-04-12""}]",射箭,2026-10-02,official_medal_record
KOR|ATH|M.4X100M------------.----|ME_BRONZE|ATHM4X100M-----KOR01,KOR,ME_BRONZE,ATH,Athletics,M.4X100M------------.----,Men's 4 x 100m Relay,T,Republic of Korea,ATHM4X100M-----KOR01,2026-09-28,M,"[{""Reg"": ""16740223"", ""Bib"": ""1066"", ""Org"": ""KOR"", ""OrgDesc"": ""Korea"", ""Name"": ""SEO Minjun"", ""Order"": 0, ""BirthDate"": ""2004-01-15""}, {""Reg"": ""16721647"", ""Bib"": ""482"", ""Org"": ""KOR"", ""OrgDesc"": ""Korea"", ""Name"": ""NWAMADI Joeljin"", ""Order"": 0, ""BirthDate"": ""2006-02-06""}, {""Reg"": ""16712451"", ""Bib"": ""477"", ""Org"": ""KOR"", ""OrgDesc"": ""Korea"", ""Name"": ""LEE Jaeseong"", ""Order"": 0, ""BirthDate"": ""2001-06-18""}, {""Reg"": ""16721751"", ""Bib"": ""474"", ""Org"": ""KOR"", ""OrgDesc"": ""Korea"", ""Name"": ""BIWESA Daniel"", ""Order"": 0, ""BirthDate"": ""2003-03-17""}, {""Reg"": ""16723088"", ""Bib"": ""1065"", ""Org"": ""KOR"", ""OrgDesc"": ""Korea"", ""Name"": ""KIM Sion"", ""Order"": 0, ""BirthDate"": ""1999-04-26""}]",田径,2026-09-28,official_medal_record
KOR|ATH|M.HIGHJUMP----------.----|ME_BRONZE|16745212,KOR,ME_BRONZE,ATH,Athletics,M.HIGHJUMP----------.----,Men's High Jump,A,WOO Sanghyeok,16745212,2026-09-27,M,[],田径,2026-09-27,official_medal_record
KOR|ATH|M.WALKHM------------.----|ME_BRONZE|16725306,KOR,ME_BRONZE,ATH,Athletics,M.WALKHM------------.----,Men's Half Marathon Race Walk,A,CHOE Byeongkwang,16725306,2026-09-23,M,[],田径,2026-09-23,official_medal_record
KOR|BBL|M.TEAM9-------------.FNL-|ME_GOLD|BBLMTEAM9------KOR01,KOR,ME_GOLD,BBL,Baseball,M.TEAM9-------------.FNL-,Men’s Finals,T,Republic of Korea,BBLMTEAM9------KOR01,2026-09-26,M,"[{""Reg"": ""13256008"", ""Bib"": ""8"", ""Org"": ""KOR"", ""OrgDesc"": ""Korea"", ""Name"": ""ROH Sihwan"", ""Order"": 1, ""BirthDate"": ""2000-12-03""}, {""Reg"": ""13256544"", ""Bib"": ""60"", ""Org"": ""KOR"", ""OrgDesc"": ""Korea"", ""Name"": ""PARK Yeonghyun"", ""Order"": 2, ""BirthDate"": ""2003-10-11""}, {""Reg"": ""13256648"", ""Bib"": ""29"", ""Org"": ""KOR"", ""OrgDesc"": ""Korea"", ""Name"": ""OH Wonseok"", ""Order"": 3, ""BirthDate"": ""2001-04-23""}, {""Reg"": ""13258166"", ""Bib"": ""52"", ""Org"": ""KOR"", ""OrgDesc"": ""Korea"", ""Name"": ""PARK Junsoon"", ""Order"": 4, ""BirthDate"": ""2006-07-13""}, {""Reg"": ""13258297"", ""Bib"": ""68"", ""Org"": ""KOR"", ""OrgDesc"": ""Korea"", ""Name"": ""CHOI Minseok"", ""Order"": 5, ""BirthDate"": ""2006-07-02""}, {""Reg"": ""13259869"", ""Bib"": ""7"", ""Org"": ""KOR"", ""OrgDesc"": ""Korea"", ""Name"": ""KIM Juwon"", ""Order"": 6, ""BirthDate"": ""2002-07-30""}, {""Reg"": ""13260410"", ""Bib"": ""12"", ""Org"": ""KOR"", ""OrgDesc"": ""Korea"", ""Name"": ""KIM Geonhee"", ""Order"": 7, ""BirthDate"": ""2004-11-07""}, {""Reg"": ""13262344"", ""Bib"": ""19"", ""Org"": ""KOR"", ""OrgDesc"": ""Korea"", ""Name"": ""JO Byeonghyeon"", ""Order"": 8, ""BirthDate"": ""2002-05-08""}, {""Reg"": ""13263453"", ""Bib"": ""58"", ""Org"": ""KOR"", ""OrgDesc"": ""Korea"", ""Name"": ""KIM Jichan"", ""Order"": 9, ""BirthDate"": ""2001-03-08""}, {""Reg"": ""13264009"", ""Bib"": ""91"", ""Org"": ""KOR"", ""OrgDesc"": ""Korea"", ""Name"": ""YOON Donghee"", ""Order"": 10, ""BirthDate"": ""2003-09-18""}, {""Reg"": ""13265435"", ""Bib"": ""3"", ""Org"": ""KOR"", ""OrgDesc"": ""Korea"", ""Name"": ""JEONG Junjae"", ""Order"": 11, ""BirthDate"": ""2003-01-03""}, {""Reg"": ""13266505"", ""Bib"": ""14"", ""Org"": ""KOR"", ""OrgDesc"": ""Korea"", ""Name"": ""PARK Jaehyun"", ""Order"": 12, ""BirthDate"": ""2006-12-08""}, {""Reg"": ""13269549"", ""Bib"": ""15"", ""Org"": ""KOR"", ""OrgDesc"": ""Korea"", ""Name"": ""KIM Jinuk"", ""Order"": 13, ""BirthDate"": ""2002-07-05""}, {""Reg"": ""13272611"", ""Bib"": ""65"", ""Org"": ""KOR"", ""OrgDesc"": ""Korea"", ""Name"": ""SUNG Yeongtak"", ""Order"": 14, ""BirthDate"": ""2004-07-28""}, {""Reg"": ""13273454"", ""Bib"": ""2"", ""Org"": ""KOR"", ""OrgDesc"": ""Korea"", ""Name"": ""MOON Bogyeong"", ""Order"": 15, ""BirthDate"": ""2000-07-19""}, {""Reg"": ""13274258"", ""Bib"": ""5"", ""Org"": ""KOR"", ""OrgDesc"": ""Korea"", ""Name"": ""KIM Doyeong"", ""Order"": 16, ""BirthDate"": ""2003-10-02""}, {""Reg"": ""13274616"", ""Bib"": ""17"", ""Org"": ""KOR"", ""OrgDesc"": ""Korea"", ""Name"": ""KIM Youngwoo"", ""Order"": 17, ""BirthDate"": ""2005-01-14""}, {""Reg"": ""13278168"", ""Bib"": ""51"", ""Org"": ""KOR"", ""OrgDesc"": ""Korea"", ""Name"": ""MOON Hyunbin"", ""Order"": 18, ""BirthDate"": ""2004-04-20""}, {""Reg"": ""13278700"", ""Bib"": ""56"", ""Org"": ""KOR"", ""OrgDesc"": ""Korea"", ""Name"": ""CHOI Junyong"", ""Order"": 19, ""BirthDate"": ""2001-10-10""}, {""Reg"": ""13279267"", ""Bib"": ""55"", ""Org"": ""KOR"", ""OrgDesc"": ""Korea"", ""Name"": ""BAE Chanseung"", ""Order"": 20, ""BirthDate"": ""2006-01-01""}, {""Reg"": ""13280138"", ""Bib"": ""13"", ""Org"": ""KOR"", ""OrgDesc"": ""Korea"", ""Name"": ""LEE Jaehyeon"", ""Order"": 21, ""BirthDate"": ""2003-02-04""}, {""Reg"": ""13280939"", ""Bib"": ""47"", ""Org"": ""KOR"", ""OrgDesc"": ""Korea"", ""Name"": ""GWAK Been"", ""Order"": 22, ""BirthDate"": ""1999-05-28""}, {""Reg"": ""13281388"", ""Bib"": ""30"", ""Org"": ""KOR"", ""OrgDesc"": ""Korea"", ""Name"": ""SO Hyeongjun"", ""Order"": 23, ""BirthDate"": ""2001-09-16""}, {""Reg"": ""13283866"", ""Bib"": ""20"", ""Org"": ""KOR"", ""OrgDesc"": ""Korea"", ""Name"": ""CHO Hyeongwoo"", ""Order"": 24, ""BirthDate"": ""2002-04-04""}]",棒球,2026-09-26,official_medal_record
KOR|BDM|W.DOUBLES-----------.----|ME_GOLD|BDMWDOUBLES----KOR01,KOR,ME_GOLD,BDM,Badminton,W.DOUBLES-----------.----,Women's Doubles,D,LEE Sohee / BAEK Hana,BDMWDOUBLES----KOR01,2026-09-29,W,"[{""Reg"": ""7884407"", ""Bib"": """", ""Org"": ""KOR"", ""OrgDesc"": ""Korea"", ""Name"": ""LEE Sohee"", ""Order"": 1, ""BirthDate"": ""1994-06-14""}, {""Reg"": ""7884619"", ""Bib"": """", ""Org"": ""KOR"", ""OrgDesc"": ""Korea"", ""Name"": ""BAEK Hana"", ""Order"": 2, ""BirthDate"": ""2000-09-22""}]",羽毛球,2026-09-29,official_medal_record
KOR|BDM|W.SINGLES-----------.----|ME_GOLD|7881721,KOR,ME_GOLD,BDM,Badminton,W.SINGLES-----------.----,Women's Singles,A,AN Seyoung,7881721,2026-09-29,W,[],羽毛球,2026-09-29,official_medal_record
KOR|BDM|M.DOUBLES-----------.----|ME_BRONZE|BDMMDOUBLES----KOR01,KOR,ME_BRONZE,BDM,Badminton,M.DOUBLES-----------.----,Men's Doubles,D,KIM Won Ho / SEO Seung Jae,BDMMDOUBLES----KOR01,2026-09-28,M,"[{""Reg"": ""7882252"", ""Bib"": """", ""Org"": ""KOR"", ""OrgDesc"": ""Korea"", ""Name"": ""KIM Won Ho"", ""Order"": 1, ""BirthDate"": ""1999-06-02""}, {""Reg"": ""7882893"", ""Bib"": """", ""Org"": ""KOR"", ""OrgDesc"": ""Korea"", ""Name"": ""SEO Seung Jae"", ""Order"": 2, ""BirthDate"": ""1997-09-04""}]",羽毛球,2026-09-28,official_medal_record
KOR|BDM|M.SINGLES-----------.----|ME_BRONZE|7884299,KOR,ME_BRONZE,BDM,Badminton,M.SINGLES-----------.----,Men's Singles,A,YOO Tae Bin,7884299,2026-09-28,M,[],羽毛球,2026-09-28,official_medal_record
KOR|BDM|W.TEAM--------------.----|ME_BRONZE|BDMWTEAM-------KOR01,KOR,ME_BRONZE,BDM,Badminton,W.TEAM--------------.----,Women's Team,T,Republic of Korea,BDMWTEAM-------KOR01,2026-09-23,W,"[{""Reg"": ""7880869"", ""Bib"": """", ""Org"": ""KOR"", ""OrgDesc"": ""Korea"", ""Name"": ""JEONG Naeun"", ""Order"": 1, ""BirthDate"": ""2000-06-27""}, {""Reg"": ""7881721"", ""Bib"": """", ""Org"": ""KOR"", ""OrgDesc"": ""Korea"", ""Name"": ""AN Seyoung"", ""Order"": 2, ""BirthDate"": ""2002-02-05""}, {""Reg"": ""7881823"", ""Bib"": """", ""Org"": ""KOR"", ""OrgDesc"": ""Korea"", ""Name"": ""KIM Hyejeong"", ""Order"": 3, ""BirthDate"": ""1998-01-03""}, {""Reg"": ""7882363"", ""Bib"": """", ""Org"": ""KOR"", ""OrgDesc"": ""Korea"", ""Name"": ""SIM Yujin"", ""Order"": 4, ""BirthDate"": ""1999-05-13""}, {""Reg"": ""7882999"", ""Bib"": """", ""Org"": ""KOR"", ""OrgDesc"": ""Korea"", ""Name"": ""LEE Yeonwoo"", ""Order"": 5, ""BirthDate"": ""2001-01-13""}, {""Reg"": ""7883105"", ""Bib"": """", ""Org"": ""KOR"", ""OrgDesc"": ""Korea"", ""Name"": ""KIM Gaeun"", ""Order"": 6, ""BirthDate"": ""1998-02-07""}, {""Reg"": ""7883315"", ""Bib"": """", ""Org"": ""KOR"", ""OrgDesc"": ""Korea"", ""Name"": ""JANG Hajeong"", ""Order"": 7, ""BirthDate"": ""2000-10-19""}, {""Reg"": ""7884195"", ""Bib"": """", ""Org"": ""KOR"", ""OrgDesc"": ""Korea"", ""Name"": ""KIM Garam"", ""Order"": 8, ""BirthDate"": ""2002-01-24""}, {""Reg"": ""7884407"", ""Bib"": """", ""Org"": ""KOR"", ""OrgDesc"": ""Korea"", ""Name"": ""LEE Sohee"", ""Order"": 9, ""BirthDate"": ""1994-06-14""}, {""Reg"": ""7884619"", ""Bib"": """", ""Org"": ""KOR"", ""OrgDesc"": ""Korea"", ""Name"": ""BAEK Hana"", ""Order"": 10, ""BirthDate"": ""2000-09-22""}]",羽毛球,2026-09-23,official_medal_record
KOR|BK3|M.TEAM3-------------.----|ME_GOLD|BK3MTEAM3------KOR01,KOR,ME_GOLD,BK3,3x3 Basketball,M.TEAM3-------------.----,Men,T,Republic of Korea,BK3MTEAM3------KOR01,2026-09-25,M,"[{""Reg"": ""8823705"", ""Bib"": ""5"", ""Org"": ""KOR"", ""OrgDesc"": ""Korea"", ""Name"": ""LEE Juyeong"", ""Order"": 1, ""BirthDate"": ""2004-03-13""}, {""Reg"": ""8825247"", ""Bib"": ""6"", ""Org"": ""KOR"", ""OrgDesc"": ""Korea"", ""Name"": ""KIM Seungwoo"", ""Order"": 2, ""BirthDate"": ""2005-03-28""}, {""Reg"": ""8824146"", ""Bib"": ""11"", ""Org"": ""KOR"", ""OrgDesc"": ""Korea"", ""Name"": ""LEE Donggeun"", ""Order"": 3, ""BirthDate"": ""2003-06-26""}, {""Reg"": ""8823894"", ""Bib"": ""23"", ""Org"": ""KOR"", ""OrgDesc"": ""Korea"", ""Name"": ""KU Mingyo"", ""Order"": 4, ""BirthDate"": ""2005-07-07""}]",三人篮球,2026-09-25,official_medal_record
KOR|BK3|W.TEAM3-------------.----|ME_BRONZE|BK3WTEAM3------KOR01,KOR,ME_BRONZE,BK3,3x3 Basketball,W.TEAM3-------------.----,Women,T,Republic of Korea,BK3WTEAM3------KOR01,2026-09-25,W,"[{""Reg"": ""8826582"", ""Bib"": ""1"", ""Org"": ""KOR"", ""OrgDesc"": ""Korea"", ""Name"": ""CHOI Yeseul"", ""Order"": 1, ""BirthDate"": ""2006-06-06""}, {""Reg"": ""8823600"", ""Bib"": ""7"", ""Org"": ""KOR"", ""OrgDesc"": ""Korea"", ""Name"": ""KIM Jeongeun"", ""Order"": 2, ""BirthDate"": ""2005-09-27""}, {""Reg"": ""8824346"", ""Bib"": ""11"", ""Org"": ""KOR"", ""OrgDesc"": ""Korea"", ""Name"": ""HEO Yoojung"", ""Order"": 3, ""BirthDate"": ""2005-10-06""}, {""Reg"": ""8835467"", ""Bib"": ""14"", ""Org"": ""KOR"", ""OrgDesc"": ""Korea"", ""Name"": ""SONG Yunha"", ""Order"": 4, ""BirthDate"": ""2006-11-02""}]",三人篮球,2026-09-25,official_medal_record
KOR|BKB|M.TEAM5-------------.----|ME_GOLD|BKBMTEAM5------KOR01,KOR,ME_GOLD,BKB,Basketball,M.TEAM5-------------.----,Men,T,Republic of Korea,BKBMTEAM5------KOR01,2026-09-20,M,"[{""Reg"": ""8819760"", ""Bib"": ""1"", ""Org"": ""KOR"", ""OrgDesc"": ""Korea"", ""Name"": ""LEE Hyunjung"", ""Order"": 1, ""BirthDate"": ""2000-10-23""}, {""Reg"": ""8834083"", ""Bib"": ""2"", ""Org"": ""KOR"", ""OrgDesc"": ""Korea"", ""Name"": ""CHOI Junyong"", ""Order"": 2, ""BirthDate"": ""1994-04-04""}, {""Reg"": ""8830966"", ""Bib"": ""5"", ""Org"": ""KOR"", ""OrgDesc"": ""Korea"", ""Name"": ""BYEON Junhyeong"", ""Order"": 3, ""BirthDate"": ""1996-03-11""}, {""Reg"": ""8827959"", ""Bib"": ""6"", ""Org"": ""KOR"", ""OrgDesc"": ""Korea"", ""Name"": ""LEE Junghyun"", ""Order"": 4, ""BirthDate"": ""1999-04-14""}, {""Reg"": ""8829029"", ""Bib"": ""7"", ""Org"": ""KOR"", ""OrgDesc"": ""Korea"", ""Name"": ""YU Kisang"", ""Order"": 5, ""BirthDate"": ""2001-04-17""}, {""Reg"": ""8831143"", ""Bib"": ""11"", ""Org"": ""KOR"", ""OrgDesc"": ""Korea"", ""Name"": ""LEE Woosuk"", ""Order"": 6, ""BirthDate"": ""1999-07-10""}, {""Reg"": ""8831604"", ""Bib"": ""12"", ""Org"": ""KOR"", ""OrgDesc"": ""Korea"", ""Name"": ""MOON Jeonghyeon"", ""Order"": 7, ""BirthDate"": ""2001-07-30""}, {""Reg"": ""8829681"", ""Bib"": ""22"", ""Org"": ""KOR"", ""OrgDesc"": ""Korea"", ""Name"": ""YEO Jun Seok"", ""Order"": 8, ""BirthDate"": ""2002-03-19""}, {""Reg"": ""8828653"", ""Bib"": ""24"", ""Org"": ""KOR"", ""OrgDesc"": ""Korea"", ""Name"": ""MOON Yuhyeon"", ""Order"": 9, ""BirthDate"": ""2004-06-08""}, {""Reg"": ""8832042"", ""Bib"": ""31"", ""Org"": ""KOR"", ""OrgDesc"": ""Korea"", ""Name"": ""JANG Jaeseok"", ""Order"": 10, ""BirthDate"": ""1991-02-03""}, {""Reg"": ""8828241"", ""Bib"": ""33"", ""Org"": ""KOR"", ""OrgDesc"": ""Korea"", ""Name"": ""LEE Seounghyun"", ""Order"": 11, ""BirthDate"": ""1992-04-16""}, {""Reg"": ""8827366"", ""Bib"": ""36"", ""Org"": ""KOR"", ""OrgDesc"": ""Korea"", ""Name"": ""EDI Daniel"", ""Order"": 12, ""BirthDate"": ""2007-04-03""}]",篮球,2026-09-20,official_medal_record
KOR|BKB|W.TEAM5-------------.----|ME_GOLD|BKBWTEAM5------KOR01,KOR,ME_GOLD,BKB,Basketball,W.TEAM5-------------.----,Women,T,Republic of Korea,BKBWTEAM5------KOR01,2026-09-26,W,"[{""Reg"": ""8820689"", ""Bib"": ""2"", ""Org"": ""KOR"", ""OrgDesc"": ""Korea"", ""Name"": ""HEO Yeeun"", ""Order"": 1, ""BirthDate"": ""2001-07-24""}, {""Reg"": ""8822734"", ""Bib"": ""3"", ""Org"": ""KOR"", ""OrgDesc"": ""Korea"", ""Name"": ""KANG Leeseul"", ""Order"": 2, ""BirthDate"": ""1994-04-05""}, {""Reg"": ""8820110"", ""Bib"": ""5"", ""Org"": ""KOR"", ""OrgDesc"": ""Korea"", ""Name"": ""AN Heji"", ""Order"": 3, ""BirthDate"": ""1997-02-12""}, {""Reg"": ""8823033"", ""Bib"": ""6"", ""Org"": ""KOR"", ""OrgDesc"": ""Korea"", ""Name"": ""CHOI Isaem"", ""Order"": 4, ""BirthDate"": ""1994-08-17""}, {""Reg"": ""8835627"", ""Bib"": ""8"", ""Org"": ""KOR"", ""OrgDesc"": ""Korea"", ""Name"": ""JEONG Hyun"", ""Order"": 5, ""BirthDate"": ""2006-08-13""}, {""Reg"": ""8823163"", ""Bib"": ""9"", ""Org"": ""KOR"", ""OrgDesc"": ""Korea"", ""Name"": ""LEE Sohee"", ""Order"": 6, ""BirthDate"": ""2000-08-07""}, {""Reg"": ""8820296"", ""Bib"": ""10"", ""Org"": ""KOR"", ""OrgDesc"": ""Korea"", ""Name"": ""KANG Yoolim"", ""Order"": 7, ""BirthDate"": ""1997-03-23""}, {""Reg"": ""8821684"", ""Bib"": ""11"", ""Org"": ""KOR"", ""OrgDesc"": ""Korea"", ""Name"": ""PARK Sohee"", ""Order"": 8, ""BirthDate"": ""2003-05-15""}, {""Reg"": ""8820441"", ""Bib"": ""12"", ""Org"": ""KOR"", ""OrgDesc"": ""Korea"", ""Name"": ""LEE Haeran"", ""Order"": 9, ""BirthDate"": ""2003-05-29""}, {""Reg"": ""8821845"", ""Bib"": ""39"", ""Org"": ""KOR"", ""OrgDesc"": ""Korea"", ""Name"": ""HONG Yusun"", ""Order"": 10, ""BirthDate"": ""2005-02-23""}, {""Reg"": ""8821121"", ""Bib"": ""77"", ""Org"": ""KOR"", ""OrgDesc"": ""Korea"", ""Name"": ""JIN An"", ""Order"": 11, ""BirthDate"": ""1996-03-23""}]",篮球,2026-09-26,official_medal_record
KOR|BKG|M.INDIVID-----------.----|ME_SILVER|8470310,KOR,ME_SILVER,BKG,Breaking,M.INDIVID-----------.----,B-Boys,A,Hongten (KIM Hongyul),8470310,2026-10-03,M,[],霹雳舞,2026-10-03,official_medal_record
KOR|BOX|M.60KG--------------.----|ME_SILVER|304492,KOR,ME_SILVER,BOX,Boxing,M.60KG--------------.----,Men's 60kg,A,JANG Donghwan,304492,2026-10-02,M,[],拳击,2026-10-02,official_medal_record
KOR|BOX|M.80KG--------------.----|ME_SILVER|303709,KOR,ME_SILVER,BOX,Boxing,M.80KG--------------.----,Men's 80kg,A,KIM Minseong,303709,2026-10-02,M,[],拳击,2026-10-02,official_medal_record
KOR|CLB|W.LEAD--------------.FNL-|ME_GOLD|8773854,KOR,ME_GOLD,CLB,Sport Climbing,W.LEAD--------------.FNL-,Women's Lead Final,A,SEO Chaehyun,8773854,2026-10-03,W,[],运动攀岩,2026-10-03,official_medal_record
KOR|CLB|M.BOULDER-----------.FNL-|ME_SILVER|8772638,KOR,ME_SILVER,CLB,Sport Climbing,M.BOULDER-----------.FNL-,Men's Boulder Final,A,LEE Dohyun,8772638,2026-09-30,M,[],运动攀岩,2026-09-30,official_medal_record
KOR|CLB|M.LEAD--------------.FNL-|ME_BRONZE|8772638,KOR,ME_BRONZE,CLB,Sport Climbing,M.LEAD--------------.FNL-,Men's Lead Final,A,LEE Dohyun,8772638,2026-10-03,M,[],运动攀岩,2026-10-03,official_medal_record
KOR|CLB|W.BOULDER-----------.FNL-|ME_BRONZE|8773854,KOR,ME_BRONZE,CLB,Sport Climbing,W.BOULDER-----------.FNL-,Women's Boulder Final,A,SEO Chaehyun,8773854,2026-10-01,W,[],运动攀岩,2026-10-01,official_medal_record
KOR|CLB|W.SPEED4------------.FNL-|ME_BRONZE|8775284,KOR,ME_BRONZE,CLB,Sport Climbing,W.SPEED4------------.FNL-,Women's Speed 4 Final,A,JEONG Jimin,8775284,2026-09-30,W,[],运动攀岩,2026-09-30,official_medal_record
KOR|CRD|W.TT----------------.----|ME_BRONZE|527943,KOR,ME_BRONZE,CRD,Cycling Road,W.TT----------------.----,Women's Individual Time Trial,A,SHIN Jieun,527943,2026-09-20,W,[],公路自行车,2026-09-20,official_medal_record
KOR|CSP|M.K2-500M-----------.FNL-|ME_GOLD|CSPMK2-500M----KOR01,KOR,ME_GOLD,CSP,Canoe Sprint,M.K2-500M-----------.FNL-,Men's Kayak Double 500m Finals,D,CHO Gwang Hee / KIM Hyobin,CSPMK2-500M----KOR01,2026-09-25,M,"[{""Reg"": ""11234565"", ""Bib"": """", ""Org"": ""KOR"", ""OrgDesc"": ""Korea"", ""Name"": ""CHO Gwang Hee"", ""Order"": 1, ""BirthDate"": ""1993-12-24""}, {""Reg"": ""11230734"", ""Bib"": """", ""Org"": ""KOR"", ""OrgDesc"": ""Korea"", ""Name"": ""KIM Hyobin"", ""Order"": 2, ""BirthDate"": ""2001-04-02""}]",皮划艇静水,2026-09-25,official_medal_record
KOR|CSP|M.K4-500M-----------.FNL-|ME_GOLD|CSPMK4-500M----KOR01,KOR,ME_GOLD,CSP,Canoe Sprint,M.K4-500M-----------.FNL-,Men's Kayak Four 500m Final,T,Republic of Korea,CSPMK4-500M----KOR01,2026-09-24,M,"[{""Reg"": ""11234565"", ""Bib"": """", ""Org"": ""KOR"", ""OrgDesc"": ""Korea"", ""Name"": ""CHO Gwang Hee"", ""Order"": 1, ""BirthDate"": ""1993-12-24""}, {""Reg"": ""11230734"", ""Bib"": """", ""Org"": ""KOR"", ""OrgDesc"": ""Korea"", ""Name"": ""KIM Hyobin"", ""Order"": 2, ""BirthDate"": ""2001-04-02""}, {""Reg"": ""11234925"", ""Bib"": """", ""Org"": ""KOR"", ""OrgDesc"": ""Korea"", ""Name"": ""JANG Sangwon"", ""Order"": 3, ""BirthDate"": ""1993-02-12""}, {""Reg"": ""11233349"", ""Bib"": """", ""Org"": ""KOR"", ""OrgDesc"": ""Korea"", ""Name"": ""CHOI Minkyu"", ""Order"": 4, ""BirthDate"": ""1992-08-31""}]",皮划艇静水,2026-09-24,official_medal_record
KOR|CSP|M.K1-500M-----------.FNL-|ME_SILVER|11234925,KOR,ME_SILVER,CSP,Canoe Sprint,M.K1-500M-----------.FNL-,Men's Kayak Single 500m Finals,A,JANG Sangwon,11234925,2026-09-26,M,[],皮划艇静水,2026-09-26,official_medal_record
KOR|CSP|X.K2-500M-----------.FNL-|ME_SILVER|CSPXK2-500M----KOR01,KOR,ME_SILVER,CSP,Canoe Sprint,X.K2-500M-----------.FNL-,Mixed Kayak Double 500m Final,D,CHOI Minkyu / SEON Minju,CSPXK2-500M----KOR01,2026-09-26,X,"[{""Reg"": ""11233349"", ""Bib"": """", ""Org"": ""KOR"", ""OrgDesc"": ""Korea"", ""Name"": ""CHOI Minkyu"", ""Order"": 1, ""BirthDate"": ""1992-08-31""}, {""Reg"": ""11230251"", ""Bib"": """", ""Org"": ""KOR"", ""OrgDesc"": ""Korea"", ""Name"": ""SEON Minju"", ""Order"": 2, ""BirthDate"": ""2005-07-14""}]",皮划艇静水,2026-09-26,official_medal_record
KOR|CTR|M.PURTEAM4----------.----|ME_BRONZE|CTRMPURTEAM4---KOR01,KOR,ME_BRONZE,CTR,Cycling Track,M.PURTEAM4----------.----,Men's Team Pursuit,T,Republic of Korea,CTRMPURTEAM4---KOR01,2026-09-30,M,"[{""Reg"": ""529456"", ""Bib"": ""124"", ""Org"": ""KOR"", ""OrgDesc"": ""Korea"", ""Name"": ""PARK Sanghoon"", ""Order"": 1, ""BirthDate"": ""1993-03-13""}, {""Reg"": ""526205"", ""Bib"": ""121"", ""Org"": ""KOR"", ""OrgDesc"": ""Korea"", ""Name"": ""LEE Jingu"", ""Order"": 2, ""BirthDate"": ""2005-09-10""}, {""Reg"": ""528067"", ""Bib"": ""12"", ""Org"": ""KOR"", ""OrgDesc"": ""Korea"", ""Name"": ""KIM Hyeonseok"", ""Order"": 3, ""BirthDate"": ""1995-08-18""}, {""Reg"": ""525853"", ""Bib"": ""122"", ""Org"": ""KOR"", ""OrgDesc"": ""Korea"", ""Name"": ""MIN Kyeongho"", ""Order"": 4, ""BirthDate"": ""1996-07-25""}, {""Reg"": ""531401"", ""Bib"": ""119"", ""Org"": ""KOR"", ""OrgDesc"": ""Korea"", ""Name"": ""HONG Seungmin"", ""Order"": 5, ""BirthDate"": ""2004-06-29""}]",场地自行车,2026-09-30,official_medal_record
KOR|CTR|W.PURTEAM4----------.----|ME_BRONZE|CTRWPURTEAM4---KOR01,KOR,ME_BRONZE,CTR,Cycling Track,W.PURTEAM4----------.----,Women's Team Pursuit,T,Republic of Korea,CTRWPURTEAM4---KOR01,2026-09-30,W,"[{""Reg"": ""529022"", ""Bib"": ""114"", ""Org"": ""KOR"", ""OrgDesc"": ""Korea"", ""Name"": ""KIM Minjeong"", ""Order"": 1, ""BirthDate"": ""2001-09-19""}, {""Reg"": ""527577"", ""Bib"": ""116"", ""Org"": ""KOR"", ""OrgDesc"": ""Korea"", ""Name"": ""PARK Doyoung"", ""Order"": 2, ""BirthDate"": ""1993-01-30""}, {""Reg"": ""528216"", ""Bib"": ""115"", ""Org"": ""KOR"", ""OrgDesc"": ""Korea"", ""Name"": ""NOH Yunseo"", ""Order"": 3, ""BirthDate"": ""2002-10-05""}, {""Reg"": ""527943"", ""Bib"": ""29"", ""Org"": ""KOR"", ""OrgDesc"": ""Korea"", ""Name"": ""SHIN Jieun"", ""Order"": 4, ""BirthDate"": ""2001-10-10""}, {""Reg"": ""524833"", ""Bib"": ""112"", ""Org"": ""KOR"", ""OrgDesc"": ""Korea"", ""Name"": ""JANG Suji"", ""Order"": 5, ""BirthDate"": ""1997-03-13""}]",场地自行车,2026-09-30,official_medal_record
KOR|DIV|M.1M----------------.----|ME_SILVER|16575656,KOR,ME_SILVER,DIV,Diving,M.1M----------------.----,Men's 1m Springboard,A,KIM Yeongnam,16575656,2026-09-28,M,[],跳水,2026-09-28,official_medal_record
KOR|DIV|W.3MTEAM2-----------.----|ME_SILVER|DIVW3MTEAM2----KOR01,KOR,ME_SILVER,DIV,Diving,W.3MTEAM2-----------.----,Women's Synchronised 3m Springboard,D,KIM Suji / KIM Nahyun,DIVW3MTEAM2----KOR01,2026-09-27,W,"[{""Reg"": ""16572956"", ""Bib"": """", ""Org"": ""KOR"", ""OrgDesc"": ""Korea"", ""Name"": ""KIM Suji"", ""Order"": 1, ""BirthDate"": ""1998-02-16""}, {""Reg"": ""16573779"", ""Bib"": """", ""Org"": ""KOR"", ""OrgDesc"": ""Korea"", ""Name"": ""KIM Nahyun"", ""Order"": 2, ""BirthDate"": ""2003-11-08""}]",跳水,2026-09-27,official_medal_record
KOR|DIV|M.10MTEAM2----------.----|ME_BRONZE|DIVM10MTEAM2---KOR01,KOR,ME_BRONZE,DIV,Diving,M.10MTEAM2----------.----,Men's Synchronised 10m Platform,D,SHIN Jungwhi / KIM Yeongtaek,DIVM10MTEAM2---KOR01,2026-09-27,M,"[{""Reg"": ""16574367"", ""Bib"": """", ""Org"": ""KOR"", ""OrgDesc"": ""Korea"", ""Name"": ""SHIN Jungwhi"", ""Order"": 1, ""BirthDate"": ""2001-11-15""}, {""Reg"": ""16576486"", ""Bib"": """", ""Org"": ""KOR"", ""OrgDesc"": ""Korea"", ""Name"": ""KIM Yeongtaek"", ""Order"": 2, ""BirthDate"": ""2001-08-24""}]",跳水,2026-09-27,official_medal_record
KOR|DIV|W.10MTEAM2----------.----|ME_BRONZE|DIVW10MTEAM2---KOR01,KOR,ME_BRONZE,DIV,Diving,W.10MTEAM2----------.----,Women's Synchronised 10m Platform,D,KIM Nahyun / MOON Nayun,DIVW10MTEAM2---KOR01,2026-09-26,W,"[{""Reg"": ""16573779"", ""Bib"": """", ""Org"": ""KOR"", ""OrgDesc"": ""Korea"", ""Name"": ""KIM Nahyun"", ""Order"": 1, ""BirthDate"": ""2003-11-08""}, {""Reg"": ""16574026"", ""Bib"": """", ""Org"": ""KOR"", ""OrgDesc"": ""Korea"", ""Name"": ""MOON Nayun"", ""Order"": 2, ""BirthDate"": ""1997-02-25""}]",跳水,2026-09-26,official_medal_record
KOR|DIV|W.1M----------------.----|ME_BRONZE|16572956,KOR,ME_BRONZE,DIV,Diving,W.1M----------------.----,Women's 1m Springboard,A,KIM Suji,16572956,2026-09-28,W,[],跳水,2026-09-28,official_medal_record
KOR|ELS|O.FTG---------------.FNL-|ME_GOLD|ELSOFTG--------KOR01,KOR,ME_GOLD,ELS,Esports,O.FTG---------------.FNL-,"Fighting Games [Street Fighter 6, TEKKEN™ 8, THE KING OF FIGHTERS XV] Finals",T,Republic of Korea,ELSOFTG--------KOR01,2026-09-26,O,"[{""Reg"": ""8484916"", ""Bib"": """", ""Org"": ""KOR"", ""OrgDesc"": ""Korea"", ""Name"": ""LEE Kwangnoh"", ""Order"": 1, ""BirthDate"": ""1981-12-01""}, {""Reg"": ""8488275"", ""Bib"": """", ""Org"": ""KOR"", ""OrgDesc"": ""Korea"", ""Name"": ""YEON Jeagil"", ""Order"": 2, ""BirthDate"": ""1987-08-29""}, {""Reg"": ""8500580"", ""Bib"": """", ""Org"": ""KOR"", ""OrgDesc"": ""Korea"", ""Name"": ""BAE Jaemin"", ""Order"": 3, ""BirthDate"": ""1985-06-24""}]",电子竞技,2026-09-26,official_medal_record
KOR|ELS|O.LOL---------------.FNL-|ME_GOLD|ELSOLOL--------KOR01,KOR,ME_GOLD,ELS,Esports,O.LOL---------------.FNL-,League of Legends Finals,T,Republic of Korea,ELSOLOL--------KOR01,2026-10-02,O,"[{""Reg"": ""8469805"", ""Bib"": """", ""Org"": ""KOR"", ""OrgDesc"": ""Korea"", ""Name"": ""CHOI Wooje"", ""Order"": 1, ""BirthDate"": ""2004-01-31""}, {""Reg"": ""8470105"", ""Bib"": """", ""Org"": ""KOR"", ""OrgDesc"": ""Korea"", ""Name"": ""LEE Sanghyeok"", ""Order"": 2, ""BirthDate"": ""1996-05-07""}, {""Reg"": ""8470332"", ""Bib"": """", ""Org"": ""KOR"", ""OrgDesc"": ""Korea"", ""Name"": ""KIM Geonwoo"", ""Order"": 3, ""BirthDate"": ""2002-11-28""}, {""Reg"": ""8471665"", ""Bib"": """", ""Org"": ""KOR"", ""OrgDesc"": ""Korea"", ""Name"": ""RYU Minseok"", ""Order"": 4, ""BirthDate"": ""2002-10-14""}, {""Reg"": ""8475106"", ""Bib"": """", ""Org"": ""KOR"", ""OrgDesc"": ""Korea"", ""Name"": ""KIM Gunboo"", ""Order"": 5, ""BirthDate"": ""2001-06-18""}, {""Reg"": ""8482325"", ""Bib"": """", ""Org"": ""KOR"", ""OrgDesc"": ""Korea"", ""Name"": ""LEE Minhyung"", ""Order"": 6, ""BirthDate"": ""2002-02-06""}]",电子竞技,2026-10-02,official_medal_record
KOR|ELS|O.PYO---------------.FNL-|ME_SILVER|8478868,KOR,ME_SILVER,ELS,Esports,O.PYO---------------.FNL-,Puyo Puyo Champions Finals,A,KANG Dongshin,8478868,2026-09-26,M,[],电子竞技,2026-09-26,official_medal_record
KOR|ELS|O.GT7---------------.FNL-|ME_BRONZE|8476410,KOR,ME_BRONZE,ELS,Esports,O.GT7---------------.FNL-,Gran Turismo 7 Finals,A,KIM Youngchan,8476410,2026-09-23,M,[],电子竞技,2026-09-23,official_medal_record
KOR|ELS|O.PKU---------------.FNL-|ME_BRONZE|ELSOPKU--------KOR01,KOR,ME_BRONZE,ELS,Esports,O.PKU---------------.FNL-,Pokemon UNITE Finals,T,Republic of Korea,ELSOPKU--------KOR01,2026-09-27,O,"[{""Reg"": ""8479179"", ""Bib"": """", ""Org"": ""KOR"", ""OrgDesc"": ""Korea"", ""Name"": ""PARK Sungsoon"", ""Order"": 1, ""BirthDate"": ""2008-08-02""}, {""Reg"": ""8479361"", ""Bib"": """", ""Org"": ""KOR"", ""OrgDesc"": ""Korea"", ""Name"": ""CHO Minhyeok"", ""Order"": 2, ""BirthDate"": ""2008-09-27""}, {""Reg"": ""8479540"", ""Bib"": """", ""Org"": ""KOR"", ""OrgDesc"": ""Korea"", ""Name"": ""JIN Subeen"", ""Order"": 3, ""BirthDate"": ""2001-03-17""}, {""Reg"": ""8495397"", ""Bib"": """", ""Org"": ""KOR"", ""OrgDesc"": ""Korea"", ""Name"": ""KIM Jae Young"", ""Order"": 4, ""BirthDate"": ""1993-03-24""}, {""Reg"": ""8499993"", ""Bib"": """", ""Org"": ""KOR"", ""OrgDesc"": ""Korea"", ""Name"": ""LEE Jihwan"", ""Order"": 5, ""BirthDate"": ""1997-02-04""}]",电子竞技,2026-09-27,official_medal_record
KOR|EQU|O.DRESINDV----------.----|ME_GOLD|885026,KOR,ME_GOLD,EQU,Equestrian,O.DRESINDV----------.----,Dressage Individual,A,NAM Dongheon,885026,2026-09-27,M,[],马术,2026-09-27,official_medal_record
KOR|EQU|O.DRESTEAM----------.----|ME_SILVER|EQUODRESTEAM---KOR01,KOR,ME_SILVER,EQU,Equestrian,O.DRESTEAM----------.----,Dressage Team,T,Republic of Korea,EQUODRESTEAM---KOR01,2026-09-25,O,"[{""Reg"": ""885026"", ""Bib"": """", ""Org"": ""KOR"", ""OrgDesc"": ""Korea"", ""Name"": ""NAM Dongheon"", ""Order"": 1, ""BirthDate"": ""1988-12-21""}, {""Reg"": ""886275"", ""Bib"": """", ""Org"": ""KOR"", ""OrgDesc"": ""Korea"", ""Name"": ""KIM Shiwoo"", ""Order"": 2, ""BirthDate"": ""2010-05-04""}, {""Reg"": ""886795"", ""Bib"": """", ""Org"": ""KOR"", ""OrgDesc"": ""Korea"", ""Name"": ""LEE Myeongseok"", ""Order"": 3, ""BirthDate"": ""1989-02-13""}, {""Reg"": ""887315"", ""Bib"": """", ""Org"": ""KOR"", ""OrgDesc"": ""Korea"", ""Name"": ""DO Hyunwoo"", ""Order"": 4, ""BirthDate"": ""2002-12-23""}]",马术,2026-09-25,official_medal_record
KOR|EQU|O.EVENTEAM----------.----|ME_BRONZE|EQUOEVENTEAM---KOR01,KOR,ME_BRONZE,EQU,Equestrian,O.EVENTEAM----------.----,Eventing Team,T,Republic of Korea,EQUOEVENTEAM---KOR01,2026-09-23,O,"[{""Reg"": ""881454"", ""Bib"": """", ""Org"": ""KOR"", ""OrgDesc"": ""Korea"", ""Name"": ""KANG Hansu"", ""Order"": 1, ""BirthDate"": ""1997-05-10""}, {""Reg"": ""887003"", ""Bib"": """", ""Org"": ""KOR"", ""OrgDesc"": ""Korea"", ""Name"": ""LEE Donghwa"", ""Order"": 2, ""BirthDate"": ""2007-09-19""}, {""Reg"": ""882520"", ""Bib"": """", ""Org"": ""KOR"", ""OrgDesc"": ""Korea"", ""Name"": ""KIM Hyeongho"", ""Order"": 3, ""BirthDate"": ""2008-06-18""}, {""Reg"": ""881670"", ""Bib"": """", ""Org"": ""KOR"", ""OrgDesc"": ""Korea"", ""Name"": ""PARK Heungsu"", ""Order"": 4, ""BirthDate"": ""2008-06-11""}]",马术,2026-09-23,official_medal_record
KOR|FBL|M.TEAM11------------.----|ME_GOLD|FBLMTEAM11-----KOR01,KOR,ME_GOLD,FBL,Football,M.TEAM11------------.----,Men,T,Republic of Korea,FBLMTEAM11-----KOR01,2026-10-03,M,"[{""Reg"": ""3905895"", ""Bib"": ""1"", ""Org"": ""KOR"", ""OrgDesc"": ""Korea"", ""Name"": ""KIM Joonhong"", ""Order"": 1, ""BirthDate"": ""2003-06-03""}, {""Reg"": ""3895573"", ""Bib"": ""2"", ""Org"": ""KOR"", ""OrgDesc"": ""Korea"", ""Name"": ""KANG Minjun"", ""Order"": 2, ""BirthDate"": ""2003-04-08""}, {""Reg"": ""3906987"", ""Bib"": ""3"", ""Org"": ""KOR"", ""OrgDesc"": ""Korea"", ""Name"": ""CHOI Woojin"", ""Order"": 3, ""BirthDate"": ""2004-07-18""}, {""Reg"": ""3908436"", ""Bib"": ""4"", ""Org"": ""KOR"", ""OrgDesc"": ""Korea"", ""Name"": ""PARK Seonghoon"", ""Order"": 4, ""BirthDate"": ""2003-01-27""}, {""Reg"": ""3907843"", ""Bib"": ""5"", ""Org"": ""KOR"", ""OrgDesc"": ""Korea"", ""Name"": ""KIM Jisoo"", ""Order"": 5, ""BirthDate"": ""2004-12-24""}, {""Reg"": ""3907478"", ""Bib"": ""6"", ""Org"": ""KOR"", ""OrgDesc"": ""Korea"", ""Name"": ""LEE Gihyuk"", ""Order"": 6, ""BirthDate"": ""2000-07-07""}, {""Reg"": ""3913222"", ""Bib"": ""7"", ""Org"": ""KOR"", ""OrgDesc"": ""Korea"", ""Name"": ""EOM Jisung"", ""Order"": 7, ""BirthDate"": ""2002-05-09""}, {""Reg"": ""3896229"", ""Bib"": ""8"", ""Org"": ""KOR"", ""OrgDesc"": ""Korea"", ""Name"": ""LEE Seungwon"", ""Order"": 8, ""BirthDate"": ""2003-03-06""}, {""Reg"": ""3914050"", ""Bib"": ""9"", ""Org"": ""KOR"", ""OrgDesc"": ""Korea"", ""Name"": ""LEE Youngjun"", ""Order"": 9, ""BirthDate"": ""2003-05-23""}, {""Reg"": ""3896911"", ""Bib"": ""10"", ""Org"": ""KOR"", ""OrgDesc"": ""Korea"", ""Name"": ""BAE Junho"", ""Order"": 10, ""BirthDate"": ""2003-08-21""}, {""Reg"": ""3913753"", ""Bib"": ""11"", ""Org"": ""KOR"", ""OrgDesc"": ""Korea"", ""Name"": ""YANG Hyunjun"", ""Order"": 11, ""BirthDate"": ""2002-05-25""}, {""Reg"": ""3906843"", ""Bib"": ""12"", ""Org"": ""KOR"", ""OrgDesc"": ""Korea"", ""Name"": ""KIM Minseung"", ""Order"": 12, ""BirthDate"": ""2005-02-09""}, {""Reg"": ""3895857"", ""Bib"": ""13"", ""Org"": ""KOR"", ""OrgDesc"": ""Korea"", ""Name"": ""KANG Sangyoon"", ""Order"": 13, ""BirthDate"": ""2004-05-31""}, {""Reg"": ""3897031"", ""Bib"": ""14"", ""Org"": ""KOR"", ""OrgDesc"": ""Korea"", ""Name"": ""LEE Hyunju"", ""Order"": 14, ""BirthDate"": ""2003-02-07""}, {""Reg"": ""3896692"", ""Bib"": ""15"", ""Org"": ""KOR"", ""OrgDesc"": ""Korea"", ""Name"": ""HWANG Doyun"", ""Order"": 15, ""BirthDate"": ""2003-04-09""}, {""Reg"": ""3909071"", ""Bib"": ""16"", ""Org"": ""KOR"", ""OrgDesc"": ""Korea"", ""Name"": ""CHOI Seok Hyun"", ""Order"": 16, ""BirthDate"": ""2003-01-13""}, {""Reg"": ""3913575"", ""Bib"": ""17"", ""Org"": ""KOR"", ""OrgDesc"": ""Korea"", ""Name"": ""YANG Minhyeok"", ""Order"": 17, ""BirthDate"": ""2006-04-16""}, {""Reg"": ""3914357"", ""Bib"": ""18"", ""Org"": ""KOR"", ""OrgDesc"": ""Korea"", ""Name"": ""KIM Myeongjun"", ""Order"": 18, ""BirthDate"": ""2006-03-21""}, {""Reg"": ""3913343"", ""Bib"": ""19"", ""Org"": ""KOR"", ""OrgDesc"": ""Korea"", ""Name"": ""PARK Seungsoo"", ""Order"": 19, ""BirthDate"": ""2007-03-17""}, {""Reg"": ""3908845"", ""Bib"": ""20"", ""Org"": ""KOR"", ""OrgDesc"": ""Korea"", ""Name"": ""PARK Gyeongseop"", ""Order"": 20, ""BirthDate"": ""2004-07-02""}, {""Reg"": ""3895289"", ""Bib"": ""21"", ""Org"": ""KOR"", ""OrgDesc"": ""Korea"", ""Name"": ""LEE Seunghwan"", ""Order"": 21, ""BirthDate"": ""2003-04-05""}, {""Reg"": ""3907116"", ""Bib"": ""22"", ""Org"": ""KOR"", ""OrgDesc"": ""Korea"", ""Name"": ""BAE Hyunseo"", ""Order"": 22, ""BirthDate"": ""2005-02-16""}, {""Reg"": ""3908062"", ""Bib"": ""23"", ""Org"": ""KOR"", ""OrgDesc"": ""Korea"", ""Name"": ""SHIN Minha"", ""Order"": 23, ""BirthDate"": ""2005-09-15""}]",足球,2026-10-03,official_medal_record
KOR|FBL|W.TEAM11------------.----|ME_BRONZE|FBLWTEAM11-----KOR01,KOR,ME_BRONZE,FBL,Football,W.TEAM11------------.----,Women,T,Republic of Korea,FBLWTEAM11-----KOR01,2026-10-02,W,"[{""Reg"": ""3910257"", ""Bib"": ""1"", ""Org"": ""KOR"", ""OrgDesc"": ""Korea"", ""Name"": ""KIM Kyeonghee"", ""Order"": 1, ""BirthDate"": ""2003-03-17""}, {""Reg"": ""3909962"", ""Bib"": ""2"", ""Org"": ""KOR"", ""OrgDesc"": ""Korea"", ""Name"": ""HAN Dain"", ""Order"": 2, ""BirthDate"": ""2002-02-09""}, {""Reg"": ""3900292"", ""Bib"": ""3"", ""Org"": ""KOR"", ""OrgDesc"": ""Korea"", ""Name"": ""LEE Minhwa"", ""Order"": 3, ""BirthDate"": ""1999-10-29""}, {""Reg"": ""3902752"", ""Bib"": ""4"", ""Org"": ""KOR"", ""OrgDesc"": ""Korea"", ""Name"": ""NOH Jinyoung"", ""Order"": 4, ""BirthDate"": ""2000-06-03""}, {""Reg"": ""3899739"", ""Bib"": ""5"", ""Org"": ""KOR"", ""OrgDesc"": ""Korea"", ""Name"": ""KO Yoojin"", ""Order"": 5, ""BirthDate"": ""1997-01-24""}, {""Reg"": ""3902417"", ""Bib"": ""6"", ""Org"": ""KOR"", ""OrgDesc"": ""Korea"", ""Name"": ""PARK Hyejeong"", ""Order"": 6, ""BirthDate"": ""2000-03-30""}, {""Reg"": ""3900980"", ""Bib"": ""7"", ""Org"": ""KOR"", ""OrgDesc"": ""Korea"", ""Name"": ""SON Hwayeon"", ""Order"": 7, ""BirthDate"": ""1997-03-15""}, {""Reg"": ""3899917"", ""Bib"": ""8"", ""Org"": ""KOR"", ""OrgDesc"": ""Korea"", ""Name"": ""PARK Yena"", ""Order"": 8, ""BirthDate"": ""1999-05-14""}, {""Reg"": ""3899590"", ""Bib"": ""9"", ""Org"": ""KOR"", ""OrgDesc"": ""Korea"", ""Name"": ""JEONG Dabin"", ""Order"": 9, ""BirthDate"": ""2005-09-05""}, {""Reg"": ""3898544"", ""Bib"": ""10"", ""Org"": ""KOR"", ""OrgDesc"": ""Korea"", ""Name"": ""JI Soyun"", ""Order"": 10, ""BirthDate"": ""1991-02-21""}, {""Reg"": ""3911285"", ""Bib"": ""11"", ""Org"": ""KOR"", ""OrgDesc"": ""Korea"", ""Name"": ""CHOE Yuri"", ""Order"": 11, ""BirthDate"": ""1994-09-16""}, {""Reg"": ""3901805"", ""Bib"": ""12"", ""Org"": ""KOR"", ""OrgDesc"": ""Korea"", ""Name"": ""RYU Jisu"", ""Order"": 12, ""BirthDate"": ""1997-09-03""}, {""Reg"": ""3910674"", ""Bib"": ""13"", ""Org"": ""KOR"", ""OrgDesc"": ""Korea"", ""Name"": ""HYUN Seulgi"", ""Order"": 13, ""BirthDate"": ""2001-01-28""}, {""Reg"": ""3902130"", ""Bib"": ""14"", ""Org"": ""KOR"", ""OrgDesc"": ""Korea"", ""Name"": ""JUNG Minyoung"", ""Order"": 14, ""BirthDate"": ""2000-09-28""}, {""Reg"": ""3911426"", ""Bib"": ""15"", ""Org"": ""KOR"", ""OrgDesc"": ""Korea"", ""Name"": ""JEONG Yujin"", ""Order"": 15, ""BirthDate"": ""2000-12-25""}, {""Reg"": ""3903434"", ""Bib"": ""16"", ""Org"": ""KOR"", ""OrgDesc"": ""Korea"", ""Name"": ""JANG Selgi"", ""Order"": 16, ""BirthDate"": ""1994-05-31""}, {""Reg"": ""3911778"", ""Bib"": ""17"", ""Org"": ""KOR"", ""OrgDesc"": ""Korea"", ""Name"": ""YUN Sujeong"", ""Order"": 17, ""BirthDate"": ""2002-06-20""}, {""Reg"": ""3900823"", ""Bib"": ""18"", ""Org"": ""KOR"", ""OrgDesc"": ""Korea"", ""Name"": ""KIM Minji"", ""Order"": 18, ""BirthDate"": ""2003-08-21""}, {""Reg"": ""3901627"", ""Bib"": ""19"", ""Org"": ""KOR"", ""OrgDesc"": ""Korea"", ""Name"": ""KANG Taekyung"", ""Order"": 19, ""BirthDate"": ""1998-12-10""}, {""Reg"": ""3910805"", ""Bib"": ""20"", ""Org"": ""KOR"", ""OrgDesc"": ""Korea"", ""Name"": ""KIM Hyeri"", ""Order"": 20, ""BirthDate"": ""1990-06-25""}, {""Reg"": ""3900690"", ""Bib"": ""21"", ""Org"": ""KOR"", ""OrgDesc"": ""Korea"", ""Name"": ""KIM Minjung"", ""Order"": 21, ""BirthDate"": ""1996-09-12""}, {""Reg"": ""3904755"", ""Bib"": ""22"", ""Org"": ""KOR"", ""OrgDesc"": ""Korea"", ""Name"": ""CHOO Hyojoo"", ""Order"": 22, ""BirthDate"": ""2000-07-29""}, {""Reg"": ""3905545"", ""Bib"": ""23"", ""Org"": ""KOR"", ""OrgDesc"": ""Korea"", ""Name"": ""KANG Chaerim"", ""Order"": 23, ""BirthDate"": ""1998-03-23""}]",足球,2026-10-02,official_medal_record
KOR|FEN|M.SABRE-------------.----|ME_GOLD|7769284,KOR,ME_GOLD,FEN,Fencing,M.SABRE-------------.----,Men's Sabre Individual,A,OH Sanguk,7769284,2026-09-23,M,[],击剑,2026-09-23,official_medal_record
KOR|FEN|M.TEAMSABR----------.----|ME_GOLD|FENMTEAMSABR---KOR01,KOR,ME_GOLD,FEN,Fencing,M.TEAMSABR----------.----,Men's Sabre Team,T,Republic of Korea,FENMTEAMSABR---KOR01,2026-09-26,M,"[{""Reg"": ""7768550"", ""Bib"": """", ""Org"": ""KOR"", ""OrgDesc"": ""Korea"", ""Name"": ""DO Gyeongdong"", ""Order"": 1, ""BirthDate"": ""1999-08-19""}, {""Reg"": ""7769119"", ""Bib"": """", ""Org"": ""KOR"", ""OrgDesc"": ""Korea"", ""Name"": ""PARK Sangwon"", ""Order"": 2, ""BirthDate"": ""2000-09-14""}, {""Reg"": ""7769284"", ""Bib"": """", ""Org"": ""KOR"", ""OrgDesc"": ""Korea"", ""Name"": ""OH Sanguk"", ""Order"": 3, ""BirthDate"": ""1996-09-30""}, {""Reg"": ""7771188"", ""Bib"": """", ""Org"": ""KOR"", ""OrgDesc"": ""Korea"", ""Name"": ""HWANG Heegeun"", ""Order"": 4, ""BirthDate"": ""2003-08-26""}]",击剑,2026-09-26,official_medal_record
KOR|FEN|W.EPEE--------------.----|ME_GOLD|7771922,KOR,ME_GOLD,FEN,Fencing,W.EPEE--------------.----,Women's Épée Individual,A,SONG Sera,7771922,2026-09-22,W,[],击剑,2026-09-22,official_medal_record
KOR|FEN|W.TEAMSABR----------.----|ME_GOLD|FENWTEAMSABR---KOR01,KOR,ME_GOLD,FEN,Fencing,W.TEAMSABR----------.----,Women's Sabre Team,T,Republic of Korea,FENWTEAMSABR---KOR01,2026-09-27,W,"[{""Reg"": ""7770696"", ""Bib"": """", ""Org"": ""KOR"", ""OrgDesc"": ""Korea"", ""Name"": ""SEO Jiyeon"", ""Order"": 1, ""BirthDate"": ""1993-03-03""}, {""Reg"": ""7770880"", ""Bib"": """", ""Org"": ""KOR"", ""OrgDesc"": ""Korea"", ""Name"": ""JEON Hayoung"", ""Order"": 2, ""BirthDate"": ""2001-08-18""}, {""Reg"": ""7771055"", ""Bib"": """", ""Org"": ""KOR"", ""OrgDesc"": ""Korea"", ""Name"": ""CHOI Sebin"", ""Order"": 3, ""BirthDate"": ""2000-08-11""}, {""Reg"": ""7773405"", ""Bib"": """", ""Org"": ""KOR"", ""OrgDesc"": ""Korea"", ""Name"": ""KIM Jeongmi"", ""Order"": 4, ""BirthDate"": ""2000-06-16""}]",击剑,2026-09-27,official_medal_record
KOR|FEN|M.TEAMEPEE----------.----|ME_SILVER|FENMTEAMEPEE---KOR01,KOR,ME_SILVER,FEN,Fencing,M.TEAMEPEE----------.----,Men's Épée Team,T,Republic of Korea,FENMTEAMEPEE---KOR01,2026-09-27,M,"[{""Reg"": ""7768723"", ""Bib"": """", ""Org"": ""KOR"", ""OrgDesc"": ""Korea"", ""Name"": ""KWON Omin"", ""Order"": 1, ""BirthDate"": ""2001-05-10""}, {""Reg"": ""7769716"", ""Bib"": """", ""Org"": ""KOR"", ""OrgDesc"": ""Korea"", ""Name"": ""JANG Hyomin"", ""Order"": 2, ""BirthDate"": ""1996-08-12""}, {""Reg"": ""7772477"", ""Bib"": """", ""Org"": ""KOR"", ""OrgDesc"": ""Korea"", ""Name"": ""NAM Yeonho"", ""Order"": 3, ""BirthDate"": ""2004-07-16""}, {""Reg"": ""7774279"", ""Bib"": """", ""Org"": ""KOR"", ""OrgDesc"": ""Korea"", ""Name"": ""PARK Sangyoung"", ""Order"": 4, ""BirthDate"": ""1995-10-16""}]",击剑,2026-09-27,official_medal_record
KOR|FEN|W.FOIL--------------.----|ME_SILVER|7768243,KOR,ME_SILVER,FEN,Fencing,W.FOIL--------------.----,Women's Foil Individual,A,PARK Jihee,7768243,2026-09-23,W,[],击剑,2026-09-23,official_medal_record
KOR|FEN|W.TEAMEPEE----------.----|ME_SILVER|FENWTEAMEPEE---KOR01,KOR,ME_SILVER,FEN,Fencing,W.TEAMEPEE----------.----,Women's Épée Team,T,Republic of Korea,FENWTEAMEPEE---KOR01,2026-09-25,W,"[{""Reg"": ""7771922"", ""Bib"": """", ""Org"": ""KOR"", ""OrgDesc"": ""Korea"", ""Name"": ""SONG Sera"", ""Order"": 1, ""BirthDate"": ""1993-09-06""}, {""Reg"": ""7773614"", ""Bib"": """", ""Org"": ""KOR"", ""OrgDesc"": ""Korea"", ""Name"": ""YANG Seunghye"", ""Order"": 2, ""BirthDate"": ""2006-07-28""}, {""Reg"": ""7774646"", ""Bib"": """", ""Org"": ""KOR"", ""OrgDesc"": ""Korea"", ""Name"": ""LIM Taehee"", ""Order"": 3, ""BirthDate"": ""2002-02-22""}, {""Reg"": ""7775320"", ""Bib"": """", ""Org"": ""KOR"", ""OrgDesc"": ""Korea"", ""Name"": ""LEE Hyein"", ""Order"": 4, ""BirthDate"": ""1995-01-16""}]",击剑,2026-09-25,official_medal_record
KOR|FEN|W.TEAMFOIL----------.----|ME_SILVER|FENWTEAMFOIL---KOR01,KOR,ME_SILVER,FEN,Fencing,W.TEAMFOIL----------.----,Women's Foil Team,T,Republic of Korea,FENWTEAMFOIL---KOR01,2026-09-26,W,"[{""Reg"": ""7768243"", ""Bib"": """", ""Org"": ""KOR"", ""OrgDesc"": ""Korea"", ""Name"": ""PARK Jihee"", ""Order"": 1, ""BirthDate"": ""2001-10-16""}, {""Reg"": ""7770421"", ""Bib"": """", ""Org"": ""KOR"", ""OrgDesc"": ""Korea"", ""Name"": ""MO Byeoli"", ""Order"": 2, ""BirthDate"": ""2004-06-06""}, {""Reg"": ""7772130"", ""Bib"": """", ""Org"": ""KOR"", ""OrgDesc"": ""Korea"", ""Name"": ""SIM Soeun"", ""Order"": 3, ""BirthDate"": ""2002-10-28""}, {""Reg"": ""7773043"", ""Bib"": """", ""Org"": ""KOR"", ""OrgDesc"": ""Korea"", ""Name"": ""LEE Sejoo"", ""Order"": 4, ""BirthDate"": ""1995-11-15""}]",击剑,2026-09-26,official_medal_record
KOR|FEN|M.FOIL--------------.----|ME_BRONZE|7767347,KOR,ME_BRONZE,FEN,Fencing,M.FOIL--------------.----,Men's Foil Individual,A,YOUN Jeonghyun,7767347,2026-09-22,M,[],击剑,2026-09-22,official_medal_record
KOR|FEN|M.TEAMFOIL----------.----|ME_BRONZE|FENMTEAMFOIL---KOR01,KOR,ME_BRONZE,FEN,Fencing,M.TEAMFOIL----------.----,Men's Foil Team,T,Republic of Korea,FENMTEAMFOIL---KOR01,2026-09-25,M,"[{""Reg"": ""7767199"", ""Bib"": """", ""Org"": ""KOR"", ""OrgDesc"": ""Korea"", ""Name"": ""KIM Tae Hwan"", ""Order"": 1, ""BirthDate"": ""2001-01-05""}, {""Reg"": ""7767347"", ""Bib"": """", ""Org"": ""KOR"", ""OrgDesc"": ""Korea"", ""Name"": ""YOUN Jeonghyun"", ""Order"": 2, ""BirthDate"": ""2001-01-05""}, {""Reg"": ""7768104"", ""Bib"": """", ""Org"": ""KOR"", ""OrgDesc"": ""Korea"", ""Name"": ""LEE Kwanghyun"", ""Order"": 3, ""BirthDate"": ""1993-08-17""}, {""Reg"": ""7772890"", ""Bib"": """", ""Org"": ""KOR"", ""OrgDesc"": ""Korea"", ""Name"": ""IM Cheolwoo"", ""Order"": 4, ""BirthDate"": ""1993-05-14""}]",击剑,2026-09-25,official_medal_record
KOR|GAR|W.1APBB-------------.----|ME_GOLD|10633185,KOR,ME_GOLD,GAR,Artistic Gymnastics,W.1APBB-------------.----,Women's Balance Beam,A,HWANG Seohyun,10633185,2026-09-25,W,[],竞技体操,2026-09-25,official_medal_record
KOR|GAR|W.1APVT-------------.----|ME_GOLD|10630409,KOR,ME_GOLD,GAR,Artistic Gymnastics,W.1APVT-------------.----,Women's Vault,A,YEO Seojeong,10630409,2026-09-24,W,[],竞技体操,2026-09-24,official_medal_record
KOR|GLF|M.STROKE------------.FNL-|ME_GOLD|7738992,KOR,ME_GOLD,GLF,Golf,M.STROKE------------.FNL-,Men's Individual Stroke Play,A,KIM Joohyung,7738992,2026-10-03,M,[],高尔夫球,2026-10-03,official_medal_record
KOR|GLF|M.TEAM--------------.FNL-|ME_SILVER|GLFMTEAM-------KOR01,KOR,ME_SILVER,GLF,Golf,M.TEAM--------------.FNL-,Men's Team,T,Republic of Korea,GLFMTEAM-------KOR01,2026-10-03,M,"[{""Reg"": ""7738068"", ""Bib"": """", ""Org"": ""KOR"", ""OrgDesc"": ""Korea"", ""Name"": ""KIM Seonghyeon"", ""Order"": 1, ""BirthDate"": ""1998-09-17""}, {""Reg"": ""7738992"", ""Bib"": """", ""Org"": ""KOR"", ""OrgDesc"": ""Korea"", ""Name"": ""KIM Joohyung"", ""Order"": 2, ""BirthDate"": ""2002-06-21""}, {""Reg"": ""7739137"", ""Bib"": """", ""Org"": ""KOR"", ""OrgDesc"": ""Korea"", ""Name"": ""MUN Doyeob"", ""Order"": 3, ""BirthDate"": ""1991-11-08""}]",高尔夫球,2026-10-03,official_medal_record
KOR|HBL|W.TEAM7-------------.----|ME_GOLD|HBLWTEAM7------KOR01,KOR,ME_GOLD,HBL,Handball,W.TEAM7-------------.----,Women,T,Republic of Korea,HBLWTEAM7------KOR01,2026-09-27,W,"[{""Reg"": ""8532956"", ""Bib"": ""4"", ""Org"": ""KOR"", ""OrgDesc"": ""Korea"", ""Name"": ""LEE Hyewon"", ""Order"": 1, ""BirthDate"": ""2004-05-16""}, {""Reg"": ""8533852"", ""Bib"": ""7"", ""Org"": ""KOR"", ""OrgDesc"": ""Korea"", ""Name"": ""LEE Wonjung"", ""Order"": 2, ""BirthDate"": ""2002-05-17""}, {""Reg"": ""8533273"", ""Bib"": ""9"", ""Org"": ""KOR"", ""OrgDesc"": ""Korea"", ""Name"": ""LEE Yeongyeong"", ""Order"": 3, ""BirthDate"": ""1991-10-02""}, {""Reg"": ""8531644"", ""Bib"": ""11"", ""Org"": ""KOR"", ""OrgDesc"": ""Korea"", ""Name"": ""RYU Eun"", ""Order"": 4, ""BirthDate"": ""1990-02-24""}, {""Reg"": ""8535782"", ""Bib"": ""12"", ""Org"": ""KOR"", ""OrgDesc"": ""Korea"", ""Name"": ""JEONG Jinhui"", ""Order"": 5, ""BirthDate"": ""1999-03-24""}, {""Reg"": ""8533112"", ""Bib"": ""16"", ""Org"": ""KOR"", ""OrgDesc"": ""Korea"", ""Name"": ""PARK Saeyoung"", ""Order"": 6, ""BirthDate"": ""1994-08-11""}, {""Reg"": ""8524500"", ""Bib"": ""18"", ""Org"": ""KOR"", ""OrgDesc"": ""Korea"", ""Name"": ""HAN Miseul"", ""Order"": 7, ""BirthDate"": ""1993-08-13""}, {""Reg"": ""8524327"", ""Bib"": ""19"", ""Org"": ""KOR"", ""OrgDesc"": ""Korea"", ""Name"": ""KANG Eunhye"", ""Order"": 8, ""BirthDate"": ""1996-04-17""}, {""Reg"": ""8535590"", ""Bib"": ""20"", ""Org"": ""KOR"", ""OrgDesc"": ""Korea"", ""Name"": ""JO Eunbeen"", ""Order"": 9, ""BirthDate"": ""2001-04-18""}, {""Reg"": ""8526420"", ""Bib"": ""21"", ""Org"": ""KOR"", ""OrgDesc"": ""Korea"", ""Name"": ""KIM Sora"", ""Order"": 10, ""BirthDate"": ""1998-03-23""}, {""Reg"": ""8535977"", ""Bib"": ""23"", ""Org"": ""KOR"", ""OrgDesc"": ""Korea"", ""Name"": ""WOO Bitna"", ""Order"": 11, ""BirthDate"": ""2001-10-23""}, {""Reg"": ""8540033"", ""Bib"": ""24"", ""Org"": ""KOR"", ""OrgDesc"": ""Korea"", ""Name"": ""KWON Han"", ""Order"": 12, ""BirthDate"": ""1989-11-22""}, {""Reg"": ""8528203"", ""Bib"": ""26"", ""Org"": ""KOR"", ""OrgDesc"": ""Korea"", ""Name"": ""CHA Seoyeon"", ""Order"": 13, ""BirthDate"": ""2004-07-24""}, {""Reg"": ""8534071"", ""Bib"": ""27"", ""Org"": ""KOR"", ""OrgDesc"": ""Korea"", ""Name"": ""JEON Jiyeon"", ""Order"": 14, ""BirthDate"": ""2003-05-02""}, {""Reg"": ""8534238"", ""Bib"": ""31"", ""Org"": ""KOR"", ""OrgDesc"": ""Korea"", ""Name"": ""GIM Boeun"", ""Order"": 15, ""BirthDate"": ""1997-12-08""}, {""Reg"": ""8532837"", ""Bib"": ""37"", ""Org"": ""KOR"", ""OrgDesc"": ""Korea"", ""Name"": ""KIM Minseo"", ""Order"": 16, ""BirthDate"": ""2004-02-14""}]",手球,2026-09-27,official_medal_record
KOR|JJI|M.94KG--------------.FNL-|ME_SILVER|3738595,KOR,ME_SILVER,JJI,Jiu Jitsu,M.94KG--------------.FNL-,Men -94kg Final - Gold Medal,A,PARK Sunghu,3738595,2026-10-02,M,[],柔术,2026-10-02,official_medal_record
KOR|JJI|W.52KG--------------.FNL-|ME_SILVER|3741096,KOR,ME_SILVER,JJI,Jiu Jitsu,W.52KG--------------.FNL-,Women -52kg Final - Gold Medal,A,IM Eonju,3741096,2026-10-02,W,[],柔术,2026-10-02,official_medal_record
KOR|JJI|M.69KG--------------.FNL-|ME_BRONZE|3738943,KOR,ME_BRONZE,JJI,Jiu Jitsu,M.69KG--------------.FNL-,Men -69kg Final - Gold Medal,A,JOO Seonghyeon,3738943,2026-10-01,M,[],柔术,2026-10-01,official_medal_record
KOR|JJI|M.77KG--------------.FNL-|ME_BRONZE|3739852,KOR,ME_BRONZE,JJI,Jiu Jitsu,M.77KG--------------.FNL-,Men -77kg Final - Gold Medal,A,PARK Jaewoon,3739852,2026-10-02,M,[],柔术,2026-10-02,official_medal_record
KOR|JJI|M.85KG--------------.FNL-|ME_BRONZE|3738099,KOR,ME_BRONZE,JJI,Jiu Jitsu,M.85KG--------------.FNL-,Men -85kg Final - Gold Medal,A,KIM Mingyu,3738099,2026-10-03,M,[],柔术,2026-10-03,official_medal_record
KOR|JJI|M.94KG--------------.FNL-|ME_BRONZE|3737247,KOR,ME_BRONZE,JJI,Jiu Jitsu,M.94KG--------------.FNL-,Men -94kg Final - Gold Medal,A,KIM Heedong,3737247,2026-10-02,M,[],柔术,2026-10-02,official_medal_record
KOR|JUD|W.57KG--------------.FNL-|ME_GOLD|7871370,KOR,ME_GOLD,JUD,Judo,W.57KG--------------.FNL-,Women -57 kg Final,A,HUH Mimi,7871370,2026-10-01,W,[],柔道,2026-10-01,official_medal_record
KOR|JUD|W.52KG--------------.FNL-|ME_SILVER|7871518,KOR,ME_SILVER,JUD,Judo,W.52KG--------------.FNL-,Women -52 kg Final,A,JANG Seyun,7871518,2026-09-30,W,[],柔道,2026-09-30,official_medal_record
KOR|JUD|W.78KG--------------.FNL-|ME_SILVER|7873921,KOR,ME_SILVER,JUD,Judo,W.78KG--------------.FNL-,Women -78 kg Final,A,KIM Minju,7873921,2026-10-02,W,[],柔道,2026-10-02,official_medal_record
KOR|JUD|W.O78KG-------------.FNL-|ME_SILVER|7871621,KOR,ME_SILVER,JUD,Judo,W.O78KG-------------.FNL-,Women +78 kg Final,A,LEE Hyeonji,7871621,2026-10-02,W,[],柔道,2026-10-02,official_medal_record
KOR|JUD|M.100KG-------------.FNL-|ME_BRONZE|7872649,KOR,ME_BRONZE,JUD,Judo,M.100KG-------------.FNL-,Men -100 kg Final,A,HAN Juyeop,7872649,2026-10-02,M,[],柔道,2026-10-02,official_medal_record
KOR|JUD|M.81KG--------------.FNL-|ME_BRONZE|7874028,KOR,ME_BRONZE,JUD,Judo,M.81KG--------------.FNL-,Men -81 kg Final,A,LEE Joonhwan,7874028,2026-10-01,M,[],柔道,2026-10-01,official_medal_record
KOR|JUD|M.90KG--------------.FNL-|ME_BRONZE|7874133,KOR,ME_BRONZE,JUD,Judo,M.90KG--------------.FNL-,Men -90 kg Final,A,KIM Jonghoon,7874133,2026-10-02,M,[],柔道,2026-10-02,official_medal_record
KOR|JUD|M.O100KG------------.FNL-|ME_BRONZE|7872339,KOR,ME_BRONZE,JUD,Judo,M.O100KG------------.FNL-,Men +100 kg Final,A,KIM Minjong,7872339,2026-10-02,M,[],柔道,2026-10-02,official_medal_record
KOR|KUR|W.O87KG-------------.FNL-|ME_GOLD|14116703,KOR,ME_GOLD,KUR,Kurash,W.O87KG-------------.FNL-,Women +87kg Final,A,KIM Minyoung,14116703,2026-09-29,W,[],库拉什,2026-09-29,official_medal_record
KOR|KUR|W.78KG--------------.FNL-|ME_SILVER|14116599,KOR,ME_SILVER,KUR,Kurash,W.78KG--------------.FNL-,Women -78kg Final,A,MO Sumin,14116599,2026-09-28,W,[],库拉什,2026-09-28,official_medal_record
KOR|MMA|W.M54KG-------------.FNL-|ME_BRONZE|6762432,KOR,ME_BRONZE,MMA,Mixed Martial Arts,W.M54KG-------------.FNL-,Women's Modern -54kg Final,A,LEE Bomi,6762432,2026-09-21,W,[],综合格斗,2026-09-21,official_medal_record
KOR|MPN|M.TEAM--------------.----|ME_GOLD|KORM,KOR,ME_GOLD,MPN,Modern Pentathlon,M.TEAM--------------.----,Men's Team,T,Republic of Korea,KORM,2026-09-20,M,"[{""Reg"": ""16589911"", ""Bib"": """", ""Org"": ""KOR"", ""OrgDesc"": ""Korea"", ""Name"": ""JUN Woongtae"", ""BirthDate"": ""1995-07-29""}, {""Reg"": ""16590817"", ""Bib"": """", ""Org"": ""KOR"", ""OrgDesc"": ""Korea"", ""Name"": ""LEE Jonghyeon"", ""BirthDate"": ""1998-05-22""}, {""Reg"": ""16590014"", ""Bib"": """", ""Org"": ""KOR"", ""OrgDesc"": ""Korea"", ""Name"": ""SEO Changwan"", ""BirthDate"": ""1997-03-06""}]",现代五项,2026-09-20,official_medal_record
KOR|MPN|W.INDIVID-----------.----|ME_GOLD|16590117,KOR,ME_GOLD,MPN,Modern Pentathlon,W.INDIVID-----------.----,Women's Individual,A,SEONG Seungmin,16590117,2026-09-20,W,[],现代五项,2026-09-20,official_medal_record
KOR|MPN|M.INDIVID-----------.----|ME_SILVER|16589911,KOR,ME_SILVER,MPN,Modern Pentathlon,M.INDIVID-----------.----,Men's Individual,A,JUN Woongtae,16589911,,M,[],现代五项,,official_medal_record
KOR|MPN|W.TEAM--------------.----|ME_SILVER|KORW,KOR,ME_SILVER,MPN,Modern Pentathlon,W.TEAM--------------.----,Women's Team,T,Republic of Korea,KORW,2026-09-20,W,"[{""Reg"": ""16590117"", ""Bib"": """", ""Org"": ""KOR"", ""OrgDesc"": ""Korea"", ""Name"": ""SEONG Seungmin"", ""BirthDate"": ""2003-05-06""}, {""Reg"": ""16589481"", ""Bib"": """", ""Org"": ""KOR"", ""OrgDesc"": ""Korea"", ""Name"": ""KIM Unju"", ""BirthDate"": ""1997-02-16""}, {""Reg"": ""16590614"", ""Bib"": """", ""Org"": ""KOR"", ""OrgDesc"": ""Korea"", ""Name"": ""SHIN Sumin"", ""BirthDate"": ""2006-06-22""}]",现代五项,2026-09-20,official_medal_record
KOR|MPN|M.INDIVID-----------.----|ME_BRONZE|16590817,KOR,ME_BRONZE,MPN,Modern Pentathlon,M.INDIVID-----------.----,Men's Individual,A,LEE Jonghyeon,16590817,,M,[],现代五项,,official_medal_record
KOR|ROW|M.SCULL1-L----------.FNL-|ME_BRONZE|6351796,KOR,ME_BRONZE,ROW,Rowing,M.SCULL1-L----------.FNL-,Lightweight Men's Single Sculls Finals,A,PARK Hyunsu,6351796,2026-09-24,M,[],赛艇,2026-09-24,official_medal_record
KOR|SAL|M.ILCA4-------------.----|ME_GOLD|8118441,KOR,ME_GOLD,SAL,Sailing,M.ILCA4-------------.----,Boys' Dinghy,A,CHOI Jiun,8118441,2026-10-03,M,[],帆船帆板,2026-10-03,official_medal_record
KOR|SAL|M.ILCA7-------------.----|ME_GOLD|8118606,KOR,ME_GOLD,SAL,Sailing,M.ILCA7-------------.----,Men's Dinghy,A,HA Jeemin,8118606,2026-10-03,M,[],帆船帆板,2026-10-03,official_medal_record
KOR|SAL|M.IQFOIL------------.----|ME_SILVER|8121341,KOR,ME_SILVER,SAL,Sailing,M.IQFOIL------------.----,Men's Windsurfing,A,LEE Taehoon,8121341,2026-10-03,M,[],帆船帆板,2026-10-03,official_medal_record
KOR|SAL|X.470---------------.----|ME_SILVER|SALX470--------KOR01,KOR,ME_SILVER,SAL,Sailing,X.470---------------.----,Mixed Dinghy,T,Republic of Korea,SALX470--------KOR01,2026-10-03,X,"[{""Reg"": ""8119399"", ""Bib"": """", ""Org"": ""KOR"", ""OrgDesc"": ""Korea"", ""Name"": ""KIM Changju"", ""Order"": 1, ""BirthDate"": ""1985-09-20""}, {""Reg"": ""8121206"", ""Bib"": """", ""Org"": ""KOR"", ""OrgDesc"": ""Korea"", ""Name"": ""LEE Gyeongjin"", ""Order"": 2, ""BirthDate"": ""1993-09-27""}]",帆船帆板,2026-10-03,official_medal_record
KOR|SAL|W.ILCA4-------------.----|ME_BRONZE|8120463,KOR,ME_BRONZE,SAL,Sailing,W.ILCA4-------------.----,Girls' Dinghy,A,LEE Songha,8120463,2026-10-03,W,[],帆船帆板,2026-10-03,official_medal_record
KOR|SAL|X.420---------------.----|ME_BRONZE|SALX420--------KOR01,KOR,ME_BRONZE,SAL,Sailing,X.420---------------.----,Youth Mixed Dinghy,T,Republic of Korea,SALX420--------KOR01,2026-10-03,X,"[{""Reg"": ""8118225"", ""Bib"": """", ""Org"": ""KOR"", ""OrgDesc"": ""Korea"", ""Name"": ""CHOI Gaeun"", ""Order"": 1, ""BirthDate"": ""2008-01-12""}, {""Reg"": ""8120135"", ""Bib"": """", ""Org"": ""KOR"", ""OrgDesc"": ""Korea"", ""Name"": ""KIM Taerin"", ""Order"": 2, ""BirthDate"": ""2008-05-11""}]",帆船帆板,2026-10-03,official_medal_record
KOR|SHO|M.RFPM--------------.----|ME_GOLD|8882525,KOR,ME_GOLD,SHO,Shooting,M.RFPM--------------.----,25m Rapid Fire Pistol Men Individual,A,LEE Gunhyeok,8882525,2026-10-01,M,[],射击,2026-10-01,official_medal_record
KOR|SHO|M.RFPTM-------------.----|ME_GOLD|SHOMRFPTM------KOR01,KOR,ME_GOLD,SHO,Shooting,M.RFPTM-------------.----,25m Rapid Fire Pistol Men Team,T,Republic of Korea,SHOMRFPTM------KOR01,2026-10-01,M,"[{""Reg"": ""8859966"", ""Bib"": ""1189"", ""Org"": ""KOR"", ""OrgDesc"": ""Korea"", ""Name"": ""YOON Seoyeong"", ""Order"": 1, ""BirthDate"": ""2002-03-21""}, {""Reg"": ""8868746"", ""Bib"": ""1194"", ""Org"": ""KOR"", ""OrgDesc"": ""Korea"", ""Name"": ""SONG Jong-Ho"", ""Order"": 2, ""BirthDate"": ""1990-03-01""}, {""Reg"": ""8882525"", ""Bib"": ""1212"", ""Org"": ""KOR"", ""OrgDesc"": ""Korea"", ""Name"": ""LEE Gunhyeok"", ""Order"": 3, ""BirthDate"": ""1999-03-05""}]",射击,2026-10-01,official_medal_record
KOR|SHO|W.APW---------------.----|ME_GOLD|8873077,KOR,ME_GOLD,SHO,Shooting,W.APW---------------.----,10m Air Pistol Women Individual,A,CHOO Gaeun,8873077,2026-09-23,W,[],射击,2026-09-23,official_medal_record
KOR|SHO|W.APTW--------------.----|ME_SILVER|SHOWAPTW-------KOR01,KOR,ME_SILVER,SHO,Shooting,W.APTW--------------.----,10m Air Pistol Women Team,T,Republic of Korea,SHOWAPTW-------KOR01,2026-09-23,W,"[{""Reg"": ""8873077"", ""Bib"": ""1202"", ""Org"": ""KOR"", ""OrgDesc"": ""Korea"", ""Name"": ""CHOO Gaeun"", ""Order"": 1, ""BirthDate"": ""2001-01-05""}, {""Reg"": ""8876452"", ""Bib"": ""1207"", ""Org"": ""KOR"", ""OrgDesc"": ""Korea"", ""Name"": ""KIM Bomi"", ""Order"": 2, ""BirthDate"": ""1998-10-11""}, {""Reg"": ""8879557"", ""Bib"": ""1210"", ""Org"": ""KOR"", ""OrgDesc"": ""Korea"", ""Name"": ""OH Yejin"", ""Order"": 3, ""BirthDate"": ""2005-05-10""}]",射击,2026-09-23,official_medal_record
KOR|SHO|W.SPTW--------------.----|ME_SILVER|SHOWSPTW-------KOR01,KOR,ME_SILVER,SHO,Shooting,W.SPTW--------------.----,25m Pistol Women Team,T,Republic of Korea,SHOWSPTW-------KOR01,2026-09-28,W,"[{""Reg"": ""8860867"", ""Bib"": ""1190"", ""Org"": ""KOR"", ""OrgDesc"": ""Korea"", ""Name"": ""BONG Seorin"", ""Order"": 1, ""BirthDate"": ""1993-10-15""}, {""Reg"": ""8872210"", ""Bib"": ""1201"", ""Org"": ""KOR"", ""OrgDesc"": ""Korea"", ""Name"": ""YANG Jiin"", ""Order"": 2, ""BirthDate"": ""2003-05-20""}, {""Reg"": ""8879557"", ""Bib"": ""1210"", ""Org"": ""KOR"", ""OrgDesc"": ""Korea"", ""Name"": ""OH Yejin"", ""Order"": 3, ""BirthDate"": ""2005-05-10""}]",射击,2026-09-28,official_medal_record
KOR|SHO|X.APMT--------------.----|ME_SILVER|SHOXAPMT-------KOR01,KOR,ME_SILVER,SHO,Shooting,X.APMT--------------.----,10m Air Pistol Mixed Team,T,Republic of Korea,SHOXAPMT-------KOR01,2026-09-25,X,"[{""Reg"": ""8861242"", ""Bib"": ""1192"", ""Org"": ""KOR"", ""OrgDesc"": ""Korea"", ""Name"": ""HONG Suhyeon"", ""Order"": 1, ""BirthDate"": ""2000-07-10""}, {""Reg"": ""8873077"", ""Bib"": ""1202"", ""Org"": ""KOR"", ""OrgDesc"": ""Korea"", ""Name"": ""CHOO Gaeun"", ""Order"": 2, ""BirthDate"": ""2001-01-05""}]",射击,2026-09-25,official_medal_record
KOR|SHO|X.ARMT--------------.----|ME_SILVER|SHOXARMT-------KOR01,KOR,ME_SILVER,SHO,Shooting,X.ARMT--------------.----,10m Air Rifle Mixed Team,T,Republic of Korea,SHOXARMT-------KOR01,2026-09-22,X,"[{""Reg"": ""8875396"", ""Bib"": ""1205"", ""Org"": ""KOR"", ""OrgDesc"": ""Korea"", ""Name"": ""BAN Hyojin"", ""Order"": 1, ""BirthDate"": ""2007-09-20""}, {""Reg"": ""8885176"", ""Bib"": ""1216"", ""Org"": ""KOR"", ""OrgDesc"": ""Korea"", ""Name"": ""PARK Hajun"", ""Order"": 2, ""BirthDate"": ""2000-04-19""}]",射击,2026-09-22,official_medal_record
KOR|SHO|X.SKMT--------------.----|ME_SILVER|SHOXSKMT-------KOR01,KOR,ME_SILVER,SHO,Shooting,X.SKMT--------------.----,Skeet Mixed Team,T,Republic of Korea,SHOXSKMT-------KOR01,2026-09-24,X,"[{""Reg"": ""8859773"", ""Bib"": ""1188"", ""Org"": ""KOR"", ""OrgDesc"": ""Korea"", ""Name"": ""LEE Jongjun"", ""Order"": 1, ""BirthDate"": ""1989-12-16""}, {""Reg"": ""8869565"", ""Bib"": ""1195"", ""Org"": ""KOR"", ""OrgDesc"": ""Korea"", ""Name"": ""JANG Kookhee"", ""Order"": 2, ""BirthDate"": ""2000-02-24""}]",射击,2026-09-24,official_medal_record
KOR|SHO|M.ARTM--------------.----|ME_BRONZE|SHOMARTM-------KOR01,KOR,ME_BRONZE,SHO,Shooting,M.ARTM--------------.----,10m Air Rifle Men Team,T,Republic of Korea,SHOMARTM-------KOR01,2026-09-21,M,"[{""Reg"": ""8870815"", ""Bib"": ""1198"", ""Org"": ""KOR"", ""OrgDesc"": ""Korea"", ""Name"": ""SHIN Minki"", ""Order"": 1, ""BirthDate"": ""1998-09-27""}, {""Reg"": ""8871003"", ""Bib"": ""1199"", ""Org"": ""KOR"", ""OrgDesc"": ""Korea"", ""Name"": ""GWON Hyeopjun"", ""Order"": 2, ""BirthDate"": ""2000-10-13""}, {""Reg"": ""8885176"", ""Bib"": ""1216"", ""Org"": ""KOR"", ""OrgDesc"": ""Korea"", ""Name"": ""PARK Hajun"", ""Order"": 3, ""BirthDate"": ""2000-04-19""}]",射击,2026-09-21,official_medal_record
KOR|SHO|M.R3PTM-------------.----|ME_BRONZE|SHOMR3PTM------KOR01,KOR,ME_BRONZE,SHO,Shooting,M.R3PTM-------------.----,50m Rifle 3 Positions Men Team,T,Republic of Korea,SHOMR3PTM------KOR01,2026-09-25,M,"[{""Reg"": ""8871003"", ""Bib"": ""1199"", ""Org"": ""KOR"", ""OrgDesc"": ""Korea"", ""Name"": ""GWON Hyeopjun"", ""Order"": 1, ""BirthDate"": ""2000-10-13""}, {""Reg"": ""8871345"", ""Bib"": ""1200"", ""Org"": ""KOR"", ""OrgDesc"": ""Korea"", ""Name"": ""JOUNG Seungwoo"", ""Order"": 2, ""BirthDate"": ""2003-11-18""}, {""Reg"": ""8878420"", ""Bib"": ""1208"", ""Org"": ""KOR"", ""OrgDesc"": ""Korea"", ""Name"": ""PARK Sung-Hyun"", ""Order"": 3, ""BirthDate"": ""1994-10-07""}]",射击,2026-09-25,official_medal_record
KOR|SHO|W.ARW---------------.----|ME_BRONZE|8875396,KOR,ME_BRONZE,SHO,Shooting,W.ARW---------------.----,10m Air Rifle Women Individual,A,BAN Hyojin,8875396,2026-09-20,W,[],射击,2026-09-20,official_medal_record
KOR|SHO|W.R3PW--------------.----|ME_BRONZE|8859614,KOR,ME_BRONZE,SHO,Shooting,W.R3PW--------------.----,50m Rifle 3 Positions Women Individual,A,KIM Jieun,8859614,2026-09-26,W,[],射击,2026-09-26,official_medal_record
KOR|SKB|M.STREET------------.----|ME_GOLD|16015289,KOR,ME_GOLD,SKB,Skateboarding,M.STREET------------.----,Men's Street,A,KANG Juni,16015289,2026-09-27,M,[],滑板,2026-09-27,official_medal_record
KOR|SPK|W.TEAMREGU----------.FNL-|ME_SILVER|SPKWTEAMREGU---KOR01,KOR,ME_SILVER,SPK,Sepaktakraw,W.TEAMREGU----------.FNL-,Women's Team Regu Finals,T,Republic of Korea,SPKWTEAMREGU---KOR01,2026-09-25,W,"[{""Reg"": ""3599614"", ""Bib"": ""17"", ""Org"": ""KOR"", ""OrgDesc"": ""Korea"", ""Name"": ""JANG Gayeon"", ""Order"": 1, ""BirthDate"": ""1999-06-09""}, {""Reg"": ""3600064"", ""Bib"": ""1"", ""Org"": ""KOR"", ""OrgDesc"": ""Korea"", ""Name"": ""PARK Seonju"", ""Order"": 2, ""BirthDate"": ""1992-09-06""}, {""Reg"": ""3600373"", ""Bib"": ""10"", ""Org"": ""KOR"", ""OrgDesc"": ""Korea"", ""Name"": ""JEON Gyumi"", ""Order"": 3, ""BirthDate"": ""1994-12-01""}, {""Reg"": ""3601180"", ""Bib"": ""9"", ""Org"": ""KOR"", ""OrgDesc"": ""Korea"", ""Name"": ""KIM Ji Young"", ""Order"": 4, ""BirthDate"": ""1989-10-10""}, {""Reg"": ""3601707"", ""Bib"": ""4"", ""Org"": ""KOR"", ""OrgDesc"": ""Korea"", ""Name"": ""KIM Seyoung"", ""Order"": 5, ""BirthDate"": ""1990-11-06""}, {""Reg"": ""3602044"", ""Bib"": ""7"", ""Org"": ""KOR"", ""OrgDesc"": ""Korea"", ""Name"": ""WI Jiseon"", ""Order"": 6, ""BirthDate"": ""1996-11-13""}, {""Reg"": ""3602171"", ""Bib"": ""6"", ""Org"": ""KOR"", ""OrgDesc"": ""Korea"", ""Name"": ""LEE Min-ju"", ""Order"": 7, ""BirthDate"": ""1990-03-27""}, {""Reg"": ""3603054"", ""Bib"": ""5"", ""Org"": ""KOR"", ""OrgDesc"": ""Korea"", ""Name"": ""CHOI Jina"", ""Order"": 8, ""BirthDate"": ""1993-02-08""}, {""Reg"": ""3603260"", ""Bib"": ""12"", ""Org"": ""KOR"", ""OrgDesc"": ""Korea"", ""Name"": ""KIM Yeji"", ""Order"": 9, ""BirthDate"": ""2003-01-22""}, {""Reg"": ""3603380"", ""Bib"": ""2"", ""Org"": ""KOR"", ""OrgDesc"": ""Korea"", ""Name"": ""HAN Yeji"", ""Order"": 10, ""BirthDate"": ""1998-04-05""}, {""Reg"": ""3603585"", ""Bib"": ""11"", ""Org"": ""KOR"", ""OrgDesc"": ""Korea"", ""Name"": ""BAE Chaeeun"", ""Order"": 11, ""BirthDate"": ""1997-01-24""}, {""Reg"": ""3604083"", ""Bib"": ""3"", ""Org"": ""KOR"", ""OrgDesc"": ""Korea"", ""Name"": ""BAE Hanoul"", ""Order"": 12, ""BirthDate"": ""1990-09-10""}]",藤球,2026-09-25,official_medal_record
KOR|SPK|W.DOUBLE------------.FNL-|ME_BRONZE|SPKWDOUBLE-----KOR01,KOR,ME_BRONZE,SPK,Sepaktakraw,W.DOUBLE------------.FNL-,Women's Double Final,T,Republic of Korea,SPKWDOUBLE-----KOR01,2026-09-28,W,"[{""Reg"": ""3601707"", ""Bib"": ""4"", ""Org"": ""KOR"", ""OrgDesc"": ""Korea"", ""Name"": ""KIM Seyoung"", ""Order"": 1, ""BirthDate"": ""1990-11-06""}, {""Reg"": ""3602171"", ""Bib"": ""6"", ""Org"": ""KOR"", ""OrgDesc"": ""Korea"", ""Name"": ""LEE Min-ju"", ""Order"": 2, ""BirthDate"": ""1990-03-27""}, {""Reg"": ""3603380"", ""Bib"": ""2"", ""Org"": ""KOR"", ""OrgDesc"": ""Korea"", ""Name"": ""HAN Yeji"", ""Order"": 3, ""BirthDate"": ""1998-04-05""}]",藤球,2026-09-28,official_medal_record
KOR|SWM|M.50MFR-------------.----|ME_GOLD|16573403,KOR,ME_GOLD,SWM,Swimming,M.50MFR-------------.----,Men's 50m Freestyle,A,KIM Youngbeom,16573403,2026-09-21,M,[],游泳,2026-09-21,official_medal_record
KOR|SWM|M.100MFR------------.----|ME_SILVER|16573403,KOR,ME_SILVER,SWM,Swimming,M.100MFR------------.----,Men's 100m Freestyle,A,KIM Youngbeom,16573403,2026-09-20,M,[],游泳,2026-09-20,official_medal_record
KOR|SWM|M.200MBA------------.----|ME_SILVER|16572635,KOR,ME_SILVER,SWM,Swimming,M.200MBA------------.----,Men's 200m Backstroke,A,LEE Juho,16572635,2026-09-25,M,[],游泳,2026-09-25,official_medal_record
KOR|SWM|M.200MFR------------.----|ME_SILVER|16572010,KOR,ME_SILVER,SWM,Swimming,M.200MFR------------.----,Men's 200m Freestyle,A,HWANG Sunwoo,16572010,2026-09-23,M,[],游泳,2026-09-23,official_medal_record
KOR|SWM|M.4X100MFR----------.----|ME_SILVER|SWMM4X100MFR---KOR01,KOR,ME_SILVER,SWM,Swimming,M.4X100MFR----------.----,Men's 4 x 100m Freestyle Relay,T,Republic of Korea,SWMM4X100MFR---KOR01,2026-09-24,M,"[{""Reg"": ""R0021"", ""Bib"": """", ""Org"": ""KOR"", ""OrgDesc"": ""Korea"", ""Name"": ""KIM Woomin"", ""Order"": 0, ""BirthDate"": """"}, {""Reg"": ""16576383"", ""Bib"": """", ""Org"": ""KOR"", ""OrgDesc"": ""Korea"", ""Name"": ""KIM Jihun"", ""Order"": 0, ""BirthDate"": ""2000-05-15""}, {""Reg"": ""16573170"", ""Bib"": """", ""Org"": ""KOR"", ""OrgDesc"": ""Korea"", ""Name"": ""KIM Minseop"", ""Order"": 0, ""BirthDate"": ""2004-03-18""}, {""Reg"": ""16575141"", ""Bib"": """", ""Org"": ""KOR"", ""OrgDesc"": ""Korea"", ""Name"": ""YANG Jaehoon"", ""Order"": 0, ""BirthDate"": ""1998-05-07""}, {""Reg"": ""16574703"", ""Bib"": """", ""Org"": ""KOR"", ""OrgDesc"": ""Korea"", ""Name"": ""JI Yuchan"", ""Order"": 0, ""BirthDate"": ""2002-08-24""}, {""Reg"": ""R0019"", ""Bib"": """", ""Org"": ""KOR"", ""OrgDesc"": ""Korea"", ""Name"": ""JI Yuchan"", ""Order"": 0, ""BirthDate"": """"}, {""Reg"": ""16572010"", ""Bib"": """", ""Org"": ""KOR"", ""OrgDesc"": ""Korea"", ""Name"": ""HWANG Sunwoo"", ""Order"": 1, ""BirthDate"": ""2003-05-21""}, {""Reg"": ""16573906"", ""Bib"": """", ""Org"": ""KOR"", ""OrgDesc"": ""Korea"", ""Name"": ""KIM Woomin"", ""Order"": 2, ""BirthDate"": ""2001-08-24""}, {""Reg"": ""16573403"", ""Bib"": """", ""Org"": ""KOR"", ""OrgDesc"": ""Korea"", ""Name"": ""KIM Youngbeom"", ""Order"": 3, ""BirthDate"": ""2006-03-31""}, {""Reg"": ""16574600"", ""Bib"": """", ""Org"": ""KOR"", ""OrgDesc"": ""Korea"", ""Name"": ""LEE Hojoon"", ""Order"": 4, ""BirthDate"": ""2001-02-14""}]",游泳,2026-09-24,official_medal_record
KOR|SWM|M.800MFR------------.----|ME_SILVER|16572533,KOR,ME_SILVER,SWM,Swimming,M.800MFR------------.----,Men's 800m Freestyle,A,KIM Junwoo,16572533,2026-09-24,M,[],游泳,2026-09-24,official_medal_record
KOR|SWM|W.200MBR------------.----|ME_SILVER|16575347,KOR,ME_SILVER,SWM,Swimming,W.200MBR------------.----,Women's 200m Breaststroke,A,PARK Sieun,16575347,2026-09-24,W,[],游泳,2026-09-24,official_medal_record
KOR|SWM|M.100MBA------------.----|ME_BRONZE|16572635,KOR,ME_BRONZE,SWM,Swimming,M.100MBA------------.----,Men's 100m Backstroke,A,LEE Juho,16572635,2026-09-20,M,[],游泳,2026-09-20,official_medal_record
KOR|SWM|M.100MFR------------.----|ME_BRONZE|16572010,KOR,ME_BRONZE,SWM,Swimming,M.100MFR------------.----,Men's 100m Freestyle,A,HWANG Sunwoo,16572010,2026-09-20,M,[],游泳,2026-09-20,official_medal_record
KOR|SWM|M.200MBF------------.----|ME_BRONZE|16573170,KOR,ME_BRONZE,SWM,Swimming,M.200MBF------------.----,Men's 200m Butterfly,A,KIM Minseop,16573170,2026-09-25,M,[],游泳,2026-09-25,official_medal_record
KOR|SWM|M.200MBR------------.----|ME_BRONZE|16575553,KOR,ME_BRONZE,SWM,Swimming,M.200MBR------------.----,Men's 200m Breaststroke,A,CHO Sung Jae,16575553,2026-09-24,M,[],游泳,2026-09-24,official_medal_record
KOR|SWM|M.4X100MMD----------.----|ME_BRONZE|SWMM4X100MMD---KOR01,KOR,ME_BRONZE,SWM,Swimming,M.4X100MMD----------.----,Men's 4 x 100m Medley Relay,T,Republic of Korea,SWMM4X100MMD---KOR01,2026-09-22,M,"[{""Reg"": ""16575141"", ""Bib"": """", ""Org"": ""KOR"", ""OrgDesc"": ""Korea"", ""Name"": ""YANG Jaehoon"", ""Order"": 0, ""BirthDate"": ""1998-05-07""}, {""Reg"": ""16575553"", ""Bib"": """", ""Org"": ""KOR"", ""OrgDesc"": ""Korea"", ""Name"": ""CHO Sung Jae"", ""Order"": 0, ""BirthDate"": ""2001-03-13""}, {""Reg"": ""16576383"", ""Bib"": """", ""Org"": ""KOR"", ""OrgDesc"": ""Korea"", ""Name"": ""KIM Jihun"", ""Order"": 0, ""BirthDate"": ""2000-05-15""}, {""Reg"": ""16575965"", ""Bib"": """", ""Org"": ""KOR"", ""OrgDesc"": ""Korea"", ""Name"": ""YOON Jihwan"", ""Order"": 0, ""BirthDate"": ""2006-01-30""}, {""Reg"": ""R0016"", ""Bib"": """", ""Org"": ""KOR"", ""OrgDesc"": ""Korea"", ""Name"": ""HWANG Sunwoo"", ""Order"": 0, ""BirthDate"": """"}, {""Reg"": ""16573906"", ""Bib"": """", ""Org"": ""KOR"", ""OrgDesc"": ""Korea"", ""Name"": ""KIM Woomin"", ""Order"": 0, ""BirthDate"": ""2001-08-24""}, {""Reg"": ""16572010"", ""Bib"": """", ""Org"": ""KOR"", ""OrgDesc"": ""Korea"", ""Name"": ""HWANG Sunwoo"", ""Order"": 1, ""BirthDate"": ""2003-05-21""}, {""Reg"": ""16572635"", ""Bib"": """", ""Org"": ""KOR"", ""OrgDesc"": ""Korea"", ""Name"": ""LEE Juho"", ""Order"": 2, ""BirthDate"": ""1995-01-23""}, {""Reg"": ""16573403"", ""Bib"": """", ""Org"": ""KOR"", ""OrgDesc"": ""Korea"", ""Name"": ""KIM Youngbeom"", ""Order"": 3, ""BirthDate"": ""2006-03-31""}, {""Reg"": ""16576280"", ""Bib"": """", ""Org"": ""KOR"", ""OrgDesc"": ""Korea"", ""Name"": ""CHOI Dongyeol"", ""Order"": 4, ""BirthDate"": ""1999-05-01""}]",游泳,2026-09-22,official_medal_record
KOR|SWM|M.4X200MFR----------.----|ME_BRONZE|SWMM4X200MFR---KOR01,KOR,ME_BRONZE,SWM,Swimming,M.4X200MFR----------.----,Men's 4 x 200m Freestyle Relay,T,Republic of Korea,SWMM4X200MFR---KOR01,2026-09-21,M,"[{""Reg"": ""16575141"", ""Bib"": """", ""Org"": ""KOR"", ""OrgDesc"": ""Korea"", ""Name"": ""YANG Jaehoon"", ""Order"": 1, ""BirthDate"": ""1998-05-07""}, {""Reg"": ""16572533"", ""Bib"": """", ""Org"": ""KOR"", ""OrgDesc"": ""Korea"", ""Name"": ""KIM Junwoo"", ""Order"": 2, ""BirthDate"": ""2007-09-08""}, {""Reg"": ""16573170"", ""Bib"": """", ""Org"": ""KOR"", ""OrgDesc"": ""Korea"", ""Name"": ""KIM Minseop"", ""Order"": 3, ""BirthDate"": ""2004-03-18""}, {""Reg"": ""16572010"", ""Bib"": """", ""Org"": ""KOR"", ""OrgDesc"": ""Korea"", ""Name"": ""HWANG Sunwoo"", ""Order"": 4, ""BirthDate"": ""2003-05-21""}, {""Reg"": ""16573906"", ""Bib"": """", ""Org"": ""KOR"", ""OrgDesc"": ""Korea"", ""Name"": ""KIM Woomin"", ""Order"": 5, ""BirthDate"": ""2001-08-24""}, {""Reg"": ""16574600"", ""Bib"": """", ""Org"": ""KOR"", ""OrgDesc"": ""Korea"", ""Name"": ""LEE Hojoon"", ""Order"": 6, ""BirthDate"": ""2001-02-14""}]",游泳,2026-09-21,official_medal_record
KOR|SWM|M.50MBA-------------.----|ME_BRONZE|16575965,KOR,ME_BRONZE,SWM,Swimming,M.50MBA-------------.----,Men's 50m Backstroke,A,YOON Jihwan,16575965,2026-09-21,M,[],游泳,2026-09-21,official_medal_record
KOR|SWM|M.50MFR-------------.----|ME_BRONZE|16574703,KOR,ME_BRONZE,SWM,Swimming,M.50MFR-------------.----,Men's 50m Freestyle,A,JI Yuchan,16574703,2026-09-21,M,[],游泳,2026-09-21,official_medal_record
KOR|SWM|W.100MBA------------.----|ME_BRONZE|16575862,KOR,ME_BRONZE,SWM,Swimming,W.100MBA------------.----,Women's 100m Backstroke,A,KIM Seungwon,16575862,2026-09-23,W,[],游泳,2026-09-23,official_medal_record
KOR|SWM|W.4X100MMD----------.----|ME_BRONZE|SWMW4X100MMD---KOR01,KOR,ME_BRONZE,SWM,Swimming,W.4X100MMD----------.----,Women's 4 x 100m Medley Relay,T,Republic of Korea,SWMW4X100MMD---KOR01,2026-09-25,W,"[{""Reg"": ""16574935"", ""Bib"": """", ""Org"": ""KOR"", ""OrgDesc"": ""Korea"", ""Name"": ""LEE Eunji"", ""Order"": 0, ""BirthDate"": ""2006-07-23""}, {""Reg"": ""16572117"", ""Bib"": """", ""Org"": ""KOR"", ""OrgDesc"": ""Korea"", ""Name"": ""JO Hyunju"", ""Order"": 0, ""BirthDate"": ""2000-11-10""}, {""Reg"": ""16572743"", ""Bib"": """", ""Org"": ""KOR"", ""OrgDesc"": ""Korea"", ""Name"": ""LEE Songeun"", ""Order"": 0, ""BirthDate"": ""2005-05-19""}, {""Reg"": ""16572318"", ""Bib"": """", ""Org"": ""KOR"", ""OrgDesc"": ""Korea"", ""Name"": ""HUR Yeonkyung"", ""Order"": 1, ""BirthDate"": ""2005-12-16""}, {""Reg"": ""16574832"", ""Bib"": """", ""Org"": ""KOR"", ""OrgDesc"": ""Korea"", ""Name"": ""AN Se Hyeon"", ""Order"": 2, ""BirthDate"": ""1995-10-14""}, {""Reg"": ""16575347"", ""Bib"": """", ""Org"": ""KOR"", ""OrgDesc"": ""Korea"", ""Name"": ""PARK Sieun"", ""Order"": 3, ""BirthDate"": ""2007-05-01""}, {""Reg"": ""16575862"", ""Bib"": """", ""Org"": ""KOR"", ""OrgDesc"": ""Korea"", ""Name"": ""KIM Seungwon"", ""Order"": 4, ""BirthDate"": ""2010-01-01""}]",游泳,2026-09-25,official_medal_record
KOR|SWM|W.4X200MFR----------.----|ME_BRONZE|SWMW4X200MFR---KOR01,KOR,ME_BRONZE,SWM,Swimming,W.4X200MFR----------.----,Women's 4 x 200m Freestyle Relay,T,Republic of Korea,SWMW4X200MFR---KOR01,2026-09-24,W,"[{""Reg"": ""16572743"", ""Bib"": """", ""Org"": ""KOR"", ""OrgDesc"": ""Korea"", ""Name"": ""LEE Songeun"", ""Order"": 0, ""BirthDate"": ""2005-05-19""}, {""Reg"": ""16575038"", ""Bib"": """", ""Org"": ""KOR"", ""OrgDesc"": ""Korea"", ""Name"": ""KIM Yunhui"", ""Order"": 0, ""BirthDate"": ""2004-05-03""}, {""Reg"": ""16575247"", ""Bib"": """", ""Org"": ""KOR"", ""OrgDesc"": ""Korea"", ""Name"": ""KIM Chaeyun"", ""Order"": 0, ""BirthDate"": ""2008-05-28""}, {""Reg"": ""16572117"", ""Bib"": """", ""Org"": ""KOR"", ""OrgDesc"": ""Korea"", ""Name"": ""JO Hyunju"", ""Order"": 1, ""BirthDate"": ""2000-11-10""}, {""Reg"": ""16572318"", ""Bib"": """", ""Org"": ""KOR"", ""OrgDesc"": ""Korea"", ""Name"": ""HUR Yeonkyung"", ""Order"": 2, ""BirthDate"": ""2005-12-16""}, {""Reg"": ""16573283"", ""Bib"": """", ""Org"": ""KOR"", ""OrgDesc"": ""Korea"", ""Name"": ""LEE Hee Eun"", ""Order"": 3, ""BirthDate"": ""1998-05-16""}, {""Reg"": ""16573537"", ""Bib"": """", ""Org"": ""KOR"", ""OrgDesc"": ""Korea"", ""Name"": ""HAN Dakyung"", ""Order"": 4, ""BirthDate"": ""2000-01-31""}]",游泳,2026-09-24,official_medal_record
KOR|SWM|W.50MBA-------------.----|ME_BRONZE|16575862,KOR,ME_BRONZE,SWM,Swimming,W.50MBA-------------.----,Women's 50m Backstroke,A,KIM Seungwon,16575862,2026-09-21,W,[],游泳,2026-09-21,official_medal_record
KOR|SWM|X.4X100MMD----------.----|ME_BRONZE|SWMX4X100MMD---KOR01,KOR,ME_BRONZE,SWM,Swimming,X.4X100MMD----------.----,Mixed 4 x 100m Medley Relay,T,Republic of Korea,SWMX4X100MMD---KOR01,2026-09-23,X,"[{""Reg"": ""16576280"", ""Bib"": """", ""Org"": ""KOR"", ""OrgDesc"": ""Korea"", ""Name"": ""CHOI Dongyeol"", ""Order"": 0, ""BirthDate"": ""1999-05-01""}, {""Reg"": ""16576383"", ""Bib"": """", ""Org"": ""KOR"", ""OrgDesc"": ""Korea"", ""Name"": ""KIM Jihun"", ""Order"": 0, ""BirthDate"": ""2000-05-15""}, {""Reg"": ""16574935"", ""Bib"": """", ""Org"": ""KOR"", ""OrgDesc"": ""Korea"", ""Name"": ""LEE Eunji"", ""Order"": 0, ""BirthDate"": ""2006-07-23""}, {""Reg"": ""16575862"", ""Bib"": """", ""Org"": ""KOR"", ""OrgDesc"": ""Korea"", ""Name"": ""KIM Seungwon"", ""Order"": 0, ""BirthDate"": ""2010-01-01""}, {""Reg"": ""16573403"", ""Bib"": """", ""Org"": ""KOR"", ""OrgDesc"": ""Korea"", ""Name"": ""KIM Youngbeom"", ""Order"": 0, ""BirthDate"": ""2006-03-31""}, {""Reg"": ""16574832"", ""Bib"": """", ""Org"": ""KOR"", ""OrgDesc"": ""Korea"", ""Name"": ""AN Se Hyeon"", ""Order"": 0, ""BirthDate"": ""1995-10-14""}, {""Reg"": ""16575347"", ""Bib"": """", ""Org"": ""KOR"", ""OrgDesc"": ""Korea"", ""Name"": ""PARK Sieun"", ""Order"": 0, ""BirthDate"": ""2007-05-01""}, {""Reg"": ""16572010"", ""Bib"": """", ""Org"": ""KOR"", ""OrgDesc"": ""Korea"", ""Name"": ""HWANG Sunwoo"", ""Order"": 0, ""BirthDate"": ""2003-05-21""}]",游泳,2026-09-23,official_medal_record
KOR|TEN|M.DOUBLES-----------.----|ME_SILVER|TENMDOUBLES----KOR02,KOR,ME_SILVER,TEN,Tennis,M.DOUBLES-----------.----,Men's Doubles,D,NAM Jisung / PARK Uisung,TENMDOUBLES----KOR02,2026-10-02,M,"[{""Reg"": ""6792610"", ""Bib"": """", ""Org"": ""KOR"", ""OrgDesc"": ""Korea"", ""Name"": ""NAM Jisung"", ""Order"": 1, ""BirthDate"": ""1993-08-15""}, {""Reg"": ""6793240"", ""Bib"": """", ""Org"": ""KOR"", ""OrgDesc"": ""Korea"", ""Name"": ""PARK Uisung"", ""Order"": 2, ""BirthDate"": ""2000-09-27""}]",网球,2026-10-02,official_medal_record
KOR|TEQ|M.SINGLES-----------.----|ME_GOLD|13915779,KOR,ME_GOLD,TEQ,Teqball,M.SINGLES-----------.----,Men's Singles,A,LEE Junsuk,13915779,2026-09-20,M,[],台克球,2026-09-20,official_medal_record
KOR|TKW|M.INDPOOM-----------.FNL-|ME_GOLD|16180028,KOR,ME_GOLD,TKW,Taekwondo,M.INDPOOM-----------.FNL-,Men Individual Poomsae Gold Medal Contest,A,YUN Kyusung,16180028,2026-10-01,M,[],跆拳道,2026-10-01,official_medal_record
KOR|TKW|W.INDPOOM-----------.FNL-|ME_GOLD|16181471,KOR,ME_GOLD,TKW,Taekwondo,W.INDPOOM-----------.FNL-,Women Individual Poomsae Gold Medal Contest,A,JUNG Haeun,16181471,2026-10-01,W,[],跆拳道,2026-10-01,official_medal_record
KOR|TKW|W.O67KG-------------.FNL-|ME_GOLD|16180823,KOR,ME_GOLD,TKW,Taekwondo,W.O67KG-------------.FNL-,Women +67kg Gold Medal Contest,A,SONG Dabin,16180823,2026-10-03,W,[],跆拳道,2026-10-03,official_medal_record
KOR|TKW|M.58KG--------------.FNL-|ME_BRONZE|16176676,KOR,ME_BRONZE,TKW,Taekwondo,M.58KG--------------.FNL-,Men -58kg Gold Medal Contest,A,AN Hyangsik,16176676,2026-10-02,M,[],跆拳道,2026-10-02,official_medal_record
KOR|TKW|M.68KG--------------.FNL-|ME_BRONZE|16182738,KOR,ME_BRONZE,TKW,Taekwondo,M.68KG--------------.FNL-,Men -68kg Gold Medal Contest,A,MUN Jinho,16182738,2026-10-03,M,[],跆拳道,2026-10-03,official_medal_record
KOR|TKW|M.O80KG-------------.FNL-|ME_BRONZE|16177411,KOR,ME_BRONZE,TKW,Taekwondo,M.O80KG-------------.FNL-,Men +80kg Gold Medal Contest,A,KANG Sanghyun,16177411,2026-10-03,M,[],跆拳道,2026-10-03,official_medal_record
KOR|TKW|W.67KG--------------.FNL-|ME_BRONZE|16182080,KOR,ME_BRONZE,TKW,Taekwondo,W.67KG--------------.FNL-,Women -67kg Gold Medal Contest,A,KWAK Min Ju,16182080,2026-10-02,W,[],跆拳道,2026-10-02,official_medal_record
KOR|TST|M.TEAM--------------.----|ME_BRONZE|TSTMTEAM-------KOR01,KOR,ME_BRONZE,TST,Soft Tennis,M.TEAM--------------.----,Men's Team,T,Republic of Korea,TSTMTEAM-------KOR01,2026-09-20,M,"[{""Reg"": ""14661878"", ""Bib"": """", ""Org"": ""KOR"", ""OrgDesc"": ""Korea"", ""Name"": ""KIM Jinwoong"", ""Order"": 1, ""BirthDate"": ""1990-03-10""}, {""Reg"": ""14662278"", ""Bib"": """", ""Org"": ""KOR"", ""OrgDesc"": ""Korea"", ""Name"": ""LEE Hyungwon"", ""Order"": 2, ""BirthDate"": ""1994-12-02""}, {""Reg"": ""14662431"", ""Bib"": """", ""Org"": ""KOR"", ""OrgDesc"": ""Korea"", ""Name"": ""PARK Jaekyu"", ""Order"": 3, ""BirthDate"": ""1992-09-28""}, {""Reg"": ""14662825"", ""Bib"": """", ""Org"": ""KOR"", ""OrgDesc"": ""Korea"", ""Name"": ""KIM Hyunsoo"", ""Order"": 4, ""BirthDate"": ""1988-01-08""}, {""Reg"": ""14663750"", ""Bib"": """", ""Org"": ""KOR"", ""OrgDesc"": ""Korea"", ""Name"": ""LEE Haneul"", ""Order"": 5, ""BirthDate"": ""1994-05-31""}]",软式网球,2026-09-20,official_medal_record
KOR|TST|W.TEAM--------------.----|ME_BRONZE|TSTWTEAM-------KOR01,KOR,ME_BRONZE,TST,Soft Tennis,W.TEAM--------------.----,Women's Team,T,Republic of Korea,TSTWTEAM-------KOR01,2026-09-20,W,"[{""Reg"": ""14661314"", ""Bib"": """", ""Org"": ""KOR"", ""OrgDesc"": ""Korea"", ""Name"": ""EOM Yejin"", ""Order"": 1, ""BirthDate"": ""2000-06-09""}, {""Reg"": ""14661557"", ""Bib"": """", ""Org"": ""KOR"", ""OrgDesc"": ""Korea"", ""Name"": ""KIM Hansul"", ""Order"": 2, ""BirthDate"": ""2001-12-09""}, {""Reg"": ""14661763"", ""Bib"": """", ""Org"": ""KOR"", ""OrgDesc"": ""Korea"", ""Name"": ""KIM Yeon-hwa"", ""Order"": 3, ""BirthDate"": ""2000-06-23""}, {""Reg"": ""14665693"", ""Bib"": """", ""Org"": ""KOR"", ""OrgDesc"": ""Korea"", ""Name"": ""HWANG Jeongmi"", ""Order"": 4, ""BirthDate"": ""2006-11-16""}, {""Reg"": ""14665980"", ""Bib"": """", ""Org"": ""KOR"", ""OrgDesc"": ""Korea"", ""Name"": ""LEE Sujin"", ""Order"": 5, ""BirthDate"": ""2001-02-17""}]",软式网球,2026-09-20,official_medal_record
KOR|TST|X.DOUBLES-----------.----|ME_BRONZE|TSTXDOUBLES----KOR02,KOR,ME_BRONZE,TST,Soft Tennis,X.DOUBLES-----------.----,Mixed Doubles,D,PARK Jaekyu / KIM Yeon-hwa,TSTXDOUBLES----KOR02,2026-09-21,X,"[{""Reg"": ""14662431"", ""Bib"": """", ""Org"": ""KOR"", ""OrgDesc"": ""Korea"", ""Name"": ""PARK Jaekyu"", ""Order"": 1, ""BirthDate"": ""1992-09-28""}, {""Reg"": ""14661763"", ""Bib"": """", ""Org"": ""KOR"", ""OrgDesc"": ""Korea"", ""Name"": ""KIM Yeon-hwa"", ""Order"": 2, ""BirthDate"": ""2000-06-23""}]",软式网球,2026-09-21,official_medal_record
KOR|TTE|M.TEAM--------------.----|ME_BRONZE|TTEMTEAM-------KOR01,KOR,ME_BRONZE,TTE,Table Tennis,M.TEAM--------------.----,Men's Team,T,Republic of Korea,TTEMTEAM-------KOR01,2026-09-23,M,"[{""Reg"": ""16562314"", ""Bib"": """", ""Org"": ""KOR"", ""OrgDesc"": ""Korea"", ""Name"": ""AN Jaehyun"", ""Order"": 1, ""BirthDate"": ""1999-12-25""}, {""Reg"": ""16562417"", ""Bib"": """", ""Org"": ""KOR"", ""OrgDesc"": ""Korea"", ""Name"": ""JANG Woojin"", ""Order"": 2, ""BirthDate"": ""1995-09-10""}, {""Reg"": ""16562520"", ""Bib"": """", ""Org"": ""KOR"", ""OrgDesc"": ""Korea"", ""Name"": ""OH Junsung"", ""Order"": 3, ""BirthDate"": ""2006-06-12""}, {""Reg"": ""16562623"", ""Bib"": """", ""Org"": ""KOR"", ""OrgDesc"": ""Korea"", ""Name"": ""PARK Gyuhyeon"", ""Order"": 4, ""BirthDate"": ""2005-03-08""}, {""Reg"": ""16562726"", ""Bib"": """", ""Org"": ""KOR"", ""OrgDesc"": ""Korea"", ""Name"": ""LIM Jonghoon"", ""Order"": 5, ""BirthDate"": ""1997-01-21""}]",乒乓球,2026-09-23,official_medal_record
KOR|TTE|W.TEAM--------------.----|ME_BRONZE|TTEWTEAM-------KOR01,KOR,ME_BRONZE,TTE,Table Tennis,W.TEAM--------------.----,Women's Team,T,Republic of Korea,TTEWTEAM-------KOR01,2026-09-23,W,"[{""Reg"": ""16564280"", ""Bib"": """", ""Org"": ""KOR"", ""OrgDesc"": ""Korea"", ""Name"": ""SHIN Yubin"", ""Order"": 1, ""BirthDate"": ""2004-07-05""}, {""Reg"": ""16564388"", ""Bib"": """", ""Org"": ""KOR"", ""OrgDesc"": ""Korea"", ""Name"": ""JOO Cheonhui"", ""Order"": 2, ""BirthDate"": ""2002-01-20""}, {""Reg"": ""16564496"", ""Bib"": """", ""Org"": ""KOR"", ""OrgDesc"": ""Korea"", ""Name"": ""KIM Nayeong"", ""Order"": 3, ""BirthDate"": ""2005-10-01""}, {""Reg"": ""16564702"", ""Bib"": """", ""Org"": ""KOR"", ""OrgDesc"": ""Korea"", ""Name"": ""LEE Eunhye"", ""Order"": 4, ""BirthDate"": ""1995-05-02""}, {""Reg"": ""16770274"", ""Bib"": """", ""Org"": ""KOR"", ""OrgDesc"": ""Korea"", ""Name"": ""PARK Gahyeon"", ""Order"": 5, ""BirthDate"": ""2007-08-18""}]",乒乓球,2026-09-23,official_medal_record
KOR|TTE|X.DOUBLES-----------.----|ME_BRONZE|TTEXDOUBLES----KOR01,KOR,ME_BRONZE,TTE,Table Tennis,X.DOUBLES-----------.----,Mixed Doubles,D,LIM Jonghoon / SHIN Yubin,TTEXDOUBLES----KOR01,2026-09-25,X,"[{""Reg"": ""16562726"", ""Bib"": """", ""Org"": ""KOR"", ""OrgDesc"": ""Korea"", ""Name"": ""LIM Jonghoon"", ""Order"": 1, ""BirthDate"": ""1997-01-21""}, {""Reg"": ""16564280"", ""Bib"": """", ""Org"": ""KOR"", ""OrgDesc"": ""Korea"", ""Name"": ""SHIN Yubin"", ""Order"": 2, ""BirthDate"": ""2004-07-05""}]",乒乓球,2026-09-25,official_medal_record
KOR|WLF|W.O86KG-------------.FNL-|ME_SILVER|8023603,KOR,ME_SILVER,WLF,Weightlifting,W.O86KG-------------.FNL-,Women's +86kg All Groups,A,PARK Hyejeong,8023603,2026-09-29,W,[],举重,2026-09-29,official_medal_record
KOR|WRE|M.GR130KG-----------.FNL-|ME_BRONZE|7926717,KOR,ME_BRONZE,WRE,Wrestling,M.GR130KG-----------.FNL-,Men's Greco-Roman 130kg Final,A,KIM Minseok,7926717,2026-09-30,M,[],摔跤,2026-09-30,official_medal_record
KOR|WSU|M.DAOS--------------.FNL-|ME_SILVER|8603027,KOR,ME_SILVER,WSU,Wushu,M.DAOS--------------.FNL-,Men's Daoshu & Gunshu,A,LEE Hasung,8603027,2026-09-23,M,[],武术,2026-09-23,official_medal_record
KOR|WSU|M.TAIJ--------------.FNL-|ME_BRONZE|8603893,KOR,ME_BRONZE,WSU,Wushu,M.TAIJ--------------.FNL-,Men's Taijiquan & Taijijian,A,AN Hyeon-gi,8603893,2026-09-21,M,[],武术,2026-09-21,official_medal_record
KUW|KTE|M.60KG--------------.FNL-|ME_GOLD|11993215,KUW,ME_GOLD,KTE,Karate,M.60KG--------------.FNL-,Men's Kumite -60kg Final,A,SHAABAN Abdullah,11993215,2026-09-20,M,[],空手道,2026-09-20,official_medal_record
KUW|KTE|M.TEAM--------------.FNL-|ME_GOLD|KTEMTEAM-------KUW01,KUW,ME_GOLD,KTE,Karate,M.TEAM--------------.FNL-,Men's Team Kata Final,T,Kuwait,KTEMTEAM-------KUW01,2026-09-23,M,"[{""Reg"": ""10193070"", ""Bib"": """", ""Org"": ""KUW"", ""OrgDesc"": ""Kuwait"", ""Name"": ""HUSSAIN Mohammad"", ""Order"": 1, ""BirthDate"": ""1996-09-02""}, {""Reg"": ""836087"", ""Bib"": """", ""Org"": ""KUW"", ""OrgDesc"": ""Kuwait"", ""Name"": ""ALMOSAWI Sayed Salman"", ""Order"": 2, ""BirthDate"": ""1995-05-12""}, {""Reg"": ""836932"", ""Bib"": """", ""Org"": ""KUW"", ""OrgDesc"": ""Kuwait"", ""Name"": ""ALMOSAWI Sayed Mohammed"", ""Order"": 3, ""BirthDate"": ""1995-05-12""}]",空手道,2026-09-23,official_medal_record
KUW|KTE|M.KATA--------------.FNL-|ME_BRONZE|836932,KUW,ME_BRONZE,KTE,Karate,M.KATA--------------.FNL-,Men's Individual Kata Final,A,ALMOSAWI Sayed Mohammed,836932,2026-09-21,M,[],空手道,2026-09-21,official_medal_record
KUW|SHO|M.TRM---------------.----|ME_GOLD|12502199,KUW,ME_GOLD,SHO,Shooting,M.TRM---------------.----,Trap Men Individual,A,ALMUDHAF Khaled,12502199,2026-09-29,M,[],射击,2026-09-29,official_medal_record
KUW|SHO|M.TRTM--------------.----|ME_GOLD|SHOMTRTM-------KUW01,KUW,ME_GOLD,SHO,Shooting,M.TRTM--------------.----,Trap Men Team,T,Kuwait,SHOMTRTM-------KUW01,2026-09-29,M,"[{""Reg"": ""1206378"", ""Bib"": ""1226"", ""Org"": ""KUW"", ""OrgDesc"": ""Kuwait"", ""Name"": ""ALRASHIDI Talal"", ""Order"": 1, ""BirthDate"": ""1993-07-24""}, {""Reg"": ""12502199"", ""Bib"": ""1228"", ""Org"": ""KUW"", ""OrgDesc"": ""Kuwait"", ""Name"": ""ALMUDHAF Khaled"", ""Order"": 2, ""BirthDate"": ""1978-06-12""}, {""Reg"": ""5665561"", ""Bib"": ""1230"", ""Org"": ""KUW"", ""OrgDesc"": ""Kuwait"", ""Name"": ""ALFAIHAN Abdulrahman"", ""Order"": 3, ""BirthDate"": ""1986-06-24""}]",射击,2026-09-29,official_medal_record
KUW|SHO|M.SKTM--------------.----|ME_SILVER|SHOMSKTM-------KUW01,KUW,ME_SILVER,SHO,Shooting,M.SKTM--------------.----,Skeet Men Team,T,Kuwait,SHOMSKTM-------KUW01,2026-09-23,M,"[{""Reg"": ""2952875"", ""Bib"": ""1452"", ""Org"": ""KUW"", ""OrgDesc"": ""Kuwait"", ""Name"": ""ALAWAAD Mohammad"", ""Order"": 1, ""BirthDate"": ""1993-07-05""}, {""Reg"": ""5671098"", ""Bib"": ""1232"", ""Org"": ""KUW"", ""OrgDesc"": ""Kuwait"", ""Name"": ""ALDAIHANI Mohammad"", ""Order"": 2, ""BirthDate"": ""1983-08-01""}, {""Reg"": ""8521927"", ""Bib"": ""1234"", ""Org"": ""KUW"", ""OrgDesc"": ""Kuwait"", ""Name"": ""ALRASHIDI Abdullah"", ""Order"": 3, ""BirthDate"": ""1963-08-21""}]",射击,2026-09-23,official_medal_record
KUW|SHO|W.TRTW--------------.----|ME_BRONZE|SHOWTRTW-------KUW01,KUW,ME_BRONZE,SHO,Shooting,W.TRTW--------------.----,Trap Women Team,T,Kuwait,SHOWTRTW-------KUW01,2026-09-29,W,"[{""Reg"": ""11093085"", ""Bib"": ""1224"", ""Org"": ""KUW"", ""OrgDesc"": ""Kuwait"", ""Name"": ""ALHAWAL Shahad"", ""Order"": 1, ""BirthDate"": ""1987-03-06""}, {""Reg"": ""5669211"", ""Bib"": ""1231"", ""Org"": ""KUW"", ""OrgDesc"": ""Kuwait"", ""Name"": ""ABDULMALIK Hajar"", ""Order"": 2, ""BirthDate"": ""1995-09-04""}, {""Reg"": ""5673031"", ""Bib"": ""1233"", ""Org"": ""KUW"", ""OrgDesc"": ""Kuwait"", ""Name"": ""ALHAWAL Sarah"", ""Order"": 3, ""BirthDate"": ""1987-03-06""}]",射击,2026-09-29,official_medal_record
KUW|SHO|W.TRW---------------.----|ME_BRONZE|5669211,KUW,ME_BRONZE,SHO,Shooting,W.TRW---------------.----,Trap Women Individual,A,ABDULMALIK Hajar,5669211,2026-09-29,W,[],射击,2026-09-29,official_medal_record
KUW|TEQ|M.DOUBLES-----------.----|ME_BRONZE|TEQMDOUBLES----KUW01,KUW,ME_BRONZE,TEQ,Teqball,M.DOUBLES-----------.----,Men's Doubles,D,AHMAD Basel / ALQATTAN Abdulwahab,TEQMDOUBLES----KUW01,2026-09-20,M,"[{""Reg"": ""1301727"", ""Bib"": """", ""Org"": ""KUW"", ""OrgDesc"": ""Kuwait"", ""Name"": ""AHMAD Basel"", ""Order"": 1, ""BirthDate"": ""1991-04-07""}, {""Reg"": ""15162873"", ""Bib"": """", ""Org"": ""KUW"", ""OrgDesc"": ""Kuwait"", ""Name"": ""ALQATTAN Abdulwahab"", ""Order"": 2, ""BirthDate"": ""1988-06-02""}]",台克球,2026-09-20,official_medal_record
KGZ|JJI|M.85KG--------------.FNL-|ME_BRONZE|8814915,KGZ,ME_BRONZE,JJI,Jiu Jitsu,M.85KG--------------.FNL-,Men -85kg Final - Gold Medal,A,MURTAZALIEV Abdurahman,8814915,2026-10-03,M,[],柔术,2026-10-03,official_medal_record
KGZ|JUD|M.90KG--------------.FNL-|ME_SILVER|218404,KGZ,ME_SILVER,JUD,Judo,M.90KG--------------.FNL-,Men -90 kg Final,A,SHEROV Erlan,218404,2026-10-02,M,[],柔道,2026-10-02,official_medal_record
KGZ|KUR|M.66KG--------------.FNL-|ME_BRONZE|14383974,KGZ,ME_BRONZE,KUR,Kurash,M.66KG--------------.FNL-,Men -66kg Final,A,AIBEK UULU Kubanychbek,14383974,2026-09-29,M,[],库拉什,2026-09-29,official_medal_record
KGZ|MMA|M.M60KG-------------.FNL-|ME_BRONZE|11306052,KGZ,ME_BRONZE,MMA,Mixed Martial Arts,M.M60KG-------------.FNL-,Men's Modern -60kg Final,A,KANYBEK UULU Dastan,11306052,2026-09-21,M,[],综合格斗,2026-09-21,official_medal_record
KGZ|MMA|M.M71KG-------------.FNL-|ME_BRONZE|15084440,KGZ,ME_BRONZE,MMA,Mixed Martial Arts,M.M71KG-------------.FNL-,Men's Modern -71kg Final,A,DUISHEEV Yryskeldi,15084440,2026-09-21,M,[],综合格斗,2026-09-21,official_medal_record
KGZ|MMA|M.T77KG-------------.FNL-|ME_BRONZE|11944817,KGZ,ME_BRONZE,MMA,Mixed Martial Arts,M.T77KG-------------.FNL-,Men's Traditional  -77kg Final,A,ZHANYBEK UULU Syimyk,11944817,2026-09-21,M,[],综合格斗,2026-09-21,official_medal_record
KGZ|SWM|M.200MBR------------.----|ME_SILVER|11855710,KGZ,ME_SILVER,SWM,Swimming,M.200MBR------------.----,Men's 200m Breaststroke,A,PETRASHOV Denis,11855710,2026-09-24,M,[],游泳,2026-09-24,official_medal_record
KGZ|WRE|M.GR60KG------------.FNL-|ME_GOLD|10099263,KGZ,ME_GOLD,WRE,Wrestling,M.GR60KG------------.FNL-,Men's Greco-Roman 60kg Final,A,SHARSHENBEKOV Zholoman,10099263,2026-10-01,M,[],摔跤,2026-10-01,official_medal_record
KGZ|WRE|M.GR87KG------------.FNL-|ME_SILVER|4703063,KGZ,ME_SILVER,WRE,Wrestling,M.GR87KG------------.FNL-,Men's Greco-Roman 87kg Final,A,ZHANYSHOV Asan Kurbanovich,4703063,2026-09-30,M,[],摔跤,2026-09-30,official_medal_record
KGZ|WRE|M.FS86KG------------.FNL-|ME_BRONZE|6566077,KGZ,ME_BRONZE,WRE,Wrestling,M.FS86KG------------.FNL-,Men's Freestyle 86kg Final,A,SHAVAEV Malik,6566077,2026-10-02,M,[],摔跤,2026-10-02,official_medal_record
KGZ|WRE|M.GR67KG------------.FNL-|ME_BRONZE|4655546,KGZ,ME_BRONZE,WRE,Wrestling,M.GR67KG------------.FNL-,Men's Greco-Roman 67kg Final,A,BEISHEKEEV Razzak,4655546,2026-09-30,M,[],摔跤,2026-09-30,official_medal_record
KGZ|WRE|M.GR77KG------------.FNL-|ME_BRONZE|4693790,KGZ,ME_BRONZE,WRE,Wrestling,M.GR77KG------------.FNL-,Men's Greco-Roman 77kg Final,A,MAKHMUDOV Akzhol,4693790,2026-10-01,M,[],摔跤,2026-10-01,official_medal_record
KGZ|WRE|W.WR68KG------------.FNL-|ME_BRONZE|10311736,KGZ,ME_BRONZE,WRE,Wrestling,W.WR68KG------------.FNL-,Women's Wrestling 68kg Final,A,ZHUMANAZAROVA Meerim,10311736,2026-09-30,W,[],摔跤,2026-09-30,official_medal_record
KGZ|WRE|W.WR76KG------------.FNL-|ME_BRONZE|8110324,KGZ,ME_BRONZE,WRE,Wrestling,W.WR76KG------------.FNL-,Women's Wrestling 76kg Final,A,MEDET KYZY Aiperi,8110324,2026-10-02,W,[],摔跤,2026-10-02,official_medal_record
LAO|SPK|W.DOUBLE------------.FNL-|ME_BRONZE|SPKWDOUBLE-----LAO01,LAO,ME_BRONZE,SPK,Sepaktakraw,W.DOUBLE------------.FNL-,Women's Double Final,T,Lao People's Democratic Republic,SPKWDOUBLE-----LAO01,2026-09-28,W,"[{""Reg"": ""5254486"", ""Bib"": ""5"", ""Org"": ""LAO"", ""OrgDesc"": ""Lao PDR"", ""Name"": ""KEOSOULIYA Sonsavan"", ""Order"": 1, ""BirthDate"": ""1994-10-20""}, {""Reg"": ""6482543"", ""Bib"": ""4"", ""Org"": ""LAO"", ""OrgDesc"": ""Lao PDR"", ""Name"": ""VONGXAY Norkham"", ""Order"": 2, ""BirthDate"": ""1993-04-11""}, {""Reg"": ""6498719"", ""Bib"": ""3"", ""Org"": ""LAO"", ""OrgDesc"": ""Lao PDR"", ""Name"": ""XAYAVONG Koy"", ""Order"": 3, ""BirthDate"": ""1991-09-13""}]",藤球,2026-09-28,official_medal_record
LBN|JUD|W.78KG--------------.FNL-|ME_BRONZE|4479753,LBN,ME_BRONZE,JUD,Judo,W.78KG--------------.FNL-,Women -78 kg Final,A,CHAYEB Aqulina,4479753,2026-10-02,W,[],柔道,2026-10-02,official_medal_record
LBN|TEQ|M.DOUBLES-----------.----|ME_SILVER|TEQMDOUBLES----LBN01,LBN,ME_SILVER,TEQ,Teqball,M.DOUBLES-----------.----,Men's Doubles,D,ARABI Ahmad Kassem / HAFEZ Mohamad,TEQMDOUBLES----LBN01,2026-09-20,M,"[{""Reg"": ""12664401"", ""Bib"": """", ""Org"": ""LBN"", ""OrgDesc"": ""Lebanon"", ""Name"": ""ARABI Ahmad Kassem"", ""Order"": 1, ""BirthDate"": ""2005-08-18""}, {""Reg"": ""14604162"", ""Bib"": """", ""Org"": ""LBN"", ""OrgDesc"": ""Lebanon"", ""Name"": ""HAFEZ Mohamad"", ""Order"": 2, ""BirthDate"": ""2000-05-09""}]",台克球,2026-09-20,official_medal_record
LBN|TEQ|W.DOUBLES-----------.----|ME_BRONZE|TEQWDOUBLES----LBN01,LBN,ME_BRONZE,TEQ,Teqball,W.DOUBLES-----------.----,Women's Doubles,D,CHEDID Maria / DANDAL Kamar,TEQWDOUBLES----LBN01,2026-09-19,W,"[{""Reg"": ""12668495"", ""Bib"": """", ""Org"": ""LBN"", ""OrgDesc"": ""Lebanon"", ""Name"": ""CHEDID Maria"", ""Order"": 1, ""BirthDate"": ""2002-08-28""}, {""Reg"": ""6757428"", ""Bib"": """", ""Org"": ""LBN"", ""OrgDesc"": ""Lebanon"", ""Name"": ""DANDAL Kamar"", ""Order"": 2, ""BirthDate"": ""2003-01-05""}]",台克球,2026-09-19,official_medal_record
MAC|KTE|M.KATA--------------.FNL-|ME_SILVER|5437817,MAC,ME_SILVER,KTE,Karate,M.KATA--------------.FNL-,Men's Individual Kata Final,A,FONG Man Hou,5437817,2026-09-21,M,[],空手道,2026-09-21,official_medal_record
MAC|KTE|M.TEAM--------------.FNL-|ME_SILVER|KTEMTEAM-------MAC01,MAC,ME_SILVER,KTE,Karate,M.TEAM--------------.FNL-,Men's Team Kata Final,T,"Macao, China",KTEMTEAM-------MAC01,2026-09-23,M,"[{""Reg"": ""1159993"", ""Bib"": """", ""Org"": ""MAC"", ""OrgDesc"": ""Macao, China"", ""Name"": ""KUOK Kin Hang"", ""Order"": 1, ""BirthDate"": ""1992-06-15""}, {""Reg"": ""15961143"", ""Bib"": """", ""Org"": ""MAC"", ""OrgDesc"": ""Macao, China"", ""Name"": ""CHEANG Pei Lok"", ""Order"": 2, ""BirthDate"": ""2005-05-30""}, {""Reg"": ""5437817"", ""Bib"": """", ""Org"": ""MAC"", ""OrgDesc"": ""Macao, China"", ""Name"": ""FONG Man Hou"", ""Order"": 3, ""BirthDate"": ""2001-11-22""}]",空手道,2026-09-23,official_medal_record
MAC|KTE|W.50KG--------------.FNL-|ME_BRONZE|116562,MAC,ME_BRONZE,KTE,Karate,W.50KG--------------.FNL-,Women's Kumite -50kg Final,A,FONG Man Wai,116562,2026-09-23,W,[],空手道,2026-09-23,official_medal_record
MAC|WSU|M.CHAN--------------.FNL-|ME_GOLD|15666917,MAC,ME_GOLD,WSU,Wushu,M.CHAN--------------.FNL-,Men's Changquan,A,KUONG Chi Hin,15666917,2026-09-20,M,[],武术,2026-09-20,official_medal_record
MAC|WSU|M.CHAN--------------.FNL-|ME_SILVER|15666341,MAC,ME_SILVER,WSU,Wushu,M.CHAN--------------.FNL-,Men's Changquan,A,SONG Chi Kuan,15666341,2026-09-20,M,[],武术,2026-09-20,official_medal_record
MAC|WSU|W.CHAN--------------.FNL-|ME_SILVER|15666236,MAC,ME_SILVER,WSU,Wushu,W.CHAN--------------.FNL-,Women's Changquan,A,SOU Cho Man,15666236,2026-09-21,W,[],武术,2026-09-21,official_medal_record
MAS|BDM|W.DOUBLES-----------.----|ME_BRONZE|BDMWDOUBLES----MAS01,MAS,ME_BRONZE,BDM,Badminton,W.DOUBLES-----------.----,Women's Doubles,D,TAN Pearly Koong Le / MURALITHARAN Thinaah,BDMWDOUBLES----MAS01,2026-09-28,W,"[{""Reg"": ""7831792"", ""Bib"": """", ""Org"": ""MAS"", ""OrgDesc"": ""Malaysia"", ""Name"": ""TAN Pearly Koong Le"", ""Order"": 1, ""BirthDate"": ""2000-03-14""}, {""Reg"": ""7832045"", ""Bib"": """", ""Org"": ""MAS"", ""OrgDesc"": ""Malaysia"", ""Name"": ""MURALITHARAN Thinaah"", ""Order"": 2, ""BirthDate"": ""1998-01-03""}]",羽毛球,2026-09-28,official_medal_record
MAS|CTR|M.KEIRIN------------.----|ME_GOLD|10266253,MAS,ME_GOLD,CTR,Cycling Track,M.KEIRIN------------.----,Men's Keirin,A,AWANG Mohd Azizulhasni,10266253,2026-10-02,M,[],场地自行车,2026-10-02,official_medal_record
MAS|CTR|W.SPRTEAM3----------.----|ME_SILVER|CTRWSPRTEAM3---MAS01,MAS,ME_SILVER,CTR,Cycling Track,W.SPRTEAM3----------.----,Women's Team Sprint,T,Malaysia,CTRWSPRTEAM3---MAS01,2026-09-29,W,"[{""Reg"": ""7689941"", ""Bib"": ""126"", ""Org"": ""MAS"", ""OrgDesc"": ""Malaysia"", ""Name"": ""AZIZAN Nurul Aliana Syafika"", ""Order"": 1, ""BirthDate"": ""2003-07-21""}, {""Reg"": ""914384"", ""Bib"": ""127"", ""Org"": ""MAS"", ""OrgDesc"": ""Malaysia"", ""Name"": ""MOHD ASRI Nurul Izzah Izzati"", ""Order"": 2, ""BirthDate"": ""2003-09-11""}, {""Reg"": ""5473556"", ""Bib"": ""128"", ""Org"": ""MAS"", ""OrgDesc"": ""Malaysia"", ""Name"": ""MOHD FARID Nur Alyssa"", ""Order"": 3, ""BirthDate"": ""2006-01-20""}, {""Reg"": ""946649"", ""Bib"": ""129"", ""Org"": ""MAS"", ""OrgDesc"": ""Malaysia"", ""Name"": ""ROSIDI Anis Amira"", ""Order"": 4, ""BirthDate"": ""1998-01-20""}]",场地自行车,2026-09-29,official_medal_record
MAS|CTR|M.SPRINT------------.----|ME_BRONZE|10266253,MAS,ME_BRONZE,CTR,Cycling Track,M.SPRINT------------.----,Men's Sprint,A,AWANG Mohd Azizulhasni,10266253,2026-10-01,M,[],场地自行车,2026-10-01,official_medal_record
MAS|CTR|W.KEIRIN------------.----|ME_BRONZE|914384,MAS,ME_BRONZE,CTR,Cycling Track,W.KEIRIN------------.----,Women's Keirin,A,MOHD ASRI Nurul Izzah Izzati,914384,2026-09-30,W,[],场地自行车,2026-09-30,official_medal_record
MAS|DIV|M.10MTEAM2----------.----|ME_SILVER|DIVM10MTEAM2---MAS01,MAS,ME_SILVER,DIV,Diving,M.10MTEAM2----------.----,Men's Synchronised 10m Platform,D,HAROLD Enrique / CLEMENT Elvis Priestly,DIVM10MTEAM2---MAS01,2026-09-27,M,"[{""Reg"": ""2325581"", ""Bib"": """", ""Org"": ""MAS"", ""OrgDesc"": ""Malaysia"", ""Name"": ""HAROLD Enrique"", ""Order"": 1, ""BirthDate"": ""2003-04-12""}, {""Reg"": ""4709779"", ""Bib"": """", ""Org"": ""MAS"", ""OrgDesc"": ""Malaysia"", ""Name"": ""CLEMENT Elvis Priestly"", ""Order"": 2, ""BirthDate"": ""2006-10-11""}]",跳水,2026-09-27,official_medal_record
MAS|DIV|M.3MTEAM2-----------.----|ME_BRONZE|DIVM3MTEAM2----MAS01,MAS,ME_BRONZE,DIV,Diving,M.3MTEAM2-----------.----,Men's Synchronised 3m Springboard,D,YONG Rui Jie / MOHAMAD Nurqayyum,DIVM3MTEAM2----MAS01,2026-09-26,M,"[{""Reg"": ""4714461"", ""Bib"": """", ""Org"": ""MAS"", ""OrgDesc"": ""Malaysia"", ""Name"": ""YONG Rui Jie"", ""Order"": 1, ""BirthDate"": ""2006-04-26""}, {""Reg"": ""7628039"", ""Bib"": """", ""Org"": ""MAS"", ""OrgDesc"": ""Malaysia"", ""Name"": ""MOHAMAD Nurqayyum"", ""Order"": 2, ""BirthDate"": ""2006-03-03""}]",跳水,2026-09-26,official_medal_record
MAS|DIV|W.3MTEAM2-----------.----|ME_BRONZE|DIVW3MTEAM2----MAS01,MAS,ME_BRONZE,DIV,Diving,W.3MTEAM2-----------.----,Women's Synchronised 3m Springboard,D,ONG Ker Ying / LEE Yiat Qing,DIVW3MTEAM2----MAS01,2026-09-27,W,"[{""Reg"": ""1280287"", ""Bib"": """", ""Org"": ""MAS"", ""OrgDesc"": ""Malaysia"", ""Name"": ""ONG Ker Ying"", ""Order"": 1, ""BirthDate"": ""2002-08-30""}, {""Reg"": ""2333342"", ""Bib"": """", ""Org"": ""MAS"", ""OrgDesc"": ""Malaysia"", ""Name"": ""LEE Yiat Qing"", ""Order"": 2, ""BirthDate"": ""2008-06-08""}]",跳水,2026-09-27,official_medal_record
MAS|ELS|O.GT7---------------.FNL-|ME_GOLD|9092756,MAS,ME_GOLD,ELS,Esports,O.GT7---------------.FNL-,Gran Turismo 7 Finals,A,TAJ MADIRA Taj Izrin Aiman,9092756,2026-09-23,M,[],电子竞技,2026-09-23,official_medal_record
MAS|ELS|O.EFB---------------.FNL-|ME_SILVER|ELSOEFB--------MAS01,MAS,ME_SILVER,ELS,Esports,O.EFB---------------.FNL-,eFootball™ Finals,T,Malaysia,ELSOEFB--------MAS01,2026-09-23,O,"[{""Reg"": ""12849659"", ""Bib"": """", ""Org"": ""MAS"", ""OrgDesc"": ""Malaysia"", ""Name"": ""FARISH LUZMAN"", ""Order"": 1, ""BirthDate"": ""2008-07-03""}, {""Reg"": ""4525594"", ""Bib"": """", ""Org"": ""MAS"", ""OrgDesc"": ""Malaysia"", ""Name"": ""HAKIMIN Muhammad Hariz Hazmi"", ""Order"": 2, ""BirthDate"": ""2003-04-05""}]",电子竞技,2026-09-23,official_medal_record
MAS|ELS|O.HOK---------------.FNL-|ME_SILVER|ELSOHOK--------MAS01,MAS,ME_SILVER,ELS,Esports,O.HOK---------------.FNL-,Honor of Kings Finals,T,Malaysia,ELSOHOK--------MAS01,2026-09-28,O,"[{""Reg"": ""1839795"", ""Bib"": """", ""Org"": ""MAS"", ""OrgDesc"": ""Malaysia"", ""Name"": ""NG Nicholas Khai Shuan"", ""Order"": 1, ""BirthDate"": ""2002-12-07""}, {""Reg"": ""5998234"", ""Bib"": """", ""Org"": ""MAS"", ""OrgDesc"": ""Malaysia"", ""Name"": ""CHEN Tat Yann"", ""Order"": 2, ""BirthDate"": ""2001-12-31""}, {""Reg"": ""5999803"", ""Bib"": """", ""Org"": ""MAS"", ""OrgDesc"": ""Malaysia"", ""Name"": ""LIM Chee Hong"", ""Order"": 3, ""BirthDate"": ""2003-06-02""}, {""Reg"": ""6029346"", ""Bib"": """", ""Org"": ""MAS"", ""OrgDesc"": ""Malaysia"", ""Name"": ""CHONG Han Hui"", ""Order"": 4, ""BirthDate"": ""2004-05-20""}, {""Reg"": ""9707847"", ""Bib"": """", ""Org"": ""MAS"", ""OrgDesc"": ""Malaysia"", ""Name"": ""NA Ryan Jie Rong"", ""Order"": 5, ""BirthDate"": ""2005-07-18""}, {""Reg"": ""9711676"", ""Bib"": """", ""Org"": ""MAS"", ""OrgDesc"": ""Malaysia"", ""Name"": ""LEE Han Siang"", ""Order"": 6, ""BirthDate"": ""2004-08-01""}]",电子竞技,2026-09-28,official_medal_record
MAS|ELS|O.IDV---------------.FNL-|ME_BRONZE|ELSOIDV--------MAS01,MAS,ME_BRONZE,ELS,Esports,O.IDV---------------.FNL-,Identity V - Asian Games Version Finals,T,Malaysia,ELSOIDV--------MAS01,2026-09-30,O,"[{""Reg"": ""1733524"", ""Bib"": """", ""Org"": ""MAS"", ""OrgDesc"": ""Malaysia"", ""Name"": ""GAN Hong Ming"", ""Order"": 1, ""BirthDate"": ""2003-04-15""}, {""Reg"": ""1750258"", ""Bib"": """", ""Org"": ""MAS"", ""OrgDesc"": ""Malaysia"", ""Name"": ""CHIN George Shan Yuan"", ""Order"": 2, ""BirthDate"": ""2007-10-18""}, {""Reg"": ""1760653"", ""Bib"": """", ""Org"": ""MAS"", ""OrgDesc"": ""Malaysia"", ""Name"": ""YIAU Wen Feng"", ""Order"": 3, ""BirthDate"": ""2004-10-15""}, {""Reg"": ""32564"", ""Bib"": """", ""Org"": ""MAS"", ""OrgDesc"": ""Malaysia"", ""Name"": ""YII Vincent Kai Liang"", ""Order"": 4, ""BirthDate"": ""2007-04-28""}, {""Reg"": ""34820"", ""Bib"": """", ""Org"": ""MAS"", ""OrgDesc"": ""Malaysia"", ""Name"": ""HO Nicky Jun Hong"", ""Order"": 5, ""BirthDate"": ""2007-01-27""}, {""Reg"": ""5876573"", ""Bib"": """", ""Org"": ""MAS"", ""OrgDesc"": ""Malaysia"", ""Name"": ""NG Wei Hao"", ""Order"": 6, ""BirthDate"": ""2003-08-25""}, {""Reg"": ""5896782"", ""Bib"": """", ""Org"": ""MAS"", ""OrgDesc"": ""Malaysia"", ""Name"": ""CHEAH Euggee"", ""Order"": 7, ""BirthDate"": ""2008-05-22""}]",电子竞技,2026-09-30,official_medal_record
MAS|ELS|O.MLB---------------.FNL-|ME_BRONZE|ELSOMLB--------MAS01,MAS,ME_BRONZE,ELS,Esports,O.MLB---------------.FNL-,Mobile Legends: Bang Bang Finals,T,Malaysia,ELSOMLB--------MAS01,2026-09-30,O,"[{""Reg"": ""2405819"", ""Bib"": """", ""Org"": ""MAS"", ""OrgDesc"": ""Malaysia"", ""Name"": ""MUHAMMAD QAYYUM ARIFFIN"", ""Order"": 1, ""BirthDate"": ""2004-12-09""}, {""Reg"": ""2469183"", ""Bib"": """", ""Org"": ""MAS"", ""OrgDesc"": ""Malaysia"", ""Name"": ""MOHAMAD FUAD Muhammad Danial"", ""Order"": 2, ""BirthDate"": ""2001-10-11""}, {""Reg"": ""5182314"", ""Bib"": """", ""Org"": ""MAS"", ""OrgDesc"": ""Malaysia"", ""Name"": ""Muhammad Haqqullah"", ""Order"": 3, ""BirthDate"": ""2006-02-14""}, {""Reg"": ""5189669"", ""Bib"": """", ""Org"": ""MAS"", ""OrgDesc"": ""Malaysia"", ""Name"": ""MOHAMAD RIZWAN Hazziq Danish"", ""Order"": 4, ""BirthDate"": ""2005-06-28""}, {""Reg"": ""5196885"", ""Bib"": """", ""Org"": ""MAS"", ""OrgDesc"": ""Malaysia"", ""Name"": ""RAZMAN Muhammad Danish Fitri"", ""Order"": 5, ""BirthDate"": ""2006-09-28""}, {""Reg"": ""5198106"", ""Bib"": """", ""Org"": ""MAS"", ""OrgDesc"": ""Malaysia"", ""Name"": ""SAZALI Muhamad Razif"", ""Order"": 6, ""BirthDate"": ""2006-12-26""}]",电子竞技,2026-09-30,official_medal_record
MAS|HOC|M.TEAM11------------.----|ME_SILVER|HOCMTEAM11-----MAS01,MAS,ME_SILVER,HOC,Hockey,M.TEAM11------------.----,Men,T,Malaysia,HOCMTEAM11-----MAS01,2026-10-03,M,"[{""Reg"": ""9669019"", ""Bib"": ""6"", ""Org"": ""MAS"", ""OrgDesc"": ""Malaysia"", ""Name"": ""JALIL Marhan"", ""Order"": 1, ""BirthDate"": ""1990-03-05""}, {""Reg"": ""6601708"", ""Bib"": ""7"", ""Org"": ""MAS"", ""OrgDesc"": ""Malaysia"", ""Name"": ""SAARI Fitri"", ""Order"": 2, ""BirthDate"": ""1993-03-04""}, {""Reg"": ""9789638"", ""Bib"": ""10"", ""Org"": ""MAS"", ""OrgDesc"": ""Malaysia"", ""Name"": ""SAARI Faizal"", ""Order"": 3, ""BirthDate"": ""1991-01-13""}, {""Reg"": ""716810"", ""Bib"": ""11"", ""Org"": ""MAS"", ""OrgDesc"": ""Malaysia"", ""Name"": ""ANUAR Akhimullah"", ""Order"": 4, ""BirthDate"": ""2000-05-02""}, {""Reg"": ""10232392"", ""Bib"": ""15"", ""Org"": ""MAS"", ""OrgDesc"": ""Malaysia"", ""Name"": ""SILVERIUS Shello"", ""Order"": 5, ""BirthDate"": ""1999-04-03""}, {""Reg"": ""10292348"", ""Bib"": ""16"", ""Org"": ""MAS"", ""OrgDesc"": ""Malaysia"", ""Name"": ""MAT DERIS Zaimi"", ""Order"": 6, ""BirthDate"": ""1997-09-18""}, {""Reg"": ""620970"", ""Bib"": ""18"", ""Org"": ""MAS"", ""OrgDesc"": ""Malaysia"", ""Name"": ""JALI Faiz"", ""Order"": 7, ""BirthDate"": ""1992-02-18""}, {""Reg"": ""740314"", ""Bib"": ""20"", ""Org"": ""MAS"", ""OrgDesc"": ""Malaysia"", ""Name"": ""HAMSANI Ashran"", ""Order"": 8, ""BirthDate"": ""1995-04-20""}, {""Reg"": ""10272443"", ""Bib"": ""21"", ""Org"": ""MAS"", ""OrgDesc"": ""Malaysia"", ""Name"": ""OTHMAN Hafizuddin"", ""Order"": 9, ""BirthDate"": ""1992-01-07""}, {""Reg"": ""10247229"", ""Bib"": ""22"", ""Org"": ""MAS"", ""OrgDesc"": ""Malaysia"", ""Name"": ""SUMANTRI Norsyafiq"", ""Order"": 10, ""BirthDate"": ""1996-06-17""}, {""Reg"": ""10240847"", ""Bib"": ""23"", ""Org"": ""MAS"", ""OrgDesc"": ""Malaysia"", ""Name"": ""ABU KAMAL Azrai"", ""Order"": 11, ""BirthDate"": ""1999-10-03""}, {""Reg"": ""6604942"", ""Bib"": ""24"", ""Org"": ""MAS"", ""OrgDesc"": ""Malaysia"", ""Name"": ""ROZEMI Aiman"", ""Order"": 12, ""BirthDate"": ""1996-07-19""}, {""Reg"": ""6655317"", ""Bib"": ""26"", ""Org"": ""MAS"", ""OrgDesc"": ""Malaysia"", ""Name"": ""ABDU RAUF Muhajir"", ""Order"": 13, ""BirthDate"": ""2000-04-06""}, {""Reg"": ""9770260"", ""Bib"": ""27"", ""Org"": ""MAS"", ""OrgDesc"": ""Malaysia"", ""Name"": ""HASSAN Shafiq"", ""Order"": 14, ""BirthDate"": ""1999-01-23""}, {""Reg"": ""9673144"", ""Bib"": ""29"", ""Org"": ""MAS"", ""OrgDesc"": ""Malaysia"", ""Name"": ""AZAHAR Amirul"", ""Order"": 15, ""BirthDate"": ""2000-05-05""}, {""Reg"": ""10147932"", ""Bib"": ""30"", ""Org"": ""MAS"", ""OrgDesc"": ""Malaysia"", ""Name"": ""HARIZAN Faris"", ""Order"": 16, ""BirthDate"": ""2002-11-27""}, {""Reg"": ""10154026"", ""Bib"": ""31"", ""Org"": ""MAS"", ""OrgDesc"": ""Malaysia"", ""Name"": ""KAMARUDDIN Azimuddin"", ""Order"": 17, ""BirthDate"": ""2005-06-24""}, {""Reg"": ""9667534"", ""Bib"": ""32"", ""Org"": ""MAS"", ""OrgDesc"": ""Malaysia"", ""Name"": ""MOHD ZAIN Aminudin"", ""Order"": 18, ""BirthDate"": ""1995-05-23""}, {""Reg"": ""6550765"", ""Bib"": ""35"", ""Org"": ""MAS"", ""OrgDesc"": ""Malaysia"", ""Name"": ""JEFFRYNUS Andywalfian"", ""Order"": 19, ""BirthDate"": ""2005-08-08""}, {""Reg"": ""9860317"", ""Bib"": ""46"", ""Org"": ""MAS"", ""OrgDesc"": ""Malaysia"", ""Name"": ""CHE NUR Aqilrullah"", ""Order"": 20, ""BirthDate"": ""2003-07-31""}]",曲棍球,2026-10-03,official_medal_record
MAS|KTE|W.50KG--------------.FNL-|ME_GOLD|6835166,MAS,ME_GOLD,KTE,Karate,W.50KG--------------.FNL-,Women's Kumite -50kg Final,A,CHANDRAN Shahmalarani,6835166,2026-09-23,W,[],空手道,2026-09-23,official_medal_record
MAS|KTE|W.55KG--------------.FNL-|ME_GOLD|10445124,MAS,ME_GOLD,KTE,Karate,W.55KG--------------.FNL-,Women's Kumite -55kg Final,A,ROBERT Adeola Fay,10445124,2026-09-22,W,[],空手道,2026-09-22,official_medal_record
MAS|KTE|M.55KG--------------.FNL-|ME_BRONZE|12224268,MAS,ME_BRONZE,KTE,Karate,M.55KG--------------.FNL-,Men's Kumite -55kg Final,A,KALIANA SUNDRAM Thevendran,12224268,2026-09-20,M,[],空手道,2026-09-20,official_medal_record
MAS|KTE|M.60KG--------------.FNL-|ME_BRONZE|10005215,MAS,ME_BRONZE,KTE,Karate,M.60KG--------------.FNL-,Men's Kumite -60kg Final,A,HARI SANKAR Sureeya Sankar,10005215,2026-09-20,M,[],空手道,2026-09-20,official_medal_record
MAS|KTE|M.TEAM--------------.FNL-|ME_BRONZE|KTEMTEAM-------MAS01,MAS,ME_BRONZE,KTE,Karate,M.TEAM--------------.FNL-,Men's Team Kata Final,T,Malaysia,KTEMTEAM-------MAS01,2026-09-23,M,"[{""Reg"": ""4197660"", ""Bib"": """", ""Org"": ""MAS"", ""OrgDesc"": ""Malaysia"", ""Name"": ""MAZLAN Mukhriz"", ""Order"": 1, ""BirthDate"": ""2008-06-21""}, {""Reg"": ""5841830"", ""Bib"": """", ""Org"": ""MAS"", ""OrgDesc"": ""Malaysia"", ""Name"": ""HENRY Mohamad Haznil"", ""Order"": 2, ""BirthDate"": ""2005-01-21""}, {""Reg"": ""6714443"", ""Bib"": """", ""Org"": ""MAS"", ""OrgDesc"": ""Malaysia"", ""Name"": ""ASMADIE Muhammad Aiqal"", ""Order"": 3, ""BirthDate"": ""2004-09-09""}]",空手道,2026-09-23,official_medal_record
MAS|PDL|M.PAIRS-------------.----|ME_SILVER|PDLMPAIRS------MAS01,MAS,ME_SILVER,PDL,Padel,M.PAIRS-------------.----,Men's Pairs,D,CHIN Christian / AIDAN YUNUS,PDLMPAIRS------MAS01,2026-10-03,M,"[{""Reg"": ""11520027"", ""Bib"": """", ""Org"": ""MAS"", ""OrgDesc"": ""Malaysia"", ""Name"": ""CHIN Christian"", ""Order"": 1, ""BirthDate"": ""2000-08-23""}, {""Reg"": ""11521269"", ""Bib"": """", ""Org"": ""MAS"", ""OrgDesc"": ""Malaysia"", ""Name"": ""AIDAN YUNUS"", ""Order"": 2, ""BirthDate"": ""2004-09-15""}]",板式网球,2026-10-03,official_medal_record
MAS|SAL|M.29ER--------------.----|ME_BRONZE|SALM29ER-------MAS01,MAS,ME_BRONZE,SAL,Sailing,M.29ER--------------.----,Boys' Skiff,T,Malaysia,SALM29ER-------MAS01,2026-10-03,M,"[{""Reg"": ""4069534"", ""Bib"": """", ""Org"": ""MAS"", ""OrgDesc"": ""Malaysia"", ""Name"": ""Muhammad Adam Aierell"", ""Order"": 1, ""BirthDate"": ""2008-06-17""}, {""Reg"": ""6579395"", ""Bib"": """", ""Org"": ""MAS"", ""OrgDesc"": ""Malaysia"", ""Name"": ""MUSMULIADI Iqbal Nazham"", ""Order"": 2, ""BirthDate"": ""2008-09-23""}]",帆船帆板,2026-10-03,official_medal_record
MAS|SAL|M.ILCA7-------------.----|ME_BRONZE|6577038,MAS,ME_BRONZE,SAL,Sailing,M.ILCA7-------------.----,Men's Dinghy,A,MOHD AFENDY Khairulnizam,6577038,2026-10-03,M,[],帆船帆板,2026-10-03,official_medal_record
MAS|SAL|W.29ER--------------.----|ME_BRONZE|SALW29ER-------MAS01,MAS,ME_BRONZE,SAL,Sailing,W.29ER--------------.----,Girls' Skiff,T,Malaysia,SALW29ER-------MAS01,2026-10-03,W,"[{""Reg"": ""5692219"", ""Bib"": """", ""Org"": ""MAS"", ""OrgDesc"": ""Malaysia"", ""Name"": ""MOHD AZRI Nor Izniey Humaira"", ""Order"": 1, ""BirthDate"": ""2008-05-29""}, {""Reg"": ""12086867"", ""Bib"": """", ""Org"": ""MAS"", ""OrgDesc"": ""Malaysia"", ""Name"": ""AZIZUL RAHMAN Aina Zulaikha"", ""Order"": 2, ""BirthDate"": ""2008-12-19""}]",帆船帆板,2026-10-03,official_medal_record
MAS|SPK|M.TEAMREGU----------.FNL-|ME_GOLD|SPKMTEAMREGU---MAS01,MAS,ME_GOLD,SPK,Sepaktakraw,M.TEAMREGU----------.FNL-,Men's Team Regu Finals,T,Malaysia,SPKMTEAMREGU---MAS01,2026-09-25,M,"[{""Reg"": ""2263975"", ""Bib"": ""23"", ""Org"": ""MAS"", ""OrgDesc"": ""Malaysia"", ""Name"": ""MOHD ROSDI Mohammad Syahir"", ""Order"": 1, ""BirthDate"": ""1996-08-02""}, {""Reg"": ""2264767"", ""Bib"": ""20"", ""Org"": ""MAS"", ""OrgDesc"": ""Malaysia"", ""Name"": ""HAIRUL NIZAM Muhammad Haziq"", ""Order"": 2, ""BirthDate"": ""2001-12-22""}, {""Reg"": ""2274384"", ""Bib"": ""10"", ""Org"": ""MAS"", ""OrgDesc"": ""Malaysia"", ""Name"": ""ABD RAZAK Muhammad Zulkifli"", ""Order"": 3, ""BirthDate"": ""1993-06-18""}, {""Reg"": ""2466930"", ""Bib"": ""2"", ""Org"": ""MAS"", ""OrgDesc"": ""Malaysia"", ""Name"": ""MUHAMMAD ZARIF MARICAN"", ""Order"": 4, ""BirthDate"": ""2001-12-23""}, {""Reg"": ""3438991"", ""Bib"": ""9"", ""Org"": ""MAS"", ""OrgDesc"": ""Malaysia"", ""Name"": ""ADNAN Muhammad Hafizul Hayazi"", ""Order"": 5, ""BirthDate"": ""1995-08-12""}, {""Reg"": ""3441509"", ""Bib"": ""13"", ""Org"": ""MAS"", ""OrgDesc"": ""Malaysia"", ""Name"": ""ADAM Farhan"", ""Order"": 6, ""BirthDate"": ""1989-05-17""}, {""Reg"": ""3442237"", ""Bib"": ""8"", ""Org"": ""MAS"", ""OrgDesc"": ""Malaysia"", ""Name"": ""AMIR Amirul Zazwan"", ""Order"": 7, ""BirthDate"": ""1995-08-10""}, {""Reg"": ""5752720"", ""Bib"": ""5"", ""Org"": ""MAS"", ""OrgDesc"": ""Malaysia"", ""Name"": ""ALIAS Mohamad Azlan"", ""Order"": 8, ""BirthDate"": ""1995-04-18""}, {""Reg"": ""5757241"", ""Bib"": ""19"", ""Org"": ""MAS"", ""OrgDesc"": ""Malaysia"", ""Name"": ""SUMARI Zuleffendi"", ""Order"": 9, ""BirthDate"": ""1990-06-23""}, {""Reg"": ""8255766"", ""Bib"": ""14"", ""Org"": ""MAS"", ""OrgDesc"": ""Malaysia"", ""Name"": ""MOHD RAZALI Muhammad Afifuddin"", ""Order"": 10, ""BirthDate"": ""1992-09-26""}, {""Reg"": ""2496355"", ""Bib"": ""22"", ""Org"": ""MAS"", ""OrgDesc"": ""Malaysia"", ""Name"": ""HALIM Muhammad Shahalril Aiman"", ""Order"": 11, ""BirthDate"": ""2002-09-11""}, {""Reg"": ""8257071"", ""Bib"": ""17"", ""Org"": ""MAS"", ""OrgDesc"": ""Malaysia"", ""Name"": ""AZWAWI Aidil Aiman"", ""Order"": 12, ""BirthDate"": ""1997-10-17""}]",藤球,2026-09-25,official_medal_record
MAS|SPK|M.REGU--------------.FNL-|ME_SILVER|SPKMREGU-------MAS01,MAS,ME_SILVER,SPK,Sepaktakraw,M.REGU--------------.FNL-,Men's Regu Final,T,Malaysia,SPKMREGU-------MAS01,2026-09-29,M,"[{""Reg"": ""2263975"", ""Bib"": ""23"", ""Org"": ""MAS"", ""OrgDesc"": ""Malaysia"", ""Name"": ""MOHD ROSDI Mohammad Syahir"", ""Order"": 1, ""BirthDate"": ""1996-08-02""}, {""Reg"": ""2274384"", ""Bib"": ""10"", ""Org"": ""MAS"", ""OrgDesc"": ""Malaysia"", ""Name"": ""ABD RAZAK Muhammad Zulkifli"", ""Order"": 2, ""BirthDate"": ""1993-06-18""}, {""Reg"": ""5752720"", ""Bib"": ""5"", ""Org"": ""MAS"", ""OrgDesc"": ""Malaysia"", ""Name"": ""ALIAS Mohamad Azlan"", ""Order"": 3, ""BirthDate"": ""1995-04-18""}, {""Reg"": ""8255766"", ""Bib"": ""14"", ""Org"": ""MAS"", ""OrgDesc"": ""Malaysia"", ""Name"": ""MOHD RAZALI Muhammad Afifuddin"", ""Order"": 4, ""BirthDate"": ""1992-09-26""}, {""Reg"": ""8257071"", ""Bib"": ""17"", ""Org"": ""MAS"", ""OrgDesc"": ""Malaysia"", ""Name"": ""AZWAWI Aidil Aiman"", ""Order"": 5, ""BirthDate"": ""1997-10-17""}]",藤球,2026-09-29,official_medal_record
MAS|SQU|M.SINGLES-----------.----|ME_GOLD|5727403,MAS,ME_GOLD,SQU,Squash,M.SINGLES-----------.----,Men's Singles,A,NG Eain Yow,5727403,2026-09-27,M,[],壁球,2026-09-27,official_medal_record
MAS|SQU|M.TEAM--------------.----|ME_GOLD|SQUMTEAM-------MAS01,MAS,ME_GOLD,SQU,Squash,M.TEAM--------------.----,Men's Team,T,Malaysia,SQUMTEAM-------MAS01,2026-10-02,M,"[{""Reg"": ""5727403"", ""Bib"": """", ""Org"": ""MAS"", ""OrgDesc"": ""Malaysia"", ""Name"": ""NG Eain Yow"", ""Order"": 1, ""BirthDate"": ""1998-01-26""}, {""Reg"": ""2782808"", ""Bib"": """", ""Org"": ""MAS"", ""OrgDesc"": ""Malaysia"", ""Name"": ""JEEVA Sanjay"", ""Order"": 2, ""BirthDate"": ""1999-07-03""}, {""Reg"": ""1662116"", ""Bib"": """", ""Org"": ""MAS"", ""OrgDesc"": ""Malaysia"", ""Name"": ""CHANDARAN Ameeshenraj"", ""Order"": 3, ""BirthDate"": ""2004-01-31""}, {""Reg"": ""1799442"", ""Bib"": """", ""Org"": ""MAS"", ""OrgDesc"": ""Malaysia"", ""Name"": ""KAMAL Mohammad"", ""Order"": 4, ""BirthDate"": ""1996-08-01""}]",壁球,2026-10-02,official_medal_record
MAS|SQU|W.SINGLES-----------.----|ME_GOLD|5109276,MAS,ME_GOLD,SQU,Squash,W.SINGLES-----------.----,Women's Singles,A,SUBRAMANIAM Sivasangari,5109276,2026-09-27,W,[],壁球,2026-09-27,official_medal_record
MAS|SQU|W.TEAM--------------.----|ME_GOLD|SQUWTEAM-------MAS01,MAS,ME_GOLD,SQU,Squash,W.TEAM--------------.----,Women's Team,T,Malaysia,SQUWTEAM-------MAS01,2026-10-02,W,"[{""Reg"": ""5109276"", ""Bib"": """", ""Org"": ""MAS"", ""OrgDesc"": ""Malaysia"", ""Name"": ""SUBRAMANIAM Sivasangari"", ""Order"": 1, ""BirthDate"": ""1999-01-24""}, {""Reg"": ""1804490"", ""Bib"": """", ""Org"": ""MAS"", ""OrgDesc"": ""Malaysia"", ""Name"": ""AZMAN Aira"", ""Order"": 2, ""BirthDate"": ""2004-09-29""}, {""Reg"": ""2790352"", ""Bib"": """", ""Org"": ""MAS"", ""OrgDesc"": ""Malaysia"", ""Name"": ""AZMAN Aifa"", ""Order"": 3, ""BirthDate"": ""2001-12-18""}, {""Reg"": ""1670611"", ""Bib"": """", ""Org"": ""MAS"", ""OrgDesc"": ""Malaysia"", ""Name"": ""ARNOLD Rachel Mae"", ""Order"": 4, ""BirthDate"": ""1996-04-16""}]",壁球,2026-10-02,official_medal_record
MAS|SQU|X.DOUBLES-----------.----|ME_BRONZE|SQUXDOUBLES----MAS02,MAS,ME_BRONZE,SQU,Squash,X.DOUBLES-----------.----,Mixed Doubles,D,CHANDARAN A. / ARNOLD Rachel,SQUXDOUBLES----MAS02,2026-09-26,X,"[{""Reg"": ""1662116"", ""Bib"": """", ""Org"": ""MAS"", ""OrgDesc"": ""Malaysia"", ""Name"": ""CHANDARAN Ameeshenraj"", ""Order"": 1, ""BirthDate"": ""2004-01-31""}, {""Reg"": ""1670611"", ""Bib"": """", ""Org"": ""MAS"", ""OrgDesc"": ""Malaysia"", ""Name"": ""ARNOLD Rachel Mae"", ""Order"": 2, ""BirthDate"": ""1996-04-16""}]",壁球,2026-09-26,official_medal_record
MAS|WSU|M.DAOS--------------.FNL-|ME_BRONZE|4952141,MAS,ME_BRONZE,WSU,Wushu,M.DAOS--------------.FNL-,Men's Daoshu & Gunshu,A,TING Clement Su Wei,4952141,2026-09-23,M,[],武术,2026-09-23,official_medal_record
MAS|WSU|W.NANG--------------.FNL-|ME_BRONZE|2587121,MAS,ME_BRONZE,WSU,Wushu,W.NANG--------------.FNL-,Women's Nanquan & Nandao,A,TAN Cheong Min,2587121,2026-09-22,W,[],武术,2026-09-22,official_medal_record
MGL|BOX|M.55KG--------------.----|ME_BRONZE|5883848,MGL,ME_BRONZE,BOX,Boxing,M.55KG--------------.----,Men's 55kg,A,KHARKHUU Bilguunsaikhan,5883848,2026-09-30,M,[],拳击,2026-09-30,official_medal_record
MGL|CRD|M.TT----------------.----|ME_BRONZE|14760702,MGL,ME_BRONZE,CRD,Cycling Road,M.TT----------------.----,Men's Individual Time Trial,A,SAINBAYAR Jambaljamts,14760702,2026-09-20,M,[],公路自行车,2026-09-20,official_medal_record
MGL|ELS|O.MLB---------------.FNL-|ME_BRONZE|ELSOMLB--------MGL01,MGL,ME_BRONZE,ELS,Esports,O.MLB---------------.FNL-,Mobile Legends: Bang Bang Finals,T,Mongolia,ELSOMLB--------MGL01,2026-09-30,O,"[{""Reg"": ""11423881"", ""Bib"": """", ""Org"": ""MGL"", ""OrgDesc"": ""Mongolia"", ""Name"": ""OTGONBAYAR Lkhagvasuren"", ""Order"": 1, ""BirthDate"": ""2004-03-17""}, {""Reg"": ""12828571"", ""Bib"": """", ""Org"": ""MGL"", ""OrgDesc"": ""Mongolia"", ""Name"": ""TEGSHJARGAL Bagabandi"", ""Order"": 2, ""BirthDate"": ""2005-07-15""}, {""Reg"": ""15237585"", ""Bib"": """", ""Org"": ""MGL"", ""OrgDesc"": ""Mongolia"", ""Name"": ""ERDENESUREN Erdenebileg"", ""Order"": 3, ""BirthDate"": ""2010-05-12""}, {""Reg"": ""6076699"", ""Bib"": """", ""Org"": ""MGL"", ""OrgDesc"": ""Mongolia"", ""Name"": ""BAYARSAIKHAN Tengis"", ""Order"": 4, ""BirthDate"": ""2005-12-11""}, {""Reg"": ""923435"", ""Bib"": """", ""Org"": ""MGL"", ""OrgDesc"": ""Mongolia"", ""Name"": ""TUMURBAATAR Ermuunbaatar"", ""Order"": 5, ""BirthDate"": ""2003-02-26""}]",电子竞技,2026-09-30,official_medal_record
MGL|JJI|W.63KG--------------.FNL-|ME_BRONZE|13159138,MGL,ME_BRONZE,JJI,Jiu Jitsu,W.63KG--------------.FNL-,Women -63kg Final - Gold Medal,A,BAASANJARGAL Narankhishig,13159138,2026-10-03,W,[],柔术,2026-10-03,official_medal_record
MGL|JUD|M.66KG--------------.FNL-|ME_GOLD|9635113,MGL,ME_GOLD,JUD,Judo,M.66KG--------------.FNL-,Men -66 kg Final,A,KAZIRBYEK Yolk,9635113,2026-09-30,M,[],柔道,2026-09-30,official_medal_record
MGL|JUD|W.57KG--------------.FNL-|ME_SILVER|161996,MGL,ME_SILVER,JUD,Judo,W.57KG--------------.FNL-,Women -57 kg Final,A,TERBISH Ariunzaya,161996,2026-10-01,W,[],柔道,2026-10-01,official_medal_record
MGL|JUD|M.O100KG------------.FNL-|ME_BRONZE|9507375,MGL,ME_BRONZE,JUD,Judo,M.O100KG------------.FNL-,Men +100 kg Final,A,BATKHUYAG Gonchigsuren,9507375,2026-10-02,M,[],柔道,2026-10-02,official_medal_record
MGL|JUD|W.48KG--------------.FNL-|ME_BRONZE|144582,MGL,ME_BRONZE,JUD,Judo,W.48KG--------------.FNL-,Women -48 kg Final,A,GANBAATAR Narantsetseg,144582,2026-09-30,W,[],柔道,2026-09-30,official_medal_record
MGL|JUD|W.63KG--------------.FNL-|ME_BRONZE|234580,MGL,ME_BRONZE,JUD,Judo,W.63KG--------------.FNL-,Women -63 kg Final,A,LKHAGVATOGOO Enkhriilen,234580,2026-10-01,W,[],柔道,2026-10-01,official_medal_record
MGL|JUD|W.70KG--------------.FNL-|ME_BRONZE|164034,MGL,ME_BRONZE,JUD,Judo,W.70KG--------------.FNL-,Women -70 kg Final,A,URAN-ULZII Anujin,164034,2026-10-01,W,[],柔道,2026-10-01,official_medal_record
MGL|JUD|W.O78KG-------------.FNL-|ME_BRONZE|12998785,MGL,ME_BRONZE,JUD,Judo,W.O78KG-------------.FNL-,Women +78 kg Final,A,AMARSAIKHAN Adiyasuren,12998785,2026-10-02,W,[],柔道,2026-10-02,official_medal_record
MGL|WRE|M.FS86KG------------.FNL-|ME_BRONZE|14082875,MGL,ME_BRONZE,WRE,Wrestling,M.FS86KG------------.FNL-,Men's Freestyle 86kg Final,A,OLONBAYAR Suldkhuu,14082875,2026-10-02,M,[],摔跤,2026-10-02,official_medal_record
MGL|WRE|M.GR97KG------------.FNL-|ME_BRONZE|10251924,MGL,ME_BRONZE,WRE,Wrestling,M.GR97KG------------.FNL-,Men's Greco-Roman 97kg Final,A,GANBAATAR Gankhuyag,10251924,2026-10-01,M,[],摔跤,2026-10-01,official_medal_record
MGL|WRE|W.WR53KG------------.FNL-|ME_BRONZE|10352146,MGL,ME_BRONZE,WRE,Wrestling,W.WR53KG------------.FNL-,Women's Wrestling 53kg Final,A,BAYANMUNKH Otgontuya,10352146,2026-10-03,W,[],摔跤,2026-10-03,official_medal_record
MGL|WRE|W.WR62KG------------.FNL-|ME_BRONZE|10291808,MGL,ME_BRONZE,WRE,Wrestling,W.WR62KG------------.FNL-,Women's Wrestling 62kg Final,A,TOGTOKH Altjin,10291808,2026-10-01,W,[],摔跤,2026-10-01,official_medal_record
MYA|ELS|O.MLB---------------.FNL-|ME_GOLD|ELSOMLB--------MYA01,MYA,ME_GOLD,ELS,Esports,O.MLB---------------.FNL-,Mobile Legends: Bang Bang Finals,T,Myanmar,ELSOMLB--------MYA01,2026-10-01,O,"[{""Reg"": ""11694534"", ""Bib"": """", ""Org"": ""MYA"", ""OrgDesc"": ""Myanmar"", ""Name"": ""MYO MYINT KO KO Kyaw"", ""Order"": 1, ""BirthDate"": ""2009-06-18""}, {""Reg"": ""11698265"", ""Bib"": """", ""Org"": ""MYA"", ""OrgDesc"": ""Myanmar"", ""Name"": ""HEIN HTET Oo"", ""Order"": 2, ""BirthDate"": ""2008-03-14""}, {""Reg"": ""5918321"", ""Bib"": """", ""Org"": ""MYA"", ""OrgDesc"": ""Myanmar"", ""Name"": ""KYAW Thuya"", ""Order"": 3, ""BirthDate"": ""2003-06-06""}, {""Reg"": ""8176099"", ""Bib"": """", ""Org"": ""MYA"", ""OrgDesc"": ""Myanmar"", ""Name"": ""HAN HTOO Swe"", ""Order"": 4, ""BirthDate"": ""2008-01-11""}, {""Reg"": ""8184183"", ""Bib"": """", ""Org"": ""MYA"", ""OrgDesc"": ""Myanmar"", ""Name"": ""SHINE LIN Aung"", ""Order"": 5, ""BirthDate"": ""2005-05-01""}]",电子竞技,2026-10-01,official_medal_record
MYA|SPK|M.QUADRANT----------.FNL-|ME_BRONZE|SPKMQUADRANT---MYA01,MYA,ME_BRONZE,SPK,Sepaktakraw,M.QUADRANT----------.FNL-,Men's Quadrant Final,T,Myanmar,SPKMQUADRANT---MYA01,2026-10-02,M,"[{""Reg"": ""11259212"", ""Bib"": ""8"", ""Org"": ""MYA"", ""OrgDesc"": ""Myanmar"", ""Name"": ""YE Htet"", ""Order"": 1, ""BirthDate"": ""1997-06-05""}, {""Reg"": ""11279012"", ""Bib"": ""5"", ""Org"": ""MYA"", ""OrgDesc"": ""Myanmar"", ""Name"": ""ZAW MIN Khant"", ""Order"": 2, ""BirthDate"": ""2006-07-19""}, {""Reg"": ""14502355"", ""Bib"": ""10"", ""Org"": ""MYA"", ""OrgDesc"": ""Myanmar"", ""Name"": ""THET PAING Soe"", ""Order"": 3, ""BirthDate"": ""2000-05-19""}, {""Reg"": ""14511107"", ""Bib"": ""6"", ""Org"": ""MYA"", ""OrgDesc"": ""Myanmar"", ""Name"": ""AUNG MYO Kyaw"", ""Order"": 4, ""BirthDate"": ""2002-07-14""}, {""Reg"": ""1788927"", ""Bib"": ""3"", ""Org"": ""MYA"", ""OrgDesc"": ""Myanmar"", ""Name"": ""ZIN MIN Oo"", ""Order"": 5, ""BirthDate"": ""1992-01-19""}, {""Reg"": ""14802178"", ""Bib"": ""7"", ""Org"": ""MYA"", ""OrgDesc"": ""Myanmar"", ""Name"": ""SHEIN WUNNA Zaw"", ""Order"": 6, ""BirthDate"": ""2002-02-01""}]",藤球,2026-10-02,official_medal_record
MYA|TEQ|W.SINGLES-----------.----|ME_GOLD|15115333,MYA,ME_GOLD,TEQ,Teqball,W.SINGLES-----------.----,Women's Singles,A,KHIN HNIN Wai,15115333,2026-09-20,W,[],台克球,2026-09-20,official_medal_record
MYA|TEQ|W.DOUBLES-----------.----|ME_SILVER|TEQWDOUBLES----MYA01,MYA,ME_SILVER,TEQ,Teqball,W.DOUBLES-----------.----,Women's Doubles,D,HSU MON Aung / PHYU PHYU Than,TEQWDOUBLES----MYA01,2026-09-20,W,"[{""Reg"": ""15114431"", ""Bib"": """", ""Org"": ""MYA"", ""OrgDesc"": ""Myanmar"", ""Name"": ""HSU MON Aung"", ""Order"": 1, ""BirthDate"": ""1992-10-06""}, {""Reg"": ""5819297"", ""Bib"": """", ""Org"": ""MYA"", ""OrgDesc"": ""Myanmar"", ""Name"": ""PHYU PHYU Than"", ""Order"": 2, ""BirthDate"": ""1989-05-25""}]",台克球,2026-09-20,official_medal_record
MYA|TEQ|M.SINGLES-----------.----|ME_BRONZE|11294241,MYA,ME_BRONZE,TEQ,Teqball,M.SINGLES-----------.----,Men's Singles,A,SAW Friday,11294241,2026-09-20,M,[],台克球,2026-09-20,official_medal_record
NEP|KAB|W.TEAM7-------------.FNL-|ME_BRONZE|KABWTEAM7------NEP01,NEP,ME_BRONZE,KAB,Kabaddi,W.TEAM7-------------.FNL-,Women's Team Final,T,Nepal,KABWTEAM7------NEP01,2026-09-25,W,"[{""Reg"": ""10238591"", ""Bib"": """", ""Org"": ""NEP"", ""OrgDesc"": ""Nepal"", ""Name"": ""CHAUDHARY Rabina"", ""Order"": 1, ""BirthDate"": ""2000-12-04""}, {""Reg"": ""10541783"", ""Bib"": """", ""Org"": ""NEP"", ""OrgDesc"": ""Nepal"", ""Name"": ""THARU Srijana Kumari"", ""Order"": 2, ""BirthDate"": ""2000-06-24""}, {""Reg"": ""15151850"", ""Bib"": """", ""Org"": ""NEP"", ""OrgDesc"": ""Nepal"", ""Name"": ""GHIMIRE Ganga"", ""Order"": 3, ""BirthDate"": ""1998-01-25""}, {""Reg"": ""16142154"", ""Bib"": """", ""Org"": ""NEP"", ""OrgDesc"": ""Nepal"", ""Name"": ""BIST Manmati"", ""Order"": 4, ""BirthDate"": ""1990-08-09""}, {""Reg"": ""16150367"", ""Bib"": """", ""Org"": ""NEP"", ""OrgDesc"": ""Nepal"", ""Name"": ""BADU Jayanti"", ""Order"": 5, ""BirthDate"": ""2002-02-23""}, {""Reg"": ""16174669"", ""Bib"": """", ""Org"": ""NEP"", ""OrgDesc"": ""Nepal"", ""Name"": ""KHATRI Khim Maya"", ""Order"": 6, ""BirthDate"": ""2002-08-21""}, {""Reg"": ""3927640"", ""Bib"": """", ""Org"": ""NEP"", ""OrgDesc"": ""Nepal"", ""Name"": ""RAJBANSHI Menuka Kumari"", ""Order"": 7, ""BirthDate"": ""1994-07-06""}, {""Reg"": ""3949750"", ""Bib"": """", ""Org"": ""NEP"", ""OrgDesc"": ""Nepal"", ""Name"": ""NEPALI Mina"", ""Order"": 8, ""BirthDate"": ""2001-07-18""}, {""Reg"": ""3952288"", ""Bib"": """", ""Org"": ""NEP"", ""OrgDesc"": ""Nepal"", ""Name"": ""YADAV Asma"", ""Order"": 9, ""BirthDate"": ""2003-01-29""}, {""Reg"": ""8865827"", ""Bib"": """", ""Org"": ""NEP"", ""OrgDesc"": ""Nepal"", ""Name"": ""PARAJULI Nanu Maya"", ""Order"": 10, ""BirthDate"": ""2000-03-12""}, {""Reg"": ""8889655"", ""Bib"": """", ""Org"": ""NEP"", ""OrgDesc"": ""Nepal"", ""Name"": ""PANDIT CHHETRI Binita"", ""Order"": 11, ""BirthDate"": ""2002-06-24""}, {""Reg"": ""8972657"", ""Bib"": """", ""Org"": ""NEP"", ""OrgDesc"": ""Nepal"", ""Name"": ""JOSHI Manisha"", ""Order"": 12, ""BirthDate"": ""2007-08-16""}]",卡巴迪,2026-09-25,official_medal_record
NEP|KTE|M.O84KG-------------.FNL-|ME_BRONZE|3909885,NEP,ME_BRONZE,KTE,Karate,M.O84KG-------------.FNL-,Men's Kumite +84kg Final,A,SHERPA Tenzing,3909885,2026-09-23,M,[],空手道,2026-09-23,official_medal_record
OMA|ATH|M.100M--------------.----|ME_SILVER|15127494,OMA,ME_SILVER,ATH,Athletics,M.100M--------------.----,Men's 100m,A,AL BALUSHI Ali,15127494,2026-09-25,M,[],田径,2026-09-25,official_medal_record
OMA|ATH|M.100M--------------.----|ME_BRONZE|1276202,OMA,ME_BRONZE,ATH,Athletics,M.100M--------------.----,Men's 100m,A,AL BALUSHI Malham,1276202,2026-09-25,M,[],田径,2026-09-25,official_medal_record
PAK|CKT|M.TEAM--------------.----|ME_SILVER|CKTMTEAM-------PAK01,PAK,ME_SILVER,CKT,Cricket,M.TEAM--------------.----,Men,T,Pakistan,CKTMTEAM-------PAK01,2026-10-03,M,"[{""Reg"": ""3482837"", ""Bib"": ""46"", ""Org"": ""PAK"", ""OrgDesc"": ""Pakistan"", ""Name"": ""ALI Haider"", ""Order"": 9, ""BirthDate"": ""2000-10-02""}, {""Reg"": ""8214553"", ""Bib"": ""51"", ""Org"": ""PAK"", ""OrgDesc"": ""Pakistan"", ""Name"": ""ULLAH Sahibzada Farhan"", ""Order"": 9, ""BirthDate"": ""1996-03-06""}, {""Reg"": ""5773206"", ""Bib"": ""73"", ""Org"": ""PAK"", ""OrgDesc"": ""Pakistan"", ""Name"": ""LATIF Ahmad Daniyal"", ""Order"": 9, ""BirthDate"": ""1997-07-03""}, {""Reg"": ""11535388"", ""Bib"": ""17"", ""Org"": ""PAK"", ""OrgDesc"": ""Pakistan"", ""Name"": ""NAWAZ Muhammad Hassan"", ""Order"": 9, ""BirthDate"": ""2004-08-21""}, {""Reg"": ""2316401"", ""Bib"": ""88"", ""Org"": ""PAK"", ""OrgDesc"": ""Pakistan"", ""Name"": ""JAVED Akif"", ""Order"": 9, ""BirthDate"": ""2000-10-10""}, {""Reg"": ""2321341"", ""Bib"": ""45"", ""Org"": ""PAK"", ""OrgDesc"": ""Pakistan"", ""Name"": ""MASOOD Chaudhry Saad"", ""Order"": 9, ""BirthDate"": ""2004-12-10""}, {""Reg"": ""2346441"", ""Bib"": ""74"", ""Org"": ""PAK"", ""OrgDesc"": ""Pakistan"", ""Name"": ""WASEEM Muhammad"", ""Order"": 9, ""BirthDate"": ""2001-09-25""}, {""Reg"": ""2350959"", ""Bib"": ""43"", ""Org"": ""PAK"", ""OrgDesc"": ""Pakistan"", ""Name"": ""SAMAD Syed Muhammad Abdul"", ""Order"": 9, ""BirthDate"": ""1998-01-25""}, {""Reg"": ""2510336"", ""Bib"": ""40"", ""Org"": ""PAK"", ""OrgDesc"": ""Pakistan"", ""Name"": ""AHMED Abrar"", ""Order"": 9, ""BirthDate"": ""1998-09-11""}, {""Reg"": ""2521836"", ""Bib"": ""18"", ""Org"": ""PAK"", ""OrgDesc"": ""Pakistan"", ""Name"": ""RAZA Ali"", ""Order"": 9, ""BirthDate"": ""2008-03-18""}, {""Reg"": ""2339841"", ""Bib"": ""91"", ""Org"": ""PAK"", ""OrgDesc"": ""Pakistan"", ""Name"": ""SADAQAT Maaz Ahmad"", ""Order"": 9, ""BirthDate"": ""2005-05-15""}, {""Reg"": ""11535989"", ""Bib"": ""23"", ""Org"": ""PAK"", ""OrgDesc"": ""Pakistan"", ""Name"": ""MINHAS Arafat Ahmed"", ""Order"": 9, ""BirthDate"": ""2005-01-02""}, {""Reg"": ""5806269"", ""Bib"": ""63"", ""Org"": ""PAK"", ""OrgDesc"": ""Pakistan"", ""Name"": ""AYUB Saim"", ""Order"": 9, ""BirthDate"": ""2002-05-24""}, {""Reg"": ""3496035"", ""Bib"": ""13"", ""Org"": ""PAK"", ""OrgDesc"": ""Pakistan"", ""Name"": ""MOQIM Sufyan"", ""Order"": 9, ""BirthDate"": ""2002-05-15""}, {""Reg"": ""12905472"", ""Bib"": ""78"", ""Org"": ""PAK"", ""OrgDesc"": ""Pakistan"", ""Name"": ""KHAN Usman"", ""Order"": 9, ""BirthDate"": ""1995-05-10""}]",板球,2026-10-03,official_medal_record
PAK|CKT|W.TEAM--------------.----|ME_BRONZE|CKTWTEAM-------PAK01,PAK,ME_BRONZE,CKT,Cricket,W.TEAM--------------.----,Women,T,Pakistan,CKTWTEAM-------PAK01,2026-09-22,W,"[{""Reg"": ""5427093"", ""Bib"": ""37"", ""Org"": ""PAK"", ""OrgDesc"": ""Pakistan"", ""Name"": ""RIAZ Aliya"", ""Order"": 16, ""BirthDate"": ""1992-09-24""}, {""Reg"": ""11321140"", ""Bib"": ""39"", ""Org"": ""PAK"", ""OrgDesc"": ""Pakistan"", ""Name"": ""FATIMA Eyman"", ""Order"": 16, ""BirthDate"": ""2004-12-10""}, {""Reg"": ""11333397"", ""Bib"": ""63"", ""Org"": ""PAK"", ""OrgDesc"": ""Pakistan"", ""Name"": ""JABEEN Saira"", ""Order"": 16, ""BirthDate"": ""2001-06-15""}, {""Reg"": ""12869830"", ""Bib"": ""79"", ""Org"": ""PAK"", ""OrgDesc"": ""Pakistan"", ""Name"": ""ZAFAR Ayesha"", ""Order"": 16, ""BirthDate"": ""1994-09-09""}, {""Reg"": ""12886016"", ""Bib"": ""26"", ""Org"": ""PAK"", ""OrgDesc"": ""Pakistan"", ""Name"": ""ZULFIQAR Shawaal"", ""Order"": 16, ""BirthDate"": ""2005-06-27""}, {""Reg"": ""2841180"", ""Bib"": ""55"", ""Org"": ""PAK"", ""OrgDesc"": ""Pakistan"", ""Name"": ""NASEER Eman"", ""Order"": 16, ""BirthDate"": ""2007-03-21""}, {""Reg"": ""2858645"", ""Bib"": ""12"", ""Org"": ""PAK"", ""OrgDesc"": ""Pakistan"", ""Name"": ""HANI Umme"", ""Order"": 16, ""BirthDate"": ""1996-08-12""}, {""Reg"": ""11338632"", ""Bib"": ""72"", ""Org"": ""PAK"", ""OrgDesc"": ""Pakistan"", ""Name"": ""HASSAN Tuba"", ""Order"": 16, ""BirthDate"": ""2000-10-18""}, {""Reg"": ""5439793"", ""Bib"": ""6"", ""Org"": ""PAK"", ""OrgDesc"": ""Pakistan"", ""Name"": ""SUNDHU Nashra"", ""Order"": 16, ""BirthDate"": ""1997-11-19""}, {""Reg"": ""12879078"", ""Bib"": ""20"", ""Org"": ""PAK"", ""OrgDesc"": ""Pakistan"", ""Name"": ""RIASAT Momina"", ""Order"": 16, ""BirthDate"": ""2002-12-17""}, {""Reg"": ""5433627"", ""Bib"": ""56"", ""Org"": ""PAK"", ""OrgDesc"": ""Pakistan"", ""Name"": ""FEROZA Gull"", ""Order"": 16, ""BirthDate"": ""1998-12-28""}, {""Reg"": ""11322524"", ""Bib"": ""14"", ""Org"": ""PAK"", ""OrgDesc"": ""Pakistan"", ""Name"": ""KHAN Fatima Sana"", ""Order"": 16, ""BirthDate"": ""2001-11-08""}, {""Reg"": ""5435321"", ""Bib"": ""3"", ""Org"": ""PAK"", ""OrgDesc"": ""Pakistan"", ""Name"": ""BILAL Humna"", ""Order"": 16, ""BirthDate"": ""2002-10-10""}, {""Reg"": ""11336908"", ""Bib"": ""10"", ""Org"": ""PAK"", ""OrgDesc"": ""Pakistan"", ""Name"": ""RUBAB Tasmia"", ""Order"": 16, ""BirthDate"": ""2002-12-20""}]",板球,2026-09-22,official_medal_record
PAK|ELS|O.PUBGM-------------.FNL-|ME_BRONZE|ELSOPUBGM------PAK01,PAK,ME_BRONZE,ELS,Esports,O.PUBGM-------------.FNL-,PUBG MOBILE - Asian Games Version Finals,T,Pakistan,ELSOPUBGM------PAK01,2026-09-29,O,"[{""Reg"": ""13814778"", ""Bib"": """", ""Org"": ""PAK"", ""OrgDesc"": ""Pakistan"", ""Name"": ""HUZAIFA Muhammad"", ""Order"": 1, ""BirthDate"": ""2007-11-10""}, {""Reg"": ""13815601"", ""Bib"": """", ""Org"": ""PAK"", ""OrgDesc"": ""Pakistan"", ""Name"": ""ASAD Shayan"", ""Order"": 2, ""BirthDate"": ""2003-12-01""}, {""Reg"": ""4430302"", ""Bib"": """", ""Org"": ""PAK"", ""OrgDesc"": ""Pakistan"", ""Name"": ""MEMON Falak Sher"", ""Order"": 3, ""BirthDate"": ""2007-04-25""}, {""Reg"": ""4432096"", ""Bib"": """", ""Org"": ""PAK"", ""OrgDesc"": ""Pakistan"", ""Name"": ""RAHMAN Hasnain"", ""Order"": 4, ""BirthDate"": ""2007-01-21""}, {""Reg"": ""4439100"", ""Bib"": """", ""Org"": ""PAK"", ""OrgDesc"": ""Pakistan"", ""Name"": ""SAMEER Syed"", ""Order"": 5, ""BirthDate"": ""2005-02-12""}]",电子竞技,2026-09-29,official_medal_record
PAK|HOC|M.TEAM11------------.----|ME_BRONZE|HOCMTEAM11-----PAK01,PAK,ME_BRONZE,HOC,Hockey,M.TEAM11------------.----,Men,T,Pakistan,HOCMTEAM11-----PAK01,2026-10-03,M,"[{""Reg"": ""3674889"", ""Bib"": ""1"", ""Org"": ""PAK"", ""OrgDesc"": ""Pakistan"", ""Name"": ""WAQAR"", ""Order"": 1, ""BirthDate"": ""2000-12-20""}, {""Reg"": ""2830359"", ""Bib"": ""2"", ""Org"": ""PAK"", ""OrgDesc"": ""Pakistan"", ""Name"": ""ABDULLAH Muhammad"", ""Order"": 2, ""BirthDate"": ""2002-11-05""}, {""Reg"": ""3645930"", ""Bib"": ""5"", ""Org"": ""PAK"", ""OrgDesc"": ""Pakistan"", ""Name"": ""KHAN Sufyan"", ""Order"": 3, ""BirthDate"": ""2004-03-13""}, {""Reg"": ""15694252"", ""Bib"": ""7"", ""Org"": ""PAK"", ""OrgDesc"": ""Pakistan"", ""Name"": ""SHAKEEL Moin"", ""Order"": 4, ""BirthDate"": ""2000-06-08""}, {""Reg"": ""11300440"", ""Bib"": ""8"", ""Org"": ""PAK"", ""OrgDesc"": ""Pakistan"", ""Name"": ""RANA Waheed"", ""Order"": 5, ""BirthDate"": ""2000-02-04""}, {""Reg"": ""2156728"", ""Bib"": ""9"", ""Org"": ""PAK"", ""OrgDesc"": ""Pakistan"", ""Name"": ""SHAHID Hannan"", ""Order"": 6, ""BirthDate"": ""2005-09-07""}, {""Reg"": ""14238111"", ""Bib"": ""10"", ""Org"": ""PAK"", ""OrgDesc"": ""Pakistan"", ""Name"": ""HAYAT Zikriya"", ""Order"": 7, ""BirthDate"": ""2004-05-04""}, {""Reg"": ""7106873"", ""Bib"": ""11"", ""Org"": ""PAK"", ""OrgDesc"": ""Pakistan"", ""Name"": ""LIAQAT Arshad"", ""Order"": 8, ""BirthDate"": ""2002-03-27""}, {""Reg"": ""5838788"", ""Bib"": ""13"", ""Org"": ""PAK"", ""OrgDesc"": ""Pakistan"", ""Name"": ""LATIF Adeel"", ""Order"": 9, ""BirthDate"": ""2000-08-07""}, {""Reg"": ""1308813"", ""Bib"": ""14"", ""Org"": ""PAK"", ""OrgDesc"": ""Pakistan"", ""Name"": ""NADEEM Ahmad"", ""Order"": 10, ""BirthDate"": ""1998-03-08""}, {""Reg"": ""4230122"", ""Bib"": ""15"", ""Org"": ""PAK"", ""OrgDesc"": ""Pakistan"", ""Name"": ""ALI Ghazanfar"", ""Order"": 11, ""BirthDate"": ""2002-02-27""}, {""Reg"": ""11330201"", ""Bib"": ""16"", ""Org"": ""PAK"", ""OrgDesc"": ""Pakistan"", ""Name"": ""BUTT Ammad"", ""Order"": 12, ""BirthDate"": ""1996-01-13""}, {""Reg"": ""6705283"", ""Bib"": ""17"", ""Org"": ""PAK"", ""OrgDesc"": ""Pakistan"", ""Name"": ""HAMMAD Muhammad"", ""Order"": 13, ""BirthDate"": ""2000-12-12""}, {""Reg"": ""3429663"", ""Bib"": ""18"", ""Org"": ""PAK"", ""OrgDesc"": ""Pakistan"", ""Name"": ""ABDUL Rehman"", ""Order"": 14, ""BirthDate"": ""1999-02-07""}, {""Reg"": ""15169756"", ""Bib"": ""21"", ""Org"": ""PAK"", ""OrgDesc"": ""Pakistan"", ""Name"": ""AFRAZ"", ""Order"": 15, ""BirthDate"": ""1999-04-10""}, {""Reg"": ""8345004"", ""Bib"": ""24"", ""Org"": ""PAK"", ""OrgDesc"": ""Pakistan"", ""Name"": ""MUSTAFA Umar"", ""Order"": 16, ""BirthDate"": ""2002-08-09""}, {""Reg"": ""12652362"", ""Bib"": ""27"", ""Org"": ""PAK"", ""OrgDesc"": ""Pakistan"", ""Name"": ""MAHMOOD Abu"", ""Order"": 17, ""BirthDate"": ""1998-02-10""}, {""Reg"": ""5905051"", ""Bib"": ""31"", ""Org"": ""PAK"", ""OrgDesc"": ""Pakistan"", ""Name"": ""RAZA Ali"", ""Order"": 18, ""BirthDate"": ""2004-04-04""}, {""Reg"": ""10210181"", ""Bib"": ""32"", ""Org"": ""PAK"", ""OrgDesc"": ""Pakistan"", ""Name"": ""MANAN Abdul"", ""Order"": 19, ""BirthDate"": ""2002-12-04""}, {""Reg"": ""5257138"", ""Bib"": ""35"", ""Org"": ""PAK"", ""OrgDesc"": ""Pakistan"", ""Name"": ""AMMAD Muhammad"", ""Order"": 20, ""BirthDate"": ""2006-11-14""}]",曲棍球,2026-10-03,official_medal_record
PAK|MMA|M.M60KG-------------.FNL-|ME_BRONZE|7833771,PAK,ME_BRONZE,MMA,Mixed Martial Arts,M.M60KG-------------.FNL-,Men's Modern -60kg Final,A,KHAN Asim,7833771,2026-09-21,M,[],综合格斗,2026-09-21,official_medal_record
PAK|SHO|M.RFPM--------------.----|ME_BRONZE|12174071,PAK,ME_BRONZE,SHO,Shooting,M.RFPM--------------.----,25m Rapid Fire Pistol Men Individual,A,BASHIR Ghulam Mustafa,12174071,2026-10-01,M,[],射击,2026-10-01,official_medal_record
PAK|SQU|M.TEAM--------------.----|ME_SILVER|SQUMTEAM-------PAK01,PAK,ME_SILVER,SQU,Squash,M.TEAM--------------.----,Men's Team,T,Pakistan,SQUMTEAM-------PAK01,2026-10-02,M,"[{""Reg"": ""9040674"", ""Bib"": """", ""Org"": ""PAK"", ""OrgDesc"": ""Pakistan"", ""Name"": ""ZAMAN Noor"", ""Order"": 1, ""BirthDate"": ""2004-04-01""}, {""Reg"": ""9022231"", ""Bib"": """", ""Org"": ""PAK"", ""OrgDesc"": ""Pakistan"", ""Name"": ""IRFAN Muhammad"", ""Order"": 2, ""BirthDate"": ""2004-06-12""}, {""Reg"": ""16293063"", ""Bib"": """", ""Org"": ""PAK"", ""OrgDesc"": ""Pakistan"", ""Name"": ""KHAN Asim"", ""Order"": 3, ""BirthDate"": ""1996-10-29""}, {""Reg"": ""15266951"", ""Bib"": """", ""Org"": ""PAK"", ""OrgDesc"": ""Pakistan"", ""Name"": ""IQBAL Nasir"", ""Order"": 4, ""BirthDate"": ""1994-04-01""}]",壁球,2026-10-02,official_medal_record
PAK|SQU|M.SINGLES-----------.----|ME_BRONZE|9040674,PAK,ME_BRONZE,SQU,Squash,M.SINGLES-----------.----,Men's Singles,A,ZAMAN Noor,9040674,2026-09-27,M,[],壁球,2026-09-27,official_medal_record
PAK|SQU|M.SINGLES-----------.----|ME_BRONZE|9022231,PAK,ME_BRONZE,SQU,Squash,M.SINGLES-----------.----,Men's Singles,A,IRFAN Muhammad,9022231,2026-09-27,M,[],壁球,2026-09-27,official_medal_record
PAK|VVO|M.TEAM6-------------.FNL-|ME_BRONZE|VVOMTEAM6------PAK01,PAK,ME_BRONZE,VVO,Volleyball,M.TEAM6-------------.FNL-,Men's Finals,T,Pakistan,VVOMTEAM6------PAK01,2026-10-03,M,"[{""Reg"": ""13558309"", ""Bib"": ""4"", ""Org"": ""PAK"", ""OrgDesc"": ""Pakistan"", ""Name"": ""SIDDIQUE Abu Bakar"", ""Order"": 1, ""BirthDate"": ""2007-03-02""}, {""Reg"": ""13560279"", ""Bib"": ""16"", ""Org"": ""PAK"", ""OrgDesc"": ""Pakistan"", ""Name"": ""KHAN Afaq"", ""Order"": 2, ""BirthDate"": ""2000-03-26""}, {""Reg"": ""13571127"", ""Bib"": ""6"", ""Org"": ""PAK"", ""OrgDesc"": ""Pakistan"", ""Name"": ""YAHYA Muhammad"", ""Order"": 3, ""BirthDate"": ""2008-01-01""}, {""Reg"": ""13572920"", ""Bib"": ""11"", ""Org"": ""PAK"", ""OrgDesc"": ""Pakistan"", ""Name"": ""KHAN Murad"", ""Order"": 4, ""BirthDate"": ""2000-03-02""}, {""Reg"": ""14057890"", ""Bib"": ""10"", ""Org"": ""PAK"", ""OrgDesc"": ""Pakistan"", ""Name"": ""RAZA Fahad"", ""Order"": 5, ""BirthDate"": ""1997-03-07""}, {""Reg"": ""3282637"", ""Bib"": ""17"", ""Org"": ""PAK"", ""OrgDesc"": ""Pakistan"", ""Name"": ""YAZMAN Hamid"", ""Order"": 6, ""BirthDate"": ""1998-03-20""}, {""Reg"": ""3283684"", ""Bib"": ""3"", ""Org"": ""PAK"", ""OrgDesc"": ""Pakistan"", ""Name"": ""JABRAN"", ""Order"": 7, ""BirthDate"": ""2007-03-31""}, {""Reg"": ""3287054"", ""Bib"": ""1"", ""Org"": ""PAK"", ""OrgDesc"": ""Pakistan"", ""Name"": ""HAMAD Muhammad"", ""Order"": 8, ""BirthDate"": ""1998-02-18""}, {""Reg"": ""3290636"", ""Bib"": ""15"", ""Org"": ""PAK"", ""OrgDesc"": ""Pakistan"", ""Name"": ""JEHAN Murad"", ""Order"": 9, ""BirthDate"": ""1994-04-22""}, {""Reg"": ""3291709"", ""Bib"": ""18"", ""Org"": ""PAK"", ""OrgDesc"": ""Pakistan"", ""Name"": ""KHAN Musawer"", ""Order"": 10, ""BirthDate"": ""2005-01-15""}, {""Reg"": ""3389283"", ""Bib"": ""12"", ""Org"": ""PAK"", ""OrgDesc"": ""Pakistan"", ""Name"": ""HAYAT Khizar"", ""Order"": 11, ""BirthDate"": ""2008-02-22""}, {""Reg"": ""3402855"", ""Bib"": ""7"", ""Org"": ""PAK"", ""OrgDesc"": ""Pakistan"", ""Name"": ""ALI Usman Faryad"", ""Order"": 12, ""BirthDate"": ""1999-05-22""}]",排球,2026-10-03,official_medal_record
PHI|ARC|W.CINDIVID----------.FNL-|ME_SILVER|6086901,PHI,ME_SILVER,ARC,Archery,W.CINDIVID----------.FNL-,Compound Women's Individual Finals,A,COJUANGCO Amaya Amparo,6086901,2026-10-01,W,[],射箭,2026-10-01,official_medal_record
PHI|ATH|M.PLEVAULT----------.----|ME_GOLD|405190,PHI,ME_GOLD,ATH,Athletics,M.PLEVAULT----------.----,Men's Pole Vault,A,OBIENA Ernest John,405190,2026-09-29,M,[],田径,2026-09-29,official_medal_record
PHI|ATH|M.110MHURD----------.----|ME_BRONZE|5718857,PHI,ME_BRONZE,ATH,Athletics,M.110MHURD----------.----,Men's 110m Hurdles,A,TOLENTINO John,5718857,2026-09-27,M,[],田径,2026-09-27,official_medal_record
PHI|ATH|W.800M--------------.----|ME_BRONZE|966828,PHI,ME_BRONZE,ATH,Athletics,W.800M--------------.----,Women's 800m,A,BOSSONG Victoria,966828,2026-09-29,W,[],田径,2026-09-29,official_medal_record
PHI|BK3|W.TEAM3-------------.----|ME_SILVER|BK3WTEAM3------PHI01,PHI,ME_SILVER,BK3,3x3 Basketball,W.TEAM3-------------.----,Women,T,Philippines,BK3WTEAM3------PHI01,2026-09-25,W,"[{""Reg"": ""2033772"", ""Bib"": ""5"", ""Org"": ""PHI"", ""OrgDesc"": ""Philippines"", ""Name"": ""KA Kennan"", ""Order"": 1, ""BirthDate"": ""2004-07-17""}, {""Reg"": ""3998088"", ""Bib"": ""7"", ""Org"": ""PHI"", ""OrgDesc"": ""Philippines"", ""Name"": ""ESPANOL Amyah"", ""Order"": 2, ""BirthDate"": ""2005-05-21""}, {""Reg"": ""5971200"", ""Bib"": ""18"", ""Org"": ""PHI"", ""OrgDesc"": ""Philippines"", ""Name"": ""PASILANG Maria"", ""Order"": 3, ""BirthDate"": ""2005-07-18""}, {""Reg"": ""7423939"", ""Bib"": ""28"", ""Org"": ""PHI"", ""OrgDesc"": ""Philippines"", ""Name"": ""DELA ROSA Quinn"", ""Order"": 4, ""BirthDate"": ""2004-03-01""}]",三人篮球,2026-09-25,official_medal_record
PHI|BOX|M.55KG--------------.----|ME_SILVER|11530899,PHI,ME_SILVER,BOX,Boxing,M.55KG--------------.----,Men's 55kg,A,PAALAM Carlo,11530899,2026-10-02,M,[],拳击,2026-10-02,official_medal_record
PHI|ELS|O.HOK---------------.FNL-|ME_BRONZE|ELSOHOK--------PHI01,PHI,ME_BRONZE,ELS,Esports,O.HOK---------------.FNL-,Honor of Kings Finals,T,Philippines,ELSOHOK--------PHI01,2026-09-28,O,"[{""Reg"": ""13668823"", ""Bib"": """", ""Org"": ""PHI"", ""OrgDesc"": ""Philippines"", ""Name"": ""DAJAO Golden Hart"", ""Order"": 1, ""BirthDate"": ""2000-03-20""}, {""Reg"": ""14071522"", ""Bib"": """", ""Org"": ""PHI"", ""OrgDesc"": ""Philippines"", ""Name"": ""TAN Justine Ritchie"", ""Order"": 2, ""BirthDate"": ""2002-11-22""}, {""Reg"": ""14076316"", ""Bib"": """", ""Org"": ""PHI"", ""OrgDesc"": ""Philippines"", ""Name"": ""ESGUERRA Charles Roman"", ""Order"": 3, ""BirthDate"": ""2003-02-21""}, {""Reg"": ""15295769"", ""Bib"": """", ""Org"": ""PHI"", ""OrgDesc"": ""Philippines"", ""Name"": ""DAJAO Dragon Hart"", ""Order"": 4, ""BirthDate"": ""2000-03-20""}, {""Reg"": ""5185839"", ""Bib"": """", ""Org"": ""PHI"", ""OrgDesc"": ""Philippines"", ""Name"": ""TUNGOL Jhon Mike"", ""Order"": 5, ""BirthDate"": ""2002-02-14""}, {""Reg"": ""5355666"", ""Bib"": """", ""Org"": ""PHI"", ""OrgDesc"": ""Philippines"", ""Name"": ""NAZARREA Chammy Paul"", ""Order"": 6, ""BirthDate"": ""2006-03-31""}]",电子竞技,2026-09-28,official_medal_record
PHI|ELS|O.PKU---------------.FNL-|ME_BRONZE|ELSOPKU--------PHI01,PHI,ME_BRONZE,ELS,Esports,O.PKU---------------.FNL-,Pokemon UNITE Finals,T,Philippines,ELSOPKU--------PHI01,2026-09-27,O,"[{""Reg"": ""14059854"", ""Bib"": """", ""Org"": ""PHI"", ""OrgDesc"": ""Philippines"", ""Name"": ""DAVID Lance"", ""Order"": 1, ""BirthDate"": ""2004-04-10""}, {""Reg"": ""15263737"", ""Bib"": """", ""Org"": ""PHI"", ""OrgDesc"": ""Philippines"", ""Name"": ""LEONCIO Ducke Harnold"", ""Order"": 2, ""BirthDate"": ""2000-10-12""}, {""Reg"": ""16253302"", ""Bib"": """", ""Org"": ""PHI"", ""OrgDesc"": ""Philippines"", ""Name"": ""GATMAITAN Lawrence Anthony"", ""Order"": 3, ""BirthDate"": ""1996-09-30""}, {""Reg"": ""4162226"", ""Bib"": """", ""Org"": ""PHI"", ""OrgDesc"": ""Philippines"", ""Name"": ""SALAZAR Kim Rey"", ""Order"": 4, ""BirthDate"": ""2000-09-30""}, {""Reg"": ""5330645"", ""Bib"": """", ""Org"": ""PHI"", ""OrgDesc"": ""Philippines"", ""Name"": ""MEMPIN Robert Jon"", ""Order"": 5, ""BirthDate"": ""2001-03-29""}, {""Reg"": ""5344179"", ""Bib"": """", ""Org"": ""PHI"", ""OrgDesc"": ""Philippines"", ""Name"": ""OCIO Michael Vaughn"", ""Order"": 6, ""BirthDate"": ""2003-01-09""}]",电子竞技,2026-09-27,official_medal_record
PHI|GAR|M.1APFX-------------.----|ME_GOLD|7569313,PHI,ME_GOLD,GAR,Artistic Gymnastics,M.1APFX-------------.----,Men's Floor Exercise,A,YULO Carlos Edriel,7569313,2026-09-24,M,[],竞技体操,2026-09-24,official_medal_record
PHI|GAR|M.1APVT-------------.----|ME_GOLD|7569313,PHI,ME_GOLD,GAR,Artistic Gymnastics,M.1APVT-------------.----,Men's Vault,A,YULO Carlos Edriel,7569313,2026-09-25,M,[],竞技体操,2026-09-25,official_medal_record
PHI|GAR|M.1APHB-------------.----|ME_BRONZE|14843225,PHI,ME_BRONZE,GAR,Artistic Gymnastics,M.1APHB-------------.----,Men's Horizontal Bar,A,YULO Karl Jahrel Eldrew,14843225,2026-09-25,M,[],竞技体操,2026-09-25,official_medal_record
PHI|JJI|W.63KG--------------.FNL-|ME_SILVER|9150644,PHI,ME_SILVER,JJI,Jiu Jitsu,W.63KG--------------.FNL-,Women -63kg Final - Gold Medal,A,ENRIQUEZ Alexandria Luz,9150644,2026-10-03,W,[],柔术,2026-10-03,official_medal_record
PHI|JJI|W.52KG--------------.FNL-|ME_BRONZE|13192243,PHI,ME_BRONZE,JJI,Jiu Jitsu,W.52KG--------------.FNL-,Women -52kg Final - Gold Medal,A,NAPOLIS Jenna Kaila,13192243,2026-10-02,W,[],柔术,2026-10-02,official_medal_record
PHI|KTE|W.50KG--------------.FNL-|ME_BRONZE|3402029,PHI,ME_BRONZE,KTE,Karate,W.50KG--------------.FNL-,Women's Kumite -50kg Final,A,ADRIANO Marie June,3402029,2026-09-23,W,[],空手道,2026-09-23,official_medal_record
PHI|KTE|W.TEAM--------------.FNL-|ME_BRONZE|KTEWTEAM-------PHI01,PHI,ME_BRONZE,KTE,Karate,W.TEAM--------------.FNL-,Women's Team Kata Final,T,Philippines,KTEWTEAM-------PHI01,2026-09-22,W,"[{""Reg"": ""11062691"", ""Bib"": """", ""Org"": ""PHI"", ""OrgDesc"": ""Philippines"", ""Name"": ""VEGUILLAS Samantha Emmanuelle"", ""Order"": 1, ""BirthDate"": ""2003-09-26""}, {""Reg"": ""2691173"", ""Bib"": """", ""Org"": ""PHI"", ""OrgDesc"": ""Philippines"", ""Name"": ""ARROGANTE Ysabielle"", ""Order"": 2, ""BirthDate"": ""2004-10-05""}, {""Reg"": ""4405651"", ""Bib"": """", ""Org"": ""PHI"", ""OrgDesc"": ""Philippines"", ""Name"": ""TORRES Rebecca Cyril"", ""Order"": 3, ""BirthDate"": ""1993-04-23""}]",空手道,2026-09-22,official_medal_record
PHI|MMA|M.T65KG-------------.FNL-|ME_SILVER|8468938,PHI,ME_SILVER,MMA,Mixed Martial Arts,M.T65KG-------------.FNL-,Men's Traditional  -65kg Final,A,SACLAG Jean Claude,8468938,2026-09-22,M,[],综合格斗,2026-09-22,official_medal_record
PHI|MMA|M.T77KG-------------.FNL-|ME_BRONZE|8438437,PHI,ME_BRONZE,MMA,Mixed Martial Arts,M.T77KG-------------.FNL-,Men's Traditional  -77kg Final,A,ALVAREZ Carlos,8438437,2026-09-21,M,[],综合格斗,2026-09-21,official_medal_record
PHI|SPK|W.DOUBLE------------.FNL-|ME_SILVER|SPKWDOUBLE-----PHI01,PHI,ME_SILVER,SPK,Sepaktakraw,W.DOUBLE------------.FNL-,Women's Double Final,T,Philippines,SPKWDOUBLE-----PHI01,2026-09-29,W,"[{""Reg"": ""8049835"", ""Bib"": ""11"", ""Org"": ""PHI"", ""OrgDesc"": ""Philippines"", ""Name"": ""SALON Nelly Jay"", ""Order"": 1, ""BirthDate"": ""2007-10-02""}, {""Reg"": ""8346164"", ""Bib"": ""5"", ""Org"": ""PHI"", ""OrgDesc"": ""Philippines"", ""Name"": ""SUCALIT Jean Marie"", ""Order"": 2, ""BirthDate"": ""2000-10-05""}, {""Reg"": ""9421545"", ""Bib"": ""7"", ""Org"": ""PHI"", ""OrgDesc"": ""Philippines"", ""Name"": ""SINOGBUHAN Abegail"", ""Order"": 3, ""BirthDate"": ""2000-02-06""}]",藤球,2026-09-29,official_medal_record
PHI|SPK|M.REGU--------------.FNL-|ME_BRONZE|SPKMREGU-------PHI01,PHI,ME_BRONZE,SPK,Sepaktakraw,M.REGU--------------.FNL-,Men's Regu Final,T,Philippines,SPKMREGU-------PHI01,2026-09-28,M,"[{""Reg"": ""10308004"", ""Bib"": ""1"", ""Org"": ""PHI"", ""OrgDesc"": ""Philippines"", ""Name"": ""HUERTE Jason"", ""Order"": 1, ""BirthDate"": ""1993-01-16""}, {""Reg"": ""13966050"", ""Bib"": ""7"", ""Org"": ""PHI"", ""OrgDesc"": ""Philippines"", ""Name"": ""RAFAEL Jom Lerry"", ""Order"": 2, ""BirthDate"": ""2004-10-07""}, {""Reg"": ""5728544"", ""Bib"": ""10"", ""Org"": ""PHI"", ""OrgDesc"": ""Philippines"", ""Name"": ""ASILUM Reynaldo Jr."", ""Order"": 3, ""BirthDate"": ""2004-04-11""}, {""Reg"": ""8024486"", ""Bib"": ""4"", ""Org"": ""PHI"", ""OrgDesc"": ""Philippines"", ""Name"": ""PHORI Glindel"", ""Order"": 4, ""BirthDate"": ""2001-08-10""}, {""Reg"": ""9349086"", ""Bib"": ""17"", ""Org"": ""PHI"", ""OrgDesc"": ""Philippines"", ""Name"": ""GABAYERON Ronsited"", ""Order"": 5, ""BirthDate"": ""1992-08-03""}]",藤球,2026-09-28,official_medal_record
PHI|SRF|M.SHORTBRD----------.FNL-|ME_BRONZE|10874029,PHI,ME_BRONZE,SRF,Surfing,M.SHORTBRD----------.FNL-,Men's Shortboard Finals,A,ALCISO Jayuard,10874029,2026-09-28,M,[],冲浪,2026-09-28,official_medal_record
PHI|TEN|W.SINGLES-----------.----|ME_BRONZE|9000172,PHI,ME_BRONZE,TEN,Tennis,W.SINGLES-----------.----,Women's Singles,A,EALA Alexandra,9000172,2026-10-01,W,[],网球,2026-10-01,official_medal_record
PHI|TKW|O.VIRTUAL-----------.FNL-|ME_GOLD|13474376,PHI,ME_GOLD,TKW,Taekwondo,O.VIRTUAL-----------.FNL-,Mixed Individual Virtual Taekwondo Gold Medal Contest,A,YAPE Jeus Gabriel Derick,13474376,2026-10-02,M,[],跆拳道,2026-10-02,official_medal_record
PHI|TKW|M.58KG--------------.FNL-|ME_SILVER|10120627,PHI,ME_SILVER,TKW,Taekwondo,M.58KG--------------.FNL-,Men -58kg Gold Medal Contest,A,BARBOSA Kurt Bryan,10120627,2026-10-02,M,[],跆拳道,2026-10-02,official_medal_record
PHI|TKW|W.49KG--------------.FNL-|ME_SILVER|12597407,PHI,ME_SILVER,TKW,Taekwondo,W.49KG--------------.FNL-,Women -49kg Gold Medal Contest,A,MANGIN Tachiana Keizha,12597407,2026-10-02,W,[],跆拳道,2026-10-02,official_medal_record
PHI|TKW|W.INDPOOM-----------.FNL-|ME_SILVER|6525921,PHI,ME_SILVER,TKW,Taekwondo,W.INDPOOM-----------.FNL-,Women Individual Poomsae Gold Medal Contest,A,CANDELARIA Juliana Mykhail,6525921,2026-10-01,W,[],跆拳道,2026-10-01,official_medal_record
PHI|TKW|M.INDPOOM-----------.FNL-|ME_BRONZE|13474376,PHI,ME_BRONZE,TKW,Taekwondo,M.INDPOOM-----------.FNL-,Men Individual Poomsae Gold Medal Contest,A,YAPE Jeus Gabriel Derick,13474376,2026-10-01,M,[],跆拳道,2026-10-01,official_medal_record
PHI|TST|W.TEAM--------------.----|ME_BRONZE|TSTWTEAM-------PHI01,PHI,ME_BRONZE,TST,Soft Tennis,W.TEAM--------------.----,Women's Team,T,Philippines,TSTWTEAM-------PHI01,2026-09-20,W,"[{""Reg"": ""12281764"", ""Bib"": """", ""Org"": ""PHI"", ""OrgDesc"": ""Philippines"", ""Name"": ""CATINDIG Princess"", ""Order"": 1, ""BirthDate"": ""1998-11-08""}, {""Reg"": ""13834736"", ""Bib"": """", ""Org"": ""PHI"", ""OrgDesc"": ""Philippines"", ""Name"": ""MANALAC Noelle"", ""Order"": 2, ""BirthDate"": ""1989-03-22""}, {""Reg"": ""14705871"", ""Bib"": """", ""Org"": ""PHI"", ""OrgDesc"": ""Philippines"", ""Name"": ""SANOSA Christy"", ""Order"": 3, ""BirthDate"": ""2001-05-13""}, {""Reg"": ""14713822"", ""Bib"": """", ""Org"": ""PHI"", ""OrgDesc"": ""Philippines"", ""Name"": ""SALAZAR Shyryn"", ""Order"": 4, ""BirthDate"": ""2002-06-16""}, {""Reg"": ""5248086"", ""Bib"": """", ""Org"": ""PHI"", ""OrgDesc"": ""Philippines"", ""Name"": ""PAAS Hilary"", ""Order"": 5, ""BirthDate"": ""2005-09-18""}]",软式网球,2026-09-20,official_medal_record
PHI|VBV|W.TEAM2-------------.FNL-|ME_BRONZE|VBVWTEAM2------PHI02,PHI,ME_BRONZE,VBV,Beach Volleyball,W.TEAM2-------------.FNL-,Women's Finals,D,PROGELLA / PAGARA,VBVWTEAM2------PHI02,2026-10-02,W,"[{""Reg"": ""11786554"", ""Bib"": ""1"", ""Org"": ""PHI"", ""OrgDesc"": ""Philippines"", ""Name"": ""PROGELLA Khylem Harl"", ""Order"": 1, ""BirthDate"": ""2006-01-29""}, {""Reg"": ""7581230"", ""Bib"": ""2"", ""Org"": ""PHI"", ""OrgDesc"": ""Philippines"", ""Name"": ""PAGARA Sofiah Shanine"", ""Order"": 2, ""BirthDate"": ""2004-11-26""}]",沙滩排球,2026-10-02,official_medal_record
PHI|WLF|M.70KG--------------.FNL-|ME_BRONZE|3168710,PHI,ME_BRONZE,WLF,Weightlifting,M.70KG--------------.FNL-,Men's 70kg All Groups,A,DELOS SANTOS Albert Ian,3168710,2026-09-26,M,[],举重,2026-09-26,official_medal_record
QAT|ATH|M.400MHURD----------.----|ME_GOLD|12563681,QAT,ME_GOLD,ATH,Athletics,M.400MHURD----------.----,Men's 400m Hurdles,A,HEMEIDA Bassem,12563681,2026-09-28,M,[],田径,2026-09-28,official_medal_record
QAT|ATH|M.4X400M------------.----|ME_SILVER|ATHM4X400M-----QAT01,QAT,ME_SILVER,ATH,Athletics,M.4X400M------------.----,Men's 4 x 400m Relay,T,Qatar,ATHM4X400M-----QAT01,2026-09-29,M,"[{""Reg"": ""12563681"", ""Bib"": ""627"", ""Org"": ""QAT"", ""OrgDesc"": ""Qatar"", ""Name"": ""HEMEIDA Bassem"", ""Order"": 0, ""BirthDate"": ""2000-03-28""}, {""Reg"": ""8546664"", ""Bib"": ""607"", ""Org"": ""QAT"", ""OrgDesc"": ""Qatar"", ""Name"": ""ABAKAR Ismail"", ""Order"": 1, ""BirthDate"": ""2004-01-01""}, {""Reg"": ""8546027"", ""Bib"": ""633"", ""Org"": ""QAT"", ""OrgDesc"": ""Qatar"", ""Name"": ""OSMAN Ashraf"", ""Order"": 2, ""BirthDate"": ""2001-12-02""}, {""Reg"": ""12021664"", ""Bib"": ""620"", ""Org"": ""QAT"", ""OrgDesc"": ""Qatar"", ""Name"": ""DJIBRINE Youssouf"", ""Order"": 3, ""BirthDate"": ""2007-06-20""}, {""Reg"": ""10913200"", ""Bib"": ""629"", ""Org"": ""QAT"", ""OrgDesc"": ""Qatar"", ""Name"": ""IBRAHIM Ammar"", ""Order"": 4, ""BirthDate"": ""1996-09-18""}]",田径,2026-09-29,official_medal_record
QAT|ATH|M.3000MST-----------.----|ME_BRONZE|11383201,QAT,ME_BRONZE,ATH,Athletics,M.3000MST-----------.----,Men's 3000m Steeplechase,A,ELAHLAAMI Zakaria,11383201,2026-09-28,M,[],田径,2026-09-28,official_medal_record
QAT|ATH|M.800M--------------.----|ME_BRONZE|8549163,QAT,ME_BRONZE,ATH,Athletics,M.800M--------------.----,Men's 800m,A,ABDALLA Abubaker,8549163,2026-09-29,M,[],田径,2026-09-29,official_medal_record
QAT|BK3|M.TEAM3-------------.----|ME_SILVER|BK3MTEAM3------QAT01,QAT,ME_SILVER,BK3,3x3 Basketball,M.TEAM3-------------.----,Men,T,Qatar,BK3MTEAM3------QAT01,2026-09-25,M,"[{""Reg"": ""5442677"", ""Bib"": ""0"", ""Org"": ""QAT"", ""OrgDesc"": ""Qatar"", ""Name"": ""MAHMOUD Nazar"", ""Order"": 1, ""BirthDate"": ""2005-07-16""}, {""Reg"": ""9052665"", ""Bib"": ""10"", ""Org"": ""QAT"", ""OrgDesc"": ""Qatar"", ""Name"": ""MOUSA Hamad"", ""Order"": 2, ""BirthDate"": ""2006-03-28""}, {""Reg"": ""5425120"", ""Bib"": ""14"", ""Org"": ""QAT"", ""OrgDesc"": ""Qatar"", ""Name"": ""ABBASHER Mohammed"", ""Order"": 3, ""BirthDate"": ""2004-07-06""}, {""Reg"": ""11991950"", ""Bib"": ""15"", ""Org"": ""QAT"", ""OrgDesc"": ""Qatar"", ""Name"": ""JAMA Mubarak"", ""Order"": 4, ""BirthDate"": ""2003-11-01""}]",三人篮球,2026-09-25,official_medal_record
QAT|EQU|O.JUMPINDVCOMA------.----|ME_GOLD|9229288,QAT,ME_GOLD,EQU,Equestrian,O.JUMPINDVCOMA------.----,"Jumping,Individual Competition A(heights of 1.40-1.50m)",A,ALAJAMI Faleh,9229288,2026-10-04,M,[],马术,2026-10-04,official_medal_record
QAT|EQU|O.JUMPINDVCOMB------.----|ME_BRONZE|9620031,QAT,ME_BRONZE,EQU,Equestrian,O.JUMPINDVCOMB------.----,"Jumping,Individual Competition B(heights of up to 1.55m)",A,MOHAMMED Basem,9620031,2026-10-04,M,[],马术,2026-10-04,official_medal_record
QAT|HBL|M.TEAM7-------------.----|ME_SILVER|HBLMTEAM7------QAT01,QAT,ME_SILVER,HBL,Handball,M.TEAM7-------------.----,Men,T,Qatar,HBLMTEAM7------QAT01,2026-09-29,M,"[{""Reg"": ""16624351"", ""Bib"": ""7"", ""Org"": ""QAT"", ""OrgDesc"": ""Qatar"", ""Name"": ""MADADI Ahmad"", ""Order"": 1, ""BirthDate"": ""1994-08-31""}, {""Reg"": ""4574161"", ""Bib"": ""41"", ""Org"": ""QAT"", ""OrgDesc"": ""Qatar"", ""Name"": ""ALI Youssef"", ""Order"": 2, ""BirthDate"": ""1987-05-25""}, {""Reg"": ""4573055"", ""Bib"": ""12"", ""Org"": ""QAT"", ""OrgDesc"": ""Qatar"", ""Name"": ""DHIB Saifdinne"", ""Order"": 3, ""BirthDate"": ""2004-01-01""}, {""Reg"": ""7963924"", ""Bib"": ""69"", ""Org"": ""QAT"", ""OrgDesc"": ""Qatar"", ""Name"": ""SOUSSOU Malek"", ""Order"": 4, ""BirthDate"": ""2004-12-28""}, {""Reg"": ""13955699"", ""Bib"": ""22"", ""Org"": ""QAT"", ""OrgDesc"": ""Qatar"", ""Name"": ""ABDALLA Abdelrahman"", ""Order"": 5, ""BirthDate"": ""1994-01-01""}, {""Reg"": ""7951163"", ""Bib"": ""9"", ""Org"": ""QAT"", ""OrgDesc"": ""Qatar"", ""Name"": ""CAPOTE Rafael"", ""Order"": 6, ""BirthDate"": ""1987-10-05""}, {""Reg"": ""13956482"", ""Bib"": ""10"", ""Org"": ""QAT"", ""OrgDesc"": ""Qatar"", ""Name"": ""MARZO Frankis"", ""Order"": 7, ""BirthDate"": ""1987-09-07""}, {""Reg"": ""7954394"", ""Bib"": ""11"", ""Org"": ""QAT"", ""OrgDesc"": ""Qatar"", ""Name"": ""MURAD Abdulrazzaq"", ""Order"": 8, ""BirthDate"": ""1990-06-29""}, {""Reg"": ""7954936"", ""Bib"": ""13"", ""Org"": ""QAT"", ""OrgDesc"": ""Qatar"", ""Name"": ""MEMISEVIC Eldar"", ""Order"": 9, ""BirthDate"": ""1992-06-21""}, {""Reg"": ""4566605"", ""Bib"": ""15"", ""Org"": ""QAT"", ""OrgDesc"": ""Qatar"", ""Name"": ""MEGDICH Nasreddine"", ""Order"": 10, ""BirthDate"": ""1991-08-29""}, {""Reg"": ""4571353"", ""Bib"": ""19"", ""Org"": ""QAT"", ""OrgDesc"": ""Qatar"", ""Name"": ""ZEMZEMI Firas"", ""Order"": 11, ""BirthDate"": ""2004-08-05""}, {""Reg"": ""16629148"", ""Bib"": ""33"", ""Org"": ""QAT"", ""OrgDesc"": ""Qatar"", ""Name"": ""ABDELRHEM Ahmed"", ""Order"": 12, ""BirthDate"": ""1996-09-30""}, {""Reg"": ""13955250"", ""Bib"": ""44"", ""Org"": ""QAT"", ""OrgDesc"": ""Qatar"", ""Name"": ""GUEHIS Amine"", ""Order"": 13, ""BirthDate"": ""1996-03-23""}, {""Reg"": ""13961526"", ""Bib"": ""77"", ""Org"": ""QAT"", ""OrgDesc"": ""Qatar"", ""Name"": ""HAMAM Mohamedali"", ""Order"": 14, ""BirthDate"": ""2000-11-26""}, {""Reg"": ""13951265"", ""Bib"": ""94"", ""Org"": ""QAT"", ""OrgDesc"": ""Qatar"", ""Name"": ""ZAKKAR Ameen"", ""Order"": 15, ""BirthDate"": ""1994-06-15""}, {""Reg"": ""13965879"", ""Bib"": ""98"", ""Org"": ""QAT"", ""OrgDesc"": ""Qatar"", ""Name"": ""EBAID Ebrahim"", ""Order"": 16, ""BirthDate"": ""1996-04-14""}]",手球,2026-09-29,official_medal_record
QAT|KTE|M.60KG--------------.FNL-|ME_SILVER|14839122,QAT,ME_SILVER,KTE,Karate,M.60KG--------------.FNL-,Men's Kumite -60kg Final,A,ABDELHAMID Abdelrahman,14839122,2026-09-20,M,[],空手道,2026-09-20,official_medal_record
QAT|KTE|M.84KG--------------.FNL-|ME_BRONZE|3794543,QAT,ME_BRONZE,KTE,Karate,M.84KG--------------.FNL-,Men's Kumite -84kg Final,A,BABIKR Abdulla,3794543,2026-09-22,M,[],空手道,2026-09-22,official_medal_record
QAT|PDL|M.PAIRS-------------.----|ME_GOLD|PDLMPAIRS------QAT01,QAT,ME_GOLD,PDL,Padel,M.PAIRS-------------.----,Men's Pairs,D,NAIF Mashari / NAIF Rashed,PDLMPAIRS------QAT01,2026-10-03,M,"[{""Reg"": ""1439914"", ""Bib"": """", ""Org"": ""QAT"", ""OrgDesc"": ""Qatar"", ""Name"": ""NAIF Mashari"", ""Order"": 1, ""BirthDate"": ""2007-07-23""}, {""Reg"": ""5541142"", ""Bib"": """", ""Org"": ""QAT"", ""OrgDesc"": ""Qatar"", ""Name"": ""NAIF Rashed"", ""Order"": 2, ""BirthDate"": ""2005-06-01""}]",板式网球,2026-10-03,official_medal_record
QAT|SHO|M.SKM---------------.----|ME_GOLD|7275146,QAT,ME_GOLD,SHO,Shooting,M.SKM---------------.----,Skeet Men Individual,A,AL-ATHBA Rashid Saleh M A,7275146,2026-09-23,M,[],射击,2026-09-23,official_medal_record
QAT|SHO|M.SKTM--------------.----|ME_GOLD|SHOMSKTM-------QAT01,QAT,ME_GOLD,SHO,Shooting,M.SKTM--------------.----,Skeet Men Team,T,Qatar,SHOMSKTM-------QAT01,2026-09-23,M,"[{""Reg"": ""4514681"", ""Bib"": ""1317"", ""Org"": ""QAT"", ""OrgDesc"": ""Qatar"", ""Name"": ""AL-ATTIYA Nasser Saleh N A"", ""Order"": 1, ""BirthDate"": ""1970-12-21""}, {""Reg"": ""7275146"", ""Bib"": ""1329"", ""Org"": ""QAT"", ""OrgDesc"": ""Qatar"", ""Name"": ""AL-ATHBA Rashid Saleh M A"", ""Order"": 2, ""BirthDate"": ""1987-10-18""}, {""Reg"": ""7275574"", ""Bib"": ""1330"", ""Org"": ""QAT"", ""OrgDesc"": ""Qatar"", ""Name"": ""AL-ISHAQ Ali Ahmed A O"", ""Order"": 3, ""BirthDate"": ""1993-10-28""}]",射击,2026-09-23,official_medal_record
QAT|SHO|M.TRTM--------------.----|ME_SILVER|SHOMTRTM-------QAT01,QAT,ME_SILVER,SHO,Shooting,M.TRTM--------------.----,Trap Men Team,T,Qatar,SHOMTRTM-------QAT01,2026-09-29,M,"[{""Reg"": ""12921890"", ""Bib"": ""1311"", ""Org"": ""QAT"", ""OrgDesc"": ""Qatar"", ""Name"": ""ABUSHARIB Saeed Hamad R A"", ""Order"": 1, ""BirthDate"": ""1983-08-31""}, {""Reg"": ""4585340"", ""Bib"": ""1319"", ""Org"": ""QAT"", ""OrgDesc"": ""Qatar"", ""Name"": ""AL-RUMAIHI Mohammed"", ""Order"": 2, ""BirthDate"": ""1989-03-03""}, {""Reg"": ""7346654"", ""Bib"": ""1332"", ""Org"": ""QAT"", ""OrgDesc"": ""Qatar"", ""Name"": ""SCALZONE Angelo"", ""Order"": 3, ""BirthDate"": ""1996-03-15""}]",射击,2026-09-29,official_medal_record
QAT|SHO|X.TRMT--------------.----|ME_SILVER|SHOXTRMT-------QAT01,QAT,ME_SILVER,SHO,Shooting,X.TRMT--------------.----,Trap Mixed Team,T,Qatar,SHOXTRMT-------QAT01,2026-09-30,X,"[{""Reg"": ""4585340"", ""Bib"": ""1319"", ""Org"": ""QAT"", ""OrgDesc"": ""Qatar"", ""Name"": ""AL-RUMAIHI Mohammed"", ""Order"": 1, ""BirthDate"": ""1989-03-03""}, {""Reg"": ""4778062"", ""Bib"": ""1323"", ""Org"": ""QAT"", ""OrgDesc"": ""Qatar"", ""Name"": ""BASSIL Ray"", ""Order"": 2, ""BirthDate"": ""1988-10-20""}]",射击,2026-09-30,official_medal_record
QAT|VBV|M.TEAM2-------------.FNL-|ME_GOLD|VBVMTEAM2------QAT01,QAT,ME_GOLD,VBV,Beach Volleyball,M.TEAM2-------------.FNL-,Men's Finals,D,SAMBA / JANKO,VBVMTEAM2------QAT01,2026-10-03,M,"[{""Reg"": ""6072629"", ""Bib"": ""1"", ""Org"": ""QAT"", ""OrgDesc"": ""Qatar"", ""Name"": ""SAMBA Cherif"", ""Order"": 1, ""BirthDate"": ""1995-05-22""}, {""Reg"": ""6081358"", ""Bib"": ""2"", ""Org"": ""QAT"", ""OrgDesc"": ""Qatar"", ""Name"": ""JANKO Ahmed"", ""Order"": 2, ""BirthDate"": ""1995-04-28""}]",沙滩排球,2026-10-03,official_medal_record
QAT|WLF|W.O86KG-------------.FNL-|ME_BRONZE|10017042,QAT,ME_BRONZE,WLF,Weightlifting,W.O86KG-------------.FNL-,Women's +86kg All Groups,A,IKHLEF Ouisal,10017042,2026-09-29,W,[],举重,2026-09-29,official_medal_record
QAT|WRE|M.GR77KG------------.FNL-|ME_BRONZE|5593903,QAT,ME_BRONZE,WRE,Wrestling,M.GR77KG------------.FNL-,Men's Greco-Roman 77kg Final,A,BADAGHIMOFRAD Shahin,5593903,2026-10-01,M,[],摔跤,2026-10-01,official_medal_record
KSA|ATH|M.HAMMER------------.----|ME_BRONZE|6251710,KSA,ME_BRONZE,ATH,Athletics,M.HAMMER------------.----,Men's Hammer Throw,A,ALDUBAISI Mohammed,6251710,2026-09-25,M,[],田径,2026-09-25,official_medal_record
KSA|ATH|M.SHOTPUT-----------.----|ME_BRONZE|6251051,KSA,ME_BRONZE,ATH,Athletics,M.SHOTPUT-----------.----,Men's Shot Put,A,TOLU Mohammed,6251051,2026-09-26,M,[],田径,2026-09-26,official_medal_record
KSA|ELS|O.GT7---------------.FNL-|ME_SILVER|6160950,KSA,ME_SILVER,ELS,Esports,O.GT7---------------.FNL-,Gran Turismo 7 Finals,A,ALFALEH Naif Abdulhakim S,6160950,2026-09-23,M,[],电子竞技,2026-09-23,official_medal_record
KSA|ELS|O.FTG---------------.FNL-|ME_BRONZE|ELSOFTG--------KSA01,KSA,ME_BRONZE,ELS,Esports,O.FTG---------------.FNL-,"Fighting Games [Street Fighter 6, TEKKEN™ 8, THE KING OF FIGHTERS XV] Finals",T,Saudi Arabia,ELSOFTG--------KSA01,2026-09-25,O,"[{""Reg"": ""11266752"", ""Bib"": """", ""Org"": ""KSA"", ""OrgDesc"": ""Saudi Arabia"", ""Name"": ""ALZAAQI Shaman Abdullah H"", ""Order"": 1, ""BirthDate"": ""2006-01-25""}, {""Reg"": ""12753859"", ""Bib"": """", ""Org"": ""KSA"", ""OrgDesc"": ""Saudi Arabia"", ""Name"": ""ALOMAIR Badr Abdulaziz A"", ""Order"": 2, ""BirthDate"": ""1986-11-18""}, {""Reg"": ""6144775"", ""Bib"": """", ""Org"": ""KSA"", ""OrgDesc"": ""Saudi Arabia"", ""Name"": ""ALHUJILI Osama Mohammed S"", ""Order"": 3, ""BirthDate"": ""2002-07-09""}]",电子竞技,2026-09-25,official_medal_record
KSA|ELS|O.LOL---------------.FNL-|ME_BRONZE|ELSOLOL--------KSA01,KSA,ME_BRONZE,ELS,Esports,O.LOL---------------.FNL-,League of Legends Finals,T,Saudi Arabia,ELSOLOL--------KSA01,2026-10-01,O,"[{""Reg"": ""11491242"", ""Bib"": """", ""Org"": ""KSA"", ""OrgDesc"": ""Saudi Arabia"", ""Name"": ""ALZAHRANI Khalid Nasser A"", ""Order"": 1, ""BirthDate"": ""2001-12-28""}, {""Reg"": ""12325931"", ""Bib"": """", ""Org"": ""KSA"", ""OrgDesc"": ""Saudi Arabia"", ""Name"": ""WAZZAN Ajwad Rayed A"", ""Order"": 2, ""BirthDate"": ""1999-11-29""}, {""Reg"": ""12326205"", ""Bib"": """", ""Org"": ""KSA"", ""OrgDesc"": ""Saudi Arabia"", ""Name"": ""ALJUAID Nawaf Suwaylih A"", ""Order"": 3, ""BirthDate"": ""2002-03-20""}, {""Reg"": ""12326441"", ""Bib"": """", ""Org"": ""KSA"", ""OrgDesc"": ""Saudi Arabia"", ""Name"": ""ALKHOWAITER Nawaf Abdulaziz M"", ""Order"": 4, ""BirthDate"": ""2001-01-14""}, {""Reg"": ""12739276"", ""Bib"": """", ""Org"": ""KSA"", ""OrgDesc"": ""Saudi Arabia"", ""Name"": ""WAGGASS Sahal Abdulmalik S"", ""Order"": 5, ""BirthDate"": ""1997-10-12""}, {""Reg"": ""13327924"", ""Bib"": """", ""Org"": ""KSA"", ""OrgDesc"": ""Saudi Arabia"", ""Name"": ""ALMUBARAK Abdolaziz Nasser M"", ""Order"": 6, ""BirthDate"": ""2002-08-05""}]",电子竞技,2026-10-01,official_medal_record
KSA|EQU|O.JUMPINDVCOMB------.----|ME_GOLD|13212709,KSA,ME_GOLD,EQU,Equestrian,O.JUMPINDVCOMB------.----,"Jumping,Individual Competition B(heights of up to 1.55m)",A,ALDUHAMI Ramzy Hamad A,13212709,2026-10-04,M,[],马术,2026-10-04,official_medal_record
KSA|EQU|O.JUMPTEAM----------.----|ME_GOLD|EQUOJUMPTEAM---KSA01,KSA,ME_GOLD,EQU,Equestrian,O.JUMPTEAM----------.----,Jumping Team,T,Saudi Arabia,EQUOJUMPTEAM---KSA01,2026-10-01,O,"[{""Reg"": ""6743403"", ""Bib"": """", ""Org"": ""KSA"", ""OrgDesc"": ""Saudi Arabia"", ""Name"": ""ALRAJHI Abdulrahman Bader M"", ""Order"": 1, ""BirthDate"": ""1995-04-10""}, {""Reg"": ""12800797"", ""Bib"": """", ""Org"": ""KSA"", ""OrgDesc"": ""Saudi Arabia"", ""Name"": ""ALAJMI Saad Abdullah S"", ""Order"": 2, ""BirthDate"": ""1999-09-08""}, {""Reg"": ""12799745"", ""Bib"": """", ""Org"": ""KSA"", ""OrgDesc"": ""Saudi Arabia"", ""Name"": ""ALMOBTY Khaled Abdulrahman S"", ""Order"": 3, ""BirthDate"": ""1998-10-19""}, {""Reg"": ""13212709"", ""Bib"": """", ""Org"": ""KSA"", ""OrgDesc"": ""Saudi Arabia"", ""Name"": ""ALDUHAMI Ramzy Hamad A"", ""Order"": 4, ""BirthDate"": ""1972-01-05""}]",马术,2026-10-01,official_medal_record
KSA|EQU|O.JUMPINDVCOMB------.----|ME_SILVER|6743403,KSA,ME_SILVER,EQU,Equestrian,O.JUMPINDVCOMB------.----,"Jumping,Individual Competition B(heights of up to 1.55m)",A,ALRAJHI Abdulrahman Bader M,6743403,2026-10-04,M,[],马术,2026-10-04,official_medal_record
KSA|EQU|O.JUMPINDVCOMA------.----|ME_BRONZE|12799745,KSA,ME_BRONZE,EQU,Equestrian,O.JUMPINDVCOMA------.----,"Jumping,Individual Competition A(heights of 1.40-1.50m)",A,ALMOBTY Khaled Abdulrahman S,12799745,2026-10-04,M,[],马术,2026-10-04,official_medal_record
KSA|JJI|M.85KG--------------.FNL-|ME_GOLD|13270512,KSA,ME_GOLD,JJI,Jiu Jitsu,M.85KG--------------.FNL-,Men -85kg Final - Gold Medal,A,NADA Abdullah Tariq N,13270512,2026-10-03,M,[],柔术,2026-10-03,official_medal_record
KSA|JJI|M.94KG--------------.FNL-|ME_GOLD|12860095,KSA,ME_GOLD,JJI,Jiu Jitsu,M.94KG--------------.FNL-,Men -94kg Final - Gold Medal,A,NADA Omar Tariq N,12860095,2026-10-02,M,[],柔术,2026-10-02,official_medal_record
KSA|JJI|M.62KG--------------.FNL-|ME_BRONZE|6805261,KSA,ME_BRONZE,JJI,Jiu Jitsu,M.62KG--------------.FNL-,Men -62kg Final - Gold Medal,A,AL MURDHI Abdulmalik Mohammed A,6805261,2026-10-01,M,[],柔术,2026-10-01,official_medal_record
KSA|JJI|M.62KG--------------.FNL-|ME_BRONZE|7035510,KSA,ME_BRONZE,JJI,Jiu Jitsu,M.62KG--------------.FNL-,Men -62kg Final - Gold Medal,A,HABAB Khaled Ali S,7035510,2026-10-01,M,[],柔术,2026-10-01,official_medal_record
KSA|JJI|M.69KG--------------.FNL-|ME_BRONZE|12027349,KSA,ME_BRONZE,JJI,Jiu Jitsu,M.69KG--------------.FNL-,Men -69kg Final - Gold Medal,A,BIN HURAYMIL Mohammed Ibrahim M,12027349,2026-10-01,M,[],柔术,2026-10-01,official_medal_record
KSA|KTE|M.O84KG-------------.FNL-|ME_SILVER|13386542,KSA,ME_SILVER,KTE,Karate,M.O84KG-------------.FNL-,Men's Kumite +84kg Final,A,SUFYANI Sanad Hassan Y,13386542,2026-09-23,M,[],空手道,2026-09-23,official_medal_record
KSA|KTE|M.60KG--------------.FNL-|ME_BRONZE|13389188,KSA,ME_BRONZE,KTE,Karate,M.60KG--------------.FNL-,Men's Kumite -60kg Final,A,ALBASHER Saud Abdulaziz B,13389188,2026-09-20,M,[],空手道,2026-09-20,official_medal_record
KSA|KTE|W.O68KG-------------.FNL-|ME_BRONZE|656249,KSA,ME_BRONZE,KTE,Karate,W.O68KG-------------.FNL-,Women's Kumite +68kg Final,A,MOSTAFA Dina Ahmed S,656249,2026-09-20,W,[],空手道,2026-09-20,official_medal_record
SGP|ATH|W.200M--------------.----|ME_GOLD|12329723,SGP,ME_GOLD,ATH,Athletics,W.200M--------------.----,Women's 200m,A,PEREIRA Shanti,12329723,2026-09-27,W,[],田径,2026-09-27,official_medal_record
SGP|ATH|W.100M--------------.----|ME_SILVER|12329723,SGP,ME_SILVER,ATH,Athletics,W.100M--------------.----,Women's 100m,A,PEREIRA Shanti,12329723,2026-09-25,W,[],田径,2026-09-25,official_medal_record
SGP|BDM|M.SINGLES-----------.----|ME_SILVER|12501664,SGP,ME_SILVER,BDM,Badminton,M.SINGLES-----------.----,Men's Singles,A,LOH Kean Yew,12501664,2026-09-29,M,[],羽毛球,2026-09-29,official_medal_record
SGP|FEN|W.EPEE--------------.----|ME_SILVER|3627308,SGP,ME_SILVER,FEN,Fencing,W.EPEE--------------.----,Women's Épée Individual,A,KIRIA Tikanah Abdul Rahman,3627308,2026-09-22,W,[],击剑,2026-09-22,official_medal_record
SGP|FEN|W.FOIL--------------.----|ME_BRONZE|3631775,SGP,ME_BRONZE,FEN,Fencing,W.FOIL--------------.----,Women's Foil Individual,A,WONG Maxine Jie Xin,3631775,2026-09-23,W,[],击剑,2026-09-23,official_medal_record
SGP|FEN|W.TEAMEPEE----------.----|ME_BRONZE|FENWTEAMEPEE---SGP01,SGP,ME_BRONZE,FEN,Fencing,W.TEAMEPEE----------.----,Women's Épée Team,T,Singapore,FENWTEAMEPEE---SGP01,2026-09-25,W,"[{""Reg"": ""3626683"", ""Bib"": """", ""Org"": ""SGP"", ""OrgDesc"": ""Singapore"", ""Name"": ""KOH Elle Meihui"", ""Order"": 1, ""BirthDate"": ""2007-09-06""}, {""Reg"": ""3626916"", ""Bib"": """", ""Org"": ""SGP"", ""OrgDesc"": ""Singapore"", ""Name"": ""TAN Esther"", ""Order"": 2, ""BirthDate"": ""2006-07-26""}, {""Reg"": ""3627036"", ""Bib"": """", ""Org"": ""SGP"", ""OrgDesc"": ""Singapore"", ""Name"": ""FILZAH HIDAYAH Binte Nor Anuar"", ""Order"": 3, ""BirthDate"": ""2004-02-15""}, {""Reg"": ""3627308"", ""Bib"": """", ""Org"": ""SGP"", ""OrgDesc"": ""Singapore"", ""Name"": ""KIRIA Tikanah Abdul Rahman"", ""Order"": 4, ""BirthDate"": ""2000-06-25""}]",击剑,2026-09-25,official_medal_record
SGP|GLF|W.STROKE------------.FNL-|ME_BRONZE|13935931,SGP,ME_BRONZE,GLF,Golf,W.STROKE------------.FNL-,Women's Individual Stroke Play,A,TAN Shannon Xuan Yin,13935931,2026-10-03,W,[],高尔夫球,2026-10-03,official_medal_record
SGP|MMA|W.T60KG-------------.FNL-|ME_GOLD|7578804,SGP,ME_GOLD,MMA,Mixed Martial Arts,W.T60KG-------------.FNL-,Women's Traditional -60kg Final,A,TEO Hui Hoon,7578804,2026-09-22,W,[],综合格斗,2026-09-22,official_medal_record
SGP|SAL|M.29ER--------------.----|ME_SILVER|SALM29ER-------SGP01,SGP,ME_SILVER,SAL,Sailing,M.29ER--------------.----,Boys' Skiff,T,Singapore,SALM29ER-------SGP01,2026-10-03,M,"[{""Reg"": ""12498784"", ""Bib"": """", ""Org"": ""SGP"", ""OrgDesc"": ""Singapore"", ""Name"": ""KUM Kok Wei Sean"", ""Order"": 1, ""BirthDate"": ""2010-12-12""}, {""Reg"": ""7893499"", ""Bib"": """", ""Org"": ""SGP"", ""OrgDesc"": ""Singapore"", ""Name"": ""TAN Nigel Xu Yuan"", ""Order"": 2, ""BirthDate"": ""2010-03-23""}]",帆船帆板,2026-10-03,official_medal_record
SGP|SAL|M.ILCA4-------------.----|ME_SILVER|7849507,SGP,ME_SILVER,SAL,Sailing,M.ILCA4-------------.----,Boys' Dinghy,A,GOH Ian,7849507,2026-10-03,M,[],帆船帆板,2026-10-03,official_medal_record
SGP|SAL|W.ILCA6-------------.----|ME_SILVER|13848696,SGP,ME_SILVER,SAL,Sailing,W.ILCA6-------------.----,Women's Dinghy,A,ANG Jania,13848696,2026-10-03,W,[],帆船帆板,2026-10-03,official_medal_record
SGP|SAL|M.IQFOIL-Y----------.----|ME_BRONZE|4467877,SGP,ME_BRONZE,SAL,Sailing,M.IQFOIL-Y----------.----,Boys' Windsurfing,A,WONG John Tze Xiang,4467877,2026-10-03,M,[],帆船帆板,2026-10-03,official_medal_record
SGP|SWM|W.1500MFR-----------.----|ME_SILVER|12282728,SGP,ME_SILVER,SWM,Swimming,W.1500MFR-----------.----,Women's 1500m Freestyle,A,GAN Ching Hwee,12282728,2026-09-20,W,[],游泳,2026-09-20,official_medal_record
SGP|SWM|W.400MFR------------.----|ME_SILVER|12282728,SGP,ME_SILVER,SWM,Swimming,W.400MFR------------.----,Women's 400m Freestyle,A,GAN Ching Hwee,12282728,2026-09-22,W,[],游泳,2026-09-22,official_medal_record
SGP|SWM|W.800MFR------------.----|ME_SILVER|12282728,SGP,ME_SILVER,SWM,Swimming,W.800MFR------------.----,Women's 800m Freestyle,A,GAN Ching Hwee,12282728,2026-09-25,W,[],游泳,2026-09-25,official_medal_record
SGP|TKW|M.INDPOOM-----------.FNL-|ME_BRONZE|15948461,SGP,ME_BRONZE,TKW,Taekwondo,M.INDPOOM-----------.FNL-,Men Individual Poomsae Gold Medal Contest,A,YAP Zong Han Darren,15948461,2026-10-01,M,[],跆拳道,2026-10-01,official_medal_record
SGP|TKW|O.VIRTUAL-----------.FNL-|ME_BRONZE|15948461,SGP,ME_BRONZE,TKW,Taekwondo,O.VIRTUAL-----------.FNL-,Mixed Individual Virtual Taekwondo Gold Medal Contest,A,YAP Zong Han Darren,15948461,2026-10-02,M,[],跆拳道,2026-10-02,official_medal_record
SGP|WSU|W.TAIJ--------------.FNL-|ME_BRONZE|10710460,SGP,ME_BRONZE,WSU,Wushu,W.TAIJ--------------.FNL-,Women's Taijiquan & Taijijian,A,LAW Zeanne Zhi Ning,10710460,2026-09-20,W,[],武术,2026-09-20,official_medal_record
SRI|ATH|M.JAVELIN-----------.----|ME_GOLD|8035189,SRI,ME_GOLD,ATH,Athletics,M.JAVELIN-----------.----,Men's Javelin Throw,A,PATHIRAGE Rumesh,8035189,2026-09-28,M,[],田径,2026-09-28,official_medal_record
SRI|CKT|W.TEAM--------------.----|ME_SILVER|CKTWTEAM-------SRI01,SRI,ME_SILVER,CKT,Cricket,W.TEAM--------------.----,Women,T,Sri Lanka,CKTWTEAM-------SRI01,2026-09-22,W,"[{""Reg"": ""15582149"", ""Bib"": ""7"", ""Org"": ""SRI"", ""OrgDesc"": ""Sri Lanka"", ""Name"": ""KARUNARATNE Hansima"", ""Order"": 17, ""BirthDate"": ""1993-10-04""}, {""Reg"": ""15581941"", ""Bib"": ""9"", ""Org"": ""SRI"", ""OrgDesc"": ""Sri Lanka"", ""Name"": ""WITHARANA Imesha Dulani"", ""Order"": 17, ""BirthDate"": ""2002-01-20""}, {""Reg"": ""15582491"", ""Bib"": ""88"", ""Org"": ""SRI"", ""OrgDesc"": ""Sri Lanka"", ""Name"": ""DISSANAYAKA SAMARAWICKRAM HM"", ""Order"": 17, ""BirthDate"": ""1998-06-29""}, {""Reg"": ""15581751"", ""Bib"": ""25"", ""Org"": ""SRI"", ""OrgDesc"": ""Sri Lanka"", ""Name"": ""EDIRIMUNI Sanjana Kavindi De Silva"", ""Order"": 17, ""BirthDate"": ""2008-11-25""}, {""Reg"": ""15581298"", ""Bib"": ""58"", ""Org"": ""SRI"", ""OrgDesc"": ""Sri Lanka"", ""Name"": ""ATHAPATHTHU MUDIYANSELAGE CJK"", ""Order"": 17, ""BirthDate"": ""1990-02-09""}, {""Reg"": ""15582883"", ""Bib"": ""6"", ""Org"": ""SRI"", ""OrgDesc"": ""Sri Lanka"", ""Name"": ""WALIKONTHAGEI Kaveesha Dilhari"", ""Order"": 17, ""BirthDate"": ""2001-01-24""}, {""Reg"": ""15583779"", ""Bib"": ""91"", ""Org"": ""SRI"", ""OrgDesc"": ""Sri Lanka"", ""Name"": ""DASANAYAKA Sugandika Manel Kumari"", ""Order"": 17, ""BirthDate"": ""1991-10-05""}, {""Reg"": ""15583949"", ""Bib"": ""78"", ""Org"": ""SRI"", ""OrgDesc"": ""Sri Lanka"", ""Name"": ""MEEPAGE Nimasha Madushani"", ""Order"": 17, ""BirthDate"": ""1999-08-15""}, {""Reg"": ""15584623"", ""Bib"": ""75"", ""Org"": ""SRI"", ""OrgDesc"": ""Sri Lanka"", ""Name"": ""HEWA MUNASINHAGE CPM"", ""Order"": 17, ""BirthDate"": ""2009-04-25""}, {""Reg"": ""15582309"", ""Bib"": ""33"", ""Org"": ""SRI"", ""OrgDesc"": ""Sri Lanka"", ""Name"": ""SERAM SENEVIRATHNE EDIRIS KN"", ""Order"": 17, ""BirthDate"": ""2002-08-05""}, {""Reg"": ""15581505"", ""Bib"": ""72"", ""Org"": ""SRI"", ""OrgDesc"": ""Sri Lanka"", ""Name"": ""GAMAACHCHI WITHANAGE HMP"", ""Order"": 17, ""BirthDate"": ""1995-06-27""}, {""Reg"": ""15582643"", ""Bib"": ""17"", ""Org"": ""SRI"", ""OrgDesc"": ""Sri Lanka"", ""Name"": ""SANJEEWANI Anushka"", ""Order"": 17, ""BirthDate"": ""1990-01-24""}, {""Reg"": ""15583006"", ""Bib"": ""12"", ""Org"": ""SRI"", ""OrgDesc"": ""Sri Lanka"", ""Name"": ""HEWA LANKA GEEGANAGE RS"", ""Order"": 17, ""BirthDate"": ""2006-10-21""}, {""Reg"": ""15585230"", ""Bib"": ""29"", ""Org"": ""SRI"", ""OrgDesc"": ""Sri Lanka"", ""Name"": ""THATUWEL ARAWE GEDARA MAB"", ""Order"": 17, ""BirthDate"": ""2007-01-13""}, {""Reg"": ""15584906"", ""Bib"": ""10"", ""Org"": ""SRI"", ""OrgDesc"": ""Sri Lanka"", ""Name"": ""HIKKADUWA GAMAGE Kawya Kavindi"", ""Order"": 17, ""BirthDate"": ""2002-10-30""}]",板球,2026-09-22,official_medal_record
SRI|CKT|M.TEAM--------------.----|ME_BRONZE|CKTMTEAM-------SRI01,SRI,ME_BRONZE,CKT,Cricket,M.TEAM--------------.----,Men,T,Sri Lanka,CKTMTEAM-------SRI01,2026-10-03,M,"[{""Reg"": ""8235210"", ""Bib"": ""14"", ""Org"": ""SRI"", ""OrgDesc"": ""Sri Lanka"", ""Name"": ""CROOSPULLE DLS"", ""Order"": 10, ""BirthDate"": ""1998-10-04""}, {""Reg"": ""8237530"", ""Bib"": ""59"", ""Org"": ""SRI"", ""OrgDesc"": ""Sri Lanka"", ""Name"": ""VIJAYAKANTH Viyaskanth"", ""Order"": 10, ""BirthDate"": ""2001-12-05""}, {""Reg"": ""8238160"", ""Bib"": ""27"", ""Org"": ""SRI"", ""OrgDesc"": ""Sri Lanka"", ""Name"": ""MUTHUTHANTHRIGE NKF"", ""Order"": 10, ""BirthDate"": ""1999-10-13""}, {""Reg"": ""8238423"", ""Bib"": ""10"", ""Org"": ""SRI"", ""OrgDesc"": ""Sri Lanka"", ""Name"": ""KORALE GEDARA NAB"", ""Order"": 10, ""BirthDate"": ""1998-11-23""}, {""Reg"": ""8238603"", ""Bib"": ""36"", ""Org"": ""SRI"", ""OrgDesc"": ""Sri Lanka"", ""Name"": ""KARUNARATNE ECD"", ""Order"": 10, ""BirthDate"": ""1996-05-29""}, {""Reg"": ""8236004"", ""Bib"": ""43"", ""Org"": ""SRI"", ""OrgDesc"": ""Sri Lanka"", ""Name"": ""ARACHCHIGE SSD"", ""Order"": 10, ""BirthDate"": ""1996-05-13""}, {""Reg"": ""14973441"", ""Bib"": ""25"", ""Org"": ""SRI"", ""OrgDesc"": ""Sri Lanka"", ""Name"": ""JAYAWARDENA MDSL"", ""Order"": 10, ""BirthDate"": ""2004-12-25""}, {""Reg"": ""14967226"", ""Bib"": ""34"", ""Org"": ""SRI"", ""OrgDesc"": ""Sri Lanka"", ""Name"": ""MUNASINGHE A. DIH"", ""Order"": 10, ""BirthDate"": ""1994-05-24""}, {""Reg"": ""8237265"", ""Bib"": ""5"", ""Org"": ""SRI"", ""OrgDesc"": ""Sri Lanka"", ""Name"": ""MAHATHANTHILAGE DON WSK"", ""Order"": 10, ""BirthDate"": ""2003-06-17""}, {""Reg"": ""8237759"", ""Bib"": ""54"", ""Org"": ""SRI"", ""OrgDesc"": ""Sri Lanka"", ""Name"": ""DE LIVERA MKS"", ""Order"": 10, ""BirthDate"": ""2000-08-17""}, {""Reg"": ""9606344"", ""Bib"": ""48"", ""Org"": ""SRI"", ""OrgDesc"": ""Sri Lanka"", ""Name"": ""DICKWELLA P. DND"", ""Order"": 10, ""BirthDate"": ""1993-06-23""}, {""Reg"": ""8238762"", ""Bib"": ""94"", ""Org"": ""SRI"", ""OrgDesc"": ""Sri Lanka"", ""Name"": ""KONGANIGE R. TH"", ""Order"": 10, ""BirthDate"": ""1996-04-18""}, {""Reg"": ""8237412"", ""Bib"": ""92"", ""Org"": ""SRI"", ""OrgDesc"": ""Sri Lanka"", ""Name"": ""SAHKETH Garuka"", ""Order"": 10, ""BirthDate"": ""1993-12-14""}, {""Reg"": ""5942986"", ""Bib"": ""53"", ""Org"": ""SRI"", ""OrgDesc"": ""Sri Lanka"", ""Name"": ""ILANDARI DEWAGE NT"", ""Order"": 10, ""BirthDate"": ""1994-08-06""}, {""Reg"": ""9520671"", ""Bib"": ""71"", ""Org"": ""SRI"", ""OrgDesc"": ""Sri Lanka"", ""Name"": ""FERNANDO KB"", ""Order"": 10, ""BirthDate"": ""1995-07-12""}]",板球,2026-10-03,official_medal_record
SYR|KTE|M.75KG--------------.FNL-|ME_BRONZE|7517891,SYR,ME_BRONZE,KTE,Karate,M.75KG--------------.FNL-,Men's Kumite -75kg Final,A,BANI ALMARJEH Fawaz,7517891,2026-09-22,M,[],空手道,2026-09-22,official_medal_record
TPE|ARC|M.CINDIVID----------.FNL-|ME_SILVER|2036175,TPE,ME_SILVER,ARC,Archery,M.CINDIVID----------.FNL-,Compound Men's Individual Finals,A,CHANG Cheng-Wei,2036175,2026-10-01,M,[],射箭,2026-10-01,official_medal_record
TPE|ARC|M.CTEAM-------------.FNL-|ME_BRONZE|ARCMCTEAM------TPE01,TPE,ME_BRONZE,ARC,Archery,M.CTEAM-------------.FNL-,Compound Men's Team Finals,T,Chinese Taipei,ARCMCTEAM------TPE01,2026-09-30,M,"[{""Reg"": ""2036175"", ""Bib"": ""7"", ""Org"": ""TPE"", ""OrgDesc"": ""Chinese Taipei"", ""Name"": ""CHANG Cheng-Wei"", ""Order"": 1, ""BirthDate"": ""2004-06-25""}, {""Reg"": ""3175093"", ""Bib"": ""15"", ""Org"": ""TPE"", ""OrgDesc"": ""Chinese Taipei"", ""Name"": ""CHEN Chieh-Lun"", ""Order"": 2, ""BirthDate"": ""1998-06-02""}, {""Reg"": ""5473113"", ""Bib"": ""26"", ""Org"": ""TPE"", ""OrgDesc"": ""Chinese Taipei"", ""Name"": ""YEN Tzu-Hsiang"", ""Order"": 3, ""BirthDate"": ""2008-08-11""}]",射箭,2026-09-30,official_medal_record
TPE|ARC|M.RTEAM-------------.FNL-|ME_BRONZE|ARCMRTEAM------TPE01,TPE,ME_BRONZE,ARC,Archery,M.RTEAM-------------.FNL-,Recurve Men's Team Finals,T,Chinese Taipei,ARCMRTEAM------TPE01,2026-10-02,M,"[{""Reg"": ""2091847"", ""Bib"": ""3"", ""Org"": ""TPE"", ""OrgDesc"": ""Chinese Taipei"", ""Name"": ""TANG Chih-Chun"", ""Order"": 1, ""BirthDate"": ""2001-03-16""}, {""Reg"": ""2093480"", ""Bib"": ""32"", ""Org"": ""TPE"", ""OrgDesc"": ""Chinese Taipei"", ""Name"": ""LIN Zih-Siang"", ""Order"": 2, ""BirthDate"": ""2001-08-01""}, {""Reg"": ""5358471"", ""Bib"": ""18"", ""Org"": ""TPE"", ""OrgDesc"": ""Chinese Taipei"", ""Name"": ""CHENG Hsiang-Hui"", ""Order"": 3, ""BirthDate"": ""2004-10-26""}]",射箭,2026-10-02,official_medal_record
TPE|ATH|M.HIGHJUMP----------.----|ME_GOLD|998221,TPE,ME_GOLD,ATH,Athletics,M.HIGHJUMP----------.----,Men's High Jump,A,FU Chao-hsuan,998221,2026-09-27,M,[],田径,2026-09-27,official_medal_record
TPE|ATH|M.4X100M------------.----|ME_SILVER|ATHM4X100M-----TPE01,TPE,ME_SILVER,ATH,Athletics,M.4X100M------------.----,Men's 4 x 100m Relay,T,Chinese Taipei,ATHM4X100M-----TPE01,2026-09-28,M,"[{""Reg"": ""992272"", ""Bib"": ""705"", ""Org"": ""TPE"", ""OrgDesc"": ""Chinese Taipei"", ""Name"": ""YANG Chun-han"", ""Order"": 0, ""BirthDate"": ""1997-01-01""}, {""Reg"": ""5078982"", ""Bib"": ""690"", ""Org"": ""TPE"", ""OrgDesc"": ""Chinese Taipei"", ""Name"": ""CHEN Wen-pu"", ""Order"": 0, ""BirthDate"": ""1998-12-25""}, {""Reg"": ""5080943"", ""Bib"": ""1125"", ""Org"": ""TPE"", ""OrgDesc"": ""Chinese Taipei"", ""Name"": ""HUANG Zuo-jyun"", ""Order"": 0, ""BirthDate"": ""2003-07-25""}, {""Reg"": ""5084736"", ""Bib"": ""1126"", ""Org"": ""TPE"", ""OrgDesc"": ""Chinese Taipei"", ""Name"": ""LAI Po-hsiang"", ""Order"": 0, ""BirthDate"": ""1998-01-20""}]",田径,2026-09-28,official_medal_record
TPE|ATH|M.400MHURD----------.----|ME_BRONZE|15982339,TPE,ME_BRONZE,ATH,Athletics,M.400MHURD----------.----,Men's 400m Hurdles,A,LIN Chung-wei,15982339,2026-09-28,M,[],田径,2026-09-28,official_medal_record
TPE|BBL|M.TEAM9-------------.FNL-|ME_BRONZE|BBLMTEAM9------TPE01,TPE,ME_BRONZE,BBL,Baseball,M.TEAM9-------------.FNL-,Men’s Finals,T,Chinese Taipei,BBLMTEAM9------TPE01,2026-09-26,M,"[{""Reg"": ""11414238"", ""Bib"": ""81"", ""Org"": ""TPE"", ""OrgDesc"": ""Chinese Taipei"", ""Name"": ""YU Tsung-ju"", ""Order"": 0, ""BirthDate"": ""1992-05-21""}, {""Reg"": ""4008801"", ""Bib"": ""79"", ""Org"": ""TPE"", ""OrgDesc"": ""Chinese Taipei"", ""Name"": ""HUANG Chieh-han"", ""Order"": 0, ""BirthDate"": ""2004-03-21""}, {""Reg"": ""6355165"", ""Bib"": ""23"", ""Org"": ""TPE"", ""OrgDesc"": ""Chinese Taipei"", ""Name"": ""YANG Po-hsiang"", ""Order"": 0, ""BirthDate"": ""2005-01-23""}, {""Reg"": ""8096499"", ""Bib"": ""20"", ""Org"": ""TPE"", ""OrgDesc"": ""Chinese Taipei"", ""Name"": ""GUO Dinghong"", ""Order"": 0, ""BirthDate"": ""2001-05-18""}, {""Reg"": ""8274986"", ""Bib"": ""29"", ""Org"": ""TPE"", ""OrgDesc"": ""Chinese Taipei"", ""Name"": ""HSU Siang-sheng"", ""Order"": 0, ""BirthDate"": ""2005-12-17""}, {""Reg"": ""8285115"", ""Bib"": ""16"", ""Org"": ""TPE"", ""OrgDesc"": ""Chinese Taipei"", ""Name"": ""LIU Chih-jung"", ""Order"": 0, ""BirthDate"": ""1999-04-07""}, {""Reg"": ""10281202"", ""Bib"": ""18"", ""Org"": ""TPE"", ""OrgDesc"": ""Chinese Taipei"", ""Name"": ""WANG Yu-chieh"", ""Order"": 1, ""BirthDate"": ""2003-04-21""}, {""Reg"": ""10297158"", ""Bib"": ""88"", ""Org"": ""TPE"", ""OrgDesc"": ""Chinese Taipei"", ""Name"": ""TSAI Wei-tai"", ""Order"": 2, ""BirthDate"": ""1995-07-17""}, {""Reg"": ""10304539"", ""Bib"": ""42"", ""Org"": ""TPE"", ""OrgDesc"": ""Chinese Taipei"", ""Name"": ""CHANG Hsiang"", ""Order"": 3, ""BirthDate"": ""2003-01-22""}, {""Reg"": ""10443943"", ""Bib"": ""19"", ""Org"": ""TPE"", ""OrgDesc"": ""Chinese Taipei"", ""Name"": ""WANG Yan-cheng"", ""Order"": 4, ""BirthDate"": ""2001-02-14""}, {""Reg"": ""11399646"", ""Bib"": ""67"", ""Org"": ""TPE"", ""OrgDesc"": ""Chinese Taipei"", ""Name"": ""LIN Yi-wei"", ""Order"": 7, ""BirthDate"": ""2006-05-15""}, {""Reg"": ""11423689"", ""Bib"": ""12"", ""Org"": ""TPE"", ""OrgDesc"": ""Chinese Taipei"", ""Name"": ""KUO Tzu-chuan"", ""Order"": 8, ""BirthDate"": ""2000-05-16""}, {""Reg"": ""11562773"", ""Bib"": ""5"", ""Org"": ""TPE"", ""OrgDesc"": ""Chinese Taipei"", ""Name"": ""LI I-wei"", ""Order"": 9, ""BirthDate"": ""1999-05-22""}, {""Reg"": ""11563014"", ""Bib"": ""41"", ""Org"": ""TPE"", ""OrgDesc"": ""Chinese Taipei"", ""Name"": ""KAO Yu-wei"", ""Order"": 10, ""BirthDate"": ""1993-09-29""}, {""Reg"": ""11563614"", ""Bib"": ""1"", ""Org"": ""TPE"", ""OrgDesc"": ""Chinese Taipei"", ""Name"": ""CHEN Min-sih"", ""Order"": 11, ""BirthDate"": ""1989-12-06""}, {""Reg"": ""11563897"", ""Bib"": ""4"", ""Org"": ""TPE"", ""OrgDesc"": ""Chinese Taipei"", ""Name"": ""LIN Yu-li"", ""Order"": 12, ""BirthDate"": ""1997-08-23""}, {""Reg"": ""11574279"", ""Bib"": ""46"", ""Org"": ""TPE"", ""OrgDesc"": ""Chinese Taipei"", ""Name"": ""LIU Ji-hong"", ""Order"": 13, ""BirthDate"": ""2000-11-03""}, {""Reg"": ""11582874"", ""Bib"": ""66"", ""Org"": ""TPE"", ""OrgDesc"": ""Chinese Taipei"", ""Name"": ""CHEN Chen-wei"", ""Order"": 14, ""BirthDate"": ""1997-12-12""}, {""Reg"": ""4011816"", ""Bib"": ""70"", ""Org"": ""TPE"", ""OrgDesc"": ""Chinese Taipei"", ""Name"": ""WANG Cheng-hao"", ""Order"": 16, ""BirthDate"": ""1989-09-25""}, {""Reg"": ""6345818"", ""Bib"": ""61"", ""Org"": ""TPE"", ""OrgDesc"": ""Chinese Taipei"", ""Name"": ""YANG Chen-yu"", ""Order"": 17, ""BirthDate"": ""1994-01-10""}, {""Reg"": ""6346549"", ""Bib"": ""75"", ""Org"": ""TPE"", ""OrgDesc"": ""Chinese Taipei"", ""Name"": ""CHEN Hsiao-yun"", ""Order"": 18, ""BirthDate"": ""1993-09-09""}, {""Reg"": ""8260716"", ""Bib"": ""21"", ""Org"": ""TPE"", ""OrgDesc"": ""Chinese Taipei"", ""Name"": ""HUANG Wei-sheng"", ""Order"": 22, ""BirthDate"": ""1999-02-19""}, {""Reg"": ""8281596"", ""Bib"": ""45"", ""Org"": ""TPE"", ""OrgDesc"": ""Chinese Taipei"", ""Name"": ""LIN Yu-min"", ""Order"": 23, ""BirthDate"": ""2003-07-12""}, {""Reg"": ""8589060"", ""Bib"": ""8"", ""Org"": ""TPE"", ""OrgDesc"": ""Chinese Taipei"", ""Name"": ""CHU Chia-en"", ""Order"": 24, ""BirthDate"": ""2001-01-15""}]",棒球,2026-09-26,official_medal_record
TPE|BDM|X.DOUBLES-----------.----|ME_BRONZE|BDMXDOUBLES----TPE01,TPE,ME_BRONZE,BDM,Badminton,X.DOUBLES-----------.----,Mixed Doubles,D,YE Hong-Wei / CHAN Nicole Gonzales,BDMXDOUBLES----TPE01,2026-09-28,X,"[{""Reg"": ""2430921"", ""Bib"": """", ""Org"": ""TPE"", ""OrgDesc"": ""Chinese Taipei"", ""Name"": ""YE Hong-Wei"", ""Order"": 1, ""BirthDate"": ""1999-11-01""}, {""Reg"": ""5689765"", ""Bib"": """", ""Org"": ""TPE"", ""OrgDesc"": ""Chinese Taipei"", ""Name"": ""CHAN Nicole Gonzales"", ""Order"": 2, ""BirthDate"": ""2004-12-23""}]",羽毛球,2026-09-28,official_medal_record
TPE|BOX|W.60KG--------------.----|ME_GOLD|6116922,TPE,ME_GOLD,BOX,Boxing,W.60KG--------------.----,Women's 60kg,A,LIN Yu-ting,6116922,2026-10-02,W,[],拳击,2026-10-02,official_medal_record
TPE|BOX|W.65KG--------------.----|ME_SILVER|6112606,TPE,ME_SILVER,BOX,Boxing,W.65KG--------------.----,Women's 65kg,A,CHEN Nien-chin,6112606,2026-10-02,W,[],拳击,2026-10-02,official_medal_record
TPE|CSL|M.C1----------------.----|ME_SILVER|4233921,TPE,ME_SILVER,CSL,Canoe Slalom,M.C1----------------.----,Men's Canoe Single,A,WU Jung-cheng,4233921,2026-10-02,M,[],皮划艇激流回旋,2026-10-02,official_medal_record
TPE|CSL|W.X1----------------.----|ME_SILVER|4238983,TPE,ME_SILVER,CSL,Canoe Slalom,W.X1----------------.----,Women's Kayak Cross,A,CHANG Chu-han,4238983,2026-10-02,W,[],皮划艇激流回旋,2026-10-02,official_medal_record
TPE|CSP|M.C1-500M-----------.FNL-|ME_BRONZE|12270735,TPE,ME_BRONZE,CSP,Canoe Sprint,M.C1-500M-----------.FNL-,Men's Canoe Single 500m Final,A,LAI Kuan-chieh,12270735,2026-09-25,M,[],皮划艇静水,2026-09-25,official_medal_record
TPE|CTR|W.SPRTEAM3----------.----|ME_BRONZE|CTRWSPRTEAM3---TPE01,TPE,ME_BRONZE,CTR,Cycling Track,W.SPRTEAM3----------.----,Women's Team Sprint,T,Chinese Taipei,CTRWSPRTEAM3---TPE01,2026-09-29,W,"[{""Reg"": ""5879153"", ""Bib"": ""143"", ""Org"": ""TPE"", ""OrgDesc"": ""Chinese Taipei"", ""Name"": ""WANG Sin-ting"", ""Order"": 1, ""BirthDate"": ""2001-01-17""}, {""Reg"": ""9547816"", ""Bib"": ""140"", ""Org"": ""TPE"", ""OrgDesc"": ""Chinese Taipei"", ""Name"": ""CHEN Ching-yun"", ""Order"": 2, ""BirthDate"": ""1999-11-25""}, {""Reg"": ""1728973"", ""Bib"": ""141"", ""Org"": ""TPE"", ""OrgDesc"": ""Chinese Taipei"", ""Name"": ""LIU Shang-ying"", ""Order"": 3, ""BirthDate"": ""2007-06-29""}, {""Reg"": ""9547127"", ""Bib"": ""142"", ""Org"": ""TPE"", ""OrgDesc"": ""Chinese Taipei"", ""Name"": ""QIU Jing-wen"", ""Order"": 4, ""BirthDate"": ""1999-07-02""}]",场地自行车,2026-09-29,official_medal_record
TPE|ELS|O.LOL---------------.FNL-|ME_SILVER|ELSOLOL--------TPE01,TPE,ME_SILVER,ELS,Esports,O.LOL---------------.FNL-,League of Legends Finals,T,Chinese Taipei,ELSOLOL--------TPE01,2026-10-02,O,"[{""Reg"": ""10637407"", ""Bib"": """", ""Org"": ""TPE"", ""OrgDesc"": ""Chinese Taipei"", ""Name"": ""LIN Yu-en"", ""Order"": 1, ""BirthDate"": ""1998-04-11""}, {""Reg"": ""11829980"", ""Bib"": """", ""Org"": ""TPE"", ""OrgDesc"": ""Chinese Taipei"", ""Name"": ""LIU Jia-hao"", ""Order"": 2, ""BirthDate"": ""1999-07-12""}, {""Reg"": ""2804242"", ""Bib"": """", ""Org"": ""TPE"", ""OrgDesc"": ""Chinese Taipei"", ""Name"": ""CHIU Tzu-chuan"", ""Order"": 3, ""BirthDate"": ""2003-01-14""}, {""Reg"": ""8198201"", ""Bib"": """", ""Org"": ""TPE"", ""OrgDesc"": ""Chinese Taipei"", ""Name"": ""YU Jun-jia"", ""Order"": 4, ""BirthDate"": ""2002-06-10""}, {""Reg"": ""8199538"", ""Bib"": """", ""Org"": ""TPE"", ""OrgDesc"": ""Chinese Taipei"", ""Name"": ""TSAI Ming-hung"", ""Order"": 5, ""BirthDate"": ""2007-07-02""}, {""Reg"": ""8211779"", ""Bib"": """", ""Org"": ""TPE"", ""OrgDesc"": ""Chinese Taipei"", ""Name"": ""CHEN Yi-chin"", ""Order"": 6, ""BirthDate"": ""2003-10-22""}]",电子竞技,2026-10-02,official_medal_record
TPE|ELS|O.IDV---------------.FNL-|ME_BRONZE|ELSOIDV--------TPE01,TPE,ME_BRONZE,ELS,Esports,O.IDV---------------.FNL-,Identity V - Asian Games Version Finals,T,Chinese Taipei,ELSOIDV--------TPE01,2026-09-30,O,"[{""Reg"": ""10600824"", ""Bib"": """", ""Org"": ""TPE"", ""OrgDesc"": ""Chinese Taipei"", ""Name"": ""CHENG Kai-sheng"", ""Order"": 1, ""BirthDate"": ""1996-09-04""}, {""Reg"": ""10604282"", ""Bib"": """", ""Org"": ""TPE"", ""OrgDesc"": ""Chinese Taipei"", ""Name"": ""CHEN Kuang-yeh"", ""Order"": 2, ""BirthDate"": ""2007-12-08""}, {""Reg"": ""10605835"", ""Bib"": """", ""Org"": ""TPE"", ""OrgDesc"": ""Chinese Taipei"", ""Name"": ""CHU Tang-yao"", ""Order"": 3, ""BirthDate"": ""2007-06-19""}, {""Reg"": ""2796267"", ""Bib"": """", ""Org"": ""TPE"", ""OrgDesc"": ""Chinese Taipei"", ""Name"": ""TANG Sheng-chun"", ""Order"": 4, ""BirthDate"": ""2004-07-16""}, {""Reg"": ""2796816"", ""Bib"": """", ""Org"": ""TPE"", ""OrgDesc"": ""Chinese Taipei"", ""Name"": ""CHANG Chun-ming"", ""Order"": 5, ""BirthDate"": ""2006-06-13""}, {""Reg"": ""2797435"", ""Bib"": """", ""Org"": ""TPE"", ""OrgDesc"": ""Chinese Taipei"", ""Name"": ""CHUANG Po-chun"", ""Order"": 6, ""BirthDate"": ""2000-09-30""}, {""Reg"": ""8196315"", ""Bib"": """", ""Org"": ""TPE"", ""OrgDesc"": ""Chinese Taipei"", ""Name"": ""SU Bin-cheng"", ""Order"": 7, ""BirthDate"": ""2004-07-23""}]",电子竞技,2026-09-30,official_medal_record
TPE|ELS|O.NRK---------------.FNL-|ME_BRONZE|ELSONRK--------TPE01,TPE,ME_BRONZE,ELS,Esports,O.NRK---------------.FNL-,NARAKA : BLADEPOINT Finals,T,Chinese Taipei,ELSONRK--------TPE01,2026-09-24,O,"[{""Reg"": ""10596502"", ""Bib"": """", ""Org"": ""TPE"", ""OrgDesc"": ""Chinese Taipei"", ""Name"": ""LIU Tang-shiun"", ""Order"": 1, ""BirthDate"": ""2008-08-03""}, {""Reg"": ""10599402"", ""Bib"": """", ""Org"": ""TPE"", ""OrgDesc"": ""Chinese Taipei"", ""Name"": ""YEN Kai-en"", ""Order"": 2, ""BirthDate"": ""2007-10-18""}, {""Reg"": ""2791732"", ""Bib"": """", ""Org"": ""TPE"", ""OrgDesc"": ""Chinese Taipei"", ""Name"": ""CHEN Shang-yi"", ""Order"": 3, ""BirthDate"": ""2000-01-06""}, {""Reg"": ""2794621"", ""Bib"": """", ""Org"": ""TPE"", ""OrgDesc"": ""Chinese Taipei"", ""Name"": ""YEH Chih-yu"", ""Order"": 4, ""BirthDate"": ""2002-06-26""}, {""Reg"": ""8190463"", ""Bib"": """", ""Org"": ""TPE"", ""OrgDesc"": ""Chinese Taipei"", ""Name"": ""CHENG Hsu-yu"", ""Order"": 5, ""BirthDate"": ""2004-05-21""}]",电子竞技,2026-09-24,official_medal_record
TPE|ELS|O.PYO---------------.FNL-|ME_BRONZE|2800288,TPE,ME_BRONZE,ELS,Esports,O.PYO---------------.FNL-,Puyo Puyo Champions Finals,A,KUO Tzu-ang,2800288,2026-09-26,M,[],电子竞技,2026-09-26,official_medal_record
TPE|GAR|M.TEAM--------------.----|ME_BRONZE|GARMTEAM-------TPE01,TPE,ME_BRONZE,GAR,Artistic Gymnastics,M.TEAM--------------.----,Men's Team,T,Chinese Taipei,GARMTEAM-------TPE01,2026-09-23,M,"[{""Reg"": ""1117271"", ""Bib"": ""146"", ""Org"": ""TPE"", ""OrgDesc"": ""Chinese Taipei"", ""Name"": ""TANG Chia-hung"", ""Order"": 1, ""BirthDate"": ""1996-09-23""}, {""Reg"": ""1121200"", ""Bib"": ""147"", ""Org"": ""TPE"", ""OrgDesc"": ""Chinese Taipei"", ""Name"": ""HUNG Yuan-hsi"", ""Order"": 2, ""BirthDate"": ""2001-07-27""}, {""Reg"": ""12769578"", ""Bib"": ""148"", ""Org"": ""TPE"", ""OrgDesc"": ""Chinese Taipei"", ""Name"": ""CHUANG Chia-lung"", ""Order"": 3, ""BirthDate"": ""2004-11-10""}, {""Reg"": ""15910117"", ""Bib"": ""149"", ""Org"": ""TPE"", ""OrgDesc"": ""Chinese Taipei"", ""Name"": ""LEE Chih-kai"", ""Order"": 4, ""BirthDate"": ""1996-04-03""}, {""Reg"": ""15919954"", ""Bib"": ""150"", ""Org"": ""TPE"", ""OrgDesc"": ""Chinese Taipei"", ""Name"": ""SHIAO Yu-jan"", ""Order"": 5, ""BirthDate"": ""1999-12-09""}]",竞技体操,2026-09-23,official_medal_record
TPE|GLF|W.TEAM--------------.FNL-|ME_BRONZE|GLFWTEAM-------TPE01,TPE,ME_BRONZE,GLF,Golf,W.TEAM--------------.FNL-,Women's Team,T,Chinese Taipei,GLFWTEAM-------TPE01,2026-10-03,W,"[{""Reg"": ""10587356"", ""Bib"": """", ""Org"": ""TPE"", ""OrgDesc"": ""Chinese Taipei"", ""Name"": ""CHIEN Pei-yun"", ""Order"": 1, ""BirthDate"": ""1990-10-22""}, {""Reg"": ""8374574"", ""Bib"": """", ""Org"": ""TPE"", ""OrgDesc"": ""Chinese Taipei"", ""Name"": ""TSENG Ya-ni"", ""Order"": 2, ""BirthDate"": ""1989-01-23""}, {""Reg"": ""8390832"", ""Bib"": """", ""Org"": ""TPE"", ""OrgDesc"": ""Chinese Taipei"", ""Name"": ""HSU Wei-ling"", ""Order"": 3, ""BirthDate"": ""1994-10-20""}]",高尔夫球,2026-10-03,official_medal_record
TPE|KAB|M.TEAM7-------------.FNL-|ME_BRONZE|KABMTEAM7------TPE01,TPE,ME_BRONZE,KAB,Kabaddi,M.TEAM7-------------.FNL-,Men's Team Final,T,Chinese Taipei,KABMTEAM7------TPE01,2026-09-25,M,"[{""Reg"": ""174604"", ""Bib"": """", ""Org"": ""TPE"", ""OrgDesc"": ""Chinese Taipei"", ""Name"": ""CHEN Zheng-wei"", ""Order"": 1, ""BirthDate"": ""2000-10-26""}, {""Reg"": ""1876956"", ""Bib"": """", ""Org"": ""TPE"", ""OrgDesc"": ""Chinese Taipei"", ""Name"": ""CHUANG Chia-ming"", ""Order"": 2, ""BirthDate"": ""1996-01-20""}, {""Reg"": ""1878194"", ""Bib"": """", ""Org"": ""TPE"", ""OrgDesc"": ""Chinese Taipei"", ""Name"": ""LI Jyun-jie"", ""Order"": 3, ""BirthDate"": ""2003-10-11""}, {""Reg"": ""1884923"", ""Bib"": """", ""Org"": ""TPE"", ""OrgDesc"": ""Chinese Taipei"", ""Name"": ""LIN Po-ting"", ""Order"": 4, ""BirthDate"": ""1999-02-26""}, {""Reg"": ""1899421"", ""Bib"": """", ""Org"": ""TPE"", ""OrgDesc"": ""Chinese Taipei"", ""Name"": ""CAI Ruei-chen"", ""Order"": 5, ""BirthDate"": ""2003-11-17""}, {""Reg"": ""196252"", ""Bib"": """", ""Org"": ""TPE"", ""OrgDesc"": ""Chinese Taipei"", ""Name"": ""SU Hsiang-chih"", ""Order"": 6, ""BirthDate"": ""2004-07-06""}, {""Reg"": ""6055177"", ""Bib"": """", ""Org"": ""TPE"", ""OrgDesc"": ""Chinese Taipei"", ""Name"": ""CHANG Chung-mao"", ""Order"": 7, ""BirthDate"": ""1999-04-14""}, {""Reg"": ""6061419"", ""Bib"": """", ""Org"": ""TPE"", ""OrgDesc"": ""Chinese Taipei"", ""Name"": ""JIN Wu Fu-kai"", ""Order"": 8, ""BirthDate"": ""2003-11-25""}, {""Reg"": ""6063960"", ""Bib"": """", ""Org"": ""TPE"", ""OrgDesc"": ""Chinese Taipei"", ""Name"": ""WANG Lun-chu"", ""Order"": 9, ""BirthDate"": ""2003-06-30""}, {""Reg"": ""6073317"", ""Bib"": """", ""Org"": ""TPE"", ""OrgDesc"": ""Chinese Taipei"", ""Name"": ""PENG Xian-ya"", ""Order"": 10, ""BirthDate"": ""2002-07-21""}, {""Reg"": ""9759064"", ""Bib"": """", ""Org"": ""TPE"", ""OrgDesc"": ""Chinese Taipei"", ""Name"": ""TSAI Chung-hao"", ""Order"": 11, ""BirthDate"": ""1994-10-21""}, {""Reg"": ""9765436"", ""Bib"": """", ""Org"": ""TPE"", ""OrgDesc"": ""Chinese Taipei"", ""Name"": ""YEH Jiunn-ming"", ""Order"": 12, ""BirthDate"": ""2002-03-19""}]",卡巴迪,2026-09-25,official_medal_record
TPE|KAB|W.TEAM7-------------.FNL-|ME_BRONZE|KABWTEAM7------TPE01,TPE,ME_BRONZE,KAB,Kabaddi,W.TEAM7-------------.FNL-,Women's Team Final,T,Chinese Taipei,KABWTEAM7------TPE01,2026-09-25,W,"[{""Reg"": ""1907902"", ""Bib"": """", ""Org"": ""TPE"", ""OrgDesc"": ""Chinese Taipei"", ""Name"": ""HU Yu-chen"", ""Order"": 1, ""BirthDate"": ""2000-06-02""}, {""Reg"": ""1909110"", ""Bib"": """", ""Org"": ""TPE"", ""OrgDesc"": ""Chinese Taipei"", ""Name"": ""HUANG Ssu-chin"", ""Order"": 2, ""BirthDate"": ""2000-07-09""}, {""Reg"": ""1912012"", ""Bib"": """", ""Org"": ""TPE"", ""OrgDesc"": ""Chinese Taipei"", ""Name"": ""CHUANG Ya-han"", ""Order"": 3, ""BirthDate"": ""2001-01-03""}, {""Reg"": ""1915241"", ""Bib"": """", ""Org"": ""TPE"", ""OrgDesc"": ""Chinese Taipei"", ""Name"": ""HUANG Yi-yun"", ""Order"": 4, ""BirthDate"": ""2000-05-01""}, {""Reg"": ""1919173"", ""Bib"": """", ""Org"": ""TPE"", ""OrgDesc"": ""Chinese Taipei"", ""Name"": ""CHEN Shi-han"", ""Order"": 5, ""BirthDate"": ""2007-02-11""}, {""Reg"": ""1927057"", ""Bib"": """", ""Org"": ""TPE"", ""OrgDesc"": ""Chinese Taipei"", ""Name"": ""REN Ming-xiu"", ""Order"": 6, ""BirthDate"": ""2002-03-19""}, {""Reg"": ""219503"", ""Bib"": """", ""Org"": ""TPE"", ""OrgDesc"": ""Chinese Taipei"", ""Name"": ""LIN I-min"", ""Order"": 7, ""BirthDate"": ""1999-11-21""}, {""Reg"": ""222520"", ""Bib"": """", ""Org"": ""TPE"", ""OrgDesc"": ""Chinese Taipei"", ""Name"": ""YEN Chiao-wen"", ""Order"": 8, ""BirthDate"": ""2000-04-07""}, {""Reg"": ""6088053"", ""Bib"": """", ""Org"": ""TPE"", ""OrgDesc"": ""Chinese Taipei"", ""Name"": ""FENG Hsiu-chen"", ""Order"": 9, ""BirthDate"": ""1999-07-15""}, {""Reg"": ""9780788"", ""Bib"": """", ""Org"": ""TPE"", ""OrgDesc"": ""Chinese Taipei"", ""Name"": ""QIN Pei-jyun"", ""Order"": 10, ""BirthDate"": ""2000-03-27""}, {""Reg"": ""9788082"", ""Bib"": """", ""Org"": ""TPE"", ""OrgDesc"": ""Chinese Taipei"", ""Name"": ""WU Yu-jung"", ""Order"": 11, ""BirthDate"": ""1996-12-26""}, {""Reg"": ""9792065"", ""Bib"": """", ""Org"": ""TPE"", ""OrgDesc"": ""Chinese Taipei"", ""Name"": ""KANG Yung-chiao"", ""Order"": 12, ""BirthDate"": ""2004-09-10""}]",卡巴迪,2026-09-25,official_medal_record
TPE|KTE|M.67KG--------------.FNL-|ME_BRONZE|9606559,TPE,ME_BRONZE,KTE,Karate,M.67KG--------------.FNL-,Men's Kumite -67kg Final,A,SHIH Cheng-chung,9606559,2026-09-21,M,[],空手道,2026-09-21,official_medal_record
TPE|KTE|M.84KG--------------.FNL-|ME_BRONZE|565146,TPE,ME_BRONZE,KTE,Karate,M.84KG--------------.FNL-,Men's Kumite -84kg Final,A,CHUNG Meng-yu,565146,2026-09-22,M,[],空手道,2026-09-22,official_medal_record
TPE|KTE|W.KATA--------------.FNL-|ME_BRONZE|9589159,TPE,ME_BRONZE,KTE,Karate,W.KATA--------------.FNL-,Women's Individual Kata Final,A,CHIEN Hui-hsuan,9589159,2026-09-20,W,[],空手道,2026-09-20,official_medal_record
TPE|KTE|W.TEAM--------------.FNL-|ME_BRONZE|KTEWTEAM-------TPE01,TPE,ME_BRONZE,KTE,Karate,W.TEAM--------------.FNL-,Women's Team Kata Final,T,Chinese Taipei,KTEWTEAM-------TPE01,2026-09-22,W,"[{""Reg"": ""544674"", ""Bib"": """", ""Org"": ""TPE"", ""OrgDesc"": ""Chinese Taipei"", ""Name"": ""TIEN Hsin-erh"", ""Order"": 1, ""BirthDate"": ""2004-09-03""}, {""Reg"": ""6458453"", ""Bib"": """", ""Org"": ""TPE"", ""OrgDesc"": ""Chinese Taipei"", ""Name"": ""HUNG Chih-hsuan"", ""Order"": 2, ""BirthDate"": ""2002-10-16""}, {""Reg"": ""9589159"", ""Bib"": """", ""Org"": ""TPE"", ""OrgDesc"": ""Chinese Taipei"", ""Name"": ""CHIEN Hui-hsuan"", ""Order"": 3, ""BirthDate"": ""1991-09-27""}]",空手道,2026-09-22,official_medal_record
TPE|KUR|W.57KG--------------.FNL-|ME_SILVER|2624547,TPE,ME_SILVER,KUR,Kurash,W.57KG--------------.FNL-,Women -57kg Final,A,LEE Wan-ting,2624547,2026-09-27,W,[],库拉什,2026-09-27,official_medal_record
TPE|KUR|W.O87KG-------------.FNL-|ME_SILVER|8048932,TPE,ME_SILVER,KUR,Kurash,W.O87KG-------------.FNL-,Women +87kg Final,A,SHIH Liu Li-ling,8048932,2026-09-29,W,[],库拉什,2026-09-29,official_medal_record
TPE|KUR|W.57KG--------------.FNL-|ME_BRONZE|11632493,TPE,ME_BRONZE,KUR,Kurash,W.57KG--------------.FNL-,Women -57kg Final,A,WANG Pin-chun,11632493,2026-09-27,W,[],库拉什,2026-09-27,official_medal_record
TPE|SBL|W.TEAM9-------------.FNL-|ME_BRONZE|SBLWTEAM9------TPE01,TPE,ME_BRONZE,SBL,Softball,W.TEAM9-------------.FNL-,Women’s Finals,T,Chinese Taipei,SBLWTEAM9------TPE01,2026-10-02,W,"[{""Reg"": ""15798350"", ""Bib"": ""4"", ""Org"": ""TPE"", ""OrgDesc"": ""Chinese Taipei"", ""Name"": ""LI Szu-shih"", ""Order"": 1, ""BirthDate"": ""1992-02-27""}, {""Reg"": ""15819402"", ""Bib"": ""13"", ""Org"": ""TPE"", ""OrgDesc"": ""Chinese Taipei"", ""Name"": ""YANG An-chi"", ""Order"": 2, ""BirthDate"": ""2001-09-24""}, {""Reg"": ""15878055"", ""Bib"": ""2"", ""Org"": ""TPE"", ""OrgDesc"": ""Chinese Taipei"", ""Name"": ""KE Hsia-ai"", ""Order"": 3, ""BirthDate"": ""2003-01-07""}, {""Reg"": ""15887482"", ""Bib"": ""5"", ""Org"": ""TPE"", ""OrgDesc"": ""Chinese Taipei"", ""Name"": ""LIN Chi-yun"", ""Order"": 4, ""BirthDate"": ""2002-01-03""}, {""Reg"": ""2460090"", ""Bib"": ""59"", ""Org"": ""TPE"", ""OrgDesc"": ""Chinese Taipei"", ""Name"": ""LIN Chih-ying"", ""Order"": 5, ""BirthDate"": ""1997-06-22""}, {""Reg"": ""2463220"", ""Bib"": ""6"", ""Org"": ""TPE"", ""OrgDesc"": ""Chinese Taipei"", ""Name"": ""HO Yi-fan"", ""Order"": 6, ""BirthDate"": ""1998-08-07""}, {""Reg"": ""2465052"", ""Bib"": ""1"", ""Org"": ""TPE"", ""OrgDesc"": ""Chinese Taipei"", ""Name"": ""SHEN Chia-wen"", ""Order"": 7, ""BirthDate"": ""1995-05-29""}, {""Reg"": ""3606585"", ""Bib"": ""22"", ""Org"": ""TPE"", ""OrgDesc"": ""Chinese Taipei"", ""Name"": ""LIU Hsuan"", ""Order"": 8, ""BirthDate"": ""1998-08-17""}, {""Reg"": ""3607262"", ""Bib"": ""9"", ""Org"": ""TPE"", ""OrgDesc"": ""Chinese Taipei"", ""Name"": ""SU Yi-hsuan"", ""Order"": 9, ""BirthDate"": ""1997-01-09""}, {""Reg"": ""3608913"", ""Bib"": ""55"", ""Org"": ""TPE"", ""OrgDesc"": ""Chinese Taipei"", ""Name"": ""LIN Feng-chen"", ""Order"": 10, ""BirthDate"": ""1993-09-20""}, {""Reg"": ""3630142"", ""Bib"": ""10"", ""Org"": ""TPE"", ""OrgDesc"": ""Chinese Taipei"", ""Name"": ""CHIANG Ting-en"", ""Order"": 11, ""BirthDate"": ""2001-05-05""}, {""Reg"": ""5924628"", ""Bib"": ""38"", ""Org"": ""TPE"", ""OrgDesc"": ""Chinese Taipei"", ""Name"": ""TU Ya-ting"", ""Order"": 12, ""BirthDate"": ""1999-12-12""}, {""Reg"": ""5948665"", ""Bib"": ""31"", ""Org"": ""TPE"", ""OrgDesc"": ""Chinese Taipei"", ""Name"": ""CHEN Chia-yi"", ""Order"": 13, ""BirthDate"": ""1995-12-31""}, {""Reg"": ""6000879"", ""Bib"": ""17"", ""Org"": ""TPE"", ""OrgDesc"": ""Chinese Taipei"", ""Name"": ""PAN Yu-ling"", ""Order"": 14, ""BirthDate"": ""1999-09-08""}, {""Reg"": ""6001604"", ""Bib"": ""33"", ""Org"": ""TPE"", ""OrgDesc"": ""Chinese Taipei"", ""Name"": ""CHU Yi-shan"", ""Order"": 15, ""BirthDate"": ""2003-10-21""}, {""Reg"": ""6003651"", ""Bib"": ""7"", ""Org"": ""TPE"", ""OrgDesc"": ""Chinese Taipei"", ""Name"": ""CHEN Ching-yu"", ""Order"": 16, ""BirthDate"": ""2002-04-20""}, {""Reg"": ""6014379"", ""Bib"": ""11"", ""Org"": ""TPE"", ""OrgDesc"": ""Chinese Taipei"", ""Name"": ""YEH Kuei-ping"", ""Order"": 17, ""BirthDate"": ""2005-04-06""}]",垒球,2026-10-02,official_medal_record
TPE|SHO|M.TRM---------------.----|ME_SILVER|4303935,TPE,ME_SILVER,SHO,Shooting,M.TRM---------------.----,Trap Men Individual,A,YANG Kun-Pi,4303935,2026-09-29,M,[],射击,2026-09-29,official_medal_record
TPE|SHO|M.SKM---------------.----|ME_BRONZE|13634212,TPE,ME_BRONZE,SHO,Shooting,M.SKM---------------.----,Skeet Men Individual,A,LEE Meng-Yuan,13634212,2026-09-23,M,[],射击,2026-09-23,official_medal_record
TPE|SHO|W.SPTW--------------.----|ME_BRONZE|SHOWSPTW-------TPE01,TPE,ME_BRONZE,SHO,Shooting,W.SPTW--------------.----,25m Pistol Women Team,T,Chinese Taipei,SHOWSPTW-------TPE01,2026-09-28,W,"[{""Reg"": ""13649678"", ""Bib"": ""1372"", ""Org"": ""TPE"", ""OrgDesc"": ""Chinese Taipei"", ""Name"": ""CHENG Yen-Ching"", ""Order"": 1, ""BirthDate"": ""2006-09-28""}, {""Reg"": ""13656350"", ""Bib"": ""1373"", ""Org"": ""TPE"", ""OrgDesc"": ""Chinese Taipei"", ""Name"": ""TIEN Chia-Chen"", ""Order"": 2, ""BirthDate"": ""1983-12-20""}, {""Reg"": ""13694029"", ""Bib"": ""1374"", ""Org"": ""TPE"", ""OrgDesc"": ""Chinese Taipei"", ""Name"": ""CHEN Yu-Ju"", ""Order"": 3, ""BirthDate"": ""2002-09-10""}]",射击,2026-09-28,official_medal_record
TPE|SKB|M.PARK--------------.----|ME_SILVER|2585854,TPE,ME_SILVER,SKB,Skateboarding,M.PARK--------------.----,Men's Park,A,KU Yong-yan,2585854,2026-09-25,M,[],滑板,2026-09-25,official_medal_record
TPE|SKB|W.PARK--------------.----|ME_SILVER|8000441,TPE,ME_SILVER,SKB,Skateboarding,W.PARK--------------.----,Women's Park,A,LIN Yi-fan,8000441,2026-09-25,W,[],滑板,2026-09-25,official_medal_record
TPE|SWM|M.200MBF------------.----|ME_GOLD|399162,TPE,ME_GOLD,SWM,Swimming,M.200MBF------------.----,Men's 200m Butterfly,A,WANG Kuan-hung,399162,2026-09-25,M,[],游泳,2026-09-25,official_medal_record
TPE|TEN|W.DOUBLES-----------.----|ME_GOLD|TENWDOUBLES----TPE01,TPE,ME_GOLD,TEN,Tennis,W.DOUBLES-----------.----,Women's Doubles,D,HSIEH Su-wei / LIANG En-shuo,TENWDOUBLES----TPE01,2026-10-03,W,"[{""Reg"": ""1665275"", ""Bib"": """", ""Org"": ""TPE"", ""OrgDesc"": ""Chinese Taipei"", ""Name"": ""HSIEH Su-wei"", ""Order"": 1, ""BirthDate"": ""1986-01-04""}, {""Reg"": ""5260530"", ""Bib"": """", ""Org"": ""TPE"", ""OrgDesc"": ""Chinese Taipei"", ""Name"": ""LIANG En-shuo"", ""Order"": 2, ""BirthDate"": ""2000-10-02""}]",网球,2026-10-03,official_medal_record
TPE|TEN|W.DOUBLES-----------.----|ME_SILVER|TENWDOUBLES----TPE02,TPE,ME_SILVER,TEN,Tennis,W.DOUBLES-----------.----,Women's Doubles,D,CHAN Hao-ching / WU Fang-hsien,TENWDOUBLES----TPE02,2026-10-03,W,"[{""Reg"": ""1218357"", ""Bib"": """", ""Org"": ""TPE"", ""OrgDesc"": ""Chinese Taipei"", ""Name"": ""CHAN Hao-ching"", ""Order"": 1, ""BirthDate"": ""1993-09-19""}, {""Reg"": ""2452793"", ""Bib"": """", ""Org"": ""TPE"", ""OrgDesc"": ""Chinese Taipei"", ""Name"": ""WU Fang-hsien"", ""Order"": 2, ""BirthDate"": ""1999-07-15""}]",网球,2026-10-03,official_medal_record
TPE|TEN|M.DOUBLES-----------.----|ME_BRONZE|TENMDOUBLES----TPE02,TPE,ME_BRONZE,TEN,Tennis,M.DOUBLES-----------.----,Men's Doubles,D,HO Chenjui / HSU Yu-hsiou,TENMDOUBLES----TPE02,2026-10-01,M,"[{""Reg"": ""2449546"", ""Bib"": """", ""Org"": ""TPE"", ""OrgDesc"": ""Chinese Taipei"", ""Name"": ""HO Chenjui"", ""Order"": 1, ""BirthDate"": ""2000-02-13""}, {""Reg"": ""2440530"", ""Bib"": """", ""Org"": ""TPE"", ""OrgDesc"": ""Chinese Taipei"", ""Name"": ""HSU Yu-hsiou"", ""Order"": 2, ""BirthDate"": ""1999-04-02""}]",网球,2026-10-01,official_medal_record
TPE|TEN|X.DOUBLES-----------.----|ME_BRONZE|TENXDOUBLES----TPE02,TPE,ME_BRONZE,TEN,Tennis,X.DOUBLES-----------.----,Mixed Doubles,D,HSIEH Su-wei / TSENG Chun-hsin,TENXDOUBLES----TPE02,2026-10-02,X,"[{""Reg"": ""1665275"", ""Bib"": """", ""Org"": ""TPE"", ""OrgDesc"": ""Chinese Taipei"", ""Name"": ""HSIEH Su-wei"", ""Order"": 1, ""BirthDate"": ""1986-01-04""}, {""Reg"": ""2438349"", ""Bib"": """", ""Org"": ""TPE"", ""OrgDesc"": ""Chinese Taipei"", ""Name"": ""TSENG Chun-hsin"", ""Order"": 2, ""BirthDate"": ""2001-08-08""}]",网球,2026-10-02,official_medal_record
TPE|TKW|M.80KG--------------.FNL-|ME_SILVER|6603918,TPE,ME_SILVER,TKW,Taekwondo,M.80KG--------------.FNL-,Men -80kg Gold Medal Contest,A,HUNG Jiun-yi,6603918,2026-10-02,M,[],跆拳道,2026-10-02,official_medal_record
TPE|TKW|W.57KG--------------.FNL-|ME_BRONZE|10187608,TPE,ME_BRONZE,TKW,Taekwondo,W.57KG--------------.FNL-,Women -57kg Gold Medal Contest,A,LIN Wei-chun,10187608,2026-10-03,W,[],跆拳道,2026-10-03,official_medal_record
TPE|TKW|W.67KG--------------.FNL-|ME_BRONZE|663821,TPE,ME_BRONZE,TKW,Taekwondo,W.67KG--------------.FNL-,Women -67kg Gold Medal Contest,A,WANG Wei-chia,663821,2026-10-02,W,[],跆拳道,2026-10-02,official_medal_record
TPE|TST|X.DOUBLES-----------.----|ME_GOLD|TSTXDOUBLES----TPE01,TPE,ME_GOLD,TST,Soft Tennis,X.DOUBLES-----------.----,Mixed Doubles,D,YU Kai-wen / HUANG Shih-yuan,TSTXDOUBLES----TPE01,2026-09-21,X,"[{""Reg"": ""13655436"", ""Bib"": """", ""Org"": ""TPE"", ""OrgDesc"": ""Chinese Taipei"", ""Name"": ""YU Kai-wen"", ""Order"": 1, ""BirthDate"": ""1995-10-25""}, {""Reg"": ""3607367"", ""Bib"": """", ""Org"": ""TPE"", ""OrgDesc"": ""Chinese Taipei"", ""Name"": ""HUANG Shih-yuan"", ""Order"": 2, ""BirthDate"": ""2002-06-25""}]",软式网球,2026-09-21,official_medal_record
TPE|TST|M.TEAM--------------.----|ME_SILVER|TSTMTEAM-------TPE01,TPE,ME_SILVER,TST,Soft Tennis,M.TEAM--------------.----,Men's Team,T,Chinese Taipei,TSTMTEAM-------TPE01,2026-09-20,M,"[{""Reg"": ""13655436"", ""Bib"": """", ""Org"": ""TPE"", ""OrgDesc"": ""Chinese Taipei"", ""Name"": ""YU Kai-wen"", ""Order"": 1, ""BirthDate"": ""1995-10-25""}, {""Reg"": ""13656004"", ""Bib"": """", ""Org"": ""TPE"", ""OrgDesc"": ""Chinese Taipei"", ""Name"": ""LIN Wei-chieh"", ""Order"": 2, ""BirthDate"": ""1997-04-06""}, {""Reg"": ""13758863"", ""Bib"": """", ""Org"": ""TPE"", ""OrgDesc"": ""Chinese Taipei"", ""Name"": ""CHEN Po-yi"", ""Order"": 3, ""BirthDate"": ""2003-09-18""}, {""Reg"": ""3483464"", ""Bib"": """", ""Org"": ""TPE"", ""OrgDesc"": ""Chinese Taipei"", ""Name"": ""CHEN Yu-hsun"", ""Order"": 4, ""BirthDate"": ""2001-03-02""}, {""Reg"": ""3589239"", ""Bib"": """", ""Org"": ""TPE"", ""OrgDesc"": ""Chinese Taipei"", ""Name"": ""CHANG Yu-sung"", ""Order"": 5, ""BirthDate"": ""2001-02-20""}]",软式网球,2026-09-20,official_medal_record
TPE|TST|W.TEAM--------------.----|ME_SILVER|TSTWTEAM-------TPE01,TPE,ME_SILVER,TST,Soft Tennis,W.TEAM--------------.----,Women's Team,T,Chinese Taipei,TSTWTEAM-------TPE01,2026-09-20,W,"[{""Reg"": ""13768472"", ""Bib"": """", ""Org"": ""TPE"", ""OrgDesc"": ""Chinese Taipei"", ""Name"": ""ZHOU Yan-zhen"", ""Order"": 1, ""BirthDate"": ""2004-09-20""}, {""Reg"": ""13770907"", ""Bib"": """", ""Org"": ""TPE"", ""OrgDesc"": ""Chinese Taipei"", ""Name"": ""CHIANG Min-yu"", ""Order"": 2, ""BirthDate"": ""2003-08-16""}, {""Reg"": ""13778200"", ""Bib"": """", ""Org"": ""TPE"", ""OrgDesc"": ""Chinese Taipei"", ""Name"": ""LO Shu-ting"", ""Order"": 3, ""BirthDate"": ""1999-03-05""}, {""Reg"": ""3500721"", ""Bib"": """", ""Org"": ""TPE"", ""OrgDesc"": ""Chinese Taipei"", ""Name"": ""HSU Chiao-ying"", ""Order"": 4, ""BirthDate"": ""2003-03-31""}, {""Reg"": ""3607367"", ""Bib"": """", ""Org"": ""TPE"", ""OrgDesc"": ""Chinese Taipei"", ""Name"": ""HUANG Shih-yuan"", ""Order"": 5, ""BirthDate"": ""2002-06-25""}]",软式网球,2026-09-20,official_medal_record
TPE|TST|M.SINGLES-----------.----|ME_BRONZE|13758863,TPE,ME_BRONZE,TST,Soft Tennis,M.SINGLES-----------.----,Men's Singles,A,CHEN Po-yi,13758863,2026-09-23,M,[],软式网球,2026-09-23,official_medal_record
TPE|TTE|M.SINGLES-----------.----|ME_BRONZE|4735886,TPE,ME_BRONZE,TTE,Table Tennis,M.SINGLES-----------.----,Men's Singles,A,LIN Yun-ju,4735886,2026-09-28,M,[],乒乓球,2026-09-28,official_medal_record
TPE|TTE|M.TEAM--------------.----|ME_BRONZE|TTEMTEAM-------TPE01,TPE,ME_BRONZE,TTE,Table Tennis,M.TEAM--------------.----,Men's Team,T,Chinese Taipei,TTEMTEAM-------TPE01,2026-09-23,M,"[{""Reg"": ""15725713"", ""Bib"": """", ""Org"": ""TPE"", ""OrgDesc"": ""Chinese Taipei"", ""Name"": ""FENG Yi-hsin"", ""Order"": 1, ""BirthDate"": ""2003-01-01""}, {""Reg"": ""15728414"", ""Bib"": """", ""Org"": ""TPE"", ""OrgDesc"": ""Chinese Taipei"", ""Name"": ""HSU Hsien-chia"", ""Order"": 2, ""BirthDate"": ""2008-06-28""}, {""Reg"": ""4735886"", ""Bib"": """", ""Org"": ""TPE"", ""OrgDesc"": ""Chinese Taipei"", ""Name"": ""LIN Yun-ju"", ""Order"": 3, ""BirthDate"": ""2001-08-17""}, {""Reg"": ""641974"", ""Bib"": """", ""Org"": ""TPE"", ""OrgDesc"": ""Chinese Taipei"", ""Name"": ""KUO Guan-hong"", ""Order"": 4, ""BirthDate"": ""2008-10-24""}, {""Reg"": ""644675"", ""Bib"": """", ""Org"": ""TPE"", ""OrgDesc"": ""Chinese Taipei"", ""Name"": ""HUNG Jing-kai"", ""Order"": 5, ""BirthDate"": ""2007-09-22""}]",乒乓球,2026-09-23,official_medal_record
TPE|WLF|W.69KG--------------.FNL-|ME_SILVER|696828,TPE,ME_SILVER,WLF,Weightlifting,W.69KG--------------.FNL-,Women's 69kg All Groups,A,CHEN Wen-huei,696828,2026-09-27,W,[],举重,2026-09-27,official_medal_record
TPE|WLF|W.57KG--------------.FNL-|ME_BRONZE|1853876,TPE,ME_BRONZE,WLF,Weightlifting,W.57KG--------------.FNL-,Women's 57kg All Groups,A,CHEN Guan-ling,1853876,2026-09-25,W,[],举重,2026-09-25,official_medal_record
TPE|WLF|W.61KG--------------.FNL-|ME_BRONZE|694199,TPE,ME_BRONZE,WLF,Weightlifting,W.61KG--------------.FNL-,Women's 61kg All Groups,A,KUO Hsing-chun,694199,2026-09-25,W,[],举重,2026-09-25,official_medal_record
TPE|WSU|M.TAIJ--------------.FNL-|ME_SILVER|6021490,TPE,ME_SILVER,WSU,Wushu,M.TAIJ--------------.FNL-,Men's Taijiquan & Taijijian,A,SUN Chia-hung,6021490,2026-09-21,M,[],武术,2026-09-21,official_medal_record
TPE|WSU|M.75KG--------------.----|ME_BRONZE|1813658,TPE,ME_BRONZE,WSU,Wushu,M.75KG--------------.----,Men's 75kg,A,ZHANG Huan-yi,1813658,2026-09-23,M,[],武术,2026-09-23,official_medal_record
TPE|WSU|M.NANG--------------.FNL-|ME_BRONZE|6020214,TPE,ME_BRONZE,WSU,Wushu,M.NANG--------------.FNL-,Men's Nanquan & Nangun,A,LIU Chang-min,6020214,2026-09-22,M,[],武术,2026-09-22,official_medal_record
TJK|BOX|M.60KG--------------.----|ME_BRONZE|11662764,TJK,ME_BRONZE,BOX,Boxing,M.60KG--------------.----,Men's 60kg,A,UBAIDOV Akmal,11662764,2026-09-29,M,[],拳击,2026-09-29,official_medal_record
TJK|BOX|M.90KG--------------.----|ME_BRONZE|7348248,TJK,ME_BRONZE,BOX,Boxing,M.90KG--------------.----,Men's 90kg,A,KARIMOV Parviz,7348248,2026-09-30,M,[],拳击,2026-09-30,official_medal_record
TJK|JUD|M.100KG-------------.FNL-|ME_SILVER|6248521,TJK,ME_SILVER,JUD,Judo,M.100KG-------------.FNL-,Men -100 kg Final,A,MADZHIDOV Dzhakhongir,6248521,2026-10-02,M,[],柔道,2026-10-02,official_medal_record
TJK|JUD|M.73KG--------------.FNL-|ME_BRONZE|10952149,TJK,ME_BRONZE,JUD,Judo,M.73KG--------------.FNL-,Men -73 kg Final,A,ASADULLOEV Muhiddin,10952149,2026-10-01,M,[],柔道,2026-10-01,official_medal_record
TJK|JUD|M.81KG--------------.FNL-|ME_BRONZE|12476664,TJK,ME_BRONZE,JUD,Judo,M.81KG--------------.FNL-,Men -81 kg Final,A,SHEROV Abubakr,12476664,2026-10-01,M,[],柔道,2026-10-01,official_medal_record
TJK|JUD|W.48KG--------------.FNL-|ME_BRONZE|6250335,TJK,ME_BRONZE,JUD,Judo,W.48KG--------------.FNL-,Women -48 kg Final,A,MUMINOVA Ahliya,6250335,2026-09-30,W,[],柔道,2026-09-30,official_medal_record
TJK|KTE|M.55KG--------------.FNL-|ME_BRONZE|7843201,TJK,ME_BRONZE,KTE,Karate,M.55KG--------------.FNL-,Men's Kumite -55kg Final,A,MUMINOV Makhsatullo,7843201,2026-09-20,M,[],空手道,2026-09-20,official_medal_record
TJK|KUR|M.66KG--------------.FNL-|ME_SILVER|335031,TJK,ME_SILVER,KUR,Kurash,M.66KG--------------.FNL-,Men -66kg Final,A,BOBOKALONOV Yosin,335031,2026-09-29,M,[],库拉什,2026-09-29,official_medal_record
TJK|KUR|M.O90KG-------------.FNL-|ME_SILVER|11012916,TJK,ME_SILVER,KUR,Kurash,M.O90KG-------------.FNL-,Men +90kg Final,A,MIRMAMADOV Shakarmamad,11012916,2026-09-27,M,[],库拉什,2026-09-27,official_medal_record
TJK|KUR|M.66KG--------------.FNL-|ME_BRONZE|1538285,TJK,ME_BRONZE,KUR,Kurash,M.66KG--------------.FNL-,Men -66kg Final,A,ABDUSHUKUROV Sarvar,1538285,2026-09-29,M,[],库拉什,2026-09-29,official_medal_record
TJK|MMA|M.M60KG-------------.FNL-|ME_GOLD|2492195,TJK,ME_GOLD,MMA,Mixed Martial Arts,M.M60KG-------------.FNL-,Men's Modern -60kg Final,A,UMAROV Mirzobek,2492195,2026-09-22,M,[],综合格斗,2026-09-22,official_medal_record
TJK|MMA|M.T65KG-------------.FNL-|ME_GOLD|10237797,TJK,ME_GOLD,MMA,Mixed Martial Arts,M.T65KG-------------.FNL-,Men's Traditional  -65kg Final,A,RAJABOV Otabek,10237797,2026-09-22,M,[],综合格斗,2026-09-22,official_medal_record
TJK|MMA|M.M71KG-------------.FNL-|ME_SILVER|2491823,TJK,ME_SILVER,MMA,Mixed Martial Arts,M.M71KG-------------.FNL-,Men's Modern -71kg Final,A,KHURSHEDZODA Behruz,2491823,2026-09-22,M,[],综合格斗,2026-09-22,official_medal_record
TJK|WRE|M.FS65KG------------.FNL-|ME_SILVER|16287157,TJK,ME_SILVER,WRE,Wrestling,M.FS65KG------------.FNL-,Men's Freestyle 65kg Final,A,KUDIEV Abdulmazhid,16287157,2026-10-02,M,[],摔跤,2026-10-02,official_medal_record
TJK|WRE|M.FS57KG------------.FNL-|ME_BRONZE|14341672,TJK,ME_BRONZE,WRE,Wrestling,M.FS57KG------------.FNL-,Men's Freestyle 57kg Final,A,BELOLYUBSKII Aiaal,14341672,2026-10-03,M,[],摔跤,2026-10-03,official_medal_record
TJK|WRE|M.FS74KG------------.FNL-|ME_BRONZE|15174753,TJK,ME_BRONZE,WRE,Wrestling,M.FS74KG------------.FNL-,Men's Freestyle 74kg Final,A,RASSADIN Viktor,15174753,2026-10-03,M,[],摔跤,2026-10-03,official_medal_record
THA|ATH|M.100M--------------.----|ME_GOLD|16362440,THA,ME_GOLD,ATH,Athletics,M.100M--------------.----,Men's 100m,A,BOONSON Puripol,16362440,2026-09-25,M,[],田径,2026-09-25,official_medal_record
THA|ATH|M.200M--------------.----|ME_GOLD|16362440,THA,ME_GOLD,ATH,Athletics,M.200M--------------.----,Men's 200m,A,BOONSON Puripol,16362440,2026-09-27,M,[],田径,2026-09-27,official_medal_record
THA|ATH|M.400M--------------.----|ME_GOLD|2624607,THA,ME_GOLD,ATH,Athletics,M.400M--------------.----,Men's 400m,A,ATKINSON Joshua,2624607,2026-09-26,M,[],田径,2026-09-26,official_medal_record
THA|ATH|W.4X100M------------.----|ME_SILVER|ATHW4X100M-----THA01,THA,ME_SILVER,ATH,Athletics,W.4X100M------------.----,Women's 4 x 100m Relay,T,Thailand,ATHW4X100M-----THA01,2026-09-28,W,"[{""Reg"": ""16335133"", ""Bib"": ""1121"", ""Org"": ""THA"", ""OrgDesc"": ""Thailand"", ""Name"": ""SANMANO Manatsada"", ""Order"": 1, ""BirthDate"": ""2004-05-06""}, {""Reg"": ""1329363"", ""Bib"": ""736"", ""Org"": ""THA"", ""OrgDesc"": ""Thailand"", ""Name"": ""PETRAKSA Sukanda"", ""Order"": 2, ""BirthDate"": ""2003-08-15""}, {""Reg"": ""2592438"", ""Bib"": ""1119"", ""Org"": ""THA"", ""OrgDesc"": ""Thailand"", ""Name"": ""POOLKERD Supanich"", ""Order"": 3, ""BirthDate"": ""1997-11-28""}, {""Reg"": ""1328163"", ""Bib"": ""734"", ""Org"": ""THA"", ""OrgDesc"": ""Thailand"", ""Name"": ""KHANONTA Jirapat"", ""Order"": 4, ""BirthDate"": ""2005-09-12""}]",田径,2026-09-28,official_medal_record
THA|ATH|X.4X100M------------.----|ME_SILVER|ATHX4X100M-----THA01,THA,ME_SILVER,ATH,Athletics,X.4X100M------------.----,4 x 100m Relay Mixed,T,Thailand,ATHX4X100M-----THA01,2026-09-29,X,"[{""Reg"": ""16363525"", ""Bib"": ""731"", ""Org"": ""THA"", ""OrgDesc"": ""Thailand"", ""Name"": ""PRUKSORRANAN Chutithat"", ""Order"": 0, ""BirthDate"": ""2007-08-24""}, {""Reg"": ""2622106"", ""Bib"": ""1110"", ""Org"": ""THA"", ""OrgDesc"": ""Thailand"", ""Name"": ""IAMUDOM Natawat"", ""Order"": 0, ""BirthDate"": ""2003-02-17""}, {""Reg"": ""1328163"", ""Bib"": ""734"", ""Org"": ""THA"", ""OrgDesc"": ""Thailand"", ""Name"": ""KHANONTA Jirapat"", ""Order"": 0, ""BirthDate"": ""2005-09-12""}, {""Reg"": ""16364352"", ""Bib"": ""1113"", ""Org"": ""THA"", ""OrgDesc"": ""Thailand"", ""Name"": ""KHONGPRASIT Chayut"", ""Order"": 0, ""BirthDate"": ""1991-01-31""}, {""Reg"": ""2592438"", ""Bib"": ""1119"", ""Org"": ""THA"", ""OrgDesc"": ""Thailand"", ""Name"": ""POOLKERD Supanich"", ""Order"": 0, ""BirthDate"": ""1997-11-28""}, {""Reg"": ""16362440"", ""Bib"": ""727"", ""Org"": ""THA"", ""OrgDesc"": ""Thailand"", ""Name"": ""BOONSON Puripol"", ""Order"": 0, ""BirthDate"": ""2006-01-13""}]",田径,2026-09-29,official_medal_record
THA|ATH|W.DISCUS------------.----|ME_BRONZE|5439186,THA,ME_BRONZE,ATH,Athletics,W.DISCUS------------.----,Women's Discus Throw,A,INSAENG Subenrat,5439186,2026-09-28,W,[],田径,2026-09-28,official_medal_record
THA|BDM|M.SINGLES-----------.----|ME_GOLD|10737958,THA,ME_GOLD,BDM,Badminton,M.SINGLES-----------.----,Men's Singles,A,VITIDSARN Kunlavut,10737958,2026-09-29,M,[],羽毛球,2026-09-29,official_medal_record
THA|BDM|M.TEAM--------------.----|ME_BRONZE|BDMMTEAM-------THA01,THA,ME_BRONZE,BDM,Badminton,M.TEAM--------------.----,Men's Team,T,Thailand,BDMMTEAM-------THA01,2026-09-23,M,"[{""Reg"": ""10737958"", ""Bib"": """", ""Org"": ""THA"", ""OrgDesc"": ""Thailand"", ""Name"": ""VITIDSARN Kunlavut"", ""Order"": 1, ""BirthDate"": ""2001-05-11""}, {""Reg"": ""10738427"", ""Bib"": """", ""Org"": ""THA"", ""OrgDesc"": ""Thailand"", ""Name"": ""TEERARATSAKUL Panitchaphon"", ""Order"": 2, ""BirthDate"": ""2004-11-11""}, {""Reg"": ""10739106"", ""Bib"": """", ""Org"": ""THA"", ""OrgDesc"": ""Thailand"", ""Name"": ""ARREE Puritat"", ""Order"": 3, ""BirthDate"": ""2003-01-28""}, {""Reg"": ""10739990"", ""Bib"": """", ""Org"": ""THA"", ""OrgDesc"": ""Thailand"", ""Name"": ""PUAVARANUKROH Dechapol"", ""Order"": 4, ""BirthDate"": ""1997-05-20""}, {""Reg"": ""10742847"", ""Bib"": """", ""Org"": ""THA"", ""OrgDesc"": ""Thailand"", ""Name"": ""OUPTHONG Ruttanapak"", ""Order"": 5, ""BirthDate"": ""2000-04-12""}, {""Reg"": ""11933889"", ""Bib"": """", ""Org"": ""THA"", ""OrgDesc"": ""Thailand"", ""Name"": ""TEERARATSAKUL Pakkapon"", ""Order"": 6, ""BirthDate"": ""2004-11-11""}, {""Reg"": ""11934070"", ""Bib"": """", ""Org"": ""THA"", ""OrgDesc"": ""Thailand"", ""Name"": ""SUKPHUN Peeratchai"", ""Order"": 7, ""BirthDate"": ""2004-08-31""}, {""Reg"": ""2930995"", ""Bib"": """", ""Org"": ""THA"", ""OrgDesc"": ""Thailand"", ""Name"": ""THONGSA-NGA Worrapol"", ""Order"": 8, ""BirthDate"": ""1995-10-29""}, {""Reg"": ""2931211"", ""Bib"": """", ""Org"": ""THA"", ""OrgDesc"": ""Thailand"", ""Name"": ""CHAROENKITAMORN Chaloempon"", ""Order"": 9, ""BirthDate"": ""1997-04-15""}, {""Reg"": ""8334029"", ""Bib"": """", ""Org"": ""THA"", ""OrgDesc"": ""Thailand"", ""Name"": ""YIMJIT Tanawat"", ""Order"": 10, ""BirthDate"": ""2004-12-07""}]",羽毛球,2026-09-23,official_medal_record
THA|BOX|W.54KG--------------.----|ME_GOLD|12861493,THA,ME_GOLD,BOX,Boxing,W.54KG--------------.----,Women's 54kg,A,CHONGPRONGKLANG Natnicha,12861493,2026-10-02,W,[],拳击,2026-10-02,official_medal_record
THA|CSL|W.C1----------------.----|ME_SILVER|8367081,THA,ME_SILVER,CSL,Canoe Slalom,W.C1----------------.----,Women's Canoe Single,A,DUANGLAWA Atcharaporn,8367081,2026-10-02,W,[],皮划艇激流回旋,2026-10-02,official_medal_record
THA|CSL|M.C1----------------.----|ME_BRONZE|11962120,THA,ME_BRONZE,CSL,Canoe Slalom,M.C1----------------.----,Men's Canoe Single,A,KOETSUK Piyanath,11962120,2026-10-02,M,[],皮划艇激流回旋,2026-10-02,official_medal_record
THA|ELS|O.PUBGM-------------.FNL-|ME_GOLD|ELSOPUBGM------THA01,THA,ME_GOLD,ELS,Esports,O.PUBGM-------------.FNL-,PUBG MOBILE - Asian Games Version Finals,T,Thailand,ELSOPUBGM------THA01,2026-09-29,O,"[{""Reg"": ""15836148"", ""Bib"": """", ""Org"": ""THA"", ""OrgDesc"": ""Thailand"", ""Name"": ""MUENSA Nuttawut"", ""Order"": 1, ""BirthDate"": ""2006-05-29""}, {""Reg"": ""15836735"", ""Bib"": """", ""Org"": ""THA"", ""OrgDesc"": ""Thailand"", ""Name"": ""THANORMCHIT Sathit"", ""Order"": 2, ""BirthDate"": ""2002-06-07""}, {""Reg"": ""4853331"", ""Bib"": """", ""Org"": ""THA"", ""OrgDesc"": ""Thailand"", ""Name"": ""SINGKAEW Supachai"", ""Order"": 3, ""BirthDate"": ""2003-11-12""}, {""Reg"": ""4854158"", ""Bib"": """", ""Org"": ""THA"", ""OrgDesc"": ""Thailand"", ""Name"": ""WONGTHONGHATSACHAI Pawarit"", ""Order"": 4, ""BirthDate"": ""2004-05-19""}, {""Reg"": ""755651"", ""Bib"": """", ""Org"": ""THA"", ""OrgDesc"": ""Thailand"", ""Name"": ""WANNALERTSAKUL Phumrapee"", ""Order"": 5, ""BirthDate"": ""2004-09-08""}]",电子竞技,2026-09-29,official_medal_record
THA|ELS|O.NRK---------------.FNL-|ME_SILVER|ELSONRK--------THA01,THA,ME_SILVER,ELS,Esports,O.NRK---------------.FNL-,NARAKA : BLADEPOINT Finals,T,Thailand,ELSONRK--------THA01,2026-09-24,O,"[{""Reg"": ""15834884"", ""Bib"": """", ""Org"": ""THA"", ""OrgDesc"": ""Thailand"", ""Name"": ""PHONNGAM Sahawat"", ""Order"": 1, ""BirthDate"": ""2000-07-08""}, {""Reg"": ""2094242"", ""Bib"": """", ""Org"": ""THA"", ""OrgDesc"": ""Thailand"", ""Name"": ""PIDKWAMLAB Nopparat"", ""Order"": 2, ""BirthDate"": ""2001-05-06""}, {""Reg"": ""2095040"", ""Bib"": """", ""Org"": ""THA"", ""OrgDesc"": ""Thailand"", ""Name"": ""LEMOINE Kevin"", ""Order"": 3, ""BirthDate"": ""2005-02-02""}, {""Reg"": ""4851187"", ""Bib"": """", ""Org"": ""THA"", ""OrgDesc"": ""Thailand"", ""Name"": ""CHANGSOI Wachirawut"", ""Order"": 4, ""BirthDate"": ""2002-06-17""}, {""Reg"": ""4851447"", ""Bib"": """", ""Org"": ""THA"", ""OrgDesc"": ""Thailand"", ""Name"": ""KAMPANGKAEW Jongrak"", ""Order"": 5, ""BirthDate"": ""2001-02-07""}]",电子竞技,2026-09-24,official_medal_record
THA|ELS|O.PYO---------------.FNL-|ME_BRONZE|747223,THA,ME_BRONZE,ELS,Esports,O.PYO---------------.FNL-,Puyo Puyo Champions Finals,A,WONGKITIKUN Tanarak,747223,2026-09-26,M,[],电子竞技,2026-09-26,official_medal_record
THA|EQU|O.EVENTEAM----------.----|ME_GOLD|EQUOEVENTEAM---THA01,THA,ME_GOLD,EQU,Equestrian,O.EVENTEAM----------.----,Eventing Team,T,Thailand,EQUOEVENTEAM---THA01,2026-09-23,O,"[{""Reg"": ""14726119"", ""Bib"": """", ""Org"": ""THA"", ""OrgDesc"": ""Thailand"", ""Name"": ""KHAW-NGAM Supap"", ""Order"": 1, ""BirthDate"": ""1967-07-28""}, {""Reg"": ""11198072"", ""Bib"": """", ""Org"": ""THA"", ""OrgDesc"": ""Thailand"", ""Name"": ""SITTIJU Woraphat"", ""Order"": 2, ""BirthDate"": ""2001-05-19""}, {""Reg"": ""14726928"", ""Bib"": """", ""Org"": ""THA"", ""OrgDesc"": ""Thailand"", ""Name"": ""SAMRAN Korntawat"", ""Order"": 3, ""BirthDate"": ""1997-12-15""}, {""Reg"": ""1721906"", ""Bib"": """", ""Org"": ""THA"", ""OrgDesc"": ""Thailand"", ""Name"": ""PITAKANONDA Weerapat"", ""Order"": 4, ""BirthDate"": ""1983-09-04""}]",马术,2026-09-23,official_medal_record
THA|EQU|O.EVENINDV----------.----|ME_SILVER|11198072,THA,ME_SILVER,EQU,Equestrian,O.EVENINDV----------.----,Eventing Individual,A,SITTIJU Woraphat,11198072,2026-09-23,M,[],马术,2026-09-23,official_medal_record
THA|GLF|M.STROKE------------.FNL-|ME_BRONZE|5265041,THA,ME_BRONZE,GLF,Golf,M.STROKE------------.FNL-,Men's Individual Stroke Play,A,KAEWKANJANA Sadom,5265041,2026-10-03,M,[],高尔夫球,2026-10-03,official_medal_record
THA|JJI|W.63KG--------------.FNL-|ME_GOLD|7407710,THA,ME_GOLD,JJI,Jiu Jitsu,W.63KG--------------.FNL-,Women -63kg Final - Gold Medal,A,SENATHAM Orapa,7407710,2026-10-03,W,[],柔术,2026-10-03,official_medal_record
THA|JJI|W.48KG--------------.----|ME_BRONZE|12992957,THA,ME_BRONZE,JJI,Jiu Jitsu,W.48KG--------------.----,Women -48kg,A,SUZUKI Miyu,12992957,2026-10-01,W,[],柔术,2026-10-01,official_medal_record
THA|JJI|W.52KG--------------.FNL-|ME_BRONZE|7407061,THA,ME_BRONZE,JJI,Jiu Jitsu,W.52KG--------------.FNL-,Women -52kg Final - Gold Medal,A,SINGCHALAD Nuchanat,7407061,2026-10-02,W,[],柔术,2026-10-02,official_medal_record
THA|KAB|M.TEAM7-------------.FNL-|ME_BRONZE|KABMTEAM7------THA01,THA,ME_BRONZE,KAB,Kabaddi,M.TEAM7-------------.FNL-,Men's Team Final,T,Thailand,KABMTEAM7------THA01,2026-09-25,M,"[{""Reg"": ""12979477"", ""Bib"": """", ""Org"": ""THA"", ""OrgDesc"": ""Thailand"", ""Name"": ""KAMUNEE Chayaphon"", ""Order"": 1, ""BirthDate"": ""2000-12-02""}, {""Reg"": ""12979742"", ""Bib"": """", ""Org"": ""THA"", ""OrgDesc"": ""Thailand"", ""Name"": ""YOTSUNGNOEN Rattanakon"", ""Order"": 2, ""BirthDate"": ""2002-09-30""}, {""Reg"": ""12980435"", ""Bib"": """", ""Org"": ""THA"", ""OrgDesc"": ""Thailand"", ""Name"": ""SOMRAT Supawit"", ""Order"": 3, ""BirthDate"": ""2006-08-03""}, {""Reg"": ""12980775"", ""Bib"": """", ""Org"": ""THA"", ""OrgDesc"": ""Thailand"", ""Name"": ""PHETCHUI Saharat"", ""Order"": 4, ""BirthDate"": ""2005-06-17""}, {""Reg"": ""12982268"", ""Bib"": """", ""Org"": ""THA"", ""OrgDesc"": ""Thailand"", ""Name"": ""JITTIANG Khomkrit"", ""Order"": 5, ""BirthDate"": ""2006-03-20""}, {""Reg"": ""4824213"", ""Bib"": """", ""Org"": ""THA"", ""OrgDesc"": ""Thailand"", ""Name"": ""PONTAISONG Nopphadon"", ""Order"": 6, ""BirthDate"": ""2004-09-27""}, {""Reg"": ""4825013"", ""Bib"": """", ""Org"": ""THA"", ""OrgDesc"": ""Thailand"", ""Name"": ""PHIKHRAO Nithiphat"", ""Order"": 7, ""BirthDate"": ""2001-12-14""}, {""Reg"": ""4826266"", ""Bib"": """", ""Org"": ""THA"", ""OrgDesc"": ""Thailand"", ""Name"": ""KAEWKAMPON Somboon"", ""Order"": 8, ""BirthDate"": ""2007-11-30""}, {""Reg"": ""7393545"", ""Bib"": """", ""Org"": ""THA"", ""OrgDesc"": ""Thailand"", ""Name"": ""SRIHERA Tanongsak"", ""Order"": 9, ""BirthDate"": ""1996-11-01""}, {""Reg"": ""7393946"", ""Bib"": """", ""Org"": ""THA"", ""OrgDesc"": ""Thailand"", ""Name"": ""SAISING Pramot"", ""Order"": 10, ""BirthDate"": ""1997-04-14""}, {""Reg"": ""7394996"", ""Bib"": """", ""Org"": ""THA"", ""OrgDesc"": ""Thailand"", ""Name"": ""CHAISIT Theeradet"", ""Order"": 11, ""BirthDate"": ""2000-03-07""}, {""Reg"": ""7395396"", ""Bib"": """", ""Org"": ""THA"", ""OrgDesc"": ""Thailand"", ""Name"": ""WUTTARI Wisat"", ""Order"": 12, ""BirthDate"": ""2005-11-01""}]",卡巴迪,2026-09-25,official_medal_record
THA|KTE|W.O68KG-------------.FNL-|ME_SILVER|6104912,THA,ME_SILVER,KTE,Karate,W.O68KG-------------.FNL-,Women's Kumite +68kg Final,A,BUTSUWAN Maneevan,6104912,2026-09-20,W,[],空手道,2026-09-20,official_medal_record
THA|KTE|M.O84KG-------------.FNL-|ME_BRONZE|11087112,THA,ME_BRONZE,KTE,Karate,M.O84KG-------------.FNL-,Men's Kumite +84kg Final,A,KANGTONG Teerawat,11087112,2026-09-23,M,[],空手道,2026-09-23,official_medal_record
THA|KUR|M.O90KG-------------.FNL-|ME_BRONZE|1074350,THA,ME_BRONZE,KUR,Kurash,M.O90KG-------------.FNL-,Men +90kg Final,A,YEA-ON Kunathip,1074350,2026-09-27,M,[],库拉什,2026-09-27,official_medal_record
THA|MMA|W.M54KG-------------.FNL-|ME_GOLD|4520501,THA,ME_GOLD,MMA,Mixed Martial Arts,W.M54KG-------------.FNL-,Women's Modern -54kg Final,A,PHATTARABOONSORN Kanjutha,4520501,2026-09-22,W,[],综合格斗,2026-09-22,official_medal_record
THA|ROW|W.SCULL1-L----------.FNL-|ME_BRONZE|2952731,THA,ME_BRONZE,ROW,Rowing,W.SCULL1-L----------.FNL-,Lightweight Women's Single Sculls Finals,A,CHAEMPUDSA Parisa,2952731,2026-09-24,W,[],赛艇,2026-09-24,official_medal_record
THA|SAL|W.ILCA4-------------.----|ME_GOLD|7437785,THA,ME_GOLD,SAL,Sailing,W.ILCA4-------------.----,Girls' Dinghy,A,KLAYSOMBOON Pinchanok,7437785,2026-10-03,W,[],帆船帆板,2026-10-03,official_medal_record
THA|SAL|W.ILCA6-------------.----|ME_GOLD|7436315,THA,ME_GOLD,SAL,Sailing,W.ILCA6-------------.----,Women's Dinghy,A,MONTGOMERY Sophia,7436315,2026-10-03,W,[],帆船帆板,2026-10-03,official_medal_record
THA|SAL|X.420---------------.----|ME_SILVER|SALX420--------THA01,THA,ME_SILVER,SAL,Sailing,X.420---------------.----,Youth Mixed Dinghy,T,Thailand,SALX420--------THA01,2026-10-03,X,"[{""Reg"": ""4679313"", ""Bib"": """", ""Org"": ""THA"", ""OrgDesc"": ""Thailand"", ""Name"": ""JAROENPON Pitipoom"", ""Order"": 1, ""BirthDate"": ""2008-10-11""}, {""Reg"": ""4868239"", ""Bib"": """", ""Org"": ""THA"", ""OrgDesc"": ""Thailand"", ""Name"": ""SAKSRIKLOM Worrakan"", ""Order"": 2, ""BirthDate"": ""2012-03-28""}]",帆船帆板,2026-10-03,official_medal_record
THA|SAL|M.IQFOIL------------.----|ME_BRONZE|6681204,THA,ME_BRONZE,SAL,Sailing,M.IQFOIL------------.----,Men's Windsurfing,A,MCMILLAN William,6681204,2026-10-03,M,[],帆船帆板,2026-10-03,official_medal_record
THA|SAL|W.IQFOIL-Y----------.----|ME_BRONZE|1105596,THA,ME_BRONZE,SAL,Sailing,W.IQFOIL-Y----------.----,Girls' Windsurfing,A,CHAROENSUK Chanatkan,1105596,2026-10-03,W,[],帆船帆板,2026-10-03,official_medal_record
THA|SHO|W.SKW---------------.----|ME_SILVER|2525784,THA,ME_SILVER,SHO,Shooting,W.SKW---------------.----,Skeet Women Individual,A,IMPRASERTSUK Isarapa,2525784,2026-09-23,W,[],射击,2026-09-23,official_medal_record
THA|SPK|M.REGU--------------.FNL-|ME_GOLD|SPKMREGU-------THA01,THA,ME_GOLD,SPK,Sepaktakraw,M.REGU--------------.FNL-,Men's Regu Final,T,Thailand,SPKMREGU-------THA01,2026-09-29,M,"[{""Reg"": ""5056549"", ""Bib"": ""23"", ""Org"": ""THA"", ""OrgDesc"": ""Thailand"", ""Name"": ""NONTAKOTE Kritsanapong"", ""Order"": 1, ""BirthDate"": ""1992-11-27""}, {""Reg"": ""5056969"", ""Bib"": ""15"", ""Org"": ""THA"", ""OrgDesc"": ""Thailand"", ""Name"": ""TINBANGBON Pornthep"", ""Order"": 2, ""BirthDate"": ""1995-10-03""}, {""Reg"": ""5069713"", ""Bib"": ""25"", ""Org"": ""THA"", ""OrgDesc"": ""Thailand"", ""Name"": ""KAMSANOR Wuttinun"", ""Order"": 3, ""BirthDate"": ""2002-05-25""}, {""Reg"": ""746115"", ""Bib"": ""22"", ""Org"": ""THA"", ""OrgDesc"": ""Thailand"", ""Name"": ""SAPYEN Tanaphon"", ""Order"": 4, ""BirthDate"": ""1996-12-09""}, {""Reg"": ""8191976"", ""Bib"": ""1"", ""Org"": ""THA"", ""OrgDesc"": ""Thailand"", ""Name"": ""SOPA Phutawan"", ""Order"": 5, ""BirthDate"": ""2000-06-08""}]",藤球,2026-09-29,official_medal_record
THA|SPK|W.TEAMREGU----------.FNL-|ME_GOLD|SPKWTEAMREGU---THA01,THA,ME_GOLD,SPK,Sepaktakraw,W.TEAMREGU----------.FNL-,Women's Team Regu Finals,T,Thailand,SPKWTEAMREGU---THA01,2026-09-25,W,"[{""Reg"": ""12083033"", ""Bib"": ""6"", ""Org"": ""THA"", ""OrgDesc"": ""Thailand"", ""Name"": ""THONGSOD Ratsamee"", ""Order"": 1, ""BirthDate"": ""1999-04-21""}, {""Reg"": ""12083785"", ""Bib"": ""7"", ""Org"": ""THA"", ""OrgDesc"": ""Thailand"", ""Name"": ""BUNTHOD Manlika"", ""Order"": 2, ""BirthDate"": ""1996-01-05""}, {""Reg"": ""12121224"", ""Bib"": ""4"", ""Org"": ""THA"", ""OrgDesc"": ""Thailand"", ""Name"": ""PUMSAWANGKAEW Kaewjai"", ""Order"": 3, ""BirthDate"": ""1989-06-27""}, {""Reg"": ""5077794"", ""Bib"": ""10"", ""Org"": ""THA"", ""OrgDesc"": ""Thailand"", ""Name"": ""PRUEPRUK Somruedee"", ""Order"": 4, ""BirthDate"": ""1994-06-03""}, {""Reg"": ""5218857"", ""Bib"": ""23"", ""Org"": ""THA"", ""OrgDesc"": ""Thailand"", ""Name"": ""SRIKHAMLUE Usa"", ""Order"": 5, ""BirthDate"": ""1999-02-23""}, {""Reg"": ""8232371"", ""Bib"": ""5"", ""Org"": ""THA"", ""OrgDesc"": ""Thailand"", ""Name"": ""MANEEWONG Pruksa"", ""Order"": 6, ""BirthDate"": ""1998-04-11""}, {""Reg"": ""8233699"", ""Bib"": ""24"", ""Org"": ""THA"", ""OrgDesc"": ""Thailand"", ""Name"": ""SALUPPHON Nipaporn"", ""Order"": 7, ""BirthDate"": ""1997-05-24""}, {""Reg"": ""8238433"", ""Bib"": ""36"", ""Org"": ""THA"", ""OrgDesc"": ""Thailand"", ""Name"": ""DUANGSRI Masaya"", ""Order"": 8, ""BirthDate"": ""1990-12-11""}, {""Reg"": ""848245"", ""Bib"": ""20"", ""Org"": ""THA"", ""OrgDesc"": ""Thailand"", ""Name"": ""KHODPHOM Wilaiwan"", ""Order"": 9, ""BirthDate"": ""2003-07-30""}, {""Reg"": ""849443"", ""Bib"": ""12"", ""Org"": ""THA"", ""OrgDesc"": ""Thailand"", ""Name"": ""CHITPHUAN Wiphada"", ""Order"": 10, ""BirthDate"": ""1999-04-18""}, {""Reg"": ""851524"", ""Bib"": ""9"", ""Org"": ""THA"", ""OrgDesc"": ""Thailand"", ""Name"": ""KONGKAEW Athikan"", ""Order"": 11, ""BirthDate"": ""2001-03-14""}, {""Reg"": ""859840"", ""Bib"": ""14"", ""Org"": ""THA"", ""OrgDesc"": ""Thailand"", ""Name"": ""SAEHEANG Ratchaneekorn"", ""Order"": 12, ""BirthDate"": ""1998-11-18""}]",藤球,2026-09-25,official_medal_record
THA|SPK|M.TEAMREGU----------.FNL-|ME_SILVER|SPKMTEAMREGU---THA01,THA,ME_SILVER,SPK,Sepaktakraw,M.TEAMREGU----------.FNL-,Men's Team Regu Finals,T,Thailand,SPKMTEAMREGU---THA01,2026-09-25,M,"[{""Reg"": ""12064336"", ""Bib"": ""8"", ""Org"": ""THA"", ""OrgDesc"": ""Thailand"", ""Name"": ""PANSAN Pichet"", ""Order"": 1, ""BirthDate"": ""1992-09-04""}, {""Reg"": ""5055842"", ""Bib"": ""18"", ""Org"": ""THA"", ""OrgDesc"": ""Thailand"", ""Name"": ""KHAMCHAN Sittipong"", ""Order"": 2, ""BirthDate"": ""1993-06-15""}, {""Reg"": ""5056549"", ""Bib"": ""23"", ""Org"": ""THA"", ""OrgDesc"": ""Thailand"", ""Name"": ""NONTAKOTE Kritsanapong"", ""Order"": 3, ""BirthDate"": ""1992-11-27""}, {""Reg"": ""5056969"", ""Bib"": ""15"", ""Org"": ""THA"", ""OrgDesc"": ""Thailand"", ""Name"": ""TINBANGBON Pornthep"", ""Order"": 4, ""BirthDate"": ""1995-10-03""}, {""Reg"": ""5057796"", ""Bib"": ""27"", ""Org"": ""THA"", ""OrgDesc"": ""Thailand"", ""Name"": ""PUKDEE Poottipong"", ""Order"": 5, ""BirthDate"": ""1993-09-01""}, {""Reg"": ""5058437"", ""Bib"": ""7"", ""Org"": ""THA"", ""OrgDesc"": ""Thailand"", ""Name"": ""SUNGVUNG Kritsada"", ""Order"": 6, ""BirthDate"": ""1999-01-01""}, {""Reg"": ""5061113"", ""Bib"": ""21"", ""Org"": ""THA"", ""OrgDesc"": ""Thailand"", ""Name"": ""PAKBUANGOEN Jirasak"", ""Order"": 7, ""BirthDate"": ""1991-11-21""}, {""Reg"": ""5069713"", ""Bib"": ""25"", ""Org"": ""THA"", ""OrgDesc"": ""Thailand"", ""Name"": ""KAMSANOR Wuttinun"", ""Order"": 8, ""BirthDate"": ""2002-05-25""}, {""Reg"": ""746115"", ""Bib"": ""22"", ""Org"": ""THA"", ""OrgDesc"": ""Thailand"", ""Name"": ""SAPYEN Tanaphon"", ""Order"": 9, ""BirthDate"": ""1996-12-09""}, {""Reg"": ""8181179"", ""Bib"": ""28"", ""Org"": ""THA"", ""OrgDesc"": ""Thailand"", ""Name"": ""PHANMAKON Marukin"", ""Order"": 10, ""BirthDate"": ""1991-01-09""}, {""Reg"": ""8182106"", ""Bib"": ""20"", ""Org"": ""THA"", ""OrgDesc"": ""Thailand"", ""Name"": ""TEMKORT Wichan"", ""Order"": 11, ""BirthDate"": ""1992-12-08""}, {""Reg"": ""8191976"", ""Bib"": ""1"", ""Org"": ""THA"", ""OrgDesc"": ""Thailand"", ""Name"": ""SOPA Phutawan"", ""Order"": 12, ""BirthDate"": ""2000-06-08""}]",藤球,2026-09-25,official_medal_record
THA|SPK|W.QUADRANT----------.FNL-|ME_SILVER|SPKWQUADRANT---THA01,THA,ME_SILVER,SPK,Sepaktakraw,W.QUADRANT----------.FNL-,Women's Quadrant Final,T,Thailand,SPKWQUADRANT---THA01,2026-10-03,W,"[{""Reg"": ""12083033"", ""Bib"": ""6"", ""Org"": ""THA"", ""OrgDesc"": ""Thailand"", ""Name"": ""THONGSOD Ratsamee"", ""Order"": 1, ""BirthDate"": ""1999-04-21""}, {""Reg"": ""12083785"", ""Bib"": ""7"", ""Org"": ""THA"", ""OrgDesc"": ""Thailand"", ""Name"": ""BUNTHOD Manlika"", ""Order"": 2, ""BirthDate"": ""1996-01-05""}, {""Reg"": ""5077794"", ""Bib"": ""10"", ""Org"": ""THA"", ""OrgDesc"": ""Thailand"", ""Name"": ""PRUEPRUK Somruedee"", ""Order"": 3, ""BirthDate"": ""1994-06-03""}, {""Reg"": ""8238433"", ""Bib"": ""36"", ""Org"": ""THA"", ""OrgDesc"": ""Thailand"", ""Name"": ""DUANGSRI Masaya"", ""Order"": 4, ""BirthDate"": ""1990-12-11""}, {""Reg"": ""849443"", ""Bib"": ""12"", ""Org"": ""THA"", ""OrgDesc"": ""Thailand"", ""Name"": ""CHITPHUAN Wiphada"", ""Order"": 5, ""BirthDate"": ""1999-04-18""}, {""Reg"": ""859840"", ""Bib"": ""14"", ""Org"": ""THA"", ""OrgDesc"": ""Thailand"", ""Name"": ""SAEHEANG Ratchaneekorn"", ""Order"": 6, ""BirthDate"": ""1998-11-18""}]",藤球,2026-10-03,official_medal_record
THA|TEQ|M.DOUBLES-----------.----|ME_GOLD|TEQMDOUBLES----THA01,THA,ME_GOLD,TEQ,Teqball,M.DOUBLES-----------.----,Men's Doubles,D,THAOSIRI Sorrasak / CHANLIANG Jirati,TEQMDOUBLES----THA01,2026-09-20,M,"[{""Reg"": ""4879237"", ""Bib"": """", ""Org"": ""THA"", ""OrgDesc"": ""Thailand"", ""Name"": ""THAOSIRI Sorrasak"", ""Order"": 1, ""BirthDate"": ""1994-03-18""}, {""Reg"": ""4879864"", ""Bib"": """", ""Org"": ""THA"", ""OrgDesc"": ""Thailand"", ""Name"": ""CHANLIANG Jirati"", ""Order"": 2, ""BirthDate"": ""2001-02-12""}]",台克球,2026-09-20,official_medal_record
THA|TEQ|W.DOUBLES-----------.----|ME_GOLD|TEQWDOUBLES----THA01,THA,ME_GOLD,TEQ,Teqball,W.DOUBLES-----------.----,Women's Doubles,D,KUNTATONG Jutatip / WONGKHAMCHAN Suphawadi,TEQWDOUBLES----THA01,2026-09-20,W,"[{""Reg"": ""13221748"", ""Bib"": """", ""Org"": ""THA"", ""OrgDesc"": ""Thailand"", ""Name"": ""KUNTATONG Jutatip"", ""Order"": 1, ""BirthDate"": ""1997-12-23""}, {""Reg"": ""7627179"", ""Bib"": """", ""Org"": ""THA"", ""OrgDesc"": ""Thailand"", ""Name"": ""WONGKHAMCHAN Suphawadi"", ""Order"": 2, ""BirthDate"": ""1994-09-02""}]",台克球,2026-09-20,official_medal_record
THA|TEQ|X.DOUBLES-----------.----|ME_GOLD|TEQXDOUBLES----THA01,THA,ME_GOLD,TEQ,Teqball,X.DOUBLES-----------.----,Mixed Doubles,D,DEJAROEN Phakpong / WONGKHAMCHAN Suphawadi,TEQXDOUBLES----THA01,2026-09-20,X,"[{""Reg"": ""5044633"", ""Bib"": """", ""Org"": ""THA"", ""OrgDesc"": ""Thailand"", ""Name"": ""DEJAROEN Phakpong"", ""Order"": 1, ""BirthDate"": ""1986-11-20""}, {""Reg"": ""7627179"", ""Bib"": """", ""Org"": ""THA"", ""OrgDesc"": ""Thailand"", ""Name"": ""WONGKHAMCHAN Suphawadi"", ""Order"": 2, ""BirthDate"": ""1994-09-02""}]",台克球,2026-09-20,official_medal_record
THA|TKW|M.68KG--------------.FNL-|ME_GOLD|5034656,THA,ME_GOLD,TKW,Taekwondo,M.68KG--------------.FNL-,Men -68kg Gold Medal Contest,A,TUBTIMDANG Banlung,5034656,2026-10-03,M,[],跆拳道,2026-10-03,official_medal_record
THA|TKW|M.INDPOOM-----------.FNL-|ME_SILVER|7585648,THA,ME_SILVER,TKW,Taekwondo,M.INDPOOM-----------.FNL-,Men Individual Poomsae Gold Medal Contest,A,PINTHASUTE Navin,7585648,2026-10-01,M,[],跆拳道,2026-10-01,official_medal_record
THA|TKW|W.49KG--------------.FNL-|ME_BRONZE|4857404,THA,ME_BRONZE,TKW,Taekwondo,W.49KG--------------.FNL-,Women -49kg Gold Medal Contest,A,POOLKERD Patcharakan,4857404,2026-10-02,W,[],跆拳道,2026-10-02,official_medal_record
THA|TKW|W.57KG--------------.FNL-|ME_BRONZE|13200065,THA,ME_BRONZE,TKW,Taekwondo,W.57KG--------------.FNL-,Women -57kg Gold Medal Contest,A,WASSANA Natkamon,13200065,2026-10-03,W,[],跆拳道,2026-10-03,official_medal_record
THA|TKW|W.INDPOOM-----------.FNL-|ME_BRONZE|4835365,THA,ME_BRONZE,TKW,Taekwondo,W.INDPOOM-----------.FNL-,Women Individual Poomsae Gold Medal Contest,A,KAEWOLANWASU Thitaree,4835365,2026-10-01,W,[],跆拳道,2026-10-01,official_medal_record
THA|TTE|W.DOUBLES-----------.----|ME_BRONZE|TTEWDOUBLES----THA01,THA,ME_BRONZE,TTE,Table Tennis,W.DOUBLES-----------.----,Women's Doubles,D,SAWETTABUT Suthasini / PARANANG Orawan,TTEWDOUBLES----THA01,2026-09-28,W,"[{""Reg"": ""12969577"", ""Bib"": """", ""Org"": ""THA"", ""OrgDesc"": ""Thailand"", ""Name"": ""SAWETTABUT Suthasini"", ""Order"": 1, ""BirthDate"": ""1994-12-09""}, {""Reg"": ""4625533"", ""Bib"": """", ""Org"": ""THA"", ""OrgDesc"": ""Thailand"", ""Name"": ""PARANANG Orawan"", ""Order"": 2, ""BirthDate"": ""1997-09-07""}]",乒乓球,2026-09-28,official_medal_record
THA|VBV|W.TEAM2-------------.FNL-|ME_GOLD|VBVWTEAM2------THA01,THA,ME_GOLD,VBV,Beach Volleyball,W.TEAM2-------------.FNL-,Women's Finals,D,NARAPHORNRAPAT / KONGPHOPSARUTAWADEE,VBVWTEAM2------THA01,2026-10-02,W,"[{""Reg"": ""16171352"", ""Bib"": ""2"", ""Org"": ""THA"", ""OrgDesc"": ""Thailand"", ""Name"": ""NARAPHORNRAPAT Taravadee"", ""Order"": 1, ""BirthDate"": ""1994-06-05""}, {""Reg"": ""5189933"", ""Bib"": ""1"", ""Org"": ""THA"", ""OrgDesc"": ""Thailand"", ""Name"": ""KONGPHOPSARUTAWADEE Worapeerachayakorn"", ""Order"": 2, ""BirthDate"": ""1999-02-20""}]",沙滩排球,2026-10-02,official_medal_record
THA|VVO|W.TEAM6-------------.FNL-|ME_BRONZE|VVOWTEAM6------THA01,THA,ME_BRONZE,VVO,Volleyball,W.TEAM6-------------.FNL-,Women's Finals,T,Thailand,VVOWTEAM6------THA01,2026-09-22,W,"[{""Reg"": ""10419091"", ""Bib"": ""11"", ""Org"": ""THA"", ""OrgDesc"": ""Thailand"", ""Name"": ""JANTHAWISUT Sasipapron"", ""Order"": 1, ""BirthDate"": ""1997-06-10""}, {""Reg"": ""11631771"", ""Bib"": ""4"", ""Org"": ""THA"", ""OrgDesc"": ""Thailand"", ""Name"": ""KUNMUEANG Kanyarat"", ""Order"": 2, ""BirthDate"": ""2002-10-14""}, {""Reg"": ""11634589"", ""Bib"": ""15"", ""Org"": ""THA"", ""OrgDesc"": ""Thailand"", ""Name"": ""JAISAEN Natthanicha"", ""Order"": 3, ""BirthDate"": ""1998-05-21""}, {""Reg"": ""11637119"", ""Bib"": ""16"", ""Org"": ""THA"", ""OrgDesc"": ""Thailand"", ""Name"": ""KOKRAM Pimpichaya"", ""Order"": 4, ""BirthDate"": ""1998-06-16""}, {""Reg"": ""11637987"", ""Bib"": ""2"", ""Org"": ""THA"", ""OrgDesc"": ""Thailand"", ""Name"": ""PANNOY Piyanut"", ""Order"": 5, ""BirthDate"": ""1989-11-10""}, {""Reg"": ""11641948"", ""Bib"": ""5"", ""Org"": ""THA"", ""OrgDesc"": ""Thailand"", ""Name"": ""NUEKJANG Thatdao"", ""Order"": 6, ""BirthDate"": ""1994-02-03""}, {""Reg"": ""11642942"", ""Bib"": ""6"", ""Org"": ""THA"", ""OrgDesc"": ""Thailand"", ""Name"": ""SEETALOED Warisara"", ""Order"": 7, ""BirthDate"": ""2005-10-31""}, {""Reg"": ""5595952"", ""Bib"": ""41"", ""Org"": ""THA"", ""OrgDesc"": ""Thailand"", ""Name"": ""KAMULTHALA Kaewkalaya"", ""Order"": 8, ""BirthDate"": ""1994-08-07""}, {""Reg"": ""8036455"", ""Bib"": ""18"", ""Org"": ""THA"", ""OrgDesc"": ""Thailand"", ""Name"": ""KONGYOT Ajcharaporn"", ""Order"": 9, ""BirthDate"": ""1995-06-18""}, {""Reg"": ""8037119"", ""Bib"": ""19"", ""Org"": ""THA"", ""OrgDesc"": ""Thailand"", ""Name"": ""MOKSRI Chatchu-on"", ""Order"": 10, ""BirthDate"": ""1999-11-06""}, {""Reg"": ""8039935"", ""Bib"": ""9"", ""Org"": ""THA"", ""OrgDesc"": ""Thailand"", ""Name"": ""KHAMWONG Kalyarat"", ""Order"": 11, ""BirthDate"": ""2005-06-08""}, {""Reg"": ""8050074"", ""Bib"": ""3"", ""Org"": ""THA"", ""OrgDesc"": ""Thailand"", ""Name"": ""GUEDPARD Pornpun"", ""Order"": 12, ""BirthDate"": ""1993-05-05""}]",排球,2026-09-22,official_medal_record
THA|WLF|M.75KG--------------.FNL-|ME_SILVER|7289798,THA,ME_SILVER,WLF,Weightlifting,M.75KG--------------.FNL-,Men's 75kg All Groups,A,WICHUMA Weeraphon,7289798,2026-09-26,M,[],举重,2026-09-26,official_medal_record
THA|WLF|W.57KG--------------.FNL-|ME_SILVER|12852511,THA,ME_SILVER,WLF,Weightlifting,W.57KG--------------.FNL-,Women's 57kg All Groups,A,YODSARN Suratwadee,12852511,2026-09-25,W,[],举重,2026-09-25,official_medal_record
THA|WLF|M.60KG--------------.FNL-|ME_BRONZE|4715954,THA,ME_BRONZE,WLF,Weightlifting,M.60KG--------------.FNL-,Men's 60kg All Groups,A,SILACHAI Theerapong,4715954,2026-09-24,M,[],举重,2026-09-24,official_medal_record
THA|WLF|W.53KG--------------.FNL-|ME_BRONZE|12852129,THA,ME_BRONZE,WLF,Weightlifting,W.53KG--------------.FNL-,Women's 53kg All Groups,A,KHAMBAO Surodchana,12852129,2026-09-23,W,[],举重,2026-09-23,official_medal_record
THA|WPO|W.TEAM7-------------.----|ME_BRONZE|WPOWTEAM7------THA01,THA,ME_BRONZE,WPO,Water Polo,W.TEAM7-------------.----,Women,T,Thailand,WPOWTEAM7------THA01,2026-09-24,W,"[{""Reg"": ""11892240"", ""Bib"": ""1"", ""Org"": ""THA"", ""OrgDesc"": ""Thailand"", ""Name"": ""ARSAYUTH Phanthila"", ""Order"": 1, ""BirthDate"": ""2008-10-29""}, {""Reg"": ""10697263"", ""Bib"": ""2"", ""Org"": ""THA"", ""OrgDesc"": ""Thailand"", ""Name"": ""KWANTONGTANAREE Thanidakarn"", ""Order"": 2, ""BirthDate"": ""2008-10-31""}, {""Reg"": ""8279043"", ""Bib"": ""3"", ""Org"": ""THA"", ""OrgDesc"": ""Thailand"", ""Name"": ""PUKKAMAN Panita"", ""Order"": 3, ""BirthDate"": ""2008-03-22""}, {""Reg"": ""8276824"", ""Bib"": ""4"", ""Org"": ""THA"", ""OrgDesc"": ""Thailand"", ""Name"": ""THINWILAI Janista"", ""Order"": 4, ""BirthDate"": ""2002-09-10""}, {""Reg"": ""11893507"", ""Bib"": ""5"", ""Org"": ""THA"", ""OrgDesc"": ""Thailand"", ""Name"": ""CHOTROTCHANAANAN Paranee"", ""Order"": 5, ""BirthDate"": ""2011-08-23""}, {""Reg"": ""8277722"", ""Bib"": ""6"", ""Org"": ""THA"", ""OrgDesc"": ""Thailand"", ""Name"": ""KONGCHOUY Thanita"", ""Order"": 6, ""BirthDate"": ""2006-05-14""}, {""Reg"": ""2877944"", ""Bib"": ""7"", ""Org"": ""THA"", ""OrgDesc"": ""Thailand"", ""Name"": ""PUANGTONG Kritsana"", ""Order"": 7, ""BirthDate"": ""2006-07-27""}, {""Reg"": ""2874537"", ""Bib"": ""8"", ""Org"": ""THA"", ""OrgDesc"": ""Thailand"", ""Name"": ""KHAMMA Nattamon"", ""Order"": 8, ""BirthDate"": ""2008-12-01""}, {""Reg"": ""11889511"", ""Bib"": ""9"", ""Org"": ""THA"", ""OrgDesc"": ""Thailand"", ""Name"": ""RUEANGSAPPAISAN Raksina"", ""Order"": 9, ""BirthDate"": ""2006-10-19""}, {""Reg"": ""10696931"", ""Bib"": ""10"", ""Org"": ""THA"", ""OrgDesc"": ""Thailand"", ""Name"": ""RUEANGSAPPAISAN Sarocha"", ""Order"": 10, ""BirthDate"": ""2009-01-01""}, {""Reg"": ""8283332"", ""Bib"": ""11"", ""Org"": ""THA"", ""OrgDesc"": ""Thailand"", ""Name"": ""KWANTONGTANAREE Pittayaporn"", ""Order"": 11, ""BirthDate"": ""2010-07-20""}, {""Reg"": ""8281374"", ""Bib"": ""12"", ""Org"": ""THA"", ""OrgDesc"": ""Thailand"", ""Name"": ""NGAMCHAROENSUKTAWORN Pimpin"", ""Order"": 12, ""BirthDate"": ""2008-09-05""}, {""Reg"": ""11891642"", ""Bib"": ""13"", ""Org"": ""THA"", ""OrgDesc"": ""Thailand"", ""Name"": ""KITTIPOLPUWARAG Nareenun"", ""Order"": 13, ""BirthDate"": ""2006-04-09""}, {""Reg"": ""8279669"", ""Bib"": ""14"", ""Org"": ""THA"", ""OrgDesc"": ""Thailand"", ""Name"": ""RIANGSUNTEA Kanruetai"", ""Order"": 14, ""BirthDate"": ""2008-09-08""}, {""Reg"": ""11893894"", ""Bib"": ""15"", ""Org"": ""THA"", ""OrgDesc"": ""Thailand"", ""Name"": ""RODWATTANADISAKUL Panchita"", ""Order"": 15, ""BirthDate"": ""2004-05-27""}]",水球,2026-09-24,official_medal_record
TKM|KTE|M.75KG--------------.FNL-|ME_SILVER|809574,TKM,ME_SILVER,KTE,Karate,M.75KG--------------.FNL-,Men's Kumite -75kg Final,A,NAZMYRADOV Davut,809574,2026-09-22,M,[],空手道,2026-09-22,official_medal_record
TKM|WLF|M.110KG-------------.FNL-|ME_SILVER|4132991,TKM,ME_SILVER,WLF,Weightlifting,M.110KG-------------.FNL-,Men's 110kg All Groups,A,MATYAKUBOV Shahzadbek,4132991,2026-09-29,M,[],举重,2026-09-29,official_medal_record
UAE|ATH|W.400MHURD----------.----|ME_GOLD|10466601,UAE,ME_GOLD,ATH,Athletics,W.400MHURD----------.----,Women's 400m Hurdles,A,KAREEM Mariam,10466601,2026-09-28,W,[],田径,2026-09-28,official_medal_record
UAE|ATH|M.400M--------------.----|ME_SILVER|955373,UAE,ME_SILVER,ATH,Athletics,M.400M--------------.----,Men's 400m,A,ABDULRAHMAN Suleiman,955373,2026-09-26,M,[],田径,2026-09-26,official_medal_record
UAE|EQU|O.JUMPINDVCOMA------.----|ME_SILVER|540806,UAE,ME_SILVER,EQU,Equestrian,O.JUMPINDVCOMA------.----,"Jumping,Individual Competition A(heights of 1.40-1.50m)",A,ALMHEIRI Abdulla,540806,2026-10-04,M,[],马术,2026-10-04,official_medal_record
UAE|EQU|O.JUMPTEAM----------.----|ME_SILVER|EQUOJUMPTEAM---UAE01,UAE,ME_SILVER,EQU,Equestrian,O.JUMPTEAM----------.----,Jumping Team,T,United Arab Emirates,EQUOJUMPTEAM---UAE01,2026-10-01,O,"[{""Reg"": ""3084478"", ""Bib"": """", ""Org"": ""UAE"", ""OrgDesc"": ""UA Emirates"", ""Name"": ""ALMAKTOUM Shaikha Latifa"", ""Order"": 1, ""BirthDate"": ""1985-09-27""}, {""Reg"": ""9922546"", ""Bib"": """", ""Org"": ""UAE"", ""OrgDesc"": ""UA Emirates"", ""Name"": ""ALMHEIRI Humaid"", ""Order"": 2, ""BirthDate"": ""1999-02-26""}, {""Reg"": ""540806"", ""Bib"": """", ""Org"": ""UAE"", ""OrgDesc"": ""UA Emirates"", ""Name"": ""ALMHEIRI Abdulla"", ""Order"": 3, ""BirthDate"": ""1974-04-01""}, {""Reg"": ""545269"", ""Bib"": """", ""Org"": ""UAE"", ""OrgDesc"": ""UA Emirates"", ""Name"": ""ALMARZOOQIALJNEIBI Omar"", ""Order"": 4, ""BirthDate"": ""2003-03-28""}]",马术,2026-10-01,official_medal_record
UAE|JJI|M.62KG--------------.FNL-|ME_GOLD|16697960,UAE,ME_GOLD,JJI,Jiu Jitsu,M.62KG--------------.FNL-,Men -62kg Final - Gold Medal,A,ALSHEHHI Khaled,16697960,2026-10-01,M,[],柔术,2026-10-01,official_medal_record
UAE|JJI|M.69KG--------------.FNL-|ME_GOLD|14159043,UAE,ME_GOLD,JJI,Jiu Jitsu,M.69KG--------------.FNL-,Men -69kg Final - Gold Medal,A,ANDEEZ Ahmed,14159043,2026-10-01,M,[],柔术,2026-10-01,official_medal_record
UAE|JJI|M.77KG--------------.FNL-|ME_GOLD|4641400,UAE,ME_GOLD,JJI,Jiu Jitsu,M.77KG--------------.FNL-,Men -77kg Final - Gold Medal,A,ALAWLAQI Mahdi,4641400,2026-10-02,M,[],柔术,2026-10-02,official_medal_record
UAE|JJI|W.48KG--------------.----|ME_GOLD|8172309,UAE,ME_GOLD,JJI,Jiu Jitsu,W.48KG--------------.----,Women -48kg,A,ABDULLA Balqees,8172309,2026-10-01,W,[],柔术,2026-10-01,official_medal_record
UAE|JJI|W.52KG--------------.FNL-|ME_GOLD|59739,UAE,ME_GOLD,JJI,Jiu Jitsu,W.52KG--------------.FNL-,Women -52kg Final - Gold Medal,A,ALHOSANI Asma,59739,2026-10-02,W,[],柔术,2026-10-02,official_medal_record
UAE|JJI|M.62KG--------------.FNL-|ME_SILVER|8020624,UAE,ME_SILVER,JJI,Jiu Jitsu,M.62KG--------------.FNL-,Men -62kg Final - Gold Medal,A,ALSUWAIDI Omar,8020624,2026-10-01,M,[],柔术,2026-10-01,official_medal_record
UAE|JJI|W.48KG--------------.----|ME_SILVER|4723308,UAE,ME_SILVER,JJI,Jiu Jitsu,W.48KG--------------.----,Women -48kg,A,ALHARBI Alaonod,4723308,2026-10-01,W,[],柔术,2026-10-01,official_medal_record
UAE|JJI|M.94KG--------------.FNL-|ME_BRONZE|8067052,UAE,ME_BRONZE,JJI,Jiu Jitsu,M.94KG--------------.FNL-,Men -94kg Final - Gold Medal,A,ALHOSANI Amaar,8067052,2026-10-02,M,[],柔术,2026-10-02,official_medal_record
UAE|JUD|M.73KG--------------.FNL-|ME_GOLD|8027702,UAE,ME_GOLD,JUD,Judo,M.73KG--------------.FNL-,Men -73 kg Final,A,NAGUCHEV Kazbek,8027702,2026-10-01,M,[],柔道,2026-10-01,official_medal_record
UZB|ATH|M.HAMMER------------.----|ME_GOLD|5474205,UZB,ME_GOLD,ATH,Athletics,M.HAMMER------------.----,Men's Hammer Throw,A,KHODJAEV Sukhrob,5474205,2026-09-25,M,[],田径,2026-09-25,official_medal_record
UZB|ATH|W.HIGHJUMP----------.----|ME_GOLD|5478764,UZB,ME_GOLD,ATH,Athletics,W.HIGHJUMP----------.----,Women's High Jump,A,SAYFULLAEVA Barnokhon,5478764,2026-09-29,W,[],田径,2026-09-29,official_medal_record
UZB|ATH|W.TRPLJUMP----------.----|ME_GOLD|5472958,UZB,ME_GOLD,ATH,Athletics,W.TRPLJUMP----------.----,Women's Triple Jump,A,DAVRONOVA Sharifa,5472958,2026-09-24,W,[],田径,2026-09-24,official_medal_record
UZB|ATH|M.LONGJUMP----------.----|ME_BRONZE|5472346,UZB,ME_BRONZE,ATH,Athletics,M.LONGJUMP----------.----,Men's Long Jump,A,ANVAROV Anvar,5472346,2026-09-28,M,[],田径,2026-09-28,official_medal_record
UZB|BOX|M.60KG--------------.----|ME_GOLD|4173730,UZB,ME_GOLD,BOX,Boxing,M.60KG--------------.----,Men's 60kg,A,KHALOKOV Abdumalik,4173730,2026-10-02,M,[],拳击,2026-10-02,official_medal_record
UZB|BOX|M.90KG--------------.----|ME_GOLD|4174056,UZB,ME_GOLD,BOX,Boxing,M.90KG--------------.----,Men's 90kg,A,KHABIBULLAEV Turabek,4174056,2026-10-02,M,[],拳击,2026-10-02,official_medal_record
UZB|BOX|M.O90KG-------------.----|ME_SILVER|4174188,UZB,ME_SILVER,BOX,Boxing,M.O90KG-------------.----,Men's +90kg,A,ZOKIROV Jakhongir,4174188,2026-10-02,M,[],拳击,2026-10-02,official_medal_record
UZB|BOX|M.70KG--------------.----|ME_BRONZE|4176265,UZB,ME_BRONZE,BOX,Boxing,M.70KG--------------.----,Men's 70kg,A,BOLTAEV Shavkatjon,4176265,2026-09-30,M,[],拳击,2026-09-30,official_medal_record
UZB|BOX|M.80KG--------------.----|ME_BRONZE|4175303,UZB,ME_BRONZE,BOX,Boxing,M.80KG--------------.----,Men's 80kg,A,ERKINBOEV Fazliddin,4175303,2026-09-29,M,[],拳击,2026-09-29,official_medal_record
UZB|BOX|W.51KG--------------.----|ME_BRONZE|4171282,UZB,ME_BRONZE,BOX,Boxing,W.51KG--------------.----,Women's 51kg,A,KAZAKOVA Feruza,4171282,2026-09-30,W,[],拳击,2026-09-30,official_medal_record
UZB|BOX|W.60KG--------------.----|ME_BRONZE|4171486,UZB,ME_BRONZE,BOX,Boxing,W.60KG--------------.----,Women's 60kg,A,TURDIBEKOVA Sitora,4171486,2026-09-30,W,[],拳击,2026-09-30,official_medal_record
UZB|CSP|M.K1-500M-----------.FNL-|ME_GOLD|12497851,UZB,ME_GOLD,CSP,Canoe Sprint,M.K1-500M-----------.FNL-,Men's Kayak Single 500m Finals,A,MAKHKAMOV Shakhriyor,12497851,2026-09-26,M,[],皮划艇静水,2026-09-26,official_medal_record
UZB|CSP|W.C1-200M-----------.FNL-|ME_GOLD|12498672,UZB,ME_GOLD,CSP,Canoe Sprint,W.C1-200M-----------.FNL-,Women's Canoe Single 200m Final,A,SHERZODOVA Shohsanam,12498672,2026-09-24,W,[],皮划艇静水,2026-09-24,official_medal_record
UZB|CSP|M.C1-500M-----------.FNL-|ME_SILVER|12497013,UZB,ME_SILVER,CSP,Canoe Sprint,M.C1-500M-----------.FNL-,Men's Canoe Single 500m Final,A,DENISOV Vladlen,12497013,2026-09-25,M,[],皮划艇静水,2026-09-25,official_medal_record
UZB|CSP|M.C2-500M-----------.FNL-|ME_SILVER|CSPMC2-500M----UZB01,UZB,ME_SILVER,CSP,Canoe Sprint,M.C2-500M-----------.FNL-,Men's Canoe Double 500m Final,D,GULIEV Artur / DENISOV Vladlen,CSPMC2-500M----UZB01,2026-09-24,M,"[{""Reg"": ""12496910"", ""Bib"": """", ""Org"": ""UZB"", ""OrgDesc"": ""Uzbekistan"", ""Name"": ""GULIEV Artur"", ""Order"": 1, ""BirthDate"": ""1997-08-05""}, {""Reg"": ""12497013"", ""Bib"": """", ""Org"": ""UZB"", ""OrgDesc"": ""Uzbekistan"", ""Name"": ""DENISOV Vladlen"", ""Order"": 2, ""BirthDate"": ""2000-06-24""}]",皮划艇静水,2026-09-24,official_medal_record
UZB|CSP|W.C2-500M-----------.FNL-|ME_SILVER|CSPWC2-500M----UZB01,UZB,ME_SILVER,CSP,Canoe Sprint,W.C2-500M-----------.FNL-,Women's Canoe Double 500m Final,D,SHERZODOVA Shohsanam / ZOKIROVA Nilufar,CSPWC2-500M----UZB01,2026-09-25,W,"[{""Reg"": ""12498672"", ""Bib"": """", ""Org"": ""UZB"", ""OrgDesc"": ""Uzbekistan"", ""Name"": ""SHERZODOVA Shohsanam"", ""Order"": 1, ""BirthDate"": ""2005-04-06""}, {""Reg"": ""12497115"", ""Bib"": """", ""Org"": ""UZB"", ""OrgDesc"": ""Uzbekistan"", ""Name"": ""ZOKIROVA Nilufar"", ""Order"": 2, ""BirthDate"": ""1997-06-15""}]",皮划艇静水,2026-09-25,official_medal_record
UZB|CSP|W.K1-500M-----------.FNL-|ME_SILVER|12498364,UZB,ME_SILVER,CSP,Canoe Sprint,W.K1-500M-----------.FNL-,Women's Kayak Single 500m Final,A,TANATMISHEVA Arina,12498364,2026-09-26,W,[],皮划艇静水,2026-09-26,official_medal_record
UZB|CSP|W.K4-500M-----------.FNL-|ME_SILVER|CSPWK4-500M----UZB01,UZB,ME_SILVER,CSP,Canoe Sprint,W.K4-500M-----------.FNL-,Women's Kayak Four 500m Final,T,Uzbekistan,CSPWK4-500M----UZB01,2026-09-25,W,"[{""Reg"": ""4487202"", ""Bib"": """", ""Org"": ""UZB"", ""OrgDesc"": ""Uzbekistan"", ""Name"": ""DUSHEV-YANICH Milana"", ""Order"": 1, ""BirthDate"": ""2011-09-02""}, {""Reg"": ""12498774"", ""Bib"": """", ""Org"": ""UZB"", ""OrgDesc"": ""Uzbekistan"", ""Name"": ""SHUBINA Ekaterina"", ""Order"": 2, ""BirthDate"": ""1988-05-02""}, {""Reg"": ""12498364"", ""Bib"": """", ""Org"": ""UZB"", ""OrgDesc"": ""Uzbekistan"", ""Name"": ""TANATMISHEVA Arina"", ""Order"": 3, ""BirthDate"": ""2003-11-18""}, {""Reg"": ""12497646"", ""Bib"": """", ""Org"": ""UZB"", ""OrgDesc"": ""Uzbekistan"", ""Name"": ""MAVLONOVA Shakhrizoda"", ""Order"": 4, ""BirthDate"": ""2008-01-07""}]",皮划艇静水,2026-09-25,official_medal_record
UZB|CSP|X.C2-500M-----------.FNL-|ME_SILVER|CSPXC2-500M----UZB01,UZB,ME_SILVER,CSP,Canoe Sprint,X.C2-500M-----------.FNL-,Mixed Canoe Double 500m Final,D,DENISOV Vladlen / ZOKIROVA Nilufar,CSPXC2-500M----UZB01,2026-09-26,X,"[{""Reg"": ""12497013"", ""Bib"": """", ""Org"": ""UZB"", ""OrgDesc"": ""Uzbekistan"", ""Name"": ""DENISOV Vladlen"", ""Order"": 1, ""BirthDate"": ""2000-06-24""}, {""Reg"": ""12497115"", ""Bib"": """", ""Org"": ""UZB"", ""OrgDesc"": ""Uzbekistan"", ""Name"": ""ZOKIROVA Nilufar"", ""Order"": 2, ""BirthDate"": ""1997-06-15""}]",皮划艇静水,2026-09-26,official_medal_record
UZB|CSP|W.K2-500M-----------.FNL-|ME_BRONZE|CSPWK2-500M----UZB01,UZB,ME_BRONZE,CSP,Canoe Sprint,W.K2-500M-----------.FNL-,Women's Kayak Double 500m Final,D,TANATMISHEVA Arina / SHUBINA Ekaterina,CSPWK2-500M----UZB01,2026-09-24,W,"[{""Reg"": ""12498364"", ""Bib"": """", ""Org"": ""UZB"", ""OrgDesc"": ""Uzbekistan"", ""Name"": ""TANATMISHEVA Arina"", ""Order"": 1, ""BirthDate"": ""2003-11-18""}, {""Reg"": ""12498774"", ""Bib"": """", ""Org"": ""UZB"", ""OrgDesc"": ""Uzbekistan"", ""Name"": ""SHUBINA Ekaterina"", ""Order"": 2, ""BirthDate"": ""1988-05-02""}]",皮划艇静水,2026-09-24,official_medal_record
UZB|CTR|M.MADISON-----------.----|ME_BRONZE|CTRMMADISON----UZB01,UZB,ME_BRONZE,CTR,Cycling Track,M.MADISON-----------.----,Men's Madison,T,Uzbekistan,CTRMMADISON----UZB01,2026-10-02,M,"[{""Reg"": ""4409952"", ""Bib"": ""3"", ""Org"": ""UZB"", ""OrgDesc"": ""Uzbekistan"", ""Name"": ""ROSTOVTSEV Sergey"", ""Order"": 1, ""BirthDate"": ""1997-06-02""}, {""Reg"": ""4410177"", ""Bib"": ""155"", ""Org"": ""UZB"", ""OrgDesc"": ""Uzbekistan"", ""Name"": ""TSVETKOV Nikita"", ""Order"": 2, ""BirthDate"": ""2005-02-14""}]",场地自行车,2026-10-02,official_medal_record
UZB|ELS|O.EFB---------------.FNL-|ME_BRONZE|ELSOEFB--------UZB01,UZB,ME_BRONZE,ELS,Esports,O.EFB---------------.FNL-,eFootball™ Finals,T,Uzbekistan,ELSOEFB--------UZB01,2026-09-23,O,"[{""Reg"": ""5680974"", ""Bib"": """", ""Org"": ""UZB"", ""OrgDesc"": ""Uzbekistan"", ""Name"": ""IMINJONOV Abubakir"", ""Order"": 1, ""BirthDate"": ""2005-12-30""}, {""Reg"": ""5681076"", ""Bib"": """", ""Org"": ""UZB"", ""OrgDesc"": ""Uzbekistan"", ""Name"": ""MIRKHAMITOV Farrukh"", ""Order"": 2, ""BirthDate"": ""2009-04-16""}]",电子竞技,2026-09-23,official_medal_record
UZB|FEN|W.SABRE-------------.----|ME_SILVER|7243114,UZB,ME_SILVER,FEN,Fencing,W.SABRE-------------.----,Women's Sabre Individual,A,DAYIBEKOVA Zaynab,7243114,2026-09-24,W,[],击剑,2026-09-24,official_medal_record
UZB|FEN|W.FOIL--------------.----|ME_BRONZE|7244355,UZB,ME_BRONZE,FEN,Fencing,W.FOIL--------------.----,Women's Foil Individual,A,VOLOBUEVA Polina,7244355,2026-09-23,W,[],击剑,2026-09-23,official_medal_record
UZB|FEN|W.TEAMSABR----------.----|ME_BRONZE|FENWTEAMSABR---UZB01,UZB,ME_BRONZE,FEN,Fencing,W.TEAMSABR----------.----,Women's Sabre Team,T,Uzbekistan,FENWTEAMSABR---UZB01,2026-09-27,W,"[{""Reg"": ""7243114"", ""Bib"": """", ""Org"": ""UZB"", ""OrgDesc"": ""Uzbekistan"", ""Name"": ""DAYIBEKOVA Zaynab"", ""Order"": 1, ""BirthDate"": ""2002-11-19""}, {""Reg"": ""7243216"", ""Bib"": """", ""Org"": ""UZB"", ""OrgDesc"": ""Uzbekistan"", ""Name"": ""PERDEBAEVA Gulistan"", ""Order"": 2, ""BirthDate"": ""2005-02-18""}, {""Reg"": ""7243318"", ""Bib"": """", ""Org"": ""UZB"", ""OrgDesc"": ""Uzbekistan"", ""Name"": ""SHOKIROVA Samira"", ""Order"": 3, ""BirthDate"": ""2005-08-08""}, {""Reg"": ""7243420"", ""Bib"": """", ""Org"": ""UZB"", ""OrgDesc"": ""Uzbekistan"", ""Name"": ""HERERRA Fernanda"", ""Order"": 4, ""BirthDate"": ""2006-02-27""}]",击剑,2026-09-27,official_medal_record
UZB|GAR|M.1APPH-------------.----|ME_GOLD|1827066,UZB,ME_GOLD,GAR,Artistic Gymnastics,M.1APPH-------------.----,Men's Pommel Horse,A,JURAEV Utkirbek,1827066,2026-09-24,M,[],竞技体操,2026-09-24,official_medal_record
UZB|GAR|M.1APPB-------------.----|ME_BRONZE|1826609,UZB,ME_BRONZE,GAR,Artistic Gymnastics,M.1APPB-------------.----,Men's Parallel Bars,A,ABDURAKHIMOV Rasuljon,1826609,2026-09-25,M,[],竞技体操,2026-09-25,official_medal_record
UZB|GRY|W.1AA---------------.FNL-|ME_GOLD|1829063,UZB,ME_GOLD,GRY,Rhythmic Gymnastics,W.1AA---------------.FNL-,Individual All-Around Final,A,IKROMOVA Takhmina,1829063,2026-10-03,W,[],艺术体操,2026-10-03,official_medal_record
UZB|JUD|M.O100KG------------.FNL-|ME_GOLD|2100691,UZB,ME_GOLD,JUD,Judo,M.O100KG------------.FNL-,Men +100 kg Final,A,TUROBOYEV Muzaffarbek,2100691,2026-10-02,M,[],柔道,2026-10-02,official_medal_record
UZB|JUD|W.52KG--------------.FNL-|ME_GOLD|2100997,UZB,ME_GOLD,JUD,Judo,W.52KG--------------.FNL-,Women -52 kg Final,A,KADAMBOEVA Sita,2100997,2026-09-30,W,[],柔道,2026-09-30,official_medal_record
UZB|JUD|M.66KG--------------.FNL-|ME_SILVER|2099641,UZB,ME_SILVER,JUD,Judo,M.66KG--------------.FNL-,Men -66 kg Final,A,NUTFULLOEV Abdurakhim,2099641,2026-09-30,M,[],柔道,2026-09-30,official_medal_record
UZB|JUD|M.73KG--------------.FNL-|ME_SILVER|2099743,UZB,ME_SILVER,JUD,Judo,M.73KG--------------.FNL-,Men -73 kg Final,A,AHADOV Shakhram,2099743,2026-10-01,M,[],柔道,2026-10-01,official_medal_record
UZB|JUD|M.100KG-------------.FNL-|ME_BRONZE|2100355,UZB,ME_BRONZE,JUD,Judo,M.100KG-------------.FNL-,Men -100 kg Final,A,SARSENBAEV Ernazar,2100355,2026-10-02,M,[],柔道,2026-10-02,official_medal_record
UZB|JUD|M.60KG--------------.FNL-|ME_BRONZE|2099437,UZB,ME_BRONZE,JUD,Judo,M.60KG--------------.FNL-,Men -60 kg Final,A,KUCHKAROV Samariddin,2099437,2026-09-30,M,[],柔道,2026-09-30,official_medal_record
UZB|JUD|X.TEAM6-------------.FNL-|ME_BRONZE|JUDXTEAM6------UZB01,UZB,ME_BRONZE,JUD,Judo,X.TEAM6-------------.FNL-,Mixed Team Final,T,Uzbekistan,JUDXTEAM6------UZB01,2026-10-03,X,"[{""Reg"": ""2099641"", ""Bib"": """", ""Org"": ""UZB"", ""OrgDesc"": ""Uzbekistan"", ""Name"": ""NUTFULLOEV Abdurakhim"", ""Order"": 1, ""BirthDate"": ""2002-02-19""}, {""Reg"": ""2099743"", ""Bib"": """", ""Org"": ""UZB"", ""OrgDesc"": ""Uzbekistan"", ""Name"": ""AHADOV Shakhram"", ""Order"": 2, ""BirthDate"": ""1996-09-21""}, {""Reg"": ""2099947"", ""Bib"": """", ""Org"": ""UZB"", ""OrgDesc"": ""Uzbekistan"", ""Name"": ""TOJIEV Arslonbek"", ""Order"": 3, ""BirthDate"": ""1998-04-01""}, {""Reg"": ""2100355"", ""Bib"": """", ""Org"": ""UZB"", ""OrgDesc"": ""Uzbekistan"", ""Name"": ""SARSENBAEV Ernazar"", ""Order"": 4, ""BirthDate"": ""2001-04-10""}, {""Reg"": ""2100691"", ""Bib"": """", ""Org"": ""UZB"", ""OrgDesc"": ""Uzbekistan"", ""Name"": ""TUROBOYEV Muzaffarbek"", ""Order"": 5, ""BirthDate"": ""2000-04-05""}, {""Reg"": ""2100997"", ""Bib"": """", ""Org"": ""UZB"", ""OrgDesc"": ""Uzbekistan"", ""Name"": ""KADAMBOEVA Sita"", ""Order"": 6, ""BirthDate"": ""2001-09-21""}, {""Reg"": ""2101201"", ""Bib"": """", ""Org"": ""UZB"", ""OrgDesc"": ""Uzbekistan"", ""Name"": ""AMINOVA Shukurjon"", ""Order"": 7, ""BirthDate"": ""2002-11-16""}, {""Reg"": ""2101609"", ""Bib"": """", ""Org"": ""UZB"", ""OrgDesc"": ""Uzbekistan"", ""Name"": ""RAZZOKBERDIEVA Khurshida"", ""Order"": 8, ""BirthDate"": ""2005-01-17""}, {""Reg"": ""2101711"", ""Bib"": """", ""Org"": ""UZB"", ""OrgDesc"": ""Uzbekistan"", ""Name"": ""YULDOSHOVA Shirinjon"", ""Order"": 9, ""BirthDate"": ""2004-09-15""}, {""Reg"": ""2102034"", ""Bib"": """", ""Org"": ""UZB"", ""OrgDesc"": ""Uzbekistan"", ""Name"": ""KURBANBAEVA Iriskhon"", ""Order"": 10, ""BirthDate"": ""2002-03-18""}, {""Reg"": ""2102136"", ""Bib"": """", ""Org"": ""UZB"", ""OrgDesc"": ""Uzbekistan"", ""Name"": ""NIGMATOVA Umida"", ""Order"": 11, ""BirthDate"": ""2008-01-04""}, {""Reg"": ""2102771"", ""Bib"": """", ""Org"": ""UZB"", ""OrgDesc"": ""Uzbekistan"", ""Name"": ""MURTOZOEV Nurbek"", ""Order"": 12, ""BirthDate"": ""2002-07-04""}]",柔道,2026-10-03,official_medal_record
UZB|KTE|M.67KG--------------.FNL-|ME_GOLD|5554554,UZB,ME_GOLD,KTE,Karate,M.67KG--------------.FNL-,Men's Kumite -67kg Final,A,RASHIDOV Abdul Vakhkhob,5554554,2026-09-21,M,[],空手道,2026-09-21,official_medal_record
UZB|KTE|M.55KG--------------.FNL-|ME_SILVER|5554039,UZB,ME_SILVER,KTE,Karate,M.55KG--------------.FNL-,Men's Kumite -55kg Final,A,KHALIMOV Khumoyunmirzo,5554039,2026-09-20,M,[],空手道,2026-09-20,official_medal_record
UZB|KUR|M.81KG--------------.FNL-|ME_GOLD|6133213,UZB,ME_GOLD,KUR,Kurash,M.81KG--------------.FNL-,Men -81kg Final,A,ZIYODULLAEV Akxror,6133213,2026-09-28,M,[],库拉什,2026-09-28,official_medal_record
UZB|KUR|M.O90KG-------------.FNL-|ME_GOLD|3493516,UZB,ME_GOLD,KUR,Kurash,M.O90KG-------------.FNL-,Men +90kg Final,A,BAKHTIYOROV Shokhrukhkhon,3493516,2026-09-27,M,[],库拉什,2026-09-27,official_medal_record
UZB|KUR|W.57KG--------------.FNL-|ME_GOLD|3492899,UZB,ME_GOLD,KUR,Kurash,W.57KG--------------.FNL-,Women -57kg Final,A,AGOJONOVA Ibodatkhon,3492899,2026-09-27,W,[],库拉什,2026-09-27,official_medal_record
UZB|KUR|W.78KG--------------.FNL-|ME_GOLD|3493209,UZB,ME_GOLD,KUR,Kurash,W.78KG--------------.FNL-,Women -78kg Final,A,KAMOLDINOVA Pokizakhon,3493209,2026-09-28,W,[],库拉什,2026-09-28,official_medal_record
UZB|KUR|M.O90KG-------------.FNL-|ME_BRONZE|3493413,UZB,ME_BRONZE,KUR,Kurash,M.O90KG-------------.FNL-,Men +90kg Final,A,OLTIBOEV Bekmurod,3493413,2026-09-27,M,[],库拉什,2026-09-27,official_medal_record
UZB|KUR|W.78KG--------------.FNL-|ME_BRONZE|3493106,UZB,ME_BRONZE,KUR,Kurash,W.78KG--------------.FNL-,Women -78kg Final,A,NAZAROVA Shokhista,3493106,2026-09-28,W,[],库拉什,2026-09-28,official_medal_record
UZB|MMA|M.M60KG-------------.FNL-|ME_SILVER|10223928,UZB,ME_SILVER,MMA,Mixed Martial Arts,M.M60KG-------------.FNL-,Men's Modern -60kg Final,A,ATAMURATOV Firdavs,10223928,2026-09-22,M,[],综合格斗,2026-09-22,official_medal_record
UZB|MMA|W.T60KG-------------.FNL-|ME_SILVER|10213626,UZB,ME_SILVER,MMA,Mixed Martial Arts,W.T60KG-------------.FNL-,Women's Traditional -60kg Final,A,KHIOLA SOBIROVA,10213626,2026-09-22,W,[],综合格斗,2026-09-22,official_medal_record
UZB|MMA|M.M71KG-------------.FNL-|ME_BRONZE|10223003,UZB,ME_BRONZE,MMA,Mixed Martial Arts,M.M71KG-------------.FNL-,Men's Modern -71kg Final,A,SHAVKATOV Nodirbek,10223003,2026-09-21,M,[],综合格斗,2026-09-21,official_medal_record
UZB|ROW|M.SCULL2-L----------.FNL-|ME_GOLD|ROWMSCULL2-L---UZB01,UZB,ME_GOLD,ROW,Rowing,M.SCULL2-L----------.FNL-,Lightweight Men's Double Sculls Finals,D,NURMATOV Shakhzod / SAFAROLIYEV Sobirjon,ROWMSCULL2-L---UZB01,2026-09-24,M,"[{""Reg"": ""6474909"", ""Bib"": """", ""Org"": ""UZB"", ""OrgDesc"": ""Uzbekistan"", ""Name"": ""NURMATOV Shakhzod"", ""Order"": 1, ""BirthDate"": ""1999-04-07""}, {""Reg"": ""6475011"", ""Bib"": """", ""Org"": ""UZB"", ""OrgDesc"": ""Uzbekistan"", ""Name"": ""SAFAROLIYEV Sobirjon"", ""Order"": 2, ""BirthDate"": ""2002-05-02""}]",赛艇,2026-09-24,official_medal_record
UZB|ROW|M.NOCOX4------------.FNL-|ME_SILVER|ROWMNOCOX4-----UZB01,UZB,ME_SILVER,ROW,Rowing,M.NOCOX4------------.FNL-,Men's Four Finals,T,Uzbekistan,ROWMNOCOX4-----UZB01,2026-09-24,M,"[{""Reg"": ""6475234"", ""Bib"": """", ""Org"": ""UZB"", ""OrgDesc"": ""Uzbekistan"", ""Name"": ""KARIMOV Fazliddin"", ""Order"": 1, ""BirthDate"": ""2001-01-18""}, {""Reg"": ""6475336"", ""Bib"": """", ""Org"": ""UZB"", ""OrgDesc"": ""Uzbekistan"", ""Name"": ""KHUDOYBERDIEV Dilshodjon"", ""Order"": 2, ""BirthDate"": ""2001-08-16""}, {""Reg"": ""6474074"", ""Bib"": """", ""Org"": ""UZB"", ""OrgDesc"": ""Uzbekistan"", ""Name"": ""GOLUBEV Maksim"", ""Order"": 3, ""BirthDate"": ""1994-08-23""}, {""Reg"": ""6474589"", ""Bib"": """", ""Org"": ""UZB"", ""OrgDesc"": ""Uzbekistan"", ""Name"": ""TURDIEV Alisher"", ""Order"": 4, ""BirthDate"": ""1999-01-03""}]",赛艇,2026-09-24,official_medal_record
UZB|ROW|M.SCULL1------------.FNL-|ME_SILVER|6475443,UZB,ME_SILVER,ROW,Rowing,M.SCULL1------------.FNL-,Men's Single Sculls Finals,A,KHOLMURZAEV Shakhboz,6475443,2026-09-24,M,[],赛艇,2026-09-24,official_medal_record
UZB|ROW|M.SCULL2------------.FNL-|ME_SILVER|ROWMSCULL2-----UZB01,UZB,ME_SILVER,ROW,Rowing,M.SCULL2------------.FNL-,Men's Double Sculls Finals,D,MAMATKULOV Mekhrojbek / SORIN Pavel,ROWMSCULL2-----UZB01,2026-09-24,M,"[{""Reg"": ""6475118"", ""Bib"": """", ""Org"": ""UZB"", ""OrgDesc"": ""Uzbekistan"", ""Name"": ""MAMATKULOV Mekhrojbek"", ""Order"": 1, ""BirthDate"": ""2002-01-10""}, {""Reg"": ""6474278"", ""Bib"": """", ""Org"": ""UZB"", ""OrgDesc"": ""Uzbekistan"", ""Name"": ""SORIN Pavel"", ""Order"": 2, ""BirthDate"": ""1995-03-12""}]",赛艇,2026-09-24,official_medal_record
UZB|ROW|W.NOCOX2------------.FNL-|ME_SILVER|ROWWNOCOX2-----UZB01,UZB,ME_SILVER,ROW,Rowing,W.NOCOX2------------.FNL-,Women's Pair Finals,D,AKSENOVA Anna / SMETULLAEVA Aydana,ROWWNOCOX2-----UZB01,2026-09-24,W,"[{""Reg"": ""6473972"", ""Bib"": """", ""Org"": ""UZB"", ""OrgDesc"": ""Uzbekistan"", ""Name"": ""AKSENOVA Anna"", ""Order"": 1, ""BirthDate"": ""1997-10-31""}, {""Reg"": ""6475714"", ""Bib"": """", ""Org"": ""UZB"", ""OrgDesc"": ""Uzbekistan"", ""Name"": ""SMETULLAEVA Aydana"", ""Order"": 2, ""BirthDate"": ""2008-08-04""}]",赛艇,2026-09-24,official_medal_record
UZB|ROW|W.NOCOX4------------.FNL-|ME_SILVER|ROWWNOCOX4-----UZB01,UZB,ME_SILVER,ROW,Rowing,W.NOCOX4------------.FNL-,Women's Four Finals,T,Uzbekistan,ROWWNOCOX4-----UZB01,2026-09-24,W,"[{""Reg"": ""6475554"", ""Bib"": """", ""Org"": ""UZB"", ""OrgDesc"": ""Uzbekistan"", ""Name"": ""SATTOROVA Rayhon"", ""Order"": 1, ""BirthDate"": ""2008-05-11""}, {""Reg"": ""6476495"", ""Bib"": """", ""Org"": ""UZB"", ""OrgDesc"": ""Uzbekistan"", ""Name"": ""SERGEEVA Mariya"", ""Order"": 2, ""BirthDate"": ""2006-07-25""}, {""Reg"": ""6473972"", ""Bib"": """", ""Org"": ""UZB"", ""OrgDesc"": ""Uzbekistan"", ""Name"": ""AKSENOVA Anna"", ""Order"": 3, ""BirthDate"": ""1997-10-31""}, {""Reg"": ""6475714"", ""Bib"": """", ""Org"": ""UZB"", ""OrgDesc"": ""Uzbekistan"", ""Name"": ""SMETULLAEVA Aydana"", ""Order"": 4, ""BirthDate"": ""2008-08-04""}]",赛艇,2026-09-24,official_medal_record
UZB|ROW|W.SCULL1------------.FNL-|ME_SILVER|6474807,UZB,ME_SILVER,ROW,Rowing,W.SCULL1------------.FNL-,Women's Single Sculls Finals,A,PRAKATEN Anna,6474807,2026-09-24,W,[],赛艇,2026-09-24,official_medal_record
UZB|ROW|M.NOCOX2------------.FNL-|ME_BRONZE|ROWMNOCOX2-----UZB01,UZB,ME_BRONZE,ROW,Rowing,M.NOCOX2------------.FNL-,Men's Pair Finals,D,GOLUBEV Maksim / TURDIEV Alisher,ROWMNOCOX2-----UZB01,2026-09-24,M,"[{""Reg"": ""6474074"", ""Bib"": """", ""Org"": ""UZB"", ""OrgDesc"": ""Uzbekistan"", ""Name"": ""GOLUBEV Maksim"", ""Order"": 1, ""BirthDate"": ""1994-08-23""}, {""Reg"": ""6474589"", ""Bib"": """", ""Org"": ""UZB"", ""OrgDesc"": ""Uzbekistan"", ""Name"": ""TURDIEV Alisher"", ""Order"": 2, ""BirthDate"": ""1999-01-03""}]",赛艇,2026-09-24,official_medal_record
UZB|ROW|M.SCULL4------------.FNL-|ME_BRONZE|ROWMSCULL4-----UZB01,UZB,ME_BRONZE,ROW,Rowing,M.SCULL4------------.FNL-,Men's Quadruple Sculls Finals,T,Uzbekistan,ROWMSCULL4-----UZB01,2026-09-24,M,"[{""Reg"": ""6475443"", ""Bib"": """", ""Org"": ""UZB"", ""OrgDesc"": ""Uzbekistan"", ""Name"": ""KHOLMURZAEV Shakhboz"", ""Order"": 1, ""BirthDate"": ""1996-02-26""}, {""Reg"": ""6474705"", ""Bib"": """", ""Org"": ""UZB"", ""OrgDesc"": ""Uzbekistan"", ""Name"": ""DAVRONOV Davrjon"", ""Order"": 2, ""BirthDate"": ""2001-02-19""}, {""Reg"": ""6475118"", ""Bib"": """", ""Org"": ""UZB"", ""OrgDesc"": ""Uzbekistan"", ""Name"": ""MAMATKULOV Mekhrojbek"", ""Order"": 3, ""BirthDate"": ""2002-01-10""}, {""Reg"": ""6474278"", ""Bib"": """", ""Org"": ""UZB"", ""OrgDesc"": ""Uzbekistan"", ""Name"": ""SORIN Pavel"", ""Order"": 4, ""BirthDate"": ""1995-03-12""}]",赛艇,2026-09-24,official_medal_record
UZB|SHO|M.APM---------------.----|ME_GOLD|5889680,UZB,ME_GOLD,SHO,Shooting,M.APM---------------.----,10m Air Pistol Men Individual,A,SVECHNIKOV Vladimir,5889680,2026-09-24,M,[],射击,2026-09-24,official_medal_record
UZB|TEN|M.SINGLES-----------.----|ME_BRONZE|12784736,UZB,ME_BRONZE,TEN,Tennis,M.SINGLES-----------.----,Men's Singles,A,SULTANOV Khumoyun,12784736,2026-10-02,M,[],网球,2026-10-02,official_medal_record
UZB|TKW|M.80KG--------------.FNL-|ME_GOLD|4977631,UZB,ME_GOLD,TKW,Taekwondo,M.80KG--------------.FNL-,Men -80kg Gold Medal Contest,A,JAYSUNOV Jasurbek,4977631,2026-10-02,M,[],跆拳道,2026-10-02,official_medal_record
UZB|TKW|M.O80KG-------------.FNL-|ME_SILVER|4978320,UZB,ME_SILVER,TKW,Taekwondo,M.O80KG-------------.FNL-,Men +80kg Gold Medal Contest,A,MAVLONOV Marat,4978320,2026-10-03,M,[],跆拳道,2026-10-03,official_medal_record
UZB|TKW|W.67KG--------------.FNL-|ME_SILVER|4979035,UZB,ME_SILVER,TKW,Taekwondo,W.67KG--------------.FNL-,Women -67kg Gold Medal Contest,A,SOBIRJONOVA Ozoda,4979035,2026-10-02,W,[],跆拳道,2026-10-02,official_medal_record
UZB|TKW|W.O67KG-------------.FNL-|ME_BRONZE|4979193,UZB,ME_BRONZE,TKW,Taekwondo,W.O67KG-------------.FNL-,Women +67kg Gold Medal Contest,A,SAIDOVA Svetlana,4979193,2026-10-03,W,[],跆拳道,2026-10-03,official_medal_record
UZB|WLF|M.110KG-------------.FNL-|ME_GOLD|5812114,UZB,ME_GOLD,WLF,Weightlifting,M.110KG-------------.FNL-,Men's 110kg All Groups,A,DJURAEV Akbar,5812114,2026-09-29,M,[],举重,2026-09-29,official_medal_record
UZB|WRE|M.GR67KG------------.FNL-|ME_GOLD|4190894,UZB,ME_GOLD,WRE,Wrestling,M.GR67KG------------.FNL-,Men's Greco-Roman 67kg Final,A,KHALMAKHANOV Aytjan,4190894,2026-09-30,M,[],摔跤,2026-09-30,official_medal_record
UZB|WRE|M.FS97KG------------.FNL-|ME_SILVER|4194178,UZB,ME_SILVER,WRE,Wrestling,M.FS97KG------------.FNL-,Men's Freestyle 97kg Final,A,POYONOV Sherzod,4194178,2026-10-03,M,[],摔跤,2026-10-03,official_medal_record
UZB|WRE|M.GR130KG-----------.FNL-|ME_SILVER|4191309,UZB,ME_SILVER,WRE,Wrestling,M.GR130KG-----------.FNL-,Men's Greco-Roman 130kg Final,A,TSITSUASHVILI Rafael,4191309,2026-09-30,M,[],摔跤,2026-09-30,official_medal_record
UZB|WRE|M.GR60KG------------.FNL-|ME_SILVER|4190789,UZB,ME_SILVER,WRE,Wrestling,M.GR60KG------------.FNL-,Men's Greco-Roman 60kg Final,A,GANIEV Alisher,4190789,2026-10-01,M,[],摔跤,2026-10-01,official_medal_record
UZB|WRE|M.GR87KG------------.FNL-|ME_BRONZE|4191101,UZB,ME_BRONZE,WRE,Wrestling,M.GR87KG------------.FNL-,Men's Greco-Roman 87kg Final,A,BERDIMURATOV Jalgasbay,4191101,2026-09-30,M,[],摔跤,2026-09-30,official_medal_record
UZB|WSU|W.NANG--------------.FNL-|ME_SILVER|2144875,UZB,ME_SILVER,WSU,Wushu,W.NANG--------------.FNL-,Women's Nanquan & Nandao,A,LATISHEVA Darya,2144875,2026-09-22,W,[],武术,2026-09-22,official_medal_record
UZB|WSU|M.56KG--------------.----|ME_BRONZE|2145525,UZB,ME_BRONZE,WSU,Wushu,M.56KG--------------.----,Men's 56kg,A,ABDURASHITOV Saydullo,2145525,2026-09-23,M,[],武术,2026-09-23,official_medal_record
UZB|WSU|M.75KG--------------.----|ME_BRONZE|2145854,UZB,ME_BRONZE,WSU,Wushu,M.75KG--------------.----,Men's 75kg,A,TURGUNBAEV Doniyor,2145854,2026-09-23,M,[],武术,2026-09-23,official_medal_record
VIE|ATH|X.4X400M------------.----|ME_BRONZE|ATHX4X400M-----VIE01,VIE,ME_BRONZE,ATH,Athletics,X.4X400M------------.----,4 x 400m Relay Mixed,T,Vietnam,ATHX4X400M-----VIE01,2026-09-24,X,"[{""Reg"": ""2136545"", ""Bib"": ""801"", ""Org"": ""VIE"", ""OrgDesc"": ""Vietnam"", ""Name"": ""NGUYEN Thi Ngoc"", ""Order"": 1, ""BirthDate"": ""2002-01-06""}, {""Reg"": ""2136918"", ""Bib"": ""1136"", ""Org"": ""VIE"", ""OrgDesc"": ""Vietnam"", ""Name"": ""NGUYEN Thi Hang"", ""Order"": 2, ""BirthDate"": ""1997-01-16""}, {""Reg"": ""2137149"", ""Bib"": ""1138"", ""Org"": ""VIE"", ""OrgDesc"": ""Vietnam"", ""Name"": ""QUACH Thi Lan"", ""Order"": 3, ""BirthDate"": ""1995-10-18""}, {""Reg"": ""2137529"", ""Bib"": ""789"", ""Org"": ""VIE"", ""OrgDesc"": ""Vietnam"", ""Name"": ""TA Ngoc Tuong"", ""Order"": 4, ""BirthDate"": ""2005-03-31""}, {""Reg"": ""2137868"", ""Bib"": ""787"", ""Org"": ""VIE"", ""OrgDesc"": ""Vietnam"", ""Name"": ""LE NGOC PHUC"", ""Order"": 5, ""BirthDate"": ""2002-06-21""}, {""Reg"": ""2138053"", ""Bib"": ""1132"", ""Org"": ""VIE"", ""OrgDesc"": ""Vietnam"", ""Name"": ""VU Ngoc Khanh"", ""Order"": 6, ""BirthDate"": ""2006-03-31""}]",田径,2026-09-24,official_medal_record
VIE|BOX|W.51KG--------------.----|ME_SILVER|8557772,VIE,ME_SILVER,BOX,Boxing,W.51KG--------------.----,Women's 51kg,A,NGUYEN Thi Tam,8557772,2026-10-02,W,[],拳击,2026-10-02,official_medal_record
VIE|BOX|W.75KG--------------.----|ME_BRONZE|8559175,VIE,ME_BRONZE,BOX,Boxing,W.75KG--------------.----,Women's 75kg,A,LUU Diem Quynh,8559175,2026-09-30,W,[],拳击,2026-09-30,official_medal_record
VIE|CSP|W.C2-500M-----------.FNL-|ME_BRONZE|CSPWC2-500M----VIE01,VIE,ME_BRONZE,CSP,Canoe Sprint,W.C2-500M-----------.FNL-,Women's Canoe Double 500m Final,D,NGUYEN Thi Huong / DIEP Thi Huong,CSPWC2-500M----VIE01,2026-09-25,W,"[{""Reg"": ""9555262"", ""Bib"": """", ""Org"": ""VIE"", ""OrgDesc"": ""Vietnam"", ""Name"": ""NGUYEN Thi Huong"", ""Order"": 1, ""BirthDate"": ""2001-10-21""}, {""Reg"": ""10036972"", ""Bib"": """", ""Org"": ""VIE"", ""OrgDesc"": ""Vietnam"", ""Name"": ""DIEP Thi Huong"", ""Order"": 2, ""BirthDate"": ""2003-03-01""}]",皮划艇静水,2026-09-25,official_medal_record
VIE|ELS|O.LOL---------------.FNL-|ME_BRONZE|ELSOLOL--------VIE01,VIE,ME_BRONZE,ELS,Esports,O.LOL---------------.FNL-,League of Legends Finals,T,Vietnam,ELSOLOL--------VIE01,2026-10-01,O,"[{""Reg"": ""6352983"", ""Bib"": """", ""Org"": ""VIE"", ""OrgDesc"": ""Vietnam"", ""Name"": ""NGUYEN Dang Khoa"", ""Order"": 1, ""BirthDate"": ""2002-07-29""}, {""Reg"": ""7196800"", ""Bib"": """", ""Org"": ""VIE"", ""OrgDesc"": ""Vietnam"", ""Name"": ""TRAN Duy Sang"", ""Order"": 2, ""BirthDate"": ""2001-05-17""}, {""Reg"": ""7198218"", ""Bib"": """", ""Org"": ""VIE"", ""OrgDesc"": ""Vietnam"", ""Name"": ""DINH Anh Tai"", ""Order"": 3, ""BirthDate"": ""2003-06-30""}, {""Reg"": ""7198974"", ""Bib"": """", ""Org"": ""VIE"", ""OrgDesc"": ""Vietnam"", ""Name"": ""LE Van Hoang Hai"", ""Order"": 4, ""BirthDate"": ""2007-09-15""}, {""Reg"": ""7199487"", ""Bib"": """", ""Org"": ""VIE"", ""OrgDesc"": ""Vietnam"", ""Name"": ""TRAN Duy Duc"", ""Order"": 5, ""BirthDate"": ""2006-11-22""}, {""Reg"": ""9922454"", ""Bib"": """", ""Org"": ""VIE"", ""OrgDesc"": ""Vietnam"", ""Name"": ""HOANG Cong Nghia"", ""Order"": 6, ""BirthDate"": ""2003-06-17""}]",电子竞技,2026-10-01,official_medal_record
VIE|ELS|O.NRK---------------.FNL-|ME_BRONZE|ELSONRK--------VIE01,VIE,ME_BRONZE,ELS,Esports,O.NRK---------------.FNL-,NARAKA : BLADEPOINT Finals,T,Vietnam,ELSONRK--------VIE01,2026-09-24,O,"[{""Reg"": ""13290915"", ""Bib"": """", ""Org"": ""VIE"", ""OrgDesc"": ""Vietnam"", ""Name"": ""TRAN Cong Tinh"", ""Order"": 1, ""BirthDate"": ""2003-11-11""}, {""Reg"": ""13292145"", ""Bib"": """", ""Org"": ""VIE"", ""OrgDesc"": ""Vietnam"", ""Name"": ""LAI Nguyen Anh Khoa"", ""Order"": 2, ""BirthDate"": ""2001-02-22""}, {""Reg"": ""889893"", ""Bib"": """", ""Org"": ""VIE"", ""OrgDesc"": ""Vietnam"", ""Name"": ""HONG Phat"", ""Order"": 3, ""BirthDate"": ""2002-07-09""}, {""Reg"": ""891317"", ""Bib"": """", ""Org"": ""VIE"", ""OrgDesc"": ""Vietnam"", ""Name"": ""VAN Phuc An Khang"", ""Order"": 4, ""BirthDate"": ""2001-04-20""}, {""Reg"": ""891725"", ""Bib"": """", ""Org"": ""VIE"", ""OrgDesc"": ""Vietnam"", ""Name"": ""DIEP Chi Hieu"", ""Order"": 5, ""BirthDate"": ""2003-11-02""}]",电子竞技,2026-09-24,official_medal_record
VIE|KTE|W.TEAM--------------.FNL-|ME_GOLD|KTEWTEAM-------VIE01,VIE,ME_GOLD,KTE,Karate,W.TEAM--------------.FNL-,Women's Team Kata Final,T,Vietnam,KTEWTEAM-------VIE01,2026-09-22,W,"[{""Reg"": ""2596191"", ""Bib"": """", ""Org"": ""VIE"", ""OrgDesc"": ""Vietnam"", ""Name"": ""NGUYEN Ngoc Tram"", ""Order"": 1, ""BirthDate"": ""2002-09-07""}, {""Reg"": ""2596351"", ""Bib"": """", ""Org"": ""VIE"", ""OrgDesc"": ""Vietnam"", ""Name"": ""BUI Ngoc Nhi"", ""Order"": 2, ""BirthDate"": ""2007-10-28""}, {""Reg"": ""2596466"", ""Bib"": """", ""Org"": ""VIE"", ""OrgDesc"": ""Vietnam"", ""Name"": ""HOANG Thi Thu Uyen"", ""Order"": 3, ""BirthDate"": ""2006-07-22""}]",空手道,2026-09-22,official_medal_record
VIE|KTE|W.68KG--------------.FNL-|ME_BRONZE|2597151,VIE,ME_BRONZE,KTE,Karate,W.68KG--------------.FNL-,Women's Kumite -68kg Final,A,NGUYEN Thi Dieu Ly,2597151,2026-09-21,W,[],空手道,2026-09-21,official_medal_record
VIE|KTE|W.KATA--------------.FNL-|ME_BRONZE|2596351,VIE,ME_BRONZE,KTE,Karate,W.KATA--------------.FNL-,Women's Individual Kata Final,A,BUI Ngoc Nhi,2596351,2026-09-20,W,[],空手道,2026-09-20,official_medal_record
VIE|ROW|M.NOCOX4------------.FNL-|ME_BRONZE|ROWMNOCOX4-----VIE01,VIE,ME_BRONZE,ROW,Rowing,M.NOCOX4------------.FNL-,Men's Four Finals,T,Vietnam,ROWMNOCOX4-----VIE01,2026-09-24,M,"[{""Reg"": ""6877605"", ""Bib"": """", ""Org"": ""VIE"", ""OrgDesc"": ""Vietnam"", ""Name"": ""TRAN Duong Nghia"", ""Order"": 1, ""BirthDate"": ""2003-07-30""}, {""Reg"": ""14012820"", ""Bib"": """", ""Org"": ""VIE"", ""OrgDesc"": ""Vietnam"", ""Name"": ""THAI Bao Toan"", ""Order"": 2, ""BirthDate"": ""2006-05-22""}, {""Reg"": ""773820"", ""Bib"": """", ""Org"": ""VIE"", ""OrgDesc"": ""Vietnam"", ""Name"": ""HOANG Van Dat"", ""Order"": 3, ""BirthDate"": ""1999-04-23""}, {""Reg"": ""9838885"", ""Bib"": """", ""Org"": ""VIE"", ""OrgDesc"": ""Vietnam"", ""Name"": ""NGUYEN Phu"", ""Order"": 4, ""BirthDate"": ""2002-02-05""}]",赛艇,2026-09-24,official_medal_record
VIE|ROW|W.NOCOX2------------.FNL-|ME_BRONZE|ROWWNOCOX2-----VIE01,VIE,ME_BRONZE,ROW,Rowing,W.NOCOX2------------.FNL-,Women's Pair Finals,D,DINH Thi Hao / PHAM Thi Hue,ROWWNOCOX2-----VIE01,2026-09-24,W,"[{""Reg"": ""10118225"", ""Bib"": """", ""Org"": ""VIE"", ""OrgDesc"": ""Vietnam"", ""Name"": ""DINH Thi Hao"", ""Order"": 1, ""BirthDate"": ""1997-11-15""}, {""Reg"": ""760589"", ""Bib"": """", ""Org"": ""VIE"", ""OrgDesc"": ""Vietnam"", ""Name"": ""PHAM Thi Hue"", ""Order"": 2, ""BirthDate"": ""1990-07-05""}]",赛艇,2026-09-24,official_medal_record
VIE|ROW|W.NOCOX4------------.FNL-|ME_BRONZE|ROWWNOCOX4-----VIE01,VIE,ME_BRONZE,ROW,Rowing,W.NOCOX4------------.FNL-,Women's Four Finals,T,Vietnam,ROWWNOCOX4-----VIE01,2026-09-24,W,"[{""Reg"": ""9828362"", ""Bib"": """", ""Org"": ""VIE"", ""OrgDesc"": ""Vietnam"", ""Name"": ""PHAM Thi Ngoc Anh"", ""Order"": 1, ""BirthDate"": ""1998-07-28""}, {""Reg"": ""9804539"", ""Bib"": """", ""Org"": ""VIE"", ""OrgDesc"": ""Vietnam"", ""Name"": ""LE Thi Hien"", ""Order"": 2, ""BirthDate"": ""1997-03-07""}, {""Reg"": ""9777120"", ""Bib"": """", ""Org"": ""VIE"", ""OrgDesc"": ""Vietnam"", ""Name"": ""HA Thi Vui"", ""Order"": 3, ""BirthDate"": ""1999-09-24""}, {""Reg"": ""6616020"", ""Bib"": """", ""Org"": ""VIE"", ""OrgDesc"": ""Vietnam"", ""Name"": ""DU Thi Bong"", ""Order"": 4, ""BirthDate"": ""2001-05-13""}]",赛艇,2026-09-24,official_medal_record
VIE|ROW|W.SCULL2------------.FNL-|ME_BRONZE|ROWWSCULL2-----VIE01,VIE,ME_BRONZE,ROW,Rowing,W.SCULL2------------.FNL-,Women's Double Sculls Finals,D,TRAN Thi Tu Uyen / PHAM Thi Bich Ngoc,ROWWSCULL2-----VIE01,2026-09-24,W,"[{""Reg"": ""764693"", ""Bib"": """", ""Org"": ""VIE"", ""OrgDesc"": ""Vietnam"", ""Name"": ""TRAN Thi Tu Uyen"", ""Order"": 1, ""BirthDate"": ""2004-04-10""}, {""Reg"": ""778480"", ""Bib"": """", ""Org"": ""VIE"", ""OrgDesc"": ""Vietnam"", ""Name"": ""PHAM Thi Bich Ngoc"", ""Order"": 2, ""BirthDate"": ""2005-01-07""}]",赛艇,2026-09-24,official_medal_record
VIE|SHO|W.APTW--------------.----|ME_BRONZE|SHOWAPTW-------VIE01,VIE,ME_BRONZE,SHO,Shooting,W.APTW--------------.----,10m Air Pistol Women Team,T,Vietnam,SHOWAPTW-------VIE01,2026-09-23,W,"[{""Reg"": ""1953136"", ""Bib"": ""1432"", ""Org"": ""VIE"", ""OrgDesc"": ""Vietnam"", ""Name"": ""BUI Thuy Thu Thuy"", ""Order"": 1, ""BirthDate"": ""2002-10-08""}, {""Reg"": ""9122263"", ""Bib"": ""1433"", ""Org"": ""VIE"", ""OrgDesc"": ""Vietnam"", ""Name"": ""TRINH Thu Vinh"", ""Order"": 2, ""BirthDate"": ""2000-09-21""}, {""Reg"": ""9122432"", ""Bib"": ""1434"", ""Org"": ""VIE"", ""OrgDesc"": ""Vietnam"", ""Name"": ""NGUYEN Thuy Trang"", ""Order"": 3, ""BirthDate"": ""2004-07-15""}]",射击,2026-09-23,official_medal_record
VIE|SPK|W.DOUBLE------------.FNL-|ME_GOLD|SPKWDOUBLE-----VIE01,VIE,ME_GOLD,SPK,Sepaktakraw,W.DOUBLE------------.FNL-,Women's Double Final,T,Vietnam,SPKWDOUBLE-----VIE01,2026-09-29,W,"[{""Reg"": ""3054835"", ""Bib"": ""10"", ""Org"": ""VIE"", ""OrgDesc"": ""Vietnam"", ""Name"": ""NGUYEN Thi Khanh Ly"", ""Order"": 1, ""BirthDate"": ""2003-01-27""}, {""Reg"": ""3155790"", ""Bib"": ""7"", ""Org"": ""VIE"", ""OrgDesc"": ""Vietnam"", ""Name"": ""LE Thi Hong Lien"", ""Order"": 2, ""BirthDate"": ""2004-04-27""}, {""Reg"": ""3164004"", ""Bib"": ""6"", ""Org"": ""VIE"", ""OrgDesc"": ""Vietnam"", ""Name"": ""NGUYEN Thi Thu Trang"", ""Order"": 3, ""BirthDate"": ""2000-06-01""}]",藤球,2026-09-29,official_medal_record
VIE|SPK|W.QUADRANT----------.FNL-|ME_GOLD|SPKWQUADRANT---VIE01,VIE,ME_GOLD,SPK,Sepaktakraw,W.QUADRANT----------.FNL-,Women's Quadrant Final,T,Vietnam,SPKWQUADRANT---VIE01,2026-10-03,W,"[{""Reg"": ""13344642"", ""Bib"": ""2"", ""Org"": ""VIE"", ""OrgDesc"": ""Vietnam"", ""Name"": ""NGUYEN Thi My"", ""Order"": 1, ""BirthDate"": ""1998-02-16""}, {""Reg"": ""13348511"", ""Bib"": ""4"", ""Org"": ""VIE"", ""OrgDesc"": ""Vietnam"", ""Name"": ""TRAN Thi Ngoc Yen"", ""Order"": 2, ""BirthDate"": ""2004-04-06""}, {""Reg"": ""3051894"", ""Bib"": ""8"", ""Org"": ""VIE"", ""OrgDesc"": ""Vietnam"", ""Name"": ""HOANG Thi Thu Thao"", ""Order"": 3, ""BirthDate"": ""2000-07-31""}, {""Reg"": ""3053367"", ""Bib"": ""13"", ""Org"": ""VIE"", ""OrgDesc"": ""Vietnam"", ""Name"": ""LE Ngoc Tuyet"", ""Order"": 4, ""BirthDate"": ""2001-05-24""}, {""Reg"": ""3055877"", ""Bib"": ""12"", ""Org"": ""VIE"", ""OrgDesc"": ""Vietnam"", ""Name"": ""NGUYEN Thi Ngoc Huyen"", ""Order"": 5, ""BirthDate"": ""1999-10-03""}, {""Reg"": ""3164652"", ""Bib"": ""11"", ""Org"": ""VIE"", ""OrgDesc"": ""Vietnam"", ""Name"": ""NGUYEN Thi Yen"", ""Order"": 6, ""BirthDate"": ""1996-11-04""}]",藤球,2026-10-03,official_medal_record
VIE|SPK|M.REGU--------------.FNL-|ME_BRONZE|SPKMREGU-------VIE01,VIE,ME_BRONZE,SPK,Sepaktakraw,M.REGU--------------.FNL-,Men's Regu Final,T,Vietnam,SPKMREGU-------VIE01,2026-09-28,M,"[{""Reg"": ""13347188"", ""Bib"": ""1"", ""Org"": ""VIE"", ""OrgDesc"": ""Vietnam"", ""Name"": ""NGUYEN Van Nhan"", ""Order"": 1, ""BirthDate"": ""2003-01-31""}, {""Reg"": ""13347658"", ""Bib"": ""6"", ""Org"": ""VIE"", ""OrgDesc"": ""Vietnam"", ""Name"": ""PHAM Quoc Thinh"", ""Order"": 2, ""BirthDate"": ""2005-11-06""}, {""Reg"": ""3053934"", ""Bib"": ""10"", ""Org"": ""VIE"", ""OrgDesc"": ""Vietnam"", ""Name"": ""LUONG Cong Minh"", ""Order"": 3, ""BirthDate"": ""2003-12-15""}, {""Reg"": ""3153792"", ""Bib"": ""11"", ""Org"": ""VIE"", ""OrgDesc"": ""Vietnam"", ""Name"": ""DAU Van Hoang"", ""Order"": 4, ""BirthDate"": ""1990-07-13""}, {""Reg"": ""3156305"", ""Bib"": ""7"", ""Org"": ""VIE"", ""OrgDesc"": ""Vietnam"", ""Name"": ""NGO Thanh Long"", ""Order"": 5, ""BirthDate"": ""2000-07-14""}]",藤球,2026-09-28,official_medal_record
VIE|TEQ|X.DOUBLES-----------.----|ME_BRONZE|TEQXDOUBLES----VIE01,VIE,ME_BRONZE,TEQ,Teqball,X.DOUBLES-----------.----,Mixed Doubles,D,NGUYEN Hoang Minh Tan / TRINH Gia Nghi,TEQXDOUBLES----VIE01,2026-09-20,X,"[{""Reg"": ""6193174"", ""Bib"": """", ""Org"": ""VIE"", ""OrgDesc"": ""Vietnam"", ""Name"": ""NGUYEN Hoang Minh Tan"", ""Order"": 1, ""BirthDate"": ""2008-03-19""}, {""Reg"": ""6193826"", ""Bib"": """", ""Org"": ""VIE"", ""OrgDesc"": ""Vietnam"", ""Name"": ""TRINH Gia Nghi"", ""Order"": 2, ""BirthDate"": ""2003-09-03""}]",台克球,2026-09-20,official_medal_record
VIE|TKW|O.VIRTUAL-----------.FNL-|ME_SILVER|1911625,VIE,ME_SILVER,TKW,Taekwondo,O.VIRTUAL-----------.FNL-,Mixed Individual Virtual Taekwondo Gold Medal Contest,A,CHAU Ngoc Tuyet Sang,1911625,2026-10-02,W,[],跆拳道,2026-10-02,official_medal_record
VIE|WLF|M.65KG--------------.FNL-|ME_BRONZE|6183640,VIE,ME_BRONZE,WLF,Weightlifting,M.65KG--------------.FNL-,Men's 65kg All Groups,A,TRAN Minh Tri,6183640,2026-09-24,M,[],举重,2026-09-24,official_medal_record
VIE|WSU|M.56KG--------------.----|ME_SILVER|12579998,VIE,ME_SILVER,WSU,Wushu,M.56KG--------------.----,Men's 56kg,A,DINH Van Tam,12579998,2026-09-24,M,[],武术,2026-09-24,official_medal_record
VIE|WSU|M.60KG--------------.----|ME_BRONZE|12580258,VIE,ME_BRONZE,WSU,Wushu,M.60KG--------------.----,Men's 60kg,A,HUA Van Doan,12580258,2026-09-23,M,[],武术,2026-09-23,official_medal_record
VIE|WSU|M.65KG--------------.----|ME_BRONZE|12580515,VIE,ME_BRONZE,WSU,Wushu,M.65KG--------------.----,Men's 65kg,A,NGUYEN Khac Kien,12580515,2026-09-23,M,[],武术,2026-09-23,official_medal_record
VIE|WSU|W.60KG--------------.----|ME_BRONZE|12579609,VIE,ME_BRONZE,WSU,Wushu,W.60KG--------------.----,Women's 60kg,A,NGUYEN Thi Thu Thuy,12579609,2026-09-23,W,[],武术,2026-09-23,official_medal_record
VIE|WSU|W.JIAN--------------.FNL-|ME_BRONZE|12578523,VIE,ME_BRONZE,WSU,Wushu,W.JIAN--------------.FNL-,Women's Jianshu & Qiangshu,A,DUONG Thuy Vi,12578523,2026-09-23,W,[],武术,2026-09-23,official_medal_record
