date,开盘,最高,最低,收盘
2016-09-19,1313.57,1318.49,1309.45,1313.2
2016-09-20,1315.53,1318.03,1312.075,1314.73
2016-09-21,1326.65,1335.315,1308.015,1332.5
2016-09-22,1340.83,1343.75,1331.25,1337.41
2016-09-23,1338.65,1340.75,1333.75,1338.81
2016-09-26,1340.89,1342.25,1332.705,1338.01
2016-09-27,1325.19,1339.665,1324.845,1326.87
2016-09-28,1320.68,1327.71,1318.05,1321.4
2016-09-29,1318.12,1325.915,1316.19,1320.41
2016-09-30,1320.11,1328.26,1313.315,1316.37
2016-10-03,1311.94,1319.775,1309.45,1311.65
2016-10-04,1277.74,1313.235,1267.005,1268.48
2016-10-05,1266.57,1277.13,1262.235,1266.89
2016-10-06,1256.19,1269.65,1249.99,1254.4
2016-10-07,1243.37,1265.365,1241.46,1256.66
2016-10-10,1256.69,1265.065,1256.65,1259.59
2016-10-11,1259.34,1262.31,1252.5,1257.51
2016-10-12,1257.11,1258.91,1249.84,1253.03
2016-10-13,1255.02,1262.34,1253.15,1257.2
2016-10-14,1256.74,1259.29,1246.27,1252.76
2016-10-17,1250.63,1257.35,1250.27,1255.35
2016-10-18,1255.11,1264.855,1254.4,1262.48
2016-10-19,1262.33,1273.455,1260.25,1270.73
2016-10-20,1271.1,1274.5,1264.75,1267.06
2016-10-21,1265.86,1268.09,1261.14,1263.96
2016-10-24,1266.01,1272.05,1260.53,1262.45
2016-10-25,1262.99,1276.815,1262.185,1272.98
2016-10-26,1272.53,1276.61,1264.745,1267.55
2016-10-27,1266.4,1272.735,1265.125,1268.73
2016-10-28,1269.06,1284.28,1262.085,1267.5
2016-10-31,1275.78,1279.66,1271.25,1274.37
2016-11-01,1277.7,1292.02,1275.545,1286.99
2016-11-02,1287.37,1308.125,1287.35,1304.0
2016-11-03,1296.62,1306.73,1285.45,1298.51
2016-11-04,1299.2,1307.205,1294.75,1304.12
2016-11-07,1304.64,1304.2,1278.25,1281.47
2016-11-08,1282.11,1290.695,1272.95,1284.36
2016-11-09,1283.57,1337.55,1268.415,1289.18
2016-11-10,1288.49,1292.18,1252.35,1269.5
2016-11-11,1268.16,1265.55,1219.16,1233.9
2016-11-14,1227.23,1231.55,1211.68,1213.0
2016-11-15,1213.11,1231.65,1219.0,1224.23
2016-11-16,1223.36,1233.18,1221.55,1225.2
2016-11-17,1225.49,1231.52,1211.13,1227.59
2016-11-18,1225.41,1217.95,1202.96,1207.29
2016-11-21,1207.74,1217.76,1205.73,1214.51
2016-11-22,1215.17,1221.16,1206.21,1208.43
2016-11-23,1208.04,1215.06,1181.84,1184.49
2016-11-24,1183.34,1190.98,1180.38,1185.78
2016-11-25,1186.62,1193.33,1171.18,1185.05
2016-11-28,1183.41,1197.72,1182.95,1189.31
2016-11-29,1192.61,1195.28,1181.15,1187.19
2016-11-30,1187.03,1195.02,1170.78,1176.45
2016-12-01,1174.29,1176.82,1160.8,1167.25
2016-12-02,1171.67,1178.12,1166.83,1174.4
2016-12-05,1177.28,1188.18,1157.27,1162.09
2016-12-06,1162.51,1175.42,1167.03,1167.76
2016-12-07,1172.1,1180.32,1165.77,1178.1
2016-12-08,1176.81,1178.79,1169.29,1170.89
2016-12-09,1170.86,1172.16,1156.45,1161.45
2016-12-12,1159.71,1165.92,1151.44,1159.67
2016-12-13,1161.07,1165.09,1154.69,1157.7
2016-12-14,1157.19,1165.28,1139.48,1162.82
2016-12-15,1149.81,1144.52,1122.89,1126.74
2016-12-16,1131.26,1141.38,1126.77,1128.57
2016-12-19,1134.24,1142.44,1133.93,1139.63
2016-12-20,1134.24,1139.84,1125.87,1127.66
2016-12-21,1134.24,1139.84,1125.87,1130.93
2016-12-22,1131.39,1134.17,1127.9,1132.78
2016-12-23,1128.53,1135.84,1128.36,1135.08
2016-12-26,1132.82,1135.84,1128.36,1133.15
2016-12-27,1132.82,1150.75,1131.78,1136.67
2016-12-28,1139.44,1144.56,1136.48,1138.21
2016-12-29,1141.9,1159.48,1141.87,1149.44
2016-12-30,1155.47,1163.34,1149.82,1157.23
2017-01-02,1155.47,1163.34,1147.36,1147.35
2017-01-03,1155.47,1164.49,1146.17,1155.28
2017-01-04,1159.3,1168.03,1156.3,1164.8
2017-01-05,1162.92,1185.14,1163.1,1181.41
2017-01-06,1180.44,1182.76,1171.05,1176.2
2017-01-09,1180.44,1186.24,1172.02,1180.01
2017-01-10,1184.25,1190.65,1180.29,1188.43
2017-01-11,1184.25,1198.4,1177.28,1179.23
2017-01-12,1191.73,1207.07,1190.84,1201.89
2017-01-13,1191.73,1200.83,1187.95,1194.29
2017-01-16,1198.26,1208.72,1198.19,1203.17
2017-01-17,1198.26,1218.92,1202.81,1213.19
2017-01-18,1198.26,1217.93,1202.48,1215.36
2017-01-19,1209.09,1206.65,1195.96,1199.85
2017-01-20,1209.09,1214.88,1198.68,1203.53
2017-01-23,1212.73,1219.55,1209.39,1216.96
2017-01-24,1212.73,1220.26,1206.73,1214.2
2017-01-25,1206.89,1209.85,1193.38,1197.61
2017-01-26,1198.36,1202.77,1184.52,1186.39
2017-01-27,1198.36,1190.21,1180.66,1187.49
2017-01-30,1198.36,1199.52,1188.33,1198.48
2017-01-31,1194.98,1214.43,1193.84,1212.11
2017-02-01,1194.98,1213.32,1198.25,1203.07
2017-02-02,1209.01,1225.39,1208.53,1216.81
2017-02-03,1209.01,1221.52,1207.29,1219.74
2017-02-06,1209.01,1235.69,1219.27,1228.98
2017-02-07,1209.01,1235.82,1227.8,1234.71
2017-02-08,1209.01,1244.8,1230.15,1241.63
2017-02-09,1240.14,1244.59,1225.69,1234.11
2017-02-10,1231.51,1237.23,1221.78,1230.12
2017-02-13,1232.93,1233.17,1219.42,1222.91
2017-02-14,1232.93,1234.65,1221.98,1223.09
2017-02-15,1232.93,1233.33,1216.78,1224.98
2017-02-16,1232.93,1242.46,1232.21,1241.23
2017-02-17,1240.51,1243.88,1234.89,1239.19
2017-02-20,1240.51,1239.08,1232.88,1237.01
2017-02-21,1237.52,1238.95,1226.23,1233.55
2017-02-22,1236.27,1240.72,1231.29,1232.93
2017-02-23,1237.39,1251.22,1235.83,1250.38
2017-02-24,1237.39,1260.23,1247.86,1256.38
2017-02-27,1258.37,1263.94,1251.05,1259.71
2017-02-28,1255.17,1258.48,1247.74,1256.8
2017-03-01,1250.47,1250.73,1237.01,1243.58
2017-03-02,1247.85,1250.16,1231.06,1241.34
2017-03-03,1233.19,1236.34,1222.94,1225.17
2017-03-06,1233.19,1236.95,1224.99,1228.57
2017-03-07,1233.19,1227.27,1214.25,1220.58
2017-03-08,1214.55,1218.65,1206.73,1207.92
2017-03-09,1214.55,1209.09,1199.35,1203.73
2017-03-10,1214.55,1206.43,1195.08,1201.45
2017-03-13,1202.13,1211.3,1202.51,1204.64
2017-03-14,1204.46,1207.71,1197.42,1205.83
2017-03-15,1198.53,1222.09,1197.59,1200.81
2017-03-16,1220.28,1233.81,1218.19,1228.58
2017-03-17,1226.26,1231.74,1224.54,1229.32
2017-03-20,1228.57,1235.61,1229.21,1233.38
2017-03-21,1234.45,1247.65,1226.97,1243.12
2017-03-22,1244.37,1251.42,1244.02,1247.56
2017-03-23,1247.64,1253.28,1242.88,1245.11
2017-03-24,1247.64,1251.97,1241.04,1247.74
2017-03-27,1247.64,1261.08,1246.04,1254.56
2017-03-28,1255.1,1258.49,1247.76,1254.76
2017-03-29,1250.29,1254.78,1247.38,1251.77
2017-03-30,1252.7,1253.93,1242.51,1243.15
2017-03-31,1244.57,1250.67,1239.77,1246.87
2017-04-03,1247.31,1253.8,1244.58,1253.04
2017-04-04,1252.81,1258.78,1253.65,1258.44
2017-04-05,1252.81,1257.41,1253.55,1256.27
2017-04-06,1252.81,1259.01,1243.8,1251.17
2017-04-07,1252.81,1259.11,1250.68,1251.75
2017-04-10,1252.81,1270.96,1247.23,1254.77
2017-04-11,1252.81,1257.21,1247.19,1254.57
2017-04-12,1252.81,1275.27,1272.03,1253.18
2017-04-13,1274.45,1288.67,1281.92,1272.04
2017-04-14,1287.32,1290.59,1283.78,1285.54
2017-04-17,1287.32,1295.6,1281.475,1288.42
2017-04-18,1283.53,1292.45,1279.04,1290.81
2017-04-19,1289.85,1290.95,1274.1,1277.69
2017-04-20,1283.53,1283.535,1276.735,1277.06
2017-04-21,1281.48,1288.55,1278.535,1284.65
2017-04-24,1275.9,1277.75,1265.54,1274.99
2017-04-25,1276.05,1278.36,1261.645,1266.99
2017-04-26,1263.72,1270.73,1260.135,1265.03
2017-04-27,1269.35,1269.715,1261.31,1265.4
2017-04-28,1264.35,1268.745,1263.15,1266.86
2017-05-01,1269.35,1271.295,1254.315,1259.57
2017-05-02,1256.55,1257.905,1252.055,1255.09
2017-05-03,1256.75,1257.105,1236.065,1238.15
2017-05-04,1238.46,1241.46,1225.79,1228.06
2017-05-05,1227.85,1235.69,1226.21,1228.3
2017-05-08,1221.1,1236.63,1221.21,1227.6
2017-05-09,1226.88,1228.67,1214.39,1217.26
2017-05-10,1221.93,1225.74,1217.67,1221.67
2017-05-11,1218.81,1227.79,1217.07,1223.44
2017-05-12,1225.13,1231.82,1224.36,1229.32
2017-05-15,1228.83,1237.4,1227.02,1233.66
2017-05-16,1231.23,1239.2,1230.44,1236.68
2017-05-17,1237.43,1261.49,1236.55,1256.2
2017-05-18,1261.25,1265.08,1246.09,1255.78
2017-05-19,1246.27,1256.53,1246.4,1252.08
2017-05-22,1256.02,1262.705,1251.84,1259.91
2017-05-23,1260.14,1263.88,1250.56,1256.05
2017-05-24,1251.27,1259.17,1248.0,1251.2
2017-05-25,1258.05,1259.76,1253.93,1257.29
2017-05-26,1255.49,1269.66,1253.24,1265.99
2017-05-29,1266.71,1269.255,1265.115,1267.54
2017-05-30,1267.13,1270.6,1259.48,1263.37
2017-05-31,1263.14,1274.17,1259.68,1267.45
2017-06-01,1268.65,1270.4,1261.6,1263.04
2017-06-02,1265.65,1279.62,1259.18,1276.72
2017-06-05,1279.29,1283.51,1277.84,1277.78
2017-06-06,1280.04,1296.15,1279.54,1293.7
2017-06-07,1294.7,1295.23,1282.76,1289.3
2017-06-08,1286.83,1289.02,1271.43,1277.31
2017-06-09,1280.69,1281.79,1264.73,1267.45
2017-06-12,1266.63,1270.41,1263.71,1265.8
2017-06-13,1265.52,1269.03,1259.36,1262.66
2017-06-14,1266.47,1280.77,1257.28,1276.18
2017-06-15,1260.29,1266.69,1251.58,1253.92
2017-06-16,1254.01,1257.23,1251.89,1254.19
2017-06-19,1253.82,1255.77,1243.14,1248.01
2017-06-20,1243.74,1248.14,1241.4,1243.59
2017-06-21,1243.12,1247.91,1240.98,1244.2
2017-06-22,1246.03,1254.89,1245.38,1250.55
2017-06-23,1250.38,1258.97,1249.88,1255.53
2017-06-26,1257.34,1258.2,1236.43,1243.15
2017-06-27,1244.26,1253.22,1241.43,1246.54
2017-06-28,1246.88,1255.01,1246.44,1249.51
2017-06-29,1249.34,1253.23,1239.85,1243.66
2017-06-30,1245.39,1248.29,1239.4,1242.91
2017-07-03,1241.99,1242.82,1218.26,1222.64
2017-07-04,1221.26,1226.59,1220.24,1222.99
2017-07-05,1223.65,1228.92,1217.54,1223.18
2017-07-06,1227.03,1229.35,1222.63,1224.33
2017-07-07,1224.82,1228.62,1207.43,1209.56
2017-07-10,1212.89,1215.72,1204.9,1212.85
2017-07-11,1214.87,1217.72,1208.29,1214.27
2017-07-12,1216.55,1225.8,1213.57,1221.15
2017-07-13,1219.57,1224.5,1216.66,1218.55
2017-07-14,1217.52,1232.95,1214.9,1228.43
2017-07-17,1228.52,1236.1,1228.36,1233.59
2017-07-18,1233.69,1244.66,1232.91,1242.73
2017-07-19,1243.1,1244.09,1236.05,1240.87
2017-07-20,1240.89,1247.64,1235.37,1246.06
2017-07-21,1244.18,1255.82,1243.46,1252.18
2017-07-24,1255.19,1258.9,1252.03,1255.51
2017-07-25,1255.03,1257.89,1249.19,1251.55
2017-07-26,1249.92,1263.57,1243.87,1248.23
2017-07-27,1260.13,1265.38,1254.61,1257.54
2017-07-28,1259.13,1270.93,1257.48,1269.18
2017-07-31,1270.53,1271.23,1265.85,1268.65
2017-08-01,1269.59,1274.16,1262.66,1271.52
2017-08-02,1268.66,1272.92,1263.0,1271.84
2017-08-03,1266.1,1270.92,1257.02,1268.55
2017-08-04,1268.82,1270.33,1254.29,1257.37
2017-08-07,1258.7,1260.0,1255.87,1259.15
2017-08-08,1257.18,1265.31,1251.61,1254.31
2017-08-09,1261.1,1278.85,1260.53,1272.99
2017-08-10,1277.39,1287.92,1274.74,1284.47
2017-08-11,1286.73,1292.1,1281.5,1287.79
2017-08-14,1289.01,1290.44,1278.69,1284.62
2017-08-15,1281.65,1283.89,1267.39,1273.17
2017-08-16,1271.6,1283.94,1267.9,1273.39
2017-08-17,1283.73,1290.2,1281.83,1284.69
2017-08-18,1288.25,1300.92,1283.64,1289.8
2017-08-21,1283.09,1293.85,1280.7,1289.29
2017-08-22,1290.9,1292.61,1282.1,1287.18
2017-08-23,1284.62,1291.57,1282.84,1287.76
2017-08-24,1290.26,1291.31,1284.62,1287.25
2017-08-25,1286.2,1294.57,1276.37,1290.82
2017-08-28,1292.62,1312.08,1291.92,1306.41
2017-08-29,1313.86,1326.08,1305.11,1316.43
2017-08-30,1310.41,1313.78,1305.28,1308.9
2017-08-31,1308.79,1323.7,1298.46,1317.68
2017-09-01,1321.83,1328.91,1316.52,1323.88
2017-09-04,1335.54,1339.81,1331.92,1334.2
2017-09-05,1334.09,1344.44,1326.28,1335.4
2017-09-06,1339.96,1342.55,1331.75,1339.9
2017-09-07,1334.32,1349.98,1332.61,1345.69
2017-09-08,1348.88,1357.61,1342.88,1347.68
2017-09-11,1337.59,1340.27,1326.47,1333.18
2017-09-12,1328.24,1332.19,1322.71,1327.29
2017-09-13,1333.15,1334.73,1320.95,1322.36
2017-09-14,1323.4,1330.82,1315.8,1325.03
2017-09-15,1331.39,1334.42,1319.56,1323.27
2017-09-18,1319.37,1320.14,1304.71,1307.75
2017-09-19,1308.24,1311.8,1305.26,1309.49
2017-09-20,1310.77,1316.13,1296.14,1311.95
2017-09-21,1301.11,1301.75,1288.2,1294.72
2017-09-22,1292.05,1298.79,1290.84,1296.08
2017-09-25,1296.09,1312.22,1289.62,1304.89
2017-09-26,1309.88,1313.74,1292.33,1300.5
2017-09-27,1293.55,1296.25,1281.56,1286.3
2017-09-28,1283.49,1288.87,1277.83,1284.36
2017-09-29,1286.75,1290.38,1276.16,1284.15
2017-10-02,1279.05,1280.34,1269.77,1274.88
2017-10-03,1271.02,1274.76,1268.41,1273.87
2017-10-04,1271.63,1282.3,1269.8,1273.31
2017-10-05,1275.09,1279.07,1266.64,1272.52
2017-10-06,1268.9,1276.87,1260.67,1274.83
2017-10-09,1275.82,1285.52,1275.38,1280.73
2017-10-10,1283.38,1294.31,1282.2,1291.06
2017-10-11,1288.07,1293.62,1284.67,1288.28
2017-10-12,1291.56,1297.54,1289.75,1292.5
2017-10-13,1293.76,1303.93,1291.24,1300.08
2017-10-16,1303.15,1306.11,1290.6,1303.17
2017-10-17,1296.13,1296.37,1281.5,1284.27
2017-10-18,1285.42,1288.96,1277.04,1281.03
2017-10-19,1281.32,1290.73,1276.53,1287.7
2017-10-20,1289.77,1291.17,1278.05,1279.24
2017-10-23,1277.67,1283.4,1272.61,1280.52
2017-10-24,1281.75,1283.73,1273.81,1275.67
2017-10-25,1276.58,1280.1,1271.09,1276.71
2017-10-26,1278.01,1282.62,1265.85,1273.72
2017-10-27,1267.7,1274.7,1263.85,1271.35
2017-10-30,1273.39,1278.93,1269.05,1274.68
2017-10-31,1276.14,1278.23,1267.78,1269.5
2017-11-01,1271.12,1280.98,1268.05,1276.48
2017-11-02,1274.89,1284.23,1273.17,1278.65
2017-11-03,1276.35,1281.17,1265.6,1267.63
2017-11-06,1270.24,1283.04,1266.15,1273.35
2017-11-07,1281.24,1282.22,1271.95,1275.47
2017-11-08,1276.79,1287.31,1275.03,1284.84
2017-11-09,1281.58,1288.52,1279.76,1282.94
2017-11-10,1285.46,1287.15,1273.5,1283.99
2017-11-13,1275.09,1279.82,1274.33,1279.31
2017-11-14,1278.09,1283.67,1270.1,1278.72
2017-11-15,1280.21,1289.61,1276.8,1278.6
2017-11-16,1277.95,1281.82,1275.22,1280.17
2017-11-17,1278.64,1297.05,1278.38,1287.61
2017-11-20,1292.78,1294.88,1274.6,1285.58
2017-11-21,1277.06,1284.79,1276.32,1281.43
2017-11-22,1280.49,1294.75,1279.15,1288.92
2017-11-23,1291.66,1293.64,1286.8,1291.18
2017-11-24,1291.12,1293.31,1284.9,1288.18
2017-11-27,1288.84,1299.29,1286.83,1294.92
2017-11-28,1294.5,1297.48,1290.76,1294.63
2017-11-29,1293.6,1296.76,1282.12,1285.15
2017-11-30,1284.02,1286.43,1270.42,1278.59
2017-12-01,1275.15,1289.35,1271.71,1274.16
2017-12-04,1274.53,1280.4,1271.19,1275.14
2017-12-05,1276.34,1277.15,1261.04,1263.64
2017-12-06,1265.99,1269.34,1262.61,1264.13
2017-12-07,1264.07,1264.59,1244.02,1252.81
2017-12-08,1247.67,1252.46,1244.11,1247.34
2017-12-11,1247.84,1251.61,1240.81,1247.23
2017-12-12,1242.11,1246.29,1236.55,1236.73
2017-12-13,1244.13,1257.18,1240.37,1248.2
2017-12-14,1254.35,1259.16,1250.55,1253.21
2017-12-15,1253.25,1261.87,1249.06,1254.84
2017-12-18,1254.86,1264.05,1252.82,1263.29
2017-12-19,1261.67,1265.34,1259.3,1260.95
2017-12-20,1261.58,1267.98,1261.45,1264.02
2017-12-21,1265.7,1269.06,1262.89,1265.5
2017-12-22,1266.27,1276.29,1265.07,1272.51
2017-12-25,1274.5,1274.65,1274.5,1274.5
2017-12-26,1274.22,1284.48,1273.54,1281.99
2017-12-27,1282.22,1289.07,1281.39,1285.92
2017-12-28,1287.55,1295.25,1286.74,1293.77
2017-12-29,1294.23,1307.66,1293.87,1302.66
2018-01-01,1302.65,1307.66,1293.87,1302.65
2018-01-02,1302.66,1319.01,1302.59,1312.37
2018-01-03,1317.75,1321.56,1307.6,1316.45
2018-01-04,1313.18,1326.07,1305.98,1319.37
2018-01-05,1321.82,1323.47,1313.77,1318.99
2018-01-08,1320.99,1322.2,1314.91,1319.21
2018-01-09,1320.3,1320.75,1308.97,1311.76
2018-01-10,1312.2,1327.77,1308.33,1318.41
2018-01-11,1317.15,1324.02,1315.79,1320.87
2018-01-12,1321.9,1341.43,1321.67,1330.64
2018-01-15,1336.47,1344.81,1336.09,1340.39
2018-01-16,1339.52,1342.36,1331.97,1334.99
2018-01-17,1338.84,1344.05,1326.2,1335.65
2018-01-18,1326.98,1333.18,1324.33,1329.17
2018-01-19,1326.55,1338.17,1326.45,1333.11
2018-01-22,1333.77,1335.8,1328.51,1334.15
2018-01-23,1333.34,1341.88,1331.45,1337.99
2018-01-24,1341.0,1362.1,1339.6,1352.76
2018-01-25,1357.53,1366.15,1342.55,1357.45
2018-01-26,1347.17,1357.2,1344.68,1352.03
2018-01-29,1350.39,1352.44,1337.71,1339.45
2018-01-30,1341.07,1348.98,1334.54,1341.51
2018-01-31,1337.32,1347.63,1332.82,1342.32
2018-02-01,1343.83,1351.08,1337.34,1341.72
2018-02-02,1347.93,1350.15,1327.46,1329.6
2018-02-05,1331.13,1341.53,1329.08,1335.03
2018-02-06,1338.15,1346.21,1320.26,1328.04
2018-02-07,1324.6,1332.36,1311.51,1320.58
2018-02-08,1317.31,1322.23,1307.17,1314.56
2018-02-09,1318.55,1322.81,1311.25,1314.75
2018-02-12,1315.44,1326.8,1314.28,1324.04
2018-02-13,1322.74,1331.1,1321.68,1328.12
2018-02-14,1329.29,1355.62,1317.91,1348.13
2018-02-15,1349.91,1357.2,1348.67,1350.9
2018-02-16,1353.66,1361.82,1344.87,1355.7
2018-02-19,1347.23,1351.47,1345.9,1348.11
2018-02-20,1347.84,1348.3,1328.54,1338.22
2018-02-21,1329.2,1336.31,1322.5,1330.3
2018-02-22,1324.35,1332.31,1321.04,1328.14
2018-02-23,1331.58,1332.54,1325.9,1328.61
2018-02-26,1329.5,1341.06,1326.66,1332.01
2018-02-27,1333.11,1336.8,1313.55,1317.11
2018-02-28,1317.82,1322.55,1315.69,1318.39
2018-03-01,1318.71,1321.15,1302.89,1305.68
2018-03-02,1316.32,1325.49,1315.29,1320.14
2018-03-05,1323.65,1327.83,1317.61,1321.59
2018-03-06,1320.16,1338.58,1320.05,1336.77
2018-03-07,1339.6,1340.59,1322.27,1326.87
2018-03-08,1325.74,1329.08,1319.11,1319.79
2018-03-09,1321.5,1325.25,1312.96,1321.2
2018-03-12,1324.06,1324.38,1315.18,1318.36
2018-03-13,1322.75,1328.36,1314.17,1326.28
2018-03-14,1326.83,1330.11,1321.55,1323.99
2018-03-15,1324.71,1328.0,1315.03,1317.04
2018-03-16,1316.53,1321.82,1309.74,1313.54
2018-03-19,1313.73,1319.7,1307.86,1319.33
2018-03-20,1316.88,1318.34,1307.23,1312.22
2018-03-21,1310.72,1336.7,1309.92,1324.93
2018-03-22,1332.3,1335.01,1324.88,1327.58
2018-03-23,1329.64,1350.33,1328.88,1349.05
2018-03-26,1348.05,1356.02,1343.57,1355.14
2018-03-27,1352.99,1356.92,1339.89,1342.75
2018-03-28,1345.46,1347.07,1323.54,1328.76
2018-03-29,1326.13,1328.39,1321.31,1323.23
2018-03-30,1325.35,1328.39,1321.31,1325.35
2018-04-02,1325.43,1344.96,1324.94,1338.44
2018-04-03,1340.72,1342.56,1328.97,1332.32
2018-04-04,1332.86,1348.3,1330.99,1334.39
2018-04-05,1334.36,1348.3,1322.79,1325.13
2018-04-06,1325.13,1335.51,1319.9,1332.14
2018-04-09,1334.36,1338.03,1326.95,1333.27
2018-04-10,1333.34,1342.64,1326.95,1338.7
2018-04-11,1338.51,1365.22,1331.18,1361.53
2018-04-12,1361.16,1365.22,1333.84,1338.06
2018-04-13,1338.06,1353.38,1333.54,1345.15
2018-04-16,1344.42,1350.56,1340.34,1347.04
2018-04-17,1347.16,1350.56,1337.77,1343.93
2018-04-18,1347.33,1355.73,1337.77,1350.43
2018-04-19,1350.84,1355.73,1341.03,1342.08
2018-04-20,1342.49,1354.77,1334.0,1338.02
2018-04-23,1334.96,1335.57,1322.15,1322.62
2018-04-24,1322.38,1335.57,1322.11,1329.0
2018-04-25,1329.01,1332.14,1318.83,1321.06
2018-04-26,1321.14,1332.14,1315.36,1316.39
2018-04-27,1317.25,1326.59,1315.36,1321.75
2018-04-30,1322.29,1327.0,1310.27,1315.19
2018-05-01,1315.42,1325.5,1301.79,1305.77
2018-05-02,1305.78,1316.43,1301.79,1306.94
2018-05-03,1306.73,1318.17,1303.76,1313.72
2018-05-04,1313.82,1318.17,1304.64,1311.29
2018-05-07,1314.83,1319.1,1310.04,1314.01
2018-05-08,1313.83,1319.1,1306.14,1310.7
2018-05-09,1310.64,1317.5,1304.34,1313.55
2018-05-10,1313.26,1322.9,1304.34,1318.8
2018-05-11,1319.09,1326.03,1310.86,1321.97
2018-05-14,1318.22,1322.4,1313.05,1319.31
2018-05-15,1319.44,1322.4,1288.78,1293.38
2018-05-16,1293.54,1314.91,1286.46,1289.53
2018-05-17,1289.64,1296.96,1285.24,1288.62
2018-05-18,1290.4,1294.24,1286.16,1291.31
2018-05-21,1291.08,1293.19,1282.18,1289.25
2018-05-22,1289.45,1296.21,1282.18,1292.55
2018-05-23,1292.7,1298.62,1288.01,1291.39
2018-05-24,1291.58,1306.69,1288.01,1303.84
2018-05-25,1304.53,1307.81,1292.83,1304.48
2018-05-28,1299.57,1300.37,1295.6,1298.42
2018-05-29,1298.53,1306.64,1293.04,1302.62
2018-05-30,1299.16,1304.4,1296.03,1304.14
2018-05-31,1301.85,1306.55,1296.03,1301.08
2018-06-01,1300.96,1306.55,1289.5,1296.55
2018-06-04,1293.32,1298.14,1290.32,1293.56
2018-06-05,1293.86,1300.57,1289.88,1296.46
2018-06-06,1296.95,1301.84,1289.88,1299.79
2018-06-07,1299.78,1303.19,1293.9,1298.01
2018-06-08,1297.91,1303.19,1293.28,1298.6
2018-06-11,1299.8,1302.28,1294.18,1301.24
2018-06-12,1301.17,1304.4,1292.7,1297.5
2018-06-13,1297.977,1301.25,1292.24,1297.59
2018-06-14,1297.68,1309.37,1292.24,1304.33
2018-06-15,1304.37,1309.37,1275.49,1277.77
2018-06-18,1278.41,1282.48,1277.11,1278.26
2018-06-19,1278.06,1284.13,1270.52,1275.61
2018-06-20,1275.49,1284.13,1267.69,1274.19
2018-06-21,1274.21,1276.49,1261.5,1267.49
2018-06-22,1267.49,1271.18,1261.5,1268.61
2018-06-25,1269.92,1272.65,1264.53,1266.74
2018-06-26,1266.34,1272.65,1254.85,1260.94
2018-06-27,1260.83,1267.73,1250.84,1254.22
2018-06-28,1254.34,1260.12,1246.02,1250.24
2018-06-29,1250.43,1255.68,1246.26,1252.65
2018-07-02,1252.46,1254.3,1239.77,1243.7
2018-07-03,1243.56,1256.91,1237.98,1256.49
2018-07-04,1256.5,1261.18,1237.98,1256.11
2018-07-05,1256.11,1261.18,1251.2,1257.59
2018-07-06,1257.3,1259.82,1251.37,1254.01
2018-07-09,1255.21,1265.99,1253.32,1260.39
2018-07-10,1259.95,1265.99,1247.41,1255.64
2018-07-11,1255.94,1260.37,1241.61,1247.03
2018-07-12,1247.02,1256.96,1238.64,1247.38
2018-07-13,1247.45,1248.6,1236.56,1242.01
2018-07-16,1241.25,1245.64,1238.42,1239.5
2018-07-17,1239.55,1245.64,1226.16,1227.42
2018-07-18,1227.52,1245.06,1221.17,1225.85
2018-07-19,1225.95,1229.45,1211.63,1216.57
2018-07-20,1216.07,1232.91,1211.63,1229.09
2018-07-23,1231.32,1235.18,1222.37,1225.15
2018-07-24,1224.95,1235.18,1218.25,1224.2
2018-07-25,1224.48,1234.21,1218.25,1228.58
2018-07-26,1228.48,1235.23,1222.44,1226.12
2018-07-27,1226.21,1235.23,1217.61,1226.5
2018-07-30,1222.94,1225.13,1219.11,1223.4
2018-07-31,1223.5,1228.59,1214.04,1223.85
2018-08-01,1223.89,1224.9,1214.04,1218.95
2018-08-02,1218.93,1224.9,1207.18,1213.91
2018-08-03,1208.37,1220.05,1204.58,1217.69
2018-08-06,1213.97,1219.32,1206.42,1210.58
2018-08-07,1207.8,1216.23,1207.46,1212.42
2018-08-08,1212.43,1216.23,1206.62,1209.71
2018-08-09,1209.81,1217.37,1206.62,1213.82
2018-08-10,1213.82,1217.37,1205.89,1211.81
2018-08-13,1211.48,1213.94,1191.8,1195.75
2018-08-14,1196.15,1213.94,1192.15,1196.46
2018-08-15,1196.53,1198.79,1173.2,1176.58
2018-08-16,1176.38,1194.77,1160.39,1179.51
2018-08-17,1179.31,1185.9,1160.39,1178.0
2018-08-20,1183.51,1190.91,1182.86,1186.54
2018-08-21,1186.45,1197.1,1182.86,1189.35
2018-08-22,1189.41,1201.64,1187.76,1195.99
2018-08-23,1195.8,1201.64,1183.97,1189.1
2018-08-24,1189.1,1208.59,1183.0,1208.28
2018-08-27,1207.35,1212.4,1203.22,1209.34
2018-08-28,1209.33,1214.35,1199.73,1208.65
2018-08-29,1208.65,1214.35,1200.94,1204.12
2018-08-30,1204.11,1207.96,1196.36,1199.28
2018-08-31,1199.08,1208.94,1196.36,1200.33
2018-09-03,1200.69,1203.93,1195.8,1200.81
2018-09-04,1200.8,1203.93,1189.69,1191.54
2018-09-05,1191.65,1202.05,1189.69,1196.84
2018-09-06,1196.65,1207.06,1190.96,1198.59
2018-09-07,1198.9,1207.06,1193.53,1196.82
2018-09-10,1195.65,1198.56,1191.56,1196.46
2018-09-11,1196.68,1199.46,1187.78,1195.65
2018-09-12,1195.87,1208.54,1187.78,1202.3
2018-09-13,1202.36,1212.73,1192.78,1202.97
2018-09-14,1202.78,1212.73,1191.93,1196.95
2018-09-17,1193.97,1204.89,1192.89,1202.57
2018-09-18,1202.86,1204.89,1192.89,1199.11
2018-09-19,1199.0,1206.26,1195.93,1203.46
2018-09-20,1203.45,1208.5,1197.75,1203.67
2018-09-21,1203.58,1211.1,1191.95,1196.06
2018-09-24,1198.42,1204.22,1194.49,1201.37
2018-09-25,1201.46,1204.22,1194.49,1201.26
2018-09-26,1201.17,1203.41,1190.61,1194.67
2018-09-27,1195.11,1198.65,1181.96,1184.02
2018-09-28,1182.79,1193.81,1180.9,1192.49
2018-10-01,1191.03,1192.41,1184.4,1188.4
2018-10-02,1188.258,1208.5,1184.4,1203.587
2018-10-03,1204.72,1208.5,1188.2,1199.752
2018-10-04,1199.918,1208.4,1195.7,1201.29
2018-10-05,1201.03,1206.8,1195.7,1201.1
2018-10-08,1202.63,1204.08,1182.97,1185.67
2018-10-09,1188.47,1191.97,1183.43,1189.09
2018-10-10,1189.31,1194.94,1185.44,1189.4
2018-10-11,1189.28,1226.42,1185.44,1219.39
2018-10-12,1219.43,1224.51,1191.34,1219.56
2018-10-15,1217.14,1233.33,1217.19,1228.13
2018-10-16,1227.87,1232.47,1223.5,1228.2
2018-10-17,1228.19,1232.47,1220.67,1226.45
2018-10-18,1221.9,1230.16,1218.78,1229.43
2018-10-19,1229.3,1230.86,1218.78,1226.63
2018-10-22,1226.48,1229.67,1220.16,1221.43
2018-10-23,1221.86,1239.84,1221.74,1233.5
2018-10-24,1233.35,1239.84,1221.74,1228.66
2018-10-25,1228.26,1239.24,1225.73,1229.56
2018-10-26,1232.24,1243.48,1230.15,1239.52
2018-10-29,1233.95,1235.45,1224.4,1230.13
2018-10-30,1230.22,1235.45,1219.96,1224.25
2018-10-31,1222.94,1225.13,1212.03,1216.69
2018-11-01,1216.66,1237.44,1212.03,1230.56
2018-11-02,1233.37,1236.52,1229.82,1231.43
2018-11-05,1233.76,1235.19,1226.95,1231.2
2018-11-06,1231.31,1235.96,1223.59,1228.36
2018-11-07,1228.92,1236.46,1223.1,1227.64
2018-11-08,1227.78,1236.46,1220.23,1224.15
2018-11-09,1224.1,1227.17,1206.83,1212.38
2018-11-12,1209.23,1211.54,1200.31,1204.13
2018-11-13,1203.72,1211.54,1196.34,1203.17
2018-11-14,1203.54,1216.65,1196.34,1201.6
2018-11-15,1201.77,1216.51,1197.78,1213.46
2018-11-16,1213.49,1225.38,1207.89,1220.78
2018-11-19,1221.78,1225.26,1218.09,1222.58
2018-11-20,1224.13,1228.84,1220.0,1223.28
2018-11-21,1222.1,1230.1,1219.81,1226.45
2018-11-22,1226.95,1230.1,1219.81,1227.44
2018-11-23,1227.45,1229.16,1220.42,1222.81
2018-11-26,1223.9,1228.11,1221.78,1222.94
2018-11-27,1222.73,1228.11,1212.03,1214.68
2018-11-28,1214.88,1226.75,1211.27,1212.81
2018-11-29,1212.85,1229.01,1211.27,1227.66
2018-11-30,1224.25,1225.63,1216.77,1218.44
2018-12-03,1222.596,1234.99,1216.77,1232.45
2018-12-04,1232.84,1241.98,1221.52,1238.47
2018-12-05,1238.19,1241.98,1230.6,1237.36
2018-12-06,1237.26,1244.37,1233.44,1241.95
2018-12-07,1241.49,1250.09,1234.83,1245.09
2018-12-10,1250.35,1251.09,1241.68,1245.27
2018-12-11,1245.06,1251.09,1241.1,1243.66
2018-12-12,1243.67,1249.6,1242.07,1245.76
2018-12-13,1245.89,1246.85,1240.21,1243.06
2018-12-14,1242.15,1246.81,1233.02,1236.11
2018-12-17,1236.0,1248.19,1233.02,1242.3
2018-12-18,1242.4,1250.44,1235.87,1246.42
2018-12-19,1246.46,1258.09,1241.82,1254.64
2018-12-20,1254.35,1266.55,1242.81,1256.46
2018-12-21,1256.17,1262.8,1242.81,1259.61
2018-12-24,1258.29,1270.35,1257.96,1265.74
2018-12-25,1258.29,1270.35,1257.96,1269.07
2018-12-26,1269.29,1279.11,1264.39,1278.25
2018-12-27,1278.34,1279.04,1264.39,1274.82
2018-12-28,1274.42,1282.24,1266.65,1278.26
2018-12-31,1279.18,1284.06,1277.0,1280.42
2019-01-01,1279.18,1284.06,1277.0,1282.2
2019-01-02,1281.99,1288.83,1278.75,1285.74
2019-01-03,1285.73,1294.99,1278.82,1289.29
2019-01-04,1289.69,1298.6,1276.74,1282.67
2019-01-07,1285.39,1295.13,1282.71,1288.17
2019-01-08,1288.79,1295.13,1279.49,1284.75
2019-01-09,1285.1,1293.92,1279.49,1290.4
2019-01-10,1290.04,1297.13,1280.19,1289.85
2019-01-11,1289.94,1297.13,1286.66,1290.2
2019-01-14,1287.93,1295.93,1287.65,1290.2
2019-01-15,1290.34,1295.93,1286.85,1290.85
2019-01-16,1291.2,1295.05,1287.63,1293.14
2019-01-17,1292.92,1295.38,1287.99,1290.61
2019-01-18,1290.19,1295.38,1280.47,1283.56
2019-01-21,1282.55,1283.6,1276.69,1280.41
2019-01-22,1280.32,1285.59,1276.82,1280.52
2019-01-23,1280.22,1286.6,1277.5,1282.11
2019-01-24,1282.85,1284.88,1276.86,1282.1
2019-01-25,1282.23,1305.44,1276.86,1297.43
2019-01-28,1302.96,1304.52,1297.71,1302.77
2019-01-29,1302.44,1312.02,1297.71,1310.75
2019-01-30,1310.74,1323.43,1302.8,1312.01
2019-01-31,1312.0,1326.33,1309.52,1322.5
2019-02-01,1322.21,1326.33,1316.25,1318.19
2019-02-04,1318.69,1319.11,1308.73,1313.65
2019-02-05,1313.86,1319.11,1308.73,1314.66
2019-02-06,1314.55,1316.95,1305.83,1312.24
2019-02-07,1312.04,1315.87,1302.85,1308.93
2019-02-08,1310.19,1316.61,1307.83,1313.68
2019-02-11,1313.485,1314.85,1303.74,1308.4
2019-02-12,1308.39,1314.85,1303.74,1309.77
2019-02-13,1309.79,1318.24,1305.13,1314.59
2019-02-14,1314.46,1318.24,1302.48,1309.61
2019-02-15,1309.4,1322.64,1302.48,1314.49
2019-02-18,1321.67,1327.71,1320.339,1325.52
2019-02-19,1325.85,1341.86,1320.69,1338.16
2019-02-20,1340.14,1346.8,1336.97,1344.73
2019-02-21,1344.75,1346.8,1321.58,1331.87
2019-02-22,1331.96,1341.6,1321.56,1329.22
2019-02-25,1329.43,1332.68,1325.23,1329.2
2019-02-26,1327.43,1330.25,1323.61,1327.17
2019-02-27,1327.25,1330.25,1317.01,1323.54
2019-02-28,1323.51,1329.95,1312.69,1315.62
2019-03-01,1315.22,1327.35,1290.24,1305.51
2019-03-04,1294.74,1315.28,1282.92,1285.75
2019-03-05,1285.47,1297.11,1281.25,1284.15
2019-03-06,1284.15,1291.01,1281.25,1286.78
2019-03-07,1286.21,1291.01,1280.94,1286.86
2019-03-08,1286.56,1300.81,1280.94,1297.07
2019-03-11,1297.85,1299.18,1290.56,1292.94
2019-03-12,1292.75,1302.3,1291.06,1297.26
2019-03-13,1296.91,1311.33,1292.07,1308.06
2019-03-14,1307.79,1310.46,1292.9,1295.37
2019-03-15,1295.41,1310.46,1292.9,1301.89
2019-03-18,1302.1,1306.8,1298.29,1303.95
2019-03-19,1304.05,1310.95,1298.29,1307.81
2019-03-20,1307.51,1317.08,1298.77,1300.39
2019-03-21,1300.51,1320.45,1298.77,1310.25
2019-03-22,1310.43,1320.45,1306.85,1313.41
2019-03-25,1313.42,1324.63,1311.06,1321.56
2019-03-26,1321.45,1323.32,1311.06,1314.22
2019-03-27,1314.54,1323.32,1308.21,1311.53
2019-03-28,1311.57,1319.36,1288.64,1292.23
2019-03-29,1292.14,1312.35,1286.81,1295.55
2019-04-01,1291.64,1297.1,1288.28,1290.64
2019-04-02,1287.3,1292.67,1285.33,1290.18
2019-04-03,1292.55,1294.68,1285.33,1290.27
2019-04-04,1290.2,1294.48,1280.95,1287.79
2019-04-05,1292.39,1293.73,1284.43,1292.07
2019-04-08,1291.93,1303.79,1291.55,1297.69
2019-04-09,1297.72,1306.26,1296.68,1306.15
2019-04-10,1304.15,1310.67,1301.0,1307.98
2019-04-11,1301.63,1309.22,1289.5,1294.88
2019-04-12,1292.26,1295.89,1290.15,1291.38
2019-04-15,1291.06,1292.04,1282.59,1288.95
2019-04-16,1287.91,1288.8,1273.02,1275.65
2019-04-17,1276.8,1279.87,1273.12,1274.32
2019-04-18,1273.57,1277.75,1271.26,1273.86
2019-04-22,1275.96,1279.91,1273.9,1274.28
2019-04-23,1275.16,1276.58,1266.42,1271.83
2019-04-24,1272.3,1278.65,1268.83,1277.42
2019-04-25,1275.84,1282.66,1273.39,1278.23
2019-04-26,1277.11,1288.76,1274.42,1287.87
2019-04-29,1287.13,1287.14,1278.14,1278.46
2019-04-30,1280.07,1286.27,1279.85,1283.75
2019-05-01,1283.3,1287.32,1273.04,1281.8
2019-05-02,1276.99,1278.04,1266.35,1271.49
2019-05-03,1270.7,1282.54,1268.39,1279.116
2019-05-06,1280.77,1285.81,1270.6,1280.68
2019-05-07,1281.35,1286.24,1278.25,1284.14
2019-05-08,1284.43,1291.56,1279.43,1281.35
2019-05-09,1280.97,1288.29,1279.7,1285.43
2019-05-10,1284.38,1289.51,1283.2,1288.88
2019-05-13,1287.93,1301.35,1282.02,1297.88
2019-05-14,1300.03,1303.41,1293.81,1294.5
2019-05-15,1297.05,1300.94,1293.1,1296.2
2019-05-16,1296.64,1298.82,1284.16,1285.24
2019-05-17,1286.85,1288.99,1274.93,1277.03
2019-05-20,1277.53,1279.06,1273.71,1277.11
2019-05-21,1277.84,1278.02,1269.58,1273.56
2019-05-22,1274.83,1277.36,1272.54,1276.12
2019-05-23,1273.5,1287.35,1272.81,1286.38
2019-05-24,1283.45,1285.32,1280.83,1283.98
2019-05-27,1283.45,1288.88,1280.83,1284.97
2019-05-28,1288.03,1288.15,1276.21,1279.43
2019-05-29,1279.73,1285.61,1279.19,1283.34
2019-05-30,1280.36,1289.31,1275.05,1287.5
2019-05-31,1288.43,1307.0,1288.05,1301.92
2019-06-03,1306.39,1320.32,1306.16,1319.34
2019-06-04,1325.04,1329.14,1320.05,1322.47
2019-06-05,1325.44,1344.16,1324.61,1328.56
2019-06-06,1331.2,1339.37,1327.31,1338.45
2019-06-07,1335.6,1348.31,1330.34,1339.64
2019-06-10,1337.01,1337.76,1325.2,1328.22
2019-06-11,1327.87,1329.94,1319.94,1325.82
2019-06-12,1326.8,1338.46,1326.1,1335.47
2019-06-13,1334.06,1340.56,1332.43,1339.15
2019-06-14,1342.48,1358.26,1341.93,1349.77
2019-06-17,1342.04,1343.6,1333.09,1340.78
2019-06-18,1339.99,1354.67,1338.7,1345.73
2019-06-19,1346.52,1347.62,1341.45,1344.84
2019-06-20,1360.72,1394.11,1357.73,1385.61
2019-06-21,1388.34,1411.63,1382.62,1397.72
2019-06-24,1400.48,1417.39,1399.87,1413.67
2019-06-25,1419.63,1439.21,1418.24,1429.88
2019-06-26,1423.89,1424.52,1402.06,1413.38
2019-06-27,1409.6,1412.21,1398.77,1406.06
2019-06-28,1410.04,1424.72,1405.78,1411.55
2019-07-01,1394.95,1397.87,1381.9,1389.46
2019-07-02,1383.97,1404.52,1383.34,1403.53
2019-07-03,1420.38,1437.87,1412.1,1418.01
2019-07-04,1419.12,1421.75,1410.34,1415.75
2019-07-05,1416.01,1424.3,1386.8,1396.81
2019-07-08,1399.03,1407.67,1392.88,1394.61
2019-07-09,1395.31,1400.07,1385.87,1397.64
2019-07-10,1397.66,1411.52,1390.0,1409.88
2019-07-11,1418.86,1427.23,1408.62,1412.12
2019-07-12,1404.6,1412.45,1403.22,1408.07
2019-07-15,1415.86,1419.79,1407.81,1412.59
2019-07-16,1414.69,1418.35,1404.75,1404.91
2019-07-17,1406.28,1424.25,1400.14,1423.55
2019-07-18,1426.68,1430.23,1414.73,1428.31
2019-07-19,1446.68,1453.09,1420.24,1425.22
2019-07-22,1425.3,1425.61,1424.92,1425.41
2019-07-23,1425.3,1430.23,1414.28,1417.68
2019-07-24,1418.05,1429.59,1416.39,1425.71
2019-07-25,1425.89,1433.84,1411.18,1414.43
2019-07-26,1414.36,1424.91,1413.66,1418.75
2019-07-29,1419.75,1428.21,1414.86,1420.96
2019-07-30,1426.8,1433.35,1422.38,1427.76
2019-07-31,1431.99,1434.82,1410.69,1428.13
2019-08-01,1412.9,1446.06,1400.58,1415.53
2019-08-02,1445.74,1448.4,1430.46,1446.39
2019-08-05,1439.99,1469.82,1436.8,1464.03
2019-08-06,1468.54,1474.93,1456.54,1469.19
2019-08-07,1474.5,1510.46,1472.36,1506.86
2019-08-08,1500.28,1509.63,1490.13,1497.36
2019-08-09,1504.64,1509.17,1494.88,1503.44
2019-08-12,1497.39,1520.04,1487.48,1506.19
2019-08-13,1511.32,1535.11,1480.0,1502.19
2019-08-14,1502.17,1524.13,1494.16,1516.21
2019-08-15,1516.51,1527.13,1508.07,1523.14
2019-08-16,1523.34,1528.1,1503.77,1513.37
2019-08-19,1511.72,1513.06,1493.32,1495.77
2019-08-20,1496.24,1508.66,1493.0,1507.05
2019-08-21,1507.94,1508.14,1496.6,1502.5
2019-08-22,1502.41,1504.65,1492.57,1497.91
2019-08-23,1498.63,1530.32,1493.58,1526.81
2019-08-26,1535.25,1555.07,1525.11,1527.16
2019-08-27,1527.44,1544.72,1525.78,1542.66
2019-08-28,1542.36,1546.94,1532.05,1538.86
2019-08-29,1539.59,1550.46,1519.86,1527.48
2019-08-30,1527.85,1533.17,1517.06,1520.23
2019-09-02,1525.96,1534.09,1519.32,1529.23
2019-09-03,1529.86,1549.81,1521.8,1546.95
2019-09-04,1547.2,1557.11,1533.93,1552.4
2019-09-05,1552.28,1553.07,1506.36,1518.9
2019-09-06,1520.3,1527.99,1502.65,1506.67
2019-09-09,1508.18,1515.58,1497.71,1498.98
2019-09-10,1498.81,1501.04,1484.65,1485.63
2019-09-11,1485.83,1498.3,1485.25,1497.05
2019-09-12,1497.72,1524.27,1489.3,1499.11
2019-09-13,1498.95,1509.07,1485.89,1488.38
2019-09-16,1488.32,1512.1,1488.32,1498.28
2019-09-17,1498.8,1507.15,1493.54,1501.23
2019-09-18,1501.4,1511.56,1483.5,1493.85
2019-09-19,1494.24,1504.55,1489.03,1498.88
2019-09-20,1499.4,1517.14,1498.03,1516.75
2019-09-23,1513.4,1526.89,1511.11,1522.09
2019-09-24,1522.19,1535.73,1515.7,1531.72
2019-09-25,1531.93,1535.22,1500.53,1503.9
2019-09-26,1504.19,1512.39,1500.61,1504.63
2019-09-27,1504.58,1507.46,1486.95,1496.86
2019-09-30,1495.01,1500.58,1464.55,1472.35
2019-10-01,1472.26,1487.31,1459.14,1478.99
2019-10-02,1478.92,1505.19,1474.59,1499.31
2019-10-03,1499.6,1519.65,1495.89,1505.04
2019-10-04,1505.57,1515.02,1495.97,1504.51
2019-10-07,1511.28,1511.31,1488.09,1493.35
2019-10-08,1493.54,1509.66,1487.04,1505.36
2019-10-09,1505.75,1512.44,1499.94,1505.42
2019-10-10,1505.83,1517.14,1491.23,1493.85
2019-10-11,1493.95,1503.24,1474.08,1488.86
2019-10-14,1488.43,1497.18,1482.93,1493.06
2019-10-15,1493.38,1498.53,1477.29,1480.86
2019-10-16,1481.23,1491.64,1477.11,1489.98
2019-10-17,1490.25,1497.45,1483.54,1491.72
2019-10-18,1492.05,1494.18,1484.95,1489.9
2019-10-21,1491.56,1495.28,1481.71,1484.35
2019-10-22,1484.92,1489.05,1480.91,1487.53
2019-10-23,1488.01,1496.35,1487.82,1491.97
2019-10-24,1491.83,1504.1,1488.09,1503.83
2019-10-25,1503.86,1518.02,1500.71,1504.48
2019-10-28,1492.56,1492.97,1491.97,1491.94
2019-10-29,1488.11,1488.23,1487.04,1487.07
2019-10-30,1495.87,1496.18,1493.86,1495.58
2019-10-31,1512.79,1513.0,1511.84,1512.17
2019-11-01,1512.79,1516.13,1503.36,1514.19
2019-11-04,1513.63,1514.88,1504.5,1509.67
2019-11-05,1509.48,1509.73,1479.5,1483.46
2019-11-06,1483.42,1494.26,1482.5,1490.42
2019-11-07,1490.15,1492.24,1460.7,1468.33
2019-11-08,1468.16,1473.01,1456.31,1458.85
2019-11-11,1459.06,1466.5,1448.29,1455.71
2019-11-12,1455.39,1460.5,1445.7,1456.17
2019-11-13,1456.22,1467.12,1455.94,1463.43
2019-11-14,1463.34,1474.72,1461.22,1471.25
2019-11-15,1471.27,1471.46,1462.48,1468.06
2019-11-18,1467.46,1474.05,1456.44,1471.36
2019-11-19,1471.49,1475.46,1464.88,1472.31
2019-11-20,1472.56,1478.92,1466.04,1471.46
2019-11-21,1474.82,1475.72,1462.43,1464.26
2019-11-22,1464.11,1473.28,1461.4,1461.78
2019-11-25,1460.77,1462.19,1454.11,1455.11
2019-11-26,1455.07,1462.97,1450.13,1461.23
2019-11-27,1461.66,1462.05,1452.67,1454.29
2019-11-28,1454.4,1459.88,1454.1,1459.67
2019-11-29,1455.6,1466.62,1453.09,1463.9
2019-12-02,1464.14,1465.43,1454.03,1462.29
2019-12-03,1462.29,1481.86,1459.91,1477.46
2019-12-04,1477.25,1484.09,1471.49,1474.44
2019-12-05,1474.61,1480.43,1472.94,1475.85
2019-12-06,1475.67,1479.73,1458.78,1460.02
2019-12-09,1459.45,1465.48,1458.78,1461.53
2019-12-10,1462.05,1469.25,1460.06,1464.24
2019-12-11,1464.02,1478.97,1462.78,1474.73
2019-12-12,1474.9,1486.83,1464.02,1469.65
2019-12-13,1468.45,1478.12,1462.54,1476.18
2019-12-16,1475.84,1479.97,1473.23,1476.03
2019-12-17,1476.05,1480.58,1474.26,1476.07
2019-12-18,1476.36,1479.36,1470.52,1475.25
2019-12-19,1475.51,1481.76,1473.33,1478.65
2019-12-20,1478.78,1495.13,1475.92,1481.49
2019-12-23,1478.59,1486.22,1477.5,1485.64
2019-12-24,1485.63,1500.63,1484.47,1499.49
2019-12-26,1499.33,1512.68,1497.59,1511.38
2019-12-27,1511.39,1515.38,1507.42,1510.41
2019-12-30,1511.52,1516.19,1510.86,1515.01
2019-12-31,1514.94,1525.38,1514.77,1517.23
2020-01-02,1519.15,1531.4,1517.29,1528.98
2020-01-03,1529.13,1553.52,1528.07,1552.05
2020-01-06,1560.84,1588.13,1560.64,1565.59
2020-01-07,1565.41,1577.41,1555.34,1574.22
2020-01-08,1576.18,1611.42,1552.3,1556.26
2020-01-09,1556.73,1561.39,1540.33,1552.17
2020-01-10,1552.37,1563.14,1545.8,1562.19
2020-01-13,1561.14,1561.17,1546.55,1547.73
2020-01-14,1548.14,1548.93,1536.0,1546.24
2020-01-15,1546.41,1558.2,1546.05,1556.1
2020-01-16,1556.12,1558.13,1548.09,1552.36
2020-01-17,1552.31,1561.31,1549.47,1557.09
2020-01-20,1557.92,1562.77,1556.43,1560.66
2020-01-21,1560.99,1568.67,1546.41,1558.02
2020-01-22,1558.67,1559.3,1550.29,1558.63
2020-01-23,1559.07,1567.97,1552.02,1562.79
2020-01-24,1562.75,1575.83,1556.62,1571.38
2020-01-27,1580.26,1588.68,1575.94,1581.91
2020-01-28,1581.7,1583.1,1565.64,1567.02
2020-01-29,1567.05,1578.03,1563.48,1576.68
2020-01-30,1577.08,1586.01,1572.4,1574.13
2020-01-31,1573.97,1590.57,1570.99,1589.01
2020-02-03,1590.79,1592.11,1569.79,1576.55
2020-02-04,1577.21,1579.65,1549.14,1552.77
2020-02-05,1552.85,1562.45,1547.57,1555.87
2020-02-06,1556.24,1568.31,1552.59,1566.51
2020-02-07,1566.69,1574.13,1560.97,1570.29
2020-02-10,1572.17,1577.05,1568.06,1572.0
2020-02-11,1572.1,1574.09,1562.18,1567.74
2020-02-12,1568.01,1570.52,1561.93,1565.91
2020-02-13,1566.34,1578.34,1565.61,1575.85
2020-02-14,1576.15,1585.08,1573.18,1583.91
2020-02-17,1583.2,1583.84,1578.93,1581.04
2020-02-18,1584.39,1605.19,1582.45,1601.46
2020-02-19,1601.72,1612.98,1599.58,1611.55
2020-02-20,1612.2,1623.73,1604.01,1619.41
2020-02-21,1620.54,1649.26,1619.05,1643.26
2020-02-24,1652.2,1689.31,1650.97,1659.23
2020-02-25,1659.32,1664.04,1625.22,1634.99
2020-02-26,1635.25,1655.0,1624.98,1640.82
2020-02-27,1641.04,1660.38,1635.33,1644.86
2020-02-28,1644.37,1649.51,1563.07,1585.54
2020-03-02,1592.29,1611.03,1575.41,1589.29
2020-03-03,1588.31,1649.38,1586.67,1640.75
2020-03-04,1639.98,1652.67,1631.96,1636.78
2020-03-05,1639.15,1674.75,1635.07,1672.08
2020-03-06,1672.59,1692.15,1642.73,1673.68
2020-03-09,1694.44,1703.39,1657.71,1680.32
2020-03-10,1679.23,1680.75,1641.75,1649.25
2020-03-11,1649.7,1671.31,1633.13,1634.89
2020-03-12,1633.74,1650.43,1560.87,1576.0
2020-03-13,1579.58,1597.98,1504.78,1529.68
2020-03-16,1571.12,1575.47,1451.55,1513.95
2020-03-17,1512.03,1553.91,1465.83,1528.15
2020-03-18,1528.15,1546.41,1473.04,1485.9
2020-03-19,1486.23,1501.13,1464.3,1471.1
2020-03-20,1469.79,1516.07,1455.06,1498.5
2020-03-23,1500.82,1561.42,1484.35,1553.09
2020-03-24,1557.47,1634.16,1553.66,1632.17
2020-03-25,1634.02,1642.55,1595.13,1616.75
2020-03-26,1615.55,1645.02,1593.15,1631.19
2020-03-27,1635.49,1636.83,1613.7,1628.01
2020-03-30,1635.55,1635.61,1611.93,1622.42
2020-03-31,1620.27,1623.47,1576.26,1576.19
2020-04-01,1576.8,1600.75,1569.07,1589.43
2020-04-02,1591.66,1620.49,1583.2,1614.1
2020-04-03,1614.27,1625.85,1606.99,1621.1
2020-04-06,1620.66,1669.54,1609.35,1666.37
2020-04-07,1667.26,1679.68,1642.92,1657.6
2020-04-08,1646.68,1657.08,1640.9,1645.55
2020-04-09,1643.77,1690.32,1643.3,1683.58
2020-04-13,1688.18,1724.11,1676.03,1715.19
2020-04-14,1712.54,1728.09,1709.18,1721.41
2020-04-15,1728.35,1731.4,1708.29,1716.88
2020-04-16,1720.35,1738.7,1708.37,1717.55
2020-04-17,1717.82,1719.1,1679.94,1682.67
2020-04-20,1679.45,1702.9,1672.27,1695.5
2020-04-21,1696.39,1698.21,1659.55,1686.05
2020-04-22,1687.11,1718.76,1680.45,1713.93
2020-04-23,1715.54,1739.28,1707.36,1730.36
2020-04-24,1731.5,1736.42,1710.79,1729.45
2020-04-27,1728.74,1729.06,1706.3,1713.84
2020-04-28,1712.16,1714.49,1692.59,1704.11
2020-04-29,1708.9,1718.0,1697.94,1713.26
2020-04-30,1715.46,1721.68,1681.2,1686.35
2020-05-01,1684.57,1705.86,1670.72,1700.27
2020-05-04,1698.75,1714.67,1691.18,1701.92
2020-05-05,1701.69,1711.83,1690.82,1705.77
2020-05-06,1706.38,1708.41,1682.07,1685.56
2020-05-07,1682.66,1722.07,1682.39,1715.91
2020-05-08,1716.76,1723.13,1699.82,1702.55
2020-05-11,1702.84,1711.7,1691.99,1697.8
2020-05-12,1698.47,1711.22,1693.33,1702.55
2020-05-13,1701.94,1718.53,1699.31,1716.13
2020-05-14,1717.28,1736.55,1711.23,1730.15
2020-05-15,1730.75,1751.69,1729.0,1743.52
2020-05-18,1746.86,1765.43,1727.4,1732.4
2020-05-19,1731.95,1748.13,1726.28,1744.9
2020-05-20,1745.95,1752.7,1743.65,1749.39
2020-05-21,1748.78,1748.78,1717.02,1726.85
2020-05-22,1726.95,1740.29,1724.45,1734.53
2020-05-25,1735.85,1736.77,1721.24,1728.11
2020-05-26,1727.83,1735.67,1709.14,1710.43
2020-05-27,1708.67,1715.73,1694.31,1709.32
2020-05-28,1712.15,1727.65,1707.9,1718.18
2020-05-29,1719.2,1737.89,1712.5,1730.12
2020-06-01,1738.64,1744.69,1727.42,1739.4
2020-06-02,1737.53,1745.4,1721.45,1727.56
2020-06-03,1727.72,1732.34,1689.56,1699.52
2020-06-04,1700.27,1721.54,1697.13,1713.86
2020-06-05,1713.98,1716.39,1670.98,1684.91
2020-06-08,1683.43,1700.6,1677.83,1698.38
2020-06-09,1698.5,1720.97,1692.58,1715.18
2020-06-10,1715.57,1739.76,1708.13,1738.55
2020-06-11,1738.71,1744.73,1721.71,1727.55
2020-06-12,1728.16,1743.22,1722.26,1730.6
2020-06-15,1734.27,1734.33,1704.19,1725.01
2020-06-16,1725.46,1733.07,1716.85,1726.38
2020-06-17,1726.45,1730.22,1713.2,1726.8
2020-06-18,1726.53,1738.15,1717.62,1722.78
2020-06-19,1722.72,1745.26,1721.79,1743.72
2020-06-22,1751.51,1763.38,1742.46,1754.28
2020-06-23,1755.37,1771.14,1747.47,1768.26
2020-06-24,1768.05,1779.53,1760.67,1761.02
2020-06-25,1762.26,1768.88,1755.51,1763.64
2020-06-26,1764.05,1772.14,1747.62,1771.14
2020-06-29,1775.11,1775.17,1765.84,1772.67
2020-06-30,1772.61,1786.16,1764.7,1780.81
2020-07-01,1782.98,1789.28,1759.36,1769.94
2020-07-02,1769.32,1779.71,1757.77,1775.23
2020-07-03,1776.3,1777.36,1772.78,1775.17
2020-07-06,1773.44,1787.12,1770.19,1784.53
2020-07-07,1785.05,1797.39,1773.73,1794.71
2020-07-08,1794.28,1818.02,1791.67,1808.74
2020-07-09,1808.38,1816.15,1795.75,1803.4
2020-07-10,1803.71,1810.72,1794.24,1798.55
2020-07-13,1798.76,1813.59,1798.08,1802.61
2020-07-14,1801.32,1810.89,1790.79,1809.21
2020-07-15,1809.57,1814.92,1802.6,1810.14
2020-07-16,1810.68,1813.48,1794.98,1797.01
2020-07-17,1797.01,1812.03,1795.96,1810.27
2020-07-20,1808.84,1820.53,1805.95,1817.62
2020-07-21,1817.95,1843.47,1815.82,1841.76
2020-07-22,1841.58,1872.17,1841.2,1871.26
2020-07-23,1871.12,1898.34,1863.8,1887.29
2020-07-24,1887.92,1906.56,1881.91,1901.69
2020-07-27,1901.45,1945.72,1899.92,1942.09
2020-07-28,1942.32,1981.17,1907.11,1958.28
2020-07-29,1958.07,1980.8,1941.69,1970.64
2020-07-30,1970.67,1971.66,1939.54,1956.49
2020-07-31,1956.19,1983.36,1955.41,1975.71
2020-08-03,1980.48,1988.4,1960.54,1976.83
2020-08-04,1976.85,2019.92,1967.74,2019.08
2020-08-05,2018.83,2055.78,2009.85,2037.97
2020-08-06,2039.05,2069.63,2034.2,2062.384
2020-08-07,2063.348,2074.71,2015.4,2034.616
2020-08-10,2034.213,2049.834,2019.175,2027.07
2020-08-11,2026.718,2029.944,1901.057,1911.5
2020-08-12,1911.4,1949.245,1862.5,1916.09
2020-08-13,1919.9,1966.244,1912.4,1953.33
2020-08-14,1953.45,1962.25,1932.1,1943.888
2020-08-17,1945.97,1990.69,1929.536,1984.6
2020-08-18,1986.87,2015.398,1975.9,2002.08
2020-08-19,2000.93,2006.464,1924.434,1928.42
2020-08-20,1927.866,1955.324,1924.7,1946.3
2020-08-21,1946.525,1955.88,1911.33,1939.946
2020-08-24,1946.0,1962.18,1923.3,1928.54
2020-08-25,1932.33,1937.47,1914.2,1927.766
2020-08-26,1927.7,1954.76,1902.3,1954.2
2020-08-27,1952.3,1976.3,1909.958,1929.54
2020-08-28,1929.531,1973.824,1923.095,1964.554
2020-08-31,1965.366,1976.41,1954.0,1967.3
2020-09-01,1967.4,1992.63,1963.28,1969.908
2020-09-02,1969.6,1973.29,1932.52,1942.09
2020-09-03,1942.409,1951.03,1921.63,1930.21
2020-09-04,1931.269,1949.0,1916.413,1933.768
2020-09-07,1930.897,1941.36,1924.312,1928.2
2020-09-08,1929.045,1940.825,1906.36,1930.966
2020-09-09,1931.906,1950.88,1919.92,1946.3
2020-09-10,1946.337,1966.483,1941.1,1945.845
2020-09-11,1945.6,1954.68,1937.0,1939.685
2020-09-14,1941.166,1962.5,1936.92,1956.0
2020-09-15,1956.627,1972.06,1948.2,1954.09
2020-09-16,1954.62,1973.594,1949.6,1958.7
2020-09-17,1958.8,1960.91,1932.73,1943.42
2020-09-18,1942.15,1960.07,1940.79,1949.161
2020-09-21,1950.276,1955.72,1882.592,1911.6
2020-09-22,1912.357,1919.865,1894.6,1899.6
2020-09-23,1899.947,1905.81,1855.68,1863.138
2020-09-24,1863.286,1876.993,1848.6,1867.418
2020-09-25,1867.207,1875.17,1852.478,1861.205
2020-09-28,1858.25,1883.02,1848.874,1881.149
2020-09-29,1880.947,1898.95,1875.3,1897.3
2020-09-30,1897.347,1902.32,1881.258,1885.76
2020-10-01,1885.017,1911.908,1884.2,1905.54
2020-10-02,1905.6,1917.03,1889.653,1898.379
2020-10-05,1893.1,1918.709,1886.3,1912.78
2020-10-06,1912.2,1920.75,1874.57,1877.83
2020-10-07,1878.178,1897.944,1872.829,1886.8
2020-10-08,1887.0,1900.57,1881.3,1893.59
2020-10-09,1893.4,1930.414,1892.6,1929.853
2020-10-12,1929.5,1933.145,1918.2,1922.388
2020-10-13,1921.97,1925.6,1886.388,1890.92
2020-10-14,1891.447,1912.88,1882.37,1901.328
2020-10-15,1899.31,1909.06,1889.45,1908.125
2020-10-16,1906.95,1913.86,1897.0,1899.067
2020-10-19,1898.59,1918.41,1896.888,1904.017
2020-10-20,1903.539,1914.09,1894.6,1906.16
2020-10-21,1907.649,1931.324,1907.64,1924.214
2020-10-22,1923.734,1925.99,1894.6,1903.894
2020-10-23,1903.627,1914.22,1894.245,1901.112
2020-10-26,1903.247,1908.56,1891.213,1901.69
2020-10-27,1901.147,1911.36,1897.6,1907.778
2020-10-28,1907.809,1910.87,1869.349,1876.33
2020-10-29,1876.318,1884.97,1858.9,1867.418
2020-10-30,1866.729,1889.69,1864.0,1878.989
2020-11-02,1876.658,1895.95,1873.358,1895.1
2020-11-03,1893.4,1910.51,1886.875,1909.04
2020-11-04,1908.3,1916.28,1882.3,1902.751
2020-11-05,1902.847,1952.69,1902.0,1948.87
2020-11-06,1947.93,1960.264,1935.1,1950.784
2020-11-09,1957.2,1965.54,1850.0,1862.465
2020-11-10,1860.6,1890.324,1859.728,1876.54
2020-11-11,1876.8,1884.43,1856.325,1865.215
2020-11-12,1865.1,1883.795,1862.2,1876.674
2020-11-13,1876.14,1896.763,1873.5,1889.2
2020-11-16,1881.9,1899.005,1864.624,1888.31
2020-11-17,1887.51,1893.52,1876.76,1879.958
2020-11-18,1879.578,1884.8,1863.67,1872.1
2020-11-19,1873.06,1874.06,1852.58,1865.635
2020-11-20,1866.2,1879.78,1860.4,1870.798
2020-11-23,1870.618,1876.15,1830.7,1837.235
2020-11-24,1837.5,1838.98,1800.1,1807.05
2020-11-25,1807.2,1817.614,1801.3,1807.5
2020-11-26,1806.88,1818.226,1805.766,1809.719
2020-11-27,1810.795,1813.755,1774.0,1786.13
2020-11-30,1789.2,1789.85,1764.387,1776.7
2020-12-01,1776.528,1817.35,1775.2,1814.995
2020-12-02,1815.058,1832.52,1806.8,1830.258
2020-12-03,1829.92,1843.845,1823.4,1840.75
2020-12-04,1839.964,1848.124,1829.05,1838.233
2020-12-07,1838.7,1868.59,1822.85,1862.58
2020-12-08,1862.32,1875.38,1860.38,1870.41
2020-12-09,1870.58,1870.67,1825.82,1839.4
2020-12-10,1839.75,1850.11,1828.75,1836.42
2020-12-11,1837.09,1847.77,1824.27,1839.7
2020-12-14,1840.08,1840.08,1819.29,1827.2
2020-12-15,1828.05,1855.41,1825.61,1853.49
2020-12-16,1853.63,1865.81,1844.92,1864.65
2020-12-17,1864.42,1896.25,1862.12,1885.27
2020-12-18,1885.57,1889.75,1877.46,1881.2
2020-12-21,1883.47,1906.79,1855.47,1876.74
2020-12-22,1876.91,1884.33,1858.99,1860.69
2020-12-23,1860.51,1878.54,1857.26,1872.74
2020-12-24,1872.65,1883.56,1869.71,1879.25
2020-12-28,1882.313,1900.165,1869.55,1873.42
2020-12-29,1872.918,1886.4,1871.635,1877.45
2020-12-30,1877.9,1894.435,1875.8,1894.25
2020-12-31,1894.034,1900.96,1885.2,1898.0
2021-01-04,1904.04,1944.39,1903.7,1942.82
2021-01-05,1941.51,1952.94,1934.0,1949.48
2021-01-06,1948.865,1959.19,1900.81,1918.238
2021-01-07,1919.119,1927.67,1906.74,1913.22
2021-01-08,1914.467,1917.42,1828.19,1848.35
2021-01-11,1849.267,1856.515,1817.088,1843.1
2021-01-12,1844.598,1863.56,1837.2,1854.465
2021-01-13,1854.114,1863.01,1842.045,1844.825
2021-01-14,1845.555,1857.46,1829.553,1845.867
2021-01-15,1845.55,1856.69,1822.6,1827.868
2021-01-18,1828.648,1840.71,1805.675,1837.33
2021-01-19,1837.588,1845.34,1832.92,1839.8
2021-01-20,1839.624,1871.91,1832.503,1871.91
2021-01-21,1870.448,1875.07,1858.325,1869.715
2021-01-22,1869.794,1870.85,1837.19,1855.182
2021-01-25,1855.246,1867.83,1847.04,1855.6
2021-01-26,1855.064,1861.71,1848.315,1850.32
2021-01-27,1849.908,1853.04,1831.21,1843.73
2021-01-28,1844.387,1864.06,1833.3,1842.325
2021-01-29,1842.3,1875.59,1839.2,1847.013
2021-02-01,1862.338,1871.594,1848.6,1860.18
2021-02-02,1860.418,1864.12,1829.44,1837.58
2021-02-03,1837.004,1844.94,1829.368,1833.705
2021-02-04,1832.78,1834.77,1784.85,1793.69
2021-02-05,1793.69,1815.106,1791.4,1813.934
2021-02-08,1816.935,1839.055,1807.5,1830.3
2021-02-09,1830.19,1848.55,1827.9,1837.79
2021-02-10,1837.32,1855.265,1833.8,1842.7
2021-02-11,1842.85,1847.489,1820.1,1825.225
2021-02-12,1825.69,1830.665,1810.4,1823.925
2021-02-15,1824.28,1827.03,1815.1,1818.49
2021-02-16,1818.62,1826.43,1789.0,1794.448
2021-02-17,1794.27,1795.16,1769.515,1776.24
2021-02-18,1774.73,1789.47,1768.27,1775.59
2021-02-19,1774.96,1791.5,1760.4,1784.215
2021-02-22,1781.98,1812.54,1780.5,1809.2
2021-02-23,1809.35,1816.01,1795.554,1805.08
2021-02-24,1804.535,1813.7,1783.3,1804.85
2021-02-25,1804.36,1805.41,1765.58,1769.789
2021-02-26,1769.26,1775.7,1716.8,1733.39
2021-03-01,1737.5,1759.739,1719.4,1724.388
2021-03-02,1724.14,1739.066,1707.05,1738.0
2021-03-03,1737.52,1740.483,1701.7,1710.54
2021-03-04,1708.8,1722.97,1690.46,1697.266
2021-03-05,1697.4,1707.545,1687.138,1699.976
2021-03-08,1703.43,1714.23,1676.5,1682.6
2021-03-09,1682.91,1720.586,1680.1,1715.73
2021-03-10,1715.43,1726.72,1707.8,1726.37
2021-03-11,1726.35,1739.85,1719.1,1722.059
2021-03-12,1721.84,1729.143,1699.0,1726.689
2021-03-15,1730.07,1732.17,1729.1,1730.578
2021-03-16,1730.07,1741.076,1725.9,1730.72
2021-03-17,1729.61,1737.9,1724.198,1727.864
2021-03-18,1745.05,1755.46,1719.115,1731.31
2021-03-19,1736.3,1745.316,1727.4,1741.92
2021-03-22,1745.999,1747.05,1727.2,1740.329
2021-03-23,1738.83,1742.4,1724.946,1726.92
2021-03-24,1727.75,1738.38,1723.969,1733.93
2021-03-25,1733.05,1745.47,1724.88,1728.26
2021-03-26,1726.9,1736.73,1721.4,1731.9
2021-03-29,1727.45,1733.076,1705.5,1711.724
2021-03-30,1712.03,1714.39,1678.58,1686.947
2021-03-31,1685.12,1708.68,1677.6,1707.07
2021-04-01,1707.52,1730.48,1705.4,1729.789
2021-04-02,1730.182,1731.09,1706.11,1728.84
2021-04-05,1728.719,1733.47,1721.0,1728.058
2021-04-06,1727.795,1745.36,1726.0,1743.006
2021-04-07,1742.71,1744.26,1730.5,1737.3
2021-04-08,1737.3,1758.65,1733.08,1755.236
2021-04-09,1755.54,1757.306,1731.1,1743.649
2021-04-12,1743.358,1744.94,1726.6,1732.6
2021-04-13,1732.219,1748.86,1722.7,1745.119
2021-04-14,1745.016,1749.38,1732.0,1735.886
2021-04-15,1736.079,1769.74,1733.8,1763.5
2021-04-16,1763.695,1783.81,1759.5,1776.486
2021-04-19,1778.02,1790.04,1766.63,1771.098
2021-04-20,1770.03,1780.42,1763.1,1778.558
2021-04-21,1778.54,1797.544,1775.3,1793.3
2021-04-22,1793.1,1797.83,1776.6,1783.6
2021-04-23,1783.4,1795.788,1769.7,1776.408
2021-04-26,1774.887,1783.47,1768.6,1780.995
2021-04-27,1780.829,1785.506,1773.5,1776.66
2021-04-28,1777.03,1782.54,1762.3,1781.19
2021-04-29,1781.408,1789.95,1756.07,1771.7
2021-04-30,1772.267,1773.71,1764.0,1768.82
2021-05-03,1768.87,1797.81,1765.2,1792.68
2021-05-04,1792.73,1798.98,1770.89,1778.36
2021-05-05,1778.71,1787.96,1770.19,1786.414
2021-05-06,1786.486,1818.066,1781.83,1815.04
2021-05-07,1814.4,1843.127,1812.6,1830.66
2021-05-10,1833.678,1845.27,1829.8,1835.7
2021-05-11,1835.216,1841.79,1817.9,1836.932
2021-05-12,1837.33,1843.558,1812.3,1815.17
2021-05-13,1815.588,1828.745,1808.67,1826.2
2021-05-14,1826.35,1845.96,1819.32,1842.665
2021-05-17,1844.538,1868.46,1840.89,1866.5
2021-05-18,1866.238,1874.92,1863.1,1868.978
2021-05-19,1869.545,1889.944,1851.1,1869.5
2021-05-20,1869.284,1883.81,1862.7,1877.01
2021-05-21,1875.59,1889.4,1869.6,1880.815
2021-05-24,1881.655,1887.0,1875.08,1880.4
2021-05-25,1879.99,1900.31,1872.5,1898.698
2021-05-26,1898.99,1912.72,1890.42,1896.3
2021-05-27,1896.01,1903.65,1888.04,1896.0
2021-05-28,1896.3,1905.749,1882.1,1903.318
2021-05-31,1903.338,1910.6,1900.8,1906.62
2021-06-01,1907.407,1916.53,1892.3,1900.088
2021-06-02,1899.83,1909.05,1893.4,1907.734
2021-06-03,1908.02,1909.6,1865.22,1870.548
2021-06-04,1869.4,1896.13,1855.46,1890.585
2021-06-07,1887.4,1900.09,1880.7,1898.8
2021-06-08,1898.76,1903.514,1883.93,1892.4
2021-06-09,1892.49,1898.814,1886.7,1888.385
2021-06-10,1888.294,1899.86,1869.65,1897.948
2021-06-11,1898.143,1902.92,1874.1,1876.727
2021-06-14,1874.1,1877.888,1844.2,1865.8
2021-06-15,1866.0,1869.13,1850.8,1858.8
2021-06-16,1858.71,1862.83,1803.15,1811.518
2021-06-17,1811.923,1825.23,1767.04,1773.378
2021-06-18,1773.31,1797.05,1760.7,1763.859
2021-06-21,1763.778,1786.5,1763.778,1782.92
2021-06-22,1782.953,1790.07,1772.24,1778.35
2021-06-23,1777.78,1794.81,1773.1,1778.5
2021-06-24,1778.735,1788.01,1772.0,1775.01
2021-06-25,1775.178,1790.255,1772.6,1781.61
2021-06-28,1781.208,1785.715,1770.53,1778.0
2021-06-29,1778.208,1778.94,1750.71,1760.918
2021-06-30,1761.086,1774.36,1752.4,1769.898
2021-07-01,1769.792,1782.92,1765.6,1776.81
2021-07-02,1776.523,1795.07,1773.3,1786.2
2021-07-05,1787.22,1794.428,1783.2,1791.6
2021-07-06,1791.623,1814.96,1789.3,1796.768
2021-07-07,1796.7,1809.73,1793.0,1803.328
2021-07-08,1803.41,1818.38,1794.52,1802.4
2021-07-09,1802.49,1812.33,1796.4,1808.07
2021-07-12,1807.598,1810.81,1791.59,1805.8
2021-07-13,1805.888,1817.0,1798.67,1807.56
2021-07-14,1807.445,1829.78,1803.4,1827.1
2021-07-15,1827.072,1833.85,1819.8,1829.1
2021-07-16,1829.177,1832.01,1808.8,1811.96
2021-07-19,1811.04,1817.28,1794.888,1812.2
2021-07-20,1812.365,1824.91,1804.6,1810.31
2021-07-21,1810.016,1813.69,1794.67,1803.278
2021-07-22,1803.321,1808.28,1792.0,1806.66
2021-07-23,1806.695,1810.31,1789.86,1801.78
2021-07-26,1801.978,1811.49,1795.3,1797.36
2021-07-27,1797.27,1805.2,1792.6,1798.69
2021-07-28,1798.738,1809.82,1792.42,1806.83
2021-07-29,1806.874,1832.67,1805.2,1827.6
2021-07-30,1827.95,1831.24,1809.2,1813.86
2021-08-02,1813.878,1819.5,1805.4,1813.355
2021-08-03,1813.38,1815.07,1807.23,1810.29
2021-08-04,1810.59,1831.78,1806.56,1811.63
2021-08-05,1812.18,1814.89,1797.93,1804.31
2021-08-06,1804.4,1804.95,1758.8,1762.88
2021-08-09,1763.51,1764.94,1690.61,1729.79
2021-08-10,1730.09,1738.37,1717.83,1728.79
2021-08-11,1729.45,1754.45,1724.17,1751.55
2021-08-12,1751.49,1758.22,1741.8,1752.75
2021-08-13,1752.8,1780.02,1751.76,1779.6
2021-08-16,1778.29,1789.31,1770.93,1787.3
2021-08-17,1787.53,1795.51,1780.67,1786.04
2021-08-18,1786.27,1793.81,1777.44,1787.67
2021-08-19,1787.77,1792.52,1774.54,1780.23
2021-08-20,1780.53,1788.46,1778.5,1780.96
2021-08-23,1780.65,1806.49,1776.55,1805.31
2021-08-24,1805.27,1809.61,1800.78,1802.75
2021-08-25,1802.81,1803.16,1782.74,1790.85
2021-08-26,1790.95,1798.26,1780.1,1792.29
2021-08-27,1792.03,1819.19,1785.97,1817.42
2021-08-30,1818.34,1823.31,1807.81,1810.19
2021-08-31,1809.77,1819.21,1801.89,1813.47
2021-09-01,1814.0,1820.05,1808.74,1813.75
2021-09-02,1813.94,1817.2,1805.13,1809.53
2021-09-03,1809.41,1834.03,1809.09,1827.59
2021-09-06,1828.31,1830.28,1821.46,1823.22
2021-09-07,1823.47,1827.3,1792.54,1794.15
2021-09-08,1794.47,1802.17,1782.59,1789.11
2021-09-09,1789.49,1801.01,1784.16,1794.43
2021-09-10,1794.46,1803.9,1787.3,1787.43
2021-09-13,1788.39,1798.33,1783.91,1793.58
2021-09-14,1793.69,1808.66,1782.43,1804.36
2021-09-15,1804.47,1806.82,1790.83,1793.91
2021-09-16,1794.39,1796.24,1745.4,1753.62
2021-09-17,1754.25,1767.56,1747.49,1754.19
2021-09-20,1754.02,1767.07,1742.38,1764.01
2021-09-21,1764.71,1781.8,1758.02,1774.36
2021-09-22,1774.09,1787.36,1764.73,1768.03
2021-09-23,1768.8,1776.53,1738.12,1742.61
2021-09-24,1743.52,1757.7,1740.51,1750.27
2021-09-27,1749.97,1760.89,1744.86,1750.01
2021-09-28,1750.4,1754.48,1728.19,1733.86
2021-09-29,1734.23,1745.53,1721.76,1726.25
2021-09-30,1726.48,1764.26,1722.26,1756.8
2021-10-01,1756.8,1764.27,1749.78,1760.83
2021-10-04,1761.78,1770.44,1747.81,1769.48
2021-10-05,1770.06,1770.08,1748.65,1760.03
2021-10-06,1759.84,1765.06,1745.99,1762.69
2021-10-07,1762.98,1767.04,1752.04,1755.63
2021-10-08,1756.45,1781.41,1753.4,1756.98
2021-10-11,1757.18,1761.09,1750.26,1754.0
2021-10-12,1753.91,1769.44,1750.85,1760.14
2021-10-13,1760.23,1796.2,1758.05,1792.82
2021-10-14,1792.83,1800.55,1786.7,1795.69
2021-10-15,1795.81,1796.51,1764.92,1767.47
2021-10-18,1767.32,1772.14,1760.41,1764.71
2021-10-19,1765.06,1785.17,1762.94,1769.14
2021-10-20,1769.27,1788.47,1766.86,1781.98
2021-10-21,1781.98,1789.48,1776.56,1782.75
2021-10-22,1783.2,1813.82,1783.02,1792.5
2021-10-25,1793.43,1810.04,1792.39,1807.58
2021-10-26,1807.88,1808.36,1782.52,1792.75
2021-10-27,1793.33,1799.08,1783.55,1796.7
2021-10-28,1797.0,1810.44,1792.48,1798.76
2021-10-29,1799.6,1801.17,1772.07,1783.23
2021-11-01,1783.33,1795.86,1779.26,1793.13
2021-11-02,1793.4,1796.39,1786.43,1787.61
2021-11-03,1787.55,1788.26,1759.01,1769.67
2021-11-04,1769.3,1798.94,1769.3,1791.89
2021-11-05,1791.69,1818.38,1785.26,1818.21
2021-11-08,1818.51,1826.49,1812.55,1823.91
2021-11-09,1824.34,1832.81,1819.22,1831.73
2021-11-10,1832.19,1868.55,1822.42,1849.45
2021-11-11,1849.61,1865.99,1843.0,1861.96
2021-11-12,1862.1,1868.68,1845.31,1864.75
2021-11-15,1867.64,1870.31,1856.41,1862.69
2021-11-16,1862.81,1877.15,1849.77,1850.48
2021-11-17,1850.22,1868.03,1849.7,1867.33
2021-11-18,1867.5,1870.92,1855.22,1858.8
2021-11-19,1859.16,1865.73,1843.12,1845.59
2021-11-22,1846.44,1849.13,1802.41,1804.51
2021-11-23,1804.76,1812.48,1782.05,1789.01
2021-11-24,1789.31,1796.48,1778.7,1788.47
2021-11-25,1789.55,1795.1,1786.17,1788.46
2021-11-26,1788.78,1815.56,1780.89,1792.15
2021-11-29,1792.82,1799.41,1780.69,1784.45
2021-11-30,1784.84,1808.72,1770.0,1774.37
2021-12-01,1774.52,1794.33,1772.27,1781.58
2021-12-02,1781.73,1783.42,1761.97,1768.6
2021-12-03,1768.45,1786.17,1766.22,1783.14
2021-12-06,1784.86,1787.75,1775.84,1778.52
2021-12-07,1779.14,1787.8,1772.34,1783.98
2021-12-08,1784.36,1793.15,1779.72,1782.84
2021-12-09,1783.26,1787.6,1773.51,1775.18
2021-12-10,1775.91,1789.4,1770.21,1782.69
2021-12-13,1783.05,1791.51,1781.86,1786.51
2021-12-14,1786.42,1789.52,1766.62,1770.7
2021-12-15,1771.31,1780.92,1753.77,1776.76
2021-12-16,1777.32,1799.71,1775.68,1799.2
2021-12-17,1799.91,1814.25,1795.97,1797.96
2021-12-20,1799.24,1804.19,1788.42,1790.78
2021-12-21,1790.73,1800.49,1784.93,1789.12
2021-12-22,1789.38,1805.06,1785.91,1803.52
2021-12-23,1804.68,1810.73,1799.01,1808.65
2021-12-24,1807.85,1807.85,1807.85,1807.85
2021-12-27,1808.21,1813.48,1803.13,1811.97
2021-12-28,1811.64,1820.25,1805.12,1806.03
2021-12-29,1806.15,1807.72,1789.55,1804.56
2021-12-30,1804.74,1817.24,1796.3,1814.52
2021-12-31,1815.94,1830.34,1814.83,1829.05
2022-01-03,1829.97,1831.88,1798.49,1801.3
2022-01-04,1801.24,1816.82,1798.56,1814.45
2022-01-05,1814.98,1829.69,1808.38,1810.26
2022-01-06,1810.77,1811.56,1786.51,1791.03
2022-01-07,1791.1,1798.71,1782.76,1796.4
2022-01-10,1795.29,1802.37,1790.4,1801.53
2022-01-11,1801.57,1823.31,1800.19,1821.51
2022-01-12,1821.4,1828.06,1814.78,1826.0
2022-01-13,1825.95,1828.17,1812.46,1822.39
2022-01-14,1822.59,1829.2,1814.77,1817.79
2022-01-17,1817.69,1823.24,1813.23,1819.22
2022-01-18,1818.85,1822.81,1805.92,1813.58
2022-01-19,1813.48,1843.35,1810.35,1840.39
2022-01-20,1840.22,1847.87,1836.06,1839.13
2022-01-21,1840.0,1843.26,1828.55,1835.23
2022-01-24,1834.26,1844.35,1829.84,1842.91
2022-01-25,1843.21,1853.87,1835.04,1847.88
2022-01-26,1847.64,1850.08,1815.16,1819.44
2022-01-27,1820.33,1822.18,1791.9,1797.28
2022-01-28,1798.32,1799.45,1780.35,1791.38
2022-01-31,1790.98,1799.82,1785.65,1797.02
2022-02-01,1797.74,1808.81,1795.81,1801.04
2022-02-02,1801.18,1810.85,1794.54,1806.67
2022-02-03,1806.95,1809.02,1788.74,1804.7
2022-02-04,1805.02,1814.94,1792.3,1808.13
2022-02-07,1807.47,1823.6,1807.04,1820.32
2022-02-08,1820.77,1828.83,1815.5,1825.77
2022-02-09,1825.95,1835.82,1824.79,1833.21
2022-02-10,1833.25,1841.95,1821.79,1826.67
2022-02-11,1826.59,1865.48,1821.14,1858.61
2022-02-14,1861.51,1874.16,1850.91,1871.03
2022-02-15,1871.7,1879.55,1844.75,1853.46
2022-02-16,1853.74,1872.6,1850.39,1869.65
2022-02-17,1869.92,1901.15,1867.9,1898.28
2022-02-18,1898.82,1902.47,1886.68,1898.28
2022-02-21,1900.373,1908.2,1887.453,1906.027
2022-02-22,1900.81,1908.34,1889.44,1898.49
2022-02-23,1898.813,1910.41,1889.4,1909.03
2022-02-24,1908.788,1974.27,1878.02,1903.27
2022-02-25,1904.239,1921.33,1882.8,1888.57
2022-02-28,1918.928,1930.348,1890.5,1908.68
2022-03-01,1908.715,1950.19,1900.3,1944.99
2022-03-02,1944.539,1947.87,1913.74,1928.25
2022-03-03,1928.59,1941.27,1921.2,1935.728
2022-03-04,1936.205,1970.75,1929.52,1969.87
2022-03-07,1975.92,2002.5,1960.86,1997.65
2022-03-08,1997.844,2070.208,1980.964,2050.059
2022-03-09,2050.905,2059.17,1976.034,1990.93
2022-03-10,1991.525,2009.1,1970.5,1996.53
2022-03-11,1996.807,1998.994,1958.61,1987.77
2022-03-14,1984.478,1989.76,1949.4,1950.7
2022-03-15,1951.075,1954.58,1907.008,1917.7
2022-03-16,1917.825,1929.47,1895.0,1926.7
2022-03-17,1927.288,1949.72,1923.07,1942.49
2022-03-18,1942.478,1945.25,1917.4,1921.41
2022-03-21,1921.407,1940.69,1917.3,1935.51
2022-03-22,1935.593,1938.36,1910.6,1921.367
2022-03-23,1921.449,1948.3,1915.2,1943.7
2022-03-24,1943.356,1966.03,1936.8,1957.2
2022-03-25,1957.245,1964.2,1943.044,1957.94
2022-03-28,1958.706,1959.018,1916.838,1922.58
2022-03-29,1923.191,1929.234,1889.98,1919.26
2022-03-30,1919.169,1938.47,1915.3,1932.4
2022-03-31,1933.05,1949.72,1918.9,1937.05
2022-04-01,1937.224,1939.49,1917.2,1925.0
2022-04-04,1923.788,1936.86,1915.42,1932.441
2022-04-05,1932.987,1944.49,1917.1,1923.467
2022-04-06,1923.426,1933.44,1915.14,1924.9
2022-04-07,1925.038,1937.7,1919.6,1931.27
2022-04-08,1931.651,1948.1,1926.7,1947.348
2022-04-11,1946.138,1969.22,1939.8,1953.441
2022-04-12,1953.712,1978.54,1948.9,1966.616
2022-04-13,1966.585,1981.49,1962.1,1977.671
2022-04-14,1977.499,1980.31,1960.576,1973.516
2022-04-15,1973.495,1974.652,1972.46,1972.47
2022-04-18,1973.818,1998.39,1970.726,1978.5
2022-04-19,1978.499,1981.92,1943.82,1949.92
2022-04-20,1950.09,1958.23,1938.9,1957.4
2022-04-21,1957.38,1957.6,1936.6,1951.0
2022-04-22,1951.514,1955.6,1926.55,1930.998
2022-04-25,1930.523,1934.45,1891.3,1897.5
2022-04-26,1897.7,1911.15,1895.3,1905.197
2022-04-27,1905.56,1906.96,1881.2,1885.758
2022-04-28,1885.863,1896.68,1871.99,1894.267
2022-04-29,1894.372,1919.809,1891.6,1896.767
2022-05-02,1895.635,1899.92,1854.62,1862.817
2022-05-03,1862.773,1878.17,1850.1,1867.986
2022-05-04,1867.78,1889.54,1860.8,1880.898
2022-05-05,1880.955,1909.73,1872.358,1876.928
2022-05-06,1876.841,1892.4,1866.0,1883.381
2022-05-09,1883.11,1885.64,1851.1,1853.923
2022-05-10,1854.77,1865.34,1835.398,1837.8
2022-05-11,1838.178,1857.958,1831.3,1852.332
2022-05-12,1852.211,1858.93,1820.5,1821.2
2022-05-13,1821.765,1828.88,1798.98,1811.842
2022-05-16,1809.648,1826.84,1786.7,1823.698
2022-05-17,1823.517,1835.96,1812.84,1814.81
2022-05-18,1814.03,1824.63,1807.25,1816.23
2022-05-19,1815.6,1849.11,1810.82,1841.76
2022-05-20,1840.26,1849.3,1832.23,1845.46
2022-05-23,1846.12,1865.33,1842.86,1853.39
2022-05-24,1853.86,1869.59,1849.25,1866.42
2022-05-25,1865.15,1867.96,1841.86,1853.18
2022-05-26,1852.66,1854.19,1840.61,1850.42
2022-05-27,1850.09,1861.9,1847.89,1853.53
2022-05-30,1852.37,1863.82,1848.14,1853.81
2022-05-31,1855.79,1857.05,1834.96,1836.94
2022-06-01,1836.43,1849.88,1828.38,1846.09
2022-06-02,1845.78,1870.44,1844.0,1868.24
2022-06-03,1867.14,1873.99,1847.26,1851.23
2022-06-06,1849.98,1857.74,1840.56,1840.99
2022-06-07,1840.15,1855.42,1836.74,1852.21
2022-06-08,1851.62,1859.51,1844.42,1853.28
2022-06-09,1852.85,1855.18,1839.91,1847.9
2022-06-10,1847.77,1875.74,1824.92,1871.39
2022-06-13,1876.19,1878.65,1817.27,1819.31
2022-06-14,1819.43,1831.43,1804.98,1808.03
2022-06-15,1807.2,1841.69,1807.05,1833.51
2022-06-16,1833.26,1857.39,1815.17,1856.92
2022-06-17,1856.37,1857.1,1833.74,1841.5
2022-06-20,1837.16,1845.92,1834.37,1838.36
2022-06-21,1836.75,1843.52,1828.45,1832.81
2022-06-22,1832.63,1847.69,1823.27,1837.46
2022-06-23,1837.59,1845.91,1822.37,1822.46
2022-06-24,1822.51,1831.6,1816.76,1826.59
2022-06-27,1838.97,1840.9,1820.61,1822.63
2022-06-28,1821.99,1829.37,1818.3,1819.75
2022-06-29,1819.62,1832.96,1811.91,1817.57
2022-06-30,1817.59,1824.98,1802.52,1807.17
2022-07-01,1807.26,1809.22,1784.39,1807.29
2022-07-04,1811.14,1814.16,1803.85,1807.46
2022-07-05,1806.95,1812.07,1763.82,1764.7
2022-07-06,1764.65,1772.73,1732.17,1738.56
2022-07-07,1737.77,1748.93,1736.47,1740.04
2022-07-08,1740.03,1752.36,1732.9,1741.61
2022-07-11,1741.25,1744.41,1731.23,1733.95
2022-07-12,1733.62,1744.2,1723.05,1725.77
2022-07-13,1725.99,1745.29,1706.97,1735.35
2022-07-14,1734.73,1736.07,1697.53,1709.48
2022-07-15,1710.36,1716.49,1698.91,1706.27
2022-07-18,1707.63,1723.76,1705.86,1708.91
2022-07-19,1709.45,1718.28,1705.24,1711.47
2022-07-20,1711.06,1714.45,1692.35,1696.24
2022-07-21,1696.34,1720.17,1680.79,1718.45
2022-07-22,1717.84,1739.18,1712.77,1726.92
2022-07-25,1727.57,1736.13,1714.62,1719.52
2022-07-26,1718.69,1728.11,1713.5,1716.99
2022-07-27,1716.39,1740.08,1711.38,1733.77
2022-07-28,1733.63,1756.96,1733.48,1755.58
2022-07-29,1755.61,1767.8,1751.98,1765.63
2022-08-01,1765.2,1775.2,1758.18,1772.18
2022-08-02,1771.74,1787.91,1759.47,1759.98
2022-08-03,1759.98,1772.64,1754.17,1764.65
2022-08-04,1764.83,1794.84,1763.19,1790.8
2022-08-05,1790.93,1794.78,1764.82,1774.48
2022-08-08,1773.58,1789.88,1770.58,1788.89
2022-08-09,1787.99,1800.3,1783.11,1793.92
2022-08-10,1793.93,1807.72,1787.41,1792.15
2022-08-11,1791.68,1799.17,1783.45,1789.68
2022-08-12,1788.73,1801.99,1784.79,1800.85
2022-08-15,1801.29,1801.91,1772.82,1779.49
2022-08-16,1779.15,1783.04,1771.28,1775.45
2022-08-17,1775.78,1782.15,1759.68,1761.42
2022-08-18,1761.26,1772.29,1755.32,1758.25
2022-08-19,1759.07,1759.26,1745.38,1747.44
2022-08-22,1746.28,1748.98,1727.69,1736.2
2022-08-23,1736.21,1754.01,1730.71,1747.79
2022-08-24,1748.21,1755.72,1742.32,1750.75
2022-08-25,1750.58,1765.36,1749.81,1758.51
2022-08-26,1757.71,1758.73,1734.06,1738.37
2022-08-29,1735.58,1745.39,1720.21,1736.75
2022-08-30,1736.49,1740.4,1721.11,1723.94
2022-08-31,1722.7,1726.4,1709.54,1711.25
2022-09-01,1709.83,1711.28,1688.71,1697.58
2022-09-02,1695.1,1717.86,1694.91,1711.57
2022-09-05,1712.13,1715.66,1707.65,1708.54
2022-09-06,1708.49,1726.59,1699.72,1701.97
2022-09-07,1701.5,1719.29,1691.31,1718.05
2022-09-08,1717.4,1728.06,1703.86,1708.35
2022-09-09,1708.19,1729.36,1707.88,1715.96
2022-09-12,1717.25,1735.02,1711.85,1724.29
2022-09-13,1724.14,1731.66,1696.95,1701.9
2022-09-14,1701.04,1706.94,1693.52,1697.32
2022-09-15,1697.72,1698.14,1660.25,1664.98
2022-09-16,1664.73,1680.21,1654.06,1674.71
2022-09-19,1674.42,1679.83,1659.53,1675.65
2022-09-20,1675.48,1679.3,1659.85,1664.69
2022-09-21,1664.31,1687.95,1653.73,1673.68
2022-09-22,1672.44,1684.76,1655.55,1670.66
2022-09-23,1670.19,1675.75,1639.61,1643.61
2022-09-26,1644.24,1649.63,1621.06,1621.65
2022-09-27,1621.85,1642.3,1621.38,1628.76
2022-09-28,1628.13,1662.57,1614.67,1659.57
2022-09-29,1659.58,1664.78,1641.35,1660.32
2022-09-30,1660.17,1675.27,1659.12,1662.11
2022-10-03,1660.3,1701.33,1659.53,1699.63
2022-10-04,1698.83,1729.35,1695.03,1725.95
2022-10-05,1725.78,1727.64,1700.37,1715.87
2022-10-06,1715.87,1725.37,1706.77,1712.38
2022-10-07,1712.53,1714.69,1690.5,1695.11
2022-10-10,1695.16,1699.68,1665.56,1668.61
2022-10-11,1668.0,1683.83,1660.76,1666.18
2022-10-12,1665.69,1678.18,1661.24,1673.06
2022-10-13,1673.0,1682.27,1642.28,1666.4
2022-10-14,1665.59,1671.64,1640.03,1643.23
2022-10-17,1643.86,1668.33,1643.67,1649.97
2022-10-18,1649.97,1660.79,1645.73,1651.84
2022-10-19,1651.6,1654.34,1627.62,1629.03
2022-10-20,1629.21,1645.48,1622.36,1627.74
2022-10-21,1627.3,1657.01,1617.12,1655.96
2022-10-24,1659.21,1670.68,1643.84,1649.38
2022-10-25,1648.89,1662.18,1638.18,1652.93
2022-10-26,1653.06,1674.77,1649.67,1664.45
2022-10-27,1664.28,1670.71,1654.72,1662.9
2022-10-28,1661.73,1666.94,1637.99,1644.97
2022-10-31,1643.11,1645.52,1631.67,1633.4
2022-11-01,1632.05,1656.91,1630.53,1647.79
2022-11-02,1648.19,1669.28,1634.59,1635.07
2022-11-03,1635.6,1640.87,1616.51,1629.24
2022-11-04,1628.51,1681.57,1628.51,1681.03
2022-11-07,1677.09,1681.78,1666.76,1675.46
2022-11-08,1674.67,1716.79,1664.59,1712.13
2022-11-09,1711.31,1722.24,1702.05,1706.7
2022-11-10,1706.06,1757.09,1703.74,1755.53
2022-11-11,1752.5,1772.55,1747.15,1770.53
2022-11-14,1762.61,1774.96,1753.18,1771.24
2022-11-15,1770.32,1786.36,1767.0,1778.51
2022-11-16,1778.01,1784.93,1770.2,1773.63
2022-11-17,1773.28,1774.68,1754.36,1760.01
2022-11-18,1760.14,1767.58,1747.44,1749.65
2022-11-21,1749.56,1752.85,1732.4,1737.83
2022-11-22,1736.91,1749.62,1736.91,1739.89
2022-11-23,1739.3,1753.24,1728.37,1749.22
2022-11-24,1749.3,1758.49,1748.97,1755.27
2022-11-25,1754.57,1761.06,1745.91,1753.02
2022-11-28,1752.59,1763.63,1739.53,1741.24
2022-11-29,1739.77,1758.93,1739.46,1749.55
2022-11-30,1749.18,1769.88,1744.79,1768.2
2022-12-01,1768.33,1803.94,1767.91,1802.7
2022-12-02,1802.23,1804.34,1778.52,1797.71
2022-12-05,1796.3,1809.85,1765.72,1768.59
2022-12-06,1768.49,1780.76,1767.19,1770.72
2022-12-07,1770.52,1790.43,1768.6,1785.88
2022-12-08,1786.54,1794.79,1781.29,1788.97
2022-12-09,1789.1,1806.04,1788.37,1797.07
2022-12-12,1796.77,1797.06,1777.47,1781.09
2022-12-13,1780.04,1824.39,1780.04,1810.77
2022-12-14,1809.35,1813.97,1795.46,1807.23
2022-12-15,1806.93,1808.55,1773.65,1776.61
2022-12-16,1776.1,1794.15,1774.19,1792.75
2022-12-19,1792.1,1798.64,1783.73,1787.59
2022-12-20,1787.38,1820.98,1784.53,1817.87
2022-12-21,1817.71,1823.73,1811.78,1814.19
2022-12-22,1812.67,1820.32,1784.67,1792.36
2022-12-23,1792.32,1803.15,1791.05,1797.61
2022-12-27,1800.45,1833.19,1800.45,1813.61
2022-12-28,1813.25,1814.48,1796.93,1804.15
2022-12-29,1803.86,1820.07,1803.62,1814.78
2022-12-30,1814.67,1825.93,1813.27,1823.21
2023-01-03,1826.35,1849.89,1823.92,1838.98
2023-01-04,1838.88,1865.04,1836.11,1854.21
2023-01-05,1854.1,1858.93,1824.99,1832.53
2023-01-06,1831.05,1869.79,1830.16,1866.37
2023-01-09,1867.87,1881.43,1864.07,1871.6
2023-01-10,1870.77,1880.59,1867.76,1876.9
2023-01-11,1876.4,1879.02,1867.04,1875.48
2023-01-12,1875.41,1901.44,1873.86,1897.02
2023-01-13,1896.14,1921.77,1892.22,1920.02
2023-01-16,1918.52,1928.88,1910.74,1919.39
2023-01-17,1914.39,1918.97,1903.66,1908.53
2023-01-18,1907.89,1925.83,1896.49,1903.95
2023-01-19,1903.66,1935.04,1900.87,1932.14
2023-01-20,1931.15,1937.4,1920.58,1926.47
2023-01-23,1926.34,1935.43,1911.97,1930.97
2023-01-24,1930.36,1942.37,1917.07,1937.3
2023-01-25,1936.63,1947.96,1919.71,1945.74
2023-01-26,1946.25,1949.06,1918.54,1929.06
2023-01-27,1927.74,1934.91,1916.56,1928.39
2023-01-30,1928.11,1934.42,1920.58,1923.06
2023-01-31,1922.24,1930.91,1900.73,1928.27
2023-02-01,1927.79,1954.47,1920.42,1950.32
2023-02-02,1950.31,1959.56,1911.18,1911.58
2023-02-03,1911.11,1918.46,1861.3,1865.26
2023-02-06,1860.46,1881.18,1860.46,1867.25
2023-02-07,1866.84,1884.31,1864.88,1871.8
2023-02-08,1872.39,1886.14,1869.04,1875.32
2023-02-09,1875.36,1890.06,1858.83,1861.64
2023-02-10,1861.18,1872.07,1852.61,1865.15
2023-02-13,1863.77,1866.43,1850.3,1853.47
2023-02-14,1852.9,1870.39,1843.12,1854.15
2023-02-15,1853.37,1859.98,1830.24,1835.82
2023-02-16,1835.36,1845.18,1827.55,1836.32
2023-02-17,1835.94,1843.49,1818.81,1841.8
2023-02-20,1840.41,1847.37,1837.18,1841.3
2023-02-21,1841.19,1843.74,1830.14,1834.97
2023-02-22,1834.13,1845.92,1823.42,1825.23
2023-02-23,1825.04,1833.64,1817.3,1822.17
2023-02-24,1821.98,1827.71,1808.84,1810.96
2023-02-27,1809.91,1820.05,1806.53,1817.0
2023-02-28,1816.49,1831.06,1804.63,1826.75
2023-03-01,1826.0,1844.37,1822.93,1836.5
2023-03-02,1836.61,1838.85,1829.85,1835.65
2023-03-03,1834.99,1849.14,1834.99,1847.23
2023-03-06,1854.72,1858.13,1845.03,1846.69
2023-03-07,1846.1,1851.52,1812.64,1813.47
2023-03-08,1812.68,1824.16,1809.32,1813.82
2023-03-09,1813.27,1835.54,1811.84,1830.85
2023-03-10,1830.5,1870.02,1827.67,1866.67
2023-03-13,1874.2,1914.48,1871.43,1913.36
2023-03-14,1912.73,1912.73,1895.34,1903.87
2023-03-15,1903.07,1937.27,1885.66,1918.39
2023-03-16,1917.56,1933.36,1907.44,1919.16
2023-03-17,1920.59,1987.63,1918.15,1983.47
2023-03-20,1983.77,2009.7,1965.79,1978.77
2023-03-21,1978.18,1985.0,1935.35,1940.02
2023-03-22,1939.02,1978.71,1934.17,1969.65
2023-03-23,1969.34,2003.21,1964.46,1993.16
2023-03-24,1992.69,2002.94,1975.11,1979.1
2023-03-27,1979.04,1979.19,1943.99,1956.43
2023-03-28,1955.29,1975.18,1949.08,1973.69
2023-03-29,1972.33,1974.29,1958.6,1964.33
2023-03-30,1963.77,1984.22,1955.28,1980.3
2023-03-31,1979.93,1987.51,1966.8,1969.46
2023-04-03,1972.14,1990.4,1949.67,1984.51
2023-04-04,1983.63,2024.87,1976.93,2020.17
2023-04-05,2020.11,2031.99,2009.9,2020.58
2023-04-06,2019.93,2021.32,2000.75,2007.67
2023-04-10,2001.15,2005.84,1981.57,1991.31
2023-04-11,1990.8,2007.35,1988.7,2003.41
2023-04-12,2003.37,2028.15,2001.29,2014.76
2023-04-13,2014.61,2048.54,2013.61,2040.29
2023-04-14,2039.98,2047.34,1992.33,2004.16
2023-04-17,1998.22,2014.95,1981.17,1994.94
2023-04-18,1994.58,2011.74,1991.2,2005.26
2023-04-19,2004.95,2008.05,1969.16,1994.92
2023-04-20,1994.08,2012.21,1990.4,2004.68
2023-04-21,2003.94,2005.43,1971.49,1982.52
2023-04-24,1980.61,1990.7,1974.0,1988.95
2023-04-25,1988.64,2003.7,1976.0,1997.14
2023-04-26,1996.25,2009.25,1983.28,1988.91
2023-04-27,1989.71,2003.24,1974.18,1987.62
2023-04-28,1987.62,1994.88,1976.17,1989.47
2023-05-01,1989.57,2005.85,1977.0,1982.45
2023-05-02,1980.79,2019.25,1978.39,2016.55
2023-05-03,2016.71,2040.2,2007.66,2038.77
2023-05-04,2044.74,2079.37,2030.29,2050.21
2023-05-05,2049.53,2052.92,1999.44,2016.37
2023-05-08,2014.87,2029.25,2014.11,2021.12
2023-05-09,2019.76,2037.47,2019.39,2034.33
2023-05-10,2034.0,2048.08,2021.45,2030.14
2023-05-11,2030.01,2041.11,2011.1,2014.85
2023-05-12,2014.87,2022.41,2000.82,2011.23
2023-05-15,2007.44,2022.05,2006.9,2016.31
2023-05-16,2015.32,2018.2,1985.39,1989.13
2023-05-17,1988.92,1992.95,1974.92,1981.5
2023-05-18,1980.35,1985.95,1951.87,1957.5
2023-05-19,1957.81,1983.96,1953.94,1977.13
2023-05-22,1978.68,1982.47,1968.79,1971.75
2023-05-23,1971.74,1977.48,1954.16,1975.05
2023-05-24,1974.56,1985.13,1956.63,1956.75
2023-05-25,1957.61,1964.65,1938.72,1941.0
2023-05-26,1940.47,1957.15,1936.7,1946.7
2023-05-29,1941.23,1949.63,1940.04,1944.55
2023-05-30,1943.25,1963.4,1931.96,1959.17
2023-05-31,1959.22,1974.65,1953.55,1962.47
2023-06-01,1962.24,1982.97,1953.24,1977.26
2023-06-02,1976.99,1983.31,1947.85,1948.15
2023-06-05,1947.23,1963.9,1938.0,1961.63
2023-06-06,1961.49,1966.25,1954.26,1963.15
2023-06-07,1963.27,1970.08,1939.62,1939.73
2023-06-08,1940.16,1970.31,1939.53,1965.38
2023-06-09,1965.54,1972.85,1956.49,1960.38
2023-06-12,1959.62,1966.87,1949.12,1957.26
2023-06-13,1957.19,1970.7,1939.91,1943.32
2023-06-14,1942.8,1960.11,1939.57,1941.67
2023-06-15,1941.42,1960.13,1924.73,1957.81
2023-06-16,1957.56,1967.78,1953.17,1957.28
2023-06-19,1957.39,1958.58,1947.7,1950.33
2023-06-20,1950.66,1956.66,1929.67,1936.04
2023-06-21,1936.09,1939.36,1919.08,1932.58
2023-06-22,1932.42,1934.83,1912.31,1913.61
2023-06-23,1913.72,1937.1,1910.01,1921.29
2023-06-26,1924.33,1933.22,1921.44,1923.0
2023-06-27,1923.18,1930.54,1910.78,1913.47
2023-06-28,1913.55,1917.08,1902.72,1907.27
2023-06-29,1907.27,1912.97,1892.85,1908.09
2023-06-30,1908.0,1922.61,1900.45,1919.04
2023-07-03,1918.84,1930.81,1909.93,1921.33
2023-07-04,1921.14,1930.59,1919.78,1925.74
2023-07-05,1925.44,1934.89,1914.69,1915.01
2023-07-06,1915.2,1927.47,1902.55,1910.76
2023-07-07,1910.59,1934.68,1909.46,1924.99
2023-07-10,1924.32,1928.03,1912.57,1925.12
2023-07-11,1925.09,1938.34,1924.28,1931.98
2023-07-12,1932.17,1959.55,1932.02,1957.24
2023-07-13,1956.68,1963.38,1952.35,1960.25
2023-07-14,1960.19,1963.62,1950.86,1955.2
2023-07-17,1954.78,1959.73,1945.67,1954.73
2023-07-18,1954.34,1984.25,1954.34,1978.64
2023-07-19,1978.62,1980.81,1969.65,1976.82
2023-07-20,1976.37,1987.34,1965.23,1969.32
2023-07-21,1969.79,1973.67,1956.73,1961.84
2023-07-24,1961.83,1967.75,1953.32,1954.71
2023-07-25,1955.0,1965.54,1951.89,1964.72
2023-07-26,1964.85,1978.21,1961.92,1972.01
2023-07-27,1971.36,1982.03,1942.5,1945.39
2023-07-28,1946.41,1963.39,1945.34,1958.97
2023-07-31,1958.68,1972.26,1951.06,1965.34
2023-08-01,1965.59,1965.88,1941.13,1944.0
2023-08-02,1949.92,1954.67,1932.95,1934.7
2023-08-03,1934.63,1938.77,1929.41,1933.95
2023-08-04,1934.0,1946.69,1925.43,1942.64
2023-08-07,1941.94,1946.64,1931.39,1936.39
2023-08-08,1936.07,1937.98,1922.65,1925.05
2023-08-09,1924.95,1932.21,1913.92,1914.55
2023-08-10,1914.65,1929.94,1912.04,1912.14
2023-08-11,1912.42,1920.78,1910.7,1913.76
2023-08-14,1912.69,1916.1,1902.6,1907.26
2023-08-15,1907.17,1911.52,1896.26,1901.69
2023-08-16,1901.43,1907.07,1891.71,1891.77
2023-08-17,1891.86,1903.34,1884.93,1889.18
2023-08-18,1889.29,1896.72,1886.65,1889.53
2023-08-21,1889.43,1898.59,1884.7,1894.5
2023-08-22,1894.56,1904.32,1889.04,1897.23
2023-08-23,1897.22,1920.23,1897.06,1915.34
2023-08-24,1915.35,1923.21,1911.7,1916.58
2023-08-25,1917.0,1922.25,1903.7,1913.77
2023-08-28,1914.96,1925.92,1912.69,1919.97
2023-08-29,1919.93,1938.04,1914.33,1937.17
2023-08-30,1937.27,1948.9,1934.88,1942.25
2023-08-31,1942.39,1947.73,1938.95,1939.91
2023-09-01,1939.87,1952.79,1934.35,1939.74
2023-09-04,1939.93,1946.17,1936.65,1938.33
2023-09-05,1938.43,1938.85,1925.24,1925.82
2023-09-06,1926.09,1929.04,1915.17,1916.24
2023-09-07,1916.96,1923.47,1916.12,1919.49
2023-09-08,1919.47,1929.56,1917.24,1918.87
2023-09-11,1919.79,1930.58,1916.57,1922.18
2023-09-12,1922.53,1924.4,1907.49,1913.2
2023-09-13,1912.88,1915.62,1905.47,1907.99
2023-09-14,1908.6,1912.79,1900.89,1910.36
2023-09-15,1910.7,1930.28,1909.67,1923.44
2023-09-18,1923.5,1934.1,1922.45,1933.49
2023-09-19,1933.61,1937.25,1929.66,1931.17
2023-09-20,1931.65,1947.29,1927.84,1930.2
2023-09-21,1930.35,1931.38,1913.83,1919.8
2023-09-22,1919.37,1928.97,1919.29,1924.98
2023-09-25,1924.89,1927.04,1915.07,1915.69
2023-09-26,1915.87,1916.68,1899.01,1900.41
2023-09-27,1900.21,1903.78,1872.41,1874.84
2023-09-28,1875.86,1879.46,1857.55,1864.65
2023-09-29,1864.96,1879.7,1846.18,1848.99
2023-10-02,1848.11,1848.82,1827.02,1827.63
2023-10-03,1828.76,1833.25,1815.13,1822.78
2023-10-04,1823.19,1830.44,1816.49,1820.99
2023-10-05,1821.19,1829.09,1812.98,1820.08
2023-10-06,1820.21,1834.75,1810.33,1831.48
2023-10-09,1846.62,1863.37,1844.06,1861.26
2023-10-10,1861.09,1865.21,1852.9,1860.27
2023-10-11,1859.81,1877.09,1858.5,1874.11
2023-10-12,1873.93,1884.87,1867.77,1868.57
2023-10-13,1869.01,1930.63,1868.83,1930.01
2023-10-16,1926.22,1927.54,1908.05,1920.01
2023-10-17,1919.8,1931.37,1912.3,1922.93
2023-10-18,1923.63,1962.47,1923.19,1947.46
2023-10-19,1947.62,1977.59,1945.1,1974.15
2023-10-20,1973.75,1997.05,1971.88,1980.24
2023-10-23,1964.81,1982.68,1964.23,1972.58
2023-10-24,1972.98,1980.74,1953.47,1970.89
2023-10-25,1971.05,1987.15,1963.04,1979.34
2023-10-26,1979.36,1993.29,1971.7,1984.64
2023-10-27,1984.43,2000.67,1976.73,2000.54
2023-10-30,2004.53,2006.68,1990.83,1995.99
2023-10-31,1995.66,2007.79,1978.72,1983.81
2023-11-01,1983.87,1991.89,1969.73,1982.52
2023-11-02,1983.02,1990.87,1978.72,1985.65
2023-11-03,1985.88,2003.94,1983.11,1992.3
2023-11-06,1992.35,1993.02,1977.27,1977.67
2023-11-07,1977.8,1978.19,1956.57,1968.92
2023-11-08,1968.77,1970.9,1947.31,1949.93
2023-11-09,1949.65,1965.5,1944.65,1958.31
2023-11-10,1958.71,1960.68,1933.0,1937.67
2023-11-13,1938.34,1949.11,1931.56,1945.96
2023-11-14,1945.98,1970.77,1943.65,1962.96
2023-11-15,1962.74,1974.86,1955.3,1959.07
2023-11-16,1959.87,1987.85,1956.36,1981.03
2023-11-17,1980.63,1993.31,1978.47,1980.36
2023-11-20,1978.32,1985.09,1965.33,1977.51
2023-11-21,1977.86,2007.38,1977.68,1998.17
2023-11-22,1998.63,2006.26,1986.77,1989.67
2023-11-23,1989.16,1998.44,1989.06,1992.58
2023-11-24,1992.68,2003.52,1991.35,2002.21
2023-11-27,2001.92,2018.08,2000.51,2014.04
2023-11-28,2013.76,2042.9,2011.59,2040.96
2023-11-29,2041.0,2051.87,2035.26,2044.03
2023-11-30,2044.53,2047.13,2031.47,2035.95
2023-12-01,2036.71,2075.22,2033.77,2071.29
2023-12-04,2072.36,2144.68,2019.98,2028.89
2023-12-05,2029.81,2041.07,2009.8,2019.21
2023-12-06,2019.25,2035.76,2017.08,2025.19
2023-12-07,2025.91,2039.81,2020.07,2028.39
2023-12-08,2028.32,2033.92,1994.54,2003.94
2023-12-11,2003.76,2007.68,1975.77,1981.63
2023-12-12,1981.94,1996.56,1977.08,1979.25
2023-12-13,1979.94,2027.61,1972.92,2027.16
2023-12-14,2027.52,2047.75,2023.98,2036.2
2023-12-15,2036.2,2044.78,2015.49,2018.34
2023-12-18,2019.64,2033.55,2015.87,2027.06
2023-12-19,2027.31,2046.86,2021.59,2040.09
2023-12-20,2039.8,2043.38,2027.35,2031.18
2023-12-21,2031.91,2045.89,2031.41,2045.61
2023-12-22,2048.51,2070.49,2046.67,2052.89
2023-12-26,2053.09,2068.94,2053.08,2067.63
2023-12-27,2068.16,2084.36,2061.33,2077.47
2023-12-28,2077.22,2088.32,2064.5,2065.25
2023-12-29,2066.37,2074.66,2058.09,2062.51
2024-01-02,2062.74,2078.77,2055.85,2058.84
2024-01-03,2058.94,2065.86,2030.47,2041.21
2024-01-04,2041.83,2050.85,2036.11,2043.25
2024-01-05,2043.59,2063.89,2024.36,2044.98
2024-01-08,2044.28,2046.48,2016.71,2027.91
2024-01-09,2028.12,2041.84,2025.95,2030.1
2024-01-10,2030.3,2040.16,2020.32,2024.26
2024-01-11,2023.89,2043.59,2013.19,2028.49
2024-01-12,2029.2,2062.13,2028.57,2048.6
2024-01-15,2047.91,2058.5,2045.69,2054.59
2024-01-16,2054.49,2055.45,2024.16,2028.12
2024-01-17,2027.99,2032.84,2001.72,2006.06
2024-01-18,2005.85,2023.17,2005.56,2022.89
2024-01-19,2024.45,2039.14,2020.28,2029.26
2024-01-22,2029.45,2032.02,2016.66,2021.61
2024-01-23,2021.63,2037.74,2019.47,2029.13
2024-01-24,2028.68,2036.57,2011.11,2013.49
2024-01-25,2013.49,2025.12,2009.68,2020.64
2024-01-26,2020.14,2026.5,2015.82,2018.31
2024-01-29,2025.34,2037.4,2019.19,2032.66
2024-01-30,2032.92,2048.45,2028.95,2036.74
2024-01-31,2036.98,2055.88,2030.75,2039.05
2024-02-01,2038.55,2065.32,2029.94,2054.81
2024-02-02,2054.51,2057.54,2027.73,2039.48
2024-02-05,2039.06,2042.14,2014.78,2024.92
2024-02-06,2024.53,2038.78,2022.77,2035.78
2024-02-07,2035.63,2044.42,2030.49,2034.83
2024-02-08,2035.21,2038.59,2020.06,2034.17
2024-02-09,2034.41,2037.12,2020.19,2023.88
2024-02-12,2023.81,2027.41,2011.76,2019.79
2024-02-13,2019.77,2031.69,1990.04,1992.84
2024-02-14,1992.99,1995.98,1984.12,1991.94
2024-02-15,1991.95,2008.16,1990.11,2004.18
2024-02-16,2004.52,2015.05,1995.01,2013.46
2024-02-19,2014.56,2022.85,2011.51,2017.83
2024-02-20,2014.56,2030.76,2011.51,2024.08
2024-02-21,2024.04,2032.11,2019.95,2025.82
2024-02-22,2025.81,2034.7,2019.48,2024.16
2024-02-23,2024.08,2041.24,2015.91,2035.66
2024-02-26,2033.02,2036.89,2024.96,2030.95
2024-02-27,2031.12,2039.35,2028.64,2030.23
2024-02-28,2030.41,2037.75,2024.39,2034.28
2024-02-29,2034.42,2050.59,2027.98,2043.99
2024-03-01,2043.6,2088.21,2038.94,2083.3
2024-03-04,2082.17,2119.79,2079.35,2114.22
2024-03-05,2114.56,2141.66,2110.36,2127.69
2024-03-06,2127.82,2152.11,2123.59,2147.88
2024-03-07,2148.69,2164.65,2144.12,2159.8
2024-03-08,2158.76,2195.07,2153.9,2178.58
2024-03-11,2177.08,2188.88,2174.67,2182.58
2024-03-12,2182.06,2184.67,2150.5,2157.98
2024-03-13,2158.2,2179.76,2155.7,2174.15
2024-03-14,2174.37,2176.87,2152.67,2162.05
2024-03-15,2162.14,2172.6,2155.04,2156.04
2024-03-18,2152.47,2163.46,2145.99,2160.15
2024-03-19,2159.94,2162.74,2147.03,2157.4
2024-03-20,2157.61,2188.69,2149.48,2186.08
2024-03-21,2186.69,2222.65,2166.29,2181.13
2024-03-22,2181.37,2185.98,2157.04,2165.4
2024-03-25,2165.47,2181.19,2163.44,2171.58
2024-03-26,2171.5,2199.97,2167.51,2178.49
2024-03-27,2177.83,2197.46,2173.27,2194.65
2024-03-28,2192.01,2236.05,2187.24,2232.78
2024-04-01,2243.31,2265.59,2228.4,2251.16
2024-04-02,2250.2,2280.93,2246.59,2280.34
2024-04-03,2280.42,2300.99,2265.34,2299.54
2024-04-04,2299.92,2305.46,2279.87,2290.78
2024-04-05,2290.74,2330.36,2267.67,2328.14
2024-04-08,2322.6,2353.82,2302.82,2338.82
2024-04-09,2338.49,2365.18,2336.64,2352.11
2024-04-10,2353.17,2359.94,2319.3,2333.39
2024-04-11,2332.94,2377.6,2325.73,2372.26
2024-04-12,2370.89,2431.41,2333.73,2344.61
2024-04-15,2357.71,2387.52,2324.22,2382.95
2024-04-16,2382.12,2398.14,2362.91,2382.47
2024-04-17,2382.71,2395.47,2354.46,2361.14
2024-04-18,2361.64,2392.71,2361.64,2378.65
2024-04-19,2378.26,2417.76,2372.78,2390.42
2024-04-22,2387.82,2388.41,2324.98,2327.01
2024-04-23,2327.45,2334.34,2291.37,2321.91
2024-04-24,2322.04,2337.14,2311.67,2315.8
2024-04-25,2315.72,2344.73,2305.01,2332.3
2024-04-26,2332.4,2352.45,2326.17,2337.31
2024-04-29,2336.77,2346.63,2319.76,2335.22
2024-04-30,2335.06,2336.17,2285.01,2286.02
2024-05-01,2285.86,2328.22,2281.56,2319.23
2024-05-02,2320.91,2326.34,2285.38,2303.35
2024-05-03,2303.83,2320.38,2277.18,2301.78
2024-05-06,2304.34,2331.87,2291.71,2323.7
2024-05-07,2323.7,2329.83,2309.89,2313.81
2024-05-08,2313.55,2321.28,2303.59,2308.74
2024-05-09,2308.67,2347.12,2306.58,2345.87
2024-05-10,2345.86,2378.27,2345.1,2360.75
2024-05-13,2361.75,2364.39,2332.12,2336.1
2024-05-14,2335.83,2359.53,2334.7,2357.84
2024-05-15,2357.54,2390.14,2351.74,2385.71
2024-05-16,2385.66,2397.19,2370.87,2376.49
2024-05-17,2376.67,2422.61,2373.85,2414.34
2024-05-20,2418.94,2449.88,2407.27,2426.03
2024-05-21,2426.12,2433.81,2406.14,2420.73
2024-05-22,2421.23,2426.41,2374.84,2378.44
2024-05-23,2379.13,2383.62,2326.9,2328.35
2024-05-24,2328.7,2347.31,2325.28,2333.61
2024-05-27,2336.42,2358.4,2332.11,2350.99
2024-05-28,2351.47,2363.92,2340.14,2361.17
2024-05-29,2360.7,2362.25,2334.44,2337.88
2024-05-30,2337.24,2351.68,2322.58,2342.83
2024-05-31,2343.72,2359.6,2320.46,2327.38
2024-06-03,2328.18,2354.62,2314.64,2350.28
2024-06-04,2351.93,2352.72,2315.5,2326.62
2024-06-05,2326.76,2357.27,2325.79,2354.99
2024-06-06,2357.06,2378.37,2353.41,2375.6
2024-06-07,2376.7,2387.59,2286.68,2292.84
2024-06-10,2292.69,2313.68,2287.67,2310.71
2024-06-11,2312.19,2319.82,2297.61,2316.57
2024-06-12,2316.72,2341.51,2310.61,2324.71
2024-06-13,2324.9,2326.56,2295.49,2303.7
2024-06-14,2303.57,2336.47,2301.44,2332.51
2024-06-17,2331.57,2332.51,2309.89,2318.82
2024-06-18,2318.89,2333.04,2306.48,2329.24
2024-06-19,2329.35,2334.88,2323.65,2327.99
2024-06-20,2329.22,2365.35,2327.67,2359.87
2024-06-21,2360.48,2368.62,2316.61,2321.19
2024-06-24,2321.48,2334.57,2317.62,2334.16
2024-06-25,2334.31,2336.98,2315.38,2319.36
2024-06-26,2318.84,2323.77,2293.51,2297.96
2024-06-27,2298.62,2330.8,2296.43,2327.33
2024-06-28,2327.53,2339.64,2318.94,2326.28
2024-07-01,2326.44,2338.41,2318.4,2331.6
2024-07-02,2332.32,2336.71,2318.98,2329.15
2024-07-03,2329.8,2364.83,2326.74,2355.92
2024-07-04,2356.65,2362.42,2350.39,2356.8
2024-07-05,2356.45,2392.82,2348.49,2390.85
2024-07-08,2386.84,2391.01,2350.98,2358.95
2024-07-09,2359.5,2371.35,2349.46,2363.6
2024-07-10,2363.87,2386.42,2363.06,2371.07
2024-07-11,2371.47,2424.42,2371.08,2415.2
2024-07-12,2415.36,2418.14,2391.34,2411.43
2024-07-15,2413.11,2439.62,2401.25,2422.11
2024-07-16,2422.19,2469.55,2419.88,2468.57
2024-07-17,2468.45,2483.56,2451.43,2458.51
2024-07-18,2459.01,2474.8,2440.23,2445.07
2024-07-19,2445.31,2445.52,2393.73,2400.33
2024-07-22,2400.95,2412.07,2383.82,2396.26
2024-07-23,2396.86,2411.91,2388.17,2409.39
2024-07-24,2408.7,2431.87,2396.65,2397.08
2024-07-25,2396.43,2401.08,2352.99,2364.39
2024-07-26,2363.66,2390.66,2355.77,2388.15
2024-07-29,2387.64,2403.02,2369.58,2383.44
2024-07-30,2382.86,2412.73,2376.4,2410.72
2024-07-31,2410.65,2450.8,2403.78,2447.12
2024-08-01,2449.01,2462.17,2430.13,2446.2
2024-08-02,2445.77,2477.58,2410.71,2441.27
2024-08-05,2444.32,2458.71,2364.21,2409.91
2024-08-06,2410.31,2418.23,2381.5,2389.72
2024-08-07,2391.0,2406.97,2378.9,2382.85
2024-08-08,2381.01,2427.49,2380.88,2427.08
2024-08-09,2427.13,2436.96,2416.77,2430.92
2024-08-12,2428.71,2473.03,2423.73,2471.88
2024-08-13,2471.19,2476.84,2458.41,2464.67
2024-08-14,2466.16,2478.95,2437.96,2447.81
2024-08-15,2447.55,2469.92,2432.15,2456.35
2024-08-16,2456.23,2509.59,2450.68,2506.96
2024-08-19,2508.53,2509.96,2485.52,2504.1
2024-08-20,2503.81,2531.58,2497.2,2513.88
2024-08-21,2513.74,2519.83,2493.78,2512.26
2024-08-22,2511.76,2514.57,2470.69,2484.57
2024-08-23,2484.72,2518.21,2484.29,2511.85
2024-08-26,2511.93,2526.74,2508.63,2517.82
2024-08-27,2517.86,2525.85,2503.41,2524.44
2024-08-28,2524.82,2528.97,2493.59,2504.46
2024-08-29,2504.32,2528.59,2503.53,2521.02
2024-08-30,2521.07,2526.72,2494.12,2503.29
2024-09-02,2502.19,2507.19,2489.91,2499.36
2024-09-03,2499.41,2506.14,2473.36,2492.89
2024-09-04,2493.26,2500.11,2471.77,2495.45
2024-09-05,2495.25,2523.33,2493.7,2516.57
2024-09-06,2516.67,2529.06,2485.03,2496.97
2024-09-09,2497.01,2507.13,2485.49,2506.04
2024-09-10,2506.56,2518.36,2500.02,2516.53
2024-09-11,2516.5,2528.95,2501.22,2511.33
2024-09-12,2511.73,2559.98,2510.91,2558.54
2024-09-13,2558.17,2585.97,2556.63,2579.1
2024-09-16,2579.74,2589.52,2575.31,2582.29
2024-09-17,2581.94,2586.84,2560.67,2569.35
2024-09-18,2569.42,2599.96,2546.91,2559.11
2024-09-19,2558.39,2594.79,2551.03,2586.61
2024-09-20,2586.5,2625.61,2584.72,2621.99
2024-09-23,2620.28,2634.74,2613.71,2628.33
2024-09-24,2628.2,2664.27,2622.5,2657.01
2024-09-25,2657.77,2670.45,2649.67,2656.89
2024-09-26,2656.98,2685.49,2654.8,2672.25
2024-09-27,2672.11,2674.14,2642.97,2658.76
2024-09-30,2658.64,2665.9,2624.63,2634.42
2024-10-01,2633.52,2673.01,2632.19,2663.22
2024-10-02,2662.53,2663.19,2641.05,2658.53
2024-10-03,2659.87,2662.84,2637.57,2655.78
2024-10-04,2656.52,2670.01,2631.95,2652.64
2024-10-07,2650.63,2659.53,2637.63,2642.46
2024-10-08,2642.7,2652.87,2604.68,2621.76
2024-10-09,2621.5,2624.25,2605.1,2607.66
2024-10-10,2607.66,2631.36,2602.54,2629.97
2024-10-11,2629.59,2661.31,2628.0,2657.02
2024-10-14,2655.59,2666.7,2643.09,2648.49
2024-10-15,2647.49,2668.8,2638.04,2662.55
2024-10-16,2662.28,2685.15,2658.62,2673.64
2024-10-17,2673.86,2696.63,2673.1,2692.75
2024-10-18,2692.46,2722.47,2692.15,2722.13
2024-10-21,2719.89,2740.44,2714.13,2719.43
2024-10-22,2719.11,2748.87,2718.8,2748.86
2024-10-23,2747.95,2758.33,2708.65,2715.33
2024-10-24,2715.52,2743.11,2715.14,2735.78
2024-10-25,2735.61,2747.6,2716.95,2746.26
2024-10-28,2735.11,2745.84,2724.6,2742.11
2024-10-29,2741.94,2774.68,2739.83,2774.35
2024-10-30,2773.72,2789.89,2770.84,2787.22
2024-10-31,2787.4,2789.95,2731.43,2743.8
2024-11-01,2743.71,2762.13,2733.08,2734.98
2024-11-04,2739.1,2748.06,2730.18,2736.48
2024-11-05,2736.76,2749.85,2724.63,2743.8
2024-11-06,2742.6,2749.61,2652.35,2658.78
2024-11-07,2659.06,2710.1,2643.32,2706.3
2024-11-08,2704.8,2710.29,2680.23,2684.37
2024-11-11,2681.61,2686.06,2610.51,2619.31
2024-11-12,2619.37,2627.0,2589.61,2598.05
2024-11-13,2598.53,2618.68,2572.58,2572.71
2024-11-14,2572.91,2581.24,2536.68,2564.51
2024-11-15,2565.13,2575.96,2554.44,2561.52
2024-11-18,2564.92,2614.93,2564.8,2611.57
2024-11-19,2611.72,2639.35,2610.34,2632.08
2024-11-20,2632.12,2655.27,2618.78,2650.07
2024-11-21,2650.18,2673.38,2648.78,2669.45
2024-11-22,2669.4,2715.18,2668.03,2714.43
2024-11-25,2693.06,2721.21,2615.49,2625.43
2024-11-26,2625.16,2641.8,2605.13,2633.0
2024-11-27,2632.45,2658.13,2626.99,2635.8
2024-11-28,2636.58,2649.52,2620.83,2637.6
2024-11-29,2637.62,2666.16,2633.91,2650.26
2024-12-02,2652.01,2652.5,2621.79,2638.69
2024-12-03,2639.07,2655.47,2633.98,2643.57
2024-12-04,2642.74,2657.0,2632.45,2649.74
2024-12-05,2649.55,2655.38,2623.46,2631.77
2024-12-06,2631.81,2645.47,2613.55,2633.02
2024-12-09,2643.79,2676.31,2627.51,2660.09
2024-12-10,2661.1,2695.43,2657.84,2693.89
2024-12-11,2693.47,2720.98,2675.7,2717.87
2024-12-12,2717.46,2726.05,2675.08,2680.55
2024-12-13,2680.74,2692.68,2646.0,2648.61
2024-12-16,2650.16,2664.26,2643.41,2652.5
2024-12-17,2652.52,2658.52,2632.99,2646.25
2024-12-18,2645.97,2651.63,2583.65,2585.48
2024-12-19,2585.43,2626.33,2583.01,2594.28
2024-12-20,2594.6,2631.74,2589.58,2622.56
2024-12-23,2620.63,2633.17,2608.04,2612.62
2024-12-24,2613.08,2621.34,2609.98,2616.74
2024-12-26,2617.59,2639.02,2614.96,2633.49
2024-12-27,2635.39,2638.21,2611.57,2620.96
2024-12-30,2620.6,2628.0,2595.98,2605.62
2024-12-31,2606.28,2627.45,2602.5,2624.28
2025-01-02,2625.17,2660.34,2621.59,2657.89
2025-01-03,2657.41,2665.11,2636.69,2639.62
2025-01-06,2640.34,2649.3,2614.69,2635.87
2025-01-07,2636.07,2664.15,2632.83,2648.53
2025-01-08,2648.18,2669.83,2645.19,2661.46
2025-01-09,2661.16,2678.17,2655.4,2670.13
2025-01-10,2670.46,2697.84,2663.96,2689.13
2025-01-13,2689.33,2693.23,2656.73,2662.83
2025-01-14,2663.37,2678.1,2659.77,2677.22
2025-01-15,2678.71,2697.26,2669.32,2696.61
2025-01-16,2694.33,2724.61,2689.88,2714.49
2025-01-17,2714.29,2717.23,2699.08,2702.35
2025-01-20,2702.58,2713.67,2689.33,2706.91
2025-01-21,2706.95,2745.83,2702.86,2744.59
2025-01-22,2744.83,2763.27,2741.88,2756.11
2025-01-23,2755.97,2758.76,2735.83,2754.59
2025-01-24,2754.37,2785.86,2753.45,2771.51
2025-01-27,2769.59,2772.43,2730.42,2740.87
2025-01-28,2739.99,2764.88,2734.71,2763.25
2025-01-29,2763.1,2766.13,2744.65,2759.73
2025-01-30,2759.13,2798.37,2758.13,2794.24
2025-01-31,2794.19,2817.0,2790.97,2800.53
2025-02-03,2802.82,2830.39,2772.06,2814.38
2025-02-04,2814.28,2845.3,2807.2,2841.85
2025-02-05,2841.46,2882.25,2839.7,2867.31
2025-02-06,2865.69,2873.15,2834.08,2855.81
2025-02-07,2855.61,2886.65,2852.44,2861.81
2025-02-10,2856.99,2911.42,2854.72,2907.92
2025-02-11,2908.02,2942.53,2881.73,2897.38
2025-02-12,2896.81,2909.02,2863.99,2904.06
2025-02-13,2903.83,2929.43,2900.41,2928.26
2025-02-14,2927.59,2939.88,2876.95,2882.85
2025-02-17,2883.44,2906.24,2878.53,2898.96
2025-02-18,2898.77,2936.82,2891.96,2935.13
2025-02-19,2935.31,2946.88,2918.5,2933.05
2025-02-20,2933.26,2954.72,2924.09,2939.14
2025-02-21,2938.23,2949.64,2916.66,2936.17
2025-02-24,2934.54,2956.01,2921.26,2952.51
2025-02-25,2952.57,2953.61,2888.26,2914.8
2025-02-26,2914.56,2929.99,2890.73,2916.08
2025-02-27,2916.69,2920.69,2867.86,2876.95
2025-02-28,2877.11,2884.89,2832.58,2859.02
2025-03-03,2857.96,2895.15,2857.84,2893.21
2025-03-04,2892.1,2927.66,2881.86,2917.56
2025-03-05,2918.01,2929.76,2894.26,2918.9
2025-03-06,2918.54,2926.44,2891.19,2910.76
2025-03-07,2911.04,2930.12,2896.56,2912.0
2025-03-10,2911.54,2918.19,2880.19,2889.09
2025-03-11,2888.3,2922.09,2880.36,2915.55
2025-03-12,2915.69,2940.34,2905.99,2933.18
2025-03-13,2933.58,2989.03,2932.85,2988.64
2025-03-14,2987.86,3004.82,2978.44,2988.12
2025-03-17,2983.4,3001.81,2982.15,3000.83
2025-03-18,3001.02,3038.16,2999.37,3033.76
2025-03-19,3034.01,3051.79,3022.79,3047.2
2025-03-20,3047.88,3057.28,3025.59,3044.35
2025-03-21,3044.48,3047.34,2999.4,3023.04
2025-03-24,3023.13,3033.14,3002.43,3011.86
2025-03-25,3011.51,3035.76,3007.45,3019.84
2025-03-26,3019.45,3031.94,3012.28,3018.97
2025-03-27,3018.49,3059.35,3017.48,3056.68
2025-03-28,3056.52,3086.66,3054.1,3084.11
2025-03-31,3087.19,3127.76,3076.73,3123.8
2025-04-01,3123.2,3148.85,3100.81,3114.03
2025-04-02,3114.12,3142.0,3105.04,3132.04
2025-04-03,3131.15,3167.6,3054.06,3114.05
2025-04-04,3114.75,3136.49,3015.85,3036.98
2025-04-07,2991.19,3055.36,2956.67,2981.86
2025-04-08,2981.93,3022.58,2974.62,2981.95
2025-04-09,2982.89,3099.47,2969.99,3082.85
2025-04-10,3081.78,3176.28,3071.4,3175.32
2025-04-11,3176.52,3245.26,3176.28,3237.83
2025-04-14,3225.62,3245.51,3193.67,3210.39
2025-04-15,3211.05,3233.46,3209.97,3229.27
2025-04-16,3230.78,3342.95,3229.83,3342.95
2025-04-17,3343.24,3357.66,3283.89,3327.04
2025-04-21,3332.86,3430.43,3329.03,3424.25
2025-04-22,3425.06,3499.83,3366.7,3380.95
2025-04-23,3337.17,3386.49,3260.08,3288.18
2025-04-24,3289.08,3367.29,3288.92,3348.5
2025-04-25,3351.09,3370.58,3265.06,3316.26
2025-04-28,3325.5,3352.9,3268.05,3343.91
2025-04-29,3344.6,3348.44,3299.56,3317.06
2025-04-30,3314.01,3327.92,3267.07,3288.12
2025-05-01,3288.14,3290.05,3201.92,3237.86
2025-05-02,3240.3,3269.18,3222.76,3240.6
2025-05-05,3241.25,3337.42,3237.57,3333.73
2025-05-06,3335.68,3434.79,3323.42,3430.36
2025-05-07,3433.19,3434.69,3360.18,3364.32
2025-05-08,3364.64,3414.55,3288.72,3305.7
2025-05-09,3308.03,3347.38,3274.65,3325.49
2025-05-12,3298.27,3299.36,3207.73,3234.79
2025-05-13,3239.25,3265.4,3215.99,3249.86
2025-05-14,3249.69,3256.97,3167.94,3177.32
2025-05-15,3179.28,3240.44,3120.64,3239.58
2025-05-16,3239.19,3252.06,3154.24,3201.1
2025-05-19,3217.85,3249.63,3206.22,3230.07
2025-05-20,3230.37,3295.59,3204.55,3289.54
2025-05-21,3290.94,3324.76,3285.4,3315.14
2025-05-22,3318.87,3345.19,3279.33,3294.56
2025-05-23,3294.15,3365.82,3287.01,3359.9
2025-05-26,3353.99,3356.51,3323.93,3342.23
2025-05-27,3343.0,3349.7,3285.25,3300.46
2025-05-28,3300.97,3325.36,3276.87,3288.44
2025-05-29,3288.16,3330.92,3245.38,3317.59
2025-05-30,3318.26,3322.62,3271.72,3290.4
2025-06-02,3298.18,3382.73,3295.65,3381.49
2025-06-03,3382.46,3392.07,3333.08,3353.32
2025-06-04,3354.4,3384.52,3343.72,3372.18
2025-06-05,3373.87,3403.28,3339.43,3352.65
2025-06-06,3354.6,3375.48,3307.01,3311.86
2025-06-09,3315.16,3338.06,3293.66,3325.45
2025-06-10,3325.79,3349.01,3301.79,3322.36
2025-06-11,3321.5,3360.58,3315.41,3354.93
2025-06-12,3356.96,3398.65,3338.57,3386.57
2025-06-13,3385.31,3446.71,3379.72,3432.45
2025-06-16,3433.89,3451.14,3382.8,3385.2
2025-06-17,3386.05,3403.19,3366.15,3388.4
2025-06-18,3392.25,3399.86,3362.67,3369.22
2025-06-19,3370.3,3387.77,3347.53,3370.64
2025-06-20,3369.98,3374.36,3340.31,3368.72
2025-06-23,3391.2,3396.7,3346.97,3368.98
2025-06-24,3367.5,3369.67,3295.38,3322.93
2025-06-25,3324.5,3337.0,3311.92,3332.02
2025-06-26,3334.7,3350.12,3309.9,3327.6
2025-06-27,3327.56,3327.78,3255.73,3274.37
2025-06-30,3275.89,3309.28,3247.87,3302.8
2025-07-01,3303.39,3357.82,3302.23,3338.77
2025-07-02,3338.88,3359.88,3327.55,3356.93
2025-07-03,3358.36,3365.63,3311.53,3325.87
2025-07-04,3325.61,3344.92,3323.49,3336.93
2025-07-07,3335.83,3342.53,3296.37,3336.19
2025-07-08,3338.9,3345.71,3287.06,3301.53
2025-07-09,3302.28,3316.75,3282.61,3313.38
2025-07-10,3314.46,3330.17,3310.09,3323.82
2025-07-11,3324.04,3368.56,3321.72,3357.39
2025-07-14,3363.02,3374.78,3340.93,3343.31
2025-07-15,3344.29,3366.21,3320.12,3324.68
2025-07-16,3324.09,3377.17,3319.58,3347.38
2025-07-17,3348.99,3352.07,3309.82,3338.86
2025-07-18,3340.61,3361.15,3331.72,3350.57
2025-07-21,3348.96,3401.41,3344.93,3396.91
2025-07-22,3397.56,3433.37,3383.27,3431.59
2025-07-23,3432.39,3438.8,3381.54,3386.99
2025-07-24,3389.72,3393.21,3351.45,3368.35
2025-07-25,3368.01,3373.37,3324.89,3336.49
2025-07-28,3320.83,3345.19,3301.75,3314.44
2025-07-29,3314.33,3333.93,3307.93,3326.35
2025-07-30,3326.68,3333.91,3268.02,3274.88
2025-07-31,3275.6,3314.71,3273.69,3289.92
2025-08-01,3290.27,3363.37,3281.56,3363.16
2025-08-04,3365.98,3385.26,3344.99,3373.38
2025-08-05,3374.16,3390.32,3349.8,3380.65
2025-08-06,3380.85,3385.22,3358.15,3369.19
2025-08-07,3370.22,3401.65,3365.16,3395.63
2025-08-08,3404.3,3408.71,3377.43,3397.13
2025-08-11,3399.27,3405.05,3341.25,3342.62
2025-08-12,3343.09,3358.87,3330.97,3348.02
2025-08-13,3349.05,3370.64,3342.63,3355.9
2025-08-14,3356.94,3374.71,3329.79,3335.25
2025-08-15,3336.92,3348.65,3332.14,3335.9
2025-08-18,3337.77,3358.29,3323.43,3332.66
2025-08-19,3333.73,3345.18,3314.8,3315.45
2025-08-20,3316.16,3350.02,3311.4,3348.2
2025-08-21,3350.32,3351.98,3325.32,3338.45
2025-08-22,3338.8,3378.69,3321.34,3371.78
2025-08-25,3370.88,3376.11,3359.7,3365.55
2025-08-26,3365.49,3393.47,3351.15,3393.43
2025-08-27,3393.39,3398.65,3373.76,3397.18
2025-08-28,3398.65,3423.02,3384.52,3416.88
2025-08-29,3417.72,3453.82,3404.27,3448.01
2025-09-01,3445.73,3489.78,3436.99,3476.08
2025-09-02,3475.94,3539.88,3470.28,3533.4
2025-09-03,3531.85,3578.29,3526.26,3558.93
2025-09-04,3560.58,3564.12,3511.44,3545.63
2025-09-05,3545.91,3599.91,3539.96,3587.3
2025-09-08,3582.63,3646.23,3579.53,3635.68
2025-09-09,3635.67,3674.36,3625.98,3626.13
2025-09-10,3623.18,3657.4,3620.39,3640.44
2025-09-11,3642.28,3649.04,3613.55,3633.81
2025-09-12,3633.88,3656.49,3630.37,3643.21
2025-09-15,3644.36,3685.47,3626.58,3678.73
2025-09-16,3680.18,3702.93,3674.68,3689.6
2025-09-17,3689.22,3707.35,3646.1,3659.79
2025-09-18,3659.54,3672.86,3627.88,3644.27
2025-09-19,3643.33,3685.12,3632.19,3684.93
2025-09-22,3685.14,3748.62,3683.65,3746.71
2025-09-23,3745.22,3790.97,3736.7,3763.93
2025-09-24,3765.85,3779.07,3717.46,3735.88
2025-09-25,3737.38,3761.46,3722.08,3749.18
2025-09-26,3750.83,3783.61,3734.4,3761.17
2025-09-29,3758.19,3834.03,3757.79,3833.73
2025-09-30,3832.53,3871.61,3793.07,3858.29
2025-10-01,3858.67,3895.28,3853.31,3865.49
2025-10-02,3868.35,3896.6,3819.23,3856.39
2025-10-03,3855.71,3891.46,3837.97,3886.47
2025-10-06,3888.11,3969.94,3884.19,3960.85
2025-10-07,3958.71,3990.9,3940.81,3984.34
2025-10-08,3984.89,4059.07,3983.02,4041.45
2025-10-09,4041.69,4057.77,3945.03,3976.05
2025-10-10,3976.23,4022.4,3947.03,4018.43
2025-10-13,4004.02,4116.87,4003.99,4110.45
2025-10-14,4109.37,4179.47,4090.49,4142.01
2025-10-15,4144.3,4218.14,4140.65,4207.96
2025-10-16,4208.38,4330.5,4199.73,4325.85
2025-10-17,4328.9,4379.38,4186.45,4247.17
2025-10-20,4247.68,4381.29,4219.1,4356.26
2025-10-21,4353.69,4375.14,4083.15,4124.84
2025-10-22,4126.02,4161.2,4004.46,4098.29
2025-10-23,4097.12,4154.54,4066.32,4125.81
2025-10-24,4129.2,4144.31,4044.82,4112.82
2025-10-27,4074.34,4108.92,3971.38,3981.1
2025-10-28,3986.25,4019.63,3886.51,3952.54
2025-10-29,3955.33,4029.9,3916.56,3930.1
2025-10-30,3922.24,4026.88,3915.35,4024.18
2025-10-31,4021.44,4046.13,3972.36,4002.94
2025-11-03,3988.32,4030.44,3962.6,4001.16
2025-11-04,4001.23,4005.64,3928.8,3931.78
2025-11-05,3933.35,3990.24,3929.94,3978.95
2025-11-06,3980.09,4019.44,3964.55,3976.85
2025-11-07,3977.25,4027.28,3974.44,4001.27
2025-11-10,3998.85,4116.38,3997.72,4115.71
2025-11-11,4116.2,4148.91,4097.05,4126.62
2025-11-12,4127.57,4211.65,4098.77,4195.46
2025-11-13,4196.3,4244.96,4145.25,4171.22
2025-11-14,4171.02,4211.14,4032.1,4084.8
2025-11-17,4081.75,4106.57,4006.8,4045.5
2025-11-18,4050.14,4082.16,3997.94,4067.44
2025-11-19,4067.83,4132.66,4055.53,4077.74
2025-11-20,4079.76,4110.03,4038.82,4077.17
2025-11-21,4076.17,4101.0,4022.63,4065.77
2025-11-24,4069.6,4139.82,4040.12,4134.54
2025-11-25,4133.88,4159.15,4109.54,4130.62
2025-11-26,4133.76,4173.31,4129.72,4163.78
2025-11-27,4164.97,4168.58,4142.58,4157.22
2025-11-28,4158.46,4226.56,4153.98,4219.2
2025-12-01,4222.19,4264.43,4205.64,4232.08
2025-12-02,4232.32,4235.86,4163.8,4205.57
2025-12-03,4208.19,4241.4,4194.51,4202.93
2025-12-04,4204.5,4218.98,4174.93,4208.6
2025-12-05,4208.46,4259.12,4191.92,4196.03
2025-12-08,4197.54,4218.91,4176.29,4190.48
2025-12-09,4190.1,4221.18,4170.06,4208.09
2025-12-10,4208.24,4238.59,4182.04,4228.47
2025-12-11,4228.36,4285.75,4204.24,4279.62
2025-12-12,4281.31,4353.36,4257.72,4300.12
2025-12-15,4299.41,4349.93,4285.29,4304.91
2025-12-16,4306.39,4334.9,4271.66,4302.06
2025-12-17,4302.64,4348.7,4301.54,4338.09
2025-12-18,4339.99,4374.41,4308.71,4332.61
2025-12-19,4332.69,4356.35,4309.26,4338.22
2025-12-22,4341.92,4448.95,4337.98,4443.56
2025-12-23,4446.03,4499.69,4430.62,4484.54
2025-12-24,4487.33,4525.7,4448.32,4479.42
2025-12-26,4483.64,4549.69,4473.51,4531.87
2025-12-29,4537.35,4549.44,4303.36,4331.78
2025-12-30,4336.04,4404.13,4323.36,4338.54
2025-12-31,4342.92,4373.07,4274.44,4318.85
2026-01-02,4331.5,4402.21,4309.97,4332.85
2026-01-05,4354.52,4455.59,4345.26,4448.82
2026-01-06,4449.53,4497.19,4428.02,4494.58
2026-01-07,4497.25,4500.27,4423.49,4456.32
2026-01-08,4460.2,4479.48,4407.73,4477.28
2026-01-09,4480.03,4516.91,4452.91,4509.36
2026-01-12,4518.77,4630.08,4513.13,4597.21
2026-01-13,4605.04,4634.25,4569.8,4586.45
2026-01-14,4589.05,4642.77,4588.45,4626.41
2026-01-15,4630.8,4632.39,4581.1,4615.73
2026-01-16,4618.57,4620.74,4536.71,4595.53
2026-01-19,4624.54,4690.46,4624.54,4670.79
2026-01-20,4672.72,4766.15,4659.53,4763.36
2026-01-21,4765.83,4888.17,4755.93,4831.01
2026-01-22,4832.91,4940.59,4772.39,4936.14
2026-01-23,4941.77,4989.73,4899.64,4986.02
2026-01-26,5006.31,5110.86,4989.98,5008.06
2026-01-27,5015.89,5190.2,5013.84,5181.04
2026-01-28,5179.99,5418.67,5157.32,5414.84
2026-01-29,5422.62,5596.33,5104.98,5377.14
2026-01-30,5400.25,5450.95,4686.12,4860.39
2026-02-02,4780.05,4884.44,4401.58,4656.46
2026-02-03,4675.38,4993.27,4675.38,4945.23
2026-02-04,4965.11,5091.63,4852.88,4963.59
2026-02-05,4980.2,5023.52,4759.71,4774.48
2026-02-06,4761.66,4970.76,4655.31,4959.54
2026-02-09,4988.48,5086.04,4965.01,5059.14
2026-02-10,5069.22,5078.22,4986.73,5023.97
2026-02-11,5027.76,5118.8,5020.07,5083.51
2026-02-12,5096.06,5099.26,4877.75,4920.81
2026-02-13,4887.73,5046.08,4887.73,5038.52
2026-02-16,5034.96,5034.96,4965.06,4992.94
2026-02-17,4993.24,4999.93,4841.31,4878.57
2026-02-18,4865.25,5010.69,4853.81,4976.09
2026-02-19,4976.82,5022.15,4960.52,4995.83
2026-02-20,5003.61,5099.73,4981.46,5098.85
2026-02-23,5108.75,5237.79,5107.12,5227.43
2026-02-24,5231.58,5249.29,5093.97,5141.43
2026-02-25,5141.16,5217.63,5122.02,5163.86
2026-02-26,5164.37,5205.26,5129.92,5183.88
2026-02-27,5188.03,5280.7,5166.68,5279.95
2026-03-02,5351.6,5419.01,5260.81,5321.97
2026-03-03,5334.62,5379.74,4996.33,5088.16
2026-03-04,5109.84,5206.09,5084.2,5140.99
2026-03-05,5148.81,5194.86,5051.3,5080.88
2026-03-06,5083.76,5174.61,5062.98,5171.06
2026-03-09,5190.38,5192.04,5014.77,5136.6
2026-03-10,5149.59,5238.61,5117.49,5192.67
2026-03-11,5190.1,5223.02,5149.64,5176.08
2026-03-12,5182.09,5191.69,5054.86,5079.25
2026-03-13,5075.98,5128.41,5009.59,5021.27
2026-03-16,5011.46,5037.86,4967.44,5006.19
2026-03-17,5011.26,5044.26,4973.54,5005.45
2026-03-18,5005.51,5016.19,4807.02,4818.83
2026-03-19,4829.31,4867.02,4503.18,4650.33
2026-03-20,4658.6,4735.73,4477.6,4496.98
2026-03-23,4486.68,4535.97,4099.02,4406.64
2026-03-24,4419.97,4483.9,4305.94,4474.26
2026-03-25,4475.66,4602.1,4455.98,4506.49
2026-03-26,4512.89,4543.77,4351.0,4377.85
2026-03-27,4378.84,4555.03,4375.85,4495.17
2026-03-30,4469.5,4580.48,4420.18,4510.95
2026-03-31,4513.89,4687.06,4482.71,4667.05
2026-04-01,4674.38,4792.71,4661.72,4758.1
2026-04-02,4758.92,4800.3,4554.04,4675.99
2026-04-06,4652.28,4706.53,4600.79,4650.36
2026-04-07,4650.44,4718.46,4607.5,4705.48
2026-04-08,4729.06,4856.93,4699.79,4719.18
2026-04-09,4725.41,4800.99,4698.7,4765.38
2026-04-10,4771.91,4794.95,4730.87,4749.05
2026-04-13,4639.65,4750.01,4639.65,4740.15
2026-04-14,4747.83,4846.17,4745.75,4841.56
2026-04-15,4842.85,4871.28,4786.91,4790.51
2026-04-16,4795.96,4838.15,4773.09,4790.66
2026-04-17,4791.6,4889.24,4767.63,4834.02
2026-04-20,4770.8,4827.49,4737.04,4820.63
2026-04-21,4824.56,4832.94,4668.54,4719.89
2026-04-22,4723.7,4772.15,4715.6,4740.05
2026-04-23,4744.49,4753.24,4664.28,4694.07
2026-04-24,4701.26,4740.2,4657.97,4708.05
2026-04-27,4701.3,4729.95,4667.16,4681.67
2026-04-28,4686.04,4701.19,4554.91,4597.09
2026-04-29,4598.6,4609.91,4510.21,4543.41
2026-04-30,4544.37,4646.74,4539.27,4621.61
2026-05-01,4628.77,4660.19,4560.26,4616.14
2026-05-04,4623.87,4629.28,4500.94,4523.67
2026-05-05,4523.43,4586.49,4513.59,4557.27
2026-05-06,4558.58,4722.59,4546.27,4690.81
2026-05-07,4693.85,4764.67,4685.2,4687.05
2026-05-08,4679.83,4749.35,4678.76,4715.18
2026-05-11,4690.87,4748.34,4648.14,4734.63
2026-05-12,4738.12,4773.37,4638.4,4715.07
2026-05-13,4716.02,4726.77,4669.36,4688.71
2026-05-14,4692.35,4718.5,4644.32,4652.27
2026-05-15,4654.09,4665.2,4511.84,4538.18
2026-05-18,4536.7,4584.14,4480.52,4566.02
2026-05-19,4569.65,4589.06,4464.85,4481.83
2026-05-20,4480.94,4552.48,4453.6,4543.53
2026-05-21,4547.15,4570.59,4488.91,4542.99
2026-05-22,4543.25,4545.93,4492.1,4506.82
2026-05-25,4535.44,4579.79,4534.17,4570.69
2026-05-26,4570.61,4580.11,4482.63,4507.39
2026-05-27,4537.96,4538.89,4401.48,4456.1
2026-05-28,4462.22,4516.45,4366.52,4495.59
2026-05-29,4498.19,4595.01,4489.01,4539.78
2026-06-01,4523.25,4545.93,4447.71,4484.65
2026-06-02,4487.31,4541.41,4462.95,4487.74
2026-06-03,4490.74,4496.6,4426.4,4434.25
2026-06-04,4438.91,4515.17,4424.01,4475.18
2026-06-05,4475.48,4481.39,4311.74,4327.46
2026-06-08,4331.25,4353.29,4268.42,4329.67
2026-06-09,4332.18,4363.23,4236.75,4259.29
2026-06-10,4255.24,4257.35,4067.04,4071.15
2026-06-11,4072.36,4219.87,4023.85,4210.58
2026-06-12,4216.94,4246.4,4170.14,4216.83
2026-06-15,4266.21,4369.07,4261.53,4309.05
2026-06-16,4311.34,4354.77,4305.89,4331.05
2026-06-17,4333.88,4382.04,4219.0,4257.6
2026-06-18,4257.24,4329.7,4201.44,4208.92
2026-06-19,4208.44,4213.28,4121.79,4155.44
2026-06-22,4146.47,4220.71,4136.48,4191.18
2026-06-23,4192.2,4198.17,4090.85,4110.05
2026-06-24,4111.69,4114.87,3959.04,3998.95
2026-06-25,4003.97,4044.15,3963.64,4026.51
2026-06-26,4029.2,4095.87,3983.02,4081.02
2026-06-29,4081.81,4085.96,4000.43,4016.45
2026-06-30,4018.41,4063.22,3943.65,4007.28
2026-07-01,4012.64,4114.77,3960.1,4030.94
2026-07-02,4035.19,4143.75,4030.77,4123.61
2026-07-03,4125.36,4195.27,4121.11,4174.77
2026-07-06,4177.86,4202.09,4128.5,4164.75
2026-07-07,4164.62,4180.26,4092.25,4105.7
2026-07-08,4102.03,4133.8,4021.7,4077.19
2026-07-09,4077.14,4137.9,4054.21,4123.48
2026-07-10,4124.73,4134.71,4072.85,4119.01
2026-07-13,4095.42,4103.43,3986.51,4000.8
2026-07-14,4004.3,4102.82,3983.56,4052.64
2026-07-15,4052.44,4080.67,4017.33,4060.28
2026-07-16,4065.34,4065.74,3969.25,3976.26
2026-07-17,3976.87,4023.62,3959.56,4016.36
2026-07-20,4006.04,4040.52,3982.83,4007.32
2026-07-21,4009.67,4086.71,3999.68,4077.51
2026-07-22,4079.27,4165.92,4076.77,4129.79
2026-07-23,4131.72,4140.79,4040.15,4049.26
2026-07-24,4050.43,4081.95,4022.01,4053.29
2026-07-27,4093.78,4115.89,4065.31,4076.46
2026-07-28,4079.15,4082.02,4011.54,4028.42
2026-07-29,4028.97,4116.28,3995.87,4066.13
2026-07-30,4064.04,4120.08,4028.42,4103.42
2026-07-31,4103.93,4111.65,4021.08,4046.42
2026-08-03,4082.28,4082.28,4019.05,4055.34
2026-08-04,4053.79,4106.24,4042.51,4077.21
2026-08-05,4077.96,4267.55,4065.42,4246.79
2026-08-06,4247.62,4303.9,4223.29,4240.55
2026-08-07,4240.67,4371.53,4229.7,4341.12
2026-08-10,4346.54,4395.11,4313.27,4390.25
2026-08-11,4389.63,4434.95,4356.68,4368.0
2026-08-12,4371.82,4441.07,4362.46,4408.42
2026-08-13,4409.22,4449.59,4343.79,4350.88
2026-08-14,4353.38,4396.82,4311.03,4375.8
2026-08-17,4379.55,4428.79,4367.1,4416.5
2026-08-18,4417.61,4435.95,4329.07,4334.17
2026-08-19,4336.13,4524.08,4324.66,4522.78
2026-08-20,4523.58,4540.81,4450.62,4519.14
2026-08-21,4517.98,4632.1,4508.75,4604.53
2026-08-24,4614.92,4680.65,4594.88,4651.59
2026-08-25,4654.19,4696.59,4605.33,4658.65
2026-08-26,4657.23,4673.66,4583.1,4594.49
2026-08-27,4596.12,4642.9,4566.09,4601.58
2026-08-28,4603.23,4631.18,4445.4,4454.23
2026-08-31,4432.24,4471.76,4396.39,4449.0
2026-09-01,4450.55,4461.38,4322.82,4328.08
2026-09-02,4331.05,4397.41,4282.52,4387.96
2026-09-03,4391.08,4510.66,4381.05,4472.99
2026-09-04,4475.64,4490.58,4365.58,4430.96
2026-09-07,4425.03,4435.16,4381.03,4406.23
2026-09-08,4411.48,4442.93,4345.69,4355.41
2026-09-09,4355.78,4433.95,4341.31,4401.73
2026-09-10,4404.05,4434.26,4313.66,4316.6
2026-09-11,4316.95,4402.19,4292.65,4348.35
2026-09-14,4330.02,4355.29,4253.54,4298.63
2026-09-15,4301.51,4317.2,4261.37,4293.93
2026-09-16,4294.8,4366.7,4235.24,4263.94
2026-09-17,4260.49,4381.14,4257.4,4341.62
2026-09-18,4343.47,4399.49,4334.23,4378.29
