basket_id,面包,咖啡,牛奶,黄油,纸尿裤,啤酒,鸡蛋,纸巾
0,True,False,False,False,False,False,True,True
1,False,False,False,False,False,False,False,True
2,False,False,True,False,False,False,True,False
3,False,False,False,False,False,True,True,True
4,True,False,True,False,False,False,True,False
5,False,False,False,False,True,False,False,False
6,False,True,False,False,False,False,False,True
7,False,False,False,False,False,False,True,False
8,True,False,True,True,False,True,False,True
9,False,False,False,False,False,False,False,True
10,False,True,True,False,False,False,True,False
11,False,False,False,False,False,False,False,True
12,False,False,True,False,True,False,False,True
13,True,False,False,False,False,False,False,True
14,False,False,False,False,False,False,False,True
15,False,False,False,False,False,False,False,False
16,False,False,False,False,False,False,False,False
17,True,False,False,True,False,True,False,True
18,True,False,False,False,False,False,False,False
19,True,True,True,True,False,False,False,False
20,False,True,False,False,False,False,False,True
21,False,False,False,False,False,True,False,True
22,False,False,False,False,False,False,False,False
23,False,False,False,False,False,True,False,False
24,True,False,True,True,False,False,False,True
25,True,False,False,True,False,False,False,True
26,False,False,False,False,False,True,True,False
27,False,False,False,False,True,True,True,True
28,True,False,True,False,True,False,False,True
29,False,False,False,False,False,False,True,True
30,True,False,True,False,False,False,False,False
31,False,False,False,False,False,False,False,True
32,True,False,True,True,False,False,False,False
33,True,False,True,True,False,False,False,True
34,True,False,True,False,False,False,True,True
35,False,True,False,False,False,False,False,True
36,True,True,True,True,False,True,True,False
37,False,False,False,False,False,False,False,True
38,True,False,False,True,False,False,False,True
39,False,True,False,True,False,False,False,True
40,True,False,True,False,False,False,False,False
41,False,False,False,False,True,True,False,True
42,True,False,True,False,False,True,False,False
43,False,True,True,False,False,False,False,True
44,False,False,False,False,False,False,False,False
45,False,False,False,False,False,True,True,True
46,False,True,True,False,False,True,True,False
47,True,False,True,False,False,False,False,False
48,True,True,True,True,True,False,False,True
49,False,False,True,False,False,True,False,True
50,False,False,False,False,False,False,False,False
51,False,False,True,False,False,True,False,True
52,True,False,True,False,False,False,True,True
53,False,False,False,False,False,False,False,True
54,True,False,True,True,True,True,False,True
55,False,False,False,False,True,False,False,True
56,False,True,False,False,True,True,False,True
57,False,True,False,False,True,False,False,True
58,True,False,False,True,False,False,False,True
59,True,False,True,False,True,False,True,False
60,False,False,False,False,False,True,True,False
61,True,False,False,True,False,False,False,False
62,False,False,False,False,False,True,False,False
63,False,True,False,False,False,False,True,True
64,False,False,False,False,False,True,True,False
65,True,False,True,False,False,False,False,True
66,False,False,False,False,False,False,False,False
67,True,True,True,True,False,False,False,True
68,True,False,False,True,False,True,False,False
69,True,False,True,False,False,False,False,True
70,False,False,False,False,False,True,False,False
71,True,False,True,False,False,False,False,True
72,True,False,True,True,False,False,False,True
73,False,False,True,False,False,False,False,False
74,False,False,False,False,False,False,False,True
75,False,True,False,False,False,False,False,True
76,False,False,False,False,False,False,False,True
77,True,False,False,False,True,True,True,True
78,False,False,True,False,False,True,True,True
79,True,False,True,False,False,False,False,False
80,False,False,False,False,True,False,False,True
81,False,False,False,False,False,False,True,True
82,False,False,False,True,True,False,False,True
83,True,False,True,False,False,False,False,False
84,True,False,False,False,False,False,True,True
85,False,False,False,False,False,False,False,True
86,True,False,True,True,False,False,False,True
87,True,False,True,False,False,True,False,True
88,False,False,False,False,False,False,False,False
89,False,False,False,False,False,False,False,True
90,False,True,False,False,False,False,True,True
91,False,False,False,False,False,False,False,False
92,False,True,False,False,False,False,False,False
93,False,True,False,False,False,False,False,False
94,True,False,False,False,False,False,True,False
95,True,True,True,True,False,False,False,True
96,False,True,False,False,False,False,False,False
97,False,False,False,False,False,False,False,True
98,True,False,True,True,False,False,False,False
99,False,False,False,False,False,False,False,False
100,True,False,True,False,False,False,True,True
101,False,True,False,False,False,False,True,True
102,True,True,True,False,False,False,True,True
103,False,True,False,False,False,False,True,True
104,False,True,True,False,False,False,False,True
105,True,False,True,True,False,False,False,True
106,False,False,False,False,False,False,False,True
107,False,False,False,False,False,False,False,False
108,True,False,True,False,False,False,True,False
109,False,True,True,False,False,False,False,False
110,False,False,False,False,False,False,True,True
111,True,True,True,True,False,False,True,True
112,True,False,True,True,False,False,True,False
113,True,False,False,True,False,False,False,True
114,False,False,False,False,False,False,False,True
115,False,False,True,False,True,False,False,False
116,False,True,False,False,False,False,True,False
117,True,False,False,False,False,False,False,True
118,True,False,True,False,False,False,False,True
119,True,False,True,False,False,True,False,True
120,False,False,False,False,False,False,False,True
121,True,False,False,True,True,False,True,True
122,False,True,False,False,False,False,False,False
123,True,False,True,False,False,False,False,True
124,False,True,True,False,False,False,False,True
125,True,False,False,False,False,False,False,True
126,True,True,True,False,False,False,False,True
127,False,False,False,False,True,False,False,False
128,True,False,True,False,False,False,False,False
129,False,False,False,False,False,False,False,False
130,True,False,False,True,False,True,True,False
131,True,True,True,False,False,False,False,True
132,False,False,False,False,False,False,False,True
133,True,False,True,False,False,False,False,True
134,True,False,False,False,False,True,False,False
135,False,False,False,False,False,False,True,False
136,True,True,True,False,False,False,True,True
137,False,True,False,False,False,True,False,False
138,False,True,False,False,False,False,False,True
139,False,False,False,False,False,False,True,True
140,False,False,True,False,False,False,False,True
141,True,False,False,False,False,False,False,True
142,False,True,True,False,False,False,False,False
143,True,False,False,True,False,False,False,False
144,False,False,False,False,False,False,False,False
145,False,False,False,False,False,True,False,True
146,False,False,False,True,False,False,False,False
147,True,False,True,False,False,False,False,True
148,True,False,True,True,False,True,False,False
149,True,True,True,False,False,False,True,True
150,False,False,False,False,False,False,True,False
151,False,False,False,False,False,False,True,False
152,False,False,False,False,True,False,False,True
153,False,False,False,False,False,False,False,False
154,True,False,True,True,False,False,False,False
155,True,False,True,False,False,False,False,False
156,False,False,False,False,False,False,False,False
157,True,True,False,False,True,True,False,True
158,False,False,False,False,False,False,False,True
159,False,True,False,False,True,False,True,False
160,False,True,False,False,False,True,False,True
161,True,False,False,False,False,False,True,True
162,False,False,False,False,False,True,False,False
163,True,False,True,True,True,True,False,True
164,False,False,False,False,False,True,False,True
165,True,False,True,True,False,False,True,False
166,False,False,False,False,False,False,True,True
167,True,True,True,True,False,False,False,True
168,True,False,True,False,False,False,True,True
169,False,True,False,False,False,False,False,False
170,False,False,False,False,False,False,False,True
171,False,False,False,False,False,False,True,True
172,True,False,True,False,False,False,False,True
173,False,False,False,False,False,False,False,True
174,False,False,False,False,False,False,False,True
175,False,False,False,True,False,False,False,False
176,False,False,False,False,False,False,False,True
177,True,False,True,True,False,False,False,True
178,False,False,False,False,False,False,False,False
179,False,False,True,False,False,False,False,True
180,True,False,False,False,False,False,False,True
181,False,False,False,False,False,True,False,False
182,True,True,True,False,False,True,False,False
183,False,False,False,False,False,False,False,True
184,True,False,False,True,False,True,False,False
185,False,False,False,False,False,True,False,True
186,True,False,False,False,False,False,True,False
187,True,False,True,True,True,False,True,True
188,False,False,False,False,False,False,False,True
189,True,False,False,False,False,False,True,False
190,False,False,False,False,True,True,False,True
191,False,True,False,False,True,True,True,True
192,False,False,False,False,False,True,False,True
193,False,False,False,False,False,False,False,False
194,True,True,True,True,True,True,False,True
195,True,False,True,False,True,False,True,False
196,False,True,False,False,True,False,False,True
197,False,False,False,False,False,False,True,False
198,False,True,False,False,False,False,False,False
199,False,False,True,False,False,True,False,True
200,False,True,True,False,False,False,True,True
201,True,False,True,False,False,False,True,True
202,False,True,False,False,True,True,False,False
203,False,False,False,False,False,False,True,True
204,False,False,False,False,False,False,True,False
205,True,False,True,True,False,False,False,True
206,False,False,False,False,False,True,True,True
207,True,True,True,False,False,True,True,False
208,True,False,True,True,False,False,False,False
209,False,False,False,False,False,False,False,True
210,False,True,False,False,True,True,False,False
211,True,False,False,False,False,False,False,False
212,False,False,False,True,False,True,True,True
213,False,False,False,False,True,False,False,True
214,False,False,False,False,False,False,False,True
215,True,False,True,False,True,True,False,False
216,True,False,True,True,False,True,False,False
217,False,False,False,False,False,False,True,True
218,True,False,False,False,False,False,True,True
219,False,False,False,False,False,False,False,True
220,True,False,True,False,False,False,True,True
221,False,True,True,True,False,False,True,False
222,False,True,False,False,True,True,False,False
223,False,False,False,False,True,False,False,True
224,True,False,False,True,False,False,False,True
225,False,True,False,False,False,False,True,False
226,False,False,False,False,True,True,False,True
227,False,False,False,False,False,False,True,True
228,True,False,False,False,False,False,False,True
229,False,False,False,False,False,True,False,False
230,True,False,False,False,False,True,False,True
231,True,False,False,False,False,False,True,True
232,False,False,False,False,True,True,False,True
233,False,False,True,False,False,False,False,True
234,True,False,False,False,False,True,False,True
235,True,False,True,False,False,False,False,True
236,False,False,True,False,False,True,False,True
237,False,False,False,True,False,True,False,False
238,True,False,True,False,False,False,False,True
239,True,False,True,False,False,False,False,True
240,False,False,True,False,False,False,True,True
241,False,False,True,False,False,False,False,True
242,False,False,False,False,False,False,False,True
243,False,True,False,False,False,False,False,False
244,True,False,False,False,False,False,True,True
245,True,True,True,False,False,False,True,False
246,False,False,False,False,False,False,False,True
247,False,False,False,False,False,False,False,True
248,False,False,False,False,False,True,False,True
249,False,False,False,False,False,False,False,True
250,False,False,False,False,False,False,False,False
251,False,False,False,False,False,False,True,False
252,False,False,False,True,False,False,False,False
253,False,True,False,False,False,True,False,True
254,False,False,False,False,False,True,True,True
255,False,True,False,True,False,False,False,True
256,False,False,False,False,False,False,True,False
257,False,False,False,False,False,False,False,True
258,False,False,False,False,False,True,False,True
259,True,False,True,True,False,False,False,True
260,True,False,True,True,True,False,False,True
261,True,True,True,False,False,False,False,True
262,True,True,True,False,False,True,False,True
263,True,False,False,True,False,False,True,True
264,False,False,False,False,False,False,False,True
265,False,False,False,False,True,False,False,True
266,False,False,False,False,False,False,False,False
267,False,False,False,False,False,False,False,True
268,False,False,False,False,True,False,False,True
269,False,True,False,False,False,True,False,True
270,False,False,False,False,False,False,False,False
271,False,False,False,False,False,False,False,True
272,False,True,False,False,False,False,False,False
273,False,False,False,False,True,False,False,False
274,False,True,False,False,True,False,False,False
275,False,False,True,False,False,False,False,True
276,False,False,True,False,True,False,False,True
277,False,False,False,False,False,False,True,True
278,False,False,False,False,False,False,False,False
279,False,False,False,False,True,True,True,True
280,False,False,False,False,False,False,False,False
281,True,False,True,False,False,True,True,True
282,True,False,True,True,True,True,False,True
283,True,False,True,False,False,False,False,True
284,False,False,True,False,False,False,True,False
285,False,True,False,False,False,False,False,True
286,True,True,True,False,False,False,False,True
287,False,False,True,False,False,False,False,True
288,False,False,False,False,False,False,False,True
289,False,False,False,False,False,False,False,False
290,False,True,True,False,True,False,False,True
291,False,False,False,False,False,False,True,True
292,False,False,False,True,False,False,False,True
293,True,False,True,False,False,False,False,False
294,True,False,True,False,False,False,True,False
295,False,True,True,False,False,False,False,False
296,True,True,True,False,False,False,False,True
297,False,False,True,True,False,False,False,True
298,True,False,True,False,False,False,False,False
299,True,False,True,True,False,False,False,False
300,True,False,True,True,False,False,False,False
301,True,False,True,True,False,False,False,True
302,True,False,False,True,False,False,False,True
303,True,False,True,False,False,False,False,False
304,True,False,False,True,False,False,False,True
305,True,False,True,True,False,False,False,True
306,False,False,False,False,False,False,False,True
307,True,False,True,False,False,False,False,False
308,True,False,True,True,False,True,False,True
309,False,False,False,False,False,True,False,True
310,False,False,False,False,False,False,True,False
311,False,False,False,False,False,False,True,False
312,False,False,False,False,False,False,True,True
313,True,False,False,False,False,True,True,False
314,False,False,False,False,False,True,True,False
315,False,False,False,False,True,True,True,True
316,False,False,False,False,False,False,True,True
317,False,False,False,False,False,False,True,False
318,False,True,True,False,False,True,True,True
319,False,False,True,False,False,False,False,True
320,True,True,True,True,False,True,True,False
321,True,True,True,True,True,False,False,True
322,False,False,False,False,True,True,False,True
323,False,False,False,False,False,False,False,True
324,False,False,False,False,False,True,False,True
325,False,False,False,False,True,True,False,True
326,False,False,True,False,False,True,False,True
327,False,True,True,False,True,True,False,True
328,False,False,False,False,False,True,False,True
329,False,False,False,False,False,False,True,True
330,False,False,False,False,False,True,False,True
331,False,False,False,False,False,False,False,True
332,True,False,False,True,False,False,False,True
333,False,False,False,False,False,False,True,False
334,False,True,False,False,False,False,True,True
335,False,False,False,False,False,False,False,True
336,True,False,False,True,True,False,False,True
337,False,False,True,False,False,False,False,False
338,False,False,False,False,False,False,True,True
339,False,False,False,False,False,False,True,False
340,False,False,False,False,False,False,False,True
341,True,False,True,False,False,False,False,True
342,True,True,True,True,False,False,False,False
343,True,True,True,False,False,True,False,False
344,True,False,True,True,False,False,False,True
345,False,True,False,False,False,False,False,True
346,False,False,False,False,False,False,True,True
347,True,False,True,False,False,False,True,False
348,False,False,False,False,False,False,False,True
349,False,False,False,False,False,False,False,True
350,True,False,True,True,False,True,False,False
351,False,True,False,False,True,True,False,False
352,False,False,False,False,False,True,False,False
353,False,False,False,False,False,True,False,True
354,True,False,False,False,False,False,False,False
355,False,True,True,True,False,False,True,False
356,False,True,True,False,False,False,False,True
357,False,True,True,True,False,False,True,False
358,False,False,False,False,False,False,False,True
359,True,False,False,False,False,False,False,True
360,False,False,False,False,True,True,False,True
361,False,False,False,False,False,False,False,True
362,True,True,False,True,False,False,False,True
363,True,False,True,False,True,False,False,True
364,True,False,True,True,False,False,True,True
365,False,True,True,False,False,True,False,True
366,False,True,False,False,False,False,False,True
367,True,False,True,False,False,False,True,True
368,False,False,False,False,False,False,False,True
369,True,False,True,False,False,False,False,True
370,True,False,True,False,False,False,False,False
371,False,False,False,False,False,False,False,True
372,False,False,False,False,False,False,False,True
373,False,False,False,False,False,False,True,False
374,False,False,False,False,False,False,False,False
375,True,False,True,False,False,False,False,False
376,True,False,True,False,False,False,False,True
377,True,False,True,True,False,False,False,False
378,False,False,False,False,False,True,False,True
379,True,False,False,True,False,False,False,False
380,False,False,False,False,False,False,False,True
381,True,True,True,True,False,False,False,False
382,True,False,True,False,False,False,False,False
383,False,False,False,False,False,False,False,True
384,False,False,True,False,False,False,False,True
385,False,False,False,False,False,False,False,False
386,False,False,False,False,False,True,False,False
387,False,True,True,False,False,True,False,True
388,True,False,False,False,False,False,True,True
389,False,True,False,False,False,False,False,True
390,True,False,False,False,False,True,True,False
391,False,True,False,False,False,True,False,True
392,True,True,True,False,False,False,False,True
393,False,True,False,False,False,True,True,True
394,True,False,False,False,True,False,False,False
395,False,False,False,False,False,False,True,False
396,True,False,True,False,False,False,False,True
397,False,False,False,False,False,False,False,True
398,True,True,False,False,False,True,False,True
399,True,False,True,False,True,False,False,False
400,False,True,False,False,False,False,False,False
401,False,False,False,False,False,False,True,False
402,True,False,False,True,True,True,True,True
403,True,True,True,False,False,True,False,True
404,False,False,False,False,False,False,False,True
405,False,False,False,False,False,False,False,False
406,False,False,False,False,False,False,False,True
407,False,False,False,False,False,True,False,False
408,False,False,False,False,False,False,True,False
409,False,True,False,False,False,False,False,True
410,False,False,False,False,False,False,True,True
411,True,False,False,False,True,False,False,True
412,True,True,True,False,True,True,False,False
413,True,False,True,True,True,True,True,True
414,True,False,True,True,False,False,False,False
415,False,False,False,False,True,False,False,False
416,True,True,True,True,False,True,True,True
417,False,True,True,False,False,False,False,True
418,False,False,False,False,False,True,True,True
419,False,False,False,False,False,True,False,True
420,True,True,False,True,False,False,False,False
421,False,True,False,False,True,True,True,True
422,False,True,False,False,True,False,False,False
423,True,False,False,False,True,False,False,False
424,False,False,False,False,False,False,False,True
425,False,True,False,False,False,True,False,False
426,False,False,True,False,False,False,False,True
427,True,True,True,False,False,False,False,False
428,False,False,False,False,False,True,False,True
429,False,True,True,False,True,False,False,False
430,False,True,False,False,False,False,False,True
431,False,False,False,False,False,False,False,True
432,True,True,False,False,False,False,False,False
433,True,False,True,False,True,False,False,True
434,False,False,False,False,True,True,False,False
435,False,False,False,False,False,False,False,True
436,False,True,True,False,False,True,True,False
437,False,True,False,False,False,False,True,True
438,False,False,False,False,False,False,True,True
439,False,False,True,False,True,True,False,True
440,False,False,False,False,False,True,False,False
441,False,False,False,False,False,False,False,False
442,False,False,False,False,False,True,False,True
443,False,True,False,False,False,False,False,True
444,False,False,False,False,False,False,False,False
445,False,False,False,False,False,False,False,False
446,True,False,True,False,False,True,True,True
447,False,False,False,False,False,True,True,True
448,False,False,False,False,False,True,False,False
449,False,False,True,False,False,False,False,False
450,False,False,False,False,False,False,True,True
451,False,True,False,False,False,False,False,False
452,True,False,True,False,False,False,False,True
453,True,True,False,False,False,True,True,True
454,False,True,False,False,True,False,False,True
455,False,True,False,False,True,True,False,True
456,False,False,False,False,False,False,False,False
457,False,False,False,False,False,False,False,True
458,False,False,False,False,False,False,False,True
459,False,False,False,False,False,False,False,False
460,False,False,False,False,True,False,False,True
461,False,False,False,False,True,True,False,True
462,False,False,False,False,True,True,False,False
463,False,False,False,False,False,True,False,False
464,True,False,False,False,False,False,False,True
465,False,False,True,False,False,True,False,True
466,True,True,True,False,False,False,False,True
467,True,False,True,False,True,False,False,True
468,True,False,False,False,False,False,False,True
469,False,False,False,False,False,False,False,True
470,False,False,False,False,True,True,True,True
471,True,False,True,True,False,False,True,False
472,True,True,True,False,False,False,False,True
473,True,False,True,True,False,False,True,True
474,True,False,True,False,False,False,False,True
475,False,True,False,False,False,False,True,False
476,False,False,True,True,False,False,False,False
477,False,False,False,False,False,False,False,False
478,False,False,True,False,False,False,False,True
479,False,False,False,False,False,False,True,True
480,False,False,False,False,False,True,False,True
481,False,False,False,False,False,False,True,True
482,True,False,True,False,False,False,True,True
483,False,False,False,False,False,False,False,True
484,True,False,True,False,False,False,False,True
485,False,False,False,False,False,False,False,True
486,False,False,False,False,False,False,False,False
487,False,False,False,False,False,False,False,False
488,True,True,True,True,False,False,False,True
489,True,False,True,True,False,False,True,False
490,False,False,False,False,True,False,True,True
491,False,False,False,False,False,False,False,True
492,True,False,False,False,False,True,False,True
493,False,True,False,False,False,False,True,True
494,False,True,True,False,False,False,True,True
495,True,False,False,False,False,True,False,False
496,True,False,True,True,False,False,True,True
497,True,True,True,True,False,False,False,True
498,True,False,False,True,False,False,False,True
499,True,False,False,True,False,False,True,True
500,False,False,False,False,False,False,False,True
501,False,False,False,False,False,True,False,False
502,False,False,False,False,False,False,True,False
503,False,False,False,False,False,False,False,True
504,False,False,True,False,False,False,False,False
505,True,False,False,True,False,False,False,True
506,False,False,True,False,False,False,False,True
507,False,False,False,False,False,True,True,False
508,True,False,True,True,False,False,False,True
509,True,False,True,False,False,False,False,True
510,False,True,True,False,False,True,True,False
511,False,False,False,False,False,True,False,True
512,True,False,True,False,False,False,False,True
513,False,False,False,False,False,False,False,True
514,False,False,False,False,False,True,False,False
515,False,False,False,False,False,False,False,True
516,True,False,True,False,False,False,True,False
517,False,True,True,False,False,False,False,False
518,True,False,True,True,False,False,True,False
519,False,False,False,True,False,False,False,True
520,False,False,False,False,False,False,False,False
521,True,True,True,True,True,True,False,False
522,True,True,False,False,False,False,False,False
523,False,True,True,False,False,False,False,True
524,False,False,False,False,True,True,False,False
525,False,False,False,False,False,False,True,True
526,False,False,False,False,True,False,False,False
527,True,False,False,True,False,False,False,False
528,False,True,False,False,True,True,False,True
529,False,False,False,False,False,False,True,True
530,True,False,False,False,True,True,False,True
531,True,False,True,True,False,False,False,True
532,False,False,False,False,False,False,True,True
533,False,False,False,False,False,False,True,True
534,False,False,False,False,False,False,False,True
535,False,True,True,False,True,True,False,True
536,True,False,False,False,False,False,False,True
537,False,True,False,False,True,True,False,True
538,False,False,False,False,False,False,False,True
539,False,True,False,False,False,False,False,True
540,True,False,True,False,True,True,False,False
541,True,True,True,False,True,True,True,True
542,True,False,False,True,False,True,False,False
543,False,False,True,False,False,False,True,True
544,True,False,True,False,True,False,True,False
545,True,False,True,False,False,True,False,True
546,False,False,False,False,False,False,False,False
547,False,False,False,True,False,False,True,True
548,False,False,False,False,False,False,False,True
549,False,False,False,False,True,False,False,True
550,False,False,False,False,False,False,False,True
551,False,True,False,False,False,False,False,True
552,False,False,False,True,False,False,False,False
553,False,True,False,False,False,False,True,True
554,True,False,True,False,False,True,False,True
555,False,True,False,False,False,False,True,True
556,False,True,False,False,True,True,False,True
557,False,False,False,False,False,False,True,True
558,True,False,False,False,False,False,False,True
559,True,True,True,False,True,False,False,False
560,False,True,False,False,True,False,True,True
561,True,True,True,False,False,False,False,True
562,True,False,False,False,False,False,False,True
563,True,True,True,True,False,False,True,True
564,False,True,True,False,False,False,True,False
565,False,False,False,False,False,False,False,False
566,False,True,True,False,False,False,True,False
567,True,False,True,True,False,False,True,False
568,False,False,False,True,True,True,False,True
569,True,True,True,True,False,False,True,False
570,False,False,False,False,False,False,True,False
571,True,False,False,False,False,False,True,False
572,True,False,True,True,False,False,False,True
573,False,False,False,False,False,True,False,True
574,True,True,True,False,False,False,True,False
575,False,False,False,False,False,False,False,True
576,True,False,False,False,True,False,False,True
577,True,False,False,False,False,False,False,False
578,False,False,True,False,False,False,False,False
579,False,False,False,False,False,False,False,True
580,False,False,False,False,False,False,False,True
581,False,False,False,False,False,False,False,True
582,False,False,True,False,False,False,True,False
583,False,False,False,False,False,False,False,True
584,True,False,False,True,False,True,False,True
585,False,True,False,False,False,True,False,False
586,False,False,False,False,False,False,False,False
587,True,True,False,False,False,False,False,True
588,False,False,False,False,False,True,True,True
589,True,False,False,False,False,False,False,True
590,False,True,False,False,False,False,False,True
591,False,True,False,False,False,False,True,True
592,False,False,False,False,False,False,False,False
593,False,False,False,False,False,False,False,False
594,False,False,False,False,False,False,False,False
595,True,True,False,False,False,False,False,True
596,False,False,False,True,True,False,True,True
597,True,True,True,False,False,False,False,True
598,False,False,True,False,True,True,False,False
599,True,False,False,False,False,False,True,True
600,False,False,True,False,False,False,False,False
601,False,False,False,False,False,False,False,False
602,False,False,False,False,True,True,True,True
603,False,False,False,False,False,False,True,True
604,True,False,True,True,False,False,True,True
605,False,False,False,False,False,False,False,False
606,False,False,False,False,False,False,True,True
607,True,False,True,True,True,True,False,False
608,False,False,False,False,False,False,True,False
609,False,True,False,False,False,True,True,True
610,True,False,True,True,False,False,False,True
611,True,False,False,False,False,True,False,True
612,False,True,True,False,False,False,False,False
613,False,False,False,False,False,False,True,True
614,False,False,False,False,False,False,False,True
615,False,False,False,False,False,False,True,False
616,False,True,True,False,False,False,False,True
617,True,True,True,False,False,True,True,True
618,True,True,True,False,False,False,True,True
619,False,False,False,False,False,False,False,True
620,False,False,False,False,False,True,False,True
621,False,False,False,False,False,False,False,False
622,True,False,True,False,False,False,False,False
623,False,False,False,False,True,False,False,True
624,False,False,True,False,False,False,False,True
625,False,True,False,False,False,False,False,False
626,True,False,False,True,False,False,False,True
627,False,False,False,False,False,True,False,True
628,False,False,True,False,False,False,False,False
629,True,False,True,True,False,False,False,True
630,False,True,False,False,False,True,False,True
631,True,False,True,True,False,False,False,False
632,False,False,False,False,False,True,False,True
633,False,False,False,False,False,False,False,False
634,False,False,False,False,False,False,True,False
635,True,True,False,True,False,False,True,True
636,True,True,True,True,False,False,False,False
637,False,True,False,False,True,True,False,True
638,False,False,False,True,False,True,False,True
639,True,False,True,False,False,False,True,False
640,True,False,True,False,False,True,False,False
641,False,True,False,True,False,False,True,True
642,False,False,False,False,False,False,False,False
643,False,False,False,False,False,False,False,False
644,True,False,True,True,False,False,True,True
645,True,False,False,False,False,False,False,False
646,False,False,False,False,False,False,False,False
647,True,False,False,False,False,False,True,True
648,False,True,False,True,False,False,False,False
649,False,False,False,False,True,False,False,False
650,False,False,False,False,False,False,False,False
651,False,False,False,False,False,False,False,True
652,True,False,False,False,False,False,True,True
653,False,False,False,False,False,False,True,True
654,False,False,False,False,True,False,False,False
655,False,False,False,False,True,True,False,True
656,True,False,True,False,False,False,True,True
657,True,False,True,True,False,False,True,False
658,True,False,False,True,False,False,False,True
659,False,False,False,False,False,False,True,False
660,True,True,True,False,False,False,False,True
661,False,False,False,False,False,False,False,False
662,False,False,False,False,False,False,False,True
663,False,False,False,False,False,True,False,True
664,False,True,False,False,False,True,False,False
665,True,True,True,False,False,False,False,False
666,False,True,True,False,False,False,False,True
667,True,False,True,False,False,False,False,False
668,False,False,True,False,False,True,True,True
669,True,False,True,False,False,False,False,False
670,False,False,True,False,False,False,True,False
671,False,False,False,False,False,False,False,True
672,False,False,False,False,True,False,False,True
673,False,False,False,False,False,False,True,True
674,False,True,False,False,False,False,False,False
675,True,False,True,True,True,True,False,False
676,True,True,False,False,False,True,False,False
677,True,False,True,True,False,False,False,True
678,True,False,True,False,False,True,True,False
679,False,True,False,False,True,False,True,True
680,True,False,True,False,False,False,False,True
681,True,False,True,True,False,False,False,True
682,False,True,False,True,False,False,False,True
683,True,False,False,False,True,False,True,True
684,False,False,False,False,False,False,False,True
685,True,False,False,False,False,False,False,True
686,False,False,False,False,False,False,False,True
687,False,True,True,False,False,False,True,True
688,False,True,True,False,False,False,False,False
689,True,False,False,True,False,False,True,True
690,True,False,True,False,False,False,False,False
691,False,False,False,False,False,False,False,False
692,False,True,False,False,False,False,True,True
693,True,False,False,False,False,False,False,True
694,False,False,True,False,False,False,True,True
695,False,False,False,False,False,False,False,False
696,True,False,True,False,False,False,False,False
697,False,True,False,False,False,False,True,True
698,False,False,False,False,False,False,True,True
699,False,False,False,False,False,False,False,True
700,False,True,True,False,True,False,True,True
701,True,False,True,False,False,False,True,True
702,False,False,False,False,False,False,True,True
703,False,False,False,False,True,False,True,True
704,True,False,False,False,False,False,True,True
705,False,True,False,False,False,False,True,True
706,False,False,False,False,False,False,True,True
707,False,False,False,False,False,False,False,True
708,False,False,False,False,False,False,True,False
709,True,True,False,False,False,False,True,True
710,True,False,False,True,True,True,False,True
711,False,False,False,False,False,True,False,False
712,True,True,True,True,False,False,False,True
713,False,True,False,False,False,False,True,False
714,False,True,True,False,False,False,True,True
715,False,True,False,False,False,True,False,True
716,False,False,False,False,False,False,False,True
717,False,True,True,True,False,False,True,True
718,False,False,False,False,False,False,False,False
719,False,False,False,False,False,False,True,False
720,True,True,False,True,False,True,False,True
721,False,False,False,False,True,True,False,True
722,False,True,True,False,False,False,False,False
723,False,False,False,False,False,False,False,True
724,False,False,False,False,False,False,False,True
725,True,False,False,True,False,False,False,True
726,True,True,False,True,False,False,False,False
727,False,False,False,False,False,False,True,False
728,False,False,False,False,False,False,True,False
729,True,True,False,False,False,True,True,True
730,False,True,True,False,False,True,True,False
731,False,False,False,False,False,False,False,True
732,False,True,True,True,True,False,True,True
733,True,False,False,False,False,False,False,False
734,False,False,False,False,False,False,False,True
735,True,False,True,False,False,True,True,False
736,False,False,False,False,False,False,False,True
737,False,False,False,False,False,False,True,True
738,False,False,False,False,False,False,True,True
739,False,False,False,False,False,False,False,False
740,False,False,True,False,False,False,False,True
741,False,False,True,True,False,True,False,True
742,False,False,False,False,True,True,False,True
743,True,True,True,False,False,False,False,True
744,False,False,False,False,False,False,False,True
745,False,False,False,False,True,True,False,True
746,False,False,False,False,False,False,True,False
747,False,False,True,False,False,False,False,True
748,False,False,False,False,False,False,True,True
749,True,False,False,True,False,False,False,False
750,False,False,True,False,True,True,True,True
751,False,False,False,False,False,True,True,False
752,False,True,False,False,False,False,False,True
753,False,False,False,False,False,False,False,True
754,False,True,False,False,False,False,True,True
755,False,False,False,False,False,False,True,True
756,True,True,True,False,False,False,True,True
757,False,False,False,False,True,False,True,True
758,True,False,True,True,False,False,True,False
759,False,True,True,False,False,False,False,False
760,False,False,False,False,False,False,False,True
761,True,False,True,False,False,False,True,True
762,False,False,False,False,False,False,True,True
763,False,False,False,False,False,False,True,False
764,False,False,False,False,False,False,True,True
765,True,False,True,False,False,False,False,False
766,True,False,True,False,True,False,False,False
767,False,False,False,False,False,False,False,True
768,False,True,True,False,False,True,False,True
769,False,False,False,False,False,True,False,True
770,False,True,True,False,False,True,True,True
771,False,True,False,False,False,True,True,True
772,False,False,False,False,False,False,True,True
773,True,False,True,False,False,False,False,True
774,False,False,False,False,False,False,False,True
775,False,True,False,False,False,False,True,True
776,False,False,False,False,False,False,False,True
777,False,True,False,False,True,False,True,False
778,False,False,False,False,False,False,True,True
779,False,False,False,True,False,True,False,False
780,True,True,True,True,False,False,True,True
781,True,False,True,False,False,False,False,True
782,False,False,False,False,False,True,False,True
783,True,False,True,False,False,False,False,False
784,False,False,False,False,False,False,False,True
785,True,False,False,False,False,False,True,True
786,True,False,False,True,False,False,False,True
787,True,False,True,False,False,True,False,True
788,False,False,True,False,False,True,False,True
789,True,False,True,False,False,True,False,True
790,True,False,True,False,True,False,True,False
791,False,True,False,False,True,True,False,True
792,True,False,True,True,False,False,False,True
793,False,True,False,False,False,False,False,False
794,False,False,False,False,False,False,False,False
795,True,False,True,True,False,False,True,True
796,False,True,True,False,False,False,True,True
797,True,False,True,True,False,False,True,True
798,False,False,False,False,True,False,True,True
799,False,False,False,False,False,False,False,False
800,True,False,True,False,False,False,False,True
801,True,True,True,False,True,True,False,False
802,True,False,False,True,False,False,False,False
803,True,False,True,False,True,False,False,False
804,True,False,False,False,False,False,False,False
805,False,False,True,False,False,False,False,True
806,False,False,True,False,True,True,False,True
807,False,False,False,False,True,True,False,True
808,True,False,True,False,True,False,False,False
809,False,False,False,False,False,False,False,True
810,True,False,True,True,False,False,False,True
811,True,False,True,True,True,True,False,True
812,True,False,False,True,False,False,False,False
813,False,True,False,False,False,False,False,True
814,False,False,False,False,False,False,True,True
815,True,False,True,False,False,False,False,False
816,False,False,False,False,False,False,True,True
817,False,False,False,False,False,True,False,True
818,False,True,False,False,True,True,False,True
819,False,False,False,False,False,True,False,False
820,False,False,False,False,True,False,False,False
821,False,True,False,False,True,False,True,False
822,True,False,False,True,False,False,False,True
823,True,True,True,False,False,False,False,False
824,False,False,False,False,True,True,True,False
825,False,True,False,False,False,False,False,True
826,False,False,False,False,False,False,False,True
827,True,False,True,True,False,False,False,True
828,False,False,False,False,False,False,True,True
829,False,False,False,False,False,False,False,True
830,False,False,False,False,False,True,False,True
831,False,True,True,False,False,False,False,True
832,True,True,True,False,False,False,True,True
833,True,False,False,True,False,True,True,True
834,False,True,True,False,False,False,True,True
835,False,False,True,False,False,False,False,True
836,False,True,False,False,False,False,True,True
837,False,False,False,False,False,False,False,False
838,False,False,False,False,True,False,False,False
839,False,False,False,False,True,False,False,True
840,False,False,True,True,False,True,False,True
841,False,False,False,False,False,False,False,False
842,True,False,False,False,False,False,False,True
843,False,False,True,False,False,False,False,True
844,False,False,False,False,False,False,False,True
845,True,False,True,False,False,False,False,True
846,False,False,False,False,False,False,False,True
847,False,False,False,False,False,False,True,True
848,True,True,True,True,False,False,False,False
849,False,False,False,False,False,False,True,False
850,True,True,True,False,False,False,True,False
851,False,False,False,False,False,False,True,False
852,False,False,False,False,False,False,True,False
853,True,True,True,False,False,False,False,False
854,False,False,False,False,False,False,True,False
855,True,False,True,False,False,True,False,True
856,True,False,True,True,False,False,False,False
857,True,False,True,True,False,False,False,True
858,True,False,True,True,False,False,True,True
859,True,False,True,False,False,False,False,True
860,False,False,False,False,False,False,True,True
861,True,True,True,True,False,False,False,True
862,True,False,True,False,False,False,False,True
863,False,False,False,False,False,False,False,True
864,False,False,False,False,False,True,True,False
865,False,False,False,False,False,False,True,True
866,True,False,True,False,False,True,False,True
867,True,True,False,True,True,True,False,False
868,False,False,False,False,False,False,False,True
869,True,False,True,False,False,True,False,True
870,True,False,False,True,False,False,False,False
871,False,True,False,False,False,False,True,False
872,True,False,True,False,False,False,False,True
873,False,False,False,False,False,False,False,False
874,False,False,False,False,False,True,False,True
875,False,False,False,False,False,False,False,True
876,True,False,True,True,False,False,False,True
877,True,False,True,False,False,False,False,True
878,False,False,False,True,False,False,True,True
879,True,False,False,True,False,False,False,True
880,True,False,True,False,False,False,True,False
881,False,False,True,False,False,False,True,False
882,True,False,True,True,False,True,False,False
883,False,True,False,False,False,False,False,True
884,True,False,True,True,False,False,False,True
885,False,True,False,False,False,True,True,True
886,False,True,False,True,False,False,False,True
887,False,True,False,False,False,False,False,False
888,False,True,False,False,False,False,False,True
889,False,False,False,False,False,True,True,False
890,True,False,False,False,True,False,True,True
891,True,True,True,True,False,False,True,True
892,False,True,False,False,False,False,True,True
893,False,False,False,False,False,True,False,True
894,False,True,True,False,False,False,False,True
895,True,False,False,True,True,False,True,False
896,True,False,True,False,False,False,False,False
897,False,True,True,False,True,True,False,False
898,False,True,False,False,False,True,False,True
899,False,True,False,False,False,False,False,True
900,True,False,True,False,True,False,False,True
901,False,False,False,False,True,True,False,True
902,True,False,True,False,False,False,True,False
903,True,True,True,False,False,False,False,False
904,True,False,True,False,False,False,False,False
905,False,False,False,False,True,True,True,True
906,True,False,False,True,True,True,False,True
907,False,False,False,True,False,False,False,True
908,True,False,True,False,True,True,False,False
909,True,False,True,False,False,False,False,False
910,True,False,False,False,False,False,False,True
911,True,False,True,False,False,False,False,True
912,True,True,True,False,False,False,False,True
913,True,False,True,False,False,False,False,False
914,False,False,False,False,False,True,True,True
915,True,True,True,True,False,True,False,False
916,False,False,False,False,False,False,False,True
917,False,False,False,False,False,False,False,False
918,False,False,False,False,False,False,True,True
919,False,False,False,False,False,False,False,False
920,False,False,False,False,False,True,True,False
921,False,False,True,False,False,False,False,True
922,False,False,False,False,False,True,True,False
923,False,False,False,False,False,False,False,True
924,True,False,True,True,False,False,False,False
925,False,False,False,False,False,False,False,True
926,False,False,True,False,False,False,True,False
927,True,True,True,True,False,True,False,True
928,False,False,False,False,False,False,False,True
929,False,False,False,False,True,True,False,False
930,True,False,True,False,False,False,False,False
931,False,False,False,False,False,False,False,True
932,False,False,False,False,True,False,True,True
933,False,False,False,False,False,False,False,False
934,False,False,False,False,False,False,True,True
935,True,False,True,False,False,False,True,True
936,False,False,False,False,False,False,False,True
937,False,False,False,False,False,False,True,True
938,False,False,True,False,True,False,False,False
939,False,False,False,False,True,True,True,False
940,False,False,False,False,False,True,False,True
941,False,False,False,False,False,False,False,False
942,False,False,False,False,False,False,False,False
943,False,False,False,False,False,False,False,False
944,False,True,True,False,False,False,False,False
945,True,False,False,False,False,True,False,False
946,True,False,False,False,False,False,True,False
947,False,False,False,False,True,False,False,True
948,False,False,True,False,False,False,True,True
949,False,False,False,False,False,False,False,True
950,False,False,False,False,False,False,True,True
951,False,True,False,False,False,True,True,False
952,False,False,False,False,False,False,True,False
953,False,False,True,False,False,True,False,True
954,False,False,True,False,False,True,True,False
955,True,True,True,False,False,False,True,False
956,False,True,False,False,False,False,False,False
957,True,False,False,False,False,True,False,True
958,False,False,False,False,False,False,True,False
959,True,True,True,True,True,True,False,True
960,True,False,True,True,False,False,False,True
961,False,False,False,False,False,True,False,False
962,True,True,True,False,False,False,True,True
963,True,True,True,True,False,False,False,True
964,False,False,False,False,False,False,False,True
965,True,False,True,True,False,False,False,True
966,True,False,False,True,True,True,False,True
967,True,False,False,False,False,False,True,True
968,False,False,False,False,False,False,False,True
969,False,True,False,False,False,True,False,True
970,False,True,True,False,False,False,True,True
971,False,False,False,False,True,True,False,False
972,False,False,False,False,False,True,False,True
973,False,True,True,False,True,False,True,False
974,False,False,False,False,False,False,False,True
975,False,True,True,False,False,False,False,True
976,False,True,False,False,False,False,True,True
977,False,False,False,False,False,False,False,True
978,False,False,False,False,True,False,True,True
979,True,False,True,True,False,False,False,True
980,True,True,True,False,True,True,False,False
981,False,False,True,False,False,False,False,True
982,False,True,False,False,False,False,False,True
983,True,False,False,True,False,False,False,True
984,False,False,True,False,False,True,False,True
985,False,True,False,False,False,False,False,True
986,False,False,False,False,True,False,True,True
987,False,False,False,False,False,False,True,False
988,True,True,True,True,False,True,False,False
989,False,False,False,False,False,False,False,False
990,False,False,False,False,False,False,False,True
991,False,False,False,False,False,False,False,False
992,False,False,False,False,False,True,False,False
993,False,False,False,False,False,False,True,True
994,False,True,False,False,False,False,False,False
995,False,False,False,False,False,True,False,True
996,False,False,False,False,False,True,False,False
997,True,False,False,True,False,True,False,False
998,False,False,False,False,False,False,False,False
999,False,False,False,False,False,False,False,True
1000,True,True,True,False,False,False,False,True
1001,False,False,False,False,False,False,False,True
1002,True,False,True,True,False,False,False,False
1003,False,False,False,False,True,False,False,True
1004,False,False,False,True,False,False,True,True
1005,True,False,True,False,True,False,False,False
1006,False,True,False,False,False,False,True,False
1007,True,False,True,True,True,True,False,True
1008,True,True,True,False,True,False,True,True
1009,False,False,False,False,False,True,True,True
1010,False,False,False,False,False,False,False,True
1011,False,False,False,False,False,False,False,False
1012,True,False,False,True,False,False,False,True
1013,False,False,False,False,False,False,False,True
1014,True,False,True,True,False,False,True,True
1015,False,True,True,False,False,False,False,True
1016,False,False,True,True,True,False,False,False
1017,True,False,True,True,False,False,False,True
1018,False,False,False,False,False,True,True,False
1019,True,False,True,True,False,True,False,True
1020,False,False,False,False,True,True,False,True
1021,False,True,False,False,True,False,False,True
1022,False,False,False,False,False,False,True,False
1023,True,True,True,False,False,False,False,True
1024,False,False,False,False,False,False,False,False
1025,False,False,False,False,False,True,True,True
1026,True,False,True,True,False,False,True,True
1027,False,False,False,False,False,True,True,True
1028,False,False,False,False,False,False,False,False
1029,False,False,False,False,False,False,False,True
1030,True,False,False,True,False,False,False,True
1031,False,False,True,False,False,True,False,True
1032,False,True,False,True,False,True,False,True
1033,True,False,True,True,True,False,False,True
1034,False,False,False,False,False,False,True,True
1035,False,False,False,False,False,False,False,False
1036,False,False,False,False,False,True,True,False
1037,False,False,False,False,False,False,False,True
1038,False,True,False,True,False,False,False,True
1039,False,False,False,False,False,False,False,True
1040,True,True,True,True,False,True,False,True
1041,False,False,False,False,False,True,False,False
1042,True,False,False,False,True,False,False,True
1043,False,False,True,False,False,False,False,True
1044,True,False,True,False,False,True,False,True
1045,False,False,False,False,False,False,True,False
1046,True,True,True,False,False,False,False,True
1047,False,True,False,False,False,False,True,False
1048,False,False,False,False,False,True,True,True
1049,True,False,True,True,True,True,False,True
1050,True,False,True,False,False,False,False,False
1051,True,False,True,True,False,False,False,True
1052,False,False,False,False,False,False,False,False
1053,False,False,False,False,False,False,False,False
1054,False,True,False,False,False,True,False,True
1055,True,False,True,True,False,False,False,True
1056,True,False,False,True,False,False,False,True
1057,False,False,False,True,False,True,False,True
1058,False,False,False,True,True,False,False,True
1059,False,False,False,False,False,False,True,False
1060,True,True,False,False,False,False,True,True
1061,True,False,False,False,False,False,False,False
1062,False,False,False,False,False,False,False,True
1063,True,False,True,True,True,False,True,True
1064,False,True,True,True,False,False,False,False
1065,True,False,False,False,False,True,True,True
1066,True,False,True,True,False,False,False,True
1067,False,False,False,False,False,False,False,False
1068,True,False,True,False,False,False,False,False
1069,True,True,True,False,False,False,False,True
1070,False,False,False,False,False,False,False,False
1071,False,True,True,False,False,True,False,False
1072,False,False,False,False,False,False,False,True
1073,True,False,False,True,False,False,True,True
1074,False,True,True,False,False,False,True,True
1075,True,False,False,True,False,True,False,True
1076,False,False,False,False,False,False,True,True
1077,False,True,False,False,False,False,False,False
1078,True,False,True,True,False,False,True,True
1079,False,False,False,False,False,True,True,True
1080,True,False,True,False,False,False,False,True
1081,False,False,False,False,False,False,False,False
1082,False,False,False,False,False,False,True,True
1083,True,False,False,True,False,False,False,True
1084,True,False,True,False,False,False,True,True
1085,True,False,True,False,False,False,False,True
1086,False,False,False,False,False,False,False,True
1087,False,False,False,False,False,False,False,True
1088,False,True,True,False,False,False,False,True
1089,False,False,False,False,False,True,False,True
1090,False,True,False,True,False,False,False,False
1091,True,True,True,False,False,True,False,True
1092,False,False,True,False,False,False,False,False
1093,True,False,True,True,False,False,False,False
1094,True,True,True,False,False,False,False,True
1095,True,False,True,False,False,False,False,True
1096,False,False,False,False,False,False,False,False
1097,False,False,False,False,False,False,False,True
1098,True,False,True,False,True,False,False,False
1099,False,False,False,False,False,False,False,True
1100,False,False,False,False,False,True,False,False
1101,True,False,True,True,False,True,False,True
1102,False,True,True,False,False,False,False,False
1103,False,False,False,False,False,True,False,True
1104,False,False,False,True,False,True,True,False
1105,False,False,False,False,False,False,False,False
1106,True,False,True,False,False,False,True,False
1107,False,False,True,False,False,False,True,True
1108,True,False,True,True,False,False,True,False
1109,False,False,True,False,False,False,False,True
1110,False,True,False,True,True,False,False,False
1111,False,True,True,False,True,False,True,False
1112,True,False,False,False,True,True,True,False
1113,True,False,False,True,False,False,False,False
1114,False,True,True,False,True,True,False,False
1115,False,True,False,False,False,True,False,False
1116,False,False,False,False,False,False,True,False
1117,False,False,False,False,False,True,False,False
1118,False,False,False,True,True,True,False,False
1119,True,False,True,True,False,False,False,True
1120,True,False,False,False,True,True,False,True
1121,True,True,True,False,False,False,True,True
1122,False,False,False,False,False,False,False,False
1123,False,True,True,False,False,True,False,False
1124,True,False,True,True,False,False,True,False
1125,True,False,True,False,False,False,False,True
1126,True,False,True,False,False,False,True,True
1127,False,True,False,False,False,False,False,True
1128,False,False,False,False,False,False,False,True
1129,True,False,True,False,False,False,True,True
1130,False,True,False,False,False,False,False,True
1131,False,True,False,False,True,False,False,True
1132,False,False,False,False,True,False,False,True
1133,False,False,False,False,False,False,False,False
1134,False,False,False,False,False,False,False,False
1135,True,True,True,True,False,False,False,True
1136,True,False,False,False,False,False,True,True
1137,False,True,False,False,False,True,False,True
1138,False,False,False,False,False,False,False,False
1139,False,False,True,False,False,False,True,False
1140,False,False,False,False,False,False,True,False
1141,True,False,True,True,False,False,False,True
1142,True,True,True,True,False,False,False,True
1143,True,False,True,True,False,False,True,False
1144,True,False,False,True,True,True,False,True
1145,False,False,False,False,False,False,False,True
1146,False,False,False,False,False,False,False,False
1147,True,False,False,False,False,False,False,True
1148,True,True,True,False,False,False,False,True
1149,False,False,True,False,False,False,False,True
1150,False,False,False,False,False,False,False,True
1151,True,False,False,False,False,False,False,False
1152,False,True,False,False,False,False,True,True
1153,False,False,False,False,False,False,False,True
1154,True,True,True,False,False,False,False,True
1155,True,True,True,False,False,False,False,False
1156,False,False,False,False,False,True,False,False
1157,False,True,True,True,False,True,False,False
1158,False,False,False,False,False,False,False,True
1159,False,False,False,False,False,False,False,True
1160,False,False,False,True,False,True,True,True
1161,False,False,True,False,False,True,False,True
1162,False,False,False,False,False,False,False,True
1163,True,False,False,False,False,False,False,False
1164,False,True,True,False,False,False,True,False
1165,True,False,True,False,False,False,False,False
1166,True,True,True,False,False,False,True,False
1167,True,False,True,True,False,False,True,True
1168,True,False,True,True,False,False,False,False
1169,True,False,True,False,False,False,True,True
1170,False,False,False,False,False,False,False,False
1171,False,False,False,False,False,False,False,True
1172,False,False,False,False,False,False,False,True
1173,True,False,True,False,False,True,True,True
1174,False,True,False,False,False,False,False,False
1175,True,True,True,False,True,False,False,True
1176,True,False,True,False,False,False,False,True
1177,True,False,True,False,False,False,False,True
1178,False,False,True,False,False,False,True,False
1179,True,False,True,False,False,False,False,False
1180,False,True,False,False,False,False,True,True
1181,True,True,True,True,True,False,True,False
1182,False,True,False,False,False,False,True,False
1183,True,False,False,False,False,False,True,False
1184,False,True,True,False,False,True,False,True
1185,False,False,False,False,False,False,True,True
1186,False,False,False,False,False,False,False,True
1187,False,True,False,False,False,False,True,True
1188,True,False,True,True,False,False,False,True
1189,False,False,False,False,False,False,True,True
1190,True,True,True,False,False,False,True,True
1191,False,False,False,False,False,False,True,True
1192,True,True,True,False,False,False,False,False
1193,True,False,True,False,False,False,False,False
1194,False,False,False,False,False,False,True,False
1195,False,False,False,False,False,False,False,False
1196,False,False,False,False,False,True,False,True
1197,False,True,False,False,False,False,False,False
1198,False,True,False,False,False,True,True,True
1199,False,False,False,False,False,True,False,True
1200,False,False,False,False,False,False,False,True
1201,True,True,True,True,False,False,False,True
1202,False,False,False,False,False,False,False,True
1203,True,False,True,False,False,False,True,False
1204,False,False,False,False,False,False,False,True
1205,False,False,False,False,False,False,True,True
1206,False,False,False,True,False,False,False,True
1207,True,False,True,True,False,True,False,True
1208,False,False,False,False,False,False,False,True
1209,True,False,True,False,False,False,False,True
1210,False,False,False,True,False,False,False,False
1211,False,False,False,False,False,False,False,False
1212,False,False,False,False,False,False,False,True
1213,True,True,True,False,False,False,False,True
1214,True,False,True,False,False,False,False,True
1215,False,False,False,False,True,False,True,True
1216,False,False,False,False,False,False,False,False
1217,True,False,True,False,False,False,False,True
1218,False,False,False,False,False,False,False,True
1219,False,False,False,False,True,True,False,True
1220,False,False,False,False,False,True,False,False
1221,True,False,True,True,False,False,False,True
1222,False,False,False,False,False,True,False,True
1223,False,False,False,True,False,False,False,True
1224,True,False,True,True,False,True,False,True
1225,False,True,True,False,True,True,False,True
1226,True,False,False,True,False,False,True,False
1227,False,True,False,False,True,True,False,True
1228,False,True,True,False,False,True,True,True
1229,False,False,False,False,False,True,False,True
1230,True,True,True,False,False,False,False,False
1231,False,False,False,False,False,True,False,False
1232,False,False,True,False,False,False,True,True
1233,False,False,True,False,False,False,False,False
1234,False,False,False,False,False,False,False,True
1235,False,False,True,False,False,False,True,True
1236,True,False,True,False,False,False,False,True
1237,False,False,False,False,False,False,False,True
1238,False,True,False,False,False,True,False,True
1239,False,True,False,False,False,False,True,False
1240,True,False,False,True,False,False,False,False
1241,False,False,False,False,False,False,False,True
1242,False,True,False,False,True,False,True,True
1243,True,False,True,False,False,False,True,True
1244,False,True,False,True,False,False,True,False
1245,True,False,True,False,False,False,False,True
1246,True,False,True,False,False,False,False,True
1247,False,False,True,False,False,False,False,False
1248,True,True,True,False,True,False,False,True
1249,True,False,True,False,False,False,True,False
1250,True,False,False,False,False,False,True,True
1251,True,False,False,True,False,False,False,True
1252,True,False,True,False,False,False,False,True
1253,False,False,False,False,False,False,False,False
1254,False,True,False,False,False,False,False,False
1255,False,True,True,False,False,True,True,True
1256,False,False,False,True,False,False,False,True
1257,True,False,False,True,False,False,False,True
1258,True,True,True,False,False,False,True,True
1259,False,False,False,False,False,False,False,True
1260,False,False,False,False,False,False,False,True
1261,True,True,True,False,False,False,True,False
1262,False,False,False,False,False,False,False,True
1263,False,False,False,False,False,False,True,True
1264,False,False,False,False,False,False,False,False
1265,False,False,False,False,False,True,False,True
1266,True,False,True,False,False,True,False,True
1267,False,False,True,False,False,False,False,True
1268,True,False,True,True,False,True,False,False
1269,False,False,False,False,True,True,True,True
1270,False,False,True,False,False,True,False,True
1271,False,False,False,False,False,False,False,False
1272,False,True,True,False,False,False,False,False
1273,True,False,True,True,False,False,False,True
1274,False,True,False,False,False,False,True,True
1275,True,False,False,True,False,True,True,True
1276,False,False,False,False,True,False,False,False
1277,True,False,True,True,False,False,False,True
1278,False,False,False,False,False,False,True,False
1279,True,False,True,False,False,False,False,False
1280,False,False,False,False,False,False,False,False
1281,True,False,True,True,False,False,False,False
1282,False,False,False,False,False,True,True,True
1283,False,True,True,False,False,True,False,False
1284,False,False,False,False,False,False,False,True
1285,False,False,False,False,False,True,True,True
1286,False,True,False,False,False,False,True,False
1287,False,False,False,False,False,False,False,False
1288,False,False,True,False,False,False,True,True
1289,True,False,True,False,False,False,True,True
1290,False,True,False,False,False,False,False,False
1291,False,False,True,False,False,False,False,True
1292,True,False,True,False,False,False,False,True
1293,False,False,False,False,False,False,False,True
1294,False,False,False,False,False,False,False,True
1295,False,False,False,False,False,False,False,True
1296,False,False,False,False,False,False,False,False
1297,True,True,True,False,False,False,False,True
1298,False,False,True,False,False,False,False,True
1299,True,False,True,False,False,False,False,True
1300,False,False,False,False,False,False,False,False
1301,False,False,False,False,False,True,False,True
1302,True,False,True,True,False,False,False,False
1303,False,False,False,True,False,False,False,True
1304,False,False,False,False,False,True,False,False
1305,False,False,False,True,False,False,True,True
1306,False,True,False,False,True,False,False,False
1307,False,False,True,False,True,True,True,False
1308,False,False,False,False,False,True,False,False
1309,False,False,True,False,False,False,False,True
1310,True,False,True,True,False,False,False,False
1311,False,True,True,False,False,False,True,True
1312,False,False,False,False,False,False,False,True
1313,True,False,False,True,False,True,False,False
1314,True,True,True,False,False,False,False,True
1315,False,True,False,False,True,True,False,True
1316,False,False,False,False,False,False,False,True
1317,False,False,False,True,False,False,False,True
1318,False,False,False,False,False,False,True,False
1319,True,False,False,False,False,False,False,True
1320,False,False,True,False,False,False,True,True
1321,False,False,False,False,False,False,True,True
1322,False,False,False,False,False,False,True,True
1323,False,True,False,False,False,False,False,True
1324,False,False,True,False,False,False,False,True
1325,False,True,True,True,False,False,False,False
1326,False,False,False,False,False,False,False,True
1327,False,False,False,False,False,False,True,True
1328,False,False,False,False,False,False,False,True
1329,False,False,False,False,False,False,False,False
1330,False,True,True,False,False,False,False,True
1331,False,True,False,False,False,False,False,True
1332,True,False,True,False,True,True,True,True
1333,False,True,False,False,False,True,False,True
1334,False,False,False,False,False,False,True,True
1335,False,False,False,True,False,False,False,True
1336,False,True,True,False,False,False,False,True
1337,True,False,False,True,False,True,True,True
1338,False,True,False,False,False,False,False,False
1339,False,True,False,False,False,True,False,True
1340,True,True,True,True,False,False,False,True
1341,True,True,True,False,False,False,True,True
1342,False,False,True,False,False,False,False,True
1343,False,False,False,False,False,False,True,True
1344,True,True,True,False,True,False,False,True
1345,True,True,False,False,False,False,False,False
1346,False,False,False,False,True,True,False,False
1347,False,False,False,False,False,False,False,False
1348,False,True,False,True,False,False,False,True
1349,True,False,True,False,False,False,True,True
1350,False,False,False,False,False,False,True,False
1351,True,True,True,False,False,False,True,True
1352,True,False,True,True,False,True,False,False
1353,True,False,True,True,False,False,False,True
1354,False,True,True,False,False,False,False,False
1355,False,False,True,False,False,False,False,True
1356,False,True,False,False,False,False,False,True
1357,False,True,False,False,False,False,True,True
1358,True,False,True,False,False,False,False,True
1359,True,False,True,True,False,False,False,True
1360,False,False,True,False,False,False,True,True
1361,True,True,True,True,False,False,False,False
1362,False,False,True,False,False,False,False,False
1363,False,False,True,False,False,False,False,False
1364,False,False,False,False,False,True,False,False
1365,True,False,True,True,False,False,True,True
1366,True,True,False,True,False,True,False,True
1367,False,False,False,False,False,False,False,False
1368,False,True,False,False,False,False,False,True
1369,False,True,True,False,True,True,False,False
1370,False,False,False,False,False,False,False,False
1371,False,False,False,False,True,False,False,True
1372,False,True,True,False,False,False,False,False
1373,False,True,False,False,False,False,False,True
1374,False,False,False,False,False,True,False,True
1375,False,False,False,False,False,False,False,True
1376,True,False,True,True,False,False,False,True
1377,False,True,True,False,False,False,True,True
1378,True,False,False,True,False,False,False,True
1379,False,False,False,False,False,False,False,True
1380,False,False,False,False,False,False,True,True
1381,False,False,False,False,False,False,False,True
1382,True,True,False,False,False,False,False,False
1383,False,False,False,False,False,False,False,True
1384,True,True,True,False,True,False,False,False
1385,False,False,False,False,False,True,False,True
1386,False,False,False,False,False,False,False,True
1387,True,True,True,False,False,False,False,False
1388,False,False,False,False,False,False,False,True
1389,True,False,True,True,True,True,True,True
1390,False,False,False,False,False,False,False,False
1391,False,True,False,False,False,True,False,False
1392,True,False,True,True,True,False,False,False
1393,False,True,False,False,False,False,False,False
1394,True,False,True,False,False,False,False,True
1395,False,False,True,False,False,False,True,True
1396,False,False,True,True,False,False,False,False
1397,False,True,False,True,False,False,False,True
1398,False,True,False,True,False,False,False,True
1399,True,True,True,False,True,False,False,True
1400,False,False,False,False,False,True,False,True
1401,True,True,True,True,False,True,True,False
1402,False,False,True,False,True,True,False,True
1403,True,True,True,False,False,False,False,True
1404,True,False,True,False,False,False,False,True
1405,False,False,False,True,False,False,False,True
1406,False,False,False,False,False,False,False,False
1407,True,False,True,False,False,False,False,True
1408,True,False,True,True,False,True,False,True
1409,False,False,False,False,False,False,False,False
1410,True,False,True,True,False,False,False,True
1411,True,False,False,False,False,False,False,False
1412,True,False,False,False,False,False,False,True
1413,False,False,False,False,False,False,False,False
1414,False,False,False,False,True,False,False,True
1415,False,False,False,False,False,False,False,True
1416,True,False,False,True,False,True,False,False
1417,False,False,False,False,False,False,True,True
1418,True,False,True,False,False,False,True,False
1419,False,True,True,False,False,True,False,True
1420,False,False,False,False,True,True,False,False
1421,False,False,True,False,False,False,False,False
1422,False,True,True,False,False,False,False,False
1423,True,False,True,False,False,False,False,True
1424,False,False,False,False,False,False,False,True
1425,False,True,False,False,False,False,False,True
1426,False,False,False,False,True,False,False,True
1427,True,False,True,True,False,False,False,False
1428,False,True,True,False,False,False,False,True
1429,True,True,True,False,False,False,True,False
1430,True,False,True,False,False,False,False,True
1431,True,False,True,False,False,False,True,False
1432,False,False,False,False,False,False,True,True
1433,True,False,False,True,False,False,False,True
1434,False,False,True,False,False,False,False,True
1435,True,False,True,False,False,True,False,False
1436,False,False,True,False,False,True,False,True
1437,False,False,False,False,False,True,True,True
1438,True,False,False,False,True,False,False,True
1439,False,False,False,False,False,False,True,True
1440,False,True,True,False,False,False,False,True
1441,False,False,False,False,False,True,False,True
1442,False,False,False,False,False,False,True,True
1443,False,False,False,False,False,False,False,True
1444,False,False,False,False,False,True,False,True
1445,True,False,True,True,False,False,True,False
1446,True,False,True,False,False,False,False,True
1447,False,True,False,False,False,True,False,True
1448,False,False,False,False,False,False,False,True
1449,False,False,False,True,False,False,False,True
1450,False,True,False,False,False,False,False,False
1451,False,True,True,False,True,True,False,True
1452,False,False,False,False,False,True,False,True
1453,True,False,True,False,False,False,False,False
1454,True,False,True,False,False,False,True,True
1455,False,False,False,False,False,True,False,False
1456,False,True,False,False,False,True,False,False
1457,False,True,False,False,False,False,False,False
1458,False,False,False,True,False,True,False,True
1459,False,True,False,False,False,False,False,False
1460,False,False,False,False,False,False,True,True
1461,False,True,True,False,False,False,False,True
1462,False,False,False,False,False,True,True,False
1463,False,False,False,False,False,False,True,True
1464,False,False,False,False,False,False,False,True
1465,False,False,False,False,False,False,False,True
1466,False,True,False,False,False,False,True,True
1467,False,False,False,False,False,False,False,False
1468,False,True,True,False,False,False,False,True
1469,False,False,False,False,False,False,False,True
1470,False,False,False,False,True,True,False,True
1471,False,True,False,False,False,False,False,False
1472,True,False,False,True,False,False,False,True
1473,False,False,False,False,False,False,False,True
1474,True,False,True,True,False,False,True,True
1475,False,False,False,False,False,False,False,True
1476,False,False,False,False,False,False,False,False
1477,False,True,True,False,False,False,False,True
1478,True,False,True,True,False,False,False,True
1479,False,False,False,False,False,False,False,True
1480,False,False,False,False,False,False,False,True
1481,False,False,False,False,False,True,True,False
1482,False,False,False,False,False,False,False,False
1483,True,False,False,False,False,False,False,True
1484,False,False,False,False,False,False,False,False
1485,True,False,True,True,False,False,True,True
1486,True,False,False,False,False,False,True,True
1487,True,False,False,False,True,False,False,False
1488,False,False,False,False,False,True,False,True
1489,False,False,False,False,False,False,False,True
1490,False,False,False,True,False,False,False,False
1491,False,False,False,False,False,False,False,False
1492,True,True,True,False,True,False,False,True
1493,False,True,False,False,False,False,True,True
1494,True,False,True,True,False,False,True,False
1495,True,False,False,False,False,False,False,False
1496,True,False,False,False,False,False,True,False
1497,False,False,False,False,False,False,True,True
1498,False,False,True,False,False,False,False,True
1499,False,True,True,False,False,False,False,True
1500,False,False,False,False,False,True,False,True
1501,False,False,False,False,False,False,False,True
1502,False,True,False,False,True,True,True,True
1503,False,True,False,True,False,False,False,True
1504,False,False,False,False,False,False,False,True
1505,False,True,True,False,False,False,True,False
1506,False,False,False,False,False,True,False,True
1507,True,False,False,True,True,False,False,False
1508,True,True,False,False,False,True,True,False
1509,True,True,True,True,False,False,False,True
1510,True,False,False,True,False,False,True,True
1511,False,False,False,False,False,False,True,True
1512,False,False,False,False,False,False,False,True
1513,True,False,False,False,False,False,False,True
1514,False,False,False,False,False,False,True,False
1515,False,True,False,False,False,False,False,True
1516,False,False,False,False,False,False,True,False
1517,False,False,False,False,False,False,False,False
1518,False,True,True,False,False,False,True,False
1519,False,False,False,False,False,False,True,False
1520,True,True,True,False,False,False,False,True
1521,True,False,True,False,False,False,True,True
1522,True,False,False,True,False,False,True,True
1523,False,False,False,False,False,False,True,True
1524,False,True,True,True,False,True,True,False
1525,False,False,False,False,False,False,False,True
1526,False,False,False,False,False,True,False,True
1527,False,False,False,False,False,False,True,True
1528,True,False,False,True,False,True,False,True
1529,False,False,True,False,False,False,False,True
1530,True,False,True,False,False,False,True,True
1531,False,False,False,False,False,False,False,True
1532,True,False,False,True,False,False,False,True
1533,True,False,False,False,False,False,False,True
1534,True,False,True,True,False,False,True,True
1535,True,True,True,False,False,False,False,True
1536,False,False,False,False,False,False,False,True
1537,False,True,False,False,False,False,False,False
1538,False,False,False,False,False,False,False,True
1539,True,False,True,False,False,False,True,False
1540,False,True,False,False,False,False,True,False
1541,True,True,True,False,False,False,True,False
1542,True,False,True,False,False,False,True,True
1543,True,False,False,True,True,True,False,True
1544,False,False,True,False,True,False,False,False
1545,False,True,True,False,False,False,False,False
1546,True,True,True,True,False,False,False,True
1547,False,False,False,True,False,False,False,True
1548,False,True,False,False,False,False,False,True
1549,True,False,True,False,False,True,False,True
1550,False,False,True,False,False,False,True,True
1551,False,False,False,False,False,False,False,True
1552,True,True,True,False,False,False,False,False
1553,False,False,False,False,False,False,False,True
1554,False,False,False,False,True,True,True,True
1555,False,False,False,False,False,False,False,True
1556,False,False,False,False,False,False,True,False
1557,False,False,False,False,False,False,False,True
1558,False,False,False,False,False,True,False,True
1559,False,False,True,False,False,True,True,False
1560,True,True,True,False,False,False,False,True
1561,True,False,False,True,False,False,True,False
1562,True,True,True,False,False,False,False,False
1563,False,False,True,False,False,False,False,True
1564,True,False,False,False,False,False,False,False
1565,True,False,True,True,False,False,True,True
1566,False,True,False,False,False,True,True,False
1567,False,True,True,True,True,True,False,True
1568,False,False,False,False,False,False,True,True
1569,True,True,True,False,False,True,True,True
1570,False,False,False,True,False,False,True,False
1571,True,True,True,True,False,False,False,True
1572,True,True,True,False,False,False,False,False
1573,True,False,True,False,False,True,False,True
1574,True,True,True,False,False,False,False,False
1575,False,True,False,False,False,False,True,True
1576,True,False,False,False,False,False,False,True
1577,True,True,True,False,False,False,False,True
1578,False,True,True,False,False,False,True,True
1579,False,True,False,False,False,False,True,True
1580,False,False,False,False,False,False,False,True
1581,False,True,False,False,False,False,True,True
1582,False,True,False,False,False,False,True,True
1583,False,True,False,False,True,True,False,True
1584,False,True,True,False,False,False,False,True
1585,False,True,False,False,False,False,False,True
1586,True,False,True,True,False,False,False,False
1587,True,False,True,False,True,True,True,True
1588,False,True,True,False,False,True,False,True
1589,False,True,True,True,True,False,False,True
1590,True,False,False,False,False,True,False,True
1591,False,False,False,False,False,False,True,True
1592,False,False,False,False,False,False,False,False
1593,False,False,False,False,False,False,True,False
1594,False,False,False,False,False,False,False,True
1595,True,False,True,False,True,False,False,True
1596,False,True,False,False,False,False,False,True
1597,True,False,True,False,False,False,False,True
1598,False,True,False,False,False,False,False,True
1599,True,True,True,True,False,False,True,True
1600,True,True,True,False,False,False,True,True
1601,False,False,False,False,False,True,False,False
1602,True,False,False,False,False,True,False,True
1603,False,True,True,False,False,True,False,False
1604,True,False,False,False,False,False,True,True
1605,False,False,False,False,True,False,False,False
1606,True,False,False,True,False,False,False,True
1607,False,True,True,False,False,True,True,True
1608,False,True,False,True,False,False,False,True
1609,False,False,False,False,False,False,False,False
1610,False,True,True,False,True,False,False,False
1611,False,True,False,False,False,False,True,True
1612,False,False,False,False,False,False,False,False
1613,False,True,False,False,False,True,False,True
1614,False,True,False,False,True,False,False,True
1615,False,False,True,False,False,False,False,True
1616,False,False,False,False,True,True,False,True
1617,False,False,True,True,False,False,False,True
1618,False,False,True,False,False,True,False,True
1619,True,False,True,False,False,False,False,False
1620,True,False,True,True,False,False,False,True
1621,False,False,True,False,False,False,True,False
1622,False,False,False,False,False,True,True,True
1623,False,False,False,True,False,False,False,False
1624,False,False,False,False,False,False,False,False
1625,False,False,False,False,True,True,False,False
1626,True,True,True,False,False,True,False,True
1627,False,False,False,False,False,False,False,True
1628,False,False,False,False,True,True,False,False
1629,False,False,True,False,True,True,False,False
1630,False,True,False,False,False,False,False,True
1631,False,True,False,False,False,False,False,True
1632,True,False,False,True,False,False,False,True
1633,False,False,False,False,False,False,True,True
1634,True,False,True,True,False,False,False,True
1635,True,False,False,True,False,False,False,False
1636,False,False,False,False,False,True,True,False
1637,False,False,False,False,True,True,True,False
1638,False,False,True,False,False,False,False,True
1639,True,False,True,False,True,False,False,False
1640,False,False,False,False,False,False,False,True
1641,False,False,False,False,False,False,True,True
1642,False,False,False,False,False,False,False,True
1643,False,False,False,False,False,False,False,True
1644,False,False,False,False,True,True,False,False
1645,True,True,True,False,False,True,False,False
1646,False,False,False,False,False,False,False,True
1647,True,True,True,True,True,True,False,True
1648,False,True,False,False,False,False,False,True
1649,False,False,True,False,False,False,False,True
1650,False,False,False,False,True,False,True,False
1651,False,False,True,False,False,False,False,True
1652,False,False,False,False,False,False,True,True
1653,True,False,True,True,True,True,False,False
1654,False,False,False,False,False,False,False,True
1655,False,True,False,False,True,False,True,False
1656,True,True,True,True,True,True,False,False
1657,False,False,True,False,False,False,True,True
1658,False,False,False,False,False,False,False,True
1659,True,False,False,True,False,False,True,True
1660,True,False,True,True,False,False,False,False
1661,False,True,False,False,False,False,True,True
1662,True,False,True,False,False,False,True,True
1663,False,False,False,False,False,True,True,True
1664,False,False,False,False,False,True,False,True
1665,True,False,True,True,False,True,True,False
1666,False,False,False,False,False,False,False,False
1667,False,True,True,False,False,False,False,True
1668,True,True,True,False,True,False,False,True
1669,False,False,False,False,True,False,False,True
1670,False,False,False,False,True,True,False,True
1671,False,False,False,False,True,False,False,True
1672,False,False,False,False,False,False,False,True
1673,True,False,True,False,False,False,False,False
1674,False,True,True,False,False,False,False,False
1675,False,False,False,False,False,False,False,True
1676,True,True,True,False,False,False,False,False
1677,True,False,True,True,False,False,False,False
1678,True,False,False,True,False,False,False,False
1679,False,True,True,False,False,False,False,True
1680,False,True,False,False,False,False,False,True
1681,False,False,False,False,False,False,False,True
1682,False,False,False,False,False,False,False,True
1683,False,False,False,False,False,False,False,True
1684,False,False,False,False,False,True,False,True
1685,False,True,True,False,False,False,False,True
1686,False,False,False,True,True,True,False,True
1687,True,False,False,False,False,False,False,True
1688,True,True,False,True,False,False,False,False
1689,True,False,True,True,True,False,False,False
1690,False,False,False,False,False,False,False,False
1691,False,True,False,False,False,False,False,True
1692,False,False,False,False,False,True,False,True
1693,False,True,True,False,False,False,False,True
1694,False,True,False,False,False,False,True,False
1695,False,True,False,False,False,False,False,True
1696,True,False,True,False,False,False,True,True
1697,True,False,True,False,True,False,False,True
1698,False,False,False,False,False,False,False,False
1699,False,False,False,False,False,False,True,True
1700,False,True,True,False,False,False,True,False
1701,False,False,False,False,False,True,True,False
1702,False,False,False,False,False,False,False,True
1703,False,False,False,False,True,True,False,True
1704,False,False,False,False,False,True,True,True
1705,True,False,False,True,False,False,False,True
1706,True,True,True,True,False,False,True,False
1707,False,False,False,False,False,False,False,False
1708,False,False,False,False,False,False,False,True
1709,False,False,True,False,True,True,True,True
1710,False,False,False,False,False,False,True,True
1711,True,False,True,False,False,False,False,True
1712,False,True,False,False,False,False,False,False
1713,True,True,False,False,False,False,True,True
1714,False,False,False,False,True,False,True,True
1715,False,False,False,False,False,False,False,True
1716,False,True,False,False,False,False,False,False
1717,False,True,False,False,False,False,False,True
1718,False,False,False,False,False,False,True,True
1719,True,False,True,True,False,False,False,True
1720,False,False,False,False,False,False,True,True
1721,False,False,False,False,False,False,True,True
1722,False,False,False,False,False,False,False,False
1723,True,False,False,False,False,False,True,True
1724,False,False,True,False,True,True,False,True
1725,False,True,False,False,False,False,False,False
1726,False,False,False,False,False,True,True,False
1727,False,False,False,False,False,False,True,True
1728,False,False,True,True,False,True,True,False
1729,False,True,False,False,False,False,False,True
1730,True,False,True,False,False,False,False,True
1731,True,False,True,False,False,False,True,True
1732,True,False,False,False,False,False,False,True
1733,False,False,False,False,False,True,False,True
1734,False,False,False,False,False,True,False,True
1735,False,False,True,False,False,False,False,False
1736,False,False,True,False,False,False,True,False
1737,True,False,False,True,False,False,False,True
1738,True,False,True,False,False,False,True,False
1739,False,False,False,False,False,False,False,True
1740,False,False,False,False,False,False,False,True
1741,False,False,False,False,False,False,False,True
1742,True,False,False,False,False,True,False,False
1743,False,True,False,False,True,False,True,True
1744,True,False,True,False,False,False,True,False
1745,False,False,False,False,True,False,True,True
1746,True,False,True,True,False,False,False,True
1747,False,False,False,False,False,False,False,False
1748,True,False,True,True,True,False,False,True
1749,False,False,False,False,False,True,True,True
1750,False,False,False,False,False,False,False,True
1751,False,False,False,False,False,False,False,True
1752,True,True,True,False,False,False,True,False
1753,False,True,False,False,False,False,True,True
1754,True,False,False,True,False,True,False,True
1755,True,False,True,False,False,True,True,True
1756,False,False,False,False,False,True,True,True
1757,False,False,True,False,False,False,True,True
1758,True,False,True,False,False,True,True,True
1759,False,False,False,False,False,False,False,True
1760,False,False,False,False,False,True,False,True
1761,True,True,True,False,False,False,False,True
1762,False,False,False,False,False,False,False,False
1763,False,False,False,False,False,True,False,False
1764,True,False,False,False,False,False,False,True
1765,False,False,False,False,False,False,True,True
1766,False,True,True,False,False,False,False,False
1767,False,False,True,False,False,True,False,True
1768,False,False,False,True,False,False,False,True
1769,False,False,False,False,False,False,False,False
1770,False,False,False,False,True,True,False,True
1771,False,False,False,False,False,False,False,True
1772,True,False,True,True,False,False,True,False
1773,False,True,True,False,False,False,True,False
1774,False,False,False,False,False,True,False,True
1775,True,False,False,False,False,False,False,True
1776,False,False,False,False,False,False,True,True
1777,False,True,False,True,False,False,True,False
1778,False,False,True,False,False,False,True,False
1779,False,True,False,False,False,True,False,True
1780,True,False,True,False,False,False,False,True
1781,False,False,False,False,False,True,False,True
1782,False,False,False,False,False,False,False,True
1783,True,False,True,False,False,False,True,True
1784,False,True,False,False,False,False,False,True
1785,False,False,True,False,False,False,False,True
1786,False,False,False,False,False,False,False,False
1787,True,False,True,True,False,False,True,True
1788,False,False,False,False,False,False,False,True
1789,False,False,False,False,False,False,False,False
1790,False,True,False,False,False,False,True,True
1791,True,True,True,True,False,True,False,False
1792,False,True,False,False,False,True,False,True
1793,False,False,False,False,True,True,False,False
1794,False,True,False,False,False,False,False,False
1795,True,False,False,False,False,False,False,False
1796,False,False,False,False,False,True,False,True
1797,False,False,False,False,False,False,False,False
1798,True,False,True,True,False,True,True,True
1799,True,False,False,False,False,False,True,True
1800,False,False,False,False,False,True,False,True
1801,False,False,False,False,False,False,False,False
1802,False,True,False,True,False,False,False,True
1803,True,False,False,True,False,True,False,True
1804,True,True,True,False,False,False,False,False
1805,False,True,False,False,False,False,True,True
1806,True,False,True,False,False,False,True,False
1807,False,False,False,False,False,False,False,True
1808,True,True,True,True,False,False,True,True
1809,False,False,False,False,False,False,False,True
1810,False,False,False,False,False,False,False,True
1811,False,False,False,False,True,False,False,True
1812,False,False,False,False,False,False,True,True
1813,False,False,False,False,False,False,False,False
1814,False,False,False,False,True,False,False,True
1815,False,False,False,False,False,True,False,False
1816,False,False,False,False,False,False,True,True
1817,True,False,False,False,False,False,True,False
1818,False,False,False,False,False,False,False,True
1819,True,False,True,False,False,True,False,False
1820,False,False,False,False,False,True,False,False
1821,False,False,True,False,False,False,False,True
1822,False,True,False,False,True,False,True,True
1823,True,False,True,False,True,False,False,False
1824,True,False,False,True,False,False,False,True
1825,True,False,False,True,False,False,True,True
1826,True,False,True,False,False,False,True,True
1827,False,False,False,False,False,False,False,False
1828,True,False,True,False,False,False,True,True
1829,False,False,False,False,False,True,True,False
1830,False,False,False,False,False,False,False,True
1831,False,False,False,False,False,False,True,True
1832,True,False,True,False,False,False,True,True
1833,False,False,False,False,False,True,False,True
1834,False,True,False,False,False,False,False,True
1835,True,True,True,True,False,False,False,False
1836,True,False,True,True,False,False,True,True
1837,True,True,True,True,False,False,True,True
1838,False,False,False,False,False,False,True,False
1839,False,True,False,False,True,False,False,True
1840,True,True,True,False,False,False,False,False
1841,False,False,False,False,False,False,True,True
1842,True,True,True,False,False,True,False,True
1843,False,False,False,False,False,True,False,False
1844,False,False,False,False,True,False,True,True
1845,False,False,True,True,False,False,False,False
1846,False,False,True,False,False,False,False,False
1847,False,False,False,False,False,True,True,True
1848,False,False,True,False,True,True,False,True
1849,True,False,True,True,False,True,False,True
1850,False,True,False,False,False,False,False,False
1851,False,True,False,False,False,True,False,True
1852,False,True,False,False,False,False,True,True
1853,False,False,False,False,False,True,True,True
1854,True,True,True,True,False,False,False,True
1855,False,False,False,False,False,False,False,False
1856,True,False,True,False,False,False,False,False
1857,False,False,False,False,False,False,False,True
1858,False,False,False,False,False,False,False,True
1859,False,False,False,False,True,False,True,True
1860,True,True,True,False,False,False,False,True
1861,False,False,True,False,False,False,False,True
1862,False,False,False,False,False,False,False,True
1863,True,False,False,True,False,False,False,False
1864,False,False,False,False,False,False,False,False
1865,False,False,False,False,False,False,False,True
1866,True,False,True,False,True,True,False,True
1867,True,False,True,True,False,True,True,True
1868,True,True,True,False,False,False,False,True
1869,True,False,True,False,False,False,True,True
1870,False,False,False,True,False,False,True,False
1871,True,True,True,False,False,False,False,True
1872,True,False,False,False,True,True,False,False
1873,False,False,True,False,False,False,True,False
1874,False,False,False,False,False,False,True,False
1875,True,True,True,True,False,False,False,True
1876,False,False,False,False,True,True,False,True
1877,True,False,False,True,False,False,True,True
1878,False,False,True,False,False,False,True,True
1879,False,False,False,False,False,False,False,True
1880,False,False,False,False,False,False,False,True
1881,False,False,True,False,False,False,True,True
1882,True,False,False,False,False,False,False,True
1883,True,False,False,True,False,False,False,False
1884,True,False,True,False,False,True,False,True
1885,False,False,False,False,False,False,False,True
1886,False,False,True,False,False,False,False,True
1887,False,False,False,False,False,False,True,False
1888,False,True,True,True,True,True,False,True
1889,False,False,False,False,False,False,False,False
1890,False,False,False,False,False,False,False,False
1891,True,True,True,False,True,False,False,True
1892,False,False,False,False,False,False,True,True
1893,True,False,True,False,False,False,False,True
1894,False,False,False,False,False,False,False,False
1895,True,False,True,True,False,False,True,False
1896,True,False,True,False,False,False,False,True
1897,False,False,False,False,False,False,False,True
1898,False,True,False,False,False,True,False,False
1899,False,False,False,False,False,False,True,True
1900,True,False,False,True,False,False,False,True
1901,True,False,False,False,False,True,False,False
1902,True,False,False,False,False,False,False,False
1903,False,False,False,False,False,True,False,True
1904,False,False,False,False,False,True,False,True
1905,False,True,False,False,False,False,False,True
1906,False,False,False,False,False,False,False,False
1907,True,False,True,False,True,True,False,True
1908,False,True,True,False,False,False,False,True
1909,False,False,False,False,False,True,False,False
1910,False,False,False,False,False,False,False,True
1911,True,False,False,False,False,False,False,True
1912,True,True,False,True,False,False,True,True
1913,False,False,True,False,False,False,False,False
1914,False,False,True,False,False,True,False,True
1915,True,False,True,False,False,False,False,True
1916,False,False,False,False,False,True,False,True
1917,True,False,True,True,False,False,False,False
1918,True,False,False,False,False,False,False,True
1919,False,False,False,True,False,False,False,True
1920,False,True,False,False,False,False,False,False
1921,True,False,True,True,False,False,False,False
1922,False,False,False,False,False,False,True,False
1923,False,False,False,False,False,True,False,True
1924,True,False,True,False,False,False,False,False
1925,True,True,True,True,True,False,False,False
1926,False,False,False,False,False,False,True,False
1927,False,False,False,False,False,False,False,True
1928,False,False,False,False,False,False,True,True
1929,False,False,False,False,False,False,False,False
1930,False,False,False,False,False,True,True,True
1931,False,True,False,False,True,True,False,False
1932,False,False,False,True,True,False,False,False
1933,True,True,True,False,False,False,False,True
1934,True,True,True,True,False,False,False,False
1935,False,False,False,False,False,False,True,False
1936,True,False,False,False,False,True,True,True
1937,False,True,True,False,True,False,False,True
1938,True,True,True,False,False,False,True,True
1939,True,False,True,True,True,False,True,True
1940,False,False,False,False,False,False,True,True
1941,False,False,False,False,True,True,False,False
1942,False,True,False,False,False,False,True,False
1943,False,False,False,False,False,False,False,False
1944,False,False,True,False,False,False,False,True
1945,False,False,False,False,False,True,False,True
1946,False,False,False,False,False,True,True,True
1947,True,True,False,False,False,True,True,True
1948,False,False,False,False,True,True,False,True
1949,True,False,True,False,False,False,False,False
1950,True,False,False,True,True,True,False,False
1951,False,False,False,False,False,False,False,True
1952,False,False,False,False,True,True,False,False
1953,False,False,True,False,True,False,True,True
1954,False,False,False,False,False,False,False,True
1955,False,True,True,False,False,False,False,True
1956,False,True,True,False,False,False,False,True
1957,True,False,False,True,False,False,True,False
1958,True,True,True,True,False,False,False,True
1959,True,False,False,False,False,False,True,True
1960,False,False,False,False,True,False,False,True
1961,False,False,False,False,False,False,False,True
1962,False,False,False,True,False,False,False,False
1963,False,False,False,False,False,True,False,True
1964,True,False,True,True,False,False,False,False
1965,False,True,False,False,False,True,False,True
1966,True,True,True,False,True,False,True,True
1967,True,False,True,False,False,False,False,True
1968,True,True,True,True,False,False,False,True
1969,False,False,False,False,True,False,False,True
1970,False,False,False,False,False,False,False,False
1971,False,True,True,False,False,True,False,False
1972,False,False,False,True,False,True,True,True
1973,True,False,True,False,False,False,True,True
1974,True,False,True,False,False,False,True,True
1975,False,False,False,False,False,False,False,True
1976,False,False,False,False,False,False,False,False
1977,False,False,False,False,False,False,False,False
1978,False,False,False,False,False,False,True,True
1979,True,False,False,True,True,False,False,False
1980,False,False,False,True,False,False,True,True
1981,False,False,True,False,False,True,False,True
1982,False,False,True,False,False,False,False,False
1983,False,False,False,False,False,False,False,False
1984,True,False,False,False,False,False,False,True
1985,False,False,True,False,False,False,False,True
1986,True,False,True,True,True,False,False,True
1987,False,True,True,False,False,False,True,True
1988,False,True,False,False,False,False,False,False
1989,True,False,False,True,True,False,True,False
1990,False,True,False,False,False,True,False,False
1991,True,True,True,False,False,False,True,False
1992,True,False,True,False,False,False,False,False
1993,False,True,False,False,False,False,True,True
1994,False,False,False,False,False,False,False,True
1995,True,False,True,True,False,False,False,True
1996,False,False,False,False,False,False,False,True
1997,True,True,True,True,False,True,True,True
1998,True,False,False,False,False,True,False,False
1999,True,False,False,True,False,False,False,True
2000,True,True,True,False,False,True,False,True
2001,False,True,False,False,False,False,False,True
2002,True,False,True,True,False,False,False,False
2003,True,True,True,False,True,True,False,True
2004,True,False,True,False,False,False,False,True
2005,False,False,False,False,True,False,False,True
2006,True,False,False,False,False,False,False,False
2007,False,False,False,False,True,True,False,True
2008,True,True,True,False,False,True,False,True
2009,True,False,True,False,False,False,False,False
2010,True,True,False,False,False,False,True,True
2011,False,False,False,False,False,False,True,False
2012,True,False,False,False,False,True,True,False
2013,True,False,True,True,False,False,False,True
2014,False,False,True,False,False,False,False,True
2015,True,False,True,False,False,True,True,True
2016,True,False,False,True,True,False,False,True
2017,False,False,False,False,False,False,True,True
2018,False,False,False,False,False,False,False,True
2019,False,False,False,False,False,False,True,False
2020,False,False,False,False,False,False,True,True
2021,False,False,False,False,False,True,False,False
2022,True,False,False,False,False,False,False,True
2023,False,True,False,False,False,False,True,False
2024,False,False,True,False,False,False,False,True
2025,False,False,False,False,False,False,False,False
2026,True,False,True,True,False,False,True,False
2027,False,False,False,False,False,False,False,True
2028,False,False,True,False,False,True,False,True
2029,False,False,False,False,False,False,True,True
2030,False,False,False,False,False,False,False,False
2031,False,False,False,False,False,False,False,False
2032,True,False,True,True,False,False,False,False
2033,True,True,True,False,True,False,False,True
2034,False,True,False,False,False,False,True,True
2035,True,False,True,True,False,False,True,False
2036,False,False,False,False,False,False,True,True
2037,False,False,False,False,False,False,False,True
2038,True,False,False,True,True,True,False,False
2039,False,True,False,False,False,False,False,False
2040,False,False,False,False,False,False,False,False
2041,False,True,False,False,False,False,True,False
2042,False,False,False,False,False,False,False,True
2043,False,False,False,False,False,False,False,True
2044,False,False,False,False,False,False,True,False
2045,False,True,True,False,False,False,False,False
2046,True,True,True,False,True,False,False,True
2047,False,False,True,False,False,False,True,True
2048,False,False,False,True,False,False,False,True
2049,True,False,False,False,False,False,False,True
2050,True,False,False,True,False,False,False,False
2051,False,True,False,False,True,True,True,True
2052,False,False,False,False,False,False,False,True
2053,False,False,False,False,True,False,False,False
2054,False,True,False,False,False,False,True,True
2055,False,False,False,False,True,True,False,True
2056,False,False,False,False,False,False,False,True
2057,True,False,True,False,False,True,False,True
2058,False,False,False,False,True,False,False,True
2059,False,True,False,False,False,False,False,True
2060,False,True,False,False,False,True,False,True
2061,True,False,False,False,False,True,False,True
2062,True,True,True,False,False,False,True,True
2063,False,True,False,False,True,True,True,True
2064,True,False,True,True,False,False,False,True
2065,False,True,True,False,False,False,False,True
2066,True,False,True,False,False,False,False,True
2067,True,False,True,False,False,False,False,True
2068,False,False,True,False,False,True,False,True
2069,True,False,False,True,False,False,False,True
2070,True,True,True,False,False,False,False,False
2071,False,False,False,False,False,True,True,False
2072,False,True,True,False,False,False,True,True
2073,True,True,True,True,False,False,True,True
2074,True,True,False,True,False,False,False,True
2075,False,False,False,False,False,False,True,True
2076,False,False,False,False,False,False,True,True
2077,True,True,True,False,False,False,False,False
2078,True,False,True,False,False,False,False,True
2079,True,False,True,True,False,False,True,True
2080,True,False,False,False,False,False,False,True
2081,False,False,False,False,False,False,False,True
2082,True,True,True,False,False,False,False,True
2083,True,False,True,False,False,False,True,True
2084,False,True,False,False,False,False,True,True
2085,True,False,False,True,False,False,False,False
2086,True,False,False,False,False,True,False,True
2087,True,False,True,True,False,False,False,True
2088,False,False,False,False,False,True,True,False
2089,True,False,False,False,True,True,False,True
2090,False,True,True,False,False,False,False,False
2091,True,True,True,True,False,False,False,True
2092,True,True,True,False,False,False,False,True
2093,False,True,False,False,False,False,False,False
2094,True,True,True,False,False,False,False,True
2095,True,False,True,True,False,False,False,False
2096,False,False,True,False,False,False,False,False
2097,True,False,True,False,False,False,False,False
2098,False,False,False,False,False,False,False,True
2099,False,False,False,False,False,False,False,False
2100,False,False,False,True,False,False,False,True
2101,False,False,False,False,False,False,False,False
2102,True,True,True,True,False,False,False,True
2103,False,False,False,False,False,False,True,False
2104,False,False,False,False,False,False,False,True
2105,True,False,True,False,True,False,False,False
2106,False,False,True,False,False,False,False,True
2107,False,False,False,False,False,True,False,False
2108,False,True,False,False,False,True,False,True
2109,False,False,False,False,False,False,True,False
2110,False,False,False,True,False,False,False,True
2111,False,False,False,False,False,False,True,True
2112,False,True,False,True,False,False,True,False
2113,False,False,False,False,True,True,False,True
2114,False,False,False,False,False,False,False,True
2115,True,True,False,False,False,False,False,True
2116,True,True,False,False,False,True,True,False
2117,False,False,False,False,False,False,False,True
2118,False,False,True,False,False,False,False,False
2119,True,False,True,False,True,False,False,False
2120,False,False,False,False,False,False,False,False
2121,True,True,True,True,True,False,False,True
2122,False,False,False,False,False,False,True,True
2123,False,False,False,True,False,False,True,False
2124,False,False,True,False,False,False,False,True
2125,True,False,True,False,True,True,False,True
2126,False,False,True,False,False,False,True,False
2127,False,False,False,False,False,False,True,False
2128,False,False,True,True,False,False,False,False
2129,True,False,False,True,False,False,False,False
2130,False,False,True,False,False,True,False,False
2131,False,False,True,False,False,False,False,True
2132,True,True,True,False,False,True,False,False
2133,True,False,False,False,True,False,False,True
2134,True,False,False,True,False,True,False,False
2135,False,False,True,False,True,False,False,True
2136,False,False,False,False,False,False,True,False
2137,False,False,False,False,False,False,False,True
2138,False,False,True,False,False,False,True,True
2139,False,False,False,False,False,False,True,True
2140,False,True,False,False,False,False,True,False
2141,False,False,False,False,False,False,True,True
2142,True,False,True,False,False,False,False,True
2143,False,False,False,False,False,False,False,False
2144,True,False,True,False,False,False,False,True
2145,True,False,True,False,False,False,False,True
2146,True,True,False,True,False,False,False,False
2147,False,False,False,False,False,False,True,True
2148,False,False,False,False,False,True,False,True
2149,True,True,True,True,False,False,False,True
2150,False,False,False,False,True,True,False,False
2151,False,False,False,False,False,False,True,False
2152,False,False,False,False,False,False,False,True
2153,False,False,False,False,False,False,False,False
2154,False,False,False,False,True,True,False,True
2155,False,True,True,False,False,False,False,True
2156,False,False,True,True,False,False,True,True
2157,False,True,False,False,False,False,False,False
2158,False,False,False,True,False,False,False,True
2159,False,False,False,False,False,False,False,False
2160,False,False,False,False,False,True,False,True
2161,True,False,True,True,False,True,True,True
2162,False,False,False,False,False,False,False,False
2163,True,False,True,False,True,True,False,True
2164,True,True,True,False,False,False,False,True
2165,False,False,True,False,False,False,False,True
2166,True,False,True,False,False,False,True,False
2167,False,False,True,False,False,False,False,True
2168,False,False,False,False,True,False,True,True
2169,True,True,True,False,False,False,False,False
2170,False,False,False,False,False,False,True,True
2171,False,False,False,False,False,True,True,True
2172,False,False,False,False,False,False,True,False
2173,False,False,True,False,False,False,False,True
2174,False,False,False,False,False,True,True,False
2175,True,False,True,True,False,False,False,True
2176,True,False,True,True,False,True,False,False
2177,False,False,False,False,False,False,False,True
2178,True,False,False,True,False,False,False,True
2179,True,False,False,True,False,False,False,True
2180,True,False,True,False,False,False,False,True
2181,False,False,False,False,False,True,False,True
2182,False,False,False,False,False,False,False,False
2183,False,True,False,False,False,False,True,True
2184,False,False,True,False,False,False,False,False
2185,False,False,False,False,False,True,True,False
2186,False,True,True,False,False,True,False,True
2187,False,False,False,False,False,False,False,False
2188,False,True,True,False,False,False,False,True
2189,True,False,False,False,False,False,True,True
2190,True,False,False,False,False,True,False,True
2191,False,False,False,False,False,False,False,True
2192,False,False,False,False,False,False,True,True
2193,False,False,True,False,True,True,True,True
2194,False,False,False,False,False,False,True,False
2195,False,True,True,False,False,False,False,False
2196,True,False,True,False,False,True,False,True
2197,False,False,False,False,False,False,False,False
2198,False,False,False,False,False,False,True,False
2199,False,False,False,False,False,False,False,False
2200,True,True,True,False,False,False,True,True
2201,True,False,False,False,False,False,True,True
2202,False,False,False,False,False,False,False,False
2203,False,False,False,False,False,True,False,False
2204,False,False,False,False,False,False,True,False
2205,False,True,False,False,False,True,False,True
2206,True,True,False,False,False,False,False,True
2207,True,False,False,False,False,False,True,False
2208,False,False,True,False,False,False,False,True
2209,False,False,False,False,True,True,True,True
2210,True,True,True,True,False,False,False,True
2211,False,False,False,False,False,False,False,True
2212,True,False,True,False,False,False,True,True
2213,True,False,True,True,True,True,False,False
2214,False,True,True,False,False,False,True,True
2215,True,False,True,False,False,False,False,True
2216,True,False,False,False,False,False,False,False
2217,False,False,False,False,False,False,False,False
2218,True,False,False,False,False,False,False,True
2219,False,False,False,False,False,False,True,True
2220,True,False,True,False,True,True,False,True
2221,True,False,True,False,False,True,False,True
2222,False,False,False,False,False,False,True,False
2223,True,True,True,False,True,True,True,False
2224,False,True,True,False,False,False,True,True
2225,False,True,True,False,False,False,False,False
2226,False,False,True,False,False,True,False,True
2227,False,True,False,False,False,False,True,True
2228,True,False,True,False,False,False,True,False
2229,False,False,False,False,False,False,False,True
2230,True,False,True,False,False,False,False,True
2231,False,False,True,False,False,True,True,True
2232,False,False,False,False,False,False,False,True
2233,True,False,False,True,False,True,False,True
2234,False,True,False,False,False,False,False,False
2235,False,False,False,False,False,False,False,False
2236,False,False,False,False,True,True,True,False
2237,True,False,True,False,False,False,True,True
2238,False,False,False,False,False,False,True,False
2239,False,False,False,True,True,True,False,True
2240,True,False,True,False,False,False,False,True
2241,True,False,False,False,False,False,True,False
2242,True,False,False,True,False,False,True,False
2243,False,False,False,False,False,True,False,True
2244,False,False,False,False,False,True,True,True
2245,True,True,True,True,False,False,False,True
2246,True,False,True,False,True,False,False,False
2247,False,False,False,False,False,False,False,True
2248,False,False,False,False,False,False,False,False
2249,False,False,False,False,False,False,False,True
2250,True,True,True,False,False,False,False,True
2251,False,False,True,False,False,True,True,False
2252,False,False,True,False,False,True,False,True
2253,False,True,False,False,True,False,False,True
2254,True,False,False,False,False,False,True,False
2255,False,False,False,False,False,True,True,True
2256,False,False,False,False,True,False,False,True
2257,False,False,False,False,False,False,False,True
2258,False,False,False,False,False,False,False,False
2259,True,False,False,False,False,False,False,True
2260,False,True,False,False,False,False,False,False
2261,True,False,True,False,False,False,False,True
2262,True,False,True,False,False,False,True,True
2263,False,False,False,False,False,False,False,True
2264,False,False,False,True,False,False,True,False
2265,False,False,False,False,True,False,False,False
2266,True,False,False,True,False,False,True,True
2267,False,False,False,False,False,True,False,False
2268,True,False,False,False,False,False,False,True
2269,False,False,False,False,False,False,False,False
2270,False,False,False,False,False,False,False,True
2271,False,True,True,False,False,False,False,True
2272,False,False,False,False,True,True,False,True
2273,False,False,False,False,True,False,False,True
2274,False,False,False,False,True,False,True,False
2275,True,False,True,True,False,True,False,True
2276,True,False,True,True,False,False,False,False
2277,False,True,False,False,False,False,True,False
2278,False,False,False,False,False,False,False,True
2279,True,False,False,True,False,False,True,True
2280,False,False,False,False,False,False,True,True
2281,True,False,True,False,False,False,False,False
2282,False,False,False,False,False,False,False,False
2283,True,True,True,True,False,True,False,False
2284,False,False,False,False,False,False,False,True
2285,False,False,False,False,False,False,False,True
2286,True,False,True,True,True,True,False,True
2287,False,True,True,False,False,False,False,False
2288,False,True,False,False,False,True,True,False
2289,True,False,True,True,False,False,False,True
2290,False,False,True,False,False,False,False,False
2291,False,False,False,False,False,False,True,True
2292,False,True,False,False,True,False,False,True
2293,False,True,False,False,False,False,False,False
2294,False,False,False,False,False,True,False,False
2295,False,False,False,False,False,False,True,True
2296,False,False,False,False,False,False,True,True
2297,True,False,True,False,False,False,False,True
2298,True,False,False,False,False,False,False,True
2299,False,True,False,False,False,False,True,True
2300,False,False,False,False,False,False,True,False
2301,True,True,False,False,False,False,False,True
2302,False,False,False,False,False,False,True,True
2303,False,False,False,False,False,False,True,False
2304,False,False,False,False,False,False,False,False
2305,False,False,False,False,False,False,True,False
2306,False,True,False,False,False,False,False,True
2307,True,False,False,True,False,False,False,False
2308,True,False,True,False,False,False,False,True
2309,False,False,False,False,False,False,False,True
2310,True,False,True,True,False,False,False,True
2311,True,False,True,False,False,True,True,True
2312,False,True,True,False,False,False,True,True
2313,True,False,True,False,False,False,False,True
2314,False,False,False,False,False,True,False,False
2315,False,False,False,False,True,True,False,True
2316,False,False,False,False,False,True,False,True
2317,False,False,False,False,True,False,False,False
2318,False,False,True,False,False,True,False,True
2319,False,False,False,False,False,False,False,True
2320,False,False,False,False,False,True,False,False
2321,False,False,False,False,True,False,False,False
2322,False,False,False,False,False,True,True,True
2323,True,True,True,True,False,True,False,False
2324,True,True,True,True,False,True,False,True
2325,False,False,False,False,False,False,False,False
2326,True,True,False,True,False,False,False,True
2327,False,True,True,False,False,False,False,True
2328,False,False,False,False,False,False,True,True
2329,False,False,True,False,False,False,True,True
2330,False,False,False,False,False,False,False,True
2331,True,False,False,False,False,False,True,True
2332,True,False,True,False,False,False,False,False
2333,False,False,False,False,False,False,True,True
2334,True,True,True,True,False,False,False,False
2335,False,False,False,False,False,False,False,True
2336,True,False,True,False,False,True,False,True
2337,False,False,True,False,False,False,False,True
2338,False,True,True,False,False,False,False,True
2339,True,False,False,True,False,False,False,True
2340,False,False,False,False,False,False,False,False
2341,False,True,False,False,False,False,True,True
2342,True,False,True,False,False,False,True,True
2343,False,False,True,False,False,False,False,True
2344,False,False,True,False,False,False,True,False
2345,False,False,False,False,False,True,False,False
2346,True,False,True,True,True,True,False,True
2347,False,False,True,False,False,False,False,True
2348,True,False,False,False,True,True,True,False
2349,False,True,True,False,True,False,False,False
2350,False,True,True,False,False,True,False,True
2351,False,False,False,False,False,False,False,True
2352,False,False,False,False,True,True,False,False
2353,True,True,True,True,False,False,False,True
2354,False,False,False,False,True,True,True,False
2355,False,True,True,False,False,False,False,True
2356,False,False,False,False,False,False,False,True
2357,False,False,True,False,False,False,False,True
2358,False,False,False,False,False,True,True,False
2359,False,False,False,False,False,False,False,True
2360,False,True,False,False,False,True,False,True
2361,False,False,False,False,True,True,True,True
2362,False,True,False,False,True,True,False,False
2363,True,False,False,False,False,True,False,True
2364,False,False,False,False,True,False,True,False
2365,True,False,True,False,False,False,False,True
2366,True,False,False,True,False,False,False,False
2367,False,False,False,False,False,False,False,True
2368,False,False,False,False,False,False,True,False
2369,True,False,True,True,False,False,False,True
2370,False,False,False,False,False,False,False,False
2371,False,False,True,False,False,False,True,True
2372,False,True,False,False,False,False,False,True
2373,True,False,True,True,False,False,False,True
2374,False,False,False,False,False,True,False,True
2375,False,False,False,False,False,True,False,True
2376,True,True,True,True,False,True,False,True
2377,True,False,False,False,False,False,False,False
2378,False,False,False,False,False,False,True,True
2379,False,False,False,False,False,True,False,True
2380,False,False,False,False,False,False,False,False
2381,False,False,True,False,False,True,True,False
2382,False,False,False,False,False,False,False,False
2383,True,False,False,False,False,False,False,False
2384,False,False,True,False,False,False,False,True
2385,False,True,True,False,False,False,False,False
2386,True,True,False,True,True,False,False,True
2387,True,True,False,False,False,False,True,False
2388,False,True,False,False,False,False,False,True
2389,False,False,False,False,False,False,True,True
2390,False,True,True,False,False,False,False,True
2391,False,False,False,False,True,True,False,True
2392,True,False,True,False,False,False,False,False
2393,False,True,True,False,True,True,False,True
2394,False,False,False,False,False,False,True,True
2395,True,False,True,False,False,False,False,True
2396,False,False,False,False,False,False,True,True
2397,False,False,False,False,False,False,False,True
2398,False,False,False,False,False,False,True,True
2399,False,False,False,False,False,False,True,True
