SECURITY_CODE,SECURITY_NAME_ABBR,CLOSE_PRICE,CHANGE_RATE,TURNOVERRATE,SUPERDEAL_INFLOW,SUPERDEAL_OUTFLOW,BIGDEAL_INFLOW,BIGDEAL_OUTFLOW,PRIME_INFLOW,TRADE_DATE
000001,平安银行,11.73,0.2564,0.4213,153564575,60043123,286981216,204163625,176339043,2026-09-21 00:00:00
000002,万  科Ａ,3.65,9.9398,8.589,1126876448,682352688,640901504,599038304,486386960,2026-09-21 00:00:00
000006,深振业Ａ,7.19,1.8414,1.6952,1679915,23495614,39677501,38783215,-20921413,2026-09-21 00:00:00
000007,全新好,11.63,2.6478,1.602,2873815,4195649,17174851,13507179,2345838,2026-09-21 00:00:00
000008,神州高铁,2.44,1.6667,1.0968,2813560,7268200,27514416,14877073,8182703,2026-09-21 00:00:00
000009,中国宝安,7.03,0.4286,0.4898,5332480,0,15253104,13686603,6898981,2026-09-21 00:00:00
000010,*ST美丽,1.6,1.2658,1.2061,1265942,1200960,4547049,5486020,-873989,2026-09-21 00:00:00
000011,深物业A,9.66,5.6893,4.1965,5795838,1208070,34329513,40807774,-1890493,2026-09-21 00:00:00
000012,南  玻Ａ,3.78,1.6129,1.213,5592744,3735674,14878222,17034166,-298874,2026-09-21 00:00:00
000014,沙河股份,10.97,4.9761,4.0267,8694944,2807093,13705465,17241085,2352231,2026-09-21 00:00:00
000016,*ST康佳A,2.46,,,0,0,0,0,0,2026-09-21 00:00:00
000017,深中华A,7.87,4.7936,16.3898,48471313,34829403,117148057,134773055,-3983088,2026-09-21 00:00:00
000019,深粮控股,7.2,0.6993,5.9689,4078404,3802838,18719560,32870346,-13875220,2026-09-21 00:00:00
000020,深华发Ａ,14.26,10.0309,7.4139,26242151,0,37156228,30421690,32976689,2026-09-21 00:00:00
000021,深科技,37.22,0.7307,5.201,294375440,316691104,670456416,748374256,-100233504,2026-09-21 00:00:00
000025,特  力Ａ,15.28,3.7339,1.7681,3498736,1072988,23739996,19646069,6519675,2026-09-21 00:00:00
000026,飞亚达,19.65,-0.7074,2.0419,8312182,11844065,30896702,36239520,-8874701,2026-09-21 00:00:00
000027,深圳能源,6.28,-0.159,0.3634,8910079,13842478,27511509,17944071,4635039,2026-09-21 00:00:00
000028,国药一致,20.03,1.0595,0.4187,488387,0,4680238,7815155,-2646530,2026-09-21 00:00:00
000029,深深房Ａ,21.15,-5.0292,1.2928,9866222,25052389,64454108,68462873,-19194932,2026-09-21 00:00:00
000030,富奥股份,3.96,0.2532,0.5857,4791682,10428495,6488088,6955438,-6104163,2026-09-21 00:00:00
000031,大悦城,2.37,6.278,2.3102,29850664,14288464,53164795,58655035,10071960,2026-09-21 00:00:00
000032,深桑达Ａ,14.49,-0.9569,2.1551,6277284,52383223,75989162,94182177,-64298954,2026-09-21 00:00:00
000034,神州数码,23.44,-0.1704,1.6326,31760499,42591555,71632489,91337250,-30535817,2026-09-21 00:00:00
000035,中国天楹,5.05,5.87,2.0523,27968607,16734727,69228963,40967105,39495738,2026-09-21 00:00:00
000036,华联控股,4.08,4.6154,3.5632,26210402,7708925,47606456,50955975,15151958,2026-09-21 00:00:00
000037,深南电A,9.49,0.9574,3.6175,2758037,1598352,19931910,17454102,3637493,2026-09-21 00:00:00
000039,中集集团,9.32,1.8579,0.896,22436396,11365362,35947877,41253743,5765168,2026-09-21 00:00:00
000042,中洲控股,8.53,3.3939,0.9086,1878240,0,10927970,7219747,5586463,2026-09-21 00:00:00
000045,深纺织Ａ,11.33,2.2563,1.1776,0,0,10739882,8137236,2602646,2026-09-21 00:00:00
000048,京基智农,18.17,-1.6243,4.0269,7178782,23068488,71885460,101975968,-45980214,2026-09-21 00:00:00
000049,德赛电池,22.43,0.6281,1.1171,419750,13638879,24053617,20840802,-10006314,2026-09-21 00:00:00
000050,深天马Ａ,6.72,1.6641,1.2051,25405982,34774323,30262278,31872355,-10978418,2026-09-21 00:00:00
000055,方大集团,3.78,0.8,3.7218,3521423,0,18839188,16815205,5545406,2026-09-21 00:00:00
000056,*ST皇庭,2.57,2.8,4.0448,6897560,18365866,30811687,32920445,-13577064,2026-09-21 00:00:00
000058,深 赛 格,7.3,3.8407,1.076,4578291,4999841,20521553,12390909,7709094,2026-09-21 00:00:00
000059,华锦股份,5.75,6.4815,3.8577,20042720,45784419,69226208,61714331,-18229822,2026-09-21 00:00:00
000060,中金岭南,6.19,0,1.5109,41224520,104305787,106692775,94408083,-50796575,2026-09-21 00:00:00
000061,农 产 品,6.11,1.495,0.8967,2436000,1252794,13626331,18961531,-4151994,2026-09-21 00:00:00
000062,深圳华强,23.76,2.9017,3.1122,47469898,73496157,183094986,151782957,5285770,2026-09-21 00:00:00
000063,中兴通讯,33.15,2.1887,2.3452,952003792,594337440,773702112,727816416,403552048,2026-09-21 00:00:00
000065,北方国际,10.17,3.9877,2.4101,45924242,24880648,61785013,52052074,30776533,2026-09-21 00:00:00
000066,中国长城,14.84,5.0992,4.4542,563875120,176160909,485411664,434261680,438864195,2026-09-21 00:00:00
000068,华控赛格,3.33,3.096,1.424,0,1328000,8970744,6616025,1026719,2026-09-21 00:00:00
000069,华侨城Ａ,1.92,4.918,2.4008,40784230,57707120,87463049,79201115,-8660956,2026-09-21 00:00:00
000070,特发信息,18.98,7.2316,19.4537,889041552,282209616,605961968,621490016,591303888,2026-09-21 00:00:00
000078,ST海王,1.57,3.2895,2.3128,3296296,0,35705869,33953355,5048810,2026-09-21 00:00:00
000088,盐 田 港,4.56,1.7857,0.7822,5298026,9075716,16438364,22554927,-9894253,2026-09-21 00:00:00
000089,深圳机场,6.65,2.9412,1.1132,33691157,22500504,27119744,24474132,13836265,2026-09-21 00:00:00
000090,天健集团,3.65,3.1073,2.162,17510599,6342515,32663319,29902584,13928819,2026-09-21 00:00:00
000096,广聚能源,8.07,1.2547,0.7132,334851,0,4110822,3214658,1231015,2026-09-21 00:00:00
000099,中信海直,13.05,0.7722,0.6312,709045,2693373,11455606,11742826,-2271548,2026-09-21 00:00:00
000100,TCL科技,5.08,1.8036,2.8647,676693056,797596592,562717312,649457056,-207643280,2026-09-21 00:00:00
000151,中成股份,10.15,0.0986,2.1812,0,2113277,12038179,15292693,-5367791,2026-09-21 00:00:00
000153,丰原药业,6.3,5.1753,3.308,1249844,0,21835250,16339298,6745796,2026-09-21 00:00:00
000155,川能动力,11.91,0.9322,0.879,13676982,7302785,46093354,57581902,-5114351,2026-09-21 00:00:00
000156,华数传媒,7.17,1.9915,1.1796,14659428,7666070,33359022,29782692,10569688,2026-09-21 00:00:00
000157,中联重科,6.2,0,0.4314,19845556,19323450,29265176,36083848,-6296566,2026-09-21 00:00:00
000158,常山北明,13.15,2.7344,2.6403,37620415,27972046,113045203,114859791,7833781,2026-09-21 00:00:00
000159,国际实业,5.52,1.6575,1.6812,181279,1052664,11885000,11678464,-664849,2026-09-21 00:00:00
000166,申万宏源,4.47,1.5909,0.275,35130165,29392096,95563624,75470295,25831398,2026-09-21 00:00:00
000301,东方盛虹,13.9,1.6082,0.3046,12459999,12143249,61101813,38238455,23180108,2026-09-21 00:00:00
000333,美的集团,80.9,-4.1469,0.896,735265936,784905072,1446185008,1879491088,-482945216,2026-09-21 00:00:00
000338,潍柴动力,27.08,-0.5509,1.2628,176711466,133273805,425809968,544160176,-74912547,2026-09-21 00:00:00
000400,许继电气,20.38,0.0491,1.0543,7870215,18962106,57041480,48660306,-2710717,2026-09-21 00:00:00
000401,金隅冀东,3.59,2.2792,0.3878,746430,1381432,7352360,4260897,2456461,2026-09-21 00:00:00
000402,金 融 街,2.77,9.9206,5.5649,159550586,76574269,102856827,118728472,67104672,2026-09-21 00:00:00
000403,派林生物,9.95,0.7085,0.7689,1003767,0,5385552,9090492,-2701173,2026-09-21 00:00:00
000404,长虹华意,6.92,0.5814,0.7978,2073351,4291442,7769046,9406153,-3855198,2026-09-21 00:00:00
000407,胜利股份,4.22,0.2375,1.5665,900548,11720057,9580452,13319942,-14558999,2026-09-21 00:00:00
000408,藏格矿业,72.31,0.2079,0.4431,44718664,51597727,116873638,110064415,-69840,2026-09-21 00:00:00
000409,云鼎科技,9.03,1.5748,0.8755,0,223122,7779393,6531910,1024361,2026-09-21 00:00:00
000410,沈阳机床,5.44,-2.3339,4.2881,25519680,60373472,97025682,109885774,-47713884,2026-09-21 00:00:00
000411,英特集团,10.07,1.7172,0.6465,2440555,1013396,5900060,7487890,-160671,2026-09-21 00:00:00
000415,渤海租赁,4.31,-2.4887,1.6147,57228231,104618323,64339930,105837223,-88887385,2026-09-21 00:00:00
000417,合百集团,5.87,2.9825,3.5279,14510860,3970645,27916718,36878127,1578806,2026-09-21 00:00:00
000419,通程控股,5.09,2.2088,0.9303,0,0,3756464,4358733,-602269,2026-09-21 00:00:00
000420,吉林化纤,3.57,0.8475,1.2515,14019920,10706172,18675754,21572105,417397,2026-09-21 00:00:00
000421,南京公用,5.72,1.4184,1.2375,2413863,2039098,7362559,6203758,1533566,2026-09-21 00:00:00
000422,湖北宜化,11.98,1.1824,1.0989,14811463,3654829,30089180,36939472,4306342,2026-09-21 00:00:00
000423,东阿阿胶,45.6,0.7512,0.8237,9287213,14097846,33797599,40417235,-11430269,2026-09-21 00:00:00
000425,徐工机械,7.39,-0.8054,1.3524,128823802,140862804,251470910,191084486,48347422,2026-09-21 00:00:00
000426,兴业银锡,34.93,-1.5224,2.1176,183871773,252329299,290993616,353463424,-130927334,2026-09-21 00:00:00
000428,华天酒店,4.34,4.5783,7.543,13501501,12439747,67225238,79461196,-11174204,2026-09-21 00:00:00
000429,粤高速Ａ,12.45,-1.5032,0.5403,2309881,6232599,12349690,10827680,-2400708,2026-09-21 00:00:00
000430,张家界,7.08,0.7112,3.9694,1413581,5227986,17677346,18975131,-5112190,2026-09-21 00:00:00
000488,ST晨鸣,2.06,3.5176,0.8996,1288794,0,12185034,11178869,2294959,2026-09-21 00:00:00
000498,山东路桥,5.07,0.396,0.6817,0,255524,12278679,11125695,897460,2026-09-21 00:00:00
000501,武商集团,7.33,2.805,1.1334,4084692,5849741,16098391,10532626,3800716,2026-09-21 00:00:00
000503,国新健康,6.89,2.8358,1.1504,2143472,2129700,11305874,11950756,-631110,2026-09-21 00:00:00
000504,南华生物,11.01,9.99,1.6222,33717343,5505000,899517,17837301,11274559,2026-09-21 00:00:00
000505,京粮控股,6.88,2.5335,6.0904,9679150,11846232,39952063,53635530,-15850549,2026-09-21 00:00:00
000506,招金黄金,18.69,0.592,3.8006,35304754,42599738,141547919,135158737,-905802,2026-09-21 00:00:00
000507,珠海港,5.06,0.5964,0.8799,0,2279552,13037949,6573170,4185227,2026-09-21 00:00:00
000509,华塑控股,3.8,0.7958,10.9628,20058505,24451429,86048294,58802883,22852487,2026-09-21 00:00:00
000510,新金路,18.53,-0.3763,6.99,39963881,47935701,188423613,155604798,24846995,2026-09-21 00:00:00
000513,丽珠集团,26.7,1.7918,0.818,1091800,1776137,26088947,19092771,6311839,2026-09-21 00:00:00
000514,渝 开 发,4.4,4.7619,2.2347,5161733,1003086,14789123,20051532,-1103762,2026-09-21 00:00:00
000516,国际医学,4.38,3.3019,1.5337,10160215,3282349,41176590,29205296,18849160,2026-09-21 00:00:00
000517,荣安地产,2.06,3,1.9967,10692989,4108338,15664309,24413142,-2164182,2026-09-21 00:00:00
000518,四环生物,3.87,1.3089,3.1292,14550045,22782719,29741473,35441915,-13933116,2026-09-21 00:00:00
000519,中兵红箭,15.68,1.8843,3.9284,46301977,95230324,192969691,174172050,-30130706,2026-09-21 00:00:00
000520,凤凰航运,4.3,4.878,3.9688,4608299,8999488,25780580,47042496,-25653105,2026-09-21 00:00:00
000521,长虹美菱,4.45,0.4515,0.9467,0,1134959,11416757,8400021,1881777,2026-09-21 00:00:00
000523,红棉股份,3.53,4.1298,9.4151,70164053,53365758,95661574,114500811,-2040942,2026-09-21 00:00:00
000524,岭南控股,9.28,3.1111,1.1543,0,0,10696726,11083155,-386429,2026-09-21 00:00:00
000525,红太阳,4.72,4.1943,2.066,10970423,3362826,23375536,21006588,9976545,2026-09-21 00:00:00
000526,学大教育,35.69,1.3345,1.483,0,0,5154558,5333807,-179249,2026-09-21 00:00:00
000528,柳    工,7.69,0.5229,0.9948,21064453,9034180,30917778,36678379,6269672,2026-09-21 00:00:00
000529,广弘控股,5.04,3.7037,0.9475,0,0,3228205,4588875,-1360670,2026-09-21 00:00:00
000530,冰山冷热,5.35,2.8846,3.0323,3681704,2354621,18389629,24515448,-4798736,2026-09-21 00:00:00
000531,穗恒运Ａ,5.69,0.708,0.6025,0,0,7807894,7618015,189879,2026-09-21 00:00:00
000532,华金资本,14.26,10.0309,16.3821,150298536,31494144,123651648,149463846,92992194,2026-09-21 00:00:00
000533,顺钠股份,11.05,-1.6028,6.5523,10322997,52377608,62494405,87762071,-67322277,2026-09-21 00:00:00
000534,万泽股份,23.98,0.4608,2.4214,2366504,8872523,52266578,51709588,-5949029,2026-09-21 00:00:00
000536,华映科技,3.7,5.4131,6.2495,91208052,66607297,144149587,106806841,61943501,2026-09-21 00:00:00
000537,绿发电力,7.56,0.3984,0.5277,4745648,950794,14432937,13925739,4302052,2026-09-21 00:00:00
000538,云南白药,51.09,0.0784,0.4096,21585416,29052730,119062512,71026836,40568362,2026-09-21 00:00:00
000539,粤电力Ａ,5.23,0.3839,1.1697,14222517,9912533,20769165,24376290,702859,2026-09-21 00:00:00
000541,佛山照明,4.96,1.0183,0.4765,8695341,1348380,4284709,5396406,6235264,2026-09-21 00:00:00
000543,皖能电力,7.29,-0.8163,0.8642,3834209,28019966,39410802,26886644,-11661599,2026-09-21 00:00:00
000544,中原环保,7.3,0.551,0.3565,0,0,10660297,5175483,5484814,2026-09-21 00:00:00
000545,金浦钛业,2.26,2.7273,4.5083,0,7702927,19200384,20088805,-8591348,2026-09-21 00:00:00
000546,金圆股份,4.51,0.4454,1.804,6991684,15877717,7795372,6447861,-7538522,2026-09-21 00:00:00
000547,航天发展,15.02,0.6028,3.1487,37637820,36658951,143718425,122602161,22095133,2026-09-21 00:00:00
000548,湖南投资,4.68,2.407,1.12,0,0,6167199,3786203,2380996,2026-09-21 00:00:00
000550,江铃汽车,16.59,-0.5992,0.7636,0,0,4327446,4570428,-242982,2026-09-21 00:00:00
000551,创元科技,12.45,0.7282,1.8909,4431024,98197,23433134,24172505,3593456,2026-09-21 00:00:00
000552,甘肃能化,2.53,2.8455,1.953,7624595,15119478,56695873,41672803,7528187,2026-09-21 00:00:00
000553,安道麦A,5.68,1.61,0.2491,0,1854160,3970896,4692278,-2575542,2026-09-21 00:00:00
000554,泰山石油,6.44,1.2579,2.9889,2580000,0,11926094,13415685,1090409,2026-09-21 00:00:00
000555,神州信息,10.52,1.1538,1.0986,1465800,5118858,15519725,18600769,-6734102,2026-09-21 00:00:00
000557,西部创业,3.71,1.0899,0.4388,1095000,0,3573489,366000,4302489,2026-09-21 00:00:00
000558,天府文旅,3.67,2.2284,2.0879,2439500,0,17943028,17438109,2944419,2026-09-21 00:00:00
000559,万向钱潮,11.72,6.3521,4.7382,452652048,155654058,443262896,362938592,377322294,2026-09-21 00:00:00
000560,我爱我家,3.19,10,18.5785,348438000,111503288,275295568,304090976,208139304,2026-09-21 00:00:00
000561,烽火电子,8.04,2.2901,2.1584,5635523,0,31022874,18416329,18242068,2026-09-21 00:00:00
000563,陕国投Ａ,2.96,0.6803,0.6079,9953861,8630088,19858674,18858848,2323599,2026-09-21 00:00:00
000564,供销大集,1.55,1.9737,1.8268,88054632,70020003,150023921,136533225,31525325,2026-09-21 00:00:00
000565,渝三峡Ａ,6.82,2.7108,3.9739,1479254,1633216,22405595,19364019,2887614,2026-09-21 00:00:00
000566,海南海药,5.07,9.9783,9.9763,219697762,31675475,102235985,108018526,182239746,2026-09-21 00:00:00
000567,海德股份,6.28,2.7823,1.0998,7266772,7525283,24190886,25310157,-1377782,2026-09-21 00:00:00
000568,泸州老窖,72.2,0.3893,0.6143,53986083,27756797,174675871,167468101,33437056,2026-09-21 00:00:00
000570,苏常柴Ａ,5.35,1.711,1.8172,1138201,0,14828783,10938008,5028976,2026-09-21 00:00:00
000571,新大洲A,6.65,1.5267,3.1109,14355270,8290522,41618210,43902719,3780239,2026-09-21 00:00:00
000572,海马汽车,4.25,-1.3921,6.7062,33737397,60403564,101497151,95993779,-21162795,2026-09-21 00:00:00
000573,粤宏远Ａ,3.87,3.7534,2.4904,3278226,0,10531957,12294025,1516158,2026-09-21 00:00:00
000576,甘化科工,8.59,3.744,2.9229,0,0,13419341,12255318,1164023,2026-09-21 00:00:00
000581,威孚高科,18.01,-0.7713,0.6924,1410966,5780673,14581215,26469036,-16257528,2026-09-21 00:00:00
000582,北部湾港,9.91,1.0194,1.8728,6760531,25800541,83961771,96746756,-31824995,2026-09-21 00:00:00
000586,汇源通信,14.17,4.0382,6.7188,11058796,37906543,22356371,18327776,-22819152,2026-09-21 00:00:00
000589,贵州轮胎,4.27,0.7075,1.2361,14904540,10047542,25630041,17957318,12529721,2026-09-21 00:00:00
000590,古汉医药,9.1,2.4775,1.2857,0,1912240,2214421,2371849,-2069668,2026-09-21 00:00:00
000591,太阳能,4.29,0,0.8822,13956557,25206069,36109378,38745243,-13885377,2026-09-21 00:00:00
000592,平潭发展,8.5,-1.5064,14.2545,168692571,260687369,453138000,562114592,-200971390,2026-09-21 00:00:00
000593,德龙汇能,22.55,3.9171,4.4502,52834535,39796510,82880193,77632019,18286199,2026-09-21 00:00:00
000595,新能股份,5.32,0.9488,1.0848,2215476,5506292,8993918,13354039,-7650937,2026-09-21 00:00:00
000596,古井贡酒,95.46,1.7914,0.6674,12665000,10587810,67550244,56499065,13128369,2026-09-21 00:00:00
000597,东北制药,4.89,4.9356,1.5287,6730433,9305805,19679667,19602264,-2497969,2026-09-21 00:00:00
000598,兴蓉环境,7.03,0.1425,0.6232,6249227,19181530,40726531,26849005,945223,2026-09-21 00:00:00
000599,青岛双星,4.58,1.5521,1.3416,2388011,3474510,7753624,7501694,-834569,2026-09-21 00:00:00
000600,建投能源,7.34,0.5479,0.9178,2507101,2370820,15547373,11474387,4209267,2026-09-21 00:00:00
000601,韶能股份,6.19,-1.2759,2.5196,1020731,14649303,31184677,42768357,-25212252,2026-09-21 00:00:00
000603,盛达资源,34.18,-1.6686,4.3803,78155466,74968828,238592704,246293441,-4514099,2026-09-21 00:00:00
000605,渤海股份,5.93,2.5952,1.0116,0,0,1170800,2786418,-1615618,2026-09-21 00:00:00
000607,华媒控股,4.53,9.9515,2.6094,72583804,29431863,2046654,10935420,34263175,2026-09-21 00:00:00
000608,阳光股份,7.26,2.2535,3.0703,11449144,15738346,34245598,40821238,-10864842,2026-09-21 00:00:00
000609,*ST中迪,9.8,-0.5076,1.7504,0,1474836,15744610,12949778,1319996,2026-09-21 00:00:00
000610,*ST西旅,8.42,2.4331,3.6791,3473711,5209737,14823805,18544585,-5456806,2026-09-21 00:00:00
000612,焦作万方,11.32,-0.7018,3.1923,72364223,74690342,91940113,116046415,-26432421,2026-09-21 00:00:00
000615,*ST美谷,3.24,0.3096,0.6792,1620000,1261650,6747176,12828477,-5722951,2026-09-21 00:00:00
000617,中油资本,6.97,1.3081,0.572,58286229,107616373,121992224,87284464,-14622384,2026-09-21 00:00:00
000619,海螺新材,5.17,3.8153,2.7806,0,3767400,8756001,7363749,-2375148,2026-09-21 00:00:00
000620,盈新发展,3.27,2.1875,7.1187,133216508,106771367,234752223,224614983,36582381,2026-09-21 00:00:00
000623,吉林敖东,17.75,1.082,0.7337,16742777,9181466,38356400,38700741,7216970,2026-09-21 00:00:00
000625,长安汽车,7.15,0.4213,0.3807,28541192,23570505,45978637,54465535,-3516211,2026-09-21 00:00:00
000626,远大控股,9.1,2.8249,2.4037,1359486,2714361,16963246,19706526,-4098155,2026-09-21 00:00:00
000628,高新发展,60.01,-0.7771,7.4878,123622860,171508406,242173962,229387912,-35099496,2026-09-21 00:00:00
000629,钒钛股份,2.92,1.0381,0.6716,22924062,16632207,55318996,58254869,3355982,2026-09-21 00:00:00
000630,铜陵有色,6.09,0,1.0205,88274629,90368899,139628259,195608881,-58074892,2026-09-21 00:00:00
000631,顺发恒能,3.03,4.1237,1.1249,979800,0,23719778,24419431,280147,2026-09-21 00:00:00
000632,ST三木,3.98,-1.2407,2.158,0,1472202,7998939,16416007,-9889270,2026-09-21 00:00:00
000633,合金投资,5.27,2.5292,2.0818,5245858,6815695,4300878,5310994,-2579953,2026-09-21 00:00:00
000635,英 力 特,7.44,2.0576,2.9346,2919564,1631277,18009295,18389949,907633,2026-09-21 00:00:00
000636,风华高科,59.25,1.8041,14.0423,1415541200,1816120320,2076258464,2202408896,-526729552,2026-09-21 00:00:00
000637,茂化实华,4.22,2.6764,2.5264,1117273,0,2128944,4063508,-817291,2026-09-21 00:00:00
000639,ST西王,1.63,0.6173,3.1305,815000,4250919,17174997,15063588,-1324510,2026-09-21 00:00:00
000650,仁和药业,5.33,2.8958,1.9582,24020529,9343940,28512604,34706333,8482860,2026-09-21 00:00:00
000651,格力电器,38,-1.4523,0.8886,278854800,257372945,479650304,478578304,22553855,2026-09-21 00:00:00
000652,泰达股份,3.42,2.0896,0.8932,2229972,2195380,10037978,12872825,-2800255,2026-09-21 00:00:00
000655,金岭矿业,7.22,1.4045,0.7992,0,0,4759185,4470464,288721,2026-09-21 00:00:00
000656,金科股份,1.25,0,3.8302,73682776,111155932,132817711,122317756,-26973201,2026-09-21 00:00:00
000657,中钨高新,60.49,-2.0563,5.2195,428018000,731169840,1040594608,1398967664,-661524896,2026-09-21 00:00:00
000659,珠海中富,2.8,0,1.6196,0,5335716,8699217,16921258,-13557757,2026-09-21 00:00:00
000661,长春高新,74.13,3.6783,1.7258,34158594,35952334,112274362,93641467,16839155,2026-09-21 00:00:00
000663,永安林业,6.08,2.1849,1.7132,0,86976,1935504,2731013,-882485,2026-09-21 00:00:00
000665,湖北广电,4.09,0.4914,1.1691,0,3442856,14281889,12157943,-1318910,2026-09-21 00:00:00
000668,荣丰控股,19.35,-8.0323,5.62,26878850,39594075,38708622,41116783,-15123386,2026-09-21 00:00:00
000669,ST金鸿,4.18,0.4808,0.6039,0,0,6249858,5997428,252430,2026-09-21 00:00:00
000670,盈方微,7.83,-0.5083,6.7029,7960642,20880454,72921586,83914518,-23912744,2026-09-21 00:00:00
000672,上峰材料,15.51,3.2623,1.7925,18314474,10825240,59908059,51273852,16123441,2026-09-21 00:00:00
000676,智度股份,6.77,1.0448,2.3096,11872738,12859885,37679571,40792251,-4099827,2026-09-21 00:00:00
000677,ST海龙,1.86,3.3333,2.8966,925000,0,18834425,15338540,4420885,2026-09-21 00:00:00
000678,襄阳轴承,9.02,0.6696,1.6027,1077596,1183914,8787231,6722156,1958757,2026-09-21 00:00:00
000679,大连友谊,6.64,3.2659,2.7718,1327950,1419777,6643368,9679276,-3127735,2026-09-21 00:00:00
000680,山推股份,9.39,0.1066,1.0641,0,8050315,31867734,24151127,-333708,2026-09-21 00:00:00
000681,视觉中国,16.41,0.5515,2.3401,23699521,26697766,69067427,56008206,10060976,2026-09-21 00:00:00
000682,东方电子,10.73,0.0933,0.6149,6006168,5876284,19469460,22239074,-2639730,2026-09-21 00:00:00
000683,博源化工,5.78,1.4035,1.3903,33647564,31268499,65405652,53815183,13969534,2026-09-21 00:00:00
000685,中山公用,10.95,0.3666,0.6724,3753194,4371540,21460011,22285245,-1443580,2026-09-21 00:00:00
000686,东北证券,7.81,1.0349,0.5738,10546599,11086751,31136018,30904527,-308661,2026-09-21 00:00:00
000688,国城矿业,26.03,1.6797,1.5357,21371953,9617227,94899823,105999438,655111,2026-09-21 00:00:00
000690,宝新能源,5.23,-1.5066,2.0394,11975279,16425767,52581760,56870295,-8739023,2026-09-21 00:00:00
000691,亚太实业,9.27,-0.8556,1.9734,1971058,1116000,13005411,17439204,-3578735,2026-09-21 00:00:00
000692,惠天热电,4.25,0.7109,1.8234,1662504,4557481,6805775,10426887,-6516089,2026-09-21 00:00:00
000695,滨海能源,13.08,0.1531,1.4831,0,0,5744874,11457752,-5712878,2026-09-21 00:00:00
000697,炼石航空,9.25,2.6637,0.9214,4418544,1015701,11454158,11676232,3180769,2026-09-21 00:00:00
000698,ST沈化,3.68,0.8219,0.7595,0,5382331,10396449,5275330,-261212,2026-09-21 00:00:00
000700,模塑科技,12.4,4.1142,6.6542,91632978,113879869,162033674,165096762,-25309979,2026-09-21 00:00:00
000701,厦门信达,5.28,2.1277,1.6897,4940461,4943613,13626208,9106692,4516364,2026-09-21 00:00:00
000702,正虹科技,5.86,4.2705,2.6034,2659835,1147770,3529857,4314668,727254,2026-09-21 00:00:00
000703,恒逸石化,16.95,0,1.7584,99270889,96070401,320740160,259988174,63952474,2026-09-21 00:00:00
000705,浙江震元,7.19,4.0521,2.1588,0,0,4487467,3252621,1234846,2026-09-21 00:00:00
000707,双环科技,4.54,2.2523,1.1967,886,0,4429453,5811571,-1381232,2026-09-21 00:00:00
000708,中信特钢,12.84,-1.2308,0.3251,7439792,13846886,38974848,30492922,2074832,2026-09-21 00:00:00
000709,河钢股份,2.08,0.9709,0.6025,15747282,7265809,28159642,39993556,-3352441,2026-09-21 00:00:00
000710,贝瑞基因,9.38,3.6464,13.581,18842827,30209902,76659108,81700975,-16408942,2026-09-21 00:00:00
000711,京蓝科技,5.07,3.681,5.1116,107447983,66493086,170624041,173705830,37873108,2026-09-21 00:00:00
000712,锦龙股份,10.35,3.5,8.7764,99020815,67574244,184558724,178080822,37924473,2026-09-21 00:00:00
000713,国投丰乐,6.87,5.2067,7.6908,13237336,11509975,56111608,67113393,-9274424,2026-09-21 00:00:00
000715,中兴商业,5.45,1.1132,1.4758,1640905,2661907,1656579,6368017,-5732440,2026-09-21 00:00:00
000716,黑芝麻,5.18,2.1696,3.7942,3996943,8390918,19348679,22481306,-7526602,2026-09-21 00:00:00
000717,中南股份,2.21,0.9132,0.8438,2113644,4207051,7753848,7314443,-1654002,2026-09-21 00:00:00
000718,苏宁环球,2.08,3.4826,2.29,1766677,1216125,16882714,25521155,-8087889,2026-09-21 00:00:00
000719,中原传媒,12.01,-1.8791,1.0312,1616891,0,12730058,8777797,5569152,2026-09-21 00:00:00
000720,新能泰山,4.07,0.4938,3.3903,8509163,8684678,31593960,29406381,2012064,2026-09-21 00:00:00
000721,西安饮食,6.48,4.8544,5.3497,2443160,1467720,36350820,27835213,9491047,2026-09-21 00:00:00
000722,湖南发展,14.36,0.7013,4.8456,4189449,10215240,49413423,66679502,-23291870,2026-09-21 00:00:00
000723,美锦能源,3.62,0.8357,1.1969,16474053,15910453,39719964,45699437,-5415873,2026-09-21 00:00:00
000725,京东方Ａ,6.07,2.5338,5.0629,2696369792,2775392640,2482411344,2477907040,-74518544,2026-09-21 00:00:00
000726,鲁  泰Ａ,6.19,-0.1613,1.6849,1147566,2258905,10571867,13057064,-3596536,2026-09-21 00:00:00
000727,冠捷科技,2.29,2.2321,1.618,37850030,14826139,39757001,39823255,22957637,2026-09-21 00:00:00
000728,国元证券,7.53,0.8032,0.4811,2747090,21190397,37368301,29051820,-10126826,2026-09-21 00:00:00
000729,燕京啤酒,11.05,2.6952,1.1691,22986474,1802452,60138095,57652610,23669507,2026-09-21 00:00:00
000731,四川美丰,8.23,4.9745,4.457,19543542,9804557,50596906,43009337,17326554,2026-09-21 00:00:00
000733,振华科技,41.6,1.4634,2.5575,68375392,82098300,160676345,142837220,4116217,2026-09-21 00:00:00
000735,罗 牛 山,6.09,2.1812,5.9302,25085458,41365054,88407776,94409084,-22280904,2026-09-21 00:00:00
000736,中交发展,4.76,5.3097,4.7048,12233297,14313409,34007167,39979801,-8052746,2026-09-21 00:00:00
000737,北方铜业,14.43,0.2083,2.9281,58623104,88901478,169095691,177297884,-38480567,2026-09-21 00:00:00
000738,航发控制,19.63,2.453,1.2548,19785876,20762834,68076011,63317147,3781906,2026-09-21 00:00:00
000739,普洛药业,24.82,5.707,1.7624,25970777,17451345,91025156,102722015,-3177427,2026-09-21 00:00:00
000750,国海证券,3.7,1.3699,0.7361,19895597,13578580,50586652,39868693,17034976,2026-09-21 00:00:00
000751,锌业股份,4.69,1.2959,1.5482,20053407,11410683,20214936,22326938,6530722,2026-09-21 00:00:00
000752,*ST西发,8.71,0.2301,0.3642,1044000,0,1348735,2392935,-200,2026-09-21 00:00:00
000753,漳州发展,5.26,-2.0484,5.4294,10532602,27542600,48561369,62101688,-30550317,2026-09-21 00:00:00
000755,山西高速,4.72,0.6397,0.2212,0,0,2263262,1477725,785537,2026-09-21 00:00:00
000756,新华制药,14.67,9.97,4.2599,180179434,25301251,53229020,70368520,137738683,2026-09-21 00:00:00
000757,浩物股份,4.29,2.6316,2.0854,1686650,1040639,7304082,12481249,-4531156,2026-09-21 00:00:00
000758,中色股份,5.99,0.1672,0.8876,0,6508144,16484677,16562098,-6585565,2026-09-21 00:00:00
000759,中百集团,6.83,3.4848,18.6255,32568622,40908674,135996650,156915009,-29258411,2026-09-21 00:00:00
000761,本钢板材,2.33,2.6432,0.5759,0,182490,5055715,11745057,-6871832,2026-09-21 00:00:00
000762,西藏矿业,22.17,1.4181,1.6867,8399877,9148709,37806225,43428601,-6371208,2026-09-21 00:00:00
000766,通化金马,15.81,1.4763,1.4878,6096499,13594898,65877022,61420929,-3042306,2026-09-21 00:00:00
000767,晋控电力,3.44,-0.2899,2.0708,12448902,18694328,41805892,39765431,-4204965,2026-09-21 00:00:00
000768,中航西飞,22.91,2.5056,0.7889,47140424,23322589,133643074,104675325,52785584,2026-09-21 00:00:00
000776,广发证券,20.98,0.9139,0.7453,119450888,125805180,236498635,191759562,38384781,2026-09-21 00:00:00
000777,中核科技,16.79,0.3586,0.7557,1083725,3819877,11560670,11138759,-2314241,2026-09-21 00:00:00
000778,新兴铸管,3.63,0.554,0.966,22976360,20762427,43731614,43587399,2358148,2026-09-21 00:00:00
000779,甘咨询,9,1.81,7.4873,13309142,9694095,66844684,64310890,6148841,2026-09-21 00:00:00
000782,恒申新材,8.3,2.2167,3.1356,15137680,13012367,31891800,32680850,1336263,2026-09-21 00:00:00
000783,长江证券,8.51,0.7101,1.1639,67360343,55250045,154639876,171612606,-4862432,2026-09-21 00:00:00
000785,居然智家,2.31,3.5874,1.2928,4829294,10359983,39318151,39053450,-5265988,2026-09-21 00:00:00
000786,北新建材,16.27,2.1343,1.0898,35910341,30252971,81407697,56666393,30398674,2026-09-21 00:00:00
000788,北大医药,5.54,4.5283,3.8604,1632816,9277968,33480446,32330205,-6494911,2026-09-21 00:00:00
000789,万年青,4.15,2.4691,0.8346,2638915,0,6023534,6962218,1700231,2026-09-21 00:00:00
000790,华神科技,4.31,6.9479,8.7637,12826959,5305534,43854740,54817803,-3441638,2026-09-21 00:00:00
000791,甘肃能源,7.3,-1.4845,0.9369,4303681,25084811,28957116,16588145,-8412159,2026-09-21 00:00:00
000792,盐湖股份,24.96,0.8892,0.756,93350390,162215453,332297312,281202064,-17769815,2026-09-21 00:00:00
000793,ST华闻,2.09,0,0.3021,0,1173328,3982449,6205882,-3396761,2026-09-21 00:00:00
000795,英洛华,8.29,1.4688,0.9512,9812409,7043273,18024927,22607904,-1813841,2026-09-21 00:00:00
000796,凯撒旅业,3.86,4.0431,4.3478,22033799,4182110,49398684,45507012,21743361,2026-09-21 00:00:00
000797,中国武夷,2.72,1.1152,4.3402,11147724,14536787,31298774,39113995,-11204284,2026-09-21 00:00:00
000798,中水渔业,10.4,2.4631,6.4715,9369225,12068501,37586161,50102992,-15216107,2026-09-21 00:00:00
000799,酒鬼酒,37.84,1.5566,1.6668,17416668,15655062,50311256,42720608,9352254,2026-09-21 00:00:00
000800,一汽解放,5.93,0.3384,0.1844,3640170,0,9433009,6966411,6106768,2026-09-21 00:00:00
000801,四川九洲,12.15,0,0.8806,5469158,13098768,18770215,20727755,-9587150,2026-09-21 00:00:00
000802,北京文化,4.05,3.0534,8.4826,14050828,17375849,45481399,40603637,1552741,2026-09-21 00:00:00
000803,山高环能,7.21,-0.2766,1.8041,1068384,2537822,9052465,15952187,-8369160,2026-09-21 00:00:00
000807,云铝股份,26.77,-2.1922,1.6258,223054985,281605824,423971312,422383312,-56962839,2026-09-21 00:00:00
000809,和展能源,3.52,-1.4006,2.4811,4145800,2339576,9800109,12560473,-954140,2026-09-21 00:00:00
000810,创维数字,9.68,-0.2062,1.246,2817861,4496934,31214771,32280447,-2744749,2026-09-21 00:00:00
000811,冰轮环境,40.03,-3.5886,5.9758,262994425,329426704,597824272,501353856,30038137,2026-09-21 00:00:00
000812,陕西金叶,3.83,0.7895,3.6562,2812564,7194970,16953988,16893884,-4322302,2026-09-21 00:00:00
000813,德展健康,3.36,3.3846,2.118,18790325,9756714,26464360,26255294,9242677,2026-09-21 00:00:00
000815,美利云,15.85,1.9293,6.9434,75037518,46698226,146835311,139961219,35213384,2026-09-21 00:00:00
000816,智慧农业,2.94,3.1579,2.7205,6709418,6338987,24085011,19649729,4805713,2026-09-21 00:00:00
000818,航锦科技,12.37,5.4561,3.933,16616628,1976944,86630377,57152250,44117811,2026-09-21 00:00:00
000819,岳阳兴长,12.36,3.6044,1.1767,1365203,1887532,11735448,7040242,4172877,2026-09-21 00:00:00
000820,神雾节能,3.56,0.8499,3.4796,1068630,0,4500053,9012506,-3443823,2026-09-21 00:00:00
000821,ST京机,7.52,0.2667,0.8781,174696,4827777,9253583,9472725,-4872223,2026-09-21 00:00:00
000822,山东海化,4.36,2.3474,0.9065,0,0,6478910,6526520,-47610,2026-09-21 00:00:00
000823,超声电子,25.2,7.7844,30.4799,766373952,771129488,931707152,950325184,-23373568,2026-09-21 00:00:00
000825,太钢不锈,3.44,1.4749,0.5408,10151575,1358712,20276955,24002390,5067428,2026-09-21 00:00:00
000826,*ST启环,1.89,1.0695,0.6464,1890000,0,5264505,6981169,173336,2026-09-21 00:00:00
000828,东莞控股,10.1,0,0.3747,0,1392147,9274264,5785551,2096566,2026-09-21 00:00:00
000829,天音控股,9.77,10.0225,5.3237,206556271,63487206,132514386,114866042,160717409,2026-09-21 00:00:00
000830,鲁西化工,11.98,1.9574,1.1995,26519923,11871512,75635191,59794172,30489430,2026-09-21 00:00:00
000831,中国稀土,55.3,3.5774,2.7598,340475408,190103635,412895376,429986608,133280541,2026-09-21 00:00:00
000833,粤桂股份,20.04,-0.2489,4.0278,28112143,37209917,87909950,87126797,-8314621,2026-09-21 00:00:00
000837,秦川机床,9.83,1.5496,1.3668,9865903,8426321,28006908,22243750,7202740,2026-09-21 00:00:00
000838,*ST发展,2.24,-1.3216,3.8973,1444580,1985441,23737666,26442469,-3245664,2026-09-21 00:00:00
000839,国安股份,2.91,3.1915,3.3649,59404825,39444297,81085809,91643976,9402361,2026-09-21 00:00:00
000848,承德露露,8.17,0.2454,0.8161,2811297,1006494,12796506,12205354,2395955,2026-09-21 00:00:00
000850,华茂股份,4.29,3.125,4.0607,4884572,26493757,41882189,48907789,-28634785,2026-09-21 00:00:00
000852,石化机械,5.59,2.381,1.4773,4009601,3234174,17921354,16643905,2052876,2026-09-21 00:00:00
000856,冀东装备,8.83,2.1991,1.7672,0,0,4039631,2812364,1227267,2026-09-21 00:00:00
000858,五 粮 液,70.27,0.3857,0.4367,134888549,279047920,341106192,392235104,-195288283,2026-09-21 00:00:00
000859,国风新材,9.73,3.072,6.7154,38516405,34955235,103325038,106153251,732957,2026-09-21 00:00:00
000860,顺鑫农业,10.67,4.7105,2.0608,6375890,4401971,27611888,30424782,-838975,2026-09-21 00:00:00
000862,银星能源,5.54,-1.4235,2.507,2418210,6804277,16002807,23270048,-11653308,2026-09-21 00:00:00
000863,三湘印象,4.75,1.4957,1.7255,1527472,202444,24245617,29242708,-3672063,2026-09-21 00:00:00
000868,安凯客车,3.99,0,5.8065,11843805,12127826,38775315,41754225,-3262931,2026-09-21 00:00:00
000869,张  裕Ａ,16.78,3.5163,0.6366,1665144,0,8761049,5524393,4901800,2026-09-21 00:00:00
000875,电投绿能,4.83,-0.6173,1.573,33047763,20419287,61131472,77698474,-3938526,2026-09-21 00:00:00
000876,新 希 望,7.28,1.676,0.9532,18410007,22120547,91398258,83407707,4280011,2026-09-21 00:00:00
000877,天山股份,3.75,1.9022,0.1972,338096,0,9385491,13151471,-3427884,2026-09-21 00:00:00
000878,云南铜业,16.82,0.4179,1.452,36973250,48017556,101846638,107686239,-16883907,2026-09-21 00:00:00
000880,潍柴重机,26.17,-1.9115,10.6899,36077908,44853063,113242292,105615480,-1148343,2026-09-21 00:00:00
000881,中广核技,6.6,2.3256,0.9448,2384603,5376048,12577411,12903334,-3317368,2026-09-21 00:00:00
000882,华联股份,1.64,3.7975,5.4969,42039364,17474483,80600966,79699864,25465983,2026-09-21 00:00:00
000883,湖北能源,4.44,0,0.2703,9676106,2502165,12710645,16490004,3394582,2026-09-21 00:00:00
000885,城发环境,11.8,0.5111,0.3758,2323103,1412460,8033971,5329849,3614765,2026-09-21 00:00:00
000886,海南高速,4.79,2.3504,1.2636,0,0,9593280,8712729,880551,2026-09-21 00:00:00
000887,中鼎股份,19.54,0,2.0973,43588909,86326831,140399310,113450222,-15788834,2026-09-21 00:00:00
000888,峨眉山Ａ,9.54,1.9231,1.7966,2211132,2233242,17372957,17649725,-298878,2026-09-21 00:00:00
000889,中嘉博创,3.89,0,3.2385,6774080,11874589,20688972,17697012,-2108549,2026-09-21 00:00:00
000890,法尔胜,7.95,3.5156,6.5891,384800,3141396,33483038,30061053,665389,2026-09-21 00:00:00
000892,欢瑞世纪,4.73,5.3452,17.5903,27158406,16677628,118273464,106705251,22048991,2026-09-21 00:00:00
000893,亚钾国际,40.29,1.3075,1.7741,58426232,50491735,118325315,136559895,-10300083,2026-09-21 00:00:00
000895,双汇发展,23.26,-0.1288,0.2662,3779518,5731942,48607000,38911625,7742951,2026-09-21 00:00:00
000897,津滨发展,1.95,3.1746,2.9502,9545829,9840000,17493200,21247541,-4048512,2026-09-21 00:00:00
000898,鞍钢股份,2.06,0.9804,0.4544,4935944,5933811,12446419,15465804,-4017252,2026-09-21 00:00:00
000899,赣能股份,9.39,0.2134,0.8127,0,1313664,11285408,12520802,-2549058,2026-09-21 00:00:00
000900,现代投资,3.58,0.5618,0.7191,2328199,0,8721030,7903246,3145983,2026-09-21 00:00:00
000901,航天科技,14.48,0.7655,1.2887,5551316,7228539,31436726,25132330,4627173,2026-09-21 00:00:00
000902,新洋丰,14.03,1.5195,0.6458,1459996,1348300,18366192,18904820,-426932,2026-09-21 00:00:00
000903,ST云动,2.06,-0.4831,0.6325,0,0,8363081,11589847,-3226766,2026-09-21 00:00:00
000905,厦门港务,9.37,-0.3191,2.2318,6959517,6476795,30516497,24096881,6902338,2026-09-21 00:00:00
000906,浙商中拓,6.23,1.3008,1.3628,1248000,0,12036112,5811028,7473084,2026-09-21 00:00:00
000908,石药景峰,6.2,1.3072,1.8732,5517698,8343815,25453283,34424328,-11797162,2026-09-21 00:00:00
000909,*ST数源,5.54,-0.3597,0.8942,0,0,2971168,5524615,-2553447,2026-09-21 00:00:00
000910,大亚圣象,6.26,10.0176,9.0895,39879634,33167896,60790385,55541129,11960994,2026-09-21 00:00:00
000911,*ST广糖,5.36,2.682,2.5612,1734825,1121965,13550573,13489555,673878,2026-09-21 00:00:00
000912,泸天化,4.18,3.7221,3.5484,5380306,14060646,46573058,51890416,-13997698,2026-09-21 00:00:00
000913,钱江摩托,10.76,0.6548,0.5916,0,0,5490217,3725846,1764371,2026-09-21 00:00:00
000915,华特达因,24.38,1.4565,0.8068,0,87768,6932195,5877302,967125,2026-09-21 00:00:00
000917,电广传媒,7.03,3.5346,1.8171,17646958,3888952,47967684,37830495,23895195,2026-09-21 00:00:00
000919,金陵药业,6.73,4.1796,2.3953,3382700,3274762,15018909,15468540,-341693,2026-09-21 00:00:00
000920,沃顿科技,12.94,-1.6717,8.2594,33746676,39597272,95245531,79708468,9686467,2026-09-21 00:00:00
000921,海信家电,26.25,-5.0633,1.2968,24564881,24683073,45284380,47167371,-2001183,2026-09-21 00:00:00
000922,佳电股份,12.18,0.1645,1.0057,935708,3731717,24657481,28204917,-6343445,2026-09-21 00:00:00
000923,河钢资源,16.4,-0.304,2.089,43760337,18851613,40380733,45487408,19802049,2026-09-21 00:00:00
000925,众合科技,8.21,1.1084,2.5316,4025857,11176576,22848277,30024578,-14327020,2026-09-21 00:00:00
000926,福星股份,2.18,3.8095,2.9331,1555353,13456693,27527755,26377217,-10750802,2026-09-21 00:00:00
000927,中国铁物,2.5,0.8065,0.6153,12706803,10397250,29498989,23723342,8085200,2026-09-21 00:00:00
000928,中钢国际,5.49,1.4787,0.9694,0,0,14414946,11240808,3174138,2026-09-21 00:00:00
000929,兰州黄河,9.18,1.6611,1.6537,0,178876,2527204,4137813,-1789485,2026-09-21 00:00:00
000930,中粮科技,5.41,4.6422,4.7208,25611834,19263635,79435730,108650423,-22866494,2026-09-21 00:00:00
000931,中 关 村,4.63,4.5147,3.2993,2408202,1022385,23169423,21912298,2642942,2026-09-21 00:00:00
000932,华菱钢铁,3.6,0,0.8011,50315808,24435210,51600739,62874008,14607329,2026-09-21 00:00:00
000933,神火股份,26.24,-2.1261,1.5624,106255676,102771249,246981255,199090732,51374950,2026-09-21 00:00:00
000935,四川双马,21.15,-0.4237,0.6358,0,1050365,18308864,14499733,2758766,2026-09-21 00:00:00
000936,华西股份,5.66,1.982,3.0044,6015951,4969172,27231891,22962190,5316480,2026-09-21 00:00:00
000937,冀中能源,4.5,2.0408,1.1218,12895652,10866100,44512556,36021318,10520790,2026-09-21 00:00:00
000938,紫光股份,33.84,-0.324,3.6873,496736400,676073056,784610992,855592304,-250317968,2026-09-21 00:00:00
000948,南天信息,13.55,1.3463,1.3239,0,5364,9788830,19352698,-9569232,2026-09-21 00:00:00
000949,新乡化纤,7.01,2.4854,1.8978,17115258,8525834,40444070,44454735,4578759,2026-09-21 00:00:00
000950,重药控股,5.34,2.4952,1.3409,13884567,6708940,29066375,23414354,12827648,2026-09-21 00:00:00
000951,中国重汽,20.21,-0.5413,0.8581,6064289,21743022,48221647,53704705,-21161791,2026-09-21 00:00:00
000952,广济药业,6.75,5.4688,2.5749,0,1011000,5480320,6663934,-2194614,2026-09-21 00:00:00
000953,中哲精化,6.1,3.7415,2.3251,0,1694137,6458502,9639704,-4875339,2026-09-21 00:00:00
000955,欣龙控股,4.19,0.4796,2.3165,0,0,5963091,14973252,-9010161,2026-09-21 00:00:00
000957,中通客车,10.07,2.1298,2.0735,6543272,9930607,30543212,23923544,3232333,2026-09-21 00:00:00
000958,电投产融,5.15,0.3899,0.1537,1700870,3758588,11468236,9628103,-217585,2026-09-21 00:00:00
000959,首钢股份,3.53,1.4368,0.326,2337918,4773306,16998376,18977995,-4415007,2026-09-21 00:00:00
000960,锡业股份,33.69,0.2679,1.5186,81591459,67918963,222959727,192463202,44169021,2026-09-21 00:00:00
000962,东方钽业,62.91,4.85,5.0926,289353936,211265213,379295904,393368832,64015795,2026-09-21 00:00:00
000963,华东医药,26.76,2.5287,1.0309,69208493,54794299,134991829,124805383,24600640,2026-09-21 00:00:00
000965,天保基建,3.41,4.2813,3.3296,6376164,3970750,20569078,28672412,-5697920,2026-09-21 00:00:00
000966,长源电力,4.06,0,0.6879,5827680,4996742,21516150,15128702,7218386,2026-09-21 00:00:00
000967,盈峰环境,8.26,0,1.4292,47571451,55195607,98384961,94739239,-3978434,2026-09-21 00:00:00
000968,蓝焰控股,7.16,3.17,2.4695,23022969,11845320,27117899,46827607,-8532059,2026-09-21 00:00:00
000969,安泰科技,17.48,1.2746,1.5847,11055010,6473172,63926443,59370991,9137290,2026-09-21 00:00:00
000970,中科三环,11.68,2.0979,1.8045,22302865,14556815,61245544,48006805,20984789,2026-09-21 00:00:00
000972,中基健康,4.08,4.6154,3.1029,4573061,3600509,20490158,21954647,-491937,2026-09-21 00:00:00
000973,佛塑科技,12.21,1.9199,3.5574,56477285,32846226,97550646,95380536,25801169,2026-09-21 00:00:00
000975,山金国际,24.62,-3.4888,1.6957,71869287,135155301,251233307,292128736,-104181443,2026-09-21 00:00:00
000977,浪潮信息,71.85,-0.0417,3.1709,404075904,557347040,839267152,990478320,-304482304,2026-09-21 00:00:00
000978,桂林旅游,8.39,0.3589,26.0003,39588746,60391886,169666054,198425556,-49562642,2026-09-21 00:00:00
000980,众泰汽车,2.24,-2.1834,6.6472,23930512,59654461,141493258,164088877,-58319568,2026-09-21 00:00:00
000981,山子高科,2.95,-1.6667,6.0429,142015249,215134269,332184624,368536416,-109470812,2026-09-21 00:00:00
000983,山西焦煤,6.6,2.4845,1.2168,96629135,31889699,88580077,72962515,80356998,2026-09-21 00:00:00
000985,大庆华科,17.57,2.5088,1.1666,0,0,1584049,2466233,-882184,2026-09-21 00:00:00
000987,越秀资本,7.47,1.7711,0.4789,19512540,16134458,50881698,37278009,16981771,2026-09-21 00:00:00
000988,华工科技,109.51,1.5863,4.9613,1242972288,921025216,1435918576,1344785632,413080016,2026-09-21 00:00:00
000989,九芝堂,8.97,3.341,2.7071,11044699,3373868,33820472,36413045,5078258,2026-09-21 00:00:00
000990,诚志股份,6.68,3.4056,2.2247,41827807,36041712,52098678,56918805,965968,2026-09-21 00:00:00
000993,闽东电力,20.43,4.2347,18.4591,153431717,175476201,337166640,356200880,-41078724,2026-09-21 00:00:00
000995,皇台酒业,11.92,9.9631,6.353,51080158,11805532,19211789,16321596,42164819,2026-09-21 00:00:00
000997,新 大 陆,20.05,2.4527,1.5602,22276820,19166304,70259199,55222336,18147379,2026-09-21 00:00:00
000998,隆平高科,9.08,1.0011,3.3768,17018905,34253339,75632574,93370672,-34972532,2026-09-21 00:00:00
000999,华润三九,23.95,1.4831,0.5834,6859114,9404109,58470801,41510344,14415462,2026-09-21 00:00:00
001201,东瑞股份,16.08,9.9863,7.8935,37140712,10135862,66730701,60206805,33528746,2026-09-21 00:00:00
001202,炬申股份,15.02,3.8728,2.5676,1111492,0,5057568,4813786,1355274,2026-09-21 00:00:00
001203,大中矿业,24.74,5.3214,1.5621,38698694,11505999,123632044,94257613,56567126,2026-09-21 00:00:00
001205,盛航股份,14.56,0.6916,2.6087,7705447,8937413,5979176,12364954,-7617744,2026-09-21 00:00:00
001206,依依股份,17.17,3.4961,4.2796,0,1018695,7558724,8596663,-2056634,2026-09-21 00:00:00
001207,联科科技,17.84,-0.9439,1.4742,1916335,1174820,7971816,12735161,-4021830,2026-09-21 00:00:00
001208,华菱线缆,14.43,2.3404,4.0951,5760973,0,32810700,25318532,13253141,2026-09-21 00:00:00
001209,洪兴股份,19.42,4.803,13.4657,6721009,2422145,42122808,40094639,6327033,2026-09-21 00:00:00
001210,金房能源,30.16,3.2877,5.3755,7934870,8765978,55296480,52643756,1821616,2026-09-21 00:00:00
001211,双枪科技,26.25,1.4297,12.8561,28234627,5443199,46543168,37347243,31987353,2026-09-21 00:00:00
001212,中旗新材,38.31,0.8689,6.1219,23228102,25495044,70443307,59059660,9116705,2026-09-21 00:00:00
001213,中铁特货,3.53,1.1461,0.1556,773500,0,6316648,5092094,1998054,2026-09-21 00:00:00
001215,千味央厨,32.22,5.8128,2.9899,16298530,8416733,13329533,14737756,6473574,2026-09-21 00:00:00
001216,华瓷股份,24.06,10.0137,0.8624,28309573,10425198,3245694,6861912,14268157,2026-09-21 00:00:00
001217,华尔泰,10.84,5.8594,1.558,4699769,1080000,10259503,6941314,6937958,2026-09-21 00:00:00
001218,丽臣实业,24.18,0.4153,1.3889,0,585280,2178585,2153256,-559951,2026-09-21 00:00:00
001219,青岛食品,12.7,1.8444,0.8763,0,0,1332239,2873709,-1541470,2026-09-21 00:00:00
001220,世盟股份,31.98,0.1252,5.4896,0,1280179,8703344,7511233,-88068,2026-09-21 00:00:00
001221,悍高集团,36.27,3.5398,4.0177,6863405,1381485,18263629,17242729,6502820,2026-09-21 00:00:00
001222,源飞宠物,16.24,5.867,7.286,1770872,0,26393970,19296846,8867996,2026-09-21 00:00:00
001223,欧克科技,44.75,-1.4534,4.0171,4435525,4588884,15096912,24721852,-9778299,2026-09-21 00:00:00
001225,和泰机电,50.07,7.1474,2.635,2135000,2140000,12154478,8500253,3649225,2026-09-21 00:00:00
001226,拓山重工,46.09,0.1957,2.4013,0,0,5233404,7186365,-1952961,2026-09-21 00:00:00
001227,兰州银行,2.12,0.4739,1.2551,15392538,10503474,32186122,30688246,6386940,2026-09-21 00:00:00
001228,永泰运,34.09,3.5541,3.5664,4476579,5210688,24329565,23635752,-40296,2026-09-21 00:00:00
001229,魅视科技,39.55,-1.1003,8.0746,1184978,3413035,34784220,26481319,6074844,2026-09-21 00:00:00
001230,劲旅环境,19.25,2.6119,3.504,1062879,817871,5885133,11677527,-5547386,2026-09-21 00:00:00
001231,农心科技,22.42,3.461,5.1341,1129060,0,2734011,2340282,1522789,2026-09-21 00:00:00
001233,海安集团,48.97,7.4375,21.3385,30982136,13732733,90801935,101111090,6940248,2026-09-21 00:00:00
001234,泰慕士,26.59,10.0124,3.6783,62239074,35396608,9483788,11539459,24786795,2026-09-21 00:00:00
001236,弘业期货,8.14,3.8265,1.6669,3230410,5090468,12474130,12013631,-1399559,2026-09-21 00:00:00
001237,惠康科技,51.87,-1.3691,5.2835,0,2877262,24485436,25125959,-3517785,2026-09-21 00:00:00
001238,浙江正特,26.88,2.1665,2.2913,1682952,844367,13884877,8860127,5863335,2026-09-21 00:00:00
001239,永达股份,12.04,2.0339,1.5947,1203710,457900,2904472,2318637,1331645,2026-09-21 00:00:00
001255,博菲电气,27.05,1.8449,1.2695,1113412,0,3021845,2537873,1597384,2026-09-21 00:00:00
001256,炜冈科技,21.99,1.057,1.7282,0,8728,6911586,7367740,-464882,2026-09-21 00:00:00
001257,盛龙股份,23.44,0.2566,4.778,4881181,6989408,41269857,46334130,-7172500,2026-09-21 00:00:00
001258,立新能源,11.21,1.5399,4.9188,33012261,23660233,96250852,80642884,24959996,2026-09-21 00:00:00
001259,利仁科技,48.07,3.5099,3.462,4685108,5630652,14618798,11723200,1950054,2026-09-21 00:00:00
001260,坤泰股份,18.44,2.1041,2.4651,0,0,934343,2191369,-1257026,2026-09-21 00:00:00
001266,宏英智能,34.32,1.2091,2.4597,1021579,605871,4918501,6864888,-1530679,2026-09-21 00:00:00
001267,汇绿生态,39.2,3.0765,6.7792,193679612,130861883,325154160,309164032,78807857,2026-09-21 00:00:00
001268,联合精密,24.15,0.4158,2.4213,0,0,6566990,10809195,-4242205,2026-09-21 00:00:00
001269,欧晶科技,19.22,2.0712,1.1822,0,2835130,5763336,3124341,-196135,2026-09-21 00:00:00
001270,铖昌科技,100.22,-0.7821,2.6439,50315008,72981947,117731384,120385645,-25321200,2026-09-21 00:00:00
001277,速达股份,30.5,1.7684,2.9704,0,0,1875822,4066660,-2190838,2026-09-21 00:00:00
001278,一彬科技,16.52,2.291,3.5076,0,0,2711241,8446726,-5735485,2026-09-21 00:00:00
001279,强邦新材,26.65,1.1385,2.0804,1100175,1323812,4066654,3160916,682101,2026-09-21 00:00:00
001280,中国铀业,63.95,0.2351,2.1181,21805891,16107938,55795123,59657529,1835547,2026-09-21 00:00:00
001282,三联锻造,16.4,5.3308,6.1363,39663906,16482837,18503906,17432387,24252588,2026-09-21 00:00:00
001283,豪鹏科技,47,-0.8439,2.3257,1160640,10278709,30052659,28610489,-7675899,2026-09-21 00:00:00
001285,瑞立科密,43.24,0.5581,1.757,0,0,6434952,5280051,1154901,2026-09-21 00:00:00
001286,陕西能源,9.6,-0.6211,0.8886,3992472,1267434,33886572,20370881,16240729,2026-09-21 00:00:00
001287,中电港,25.2,2.8152,3.4026,61355499,28805454,134276884,140752747,26074182,2026-09-21 00:00:00
001288,运机集团,30.71,2.7778,3.1347,17614056,11483562,28756491,29354100,5532885,2026-09-21 00:00:00
001289,龙源电力,15.05,0.0665,0.0572,1158080,8554514,4875301,6588919,-9110052,2026-09-21 00:00:00
001296,长江材料,20.23,4.7644,6.6239,2536400,0,24502013,16225407,10813006,2026-09-21 00:00:00
001298,好上好,17.11,-0.0584,1.2587,0,0,8333111,13264758,-4931647,2026-09-21 00:00:00
001299,美能能源,10.41,5.6853,4.8621,4589617,3451944,28162967,29105467,195173,2026-09-21 00:00:00
001300,三柏硕,12.49,5.0463,2.4637,0,3284366,11023386,14098412,-6359392,2026-09-21 00:00:00
001301,尚太科技,50.83,-2.2124,1.5264,13502206,5501883,32815717,36535868,4280172,2026-09-21 00:00:00
001306,夏厦精密,57.72,4.3007,13.6747,5684375,7025832,21174310,22401678,-2568825,2026-09-21 00:00:00
001308,康冠科技,18.17,0.4422,0.2283,1025352,0,2902365,2527744,1399973,2026-09-21 00:00:00
001309,德明利,415,0.4624,6.2927,805703520,745090816,1184085360,1272209408,-27511344,2026-09-21 00:00:00
001311,多利科技,17.45,4.5536,2.3343,0,0,7807304,8100754,-293450,2026-09-21 00:00:00
001312,福恩股份,18.36,-1.3963,7.6854,1024088,4119643,11226130,17264197,-9133622,2026-09-21 00:00:00
001313,粤海饲料,7.49,4.7552,2.4285,3932534,3040521,27851724,24454224,4289513,2026-09-21 00:00:00
001314,亿道信息,54.19,-0.3494,3.5026,704000,6407045,25077946,43420875,-24045974,2026-09-21 00:00:00
001316,润贝航科,29.62,5.3718,4.1465,8478916,11739215,36336117,26477852,6597966,2026-09-21 00:00:00
001317,三羊马,59.96,9.9982,13.416,164602015,64956876,162772545,152335594,110082090,2026-09-21 00:00:00
001318,阳光乳业,11.78,3.3333,0.9953,0,0,3222075,5047231,-1825156,2026-09-21 00:00:00
001319,铭科精技,22.34,1.3612,2.6641,0,0,5976209,7331022,-1354813,2026-09-21 00:00:00
001322,箭牌家居,6.32,2.7642,0.4696,0,0,2860931,3306412,-445481,2026-09-21 00:00:00
001323,慕思股份,17.7,2.907,0.3742,0,0,3175746,2058507,1117239,2026-09-21 00:00:00
001324,长青科技,21.42,3.6284,4.672,3791424,4160509,32113854,32080655,-335886,2026-09-21 00:00:00
001325,元创股份,37.1,0.5148,4.0808,0,1373888,3420565,4484778,-2438101,2026-09-21 00:00:00
001326,联域股份,94.71,1.8935,15.7935,45938421,32000014,74360938,89597551,-1298206,2026-09-21 00:00:00
001328,登康口腔,30.26,0.934,0.4508,0,0,745593,1715657,-970064,2026-09-21 00:00:00
001330,博纳影业,5.56,1.6453,6.8337,41318346,37066455,96431111,98234067,2448935,2026-09-21 00:00:00
001331,胜通能源,46.16,2.8979,2.4301,29649834,56358141,103492590,69218035,7566248,2026-09-21 00:00:00
001332,锡装股份,28.82,-0.2768,8.091,2224302,0,18323226,17414772,3132756,2026-09-21 00:00:00
001333,光华股份,19.58,2.4594,1.8418,0,136430,1589844,2397288,-943874,2026-09-21 00:00:00
001335,信凯科技,33.23,2.4353,3.149,0,0,4940170,1899906,3040264,2026-09-21 00:00:00
001336,楚环科技,19.68,2.6604,5.8097,1162280,3535994,8086984,7700132,-1986862,2026-09-21 00:00:00
001337,四川黄金,50.25,-0.2976,2.1013,39023685,67853752,72448853,91355931,-47737145,2026-09-21 00:00:00
001338,永顺泰,9.22,1.6538,1.4137,1257432,0,10724593,11821184,160841,2026-09-21 00:00:00
001339,智微智能,80.41,0.2743,3.743,15141581,9000194,110017729,90149596,26009520,2026-09-21 00:00:00
001356,富岭股份,9.75,1.6684,4.575,0,0,12184125,15786068,-3601943,2026-09-21 00:00:00
001358,兴欣新材,25.21,2.6466,4.6461,5252279,7791112,9323633,4460612,2324188,2026-09-21 00:00:00
001359,平安电工,88.15,-0.3842,3.875,7116846,21106302,38425794,36809780,-12373442,2026-09-21 00:00:00
001360,南矿集团,21.28,3.5019,6.3255,4665313,10525543,41540105,32249690,3430185,2026-09-21 00:00:00
001365,天海电子,37.36,-2.5052,19.6893,15524312,33583307,55339850,82854476,-45573621,2026-09-21 00:00:00
001366,播恩集团,13.46,3.3794,3.9367,0,1370930,7395428,8649821,-2625323,2026-09-21 00:00:00
001367,海森药业,21.41,4.1342,1.8719,1047500,2743000,9297308,10161946,-2560138,2026-09-21 00:00:00
001368,通达创智,33.3,2.6194,4.9226,5184101,8799497,24926136,34134422,-12823682,2026-09-21 00:00:00
001369,双欣材料,12.7,2.008,4.7534,2281996,3578296,27968602,27903162,-1230860,2026-09-21 00:00:00
001373,翔腾新材,32.44,10.0034,6.374,29416275,6676152,13862699,20115381,16487441,2026-09-21 00:00:00
001376,百通能源,13.93,10.0316,7.7144,80246177,20588822,39301998,46722040,52237313,2026-09-21 00:00:00
001378,德冠新材,23.98,1.7395,12.2941,8689233,11911988,36943222,41816615,-8096148,2026-09-21 00:00:00
001379,腾达科技,15.88,2.0566,2.0393,0,0,1273118,724434,548684,2026-09-21 00:00:00
001380,华纬科技,18.93,2.3243,0.927,3133278,0,6452844,6666837,2919285,2026-09-21 00:00:00
001382,新亚电缆,16.68,0.9685,2.3669,0,0,781490,570002,211488,2026-09-21 00:00:00
001386,马可波罗,16.37,2.6332,4.112,6533992,0,12562466,11158323,7938135,2026-09-21 00:00:00
001387,雪祺电气,11.74,2.087,1.873,1306723,0,1620083,1941374,985432,2026-09-21 00:00:00
001388,信通电子,20.76,2.0649,2.8862,1650503,0,15412911,13522854,3540560,2026-09-21 00:00:00
001389,广合科技,185.93,9.9982,9.1679,1296100592,670411712,519448672,654207888,490929664,2026-09-21 00:00:00
001390,古麒绒材,17.7,4.4248,4.4394,0,1054558,21583042,19335164,1193320,2026-09-21 00:00:00
001391,国货航,4.02,0,1.2921,6793122,5403274,16684119,22661617,-4587650,2026-09-21 00:00:00
001393,维通利,43.2,-1.5945,5.9831,3448000,6208221,30511744,23707172,4044351,2026-09-21 00:00:00
001395,亚联机械,29.8,2.7586,2.747,0,0,3837629,3687216,150413,2026-09-21 00:00:00
001396,誉帆科技,32.77,0.7378,4.4597,0,3289000,4398584,4570140,-3460556,2026-09-21 00:00:00
001399,惠科股份,,,,301140688,412406304,641668384,557403312,-27000544,2026-09-21 00:00:00
001400,江顺科技,76.18,1.0211,4.4337,1430352,5269186,12964400,15702730,-6577164,2026-09-21 00:00:00
001696,宗申动力,15.52,0.6485,2.7341,21088987,32790740,68893664,87801819,-30609908,2026-09-21 00:00:00
001872,招商港口,23.09,0,0.0893,0,870234,3562858,3921623,-1228999,2026-09-21 00:00:00
001896,豫能控股,12.13,0.1652,4.3849,39584622,80947633,171735452,183279861,-52907420,2026-09-21 00:00:00
001914,招商积余,9.17,2.9181,0.9707,3787003,0,15963019,15956766,3793256,2026-09-21 00:00:00
001965,招商公路,9.7,-2.2177,0.2131,4103258,12009109,17650648,18571949,-8827152,2026-09-21 00:00:00
001979,招商蛇口,7.38,4.3847,1.9384,118671833,129553477,305265600,310118592,-15734636,2026-09-21 00:00:00
002001,新 和 成,26.76,1.6717,0.7052,63066897,69752152,143833582,144084855,-6936528,2026-09-21 00:00:00
002003,伟星股份,11.43,-0.9532,1.4238,2596159,0,14039831,19072454,-2436464,2026-09-21 00:00:00
002004,华邦健康,4.54,3.653,1.9651,9510529,9113750,36152140,42102516,-5553597,2026-09-21 00:00:00
002005,德豪润达,2.64,-0.7519,4.0553,9478743,16683931,34178663,38673761,-11700286,2026-09-21 00:00:00
002006,精工科技,13.53,1.5766,1.1751,7170809,4247987,17891691,18763199,2051314,2026-09-21 00:00:00
002007,华兰生物,13.3,2.8616,1.1494,19552538,14627129,47888239,37157798,15655850,2026-09-21 00:00:00
002008,大族激光,96.55,-3.0622,5.5429,665521840,858221264,1201654768,1172104720,-163149376,2026-09-21 00:00:00
002009,天奇股份,15.81,1.4763,2.1133,4502782,3998967,21984672,26153429,-3664942,2026-09-21 00:00:00
002010,传化智联,4.59,1.1013,0.4338,4700500,0,10839011,12478395,3061116,2026-09-21 00:00:00
002011,盾安环境,14.76,3.9437,4.1975,60548984,37445044,146367907,121326847,48145000,2026-09-21 00:00:00
002012,凯恩股份,7.4,0.6803,1.5438,0,1292830,9561599,8574867,-306098,2026-09-21 00:00:00
002014,永新股份,11,0.2735,0.2485,374418,0,2655909,1243328,1786999,2026-09-21 00:00:00
002015,协鑫能科,16.11,1.1935,3.4625,83683869,83605266,197588153,210081927,-12415171,2026-09-21 00:00:00
002016,世荣兆业,4.71,3.7445,1.8308,2065729,1416000,11833807,12234951,248585,2026-09-21 00:00:00
002017,东信和平,15.01,5.5556,6.0106,37109935,24420404,115880400,66917450,61652481,2026-09-21 00:00:00
002019,亿帆医药,9.63,2.7748,1.3964,12167988,7374187,24942732,19001828,10734705,2026-09-21 00:00:00
002020,京新药业,11.75,3.0702,2.462,19525396,7063672,43500760,48077444,7885040,2026-09-21 00:00:00
002021,中捷资源,2.68,1.5152,1.9027,4361662,5475502,10518270,10432511,-1028081,2026-09-21 00:00:00
002022,科华生物,6.17,9.9822,4.6009,55360064,9407399,25209728,30013049,41149344,2026-09-21 00:00:00
002023,海特高新,10.02,5.5848,3.1551,21206270,4800667,69242048,34924722,50722929,2026-09-21 00:00:00
002024,ST易购,1.17,0.8621,0.2518,2335000,1989000,12814321,11988763,1171558,2026-09-21 00:00:00
002025,航天电器,74.23,0.0404,2.2612,43946099,85028472,139294007,152883209,-54671575,2026-09-21 00:00:00
002026,山东威达,10.99,-3.9336,6.6828,19952724,74715919,74391807,83514182,-63885570,2026-09-21 00:00:00
002027,分众传媒,4.76,2.1459,0.826,151383955,44744076,108998637,151963686,63674830,2026-09-21 00:00:00
002028,思源电气,138.89,0.6449,1.1187,111237409,113722149,185429822,222162052,-39216970,2026-09-21 00:00:00
002029,七 匹 狼,9.16,1.7778,6.1345,22939190,10049521,72670363,62914849,22645183,2026-09-21 00:00:00
002030,达安基因,5.62,4.6555,2.5339,12241599,10576065,36725094,41043376,-2652748,2026-09-21 00:00:00
002031,巨轮智能,5.27,0.381,3.7672,40804927,38292459,73149191,87682504,-12020845,2026-09-21 00:00:00
002032,苏 泊 尔,39.25,-2.1929,0.2224,0,588744,9659709,9367639,-296674,2026-09-21 00:00:00
002033,丽江股份,8.54,0.9456,2.5945,7648875,7969170,28871941,29982424,-1430778,2026-09-21 00:00:00
002034,旺能环境,14.57,1.3213,0.9405,2833600,424800,13799449,11093776,5114473,2026-09-21 00:00:00
002035,华帝股份,4.67,3.3186,1.9893,6469896,2416994,25841986,12911511,16983377,2026-09-21 00:00:00
002036,联创电子,6.33,0.1582,2.3763,2549592,5833477,25760242,28407918,-5931561,2026-09-21 00:00:00
002037,保利联合,7.04,4.2963,1.2896,2120942,0,8649050,6700388,4069604,2026-09-21 00:00:00
002038,双鹭药业,5.92,5.3381,4.5766,14089352,6692982,41901336,56894212,-7596506,2026-09-21 00:00:00
002039,黔源电力,19.35,0.2071,1.0161,30608,3019328,10563054,12475936,-4901602,2026-09-21 00:00:00
002040,南 京 港,9.57,3.125,5.232,4186310,1845646,34845480,44814176,-7628032,2026-09-21 00:00:00
002041,登海种业,10.57,2.7211,5.2376,20263784,44118708,83791521,102693957,-42757360,2026-09-21 00:00:00
002042,华孚时尚,4.22,9.8958,4.8938,127616857,32867151,56824253,82854187,68719772,2026-09-21 00:00:00
002043,兔 宝 宝,11.47,4.0835,2.6276,11920288,11004994,32703198,50518066,-16899574,2026-09-21 00:00:00
002044,美年健康,4.56,3.1674,2.6123,64942376,36440919,91400025,103952601,15948881,2026-09-21 00:00:00
002045,国光电器,9.06,0.1105,2.0668,0,0,14225243,17004375,-2779132,2026-09-21 00:00:00
002046,国机精工,64.62,0.6072,2.9913,196025594,207171431,319324720,282126880,26052003,2026-09-21 00:00:00
002047,宝鹰股份,3.48,2.3529,2.4725,11823629,9680811,31205303,31637526,1710595,2026-09-21 00:00:00
002048,宁波华翔,18.99,3.6572,2.6919,21844404,21432830,76616477,79373654,-2345603,2026-09-21 00:00:00
002049,紫光国微,61.37,0.1469,1.2754,57253392,97055651,164681008,168360450,-43481701,2026-09-21 00:00:00
002050,三花智控,36.18,2.4639,1.7605,346711760,259229038,630117520,575369584,142230658,2026-09-21 00:00:00
002051,中工国际,9.13,3.0474,3.3975,27439647,44671441,86397732,97780656,-28614718,2026-09-21 00:00:00
002052,同洲电子,8.56,2.0262,0.9038,1277550,3415407,11106239,9699021,-730639,2026-09-21 00:00:00
002053,云南能投,9.72,0.9346,0.5925,2938261,2274123,13284523,7616851,6331810,2026-09-21 00:00:00
002054,德美化工,7.19,1.6973,1.802,0,0,6200998,9829460,-3628462,2026-09-21 00:00:00
002055,ST得润,6.96,4.5045,3.0391,15233028,4362602,38102857,35055245,13918038,2026-09-21 00:00:00
002056,横店东磁,20.26,-0.197,1.0292,8759600,15494175,88647052,77148091,4764386,2026-09-21 00:00:00
002057,中钢天源,9.12,1.8994,1.9008,16682253,11519919,27387645,23243524,9306455,2026-09-21 00:00:00
002058,紫竹高科,17.87,6.0534,4.1229,759690,0,19855557,12267827,8347420,2026-09-21 00:00:00
002059,云南旅游,4.67,2.6374,8.0007,15613823,13637316,59738442,62929101,-1214152,2026-09-21 00:00:00
002060,广东建工,3.06,0.3279,1.3266,7896974,3588112,9588480,14034819,-137477,2026-09-21 00:00:00
002061,浙江交科,3.37,0.8982,0.467,1434048,1011024,9354273,7376022,2401275,2026-09-21 00:00:00
002062,宏润建设,9.67,1.3627,2.7672,26458524,23798713,83035229,87527153,-1832113,2026-09-21 00:00:00
002063,远光软件,5.4,0.9346,0.8852,10314658,5491495,20566240,15757798,9631605,2026-09-21 00:00:00
002064,华峰化学,10.09,1.7137,0.923,25181493,13460711,145200717,99649015,57272484,2026-09-21 00:00:00
002065,东华软件,6.78,1.8018,1.2655,18864072,12768174,64675169,53702659,17068408,2026-09-21 00:00:00
002066,瑞泰科技,20.19,0.95,1.0673,2224984,1533639,11748182,14866351,-2426824,2026-09-21 00:00:00
002067,景兴纸业,4.19,2.445,2.153,8013534,4170000,28766722,24806157,7804099,2026-09-21 00:00:00
002068,黑猫股份,9.88,-1.002,8.2953,22001093,26611184,106409067,117516313,-15717337,2026-09-21 00:00:00
002069,獐子岛,3.83,4.9315,2.1026,2174882,0,8647811,8989303,1833390,2026-09-21 00:00:00
002072,凯瑞德,7.24,1.9718,2.6416,0,3659831,6546447,9038381,-6151765,2026-09-21 00:00:00
002073,软控股份,5.75,0.5245,0.973,3771200,2164416,9610900,10686057,531627,2026-09-21 00:00:00
002074,国轩高科,26.67,2.0275,1.4856,112525946,36117597,184253838,169914192,90747995,2026-09-21 00:00:00
002075,沙钢股份,3.58,0.5618,0.8773,4877987,2836100,13720172,14726852,1035207,2026-09-21 00:00:00
002076,星光股份,2.17,1.8779,2.3669,3091668,2533692,17402902,13968654,3992224,2026-09-21 00:00:00
002077,大港股份,14.42,-0.5517,9.6918,21354043,47366966,148071285,166489787,-44431425,2026-09-21 00:00:00
002078,太阳纸业,13.9,-1.3485,0.6851,16162160,18732483,53937323,30068513,21298487,2026-09-21 00:00:00
002079,苏州固锝,9.18,0,2.9231,10367009,13018433,38772632,51170149,-15048941,2026-09-21 00:00:00
002080,中材科技,66.24,9.9967,7.9419,3744084368,2540998880,1744968512,2015787392,932266608,2026-09-21 00:00:00
002081,金 螳 螂,5.16,4.878,10.029,173461385,129649069,278971104,247565822,75217598,2026-09-21 00:00:00
002082,ST万邦,10.11,5.6426,2.8064,4552749,5800974,42266098,40622294,395579,2026-09-21 00:00:00
002083,孚日股份,9.77,0.2051,2.6146,8341167,14037910,57151711,54600891,-3145923,2026-09-21 00:00:00
002084,海鸥住工,6.12,10.0719,8.6238,60188636,31058628,94967496,62616003,61481501,2026-09-21 00:00:00
002085,万丰奥威,9.64,0.6263,1.3164,19835209,33611901,66703261,59329124,-6402555,2026-09-21 00:00:00
002086,东方海洋,2.1,4.4776,4.3888,14237371,12036008,25574458,31552662,-3776841,2026-09-21 00:00:00
002088,鲁阳节能,8.15,2.3869,0.4855,0,0,3279072,1574653,1704419,2026-09-21 00:00:00
002090,金智科技,9.2,0.3272,1.6436,3655297,4453428,9902429,14989482,-5885184,2026-09-21 00:00:00
002091,江苏国泰,7.59,-0.3937,0.7295,2271000,5601800,18943506,14857561,755145,2026-09-21 00:00:00
002092,中泰化学,4.59,3.8462,1.8376,36795248,6078845,57675693,45078708,43313388,2026-09-21 00:00:00
002093,国脉科技,7.45,0.6757,2.8473,2545888,8036217,46435432,43022343,-2077240,2026-09-21 00:00:00
002094,青岛金王,5.49,7.2266,10.3377,69520990,25415559,74377808,48647984,69835255,2026-09-21 00:00:00
002095,生 意 宝,16.2,0.2475,4.9186,4343271,9940596,35559740,33682741,-3720326,2026-09-21 00:00:00
002096,易普力,9.4,2.6201,0.5816,4509241,1461715,11708525,12871567,1884484,2026-09-21 00:00:00
002097,山河智能,7.1,0.2825,2.1005,3630607,4804513,43606986,32911144,9521936,2026-09-21 00:00:00
002098,浔兴股份,8.31,5.0569,1.9539,1179570,1047228,9734952,5172358,4694936,2026-09-21 00:00:00
002099,海翔药业,5.5,2.6119,1.399,6510841,6320543,20721640,35814695,-14902757,2026-09-21 00:00:00
002100,天康生物,7.93,4.3421,1.7821,2739456,2767416,28978884,36085796,-7134872,2026-09-21 00:00:00
002101,广东鸿图,8.83,1.7281,0.6951,5154652,484196,5012571,7970092,1712935,2026-09-21 00:00:00
002102,ST能特,2.83,4.428,0.8793,0,1004640,16418747,10411074,5003033,2026-09-21 00:00:00
002103,广博股份,6.6,1.6949,1.2906,0,1045800,4991440,1983273,1962367,2026-09-21 00:00:00
002104,恒宝股份,11.8,6.0198,15.4324,63940571,46979017,220291009,158857697,78394866,2026-09-21 00:00:00
002105,信隆健康,6.08,2.8765,2.0024,0,0,4675248,2596613,2078635,2026-09-21 00:00:00
002106,莱宝高科,12.45,-0.5591,5.4728,20249483,18572632,122404989,131887622,-7805782,2026-09-21 00:00:00
002107,沃华医药,7.24,5.5394,5.0905,11436411,3808548,45632963,47269912,5990914,2026-09-21 00:00:00
002108,沧州明珠,4.44,1.3699,1.0743,4827502,1653080,17986558,24879979,-3718999,2026-09-21 00:00:00
002109,ST兴化,2.82,1.8051,0.3788,0,0,5826802,2682647,3144155,2026-09-21 00:00:00
002110,三钢闽光,2.94,1.0309,0.7964,4479575,2568305,9292822,10282144,921948,2026-09-21 00:00:00
002111,威海广泰,9.46,-0.3161,2.2027,3670020,12021215,12828898,15158390,-10680687,2026-09-21 00:00:00
002112,三变科技,14.68,0.0682,2.6597,5326841,7530652,15617535,21216213,-7802489,2026-09-21 00:00:00
002114,罗平锌电,7.35,1.6598,1.8238,1244162,1245540,3329026,5362264,-2034616,2026-09-21 00:00:00
002115,三维通信,10.14,0.4955,3.3207,18350284,26545253,59627424,46522546,4909909,2026-09-21 00:00:00
002116,中国海诚,7.25,1.3986,0.5324,0,0,3412784,2461395,951389,2026-09-21 00:00:00
002117,东港股份,7.88,3.0065,1.7964,12683095,4717653,19304712,15219915,12050239,2026-09-21 00:00:00
002119,康强电子,24.76,-0.2417,9.2216,30101921,36723600,162675103,180986547,-24933123,2026-09-21 00:00:00
002120,韵达股份,7.06,1.2912,1.5565,24297566,42883149,61610427,88694819,-45669975,2026-09-21 00:00:00
002121,科陆电子,4.59,-4.375,4.2466,20728186,21743085,53170914,59393039,-7237024,2026-09-21 00:00:00
002122,ST汇洲,2.8,1.4493,0.5107,2799720,1148085,10657783,9038353,3271065,2026-09-21 00:00:00
002123,梦网科技,8.02,5.1114,5.4191,25899663,4508457,71297076,45572862,47115420,2026-09-21 00:00:00
002124,天邦食品,2.3,2.2222,5.1123,10343440,31828793,52290361,52067956,-21262948,2026-09-21 00:00:00
002125,湘潭电化,12.24,1.157,1.6017,14868662,7776240,32061212,28375296,10778338,2026-09-21 00:00:00
002126,银轮股份,39.1,-0.6858,1.4944,36718252,51887031,88676134,119481590,-45974235,2026-09-21 00:00:00
002127,南极电商,3.04,0.9967,1.9586,3338818,7194062,28045858,22855637,1334977,2026-09-21 00:00:00
002128,电投能源,27.5,-0.5785,0.8421,47090471,36822461,144487984,117563244,37192750,2026-09-21 00:00:00
002129,TCL中环,9.02,2.8506,1.7354,130576808,58514846,125327260,157560425,39828797,2026-09-21 00:00:00
002130,沃尔核材,17.18,0.2334,2.5959,26044652,41780127,113705920,116950062,-18979617,2026-09-21 00:00:00
002131,利欧股份,4.51,0.2222,3.5076,129769816,147349318,177865174,184921049,-24635377,2026-09-21 00:00:00
002132,恒星科技,4.3,-0.6928,2.7244,4956880,37440448,37900677,37469128,-32052019,2026-09-21 00:00:00
002133,广宇集团,2.92,4.6595,2.5702,98260,710050,6338170,7287289,-1560909,2026-09-21 00:00:00
002134,天津普林,26.72,-1.4022,12.7869,55559455,96108687,149080225,154148883,-45617890,2026-09-21 00:00:00
002135,东南网架,6.11,0.1639,0.9839,11607229,12632719,11257833,13160174,-2927831,2026-09-21 00:00:00
002136,安 纳 达,12.02,1.3491,2.3492,3185020,1017588,11078718,17804897,-4558747,2026-09-21 00:00:00
002137,实益达,8.6,-0.8074,17.6732,8979481,21525080,92532652,114098693,-34111640,2026-09-21 00:00:00
002138,顺络电子,53.37,1.6184,4.4171,244464864,128559735,456297344,418196112,154006361,2026-09-21 00:00:00
002139,拓邦股份,9.7,0.8316,1.128,5743254,2528660,28477359,22772236,8919717,2026-09-21 00:00:00
002140,东华科技,9.69,5.4407,1.8835,14999331,3585025,30339592,22600769,19153129,2026-09-21 00:00:00
002141,贤丰控股,6.75,3.8462,14.8364,60770743,62385424,250723860,198114751,50994428,2026-09-21 00:00:00
002142,宁波银行,34.89,0.6926,0.3639,49833545,28244561,177399888,152841983,46146889,2026-09-21 00:00:00
002144,宏达高科,10.81,3.3461,2.373,2009311,0,2260075,3474621,794765,2026-09-21 00:00:00
002145,钛能化学,4.85,5.4348,3.3215,104001467,59049781,120615428,132928263,32638851,2026-09-21 00:00:00
002146,荣盛发展,1.26,5,7.0352,97608167,58361461,86042369,107174705,18114370,2026-09-21 00:00:00
002148,北纬科技,6.34,1.44,1.6196,3794461,2247150,6421795,5725227,2243879,2026-09-21 00:00:00
002149,西部材料,34,0.1178,2.8411,8074630,19677723,73468229,79668612,-17803476,2026-09-21 00:00:00
002150,正泰电源,21.18,-0.2825,1.7117,9613880,4502768,24398712,16522192,12987632,2026-09-21 00:00:00
002151,北斗星通,29.21,1.3884,2.7588,32225106,39421789,61764544,65497457,-10929596,2026-09-21 00:00:00
002152,广电运通,9.34,0.6466,0.5521,3592074,4424718,32541219,25710060,5998515,2026-09-21 00:00:00
002153,石基信息,7.75,2.3778,0.8509,9806300,0,17314999,16482123,10639176,2026-09-21 00:00:00
002154,报 喜 鸟,3.89,0.5168,2.1005,4043496,7893687,14731786,16999762,-6118167,2026-09-21 00:00:00
002155,湖南黄金,25.29,-1.8245,2.9274,106420957,241758308,281069184,307948016,-162216183,2026-09-21 00:00:00
002156,通富微电,61.18,-0.3258,4.8853,757747520,818383248,995567360,1165664848,-230733216,2026-09-21 00:00:00
002157,正邦科技,3.06,0.9901,1.7777,41434433,53597245,140884574,131187355,-2465593,2026-09-21 00:00:00
002158,汉钟精机,28.55,0.6345,1.9957,7545649,13933485,41139829,56630001,-21878008,2026-09-21 00:00:00
002159,三特索道,13.8,4.5455,2.7839,0,0,8246106,8057537,188569,2026-09-21 00:00:00
002160,常铝股份,3.96,1.2788,0.9601,3052485,0,7403095,5816211,4639369,2026-09-21 00:00:00
002161,远 望 谷,7.16,-1.2414,11.9726,21315766,71982214,132586050,86740048,-4820446,2026-09-21 00:00:00
002162,悦心健康,4.28,5.9406,5.4218,7456350,3737220,34485035,41514136,-3309971,2026-09-21 00:00:00
002163,海南发展,8.07,4.3984,6.1356,16344740,8055975,58051683,74412442,-8071994,2026-09-21 00:00:00
002164,宁波东力,11.1,5.8151,3.8708,22114771,6444748,46873389,36945296,25598116,2026-09-21 00:00:00
002165,红 宝 丽,7.34,3.966,9.0117,28807923,17801514,91037466,66451023,35592852,2026-09-21 00:00:00
002166,莱茵生物,6.82,3.177,1.7502,5477256,404336,13478340,19002494,-451234,2026-09-21 00:00:00
002167,东方锆业,16.76,3.1385,6.7083,72913034,67489187,173275830,156234350,22465327,2026-09-21 00:00:00
002168,ST惠程,3.66,0.5495,0.5183,0,1086000,3816972,3987673,-1256701,2026-09-21 00:00:00
002169,智光电气,14.9,9.1575,8.639,190664910,94881428,244316888,263275809,76824561,2026-09-21 00:00:00
002170,芭田股份,10.98,0.9191,1.5581,18783385,10515394,35025414,26570387,16723018,2026-09-21 00:00:00
002171,楚江新材,10.82,0.7449,3.2541,41672639,30120961,129015072,128948174,11618576,2026-09-21 00:00:00
002172,澳洋健康,5.81,10.0379,15.0745,266582712,142437838,146633861,124536788,146241947,2026-09-21 00:00:00
002173,创新医疗,18.6,3.9687,9.3124,34981489,22667648,135364405,143193415,4484831,2026-09-21 00:00:00
002174,游族网络,14.57,3.041,5.1393,72831842,51138250,260054263,184889158,96858697,2026-09-21 00:00:00
002175,*ST东智,2.54,0.3953,0.7702,1204027,2918355,6118304,8825486,-4421510,2026-09-21 00:00:00
002176,江特电机,8.56,0.3517,1.828,21177002,36608671,62145614,63526440,-16812495,2026-09-21 00:00:00
002177,御银股份,5.79,2.8419,3.4658,13350987,4830347,23193956,22680908,9033688,2026-09-21 00:00:00
002178,延华智能,5.08,9.9567,6.6049,149796721,37593524,40474238,52246777,100430658,2026-09-21 00:00:00
002179,中航光电,35.63,0.3097,0.9737,100740686,75882002,143241642,177435517,-9335191,2026-09-21 00:00:00
002180,奔图科技,17.45,8.4525,2.3382,79775876,22817231,158466039,157635151,57789533,2026-09-21 00:00:00
002181,粤 传 媒,9.53,0.9534,5.0793,19213367,19022266,105032552,106836148,-1612495,2026-09-21 00:00:00
002182,宝武镁业,11.67,1.039,0.7372,3763001,0,17729770,17844131,3648640,2026-09-21 00:00:00
002183,怡 亚 通,4.37,1.6279,1.7538,20474057,29346188,43555267,41198715,-6515579,2026-09-21 00:00:00
002184,海得控制,10.04,3.2922,2.962,1497934,0,17853524,12166273,7185185,2026-09-21 00:00:00
002185,华天科技,18.55,2.8841,17.4239,1768153264,2909431520,1836190512,1994693712,-1299781456,2026-09-21 00:00:00
002186,全 聚 德,9.63,3.6598,1.8424,0,0,4876202,11313530,-6437328,2026-09-21 00:00:00
002187,广百股份,5.72,2.3256,1.1768,0,0,3974181,6269345,-2295164,2026-09-21 00:00:00
002188,中天服务,5.6,4.2831,4.0795,1397502,1680000,4719864,8662764,-4225398,2026-09-21 00:00:00
002189,中光学,19.41,0.3101,0.9246,2540676,2047865,6395928,8712207,-1823468,2026-09-21 00:00:00
002190,成飞集成,24.5,0.6574,1.227,3106288,1180090,20375263,20708996,1592465,2026-09-21 00:00:00
002191,劲嘉股份,3.66,0.8264,0.8437,9132012,6209490,7611764,10391393,142893,2026-09-21 00:00:00
002192,融捷股份,62.28,2.4511,5.6235,78077251,56154286,212818246,201413751,33327460,2026-09-21 00:00:00
002193,ST如意,4.67,0,1.1919,0,0,2054241,4425990,-2371749,2026-09-21 00:00:00
002194,武汉凡谷,11.18,1.6364,7.8567,24509773,5301452,80187050,87793017,11602354,2026-09-21 00:00:00
002195,岩山科技,6.22,0.974,1.4924,60901525,86944751,111548864,102574586,-17068948,2026-09-21 00:00:00
002196,方正电机,10.34,1.9724,4.6158,6386160,6935999,39716067,48378034,-9211806,2026-09-21 00:00:00
002197,证通电子,6.7,1.9787,3.881,0,2345892,29630904,27176140,108872,2026-09-21 00:00:00
002198,ST嘉应,3.72,1.6393,1.2034,0,1663212,9601312,11346546,-3408446,2026-09-21 00:00:00
002199,东晶电子,13.05,5.2419,6.4266,13094279,7007538,49300020,35516429,19870332,2026-09-21 00:00:00
002200,交投生态,6.57,2.0186,1.8941,0,0,1390547,3654838,-2264291,2026-09-21 00:00:00
002201,九鼎新材,10.85,1.9737,11.3411,30428200,47664138,153353861,133566006,2551917,2026-09-21 00:00:00
002202,金风科技,18.13,-0.3846,1.865,87984677,135457746,225734540,291117104,-112855633,2026-09-21 00:00:00
002203,海亮股份,18.24,-1.1918,0.7676,17377750,23039762,61849062,68088216,-11901166,2026-09-21 00:00:00
002204,大连重工,5.56,-0.1795,2.1576,17223060,17802464,49815960,56044977,-6808421,2026-09-21 00:00:00
002205,国统股份,10.68,3.1884,1.7345,0,0,283378,1709621,-1426243,2026-09-21 00:00:00
002206,海 利 得,5.01,1.0081,0.5554,6365476,1239528,3382228,7583839,924337,2026-09-21 00:00:00
002207,*ST准油,5.62,0,2.0109,0,1428758,5337296,7321827,-3413289,2026-09-21 00:00:00
002208,合肥城建,10.38,3.5928,4.4975,17286091,22813565,83507678,70147213,7832991,2026-09-21 00:00:00
002209,达 意 隆,13.43,3.3077,3.1484,1303405,1201616,16201923,7561501,8742211,2026-09-21 00:00:00
002210,飞马国际,2.2,1.8519,1.5317,5304728,5429134,14282167,16397059,-2239298,2026-09-21 00:00:00
002211,ST宏达,3.82,0,1.1307,0,1536000,6542376,5261279,-254903,2026-09-21 00:00:00
002212,天融信,7.28,2.9703,12.4072,98855729,79389245,271101408,244000834,46567058,2026-09-21 00:00:00
002213,大为股份,29.58,0.6807,6.8356,15405017,10616305,87197123,86885350,5100485,2026-09-21 00:00:00
002214,大立科技,18.82,4.5556,2.0767,10825490,7277966,46744645,31421529,18870640,2026-09-21 00:00:00
002215,诺 普 信,10.04,3.8263,3.8423,21018529,30886129,106674091,88055891,8750600,2026-09-21 00:00:00
002216,三全食品,11.75,0.7719,0.5671,200925,0,5636699,4783559,1054065,2026-09-21 00:00:00
002217,ST合力泰,1.65,1.8519,2.7498,18592064,9054541,111050808,111597221,8991110,2026-09-21 00:00:00
002218,拓日新能,4.32,0.4651,4.4791,10022015,6709890,49171692,53813332,-1329515,2026-09-21 00:00:00
002219,新里程,2.18,3.8095,4.0878,34550302,23472390,59697831,74628123,-3852380,2026-09-21 00:00:00
002221,东华能源,5.82,3.5587,1.229,2440775,2338000,22883130,13855179,9130726,2026-09-21 00:00:00
002222,福晶科技,69.76,0.0861,4.7902,145136695,173852539,381280784,332018384,20546556,2026-09-21 00:00:00
002223,鱼跃医疗,26.37,0.6105,0.7812,11344121,30508895,40260651,41710310,-20614433,2026-09-21 00:00:00
002224,三 力 士,3.8,2.1505,1.7349,0,2615950,13016413,12235946,-1835483,2026-09-21 00:00:00
002225,濮耐股份,3.55,0.5666,2.3077,3911690,24004096,17625353,8327711,-10794764,2026-09-21 00:00:00
002226,江南化工,5.34,4.7059,2.7059,51305147,42184678,102837841,98836705,13121605,2026-09-21 00:00:00
002227,*ST特迅,6.54,2.3474,0.5257,0,0,1764514,1442712,321802,2026-09-21 00:00:00
002228,合兴包装,3.23,1.8927,1.5773,1553454,2609682,11138783,7057625,3024930,2026-09-21 00:00:00
002229,鸿博股份,11.11,1,4.4981,15518115,14045465,44291055,50839545,-5075840,2026-09-21 00:00:00
002230,科大讯飞,38.81,0.8576,0.6753,61158529,46200690,138456351,141636382,11777808,2026-09-21 00:00:00
002232,启明信息,15.75,1.7442,4.0109,4561125,3097913,45253140,40442494,6273858,2026-09-21 00:00:00
002233,塔牌集团,7.13,0,0.8773,673072,1537180,17458164,12547438,4046618,2026-09-21 00:00:00
002234,民和股份,7.95,2.0539,1.6544,32431,0,5040202,4721971,350662,2026-09-21 00:00:00
002235,安妮股份,8.12,-0.123,2.666,8045285,12717334,22357830,34854261,-17168480,2026-09-21 00:00:00
002236,大华股份,15.82,0.5083,0.6339,38079293,23463160,39715392,57886078,-3554553,2026-09-21 00:00:00
002237,恒邦股份,13.74,-1.0086,1.2341,11468328,18100636,38513810,37430630,-5549128,2026-09-21 00:00:00
002238,天威视讯,6.33,1.28,0.728,0,0,723289,1450064,-726775,2026-09-21 00:00:00
002239,奥特佳,2.52,1.2048,1.5944,27389446,12131119,35078956,22335222,28002061,2026-09-21 00:00:00
002240,盛新锂能,27.46,1.2537,2.082,29090371,21370533,111004660,92989650,25734848,2026-09-21 00:00:00
002241,歌尔股份,23.8,2.0146,3.0212,352643680,293749008,413295232,624839440,-152649536,2026-09-21 00:00:00
002242,九阳股份,9.5,0.7423,1.8775,6295204,14645923,31582584,27816015,-4584150,2026-09-21 00:00:00
002243,力合科创,7.13,0.8487,0.735,1041613,2656784,9848845,10965615,-2731941,2026-09-21 00:00:00
002244,滨江集团,8.79,6.8044,2.9597,61319875,59959814,164129132,188504858,-23015665,2026-09-21 00:00:00
002245,蔚蓝锂芯,17.54,-3.8904,3.812,62040866,186990162,211363100,266915500,-180501696,2026-09-21 00:00:00
002246,北化股份,26.27,10.0084,6.6903,502768256,304912976,181935553,227822268,151968565,2026-09-21 00:00:00
002247,聚力文化,2.48,4.2017,3.0907,0,0,4696476,9402531,-4706055,2026-09-21 00:00:00
002248,华东数控,9.74,1.2474,9.5863,18734403,5847822,55318080,48611138,19593523,2026-09-21 00:00:00
002249,大洋电机,6.55,2.8257,2.8288,27080257,18272203,81466008,70908781,19365281,2026-09-21 00:00:00
002250,联化科技,14.51,2.6893,1.2566,11117036,9746329,36889314,37887826,372195,2026-09-21 00:00:00
002251,步步高,3.59,2.2792,4.0789,32039742,21347682,67650052,75209695,3132417,2026-09-21 00:00:00
002252,上海莱士,5,1.4199,0.663,28740741,21320207,45796472,51199430,2017576,2026-09-21 00:00:00
002253,川大智胜,9.91,1.1224,1.6679,0,0,2050145,5706594,-3656449,2026-09-21 00:00:00
002254,泰和新材,12.72,1.3546,1.89,12169732,25164025,43259273,42386788,-12121808,2026-09-21 00:00:00
002255,海陆重工,7.71,0.3906,0.966,0,0,10338305,9232454,1105851,2026-09-21 00:00:00
002256,兆新股份,3.28,1.8634,1.6793,17179241,13486711,22958454,22659967,3991017,2026-09-21 00:00:00
002258,利尔化学,14.96,1.838,2.8335,34869451,42446534,96032508,93929893,-5474468,2026-09-21 00:00:00
002259,升达林业,4.52,9.9757,6.5365,55248257,20346328,64988138,45031176,54858891,2026-09-21 00:00:00
002261,拓维信息,25.94,-0.2308,3.8254,77067885,117990666,233736225,270085664,-77272220,2026-09-21 00:00:00
002262,恩华药业,21.85,1.6752,1.0098,1254396,3035504,40940413,43811601,-4652296,2026-09-21 00:00:00
002263,大东南,3.28,1.8634,3.0473,28142043,24419301,41369729,40984672,4107799,2026-09-21 00:00:00
002264,新 华 都,7.66,4.2177,12.3699,44512036,30292918,127901238,128662880,13457476,2026-09-21 00:00:00
002265,建设工业,20.44,1.3386,1.3886,11118072,19111687,56144644,57630695,-9479666,2026-09-21 00:00:00
002266,浙富控股,5.05,1.4056,1.5214,54170965,45808922,81094329,83797275,5659097,2026-09-21 00:00:00
002267,陕天然气,7.19,0.9831,0.4829,2467453,205205,3279069,6572713,-1031396,2026-09-21 00:00:00
002268,电科网安,14.93,1.3578,2.275,9736337,15621073,79845542,68063061,5897745,2026-09-21 00:00:00
002269,美邦服饰,1.45,2.1127,2.624,7468016,9177937,30994248,23337403,5946924,2026-09-21 00:00:00
002270,华明装备,18.38,0.1635,0.7818,0,1067970,15938650,18045968,-3175288,2026-09-21 00:00:00
002271,东方雨虹,10.73,3.7718,3.5742,131837911,55513908,228595054,156669271,148249786,2026-09-21 00:00:00
002272,川润股份,16.64,-0.538,5.3409,18687402,24683076,60427494,84507047,-30075227,2026-09-21 00:00:00
002273,水晶光电,25.61,0.5497,1.8236,42381698,64665732,146845131,145202042,-20640945,2026-09-21 00:00:00
002274,华昌化工,6.26,5.2101,4.272,24076568,5225998,42935483,48148068,13637985,2026-09-21 00:00:00
002275,桂林三金,12.35,1.9818,0.4229,0,0,5012505,4036333,976172,2026-09-21 00:00:00
002276,万马股份,10.16,1.2961,1.1001,3123411,2527874,23337226,20438929,3493834,2026-09-21 00:00:00
002277,友阿股份,5.55,0.1805,1.4126,11727837,21497575,24672647,23805301,-8902392,2026-09-21 00:00:00
002278,神开股份,8.1,1.5038,1.8252,0,1283370,2692744,5752302,-4342928,2026-09-21 00:00:00
002279,久其软件,6.86,1.0309,3.5013,10982353,8615047,41559048,30812150,13114204,2026-09-21 00:00:00
002281,光迅科技,193.76,-0.8393,3.4686,698582368,760245248,1176433136,1230818512,-116048256,2026-09-21 00:00:00
002282,博深股份,6.11,1.8333,0.6662,0,0,5042942,3502626,1540316,2026-09-21 00:00:00
002283,天润工业,8.18,-0.9685,1.7112,5635206,7998324,14605697,36006407,-23763828,2026-09-21 00:00:00
002284,亚太股份,9.9,3.5565,3.6216,13970901,9154773,85317758,64025224,26108662,2026-09-21 00:00:00
002285,世联行,3.18,10.0346,14.7277,156952469,88645470,195763918,201831762,62239155,2026-09-21 00:00:00
002286,保龄宝,7.95,3.2468,4.2485,5624568,2397338,32988320,32651732,3563818,2026-09-21 00:00:00
002287,奇正藏药,19.9,2.7362,0.3275,0,0,3984364,2916512,1067852,2026-09-21 00:00:00
002289,宇顺电子,36.61,-0.5973,1.4193,8232983,5108305,34485730,32436738,5173670,2026-09-21 00:00:00
002290,禾盛新材,70.77,5.2812,4.7868,136231038,109459966,270789280,258100518,39459834,2026-09-21 00:00:00
002291,遥望科技,5.64,1.9892,3.2684,0,3435179,37943410,23130108,11378123,2026-09-21 00:00:00
002292,奥飞娱乐,9.08,2.2523,5.8125,38957165,31987359,94238726,124340794,-23132262,2026-09-21 00:00:00
002293,罗莱生活,10.86,-0.367,0.2671,0,0,2162042,3671064,-1509022,2026-09-21 00:00:00
002294,信立泰,31.39,3.2566,1.2724,43287077,32172165,107696021,97626950,21183983,2026-09-21 00:00:00
002295,精艺股份,10.29,2.5922,6.3634,1314849,1037000,15602041,23850445,-7970555,2026-09-21 00:00:00
002296,辉煌科技,9.54,2.6911,3.4547,4880929,1146000,23359779,17206260,9888448,2026-09-21 00:00:00
002297,博云新材,22.68,2.9505,14.2963,172340753,192513120,444135840,450861584,-26898111,2026-09-21 00:00:00
002298,中电鑫龙,9.2,2.2222,18.7609,104576760,193740408,227603577,209566763,-71126834,2026-09-21 00:00:00
002299,圣农发展,16.15,1.1271,0.6014,2018520,2305926,22779680,22697876,-205602,2026-09-21 00:00:00
002300,太阳电缆,8.72,0.5767,18.7267,34746101,47075419,222871015,263302382,-52760685,2026-09-21 00:00:00
002301,齐心集团,8.43,7.9385,3.4321,21600216,11983457,50313120,55250287,4679592,2026-09-21 00:00:00
002302,西部建设,4.75,1.9313,0.4333,0,0,5869204,2191639,3677565,2026-09-21 00:00:00
002303,美盈森,6.27,10,3.2101,155223325,58961067,30129424,55758551,70633131,2026-09-21 00:00:00
002304,洋河股份,38.4,0.8933,0.2248,5153983,3395973,30051013,23738031,8070992,2026-09-21 00:00:00
002305,*ST南置,2.04,0.9901,1.1454,4012990,4030000,16668939,18280240,-1628311,2026-09-21 00:00:00
002306,ST云网,2.24,2.2831,1.0742,0,989165,5141451,4554174,-401888,2026-09-21 00:00:00
002307,北新路桥,3.05,2.0067,1.521,8094648,14771543,19376426,19796612,-7097081,2026-09-21 00:00:00
002309,中利集团,2.98,0,2.627,8699438,20111162,46351440,46735885,-11796169,2026-09-21 00:00:00
002310,东方新能,2.31,0.4348,1.8181,22864433,27841149,41421722,52858622,-16413616,2026-09-21 00:00:00
002311,海大集团,42.42,1.0481,0.3639,5811372,3480664,59286263,59781622,1835349,2026-09-21 00:00:00
002312,川发龙蟒,8.65,1.5258,1.52,22319024,12948640,55449244,48282499,16537129,2026-09-21 00:00:00
002313,日海智能,8.45,1.8072,1.3307,0,494841,4091701,3457750,139110,2026-09-21 00:00:00
002314,南山控股,2.32,3.5714,2.6899,2724460,0,11364158,21524876,-7436258,2026-09-21 00:00:00
002315,焦点科技,24.2,0.4983,1.8401,3138876,999948,15826742,15225904,2739766,2026-09-21 00:00:00
002316,亚联发展,4.36,2.3474,5.0445,1005578,5540023,9895776,14765327,-9403996,2026-09-21 00:00:00
002317,众生药业,25.46,5.1197,3.6959,83836845,32934597,166128495,162642980,54387763,2026-09-21 00:00:00
002318,久立特材,18.48,1.2048,0.532,9094720,2851380,19728859,10961535,15010664,2026-09-21 00:00:00
002319,乐通股份,10.14,0,2.2157,106155,0,11264604,14865235,-3494476,2026-09-21 00:00:00
002320,海峡股份,6.76,1.1976,1.3344,14638412,8370633,46610208,50594448,2283539,2026-09-21 00:00:00
002321,华英农业,2.3,10.0478,5.5561,126622385,52642142,47555482,56885168,64650557,2026-09-21 00:00:00
002322,理工能科,12.15,4.1131,2.3572,2300270,12745041,13558085,8945537,-5832223,2026-09-21 00:00:00
002323,*ST雅博,1.26,0,1.7421,6748375,4410000,23210752,22416058,3133069,2026-09-21 00:00:00
002324,普利特,9.21,0.3268,1.8096,3313484,4162300,22365101,19026455,2489830,2026-09-21 00:00:00
002326,永太科技,17.3,-0.1731,1.8627,8493574,33948936,50970286,65841625,-40326701,2026-09-21 00:00:00
002327,富安娜,6.14,0.491,0.5124,1100288,0,2027513,2896373,231428,2026-09-21 00:00:00
002328,新朋股份,8.5,3.7851,12.98,38418027,20362479,149478631,99805037,67729142,2026-09-21 00:00:00
002329,皇氏集团,3.64,0.831,3.2958,1089000,1000100,12334678,21665027,-9241449,2026-09-21 00:00:00
002330,得利斯,4.12,2.2333,1.5099,0,0,5998590,5127307,871283,2026-09-21 00:00:00
002331,皖通科技,6.77,1.4993,1.5602,0,1663498,8260059,6170631,425930,2026-09-21 00:00:00
002332,仙琚制药,8.66,1.2865,1.3697,7334229,23382576,29295925,21505974,-8258396,2026-09-21 00:00:00
002333,罗普斯金,5.39,1.8904,1.177,2145816,1381457,3926372,9482292,-4791561,2026-09-21 00:00:00
002334,英威腾,6.59,0.4573,0.9779,0,2334837,8559456,9142143,-2917524,2026-09-21 00:00:00
002335,科华数据,29.6,-0.1686,1.7313,10768897,23959593,78507716,78079531,-12762511,2026-09-21 00:00:00
002337,赛象科技,4.77,2.8017,1.9442,3351988,0,5745073,6255770,2841291,2026-09-21 00:00:00
002338,奥普光电,42.6,-0.3276,1.4694,4668168,3457866,31843564,34003747,-949881,2026-09-21 00:00:00
002339,积成电子,7.99,-0.6219,9.2173,10358660,14891609,55107655,56022355,-5447649,2026-09-21 00:00:00
002340,格林美,6.25,0.321,0.9278,37364835,25042218,62740125,88191061,-13128319,2026-09-21 00:00:00
002342,巨力索具,8.06,2.2843,4.2328,14451479,13303743,52616473,50535038,3229171,2026-09-21 00:00:00
002343,慈文传媒,5.73,3.2432,3.5416,1216886,2397452,13871615,11767434,923615,2026-09-21 00:00:00
002344,海宁皮城,4.08,2.2556,0.6893,0,0,4870452,4775227,95225,2026-09-21 00:00:00
002345,潮宏基,8.98,0.4474,1.2076,1194340,1198308,12444087,8523375,3916744,2026-09-21 00:00:00
002346,柘中股份,19.16,1.7525,2.302,6475087,7401839,42588248,41508034,153462,2026-09-21 00:00:00
002347,泰尔股份,5.94,0.678,1.5801,0,0,8685168,6955093,1730075,2026-09-21 00:00:00
002348,高乐股份,10.93,2.919,1.725,21059384,22352538,43486023,45805675,-3612806,2026-09-21 00:00:00
002349,精华制药,8.71,9.9747,10.4468,241643607,19587581,177466108,164295677,235226457,2026-09-21 00:00:00
002350,北京科锐,14.38,-0.7591,1.0758,6538104,10998073,17398150,25269719,-12331538,2026-09-21 00:00:00
002351,漫步者,10.15,1.5,1.2363,4061192,0,12011518,7193867,8878843,2026-09-21 00:00:00
002352,顺丰控股,30.94,0.5198,0.2462,42568057,33948425,94523400,86908147,16234885,2026-09-21 00:00:00
002353,杰瑞股份,124.7,-0.9531,2.3201,531376976,328730608,359667824,398727968,163586224,2026-09-21 00:00:00
002354,天娱数科,7.92,4.2105,15.4576,170990912,120815211,440802224,409363808,81614117,2026-09-21 00:00:00
002355,兴民智通,4.68,0.2141,1.5759,0,0,6792142,9523548,-2731406,2026-09-21 00:00:00
002356,鹏飞绿能,2.79,3.3333,1.4205,9451550,0,10172426,16876687,2747289,2026-09-21 00:00:00
002357,富临运业,12.09,1.8534,2.7332,7499958,6244477,21135534,28694727,-6303712,2026-09-21 00:00:00
002358,森源电气,5.4,0.7463,1.0799,4964784,2082182,11529068,9992705,4418965,2026-09-21 00:00:00
002360,ST同德,5.51,3.3771,4.7047,2655083,6273430,23085975,26105719,-6638091,2026-09-21 00:00:00
002361,神剑股份,10.64,1.4299,8.1663,48045031,71206415,118948134,148810061,-53023311,2026-09-21 00:00:00
002362,汉王科技,16.7,0.9063,4.5349,9185373,10495972,24710177,31392212,-7992634,2026-09-21 00:00:00
002363,隆基机械,6.88,2.6866,1.2102,1092800,0,6531089,3956784,3667105,2026-09-21 00:00:00
002364,中恒电气,36.05,-0.3042,3.9022,41899742,114297046,177882788,187643842,-82158358,2026-09-21 00:00:00
002365,永安药业,14.67,6.0738,11.2129,25162366,24965752,73190548,81788525,-8401363,2026-09-21 00:00:00
002366,融发核电,5.75,0.8772,1.0964,3219694,15676287,26401660,25096537,-11151470,2026-09-21 00:00:00
002367,康力电梯,6.28,9.9825,3.5526,59120569,15950025,36846950,30965080,49052414,2026-09-21 00:00:00
002368,太极股份,13.23,1.2242,1.2995,1023788,1304140,17512194,20760138,-3528296,2026-09-21 00:00:00
002369,卓翼科技,5.77,1.5845,1.8651,2437514,1055428,8200847,7546359,2036574,2026-09-21 00:00:00
002370,亚太药业,5.44,4.0153,2.8651,7948819,3417429,19103811,14502152,9133049,2026-09-21 00:00:00
002371,北方华创,676.61,-1.4421,0.8168,715528352,943531488,1265988224,1290890432,-252905344,2026-09-21 00:00:00
002372,伟星新材,8.19,1.3614,0.4489,0,0,9082464,7804583,1277881,2026-09-21 00:00:00
002373,千方科技,7.42,1.2278,0.7713,3872788,2442336,14937992,13487394,2881050,2026-09-21 00:00:00
002374,中锐股份,3.19,2.9032,1.6892,6707555,5055512,15336635,12181959,4806719,2026-09-21 00:00:00
002375,亚厦股份,3.89,4.0107,1.7008,6485468,4302519,23841809,12977892,13046866,2026-09-21 00:00:00
002376,新北洋,6.72,2.439,1.312,2137475,2699186,16522973,17786864,-1825602,2026-09-21 00:00:00
002377,国创高新,3.13,0.3205,6.5755,10348899,2678493,26000485,42706046,-9035155,2026-09-21 00:00:00
002378,章源钨业,23.7,-0.3783,1.8518,25257635,69484526,102710904,116867975,-58383962,2026-09-21 00:00:00
002379,宏桥控股,16.98,-3.6869,3.4261,87788431,111149579,132822519,144279206,-34817835,2026-09-21 00:00:00
002380,科远智慧,27.35,1.9001,2.3294,2446568,1417106,19940747,13116842,7853367,2026-09-21 00:00:00
002381,双箭股份,5.61,2.9358,1.1469,0,0,1134817,1076130,58687,2026-09-21 00:00:00
002382,蓝帆医疗,6,2.5641,1.2766,1043119,5715900,3615085,12144834,-13202530,2026-09-21 00:00:00
002383,合众思壮,8.12,2.0101,4.3078,4670600,4393684,57494483,38908659,18862740,2026-09-21 00:00:00
002384,东山精密,195.02,-0.5761,3.6068,2017113952,2518231328,2261373136,2444696320,-684440560,2026-09-21 00:00:00
002385,大北农,3.26,2.1944,2.9107,12920571,35784624,122001221,91954849,7182319,2026-09-21 00:00:00
002386,天原股份,6.14,4.5997,2.8755,37738763,18142459,53302445,51959808,20938941,2026-09-21 00:00:00
002387,维信诺,7.08,0.7112,0.8653,1322428,6684339,15365318,24338033,-14334626,2026-09-21 00:00:00
002388,新亚制程,7.95,9.9585,10.4251,134698591,75322742,83828661,76286227,66918283,2026-09-21 00:00:00
002389,航天彩虹,19.23,2.9443,2.3194,13999598,17925128,91975350,82576222,5473598,2026-09-21 00:00:00
002390,信邦制药,3.05,3.7415,1.6539,4651960,1097440,18127927,17501105,4181342,2026-09-21 00:00:00
002391,长青股份,5.29,2.5194,1.5963,1321545,0,10102090,4704467,6719168,2026-09-21 00:00:00
002392,北京利尔,7.86,0.8986,0.8603,10483396,5597490,13767691,12925060,5728537,2026-09-21 00:00:00
002393,力生制药,14.07,3.532,1.0939,1479392,0,8005074,7447041,2037425,2026-09-21 00:00:00
002394,联发股份,10.32,-1.3384,1.3593,973176,3064976,7263552,11341768,-6170016,2026-09-21 00:00:00
002395,双象股份,12.62,1.5286,1.0781,1140300,0,7811542,5153121,3798721,2026-09-21 00:00:00
002396,星网锐捷,37.74,-2.982,11.8399,349341792,681961072,664101216,758343328,-426861392,2026-09-21 00:00:00
002397,梦洁股份,3.73,0.8108,2.1897,0,3958717,12195790,13585332,-5348259,2026-09-21 00:00:00
002398,垒知集团,4.24,1.6787,1.9757,3163628,0,8162957,11930738,-604153,2026-09-21 00:00:00
002399,海普瑞,9.8,4.8128,0.509,0,0,10568091,10699852,-131761,2026-09-21 00:00:00
002400,省广集团,6.64,1.374,2.5532,46313689,17197805,55319097,62622987,21811994,2026-09-21 00:00:00
002401,中远海科,12.27,1.4888,0.7063,0,0,5910888,2318010,3592878,2026-09-21 00:00:00
002402,和而泰,19.05,0.316,2.2521,13832692,17185809,82133617,86946286,-8165786,2026-09-21 00:00:00
002403,爱仕达,10.14,4.7521,7.9194,3161457,5489823,37784871,47068330,-11611825,2026-09-21 00:00:00
002404,嘉欣丝绸,5.95,2.2337,1.7775,670354,2231156,9693172,9649703,-1517333,2026-09-21 00:00:00
002405,四维图新,6.07,0.4967,1.0813,11674692,14675665,35202418,40210589,-8009144,2026-09-21 00:00:00
002406,远东传动,6.55,0.7692,1.5618,1287072,2279500,13775018,8583823,4198767,2026-09-21 00:00:00
002407,多氟多,32.99,-0.6625,5.3967,111842122,224772873,400303440,477435648,-190062959,2026-09-21 00:00:00
002408,齐翔腾达,5.48,1.4815,0.7244,7572842,4908496,25654198,22865159,5453385,2026-09-21 00:00:00
002409,雅克科技,137.43,-1.0084,5.3393,204747607,366444928,544551152,559111488,-176257657,2026-09-21 00:00:00
002410,广联达,8.6,2.381,1.2617,23033531,3062402,34843490,29842221,24972398,2026-09-21 00:00:00
002412,汉森制药,9.62,6.4159,16.9906,57514089,43127418,150664620,128179216,36872075,2026-09-21 00:00:00
002413,雷科防务,8.35,1.4581,2.6884,22245600,13011423,40289847,48112759,1411265,2026-09-21 00:00:00
002414,高德红外,12.38,-0.4023,1.2995,61823149,96797296,103554930,162224220,-93643437,2026-09-21 00:00:00
002415,海康威视,32.58,-1.0929,0.64,178047402,310484896,512470144,372153456,7879194,2026-09-21 00:00:00
002416,爱施德,9.37,4.1111,1.8196,11101536,9000924,54310913,47675089,8736436,2026-09-21 00:00:00
002418,康盛股份,4.74,1.4989,6.7298,13929531,15034654,56444562,58364525,-3025086,2026-09-21 00:00:00
002419,天虹股份,4.71,1.7279,1.2748,1652520,2226466,12620298,10530045,1516307,2026-09-21 00:00:00
002420,毅昌科技,6.11,1.495,1.7047,2571255,0,2966927,2878138,2660044,2026-09-21 00:00:00
002421,达实智能,3.24,2.2082,5.0191,43042608,28810646,72182051,58389787,28024226,2026-09-21 00:00:00
002422,科伦药业,42.48,6.8142,2.8612,155439665,86877192,305342480,333866416,40038537,2026-09-21 00:00:00
002423,中粮资本,9.32,1.3043,0.6291,5938338,20744067,22597322,21439776,-13648183,2026-09-21 00:00:00
002424,ST百灵,4.58,1.7778,0.5925,0,1038310,13559575,7753321,4767944,2026-09-21 00:00:00
002425,凯撒文化,3.11,0.974,3.2116,0,6506131,19794359,22427901,-9139673,2026-09-21 00:00:00
002426,胜利精密,2.64,1.1494,2.4627,16187884,28659567,50025632,51471144,-13917195,2026-09-21 00:00:00
002427,尤夫股份,4.67,1.0823,1.0813,1545031,1374940,4551924,8223600,-3501585,2026-09-21 00:00:00
002428,云南锗业,93.49,-0.0107,7.0363,603677072,604207696,1047257024,1109358368,-62631968,2026-09-21 00:00:00
002429,兆驰股份,8.28,1.5951,1.1233,69519984,28790113,97547415,87254469,51022817,2026-09-21 00:00:00
002430,杭氧股份,25.97,0.0771,1.0468,21959682,25372112,47600405,56555968,-12367993,2026-09-21 00:00:00
002431,ST棕榈,1.36,0.7407,0.922,675000,1696917,9665038,9543881,-900760,2026-09-21 00:00:00
002432,九安医疗,63.78,2.6722,3.7733,168479838,100414620,233342119,254242710,47164627,2026-09-21 00:00:00
002434,万里扬,6.12,3.3784,2.6343,9261726,7156499,56226834,56342067,1989994,2026-09-21 00:00:00
002436,兴森科技,44.33,3.3815,8.2913,988569184,823117712,1542214544,1357645408,350020608,2026-09-21 00:00:00
002437,誉衡药业,3.74,7.781,24.1431,263036382,197005167,389943488,421271680,34703023,2026-09-21 00:00:00
002438,江苏神通,13.81,2.6003,1.3227,10731036,2176895,21444193,20039640,9958694,2026-09-21 00:00:00
002439,启明星辰,14.13,1.8012,3.7594,43268238,12335758,93667266,99149553,25450193,2026-09-21 00:00:00
002440,闰土股份,12.44,2.6403,4.2527,29339959,41236076,109764641,90109653,7758871,2026-09-21 00:00:00
002441,众业达,8.21,1.233,0.9949,0,0,7751370,5327671,2423699,2026-09-21 00:00:00
002442,龙星科技,5.73,2.139,10.4715,2203270,10162391,44775570,44905079,-8088630,2026-09-21 00:00:00
002443,金洲管道,13.14,5.12,10.1359,70181640,115236511,163270605,252024192,-133808458,2026-09-21 00:00:00
002444,巨星科技,28.55,2.0737,0.8975,17338378,35764988,102175456,60303486,23445360,2026-09-21 00:00:00
002445,中南文化,3.19,0.9494,1.8491,15008249,24390968,38832041,33205804,-3756482,2026-09-21 00:00:00
002446,盛路通信,8.29,1.968,2.7675,22510999,11516767,33253889,37796112,6452009,2026-09-21 00:00:00
002448,中原内配,11.47,1.6844,2.9228,8679369,4234605,44796057,48442693,798128,2026-09-21 00:00:00
002449,国星光电,6.72,2.439,2.2069,5252171,4166401,27731496,19717654,9099612,2026-09-21 00:00:00
002451,摩恩电气,7.74,2.381,2.3524,2062793,0,11162307,13569411,-344311,2026-09-21 00:00:00
002452,长高电气,12.3,1.569,2.3243,3297592,3836448,28174578,35258973,-7623251,2026-09-21 00:00:00
002453,华软科技,5.87,9.9251,6.7079,103379991,32163661,33655871,41826064,63046137,2026-09-21 00:00:00
002454,松芝股份,5.1,2.6157,1.3985,4229820,5737992,17628257,12105289,4014796,2026-09-21 00:00:00
002455,百川股份,7.15,0.2805,2.786,2856000,5633895,23968192,29893821,-8703524,2026-09-21 00:00:00
002456,欧菲光,7.04,0.2849,1.707,33440087,56871002,78451517,84522509,-29501907,2026-09-21 00:00:00
002457,青龙管业,11.79,3.4211,6.2872,20126361,10127814,44844623,48693895,6149275,2026-09-21 00:00:00
002458,益生股份,8.45,0.7151,2.5749,11990493,6088339,34919563,42375072,-1553355,2026-09-21 00:00:00
002459,晶澳科技,6.95,1.6082,0.9617,33259909,20306128,35419252,54289266,-5916233,2026-09-21 00:00:00
002460,赣锋锂业,46.56,0.7792,2.074,139711467,111470926,275142544,314439616,-11056531,2026-09-21 00:00:00
002461,珠江啤酒,8.4,0.4785,0.1783,0,0,1821216,4004736,-2183520,2026-09-21 00:00:00
002462,嘉事堂,12.4,1.6393,1.0532,0,0,5979267,5349326,629941,2026-09-21 00:00:00
002463,沪电股份,126,2.0243,2.3057,1102378016,898617520,1423258880,1204264992,422754384,2026-09-21 00:00:00
002465,海格通信,10.39,1.6634,1.7338,58777372,46529139,87288530,89953887,9582876,2026-09-21 00:00:00
002466,天齐锂业,43.26,1.1693,2.0685,220032801,128022295,353615232,330208976,115416762,2026-09-21 00:00:00
002467,二六三,4.63,1.7582,2.1178,19012770,13775205,20280558,25291482,226641,2026-09-21 00:00:00
002468,申通快递,15.34,2.953,1.8458,35791292,69398480,112952634,90614217,-11268771,2026-09-21 00:00:00
002469,三维化学,6.16,2.1559,0.9662,1087320,0,6245785,5738428,1594677,2026-09-21 00:00:00
002470,金正大,2.15,1.4151,5.6242,18014498,37044737,94170294,85208443,-10068388,2026-09-21 00:00:00
002471,中超控股,5.95,-0.1678,11.0753,119353264,168040792,144334173,154597751,-58951106,2026-09-21 00:00:00
002472,双环传动,37.9,4.6094,3.6911,109356214,75974554,236053715,253119017,16316358,2026-09-21 00:00:00
002474,榕基软件,6.5,2.5237,3.1299,3723413,2532805,26801760,15627706,12364662,2026-09-21 00:00:00
002475,立讯精密,54.44,0.6285,0.8804,272964624,434925088,840106496,1086645312,-408499280,2026-09-21 00:00:00
002476,新叶股份,5.01,3.0864,1.4763,0,0,5374161,6473521,-1099360,2026-09-21 00:00:00
002478,常宝股份,6.6,2.3256,1.9067,5464340,2786847,17908656,19494479,1091670,2026-09-21 00:00:00
002479,富春环保,5.9,1.3746,1.3109,1091959,2917386,9926822,9515879,-1414484,2026-09-21 00:00:00
002480,新筑股份,5.26,0.5736,0.6882,0,3538812,7062389,7355405,-3831828,2026-09-21 00:00:00
002481,双塔食品,4.35,2.8369,1.1891,0,0,8436737,12663338,-4226601,2026-09-21 00:00:00
002482,广田集团,1.41,5.2239,4.2778,86981975,23951258,67067474,81199463,48898728,2026-09-21 00:00:00
002483,润邦股份,6.28,5.3691,2.1882,6887176,4336392,30917005,19327837,14139952,2026-09-21 00:00:00
002484,江海股份,60.68,-1.3012,4.5629,195073822,335397536,545406000,493270992,-88188706,2026-09-21 00:00:00
002485,ST雪发,5.98,1.7007,0.7017,0,2803320,3447395,3452980,-2808905,2026-09-21 00:00:00
002486,嘉麟杰,2.86,1.7794,3.3454,1099834,0,22903736,20760996,3242574,2026-09-21 00:00:00
002487,大金重工,39.7,0.2525,9.9664,284292880,234150446,625899664,589178608,86863490,2026-09-21 00:00:00
002488,金固股份,7.72,0.915,1.451,5461462,14582208,20440835,24001744,-12681655,2026-09-21 00:00:00
002489,浙江永强,3.12,-0.3195,2.413,7059602,5942545,24650710,33833241,-8065474,2026-09-21 00:00:00
002490,山东墨龙,7.35,0.5472,4.4546,7058725,5588319,36065146,34185966,3349586,2026-09-21 00:00:00
002491,通鼎互联,24.59,3.4062,17.8705,645618800,623205488,1122714976,1124053840,21074448,2026-09-21 00:00:00
002492,恒基达鑫,6.2,7.0812,3.6367,1384880,1433994,16108586,10628431,5431041,2026-09-21 00:00:00
002493,荣盛石化,13.11,2.0233,0.5063,65161223,84760903,161157846,147488683,-5930517,2026-09-21 00:00:00
002494,华斯股份,4.8,5.2632,5.8692,1418645,0,10294584,6786888,4926341,2026-09-21 00:00:00
002495,佳隆股份,2.44,2.9536,2.8496,0,1205000,6778823,7069287,-1495464,2026-09-21 00:00:00
002496,辉丰股份,2.16,0.9346,1.9075,3028000,3642285,11397491,18661911,-7878705,2026-09-21 00:00:00
002497,雅化集团,16.79,1.0837,1.9487,18809186,11178162,71367348,74896172,4102200,2026-09-21 00:00:00
002498,汉缆股份,6.64,0.9119,2.0167,30880840,31208421,86225214,75352939,10544694,2026-09-21 00:00:00
002500,山西证券,5.27,1.1516,0.5403,7719324,2563615,23641310,20764701,8032318,2026-09-21 00:00:00
002501,*ST利源,1.33,2.3077,1.047,7255000,6931981,20058691,19404351,977359,2026-09-21 00:00:00
002506,协鑫集成,2.52,1.2048,2.9284,25487572,70118198,110774758,106771235,-40627103,2026-09-21 00:00:00
002507,涪陵榨菜,11.14,0.4509,0.5136,4275565,2215245,12612687,13659646,1013361,2026-09-21 00:00:00
002508,老板电器,16.36,-0.183,1.0754,7695477,4176448,20817556,22327308,2009277,2026-09-21 00:00:00
002510,天汽模,5.84,0.3436,2.3361,7254580,6074652,30997112,19876905,12300135,2026-09-21 00:00:00
002511,中顺洁柔,7.1,1.4286,0.7074,1331748,0,13114387,11536623,2909512,2026-09-21 00:00:00
002512,ST达华,4.03,0.75,1.5056,3205735,1404144,21358737,19909477,3250851,2026-09-21 00:00:00
002513,蓝丰生化,5.43,3.8241,2.3455,0,0,2637862,1576997,1060865,2026-09-21 00:00:00
002514,*ST宝馨,2.69,4.2636,7.0723,1335000,857805,26548589,22364279,4661505,2026-09-21 00:00:00
002515,金字火腿,7.95,4.7431,7.0499,96752581,58318386,179479860,161036849,56877206,2026-09-21 00:00:00
002516,旷达科技,5.72,-0.5217,1.0546,3418661,6659556,21472983,21399215,-3167127,2026-09-21 00:00:00
002517,恺英网络,16.78,1.0235,2.1051,68387219,65231664,162910663,139446128,26620090,2026-09-21 00:00:00
002518,科士达,39.49,0.4579,4.0004,98391754,76810188,228757083,202891495,47447154,2026-09-21 00:00:00
002519,银河电子,6.16,0.9836,5.3015,33772217,22284355,64601341,67006871,9082332,2026-09-21 00:00:00
002520,日发精机,6.41,2.8892,3.1203,9330634,0,32644768,28559025,13416377,2026-09-21 00:00:00
002521,齐峰新材,6.36,-0.625,2.2754,1121604,28438132,20327667,13117538,-20106399,2026-09-21 00:00:00
002522,浙江众成,6.25,2.6273,10.8195,46444219,23981875,128980239,120900419,30542164,2026-09-21 00:00:00
002523,天桥起重,3.44,0.8798,0.8575,2160557,1307200,9304201,8354286,1803272,2026-09-21 00:00:00
002524,光正眼科,4.09,3.8071,2.8551,2224216,1057800,8919256,8736051,1349621,2026-09-21 00:00:00
002526,山东矿机,2.67,1.1364,1.179,9305366,4785364,8611175,9695620,3435557,2026-09-21 00:00:00
002527,新时达,10.78,0.466,0.8047,0,0,4893682,7423874,-2530192,2026-09-21 00:00:00
002528,*ST英飞,5.81,-10.0619,5.1051,25666498,49117716,88369000,116669326,-51751544,2026-09-21 00:00:00
002529,海源复材,6.63,0.9132,1.9691,0,2102512,4415893,2359821,-46440,2026-09-21 00:00:00
002530,金财互联,7.25,1.3986,0.9741,1122597,0,13106066,10378503,3850160,2026-09-21 00:00:00
002531,天顺风能,7.72,0.1297,6.7387,79430662,40775987,189337080,209645400,18346355,2026-09-21 00:00:00
002532,天山铝业,12.55,-2.0297,1.458,95674059,120188044,180331639,186913027,-31095373,2026-09-21 00:00:00
002533,金杯电工,10.96,0.0913,0.6365,0,6904194,14588444,10485859,-2801609,2026-09-21 00:00:00
002534,西子洁能,16.95,1.497,1.2298,14454230,10200638,37931399,46253710,-4068719,2026-09-21 00:00:00
002535,林州重机,2.46,3.7975,2.5328,0,1476000,4036708,5202151,-2641443,2026-09-21 00:00:00
002536,飞龙股份,53.82,0.3356,10.109,571827424,481419920,761232720,653582736,198057488,2026-09-21 00:00:00
002537,海联金汇,5.93,3.1304,2.4688,11412736,5007722,34803720,28076216,13132518,2026-09-21 00:00:00
002538,ST司特,6.73,0.2981,0.4901,1346000,1317452,9968606,11657963,-1660809,2026-09-21 00:00:00
002539,云图控股,12.52,1.7059,1.1713,3986770,1084396,18890113,32007017,-10214530,2026-09-21 00:00:00
002540,亚太科技,5.02,1.006,0.8243,0,0,6711369,2976350,3735019,2026-09-21 00:00:00
002541,鸿路钢构,18.66,0.2687,1.8295,8051492,15548183,28811049,44837422,-23523064,2026-09-21 00:00:00
002542,*ST中岩,1.69,0.5952,0.6496,840000,835000,7186648,5916071,1275577,2026-09-21 00:00:00
002543,万和电气,7.27,1.6783,1.4649,0,2984800,11237190,13080794,-4828404,2026-09-21 00:00:00
002544,普天科技,16.29,0.8045,1.4197,3765153,2245795,27942454,26649244,2812568,2026-09-21 00:00:00
002545,东方铁塔,15.98,0.3139,1.1398,7493379,30306244,38421490,32365211,-16756586,2026-09-21 00:00:00
002546,新联电子,7.65,0.5256,1.1249,2154022,2623167,19481251,11044051,7968055,2026-09-21 00:00:00
002547,*ST春兴,2.45,-1.2097,1.5755,1127540,0,10417937,13666691,-2121214,2026-09-21 00:00:00
002548,金新农,4.14,3.2419,3.4176,6641478,4493215,20713143,30492750,-7631344,2026-09-21 00:00:00
002549,凯美特气,13.55,-1.311,2.2579,2799548,14672356,31206365,34964898,-15631341,2026-09-21 00:00:00
002550,千红制药,6.6,2.6439,1.4397,3248997,61188,16529637,14505644,5211802,2026-09-21 00:00:00
002551,尚荣医疗,3.4,5.2632,3.6238,0,0,10115031,8578929,1536102,2026-09-21 00:00:00
002552,宝鼎科技,54.11,-0.2397,5.5744,69463870,123729135,201156579,246665818,-99774504,2026-09-21 00:00:00
002553,南方精工,15.92,1.5954,4.3976,4518589,3916136,30168089,24910347,5860195,2026-09-21 00:00:00
002554,惠博普,2.84,2.5271,1.4782,4440052,6446140,13963227,10648526,1308613,2026-09-21 00:00:00
002555,三七互娱,17.73,0.7959,0.9493,11741050,16886105,65020686,70243113,-10367482,2026-09-21 00:00:00
002556,辉隆股份,5.24,1.354,0.987,0,817974,7903907,10211208,-3125275,2026-09-21 00:00:00
002557,洽洽食品,18.11,0.667,0.8119,2331764,0,13636746,12400581,3567929,2026-09-21 00:00:00
002558,巨人网络,24.79,-0.7209,2.5153,107804913,179485077,320186640,325684960,-77178484,2026-09-21 00:00:00
002559,亚威股份,9.25,0,3.3153,5706563,8124961,35121934,39221049,-6517513,2026-09-21 00:00:00
002560,通达股份,7.48,1.4925,13.8951,65595297,21683191,107833069,130037188,21707987,2026-09-21 00:00:00
002561,徐家汇,7.55,2.027,2.4746,1103327,1348803,7563709,8113057,-794824,2026-09-21 00:00:00
002562,兄弟科技,4.93,2.9228,2.9751,14182553,11689122,17773352,20275269,-8486,2026-09-21 00:00:00
002563,森马服饰,5.44,0.1842,0.7648,6509420,5410389,11098797,8394757,3803071,2026-09-21 00:00:00
002564,天沃科技,4.95,1.227,2.5932,6222924,2535276,28008998,18845586,12851060,2026-09-21 00:00:00
002565,顺灏股份,9.19,4.195,9.7923,57314008,42358672,154729853,174499777,-4814588,2026-09-21 00:00:00
002566,益盛药业,7.17,3.0172,2.4317,0,0,5574100,6425794,-851694,2026-09-21 00:00:00
002567,唐人神,3.85,2.9412,1.8313,6831114,2194130,22946688,21741757,5841915,2026-09-21 00:00:00
002568,百润股份,18.29,2.0647,1.2778,8423165,2091287,31014073,32519303,4826648,2026-09-21 00:00:00
002569,*ST步森,11.6,2.3831,1.5182,0,0,3014127,2266238,747889,2026-09-21 00:00:00
002570,贝因美,4.49,2.2779,1.5516,4429148,1748664,13906158,18604334,-2017692,2026-09-21 00:00:00
002571,德力股份,11.1,2.2099,2.1312,3012195,7878606,23403500,27342126,-8805037,2026-09-21 00:00:00
002572,索菲亚,7.47,2.3288,1.1638,1462000,999463,10485391,8421132,2526796,2026-09-21 00:00:00
002573,清新环境,3.17,1.6026,0.7799,1124960,1076706,5310648,9879787,-4520885,2026-09-21 00:00:00
002574,明牌珠宝,5.13,1.9881,1.663,2140284,13270282,8336509,2760700,-5554189,2026-09-21 00:00:00
002575,群兴玩具,5.19,0.7767,2.2513,1187472,2134403,12460731,13000359,-1486559,2026-09-21 00:00:00
002576,通达动力,14.42,1.7643,1.1077,0,0,858349,2026699,-1168350,2026-09-21 00:00:00
002577,雷柏科技,22.54,2.9224,5.1908,18484294,9040246,52461145,44718559,17186634,2026-09-21 00:00:00
002578,闽发铝业,4.21,6.8528,3.2633,12123686,2792754,28032344,13198981,24164295,2026-09-21 00:00:00
002579,中京电子,19.46,-2.1619,22.9496,178811101,304462576,589190576,589057936,-125518835,2026-09-21 00:00:00
002580,圣阳股份,19.76,1.2295,9.0969,57731858,31217054,178192062,148900410,55806456,2026-09-21 00:00:00
002581,*ST未名,5,-3.6609,2.6813,4263256,22893861,13901933,6583451,-11312123,2026-09-21 00:00:00
002582,好想你,9.8,0.616,3.6687,2880605,11482333,26535003,25764928,-7831653,2026-09-21 00:00:00
002583,海能达,8.29,0.3632,1.0407,4866032,3988454,12071091,17949629,-5000960,2026-09-21 00:00:00
002584,西陇科学,9.76,0.1026,37.9983,89059022,115188143,311128832,389525408,-104525697,2026-09-21 00:00:00
002585,双星新材,12.71,10.0433,14.3327,479443280,122853254,299948448,322271696,334266778,2026-09-21 00:00:00
002586,围海股份,3.75,-1.0554,0.8445,3863396,8468022,11743179,8682383,-1543830,2026-09-21 00:00:00
002587,奥拓电子,5.35,1.3258,2.2413,3645004,1538239,8838162,13068003,-2123076,2026-09-21 00:00:00
002588,史丹利,7.83,1.9531,1.6289,14012058,0,26352243,21449702,18914599,2026-09-21 00:00:00
002589,瑞康医药,3.6,10.0917,14.2295,277961936,112279909,143209446,107289930,201601543,2026-09-21 00:00:00
002590,万安科技,9.74,1.0373,1.1289,0,1048458,7232108,7227345,-1043695,2026-09-21 00:00:00
002591,恒大高新,6.34,2.0934,3.5591,0,0,4046899,6067490,-2020591,2026-09-21 00:00:00
002592,ST八菱,6.45,0.7813,0.5916,0,0,890504,2223836,-1333332,2026-09-21 00:00:00
002593,日上集团,4.61,0.4357,1.8549,2383597,0,8105594,13454412,-2965221,2026-09-21 00:00:00
002594,比亚迪,85.22,1.0913,0.7121,415391680,384891184,568929952,505296400,94134048,2026-09-21 00:00:00
002595,豪迈科技,39.79,0.6068,0.3573,3436547,5502661,22498257,26540865,-6108722,2026-09-21 00:00:00
002596,海南瑞泽,3.44,1.7751,1.911,5903299,6923599,14929918,20329972,-6420354,2026-09-21 00:00:00
002597,金禾实业,22.02,0.9629,1.0071,151110,7925513,28273884,19497586,1001895,2026-09-21 00:00:00
002598,ST章鼓,7.14,1.4205,1.7653,422427,0,5842389,12713858,-6449042,2026-09-21 00:00:00
002599,盛通股份,5.53,0.7286,1.1904,0,0,3023584,2936348,87236,2026-09-21 00:00:00
002600,领益智造,12.54,-0.318,0.9757,78195142,97250978,159479149,213260200,-72836887,2026-09-21 00:00:00
002601,龙佰集团,15.41,0.7848,0.558,8448929,6630643,30984604,29036680,3766210,2026-09-21 00:00:00
002602,世纪华通,14.61,-0.5446,1.2214,141690382,226810657,389804992,318657056,-13972339,2026-09-21 00:00:00
002603,以岭药业,15.59,2.5658,1.2404,28540254,5657286,56402433,63287688,15997713,2026-09-21 00:00:00
002605,姚记科技,16.84,1.0804,1.0164,0,0,13214828,8417354,4797474,2026-09-21 00:00:00
002606,大连电瓷,12.77,0.7098,2.7963,12325876,17549720,38910629,32822837,863948,2026-09-21 00:00:00
002607,中公教育,1.94,2.1053,2.6224,67179846,49392669,85114614,77653310,25248481,2026-09-21 00:00:00
002608,江苏国信,7.42,0.8152,0.314,0,0,8577950,17656696,-9078746,2026-09-21 00:00:00
002609,捷顺科技,7.8,2.228,1.1763,0,1171500,11931020,4495068,6264452,2026-09-21 00:00:00
002611,东方精工,14.04,0.5011,1.2784,8526850,11847387,39798642,43830676,-7352571,2026-09-21 00:00:00
002612,朗姿股份,17.45,2.0468,3.504,6166065,1875025,25267197,19806344,9751893,2026-09-21 00:00:00
002613,北玻股份,3.64,0.5525,8.0997,4607172,9629509,36419676,30588722,808617,2026-09-21 00:00:00
002614,奥佳华,6.25,10.0352,2.4998,35602731,5204375,12080415,13345000,29133771,2026-09-21 00:00:00
002615,哈尔斯,6.31,0.96,2.7832,0,2656240,7323972,8565205,-3897473,2026-09-21 00:00:00
002616,长青集团,4.9,0.823,1.007,1369200,0,8889189,6314737,3943652,2026-09-21 00:00:00
002617,露笑科技,7.16,2.5788,10.5494,114525993,93190941,283845712,337901744,-32720980,2026-09-21 00:00:00
002620,*ST瑞和,5.78,-0.1727,1.6239,0,1536360,6830914,8663844,-3369290,2026-09-21 00:00:00
002622,皓宸医疗,2.72,10.1215,5.4355,41280309,7724728,19444490,18367142,34632929,2026-09-21 00:00:00
002623,亚玛顿,19.83,7.0734,15.0904,44942868,48020759,139224434,131874879,4271664,2026-09-21 00:00:00
002624,完美世界,10.02,0.5015,2.0266,47700907,28588243,79650762,72148320,26615106,2026-09-21 00:00:00
002625,光启技术,27.45,-0.5435,0.9762,57883109,85060162,159565377,140429638,-8041314,2026-09-21 00:00:00
002626,金达威,16.77,3.9678,0.7099,5385038,5172522,11395847,7763530,3844833,2026-09-21 00:00:00
002627,三峡旅游,6.87,1.4771,1.6684,2510744,1292000,10791956,11612207,398493,2026-09-21 00:00:00
002628,成都路桥,5.29,4.3393,4.0884,31552882,22697959,45467676,36633713,17688886,2026-09-21 00:00:00
002629,仁智股份,4.35,2.3529,4.5366,730080,4178207,7414731,10036436,-6069832,2026-09-21 00:00:00
002630,*ST华西,1.66,0,0.7303,0,0,4068277,7928637,-3860360,2026-09-21 00:00:00
002631,德尔未来,14.14,6.8783,9.9665,89580788,96787249,243777782,298562448,-61991127,2026-09-21 00:00:00
002632,道明光学,10.03,5.1363,6.8826,50642127,17454476,67962126,77678621,23471156,2026-09-21 00:00:00
002633,申科股份,14.2,0.7092,1.1106,0,0,2274284,2502281,-227997,2026-09-21 00:00:00
002634,*ST棒杰,4.03,-0.7389,1.2577,172430,1508000,5778502,6771392,-2328460,2026-09-21 00:00:00
002635,安洁科技,15.16,1.4726,2.8755,2838755,1494343,27510255,27934770,919897,2026-09-21 00:00:00
002636,金安国纪,81.38,0.6431,5.8003,483645120,442193472,770332928,852988880,-41204304,2026-09-21 00:00:00
002637,赞宇科技,11.32,0.3546,2.3872,0,5513002,17874693,19468778,-7107087,2026-09-21 00:00:00
002638,勤上股份,4.31,1.6509,1.6209,8942050,8246752,26816984,26730599,781683,2026-09-21 00:00:00
002639,雪人集团,14.2,0.7092,13.3464,61963513,61603497,258565883,250366593,8559306,2026-09-21 00:00:00
002640,跨境通,3.79,2.4324,16.1076,60891243,112145389,156300582,169382194,-64335758,2026-09-21 00:00:00
002641,公元股份,3.88,2.6455,0.7373,1049037,3898557,7603251,3318606,1435125,2026-09-21 00:00:00
002642,荣联科技,7.03,0.5722,1.1379,1498000,2410032,10435795,9352970,170793,2026-09-21 00:00:00
002643,万润股份,13.45,-0.4441,1.5711,5173594,5312364,42273693,46609743,-4474820,2026-09-21 00:00:00
002644,佛慈制药,8.5,3.7851,1.2086,1030824,0,4637701,8609282,-2940757,2026-09-21 00:00:00
002645,华宏科技,18.66,2.1346,3.5045,36901417,10444343,102082823,82580607,45959290,2026-09-21 00:00:00
002646,天佑德酒,7.05,3.6765,1.3514,0,0,9149346,6482776,2666570,2026-09-21 00:00:00
002647,仁东控股,11.33,4.0404,2.7626,47744166,18292276,102017495,107596727,23872658,2026-09-21 00:00:00
002648,卫星化学,27.23,2.33,0.9376,78502417,46529783,180157542,189677118,22453058,2026-09-21 00:00:00
002649,博彦科技,9.42,1.5086,2.0725,4699279,8794977,29412022,18755587,6560737,2026-09-21 00:00:00
002650,ST加加,6.46,-3.2934,0.5902,2249253,1838123,10443727,9238821,1616036,2026-09-21 00:00:00
002651,利君股份,8.45,1.4406,2.3425,1857668,2316646,17979545,15929287,1591280,2026-09-21 00:00:00
002652,扬子新材,4.79,3.4557,3.1281,3275397,0,14856514,14694780,3437131,2026-09-21 00:00:00
002653,海思科,67.4,6.0749,1.4444,37328962,28271173,88642588,94560051,3140326,2026-09-21 00:00:00
002654,万润科技,14.15,-0.5622,3.6556,38294785,71328340,76982899,97416198,-53466854,2026-09-21 00:00:00
002655,共达电声,40.1,-1.956,7.384,167513271,156203694,207680278,226739136,-7749281,2026-09-21 00:00:00
002656,摩登大道,2.81,0.7168,1.6616,857869,2627365,5643176,10452061,-6578381,2026-09-21 00:00:00
002657,中科金财,15.89,6.43,4.5587,3121025,1521039,54355318,29185836,26769468,2026-09-21 00:00:00
002658,雪迪龙,7.44,1.087,1.0027,0,0,4573548,5315859,-742311,2026-09-21 00:00:00
002659,凯文教育,4.62,4.0541,1.957,1567276,0,13802040,9644257,5725059,2026-09-21 00:00:00
002660,茂硕电源,8.14,0.3699,2.2875,0,0,6274828,6211557,63271,2026-09-21 00:00:00
002661,克明食品,7.7,2.6667,3.5895,0,0,14584749,16734166,-2149417,2026-09-21 00:00:00
002662,峰璟股份,3.21,0.627,0.6485,2910186,0,5983856,8577387,316655,2026-09-21 00:00:00
002663,普邦股份,1.77,2.907,1.9692,8552656,1720000,11190344,15590545,2432455,2026-09-21 00:00:00
002664,信质集团,15,0.9421,0.8813,0,0,6682520,9694189,-3011669,2026-09-21 00:00:00
002666,德联集团,4.26,2.4038,2.0134,0,0,11039403,9866024,1173379,2026-09-21 00:00:00
002667,*ST威领,21.82,9.9798,8.4937,71757570,70618587,168706904,140898165,28947722,2026-09-21 00:00:00
002668,TCL智家,8.96,-0.9945,1.4475,8133063,18180234,36537041,36591004,-10101134,2026-09-21 00:00:00
002669,康达新材,14.47,5.1599,16.4673,35146129,27685333,177056025,105985938,78530883,2026-09-21 00:00:00
002670,国盛证券,11.88,1.6253,1.3719,26519937,5029080,53701611,45206000,29986468,2026-09-21 00:00:00
002671,龙泉股份,4.04,3.0612,1.7468,0,0,3884485,3578849,305636,2026-09-21 00:00:00
002672,东江环保,3.66,2.521,0.8434,0,1044714,2874627,1302291,527622,2026-09-21 00:00:00
002673,西部证券,6.82,1.037,0.5449,25760520,7417515,41172768,37428011,22087762,2026-09-21 00:00:00
002674,兴业科技,20.2,2.9562,4.255,12847284,10269391,54477856,43310941,13744808,2026-09-21 00:00:00
002675,东诚药业,12.76,2.3256,0.991,5471937,2682452,22101392,16459385,8431492,2026-09-21 00:00:00
002676,顺威股份,5.41,1.1215,1.6461,5191071,6861332,9200118,10064551,-2534694,2026-09-21 00:00:00
002677,浙江美大,6.08,-1.1382,1.3769,0,2151394,6641879,13631721,-9141236,2026-09-21 00:00:00
002678,珠江钢琴,4.45,2.5346,0.7115,0,0,8172367,3875292,4297075,2026-09-21 00:00:00
002679,福建金森,11.07,1.3736,5.5917,7528087,1199988,10188030,17372454,-856325,2026-09-21 00:00:00
002681,奋达科技,4.63,0.6522,1.9048,3720980,13558571,31906208,22549972,-481355,2026-09-21 00:00:00
002682,龙洲股份,5.18,1.5686,2.9094,1178760,0,15715335,18077236,-1183141,2026-09-21 00:00:00
002683,广东宏大,28.83,2.5614,1.1074,14486614,9987220,60506044,60394730,4610708,2026-09-21 00:00:00
002685,华东重机,5.74,1.4134,7.5521,40862241,47319421,100204156,94833259,-1086283,2026-09-21 00:00:00
002686,亿利达,6.27,0.8039,1.3673,2296605,2886297,4535756,10300735,-6354671,2026-09-21 00:00:00
002687,乔治白,6.65,4.5597,4.2001,10461037,6444188,22753414,32465144,-5694881,2026-09-21 00:00:00
002688,金河生物,5.27,2.5292,1.3373,1501368,0,8614099,11819666,-1704199,2026-09-21 00:00:00
002689,ST远智,3,3.0928,0.6176,1036800,0,3955720,3387403,1605117,2026-09-21 00:00:00
002690,美亚光电,15.51,0.7797,0.7126,0,1899169,5676212,5756217,-1979174,2026-09-21 00:00:00
002691,*ST冀凯,4.27,-0.2336,0.4601,0,0,1654500,1508245,146255,2026-09-21 00:00:00
002692,远程股份,4.33,1.1682,1.2686,1186543,0,8323165,7208629,2301079,2026-09-21 00:00:00
002693,双成药业,9.42,2.1692,8.6124,7668291,7616136,57571997,60735187,-3111035,2026-09-21 00:00:00
002694,*ST顾地,2.4,1.6949,0.2165,0,0,518889,0,518889,2026-09-21 00:00:00
002695,煌上煌,10.6,-1.8519,1.9312,9458941,9420286,23677673,14551297,9165031,2026-09-21 00:00:00
002696,百洋股份,6.86,2.3881,8.3071,7477211,7942234,23402911,38378363,-15440475,2026-09-21 00:00:00
002697,红旗连锁,4.75,1.4957,1.4631,5274279,6051109,14318675,11632307,1909538,2026-09-21 00:00:00
002698,博实股份,11.44,0.2629,0.8125,5397501,11888608,18935030,15810852,-3366929,2026-09-21 00:00:00
002700,万憬能源,6.5,2.2013,1.0559,0,0,3361096,4035506,-674410,2026-09-21 00:00:00
002701,奥瑞金,4.41,0.6849,0.6723,6146968,6274762,20854130,12272958,8453378,2026-09-21 00:00:00
002702,海欣食品,5.67,2.3466,9.0193,8550055,8582989,36892666,33898256,2961476,2026-09-21 00:00:00
002703,浙江世宝,15.6,1.233,4.6783,19165590,24037294,82803165,88246423,-10314962,2026-09-21 00:00:00
002705,新宝股份,11.68,0,1.1954,2679680,4278599,25704213,24406645,-301351,2026-09-21 00:00:00
002706,良信股份,8.92,5.0648,5.1275,77125491,19764146,120440744,95499249,82302840,2026-09-21 00:00:00
002707,众信旅游,5.24,2.544,2.0755,5244217,3692327,16833114,15001477,3383527,2026-09-21 00:00:00
002708,光洋股份,17.25,1.2918,5.9678,28092853,23051835,108277655,140145594,-26826921,2026-09-21 00:00:00
002709,天赐材料,33.53,0.5096,2.2766,156467571,120511383,274221408,246772406,63405190,2026-09-21 00:00:00
002712,思美传媒,5.05,1.2024,2.4971,0,0,10799551,9677703,1121848,2026-09-21 00:00:00
002713,东易日盛,11.05,1.1905,6.899,30174420,21493949,76274903,59333008,25622366,2026-09-21 00:00:00
002714,牧原股份,42.38,2.4909,0.8627,111357425,88456746,322699760,357968448,-12368009,2026-09-21 00:00:00
002715,登云股份,13.23,0.9153,2.2639,0,0,5841947,7150809,-1308862,2026-09-21 00:00:00
002716,湖南白银,9.72,-1.3198,4.9103,92530963,158260635,180967612,238669121,-123431181,2026-09-21 00:00:00
002717,*ST岭南,0.97,2.1053,3.8159,1475000,4087750,30325800,30806601,-3093551,2026-09-21 00:00:00
002718,友邦吊顶,85.15,0.2354,0.6944,4146962,4296736,9758211,13729355,-4120918,2026-09-21 00:00:00
002719,ST麦趣,6.4,-0.156,1.0061,0,0,1704654,1169221,535433,2026-09-21 00:00:00
002721,金一文化,2.75,1.1029,2.0712,5113936,13443628,46238178,41716065,-3807579,2026-09-21 00:00:00
002722,物产金轮,13.2,1.7733,0.9397,0,0,2504619,2676670,-172051,2026-09-21 00:00:00
002723,小崧股份,7.69,0.3916,3.0898,2083596,5929547,15237283,17898693,-6507361,2026-09-21 00:00:00
002724,海洋王,7.84,9.9579,6.8792,63431161,14210660,61852482,53986027,57086956,2026-09-21 00:00:00
002725,跃岭股份,11.25,1.7179,1.2771,1154084,2039247,6554607,4051098,1618346,2026-09-21 00:00:00
002726,ST龙大,2.54,6.7227,3.6864,2514746,1025000,37288211,25755423,13022534,2026-09-21 00:00:00
002727,一心堂,11.07,2.1218,1.6963,3221066,0,10211992,14059647,-626589,2026-09-21 00:00:00
002728,特一药业,10.14,5.1867,6.8662,36391653,13546923,54212545,74591652,2465623,2026-09-21 00:00:00
002729,好利科技,14.04,0.7174,1.8497,0,2131599,7845143,10420570,-4707026,2026-09-21 00:00:00
002730,电光科技,23.61,-2.0332,3.4114,8828731,21007353,52667454,88862666,-48373834,2026-09-21 00:00:00
002731,*ST萃华,0.77,,,0,0,0,0,0,2026-09-21 00:00:00
002732,燕塘乳业,14.08,3.0747,1.0648,0,0,2350095,2652462,-302367,2026-09-21 00:00:00
002733,雄韬股份,18.12,-0.6579,2.2651,1303307,8262052,22708585,30273524,-14523684,2026-09-21 00:00:00
002734,利民股份,19.32,3.7594,6.8179,63134437,73834744,144974703,154594920,-20320524,2026-09-21 00:00:00
002735,王子新材,12.77,-1.39,15.2171,17433868,46026651,73552470,87393738,-42434051,2026-09-21 00:00:00
002736,国信证券,9.93,1.1202,0.1801,28549811,19868558,45132723,47644457,6169519,2026-09-21 00:00:00
002737,葵花药业,11.51,2.3111,1.0115,2810694,0,8331023,9244692,1897025,2026-09-21 00:00:00
002738,中矿资源,45.05,2.2934,2.7226,72998677,41581339,215501567,167629603,79289302,2026-09-21 00:00:00
002739,儒意电影,8.69,0.8121,1.8343,27569814,27943387,98259363,76574537,21311253,2026-09-21 00:00:00
002741,光华科技,26.39,3.9795,9.0114,85016945,48677490,271354512,238869612,68824355,2026-09-21 00:00:00
002742,冀衡医药,4.34,6.3725,8.3739,4788646,11993812,40686072,31670911,1809995,2026-09-21 00:00:00
002743,ST富煌,5.17,-1.3359,3.4602,3793001,3621213,18660198,24446900,-5614914,2026-09-21 00:00:00
002745,木林森,12.32,0.7359,3.9154,41170666,28415836,118941975,128328732,3368073,2026-09-21 00:00:00
002746,仙坛股份,6.54,1.7107,1.6006,4837346,0,7860972,8506507,4191811,2026-09-21 00:00:00
002747,埃斯顿,29.78,-0.0336,3.6961,53412180,78692587,220901630,225983714,-30362491,2026-09-21 00:00:00
002748,世龙实业,12.31,-0.0812,2.3149,1195839,5992360,9840142,9182037,-4138416,2026-09-21 00:00:00
002749,国光股份,8.52,1.9139,0.4172,0,0,2745639,1152594,1593045,2026-09-21 00:00:00
002752,昇兴股份,6.2,-0.9585,1.0339,0,3707388,7843964,13876078,-9739502,2026-09-21 00:00:00
002753,永东股份,6.87,2.2321,3.0222,0,1434429,8135837,11576863,-4875455,2026-09-21 00:00:00
002755,奥赛康,12.45,9.9823,3.8393,101126460,35432011,100616991,84009644,82301796,2026-09-21 00:00:00
002756,永兴材料,41.16,0.5619,1.8523,13593921,10959358,53708115,44090900,12251778,2026-09-21 00:00:00
002757,南兴股份,18.05,1.9774,4.3253,10085945,2450067,43500854,39718820,11417912,2026-09-21 00:00:00
002758,浙农股份,8.72,1.6317,1.1279,1454640,0,4604154,9097949,-3039155,2026-09-21 00:00:00
002759,ST天际,15.28,5.8172,4.7498,22301336,7467765,86170325,68834053,32169843,2026-09-21 00:00:00
002760,凤形股份,17.53,2.6948,2.3204,271234,0,5149738,3939031,1481941,2026-09-21 00:00:00
002761,浙江建投,7.42,2.3448,1.0699,2233420,1385888,17621755,25009841,-6540554,2026-09-21 00:00:00
002762,金发拉比,10.44,2.554,2.2889,3517296,8200684,14175147,16192029,-6700270,2026-09-21 00:00:00
002763,汇洁股份,7.34,1.3812,1.3339,1159137,0,4047216,3212303,1994050,2026-09-21 00:00:00
002765,蓝黛科技,7.08,3.207,2.0402,1997389,0,18764426,18959396,1802419,2026-09-21 00:00:00
002766,索菱股份,4.06,0.7444,1.3304,1074276,3249209,10357972,8154107,28932,2026-09-21 00:00:00
002767,先锋电子,18.9,3.4483,3.8778,2207201,1097448,10004878,12904942,-1790311,2026-09-21 00:00:00
002768,国恩股份,68.05,0.2357,3.058,77615639,82337111,156150012,174468778,-23040238,2026-09-21 00:00:00
002769,普路通,7.03,4.9254,3.3162,1744147,0,10008986,14534581,-2781448,2026-09-21 00:00:00
002771,真视通,13.9,0.361,4.7571,6293979,9670624,15342139,29151205,-17185711,2026-09-21 00:00:00
002772,众兴菌业,11.18,1.9143,3.4029,4496192,1028513,29205788,29558553,3114914,2026-09-21 00:00:00
002773,康弘药业,20.4,4.3478,1.5197,20587970,11915387,50810674,52088278,7394979,2026-09-21 00:00:00
002774,快意电梯,16.73,-6.4841,7.8794,17418833,36588742,90593485,83484161,-12060585,2026-09-21 00:00:00
002775,文科股份,3.33,2.7778,1.8884,0,0,2447713,4250460,-1802747,2026-09-21 00:00:00
002777,久远银海,12.72,2.3331,1.159,5145404,2955042,10241267,6344620,6087009,2026-09-21 00:00:00
002778,中晟高科,16.02,5.7426,2.8009,2099572,0,7789835,8581242,1308165,2026-09-21 00:00:00
002779,中坚科技,84.99,2.4099,1.5663,17279033,23031335,64107360,71681548,-13326490,2026-09-21 00:00:00
002780,三夫户外,14.92,5.8156,11.1689,7077440,1068823,36929429,34132798,8805248,2026-09-21 00:00:00
002782,可立克,15.5,1.9066,1.8263,3558097,0,28410551,21371259,10597389,2026-09-21 00:00:00
002783,凯龙股份,8.17,5.2835,3.0068,2759952,1606000,29558566,27974618,2737900,2026-09-21 00:00:00
002785,万里石,42.2,7.1338,6.6802,83287872,73935201,181178617,150421175,40110113,2026-09-21 00:00:00
002786,银宝山新,7.81,-1.0139,2.4173,0,0,8183024,14735890,-6552866,2026-09-21 00:00:00
002787,华源控股,26.47,1.6513,7.6095,54391301,35946447,140420575,102056860,56808569,2026-09-21 00:00:00
002788,鹭燕医药,11.47,3.3333,4.0452,10529779,4243716,21197824,18630751,8853136,2026-09-21 00:00:00
002789,*ST建艺,13.78,-1.4306,1.5052,0,1482534,11736611,6799404,3454673,2026-09-21 00:00:00
002790,瑞尔特,6.6,1.8519,12.8447,3430876,4273184,39684162,40461378,-1619524,2026-09-21 00:00:00
002791,坚朗五金,15.29,5.5939,3.0166,594360,1895670,20636063,15246912,4087841,2026-09-21 00:00:00
002792,通宇通讯,34.54,10,20.3126,724328560,222299130,524758944,505568736,521219638,2026-09-21 00:00:00
002793,罗欣药业,4.93,6.71,3.8564,14510427,5799876,38921119,35268841,12362829,2026-09-21 00:00:00
002795,永和智控,8.04,9.9863,11.2643,78764420,34719486,91844750,114354842,21534842,2026-09-21 00:00:00
002796,世嘉科技,31.73,-0.1259,6.7733,14650049,13759062,67370954,66544590,1717351,2026-09-21 00:00:00
002797,第一创业,6.38,0.3145,0.9127,15559912,37352159,67481275,63855335,-18166307,2026-09-21 00:00:00
002798,帝欧水华,6.62,-0.3012,1.4834,0,1206480,6086711,9985384,-5105153,2026-09-21 00:00:00
002799,环球印务,6.86,3.003,1.5911,0,0,2882415,3283347,-400932,2026-09-21 00:00:00
002800,天顺股份,15.01,1.6249,1.4098,0,1515885,2764715,2890833,-1642003,2026-09-21 00:00:00
002801,微光股份,26.69,0.641,0.553,135813,0,1426685,1271243,291255,2026-09-21 00:00:00
002802,洪汇新材,12.3,2.8428,1.5218,0,0,2937275,2953597,-16322,2026-09-21 00:00:00
002803,吉宏股份,21.05,2.733,3.7177,15849582,11721591,59005983,53512297,9621677,2026-09-21 00:00:00
002805,丰元股份,16.82,-0.4734,3.1638,9385459,11910505,28217966,19192597,6500323,2026-09-21 00:00:00
002806,华锋股份,15.67,4.3276,9.9792,13229404,12650951,51037735,43224314,8391874,2026-09-21 00:00:00
002807,江阴银行,4.13,-0.2415,1.2166,19185217,13614707,26942705,17200730,15312485,2026-09-21 00:00:00
002809,红墙股份,8.45,3.3007,3.0761,0,0,1912430,2406225,-493795,2026-09-21 00:00:00
002810,山东赫达,21.55,2.864,1.2612,4885514,4207583,15220631,20307698,-4409136,2026-09-21 00:00:00
002811,郑中设计,16.65,8.3279,5.6956,21056018,14027375,41541591,55313533,-6743299,2026-09-21 00:00:00
002812,恩捷股份,48.19,-0.8028,1.4347,32638922,17939680,98561096,83332661,29927677,2026-09-21 00:00:00
002813,路畅科技,22.02,1.709,0.9229,0,1008882,1627521,1167825,-549186,2026-09-21 00:00:00
002815,崇达技术,23.88,2.0513,9.6539,93018795,143273161,275676624,428186912,-202764654,2026-09-21 00:00:00
002816,*ST和科,22.4,-1.4952,1.2378,129398,541178,6955901,10423550,-3879429,2026-09-21 00:00:00
002817,黄山胶囊,6.71,3.7094,1.8778,0,0,1651025,2110007,-458982,2026-09-21 00:00:00
002818,富森美,11.5,0.1742,1.1633,3969267,1102080,9528667,5275827,7120027,2026-09-21 00:00:00
002819,东方中科,21.89,2.2897,1.1442,439727,8201762,13587001,7737755,-1912789,2026-09-21 00:00:00
002820,桂发祥,9.99,3.2025,2.9265,0,0,2625693,7316209,-4690516,2026-09-21 00:00:00
002821,凯莱英,190.99,3.1263,3.2644,283735968,262932979,529833824,461825680,88811133,2026-09-21 00:00:00
002822,ST中装,2.97,-1.3289,0.554,1482030,0,5854699,6863891,472838,2026-09-21 00:00:00
002823,凯中精密,12.97,1.7255,1.6768,7247253,1277001,5642624,6034362,5578514,2026-09-21 00:00:00
002824,和胜股份,29.16,2.7846,12.3361,130752573,144367668,181198498,152020415,15562988,2026-09-21 00:00:00
002825,纳尔股份,9.71,1.6754,1.384,735505,2360024,3304118,1489566,190033,2026-09-21 00:00:00
002826,易明医药,17.45,2.4662,1.5879,0,0,4349673,10303799,-5954126,2026-09-21 00:00:00
002827,高争民爆,71.05,4.3319,3.141,38729214,71870232,202629306,167893851,1594437,2026-09-21 00:00:00
002828,贝肯能源,11.17,4.0037,4.3545,6072582,4989705,15114387,18878826,-2681562,2026-09-21 00:00:00
002829,星网宇达,20.52,1.3834,3.2797,0,3127086,16185658,19514407,-6455835,2026-09-21 00:00:00
002830,名雕股份,15.12,3.8462,5.294,2993024,1046500,9530361,5580549,5896336,2026-09-21 00:00:00
002831,裕同科技,28.31,0.6757,0.846,17128511,9339677,33883188,38684287,2987735,2026-09-21 00:00:00
002832,比音勒芬,25.82,0.7413,1.1095,1900579,0,10767524,14334589,-1666486,2026-09-21 00:00:00
002833,弘亚数控,18.47,0.8188,0.8166,892800,0,4448836,5048057,293579,2026-09-21 00:00:00
002835,同为股份,13,0.6192,1.3348,0,0,2174178,2999171,-824993,2026-09-21 00:00:00
002836,新宏泽,11.98,0.5034,15.1048,10800533,6391781,73430419,110269244,-32430073,2026-09-21 00:00:00
002837,英维克,62.23,-1.6593,3.0352,146627786,362314160,452260576,540508336,-303934134,2026-09-21 00:00:00
002838,道恩股份,25.51,1.0697,1.2437,5563232,3450935,15778810,23870943,-5979836,2026-09-21 00:00:00
002839,张家港行,4.29,-0.2326,0.8957,7627664,640700,25926214,15489335,17423843,2026-09-21 00:00:00
002840,华统股份,8.41,4.3424,2.8418,3762204,0,40955175,37380058,7337321,2026-09-21 00:00:00
002841,视源股份,46.74,-1.0794,1.2303,1260770,10893172,49374196,48441716,-8699922,2026-09-21 00:00:00
002842,翔鹭钨业,35.1,-0.9034,8.6027,72885140,110809959,154043106,191951443,-75833156,2026-09-21 00:00:00
002843,泰嘉股份,16.34,-0.4266,2.0076,0,0,5225922,8520199,-3294277,2026-09-21 00:00:00
002845,同兴达,14.49,3.5,4.733,10767706,2076445,42890432,26820800,24760893,2026-09-21 00:00:00
002846,英联股份,11.76,-0.7595,7.4269,4639095,6219178,31317217,30985420,-1248286,2026-09-21 00:00:00
002847,盐津铺子,43.98,3.6042,1.0962,7698126,2715748,23865475,18616047,10231806,2026-09-21 00:00:00
002848,高斯贝尔,15.53,1.5033,12.7203,22965542,34831183,71185130,93809369,-34489880,2026-09-21 00:00:00
002849,威星智能,20.69,1.8209,14.6371,42878329,72261911,133628935,117912910,-13667557,2026-09-21 00:00:00
002850,科达利,175.2,1.2717,1.0899,34539971,21084621,54522285,70555679,-2578044,2026-09-21 00:00:00
002851,麦格米特,124.8,-1.5773,4.5177,303502736,416764816,617973712,597832560,-93120928,2026-09-21 00:00:00
002852,道道全,8.29,1.8428,3.1659,0,1279369,12932606,12693185,-1039948,2026-09-21 00:00:00
002853,皮阿诺,22.06,0.8227,0.6666,0,0,3239407,4386048,-1146641,2026-09-21 00:00:00
002855,捷荣技术,13.23,3.7647,6.6244,2263107,5607830,27340847,38550132,-14554008,2026-09-21 00:00:00
002856,*ST美芝,23.69,2.1121,6.0124,2841510,12368332,66730793,62763493,-5559522,2026-09-21 00:00:00
002857,三晖电气,17.84,3.4803,1.7429,2088450,2239380,2734134,1848139,735065,2026-09-21 00:00:00
002858,力盛体育,11.6,2.3831,2.2431,0,0,2372690,4663369,-2290679,2026-09-21 00:00:00
002859,洁美科技,68.2,-0.438,4.2807,118680370,117177905,298742832,360426384,-60181087,2026-09-21 00:00:00
002860,星帅尔,18.39,9.988,7.1301,219150756,195911573,122130353,92512482,52857054,2026-09-21 00:00:00
002861,瀛通通讯,14.85,1.9918,2.7414,0,0,9302774,4758886,4543888,2026-09-21 00:00:00
002862,实丰文化,15.83,2.9259,3.5429,7566051,4585466,9943734,8919389,4004930,2026-09-21 00:00:00
002863,今飞凯达,4.76,1.4925,1.1722,0,0,1574919,4668071,-3093152,2026-09-21 00:00:00
002864,盘龙药业,21.43,4.2315,3.45,0,0,10879005,11113778,-234773,2026-09-21 00:00:00
002865,钧达股份,38.8,0.8578,2.8574,9079721,3427340,38159426,35083300,8728507,2026-09-21 00:00:00
002866,传艺科技,14.52,0.0689,2.3164,2590590,0,6669175,7621358,1638407,2026-09-21 00:00:00
002867,周大生,10.33,0,0.5799,0,1016833,9537308,9225435,-704960,2026-09-21 00:00:00
002868,绿康生化,23.45,1.9565,2.3838,1057980,3135079,10463279,10654091,-2267911,2026-09-21 00:00:00
002869,金溢科技,17.04,10.0065,4.8359,62021702,22709208,27991790,17070980,50233304,2026-09-21 00:00:00
002870,香山股份,48.96,-1.0509,2.5429,12894220,22984000,27051210,31607218,-14645788,2026-09-21 00:00:00
002871,伟隆股份,17.95,1.9307,2.2481,2754949,5336317,9572093,7488893,-498168,2026-09-21 00:00:00
002872,ST天圣,6.05,2.8912,1.8969,0,156695,4897293,4622240,118358,2026-09-21 00:00:00
002873,新天药业,8.56,6.6002,4.0555,0,2127044,10630372,7999007,504321,2026-09-21 00:00:00
002875,安奈儿,13.23,2.2411,1.6677,1297568,0,3620188,7415251,-2497495,2026-09-21 00:00:00
002876,三利谱,32.35,2.0827,3.3587,6482539,2551558,16711782,23325433,-2682670,2026-09-21 00:00:00
002877,智能自控,7.55,2.5815,2.2633,0,0,7621522,6949647,671875,2026-09-21 00:00:00
002878,元隆雅图,12.66,0.4762,1.3688,1272299,1113948,1683361,1642840,198872,2026-09-21 00:00:00
002879,长缆科技,16.83,2.1858,5.9649,13776969,1130565,32574996,15759896,29461504,2026-09-21 00:00:00
002880,卫光生物,21.64,4.0385,1.1481,1351829,0,11172874,11015044,1509659,2026-09-21 00:00:00
002881,美格智能,46.47,2.5828,6.1658,10032618,20921799,67839057,116468988,-59519112,2026-09-21 00:00:00
002882,金龙羽,22.74,-2.4871,5.1225,8973147,7307726,38643842,60440165,-20130902,2026-09-21 00:00:00
002883,*ST中设,9.22,0.8753,0.3713,764943,0,1502918,2009432,258429,2026-09-21 00:00:00
002884,凌霄泵业,15.49,0.0646,0.4356,0,0,3001748,5156555,-2154807,2026-09-21 00:00:00
002885,京泉华,29.12,2.1754,7.2001,46570821,28032138,92924722,77424576,34038829,2026-09-21 00:00:00
002886,沃特股份,26.95,2.0833,16.7928,50694680,36021752,242609977,204917452,52365453,2026-09-21 00:00:00
002887,绿茵生态,9.18,0.9901,1.0716,0,0,2163885,2437760,-273875,2026-09-21 00:00:00
002888,惠威科技,18.87,0.5328,3.0281,1200457,0,3617007,7701031,-2883567,2026-09-21 00:00:00
002889,东方嘉盛,11.98,0.6723,0.8039,0,0,2459193,4472972,-2013779,2026-09-21 00:00:00
002890,弘宇股份,15,1.2146,1.2717,2568346,0,547163,3524147,-408638,2026-09-21 00:00:00
002891,中宠股份,29.65,7.5444,4.041,20115601,13011919,104514057,70612848,41004891,2026-09-21 00:00:00
002892,科力尔,8.72,0.8092,0.8677,2880525,2613000,6257616,3363131,3162010,2026-09-21 00:00:00
002893,京能热力,10.4,0.6776,3.8008,5922780,3052961,12397548,16865781,-1598414,2026-09-21 00:00:00
002895,川恒股份,30.84,0.1624,0.5787,6093262,5432225,19463150,10600448,9523739,2026-09-21 00:00:00
002896,中大力德,61.5,0.0651,2.6379,25038656,24583340,54075071,68535589,-14005202,2026-09-21 00:00:00
002897,意华股份,70.52,0.5848,10.3251,218790703,140654934,324002256,398142688,3995337,2026-09-21 00:00:00
002899,英派斯,20.87,6.2087,3.3911,5563025,6980847,19052103,17600410,33871,2026-09-21 00:00:00
002900,哈三联,13.04,10.0422,12.495,74893268,13839027,63829293,51163038,73720496,2026-09-21 00:00:00
002901,大博医疗,39.62,2.0082,0.4901,1717787,0,12582181,7333032,6966936,2026-09-21 00:00:00
002902,铭普光磁,30.2,-3.2051,25.7147,127367760,368186416,242681641,294932768,-293069783,2026-09-21 00:00:00
002903,宇环数控,31.5,2.4057,8.49,13954432,7875245,41718359,40617211,7180335,2026-09-21 00:00:00
002905,金逸影视,9.04,5.6075,2.5626,7940504,5487603,9348510,6026378,5775033,2026-09-21 00:00:00
002906,华阳集团,27.78,0.8715,1.068,5414316,2216628,36335309,28452764,11080233,2026-09-21 00:00:00
002907,华森制药,15.25,10.0289,7.1961,67351934,13112035,75532021,62348529,67423391,2026-09-21 00:00:00
002908,德生科技,7.02,2.6316,1.5575,0,0,5487006,3358397,2128609,2026-09-21 00:00:00
002909,集泰股份,6.87,5.8552,17.5185,111138417,36451196,68827076,91460172,52054125,2026-09-21 00:00:00
002910,庄园牧场,10.22,4.6059,3.8464,0,0,5246869,5693758,-446889,2026-09-21 00:00:00
002911,佛燃能源,11.22,0.0892,0.2711,0,0,4306925,3631680,675245,2026-09-21 00:00:00
002912,中新赛克,23.98,-2.3218,13.6597,9875516,29002426,118129754,115570919,-16568075,2026-09-21 00:00:00
002913,奥士康,84.5,0.5234,6.4508,225037601,329790768,320480944,450191424,-234463647,2026-09-21 00:00:00
002915,中欣氟材,17.46,0.4603,1.8175,0,1510322,23054178,22045318,-501462,2026-09-21 00:00:00
002916,深南电路,395.02,2.736,1.1707,548743472,410440512,780750016,636341072,282711904,2026-09-21 00:00:00
002917,金奥博,10.39,2.668,1.071,0,1275318,6967227,4300779,1391130,2026-09-21 00:00:00
002918,蒙娜丽莎,11.31,1.8919,9.5911,1995341,1851864,52271763,28322538,24092702,2026-09-21 00:00:00
002919,名臣健康,17.03,1.4294,1.1902,0,0,6801289,5566740,1234549,2026-09-21 00:00:00
002920,德赛西威,84.57,-0.1888,0.501,10479617,13746379,62278221,63337717,-4326258,2026-09-21 00:00:00
002921,联诚精密,20.72,1.4691,2.8464,3991639,1765683,11502686,18268211,-4539569,2026-09-21 00:00:00
002922,伊戈尔,23.62,0.4252,3.8031,20320974,47317886,71657504,61347384,-16686792,2026-09-21 00:00:00
002923,润都股份,11.37,4.1209,3.2429,3501298,1714596,11799634,17317786,-3731450,2026-09-21 00:00:00
002925,盈趣科技,24.8,1.0183,1.7043,30797303,47912547,74485132,77343556,-19973668,2026-09-21 00:00:00
002926,华西证券,8.39,2.442,0.831,24202419,12301121,47215292,50117708,8998882,2026-09-21 00:00:00
002927,泰永长征,20.51,5.4499,8.9187,32823226,22048211,96499837,85445722,21829130,2026-09-21 00:00:00
002928,华夏航空,6.51,0.774,1.5941,12857367,9010709,29739911,34409702,-823133,2026-09-21 00:00:00
002929,润建股份,52.29,0.1724,2.9302,30594906,33397269,72751208,69127885,820960,2026-09-21 00:00:00
002930,宏川智慧,9.22,1.6538,1.2072,1203498,0,6385577,5947495,1641580,2026-09-21 00:00:00
002931,锋龙股份,41.58,0.6536,2.0889,3118455,2361157,28785572,27370922,2171948,2026-09-21 00:00:00
002932,*ST明德,15.31,0,0.6163,0,0,2168351,3023654,-855303,2026-09-21 00:00:00
002933,新兴装备,27.69,0.9479,1.4906,0,1523200,5800413,8058976,-3781763,2026-09-21 00:00:00
002935,天奥电子,16.12,1.0025,0.9779,0,1078920,8415525,9549121,-2212516,2026-09-21 00:00:00
002936,郑州银行,1.75,0.5747,0.8245,33635121,22441871,23074287,15906383,18361154,2026-09-21 00:00:00
002937,兴瑞科技,27.37,0.0365,1.9117,18882154,18853781,35794040,44147707,-8325294,2026-09-21 00:00:00
002938,鹏鼎控股,90.5,0.6898,0.9689,200420644,220460260,461049328,476386384,-35376672,2026-09-21 00:00:00
002939,长城证券,7.9,0.6369,0.5227,27948085,24576546,39529595,44065075,-1163941,2026-09-21 00:00:00
002940,昂利康,23.76,2.5907,4.3198,5922227,6237121,38051082,29900476,7835712,2026-09-21 00:00:00
002941,新疆交建,10.58,0.3795,0.7331,4048869,0,8390279,11377213,1061935,2026-09-21 00:00:00
002942,新农股份,16.95,3.1649,3.1378,2031031,0,6352573,9797467,-1413863,2026-09-21 00:00:00
002943,宇晶股份,31.06,2.4406,3.9476,5681983,2135000,49522115,30008293,23060805,2026-09-21 00:00:00
002945,华林证券,14.63,2.6667,0.7611,25171198,18555679,66732919,68526737,4821701,2026-09-21 00:00:00
002946,新乳业,14.46,0.1385,0.4796,0,0,8229998,6864234,1365764,2026-09-21 00:00:00
002947,恒铭达,68.62,2.9866,4.3177,92206703,51490257,169422253,132506044,77632655,2026-09-21 00:00:00
002948,青岛银行,6.07,0.3306,0.8645,17859757,14919044,35160479,31326566,6774626,2026-09-21 00:00:00
002949,华阳国际,13.24,5.3302,5.763,4989017,8424280,16152967,16419938,-3702234,2026-09-21 00:00:00
002950,奥美医疗,8.61,2.1352,2.0174,5109728,8614880,9741960,11573294,-5336486,2026-09-21 00:00:00
002951,金时科技,16.13,1.3191,0.7953,0,0,5341802,9536920,-4195118,2026-09-21 00:00:00
002952,亚世光电,19.47,2.6899,3.1884,0,0,8633418,14820659,-6187241,2026-09-21 00:00:00
002953,日丰股份,10.69,1.4231,3.7107,2966259,2940367,15024162,17193112,-2143058,2026-09-21 00:00:00
002955,鸿合科技,38.8,4.7233,3.3694,11384141,26069868,70074611,59132429,-3743545,2026-09-21 00:00:00
002956,西麦食品,18.3,2.809,3.4355,1829017,6623672,13705056,24634078,-15723677,2026-09-21 00:00:00
002957,科瑞技术,42.88,1.0368,5.6742,58322061,41518171,266810578,181554320,102060148,2026-09-21 00:00:00
002958,青农商行,2.94,-0.6757,0.9921,28249631,13867057,46856626,42930289,18308911,2026-09-21 00:00:00
002959,小熊电器,32.13,1.3565,0.2517,0,0,634599,1101119,-466520,2026-09-21 00:00:00
002960,青鸟智控,8.93,2.6437,1.3714,7447636,1058400,21421160,34001065,-6190669,2026-09-21 00:00:00
002961,瑞达期货,21.46,1.1787,3.4423,32993377,28750229,73995591,68056403,10182336,2026-09-21 00:00:00
002962,五方光电,13.68,1.3333,4.0621,0,501840,19692166,22066858,-2876532,2026-09-21 00:00:00
002963,豪尔赛,22.62,10.0195,6.4975,70010448,23250241,44619760,59920769,31459198,2026-09-21 00:00:00
002965,祥鑫科技,33.28,6.9752,17.319,85558907,104391740,245634271,269915840,-43114402,2026-09-21 00:00:00
002966,苏州银行,9.16,1.1038,0.6195,1368000,9567968,43555834,36928783,-1572917,2026-09-21 00:00:00
002967,广电计量,17.2,0.4673,0.5147,1814315,0,7430384,8017229,1227470,2026-09-21 00:00:00
002968,新大正,9.66,4.7722,1.7322,0,0,1796923,1531158,265765,2026-09-21 00:00:00
002969,嘉美包装,11.51,0.7881,1.609,9250742,13984670,40469384,44782793,-9047337,2026-09-21 00:00:00
002970,锐明技术,43.73,0.4825,2.4599,3400752,2577480,34321937,40308898,-5163689,2026-09-21 00:00:00
002971,和远气体,41.46,-2.8585,15.0037,31269459,74202270,200939653,196161618,-38154776,2026-09-21 00:00:00
002972,科安达,13.22,0.7622,3.975,1637104,7254731,10057663,17918467,-13478431,2026-09-21 00:00:00
002973,侨银股份,12.97,-4.351,3.992,7620788,22711223,42518188,46600979,-19173226,2026-09-21 00:00:00
002975,博杰股份,107.53,2.5463,7.6458,141317413,107794814,265652591,247550799,51624391,2026-09-21 00:00:00
002976,瑞玛精密,26.95,0.1859,12.5528,39906466,60988446,96676519,126720293,-51125754,2026-09-21 00:00:00
002977,*ST天箭,20.5,0.5395,0.75,1220382,0,437944,1035398,622928,2026-09-21 00:00:00
002978,安宁股份,25.36,0.835,0.5027,5014090,4394592,8824436,8306885,1137049,2026-09-21 00:00:00
002979,雷赛智能,54.39,-1.4317,2.4582,14169372,20293777,34913949,44455758,-15666214,2026-09-21 00:00:00
002980,华盛昌,118.45,-7.4826,18.1072,182043812,270480656,442345808,411815216,-57906252,2026-09-21 00:00:00
002981,朝阳科技,26.51,3.0315,6.3776,7854378,5202816,42704636,60944659,-15588461,2026-09-21 00:00:00
002982,湘佳股份,12.58,2.1104,2.4904,1123394,1091944,2631249,4470235,-1807536,2026-09-21 00:00:00
002983,芯瑞达,23.24,5.7806,3.7526,1302010,223722,15541686,12459104,4160870,2026-09-21 00:00:00
002984,森麒麟,13.03,1.0078,1.0046,4166844,6351520,22857357,24183102,-3510421,2026-09-21 00:00:00
002985,北摩高科,27.81,1.4593,1.2609,2437152,2354447,13643074,18730100,-5004321,2026-09-21 00:00:00
002986,宇新股份,13.07,0.0766,1.5891,4077994,5709992,8469550,8414950,-1577398,2026-09-21 00:00:00
002987,京北方,11.01,1.5683,1.1651,3565267,4309571,24464202,22454611,1265287,2026-09-21 00:00:00
002988,豪美新材,32.1,2.0019,2.035,21071415,18797306,36061554,32639968,5695695,2026-09-21 00:00:00
002989,中天精装,24.81,2.0988,3.6216,9083639,17463869,49434303,34759168,6294905,2026-09-21 00:00:00
002990,盛视科技,52.13,3.597,7.799,30264638,19430048,116162623,97049934,29947279,2026-09-21 00:00:00
002991,甘源食品,38.07,0.7943,1.592,0,1435713,5589251,4033109,120429,2026-09-21 00:00:00
002992,宝明科技,33.86,-0.8492,1.1288,4096590,6232951,7127588,7942362,-2951135,2026-09-21 00:00:00
002993,奥海科技,36.32,-0.4932,2.1144,12656693,5577849,26854321,30126325,3806840,2026-09-21 00:00:00
002995,天地在线,17.47,3.8644,9.3578,4777375,1855758,25645981,23289143,5278455,2026-09-21 00:00:00
002996,顺博合金,6,0.8403,1.0701,1314139,0,4279643,4046122,1547660,2026-09-21 00:00:00
002997,瑞鹄模具,26.84,0.6752,1.297,5995810,1346500,17175507,21984048,-159231,2026-09-21 00:00:00
002998,优彩资源,7.98,2.1767,4.0013,1598000,2766973,11496637,15706489,-5378825,2026-09-21 00:00:00
002999,天禾股份,6.53,3.9809,5.5098,3634400,0,22768033,23537589,2864844,2026-09-21 00:00:00
003000,劲仔食品,9.55,1.5957,1.4506,0,0,7801774,2656182,5145592,2026-09-21 00:00:00
003001,中岩大地,20.88,4.4,26.233,20915273,28603988,128045273,112173161,8183397,2026-09-21 00:00:00
003002,壶化股份,16.76,2.759,4.4205,3705518,3120648,25972612,20252468,6305014,2026-09-21 00:00:00
003003,天元股份,10.86,3.2319,2.7787,0,0,901807,3573683,-2671876,2026-09-21 00:00:00
003004,声迅股份,61.37,0.3762,5.1613,35639028,47640168,60607003,43840160,4765703,2026-09-21 00:00:00
003005,竞业达,15,2.1798,13.0642,4481227,2803240,33292911,44396537,-9425639,2026-09-21 00:00:00
003006,百亚股份,21.21,-0.1882,11.5665,17860043,30115524,441231616,178008393,250967742,2026-09-21 00:00:00
003007,直真科技,41.3,3.25,2.6779,2077999,1037132,17897978,15140537,3798308,2026-09-21 00:00:00
003008,开普检测,19.37,3.3618,1.5509,0,0,1302047,897037,405010,2026-09-21 00:00:00
003009,中天火箭,48.28,0.3742,1.5613,3774938,1291528,22269999,16820464,7932945,2026-09-21 00:00:00
003010,若羽臣,29.43,-0.3724,2.3638,3740871,8974992,27371297,18000279,4136897,2026-09-21 00:00:00
003011,海象新材,19.52,1.6667,2.9166,0,97800,3895081,7086435,-3289154,2026-09-21 00:00:00
003012,东鹏控股,4.62,1.9868,0.7441,0,0,7461224,8114288,-653064,2026-09-21 00:00:00
003013,地铁设计,17.25,-10.0156,4.3488,21334571,96535986,75174021,86120371,-86147765,2026-09-21 00:00:00
003015,日久光电,12.63,1.2019,2.1168,3310939,3809116,9167989,12128046,-3458234,2026-09-21 00:00:00
003016,欣贺股份,7.6,2.288,1.3575,1136263,2526058,6287799,7706629,-2808625,2026-09-21 00:00:00
003017,大洋生物,23.04,3.7838,2.362,0,0,6890255,6515093,375162,2026-09-21 00:00:00
003018,金富科技,49.72,0,4.4044,27890624,59419432,145078052,148712549,-35163305,2026-09-21 00:00:00
003019,宸展光电,28.63,3.9579,3.5314,8038197,5964612,39403196,39266537,2210244,2026-09-21 00:00:00
003020,立方制药,17.66,3.7603,3.5122,0,821898,12793622,20590025,-8618301,2026-09-21 00:00:00
003021,兆威机电,69.8,1.1888,1.5939,13265229,8056654,49458591,40407171,14259995,2026-09-21 00:00:00
003022,联泓新科,19.72,0.1524,0.6307,1343874,0,24014333,25446760,-88553,2026-09-21 00:00:00
003023,彩虹集团,25.65,0.5094,1.48,0,0,4734179,5794039,-1059860,2026-09-21 00:00:00
003025,思进智能,12.1,0.8333,1.0254,1288960,0,5333967,4702703,1920224,2026-09-21 00:00:00
003026,中晶科技,37.89,1.8548,32.5511,142748761,142114509,337469472,297973744,40129980,2026-09-21 00:00:00
003027,同兴科技,16.49,2.6775,1.4392,0,0,1278042,592650,685392,2026-09-21 00:00:00
003028,振邦智能,23.77,2.4569,2.333,2607630,0,2708623,3147930,2168323,2026-09-21 00:00:00
003029,吉大正元,17.95,1.2408,2.6891,0,0,9634020,14904966,-5270946,2026-09-21 00:00:00
003030,祖名股份,25.95,-0.8785,3.1602,0,2560817,15698601,22232044,-9094260,2026-09-21 00:00:00
003031,中瓷电子,136.95,1.0701,2.6964,180383285,140227190,373781072,375923232,38013935,2026-09-21 00:00:00
003032,传智教育,9.39,4.5657,15.1205,13902667,12241665,82361561,67797689,16224874,2026-09-21 00:00:00
003033,征和工业,85.26,0.4595,3.9854,20222124,25901744,71263075,84223859,-18640404,2026-09-21 00:00:00
003035,南网能源,5.59,-1.5845,1.0335,14876754,21879153,27422666,39151413,-18731146,2026-09-21 00:00:00
003036,泰坦股份,54.01,-1.4056,3.4475,31380077,61698872,67060796,91729598,-54987597,2026-09-21 00:00:00
003037,三和管桩,5.83,2.2807,0.6043,1719200,0,3660696,2027015,3352881,2026-09-21 00:00:00
003038,鑫铂股份,10.77,2.3764,1.8702,1926190,0,3582500,5133886,374804,2026-09-21 00:00:00
003039,顺控发展,13.12,3.2258,1.288,7758140,1122744,19107022,18559452,7182966,2026-09-21 00:00:00
003040,楚天龙,17.31,5.6777,25.6459,319444816,270050032,329178848,455612784,-77039152,2026-09-21 00:00:00
003041,真爱美家,43.24,2.9034,4.6679,18308460,8833784,61808215,36933431,34349460,2026-09-21 00:00:00
003042,中农联合,14.4,3.2258,1.819,491861,1455090,4713856,2987111,763516,2026-09-21 00:00:00
003043,华亚智能,64.37,-1.1972,4.4572,4206989,8957075,44234599,60356403,-20871890,2026-09-21 00:00:00
003816,中国广核,4.23,-0.2358,0.2365,36172828,45091580,75476577,100241667,-33683842,2026-09-21 00:00:00
300001,特锐德,32.5,0,0.872,14548207,13694268,71382223,49969186,22266976,2026-09-21 00:00:00
300002,神州泰岳,8.09,1.761,1.4333,25889642,12346877,48428896,50464149,11507512,2026-09-21 00:00:00
300003,乐普医疗,11.68,2.0087,1.0898,10724695,5742753,51855409,39973876,16863475,2026-09-21 00:00:00
300004,南风股份,8.22,-0.3636,2.302,1741680,4964724,16148565,22191198,-9265677,2026-09-21 00:00:00
300005,探路者,11.38,0.088,4.3219,43002658,46879669,111216755,127132856,-19793112,2026-09-21 00:00:00
300006,莱美药业,5.51,4.9524,3.3175,8091992,12347499,54015060,43268040,6491513,2026-09-21 00:00:00
300007,汉威科技,31.37,3.4289,4.4195,40447529,36750365,76595769,83933853,-3640920,2026-09-21 00:00:00
300008,天海防务,6.61,2.4806,3.9813,61925380,35534970,113193687,106000186,33583911,2026-09-21 00:00:00
300009,安科生物,8.33,2.0833,2.1701,20635572,13567492,60362078,57259897,10170261,2026-09-21 00:00:00
300010,ST豆神,5.48,7.6621,7.6546,57360756,49270100,205114540,232657018,-19451822,2026-09-21 00:00:00
300011,鼎汉技术,5.88,2.2609,0.8503,1755000,0,3892915,4690531,957384,2026-09-21 00:00:00
300012,华测检测,14.67,0.9635,1.1542,10425234,14842511,55913035,57251615,-5755857,2026-09-21 00:00:00
300013,新宁物流,4.41,2.0833,3.4635,6237418,10233352,19714704,23619113,-7900343,2026-09-21 00:00:00
300014,亿纬锂能,49.97,-3.0838,2.4034,364025856,698808144,508152512,581321120,-407950896,2026-09-21 00:00:00
300015,爱尔眼科,8.11,0.8706,0.557,30683633,26361547,102604170,87813515,19112741,2026-09-21 00:00:00
300016,北陆药业,8.67,4.4578,5.91,21433742,5188708,75201271,63367256,28079049,2026-09-21 00:00:00
300017,网宿科技,15.19,0.264,3.4504,139251014,143753558,280015136,347197376,-71684784,2026-09-21 00:00:00
300018,中元股份,11.98,-0.5809,2.8123,22777328,28908521,26167998,34491276,-14454471,2026-09-21 00:00:00
300019,硅宝科技,14.38,0.6298,0.6738,396060,0,5873352,5972367,297045,2026-09-21 00:00:00
300020,ST银江,3.97,-0.9975,1.1454,0,1015854,8304978,12662174,-5373050,2026-09-21 00:00:00
300021,大禹节水,3.94,1.8088,2.144,5892495,2455796,12574624,19558074,-3546751,2026-09-21 00:00:00
300022,吉峰科技,7.99,-0.2497,1.0901,2413665,1493700,10686899,11564885,41979,2026-09-21 00:00:00
300024,机器人,13.21,-0.0756,1.0593,7149596,15040784,29407238,57086075,-35570025,2026-09-21 00:00:00
300025,华星创业,5.97,8.5455,3.9438,3207975,4536265,25024624,17280286,6416048,2026-09-21 00:00:00
300026,红日药业,3.35,4.6875,2.8823,2010000,1005000,104213822,98326544,6892278,2026-09-21 00:00:00
300027,ST华谊,1.76,1.1494,2.6765,0,0,46168193,56819619,-10651426,2026-09-21 00:00:00
300030,阳普医疗,6.85,4.4207,2.8247,0,0,5543631,8460061,-2916430,2026-09-21 00:00:00
300031,宝通科技,21.29,0.094,2.5262,5780791,7352485,46615096,45636415,-593013,2026-09-21 00:00:00
300032,金龙机电,3.95,1.2821,1.5978,346136,1145032,7882394,7540168,-456670,2026-09-21 00:00:00
300033,同花顺,210.66,1.6699,2.2083,403666144,344997680,639063632,603939568,93792528,2026-09-21 00:00:00
300034,钢研高纳,16.24,2.0742,1.3715,6636635,2463476,37740915,27738956,14175118,2026-09-21 00:00:00
300035,中科电气,12.57,0.1594,1.5296,4900912,6003195,15061629,25792475,-11833129,2026-09-21 00:00:00
300036,超图软件,10.3,1.7787,1.5378,3063962,1094350,15225680,13818830,3376462,2026-09-21 00:00:00
300037,新宙邦,71.96,-1.5999,1.8218,25092459,52478257,142227211,158411398,-43569985,2026-09-21 00:00:00
300039,上海凯宝,5.3,4.5365,3.0902,10354806,1140560,35606698,34389808,10431136,2026-09-21 00:00:00
300040,九洲集团,5.9,1.2007,4.0672,4941267,1299480,18679104,31589290,-9268399,2026-09-21 00:00:00
300041,回天新材,11.21,0,3.1757,18628393,13655778,41770546,57306940,-10563779,2026-09-21 00:00:00
300042,朗科科技,40.72,1.4955,5.2221,18315898,10654320,104226925,81162037,30726466,2026-09-21 00:00:00
300043,星辉娱乐,4.47,1.1312,1.8131,7735112,1338000,26226548,24798266,7825394,2026-09-21 00:00:00
300044,*ST赛为,6.14,1.9934,4.4624,2790207,13830463,57316896,67393566,-21116926,2026-09-21 00:00:00
300045,华力创通,11.88,1.9742,2.0265,6498966,0,15790328,20070644,2218650,2026-09-21 00:00:00
300046,台基股份,25,-0.7149,2.3601,4423752,3730809,17693839,35629930,-17243148,2026-09-21 00:00:00
300047,天源迪科,9.15,0.7709,2.53,6306388,9487156,28509306,27215970,-1887432,2026-09-21 00:00:00
300048,合康新能,4.88,0.4115,0.6215,1393763,1124700,9033943,13316248,-4013242,2026-09-21 00:00:00
300049,福瑞医科,49.29,2.9234,3.4429,32896700,12220691,110702285,82418428,48959866,2026-09-21 00:00:00
300050,世纪鼎利,7.21,0.1389,4.534,14290206,22298107,45691447,60131808,-22448262,2026-09-21 00:00:00
300051,琏升科技,8.52,0.5903,5.0783,9293231,3930318,27162723,52775284,-20249648,2026-09-21 00:00:00
300052,中青宝,10.45,1.8519,3.4651,0,0,19265790,24235366,-4969576,2026-09-21 00:00:00
300053,航宇微,12.47,0.89,2.6489,5358560,6449717,45624510,50525521,-5992168,2026-09-21 00:00:00
300054,鼎龙股份,72.11,-0.6476,2.7075,130898476,150654554,319471888,429141280,-129425470,2026-09-21 00:00:00
300055,万邦达,6.04,2.3729,2.4574,1685385,1327203,15042526,20667564,-5266856,2026-09-21 00:00:00
300056,中创环保,7.73,-1.0243,1.93,1577368,5824452,14068650,19003773,-9182207,2026-09-21 00:00:00
300057,万顺新材,6.61,1.0703,2.2228,11595690,4229258,26038975,29613153,3792254,2026-09-21 00:00:00
300058,蓝色光标,13.16,0.076,4.7443,239926094,391797360,524032272,567170864,-195009858,2026-09-21 00:00:00
300059,东方财富,18.69,1.742,1.3793,763153280,599210688,1003937248,879779040,288100800,2026-09-21 00:00:00
300061,旗天科技,6.91,0.1449,6.1,5715120,13538886,63059102,56739472,-1504136,2026-09-21 00:00:00
300062,中能电气,6.47,0,3.8855,1109175,4038288,18817988,28315625,-12426750,2026-09-21 00:00:00
300063,天龙集团,8.73,0.576,4.1515,13168482,10387615,53490909,54851255,1420521,2026-09-21 00:00:00
300065,海兰信,16.07,2.7494,4.6765,23983566,22524884,110867463,112887894,-561749,2026-09-21 00:00:00
300066,三川智慧,4.74,1.9355,1.0457,2528780,0,9122687,10244458,1407009,2026-09-21 00:00:00
300067,安诺其,5.54,4.7259,5.7538,19678706,24085207,69110590,67587528,-2883439,2026-09-21 00:00:00
300068,ST南都,4.37,0.6912,4.3735,3174728,8476679,52108765,51483688,-4676874,2026-09-21 00:00:00
300069,金利华电,25.59,1.3465,3.8197,2541106,3706700,18231242,19409637,-2343989,2026-09-21 00:00:00
300070,碧水源,3.41,1.4881,0.9043,14207999,5053449,27049220,27719576,8484194,2026-09-21 00:00:00
300071,福石控股,4.18,0.9662,4.0356,11505775,10566565,41403334,42215188,127356,2026-09-21 00:00:00
300072,海新能科,3.59,-0.554,0.889,0,6139942,21831325,23748346,-8056963,2026-09-21 00:00:00
300073,当升科技,38.51,-1.028,1.5618,20990410,25895298,55559412,63729529,-13075005,2026-09-21 00:00:00
300074,华平股份,3.86,7.2222,5.3345,3455058,3412693,34192096,19238699,14995762,2026-09-21 00:00:00
300075,数字政通,10.49,1.1572,1.2658,5905123,3049515,12127711,13089873,1893446,2026-09-21 00:00:00
300076,*ST宁视,4.35,2.8369,1.3049,1237421,0,8676451,8775251,1138621,2026-09-21 00:00:00
300077,国民技术,22.51,1.4878,10.5977,124729374,150441713,247414947,311306336,-89603728,2026-09-21 00:00:00
300078,思创智联,2.77,3.3582,3.0091,0,0,23242715,16065127,7177588,2026-09-21 00:00:00
300079,数码视讯,4.84,1.0438,1.3533,2910000,4504266,19293981,28893396,-11193681,2026-09-21 00:00:00
300080,易成新能,3.75,0.5362,0.6048,1127999,0,5222813,7059660,-708848,2026-09-21 00:00:00
300081,ST恒信,3.48,0.578,1.1963,0,0,8018514,5705255,2313259,2026-09-21 00:00:00
300082,奥克股份,8.58,,,0,0,0,0,0,2026-09-21 00:00:00
300083,创世纪,12.58,-1.5649,3.4073,60265629,74034051,142425203,149480487,-20823706,2026-09-21 00:00:00
300084,海默科技,10.56,3.3268,1.8047,1039616,6500884,39708425,27718559,6528598,2026-09-21 00:00:00
300085,银之杰,32.01,1.9102,6.9406,113369244,147983106,349832912,322074256,-6855206,2026-09-21 00:00:00
300086,康芝药业,5.73,-8.6124,18.3075,8835211,9002407,97632847,71937989,25527662,2026-09-21 00:00:00
300087,ST荃银,5.78,1.2259,1.2326,2962947,2378501,19273241,20933496,-1075809,2026-09-21 00:00:00
300088,长信科技,7.28,0.6916,4.3394,63330350,114296675,225395888,194857940,-20428377,2026-09-21 00:00:00
300091,*ST金灵,2.4,0.4184,0.3337,0,0,2856190,5469349,-2613159,2026-09-21 00:00:00
300092,科新机电,11.38,0.3527,1.1989,0,0,4427950,9248559,-4820609,2026-09-21 00:00:00
300093,金刚光伏,22.35,0.4946,2.067,3578263,14565939,46656749,37494255,-1825182,2026-09-21 00:00:00
300094,国联水产,3.07,5.137,6.7144,0,0,44660753,67516904,-22856151,2026-09-21 00:00:00
300095,华伍股份,9.31,1.4161,4.1348,1155518,2654668,31019958,22460099,7060709,2026-09-21 00:00:00
300096,ST易联众,9.36,1.4085,0.727,1199904,0,8856480,5913483,4142901,2026-09-21 00:00:00
300097,智云股份,11.23,3.5023,11.795,16384874,26063989,89498443,98210061,-18390733,2026-09-21 00:00:00
300098,高新兴,4.38,1.1547,1.5776,10390662,5691498,26523299,29401974,1820489,2026-09-21 00:00:00
300099,尤洛卡,6.35,2.2544,3.1413,1746534,1274000,24459059,24644001,287592,2026-09-21 00:00:00
300100,双林股份,20.76,0.2414,0.9375,2858766,5552529,18097946,25959434,-10555251,2026-09-21 00:00:00
300101,振芯科技,14.06,0.6442,0.9431,1112490,0,11748377,14309253,-1448386,2026-09-21 00:00:00
300102,乾照光电,17.19,-0.6932,1.839,11206237,11599622,46284387,53443550,-7552548,2026-09-21 00:00:00
300103,达刚控股,8.08,5.7592,3.9766,2827211,4935620,27442247,26251899,-918061,2026-09-21 00:00:00
300105,龙源技术,7.3,0.6897,1.3559,1175300,1086000,10243875,12362066,-2028891,2026-09-21 00:00:00
300106,西部牧业,10.92,1.2048,3.7484,3729268,3276000,12966126,8204310,5215084,2026-09-21 00:00:00
300107,建新股份,6.68,1.6743,1.98,0,1600054,6783731,9824377,-4640700,2026-09-21 00:00:00
300109,新开源,13.28,2.9457,2.6327,16122018,15258647,61565782,40549295,21879858,2026-09-21 00:00:00
300110,华仁药业,3.29,20.073,15.8883,0,0,466742096,294467120,172274976,2026-09-21 00:00:00
300111,向日葵,3.11,3.6667,3.3013,0,0,34230226,33032960,1197266,2026-09-21 00:00:00
300112,万讯自控,11.42,-1.7212,18.0146,25410978,46825402,138796390,107713339,9668627,2026-09-21 00:00:00
300113,顺网科技,16.16,0.4975,1.9017,6248338,14281241,30257563,30649226,-8424566,2026-09-21 00:00:00
300115,长盈精密,24.49,0.0408,1.7484,69328569,48755807,136855270,138447665,18980367,2026-09-21 00:00:00
300118,东方日升,9.3,1.197,1.9866,8775759,5826401,28402341,31914878,-563179,2026-09-21 00:00:00
300119,瑞普生物,17.16,2.3866,1.4229,0,0,13017754,10948494,2069260,2026-09-21 00:00:00
300120,经纬辉开,7.43,-3.2552,8.9745,8903053,23272235,81577847,63710515,3498150,2026-09-21 00:00:00
300121,阳谷华泰,9.94,3.5417,3.5683,5228401,2662500,34372127,30021278,6916750,2026-09-21 00:00:00
300122,智飞生物,13,1.9608,2.2691,53809677,16100116,83590469,101134030,20166000,2026-09-21 00:00:00
300123,ST亚光,4.54,-0.2198,1.788,4224601,2666343,23674477,19781738,5450997,2026-09-21 00:00:00
300124,汇川技术,52.84,0.7436,1.1268,149664931,134159367,438550960,368675040,85381484,2026-09-21 00:00:00
300125,聆达股份,9.23,-0.8593,2.1121,0,5906987,16243561,20195084,-9858510,2026-09-21 00:00:00
300126,锐奇股份,6.59,2.4883,1.7112,0,0,1532471,743131,789340,2026-09-21 00:00:00
300127,银河磁体,24.34,1.2901,1.2414,3325756,2685134,13655817,15030713,-734274,2026-09-21 00:00:00
300128,锦富技术,5.15,2.1825,1.7922,12891157,10385323,36038346,27870185,10673995,2026-09-21 00:00:00
300129,泰胜风能,7.76,0.6485,3.9214,2690969,3695207,51032268,46199362,3828668,2026-09-21 00:00:00
300130,新国都,18.33,3.3258,2.4468,10163303,5772772,48200495,29214106,23376920,2026-09-21 00:00:00
300131,英唐智控,15.71,-2.7245,6.9762,125987530,204206884,258175569,299629824,-119673609,2026-09-21 00:00:00
300132,诺斯贝尔,6.38,3.9088,3.1302,4839596,1000065,24028471,18002361,9865641,2026-09-21 00:00:00
300133,华策影视,7.41,3.3473,4.6466,53934739,47436857,151344788,126292071,31550599,2026-09-21 00:00:00
300134,大富科技,8.6,2.1378,1.0443,0,0,11442564,7808290,3634274,2026-09-21 00:00:00
300135,宝利国际,3.55,2.0115,2.0683,2132553,0,15732430,17700639,164344,2026-09-21 00:00:00
300136,信维通信,59.68,0.2857,5.7691,332603920,356222864,748022448,608474224,115929280,2026-09-21 00:00:00
300137,先河环保,11.59,0.7826,6.5532,62584752,63781376,109452785,85384752,22871409,2026-09-21 00:00:00
300138,晨光生物,11.28,2.6388,1.5676,0,1298350,13415519,13295239,-1178070,2026-09-21 00:00:00
300139,晓程科技,48.02,-0.9488,8.4584,82369101,114665509,204621629,256377494,-84052273,2026-09-21 00:00:00
300140,节能环境,5.4,0.7463,0.274,2802751,3595874,8273789,6698193,782473,2026-09-21 00:00:00
300141,和顺电气,10.29,1.3793,1.7746,1062925,0,6283847,4553859,2792913,2026-09-21 00:00:00
300142,沃森生物,13.69,2.855,6.2018,172102062,100425009,389850928,377065680,84462301,2026-09-21 00:00:00
300143,盈康生命,7.81,7.4278,2.8626,2849738,1787081,44328042,30798632,14592067,2026-09-21 00:00:00
300144,宋城演艺,5.82,1.2174,0.8788,8809923,12550640,40273216,33481463,3051036,2026-09-21 00:00:00
300145,南方泵业,5.19,6.5708,6.9141,121479271,50626907,193389332,179287557,84954139,2026-09-21 00:00:00
300146,汤臣倍健,9.34,1.1918,0.9436,7511909,4413376,22871420,20848467,5121486,2026-09-21 00:00:00
300147,*ST香雪,6.54,0.1531,1.2828,1593973,1200830,13296565,18826409,-5136701,2026-09-21 00:00:00
300148,天舟文化,3.55,2.3055,3.0691,2135787,3150514,18816181,16823270,978184,2026-09-21 00:00:00
300149,睿智医药,9.94,7.4595,10.1791,33974216,6484865,118273972,90408562,55354761,2026-09-21 00:00:00
300150,世纪瑞尔,4.16,3.4826,1.5365,0,1239000,3434460,3626503,-1431043,2026-09-21 00:00:00
300151,昌红科技,21.46,3.6715,7.7956,115574407,78315664,173056375,131472880,78842238,2026-09-21 00:00:00
300152,*ST动力,1.68,0.5988,1.2427,0,0,5619625,4394841,1224784,2026-09-21 00:00:00
300153,科泰电源,28.1,-3.0031,6.3031,14022880,32295247,71923788,100577979,-46926558,2026-09-21 00:00:00
300154,瑞凌股份,14.27,1.9286,4.3714,17595683,15712532,49494353,39210554,12166950,2026-09-21 00:00:00
300155,安居宝,4.46,4.4496,3.2028,1205270,1290000,5426309,4055397,1286182,2026-09-21 00:00:00
300157,新锦动力,3.87,2.1108,2.5429,2316000,2293700,13865074,12128037,1759337,2026-09-21 00:00:00
300158,振东制药,5.48,2.4299,4.1296,13754413,19913418,54313860,56831313,-8676458,2026-09-21 00:00:00
300159,新研股份,2.92,1.0381,1.5464,0,0,28069762,21078907,6990855,2026-09-21 00:00:00
300160,秀强股份,4.42,1.6092,0.721,0,0,6123889,4275359,1848530,2026-09-21 00:00:00
300161,华中数控,27.22,-1.0182,2.4302,1028185,1229909,16890436,20972020,-4283308,2026-09-21 00:00:00
300162,雷曼光电,7.92,1.5385,8.2561,6656306,9765417,43136591,44320641,-4293161,2026-09-21 00:00:00
300163,先锋新材,8.09,10.218,12.9871,67607508,26743051,147172090,122245036,65791511,2026-09-21 00:00:00
300164,通源石油,9.58,3.9046,16.0856,81496944,54073709,195981074,200968122,22436187,2026-09-21 00:00:00
300165,天瑞仪器,5.1,0.1965,3.7251,6695018,4205481,13743743,29907858,-13674578,2026-09-21 00:00:00
300166,东方国信,12.12,0.0826,2.7563,10136863,12518480,61470714,68866939,-9777842,2026-09-21 00:00:00
300167,ST迪威迅,3.74,1.0811,1.0684,109662,0,2215405,4126167,-1801100,2026-09-21 00:00:00
300168,万达信息,4.8,1.6949,0.9969,3730286,4132494,20971238,15387088,5181942,2026-09-21 00:00:00
300169,天晟新材,5.63,2.3636,1.977,0,0,3219710,4426474,-1206764,2026-09-21 00:00:00
300170,汉得信息,15.67,2.4183,5.0521,76979321,60741172,216493596,180775266,51956479,2026-09-21 00:00:00
300171,东富龙,15.97,3.3657,5.7682,36802204,46288536,110462673,115540038,-14563697,2026-09-21 00:00:00
300172,中电环保,4.56,2.0134,1.6749,1481191,1100645,9693389,8559481,1514454,2026-09-21 00:00:00
300173,ST福能,3.36,2.1277,0.6097,0,0,3763731,3233482,530249,2026-09-21 00:00:00
300174,元力股份,18.62,-0.9047,3.2921,9512337,19652099,48166120,52824123,-14797765,2026-09-21 00:00:00
300175,朗源股份,5.54,0.3623,1.2436,0,2781156,7520003,11993664,-7254817,2026-09-21 00:00:00
300176,鸿特科技,4.43,1.8391,2.2847,1326000,3951000,12464618,14430102,-4590484,2026-09-21 00:00:00
300177,中海达,6.2,1.8062,1.1577,0,0,7005943,5680572,1325371,2026-09-21 00:00:00
300179,四方达,45.06,-0.6176,13.3823,214001491,350786144,623009056,657304544,-171080141,2026-09-21 00:00:00
300180,华峰超纤,4.66,5.1919,3.3551,21901241,7142817,64061289,59817500,19002213,2026-09-21 00:00:00
300181,佐力药业,13.52,1.6541,1.849,9159307,3424246,41520042,31801789,15453314,2026-09-21 00:00:00
300182,捷成股份,5.08,1.1952,3.8686,62772372,49999832,145191384,137338120,20625804,2026-09-21 00:00:00
300183,东软载波,11.14,2.1082,1.9034,0,0,13395769,12651274,744495,2026-09-21 00:00:00
300184,力源信息,12.28,0,4.2773,31171627,57453847,123025190,148909574,-52166604,2026-09-21 00:00:00
300185,通裕重工,2.8,0.7194,1.4877,0,0,57613326,58486803,-873477,2026-09-21 00:00:00
300187,永清环保,4.59,0.8791,0.9927,1068514,0,4516061,9488410,-3903835,2026-09-21 00:00:00
300188,国投智能,10.58,2.9183,1.3713,9422427,6625074,25626048,29286106,-862705,2026-09-21 00:00:00
300189,神农种业,6.79,3.9816,25.45,92699074,80140717,339962704,376463072,-23942011,2026-09-21 00:00:00
300190,维尔利,3.85,1.5831,1.1283,5643395,2283000,11024596,10708640,3676351,2026-09-21 00:00:00
300191,潜能恒信,32.2,2.9083,3.8644,9098798,16261988,69450140,60812651,1474299,2026-09-21 00:00:00
300192,科德教育,18.4,-0.6479,3.04,22487578,25280592,61769492,58462876,513602,2026-09-21 00:00:00
300193,佳士科技,8,2.5641,0.969,1597273,0,7913344,2160873,7349744,2026-09-21 00:00:00
300194,福安药业,3.99,5.5556,3.2808,5497582,1082620,24886640,30352026,-1050424,2026-09-21 00:00:00
300195,长荣股份,6.28,2.7823,2.3402,0,0,2831533,6884743,-4053210,2026-09-21 00:00:00
300196,长海股份,19.76,-3.6568,11.5931,29593504,48226847,109988006,152995619,-61640956,2026-09-21 00:00:00
300197,节能铁汉,1.99,1.0152,1.9996,0,0,43865565,41120985,2744580,2026-09-21 00:00:00
300198,*ST纳川,2.29,0.8811,0.538,0,0,3872734,3962062,-89328,2026-09-21 00:00:00
300199,翰宇药业,23.59,0.383,6.324,82180184,156188132,330884320,323882752,-67006380,2026-09-21 00:00:00
300200,高盟新材,8.63,1.2911,1.5009,0,3746057,16303829,11022426,1535346,2026-09-21 00:00:00
300201,海伦哲,13.58,2.8009,3.3608,59212293,50713432,130942178,100679783,38761256,2026-09-21 00:00:00
300203,聚光科技,13.42,5.1724,4.7573,35279624,12775174,63670702,108630244,-22455092,2026-09-21 00:00:00
300204,舒泰神,20.89,5.2393,5.3817,22680867,17198618,134946736,97941003,42487982,2026-09-21 00:00:00
300205,*ST天喻,5.07,1.4,0.4253,149894,0,3541050,1995488,1695456,2026-09-21 00:00:00
300206,理邦仪器,11.8,3.3275,2.2301,9395490,15136193,13599972,13644718,-5785449,2026-09-21 00:00:00
300207,欣旺达,19.67,-1.7973,4.2562,77254146,199651333,331865232,419493472,-210025427,2026-09-21 00:00:00
300209,行云科技,37.08,8.548,14.0992,989816784,629699856,1053216080,1078842000,334491008,2026-09-21 00:00:00
300210,森远股份,7.36,-0.8086,1.1824,0,2202245,7785836,12667930,-7084339,2026-09-21 00:00:00
300211,*ST亿通,7.06,0.5698,0.4521,1659586,1400000,1191589,1291807,159368,2026-09-21 00:00:00
300212,*ST易录,7.89,-0.1266,1.0328,3057576,8879488,16590071,17720015,-6951856,2026-09-21 00:00:00
300213,佳讯飞鸿,6.58,4.4444,2.3085,0,2322138,16907697,8695329,5890230,2026-09-21 00:00:00
300214,日科化学,10.23,0.7882,3.1308,4297713,4084000,29386328,40271090,-10671049,2026-09-21 00:00:00
300215,电科院,6.55,3.3123,1.8705,6924539,1298000,20524702,14163048,11988193,2026-09-21 00:00:00
300217,东方电热,4.11,1.4815,1.1966,6515183,4834517,18363035,18409881,1633820,2026-09-21 00:00:00
300218,安利股份,12.64,2.0178,1.0138,0,0,4058950,7198340,-3139390,2026-09-21 00:00:00
300219,鸿利智汇,6.98,1.4535,1.9995,3687780,2798617,26720754,27532222,77695,2026-09-21 00:00:00
300220,金运激光,11.16,1.9178,1.7222,0,0,1301719,1595366,-293647,2026-09-21 00:00:00
300221,银禧科技,14.35,1.4851,4.8687,13237655,12641472,86585944,81057376,6124751,2026-09-21 00:00:00
300222,科大智能,10.28,0.9823,2.4252,7747839,3401472,42074911,33181966,13239312,2026-09-21 00:00:00
300223,君正股份,146.1,2.1893,6.7452,549291440,732394448,1043052464,1067638576,-207689120,2026-09-21 00:00:00
300224,正海磁材,11.97,4.908,2.4335,13800059,7879127,55683807,45325172,16279567,2026-09-21 00:00:00
300225,金力泰,8.57,4.1312,6.0896,32080822,23477690,77741057,79455386,6888803,2026-09-21 00:00:00
300226,上海钢联,17.25,3.9157,2.7412,9132885,2075228,45665265,35483554,17239368,2026-09-21 00:00:00
300227,光韵达,11.02,-2.0444,4.7992,5399690,21253570,43243137,41760075,-14370818,2026-09-21 00:00:00
300228,富瑞特装,6.8,1.1905,1.2283,2959872,0,10448510,11903314,1505068,2026-09-21 00:00:00
300229,拓尔思,13.24,1.6897,2.0842,10521559,15616660,55914445,46253865,4565479,2026-09-21 00:00:00
300230,永利股份,4.34,0.9302,0.9855,0,3897000,6511160,6516710,-3902550,2026-09-21 00:00:00
300231,银信科技,8.36,1.3333,1.5428,5445857,789184,8839708,10567162,2929219,2026-09-21 00:00:00
300232,洲明科技,5.46,1.2987,1.1781,229320,1125425,10887036,9105091,885840,2026-09-21 00:00:00
300233,金城医药,13.8,4.3084,3.8669,5457931,8930683,32792811,42432149,-13112090,2026-09-21 00:00:00
300234,开尔新材,12.15,1.6736,7.4442,26697573,24712224,81965048,107702393,-23751996,2026-09-21 00:00:00
300235,方直科技,12.47,3.314,4.0465,3724426,6832996,21027060,20691841,-2773351,2026-09-21 00:00:00
300236,上海新阳,90.3,-1.8478,2.3833,14423622,38425143,131839604,151422096,-43584013,2026-09-21 00:00:00
300237,ST美晨,2.27,0.4425,0.8702,0,0,7659004,8176594,-517590,2026-09-21 00:00:00
300238,冠昊生物,11.92,5.9556,3.5488,1864581,1645000,17747840,13087995,4879426,2026-09-21 00:00:00
300239,东宝生物,5.2,5.9063,2.4584,6340961,2592000,18821454,15455106,7115309,2026-09-21 00:00:00
300240,飞力达,6.16,2.3256,1.9185,186048,2593536,6218559,7491118,-3680047,2026-09-21 00:00:00
300241,瑞丰光电,5.99,0.5034,2.2129,2532378,2529600,18039818,15283243,2759353,2026-09-21 00:00:00
300242,佳云科技,3.99,2.8351,2.8065,3016076,6749377,14830191,14449618,-3352728,2026-09-21 00:00:00
300243,瑞丰高材,22.46,2.3235,16.7678,56951106,60508944,143102412,179694813,-40150239,2026-09-21 00:00:00
300244,迪安诊断,20.43,7.4698,9.5101,86246845,82363755,226400499,230160539,123050,2026-09-21 00:00:00
300245,ST天玑,6.05,2.3689,2.3572,917244,0,10125578,11411493,-368671,2026-09-21 00:00:00
300246,宝莱特,15.8,0.5089,3.5846,3083593,10064546,28731347,24689374,-2938980,2026-09-21 00:00:00
300247,融捷健康,3.73,3.8997,1.8899,2225177,0,14098851,10147970,6176058,2026-09-21 00:00:00
300248,新开普,8.32,1.5873,1.423,0,0,13180556,7083829,6096727,2026-09-21 00:00:00
300249,依米康,13.69,1.6333,3.6165,3513774,4968970,46493525,38059640,6978689,2026-09-21 00:00:00
300250,初灵信息,15.25,1.6667,3.2483,1021262,0,14547738,19794187,-4225187,2026-09-21 00:00:00
300251,光线传媒,11.22,1.2635,1.0221,24807444,25380745,83310039,73853375,8883363,2026-09-21 00:00:00
300252,金信诺,12.96,1.967,6.2897,30828481,16175362,99445661,113287314,811466,2026-09-21 00:00:00
300253,卫宁健康,6.96,2.9586,2.64,48757427,15759943,79671095,88003372,24665207,2026-09-21 00:00:00
300254,仟源医药,9.04,4.2676,4.362,1349761,0,6111110,14361670,-6900799,2026-09-21 00:00:00
300255,常山药业,24.1,4.51,3.2217,44232622,35773319,173144288,165044736,16558855,2026-09-21 00:00:00
300256,星星科技,2.72,1.8727,0.824,0,0,11850646,10201883,1648763,2026-09-21 00:00:00
300257,开山股份,19.93,4.0731,1.7706,13901927,9131613,61070885,51077146,14764053,2026-09-21 00:00:00
300258,精锻科技,8.91,0.3378,0.9901,1231630,3801072,6023614,15356595,-11902423,2026-09-21 00:00:00
300259,新天科技,4.25,7.0529,6.65,24511100,14715832,89472750,75267267,24000751,2026-09-21 00:00:00
300260,新莱应材,64.52,0.389,8.2755,210113266,204303596,373828560,299073792,80564438,2026-09-21 00:00:00
300261,雅本化学,4.93,3.5714,1.643,2771130,2522000,14787849,17641313,-2604334,2026-09-21 00:00:00
300263,隆华科技,10.45,1.9512,3.7483,23161621,20508666,115415772,97459029,20609698,2026-09-21 00:00:00
300264,佳创视讯,6.13,1.8272,3.2719,2730525,2513390,13906038,16033949,-1910776,2026-09-21 00:00:00
300265,通光线缆,14.24,2.9646,4.7986,9598151,7571138,63146348,68407682,-3234321,2026-09-21 00:00:00
300266,兴源环境,1.9,2.1505,1.4523,0,0,11254439,11437301,-182862,2026-09-21 00:00:00
300267,尔康制药,3.34,3.7267,3.1957,2007000,6030000,33873686,51130784,-21280098,2026-09-21 00:00:00
300268,佳沃食品,12.06,3.6973,2.0908,1901656,1495404,5496777,4620540,1282489,2026-09-21 00:00:00
300269,联建光电,4.73,2.1598,2.3304,0,0,8534477,9864327,-1329850,2026-09-21 00:00:00
300270,中威电子,10.7,1.9048,2.9329,1555830,2296207,20434150,18831128,862645,2026-09-21 00:00:00
300271,华宇软件,5.94,6.2612,4.4629,12740681,1748335,57056939,59254546,8794739,2026-09-21 00:00:00
300272,开能健康,5.83,3.5524,1.5956,1032468,0,7468827,6470451,2030844,2026-09-21 00:00:00
300274,阳光电源,88.47,1.3983,3.5094,1075629968,922826608,1439782992,1268978624,323607728,2026-09-21 00:00:00
300275,梅安森,9.13,1.8973,1.7102,1890395,1059310,7868200,8287520,411765,2026-09-21 00:00:00
300276,三丰智能,6.06,1,1.7956,14678920,5548809,22162417,24746826,6545702,2026-09-21 00:00:00
300277,汽轮科技,12.88,-0.8468,2.3272,5870956,9007748,36063368,58120889,-25194313,2026-09-21 00:00:00
300278,华昌达,3.68,4.5455,2.103,7092419,3359825,25252098,25545865,3438827,2026-09-21 00:00:00
300279,和晶科技,6.07,0.9983,3.5366,0,1006566,24990408,23116675,867167,2026-09-21 00:00:00
300281,金明精机,7.27,8.6697,4.8295,8593905,5733389,39459642,26285041,16035117,2026-09-21 00:00:00
300283,温州宏丰,14.6,2.0266,12.4274,52209493,41796131,183283949,188180901,5516410,2026-09-21 00:00:00
300284,苏交科,5.15,0.9804,0.7723,1087768,0,13112722,10786557,3413933,2026-09-21 00:00:00
300285,国瓷材料,67.38,0.3276,10.5727,829222960,1074722608,1752656624,1762619456,-255462480,2026-09-21 00:00:00
300286,安科瑞,19.61,1.5536,1.8072,2324046,1744752,17524957,12914306,5189945,2026-09-21 00:00:00
300287,飞利信,3.64,3.1161,2.3882,8717125,3660410,29960282,18131828,16885169,2026-09-21 00:00:00
300288,朗玛信息,9.76,2.8451,1.5486,0,0,3453307,4021673,-568366,2026-09-21 00:00:00
300289,利德曼,5.99,3.6332,1.576,617015,0,10322592,8441125,2498482,2026-09-21 00:00:00
300290,ST荣科,7.14,0,5.9325,6307594,6157456,49922664,73027271,-22954469,2026-09-21 00:00:00
300291,百纳千成,5.49,3.1955,5.6647,12164624,28746342,71867600,48591174,6694708,2026-09-21 00:00:00
300292,吴通控股,4.65,0.432,4.5496,19810219,31727223,61278033,57158399,-7797370,2026-09-21 00:00:00
300293,蓝英装备,14.73,-1.5374,1.2166,0,1189230,9056060,15769856,-7903026,2026-09-21 00:00:00
300294,博雅生物,14.81,2.8472,1.2305,4454725,2585942,15387565,22970252,-5713904,2026-09-21 00:00:00
300295,*ST三六,11.9,-0.335,1.5738,0,203132,7425718,9079940,-1857354,2026-09-21 00:00:00
300296,利亚德,4.94,1.0225,1.2629,11732481,8311126,30991464,39479986,-5067167,2026-09-21 00:00:00
300298,三诺生物,16.44,5.1823,1.5957,1282037,2109548,24734243,9542450,14364282,2026-09-21 00:00:00
300299,富春股份,5.51,2.037,2.147,2567428,2271280,14245846,17475835,-2933841,2026-09-21 00:00:00
300300,海峡创新,9.29,-1.6931,16.1452,45587956,111722216,224738091,252528290,-93924459,2026-09-21 00:00:00
300301,ST长方,3.47,0,0.953,266074,2079051,6332941,10974548,-6454584,2026-09-21 00:00:00
300302,同有科技,29.19,1.8137,5.3338,51871533,39641504,135492095,124488741,23233383,2026-09-21 00:00:00
300303,聚飞光电,6.97,0.7225,2.2453,17303407,19312913,47050035,49759128,-4718599,2026-09-21 00:00:00
300304,云意电气,11.88,3.3043,1.9901,27688015,11187105,49504025,45660109,20344826,2026-09-21 00:00:00
300305,裕兴股份,6.55,1.7081,3.4638,148656,0,8982258,17236831,-8105917,2026-09-21 00:00:00
300306,远方信息,10.34,2.0731,1.4762,0,0,1610692,962654,648038,2026-09-21 00:00:00
300307,慈星股份,7.33,3.2394,2.7773,5486538,13598336,40094197,26876039,5106360,2026-09-21 00:00:00
300308,中际旭创,941,1.5727,1.8886,6981192960,6009784832,5758732800,5556010496,1174130432,2026-09-21 00:00:00
300310,宜通世纪,4.35,1.3986,2.1844,1293000,1063584,22942346,18545718,4626044,2026-09-21 00:00:00
300311,任子行,5.98,4,13.8335,19975286,20603303,106900979,100917935,5355027,2026-09-21 00:00:00
300313,天山生物,13.23,1.1468,13.6187,7705935,8500249,45485025,70233507,-25542796,2026-09-21 00:00:00
300314,戴维医疗,12.01,3.5345,4.51,485391,0,10124711,10537228,72874,2026-09-21 00:00:00
300315,掌趣科技,4.08,1.7456,2.2877,30653201,11741026,81926599,67877250,32961524,2026-09-21 00:00:00
300316,晶盛机电,42.08,-1.4981,0.6235,28001643,24077053,66346153,59852505,10418238,2026-09-21 00:00:00
300317,珈伟新能,4.19,0.9639,4.339,8031478,11818286,21693795,35283399,-17376412,2026-09-21 00:00:00
300318,博晖创新,5.11,4.499,1.2491,117070,0,7572898,5633516,2056452,2026-09-21 00:00:00
300319,麦捷科技,21.51,-0.2319,11.9138,216729205,333374832,551343968,676342400,-241644059,2026-09-21 00:00:00
300320,海达股份,8.5,1.5532,1.2369,4761159,4011351,7899162,8979319,-330349,2026-09-21 00:00:00
300321,同大股份,35.1,-1.9553,5.5804,3128428,9034830,36974633,34136230,-3067999,2026-09-21 00:00:00
300322,硕贝德,19.26,4.4469,10.3652,29449088,42685421,158693054,195419183,-49962462,2026-09-21 00:00:00
300323,华灿光电,12.03,5.0655,8.5232,91535013,62978819,245898334,234145185,40309343,2026-09-21 00:00:00
300324,旋极信息,3.45,2.071,1.7094,4095653,2046000,26541047,23318091,5272609,2026-09-21 00:00:00
300326,ST凯利,6.28,1.1272,0.6404,0,0,8035973,8936246,-900273,2026-09-21 00:00:00
300327,中颖电子,25.5,0.3147,2.3405,17018266,12985755,37131681,46576898,-5412706,2026-09-21 00:00:00
300328,宜安科技,12.75,3.3225,4.4469,28952474,22782085,99849385,95000494,11019280,2026-09-21 00:00:00
300329,海伦钢琴,12.05,0.5004,0.6513,0,0,2889895,3651951,-762056,2026-09-21 00:00:00
300331,苏大维格,49.41,1.7504,3.9966,63208844,39432723,144973172,109732849,59016444,2026-09-21 00:00:00
300332,天壕能源,5.01,1.8293,2.6096,1345162,4360105,22868369,23310563,-3457137,2026-09-21 00:00:00
300333,兆日科技,11.91,2.4076,8.8273,13472587,15175833,80002115,91196582,-12897713,2026-09-21 00:00:00
300334,津膜科技,8.64,-1.1442,1.8304,0,0,7107819,7964648,-856829,2026-09-21 00:00:00
300335,迪森股份,5.6,1.4493,2.1475,0,0,10188008,6159683,4028325,2026-09-21 00:00:00
300337,银邦股份,9.44,0.4255,1.3214,1183152,0,12667085,15495275,-1645038,2026-09-21 00:00:00
300338,*ST开元,3.1,0.9772,1.0237,0,0,2255688,1490490,765198,2026-09-21 00:00:00
300339,润和软件,35.14,1.0641,1.8967,43065854,22881077,136613799,120724737,36073839,2026-09-21 00:00:00
300340,科恒股份,8.87,5.2195,3.0304,0,0,14233417,9247302,4986115,2026-09-21 00:00:00
300341,麦克奥迪,13.24,2.0031,1.123,0,3537569,7428145,8836320,-4945744,2026-09-21 00:00:00
300342,天银机电,32.44,0.8393,2.4459,21103175,20600643,49555506,55090937,-5032899,2026-09-21 00:00:00
300343,联创股份,5.51,0.1818,1.1706,4268064,10422671,19846874,22846423,-9154156,2026-09-21 00:00:00
300345,华民股份,7.77,-1.145,10.7146,15291279,32886177,79233089,114017048,-52378857,2026-09-21 00:00:00
300346,南大光电,55.62,-0.6786,5.1068,128296079,260011282,468336496,525654976,-189033683,2026-09-21 00:00:00
300347,泰格医药,58.99,2.7879,2.88,88737138,102323699,216094506,243868436,-41360491,2026-09-21 00:00:00
300348,长亮科技,9.67,3.0917,2.1747,5878412,4821076,29601144,21767351,8891129,2026-09-21 00:00:00
300349,金卡智能,10.23,1.994,1.0241,21273,0,11478796,5573540,5926529,2026-09-21 00:00:00
300350,华鹏飞,4.59,6.0046,4.5146,3733901,1307578,16973950,16255447,3144826,2026-09-21 00:00:00
300351,永贵电器,14.37,0.1394,1.8472,2613665,0,9344305,14592627,-2634657,2026-09-21 00:00:00
300352,ST信源,2.98,8.7591,3.5199,0,0,39933288,25381646,14551642,2026-09-21 00:00:00
300353,东土科技,16.75,0.2994,1.4452,15455208,4566723,23990051,25246221,9632315,2026-09-21 00:00:00
300354,东华测试,27.49,1.3269,1.7652,760813,0,5576414,4687855,1649372,2026-09-21 00:00:00
300355,蒙草生态,2.84,2.1583,1.1305,0,0,11982740,10481528,1501212,2026-09-21 00:00:00
300357,我武生物,20.19,3.8046,2.3878,11562322,7690652,67518592,51974360,19415902,2026-09-21 00:00:00
300358,楚天科技,9.16,6.2645,7.5033,34620022,20927172,105698563,138069272,-18677859,2026-09-21 00:00:00
300359,全通教育,4.11,2.4938,1.8495,1680674,141102,10930463,5558600,6911435,2026-09-21 00:00:00
300360,炬华科技,11.15,0.7227,0.775,1002385,1361540,10283634,12257219,-2332740,2026-09-21 00:00:00
300363,博腾股份,23.96,5.1338,4.5991,35609885,23541499,125896682,128339495,9625573,2026-09-21 00:00:00
300364,中文在线,24.96,2.2951,9.8267,132475185,141865893,450789728,366493664,74905356,2026-09-21 00:00:00
300365,恒华科技,4.59,2.2272,2.544,1380000,0,11407175,16783923,-3996748,2026-09-21 00:00:00
300366,ST创意,5.49,1.6667,0.6708,0,0,5740329,4786677,953652,2026-09-21 00:00:00
300368,汇金股份,9.63,4.2208,10.772,26492872,16324120,111368785,89008472,32529065,2026-09-21 00:00:00
300369,绿盟科技,9.47,13.6855,14.7239,181074025,69888833,265796946,276705824,100276314,2026-09-21 00:00:00
300370,安控科技,2.25,7.6555,4.5767,0,0,55242434,30094337,25148097,2026-09-21 00:00:00
300371,汇中股份,9.99,1.5244,2.2991,0,0,3625995,5156803,-1530808,2026-09-21 00:00:00
300373,扬杰科技,93.13,-0.1073,2.1197,77067662,100530509,259820693,268564112,-32206266,2026-09-21 00:00:00
300374,中铁装配,10.12,-5.4206,5.0324,1153624,3645019,26500337,24069436,-60494,2026-09-21 00:00:00
300375,鹏翎股份,4.13,1.9753,1.5977,0,1032500,4889345,6701323,-2844478,2026-09-21 00:00:00
300376,易事特,4.24,0.2364,0.5883,0,0,11151069,17832092,-6681023,2026-09-21 00:00:00
300377,赢时胜,14.37,2.2048,3.8778,17740541,23163184,96918320,90854710,640967,2026-09-21 00:00:00
300378,鼎捷数智,38.52,4.4752,8.5132,81061837,37679177,203160442,141566208,104976894,2026-09-21 00:00:00
300380,安硕信息,29.27,2.7018,1.9322,0,0,12989384,13317232,-327848,2026-09-21 00:00:00
300381,溢多利,5.75,3.7906,2.6612,0,2223754,12834702,17869622,-7258674,2026-09-21 00:00:00
300382,斯莱克,16.39,-0.061,2.8042,21519058,11616006,75139933,67388163,17654822,2026-09-21 00:00:00
300383,光环新网,11.29,-0.0885,1.633,14501919,19323687,70980231,81139278,-14980815,2026-09-21 00:00:00
300384,三联虹普,11.85,2.4201,0.9597,0,0,4475719,3037819,1437900,2026-09-21 00:00:00
300385,ST雪浪,12.85,-2.207,1.856,0,19022938,18232511,22797570,-23587997,2026-09-21 00:00:00
300386,飞天诚信,11.35,2.6221,2.7642,5429921,6520952,10646954,16547766,-6991843,2026-09-21 00:00:00
300387,富邦科技,7.45,2.0548,2.2924,0,2241000,8235695,11341423,-5346728,2026-09-21 00:00:00
300388,节能国祯,6.78,0.8929,0.4874,1068290,1530466,3255352,3061433,-268257,2026-09-21 00:00:00
300389,艾比森,13.53,6.2844,4.5451,4399586,1766985,42090542,36682034,8041109,2026-09-21 00:00:00
300390,天华新能,54.19,-0.0185,2.7265,63911026,65220855,248328529,276850512,-29831812,2026-09-21 00:00:00
300393,中来股份,6.29,2.2764,2.3553,8332618,4014060,22393766,26298753,413571,2026-09-21 00:00:00
300394,天孚通信,279.26,-1.897,3.16,1810387328,2625918480,2478406224,2955019008,-1292143936,2026-09-21 00:00:00
300395,菲利华,94.4,1.0923,3.4909,145730462,170975011,474059184,480714848,-31900213,2026-09-21 00:00:00
300396,ST迪瑞,7.17,1.8466,0.7567,0,0,2793946,4586389,-1792443,2026-09-21 00:00:00
300397,天和防务,10.78,0.7477,2.4568,1636324,2765876,27289359,21101869,5057938,2026-09-21 00:00:00
300398,飞凯材料,38.35,0,6.5305,91501532,134120420,303822592,376960400,-115756696,2026-09-21 00:00:00
300399,天利科技,20.04,2.5064,2.5782,1930807,2822406,16513361,13007011,2614751,2026-09-21 00:00:00
300400,劲拓股份,36.37,-1.3829,5.3583,42634675,46351041,109367608,114464890,-8813648,2026-09-21 00:00:00
300401,花园生物,16.81,2.1884,4.4095,32573807,13733310,111066807,92265983,37641321,2026-09-21 00:00:00
300402,宝色股份,15.09,3.1442,1.0252,1166257,0,7061861,5534681,2693437,2026-09-21 00:00:00
300403,汉宇集团,8.73,0.8083,1.3483,1742000,0,6877910,10096447,-1476537,2026-09-21 00:00:00
300404,博济医药,14.37,7.2388,23.2114,61046991,30646878,206231272,196478194,40153191,2026-09-21 00:00:00
300405,科隆股份,5.78,3.9568,3.9833,1701000,0,2294753,4331741,-335988,2026-09-21 00:00:00
300406,九强生物,11.71,2.7193,1.267,424347,1867939,10029311,12655017,-4069298,2026-09-21 00:00:00
300407,凯发电气,11.08,4.825,3.788,6390823,1697375,18281890,16831515,6143823,2026-09-21 00:00:00
300408,三环集团,129.84,-0.8552,3.2894,1596319232,1718032064,2358727168,2388317536,-151303200,2026-09-21 00:00:00
300409,道氏技术,17.06,-0.1755,1.9897,7533345,2186634,54603869,76574132,-16623552,2026-09-21 00:00:00
300410,正业科技,8.86,0.7964,5.5366,2597870,4077119,37566333,44595348,-8508264,2026-09-21 00:00:00
300411,金盾股份,8.37,-1.2972,3.4118,0,2429410,17019051,24443276,-9853635,2026-09-21 00:00:00
300412,迦南科技,4.49,3.4562,1.9804,1320000,0,3277230,5212605,-615375,2026-09-21 00:00:00
300413,芒果超媒,19.02,5.1991,11.8832,277213872,221209186,745547200,596396160,205155726,2026-09-21 00:00:00
300414,中光防雷,11.61,2.2007,3.0201,1144602,0,24334181,23176390,2302393,2026-09-21 00:00:00
300415,伊之密,18.94,0.2647,0.6408,0,0,12579417,13317168,-737751,2026-09-21 00:00:00
300416,苏试试验,14.33,0.1398,1.8691,6851717,3578106,35331573,31918641,6686543,2026-09-21 00:00:00
300417,南华仪器,11.64,2.4648,3.7073,0,0,3882137,4069048,-186911,2026-09-21 00:00:00
300418,昆仑万维,43.61,-0.4111,4.0453,181163749,240542171,590942256,583930384,-52366550,2026-09-21 00:00:00
300419,ST浩丰,7.55,0.1326,2.5352,3446324,368094,24474676,29354126,-1801220,2026-09-21 00:00:00
300420,五洋自控,7.71,2.2546,5.4078,61784187,69466031,132286445,119614133,4990468,2026-09-21 00:00:00
300421,力星股份,17.51,1.6251,2.4884,4939674,0,14677418,17863062,1754030,2026-09-21 00:00:00
300422,博世科,4.07,1.4963,1.4454,0,0,1166627,3244808,-2078181,2026-09-21 00:00:00
300423,昇辉科技,5.62,1.444,1.8638,1044196,0,3866223,5277819,-367400,2026-09-21 00:00:00
300424,航新科技,14.55,-9.5712,17.963,30400861,68857279,152238061,133994838,-20213195,2026-09-21 00:00:00
300425,中建环能,4.04,2.0202,1.0588,0,0,2711969,2654508,57461,2026-09-21 00:00:00
300426,华智数媒,8.35,13.9154,16.904,172248955,58248083,123820151,134477169,103343854,2026-09-21 00:00:00
300427,红相股份,7.01,1.0086,5.9484,5207864,2778732,25825724,34606645,-6351789,2026-09-21 00:00:00
300428,立中集团,19.65,0.9245,0.8974,1490560,1275300,11624407,9693576,2146091,2026-09-21 00:00:00
300429,强力新材,11.75,0.945,5.0781,7552258,23667091,59239017,65743669,-22619485,2026-09-21 00:00:00
300430,*ST益通,4.93,1.8595,5.4904,1198540,0,12674505,14981268,-1108223,2026-09-21 00:00:00
300432,富临精工,13.33,-3.5456,3.7444,35466469,65393574,179153956,163472824,-14245973,2026-09-21 00:00:00
300433,蓝思科技,34.83,4.0323,2.176,936687840,571263376,1028848864,880411344,513861984,2026-09-21 00:00:00
300434,金石亚药,12.46,1.7143,17.4012,40312784,43305626,160097621,143275630,13829149,2026-09-21 00:00:00
300435,中泰股份,16.93,-0.059,1.6858,1349598,8101178,28939676,21044636,1143460,2026-09-21 00:00:00
300436,广生堂,88.9,2.7033,2.7222,29787718,18670603,100943214,100447559,11612770,2026-09-21 00:00:00
300437,清水源,11.39,6.4486,5.9644,0,0,19715997,18034972,1681025,2026-09-21 00:00:00
300438,鹏辉能源,51.47,-1.8123,3.8006,28420645,61053896,198958184,174870008,-8545075,2026-09-21 00:00:00
300439,美康生物,9.9,4.3203,2.2904,3120574,1198275,10579238,10884855,1616682,2026-09-21 00:00:00
300440,运达科技,17.25,-2.6524,3.7635,21027557,52890283,71464588,88708346,-49106484,2026-09-21 00:00:00
300441,鲍斯股份,7.09,1.1412,0.6782,0,0,6742192,7295666,-553474,2026-09-21 00:00:00
300442,润泽科技,62.55,-1.1692,1.1878,88786614,156227385,283687216,463373872,-247127427,2026-09-21 00:00:00
300443,金雷股份,19.85,-2.2649,4.6722,5573142,12278581,52008791,56498183,-11194831,2026-09-21 00:00:00
300444,双杰电气,9.12,0.9967,3.0989,11392733,12684732,31167198,32198886,-2323687,2026-09-21 00:00:00
300445,康斯特,19.03,0.1579,1.6578,0,1424440,3841448,4365800,-1948792,2026-09-21 00:00:00
300446,航天智造,13.09,0.6923,0.6409,0,1045600,10316375,11774440,-2503665,2026-09-21 00:00:00
300447,全信股份,14.4,1.5515,2.0468,0,1057708,6961342,7806241,-1902607,2026-09-21 00:00:00
300448,浩云科技,5.58,1.6393,1.5394,321900,0,6342191,9724627,-3060536,2026-09-21 00:00:00
300449,汉邦高科,6.83,0,1.999,0,1609452,8947020,16020222,-8682654,2026-09-21 00:00:00
300450,先导智能,32.43,-0.3074,1.8994,59932062,107161540,201651425,266028841,-111606894,2026-09-21 00:00:00
300451,创业慧康,3.44,2.381,1.4394,2046000,2571758,19664086,14364583,4773745,2026-09-21 00:00:00
300452,山河药辅,13.28,3.9937,3.3847,1643449,3043700,16872678,15402731,69696,2026-09-21 00:00:00
300453,三鑫医疗,9.17,1.7758,1.0472,0,2959634,8779456,4276807,1543015,2026-09-21 00:00:00
300454,深信服,143.25,0.1328,3.5065,222588748,155521655,422275600,386263760,103078933,2026-09-21 00:00:00
300455,航天智装,17.32,0.464,0.7259,0,592986,11854971,12179283,-917298,2026-09-21 00:00:00
300456,赛微电子,37.65,2.9251,7.1287,153618908,139093240,379860944,323035840,71350772,2026-09-21 00:00:00
300457,赢合科技,21.52,-2.9319,2.2651,14711442,19308209,65701632,48779601,12325264,2026-09-21 00:00:00
300458,全志科技,31.68,1.3112,4.9467,64978770,140670163,203804807,352621056,-224507642,2026-09-21 00:00:00
300459,汤姆猫,3.63,1.3966,2.0673,12854825,9540186,67067331,67596811,2785159,2026-09-21 00:00:00
300460,ST惠伦,8.81,0.1136,0.9144,1370160,1471360,3528289,4431837,-1004748,2026-09-21 00:00:00
300461,田中精机,34.7,4.3609,4.7334,11311597,7799104,35456011,32295022,6673482,2026-09-21 00:00:00
300462,ST华铭,11.2,-0.4444,0.4479,0,0,217086,801096,-584010,2026-09-21 00:00:00
300463,迈克生物,9.37,3.1938,1.5677,633693,2184915,11660295,15323344,-5214271,2026-09-21 00:00:00
300464,星徽股份,11.88,2.3256,13.6641,39825355,32187466,88057972,126201718,-30505857,2026-09-21 00:00:00
300465,高伟达,11.53,1.0517,1.8845,6519491,1191945,19244326,23847124,724748,2026-09-21 00:00:00
300466,赛摩智能,7.16,1.273,1.1131,1417149,0,7098988,5122394,3393743,2026-09-21 00:00:00
300467,迅游科技,33.95,2.259,2.2631,15788806,23689045,25111733,24740336,-7528842,2026-09-21 00:00:00
300468,四方精创,22.96,4.4111,10.5238,93040442,62387842,342573328,224658366,148567562,2026-09-21 00:00:00
300469,信息发展,51.6,4.4112,2.4586,33094139,45546654,102710753,76937397,13320841,2026-09-21 00:00:00
300470,中密控股,27.78,-0.2872,0.6051,0,1396167,7297445,10367907,-4466629,2026-09-21 00:00:00
300471,厚普股份,10.05,1.1066,1.3283,0,0,5678129,12678766,-7000637,2026-09-21 00:00:00
300472,ST新元,6.73,-0.5908,0.8394,96524,0,3866119,6399200,-2436557,2026-09-21 00:00:00
300473,德尔股份,34.8,14.2857,13.8829,199523490,215304898,170332877,122925309,31626160,2026-09-21 00:00:00
300474,景嘉微,52.23,2.0715,2.5114,75897995,37298358,117916318,117444339,39071616,2026-09-21 00:00:00
300475,香农芯创,183.2,5.0941,8.6642,1433586736,1287557456,1970491904,1849540384,266980800,2026-09-21 00:00:00
300476,胜宏科技,248,9.227,7.18,4700907776,3126589968,4226306384,4016305360,1784318832,2026-09-21 00:00:00
300477,ST合纵,2.64,0.3802,1.7462,0,0,15918540,15235621,682919,2026-09-21 00:00:00
300478,杭州高新,36.08,6.872,4.3942,13266497,15125370,51199224,52770580,-3430229,2026-09-21 00:00:00
300479,神思电子,14.8,1.9986,1.5229,1480333,0,4458553,4610981,1327905,2026-09-21 00:00:00
300480,光力科技,32.75,-0.5164,3.9703,15891608,30490047,74073815,75662408,-16187032,2026-09-21 00:00:00
300481,濮阳惠成,14.22,0.4947,3.2043,3555612,17056896,26014215,24344134,-11831203,2026-09-21 00:00:00
300482,万孚生物,16.53,4.2245,1.5077,1518962,0,20906258,13839164,8586056,2026-09-21 00:00:00
300483,首华燃气,24.18,2.241,2.149,11601900,14601559,44145630,39845913,1300058,2026-09-21 00:00:00
300484,蓝海华腾,12.8,1.5873,1.9401,6329356,8639122,3771775,6980068,-5518059,2026-09-21 00:00:00
300485,赛升药业,8.76,4.1617,2.6714,0,0,8297195,9580518,-1283323,2026-09-21 00:00:00
300486,东杰智能,18.08,-0.0553,0.9841,5923152,13279693,19661885,19933139,-7627795,2026-09-21 00:00:00
300487,蓝晓科技,70.8,2.9369,2.1744,31107457,14788718,110325991,83851364,42793366,2026-09-21 00:00:00
300488,恒锋工具,38.3,3.7378,5.5921,37863153,18883022,95009918,73228187,40761862,2026-09-21 00:00:00
300489,光智科技,238.81,6.3173,11.8937,1012232832,690274896,1232312912,987218528,567052320,2026-09-21 00:00:00
300490,华自科技,11.06,2.6927,3.7672,6441892,3453292,39694235,34962087,7720748,2026-09-21 00:00:00
300491,通合科技,36.9,-3.0478,8.6158,70726048,62949297,132284290,112668149,27392892,2026-09-21 00:00:00
300492,华图山鼎,22.25,2.9616,0.9195,512300,0,6801170,2647307,4666163,2026-09-21 00:00:00
300493,润欣科技,13.07,1.7121,2.9092,5499489,9193689,30157364,40671960,-14208796,2026-09-21 00:00:00
300494,盛天网络,8.12,1.627,1.4252,0,0,7734539,6505536,1229003,2026-09-21 00:00:00
300496,中科创达,55.64,0.4513,2.0873,33965742,50746333,113028662,119066215,-22818144,2026-09-21 00:00:00
300497,富祥股份,20.83,-2.5725,13.7811,146073604,191054781,323271376,388620736,-110330537,2026-09-21 00:00:00
300498,温氏股份,14.92,0.879,0.5044,38448885,8479219,119969551,147703858,2235359,2026-09-21 00:00:00
300499,高澜股份,37.04,-1.8028,11.7649,170975729,214796442,327435968,350154688,-66539433,2026-09-21 00:00:00
300500,启迪设计,9.39,1.9544,1.8085,0,0,610886,691905,-81019,2026-09-21 00:00:00
300501,海顺新材,9.64,2.2269,0.9592,0,0,1784894,1085411,699483,2026-09-21 00:00:00
300502,新易盛,456.73,2.636,2.8061,4905840896,3882540272,5037855488,4918366976,1142789136,2026-09-21 00:00:00
300503,昊志机电,65.94,-1.435,3.5629,32658497,53036580,142956983,132992196,-10413296,2026-09-21 00:00:00
300504,天邑股份,18.44,3.4212,4.2239,4338390,3090836,23098594,24594479,-248331,2026-09-21 00:00:00
300505,川金诺,19.8,2.6971,7.9336,16086199,13807090,88740634,77541295,13478448,2026-09-21 00:00:00
300506,名家汇,4.76,0.4219,1.425,0,3448347,14929090,19693105,-8212362,2026-09-21 00:00:00
300507,苏奥传感,6.53,0.6163,0.8764,1191795,1790901,5500757,10008127,-5106476,2026-09-21 00:00:00
300508,维宏股份,39.18,-0.8101,2.1974,0,0,7853679,9633732,-1780053,2026-09-21 00:00:00
300509,新美星,8.94,1.7065,1.5153,0,0,1625537,3410430,-1784893,2026-09-21 00:00:00
300510,金冠股份,3.51,1.7391,2.6017,3100270,0,16452329,12999622,6552977,2026-09-21 00:00:00
300511,雪榕生物,5.14,2.5948,5.4508,13554806,9274603,37513019,40335990,1457232,2026-09-21 00:00:00
300512,中亚股份,7.43,1.5027,1.127,0,0,3609392,3896912,-287520,2026-09-21 00:00:00
300513,恒实科技,7.27,2.3944,1.9099,0,1485392,3750629,8813359,-6548122,2026-09-21 00:00:00
300514,友讯达,10.29,2.5922,1.5192,1340196,0,1894084,1768408,1465872,2026-09-21 00:00:00
300515,三德科技,16.49,5.4348,2.5635,1226446,0,14343529,14970017,599958,2026-09-21 00:00:00
300516,久之洋,36.93,4.6769,2.8084,9471201,1573889,47528586,36093676,19332222,2026-09-21 00:00:00
300517,海波重科,11.87,0.1688,4.9904,1498055,4233274,16174978,14690122,-1250363,2026-09-21 00:00:00
300518,新迅达,26.37,8.0738,6.4198,26880254,21564889,93600069,102646181,-3730747,2026-09-21 00:00:00
300519,新光药业,14.68,5.4598,3.4406,0,0,10068768,8343470,1725298,2026-09-21 00:00:00
300520,科大国创,22.86,0.6162,1.8615,1924091,1012704,21588032,29930957,-7431538,2026-09-21 00:00:00
300521,爱司凯,25.8,3.2,2.0902,9961124,6746420,24785896,22460093,5540507,2026-09-21 00:00:00
300522,世名科技,14.93,2.1204,10.8376,15443764,14845505,89368820,117966188,-27999109,2026-09-21 00:00:00
300523,辰安科技,21.36,0.2346,0.8416,542527,1477700,6635357,5908561,-208377,2026-09-21 00:00:00
300525,博思软件,7.84,1.5544,1.6971,2325330,7482052,17979167,17412068,-4589623,2026-09-21 00:00:00
300527,ST应急,8.17,1.1139,0.6068,3154702,0,11978129,16954423,-1821592,2026-09-21 00:00:00
300528,幸福蓝海,14.25,0.9922,3.4946,11268942,14420439,38285981,44291632,-9157148,2026-09-21 00:00:00
300529,健帆生物,15.17,1.066,0.8812,0,3551902,11683025,14822106,-6690983,2026-09-21 00:00:00
300530,领湃科技,19.35,-0.1033,1.6847,1161595,0,5330833,9518059,-3025631,2026-09-21 00:00:00
300531,优博讯,15.73,2.1429,2.5368,3783817,2225658,22462659,18798095,5222723,2026-09-21 00:00:00
300532,今天国际,7.44,6.1341,2.322,1855407,0,30175054,20577658,11452803,2026-09-21 00:00:00
300533,冰川网络,14.46,1.9746,2.9893,0,4022833,20122509,15224759,874917,2026-09-21 00:00:00
300534,陇神戎发,13.83,8.1314,25.6371,59545503,33277808,223831765,244939724,5159736,2026-09-21 00:00:00
300535,达威股份,15.57,2.0984,2.7735,0,0,7175776,4258075,2917701,2026-09-21 00:00:00
300536,农尚环境,8.55,-2.3973,2.133,0,0,5687883,14998902,-9311019,2026-09-21 00:00:00
300537,广信材料,21.63,-0.4144,7.0881,13258585,9945189,40252057,50122358,-6556905,2026-09-21 00:00:00
300538,同益股份,15.46,6.768,5.5761,1125095,417297,17307627,16198146,1817279,2026-09-21 00:00:00
300539,横河精密,17.74,-1.9348,3.6659,3851278,11179470,19735093,26153959,-13747058,2026-09-21 00:00:00
300540,蜀道装备,27.31,-1.1224,4.8445,5714550,15451094,57590762,47386545,467673,2026-09-21 00:00:00
300541,先进数通,9.66,1.3641,1.1469,0,1879640,5588025,3870577,-162192,2026-09-21 00:00:00
300542,新晨科技,12.66,4.3693,3.0841,10529802,3885335,16242339,13088374,9798432,2026-09-21 00:00:00
300543,朗科智能,7.74,3.4759,2.3173,0,0,2798892,4190585,-1391693,2026-09-21 00:00:00
300545,联得装备,27.39,-0.1094,3.9344,1978423,10430559,23031255,27990276,-13411157,2026-09-21 00:00:00
300546,雄帝科技,17.3,2.9149,4.0797,2402490,1161055,12346251,16176952,-2589266,2026-09-21 00:00:00
300547,川环科技,25.35,0.158,3.2623,4070921,6976727,24037671,31937490,-10805625,2026-09-21 00:00:00
300548,长芯博创,243.99,2.1734,4.4243,549204480,401443696,837266512,704755056,280272240,2026-09-21 00:00:00
300549,优德精密,14.44,1.5471,1.7768,780051,0,948722,903469,825304,2026-09-21 00:00:00
300550,和仁科技,14.42,0.2085,3.305,8713374,18306776,21964750,28094254,-15722906,2026-09-21 00:00:00
300551,古鳌科技,11.66,4.0143,2.6574,6497422,1400256,20080223,17385616,7791773,2026-09-21 00:00:00
300552,万集科技,20.8,0.9709,2.0664,0,0,10420635,6807806,3612829,2026-09-21 00:00:00
300553,集智股份,67.55,-1.6453,5.2093,24902423,26978965,60322562,78709580,-20463560,2026-09-21 00:00:00
300554,三超新材,22.41,-2.438,5.6582,0,2056369,13582629,10526372,999888,2026-09-21 00:00:00
300555,ST路通,12.56,1.2087,0.4089,0,0,3838987,2784457,1054530,2026-09-21 00:00:00
300556,丝路视觉,15.87,1.5355,3.5119,1040657,0,6882926,7549520,374063,2026-09-21 00:00:00
300557,理工光科,25.9,0.5435,1.4717,2548795,1955916,11682331,11458642,816568,2026-09-21 00:00:00
300558,贝达药业,49.41,4.6379,4.15,72373897,56040543,255891594,193516030,78708918,2026-09-21 00:00:00
300559,佳发教育,13.31,4.7207,3.4354,6049436,6987836,36370284,26399493,9032391,2026-09-21 00:00:00
300560,中富通,18.02,0,5.1205,6554592,15578400,33756167,31680816,-6948457,2026-09-21 00:00:00
300561,汇金科技,15.96,1.5267,6.1087,12132318,14297943,49560760,52205501,-4810366,2026-09-21 00:00:00
300562,乐心股份,17.49,2.9429,8.0694,3932374,6099662,46652030,36287275,8197467,2026-09-21 00:00:00
300563,神宇股份,28.11,4.034,11.3626,10237204,11116134,102714611,79701680,22134001,2026-09-21 00:00:00
300564,筑博设计,12.23,0.4105,1.7705,0,0,4199585,3917031,282554,2026-09-21 00:00:00
300565,科信技术,10.1,1.8145,3.2926,890578,0,9224886,6683197,3432267,2026-09-21 00:00:00
300566,激智科技,25.56,-0.312,6.3678,8112074,27087003,91371590,105187722,-32791061,2026-09-21 00:00:00
300567,精测电子,214.6,-2.0762,2.4192,153546860,109986157,283050896,206271187,120340412,2026-09-21 00:00:00
300568,星源材质,16.05,0.9434,4.5647,66501068,98541446,223612179,243143343,-51571542,2026-09-21 00:00:00
300569,天能重工,5.08,0.3953,2.2919,13372306,8362828,24847779,29625535,231722,2026-09-21 00:00:00
300570,太辰光,223.7,-2.4635,10.2929,727098224,813488656,1073498512,1211828848,-224720768,2026-09-21 00:00:00
300571,平治信息,29.3,0.9301,4.0483,3205664,3991477,16753021,26138665,-10171457,2026-09-21 00:00:00
300572,安车检测,24.61,-0.2836,1.9377,2553615,2677259,24512569,27886336,-3497411,2026-09-21 00:00:00
300573,兴齐眼药,37.12,2.7685,2.3658,39115740,26960327,73433157,68044416,17544154,2026-09-21 00:00:00
300575,中旗股份,6.35,5.6572,11.7133,9966865,4680067,54053187,50569113,8770872,2026-09-21 00:00:00
300576,容大感光,29.9,-0.3001,4.7741,17832057,23340119,81201515,98698240,-23004787,2026-09-21 00:00:00
300577,开润股份,19.94,-0.3,1.9203,2459604,1334424,9453897,12758846,-2179769,2026-09-21 00:00:00
300578,会畅科技,15.51,1.0423,1.3745,0,0,6075494,5592433,483061,2026-09-21 00:00:00
300579,数字认证,23.72,4.0351,2.4676,6225619,2695808,20996204,25718844,-1192829,2026-09-21 00:00:00
300580,贝斯特,18.7,1.41,1.8493,10015748,4893993,25853026,22029080,8945701,2026-09-21 00:00:00
300581,晨曦航空,10.46,1.85,1.8862,2786488,0,14751119,12841390,4696217,2026-09-21 00:00:00
300582,英飞特,10.78,1.8904,2.4988,0,0,8860345,11967237,-3106892,2026-09-21 00:00:00
300583,赛托生物,13.76,5.3599,2.4965,1379004,979665,5132575,7042494,-1510580,2026-09-21 00:00:00
300584,海辰药业,31.76,1.632,2.5832,1068528,38220,9264442,12777151,-2482401,2026-09-21 00:00:00
300585,奥联电子,16.04,,,0,0,0,0,0,2026-09-21 00:00:00
300586,美联新材,9.68,0.6237,3.1668,2451930,5369379,31059773,37616162,-9473838,2026-09-21 00:00:00
300587,天铁科技,4.7,1.7316,1.8907,3614752,2487629,21060818,31941793,-9753852,2026-09-21 00:00:00
300588,熙菱信息,22.21,1.8807,2.2283,6673405,1854114,17019760,19694450,2144601,2026-09-21 00:00:00
300589,江龙船艇,14.48,4.6999,10.5428,4349801,8634607,55801150,56548793,-5032449,2026-09-21 00:00:00
300590,移为通信,11.6,1.31,4.011,5903180,6178940,36389281,35776876,336645,2026-09-21 00:00:00
300591,万里马,6.92,4.0602,6.6808,21294395,21565436,30270486,31692745,-1693300,2026-09-21 00:00:00
300592,华凯易佰,20.91,-0.3811,6.0379,31684931,37904475,91604555,117682192,-32297181,2026-09-21 00:00:00
300593,新雷能,33.09,1.5031,4.8336,95489575,80693238,165510854,125928597,54378594,2026-09-21 00:00:00
300594,ST朗进,15,-0.0666,1.6762,0,0,5466540,4746204,720336,2026-09-21 00:00:00
300595,欧普康视,10.2,1.5936,1.103,4571843,1864746,17800977,19461883,1046191,2026-09-21 00:00:00
300596,利安隆,40.9,1.2376,0.7326,10818559,16308632,16883443,8994252,2399118,2026-09-21 00:00:00
300597,吉大通信,7.92,1.4085,1.1485,0,1106000,3047471,3826175,-1884704,2026-09-21 00:00:00
300598,诚迈科技,31.11,2.3019,2.7645,3451658,2303666,36316077,44243910,-6779841,2026-09-21 00:00:00
300599,雄塑科技,12.3,3.8851,7.2987,16844356,31435346,86633925,93698330,-21655395,2026-09-21 00:00:00
300600,国瑞科技,10.73,2.5813,3.1102,0,1025550,11457538,10816325,-384337,2026-09-21 00:00:00
300601,康泰生物,12.99,6.9136,4.491,44462658,31797164,99403864,130005184,-17935826,2026-09-21 00:00:00
300602,飞荣达,38.74,-0.87,3.8997,26152977,46532345,137756576,137190427,-19813219,2026-09-21 00:00:00
300603,立昂技术,8.15,1.3682,2.2931,2473668,3234780,15851042,14866328,223602,2026-09-21 00:00:00
300604,长川科技,282.53,1.001,4.2373,1721522208,1129466032,1489279632,1417422560,663913248,2026-09-21 00:00:00
300605,恒锋信息,10.18,2.4145,2.7567,0,0,4091680,1621907,2469773,2026-09-21 00:00:00
300606,金太阳,38.57,11.7647,13.8682,88278865,41276968,171982719,129477252,89507364,2026-09-21 00:00:00
300607,拓斯达,33.09,-1.5179,6.5659,29813076,62224021,148679258,196854612,-80586299,2026-09-21 00:00:00
300608,思特奇,10.19,5.2686,5.625,6233264,4437800,35188807,25627441,11356830,2026-09-21 00:00:00
300609,汇纳科技,24.39,-0.0819,1.6148,0,0,4140395,7694932,-3554537,2026-09-21 00:00:00
300610,晨化股份,10.37,2.877,1.9085,0,0,1870153,1691681,178472,2026-09-21 00:00:00
300611,美力科技,27.83,3.1887,3.4964,4421091,7365443,31804395,34550646,-5690603,2026-09-21 00:00:00
300612,宣亚国际,12.31,2.6689,3.8385,1106918,0,10091811,8925037,2273692,2026-09-21 00:00:00
300613,富瀚微,82.32,3.1579,8.2745,67534913,100926342,239333002,390164096,-184222523,2026-09-21 00:00:00
300614,百川畅银,10.21,2.7163,1.8098,0,0,2819611,1812068,1007543,2026-09-21 00:00:00
300615,欣天科技,14.73,3.952,8.7478,2042807,3079130,29043799,37749075,-9741599,2026-09-21 00:00:00
300616,尚品宅配,10.65,6.1815,5.2514,1030920,1140968,12260290,10200245,1949997,2026-09-21 00:00:00
300617,安靠智电,36.52,-0.0821,1.6995,1423415,2457069,11883029,14295298,-3445923,2026-09-21 00:00:00
300618,寒锐钴业,32.21,0.6877,0.9878,2902680,5976455,20733791,15356205,2303811,2026-09-21 00:00:00
300619,金银河,26.2,0.9245,2.8433,2300716,4342550,32178300,30223018,-86552,2026-09-21 00:00:00
300620,光库科技,294.48,-0.9852,5.1512,517047072,519472048,1015065296,1101469120,-88828800,2026-09-21 00:00:00
300621,维业股份,7.02,3.0837,1.9436,0,0,1974436,1368643,605793,2026-09-21 00:00:00
300622,博士眼镜,15.5,2.2427,3.6973,2170000,0,18082039,26378206,-6126167,2026-09-21 00:00:00
300623,捷捷微电,35.03,-0.7649,4.6292,44799551,115318747,176609329,277301488,-171211355,2026-09-21 00:00:00
300624,万兴科技,50.54,0.1189,3.7929,13571220,12404933,61936499,64357531,-1254745,2026-09-21 00:00:00
300625,三雄极光,10.08,3.3846,1.8842,1134496,0,5267434,3926426,2475504,2026-09-21 00:00:00
300626,华瑞股份,29.78,3.1163,3.0776,12171630,9689291,42124747,35527536,9079550,2026-09-21 00:00:00
300627,华测导航,26.67,0.9845,0.6295,2845024,8996893,27520677,18003919,3364889,2026-09-21 00:00:00
300628,亿联网络,41.44,1.1719,0.9786,7000168,6820719,50674919,74854704,-24000336,2026-09-21 00:00:00
300629,新劲刚,18.36,2.7996,2.7359,2451565,4982456,19726083,19178724,-1983532,2026-09-21 00:00:00
300631,久吾高科,21.64,1.5486,1.3476,0,0,5970278,5805388,164890,2026-09-21 00:00:00
300632,光莆股份,19.89,4.2999,7.959,29121518,18267503,68889597,63319380,16424232,2026-09-21 00:00:00
300633,开立医疗,19.69,3.6316,1.6958,0,0,10850699,9107623,1743076,2026-09-21 00:00:00
300634,彩讯股份,21.07,3.0822,4.9033,35607618,26510841,97441879,116878339,-10339683,2026-09-21 00:00:00
300635,中达安,11.95,1.9625,3.4856,4323607,1188000,6790894,10690543,-764042,2026-09-21 00:00:00
300636,同和药业,6.93,3.2787,1.8845,0,124890,9587889,11692538,-2229539,2026-09-21 00:00:00
300637,扬帆新材,9.51,2.2581,1.2819,0,0,4088780,3832122,256658,2026-09-21 00:00:00
300638,广和通,20.32,2.6781,3.5927,16540718,17632201,60061250,96706832,-37737065,2026-09-21 00:00:00
300639,凯普生物,6.14,4.0678,2.7831,1834814,6177065,14584017,21216319,-10974553,2026-09-21 00:00:00
300640,德艺文创,6.37,4.5977,3.9317,2735818,0,5256703,7450990,541531,2026-09-21 00:00:00
300641,正丹股份,13.91,1.3848,0.7509,4082129,4489378,13236634,10516177,2313208,2026-09-21 00:00:00
300642,透景生命,20.35,19.9882,25.7357,235941262,55287931,126016365,153569141,153100555,2026-09-21 00:00:00
300643,万通智控,17.95,0,1.7179,3473163,5690270,12140822,18781621,-8857906,2026-09-21 00:00:00
300644,南京聚隆,20.38,5.323,5.4169,0,0,16388588,21901534,-5512946,2026-09-21 00:00:00
300645,正元智慧,13.57,3.7462,3.1524,0,0,3864927,5414860,-1549933,2026-09-21 00:00:00
300647,超频三,8.45,5.3616,10.9146,28564171,19649666,85867447,93378592,1403360,2026-09-21 00:00:00
300648,星云股份,42.01,-1.1529,1.7054,15034105,16718913,20182146,18668139,-170801,2026-09-21 00:00:00
300649,杭州园林,29.45,4.2109,8.8437,18053802,14312367,68835874,82903134,-10325825,2026-09-21 00:00:00
300650,太龙股份,12.61,3.0229,3.5932,2246208,1256742,14978721,15585446,382741,2026-09-21 00:00:00
300651,金陵体育,16.32,2.5126,5.0561,3086613,5194822,14642706,17868725,-5334228,2026-09-21 00:00:00
300652,雷迪克,27.05,0.9328,4.3013,4822614,1088073,17709429,17426369,4017601,2026-09-21 00:00:00
300653,正海生物,15.52,2.5099,1.0916,0,0,2269316,3987119,-1717803,2026-09-21 00:00:00
300654,世纪天鸿,9.76,-1.0142,2.8683,3693129,13332098,16556466,28937469,-22019972,2026-09-21 00:00:00
300655,晶瑞电材,13.41,-0.0745,3.4682,34441107,44041738,101583757,125723663,-33740537,2026-09-21 00:00:00
300656,民德电子,30.19,-4.8235,7.7647,20949312,29592929,50355646,53803571,-12091542,2026-09-21 00:00:00
300657,弘信电子,38.49,3.7466,7.9599,204859636,102824302,404928688,329386528,177577494,2026-09-21 00:00:00
300658,延江股份,10.89,4.3103,4.2895,0,2501068,10890353,7067032,1322253,2026-09-21 00:00:00
300659,中孚信息,11.08,6.9498,12.2363,10416820,9585661,38767212,48330883,-8732512,2026-09-21 00:00:00
300660,江苏雷利,23.82,1.7949,0.9162,7075832,984932,26016434,27833165,4274169,2026-09-21 00:00:00
300661,圣邦股份,122.61,-2.0139,2.2676,109389450,144583153,402729232,303009280,64526249,2026-09-21 00:00:00
300662,科锐国际,21.4,0.6585,1.2728,2343319,0,7681481,10007543,17257,2026-09-21 00:00:00
300663,科蓝软件,7.85,2.8834,4.1892,6219287,8658144,27925321,39381614,-13895150,2026-09-21 00:00:00
300664,鹏鹞环保,4.69,1.0776,0.6423,0,0,3370439,6665902,-3295463,2026-09-21 00:00:00
300665,飞鹿股份,8.92,2.2936,2.8577,2217036,1048473,9560238,8961833,1766968,2026-09-21 00:00:00
300666,江丰电子,257.06,-1.2978,4.2196,286664192,319383952,722653952,630282784,59651408,2026-09-21 00:00:00
300667,必创科技,15.15,1.8145,2.9756,0,0,12934083,19344693,-6410610,2026-09-21 00:00:00
300668,杰恩股份,32.42,0.9969,3.4344,1089077,350676,20334271,14289789,6782883,2026-09-21 00:00:00
300669,沪宁股份,23.11,2.3472,2.321,2195231,4944377,20498703,18596936,-847379,2026-09-21 00:00:00
300670,大烨智能,7.11,0.8511,9.0923,0,2076013,27829936,29614166,-3860243,2026-09-21 00:00:00
300671,富满微,60.12,-0.6938,7.7127,94966008,89558893,164199603,242462407,-72855689,2026-09-21 00:00:00
300672,国科微,201,8.3616,7.7228,595083488,640881168,659395024,998529696,-384932352,2026-09-21 00:00:00
300673,佩蒂股份,15.28,2.5503,3.9006,5573599,2841102,23662944,17490560,8904881,2026-09-21 00:00:00
300674,宇信科技,16.64,1.7737,2.0911,7345248,12646705,48575789,40742859,2531473,2026-09-21 00:00:00
300675,建科院,12.95,3.1051,1.2957,0,0,5007754,2288529,2719225,2026-09-21 00:00:00
300676,华大基因,42.38,6.7506,5.0946,69991096,70684208,183957351,246904126,-63639887,2026-09-21 00:00:00
300677,英科医疗,51.6,-0.3861,1.6504,9768634,17074973,57436283,81174680,-31044736,2026-09-21 00:00:00
300678,中科信息,21.73,1.637,1.2513,855592,1290000,21430673,15239054,5757211,2026-09-21 00:00:00
300679,电连技术,46.11,1.5863,4.7696,90344577,80420438,249719415,217235739,42407815,2026-09-21 00:00:00
300680,隆盛科技,21.02,2.2374,3.0745,2919599,4673830,24009570,27666816,-5411477,2026-09-21 00:00:00
300681,英搏尔,20.86,-0.1436,2.6329,1859390,7204162,26852732,26200415,-4692455,2026-09-21 00:00:00
300682,朗新科技,9.06,2.027,1.4917,11882709,13118837,34748982,35117303,-1604449,2026-09-21 00:00:00
300683,海特生物,26.14,4.268,8.3475,11954678,8098238,48859999,51924369,792070,2026-09-21 00:00:00
300684,中石科技,99.77,1.9205,6.7732,234528958,191609733,422844064,442065200,23698089,2026-09-21 00:00:00
300685,艾德生物,18.76,3.0203,2.9305,9597770,2833731,33195895,48448590,-8488656,2026-09-21 00:00:00
300686,智动力,15.13,1.817,1.9947,1514035,0,16574553,13294375,4794213,2026-09-21 00:00:00
300687,赛意信息,30.05,3.3712,4.9849,26154343,17977850,117060630,128194103,-2956980,2026-09-21 00:00:00
300688,创业黑马,36.76,0.4372,6.9879,24156140,36277758,96331506,92546720,-8336832,2026-09-21 00:00:00
300689,澄天伟业,66.1,-1.0479,5.7738,50384282,61855668,102628715,135188762,-44031433,2026-09-21 00:00:00
300690,双一科技,24.4,-0.4488,6.7259,12211976,11728902,37923731,47811234,-9404429,2026-09-21 00:00:00
300691,联合光电,17.76,20,13.5621,111380277,75968107,125559150,111162633,49808687,2026-09-21 00:00:00
300692,中赋科技,9.67,6.2637,6.6465,17360330,19682295,88526138,92057897,-5853724,2026-09-21 00:00:00
300693,盛弘股份,38.47,-0.5943,3.8263,50627430,21151972,86502106,68124150,47853414,2026-09-21 00:00:00
300694,蠡湖股份,10.68,0.8499,1.3572,0,0,4701094,4703495,-2401,2026-09-21 00:00:00
300695,兆丰股份,53.24,-0.9673,1.2084,0,1392545,8777581,12378922,-4993886,2026-09-21 00:00:00
300696,爱乐达,21.65,6.6502,3.6053,5008219,6966731,45973152,34963755,9050885,2026-09-21 00:00:00
300697,电工合金,15.41,2.8019,3.2641,13127118,1498299,28057429,32918750,6767498,2026-09-21 00:00:00
300698,万马科技,28.11,3.6122,3.4291,3221690,1527711,15583345,15009949,2267375,2026-09-21 00:00:00
300699,光威复材,23.83,1.189,0.8186,1003664,7555784,37780703,30461345,767238,2026-09-21 00:00:00
300700,岱勒新材,18.11,-2.9475,2.6026,10386214,16895510,31025546,44537292,-20021042,2026-09-21 00:00:00
300701,森霸传感,10,1.5228,0.9366,0,1286832,2836927,1968557,-418462,2026-09-21 00:00:00
300702,天宇股份,21.2,5.7357,2.3045,0,4346046,14977082,19507728,-8876692,2026-09-21 00:00:00
300703,创源股份,14.36,3.7572,4.3397,6950659,9865356,11300221,12633216,-4247692,2026-09-21 00:00:00
300705,九典制药,10.99,4.1706,2.3169,1374319,0,18494539,15388457,4480401,2026-09-21 00:00:00
300706,阿石创,50.93,-0.6244,5.219,3600805,6786337,48372113,56635359,-11448778,2026-09-21 00:00:00
300707,威唐工业,11.92,2.4055,1.9894,0,0,4404916,3704507,700409,2026-09-21 00:00:00
300708,聚灿光电,9.28,6.0571,7.2056,55827594,12154629,121670352,98155191,67188126,2026-09-21 00:00:00
300709,精研科技,39.04,1.4553,4.4265,5659987,8481873,51806623,54934783,-5950046,2026-09-21 00:00:00
300710,万隆光电,31.1,3.1167,3.1661,39416,0,16130841,15128345,1041912,2026-09-21 00:00:00
300711,广哈通信,19.39,1.678,3.7237,0,3728028,25880295,31560586,-9408319,2026-09-21 00:00:00
300712,永福股份,21.07,0.9583,1.1499,0,3118625,8253929,6545277,-1409973,2026-09-21 00:00:00
300713,英可瑞,13.7,7.1149,7.3077,126573,475404,10342581,8100159,1893591,2026-09-21 00:00:00
300715,凯伦股份,14.89,6.5093,4.1104,7709829,1251222,31225450,31731736,5952321,2026-09-21 00:00:00
300716,*ST泉为,18.45,0.1629,0.6277,189717,109091,2521733,9036785,-6434426,2026-09-21 00:00:00
300717,华信新材,19.48,9.2541,5.9045,4130627,8916446,28947868,16211791,7950258,2026-09-21 00:00:00
300718,长盛轴承,53.5,0.0935,1.9297,9759713,8531436,45699447,54243145,-7315421,2026-09-21 00:00:00
300719,安达维尔,12.07,1.5139,1.728,1373892,1804500,2657935,3539049,-1311722,2026-09-21 00:00:00
300720,海川智能,62.16,0.8436,3.78,38674731,29213540,100016802,87632322,21845671,2026-09-21 00:00:00
300721,怡达股份,22.7,-0.613,6.2695,6371907,8556809,33474957,44380564,-13090509,2026-09-21 00:00:00
300722,新余国科,22.23,1.7391,0.9509,181630,0,8437399,9791984,-1172955,2026-09-21 00:00:00
300723,一品红,34.83,3.1389,1.7696,18364017,10741421,61884182,59191583,10315195,2026-09-21 00:00:00
300724,捷佳伟创,54.58,0.8686,2.4576,41240946,36418070,85276736,92487932,-2388320,2026-09-21 00:00:00
300725,药石科技,50.32,6.565,13.7782,117534820,89285747,380094464,316859392,91484145,2026-09-21 00:00:00
300726,宏达电子,60.53,3.5232,8.6838,139533773,134700101,314275024,261073827,58034869,2026-09-21 00:00:00
300727,润禾材料,35.57,0.6793,2.4264,13602804,12085206,22106870,29302845,-5678377,2026-09-21 00:00:00
300729,乐歌股份,11.29,3.7684,1.8699,1117000,1474566,13486761,10078124,3051071,2026-09-21 00:00:00
300730,科创信息,11.33,1.4324,1.4377,0,0,4928725,4783505,145220,2026-09-21 00:00:00
300731,科创新源,50.21,2.6999,5.8659,42593948,62985169,117990448,113437552,-15838325,2026-09-21 00:00:00
300732,设研院,5.8,2.1127,1.3417,0,0,3349753,3075275,274478,2026-09-21 00:00:00
300733,西菱动力,13.81,1.5441,4.216,3375344,10571121,39672289,43253169,-10776657,2026-09-21 00:00:00
300735,光弘科技,18.59,2.8208,1.6289,14672420,9409345,61528593,50581014,16210654,2026-09-21 00:00:00
300736,百邦科技,34.35,5.3035,5.2137,33765930,25696753,59928820,54923386,13074611,2026-09-21 00:00:00
300737,科顺股份,5.05,8.137,7.3791,26735461,3870090,79412916,76142432,26135855,2026-09-21 00:00:00
300738,奥飞数据,19.63,0.2554,2.5645,32056719,29113214,95094357,118392399,-20354537,2026-09-21 00:00:00
300739,明阳电路,31.54,0.4139,6.7732,56881842,54659470,120793094,137909982,-14894516,2026-09-21 00:00:00
300740,水羊股份,23.08,1.674,8.9188,42792127,71309495,197310686,262507122,-93713804,2026-09-21 00:00:00
300741,华宝股份,26,3.3797,5.9069,67779383,67944032,265946921,192809281,72972991,2026-09-21 00:00:00
300743,天地数码,14.33,1.9203,2.2763,3524088,70021,3094273,5386129,1162211,2026-09-21 00:00:00
300745,欣锐科技,27.81,-1.1024,2.9083,1424676,1324704,18742560,26604305,-7761773,2026-09-21 00:00:00
300746,汉嘉数智,15.11,5.8865,3.2421,3053756,2400809,21912925,15467558,7098314,2026-09-21 00:00:00
300747,锐科激光,40.83,-1.1619,3.5911,55152718,92991212,216083111,193338978,-15094361,2026-09-21 00:00:00
300748,金力永磁,25.74,1.4984,1.271,9996670,11161908,89604830,81620329,6819263,2026-09-21 00:00:00
300749,顶固集创,25.68,2.3108,2.2576,6608607,4200471,16478914,21319469,-2432419,2026-09-21 00:00:00
300750,宁德时代,297.1,-1.6062,1.1615,3970057360,3412005808,4411985920,5214932736,-244895264,2026-09-21 00:00:00
300751,迈为股份,202.25,-0.286,3.4588,97252765,144292700,254192508,302277232,-95124659,2026-09-21 00:00:00
300752,隆利科技,13.46,1.3554,4.5485,5690698,1103588,16357869,22780070,-1835091,2026-09-21 00:00:00
300753,爱朋医疗,21.25,4.3713,9.4198,4470449,3871651,22217032,20673729,2142101,2026-09-21 00:00:00
300755,华致酒行,11.91,5.6788,2.3951,4129756,4514299,33295561,22543589,10367429,2026-09-21 00:00:00
300756,金马游乐,35.07,6.112,5.673,78229146,53096490,106523609,114173124,17483141,2026-09-21 00:00:00
300757,罗博特科,620.78,0.029,2.6579,483475792,636534416,648335936,663503232,-168225920,2026-09-21 00:00:00
300758,七彩化学,11.51,1.8584,1.5378,0,0,11748668,10671781,1076887,2026-09-21 00:00:00
300759,康龙化成,45.13,4.2263,5.0913,360518976,359733856,982807472,869615600,113976992,2026-09-21 00:00:00
300760,迈瑞医疗,158.05,0.7522,0.5401,131891878,96668260,264745890,194561287,105408221,2026-09-21 00:00:00
300761,立华股份,20.74,1.2201,1.3406,25048927,48668942,33767347,22130650,-11983318,2026-09-21 00:00:00
300762,上海瀚讯,27.37,0.2931,2.3911,27946289,29516316,104138101,98184393,4383681,2026-09-21 00:00:00
300763,锦浪科技,56.19,-2.1421,3.2537,47588620,37230513,113291801,121385448,2264460,2026-09-21 00:00:00
300765,石药创新,46.39,5.7201,1.8661,181100074,133245306,327191728,358883472,16163024,2026-09-21 00:00:00
300766,每日互动,22.34,2.0091,4.6692,44086565,13765161,86863635,77360724,39824315,2026-09-21 00:00:00
300767,震安科技,21.7,-0.0921,4.1685,2465645,7775389,42580965,45274591,-8003370,2026-09-21 00:00:00
300768,迪普科技,15.09,1.8219,1.5353,3973351,7895447,19033296,18915801,-3804601,2026-09-21 00:00:00
300769,德方纳米,41.8,-0.4762,3.1526,14287435,9308830,91027103,77272921,18732787,2026-09-21 00:00:00
300770,新媒股份,34.56,0.0289,0.9641,2380325,1143076,14990402,16041112,186539,2026-09-21 00:00:00
300771,智莱科技,11.4,0.7067,1.9609,481924,0,4658189,8629900,-3489787,2026-09-21 00:00:00
300772,运达股份,9.47,1.0672,2.0534,3922374,3935293,29377667,35296591,-5931843,2026-09-21 00:00:00
300773,拉卡拉,15.3,2.4782,4.6419,94482217,79598704,186500998,140342682,61041829,2026-09-21 00:00:00
300774,倍杰特,10.06,0.9027,3.4224,1102892,1007980,6385732,8693161,-2212517,2026-09-21 00:00:00
300775,三角防务,21.59,2.5166,2.3272,11416903,9994355,62691754,58489117,5625185,2026-09-21 00:00:00
300776,帝尔激光,124.68,0.0241,5.172,86050617,159175911,293141936,322404016,-102387374,2026-09-21 00:00:00
300777,中简科技,21.39,1.087,1.1725,478188,1904050,24661022,27366641,-4131481,2026-09-21 00:00:00
300778,新城市,10.85,4.5279,1.9016,0,133102,4808764,4779766,-104104,2026-09-21 00:00:00
300779,惠城环保,54.99,1.2521,2.3632,32903232,15857603,77394399,66875676,27564352,2026-09-21 00:00:00
300780,德恩精工,20.53,5.2821,6.9621,11542816,4099302,26209847,22033215,11620146,2026-09-21 00:00:00
300781,因赛集团,27.3,3.2136,4.5207,6026083,3067628,23564958,18781524,7741889,2026-09-21 00:00:00
300782,卓胜微,76.34,3.5259,3.3205,157872310,104446895,329026256,273068000,109383671,2026-09-21 00:00:00
300783,三只松鼠,16.86,1.2613,1.2411,1172760,704264,5940853,9393799,-2984450,2026-09-21 00:00:00
300784,利安科技,41.59,1.9113,2.5055,0,0,2405993,2557839,-151846,2026-09-21 00:00:00
300785,值得买,34.29,0.7048,3.2914,3794296,1167815,28893736,32243823,-723606,2026-09-21 00:00:00
300786,国林科技,15.22,-3.6709,11.7691,3261366,10452632,30329832,41323914,-18185348,2026-09-21 00:00:00
300787,海能实业,11.61,9.1165,8.9539,2633646,3362743,35687008,42672449,-7714538,2026-09-21 00:00:00
300788,中信出版,34.7,-5.3464,9.8362,21608657,82866179,135380585,153714647,-79591584,2026-09-21 00:00:00
300789,唐源电气,15.56,1.4342,1.4125,0,1090600,3052920,3928821,-1966501,2026-09-21 00:00:00
300790,宇瞳光学,19.87,-0.6003,4.3733,22286034,41995390,105829688,101578306,-15457974,2026-09-21 00:00:00
300791,仙乐健康,17.79,2.8324,0.7681,0,1028660,5743448,4939600,-224812,2026-09-21 00:00:00
300792,壹网壹创,24.4,0.8681,2.8278,2294529,11598997,27825798,25436128,-6914798,2026-09-21 00:00:00
300793,佳禾智能,12.04,2.906,3.5739,4884018,386163,33611219,28174882,9934192,2026-09-21 00:00:00
300795,米奥会展,12.75,5.7214,13.1498,12583065,6049368,68890133,48356901,27066929,2026-09-21 00:00:00
300796,贝斯美,6.92,1.7647,1.1236,0,1112070,3823494,4998253,-2286829,2026-09-21 00:00:00
300797,钢研纳克,13.4,2.2901,1.3512,1732646,1466148,7594224,7916823,-56101,2026-09-21 00:00:00
300798,锦鸡股份,8.78,6.0386,9.7435,7181004,12837395,70825645,59596433,5572821,2026-09-21 00:00:00
300800,力合科技,10.4,3.7924,2.101,0,0,3465502,7326761,-3861259,2026-09-21 00:00:00
300801,泰和科技,21.94,0.7346,1.8738,1537994,2244544,13255211,10538868,2009793,2026-09-21 00:00:00
300802,矩子科技,27.9,-2.2767,6.5962,31295072,29882611,75375905,75775687,1012679,2026-09-21 00:00:00
300803,指南针,82.45,0.5488,2.0347,96605141,97645835,271802080,299082592,-28321206,2026-09-21 00:00:00
300804,广康生化,46.17,1.5842,4.9149,2321040,3006803,15130609,19810723,-5365877,2026-09-21 00:00:00
300805,电声股份,8.49,2.2892,2.0681,0,0,6683416,8012319,-1328903,2026-09-21 00:00:00
300806,斯迪克,56.35,-2.6938,6.8228,191894488,261674048,474417440,548437776,-143799896,2026-09-21 00:00:00
300807,天迈科技,36.46,1.3341,1.9428,2567617,3672730,5116830,3151644,860073,2026-09-21 00:00:00
300808,久量股份,21.76,-3.9718,5.7216,2571182,8691067,24775691,36051533,-17395727,2026-09-21 00:00:00
300809,华辰装备,24.99,1.7508,2.7761,0,1396674,19704350,20535734,-2228058,2026-09-21 00:00:00
300810,中科海讯,25.7,2.6358,2.487,0,0,10197866,10928087,-730221,2026-09-21 00:00:00
300811,铂科新材,85.42,0.862,3.2277,78468048,58576731,212669276,189862806,42697787,2026-09-21 00:00:00
300812,易天股份,19.85,-0.0504,3.1358,0,0,16431206,19851748,-3420542,2026-09-21 00:00:00
300813,泰林生物,22.71,4.4618,4.8262,2815539,0,12677764,11549799,3943504,2026-09-21 00:00:00
300814,中富电路,143.76,-1.4059,3.0856,78095866,83622596,199553229,180753444,13273055,2026-09-21 00:00:00
300815,玉禾田,15.81,1.8686,2.4552,1127610,2357079,30768772,25975504,3563799,2026-09-21 00:00:00
300816,艾可蓝,65.24,-1.1964,5.8971,23388737,19601542,41448589,42595140,2640644,2026-09-21 00:00:00
300817,双飞集团,16.61,1.8394,1.1999,0,584672,2760462,3407048,-1231258,2026-09-21 00:00:00
300818,耐普矿机,17.2,0.9982,1.6734,0,0,1806329,1789146,17183,2026-09-21 00:00:00
300819,聚杰微纤,49.32,0.8795,3.2238,8280525,9942445,43393192,46153467,-4422195,2026-09-21 00:00:00
300820,英杰电气,72.99,2.184,7.973,24453961,36950882,107316849,127785347,-32965419,2026-09-21 00:00:00
300821,东岳硅材,15.73,0.3829,3.0236,36457815,43359921,125858983,149195421,-30238544,2026-09-21 00:00:00
300822,贝仕达克,11.47,0.4378,0.8479,0,0,2966317,4233568,-1267251,2026-09-21 00:00:00
300823,建科智能,14.37,2.8633,3.7081,1170716,0,9667703,10127340,711079,2026-09-21 00:00:00
300824,北鼎股份,7.84,2.7523,1.0606,2099282,0,3388098,1728041,3759339,2026-09-21 00:00:00
300825,阿尔特,13.26,1.1442,4.6488,17028967,31851048,90282875,73242462,2218332,2026-09-21 00:00:00
300826,测绘股份,15.75,1.7442,2.8306,6501658,6329319,29542632,24583098,5131873,2026-09-21 00:00:00
300827,上能电气,25.87,0.8184,2.4014,7878396,7482125,62872415,52702909,10565777,2026-09-21 00:00:00
300828,锐新科技,17.53,3.544,5.8967,0,1249146,10790649,9238777,302726,2026-09-21 00:00:00
300829,金丹科技,25.72,20.0187,19.3939,192018042,128057293,180274439,193988114,50247074,2026-09-21 00:00:00
300830,金现代,8.18,2.25,3.6132,3990874,3096315,12552727,21884186,-8436900,2026-09-21 00:00:00
300831,ST派瑞,14.39,-0.7586,1.7688,0,3462250,11154710,14664302,-6971842,2026-09-21 00:00:00
300832,新产业,49.05,0.2248,0.5293,5990880,4950301,21329393,22608445,-238473,2026-09-21 00:00:00
300833,浩洋股份,40.92,1.2871,0.8597,0,1007124,3263194,1483792,772278,2026-09-21 00:00:00
300834,星辉环材,40.31,0.9264,0.7423,1893952,4851052,13329705,15733388,-5360783,2026-09-21 00:00:00
300835,龙磁科技,192.66,3.0267,5.2408,211544805,98739335,210294880,243631558,79468792,2026-09-21 00:00:00
300836,佰奥智能,62.1,-0.7987,10.8925,17659374,30030421,103597968,109956085,-18729164,2026-09-21 00:00:00
300837,浙矿股份,22.8,1.3333,1.9795,0,0,1901339,2171942,-270603,2026-09-21 00:00:00
300838,浙江力诺,14.24,2.0057,1.7976,0,0,583912,1192891,-608979,2026-09-21 00:00:00
300839,博汇股份,13.26,2.6316,3.2204,3301390,3381178,19508867,23520005,-4090926,2026-09-21 00:00:00
300840,酷特智能,20.08,2.9744,9.1754,20587820,20009037,76402048,69368757,7612074,2026-09-21 00:00:00
300841,康华生物,54.33,5.3928,3.8289,21280206,13165291,61116500,65427266,3804149,2026-09-21 00:00:00
300842,帝科股份,64.65,0.1394,2.9006,13881357,23554674,45832894,26885010,9274567,2026-09-21 00:00:00
300843,胜蓝股份,143.17,-1.1325,3.0848,72180487,123692215,157528312,186341200,-80324616,2026-09-21 00:00:00
300844,山水比德,24.11,2.3779,1.4837,0,0,1000062,3636789,-2636727,2026-09-21 00:00:00
300845,捷安高科,13.93,2.3512,3.3431,1500876,1512948,13437181,16439655,-3014546,2026-09-21 00:00:00
300846,首都在线,20.61,2.1815,6.612,71079754,71674729,125463748,153114290,-28245517,2026-09-21 00:00:00
300847,中船汉光,14.07,2.1045,0.907,1294440,2356093,6258869,5721668,-524452,2026-09-21 00:00:00
300848,美瑞新材,11.25,1.5343,0.8553,0,0,2983109,2950601,32508,2026-09-21 00:00:00
300849,锦盛新材,22.01,1.3352,1.5725,1295442,4542062,9443973,8080375,-1883022,2026-09-21 00:00:00
300850,新强联,28.7,-0.5199,4.1535,20945837,20082101,98912542,96547353,3228925,2026-09-21 00:00:00
300851,交大思诺,23.88,2.226,1.6542,0,0,1262641,2207350,-944709,2026-09-21 00:00:00
300852,四会富仕,72.25,5.8143,8.6223,68247506,108990690,196505301,203442075,-47679958,2026-09-21 00:00:00
300853,申昊科技,31.27,6.4329,10.527,38228111,22840721,56229680,57801350,13815720,2026-09-21 00:00:00
300854,中兰环保,15.74,3.0105,3.2266,1070944,0,10519570,11189923,400591,2026-09-21 00:00:00
300855,图南股份,36.32,4.0092,2.3942,8946428,28176627,51345886,42665013,-10549326,2026-09-21 00:00:00
300856,科思股份,10.54,1.5414,0.5727,939750,1240784,2918775,6003456,-3385715,2026-09-21 00:00:00
300857,协创数据,273.1,1.9448,2.8246,903462576,776510352,1039748272,1047812800,118887696,2026-09-21 00:00:00
300858,科拓生物,14.85,3.4843,1.6395,1470862,633140,7335554,8055326,117950,2026-09-21 00:00:00
300859,西域旅游,24.86,0.0805,3.1546,2461197,4459508,28316887,30161348,-3842772,2026-09-21 00:00:00
300860,锋尚文化,32.07,12.8034,5.6601,21281128,7620071,34528620,31407328,16782349,2026-09-21 00:00:00
300861,美畅股份,16.2,0.3096,1.8338,6459932,4524340,27079183,28954872,59903,2026-09-21 00:00:00
300862,蓝盾光电,56.04,1.9465,18.0253,295443024,248276692,450550544,404906944,92809932,2026-09-21 00:00:00
300863,卡倍亿,43.56,-1.0899,3.1881,31814263,34074846,101227671,105967274,-7000186,2026-09-21 00:00:00
300864,南大环境,25.37,-0.8984,1.6476,0,0,11109015,9532929,1576086,2026-09-21 00:00:00
300865,大宏立,33.03,2.3234,9.903,13621291,13657576,30461695,25893505,4531905,2026-09-21 00:00:00
300866,安克创新,128.15,0.9135,0.9278,12596876,28787885,86230928,77711047,-7671128,2026-09-21 00:00:00
300867,圣元环保,18.16,2.0798,2.5733,1662489,0,15357336,18518475,-1498650,2026-09-21 00:00:00
300868,杰美特,90.68,-2.0734,4.2301,13009795,11809346,57079062,77616732,-19337221,2026-09-21 00:00:00
300869,康泰医学,11.05,3.271,1.7339,881953,2415400,7297147,12413396,-6649696,2026-09-21 00:00:00
300870,欧陆通,212.68,-0.2439,3.3302,139765009,125156840,227149066,224607792,17149443,2026-09-21 00:00:00
300871,回盛生物,21.65,1.2155,1.5253,2155662,1044979,7341253,11165450,-2713514,2026-09-21 00:00:00
300872,天阳科技,15.9,4.8813,3.2613,1430135,2556206,42922750,29389214,12407465,2026-09-21 00:00:00
300873,海晨股份,17.13,3.3172,11.2097,35766468,42944669,64306096,64994949,-7867054,2026-09-21 00:00:00
300875,捷强装备,33.53,3.4238,3.6779,2011713,1000077,16334057,17336370,9323,2026-09-21 00:00:00
300876,蒙泰高新,14.87,2.4105,1.7643,0,0,2314349,2034606,279743,2026-09-21 00:00:00
300877,金春股份,28.37,2.604,2.2363,0,751422,16846298,23406431,-7311555,2026-09-21 00:00:00
300878,维康药业,31.95,-1.1448,2.2774,3007686,2530253,27684655,33822215,-5660127,2026-09-21 00:00:00
300879,大叶股份,18.76,7.8781,8.7981,8847545,7259209,57331098,58621255,298179,2026-09-21 00:00:00
300880,迦南智能,19.85,-2.6484,1.8901,1135895,2334453,13853793,19031450,-6376215,2026-09-21 00:00:00
300881,盛德鑫泰,30.71,3.9607,2.06,0,1016600,6317698,4023673,1277425,2026-09-21 00:00:00
300882,万胜智能,13.56,0.8178,0.5763,0,0,2515148,2242484,272664,2026-09-21 00:00:00
300883,龙利得,6.45,1.735,1.5259,0,695871,3061744,4586342,-2220469,2026-09-21 00:00:00
300884,狄耐克,12.21,0.8258,1.7049,0,0,2182500,3115687,-933187,2026-09-21 00:00:00
300885,海昌新材,19.12,0.6316,1.5011,0,0,4943749,3902496,1041253,2026-09-21 00:00:00
300886,华业香料,23.84,4.287,5.6075,0,2257995,11568589,7754690,1555904,2026-09-21 00:00:00
300887,谱尼测试,7.04,3.3774,2.9171,906485,0,10859300,11163276,602509,2026-09-21 00:00:00
300888,稳健医疗,29.61,2.9913,0.5851,6888208,3129974,16021721,15804617,3975338,2026-09-21 00:00:00
300889,爱克股份,23.25,-2.801,6.5745,30974737,51506884,78980274,56591998,1856129,2026-09-21 00:00:00
300890,翔丰华,26.58,-0.0376,2.521,3454448,2206271,9160399,13176318,-2767742,2026-09-21 00:00:00
300891,惠云钛业,7.92,3.3943,2.8778,1428592,7148893,18682603,7326065,5636237,2026-09-21 00:00:00
300892,品渥食品,22.63,2.8636,2.8221,0,0,1698068,3784195,-2086127,2026-09-21 00:00:00
300893,松原安全,13.94,1.7518,3.0644,1023839,0,12808151,10516940,3315050,2026-09-21 00:00:00
300894,火星人,10.47,0.3835,1.5007,0,0,6497263,8281206,-1783943,2026-09-21 00:00:00
300895,铜牛信息,57.5,1.842,8.5595,27378404,34363189,86280177,96658802,-17363410,2026-09-21 00:00:00
300896,爱美客,93.84,4.8843,2.1372,27317020,22299628,102267161,76774402,30510151,2026-09-21 00:00:00
300897,山科智能,16.35,3.2849,1.8913,118989,1801353,5911323,6315891,-2086932,2026-09-21 00:00:00
300898,熊猫乳品,20,2.6694,1.8572,0,0,5572808,7086373,-1513565,2026-09-21 00:00:00
300899,上海凯鑫,29.65,0.9877,2.1282,0,0,5054118,3360822,1693296,2026-09-21 00:00:00
300900,广联航空,23.66,0.3818,3.9914,11951076,19433264,50668941,44413643,-1226890,2026-09-21 00:00:00
300901,中胤时尚,19.02,6.734,3.4473,4182017,9061567,32354105,32127671,-4653116,2026-09-21 00:00:00
300902,国安达,17.95,3.4582,4.3622,12305142,13346125,17702732,10177526,6484223,2026-09-21 00:00:00
300903,科翔股份,109.52,-1.5019,5.3475,415780320,507359632,370935472,575848352,-296492192,2026-09-21 00:00:00
300904,威力传动,44.27,1.0731,7.1657,0,44320,18024639,19398811,-1418492,2026-09-21 00:00:00
300905,宝丽迪,38.76,0.7277,6.7697,15610332,18381222,72605521,70908914,-1074283,2026-09-21 00:00:00
300906,日月明,28.92,1.0835,1.2215,0,0,4361231,4475475,-114244,2026-09-21 00:00:00
300907,康平科技,57.28,7.0054,6.0685,46316678,28322735,78299003,80944022,15348924,2026-09-21 00:00:00
300908,仲景食品,17.12,1.9048,1.0504,1015070,0,1608638,3881328,-1257620,2026-09-21 00:00:00
300909,汇创达,65.26,9.7176,8.7139,96893317,135066215,187462092,256706555,-107417361,2026-09-21 00:00:00
300910,瑞丰新材,28.45,2.4856,1.9952,4707835,5386771,31985822,26236702,5070184,2026-09-21 00:00:00
300911,亿田智能,32.73,2.4413,7.9726,20230036,23743712,120609030,94900040,22195314,2026-09-21 00:00:00
300912,凯龙高科,20.1,2.7607,3.946,0,0,13707680,13574184,133496,2026-09-21 00:00:00
300913,兆龙互连,43.39,0.9539,6.6633,66673806,53826425,225754433,240713181,-2111367,2026-09-21 00:00:00
300915,海融科技,22.28,6.3992,5.5019,0,11060,14133522,14370155,-247693,2026-09-21 00:00:00
300916,朗特智能,26.86,4.9219,4.1583,7627538,1351384,26268468,26061403,6483219,2026-09-21 00:00:00
300917,特发服务,31.42,6.2204,12.1793,44215317,39391827,132969660,145924502,-8131352,2026-09-21 00:00:00
300918,南山智尚,11.1,2.7778,1.6792,8763517,7385171,16720501,16918035,1180812,2026-09-21 00:00:00
300919,中伟新材,38.15,0.3155,0.915,12479476,13520225,67469923,61850286,4578888,2026-09-21 00:00:00
300920,润阳科技,34.17,-2.1197,2.3925,7116840,9808897,19318748,19596606,-2969915,2026-09-21 00:00:00
300921,南凌科技,16.24,1.1838,5.3364,3132273,0,18797679,19586289,2343663,2026-09-21 00:00:00
300922,天秦装备,18.3,1.6102,6.4556,3897888,3294038,24377391,22070091,2911150,2026-09-21 00:00:00
300923,研奥股份,23.79,2.809,1.5582,0,0,2608435,1562841,1045594,2026-09-21 00:00:00
300925,法本信息,14.19,1.5021,1.353,3173270,2706487,12930848,11960415,1437216,2026-09-21 00:00:00
300926,博俊科技,16.53,0.7313,0.8237,0,0,3192885,3057088,135797,2026-09-21 00:00:00
300927,江天化学,28.07,4.1945,6.9654,9539410,9386538,51332339,58964401,-7479190,2026-09-21 00:00:00
300928,华安鑫创,23.62,3.7786,5.3723,1039626,2441659,12458135,13368467,-2312365,2026-09-21 00:00:00
300929,华骐环保,16,0.8827,2.0695,0,30419,4426839,4349291,47129,2026-09-21 00:00:00
300930,屹通新材,25.49,3.282,2.9405,1063853,502154,4014902,4925851,-349250,2026-09-21 00:00:00
300931,通用电梯,16.3,-3.2641,5.3605,10108731,3597061,44693715,52284399,-1079014,2026-09-21 00:00:00
300932,三友联众,11.11,2.3963,2.984,5573102,12900458,15563513,10174767,-1938610,2026-09-21 00:00:00
300933,中辰股份,6.84,3.3233,2.1204,1017670,0,18163045,16370987,2809728,2026-09-21 00:00:00
300935,盈建科,27.64,2.3325,3.1488,0,1382532,9190609,6990628,817449,2026-09-21 00:00:00
300936,中英科技,82.78,2.7812,7.1765,10636523,12849291,54946132,48688993,4044371,2026-09-21 00:00:00
300937,药易购,25.16,2.3596,7.7459,1033665,7877930,24517643,33161294,-15487916,2026-09-21 00:00:00
300938,信测标准,32.09,-1.2615,5.668,57504654,64854278,124341133,123820010,-6828501,2026-09-21 00:00:00
300939,秋田微,98.55,3.237,5.92,123974352,109027423,163512506,138563995,39895440,2026-09-21 00:00:00
300940,南极光,13.84,2.8996,2.5044,0,0,6644741,6283795,360946,2026-09-21 00:00:00
300941,创识科技,15.35,4.8497,3.4426,0,0,8382443,6810558,1571885,2026-09-21 00:00:00
300942,易瑞生物,6.69,4.2056,2.211,0,0,4992592,10377598,-5385006,2026-09-21 00:00:00
300943,春晖智控,35.49,4.4131,7.6399,32749236,15241081,86319252,83845534,19981873,2026-09-21 00:00:00
300945,曼卡龙,12.02,1.1785,2.5186,1202377,0,13451504,11696245,2957636,2026-09-21 00:00:00
300946,恒而达,36.79,1.0159,2.0269,18520,1405770,7315313,13775432,-7847369,2026-09-21 00:00:00
300947,德必集团,15.61,8.2524,4.4953,2487857,0,14942409,9604872,7825394,2026-09-21 00:00:00
300948,冠中生态,19.34,2.058,1.5956,1829284,1068650,5881579,6717623,-75410,2026-09-21 00:00:00
300949,奥雅股份,23.28,2.2847,1.5497,0,0,1725538,0,1725538,2026-09-21 00:00:00
300950,德固特,21.26,3.5054,7.4584,3371948,2536940,41305578,22519110,19621476,2026-09-21 00:00:00
300951,博硕科技,91.85,-1.3956,2.8689,35435521,65015376,111055427,126056407,-44580835,2026-09-21 00:00:00
300952,恒辉安防,16.83,5.3191,4.8816,4865538,5209028,17788825,19091060,-1645725,2026-09-21 00:00:00
300953,震裕科技,97.89,-0.5183,3.9151,48908709,66732426,113339071,132170160,-36654806,2026-09-21 00:00:00
300955,嘉亨家化,29.93,3.8875,1.2534,0,87861,6423229,5051459,1283909,2026-09-21 00:00:00
300956,英力股份,11.46,2.3214,1.5412,0,0,3025435,5581675,-2556240,2026-09-21 00:00:00
300957,贝泰妮,32.56,3.0706,2.0891,14966799,18148568,84144238,72488068,8474401,2026-09-21 00:00:00
300958,建工修复,12.14,2.2746,2.2176,0,0,1366294,933052,433242,2026-09-21 00:00:00
300959,线上线下,98.21,6.7268,6.4555,18784393,8385955,96993916,80973370,26418984,2026-09-21 00:00:00
300960,通业科技,17.87,10.2406,3.9641,0,0,10689614,8982167,1707447,2026-09-21 00:00:00
300961,深水海纳,12.14,2.0168,4.6195,2350972,4823284,12121901,17949869,-8300280,2026-09-21 00:00:00
300962,中金辐照,13.05,1.7941,0.7299,0,0,3568913,4932815,-1363902,2026-09-21 00:00:00
300963,中洲特材,11.25,1.1691,1.0401,0,12386,7155470,7311243,-168159,2026-09-21 00:00:00
300964,本川智能,75.16,3.1709,8.7265,40901147,46385392,149376850,148822425,-4929820,2026-09-21 00:00:00
300965,恒宇信通,42.61,2.8979,1.0794,0,0,1383178,1076078,307100,2026-09-21 00:00:00
300966,共同药业,25.88,7.7884,5.9734,5067462,6431097,20882873,25570627,-6051389,2026-09-21 00:00:00
300967,晓鸣股份,16.79,0.7199,3.3723,0,3239758,10483855,12136809,-4892712,2026-09-21 00:00:00
300968,格林精密,10.01,2.9835,1.5176,1683626,0,11383651,10279667,2787610,2026-09-21 00:00:00
300969,恒帅股份,81.63,0.7156,2.8371,5898303,2734118,31114027,33330873,947339,2026-09-21 00:00:00
300970,华绿生物,19.17,9.731,16.3336,39718121,16598698,62800226,68973452,16946197,2026-09-21 00:00:00
300971,博亚精工,17.49,1.8637,2.1939,0,0,2330629,2065611,265018,2026-09-21 00:00:00
300972,万辰集团,163.62,-3.4918,1.9963,47340608,23650560,115000007,134635388,4054667,2026-09-21 00:00:00
300973,立高食品,25.49,1.7159,2.0154,256500,0,9376177,5386709,4245968,2026-09-21 00:00:00
300975,商络电子,27.04,0.1111,9.2401,101948910,123371432,279731056,295695456,-37386922,2026-09-21 00:00:00
300976,达瑞电子,64.55,2.3142,4.1837,29708288,16136580,93326186,85886236,21011658,2026-09-21 00:00:00
300977,深圳瑞捷,18.45,2.7855,2.9759,1052467,0,2526501,7029163,-3450195,2026-09-21 00:00:00
300978,东箭科技,8.7,0.8111,1.789,0,867516,6365484,9935345,-4437377,2026-09-21 00:00:00
300979,华利集团,33.37,3.0893,0.2687,4577250,0,17027456,17125756,4478950,2026-09-21 00:00:00
300980,祥源新材,24.08,2.8181,4.1185,4623532,0,14010587,20582857,-1948738,2026-09-21 00:00:00
300981,中红医疗,18.79,3.5262,7.4677,26851766,20668082,86759646,87184310,5759020,2026-09-21 00:00:00
300982,苏文电能,14.35,1.2703,1.1157,0,34368,3220512,8159001,-4972857,2026-09-21 00:00:00
300983,尤安设计,39.56,2.3545,0.9292,0,1160427,10451842,10823039,-1531624,2026-09-21 00:00:00
300984,金沃股份,31.96,4.2741,2.9049,5659254,6934204,24993628,21742887,1975791,2026-09-21 00:00:00
300985,致远新能,39.54,3.103,1.5831,2978449,1528720,29334007,20935982,9847754,2026-09-21 00:00:00
300986,志特新材,11.76,4.5333,5.4559,28573180,11664384,85710667,87642910,14976553,2026-09-21 00:00:00
300987,川网传媒,14.9,-2.2951,8.3257,5673446,7076878,40472630,41200199,-2131001,2026-09-21 00:00:00
300988,津荣天宇,16.19,3.121,2.6474,6960804,2566100,14005546,12097731,6302519,2026-09-21 00:00:00
300989,蕾奥规划,15.85,0.6349,4.4274,5009050,4010017,22435652,20097346,3337339,2026-09-21 00:00:00
300990,同飞股份,107.34,6.1091,13.803,87115276,119771780,268940352,248128253,-11844405,2026-09-21 00:00:00
300991,创益通,31.4,-0.0318,5.4794,1057325,3968902,25680372,29189759,-6420964,2026-09-21 00:00:00
300992,泰福泵业,29.24,-5.2188,13.2059,38704818,43934480,55659723,56749591,-6319530,2026-09-21 00:00:00
300993,玉马科技,9.89,3.0208,1.3273,1173063,0,4891239,3486511,2577791,2026-09-21 00:00:00
300994,久祺股份,11.14,2.2018,1.547,0,0,2153357,3271893,-1118536,2026-09-21 00:00:00
300995,奇德新材,25.93,1.6863,2.0898,0,0,2179737,3722774,-1543037,2026-09-21 00:00:00
300996,普联软件,12.88,2.2222,5.8839,16491050,23930152,53242911,61526338,-15722529,2026-09-21 00:00:00
300997,欢乐家,16.17,4.9319,3.0185,8492099,2904175,29154109,42684259,-7942226,2026-09-21 00:00:00
300998,宁波方正,32.88,4.8469,5.1264,15604076,21978164,47197768,50645254,-9821574,2026-09-21 00:00:00
300999,金龙鱼,25.15,0.6,2.2133,23534328,25115556,87098557,52451669,33065660,2026-09-21 00:00:00
301000,肇民科技,24.95,1.5466,2.0361,4442762,2316243,17244247,17441084,1929682,2026-09-21 00:00:00
301001,凯淳股份,25.13,1.0861,2.1429,0,0,852615,1699604,-846989,2026-09-21 00:00:00
301002,崧盛股份,27.92,2.1588,3.9994,0,1404000,11778519,12413044,-2038525,2026-09-21 00:00:00
301003,江苏博云,59.18,8.8868,5.0427,23445131,23488789,58970500,67631666,-8704824,2026-09-21 00:00:00
301004,嘉益股份,34.17,2.9217,0.6532,0,0,6447044,4063459,2383585,2026-09-21 00:00:00
301005,超捷股份,63.16,-0.6606,2.5082,10250949,12018122,40198207,45072669,-6641635,2026-09-21 00:00:00
301006,迈拓股份,13.55,3.911,1.8649,1341654,0,2034798,1093626,2282826,2026-09-21 00:00:00
301007,德迈仕,32.44,-0.246,1.2394,1288662,4548639,15885691,14953913,-2328199,2026-09-21 00:00:00
301008,宏昌科技,52.09,15.2179,19.9881,322836256,262368134,284371408,332869408,11970122,2026-09-21 00:00:00
301009,可靠股份,9.18,4.9143,2.3588,0,0,3175349,1450971,1724378,2026-09-21 00:00:00
301010,晶雪节能,19.1,3.9173,5.0212,2297379,2451422,17129108,11206784,5768281,2026-09-21 00:00:00
301011,华立科技,15.96,2.3077,6.246,4189754,3462141,13083248,17782198,-3971337,2026-09-21 00:00:00
301012,扬电科技,23.12,1.985,3.4628,3225789,2776925,42382889,34033423,8798330,2026-09-21 00:00:00
301013,利和兴,39.72,-0.7,9.858,46441339,64402914,162389205,179032716,-34605086,2026-09-21 00:00:00
301015,百洋医药,26.16,2.3875,2.4935,27153141,43528603,78525339,67771472,-5621595,2026-09-21 00:00:00
301016,雷尔伟,15.87,7.1573,2.0102,2841774,5550485,15718899,9559037,3451151,2026-09-21 00:00:00
301017,漱玉平民,13.12,5.5511,3.2433,2182839,0,15992415,21013823,-2838569,2026-09-21 00:00:00
301018,申菱环境,104.09,-0.8855,5.3517,293652720,269264960,413665168,432787168,5265760,2026-09-21 00:00:00
301019,宁波色母,15.76,1.3505,1.2727,0,0,2442577,2925269,-482692,2026-09-21 00:00:00
301020,密封科技,22.01,3.8208,2.026,0,0,10056059,11011145,-955086,2026-09-21 00:00:00
301021,英诺激光,92.46,-0.5806,6.8159,108684988,125870468,214728067,213954151,-16411564,2026-09-21 00:00:00
301022,海泰科,22.61,1.8927,1.82,1131571,0,2878849,3050262,960158,2026-09-21 00:00:00
301023,奕帆传动,28.39,-0.5604,1.7772,1156610,5839227,2404453,4439155,-6717319,2026-09-21 00:00:00
301024,霍普股份,32.64,1.4295,1.2297,0,0,778646,709203,69443,2026-09-21 00:00:00
301025,读客文化,10.27,-0.0973,5.1,0,3270341,25716702,30403049,-7956688,2026-09-21 00:00:00
301026,浩通科技,19.8,1.4864,1.7224,389874,505339,10365820,12862932,-2612577,2026-09-21 00:00:00
301027,华蓝集团,21.19,6.4824,6.9688,9118492,7773918,52258190,67061524,-13458760,2026-09-21 00:00:00
301028,鼎熔岩,13.74,2.1561,1.6731,1235901,0,7987151,6563399,2659653,2026-09-21 00:00:00
301029,怡合达,24.79,0.6905,1.0788,4954084,6166068,17855561,21738160,-5094583,2026-09-21 00:00:00
301030,*ST仕净,5.88,-9.2593,10.3874,2059013,11931950,21445519,44246269,-32673687,2026-09-21 00:00:00
301031,中熔电气,96.45,-0.1139,1.5186,6338543,11225605,40888538,39530004,-3528528,2026-09-21 00:00:00
301032,新柴股份,10.13,1.809,2.0183,0,2870470,5202334,4844249,-2512385,2026-09-21 00:00:00
301033,迈普医学,55.05,2.7436,3.1614,17101984,11506947,18261119,17472185,6383971,2026-09-21 00:00:00
301035,润丰股份,53.8,2.2231,0.4282,1006400,0,10549179,10304831,1250748,2026-09-21 00:00:00
301036,双乐股份,21.98,3.1441,1.7154,754130,0,2603225,1444114,1913241,2026-09-21 00:00:00
301037,保立佳,12.51,3.7313,3.3244,0,0,1343586,714760,628826,2026-09-21 00:00:00
301038,深水规院,17.05,1.0071,1.1164,2618190,5944936,3646943,4056140,-3735943,2026-09-21 00:00:00
301039,中集车辆,7.39,0.5442,0.7875,5079174,9504650,19611809,15462863,-276530,2026-09-21 00:00:00
301040,中环海陆,26.61,-1.1148,2.561,2565559,6221250,16006147,15666902,-3316446,2026-09-21 00:00:00
301041,金百泽,36.2,0.6394,11.959,4908791,4749952,54349614,53972625,535828,2026-09-21 00:00:00
301042,安联锐视,31.62,2.1648,2.9864,3952963,0,5419387,7697283,1675067,2026-09-21 00:00:00
301043,绿岛风,50.1,0.8657,1.8702,0,3131087,12044626,7436885,1476654,2026-09-21 00:00:00
301045,天禄科技,73.36,0.9217,5.9628,43944683,44952210,110320138,94685114,14627497,2026-09-21 00:00:00
301046,能辉科技,34.39,6.4376,5.4138,10377652,9480674,70352616,64064792,7184802,2026-09-21 00:00:00
301047,义翘神州,117.34,3.7764,9.5902,169287592,123394550,398912336,297344576,147460802,2026-09-21 00:00:00
301048,金鹰重工,9.09,1.3378,0.5379,0,0,5820780,3474452,2346328,2026-09-21 00:00:00
301049,超越科技,20.1,1.5664,3.3923,0,0,2531861,3297101,-765240,2026-09-21 00:00:00
301050,雷电微力,27.95,1.0484,1.1439,0,0,11681624,8297210,3384414,2026-09-21 00:00:00
301051,信濠光电,18.94,5.8101,4.22,9253675,10699325,33998619,22576272,9976697,2026-09-21 00:00:00
301052,果麦文化,24.7,4.2194,6.3352,3147868,3721244,19071084,18663761,-166053,2026-09-21 00:00:00
301053,远信工业,36.24,-0.2752,1.3819,1089000,1937937,18551032,14457333,3244762,2026-09-21 00:00:00
301055,张小泉,32.28,5.4213,2.719,2714883,10844643,34518594,20553429,5835405,2026-09-21 00:00:00
301056,森赫股份,14.21,2.971,3.5068,0,1639173,11867672,20940328,-10711829,2026-09-21 00:00:00
301057,汇隆新材,23.49,11.6976,6.1033,6955572,6842395,20779974,22425150,-1531999,2026-09-21 00:00:00
301058,中粮科工,8.79,1.6185,1.3775,0,0,12000617,13282209,-1281592,2026-09-21 00:00:00
301059,金三江,12.62,2.7687,1.3295,1005429,1329624,3649440,4977046,-1651801,2026-09-21 00:00:00
301060,兰卫医学,11.81,7.4613,7.6514,7566768,6188614,58958867,58425757,1911264,2026-09-21 00:00:00
301061,匠心家居,43.74,3.1117,3.4629,12749944,21444114,50738248,36679646,5364432,2026-09-21 00:00:00
301062,上海艾录,7.1,0.8523,2.5591,0,0,5164914,9702626,-4537712,2026-09-21 00:00:00
301063,海锅股份,17.51,2.5776,1.7412,0,0,2636956,1253476,1383480,2026-09-21 00:00:00
301065,本立科技,19.75,3.349,1.7724,0,0,3478350,3512971,-34621,2026-09-21 00:00:00
301066,万事利,12.7,5.2196,2.9719,768228,1019200,10451336,12189190,-1988826,2026-09-21 00:00:00
301067,显盈科技,33.3,2.3041,4.8771,10127854,2272274,18370591,20626959,5599212,2026-09-21 00:00:00
301068,大地海洋,26.24,1.5087,1.0526,0,0,733690,2930316,-2196626,2026-09-21 00:00:00
301069,凯盛新材,16.25,0.5569,0.7046,0,0,5499008,8369924,-2870916,2026-09-21 00:00:00
301070,开勒股份,68.5,2.3457,2.9365,16672686,26919640,50561497,46385313,-6070770,2026-09-21 00:00:00
301071,力量钻石,70.07,-1.4487,11.6858,128163848,170175906,481331072,467957760,-28638746,2026-09-21 00:00:00
301072,中捷精工,51,0.1768,11.8411,51754000,33947693,114619780,118667149,13758938,2026-09-21 00:00:00
301073,君亭酒店,18.41,3.7183,4.2663,4668385,8667656,25970746,21724351,247124,2026-09-21 00:00:00
301075,多瑞医药,68.53,5.3174,3.6205,1440509,3331910,31351223,36639351,-7179529,2026-09-21 00:00:00
301076,新瀚新材,21.49,2.6266,2.6226,4861159,6742396,13334974,11006556,447181,2026-09-21 00:00:00
301077,星华新材,22.28,0.8145,2.3029,1449689,0,8560913,10989089,-978487,2026-09-21 00:00:00
301078,孩子王,7.01,0.8633,1.1758,2251125,2086966,17280734,19145025,-1700132,2026-09-21 00:00:00
301079,邵阳液压,27.54,0.1819,2.5457,0,0,4528489,3784856,743633,2026-09-21 00:00:00
301080,百普赛斯,116.2,6.1381,16.8338,386030176,323893840,775951600,550040912,288047024,2026-09-21 00:00:00
301081,严牌股份,17.73,1.0256,4.7867,6475068,15366070,49413135,50688506,-10166373,2026-09-21 00:00:00
301082,久盛电气,10.12,2.3256,2.2203,0,0,8005241,6570654,1434587,2026-09-21 00:00:00
301083,百胜智能,14.19,5.1111,2.7909,0,0,4124064,1032286,3091778,2026-09-21 00:00:00
301085,亚康股份,76.74,0.1828,5.9629,5656052,17147535,60126426,64411440,-15776497,2026-09-21 00:00:00
301086,鸿富瀚,176,6.1584,8.4656,161834749,139597953,374449344,298201648,98484492,2026-09-21 00:00:00
301087,可孚医疗,55.14,4.4318,1.7177,34202487,14591612,37712883,34803347,22520411,2026-09-21 00:00:00
301088,戎美股份,13.49,4.4926,1.2778,24246,0,3233801,2009743,1248304,2026-09-21 00:00:00
301089,拓新药业,23.84,6.5713,4.4325,424575,0,16903937,15352467,1976045,2026-09-21 00:00:00
301090,华润材料,7.24,5.0798,0.7782,7032583,0,17917652,13699984,11250251,2026-09-21 00:00:00
301091,深城交,19.95,3.3679,1.2555,4378637,0,22280518,14418789,12240366,2026-09-21 00:00:00
301092,争光股份,45.38,2.2533,3.9112,3435037,6522724,19229133,16922862,-781416,2026-09-21 00:00:00
301093,华兰股份,72.85,13.4205,5.1405,147242684,89672382,203272239,165903378,94939163,2026-09-21 00:00:00
301095,广立微,77.59,-1.473,2.8112,24700489,32781296,59870761,56615633,-4825679,2026-09-21 00:00:00
301096,百诚医药,52.95,0.5125,4.4541,7249704,15338486,39226125,36675759,-5538416,2026-09-21 00:00:00
301097,天益医疗,34.84,3.5056,1.672,0,0,2487807,3531091,-1043284,2026-09-21 00:00:00
301098,金埔园林,8.87,2.781,3.2434,1771849,0,12083258,11176582,2678525,2026-09-21 00:00:00
301099,雅创电子,53.8,1.0139,8.4945,24523812,17571278,120078286,104677943,22352877,2026-09-21 00:00:00
301100,风光股份,15.31,1.3236,0.8987,0,0,434098,763898,-329800,2026-09-21 00:00:00
301101,明月镜片,30.43,2.1484,1.139,1004445,0,5999056,7303764,-300263,2026-09-21 00:00:00
301102,兆讯传媒,9.35,1.6304,0.4893,0,0,1890696,3760864,-1870168,2026-09-21 00:00:00
301103,何氏眼科,16.43,3.9216,1.6107,0,0,1115048,1467822,-352774,2026-09-21 00:00:00
301105,鸿铭股份,49.55,1.6619,2.6655,1277106,1345888,3451645,3406888,-24025,2026-09-21 00:00:00
301106,骏成科技,19.79,4.0484,3.0676,1363232,2706780,10837806,11038078,-1543820,2026-09-21 00:00:00
301107,瑜欣电子,24.26,2.4926,4.4684,1084901,0,12390560,18398635,-4923174,2026-09-21 00:00:00
301108,洁雅股份,48.29,4.3882,5.7466,4290816,1851962,47640711,67242347,-17162782,2026-09-21 00:00:00
301109,军信股份,12.91,-0.3858,0.4357,0,2126113,5854741,2892045,836583,2026-09-21 00:00:00
301110,青木科技,36.08,1.2346,2.6249,6724911,1411959,23110427,15213281,13210098,2026-09-21 00:00:00
301111,粤万年青,22.85,2.6966,2.5165,5961276,7241120,10991618,13674211,-3962437,2026-09-21 00:00:00
301112,信邦智能,30.37,1.742,0.6196,0,0,1842817,3318981,-1476164,2026-09-21 00:00:00
301113,雅艺科技,17.58,1.913,2.2568,68337,0,4330384,2454809,1943912,2026-09-21 00:00:00
301115,联检科技,35.35,7.0563,6.4396,30955758,30262553,113444879,108595964,5542120,2026-09-21 00:00:00
301116,益客食品,9.21,2.7902,0.9637,1502807,0,2944121,5542680,-1095752,2026-09-21 00:00:00
301117,ST佳缘,13.72,1.705,4.0923,5335149,4519546,15279474,22015096,-5920019,2026-09-21 00:00:00
301118,恒光股份,23.78,3.4363,2.3635,1188330,1183500,10068089,6584692,3488227,2026-09-21 00:00:00
301119,正强股份,26.42,3.1628,2.3289,2245154,3224723,14225822,11551855,1694398,2026-09-21 00:00:00
301120,新特电气,15.17,1.8805,2.5402,1715636,0,10750206,8940621,3525221,2026-09-21 00:00:00
301121,紫建电子,35.52,0.8518,1.5547,1066828,96041,6126664,6466283,631168,2026-09-21 00:00:00
301122,采纳股份,53.28,7.2248,7.7362,15795518,19431153,73320533,57643122,12041776,2026-09-21 00:00:00
301123,奕东电子,80.58,0.2114,4.1194,43950721,21608108,136880546,139759960,19463199,2026-09-21 00:00:00
301125,腾亚精工,14.15,6.2312,2.3095,0,0,8049221,3554216,4495005,2026-09-21 00:00:00
301126,达嘉维康,10.5,2.5391,2.2626,0,0,1920984,787617,1133367,2026-09-21 00:00:00
301127,武汉天源,17.38,1.4002,3.0009,35495114,19726223,95192894,108558042,2403743,2026-09-21 00:00:00
301128,强瑞技术,121.95,-1.6136,4.3559,44520326,99484513,169073222,162485254,-48376219,2026-09-21 00:00:00
301129,瑞纳智能,24.21,3.3291,4.5599,0,2122578,11680279,15991360,-6433659,2026-09-21 00:00:00
301130,西点药业,28.36,4.9593,12.4987,9763194,7221298,47031950,46985703,2588143,2026-09-21 00:00:00
301131,聚赛龙,32.78,2.5016,1.622,0,0,1413687,1129142,284545,2026-09-21 00:00:00
301132,满坤科技,63.26,4.9262,18.2566,47419500,36585283,239188398,178927152,71095463,2026-09-21 00:00:00
301133,金钟股份,27.88,3.4892,2.9532,2093250,5341158,18913834,16869907,-1203981,2026-09-21 00:00:00
301135,瑞德智能,17.46,1.5707,1.3789,1046878,1525133,1956984,3855211,-2376482,2026-09-21 00:00:00
301136,招标股份,12.28,0.6557,2.5845,4521680,2446927,8517896,10386685,205964,2026-09-21 00:00:00
301137,哈焊华通,32,0.3135,1.232,1250097,2579671,10250822,10027096,-1105848,2026-09-21 00:00:00
301138,华研精机,30.27,8.8849,3.7376,1315731,0,16579420,14312647,3582504,2026-09-21 00:00:00
301139,*ST元道,3.31,,,0,0,0,0,0,2026-09-21 00:00:00
301141,中科磁业,37.86,2.1036,3.4229,6291381,2515819,4974343,9220070,-470165,2026-09-21 00:00:00
301148,嘉戎技术,58.3,-2.3287,2.8914,4836799,5163430,29252449,38864271,-9938453,2026-09-21 00:00:00
301149,隆华新材,9.11,4.7126,4.6144,4651498,3323356,35921115,27231853,10017404,2026-09-21 00:00:00
301150,中一科技,41.25,-0.3623,6.4138,30829751,39043888,161530818,196438116,-43121435,2026-09-21 00:00:00
301151,冠龙节能,22.7,2.3445,2.6697,0,0,16982442,10849585,6132857,2026-09-21 00:00:00
301152,天力锂能,21.58,2.1297,5.7296,2337362,1335756,7794882,14504567,-5708079,2026-09-21 00:00:00
301153,中科江南,17.29,1.5267,0.9814,1849477,3792445,6014791,6667146,-2595323,2026-09-21 00:00:00
301155,海力风电,43.09,2.3759,5.9739,18174910,13617891,91367165,87871596,8052588,2026-09-21 00:00:00
301156,美农生物,11.78,3.2428,3.0056,0,0,5966270,4685705,1280565,2026-09-21 00:00:00
301157,华塑科技,68.41,5.4896,2.5062,1087507,0,15108725,11473166,4723066,2026-09-21 00:00:00
301158,德石股份,14.53,2.7581,2.2462,1661932,0,8815112,11621344,-1144300,2026-09-21 00:00:00
301159,三维天地,32.28,4.4322,3.7552,0,2414125,6727016,5284192,-971301,2026-09-21 00:00:00
301160,翔楼新材,42.65,1.596,3.1292,3301232,4406382,44138036,41131895,1900991,2026-09-21 00:00:00
301161,唯万密封,31.34,0.9665,4.7128,0,2591531,19142977,18978710,-2427264,2026-09-21 00:00:00
301162,国能日新,37.18,3.1059,1.7032,1381277,0,11708063,12180536,908804,2026-09-21 00:00:00
301163,宏德股份,22.2,2.3513,1.964,0,0,1905938,1774832,131106,2026-09-21 00:00:00
301165,锐捷网络,116.46,-0.9273,0.8988,89240613,87992352,254080816,309994704,-54665627,2026-09-21 00:00:00
301166,优宁维,31,5.802,6.0088,1453288,1290366,15398756,16629239,-1067561,2026-09-21 00:00:00
301167,建研设计,13.08,2.5882,2.3806,0,0,5398137,4826569,571568,2026-09-21 00:00:00
301168,通灵股份,40.65,0.5442,0.5095,0,0,3640389,3498939,141450,2026-09-21 00:00:00
301169,零点有数,53.86,-2.7447,2.4254,2137847,2857026,13375154,13775211,-1119236,2026-09-21 00:00:00
301170,锡南科技,22.61,0.9375,2.1787,0,0,2896012,2764346,131666,2026-09-21 00:00:00
301171,易点天下,34.77,0.7826,9.7396,200011095,161930565,468062160,466481984,39660706,2026-09-21 00:00:00
301172,君逸数码,18.71,0.6455,2.504,2059110,2434228,7595826,12231854,-5011146,2026-09-21 00:00:00
301173,毓恬冠佳,32.81,1.9577,1.2739,0,0,1697330,1975894,-278564,2026-09-21 00:00:00
301175,中科环保,5.64,-0.177,1.6289,0,1130000,12887423,10321866,1435557,2026-09-21 00:00:00
301176,逸豪新材,58.14,2,6.9567,38535183,22421424,154306425,109861425,60558759,2026-09-21 00:00:00
301177,迪阿股份,23.35,1.8761,0.3276,0,0,1693980,5146773,-3452793,2026-09-21 00:00:00
301178,天亿马,38.09,3.365,5.5314,13105895,7498024,27862080,28151455,5318496,2026-09-21 00:00:00
301179,泽宇智能,20.82,2.2091,2.5164,5078659,3818513,35711064,34494016,2477194,2026-09-21 00:00:00
301180,万祥科技,11.64,1.3937,1.9562,0,0,2091145,6168443,-4077298,2026-09-21 00:00:00
301181,标榜股份,25.95,10.8974,4.8001,5910900,3944578,28451851,32483233,-2065060,2026-09-21 00:00:00
301182,凯旺科技,73.81,3.5494,6.5753,26197185,49314464,117775764,129757951,-35099466,2026-09-21 00:00:00
301183,东田微,303.53,0.132,7.5992,139384312,187554660,310466736,341179920,-78883532,2026-09-21 00:00:00
301185,鸥玛软件,17.06,2.524,1.004,0,0,3288450,3510071,-221621,2026-09-21 00:00:00
301186,超达装备,38.59,8.0045,3.3544,8404291,5362033,30800434,31991396,1851296,2026-09-21 00:00:00
301187,欧圣电气,15.32,3.165,2.4389,2619477,0,6606368,10366458,-1140613,2026-09-21 00:00:00
301188,力诺药包,35.9,4.7869,7.8794,57222497,58412442,213281459,175775300,36316214,2026-09-21 00:00:00
301189,奥尼电子,71.6,5.5269,4.8255,65682006,62527909,180337971,148638265,34853803,2026-09-21 00:00:00
301190,善水科技,20.08,7.841,5.1531,1333576,2517054,30935556,27344253,2407825,2026-09-21 00:00:00
301191,菲菱科思,87.06,-1.2701,3.5884,2078671,6249328,30177153,43277558,-17271062,2026-09-21 00:00:00
301192,泰祥股份,19.19,2.3467,2.3473,0,0,1380929,1056901,324028,2026-09-21 00:00:00
301193,家联科技,22.87,9.7409,6.1968,18419318,26426665,60157013,53826733,-1677067,2026-09-21 00:00:00
301195,北路智控,26.83,1.6673,1.3476,1192494,1133778,4720171,4129221,649666,2026-09-21 00:00:00
301196,唯科科技,93.1,0.998,5.3521,38386100,36991735,104189171,83022030,22561506,2026-09-21 00:00:00
301197,工大科雅,26.3,4.076,3.1917,941221,2546645,21062633,12851591,6605618,2026-09-21 00:00:00
301198,喜悦智行,13.29,8.9344,3.1593,0,0,5950498,4616798,1333700,2026-09-21 00:00:00
301199,迈赫股份,18.25,0.4956,0.5642,0,1225056,1965067,2048920,-1308909,2026-09-21 00:00:00
301200,大族数控,261.96,-3.3964,0.8779,126866606,135493003,207770098,222804406,-23660705,2026-09-21 00:00:00
301201,诚达药业,35.9,4.6037,6.7832,18448289,31547107,58949525,64724321,-18873614,2026-09-21 00:00:00
301202,朗威股份,39.46,5.6493,3.4037,2527105,0,13761070,15488489,799686,2026-09-21 00:00:00
301203,国泰环保,33.95,1.5555,1.5051,0,0,3324563,3458780,-134217,2026-09-21 00:00:00
301205,联特科技,321,-0.8157,5.7351,172886170,225704749,320471888,382074272,-114420963,2026-09-21 00:00:00
301206,三元生物,23.83,1.8376,2.7478,925532,1188000,21705062,17158877,4283717,2026-09-21 00:00:00
301207,华兰疫苗,19.01,3.4276,1.9849,9993963,5522053,57578395,53134199,8916106,2026-09-21 00:00:00
301208,中亦科技,30.9,3.2754,1.9568,1218509,0,4540640,5739820,19329,2026-09-21 00:00:00
301209,联合化学,62.62,1.7384,2.1354,13638729,8669778,53444403,51040403,7372951,2026-09-21 00:00:00
301210,金杨精密,30.46,-1.4239,10.2121,7390810,8508436,12754676,29110915,-17473865,2026-09-21 00:00:00
301211,亨迪药业,12.62,6.5878,3.9178,7301366,6414278,42415576,34535390,8767274,2026-09-21 00:00:00
301212,联盛化学,26.22,3.5954,1.1213,0,0,2878153,2508762,369391,2026-09-21 00:00:00
301213,观想科技,45.88,14.0726,7.7234,17750574,6732999,66005285,57739836,19283024,2026-09-21 00:00:00
301215,中汽股份,5.33,1.1385,0.5686,0,1053504,6634524,4687539,893481,2026-09-21 00:00:00
301216,万凯新材,17.52,0.8055,2.8023,7433285,10715246,69832992,75633437,-9082406,2026-09-21 00:00:00
301217,铜冠铜箔,111.53,-1.5535,2.9422,375140256,412157920,669813712,801956768,-169160720,2026-09-21 00:00:00
301218,华是科技,45.97,3.3731,10.209,36017268,27932886,90709867,90710926,8083323,2026-09-21 00:00:00
301219,腾远钴业,41.53,0.2898,1.5524,9051248,8403073,41866605,54103829,-11589049,2026-09-21 00:00:00
301220,亚香股份,32.74,4.4338,3.2657,6227041,5794950,14958570,14553598,837063,2026-09-21 00:00:00
301221,光庭信息,26.58,2.7842,1.4458,0,808944,6171669,4007893,1354832,2026-09-21 00:00:00
301222,浙江恒威,25.61,0.0782,2.126,4125240,5530641,8769407,6512105,851901,2026-09-21 00:00:00
301223,中荣股份,18.22,3.171,0.6347,0,0,3450455,3705247,-254792,2026-09-21 00:00:00
301225,恒勃股份,62.21,4.0823,10.0617,9374976,17298365,49895653,48542243,-6569979,2026-09-21 00:00:00
301226,祥明智能,32.65,8.2201,2.8074,442541,2750333,19282487,14917067,2057628,2026-09-21 00:00:00
301227,森鹰窗业,35.46,6.0407,4.3775,5664112,0,34096645,26032076,13728681,2026-09-21 00:00:00
301228,实朴检测,57.05,0.2989,1.7869,9630072,13721933,39997575,31705128,4200586,2026-09-21 00:00:00
301229,纽泰格,11.7,2.4518,2.3435,0,0,3561769,4426749,-864980,2026-09-21 00:00:00
301230,泓博医药,38.82,10.2528,24.5373,203333233,236357992,392519680,287672960,71821961,2026-09-21 00:00:00
301231,荣信文化,29.33,4.303,12.6692,1549229,7322469,42842520,33457824,3611456,2026-09-21 00:00:00
301232,飞沃科技,94.25,1.2352,4.6928,12029370,3298851,71384911,53708287,26407143,2026-09-21 00:00:00
301233,盛帮股份,33.45,6.2579,4.1793,1774768,0,6567466,8811346,-469112,2026-09-21 00:00:00
301234,五洲医疗,116.45,2.0149,6.5248,56921519,57589963,101762609,111709166,-10615001,2026-09-21 00:00:00
301235,华康洁净,46.91,-0.6144,7.9338,47827174,85479004,97877767,55839708,4386229,2026-09-21 00:00:00
301236,软通动力,38.23,3.3523,2.4408,124205274,50051455,244070696,180248797,137975718,2026-09-21 00:00:00
301237,和顺科技,39.95,0.2509,2.4306,0,192183,11539536,14399349,-3051996,2026-09-21 00:00:00
301238,瑞泰新材,16.21,0.3715,0.7977,0,3672751,22932866,16728245,2531870,2026-09-21 00:00:00
301239,普瑞眼科,31.8,1.6949,1.1228,4103304,2155393,5446285,7682302,-288106,2026-09-21 00:00:00
301246,宏源药业,18.07,3.2571,3.2259,9555116,3018140,23055290,23480881,6111385,2026-09-21 00:00:00
301248,杰创智能,58.48,3.7431,3.5585,17330085,19841935,66425982,45748802,18165330,2026-09-21 00:00:00
301251,威尔高,80.78,4.8002,7.531,79804981,63309273,202477252,229760001,-10787041,2026-09-21 00:00:00
301252,同星科技,39.42,6.8872,4.4406,34727351,26414350,41579736,50571675,-678938,2026-09-21 00:00:00
301255,通力科技,18.85,0.5333,1.0171,1845013,0,2625581,1476909,2993685,2026-09-21 00:00:00
301256,华融化学,10.36,5.3917,1.9255,221287,0,18058610,9624863,8655034,2026-09-21 00:00:00
301257,普蕊斯,41.73,5.1663,7.5851,3354074,1572694,51634152,48585369,4830163,2026-09-21 00:00:00
301258,富士莱,25.83,4.4903,1.1332,2981762,2575000,1761529,1101304,1066987,2026-09-21 00:00:00
301259,艾布鲁,19.94,0.4534,3.011,6886059,4543842,16207549,21756455,-3206689,2026-09-21 00:00:00
301260,格力博,11.94,2.6655,1.1294,0,0,3257984,3972644,-714660,2026-09-21 00:00:00
301261,恒工精密,56.13,-0.6549,1.7597,0,1021512,10908003,16827068,-6940577,2026-09-21 00:00:00
301262,海看股份,20.41,1.7955,8.7125,3374959,16859030,60671631,39826952,7360608,2026-09-21 00:00:00
301263,泰恩康,21,8.9212,2.8198,5869924,10876774,46091533,59428924,-18344241,2026-09-21 00:00:00
301265,华新科技,22.22,-4.8801,5.7113,23615113,29275360,74814475,89184928,-20030700,2026-09-21 00:00:00
301266,宇邦新材,25.8,5.6944,3.8135,6263561,6013665,28372267,23870556,4751607,2026-09-21 00:00:00
301267,华厦眼科,15.15,1.8145,0.7088,1172666,0,13681524,12220053,2634137,2026-09-21 00:00:00
301268,铭利达,11.92,0.846,0.704,0,0,2973572,1712183,1261389,2026-09-21 00:00:00
301269,华大九天,89.39,0.4947,1.0904,28019587,35635913,111259911,151333741,-47690156,2026-09-21 00:00:00
301270,汉仪股份,33.09,1.9095,2.5025,6770752,2943213,13981754,12643698,5165595,2026-09-21 00:00:00
301272,英华特,34.8,2.3228,1.5587,0,0,1652077,1920766,-268689,2026-09-21 00:00:00
301273,瑞晨环保,37.43,0.2142,2.7576,2478653,4129426,22755065,20242180,862112,2026-09-21 00:00:00
301275,汉朔科技,40.59,-2.0512,1.6054,2845222,14465412,45499849,47989912,-14110253,2026-09-21 00:00:00
301276,嘉曼服饰,17.53,2.6347,3.2539,0,0,5865765,4651164,1214601,2026-09-21 00:00:00
301277,新天地,10.42,5.6795,1.6302,2054891,0,10121647,6449699,5726839,2026-09-21 00:00:00
301278,快可电子,29.07,1.8927,3.0048,238289,0,4651839,7009580,-2119452,2026-09-21 00:00:00
301279,金道科技,23.94,5.4626,2.7164,4683923,5574634,16595910,10702821,5002378,2026-09-21 00:00:00
301280,珠城科技,45.35,0.7554,1.3627,2553714,2276553,12487366,12135136,629391,2026-09-21 00:00:00
301281,科源制药,51.5,1.96,5.9686,25888234,30874552,60515593,64069161,-8539886,2026-09-21 00:00:00
301282,金禄电子,45.75,0.882,6.2859,17460335,24732452,103184051,73164519,22747415,2026-09-21 00:00:00
301283,聚胶股份,25.97,1.2871,1.1269,0,2018203,4836969,3707769,-889003,2026-09-21 00:00:00
301285,鸿日达,101.6,6.1097,1.8482,60949227,41491810,117635252,118227628,18865041,2026-09-21 00:00:00
301286,侨源股份,48.38,3.354,1.3235,13787990,5702083,26125190,26777620,7433477,2026-09-21 00:00:00
301287,康力源,41.04,0.416,3.6099,1228797,1511466,2091910,7281645,-5472404,2026-09-21 00:00:00
301288,清研环境,16.16,1.1897,1.4724,0,0,2080727,1612673,468054,2026-09-21 00:00:00
301289,国缆检测,44.14,1.1689,0.6503,0,0,2406426,3754034,-1347608,2026-09-21 00:00:00
301290,东星医疗,28.39,3.8785,2.4618,3060634,2052160,8926106,6411042,3523538,2026-09-21 00:00:00
301291,明阳电气,34.78,1.3108,2.8599,5348900,7820008,41726408,38921516,333784,2026-09-21 00:00:00
301292,海科新源,60.9,-0.9595,5.3255,2260632,11182617,46259317,61717101,-24379769,2026-09-21 00:00:00
301293,三博脑科,50.44,1.7346,3.3024,16077270,15910893,64807250,62529861,2443766,2026-09-21 00:00:00
301295,美硕科技,37.95,3.1811,4.815,0,0,8039916,10103617,-2063701,2026-09-21 00:00:00
301296,新巨丰,6.42,2.8846,0.8405,0,0,2757775,3019156,-261381,2026-09-21 00:00:00
301297,富乐德,48.28,1.3434,3.5581,62874848,66299796,242828797,255628461,-16224612,2026-09-21 00:00:00
301298,东利机械,12.4,2.8192,1.7448,0,0,1964810,1384462,580348,2026-09-21 00:00:00
301299,卓创资讯,47.3,0.8314,5.8825,4894122,3086155,24846767,24913330,1741404,2026-09-21 00:00:00
301300,远翔新材,33.7,-1.4908,7.848,1680092,1013210,14596278,9893507,5369653,2026-09-21 00:00:00
301301,川宁生物,8.3,2.7228,3.4743,1144570,8001932,37002633,40212346,-10067075,2026-09-21 00:00:00
301302,华如科技,22.46,6.9015,9.5697,7635652,0,58454149,43392695,22697106,2026-09-21 00:00:00
301303,真兰仪表,13.97,0.4313,0.9541,3726441,111153,7635151,10944996,305443,2026-09-21 00:00:00
301305,朗坤科技,26.85,3.3487,7.3336,19667349,15326506,70130942,49194719,25277066,2026-09-21 00:00:00
301306,西测测试,99.29,-0.7398,3.7093,4786730,8553565,43966433,40577750,-378152,2026-09-21 00:00:00
301307,美利信,60.62,-0.5251,6.3967,45322491,58522482,117594505,90808199,13586315,2026-09-21 00:00:00
301308,江波龙,347.79,0.2392,3.8725,588974016,774657520,1109688496,985601792,-61596800,2026-09-21 00:00:00
301309,万得凯,29.94,-0.7952,2.7425,6863130,5699710,6239022,8745513,-1343071,2026-09-21 00:00:00
301310,鑫宏业,52.1,0.2501,3.879,9362205,15868628,44435412,36645590,1283399,2026-09-21 00:00:00
301311,昆船智能,13.82,1.4684,1.0053,0,0,4308363,7646149,-3337786,2026-09-21 00:00:00
301312,智立方,86.19,-1.3506,5.0091,7213309,9319583,86422887,69724939,14591674,2026-09-21 00:00:00
301313,凡拓数创,31.07,1.3042,4.4271,2793116,1232288,15567771,12332871,4795728,2026-09-21 00:00:00
301314,科瑞思,47.32,5.625,9.742,2946449,4501743,9057313,10647363,-3145344,2026-09-21 00:00:00
301315,威士顿,42.8,9.9127,6.06,10074375,2588614,41735961,41781790,7439932,2026-09-21 00:00:00
301316,慧博云通,39.77,2.1577,2.7188,39810478,33203703,94634513,109155205,-7913917,2026-09-21 00:00:00
301317,鑫磊股份,51.82,1.3693,5.326,29536896,19977713,29289658,30354115,8494726,2026-09-21 00:00:00
301318,维海德,20.95,1.11,0.7731,0,0,1554387,1760764,-206377,2026-09-21 00:00:00
301319,唯特偶,99.88,0.7973,6.8249,104323245,93164916,248418997,264702485,-5125159,2026-09-21 00:00:00
301320,豪江智能,14.1,1.7316,1.7157,5040747,2562785,1569407,1818517,2228852,2026-09-21 00:00:00
301321,翰博高新,51.65,5.6886,4.4474,50463721,41805503,84982931,83422535,10218614,2026-09-21 00:00:00
301322,绿通科技,44.29,-2.3158,4.0432,9486667,9925815,41835417,25760915,15635354,2026-09-21 00:00:00
301323,新莱福,76.4,0.3151,1.6227,1792090,8181356,9838039,6644439,-3195666,2026-09-21 00:00:00
301325,曼恩斯特,31.78,-1.1201,1.9202,0,0,9506007,6845786,2660221,2026-09-21 00:00:00
301326,捷邦科技,110.73,1.7739,2.5981,16708989,6230602,43171680,31726643,21923424,2026-09-21 00:00:00
301327,华宝新能,41.27,1.9012,0.8312,0,0,4938057,9978254,-5040197,2026-09-21 00:00:00
301328,维峰电子,53.1,0.6826,1.6774,4566532,6269364,19589302,14523313,3363157,2026-09-21 00:00:00
301329,信音电子,20.93,0.2395,5.7392,0,1048038,12081871,20207960,-9174127,2026-09-21 00:00:00
301330,熵基科技,25.95,0.855,1.2891,196384,1998373,9162636,13510196,-6149549,2026-09-21 00:00:00
301331,恩威医药,21.45,4.0252,1.323,0,0,1906083,3797800,-1891717,2026-09-21 00:00:00
301332,德尔玛,7.67,0.9211,1.1236,0,0,5228940,3006651,2222289,2026-09-21 00:00:00
301333,诺思格,65.23,1.3675,3.5577,8486185,16790977,49683123,49669644,-8291313,2026-09-21 00:00:00
301335,天元宠物,25.79,1.4157,5.0644,582750,5795018,20565449,27322958,-11969777,2026-09-21 00:00:00
301336,趣睡科技,44.45,-0.3587,4.1197,10888037,6609020,11064484,16053872,-710371,2026-09-21 00:00:00
301337,亚华电子,28.3,8.888,3.3104,3062192,0,12264491,12042078,3284605,2026-09-21 00:00:00
301338,凯格精机,102.6,-0.5236,4.9619,13737325,47723996,118120632,66060032,18073929,2026-09-21 00:00:00
301339,通行宝,11.6,4.9774,1.7901,2794207,0,24391001,21547962,5637246,2026-09-21 00:00:00
301345,涛涛车业,243.91,1.3378,2.0404,12580620,12824891,48470269,34717237,13508761,2026-09-21 00:00:00
301348,蓝箭电子,22.51,0.5809,3.5062,4887000,8805090,27917193,23246777,752326,2026-09-21 00:00:00
301349,信德新材,49.71,8.3951,7.189,11980919,4509769,68780238,69578032,6673356,2026-09-21 00:00:00
301353,普莱得,19.52,3.1167,3.5448,0,0,716892,1265466,-548574,2026-09-21 00:00:00
301355,南王科技,12.26,4.9658,4.8121,4189457,3283264,16414051,11399859,5920385,2026-09-21 00:00:00
301356,天振股份,19.58,3.3791,1.0081,0,0,3487909,1611574,1876335,2026-09-21 00:00:00
301357,北方长龙,100.72,2.7965,7.5115,17623876,16237011,124699527,101623459,24462933,2026-09-21 00:00:00
301358,湖南裕能,53.08,-1.5031,1.766,56591009,76827425,171107316,185426365,-34555465,2026-09-21 00:00:00
301359,东南电子,18.8,2.2851,2.0003,0,1021566,1917353,1667252,-771465,2026-09-21 00:00:00
301360,荣旗科技,64.5,1.3354,7.0193,6085243,4813114,30251817,28105026,3418920,2026-09-21 00:00:00
301361,众智科技,27.15,0.9669,1.8473,0,1029040,5022574,3702322,291212,2026-09-21 00:00:00
301362,民爆光电,117,-1.8374,7.71,20125882,26538488,66547542,78730166,-18595230,2026-09-21 00:00:00
301363,美好医疗,16.25,4.2335,2.5108,15195500,6388931,58602318,46496544,20912343,2026-09-21 00:00:00
301365,矩阵股份,37.85,0.4778,1.3569,2011193,1096200,10499529,17584067,-6169545,2026-09-21 00:00:00
301366,一博科技,72,-3.2518,17.072,129061181,129466528,365208576,319187136,45616093,2026-09-21 00:00:00
301367,瑞迈特,46.22,4.5228,2.583,3570327,2347864,24175090,18402683,6994870,2026-09-21 00:00:00
301368,丰立智能,38.96,3.3696,1.6095,3279084,1470300,11521854,9024815,4305823,2026-09-21 00:00:00
301369,联动科技,136.3,-1.4817,3.7177,4934368,2533667,45180306,25765985,21815022,2026-09-21 00:00:00
301370,国科恒泰,8.63,2.3725,0.5403,0,0,1999909,1536572,463337,2026-09-21 00:00:00
301371,敷尔佳,21.23,2.0183,4.3226,3023078,1974285,11738940,15790772,-3003039,2026-09-21 00:00:00
301372,科净源,34.19,1.4239,3.5117,0,0,9857625,7000408,2857217,2026-09-21 00:00:00
301373,凌玮科技,123.58,4.3398,16.2828,173044987,153959124,437978144,291225568,165838439,2026-09-21 00:00:00
301376,致欧科技,22.86,1.8263,1.9173,4650480,5594339,11323138,14634613,-4255334,2026-09-21 00:00:00
301377,鼎泰高科,399.85,-2.2109,3.0272,88307355,81469440,247540765,272343328,-17964648,2026-09-21 00:00:00
301378,通达海,25.42,5.4772,6.2193,2196718,1095582,9033625,12610534,-2475773,2026-09-21 00:00:00
301379,天山电子,21.94,0.8272,4.1916,21858005,9963073,39949625,35687525,16157032,2026-09-21 00:00:00
301380,挖金客,34.27,2.4208,3.7848,3656818,13988110,28147564,16819196,997076,2026-09-21 00:00:00
301381,赛维时代,24.4,1.6243,2.1111,11898666,10599738,26067711,31730143,-4363504,2026-09-21 00:00:00
301382,蜂助手,37.06,-0.9356,3.3814,22108035,35522157,68351909,74030470,-19092683,2026-09-21 00:00:00
301383,天键股份,24.03,6.9426,3.8578,0,1158726,13277679,9516221,2602732,2026-09-21 00:00:00
301386,未来电器,21.31,8.4478,10.7222,3317410,8249821,15647572,16345648,-5630487,2026-09-21 00:00:00
301387,光大同创,57.78,0.8377,3.9597,0,1169004,8061232,14109428,-7217200,2026-09-21 00:00:00
301388,欣灵电气,25.07,2.9569,2.0705,0,0,1643241,2029364,-386123,2026-09-21 00:00:00
301389,隆扬电子,59.98,-0.2495,2.8347,35400995,47285781,99796123,106210674,-18299337,2026-09-21 00:00:00
301390,经纬股份,50.39,-6.6852,24.8352,90518523,91818361,141868799,166652127,-26083166,2026-09-21 00:00:00
301391,卡莱特,45.67,2.6292,1.5677,2864936,5308828,6191035,5361682,-1614539,2026-09-21 00:00:00
301392,汇成真空,172.61,-3.2997,7.8711,31302005,47855826,98672256,104785346,-22666911,2026-09-21 00:00:00
301393,昊帆生物,62.76,3.8385,8.4457,28434858,23225814,49308323,39652567,14864800,2026-09-21 00:00:00
301395,仁信新材,12.36,3.5176,2.714,0,0,7138843,9994615,-2855772,2026-09-21 00:00:00
301396,宏景科技,179.5,-0.1224,7.0388,159512955,189358988,447839696,430408320,-12414657,2026-09-21 00:00:00
301397,溯联股份,23.55,1.3775,2.8015,2482639,1086624,10196457,12505494,-913022,2026-09-21 00:00:00
301398,星源卓镁,39.16,4.9585,2.1226,0,0,12631947,12232832,399115,2026-09-21 00:00:00
301399,英特科技,22.57,5.0256,11.4975,2519985,3748743,24368794,22449984,690052,2026-09-21 00:00:00
301408,华人健康,16.07,8.9492,17.7761,59138994,10967077,163399274,126963376,84607815,2026-09-21 00:00:00
301413,安培龙,57.2,-0.7461,3.5003,4158720,11299176,26355959,21250543,-2035040,2026-09-21 00:00:00
301418,协昌科技,34.91,2.1358,3.3139,0,0,4295376,3586626,708750,2026-09-21 00:00:00
301419,阿莱德,47.58,-0.6058,9.0457,32911929,42508111,82042627,101875877,-29429432,2026-09-21 00:00:00
301421,波长光电,81.05,-0.43,4.5053,784274,8242972,39412303,44633076,-12679471,2026-09-21 00:00:00
301428,世纪恒通,27.18,2.9156,2.3409,1633614,0,8057217,6960714,2730117,2026-09-21 00:00:00
301429,森泰股份,17.29,1.9458,3.7868,0,0,1372256,827573,544683,2026-09-21 00:00:00
301439,泓淋电力,14.54,1.1127,2.5547,1451000,577238,9307529,16203299,-6022008,2026-09-21 00:00:00
301446,福事特,40.18,7.1467,7.2881,21569942,27794800,17953888,12543746,-814716,2026-09-21 00:00:00
301448,开创电气,50.24,4.0166,3.486,6122193,0,24467272,36785157,-6195692,2026-09-21 00:00:00
301449,天溯计量,41.38,0.0968,7.8992,0,1035255,14078383,14709315,-1666187,2026-09-21 00:00:00
301456,盘古智能,25.06,0.4812,4.7494,1283578,1191260,14871998,15425531,-461215,2026-09-21 00:00:00
301458,钧崴电子,39.52,-0.1768,5.2304,9835670,18366370,34205218,47360297,-21685779,2026-09-21 00:00:00
301459,丰茂股份,32.44,-0.3379,3.0545,644959,1143045,4055759,5940142,-2382469,2026-09-21 00:00:00
301468,博盈特焊,33.54,4.4209,4.9401,8251403,3944000,26909532,22971729,8245206,2026-09-21 00:00:00
301469,恒达新材,29.22,2.6344,2.641,0,1166024,4219743,7002923,-3949204,2026-09-21 00:00:00
301479,弘景光电,52.51,-1.297,2.6694,2234918,2559508,14472996,14684495,-536089,2026-09-21 00:00:00
301486,致尚科技,219.28,2.4146,10.7228,281401584,204950258,503294384,373007568,206738142,2026-09-21 00:00:00
301487,盟固利,16.11,-0.8005,2.365,0,11999429,28316155,30810529,-14493803,2026-09-21 00:00:00
301488,豪恩汽电,92.32,-0.8591,1.792,3356954,0,11421869,10821976,3956847,2026-09-21 00:00:00
301489,思泉新材,131.4,2.3444,11.3697,183483517,113652490,309451664,233899082,145383609,2026-09-21 00:00:00
301491,汉桑科技,37.99,2.8703,2.7164,604480,0,3872301,4681471,-204690,2026-09-21 00:00:00
301498,乖宝宠物,41.27,11.0005,5.8779,15123780,16093622,132429973,92430472,39029659,2026-09-21 00:00:00
301499,维科精密,26.84,7.1885,3.3264,9544431,0,25090438,18814392,15820477,2026-09-21 00:00:00
301500,飞南资源,28.41,5.8495,11.8271,59643717,46257875,149676893,110620712,52442023,2026-09-21 00:00:00
301501,恒鑫生活,27.92,2.2336,2.265,0,0,4110284,3786674,323610,2026-09-21 00:00:00
301502,华阳智能,53.29,1.7762,3.683,0,0,3824525,6227201,-2402676,2026-09-21 00:00:00
301503,智迪科技,21.89,2.8182,1.666,0,0,2296198,1795146,501052,2026-09-21 00:00:00
301505,苏州规划,19.03,1.0621,2.1831,1117460,0,1944538,6105469,-3043471,2026-09-21 00:00:00
301507,民生健康,12.94,8.3752,2.6184,2654878,130458,24379148,20684185,6219383,2026-09-21 00:00:00
301508,中机认检,24.17,1.512,1.3318,0,0,2423238,2107512,315726,2026-09-21 00:00:00
301509,金凯生科,30.98,3.7508,6.887,2497759,0,11913934,14424621,-12928,2026-09-21 00:00:00
301510,固高科技,28.34,3.6576,2.4689,13582573,1360112,36368347,48143163,447645,2026-09-21 00:00:00
301511,德福科技,110.61,0.0995,6.8072,565627696,495551280,735977552,659443920,146610048,2026-09-21 00:00:00
301512,智信精密,31.5,2.3392,2.0883,282510,1813082,4088305,1539624,1018109,2026-09-21 00:00:00
301513,尚水智能,46,-0.6694,6.1472,0,0,9529146,9617668,-88522,2026-09-21 00:00:00
301515,港通医疗,19.35,3.09,1.6032,0,0,1242344,715944,526400,2026-09-21 00:00:00
301516,中远通,19.95,2.046,15.192,3994688,4799688,46492677,35583930,10103747,2026-09-21 00:00:00
301517,陕西华达,38.05,0.6614,2.078,0,0,10165948,8942537,1223411,2026-09-21 00:00:00
301518,长华化学,26.34,14.5217,13.25,9550910,5459401,35308831,30009867,9390473,2026-09-21 00:00:00
301519,舜禹股份,11.68,1.9197,2.1426,0,0,2594686,1611300,983386,2026-09-21 00:00:00
301520,万邦医药,82.38,14.2897,53.9671,82016353,73814799,329799136,313737584,24263106,2026-09-21 00:00:00
301522,上大股份,23.95,2.5257,1.2465,0,1058148,10324065,12475600,-3209683,2026-09-21 00:00:00
301525,儒竞科技,39.89,3.476,2.6855,2510451,1762697,11307496,6821412,5233838,2026-09-21 00:00:00
301526,国际复材,31.32,0.449,9.8084,470208176,587971376,1103196640,1142461536,-157028096,2026-09-21 00:00:00
301528,多浦乐,75.04,0.2137,5.4422,16378246,9530362,33552554,54303804,-13903366,2026-09-21 00:00:00
301529,福赛科技,137.9,8.4887,8.8614,88956522,122826653,226147478,237528320,-45250973,2026-09-21 00:00:00
301531,春光集团,54.45,-0.7654,9.6806,4552337,14029772,49241322,45170948,-5407061,2026-09-21 00:00:00
301533,威马农机,29.39,2.0841,5.3793,641227,0,3587907,5708824,-1479690,2026-09-21 00:00:00
301535,浙江华远,13.86,1.9868,1.4624,0,0,861727,2733409,-1871682,2026-09-21 00:00:00
301536,星宸科技,125.92,0.1193,7.0101,168729625,237347705,305417680,406974896,-170175296,2026-09-21 00:00:00
301538,骏鼎达,41.65,0.8475,3.4941,1245731,0,7372307,4386749,4231289,2026-09-21 00:00:00
301539,宏鑫科技,15.2,1.6722,1.7732,0,1217463,2667368,1378137,71768,2026-09-21 00:00:00
301548,崇德科技,56.75,4.4735,6.5022,6354165,3240794,30101501,21109984,12104888,2026-09-21 00:00:00
301550,斯菱智驱,98.53,3.836,5.2284,116299396,98846740,290459936,258013590,49899002,2026-09-21 00:00:00
301551,无线传媒,22.87,-1.6344,9.6784,10363461,17826838,68782850,66440041,-5120568,2026-09-21 00:00:00
301552,科力装备,24.49,1.073,2.3149,0,0,1762847,1308491,454356,2026-09-21 00:00:00
301555,惠柏新材,36.23,1.06,2.9192,3098036,2989510,6136273,9102992,-2858193,2026-09-21 00:00:00
301556,托普云农,62.55,0.8871,4.3835,0,0,10990385,13873988,-2883603,2026-09-21 00:00:00
301557,常友科技,84.53,-1.3537,2.8159,4070084,4210046,14146165,14159670,-153467,2026-09-21 00:00:00
301558,三态股份,6.78,1.6492,3.0768,1006330,1329978,4328298,7239373,-3234723,2026-09-21 00:00:00
301559,中集环科,12.93,0.858,1.128,0,0,747891,1950343,-1202452,2026-09-21 00:00:00
301560,众捷股份,24.36,2.7848,2.722,0,0,8653321,6113856,2539465,2026-09-21 00:00:00
301563,云汉芯城,115.75,-0.2069,7.3251,2712747,3914774,28876666,23244811,4429828,2026-09-21 00:00:00
301565,中仑新材,19.85,2.584,3.8928,1039556,1802700,15932233,15292678,-123589,2026-09-21 00:00:00
301566,达利凯普,28.02,4.5913,19.7127,128854124,118530592,302149936,274365648,38107820,2026-09-21 00:00:00
301567,贝隆精密,37.36,6.2269,7.0316,1688491,1056772,8389938,4765345,4256312,2026-09-21 00:00:00
301568,思泰克,73.25,0.2738,4.7962,7958624,0,37676838,31053126,14582336,2026-09-21 00:00:00
301571,国科天成,76.94,2.9711,6.5942,52252181,52102900,155043621,135310642,19882260,2026-09-21 00:00:00
301575,艾芬达,25.6,1.3861,8.5952,9821910,10349527,25905310,22889459,2488234,2026-09-21 00:00:00
301577,美信科技,61.42,0.4251,6.9598,2747746,2449235,8007794,11727369,-3421064,2026-09-21 00:00:00
301578,辰奕智能,23.38,1.2998,2.5877,0,0,1277649,1313798,-36149,2026-09-21 00:00:00
301580,爱迪特,57.2,0.3509,5.507,13500080,19620351,60809482,62440437,-7751226,2026-09-21 00:00:00
301581,黄山谷捷,36.21,0.8354,1.4246,0,0,1210055,3644879,-2434824,2026-09-21 00:00:00
301584,建发致新,20.51,2.55,4.7377,331013,0,10797124,11092611,35526,2026-09-21 00:00:00
301585,蓝宇股份,29.07,1.0779,1.4148,1667491,1453500,6026198,2375817,3864372,2026-09-21 00:00:00
301586,佳力奇,29.95,2.8856,1.6568,0,0,3235232,2284600,950632,2026-09-21 00:00:00
301587,中瑞股份,21.44,0.8467,2.7947,2414432,4053671,4192460,5534015,-2980794,2026-09-21 00:00:00
301588,美新科技,28.29,1.0357,2.9912,0,471097,5375948,4443190,461661,2026-09-21 00:00:00
301589,诺瓦星云,159.3,-0.2505,3.9468,26147982,32220001,31524485,43439933,-17987467,2026-09-21 00:00:00
301590,优优绿能,69.61,-0.0287,2.5431,1518000,0,5086610,3374374,3230236,2026-09-21 00:00:00
301591,肯特股份,46.01,3.5562,19.1925,13932863,16207217,85302119,72904127,10123638,2026-09-21 00:00:00
301592,六九一二,117.82,1.5077,7.0711,10531989,9697316,44376779,34315885,10895567,2026-09-21 00:00:00
301595,太力科技,46.02,1.1873,4.3867,182386,0,19803638,24337687,-4351663,2026-09-21 00:00:00
301596,瑞迪智驱,46.79,-0.1067,2.8563,826309,3728339,10406977,9460468,-1955521,2026-09-21 00:00:00
301598,博科测试,51.04,0.6905,2.3613,2570559,0,2011897,4817770,-235314,2026-09-21 00:00:00
301599,理奇智能,33.3,-1.3918,6.166,2347074,2921191,20162899,22344374,-2755592,2026-09-21 00:00:00
301600,慧翰股份,77.89,-0.2689,1.7476,0,0,1427640,3114004,-1686364,2026-09-21 00:00:00
301601,惠通科技,16.03,7.0808,8.8867,1764267,4325649,18418037,11142839,4713816,2026-09-21 00:00:00
301602,超研股份,16.19,1.7599,1.7993,2793072,3666172,3356939,6302225,-3818386,2026-09-21 00:00:00
301603,乔锋智能,128.33,0.825,4.6903,18660347,17467292,39355205,42896960,-2348700,2026-09-21 00:00:00
301606,绿联科技,56.37,2.3606,3.8791,18350314,12897922,78983529,63674265,20761656,2026-09-21 00:00:00
301607,富特科技,44.18,-0.6521,4.8321,40849517,44473447,76491688,69018216,3849542,2026-09-21 00:00:00
301608,博实结,49.72,-1.0744,5.6142,4399776,8796510,24871645,31380827,-10905916,2026-09-21 00:00:00
301609,山大电力,32.24,0.8445,1.4999,1268286,3551835,6494574,12496208,-8285183,2026-09-21 00:00:00
301611,珂玛科技,98.7,-0.2426,5.2752,27001927,69801291,130005797,144408105,-57201672,2026-09-21 00:00:00
301613,新铝时代,34.99,0.7776,0.8916,0,0,7301671,6895495,406176,2026-09-21 00:00:00
301616,浙江华业,35.31,1.4947,2.3477,0,0,4307299,2013743,2293556,2026-09-21 00:00:00
301617,博苑新材,53.71,-1.0866,2.8233,8312330,1157072,22748340,25685537,4218061,2026-09-21 00:00:00
301618,长联科技,31.15,0.6787,1.9249,0,0,5605036,5243362,361674,2026-09-21 00:00:00
301622,英思特,37.81,1.4489,1.7306,0,0,5326654,4749532,577122,2026-09-21 00:00:00
301626,苏州天脉,332,3.7273,6.6564,264455917,333532128,373149904,343971136,-39897443,2026-09-21 00:00:00
301628,强达电路,114.09,-0.7913,10.3971,14261635,31060684,49255324,53857575,-21401300,2026-09-21 00:00:00
301629,矽电股份,282.6,-1.1577,5.4667,36445316,45283504,61229598,51601316,790094,2026-09-21 00:00:00
301630,同宇新材,204.6,0.7088,7.1006,38671373,40326789,68328115,74927518,-8254819,2026-09-21 00:00:00
301631,壹连科技,64.1,2.8562,6.5005,10016619,6031997,29479155,37934036,-4470259,2026-09-21 00:00:00
301632,广东建科,13.65,3.3308,4.4963,3002714,0,21619397,20090701,4531410,2026-09-21 00:00:00
301633,港迪技术,60.3,-3.3344,7.8698,1889408,7792028,21444915,27853541,-12311246,2026-09-21 00:00:00
301636,泽润新能,39.69,4.2006,3.3937,2177070,1035008,5744994,3368040,3519016,2026-09-21 00:00:00
301638,南网数字,21.85,-0.9519,2.9149,5044325,18052082,32545931,46280921,-26742747,2026-09-21 00:00:00
301656,联合动力,14.57,-0.6817,1.5223,0,0,10257344,9566915,690429,2026-09-21 00:00:00
301658,首航新能,22.55,1.3028,2.6853,0,595677,6219975,9328614,-3704316,2026-09-21 00:00:00
301662,宏工科技,68.03,-1.0041,6.1263,2117698,9871114,23843916,32832921,-16742421,2026-09-21 00:00:00
301665,泰禾股份,22.61,0.8025,1.2422,0,1852313,7222451,7056226,-1686088,2026-09-21 00:00:00
301666,大普微-UW,413.5,3.2975,15.1719,392245280,268126438,484509968,429906256,178722554,2026-09-21 00:00:00
301667,纳百川,58.16,-0.8862,5.4186,1938880,1165340,11248563,13262120,-1240017,2026-09-21 00:00:00
301668,昊创瑞通,32.27,-1.5558,4.6913,0,0,4370542,7420755,-3050213,2026-09-21 00:00:00
301669,高特电子,,,,6652494,6116515,30780318,26482519,4833778,2026-09-21 00:00:00
301678,新恒汇,50.49,0.5577,4.4756,8477782,9596013,49718947,71946357,-23345641,2026-09-21 00:00:00
301680,固德电材,106.78,-0.1776,7.971,6459197,4735355,45807396,34061070,13470168,2026-09-21 00:00:00
301682,宏明电子,119.97,5.831,14.5877,43650929,21466846,121414070,112999037,30599116,2026-09-21 00:00:00
301683,慧谷新材,100.68,2.0992,5.2872,5001669,3013200,16177211,13093043,5072637,2026-09-21 00:00:00
301687,新广益,54.11,3.7584,14.4021,8330070,2382301,62099670,51051970,16995469,2026-09-21 00:00:00
301696,三瑞智能,95.99,0,5.0727,8143652,10910019,42588645,37883157,1939121,2026-09-21 00:00:00
302132,中航成飞,60.37,2.0798,1.3012,39014871,38555669,126702617,108011424,19150395,2026-09-21 00:00:00
600000,浦发银行,9.01,-0.6615,0.1979,62541420,106976424,161652572,148681605,-31464037,2026-09-21 00:00:00
600004,白云机场,7.68,0.6553,0.2789,0,1079676,11001963,4057805,5864482,2026-09-21 00:00:00
600006,东风股份,5.32,0.9488,0.6715,4772064,3505393,20015442,15214940,6067173,2026-09-21 00:00:00
600007,中国国贸,19.88,0,0.2471,0,0,2646344,2303580,342764,2026-09-21 00:00:00
600008,首创环保,2.76,0.3636,0.6791,20376462,19207912,47678516,44987665,3859401,2026-09-21 00:00:00
600009,上海机场,22.91,1.0141,0.1972,6885975,1145999,23941196,22121829,7559343,2026-09-21 00:00:00
600010,包钢股份,2.15,1.4151,0.9945,235012857,151845490,146678519,148744169,81101717,2026-09-21 00:00:00
600011,华能国际,6.79,-0.1471,0.3256,35245400,43964553,57981837,78470989,-29208305,2026-09-21 00:00:00
600012,皖通高速,15.49,-3.0056,0.6949,4207160,4736997,13212629,17839672,-5156880,2026-09-21 00:00:00
600015,华夏银行,6.24,0.1605,0.438,80546675,69645596,103544867,97429224,17016722,2026-09-21 00:00:00
600016,民生银行,3.5,1.1561,0.6696,248459458,195622767,189661794,223967197,18531288,2026-09-21 00:00:00
600017,日照港,2.83,0.3546,0.9408,9514242,9610735,14743055,14137773,508789,2026-09-21 00:00:00
600018,上港集团,5.43,1.306,0.214,26751823,17513990,48491075,72499880,-14770972,2026-09-21 00:00:00
600019,宝钢股份,5.78,0.3472,0.3788,124936502,106216935,96572019,114561209,730377,2026-09-21 00:00:00
600020,中原高速,3.84,0.5236,0.436,2544768,0,4699188,3262073,3981883,2026-09-21 00:00:00
600021,上海电力,13.43,0.2987,0.5603,18198516,25008545,47132652,46920399,-6597776,2026-09-21 00:00:00
600022,山东钢铁,1.32,0.7634,0.6954,32411867,22410902,30712356,32759752,7953569,2026-09-21 00:00:00
600023,浙能电力,5.01,-1.378,0.3513,28663121,28340697,44205785,43284476,1243733,2026-09-21 00:00:00
600025,华能水电,9.66,-0.2066,0.1542,13957694,20412687,81224614,43952074,30817547,2026-09-21 00:00:00
600026,中远海能,22.92,3.8514,2.5409,452685200,357630400,622508448,598759744,118803504,2026-09-21 00:00:00
600027,华电国际,4.79,-0.4158,0.5476,12356939,29699370,56736846,46596360,-7201945,2026-09-21 00:00:00
600028,中国石化,5.3,2.7132,0.2478,348930016,203883168,268519632,261600308,151966172,2026-09-21 00:00:00
600029,南方航空,4.95,0.4057,0.3758,62353914,52205836,49012543,53406517,5754104,2026-09-21 00:00:00
600030,中信证券,26.74,0.7536,0.5847,445615728,448336192,499257296,499128624,-2591792,2026-09-21 00:00:00
600031,三一重工,17.76,-0.7267,0.8573,135713871,111346364,285413360,311344384,-1563517,2026-09-21 00:00:00
600032,XD浙江新,7.07,0.1416,0.703,1290568,4756568,18456713,28735681,-13744968,2026-09-21 00:00:00
600033,福建高速,3.63,-1.0899,1.171,8559942,4455714,29904660,25041663,8967225,2026-09-21 00:00:00
600035,楚天高速,3.66,0,0.5302,4349950,0,6586141,4353583,6582508,2026-09-21 00:00:00
600036,招商银行,41.04,1.1086,0.2619,209289667,248715465,669812512,606599648,23787066,2026-09-21 00:00:00
600037,歌华有线,7.09,1.8678,1.397,5040881,2797309,39720159,21598672,20365059,2026-09-21 00:00:00
600038,中直股份,27.57,1.9224,0.7615,8634896,10470456,26871367,21630184,3405623,2026-09-21 00:00:00
600039,四川路桥,8.79,0.9185,0.169,0,0,14998044,13489547,1508497,2026-09-21 00:00:00
600048,保利发展,5.68,6.7669,4.0383,624560624,733573616,699571728,608448768,-17890032,2026-09-21 00:00:00
600050,中国联通,4.23,0.237,0.2881,76891460,77480848,82680679,98755361,-16664070,2026-09-21 00:00:00
600051,宁波联合,6.22,2.4712,1.2905,0,0,2727689,2433610,294079,2026-09-21 00:00:00
600052,东望时代,3.74,1.355,1.3707,1031744,2563629,8839217,9145508,-1838176,2026-09-21 00:00:00
600053,*ST九鼎,7.55,6.0393,2.0149,0,4669175,13313051,12075272,-3431396,2026-09-21 00:00:00
600054,黄山旅游,10.9,1.0195,1.3415,2467874,0,17791279,15530181,4728972,2026-09-21 00:00:00
600055,万东医疗,10.52,3.0362,0.9104,0,3964139,8590734,10435327,-5808732,2026-09-21 00:00:00
600056,中国医药,9.1,1.7897,0.8309,4775744,12777407,30568306,16185458,6381185,2026-09-21 00:00:00
600057,厦门象屿,6.15,1.318,0.8846,4652332,19127,20221346,17158917,7695634,2026-09-21 00:00:00
600058,五矿发展,9.1,0.9989,0.5208,179896,5389740,11631388,4448409,1973135,2026-09-21 00:00:00
600059,古越龙山,11.48,7.2897,11.4927,110455936,85512453,278625776,252635032,50934227,2026-09-21 00:00:00
600060,海信视像,26.63,-4.4492,1.1397,29800589,52158697,70634461,69381947,-21105594,2026-09-21 00:00:00
600061,国投资本,6.33,1.6051,0.5278,31726019,30507258,63106503,50471584,13853680,2026-09-21 00:00:00
600062,华润双鹤,16.12,1.5753,0.6439,7035577,12423798,23856748,20329086,-1860559,2026-09-21 00:00:00
600063,皖维高新,5.66,2.7223,2.6229,52446219,26394377,71934627,64389481,33596988,2026-09-21 00:00:00
600064,南京高科,7.81,0.6443,0.9256,4349325,4238260,35300678,19668754,15742989,2026-09-21 00:00:00
600066,宇通客车,25.73,-1.0765,1.9198,61927934,109533330,253461069,271606304,-65750631,2026-09-21 00:00:00
600067,冠城新材,2.7,1.1236,2.5216,5341240,16564946,16393937,37291144,-32120913,2026-09-21 00:00:00
600071,凤凰光学,16.79,2.129,0.9242,0,0,5266076,5939081,-673005,2026-09-21 00:00:00
600072,中船科技,9.06,1.5695,1.6344,0,2935095,38259762,28131055,7193612,2026-09-21 00:00:00
600073,光明肉业,5.58,0.722,0.9138,1367435,0,6133455,7738601,-237711,2026-09-21 00:00:00
600075,新疆天业,4.7,3.2967,1.0038,6585040,1199367,12440326,12773423,5052576,2026-09-21 00:00:00
600076,康欣新材,2.3,5.0228,5.8684,14949988,3893605,31857404,37853053,5060734,2026-09-21 00:00:00
600078,澄星股份,10.36,0.9747,1.4345,7845409,2714041,18738342,21420988,2448722,2026-09-21 00:00:00
600079,ST人福,18.78,1.7335,0.5066,17282759,4667284,41137525,41224143,12528857,2026-09-21 00:00:00
600080,ST金花,4.83,1.2579,0.8276,1443000,5326909,5025886,3277900,-2135923,2026-09-21 00:00:00
600081,东风科技,10.36,0.1934,0.3958,0,2595000,2077437,2615398,-3132961,2026-09-21 00:00:00
600082,ST海泰,3.22,1.8987,1.3252,0,3483976,8254890,7882045,-3111131,2026-09-21 00:00:00
600084,*ST尼雅,4.41,0.9153,0.1798,0,0,1803926,2542043,-738117,2026-09-21 00:00:00
600085,同仁堂,23.66,1.8949,0.4361,14424379,12618231,39350762,34328134,6828776,2026-09-21 00:00:00
600088,中视传媒,14.81,-6.0279,10.4484,47140981,30975279,129828902,153098288,-7103684,2026-09-21 00:00:00
600089,特变电工,18.3,0.9377,0.799,124998473,89625644,144899987,175080556,5192260,2026-09-21 00:00:00
600094,大名城,4.14,2.4752,1.3136,1997783,1006790,22647555,23376621,261927,2026-09-21 00:00:00
600095,湘财股份,9.07,4.6136,2.939,88690595,36438047,188281750,157905725,82628573,2026-09-21 00:00:00
600096,XD云天化,28.28,1.362,0.8294,63299588,45614344,117699873,120314862,15070255,2026-09-21 00:00:00
600097,开创国际,9.4,2.063,1.4629,0,0,879803,3196893,-2317090,2026-09-21 00:00:00
600098,广州发展,6.23,-0.7962,0.4825,1243508,11046682,27955367,18482324,-330131,2026-09-21 00:00:00
600099,林海股份,9.21,1.9934,0.9642,0,0,1117861,458553,659308,2026-09-21 00:00:00
600100,同方股份,6.88,1.1765,0.4992,10832416,4562592,24234567,22539889,7964502,2026-09-21 00:00:00
600101,明星电力,8.04,1.2594,2.0338,6306892,1100800,18684689,25594181,-1703400,2026-09-21 00:00:00
600103,青山纸业,3.84,2.9491,11.2728,65519537,94667634,151581945,157182351,-34748503,2026-09-21 00:00:00
600104,上汽集团,11.06,-0.3604,0.2916,43995204,37869037,71207349,67527342,9806174,2026-09-21 00:00:00
600105,永鼎股份,46.72,0.538,9.2471,700851952,750077184,1497933664,1488343712,-39635280,2026-09-21 00:00:00
600106,重庆路桥,4.47,0.6757,0.6496,61994,3329468,6060017,7103255,-4310712,2026-09-21 00:00:00
600107,*ST尔雅,5.88,4.0708,0.3806,0,0,1133362,655634,477728,2026-09-21 00:00:00
600108,亚盛集团,4.37,5.0481,15.0364,112690087,111944490,244365535,263992478,-18881346,2026-09-21 00:00:00
600109,国金证券,8.33,0.9697,0.5969,29223448,32135307,52862750,43467778,6483113,2026-09-21 00:00:00
600110,诺德股份,12.53,2.0358,12.9549,247107729,341989408,537320320,648955056,-206516415,2026-09-21 00:00:00
600111,北方稀土,37.88,2.7672,1.3826,308309168,209317658,512282256,437825504,173448262,2026-09-21 00:00:00
600113,浙江东日,30.29,0.2648,0.9877,5391796,7762187,28812129,31263555,-4821817,2026-09-21 00:00:00
600114,东睦股份,27.86,-0.7835,1.7258,19316597,32370218,64422476,70874910,-19506055,2026-09-21 00:00:00
600115,中国东航,3.45,1.173,0.8333,77410860,74629413,93450679,119161870,-22929744,2026-09-21 00:00:00
600116,三峡水利,6.15,-0.4854,0.627,0,2563739,13722675,18682748,-7523812,2026-09-21 00:00:00
600117,西宁特钢,2.21,0.9132,0.3907,1169718,1100000,7295902,5488112,1877508,2026-09-21 00:00:00
600118,中国卫星,58.99,-1.0235,2.1259,118656126,167577053,319619920,341753744,-71054751,2026-09-21 00:00:00
600119,*ST长投,5.02,0.8032,0.4639,0,0,2256540,2550264,-293724,2026-09-21 00:00:00
600120,浙江东方,4.78,1.0571,0.9003,20243130,7047788,33291616,40986904,5500054,2026-09-21 00:00:00
600121,郑州煤电,5.01,1.2121,9.7705,34798380,48212452,104609825,119660571,-28464818,2026-09-21 00:00:00
600123,兰花科创,7.31,5.0287,1.878,17535803,7689482,28010446,39548083,-1691316,2026-09-21 00:00:00
600125,铁龙物流,5.34,1.1364,0.6395,7955261,1606640,10133598,11640477,4841742,2026-09-21 00:00:00
600126,杭钢股份,6.24,0.9709,0.863,24558896,19805625,45621230,40444913,9929588,2026-09-21 00:00:00
600127,金健米业,15.75,9.986,28.4482,679747040,508510944,529467728,621890544,78813280,2026-09-21 00:00:00
600128,苏豪弘业,8.56,3.5067,1.3983,0,0,3133275,3733874,-600599,2026-09-21 00:00:00
600129,太极集团,14,4.0119,2.7652,7726631,5293963,45830748,36000658,12262758,2026-09-21 00:00:00
600130,波导股份,4.62,4.2889,3.1964,2947393,2984054,23950326,22278207,1635458,2026-09-21 00:00:00
600131,国网信通,14.31,0.0699,0.4214,2446943,2127781,11178167,15291501,-3794172,2026-09-21 00:00:00
600132,重庆啤酒,38.11,0.9002,0.4882,1808751,2392919,24555302,18600234,5370900,2026-09-21 00:00:00
600133,东湖高新,8.07,-0.1238,0.7442,2138890,5095557,14369192,15987887,-4575362,2026-09-21 00:00:00
600135,乐凯胶片,7.93,0.2528,2.955,1597792,3785000,23873381,19294676,2391497,2026-09-21 00:00:00
600136,ST明诚,1.5,0.6711,0.3235,0,750000,2327812,4290754,-2712942,2026-09-21 00:00:00
600137,浪莎股份,17.65,2.5567,1.2192,0,0,2094002,3193897,-1099895,2026-09-21 00:00:00
600138,中青旅,7.17,1.7021,1.0658,2791595,4512093,12099665,12167261,-1788094,2026-09-21 00:00:00
600141,兴发集团,29.4,0.2387,1.2443,32829871,48785529,122572170,129469459,-22852947,2026-09-21 00:00:00
600143,金发科技,13.41,1.8223,0.9981,53280399,9268799,87162329,80885986,50287943,2026-09-21 00:00:00
600148,长春一东,15.83,1.3444,1.9969,0,1311650,7054992,4920218,823124,2026-09-21 00:00:00
600149,廊坊发展,5.03,2.0284,1.8544,0,0,4423355,4493069,-69714,2026-09-21 00:00:00
600150,中国船舶,41.02,3.927,1.7536,1273095728,924921888,1715494976,1346572720,717096096,2026-09-21 00:00:00
600151,航天机电,9.6,-1.4374,1.4501,1003446,11631793,25575747,42365661,-27418261,2026-09-21 00:00:00
600152,维科技术,7.94,-0.6258,2.2415,1131280,5583780,17172836,9270572,3449764,2026-09-21 00:00:00
600153,建发股份,8.5,1.5532,0.9131,22043346,14000486,47082468,43823711,11301617,2026-09-21 00:00:00
600155,华创云信,6.23,4.1806,2.4837,52374742,18553623,82350726,83575928,32595917,2026-09-21 00:00:00
600156,华升股份,9.27,3.5754,7.6766,11860030,8761793,51735535,47002954,7830818,2026-09-21 00:00:00
600157,永泰能源,1.52,0,1.5665,166886082,184220132,153520559,137577058,-1390549,2026-09-21 00:00:00
600158,中体产业,7.17,1.5581,2.0976,4621814,6052900,32056320,33644197,-3018963,2026-09-21 00:00:00
600159,大龙地产,2.82,4.059,2.3828,1896440,0,7954692,10241178,-390046,2026-09-21 00:00:00
600160,巨化股份,34.85,0.3166,0.9846,97877441,80759585,232999540,370603712,-120486316,2026-09-21 00:00:00
600161,天坛生物,12.48,2.5472,0.8272,12753857,1023318,45283704,41637060,15377183,2026-09-21 00:00:00
600162,香江控股,4.73,2.1598,2.5848,32902070,43271236,80290304,80490883,-10569745,2026-09-21 00:00:00
600163,中闽能源,5.91,-4.3689,6.2161,33188037,148475298,148489585,147962335,-114760011,2026-09-21 00:00:00
600165,宁科生物,3.35,3.3951,3.3634,0,1316601,17883919,19746954,-3179636,2026-09-21 00:00:00
600166,福田汽车,2.79,0.3597,0.7918,31004063,28591777,38915156,45610928,-4283486,2026-09-21 00:00:00
600167,联美控股,5.66,-0.8757,0.2487,0,0,3131272,4184502,-1053230,2026-09-21 00:00:00
600168,武汉控股,4.36,0.6928,0.3795,0,0,3137848,2493480,644368,2026-09-21 00:00:00
600169,ST太重,2.17,0.9302,0.2168,1924305,0,4125347,6143200,-93548,2026-09-21 00:00:00
600170,上海建工,2.25,1.81,1.857,64683355,35221402,114376738,118548975,25289716,2026-09-21 00:00:00
600171,上海贝岭,23.15,-0.2155,1.3744,3913099,17150787,36107257,43616436,-20746867,2026-09-21 00:00:00
600172,黄河旋风,16.42,2.625,13.3385,377780784,348127744,604031632,579624752,54059920,2026-09-21 00:00:00
600173,卧龙新能,6.01,2.0374,0.6501,0,0,3947905,3792594,155311,2026-09-21 00:00:00
600176,中国巨石,45.87,1.888,6.8037,2834244880,2873212624,3090824528,3082540816,-30684032,2026-09-21 00:00:00
600177,雅戈尔,8.17,0.3686,0.5365,11347795,9527210,37309221,37984732,1145074,2026-09-21 00:00:00
600178,东安动力,9.64,0.3122,0.8663,0,2419132,4892066,5568949,-3096015,2026-09-21 00:00:00
600179,安通控股,4.58,0.6593,0.5311,2249860,9594152,17348553,21915346,-11911085,2026-09-21 00:00:00
600180,*ST瑞茂,1.68,3.0675,1.4946,0,0,8249852,7458905,790947,2026-09-21 00:00:00
600182,S佳通,12.78,0.0783,0.6834,0,2401192,2649050,1925840,-1677982,2026-09-21 00:00:00
600183,生益科技,146.27,1.6258,2.7803,2097094112,1977590016,2687119072,2772078880,34544288,2026-09-21 00:00:00
600184,光电股份,21.08,-3.125,6.519,43235345,63155884,164318720,164303181,-19905000,2026-09-21 00:00:00
600185,珠免集团,4.92,2.714,2.0033,8149927,12557512,34667164,51953973,-21694394,2026-09-21 00:00:00
600186,莲花控股,12.5,-0.8723,7.862,136008486,243771224,313064640,410934432,-205632530,2026-09-21 00:00:00
600187,*ST国中,1.3,0.7752,1.1113,645000,645000,9264543,8895355,369188,2026-09-21 00:00:00
600188,兖矿能源,20.44,3.8618,0.7641,77577954,60895512,272044544,176562385,112164601,2026-09-21 00:00:00
600189,泉阳泉,8.27,4.9492,2.1333,8120273,1169850,14638994,21184337,405080,2026-09-21 00:00:00
600191,华资实业,9.91,2.1649,2.7068,5774130,3199232,34464311,38358141,-1318932,2026-09-21 00:00:00
600192,长城电工,7.8,2.0942,4.1301,2614714,0,22653854,26024108,-755540,2026-09-21 00:00:00
600195,中牧股份,6.78,2.4169,0.6868,0,0,11253344,10544171,709173,2026-09-21 00:00:00
600196,复星医药,23.05,4.63,1.6534,144892489,47577969,199139676,188801384,107652812,2026-09-21 00:00:00
600197,伊力特,9.48,1.826,0.7761,1067836,0,8129972,9401280,-203472,2026-09-21 00:00:00
600198,大唐电信,7.68,1.3193,1.2485,2865347,2727155,25091781,31072146,-5842173,2026-09-21 00:00:00
600199,金种子酒,7.32,4.4223,3.4605,12239889,2090880,42255383,24891082,27513310,2026-09-21 00:00:00
600201,生物股份,11.7,-0.2558,1.1993,7963882,15747492,32241891,27814328,-3356047,2026-09-21 00:00:00
600202,哈空调,5.13,3.2193,1.4115,0,0,3015711,2190120,825591,2026-09-21 00:00:00
600203,福日电子,10.15,0.495,3.0018,13263481,17400952,35689058,35552844,-4001257,2026-09-21 00:00:00
600206,有研新材,51.32,-0.5426,8.8324,399532768,497181696,863838336,917996432,-151807024,2026-09-21 00:00:00
600207,安彩高科,4.93,2.2822,3.4961,2620644,6116600,39705489,32892247,3317286,2026-09-21 00:00:00
600208,衢州发展,2.9,1.3986,1.1192,18711124,40572798,71325596,62631339,-13167417,2026-09-21 00:00:00
600210,紫江企业,6.25,0.321,0.8016,8488294,5748885,11212301,9255705,4696005,2026-09-21 00:00:00
600211,西藏药业,36.77,1.7151,0.7584,2330940,1000144,19935497,14948984,6317309,2026-09-21 00:00:00
600212,绿能慧充,5.89,-0.6745,1.1819,1044866,4139340,7956678,7791609,-2929405,2026-09-21 00:00:00
600215,派斯林,6.21,0.6483,0.9319,0,0,706019,2498241,-1792222,2026-09-21 00:00:00
600216,浙江医药,12.82,2.1514,1.793,19767783,28807738,40000891,35934185,-4973249,2026-09-21 00:00:00
600217,中再资环,3.26,0.9288,0.6521,0,2214577,10745275,6752194,1778504,2026-09-21 00:00:00
600218,全柴动力,8.27,9.9734,8.7169,97163619,51850663,69406443,61315028,53404371,2026-09-21 00:00:00
600219,南山铝业,4.77,-0.2092,0.7999,69123868,93620067,86806197,107086687,-44776689,2026-09-21 00:00:00
600221,海航控股,1.25,0.8065,0.5783,157611821,103007232,54896580,98237303,11263866,2026-09-21 00:00:00
600222,太龙药业,7.9,1.1524,3.3234,7078282,7717067,30973324,38366331,-8031792,2026-09-21 00:00:00
600223,福瑞达,5.71,3.6298,1.1174,4346302,2029593,8822061,13796451,-2657681,2026-09-21 00:00:00
600226,亨通股份,6.06,0,2.9249,43266594,92085786,119724816,118280883,-47375259,2026-09-21 00:00:00
600227,赤天化,4.07,4.359,12.1984,39937795,41320965,103484398,115775626,-13674398,2026-09-21 00:00:00
600228,返利科技,12.09,4.4041,8.6003,41105348,59607133,126755074,128838890,-20585601,2026-09-21 00:00:00
600229,城市传媒,5.83,1.2153,2.3405,0,3520331,18370063,12772661,2077071,2026-09-21 00:00:00
600230,沧州大化,13.75,0.9545,1.5417,5938820,7467821,13678978,17584092,-5434115,2026-09-21 00:00:00
600231,凌钢股份,1.72,1.7751,0.5326,2560000,2802280,5120019,5118190,-240451,2026-09-21 00:00:00
600232,金鹰股份,6.58,1.7002,1.1035,0,0,2125173,3882108,-1756935,2026-09-21 00:00:00
600233,圆通速递,18.46,0.7092,0.9264,16965719,7925503,74278336,100055524,-16736972,2026-09-21 00:00:00
600234,科新发展,22.14,2.5,0.834,1128597,2200000,5947584,9250908,-4374727,2026-09-21 00:00:00
600235,民丰特纸,5.86,2.2688,1.1294,0,0,211475,292000,-80525,2026-09-21 00:00:00
600236,XD桂冠电,9.6,-0.2079,0.0726,0,2130129,6217957,9440385,-5352557,2026-09-21 00:00:00
600237,铜峰电子,9.6,1.5873,6.221,21287159,27191882,76757399,82268358,-11415682,2026-09-21 00:00:00
600238,ST椰岛,4.68,1.0799,0.6432,0,0,3472314,3242523,229791,2026-09-21 00:00:00
600239,ST云城,1.45,1.3986,1.0805,1435000,4329570,9523951,9456049,-2826668,2026-09-21 00:00:00
600241,时代万恒,7.3,2.0979,1.0763,0,0,1587835,3311040,-1723205,2026-09-21 00:00:00
600243,*ST海华,3.41,0.59,1.9676,1002000,3731381,9283532,10700749,-4146598,2026-09-21 00:00:00
600246,万通发展,14.12,3.0657,5.6644,193722063,142447082,441394800,353522128,139147653,2026-09-21 00:00:00
600248,陕建股份,2.88,1.0526,0.4558,5567319,2860000,14437269,7672811,9471777,2026-09-21 00:00:00
600249,两面针,5.53,2.4074,1.834,1080382,0,6154642,11330383,-4095359,2026-09-21 00:00:00
600250,南京商旅,9.29,3.2222,3.5822,3674454,4749066,11998469,12618235,-1694378,2026-09-21 00:00:00
600251,冠农股份,10.4,1.7613,1.9534,12099818,16982854,29819597,29533139,-4596578,2026-09-21 00:00:00
600252,中恒集团,2.24,2.7523,2.0965,4722798,4702854,30202700,38189140,-7966496,2026-09-21 00:00:00
600255,鑫科材料,3.73,2.7548,5.1716,31758917,18798219,68625973,76397298,5189373,2026-09-21 00:00:00
600256,广汇能源,7.07,5.2083,2.6284,157524242,185922208,302669840,263517531,10754343,2026-09-21 00:00:00
600257,大湖股份,5.72,2.8777,3.2213,3578040,2820933,11785127,22690839,-10148605,2026-09-21 00:00:00
600258,首旅酒店,11.42,0.6167,1.1779,7081101,4027356,37367444,33047140,7374049,2026-09-21 00:00:00
600259,中稀有色,82.82,1.782,2.5074,94129470,78120928,176769570,171283420,21494692,2026-09-21 00:00:00
600261,阳光照明,3.47,-1.1396,5.2665,6212745,6191223,38344698,43600732,-5234512,2026-09-21 00:00:00
600262,北方股份,15.62,3.5123,2.4622,3645237,1119759,15375095,16638671,1261902,2026-09-21 00:00:00
600265,*ST景谷,22.66,1.5233,0.4142,0,0,2119057,1596792,522265,2026-09-21 00:00:00
600266,城建发展,4.37,4.5455,3.5059,30872128,40542141,72332081,86650806,-23988738,2026-09-21 00:00:00
600267,海正药业,11.87,4.3058,3.1045,64192995,27632015,100347009,104457720,32450269,2026-09-21 00:00:00
600268,国电南自,10.49,1.0597,0.8228,3464844,3750714,19461080,15145403,4029807,2026-09-21 00:00:00
600269,赣粤高速,3.82,0.2625,0.4726,4101141,3237309,9781482,9426985,1218329,2026-09-21 00:00:00
600271,航天信息,6.81,1.7937,0.489,1575646,1346000,12493818,11622533,1100931,2026-09-21 00:00:00
600272,开开实业,16.32,6.7364,22.329,5643567,12385824,84070513,87991021,-10662765,2026-09-21 00:00:00
600273,嘉化能源,6.38,0.6309,0.862,5786658,4872899,18520960,6901525,12533194,2026-09-21 00:00:00
600276,恒瑞医药,46.04,4.8508,1.7883,1049838432,722517840,1605153136,1459876992,472596736,2026-09-21 00:00:00
600278,东方创业,6.67,1.9878,0.557,0,0,4232711,3621441,611270,2026-09-21 00:00:00
600279,重庆港,4.38,1.1547,0.5029,2845629,0,2778483,3809947,1814165,2026-09-21 00:00:00
600280,中央商场,3.2,4.5752,4.2183,7056432,6613383,18738597,19326547,-144901,2026-09-21 00:00:00
600281,华阳新材,4.98,9.9338,2.9043,35752700,2563704,5053308,6402398,31839906,2026-09-21 00:00:00
600282,南钢股份,4.43,-1.5556,0.9085,21285915,81110273,62869631,41537132,-38491859,2026-09-21 00:00:00
600283,钱江水利,8.08,0.7481,0.4149,1568945,4306394,2733976,3156394,-3159867,2026-09-21 00:00:00
600284,浦东建设,5.14,1.3807,0.8982,4018581,1372838,8976227,12847243,-1225273,2026-09-21 00:00:00
600285,羚锐制药,19.12,0.0523,0.7271,0,0,13679568,15106709,-1427141,2026-09-21 00:00:00
600287,苏豪时尚,5.03,3.4979,0.7701,0,0,1676739,1567602,109137,2026-09-21 00:00:00
600288,大恒科技,11.07,0.9116,3.3222,4732630,16835187,42218383,33581363,-3465537,2026-09-21 00:00:00
600289,ST信通,4.51,6.3679,0.9431,398712,0,5375811,6142816,-368293,2026-09-21 00:00:00
600292,电投水电,11.61,-1.6102,2.4153,2923575,16692577,25706616,31219108,-19281494,2026-09-21 00:00:00
600293,三峡新材,3.47,3.8922,10.5553,44567227,30306318,89310713,92310531,11261091,2026-09-21 00:00:00
600295,鄂尔多斯,13.3,0.6813,0.3444,4317988,4116202,8495630,8447978,249438,2026-09-21 00:00:00
600298,安琪酵母,39.15,-1.6332,0.8257,6226841,6069505,42955061,34621453,8490944,2026-09-21 00:00:00
600299,安迪苏,8.55,3.1363,0.9141,13367182,11033456,48083893,46563616,3854003,2026-09-21 00:00:00
600300,维维股份,3.18,1.2739,1.5936,4191444,3480160,14071121,18046690,-3264285,2026-09-21 00:00:00
600301,华锡有色,49.97,9.9934,2.0795,131446408,43687429,46656629,56958107,77457501,2026-09-21 00:00:00
600302,ST标准,7.1,-0.9763,1.0942,0,1068000,5759945,5604738,-912793,2026-09-21 00:00:00
600303,曙光股份,3.14,5.3691,9.4821,36034916,9609131,47206992,42933408,30699369,2026-09-21 00:00:00
600305,恒顺醋业,6.76,1.8072,0.6856,3023725,0,12949672,11446850,4526547,2026-09-21 00:00:00
600307,酒钢宏兴,1.51,2.027,0.63,14142459,9080171,17295190,16351389,6006089,2026-09-21 00:00:00
600308,华泰股份,3.42,6.2112,2.6258,41725516,16897120,23535362,23008974,25354784,2026-09-21 00:00:00
600309,万华化学,70.51,-0.8995,0.851,168316491,280734784,514499824,463400816,-61319285,2026-09-21 00:00:00
600310,广西能源,4.72,0,2.6415,9529059,12981167,32624380,43121211,-13948939,2026-09-21 00:00:00
600312,平高电气,19.49,0,0.8161,5817960,8779610,40149782,38626296,-1438164,2026-09-21 00:00:00
600313,农发种业,7.22,2.2663,6.3855,23492899,22520005,68459564,97835539,-28403081,2026-09-21 00:00:00
600315,上海家化,18.64,4.1923,1.4681,5677919,1966033,48715909,37499751,14928044,2026-09-21 00:00:00
600316,洪都航空,33.63,4.2467,1.8355,46689078,39590407,92014911,79864097,19249485,2026-09-21 00:00:00
600318,新力金融,7.15,3.9244,7.4492,31429391,19040726,33406626,61120554,-15325263,2026-09-21 00:00:00
600319,亚星化学,6.36,3.752,0.9843,0,0,1000757,1506185,-505428,2026-09-21 00:00:00
600320,振华重工,4.21,0.9592,0.8609,11630105,10478004,25586894,30873713,-4134718,2026-09-21 00:00:00
600322,津投城开,2.8,4.8689,3.7065,11755606,7601263,27801559,41675559,-9719657,2026-09-21 00:00:00
600323,瀚蓝环境,28.55,-1.3135,0.6772,10790278,9445680,21113152,22084610,373140,2026-09-21 00:00:00
600325,华发股份,2.73,10.0806,5.8455,67922224,40148844,117561300,104168184,41166496,2026-09-21 00:00:00
600326,西藏天路,6.88,0.7321,0.9392,7364527,10499298,18427218,23269624,-7977177,2026-09-21 00:00:00
600327,大东方,3.96,2.8571,1.8032,2422978,0,7439355,12659005,-2796672,2026-09-21 00:00:00
600328,中盐化工,5.79,2.6596,1.555,15309899,9032686,28919751,31085403,4111561,2026-09-21 00:00:00
600329,达仁堂,35.2,1.9994,0.4096,6543289,3520309,19368547,7931564,14459963,2026-09-21 00:00:00
600330,天通股份,29.41,0.1362,6.9054,329061552,348844848,652019520,549860912,82375312,2026-09-21 00:00:00
600331,宏达股份,11.84,4.0422,2.2363,97644781,55891925,162649501,203195708,1206649,2026-09-21 00:00:00
600332,白云山,19.73,1.0758,0.4113,7491032,6371561,19352968,13507412,6965027,2026-09-21 00:00:00
600333,长春燃气,6.81,1.7937,1.5943,0,2649429,9938721,11119135,-3829843,2026-09-21 00:00:00
600335,国机汽车,5.23,1.3566,0.7504,0,2138496,11801300,4477737,5185067,2026-09-21 00:00:00
600336,澳柯玛,6.45,0.4673,0.7755,2570868,1143269,7190895,8621796,-3302,2026-09-21 00:00:00
600337,ST美克,3.18,2.2508,1.6664,0,5422816,29272740,25495818,-1645894,2026-09-21 00:00:00
600338,西藏珠峰,12.76,1.0293,2.1587,16882216,18627388,57114342,59133802,-3764632,2026-09-21 00:00:00
600339,中油工程,3.39,2.7273,0.9336,15069199,24537570,41017913,34651170,-3101628,2026-09-21 00:00:00
600340,*ST华幸,1.12,0.9009,2.444,8835000,14292309,49121295,51586679,-7922693,2026-09-21 00:00:00
600343,航天动力,21.04,-2.9072,7.5735,68207174,89566591,236006632,163219409,51427806,2026-09-21 00:00:00
600345,长江通信,54.7,0.3854,4.8362,62103093,39688468,135897449,133230790,25081284,2026-09-21 00:00:00
600346,恒力石化,16.6,1.0962,0.4126,24785758,14479889,99072772,131384347,-22005706,2026-09-21 00:00:00
600348,华阳股份,9.13,2.1253,0.7011,20939806,4319552,49017222,53999239,11638237,2026-09-21 00:00:00
600350,山东高速,9.94,-0.6,0.307,4305571,11946392,26788113,24177345,-5030053,2026-09-21 00:00:00
600351,亚宝药业,6.95,5.1437,4.2953,23610204,3325980,42442699,48002867,14724056,2026-09-21 00:00:00
600352,浙江龙盛,12.26,4.0747,1.8492,63532817,80690322,233176739,205840743,10178491,2026-09-21 00:00:00
600353,旭光电子,33.64,-2.5775,7.146,140045818,383302976,430291344,418450496,-231416310,2026-09-21 00:00:00
600354,敦煌种业,10.46,2.2483,24.4225,39989305,90425984,245126140,296338640,-101649179,2026-09-21 00:00:00
600356,恒丰纸业,10.21,-0.9699,5.5693,2853809,3625045,30181593,47127288,-17716931,2026-09-21 00:00:00
600358,国旅联合,5.12,2.1956,0.9809,0,0,3720384,5520863,-1800479,2026-09-21 00:00:00
600359,新农开发,8.08,2.4081,12.7809,8512986,7538654,60298462,70096207,-8823413,2026-09-21 00:00:00
600360,华微电子,11.61,6.0274,11.5183,204121885,125082888,264227445,284593488,58672954,2026-09-21 00:00:00
600361,创新新材,3.53,0.8571,0.7617,11174443,11607497,20909760,20109390,367316,2026-09-21 00:00:00
600362,江西铜业,44.24,0.4769,1.4442,130841629,148382094,364507408,389084592,-42117649,2026-09-21 00:00:00
600363,联创光电,16.01,-0.3113,4.971,15130415,23329583,64793166,77177612,-20583614,2026-09-21 00:00:00
600365,ST通葡,2.86,1.0601,0.3386,0,0,886559,996750,-110191,2026-09-21 00:00:00
600366,宁波韵升,11.43,1.7809,2.1479,28354997,9339603,57176492,63161030,13030856,2026-09-21 00:00:00
600367,红星发展,37.62,-1,14.5309,128350579,278966544,377253888,407963056,-181325133,2026-09-21 00:00:00
600368,五洲交通,4.09,-0.2439,1.0911,5405299,14774846,14867986,17713880,-12215441,2026-09-21 00:00:00
600369,西南证券,3.98,0.5051,0.4001,10389725,14842673,25503607,22810877,-1760218,2026-09-21 00:00:00
600370,*ST三房,1.52,2.7027,0.4469,2031288,1505000,14146576,12619779,2053085,2026-09-21 00:00:00
600371,万向德农,16.39,6.4286,26.9811,45839784,44948692,207164124,210147589,-2092373,2026-09-21 00:00:00
600372,中航机载,11.48,0.6135,0.535,16134741,12204135,77096822,59935253,21092175,2026-09-21 00:00:00
600373,中文传媒,7.49,1.4905,0.9692,0,1496000,18458834,13864046,3098788,2026-09-21 00:00:00
600375,汉马科技,3.73,1.3587,1.304,10007974,1344408,12557240,11780094,9440712,2026-09-21 00:00:00
600376,首开股份,3.31,4.4164,3.739,29438927,16445888,61568677,56848105,17713611,2026-09-21 00:00:00
600377,宁沪高速,12.52,-1.1058,0.3475,1257000,4806831,28744116,38771630,-13577345,2026-09-21 00:00:00
600378,昊华科技,47.75,-0.5208,4.2628,176421161,288287984,540141504,611310752,-183036071,2026-09-21 00:00:00
600379,宝光股份,14.91,3.3264,4.3659,16939769,28400378,45814580,40293515,-5939544,2026-09-21 00:00:00
600380,健康元,9.4,2.2851,0.9224,9834194,1267091,35787322,27657378,16697047,2026-09-21 00:00:00
600381,*ST春天,4.14,6.4267,1.9295,139360,0,14991170,13586090,1544440,2026-09-21 00:00:00
600382,广东明珠,6.25,0.6441,2.8618,1793418,6096000,30785612,32572744,-6089714,2026-09-21 00:00:00
600383,金地集团,2.47,9.7778,8.2631,220743376,196898666,237142740,237158994,23828456,2026-09-21 00:00:00
600386,北巴传媒,3.59,3.1609,1.1067,0,1029078,5091646,3322708,739860,2026-09-21 00:00:00
600388,紫金龙净,17.7,1.4327,0.6289,3572912,4959630,33747341,23261984,9098639,2026-09-21 00:00:00
600389,江山股份,19.23,1.746,2.7909,6702220,19885906,55205093,59641780,-17620373,2026-09-21 00:00:00
600390,五矿资本,4.94,1.2295,0.6529,16683521,14973701,32334995,35560617,-1515802,2026-09-21 00:00:00
600391,航发科技,43.6,6.2896,8.3773,213230365,151654390,226116610,283557328,4135257,2026-09-21 00:00:00
600392,盛和资源,22.2,3.0641,2.6968,96908211,64621914,274842352,242636033,64492616,2026-09-21 00:00:00
600395,盘江股份,5.17,2.7833,1.6543,8964977,9565706,40720585,27721498,12398358,2026-09-21 00:00:00
600396,华电辽能,13.79,1.0256,6.9447,120396660,105632291,260434916,295388848,-20189563,2026-09-21 00:00:00
600397,江钨装备,17.24,0.3492,5.3623,95407354,102469902,213271065,218729980,-12521463,2026-09-21 00:00:00
600398,海澜之家,5.75,-0.6908,0.6395,25228970,13975574,30501155,22102786,19651765,2026-09-21 00:00:00
600399,抚顺特钢,4.51,1.8059,1.376,12083970,7712854,22383595,25000704,1754007,2026-09-21 00:00:00
600400,红豆股份,3.6,4.0462,6.713,57133778,75729564,131646633,162478836,-49427989,2026-09-21 00:00:00
600403,大有能源,6.91,2.5223,3.8261,53835117,28389791,107314741,126480740,6279327,2026-09-21 00:00:00
600405,动力源,5,0.2004,0.866,0,0,4157281,1617785,2539496,2026-09-21 00:00:00
600406,国电南瑞,22.1,0.2268,0.3467,96439191,122071028,126604983,135214947,-34241801,2026-09-21 00:00:00
600408,安泰集团,3.1,2.3102,3.1793,1525000,0,23487203,19940404,5071799,2026-09-21 00:00:00
600409,三友化工,6.52,3.3281,1.0424,6255907,1278000,19245632,14725717,9497822,2026-09-21 00:00:00
600410,华胜天成,17.19,4.0557,18.1648,298282352,227409449,643410176,651378112,62904967,2026-09-21 00:00:00
600415,小商品城,11.93,0.9306,0.6534,52478525,26900529,103448197,114045920,14980273,2026-09-21 00:00:00
600416,湘电股份,8.67,1.7606,0.7684,129630,4696241,29201479,19610407,5024461,2026-09-21 00:00:00
600418,江淮汽车,19.38,0.6753,2.2909,110519732,143784389,219301594,233816912,-47779975,2026-09-21 00:00:00
600419,天润乳业,8.81,2.9206,1.312,0,0,6166901,4148004,2018897,2026-09-21 00:00:00
600420,国药现代,8.37,2.952,0.8257,10411291,0,25039976,18457704,16993563,2026-09-21 00:00:00
600422,昆药集团,8.32,2.2113,0.6766,1062136,4897380,4658099,3228969,-2406114,2026-09-21 00:00:00
600423,*ST柳化,2.73,0,0.4541,0,0,1761580,3107306,-1345726,2026-09-21 00:00:00
600425,青松建化,3.68,3.0812,0.9372,8680735,1346800,12362657,6701603,12994989,2026-09-21 00:00:00
600426,华鲁恒升,20.53,5.4443,2.3462,144168050,112366613,267695402,290545152,8951687,2026-09-21 00:00:00
600428,中远海特,11.51,3.0439,1.6477,30542491,39142772,95351699,121583615,-34832197,2026-09-21 00:00:00
600429,三元股份,4.63,1.0917,0.7067,1017088,0,6028033,6554427,490694,2026-09-21 00:00:00
600433,冠豪高新,3.38,2.1148,1.455,9896218,2256156,17191598,19426680,5404980,2026-09-21 00:00:00
600435,北方导航,11.93,4.5574,2.3561,25297668,12740091,105356924,55911949,62002552,2026-09-21 00:00:00
600436,片仔癀,121.02,2.2906,0.4065,18215351,14731197,79056558,59784569,22756143,2026-09-21 00:00:00
600438,通威股份,11.59,2.1145,0.6061,20584303,11856450,91933132,67255322,33405663,2026-09-21 00:00:00
600439,ST瑞贝卡,1.9,1.0638,0.6371,940000,0,4796148,3242275,2493873,2026-09-21 00:00:00
600444,国机通用,14.26,2.7378,1.3781,0,0,2926979,3213781,-286802,2026-09-21 00:00:00
600446,金证股份,11.01,5.0573,2.8246,39935170,12414193,74776947,76573875,25724049,2026-09-21 00:00:00
600448,华纺股份,3.89,9.887,39.3342,97412013,227834947,159760458,147924479,-118586955,2026-09-21 00:00:00
600449,宁夏建材,13.25,-0.0754,2.9511,7610920,15403970,43481433,57263727,-21575344,2026-09-21 00:00:00
600452,涪陵电力,9.18,0.7684,2.4354,59699390,37187495,85525693,73106876,34930712,2026-09-21 00:00:00
600455,博通股份,23.71,1.8908,1.8814,0,0,3041804,3215587,-173783,2026-09-21 00:00:00
600456,宝钛股份,25.69,1.7426,0.7846,3816961,3295712,19020400,19103394,438255,2026-09-21 00:00:00
600458,时代新材,11.34,-0.2639,1.6771,3434184,7377483,20011562,46845512,-30777249,2026-09-21 00:00:00
600459,贵研铂业,19.36,0.676,1.47,10285319,12486848,52134188,61250702,-11318043,2026-09-21 00:00:00
600460,士兰微,33.27,1.5258,6.1292,407431008,478918112,721693888,840714624,-190507840,2026-09-21 00:00:00
600461,洪城环境,8.88,-0.7821,0.9743,6086555,8386684,25089071,16123456,6665486,2026-09-21 00:00:00
600463,空港股份,8.27,4.2875,1.4233,0,0,7169136,8091762,-922626,2026-09-21 00:00:00
600467,好当家,2.49,4.1841,3.6873,7239666,9916254,27689503,26572141,-1559226,2026-09-21 00:00:00
600468,百利电气,6.45,0.624,2.1431,12147080,8833693,21848009,21956560,3204836,2026-09-21 00:00:00
600469,风神股份,5.06,1.4028,0.7851,2689716,4118910,9115437,5715057,1971186,2026-09-21 00:00:00
600470,六国化工,5.84,2.6362,3.5393,0,0,24799410,25947070,-1147660,2026-09-21 00:00:00
600475,华光环能,15.22,2.3537,0.7402,3333544,0,33495142,27351278,9477408,2026-09-21 00:00:00
600476,*ST湘邮,10.27,0.293,0.5529,0,0,891704,2141155,-1249451,2026-09-21 00:00:00
600477,杭萧钢构,2.47,2.0661,1.247,10633267,7926105,15057326,8702104,9062384,2026-09-21 00:00:00
600478,科力远,4.55,-1.5152,1.8098,1087203,36695942,24355571,29693385,-40946553,2026-09-21 00:00:00
600479,千金药业,12.34,6.1962,16.7039,74690588,37717720,190499883,160846316,66626435,2026-09-21 00:00:00
600480,凌云股份,7.8,1.1673,0.9517,1021800,1741516,13282886,13670452,-1107282,2026-09-21 00:00:00
600481,双良节能,4.18,0.7229,1.0371,5497856,2666790,16402876,16180387,3053555,2026-09-21 00:00:00
600482,中国动力,35.55,4.7128,0.8601,34565650,39867796,172636832,159476155,7858531,2026-09-21 00:00:00
600483,福能股份,10.86,-1.3624,0.3395,2648008,2875143,13510952,18239699,-4955882,2026-09-21 00:00:00
600486,扬农化工,53.74,2.5573,0.7782,7517463,5265518,42626377,34385149,10493173,2026-09-21 00:00:00
600487,亨通光电,71.75,3.2523,7.4241,3298770784,3237011792,3296907184,3255701312,102964864,2026-09-21 00:00:00
600488,津药药业,6.29,3.1148,11.3275,49853789,33021457,165685170,143705894,38811608,2026-09-21 00:00:00
600489,中金黄金,23.61,-1.8295,1.2501,112744561,221685252,360544400,350919552,-99315843,2026-09-21 00:00:00
600490,鹏欣资源,7.13,-0.8345,1.2399,9208489,24514433,36652827,39419626,-18072743,2026-09-21 00:00:00
600491,ST龙元,1.67,-1.7647,3.0589,1665000,2054935,24247731,28348753,-4490957,2026-09-21 00:00:00
600493,凤竹纺织,6.41,2.3962,2.7842,0,1278000,4089628,6165124,-3353496,2026-09-21 00:00:00
600495,晋西车轴,4.09,0.9877,0.761,561379,4186617,6365709,5640085,-2899614,2026-09-21 00:00:00
600496,精工钢构,3.35,0.2994,1.2606,6462253,11380282,23586910,18243947,424934,2026-09-21 00:00:00
600497,驰宏锌锗,9.66,1.046,1.5134,79790683,125197348,126832183,172141936,-90716418,2026-09-21 00:00:00
600498,烽火通信,44.15,0.3637,6.7079,368091440,547645488,933168032,902746880,-149132896,2026-09-21 00:00:00
600499,科达制造,13.39,-0.372,1.0064,12447707,49834302,57573766,49979291,-29792120,2026-09-21 00:00:00
600500,中化国际,5.87,0.1706,2.3285,50287997,88383918,118212670,102765380,-22648631,2026-09-21 00:00:00
600501,航天晨光,15.05,0.7363,1.106,0,95966,10862192,15440080,-4673854,2026-09-21 00:00:00
600502,安徽建工,4.14,-3.0445,3.8326,20831242,28832050,70704845,62127773,576264,2026-09-21 00:00:00
600503,华丽家族,2.43,9.9548,5.4909,52020926,4815297,57486524,55628536,49063617,2026-09-21 00:00:00
600505,西昌电力,10.73,0.7512,2.0868,2918355,6293334,19025199,15484302,165918,2026-09-21 00:00:00
600506,统一股份,16.84,-0.8829,4.5498,1218727,6333106,30919790,37540659,-11735248,2026-09-21 00:00:00
600507,方大特钢,4.11,0.2439,0.4672,7295630,0,8131831,8733570,6693891,2026-09-21 00:00:00
600508,上海能源,10.92,2.6316,1.6889,3757786,1029245,26856386,22578631,7006296,2026-09-21 00:00:00
600509,天富能源,7.31,0.6887,0.9773,9490446,7900580,19293223,23596530,-2713441,2026-09-21 00:00:00
600510,黑牡丹,6.72,2.9096,0.6212,0,0,9467625,8505644,961981,2026-09-21 00:00:00
600511,国药股份,26.27,0.8058,0.5546,2214287,1144503,17858170,13793159,5134795,2026-09-21 00:00:00
600512,腾达建设,2.09,1.4563,1.5241,0,3120000,13710341,11646951,-1056610,2026-09-21 00:00:00
600513,联环药业,15.38,3.569,3.8154,1004992,4223543,24819473,30126911,-8525989,2026-09-21 00:00:00
600515,海南机场,2.8,1.8182,1.0027,33636463,24656433,60947223,58132853,11794400,2026-09-21 00:00:00
600516,方大炭素,5.53,-1.25,1.6424,21641924,32945312,69375519,87307821,-29235690,2026-09-21 00:00:00
600517,国网英大,4.98,-0.4,0.3326,2513864,5116027,17903563,17741120,-2439720,2026-09-21 00:00:00
600518,康美药业,1.38,2.2222,1.0779,59207895,29966233,71771903,73755520,27258045,2026-09-21 00:00:00
600519,贵州茅台,1252.57,-0.3619,0.2001,651109824,639878896,994921840,1038428208,-32275440,2026-09-21 00:00:00
600520,三佳科技,26.11,-0.4575,5.3793,4391867,16434330,37924908,42106738,-16224293,2026-09-21 00:00:00
600521,华海药业,16.66,3.2218,2.3359,57471303,52983342,136899147,107143174,34243934,2026-09-21 00:00:00
600522,中天科技,36.95,2.6959,6.9367,1896467296,1319466080,2017231232,2004480352,589752096,2026-09-21 00:00:00
600523,贵航股份,12,1.5228,0.7308,1264800,0,3663596,1972881,2955515,2026-09-21 00:00:00
600525,长园集团,5.08,3.8855,1.8982,11528172,12574494,37244067,33505937,2691808,2026-09-21 00:00:00
600526,菲达环保,4.62,1.3158,0.7148,1149336,2010800,6134401,5094623,178314,2026-09-21 00:00:00
600527,江南高纤,2.25,2.2727,2.3464,8288758,9996253,16648794,19241815,-4300516,2026-09-21 00:00:00
600528,中铁工业,6.86,0.2924,0.3123,7895773,2397500,8216460,13734848,-20115,2026-09-21 00:00:00
600529,山东药玻,18.72,1.5735,0.8913,16542754,7432000,25807592,20983536,13934810,2026-09-21 00:00:00
600530,ST交昂,4,7.2386,1.2638,0,0,7027431,6204362,823069,2026-09-21 00:00:00
600531,豫光金铅,12.23,-0.6499,1.9166,18037160,38034306,41108856,50178672,-29066962,2026-09-21 00:00:00
600533,栖霞建设,2.27,3.1818,1.8237,1305456,0,7650026,11007831,-2052349,2026-09-21 00:00:00
600535,天士力,14.07,1.5152,0.9216,5960291,1972782,48926704,42774928,10139285,2026-09-21 00:00:00
600536,中国软件,31.94,0.8844,1.2329,19917538,30023492,80800974,77120274,-6425254,2026-09-21 00:00:00
600537,*ST亿晶,2.12,0.4739,1.526,2343928,2209620,15160867,13316283,1978892,2026-09-21 00:00:00
600538,国发股份,4.91,0.2041,1.02,0,0,3281843,6545664,-3263821,2026-09-21 00:00:00
600539,狮头股份,13.48,1.2772,2.9348,1073558,2468300,17076958,20388138,-4705922,2026-09-21 00:00:00
600540,新赛股份,5.65,3.1022,10.5728,4335576,15589240,52902649,67933855,-26284870,2026-09-21 00:00:00
600543,*ST莫高,4.17,2.2059,0.5743,0,399662,3765976,2426440,939874,2026-09-21 00:00:00
600545,卓郎智能,4.58,0.6593,5.904,47174957,39668482,104775492,92326826,19955141,2026-09-21 00:00:00
600546,山煤国际,13.61,1.643,1.0198,20270664,5692260,58737637,44951994,28364047,2026-09-21 00:00:00
600547,山东黄金,32.23,-1.6478,1.6806,257994411,272188288,408268144,691198672,-297124405,2026-09-21 00:00:00
600548,深高速,8.11,-0.246,0.2035,710370,0,8557578,6727628,2540320,2026-09-21 00:00:00
600549,厦门钨业,50.2,-0.5744,2.0764,193103144,234710083,404216384,423277488,-60668043,2026-09-21 00:00:00
600550,保变电气,10.91,0.2757,0.7314,12182856,10813911,24741063,33763096,-7653088,2026-09-21 00:00:00
600551,时代出版,7.66,1.8617,2.8488,4603090,8750638,28973117,29210733,-4385164,2026-09-21 00:00:00
600552,凯盛科技,18.06,1.0632,7.0342,113820291,123879043,250192077,244623573,-4490248,2026-09-21 00:00:00
600556,天下秀,4.67,0.6466,1.704,7445247,10440384,32744585,27565100,2184348,2026-09-21 00:00:00
600557,康缘药业,12.42,2.8146,1.2135,1185324,1331253,10451369,11601908,-1296468,2026-09-21 00:00:00
600558,大西洋,4.92,3.3613,2.3364,10665968,5402353,27344386,23827899,8780102,2026-09-21 00:00:00
600559,老白干酒,11.18,1.3599,1.0322,5691088,5691697,23975147,15196352,8778186,2026-09-21 00:00:00
600560,金自天正,11.26,2.4568,0.9947,0,0,2483882,878399,1605483,2026-09-21 00:00:00
600561,江西长运,5.85,2.4518,1.4045,0,0,925953,542216,383737,2026-09-21 00:00:00
600562,国睿科技,27.76,0.7988,0.6346,1562384,2847984,37481559,31773840,4422119,2026-09-21 00:00:00
600563,法拉电子,123.86,-0.4821,1.611,37874426,49111180,103900883,114317620,-21653491,2026-09-21 00:00:00
600566,济川药业,24.96,-0.9131,0.4141,981176,3558550,11342511,8718174,46963,2026-09-21 00:00:00
600567,山鹰国际,1.35,0.7463,0.9675,25689199,15444228,25109613,25047783,10306801,2026-09-21 00:00:00
600568,ST中珠,2.42,1.2552,0.6739,0,1011500,10934316,9927610,-4794,2026-09-21 00:00:00
600569,安阳钢铁,1.81,1.6854,0.8016,0,1091249,8412671,10444642,-3123220,2026-09-21 00:00:00
600570,恒生电子,20.4,1.2407,0.7614,20902516,27479297,76167844,61355807,8235256,2026-09-21 00:00:00
600571,信雅达,10.58,1.9268,1.2405,1148895,1049000,11092998,9329764,1863129,2026-09-21 00:00:00
600572,康恩贝,4.38,2.8169,2.3109,22234489,32600604,63618741,53803852,-551226,2026-09-21 00:00:00
600573,惠泉啤酒,10.05,3.6082,2.1382,1202524,170352,11103718,8911667,3224223,2026-09-21 00:00:00
600575,淮河能源,3.24,0,0.8228,8354972,2697881,26503862,29474960,2685993,2026-09-21 00:00:00
600576,祥源文旅,5.47,1.4842,1.3227,6405522,1013576,9133974,6421315,8104605,2026-09-21 00:00:00
600577,精达股份,8.98,2.9817,7.2996,115411288,229226233,256618405,305828752,-163025292,2026-09-21 00:00:00
600578,京能电力,5.38,0.1862,0.6474,23791363,41056818,39928903,57494908,-34831460,2026-09-21 00:00:00
600579,中化装备,7.25,1.1158,1.3792,0,333303,10579651,9238318,1008030,2026-09-21 00:00:00
600580,卧龙电驱,27.46,0.6967,1.4623,40832333,32506271,124898297,149779059,-16554700,2026-09-21 00:00:00
600581,*ST八钢,2.46,1.2346,0.3809,1219756,0,2643060,3202886,659930,2026-09-21 00:00:00
600582,天地科技,4.88,-0.2045,0.458,2290516,2960336,8226471,13596241,-6039590,2026-09-21 00:00:00
600583,海油工程,6.53,7.7558,2.0449,47409825,43131184,121183778,137911982,-12449563,2026-09-21 00:00:00
600584,长电科技,72.22,-1.0685,6.4458,1172113808,1549667808,1816799472,2123596832,-684351360,2026-09-21 00:00:00
600585,海螺水泥,17.25,1.3514,0.5054,44991081,37797881,94697944,66795992,35095152,2026-09-21 00:00:00
600586,金晶科技,4.09,0.7389,0.9426,5991048,0,8188217,19139125,-4959860,2026-09-21 00:00:00
600587,新华医疗,13.4,10.0164,4.1091,124846915,66198387,78112526,60780876,75980178,2026-09-21 00:00:00
600588,用友网络,9.57,1.1628,0.9391,25772802,47527602,62119691,59276367,-18911476,2026-09-21 00:00:00
600589,大位科技,7.85,0.3836,2.8945,28225389,43444670,71690819,101152408,-44680870,2026-09-21 00:00:00
600590,泰豪科技,8.84,1.6092,3.1391,5096838,16415165,47874486,42429625,-5873466,2026-09-21 00:00:00
600592,龙溪股份,14.72,0.5464,1.3885,2426330,403876,15019251,17591025,-549320,2026-09-21 00:00:00
600593,大连圣亚,48.57,10.0113,12.0584,140657457,55128262,188020166,174964456,98584905,2026-09-21 00:00:00
600594,益佰制药,3.82,7.3034,5.3913,9491131,3960167,35895841,26947068,14479737,2026-09-21 00:00:00
600595,中孚实业,6.04,-0.9836,1.4799,32687785,56353693,79746244,78056258,-21975922,2026-09-21 00:00:00
600596,新安股份,12.03,0.3336,3.6916,65345619,74336901,157950382,156717639,-7758539,2026-09-21 00:00:00
600597,光明乳业,6.82,2.4024,0.7443,0,0,11359453,6795323,4564130,2026-09-21 00:00:00
600598,北大荒,12.82,1.4241,1.5603,23785152,34512272,64818607,82814899,-28723412,2026-09-21 00:00:00
600600,青岛啤酒,50.21,0.2996,0.4414,12198003,20934873,43036911,33389194,910847,2026-09-21 00:00:00
600601,方正科技,15.25,5.1724,6.3636,995264016,983981088,969021456,1046860896,-66556512,2026-09-21 00:00:00
600602,云赛智联,17.2,0.7026,1.4075,29110619,31001372,56898638,59308316,-4300431,2026-09-21 00:00:00
600603,广汇物流,4.89,0.2049,0.6914,0,0,4623462,10871091,-6247629,2026-09-21 00:00:00
600604,市北高新,4.77,3.4707,1.7149,8124055,6539509,18876871,31200616,-10739199,2026-09-21 00:00:00
600605,汇通能源,27.2,1.4925,3.2138,11783201,20011261,65014931,71474776,-14687905,2026-09-21 00:00:00
600606,绿地控股,1.6,10.3448,3.9575,248894666,178455568,199111774,241937692,27613180,2026-09-21 00:00:00
600609,金杯汽车,3.74,4.1783,8.7547,24844388,30407310,93258438,88460144,-764628,2026-09-21 00:00:00
600610,中毅达,7.78,2.5033,3.6946,7477509,3935334,39373828,41999373,916630,2026-09-21 00:00:00
600611,大众交通,4.57,0.883,2.2747,8128323,8057745,38107249,38153521,24306,2026-09-21 00:00:00
600612,老凤祥,31.6,0.4769,0.3289,0,0,3592580,2097749,1494831,2026-09-21 00:00:00
600613,神奇制药,9.25,9.9881,18.5933,312818800,74177786,188788729,151963625,275466118,2026-09-21 00:00:00
600615,鑫源智造,9.44,1.3963,0.5428,0,0,560040,0,560040,2026-09-21 00:00:00
600616,金枫酒业,5.1,4.0816,6.1746,10977084,9918982,38784620,37956004,1886718,2026-09-21 00:00:00
600617,国新能源,3.36,2.7523,1.5958,2106815,1488529,8863441,14365652,-4883925,2026-09-21 00:00:00
600618,氯碱化工,9.96,1.4257,0.5744,1646008,2964000,5694411,4634615,-258196,2026-09-21 00:00:00
600619,海立股份,13.18,-0.6033,1.3523,0,22040211,29385473,28938719,-21593457,2026-09-21 00:00:00
600620,天宸股份,4.41,3.5211,0.9837,0,0,1025256,4325487,-3300231,2026-09-21 00:00:00
600621,华鑫股份,14.24,0.9929,5.374,75292762,113951386,201924693,181018563,-17752494,2026-09-21 00:00:00
600622,光大嘉宝,2.49,3.75,2.5922,5356059,5892125,16930062,22952028,-6558032,2026-09-21 00:00:00
600623,华谊集团,8.53,1.4269,0.5513,1875713,2191070,16722452,18610752,-2203657,2026-09-21 00:00:00
600624,ST复华,4.77,4.3764,0.842,310822,333102,6376027,7171465,-817718,2026-09-21 00:00:00
600626,申达股份,3.89,5.7065,2.1162,2111997,0,25320784,19078921,8353860,2026-09-21 00:00:00
600628,新世界,6.46,3.6918,1.6144,959778,3240325,9836280,7204881,350852,2026-09-21 00:00:00
600629,华建集团,16.59,2.0295,1.8596,26744191,27581078,94325201,91306459,2181855,2026-09-21 00:00:00
600630,龙头股份,9.12,10.0121,10.7971,156360716,136301161,71872866,85876623,6055798,2026-09-21 00:00:00
600633,浙数文化,10.33,0.4864,1.1217,11559781,20821407,24368644,29386347,-14279329,2026-09-21 00:00:00
600635,大众公用,4.62,2.2124,1.2201,8630290,4557966,29564485,22470580,11166229,2026-09-21 00:00:00
600637,东方明珠,8.84,1.9608,1.6465,80221320,74428320,111136903,102173826,14756077,2026-09-21 00:00:00
600638,新黄浦,5.14,3.006,4.2453,3757237,8753849,27143948,29409881,-7262545,2026-09-21 00:00:00
600639,浦东金桥,9.92,0.7107,0.9892,1013928,465192,16655865,13220704,3983897,2026-09-21 00:00:00
600640,国脉文化,12.54,3.9801,6.5709,58288330,59868896,132680959,100345883,30754510,2026-09-21 00:00:00
600641,先导基电,39.76,6.5952,9.1807,531871136,343298832,807402416,790249632,205725088,2026-09-21 00:00:00
600642,申能股份,8.6,-0.8074,0.2755,3437437,1691598,22294894,16972071,7068662,2026-09-21 00:00:00
600643,爱建集团,4.17,2.963,1.064,2074744,1519014,10313716,9914176,955270,2026-09-21 00:00:00
600644,乐山电力,9.97,1.9427,7.4008,20194010,6320252,94308392,73706428,34475722,2026-09-21 00:00:00
600645,中源协和,19.05,4.7279,2.4325,12220553,7991129,43182794,37126106,10286112,2026-09-21 00:00:00
600648,外高桥,9.49,0.5297,0.1581,0,1501224,1866631,511449,-146042,2026-09-21 00:00:00
600649,城投控股,4.11,4.0506,1.8278,28463292,11938789,34273249,45641169,5156583,2026-09-21 00:00:00
600650,锦江在线,10.42,1.0669,0.4976,0,0,3147247,3189906,-42659,2026-09-21 00:00:00
600651,飞乐音响,5.23,0.5769,0.4392,0,1008867,15974305,11847425,3118013,2026-09-21 00:00:00
600653,申华控股,1.75,2.9412,1.7167,10544198,10452851,17071206,15341931,1820622,2026-09-21 00:00:00
600654,中安科,3.12,1.9608,2.8276,10536005,14999478,40773575,37652620,-1342518,2026-09-21 00:00:00
600655,豫园股份,4.67,2.1882,0.4582,1883939,1006474,12705183,13484248,98400,2026-09-21 00:00:00
600657,信达地产,3.15,7.5085,4.1516,46564896,26476005,80982460,95582269,5489082,2026-09-21 00:00:00
600658,电子城,4.18,2.7027,1.2429,0,1339620,8857974,13194408,-5676054,2026-09-21 00:00:00
600660,福耀玻璃,54.14,0.8569,0.3917,25247343,19315769,136186079,127979011,14138642,2026-09-21 00:00:00
600661,昂立教育,8.83,4.745,2.6358,0,0,9599025,5521038,4077987,2026-09-21 00:00:00
600662,外服控股,4.25,0.9501,0.5021,0,1118936,6278967,7197557,-2037526,2026-09-21 00:00:00
600663,陆家嘴,9.1,2.2472,0.4343,2608314,6925550,14394406,13009808,-2932638,2026-09-21 00:00:00
600664,哈药股份,8.25,10,7.7009,980625872,184054626,262720938,294677216,764614968,2026-09-21 00:00:00
600665,天地源,3.51,3.5398,1.6238,0,0,8321267,13561339,-5240072,2026-09-21 00:00:00
600666,奥瑞德,3.53,-0.2825,4.0436,25196038,43221675,56588510,76525810,-37962937,2026-09-21 00:00:00
600667,太极实业,20.3,-0.782,10.5832,484288752,617339856,975466304,1065962656,-223547456,2026-09-21 00:00:00
600668,尖峰集团,7.4,2.9207,1.1656,0,0,5723514,7978898,-2255384,2026-09-21 00:00:00
600671,天目药业,23.84,5.4401,3.7186,6298265,11683979,26943108,30674785,-9117391,2026-09-21 00:00:00
600673,东阳光,31.48,-1.9925,0.8244,84151262,120403005,197232214,222155774,-61175303,2026-09-21 00:00:00
600674,川投能源,15.91,0.9518,0.5495,19910615,13989364,150521633,120573372,35869512,2026-09-21 00:00:00
600675,中华企业,2.45,6.0606,1.9123,49939545,21882725,70834677,74901497,23990000,2026-09-21 00:00:00
600676,久事动娱,6.85,1.632,1.1212,2424362,7162142,20797273,21722020,-5662527,2026-09-21 00:00:00
600678,ST金顶,5.8,-0.5146,1.9094,1324800,3447796,8740062,15060962,-8443896,2026-09-21 00:00:00
600679,上海凤凰,10.52,2.3346,2.3034,1268526,0,11214092,7710853,4771765,2026-09-21 00:00:00
600681,百川能源,3.52,1.1494,1.0369,1160406,0,12369742,7976141,5554007,2026-09-21 00:00:00
600682,南京新百,5.97,7.1813,3.6117,26407751,2945000,46886939,58629421,11720269,2026-09-21 00:00:00
600683,京投发展,9.99,3.6307,3.1065,7243075,4259260,43573921,35167436,11390300,2026-09-21 00:00:00
600684,珠江股份,3.64,4.5977,2.2975,1729738,0,10395708,13957505,-1832059,2026-09-21 00:00:00
600685,中船防务,30.31,5.3162,3.1797,68143296,41666239,207738618,154630053,79585622,2026-09-21 00:00:00
600686,金龙汽车,11.14,2.9575,3.4609,25250607,23902826,53257428,57507955,-2902746,2026-09-21 00:00:00
600688,上海石化,2.84,1.4286,0.7537,19052159,12375733,41066203,34654533,13088096,2026-09-21 00:00:00
600689,上海三毛,12.33,0.8177,3.0723,1530854,7577406,9836761,13127591,-9337382,2026-09-21 00:00:00
600690,海尔智家,19.89,-3.8201,1.505,194659767,232082525,309425696,349742064,-77739126,2026-09-21 00:00:00
600691,潞化科技,2.95,2.0761,2.2179,5618904,12892043,31038340,34030226,-10265025,2026-09-21 00:00:00
600692,亚通股份,6.59,3.4537,2.5137,1672592,0,4400466,6928669,-855611,2026-09-21 00:00:00
600693,东百集团,9.97,5.058,8.6216,57171978,21813319,146061937,128296910,53123686,2026-09-21 00:00:00
600694,大商股份,14.57,1.0402,0.8287,2162130,2621717,10119474,9661125,-1238,2026-09-21 00:00:00
600697,欧亚集团,11.79,3.5119,6.1172,1252029,0,8191065,15254130,-5811036,2026-09-21 00:00:00
600698,湖南天雁,7.18,1.1268,3.6069,17127229,22622550,34611473,37595825,-8479673,2026-09-21 00:00:00
600699,均胜电子,20.95,4.0218,4.8337,135367294,122585619,393129472,305287536,100623611,2026-09-21 00:00:00
600702,舍得酒业,33.7,2.5875,1.8176,8453653,6324023,61427957,50095466,13462121,2026-09-21 00:00:00
600703,三安光电,12.98,0,1.9421,194230265,269350112,256520734,293962352,-112561465,2026-09-21 00:00:00
600704,物产中大,4.89,-0.2041,0.5882,17023455,26930855,44157653,29753515,4496738,2026-09-21 00:00:00
600706,曲江文旅,8.73,6.0753,6.7441,2390142,1087040,16707615,19549730,-1539013,2026-09-21 00:00:00
600707,彩虹股份,9.85,6.6017,7.9878,966377536,374130304,526618256,604138608,514726880,2026-09-21 00:00:00
600708,光明地产,3.16,3.9474,1.4295,10812522,7864717,21471994,26038769,-1618970,2026-09-21 00:00:00
600710,苏美达,11.53,1.1404,0.8204,15647565,10871973,19457691,18064750,6168533,2026-09-21 00:00:00
600711,盛屯矿业,10.94,-0.816,1.3839,33675188,66115515,101956126,132971617,-63455818,2026-09-21 00:00:00
600712,南宁百货,5.89,10.0935,13.5927,39353665,27510614,89512627,97624511,3731167,2026-09-21 00:00:00
600713,南京医药,5.08,0.994,0.9277,2342907,9839340,9588377,16432464,-14340520,2026-09-21 00:00:00
600714,金瑞矿业,19.25,10,8.298,92151566,25507511,126092941,98064480,94672516,2026-09-21 00:00:00
600715,文投控股,1.65,1.227,1.1333,4285728,4913592,22323879,13923450,7772565,2026-09-21 00:00:00
600716,凤凰股份,3.73,4.7753,0.7674,0,1094456,3076645,2439271,-457082,2026-09-21 00:00:00
600717,天津港,4.27,0.4706,0.7445,11897328,16531074,17240732,10062902,2544084,2026-09-21 00:00:00
600718,东软集团,8.11,2.5284,0.7584,0,1067368,15807583,9591481,5148734,2026-09-21 00:00:00
600719,大连热电,8.17,-2.9691,9.4497,13233007,15054856,55846517,71509731,-17485063,2026-09-21 00:00:00
600720,中交设计,5.23,0.9653,0.5187,2028056,0,6502945,4596105,3934896,2026-09-21 00:00:00
600721,百花医药,13.15,10.0418,29.0224,394406848,87759172,264456577,333508640,237595613,2026-09-21 00:00:00
600722,金牛化工,16.64,3.8702,13.7243,119894769,130327601,277574912,276880304,-9738224,2026-09-21 00:00:00
600724,宁波富达,5.06,2.0161,0.4581,0,0,3487542,7916385,-4428843,2026-09-21 00:00:00
600725,云维股份,3.34,1.5198,0.9523,0,0,13462846,9031980,4430866,2026-09-21 00:00:00
600726,华电能源,5.3,0.5693,0.8382,21619079,23985469,38398399,57137261,-21105252,2026-09-21 00:00:00
600727,鲁北化工,7.62,1.7356,1.6686,4384927,4104355,11390551,17905412,-6234289,2026-09-21 00:00:00
600728,佳都科技,4.53,0.4435,0.851,6166641,1257916,19401676,18187906,6122495,2026-09-21 00:00:00
600729,重百集团,18.51,0.6525,2.0594,1851873,10606168,12294730,12040307,-8499872,2026-09-21 00:00:00
600730,*ST高科,9.31,2.1954,2.4567,6006014,3861622,45438176,33539061,14043507,2026-09-21 00:00:00
600731,湖南海利,5.91,2.4263,0.852,1169792,1999776,4966520,3635741,500795,2026-09-21 00:00:00
600732,爱旭股份,11.04,1.845,1.8067,37766485,46898312,101665199,102536366,-10002994,2026-09-21 00:00:00
600733,北汽蓝谷,4.65,2.4229,1.5695,73624601,30021812,101968279,119247074,26323994,2026-09-21 00:00:00
600734,*ST实达,2,3.6269,2.6003,0,0,39595979,30693342,8902637,2026-09-21 00:00:00
600735,ST新华锦,6.64,-0.7474,1.1505,0,434850,4039605,8363419,-4758664,2026-09-21 00:00:00
600736,苏州高新,6.77,3.5168,2.321,13987137,5204614,43361703,42367879,9776347,2026-09-21 00:00:00
600737,中粮糖业,15.2,2.8417,4.1444,188746471,164713044,338696704,293227744,69502387,2026-09-21 00:00:00
600738,丽尚国潮,4.37,3.066,2.1853,0,5522666,13563329,10996246,-2955583,2026-09-21 00:00:00
600739,辽宁成大,10.49,1.3527,0.7323,8359986,18590877,25318591,24394000,-9306300,2026-09-21 00:00:00
600740,山西焦化,3.84,2.1277,1.048,1511222,6184876,18947616,18974611,-4700649,2026-09-21 00:00:00
600741,华域汽车,14.8,-0.5376,0.4346,16733217,17945920,38054968,34176267,2665998,2026-09-21 00:00:00
600742,富维股份,7.73,0,0.7348,1355970,4434603,6375463,5385489,-2088659,2026-09-21 00:00:00
600743,华远控股,2.33,9.9057,0.6986,28134137,2097000,0,6847637,19189500,2026-09-21 00:00:00
600744,华银电力,6.58,2.9734,5.1989,63121492,39269761,130755906,142736507,11871130,2026-09-21 00:00:00
600745,*ST闻泰,16.86,0.7168,1.6913,18435224,23757778,97584000,89707348,2554098,2026-09-21 00:00:00
600746,江苏索普,7.21,-0.8253,1.3935,1967056,1667848,13264576,22914215,-9350431,2026-09-21 00:00:00
600748,上实发展,4.06,5.1813,1.1494,7677108,1677923,12862500,15629726,3231959,2026-09-21 00:00:00
600749,西藏旅游,13.89,1.6837,3.3473,4140695,2394780,18407608,23999612,-3846089,2026-09-21 00:00:00
600750,华润江中,22.31,0.3147,0.4985,1636752,2184572,11450216,11488768,-586372,2026-09-21 00:00:00
600751,海航科技,3.02,0.6667,1.1312,2169592,15438745,11623257,18867861,-20513757,2026-09-21 00:00:00
600753,ST海钦,12.37,4.1246,1.3659,594573,1357550,11546283,12914744,-2131438,2026-09-21 00:00:00
600754,锦江酒店,18.62,0.7031,0.8321,4392490,5507618,29476552,32616166,-4254742,2026-09-21 00:00:00
600755,厦门国贸,5.65,0.8929,0.6657,6324892,4392283,19551533,17315004,4169138,2026-09-21 00:00:00
600756,浪潮软件,14.01,2.1137,2.0268,286668,1313148,14198453,14380943,-1208970,2026-09-21 00:00:00
600757,长江传媒,7.3,1.108,1.0222,3908147,2861093,21096229,15554333,6588950,2026-09-21 00:00:00
600758,辽宁能源,3.74,1.9074,2.8577,13873714,6690815,28300933,29852789,5631043,2026-09-21 00:00:00
600759,ST洲际,2.38,0.8475,1.7935,6947566,6422351,43014939,47761093,-4220939,2026-09-21 00:00:00
600760,中航沈飞,45,2.5057,0.5508,54856881,45235988,204783707,174251427,40153173,2026-09-21 00:00:00
600761,安徽合力,15.46,0,0.6766,5487702,5918014,18659079,15990020,2238747,2026-09-21 00:00:00
600763,通策医疗,34.06,4.0954,2.5089,26476786,16747242,112344341,76778497,45295388,2026-09-21 00:00:00
600764,中国海防,19.05,2.09,0.9636,11217218,5393059,22543301,25477360,2890100,2026-09-21 00:00:00
600765,中航重机,13.62,1.3393,0.9733,12203601,11853331,52473174,47020266,5803178,2026-09-21 00:00:00
600768,富邦新材,14.69,2.3693,1.5442,0,0,3027039,2359058,667981,2026-09-21 00:00:00
600769,祥龙电业,16.4,0.9852,3.0845,8725457,11814627,32019452,41945516,-13015234,2026-09-21 00:00:00
600770,综艺股份,6.03,5.0523,6.1482,60063914,16417137,117702580,102040217,59309140,2026-09-21 00:00:00
600771,广誉远,13.96,1.7493,1.6778,3829359,8171848,22565451,19196312,-973350,2026-09-21 00:00:00
600773,西藏城投,10.37,3.1841,2.197,12870975,17496196,48482945,53525061,-9667337,2026-09-21 00:00:00
600774,汉商集团,7.94,5.8667,1.9138,0,0,1780869,2595614,-814745,2026-09-21 00:00:00
600775,南京熊猫,9.95,2.261,2.1514,5868638,5791962,25214312,26365444,-1074456,2026-09-21 00:00:00
600776,东方通信,13.75,1.7765,2.1877,16225057,14482193,55373110,59082645,-1966671,2026-09-21 00:00:00
600777,新潮能源,4.03,-0.9828,0.3401,12362500,23687118,19837505,29360759,-20847872,2026-09-21 00:00:00
600778,友好集团,5.95,3.1196,4.5488,4525061,3324130,8214009,10348334,-933394,2026-09-21 00:00:00
600779,水井坊,26.75,3.2022,0.6199,3202543,0,21612770,10279788,14535525,2026-09-21 00:00:00
600780,通宝能源,6.25,1.626,1.2211,2951898,8922983,19403794,27267700,-13834991,2026-09-21 00:00:00
600782,新钢股份,2.71,1.1194,1.2554,5801235,14083400,30463594,22563419,-381990,2026-09-21 00:00:00
600783,鲁信创投,15.6,1.6287,1.6345,5787531,4392097,16061098,45103320,-27646788,2026-09-21 00:00:00
600784,鲁银投资,7.21,1.8362,1.1385,2195528,5265532,13508940,10695755,-256819,2026-09-21 00:00:00
600785,新华百货,11.35,9.9806,8.8723,96330880,21243240,79311077,60149384,94249333,2026-09-21 00:00:00
600787,中储股份,4.63,1.5351,0.7631,10144871,5241528,16075153,13164969,7813527,2026-09-21 00:00:00
600789,鲁抗医药,7.86,3.6939,4.1172,18855346,20360266,55571862,71755140,-17688198,2026-09-21 00:00:00
600790,轻纺城,3.68,1.3774,2.343,8030152,6437358,28919916,26756666,3756044,2026-09-21 00:00:00
600791,京能置业,7.26,4.3103,3.4572,296310,2593148,22230624,31480712,-11546926,2026-09-21 00:00:00
600792,云煤能源,5.46,3.0189,11.4412,34740121,37691836,125219238,132496360,-10228837,2026-09-21 00:00:00
600793,宜宾纸业,17.78,2.7746,4.5914,1000453,2336074,24038169,22168395,534153,2026-09-21 00:00:00
600794,保税科技,3.24,0.9346,0.9072,3280752,8382249,6085749,5967174,-4982922,2026-09-21 00:00:00
600795,国电电力,5.25,-0.1901,0.6347,86195679,87081274,169701351,118343151,50472605,2026-09-21 00:00:00
600796,钱江生化,5.1,1.7964,1.2282,0,0,913670,941048,-27378,2026-09-21 00:00:00
600797,浙大网新,6.72,1.6641,1.2745,8231076,2251467,23282530,17202545,12059594,2026-09-21 00:00:00
600798,宁波海运,3.5,0.8646,1.7026,1230600,1037750,12136653,11335143,994360,2026-09-21 00:00:00
600800,渤海化学,3.36,2.7523,2.0323,1174175,5925198,12220154,15959881,-8490750,2026-09-21 00:00:00
600801,华新建材,24.41,0.4527,0.4544,1431440,7925453,14100142,17948630,-10342501,2026-09-21 00:00:00
600802,福建水泥,5.61,-2.2648,7.3168,5903254,7619262,23792581,32935607,-10859034,2026-09-21 00:00:00
600803,新奥股份,18.82,0.8034,0.1868,1015300,0,10619083,8008970,3625413,2026-09-21 00:00:00
600805,悦达投资,4.57,2.0089,0.944,0,0,7340021,10726991,-3386970,2026-09-21 00:00:00
600807,济高发展,2.68,3.4749,1.7883,855003,0,6419894,6310185,964712,2026-09-21 00:00:00
600808,马钢股份,2.57,0,1.0537,16976958,11724328,41680098,45849126,1083602,2026-09-21 00:00:00
600809,山西汾酒,112.8,0.0887,0.3617,25272661,25324500,124286621,124765152,-530370,2026-09-21 00:00:00
600810,神马股份,6.41,1.5848,0.4161,0,0,3894603,3927905,-33302,2026-09-21 00:00:00
600812,华北制药,5.08,9.9567,5.1861,133200097,31149088,130951466,100467602,132534873,2026-09-21 00:00:00
600814,杭州解百,7.16,3.3189,2.0034,7623818,2169089,14218509,20223809,-550571,2026-09-21 00:00:00
600815,厦工股份,3.81,4.9587,3.7729,51284408,19663273,59329797,60356587,30594345,2026-09-21 00:00:00
600816,建元信托,2.42,0,1.1067,16379690,29177311,39342154,34536875,-7992342,2026-09-21 00:00:00
600817,宇通重工,9.72,-0.2053,0.2309,0,0,1203492,1481407,-277915,2026-09-21 00:00:00
600818,ST中路,9.11,2.8217,1.9573,0,84816,11922923,13242884,-1404777,2026-09-21 00:00:00
600819,耀皮玻璃,5.66,1.6158,1.0642,0,4017702,6900072,6287153,-3404783,2026-09-21 00:00:00
600820,隧道股份,5.27,0.1901,0.468,8367263,4736280,10562162,9102713,5090432,2026-09-21 00:00:00
600821,金开新能,6.12,-0.6494,2.5967,8749428,55291255,57555666,64474658,-53460819,2026-09-21 00:00:00
600822,上海物贸,9.48,0.8511,5.302,5140631,0,31395652,35622149,914134,2026-09-21 00:00:00
600824,益民集团,3.74,2.7473,1.2079,2168250,2654925,6876185,9384627,-2995117,2026-09-21 00:00:00
600825,新华传媒,5.84,9.9812,0.238,12631686,1168000,0,2281688,9181998,2026-09-21 00:00:00
600826,兰生股份,7.85,3.0184,0.9484,0,0,9236797,5301479,3935318,2026-09-21 00:00:00
600827,百联股份,7.87,1.027,0.8052,1013865,3669226,26819972,19622912,4541699,2026-09-21 00:00:00
600828,茂业商业,4.42,4,1.9903,6019191,1311000,21703172,14929415,11481948,2026-09-21 00:00:00
600829,人民同泰,10.08,4.7817,3.0836,6118091,4914265,34558523,33003943,2758406,2026-09-21 00:00:00
600830,香溢融通,8.67,2.1201,4.0652,2494361,15737161,44465442,33502768,-2280126,2026-09-21 00:00:00
600831,广电网络,3.37,4.0123,2.4123,3624880,4408384,6145736,12291436,-6929204,2026-09-21 00:00:00
600833,第一医药,10.9,4.4061,4.2126,2385863,1624245,17636078,19781353,-1383657,2026-09-21 00:00:00
600834,申通地铁,7.66,1.1889,0.3547,0,1265009,978937,261120,-547192,2026-09-21 00:00:00
600835,上海机电,18.66,4.9494,1.7614,16742310,11412110,69080792,44344581,30066411,2026-09-21 00:00:00
600838,上海九百,8.71,1.397,8.0703,6914878,17152043,38150257,37548484,-9635392,2026-09-21 00:00:00
600839,四川长虹,6.73,0.4478,0.7647,30765289,20195454,53874814,62245977,2198672,2026-09-21 00:00:00
600841,动力新科,5.89,0.6838,1.3011,4114961,5952287,11172431,14691615,-5356510,2026-09-21 00:00:00
600843,上工申贝,6.91,0.436,0.9615,0,0,3030435,5963641,-2933206,2026-09-21 00:00:00
600844,金煤科技,3.4,0.5917,3.8739,0,6038398,21052519,22872664,-7858543,2026-09-21 00:00:00
600845,宝信软件,18.13,0.8904,1.0456,26623964,31244911,67614924,102856575,-39862598,2026-09-21 00:00:00
600846,同济科技,11.01,0.5479,0.3204,0,3696306,6809368,3434419,-321357,2026-09-21 00:00:00
600847,万里股份,13.75,-1.2213,11.2238,5551525,10981937,40839951,40907431,-5497892,2026-09-21 00:00:00
600848,上海临港,8.63,1.4101,0.3734,0,1204531,9405572,12531159,-4330118,2026-09-21 00:00:00
600850,电科数字,14.11,0.7138,0.7638,5453243,6329982,18075949,15594326,1604884,2026-09-21 00:00:00
600851,海欣股份,8.68,4.9577,1.7185,10120250,10409062,19232122,30661122,-11717812,2026-09-21 00:00:00
600853,龙建股份,3.32,1.8405,0.8755,0,3724605,2746878,6508500,-7486227,2026-09-21 00:00:00
600854,春兰股份,4.71,2.1692,1.0491,0,0,3011915,3842325,-830410,2026-09-21 00:00:00
600855,航天长峰,13.42,1.0542,1.804,98331,3777380,23718429,27318480,-7279100,2026-09-21 00:00:00
600857,宁波中百,23.41,10.0094,3.6823,42087410,18121702,44564273,45045959,23484022,2026-09-21 00:00:00
600858,银座股份,5.06,2.0161,1.3697,0,0,3095543,3752261,-656718,2026-09-21 00:00:00
600859,王府井,10,2.8807,1.447,13232684,8181784,39858528,33703153,11206275,2026-09-21 00:00:00
600860,京城股份,7.72,-4.3371,3.7599,1165211,8132507,19429195,28117279,-15655380,2026-09-21 00:00:00
600861,北京人力,12.82,0.9449,0.2853,62328,0,2280920,4487576,-2144328,2026-09-21 00:00:00
600862,中航高科,18.3,1.7798,0.8181,17510042,11052482,41233070,38593838,9096792,2026-09-21 00:00:00
600863,华能蒙电,4.75,0.4228,0.7264,34833526,26219072,59266349,58886747,8994056,2026-09-21 00:00:00
600864,哈投股份,5.95,1.3629,2.9253,39898753,40017560,92316997,85741050,6457140,2026-09-21 00:00:00
600865,百大集团,11.44,5.3407,14.2779,17366317,27312498,104396797,98324369,-3873753,2026-09-21 00:00:00
600866,星湖科技,4.23,3.423,1.6529,15292494,3762000,18718106,25520566,4728034,2026-09-21 00:00:00
600867,通化东宝,7.96,1.4013,0.8288,13067654,7414441,28055905,29926828,3782290,2026-09-21 00:00:00
600868,梅雁吉祥,2.86,1.0601,1.656,6391994,4642488,16569882,17887258,432130,2026-09-21 00:00:00
600869,远东股份,22.94,7.1462,13.6802,1503282896,772526368,1426024432,1428853952,727927008,2026-09-21 00:00:00
600871,石化油服,2.25,3.6866,1.0425,36349311,22327022,86457049,71598526,28880812,2026-09-21 00:00:00
600872,中炬高新,17.27,0.641,1.1678,9526999,23273316,36701839,23007506,-51984,2026-09-21 00:00:00
600873,梅花生物,7.54,0.1328,0.5258,0,7016312,19345545,12211118,118115,2026-09-21 00:00:00
600874,创业环保,5.57,0.5415,0.4484,1108000,0,8643733,6538738,3212995,2026-09-21 00:00:00
600875,东方电气,24.49,0.2867,1.0897,65624353,116695593,134104665,152737818,-69704393,2026-09-21 00:00:00
600876,凯盛新能,8.34,-0.7143,4.9236,2235390,8471049,23533800,31749395,-14451254,2026-09-21 00:00:00
600877,电科芯片,12.16,-0.5724,0.9422,6427612,11452302,20448595,24497553,-9073648,2026-09-21 00:00:00
600879,航天电子,14.72,0,1.8903,40398900,88422771,152344076,197139348,-92819143,2026-09-21 00:00:00
600880,博瑞传播,4.9,-3.5433,10.3526,54930617,79659027,128518486,144718989,-40928913,2026-09-21 00:00:00
600881,亚泰集团,1.9,-1.5544,7.1085,27974197,82557968,102940466,100733866,-52377171,2026-09-21 00:00:00
600882,妙可蓝多,19.48,1.8828,0.5951,0,0,3940116,5285687,-1345571,2026-09-21 00:00:00
600883,博闻科技,8.04,3.0769,1.8419,0,0,5972234,5602210,370024,2026-09-21 00:00:00
600884,杉杉股份,11.21,0.2683,1.1664,25102012,42618273,54064532,59667765,-23119494,2026-09-21 00:00:00
600885,宏发股份,34.08,0,0.6137,10343754,20103837,56747050,45734907,1252060,2026-09-21 00:00:00
600886,国投电力,14.25,-0.3497,0.3321,16152490,5757035,104354808,57380970,57369293,2026-09-21 00:00:00
600887,伊利股份,26.65,0.188,0.6095,127101384,103274192,338813728,257231709,105409211,2026-09-21 00:00:00
600888,新疆众和,10.25,2.8084,3.3498,95361785,93478121,132682155,114333445,20232374,2026-09-21 00:00:00
600889,*ST京化,13.36,0.3757,0.2191,0,0,2184043,2134427,49616,2026-09-21 00:00:00
600892,大晟文化,4.13,2.9925,6.6228,5082186,4380715,32709748,33042446,368773,2026-09-21 00:00:00
600893,航发动力,40.53,3.4192,1.3111,198561537,119693975,379032352,379611328,78288586,2026-09-21 00:00:00
600894,广日股份,7.92,10,2.1976,32236447,1828476,34916297,27992632,37331636,2026-09-21 00:00:00
600895,张江高科,28.73,0.5952,0.9755,28346199,66294626,137031051,120769331,-21686707,2026-09-21 00:00:00
600897,厦门空港,15.32,1.3228,0.7016,0,4092100,5152271,6927243,-5867072,2026-09-21 00:00:00
600900,长江电力,28.1,-0.6013,0.2725,338002752,176223409,516130528,484753328,193156543,2026-09-21 00:00:00
600901,江苏金租,6.67,-0.4478,0.4377,7297557,6263700,37303547,28676946,9660458,2026-09-21 00:00:00
600903,贵州燃气,6.79,1.952,4.3939,15705598,23584685,76891203,86674835,-17662719,2026-09-21 00:00:00
600905,三峡能源,3.64,-0.274,0.1729,29562737,31218737,43363782,37512421,4195361,2026-09-21 00:00:00
600906,财达证券,6.52,0.9288,1.3697,22687872,28960748,33523145,44396911,-17146642,2026-09-21 00:00:00
600908,无锡银行,5.75,-0.1736,0.7323,5007020,1011481,14830961,12444006,6382494,2026-09-21 00:00:00
600909,华安证券,8.14,3.038,2.0606,150830404,144269321,183587878,210055775,-19906814,2026-09-21 00:00:00
600916,中国黄金,7.47,-0.1337,0.9435,5471378,13176664,21561959,22846448,-8989775,2026-09-21 00:00:00
600917,重庆燃气,4.93,1.0246,0.3659,1405242,0,5526532,9010904,-2079130,2026-09-21 00:00:00
600918,中泰证券,5.52,1.2844,0.5925,16678357,15713314,32067834,37183034,-4150157,2026-09-21 00:00:00
600919,江苏银行,12.13,-0.3287,0.4628,189868308,102518093,307753568,247709066,147394717,2026-09-21 00:00:00
600925,苏能股份,4.14,0.9756,0.4189,0,0,3456226,3188222,268004,2026-09-21 00:00:00
600926,杭州银行,17.18,0.2334,0.5623,65526492,43907684,183879343,162409612,43088539,2026-09-21 00:00:00
600927,永安期货,12.64,2.8478,0.4804,10493632,1033200,19928845,16509796,12879481,2026-09-21 00:00:00
600928,西安银行,3.5,0,0.4465,3022689,0,11685626,11319590,3388725,2026-09-21 00:00:00
600929,雪天盐业,6.43,5.4098,4.0498,48036889,16089946,73026635,90054974,14918604,2026-09-21 00:00:00
600930,华电新能,3.98,0.2519,0.8226,42007798,44314253,82841717,76810139,3725123,2026-09-21 00:00:00
600933,爱柯迪,14.55,3.7063,2.9897,24897138,11935354,111560833,103094517,21428100,2026-09-21 00:00:00
600935,华塑股份,2.42,4.3103,0.9966,15163191,0,16656974,10742741,21077424,2026-09-21 00:00:00
600936,北投科技,4.53,0,2.0929,6182405,14256958,44232806,46353369,-10195116,2026-09-21 00:00:00
600938,中国海油,33.54,3.839,1.761,529410048,198443014,248694281,382378096,197283219,2026-09-21 00:00:00
600939,重庆建工,2.69,2.6718,0.6662,2111169,1183700,4912733,6300500,-460298,2026-09-21 00:00:00
600941,中国移动,96.01,-0.6416,1.0128,107638814,128073454,187313406,248659345,-81780579,2026-09-21 00:00:00
600955,维远股份,12.6,1.6129,0.385,0,0,6343778,4143949,2199829,2026-09-21 00:00:00
600956,新天绿能,7.29,1.1096,0.2804,0,732645,5874733,5005349,136739,2026-09-21 00:00:00
600958,东方证券,8.94,1.2458,0.4818,67972512,36810260,90459049,81495994,40125307,2026-09-21 00:00:00
600959,江苏有线,3.15,0.9615,0.5335,10392571,8498442,25281948,25546932,1629145,2026-09-21 00:00:00
600960,渤海汽车,3.94,1.0256,0.8182,0,0,4657528,8782110,-4124582,2026-09-21 00:00:00
600961,株冶集团,25.01,-1.9216,2.4511,44862375,55314655,155994190,110188824,35353086,2026-09-21 00:00:00
600962,国投中鲁,27.03,2.7366,2.2484,7203218,3529919,44990945,39871987,8792257,2026-09-21 00:00:00
600963,岳阳林纸,3.44,1.4749,1.6817,2886162,17682793,22424141,13207537,-5580027,2026-09-21 00:00:00
600965,*ST福成,2.77,1.0949,0.3463,0,0,365917,2232199,-1866282,2026-09-21 00:00:00
600966,博汇纸业,5.04,2.0243,0.9636,6206669,4975558,10512440,11827531,-83980,2026-09-21 00:00:00
600967,内蒙一机,13.86,2.2124,4.0842,61683493,75617853,223671051,187700417,22036274,2026-09-21 00:00:00
600968,海油发展,4.01,1.519,0.3227,8419624,8269644,36261735,27787873,8623842,2026-09-21 00:00:00
600969,郴电国际,10.32,4.6653,3.5602,7457485,3469851,26146981,22656333,7478282,2026-09-21 00:00:00
600970,中材国际,7.67,-0.3896,0.5379,19809015,27298852,24606887,18466691,-1349641,2026-09-21 00:00:00
600971,恒源煤电,8.54,2.3981,1.0755,6719069,45315,9421014,6394837,9699931,2026-09-21 00:00:00
600973,宝胜股份,6.16,0.8183,0.8873,5754207,3257615,16929423,16838154,2587861,2026-09-21 00:00:00
600975,新五丰,5.34,2.4952,2.2086,6693791,4570688,34015295,34504341,1634057,2026-09-21 00:00:00
600976,健民集团,27.58,4.3116,1.6489,5147994,0,13766295,11272242,7642047,2026-09-21 00:00:00
600977,中国电影,13.53,4.6404,3.3707,68569830,36613605,184031803,207385225,8602803,2026-09-21 00:00:00
600979,广安爱众,4.01,-0.4963,2.0383,6371294,11843042,20320571,20055424,-5206601,2026-09-21 00:00:00
600980,北矿科技,19.39,2.8102,1.2833,1029429,3842007,4463339,2200030,-549269,2026-09-21 00:00:00
600981,苏豪汇鸿,2.45,2.5105,0.8026,3024280,1629495,6318519,6233361,1479943,2026-09-21 00:00:00
600982,宁波能源,5.16,-0.7692,1.8457,4501520,4945604,19945930,24274411,-4772565,2026-09-21 00:00:00
600983,惠而浦,7.38,0.2717,0.1062,0,0,498433,740150,-241717,2026-09-21 00:00:00
600984,建设机械,3.55,0.8523,1.481,0,7018118,13348364,17036010,-10705764,2026-09-21 00:00:00
600985,淮北矿业,16.71,1.6423,0.607,35750968,33916565,44267707,33110745,12991365,2026-09-21 00:00:00
600986,浙文互联,7.19,1.2676,2.1378,21057140,7364515,48672814,40298276,22067163,2026-09-21 00:00:00
600987,航民股份,6.38,0.6309,0.4234,1911440,2622721,5822857,4343352,768224,2026-09-21 00:00:00
600988,赤峰黄金,42.96,-2.9372,2.2777,169922117,225680403,361217248,458413760,-152954798,2026-09-21 00:00:00
600989,宝丰能源,23.7,0.4663,0.5805,95144359,102324670,286308304,267601877,11526116,2026-09-21 00:00:00
600990,四创电子,18.29,1.2735,0.7953,0,0,3475155,5796770,-2321615,2026-09-21 00:00:00
600992,贵绳股份,10.57,9.9896,6.284,27155330,2628929,36878868,22922740,38482529,2026-09-21 00:00:00
600993,马应龙,22.72,0.2206,0.7117,0,0,5864272,5060980,803292,2026-09-21 00:00:00
600995,南网储能,12.24,-0.6494,0.2099,1224000,3447598,14167514,16939326,-4995410,2026-09-21 00:00:00
600996,贵广网络,7.11,2.7457,1.7571,10395820,8341912,30908967,36392671,-3429796,2026-09-21 00:00:00
600997,开滦股份,5.26,1.938,0.6717,0,0,4941592,3639780,1301812,2026-09-21 00:00:00
600998,九州通,5.01,0.2,0.7592,20933869,5928580,39733895,46089326,8649858,2026-09-21 00:00:00
600999,招商证券,17.91,1.8192,0.5782,127135913,114648703,165290182,196753749,-18976357,2026-09-21 00:00:00
601000,唐山港,4.47,0,0.6454,17590973,18995945,37325685,24749683,11171030,2026-09-21 00:00:00
601001,晋控煤业,17.61,4.7591,1.4636,11464869,12732142,75367660,64724819,9375568,2026-09-21 00:00:00
601002,晋亿实业,5.28,0.7634,0.6532,0,1004784,2255343,5562173,-4311614,2026-09-21 00:00:00
601003,柳钢股份,3.6,1.1236,0.4975,1237100,1278000,10613063,9935780,636383,2026-09-21 00:00:00
601005,重庆钢铁,1.22,1.6667,1.0255,49827341,31056383,26067497,26631767,18206688,2026-09-21 00:00:00
601006,大秦铁路,4.72,0.4255,0.5725,120276298,140872225,111373015,109708643,-18931555,2026-09-21 00:00:00
601007,金陵饭店,6.91,2.2189,1.6703,0,0,6054994,3956744,2098250,2026-09-21 00:00:00
601008,连云港,4.53,2.027,1.3951,3778042,0,13638368,14551413,2864997,2026-09-21 00:00:00
601009,南京银行,11.82,0.1695,0.3065,41723262,18583645,69359888,80600129,11899376,2026-09-21 00:00:00
601010,ST文峰,1.49,1.3605,0.7298,735000,0,6515998,9086055,-1835057,2026-09-21 00:00:00
601011,宝泰隆,3.01,3.7931,2.325,23933418,0,21361273,22911113,22383578,2026-09-21 00:00:00
601012,隆基绿能,11.36,1.1576,0.8353,132421126,97383893,176085120,173433492,37688861,2026-09-21 00:00:00
601015,陕西黑猫,3.64,0.5525,2.9569,15656421,13428860,44014917,52018942,-5776464,2026-09-21 00:00:00
601016,节能风电,3.39,-1.1662,1.355,14433647,35679586,48821906,58527096,-30951129,2026-09-21 00:00:00
601018,宁波港,3.47,1.462,0.3601,14796886,24372979,39052248,42352766,-12876611,2026-09-21 00:00:00
601019,山东出版,6.81,1.1887,0.5136,2247089,0,15401348,12857004,4791433,2026-09-21 00:00:00
601020,华钰矿业,21.23,-0.9795,2.022,37612513,53982903,88246195,80938747,-9062942,2026-09-21 00:00:00
601021,春秋航空,41.94,0.0955,0.4997,19651241,8776606,62534840,61424925,11984550,2026-09-21 00:00:00
601022,宁波远洋,8.96,4.918,1.9796,19637183,7166605,45378168,40894940,16953806,2026-09-21 00:00:00
601026,道生天合,15.6,-2.1944,11.713,2575560,6363761,34095892,58331788,-28024097,2026-09-21 00:00:00
601033,永兴股份,14.36,-0.1391,1.1789,0,0,6202064,4166552,2035512,2026-09-21 00:00:00
601038,一拖股份,14.05,-1.5417,1.307,0,617000,11541671,8972536,1952135,2026-09-21 00:00:00
601058,赛轮轮胎,13.79,-0.4332,1.5625,63733105,66153971,234098800,156972268,74705666,2026-09-21 00:00:00
601059,信达证券,15.56,,,0,0,0,0,0,2026-09-21 00:00:00
601061,中信金属,11.63,0.7799,0.2301,2594880,7808046,20557843,17392210,-2047533,2026-09-21 00:00:00
601065,江盐集团,6.78,1.194,0.508,0,1352000,6414227,5385941,-323714,2026-09-21 00:00:00
601066,中信建投,23.79,0.7197,0.1759,8085900,22360676,74937268,67907105,-7244613,2026-09-21 00:00:00
601068,中铝国际,4.43,0.6818,0.3765,1599673,1731709,6186262,6223871,-169645,2026-09-21 00:00:00
601069,西部黄金,27.51,-1.75,1.4621,10207354,33214201,66488660,88861930,-45380117,2026-09-21 00:00:00
601077,渝农商行,6.59,0.9188,0.6934,57063469,18504597,98593678,129909319,7243231,2026-09-21 00:00:00
601083,锦江航运,13.02,3.6624,5.9228,0,0,24953132,18011964,6941168,2026-09-21 00:00:00
601086,国芳集团,17.67,10.0249,9.4737,153792530,97083375,304687488,287872752,73523891,2026-09-21 00:00:00
601088,中国神华,46.8,1.233,0.1039,33112721,39403041,179746203,146845429,26610454,2026-09-21 00:00:00
601089,福元医药,16.36,3.8071,0.8289,1308512,0,10835973,11265752,878733,2026-09-21 00:00:00
601096,宏盛华源,4.16,1.2165,0.9137,8670270,3760362,14284551,14580222,4614237,2026-09-21 00:00:00
601098,中南传媒,10.4,1.1673,0.5237,3839364,1467712,17292539,16482145,3182046,2026-09-21 00:00:00
601099,太平洋,3.57,2.8818,2.7655,198444526,115919282,164877237,156803407,90599074,2026-09-21 00:00:00
601100,恒立液压,93.48,1.3883,0.7498,67737431,34852984,193882670,178689406,48077711,2026-09-21 00:00:00
601101,昊华能源,13.5,4.4892,1.6069,9365465,2645708,61318222,51571854,16466125,2026-09-21 00:00:00
601106,中国一重,3.06,0.6579,0.7401,17479388,20377849,37113266,28605658,5609147,2026-09-21 00:00:00
601107,四川成渝,5.93,-0.3361,0.2651,0,0,2449743,3906048,-1456305,2026-09-21 00:00:00
601108,财通证券,8.6,1.8957,1.1273,72271784,64552571,101908852,148845880,-39217815,2026-09-21 00:00:00
601111,中国国航,5.89,1.0292,0.6174,69095879,105036486,81220881,94240782,-48960508,2026-09-21 00:00:00
601112,振石股份,17.17,1,7.0791,6423669,3804310,41912822,36218589,8313592,2026-09-21 00:00:00
601113,华鼎股份,3.53,4.1298,1.8522,3160085,2423000,14595760,13579333,1753512,2026-09-21 00:00:00
601116,三江购物,10.47,4.491,3.176,5825338,0,26846854,33970528,-1298336,2026-09-21 00:00:00
601117,中国化学,7.25,0.8345,0.6062,64687509,42615072,72250127,75122831,19199733,2026-09-21 00:00:00
601118,海南橡胶,6.39,3.9024,2.868,79402200,63821447,151218536,169769370,-2970081,2026-09-21 00:00:00
601121,宝地矿业,7.28,1.2517,1.1198,2582433,2823694,11741351,9451098,2048992,2026-09-21 00:00:00
601126,四方股份,40.58,-1.0244,2.2566,37016785,59464586,179162012,131755905,24958306,2026-09-21 00:00:00
601127,赛力斯,47.76,1.2079,1.3126,54542969,70595168,209565098,231859091,-38346192,2026-09-21 00:00:00
601128,常熟银行,6.25,-0.319,0.9115,19366385,34416540,59693168,46099295,-1456282,2026-09-21 00:00:00
601133,XD柏诚股,25.79,-0.6166,4.5309,28185448,25175854,90711553,69375483,24345664,2026-09-21 00:00:00
601136,首创证券,14.51,2.1112,0.5694,17819606,12283234,71052180,47102505,29486047,2026-09-21 00:00:00
601137,博威合金,20.65,0.7317,1.3075,16901295,16236601,55425830,54811295,1279229,2026-09-21 00:00:00
601138,工业富联,63.6,1.4192,0.48,1085130864,1427059904,1557335216,1422690640,-207284464,2026-09-21 00:00:00
601139,深圳燃气,6.32,-0.3155,0.4431,4574015,0,11057841,9398292,6233564,2026-09-21 00:00:00
601155,新城控股,12.7,3.7582,2.3156,32837667,35324478,125487853,145917204,-22916162,2026-09-21 00:00:00
601156,东航物流,18.09,0.0553,0.632,6479969,3007240,11680256,15881232,-728247,2026-09-21 00:00:00
601158,重庆水务,4.02,0.2494,0.1565,1873222,0,7048595,5411959,3509858,2026-09-21 00:00:00
601162,天风证券,3.69,1.6529,1.6528,84521829,95207175,138823635,117370738,10767551,2026-09-21 00:00:00
601163,三角轮胎,12.48,0.7264,0.215,1247000,0,3010175,5571915,-1314740,2026-09-21 00:00:00
601166,兴业银行,17.73,-0.2812,0.2595,117109124,145765964,309795856,275729904,5409112,2026-09-21 00:00:00
601168,西部矿业,36.23,0.5551,1.1815,179673604,177275947,197424975,253123129,-53300497,2026-09-21 00:00:00
601169,北京银行,5.54,0,0.735,210093327,103566373,200646570,281290480,25883044,2026-09-21 00:00:00
601177,杭齿前进,13.79,1.4717,1.0191,0,0,10572960,12018084,-1445124,2026-09-21 00:00:00
601179,中国西电,12.37,1.1447,1.008,91892953,63041002,104648153,125883540,7616564,2026-09-21 00:00:00
601186,中国铁建,6.06,0.4975,0.2059,30194228,14387448,29467121,30317809,14956092,2026-09-21 00:00:00
601187,厦门银行,6.88,0,0.975,24492078,8331333,39148021,22586185,32722581,2026-09-21 00:00:00
601188,龙江交通,2.91,1.7483,1.012,4899242,1189152,11727913,4718562,10719441,2026-09-21 00:00:00
601198,东兴证券,13.06,,,0,0,0,0,0,2026-09-21 00:00:00
601199,江南水务,6.61,0.7622,1.94,9352227,17502950,26065411,28451626,-10536938,2026-09-21 00:00:00
601200,上海环境,6.86,0.4392,0.4249,0,0,8417488,12955321,-4537833,2026-09-21 00:00:00
601208,东材科技,52.75,2.8265,7.1786,573300592,376404880,987800272,957485328,227210656,2026-09-21 00:00:00
601211,国泰海通,17.63,0.7429,0.4721,204109574,210250883,260773566,329100096,-74467839,2026-09-21 00:00:00
601212,白银有色,6.17,-1.9078,2.8393,142054501,229543435,193694773,260150442,-153944603,2026-09-21 00:00:00
601216,君正集团,4.65,0.6494,0.6555,41484005,64917031,68535708,55017025,-9914343,2026-09-21 00:00:00
601218,吉鑫科技,5.44,-1.982,14.6684,23866507,43878144,160575037,184158290,-43594890,2026-09-21 00:00:00
601222,林洋能源,5.98,0.6734,0.8013,2901486,3133313,16675730,18801290,-2357387,2026-09-21 00:00:00
601225,陕西煤业,25.7,1.9841,0.3176,47831849,35338384,166564588,167344064,11713989,2026-09-21 00:00:00
601226,华电科工,6.92,5.3272,1.936,7234944,6576142,33943766,26257069,8345499,2026-09-21 00:00:00
601228,广州港,3.1,0.9772,0.2718,8761924,3124140,10719049,9939435,6417398,2026-09-21 00:00:00
601229,上海银行,9.54,-0.2092,0.2492,28339877,18474177,75459319,49243461,36081558,2026-09-21 00:00:00
601231,环旭电子,26.52,-1.7414,1.1332,44186228,64103510,132789117,145889894,-33018059,2026-09-21 00:00:00
601233,桐昆股份,24.4,2.478,1.4748,71699662,82337015,155173357,206248046,-61712042,2026-09-21 00:00:00
601236,红塔证券,6.84,1.6345,0.2619,15422278,3675964,14445794,21188430,5003678,2026-09-21 00:00:00
601238,广汽集团,5.09,,,0,0,0,0,0,2026-09-21 00:00:00
601279,英利汽车,3.51,0.8621,0.8282,0,0,13328363,6687527,6640836,2026-09-21 00:00:00
601288,农业银行,6.91,1.4684,0.0954,555274848,412397632,513277440,570745968,85408688,2026-09-21 00:00:00
601298,青岛港,9.79,1.4508,0.2293,0,0,7255916,13995318,-6739402,2026-09-21 00:00:00
601311,骆驼股份,7.47,1.0825,0.5442,1550837,0,10105836,8514215,3142458,2026-09-21 00:00:00
601318,中国平安,53.98,1.143,0.5542,582832640,468505136,1072499824,837077520,349749808,2026-09-21 00:00:00
601319,中国人保,8.04,2.8133,0.2999,340084896,131104770,107827682,172096126,144711682,2026-09-21 00:00:00
601326,秦港股份,3.53,0.5698,0.4525,3411033,3364901,14383354,14953905,-524419,2026-09-21 00:00:00
601328,交通银行,7.55,1.2064,0.5673,157256885,246971523,332038688,277871360,-35547310,2026-09-21 00:00:00
601330,绿色动力,8.38,0.1195,1.2394,0,4206636,8786231,18497776,-13918181,2026-09-21 00:00:00
601333,广深铁路,3.1,0.3236,1.1518,26933767,16361617,46122185,35813983,20880352,2026-09-21 00:00:00
601336,新华保险,58.54,0.6188,0.4947,64868038,63353494,191618766,170615726,22517584,2026-09-21 00:00:00
601339,百隆东方,7.22,-0.6878,0.5379,0,0,12288622,6760055,5528567,2026-09-21 00:00:00
601360,三六零,9.03,2.9647,1.6682,266921409,96110217,231514073,238088113,164237152,2026-09-21 00:00:00
601366,利群股份,3.67,1.9444,0.7889,0,0,1797363,3609987,-1812624,2026-09-21 00:00:00
601368,绿城水务,4.51,1.3483,0.3435,0,0,2776879,2377375,399504,2026-09-21 00:00:00
601369,陕鼓动力,9.04,0.2217,2.1534,91734163,53862506,68446908,75099817,31218748,2026-09-21 00:00:00
601375,中原证券,4.04,1.5075,1.1838,26464578,17254572,42597098,42943611,8863493,2026-09-21 00:00:00
601377,兴业证券,5.97,1.0152,0.6114,40781819,50334395,80515522,81294568,-10331622,2026-09-21 00:00:00
601388,怡球资源,3.25,0.3086,0.9419,2045875,1631988,10780363,11787714,-593464,2026-09-21 00:00:00
601390,中国中铁,4.33,0.6977,0.3314,64685945,45121101,59936797,78267330,1234311,2026-09-21 00:00:00
601398,工商银行,8.11,0.4957,0.0862,529122416,520000048,499970848,495138928,13954288,2026-09-21 00:00:00
601399,国机重装,3.22,0.625,0.7464,22295847,34730923,39961798,35168433,-7641711,2026-09-21 00:00:00
601456,国联民生,8.7,0.4619,0.2859,11567737,2842700,26938314,39110085,-3446734,2026-09-21 00:00:00
601500,通用股份,3.91,0.5141,0.5363,0,0,9441969,4433693,5008276,2026-09-21 00:00:00
601512,中新集团,8.48,0.4739,0.2511,0,0,2118224,798818,1319406,2026-09-21 00:00:00
601515,衢州东峰,3.3,0.304,0.5529,1262702,1033856,4261137,13426830,-8936847,2026-09-21 00:00:00
601518,吉林高速,2.79,0.3597,0.7512,3906323,8384492,16319894,7077617,4764108,2026-09-21 00:00:00
601519,大智慧,8.8,4.5131,2.3823,48455553,27381740,66477848,97478788,-9927127,2026-09-21 00:00:00
601528,瑞丰银行,4.96,-0.6012,0.6743,0,0,5783385,6029343,-245958,2026-09-21 00:00:00
601555,东吴证券,8.31,0.1205,0.5486,15324206,21715435,43761574,42924121,-5553776,2026-09-21 00:00:00
601566,九牧王,9.2,1.9956,3.2094,1414772,4521704,29847010,27381360,-641282,2026-09-21 00:00:00
601567,三星电气,14.58,2.1724,1.7384,19059992,9868263,111169081,82558177,37802633,2026-09-21 00:00:00
601568,北元化工,3.7,1.6484,0.3885,6001746,0,11339081,7868205,9472622,2026-09-21 00:00:00
601577,长沙银行,9.72,-0.715,0.4277,3687897,8941616,40494620,29178915,6061986,2026-09-21 00:00:00
601579,会稽山,36.12,9.9878,7.1903,160059557,146400350,279086624,267053666,25692165,2026-09-21 00:00:00
601588,北辰实业,1.79,4.0698,2.3436,10002172,8583924,27746652,32155498,-2990598,2026-09-21 00:00:00
601595,上海电影,24.1,-1.6728,3.7477,36239413,25564131,73006728,76107461,7574549,2026-09-21 00:00:00
601598,中国外运,6.48,0.1546,0.2047,1080950,1160216,6034886,6725344,-769724,2026-09-21 00:00:00
601599,浙文影业,3.27,1.2384,1.5407,0,1042548,7518908,14146458,-7670098,2026-09-21 00:00:00
601600,中国铝业,9.18,-1.8182,1.275,151730358,255630105,357490032,334099920,-80509635,2026-09-21 00:00:00
601601,中国太保,32,-0.2494,0.6925,186670562,143401415,443015408,349939552,136345003,2026-09-21 00:00:00
601606,长城军工,33.25,1.4957,3.5408,48129017,46944269,183253454,186037241,-1599039,2026-09-21 00:00:00
601607,上海医药,16.09,1.195,0.3965,9850416,4266735,32543721,26372943,11754459,2026-09-21 00:00:00
601608,中信重工,4.77,0.8457,0.5664,14852992,15146164,24360427,20086775,3980480,2026-09-21 00:00:00
601609,金田股份,13.26,-0.1506,2.3745,89746781,42093969,104956115,106567910,46041017,2026-09-21 00:00:00
601611,中国核建,10.44,0.1919,0.5101,10648391,15183827,32252936,51029389,-23311889,2026-09-21 00:00:00
601615,明阳智能,9.78,0.4107,1.5711,17402909,37360388,77161233,81149068,-23945314,2026-09-21 00:00:00
601616,广电电气,3.86,1.3123,1.2477,1492986,0,7344714,7089044,1748656,2026-09-21 00:00:00
601618,中国中冶,2.56,0.7874,0.4101,37891851,55703320,47699875,39730711,-9842305,2026-09-21 00:00:00
601619,嘉泽新能,4.08,-0.7299,0.9403,2448000,16583252,22825075,23935774,-15245951,2026-09-21 00:00:00
601628,中国人寿,38.02,0.582,0.1029,68561159,81752110,183200799,186633653,-16623805,2026-09-21 00:00:00
601633,长城汽车,14.04,-0.0712,0.218,10973154,2017478,43493100,39641937,12806839,2026-09-21 00:00:00
601636,旗滨集团,5.74,3.2374,3.35,82292078,56888853,100671187,121994985,4079427,2026-09-21 00:00:00
601658,邮储银行,5.35,0.3752,0.1579,76516088,114464423,137266918,130801161,-31482578,2026-09-21 00:00:00
601665,齐鲁银行,6.91,0.1449,1.0785,72067304,128205386,132683913,84632685,-8086854,2026-09-21 00:00:00
601666,平煤股份,9.01,1.8079,0.7493,7757292,5163062,26206440,24247764,4552906,2026-09-21 00:00:00
601668,中国建筑,4.31,0.7009,0.5575,196779630,173150228,284064016,268523248,39170170,2026-09-21 00:00:00
601669,中国电建,4.64,0.6508,0.46,30857215,23477800,80567917,78576656,9370676,2026-09-21 00:00:00
601677,明泰铝业,16.83,-0.4731,1.3524,20532563,6012656,46857458,42990943,18386422,2026-09-21 00:00:00
601678,滨化股份,6.03,0.5,2.9285,52303507,53116062,86843565,83382127,2648883,2026-09-21 00:00:00
601686,友发集团,5.11,0.5906,0.2885,719217,0,3245841,1817981,2147077,2026-09-21 00:00:00
601688,华泰证券,18.47,0.7638,0.64,123544624,141308508,232732961,312618992,-97649915,2026-09-21 00:00:00
601689,拓普集团,45.76,1.6889,1.5383,154673840,122199956,310962064,283422368,60013580,2026-09-21 00:00:00
601696,中银证券,11.38,0.708,0.921,51399535,67483397,73415596,70376590,-13044856,2026-09-21 00:00:00
601698,中国卫通,24.04,-0.7022,0.4929,30804589,65652098,92172374,130958370,-73633505,2026-09-21 00:00:00
601699,潞安环能,15.61,2.765,0.776,20099594,26802189,78983126,61199217,11081314,2026-09-21 00:00:00
601700,风范股份,6.48,2.0472,5.2345,37129098,23221312,87460879,82209914,19158751,2026-09-21 00:00:00
601702,华峰铝业,15.29,1.4599,0.4951,1537,0,12598445,8412185,4187797,2026-09-21 00:00:00
601717,中创智领,13.8,-0.7194,0.7274,2600042,17432023,35750141,30083985,-9165825,2026-09-21 00:00:00
601718,ST际华,1.99,1.0152,0.2861,0,995000,9630550,8145755,489795,2026-09-21 00:00:00
601727,上海电气,6.51,0.1538,0.3049,11396511,38856570,58951755,59092722,-27601026,2026-09-21 00:00:00
601728,中国电信,6.16,-0.4847,0.0926,25246128,35204612,118268059,85330829,22978746,2026-09-21 00:00:00
601766,中国中车,6.08,1.3333,0.3752,89311239,72023403,140492155,147329246,10450745,2026-09-21 00:00:00
601777,千里科技,7.8,0,0.4117,3389401,3251652,32183450,22968894,9352305,2026-09-21 00:00:00
601778,晶科科技,3.58,0.8451,1.6947,22232999,7405256,39014341,52553043,1289041,2026-09-21 00:00:00
601788,光大证券,14.07,0.9326,0.374,33423473,41985940,59564941,47425288,3577186,2026-09-21 00:00:00
601789,宁波建工,4.2,1.4493,1.8099,9841683,4898916,24208980,22482037,6669710,2026-09-21 00:00:00
601798,蓝科高新,7.64,2.5503,0.8964,0,0,1991665,2627001,-635336,2026-09-21 00:00:00
601799,星宇股份,72.28,-0.687,1.1682,7285219,4621733,35910432,35799533,2774385,2026-09-21 00:00:00
601800,中国交建,5.88,0.6849,0.1496,22910883,7338267,16137729,20216397,11493948,2026-09-21 00:00:00
601801,皖新传媒,5.52,3.3708,2.3007,8293595,9763513,47818368,40429429,5919021,2026-09-21 00:00:00
601808,中海油服,12.52,3.0453,0.5503,7748946,8195567,37599059,38534523,-1382085,2026-09-21 00:00:00
601811,新华文轩,15.29,10,5.4032,125049026,144187319,98312177,135109410,-55935526,2026-09-21 00:00:00
601816,京沪高铁,4.77,0.4211,0.2005,87402263,62949213,129971966,105531210,48893806,2026-09-21 00:00:00
601818,光大银行,3.02,0,0.3609,171355090,140703194,102144374,109513195,23283075,2026-09-21 00:00:00
601825,沪农商行,8.82,0.8,0.1701,3938976,4668334,26508776,18100627,7678791,2026-09-21 00:00:00
601827,三峰环境,7.83,-0.7605,0.4183,1379820,3227165,13311122,16136629,-4672852,2026-09-21 00:00:00
601828,美凯龙,2.25,4.6512,1.86,24082900,11304075,33624188,33689311,12713702,2026-09-21 00:00:00
601838,成都银行,19.12,-0.1045,0.6237,29577609,36540430,106573291,66532383,33078087,2026-09-21 00:00:00
601857,中国石油,10.67,1.0417,0.0825,220827815,183306701,389965632,338290464,89196282,2026-09-21 00:00:00
601858,中国科传,20.86,3.0632,1.2758,8222445,7943688,60795152,35375493,25698416,2026-09-21 00:00:00
601860,紫金银行,2.57,0,1.2259,23777395,7230382,27468496,27329774,16685735,2026-09-21 00:00:00
601865,福莱特,9.45,1.7223,0.525,4351278,1892085,14508942,13596265,3371870,2026-09-21 00:00:00
601866,中远海发,2.5,1.2146,0.6176,16110714,14896926,36661452,36102252,1772988,2026-09-21 00:00:00
601868,中国能建,2.45,0.823,0.5854,194837458,147885232,85212589,86449357,45715458,2026-09-21 00:00:00
601869,长飞光纤,458.99,0.8791,2.3731,888407616,860856000,1128438000,1218802640,-62813024,2026-09-21 00:00:00
601872,招商轮船,22.91,2.4597,2.0985,664454864,673213584,1027924544,1113944224,-94778400,2026-09-21 00:00:00
601877,正泰电器,25.3,0.1584,0.4935,16559804,22966527,64753490,61091743,-2744976,2026-09-21 00:00:00
601878,浙商证券,9.15,0.7709,0.3399,25928639,13444383,36684791,42059031,7110016,2026-09-21 00:00:00
601880,辽港股份,1.47,0,0.3895,19646803,18701202,36272651,32928783,4289469,2026-09-21 00:00:00
601881,中国银河,12.13,0.4139,0.275,44032491,24435794,68253665,71122463,16727899,2026-09-21 00:00:00
601882,海天精工,23.52,3.1579,1.6531,6698737,10241834,31653885,38780931,-10670143,2026-09-21 00:00:00
601886,XD江河集,13.56,1.1186,0.9455,13115155,6107812,12489656,18240510,1256489,2026-09-21 00:00:00
601888,中国中免,52.23,0.4423,0.662,71517498,59458048,219203614,222523072,8739992,2026-09-21 00:00:00
601890,亚星锚链,10.03,1.8274,6.3947,47532176,38726032,156657748,144564949,20898943,2026-09-21 00:00:00
601898,中煤能源,14.27,2.9582,0.3906,28947676,33474818,119916400,105592912,9796346,2026-09-21 00:00:00
601899,紫金矿业,31.3,-0.3502,0.5497,520073984,818201680,901186960,1019918416,-416859152,2026-09-21 00:00:00
601900,南方传媒,12.15,0.3303,1.274,19510672,4090771,24914330,43666840,-3332609,2026-09-21 00:00:00
601901,方正证券,6.91,1.1713,0.4085,51615467,31660403,60931549,68443715,12442898,2026-09-21 00:00:00
601908,京运通,2.99,0.6734,1.1299,6185015,3399306,13302602,12313361,3774950,2026-09-21 00:00:00
601916,浙商银行,2.91,0.3448,0.5543,59457059,42139380,109181406,109004083,17495002,2026-09-21 00:00:00
601918,新集能源,10.7,3.7827,1.3056,29818715,21361733,59580369,89694280,-21656929,2026-09-21 00:00:00
601919,中远海控,16.71,3.7888,0.8563,188129876,334036064,374165392,375024128,-146764924,2026-09-21 00:00:00
601921,浙版传媒,7.5,1.9022,0.3999,0,0,14236209,9531872,4704337,2026-09-21 00:00:00
601928,凤凰传媒,8.27,0.2424,0.5781,2022264,2923470,28697831,12782947,15013678,2026-09-21 00:00:00
601929,吉视传媒,2.46,2.0747,3.0338,44532700,17958885,48183000,46168974,28587841,2026-09-21 00:00:00
601933,永辉超市,3.08,0.9836,1.4011,83458190,36268740,85305273,96500564,35994159,2026-09-21 00:00:00
601939,建设银行,10.93,1.1101,0.9358,207929088,217599341,225637257,210861362,5105642,2026-09-21 00:00:00
601949,中国出版,6.02,-1.473,3.7405,10506324,17899145,58456979,99626607,-48562449,2026-09-21 00:00:00
601952,苏垦农发,9.65,1.153,2.4471,16483230,16717624,43229189,74064986,-31070191,2026-09-21 00:00:00
601956,东贝集团,4.89,1.6632,0.6348,0,0,1468048,1853335,-385287,2026-09-21 00:00:00
601958,金钼股份,20.93,2.3472,0.9499,77289432,41727751,143371096,168291687,10641090,2026-09-21 00:00:00
601963,重庆银行,10.9,0,0.4005,3335718,0,11118512,13232233,1221997,2026-09-21 00:00:00
601965,中国汽研,13.01,-1.1398,0.5974,0,4025125,12391190,11453585,-3087520,2026-09-21 00:00:00
601966,玲珑轮胎,10.52,0.9597,0.4933,0,0,17070495,13151817,3918678,2026-09-21 00:00:00
601968,宝钢包装,4.57,0.883,0.4032,0,0,2617491,1668270,949221,2026-09-21 00:00:00
601969,海南矿业,9.4,1.4024,0.55,2201940,1020044,12998554,15204911,-1024461,2026-09-21 00:00:00
601975,招商南油,4.85,4.5259,4.6537,160623592,133564907,276015744,253100550,49973879,2026-09-21 00:00:00
601985,中国核电,8.91,-0.3356,0.3027,65142187,55845474,114918512,82729649,41485576,2026-09-21 00:00:00
601988,中国银行,6.63,1.3761,0.0994,369112256,416393728,319918016,297586848,-24950304,2026-09-21 00:00:00
601990,南京证券,6.7,0.9036,0.3676,6687366,10632836,26277726,20191382,2140874,2026-09-21 00:00:00
601991,大唐发电,5.59,0.1792,1.0466,49362294,70364711,126181325,166783919,-61605011,2026-09-21 00:00:00
601992,金隅集团,1.43,2.1429,1.1245,34752805,30470412,42125425,37295754,9112064,2026-09-21 00:00:00
601995,中金公司,31.8,,,0,0,0,0,0,2026-09-21 00:00:00
601996,丰林集团,2.99,-0.3333,2.7007,2624682,12405183,33955182,23011201,1163480,2026-09-21 00:00:00
601997,贵阳银行,5.56,-0.3584,0.9633,35680744,12147249,39564308,39242193,23855610,2026-09-21 00:00:00
601998,中信银行,8.93,-0.3348,0.108,32135498,23971549,71463793,57690659,21937083,2026-09-21 00:00:00
601999,出版传媒,6.97,2.1994,8.2865,11224646,11341602,56563699,78459649,-22012906,2026-09-21 00:00:00
603000,人民网,17.27,-0.4611,3.1439,16976264,27228778,128363140,127311342,-9200716,2026-09-21 00:00:00
603001,奥康国际,11.47,9.9712,7.1228,134950621,102899208,76010666,100100249,7961830,2026-09-21 00:00:00
603002,宏昌电子,19.34,0.8342,6.3328,142193348,187215166,271928144,265974937,-39068611,2026-09-21 00:00:00
603004,鼎龙科技,19.13,2.0267,3.3121,0,0,6314483,2857052,3457431,2026-09-21 00:00:00
603005,晶方科技,30.44,-0.6203,4.6911,45509602,100480156,204358876,202697974,-53309652,2026-09-21 00:00:00
603006,联明股份,10.73,0.8459,1.008,0,0,3581014,4507488,-926474,2026-09-21 00:00:00
603007,顺景科技,4.72,0.6397,2.3848,11320228,1088050,15664472,25945679,-49029,2026-09-21 00:00:00
603008,ST喜临门,10.11,6.9841,5.1704,26663054,24657600,60427413,54871988,7560879,2026-09-21 00:00:00
603009,北特科技,48.94,-0.7101,2.5501,25416741,47732327,80980749,83177619,-24512456,2026-09-21 00:00:00
603010,万盛股份,12.78,3.987,2.0904,18127911,13536099,39703152,32686228,11608736,2026-09-21 00:00:00
603011,合锻智能,27.13,-0.9131,6.4353,65313822,82940033,165081261,192682812,-45227762,2026-09-21 00:00:00
603012,创力集团,9.19,1.4349,1.8401,6329234,6182655,25181443,26312561,-984539,2026-09-21 00:00:00
603013,亚普股份,14.4,0.5587,0.587,2827250,1046061,6344402,4013825,4111766,2026-09-21 00:00:00
603014,威高血净,31.47,0.7685,1.1076,0,0,5567161,3574495,1992666,2026-09-21 00:00:00
603015,弘讯科技,10.62,-0.9328,1.1279,0,2249986,4989132,4954075,-2214929,2026-09-21 00:00:00
603016,新宏泰,32.57,6.857,6.8779,22957167,8369751,63463385,50664780,27386021,2026-09-21 00:00:00
603017,中衡设计,10,2.0408,1.2483,1000235,0,1649959,3036311,-386117,2026-09-21 00:00:00
603018,XD华设集,5.31,3.5088,1.1814,2138812,0,13063806,9627746,5574872,2026-09-21 00:00:00
603019,中科曙光,83.94,-0.427,1.4025,154505444,280815280,397204720,480566240,-209671356,2026-09-21 00:00:00
603020,爱普股份,12.57,9.9738,5.7839,66768889,14495549,66165530,62057797,56381073,2026-09-21 00:00:00
603021,*ST华鹏,5.47,-0.726,1.2649,1094000,1094000,6839611,6436913,402698,2026-09-21 00:00:00
603022,新通联,8.9,3.4884,1.8616,1005326,0,1275682,2262930,18078,2026-09-21 00:00:00
603023,威帝股份,4.12,0.7335,2.4427,2581510,1054458,6182085,8516923,-807786,2026-09-21 00:00:00
603025,大豪科技,13.49,-0.5895,0.6282,534362,2497665,15317239,12328564,1025372,2026-09-21 00:00:00
603026,石大胜华,60.09,-1.7334,2.5864,19538026,50497518,70436188,89936506,-50459810,2026-09-21 00:00:00
603027,千禾味业,7.33,0.6868,0.5787,3568848,1193324,8150769,10537563,-11270,2026-09-21 00:00:00
603028,赛福天,7.05,4.4444,1.463,0,0,1931282,1487976,443306,2026-09-21 00:00:00
603029,天鹅股份,16.73,1.5786,1.9065,0,0,2702644,3780585,-1077941,2026-09-21 00:00:00
603030,全筑股份,2.14,2.8846,2.1984,2241832,4829065,14209748,9876335,1746180,2026-09-21 00:00:00
603031,安孚科技,42.41,-0.6559,2.1651,24579712,31824169,77924824,64322043,6358324,2026-09-21 00:00:00
603032,德新科技,18.67,-0.8497,1.6132,0,0,9778530,17296001,-7517471,2026-09-21 00:00:00
603033,三维股份,7.89,7.7869,1.8793,2167785,10695160,35596057,27512973,-444291,2026-09-21 00:00:00
603035,常熟汽饰,10.35,1.5702,0.8354,0,0,6260740,7632344,-1371604,2026-09-21 00:00:00
603036,如通股份,13.72,2.5411,2.9727,83316,2686506,20536031,18285001,-352160,2026-09-21 00:00:00
603037,凯众股份,10.02,2.3493,1.4102,0,1363077,4100030,2585995,150958,2026-09-21 00:00:00
603038,华立股份,17.51,0.9222,2.4268,2927209,6281465,21999535,25220878,-6575599,2026-09-21 00:00:00
603039,泛微网络,36.09,0.3894,2.2304,10346128,12975707,47815218,36429028,8756611,2026-09-21 00:00:00
603040,新坐标,47.59,-0.5434,0.8723,3651980,9580724,18254992,24884045,-12557797,2026-09-21 00:00:00
603041,美思德,11.29,3.7684,1.2938,0,0,1755949,3272109,-1516160,2026-09-21 00:00:00
603042,华脉科技,19.03,10,18.1581,214921301,39956663,148269995,145602820,177631813,2026-09-21 00:00:00
603043,广州酒家,13.25,0.3788,0.4419,1319989,0,3950236,3860494,1409731,2026-09-21 00:00:00
603045,福达合金,51.38,-1.3251,7.1562,39043397,49033858,95116226,95895117,-10769352,2026-09-21 00:00:00
603048,浙江黎明,24.32,-0.0411,2.3056,2183520,1051182,12180871,12220170,1093039,2026-09-21 00:00:00
603049,中策橡胶,45.21,0.2217,0.3643,288640,4347808,15226395,18067797,-6900570,2026-09-21 00:00:00
603050,科林电气,18.02,-0.387,0.5513,3431134,1738506,4984943,10085042,-3407471,2026-09-21 00:00:00
603051,鹿山新材,25.05,-2.4153,5.6882,2111600,8420065,36291283,56899520,-26916702,2026-09-21 00:00:00
603052,可川科技,59.71,-1.0933,2.4567,5697589,14942970,40659796,43738518,-12324103,2026-09-21 00:00:00
603053,成都燃气,8.81,1.0321,0.2538,0,1000804,2730141,2501272,-771935,2026-09-21 00:00:00
603055,台华新材,9.28,-0.9605,0.6184,0,1349040,6267877,4687834,231003,2026-09-21 00:00:00
603057,紫燕食品,18.56,0.216,1.3405,0,1385685,13825455,14367406,-1927636,2026-09-21 00:00:00
603058,永吉股份,9.11,3.9954,2.5807,5789307,0,23180255,16131939,12837623,2026-09-21 00:00:00
603059,倍加洁,25.71,4.7677,1.9299,2152045,2568063,6024012,5130603,477391,2026-09-21 00:00:00
603060,国检集团,5.5,2.2305,0.5116,0,0,4903713,3502168,1401545,2026-09-21 00:00:00
603061,金海通,357.3,2.4399,5.215,294174832,221802937,464689344,361290960,175770279,2026-09-21 00:00:00
603062,麦加芯彩,37.73,3.3133,1.0348,0,0,1036411,1362054,-325643,2026-09-21 00:00:00
603063,禾望电气,30.61,-0.5523,2.2838,11064440,28034539,71972582,74361135,-19358652,2026-09-21 00:00:00
603065,宿迁联盛,14.27,0,4.0899,10991067,4277817,36080460,44758350,-1964640,2026-09-21 00:00:00
603066,音飞储存,9.5,4.9724,3.3284,4202244,0,21213095,11286096,14129243,2026-09-21 00:00:00
603067,振华股份,36.95,5.1508,5.0231,375062576,221408577,291370976,348022496,97002479,2026-09-21 00:00:00
603068,博通集成,43.79,9.9975,13.7068,297637632,161195461,248554049,253073011,131923209,2026-09-21 00:00:00
603069,海汽集团,13.97,2.2694,2.1269,0,1081768,14179927,14028791,-930632,2026-09-21 00:00:00
603070,万控智造,11.63,1.3066,0.4084,0,0,1683130,1674522,8608,2026-09-21 00:00:00
603071,物产环能,12.48,1.2987,0.3691,0,0,2446745,3949525,-1502780,2026-09-21 00:00:00
603072,天和磁材,30.76,1.2842,1.1454,1090320,2083837,2927092,5698244,-3764669,2026-09-21 00:00:00
603073,彩蝶实业,16.5,3.7736,1.643,874725,0,4073377,5432907,-484805,2026-09-21 00:00:00
603075,热威股份,19.99,0.9596,6.484,1554737,1022976,7308018,10846330,-3006551,2026-09-21 00:00:00
603076,乐惠国际,20.14,2.8601,1.096,0,0,3370835,2043396,1327439,2026-09-21 00:00:00
603077,和邦生物,2.29,1.3274,1.6344,40433337,35966046,106430019,86047360,24849950,2026-09-21 00:00:00
603078,江化微,32.66,-1.3591,4.4485,26090985,35629175,103440962,118852741,-24949969,2026-09-21 00:00:00
603079,圣达生物,13.38,4.5313,2.5544,0,1070657,9173770,8106774,-3661,2026-09-21 00:00:00
603080,新疆火炬,19.68,1.0267,0.6791,0,0,1278326,3174260,-1895934,2026-09-21 00:00:00
603081,大丰实业,9.5,1.6043,0.7699,0,1053800,3321240,3545047,-1277607,2026-09-21 00:00:00
603082,北自科技,49.33,-4.0272,24.6245,11656825,23677368,109426973,127903849,-30497419,2026-09-21 00:00:00
603083,剑桥科技,223.32,-2.044,6.9321,699012016,920994048,1005833632,1098344944,-314493344,2026-09-21 00:00:00
603085,天成自控,9.8,-1.0101,1.2948,0,32604,4738998,11954205,-7247811,2026-09-21 00:00:00
603086,先达股份,5.94,3.4843,2.5223,1036600,0,10901994,8397883,3540711,2026-09-21 00:00:00
603087,甘李药业,71.4,3.6134,1.7651,70508039,36727055,197621810,188475332,42927462,2026-09-21 00:00:00
603088,宁波精达,10.43,1.3605,1.5764,6620569,8814366,12871435,11189769,-512131,2026-09-21 00:00:00
603089,正裕工业,9.65,1.686,1.4257,0,0,4635203,5718137,-1082934,2026-09-21 00:00:00
603090,宏盛股份,40.08,1.3401,5.9169,7042398,12262477,35390957,37889193,-7718315,2026-09-21 00:00:00
603091,众鑫股份,48.21,2.7932,1.77,7761098,0,3982135,5200714,6542519,2026-09-21 00:00:00
603092,德力佳,44.6,-1.1306,6.5246,1117648,4716692,19947332,25423182,-9074894,2026-09-21 00:00:00
603093,南华期货,13.99,9.9843,3.0621,83558374,17208762,72692446,65166482,73875576,2026-09-21 00:00:00
603095,越剑智能,14.59,1.6725,1.804,0,0,11903669,12469708,-566039,2026-09-21 00:00:00
603096,新经典,15.78,2.2683,1.2279,0,0,3668369,2990652,677717,2026-09-21 00:00:00
603097,江苏华辰,18.5,0,0.4812,0,0,2218738,3385888,-1167150,2026-09-21 00:00:00
603098,森特股份,10.87,2.0657,0.6471,0,1444135,4237638,4845103,-2051600,2026-09-21 00:00:00
603099,长白山,42.28,7.6923,7.8347,94929014,87554729,246139946,245455420,8058811,2026-09-21 00:00:00
603100,川仪股份,18.22,1.2222,0.5322,3828510,222040,4564002,9474418,-1303946,2026-09-21 00:00:00
603101,汇嘉时代,7.56,1.7497,1.2623,0,0,3822429,7725659,-3903230,2026-09-21 00:00:00
603102,百合股份,37.18,3.4214,2.1725,1440755,1152764,4357431,4051259,594163,2026-09-21 00:00:00
603103,横店影视,16.74,1.9488,1.4562,2516069,3526247,29377881,23885118,4482585,2026-09-21 00:00:00
603105,芯能科技,8.18,0,3.5315,2689196,0,23667010,30131504,-3775298,2026-09-21 00:00:00
603106,恒银科技,7.61,1.738,3.3424,7133034,4122788,22267565,22349695,2928116,2026-09-21 00:00:00
603107,上海汽配,12.24,1.2407,1.1551,1576900,0,7784445,8590732,770613,2026-09-21 00:00:00
603108,润达医疗,10.1,5.2083,4.5857,14275601,14285552,46367251,50431645,-4074345,2026-09-21 00:00:00
603109,神驰机电,17.33,0.7558,1.0068,1298250,1616835,1892485,3132023,-1558123,2026-09-21 00:00:00
603110,东方材料,25.16,0.1194,4.2683,17317992,9758112,38843342,52515608,-6112386,2026-09-21 00:00:00
603111,康尼机电,6.1,1.4975,0.6139,0,0,4225326,3923007,302319,2026-09-21 00:00:00
603112,华翔股份,17.63,5.6954,4.7234,53367348,60099897,126241273,104433169,15075555,2026-09-21 00:00:00
603113,金能科技,5.03,2.863,1.7194,1465120,0,16338022,12715362,5087780,2026-09-21 00:00:00
603115,海星股份,89.58,-4.3766,3.9901,99771141,100833646,193655590,193944389,-1351304,2026-09-21 00:00:00
603116,红蜻蜓,6.65,0.7576,1.5778,0,84328,4611407,6813052,-2285973,2026-09-21 00:00:00
603117,万林物流,4.03,2.8061,1.3367,0,0,1233640,3985663,-2752023,2026-09-21 00:00:00
603118,共进股份,18.65,1.1937,16.1087,208388791,297444720,450915952,549897216,-188037193,2026-09-21 00:00:00
603119,浙江荣泰,56.56,2.7243,3.0475,101114443,65820145,222342589,191849760,65787127,2026-09-21 00:00:00
603120,肯特催化,61.99,4.6952,27.12,82669306,107563509,128241707,142649997,-39302493,2026-09-21 00:00:00
603121,华培动力,12.86,4.2139,2.759,1238796,2518923,26015295,13438742,11296426,2026-09-21 00:00:00
603122,合富中国,13.98,2.4927,17.4617,63488746,82682329,194092304,175902160,-1003439,2026-09-21 00:00:00
603123,翠微股份,10,3.6269,7.6484,17849766,19918644,91323972,95487409,-6232315,2026-09-21 00:00:00
603124,江南新材,129.88,-2.0365,6.4538,22981291,34364296,114511233,99667815,3460413,2026-09-21 00:00:00
603125,常青科技,24.14,1.0042,0.7148,0,431838,12161429,9574385,2155206,2026-09-21 00:00:00
603126,中材节能,6.37,2.0833,1.0173,10457526,1182444,5847168,6377864,8744386,2026-09-21 00:00:00
603127,昭衍新药,46.74,2.1416,6.7595,181318593,186251159,478191104,460422016,12836522,2026-09-21 00:00:00
603128,华贸物流,5.49,3.1955,1.2114,6557876,4597540,24763782,15516185,11207933,2026-09-21 00:00:00
603129,春风动力,305.62,5.2447,1.7551,118239932,74749131,165096149,107516739,101070211,2026-09-21 00:00:00
603130,云中马,38.5,0.3127,0.7171,2910313,0,5548966,4942961,3516318,2026-09-21 00:00:00
603131,上海沪工,14.03,1.0079,1.7183,0,1128027,10422189,10899126,-1604964,2026-09-21 00:00:00
603132,金徽股份,18.42,1.4876,0.4945,0,0,7337999,5308368,2029631,2026-09-21 00:00:00
603135,中重科技,8.88,1.0239,0.7123,0,0,4701584,3026749,1674835,2026-09-21 00:00:00
603136,天目湖,9.5,4.0526,7.2415,5210738,7906570,25715152,38973242,-15953922,2026-09-21 00:00:00
603137,恒尚节能,19.81,1.0199,5.7166,8835242,11018244,30428507,34766818,-6521313,2026-09-21 00:00:00
603138,海量数据,15.74,1.0918,13.6654,19366798,16125440,110371992,110961820,2651530,2026-09-21 00:00:00
603139,康惠股份,38.3,0.9755,5.7076,77286774,60963341,26543131,47476309,-4609745,2026-09-21 00:00:00
603150,万朗磁塑,70.37,2.0595,2.6401,11002717,10923903,35250937,39702985,-4373234,2026-09-21 00:00:00
603151,邦基科技,18.35,10.012,2.4837,19126089,9663110,17257217,13633981,13086215,2026-09-21 00:00:00
603153,上海建科,13.35,1.5982,0.3136,0,0,1210263,693370,516893,2026-09-21 00:00:00
603155,新亚强,15.37,1.8555,3.7108,2946440,2736022,52179661,37408703,14981376,2026-09-21 00:00:00
603156,养元饮品,45,1.1236,0.7218,20408504,28978280,109994289,91686534,9737979,2026-09-21 00:00:00
603158,腾龙股份,10.98,5.4755,4.8318,16141309,16183865,55493396,52503023,2947817,2026-09-21 00:00:00
603159,上海亚虹,22.59,0.8933,7.211,11157625,18570968,48862299,59116961,-17668005,2026-09-21 00:00:00
603160,汇顶科技,53.16,-0.169,0.7414,16501934,7680221,32043924,30641462,10224175,2026-09-21 00:00:00
603161,科华控股,15.07,-0.9204,1.8704,6418502,6426472,6032936,16275391,-10250425,2026-09-21 00:00:00
603162,海通发展,14.41,2.4893,11.3745,31160041,37983131,146734396,130146919,9764387,2026-09-21 00:00:00
603163,圣晖集成,83.6,-0.9126,2.7569,9645940,6237187,30984569,41140819,-6747497,2026-09-21 00:00:00
603165,荣晟环保,13.7,1.632,1.5213,2940684,3347431,13885569,15236206,-1757384,2026-09-21 00:00:00
603166,福达股份,11.25,1.9946,1.5601,2719487,1415319,32912962,23003557,11213573,2026-09-21 00:00:00
603167,渤海轮渡,8.09,0.1238,0.3266,0,1104650,558885,3454569,-4000334,2026-09-21 00:00:00
603168,莎普爱思,5.97,6.9892,3.8419,0,0,8832588,5832668,2999920,2026-09-21 00:00:00
603169,兰石重装,6.21,0.1613,0.7258,0,2281007,8982016,9700632,-2999623,2026-09-21 00:00:00
603170,宝立食品,11.98,0.8418,0.5572,0,0,3471481,3215290,256191,2026-09-21 00:00:00
603171,税友股份,39.81,1.7118,1.7694,32037144,18696293,47402081,47346112,13396820,2026-09-21 00:00:00
603172,万丰股份,19.03,2.4771,0.9943,167181,0,1820065,2159231,-171985,2026-09-21 00:00:00
603173,福斯达,29.9,1.7353,0.6507,0,0,7775230,5221579,2553651,2026-09-21 00:00:00
603175,超颖电子,110.17,10.005,7.4757,110842463,77051822,75837571,82131436,27496776,2026-09-21 00:00:00
603176,汇通集团,5.34,2.8902,0.9858,0,0,2043843,3833254,-1789411,2026-09-21 00:00:00
603177,德创环保,11.43,0.7937,3.0878,0,0,9871592,8636270,1235322,2026-09-21 00:00:00
603178,圣龙股份,15.91,1.3376,2.7259,3209000,2027378,16149908,20046320,-2714790,2026-09-21 00:00:00
603179,新泉股份,41.02,2.55,2.842,95446124,80592328,211708013,274686944,-48125135,2026-09-21 00:00:00
603180,金牌家居,15.7,3.9047,0.6797,0,0,1247855,0,1247855,2026-09-21 00:00:00
603181,皇马科技,12.8,3.4762,1.1969,2519208,3661308,18463975,15091315,2230560,2026-09-21 00:00:00
603182,嘉华股份,13.54,3.2799,1.4089,0,0,4050416,2797842,1252574,2026-09-21 00:00:00
603183,建研院,5,-2.5341,5.0182,1028000,1301066,25269781,35064904,-10068189,2026-09-21 00:00:00
603185,弘元绿能,14.56,0.622,1.2213,20797296,14617746,17111288,23642641,-351803,2026-09-21 00:00:00
603186,华正新材,231.7,2.1695,9.9281,635334512,591825104,908419952,915695712,36233648,2026-09-21 00:00:00
603187,海容冷链,10.86,1.2116,1.0819,2561494,8071019,17757709,9527350,2720834,2026-09-21 00:00:00
603188,亚邦股份,4.6,2.9083,2.0519,1977858,948294,7531542,13983761,-5422655,2026-09-21 00:00:00
603189,*ST网达,9.67,1.0449,0.5448,0,0,1740716,3015724,-1275008,2026-09-21 00:00:00
603190,亚通精工,16.14,2.6065,1.3052,0,0,3871690,5030649,-1158959,2026-09-21 00:00:00
603191,望变电气,13.7,0.8837,2.2161,7877123,10089106,23129379,27552174,-6634778,2026-09-21 00:00:00
603192,汇得科技,20.57,2.0337,1.3909,0,2063839,6134167,5263448,-1193120,2026-09-21 00:00:00
603193,XD润本股,20.81,4.4679,3.6589,1730470,3430804,6795697,7717421,-2622058,2026-09-21 00:00:00
603194,中力股份,33.57,0.209,0.3279,13424,0,1175889,1160390,28923,2026-09-21 00:00:00
603195,公牛集团,37.98,-0.0526,0.1183,0,1394587,13890855,12400689,95579,2026-09-21 00:00:00
603196,璞源材料,19.14,-0.9829,0.664,2070588,1936265,3030751,10143489,-6978415,2026-09-21 00:00:00
603197,保隆科技,29.35,1.3117,1.1445,1133296,2743592,6692642,9820521,-4738175,2026-09-21 00:00:00
603198,迎驾贡酒,38.77,2.6476,0.5181,5789318,2398569,21913513,21498081,3806181,2026-09-21 00:00:00
603199,九华旅游,33.36,1.7383,1.3869,1143675,1140360,5495782,10331395,-4832298,2026-09-21 00:00:00
603200,上海洗霸,39.88,-0.623,2.6905,4709712,13017303,27537836,39318345,-20088100,2026-09-21 00:00:00
603201,常润股份,15.52,2.5099,1.6394,0,0,9884065,6055187,3828878,2026-09-21 00:00:00
603202,天有为,51.57,-0.3478,2.1527,46485,1026163,8623937,18972113,-11327854,2026-09-21 00:00:00
603203,快克智能,47.9,2.2412,3.6911,42937501,40001618,143647663,91750339,54833207,2026-09-21 00:00:00
603205,健尔康,21.75,-1.1364,4.961,0,276517,7440272,12392898,-5229143,2026-09-21 00:00:00
603206,嘉环科技,13.73,1.1791,0.7197,0,856752,3308675,4402005,-1950082,2026-09-21 00:00:00
603207,小方制药,25.07,3.7666,9.5548,7794471,4528913,28838493,23174676,8929375,2026-09-21 00:00:00
603208,江山欧派,11.31,5.0139,1.0282,0,0,1987186,779917,1207269,2026-09-21 00:00:00
603209,兴通股份,14.8,1.4393,1.1011,0,2206704,4798788,7478910,-4886826,2026-09-21 00:00:00
603210,泰鸿万立,13.41,2.6014,1.5878,0,0,11169451,8912607,2256844,2026-09-21 00:00:00
603211,晋拓股份,20.08,-0.4955,1.4459,1360100,1910234,8582302,6792899,1239269,2026-09-21 00:00:00
603212,赛伍技术,12.17,2.9611,3.1199,13344426,5722121,33218827,24684347,16156785,2026-09-21 00:00:00
603213,镇洋发展,13.55,0.4448,0.3055,1351000,0,6996747,4672411,3675336,2026-09-21 00:00:00
603214,爱婴室,13.47,2.5114,2.3094,0,0,5057863,7513837,-2455974,2026-09-21 00:00:00
603215,比依股份,14.4,2.4182,1.0532,0,0,4355312,2380014,1975298,2026-09-21 00:00:00
603216,梦天家居,20.68,2.6303,2.7697,4869767,3950020,28121851,30281497,-1239899,2026-09-21 00:00:00
603217,元利科技,28.15,3.4546,1.6183,1067068,4381316,17940134,18080411,-3454525,2026-09-21 00:00:00
603218,日月股份,9.42,0.641,0.7134,0,1058556,17042610,16737404,-753350,2026-09-21 00:00:00
603219,富佳股份,12.67,-0.8607,0.5217,1430609,1196356,7674347,6538323,1370277,2026-09-21 00:00:00
603220,中贝通信,18.66,2.1906,3.2877,37277208,27803861,86750536,67300614,28923269,2026-09-21 00:00:00
603221,爱丽家居,30.5,-2.3375,8.6639,26563320,46752019,161205481,187592039,-46575257,2026-09-21 00:00:00
603222,济民健康,7.89,1.5444,2.8059,2670046,1736064,22297283,23190606,40659,2026-09-21 00:00:00
603223,恒通股份,10.12,0.998,0.7124,1079381,5631120,11871318,7551590,-232011,2026-09-21 00:00:00
603225,新凤鸣,17.73,4.417,1.2467,13132667,8402096,54628971,70390788,-11031246,2026-09-21 00:00:00
603226,菲林格尔,36.57,-6.4227,3.5868,33728422,95902129,150923827,157700016,-68949896,2026-09-21 00:00:00
603227,雪峰科技,7.6,1.7403,0.5923,0,3136721,9712266,7088258,-512713,2026-09-21 00:00:00
603228,景旺电子,110.16,5.4667,3.7357,923305344,706872608,1068665888,1077095888,208002736,2026-09-21 00:00:00
603229,奥翔药业,7.91,4.3536,1.257,1779180,3257534,16379468,9626641,5274473,2026-09-21 00:00:00
603230,内蒙新华,14.83,10.0148,10.6281,98304889,118492127,97692202,111836546,-34331582,2026-09-21 00:00:00
603231,索宝蛋白,17.15,2.6946,2.2704,1042457,0,10347752,5486744,5903465,2026-09-21 00:00:00
603232,格尔软件,16.13,-1.1036,10.0366,6775358,12315233,47434110,63321359,-21427124,2026-09-21 00:00:00
603233,大参林,17.95,-2.3395,0.8773,0,6890311,20200758,27378041,-14067594,2026-09-21 00:00:00
603235,天新药业,25.3,1.3216,0.1674,0,0,2341637,2074997,266640,2026-09-21 00:00:00
603236,移远通信,73.72,1.6267,4.337,155463740,121403052,298940688,313379648,19621728,2026-09-21 00:00:00
603237,五芳斋,15.17,2.4308,1.3621,3231228,0,2963062,3647200,2547090,2026-09-21 00:00:00
603238,诺邦股份,12.26,3.1987,1.5062,0,1008003,2687298,1448065,231230,2026-09-21 00:00:00
603239,浙江仙通,13.98,1.1577,0.7575,65471,0,1489628,3436249,-1881150,2026-09-21 00:00:00
603248,锡华科技,24.25,-1.3024,55.9428,49347593,184427756,180451039,202259029,-156888153,2026-09-21 00:00:00
603255,鼎际得,33.61,2.3447,4.9327,1901760,3103618,15725562,20415733,-5892029,2026-09-21 00:00:00
603256,宏和科技,148.92,0.0874,3.2154,792458048,579865584,1113418928,1115569424,210441968,2026-09-21 00:00:00
603257,中国瑞林,69.32,-3.7222,11.3009,8494849,33118858,62621306,54701470,-16704173,2026-09-21 00:00:00
603258,电魂网络,14.19,10,1.9619,21247660,2529225,12667034,8907985,22477484,2026-09-21 00:00:00
603259,药明康德,167.96,4.975,2.0726,1811540880,1678969216,2595826128,2431878000,296519792,2026-09-21 00:00:00
603260,合盛硅业,32.72,0.3681,0.5416,6823370,15837633,43000754,41026869,-7040378,2026-09-21 00:00:00
603261,立航科技,53.58,1.3429,3.4644,11058557,10117121,37092652,44434656,-6400568,2026-09-21 00:00:00
603262,技源集团,18.2,0,1.8894,0,1008435,2685795,4981578,-3304218,2026-09-21 00:00:00
603266,天龙股份,17.19,0.3503,3.8423,1005576,3268818,24340423,20518151,1559030,2026-09-21 00:00:00
603267,鸿远电子,52.19,2.5344,5.6355,41724945,49053773,161882003,164290835,-9737660,2026-09-21 00:00:00
603268,松发股份,221.55,6.5144,4.6306,539244496,652502736,527614192,630671424,-216315472,2026-09-21 00:00:00
603269,海鸥股份,26.78,1.7091,5.8141,59078656,35075786,187754383,114929507,96827746,2026-09-21 00:00:00
603270,金帝股份,37.23,1.0861,8.1586,8284076,14939289,52360735,66115178,-20409656,2026-09-21 00:00:00
603271,永杰新材,38.88,0.5171,1.6593,2157103,6550874,12380032,10420426,-2434165,2026-09-21 00:00:00
603272,*ST联翔,17.12,1.3618,6.3144,5261983,6398884,28321171,37403215,-10218945,2026-09-21 00:00:00
603273,天元智能,14.74,2.2901,3.4883,0,1314133,2523925,2355321,-1145529,2026-09-21 00:00:00
603275,众辰科技,37.09,1.6443,3.0504,1215000,0,6516479,7450920,280559,2026-09-21 00:00:00
603276,恒兴新材,18.11,0.8914,6.8396,3710126,2837703,11918902,18296384,-5505059,2026-09-21 00:00:00
603277,银都股份,11.43,1.4197,0.3064,0,0,2638872,2268851,370021,2026-09-21 00:00:00
603278,大业股份,9.16,0.8811,1.677,0,0,10208095,5882186,4325909,2026-09-21 00:00:00
603279,景津装备,11.22,0.7181,0.877,1531777,4045869,14440408,17128828,-5202512,2026-09-21 00:00:00
603280,南方路机,26.03,0.1925,0.8232,0,0,1012814,2426188,-1413374,2026-09-21 00:00:00
603281,江瀚新材,18.69,0.1071,0.3579,0,0,6446910,4801896,1645014,2026-09-21 00:00:00
603282,亚光股份,16.78,3.9653,1.3016,0,0,11725,857311,-845586,2026-09-21 00:00:00
603283,赛腾股份,46.52,-1.7736,4.2404,63476018,71950221,155671760,155461515,-8263958,2026-09-21 00:00:00
603284,林平发展,41.22,0.1214,6.0346,2511134,2800285,10073598,14855790,-5071343,2026-09-21 00:00:00
603285,键邦股份,38.37,1.3471,9.2092,8001243,20097100,39717681,41457168,-13835344,2026-09-21 00:00:00
603286,日盈电子,44.91,1.6523,2.6417,5409068,4232226,30916171,24532443,7560570,2026-09-21 00:00:00
603288,海天味业,33.83,-0.0591,0.2581,22624358,41716843,100725705,93049829,-11416609,2026-09-21 00:00:00
603289,泰瑞机器,10.51,10.0524,5.9671,78073192,40335278,45662161,43359475,40040600,2026-09-21 00:00:00
603290,斯达半导,87.8,-0.8022,2.2358,13825685,35864002,109899817,114527815,-26666315,2026-09-21 00:00:00
603291,联合水务,8.87,-1.0045,1.3964,1042512,1607965,7803115,12620429,-5382767,2026-09-21 00:00:00
603293,埃泰克,37.39,-0.4791,5.3326,1676537,2869923,14892794,16969080,-3269672,2026-09-21 00:00:00
603296,华勤技术,80.13,-0.2738,1.3884,67438256,78096790,249022644,280836080,-42471970,2026-09-21 00:00:00
603297,永新光学,115.02,1.7786,1.0687,6687798,1150000,22400842,25607832,2330808,2026-09-21 00:00:00
603298,杭叉集团,23.4,-0.5102,0.3927,5657297,4652171,22883317,35845001,-11956558,2026-09-21 00:00:00
603299,苏盐井神,8.73,0.576,0.3774,1199625,0,5367192,3644181,2922636,2026-09-21 00:00:00
603300,海南华铁,4.71,1.5086,1.2597,13046121,3606075,22620457,23998198,8062305,2026-09-21 00:00:00
603301,振德医疗,80.3,-2.0373,0.6627,1009460,1688000,21840096,34162939,-13001383,2026-09-21 00:00:00
603303,得邦照明,28.68,3.2026,0.5964,3754734,3551014,19462541,14692281,4973980,2026-09-21 00:00:00
603305,旭升集团,11.42,2.6978,1.9314,18083769,8978184,43375205,59469124,-6988334,2026-09-21 00:00:00
603306,华懋科技,84.77,1.4966,3.7551,172446955,114148767,313197200,254373636,117121752,2026-09-21 00:00:00
603307,扬州金泉,25.06,2.453,1.0491,162087,0,2565538,1441140,1286485,2026-09-21 00:00:00
603308,应流股份,41.97,-3.3172,3.3544,43932042,176304715,235193437,187942533,-85121769,2026-09-21 00:00:00
603309,维力医疗,11.06,2.2181,1.2332,6440044,1420932,5237201,6022626,4233687,2026-09-21 00:00:00
603310,巍华新材,14.93,0.6743,0.6892,0,0,4509221,5327029,-817808,2026-09-21 00:00:00
603311,金海高科,26.03,0.1539,1.7762,19885059,20340430,21815473,31182378,-9822276,2026-09-21 00:00:00
603312,西典新能,32.03,1.2326,1.022,0,0,1593103,925331,667772,2026-09-21 00:00:00
603313,梦百合,6.97,2.3495,4.6572,6118324,9328780,46044176,38464153,4369567,2026-09-21 00:00:00
603315,福鞍股份,10.98,1.2915,1.2973,0,1095000,6500897,9233765,-3827868,2026-09-21 00:00:00
603316,诚邦股份,18.36,10.006,8.6897,117979760,78637131,82910988,104177835,18075782,2026-09-21 00:00:00
603317,天味食品,13,1.5625,0.5242,1308093,0,9761927,13498333,-2428313,2026-09-21 00:00:00
603318,水发燃气,9.31,2.1954,8.4069,10619136,8371528,74736630,75781900,1202338,2026-09-21 00:00:00
603319,美湖股份,32.18,10.0171,8.9431,390869296,252466163,264218250,274965200,127656183,2026-09-21 00:00:00
603320,迪贝电气,18.47,0.7088,1.2323,349704,0,4452569,6375273,-1573000,2026-09-21 00:00:00
603321,梅轮电梯,7.58,5.571,5.4161,3722062,171892,24751952,29456855,-1154733,2026-09-21 00:00:00
603322,超讯科技,32.31,-1.853,4.1504,8612453,15530869,37283556,46451489,-16086349,2026-09-21 00:00:00
603323,苏农银行,4.38,-0.4545,1.0866,7285124,2108001,22751666,20962481,6966308,2026-09-21 00:00:00
603324,盛剑科技,26.78,-0.4461,1.4741,0,0,2411595,2632344,-220749,2026-09-21 00:00:00
603325,博隆技术,52.75,0.9763,0.7412,0,0,950420,2929279,-1978859,2026-09-21 00:00:00
603326,我乐家居,7.48,3.7448,1.1732,0,0,5116737,5804001,-687264,2026-09-21 00:00:00
603327,福蓉科技,8.47,0.7134,1.2475,3668394,1644155,16827761,18375829,476171,2026-09-21 00:00:00
603328,依顿电子,13.8,4.3873,6.4093,85047379,90200643,182197395,172357703,4686428,2026-09-21 00:00:00
603329,上海雅仕,10.18,3.1408,1.6946,0,0,1941471,2678070,-736599,2026-09-21 00:00:00
603330,天洋新材,10.19,5.3775,11.8197,22359663,22783904,90495934,87432090,2639603,2026-09-21 00:00:00
603331,百达精工,13.02,1.4809,1.7852,0,0,3486837,2757394,729443,2026-09-21 00:00:00
603332,苏州龙杰,11.86,3.6713,1.4029,0,0,3993450,2247054,1746396,2026-09-21 00:00:00
603333,福华尚纬,9.63,2.5559,1.6403,3155995,4619469,22941126,19334119,2143533,2026-09-21 00:00:00
603334,丰倍生物,32.35,2.8617,9.4159,8845635,9359756,26465941,19506248,6445572,2026-09-21 00:00:00
603335,迪生力,6.39,3.231,3.883,4783774,5025546,20567999,18587381,1738846,2026-09-21 00:00:00
603336,宏辉果蔬,10.78,4.0541,5.1685,19723349,27646862,112725453,84351309,20450631,2026-09-21 00:00:00
603337,杰克科技,36.24,-1.1726,0.6403,4069860,1901077,17466412,23555301,-3920106,2026-09-21 00:00:00
603338,浙江鼎力,54.07,-0.1293,0.5809,2792677,0,17038813,17727971,2103519,2026-09-21 00:00:00
603339,四方科技,13.21,2.8016,3.7204,9444710,18806662,23763489,30252445,-15850908,2026-09-21 00:00:00
603341,龙旗科技,37.03,4.3981,3.6637,40160683,16196691,97203318,60501694,60665616,2026-09-21 00:00:00
603344,星德胜,24.09,0.7107,4.207,2567612,5566928,6017520,10008881,-6990677,2026-09-21 00:00:00
603345,安井食品,80.91,1.7992,2.5444,42696625,25823411,141086776,134432501,23527489,2026-09-21 00:00:00
603348,文灿股份,14.18,2.6049,0.6037,0,0,3410378,2511610,898768,2026-09-21 00:00:00
603350,安乃达,28.15,1.698,1.4183,0,1027847,2583493,2334848,-779202,2026-09-21 00:00:00
603351,威尔药业,27.34,7.9779,3.7858,34615949,28003175,28274835,20936565,13951044,2026-09-21 00:00:00
603352,至信股份,25.7,0,1.7495,0,0,1202210,2059446,-857236,2026-09-21 00:00:00
603353,和顺石油,46.39,-4.449,9.5822,68367539,129602130,162879946,178454311,-76808956,2026-09-21 00:00:00
603355,莱克电气,30.79,4.4791,0.9346,7239361,6176681,43190132,48789007,-4536195,2026-09-21 00:00:00
603356,华菱精工,17.39,2.234,2.4221,1489985,0,7390460,11906623,-3026178,2026-09-21 00:00:00
603357,设计总院,5.94,1.7123,0.4338,0,0,1200074,1345916,-145842,2026-09-21 00:00:00
603358,华达科技,46.05,2.9741,1.7409,63286792,59303521,127752141,129449567,2285845,2026-09-21 00:00:00
603359,*ST东珠,2.31,0.4348,1.0565,0,0,1916848,2791398,-874550,2026-09-21 00:00:00
603360,百傲化学,13.28,2.866,1.9349,8946690,2549846,24363878,30937126,-176404,2026-09-21 00:00:00
603363,傲农生物,2.96,2.4221,1.5509,6414450,8876189,25528432,22300394,766299,2026-09-21 00:00:00
603365,水星家纺,16.24,0.5573,0.4002,0,0,911646,1667337,-755691,2026-09-21 00:00:00
603366,日出东方,7.49,4.902,4.3987,13480022,14771494,44623037,49500077,-6168512,2026-09-21 00:00:00
603367,辰欣药业,14.46,4.0288,2.073,3438222,2032506,30469489,24120397,7754808,2026-09-21 00:00:00
603368,柳药集团,15.56,1.2362,0.6973,2799209,0,8872616,6044420,5627405,2026-09-21 00:00:00
603369,今世缘,28.59,3.027,0.9444,21759149,27471929,69252047,54325016,9214251,2026-09-21 00:00:00
603370,华新精科,28.42,2.3407,3.0934,935167,1897504,14771955,11889058,1920560,2026-09-21 00:00:00
603373,安邦护卫,43.3,6.1795,4.5986,5711534,6311666,37060823,43720840,-7260149,2026-09-21 00:00:00
603375,盛景微,53.8,4.082,13.159,18145385,24986808,82517751,78792984,-3116656,2026-09-21 00:00:00
603376,大明电子,27.73,1.02,8.0821,0,31146,9587968,9881044,-324222,2026-09-21 00:00:00
603377,ST东时,3.32,0.3021,0.7062,0,1393598,4414134,5056335,-2035799,2026-09-21 00:00:00
603378,*ST亚士,5.9,4.0564,3.3166,1391002,4783845,25513600,24569498,-2448741,2026-09-21 00:00:00
603379,三美股份,51.71,1.1146,1.1457,29632952,39961768,82670519,72197372,144331,2026-09-21 00:00:00
603380,易德龙,35.2,0.1993,1.3069,204044,2041036,6854236,5439836,-422592,2026-09-21 00:00:00
603381,永臻股份,14.88,1.5007,2.4479,0,1040200,10292386,10883161,-1630975,2026-09-21 00:00:00
603382,海阳科技,19.21,1.9098,1.6326,1108995,0,2472577,2960380,621192,2026-09-21 00:00:00
603383,顶点软件,27.44,1.5168,1.1518,7602560,10812609,14634693,7715521,3709123,2026-09-21 00:00:00
603385,惠达卫浴,5.6,3.1308,1.1582,0,2228785,2772465,5046004,-4502324,2026-09-21 00:00:00
603386,骏亚科技,18.02,2.1542,4.6568,8027583,10657816,31412728,40080228,-11297733,2026-09-21 00:00:00
603387,基蛋生物,9.94,5.5202,3.6096,4966150,6106942,31792570,32406262,-1754484,2026-09-21 00:00:00
603389,亚振家居,46.09,-5.1841,1.2799,4256367,11241817,38618688,50869629,-19236391,2026-09-21 00:00:00
603390,通达电气,11.07,2.595,3.9634,7538834,3614350,29656897,23982059,9599322,2026-09-21 00:00:00
603391,力聚热能,67.56,2.2861,9.2494,29368752,53518102,31605768,27062126,-19605708,2026-09-21 00:00:00
603392,万泰生物,26.01,2.321,0.5268,0,3554803,29745292,28533571,-2343082,2026-09-21 00:00:00
603393,新天然气,25.73,2.5917,1.2957,14307738,3330900,22921643,24225455,9673026,2026-09-21 00:00:00
603395,红四方,28.14,10.0078,25.3682,140080885,36530938,94451138,94812409,103188676,2026-09-21 00:00:00
603396,金辰股份,29.9,5.8782,6.968,14878518,5449634,50169066,48687922,10910028,2026-09-21 00:00:00
603398,*ST沐邦,8.9,-4.3011,1.7217,80730,7877446,10433889,25549816,-22912643,2026-09-21 00:00:00
603399,永杉锂业,14.01,1.5217,6.3604,40157779,28987910,99438977,93865719,16743127,2026-09-21 00:00:00
603400,华之杰,54.67,,,0,0,0,0,0,2026-09-21 00:00:00
603402,陕西旅游,64.54,0.5453,19.8139,27153031,11944010,70343450,61774830,23777641,2026-09-21 00:00:00
603406,天富龙,28.09,1.5913,3.2791,0,134262,7074725,7651558,-711095,2026-09-21 00:00:00
603407,长裕集团,61.54,5.0529,22.1745,70115243,19860917,120925518,117248754,53931090,2026-09-21 00:00:00
603408,建霖家居,11.87,-0.4195,0.467,0,0,3080377,3564133,-483756,2026-09-21 00:00:00
603409,汇通控股,17.98,1.3529,2.3081,0,972240,3609966,3599686,-961960,2026-09-21 00:00:00
603416,信捷电气,46.83,-0.0427,0.9719,2342828,4417956,14129323,11497228,556967,2026-09-21 00:00:00
603418,友升股份,45.34,-0.9178,3.8806,4854967,2586094,8670886,18159895,-7220136,2026-09-21 00:00:00
603421,鼎信通讯,7.03,1.443,5.1055,6842800,0,34312155,36100305,5054650,2026-09-21 00:00:00
603429,*ST集友,8.85,2.7875,0.404,0,0,3780701,5199132,-1418431,2026-09-21 00:00:00
603435,嘉德利,49.74,-1.1526,9.3396,11545415,15714220,31734803,26827602,738396,2026-09-21 00:00:00
603439,三力制药,14.38,5.7353,9.1541,20441320,25585353,115955236,114303128,-3491925,2026-09-21 00:00:00
603444,吉比特,348.91,0.3451,1.2861,34454700,36282167,81188944,75457616,3903861,2026-09-21 00:00:00
603456,九洲药业,16.2,4.3814,3.6256,35527843,13649826,103822633,124909287,791363,2026-09-21 00:00:00
603458,勘设股份,10.91,1.3941,3.1095,3508685,2167896,25667805,27737036,-728442,2026-09-21 00:00:00
603459,红板科技,91.6,2.5756,16.6627,118205567,100918836,265593466,263671233,19208964,2026-09-21 00:00:00
603466,风语筑,12.9,2.4623,9.6564,31263283,33979479,177233719,149867539,24649984,2026-09-21 00:00:00
603477,巨星农牧,14.73,1.5862,2.341,3169322,3315688,37734367,22561634,15026367,2026-09-21 00:00:00
603486,科沃斯,50.23,0.6008,0.553,3547920,6783614,31271281,31360023,-3324436,2026-09-21 00:00:00
603488,展鹏科技,8.3,3.8798,3.336,1101741,1973020,11159465,10662694,-374508,2026-09-21 00:00:00
603489,八方股份,29.49,1.9005,1.0176,1000578,0,11205998,6612507,5594069,2026-09-21 00:00:00
603496,恒为科技,23.44,-0.6359,2.1624,1019368,9257070,23414442,40137743,-24961003,2026-09-21 00:00:00
603499,翔港科技,13.68,-0.5091,0.7378,2730237,4281034,6807044,8352100,-3095853,2026-09-21 00:00:00
603500,祥和实业,9.84,7.1895,5.0819,7973747,5519726,42279156,17688155,27045022,2026-09-21 00:00:00
603501,豪威集团,80.78,-0.6029,0.8902,71562880,131625868,235350924,231771200,-56483264,2026-09-21 00:00:00
603505,金石资源,15.39,-0.1946,0.9467,4648279,10312482,33153329,40860641,-13371515,2026-09-21 00:00:00
603506,南都物业,11.93,3.8294,2.3335,1425856,0,7749335,7686406,1488785,2026-09-21 00:00:00
603507,振江股份,26.48,9.4215,9.1938,52566479,29270075,145978484,120100276,49174612,2026-09-21 00:00:00
603508,思维列控,21.05,0.1427,0.5193,1048670,0,10784230,12511939,-679039,2026-09-21 00:00:00
603511,爱慕股份,12.3,0.9852,0.3236,0,0,2202934,1252727,950207,2026-09-21 00:00:00
603515,欧普照明,14.78,1.511,0.2278,0,0,2677331,2350988,326343,2026-09-21 00:00:00
603516,淳中科技,86.13,-0.8633,1.6128,6942672,9852619,54424654,68704406,-17189699,2026-09-21 00:00:00
603517,ST绝味,11.78,0.9426,0.7972,0,4299665,20600258,11733371,4567222,2026-09-21 00:00:00
603518,锦泓集团,7.76,1.7038,1.6399,0,0,7783604,10336260,-2552656,2026-09-21 00:00:00
603519,立霸股份,16.2,4.1801,1.9253,1371293,1483042,15744480,15655281,-22550,2026-09-21 00:00:00
603520,司太立,8.61,2.5,1.6094,0,2307992,13595318,14616487,-3329161,2026-09-21 00:00:00
603527,众源新材,10.13,2.22,2.338,0,1051308,13225276,12778268,-604300,2026-09-21 00:00:00
603528,多伦科技,6.5,1.5625,1.5772,0,397518,9495953,14252356,-5153921,2026-09-21 00:00:00
603529,爱玛科技,21.71,1.3066,0.5356,1085000,11341787,14537415,12395214,-8114586,2026-09-21 00:00:00
603530,神马电力,45,2.1566,0.756,0,1956105,24026244,20722222,1347917,2026-09-21 00:00:00
603533,掌阅科技,23.5,1.1623,5.17,14118139,16038597,103033577,102110536,-997417,2026-09-21 00:00:00
603535,嘉诚国际,6.24,2.1277,0.5706,170775,0,2265756,2252376,184155,2026-09-21 00:00:00
603536,惠发食品,9.99,1.8349,1.8013,0,0,1736775,2845411,-1108636,2026-09-21 00:00:00
603538,美诺华,27.9,4.8478,15.3917,99724618,104848900,310785872,281686352,23975238,2026-09-21 00:00:00
603551,奥普科技,9.31,0.8667,0.5102,1657260,0,1643478,3617494,-316756,2026-09-21 00:00:00
603556,海兴电力,23.52,-0.0425,0.5436,0,0,8612430,7881991,730439,2026-09-21 00:00:00
603557,*ST起步,3.36,-1.1765,0.8592,0,0,5047492,4355089,692403,2026-09-21 00:00:00
603558,健盛集团,13.25,-0.2259,1.3871,1051980,1035960,9278256,8727254,567022,2026-09-21 00:00:00
603559,中通国脉,9.47,1.3919,2.6001,7214804,4815626,20112751,22000458,511471,2026-09-21 00:00:00
603565,中谷物流,12.11,2.8014,0.9733,5925528,5309290,32507772,39692556,-6568546,2026-09-21 00:00:00
603566,普莱柯,10.29,1.6798,0.8151,0,0,3519370,8804666,-5285296,2026-09-21 00:00:00
603567,珍宝岛,5.56,4.9057,3.244,1566632,1533472,30343195,26168235,4208120,2026-09-21 00:00:00
603568,伟明环保,13.52,0.8955,0.4129,6592436,4261221,27467244,14693236,15105223,2026-09-21 00:00:00
603569,长久物流,5.82,1.5707,0.383,0,0,0,722034,-722034,2026-09-21 00:00:00
603577,汇金通,9.73,1.2487,0.8829,0,0,3895884,3744892,150992,2026-09-21 00:00:00
603578,三星新材,14.31,0.4211,2.2061,1440000,1919356,13135811,15194648,-2538193,2026-09-21 00:00:00
603579,荣泰健康,17.57,3.2315,1.7273,0,1015588,8386326,8450801,-1080063,2026-09-21 00:00:00
603580,艾艾精工,71.53,9.9954,5.6684,140351839,44134671,177451893,125884317,147784744,2026-09-21 00:00:00
603583,捷昌驱动,28.01,4.5539,2.1351,20524775,6640876,60848179,50139022,24593056,2026-09-21 00:00:00
603585,苏利股份,10.6,2.1195,1.2138,0,0,1673414,5414250,-3740836,2026-09-21 00:00:00
603586,金麒麟,13.75,1.626,0.8282,0,0,1971873,1822136,149737,2026-09-21 00:00:00
603587,地素时尚,12.32,1.7341,0.6607,0,0,3277571,2473514,804057,2026-09-21 00:00:00
603588,高能环境,16.46,1.9827,3.2344,111888627,103865795,253038782,199098525,61963089,2026-09-21 00:00:00
603589,口子窖,17.82,1.5385,0.949,3461653,0,23616502,17021911,10056244,2026-09-21 00:00:00
603590,康辰药业,29.88,3.75,1.5275,2511193,1869970,12226329,9356616,3510936,2026-09-21 00:00:00
603595,ST东尼,32.46,1.7555,0.7321,403200,1295265,14388547,15073480,-1576998,2026-09-21 00:00:00
603596,伯特利,28.88,1.7618,1.5733,10609526,18390023,86700635,75682377,3237761,2026-09-21 00:00:00
603598,引力传媒,17.24,0,3.7622,2987333,1167655,29017248,23686589,7150337,2026-09-21 00:00:00
603599,广信股份,10.61,1.3372,0.9698,518320,3509590,21443535,22317967,-3865702,2026-09-21 00:00:00
603600,永艺股份,10.33,1.9743,1.0942,730285,0,5552675,6526006,-243046,2026-09-21 00:00:00
603601,再升科技,10.66,4.4074,14.2868,165527933,125312341,396731488,324156560,112790520,2026-09-21 00:00:00
603602,纵横通信,11.55,1.7621,1.0371,0,0,1767795,2966822,-1199027,2026-09-21 00:00:00
603605,珀莱雅,56.89,1.8986,1.6084,29921132,20859208,85637998,90614446,4085476,2026-09-21 00:00:00
603606,东方电缆,36.36,1.3378,1.5582,36513037,31101301,97080652,112161452,-9669064,2026-09-21 00:00:00
603607,京华激光,23.94,-1.4815,4.3603,16896907,21251032,48279029,49558516,-5633612,2026-09-21 00:00:00
603608,天创时尚,22.13,4.8815,5.1583,59338611,76800279,146973240,150277914,-20766342,2026-09-21 00:00:00
603609,禾丰股份,6.52,3.1646,0.5471,340200,0,6401124,1394488,5346836,2026-09-21 00:00:00
603610,麒盛科技,13.65,-0.4376,1.588,4819052,4942756,16167675,16430117,-386146,2026-09-21 00:00:00
603611,诺力股份,15.91,0.4419,0.8126,4189470,8799053,6601314,12104151,-10112420,2026-09-21 00:00:00
603612,索通发展,16.75,0.9036,1.4901,3857279,13195146,20284940,23354048,-12406975,2026-09-21 00:00:00
603613,国联股份,21.29,0.094,2.1649,15386846,28728314,93310828,108232508,-28263148,2026-09-21 00:00:00
603615,茶花股份,19.15,-4.25,4.0065,11643779,11947396,37245175,42509823,-5568265,2026-09-21 00:00:00
603616,韩建河山,5.58,1.4545,1.9206,0,0,5611640,3687338,1924302,2026-09-21 00:00:00
603617,君禾股份,6.83,2.2455,1.1365,0,0,3049668,4353920,-1304252,2026-09-21 00:00:00
603618,杭电股份,40.68,1.9293,11.5152,482245040,413026336,753297456,756825072,65691088,2026-09-21 00:00:00
603619,中曼石油,22.14,3.5063,5.208,39726724,18956015,100702472,143640260,-22167079,2026-09-21 00:00:00
603626,科森科技,23.35,-0.2989,12.3871,180060269,187781639,352862224,363294624,-18153770,2026-09-21 00:00:00
603628,清源股份,10.57,1.8304,1.9776,5284907,0,10316360,8913017,6688250,2026-09-21 00:00:00
603629,利通电子,111.5,-1.8486,5.6289,228555014,340321920,447424352,569752912,-234095466,2026-09-21 00:00:00
603630,拉芳家化,14.08,3.6056,2.8245,0,1408000,10266322,10877219,-2018897,2026-09-21 00:00:00
603633,徕木股份,6.44,-0.155,1.9335,518897,1383708,8198986,5395019,1939156,2026-09-21 00:00:00
603636,南威软件,7.28,9.9698,9.6186,123920361,65784674,96680460,68380035,86436112,2026-09-21 00:00:00
603637,镇海股份,15.1,2.1651,3.2922,6907819,6654303,27110812,27627345,-263017,2026-09-21 00:00:00
603638,艾迪精密,18.4,0.4915,0.6505,2653628,2447767,23226661,17071206,6361316,2026-09-21 00:00:00
603639,海利尔,10.44,1.2609,0.3601,0,0,2279004,3512713,-1233709,2026-09-21 00:00:00
603648,畅联股份,9.65,2.9883,0.8938,0,0,6749101,5501464,1247637,2026-09-21 00:00:00
603650,彤程新材,71.99,-2.121,3.2881,123903689,182067404,334610848,360883008,-84435875,2026-09-21 00:00:00
603655,朗博科技,31.69,4.9338,1.8841,2478261,3690236,14058804,11606713,1240116,2026-09-21 00:00:00
603656,泰禾智能,17.4,0.4619,1.0408,2947728,3612616,648729,2035281,-2051440,2026-09-21 00:00:00
603657,春光科技,36.49,2.5576,4.4005,3672753,3709446,34417413,31898348,2482372,2026-09-21 00:00:00
603658,安图生物,32.52,1.088,0.2931,237629,3478192,11518292,6045258,2232471,2026-09-21 00:00:00
603659,璞泰来,21.9,-1.6614,1.0089,29972789,35033497,112194601,110209147,-3075254,2026-09-21 00:00:00
603660,苏州科达,9.82,1.4463,3.7501,18529495,14905947,48015348,48573962,3064934,2026-09-21 00:00:00
603661,恒林股份,33.13,1.5635,2.2925,3777032,13994266,19059160,16048527,-7206601,2026-09-21 00:00:00
603662,柯力传感,49.86,1.6514,1.3789,6365994,7625128,34608441,33838003,-488696,2026-09-21 00:00:00
603663,三祥新材,49.82,10.0022,3.9675,426739312,187282537,323611600,306187056,256881319,2026-09-21 00:00:00
603665,康隆达,21.56,1.4111,1.3633,2417313,3250746,7238735,7607874,-1202572,2026-09-21 00:00:00
603666,亿嘉和,26.84,3.6293,1.7989,2662507,5191744,33849621,24335768,6984616,2026-09-21 00:00:00
603667,五洲新春,50.97,-0.2739,2.9589,28602313,32961585,115639249,121523242,-10243265,2026-09-21 00:00:00
603668,天马科技,12.65,-2.4672,2.7642,14411692,25258510,33621910,28541587,-5766495,2026-09-21 00:00:00
603669,灵康药业,5.9,5.7348,8.4159,21612146,19154705,64865424,79455588,-12132723,2026-09-21 00:00:00
603676,卫信康,9.04,3.6697,0.5991,0,0,2965350,1126243,1839107,2026-09-21 00:00:00
603677,奇精机械,14.41,1.7655,1.1264,0,0,2963131,4265434,-1302303,2026-09-21 00:00:00
603678,火炬电子,50.93,1.2525,5.6237,119508209,165795245,258273954,300727488,-88740570,2026-09-21 00:00:00
603679,华体科技,26.76,4.5313,8.5383,36131727,30633651,84233933,78338113,11393896,2026-09-21 00:00:00
603680,今创集团,10.86,2.7436,1.0873,831390,1200647,12794145,16195382,-3770494,2026-09-21 00:00:00
603681,永冠新材,19.66,1.9181,3.5183,5429776,6355212,38202989,33816169,3461384,2026-09-21 00:00:00
603682,锦和商管,9.91,2.2704,2.4433,3953504,3742129,16511312,29651196,-12928509,2026-09-21 00:00:00
603683,晶华新材,16.67,1.1529,4.4024,5374650,4758626,32527857,42844415,-9700534,2026-09-21 00:00:00
603685,晨丰科技,27.79,0.9444,0.6155,1691267,4802753,3845265,5214176,-4480397,2026-09-21 00:00:00
603686,福龙马,15.22,-1.616,22.4306,74706157,193013881,290994416,277375488,-104688796,2026-09-21 00:00:00
603687,大胜达,15.77,-1.8668,3.2612,13013596,33261476,59770244,76452964,-36930600,2026-09-21 00:00:00
603688,石英股份,50.75,2.1949,3.6724,100531456,67254665,273151232,229627745,76800278,2026-09-21 00:00:00
603689,皖天然气,7.7,1.0499,0.698,2196577,0,5382808,4697842,2881543,2026-09-21 00:00:00
603690,至纯科技,24.2,-0.7383,4.8655,24989245,32575901,74743418,81054620,-13897858,2026-09-21 00:00:00
603693,江苏新能,12.48,0.3215,1.3799,2600113,9274225,27030012,27697449,-7341549,2026-09-21 00:00:00
603696,安记食品,14.39,2.9328,6.4905,2723793,4352290,33889572,33879408,-1618333,2026-09-21 00:00:00
603697,有友食品,9.15,1.105,0.952,0,0,4073990,2847884,1226106,2026-09-21 00:00:00
603698,航天工程,21.98,0.1367,1.527,4023368,10977961,24900335,23987968,-6042226,2026-09-21 00:00:00
603699,纽威股份,43.57,-3.0053,0.6002,4246489,11253110,41694191,25545829,9141741,2026-09-21 00:00:00
603700,宁水集团,11.73,4.8257,3.0127,2314670,4952428,12316798,12856452,-3177412,2026-09-21 00:00:00
603701,德宏股份,19.93,0.0502,0.8452,1526638,4996485,7703548,9547265,-5313564,2026-09-21 00:00:00
603703,盛洋科技,10.88,6.25,5.7218,8020636,5444576,49507577,49458623,2625014,2026-09-21 00:00:00
603706,东方环宇,17.13,0.7647,0.5824,0,1084962,3875230,4937929,-2147661,2026-09-21 00:00:00
603707,健友股份,7.89,5.7641,1.2862,12712474,2455488,28226041,28441208,10041819,2026-09-21 00:00:00
603708,家家悦,9.12,1.3333,0.756,2330497,1774500,6198781,3952233,2802545,2026-09-21 00:00:00
603709,中源家居,12.42,1.2225,1.4125,0,0,1676199,1290224,385975,2026-09-21 00:00:00
603711,香飘飘,11.92,2.4055,0.8587,0,0,6388082,7321537,-933455,2026-09-21 00:00:00
603712,七一二,11.86,4.5855,2.1377,8756755,240380,50498506,38390600,20624281,2026-09-21 00:00:00
603713,密尔克卫,68.32,4.9946,1.4784,8790655,8820321,44083700,38351913,5702121,2026-09-21 00:00:00
603716,塞力医疗,16.9,4.5145,6.0592,11630189,5419956,43218606,35949454,13479385,2026-09-21 00:00:00
603717,天域生物,5.98,3.1034,2.5725,0,0,5830944,5054456,776488,2026-09-21 00:00:00
603718,*ST海利,3.12,2.9703,1.0903,0,0,8698395,6491014,2207381,2026-09-21 00:00:00
603719,良品铺子,9.1,3.1746,0.9619,0,0,6015663,2510654,3505009,2026-09-21 00:00:00
603721,中广天择,18.47,1.261,4.8961,1040375,0,14000221,15356514,-315918,2026-09-21 00:00:00
603722,阿科力,29.57,2.1416,1.0786,1476060,0,4174271,4025202,1625129,2026-09-21 00:00:00
603725,天安新材,11.85,0.8511,7.3745,6788967,18321993,44705981,48530174,-15357219,2026-09-21 00:00:00
603726,朗迪集团,24.3,0.4132,1.6742,4108290,9884801,13895141,9379354,-1260724,2026-09-21 00:00:00
603727,博迈科,18.7,6.25,2.1315,8639036,0,14330571,16233662,6735945,2026-09-21 00:00:00
603728,鸣志电器,50.78,1.4585,1.5852,13368415,7994684,58141940,70146644,-6630973,2026-09-21 00:00:00
603729,ST龙韵,12.7,0.8737,0.961,0,0,913346,1858198,-944852,2026-09-21 00:00:00
603730,岱美股份,9.97,3.1024,0.826,16339695,7042751,29916353,35010772,4202525,2026-09-21 00:00:00
603733,仙鹤股份,19.28,1.1542,0.7767,8805391,4613659,38323149,39001972,3512909,2026-09-21 00:00:00
603737,三棵树,22.18,7.6177,1.927,12241647,9714781,59411284,78536588,-16598438,2026-09-21 00:00:00
603738,泰晶科技,38.57,1.7947,6.3712,62309706,56284876,208665369,174539264,40150935,2026-09-21 00:00:00
603739,蔚蓝生物,12.83,4.8203,2.1687,5318830,5441200,7048718,7801441,-875093,2026-09-21 00:00:00
603755,日辰股份,24.7,3.6944,1.3154,0,0,3913925,4392922,-478997,2026-09-21 00:00:00
603757,大元泵业,70.08,2.7566,4.7003,122694219,55337920,164820858,135478121,96699036,2026-09-21 00:00:00
603758,秦安股份,11.05,3.1746,2.1531,5541065,0,11794074,18532169,-1197030,2026-09-21 00:00:00
603759,海天股份,7.82,0.2564,2.1272,0,3096,10335170,7346129,2985945,2026-09-21 00:00:00
603766,隆鑫通用,14.91,0.6752,0.5528,13353636,14972545,28122503,29488029,-2984435,2026-09-21 00:00:00
603767,中马传动,13.59,1.3423,1.0125,3180264,1034062,2761228,4805171,102259,2026-09-21 00:00:00
603768,常青股份,11.48,1.2346,0.6978,0,2278867,2335851,798109,-741125,2026-09-21 00:00:00
603773,沃格光电,95.96,1.9766,13.6105,393150592,430548560,869106400,792662496,39045936,2026-09-21 00:00:00
603776,永安行,19.64,0.153,0.435,0,1142466,5735578,6115594,-1522482,2026-09-21 00:00:00
603777,来伊份,13.73,4.173,2.895,5731283,3501389,23495225,28551498,-2826379,2026-09-21 00:00:00
603778,国晟科技,9.22,1.3187,8.4626,15275003,28076309,81807944,95704412,-26697774,2026-09-21 00:00:00
603779,威龙股份,8.43,2.3058,2.9312,4139897,4549572,7743417,19103405,-11769663,2026-09-21 00:00:00
603786,科博达,37.71,0.2392,0.3622,0,1370201,9924969,12987524,-4432756,2026-09-21 00:00:00
603787,新日股份,10.3,2.3857,1.0028,0,0,1314976,2979830,-1664854,2026-09-21 00:00:00
603788,宁波高发,13.76,1.4001,0.3623,0,0,1978414,1793189,185225,2026-09-21 00:00:00
603789,ST星农,6.03,1.005,0.6641,0,0,1813506,3887171,-2073665,2026-09-21 00:00:00
603790,雅运股份,24.93,1.5892,1.6845,1260828,3200376,24603531,23305766,-641783,2026-09-21 00:00:00
603797,联泰环保,4.9,5.8315,2.4085,2375336,1355997,11440955,9207146,3253148,2026-09-21 00:00:00
603798,康普顿,13.67,4.9923,2.2452,3445010,5348299,20297124,18995273,-601438,2026-09-21 00:00:00
603799,华友钴业,36.07,0.8105,1.7021,137663807,162659324,307180912,275532592,6652803,2026-09-21 00:00:00
603800,洪田股份,58.53,-1.1151,2.1703,28592525,55649624,69398604,64615858,-22274353,2026-09-21 00:00:00
603801,志邦家居,6.12,4.0816,1.9711,0,0,7582586,6261171,1321415,2026-09-21 00:00:00
603803,瑞斯康达,11.85,0.8511,3.7322,4642507,5784831,29674915,22923898,5608693,2026-09-21 00:00:00
603806,福斯特,14.48,0.7655,0.7554,13648128,21087028,51102436,53217968,-9554432,2026-09-21 00:00:00
603808,歌力思,8.75,1.7442,0.693,0,0,1145795,2390086,-1244291,2026-09-21 00:00:00
603809,豪能股份,8.69,1.4002,0.6561,2491127,0,8868230,6897570,4461787,2026-09-21 00:00:00
603810,丰山集团,11.97,2.7468,1.1788,0,0,908813,513504,395309,2026-09-21 00:00:00
603811,诚意药业,7.02,3.6928,1.6388,2623302,1704500,9582124,11681896,-1180970,2026-09-21 00:00:00
603813,原尚股份,26.67,0.9845,0.911,0,0,5079739,3594534,1485205,2026-09-21 00:00:00
603815,交建股份,5.22,0.578,0.9298,0,0,5125985,7437860,-2311875,2026-09-21 00:00:00
603816,顾家家居,22.36,-0.6222,0.9789,4640022,14175274,31571392,20835713,1200427,2026-09-21 00:00:00
603817,海峡环保,5.78,0.6969,1.3826,1177386,2240473,6482468,10656827,-5237446,2026-09-21 00:00:00
603818,曲美家居,4.03,-1.7073,8.2537,10599313,16952300,58363373,83717350,-31706964,2026-09-21 00:00:00
603819,神力股份,17.33,10.0317,3.81,34843642,10528579,21763803,23921899,22156967,2026-09-21 00:00:00
603822,ST嘉澳,66.2,0.303,0.3956,1535688,0,1694409,4655198,-1425101,2026-09-21 00:00:00
603823,百合花,55,-0.722,4.3085,49087034,72709332,219616951,231371952,-35377299,2026-09-21 00:00:00
603825,ST华扬,7.84,0.2558,0.4487,299808,0,837675,1668585,-531102,2026-09-21 00:00:00
603826,坤彩科技,16.77,1.8215,1.1689,6078385,0,28325901,32408909,1995377,2026-09-21 00:00:00
603828,*ST利达,6.06,8.0214,0.9399,0,0,9268129,7564152,1703977,2026-09-21 00:00:00
603829,洛凯股份,16.03,2.9544,2.0554,0,0,8306837,8539021,-232184,2026-09-21 00:00:00
603833,欧派家居,29.45,2.186,0.4407,741966,0,13318178,13516581,543563,2026-09-21 00:00:00
603836,海程邦达,9.53,3.2503,1.2344,0,0,1827760,4649274,-2821514,2026-09-21 00:00:00
603838,*ST四通,14.14,2.5381,0.8356,0,413745,8499800,6974149,1111906,2026-09-21 00:00:00
603839,安正时尚,6.94,5.1515,1.3262,0,0,3593995,1183444,2410551,2026-09-21 00:00:00
603843,*ST正平,6.7,-2.4745,1.6509,1037392,1967783,21522495,30825355,-10233251,2026-09-21 00:00:00
603848,好太太,13.47,2.6677,0.8593,481572,0,8361164,7338594,1504142,2026-09-21 00:00:00
603855,华荣股份,17.02,1.7943,0.5838,1759883,1282180,10774518,6087669,5164552,2026-09-21 00:00:00
603856,东宏股份,11.71,2.5394,1.0814,5288691,1086945,6679852,5433024,5448574,2026-09-21 00:00:00
603858,步长制药,14.77,1.6518,0.4825,1506996,3815935,20324680,10521303,7494438,2026-09-21 00:00:00
603859,能科科技,39.05,1.0349,2.3707,9632600,10841871,63195464,51455512,10530681,2026-09-21 00:00:00
603860,中公高科,25.72,2.2258,1.6662,0,0,3146225,2589967,556258,2026-09-21 00:00:00
603861,白云电器,11.24,0.2676,1.0014,1131000,1131000,8548938,11525949,-2977011,2026-09-21 00:00:00
603863,松炀资源,12.6,2.107,1.6597,778050,1233920,5270606,9528243,-4713507,2026-09-21 00:00:00
603866,桃李面包,4.16,0,0.9204,0,0,7631254,8193766,-562512,2026-09-21 00:00:00
603867,新化股份,33.27,2.3692,3.3334,33416046,23384025,57617733,49611889,18037865,2026-09-21 00:00:00
603868,飞科电器,31.36,-0.9788,0.5356,0,0,12272345,10783868,1488477,2026-09-21 00:00:00
603869,ST智知,8.6,1.2956,0.2025,1278914,3252337,2842527,1264760,-395656,2026-09-21 00:00:00
603871,嘉友国际,12.28,-0.0814,0.5162,0,1207610,6839219,10396527,-4764918,2026-09-21 00:00:00
603876,鼎胜新材,18.6,-1.8987,1.7279,2198117,10328268,43736654,28611005,6995498,2026-09-21 00:00:00
603877,太平鸟,11.88,1.1064,0.3297,0,0,2970503,441757,2528746,2026-09-21 00:00:00
603878,武进不锈,4.95,1.6427,1.1836,0,0,3883946,3520517,363429,2026-09-21 00:00:00
603879,永悦科技,4.95,0.2024,1.9669,0,190734,4737916,7570372,-3023190,2026-09-21 00:00:00
603880,南卫股份,9.27,4.3919,6.6614,3337857,1305058,23392749,26571260,-1145712,2026-09-21 00:00:00
603881,数据港,24.64,1.9024,2.993,76950333,46373731,152608310,137791358,45393554,2026-09-21 00:00:00
603882,金域医学,28.76,2.6776,2.8288,19252134,14069378,75646941,73392128,7437569,2026-09-21 00:00:00
603883,老百姓,12.88,2.2222,1.0465,3786988,0,21075467,16644344,8218111,2026-09-21 00:00:00
603885,吉祥航空,10.15,0.495,0.5875,19047581,13051716,36257797,32872841,9380821,2026-09-21 00:00:00
603886,元祖股份,12.46,2.8902,1.7696,107272,0,8480128,10369581,-1782181,2026-09-21 00:00:00
603887,城地香江,8.94,0.5624,1.7582,4280810,1068000,15299529,17888665,623674,2026-09-21 00:00:00
603888,新华网,18.79,1.7325,7.0674,72504251,88070950,235558702,222878109,-2886106,2026-09-21 00:00:00
603889,新澳股份,6.12,-0.6494,1.0134,0,0,7377937,4273246,3104691,2026-09-21 00:00:00
603890,春秋电子,17.32,-0.5169,4.1077,10610827,33087642,70763672,92441855,-44154998,2026-09-21 00:00:00
603893,瑞芯微,198,4.1886,2.8455,376436080,251374709,579575504,587972352,116664523,2026-09-21 00:00:00
603895,天永智能,26.18,2.0265,0.7926,57200,0,1742727,2084408,-284481,2026-09-21 00:00:00
603896,寿仙谷,14.95,5.9532,2.196,0,2866657,10997376,6775899,1354820,2026-09-21 00:00:00
603897,长城科技,30.89,0.7173,4.4797,39622437,46888151,57846245,42601516,7979015,2026-09-21 00:00:00
603898,好莱客,11.15,2.3875,0.9224,0,1199964,3294844,2449562,-354682,2026-09-21 00:00:00
603899,晨光股份,21.75,0.046,0.2731,1087000,0,8508175,4491314,5103861,2026-09-21 00:00:00
603900,莱绅通灵,6.93,1.6129,6.4641,1522520,0,23415836,17882404,7055952,2026-09-21 00:00:00
603901,永创智能,9.41,1.4009,0.954,1837142,0,10185391,8980050,3042483,2026-09-21 00:00:00
603903,中持股份,13.88,-0.4304,2.2091,3228428,5911263,12365982,20662548,-10979401,2026-09-21 00:00:00
603906,龙蟠科技,18.23,-0.328,1.5551,5650113,8212700,29461396,38893678,-11994869,2026-09-21 00:00:00
603908,牧高笛,18.95,2.71,1.3351,0,0,719850,1679498,-959648,2026-09-21 00:00:00
603909,建发合诚,9.73,1.2487,0.772,0,1489764,422232,0,-1067532,2026-09-21 00:00:00
603912,佳力图,8.8,1.1494,2.4339,0,2397111,21100133,25605358,-6902336,2026-09-21 00:00:00
603915,国茂股份,13.18,0.8416,0.767,0,488336,11597897,12842068,-1732507,2026-09-21 00:00:00
603916,苏博特,10.97,1.2927,1.3241,0,722429,7056038,11033386,-4699777,2026-09-21 00:00:00
603917,合力科技,14.35,4.9744,3.5196,2438897,2464680,25081107,20150324,4905000,2026-09-21 00:00:00
603918,金桥信息,10.76,0.3731,4.3476,3176715,4733363,28185125,32278395,-5649918,2026-09-21 00:00:00
603919,金徽酒,16.83,3.7608,1.1977,5103168,0,16700981,11278644,10525505,2026-09-21 00:00:00
603920,世运电路,46.44,6.5138,6.168,383319312,254479786,474630256,516315888,87153894,2026-09-21 00:00:00
603922,ST金鸿顺,12.75,-0.9324,0.3426,0,0,901508,2730651,-1829143,2026-09-21 00:00:00
603926,铁流股份,17.74,3.3197,1.7711,7523999,2295189,11232883,11981859,4479834,2026-09-21 00:00:00
603927,中科软,13.9,2.2811,0.9287,1393000,1075396,16264237,14099797,2482044,2026-09-21 00:00:00
603928,兴业股份,12.21,0.3287,2.9745,3533795,4886712,14020659,20987829,-8320087,2026-09-21 00:00:00
603929,亚翔集成,159.47,-2.5721,1.8095,52080394,49602404,112636854,139579126,-24464282,2026-09-21 00:00:00
603931,格林达,35.83,-0.6929,1.8974,232000,2632109,13867871,20811837,-9344075,2026-09-21 00:00:00
603933,睿能科技,19.32,-0.5149,1.3567,0,653253,5238256,7967487,-3382484,2026-09-21 00:00:00
603936,博敏电子,21.61,1.2652,7.3995,113514663,92407181,220040120,166675798,74471804,2026-09-21 00:00:00
603937,丽岛新材,11.67,0.8643,1.2023,0,0,2194101,2600719,-406618,2026-09-21 00:00:00
603938,三孚股份,50.35,0.0397,5.4602,44610566,105004745,251134970,251270805,-60530014,2026-09-21 00:00:00
603939,益丰药房,22.15,-2.7656,0.6737,6810286,6399640,26415574,27479136,-652916,2026-09-21 00:00:00
603948,建业股份,19.73,0.7147,0.6255,0,0,400765,2448480,-2047715,2026-09-21 00:00:00
603949,雪龙集团,14.08,1.5141,0.7947,0,0,1214732,1814995,-600263,2026-09-21 00:00:00
603950,长源东谷,60.16,-0.7425,2.0441,72553946,67352834,119547398,83453564,41294946,2026-09-21 00:00:00
603955,大千生态,24.35,4.5513,3.117,12809939,5475612,31192714,29000920,9526121,2026-09-21 00:00:00
603956,威派格,7.22,2.1216,4.4788,14416975,9377370,39338759,27497155,16881209,2026-09-21 00:00:00
603958,哈森股份,18.37,10,9.7023,98762122,27347752,88681253,79317883,80777740,2026-09-21 00:00:00
603959,ST百利,4.39,-1.5695,1.0877,0,2325587,7206102,12346814,-7466299,2026-09-21 00:00:00
603960,克来机电,18.36,7.243,8.4542,32219622,10768660,71593122,76185216,16858868,2026-09-21 00:00:00
603966,法兰泰克,7.54,3.0055,1.617,2954780,1310455,17880848,16229403,3295770,2026-09-21 00:00:00
603967,中创物流,11.78,0.9426,0.5376,0,0,1537084,1305303,231781,2026-09-21 00:00:00
603968,醋化股份,10.54,2.2308,1.2028,0,0,1591763,3277222,-1685459,2026-09-21 00:00:00
603969,银龙股份,7.6,-0.2625,0.8762,3125666,2270880,13288919,18036749,-3893044,2026-09-21 00:00:00
603970,中农立华,11.38,4.308,1.1736,0,0,4492971,3824435,668536,2026-09-21 00:00:00
603976,正川股份,32.04,5.7775,3.455,4371735,5047432,45293780,37746046,6872037,2026-09-21 00:00:00
603977,国泰集团,11.52,1.4978,0.921,1276836,2523868,14558199,19292407,-5981240,2026-09-21 00:00:00
603978,深圳新星,24.68,8.1507,11.0977,55994293,41219370,152229360,125768733,41235550,2026-09-21 00:00:00
603979,金诚信,73.54,0.2864,0.6305,25092977,37074115,55462521,67531372,-24049989,2026-09-21 00:00:00
603980,吉华集团,8.94,1.3605,8.08,45017403,40152102,125402345,128354404,1913242,2026-09-21 00:00:00
603982,泉峰汽车,6.3,1.4493,1.4078,0,0,1877852,3324488,-1446636,2026-09-21 00:00:00
603983,丸美生物,30.77,4.9096,1.5417,7020996,10057544,48895792,35567710,10291534,2026-09-21 00:00:00
603985,恒润股份,16.94,-0.3529,1.4073,1710000,971103,18639137,24899284,-5521250,2026-09-21 00:00:00
603986,兆易创新,391.71,0.9094,4.905,2890281840,3142359584,3396998752,3343863184,-198942176,2026-09-21 00:00:00
603987,康德莱,7.64,3.9456,1.423,2516807,1044400,8177454,7338721,2311140,2026-09-21 00:00:00
603988,中电电机,18.28,-0.4357,1.3859,0,67673,6601166,8509899,-1976406,2026-09-21 00:00:00
603989,艾华集团,33.87,-2.6164,8.3913,126259705,180342162,228586251,288012928,-113509134,2026-09-21 00:00:00
603990,麦迪科技,20.09,-0.9857,3.7676,16472649,28865788,62067357,58254479,-8580261,2026-09-21 00:00:00
603991,领先股份,175.62,-2.3357,3.9805,106999211,108397028,117813087,186488220,-70072950,2026-09-21 00:00:00
603992,松霖科技,20.14,0.5492,0.7483,6002100,3236192,7367836,6400116,3733628,2026-09-21 00:00:00
603993,洛阳钼业,17.59,0.4569,0.6101,282792960,366296720,446857104,522312640,-158959296,2026-09-21 00:00:00
603995,甬金股份,26.67,2.4194,1.5082,9935099,12348277,27941516,25145437,382901,2026-09-21 00:00:00
603997,继峰股份,13.74,9.3079,4.7134,211692345,169566936,152731673,214535502,-19678420,2026-09-21 00:00:00
603998,方盛制药,10.71,3.0799,2.976,7099907,3614294,24218137,22524638,5179112,2026-09-21 00:00:00
603999,读者传媒,6.62,1.0687,3.8332,0,978670,24842047,33690380,-9827003,2026-09-21 00:00:00
605001,威奥股份,5.79,2.1164,1.4595,1199502,0,2678603,5061181,-1183076,2026-09-21 00:00:00
605003,众望布艺,24.36,1.4155,0.9666,0,0,2333704,2760064,-426360,2026-09-21 00:00:00
605005,合兴股份,16.43,0.4279,0.2658,0,0,1534897,2466738,-931841,2026-09-21 00:00:00
605006,山东玻纤,17.1,1.2433,8.0167,92232766,45057816,164474553,156155243,55494260,2026-09-21 00:00:00
605007,五洲特纸,15.18,0.5298,0.8151,0,0,2656835,4174135,-1517300,2026-09-21 00:00:00
605008,长鸿高科,14.34,-0.1393,0.6408,7258930,5062259,11869180,12214170,1851681,2026-09-21 00:00:00
605009,豪悦护理,25,1.1736,0.6531,0,1030582,4219304,6372625,-3183903,2026-09-21 00:00:00
605011,杭州热电,18.57,1.921,2.9664,4180125,3236452,34949431,37943751,-2050647,2026-09-21 00:00:00
605016,百龙创园,20.93,1.3559,0.497,4822358,6589373,5398537,6545508,-2913986,2026-09-21 00:00:00
605018,长华集团,11.86,2.9514,2.1571,3000844,2955624,29379751,23053696,6371275,2026-09-21 00:00:00
605020,永和股份,31.7,-1.6139,1.4647,20038937,20784226,54966465,52703478,1517698,2026-09-21 00:00:00
605028,世茂能源,23.83,-1.732,1.0439,2780430,11224587,11428112,5147772,-2163817,2026-09-21 00:00:00
605033,美邦股份,19.74,6.8182,3.8946,2018887,0,16347844,13021774,5344957,2026-09-21 00:00:00
605050,福然德,10.17,0.0984,0.2424,0,0,558424,1192377,-633953,2026-09-21 00:00:00
605055,迎丰股份,9.01,0.6704,0.9867,1850400,2603965,5328895,6533608,-1958278,2026-09-21 00:00:00
605056,咸亨国际,13.82,2.5223,1.5375,0,0,15210398,13310405,1899993,2026-09-21 00:00:00
605058,澳弘电子,48.43,2.173,17.8437,39855580,89224050,260957979,236422362,-24832853,2026-09-21 00:00:00
605060,联德股份,41.1,3.7879,2.1913,14795771,20554765,47383840,29214863,12409983,2026-09-21 00:00:00
605066,天正电气,6.92,2.5185,1.597,2054104,2243112,14866685,9876699,4800978,2026-09-21 00:00:00
605068,明新旭腾,20.97,8.0371,6.7411,33407130,26814602,49449485,32886645,23155368,2026-09-21 00:00:00
605069,正和生态,12.14,-1.7799,6.3774,0,5796542,19836153,27186729,-13147118,2026-09-21 00:00:00
605077,华康股份,11.82,3.6842,4.5003,261072,3593430,21759648,31668534,-13241244,2026-09-21 00:00:00
605080,浙江自然,22.98,1.1889,0.808,0,2564946,5560264,5050456,-2055138,2026-09-21 00:00:00
605086,龙高股份,23.81,0.2949,0.4707,0,85686,2127299,3212443,-1170830,2026-09-21 00:00:00
605088,冠盛股份,24.54,1.405,7.2994,5717076,7586267,64427966,59284792,3273983,2026-09-21 00:00:00
605089,味知香,20.9,2.2005,0.5292,0,0,303225,513268,-210043,2026-09-21 00:00:00
605090,九丰能源,32.75,0.2449,0.8364,10202892,15870818,41160872,24368702,11124244,2026-09-21 00:00:00
605098,行动教育,53.24,-0.8751,0.8829,3048923,3251161,5530918,5902465,-573785,2026-09-21 00:00:00
605099,共创草坪,28.9,0.6969,0.2506,0,0,3284630,3933814,-649184,2026-09-21 00:00:00
605100,华丰股份,34.1,0.8577,1.6764,5569994,4867566,33791430,36283127,-1789269,2026-09-21 00:00:00
605108,同庆楼,12.37,4.037,1.32,0,0,4867601,5124508,-256907,2026-09-21 00:00:00
605111,新洁能,61.52,-2.1161,4.3502,91031738,174570141,197713092,228082524,-113907835,2026-09-21 00:00:00
605116,奥锐特,20.18,2.1255,0.6857,0,0,5956670,10630933,-4674263,2026-09-21 00:00:00
605117,德业股份,81.97,-3.1431,0.8721,50167976,136415166,198518572,242881012,-130609630,2026-09-21 00:00:00
605118,力鼎光电,33.4,0.9674,0.9891,11023042,5656755,19038748,19300197,5104838,2026-09-21 00:00:00
605122,四方新材,11.93,4.1012,1.7091,0,0,1582974,2987160,-1404186,2026-09-21 00:00:00
605123,XD派克新,82.12,2.241,1.7748,3469207,8373235,21659561,24570161,-7814628,2026-09-21 00:00:00
605128,上海沿浦,23.26,2.5121,1.3477,4337797,2711428,28806728,25792630,4640467,2026-09-21 00:00:00
605133,嵘泰股份,24.79,1.7652,1.9163,6214406,7423670,33559231,34507317,-2157350,2026-09-21 00:00:00
605136,丽人丽妆,8.59,1.4168,1.483,670456,4651398,4202943,4864944,-4642943,2026-09-21 00:00:00
605138,盛泰集团,6.13,3.0252,0.5232,0,0,438760,787344,-348584,2026-09-21 00:00:00
605151,西上海,18.52,1.7024,1.0426,0,0,892434,2169499,-1277065,2026-09-21 00:00:00
605155,西大门,14.41,0.4181,0.8503,0,0,3163365,4038915,-875550,2026-09-21 00:00:00
605158,华达新材,7.89,2.3346,1.0951,0,0,557713,2876206,-2318493,2026-09-21 00:00:00
605162,新中港,12.16,-1.5385,8.0609,1929774,9698961,64399602,79840633,-23210218,2026-09-21 00:00:00
605166,聚合顺,8.72,5.4414,2.4671,1790520,1519890,10967818,7701639,3536809,2026-09-21 00:00:00
605167,利柏特,16.99,1.1912,1.145,6068604,6289598,19073237,14377346,4474897,2026-09-21 00:00:00
605168,三人行,53.04,-0.1882,3.5979,55183081,60737676,96183045,113832114,-23203664,2026-09-21 00:00:00
605169,洪通燃气,13.17,2.8906,1.7261,0,2641000,6890070,12301457,-8052387,2026-09-21 00:00:00
605177,东亚药业,24.73,0.162,9.8118,25799587,44954135,48824732,52884423,-23214239,2026-09-21 00:00:00
605178,时空科技,67.99,-1.4209,4.2152,20496466,22052892,66031186,80060780,-15586020,2026-09-21 00:00:00
605179,一鸣食品,27.31,6.3474,6.1698,33156072,16993924,122514585,133119865,5556868,2026-09-21 00:00:00
605180,华生科技,13.95,5.2036,3.2661,407788,0,9520405,8076327,1851866,2026-09-21 00:00:00
605183,确成股份,16.52,2.7363,0.7068,3069638,1079768,7271429,7447398,1813901,2026-09-21 00:00:00
605186,健麾信息,26.1,2.3931,1.238,2246450,2007460,7756020,9053902,-1058892,2026-09-21 00:00:00
605188,国光连锁,13.32,1.5244,5.0359,7641162,9127491,37876653,57049851,-20659527,2026-09-21 00:00:00
605189,富春染织,14.11,0.427,2.2949,571854,1217140,12754972,11998371,111315,2026-09-21 00:00:00
605196,华通线缆,34.62,10.0095,3.5453,99496890,62941438,122405238,127172890,31787800,2026-09-21 00:00:00
605198,安德利,77.29,-10.0023,1.6903,97706882,108051663,106687992,94992394,1350817,2026-09-21 00:00:00
605199,ST葫芦娃,5.86,1.5598,0.2524,0,0,797438,1557933,-760495,2026-09-21 00:00:00
605208,永茂泰,14.49,-1.0246,2.187,3812245,4698057,15722628,27143842,-12307026,2026-09-21 00:00:00
605218,伟时电子,14.49,2.1862,1.487,0,0,5014014,10232960,-5218946,2026-09-21 00:00:00
605222,起帆电缆,22.71,1.4292,1.8934,6885019,2728126,43913205,49186778,-1116680,2026-09-21 00:00:00
605228,XD神通科,11.3,6.0038,2.0957,3463842,0,24652188,20831337,7284693,2026-09-21 00:00:00
605255,天普股份,62.53,2.0565,0.529,1813239,464280,10005763,9120408,2234314,2026-09-21 00:00:00
605258,协和电子,38.33,2.3498,6.8811,7286056,1182343,32905335,32531705,6477343,2026-09-21 00:00:00
605259,绿田机械,17.51,1.0387,0.2935,0,0,683140,810108,-126968,2026-09-21 00:00:00
605266,健之佳,15.57,2.0315,0.9475,0,0,2023830,1420213,603617,2026-09-21 00:00:00
605268,王力安防,9.75,1.2461,0.5025,2281438,0,955104,2865199,371343,2026-09-21 00:00:00
605277,新亚电子,17.85,1.0759,2.6871,7773338,6434230,30614114,44375963,-12422741,2026-09-21 00:00:00
605286,同力天启,25.61,2.44,2.2689,4040829,314273,16507653,14631327,5602882,2026-09-21 00:00:00
605287,德才股份,35.84,0.3922,1.2269,1726150,2715313,14276594,14366248,-1078817,2026-09-21 00:00:00
605288,凯迪股份,71,2.6457,2.2912,30226583,11255308,30077817,34258567,14790525,2026-09-21 00:00:00
605289,罗曼股份,102.71,-2.2926,2.2344,48835949,51594385,88033309,60579498,24695375,2026-09-21 00:00:00
605296,神农集团,34.23,4.1375,0.6525,842753,1009400,19786381,17126592,2493142,2026-09-21 00:00:00
605298,必得科技,44.11,-0.2036,0.2845,1344000,0,3231675,5466251,-890576,2026-09-21 00:00:00
605299,舒华体育,12.72,2.5806,2.7862,1824450,3689468,11825522,24831607,-14871103,2026-09-21 00:00:00
605300,佳禾食品,10.5,5.4217,1.5482,4622396,3544880,10157248,8963976,2270788,2026-09-21 00:00:00
605303,园林股份,23.68,,,0,0,0,0,0,2026-09-21 00:00:00
605305,中际联合,31.25,-0.8251,1.4894,1400440,25861393,21367949,17214792,-20307796,2026-09-21 00:00:00
605318,法狮龙,77.95,-1.4165,0.671,0,2251277,15630936,14925391,-1545732,2026-09-21 00:00:00
605319,无锡振华,23.27,3.1015,1.9518,6912287,10671413,39059985,30442727,4858132,2026-09-21 00:00:00
605333,沪光股份,16.53,0.9158,0.4668,0,0,5678227,6507650,-829423,2026-09-21 00:00:00
605336,*ST帅电,11.37,0.8873,0.4955,0,0,1367649,3816125,-2448476,2026-09-21 00:00:00
605337,李子园,9.08,2.0225,0.8952,0,0,3762831,3626181,136650,2026-09-21 00:00:00
605338,巴比食品,17.63,1.2636,0.7273,0,1466080,2463733,2592509,-1594856,2026-09-21 00:00:00
605339,南侨食品,13.06,1.8721,0.305,0,0,3837572,3340215,497357,2026-09-21 00:00:00
605358,立昂微,46.31,-0.4086,4.2076,94520311,125814712,329021248,320260544,-22533697,2026-09-21 00:00:00
605365,立达信,14.51,3.2006,1.7959,4836710,1229096,13065179,13030872,3641921,2026-09-21 00:00:00
605366,宏柏新材,8.58,1.5385,2.1883,7889924,7520743,29754286,31587911,-1464444,2026-09-21 00:00:00
605368,蓝天燃气,6.74,1.3534,0.4319,0,0,3928062,2991511,936551,2026-09-21 00:00:00
605369,拱东医疗,17.6,5.8328,1.4885,0,0,8094420,6607488,1486932,2026-09-21 00:00:00
605376,博迁新材,137.48,-1.1788,5.7129,267594283,248401500,538538976,415362624,142369135,2026-09-21 00:00:00
605377,华旺科技,8.24,1.7284,1.4361,8368357,5750953,21297836,22042635,1872605,2026-09-21 00:00:00
605378,野马电池,14.97,0.944,1.987,1210056,0,8373760,6020032,3563784,2026-09-21 00:00:00
605388,均瑶健康,6.07,3.7607,1.0924,0,0,4475187,5326833,-851646,2026-09-21 00:00:00
605389,长龄液压,67.15,0.841,0.4254,1171953,2913321,8765028,10144280,-3120620,2026-09-21 00:00:00
605398,新炬网络,21.48,5.2425,4.2114,6619484,0,31876513,24938262,13557735,2026-09-21 00:00:00
605399,晨光新材,11.55,2.2124,0.7412,0,1018149,4420820,2091242,1311429,2026-09-21 00:00:00
605488,福莱新材,30.26,0.5316,1.9909,1680267,1121376,29885884,33634715,-3189940,2026-09-21 00:00:00
605499,东鹏饮料,113.18,1.4703,0.4631,35700193,24166641,92004703,74495764,29042491,2026-09-21 00:00:00
605500,森林包装,7.55,2.4423,0.819,0,0,1193825,2297276,-1103451,2026-09-21 00:00:00
605507,国邦医药,18.05,-0.6604,1.8167,10784160,16311485,39787529,46100861,-11840657,2026-09-21 00:00:00
605555,德昌股份,12.69,1.6013,2.0002,8783684,20284540,18530316,19233744,-12204284,2026-09-21 00:00:00
605566,福莱蒽特,30.44,10.0108,4.9447,38816580,10017657,33129592,33943957,27984558,2026-09-21 00:00:00
605567,春雪食品,9.35,3.5437,2.1278,0,0,3027258,3815922,-788664,2026-09-21 00:00:00
605577,龙版传媒,16.56,5.3435,10.1569,15622109,23256382,118336799,108739017,1963509,2026-09-21 00:00:00
605580,恒盛能源,23.09,1.7181,6.5368,11468091,14911225,86508505,89650745,-6585374,2026-09-21 00:00:00
605588,冠石科技,47.16,0.1274,1.2487,3106314,0,4502679,4069404,3539589,2026-09-21 00:00:00
605589,圣泉集团,41,-0.219,3.9661,83096224,151981221,435240496,350170960,16184539,2026-09-21 00:00:00
605598,上海港湾,25.37,1.4394,0.9637,1706708,0,6858297,5287163,3277842,2026-09-21 00:00:00
605599,菜百股份,14.12,-0.773,0.4373,1417993,2499668,6133196,9170318,-4118797,2026-09-21 00:00:00
688001,华兴源创,75.17,-0.2654,2.5026,133919895,118771748,304569504,219049253,100668398,2026-09-21 00:00:00
688002,睿创微纳,186.73,-0.0375,1.6756,166825433,180659371,389353600,409316544,-33796882,2026-09-21 00:00:00
688003,天准科技,82.2,-1.7921,1.9855,22330045,36655620,85171329,103820850,-32975096,2026-09-21 00:00:00
688004,博汇科技,33.93,-3.7993,18.8247,38753029,67018716,116745158,80463973,8015498,2026-09-21 00:00:00
688005,容百科技,23.92,-0.5819,1.1118,12689747,12125171,46123384,46472788,215172,2026-09-21 00:00:00
688006,杭可科技,20.95,0.0478,0.8886,4618225,5366789,28990712,30774864,-2532716,2026-09-21 00:00:00
688007,光峰科技,11.19,8.0116,4.8412,70978796,53352326,40014166,70579128,-12938492,2026-09-21 00:00:00
688008,澜起科技,210.1,3.7377,3.3229,2251022912,1759100096,2585559616,2450012624,627469808,2026-09-21 00:00:00
688009,中国通号,4.7,0.6424,0.2314,0,0,33324678,28437383,4887295,2026-09-21 00:00:00
688010,福光股份,28.32,1.8705,2.6439,5420123,2658771,24445557,15244066,11962843,2026-09-21 00:00:00
688011,新光光电,75,-5.0633,3.8287,15463841,34981171,105648899,122637363,-36505794,2026-09-21 00:00:00
688012,中微公司,353.55,-0.386,1.2719,677148928,888601872,1418436160,1389167776,-182184560,2026-09-21 00:00:00
688013,天臣医疗,23.68,5.5729,1.7098,1158458,0,7724964,3251552,5631870,2026-09-21 00:00:00
688015,交控科技,16.48,2.4239,0.7407,1151357,0,4103933,2549009,2706281,2026-09-21 00:00:00
688016,心脉医疗,86.08,1.5573,0.8721,3986462,8729779,33071733,22894788,5433628,2026-09-21 00:00:00
688017,绿的谐波,288.88,-1.815,2.7903,168913145,191127811,431738672,458633360,-49109354,2026-09-21 00:00:00
688018,乐鑫科技,112.3,0.1695,1.5541,26046292,25842485,79000575,88456036,-9251654,2026-09-21 00:00:00
688019,安集科技,232.9,-0.8092,2.0696,116563703,122823201,323160384,293401328,23499558,2026-09-21 00:00:00
688020,方邦股份,153.7,2.3302,5.8402,121667366,110769191,217967813,286129744,-57263756,2026-09-21 00:00:00
688021,奥福科技,19.72,2.3352,2.0184,0,0,3159578,1464548,1695030,2026-09-21 00:00:00
688022,ST瀚川,8.99,2.6256,1.2657,0,0,2812916,4160715,-1347799,2026-09-21 00:00:00
688023,安恒信息,46.79,6.2926,5.0988,16676877,11515840,69008320,77483223,-3313866,2026-09-21 00:00:00
688025,杰普特,447,1.0033,3.2708,306853344,130976188,413271904,348240256,240908804,2026-09-21 00:00:00
688026,洁特生物,25.22,19.981,11.4781,113092818,74936215,102743429,101316855,39583177,2026-09-21 00:00:00
688027,国盾量子,359.06,0.0167,1.037,26987352,38290663,58628126,76611093,-29286278,2026-09-21 00:00:00
688028,沃尔德,124.3,-2.2184,7.0508,344531616,340226240,370766592,292902992,82168976,2026-09-21 00:00:00
688029,南微医学,84.83,5.0136,2.5892,11531205,10464256,62266314,68752247,-5418984,2026-09-21 00:00:00
688030,山石网科,18.45,3.0726,3.0697,2707597,0,12681931,15328477,61051,2026-09-21 00:00:00
688031,星环科技-U,111.95,0.0894,4.4646,24702003,58590349,108178521,109653021,-35362846,2026-09-21 00:00:00
688032,禾迈股份,70.02,0.589,0.365,27051,0,5609808,6178615,-541756,2026-09-21 00:00:00
688033,*ST天宜,7.28,-0.5464,0.6032,0,0,6851415,12624432,-5773017,2026-09-21 00:00:00
688035,德邦科技,85.4,8.8037,7.4758,149117216,96635667,336839872,233619389,155702032,2026-09-21 00:00:00
688036,传音控股,54.45,3.1836,1.0077,68447173,57597958,170583370,161392106,20040479,2026-09-21 00:00:00
688037,芯源微,356,-2.1924,2.0769,130097105,160634305,437933680,528079776,-120683296,2026-09-21 00:00:00
688038,中科通达,19.28,1.9566,1.8059,0,0,7187624,6906850,280774,2026-09-21 00:00:00
688039,当虹科技,33.63,0.2385,2.0303,1007172,2383303,21580757,21727602,-1522976,2026-09-21 00:00:00
688041,海光信息,246.45,2.1004,1.0115,1454076944,930333312,1921557296,1556034160,889266768,2026-09-21 00:00:00
688045,必易微,60.1,-0.4143,2.0767,1243325,4400582,12832363,8304307,1370799,2026-09-21 00:00:00
688046,药康生物,36.78,4.2517,3.0409,38789239,23299493,118221933,121660537,12051142,2026-09-21 00:00:00
688047,龙芯中科,104.58,1.4257,0.8627,41758060,17907156,81181780,79895922,25136762,2026-09-21 00:00:00
688048,长光华芯,362.23,5.9152,8.6772,1428813456,1133910896,1859912656,1416482160,738333056,2026-09-21 00:00:00
688049,炬芯科技,41.82,0.0478,2.9222,11162882,27347792,68953036,75599615,-22831489,2026-09-21 00:00:00
688050,爱博医疗,38.95,3.3705,1.5347,0,1156660,24519434,20665592,2697182,2026-09-21 00:00:00
688051,佳华科技,25.99,8.4272,4.4939,6732247,11776021,11496312,10841347,-4388809,2026-09-21 00:00:00
688052,纳芯微,252.1,0.6508,1.4243,37915717,43946742,106859891,120659524,-19830658,2026-09-21 00:00:00
688053,ST思科瑞,39.92,-0.7706,0.7224,4490031,1610131,4118289,9923829,-2925640,2026-09-21 00:00:00
688055,龙腾光电,3.77,1.0724,0.228,0,0,3829900,4308946,-479046,2026-09-21 00:00:00
688056,莱伯泰科,43.58,3.0504,1.7445,311796,1518018,9386186,5680273,2499691,2026-09-21 00:00:00
688057,金达莱,16.57,2.032,1.3227,2764421,1767099,13139499,9622722,4514099,2026-09-21 00:00:00
688058,宝兰德,24.58,1.4445,1.0579,0,0,1456558,1613658,-157100,2026-09-21 00:00:00
688059,华锐精密,90.78,2.9252,3.609,69373957,53577307,137173520,108717055,44253115,2026-09-21 00:00:00
688060,云涌科技,36.61,1.638,1.0403,0,0,2126985,3669513,-1542528,2026-09-21 00:00:00
688061,灿瑞科技,46.2,1.8294,2.1064,6519013,8319160,26094836,19503041,4791648,2026-09-21 00:00:00
688062,迈威生物-U,28.06,5.4095,4.3144,22226566,12698341,63957199,62643927,10841497,2026-09-21 00:00:00
688063,派能科技,41.37,-0.7676,1.8813,16163313,9024285,38264336,35271862,10131502,2026-09-21 00:00:00
688065,凯赛生物,38.61,1.632,0.7454,3576603,11445007,37694638,35875268,-6049034,2026-09-21 00:00:00
688066,*ST航图,8.82,-5.1613,5.2038,0,0,33475486,53765996,-20290510,2026-09-21 00:00:00
688067,爱威科技,23.3,2.8244,1.6462,0,0,1994468,2419762,-425294,2026-09-21 00:00:00
688068,热景生物,96.09,8.8715,4.7673,51248051,35110782,100157924,83222699,33072494,2026-09-21 00:00:00
688069,德林海,38.76,5.5843,2.9474,30036502,39774171,49979993,54694955,-14452631,2026-09-21 00:00:00
688070,纵横股份,35,5.8681,2.9358,6315646,3783262,15658940,17623004,568320,2026-09-21 00:00:00
688071,华依科技,35.3,5.0908,4.6174,2058196,2082265,24992572,25862942,-894439,2026-09-21 00:00:00
688072,拓荆科技,725.81,0.7985,1.459,563754144,771713408,1101768000,1050279216,-156470480,2026-09-21 00:00:00
688073,毕得医药,71.76,5.2817,7.0773,46587178,26802393,142294369,108463017,53616137,2026-09-21 00:00:00
688075,安旭生物,29.69,2.4146,0.4257,0,1143581,1999768,1760516,-904329,2026-09-21 00:00:00
688076,ST诺泰,29.16,1.2149,0.6999,2626827,10469230,26339952,18931283,-433734,2026-09-21 00:00:00
688077,大地熊,27.3,1.487,2.0826,0,0,14727501,12075410,2652091,2026-09-21 00:00:00
688078,龙软科技,30.32,4.6961,3.6666,3372010,4568080,17457115,12818995,3442050,2026-09-21 00:00:00
688079,美迪凯,17.34,2.9691,5.5248,20123510,19960643,93396699,80109765,13449801,2026-09-21 00:00:00
688080,映翰通,38.18,2.3867,1.2226,0,0,5454844,3998530,1456314,2026-09-21 00:00:00
688081,兴图新科,26.76,0.943,1.6988,0,0,4670638,7927792,-3257154,2026-09-21 00:00:00
688082,盛美上海,293.5,0.2493,0.9103,162971071,156324839,492908176,333454688,166099720,2026-09-21 00:00:00
688083,中望软件,51.51,0.6448,0.7828,1131842,0,12940310,22046508,-7974356,2026-09-21 00:00:00
688084,晶品特装,44.35,2.1889,1.5205,1407874,0,5940937,6175605,1173206,2026-09-21 00:00:00
688085,三友医疗,12.8,2.6464,0.6898,0,0,4837292,5759227,-921935,2026-09-21 00:00:00
688087,英科再生,33.63,1.1124,0.7352,0,0,4348533,5052471,-703938,2026-09-21 00:00:00
688088,虹软科技,29.62,-0.1349,1.0006,2579888,0,29208591,19690677,12097802,2026-09-21 00:00:00
688089,ST嘉必优,8.7,2.7155,0.8604,0,0,2260568,3958564,-1697996,2026-09-21 00:00:00
688090,瑞松科技,88,1.6049,8.909,191767147,220070241,438832688,357779808,52749786,2026-09-21 00:00:00
688091,上海谊众,41.65,4.5694,2.0441,16158659,19260910,49156260,60834131,-14780122,2026-09-21 00:00:00
688092,爱科科技,21.92,2.7661,0.8489,0,0,4689671,2593275,2096396,2026-09-21 00:00:00
688093,世华科技,22.51,-0.7933,0.5509,0,1442010,5296977,6445128,-2590161,2026-09-21 00:00:00
688095,福昕软件,57.24,-0.4868,3.5117,8956263,6025815,39231457,41888711,273194,2026-09-21 00:00:00
688096,京源环保,7.61,0.2635,3.1413,0,0,13641933,14597129,-955196,2026-09-21 00:00:00
688097,博众精工,45.63,-1.9132,1.147,7412484,3238217,53026009,37138244,20062032,2026-09-21 00:00:00
688098,申联生物,8.68,4.0767,1.3903,0,0,10671637,9731955,939682,2026-09-21 00:00:00
688099,晶晨股份,89.19,0.7797,2.0125,50030830,95088757,143148378,183675923,-85585472,2026-09-21 00:00:00
688100,威胜信息,24.82,0.608,0.2747,1203573,0,5744270,5107441,1840402,2026-09-21 00:00:00
688101,三达膜,14.68,1.1019,0.6946,0,0,10580577,13584343,-3003766,2026-09-21 00:00:00
688102,斯瑞新材,31.25,-0.7937,1.3006,11190132,16866322,66068763,72822892,-12430319,2026-09-21 00:00:00
688103,国力电子,84.36,6.6768,3.6375,72015705,30131747,67999651,63327901,46555708,2026-09-21 00:00:00
688105,诺唯赞,22.9,5.0941,2.7723,13112938,14971707,99651249,77225204,20567276,2026-09-21 00:00:00
688106,金宏气体,27.4,-1.6158,2.9727,26869670,33509530,111491939,114352377,-9500298,2026-09-21 00:00:00
688107,安路科技,30.33,-0.0659,1.2838,2670384,3655414,20150515,20547660,-1382175,2026-09-21 00:00:00
688108,赛诺医疗,15.94,1.9834,2.2102,12004188,3740125,47016476,37010074,18270465,2026-09-21 00:00:00
688109,品茗科技,73.53,-1.302,1.0356,1925300,350774,16272070,15134641,2711955,2026-09-21 00:00:00
688110,东芯股份,120.51,-1.5119,2.9486,153392869,288248432,390612112,406998096,-151241547,2026-09-21 00:00:00
688111,金山办公,223.59,-0.0089,0.9529,129122761,133541152,298195264,272423824,21353049,2026-09-21 00:00:00
688112,鼎阳科技,91.79,20.0026,6.5714,311411040,224399469,235816155,256503647,66324079,2026-09-21 00:00:00
688113,联测科技,35.5,1.9822,0.9426,0,1061400,3036281,701205,1273676,2026-09-21 00:00:00
688114,华大智造,73.11,1.584,3.4789,62167549,106278745,190005689,247374381,-101479888,2026-09-21 00:00:00
688115,思林杰,62.82,-3.5764,3.2512,14848837,11198120,54660152,48080650,10230219,2026-09-21 00:00:00
688116,天奈科技,33.53,-1.8155,1.4368,7254354,20838437,28666507,47233262,-32150838,2026-09-21 00:00:00
688117,圣诺生物,24.56,2.1206,3.2918,2409996,12000568,41109902,39192362,-7673032,2026-09-21 00:00:00
688118,普元信息,19.61,1.239,1.4678,0,0,3750323,3843497,-93174,2026-09-21 00:00:00
688119,中钢洛耐,3.89,2.0997,0.9067,0,0,5573757,8616519,-3042762,2026-09-21 00:00:00
688120,华海清科,257.6,-2.2131,2.2054,311852512,429267488,873732704,1101220352,-344902624,2026-09-21 00:00:00
688121,*ST卓然,1.38,20,7.559,0,0,5193417,4984293,209124,2026-09-21 00:00:00
688122,西部超导,50.73,1.3789,1.2387,55050306,62142559,99302937,110060240,-17849556,2026-09-21 00:00:00
688123,聚辰股份,156,6.8493,7.0786,249988400,263824805,423834384,417584256,-7586277,2026-09-21 00:00:00
688125,安达智能,124.9,1.2238,1.0736,2116383,2843845,19551252,12190379,6633411,2026-09-21 00:00:00
688126,沪硅产业,24.66,1.0242,1.7566,81168698,163965769,361442752,372039152,-93393471,2026-09-21 00:00:00
688127,蓝特光学,67.56,-4.1566,3.0341,97753633,109806193,216653807,240006152,-35404905,2026-09-21 00:00:00
688128,中国电研,22.02,0.3646,0.3536,1529044,0,4710359,4527561,1711842,2026-09-21 00:00:00
688129,东来技术,22.84,5.2535,1.2406,0,0,3825282,9887022,-6061740,2026-09-21 00:00:00
688130,晶华微,26.3,1.938,3.7814,269849,0,6178089,7892438,-1444500,2026-09-21 00:00:00
688131,XD皓元医,102.18,3.5258,2.205,40143227,27939251,117679764,124224669,5659071,2026-09-21 00:00:00
688132,邦彦技术,16.4,-0.7264,1.3909,0,0,2713346,1973087,740259,2026-09-21 00:00:00
688133,泰坦科技,22.04,7.0943,4.9159,3485444,5843650,37051105,34720777,-27878,2026-09-21 00:00:00
688135,利扬芯片,36.37,-12.7609,16.13,131154313,309203936,318504448,486255600,-345800775,2026-09-21 00:00:00
688136,科兴制药,23.9,13.8637,8.2131,24849401,15238345,90916800,85215893,15311963,2026-09-21 00:00:00
688137,近岸蛋白,118.84,20.004,13.9737,265956318,145957092,292873888,299867216,113005898,2026-09-21 00:00:00
688138,清溢光电,37.62,-0.8434,1.9465,13671857,27771614,62209105,65929073,-17819725,2026-09-21 00:00:00
688139,海尔生物,34.14,8.8648,3.046,18767328,30694967,85590474,85423781,-11760946,2026-09-21 00:00:00
688141,杰华特,114.73,1.3785,3.5764,388519968,268475504,490010192,441333392,168721264,2026-09-21 00:00:00
688143,长盈通,205.07,4.8844,10.6096,591597088,478086080,870351904,862470128,121392784,2026-09-21 00:00:00
688146,中船特气,238.03,-0.4891,9.6705,527324112,486823952,991313376,859397088,172416448,2026-09-21 00:00:00
688147,微导纳米,115.99,-4.9262,1.6661,58439180,64958132,193860114,216768611,-29427449,2026-09-21 00:00:00
688148,芳源股份,6.03,0.5,2.0719,0,0,17151298,21502562,-4351264,2026-09-21 00:00:00
688150,莱特光电,42.52,-1.5741,2.3151,38424375,42726043,97152115,100825634,-7975187,2026-09-21 00:00:00
688151,华强科技,17.42,4.3739,1.4948,2106542,538652,22421288,11360662,12628516,2026-09-21 00:00:00
688152,麒麟信安,37.1,2.7132,3.8701,2536325,1337049,24857449,39525822,-13469097,2026-09-21 00:00:00
688153,唯捷创芯,25.98,1.2076,0.6828,1307654,27928,9462932,8827975,1914683,2026-09-21 00:00:00
688155,先惠技术,53.75,-1.934,1.9928,4899454,13061703,42975345,45508687,-10695591,2026-09-21 00:00:00
688156,路德科技,23.6,6.0674,4.6836,2694755,13285874,32223507,19817632,1814756,2026-09-21 00:00:00
688157,松井股份,19.25,2.4481,1.2362,0,0,5001873,7345820,-2343947,2026-09-21 00:00:00
688158,优刻得-W,29.9,0.6395,2.8959,17534090,32177479,92531719,104699172,-26810842,2026-09-21 00:00:00
688159,有方科技,37.23,1.9162,4.924,9295623,11543584,42616903,40794856,-425914,2026-09-21 00:00:00
688160,步科股份,97.79,0.1434,1.407,9250513,8528398,25036464,20197285,5561294,2026-09-21 00:00:00
688161,威高骨科,21.85,2.3899,0.3269,0,0,5678618,5538070,140548,2026-09-21 00:00:00
688162,巨一科技,24.74,1.6016,0.7323,0,1210679,5025829,5236412,-1421262,2026-09-21 00:00:00
688163,赛伦生物,36.96,2.4958,0.9789,1117017,0,7810631,9521346,-593698,2026-09-21 00:00:00
688165,埃夫特-U,14.78,-0.9383,1.3244,0,2733011,20408874,26849047,-9173184,2026-09-21 00:00:00
688166,博瑞医药,36.26,3.5113,3.299,43838864,33310133,123033875,177694525,-44131919,2026-09-21 00:00:00
688167,炬光科技,299.51,-3.8861,6.2493,508752112,645992128,691486512,811502512,-257256016,2026-09-21 00:00:00
688168,安博通,46.71,4.7309,8.8234,54740802,37888128,160223348,133932008,43144014,2026-09-21 00:00:00
688169,石头科技,118.6,0,1.754,26896111,15286407,120732314,108808006,23534012,2026-09-21 00:00:00
688170,德龙激光,68.91,-2.0051,6.7769,30969398,55742596,98737345,140025233,-66061086,2026-09-21 00:00:00
688171,纬德信息,22.59,-3.5851,3.0378,2232926,0,7527836,5446406,4314356,2026-09-21 00:00:00
688172,燕东微,47.6,1.4709,1.1259,74342939,24956684,168659036,117907483,100137808,2026-09-21 00:00:00
688173,希荻微,13.17,0.6112,2.1693,9698495,6835732,13465689,24683448,-8354996,2026-09-21 00:00:00
688175,高凌信息,21.98,1.104,6.1322,10251265,8420560,40339913,48021527,-5850909,2026-09-21 00:00:00
688176,亚虹医药-U,14.73,15.9843,6.3894,49231196,25887954,139741617,156171650,6913209,2026-09-21 00:00:00
688177,百奥泰,19.36,12.5581,2.3767,16335105,2804831,27804235,27708879,13625630,2026-09-21 00:00:00
688178,万德斯,28.93,-1.9654,1.5012,1169654,5874302,6478942,5743620,-3969326,2026-09-21 00:00:00
688179,阿拉丁,22.6,10.5675,6.6242,90506406,42439387,161125467,145723693,63468793,2026-09-21 00:00:00
688180,君实生物-U,34.97,4.9205,2.3885,72768055,36920933,168142047,146150828,57838341,2026-09-21 00:00:00
688181,八亿时空,47.09,3.6084,8.1642,85071762,88911879,165470309,128649667,32980525,2026-09-21 00:00:00
688182,灿勤科技,29.42,0.9262,1.0123,0,127871,24208354,23237362,843121,2026-09-21 00:00:00
688183,生益电子,120.86,-0.2805,2.1014,374873264,317084912,632800672,547648096,142940928,2026-09-21 00:00:00
688184,ST帕瓦,10.8,0.4651,0.4273,0,1075951,1121742,512805,-467014,2026-09-21 00:00:00
688185,康希诺,72.46,6.4805,9.8628,101074366,99708827,299008480,241330614,59043405,2026-09-21 00:00:00
688186,广大特材,14.32,1.4164,1.0653,0,2837000,10971777,12094826,-3960049,2026-09-21 00:00:00
688187,时代电气,45.73,0,0.3509,2534677,16088048,36067528,39978265,-17464108,2026-09-21 00:00:00
688188,柏楚电子,95.67,0.3146,0.4407,2715346,6028041,40673790,44358983,-6997888,2026-09-21 00:00:00
688189,ST南新,6.67,2.9321,2.073,0,0,10352265,17099954,-6747689,2026-09-21 00:00:00
688190,云路股份,73.73,2.417,1.139,9380610,4686289,25271419,24872029,5093711,2026-09-21 00:00:00
688191,智洋创新,21.58,1.2195,2.0636,7546770,4297115,30271600,27861266,5659989,2026-09-21 00:00:00
688192,迪哲医药-U,60.39,5.1175,1.4933,37672395,33361185,74770410,95314491,-16232871,2026-09-21 00:00:00
688193,仁度生物,46.79,2.7223,0.9496,0,0,1933225,693950,1239275,2026-09-21 00:00:00
688195,腾景科技,190.1,-4.7022,7.338,342146640,404884176,699948368,801298736,-164087904,2026-09-21 00:00:00
688196,卓越新能,33.9,1.9856,1.1793,61903,1006589,11559655,10643731,-28762,2026-09-21 00:00:00
688197,首药控股-U,38.8,9.9462,8.4012,11884554,11286270,41498096,50623536,-8527156,2026-09-21 00:00:00
688198,佰仁医疗,74.2,2.1898,0.3104,0,2245500,9171448,8410014,-1484066,2026-09-21 00:00:00
688199,久日新材,25.37,1.1563,2.3504,3591473,4991723,21818974,15892060,4526664,2026-09-21 00:00:00
688200,华峰测控,398.38,-2.3411,2.9123,423697600,357525376,752186704,625951760,192407168,2026-09-21 00:00:00
688201,ST信安,7.84,3.2938,1.0538,0,0,8784895,7365768,1419127,2026-09-21 00:00:00
688202,美迪西,109.85,3.4369,5.2207,79870341,64716442,183335668,179048414,19441153,2026-09-21 00:00:00
688203,海正生材,19.55,10.6395,8.1917,8834457,11625975,83283376,77010004,3481854,2026-09-21 00:00:00
688205,德科立,243.12,10.5845,9.5446,1185557952,470772000,1045122832,985722832,774185952,2026-09-21 00:00:00
688206,概伦电子,38.02,-3.6004,2.8638,49952304,57606399,96201192,138191149,-49644052,2026-09-21 00:00:00
688207,格灵深瞳,19.24,-3.5589,5.1258,8601884,19689287,51500548,81383146,-40970001,2026-09-21 00:00:00
688208,道通科技,25.21,1.3264,1.0585,8519099,5276589,36809079,44968338,-4916749,2026-09-21 00:00:00
688209,英集芯,36.7,-1.6877,4.7668,63204915,88943762,170882610,264329933,-119186170,2026-09-21 00:00:00
688210,统联精密,29.41,3.739,2.0071,4005850,1731698,16668781,15832739,3110194,2026-09-21 00:00:00
688211,中科微至,32.18,1.9645,0.9474,0,0,6813978,6795977,18001,2026-09-21 00:00:00
688212,澳华内镜,28.52,3.3333,1.8014,2182066,4475393,11796698,11566299,-2062928,2026-09-21 00:00:00
688213,思特威-W,92.35,-2.0159,1.6546,21422425,60066060,115761886,141512285,-64394034,2026-09-21 00:00:00
688215,瑞晟智能,47.83,-0.3542,1.1161,0,71955,10816459,15111245,-4366741,2026-09-21 00:00:00
688216,气派科技,41.12,6.0067,9.8993,21508813,17793815,96523722,105139803,-4901083,2026-09-21 00:00:00
688217,睿昂基因,25.01,4.732,2.5379,15661,0,4789055,2398978,2405738,2026-09-21 00:00:00
688218,江苏北人,40.22,-2.4497,3.9052,8656613,13365057,62978518,64207975,-5937901,2026-09-21 00:00:00
688219,会通股份,10.29,1.3793,0.7294,1082350,2049000,12176940,12456500,-1246210,2026-09-21 00:00:00
688220,翱捷科技-U,97.7,-2.6019,2.0204,40619446,93687366,124264370,120703701,-49507251,2026-09-21 00:00:00
688221,前沿生物-U,17.33,5.4136,5.6179,22305771,17456444,111990219,93188151,23651395,2026-09-21 00:00:00
688222,成都先导,45.48,13.7853,11.0789,208713634,207391833,493660608,640433568,-145451159,2026-09-21 00:00:00
688223,晶科能源,3.89,0.2577,0.6624,0,0,70745631,73180786,-2435155,2026-09-21 00:00:00
688225,亚信安全,14.48,7.3388,3.3747,2985379,4378435,43061896,50042945,-8374105,2026-09-21 00:00:00
688226,威腾电气,28.79,-0.3116,1.9983,999724,3972441,18639074,13305857,2360500,2026-09-21 00:00:00
688227,品高股份,75.05,-3.2985,2.8755,18905943,23641293,48072736,53552082,-10214696,2026-09-21 00:00:00
688228,开普云,82.84,3.6796,2.2192,10105914,9185713,38416926,31420606,7916521,2026-09-21 00:00:00
688229,博睿数据,61.22,-0.1794,0.858,0,0,4047651,4104860,-57209,2026-09-21 00:00:00
688230,芯导科技,61.69,0.7348,1.2049,4238618,0,14500338,20676379,-1937423,2026-09-21 00:00:00
688231,隆达股份,35.18,10.7683,2.4167,9423353,9427596,47069712,59434511,-12369042,2026-09-21 00:00:00
688232,新点软件,17.53,0.4585,0.5597,243560,0,4036424,3761646,518338,2026-09-21 00:00:00
688233,神工股份,104.05,0.2215,4.4865,127426926,126863977,199014941,222171296,-22593406,2026-09-21 00:00:00
688234,天岳先进,106.38,-0.8574,1.6793,75851629,65140758,151632240,155127908,7215203,2026-09-21 00:00:00
688235,百济神州,267.62,4.5391,4.3271,188599803,204082041,379213312,349208832,14522242,2026-09-21 00:00:00
688236,春立医疗,14.18,2.6049,0.7358,0,0,3961625,2461322,1500303,2026-09-21 00:00:00
688237,超卓航科,58.81,0.5471,1.3674,6820675,8212660,17329057,19821539,-3884467,2026-09-21 00:00:00
688238,和元生物,7.39,5.8739,5.0384,0,0,49331501,55630002,-6298501,2026-09-21 00:00:00
688239,航宇科技,57.88,2.0811,3.6324,28739655,46965692,120146761,106214308,-4293584,2026-09-21 00:00:00
688244,永信至诚,16.36,2.8931,6.7687,0,4561636,34986824,40387148,-9961960,2026-09-21 00:00:00
688246,嘉和美康,17.17,5.0796,2.0178,0,3622636,10160945,7073947,-535638,2026-09-21 00:00:00
688247,宣泰医药,9.96,7.6757,2.2874,0,0,18668580,19393274,-724694,2026-09-21 00:00:00
688248,南网科技,51.45,-6.861,1.85,81437554,96148052,144494114,131093916,-1310300,2026-09-21 00:00:00
688249,晶合集成,36.55,-0.5442,0.7647,56527976,50457512,118284500,118662535,5692429,2026-09-21 00:00:00
688251,井松智能,18.71,1.4642,3.1481,0,4992116,9942528,16573367,-11622955,2026-09-21 00:00:00
688252,天德钰,21.42,-0.0933,1.0292,3113124,2642702,13223715,17657966,-3963829,2026-09-21 00:00:00
688253,英诺特,58.33,2.8023,0.9058,5904573,3637035,15381884,17146762,502660,2026-09-21 00:00:00
688255,凯尔达,26.43,2.1647,2.4674,1324000,2079701,12276205,14740737,-3220233,2026-09-21 00:00:00
688256,寒武纪,1112.77,-0.0332,1.1992,2424482784,2484568624,5858654720,5728645120,69923760,2026-09-21 00:00:00
688257,新锐股份,59.57,2.354,5.5907,174310287,114118385,360223504,272818352,147597054,2026-09-21 00:00:00
688258,卓易信息,87.25,-3.4845,3.4281,32938569,53172177,85444988,89491861,-24280481,2026-09-21 00:00:00
688259,创耀科技,32.13,0.6579,0.7387,0,0,4922138,5053940,-131802,2026-09-21 00:00:00
688260,昀冢科技,123.63,0.9307,7.9739,150158787,267869159,400978512,322734608,-39466468,2026-09-21 00:00:00
688261,东微半导,79.32,-2.5194,9.6955,45425761,174221783,168248963,216488116,-177035175,2026-09-21 00:00:00
688262,国芯科技,28.46,0.7077,1.9505,5120408,10952617,32413745,36334486,-9752950,2026-09-21 00:00:00
688265,南模生物,48.6,8.5306,5.8013,32877032,8015785,43634785,41096971,27399061,2026-09-21 00:00:00
688266,泽璟制药-U,119.37,6.771,2.1876,99437796,57518098,174121681,156996580,59044799,2026-09-21 00:00:00
688267,中触媒,22.66,3.8497,2.6349,11103165,9394035,57822237,54921837,4609530,2026-09-21 00:00:00
688268,华特气体,136.17,-1.476,3.7971,36444345,84108693,206411653,163126124,-4378819,2026-09-21 00:00:00
688269,凯立新材,28.14,4.5708,2.3984,4855199,4154079,22852956,25285427,-1731351,2026-09-21 00:00:00
688270,ST臻镭,57.66,0.418,1.2912,18856984,15424225,73211271,65384388,11259642,2026-09-21 00:00:00
688271,联影医疗,102.58,1.5644,0.4135,38789139,16358727,84459615,87876056,19013971,2026-09-21 00:00:00
688272,富吉瑞,28.62,2.8756,1.6381,2590008,1237533,4888003,3633343,2607135,2026-09-21 00:00:00
688273,麦澜德,29.5,2.6087,0.9352,0,0,3278598,3998980,-720382,2026-09-21 00:00:00
688275,万润新能,70.39,-1.2763,1.8365,5890195,10901227,32395881,28194281,-809432,2026-09-21 00:00:00
688276,百克生物,17.75,5.6548,1.7952,3159156,6457670,22412143,19071213,42416,2026-09-21 00:00:00
688277,天智航-U,15.59,4.2112,1.4616,5800277,0,26450065,26529557,5720785,2026-09-21 00:00:00
688278,特宝生物,51.65,0.2913,0.8194,9302103,7716544,27800418,33395737,-4009760,2026-09-21 00:00:00
688279,峰岹科技,215.13,2.7217,2.6975,44514640,51525732,119445997,123002273,-10567368,2026-09-21 00:00:00
688280,精进电动-W,4.99,-0.3992,1.5552,0,0,4105131,9467976,-5362845,2026-09-21 00:00:00
688281,华秦科技,52.51,2.9608,1.0969,30840269,12546993,48926361,70031998,-2812361,2026-09-21 00:00:00
688282,理工导航,53.95,0.653,0.5559,0,0,3633459,4235584,-602125,2026-09-21 00:00:00
688283,坤恒顺维,30.85,12.8796,3.8673,4973274,177729,37638839,29697822,12736562,2026-09-21 00:00:00
688285,高铁电气,7.59,1.6064,0.5555,0,0,1036455,4196656,-3160201,2026-09-21 00:00:00
688286,敏芯股份,48.84,-0.57,3.616,5910558,1174624,22442872,30130025,-2951219,2026-09-21 00:00:00
688288,鸿泉技术,18.2,1.1673,0.988,0,0,1374033,336981,1037052,2026-09-21 00:00:00
688289,圣湘生物,16.53,3.0549,1.0642,1655000,4497472,21877727,19576997,-541742,2026-09-21 00:00:00
688290,景业智能,63.39,-1.4152,1.3827,2476919,8112155,22543723,25317774,-8409287,2026-09-21 00:00:00
688291,金橙子,40.53,3.3929,2.7771,3218534,5248247,16632128,21195228,-6592813,2026-09-21 00:00:00
688292,浩瀚深度,22.17,-3.6924,9.5322,20320206,22820023,89113870,73145988,13468065,2026-09-21 00:00:00
688293,奥浦迈,75.45,6.7185,7.0527,89474639,55573633,163318176,121793220,75425962,2026-09-21 00:00:00
688295,中复神鹰,38.11,-1.5754,0.5739,4819492,18097963,54184230,48159643,-7253884,2026-09-21 00:00:00
688296,和达科技,26.5,-0.2259,8.8133,17528506,22294446,53943411,45151366,4026105,2026-09-21 00:00:00
688297,中无人机,44,1.7576,1.3332,29662147,32258374,103590034,87642716,13351091,2026-09-21 00:00:00
688298,东方生物,18.62,4.0805,1.1374,0,0,5293119,4820809,472310,2026-09-21 00:00:00
688299,长阳科技,13.7,4.4207,3.2317,0,0,29839111,18373665,11465446,2026-09-21 00:00:00
688300,联瑞新材,174.78,-1.1425,3.8076,232815292,230539183,494097904,509191440,-12817427,2026-09-21 00:00:00
688301,奕瑞科技,89.85,-1.5342,1.5726,15602339,19410745,93802695,121660676,-31666387,2026-09-21 00:00:00
688302,海创药业-U,32.93,6.2601,2.4855,2749868,4827917,15093387,16858526,-3843188,2026-09-21 00:00:00
688303,大全能源,16.36,0.1224,0.4143,4762219,0,30146082,17383828,17524473,2026-09-21 00:00:00
688305,科德数控,57.84,-0.2243,1.2947,1013060,2230711,27055685,33831968,-7993934,2026-09-21 00:00:00
688306,均普智能,9.88,9.292,2.8463,0,0,104200870,89433114,14767756,2026-09-21 00:00:00
688307,中润光学,48.44,-0.5339,2.6723,1119515,3526800,20389369,18928989,-946905,2026-09-21 00:00:00
688308,欧科亿,88.4,0.2836,4.2742,44001019,57110085,167180549,153444899,626584,2026-09-21 00:00:00
688309,恒誉科技,78.99,1.3732,3.0935,15359749,35186570,56830590,55210614,-18206845,2026-09-21 00:00:00
688310,迈得医疗,15.97,3.2321,1.8948,0,3547335,7017612,6515753,-3045476,2026-09-21 00:00:00
688311,盟升电子,24.03,2.2553,2.0301,2751523,6570992,20798952,23331522,-6352039,2026-09-21 00:00:00
688312,燕麦科技,55.47,7.5,9.4863,98712576,75848075,180643040,142404339,61103202,2026-09-21 00:00:00
688313,仕佳光子,171.5,0.6574,4.3,518578848,490114800,898337360,852380048,74421360,2026-09-21 00:00:00
688314,康拓医疗,31.31,3.6412,2.1035,1593192,1199153,11877885,16898230,-4626306,2026-09-21 00:00:00
688315,诺禾致源,18.18,20,4.3003,189380512,134999735,59405466,72707810,41078433,2026-09-21 00:00:00
688316,青云科技-U,46.39,0.7383,3.8172,0,1210101,20081311,19370241,-499031,2026-09-21 00:00:00
688317,之江生物,17.13,3.9442,1.2739,0,83445,5573410,6251783,-761818,2026-09-21 00:00:00
688318,财富趋势,84.13,4.4834,2.0887,87995302,63838397,189161587,192031610,21286882,2026-09-21 00:00:00
688319,欧林生物,28.75,3.7906,1.7387,16483244,16679255,44177867,40939900,3041956,2026-09-21 00:00:00
688320,禾川科技,35.83,6.6369,3.8342,17650303,11583440,46618815,55596923,-2911245,2026-09-21 00:00:00
688321,微芯生物,26.23,4.8361,3.7644,34359263,70288221,116678410,119051933,-38302481,2026-09-21 00:00:00
688322,奥比中光-W,91.14,-1.3423,1.6837,27432352,29120970,124776929,124572913,-1484602,2026-09-21 00:00:00
688323,瑞华泰,26.9,1.1278,3.7483,9865799,12013585,44049165,46671046,-4769667,2026-09-21 00:00:00
688325,赛微微电,107.87,-1.1183,0.579,6649695,5443017,17673401,16146740,2733339,2026-09-21 00:00:00
688326,经纬恒润-W,58.55,0.1882,0.9448,3915459,3128819,15927925,12879086,3835479,2026-09-21 00:00:00
688327,云从科技-UW,9.98,-0.1001,1.8454,0,1008722,40769836,49451011,-9689897,2026-09-21 00:00:00
688328,深科达,84.9,-0.1176,4.9004,37247876,41175600,106597208,119136967,-16467483,2026-09-21 00:00:00
688329,艾隆科技,21.85,0.1834,1.8074,0,0,1898272,3522971,-1624699,2026-09-21 00:00:00
688330,宏力达,36.86,1.3751,0.9396,345979,0,13480240,10491371,3334848,2026-09-21 00:00:00
688331,荣昌生物,125,8.8471,3.018,189825909,105221546,384969168,365412048,104161483,2026-09-21 00:00:00
688332,中科蓝讯,93.82,-1.2837,2.1921,33916260,38586034,78095226,76851733,-3426281,2026-09-21 00:00:00
688333,铂力特,105.8,-1.3704,2.7996,101179371,91553164,207006704,219177545,-2544634,2026-09-21 00:00:00
688334,西高院,18.07,0.9497,0.182,0,0,930012,0,930012,2026-09-21 00:00:00
688335,复洁科技,18.26,0.44,1.2039,0,0,1428179,1615640,-187461,2026-09-21 00:00:00
688336,三生国健,42.15,4.1255,1.1375,40797778,33899961,138670385,86829533,58738669,2026-09-21 00:00:00
688337,普源精电,47.65,8.0744,4.3853,26314211,17643154,88302329,92870891,4102495,2026-09-21 00:00:00
688338,赛科希德,31.7,7.167,1.9984,0,1564216,13144685,9825006,1755463,2026-09-21 00:00:00
688339,亿华通-U,17.07,1.2456,1.0912,0,0,2685365,4844768,-2159403,2026-09-21 00:00:00
688343,云天励飞-U,65.21,-0.5945,3.5643,66144351,103222841,133317227,179260971,-83022234,2026-09-21 00:00:00
688345,博力威,49.78,-1.2106,0.9683,1033294,0,6030595,8125574,-1061685,2026-09-21 00:00:00
688347,华虹宏力,231.94,-0.8803,3.9678,732602848,576611648,1098574656,928705888,325859968,2026-09-21 00:00:00
688348,昱能科技,30.28,0.3979,0.7376,0,0,7694113,4243220,3450893,2026-09-21 00:00:00
688349,三一重能,13.18,0.3044,0.5679,2794329,2811521,32568743,34524946,-1973395,2026-09-21 00:00:00
688350,富淼科技,28.06,2.2595,1.3091,3007469,9096350,16452058,9316710,1046467,2026-09-21 00:00:00
688351,微电生理,17.85,0.2809,0.8924,0,0,10779441,14517206,-3737765,2026-09-21 00:00:00
688352,颀中科技,19.81,1.7463,6.1996,33111693,25833993,102292261,128601078,-19031117,2026-09-21 00:00:00
688353,华盛锂电,83.59,-0.6419,1.8987,13384769,11859091,76611294,64229418,13907554,2026-09-21 00:00:00
688355,明志科技,16.66,0.9697,0.7066,67976,0,431173,470900,28249,2026-09-21 00:00:00
688356,键凯科技,91.1,6.5372,11.2632,77014525,66256583,179419680,169946340,20231282,2026-09-21 00:00:00
688357,建龙微纳,26.56,4.0752,0.7046,0,0,2228647,1134637,1094010,2026-09-21 00:00:00
688358,祥生医疗,28.55,2.8088,0.8816,1189894,0,4405813,3451506,2144201,2026-09-21 00:00:00
688359,三孚新科,113.21,4.9504,4.9446,124019066,82377321,171577984,124975573,88244156,2026-09-21 00:00:00
688360,德马科技,15.8,5.3333,2.7509,0,1020547,17855124,20714079,-3879502,2026-09-21 00:00:00
688361,中科飞测,386.99,0.1631,2.6108,489253808,714709520,929931568,1289473024,-584997168,2026-09-21 00:00:00
688362,甬矽电子,63.51,-1.9756,4.7618,98779452,160504861,392027520,411864288,-81562177,2026-09-21 00:00:00
688363,华熙生物,35.25,2.3222,0.8845,10384212,8692811,46967853,31997498,16661756,2026-09-21 00:00:00
688365,光云科技,14.66,2.9494,2.6312,6181266,3035033,38311816,32478910,8979139,2026-09-21 00:00:00
688366,昊海生科,29.86,3.4292,0.2621,0,0,1689237,2146856,-457619,2026-09-21 00:00:00
688367,工大高科,30.25,0.4983,1.4933,0,1517529,7172167,8472600,-2817962,2026-09-21 00:00:00
688368,晶丰明源,146.85,-1.443,2.9479,70510925,85179146,141425054,119258692,7498141,2026-09-21 00:00:00
688369,致远互联,19.43,2.3709,2.2523,0,0,5474062,5967465,-493403,2026-09-21 00:00:00
688370,丛麟科技,26.86,4.6358,1.0908,0,0,6618854,6491388,127466,2026-09-21 00:00:00
688371,菲沃泰,25.33,-3.5782,1.7944,3653059,27731890,31337842,25617842,-18358831,2026-09-21 00:00:00
688372,伟测科技,117.19,-2.7469,5.0817,83790118,94401897,239676239,269917200,-40852740,2026-09-21 00:00:00
688373,盟科药业-U,5.94,9.5941,4.6378,0,0,38586377,49048968,-10462591,2026-09-21 00:00:00
688375,国博电子,71.26,-0.8763,0.4876,5254887,9396669,36465166,31451528,871856,2026-09-21 00:00:00
688376,美埃科技,64.4,-3.3033,1.2332,3194806,1707961,21790268,21251842,2025271,2026-09-21 00:00:00
688377,迪威尔,17.39,2.1139,1.1594,0,0,2769379,3034782,-265403,2026-09-21 00:00:00
688378,奥来德,52.24,1.0445,5.1723,83379017,108839116,175497828,166913893,-16876164,2026-09-21 00:00:00
688379,华光新材,57.03,1.8393,3.6045,3127500,4668085,31474189,39927494,-9993890,2026-09-21 00:00:00
688380,中微半导,41.81,1.1614,2.3936,22280761,24458880,84681873,114446195,-31942441,2026-09-21 00:00:00
688381,帝奥微,42.48,0.6874,4.1413,61289747,74895926,130052509,115829715,616615,2026-09-21 00:00:00
688382,益方生物-U,19.77,5.609,2.0782,5410871,5381998,42353151,39248871,3133153,2026-09-21 00:00:00
688383,新益昌,142.23,-0.0492,1.8328,49555004,54236007,79410638,62138172,12591463,2026-09-21 00:00:00
688385,复旦微电,59.3,-0.4867,2.8221,60584293,84707108,150355127,208062496,-81830184,2026-09-21 00:00:00
688386,泛亚微透,46.91,-0.2339,1.4254,1155183,3730109,14543301,15338387,-3370012,2026-09-21 00:00:00
688387,信科移动-U,12.72,0.1575,1.4397,27700399,29400335,88174055,103671354,-17197235,2026-09-21 00:00:00
688388,嘉元科技,29.5,-4.4689,9.2251,138788179,264880247,522398688,492348400,-96041780,2026-09-21 00:00:00
688389,普门科技,11.01,2.1336,0.5035,0,0,2523959,1351088,1172871,2026-09-21 00:00:00
688390,固德威,59.87,-0.7789,2.5573,32960341,21032446,76041491,71213783,16755603,2026-09-21 00:00:00
688391,钜泉科技,26.45,0.4176,1.0061,1870140,1456400,6737033,6321298,829475,2026-09-21 00:00:00
688392,骄成超声,172.7,-1.9864,3.009,70449682,64642373,141234968,129770461,17271816,2026-09-21 00:00:00
688393,安必平,21.9,11.0548,5.3979,2126478,2394997,18335315,11638695,6428101,2026-09-21 00:00:00
688395,正弦电气,24.82,3.1588,1.7011,852886,852886,5167856,8499728,-3331872,2026-09-21 00:00:00
688396,华润微,61.5,1.168,1.2458,106174530,153609512,196559480,248742814,-99618316,2026-09-21 00:00:00
688398,赛特新材,24.06,1.0076,2.7824,6690661,8029776,15740349,24660808,-10259574,2026-09-21 00:00:00
688399,硕世生物,26.61,5.5115,1.5553,1206505,1115783,6352390,8550916,-2107804,2026-09-21 00:00:00
688400,凌云光,46.93,-0.7613,1.6635,13913201,17096827,96927751,104447346,-10703221,2026-09-21 00:00:00
688401,路维光电,68.86,-1.9926,2.4961,22052319,30148413,91430061,73322525,10011442,2026-09-21 00:00:00
688403,汇成股份,25.99,-1.5157,4.9706,207699490,209277264,415911248,393913696,20419778,2026-09-21 00:00:00
688408,中信博,22.86,1.1057,1.2345,2870877,3189763,11159113,17720229,-6880002,2026-09-21 00:00:00
688409,富创精密,196.5,-2.1901,2.2498,103095075,153925142,331118832,302785504,-22496739,2026-09-21 00:00:00
688410,山外山,10.06,5.5614,3.4945,115916,2005186,35469028,27622750,5957008,2026-09-21 00:00:00
688411,海博思创,167.18,-2.108,2.1675,27085233,36886046,111944328,87591930,14551585,2026-09-21 00:00:00
688416,恒烁股份,80.75,-0.4684,5.0727,36845233,22164393,105237854,97103741,22814953,2026-09-21 00:00:00
688418,震有科技,32.19,-1.8298,1.344,849698,3403252,22547225,24737163,-4743492,2026-09-21 00:00:00
688419,耐科装备,53,-0.1507,2.7412,9270278,8236309,38158366,48816193,-9623858,2026-09-21 00:00:00
688420,美腾科技,22.97,7.4369,1.5156,0,0,2547340,3285073,-737733,2026-09-21 00:00:00
688425,铁建重工,4,1.0101,0.1802,0,0,9556332,9092668,463664,2026-09-21 00:00:00
688426,康为世纪,21.28,0,1.5878,0,1130779,3562257,8619403,-6187925,2026-09-21 00:00:00
688428,诺诚健华,30.44,7.3343,6.496,32262691,25925038,110867319,119387502,-2182530,2026-09-21 00:00:00
688429,时创能源,9.74,1.6701,0.2682,0,0,0,1130087,-1130087,2026-09-21 00:00:00
688432,有研硅,54.59,-3.9247,5.3363,448390880,606880848,1039539184,1117603872,-236554656,2026-09-21 00:00:00
688433,华曙高科,90.2,-4.358,1.3348,44006962,80984027,149398612,93278301,19143246,2026-09-21 00:00:00
688435,英方软件,30.34,2.1205,4.3975,2330376,0,13804579,17992575,-1857620,2026-09-21 00:00:00
688439,振华风光,37.97,0.7429,0.7258,4166800,4323110,9472783,8280448,1036025,2026-09-21 00:00:00
688443,智翔金泰-U,24.51,7.0306,3.6696,762620,1100553,19453023,29529303,-10414213,2026-09-21 00:00:00
688448,磁谷科技,71.27,0.225,2.5646,16938680,25864201,71460194,60927443,1607230,2026-09-21 00:00:00
688449,联芸科技,64.84,-0.5521,2.5628,17929681,45183271,89605009,88877833,-26526414,2026-09-21 00:00:00
688450,光格科技,32.82,0.644,2.3394,0,0,2783966,2141908,642058,2026-09-21 00:00:00
688455,科捷智能,17.68,4.6154,1.3472,1762999,0,3166510,3965450,964059,2026-09-21 00:00:00
688456,有研粉材,77.29,1.2312,6.4722,31449061,36538084,164986980,128657730,31240227,2026-09-21 00:00:00
688458,美芯晟,38.5,0.7326,1.7325,1036800,3457431,13636667,11565605,-349569,2026-09-21 00:00:00
688459,哈铁科技,8.24,1.1043,0.1919,0,0,1019665,526430,493235,2026-09-21 00:00:00
688466,金科环境,13.67,1.5602,0.9617,0,0,211839,644999,-433160,2026-09-21 00:00:00
688468,科美诊断,6.48,4.0128,0.9345,0,0,2434048,1314876,1119172,2026-09-21 00:00:00
688469,芯联集成-U,8.73,0.1147,1.3107,0,0,240049973,271195296,-31145323,2026-09-21 00:00:00
688472,阿特斯,8.66,0.6977,0.8032,0,0,73137575,74166115,-1028540,2026-09-21 00:00:00
688475,萤石网络,28.02,0.0357,0.405,1408716,1051663,11278465,14142787,-2507269,2026-09-21 00:00:00
688478,晶升股份,48.99,1.8291,4.956,22545190,3652822,75464464,60933406,33423426,2026-09-21 00:00:00
688479,友车科技,34.78,1.1047,1.3307,1212093,2748649,12537548,7028731,3972261,2026-09-21 00:00:00
688480,赛恩斯,69.85,0.3592,1.048,4166423,5778049,18975101,8677058,8686417,2026-09-21 00:00:00
688484,南芯科技,34.99,0.1718,1.1119,5049838,3990216,28977545,28394501,1642666,2026-09-21 00:00:00
688485,九州一轨,114.59,1.4071,4.4968,148329174,110828129,270213328,209852098,97862275,2026-09-21 00:00:00
688486,龙迅股份,47.85,5.0725,3.7216,16718808,12444839,92906435,81567661,15612743,2026-09-21 00:00:00
688488,艾迪药业,16.6,8.2138,3.3708,5069378,6679008,58045080,51538125,4897325,2026-09-21 00:00:00
688489,三未信安,25.62,5.5624,1.6706,0,0,11842412,13141799,-1299387,2026-09-21 00:00:00
688496,*ST清越,0.58,,,0,0,0,0,0,2026-09-21 00:00:00
688498,源杰科技,1838.56,0.194,2.3644,1447789088,1771890976,3768313648,3416670992,27540768,2026-09-21 00:00:00
688499,利元亨,36.54,2.067,3.5224,12716361,7630055,53137353,43434675,14788984,2026-09-21 00:00:00
688500,慧辰股份,31.56,-1.5289,2.917,1475113,2937039,9126043,6223439,1440678,2026-09-21 00:00:00
688501,青达环保,16.39,6.4286,5.2445,5995511,4810071,39117987,35993517,4309910,2026-09-21 00:00:00
688502,茂莱光学,445.5,-1.6578,1.789,37570846,29823948,107177400,104899653,10024645,2026-09-21 00:00:00
688503,聚和材料,84.2,6.3803,8.0164,372712608,238976999,536608192,417410448,252933353,2026-09-21 00:00:00
688505,复旦张江,8.19,5.9508,1.9671,0,0,19997472,17194804,2802668,2026-09-21 00:00:00
688506,百利天恒,264.93,6.4147,0.6057,44594181,51891278,155195161,132682575,15215489,2026-09-21 00:00:00
688507,索辰科技,147.08,1.1972,6.8612,73767837,60152772,158724687,142637227,29702525,2026-09-21 00:00:00
688508,芯朋微,89.55,-2.5783,3.8527,42586576,64725951,93756760,127341111,-55723726,2026-09-21 00:00:00
688509,正元地信,4.18,1.9512,1.1418,0,0,4112476,6760856,-2648380,2026-09-21 00:00:00
688510,航亚科技,25.45,3.8352,2.8142,10275715,5337970,29564020,31105332,3396433,2026-09-21 00:00:00
688511,天微电子,22.95,-1.4175,1.0299,0,0,2685850,3028565,-342715,2026-09-21 00:00:00
688512,慧智微-U,14.19,0.0705,2.7814,7852097,5671238,22856293,33528859,-8491707,2026-09-21 00:00:00
688513,苑东生物,49.98,2.9666,1.901,8904119,11340830,40638438,43663494,-5461767,2026-09-21 00:00:00
688515,裕太微-U,152.24,-0.6396,4.2669,30362817,32269896,69062019,72445605,-5290665,2026-09-21 00:00:00
688516,奥特维,44.54,-1.154,1.9742,1144410,4441025,49966185,48243524,-1573954,2026-09-21 00:00:00
688517,金冠电气,16.57,4.0829,2.6155,1411733,1591940,14717919,14754429,-216717,2026-09-21 00:00:00
688518,联赢激光,20.94,-1.5052,3.0011,20414505,15903272,45613798,61171102,-11046071,2026-09-21 00:00:00
688519,南亚新材,322.96,2.1024,2.6245,304422640,255691514,610110288,597932352,60909062,2026-09-21 00:00:00
688520,神州细胞,34.71,2.9665,0.6955,4227126,0,22515363,14429168,12313321,2026-09-21 00:00:00
688521,芯原股份,207.8,1.2769,3.9359,1092317936,953546832,1035268416,1189401664,-15362144,2026-09-21 00:00:00
688522,纳睿雷达,18.43,1.8232,1.9279,0,0,8007702,7292400,715302,2026-09-21 00:00:00
688523,航天环宇,41.1,-1.3679,0.5788,1455018,2966384,13847808,17227711,-4891269,2026-09-21 00:00:00
688525,佰维存储,217.58,0.3228,3.5476,689782448,642802752,1116270752,1090229744,73020704,2026-09-21 00:00:00
688526,科前生物,12.49,0.9701,0.1895,0,0,705161,937208,-232047,2026-09-21 00:00:00
688528,秦川物联,10.01,1.2133,1.2156,0,0,1630502,1041022,589480,2026-09-21 00:00:00
688529,豪森智能,14.6,1.3889,0.9018,0,0,766401,2451654,-1685253,2026-09-21 00:00:00
688530,欧莱新材,63.5,0.5224,11.1563,35531353,26562024,149065521,136866976,21167874,2026-09-21 00:00:00
688531,日联科技,148,0.7008,4.0188,137890277,97117851,183361186,140087227,84046385,2026-09-21 00:00:00
688533,上声电子,19.69,1.3903,0.347,0,0,1472654,1977427,-504773,2026-09-21 00:00:00
688535,华海诚科,110.3,-1.7809,7.0038,102221324,83093458,301319424,226943416,93503874,2026-09-21 00:00:00
688536,思瑞浦,356.05,0.8069,1.9997,84300733,156480761,184562515,241202354,-128819867,2026-09-21 00:00:00
688538,和辉光电-U,2.1,1.9417,0.9546,0,0,22521465,28554440,-6032975,2026-09-21 00:00:00
688539,高华科技,25.55,4.1582,1.696,1178596,1995787,12876981,11426141,633649,2026-09-21 00:00:00
688543,国科军工,44.57,2.4598,3.1682,18700586,22301074,130807298,106298608,20908202,2026-09-21 00:00:00
688545,兴福电子,79.45,-2.8966,5.6794,84587024,128161639,189759010,191975584,-45791189,2026-09-21 00:00:00
688548,广钢气体,33.23,1.003,3.4975,153030663,203797839,355520736,409423968,-104670408,2026-09-21 00:00:00
688549,中巨芯-U,24.17,-0.78,4.3518,111598313,211790284,410159824,487623424,-177655571,2026-09-21 00:00:00
688550,瑞联新材,38.76,1.5191,2.4558,21788162,41795002,50390504,43134437,-12750773,2026-09-21 00:00:00
688551,科威尔,41.03,1.4339,3.0945,2919831,9259993,41287941,39082873,-4135094,2026-09-21 00:00:00
688552,航天南湖,32.06,3.6199,1.1566,6776204,3845723,25350722,15134438,13146765,2026-09-21 00:00:00
688553,汇宇制药-W,12.32,11.0911,4.9423,19320684,22624495,66653527,65052276,-1702560,2026-09-21 00:00:00
688556,高测股份,7.88,1.0256,1.7794,0,0,23544710,24267708,-722998,2026-09-21 00:00:00
688557,兰剑智能,20.69,4.7595,1.4997,1400662,1068050,9591057,9801936,121733,2026-09-21 00:00:00
688558,国盛智科,33.72,0.5067,1.0728,1031857,3528198,7236400,7795010,-3054951,2026-09-21 00:00:00
688559,海目星,58.51,-1.6969,4.0054,40270764,51017130,170143418,141582073,17814979,2026-09-21 00:00:00
688560,明冠新材,12.59,2.1916,1.1397,0,0,3308979,2008289,1300690,2026-09-21 00:00:00
688561,奇安信-U,28.94,4.1757,1.8898,29671974,21993729,118891795,100670035,25900005,2026-09-21 00:00:00
688562,航天软件,14.5,1.5406,0.5249,0,1450000,3500465,3719188,-1668723,2026-09-21 00:00:00
688563,航材股份,56.12,1.2996,1.3518,4103108,561008,29672728,21009966,12204862,2026-09-21 00:00:00
688565,力源科技,11.2,0.9009,2.4243,0,0,14677598,15173497,-495899,2026-09-21 00:00:00
688566,吉贝尔,26.69,1.8702,1.1279,3889659,8399145,12988904,20128833,-11649415,2026-09-21 00:00:00
688567,孚能科技,9.09,0.1101,0.5794,0,0,15164443,15608188,-443745,2026-09-21 00:00:00
688568,中科星图,31.29,0.1921,0.9264,7777874,3348319,41839926,48257883,-1988402,2026-09-21 00:00:00
688569,铁科轨道,18.5,0.4343,0.4568,0,0,686109,2202711,-1516602,2026-09-21 00:00:00
688570,天玛智控,14.72,0.9602,0.2041,0,0,384716,293399,91317,2026-09-21 00:00:00
688571,杭华股份,8.51,3.4022,1.2074,0,0,8671988,4935111,3736877,2026-09-21 00:00:00
688573,信宇人,15.43,-0.0648,3.5469,0,0,1287919,1634321,-346402,2026-09-21 00:00:00
688575,亚辉龙,10.24,5.1335,2.7209,2006380,5100000,34708346,38572575,-6957849,2026-09-21 00:00:00
688576,西山科技,40.08,3.299,1.0994,0,0,2478933,1533273,945660,2026-09-21 00:00:00
688577,浙海德曼,42.4,4.0236,0.8556,1257900,3581680,7340471,13686135,-8669444,2026-09-21 00:00:00
688578,艾力斯,102.09,1.6731,1.6402,110028405,96994117,204557409,154744730,62846967,2026-09-21 00:00:00
688579,地纬智能,7.88,2.2049,0.6747,0,0,2050402,2430545,-380143,2026-09-21 00:00:00
688580,伟思医疗,44.07,3.0877,1.3522,9624670,1489731,10258891,13492216,4901614,2026-09-21 00:00:00
688581,安杰思,57.18,3.7185,2.6576,4298415,1016710,15532103,13995887,4817921,2026-09-21 00:00:00
688582,芯动联科,38.9,-1.519,1.0236,9420252,10342867,33309888,42917396,-10530123,2026-09-21 00:00:00
688583,思看科技,84.01,4.3473,4.4764,13786416,7305332,64517902,55803510,15195476,2026-09-21 00:00:00
688584,上海合晶,28.32,0.0707,3.0274,6444661,11144784,57103040,59876867,-7473950,2026-09-21 00:00:00
688585,上纬新材,147.81,-4.144,1.2156,143475685,155334039,229185158,234462397,-17135593,2026-09-21 00:00:00
688586,江航装备,11.21,0.991,0.5774,1119000,0,5673267,8307954,-1515687,2026-09-21 00:00:00
688588,凌志软件,9,2.5057,0.8408,0,0,8460508,6226584,2233924,2026-09-21 00:00:00
688589,力合微,20.98,1.5981,2.3845,239783,3500114,13284641,11678931,-1654621,2026-09-21 00:00:00
688590,新致软件,12.25,5.6034,2.7811,1779521,1734677,30546591,18904218,11687217,2026-09-21 00:00:00
688591,泰凌微,30.39,0.6625,2.2978,3781166,8213493,18890284,22827979,-8370022,2026-09-21 00:00:00
688592,司南导航,23.47,2.1323,1.2787,238484,0,2655457,2301497,592444,2026-09-21 00:00:00
688593,新相微,30.85,-0.8995,1.8899,7254138,13264569,76770828,67134511,3625886,2026-09-21 00:00:00
688595,芯海科技,31.21,2.2273,1.9842,2409326,2789460,13814464,16817481,-3383151,2026-09-21 00:00:00
688596,正帆科技,65.94,-3.0294,5.3991,99861181,173045960,267272073,279254112,-85166818,2026-09-21 00:00:00
688597,煜邦电力,6.57,6.3107,2.6683,0,0,12905180,9249381,3655799,2026-09-21 00:00:00
688598,金博股份,35.78,2.0245,5.1659,45614191,43328609,87088436,88834569,539449,2026-09-21 00:00:00
688599,天合光能,11.22,-0.089,1.0826,19374076,32938552,79599435,77712817,-11677858,2026-09-21 00:00:00
688600,皖仪科技,37.58,1.2938,6.4831,30483499,38635713,92652391,74884668,9615509,2026-09-21 00:00:00
688601,力芯微,62.9,1.9614,2.446,26358576,23103168,49192439,49619616,2828231,2026-09-21 00:00:00
688602,康鹏科技,6.97,1.7518,0.9835,0,0,17928972,10253071,7675901,2026-09-21 00:00:00
688603,天承科技,122.3,-1.6644,4.578,87863420,96252335,228089113,176982403,42717795,2026-09-21 00:00:00
688605,先锋精科,88.16,-2.1097,3.4142,17773445,31381539,86371943,84546577,-11782728,2026-09-21 00:00:00
688606,奥泰生物,46.95,2.2208,0.4041,0,0,2653000,1013652,1639348,2026-09-21 00:00:00
688607,康众科技,39.05,-1.7116,1.2343,0,198015,5510261,6646825,-1334579,2026-09-21 00:00:00
688608,恒玄科技,104.18,0.9007,1.4423,12237557,21924000,89377706,79528785,162478,2026-09-21 00:00:00
688609,九联科技,9.63,0.8377,3.3148,0,0,39379318,40948500,-1569182,2026-09-21 00:00:00
688610,埃科光电,169.01,-0.7517,3.7311,31146182,25214934,71315645,51859698,25387195,2026-09-21 00:00:00
688611,杭州柯林,68.93,-0.9626,0.8186,0,2822595,24247747,19439296,1985856,2026-09-21 00:00:00
688612,威迈斯,36.7,0.5479,2.0728,12158606,12427072,56101646,44667365,11165815,2026-09-21 00:00:00
688613,奥精医疗,19.21,6.6038,7.4371,9020160,6962652,55953435,39575986,18434957,2026-09-21 00:00:00
688615,合合信息,85.94,-1.445,3.9842,35198768,36984610,109905229,163538940,-55419553,2026-09-21 00:00:00
688616,西力科技,10.85,2.8436,1.1023,0,0,201678,868381,-666703,2026-09-21 00:00:00
688617,惠泰医疗,243.49,1.4542,1.3799,19113934,18517863,56274592,70681416,-13810753,2026-09-21 00:00:00
688618,三旺通信,30.25,2.6468,1.2133,0,0,2750115,4347781,-1597666,2026-09-21 00:00:00
688619,罗普特,14.86,-0.2685,1.425,0,0,5572874,9493802,-3920928,2026-09-21 00:00:00
688620,安凯微,17.9,-0.5003,5.833,6965828,24974875,66236032,77358681,-29131696,2026-09-21 00:00:00
688621,阳光诺和,74.99,2.2777,3.3126,47928627,45403953,79188421,100679812,-18966717,2026-09-21 00:00:00
688622,*ST禾信,119,-8.6302,2.6181,16288775,27656622,97397231,114796627,-28767243,2026-09-21 00:00:00
688623,双元科技,57.89,0.2945,2.2677,0,1113602,10362153,13319410,-4070859,2026-09-21 00:00:00
688625,呈和科技,71.72,1.4427,2.8179,98518185,82093543,164434747,153908945,26950444,2026-09-21 00:00:00
688626,翔宇医疗,41.28,4.0323,1.8203,11141340,8751579,21686422,25340685,-1264502,2026-09-21 00:00:00
688627,精智达,490,-2.5845,4.0304,283217808,370909344,545758512,601934464,-143867488,2026-09-21 00:00:00
688628,优利德,87.67,9.0287,8.7726,120082271,215132496,258929486,176520337,-12641076,2026-09-21 00:00:00
688629,华丰科技,128.4,-3.6976,3.2313,273407552,446309344,448275312,581479168,-306105648,2026-09-21 00:00:00
688630,芯碁微装,422.9,-3.8492,3.3003,228743057,272216928,574104048,649342256,-118712079,2026-09-21 00:00:00
688631,莱斯信息,37.8,1.0155,0.4079,0,0,1892621,3027547,-1134926,2026-09-21 00:00:00
688633,星球石墨,22.51,0.6258,1.0106,2296310,1136520,8960191,9713702,406279,2026-09-21 00:00:00
688635,长进光子,288.85,-2.0947,9.9124,37309715,79026506,173060299,170013258,-38669750,2026-09-21 00:00:00
688636,智明达,21.63,4.1908,5.1257,4107850,2779319,34370248,26023560,9675219,2026-09-21 00:00:00
688638,誉辰智能,33,1.6323,1.5337,0,0,330096,256767,73329,2026-09-21 00:00:00
688639,华恒生物,18.2,6.8075,4.0755,1627280,1590834,32607520,33659605,-1015639,2026-09-21 00:00:00
688646,逸飞激光,77.81,-2.5182,3.9474,18857024,28044976,68381797,79655071,-20461226,2026-09-21 00:00:00
688648,中邮科技,29.4,0.6849,2.3544,5129480,4476120,7548477,5066447,3135390,2026-09-21 00:00:00
688651,盛邦安全,24.23,4.1702,5.0174,0,0,6905627,4645794,2259833,2026-09-21 00:00:00
688652,京仪装备,149.8,-1.7189,3.7416,30178742,24506070,108164440,140859085,-27021973,2026-09-21 00:00:00
688653,康希通信,15.4,2.3256,4.7892,9351134,5578402,33864325,62626185,-24989128,2026-09-21 00:00:00
688655,迅捷兴,73.21,12.6134,10.9852,150614639,152034328,277329776,270924416,4985671,2026-09-21 00:00:00
688656,浩欧博,120.1,5.7218,1.2401,11911877,1320081,27915105,24050585,14456316,2026-09-21 00:00:00
688657,浩辰软件,33.96,3.7263,2.2069,2265759,0,8033639,8832223,1467175,2026-09-21 00:00:00
688658,悦康药业,13.41,4.4393,3.7259,1046760,6943336,36798435,58277254,-27375395,2026-09-21 00:00:00
688659,元琛科技,9.15,2.1205,2.1412,0,0,2176126,775027,1401099,2026-09-21 00:00:00
688660,电气风电,9.23,-1.8085,2.1324,0,0,77203092,99475939,-22272847,2026-09-21 00:00:00
688661,和林微纳,107,-2.5235,2.8665,53575325,23588078,119581839,86907417,62661669,2026-09-21 00:00:00
688662,富信科技,107.9,12.513,13.6197,389050864,364189488,513941808,535032496,3770688,2026-09-21 00:00:00
688663,新风光,57.48,2.2776,1.2747,14346219,16892189,41684591,45863824,-6725203,2026-09-21 00:00:00
688665,四方光电,42.99,-3.2193,1.0606,0,3284368,11204752,13376761,-5456377,2026-09-21 00:00:00
688667,菱电电控,98.39,-0.2029,1.0659,2305070,1000000,16458861,13988460,3775471,2026-09-21 00:00:00
688668,鼎通科技,266.15,-1.2797,2.7336,117560589,87140430,317152480,236084148,111488491,2026-09-21 00:00:00
688669,聚石化学,68.1,-1.0174,1.8971,3402107,2367307,44383454,46971240,-1552986,2026-09-21 00:00:00
688670,金迪克,18.55,5.2781,1.8844,0,0,5185968,4736592,449376,2026-09-21 00:00:00
688671,碧兴物联,26.73,7.3063,3.8957,2446844,5611316,14613531,11162619,286440,2026-09-21 00:00:00
688676,金盘科技,64.52,-1.2852,2.0384,39741335,64000872,159489421,148065961,-12836077,2026-09-21 00:00:00
688677,海泰新光,81.35,-0.7927,3.695,44957810,58932457,106354478,91126599,1253232,2026-09-21 00:00:00
688678,福立旺,27.93,13.1686,13.0906,197900452,261071481,414026768,560433360,-209577621,2026-09-21 00:00:00
688679,通源环境,40.56,-4.7216,3.1912,12429262,22879645,49322754,45474137,-6601766,2026-09-21 00:00:00
688680,海优新材,36.47,7.2647,3.0845,5856333,3872057,20597956,15897409,6684823,2026-09-21 00:00:00
688681,科汇股份,15.25,1.9385,1.3443,0,0,3500425,1689723,1810702,2026-09-21 00:00:00
688682,霍莱沃,31.23,2.8995,0.9892,0,0,3805846,4415733,-609887,2026-09-21 00:00:00
688683,莱尔科技,32.19,1.1628,0.8867,1269450,1597161,6867969,6317500,222758,2026-09-21 00:00:00
688685,迈信林,35.33,-1.8611,3.2313,11294649,28238258,38732746,52431447,-30642310,2026-09-21 00:00:00
688686,奥普特,140.7,-2.1558,1.4861,10857077,44123371,53374048,48551118,-28443364,2026-09-21 00:00:00
688687,凯因科技,18.22,5.8072,2.9496,380730,5063481,18379877,19257922,-5560796,2026-09-21 00:00:00
688689,银河微电,40.9,-0.1221,3.3669,13718425,10524649,46903063,64066704,-13969865,2026-09-21 00:00:00
688690,纳微科技,46.95,-0.5297,3.3586,35765916,43253060,133939866,183937492,-57484770,2026-09-21 00:00:00
688691,灿芯股份,65.27,0.3691,4.1566,9533672,11435016,28047813,24148011,1998458,2026-09-21 00:00:00
688692,达梦数据,204.91,0.7919,1.0362,26417926,13670733,34766071,43083101,4430163,2026-09-21 00:00:00
688693,锴威特,77.83,-2.0144,3.4805,10512310,5296716,22674699,26073470,1816823,2026-09-21 00:00:00
688695,中创股份,19.13,2.0267,1.7728,0,0,1123082,715927,407155,2026-09-21 00:00:00
688696,极米科技,84.78,1.1212,1.1162,1627153,5023804,11794420,15472042,-7074273,2026-09-21 00:00:00
688697,纽威数控,15.3,1.3245,1.1386,459804,2723359,17433122,17118159,-1948592,2026-09-21 00:00:00
688698,伟创电气,44.28,2.2633,2.098,8879165,13295803,50057143,37373512,8266993,2026-09-21 00:00:00
688699,明微电子,68.99,0.6419,4.0903,20081613,14754528,67006084,79131226,-6798057,2026-09-21 00:00:00
688700,东威科技,64.68,-0.7671,3.1861,41426625,41143769,165383679,142176105,23490430,2026-09-21 00:00:00
688701,卓锦股份,8.63,0.2323,1.1535,0,0,228485,822810,-594325,2026-09-21 00:00:00
688702,盛科通信-U,327,-2.3297,3.4777,407417616,593888656,644909520,698959664,-240521184,2026-09-21 00:00:00
688707,振华新材,10.27,0.1951,0.8262,0,3071759,10325604,9141938,-1888093,2026-09-21 00:00:00
688708,佳驰科技,40.51,0.8966,1.0758,0,1447330,12947720,13775947,-2275557,2026-09-21 00:00:00
688709,成都华微,25.36,1.3589,1.773,0,0,11213578,13857793,-2644215,2026-09-21 00:00:00
688710,益诺思,95.6,0.7164,3.2311,17639460,7759099,79183163,63104546,25958978,2026-09-21 00:00:00
688711,宏微科技,28.63,-2.3533,5.3731,21393572,41497814,76339813,79408626,-23173055,2026-09-21 00:00:00
688712,北芯生命,31.4,1.0621,4.9517,1125439,3542082,16906586,16643352,-2153409,2026-09-21 00:00:00
688716,中研股份,26.21,1.3143,1.7624,0,661817,4462651,5872525,-2071691,2026-09-21 00:00:00
688717,艾罗能源,43.73,-0.884,5.93,6812365,6486166,72788471,47456471,25658199,2026-09-21 00:00:00
688718,唯赛勃,14.6,3.4727,1.3959,0,0,3436199,2581144,855055,2026-09-21 00:00:00
688719,爱科赛博,57.93,3.4464,5.4787,34258352,34458262,56008655,69697606,-13888861,2026-09-21 00:00:00
688720,艾森股份,68.99,1.9356,5.3302,12932879,2462426,70091774,67002039,13560188,2026-09-21 00:00:00
688721,龙图光罩,40.63,-1.5746,4.0434,1173928,3754345,11985386,12806464,-3401495,2026-09-21 00:00:00
688722,同益中,14.32,1.6324,0.8638,0,0,3844242,5872827,-2028585,2026-09-21 00:00:00
688726,拉普拉斯,46.24,-0.666,4.7595,26243180,45552472,101276902,106342870,-24375260,2026-09-21 00:00:00
688727,恒坤新材,48.33,-1.7483,6.1712,12118085,6759691,32814844,42669290,-4496052,2026-09-21 00:00:00
688728,格科微,14.79,-0.8713,1.0969,7538560,21684223,92604134,141721296,-63262825,2026-09-21 00:00:00
688729,屹唐股份,25.37,1.8876,2.4121,69817770,101336464,293796160,286708288,-24430822,2026-09-21 00:00:00
688733,壹石通,29.22,-0.9827,2.1663,1168000,6030996,25500116,16711301,3925819,2026-09-21 00:00:00
688737,中自科技,17.11,0.7656,1.1699,0,0,2944381,1071752,1872629,2026-09-21 00:00:00
688739,成大生物,20.78,3.1778,0.5617,0,0,7671170,9285868,-1614698,2026-09-21 00:00:00
688750,金天钛业,14.32,1.1299,0.6738,1514562,0,2408299,3565388,357473,2026-09-21 00:00:00
688755,汉邦科技,30.1,8.2734,6.2104,2108967,10922159,30776486,35931789,-13968495,2026-09-21 00:00:00
688757,胜科纳米,31.47,0.191,3.9324,5958536,8025874,42359183,40574952,-283107,2026-09-21 00:00:00
688758,赛分科技,32.9,0.3049,5.0136,67563818,42991817,97311650,104780285,17103366,2026-09-21 00:00:00
688759,必贝特-U,23.61,5.167,6.65,3368610,4264318,22958532,24330329,-2267505,2026-09-21 00:00:00
688765,禾元生物-U,38.79,2.755,5.8597,4719131,7725391,34416355,33278995,-1868900,2026-09-21 00:00:00
688766,普冉股份,428.2,-0.4186,7.2866,1206342704,1161948848,1499498768,1169019456,374873168,2026-09-21 00:00:00
688767,博拓生物,43.44,6.1065,3.7007,33037424,21347382,52977609,85521058,-20853407,2026-09-21 00:00:00
688768,容知日新,47.21,14.7266,1.861,8116817,2530424,16570679,12670889,9486183,2026-09-21 00:00:00
688772,珠海冠宇,13.51,-1.2427,1.8255,19271949,22932355,70339280,108684336,-42005462,2026-09-21 00:00:00
688775,影石创新,94.87,-2.4473,1.7765,24535351,31493953,106056189,88732878,10364709,2026-09-21 00:00:00
688776,国光电气,46.9,0.9905,0.9427,0,0,5313937,4196258,1117679,2026-09-21 00:00:00
688777,中控技术,81.8,-7.0455,2.2796,161804953,289708496,413150432,458668672,-173421783,2026-09-21 00:00:00
688778,厦钨新能,43.6,-3.5825,1.3969,10421578,7028919,59952286,63989189,-644244,2026-09-21 00:00:00
688779,五矿新能,7.58,-2.0672,1.3267,0,0,59768736,57441549,2327187,2026-09-21 00:00:00
688781,视涯科技-UW,43.29,9.1528,10.6001,21541994,7078112,40861587,51326055,3999414,2026-09-21 00:00:00
688783,西安奕材-U,29.28,-0.611,7.7389,37130413,52712958,163223378,169752014,-22111181,2026-09-21 00:00:00
688785,恒运昌,358.55,-4.3918,8.5776,69713890,61505696,115588751,157350271,-33553326,2026-09-21 00:00:00
688786,悦安新材,29.53,2.3925,3.0069,3527464,4475500,34464157,28626795,4889326,2026-09-21 00:00:00
688787,海天瑞声,91.35,-0.2729,2.3798,2323976,5047054,45584844,32773748,10088018,2026-09-21 00:00:00
688788,科思科技,29.71,1.3993,0.8298,1349698,1238171,7784828,8345282,-448927,2026-09-21 00:00:00
688789,宏华数科,44.4,4.4214,1.4973,923688,1276000,21949231,30696559,-9099640,2026-09-21 00:00:00
688790,昂瑞微-UW,105.63,2.6032,22.2454,51003508,35278633,130836090,107593870,38967095,2026-09-21 00:00:00
688793,倍轻松,18.44,5.6734,2.7327,0,0,5424364,3993160,1431204,2026-09-21 00:00:00
688795,摩尔线程-U,412,0.4878,10.6232,406474640,546680368,707971488,781629584,-213863824,2026-09-21 00:00:00
688796,百奥赛图,138,2.778,10.0548,60611375,33367135,128610071,121274305,34580006,2026-09-21 00:00:00
688797,臻宝科技,,,,169266112,308719696,372795840,407845792,-174503536,2026-09-21 00:00:00
688798,艾为电子,55.36,-0.4496,2.0408,7375577,12494506,34016244,47408705,-18511390,2026-09-21 00:00:00
688799,华纳药厂,59.45,5.9715,4.7275,52850876,55762287,127130156,130136827,-5918082,2026-09-21 00:00:00
688800,瑞可达,69.87,0.7934,3.1586,52846523,56596388,204357788,172716692,27891231,2026-09-21 00:00:00
688802,沐曦股份-U,564,1.6528,20.0679,765152944,994738384,1060297552,1105628976,-274916864,2026-09-21 00:00:00
688805,健信超导,39.81,-0.6737,4.5008,0,7676426,17477925,21025579,-11224080,2026-09-21 00:00:00
688807,优迅股份,360.6,-2.5142,12.7315,130885262,122489095,219748468,247039119,-18894484,2026-09-21 00:00:00
688808,联讯仪器,2339.1,-5.2229,6.1268,725241424,893988272,2040916432,1864304848,7864736,2026-09-21 00:00:00
688809,强一股份,524.6,-1.539,4.5955,72928411,110830085,191692777,190689964,-36898861,2026-09-21 00:00:00
688811,有研复材,21.08,0.2378,6.4299,5917149,2113241,33956500,33343441,4416967,2026-09-21 00:00:00
688813,泰金新能,138.99,-0.3156,14.8415,72803777,97045139,196927599,208248308,-35562071,2026-09-21 00:00:00
688816,易思维,48.17,-0.0415,1.7741,0,0,3274366,3885020,-610654,2026-09-21 00:00:00
688818,电科蓝天,43.38,0.6497,4.0149,14776410,14252085,51907051,80875250,-28443874,2026-09-21 00:00:00
688819,天能股份,20.8,0.4831,0.1653,0,0,6412873,8053735,-1640862,2026-09-21 00:00:00
688820,盛合晶微,139.2,-2.5688,7.7863,181125046,392873936,530561616,516682864,-197870138,2026-09-21 00:00:00
688981,中芯国际,122.01,0.0082,1.2931,493975872,655235648,930680496,846803104,-77382384,2026-09-21 00:00:00
689009,九号公司-WD,38.21,0.5526,1.1541,19071609,11190553,36415953,44455394,-158385,2026-09-21 00:00:00
