code,name,price,pct,amount,turnover,mktcap,float_cap,main_net,main_pct,xl_net,l_net,m_net,s_net
300476,胜宏科技,248.0,9.227,14797690000.0,7.18,243731000000.0,214568000000.0,1784318832,12.0581,1574317808,210001024,-1784318832,
300308,中际旭创,941.0,1.5727,19815560000.0,1.89,1108413000000.0,1044451000000.0,1174130432,5.9253,971408128,202722304,-1174130432,
300502,新易盛,456.73,2.636,16218400000.0,2.81,637018000000.0,573070000000.0,1142789136,7.0463,1023300624,119488512,-1142789136,
002080,中材科技,66.24,9.9967,8542070000.0,7.94,111159000000.0,111159000000.0,932266608,10.9138,1203085488,-270818880,-932266608,
688041,海光信息,246.45,2.1004,5741930000.0,1.01,572833000000.0,572833000000.0,889266768,15.4872,523743632,365523136,-889266768,
688205,德科立,243.12,10.5845,3524660000.0,9.54,38714000000.0,38714000000.0,774185952,21.9648,714785952,59400000,-774185952,
600664,哈药股份,8.25,10.0,1573220000.0,7.7,20778000000.0,20778000000.0,764614968,48.6019,796571246,-31956278,-764614968,
688048,长光华芯,362.23,5.9152,5445430000.0,8.68,63854000000.0,63854000000.0,738333056,13.5588,294902560,443430496,-738333056,
600869,远东股份,22.94,7.1462,6915620000.0,13.68,50912000000.0,50912000000.0,727927008,10.5258,730756528,-2829520,-727927008,
600150,中国船舶,41.02,3.927,5333150000.0,1.75,308701000000.0,308701000000.0,717096096,13.446,348173840,368922256,-717096096,
300604,长川科技,282.53,1.001,5878320000.0,4.24,182396000000.0,138292000000.0,663913248,11.2943,592056176,71857072,-663913248,
688008,澜起科技,210.1,3.7377,7973400000.0,3.32,256435000000.0,240515000000.0,627469808,7.8695,491922816,135546992,-627469808,
000070,特发信息,18.98,7.2316,3132140000.0,19.45,16482000000.0,16260000000.0,591303888,18.8786,606831936,-15528048,-591303888,
600522,中天科技,36.95,2.6959,8703520000.0,6.94,126108000000.0,126108000000.0,589752096,6.776,577001216,12750880,-589752096,
300489,光智科技,238.81,6.3173,3779600000.0,11.89,33232000000.0,32913000000.0,567052320,15.003,321957936,245094384,-567052320,
002792,通宇通讯,34.54,10.0,2334820000.0,20.31,18093000000.0,11709000000.0,521219638,22.3238,502029430,19190208,-521219638,
600707,彩虹股份,9.85,6.6017,2847810000.0,7.99,35346000000.0,35339000000.0,514726880,18.0745,592247232,-77520352,-514726880,
300433,蓝思科技,34.83,4.0323,3718000000.0,2.18,183859000000.0,172473000000.0,513861984,13.8209,365424464,148437520,-513861984,
001389,广合科技,185.93,9.9982,2569050000.0,9.17,87894000000.0,28330000000.0,490929664,19.1094,625688880,-134759216,-490929664,
000002,万科Ａ,3.65,9.9398,2931910000.0,8.59,43547000000.0,35460000000.0,486386960,16.5894,444523760,41863200,-486386960,
600276,恒瑞医药,46.04,4.8508,5186780000.0,1.79,305577000000.0,293689000000.0,472596736,9.1116,327320592,145276144,-472596736,
000066,中国长城,14.84,5.0992,2097910000.0,4.45,47871000000.0,47868000000.0,438864195,20.9191,387714211,51149984,-438864195,
002463,沪电股份,126.0,2.0243,5569200000.0,2.31,242470000000.0,242279000000.0,422754384,7.5909,203760496,218993888,-422754384,
000988,华工科技,109.51,1.5863,5426260000.0,4.96,110113000000.0,110056000000.0,413080016,7.6126,321947072,91132944,-413080016,
000063,中兴通讯,33.15,2.1887,3140760000.0,2.35,158574000000.0,133516000000.0,403552048,12.8489,357666352,45885696,-403552048,
000559,万向钱潮,11.72,6.3521,1851940000.0,4.74,38856000000.0,38843000000.0,377322294,20.3744,296997990,80324304,-377322294,
688766,普冉股份,428.2,-0.4186,4675170000.0,7.29,63675000000.0,63675000000.0,374873168,8.0184,44393856,330479312,-374873168,
002436,兴森科技,44.33,3.3815,5545060000.0,8.29,75347000000.0,67290000000.0,350020608,6.3123,165451472,184569136,-350020608,
601318,中国平安,53.98,1.143,3163100000.0,0.55,977451000000.0,575430000000.0,349749808,11.0572,114327504,235422304,-349749808,
300209,行云科技,37.08,8.548,3786560000.0,14.1,34434000000.0,27547000000.0,334491008,8.8336,360116928,-25625920,-334491008,
002585,双星新材,12.71,10.0433,1570500000.0,14.33,14506000000.0,11269000000.0,334266778,21.2841,356590026,-22323248,-334266778,
688347,华虹宏力,231.94,-0.8803,3771380000.0,3.97,447295000000.0,94574000000.0,325859968,8.6403,155991200,169868768,-325859968,
300274,阳光电源,88.47,1.3983,4922640000.0,3.51,183417000000.0,140448000000.0,323607728,6.5739,152803360,170804368,-323607728,
603259,药明康德,167.96,4.975,8522480000.0,2.07,509540000000.0,415412000000.0,296519792,3.4793,132571664,163948128,-296519792,
300059,东方财富,18.69,1.742,3426750000.0,1.38,295717000000.0,250303000000.0,288100800,8.4074,163942592,124158208,-288100800,
301080,百普赛斯,116.2,6.1381,2455040000.0,16.83,19484000000.0,14739000000.0,288047024,11.7329,62136336,225910688,-288047024,
002916,深南电路,395.02,2.736,3091390000.0,1.17,269074000000.0,262697000000.0,282711904,9.1451,138302960,144408944,-282711904,
300548,长芯博创,243.99,2.1734,3160820000.0,4.42,71936000000.0,71791000000.0,280272240,8.8671,147760784,132511456,-280272240,
600613,神奇制药,9.25,9.9881,809650000.0,18.59,4940000000.0,4434000000.0,275466118,34.0229,238641014,36825104,-275466118,
300475,香农芯创,183.2,5.0941,7173270000.0,8.66,86020000000.0,82165000000.0,266980800,3.7219,146029280,120951520,-266980800,
603663,三祥新材,49.82,10.0022,1157010000.0,3.97,29572000000.0,29552000000.0,256881319,22.2022,239456775,17424544,-256881319,
688503,聚和材料,84.2,6.3803,1621250000.0,8.02,20379000000.0,20379000000.0,252933353,15.6011,133735609,119197744,-252933353,
003006,百亚股份,21.21,-0.1882,1059560000.0,11.57,9113000000.0,9090000000.0,250967742,23.686,-12255481,263223223,-250967742,
688025,杰普特,447.0,1.0033,1394300000.0,3.27,42487000000.0,42487000000.0,240908804,17.2781,175877156,65031648,-240908804,
600721,百花医药,13.15,10.0418,1415420000.0,29.02,5057000000.0,5057000000.0,237595613,16.7862,306647676,-69052063,-237595613,
002349,精华制药,8.71,9.9747,724680000.0,10.45,7239000000.0,7092000000.0,235226457,32.4594,222056026,13170431,-235226457,
601208,东材科技,52.75,2.8265,3832300000.0,7.18,53287000000.0,53287000000.0,227210656,5.9288,196895712,30314944,-227210656,
603256,宏和科技,148.92,0.0874,4367940000.0,3.22,134711000000.0,134711000000.0,210441968,4.8179,212592464,-2150496,-210441968,
000560,我爱我家,3.19,10.0,1304400000.0,18.58,7514000000.0,7473000000.0,208139304,15.9567,236934712,-28795408,-208139304,
603228,景旺电子,110.16,5.4667,4041090000.0,3.74,110302000000.0,108178000000.0,208002736,5.1472,216432736,-8430000,-208002736,
301486,致尚科技,219.28,2.4146,1714220000.0,10.72,28231000000.0,15990000000.0,206738142,12.0602,76451326,130286816,-206738142,
600641,先导基电,39.76,6.5952,3339720000.0,9.18,37647000000.0,37002000000.0,205725088,6.16,188572304,17152784,-205725088,
300413,芒果超媒,19.02,5.1991,2280080000.0,11.88,35581000000.0,19433000000.0,205155726,8.9977,56004686,149151040,-205155726,
002589,瑞康医药,3.6,10.0917,684960000.0,14.23,5417000000.0,4916000000.0,201601543,29.4326,165682027,35919516,-201601543,
002536,飞龙股份,53.82,0.3356,3019540000.0,10.11,30935000000.0,29349000000.0,198057488,6.5592,90407504,107649984,-198057488,
600938,中国海油,33.54,3.839,1729750000.0,1.76,1594155000000.0,100285000000.0,197283219,11.4053,330967034,-133683815,-197283219,
600900,长江电力,28.1,-0.6013,1873570000.0,0.27,687557000000.0,687557000000.0,193156543,10.3095,161779343,31377200,-193156543,
688200,华峰测控,398.38,-2.3411,2343030000.0,2.91,80121000000.0,80121000000.0,192407168,8.2119,66172224,126234944,-192407168,
000566,海南海药,5.07,9.9783,636280000.0,9.98,6578000000.0,6574000000.0,182239746,28.6414,188022287,-5782541,-182239746,
301666,大普微-UW,413.5,3.2975,1658190000.0,15.17,180375000000.0,10965000000.0,178722554,10.7782,124118842,54603712,-178722554,
603042,华脉科技,19.03,10.0,701680000.0,18.16,3973000000.0,3973000000.0,177631813,25.3152,174964638,2667175,-177631813,
300657,弘信电子,38.49,3.7466,1454820000.0,7.96,18557000000.0,18387000000.0,177577494,12.2061,102035334,75542160,-177577494,
000001,平安银行,11.73,0.2564,954180000.0,0.42,227631000000.0,227629000000.0,176339043,18.4807,93521452,82817591,-176339043,
603061,金海通,357.3,2.4399,1624620000.0,5.22,31085000000.0,31085000000.0,175770279,10.8192,72371895,103398384,-175770279,
600111,北方稀土,37.88,2.7672,1883540000.0,1.38,136939000000.0,136939000000.0,173448262,9.2086,98991510,74456752,-173448262,
688146,中船特气,238.03,-0.4891,3349660000.0,9.67,126016000000.0,34507000000.0,172416448,5.1473,40500160,131916288,-172416448,
300110,华仁药业,3.29,20.073,601590000.0,15.89,3889000000.0,3887000000.0,172274976,28.6366,0,172274976,-172274976,
688141,杰华特,114.73,1.3785,1862690000.0,3.58,51665000000.0,51665000000.0,168721264,9.0579,120044464,48676800,-168721264,
688082,盛美上海,293.5,0.2493,1285740000.0,0.91,142426000000.0,141535000000.0,166099720,12.9186,6646232,159453488,-166099720,
301373,凌玮科技,123.58,4.3398,1383860000.0,16.28,13405000000.0,8608000000.0,165838439,11.9838,19085863,146752576,-165838439,
601360,三六零,9.03,2.9647,1042440000.0,1.67,63206000000.0,63206000000.0,164237152,15.7551,170811192,-6574040,-164237152,
002353,杰瑞股份,124.7,-0.9531,2009360000.0,2.32,127675000000.0,86176000000.0,163586224,8.1412,202646368,-39060144,-163586224,
000829,天音控股,9.77,10.0225,524070000.0,5.32,10015000000.0,10006000000.0,160717409,30.6672,143069065,17648344,-160717409,
688035,德邦科技,85.4,8.8037,881970000.0,7.48,12147000000.0,12147000000.0,155702032,17.6539,52481549,103220483,-155702032,
002138,顺络电子,53.37,1.6184,1812960000.0,4.42,43033000000.0,40900000000.0,154006361,8.4947,115905129,38101232,-154006361,
300642,透景生命,20.35,19.9882,691400000.0,25.74,3302000000.0,2802000000.0,153100555,22.1436,180653331,-27552776,-153100555,
002246,北化股份,26.27,10.0084,949330000.0,6.69,14423000000.0,14423000000.0,151968565,16.008,197855280,-45886715,-151968565,
600028,中国石化,5.3,2.7132,1224270000.0,0.25,639787000000.0,501636000000.0,151966172,12.4128,145046848,6919324,-151966172,
300468,四方精创,22.96,4.4111,1258130000.0,10.52,12184000000.0,12169000000.0,148567562,11.8086,30652600,117914962,-148567562,
002271,东方雨虹,10.73,3.7718,740070000.0,3.57,25631000000.0,20931000000.0,148249786,20.0319,76324003,71925783,-148249786,
603580,艾艾精工,71.53,9.9954,524070000.0,5.67,9347000000.0,9347000000.0,147784744,28.1994,96217168,51567576,-147784744,
688257,新锐股份,59.57,2.354,1182640000.0,5.59,21163000000.0,21163000000.0,147597054,12.4803,60191902,87405152,-147597054,
301047,义翘神州,117.34,3.7764,1335390000.0,9.59,14273000000.0,14032000000.0,147460802,11.0425,45893042,101567760,-147460802,
600919,江苏银行,12.13,-0.3287,1027890000.0,0.46,222602000000.0,222602000000.0,147394717,14.3395,87350215,60044502,-147394717,
301511,德福科技,110.61,0.0995,2997020000.0,6.81,69720000000.0,44094000000.0,146610048,4.8919,70076416,76533632,-146610048,
002172,澳洋健康,5.81,10.0379,667880000.0,15.07,4449000000.0,4445000000.0,146241947,21.8964,124144874,22097073,-146241947,
301489,思泉新材,131.4,2.3444,1027110000.0,11.37,15281000000.0,9143000000.0,145383609,14.1546,69831027,75552582,-145383609,
601319,中国人保,8.04,2.8133,845240000.0,0.3,355561000000.0,285402000000.0,144711682,17.1208,208980126,-64268444,-144711682,
688183,生益电子,120.86,-0.2805,2137670000.0,2.1,103971000000.0,101231000000.0,142940928,6.6868,57788352,85152576,-142940928,
605376,博迁新材,137.48,-1.1788,2095150000.0,5.71,35965000000.0,35965000000.0,142369135,6.7952,19192783,123176352,-142369135,
002050,三花智控,36.18,2.4639,2352310000.0,1.76,152246000000.0,133542000000.0,142230658,6.0464,87482722,54747936,-142230658,
600246,万通发展,14.12,3.0657,1498140000.0,5.66,27619000000.0,26693000000.0,139147653,9.288,51274981,87872672,-139147653,
301236,软通动力,38.23,3.3523,800390000.0,2.44,39575000000.0,33182000000.0,137975718,17.2386,74153819,63821899,-137975718,
000756,新华制药,14.67,9.97,309280000.0,4.26,10220000000.0,7318000000.0,137738683,44.5353,154878183,-17139500,-137738683,
601601,中国太保,32.0,-0.2494,1501390000.0,0.69,307851000000.0,219041000000.0,136345003,9.0813,43269147,93075856,-136345003,
000831,中国稀土,55.3,3.5774,1622200000.0,2.76,58686000000.0,58686000000.0,133280541,8.216,150371773,-17091232,-133280541,
600812,华北制药,5.08,9.9567,441920000.0,5.19,8716000000.0,8716000000.0,132534873,29.9907,102051009,30483864,-132534873,
603068,博通集成,43.79,9.9975,901140000.0,13.71,6647000000.0,6647000000.0,131923209,14.6396,136442171,-4518962,-131923209,
603319,美湖股份,32.18,10.0171,968570000.0,8.94,10914000000.0,10914000000.0,127656183,13.1799,138403133,-10746950,-127656183,
688143,长盈通,205.07,4.8844,2577860000.0,10.61,26409000000.0,25095000000.0,121392784,4.7091,113511008,7881776,-121392784,
300567,精测电子,214.6,-2.0762,1181460000.0,2.42,60034000000.0,48725000000.0,120340412,10.1857,43560703,76779709,-120340412,
300857,协创数据,273.1,1.9448,3706780000.0,2.82,133645000000.0,132424000000.0,118887696,3.2073,126952224,-8064528,-118887696,
600026,中远海能,22.92,3.8514,2191200000.0,2.54,125400000000.0,87738000000.0,118803504,5.4218,95054800,23748704,-118803504,
603306,华懋科技,84.77,1.4966,1041030000.0,3.76,27931000000.0,27931000000.0,117121752,11.2506,58298188,58823564,-117121752,
603893,瑞芯微,198.0,4.1886,2347850000.0,2.85,83782000000.0,83734000000.0,116664523,4.969,125061371,-8396848,-116664523,
300136,信维通信,59.68,0.2857,2881380000.0,5.77,57744000000.0,49237000000.0,115929280,4.0234,-23618944,139548224,-115929280,
002466,天齐锂业,43.26,1.1693,1312590000.0,2.07,74109000000.0,63846000000.0,115416762,8.7931,92010506,23406256,-115416762,
300759,康龙化成,45.13,4.2263,3260910000.0,5.09,82917000000.0,64086000000.0,113976992,3.4953,785120,113191872,-113976992,
688137,近岸蛋白,118.84,20.004,1089560000.0,13.97,8309000000.0,8309000000.0,113005898,10.3717,119999226,-6993328,-113005898,
603601,再升科技,10.66,4.4074,1724700000.0,14.29,12177000000.0,12177000000.0,112790520,6.5397,40215592,72574928,-112790520,
600188,兖矿能源,20.44,3.8618,920580000.0,0.76,205153000000.0,121850000000.0,112164601,12.1841,16682442,95482159,-112164601,
688668,鼎通科技,266.15,-1.2797,1021060000.0,2.73,37067000000.0,37067000000.0,111488491,10.9189,30420159,81068332,-111488491,
001317,三羊马,59.96,9.9982,666210000.0,13.42,5131000000.0,5127000000.0,110082090,16.5236,99645139,10436951,-110082090,
300782,卓胜微,76.34,3.5259,1175020000.0,3.32,43895000000.0,35007000000.0,109383671,9.3091,53425415,55958256,-109383671,
600196,复星医药,23.05,4.63,794960000.0,1.65,61553000000.0,48831000000.0,107652812,13.5419,97314520,10338292,-107652812,
600887,伊利股份,26.65,0.188,1016990000.0,0.61,168571000000.0,167733000000.0,105409211,10.3648,23827192,81582019,-105409211,
300760,迈瑞医疗,158.05,0.7522,1033560000.0,0.54,191525000000.0,191345000000.0,105408221,10.1986,35223618,70184603,-105408221,
300378,鼎捷数智,38.52,4.4752,876150000.0,8.51,10460000000.0,10382000000.0,104976894,11.9816,43382660,61594234,-104976894,
688331,荣昌生物,125.0,8.8471,1319390000.0,3.02,70560000000.0,44487000000.0,104161483,7.8947,84604363,19557120,-104161483,
300426,华智数媒,8.35,13.9154,564070000.0,16.9,3761000000.0,3340000000.0,103343854,18.3211,114000872,-10657018,-103343854,
603395,红四方,28.14,10.0078,447180000.0,25.37,7316000000.0,1829000000.0,103188676,23.0754,103549947,-361271,-103188676,
300454,深信服,143.25,0.1328,1449790000.0,3.51,61821000000.0,41256000000.0,103078933,7.1099,67067093,36011840,-103078933,
600487,亨通光电,71.75,3.2523,13148250000.0,7.42,176964000000.0,176049000000.0,102964864,0.7831,61758992,41205872,-102964864,
002957,科瑞技术,42.88,1.0368,1019970000.0,5.67,18009000000.0,17961000000.0,102060148,10.0062,16803890,85256258,-102060148,
603129,春风动力,305.62,5.2447,816820000.0,1.76,46907000000.0,46907000000.0,101070211,12.3736,43490801,57579410,-101070211,
688001,华兴源创,75.17,-0.2654,869770000.0,2.5,35448000000.0,35448000000.0,100668398,11.5741,15148147,85520251,-100668398,
600699,均胜电子,20.95,4.0218,1410740000.0,4.83,32489000000.0,29239000000.0,100623611,7.1327,12781675,87841936,-100623611,
002178,延华智能,5.08,9.9567,237640000.0,6.6,3618000000.0,3616000000.0,100430658,42.2617,112203197,-11772539,-100430658,
300369,绿盟科技,9.47,13.6855,1084790000.0,14.72,7677000000.0,7652000000.0,100276314,9.2438,111185192,-10908878,-100276314,
688172,燕东微,47.6,1.4709,646300000.0,1.13,67955000000.0,57061000000.0,100137808,15.494,49386255,50751553,-100137808,
600593,大连圣亚,48.57,10.0113,735520000.0,12.06,6336000000.0,6256000000.0,98584905,13.4034,85529195,13055710,-98584905,
301086,鸿富瀚,176.0,6.1584,1008670000.0,8.47,22152000000.0,12278000000.0,98484492,9.7638,22236796,76247696,-98484492,
688485,九州一轨,114.59,1.4071,761160000.0,4.5,17222000000.0,17222000000.0,97862275,12.857,37501045,60361230,-97862275,
603067,振华股份,36.95,5.1508,1398510000.0,5.02,27917000000.0,27917000000.0,97002479,6.9361,153653999,-56651520,-97002479,
002174,游族网络,14.57,3.041,730660000.0,5.14,14276000000.0,14268000000.0,96858697,13.2563,21693592,75165105,-96858697,
603269,海鸥股份,26.78,1.7091,674490000.0,5.81,11568000000.0,11568000000.0,96827746,14.3557,24002870,72824876,-96827746,
603757,大元泵业,70.08,2.7566,613030000.0,4.7,13073000000.0,13073000000.0,96699036,15.7739,67356299,29342737,-96699036,
301093,华兰股份,72.85,13.4205,721390000.0,5.14,15527000000.0,14824000000.0,94939163,13.1606,57570302,37368861,-94939163,
600714,金瑞矿业,19.25,10.0,445630000.0,8.3,5547000000.0,5547000000.0,94672516,21.2446,66644055,28028461,-94672516,
600785,新华百货,11.35,9.9806,310130000.0,8.87,3585000000.0,3585000000.0,94249333,30.3903,75087640,19161693,-94249333,
002594,比亚迪,85.22,1.0913,2106700000.0,0.71,776968000000.0,297168000000.0,94134048,4.4683,30500496,63633552,-94134048,
300033,同花顺,210.66,1.6699,2017690000.0,2.21,158551000000.0,92355000000.0,93792528,4.6485,58668464,35124064,-93792528,
688535,华海诚科,110.3,-1.7809,1028290000.0,7.0,15803000000.0,14729000000.0,93503874,9.0931,19127866,74376008,-93503874,
000532,华金资本,14.26,10.0309,743330000.0,16.38,4916000000.0,4899000000.0,92992194,12.5102,118804392,-25812198,-92992194,
300862,蓝盾光电,56.04,1.9465,1497490000.0,18.03,10346000000.0,8488000000.0,92809932,6.1977,47166332,45643600,-92809932,
300725,药石科技,50.32,6.565,1391020000.0,13.78,11765000000.0,10201000000.0,91484145,6.5768,28249073,63235072,-91484145,
002074,国轩高科,26.67,2.0275,685270000.0,1.49,48399000000.0,46317000000.0,90747995,13.2427,76408349,14339646,-90747995,
601099,太平洋,3.57,2.8818,664140000.0,2.77,24334000000.0,24334000000.0,90599074,13.6416,82525244,8073830,-90599074,
300606,金太阳,38.57,11.7647,602700000.0,13.87,5336000000.0,4587000000.0,89507364,14.8511,47001897,42505467,-89507364,
601857,中国石油,10.67,1.0417,1407810000.0,0.08,1952834000000.0,1727709000000.0,89196282,6.3358,37521114,51675168,-89196282,
002821,凯莱英,190.99,3.1263,1970810000.0,3.26,68883000000.0,60748000000.0,88811133,4.5063,20802989,68008144,-88811133,
688359,三孚新科,113.21,4.9504,544980000.0,4.94,11285000000.0,11285000000.0,88244156,16.1922,41641745,46602411,-88244156,
603920,世运电路,46.44,6.5138,2022780000.0,6.17,33464000000.0,33464000000.0,87153894,4.3086,128839526,-41685632,-87153894,
002487,大金重工,39.7,0.2525,2492490000.0,9.97,29381000000.0,25048000000.0,86863490,3.485,50142434,36721056,-86863490,
603636,南威软件,7.28,9.9698,399880000.0,9.62,4225000000.0,4225000000.0,86436112,21.6155,58135687,28300425,-86436112,
601288,农业银行,6.91,1.4684,2082520000.0,0.1,2418383000000.0,2205977000000.0,85408688,4.1012,142877216,-57468528,-85408688,
300124,汇川技术,52.84,0.7436,1438810000.0,1.13,143185000000.0,127463000000.0,85381484,5.9342,15505564,69875920,-85381484,
300145,南方泵业,5.19,6.5708,677010000.0,6.91,9966000000.0,9918000000.0,84954139,12.5484,70852364,14101775,-84954139,
301408,华人健康,16.07,8.9492,658080000.0,17.78,6428000000.0,3679000000.0,84607815,12.8568,48171917,36435898,-84607815,
300142,沃森生物,13.69,2.855,1328730000.0,6.2,21895000000.0,21601000000.0,84462301,6.3566,71677053,12785248,-84462301,
688531,日联科技,148.0,0.7008,687710000.0,4.02,24508000000.0,16987000000.0,84046385,12.2212,40772426,43273959,-84046385,
600095,湘财股份,9.07,4.6136,749970000.0,2.94,25933000000.0,25933000000.0,82628573,11.0176,52252548,30376025,-82628573,
600330,天通股份,29.41,0.1362,2527290000.0,6.91,36275000000.0,36275000000.0,82375312,3.2594,-19783296,102158608,-82375312,
002706,良信股份,8.92,5.0648,415060000.0,5.13,10018000000.0,8162000000.0,82302840,19.8291,57361345,24941495,-82302840,
002755,奥赛康,12.45,9.9823,432120000.0,3.84,11556000000.0,11555000000.0,82301796,19.0461,65694449,16607347,-82301796,
688028,沃尔德,124.3,-2.2184,1324030000.0,7.05,18763000000.0,18763000000.0,82168976,6.206,4305376,77863600,-82168976,
002354,天娱数科,7.92,4.2105,1972520000.0,15.46,13104000000.0,12886000000.0,81614117,4.1376,50175701,31438416,-81614117,
600010,包钢股份,2.15,1.4151,666170000.0,0.99,97236000000.0,67334000000.0,81101717,12.1743,83167367,-2065650,-81101717,
603958,哈森股份,18.37,10.0,381520000.0,9.7,4030000000.0,4030000000.0,80777740,21.1726,71414370,9363370,-80777740,
300260,新莱应材,64.52,0.389,1540520000.0,8.28,26312000000.0,18558000000.0,80564438,5.2297,5809670,74754768,-80564438,
000983,山西焦煤,6.6,2.4845,451250000.0,1.22,37469000000.0,37469000000.0,80356998,17.8076,64739436,15617562,-80356998,
600685,中船防务,30.31,5.3162,780460000.0,3.18,42843000000.0,24898000000.0,79585622,10.1973,26477057,53108565,-79585622,
300835,龙磁科技,192.66,3.0267,831650000.0,5.24,22974000000.0,16102000000.0,79468792,9.5556,112805470,-33336678,-79468792,
002738,中矿资源,45.05,2.2934,869270000.0,2.72,32859000000.0,32031000000.0,79289302,9.1214,31417338,47871964,-79289302,
300151,昌红科技,21.46,3.6715,610820000.0,7.8,11428000000.0,7912000000.0,78842238,12.9076,37258743,41583495,-78842238,
600127,金健米业,15.75,9.986,2756480000.0,28.45,10108000000.0,10108000000.0,78813280,2.8592,171236096,-92422816,-78813280,
001267,汇绿生态,39.2,3.0765,1588330000.0,6.78,30772000000.0,23855000000.0,78807857,4.9617,62817729,15990128,-78807857,
300558,贝达药业,49.41,4.6379,863400000.0,4.15,20917000000.0,20860000000.0,78708918,9.1162,16333354,62375564,-78708918,
002669,康达新材,14.47,5.1599,724060000.0,16.47,4390000000.0,4380000000.0,78530883,10.8459,7460796,71070087,-78530883,
002104,恒宝股份,11.8,6.0198,1087070000.0,15.43,8359000000.0,7170000000.0,78394866,7.2116,16961554,61433312,-78394866,
600893,航发动力,40.53,3.4192,1413420000.0,1.31,108037000000.0,108018000000.0,78288586,5.5389,78867562,-578976,-78288586,
002947,恒铭达,68.62,2.9866,581340000.0,4.32,17551000000.0,13608000000.0,77632655,13.3541,40716446,36916209,-77632655,
600301,华锡有色,49.97,9.9934,286090000.0,2.08,31609000000.0,13759000000.0,77457501,27.0745,87758979,-10301478,-77457501,
002169,智光电气,14.9,9.1575,961040000.0,8.64,11662000000.0,11338000000.0,76824561,7.9939,95783482,-18958921,-76824561,
603688,石英股份,50.75,2.1949,1012580000.0,3.67,27490000000.0,27490000000.0,76800278,7.5846,33276791,43523487,-76800278,
600587,新华医疗,13.4,10.0164,326270000.0,4.11,8129000000.0,8129000000.0,75980178,23.2875,58648528,17331650,-75980178,
688293,奥浦迈,75.45,6.7185,609820000.0,7.05,10729000000.0,8840000000.0,75425962,12.3686,33901006,41524956,-75425962,
002081,金螳螂,5.16,4.878,1359860000.0,10.03,13701000000.0,13687000000.0,75217598,5.5313,43812316,31405282,-75217598,
300364,中文在线,24.96,2.2951,1610250000.0,9.83,18183000000.0,16501000000.0,74905356,4.6518,-9390708,84296064,-74905356,
601058,赛轮轮胎,13.79,-0.4332,700370000.0,1.56,45343000000.0,45343000000.0,74705666,10.6666,-2420866,77126532,-74705666,
603936,博敏电子,21.61,1.2652,1005900000.0,7.4,13946000000.0,13623000000.0,74471804,7.4035,21107482,53364322,-74471804,
688313,仕佳光子,171.5,0.6574,3326810000.0,4.3,77516000000.0,77516000000.0,74421360,2.237,28464048,45957312,-74421360,
603093,南华期货,13.99,9.9843,360260000.0,3.06,14524000000.0,12340000000.0,73875576,20.5062,66349612,7525964,-73875576,
002900,哈三联,13.04,10.0422,313910000.0,12.49,4125000000.0,2581000000.0,73720496,23.4846,61054241,12666255,-73720496,
601086,国芳集团,17.67,10.0249,1094390000.0,9.47,11768000000.0,11768000000.0,73523891,6.7183,56709155,16814736,-73523891,
688525,佰维存储,217.58,0.3228,3707950000.0,3.55,103749000000.0,103749000000.0,73020704,1.9693,46979696,26041008,-73020704,
300741,华宝股份,26.0,3.3797,949010000.0,5.91,16013000000.0,16013000000.0,72972991,7.6894,-164649,73137640,-72972991,
301230,泓博医药,38.82,10.2528,1527500000.0,24.54,7024000000.0,6318000000.0,71821961,4.7019,-33024759,104846720,-71821961,
300456,赛微电子,37.65,2.9251,1567830000.0,7.13,27568000000.0,22498000000.0,71350772,4.5509,14525668,56825104,-71350772,
301132,满坤科技,63.26,4.9262,1068120000.0,18.26,9368000000.0,5993000000.0,71095463,6.6561,10834217,60261246,-71095463,
002303,美盈森,6.27,10.0,213750000.0,3.21,9601000000.0,6692000000.0,70633131,33.0447,96262258,-25629127,-70633131,
688256,寒武纪,1112.77,-0.0332,8422020000.0,1.2,699770000000.0,699770000000.0,69923760,0.8302,-60085840,130009600,-69923760,
002094,青岛金王,5.49,7.2266,388680000.0,10.34,3793000000.0,3791000000.0,69835255,17.9673,44105431,25729824,-69835255,
600737,中粮糖业,15.2,2.8417,1326230000.0,4.14,32510000000.0,32510000000.0,69502387,5.2406,24033427,45468960,-69502387,
002741,光华科技,26.39,3.9795,1009300000.0,9.01,12366000000.0,11348000000.0,68824355,6.819,36339455,32484900,-68824355,
002042,华孚时尚,4.22,9.8958,336440000.0,4.89,7177000000.0,7177000000.0,68719772,20.4256,94749706,-26029934,-68719772,
002328,新朋股份,8.5,3.7851,623430000.0,12.98,6560000000.0,4851000000.0,67729142,10.864,18055548,49673594,-67729142,
002907,华森制药,15.25,10.0289,364810000.0,7.2,6368000000.0,5170000000.0,67423391,18.4818,54239899,13183492,-67423391,
300708,聚灿光电,9.28,6.0571,474330000.0,7.28,8754000000.0,6630000000.0,67188126,14.1648,43672965,23515161,-67188126,
000402,金融街,2.77,9.9206,445020000.0,5.56,8279000000.0,8279000000.0,67104672,15.079,82976317,-15871645,-67104672,
002388,新亚制程,7.95,9.9585,408630000.0,10.43,4027000000.0,4024000000.0,66918283,16.3763,59375849,7542434,-66918283,
600479,千金药业,12.34,6.1962,848160000.0,16.7,6074000000.0,5164000000.0,66626435,7.8554,36972868,29653567,-66626435,
688112,鼎阳科技,91.79,20.0026,942810000.0,6.57,14649000000.0,14649000000.0,66324079,7.0347,87011571,-20687492,-66324079,
300163,先锋新材,8.09,10.218,460450000.0,12.99,3835000000.0,3708000000.0,65791511,14.2885,40864457,24927054,-65791511,
603119,浙江荣泰,56.56,2.7243,816620000.0,3.05,26745000000.0,26745000000.0,65787127,8.056,35294298,30492829,-65787127,
603618,杭电股份,40.68,1.9293,3230380000.0,11.52,28125000000.0,28125000000.0,65691088,2.0335,69218704,-3527616,-65691088,
002321,华英农业,2.3,10.0478,260740000.0,5.56,4906000000.0,4888000000.0,64650557,24.795,73980243,-9329686,-64650557,
300661,圣邦股份,122.61,-2.0139,1676820000.0,2.27,84066000000.0,73797000000.0,64526249,3.8481,-35193703,99719952,-64526249,
600392,盛和资源,22.2,3.0641,1049070000.0,2.7,38913000000.0,38913000000.0,64492616,6.1476,32286297,32206319,-64492616,
000962,东方钽业,62.91,4.85,1594310000.0,5.09,33178000000.0,31645000000.0,64015795,4.0153,78088723,-14072928,-64015795,
000703,恒逸石化,16.95,0.0,1212520000.0,1.76,69691000000.0,69341000000.0,63952474,5.2743,3200488,60751986,-63952474,
002027,分众传媒,4.76,2.1459,561280000.0,0.83,68745000000.0,68745000000.0,63674830,11.3446,106639879,-42965049,-63674830,
688179,阿拉丁,22.6,10.5675,521350000.0,6.62,8199000000.0,8199000000.0,63468793,12.1739,48067019,15401774,-63468793,
002709,天赐材料,33.53,0.5096,1147760000.0,2.28,68353000000.0,50597000000.0,63405190,5.5243,35956188,27449002,-63405190,
002453,华软科技,5.87,9.9251,252960000.0,6.71,4769000000.0,3775000000.0,63046137,24.9234,71216330,-8170193,-63046137,
600410,华胜天成,17.19,4.0557,3406200000.0,18.16,18849000000.0,18849000000.0,62904967,1.8468,70872903,-7967936,-62904967,
688578,艾力斯,102.09,1.6731,754100000.0,1.64,45940000000.0,45940000000.0,62846967,8.334,13034288,49812679,-62846967,
688661,和林微纳,107.0,-2.5235,468870000.0,2.87,16252000000.0,16252000000.0,62661669,13.3644,29987247,32674422,-62661669,
002285,世联行,3.18,10.0346,859240000.0,14.73,6337000000.0,6293000000.0,62239155,7.2435,68306999,-6067844,-62239155,
600435,北方导航,11.93,4.5574,423030000.0,2.36,18042000000.0,18042000000.0,62002552,14.6568,12557577,49444975,-62002552,
603588,高能环境,16.46,1.9827,802100000.0,3.23,25072000000.0,25072000000.0,61963089,7.7251,8022832,53940257,-61963089,
000536,华映科技,3.7,5.4131,644030000.0,6.25,10234000000.0,10223000000.0,61943501,9.6181,24600755,37342746,-61943501,
002017,东信和平,15.01,5.5556,513920000.0,6.01,8712000000.0,8708000000.0,61652481,11.9965,12689531,48962950,-61652481,
002084,海鸥住工,6.12,10.0719,330940000.0,8.62,3954000000.0,3945000000.0,61481501,18.5778,29130008,32351493,-61481501,
688312,燕麦科技,55.47,7.5,770760000.0,9.5,8151000000.0,8151000000.0,61103202,7.9277,22864501,38238701,-61103202,
300773,拉卡拉,15.3,2.4782,721600000.0,4.64,16636000000.0,15738000000.0,61041829,8.4592,14883513,46158316,-61041829,
688519,南亚新材,322.96,2.1024,1988670000.0,2.62,75954000000.0,75954000000.0,60909062,3.0628,48731126,12177936,-60909062,
603341,龙旗科技,37.03,4.3981,358100000.0,3.66,19337000000.0,9902000000.0,60665616,16.941,23963992,36701624,-60665616,
301176,逸豪新材,58.14,2.0,660100000.0,6.96,9830000000.0,9538000000.0,60558759,9.1742,16113759,44445000,-60558759,
601689,拓普集团,45.76,1.6889,1229610000.0,1.54,79523000000.0,79523000000.0,60013580,4.8807,32473884,27539696,-60013580,
300666,江丰电子,257.06,-1.2978,2414860000.0,4.22,70941000000.0,56924000000.0,59651408,2.4702,-32719760,92371168,-59651408,
600770,综艺股份,6.03,5.0523,469700000.0,6.15,7839000000.0,7839000000.0,59309140,12.627,43646777,15662363,-59309140,
688266,泽璟制药-U,119.37,6.771,684880000.0,2.19,31598000000.0,31598000000.0,59044799,8.6212,41919698,17125101,-59044799,
688185,康希诺,72.46,6.4805,800530000.0,9.86,17901000000.0,8287000000.0,59043405,7.3755,1365539,57677866,-59043405,
300331,苏大维格,49.41,1.7504,434420000.0,4.0,12830000000.0,10975000000.0,59016444,13.5851,23776121,35240323,-59016444,
688336,三生国健,42.15,4.1255,427070000.0,1.14,37776000000.0,37776000000.0,58738669,13.7539,6897817,51840852,-58738669,
600360,华微电子,11.61,6.0274,1242000000.0,11.52,11149000000.0,11149000000.0,58672954,4.7241,79038997,-20366043,-58672954,
300726,宏达电子,60.53,3.5232,1128040000.0,8.68,24929000000.0,12980000000.0,58034869,5.1448,4833672,53201197,-58034869,
688180,君实生物-U,34.97,4.9205,634170000.0,2.39,35903000000.0,26801000000.0,57838341,9.1203,35847122,21991219,-57838341,
002180,奔图科技,17.45,8.4525,560080000.0,2.34,24812000000.0,24017000000.0,57789533,10.3181,56958645,830888,-57789533,
600886,国投电力,14.25,-0.3497,351610000.0,0.33,114064000000.0,106222000000.0,57369293,16.3162,10395455,46973838,-57369293,
002064,华峰化学,10.09,1.7137,459380000.0,0.92,50072000000.0,49966000000.0,57272484,12.4673,11720782,45551702,-57272484,
002724,海洋王,7.84,9.9579,294530000.0,6.88,6049000000.0,4441000000.0,57086956,19.3824,49220501,7866455,-57086956,
002515,金字火腿,7.95,4.7431,608750000.0,7.05,9624000000.0,8760000000.0,56877206,9.3433,38434195,18443011,-56877206,
002787,华源控股,26.47,1.6513,495640000.0,7.61,8799000000.0,6567000000.0,56808569,11.4617,18444854,38363715,-56808569,
001203,大中矿业,24.74,5.3214,499740000.0,1.56,37928000000.0,32309000000.0,56567126,11.3193,27192695,29374431,-56567126,
603020,爱普股份,12.57,9.9738,265540000.0,5.78,4722000000.0,4722000000.0,56381073,21.2326,52273340,4107733,-56381073,
002580,圣阳股份,19.76,1.2295,810460000.0,9.1,8968000000.0,8938000000.0,55806456,6.8858,26514804,29291652,-55806456,
605006,山东玻纤,17.1,1.2433,898540000.0,8.02,11177000000.0,11177000000.0,55494260,6.176,47174950,8319310,-55494260,
300149,睿智医药,9.94,7.4595,476690000.0,10.18,5020000000.0,4787000000.0,55354761,11.6123,27489351,27865410,-55354761,
002259,升达林业,4.52,9.9757,217610000.0,6.54,3401000000.0,3401000000.0,54858891,25.2097,34901929,19956962,-54858891,
603203,快克智能,47.9,2.2412,572350000.0,3.69,15808000000.0,15627000000.0,54833207,9.5804,2935883,51897324,-54833207,
002317,众生药业,25.46,5.1197,715670000.0,3.7,21639000000.0,19554000000.0,54387763,7.5996,50902248,3485515,-54387763,
300593,新雷能,33.09,1.5031,724890000.0,4.83,17951000000.0,14899000000.0,54378594,7.5016,14796337,39582257,-54378594,
600172,黄河旋风,16.42,2.625,2790690000.0,13.34,23681000000.0,21088000000.0,54059920,1.9372,29653040,24406880,-54059920,
603407,长裕集团,61.54,5.0529,480150000.0,22.17,25101000000.0,2210000000.0,53931090,11.2321,50254326,3676764,-53931090,
688073,毕得医药,71.76,5.2817,457270000.0,7.08,6522000000.0,6522000000.0,53616137,11.7253,19784785,33831352,-53616137,
600218,全柴动力,8.27,9.9734,310230000.0,8.72,3602000000.0,3602000000.0,53404371,17.2144,45312956,8091415,-53404371,
600693,东百集团,9.97,5.058,731680000.0,8.62,8672000000.0,8663000000.0,53123686,7.2605,35358659,17765027,-53123686,
002860,星帅尔,18.39,9.988,451470000.0,7.13,6476000000.0,6362000000.0,52857054,11.7078,23239183,29617871,-52857054,
000768,中航西飞,22.91,2.5056,500790000.0,0.79,63704000000.0,63608000000.0,52785584,10.5405,23817835,28967749,-52785584,
688090,瑞松科技,88.0,1.6049,1229230000.0,8.91,13968000000.0,13968000000.0,52749786,4.2913,-28303094,81052880,-52749786,
301500,飞南资源,28.41,5.8495,472500000.0,11.83,15940000000.0,4092000000.0,52442023,11.0988,13385842,39056181,-52442023,
002886,沃特股份,26.95,2.0833,932850000.0,16.79,7093000000.0,5635000000.0,52365453,5.6135,14672928,37692525,-52365453,
001376,百通能源,13.93,10.0316,227030000.0,7.71,6806000000.0,2995000000.0,52237313,23.009,59657355,-7420042,-52237313,
002909,集泰股份,6.87,5.8552,454330000.0,17.52,2679000000.0,2614000000.0,52054125,11.4573,74687221,-22633096,-52054125,
300170,汉得信息,15.67,2.4183,793830000.0,5.05,16303000000.0,15580000000.0,51956479,6.545,16238149,35718330,-51956479,
002975,博杰股份,107.53,2.5463,1134260000.0,7.65,22380000000.0,14867000000.0,51624391,4.5514,33522599,18101792,-51624391,
600343,航天动力,21.04,-2.9072,1018680000.0,7.57,13428000000.0,13428000000.0,51427806,5.0485,-21359417,72787223,-51427806,
000933,神火股份,26.24,-2.1261,923960000.0,1.56,59014000000.0,58976000000.0,51374950,5.5603,3484427,47890523,-51374950,
002429,兆驰股份,8.28,1.5951,417030000.0,1.12,37483000000.0,37461000000.0,51022817,12.2348,40729871,10292946,-51022817,
002141,贤丰控股,6.75,3.8462,1027020000.0,14.84,6972000000.0,6972000000.0,50994428,4.9653,-1614681,52609109,-50994428,
600059,古越龙山,11.48,7.2897,1147510000.0,11.49,10465000000.0,10465000000.0,50934227,4.4387,24943483,25990744,-50934227,
002023,海特高新,10.02,5.5848,228140000.0,3.13,7423000000.0,7423000000.0,50722929,22.2332,16405603,34317326,-50722929,
600795,国电电力,5.25,-0.1901,594400000.0,0.63,93637000000.0,93637000000.0,50472605,8.4914,-885595,51358200,-50472605,
600143,金发科技,13.41,1.8223,351230000.0,1.0,35849000000.0,35333000000.0,50287943,14.3177,44011600,6276343,-50287943,
300829,金丹科技,25.72,20.0187,779990000.0,19.39,5846000000.0,4324000000.0,50247074,6.442,63960749,-13713675,-50247074,
002869,金溢科技,17.04,10.0065,129070000.0,4.84,3015000000.0,2700000000.0,50233304,38.9194,39312494,10920810,-50233304,
601975,招商南油,4.85,4.5259,1040110000.0,4.65,22700000000.0,22700000000.0,49973879,4.8047,27058685,22915194,-49973879,
301550,斯菱智驱,98.53,3.836,1056450000.0,5.23,33042000000.0,20304000000.0,49899002,4.7233,17452656,32446346,-49899002,
300691,联合光电,17.76,20.0,504950000.0,13.56,4778000000.0,3920000000.0,49808687,9.8641,35412170,14396517,-49808687,
603507,振江股份,26.48,9.4215,562390000.0,9.19,6327000000.0,6257000000.0,49174612,8.7439,23296404,25878208,-49174612,
600503,华丽家族,2.43,9.9548,206030000.0,5.49,3894000000.0,3894000000.0,49063617,23.8138,47205629,1857988,-49063617,
002367,康力电梯,6.28,9.9825,173780000.0,3.55,5010000000.0,4992000000.0,49052414,28.2267,43170544,5881870,-49052414,
300049,福瑞医科,49.29,2.9234,395010000.0,3.44,13012000000.0,11514000000.0,48959866,12.3946,20676009,28283857,-48959866,
002482,广田集团,1.41,5.2239,226460000.0,4.28,5289000000.0,5279000000.0,48898728,21.5927,63030717,-14131989,-48898728,
601816,京沪高铁,4.77,0.4211,466800000.0,0.2,233375000000.0,233375000000.0,48893806,10.4743,24453050,24440756,-48893806,
000425,徐工机械,7.39,-0.8054,897610000.0,1.35,86546000000.0,66496000000.0,48347422,5.3862,-12039002,60386424,-48347422,
002011,盾安环境,14.76,3.9437,651840000.0,4.2,15859000000.0,15668000000.0,48145000,7.386,23103940,25041060,-48145000,
601100,恒立液压,93.48,1.3883,948180000.0,0.75,125340000000.0,125340000000.0,48077711,5.0705,32884447,15193264,-48077711,
300693,盛弘股份,38.47,-0.5943,398980000.0,3.83,12033000000.0,10372000000.0,47853414,11.9939,29475458,18377956,-47853414,
002518,科士达,39.49,0.4579,896790000.0,4.0,22992000000.0,22318000000.0,47447154,5.2908,21581566,25865588,-47447154,
002432,九安医疗,63.78,2.6722,1044590000.0,3.55,29733000000.0,29694000000.0,47164627,4.5151,68065218,-20900591,-47164627,
002123,梦网科技,8.02,5.1114,313750000.0,5.42,6459000000.0,5779000000.0,47115420,15.0169,21391206,25724214,-47115420,
002212,天融信,7.28,2.9703,1047000000.0,12.41,8586000000.0,8495000000.0,46567058,4.4477,19466484,27100574,-46567058,
688103,国力电子,84.36,6.6768,287030000.0,3.64,8041000000.0,8041000000.0,46555708,16.2198,41883958,4671750,-46555708,
002142,宁波银行,34.89,0.6926,835180000.0,0.36,230399000000.0,230253000000.0,46146889,5.5254,21588984,24557905,-46146889,
601609,金田股份,13.26,-0.1506,545360000.0,2.37,22922000000.0,22922000000.0,46041017,8.4423,47652812,-1611795,-46041017,
002645,华宏科技,18.66,2.1346,448080000.0,3.5,14053000000.0,12693000000.0,45959290,10.2569,26457074,19502216,-45959290,
601868,中国能建,2.45,0.823,463730000.0,0.59,108388000000.0,79450000000.0,45715458,9.8582,46952226,-1236768,-45715458,
301366,一博科技,72.0,-3.2518,1420450000.0,17.07,15087000000.0,8424000000.0,45616093,3.2114,-405347,46021440,-45616093,
603881,数据港,24.64,1.9024,629340000.0,2.99,21241000000.0,21241000000.0,45393554,7.2129,30576602,14816952,-45393554,
600763,通策医疗,34.06,4.0954,375030000.0,2.51,15138000000.0,15138000000.0,45295388,12.0778,9729544,35565844,-45295388,
688059,华锐精密,90.78,2.9252,426410000.0,3.61,12708000000.0,11893000000.0,44253115,10.3781,15796650,28456465,-44253115,
000960,锡业股份,33.69,0.2679,846950000.0,1.52,55435000000.0,55435000000.0,44169021,5.2151,13672496,30496525,-44169021,
000818,航锦科技,12.37,5.4561,314420000.0,3.93,8164000000.0,8142000000.0,44117811,14.0315,14639684,29478127,-44117811,
002092,中泰化学,4.59,3.8462,212340000.0,1.84,11823000000.0,11822000000.0,43313388,20.3981,30716403,12596985,-43313388,
688168,安博通,46.71,4.7309,444140000.0,8.82,5047000000.0,5047000000.0,43144014,9.7141,16852674,26291340,-43144014,
600926,杭州银行,17.18,0.2334,698520000.0,0.56,124538000000.0,124538000000.0,43088539,6.1685,21618808,21469731,-43088539,
603087,甘李药业,71.4,3.6134,703690000.0,1.77,42657000000.0,40085000000.0,42927462,6.1003,33780984,9146478,-42927462,
300487,蓝晓科技,70.8,2.9369,475480000.0,2.17,36047000000.0,21808000000.0,42793366,9.0,16318739,26474627,-42793366,
688603,天承科技,122.3,-1.6644,701340000.0,4.58,15254000000.0,15254000000.0,42717795,6.0909,-8388915,51106710,-42717795,
300811,铂科新材,85.42,0.862,923520000.0,3.23,34837000000.0,28594000000.0,42697787,4.6234,19891317,22806470,-42697787,
300204,舒泰神,20.89,5.2393,507680000.0,5.38,11309000000.0,9477000000.0,42487982,8.369,5482249,37005733,-42487982,
300679,电连技术,46.11,1.5863,788260000.0,4.77,19588000000.0,16575000000.0,42407815,5.3799,9924139,32483676,-42407815,
000995,皇台酒业,11.92,9.9631,130220000.0,6.35,2115000000.0,2115000000.0,42164819,32.3797,39274626,2890193,-42164819,
601985,中国核电,8.91,-0.3356,508910000.0,0.3,183261000000.0,168250000000.0,41485576,8.1518,9296713,32188863,-41485576,
603950,长源东谷,60.16,-0.7425,399980000.0,2.04,19500000000.0,19484000000.0,41294946,10.3243,5201112,36093834,-41294946,
603978,深圳新星,24.68,8.1507,559650000.0,11.1,5210000000.0,5210000000.0,41235550,7.3681,14774923,26460627,-41235550,
600325,华发股份,2.73,10.0806,418250000.0,5.85,7513000000.0,7513000000.0,41166496,9.8426,27773380,13393116,-41166496,
002022,科华生物,6.17,9.9822,142870000.0,4.6,3279000000.0,3173000000.0,41149344,28.8019,45952665,-4803321,-41149344,
688315,诺禾致源,18.18,20.0,320790000.0,4.3,7567000000.0,7567000000.0,41078433,12.8054,54380777,-13302344,-41078433,
002891,中宠股份,29.65,7.5444,380260000.0,4.04,9544000000.0,9544000000.0,41004891,10.7834,7103682,33901209,-41004891,
300488,恒锋工具,38.3,3.7378,342880000.0,5.59,7324000000.0,6214000000.0,40761862,11.8881,18980131,21781731,-40761862,
000538,云南白药,51.09,0.0784,373040000.0,0.41,91158000000.0,91151000000.0,40568362,10.8751,-7467314,48035676,-40568362,
300323,华灿光电,12.03,5.0655,906780000.0,8.52,19525000000.0,10721000000.0,40309343,4.4453,28556194,11753149,-40309343,
300404,博济医药,14.37,7.2388,938370000.0,23.21,5543000000.0,4103000000.0,40153191,4.279,30400113,9753078,-40153191,
600760,中航沈飞,45.0,2.5057,699190000.0,0.55,127572000000.0,127330000000.0,40153173,5.7428,9620893,30532280,-40153173,
603738,泰晶科技,38.57,1.7947,945680000.0,6.37,14884000000.0,14884000000.0,40150935,4.2457,6024830,34126105,-40150935,
003026,中晶科技,37.89,1.8548,1726650000.0,32.55,7183000000.0,5462000000.0,40129980,2.3242,634252,39495728,-40129980,
600958,东方证券,8.94,1.2458,319700000.0,0.48,75960000000.0,66777000000.0,40125307,12.5509,31162252,8963055,-40125307,
002785,万里石,42.2,7.1338,539210000.0,6.68,9563000000.0,8199000000.0,40110113,7.4387,9352671,30757442,-40110113,
603289,泰瑞机器,10.51,10.0524,182380000.0,5.97,3084000000.0,3084000000.0,40040600,21.9545,37737914,2302686,-40040600,
002422,科伦药业,42.48,6.8142,1555690000.0,2.86,67576000000.0,55163000000.0,40038537,2.5737,68562473,-28523936,-40038537,
300939,秋田微,98.55,3.237,694960000.0,5.92,11826000000.0,11826000000.0,39895440,5.7407,14946929,24948511,-39895440,
002129,TCL中环,9.02,2.8506,626110000.0,1.74,36469000000.0,36437000000.0,39828797,6.3613,72061962,-32233165,-39828797,
300766,每日互动,22.34,2.0091,372680000.0,4.67,8819000000.0,7996000000.0,39824315,10.6859,30321404,9502911,-39824315,
301171,易点天下,34.77,0.7826,1694520000.0,9.74,21506000000.0,17451000000.0,39660706,2.3405,38080530,1580176,-39660706,
688026,洁特生物,25.22,19.981,398050000.0,11.48,3540000000.0,3540000000.0,39583177,9.9443,38156603,1426574,-39583177,
000035,中国天楹,5.05,5.87,236290000.0,2.05,12060000000.0,11681000000.0,39495738,16.7149,11233880,28261858,-39495738,
002290,禾盛新材,70.77,5.2812,836640000.0,4.79,17559000000.0,17503000000.0,39459834,4.7165,26771072,12688762,-39459834,
601668,中国建筑,4.31,0.7009,987200000.0,0.56,178091000000.0,178091000000.0,39170170,3.9678,23629402,15540768,-39170170,
300474,景嘉微,52.23,2.0715,529360000.0,2.51,27296000000.0,21230000000.0,39071616,7.3809,38599637,471979,-39071616,
603773,沃格光电,95.96,1.9766,2982070000.0,13.61,21560000000.0,21560000000.0,39045936,1.3094,-37397968,76443904,-39045936,
301498,乖宝宠物,41.27,11.0005,445510000.0,5.88,16528000000.0,7823000000.0,39029659,8.7607,-969842,39999501,-39029659,
688790,昂瑞微-UW,105.63,2.6032,458650000.0,22.25,10514000000.0,2103000000.0,38967095,8.496,15724875,23242220,-38967095,
600488,津药药业,6.29,3.1148,775460000.0,11.33,6868000000.0,6868000000.0,38811608,5.005,16832332,21979276,-38811608,
300201,海伦哲,13.58,2.8009,454580000.0,3.36,13703000000.0,13630000000.0,38761256,8.5268,8498861,30262395,-38761256,
600992,贵绳股份,10.57,9.9896,159860000.0,6.28,2591000000.0,2591000000.0,38482529,24.0726,24526401,13956128,-38482529,
000776,广发证券,20.98,0.9139,916910000.0,0.75,164165000000.0,123867000000.0,38384781,4.1863,-6354292,44739073,-38384781,
301566,达利凯普,28.02,4.5913,1200540000.0,19.71,11208000000.0,6050000000.0,38107820,3.1742,10323532,27784288,-38107820,
003031,中瓷电子,136.95,1.0701,1669960000.0,2.7,61772000000.0,61772000000.0,38013935,2.2763,40156095,-2142160,-38013935,
000712,锦龙股份,10.35,3.5,801210000.0,8.78,9274000000.0,9271000000.0,37924473,4.7334,31446571,6477902,-37924473,
000711,京蓝科技,5.07,3.681,608260000.0,5.11,14974000000.0,11950000000.0,37873108,6.2265,40954897,-3081789,-37873108,
601567,三星电气,14.58,2.1724,354410000.0,1.74,20488000000.0,20488000000.0,37802633,10.6664,9191729,28610904,-37802633,
601012,隆基绿能,11.36,1.1576,714350000.0,0.84,86087000000.0,86087000000.0,37688861,5.276,35037233,2651628,-37688861,
300401,花园生物,16.81,2.1884,393690000.0,4.41,9158000000.0,9011000000.0,37641321,9.5612,18840497,18800824,-37641321,
600894,广日股份,7.92,10.0,144020000.0,2.2,6710000000.0,6678000000.0,37331636,25.9211,30407971,6923665,-37331636,
002128,电投能源,27.5,-0.5785,523550000.0,0.84,85978000000.0,61643000000.0,37192750,7.104,10268010,26924740,-37192750,
002412,汉森制药,9.62,6.4159,802050000.0,16.99,4841000000.0,4789000000.0,36872075,4.5972,14386671,22485404,-36872075,
000620,盈新发展,3.27,2.1875,1080020000.0,7.12,19201000000.0,15277000000.0,36582381,3.3872,26445141,10137240,-36582381,
301188,力诺药包,35.9,4.7869,748880000.0,7.88,9605000000.0,9605000000.0,36316214,4.8494,-1189945,37506159,-36316214,
603186,华正新材,231.7,2.1695,3602230000.0,9.93,36328000000.0,36328000000.0,36233648,1.0059,43509408,-7275760,-36233648,
601229,上海银行,9.54,-0.2092,337730000.0,0.25,135554000000.0,135554000000.0,36081558,10.6836,9865700,26215858,-36081558,
300339,润和软件,35.14,1.0641,515600000.0,1.9,27986000000.0,27328000000.0,36073839,6.9965,20184777,15889062,-36073839,
601933,永辉超市,3.08,0.9836,383350000.0,1.4,27489000000.0,27489000000.0,35994159,9.3894,47189450,-11195291,-35994159,
600674,川投能源,15.91,0.9518,423120000.0,0.55,77555000000.0,77555000000.0,35869512,8.4774,5921251,29948261,-35869512,
002165,红宝丽,7.34,3.966,474960000.0,9.01,5397000000.0,5342000000.0,35592852,7.4939,11006409,24586443,-35592852,
600961,株冶集团,25.01,-1.9216,662050000.0,2.45,26833000000.0,26833000000.0,35353086,5.3399,-10452280,45805366,-35353086,
000815,美利云,15.85,1.9293,762190000.0,6.94,11020000000.0,11020000000.0,35213384,4.62,28339292,6874092,-35213384,
600585,海螺水泥,17.25,1.3514,343570000.0,0.51,91029000000.0,68611000000.0,35095152,10.2148,7193200,27901952,-35095152,
600452,涪陵电力,9.18,0.7684,340150000.0,2.44,14105000000.0,14105000000.0,34930712,10.2692,22511895,12418817,-34930712,
301189,奥尼电子,71.6,5.5269,542270000.0,4.83,11717000000.0,11309000000.0,34853803,6.4274,3154097,31699706,-34853803,
002437,誉衡药业,3.74,7.781,1867510000.0,24.14,8340000000.0,7864000000.0,34703023,1.8583,66031215,-31328192,-34703023,
002622,皓宸医疗,2.72,10.1215,119650000.0,5.44,2285000000.0,2285000000.0,34632929,28.9452,33555581,1077348,-34632929,
688796,百奥赛图,138.0,2.778,527910000.0,10.05,61672000000.0,5328000000.0,34580006,6.5504,27244240,7335766,-34580006,
600183,生益科技,146.27,1.6258,9839620000.0,2.78,355290000000.0,352767000000.0,34544288,0.3511,119504096,-84959808,-34544288,
600644,乐山电力,9.97,1.9427,423500000.0,7.4,5766000000.0,5766000000.0,34475722,8.1407,13873758,20601964,-34475722,
003041,真爱美家,43.24,2.9034,272490000.0,4.67,6227000000.0,5916000000.0,34349460,12.6058,9474676,24874784,-34349460,
000607,华媒控股,4.53,9.9515,104620000.0,2.61,4610000000.0,4009000000.0,34263175,32.7501,43151941,-8888766,-34263175,
600521,华海药业,16.66,3.2218,578690000.0,2.34,24944000000.0,24944000000.0,34243934,5.9175,4487961,29755973,-34243934,
002885,京泉华,29.12,2.1754,493430000.0,7.2,7889000000.0,6931000000.0,34038829,6.8984,18538683,15500146,-34038829,
600063,皖维高新,5.66,2.7223,308170000.0,2.62,11711000000.0,11711000000.0,33596988,10.9021,26051842,7545146,-33596988,
300008,天海防务,6.61,2.4806,449430000.0,3.98,11422000000.0,11419000000.0,33583911,7.4726,26390410,7193501,-33583911,
001201,东瑞股份,16.08,9.9863,260700000.0,7.89,4145000000.0,3417000000.0,33528746,12.861,27004850,6523896,-33528746,
000568,泸州老窖,72.2,0.3893,651140000.0,0.61,106271000000.0,106211000000.0,33437056,5.1352,26229286,7207770,-33437056,
688478,晶升股份,48.99,1.8291,333970000.0,4.96,6779000000.0,6779000000.0,33423426,10.0079,18892368,14531058,-33423426,
600438,通威股份,11.59,2.1145,313040000.0,0.61,52178000000.0,52178000000.0,33405663,10.6714,8727853,24677810,-33405663,
002192,融捷股份,62.28,2.4511,907050000.0,5.62,16171000000.0,16138000000.0,33327460,3.6743,21922965,11404495,-33327460,
601838,成都银行,19.12,-0.1045,505930000.0,0.62,81039000000.0,81039000000.0,33078087,6.5381,-6962821,40040908,-33078087,
688068,热景生物,96.09,8.8715,416200000.0,4.77,8913000000.0,8913000000.0,33072494,7.9463,16137269,16935225,-33072494,
300999,金龙鱼,25.15,0.6,299740000.0,2.21,136353000000.0,13648000000.0,33065660,11.0314,-1581228,34646888,-33065660,
688181,八亿时空,47.09,3.6084,508430000.0,8.16,6264000000.0,6264000000.0,32980525,6.4867,-3840117,36820642,-32980525,
000020,深华发Ａ,14.26,10.0309,184250000.0,7.41,4038000000.0,2583000000.0,32976689,17.8978,26242151,6734538,-32976689,
300315,掌趣科技,4.08,1.7456,251960000.0,2.29,11047000000.0,11047000000.0,32961524,13.082,18912175,14049349,-32961524,
601187,厦门银行,6.88,0.0,175330000.0,0.98,18157000000.0,18118000000.0,32722581,18.6634,16160745,16561836,-32722581,
002145,钛能化学,4.85,5.4348,601150000.0,3.32,18462000000.0,18461000000.0,32638851,5.4294,44951686,-12312835,-32638851,
600155,华创云信,6.23,4.1806,334760000.0,2.48,13601000000.0,13601000000.0,32595917,9.7371,33821119,-1225202,-32595917,
300368,汇金股份,9.63,4.2208,538170000.0,10.77,5094000000.0,5094000000.0,32529065,6.0444,10168752,22360313,-32529065,
600267,海正药业,11.87,4.3058,430490000.0,3.1,14010000000.0,14010000000.0,32450269,7.538,36560980,-4110711,-32450269,
002759,ST天际,15.28,5.8172,359630000.0,4.75,7661000000.0,7656000000.0,32169843,8.9453,14833571,17336272,-32169843,
001211,双枪科技,26.25,1.4297,309510000.0,12.86,2625000000.0,2450000000.0,31987353,10.3348,22791428,9195925,-31987353,
600281,华阳新材,4.98,9.9338,72600000.0,2.9,2562000000.0,2562000000.0,31839906,43.8566,33188996,-1349090,-31839906,
605196,华通线缆,34.62,10.0095,608720000.0,3.55,17690000000.0,17564000000.0,31787800,5.2221,36555452,-4767652,-31787800,
300473,德尔股份,34.8,14.2857,700590000.0,13.88,6009000000.0,5329000000.0,31626160,4.5142,-15781408,47407568,-31626160,
300133,华策影视,7.41,3.3473,568390000.0,4.65,13892000000.0,12330000000.0,31550599,5.5509,6497882,25052717,-31550599,
000564,供销大集,1.55,1.9737,424510000.0,1.83,27990000000.0,23397000000.0,31525325,7.4263,18034629,13490696,-31525325,
002963,豪尔赛,22.62,10.0195,211360000.0,6.5,3401000000.0,3378000000.0,31459198,14.8842,46760207,-15301009,-31459198,
688456,有研粉材,77.29,1.2312,518620000.0,6.47,8012000000.0,8012000000.0,31240227,6.0237,-5089023,36329250,-31240227,
601369,陕鼓动力,9.04,0.2217,332270000.0,2.15,15565000000.0,15424000000.0,31218748,9.3956,37871657,-6652909,-31218748,
600025,华能水电,9.66,-0.2066,276050000.0,0.15,179976000000.0,179976000000.0,30817547,11.1638,-6454993,37272540,-30817547,
000065,北方国际,10.17,3.9877,257990000.0,2.41,11812000000.0,10831000000.0,30776533,11.9294,21043594,9732939,-30776533,
600640,国脉文化,12.54,3.9801,649920000.0,6.57,9926000000.0,9926000000.0,30754510,4.732,-1580566,32335076,-30754510,
300042,朗科科技,40.72,1.4955,424020000.0,5.22,8160000000.0,8160000000.0,30726466,7.2465,7661578,23064888,-30726466,
600303,曙光股份,3.14,5.3691,203310000.0,9.48,2147000000.0,2127000000.0,30699369,15.0998,26425785,4273584,-30699369,
301682,宏明电子,119.97,5.831,450770000.0,14.59,14582000000.0,3082000000.0,30599116,6.7882,22184083,8415033,-30599116,
600815,厦工股份,3.81,4.9587,249560000.0,3.77,6759000000.0,6759000000.0,30594345,12.2593,31621135,-1026790,-30594345,
002522,浙江众成,6.25,2.6273,598640000.0,10.82,5661000000.0,5658000000.0,30542164,5.1019,22462344,8079820,-30542164,
300896,爱美客,93.84,4.8843,433180000.0,2.14,28395000000.0,20740000000.0,30510151,7.0433,5017392,25492759,-30510151,
000830,鲁西化工,11.98,1.9574,271270000.0,1.2,22814000000.0,22812000000.0,30489430,11.2395,14648411,15841019,-30489430,
000786,北新建材,16.27,2.1343,297610000.0,1.09,27695000000.0,27488000000.0,30398674,10.2143,5657370,24741304,-30398674,
600835,上海机电,18.66,4.9494,265410000.0,1.76,18796000000.0,15049000000.0,30066411,11.3283,5330200,24736211,-30066411,
000811,冰轮环境,40.03,-3.5886,2379980000.0,5.98,39729000000.0,39437000000.0,30038137,1.2621,-66432279,96470416,-30038137,
002670,国盛证券,11.88,1.6253,261440000.0,1.37,22989000000.0,19285000000.0,29986468,11.4697,21490857,8495611,-29986468,
002990,盛视科技,52.13,3.597,562960000.0,7.8,13647000000.0,7195000000.0,29947279,5.3196,10834590,19112689,-29947279,
002812,恩捷股份,48.19,-0.8028,569930000.0,1.43,47290000000.0,39642000000.0,29927677,5.2511,14699242,15228435,-29927677,
688507,索辰科技,147.08,1.1972,497260000.0,6.86,13106000000.0,7242000000.0,29702525,5.9732,13615065,16087460,-29702525,
601136,首创证券,14.51,2.1112,223210000.0,0.57,39661000000.0,39661000000.0,29486047,13.21,5536372,23949675,-29486047,
002879,长缆科技,16.83,2.1858,136710000.0,5.96,3250000000.0,2308000000.0,29461504,21.5504,12646404,16815100,-29461504,
002614,奥佳华,6.25,10.0352,68860000.0,2.5,3898000000.0,2758000000.0,29133771,42.3087,30398356,-1264585,-29133771,
605499,东鹏饮料,113.18,1.4703,353040000.0,0.46,83097000000.0,76512000000.0,29042491,8.2264,11533552,17508939,-29042491,
002667,*ST威领,21.82,9.9798,417930000.0,8.49,5686000000.0,5163000000.0,28947722,6.9265,1138983,27808739,-28947722,
603220,中贝通信,18.66,2.1906,327850000.0,3.29,10008000000.0,10008000000.0,28923269,8.8221,9473347,19449922,-28923269,
600871,石化油服,2.25,3.6866,311910000.0,1.04,42653000000.0,30481000000.0,28880812,9.2593,14022289,14858523,-28880812,
601929,吉视传媒,2.46,2.0747,258880000.0,3.03,8585000000.0,8585000000.0,28587841,11.0429,26573815,2014026,-28587841,
600546,山煤国际,13.61,1.643,270570000.0,1.02,26981000000.0,26981000000.0,28364047,10.4831,14578404,13785643,-28364047,
300016,北陆药业,8.67,4.4578,285030000.0,5.91,5043000000.0,4874000000.0,28079049,9.8513,16245034,11834015,-28079049,
002421,达实智能,3.24,2.2082,328870000.0,5.02,6871000000.0,6597000000.0,28024226,8.5214,14231962,13792264,-28024226,
002239,奥特佳,2.52,1.2048,130990000.0,1.59,8854000000.0,8231000000.0,28002061,21.3773,15258327,12743734,-28002061,
605566,福莱蒽特,30.44,10.0108,193720000.0,4.94,4059000000.0,4059000000.0,27984558,14.4459,28798923,-814365,-27984558,
688800,瑞可达,69.87,0.7934,638220000.0,3.16,20150000000.0,20150000000.0,27891231,4.3702,-3749865,31641096,-27891231,
600606,绿地控股,1.6,10.3448,847490000.0,3.96,22487000000.0,22487000000.0,27613180,3.2582,70439098,-42825918,-27613180,
300779,惠城环保,54.99,1.2521,293490000.0,2.36,16349000000.0,12492000000.0,27564352,9.3919,17045629,10518723,-27564352,
688498,源杰科技,1838.56,0.194,5328730000.0,2.36,228901000000.0,225945000000.0,27540768,0.5168,-324101888,351642656,-27540768,
600199,金种子酒,7.32,4.4223,164410000.0,3.46,4815000000.0,4815000000.0,27513310,16.7346,10149009,17364301,-27513310,
603175,超颖电子,110.17,10.005,359790000.0,7.48,48148000000.0,5010000000.0,27496776,7.6425,33790641,-6293865,-27496776,
688265,南模生物,48.6,8.5306,216050000.0,5.8,3789000000.0,3789000000.0,27399061,12.6818,24861247,2537814,-27399061,
300491,通合科技,36.9,-3.0478,500970000.0,8.62,6556000000.0,5816000000.0,27392892,5.468,7776751,19616141,-27392892,
603016,新宏泰,32.57,6.857,325230000.0,6.88,4826000000.0,4826000000.0,27386021,8.4205,14587416,12798605,-27386021,
600518,康美药业,1.38,2.2222,204570000.0,1.08,19084000000.0,19075000000.0,27258045,13.3246,29241662,-1983617,-27258045,
300795,米奥会展,12.75,5.7214,289640000.0,13.15,3811000000.0,2221000000.0,27066929,9.345,6533697,20533232,-27066929,
603500,祥和实业,9.84,7.1895,163420000.0,5.08,3275000000.0,3273000000.0,27045022,16.5494,2454021,24591001,-27045022,
688625,呈和科技,71.72,1.4427,526630000.0,2.82,18623000000.0,18623000000.0,26950444,5.1175,16424642,10525802,-26950444,
002657,中科金财,15.89,6.43,238920000.0,4.56,5392000000.0,5341000000.0,26769468,11.2044,1599986,25169482,-26769468,
002517,恺英网络,16.78,1.0235,661630000.0,2.11,35850000000.0,31534000000.0,26620090,4.0234,3155555,23464535,-26620090,
002624,完美世界,10.02,0.5015,370440000.0,2.03,19438000000.0,18314000000.0,26615106,7.1847,19112664,7502442,-26615106,
601088,中国神华,46.8,1.233,796260000.0,0.1,1015066000000.0,771781000000.0,26610454,3.3419,-6290320,32900774,-26610454,
300959,线上线下,98.21,6.7268,371590000.0,6.46,7893000000.0,5828000000.0,26418984,7.1097,10398438,16020546,-26418984,
301232,飞沃科技,94.25,1.2352,276460000.0,4.69,9923000000.0,5899000000.0,26407143,9.5519,8730519,17676624,-26407143,
600733,北汽蓝谷,4.65,2.4229,438370000.0,1.57,29607000000.0,28109000000.0,26323994,6.005,43602789,-17278795,-26323994,
300737,科顺股份,5.05,8.137,324000000.0,7.38,5607000000.0,4480000000.0,26135855,8.0666,22865371,3270484,-26135855,
002284,亚太股份,9.9,3.5565,261090000.0,3.62,7317000000.0,7249000000.0,26108662,9.9999,4816128,21292534,-26108662,
001287,中电港,25.2,2.8152,646240000.0,3.4,19149000000.0,19149000000.0,26074182,4.0348,32550045,-6475863,-26074182,
002046,国机精工,64.62,0.6072,1033260000.0,2.99,34649000000.0,34252000000.0,26052003,2.5213,-11145837,37197840,-26052003,
001339,智微智能,80.41,0.2743,490550000.0,3.74,26297000000.0,13018000000.0,26009520,5.3021,6141387,19868133,-26009520,
688710,益诺思,95.6,0.7164,284620000.0,3.23,13478000000.0,8839000000.0,25958978,9.1206,9880361,16078617,-25958978,
688561,奇安信-U,28.94,4.1757,371310000.0,1.89,19744000000.0,19744000000.0,25900005,6.9753,7678245,18221760,-25900005,
601169,北京银行,5.54,0.0,857950000.0,0.74,117132000000.0,117132000000.0,25883044,3.0168,106526954,-80643910,-25883044,
000166,申万宏源,4.47,1.5909,274960000.0,0.27,111929000000.0,100734000000.0,25831398,9.3946,5738069,20093329,-25831398,
000973,佛塑科技,12.21,1.9199,438910000.0,3.56,30015000000.0,12353000000.0,25801169,5.8785,23631059,2170110,-25801169,
002240,盛新锂能,27.46,1.2537,521500000.0,2.08,25134000000.0,25066000000.0,25734848,4.9348,7719838,18015010,-25734848,
600446,金证股份,11.01,5.0573,288610000.0,2.82,10363000000.0,10363000000.0,25724049,8.9131,27520977,-1796928,-25724049,
601858,中国科传,20.86,3.0632,209090000.0,1.28,16490000000.0,16490000000.0,25698416,12.2906,278757,25419659,-25698416,
601579,会稽山,36.12,9.9878,1178540000.0,7.19,17318000000.0,17318000000.0,25692165,2.18,13659207,12032958,-25692165,
688717,艾罗能源,43.73,-0.884,257120000.0,5.93,6997000000.0,4331000000.0,25658199,9.9791,326199,25332000,-25658199,
002713,东易日盛,11.05,1.1905,398250000.0,6.9,10513000000.0,5791000000.0,25622366,6.4337,8680471,16941895,-25622366,
002164,宁波东力,11.1,5.8151,202720000.0,3.87,5907000000.0,5326000000.0,25598116,12.6273,15670023,9928093,-25598116,
300086,康芝药业,5.73,-8.6124,459140000.0,18.31,2608000000.0,2525000000.0,25527662,5.5599,-167196,25694858,-25527662,
000882,华联股份,1.64,3.7975,243040000.0,5.5,4489000000.0,4486000000.0,25465983,10.4781,24564881,901102,-25465983,
002439,启明星辰,14.13,1.8012,385450000.0,3.76,17117000000.0,10295000000.0,25450193,6.6027,30932480,-5482287,-25450193,
688610,埃科光电,169.01,-0.7517,264030000.0,3.73,11493000000.0,6918000000.0,25387195,9.6153,5931248,19455947,-25387195,
600308,华泰股份,3.42,6.2112,136750000.0,2.63,5188000000.0,5188000000.0,25354784,18.541,24828396,526388,-25354784,
600170,上海建工,2.25,1.81,368970000.0,1.86,19993000000.0,19993000000.0,25289716,6.8541,29461953,-4172237,-25289716,
301305,朗坤科技,26.85,3.3487,244260000.0,7.33,6497000000.0,3339000000.0,25277066,10.3484,4340843,20936223,-25277066,
002607,中公教育,1.94,2.1053,287920000.0,2.62,11965000000.0,11097000000.0,25248481,8.7693,17787177,7461304,-25248481,
300370,安控科技,2.25,7.6555,159480000.0,4.58,3522000000.0,3513000000.0,25148097,15.7688,0,25148097,-25148097,
688047,龙芯中科,104.58,1.4257,360570000.0,0.86,41937000000.0,41937000000.0,25136762,6.9714,23850904,1285858,-25136762,
600345,长江通信,54.7,0.3854,559920000.0,4.84,18030000000.0,11572000000.0,25081284,4.4794,22414625,2666659,-25081284,
002410,广联达,8.6,2.381,170870000.0,1.26,14207000000.0,13658000000.0,24972398,14.6149,19971129,5001269,-24972398,
001258,立新能源,11.21,1.5399,511720000.0,4.92,10463000000.0,10463000000.0,24959996,4.8777,9352028,15607968,-24959996,
601126,四方股份,40.58,-1.0244,756170000.0,2.26,33806000000.0,33482000000.0,24958306,3.3006,-22447801,47406107,-24958306,
603077,和邦生物,2.29,1.3274,328480000.0,1.63,20225000000.0,20225000000.0,24849950,7.5651,4467291,20382659,-24849950,
000510,新金路,18.53,-0.3763,787150000.0,6.99,12018000000.0,11247000000.0,24846995,3.1566,-7971820,32818815,-24846995,
001234,泰慕士,26.59,10.0124,87860000.0,3.68,2887000000.0,2434000000.0,24786795,28.2117,26842466,-2055671,-24786795,
002845,同兴达,14.49,3.5,169870000.0,4.73,4746000000.0,3626000000.0,24760893,14.5764,8691261,16069632,-24760893,
605289,罗曼股份,102.71,-2.2926,352120000.0,2.23,15675000000.0,15662000000.0,24695375,7.0133,-2758436,27453811,-24695375,
300253,卫宁健康,6.96,2.9586,338450000.0,2.64,15321000000.0,12908000000.0,24665207,7.2877,32997484,-8332277,-24665207,
603466,风语筑,12.9,2.4623,739330000.0,9.66,7673000000.0,7673000000.0,24649984,3.3341,-2716196,27366180,-24649984,
000963,华东医药,26.76,2.5287,480800000.0,1.03,46930000000.0,46911000000.0,24600640,5.1166,14414194,10186446,-24600640,
603583,捷昌驱动,28.01,4.5539,227300000.0,2.14,10805000000.0,10736000000.0,24593056,10.8196,13883899,10709157,-24593056,
301357,北方长龙,100.72,2.7965,465530000.0,7.51,9589000000.0,6263000000.0,24462933,5.2549,1386865,23076068,-24462933,
601133,XD柏诚股,25.79,-0.6166,611940000.0,4.53,13570000000.0,13524000000.0,24345664,3.9784,3009594,21336070,-24345664,
301520,万邦医药,82.38,14.2897,1374340000.0,53.97,7675000000.0,2694000000.0,24263106,1.7654,8201554,16061552,-24263106,
001282,三联锻造,16.4,5.3308,155430000.0,6.14,3644000000.0,2505000000.0,24252588,15.6035,23181069,1071519,-24252588,
002578,闽发铝业,4.21,6.8528,116070000.0,3.26,3952000000.0,3625000000.0,24164295,20.8187,9330932,14833363,-24164295,
002918,蒙娜丽莎,11.31,1.8919,230890000.0,9.59,4624000000.0,2423000000.0,24092702,10.4347,143477,23949225,-24092702,
300259,新天科技,4.25,7.0529,326350000.0,6.65,4909000000.0,4908000000.0,24000751,7.3543,9795268,14205483,-24000751,
600675,中华企业,2.45,6.0606,278780000.0,1.91,14813000000.0,14813000000.0,23990000,8.6054,28056820,-4066820,-23990000,
603538,美诺华,27.9,4.8478,1435630000.0,15.39,9484000000.0,9400000000.0,23975238,1.67,-5124282,29099520,-23975238,
000917,电广传媒,7.03,3.5346,179480000.0,1.82,9965000000.0,9965000000.0,23895195,13.3136,13758006,10137189,-23895195,
002647,仁东控股,11.33,4.0404,314540000.0,2.76,12890000000.0,11503000000.0,23872658,7.5897,29451890,-5579232,-23872658,
601997,贵阳银行,5.56,-0.3584,195490000.0,0.96,20328000000.0,20328000000.0,23855610,12.203,23533495,322115,-23855610,
600383,金地集团,2.47,9.7778,895000000.0,8.26,11151000000.0,11151000000.0,23828456,2.6624,23844710,-16254,-23828456,
600036,招商银行,41.04,1.1086,2208230000.0,0.26,1035022000000.0,846612000000.0,23787066,1.0772,-39425798,63212864,-23787066,
603402,陕西旅游,64.54,0.5453,322280000.0,19.81,6488000000.0,1622000000.0,23777641,7.3779,15209021,8568620,-23777641,
300684,中石科技,99.77,1.9205,1390070000.0,6.79,29882000000.0,20410000000.0,23698089,1.7048,42919225,-19221136,-23698089,
000729,燕京啤酒,11.05,2.6952,319740000.0,1.17,31145000000.0,27731000000.0,23669507,7.4027,21184022,2485485,-23669507,
688221,前沿生物-U,17.33,5.4136,360630000.0,5.62,6491000000.0,6491000000.0,23651395,6.5584,4849327,18802068,-23651395,
688169,石头科技,118.6,0.0,542500000.0,1.75,30785000000.0,30785000000.0,23534012,4.3381,11609704,11924308,-23534012,
603345,安井食品,80.91,1.7992,600100000.0,2.54,26966000000.0,23730000000.0,23527489,3.9206,16873214,6654275,-23527489,
688019,安集科技,232.9,-0.8092,1101430000.0,2.07,53184000000.0,53184000000.0,23499558,2.1335,-6259498,29759056,-23499558,
688700,东威科技,64.68,-0.7671,620500000.0,3.19,19301000000.0,19301000000.0,23490430,3.7857,282856,23207574,-23490430,
600857,宁波中百,23.41,10.0094,185120000.0,3.68,5251000000.0,5251000000.0,23484022,12.6858,23965708,-481686,-23484022,
002632,道明光学,10.03,5.1363,391720000.0,6.88,6265000000.0,5762000000.0,23471156,5.9918,33187651,-9716495,-23471156,
002444,巨星科技,28.55,2.0737,293380000.0,0.9,34102000000.0,32751000000.0,23445360,7.9915,-18426610,41871970,-23445360,
300130,新国都,18.33,3.3258,193580000.0,2.45,10399000000.0,7965000000.0,23376920,12.0761,4390531,18986389,-23376920,
601818,光大银行,3.02,0.0,503610000.0,0.36,178438000000.0,140149000000.0,23283075,4.6232,30651896,-7368821,-23283075,
300302,同有科技,29.19,1.8137,577420000.0,5.33,13990000000.0,10847000000.0,23233383,4.0237,12230029,11003354,-23233383,
000301,东方盛虹,13.9,1.6082,277900000.0,0.3,91896000000.0,91856000000.0,23180108,8.3412,316750,22863358,-23180108,
605068,明新旭腾,20.97,8.0371,228360000.0,6.74,3401000000.0,3401000000.0,23155368,10.1399,6592528,16562840,-23155368,
002943,宇晶股份,31.06,2.4406,230110000.0,3.95,8288000000.0,5866000000.0,23060805,10.0216,3546983,19513822,-23060805,
601728,中国电信,6.16,-0.4847,442040000.0,0.09,563684000000.0,478199000000.0,22978746,5.1983,-9958484,32937230,-22978746,
000727,冠捷科技,2.29,2.2321,166610000.0,1.62,10373000000.0,10373000000.0,22957637,13.7793,23023891,-66254,-22957637,
300137,先河环保,11.59,0.7826,397000000.0,6.55,6219000000.0,6118000000.0,22871409,5.7611,-1196624,24068033,-22871409,
000509,华塑控股,3.8,0.7958,441800000.0,10.96,4078000000.0,4078000000.0,22852487,5.1726,-4392924,27245411,-22852487,
688416,恒烁股份,80.75,-0.4684,445730000.0,5.07,8711000000.0,8711000000.0,22814953,5.1186,14680840,8134113,-22814953,
600436,片仔癀,121.02,2.2906,294660000.0,0.41,73013000000.0,73013000000.0,22756143,7.7228,3484154,19271989,-22756143,
301282,金禄电子,45.75,0.882,509970000.0,6.29,9650000000.0,8078000000.0,22747415,4.4605,-7272117,30019532,-22747415,
301302,华如科技,22.46,6.9015,300400000.0,9.57,3501000000.0,3122000000.0,22697106,7.5556,7635652,15061454,-22697106,
002029,七匹狼,9.16,1.7778,373670000.0,6.13,6458000000.0,6095000000.0,22645183,6.0602,12889669,9755514,-22645183,
301196,唯科科技,93.1,0.998,536470000.0,5.35,15288000000.0,10036000000.0,22561506,4.2055,1394365,21167141,-22561506,
000651,格力电器,38.0,-1.4523,1862620000.0,0.89,212853000000.0,209490000000.0,22553855,1.2109,21481855,1072000,-22553855,
301087,可孚医疗,55.14,4.4318,181710000.0,1.72,13007000000.0,10697000000.0,22520411,12.3936,19610875,2909536,-22520411,
601336,新华保险,58.54,0.6188,599850000.0,0.49,182618000000.0,122082000000.0,22517584,3.7539,1514544,21003040,-22517584,
603258,电魂网络,14.19,10.0,65390000.0,1.96,3445000000.0,3425000000.0,22477484,34.3745,18718435,3759049,-22477484,
002167,东方锆业,16.76,3.1385,850680000.0,6.71,12984000000.0,12774000000.0,22465327,2.6409,5423847,17041480,-22465327,
002648,卫星化学,27.23,2.33,850880000.0,0.94,91728000000.0,91669000000.0,22453058,2.6388,31972634,-9519576,-22453058,
300164,通源石油,9.58,3.9046,878100000.0,16.09,5637000000.0,5587000000.0,22436187,2.5551,27423235,-4987048,-22436187,
601011,宝泰隆,3.01,3.7931,131800000.0,2.33,5766000000.0,5766000000.0,22383578,16.983,23933418,-1549840,-22383578,
301099,雅创电子,53.8,1.0139,526610000.0,8.49,10164000000.0,6186000000.0,22352877,4.2447,6952534,15400343,-22352877,
300001,特锐德,32.5,0.0,291320000.0,0.87,34298000000.0,33513000000.0,22266976,7.6435,853939,21413037,-22266976,
300911,亿田智能,32.73,2.4413,446040000.0,7.97,6001000000.0,5608000000.0,22195314,4.9761,-3513676,25708990,-22195314,
603819,神力股份,17.33,10.0317,140340000.0,3.81,3773000000.0,3773000000.0,22156967,15.7881,24315063,-2158096,-22156967,
300563,神宇股份,28.11,4.034,399540000.0,11.36,5120000000.0,3562000000.0,22134001,5.5399,-878930,23012931,-22134001,
000547,航天发展,15.02,0.6028,752930000.0,3.15,24009000000.0,23869000000.0,22095133,2.9346,978869,21116264,-22095133,
002673,西部证券,6.82,1.037,165030000.0,0.54,30483000000.0,30483000000.0,22087762,13.3841,18343005,3744757,-22087762,
600986,浙文互联,7.19,1.2676,227910000.0,2.14,10694000000.0,10694000000.0,22067163,9.6824,13692625,8374538,-22067163,
000892,欢瑞世纪,4.73,5.3452,586440000.0,17.59,4640000000.0,3362000000.0,22048991,3.7598,10480778,11568213,-22048991,
600967,内蒙一机,13.86,2.2124,953040000.0,4.08,23587000000.0,23587000000.0,22036274,2.3122,-13934360,35970634,-22036274,
601998,中信银行,8.93,-0.3348,392030000.0,0.11,496911000000.0,364014000000.0,21937083,5.5958,8163949,13773134,-21937083,
301326,捷邦科技,110.73,1.7739,205550000.0,2.6,8051000000.0,7981000000.0,21923424,10.6657,10478387,11445037,-21923424,
300109,新开源,13.28,2.9457,181410000.0,2.63,7661000000.0,6917000000.0,21879858,12.061,863371,21016487,-21879858,
300720,海川智能,62.16,0.8436,433700000.0,3.78,12114000000.0,11446000000.0,21845671,5.037,9461191,12384480,-21845671,
002927,泰永长征,20.51,5.4499,398510000.0,8.92,4578000000.0,4527000000.0,21829130,5.4777,10775015,11054115,-21829130,
301369,联动科技,136.3,-1.4817,280200000.0,3.72,13955000000.0,7477000000.0,21815022,7.7855,2400701,19414321,-21815022,
002400,省广集团,6.64,1.374,291750000.0,2.55,11576000000.0,11462000000.0,21811994,7.4763,29115884,-7303890,-21811994,
000796,凯撒旅业,3.86,4.0431,219380000.0,4.35,6191000000.0,5137000000.0,21743361,9.9113,17851689,3891672,-21743361,
002560,通达股份,7.48,1.4925,651290000.0,13.9,5500000000.0,4737000000.0,21707987,3.3331,43912106,-22204119,-21707987,
002795,永和智控,8.04,9.9863,381140000.0,11.26,3551000000.0,3489000000.0,21534842,5.6501,44044934,-22510092,-21534842,
600259,中稀有色,82.82,1.782,702560000.0,2.51,27864000000.0,27864000000.0,21494692,3.0595,16008542,5486150,-21494692,
600933,爱柯迪,14.55,3.7063,426050000.0,2.99,14987000000.0,14274000000.0,21428100,5.0295,12961784,8466316,-21428100,
688111,金山办公,223.59,-0.0089,989520000.0,0.95,103749000000.0,103749000000.0,21353049,2.1579,-4418391,25771440,-21353049,
002739,儒意电影,8.69,0.8121,332800000.0,1.83,18351000000.0,18248000000.0,21311253,6.4036,-373573,21684826,-21311253,
002078,太阳纸业,13.9,-1.3485,265420000.0,0.69,39673000000.0,38594000000.0,21298487,8.0244,-2570323,23868810,-21298487,
688318,财富趋势,84.13,4.4834,615690000.0,2.09,30166000000.0,30166000000.0,21286882,3.4574,24156905,-2870023,-21286882,
002294,信立泰,31.39,3.2566,443070000.0,1.27,34994000000.0,34986000000.0,21183983,4.7812,11114912,10069071,-21183983,
688530,欧莱新材,63.5,0.5224,493530000.0,11.16,10163000000.0,4431000000.0,21167874,4.2891,8969329,12198545,-21167874,
600372,中航机载,11.48,0.6135,297870000.0,0.54,55551000000.0,55551000000.0,21092175,7.081,3930606,17161569,-21092175,
600935,华塑股份,2.42,4.3103,82850000.0,1.0,8699000000.0,8488000000.0,21077424,25.4405,15163191,5914233,-21077424,
002491,通鼎互联,24.59,3.4062,5089360000.0,17.87,30246000000.0,28929000000.0,21074448,0.4141,22413312,-1338864,-21074448,
300976,达瑞电子,64.55,2.3142,323050000.0,4.18,12079000000.0,7770000000.0,21011658,6.5042,13571708,7439950,-21011658,
000970,中科三环,11.68,2.0979,255250000.0,1.8,14200000000.0,14200000000.0,20984789,8.2213,7746050,13238739,-20984789,
002386,天原股份,6.14,4.5997,228130000.0,2.88,7992000000.0,7991000000.0,20938941,9.1785,19596304,1342637,-20938941,
301363,美好医疗,16.25,4.2335,211160000.0,2.51,12934000000.0,8483000000.0,20912343,9.9036,8806569,12105774,-20912343,
688543,国科军工,44.57,2.4598,352050000.0,3.17,11170000000.0,11170000000.0,20908202,5.939,-3600488,24508690,-20908202,
601890,亚星锚链,10.03,1.8274,609320000.0,6.39,9623000000.0,9623000000.0,20898943,3.4299,8806144,12092799,-20898943,
601333,广深铁路,3.1,0.3236,201100000.0,1.15,21959000000.0,17522000000.0,20880352,10.3831,10572150,10308202,-20880352,
301606,绿联科技,56.37,2.3606,358800000.0,3.88,23388000000.0,9301000000.0,20761656,5.7864,5452392,15309264,-20761656,
300182,捷成股份,5.08,1.1952,472740000.0,3.87,13532000000.0,12266000000.0,20625804,4.363,12772540,7853264,-20625804,
603712,七一二,11.86,4.5855,193620000.0,2.14,9156000000.0,9156000000.0,20624281,10.6519,8516375,12107906,-20624281,
300263,隆华科技,10.45,1.9512,383560000.0,3.8,10677000000.0,10055000000.0,20609698,5.3733,2652955,17956743,-20609698,
688105,诺唯赞,22.9,5.0941,324380000.0,2.77,11839000000.0,11839000000.0,20567276,6.3405,-1858769,22426045,-20567276,
002222,福晶科技,69.76,0.0861,1566610000.0,4.79,32805000000.0,32658000000.0,20546556,1.3115,-28715844,49262400,-20546556,
603336,宏辉果蔬,10.78,4.0541,334150000.0,5.17,6562000000.0,6562000000.0,20450631,6.1202,-7923513,28374144,-20450631,
688403,汇成股份,25.99,-1.5157,1281540000.0,4.97,25811000000.0,25811000000.0,20419778,1.5934,-1577774,21997552,-20419778,
600037,歌华有线,7.09,1.8678,136470000.0,1.4,9868000000.0,9868000000.0,20365059,14.9227,2243572,18121487,-20365059,
300304,云意电气,11.88,3.3043,198800000.0,1.99,10432000000.0,10128000000.0,20344826,10.2338,16500910,3843916,-20344826,
600888,新疆众和,10.25,2.8084,525090000.0,3.35,15919000000.0,15919000000.0,20232374,3.8531,1883664,18348710,-20232374,
688356,键凯科技,91.1,6.5372,614840000.0,11.26,5525000000.0,5525000000.0,20231282,3.2905,10757942,9473340,-20231282,
300122,智飞生物,13.0,1.9608,416670000.0,2.27,31119000000.0,18386000000.0,20166000,4.8398,37709561,-17543561,-20166000,
688097,博众精工,45.63,-1.9132,236410000.0,1.15,20407000000.0,20407000000.0,20062032,8.4861,4174267,15887765,-20062032,
688036,传音控股,54.45,3.1836,629860000.0,1.01,62682000000.0,62682000000.0,20040479,3.1817,10849215,9191264,-20040479,
300943,春晖智控,35.49,4.4131,364090000.0,7.64,7234000000.0,4768000000.0,19981873,5.4882,17508155,2473718,-19981873,
600545,卓郎智能,4.58,0.6593,483660000.0,5.9,8189000000.0,8189000000.0,19955141,4.1259,7506475,12448666,-19955141,
301571,国科天成,76.94,2.9711,602520000.0,6.59,13805000000.0,9168000000.0,19882260,3.2999,149281,19732979,-19882260,
002199,东晶电子,13.05,5.2419,192630000.0,6.43,3177000000.0,3013000000.0,19870332,10.3153,6086741,13783591,-19870332,
000923,河钢资源,16.4,-0.304,215870000.0,2.09,10705000000.0,10298000000.0,19802049,9.1731,24908724,-5106675,-19802049,
600398,海澜之家,5.75,-0.6908,176730000.0,0.64,27616000000.0,27616000000.0,19651765,11.1197,11253396,8398369,-19651765,
603236,移远通信,73.72,1.6267,1298370000.0,4.34,29884000000.0,29884000000.0,19621728,1.5113,34060688,-14438960,-19621728,
300950,德固特,21.26,3.5054,152090000.0,7.46,3266000000.0,2076000000.0,19621476,12.9012,835008,18786468,-19621476,
002248,华东数控,9.74,1.2474,285310000.0,9.59,2995000000.0,2995000000.0,19593523,6.8675,12886581,6706942,-19593523,
301123,奕东电子,80.58,0.2114,551230000.0,4.12,18907000000.0,13299000000.0,19463199,3.5309,22342613,-2879414,-19463199,
688202,美迪西,109.85,3.4369,774830000.0,5.22,14759000000.0,14759000000.0,19441153,2.5091,15153899,4287254,-19441153,
300357,我武生物,20.19,3.8046,232430000.0,2.39,10571000000.0,9801000000.0,19415902,8.3534,3871670,15544232,-19415902,
002249,大洋电机,6.55,2.8257,347550000.0,2.83,16210000000.0,12259000000.0,19365281,5.5719,8808054,10557227,-19365281,
300516,久之洋,36.93,4.6769,259250000.0,2.81,9306000000.0,9306000000.0,19332222,7.457,7897312,11434910,-19332222,
301213,观想科技,45.88,14.0726,246960000.0,7.72,5139000000.0,3322000000.0,19283024,7.8082,11017575,8265449,-19283024,
600316,洪都航空,33.63,4.2467,438960000.0,1.84,24117000000.0,24117000000.0,19249485,4.3852,7098671,12150814,-19249485,
603459,红板科技,91.6,2.5756,1184670000.0,16.66,69044000000.0,7241000000.0,19208964,1.6215,17286731,1922233,-19208964,
601117,中国化学,7.25,0.8345,265800000.0,0.61,44265000000.0,44138000000.0,19199733,7.2234,22072437,-2872704,-19199733,
600743,华远控股,2.33,9.9057,38190000.0,0.7,5466000000.0,5466000000.0,19189500,50.2474,26037137,-6847637,-19189500,
601700,风范股份,6.48,2.0472,383770000.0,5.23,7379000000.0,7379000000.0,19158751,4.9922,13907786,5250965,-19158751,
002140,东华科技,9.69,5.4407,126900000.0,1.88,6861000000.0,6850000000.0,19153129,15.0931,11414306,7738823,-19153129,
302132,中航成飞,60.37,2.0798,460810000.0,1.3,161314000000.0,35381000000.0,19150395,4.1558,459202,18691193,-19150395,
688433,华曙高科,90.2,-4.358,506230000.0,1.33,37485000000.0,37485000000.0,19143246,3.7815,-36977065,56120311,-19143246,
300015,爱尔眼科,8.11,0.8706,358310000.0,0.56,75419000000.0,64539000000.0,19112741,5.3341,4322086,14790655,-19112741,
688271,联影医疗,102.58,1.5644,348880000.0,0.41,84542000000.0,84542000000.0,19013971,5.45,22430412,-3416441,-19013971,
300180,华峰超纤,4.66,5.1919,263510000.0,3.36,8207000000.0,8006000000.0,19002213,7.2112,14758424,4243789,-19002213,
300115,长盈精密,24.49,0.0408,582410000.0,1.75,33339000000.0,33243000000.0,18980367,3.2589,20572762,-1592395,-18980367,
002588,史丹利,7.83,1.9531,108210000.0,1.63,9019000000.0,6723000000.0,18914599,17.4795,14012058,4902541,-18914599,
002214,大立科技,18.82,4.5556,186180000.0,2.08,11267000000.0,9004000000.0,18870640,10.1357,3547524,15323116,-18870640,
301285,鸿日达,101.6,6.1097,382360000.0,1.85,20998000000.0,20998000000.0,18865041,4.9338,19457417,-592376,-18865041,
002383,合众思壮,8.12,2.0101,256390000.0,4.31,6012000000.0,6012000000.0,18862740,7.357,276916,18585824,-18862740,
000516,国际医学,4.38,3.3019,146770000.0,1.53,9806000000.0,9657000000.0,18849160,12.8427,6877866,11971294,-18849160,
300769,德方纳米,41.8,-0.4762,330810000.0,3.15,11712000000.0,10524000000.0,18732787,5.6627,4978605,13754182,-18732787,
600016,民生银行,3.5,1.1561,822590000.0,0.67,153238000000.0,124117000000.0,18531288,2.2528,52836691,-34305403,-18531288,
688613,奥精医疗,19.21,6.6038,193110000.0,7.44,2632000000.0,2632000000.0,18434957,9.5464,2057508,16377449,-18434957,
601677,明泰铝业,16.83,-0.4731,283870000.0,1.35,20925000000.0,20925000000.0,18386422,6.4771,14519907,3866515,-18386422,
002936,郑州银行,1.75,0.5747,101180000.0,0.82,15911000000.0,12335000000.0,18361154,18.147,11193250,7167904,-18361154,
002531,天顺风能,7.72,0.1297,925200000.0,6.74,13872000000.0,13795000000.0,18346355,1.983,38654675,-20308320,-18346355,
002958,青农商行,2.94,-0.6757,158540000.0,0.99,16334000000.0,15993000000.0,18308911,11.5484,14382574,3926337,-18308911,
000593,德龙汇能,22.55,3.9171,358180000.0,4.45,8087000000.0,8084000000.0,18286199,5.1053,13038025,5248174,-18286199,
688108,赛诺医疗,15.94,1.9834,147230000.0,2.21,6662000000.0,6662000000.0,18270465,12.4095,8264063,10006402,-18270465,
000561,烽火电子,8.04,2.2901,133710000.0,2.16,6947000000.0,6241000000.0,18242068,13.643,5635523,12606545,-18242068,
601005,重庆钢铁,1.22,1.6667,103200000.0,1.03,11723000000.0,10143000000.0,18206688,17.6421,18770958,-564270,-18206688,
301248,杰创智能,58.48,3.7431,230360000.0,3.56,8989000000.0,6569000000.0,18165330,7.8856,-2511850,20677180,-18165330,
000997,新大陆,20.05,2.4527,312760000.0,1.56,20313000000.0,20199000000.0,18147379,5.8023,3110516,15036863,-18147379,
002146,荣盛发展,1.26,5.0,336310000.0,7.04,5479000000.0,4927000000.0,18114370,5.3862,39246706,-21132336,-18114370,
603316,诚邦股份,18.36,10.006,415880000.0,8.69,4957000000.0,4852000000.0,18075782,4.3464,39342629,-21266847,-18075782,
301338,凯格精机,102.6,-0.5236,554450000.0,4.96,15283000000.0,11136000000.0,18073929,3.2598,-33986671,52060600,-18073929,
603867,新化股份,33.27,2.3692,238190000.0,3.33,7236000000.0,7176000000.0,18037865,7.5729,10032021,8005844,-18037865,
688559,海目星,58.51,-1.6969,583600000.0,4.01,14496000000.0,14496000000.0,17814979,3.0526,-10746366,28561345,-17814979,
600376,首开股份,3.31,4.4164,313980000.0,3.74,8538000000.0,8538000000.0,17713611,5.6416,12993039,4720572,-17713611,
002628,成都路桥,5.29,4.3393,161490000.0,4.09,4005000000.0,3996000000.0,17688886,10.9535,8854923,8833963,-17688886,
300382,斯莱克,16.39,-0.061,298870000.0,2.8,10627000000.0,10626000000.0,17654822,5.9072,9903052,7751770,-17654822,
300573,兴齐眼药,37.12,2.7685,237400000.0,2.37,13175000000.0,10097000000.0,17544154,7.3901,12155413,5388741,-17544154,
688303,大全能源,16.36,0.1224,144620000.0,0.41,34887000000.0,34887000000.0,17524473,12.1176,4762219,12762254,-17524473,
601916,浙商银行,2.91,0.3448,346190000.0,0.55,79922000000.0,62694000000.0,17495002,5.0536,17317679,177323,-17495002,
300756,金马游乐,35.07,6.112,377640000.0,5.67,7738000000.0,6733000000.0,17483141,4.6296,25132656,-7649515,-17483141,
002839,张家港行,4.29,-0.2326,93780000.0,0.9,10486000000.0,10477000000.0,17423843,18.5795,6986964,10436879,-17423843,
000731,四川美丰,8.23,4.9745,199440000.0,4.46,4517000000.0,4517000000.0,17326554,8.6876,9738985,7587569,-17326554,
688392,骄成超声,172.7,-1.9864,604320000.0,3.01,19987000000.0,19987000000.0,17271816,2.8581,5807309,11464507,-17271816,
300226,上海钢联,17.25,3.9157,171520000.0,2.74,6598000000.0,6343000000.0,17239368,10.0509,7057657,10181711,-17239368,
002577,雷柏科技,22.54,2.9224,324890000.0,5.19,6327000000.0,6326000000.0,17186634,5.29,9444048,7742586,-17186634,
300870,欧陆通,212.68,-0.2439,1095330000.0,3.33,32464000000.0,32461000000.0,17149443,1.5657,14608169,2541274,-17149443,
688758,赛分科技,32.9,0.3049,487460000.0,5.01,13702000000.0,9810000000.0,17103366,3.5087,24572001,-7468635,-17103366,
002065,东华软件,6.78,1.8018,252190000.0,1.27,21733000000.0,19972000000.0,17068408,6.7681,6095898,10972510,-17068408,
000750,国海证券,3.7,1.3699,157130000.0,0.74,23629000000.0,21446000000.0,17034976,10.8413,6317017,10717959,-17034976,
600015,华夏银行,6.24,0.1605,418580000.0,0.44,99309000000.0,96016000000.0,17016722,4.0653,10901079,6115643,-17016722,
301687,新广益,54.11,3.7584,239770000.0,14.4,7947000000.0,1686000000.0,16995469,7.0882,5947769,11047700,-16995469,
600420,国药现代,8.37,2.952,91780000.0,0.83,11226000000.0,11226000000.0,16993563,18.5155,10411291,6582272,-16993563,
002035,华帝股份,4.67,3.3186,71830000.0,1.99,3959000000.0,3652000000.0,16983377,23.6438,4052902,12930475,-16983377,
000987,越秀资本,7.47,1.7711,177790000.0,0.48,37478000000.0,37444000000.0,16981771,9.5516,3378082,13603689,-16981771,
601022,宁波远洋,8.96,4.918,229180000.0,1.98,13028000000.0,11725000000.0,16953806,7.3976,12470578,4483228,-16953806,
300970,华绿生物,19.17,9.731,374570000.0,16.33,3065000000.0,2371000000.0,16946197,4.5242,23119423,-6173226,-16946197,
300287,飞利信,3.64,3.1161,113400000.0,2.39,5224000000.0,4815000000.0,16885169,14.8899,5056715,11828454,-16885169,
603956,威派格,7.22,2.1216,181770000.0,4.48,4115000000.0,4115000000.0,16881209,9.2871,5039605,11841604,-16881209,
300003,乐普医疗,11.68,2.0087,200270000.0,1.09,21531000000.0,18442000000.0,16863475,8.4204,4981942,11881533,-16863475,
603960,克来机电,18.36,7.243,402820000.0,8.45,4814000000.0,4814000000.0,16858868,4.1852,21450962,-4592094,-16858868,
000661,长春高新,74.13,3.6783,501880000.0,1.73,30240000000.0,29265000000.0,16839155,3.3552,-1793740,18632895,-16839155,
300860,锋尚文化,32.07,12.8034,191310000.0,5.66,6044000000.0,3509000000.0,16782349,8.7723,13661057,3121292,-16782349,
688390,固德威,59.87,-0.7789,372030000.0,2.56,14556000000.0,14556000000.0,16755603,4.5038,11927895,4827708,-16755603,
603399,永杉锂业,14.01,1.5217,453780000.0,6.36,7177000000.0,7177000000.0,16743127,3.6897,11169869,5573258,-16743127,
601881,中国银河,12.13,0.4139,240920000.0,0.27,132634000000.0,87863000000.0,16727899,6.9433,19596697,-2868798,-16727899,
002170,芭田股份,10.98,0.9191,134540000.0,1.56,10671000000.0,8665000000.0,16723018,12.4298,8267991,8455027,-16723018,
600380,健康元,9.4,2.2851,157580000.0,0.92,17197000000.0,17197000000.0,16697047,10.5959,8567103,8129944,-16697047,
601860,紫金银行,2.57,0.0,111520000.0,1.23,9409000000.0,9128000000.0,16685735,14.9621,16547013,138722,-16685735,
688363,华熙生物,35.25,2.3222,148430000.0,0.88,16979000000.0,16979000000.0,16661756,11.2253,1691401,14970355,-16661756,
300255,常山药业,24.1,4.51,705790000.0,3.22,22149000000.0,22116000000.0,16558855,2.3461,8459303,8099552,-16558855,
002312,川发龙蟒,8.65,1.5258,245880000.0,1.52,16329000000.0,16302000000.0,16537129,6.7257,9370384,7166745,-16537129,
001373,翔腾新材,32.44,10.0034,84740000.0,6.37,2228000000.0,1361000000.0,16487441,19.4565,22740123,-6252682,-16487441,
601101,昊华能源,13.5,4.4892,307070000.0,1.61,19440000000.0,19440000000.0,16466125,5.3623,6719757,9746368,-16466125,
300632,光莆股份,19.89,4.2999,354470000.0,7.96,6070000000.0,4527000000.0,16424232,4.6335,10854015,5570217,-16424232,
002472,双环传动,37.9,4.6094,1053650000.0,3.69,32215000000.0,28689000000.0,16316358,1.5486,33381660,-17065302,-16316358,
300224,正海磁材,11.97,4.908,268900000.0,2.43,11140000000.0,11096000000.0,16279567,6.0541,5920932,10358635,-16279567,
001286,陕西能源,9.6,-0.6211,115100000.0,0.89,36000000000.0,12960000000.0,16240729,14.1101,2725038,13515691,-16240729,
002352,顺丰控股,30.94,0.5198,365330000.0,0.25,157953000000.0,143529000000.0,16234885,4.4439,8619632,7615253,-16234885,
003032,传智教育,9.39,4.5657,401160000.0,15.12,3779000000.0,2671000000.0,16224874,4.0445,1661002,14563872,-16224874,
300735,光弘科技,18.59,2.8208,227430000.0,1.63,15152000000.0,14138000000.0,16210654,7.1278,5263075,10947579,-16210654,
605589,圣泉集团,41.0,-0.219,1379760000.0,3.97,34702000000.0,34683000000.0,16184539,1.173,-68884997,85069536,-16184539,
300765,石药创新,46.39,5.7201,1210740000.0,1.87,65159000000.0,65159000000.0,16163024,1.335,47854768,-31691744,-16163024,
301379,天山电子,21.94,0.8272,200820000.0,4.19,6088000000.0,4798000000.0,16157032,8.0455,11894932,4262100,-16157032,
603212,赛伍技术,12.17,2.9611,165360000.0,3.12,5324000000.0,5324000000.0,16156785,9.7707,7622305,8534480,-16156785,
000672,上峰材料,15.51,3.2623,267040000.0,1.79,15035000000.0,15035000000.0,16123441,6.0378,7489234,8634207,-16123441,
300281,金明精机,7.27,8.6697,136700000.0,4.83,3046000000.0,2889000000.0,16035117,11.7302,2860516,13174601,-16035117,
002603,以岭药业,15.59,2.5658,263770000.0,1.24,26046000000.0,21456000000.0,15997713,6.065,22882968,-6885255,-15997713,
002044,美年健康,4.56,3.1674,458350000.0,2.61,17849000000.0,17666000000.0,15948881,3.4796,28501457,-12552576,-15948881,
301499,维科精密,26.84,7.1885,122090000.0,3.33,3711000000.0,3711000000.0,15820477,12.958,9544431,6276046,-15820477,
600064,南京高科,7.81,0.6443,124650000.0,0.93,13514000000.0,13514000000.0,15742989,12.6298,111065,15631924,-15742989,
002007,华兰生物,13.3,2.8616,238980000.0,1.15,24282000000.0,20928000000.0,15655850,6.5511,4925409,10730441,-15655850,
301322,绿通科技,44.29,-2.3158,193290000.0,4.04,6318000000.0,4764000000.0,15635354,8.0891,-439148,16074502,-15635354,
688486,龙迅股份,47.85,5.0725,330300000.0,3.72,8942000000.0,8941000000.0,15612743,4.7268,4273969,11338774,-15612743,
002824,和胜股份,29.16,2.7846,810610000.0,12.34,9074000000.0,6595000000.0,15562988,1.9199,-13615095,29178083,-15562988,
300181,佐力药业,13.52,1.6541,149980000.0,1.85,9483000000.0,8146000000.0,15453314,10.3036,5735061,9718253,-15453314,
600161,天坛生物,12.48,2.5472,202740000.0,0.83,24678000000.0,24678000000.0,15377183,7.5847,11730539,3646644,-15377183,
300907,康平科技,57.28,7.0054,331340000.0,6.07,5499000000.0,5499000000.0,15348924,4.6324,17993943,-2645019,-15348924,
002807,江阴银行,4.13,-0.2415,136080000.0,1.22,11182000000.0,11165000000.0,15312485,11.2526,5570510,9741975,-15312485,
688136,科兴制药,23.9,13.8637,380930000.0,8.21,4827000000.0,4827000000.0,15311963,4.0196,9611056,5700907,-15311963,
688506,百利天恒,264.93,6.4147,657570000.0,0.61,109383000000.0,109383000000.0,15215489,2.3139,-7297097,22512586,-15215489,
688583,思看科技,84.01,4.3473,159140000.0,4.48,10397000000.0,3623000000.0,15195476,9.5485,6481084,8714392,-15195476,
000036,华联控股,4.08,4.6154,201830000.0,3.56,5728000000.0,5724000000.0,15151958,7.5073,18501477,-3349519,-15151958,
603568,伟明环保,13.52,0.8955,114240000.0,0.41,27695000000.0,27695000000.0,15105223,13.2224,2331215,12774008,-15105223,
603112,华翔股份,17.63,5.6954,442560000.0,4.72,9520000000.0,9425000000.0,15075555,3.4064,-6732549,21808104,-15075555,
600096,XD云天化,28.28,1.362,426270000.0,0.83,51554000000.0,51554000000.0,15070255,3.5354,17685244,-2614989,-15070255,
603477,巨星农牧,14.73,1.5862,174520000.0,2.34,7703000000.0,7513000000.0,15026367,8.6101,-146366,15172733,-15026367,
601928,凤凰传媒,8.27,0.2424,121480000.0,0.58,21046000000.0,21046000000.0,15013678,12.359,-901206,15914884,-15013678,
002318,久立特材,18.48,1.2048,93400000.0,0.53,18058000000.0,17630000000.0,15010664,16.0714,6243340,8767324,-15010664,
300074,华平股份,3.86,7.2222,110940000.0,5.33,2125000000.0,2123000000.0,14995762,13.517,42365,14953397,-14995762,
603155,新亚强,15.37,1.8555,260270000.0,3.71,7038000000.0,7038000000.0,14981376,5.7561,210418,14770958,-14981376,
600415,小商品城,11.93,0.9306,425680000.0,0.65,65419000000.0,65419000000.0,14980273,3.5191,25577996,-10597723,-14980273,
300986,志特新材,11.76,4.5333,366360000.0,5.46,6771000000.0,6766000000.0,14976553,4.0879,16908796,-1932243,-14976553,
601186,中国铁建,6.06,0.4975,143020000.0,0.21,82292000000.0,69710000000.0,14956092,10.4573,15806780,-850688,-14956092,
600315,上海家化,18.64,4.1923,181500000.0,1.47,12530000000.0,12530000000.0,14928044,8.2248,3711886,11216158,-14928044,
600929,雪天盐业,6.43,5.4098,422020000.0,4.05,10546000000.0,10546000000.0,14918604,3.535,31946943,-17028339,-14918604,
301393,昊帆生物,62.76,3.8385,231350000.0,8.45,6778000000.0,2759000000.0,14864800,6.4252,5209044,9655756,-14864800,
605288,凯迪股份,71.0,2.6457,160040000.0,2.29,7020000000.0,6978000000.0,14790525,9.2418,18971275,-4180750,-14790525,
688499,利元亨,36.54,2.067,217720000.0,3.52,6165000000.0,6165000000.0,14788984,6.7927,5086306,9702678,-14788984,
688306,均普智能,9.88,9.292,339720000.0,2.85,12135000000.0,12135000000.0,14767756,4.347,0,14767756,-14767756,
300257,开山股份,19.93,4.0731,337040000.0,1.77,19803000000.0,19029000000.0,14764053,4.3805,4770314,9993739,-14764053,
600637,东方明珠,8.84,1.9608,485510000.0,1.65,29719000000.0,29719000000.0,14756077,3.0393,5793000,8963077,-14756077,
600351,亚宝药业,6.95,5.1437,203450000.0,4.3,4809000000.0,4809000000.0,14724056,7.2372,20284224,-5560168,-14724056,
301045,天禄科技,73.36,0.9217,402520000.0,5.96,8093000000.0,6654000000.0,14627497,3.634,-1007527,15635024,-14627497,
000932,华菱钢铁,3.6,0.0,196830000.0,0.8,24669000000.0,24669000000.0,14607329,7.4213,25880598,-11273269,-14607329,
300143,盈康生命,7.81,7.4278,185790000.0,2.86,7599000000.0,6500000000.0,14592067,7.8541,1062657,13529410,-14592067,
301312,智立方,86.19,-1.3506,367050000.0,5.01,14525000000.0,7307000000.0,14591674,3.9754,-2106274,16697948,-14591674,
301568,思泰克,73.25,0.2738,167820000.0,4.8,7564000000.0,3500000000.0,14582336,8.6893,7958624,6623712,-14582336,
300352,ST信源,2.98,8.7591,128390000.0,3.52,4320000000.0,3811000000.0,14551642,11.3339,0,14551642,-14551642,
688411,海博思创,167.18,-2.108,484240000.0,2.17,30503000000.0,22164000000.0,14551585,3.005,-9800813,24352398,-14551585,
600779,水井坊,26.75,3.2022,80030000.0,0.62,13037000000.0,13037000000.0,14535525,18.1626,3202543,11332982,-14535525,
688235,百济神州,267.62,4.5391,1323940000.0,4.33,412746000000.0,30791000000.0,14522242,1.0969,-15482238,30004480,-14522242,
600594,益佰制药,3.82,7.3034,158930000.0,5.39,2996000000.0,2996000000.0,14479737,9.1108,5530964,8948773,-14479737,
600329,达仁堂,35.2,1.9994,81250000.0,0.41,27107000000.0,19962000000.0,14459963,17.7969,3022980,11436983,-14459963,
688656,浩欧博,120.1,5.7218,93880000.0,1.24,7629000000.0,7629000000.0,14456316,15.3987,10591796,3864520,-14456316,
000999,华润三九,23.95,1.4831,231160000.0,0.58,39858000000.0,39818000000.0,14415462,6.2361,-2544995,16960457,-14415462,
300298,三诺生物,16.44,5.1823,115420000.0,1.6,9155000000.0,7365000000.0,14364282,12.4452,-827511,15191793,-14364282,
001216,华瓷股份,24.06,10.0137,51220000.0,0.86,7025000000.0,5939000000.0,14268157,27.8566,17884375,-3616218,-14268157,
003021,兆威机电,69.8,1.1888,232560000.0,1.59,18700000000.0,14531000000.0,14259995,6.1317,5208575,9051420,-14259995,
300034,钢研高纳,16.24,2.0742,170500000.0,1.37,12943000000.0,12457000000.0,14175118,8.3139,4173159,10001959,-14175118,
002483,润邦股份,6.28,5.3691,119210000.0,2.19,5567000000.0,5559000000.0,14139952,11.8614,2550784,11589168,-14139952,
600660,福耀玻璃,54.14,0.8569,423300000.0,0.39,141292000000.0,108442000000.0,14138642,3.3401,5931574,8207068,-14138642,
603066,音飞储存,9.5,4.9724,92100000.0,3.33,2795000000.0,2795000000.0,14129243,15.3412,4202244,9926999,-14129243,
600730,*ST高科,9.31,2.1954,130470000.0,2.46,5462000000.0,5462000000.0,14043507,10.7638,2144392,11899115,-14043507,
000683,博源化工,5.78,1.4035,266350000.0,1.39,21483000000.0,19297000000.0,13969534,5.2448,2379065,11590469,-13969534,
601398,工商银行,8.11,0.4957,1875100000.0,0.09,2890455000000.0,2186555000000.0,13954288,0.7442,9122368,4831920,-13954288,
603351,威尔药业,27.34,7.9779,138940000.0,3.79,3703000000.0,3703000000.0,13951044,10.0411,6612774,7338270,-13951044,
600529,山东药玻,18.72,1.5735,110040000.0,0.89,12423000000.0,12423000000.0,13934810,12.6634,9110754,4824056,-13934810,
000090,天健集团,3.65,3.1073,145700000.0,2.16,6820000000.0,6820000000.0,13928819,9.5599,11168084,2760735,-13928819,
002055,ST得润,6.96,4.5045,124210000.0,3.04,4207000000.0,4110000000.0,13918038,11.2052,10870426,3047612,-13918038,
688353,华盛锂电,83.59,-0.6419,254840000.0,1.9,13333000000.0,13333000000.0,13907554,5.4574,1525678,12381876,-13907554,
600061,国投资本,6.33,1.6051,211910000.0,0.53,40475000000.0,40475000000.0,13853680,6.5375,1218761,12634919,-13853680,
000089,深圳机场,6.65,2.9412,149840000.0,1.11,13638000000.0,13638000000.0,13836265,9.234,11190653,2645612,-13836265,
300434,金石亚药,12.46,1.7143,740510000.0,17.4,5006000000.0,4278000000.0,13829149,1.8675,-2992842,16821991,-13829149,
300853,申昊科技,31.27,6.4329,326020000.0,10.53,4595000000.0,3074000000.0,13815720,4.2377,15387390,-1571670,-13815720,
301072,中捷精工,51.0,0.1768,408220000.0,11.84,5348000000.0,3464000000.0,13758938,3.3705,17806307,-4047369,-13758938,
002674,兴业科技,20.2,2.9562,253640000.0,4.25,5970000000.0,5910000000.0,13744808,5.419,2577893,11166915,-13744808,
301227,森鹰窗业,35.46,6.0407,112060000.0,4.38,4662000000.0,2621000000.0,13728681,12.2512,5664112,8064569,-13728681,
002274,华昌化工,6.26,5.2101,245400000.0,4.27,5962000000.0,5871000000.0,13637985,5.5575,18850570,-5212585,-13637985,
688177,百奥泰,19.36,12.5581,185070000.0,2.38,8017000000.0,8017000000.0,13625630,7.3624,13530274,95356,-13625630,
301307,美利信,60.62,-0.5251,425980000.0,6.4,12767000000.0,6621000000.0,13586315,3.1894,-13199991,26786306,-13586315,
688720,艾森股份,68.99,1.9356,288030000.0,5.33,8461000000.0,5394000000.0,13560188,4.7079,10470453,3089735,-13560188,
605398,新炬网络,21.48,5.2425,146780000.0,4.21,3495000000.0,3495000000.0,13557735,9.2368,6619484,6938251,-13557735,
301345,涛涛车业,243.91,1.3378,174500000.0,2.04,26598000000.0,8575000000.0,13508761,7.7414,-244271,13753032,-13508761,
603716,塞力医疗,16.9,4.5145,230530000.0,6.06,3816000000.0,3816000000.0,13479385,5.8471,6210233,7269152,-13479385,
300505,川金诺,19.8,2.6971,338490000.0,7.93,5442000000.0,4303000000.0,13478448,3.9819,2279109,11199339,-13478448,
301680,固德电材,106.78,-0.1776,152070000.0,7.97,8841000000.0,1893000000.0,13470168,8.8579,1723842,11746326,-13470168,
688292,浩瀚深度,22.17,-3.6924,333580000.0,9.53,3511000000.0,3511000000.0,13468065,4.0374,-2499817,15967882,-13468065,
600702,舍得酒业,33.7,2.5875,201270000.0,1.82,11191000000.0,11187000000.0,13462121,6.6886,2129630,11332491,-13462121,
002264,新华都,7.66,4.2177,606630000.0,12.37,5514000000.0,4986000000.0,13457476,2.2184,14219118,-761642,-13457476,
688079,美迪凯,17.34,2.9691,391850000.0,5.52,7140000000.0,7034000000.0,13449801,3.4324,162867,13286934,-13449801,
002520,日发精机,6.41,2.8892,142280000.0,3.12,4809000000.0,4599000000.0,13416377,9.4296,9330634,4085743,-13416377,
603171,税友股份,39.81,1.7118,284010000.0,1.77,16158000000.0,16158000000.0,13396820,4.717,13340851,55969,-13396820,
688297,中无人机,44.0,1.7576,399350000.0,1.33,29700000000.0,29700000000.0,13351091,3.3432,-2596227,15947318,-13351091,
300469,信息发展,51.6,4.4112,309800000.0,2.46,12809000000.0,12803000000.0,13320841,4.2998,-12452515,25773356,-13320841,
300814,中富电路,143.76,-1.4059,850640000.0,3.09,27520000000.0,27520000000.0,13273055,1.5604,-5526730,18799785,-13273055,
001208,华菱线缆,14.43,2.3404,186980000.0,4.1,9211000000.0,4599000000.0,13253141,7.088,5760973,7492168,-13253141,
300222,科大智能,10.28,0.9823,162550000.0,2.43,8041000000.0,6704000000.0,13239312,8.1448,4346367,8892945,-13239312,
301110,青木科技,36.08,1.2346,86020000.0,2.62,4674000000.0,3284000000.0,13210098,15.357,5312952,7897146,-13210098,
688552,航天南湖,32.06,3.6199,122830000.0,1.16,10812000000.0,10812000000.0,13146765,10.7032,2930481,10216284,-13146765,
002537,海联金汇,5.93,3.1304,169490000.0,2.47,6959000000.0,6941000000.0,13132518,7.7483,6405014,6727504,-13132518,
000596,古井贡酒,95.46,1.7914,258360000.0,0.67,50460000000.0,39005000000.0,13128369,5.0814,2077190,11051179,-13128369,
002226,江南化工,5.34,4.7059,384540000.0,2.71,14145000000.0,14145000000.0,13121605,3.4123,9120469,4001136,-13121605,
002279,久其软件,6.86,1.0309,189920000.0,3.5,5915000000.0,5461000000.0,13114204,6.9051,2367306,10746898,-13114204,
600688,上海石化,2.84,1.4286,155960000.0,0.75,29941000000.0,20814000000.0,13088096,8.392,6676426,6411670,-13088096,
603151,邦基科技,18.35,10.012,75680000.0,2.48,3143000000.0,3143000000.0,13086215,17.2915,9462979,3623236,-13086215,
300736,百邦科技,34.35,5.3035,218900000.0,5.21,4395000000.0,4290000000.0,13074611,5.9729,8069177,5005434,-13074611,
002375,亚厦股份,3.89,4.0107,87660000.0,1.7,5213000000.0,5178000000.0,13046866,14.8835,2182949,10863917,-13046866,
600366,宁波韵升,11.43,1.7809,269090000.0,2.15,12562000000.0,12562000000.0,13030856,4.8426,19015394,-5984538,-13030856,
002726,ST龙大,2.54,6.7227,124820000.0,3.69,3457000000.0,3455000000.0,13022534,10.4331,1489746,11532788,-13022534,
600425,青松建化,3.68,3.0812,54820000.0,0.94,5905000000.0,5905000000.0,12994989,23.7048,7333935,5661054,-12994989,
600985,淮北矿业,16.71,1.6423,271290000.0,0.61,45004000000.0,45004000000.0,12991365,4.7887,1834403,11156962,-12991365,
002150,正泰电源,21.18,-0.2825,130970000.0,1.71,7643000000.0,7593000000.0,12987632,9.9165,5111112,7876520,-12987632,
600927,永安期货,12.64,2.8478,86980000.0,0.48,18334000000.0,18334000000.0,12879481,14.8074,9460432,3419049,-12879481,
002564,天沃科技,4.95,1.227,108930000.0,2.59,4252000000.0,4252000000.0,12851060,11.7975,3687648,9163412,-12851060,
603058,永吉股份,9.11,3.9954,96970000.0,2.58,3778000000.0,3778000000.0,12837623,13.2388,5789307,7048316,-12837623,
603127,昭衍新药,46.74,2.1416,1985510000.0,6.76,35025000000.0,29339000000.0,12836522,0.6465,-4932566,17769088,-12836522,
000950,重药控股,5.34,2.4952,121880000.0,1.34,9146000000.0,9146000000.0,12827648,10.5248,7175627,5652021,-12827648,
601633,长城汽车,14.04,-0.0712,189750000.0,0.22,120442000000.0,87234000000.0,12806839,6.7493,8955676,3851163,-12806839,
688283,坤恒顺维,30.85,12.8796,144800000.0,3.87,3758000000.0,3758000000.0,12736562,8.796,4795545,7941017,-12736562,
601828,美凯龙,2.25,4.6512,147830000.0,1.86,9796000000.0,8128000000.0,12713702,8.6002,12778825,-65123,-12713702,
688151,华强科技,17.42,4.3739,88560000.0,1.49,6001000000.0,6001000000.0,12628516,14.2598,1567890,11060626,-12628516,
688383,新益昌,142.23,-0.0492,265960000.0,1.83,14457000000.0,14457000000.0,12591463,4.7343,-4681003,17272466,-12591463,
600273,嘉化能源,6.38,0.6309,71880000.0,0.86,8366000000.0,8366000000.0,12533194,17.4363,913759,11619435,-12533194,
000589,贵州轮胎,4.27,0.7075,81130000.0,1.24,6637000000.0,6593000000.0,12529721,15.444,4856998,7672723,-12529721,
600079,ST人福,18.78,1.7335,146080000.0,0.51,30653000000.0,28981000000.0,12528857,8.5767,12615475,-86618,-12528857,
601901,方正证券,6.91,1.1713,230780000.0,0.41,56884000000.0,56884000000.0,12442898,5.3917,19955064,-7512166,-12442898,
605060,联德股份,41.1,3.7879,214610000.0,2.19,9888000000.0,9818000000.0,12409983,5.7826,-5758994,18168977,-12409983,
300872,天阳科技,15.9,4.8813,214280000.0,3.26,7761000000.0,6710000000.0,12407465,5.7903,-1126071,13533536,-12407465,
600395,盘江股份,5.17,2.7833,182130000.0,1.65,11098000000.0,11098000000.0,12398358,6.8074,-600729,12999087,-12398358,
002474,榕基软件,6.5,2.5237,108730000.0,3.13,4044000000.0,3492000000.0,12364662,11.3719,1190608,11174054,-12364662,
002793,罗欣药业,4.93,6.71,202900000.0,3.86,5362000000.0,5354000000.0,12362829,6.0931,8710551,3652278,-12362829,
300457,赢合科技,21.52,-2.9319,315140000.0,2.27,13882000000.0,13851000000.0,12325264,3.911,-4596767,16922031,-12325264,
688520,神州细胞,34.71,2.9665,106480000.0,0.7,16325000000.0,15458000000.0,12313321,11.564,4227126,8086195,-12313321,
002510,天汽模,5.84,0.3436,138150000.0,2.34,5928000000.0,5928000000.0,12300135,8.9035,1179928,11120207,-12300135,
600129,太极集团,14.0,4.0119,211380000.0,2.77,7720000000.0,7720000000.0,12262758,5.8013,2432668,9830090,-12262758,
002756,永兴材料,41.16,0.5619,299500000.0,1.85,22189000000.0,16206000000.0,12251778,4.0907,2634563,9617215,-12251778,
301091,深城交,19.95,3.3679,130850000.0,1.26,10519000000.0,10519000000.0,12240366,9.3545,4378637,7861729,-12240366,
688563,航材股份,56.12,1.2996,102810000.0,1.35,25218000000.0,7607000000.0,12204862,11.8713,3542100,8662762,-12204862,
300154,瑞凌股份,14.27,1.9286,194830000.0,4.37,6415000000.0,4500000000.0,12166950,6.2449,1883151,10283799,-12166950,
301548,崇德科技,56.75,4.4735,123980000.0,6.5,4937000000.0,1914000000.0,12104888,9.7636,3113371,8991517,-12104888,
688088,虹软科技,29.62,-0.1349,119270000.0,1.0,11883000000.0,11883000000.0,12097802,10.1432,2579888,9517914,-12097802,
600797,浙大网新,6.72,1.6641,87310000.0,1.27,6905000000.0,6905000000.0,12059594,13.8124,5979609,6079985,-12059594,
688046,药康生物,36.78,4.2517,456340000.0,3.04,15087000000.0,15087000000.0,12051142,2.6408,15489746,-3438604,-12051142,
002117,东港股份,7.88,3.0065,73240000.0,1.8,4127000000.0,4126000000.0,12050239,16.4531,7965442,4084797,-12050239,
301122,采纳股份,53.28,7.2248,307290000.0,7.74,6513000000.0,4030000000.0,12041776,3.9187,-3635635,15677411,-12041776,
300215,电科院,6.55,3.3123,90290000.0,1.87,4907000000.0,4907000000.0,11988193,13.2774,5626539,6361654,-11988193,
601021,春秋航空,41.94,0.0955,205500000.0,0.5,41031000000.0,41031000000.0,11984550,5.8319,10874635,1109915,-11984550,
301008,宏昌科技,52.09,15.2179,1203290000.0,19.99,6822000000.0,6024000000.0,11970122,0.9948,60468122,-48498000,-11970122,
688010,福光股份,28.32,1.8705,119740000.0,2.64,4547000000.0,4547000000.0,11962843,9.9907,2761352,9201491,-11962843,
000910,大亚圣象,6.26,10.0176,302080000.0,9.09,3427000000.0,3426000000.0,11960994,3.9595,6711738,5249256,-11960994,
601009,南京银行,11.82,0.1695,446210000.0,0.31,146137000000.0,146137000000.0,11899376,2.6668,23139617,-11240241,-11899376,
600744,华银电力,6.58,2.9734,689880000.0,5.2,13365000000.0,13365000000.0,11871130,1.7208,23851731,-11980601,-11871130,
600515,海南机场,2.8,1.8182,254560000.0,1.0,31991000000.0,25693000000.0,11794400,4.6332,8980030,2814370,-11794400,
002230,科大讯飞,38.81,0.8576,572750000.0,0.68,93225000000.0,84993000000.0,11777808,2.0564,14957839,-3180031,-11777808,
601607,上海医药,16.09,1.195,177330000.0,0.4,59668000000.0,44878000000.0,11754459,6.6286,5583681,6170778,-11754459,
600682,南京新百,5.97,7.1813,247250000.0,3.61,8030000000.0,6949000000.0,11720269,4.7403,23462751,-11742482,-11720269,
601225,陕西煤业,25.7,1.9841,784430000.0,0.32,249161000000.0,249161000000.0,11713989,1.4933,12493465,-779476,-11713989,
688590,新致软件,12.25,5.6034,93660000.0,2.78,3833000000.0,3449000000.0,11687217,12.4783,44844,11642373,-11687217,
600348,华阳股份,9.13,2.1253,228880000.0,0.7,32936000000.0,32936000000.0,11638237,5.0849,16620254,-4982017,-11638237,
300780,德恩精工,20.53,5.2821,152570000.0,6.96,3011000000.0,2212000000.0,11620146,7.6163,7443514,4176632,-11620146,
002171,楚江新材,10.82,0.7449,570460000.0,3.25,17560000000.0,17477000000.0,11618576,2.0367,11551678,66898,-11618576,
300436,广生堂,88.9,2.7033,330230000.0,2.72,14938000000.0,12155000000.0,11612770,3.5166,11117115,495655,-11612770,
603010,万盛股份,12.78,3.987,151520000.0,2.09,7477000000.0,7295000000.0,11608736,7.6615,4591812,7016924,-11608736,
002194,武汉凡谷,11.18,1.6364,448280000.0,7.86,7639000000.0,5754000000.0,11602354,2.5882,19208321,-7605967,-11602354,
600989,宝丰能源,23.7,0.4663,1005250000.0,0.58,173801000000.0,173801000000.0,11526116,1.1466,-7180311,18706427,-11526116,
300002,神州泰岳,8.09,1.761,213830000.0,1.43,15914000000.0,14975000000.0,11507512,5.3816,13542765,-2035253,-11507512,
601800,中国交建,5.88,0.6849,102780000.0,0.15,95337000000.0,68930000000.0,11493948,11.1831,15572616,-4078668,-11493948,
600828,茂业商业,4.42,4.0,150770000.0,1.99,7655000000.0,7653000000.0,11481948,7.6155,4708191,6773757,-11481948,
688299,长阳科技,13.7,4.4207,127310000.0,3.23,3937000000.0,3937000000.0,11465446,9.0059,0,11465446,-11465446,
300532,今天国际,7.44,6.1341,102870000.0,2.32,4729000000.0,4498000000.0,11452803,11.1333,1855407,9597396,-11452803,
002757,南兴股份,18.05,1.9774,220900000.0,4.33,5333000000.0,5130000000.0,11417912,5.1688,7635878,3782034,-11417912,
603679,华体科技,26.76,4.5313,404170000.0,8.54,4755000000.0,4755000000.0,11393896,2.8191,5498076,5895820,-11393896,
600683,京投发展,9.99,3.6307,226130000.0,3.11,7400000000.0,7400000000.0,11390300,5.0371,2983815,8406485,-11390300,
002291,遥望科技,5.64,1.9892,158900000.0,3.27,5233000000.0,4902000000.0,11378123,7.1606,-3435179,14813302,-11378123,
300608,思特奇,10.19,5.2686,174380000.0,5.63,3546000000.0,3101000000.0,11356830,6.5127,1795464,9561366,-11356830,
600153,建发股份,8.5,1.5532,221950000.0,0.91,24646000000.0,24646000000.0,11301617,5.092,8042860,3258757,-11301617,
603121,华培动力,12.86,4.2139,120480000.0,2.76,4354000000.0,4354000000.0,11296426,9.3762,-1280127,12576553,-11296426,
000504,南华生物,11.01,9.99,58780000.0,1.62,3634000000.0,3624000000.0,11274559,19.1809,28212343,-16937784,-11274559,
600221,海航控股,1.25,0.8065,309810000.0,0.58,54020000000.0,53557000000.0,11263866,3.6357,54604589,-43340723,-11263866,
600293,三峡新材,3.47,3.8922,423910000.0,10.56,4026000000.0,4026000000.0,11261091,2.6565,14260909,-2999818,-11261091,
688270,ST臻镭,57.66,0.418,223700000.0,1.29,17270000000.0,17270000000.0,11259642,5.0334,3432759,7826883,-11259642,
301090,华润材料,7.24,5.0798,82050000.0,0.78,10650000000.0,10650000000.0,11250251,13.7115,7032583,4217668,-11250251,
603166,福达股份,11.25,1.9946,111450000.0,1.56,7264000000.0,7208000000.0,11213573,10.0615,1304168,9909405,-11213573,
603128,华贸物流,5.49,3.1955,86240000.0,1.21,7187000000.0,7187000000.0,11207933,12.9962,1960336,9247597,-11207933,
600859,王府井,10.0,2.8807,160870000.0,1.45,11239000000.0,11238000000.0,11206275,6.966,5050900,6155375,-11206275,
601000,唐山港,4.47,0.0,170120000.0,0.65,26489000000.0,26489000000.0,11171030,6.5666,-1404972,12576002,-11171030,
600635,大众公用,4.62,2.2124,136010000.0,1.22,13640000000.0,11175000000.0,11166229,8.2099,4072324,7093905,-11166229,
688612,威迈斯,36.7,0.5479,194830000.0,2.07,15384000000.0,9421000000.0,11165815,5.7311,-268466,11434281,-11165815,
605090,九丰能源,32.75,0.2449,192950000.0,0.84,23141000000.0,23117000000.0,11124244,5.7654,-5667926,16792170,-11124244,
601699,潞安环能,15.61,2.765,359660000.0,0.78,46696000000.0,46696000000.0,11081314,3.0811,-6702595,17783909,-11081314,
002906,华阳集团,27.78,0.8715,155300000.0,1.07,14582000000.0,14576000000.0,11080233,7.1347,3197688,7882545,-11080233,
300328,宜安科技,12.75,3.3225,386410000.0,4.45,8803000000.0,8771000000.0,11019280,2.8517,6170389,4848891,-11019280,
603396,金辰股份,29.9,5.8782,285430000.0,6.97,4142000000.0,4142000000.0,10910028,3.8223,9428884,1481144,-10910028,
301592,六九一二,117.82,1.5077,195300000.0,7.07,8247000000.0,2752000000.0,10895567,5.5789,834673,10060894,-10895567,
688062,迈威生物-U,28.06,5.4095,278270000.0,4.31,12535000000.0,6461000000.0,10841497,3.896,9528225,1313272,-10841497,
001296,长江材料,20.23,4.7644,108260000.0,6.62,3026000000.0,1638000000.0,10813006,9.988,2536400,8276606,-10813006,
002125,湘潭电化,12.24,1.157,123020000.0,1.6,7705000000.0,7705000000.0,10778338,8.7615,7092422,3685916,-10778338,
601162,天风证券,3.69,1.6529,520750000.0,1.65,37173000000.0,31727000000.0,10767551,2.0677,-10685346,21452897,-10767551,
600256,广汇能源,7.07,5.2083,1170190000.0,2.63,45191000000.0,45191000000.0,10754343,0.919,-28397966,39152309,-10754343,
002019,亿帆医药,9.63,2.7748,112600000.0,1.4,11714000000.0,8113000000.0,10734705,9.5335,4793801,5940904,-10734705,
601188,龙江交通,2.91,1.7483,38070000.0,1.01,3799000000.0,3799000000.0,10719441,28.1572,3710090,7009351,-10719441,
300128,锦富技术,5.15,2.1825,118700000.0,1.79,6690000000.0,6681000000.0,10673995,8.9924,2505834,8168161,-10673995,
601958,金钼股份,20.93,2.3472,637600000.0,0.95,67533000000.0,67533000000.0,10641090,1.6689,35561681,-24920591,-10641090,
002153,石基信息,7.75,2.3778,104840000.0,0.85,21151000000.0,12398000000.0,10639176,10.148,9806300,832876,-10639176,
002782,可立克,15.5,1.9066,137480000.0,1.83,7673000000.0,7591000000.0,10597389,7.7083,3558097,7039292,-10597389,
000156,华数传媒,7.17,1.9915,143540000.0,1.18,13286000000.0,12188000000.0,10569688,7.3636,6993358,3576330,-10569688,
300827,上能电气,25.87,0.8184,269490000.0,2.4,14402000000.0,11293000000.0,10565777,3.9207,396271,10169506,-10565777,
002498,汉缆股份,6.64,0.9119,442370000.0,2.02,22090000000.0,22090000000.0,10544694,2.3837,-327581,10872275,-10544694,
603859,能科科技,39.05,1.0349,226020000.0,2.37,10403000000.0,9555000000.0,10530681,4.6592,-1209271,11739952,-10530681,
603919,金徽酒,16.83,3.7608,100460000.0,1.2,8537000000.0,8537000000.0,10525505,10.4773,5103168,5422337,-10525505,
000937,冀中能源,4.5,2.0408,188500000.0,1.12,17491000000.0,16995000000.0,10520790,5.5813,2029552,8491238,-10520790,
600486,扬农化工,53.74,2.5573,167860000.0,0.78,21717000000.0,21717000000.0,10493173,6.2511,2251945,8241228,-10493173,
601766,中国中车,6.08,1.3333,554160000.0,0.38,174489000000.0,147913000000.0,10450745,1.8859,17287836,-6837091,-10450745,
300039,上海凯宝,5.3,4.5365,148770000.0,3.09,5544000000.0,4858000000.0,10431136,7.0116,9214246,1216890,-10431136,
300316,晶盛机电,42.08,-1.4981,324730000.0,0.62,55105000000.0,51824000000.0,10418238,3.2083,3924590,6493648,-10418238,
300755,华致酒行,11.91,5.6788,116770000.0,2.4,4964000000.0,4961000000.0,10367429,8.8785,-384543,10751972,-10367429,
688775,影石创新,94.87,-2.4473,440400000.0,1.78,38043000000.0,24605000000.0,10364709,2.3535,-6958602,17323311,-10364709,
300723,一品红,34.83,3.1389,257540000.0,1.77,15732000000.0,14601000000.0,10315195,4.0053,7622596,2692599,-10315195,
600567,山鹰国际,1.35,0.7463,80830000.0,0.97,8377000000.0,8377000000.0,10306801,12.7512,10244971,61830,-10306801,
603983,丸美生物,30.77,4.9096,186980000.0,1.54,12339000000.0,12339000000.0,10291534,5.5041,-3036548,13328082,-10291534,
600645,中源协和,19.05,4.7279,214300000.0,2.43,8914000000.0,8911000000.0,10286112,4.7999,4229424,6056688,-10286112,
002847,盐津铺子,43.98,3.6042,115930000.0,1.1,11883000000.0,10721000000.0,10231806,8.8258,4982378,5249428,-10231806,
688115,思林杰,62.82,-3.5764,190870000.0,3.25,5863000000.0,5863000000.0,10230219,5.3598,3650717,6579502,-10230219,
603160,汇顶科技,53.16,-0.169,183760000.0,0.74,24772000000.0,24772000000.0,10224175,5.5639,8821713,1402462,-10224175,
301321,翰博高新,51.65,5.6886,331770000.0,4.45,9629000000.0,7624000000.0,10218614,3.08,8658218,1560396,-10218614,
002961,瑞达期货,21.46,1.1787,349420000.0,3.44,10235000000.0,10235000000.0,10182336,2.9141,4243148,5939188,-10182336,
600352,浙江龙盛,12.26,4.0747,732740000.0,1.85,39886000000.0,39886000000.0,10178491,1.3891,-17157505,27335996,-10178491,
300009,安科生物,8.33,2.0833,221980000.0,2.17,13917000000.0,10253000000.0,10170261,4.5816,7068080,3102181,-10170261,
600535,天士力,14.07,1.5152,192150000.0,0.92,21020000000.0,21020000000.0,10139285,5.2768,3987509,6151776,-10139285,
688063,派能科技,41.37,-0.7676,191280000.0,1.88,10151000000.0,10151000000.0,10131502,5.2967,7139028,2992474,-10131502,
301591,肯特股份,46.01,3.5562,392690000.0,19.19,5031000000.0,2056000000.0,10123638,2.578,-2274354,12397992,-10123638,
301516,中远通,19.95,2.046,211260000.0,15.19,5600000000.0,1400000000.0,10103747,4.7826,-805000,10908747,-10103747,
688787,海天瑞声,91.35,-0.2729,131780000.0,2.38,5511000000.0,5511000000.0,10088018,7.6552,-2723078,12811096,-10088018,
000031,大悦城,2.37,6.278,228370000.0,2.31,10159000000.0,10159000000.0,10071960,4.4104,15562200,-5490240,-10071960,
000681,视觉中国,16.41,0.5515,259070000.0,2.34,11496000000.0,11095000000.0,10060976,3.8835,-2998245,13059221,-10060976,
603589,口子窖,17.82,1.5385,100500000.0,0.95,10658000000.0,10658000000.0,10056244,10.0062,3461653,6594591,-10056244,
603707,健友股份,7.89,5.7641,161870000.0,1.29,12747000000.0,12747000000.0,10041819,6.2036,10256986,-215167,-10041819,
688502,茂莱光学,445.5,-1.6578,422460000.0,1.79,23523000000.0,23523000000.0,10024645,2.3729,7746898,2277747,-10024645,
301149,隆华新材,9.11,4.7126,141460000.0,4.61,5092000000.0,3098000000.0,10017404,7.0814,1328142,8689262,-10017404,
688401,路维光电,68.86,-1.9926,334370000.0,2.5,14142000000.0,13314000000.0,10011442,2.9941,-8096094,18107536,-10011442,
301051,信濠光电,18.94,5.8101,180230000.0,4.22,5384000000.0,4277000000.0,9976697,5.5355,-1445650,11422347,-9976697,
000525,红太阳,4.72,4.1943,106090000.0,2.07,6150000000.0,5248000000.0,9976545,9.4039,7607597,2368948,-9976545,
002438,江苏神通,13.81,2.6003,85250000.0,1.32,7009000000.0,6475000000.0,9958694,11.6818,8554141,1404553,-9958694,
300793,佳禾智能,12.04,2.906,160090000.0,3.57,4582000000.0,4480000000.0,9934192,6.2054,4497855,5436337,-9934192,
600126,杭钢股份,6.24,0.9709,181090000.0,0.86,21074000000.0,21074000000.0,9929588,5.4832,4753271,5176317,-9929588,
002296,辉煌科技,9.54,2.6911,113670000.0,3.45,3717000000.0,3314000000.0,9888448,8.6993,3734929,6153519,-9888448,
300132,诺斯贝尔,6.38,3.9088,100360000.0,3.13,3296000000.0,3242000000.0,9865641,9.8303,3839531,6026110,-9865641,
300985,致远新能,39.54,3.103,115570000.0,1.58,7375000000.0,7375000000.0,9847754,8.521,1449729,8398025,-9847754,
600104,上汽集团,11.06,-0.3604,370390000.0,0.29,127138000000.0,127138000000.0,9806174,2.6475,6126167,3680007,-9806174,
300542,新晨科技,12.66,4.3693,96750000.0,3.08,3780000000.0,3190000000.0,9798432,10.1276,6644467,3153965,-9798432,
601898,中煤能源,14.27,2.9582,503670000.0,0.39,189201000000.0,130599000000.0,9796346,1.945,-4527142,14323488,-9796346,
600736,苏州高新,6.77,3.5168,178400000.0,2.32,7794000000.0,7794000000.0,9776347,5.48,8782523,993824,-9776347,
603162,海通发展,14.41,2.4893,686080000.0,11.37,19815000000.0,6123000000.0,9764387,1.4232,-6823090,16587477,-9764387,
002612,朗姿股份,17.45,2.0468,158570000.0,3.5,7721000000.0,4561000000.0,9751893,6.1499,4291040,5460853,-9751893,
603156,养元饮品,45.0,1.1236,406200000.0,0.72,56712000000.0,56712000000.0,9737979,2.3973,-8569776,18307755,-9737979,
600971,恒源煤电,8.54,2.3981,109100000.0,1.08,10248000000.0,10248000000.0,9699931,8.8909,6673754,3026177,-9699931,
000920,沃顿科技,12.94,-1.6717,506510000.0,8.26,6116000000.0,6115000000.0,9686467,1.9124,-5850596,15537063,-9686467,
688636,智明达,21.63,4.1908,192950000.0,5.13,3762000000.0,3762000000.0,9675219,5.0144,1328531,8346688,-9675219,
603393,新天然气,25.73,2.5917,140160000.0,1.3,10907000000.0,10907000000.0,9673026,6.9014,10976838,-1303812,-9673026,
300112,万讯自控,11.42,-1.7212,554060000.0,18.01,3655000000.0,3080000000.0,9668627,1.7451,-21414424,31083051,-9668627,
600901,江苏金租,6.67,-0.4478,168680000.0,0.44,38632000000.0,38622000000.0,9660458,5.7271,1033857,8626601,-9660458,
300353,东土科技,16.75,0.2994,130830000.0,1.45,10299000000.0,9054000000.0,9632315,7.3625,10888485,-1256170,-9632315,
002063,远光软件,5.4,0.9346,84240000.0,0.89,10344000000.0,9553000000.0,9631605,11.4335,4823163,4808442,-9631605,
300363,博腾股份,23.96,5.1338,543270000.0,4.6,13021000000.0,11953000000.0,9625573,1.7718,12068386,-2442813,-9625573,
002803,吉宏股份,21.05,2.733,231550000.0,3.72,9639000000.0,6264000000.0,9621677,4.1553,4127991,5493686,-9621677,
688600,皖仪科技,37.58,1.2938,325260000.0,6.48,5062000000.0,5062000000.0,9615509,2.9563,-8152214,17767723,-9615509,
603390,通达电气,11.07,2.595,151800000.0,3.96,3893000000.0,3886000000.0,9599322,6.3237,3924484,5674838,-9599322,
002465,海格通信,10.39,1.6634,444100000.0,1.73,25786000000.0,25745000000.0,9582876,2.1578,12248233,-2665357,-9582876,
603955,大千生态,24.35,4.5513,102110000.0,3.12,3991000000.0,3305000000.0,9526121,9.3293,7334327,2191794,-9526121,
002895,川恒股份,30.84,0.1624,106850000.0,0.58,18685000000.0,18484000000.0,9523739,8.9132,661037,8862702,-9523739,
002097,山河智能,7.1,0.2825,158040000.0,2.1,7630000000.0,7618000000.0,9521936,6.025,-1173906,10695842,-9521936,
600409,三友化工,6.52,3.3281,138350000.0,1.04,13460000000.0,13460000000.0,9497822,6.8651,4977907,4519915,-9497822,
000721,西安饮食,6.48,4.8544,175020000.0,5.35,3719000000.0,3320000000.0,9491047,5.4228,975440,8515607,-9491047,
688768,容知日新,47.21,14.7266,73140000.0,1.86,4154000000.0,4120000000.0,9486183,12.9699,5586393,3899790,-9486183,
600475,华光环能,15.22,2.3537,105550000.0,0.74,14473000000.0,14351000000.0,9477408,8.9791,3333544,6143864,-9477408,
601568,北元化工,3.7,1.6484,56710000.0,0.39,14697000000.0,14697000000.0,9472622,16.7036,6001746,3470876,-9472622,
600248,陕建股份,2.88,1.0526,48330000.0,0.46,10696000000.0,10673000000.0,9471777,19.5981,2707319,6764458,-9471777,
600375,汉马科技,3.73,1.3587,70770000.0,1.3,5979000000.0,5456000000.0,9440712,13.34,8663566,777146,-9440712,
000839,国安股份,2.91,3.1915,381550000.0,3.36,11407000000.0,11407000000.0,9402361,2.4643,19960528,-10558167,-9402361,
301518,长华化学,26.34,14.5217,199000000.0,13.25,3832000000.0,1547000000.0,9390473,4.7188,4091509,5298964,-9390473,
603885,吉祥航空,10.15,0.495,129440000.0,0.59,22015000000.0,22015000000.0,9380821,7.2472,5995865,3384956,-9380821,
601001,晋控煤业,17.61,4.7591,424160000.0,1.46,29474000000.0,29474000000.0,9375568,2.2104,-1267273,10642841,-9375568,
601669,中国电建,4.64,0.6508,277610000.0,0.46,79929000000.0,60652000000.0,9370676,3.3755,7379415,1991261,-9370676,
601777,千里科技,7.8,0.0,145910000.0,0.41,35265000000.0,35265000000.0,9352305,6.4096,137749,9214556,-9352305,
000799,酒鬼酒,37.84,1.5566,203490000.0,1.67,12295000000.0,12294000000.0,9352254,4.5959,1761606,7590648,-9352254,
002057,中钢天源,9.12,1.8994,130200000.0,1.9,6875000000.0,6870000000.0,9306455,7.1478,5162334,4144121,-9306455,
300842,帝科股份,64.65,0.1394,243280000.0,2.9,9392000000.0,8357000000.0,9274567,3.8123,-9673317,18947884,-9274567,
000813,德展健康,3.36,3.3846,148110000.0,2.12,7046000000.0,7045000000.0,9242677,6.2404,9033611,209066,-9242677,
603369,今世缘,28.59,3.027,332520000.0,0.94,35646000000.0,35646000000.0,9214251,2.771,-5712780,14927031,-9214251,
600825,新华传媒,5.84,9.9812,14520000.0,0.24,6102000000.0,6102000000.0,9181998,63.2369,11463686,-2281688,-9181998,
002695,煌上煌,10.6,-1.8519,104850000.0,1.93,5932000000.0,5421000000.0,9165031,8.7411,38655,9126376,-9165031,
603699,纽威股份,43.57,-3.0053,202450000.0,0.6,33779000000.0,33182000000.0,9141741,4.5156,-7006621,16148362,-9141741,
000969,安泰科技,17.48,1.2746,287270000.0,1.58,18363000000.0,18193000000.0,9137290,3.1807,4581838,4555452,-9137290,
002370,亚太药业,5.44,4.0153,115310000.0,2.87,4056000000.0,4056000000.0,9133049,7.9204,4531390,4601659,-9133049,
002221,东华能源,5.82,3.5587,103600000.0,1.23,9173000000.0,8503000000.0,9130726,8.8134,102775,9027951,-9130726,
001212,中旗新材,38.31,0.8689,420500000.0,6.12,7699000000.0,6920000000.0,9116705,2.1681,-2266942,11383647,-9116705,
601992,金隅集团,1.43,2.1429,132970000.0,1.12,15269000000.0,11918000000.0,9112064,6.8527,4282393,4829671,-9112064,
002449,国星光电,6.72,2.439,91110000.0,2.21,4156000000.0,4156000000.0,9099612,9.9875,1085770,8013842,-9099612,
600388,紫金龙净,17.7,1.4327,141260000.0,0.63,24998000000.0,22480000000.0,9098639,6.4411,-1386718,10485357,-9098639,
600862,中航高科,18.3,1.7798,208600000.0,0.82,25493000000.0,25493000000.0,9096792,4.3609,6457560,2639232,-9096792,
002519,银河电子,6.16,0.9836,364420000.0,5.3,6939000000.0,6920000000.0,9082332,2.4923,11487862,-2405530,-9082332,
300626,华瑞股份,29.78,3.1163,166020000.0,3.08,5360000000.0,5357000000.0,9079550,5.4689,2482339,6597211,-9079550,
600477,杭萧钢构,2.47,2.0661,72290000.0,1.25,5827000000.0,5827000000.0,9062384,12.5362,2707162,6355222,-9062384,
300696,爱乐达,21.65,6.6502,212290000.0,3.61,6370000000.0,5930000000.0,9050885,4.2635,-1958512,11009397,-9050885,
002177,御银股份,5.79,2.8419,135510000.0,3.47,4407000000.0,3955000000.0,9033688,6.6664,8520640,513048,-9033688,
300559,佳发教育,13.31,4.7207,139430000.0,3.44,5318000000.0,4141000000.0,9032391,6.4781,-938400,9970791,-9032391,
002926,华西证券,8.39,2.442,181690000.0,0.83,22024000000.0,22024000000.0,8998882,4.9529,11901298,-2902416,-8998882,
600863,华能蒙电,4.75,0.4228,243370000.0,0.73,37217000000.0,33551000000.0,8994056,3.6956,8614454,379602,-8994056,
002217,ST合力泰,1.65,1.8519,325560000.0,2.75,12341000000.0,12011000000.0,8991110,2.7617,9537523,-546413,-8991110,
688365,光云科技,14.66,2.9494,164840000.0,2.63,6249000000.0,6249000000.0,8979139,5.4472,3146233,5832906,-8979139,
600033,福建高速,3.63,-1.0899,116690000.0,1.17,9962000000.0,9962000000.0,8967225,7.6847,4104228,4862997,-8967225,
600426,华鲁恒升,20.53,5.4443,1306300000.0,2.35,56456000000.0,56449000000.0,8951687,0.6853,31801437,-22849750,-8951687,
300580,贝斯特,18.7,1.41,163760000.0,1.85,9393000000.0,8837000000.0,8945701,5.4627,5121755,3823946,-8945701,
603207,小方制药,25.07,3.7666,129270000.0,9.55,4056000000.0,1369000000.0,8929375,6.9075,3265558,5663817,-8929375,
002139,拓邦股份,9.7,0.8316,116840000.0,1.13,12094000000.0,10390000000.0,8919717,7.6341,3214594,5705123,-8919717,
301207,华兰疫苗,19.01,3.4276,224230000.0,1.98,11426000000.0,11418000000.0,8916106,3.9763,4471910,4444196,-8916106,
300673,佩蒂股份,15.28,2.5503,94470000.0,3.9,3779000000.0,2452000000.0,8904881,9.4261,2732497,6172384,-8904881,
600734,*ST实达,2.0,3.6269,111590000.0,2.6,4357000000.0,4356000000.0,8902637,7.978,0,8902637,-8902637,
300348,长亮科技,9.67,3.0917,151720000.0,2.17,7856000000.0,7063000000.0,8891129,5.8602,1057336,7833793,-8891129,
300251,光线传媒,11.22,1.2635,314380000.0,1.02,32915000000.0,30890000000.0,8883363,2.8257,-573301,9456664,-8883363,
002351,漫步者,10.15,1.5,65650000.0,1.24,9024000000.0,5354000000.0,8878843,13.5245,4061192,4817651,-8878843,
001222,源飞宠物,16.24,5.867,130410000.0,7.29,3100000000.0,1835000000.0,8867996,6.8001,1770872,7097124,-8867996,
601375,中原证券,4.04,1.5075,163950000.0,1.18,18757000000.0,13928000000.0,8863493,5.4062,9210006,-346513,-8863493,
002788,鹭燕医药,11.47,3.3333,175760000.0,4.05,4456000000.0,4380000000.0,8853136,5.0371,6286063,2567073,-8853136,
002780,三夫户外,14.92,5.8156,216410000.0,11.17,2467000000.0,1978000000.0,8805248,4.0688,6008617,2796631,-8805248,
301012,扬电科技,23.12,1.985,158400000.0,3.46,4554000000.0,4554000000.0,8798330,5.5545,448864,8349466,-8798330,
300271,华宇软件,5.94,6.2612,211550000.0,4.46,4822000000.0,4777000000.0,8794739,4.1573,10992346,-2197607,-8794739,
600962,国投中鲁,27.03,2.7366,157080000.0,2.25,7088000000.0,7088000000.0,8792257,5.5973,3673299,5118958,-8792257,
600558,大西洋,4.92,3.3613,102740000.0,2.34,4416000000.0,4416000000.0,8780102,8.5459,5263615,3516487,-8780102,
600559,老白干酒,11.18,1.3599,104920000.0,1.03,10227000000.0,10227000000.0,8778186,8.3666,-609,8778795,-8778186,
300575,中旗股份,6.35,5.6572,249510000.0,11.71,3039000000.0,2199000000.0,8770872,3.5152,5286798,3484074,-8770872,
301211,亨迪药业,12.62,6.5878,202730000.0,3.92,5270000000.0,5270000000.0,8767274,4.3246,887088,7880186,-8767274,
603039,泛微网络,36.09,0.3894,247860000.0,2.23,11103000000.0,11103000000.0,8756611,3.5329,-2629579,11386190,-8756611,
002215,诺普信,10.04,3.8263,304510000.0,3.84,10083000000.0,8113000000.0,8750600,2.8737,-9867600,18618200,-8750600,
603126,中材节能,6.37,2.0833,39130000.0,1.02,3889000000.0,3889000000.0,8744386,22.347,9275082,-530696,-8744386,
002209,达意隆,13.43,3.3077,66340000.0,3.15,2747000000.0,2120000000.0,8742211,13.1779,101789,8640422,-8742211,
601888,中国中免,52.23,0.4423,673260000.0,0.66,108523000000.0,101978000000.0,8739992,1.2982,12059450,-3319458,-8739992,
002416,爱施德,9.37,4.1111,206490000.0,1.82,11612000000.0,11462000000.0,8736436,4.2309,2100612,6635824,-8736436,
002865,钧达股份,38.8,0.8578,253140000.0,2.86,12077000000.0,8878000000.0,8728507,3.4481,5652381,3076126,-8728507,
688480,赛恩斯,69.85,0.3592,71140000.0,1.05,6782000000.0,6782000000.0,8686417,12.2103,-1611626,10298043,-8686417,
301256,华融化学,10.36,5.3917,94910000.0,1.93,4973000000.0,4973000000.0,8655034,9.1192,221287,8433747,-8655034,
600998,九州通,5.01,0.2,191020000.0,0.76,25263000000.0,25263000000.0,8649858,4.5282,15005289,-6355431,-8649858,
600968,海油发展,4.01,1.519,130040000.0,0.32,40762000000.0,40762000000.0,8623842,6.6317,149980,8473862,-8623842,
600977,中国电影,13.53,4.6404,840940000.0,3.37,25261000000.0,25261000000.0,8602803,1.023,31956225,-23353422,-8602803,
300482,万孚生物,16.53,4.2245,105510000.0,1.51,7739000000.0,7096000000.0,8586056,8.1377,1518962,7067094,-8586056,
002639,雪人集团,14.2,0.7092,1258440000.0,13.35,11068000000.0,9373000000.0,8559306,0.6802,360016,8199290,-8559306,
301317,鑫磊股份,51.82,1.3693,144410000.0,5.33,8146000000.0,2705000000.0,8494726,5.8824,9559183,-1064457,-8494726,
600298,安琪酵母,39.15,-1.6332,279140000.0,0.83,33975000000.0,33695000000.0,8490944,3.0418,157336,8333608,-8490944,
300070,碧水源,3.41,1.4881,106700000.0,0.9,12359000000.0,11859000000.0,8484194,7.9514,9154550,-670356,-8484194,
000650,仁和药业,5.33,2.8958,137800000.0,1.96,7462000000.0,7096000000.0,8482860,6.1559,14676589,-6193729,-8482860,
300957,贝泰妮,32.56,3.0706,284210000.0,2.09,13792000000.0,13792000000.0,8474401,2.9817,-3181769,11656170,-8474401,
002701,奥瑞金,4.41,0.6849,75450000.0,0.67,11289000000.0,11278000000.0,8453378,11.2039,-127794,8581172,-8453378,
002675,东诚药业,12.76,2.3256,93110000.0,0.99,10522000000.0,9486000000.0,8431492,9.0554,2789485,5642007,-8431492,
002806,华锋股份,15.67,4.3276,259570000.0,9.98,3330000000.0,2613000000.0,8391874,3.233,578453,7813421,-8391874,
600626,申达股份,3.89,5.7065,107510000.0,2.12,5138000000.0,5138000000.0,8353860,7.7703,2111997,6241863,-8353860,
002058,紫竹高科,17.87,6.0534,106260000.0,4.12,2563000000.0,2562000000.0,8347420,7.8557,759690,7587730,-8347420,
601226,华电科工,6.92,5.3272,152600000.0,1.94,8043000000.0,8043000000.0,8345499,5.4689,658802,7686697,-8345499,
601112,振石股份,17.17,1.0,219840000.0,7.08,29882000000.0,3138000000.0,8313592,3.7817,2619359,5694233,-8313592,
688698,伟创电气,44.28,2.2633,201190000.0,2.1,9522000000.0,9522000000.0,8266993,4.109,-4416638,12683631,-8266993,
301468,博盈特焊,33.54,4.4209,160450000.0,4.94,5673000000.0,3270000000.0,8245206,5.1388,4307403,3937803,-8245206,
600570,恒生电子,20.4,1.2407,293060000.0,0.76,38630000000.0,38630000000.0,8235256,2.8101,-6576781,14812037,-8235256,
603883,老百姓,12.88,2.2222,101500000.0,1.05,9775000000.0,9775000000.0,8218111,8.0967,3786988,4431123,-8218111,
300562,乐心股份,17.49,2.9429,233770000.0,8.07,3829000000.0,2926000000.0,8197467,3.5066,-2167288,10364755,-8197467,
003001,中岩大地,20.88,4.4,611040000.0,26.23,3645000000.0,2388000000.0,8183397,1.3393,-7688715,15872112,-8183397,
000008,神州高铁,2.44,1.6667,72540000.0,1.1,6628000000.0,6628000000.0,8182703,11.2803,-4454640,12637343,-8182703,
600576,祥源文旅,5.47,1.4842,47410000.0,1.32,5768000000.0,3612000000.0,8104605,17.0947,5391946,2712659,-8104605,
000927,中国铁物,2.5,0.8065,92780000.0,0.62,15126000000.0,15126000000.0,8085200,8.7144,2309553,5775647,-8085200,
301218,华是科技,45.97,3.3731,336390000.0,10.21,5242000000.0,3296000000.0,8083323,2.403,8084382,-1059,-8083323,
002304,洋河股份,38.4,0.8933,129690000.0,0.22,57847000000.0,57846000000.0,8070992,6.2233,1758010,6312982,-8070992,
603300,海南华铁,4.71,1.5086,117550000.0,1.26,9416000000.0,9416000000.0,8062305,6.8586,9440046,-1377741,-8062305,
603099,长白山,42.28,7.6923,884820000.0,7.83,11515000000.0,11515000000.0,8058811,0.9108,7374285,684526,-8058811,
301155,海力风电,43.09,2.3759,322620000.0,5.97,9367000000.0,5366000000.0,8052588,2.496,4557019,3495569,-8052588,
300389,艾比森,13.53,6.2844,166110000.0,4.55,4994000000.0,3714000000.0,8041109,4.8408,2632601,5408508,-8041109,
002500,山西证券,5.27,1.1516,101870000.0,0.54,18918000000.0,18918000000.0,8032318,7.8849,5155709,2876609,-8032318,
688004,博汇科技,33.93,-3.7993,500020000.0,18.82,2717000000.0,2717000000.0,8015498,1.603,-28265687,36281185,-8015498,
603897,长城科技,30.89,0.7173,284830000.0,4.48,6377000000.0,6377000000.0,7979015,2.8013,-7265714,15244729,-7979015,
002546,新联电子,7.65,0.5256,68710000.0,1.12,6380000000.0,6129000000.0,7968055,11.5966,-469145,8437200,-7968055,
600100,同方股份,6.88,1.1765,114520000.0,0.5,23050000000.0,23050000000.0,7964502,6.9547,6269824,1694678,-7964502,
603001,奥康国际,11.47,9.9712,322960000.0,7.12,4599000000.0,4599000000.0,7961830,2.4653,32051413,-24089583,-7961830,
600022,山东钢铁,1.32,0.7634,97760000.0,0.7,14122000000.0,14122000000.0,7953569,8.1358,10000965,-2047396,-7953569,
300717,华信新材,19.48,9.2541,114690000.0,5.9,2002000000.0,1984000000.0,7950258,6.932,-4785819,12736077,-7950258,
001386,马可波罗,16.37,2.6332,71310000.0,4.11,19561000000.0,1760000000.0,7938135,11.1319,6533992,1404143,-7938135,
003009,中天火箭,48.28,0.3742,124180000.0,1.56,7953000000.0,7951000000.0,7932945,6.3883,2483410,5449535,-7932945,
688228,开普云,82.84,3.6796,122620000.0,2.22,5596000000.0,5596000000.0,7916521,6.4561,920201,6996320,-7916521,
002020,京新药业,11.75,3.0702,208000000.0,2.46,10117000000.0,8507000000.0,7885040,3.7909,12461724,-4576684,-7885040,
002415,海康威视,32.58,-1.0929,1883390000.0,0.64,298592000000.0,294722000000.0,7879194,0.4184,-132437494,140316688,-7879194,
688808,联讯仪器,2339.1,-5.2229,2791370000.0,6.13,240148000000.0,45136000000.0,7864736,0.2818,-168746848,176611584,-7864736,
600482,中国动力,35.55,4.7128,686970000.0,0.86,80636000000.0,80636000000.0,7858531,1.1439,-5302146,13160677,-7858531,
002380,科远智慧,27.35,1.9001,90250000.0,2.33,6564000000.0,3889000000.0,7853367,8.7018,1029462,6823905,-7853367,
002940,昂利康,23.76,2.5907,189100000.0,4.32,4793000000.0,4388000000.0,7835712,4.1437,-314894,8150606,-7835712,
000158,常山北明,13.15,2.7344,550290000.0,2.64,21022000000.0,20917000000.0,7833781,1.4236,9648369,-1814588,-7833781,
002208,合肥城建,10.38,3.5928,370170000.0,4.5,8338000000.0,8336000000.0,7832991,2.1161,-5527474,13360465,-7832991,
600156,华升股份,9.27,3.5754,280850000.0,7.68,3728000000.0,3728000000.0,7830818,2.7883,3098237,4732581,-7830818,
300043,星辉娱乐,4.47,1.1312,100450000.0,1.81,5562000000.0,5559000000.0,7825394,7.7903,6397112,1428282,-7825394,
300947,德必集团,15.61,8.2524,102710000.0,4.5,2359000000.0,2358000000.0,7825394,7.6189,2487857,5337537,-7825394,
600787,中储股份,4.63,1.5351,76180000.0,0.76,10047000000.0,10047000000.0,7813527,10.2567,4903343,2910184,-7813527,
002067,景兴纸业,4.19,2.445,119930000.0,2.15,6180000000.0,5605000000.0,7804099,6.5072,3843534,3960565,-7804099,
300551,古鳌科技,11.66,4.0143,99490000.0,2.66,3965000000.0,3817000000.0,7791773,7.8317,5097166,2694607,-7791773,
600715,文投控股,1.65,1.227,53010000.0,1.13,6699000000.0,4723000000.0,7772565,14.6625,-627864,8400429,-7772565,
002440,闰土股份,12.44,2.6403,498310000.0,4.25,13983000000.0,11773000000.0,7758871,1.557,-11896117,19654988,-7758871,
603367,辰欣药业,14.46,4.0288,134270000.0,2.07,6547000000.0,6547000000.0,7754808,5.7755,1405716,6349092,-7754808,
000895,双汇发展,23.26,-0.1288,213690000.0,0.27,80588000000.0,80578000000.0,7742951,3.6235,-1952424,9695375,-7742951,
300781,因赛集团,27.3,3.2136,148450000.0,4.52,4482000000.0,3307000000.0,7741889,5.2151,2958455,4783434,-7741889,
300490,华自科技,11.06,2.6927,161880000.0,3.77,4409000000.0,4345000000.0,7720748,4.7694,2988600,4732148,-7720748,
000058,深赛格,7.3,3.8407,76120000.0,1.08,8988000000.0,7189000000.0,7709094,10.1276,-421550,8130644,-7709094,
600057,厦门象屿,6.15,1.318,113340000.0,0.88,17460000000.0,12869000000.0,7695634,6.7899,4633205,3062429,-7695634,
601825,沪农商行,8.82,0.8,141220000.0,0.17,85064000000.0,83193000000.0,7678791,5.4375,-729358,8408149,-7678791,
688602,康鹏科技,6.97,1.7518,35350000.0,0.98,3620000000.0,3620000000.0,7675901,21.714,0,7675901,-7675901,
600976,健民集团,27.58,4.3116,68970000.0,1.65,4231000000.0,4228000000.0,7642047,11.0802,5147994,2494053,-7642047,
601179,中国西电,12.37,1.1447,635970000.0,1.01,63407000000.0,63407000000.0,7616564,1.1976,28851951,-21235387,-7616564,
300840,酷特智能,20.08,2.9744,318430000.0,9.18,4819000000.0,3565000000.0,7612074,2.3905,578783,7033291,-7612074,
601595,上海电影,24.1,-1.6728,394460000.0,3.75,10802000000.0,10802000000.0,7574549,1.9202,10675282,-3100733,-7574549,
001331,胜通能源,46.16,2.8979,321270000.0,2.43,18891000000.0,13194000000.0,7566248,2.3551,-26708307,34274555,-7566248,
603008,ST喜临门,10.11,6.9841,192250000.0,5.17,3723000000.0,3723000000.0,7560879,3.9328,2005454,5555425,-7560879,
603286,日盈电子,44.91,1.6523,139960000.0,2.64,5299000000.0,5249000000.0,7560570,5.402,1176842,6383728,-7560570,
600009,上海机场,22.91,1.0141,111660000.0,0.2,57007000000.0,56822000000.0,7559343,6.77,5739976,1819367,-7559343,
000552,甘肃能化,2.53,2.8455,181540000.0,1.95,13540000000.0,9426000000.0,7528187,4.1468,-7494883,15023070,-7528187,
688368,晶丰明源,146.85,-1.443,550300000.0,2.95,29929000000.0,18643000000.0,7498141,1.3626,-14668221,22166362,-7498141,
603858,步长制药,14.77,1.6518,74840000.0,0.48,15576000000.0,15576000000.0,7494438,10.0139,-2308939,9803377,-7494438,
600969,郴电国际,10.32,4.6653,134210000.0,3.56,3819000000.0,3819000000.0,7478282,5.5721,3987634,3490648,-7478282,
000906,浙商中拓,6.23,1.3008,59240000.0,1.36,4421000000.0,4384000000.0,7473084,12.6149,1248000,6225084,-7473084,
301315,威士顿,42.8,9.9127,202420000.0,6.06,3766000000.0,3458000000.0,7439932,3.6755,7485761,-45829,-7439932,
603882,金域医学,28.76,2.6776,370910000.0,2.83,13323000000.0,13173000000.0,7437569,2.0052,5182756,2254813,-7437569,
301286,侨源股份,48.38,3.354,102020000.0,1.32,19357000000.0,7803000000.0,7433477,7.2863,8085907,-652430,-7433477,
002773,康弘药业,20.4,4.3478,211130000.0,1.52,18795000000.0,14012000000.0,7394979,3.5026,8672583,-1277604,-7394979,
600258,首旅酒店,11.42,0.6167,149930000.0,1.18,12752000000.0,12752000000.0,7374049,4.9183,3053745,4320304,-7374049,
301209,联合化学,62.62,1.7384,178150000.0,2.14,9819000000.0,8388000000.0,7372951,4.1386,4968951,2404000,-7372951,
301262,海看股份,20.41,1.7955,215920000.0,8.71,8511000000.0,2492000000.0,7360608,3.409,-13484071,20844679,-7360608,
300193,佳士科技,8.0,2.5641,32280000.0,0.97,3810000000.0,3345000000.0,7349744,22.7687,1597273,5752471,-7349744,
002840,华统股份,8.41,4.3424,188310000.0,2.84,6746000000.0,6698000000.0,7337321,3.8964,3762204,3575117,-7337321,
605228,XD神通科,11.3,6.0038,111190000.0,2.1,5420000000.0,5392000000.0,7284693,6.5516,3463842,3820851,-7284693,
601077,渝农商行,6.59,0.9188,401260000.0,0.69,74843000000.0,58244000000.0,7243231,1.8051,38558872,-31315641,-7243231,
000966,长源电力,4.06,0.0,97130000.0,0.69,14133000000.0,14133000000.0,7218386,7.4317,830938,6387448,-7218386,
000623,吉林敖东,17.75,1.082,154290000.0,0.73,21227000000.0,21141000000.0,7216970,4.6775,7561311,-344341,-7216970,
688234,天岳先进,106.38,-0.8574,770210000.0,1.68,51554000000.0,45713000000.0,7215203,0.9368,10710871,-3495668,-7215203,
000837,秦川机床,9.83,1.5496,135330000.0,1.37,10058000000.0,9903000000.0,7202740,5.3224,1439582,5763158,-7202740,
600072,中船科技,9.06,1.5695,159440000.0,1.63,13596000000.0,9815000000.0,7193612,4.5118,-2935095,10128707,-7193612,
002184,海得控制,10.04,3.2922,73470000.0,2.96,3533000000.0,2493000000.0,7185185,9.7798,1497934,5687251,-7185185,
301046,能辉科技,34.39,6.4376,238410000.0,5.41,5798000000.0,4477000000.0,7184802,3.0136,896978,6287824,-7184802,
003039,顺控发展,13.12,3.2258,103310000.0,1.29,8102000000.0,8102000000.0,7182966,6.9528,6635396,547570,-7182966,
002385,大北农,3.26,2.1944,323760000.0,2.81,13954000000.0,11624000000.0,7182319,2.2184,-22864053,30046372,-7182319,
002903,宇环数控,31.5,2.4057,286460000.0,8.49,4903000000.0,3388000000.0,7180335,2.5066,6079187,1101148,-7180335,
300078,思创智联,2.77,3.3582,92090000.0,3.01,3097000000.0,3084000000.0,7177588,7.7941,0,7177588,-7177588,
603598,引力传媒,17.24,0.0,175140000.0,3.76,4655000000.0,4650000000.0,7150337,4.0826,1819678,5330659,-7150337,
002818,富森美,11.5,0.1742,39680000.0,1.16,8607000000.0,3431000000.0,7120027,17.9436,2867187,4252840,-7120027,
300239,东宝生物,5.2,5.9063,74120000.0,2.46,3087000000.0,3067000000.0,7115309,9.5997,3748961,3366348,-7115309,
601878,浙商证券,9.15,0.7709,140430000.0,0.34,41495000000.0,41495000000.0,7110016,5.063,12484256,-5374240,-7110016,
300746,汉嘉数智,15.11,5.8865,106770000.0,3.24,3411000000.0,3378000000.0,7098314,6.6482,652947,6445367,-7098314,
600642,申能股份,8.6,-0.8074,115930000.0,0.28,42089000000.0,42089000000.0,7068662,6.0974,1745839,5322823,-7068662,
300095,华伍股份,9.31,1.4161,121340000.0,4.13,3672000000.0,2958000000.0,7060709,5.8189,-1499150,8559859,-7060709,
603900,莱绅通灵,6.93,1.6129,151260000.0,6.46,2376000000.0,2375000000.0,7055952,4.6648,1522520,5533432,-7055952,
600508,上海能源,10.92,2.6316,184440000.0,1.69,11049000000.0,11049000000.0,7006296,3.7987,2728541,4277755,-7006296,
603876,鼎胜新材,18.6,-1.8987,300980000.0,1.73,17284000000.0,17284000000.0,6995498,2.3242,-8130151,15125649,-6995498,
301367,瑞迈特,46.22,4.5228,113900000.0,2.58,5791000000.0,4441000000.0,6994870,6.1412,1222463,5772407,-6994870,
300159,新研股份,2.92,1.0381,82780000.0,1.55,9608000000.0,5376000000.0,6990855,8.4451,0,6990855,-6990855,
603666,亿嘉和,26.84,3.6293,98160000.0,1.8,5516000000.0,5516000000.0,6984616,7.1155,-2529237,9513853,-6984616,
300249,依米康,13.69,1.6333,184580000.0,3.62,6276000000.0,5122000000.0,6978689,3.7808,-1455196,8433885,-6978689,
002901,大博医疗,39.62,2.0082,55620000.0,0.49,16403000000.0,11427000000.0,6966936,12.526,1717787,5249149,-6966936,
603323,苏农银行,4.38,-0.4545,105750000.0,1.09,9725000000.0,9725000000.0,6966308,6.5875,5177123,1789185,-6966308,
600332,白云山,19.73,1.0758,113580000.0,0.41,32077000000.0,27738000000.0,6965027,6.1323,1119471,5845556,-6965027,
601083,锦江航运,13.02,3.6624,148270000.0,5.92,16849000000.0,2527000000.0,6941168,4.6814,0,6941168,-6941168,
001233,海安集团,48.97,7.4375,386270000.0,21.34,9107000000.0,1847000000.0,6940248,1.7967,17249403,-10309155,-6940248,
001217,华尔泰,10.84,5.8594,54620000.0,1.56,3597000000.0,3562000000.0,6937958,12.7022,3619769,3318189,-6937958,
300121,阳谷华泰,9.94,3.5417,151070000.0,3.57,4426000000.0,4268000000.0,6916750,4.5785,2565901,4350849,-6916750,
688176,亚虹医药-U,14.73,15.9843,519170000.0,6.39,8428000000.0,8428000000.0,6913209,1.3316,23343242,-16430033,-6913209,
300359,全通教育,4.11,2.4938,47620000.0,1.85,2603000000.0,2603000000.0,6911435,14.5137,1539572,5371863,-6911435,
000905,厦门港务,9.37,-0.3191,154270000.0,2.23,14451000000.0,6951000000.0,6902338,4.4742,482722,6419616,-6902338,
000009,中国宝安,7.03,0.4286,88200000.0,0.49,18132000000.0,18109000000.0,6898981,7.822,5332480,1566501,-6898981,
300026,红日药业,3.35,4.6875,285800000.0,2.88,10064000000.0,10054000000.0,6892278,2.4116,1005000,5887278,-6892278,
300225,金力泰,8.57,4.1312,243010000.0,6.09,4074000000.0,4046000000.0,6888803,2.8348,8603132,-1714329,-6888803,
603976,正川股份,32.04,5.7775,188160000.0,3.46,5499000000.0,5499000000.0,6872037,3.6522,-675697,7547734,-6872037,
600085,同仁堂,23.66,1.8949,140430000.0,0.44,32449000000.0,32449000000.0,6828776,4.8628,1806148,5022628,-6828776,
300748,金力永磁,25.74,1.4984,370760000.0,1.27,35572000000.0,29135000000.0,6819263,1.8393,-1165238,7984501,-6819263,
300668,杰恩股份,32.42,0.9969,110970000.0,3.43,3903000000.0,3232000000.0,6782883,6.1124,738401,6044482,-6782883,
002948,青岛银行,6.07,0.3306,185140000.0,0.86,35330000000.0,21380000000.0,6774626,3.6592,2940713,3833913,-6774626,
300697,电工合金,15.41,2.8019,165130000.0,3.26,6667000000.0,5104000000.0,6767498,4.0983,11628819,-4861321,-6767498,
000153,丰原药业,6.3,5.1753,94680000.0,3.31,2928000000.0,2903000000.0,6745796,7.1248,1249844,5495952,-6745796,
603727,博迈科,18.7,6.25,112900000.0,2.13,5268000000.0,5268000000.0,6735945,5.9663,8639036,-1903091,-6735945,
002391,长青股份,5.29,2.5194,38740000.0,1.6,3436000000.0,2455000000.0,6719168,17.3443,1321545,5397623,-6719168,
300291,百纳千成,5.49,3.1955,288570000.0,5.66,5171000000.0,5110000000.0,6694708,2.32,-16581718,23276426,-6694708,
600507,方大特钢,4.11,0.2439,44440000.0,0.47,9507000000.0,9507000000.0,6693891,15.0628,7295630,-601739,-6693891,
603628,清源股份,10.57,1.8304,56480000.0,1.98,2882000000.0,2877000000.0,6688250,11.8418,5284907,1403343,-6688250,
300416,苏试试验,14.33,0.1398,135550000.0,1.87,7287000000.0,7238000000.0,6686543,4.9329,3273611,3412932,-6686543,
688680,海优新材,36.47,7.2647,107810000.0,3.08,3558000000.0,3558000000.0,6684823,6.2006,1984276,4700547,-6684823,
300461,田中精机,34.7,4.3609,235230000.0,4.73,5467000000.0,5021000000.0,6673482,2.837,3512493,3160989,-6673482,
301349,信德新材,49.71,8.3951,303190000.0,7.19,7084000000.0,4309000000.0,6673356,2.201,7471150,-797794,-6673356,
601789,宁波建工,4.2,1.4493,82240000.0,1.81,6402000000.0,4565000000.0,6669710,8.1101,4942767,1726943,-6669710,
600461,洪城环境,8.88,-0.7821,113960000.0,0.97,11678000000.0,11678000000.0,6665486,5.849,-2300129,8965615,-6665486,
603799,华友钴业,36.07,0.8105,1155790000.0,1.7,68300000000.0,68086000000.0,6652803,0.5756,-24995517,31648320,-6652803,
601279,英利汽车,3.51,0.8621,45940000.0,0.83,5566000000.0,5566000000.0,6640836,14.4555,0,6640836,-6640836,
688125,安达智能,124.9,1.2238,111530000.0,1.07,10295000000.0,10267000000.0,6633411,5.9476,-727462,7360873,-6633411,
301197,工大科雅,26.3,4.076,90170000.0,3.19,3170000000.0,2860000000.0,6605618,7.3257,-1605424,8211042,-6605618,
001316,润贝航科,29.62,5.3718,182340000.0,4.15,4774000000.0,4454000000.0,6597966,3.6185,-3260299,9858265,-6597966,
600757,长江传媒,7.3,1.108,90610000.0,1.02,8860000000.0,8859000000.0,6588950,7.2718,1047054,5541896,-6588950,
600035,楚天高速,3.66,0.0,31150000.0,0.53,5893000000.0,5893000000.0,6582508,21.1316,4349950,2232558,-6582508,
002649,博彦科技,9.42,1.5086,113120000.0,2.07,5571000000.0,5512000000.0,6560737,5.7998,-4095698,10656435,-6560737,
300510,金冠股份,3.51,1.7391,74390000.0,2.6,2895000000.0,2895000000.0,6552977,8.8089,3100270,3452707,-6552977,
300276,三丰智能,6.06,1.0,130440000.0,1.8,8490000000.0,7305000000.0,6545702,5.0182,9130111,-2584409,-6545702,
603091,众鑫股份,48.21,2.7932,37800000.0,1.77,6901000000.0,2167000000.0,6542519,17.3083,7761098,-1218579,-6542519,
000751,锌业股份,4.69,1.2959,116410000.0,1.55,7577000000.0,7577000000.0,6530722,5.6101,8642724,-2112002,-6530722,
300084,海默科技,10.56,3.3268,94470000.0,1.8,5795000000.0,5303000000.0,6528598,6.9108,-5461268,11989866,-6528598,
000025,特力Ａ,15.28,3.7339,104790000.0,1.77,6587000000.0,6002000000.0,6519675,6.2217,2425748,4093927,-6519675,
001221,悍高集团,36.27,3.5398,109920000.0,4.02,14508000000.0,2788000000.0,6502820,5.916,5481920,1020900,-6502820,
002805,丰元股份,16.82,-0.4734,147860000.0,3.16,4711000000.0,4690000000.0,6500323,4.3963,-2525046,9025369,-6500323,
300006,莱美药业,5.51,4.9524,190440000.0,3.32,5818000000.0,5818000000.0,6491513,3.4087,-4255507,10747020,-6491513,
300902,国安达,17.95,3.4582,98340000.0,4.36,3263000000.0,2274000000.0,6484223,6.5937,-1040983,7525206,-6484223,
300916,朗特智能,26.86,4.9219,113040000.0,4.16,3885000000.0,2758000000.0,6483219,5.7353,6276154,207065,-6483219,
600109,国金证券,8.33,0.9697,182370000.0,0.6,30682000000.0,30682000000.0,6483113,3.5549,-2911859,9394972,-6483113,
605258,协和电子,38.33,2.3498,230540000.0,6.88,3373000000.0,3373000000.0,6477343,2.8096,6103713,373630,-6477343,
001215,千味央厨,32.22,5.8128,91930000.0,2.99,3131000000.0,3122000000.0,6473574,7.0419,7881797,-1408223,-6473574,
600864,哈投股份,5.95,1.3629,357470000.0,2.93,12379000000.0,12379000000.0,6457140,1.8063,-118807,6575947,-6457140,
002446,盛路通信,8.29,1.968,193620000.0,2.77,7589000000.0,7028000000.0,6452009,3.3323,10994232,-4542223,-6452009,
603334,丰倍生物,32.35,2.8617,96090000.0,9.42,4642000000.0,1029000000.0,6445572,6.7078,-514121,6959693,-6445572,
688393,安必平,21.9,11.0548,106870000.0,5.4,2049000000.0,2049000000.0,6428101,6.0149,-268519,6696620,-6428101,
601228,广州港,3.1,0.9772,63210000.0,0.27,23388000000.0,23388000000.0,6417398,10.1525,5637784,779614,-6417398,
300025,华星创业,5.97,8.5455,116570000.0,3.94,3037000000.0,3026000000.0,6416048,5.504,-1328290,7744338,-6416048,
001227,兰州银行,2.12,0.4739,111510000.0,1.26,12075000000.0,8940000000.0,6386940,5.7277,4889064,1497876,-6386940,
301033,迈普医学,55.05,2.7436,97890000.0,3.16,3693000000.0,3104000000.0,6383971,6.5216,5595037,788934,-6383971,
600908,无锡银行,5.75,-0.1736,84400000.0,0.73,12619000000.0,11496000000.0,6382494,7.5622,3995539,2386955,-6382494,
600056,中国医药,9.1,1.7897,112560000.0,0.83,13613000000.0,13608000000.0,6381185,5.6691,-8001663,14382848,-6381185,
605018,长华集团,11.86,2.9514,120600000.0,2.16,5575000000.0,5575000000.0,6371275,5.283,45220,6326055,-6371275,
603638,艾迪精密,18.4,0.4915,105420000.0,0.65,16205000000.0,16205000000.0,6361316,6.0343,205861,6155455,-6361316,
603031,安孚科技,42.41,-0.6559,301900000.0,2.17,15855000000.0,13889000000.0,6358324,2.1061,-7244457,13602781,-6358324,
002053,云南能投,9.72,0.9346,52740000.0,0.59,8949000000.0,8949000000.0,6331810,12.0057,664138,5667672,-6331810,
001209,洪兴股份,19.42,4.803,245760000.0,13.47,2554000000.0,1867000000.0,6327033,2.5745,4298864,2028169,-6327033,
600211,西藏药业,36.77,1.7151,89580000.0,0.76,11852000000.0,11852000000.0,6317309,7.0521,1330796,4986513,-6317309,
000513,丽珠集团,26.7,1.7918,123320000.0,0.82,23707000000.0,15156000000.0,6311839,5.1183,-684337,6996176,-6311839,
003002,壶化股份,16.76,2.759,135080000.0,4.42,4069000000.0,3066000000.0,6305014,4.6676,584870,5720144,-6305014,
300988,津荣天宇,16.19,3.121,68910000.0,2.65,3189000000.0,2624000000.0,6302519,9.146,4394704,1907815,-6302519,
002989,中天精装,24.81,2.0988,176270000.0,3.62,5002000000.0,4908000000.0,6294905,3.5712,-8380230,14675135,-6294905,
600403,大有能源,6.91,2.5223,624920000.0,3.83,16521000000.0,16521000000.0,6279327,1.0048,25445326,-19165999,-6279327,
002232,启明信息,15.75,1.7442,255770000.0,4.01,6435000000.0,6435000000.0,6273858,2.4529,1463212,4810646,-6273858,
000528,柳工,7.69,0.5229,155070000.0,0.99,15692000000.0,15670000000.0,6269672,4.0431,12030273,-5760601,-6269672,
002609,捷顺科技,7.8,2.228,41860000.0,1.18,5019000000.0,3585000000.0,6264452,14.9652,-1171500,7435952,-6264452,
000541,佛山照明,4.96,1.0183,28960000.0,0.48,7617000000.0,6103000000.0,6235264,21.5306,7346961,-1111697,-6235264,
601139,深圳燃气,6.32,-0.3155,80510000.0,0.44,18181000000.0,18181000000.0,6233564,7.7426,4574015,1659549,-6233564,
301507,民生健康,12.94,8.3752,118170000.0,2.62,4614000000.0,4609000000.0,6219383,5.2631,2524420,3694963,-6219383,
300247,融捷健康,3.73,3.8997,56060000.0,1.89,2999000000.0,2999000000.0,6176058,11.0169,2225177,3950881,-6176058,
002736,国信证券,9.93,1.1202,182120000.0,0.18,101701000000.0,101701000000.0,6169519,3.3876,8681253,-2511734,-6169519,
600710,苏美达,11.53,1.1404,123340000.0,0.82,15067000000.0,15067000000.0,6168533,5.0012,4775592,1392941,-6168533,
002457,青龙管业,11.79,3.4211,244770000.0,6.29,3932000000.0,3932000000.0,6149275,2.5123,9998547,-3849272,-6149275,
000779,甘咨询,9.0,1.81,310770000.0,7.49,4183000000.0,4183000000.0,6148841,1.9786,3615047,2533794,-6148841,
300407,凯发电气,11.08,4.825,107830000.0,3.79,3839000000.0,2834000000.0,6143823,5.6977,4693448,1450375,-6143823,
301151,冠龙节能,22.7,2.3445,102040000.0,2.67,3836000000.0,3831000000.0,6132857,6.0102,0,6132857,-6132857,
300221,银禧科技,14.35,1.4851,320950000.0,4.87,6798000000.0,6630000000.0,6124751,1.9083,596183,5528568,-6124751,
600728,佳都科技,4.53,0.4435,82100000.0,0.85,9661000000.0,9661000000.0,6122495,7.4574,4908725,1213770,-6122495,
301246,宏源药业,18.07,3.2571,138000000.0,3.23,7228000000.0,4302000000.0,6111385,4.4285,6536976,-425591,-6111385,
000800,一汽解放,5.93,0.3384,53760000.0,0.18,29183000000.0,29179000000.0,6106768,11.3593,3640170,2466598,-6106768,
300248,新开普,8.32,1.5873,48030000.0,1.42,3963000000.0,3389000000.0,6096727,12.6936,0,6096727,-6096727,
002777,久远银海,12.72,2.3331,59190000.0,1.16,5193000000.0,5145000000.0,6087009,10.2838,2190362,3896647,-6087009,
001229,魅视科技,39.55,-1.1003,234680000.0,8.07,5673000000.0,2917000000.0,6074844,2.5886,-2228057,8302901,-6074844,
600006,东风股份,5.32,0.9488,71250000.0,0.67,10640000000.0,10640000000.0,6067173,8.5153,1266671,4800502,-6067173,
601577,长沙银行,9.72,-0.715,167420000.0,0.43,39090000000.0,39081000000.0,6061986,3.6208,-5253719,11315705,-6061986,
600630,龙头股份,9.12,10.0121,418010000.0,10.8,3875000000.0,3875000000.0,6055798,1.4487,20059555,-14003757,-6055798,
600307,酒钢宏兴,1.51,2.027,58890000.0,0.63,9458000000.0,9458000000.0,6006089,10.1988,5062288,943801,-6006089,
002152,广电运通,9.34,0.6466,127490000.0,0.55,23195000000.0,23183000000.0,5998515,4.7051,-832644,6831159,-5998515,
002107,沃华医药,7.24,5.5394,207970000.0,5.09,4179000000.0,4137000000.0,5990914,2.8807,7627863,-1636949,-5990914,
688410,山外山,10.06,5.5614,155230000.0,3.49,4501000000.0,4501000000.0,5957008,3.8375,-1889270,7846278,-5957008,
300715,凯伦股份,14.89,6.5093,190330000.0,4.11,5629000000.0,4756000000.0,5952321,3.1274,6458607,-506286,-5952321,
002269,美邦服饰,1.45,2.1127,88030000.0,2.62,3643000000.0,3398000000.0,5946924,6.7556,-1709921,7656845,-5946924,
300349,金卡智能,10.23,1.994,38510000.0,1.02,4268000000.0,3782000000.0,5926529,15.3896,21273,5905256,-5926529,
301355,南王科技,12.26,4.9658,83050000.0,4.81,2392000000.0,1737000000.0,5920385,7.1287,906193,5014192,-5920385,
601801,皖新传媒,5.52,3.3708,249240000.0,2.3,10808000000.0,10808000000.0,5919021,2.3748,-1469918,7388939,-5919021,
603231,索宝蛋白,17.15,2.6946,40840000.0,2.27,3284000000.0,1822000000.0,5903465,14.4551,1042457,4861008,-5903465,
002268,电科网安,14.93,1.3578,286620000.0,2.28,12625000000.0,12617000000.0,5897745,2.0577,-5884736,11782481,-5897745,
002830,名雕股份,15.12,3.8462,73210000.0,5.29,2811000000.0,1404000000.0,5896336,8.054,1946524,3949812,-5896336,
300213,佳讯飞鸿,6.58,4.4444,83050000.0,2.31,3911000000.0,3636000000.0,5890230,7.0924,-2322138,8212368,-5890230,
600004,白云机场,7.68,0.6553,50540000.0,0.28,19793000000.0,18176000000.0,5864482,11.6036,-1079676,6944158,-5864482,
001238,浙江正特,26.88,2.1665,90050000.0,2.29,4170000000.0,3909000000.0,5863335,6.5112,838585,5024750,-5863335,
002553,南方精工,15.92,1.5954,179960000.0,4.4,5626000000.0,4079000000.0,5860195,3.2564,602453,5257742,-5860195,
002567,唐人神,3.85,2.9412,99740000.0,1.83,5517000000.0,5512000000.0,5841915,5.8571,4636984,1204931,-5841915,
301055,张小泉,32.28,5.4213,132330000.0,2.72,5036000000.0,4928000000.0,5835405,4.4097,-8129760,13965165,-5835405,
600765,中航重机,13.62,1.3393,205640000.0,0.97,21145000000.0,21145000000.0,5803178,2.822,350270,5452908,-5803178,
002905,金逸影视,9.04,5.6075,78960000.0,2.56,3402000000.0,3159000000.0,5775033,7.3139,2452901,3322132,-5775033,
301010,晶雪节能,19.1,3.9173,102670000.0,5.02,2063000000.0,2063000000.0,5768281,5.6183,-154043,5922324,-5768281,
000039,中集集团,9.32,1.8579,190460000.0,0.9,50258000000.0,21449000000.0,5765168,3.027,11071034,-5305866,-5765168,
300981,中红医疗,18.79,3.5262,536990000.0,7.47,8058000000.0,7384000000.0,5759020,1.0725,6183684,-424664,-5759020,
300678,中科信息,21.73,1.637,79300000.0,1.25,6440000000.0,6361000000.0,5757211,7.26,-434408,6191619,-5757211,
600029,南方航空,4.95,0.4057,251500000.0,0.38,89699000000.0,66711000000.0,5754104,2.2879,10148078,-4393974,-5754104,
002392,北京利尔,7.86,0.8986,78220000.0,0.86,9357000000.0,9098000000.0,5728537,7.3236,4885906,842631,-5728537,
301277,新天地,10.42,5.6795,66020000.0,1.63,4085000000.0,4085000000.0,5726839,8.6744,2054891,3671948,-5726839,
002659,凯文教育,4.62,4.0541,53170000.0,1.96,2764000000.0,2764000000.0,5725059,10.7675,1567276,4157783,-5725059,
688277,天智航-U,15.59,4.2112,105490000.0,1.46,7272000000.0,7272000000.0,5720785,5.4231,5800277,-79492,-5720785,
603713,密尔克卫,68.32,4.9946,175090000.0,1.48,11891000000.0,11891000000.0,5702121,3.2567,-29666,5731787,-5702121,
002988,豪美新材,32.1,2.0019,160740000.0,2.04,8019000000.0,8019000000.0,5695695,3.5434,2274109,3421586,-5695695,
688249,晶合集成,36.55,-0.5442,564770000.0,0.76,81681000000.0,73383000000.0,5692429,1.0079,6070464,-378035,-5692429,
688191,智洋创新,21.58,1.2195,146470000.0,2.06,7078000000.0,7078000000.0,5659989,3.8643,3249655,2410334,-5659989,
002266,浙富控股,5.05,1.4056,371340000.0,1.52,26357000000.0,24455000000.0,5659097,1.524,8362043,-2702946,-5659097,
688131,XD皓元医,102.18,3.5258,477010000.0,2.21,21788000000.0,21788000000.0,5659071,1.1864,12203976,-6544905,-5659071,
301339,通行宝,11.6,4.9774,117860000.0,1.79,6731000000.0,6650000000.0,5637246,4.783,2794207,2843039,-5637246,
300891,惠云钛业,7.92,3.3943,75530000.0,2.88,3168000000.0,2641000000.0,5636237,7.4622,-5720301,11356538,-5636237,
688013,天臣医疗,23.68,5.5729,32120000.0,1.71,1922000000.0,1922000000.0,5631870,17.5338,1158458,4473412,-5631870,
600758,辽宁能源,3.74,1.9074,139090000.0,2.86,4944000000.0,4940000000.0,5631043,4.0485,7182899,-1551856,-5631043,
603368,柳药集团,15.56,1.2362,42980000.0,0.7,6181000000.0,6181000000.0,5627405,13.0931,2799209,2828196,-5627405,
300775,三角防务,21.59,2.5166,267690000.0,2.33,11822000000.0,11478000000.0,5625185,2.1014,1422548,4202637,-5625185,
601106,中国一重,3.06,0.6579,154380000.0,0.74,20985000000.0,20985000000.0,5609147,3.6333,-2898461,8507608,-5609147,
603803,瑞斯康达,11.85,0.8511,187050000.0,3.73,5035000000.0,5035000000.0,5608693,2.9985,-1142324,6751017,-5608693,
605286,同力天启,25.61,2.44,97100000.0,2.27,4302000000.0,4302000000.0,5602882,5.7702,3726556,1876326,-5602882,
301067,显盈科技,33.3,2.3041,107130000.0,4.88,3238000000.0,2198000000.0,5599212,5.2266,7855580,-2256368,-5599212,
603489,八方股份,29.49,1.9005,70070000.0,1.02,6919000000.0,6919000000.0,5594069,7.9835,1000578,4593491,-5594069,
000042,中洲控股,8.53,3.3939,50490000.0,0.91,5671000000.0,5665000000.0,5586463,11.0645,1878240,3708223,-5586463,
002823,凯中精密,12.97,1.7255,48230000.0,1.68,4248000000.0,2893000000.0,5578514,11.5665,5970252,-391738,-5578514,
603018,XD华设集,5.31,3.5088,50880000.0,1.18,4350000000.0,4350000000.0,5574872,10.9569,2138812,3436060,-5574872,
300798,锦鸡股份,8.78,6.0386,343830000.0,9.74,4330000000.0,3562000000.0,5572821,1.6208,-5656391,11229212,-5572821,
000719,中原传媒,12.01,-1.8791,83450000.0,1.03,12289000000.0,8012000000.0,5569152,6.6736,1616891,3952261,-5569152,
688160,步科股份,97.79,0.1434,127170000.0,1.41,8920000000.0,8920000000.0,5561294,4.3731,722115,4839179,-5561294,
605179,一鸣食品,27.31,6.3474,667160000.0,6.17,10951000000.0,10951000000.0,5556868,0.8329,16162148,-10605280,-5556868,
600681,百川能源,3.52,1.1494,48610000.0,1.04,4720000000.0,4716000000.0,5554007,11.4256,1160406,4393601,-5554007,
000055,方大集团,3.78,0.8,94440000.0,3.72,4059000000.0,2555000000.0,5545406,5.8719,3521423,2023983,-5545406,
301115,联检科技,35.35,7.0563,328860000.0,6.44,6436000000.0,5274000000.0,5542120,1.6853,693205,4848915,-5542120,
300521,爱司凯,25.8,3.2,79040000.0,2.09,3863000000.0,3811000000.0,5540507,7.0098,3214704,2325803,-5540507,
001288,运机集团,30.71,2.7778,146790000.0,3.13,7179000000.0,4664000000.0,5532885,3.7693,6130494,-597609,-5532885,
601339,百隆东方,7.22,-0.6878,57950000.0,0.54,10827000000.0,10827000000.0,5528567,9.5402,0,5528567,-5528567,
300283,温州宏丰,14.6,2.0266,686210000.0,12.43,7256000000.0,5546000000.0,5516410,0.8039,10413362,-4896952,-5516410,
600120,浙江东方,4.78,1.0571,145520000.0,0.9,16326000000.0,16326000000.0,5500054,3.7796,13195342,-7695288,-5500054,
600657,信达地产,3.15,7.5085,362950000.0,4.15,8983000000.0,8983000000.0,5489082,1.5124,20088891,-14599809,-5489082,
000544,中原环保,7.3,0.551,25250000.0,0.36,7115000000.0,7115000000.0,5484814,21.722,0,5484814,-5484814,
002389,航天彩虹,19.23,2.9443,439200000.0,2.32,18940000000.0,18937000000.0,5473598,1.2463,-3925530,9399128,-5473598,
002408,齐翔腾达,5.48,1.4815,108420000.0,0.72,15583000000.0,15080000000.0,5453385,5.0299,2664346,2789039,-5453385,
300123,ST亚光,4.54,-0.2198,80600000.0,1.79,4639000000.0,4513000000.0,5450997,6.763,1558258,3892739,-5450997,
603856,东宏股份,11.71,2.5394,35300000.0,1.08,3303000000.0,3303000000.0,5448574,15.4351,4201746,1246828,-5448574,
688016,心脉医疗,86.08,1.5573,92120000.0,0.87,10610000000.0,10610000000.0,5433628,5.8984,-4743317,10176945,-5433628,
002492,恒基达鑫,6.2,7.0812,88040000.0,3.64,2511000000.0,2467000000.0,5431041,6.1688,-49114,5480155,-5431041,
601166,兴业银行,17.73,-0.2812,972940000.0,0.26,375217000000.0,375217000000.0,5409112,0.556,-28656840,34065952,-5409112,
600433,冠豪高新,3.38,2.1148,85350000.0,1.45,5916000000.0,5916000000.0,5404980,6.3327,7640062,-2235082,-5404980,
600132,重庆啤酒,38.11,0.9002,89760000.0,0.49,18444000000.0,18444000000.0,5370900,5.9836,-584168,5955068,-5370900,
301300,远翔新材,33.7,-1.4908,102780000.0,7.85,2205000000.0,1317000000.0,5369653,5.2244,666882,4702771,-5369653,
301061,匠心家居,43.74,3.1117,282240000.0,3.46,12440000000.0,8277000000.0,5364432,1.9007,-8694170,14058602,-5364432,
300311,任子行,5.98,4.0,437760000.0,13.83,4028000000.0,3214000000.0,5355027,1.2233,-628017,5983044,-5355027,
603609,禾丰股份,6.52,3.1646,31730000.0,0.55,5894000000.0,5894000000.0,5346836,16.851,340200,5006636,-5346836,
605033,美邦股份,19.74,6.8182,102310000.0,3.89,2669000000.0,2669000000.0,5344957,5.2243,2018887,3326070,-5344957,
301178,天亿马,38.09,3.365,144460000.0,5.53,3546000000.0,2616000000.0,5318496,3.6816,5607871,-289375,-5318496,
000936,华西股份,5.66,1.982,149140000.0,3.0,5015000000.0,5014000000.0,5316480,3.5648,1046779,4269701,-5316480,
000062,深圳华强,23.76,2.9017,767830000.0,3.11,24851000000.0,24824000000.0,5285770,0.6884,-26026259,31312029,-5285770,
002995,天地在线,17.47,3.8644,200320000.0,9.36,3100000000.0,2126000000.0,5278455,2.635,2921617,2356838,-5278455,
603229,奥翔药业,7.91,4.3536,81270000.0,1.26,6568000000.0,6568000000.0,5274473,6.4901,-1478354,6752827,-5274473,
300324,旋极信息,3.45,2.071,100030000.0,1.71,5960000000.0,5899000000.0,5272609,5.271,2049653,3222956,-5272609,
301018,申菱环境,104.09,-0.8855,1589520000.0,5.35,38959000000.0,29439000000.0,5265760,0.3313,24387760,-19122000,-5265760,
301525,儒竞科技,39.89,3.476,76600000.0,2.69,5267000000.0,2880000000.0,5233838,6.8327,747754,4486084,-5233838,
300531,优博讯,15.73,2.1429,123350000.0,2.54,5051000000.0,4902000000.0,5222723,4.2341,1558159,3664564,-5222723,
300106,西部牧业,10.92,1.2048,86220000.0,3.75,2308000000.0,2308000000.0,5215084,6.0486,453268,4761816,-5215084,
002550,千红制药,6.6,2.6439,90090000.0,1.44,8447000000.0,6294000000.0,5211802,5.7851,3187809,2023993,-5211802,
600089,特变电工,18.3,0.9377,735780000.0,0.8,92466000000.0,92466000000.0,5192260,0.7057,35372829,-30180569,-5192260,
300286,安科瑞,19.61,1.5536,73370000.0,1.81,4918000000.0,4074000000.0,5189945,7.0737,579294,4610651,-5189945,
600255,鑫科材料,3.73,2.7548,344150000.0,5.17,6737000000.0,6737000000.0,5189373,1.5079,12960698,-7771325,-5189373,
600335,国机汽车,5.23,1.3566,58130000.0,0.75,7779000000.0,7779000000.0,5185067,8.9198,-2138496,7323563,-5185067,
300168,万达信息,4.8,1.6949,68480000.0,1.0,6915000000.0,6909000000.0,5181942,7.5671,-402208,5584150,-5181942,
603998,方盛制药,10.71,3.0799,138780000.0,2.98,4703000000.0,4703000000.0,5179112,3.7319,3485613,1693499,-5179112,
002289,宇顺电子,36.61,-0.5973,145310000.0,1.42,10260000000.0,10047000000.0,5173670,3.5604,3124678,2048992,-5173670,
301270,汉仪股份,33.09,1.9095,78010000.0,2.5,3309000000.0,3127000000.0,5165595,6.6217,3827539,1338056,-5165595,
603855,华荣股份,17.02,1.7943,33400000.0,0.58,5744000000.0,5711000000.0,5164552,15.4627,477703,4686849,-5164552,
300534,陇神戎发,13.83,8.1314,1051790000.0,25.64,4195000000.0,4177000000.0,5159736,0.4906,26267695,-21107959,-5159736,
600649,城投控股,4.11,4.0506,184240000.0,1.83,10241000000.0,10241000000.0,5156583,2.7988,16524503,-11367920,-5156583,
600718,东软集团,8.11,2.5284,73200000.0,0.76,9703000000.0,9703000000.0,5148734,7.0338,-1067368,6216102,-5148734,
003000,劲仔食品,9.55,1.5957,40810000.0,1.45,4210000000.0,2846000000.0,5145592,12.6087,0,5145592,-5145592,
600511,国药股份,26.27,0.8058,80360000.0,0.55,19821000000.0,14536000000.0,5134795,6.3897,1069784,4065011,-5134795,
300826,测绘股份,15.75,1.7442,98020000.0,2.83,3594000000.0,3490000000.0,5131873,5.2355,172339,4959534,-5131873,
300146,汤臣倍健,9.34,1.1918,98270000.0,0.94,15800000000.0,10468000000.0,5121486,5.2116,3098533,2022953,-5121486,
002034,旺能环境,14.57,1.3213,70000000.0,0.94,7528000000.0,7497000000.0,5114473,7.3064,2408800,2705673,-5114473,
300307,慈星股份,7.33,3.2394,158110000.0,2.78,5868000000.0,5774000000.0,5106360,3.2296,-8111798,13218158,-5106360,
601939,建设银行,10.93,1.1101,974270000.0,0.94,2859292000000.0,104859000000.0,5105642,0.524,-9670253,14775895,-5105642,
605118,力鼎光电,33.4,0.9674,135740000.0,0.99,13735000000.0,13656000000.0,5104838,3.7607,5366287,-261449,-5104838,
603899,晨光股份,21.75,0.046,54390000.0,0.27,19919000000.0,19919000000.0,5103861,9.3838,1087000,4016861,-5103861,
002213,大为股份,29.58,0.6807,417460000.0,6.84,7113000000.0,6117000000.0,5100485,1.2218,4788712,311773,-5100485,
688190,云路股份,73.73,2.417,101650000.0,1.14,8848000000.0,8848000000.0,5093711,5.011,4694321,399390,-5093711,
600820,隧道股份,5.27,0.1901,77230000.0,0.47,16569000000.0,16569000000.0,5090432,6.5913,3630983,1459449,-5090432,
603113,金能科技,5.03,2.863,72470000.0,1.72,4268000000.0,4268000000.0,5087780,7.0205,1465120,3622660,-5087780,
000989,九芝堂,8.97,3.341,176650000.0,2.71,7678000000.0,6586000000.0,5078258,2.8748,7670831,-2592573,-5078258,
301683,慧谷新材,100.68,2.0992,75490000.0,5.29,6355000000.0,1436000000.0,5072637,6.7196,1988469,3084168,-5072637,
600408,安泰集团,3.1,2.3102,98130000.0,3.18,3121000000.0,3121000000.0,5071799,5.1684,1525000,3546799,-5071799,
300910,瑞丰新材,28.45,2.4856,151790000.0,2.0,10898000000.0,7632000000.0,5070184,3.3403,-678936,5749120,-5070184,
000825,太钢不锈,3.44,1.4749,105170000.0,0.54,19595000000.0,19595000000.0,5067428,4.8183,8792863,-3725435,-5067428,
600076,康欣新材,2.3,5.0228,182800000.0,5.87,3092000000.0,3092000000.0,5060734,2.7685,11056383,-5995649,-5060734,
300397,天和防务,10.78,0.7477,108060000.0,2.46,5580000000.0,4400000000.0,5057938,4.6807,-1129552,6187490,-5057938,
603421,鼎信通讯,7.03,1.443,231050000.0,5.11,4585000000.0,4585000000.0,5054650,2.1877,6842800,-1788150,-5054650,
600075,新疆天业,4.7,3.2967,79510000.0,1.0,8027000000.0,8027000000.0,5052576,6.3546,5385673,-333097,-5052576,
000078,ST海王,1.57,3.2895,94850000.0,2.31,4131000000.0,4129000000.0,5048810,5.3229,3296296,1752514,-5048810,
000570,苏常柴Ａ,5.35,1.711,53960000.0,1.82,3775000000.0,2973000000.0,5028976,9.3198,1138201,3890775,-5028976,
600416,湘电股份,8.67,1.7606,98190000.0,0.77,12795000000.0,12795000000.0,5024461,5.1171,-4566611,9591072,-5024461,
601500,通用股份,3.91,0.5141,33090000.0,0.54,6190000000.0,6190000000.0,5008276,15.1353,0,5008276,-5008276,
601236,红塔证券,6.84,1.6345,83350000.0,0.26,32102000000.0,32102000000.0,5003678,6.0032,11746314,-6742636,-5003678,
002102,ST能特,2.83,4.428,50740000.0,0.88,6838000000.0,5860000000.0,5003033,9.8601,-1004640,6007673,-5003033,
301279,金道科技,23.94,5.4626,84490000.0,2.72,4034000000.0,3124000000.0,5002378,5.9207,-890711,5893089,-5002378,
300420,五洋自控,7.71,2.2546,459560000.0,5.41,8607000000.0,8607000000.0,4990468,1.0859,-7681844,12672312,-4990468,
300340,科恒股份,8.87,5.2195,71720000.0,3.03,2444000000.0,2425000000.0,4986115,6.9522,0,4986115,-4986115,
688655,迅捷兴,73.21,12.6134,1047720000.0,10.99,9765000000.0,9765000000.0,4985671,0.4759,-1419689,6405360,-4985671,
603303,得邦照明,28.68,3.2026,80820000.0,0.6,13679000000.0,13679000000.0,4973980,6.1544,203720,4770260,-4973980,
002494,华斯股份,4.8,5.2632,79920000.0,5.87,1811000000.0,1376000000.0,4926341,6.1641,1418645,3507696,-4926341,
002115,三维通信,10.14,0.4955,250730000.0,3.32,8163000000.0,7567000000.0,4909909,1.9582,-8194969,13104878,-4909909,
603917,合力科技,14.35,4.9744,102230000.0,3.52,2925000000.0,2925000000.0,4905000,4.798,-25783,4930783,-4905000,
000869,张裕Ａ,16.78,3.5163,48170000.0,0.64,10794000000.0,7636000000.0,4901800,10.176,1665144,3236656,-4901800,
688580,伟思医疗,44.07,3.0877,56950000.0,1.35,4221000000.0,4221000000.0,4901614,8.6069,8134939,-3233325,-4901614,
688488,艾迪药业,16.6,8.2138,231010000.0,3.37,6985000000.0,6985000000.0,4897325,2.12,-1609630,6506955,-4897325,
688786,悦安新材,29.53,2.3925,153740000.0,3.01,5118000000.0,5118000000.0,4889326,3.1803,-948036,5837362,-4889326,
688009,中国通号,4.7,0.6424,93370000.0,0.23,49772000000.0,40519000000.0,4887295,5.2343,0,4887295,-4887295,
300238,冠昊生物,11.92,5.9556,110910000.0,3.55,3161000000.0,3160000000.0,4879426,4.3994,219581,4659845,-4879426,
605319,无锡振华,23.27,3.1015,161620000.0,1.95,8147000000.0,8101000000.0,4858132,3.0059,-3759126,8617258,-4858132,
600125,铁龙物流,5.34,1.1364,44370000.0,0.64,6971000000.0,6971000000.0,4841742,10.9122,6348621,-1506879,-4841742,
301257,普蕊斯,41.73,5.1663,235700000.0,7.59,3297000000.0,3143000000.0,4830163,2.0493,1781380,3048783,-4830163,
002568,百润股份,18.29,2.0647,177140000.0,1.28,19051000000.0,13939000000.0,4826648,2.7248,6331878,-1505230,-4826648,
002945,华林证券,14.63,2.6667,297070000.0,0.76,39501000000.0,39501000000.0,4821701,1.6231,6615519,-1793818,-4821701,
688581,安杰思,57.18,3.7185,62190000.0,2.66,4617000000.0,2355000000.0,4817921,7.7471,3281705,1536216,-4817921,
002374,中锐股份,3.19,2.9032,57950000.0,1.69,3462000000.0,3462000000.0,4806719,8.2946,1652043,3154676,-4806719,
000816,智慧农业,2.94,3.1579,113790000.0,2.72,4254000000.0,4232000000.0,4805713,4.2233,370431,4435282,-4805713,
605066,天正电气,6.92,2.5185,54750000.0,1.6,3477000000.0,3477000000.0,4800978,8.7689,-189008,4989986,-4800978,
002605,姚记科技,16.84,1.0804,57860000.0,1.02,7036000000.0,5700000000.0,4797474,8.2915,0,4797474,-4797474,
301313,凡拓数创,31.07,1.3042,108120000.0,4.43,3179000000.0,2446000000.0,4795728,4.4356,1560828,3234900,-4795728,
300686,智动力,15.13,1.817,77790000.0,1.99,3943000000.0,3917000000.0,4794213,6.163,1514035,3280178,-4794213,
688061,灿瑞科技,46.2,1.8294,110500000.0,2.11,5308000000.0,5308000000.0,4791648,4.3363,-1800147,6591795,-4791648,
601019,山东出版,6.81,1.1887,73180000.0,0.51,14212000000.0,14212000000.0,4791433,6.5475,2247089,2544344,-4791433,
300451,创业慧康,3.44,2.381,75230000.0,1.44,5329000000.0,5267000000.0,4773745,6.3455,-525758,5299503,-4773745,
600679,上海凤凰,10.52,2.3346,82600000.0,2.3,5210000000.0,3616000000.0,4771765,5.777,1268526,3503239,-4771765,
002424,ST百灵,4.58,1.7778,30700000.0,0.59,6346000000.0,5220000000.0,4767944,15.5308,-1038310,5806254,-4767944,
003004,声迅股份,61.37,0.3762,222030000.0,5.16,5024000000.0,4219000000.0,4765703,2.1464,-12001140,16766843,-4765703,
002056,横店东磁,20.26,-0.197,338730000.0,1.03,32957000000.0,32923000000.0,4764386,1.4065,-6734575,11498961,-4764386,
601518,吉林高速,2.79,0.3597,39330000.0,0.75,5275000000.0,5275000000.0,4764108,12.1132,-4478169,9242277,-4764108,
301266,宇邦新材,25.8,5.6944,131410000.0,3.81,3689000000.0,3499000000.0,4751607,3.6159,249896,4501711,-4751607,
600054,黄山旅游,10.9,1.0195,74930000.0,1.34,7950000000.0,5595000000.0,4728972,6.3112,2467874,2261098,-4728972,
600866,星湖科技,4.23,3.423,115120000.0,1.65,7028000000.0,7028000000.0,4728034,4.107,11530494,-6802460,-4728034,
301157,华塑科技,68.41,5.4896,81710000.0,2.51,4105000000.0,3315000000.0,4723066,5.7803,1087507,3635559,-4723066,
301601,惠通科技,16.03,7.0808,103830000.0,8.89,2252000000.0,1181000000.0,4713816,4.5399,-2561382,7275198,-4713816,
601921,浙版传媒,7.5,1.9022,66400000.0,0.4,16667000000.0,16667000000.0,4704337,7.0848,0,4704337,-4704337,
300581,晨曦航空,10.46,1.85,108560000.0,1.89,5754000000.0,5754000000.0,4696217,4.3259,2786488,1909729,-4696217,
600210,紫江企业,6.25,0.321,75820000.0,0.8,9480000000.0,9480000000.0,4696005,6.1936,2739409,1956596,-4696005,
002098,浔兴股份,8.31,5.0569,57350000.0,1.95,2975000000.0,2975000000.0,4694936,8.1865,132342,4562594,-4694936,
603328,依顿电子,13.8,4.3873,868890000.0,6.41,13779000000.0,13779000000.0,4686428,0.5394,-5153264,9839692,-4686428,
002301,齐心集团,8.43,7.9385,203280000.0,3.43,6103000000.0,6053000000.0,4679592,2.302,9616759,-4937167,-4679592,
300492,华图山鼎,22.25,2.9616,55850000.0,0.92,6126000000.0,6126000000.0,4666163,8.3548,512300,4153863,-4666163,
002514,*ST宝馨,2.69,4.2636,104200000.0,7.07,1937000000.0,1490000000.0,4661505,4.4736,477195,4184310,-4661505,
605128,上海沿浦,23.26,2.5121,97490000.0,1.35,7303000000.0,7303000000.0,4640467,4.7599,1626369,3014098,-4640467,
002160,常铝股份,3.96,1.2788,39010000.0,0.96,4090000000.0,4082000000.0,4639369,11.8928,3052485,1586884,-4639369,
000027,深圳能源,6.28,-0.159,108320000.0,0.36,29876000000.0,29876000000.0,4635039,4.279,-4932399,9567438,-4635039,
000901,航天科技,14.48,0.7655,148660000.0,1.29,11558000000.0,11558000000.0,4627173,3.1126,-1677223,6304396,-4627173,
300310,宜通世纪,4.35,1.3986,76170000.0,2.18,3835000000.0,3509000000.0,4626044,6.0733,229416,4396628,-4626044,
601096,宏盛华源,4.16,1.2165,62060000.0,0.91,11129000000.0,6835000000.0,4614237,7.4351,4909908,-295671,-4614237,
002683,广东宏大,28.83,2.5614,220780000.0,1.11,21907000000.0,19967000000.0,4610708,2.0884,4499394,111314,-4610708,
688267,中触媒,22.66,3.8497,133700000.0,2.63,5170000000.0,5170000000.0,4609530,3.4477,1709130,2900400,-4609530,
300919,中伟新材,38.15,0.3155,319610000.0,0.91,39846000000.0,34901000000.0,4578888,1.4326,-1040749,5619637,-4578888,
000949,新乡化纤,7.01,2.4854,218610000.0,1.9,11615000000.0,11612000000.0,4578759,2.0945,8589424,-4010665,-4578759,
603517,ST绝味,11.78,0.9426,56870000.0,0.8,7139000000.0,7139000000.0,4567222,8.031,-4299665,8866887,-4567222,
300229,拓尔思,13.24,1.6897,241530000.0,2.08,11567000000.0,11559000000.0,4565479,1.8902,-5095101,9660580,-4565479,
600597,光明乳业,6.82,2.4024,69250000.0,0.74,9401000000.0,9401000000.0,4564130,6.5908,0,4564130,-4564130,
601666,平煤股份,9.01,1.8079,165580000.0,0.75,22249000000.0,22249000000.0,4552906,2.7497,2594230,1958676,-4552906,
002861,瀛通通讯,14.85,1.9918,57270000.0,2.74,2766000000.0,2109000000.0,4543888,7.9342,0,4543888,-4543888,
600827,百联股份,7.87,1.027,101220000.0,0.81,14041000000.0,12627000000.0,4541699,4.487,-2655361,7197060,-4541699,
300865,大宏立,33.03,2.3234,201760000.0,9.9,3160000000.0,2053000000.0,4531905,2.2462,-36285,4568190,-4531905,
301632,广东建科,13.65,3.3308,112250000.0,4.5,5713000000.0,2509000000.0,4531410,4.0369,3002714,1528696,-4531410,
688199,久日新材,25.37,1.1563,95740000.0,2.35,4090000000.0,4090000000.0,4526664,4.7281,-1400250,5926914,-4526664,
600305,恒顺醋业,6.76,1.8072,51020000.0,0.69,7468000000.0,7456000000.0,4526547,8.8721,3023725,1502822,-4526547,
000701,厦门信达,5.28,2.1277,59280000.0,1.69,3529000000.0,3526000000.0,4516364,7.6187,-3152,4519516,-4516364,
688057,金达莱,16.57,2.032,60160000.0,1.32,4573000000.0,4573000000.0,4514099,7.5035,997322,3516777,-4514099,
600704,物产中大,4.89,-0.2041,148360000.0,0.59,25287000000.0,25287000000.0,4496738,3.031,-9907400,14404138,-4496738,
301125,腾亚精工,14.15,6.2312,56980000.0,2.31,2937000000.0,2490000000.0,4495005,7.8887,0,4495005,-4495005,
002173,创新医疗,18.6,3.9687,729250000.0,9.31,8208000000.0,7828000000.0,4484831,0.615,12313841,-7829010,-4484831,
603103,横店影视,16.74,1.9488,153190000.0,1.46,10617000000.0,10617000000.0,4482585,2.9262,-1010178,5492763,-4482585,
300705,九典制药,10.99,4.1706,93530000.0,2.32,5498000000.0,4066000000.0,4480401,4.7903,1374319,3106082,-4480401,
603926,铁流股份,17.74,3.3197,72320000.0,1.77,4133000000.0,4095000000.0,4479834,6.1945,5228810,-748976,-4479834,
300979,华利集团,33.37,3.0893,104390000.0,0.27,38943000000.0,38943000000.0,4478950,4.2906,4577250,-98300,-4478950,
605167,利柏特,16.99,1.1912,99100000.0,1.15,8663000000.0,8663000000.0,4474897,4.5155,-220994,4695891,-4474897,
603809,豪能股份,8.69,1.4002,52430000.0,0.66,7997000000.0,7997000000.0,4461787,8.51,2491127,1970660,-4461787,
600725,云维股份,3.34,1.5198,38760000.0,0.95,4116000000.0,4116000000.0,4430866,11.4315,0,4430866,-4430866,
688692,达梦数据,204.91,0.7919,156970000.0,1.04,23204000000.0,15197000000.0,4430163,2.8223,12747193,-8317030,-4430163,
301563,云汉芯城,115.75,-0.2069,162610000.0,7.33,9798000000.0,2215000000.0,4429828,2.7242,-1202027,5631855,-4429828,
600562,国睿科技,27.76,0.7988,217220000.0,0.63,34474000000.0,34474000000.0,4422119,2.0358,-1285600,5707719,-4422119,
000677,ST海龙,1.86,3.3333,46210000.0,2.9,1607000000.0,1607000000.0,4420885,9.5669,925000,3495885,-4420885,
002358,森源电气,5.4,0.7463,54000000.0,1.08,5021000000.0,5021000000.0,4418965,8.1833,2882602,1536363,-4418965,
688811,有研复材,21.08,0.2378,124740000.0,6.43,10575000000.0,1942000000.0,4416967,3.5409,3803908,613059,-4416967,
301235,华康洁净,46.91,-0.6144,388490000.0,7.93,6532000000.0,4889000000.0,4386229,1.129,-37651830,42038059,-4386229,
300762,上海瀚讯,27.37,0.2931,410080000.0,2.39,17800000000.0,17187000000.0,4383681,1.069,-1570027,5953708,-4383681,
603313,梦百合,6.97,2.3495,182640000.0,4.66,3977000000.0,3977000000.0,4369567,2.3924,-3210456,7580023,-4369567,
603278,大业股份,9.16,0.8811,52520000.0,1.68,3131000000.0,3131000000.0,4325909,8.2367,0,4325909,-4325909,
688171,纬德信息,22.59,-3.5851,79820000.0,3.04,2640000000.0,2640000000.0,4314356,5.4051,2232926,2081430,-4314356,
688501,青达环保,16.39,6.4286,148110000.0,5.24,2850000000.0,2850000000.0,4309910,2.9099,1185440,3124470,-4309910,
000422,湖北宜化,11.98,1.1824,140180000.0,1.1,13029000000.0,12786000000.0,4306342,3.072,11156634,-6850292,-4306342,
301368,丰立智能,38.96,3.3696,73530000.0,1.59,5499000000.0,4679000000.0,4305823,5.8559,1808784,2497039,-4305823,
000557,西部创业,3.71,1.0899,23490000.0,0.44,5411000000.0,5409000000.0,4302489,18.3163,1095000,3207489,-4302489,
000537,绿发电力,7.56,0.3984,81670000.0,0.53,15541000000.0,15541000000.0,4302052,5.2676,3794854,507198,-4302052,
002678,珠江钢琴,4.45,2.5346,42630000.0,0.71,6045000000.0,6041000000.0,4297075,10.0799,0,4297075,-4297075,
001313,粤海饲料,7.49,4.7552,125340000.0,2.43,5243000000.0,5237000000.0,4289513,3.4223,892013,3397500,-4289513,
601880,辽港股份,1.47,0.0,105360000.0,0.39,34650000000.0,27067000000.0,4289469,4.0713,945601,3343868,-4289469,
301206,三元生物,23.83,1.8376,84570000.0,2.75,4821000000.0,3105000000.0,4283717,5.0653,-262468,4546185,-4283717,
001301,尚太科技,50.83,-2.2124,203910000.0,1.53,18533000000.0,13222000000.0,4280172,2.099,8000323,-3720151,-4280172,
000876,新希望,7.28,1.676,309610000.0,0.95,36124000000.0,32760000000.0,4280011,1.3824,-3710540,7990551,-4280011,
300660,江苏雷利,23.82,1.7949,127400000.0,0.92,13846000000.0,13838000000.0,4274169,3.3549,6090900,-1816731,-4274169,
002623,亚玛顿,19.83,7.0734,572180000.0,15.09,3828000000.0,3820000000.0,4271664,0.7466,-3077891,7349555,-4271664,
301567,贝隆精密,37.36,6.2269,54900000.0,7.03,2690000000.0,794000000.0,4256312,7.7528,631719,3624593,-4256312,
300973,立高食品,25.49,1.7159,60810000.0,2.02,4316000000.0,3022000000.0,4245968,6.9824,256500,3989468,-4245968,
603309,维力医疗,11.06,2.2181,39500000.0,1.23,3228000000.0,3228000000.0,4233687,10.7182,5019112,-785425,-4233687,
301538,骏鼎达,41.65,0.8475,63430000.0,3.49,4572000000.0,1820000000.0,4231289,6.6708,1245731,2985558,-4231289,
301617,博苑新材,53.71,-1.0866,105600000.0,2.82,9331000000.0,3703000000.0,4218061,3.9944,7155258,-2937197,-4218061,
000600,建投能源,7.34,0.5479,73420000.0,0.92,14932000000.0,8001000000.0,4209267,5.7331,136281,4072986,-4209267,
603567,珍宝岛,5.56,4.9057,167020000.0,3.24,5228000000.0,5223000000.0,4208120,2.5195,33160,4174960,-4208120,
603730,岱美股份,9.97,3.1024,177730000.0,0.83,21421000000.0,21421000000.0,4202525,2.3646,9296944,-5094419,-4202525,
301228,实朴检测,57.05,0.2989,121730000.0,1.79,6978000000.0,6823000000.0,4200586,3.4507,-4091861,8292447,-4200586,
002406,远东传动,6.55,0.7692,57450000.0,1.56,4783000000.0,3682000000.0,4198767,7.3086,-992428,5191195,-4198767,
600905,三峡能源,3.64,-0.274,179780000.0,0.17,104059000000.0,104059000000.0,4195361,2.3336,-1656000,5851361,-4195361,
002746,仙坛股份,6.54,1.7107,73840000.0,1.6,5628000000.0,4641000000.0,4191811,5.6769,4837346,-645535,-4191811,
601702,华峰铝业,15.29,1.4599,75270000.0,0.5,15268000000.0,15268000000.0,4187797,5.5637,1537,4186260,-4187797,
000507,珠海港,5.06,0.5964,40030000.0,0.88,4654000000.0,4566000000.0,4185227,10.4552,-2279552,6464779,-4185227,
002390,信邦制药,3.05,3.7415,96080000.0,1.65,5929000000.0,5880000000.0,4181342,4.3519,3554520,626822,-4181342,
000819,岳阳兴长,12.36,3.6044,52660000.0,1.18,4524000000.0,4524000000.0,4172877,7.9242,-522329,4695206,-4172877,
600755,厦门国贸,5.65,0.8929,79850000.0,0.67,12047000000.0,12047000000.0,4169138,5.2212,1932609,2236529,-4169138,
002983,芯瑞达,23.24,5.7806,113330000.0,3.75,5170000000.0,3006000000.0,4160870,3.6715,1078288,3082582,-4160870,
300096,ST易联众,9.36,1.4085,29060000.0,0.73,4025000000.0,4025000000.0,4142901,14.2564,1199904,2942997,-4142901,
003010,若羽臣,29.43,-0.3724,157570000.0,2.36,9154000000.0,6655000000.0,4136897,2.6254,-5234121,9371018,-4136897,
600391,航发科技,43.6,6.2896,1208570000.0,8.38,14394000000.0,14394000000.0,4135257,0.3422,61575975,-57440718,-4135257,
000733,振华科技,41.6,1.4634,591280000.0,2.56,23053000000.0,23050000000.0,4116217,0.6962,-13722908,17839125,-4116217,
603013,亚普股份,14.4,0.5587,42770000.0,0.59,7318000000.0,7318000000.0,4111766,9.6137,1781189,2330577,-4111766,
600328,中盐化工,5.79,2.6596,131160000.0,1.56,8490000000.0,8490000000.0,4111561,3.1348,6277213,-2165652,-4111561,
002263,大东南,3.28,1.8634,185440000.0,3.05,6161000000.0,6161000000.0,4107799,2.2152,3722742,385057,-4107799,
688337,普源精电,47.65,8.0744,388530000.0,4.39,10420000000.0,8867000000.0,4102495,1.0559,8671057,-4568562,-4102495,
002497,雅化集团,16.79,1.0837,347020000.0,1.95,19352000000.0,17790000000.0,4102200,1.1821,7631024,-3528824,-4102200,
002791,坚朗五金,15.29,5.5939,96270000.0,3.02,5411000000.0,3247000000.0,4087841,4.2462,-1301310,5389151,-4087841,
603605,珀莱雅,56.89,1.8986,360010000.0,1.61,22527000000.0,22527000000.0,4085476,1.1348,9061924,-4976448,-4085476,
601636,旗滨集团,5.74,3.2374,567930000.0,3.35,16983000000.0,16983000000.0,4079427,0.7183,25403225,-21323798,-4079427,
600661,昂立教育,8.83,4.745,65330000.0,2.64,2530000000.0,2530000000.0,4077987,6.2421,0,4077987,-4077987,
002037,保利联合,7.04,4.2963,43430000.0,1.29,3407000000.0,3407000000.0,4069604,9.3705,2120942,1948662,-4069604,
300972,万辰集团,163.62,-3.4918,597450000.0,2.0,32299000000.0,29580000000.0,4054667,0.6787,23690048,-19635381,-4054667,
002233,塔牌集团,7.13,0.0,73320000.0,0.88,8372000000.0,8368000000.0,4046618,5.5191,-864108,4910726,-4046618,
300936,中英科技,82.78,2.7812,282060000.0,7.18,6225000000.0,3943000000.0,4044371,1.4339,-2212768,6257139,-4044371,
001393,维通利,43.2,-1.5945,124070000.0,5.98,10771000000.0,2075000000.0,4044351,3.2597,-2760221,6804572,-4044351,
600268,国电南自,10.49,1.0597,87320000.0,0.82,10654000000.0,10653000000.0,4029807,4.615,-285870,4315677,-4029807,
300335,迪森股份,5.6,1.4493,45960000.0,2.15,2671000000.0,2151000000.0,4028325,8.7648,0,4028325,-4028325,
688296,和达科技,26.5,-0.2259,247420000.0,8.81,2846000000.0,2846000000.0,4026105,1.6272,-4765940,8792045,-4026105,
300652,雷迪克,27.05,0.9328,138770000.0,4.3,3608000000.0,3232000000.0,4017601,2.8952,3734541,283060,-4017601,
002454,松芝股份,5.1,2.6157,62360000.0,1.4,4483000000.0,4475000000.0,4014796,6.4381,-1508172,5522968,-4014796,
002862,实丰文化,15.83,2.9259,71470000.0,3.54,2683000000.0,2035000000.0,4004930,5.6037,2980585,1024345,-4004930,
688781,视涯科技-UW,43.29,9.1528,184220000.0,10.6,43290000000.0,1768000000.0,3999414,2.171,14463882,-10464468,-3999414,
002897,意华股份,70.52,0.5848,1353150000.0,10.33,13671000000.0,13001000000.0,3995337,0.2953,78135769,-74140432,-3995337,
002076,星光股份,2.17,1.8779,53350000.0,2.37,2407000000.0,2263000000.0,3992224,7.4831,557976,3434248,-3992224,
002256,兆新股份,3.28,1.8634,110800000.0,1.68,6693000000.0,6607000000.0,3991017,3.602,3692530,298487,-3991017,
600639,浦东金桥,9.92,0.7107,83080000.0,0.99,11134000000.0,8434000000.0,3983897,4.7953,548736,3435161,-3983897,
600020,中原高速,3.84,0.5236,37530000.0,0.44,8630000000.0,8630000000.0,3981883,10.6099,2544768,1437115,-3981883,
601608,中信重工,4.77,0.8457,123080000.0,0.57,21844000000.0,21844000000.0,3980480,3.2341,-293172,4273652,-3980480,
300888,稳健医疗,29.61,2.9913,99350000.0,0.59,17262000000.0,17184000000.0,3975338,4.0013,3758234,217104,-3975338,
688479,友车科技,34.78,1.1047,39630000.0,1.33,7002000000.0,3009000000.0,3972261,10.0234,-1536556,5508817,-3972261,
301488,豪恩汽电,92.32,-0.8591,69740000.0,1.79,9389000000.0,3863000000.0,3956847,5.6737,3356954,599893,-3956847,
002616,长青集团,4.9,0.823,28830000.0,1.01,4210000000.0,2879000000.0,3943652,13.679,1369200,2574452,-3943652,
300813,泰林生物,22.71,4.4618,92210000.0,4.83,2752000000.0,1933000000.0,3943504,4.2767,2815539,1127965,-3943504,
600826,兰生股份,7.85,3.0184,53300000.0,0.95,5685000000.0,5685000000.0,3935318,7.3833,0,3935318,-3935318,
600720,中交设计,5.23,0.9653,27200000.0,0.52,12001000000.0,5277000000.0,3934896,14.4665,2028056,1906840,-3934896,
688733,壹石通,29.22,-0.9827,126720000.0,2.17,5837000000.0,5837000000.0,3925819,3.098,-4862996,8788815,-3925819,
601966,玲珑轮胎,10.52,0.9597,75470000.0,0.49,15396000000.0,15396000000.0,3918678,5.1924,0,3918678,-3918678,
002345,潮宏基,8.98,0.4474,93770000.0,1.21,7979000000.0,7788000000.0,3916744,4.177,-3968,3920712,-3916744,
603444,吉比特,348.91,0.3451,322910000.0,1.29,25136000000.0,25136000000.0,3903861,1.209,-1827467,5731328,-3903861,
301585,蓝宇股份,29.07,1.0779,28160000.0,1.41,3023000000.0,1980000000.0,3864372,13.7229,213991,3650381,-3864372,
600008,首创环保,2.76,0.3636,136990000.0,0.68,20260000000.0,20260000000.0,3859401,2.8173,1168550,2690851,-3859401,
600299,安迪苏,8.55,3.1363,238220000.0,0.91,26332000000.0,26332000000.0,3854003,1.6178,2333726,1520277,-3854003,
002530,金财互联,7.25,1.3986,49590000.0,0.97,5649000000.0,5123000000.0,3850160,7.764,1122597,2727563,-3850160,
301607,富特科技,44.18,-0.6521,322800000.0,4.83,10344000000.0,6706000000.0,3849542,1.1925,-3623930,7473472,-3849542,
002626,金达威,16.77,3.9678,71860000.0,0.71,10229000000.0,10227000000.0,3844833,5.3504,212516,3632317,-3844833,
688326,经纬恒润-W,58.55,0.1882,61870000.0,0.94,7022000000.0,6536000000.0,3835479,6.1993,786640,3048839,-3835479,
603201,常润股份,15.52,2.5099,47650000.0,1.64,2948000000.0,2923000000.0,3828878,8.0354,0,3828878,-3828878,
300129,泰胜风能,7.76,0.6485,218760000.0,3.92,8605000000.0,5577000000.0,3828668,1.7502,-1004238,4832906,-3828668,
002993,奥海科技,36.32,-0.4932,184070000.0,2.11,10026000000.0,8660000000.0,3806840,2.0681,7078844,-3272004,-3806840,
603198,迎驾贡酒,38.77,2.6476,158940000.0,0.52,31016000000.0,31016000000.0,3806181,2.3947,3390749,415432,-3806181,
300841,康华生物,54.33,5.3928,250040000.0,3.83,7060000000.0,6605000000.0,3804149,1.5214,8114915,-4310766,-3804149,
002563,森马服饰,5.44,0.1842,92000000.0,0.76,14656000000.0,12041000000.0,3803071,4.1338,1099031,2704040,-3803071,
000501,武商集团,7.33,2.805,63110000.0,1.13,5637000000.0,5632000000.0,3800716,6.0224,-1765049,5565765,-3800716,
002395,双象股份,12.62,1.5286,36320000.0,1.08,3385000000.0,3385000000.0,3798721,10.459,1140300,2658421,-3798721,
003007,直真科技,41.3,3.25,79960000.0,2.68,4938000000.0,2998000000.0,3798308,4.7503,1040867,2757441,-3798308,
001914,招商积余,9.17,2.9181,92310000.0,0.97,9663000000.0,9663000000.0,3793256,4.1093,3787003,6253,-3793256,
300057,万顺新材,6.61,1.0703,121220000.0,2.22,6634000000.0,5493000000.0,3792254,3.1284,7366432,-3574178,-3792254,
600867,通化东宝,7.96,1.4013,128930000.0,0.83,15590000000.0,15590000000.0,3782290,2.9336,5653213,-1870923,-3782290,
000738,航发控制,19.63,2.453,324870000.0,1.25,25817000000.0,25817000000.0,3781906,1.1641,-976958,4758864,-3781906,
000571,新大洲A,6.65,1.5267,166600000.0,3.11,5580000000.0,5413000000.0,3780239,2.2691,6064748,-2284509,-3780239,
688667,菱电电控,98.39,-0.2029,55720000.0,1.07,5185000000.0,5185000000.0,3775471,6.7758,1305070,2470401,-3775471,
601908,京运通,2.99,0.6734,81410000.0,1.13,7220000000.0,7220000000.0,3774950,4.637,2785709,989241,-3774950,
688662,富信科技,107.9,12.513,1654790000.0,13.62,12377000000.0,12377000000.0,3770688,0.2279,24861376,-21090688,-3770688,
002601,龙佰集团,15.41,0.7848,169470000.0,0.56,36741000000.0,30508000000.0,3766210,2.2223,1818286,1947924,-3766210,
300824,北鼎股份,7.84,2.7523,26280000.0,1.06,2559000000.0,2501000000.0,3759339,14.3049,2099282,1660057,-3759339,
600790,轻纺城,3.68,1.3774,124760000.0,2.34,5394000000.0,5394000000.0,3756044,3.0106,1592794,2163250,-3756044,
688571,杭华股份,8.51,3.4022,43490000.0,1.21,3610000000.0,3610000000.0,3736877,8.5925,0,3736877,-3736877,
002540,亚太科技,5.02,1.006,35340000.0,0.82,6263000000.0,4308000000.0,3735019,10.5688,0,3735019,-3735019,
603992,松霖科技,20.14,0.5492,67020000.0,0.75,8923000000.0,8923000000.0,3733628,5.5709,2765908,967720,-3733628,
600712,南宁百货,5.89,10.0935,420820000.0,13.59,3208000000.0,3173000000.0,3731167,0.8866,11843051,-8111884,-3731167,
600930,华电新能,3.98,0.2519,350240000.0,0.82,166023000000.0,42758000000.0,3725123,1.0636,-2306455,6031578,-3725123,
603383,顶点软件,27.44,1.5168,64520000.0,1.15,5636000000.0,5636000000.0,3709123,5.7488,-3210049,6919172,-3709123,
002302,西部建设,4.75,1.9313,25790000.0,0.43,5996000000.0,5996000000.0,3677565,14.2597,0,3677565,-3677565,
300190,维尔利,3.85,1.5831,40570000.0,1.13,3650000000.0,3635000000.0,3676351,9.0617,3360395,315956,-3676351,
603213,镇洋发展,13.55,0.4448,18380000.0,0.31,6028000000.0,6028000000.0,3675336,19.9964,1351000,2324336,-3675336,
002363,隆基机械,6.88,2.6866,34330000.0,1.21,2863000000.0,2860000000.0,3667105,10.6819,1092800,2574305,-3667105,
688597,煜邦电力,6.57,6.3107,57560000.0,2.67,2208000000.0,2208000000.0,3655799,6.3513,0,3655799,-3655799,
001225,和泰机电,50.07,7.1474,83390000.0,2.64,3283000000.0,3219000000.0,3649225,4.3761,-5000,3654225,-3649225,
002182,宝武镁业,11.67,1.039,77170000.0,0.74,11574000000.0,10463000000.0,3648640,4.7281,3763001,-114361,-3648640,
605365,立达信,14.51,3.2006,129540000.0,1.8,7284000000.0,7284000000.0,3641921,2.8114,3607614,34307,-3641921,
000037,深南电A,9.49,0.9574,115650000.0,3.62,5720000000.0,3216000000.0,3637493,3.1453,1159685,2477808,-3637493,
300134,大富科技,8.6,2.1378,68480000.0,1.04,6600000000.0,6600000000.0,3634274,5.3071,0,3634274,-3634274,
688593,新相微,30.85,-0.8995,269750000.0,1.89,14176000000.0,14176000000.0,3625886,1.3442,-6010431,9636317,-3625886,
600803,新奥股份,18.82,0.8034,107410000.0,0.19,58251000000.0,57810000000.0,3625413,3.3753,1015300,2610113,-3625413,
000885,城发环境,11.8,0.5111,28400000.0,0.38,7577000000.0,7577000000.0,3614765,12.728,910643,2704122,-3614765,
300552,万集科技,20.8,0.9709,59120000.0,2.07,4433000000.0,2870000000.0,3612829,6.111,0,3612829,-3612829,
301231,荣信文化,29.33,4.303,244680000.0,12.67,2475000000.0,1919000000.0,3611456,1.476,-5773240,9384696,-3611456,
000551,创元科技,12.45,0.7282,113890000.0,1.89,6035000000.0,6030000000.0,3593456,3.1552,4332827,-739371,-3593456,
002401,中远海科,12.27,1.4888,32090000.0,0.71,4560000000.0,4557000000.0,3592878,11.1963,0,3592878,-3592878,
301138,华研精机,30.27,8.8849,75620000.0,3.74,3632000000.0,2075000000.0,3582504,4.7375,1315731,2266773,-3582504,
601788,光大证券,14.07,0.9326,204210000.0,0.37,64874000000.0,54967000000.0,3577186,1.7517,-8562467,12139653,-3577186,
002557,洽洽食品,18.11,0.667,73840000.0,0.81,9161000000.0,9132000000.0,3567929,4.832,2331764,1236165,-3567929,
002286,保龄宝,7.95,3.2468,124010000.0,4.25,3021000000.0,2939000000.0,3563818,2.8738,3227230,336588,-3563818,
300815,玉禾田,15.81,1.8686,151050000.0,2.46,6302000000.0,6200000000.0,3563799,2.3594,-1229469,4793268,-3563799,
605378,野马电池,14.97,0.944,77480000.0,1.99,3912000000.0,3912000000.0,3563784,4.5996,1210056,2353728,-3563784,
603086,先达股份,5.94,3.4843,64300000.0,2.52,2583000000.0,2583000000.0,3540711,5.5065,1036600,2504111,-3540711,
001388,信通电子,20.76,2.0649,74500000.0,2.89,4853000000.0,2597000000.0,3540560,4.7524,1650503,1890057,-3540560,
605588,冠石科技,47.16,0.1274,42990000.0,1.25,3456000000.0,3447000000.0,3539589,8.2335,3106314,433275,-3539589,
605166,聚合顺,8.72,5.4414,66940000.0,2.47,2744000000.0,2744000000.0,3536809,5.2836,270630,3266179,-3536809,
301120,新特电气,15.17,1.8805,86750000.0,2.54,5660000000.0,3425000000.0,3525221,4.0637,1715636,1809585,-3525221,
301290,东星医疗,28.39,3.8785,55290000.0,2.46,2844000000.0,2259000000.0,3523538,6.3728,1008474,2515064,-3523538,
301636,泽润新能,39.69,4.2006,50690000.0,3.39,2568000000.0,1500000000.0,3519016,6.9422,1142062,2376954,-3519016,
603130,云中马,38.5,0.3127,37860000.0,0.72,5294000000.0,5294000000.0,3516318,9.2877,2910313,606005,-3516318,
603733,仙鹤股份,19.28,1.1542,121300000.0,0.78,15757000000.0,15757000000.0,3512909,2.8961,4191732,-678823,-3512909,
603590,康辰药业,29.88,3.75,71970000.0,1.53,4751000000.0,4751000000.0,3510936,4.8783,641223,2869713,-3510936,
601158,重庆水务,4.02,0.2494,30110000.0,0.16,19296000000.0,19296000000.0,3509858,11.6568,1873222,1636636,-3509858,
603719,良品铺子,9.1,3.1746,34540000.0,0.96,3622000000.0,3622000000.0,3505009,10.1477,0,3505009,-3505009,
300120,经纬辉开,7.43,-3.2552,350450000.0,8.97,4268000000.0,3917000000.0,3498150,0.9982,-14369182,17867332,-3498150,
002276,万马股份,10.16,1.2961,112570000.0,1.1,10273000000.0,10234000000.0,3493834,3.1037,595537,2898297,-3493834,
301118,恒光股份,23.78,3.4363,59150000.0,2.36,2618000000.0,2519000000.0,3488227,5.8973,4830,3483397,-3488227,
688203,海正生材,19.55,10.6395,318790000.0,8.19,3962000000.0,3962000000.0,3481854,1.0922,-2791518,6273372,-3481854,
603681,永冠新材,19.66,1.9181,164500000.0,3.52,4674000000.0,4674000000.0,3461384,2.1042,-925436,4386820,-3461384,
603124,江南新材,129.88,-2.0365,652300000.0,6.45,18929000000.0,10080000000.0,3460413,0.5305,-11383005,14843418,-3460413,
603004,鼎龙科技,19.13,2.0267,37150000.0,3.31,4505000000.0,1126000000.0,3457431,9.3067,0,3457431,-3457431,
002789,*ST建艺,13.78,-1.4306,32130000.0,1.51,2200000000.0,2156000000.0,3454673,10.7522,-1482534,4937207,-3454673,
301016,雷尔伟,15.87,7.1573,92100000.0,2.01,4863000000.0,4663000000.0,3451151,3.7472,-2708711,6159862,-3451151,
688348,昱能科技,30.28,0.3979,34800000.0,0.74,4732000000.0,4732000000.0,3450893,9.9164,0,3450893,-3450893,
600152,维科技术,7.94,-0.6258,94400000.0,2.24,4201000000.0,4201000000.0,3449764,3.6544,-4452500,7902264,-3449764,
688078,龙软科技,30.32,4.6961,80760000.0,3.67,2210000000.0,2210000000.0,3442050,4.2621,-1196070,4638120,-3442050,
300278,华昌达,3.68,4.5455,107810000.0,2.1,5203000000.0,5187000000.0,3438827,3.1897,3732594,-293767,-3438827,
002652,扬子新材,4.79,3.4557,75860000.0,3.13,2453000000.0,2453000000.0,3437131,4.5309,3275397,161734,-3437131,
002526,山东矿机,2.67,1.1364,55350000.0,1.18,4760000000.0,4729000000.0,3435557,6.207,4520002,-1084445,-3435557,
300565,科信技术,10.1,1.8145,75670000.0,3.29,2522000000.0,2305000000.0,3432267,4.5358,890578,2541689,-3432267,
001360,南矿集团,21.28,3.5019,169680000.0,6.33,4341000000.0,2670000000.0,3430185,2.0216,-5860230,9290415,-3430185,
301360,荣旗科技,64.5,1.3354,153720000.0,7.02,4501000000.0,2197000000.0,3418920,2.2241,1272129,2146791,-3418920,
300284,苏交科,5.15,0.9804,47460000.0,0.77,6504000000.0,6171000000.0,3413933,7.1933,1087768,2326165,-3413933,
600038,中直股份,27.57,1.9224,140170000.0,0.76,22604000000.0,18443000000.0,3405623,2.4296,-1835560,5241183,-3405623,
688510,航亚科技,25.45,3.8352,184750000.0,2.81,6615000000.0,6615000000.0,3396433,1.8384,4937745,-1541312,-3396433,
000883,湖北能源,4.44,0.0,77570000.0,0.27,31432000000.0,28769000000.0,3394582,4.3762,7173941,-3779359,-3394582,
300466,赛摩智能,7.16,1.273,36720000.0,1.11,3834000000.0,3297000000.0,3393743,9.2422,1417149,1976594,-3393743,
600928,西安银行,3.5,0.0,69020000.0,0.45,15556000000.0,15482000000.0,3388725,4.9098,3022689,366036,-3388725,
301050,雷电微力,27.95,1.0484,78940000.0,1.14,6920000000.0,6888000000.0,3384414,4.2873,0,3384414,-3384414,
002707,众信旅游,5.24,2.544,93190000.0,2.08,5149000000.0,4534000000.0,3383527,3.6308,1551890,1831637,-3383527,
300036,超图软件,10.3,1.7787,70010000.0,1.54,5075000000.0,4584000000.0,3376462,4.8228,1969612,1406850,-3376462,
601865,福莱特,9.45,1.7223,93950000.0,0.52,22140000000.0,17965000000.0,3371870,3.589,2459193,912677,-3371870,
002745,木林森,12.32,0.7359,509600000.0,3.92,18285000000.0,13020000000.0,3368073,0.6609,12754830,-9386757,-3368073,
300627,华测导航,26.67,0.9845,110280000.0,0.63,21175000000.0,17526000000.0,3364889,3.0512,-6151869,9516758,-3364889,
301328,维峰电子,53.1,0.6826,102560000.0,1.68,8461000000.0,6115000000.0,3363157,3.2792,-1702832,5065989,-3363157,
000629,钒钛股份,2.92,1.0381,181340000.0,0.67,27130000000.0,27128000000.0,3355982,1.8507,6291855,-2935873,-3355982,
003037,三和管桩,5.83,2.2807,20930000.0,0.6,3493000000.0,3493000000.0,3352881,16.0195,1719200,1633681,-3352881,
002490,山东墨龙,7.35,0.5472,175660000.0,4.45,6053000000.0,3982000000.0,3349586,1.9069,1470406,1879180,-3349586,
300989,蕾奥规划,15.85,0.6349,113230000.0,4.43,3337000000.0,2582000000.0,3337339,2.9474,999033,2338306,-3337339,
688330,宏力达,36.86,1.3751,48440000.0,0.94,5160000000.0,5160000000.0,3334848,6.8845,345979,2988869,-3334848,
600207,安彩高科,4.93,2.2822,186520000.0,3.5,5370000000.0,5370000000.0,3317286,1.7785,-3495956,6813242,-3317286,
300893,松原安全,13.94,1.7518,108200000.0,3.06,6607000000.0,3511000000.0,3315050,3.0638,1023839,2291211,-3315050,
603966,法兰泰克,7.54,3.0055,62740000.0,1.62,3924000000.0,3919000000.0,3295770,5.2531,1644325,1651445,-3295770,
301337,亚华电子,28.3,8.888,93750000.0,3.31,2949000000.0,2885000000.0,3284605,3.5036,3062192,222413,-3284605,
605598,上海港湾,25.37,1.4394,58710000.0,0.96,6111000000.0,6111000000.0,3277842,5.5831,1706708,1571134,-3277842,
605088,冠盛股份,24.54,1.405,359240000.0,7.3,4975000000.0,4937000000.0,3273983,0.9114,-1869191,5143174,-3273983,
002122,ST汇洲,2.8,1.4493,28320000.0,0.51,5604000000.0,5563000000.0,3271065,11.5504,1651635,1619430,-3271065,
603797,联泰环保,4.9,5.8315,67490000.0,2.41,2825000000.0,2825000000.0,3253148,4.8202,1019339,2233809,-3253148,
002512,ST达华,4.03,0.75,65810000.0,1.51,4443000000.0,4411000000.0,3250851,4.9398,1801591,1449260,-3250851,
301053,远信工业,36.24,-0.2752,61970000.0,1.38,4780000000.0,4466000000.0,3244762,5.236,-848937,4093699,-3244762,
002486,嘉麟杰,2.86,1.7794,77270000.0,3.35,2357000000.0,2346000000.0,3242574,4.1964,1099834,2142740,-3242574,
603596,伯特利,28.88,1.7618,405630000.0,1.57,25924000000.0,25924000000.0,3237761,0.7982,-7780497,11018258,-3237761,
000957,中通客车,10.07,2.1298,122650000.0,2.07,5971000000.0,5971000000.0,3232333,2.6354,-3387335,6619668,-3232333,
600748,上实发展,4.06,5.1813,84360000.0,1.15,7489000000.0,7489000000.0,3231959,3.8312,5999185,-2767226,-3231959,
301590,优优绿能,69.61,-0.0287,42930000.0,2.54,4098000000.0,1697000000.0,3230236,7.5244,1518000,1712236,-3230236,
002342,巨力索具,8.06,2.2843,324070000.0,4.23,7738000000.0,7695000000.0,3229171,0.9964,1147736,2081435,-3229171,
300850,新强联,28.7,-0.5199,386110000.0,4.15,11884000000.0,9277000000.0,3228925,0.8363,863736,2365189,-3228925,
600573,惠泉啤酒,10.05,3.6082,52860000.0,2.14,2513000000.0,2513000000.0,3224223,6.0996,1032172,2192051,-3224223,
600874,创业环保,5.57,0.5415,30600000.0,0.45,8747000000.0,6853000000.0,3212995,10.5,1108000,2104995,-3212995,
600468,百利电气,6.45,0.624,149750000.0,2.14,7016000000.0,7016000000.0,3204836,2.1401,3313387,-108551,-3204836,
601098,中南传媒,10.4,1.1673,97460000.0,0.52,18678000000.0,18678000000.0,3182046,3.265,2371652,810394,-3182046,
000697,炼石航空,9.25,2.6637,55410000.0,0.92,12914000000.0,6041000000.0,3180769,5.7404,3402843,-222074,-3180769,
000928,中钢国际,5.49,1.4787,75950000.0,0.97,7876000000.0,7876000000.0,3174138,4.1792,0,3174138,-3174138,
002892,科力尔,8.72,0.8092,37900000.0,0.87,7362000000.0,4370000000.0,3162010,8.343,267525,2894485,-3162010,
000900,现代投资,3.58,0.5618,38890000.0,0.72,5434000000.0,5434000000.0,3145983,8.0894,2328199,817784,-3145983,
300350,华鹏飞,4.59,6.0046,94050000.0,4.51,2580000000.0,2120000000.0,3144826,3.3438,2426323,718503,-3144826,
002109,ST兴化,2.82,1.8051,13480000.0,0.38,3599000000.0,3599000000.0,3144155,23.3246,0,3144155,-3144155,
601311,骆驼股份,7.47,1.0825,47530000.0,0.54,8763000000.0,8763000000.0,3142458,6.6115,1550837,1591621,-3142458,
002653,海思科,67.4,6.0749,517290000.0,1.44,76896000000.0,36193000000.0,3140326,0.6071,9057789,-5917463,-3140326,
688648,中邮科技,29.4,0.6849,48330000.0,2.35,3998000000.0,2044000000.0,3135390,6.4875,653360,2482030,-3135390,
688382,益方生物-U,19.77,5.609,236000000.0,2.08,11459000000.0,11459000000.0,3133153,1.3276,28873,3104280,-3133153,
002323,*ST雅博,1.26,0.0,46420000.0,1.74,2672000000.0,2672000000.0,3133069,6.7494,2338375,794694,-3133069,
001332,锡装股份,28.82,-0.2768,156060000.0,8.09,4458000000.0,1937000000.0,3132756,2.0074,2224302,908454,-3132756,
002251,步步高,3.59,2.2792,323140000.0,4.08,9652000000.0,7979000000.0,3132417,0.9694,10692060,-7559643,-3132417,
600651,飞乐音响,5.23,0.5769,57450000.0,0.44,13112000000.0,13112000000.0,3118013,5.4274,-1008867,4126880,-3118013,
002772,众兴菌业,11.18,1.9143,139720000.0,3.4,4190000000.0,4155000000.0,3114914,2.2294,3467679,-352765,-3114914,
688210,统联精密,29.41,3.739,94580000.0,2.01,4784000000.0,4784000000.0,3110194,3.2884,2274152,836042,-3110194,
603889,新澳股份,6.12,-0.6494,58290000.0,1.01,5809000000.0,5766000000.0,3104691,5.3263,0,3104691,-3104691,
600373,中文传媒,7.49,1.4905,97410000.0,0.97,10092000000.0,10092000000.0,3098788,3.1812,-1496000,4594788,-3098788,
301083,百胜智能,14.19,5.1111,34080000.0,2.79,2524000000.0,1234000000.0,3091778,9.0721,0,3091778,-3091778,
603660,苏州科达,9.82,1.4463,210460000.0,3.75,5612000000.0,5612000000.0,3064934,1.4563,3623548,-558614,-3064934,
002010,传化智联,4.59,1.1013,54910000.0,0.43,12687000000.0,12658000000.0,3061116,5.5748,4700500,-1639384,-3061116,
600481,双良节能,4.18,0.7229,88980000.0,1.04,8628000000.0,8628000000.0,3053555,3.4317,2831066,222489,-3053555,
300729,乐歌股份,11.29,3.7684,68750000.0,1.87,3857000000.0,3704000000.0,3051071,4.4379,-357566,3408637,-3051071,
300144,宋城演艺,5.82,1.2174,131580000.0,0.88,15184000000.0,15025000000.0,3051036,2.3188,-3740717,6791753,-3051036,
603901,永创智能,9.41,1.4009,50960000.0,0.95,5427000000.0,5353000000.0,3042483,5.9703,1837142,1205341,-3042483,
688319,欧林生物,28.75,3.7906,200610000.0,1.74,11656000000.0,11656000000.0,3041956,1.5164,-196011,3237967,-3041956,
001335,信凯科技,33.23,2.4353,26620000.0,3.15,3115000000.0,849000000.0,3040264,11.421,0,3040264,-3040264,
002228,合兴包装,3.23,1.8927,61240000.0,1.58,3919000000.0,3906000000.0,3024930,4.9395,-1056228,4081158,-3024930,
603168,莎普爱思,5.97,6.9892,84770000.0,3.84,2234000000.0,2224000000.0,2999920,3.5389,0,2999920,-2999920,
301255,通力科技,18.85,0.5333,25840000.0,1.02,2871000000.0,2520000000.0,2993685,11.5855,1845013,1148672,-2993685,
002831,裕同科技,28.31,0.6757,171060000.0,0.85,36473000000.0,20220000000.0,2987735,1.7466,7788834,-4801099,-2987735,
603759,海天股份,7.82,0.2564,76940000.0,2.13,3611000000.0,3611000000.0,2985945,3.8809,-3096,2989041,-2985945,
002702,海欣食品,5.67,2.3466,233410000.0,9.02,3151000000.0,2601000000.0,2961476,1.2688,-32934,2994410,-2961476,
300945,曼卡龙,12.02,1.1785,71800000.0,2.52,3150000000.0,2869000000.0,2957636,4.1193,1202377,1755259,-2957636,
600523,贵航股份,12.0,1.5228,35300000.0,0.73,4852000000.0,4849000000.0,2955515,8.3726,1264800,1690715,-2955515,
603158,腾龙股份,10.98,5.4755,257560000.0,4.83,5389000000.0,5389000000.0,2947817,1.1445,-42556,2990373,-2947817,
000558,天府文旅,3.67,2.2284,97820000.0,2.09,4731000000.0,4729000000.0,2944419,3.01,2439500,504919,-2944419,
300231,银信科技,8.36,1.3333,57060000.0,1.54,3718000000.0,3718000000.0,2929219,5.1336,4656673,-1727454,-2929219,
603106,恒银科技,7.61,1.738,132420000.0,3.34,3961000000.0,3961000000.0,2928116,2.2112,3010246,-82130,-2928116,
603299,苏盐井神,8.73,0.576,31050000.0,0.38,8335000000.0,8245000000.0,2922636,9.4127,1199625,1723011,-2922636,
001380,华纬科技,18.93,2.3243,40560000.0,0.93,5127000000.0,4406000000.0,2919285,7.1974,3133278,-213993,-2919285,
300535,达威股份,15.57,2.0984,34790000.0,2.77,1666000000.0,1264000000.0,2917701,8.3866,0,2917701,-2917701,
300922,天秦装备,18.3,1.6102,148180000.0,6.46,2944000000.0,2310000000.0,2911150,1.9646,603850,2307300,-2911150,
002511,中顺洁柔,7.1,1.4286,63280000.0,0.71,9096000000.0,8982000000.0,2909512,4.5978,1331748,1577764,-2909512,
600764,中国海防,19.05,2.09,129680000.0,0.96,13537000000.0,13537000000.0,2890100,2.2286,5824159,-2934059,-2890100,
000565,渝三峡Ａ,6.82,2.7108,116230000.0,3.97,2957000000.0,2957000000.0,2887614,2.4844,-153962,3041576,-2887614,
603689,皖天然气,7.7,1.0499,28020000.0,0.7,4049000000.0,4031000000.0,2881543,10.2839,2196577,684966,-2881543,
002373,千方科技,7.42,1.2278,78680000.0,0.77,11725000000.0,10222000000.0,2881050,3.6617,1430452,1450598,-2881050,
601008,连云港,4.53,2.027,77990000.0,1.4,5620000000.0,5620000000.0,2864997,3.6735,3778042,-913045,-2864997,
002999,天禾股份,6.53,3.9809,122270000.0,5.51,2270000000.0,2251000000.0,2864844,2.343,3634400,-769556,-2864844,
301372,科净源,34.19,1.4239,49110000.0,3.51,2344000000.0,1408000000.0,2857217,5.818,0,2857217,-2857217,
002337,赛象科技,4.77,2.8017,54410000.0,1.94,2808000000.0,2804000000.0,2841291,5.222,3351988,-510697,-2841291,
688601,力芯微,62.9,1.9614,204120000.0,2.45,8409000000.0,8409000000.0,2828231,1.3856,3255408,-427177,-2828231,
002544,普天科技,16.29,0.8045,157670000.0,1.42,11086000000.0,11085000000.0,2812568,1.7838,1519358,1293210,-2812568,
300933,中辰股份,6.84,3.3233,79000000.0,2.12,3742000000.0,3742000000.0,2809728,3.5566,1017670,1792058,-2809728,
688505,复旦张江,8.19,5.9508,113320000.0,1.97,8490000000.0,5820000000.0,2802668,2.4732,0,2802668,-2802668,
603708,家家悦,9.12,1.3333,43850000.0,0.76,5822000000.0,5822000000.0,2802545,6.3912,555997,2246548,-2802545,
300141,和顺电气,10.29,1.3793,46320000.0,1.77,2653000000.0,2621000000.0,2792913,6.0296,1062925,1729988,-2792913,
300968,格林精密,10.01,2.9835,62530000.0,1.52,4138000000.0,4138000000.0,2787610,4.458,1683626,1103984,-2787610,
300459,汤姆猫,3.63,1.3966,245220000.0,2.07,12762000000.0,11927000000.0,2785159,1.1358,3314639,-529480,-2785159,
601799,星宇股份,72.28,-0.687,241550000.0,1.17,20649000000.0,20649000000.0,2774385,1.1486,2663486,110899,-2774385,
300241,瑞丰光电,5.99,0.5034,79580000.0,2.21,4297000000.0,3600000000.0,2759353,3.4674,2778,2756575,-2759353,
000935,四川双马,21.15,-0.4237,101880000.0,0.64,16147000000.0,16147000000.0,2758766,2.7079,-1050365,3809131,-2758766,
600829,人民同泰,10.08,4.7817,177580000.0,3.08,5845000000.0,5845000000.0,2758406,1.5533,1203826,1554580,-2758406,
002356,鹏飞绿能,2.79,3.3333,51310000.0,1.42,3658000000.0,3658000000.0,2747289,5.3543,9451550,-6704261,-2747289,
300197,节能铁汉,1.99,1.0152,117100000.0,2.0,5901000000.0,5901000000.0,2744580,2.3438,0,2744580,-2744580,
002315,焦点科技,24.2,0.4983,117300000.0,1.84,9999000000.0,6390000000.0,2739766,2.3357,2138928,600838,-2739766,
002783,凯龙股份,8.17,5.2835,111880000.0,3.01,4079000000.0,3767000000.0,2737900,2.4472,1153952,1583948,-2737900,
688325,赛微微电,107.87,-1.1183,51530000.0,0.58,9327000000.0,8865000000.0,2733339,5.3044,1206678,1526661,-2733339,
301428,世纪恒通,27.18,2.9156,43990000.0,2.34,2682000000.0,1892000000.0,2730117,6.2062,1633614,1096503,-2730117,
603187,海容冷链,10.86,1.2116,44800000.0,1.08,4196000000.0,4152000000.0,2720834,6.0733,-5509525,8230359,-2720834,
300675,建科院,12.95,3.1051,24250000.0,1.3,1899000000.0,1899000000.0,2719225,11.2133,0,2719225,-2719225,
688109,品茗科技,73.53,-1.302,60700000.0,1.04,5797000000.0,5797000000.0,2711955,4.4678,1574526,1137429,-2711955,
688015,交控科技,16.48,2.4239,22780000.0,0.74,3109000000.0,3109000000.0,2706281,11.8801,1151357,1554924,-2706281,
688050,爱博医疗,38.95,3.3705,115000000.0,1.53,7534000000.0,7534000000.0,2697182,2.3454,-1156660,3853842,-2697182,
300402,宝色股份,15.09,3.1442,37140000.0,1.03,3724000000.0,3676000000.0,2693437,7.2521,1166257,1527180,-2693437,
600525,长园集团,5.08,3.8855,125150000.0,1.9,6699000000.0,6699000000.0,2691808,2.1509,-1046322,3738130,-2691808,
600575,淮河能源,3.24,0.0,103040000.0,0.82,23220000000.0,12591000000.0,2685993,2.6067,5657091,-2971098,-2685993,
301098,金埔园林,8.87,2.781,54520000.0,3.24,2053000000.0,1712000000.0,2678525,4.9129,1771849,906676,-2678525,
002646,天佑德酒,7.05,3.6765,44740000.0,1.35,3358000000.0,3356000000.0,2666570,5.9601,0,2666570,-2666570,
600741,华域汽车,14.8,-0.5376,202790000.0,0.43,46660000000.0,46660000000.0,2665998,1.3147,-1212703,3878701,-2665998,
301325,曼恩斯特,31.78,-1.1201,87890000.0,1.92,4573000000.0,4573000000.0,2660221,3.0268,0,2660221,-2660221,
002420,毅昌科技,6.11,1.495,41990000.0,1.7,2511000000.0,2468000000.0,2660044,6.3349,2571255,88789,-2660044,
301028,鼎熔岩,13.74,2.1561,57380000.0,1.67,5308000000.0,3443000000.0,2659653,4.6352,1235901,1423752,-2659653,
688077,大地熊,27.3,1.487,65410000.0,2.08,3125000000.0,3125000000.0,2652091,4.0546,0,2652091,-2652091,
603138,海量数据,15.74,1.0918,619110000.0,13.67,4621000000.0,4539000000.0,2651530,0.4283,3241358,-589828,-2651530,
601678,滨化股份,6.03,0.5,359890000.0,2.93,14526000000.0,12321000000.0,2648883,0.736,-812555,3461438,-2648883,
000931,中关村,4.63,4.5147,113570000.0,3.3,3487000000.0,3477000000.0,2642942,2.3271,1385817,1257125,-2642942,
300816,艾可蓝,65.24,-1.1964,222660000.0,5.9,5219000000.0,3808000000.0,2640644,1.186,3787195,-1146551,-2640644,
603330,天洋新材,10.19,5.3775,486100000.0,11.11,4409000000.0,4409000000.0,2639603,0.543,-424241,3063844,-2639603,
301267,华厦眼科,15.15,1.8145,69330000.0,0.71,12726000000.0,9824000000.0,2634137,3.7994,1172666,1461471,-2634137,
603703,盛洋科技,10.88,6.25,257730000.0,5.72,4515000000.0,4515000000.0,2625014,1.0185,2576060,48954,-2625014,
300399,天利科技,20.04,2.5064,100700000.0,2.58,3960000000.0,3960000000.0,2614751,2.5966,-891599,3506350,-2614751,
688272,富吉瑞,28.62,2.8756,35440000.0,1.64,2175000000.0,2175000000.0,2607135,7.3565,1352475,1254660,-2607135,
301383,天键股份,24.03,6.9426,63920000.0,3.86,3924000000.0,1697000000.0,2602732,4.0719,-1158726,3761458,-2602732,
000045,深纺织Ａ,11.33,2.2563,60610000.0,1.18,5739000000.0,5178000000.0,2602646,4.2941,0,2602646,-2602646,
301130,西点药业,28.36,4.9593,207010000.0,12.5,2169000000.0,1674000000.0,2588143,1.2503,2541896,46247,-2588143,
600973,宝胜股份,6.16,0.8183,74780000.0,0.89,8448000000.0,8448000000.0,2587861,3.4606,2496592,91269,-2587861,
300993,玉马科技,9.89,3.0208,31640000.0,1.33,3047000000.0,2398000000.0,2577791,8.1473,1173063,1404728,-2577791,
600745,*ST闻泰,16.86,0.7168,360860000.0,1.69,21477000000.0,21477000000.0,2554098,0.7078,-5322554,7876652,-2554098,
603173,福斯达,29.9,1.7353,31090000.0,0.65,4784000000.0,4784000000.0,2553651,8.2137,0,2553651,-2553651,
002201,九鼎新材,10.85,1.9737,735710000.0,11.34,7070000000.0,6532000000.0,2551917,0.3469,-17235938,19787855,-2551917,
603237,五芳斋,15.17,2.4308,38680000.0,1.36,2973000000.0,2879000000.0,2547090,6.585,3231228,-684138,-2547090,
600717,天津港,4.27,0.4706,91650000.0,0.74,12357000000.0,12357000000.0,2544084,2.7759,-4633746,7177830,-2544084,
600548,深高速,8.11,-0.246,28250000.0,0.2,20582000000.0,13904000000.0,2540320,8.9923,710370,1829950,-2540320,
600405,动力源,5.0,0.2004,26450000.0,0.87,3064000000.0,3064000000.0,2539496,9.6011,0,2539496,-2539496,
301560,众捷股份,24.36,2.7848,38430000.0,2.72,2962000000.0,1423000000.0,2539465,6.608,0,2539465,-2539465,
301238,瑞泰新材,16.21,0.3715,94500000.0,0.8,11887000000.0,11887000000.0,2531870,2.6792,-3672751,6204621,-2531870,
300674,宇信科技,16.64,1.7737,243580000.0,2.09,11716000000.0,11702000000.0,2531473,1.0393,-5301457,7832930,-2531473,
603877,太平鸟,11.88,1.1064,18380000.0,0.33,5582000000.0,5576000000.0,2528746,13.7581,0,2528746,-2528746,
002572,索菲亚,7.47,2.3288,62890000.0,1.16,7194000000.0,5447000000.0,2526796,4.0178,462537,2064259,-2526796,
688056,莱伯泰科,43.58,3.0504,50890000.0,1.74,2940000000.0,2940000000.0,2499691,4.9119,-1206222,3705913,-2499691,
300289,利德曼,5.99,3.6332,50890000.0,1.58,3259000000.0,3254000000.0,2498482,4.9096,617015,1881467,-2498482,
600439,ST瑞贝卡,1.9,1.0638,13610000.0,0.64,2151000000.0,2151000000.0,2493873,18.3238,940000,1553873,-2493873,
605296,神农集团,34.23,4.1375,114360000.0,0.65,18013000000.0,17731000000.0,2493142,2.1801,-166647,2659789,-2493142,
002324,普利特,9.21,0.3268,129470000.0,1.81,10245000000.0,7149000000.0,2489830,1.9231,-848816,3338646,-2489830,
301575,艾芬达,25.6,1.3861,160860000.0,8.6,3106000000.0,1863000000.0,2488234,1.5468,-527617,3015851,-2488234,
603657,春光科技,36.49,2.5576,217190000.0,4.4,4933000000.0,4933000000.0,2482372,1.1429,-36693,2519065,-2482372,
603927,中科软,13.9,2.2811,106550000.0,0.93,11551000000.0,11551000000.0,2482044,2.3295,317604,2164440,-2482044,
301179,泽宇智能,20.82,2.2091,123450000.0,2.52,8420000000.0,4944000000.0,2477194,2.0066,1260146,1217048,-2477194,
300625,三雄极光,10.08,3.3846,30600000.0,1.88,2816000000.0,1633000000.0,2475504,8.0899,1134496,1341008,-2475504,
300605,恒锋信息,10.18,2.4145,35270000.0,2.76,1681000000.0,1287000000.0,2469773,7.0025,0,2469773,-2469773,
002728,特一药业,10.14,5.1867,343480000.0,6.87,5205000000.0,5083000000.0,2465623,0.7178,22844730,-20379107,-2465623,
000401,金隅冀东,3.59,2.2792,36270000.0,0.39,9536000000.0,9447000000.0,2456461,6.7727,-635002,3091463,-2456461,
001330,博纳影业,5.56,1.6453,435700000.0,6.83,7642000000.0,6465000000.0,2448935,0.5621,4251891,-1802956,-2448935,
600078,澄星股份,10.36,0.9747,98210000.0,1.43,7041000000.0,6864000000.0,2448722,2.4934,5131368,-2682646,-2448722,
301293,三博脑科,50.44,1.7346,288470000.0,3.3,10390000000.0,8686000000.0,2443766,0.8471,166377,2277389,-2443766,
002663,普邦股份,1.77,2.907,58570000.0,1.97,3050000000.0,3022000000.0,2432455,4.1531,6832656,-4400201,-2432455,
002441,众业达,8.21,1.233,32440000.0,0.99,4471000000.0,3275000000.0,2423699,7.4713,0,2423699,-2423699,
603839,安正时尚,6.94,5.1515,35140000.0,1.33,2686000000.0,2686000000.0,2410551,6.8598,0,2410551,-2410551,
301190,善水科技,20.08,7.841,184310000.0,5.15,4310000000.0,3652000000.0,2407825,1.3064,-1183478,3591303,-2407825,
688217,睿昂基因,25.01,4.732,34830000.0,2.54,1397000000.0,1397000000.0,2405738,6.9071,15661,2390077,-2405738,
301127,武汉天源,17.38,1.4002,342800000.0,3.0,11716000000.0,11374000000.0,2403743,0.7012,15768891,-13365148,-2403743,
002061,浙江交科,3.37,0.8982,40690000.0,0.47,8907000000.0,8759000000.0,2401275,5.9014,423024,1978251,-2401275,
300596,利安隆,40.9,1.2376,68940000.0,0.73,9391000000.0,9391000000.0,2399118,3.48,-5490073,7889191,-2399118,
000848,承德露露,8.17,0.2454,67240000.0,0.82,8333000000.0,8257000000.0,2395955,3.5633,1804803,591152,-2395955,
600135,乐凯胶片,7.93,0.2528,129120000.0,2.96,4388000000.0,4388000000.0,2391497,1.8522,-2187208,4578705,-2391497,
301004,嘉益股份,34.17,2.9217,30080000.0,0.65,4982000000.0,4651000000.0,2383585,7.9242,0,2383585,-2383585,
000548,湖南投资,4.68,2.407,25790000.0,1.12,2336000000.0,2336000000.0,2380996,9.2322,0,2380996,-2380996,
688226,威腾电气,28.79,-0.3116,108590000.0,2.0,5645000000.0,5435000000.0,2360500,2.1738,-2972717,5333217,-2360500,
000778,新兴铸管,3.63,0.554,136220000.0,0.97,14386000000.0,14133000000.0,2358148,1.7311,2213933,144215,-2358148,
000014,沙河股份,10.97,4.9761,104150000.0,4.03,2655000000.0,2655000000.0,2352231,2.2585,5887851,-3535620,-2352231,
301048,金鹰重工,9.09,1.3378,25960000.0,0.54,4848000000.0,4848000000.0,2346328,9.0382,0,2346328,-2346328,
000007,全新好,11.63,2.6478,64260000.0,1.6,4029000000.0,4029000000.0,2345838,3.6505,-1321834,3667672,-2345838,
300921,南凌科技,16.24,1.1838,139700000.0,5.34,4170000000.0,2629000000.0,2343663,1.6776,3132273,-788610,-2343663,
603297,永新光学,115.02,1.7786,135170000.0,1.07,12736000000.0,12736000000.0,2330808,1.7244,5537798,-3206990,-2330808,
688779,五矿新能,7.58,-2.0672,194790000.0,1.33,14623000000.0,14623000000.0,2327187,1.1947,0,2327187,-2327187,
001358,兴欣新材,25.21,2.6466,58770000.0,4.65,3106000000.0,1285000000.0,2324188,3.9547,-2538833,4863021,-2324188,
000563,陕国投Ａ,2.96,0.6803,91690000.0,0.61,15137000000.0,15137000000.0,2323599,2.5342,1323773,999826,-2323599,
300081,ST恒信,3.48,0.578,25240000.0,1.2,2105000000.0,2104000000.0,2313259,9.1651,0,2313259,-2313259,
300641,正丹股份,13.91,1.3848,54360000.0,0.75,7310000000.0,7310000000.0,2313208,4.2553,-407249,2720457,-2313208,
603987,康德莱,7.64,3.9456,46890000.0,1.42,3337000000.0,3337000000.0,2311140,4.9289,1472407,838733,-2311140,
300618,寒锐钴业,32.21,0.6877,86550000.0,0.99,9975000000.0,8777000000.0,2303811,2.6618,-3073775,5377586,-2303811,
300414,中光防雷,11.61,2.2007,109960000.0,3.02,3785000000.0,3665000000.0,2302393,2.0938,1144602,1157791,-2302393,
002692,远程股份,4.33,1.1682,39220000.0,1.27,3110000000.0,3108000000.0,2301079,5.8671,1186543,1114536,-2301079,
000488,ST晨鸣,2.06,3.5176,31050000.0,0.9,6059000000.0,3501000000.0,2294959,7.3912,1288794,1006165,-2294959,
301616,浙江华业,35.31,1.4947,23450000.0,2.35,2825000000.0,1003000000.0,2293556,9.7806,0,2293556,-2293556,
603358,华达科技,46.05,2.9741,370050000.0,1.74,21632000000.0,21265000000.0,2285845,0.6177,3983271,-1697426,-2285845,
002320,海峡股份,6.76,1.1976,199740000.0,1.33,15121000000.0,15121000000.0,2283539,1.1433,6267779,-3984240,-2283539,
301006,迈拓股份,13.55,3.911,21480000.0,1.86,1887000000.0,1169000000.0,2282826,10.6277,1341654,941172,-2282826,
300612,宣亚国际,12.31,2.6689,85830000.0,3.84,2253000000.0,2241000000.0,2273692,2.6491,1106918,1166774,-2273692,
605300,佳禾食品,10.5,5.4217,72800000.0,1.55,4771000000.0,4771000000.0,2270788,3.1192,1077516,1193272,-2270788,
300698,万马科技,28.11,3.6122,114470000.0,3.43,3767000000.0,3378000000.0,2267375,1.9808,1693979,573396,-2267375,
300763,锦浪科技,56.19,-2.1421,589940000.0,3.25,22290000000.0,18070000000.0,2264460,0.3838,10358107,-8093647,-2264460,
688651,盛邦安全,24.23,4.1702,56520000.0,5.02,2483000000.0,1139000000.0,2259833,3.9983,0,2259833,-2259833,
603210,泰鸿万立,13.41,2.6014,49480000.0,1.59,4565000000.0,3120000000.0,2256844,4.5611,0,2256844,-2256844,
002148,北纬科技,6.34,1.44,46100000.0,1.62,3542000000.0,2860000000.0,2243879,4.8674,1547311,696568,-2243879,
600761,安徽合力,15.46,0.0,93240000.0,0.68,13770000000.0,13770000000.0,2238747,2.4011,-430312,2669059,-2238747,
300498,温氏股份,14.92,0.879,444780000.0,0.5,99277000000.0,88713000000.0,2235359,0.5026,29969666,-27734307,-2235359,
605255,天普股份,62.53,2.0565,44410000.0,0.53,8384000000.0,8384000000.0,2234314,5.0311,1348959,885355,-2234314,
688588,凌志软件,9.0,2.5057,29350000.0,0.84,3510000000.0,3510000000.0,2233924,7.6113,0,2233924,-2233924,
603658,安图生物,32.52,1.088,54440000.0,0.29,18583000000.0,18583000000.0,2232471,4.1008,-3240563,5473034,-2232471,
603181,皇马科技,12.8,3.4762,89480000.0,1.2,7535000000.0,7535000000.0,2230560,2.4928,-1142100,3372660,-2230560,
301320,豪江智能,14.1,1.7316,27390000.0,1.72,2566000000.0,1610000000.0,2228852,8.1375,2477962,-249110,-2228852,
301332,德尔玛,7.67,0.9211,22740000.0,1.12,3540000000.0,2031000000.0,2222289,9.7726,0,2222289,-2222289,
300045,华力创通,11.88,1.9742,125190000.0,2.03,7873000000.0,6220000000.0,2218650,1.7722,6498966,-4280316,-2218650,
300825,阿尔特,13.26,1.1442,296930000.0,4.65,6562000000.0,6424000000.0,2218332,0.7471,-14822081,17040413,-2218332,
003019,宸展光电,28.63,3.9579,176620000.0,3.53,5066000000.0,4951000000.0,2210244,1.2514,2073585,136659,-2210244,
603718,*ST海利,3.12,2.9703,21810000.0,1.09,2025000000.0,2025000000.0,2207381,10.121,0,2207381,-2207381,
600955,维远股份,12.6,1.6129,26520000.0,0.38,6930000000.0,6930000000.0,2199829,8.295,0,2199829,-2199829,
600839,四川长虹,6.73,0.4478,236920000.0,0.76,31067000000.0,31059000000.0,2198672,0.928,10569835,-8371163,-2198672,
600556,天下秀,4.67,0.6466,143780000.0,1.7,8442000000.0,8442000000.0,2184348,1.5192,-2995137,5179485,-2184348,
600629,华建集团,16.59,2.0295,351200000.0,1.86,19075000000.0,19075000000.0,2181855,0.6213,-836887,3018742,-2181855,
002931,锋龙股份,41.58,0.6536,176520000.0,2.09,9085000000.0,8423000000.0,2171948,1.2304,757298,1414650,-2171948,
003028,振邦智能,23.77,2.4569,39160000.0,2.33,3426000000.0,1680000000.0,2168323,5.5371,2607630,-439307,-2168323,
603125,常青科技,24.14,1.0042,69790000.0,0.71,9773000000.0,9773000000.0,2155206,3.0881,-431838,2587044,-2155206,
601686,友发集团,5.11,0.5906,21730000.0,0.29,7559000000.0,7559000000.0,2147077,9.8807,719217,1427860,-2147077,
300428,立中集团,19.65,0.9245,106330000.0,0.9,13472000000.0,11853000000.0,2146091,2.0183,215260,1930831,-2146091,
300588,熙菱信息,22.21,1.8807,87170000.0,2.23,4253000000.0,3927000000.0,2144601,2.4603,4819291,-2674690,-2144601,
688358,祥生医疗,28.55,2.8088,28040000.0,0.88,3201000000.0,3197000000.0,2144201,7.6469,1189894,954307,-2144201,
603333,福华尚纬,9.63,2.5559,97660000.0,1.64,7176000000.0,5985000000.0,2143533,2.1949,-1463474,3607007,-2143533,
300753,爱朋医疗,21.25,4.3713,177380000.0,9.42,2679000000.0,1882000000.0,2142101,1.2076,598798,1543303,-2142101,
601990,南京证券,6.7,0.9036,103850000.0,0.37,29478000000.0,28353000000.0,2140874,2.0615,-3945470,6086344,-2140874,
002908,德生科技,7.02,2.6316,35190000.0,1.56,3029000000.0,2283000000.0,2128609,6.0489,0,2128609,-2128609,
603338,浙江鼎力,54.07,-0.1293,160160000.0,0.58,27378000000.0,27378000000.0,2103519,1.3134,2792677,-689158,-2103519,
601007,金陵饭店,6.91,2.2189,44670000.0,1.67,2695000000.0,2695000000.0,2098250,4.6972,0,2098250,-2098250,
000828,东莞控股,10.1,0.0,39360000.0,0.37,10499000000.0,10499000000.0,2096566,5.3266,-1392147,3488713,-2096566,
688092,爱科科技,21.92,2.7661,15280000.0,0.85,1812000000.0,1812000000.0,2096396,13.7199,0,2096396,-2096396,
002105,信隆健康,6.08,2.8765,44120000.0,2.0,2227000000.0,2216000000.0,2078635,4.7113,0,2078635,-2078635,
600229,城市传媒,5.83,1.2153,89650000.0,2.34,3852000000.0,3852000000.0,2077071,2.3169,-3520331,5597402,-2077071,
000708,中信特钢,12.84,-1.2308,210220000.0,0.33,64806000000.0,64805000000.0,2074832,0.987,-6407094,8481926,-2074832,
300119,瑞普生物,17.16,2.3866,82460000.0,1.42,7975000000.0,5809000000.0,2069260,2.5094,0,2069260,-2069260,
301226,祥明智能,32.65,8.2201,97870000.0,2.81,3552000000.0,3552000000.0,2057628,2.1024,-2307792,4365420,-2057628,
300318,博晖创新,5.11,4.499,50500000.0,1.25,4174000000.0,4081000000.0,2056452,4.0722,117070,1939382,-2056452,
600370,*ST三房,1.52,2.7027,27070000.0,0.45,6114000000.0,6114000000.0,2053085,7.5844,526288,1526797,-2053085,
000852,石化机械,5.59,2.381,77870000.0,1.48,5343000000.0,5312000000.0,2052876,2.6363,775427,1277449,-2052876,
002006,精工科技,13.53,1.5766,82450000.0,1.18,7031000000.0,7031000000.0,2051314,2.4879,2922822,-871508,-2051314,
601121,宝地矿业,7.28,1.2517,64840000.0,1.12,7165000000.0,5824000000.0,2048992,3.1601,-241261,2290253,-2048992,
002393,力生制药,14.07,3.532,45780000.0,1.09,4338000000.0,4224000000.0,2037425,4.4505,1479392,558033,-2037425,
002369,卓翼科技,5.77,1.5845,60710000.0,1.87,3271000000.0,3271000000.0,2036574,3.3546,1382086,654488,-2036574,
601033,永兴股份,14.36,-0.1391,40600000.0,1.18,12924000000.0,3446000000.0,2035512,5.0136,0,2035512,-2035512,
300272,开能健康,5.83,3.5524,42800000.0,1.6,3565000000.0,2708000000.0,2030844,4.745,1032468,998376,-2030844,
603132,金徽股份,18.42,1.4876,88740000.0,0.49,18015000000.0,18015000000.0,2029631,2.2872,0,2029631,-2029631,
688376,美埃科技,64.4,-3.3033,108780000.0,1.23,8710000000.0,8710000000.0,2025271,1.8618,1486845,538426,-2025271,
600419,天润乳业,8.81,2.9206,36070000.0,1.31,2780000000.0,2780000000.0,2018897,5.5972,0,2018897,-2018897,
002252,上海莱士,5.0,1.4199,217890000.0,0.66,32963000000.0,32941000000.0,2017576,0.926,7420534,-5402958,-2017576,
000720,新能泰山,4.07,0.4938,171680000.0,3.39,5114000000.0,5114000000.0,2012064,1.172,-175515,2187579,-2012064,
300801,泰和科技,21.94,0.7346,56440000.0,1.87,4785000000.0,3011000000.0,2009793,3.5609,-706550,2716343,-2009793,
002508,老板电器,16.36,-0.183,164790000.0,1.08,15460000000.0,15274000000.0,2009277,1.2193,3519029,-1509752,-2009277,
688691,灿芯股份,65.27,0.3691,198000000.0,4.16,7832000000.0,4762000000.0,1998458,1.0093,-1901344,3899802,-1998458,
001213,中铁特货,3.53,1.1461,24310000.0,0.16,15689000000.0,15689000000.0,1998054,8.2191,773500,1224554,-1998054,
603826,坤彩科技,16.77,1.8215,166220000.0,1.17,14284000000.0,14284000000.0,1995377,1.2004,6078385,-4083008,-1995377,
002763,汇洁股份,7.34,1.3812,29570000.0,1.33,3009000000.0,2229000000.0,1994050,6.7435,1159137,834913,-1994050,
603014,威高血净,31.47,0.7685,35370000.0,1.11,13147000000.0,3194000000.0,1992666,5.6338,0,1992666,-1992666,
002434,万里扬,6.12,3.3784,210770000.0,2.63,8033000000.0,8025000000.0,1989994,0.9442,2105227,-115233,-1989994,
688611,杭州柯林,68.93,-0.9626,87020000.0,0.82,10573000000.0,10573000000.0,1985856,2.2821,-2822595,4808451,-1985856,
600537,*ST亿晶,2.12,0.4739,38000000.0,1.53,2509000000.0,2509000000.0,1978892,5.2076,134308,1844584,-1978892,
301089,拓新药业,23.84,6.5713,93130000.0,4.43,3017000000.0,2137000000.0,1976045,2.1218,424575,1551470,-1976045,
300984,金沃股份,31.96,4.2741,113860000.0,2.9,6151000000.0,3964000000.0,1975791,1.7353,-1274950,3250741,-1975791,
603215,比依股份,14.4,2.4182,28210000.0,1.05,3090000000.0,2696000000.0,1975298,7.0021,0,1975298,-1975298,
600058,五矿发展,9.1,0.9989,50670000.0,0.52,9754000000.0,9754000000.0,1973135,3.8941,-5209844,7182979,-1973135,
600469,风神股份,5.06,1.4028,33400000.0,0.79,4504000000.0,4282000000.0,1971186,5.9018,-1429194,3400380,-1971186,
605577,龙版传媒,16.56,5.3435,720750000.0,10.16,7360000000.0,7360000000.0,1963509,0.2724,-7634273,9597782,-1963509,
002103,广博股份,6.6,1.6949,32960000.0,1.29,3526000000.0,2562000000.0,1962367,5.9538,-1045800,3008167,-1962367,
000678,襄阳轴承,9.02,0.6696,66510000.0,1.6,4146000000.0,4146000000.0,1958757,2.9451,-106318,2065075,-1958757,
601038,一拖股份,14.05,-1.5417,134150000.0,1.31,15787000000.0,10280000000.0,1952135,1.4552,-617000,2569135,-1952135,
001259,利仁科技,48.07,3.5099,78550000.0,3.46,3537000000.0,2285000000.0,1950054,2.4826,-945544,2895598,-1950054,
300616,尚品宅配,10.65,6.1815,85270000.0,5.25,2391000000.0,1653000000.0,1949997,2.2869,-110048,2060045,-1949997,
301113,雅艺科技,17.58,1.913,28210000.0,2.26,2080000000.0,1260000000.0,1943912,6.8909,68337,1875575,-1943912,
603633,徕木股份,6.44,-0.155,53410000.0,1.93,2749000000.0,2749000000.0,1939156,3.6307,-864811,2803967,-1939156,
301696,三瑞智能,95.99,0.0,146430000.0,5.07,38397000000.0,2888000000.0,1939121,1.3243,-2766367,4705488,-1939121,
301000,肇民科技,24.95,1.5466,117590000.0,2.04,6078000000.0,5738000000.0,1929682,1.641,2126519,-196837,-1929682,
603616,韩建河山,5.58,1.4545,41500000.0,1.92,2161000000.0,2160000000.0,1924302,4.6369,0,1924302,-1924302,
603370,华新精科,28.42,2.3407,74160000.0,3.09,4972000000.0,2400000000.0,1920560,2.5898,-962337,2882897,-1920560,
003025,思进智能,12.1,0.8333,28160000.0,1.03,3436000000.0,2740000000.0,1920224,6.819,1288960,631264,-1920224,
688153,唯捷创芯,25.98,1.2076,73710000.0,0.68,11180000000.0,10864000000.0,1914683,2.5976,1279726,634957,-1914683,
603980,吉华集团,8.94,1.3605,487580000.0,8.08,6051000000.0,6051000000.0,1913242,0.3924,4865301,-2952059,-1913242,
301036,双乐股份,21.98,3.1441,26130000.0,1.72,2198000000.0,1532000000.0,1913241,7.322,754130,1159111,-1913241,
301060,兰卫医学,11.81,7.4613,319080000.0,7.65,4730000000.0,4254000000.0,1911264,0.599,1378154,533110,-1911264,
002697,红旗连锁,4.75,1.4957,79430000.0,1.46,6460000000.0,5453000000.0,1909538,2.4041,-776830,2686368,-1909538,
301160,翔楼新材,42.65,1.596,148820000.0,3.13,7110000000.0,4725000000.0,1900991,1.2774,-1105150,3006141,-1900991,
605056,咸亨国际,13.82,2.5223,84780000.0,1.54,5658000000.0,5575000000.0,1899993,2.2411,0,1899993,-1899993,
002737,葵花药业,11.51,2.3111,67530000.0,1.01,6722000000.0,6722000000.0,1897025,2.8092,2810694,-913669,-1897025,
300713,英可瑞,13.7,7.1149,88740000.0,7.31,2176000000.0,1225000000.0,1893591,2.1339,-348831,2242422,-1893591,
300075,数字政通,10.49,1.1572,69400000.0,1.27,6516000000.0,5504000000.0,1893446,2.7283,2855608,-962162,-1893446,
600616,金枫酒业,5.1,4.0816,206080000.0,6.17,3412000000.0,3412000000.0,1886718,0.9155,1058102,828616,-1886718,
002096,易普力,9.4,2.6201,67590000.0,0.58,11660000000.0,11652000000.0,1884484,2.7881,3047526,-1163042,-1884484,
000521,长虹美菱,4.45,0.4515,36590000.0,0.95,4583000000.0,3895000000.0,1881777,5.1429,-1134959,3016736,-1881777,
600117,西宁特钢,2.21,0.9132,27950000.0,0.39,7194000000.0,7194000000.0,1877508,6.7174,69718,1807790,-1877508,
301356,天振股份,19.58,3.3791,24850000.0,1.01,4229000000.0,2470000000.0,1876335,7.5506,0,1876335,-1876335,
688737,中自科技,17.11,0.7656,23830000.0,1.17,2046000000.0,2046000000.0,1872629,7.8583,0,1872629,-1872629,
605377,华旺科技,8.24,1.7284,65580000.0,1.44,4587000000.0,4587000000.0,1872605,2.8555,2617404,-744799,-1872605,
600571,信雅达,10.58,1.9268,59610000.0,1.24,4934000000.0,4843000000.0,1863129,3.1255,99895,1763234,-1863129,
300889,爱克股份,23.25,-2.801,231500000.0,6.57,5120000000.0,3496000000.0,1856129,0.8018,-20532147,22388276,-1856129,
605180,华生科技,13.95,5.2036,76930000.0,3.27,2358000000.0,2358000000.0,1851866,2.4072,407788,1444078,-1851866,
605008,长鸿高科,14.34,-0.1393,60140000.0,0.64,9263000000.0,9263000000.0,1851681,3.079,2196671,-344990,-1851681,
301186,超达装备,38.59,8.0045,139360000.0,3.35,4428000000.0,4180000000.0,1851296,1.3284,3042258,-1190962,-1851296,
300160,秀强股份,4.42,1.6092,24220000.0,0.72,3416000000.0,3372000000.0,1848530,7.6322,0,1848530,-1848530,
688100,威胜信息,24.82,0.608,33470000.0,0.27,12204000000.0,12204000000.0,1840402,5.4987,1203573,636829,-1840402,
603676,卫信康,9.04,3.6697,23290000.0,0.6,3934000000.0,3934000000.0,1839107,7.8966,0,1839107,-1839107,
001280,中国铀业,63.95,0.2351,234730000.0,2.12,132260000000.0,11110000000.0,1835547,0.782,5697953,-3862406,-1835547,
002311,海大集团,42.42,1.0481,254440000.0,0.36,70290000000.0,70223000000.0,1835349,0.7213,2330708,-495359,-1835349,
002069,獐子岛,3.83,4.9315,56260000.0,2.1,2724000000.0,2720000000.0,1833390,3.2588,2174882,-341492,-1833390,
001210,金房能源,30.16,3.2877,217660000.0,5.38,6621000000.0,4024000000.0,1821616,0.8369,-831108,2652724,-1821616,
600653,申华控股,1.75,2.9412,57540000.0,1.72,3406000000.0,3406000000.0,1820622,3.1641,91347,1729275,-1820622,
300098,高新兴,4.38,1.1547,106180000.0,1.58,7611000000.0,6753000000.0,1820489,1.7145,4699164,-2878675,-1820489,
300538,同益股份,15.46,6.768,104170000.0,5.58,2812000000.0,1893000000.0,1817279,1.7445,707798,1109481,-1817279,
688693,锴威特,77.83,-2.0144,106530000.0,3.48,5735000000.0,3028000000.0,1816823,1.7055,5215594,-3398771,-1816823,
688156,路德科技,23.6,6.0674,110280000.0,4.68,2377000000.0,2377000000.0,1814756,1.6456,-10591119,12405875,-1814756,
600279,重庆港,4.38,1.1547,25980000.0,0.5,5198000000.0,5198000000.0,1814165,6.9829,2845629,-1031464,-1814165,
605183,确成股份,16.52,2.7363,47980000.0,0.71,6859000000.0,6813000000.0,1813901,3.7805,1989870,-175969,-1813901,
688681,科汇股份,15.25,1.9385,21390000.0,1.34,1596000000.0,1596000000.0,1810702,8.4652,0,1810702,-1810702,
002742,冀衡医药,4.34,6.3725,188080000.0,8.37,2969000000.0,2274000000.0,1809995,0.9624,-7205166,9015161,-1809995,
002523,天桥起重,3.44,0.8798,41480000.0,0.86,4873000000.0,4856000000.0,1803272,4.3473,853357,949915,-1803272,
002765,蓝黛科技,7.08,3.207,85970000.0,2.04,4617000000.0,4219000000.0,1802419,2.0966,1997389,-194970,-1802419,
002014,永新股份,11.0,0.2735,16670000.0,0.25,6737000000.0,6716000000.0,1786999,10.7199,374418,1412581,-1786999,
600217,中再资环,3.26,0.9288,35210000.0,0.65,5404000000.0,5404000000.0,1778504,5.0511,-2214577,3993081,-1778504,
601866,中远海发,2.5,1.2146,149070000.0,0.62,32830000000.0,24276000000.0,1772988,1.1894,1213788,559200,-1772988,
300665,飞鹿股份,8.92,2.2936,55020000.0,2.86,2048000000.0,1945000000.0,1766968,3.2115,1168563,598405,-1766968,
000913,钱江摩托,10.76,0.6548,33050000.0,0.59,5664000000.0,5596000000.0,1764371,5.3385,0,1764371,-1764371,
300157,新锦动力,3.87,2.1108,72010000.0,2.55,2973000000.0,2846000000.0,1759337,2.4432,22300,1737037,-1759337,
688338,赛科希德,31.7,7.167,65950000.0,2.0,3365000000.0,3365000000.0,1755463,2.6618,-1564216,3319679,-1755463,
300421,力星股份,17.51,1.6251,102050000.0,2.49,5148000000.0,4087000000.0,1754030,1.7188,4939674,-3185644,-1754030,
600399,抚顺特钢,4.51,1.8059,122220000.0,1.38,8894000000.0,8894000000.0,1754007,1.4351,4371116,-2617109,-1754007,
601113,华鼎股份,3.53,4.1298,71620000.0,1.85,4780000000.0,3898000000.0,1753512,2.4484,737085,1016427,-1753512,
601616,广电电气,3.86,1.3123,40970000.0,1.25,3295000000.0,3295000000.0,1748656,4.2681,1492986,255670,-1748656,
603332,苏州龙杰,11.86,3.6713,35640000.0,1.4,2566000000.0,2566000000.0,1746396,4.9001,0,1746396,-1746396,
603030,全筑股份,2.14,2.8846,61070000.0,2.2,2818000000.0,2818000000.0,1746180,2.8593,-2587233,4333413,-1746180,
300633,开立医疗,19.69,3.6316,85770000.0,1.7,8365000000.0,5122000000.0,1743076,2.0323,0,1743076,-1743076,
301299,卓创资讯,47.3,0.8314,126110000.0,5.88,2869000000.0,2169000000.0,1741404,1.3809,1807967,-66563,-1741404,
603335,迪生力,6.39,3.231,107260000.0,3.88,2736000000.0,2736000000.0,1738846,1.6212,-241772,1980618,-1738846,
002347,泰尔股份,5.94,0.678,46230000.0,1.58,2998000000.0,2931000000.0,1730075,3.7423,0,1730075,-1730075,
300949,奥雅股份,23.28,2.2847,17820000.0,1.55,2025000000.0,1158000000.0,1725538,9.6832,0,1725538,-1725538,
300519,新光药业,14.68,5.4598,56830000.0,3.44,2349000000.0,1675000000.0,1725298,3.0359,0,1725298,-1725298,
301009,可靠股份,9.18,4.9143,32320000.0,2.36,2496000000.0,1387000000.0,1724378,5.3353,0,1724378,-1724378,
002796,世嘉科技,31.73,-0.1259,494260000.0,6.77,8008000000.0,7239000000.0,1717351,0.3475,890987,826364,-1717351,
002101,广东鸿图,8.83,1.7281,40520000.0,0.7,5853000000.0,5847000000.0,1712935,4.2274,4670456,-2957521,-1712935,
688128,中国电研,22.02,0.3646,31450000.0,0.35,8907000000.0,8907000000.0,1711842,5.4431,1529044,182798,-1711842,
002047,宝鹰股份,3.48,2.3529,129270000.0,2.47,5277000000.0,5276000000.0,1710595,1.3233,2142818,-432223,-1710595,
300960,通业科技,17.87,10.2406,91090000.0,3.96,2594000000.0,2351000000.0,1707447,1.8745,0,1707447,-1707447,
002088,鲁阳节能,8.15,2.3869,19850000.0,0.49,4152000000.0,4124000000.0,1704419,8.5865,0,1704419,-1704419,
603828,*ST利达,6.06,8.0214,32910000.0,0.94,3612000000.0,3611000000.0,1703977,5.1777,0,1703977,-1703977,
000789,万年青,4.15,2.4691,27430000.0,0.83,3309000000.0,3309000000.0,1700231,6.1984,2638915,-938684,-1700231,
300205,*ST天喻,5.07,1.4,9250000.0,0.43,2180000000.0,2180000000.0,1695456,18.3293,149894,1545562,-1695456,
688021,奥福科技,19.72,2.3352,30350000.0,2.02,1507000000.0,1507000000.0,1695030,5.5849,0,1695030,-1695030,
301119,正强股份,26.42,3.1628,72240000.0,2.33,3847000000.0,3111000000.0,1694398,2.3455,-979569,2673967,-1694398,
300899,上海凯鑫,29.65,0.9877,27320000.0,2.13,1891000000.0,1285000000.0,1693296,6.198,0,1693296,-1693296,
300437,清水源,11.39,6.4486,116550000.0,5.96,2793000000.0,1979000000.0,1681025,1.4423,0,1681025,-1681025,
301042,安联锐视,31.62,2.1648,86840000.0,2.99,3060000000.0,2917000000.0,1675067,1.9289,3952963,-2277896,-1675067,
603135,中重科技,8.88,1.0239,39840000.0,0.71,5632000000.0,5590000000.0,1674835,4.2039,0,1674835,-1674835,
300354,东华测试,27.49,1.3269,40740000.0,1.77,3802000000.0,2294000000.0,1649372,4.0485,760813,888559,-1649372,
300256,星星科技,2.72,1.8727,50100000.0,0.82,6170000000.0,6102000000.0,1648763,3.2909,0,1648763,-1648763,
603281,江瀚新材,18.69,0.1071,34750000.0,0.36,9693000000.0,9693000000.0,1645014,4.7339,0,1645014,-1645014,
688484,南芯科技,34.99,0.1718,166570000.0,1.11,15032000000.0,15032000000.0,1642666,0.9862,1059622,583044,-1642666,
002930,宏川智慧,9.22,1.6538,47890000.0,1.21,4223000000.0,3996000000.0,1641580,3.4278,1203498,438082,-1641580,
688606,奥泰生物,46.95,2.2208,14260000.0,0.4,3552000000.0,3552000000.0,1639348,11.4961,0,1639348,-1639348,
002866,传艺科技,14.52,0.0689,61770000.0,2.32,4204000000.0,2668000000.0,1638407,2.6524,2590590,-952183,-1638407,
600130,波导股份,4.62,4.2889,110760000.0,3.2,3465000000.0,3465000000.0,1635458,1.4766,-36661,1672119,-1635458,
600975,新五丰,5.34,2.4952,145530000.0,2.21,6673000000.0,6673000000.0,1634057,1.1228,2123103,-489046,-1634057,
300217,东方电热,4.11,1.4815,60810000.0,1.2,6074000000.0,5102000000.0,1633820,2.6868,1680666,-46846,-1633820,
600959,江苏有线,3.15,0.9615,83370000.0,0.53,15752000000.0,15752000000.0,1629145,1.9541,1894129,-264984,-1629145,
603722,阿科力,29.57,2.1416,30470000.0,1.08,2890000000.0,2848000000.0,1625129,5.3335,1476060,149069,-1625129,
002725,跃岭股份,11.25,1.7179,35670000.0,1.28,2880000000.0,2801000000.0,1618346,4.537,-885163,2503509,-1618346,
300439,美康生物,9.9,4.3203,65630000.0,2.29,3800000000.0,2894000000.0,1616682,2.4633,1922299,-305617,-1616682,
002650,ST加加,6.46,-3.2934,42620000.0,0.59,7152000000.0,7152000000.0,1616036,3.7917,411130,1204906,-1616036,
688448,磁谷科技,71.27,0.225,176740000.0,2.56,6950000000.0,6950000000.0,1607230,0.9094,-8925521,10532751,-1607230,
600560,金自天正,11.26,2.4568,24910000.0,0.99,2518000000.0,2518000000.0,1605483,6.4451,0,1605483,-1605483,
002689,ST远智,3.0,3.0928,19230000.0,0.62,3130000000.0,3129000000.0,1605117,8.3469,1036800,568317,-1605117,
600850,电科数字,14.11,0.7138,87940000.0,0.76,11517000000.0,11517000000.0,1604884,1.825,-876739,2481623,-1604884,
001255,博菲电气,27.05,1.8449,26410000.0,1.27,2354000000.0,2089000000.0,1597384,6.0484,1113412,483972,-1597384,
002469,三维化学,6.16,2.1559,37300000.0,0.97,3997000000.0,3875000000.0,1594677,4.2753,1087320,507357,-1594677,
002827,高争民爆,71.05,4.3319,605520000.0,3.14,19684000000.0,19610000000.0,1594437,0.2633,-33141018,34735455,-1594437,
002749,国光股份,8.52,1.9139,19230000.0,0.42,4741000000.0,4638000000.0,1593045,8.2842,0,1593045,-1593045,
002190,成飞集成,24.5,0.6574,107520000.0,1.23,8789000000.0,8789000000.0,1592465,1.4811,1926198,-333733,-1592465,
002651,利君股份,8.45,1.4406,111880000.0,2.34,8733000000.0,4778000000.0,1591280,1.4223,-458978,2050258,-1591280,
000417,合百集团,5.87,2.9825,159240000.0,3.53,4578000000.0,4573000000.0,1578806,0.9915,10540215,-8961409,-1578806,
300864,南大环境,25.37,-0.8984,67190000.0,1.65,4036000000.0,4036000000.0,1576086,2.3457,0,1576086,-1576086,
300941,创识科技,15.35,4.8497,65530000.0,3.44,3143000000.0,1946000000.0,1571885,2.3987,0,1571885,-1571885,
603266,天龙股份,17.19,0.3503,131110000.0,3.84,3419000000.0,3419000000.0,1559030,1.1891,-2263242,3822272,-1559030,
300886,华业香料,23.84,4.287,62490000.0,5.61,1791000000.0,1124000000.0,1555904,2.4898,-2257995,3813899,-1555904,
000802,北京文化,4.05,3.0534,243200000.0,8.48,2899000000.0,2898000000.0,1552741,0.6385,-3325021,4877762,-1552741,
002996,顺博合金,6.0,0.8403,29360000.0,1.07,4017000000.0,2750000000.0,1547660,5.2713,1314139,233521,-1547660,
600381,*ST春天,4.14,6.4267,46330000.0,1.93,2430000000.0,2430000000.0,1544440,3.3336,139360,1405080,-1544440,
300453,三鑫医疗,9.17,1.7758,34870000.0,1.05,4788000000.0,3345000000.0,1543015,4.4251,-2959634,4502649,-1543015,
002282,博深股份,6.11,1.8333,20620000.0,0.67,3219000000.0,3113000000.0,1540316,7.47,0,1540316,-1540316,
002551,尚荣医疗,3.4,5.2632,74620000.0,3.62,2875000000.0,2078000000.0,1536102,2.0586,0,1536102,-1536102,
300200,高盟新材,8.63,1.2911,54850000.0,1.5,3719000000.0,3671000000.0,1535346,2.7992,-3746057,5281403,-1535346,
000421,南京公用,5.72,1.4184,40240000.0,1.24,3286000000.0,3284000000.0,1533566,3.811,374765,1158801,-1533566,
001231,农心科技,22.42,3.461,57950000.0,5.13,2235000000.0,1143000000.0,1522789,2.6278,1129060,393729,-1522789,
605020,永和股份,31.7,-1.6139,238050000.0,1.46,16193000000.0,16193000000.0,1517698,0.6376,-745289,2262987,-1517698,
002419,天虹股份,4.71,1.7279,67830000.0,1.27,5375000000.0,5375000000.0,1516307,2.2355,-573946,2090253,-1516307,
000573,粤宏远Ａ,3.87,3.7534,59930000.0,2.49,2470000000.0,2448000000.0,1516158,2.5299,3278226,-1762068,-1516158,
300172,中电环保,4.56,2.0134,39700000.0,1.67,3086000000.0,2387000000.0,1514454,3.8147,380546,1133908,-1514454,
002880,卫光生物,21.64,4.0385,55780000.0,1.15,4908000000.0,4908000000.0,1509659,2.7065,1351829,157830,-1509659,
600039,四川路桥,8.79,0.9185,128340000.0,0.17,76434000000.0,76434000000.0,1508497,1.1754,0,1508497,-1508497,
300228,富瑞特装,6.8,1.1905,46640000.0,1.23,4062000000.0,3811000000.0,1505068,3.227,2959872,-1454804,-1505068,
603848,好太太,13.47,2.6677,46260000.0,0.86,5420000000.0,5420000000.0,1504142,3.2515,481572,1022570,-1504142,
300355,蒙草生态,2.84,2.1583,50020000.0,1.13,4556000000.0,4465000000.0,1501212,3.0012,0,1501212,-1501212,
688236,春立医疗,14.18,2.6049,29860000.0,0.74,5439000000.0,4090000000.0,1500303,5.0245,0,1500303,-1500303,
600612,老凤祥,31.6,0.4769,32950000.0,0.33,16531000000.0,10021000000.0,1494831,4.5367,0,1494831,-1494831,
603506,南都物业,11.93,3.8294,51340000.0,2.33,2240000000.0,2240000000.0,1488785,2.8999,1425856,62929,-1488785,
603868,飞科电器,31.36,-0.9788,72990000.0,0.54,13660000000.0,13660000000.0,1488477,2.0393,0,1488477,-1488477,
605369,拱东医疗,17.6,5.8328,57290000.0,1.49,3869000000.0,3869000000.0,1486932,2.5954,0,1486932,-1486932,
603813,原尚股份,26.67,0.9845,26050000.0,0.91,2801000000.0,2801000000.0,1485205,5.7014,0,1485205,-1485205,
002760,凤形股份,17.53,2.6948,43420000.0,2.32,1893000000.0,1893000000.0,1481941,3.413,271234,1210707,-1481941,
600981,苏豪汇鸿,2.45,2.5105,43760000.0,0.8,5494000000.0,5494000000.0,1479943,3.382,1394785,85158,-1479943,
301043,绿岛风,50.1,0.8657,53380000.0,1.87,3407000000.0,2843000000.0,1476654,2.7663,-3131087,4607741,-1476654,
300191,潜能恒信,32.2,2.9083,271640000.0,3.86,10304000000.0,7122000000.0,1474299,0.5427,-7163190,8637489,-1474299,
688657,浩辰软件,33.96,3.7263,44160000.0,2.21,3240000000.0,2027000000.0,1467175,3.3224,2265759,-798584,-1467175,
300514,友讯达,10.29,2.5922,24850000.0,1.52,2058000000.0,1649000000.0,1465872,5.8989,1340196,125676,-1465872,
300511,雪榕生物,5.14,2.5948,157400000.0,5.45,3294000000.0,2928000000.0,1457232,0.9258,4280203,-2822971,-1457232,
688080,映翰通,38.18,2.3867,34310000.0,1.22,2812000000.0,2812000000.0,1456314,4.2446,0,1456314,-1456314,
688500,慧辰股份,31.56,-1.5289,69810000.0,2.92,2397000000.0,2364000000.0,1440678,2.0637,-1461926,2902604,-1440678,
300384,三联虹普,11.85,2.4201,24930000.0,0.96,3780000000.0,2612000000.0,1437900,5.7677,0,1437900,-1437900,
300925,法本信息,14.19,1.5021,66880000.0,1.35,6083000000.0,4960000000.0,1437216,2.1489,466783,970433,-1437216,
301175,中科环保,5.64,-0.177,57090000.0,1.63,8301000000.0,3507000000.0,1435557,2.5146,-1130000,2565557,-1435557,
002641,公元股份,3.88,2.6455,32080000.0,0.74,4769000000.0,4400000000.0,1435125,4.4736,-2849520,4284645,-1435125,
301082,久盛电气,10.12,2.3256,60700000.0,2.22,2977000000.0,2760000000.0,1434587,2.3634,0,1434587,-1434587,
688793,倍轻松,18.44,5.6734,42160000.0,2.73,1567000000.0,1567000000.0,1431204,3.3947,0,1431204,-1431204,
300063,天龙集团,8.73,0.576,226270000.0,4.15,6622000000.0,5471000000.0,1420521,0.6278,2780867,-1360346,-1420521,
688201,ST信安,7.84,3.2938,25960000.0,1.05,2486000000.0,2486000000.0,1419127,5.4666,0,1419127,-1419127,
002413,雷科防务,8.35,1.4581,290000000.0,2.69,11016000000.0,10817000000.0,1411265,0.4866,9234177,-7822912,-1411265,
603043,广州酒家,13.25,0.3788,32830000.0,0.44,7495000000.0,7452000000.0,1409731,4.294,1319989,89742,-1409731,
300066,三川智慧,4.74,1.9355,49600000.0,1.05,4930000000.0,4768000000.0,1407009,2.8367,2528780,-1121771,-1407009,
300647,超频三,8.45,5.3616,417840000.0,10.91,3864000000.0,3859000000.0,1403360,0.3359,8914505,-7511145,-1403360,
603060,国检集团,5.5,2.2305,22410000.0,0.51,4422000000.0,4422000000.0,1401545,6.2541,0,1401545,-1401545,
688659,元琛科技,9.15,2.1205,31270000.0,2.14,1464000000.0,1464000000.0,1401099,4.4806,0,1401099,-1401099,
001308,康冠科技,18.17,0.4422,21870000.0,0.23,12793000000.0,9582000000.0,1399973,6.4013,1025352,374621,-1399973,
002917,金奥博,10.39,2.668,28730000.0,1.07,3612000000.0,2707000000.0,1391130,4.8421,-1275318,2666448,-1391130,
301063,海锅股份,17.51,2.5776,29320000.0,1.74,1827000000.0,1692000000.0,1383480,4.7186,0,1383480,-1383480,
688045,必易微,60.1,-0.4143,88110000.0,2.08,4242000000.0,4242000000.0,1370799,1.5558,-3157257,4528056,-1370799,
603219,富佳股份,12.67,-0.8607,37340000.0,0.52,7113000000.0,7113000000.0,1370277,3.6697,234253,1136024,-1370277,
002946,新乳业,14.46,0.1385,59070000.0,0.48,12445000000.0,12301000000.0,1365764,2.3121,0,1365764,-1365764,
001202,炬申股份,15.02,3.8728,44620000.0,2.57,2504000000.0,1755000000.0,1355274,3.0374,1111492,243782,-1355274,
301221,光庭信息,26.58,2.7842,33980000.0,1.45,3493000000.0,2375000000.0,1354832,3.9871,-808944,2163776,-1354832,
603896,寿仙谷,14.95,5.9532,64390000.0,2.2,2964000000.0,2964000000.0,1354820,2.1041,-2866657,4221477,-1354820,
605198,安德利,77.29,-10.0023,358210000.0,1.69,25342000000.0,20910000000.0,1350817,0.3771,-10344781,11695598,-1350817,
002524,光正眼科,4.09,3.8071,58960000.0,2.86,2108000000.0,2083000000.0,1349621,2.289,1166416,183205,-1349621,
603530,神马电力,45.0,2.1566,145530000.0,0.76,19413000000.0,19236000000.0,1347917,0.9262,-1956105,3304022,-1347917,
000782,恒申新材,8.3,2.2167,137040000.0,3.14,5699000000.0,4384000000.0,1336263,0.9751,2125313,-789050,-1336263,
002127,南极电商,3.04,0.9967,118560000.0,1.96,7463000000.0,6064000000.0,1334977,1.126,-3855244,5190221,-1334977,
301198,喜悦智行,13.29,8.9344,65670000.0,3.16,2246000000.0,2157000000.0,1333700,2.0309,0,1333700,-1333700,
001239,永达股份,12.04,2.0339,21790000.0,1.59,2890000000.0,1373000000.0,1331645,6.1113,745810,585835,-1331645,
300479,神思电子,14.8,1.9986,44160000.0,1.52,2916000000.0,2915000000.0,1327905,3.007,1480333,-152428,-1327905,
603076,乐惠国际,20.14,2.8601,26380000.0,1.1,2431000000.0,2431000000.0,1327439,5.032,0,1327439,-1327439,
300177,中海达,6.2,1.8062,43200000.0,1.16,4614000000.0,3759000000.0,1325371,3.068,0,1325371,-1325371,
300658,延江股份,10.89,4.3103,111540000.0,4.29,3624000000.0,2607000000.0,1322253,1.1855,-2501068,3823321,-1322253,
603801,志邦家居,6.12,4.0816,51690000.0,1.97,2658000000.0,2658000000.0,1321415,2.5564,0,1321415,-1321415,
000609,*ST中迪,9.8,-0.5076,49870000.0,1.75,2933000000.0,2849000000.0,1319996,2.6469,-1474836,2794832,-1319996,
601512,中新集团,8.48,0.4739,31650000.0,0.25,12711000000.0,12711000000.0,1319406,4.1687,0,1319406,-1319406,
605399,晨光新材,11.55,2.2124,26360000.0,0.74,3596000000.0,3593000000.0,1311429,4.9751,-1018149,2329578,-1311429,
002554,惠博普,2.84,2.5271,55320000.0,1.48,3788000000.0,3787000000.0,1308613,2.3655,-2006088,3314701,-1308613,
002778,中晟高科,16.02,5.7426,54260000.0,2.8,1999000000.0,1982000000.0,1308165,2.4109,2099572,-791407,-1308165,
600997,开滦股份,5.26,1.938,55700000.0,0.67,8352000000.0,8352000000.0,1301812,2.3372,0,1301812,-1301812,
688560,明冠新材,12.59,2.1916,28810000.0,1.14,2534000000.0,2534000000.0,1300690,4.5147,0,1300690,-1300690,
300483,首华燃气,24.18,2.241,198100000.0,2.15,9312000000.0,9298000000.0,1300058,0.6563,-2999659,4299717,-1300058,
601778,晶科科技,3.58,0.8451,225380000.0,1.69,13329000000.0,13329000000.0,1289041,0.5719,14827743,-13538702,-1289041,
603307,扬州金泉,25.06,2.453,25290000.0,1.05,2458000000.0,2435000000.0,1286485,5.0869,162087,1124398,-1286485,
300155,安居宝,4.46,4.4496,46300000.0,3.2,2503000000.0,1475000000.0,1286182,2.7779,-84730,1370912,-1286182,
300955,嘉亨家化,29.93,3.8875,37760000.0,1.25,3017000000.0,3017000000.0,1283909,3.4002,-87861,1371770,-1283909,
301310,鑫宏业,52.1,0.2501,200260000.0,3.88,9949000000.0,5082000000.0,1283399,0.6409,-6506423,7789822,-1283399,
300268,佳沃食品,12.06,3.6973,33430000.0,2.09,2101000000.0,1613000000.0,1282489,3.8363,406252,876237,-1282489,
301156,美农生物,11.78,3.2428,41400000.0,3.01,2169000000.0,1393000000.0,1280565,3.0932,0,1280565,-1280565,
601137,博威合金,20.65,0.7317,246630000.0,1.31,18959000000.0,18959000000.0,1279229,0.5187,664694,614535,-1279229,
002372,伟星新材,8.19,1.3614,53740000.0,0.45,13039000000.0,12040000000.0,1277881,2.3779,0,1277881,-1277881,
300881,盛德鑫泰,30.71,3.9607,36000000.0,2.06,3378000000.0,1763000000.0,1277425,3.5484,-1016600,2294025,-1277425,
002542,*ST中岩,1.69,0.5952,19220000.0,0.65,3052000000.0,2973000000.0,1275577,6.6367,5000,1270577,-1275577,
688113,联测科技,35.5,1.9822,21400000.0,0.94,2286000000.0,2286000000.0,1273676,5.9518,-1061400,2335076,-1273676,
002987,京北方,11.01,1.5683,129120000.0,1.17,11455000000.0,11163000000.0,1265287,0.9799,-744304,2009591,-1265287,
600262,北方股份,15.62,3.5123,90490000.0,2.46,3718000000.0,3718000000.0,1261902,1.3945,2525478,-1263576,-1261902,
301268,铭利达,11.92,0.846,30380000.0,0.7,4778000000.0,4321000000.0,1261389,4.152,0,1261389,-1261389,
601886,XD江河集,13.56,1.1186,144440000.0,0.95,15364000000.0,15364000000.0,1256489,0.8699,7007343,-5750854,-1256489,
688677,海泰新光,81.35,-0.7927,364310000.0,3.69,9752000000.0,9752000000.0,1253232,0.344,-13974647,15227879,-1253232,
603182,嘉华股份,13.54,3.2799,30970000.0,1.41,2228000000.0,2228000000.0,1252574,4.0445,0,1252574,-1252574,
600885,宏发股份,34.08,0.0,325990000.0,0.61,52742000000.0,52742000000.0,1252060,0.3841,-9760083,11012143,-1252060,
301035,润丰股份,53.8,2.2231,83140000.0,0.43,19610000000.0,19570000000.0,1250748,1.5044,1006400,244348,-1250748,
301088,戎美股份,13.49,4.4926,32190000.0,1.28,3074000000.0,2536000000.0,1248304,3.8779,24246,1224058,-1248304,
603180,金牌家居,15.7,3.9047,16280000.0,0.68,2422000000.0,2422000000.0,1247855,7.665,0,1247855,-1247855,
603648,畅联股份,9.65,2.9883,31100000.0,0.89,3497000000.0,3497000000.0,1247637,4.0117,0,1247637,-1247637,
600023,浙能电力,5.01,-1.378,235520000.0,0.35,67178000000.0,67178000000.0,1243733,0.5281,322424,921309,-1243733,
603655,朗博科技,31.69,4.9338,62920000.0,1.88,3359000000.0,3359000000.0,1240116,1.9709,-1211975,2452091,-1240116,
688193,仁度生物,46.79,2.7223,17720000.0,0.95,1875000000.0,1875000000.0,1239275,6.9937,0,1239275,-1239275,
603211,晋拓股份,20.08,-0.4955,79260000.0,1.45,5458000000.0,5458000000.0,1239269,1.5635,-550134,1789403,-1239269,
603177,德创环保,11.43,0.7937,71940000.0,3.09,2334000000.0,2334000000.0,1235322,1.7172,0,1235322,-1235322,
000705,浙江震元,7.19,4.0521,43320000.0,2.16,2402000000.0,2027000000.0,1234846,2.8505,0,1234846,-1234846,
002919,名臣健康,17.03,1.4294,53670000.0,1.19,4532000000.0,4499000000.0,1234549,2.3003,0,1234549,-1234549,
601390,中国中铁,4.33,0.6977,290230000.0,0.33,106221000000.0,88003000000.0,1234311,0.4253,19564844,-18330533,-1234311,
000096,广聚能源,8.07,1.2547,29280000.0,0.71,4261000000.0,4123000000.0,1231015,4.2043,334851,896164,-1231015,
300494,盛天网络,8.12,1.627,45820000.0,1.43,3983000000.0,3235000000.0,1229003,2.6822,0,1229003,-1229003,
002967,广电计量,17.2,0.4673,53720000.0,0.51,11001000000.0,10430000000.0,1227470,2.2849,1814315,-586845,-1227470,
000856,冀东装备,8.83,2.1991,35180000.0,1.77,2004000000.0,2004000000.0,1227267,3.4885,0,1227267,-1227267,
603697,有友食品,9.15,1.105,36980000.0,0.95,3913000000.0,3913000000.0,1226106,3.3156,0,1226106,-1226106,
300152,*ST动力,1.68,0.5988,14850000.0,1.24,1198000000.0,1197000000.0,1224784,8.2477,0,1224784,-1224784,
301517,陕西华达,38.05,0.6614,77150000.0,2.08,5755000000.0,3712000000.0,1223411,1.5858,0,1223411,-1223411,
601963,重庆银行,10.9,0.0,88870000.0,0.4,39521000000.0,22171000000.0,1221997,1.375,3335718,-2113721,-1221997,
600269,赣粤高速,3.82,0.2625,42030000.0,0.47,8921000000.0,8921000000.0,1218329,2.8987,863832,354497,-1218329,
301276,嘉曼服饰,17.53,2.6347,40900000.0,3.25,2272000000.0,1267000000.0,1214601,2.9697,0,1214601,-1214601,
603208,江山欧派,11.31,5.0139,20160000.0,1.03,1989000000.0,1989000000.0,1207269,5.9884,0,1207269,-1207269,
600331,宏达股份,11.84,4.0422,532140000.0,2.24,31277000000.0,24059000000.0,1206649,0.2268,41752856,-40546207,-1206649,
603318,水发燃气,9.31,2.1954,356180000.0,8.41,5164000000.0,4274000000.0,1202338,0.3376,2247608,-1045270,-1202338,
603816,顾家家居,22.36,-0.6222,178060000.0,0.98,20699000000.0,18243000000.0,1200427,0.6742,-9535252,10735679,-1200427,
300111,向日葵,3.11,3.6667,131140000.0,3.3,4003000000.0,4003000000.0,1197266,0.913,0,1197266,-1197266,
001390,古麒绒材,17.7,4.4248,90860000.0,4.44,3540000000.0,2084000000.0,1193320,1.3134,-1054558,2247878,-1193320,
300918,南山智尚,11.1,2.7778,94390000.0,1.68,5618000000.0,5618000000.0,1180812,1.251,1378346,-197534,-1180812,
002666,德联集团,4.26,2.4038,42580000.0,2.01,3357000000.0,2133000000.0,1173379,2.7557,0,1173379,-1173379,
688084,晶品特装,44.35,2.1889,51140000.0,1.52,3355000000.0,3355000000.0,1173206,2.2941,1407874,-234668,-1173206,
688389,普门科技,11.01,2.1336,23690000.0,0.5,4718000000.0,4718000000.0,1172871,4.9509,0,1172871,-1172871,
002024,ST易购,1.17,0.8621,27050000.0,0.25,10840000000.0,10826000000.0,1171558,4.3311,346000,825558,-1171558,
000576,甘化科工,8.59,3.744,107630000.0,2.92,3749000000.0,3726000000.0,1164023,1.0815,0,1164023,-1164023,
601996,丰林集团,2.99,-0.3333,91060000.0,2.7,3352000000.0,3352000000.0,1163480,1.2777,-9780501,10943981,-1163480,
300743,天地数码,14.33,1.9203,41460000.0,2.28,2167000000.0,1828000000.0,1162211,2.8032,3454067,-2291856,-1162211,
001285,瑞立科密,43.24,0.5581,31400000.0,1.76,7806000000.0,1794000000.0,1154901,3.678,0,1154901,-1154901,
600177,雅戈尔,8.17,0.3686,196120000.0,0.54,37774000000.0,36793000000.0,1145074,0.5839,1820585,-675511,-1145074,
300435,中泰股份,16.93,-0.059,105400000.0,1.69,6530000000.0,6245000000.0,1143460,1.0849,-6751580,7895040,-1143460,
300076,*ST宁视,4.35,2.8369,23800000.0,1.3,1844000000.0,1844000000.0,1138621,4.7841,1237421,-98800,-1138621,
002978,安宁股份,25.36,0.835,46920000.0,0.5,11970000000.0,9365000000.0,1137049,2.4234,619498,517551,-1137049,
301126,达嘉维康,10.5,2.5391,32930000.0,2.26,2157000000.0,1465000000.0,1133367,3.4417,0,1133367,-1133367,
002712,思美传媒,5.05,1.2024,67860000.0,2.5,2749000000.0,2732000000.0,1121848,1.6532,0,1121848,-1121848,
688468,科美诊断,6.48,4.0128,24070000.0,0.93,2599000000.0,2599000000.0,1119172,4.6497,0,1119172,-1119172,
688776,国光电气,46.9,0.9905,47860000.0,0.94,5083000000.0,5083000000.0,1117679,2.3353,0,1117679,-1117679,
001323,慕思股份,17.7,2.907,20480000.0,0.37,7701000000.0,5509000000.0,1117239,5.4553,0,1117239,-1117239,
603838,*ST四通,14.14,2.5381,37450000.0,0.84,4525000000.0,4525000000.0,1111906,2.969,-413745,1525651,-1111906,
002255,海陆重工,7.71,0.3906,47430000.0,0.97,6406000000.0,4919000000.0,1105851,2.3315,0,1105851,-1105851,
600271,航天信息,6.81,1.7937,61240000.0,0.49,12618000000.0,12618000000.0,1100931,1.7977,229646,871285,-1100931,
688357,建龙微纳,26.56,4.0752,18500000.0,0.7,2658000000.0,2658000000.0,1094010,5.9136,0,1094010,-1094010,
603048,浙江黎明,24.32,-0.0411,82150000.0,2.31,3572000000.0,3572000000.0,1093039,1.3305,1132338,-39299,-1093039,
002478,常宝股份,6.6,2.3256,90800000.0,1.91,5945000000.0,4791000000.0,1091670,1.2023,2677493,-1585823,-1091670,
000554,泰山石油,6.44,1.2579,68620000.0,2.99,3075000000.0,2314000000.0,1090409,1.5891,2580000,-1489591,-1090409,
600808,马钢股份,2.57,0.0,160620000.0,1.05,19791000000.0,15337000000.0,1083602,0.6746,5252630,-4169028,-1083602,
300758,七彩化学,11.51,1.8584,63330000.0,1.54,4594000000.0,4141000000.0,1076887,1.7004,0,1076887,-1076887,
002287,奇正藏药,19.9,2.7362,36900000.0,0.33,11385000000.0,11363000000.0,1067852,2.8939,0,1067852,-1067852,
301258,富士莱,25.83,4.4903,26340000.0,1.13,2368000000.0,2354000000.0,1066987,4.0508,406762,660225,-1066987,
002941,新疆交建,10.58,0.3795,56670000.0,0.73,7721000000.0,7721000000.0,1061935,1.8739,4048869,-2986934,-1061935,
002513,蓝丰生化,5.43,3.8241,37080000.0,2.35,2039000000.0,1602000000.0,1060865,2.861,0,1060865,-1060865,
300555,ST路通,12.56,1.2087,10150000.0,0.41,2512000000.0,2487000000.0,1054530,10.3895,0,1054530,-1054530,
002216,三全食品,11.75,0.7719,41830000.0,0.57,10330000000.0,7408000000.0,1054065,2.5199,200925,853140,-1054065,
688350,富淼科技,28.06,2.2595,51960000.0,1.31,4019000000.0,4019000000.0,1046467,2.014,-6088881,7135348,-1046467,
300595,欧普康视,10.2,1.5936,74850000.0,1.1,9122000000.0,6819000000.0,1046191,1.3977,2707097,-1660906,-1046191,
300923,研奥股份,23.79,2.809,28160000.0,1.56,1870000000.0,1825000000.0,1045594,3.713,0,1045594,-1045594,
300710,万隆光电,31.1,3.1167,72610000.0,3.17,3094000000.0,2319000000.0,1041912,1.4349,39416,1002496,-1041912,
300885,海昌新材,19.12,0.6316,47900000.0,1.5,4745000000.0,3193000000.0,1041253,2.1738,0,1041253,-1041253,
688288,鸿泉技术,18.2,1.1673,17830000.0,0.99,1817000000.0,1817000000.0,1037052,5.8163,0,1037052,-1037052,
688439,振华风光,37.97,0.7429,55120000.0,0.73,7594000000.0,7594000000.0,1036025,1.8796,-156310,1192335,-1036025,
002075,沙钢股份,3.58,0.5618,68970000.0,0.88,7854000000.0,7854000000.0,1035207,1.501,2041887,-1006680,-1035207,
000068,华控赛格,3.33,3.096,47460000.0,1.42,3352000000.0,3352000000.0,1026719,2.1633,-1328000,2354719,-1026719,
603025,大豪科技,13.49,-0.5895,94020000.0,0.63,15064000000.0,14963000000.0,1025372,1.0906,-1963303,2988675,-1025372,
000409,云鼎科技,9.03,1.5748,46600000.0,0.88,6119000000.0,5332000000.0,1024361,2.1982,-223122,1247483,-1024361,
301512,智信精密,31.5,2.3392,31800000.0,2.09,2352000000.0,1535000000.0,1018109,3.2016,-1530572,2548681,-1018109,
002507,涪陵榨菜,11.14,0.4509,65950000.0,0.51,12855000000.0,12852000000.0,1013361,1.5366,2060320,-1046959,-1013361,
300802,矩子科技,27.9,-2.2767,370640000.0,6.6,7926000000.0,5646000000.0,1012679,0.2732,1412461,-399782,-1012679,
600579,中化装备,7.25,1.1158,49030000.0,1.38,3579000000.0,3579000000.0,1008030,2.0559,-333303,1341333,-1008030,
300614,百川畅银,10.21,2.7163,29490000.0,1.81,1638000000.0,1638000000.0,1007543,3.4166,0,1007543,-1007543,
002597,金禾实业,22.02,0.9629,125330000.0,1.01,12514000000.0,12463000000.0,1001895,0.7994,-7774403,8776298,-1001895,
300554,三超新材,22.41,-2.438,112320000.0,5.66,2559000000.0,1969000000.0,999888,0.8902,-2056369,3056257,-999888,
301380,挖金客,34.27,2.4208,105230000.0,3.78,3475000000.0,2822000000.0,997076,0.9475,-10331292,11328368,-997076,
600798,宁波海运,3.5,0.8646,71800000.0,1.7,4223000000.0,4223000000.0,994360,1.3849,192850,801510,-994360,
001387,雪祺电气,11.74,2.087,25410000.0,1.87,2148000000.0,1367000000.0,985432,3.8781,1306723,-321291,-985432,
301519,舜禹股份,11.68,1.9197,18900000.0,2.14,1888000000.0,889000000.0,983386,5.2031,0,983386,-983386,
300148,天舟文化,3.55,2.3055,91690000.0,3.07,2993000000.0,2992000000.0,978184,1.0668,-1014727,1992911,-978184,
002501,*ST利源,1.33,2.3077,49100000.0,1.05,4722000000.0,4715000000.0,977359,1.9905,323019,654340,-977359,
002275,桂林三金,12.35,1.9818,29290000.0,0.42,7256000000.0,6975000000.0,976172,3.3328,0,976172,-976172,
000915,华特达因,24.38,1.4565,45850000.0,0.81,5713000000.0,5708000000.0,967125,2.1093,-87768,1054893,-967125,
000990,诚志股份,6.68,3.4056,250490000.0,2.22,11365000000.0,11365000000.0,965968,0.3856,5786095,-4820127,-965968,
600807,济高发展,2.68,3.4749,37300000.0,1.79,2371000000.0,2111000000.0,964712,2.5864,855003,109709,-964712,
688455,科捷智能,17.68,4.6154,39590000.0,1.35,2971000000.0,2971000000.0,964059,2.4351,1762999,-798940,-964059,
600510,黑牡丹,6.72,2.9096,42580000.0,0.62,6935000000.0,6935000000.0,961981,2.2592,0,961981,-961981,
301022,海泰科,22.61,1.8927,27390000.0,1.82,2249000000.0,1515000000.0,960158,3.5055,1131571,-171413,-960158,
300011,鼎汉技术,5.88,2.2609,25370000.0,0.85,3561000000.0,2997000000.0,957384,3.7737,1755000,-797616,-957384,
600643,爱建集团,4.17,2.963,69460000.0,1.06,6644000000.0,6632000000.0,955270,1.3753,555730,399540,-955270,
300366,ST创意,5.49,1.6667,18490000.0,0.67,3336000000.0,2773000000.0,953652,5.1577,0,953652,-953652,
002116,中国海诚,7.25,1.3986,21210000.0,0.53,4052000000.0,4003000000.0,951389,4.4856,0,951389,-951389,
301586,佳力奇,29.95,2.8856,26030000.0,1.66,2485000000.0,1585000000.0,950632,3.6521,0,950632,-950632,
603511,爱慕股份,12.3,0.9852,15920000.0,0.32,4992000000.0,4943000000.0,950207,5.9686,0,950207,-950207,
601968,宝钢包装,4.57,0.883,23410000.0,0.4,5830000000.0,5830000000.0,949221,4.0548,0,949221,-949221,
300969,恒帅股份,81.63,0.7156,184320000.0,2.84,13397000000.0,6390000000.0,947339,0.514,3164185,-2216846,-947339,
688576,西山科技,40.08,3.299,14120000.0,1.1,2711000000.0,1295000000.0,945660,6.6973,0,945660,-945660,
000598,兴蓉环境,7.03,0.1425,130460000.0,0.62,20978000000.0,20975000000.0,945223,0.7245,-12932303,13877526,-945223,
600543,*ST莫高,4.17,2.2059,7610000.0,0.57,1339000000.0,1339000000.0,939874,12.3505,-399662,1339536,-939874,
688098,申联生物,8.68,4.0767,49460000.0,1.39,3564000000.0,3564000000.0,939682,1.8999,0,939682,-939682,
605368,蓝天燃气,6.74,1.3534,20680000.0,0.43,4817000000.0,4817000000.0,936551,4.5288,0,936551,-936551,
688334,西高院,18.07,0.9497,10240000.0,0.18,5721000000.0,5641000000.0,930012,9.0821,0,930012,-930012,
002206,海利得,5.01,1.0081,29280000.0,0.56,5822000000.0,5295000000.0,924337,3.1569,5125948,-4201611,-924337,
002343,慈文传媒,5.73,3.2432,95010000.0,3.54,2714000000.0,2714000000.0,923615,0.9721,-1180566,2104181,-923615,
002110,三钢闽光,2.94,1.0309,56800000.0,0.8,7141000000.0,7141000000.0,921948,1.6231,1911270,-989322,-921948,
002635,安洁科技,15.16,1.4726,171630000.0,2.88,10001000000.0,5996000000.0,919897,0.536,1344412,-424515,-919897,
600610,中毅达,7.78,2.5033,201310000.0,3.69,8335000000.0,5514000000.0,916630,0.4553,3542175,-2625545,-916630,
600822,上海物贸,9.48,0.8511,199090000.0,5.3,4702000000.0,3755000000.0,914134,0.4592,5140631,-4226497,-914134,
600600,青岛啤酒,50.21,0.2996,156650000.0,0.44,68496000000.0,35605000000.0,910847,0.5815,-8736870,9647717,-910847,
301162,国能日新,37.18,3.1059,76660000.0,1.7,6942000000.0,4507000000.0,908804,1.1855,1381277,-472473,-908804,
000635,英力特,7.44,2.0576,79560000.0,2.93,2932000000.0,2729000000.0,907633,1.1408,1288287,-380654,-907633,
603348,文灿股份,14.18,2.6049,26780000.0,0.6,4459000000.0,4459000000.0,898768,3.3561,0,898768,-898768,
000498,山东路桥,5.07,0.396,50110000.0,0.68,7871000000.0,7348000000.0,897460,1.791,-255524,1152984,-897460,
301215,中汽股份,5.33,1.1385,39980000.0,0.57,7056000000.0,7048000000.0,893481,2.2348,-1053504,1946985,-893481,
300232,洲明科技,5.46,1.2987,57070000.0,1.18,5953000000.0,4851000000.0,885840,1.5522,-896105,1781945,-885840,
000886,海南高速,4.79,2.3504,58360000.0,1.26,4736000000.0,4684000000.0,880551,1.5088,0,880551,-880551,
601089,福元医药,16.36,3.8071,64710000.0,0.83,7853000000.0,7853000000.0,878733,1.358,1308512,-429779,-878733,
300533,冰川网络,14.46,1.9746,99660000.0,2.99,4746000000.0,3340000000.0,874917,0.8779,-4022833,4897750,-874917,
688375,国博电子,71.26,-0.8763,208320000.0,0.49,42472000000.0,42472000000.0,871856,0.4185,-4141782,5013638,-871856,
002330,得利斯,4.12,2.2333,39120000.0,1.51,2617000000.0,2616000000.0,871283,2.2272,0,871283,-871283,
300279,和晶科技,6.07,0.9983,104290000.0,3.54,2969000000.0,2958000000.0,867167,0.8315,-1006566,1873733,-867167,
002606,大连电瓷,12.77,0.7098,149710000.0,2.8,5607000000.0,5381000000.0,863948,0.5771,-5223844,6087792,-863948,
300270,中威电子,10.7,1.9048,94790000.0,2.93,3240000000.0,3240000000.0,862645,0.9101,-740377,1603022,-862645,
301273,瑞晨环保,37.43,0.2142,78360000.0,2.76,3754000000.0,2881000000.0,862112,1.1002,-1650773,2512885,-862112,
300807,天迈科技,36.46,1.3341,36540000.0,1.94,2481000000.0,1894000000.0,860073,2.3538,-1105113,1965186,-860073,
688718,唯赛勃,14.6,3.4727,35190000.0,1.4,2537000000.0,2537000000.0,855055,2.4298,0,855055,-855055,
301222,浙江恒威,25.61,0.0782,57670000.0,2.13,3594000000.0,2730000000.0,851901,1.4772,-1405401,2257302,-851901,
688182,灿勤科技,29.42,0.9262,119570000.0,1.01,11768000000.0,11768000000.0,843121,0.7051,-127871,970992,-843121,
301220,亚香股份,32.74,4.4338,82500000.0,3.27,3700000000.0,2558000000.0,837063,1.0146,432091,404972,-837063,
301109,军信股份,12.91,-0.3858,35140000.0,0.44,10187000000.0,8060000000.0,836583,2.3807,-2126113,2962696,-836583,
688391,钜泉科技,26.45,0.4176,30740000.0,1.01,3057000000.0,3057000000.0,829475,2.6984,413740,415735,-829475,
600202,哈空调,5.13,3.2193,27460000.0,1.41,1967000000.0,1967000000.0,825591,3.0065,0,825591,-825591,
300549,优德精密,14.44,1.5471,26140000.0,1.78,1925000000.0,1474000000.0,825304,3.1572,780051,45253,-825304,
600148,长春一东,15.83,1.3444,44400000.0,2.0,2240000000.0,2240000000.0,823124,1.8539,-1311650,2134774,-823124,
600530,ST交昂,4.0,7.2386,38330000.0,1.26,3100000000.0,3100000000.0,823069,2.1473,0,823069,-823069,
002929,润建股份,52.29,0.1724,331040000.0,2.93,14975000000.0,11324000000.0,820960,0.248,-2802363,3623323,-820960,
300935,盈建科,27.64,2.3325,52530000.0,3.15,2195000000.0,1666000000.0,817449,1.5562,-1382532,2199981,-817449,
300557,理工光科,25.9,0.5435,59420000.0,1.47,4070000000.0,4044000000.0,816568,1.3742,592879,223689,-816568,
300252,金信诺,12.96,1.967,452600000.0,6.29,8867000000.0,7241000000.0,811466,0.1793,14653119,-13841653,-811466,
002613,北玻股份,3.64,0.5525,227700000.0,8.1,4006000000.0,2816000000.0,808617,0.3551,-5022337,5830954,-808617,
603587,地素时尚,12.32,1.7341,38140000.0,0.66,5824000000.0,5824000000.0,804057,2.1082,0,804057,-804057,
600993,马应龙,22.72,0.2206,69320000.0,0.71,9794000000.0,9777000000.0,803292,1.1588,0,803292,-803292,
301202,朗威股份,39.46,5.6493,105330000.0,3.4,5382000000.0,3142000000.0,799686,0.7592,2527105,-1727419,-799686,
002448,中原内配,11.47,1.6844,195450000.0,2.92,6749000000.0,6658000000.0,798128,0.4084,4444764,-3646636,-798128,
002144,宏达高科,10.81,3.3461,34900000.0,2.37,1911000000.0,1488000000.0,794765,2.2773,2009311,-1214546,-794765,
300683,海特生物,26.14,4.268,262910000.0,8.35,3422000000.0,3194000000.0,792070,0.3013,3856440,-3064370,-792070,
603456,九洲药业,16.2,4.3814,512880000.0,3.63,14284000000.0,14284000000.0,791363,0.1543,21878017,-21086654,-791363,
600180,*ST瑞茂,1.68,3.0675,27010000.0,1.49,1826000000.0,1826000000.0,790947,2.9283,0,790947,-790947,
301629,矽电股份,282.6,-1.1577,299270000.0,5.47,11792000000.0,5425000000.0,790094,0.264,-8838188,9628282,-790094,
300126,锐奇股份,6.59,2.4883,23760000.0,1.71,2003000000.0,1388000000.0,789340,3.3221,0,789340,-789340,
000755,山西高速,4.72,0.6397,15270000.0,0.22,6926000000.0,6926000000.0,785537,5.1443,0,785537,-785537,
300140,节能环境,5.4,0.7463,45610000.0,0.27,16735000000.0,16714000000.0,782473,1.7156,-793123,1575596,-782473,
002638,勤上股份,4.31,1.6509,93900000.0,1.62,6192000000.0,5830000000.0,781683,0.8325,695298,86385,-781683,
603717,天域生物,5.98,3.1034,44110000.0,2.57,1735000000.0,1735000000.0,776488,1.7603,0,776488,-776488,
300833,浩洋股份,40.92,1.2871,28540000.0,0.86,5176000000.0,3325000000.0,772278,2.7059,-1007124,1779402,-772278,
603107,上海汽配,12.24,1.2407,30680000.0,1.16,4129000000.0,2670000000.0,770613,2.5118,1576900,-806287,-770613,
600987,航民股份,6.38,0.6309,27480000.0,0.42,6513000000.0,6513000000.0,768224,2.7956,-711281,1479505,-768224,
300699,光威复材,23.83,1.189,160310000.0,0.82,19811000000.0,19621000000.0,767238,0.4786,-6552120,7319358,-767238,
603363,傲农生物,2.96,2.4221,97440000.0,1.55,8084000000.0,6354000000.0,766299,0.7864,-2461739,3228038,-766299,
300338,*ST开元,3.1,0.9772,11010000.0,1.02,1248000000.0,1085000000.0,765198,6.95,0,765198,-765198,
003042,中农联合,14.4,3.2258,36630000.0,1.82,2052000000.0,2038000000.0,763516,2.0844,-963229,1726745,-763516,
002091,江苏国泰,7.59,-0.3937,88620000.0,0.73,12354000000.0,12162000000.0,755145,0.8521,-3330800,4085945,-755145,
301348,蓝箭电子,22.51,0.5809,152340000.0,3.51,5402000000.0,4355000000.0,752326,0.4938,-3918090,4670416,-752326,
002569,*ST步森,11.6,2.3831,24360000.0,1.52,1671000000.0,1624000000.0,747889,3.0702,0,747889,-747889,
300183,东软载波,11.14,2.1082,77920000.0,1.9,5153000000.0,4134000000.0,744495,0.9555,0,744495,-744495,
301079,邵阳液压,27.54,0.1819,54270000.0,2.55,2987000000.0,2119000000.0,743633,1.3702,0,743633,-743633,
688132,邦彦技术,16.4,-0.7264,34710000.0,1.39,2496000000.0,2496000000.0,740259,2.1327,0,740259,-740259,
600386,北巴传媒,3.59,3.1609,31690000.0,1.11,2895000000.0,2895000000.0,739860,2.3347,-1029078,1768938,-739860,
603435,嘉德利,49.74,-1.1526,165690000.0,9.34,22839000000.0,1775000000.0,738396,0.4456,-4168805,4907201,-738396,
002857,三晖电气,17.84,3.4803,39360000.0,1.74,2331000000.0,2294000000.0,735065,1.8675,-150930,885995,-735065,
000859,国风新材,9.73,3.072,583670000.0,6.72,8718000000.0,8717000000.0,732957,0.1256,3561170,-2828213,-732957,
603556,海兴电力,23.52,-0.0425,62230000.0,0.54,11437000000.0,11437000000.0,730439,1.1738,0,730439,-730439,
600019,宝钢股份,5.78,0.3472,465770000.0,0.38,125900000000.0,123773000000.0,730377,0.1568,18719567,-17989190,-730377,
603331,百达精工,13.02,1.4809,47230000.0,1.79,2632000000.0,2632000000.0,729443,1.5444,0,729443,-729443,
000702,正虹科技,5.86,4.2705,52040000.0,2.6,2031000000.0,2031000000.0,727254,1.3975,1512065,-784811,-727254,
300465,高伟达,11.53,1.0517,95960000.0,1.88,5116000000.0,5116000000.0,724748,0.7553,5327546,-4602798,-724748,
300594,ST朗进,15.0,-0.0666,22810000.0,1.68,1378000000.0,1365000000.0,720336,3.158,0,720336,-720336,
688522,纳睿雷达,18.43,1.8232,60940000.0,1.93,7815000000.0,3173000000.0,715302,1.1738,0,715302,-715302,
300823,建科智能,14.37,2.8633,45970000.0,3.71,1882000000.0,1247000000.0,711079,1.5468,1170716,-459637,-711079,
600195,中牧股份,6.78,2.4169,47180000.0,0.69,6923000000.0,6923000000.0,709173,1.5031,0,709173,-709173,
301418,协昌科技,34.91,2.1358,35550000.0,3.31,2560000000.0,1076000000.0,708750,1.9937,0,708750,-708750,
000539,粤电力Ａ,5.23,0.3839,155460000.0,1.17,27459000000.0,13365000000.0,702859,0.4521,4309984,-3607125,-702859,
300707,威唐工业,11.92,2.4055,33750000.0,1.99,2073000000.0,1711000000.0,700409,2.0753,0,700409,-700409,
300501,海顺新材,9.64,2.2269,25460000.0,0.96,2682000000.0,2672000000.0,699483,2.7474,0,699483,-699483,
603557,*ST起步,3.36,-1.1765,18150000.0,0.86,2095000000.0,2095000000.0,692403,3.8149,0,692403,-692403,
301656,联合动力,14.57,-0.6817,45130000.0,1.52,35576000000.0,2966000000.0,690429,1.5299,0,690429,-690429,
301399,英特科技,22.57,5.0256,138450000.0,11.5,4176000000.0,1234000000.0,690052,0.4984,-1228758,1918810,-690052,
003027,同兴科技,16.49,2.6775,24160000.0,1.44,2156000000.0,1695000000.0,685392,2.8369,0,685392,-685392,
300477,ST合纵,2.64,0.3802,45650000.0,1.75,2830000000.0,2628000000.0,682919,1.496,0,682919,-682919,
001279,强邦新材,26.65,1.1385,21980000.0,2.08,4264000000.0,1066000000.0,682101,3.1033,-223637,905738,-682101,
603096,新经典,15.78,2.2683,29680000.0,1.23,2434000000.0,2434000000.0,677717,2.2834,0,677717,-677717,
002911,佛燃能源,11.22,0.0892,38510000.0,0.27,14566000000.0,14216000000.0,675245,1.7534,0,675245,-675245,
000911,*ST广糖,5.36,2.682,54260000.0,2.56,2146000000.0,2146000000.0,673878,1.2419,612860,61018,-673878,
002877,智能自控,7.55,2.5815,40810000.0,2.26,2687000000.0,1816000000.0,671875,1.6463,0,671875,-671875,
603970,中农立华,11.38,4.308,35480000.0,1.17,3059000000.0,3059000000.0,668536,1.8843,0,668536,-668536,
600768,富邦新材,14.69,2.3693,30180000.0,1.54,1965000000.0,1965000000.0,667981,2.2133,0,667981,-667981,
603312,西典新能,32.03,1.2326,16640000.0,1.02,5125000000.0,1631000000.0,667772,4.0131,0,667772,-667772,
000890,法尔胜,7.95,3.5156,219290000.0,6.59,3335000000.0,3335000000.0,665389,0.3034,-2756596,3421985,-665389,
600581,*ST八钢,2.46,1.2346,14280000.0,0.38,3771000000.0,3771000000.0,659930,4.6214,1219756,-559826,-659930,
600099,林海股份,9.21,1.9934,19350000.0,0.96,2018000000.0,2018000000.0,659308,3.4073,0,659308,-659308,
000688,国城矿业,26.03,1.6797,474570000.0,1.54,30847000000.0,30847000000.0,655111,0.138,11754726,-11099615,-655111,
301195,北路智控,26.83,1.6673,31670000.0,1.35,3543000000.0,2353000000.0,649666,2.0514,58716,590950,-649666,
300306,远方信息,10.34,2.0731,24010000.0,1.48,2781000000.0,1630000000.0,648038,2.699,0,648038,-648038,
600168,武汉控股,4.36,0.6928,16390000.0,0.38,4331000000.0,4331000000.0,644368,3.9315,0,644368,-644368,
688450,光格科技,32.82,0.644,37260000.0,2.34,2166000000.0,1606000000.0,642058,1.7232,0,642058,-642058,
300377,赢时胜,14.37,2.2048,385280000.0,3.88,10792000000.0,10074000000.0,640967,0.1664,-5422643,6063610,-640967,
601003,柳钢股份,3.6,1.1236,46820000.0,0.5,9483000000.0,9483000000.0,636383,1.3592,-40900,677283,-636383,
688539,高华科技,25.55,4.1582,79560000.0,1.7,4750000000.0,4750000000.0,633649,0.7964,-817191,1450840,-633649,
301121,紫建电子,35.52,0.8518,42640000.0,1.55,3510000000.0,2727000000.0,631168,1.4802,970787,-339619,-631168,
002462,嘉事堂,12.4,1.6393,37940000.0,1.05,3617000000.0,3614000000.0,629941,1.6604,0,629941,-629941,
301280,珠城科技,45.35,0.7554,61330000.0,1.36,8684000000.0,4509000000.0,629391,1.0262,277161,352230,-629391,
301037,保立佳,12.51,3.7313,28040000.0,3.32,1739000000.0,851000000.0,628826,2.2426,0,628826,-628826,
688308,欧科亿,88.4,0.2836,600820000.0,4.27,14036000000.0,14036000000.0,626584,0.1043,-13109066,13735650,-626584,
603887,城地香江,8.94,0.5624,94490000.0,1.76,5382000000.0,5382000000.0,623674,0.66,3212810,-2589136,-623674,
002977,*ST天箭,20.5,0.5395,10240000.0,0.75,2462000000.0,1367000000.0,622928,6.0833,1220382,-597454,-622928,
603382,海阳科技,19.21,1.9098,36070000.0,1.63,3482000000.0,2218000000.0,621192,1.7222,1108995,-487803,-621192,
688381,帝奥微,42.48,0.6874,432070000.0,4.14,10514000000.0,10514000000.0,616615,0.1427,-13606179,14222794,-616615,
600278,东方创业,6.67,1.9878,31650000.0,0.56,5740000000.0,5740000000.0,611270,1.9313,0,611270,-611270,
300621,维业股份,7.02,3.0837,27250000.0,1.94,1461000000.0,1422000000.0,605793,2.2231,0,605793,-605793,
605266,健之佳,15.57,2.0315,22720000.0,0.95,2406000000.0,2406000000.0,603617,2.6568,0,603617,-603617,
300887,谱尼测试,7.04,3.3774,73650000.0,2.92,3842000000.0,2550000000.0,602509,0.8181,906485,-303976,-602509,
300515,三德科技,16.49,5.4348,84180000.0,2.56,3393000000.0,3332000000.0,599958,0.7127,1226446,-626488,-599958,
603102,百合股份,37.18,3.4214,51030000.0,2.17,2380000000.0,2380000000.0,594163,1.1643,287991,306172,-594163,
688592,司南导航,23.47,2.1323,16560000.0,1.28,2726000000.0,1299000000.0,592444,3.5776,238484,353960,-592444,
688528,秦川物联,10.01,1.2133,20410000.0,1.22,1682000000.0,1682000000.0,589480,2.8882,0,589480,-589480,
301298,东利机械,12.4,2.8192,23200000.0,1.74,1820000000.0,1342000000.0,580348,2.5015,0,580348,-580348,
301622,英思特,37.81,1.4489,42270000.0,1.73,4383000000.0,2445000000.0,577122,1.3653,0,577122,-577122,
600502,安徽建工,4.14,-3.0445,271220000.0,3.83,7106000000.0,7106000000.0,576264,0.2125,-8000808,8577072,-576264,
301167,建研设计,13.08,2.5882,32610000.0,2.38,1465000000.0,1384000000.0,571568,1.7527,0,571568,-571568,
688070,纵横股份,35.0,5.8681,90790000.0,2.94,3095000000.0,3095000000.0,568320,0.626,2532384,-1964064,-568320,
603558,健盛集团,13.25,-0.2259,63190000.0,1.39,4540000000.0,4540000000.0,567022,0.8973,16020,551002,-567022,
600615,鑫源智造,9.44,1.3963,11520000.0,0.54,2130000000.0,2127000000.0,560040,4.8615,0,560040,-560040,
603416,信捷电气,46.83,-0.0427,63800000.0,0.97,7351000000.0,6535000000.0,556967,0.873,-2075128,2632095,-556967,
603860,中公高科,25.72,2.2258,28500000.0,1.67,1715000000.0,1715000000.0,556258,1.9518,0,556258,-556258,
001379,腾达科技,15.88,2.0566,21690000.0,2.04,3176000000.0,1069000000.0,548684,2.5297,0,548684,-548684,
301429,森泰股份,17.29,1.9458,28670000.0,3.79,2044000000.0,761000000.0,544683,1.8998,0,544683,-544683,
603833,欧派家居,29.45,2.186,77960000.0,0.44,17839000000.0,17839000000.0,543563,0.6972,741966,-198403,-543563,
300640,德艺文创,6.37,4.5977,56300000.0,3.93,1981000000.0,1451000000.0,541531,0.9619,2735818,-2194287,-541531,
688598,金博股份,35.78,2.0245,376300000.0,5.17,7427000000.0,7284000000.0,539449,0.1434,2285582,-1746133,-539449,
301041,金百泽,36.2,0.6394,339950000.0,11.96,3862000000.0,2860000000.0,535828,0.1576,158839,376989,-535828,
002719,ST麦趣,6.4,-0.156,10410000.0,1.01,1114000000.0,1036000000.0,535433,5.1434,0,535433,-535433,
600793,宜宾纸业,17.78,2.7746,143990000.0,4.59,3145000000.0,3145000000.0,534153,0.371,-1335621,1869774,-534153,
002073,软控股份,5.75,0.5245,56810000.0,0.97,5891000000.0,5831000000.0,531627,0.9358,1606784,-1075157,-531627,
300173,ST福能,3.36,2.1277,14940000.0,0.61,2469000000.0,2469000000.0,530249,3.5492,0,530249,-530249,
002672,东江环保,3.66,2.521,27730000.0,0.84,4045000000.0,3313000000.0,527622,1.9027,-1044714,1572336,-527622,
301515,港通医疗,19.35,3.09,20800000.0,1.6,1935000000.0,1307000000.0,526400,2.5308,0,526400,-526400,
600265,*ST景谷,22.66,1.5233,12150000.0,0.41,2941000000.0,2941000000.0,522265,4.2985,0,522265,-522265,
002694,*ST顾地,2.4,1.6949,3730000.0,0.22,1831000000.0,1725000000.0,518889,13.9112,0,518889,-518889,
688232,新点软件,17.53,0.4585,31580000.0,0.56,5644000000.0,5644000000.0,518338,1.6413,243560,274778,-518338,
603153,上海建科,13.35,1.5982,16770000.0,0.31,5472000000.0,5390000000.0,516893,3.0822,0,516893,-516893,
300192,科德教育,18.4,-0.6479,256910000.0,3.04,8479000000.0,8380000000.0,513602,0.1999,-2793014,3306616,-513602,
603559,中通国脉,9.47,1.3919,97470000.0,2.6,3800000000.0,3800000000.0,511471,0.5247,2399178,-1887707,-511471,
600017,日照港,2.83,0.3546,81780000.0,0.94,8704000000.0,8704000000.0,508789,0.6221,-96493,605282,-508789,
002873,新天药业,8.56,6.6002,81580000.0,4.06,2090000000.0,2052000000.0,504321,0.6182,-2127044,2631365,-504321,
688253,英诺特,58.33,2.8023,71330000.0,0.91,7990000000.0,7990000000.0,502660,0.7047,2267538,-1764878,-502660,
301503,智迪科技,21.89,2.8182,20880000.0,1.67,2277000000.0,1262000000.0,501052,2.3997,0,501052,-501052,
600731,湖南海利,5.91,2.4263,27220000.0,0.85,3273000000.0,3201000000.0,500795,1.8398,-829984,1330779,-500795,
605339,南侨食品,13.06,1.8721,16730000.0,0.31,5541000000.0,5541000000.0,497357,2.9728,0,497357,-497357,
688459,哈铁科技,8.24,1.1043,7550000.0,0.19,3955000000.0,3955000000.0,493235,6.5329,0,493235,-493235,
600429,三元股份,4.63,1.0917,48790000.0,0.71,6934000000.0,6934000000.0,490694,1.0057,1017088,-526394,-490694,
601718,ST际华,1.99,1.0152,24710000.0,0.29,8679000000.0,8679000000.0,489795,1.9822,-995000,1484795,-489795,
300578,会畅科技,15.51,1.0423,42160000.0,1.37,3075000000.0,3074000000.0,483061,1.1458,0,483061,-483061,
600107,*ST尔雅,5.88,4.0708,8020000.0,0.38,2117000000.0,2117000000.0,477728,5.9567,0,477728,-477728,
603059,倍加洁,25.71,4.7677,49260000.0,1.93,2587000000.0,2583000000.0,477391,0.9691,-416018,893409,-477391,
603327,福蓉科技,8.47,0.7134,109990000.0,1.25,8855000000.0,8855000000.0,476171,0.4329,2024239,-1548068,-476171,
002822,ST中装,2.97,-1.3289,17620000.0,0.55,5791000000.0,3175000000.0,472838,2.6835,1482030,-1009192,-472838,
688298,东方生物,18.62,4.0805,42150000.0,1.14,3754000000.0,3754000000.0,472310,1.1205,0,472310,-472310,
301288,清研环境,16.16,1.1897,18630000.0,1.47,1745000000.0,1262000000.0,468054,2.5124,0,468054,-468054,
300540,蜀道装备,27.31,-1.1224,273690000.0,4.84,6216000000.0,5646000000.0,467673,0.1709,-9736544,10204217,-467673,
688425,铁建重工,4.0,1.0101,38280000.0,0.18,21334000000.0,21334000000.0,463664,1.2112,0,463664,-463664,
301370,国科恒泰,8.63,2.3725,21820000.0,0.54,4061000000.0,4061000000.0,463337,2.1235,0,463337,-463337,
301588,美新科技,28.29,1.0357,61600000.0,2.99,3363000000.0,2075000000.0,461661,0.7494,-471097,932758,-461661,
301552,科力装备,24.49,1.073,17460000.0,2.31,3031000000.0,758000000.0,454356,2.6023,0,454356,-454356,
688670,金迪克,18.55,5.2781,42720000.0,1.88,2285000000.0,2285000000.0,449376,1.0519,0,449376,-449376,
301510,固高科技,28.34,3.6576,266800000.0,2.47,11461000000.0,10770000000.0,447645,0.1678,12222461,-11774816,-447645,
301076,新瀚新材,21.49,2.6266,85460000.0,2.62,4903000000.0,3274000000.0,447181,0.5233,-1881237,2328418,-447181,
603028,赛福天,7.05,4.4444,29080000.0,1.46,2024000000.0,2012000000.0,443306,1.5244,0,443306,-443306,
600456,宝钛股份,25.69,1.7426,96160000.0,0.78,12274000000.0,12274000000.0,438255,0.4558,521249,-82994,-438255,
300958,建工修复,12.14,2.2746,24290000.0,2.22,1903000000.0,1105000000.0,433242,1.7836,0,433242,-433242,
600868,梅雁吉祥,2.86,1.0601,89250000.0,1.66,5429000000.0,5429000000.0,432130,0.4842,1749506,-1317376,-432130,
002331,皖通科技,6.77,1.4993,42140000.0,1.56,2900000000.0,2722000000.0,425930,1.0107,-1663498,2089428,-425930,
600496,精工钢构,3.35,0.2994,83860000.0,1.26,6667000000.0,6667000000.0,424934,0.5067,-4918029,5342963,-424934,
000420,吉林化纤,3.57,0.8475,109380000.0,1.25,8778000000.0,8778000000.0,417397,0.3816,3313748,-2896351,-417397,
300393,中来股份,6.29,2.2764,138120000.0,2.36,6854000000.0,5938000000.0,413571,0.2994,4318558,-3904987,-413571,
300275,梅安森,9.13,1.8973,42010000.0,1.71,2812000000.0,2478000000.0,411765,0.9802,831085,-419320,-411765,
688695,中创股份,19.13,2.0267,18020000.0,1.77,1627000000.0,1021000000.0,407155,2.2595,0,407155,-407155,
688633,星球石墨,22.51,0.6258,38650000.0,1.01,3836000000.0,3836000000.0,406279,1.0512,1159790,-753511,-406279,
301613,新铝时代,34.99,0.7776,26210000.0,0.89,5033000000.0,2936000000.0,406176,1.5497,0,406176,-406176,
600189,泉阳泉,8.27,4.9492,123720000.0,2.13,5915000000.0,5915000000.0,405080,0.3274,6950423,-6545343,-405080,
003008,开普检测,19.37,3.3618,23950000.0,1.55,2014000000.0,1554000000.0,405010,1.6911,0,405010,-405010,
603021,*ST华鹏,5.47,-0.726,22070000.0,1.26,1750000000.0,1750000000.0,402698,1.8246,0,402698,-402698,
300854,中兰环保,15.74,3.0105,57640000.0,3.23,2264000000.0,1794000000.0,400591,0.695,1070944,-670353,-400591,
601368,绿城水务,4.51,1.3483,13620000.0,0.34,3982000000.0,3982000000.0,399504,2.9332,0,399504,-399504,
301398,星源卓镁,39.16,4.9585,90310000.0,2.12,4386000000.0,4276000000.0,399115,0.4419,0,399115,-399115,
002627,三峡旅游,6.87,1.4771,79420000.0,1.67,4848000000.0,4796000000.0,398493,0.5018,1218744,-820251,-398493,
002082,ST万邦,10.11,5.6426,159210000.0,2.81,6184000000.0,5741000000.0,395579,0.2485,-1248225,1643804,-395579,
603810,丰山集团,11.97,2.7468,23080000.0,1.18,1979000000.0,1979000000.0,395309,1.7128,0,395309,-395309,
603709,中源家居,12.42,1.2225,28470000.0,1.41,2027000000.0,2020000000.0,385975,1.3557,0,385975,-385975,
600561,江西长运,5.85,2.4518,23190000.0,1.4,1664000000.0,1664000000.0,383737,1.6548,0,383737,-383737,
603995,甬金股份,26.67,2.4194,144930000.0,1.51,9697000000.0,9697000000.0,382901,0.2642,-2413178,2796079,-382901,
300650,太龙股份,12.61,3.0229,76260000.0,3.59,3044000000.0,2148000000.0,382741,0.5019,989466,-606725,-382741,
003017,大洋生物,23.04,3.7838,45250000.0,2.36,2322000000.0,1923000000.0,375162,0.8291,0,375162,-375162,
003038,鑫铂股份,10.77,2.3764,32330000.0,1.87,2620000000.0,1745000000.0,374804,1.1593,1926190,-1551386,-374804,
300556,丝路视觉,15.87,1.5355,60230000.0,3.51,1929000000.0,1722000000.0,374063,0.6211,1040657,-666594,-374063,
600323,瀚蓝环境,28.55,-1.3135,158470000.0,0.68,23278000000.0,23278000000.0,373140,0.2355,1344598,-971458,-373140,
002250,联化科技,14.51,2.6893,162450000.0,1.26,13057000000.0,12992000000.0,372195,0.2291,1370707,-998512,-372195,
605268,王力安防,9.75,1.2461,21470000.0,0.5,4295000000.0,4295000000.0,371343,1.7296,2281438,-1910095,-371343,
600883,博闻科技,8.04,3.0769,34610000.0,1.84,1898000000.0,1898000000.0,370024,1.0691,0,370024,-370024,
603277,银都股份,11.43,1.4197,21270000.0,0.31,6992000000.0,6969000000.0,370021,1.7396,0,370021,-370021,
301212,联盛化学,26.22,3.5954,27310000.0,1.12,2832000000.0,2458000000.0,369391,1.3526,0,369391,-369391,
600187,*ST国中,1.3,0.7752,23280000.0,1.11,2098000000.0,2098000000.0,369188,1.5859,0,369188,-369188,
600892,大晟文化,4.13,2.9925,151740000.0,6.62,2311000000.0,2310000000.0,368773,0.243,701471,-332698,-368773,
600361,创新新材,3.53,0.8571,99980000.0,0.76,13176000000.0,13176000000.0,367316,0.3674,-433054,800370,-367316,
603878,武进不锈,4.95,1.6427,32740000.0,1.18,2778000000.0,2778000000.0,363429,1.11,0,363429,-363429,
301618,长联科技,31.15,0.6787,28840000.0,1.92,3934000000.0,1500000000.0,361674,1.2541,0,361674,-361674,
300940,南极光,13.84,2.8996,54420000.0,2.5,3081000000.0,2180000000.0,360946,0.6633,0,360946,-360946,
688750,金天钛业,14.32,1.1299,22400000.0,0.67,6623000000.0,3335000000.0,357473,1.5959,1514562,-1157089,-357473,
600628,新世界,6.46,3.6918,66690000.0,1.61,4179000000.0,4179000000.0,350852,0.5261,-2280547,2631399,-350852,
002234,民和股份,7.95,2.0539,39300000.0,1.65,2774000000.0,2396000000.0,350662,0.8923,32431,318231,-350662,
600007,中国国贸,19.88,0.0,49310000.0,0.25,20025000000.0,20025000000.0,342764,0.6951,0,342764,-342764,
300590,移为通信,11.6,1.31,165640000.0,4.01,5362000000.0,4151000000.0,336645,0.2032,-275760,612405,-336645,
301291,明阳电气,34.78,1.3108,164360000.0,2.86,10940000000.0,5784000000.0,333784,0.2031,-2471108,2804892,-333784,
603515,欧普照明,14.78,1.511,24790000.0,0.23,10971000000.0,10904000000.0,326343,1.3164,0,326343,-326343,
301192,泰祥股份,19.19,2.3467,22520000.0,2.35,1943000000.0,967000000.0,324028,1.4388,0,324028,-324028,
301501,恒鑫生活,27.92,2.2336,27350000.0,2.26,4129000000.0,1215000000.0,323610,1.1832,0,323610,-323610,
002227,*ST特迅,6.54,2.3474,8380000.0,0.53,1621000000.0,1608000000.0,321802,3.8401,0,321802,-321802,
002662,峰璟股份,3.21,0.627,31190000.0,0.65,4815000000.0,4815000000.0,316655,1.0152,2910186,-2593531,-316655,
301508,中机认检,24.17,1.512,18820000.0,1.33,5464000000.0,1422000000.0,315726,1.6776,0,315726,-315726,
300965,恒宇信通,42.61,2.8979,25090000.0,1.08,2557000000.0,2343000000.0,307100,1.224,0,307100,-307100,
002671,龙泉股份,4.04,3.0612,38570000.0,1.75,2269000000.0,2228000000.0,305636,0.7924,0,305636,-305636,
301303,真兰仪表,13.97,0.4313,42110000.0,0.95,5711000000.0,4394000000.0,305443,0.7253,3615288,-3309845,-305443,
300828,锐新科技,17.53,3.544,98430000.0,5.9,2917000000.0,1662000000.0,302726,0.3076,-1249146,1551872,-302726,
603111,康尼机电,6.1,1.4975,31300000.0,0.61,5258000000.0,5109000000.0,302319,0.9659,0,302319,-302319,
300879,大叶股份,18.76,7.8781,329450000.0,8.8,3797000000.0,3771000000.0,298179,0.0905,1588336,-1290157,-298179,
300019,硅宝科技,14.38,0.6298,35680000.0,0.67,5653000000.0,5301000000.0,297045,0.8325,396060,-99015,-297045,
600051,宁波联合,6.22,2.4712,24780000.0,1.29,1934000000.0,1934000000.0,294079,1.1868,0,294079,-294079,
002833,弘亚数控,18.47,0.8188,44020000.0,0.82,7925000000.0,5413000000.0,293579,0.6669,892800,-599221,-293579,
002801,微光股份,26.69,0.641,17140000.0,0.55,6129000000.0,3091000000.0,291255,1.6993,135813,155442,-291255,
301361,众智科技,27.15,0.9669,28190000.0,1.85,3159000000.0,1530000000.0,291212,1.033,-1029040,1320252,-291212,
000655,金岭矿业,7.22,1.4045,34200000.0,0.8,4298000000.0,4298000000.0,288721,0.8442,0,288721,-288721,
300099,尤洛卡,6.35,2.2544,107410000.0,3.14,4682000000.0,3415000000.0,287592,0.2678,472534,-184942,-287592,
688671,碧兴物联,26.73,7.3063,55130000.0,3.9,2099000000.0,1437000000.0,286440,0.5196,-3164472,3450912,-286440,
301131,聚赛龙,32.78,2.5016,20660000.0,1.62,1792000000.0,1283000000.0,284545,1.3773,0,284545,-284545,
300564,筑博设计,12.23,0.4105,25520000.0,1.77,1973000000.0,1444000000.0,282554,1.1072,0,282554,-282554,
688038,中科通达,19.28,1.9566,40510000.0,1.81,2244000000.0,2244000000.0,280774,0.6931,0,280774,-280774,
603275,众辰科技,37.09,1.6443,50830000.0,3.05,5514000000.0,1666000000.0,280559,0.552,1215000,-934441,-280559,
000631,顺发恒能,3.03,4.1237,77910000.0,1.12,6969000000.0,6969000000.0,280147,0.3596,979800,-699653,-280147,
300876,蒙泰高新,14.87,2.4105,29570000.0,1.76,2261000000.0,1686000000.0,279743,0.946,0,279743,-279743,
300732,设研院,5.8,2.1127,28590000.0,1.34,2149000000.0,2147000000.0,274478,0.96,0,274478,-274478,
688095,福昕软件,57.24,-0.4868,184520000.0,3.51,5229000000.0,5229000000.0,273194,0.1481,2930448,-2657254,-273194,
300882,万胜智能,13.56,0.8178,20770000.0,0.58,3881000000.0,3611000000.0,272664,1.3128,0,272664,-272664,
600925,苏能股份,4.14,0.9756,27650000.0,0.42,28520000000.0,6649000000.0,268004,0.9693,0,268004,-268004,
603235,天新药业,25.3,1.3216,18340000.0,0.17,11076000000.0,11076000000.0,266640,1.4539,0,266640,-266640,
002968,新大正,9.66,4.7722,34980000.0,1.73,2186000000.0,2059000000.0,265765,0.7598,0,265765,-265765,
300971,博亚精工,17.49,1.8637,35150000.0,2.19,2057000000.0,1614000000.0,265018,0.754,0,265018,-265018,
600094,大名城,4.14,2.4752,114260000.0,1.31,9625000000.0,8803000000.0,261927,0.2292,990993,-729066,-261927,
002883,*ST中设,9.22,0.8753,5240000.0,0.37,1440000000.0,1420000000.0,258429,4.9319,764943,-506514,-258429,
300637,扬帆新材,9.51,2.2581,28410000.0,1.28,2232000000.0,2230000000.0,256658,0.9034,0,256658,-256658,
603170,宝立食品,11.98,0.8418,26620000.0,0.56,4792000000.0,4792000000.0,256191,0.9624,0,256191,-256191,
000669,ST金鸿,4.18,0.4808,17090000.0,0.6,2844000000.0,2844000000.0,252430,1.4771,0,252430,-252430,
600295,鄂尔多斯,13.3,0.6813,90300000.0,0.34,37224000000.0,26275000000.0,249438,0.2762,201786,47652,-249438,
002016,世荣兆业,4.71,3.7445,68760000.0,1.83,3811000000.0,3811000000.0,248585,0.3615,649729,-401144,-248585,
301073,君亭酒店,18.41,3.7183,137960000.0,4.27,3580000000.0,3280000000.0,247124,0.1791,-3999271,4246395,-247124,
603967,中创物流,11.78,0.9426,21890000.0,0.54,4084000000.0,4084000000.0,231781,1.0588,0,231781,-231781,
300569,天能重工,5.08,0.3953,118180000.0,2.29,5195000000.0,5180000000.0,231722,0.1961,5009478,-4777756,-231722,
002327,富安娜,6.14,0.491,15390000.0,0.51,5120000000.0,3015000000.0,231428,1.5038,1100288,-868860,-231428,
603238,诺邦股份,12.26,3.1987,32420000.0,1.51,2176000000.0,2176000000.0,231230,0.7132,-1008003,1239233,-231230,
603055,台华新材,9.28,-0.9605,51100000.0,0.62,8262000000.0,8245000000.0,231003,0.4521,-1349040,1580043,-231003,
600238,ST椰岛,4.68,1.0799,13390000.0,0.64,2098000000.0,2084000000.0,229791,1.7161,0,229791,-229791,
002467,二六三,4.63,1.7582,132950000.0,2.12,6368000000.0,6335000000.0,226641,0.1705,5237565,-5010924,-226641,
300603,立昂技术,8.15,1.3682,69480000.0,2.29,3788000000.0,3048000000.0,223602,0.3218,-761112,984714,-223602,
688683,莱尔科技,32.19,1.1628,45600000.0,0.89,5186000000.0,5186000000.0,222758,0.4885,-327711,550469,-222758,
688005,容百科技,23.92,-0.5819,190170000.0,1.11,17094000000.0,17094000000.0,215172,0.1131,564576,-349404,-215172,
001382,新亚电缆,16.68,0.9685,24790000.0,2.37,6872000000.0,1051000000.0,211488,0.8531,0,211488,-211488,
688121,*ST卓然,1.38,20.0,19940000.0,7.56,322000000.0,280000000.0,209124,1.0488,0,209124,-209124,
301136,招标股份,12.28,0.6557,86880000.0,2.58,3380000000.0,3377000000.0,205964,0.2371,2074753,-1868789,-205964,
002878,元隆雅图,12.66,0.4762,40960000.0,1.37,3317000000.0,2987000000.0,198872,0.4855,158351,40521,-198872,
001299,美能能源,10.41,5.6853,140100000.0,4.86,3271000000.0,2939000000.0,195173,0.1393,1137673,-942500,-195173,
002825,纳尔股份,9.71,1.6754,34420000.0,1.38,3320000000.0,2503000000.0,190033,0.5521,-1624519,1814552,-190033,
000531,穗恒运Ａ,5.69,0.708,31070000.0,0.6,5926000000.0,5176000000.0,189879,0.6111,0,189879,-189879,
002159,三特索道,13.8,4.5455,52710000.0,2.78,2447000000.0,1911000000.0,188569,0.3577,0,188569,-188569,
300770,新媒股份,34.56,0.0289,75810000.0,0.96,7874000000.0,7874000000.0,186539,0.2461,1237249,-1050710,-186539,
603788,宁波高发,13.76,1.4001,11100000.0,0.36,3069000000.0,3069000000.0,185225,1.6687,0,185225,-185225,
603535,嘉诚国际,6.24,2.1277,18050000.0,0.57,3188000000.0,3188000000.0,184155,1.0202,170775,13380,-184155,
300610,晨化股份,10.37,2.877,32590000.0,1.91,2199000000.0,1717000000.0,178472,0.5476,0,178472,-178472,
600526,菲达环保,4.62,1.3158,28810000.0,0.71,4105000000.0,4068000000.0,178314,0.6189,-861464,1039778,-178314,
000826,*ST启环,1.89,1.0695,17330000.0,0.65,2694000000.0,2694000000.0,173336,1.0002,1890000,-1716664,-173336,
002642,荣联科技,7.03,0.5722,52690000.0,1.14,4651000000.0,4651000000.0,170793,0.3241,-912032,1082825,-170793,
600505,西昌电力,10.73,0.7512,81270000.0,2.09,3912000000.0,3912000000.0,165918,0.2042,-3374979,3540897,-165918,
300631,久吾高科,21.64,1.5486,35210000.0,1.35,2706000000.0,2632000000.0,164890,0.4683,0,164890,-164890,
300135,宝利国际,3.55,2.0115,67320000.0,2.07,3272000000.0,3272000000.0,164344,0.2441,2132553,-1968209,-164344,
688608,恒玄科技,104.18,0.9007,353250000.0,1.44,24679000000.0,24679000000.0,162478,0.046,-9686443,9848921,-162478,
001338,永顺泰,9.22,1.6538,64810000.0,1.41,4626000000.0,4626000000.0,160841,0.2482,1257432,-1096591,-160841,
300211,*ST亿通,7.06,0.5698,9480000.0,0.45,2146000000.0,2107000000.0,159368,1.6811,259586,-100218,-159368,
600173,卧龙新能,6.01,2.0374,27130000.0,0.65,4210000000.0,4210000000.0,155311,0.5725,0,155311,-155311,
002346,柘中股份,19.16,1.7525,194320000.0,2.3,8461000000.0,8461000000.0,153462,0.079,-926752,1080214,-153462,
603577,汇金通,9.73,1.2487,28940000.0,0.88,3300000000.0,3300000000.0,150992,0.5217,0,150992,-150992,
603037,凯众股份,10.02,2.3493,37480000.0,1.41,2671000000.0,2667000000.0,150958,0.4028,-1363077,1514035,-150958,
001395,亚联机械,29.8,2.7586,43050000.0,2.75,3380000000.0,1579000000.0,150413,0.3494,0,150413,-150413,
603586,金麒麟,13.75,1.626,22190000.0,0.83,2696000000.0,2696000000.0,149737,0.6748,0,149737,-149737,
002691,*ST冀凯,4.27,-0.2336,6590000.0,0.46,1452000000.0,1435000000.0,146255,2.2193,0,146255,-146255,
300730,科创信息,11.33,1.4324,33550000.0,1.44,2732000000.0,2343000000.0,145220,0.4328,0,145220,-145220,
603379,三美股份,51.71,1.1146,360730000.0,1.15,31568000000.0,31568000000.0,144331,0.04,-10328816,10473147,-144331,
002191,劲嘉股份,3.66,0.8264,43120000.0,0.84,5175000000.0,5134000000.0,142893,0.3314,2922522,-2779629,-142893,
301168,通灵股份,40.65,0.5442,19760000.0,0.51,4878000000.0,3874000000.0,141450,0.7158,0,141450,-141450,
688161,威高骨科,21.85,2.3899,28410000.0,0.33,8740000000.0,8740000000.0,140548,0.4947,0,140548,-140548,
002313,日海智能,8.45,1.8072,41820000.0,1.33,3164000000.0,3164000000.0,139110,0.3326,-494841,633951,-139110,
600956,新天绿能,7.29,1.1096,47730000.0,0.28,32807000000.0,17118000000.0,136739,0.2865,-732645,869384,-136739,
605337,李子园,9.08,2.0225,31390000.0,0.9,3520000000.0,3520000000.0,136650,0.4353,0,136650,-136650,
300926,博俊科技,16.53,0.7313,40450000.0,0.82,7179000000.0,4926000000.0,135797,0.3357,0,135797,-135797,
300912,凯龙高科,20.1,2.7607,67880000.0,3.95,2289000000.0,1728000000.0,133496,0.1967,0,133496,-133496,
301170,锡南科技,22.61,0.9375,18630000.0,2.18,2261000000.0,859000000.0,131666,0.7067,0,131666,-131666,
301163,宏德股份,22.2,2.3513,23670000.0,1.96,1812000000.0,1215000000.0,131106,0.5539,0,131106,-131106,
688370,丛麟科技,26.86,4.6358,40540000.0,1.09,3683000000.0,3683000000.0,127466,0.3144,0,127466,-127466,
300071,福石控股,4.18,0.9662,158950000.0,4.04,4029000000.0,3952000000.0,127356,0.0801,939210,-811854,-127356,
300244,迪安诊断,20.43,7.4698,961400000.0,9.51,12768000000.0,10245000000.0,123050,0.0128,3883090,-3760040,-123050,
688557,兰剑智能,20.69,4.7595,45440000.0,1.5,3069000000.0,3069000000.0,121733,0.2679,332612,-210879,-121733,
002991,甘源食品,38.07,0.7943,30090000.0,1.59,3549000000.0,1901000000.0,120429,0.4002,-1435713,1556142,-120429,
002872,ST天圣,6.05,2.8912,24430000.0,1.9,1924000000.0,1300000000.0,118358,0.4845,-156695,275053,-118358,
600873,梅花生物,7.54,0.1328,111120000.0,0.53,21144000000.0,21144000000.0,118115,0.1063,-7016312,7134427,-118115,
300858,科拓生物,14.85,3.4843,47190000.0,1.64,3913000000.0,2907000000.0,117950,0.2499,837722,-719772,-117950,
605189,富春染织,14.11,0.427,77000000.0,2.29,3361000000.0,3361000000.0,111315,0.1446,-645286,756601,-111315,
600287,苏豪时尚,5.03,3.4979,16720000.0,0.77,2197000000.0,2197000000.0,109137,0.6527,0,109137,-109137,
002197,证通电子,6.7,1.9787,136470000.0,3.88,4116000000.0,3578000000.0,108872,0.0798,-2345892,2454764,-108872,
603767,中马传动,13.59,1.3423,42460000.0,1.01,4194000000.0,4194000000.0,102259,0.2408,2146202,-2043943,-102259,
600655,豫园股份,4.67,2.1882,82540000.0,0.46,18172000000.0,18166000000.0,98400,0.1192,877465,-779065,-98400,
603195,公牛集团,37.98,-0.0526,80950000.0,0.12,68495000000.0,68370000000.0,95579,0.1181,-1394587,1490166,-95579,
002344,海宁皮城,4.08,2.2556,35710000.0,0.69,5233000000.0,5228000000.0,95225,0.2667,0,95225,-95225,
688570,天玛智控,14.72,0.9602,5640000.0,0.2,6374000000.0,2770000000.0,91317,1.6191,0,91317,-91317,
002599,盛通股份,5.53,0.7286,27150000.0,1.19,2990000000.0,2286000000.0,87236,0.3213,0,87236,-87236,
300219,鸿利智汇,6.98,1.4535,98530000.0,2.0,4941000000.0,4932000000.0,77695,0.0789,889163,-811468,-77695,
688638,誉辰智能,33.0,1.6323,13360000.0,1.53,1848000000.0,873000000.0,73329,0.5489,0,73329,-73329,
300314,戴维医疗,12.01,3.5345,77550000.0,4.51,3459000000.0,1726000000.0,72874,0.094,485391,-412517,-72874,
301539,宏鑫科技,15.2,1.6722,20950000.0,1.77,2250000000.0,1185000000.0,71768,0.3426,-1217463,1289231,-71768,
300452,山河药辅,13.28,3.9937,88750000.0,3.38,3114000000.0,2638000000.0,69696,0.0785,-1400251,1469947,-69696,
301024,霍普股份,32.64,1.4295,24600000.0,1.23,2075000000.0,2009000000.0,69443,0.2823,0,69443,-69443,
002660,茂硕电源,8.14,0.3699,64350000.0,2.29,2903000000.0,2819000000.0,63271,0.0983,0,63271,-63271,
688030,山石网科,18.45,3.0726,101550000.0,3.07,3325000000.0,3325000000.0,61051,0.0601,2707597,-2646546,-61051,
300861,美畅股份,16.2,0.3096,125430000.0,1.83,10884000000.0,6834000000.0,59903,0.0478,1935592,-1875689,-59903,
002381,双箭股份,5.61,2.9358,20510000.0,1.15,2309000000.0,1807000000.0,58687,0.2861,0,58687,-58687,
300425,中建环能,4.04,2.0202,28940000.0,1.06,2756000000.0,2750000000.0,57461,0.1986,0,57461,-57461,
600889,*ST京化,13.36,0.3757,10720000.0,0.22,7837000000.0,4894000000.0,49616,0.4628,0,49616,-49616,
300929,华骐环保,16.0,0.8827,41580000.0,2.07,2114000000.0,2006000000.0,47129,0.1133,-30419,77548,-47129,
600566,济川药业,24.96,-0.9131,95010000.0,0.41,23005000000.0,22936000000.0,46963,0.0494,-2577374,2624337,-46963,
688276,百克生物,17.75,5.6548,129210000.0,1.8,7342000000.0,7342000000.0,42416,0.0328,-3298514,3340930,-42416,
300022,吉峰科技,7.99,-0.2497,43160000.0,1.09,3949000000.0,3949000000.0,41979,0.0973,919965,-877986,-41979,
603222,济民健康,7.89,1.5444,115650000.0,2.81,4143000000.0,4143000000.0,40659,0.0352,933982,-893323,-40659,
301584,建发致新,20.51,2.55,52070000.0,4.74,8682000000.0,1102000000.0,35526,0.0682,331013,-295487,-35526,
002899,英派斯,20.87,6.2087,103150000.0,3.39,3085000000.0,3085000000.0,33871,0.0328,-1417822,1451693,-33871,
300848,美瑞新材,11.25,1.5343,24360000.0,0.86,4814000000.0,2848000000.0,32508,0.1334,0,32508,-32508,
002766,索菱股份,4.06,0.7444,46140000.0,1.33,3491000000.0,3479000000.0,28932,0.0627,-2174933,2203865,-28932,
603194,中力股份,33.57,0.209,17410000.0,0.33,13462000000.0,5305000000.0,28923,0.1661,13424,15499,-28923,
688355,明志科技,16.66,0.9697,14590000.0,0.71,2065000000.0,2065000000.0,28249,0.1936,67976,-39727,-28249,
600611,大众交通,4.57,0.883,161220000.0,2.27,10804000000.0,7144000000.0,24306,0.0151,70578,-46272,-24306,
301208,中亦科技,30.9,3.2754,40370000.0,1.96,3708000000.0,2083000000.0,19329,0.0479,1218509,-1199180,-19329,
603022,新通联,8.9,3.4884,32800000.0,1.86,1780000000.0,1780000000.0,18078,0.0551,1005326,-987248,-18078,
688211,中科微至,32.18,1.9645,39930000.0,0.95,4219000000.0,4219000000.0,18001,0.0451,0,18001,-18001,
300662,科锐国际,21.4,0.6585,53430000.0,1.27,4212000000.0,4202000000.0,17257,0.0323,2343319,-2326062,-17257,
300818,耐普矿机,17.2,0.9982,41110000.0,1.67,3774000000.0,2445000000.0,17183,0.0418,0,17183,-17183,
300875,捷强装备,33.53,3.4238,107390000.0,3.68,3347000000.0,2944000000.0,9323,0.0087,1011636,-1002313,-9323,
603070,万控智造,11.63,1.3066,18970000.0,0.41,4664000000.0,4664000000.0,8608,0.0454,0,8608,-8608,
605303,园林股份,23.68,nan,0.0,0.0,3818000000.0,3818000000.0,0,nan,0,0,0,
601059,信达证券,15.56,nan,0.0,0.0,50461000000.0,50461000000.0,0,nan,0,0,0,
000016,*ST康佳A,2.46,nan,0.0,0.0,5924000000.0,3928000000.0,0,nan,0,0,0,
601198,东兴证券,13.06,nan,0.0,0.0,42216000000.0,42216000000.0,0,nan,0,0,0,
601238,广汽集团,5.09,nan,0.0,0.0,51903000000.0,37583000000.0,0,nan,0,0,0,
002731,*ST萃华,0.77,nan,0.0,0.0,197000000.0,177000000.0,0,nan,0,0,0,
601995,中金公司,31.8,nan,0.0,0.0,153507000000.0,92969000000.0,0,nan,0,0,0,
688496,*ST清越,0.58,nan,0.0,0.0,261000000.0,138000000.0,0,nan,0,0,0,
603400,华之杰,54.67,nan,0.0,0.0,7098000000.0,1981000000.0,0,nan,0,0,0,
300082,奥克股份,8.58,nan,0.0,0.0,5835000000.0,5820000000.0,0,nan,0,0,0,
300585,奥联电子,16.04,nan,0.0,0.0,2745000000.0,2745000000.0,0,nan,0,0,0,
301139,*ST元道,3.31,nan,0.0,0.0,402000000.0,252000000.0,0,nan,0,0,0,
000752,*ST西发,8.71,0.2301,8350000.0,0.36,2297000000.0,2297000000.0,-200,-0.0024,1044000,-1044200,200,
600694,大商股份,14.57,1.0402,45530000.0,0.83,5519000000.0,5519000000.0,-1238,-0.0027,-459587,458349,1238,
300694,蠡湖股份,10.68,0.8499,31320000.0,1.36,2318000000.0,2316000000.0,-2401,-0.0077,0,-2401,2401,
600336,澳柯玛,6.45,0.4673,39610000.0,0.78,5147000000.0,5147000000.0,-3302,-0.0083,1427599,-1430901,3302,
603079,圣达生物,13.38,4.5313,63940000.0,2.55,2529000000.0,2529000000.0,-3661,-0.0057,-1070657,1066996,3661,
600568,ST中珠,2.42,1.2552,26960000.0,0.67,4823000000.0,4039000000.0,-4794,-0.0178,-1011500,1006706,4794,
002562,兄弟科技,4.93,2.9228,118480000.0,2.98,5634000000.0,4011000000.0,-8486,-0.0072,2493431,-2501917,8486,
603027,千禾味业,7.33,0.6868,56220000.0,0.58,9754000000.0,9754000000.0,-11270,-0.02,2375524,-2386794,11270,
301509,金凯生科,30.98,3.7508,120340000.0,6.89,3731000000.0,1758000000.0,-12928,-0.0107,2497759,-2510687,12928,
002802,洪汇新材,12.3,2.8428,27820000.0,1.52,2229000000.0,1841000000.0,-16322,-0.0587,0,-16322,16322,
600528,中铁工业,6.86,0.2924,47630000.0,0.31,15240000000.0,15240000000.0,-20115,-0.0422,5498273,-5518388,20115,
603519,立霸股份,16.2,4.1801,81770000.0,1.93,4315000000.0,4315000000.0,-22550,-0.0276,-111749,89199,22550,
301105,鸿铭股份,49.55,1.6619,26000000.0,2.67,2477000000.0,982000000.0,-24025,-0.0924,-68782,44757,24025,
600796,钱江生化,5.1,1.7964,19360000.0,1.23,4420000000.0,1589000000.0,-27378,-0.1414,0,-27378,27378,
688133,泰坦科技,22.04,7.0943,174640000.0,4.92,3624000000.0,3624000000.0,-27878,-0.016,-2358206,2330328,27878,
688196,卓越新能,33.9,1.9856,50700000.0,1.18,4312000000.0,4312000000.0,-28762,-0.0567,-944686,915924,28762,
600810,神马股份,6.41,1.5848,28530000.0,0.42,6972000000.0,6909000000.0,-33302,-0.1167,0,-33302,33302,
301065,本立科技,19.75,3.349,29870000.0,1.77,2094000000.0,1704000000.0,-34621,-0.1159,0,-34621,34621,
301578,辰奕智能,23.38,1.2998,18240000.0,2.59,2477000000.0,704000000.0,-36149,-0.1982,0,-36149,36149,
001228,永泰运,34.09,3.5541,96790000.0,3.57,3541000000.0,2723000000.0,-40296,-0.0416,-734109,693813,40296,
600650,锦江在线,10.42,1.0669,20160000.0,0.5,5748000000.0,4070000000.0,-42659,-0.2116,0,-42659,42659,
002529,海源复材,6.63,0.9132,33910000.0,1.97,1724000000.0,1724000000.0,-46440,-0.137,-2102512,2056072,46440,
000822,山东海化,4.36,2.3474,35010000.0,0.91,3903000000.0,3903000000.0,-47610,-0.136,0,-47610,47610,
603007,顺景科技,4.72,0.6397,78080000.0,2.38,4175000000.0,3281000000.0,-49029,-0.0628,10232178,-10281207,49029,
600872,中炬高新,17.27,0.641,155220000.0,1.17,13372000000.0,13315000000.0,-51984,-0.0335,-13746317,13694333,51984,
300797,钢研纳克,13.4,2.2901,68960000.0,1.35,5125000000.0,5115000000.0,-56101,-0.0814,266498,-322599,56101,
688229,博睿数据,61.22,-0.1794,23410000.0,0.86,2718000000.0,2718000000.0,-57209,-0.2444,0,-57209,57209,
300374,中铁装配,10.12,-5.4206,123290000.0,5.03,2489000000.0,2488000000.0,-60494,-0.0491,-2491395,2430901,60494,
600149,廊坊发展,5.03,2.0284,35120000.0,1.85,1912000000.0,1912000000.0,-69714,-0.1985,0,-69714,69714,
000408,藏格矿业,72.31,0.2079,501960000.0,0.44,113448000000.0,113447000000.0,-69840,-0.0139,-6879063,6809223,69840,
300948,冠中生态,19.34,2.058,47810000.0,1.6,3179000000.0,3001000000.0,-75410,-0.1577,760634,-836044,75410,
600235,民丰特纸,5.86,2.2688,23060000.0,1.13,2059000000.0,2059000000.0,-80525,-0.3492,0,-80525,80525,
300500,启迪设计,9.39,1.9544,28330000.0,1.81,1634000000.0,1574000000.0,-81019,-0.286,0,-81019,81019,
600966,博汇纸业,5.04,2.0243,64570000.0,0.96,6738000000.0,6738000000.0,-83980,-0.1301,1231111,-1315091,83980,
300619,金银河,26.2,0.9245,141040000.0,2.84,5926000000.0,4989000000.0,-86552,-0.0614,-2041834,1955282,86552,
001220,世盟股份,31.98,0.1252,40700000.0,5.49,2951000000.0,738000000.0,-88068,-0.2164,-1280179,1192111,88068,
301513,尚水智能,46.0,-0.6694,56790000.0,6.15,4600000000.0,927000000.0,-88522,-0.1559,0,-88522,88522,
003022,联泓新科,19.72,0.1524,164970000.0,0.63,26337000000.0,26315000000.0,-88553,-0.0537,1343874,-1432427,88553,
300198,*ST纳川,2.29,0.8811,12540000.0,0.54,2362000000.0,2346000000.0,-89328,-0.7123,0,-89328,89328,
688118,普元信息,19.61,1.239,27230000.0,1.47,1859000000.0,1859000000.0,-93174,-0.3422,0,-93174,93174,
600169,ST太重,2.17,0.9302,15630000.0,0.22,7233000000.0,7233000000.0,-93548,-0.5985,1924305,-2017853,93548,
300778,新城市,10.85,4.5279,41460000.0,1.9,2210000000.0,2209000000.0,-104104,-0.2511,-133102,28998,104104,
600365,ST通葡,2.86,1.0601,4230000.0,0.34,1298000000.0,1256000000.0,-110191,-2.605,0,-110191,110191,
300906,日月明,28.92,1.0835,25400000.0,1.22,2314000000.0,2090000000.0,-114244,-0.4498,0,-114244,114244,
301565,中仑新材,19.85,2.584,99470000.0,3.89,7940000000.0,2541000000.0,-123589,-0.1242,-763144,639555,123589,
605259,绿田机械,17.51,1.0387,8840000.0,0.29,3020000000.0,3020000000.0,-126968,-1.4363,0,-126968,126968,
002399,海普瑞,9.8,4.8128,61400000.0,0.51,14380000000.0,12223000000.0,-131761,-0.2146,0,-131761,131761,
688259,创耀科技,32.13,0.6579,26430000.0,0.74,3589000000.0,3589000000.0,-131802,-0.4987,0,-131802,131802,
301203,国泰环保,33.95,1.5555,22420000.0,1.51,2716000000.0,1486000000.0,-134217,-0.5986,0,-134217,134217,
002060,广东建工,3.06,0.3279,63170000.0,1.33,11488000000.0,4782000000.0,-137477,-0.2176,4308862,-4446339,137477,
600280,中央商场,3.2,4.5752,149710000.0,4.22,3611000000.0,3611000000.0,-144901,-0.0968,443049,-587950,144901,
603357,设计总院,5.94,1.7123,14330000.0,0.43,3330000000.0,3330000000.0,-145842,-1.0177,0,-145842,145842,
600648,外高桥,9.49,0.5297,16970000.0,0.16,12906000000.0,10797000000.0,-146042,-0.8606,-1501224,1355182,146042,
300784,利安科技,41.59,1.9113,17560000.0,2.51,2339000000.0,704000000.0,-151846,-0.8647,0,-151846,151846,
301557,常友科技,84.53,-1.3537,59860000.0,2.82,5243000000.0,2102000000.0,-153467,-0.2564,-139962,-13505,153467,
688058,宝兰德,24.58,1.4445,19580000.0,1.06,1864000000.0,1864000000.0,-157100,-0.8023,0,-157100,157100,
689009,九号公司-WD,38.21,0.5526,247820000.0,1.15,28117000000.0,21483000000.0,-158385,-0.0639,7881056,-8039441,158385,
002997,瑞鹄模具,26.84,0.6752,72820000.0,1.3,5618000000.0,5618000000.0,-159231,-0.2187,4649310,-4808541,159231,
000411,英特集团,10.07,1.7172,36540000.0,0.65,5688000000.0,5677000000.0,-160671,-0.4397,1427159,-1587830,160671,
300541,先进数通,9.66,1.3641,42800000.0,1.15,4154000000.0,3749000000.0,-162192,-0.379,-1879640,1717448,162192,
301052,果麦文化,24.7,4.2194,124960000.0,6.34,2444000000.0,1982000000.0,-166053,-0.1329,-573376,407323,166053,
300963,中洲特材,11.25,1.1691,39730000.0,1.04,5160000000.0,3832000000.0,-168159,-0.4233,-12386,-155773,168159,
601068,中铝国际,4.43,0.6818,42460000.0,0.38,13232000000.0,11339000000.0,-169645,-0.3995,-132036,-37609,169645,
300648,星云股份,42.01,-1.1529,97280000.0,1.71,7322000000.0,5705000000.0,-170801,-0.1756,-1684808,1514007,170801,
603172,万丰股份,19.03,2.4771,25070000.0,0.99,2538000000.0,2538000000.0,-171985,-0.686,167181,-339166,171985,
002722,物产金轮,13.2,1.7733,27470000.0,0.94,2935000000.0,2935000000.0,-172051,-0.6263,0,-172051,172051,
600455,博通股份,23.71,1.8908,27660000.0,1.88,1481000000.0,1481000000.0,-173783,-0.6283,0,-173783,173783,
603360,百傲化学,13.28,2.866,181130000.0,1.93,9379000000.0,9379000000.0,-176404,-0.0974,6396844,-6573248,176404,
000526,学大教育,35.69,1.3345,63980000.0,1.48,4349000000.0,4335000000.0,-179249,-0.2802,0,-179249,179249,
300266,兴源环境,1.9,2.1505,42330000.0,1.45,2952000000.0,2951000000.0,-182862,-0.432,0,-182862,182862,
300417,南华仪器,11.64,2.4648,37510000.0,3.71,1566000000.0,1021000000.0,-186911,-0.4983,0,-186911,186911,
688335,复洁科技,18.26,0.44,32780000.0,1.2,2703000000.0,2703000000.0,-187461,-0.5719,0,-187461,187461,
001269,欧晶科技,19.22,2.0712,43580000.0,1.18,3698000000.0,3698000000.0,-196135,-0.4501,-2835130,2638995,196135,
600197,伊力特,9.48,1.826,34590000.0,0.78,4486000000.0,4486000000.0,-203472,-0.5882,1067836,-1271308,203472,
301491,汉桑科技,37.99,2.8703,39160000.0,2.72,4901000000.0,1453000000.0,-204690,-0.5227,604480,-809170,204690,
002299,圣农发展,16.15,1.1271,117720000.0,0.6,20071000000.0,19680000000.0,-205602,-0.1747,-287406,81804,205602,
301318,维海德,20.95,1.11,15070000.0,0.77,2835000000.0,1952000000.0,-206377,-1.3695,0,-206377,206377,
300523,辰安科技,21.36,0.2346,41450000.0,0.84,4969000000.0,4969000000.0,-208377,-0.5027,-935173,726796,208377,
605089,味知香,20.9,2.2005,15160000.0,0.53,2884000000.0,2884000000.0,-210043,-1.3855,0,-210043,210043,
688517,金冠电气,16.57,4.0829,58940000.0,2.62,2264000000.0,2264000000.0,-216717,-0.3677,-180207,-36510,216717,
000958,电投产融,5.15,0.3899,42370000.0,0.15,94330000000.0,27725000000.0,-217585,-0.5135,-2057718,1840133,217585,
603324,盛剑科技,26.78,-0.4461,57860000.0,1.47,4043000000.0,3907000000.0,-220749,-0.3815,0,-220749,220749,
301185,鸥玛软件,17.06,2.524,23860000.0,1.0,2617000000.0,2396000000.0,-221621,-0.9288,0,-221621,221621,
300791,仙乐健康,17.79,2.8324,35030000.0,0.77,5483000000.0,4579000000.0,-224812,-0.6418,-1028660,803848,224812,
002633,申科股份,14.2,0.7092,23560000.0,1.11,2130000000.0,2124000000.0,-227997,-0.9677,0,-227997,227997,
603223,恒通股份,10.12,0.998,50590000.0,0.71,7143000000.0,7143000000.0,-232011,-0.4586,-4551739,4319728,232011,
688526,科前生物,12.49,0.9701,10990000.0,0.19,5822000000.0,5822000000.0,-232047,-2.1114,0,-232047,232047,
603829,洛凯股份,16.03,2.9544,61010000.0,2.06,2986000000.0,2986000000.0,-232184,-0.3806,0,-232184,232184,
002864,盘龙药业,21.43,4.2315,72130000.0,3.45,2930000000.0,2113000000.0,-234773,-0.3255,0,-234773,234773,
301598,博科测试,51.04,0.6905,21730000.0,2.36,3006000000.0,920000000.0,-235314,-1.0829,2570559,-2805873,235314,
600073,光明肉业,5.58,0.722,47620000.0,0.91,5233000000.0,5233000000.0,-237711,-0.4992,1367435,-1605146,237711,
300832,新产业,49.05,0.2248,176290000.0,0.53,38540000000.0,33506000000.0,-238473,-0.1353,1040579,-1279052,238473,
600231,凌钢股份,1.72,1.7751,25740000.0,0.53,4940000000.0,4879000000.0,-240451,-0.9342,-242280,1829,240451,
600983,惠而浦,7.38,0.2717,6010000.0,0.11,5656000000.0,5656000000.0,-241717,-4.0219,0,-241717,241717,
000550,江铃汽车,16.59,-0.5992,65810000.0,0.76,14321000000.0,8601000000.0,-242982,-0.3692,0,-242982,242982,
603600,永艺股份,10.33,1.9743,37170000.0,1.09,3413000000.0,3413000000.0,-243046,-0.6539,730285,-973331,243046,
601528,瑞丰银行,4.96,-0.6012,62340000.0,0.67,9732000000.0,9205000000.0,-245958,-0.3945,0,-245958,245958,
300915,海融科技,22.28,6.3992,69780000.0,5.5,2804000000.0,1283000000.0,-247693,-0.355,-11060,-236633,247693,
300504,天邑股份,18.44,3.4212,170240000.0,4.22,4998000000.0,4061000000.0,-248331,-0.1459,1247554,-1495885,248331,
301223,中荣股份,18.22,3.171,22230000.0,0.63,3519000000.0,3519000000.0,-254792,-1.1462,0,-254792,254792,
002211,ST宏达,3.82,0.0,18770000.0,1.13,1652000000.0,1652000000.0,-254903,-1.358,-1536000,1281097,254903,
600784,鲁银投资,7.21,1.8362,55000000.0,1.14,4871000000.0,4871000000.0,-256819,-0.4669,-3070004,2813185,256819,
605108,同庆楼,12.37,4.037,41890000.0,1.32,3216000000.0,3216000000.0,-256907,-0.6133,0,-256907,256907,
600618,氯碱化工,9.96,1.4257,42670000.0,0.57,11518000000.0,7468000000.0,-258196,-0.6051,-1317992,1059796,258196,
000698,ST沈化,3.68,0.8219,21750000.0,0.76,3016000000.0,2891000000.0,-261212,-1.201,-5382331,5121119,261212,
301296,新巨丰,6.42,2.8846,22950000.0,0.84,2745000000.0,2745000000.0,-261381,-1.1389,0,-261381,261381,
603637,镇海股份,15.1,2.1651,118800000.0,3.29,3604000000.0,3604000000.0,-263017,-0.2214,253516,-516533,263017,
688377,迪威尔,17.39,2.1139,47340000.0,1.16,4062000000.0,4062000000.0,-265403,-0.5606,0,-265403,265403,
300388,节能国祯,6.78,0.8929,22440000.0,0.49,4617000000.0,4617000000.0,-268257,-1.1954,-462176,193919,268257,
301272,英华特,34.8,2.3228,21320000.0,1.56,2032000000.0,1381000000.0,-268689,-1.2603,0,-268689,268689,
300837,浙矿股份,22.8,1.3333,34030000.0,1.98,2280000000.0,1724000000.0,-270603,-0.7952,0,-270603,270603,
002887,绿茵生态,9.18,0.9901,21260000.0,1.07,2809000000.0,1994000000.0,-273875,-1.2882,0,-273875,273875,
301039,中集车辆,7.39,0.5442,83800000.0,0.79,13850000000.0,10693000000.0,-276530,-0.33,-4425476,4148946,276530,
600817,宇通重工,9.72,-0.2053,11870000.0,0.23,5172000000.0,5149000000.0,-277915,-2.3413,0,-277915,277915,
301173,毓恬冠佳,32.81,1.9577,12830000.0,1.27,2882000000.0,1011000000.0,-278564,-2.1712,0,-278564,278564,
688757,胜科纳米,31.47,0.191,224400000.0,3.93,12692000000.0,5703000000.0,-283107,-0.1262,-2067338,1784231,283107,
603895,天永智能,26.18,2.0265,22200000.0,0.79,2830000000.0,2830000000.0,-284481,-1.2814,57200,-341681,284481,
600444,国机通用,14.26,2.7378,28490000.0,1.38,2088000000.0,2088000000.0,-286802,-1.0067,0,-286802,286802,
300512,中亚股份,7.43,1.5027,27260000.0,1.13,3041000000.0,2425000000.0,-287520,-1.0547,0,-287520,287520,
301239,普瑞眼科,31.8,1.6949,50510000.0,1.12,4758000000.0,4517000000.0,-288106,-0.5704,1947911,-2236017,288106,
001311,多利科技,17.45,4.5536,73220000.0,2.33,7044000000.0,3174000000.0,-293450,-0.4008,0,-293450,293450,
300220,金运激光,11.16,1.9178,29100000.0,1.72,1687000000.0,1685000000.0,-293647,-1.0091,0,-293647,293647,
600119,*ST长投,5.02,0.8032,8430000.0,0.46,1834000000.0,1834000000.0,-293724,-3.4843,0,-293724,293724,
002032,苏泊尔,39.25,-2.1929,70250000.0,0.22,31396000000.0,31384000000.0,-296674,-0.4223,-588744,292070,296674,
000012,南玻Ａ,3.78,1.6129,89620000.0,1.21,11501000000.0,7406000000.0,-298874,-0.3335,1857070,-2155944,298874,
000888,峨眉山Ａ,9.54,1.9231,89360000.0,1.8,5027000000.0,5027000000.0,-298878,-0.3345,-22110,-276768,298878,
301101,明月镜片,30.43,2.1484,67140000.0,1.14,6132000000.0,5907000000.0,-300263,-0.4472,1004445,-1304708,300263,
002705,新宝股份,11.68,0.0,112960000.0,1.2,9483000000.0,9439000000.0,-301351,-0.2668,-1598919,1297568,301351,
002732,燕塘乳业,14.08,3.0747,23270000.0,1.06,2215000000.0,2211000000.0,-302367,-1.2994,0,-302367,302367,
002012,凯恩股份,7.4,0.6803,53120000.0,1.54,3460000000.0,3460000000.0,-306098,-0.5762,-1292830,986732,306098,
000686,东北证券,7.81,1.0349,104370000.0,0.57,18279000000.0,18279000000.0,-308661,-0.2957,-540152,231491,308661,
603721,中广天择,18.47,1.261,116720000.0,4.9,2401000000.0,2401000000.0,-315918,-0.2707,1040375,-1356293,315918,
603551,奥普科技,9.31,0.8667,18070000.0,0.51,3581000000.0,3549000000.0,-316756,-1.7529,1657260,-1974016,316756,
600846,同济科技,11.01,0.5479,22010000.0,0.32,6879000000.0,6879000000.0,-321357,-1.46,-3696306,3374949,321357,
601065,江盐集团,6.78,1.194,22020000.0,0.51,4358000000.0,4358000000.0,-323714,-1.4701,-1352000,1028286,323714,
603376,大明电子,27.73,1.02,71510000.0,8.08,11092000000.0,887000000.0,-324222,-0.4534,-31146,-293076,324222,
603062,麦加芯彩,37.73,3.3133,14300000.0,1.03,4075000000.0,1399000000.0,-325643,-2.2772,0,-325643,325643,
300380,安硕信息,29.27,2.7018,70850000.0,1.93,4775000000.0,3720000000.0,-327848,-0.4627,0,-327848,327848,
301100,风光股份,15.31,1.3236,12180000.0,0.9,3081000000.0,1358000000.0,-329800,-2.7077,0,-329800,329800,
600098,广州发展,6.23,-0.7962,105700000.0,0.48,21842000000.0,21842000000.0,-330131,-0.3123,-9803174,9473043,330131,
300320,海达股份,8.5,1.5532,50970000.0,1.24,5110000000.0,4136000000.0,-330349,-0.6481,749808,-1080157,330349,
000680,山推股份,9.39,0.1066,131210000.0,1.06,14086000000.0,12344000000.0,-333708,-0.2543,-8050315,7716607,333708,
001324,长青科技,21.42,3.6284,136250000.0,4.67,2956000000.0,2956000000.0,-335886,-0.2465,-369085,33199,335886,
300405,科隆股份,5.78,3.9568,49910000.0,3.98,1644000000.0,1265000000.0,-335988,-0.6732,1701000,-2036988,335988,
000919,金陵药业,6.73,4.1796,99240000.0,2.4,4186000000.0,4184000000.0,-341693,-0.3443,107938,-449631,341693,
688511,天微电子,22.95,-1.4175,31890000.0,1.03,3068000000.0,3068000000.0,-342715,-1.0747,0,-342715,342715,
002451,摩恩电气,7.74,2.381,79350000.0,2.35,3405000000.0,3399000000.0,-344311,-0.4339,2062793,-2407104,344311,
688573,信宇人,15.43,-0.0648,29090000.0,3.55,1508000000.0,821000000.0,-346402,-1.1908,0,-346402,346402,
605138,盛泰集团,6.13,3.0252,17670000.0,0.52,3406000000.0,3406000000.0,-348584,-1.9727,0,-348584,348584,
300930,屹通新材,25.49,3.282,35200000.0,2.94,2549000000.0,1201000000.0,-349250,-0.9922,561699,-910949,349250,
688458,美芯晟,38.5,0.7326,62500000.0,1.73,4294000000.0,3609000000.0,-349569,-0.5593,-2420631,2071062,349569,
603185,弘元绿能,14.56,0.622,120460000.0,1.22,9946000000.0,9887000000.0,-351803,-0.292,6179550,-6531353,351803,
603036,如通股份,13.72,2.5411,82890000.0,2.97,2826000000.0,2826000000.0,-352160,-0.4249,-2603190,2251030,352160,
301103,何氏眼科,16.43,3.9216,31890000.0,1.61,2596000000.0,1998000000.0,-352774,-1.1062,0,-352774,352774,
603898,好莱客,11.15,2.3875,30690000.0,0.92,3348000000.0,3348000000.0,-354682,-1.1557,-1199964,845282,354682,
300423,昇辉科技,5.62,1.444,34740000.0,1.86,2796000000.0,1874000000.0,-367400,-1.0576,1044196,-1411596,367400,
600289,ST信通,4.51,6.3679,23520000.0,0.94,2846000000.0,2552000000.0,-368293,-1.5659,398712,-767005,368293,
300245,ST天玑,6.05,2.3689,41400000.0,2.36,1846000000.0,1777000000.0,-368671,-0.8905,917244,-1285915,368671,
603488,展鹏科技,8.3,3.8798,80760000.0,3.34,2424000000.0,2424000000.0,-374508,-0.4637,-871279,496771,374508,
301306,西测测试,99.29,-0.7398,214200000.0,3.71,8380000000.0,5785000000.0,-378152,-0.1765,-3766835,3388683,378152,
688579,地纬智能,7.88,2.2049,21170000.0,0.67,3152000000.0,3152000000.0,-380143,-1.7957,0,-380143,380143,
600782,新钢股份,2.71,1.1194,106300000.0,1.26,8591000000.0,8525000000.0,-381990,-0.3594,-8282165,7900175,381990,
300600,国瑞科技,10.73,2.5813,97390000.0,3.11,3157000000.0,3157000000.0,-384337,-0.3946,-1025550,641213,384337,
601956,东贝集团,4.89,1.6632,19190000.0,0.63,3040000000.0,3040000000.0,-385287,-2.0077,0,-385287,385287,
603017,中衡设计,10.0,2.0408,34340000.0,1.25,2762000000.0,2762000000.0,-386117,-1.1244,1000235,-1386352,386117,
301388,欣灵电气,25.07,2.9569,37500000.0,2.07,2568000000.0,1822000000.0,-386123,-1.0297,0,-386123,386123,
603610,麒盛科技,13.65,-0.4376,76920000.0,1.59,4818000000.0,4818000000.0,-386146,-0.502,-123704,-262442,386146,
000524,岭南控股,9.28,3.1111,70880000.0,1.15,6220000000.0,6218000000.0,-386429,-0.5452,0,-386429,386429,
600159,大龙地产,2.82,4.059,54750000.0,2.38,2341000000.0,2341000000.0,-390046,-0.7124,1896440,-2286486,390046,
603869,ST智知,8.6,1.2956,8460000.0,0.2,4202000000.0,4202000000.0,-395656,-4.6768,-1973423,1577767,395656,
002799,环球印务,6.86,3.003,34690000.0,1.59,2195000000.0,2195000000.0,-400932,-1.1558,0,-400932,400932,
002306,ST云网,2.24,2.2831,19280000.0,1.07,1948000000.0,1820000000.0,-401888,-2.0845,-989165,587277,401888,
603937,丽岛新材,11.67,0.8643,29150000.0,1.2,2438000000.0,2438000000.0,-406618,-1.3949,0,-406618,406618,
002890,弘宇股份,15.0,1.2146,30730000.0,1.27,2548000000.0,2422000000.0,-408638,-1.3298,2568346,-2976984,408638,
300701,森霸传感,10.0,1.5228,23500000.0,0.94,2796000000.0,2522000000.0,-418462,-1.7807,-1286832,868370,418462,
603380,易德龙,35.2,0.1993,73810000.0,1.31,5648000000.0,5648000000.0,-422592,-0.5725,-1836992,1414400,422592,
688067,爱威科技,23.3,2.8244,25950000.0,1.65,1584000000.0,1584000000.0,-425294,-1.6389,0,-425294,425294,
688159,有方科技,37.23,1.9162,169140000.0,4.92,3455000000.0,3455000000.0,-425914,-0.2518,-2247961,1822047,425914,
605003,众望布艺,24.36,1.4155,25760000.0,0.97,2680000000.0,2680000000.0,-426360,-1.6551,0,-426360,426360,
000902,新洋丰,14.03,1.5195,102360000.0,0.65,17604000000.0,16033000000.0,-426932,-0.4171,111696,-538628,426932,
688466,金科环境,13.67,1.5602,16080000.0,0.96,1670000000.0,1670000000.0,-433160,-2.6938,0,-433160,433160,
688076,ST诺泰,29.16,1.2149,64410000.0,0.7,9238000000.0,9238000000.0,-433734,-0.6734,-7842403,7408669,433734,
688567,孚能科技,9.09,0.1101,64250000.0,0.58,11109000000.0,11109000000.0,-443745,-0.6907,0,-443745,443745,
603033,三维股份,7.89,7.7869,146830000.0,1.88,8136000000.0,7989000000.0,-444291,-0.3026,-8527375,8083084,444291,
001322,箭牌家居,6.32,2.7642,23010000.0,0.47,6103000000.0,4965000000.0,-445481,-1.936,0,-445481,445481,
002910,庄园牧场,10.22,4.6059,66130000.0,3.85,1998000000.0,1748000000.0,-446889,-0.6758,0,-446889,446889,
688788,科思科技,29.71,1.3993,53920000.0,0.83,6504000000.0,6504000000.0,-448927,-0.8326,111527,-560454,448927,
002166,莱茵生物,6.82,3.177,87410000.0,1.75,5058000000.0,5037000000.0,-451234,-0.5162,5072920,-5524154,451234,
300032,金龙机电,3.95,1.2821,50360000.0,1.6,3173000000.0,3173000000.0,-456670,-0.9068,-798896,342226,456670,
600716,凤凰股份,3.73,4.7753,26300000.0,0.77,3492000000.0,3492000000.0,-457082,-1.738,-1094456,637374,457082,
688366,昊海生科,29.86,3.4292,15020000.0,0.26,6833000000.0,5794000000.0,-457619,-3.0467,0,-457619,457619,
002817,黄山胶囊,6.71,3.7094,36300000.0,1.88,2007000000.0,1948000000.0,-458982,-1.2644,0,-458982,458982,
600939,重庆建工,2.69,2.6718,33700000.0,0.67,5118000000.0,5118000000.0,-460298,-1.3659,927469,-1387767,460298,
301456,盘古智能,25.06,0.4812,81420000.0,4.75,3811000000.0,1718000000.0,-461215,-0.5665,92318,-553533,461215,
001256,炜冈科技,21.99,1.057,40340000.0,1.73,3136000000.0,2351000000.0,-464882,-1.1524,-8728,-456154,464882,
002959,小熊电器,32.13,1.3565,11260000.0,0.25,5007000000.0,4492000000.0,-466520,-4.1432,0,-466520,466520,
688184,ST帕瓦,10.8,0.4651,4530000.0,0.43,1693000000.0,1060000000.0,-467014,-10.3094,-1075951,608937,467014,
301233,盛帮股份,33.45,6.2579,53950000.0,4.18,2401000000.0,1317000000.0,-469112,-0.8695,1774768,-2243880,469112,
301141,中科磁业,37.86,2.1036,57570000.0,3.42,4696000000.0,1685000000.0,-470165,-0.8167,3775562,-4245727,470165,
603755,日辰股份,24.7,3.6944,31450000.0,1.32,2436000000.0,2436000000.0,-478997,-1.523,0,-478997,478997,
688055,龙腾光电,3.77,1.0724,28580000.0,0.23,12567000000.0,12567000000.0,-479046,-1.6762,0,-479046,479046,
002681,奋达科技,4.63,0.6522,138290000.0,1.9,8309000000.0,7279000000.0,-481355,-0.3481,-9837591,9356236,481355,
301019,宁波色母,15.76,1.3505,28960000.0,1.27,3120000000.0,2288000000.0,-482692,-1.6668,0,-482692,482692,
603408,建霖家居,11.87,-0.4195,24950000.0,0.47,5313000000.0,5313000000.0,-483756,-1.9389,0,-483756,483756,
603073,彩蝶实业,16.5,3.7736,31150000.0,1.64,1914000000.0,1914000000.0,-484805,-1.5564,874725,-1359530,484805,
603662,柯力传感,49.86,1.6514,193850000.0,1.38,14002000000.0,14002000000.0,-488696,-0.2521,-1259134,770438,488696,
000972,中基健康,4.08,4.6154,96290000.0,3.1,3147000000.0,3147000000.0,-491937,-0.5109,972552,-1464489,491937,
688369,致远互联,19.43,2.3709,50220000.0,2.25,2239000000.0,2239000000.0,-493403,-0.9825,0,-493403,493403,
002809,红墙股份,8.45,3.3007,43730000.0,3.08,2030000000.0,1436000000.0,-493795,-1.1292,0,-493795,493795,
688565,力源科技,11.2,0.9009,40680000.0,2.42,1677000000.0,1677000000.0,-495899,-1.219,0,-495899,495899,
002871,伟隆股份,17.95,1.9307,59800000.0,2.25,4521000000.0,2682000000.0,-498168,-0.8331,-2581368,2083200,498168,
688316,青云科技-U,46.39,0.7383,84190000.0,3.82,2222000000.0,2222000000.0,-499031,-0.5927,-1210101,711070,499031,
002915,中欣氟材,17.46,0.4603,95280000.0,1.82,5854000000.0,5255000000.0,-501462,-0.5263,-1510322,1008860,501462,
688533,上声电子,19.69,1.3903,11250000.0,0.35,3249000000.0,3249000000.0,-504773,-4.4869,0,-504773,504773,
600319,亚星化学,6.36,3.752,24030000.0,0.98,2466000000.0,2466000000.0,-505428,-2.1033,0,-505428,505428,
603088,宁波精达,10.43,1.3605,72020000.0,1.58,5240000000.0,4567000000.0,-512131,-0.7111,-2193797,1681666,512131,
603227,雪峰科技,7.6,1.7403,48100000.0,0.59,8145000000.0,8145000000.0,-512713,-1.0659,-3136721,2624008,512713,
300237,ST美晨,2.27,0.4425,28460000.0,0.87,3273000000.0,3273000000.0,-517590,-1.8187,0,-517590,517590,
601326,秦港股份,3.53,0.5698,75770000.0,0.45,19724000000.0,16794000000.0,-524419,-0.6921,46132,-570551,524419,
300847,中船汉光,14.07,2.1045,37580000.0,0.91,4165000000.0,4165000000.0,-524452,-1.3956,-1061653,537201,524452,
600809,山西汾酒,112.8,0.0887,495850000.0,0.36,137612000000.0,137612000000.0,-530370,-0.107,-51839,-478531,530370,
603825,ST华扬,7.84,0.2558,8930000.0,0.45,1986000000.0,1986000000.0,-531102,-5.9474,299808,-830910,531102,
688246,嘉和美康,17.17,5.0796,46950000.0,2.02,2362000000.0,2362000000.0,-535638,-1.1409,-3622636,3086998,535638,
301479,弘景光电,52.51,-1.297,100300000.0,2.67,6540000000.0,3744000000.0,-536089,-0.5345,-324590,-211499,536089,
688289,圣湘生物,16.53,3.0549,100560000.0,1.06,9504000000.0,9504000000.0,-541742,-0.5387,-2842472,2300730,541742,
688032,禾迈股份,70.02,0.589,31600000.0,0.37,8688000000.0,8688000000.0,-541756,-1.7144,27051,-568807,541756,
600834,申通地铁,7.66,1.1889,12980000.0,0.35,3657000000.0,3657000000.0,-547192,-4.2157,-1265009,717817,547192,
301353,普莱得,19.52,3.1167,28150000.0,3.54,2479000000.0,797000000.0,-548574,-1.9488,0,-548574,548574,
002813,路畅科技,22.02,1.709,24310000.0,0.92,2642000000.0,2640000000.0,-549186,-2.2591,-1008882,459696,549186,
600980,北矿科技,19.39,2.8102,46740000.0,1.28,3747000000.0,3670000000.0,-549269,-1.1752,-2812578,2263309,549269,
600592,龙溪股份,14.72,0.5464,82090000.0,1.39,5881000000.0,5881000000.0,-549320,-0.6692,2022454,-2571774,549320,
600814,杭州解百,7.16,3.3189,104820000.0,2.0,5263000000.0,5263000000.0,-550571,-0.5253,5454729,-6005300,550571,
600572,康恩贝,4.38,2.8169,254710000.0,2.31,11119000000.0,11089000000.0,-551226,-0.2164,-10366115,9814889,551226,
300441,鲍斯股份,7.09,1.1412,30250000.0,0.68,4569000000.0,4460000000.0,-553474,-1.8297,0,-553474,553474,
001218,丽臣实业,24.18,0.4153,40240000.0,1.39,3246000000.0,2895000000.0,-559951,-1.3915,-585280,25329,559951,
300065,海兰信,16.07,2.7494,490070000.0,4.68,11595000000.0,10553000000.0,-561749,-0.1146,1458682,-2020431,561749,
603866,桃李面包,4.16,0.0,61500000.0,0.92,6655000000.0,6655000000.0,-562512,-0.9147,0,-562512,562512,
300118,东方日升,9.3,1.197,170210000.0,1.99,10602000000.0,8617000000.0,-563179,-0.3309,2949358,-3512537,563179,
603095,越剑智能,14.59,1.6725,67940000.0,1.8,3768000000.0,3768000000.0,-566039,-0.8331,0,-566039,566039,
300288,朗玛信息,9.76,2.8451,38700000.0,1.55,3298000000.0,2516000000.0,-568366,-1.4686,0,-568366,568366,
605098,行动教育,53.24,-0.8751,56010000.0,0.88,6349000000.0,6349000000.0,-573785,-1.0244,-202238,-371547,573785,
300462,ST华铭,11.2,-0.4444,6920000.0,0.45,2030000000.0,1546000000.0,-584010,-8.4395,0,-584010,584010,
600750,华润江中,22.31,0.3147,69990000.0,0.5,14180000000.0,14029000000.0,-586372,-0.8378,-547820,-38552,586372,
300031,宝通科技,21.29,0.094,193950000.0,2.53,8915000000.0,7634000000.0,-593013,-0.3058,-1571694,978681,593013,
601388,怡球资源,3.25,0.3086,67390000.0,0.94,7154000000.0,7154000000.0,-593464,-0.8806,413887,-1007351,593464,
688163,赛伦生物,36.96,2.4958,39080000.0,0.98,4000000000.0,4000000000.0,-593698,-1.5192,1117017,-1710715,593698,
688701,卓锦股份,8.63,0.2323,13430000.0,1.15,1159000000.0,1159000000.0,-594325,-4.4254,0,-594325,594325,
603949,雪龙集团,14.08,1.5141,23520000.0,0.79,2967000000.0,2960000000.0,-600263,-2.5521,0,-600263,600263,
600128,苏豪弘业,8.56,3.5067,29160000.0,1.4,2155000000.0,2112000000.0,-600599,-2.0597,0,-600599,600599,
603798,康普顿,13.67,4.9923,78350000.0,2.25,3506000000.0,3506000000.0,-601438,-0.7676,-1903289,1301851,601438,
688282,理工导航,53.95,0.653,26810000.0,0.56,4807000000.0,4807000000.0,-602125,-2.2459,0,-602125,602125,
000419,通程控股,5.09,2.2088,25550000.0,0.93,2767000000.0,2767000000.0,-602269,-2.3572,0,-602269,602269,
002398,垒知集团,4.24,1.6787,49980000.0,1.98,2918000000.0,2543000000.0,-604153,-1.2088,3163628,-3767781,604153,
603527,众源新材,10.13,2.22,74500000.0,2.34,3211000000.0,3211000000.0,-604300,-0.8111,-1051308,447008,604300,
300838,浙江力诺,14.24,2.0057,25900000.0,1.8,1965000000.0,1450000000.0,-608979,-2.3513,0,-608979,608979,
688682,霍莱沃,31.23,2.8995,31360000.0,0.99,3180000000.0,3180000000.0,-609887,-1.9448,0,-609887,609887,
688816,易思维,48.17,-0.0415,17480000.0,1.77,4817000000.0,989000000.0,-610654,-3.4934,0,-610654,610654,
300412,迦南科技,4.49,3.4562,41200000.0,1.98,2235000000.0,2101000000.0,-615375,-1.4936,1320000,-1935375,615375,
002727,一心堂,11.07,2.1218,74110000.0,1.7,6483000000.0,4400000000.0,-626589,-0.8455,3221066,-3847655,626589,
000503,国新健康,6.89,2.8358,77350000.0,1.15,6747000000.0,6747000000.0,-631110,-0.8159,13772,-644882,631110,
605050,福然德,10.17,0.0984,12180000.0,0.24,5012000000.0,5012000000.0,-633953,-5.2049,0,-633953,633953,
601798,蓝科高新,7.64,2.5503,24030000.0,0.9,2709000000.0,2709000000.0,-635336,-2.6439,0,-635336,635336,
601566,九牧王,9.2,1.9956,168930000.0,3.21,5287000000.0,5287000000.0,-641282,-0.3796,-3106932,2465650,641282,
603790,雅运股份,24.93,1.5892,79000000.0,1.68,4771000000.0,4771000000.0,-641783,-0.8124,-1939548,1297765,641783,
688778,厦钨新能,43.6,-3.5825,309860000.0,1.4,22005000000.0,22005000000.0,-644244,-0.2079,3392659,-4036903,644244,
605099,共创草坪,28.9,0.6969,29060000.0,0.25,11637000000.0,11621000000.0,-649184,-2.2339,0,-649184,649184,
603939,益丰药房,22.15,-2.7656,182770000.0,0.67,26854000000.0,26854000000.0,-652916,-0.3572,410646,-1063562,652916,
003012,东鹏控股,4.62,1.9868,38600000.0,0.74,5345000000.0,5242000000.0,-653064,-1.6919,0,-653064,653064,
600858,银座股份,5.06,2.0161,35670000.0,1.37,2632000000.0,2619000000.0,-656718,-1.8411,0,-656718,656718,
000159,国际实业,5.52,1.6575,44360000.0,1.68,2653000000.0,2653000000.0,-664849,-1.4988,-871385,206536,664849,
688616,西力科技,10.85,2.8436,21260000.0,1.1,1946000000.0,1946000000.0,-666703,-3.136,0,-666703,666703,
600071,凤凰光学,16.79,2.129,43510000.0,0.92,4728000000.0,4728000000.0,-673005,-1.5468,0,-673005,673005,
002700,万憬能源,6.5,2.2013,28020000.0,1.06,2689000000.0,2661000000.0,-674410,-2.4069,0,-674410,674410,
301252,同星科技,39.42,6.8872,235790000.0,4.44,6671000000.0,5350000000.0,-678938,-0.2879,8313001,-8991939,678938,
603508,思维列控,21.05,0.1427,41700000.0,0.52,8026000000.0,8026000000.0,-679039,-1.6284,1048670,-1727709,679039,
603326,我乐家居,7.48,3.7448,27730000.0,1.17,2387000000.0,2387000000.0,-687264,-2.4784,0,-687264,687264,
688087,英科再生,33.63,1.1124,46360000.0,0.74,6495000000.0,6308000000.0,-703938,-1.5184,0,-703938,703938,
002867,周大生,10.33,0.0,64360000.0,0.58,11213000000.0,11148000000.0,-704960,-1.0953,-1016833,311873,704960,
300080,易成新能,3.75,0.5362,42530000.0,0.6,7025000000.0,7024000000.0,-708848,-1.6667,1127999,-1836847,708848,
301336,趣睡科技,44.45,-0.3587,73990000.0,4.12,2307000000.0,1785000000.0,-710371,-0.9601,4279017,-4989388,710371,
603406,天富龙,28.09,1.5913,53740000.0,3.28,11236000000.0,1649000000.0,-711095,-1.3232,-134262,-576833,711095,
301260,格力博,11.94,2.6655,27590000.0,1.13,5774000000.0,2454000000.0,-714660,-2.5903,0,-714660,714660,
688273,麦澜德,29.5,2.6087,27580000.0,0.94,2950000000.0,2950000000.0,-720382,-2.612,0,-720382,720382,
603569,长久物流,5.82,1.5707,13410000.0,0.38,3512000000.0,3512000000.0,-722034,-5.3843,0,-722034,722034,
688556,高测股份,7.88,1.0256,116840000.0,1.78,6546000000.0,6546000000.0,-722998,-0.6188,0,-722998,722998,
300785,值得买,34.29,0.7048,146320000.0,3.29,6819000000.0,4461000000.0,-723606,-0.4945,2626481,-3350087,723606,
688247,宣泰医药,9.96,7.6757,101020000.0,2.29,4515000000.0,4515000000.0,-724694,-0.7174,0,-724694,724694,
002238,天威视讯,6.33,1.28,36910000.0,0.73,5080000000.0,5080000000.0,-726775,-1.969,0,-726775,726775,
601156,东航物流,18.09,0.0553,108070000.0,0.63,28719000000.0,17088000000.0,-728247,-0.6739,3472729,-4200976,728247,
603458,勘设股份,10.91,1.3941,103880000.0,3.11,3340000000.0,3340000000.0,-728442,-0.7012,1340789,-2069231,728442,
300810,中科海讯,25.7,2.6358,72270000.0,2.49,3034000000.0,2930000000.0,-730221,-1.0104,0,-730221,730221,
002052,同洲电子,8.56,2.0262,52980000.0,0.9,6441000000.0,5901000000.0,-730639,-1.3791,-2137857,1407218,730639,
300127,银河磁体,24.34,1.2901,70330000.0,1.24,7865000000.0,5662000000.0,-734274,-1.044,640622,-1374896,734274,
603329,上海雅仕,10.18,3.1408,35470000.0,1.69,2546000000.0,2101000000.0,-736599,-2.0767,0,-736599,736599,
688420,美腾科技,22.97,7.4369,29990000.0,1.52,2031000000.0,2031000000.0,-737733,-2.4599,0,-737733,737733,
300415,伊之密,18.94,0.2647,55290000.0,0.64,8875000000.0,8607000000.0,-737751,-1.3343,0,-737751,737751,
600084,*ST尼雅,4.41,0.9153,8860000.0,0.18,4956000000.0,4956000000.0,-738117,-8.3309,0,-738117,738117,
603768,常青股份,11.48,1.2346,19010000.0,0.7,2732000000.0,2732000000.0,-741125,-3.8986,-2278867,1537742,741125,
002658,雪迪龙,7.44,1.087,26710000.0,1.0,4730000000.0,2668000000.0,-742311,-2.7792,0,-742311,742311,
603218,日月股份,9.42,0.641,68920000.0,0.71,9701000000.0,9693000000.0,-753350,-1.0931,-1058556,305206,753350,
600192,长城电工,7.8,2.0942,141240000.0,4.13,3446000000.0,3446000000.0,-755540,-0.5349,2614714,-3370254,755540,
603365,水星家纺,16.24,0.5573,16920000.0,0.4,4263000000.0,4241000000.0,-755691,-4.4663,0,-755691,755691,
605199,ST葫芦娃,5.86,1.5598,5900000.0,0.25,2345000000.0,2345000000.0,-760495,-12.8897,0,-760495,760495,
688317,之江生物,17.13,3.9442,40930000.0,1.27,3252000000.0,3252000000.0,-761818,-1.8613,-83445,-678373,761818,
300329,海伦钢琴,12.05,0.5004,19770000.0,0.65,3047000000.0,3036000000.0,-762056,-3.8546,0,-762056,762056,
300635,中达安,11.95,1.9625,49890000.0,3.49,1673000000.0,1438000000.0,-764042,-1.5315,3135607,-3899649,764042,
600609,金杯汽车,3.74,4.1783,430050000.0,8.75,4879000000.0,4879000000.0,-764628,-0.1778,-5562922,4798294,764628,
301049,超越科技,20.1,1.5664,24300000.0,3.39,1894000000.0,723000000.0,-765240,-3.1491,0,-765240,765240,
601598,中国外运,6.48,0.1546,68490000.0,0.2,46486000000.0,33420000000.0,-769724,-1.1238,-79266,-690458,769724,
301359,东南电子,18.8,2.2851,26680000.0,2.0,2259000000.0,1338000000.0,-771465,-2.8915,-1021566,250101,771465,
603053,成都燃气,8.81,1.0321,19760000.0,0.25,7831000000.0,7831000000.0,-771935,-3.9066,-1000804,228869,771935,
603350,安乃达,28.15,1.698,17630000.0,1.42,3279000000.0,1242000000.0,-779202,-4.4198,-1027847,248645,779202,
301092,争光股份,45.38,2.2533,107340000.0,3.91,6105000000.0,2767000000.0,-781416,-0.728,-3087687,2306271,781416,
605567,春雪食品,9.35,3.5437,39130000.0,2.13,1861000000.0,1861000000.0,-788664,-2.0155,0,-788664,788664,
002561,徐家汇,7.55,2.027,76680000.0,2.47,3139000000.0,3129000000.0,-794824,-1.0365,-245476,-549348,794824,
603023,威帝股份,4.12,0.7335,56420000.0,2.44,2299000000.0,2299000000.0,-807786,-1.4317,1527052,-2334838,807786,
688275,万润新能,70.39,-1.2763,160780000.0,1.84,8877000000.0,8733000000.0,-809432,-0.5034,-5011032,4201600,809432,
301446,福事特,40.18,7.1467,90920000.0,7.29,4179000000.0,1277000000.0,-814716,-0.8961,-6224858,5410142,814716,
600774,汉商集团,7.94,5.8667,43220000.0,1.91,2295000000.0,2294000000.0,-814745,-1.8851,0,-814745,814745,
000637,茂化实华,4.22,2.6764,38690000.0,2.53,2194000000.0,1539000000.0,-817291,-2.1124,1117273,-1934564,817291,
600624,ST复华,4.77,4.3764,26770000.0,0.84,3240000000.0,3240000000.0,-817718,-3.0546,-22280,-795438,817718,
603310,巍华新材,14.93,0.6743,19900000.0,0.69,5156000000.0,2897000000.0,-817808,-4.1096,0,-817808,817808,
002928,华夏航空,6.51,0.774,132920000.0,1.59,8321000000.0,8321000000.0,-823133,-0.6193,3846658,-4669791,823133,
002835,同为股份,13.0,0.6192,22070000.0,1.33,2853000000.0,1657000000.0,-824993,-3.7381,0,-824993,824993,
605333,沪光股份,16.53,0.9158,35830000.0,0.47,7671000000.0,7671000000.0,-829423,-2.3149,0,-829423,829423,
600854,春兰股份,4.71,2.1692,25440000.0,1.05,2447000000.0,2447000000.0,-830410,-3.2642,0,-830410,830410,
000599,青岛双星,4.58,1.5521,49710000.0,1.34,11189000000.0,3741000000.0,-834569,-1.6789,-1086499,251930,834569,
000860,顺鑫农业,10.67,4.7105,161010000.0,2.06,7915000000.0,7915000000.0,-838975,-0.5211,1973919,-2812894,838975,
603282,亚光股份,16.78,3.9653,28840000.0,1.3,2245000000.0,2245000000.0,-845586,-2.932,0,-845586,845586,
301001,凯淳股份,25.13,1.0861,26350000.0,2.14,2010000000.0,1232000000.0,-846989,-3.2144,0,-846989,846989,
300669,沪宁股份,23.11,2.3472,101250000.0,2.32,4453000000.0,4218000000.0,-847379,-0.8369,-2749146,1901767,847379,
605388,均瑶健康,6.07,3.7607,39360000.0,1.09,3645000000.0,3645000000.0,-851646,-2.1637,0,-851646,851646,
002566,益盛药业,7.17,3.0172,40160000.0,2.43,2373000000.0,1664000000.0,-851694,-2.1208,0,-851694,851694,
002932,*ST明德,15.31,0.0,14750000.0,0.62,3560000000.0,2390000000.0,-855303,-5.7987,0,-855303,855303,
600692,亚通股份,6.59,3.4537,41560000.0,2.51,2318000000.0,1681000000.0,-855611,-2.0587,1672592,-2528203,855611,
002679,福建金森,11.07,1.3736,145030000.0,5.59,2610000000.0,2610000000.0,-856325,-0.5904,6328099,-7184424,856325,
300334,津膜科技,8.64,-1.1442,47850000.0,1.83,2610000000.0,2610000000.0,-856829,-1.7907,0,-856829,856829,
603352,至信股份,25.7,0.0,20360000.0,1.75,5825000000.0,1165000000.0,-857236,-4.2104,0,-857236,857236,
300188,国投智能,10.58,2.9183,122910000.0,1.37,9093000000.0,9051000000.0,-862705,-0.7019,2797353,-3660058,862705,
301229,纽泰格,11.7,2.4518,35320000.0,2.34,2127000000.0,1513000000.0,-864980,-2.449,0,-864980,864980,
300185,通裕重工,2.8,0.7194,159540000.0,1.49,11301000000.0,10770000000.0,-873477,-0.5475,0,-873477,873477,
000010,*ST美丽,1.6,1.2658,18400000.0,1.21,1839000000.0,1522000000.0,-873989,-4.7499,64982,-938971,873989,
603359,*ST东珠,2.31,0.4348,10890000.0,1.06,1030000000.0,1030000000.0,-874550,-8.0308,0,-874550,874550,
603739,蔚蓝生物,12.83,4.8203,69610000.0,2.17,3246000000.0,3246000000.0,-875093,-1.2571,-122370,-752723,875093,
605155,西大门,14.41,0.4181,22940000.0,0.85,2745000000.0,2701000000.0,-875550,-3.8167,0,-875550,875550,
000985,大庆华科,17.57,2.5088,26400000.0,1.17,2278000000.0,2278000000.0,-882184,-3.3416,0,-882184,882184,
000663,永安林业,6.08,2.1849,31700000.0,1.71,2047000000.0,1862000000.0,-882485,-2.7839,-86976,-795509,882485,
301283,聚胶股份,25.97,1.2871,26710000.0,1.13,3018000000.0,2373000000.0,-889003,-3.3284,-2018203,1129200,889003,
605298,必得科技,44.11,-0.2036,23520000.0,0.28,8286000000.0,8216000000.0,-890576,-3.7865,1344000,-2234576,890576,
688071,华依科技,35.3,5.0908,136480000.0,4.62,2993000000.0,2993000000.0,-894439,-0.6554,-24069,-870370,894439,
300326,ST凯利,6.28,1.1272,28700000.0,0.64,4503000000.0,4501000000.0,-900273,-3.1368,0,-900273,900273,
002431,ST棕榈,1.36,0.7407,22420000.0,0.92,2451000000.0,2451000000.0,-900760,-4.0177,-1021917,121157,900760,
688075,安旭生物,29.69,2.4146,15890000.0,0.43,3773000000.0,3773000000.0,-904329,-5.6912,-1143581,239252,904329,
000506,招金黄金,18.69,0.592,658000000.0,3.8,17363000000.0,17358000000.0,-905802,-0.1377,-7294984,6389182,905802,
600302,ST标准,7.1,-0.9763,26800000.0,1.09,2457000000.0,2457000000.0,-912793,-3.4059,-1068000,155207,912793,
301397,溯联股份,23.55,1.3775,61440000.0,2.8,4761000000.0,2177000000.0,-913022,-1.486,1396015,-2309037,913022,
300455,航天智装,17.32,0.464,89270000.0,0.73,12432000000.0,12240000000.0,-917298,-1.0276,-592986,-324312,917298,
300103,达刚控股,8.08,5.7592,101000000.0,3.98,2566000000.0,2564000000.0,-918061,-0.909,-2108409,1190348,918061,
688085,三友医疗,12.8,2.6464,30910000.0,0.69,4695000000.0,4488000000.0,-921935,-2.9826,0,-921935,921935,
600463,空港股份,8.27,4.2875,34710000.0,1.42,2481000000.0,2481000000.0,-922626,-2.6581,0,-922626,922626,
603006,联明股份,10.73,0.8459,27350000.0,1.01,2728000000.0,2728000000.0,-926474,-3.3875,0,-926474,926474,
603069,海汽集团,13.97,2.2694,92500000.0,2.13,4415000000.0,4415000000.0,-930632,-1.0061,-1081768,151136,930632,
605005,合兴股份,16.43,0.4279,17430000.0,0.27,6588000000.0,6588000000.0,-931841,-5.3462,0,-931841,931841,
300884,狄耐克,12.21,0.8258,39850000.0,1.7,3100000000.0,2337000000.0,-933187,-2.3417,0,-933187,933187,
600778,友好集团,5.95,3.1196,83560000.0,4.55,1853000000.0,1852000000.0,-933394,-1.117,1200931,-2134325,933394,
603711,香飘飘,11.92,2.4055,41990000.0,0.86,4921000000.0,4921000000.0,-933455,-2.223,0,-933455,933455,
001333,光华股份,19.58,2.4594,26600000.0,1.84,2506000000.0,1449000000.0,-943874,-3.5484,-136430,-807444,943874,
300851,交大思诺,23.88,2.226,22220000.0,1.65,2076000000.0,1353000000.0,-944709,-4.2516,0,-944709,944709,
603729,ST龙韵,12.7,0.8737,11160000.0,0.96,1170000000.0,1170000000.0,-944852,-8.4664,0,-944852,944852,
688307,中润光学,48.44,-0.5339,162510000.0,2.67,6058000000.0,6058000000.0,-946905,-0.5827,-2407285,1460380,946905,
002338,奥普光电,42.6,-0.3276,150450000.0,1.47,10224000000.0,10224000000.0,-949881,-0.6314,1210302,-2160183,949881,
000809,和展能源,3.52,-1.4006,72000000.0,2.48,2903000000.0,2903000000.0,-954140,-1.3252,1806224,-2760364,954140,
301020,密封科技,22.01,3.8208,65180000.0,2.03,3222000000.0,3222000000.0,-955086,-1.4653,0,-955086,955086,
688096,京源环保,7.61,0.2635,55560000.0,3.14,1779000000.0,1779000000.0,-955196,-1.7192,0,-955196,955196,
603908,牧高笛,18.95,2.71,23380000.0,1.34,1765000000.0,1765000000.0,-959648,-4.1046,0,-959648,959648,
603409,汇通控股,17.98,1.3529,22290000.0,2.31,3376000000.0,969000000.0,-961960,-4.3157,-972240,10280,961960,
001328,登康口腔,30.26,0.934,22050000.0,0.45,5210000000.0,4894000000.0,-970064,-4.3994,0,-970064,970064,
301159,三维天地,32.28,4.4322,63160000.0,3.76,2497000000.0,1711000000.0,-971301,-1.5378,-2414125,1442824,971301,
600771,广誉远,13.96,1.7493,114170000.0,1.68,6833000000.0,6833000000.0,-973350,-0.8525,-4342489,3369139,973350,
301077,星华新材,22.28,0.8145,48810000.0,2.3,3793000000.0,2129000000.0,-978487,-2.0047,1449689,-2428176,978487,
603012,创力集团,9.19,1.4349,108910000.0,1.84,5941000000.0,5941000000.0,-984539,-0.904,146579,-1131118,984539,
603533,掌阅科技,23.5,1.1623,532330000.0,5.17,10314000000.0,10314000000.0,-997417,-0.1874,-1920458,923041,997417,
603122,合富中国,13.98,2.4927,967860000.0,17.46,5565000000.0,5565000000.0,-1003439,-0.1037,-19193583,18190144,1003439,
300460,ST惠伦,8.81,0.1136,22650000.0,0.91,2474000000.0,2474000000.0,-1004748,-4.436,-101200,-903548,1004748,
688639,华恒生物,18.2,6.8075,183270000.0,4.08,4552000000.0,4552000000.0,-1015639,-0.5542,36446,-1052085,1015639,
601969,海南矿业,9.4,1.4024,101720000.0,0.55,18654000000.0,18541000000.0,-1024461,-1.0071,1181896,-2206357,1024461,
002021,中捷资源,2.68,1.5152,60670000.0,1.9,3204000000.0,3204000000.0,-1028081,-1.6945,-1113840,85759,1028081,
688472,阿特斯,8.66,0.6977,252480000.0,0.8,31550000000.0,31550000000.0,-1028540,-0.4074,0,-1028540,1028540,
002267,陕天然气,7.19,0.9831,38520000.0,0.48,7996000000.0,7996000000.0,-1031396,-2.6776,2262248,-3293644,1031396,
002852,道道全,8.29,1.8428,74250000.0,3.17,2851000000.0,2369000000.0,-1039948,-1.4006,-1279369,239421,1039948,
301097,天益医疗,34.84,3.5056,22920000.0,1.67,2843000000.0,1379000000.0,-1043284,-4.5518,0,-1043284,1043284,
002590,万安科技,9.74,1.0373,54220000.0,1.13,5056000000.0,4815000000.0,-1043695,-1.9249,-1048458,4763,1043695,
300194,福安药业,3.99,5.5556,124960000.0,3.28,4747000000.0,3864000000.0,-1050424,-0.8406,4414962,-5465386,1050424,
600167,联美控股,5.66,-0.8757,31980000.0,0.25,12808000000.0,12808000000.0,-1053230,-3.2934,0,-1053230,1053230,
600512,腾达建设,2.09,1.4563,50440000.0,1.52,3318000000.0,3318000000.0,-1056610,-2.0948,-3120000,2063390,1056610,
605186,健麾信息,26.1,2.3931,43690000.0,1.24,3550000000.0,3550000000.0,-1058892,-2.4236,238990,-1297882,1058892,
003023,彩虹集团,25.65,0.5094,40180000.0,1.48,2702000000.0,2696000000.0,-1059860,-2.6378,0,-1059860,1059860,
688345,博力威,49.78,-1.2106,49020000.0,0.97,5071000000.0,5047000000.0,-1061685,-2.1658,1033294,-2094979,1061685,
603909,建发合诚,9.73,1.2487,19510000.0,0.77,2536000000.0,2536000000.0,-1067532,-5.4717,-1489764,422232,1067532,
301166,优宁维,31.0,5.802,104270000.0,6.01,2671000000.0,1749000000.0,-1067561,-1.0238,162922,-1230483,1067561,
300905,宝丽迪,38.76,0.7277,364210000.0,6.77,6939000000.0,5400000000.0,-1074283,-0.295,-2770890,1696607,1074283,
600775,南京熊猫,9.95,2.261,143500000.0,2.15,9093000000.0,6685000000.0,-1074456,-0.7487,76676,-1151132,1074456,
300087,ST荃银,5.78,1.2259,63010000.0,1.23,5476000000.0,5143000000.0,-1075809,-1.7074,584446,-1660255,1075809,
603029,天鹅股份,16.73,1.5786,38790000.0,1.91,2030000000.0,2030000000.0,-1077941,-2.7789,0,-1077941,1077941,
605287,德才股份,35.84,0.3922,61480000.0,1.23,5018000000.0,5018000000.0,-1078817,-1.7547,-989163,-89654,1078817,
300931,通用电梯,16.3,-3.2641,172980000.0,5.36,3964000000.0,3185000000.0,-1079014,-0.6238,6511670,-7590684,1079014,
603579,荣泰健康,17.57,3.2315,60880000.0,1.73,3532000000.0,3532000000.0,-1080063,-1.7741,-1015588,-64475,1080063,
603089,正裕工业,9.65,1.686,37750000.0,1.43,2661000000.0,2661000000.0,-1082934,-2.8687,0,-1082934,1082934,
002685,华东重机,5.74,1.4134,429870000.0,7.55,5784000000.0,5784000000.0,-1086283,-0.2527,-6457180,5370897,1086283,
301116,益客食品,9.21,2.7902,39580000.0,0.96,4135000000.0,4135000000.0,-1095752,-2.7684,1502807,-2598559,1095752,
002476,新叶股份,5.01,3.0864,44810000.0,1.48,3066000000.0,3066000000.0,-1099360,-2.4534,0,-1099360,1099360,
600137,浪莎股份,17.65,2.5567,20810000.0,1.22,1716000000.0,1716000000.0,-1099895,-5.2854,0,-1099895,1099895,
605500,森林包装,7.55,2.4423,25550000.0,0.82,3129000000.0,3129000000.0,-1103451,-4.3188,0,-1103451,1103451,
000514,渝开发,4.4,4.7619,81280000.0,2.23,3713000000.0,3713000000.0,-1103762,-1.358,4158647,-5262409,1103762,
301137,哈焊华通,32.0,0.3135,71680000.0,1.23,5818000000.0,5818000000.0,-1105848,-1.5428,-1329574,223726,1105848,
600480,凌云股份,7.8,1.1673,90280000.0,0.95,9533000000.0,9463000000.0,-1107282,-1.2265,-719716,-387566,1107282,
300430,*ST益通,4.93,1.8595,69670000.0,5.49,1346000000.0,1281000000.0,-1108223,-1.5907,1198540,-2306763,1108223,
603536,惠发食品,9.99,1.8349,43060000.0,1.8,2403000000.0,2403000000.0,-1108636,-2.5746,0,-1108636,1108636,
605222,起帆电缆,22.71,1.4292,177780000.0,1.89,9377000000.0,9377000000.0,-1116680,-0.6281,4156893,-5273573,1116680,
300994,久祺股份,11.14,2.2018,20280000.0,1.55,2597000000.0,1319000000.0,-1118536,-5.5155,0,-1118536,1118536,
301169,零点有数,53.86,-2.7447,94100000.0,2.43,3880000000.0,3878000000.0,-1119236,-1.1894,-719179,-400057,1119236,
688429,时创能源,9.74,1.6701,10420000.0,0.27,3896000000.0,3896000000.0,-1130087,-10.8454,0,-1130087,1130087,
688631,莱斯信息,37.8,1.0155,25130000.0,0.41,6179000000.0,6179000000.0,-1134926,-4.5162,0,-1134926,1134926,
301187,欧圣电气,15.32,3.165,94390000.0,2.44,3906000000.0,3906000000.0,-1140613,-1.2084,2619477,-3760090,1140613,
301158,德石股份,14.53,2.7581,61690000.0,2.25,2834000000.0,2763000000.0,-1144300,-1.8549,1661932,-2806232,1144300,
603273,天元智能,14.74,2.2901,28690000.0,3.49,3175000000.0,826000000.0,-1145529,-3.9928,-1314133,168604,1145529,
603880,南卫股份,9.27,4.3919,173190000.0,6.66,2679000000.0,2679000000.0,-1145712,-0.6615,2032799,-3178511,1145712,
002853,皮阿诺,22.06,0.8227,18830000.0,0.67,4035000000.0,2839000000.0,-1146641,-6.0894,0,-1146641,1146641,
600470,六国化工,5.84,2.6362,106820000.0,3.54,3046000000.0,3046000000.0,-1147660,-1.0744,0,-1147660,1147660,
000880,潍柴重机,26.17,-1.9115,634490000.0,10.69,12139000000.0,5941000000.0,-1148343,-0.181,-8775155,7626812,1148343,
603321,梅轮电梯,7.58,5.571,138650000.0,5.42,2638000000.0,2612000000.0,-1154733,-0.8328,3550170,-4704903,1154733,
603190,亚通精工,16.14,2.6065,35100000.0,1.31,2814000000.0,2712000000.0,-1158959,-3.3019,0,-1158959,1158959,
002939,长城证券,7.9,0.6369,148230000.0,0.52,31872000000.0,28461000000.0,-1163941,-0.7852,3371539,-4535480,1163941,
603097,江苏华辰,18.5,0.0,19940000.0,0.48,4254000000.0,4157000000.0,-1167150,-5.8533,0,-1167150,1167150,
002576,通达动力,14.42,1.7643,25810000.0,1.11,2381000000.0,2336000000.0,-1168350,-4.5267,0,-1168350,1168350,
605086,龙高股份,23.81,0.2949,20130000.0,0.47,4267000000.0,4267000000.0,-1170830,-5.8163,-85686,-1085144,1170830,
300722,新余国科,22.23,1.7391,58400000.0,0.95,6152000000.0,6152000000.0,-1172955,-2.0085,181630,-1354585,1172955,
300138,晨光生物,11.28,2.6388,69510000.0,1.57,5449000000.0,4493000000.0,-1178070,-1.6948,-1298350,120280,1178070,
603811,诚意药业,7.02,3.6928,52200000.0,1.64,3217000000.0,3217000000.0,-1180970,-2.2624,918802,-2099772,1180970,
605001,威奥股份,5.79,2.1164,33090000.0,1.46,2275000000.0,2275000000.0,-1183076,-3.5753,1199502,-2382578,1183076,
002682,龙洲股份,5.18,1.5686,84530000.0,2.91,2913000000.0,2913000000.0,-1183141,-1.3997,1178760,-2361901,1183141,
300579,数字认证,23.72,4.0351,152660000.0,2.47,6404000000.0,6234000000.0,-1192829,-0.7814,3529811,-4722640,1192829,
603192,汇得科技,20.57,2.0337,47240000.0,1.39,3437000000.0,3400000000.0,-1193120,-2.5257,-2063839,870719,1193120,
603758,秦安股份,11.05,3.1746,102720000.0,2.15,4786000000.0,4786000000.0,-1197030,-1.1653,5541065,-6738095,1197030,
603602,纵横通信,11.55,1.7621,27620000.0,1.04,2669000000.0,2669000000.0,-1199027,-4.3412,0,-1199027,1199027,
301559,中集环科,12.93,0.858,13100000.0,1.13,7758000000.0,1164000000.0,-1202452,-9.179,0,-1202452,1202452,
603665,康隆达,21.56,1.4111,46990000.0,1.36,3453000000.0,3453000000.0,-1202572,-2.5592,-833433,-369139,1202572,
301133,金钟股份,27.88,3.4892,91560000.0,2.95,3386000000.0,3098000000.0,-1203981,-1.315,-3247908,2043927,1203981,
300169,天晟新材,5.63,2.3636,33320000.0,1.98,1911000000.0,1699000000.0,-1206764,-3.6217,0,-1206764,1206764,
600756,浪潮软件,14.01,2.1137,91450000.0,2.03,4898000000.0,4541000000.0,-1208970,-1.322,-1026480,-182490,1208970,
002059,云南旅游,4.67,2.6374,363760000.0,8.0,4728000000.0,4625000000.0,-1214152,-0.3338,1976507,-3190659,1214152,
600284,浦东建设,5.14,1.3807,44610000.0,0.9,4987000000.0,4987000000.0,-1225273,-2.7466,2645743,-3871016,1225273,
300900,广联航空,23.66,0.3818,242470000.0,3.99,7754000000.0,6074000000.0,-1226890,-0.506,-7482188,6255298,1226890,
001872,招商港口,23.09,0.0,47590000.0,0.09,57313000000.0,53159000000.0,-1228999,-2.5825,-870234,-358765,1228999,
001369,双欣材料,12.7,2.008,124920000.0,4.75,14567000000.0,2635000000.0,-1230860,-0.9853,-1296300,65440,1230860,
300817,双飞集团,16.61,1.8394,25050000.0,1.2,3626000000.0,2095000000.0,-1231258,-4.9152,-584672,-646586,1231258,
603639,海利尔,10.44,1.2609,12720000.0,0.36,3650000000.0,3548000000.0,-1233709,-9.699,0,-1233709,1233709,
603216,梦天家居,20.68,2.6303,126610000.0,2.77,4605000000.0,4605000000.0,-1239899,-0.9793,919747,-2159646,1239899,
301667,纳百川,58.16,-0.8862,75130000.0,5.42,6495000000.0,1380000000.0,-1240017,-1.6505,773540,-2013557,1240017,
603808,歌力思,8.75,1.7442,21910000.0,0.69,3183000000.0,3183000000.0,-1244291,-5.6791,0,-1244291,1244291,
688219,会通股份,10.29,1.3793,41020000.0,0.73,5645000000.0,5645000000.0,-1246210,-3.0381,-966650,-279560,1246210,
002846,英联股份,11.76,-0.7595,234880000.0,7.43,4939000000.0,3192000000.0,-1248286,-0.5315,-1580083,331797,1248286,
600476,*ST湘邮,10.27,0.293,9130000.0,0.55,1654000000.0,1654000000.0,-1249451,-13.6851,0,-1249451,1249451,
300517,海波重科,11.87,0.1688,75700000.0,4.99,2379000000.0,1498000000.0,-1250363,-1.6517,-2735219,1484856,1250363,
300624,万兴科技,50.54,0.1189,328760000.0,3.79,9771000000.0,8654000000.0,-1254745,-0.3817,1166287,-2421032,1254745,
002168,ST惠程,3.66,0.5495,14770000.0,0.52,2870000000.0,2870000000.0,-1256701,-8.5085,-1086000,-170701,1256701,
001260,坤泰股份,18.44,2.1041,26090000.0,2.47,2121000000.0,1063000000.0,-1257026,-4.818,0,-1257026,1257026,
300908,仲景食品,17.12,1.9048,31880000.0,1.05,3624000000.0,3053000000.0,-1257620,-3.9449,1015070,-2272690,1257620,
603726,朗迪集团,24.3,0.4132,75310000.0,1.67,4509000000.0,4486000000.0,-1260724,-1.674,-5776511,4515787,1260724,
688626,翔宇医疗,41.28,4.0323,120740000.0,1.82,6605000000.0,6605000000.0,-1264502,-1.0473,2389761,-3654263,1264502,
300822,贝仕达克,11.47,0.4378,28040000.0,0.85,3573000000.0,3315000000.0,-1267251,-4.5194,0,-1267251,1267251,
603189,*ST网达,9.67,1.0449,14070000.0,0.54,2607000000.0,2607000000.0,-1275008,-9.0619,0,-1275008,1275008,
605151,西上海,18.52,1.7024,25970000.0,1.04,2492000000.0,2492000000.0,-1277065,-4.9175,0,-1277065,1277065,
603081,大丰实业,9.5,1.6043,30930000.0,0.77,4014000000.0,4014000000.0,-1277607,-4.1306,-1053800,-223807,1277607,
301058,中粮科工,8.79,1.6185,61770000.0,1.38,4578000000.0,4503000000.0,-1281592,-2.0748,0,-1281592,1281592,
300485,赛升药业,8.76,4.1617,63630000.0,2.67,4219000000.0,2399000000.0,-1283323,-2.0169,0,-1283323,1283323,
600557,康缘药业,12.42,2.8146,84930000.0,1.21,7032000000.0,7032000000.0,-1296468,-1.5265,-145929,-1150539,1296468,
001326,联域股份,94.71,1.8935,365860000.0,15.79,6933000000.0,2275000000.0,-1298206,-0.3548,13938407,-15236613,1298206,
601116,三江购物,10.47,4.491,179400000.0,3.18,5734000000.0,5734000000.0,-1298336,-0.7237,5825338,-7123674,1298336,
688489,三未信安,25.62,5.5624,71350000.0,1.67,4345000000.0,4311000000.0,-1299387,-1.8211,0,-1299387,1299387,
603677,奇精机械,14.41,1.7655,31270000.0,1.13,2775000000.0,2775000000.0,-1302303,-4.1647,0,-1302303,1302303,
603100,川仪股份,18.22,1.2222,49600000.0,0.53,9350000000.0,9320000000.0,-1303946,-2.6289,3606470,-4910416,1303946,
603617,君禾股份,6.83,2.2455,29800000.0,1.14,2662000000.0,2641000000.0,-1304252,-4.3767,0,-1304252,1304252,
002715,登云股份,13.23,0.9153,40930000.0,2.26,1826000000.0,1826000000.0,-1308862,-3.1978,0,-1308862,1308862,
301199,迈赫股份,18.25,0.4956,18510000.0,0.56,3407000000.0,3279000000.0,-1308909,-7.0714,-1225056,-83853,1308909,
688248,南网科技,51.45,-6.861,546120000.0,1.85,29054000000.0,29054000000.0,-1310300,-0.2399,-14710498,13400198,1310300,
300719,安达维尔,12.07,1.5139,37330000.0,1.73,3069000000.0,2168000000.0,-1311722,-3.5139,-430608,-881114,1311722,
601163,三角轮胎,12.48,0.7264,21410000.0,0.21,9984000000.0,9984000000.0,-1314740,-6.1408,1247000,-2561740,1314740,
000665,湖北广电,4.09,0.4914,54490000.0,1.17,4651000000.0,4651000000.0,-1318910,-2.4205,-3442856,2123946,1318910,
600191,华资实业,9.91,2.1649,128570000.0,2.71,4806000000.0,4806000000.0,-1318932,-1.0258,2574898,-3893830,1318932,
000639,ST西王,1.63,0.6173,54840000.0,3.13,1759000000.0,1759000000.0,-1324510,-2.4152,-3435919,2111409,1324510,
300805,电声股份,8.49,2.2892,52470000.0,2.07,3604000000.0,2549000000.0,-1328903,-2.5327,0,-1328903,1328903,
002218,拓日新能,4.32,0.4651,266170000.0,4.48,6084000000.0,5995000000.0,-1329515,-0.4995,3312125,-4641640,1329515,
300269,联建光电,4.73,2.1598,57710000.0,2.33,2587000000.0,2486000000.0,-1329850,-2.3044,0,-1329850,1329850,
002592,ST八菱,6.45,0.7813,10040000.0,0.59,1832000000.0,1696000000.0,-1333332,-13.2802,0,-1333332,1333332,
688607,康众科技,39.05,-1.7116,43140000.0,1.23,3441000000.0,3441000000.0,-1334579,-3.0936,-198015,-1136564,1334579,
600654,中安科,3.12,1.9608,202540000.0,2.83,8878000000.0,7230000000.0,-1342518,-0.6628,-4463473,3120955,1342518,
301309,万得凯,29.94,-0.7952,49770000.0,2.74,3010000000.0,1815000000.0,-1343071,-2.6986,1163420,-2506491,1343071,
600882,妙可蓝多,19.48,1.8828,58760000.0,0.6,9905000000.0,9905000000.0,-1345571,-2.2899,0,-1345571,1345571,
600423,*ST柳化,2.73,0.0,9910000.0,0.45,2180000000.0,2180000000.0,-1345726,-13.5795,0,-1345726,1345726,
301289,国缆检测,44.14,1.1689,22170000.0,0.65,3443000000.0,3421000000.0,-1347608,-6.0785,0,-1347608,1347608,
688022,ST瀚川,8.99,2.6256,19710000.0,1.27,1581000000.0,1581000000.0,-1347799,-6.8381,0,-1347799,1347799,
600970,中材国际,7.67,-0.3896,108170000.0,0.54,20109000000.0,20109000000.0,-1349641,-1.2477,-7489837,6140196,1349641,
603115,海星股份,89.58,-4.3766,881600000.0,3.99,21910000000.0,21910000000.0,-1351304,-0.1533,-1062505,-288799,1351304,
001319,铭科精技,22.34,1.3612,48550000.0,2.66,3159000000.0,1832000000.0,-1354813,-2.7906,0,-1354813,1354813,
000529,广弘控股,5.04,3.7037,26850000.0,0.95,2942000000.0,2872000000.0,-1360670,-5.0677,0,-1360670,1360670,
300962,中金辐照,13.05,1.7941,25050000.0,0.73,3445000000.0,3445000000.0,-1363902,-5.4447,0,-1363902,1363902,
603035,常熟汽饰,10.35,1.5702,31580000.0,0.84,3792000000.0,3792000000.0,-1371604,-4.3433,0,-1371604,1371604,
000567,海德股份,6.28,2.7823,132610000.0,1.1,12275000000.0,12247000000.0,-1377782,-1.039,-258511,-1119271,1377782,
000707,双环科技,4.54,2.2523,29640000.0,1.2,2655000000.0,2500000000.0,-1381232,-4.66,886,-1382118,1381232,
601808,中海油服,12.52,3.0453,201320000.0,0.55,59740000000.0,37065000000.0,-1382085,-0.6865,-446621,-935464,1382085,
688107,安路科技,30.33,-0.0659,157160000.0,1.28,13660000000.0,12158000000.0,-1382175,-0.8795,-985030,-397145,1382175,
600833,第一医药,10.9,4.4061,101440000.0,4.21,2432000000.0,2432000000.0,-1383657,-1.364,761618,-2145275,1383657,
600157,永泰能源,1.52,0.0,521660000.0,1.57,33163000000.0,33163000000.0,-1390549,-0.2666,-17334050,15943501,1390549,
300543,朗科智能,7.74,3.4759,44560000.0,2.32,2371000000.0,1937000000.0,-1391693,-3.1232,0,-1391693,1391693,
001236,弘业期货,8.14,3.8265,100850000.0,1.67,8203000000.0,6171000000.0,-1399559,-1.3878,-1860058,460499,1399559,
605122,四方新材,11.93,4.1012,34790000.0,1.71,2056000000.0,2056000000.0,-1404186,-4.0362,0,-1404186,1404186,
600818,ST中路,9.11,2.8217,42180000.0,1.96,2928000000.0,2168000000.0,-1404777,-3.3304,-84816,-1319961,1404777,
300712,永福股份,21.07,0.9583,45190000.0,1.15,3952000000.0,3935000000.0,-1409973,-3.1201,-3118625,1708652,1409973,
603280,南方路机,26.03,0.1925,23220000.0,0.82,2822000000.0,2822000000.0,-1413374,-6.0869,0,-1413374,1413374,
002942,新农股份,16.95,3.1649,72900000.0,3.14,2635000000.0,2352000000.0,-1413863,-1.9395,2031031,-3444894,1413863,
002479,富春环保,5.9,1.3746,66500000.0,1.31,5104000000.0,5092000000.0,-1414484,-2.127,-1825427,410943,1414484,
603429,*ST集友,8.85,2.7875,18600000.0,0.4,4642000000.0,4642000000.0,-1418431,-7.626,0,-1418431,1418431,
300904,威力传动,44.27,1.0731,109970000.0,7.17,3204000000.0,1531000000.0,-1418492,-1.2899,-44320,-1374172,1418492,
688162,巨一科技,24.74,1.6016,24710000.0,0.73,3392000000.0,3392000000.0,-1421262,-5.7518,-1210679,-210583,1421262,
603822,ST嘉澳,66.2,0.303,20000000.0,0.4,5086000000.0,5053000000.0,-1425101,-7.1255,1535688,-2960789,1425101,
002205,国统股份,10.68,3.1884,34290000.0,1.73,1985000000.0,1985000000.0,-1426243,-4.1594,0,-1426243,1426243,
600285,羚锐制药,19.12,0.0523,78740000.0,0.73,10843000000.0,10831000000.0,-1427141,-1.8125,0,-1427141,1427141,
002033,丽江股份,8.54,0.9456,121020000.0,2.59,4693000000.0,4693000000.0,-1430778,-1.1823,-320295,-1110483,1430778,
300150,世纪瑞尔,4.16,3.4826,29400000.0,1.54,2434000000.0,1929000000.0,-1431043,-4.8675,-1239000,-192043,1431043,
600312,平高电气,19.49,0.0,214800000.0,0.82,26446000000.0,26446000000.0,-1438164,-0.6695,-2961650,1523486,1438164,
000685,中山公用,10.95,0.3666,91640000.0,0.67,16072000000.0,13650000000.0,-1443580,-1.5753,-618346,-825234,1443580,
688130,晶华微,26.3,1.938,59530000.0,3.78,3179000000.0,1585000000.0,-1444500,-2.4265,269849,-1714349,1444500,
601177,杭齿前进,13.79,1.4717,56230000.0,1.02,5622000000.0,5549000000.0,-1445124,-2.57,0,-1445124,1445124,
603982,泉峰汽车,6.3,1.4493,30160000.0,1.41,2300000000.0,2139000000.0,-1446636,-4.7965,0,-1446636,1446636,
300101,振芯科技,14.06,0.6442,74950000.0,0.94,7985000000.0,7952000000.0,-1448386,-1.9325,1112490,-2560876,1448386,
601128,常熟银行,6.25,-0.319,207800000.0,0.91,22801000000.0,22801000000.0,-1456282,-0.7008,-15050155,13593873,1456282,
601107,四川成渝,5.93,-0.3361,34030000.0,0.27,18134000000.0,12825000000.0,-1456305,-4.2795,0,-1456305,1456305,
605366,宏柏新材,8.58,1.5385,144910000.0,2.19,6631000000.0,6631000000.0,-1464444,-1.0106,369181,-1833625,1464444,
301112,信邦智能,30.37,1.742,20740000.0,0.62,3349000000.0,3349000000.0,-1476164,-7.1175,0,-1476164,1476164,
300403,汉宇集团,8.73,0.8083,51560000.0,1.35,5264000000.0,3825000000.0,-1476537,-2.8637,1742000,-3218537,1476537,
301533,威马农机,29.39,2.0841,45030000.0,5.38,2889000000.0,839000000.0,-1479690,-3.286,641227,-2120917,1479690,
688198,佰仁医疗,74.2,2.1898,31780000.0,0.31,10221000000.0,10221000000.0,-1484066,-4.6698,-2245500,761434,1484066,
688322,奥比中光-W,91.14,-1.3423,495180000.0,1.68,37626000000.0,29189000000.0,-1484602,-0.2998,-1688618,204016,1484602,
002575,群兴玩具,5.19,0.7767,68070000.0,2.25,3200000000.0,3033000000.0,-1486559,-2.1839,-946931,-539628,1486559,
002495,佳隆股份,2.44,2.9536,47790000.0,2.85,2283000000.0,1693000000.0,-1495464,-3.1292,-1205000,-290464,1495464,
300867,圣元环保,18.16,2.0798,89150000.0,2.57,4935000000.0,3480000000.0,-1498650,-1.681,1662489,-3161139,1498650,
603071,物产环能,12.48,1.2987,25690000.0,0.37,6963000000.0,6963000000.0,-1502780,-5.8497,0,-1502780,1502780,
300061,旗天科技,6.91,0.1449,255160000.0,6.1,4554000000.0,4214000000.0,-1504136,-0.5895,-7823766,6319630,1504136,
002293,罗莱生活,10.86,-0.367,24060000.0,0.27,9095000000.0,9019000000.0,-1509022,-6.2719,0,-1509022,1509022,
300583,赛托生物,13.76,5.3599,62950000.0,2.5,2610000000.0,2561000000.0,-1510580,-2.3997,399339,-1909919,1510580,
300898,熊猫乳品,20.0,2.6694,42340000.0,1.86,2480000000.0,2295000000.0,-1513565,-3.5748,0,-1513565,1513565,
688586,江航装备,11.21,0.991,51250000.0,0.58,8871000000.0,8871000000.0,-1515687,-2.9574,1119000,-2634687,1515687,
600390,五矿资本,4.94,1.2295,144130000.0,0.65,22220000000.0,22220000000.0,-1515802,-1.0517,1709820,-3225622,1515802,
603041,美思德,11.29,3.7684,26550000.0,1.29,2068000000.0,2068000000.0,-1516160,-5.7106,0,-1516160,1516160,
688569,铁科轨道,18.5,0.4343,17810000.0,0.46,3897000000.0,3897000000.0,-1516602,-8.5155,0,-1516602,1516602,
605007,五洲特纸,15.18,0.5298,59050000.0,0.82,7222000000.0,7204000000.0,-1517300,-2.5695,0,-1517300,1517300,
002404,嘉欣丝绸,5.95,2.2337,47800000.0,1.78,3332000000.0,2712000000.0,-1517333,-3.1743,-1560802,43469,1517333,
603776,永安行,19.64,0.153,23980000.0,0.44,5514000000.0,5514000000.0,-1522482,-6.349,-1142466,-380016,1522482,
688039,当虹科技,33.63,0.2385,75360000.0,2.03,3720000000.0,3720000000.0,-1522976,-2.0209,-1376131,-146845,1522976,
001266,宏英智能,34.32,1.2091,48970000.0,2.46,3557000000.0,1996000000.0,-1530679,-3.1257,415708,-1946387,1530679,
300371,汇中股份,9.99,1.5244,32050000.0,2.3,2010000000.0,1399000000.0,-1530808,-4.7763,0,-1530808,1530808,
300983,尤安设计,39.56,2.3545,55490000.0,0.93,6836000000.0,6045000000.0,-1531624,-2.7602,-1160427,-371197,1531624,
301057,汇隆新材,23.49,11.6976,115090000.0,6.1,2748000000.0,1939000000.0,-1531999,-1.3311,113177,-1645176,1531999,
600706,曲江文旅,8.73,6.0753,147460000.0,6.74,2227000000.0,2218000000.0,-1539013,-1.0437,1303102,-2842115,1539013,
001219,青岛食品,12.7,1.8444,21030000.0,0.88,2476000000.0,2416000000.0,-1541470,-7.3299,0,-1541470,1541470,
688060,云涌科技,36.61,1.638,22870000.0,1.04,2204000000.0,2204000000.0,-1542528,-6.7448,0,-1542528,1542528,
300995,奇德新材,25.93,1.6863,32910000.0,2.09,2388000000.0,1575000000.0,-1543037,-4.6887,0,-1543037,1543037,
301106,骏成科技,19.79,4.0484,86190000.0,3.07,2829000000.0,2829000000.0,-1543820,-1.7912,-1343548,-200272,1543820,
002586,围海股份,3.75,-1.0554,34450000.0,0.84,4291000000.0,4078000000.0,-1543830,-4.4814,-4604626,3060796,1543830,
605318,法狮龙,77.95,-1.4165,66110000.0,0.67,9801000000.0,9801000000.0,-1545732,-2.3381,-2251277,705545,1545732,
300645,正元智慧,13.57,3.7462,59130000.0,3.15,1928000000.0,1891000000.0,-1549933,-2.6212,0,-1549933,1549933,
688669,聚石化学,68.1,-1.0174,156710000.0,1.9,8263000000.0,8263000000.0,-1552986,-0.991,1034800,-2587786,1552986,
002458,益生股份,8.45,0.7151,210030000.0,2.57,12094000000.0,8166000000.0,-1553355,-0.7396,5902154,-7455509,1553355,
603109,神驰机电,17.33,0.7558,36510000.0,1.01,3619000000.0,3619000000.0,-1558123,-4.2677,-318585,-1239538,1558123,
600467,好当家,2.49,4.1841,132270000.0,3.69,3638000000.0,3638000000.0,-1559226,-1.1788,-2676588,1117362,1559226,
002133,广宇集团,2.92,4.6595,56620000.0,2.57,2261000000.0,2248000000.0,-1560909,-2.7568,-611790,-949119,1560909,
600031,三一重工,17.76,-0.7267,1287270000.0,0.86,163303000000.0,150505000000.0,-1563517,-0.1215,24367507,-25931024,1563517,
688609,九联科技,9.63,0.8377,160340000.0,3.31,5026000000.0,4815000000.0,-1569182,-0.9787,0,-1569182,1569182,
002966,苏州银行,9.16,1.1038,248790000.0,0.62,40951000000.0,40265000000.0,-1572917,-0.6322,-8199968,6627051,1572917,
603320,迪贝电气,18.47,0.7088,34010000.0,1.23,2755000000.0,2755000000.0,-1573000,-4.6251,349704,-1922704,1573000,
688516,奥特维,44.54,-1.154,277830000.0,1.97,14019000000.0,14019000000.0,-1573954,-0.5665,-3296615,1722661,1573954,
603595,ST东尼,32.46,1.7555,55170000.0,0.73,7545000000.0,7545000000.0,-1576998,-2.8584,-892065,-684933,1576998,
002986,宇新股份,13.07,0.0766,62070000.0,1.59,4968000000.0,3945000000.0,-1577398,-2.5413,-1631998,54600,1577398,
605338,巴比食品,17.63,1.2636,30580000.0,0.73,4224000000.0,4224000000.0,-1594856,-5.2154,-1466080,-128776,1594856,
688618,三旺通信,30.25,2.6468,40290000.0,1.21,3329000000.0,3329000000.0,-1597666,-3.9654,0,-1597666,1597666,
002893,京能热力,10.4,0.6776,79850000.0,3.8,2742000000.0,2109000000.0,-1598414,-2.0018,2869819,-4468233,1598414,
601606,长城军工,33.25,1.4957,846170000.0,3.54,24081000000.0,24081000000.0,-1599039,-0.189,1184748,-2783787,1599039,
300682,朗新科技,9.06,2.027,138950000.0,1.49,9769000000.0,9367000000.0,-1604449,-1.1547,-1236128,-368321,1604449,
603131,上海沪工,14.03,1.0079,81320000.0,1.72,4727000000.0,4727000000.0,-1604964,-1.9736,-1128027,-476937,1604964,
002181,粤传媒,9.53,0.9534,550050000.0,5.08,11065000000.0,10812000000.0,-1612495,-0.2932,191101,-1803596,1612495,
301391,卡莱特,45.67,2.6292,66170000.0,1.57,4339000000.0,4240000000.0,-1614539,-2.44,-2443892,829353,1614539,
688739,成大生物,20.78,3.1778,47700000.0,0.56,8654000000.0,8654000000.0,-1614698,-3.3851,0,-1614698,1614698,
000605,渤海股份,5.93,2.5952,20970000.0,1.01,2091000000.0,2091000000.0,-1615618,-7.7044,0,-1615618,1615618,
603696,安记食品,14.39,2.9328,216710000.0,6.49,3385000000.0,3385000000.0,-1618333,-0.7468,-1628497,10164,1618333,
600708,光明地产,3.16,3.9474,98790000.0,1.43,7042000000.0,7032000000.0,-1618970,-1.6388,2947805,-4566775,1618970,
002790,瑞尔特,6.6,1.8519,218620000.0,12.84,2758000000.0,1721000000.0,-1619524,-0.7408,-842308,-777216,1619524,
688329,艾隆科技,21.85,0.1834,30480000.0,1.81,1687000000.0,1687000000.0,-1624699,-5.3304,0,-1624699,1624699,
002305,*ST南置,2.04,0.9901,40200000.0,1.15,3538000000.0,3538000000.0,-1628311,-4.0505,-17010,-1611301,1628311,
603381,永臻股份,14.88,1.5007,51560000.0,2.45,3530000000.0,2115000000.0,-1630975,-3.1633,-1040200,-590775,1630975,
688819,天能股份,20.8,0.4831,33330000.0,0.17,20220000000.0,20220000000.0,-1640862,-4.9231,0,-1640862,1640862,
002800,天顺股份,15.01,1.6249,30760000.0,1.41,2285000000.0,2197000000.0,-1642003,-5.3381,-1515885,-126118,1642003,
300337,银邦股份,9.44,0.4255,88690000.0,1.32,7759000000.0,6716000000.0,-1645038,-1.8548,1183152,-2828190,1645038,
300952,恒辉安防,16.83,5.3191,121780000.0,4.88,4061000000.0,2501000000.0,-1645725,-1.3514,-343490,-1302235,1645725,
600337,ST美克,3.18,2.2508,76100000.0,1.67,4570000000.0,4570000000.0,-1645894,-2.1628,-5422816,3776922,1645894,
301059,金三江,12.62,2.7687,34410000.0,1.33,2917000000.0,2607000000.0,-1651801,-4.8004,-324195,-1327606,1651801,
000717,中南股份,2.21,0.9132,44830000.0,0.84,5357000000.0,5356000000.0,-1654002,-3.6895,-2093407,439405,1654002,
688589,力合微,20.98,1.5981,71940000.0,2.38,3049000000.0,3049000000.0,-1654621,-2.3,-3260331,1605710,1654621,
002538,ST司特,6.73,0.2981,28060000.0,0.49,5744000000.0,5741000000.0,-1660809,-5.9188,28548,-1689357,1660809,
603787,新日股份,10.3,2.3857,23610000.0,1.0,2370000000.0,2370000000.0,-1664854,-7.0515,0,-1664854,1664854,
301449,天溯计量,41.38,0.0968,67030000.0,7.9,3778000000.0,850000000.0,-1666187,-2.4857,-1035255,-630932,1666187,
002832,比音勒芬,25.82,0.7413,111020000.0,1.11,14736000000.0,9991000000.0,-1666486,-1.5011,1900579,-3567065,1666486,
688562,航天软件,14.5,1.5406,30370000.0,0.52,5800000000.0,5800000000.0,-1668723,-5.4946,-1450000,-218723,1668723,
301193,家联科技,22.87,9.7409,252750000.0,6.2,5509000000.0,4212000000.0,-1677067,-0.6635,-8007347,6330280,1677067,
600182,S佳通,12.78,0.0783,14830000.0,0.68,4345000000.0,2173000000.0,-1677982,-11.3148,-2401192,723210,1677982,
688529,豪森智能,14.6,1.3889,22190000.0,0.9,2455000000.0,2455000000.0,-1685253,-7.5947,0,-1685253,1685253,
603968,醋化股份,10.54,2.2308,25830000.0,1.2,2155000000.0,2155000000.0,-1685459,-6.5252,0,-1685459,1685459,
301665,泰禾股份,22.61,0.8025,29110000.0,1.24,10175000000.0,2355000000.0,-1686088,-5.7921,-1852313,166225,1686088,
301600,慧翰股份,77.89,-0.2689,44030000.0,1.75,8141000000.0,2513000000.0,-1686364,-3.83,0,-1686364,1686364,
600123,兰花科创,7.31,5.0287,198710000.0,1.88,10769000000.0,10769000000.0,-1691316,-0.8511,9846321,-11537637,1691316,
300591,万里马,6.92,4.0602,160350000.0,6.68,2807000000.0,2425000000.0,-1693300,-1.056,-271041,-1422259,1693300,
600250,南京商旅,9.29,3.2222,102990000.0,3.58,2906000000.0,2906000000.0,-1694378,-1.6452,-1074612,-619766,1694378,
688089,ST嘉必优,8.7,2.7155,12310000.0,0.86,1447000000.0,1447000000.0,-1697996,-13.7936,0,-1697996,1697996,
301078,孩子王,7.01,0.8633,103790000.0,1.18,8865000000.0,8840000000.0,-1700132,-1.638,164159,-1864291,1700132,
688553,汇宇制药-W,12.32,11.0911,302430000.0,4.94,7711000000.0,6251000000.0,-1702560,-0.563,-3303811,1601251,1702560,
600101,明星电力,8.04,1.2594,88900000.0,2.03,4405000000.0,4405000000.0,-1703400,-1.9161,5206092,-6909492,1703400,
002688,金河生物,5.27,2.5292,52530000.0,1.34,4413000000.0,3959000000.0,-1704199,-3.2442,1501368,-3205567,1704199,
300653,正海生物,15.52,2.5099,30440000.0,1.09,2794000000.0,2794000000.0,-1717803,-5.6432,0,-1717803,1717803,
600241,时代万恒,7.3,2.0979,23010000.0,1.08,2148000000.0,2148000000.0,-1723205,-7.4889,0,-1723205,1723205,
688269,凯立新材,28.14,4.5708,88050000.0,2.4,3678000000.0,3678000000.0,-1731351,-1.9663,701120,-2432471,1731351,
603915,国茂股份,13.18,0.8416,66470000.0,0.77,8803000000.0,8654000000.0,-1732507,-2.6064,-488336,-1244171,1732507,
603387,基蛋生物,9.94,5.5202,180110000.0,3.61,5041000000.0,5041000000.0,-1754484,-0.9741,-1140792,-613692,1754484,
600232,金鹰股份,6.58,1.7002,26390000.0,1.1,2400000000.0,2400000000.0,-1756935,-6.6576,0,-1756935,1756935,
603165,荣晟环保,13.7,1.632,64920000.0,1.52,4284000000.0,4284000000.0,-1757384,-2.707,-406747,-1350637,1757384,
600369,西南证券,3.98,0.5051,105510000.0,0.4,26448000000.0,26448000000.0,-1760218,-1.6683,-4452948,2692730,1760218,
300508,维宏股份,39.18,-0.8101,71780000.0,2.2,4299000000.0,3244000000.0,-1780053,-2.4799,0,-1780053,1780053,
603886,元祖股份,12.46,2.8902,52470000.0,1.77,2990000000.0,2990000000.0,-1782181,-3.3966,107272,-1889453,1782181,
300894,火星人,10.47,0.3835,46080000.0,1.5,4240000000.0,3079000000.0,-1783943,-3.8714,0,-1783943,1783943,
300509,新美星,8.94,1.7065,33390000.0,1.52,2650000000.0,2209000000.0,-1784893,-5.3456,0,-1784893,1784893,
600138,中青旅,7.17,1.7021,54960000.0,1.07,5190000000.0,5190000000.0,-1788094,-3.2534,-1720498,-67596,1788094,
605100,华丰股份,34.1,0.8577,135900000.0,1.68,8151000000.0,8113000000.0,-1789269,-1.3166,702428,-2491697,1789269,
603176,汇通集团,5.34,2.8902,24220000.0,0.99,2516000000.0,2466000000.0,-1789411,-7.3882,0,-1789411,1789411,
000929,兰州黄河,9.18,1.6611,27990000.0,1.65,1705000000.0,1705000000.0,-1789485,-6.3933,-178876,-1610609,1789485,
002767,先锋电子,18.9,3.4483,93670000.0,3.88,2835000000.0,2462000000.0,-1790311,-1.9113,1109753,-2900064,1790311,
600215,派斯林,6.21,0.6483,26540000.0,0.93,2837000000.0,2837000000.0,-1792222,-6.7529,0,-1792222,1792222,
300396,ST迪瑞,7.17,1.8466,14690000.0,0.76,1955000000.0,1952000000.0,-1792443,-12.2018,0,-1792443,1792443,
600358,国旅联合,5.12,2.1956,25160000.0,0.98,5955000000.0,2585000000.0,-1800479,-7.1561,0,-1800479,1800479,
300167,ST迪威迅,3.74,1.0811,14070000.0,1.07,1557000000.0,1324000000.0,-1801100,-12.801,109662,-1910762,1801100,
300419,ST浩丰,7.55,0.1326,71380000.0,2.54,2777000000.0,2777000000.0,-1801220,-2.5234,3078230,-4879450,1801220,
002775,文科股份,3.33,2.7778,37160000.0,1.89,2190000000.0,1976000000.0,-1802747,-4.8513,0,-1802747,1802747,
002982,湘佳股份,12.58,2.1104,40540000.0,2.49,2556000000.0,1637000000.0,-1807536,-4.4586,31450,-1838986,1807536,
601366,利群股份,3.67,1.9444,27630000.0,0.79,3522000000.0,3522000000.0,-1812624,-6.5603,0,-1812624,1812624,
000795,英洛华,8.29,1.4688,87490000.0,0.95,9254000000.0,9254000000.0,-1813841,-2.0732,2769136,-4582977,1813841,
300527,ST应急,8.17,1.1139,50300000.0,0.61,8307000000.0,8307000000.0,-1821592,-3.6215,3154702,-4976294,1821592,
002189,中光学,19.41,0.3101,46780000.0,0.92,5070000000.0,5070000000.0,-1823468,-3.898,492811,-2316279,1823468,
001318,阳光乳业,11.78,3.3333,32670000.0,1.0,3330000000.0,3330000000.0,-1825156,-5.5866,0,-1825156,1825156,
300093,金刚光伏,22.35,0.4946,128040000.0,2.07,12359000000.0,6236000000.0,-1825182,-1.4255,-10987676,9162494,1825182,
002376,新北洋,6.72,2.439,68980000.0,1.31,5447000000.0,5292000000.0,-1825602,-2.6466,-561711,-1263891,1825602,
603922,ST金鸿顺,12.75,-0.9324,7840000.0,0.34,2285000000.0,2285000000.0,-1829143,-23.3309,0,-1829143,1829143,
600684,珠江股份,3.64,4.5977,70130000.0,2.3,4026000000.0,3107000000.0,-1832059,-2.6124,1729738,-3561797,1832059,
002062,宏润建设,9.67,1.3627,296420000.0,2.77,11964000000.0,10876000000.0,-1832113,-0.6181,2659811,-4491924,1832113,
601010,ST文峰,1.49,1.3605,19600000.0,0.73,2695000000.0,2695000000.0,-1835057,-9.3625,735000,-2570057,1835057,
300752,隆利科技,13.46,1.3554,136710000.0,4.55,4346000000.0,3005000000.0,-1835091,-1.3423,4587110,-6422201,1835091,
002224,三力士,3.8,2.1505,52830000.0,1.73,3428000000.0,3064000000.0,-1835483,-3.4743,-2615950,780467,1835483,
600052,东望时代,3.74,1.355,43160000.0,1.37,3157000000.0,3157000000.0,-1838176,-4.259,-1531885,-306291,1838176,
300295,*ST三六,11.9,-0.335,31320000.0,1.57,2256000000.0,1995000000.0,-1857354,-5.9302,-203132,-1654222,1857354,
688435,英方软件,30.34,2.1205,74990000.0,4.4,2533000000.0,1701000000.0,-1857620,-2.4772,2330376,-4187996,1857620,
600062,华润双鹤,16.12,1.5753,107240000.0,0.64,16742000000.0,16736000000.0,-1860559,-1.7349,-5388221,3527662,1860559,
600965,*ST福成,2.77,1.0949,7830000.0,0.35,2268000000.0,2268000000.0,-1866282,-23.835,0,-1866282,1866282,
688765,禾元生物-U,38.79,2.755,163270000.0,5.86,13867000000.0,2792000000.0,-1868900,-1.1447,-3006260,1137360,1868900,
301102,兆讯传媒,9.35,1.6304,18560000.0,0.49,3796000000.0,3796000000.0,-1870168,-10.0763,0,-1870168,1870168,
301535,浙江华远,13.86,1.9868,34480000.0,1.46,5895000000.0,2353000000.0,-1871682,-5.4283,0,-1871682,1871682,
603239,浙江仙通,13.98,1.1577,28670000.0,0.76,3785000000.0,3785000000.0,-1881150,-6.5614,65471,-1946621,1881150,
300849,锦盛新材,22.01,1.3352,49560000.0,1.57,3302000000.0,3190000000.0,-1883022,-3.7995,-3246620,1363598,1883022,
300597,吉大通信,7.92,1.4085,24600000.0,1.15,2159000000.0,2151000000.0,-1884704,-7.6614,-1106000,-778704,1884704,
300047,天源迪科,9.15,0.7709,133710000.0,2.53,5835000000.0,5312000000.0,-1887432,-1.4116,-3180768,1293336,1887432,
688707,振华新材,10.27,0.1951,43090000.0,0.83,5225000000.0,5225000000.0,-1888093,-4.3817,-3071759,1183666,1888093,
000011,深物业A,9.66,5.6893,209630000.0,4.2,5757000000.0,5086000000.0,-1890493,-0.9018,4587768,-6478261,1890493,
301331,恩威医药,21.45,4.0252,28750000.0,1.32,2207000000.0,2201000000.0,-1891717,-6.5799,0,-1891717,1891717,
603080,新疆火炬,19.68,1.0267,18910000.0,0.68,2785000000.0,2785000000.0,-1895934,-10.0261,0,-1895934,1895934,
300447,全信股份,14.4,1.5515,59310000.0,2.05,4497000000.0,2901000000.0,-1902607,-3.2079,-1057708,-844899,1902607,
300264,佳创视讯,6.13,1.8272,74150000.0,3.27,2641000000.0,2271000000.0,-1910776,-2.5769,217135,-2127911,1910776,
002819,东方中科,21.89,2.2897,58650000.0,1.14,6525000000.0,5170000000.0,-1912789,-3.2614,-7762035,5849246,1912789,
603057,紫燕食品,18.56,0.216,101630000.0,1.34,7705000000.0,7647000000.0,-1927636,-1.8967,-1385685,-541951,1927636,
688230,芯导科技,61.69,0.7348,87620000.0,1.2,7255000000.0,7255000000.0,-1937423,-2.2112,4238618,-6176041,1937423,
300932,三友联众,11.11,2.3963,105130000.0,2.98,4979000000.0,3546000000.0,-1938610,-1.844,-7327356,5388746,1938610,
688697,纽威数控,15.3,1.3245,111240000.0,1.14,9796000000.0,9796000000.0,-1948592,-1.7517,-2263555,314963,1948592,
300980,祥源新材,24.08,2.8181,99050000.0,4.12,3325000000.0,2408000000.0,-1948738,-1.9674,4623532,-6572270,1948738,
300445,康斯特,19.03,0.1579,44080000.0,1.66,4043000000.0,2656000000.0,-1948792,-4.421,-1424440,-524352,1948792,
603206,嘉环科技,13.73,1.1791,30060000.0,0.72,4190000000.0,4190000000.0,-1950082,-6.4873,-856752,-1093330,1950082,
001226,拓山重工,46.09,0.1957,38890000.0,2.4,3441000000.0,1636000000.0,-1952961,-5.0218,0,-1952961,1952961,
301596,瑞迪智驱,46.79,-0.1067,59030000.0,2.86,5055000000.0,2051000000.0,-1955521,-3.3128,-2902030,946509,1955521,
605055,迎丰股份,9.01,0.6704,39000000.0,0.99,3964000000.0,3964000000.0,-1958278,-5.0212,-753565,-1204713,1958278,
603065,宿迁联盛,14.27,0.0,245100000.0,4.09,5979000000.0,5979000000.0,-1964640,-0.8016,6713250,-8677890,1964640,
300789,唐源电气,15.56,1.4342,30600000.0,1.41,2238000000.0,2172000000.0,-1966501,-6.4265,-1090600,-875901,1966501,
600776,东方通信,13.75,1.7765,285630000.0,2.19,17270000000.0,13145000000.0,-1966671,-0.6885,1742864,-3709535,1966671,
688349,三一重能,13.18,0.3044,116550000.0,0.57,21000000000.0,20642000000.0,-1973395,-1.6932,-17192,-1956203,1973395,
603988,中电电机,18.28,-0.4357,59720000.0,1.39,4299000000.0,4299000000.0,-1976406,-3.3095,-67673,-1908733,1976406,
603325,博隆技术,52.75,0.9763,13290000.0,0.74,4220000000.0,1803000000.0,-1978859,-14.8898,0,-1978859,1978859,
002690,美亚光电,15.51,0.7797,47140000.0,0.71,13683000000.0,6623000000.0,-1979174,-4.1985,-1899169,-80005,1979174,
300629,新劲刚,18.36,2.7996,108310000.0,2.74,4616000000.0,3983000000.0,-1983532,-1.8313,-2530891,547359,1983532,
001336,楚环科技,19.68,2.6604,72650000.0,5.81,2056000000.0,1265000000.0,-1986862,-2.7348,-2373714,386852,1986862,
688568,中科星图,31.29,0.1921,235150000.0,0.93,25285000000.0,25285000000.0,-1988402,-0.8456,4429555,-6417957,1988402,
301066,万事利,12.7,5.2196,87190000.0,2.97,2984000000.0,2961000000.0,-1988826,-2.281,-250972,-1737854,1988826,
000921,海信家电,26.25,-5.0633,321700000.0,1.3,36353000000.0,24249000000.0,-2001183,-0.6221,-118192,-1882991,2001183,
002889,东方嘉盛,11.98,0.6723,24090000.0,0.8,4524000000.0,3010000000.0,-2013779,-8.3594,0,-2013779,2013779,
002570,贝因美,4.49,2.2779,74820000.0,1.55,4849000000.0,4849000000.0,-2017692,-2.6967,2680484,-4698176,2017692,
603630,拉芳家化,14.08,3.6056,88810000.0,2.82,3171000000.0,3171000000.0,-2018897,-2.2733,-1408000,-610897,2018897,
002591,恒大高新,6.34,2.0934,50080000.0,3.56,1903000000.0,1417000000.0,-2020591,-4.0347,0,-2020591,2020591,
688722,同益中,14.32,1.6324,27680000.0,0.86,3209000000.0,3209000000.0,-2028585,-7.3287,0,-2028585,2028585,
300105,龙源技术,7.3,0.6897,50830000.0,1.36,3765000000.0,3763000000.0,-2028891,-3.9915,89300,-2118191,2028891,
002114,罗平锌电,7.35,1.6598,43190000.0,1.82,2377000000.0,2377000000.0,-2034616,-4.7108,-1378,-2033238,2034616,
301413,安培龙,57.2,-0.7461,154810000.0,3.5,7859000000.0,4369000000.0,-2035040,-1.3145,-7140456,5105416,2035040,
603377,ST东时,3.32,0.3021,16970000.0,0.71,2400000000.0,2400000000.0,-2035799,-11.9965,-1393598,-642201,2035799,
600662,外服控股,4.25,0.9501,48300000.0,0.5,9705000000.0,9676000000.0,-2037526,-4.2185,-1118936,-918590,2037526,
301002,崧盛股份,27.92,2.1588,98310000.0,4.0,3767000000.0,2451000000.0,-2038525,-2.0736,-1404000,-634525,2038525,
000523,红棉股份,3.53,4.1298,584020000.0,9.42,6479000000.0,6336000000.0,-2040942,-0.3495,16798295,-18839237,2040942,
601061,中信金属,11.63,0.7799,129890000.0,0.23,56987000000.0,56987000000.0,-2047533,-1.5764,-5213166,3165633,2047533,
603948,建业股份,19.73,0.7147,20090000.0,0.63,3206000000.0,3206000000.0,-2047715,-10.1927,0,-2047715,2047715,
605011,杭州热电,18.57,1.921,221130000.0,2.97,7430000000.0,7430000000.0,-2050647,-0.9273,943673,-2994320,2050647,
603656,泰禾智能,17.4,0.4619,33160000.0,1.04,3183000000.0,3183000000.0,-2051440,-6.1865,-664888,-1386552,2051440,
603098,森特股份,10.87,2.0657,37880000.0,0.65,5865000000.0,5857000000.0,-2051600,-5.4161,-1444135,-607465,2051600,
600533,栖霞建设,2.27,3.1818,42630000.0,1.82,2384000000.0,2384000000.0,-2052349,-4.8143,1305456,-3357805,2052349,
605080,浙江自然,22.98,1.1889,26140000.0,0.81,3238000000.0,3225000000.0,-2055138,-7.862,-2564946,509808,2055138,
001206,依依股份,17.17,3.4961,77810000.0,4.28,3175000000.0,1835000000.0,-2056634,-2.6431,-1018695,-1037939,2056634,
688212,澳华内镜,28.52,3.3333,67870000.0,1.8,3841000000.0,3841000000.0,-2062928,-3.0395,-2293327,230399,2062928,
301295,美硕科技,37.95,3.1811,53530000.0,4.82,3825000000.0,1116000000.0,-2063701,-3.8552,0,-2063701,2063701,
301181,标榜股份,25.95,10.8974,145160000.0,4.8,3898000000.0,3042000000.0,-2065060,-1.4226,1966322,-4031382,2065060,
000590,古汉医药,9.1,2.4775,27820000.0,1.29,2179000000.0,2178000000.0,-2069668,-7.4395,-1912240,-157428,2069668,
688716,中研股份,26.21,1.3143,32420000.0,1.76,3189000000.0,1833000000.0,-2071691,-6.3902,-661817,-1409874,2071691,
603789,ST星农,6.03,1.005,10350000.0,0.66,1599000000.0,1568000000.0,-2073665,-20.0354,0,-2073665,2073665,
002093,国脉科技,7.45,0.6757,212270000.0,2.85,7506000000.0,7506000000.0,-2077240,-0.9786,-5490329,3413089,2077240,
300422,博世科,4.07,1.4963,30380000.0,1.45,2173000000.0,2103000000.0,-2078181,-6.8406,0,-2078181,2078181,
600917,重庆燃气,4.93,1.0246,27980000.0,0.37,7696000000.0,7696000000.0,-2079130,-7.4308,1405242,-3484372,2079130,
300892,品渥食品,22.63,2.8636,41990000.0,2.82,2263000000.0,1493000000.0,-2086127,-4.9682,0,-2086127,2086127,
300897,山科智能,16.35,3.2849,36990000.0,1.89,3202000000.0,1970000000.0,-2086932,-5.6419,-1682364,-404568,2086932,
600742,富维股份,7.73,0.0,42210000.0,0.73,5744000000.0,5744000000.0,-2088659,-4.9483,-3078633,989974,2088659,
600371,万向德农,16.39,6.4286,1257710000.0,26.98,4795000000.0,4795000000.0,-2092373,-0.1664,891092,-2983465,2092373,
688399,硕世生物,26.61,5.5115,50640000.0,1.56,3303000000.0,3303000000.0,-2107804,-4.1623,90722,-2198526,2107804,
000889,中嘉博创,3.89,0.0,109470000.0,3.24,3642000000.0,3384000000.0,-2108549,-1.9261,-5100509,2991960,2108549,
300913,兆龙互连,43.39,0.9539,825590000.0,6.66,14873000000.0,12403000000.0,-2111367,-0.2557,12847381,-14958748,2111367,
301278,快可电子,29.07,1.8927,47000000.0,3.0,2608000000.0,1572000000.0,-2119452,-4.5095,238289,-2357741,2119452,
002547,*ST春兴,2.45,-1.2097,42570000.0,1.58,2764000000.0,2707000000.0,-2121214,-4.9829,1127540,-3248754,2121214,
002587,奥拓电子,5.35,1.3258,63670000.0,2.24,3502000000.0,2850000000.0,-2123076,-3.3345,2106765,-4229841,2123076,
300987,川网传媒,14.9,-2.2951,214830000.0,8.33,2583000000.0,2583000000.0,-2131001,-0.9919,-1403432,-727569,2131001,
600753,ST海钦,12.37,4.1246,38540000.0,1.37,2849000000.0,2849000000.0,-2131438,-5.5305,-762977,-1368461,2131438,
600080,ST金花,4.83,1.2579,14870000.0,0.83,1803000000.0,1803000000.0,-2135923,-14.364,-3883909,1747986,2135923,
002953,日丰股份,10.69,1.4231,111520000.0,3.71,5255000000.0,3007000000.0,-2143058,-1.9217,25892,-2168950,2143058,
600861,北京人力,12.82,0.9449,20610000.0,0.29,7258000000.0,7258000000.0,-2144328,-10.4043,62328,-2206656,2144328,
603706,东方环宇,17.13,0.7647,18840000.0,0.58,3244000000.0,3244000000.0,-2147661,-11.3995,-1084962,-1062699,2147661,
002661,克明食品,7.7,2.6667,84430000.0,3.59,2494000000.0,2375000000.0,-2149417,-2.5458,0,-2149417,2149417,
688712,北芯生命,31.4,1.0621,70850000.0,4.95,13094000000.0,1432000000.0,-2153409,-3.0394,-2416643,263234,2153409,
002884,凌霄泵业,15.49,0.0646,18530000.0,0.44,5541000000.0,4253000000.0,-2154807,-11.6287,0,-2154807,2154807,
605133,嵘泰股份,24.79,1.7652,134610000.0,1.92,7072000000.0,6994000000.0,-2157350,-1.6027,-1209264,-948086,2157350,
688339,亿华通-U,17.07,1.2456,36500000.0,1.09,4106000000.0,3342000000.0,-2159403,-5.9162,0,-2159403,2159403,
605028,世茂能源,23.83,-1.732,40110000.0,1.04,3813000000.0,3813000000.0,-2163817,-5.3947,-8444157,6280340,2163817,
000517,荣安地产,2.06,3.0,101260000.0,2.0,6559000000.0,5133000000.0,-2164182,-2.1373,6584651,-8748833,2164182,
300577,开润股份,19.94,-0.3,54290000.0,1.92,4782000000.0,2843000000.0,-2179769,-4.015,1125180,-3304949,2179769,
688428,诺诚健华,30.44,7.3343,541250000.0,6.5,53869000000.0,8322000000.0,-2182530,-0.4032,6337653,-8520183,2182530,
002461,珠江啤酒,8.4,0.4785,33040000.0,0.18,18592000000.0,18592000000.0,-2183520,-6.6087,0,-2183520,2183520,
001277,速达股份,30.5,1.7684,41410000.0,2.97,2318000000.0,1397000000.0,-2190838,-5.2906,0,-2190838,2190838,
000952,广济药业,6.75,5.4688,59040000.0,2.57,2322000000.0,2322000000.0,-2194614,-3.7172,-1011000,-1183614,2194614,
301068,大地海洋,26.24,1.5087,27790000.0,1.05,3708000000.0,2632000000.0,-2196626,-7.9044,0,-2196626,2196626,
600623,华谊集团,8.53,1.4269,87550000.0,0.55,18079000000.0,16003000000.0,-2203657,-2.517,-315357,-1888300,2203657,
002935,天奥电子,16.12,1.0025,65450000.0,0.98,6800000000.0,6691000000.0,-2212516,-3.3805,-1078920,-1133596,2212516,
300774,倍杰特,10.06,0.9027,70060000.0,3.42,4112000000.0,2053000000.0,-2212517,-3.158,94912,-2307429,2212517,
603015,弘讯科技,10.62,-0.9328,48680000.0,1.13,4293000000.0,4293000000.0,-2214929,-4.55,-2249986,35057,2214929,
300883,龙利得,6.45,1.735,32360000.0,1.53,2232000000.0,2133000000.0,-2220469,-6.8618,-695871,-1524598,2220469,
300809,华辰装备,24.99,1.7508,104350000.0,2.78,6336000000.0,3763000000.0,-2228058,-2.1352,-1396674,-831384,2228058,
300636,同和药业,6.93,3.2787,47620000.0,1.88,2910000000.0,2545000000.0,-2229539,-4.6819,-124890,-2104649,2229539,
002210,飞马国际,2.2,1.8519,88830000.0,1.53,5855000000.0,5845000000.0,-2239298,-2.5209,-124406,-2114892,2239298,
600668,尖峰集团,7.4,2.9207,35250000.0,1.17,3055000000.0,3055000000.0,-2255384,-6.3983,0,-2255384,2255384,
002200,交投生态,6.57,2.0186,24160000.0,1.89,2964000000.0,1286000000.0,-2264291,-9.3721,0,-2264291,2264291,
688759,必贝特-U,23.61,5.167,112110000.0,6.65,10625000000.0,1700000000.0,-2267505,-2.0226,-895708,-1371797,2267505,
002868,绿康生化,23.45,1.9565,59670000.0,2.38,3645000000.0,2519000000.0,-2267911,-3.8008,-2077099,-190812,2267911,
000099,中信海直,13.05,0.7722,63840000.0,0.63,10124000000.0,10124000000.0,-2271548,-3.5582,-1984328,-287220,2271548,
688708,佳驰科技,40.51,0.8966,62580000.0,1.08,16223000000.0,5783000000.0,-2275557,-3.6362,-1447330,-828227,2275557,
600830,香溢融通,8.67,2.1201,158600000.0,4.07,3939000000.0,3939000000.0,-2280126,-1.4377,-13242800,10962674,2280126,
603116,红蜻蜓,6.65,0.7576,60390000.0,1.58,3832000000.0,3832000000.0,-2285973,-3.7854,-84328,-2201645,2285973,
300796,贝斯美,6.92,1.7647,27870000.0,1.12,2499000000.0,2494000000.0,-2286829,-8.2053,-1112070,-1174759,2286829,
002858,力盛体育,11.6,2.3831,38000000.0,2.24,2165000000.0,1710000000.0,-2290679,-6.0281,0,-2290679,2290679,
002187,广百股份,5.72,2.3256,46820000.0,1.18,4009000000.0,4009000000.0,-2295164,-4.9021,0,-2295164,2295164,
603815,交建股份,5.22,0.578,29880000.0,0.93,3231000000.0,3231000000.0,-2311875,-7.7372,0,-2311875,2311875,
300928,华安鑫创,23.62,3.7786,68080000.0,5.37,1890000000.0,1289000000.0,-2312365,-3.3965,-1402033,-910332,2312365,
000777,中核科技,16.79,0.3586,48570000.0,0.76,6438000000.0,6437000000.0,-2314241,-4.7648,-2736152,421911,2314241,
600097,开创国际,9.4,2.063,32840000.0,1.46,2265000000.0,2265000000.0,-2317090,-7.0557,0,-2317090,2317090,
605158,华达新材,7.89,2.3346,44250000.0,1.1,4035000000.0,4035000000.0,-2318493,-5.2395,0,-2318493,2318493,
600990,四创电子,18.29,1.2735,39060000.0,0.8,4920000000.0,4920000000.0,-2321615,-5.9437,0,-2321615,2321615,
300444,双杰电气,9.12,0.9967,175540000.0,3.1,7338000000.0,5722000000.0,-2323687,-1.3237,-1291999,-1031688,2323687,
301007,德迈仕,32.44,-0.246,60760000.0,1.24,4974000000.0,4909000000.0,-2328199,-3.8318,-3259977,931778,2328199,
002634,*ST棒杰,4.03,-0.7389,22480000.0,1.26,1851000000.0,1799000000.0,-2328460,-10.3579,-1335570,-992890,2328460,
300360,炬华科技,11.15,0.7227,43230000.0,0.77,5733000000.0,5581000000.0,-2332740,-5.3961,-359155,-1973585,2332740,
603392,万泰生物,26.01,2.321,172380000.0,0.53,32887000000.0,32887000000.0,-2343082,-1.3593,-3554803,1211721,2343082,
688157,松井股份,19.25,2.4481,44660000.0,1.24,3614000000.0,3614000000.0,-2343947,-5.2484,0,-2343947,2343947,
300069,金利华电,25.59,1.3465,113930000.0,3.82,2994000000.0,2994000000.0,-2343989,-2.0574,-1165594,-1178395,2343989,
002048,宁波华翔,18.99,3.6572,361250000.0,2.69,15424000000.0,13448000000.0,-2345603,-0.6493,411574,-2757177,2345603,
301603,乔锋智能,128.33,0.825,228420000.0,4.69,15497000000.0,4842000000.0,-2348700,-1.0282,1193055,-3541755,2348700,
601222,林洋能源,5.98,0.6734,97980000.0,0.8,12206000000.0,12206000000.0,-2357387,-2.406,-231827,-2125560,2357387,
002193,ST如意,4.67,0.0,14640000.0,1.19,1222000000.0,1222000000.0,-2371749,-16.2005,0,-2371749,2371749,
000619,海螺新材,5.17,3.8153,51340000.0,2.78,2281000000.0,1861000000.0,-2375148,-4.6263,-3767400,1392252,2375148,
301135,瑞德智能,17.46,1.5707,24160000.0,1.38,2266000000.0,1760000000.0,-2376482,-9.8364,-478255,-1898227,2376482,
301459,丰茂股份,32.44,-0.3379,25970000.0,3.05,3378000000.0,847000000.0,-2382469,-9.1739,-498086,-1884383,2382469,
300724,捷佳伟创,54.58,0.8686,390110000.0,2.46,19010000000.0,15848000000.0,-2388320,-0.6122,4822876,-7211196,2388320,
000429,粤高速Ａ,12.45,-1.5032,87980000.0,0.54,26031000000.0,16226000000.0,-2400708,-2.7287,-3922718,1522010,2400708,
301502,华阳智能,53.29,1.7762,46220000.0,3.68,3042000000.0,1261000000.0,-2402676,-5.1983,0,-2402676,2402676,
600422,昆药集团,8.32,2.2113,42400000.0,0.68,6298000000.0,6298000000.0,-2406114,-5.6748,-3835244,1429130,2406114,
002066,瑞泰科技,20.19,0.95,49940000.0,1.07,4743000000.0,4664000000.0,-2426824,-4.8595,691345,-3118169,2426824,
301161,唯万密封,31.34,0.9665,113620000.0,4.71,3761000000.0,2419000000.0,-2427264,-2.1363,-2591531,164267,2427264,
603317,天味食品,13.0,1.5625,71970000.0,0.52,13807000000.0,13807000000.0,-2428313,-3.3741,1308093,-3736406,2428313,
300749,顶固集创,25.68,2.3108,91450000.0,2.26,5269000000.0,4042000000.0,-2432419,-2.6598,2408136,-4840555,2432419,
603271,永杰新材,38.88,0.5171,60860000.0,1.66,7703000000.0,3677000000.0,-2434165,-3.9996,-4393771,1959606,2434165,
301581,黄山谷捷,36.21,0.8354,21700000.0,1.42,2897000000.0,1531000000.0,-2434824,-11.2204,0,-2434824,2434824,
688223,晶科能源,3.89,0.2577,264600000.0,0.66,39948000000.0,39948000000.0,-2435155,-0.9203,0,-2435155,2435155,
002003,伟星股份,11.43,-0.9532,170180000.0,1.42,13589000000.0,11834000000.0,-2436464,-1.4317,2596159,-5032623,2436464,
300472,ST新元,6.73,-0.5908,14520000.0,0.84,1852000000.0,1728000000.0,-2436557,-16.7807,96524,-2533081,2436557,
001325,元创股份,37.1,0.5148,29630000.0,4.08,2909000000.0,727000000.0,-2438101,-8.2285,-1373888,-1064213,2438101,
600517,国网英大,4.98,-0.4,94530000.0,0.33,28478000000.0,28478000000.0,-2439720,-2.5809,-2602163,162443,2439720,
605336,*ST帅电,11.37,0.8873,10300000.0,0.5,2085000000.0,2085000000.0,-2448476,-23.7716,0,-2448476,2448476,
603378,*ST亚士,5.9,4.0564,82850000.0,3.32,2529000000.0,2529000000.0,-2448741,-2.9556,-3392843,944102,2448741,
603214,爱婴室,13.47,2.5114,42690000.0,2.31,1866000000.0,1866000000.0,-2455974,-5.753,0,-2455974,2455974,
002157,正邦科技,3.06,0.9901,420140000.0,1.78,28305000000.0,23831000000.0,-2465593,-0.5869,-12162812,9697219,2465593,
301378,通达海,25.42,5.4772,95720000.0,6.22,2456000000.0,1571000000.0,-2475773,-2.5865,1101136,-3576909,2475773,
300584,海辰药业,31.76,1.632,67460000.0,2.58,3811000000.0,2608000000.0,-2482401,-3.6798,1030308,-3512709,2482401,
002875,安奈儿,13.23,2.2411,46400000.0,1.67,2810000000.0,2810000000.0,-2497495,-5.3825,1297568,-3795063,2497495,
000597,东北制药,4.89,4.9356,104330000.0,1.53,6978000000.0,6891000000.0,-2497969,-2.3943,-2575372,77403,2497969,
300446,航天智造,13.09,0.6923,70190000.0,0.64,11066000000.0,10947000000.0,-2503665,-3.567,-1045600,-1458065,2503665,
688475,萤石网络,28.02,0.0357,89860000.0,0.41,22066000000.0,22066000000.0,-2507269,-2.7902,357053,-2864322,2507269,
301032,新柴股份,10.13,1.809,33460000.0,2.02,2443000000.0,1660000000.0,-2512385,-7.5086,-2870470,358085,2512385,
002527,新时达,10.78,0.466,48710000.0,0.8,7148000000.0,6023000000.0,-2530192,-5.1944,0,-2530192,2530192,
688006,杭可科技,20.95,0.0478,111940000.0,0.89,12647000000.0,12647000000.0,-2532716,-2.2626,-748564,-1784152,2532716,
002676,顺威股份,5.41,1.1215,63800000.0,1.65,4207000000.0,3895000000.0,-2534694,-3.9729,-1670261,-864433,2534694,
603578,三星新材,14.31,0.4211,57330000.0,2.21,3349000000.0,2581000000.0,-2538193,-4.4273,-479356,-2058837,2538193,
688333,铂力特,105.8,-1.3704,817510000.0,2.8,29023000000.0,29023000000.0,-2544634,-0.3113,9626207,-12170841,2544634,
000899,赣能股份,9.39,0.2134,74090000.0,0.81,9162000000.0,9162000000.0,-2549058,-3.4405,-1313664,-1235394,2549058,
603518,锦泓集团,7.76,1.7038,43520000.0,1.64,2680000000.0,2670000000.0,-2552656,-5.8655,0,-2552656,2552656,
000909,*ST数源,5.54,-0.3597,21780000.0,0.89,2425000000.0,2425000000.0,-2553447,-11.7238,0,-2553447,2553447,
300956,英力股份,11.46,2.3214,36830000.0,1.54,2469000000.0,2412000000.0,-2556240,-6.9406,0,-2556240,2556240,
001367,海森药业,21.41,4.1342,48030000.0,1.87,3262000000.0,2604000000.0,-2560138,-5.3303,-1695500,-864638,2560138,
001306,夏厦精密,57.72,4.3007,121310000.0,13.67,3632000000.0,895000000.0,-2568825,-2.1176,-1341457,-1227368,2568825,
000553,安道麦A,5.68,1.61,30540000.0,0.25,13233000000.0,12366000000.0,-2575542,-8.4333,-1854160,-721382,2575542,
002850,科达利,175.2,1.2717,400420000.0,1.09,50165000000.0,36733000000.0,-2578044,-0.6438,13455350,-16033394,2578044,
000633,合金投资,5.27,2.5292,42060000.0,2.08,2030000000.0,2030000000.0,-2579953,-6.134,-1569837,-1010116,2579953,
300546,雄帝科技,17.3,2.9149,96540000.0,4.08,3246000000.0,2387000000.0,-2589266,-2.6821,1241435,-3830701,2589266,
688093,世华科技,22.51,-0.7933,34850000.0,0.55,6311000000.0,6311000000.0,-2590161,-7.4323,-1442010,-1148151,2590161,
600030,中信证券,26.74,0.7536,1896120000.0,0.58,417793000000.0,325601000000.0,-2591792,-0.1367,-2720464,128672,2591792,
301153,中科江南,17.29,1.5267,55910000.0,0.98,6149000000.0,5736000000.0,-2595323,-4.642,-1942968,-652355,2595323,
300261,雅本化学,4.93,3.5714,75640000.0,1.64,4749000000.0,4648000000.0,-2604334,-3.4431,249130,-2853464,2604334,
301026,浩通科技,19.8,1.4864,54520000.0,1.72,4387000000.0,3169000000.0,-2612577,-4.792,-115465,-2497112,2612577,
300091,*ST金灵,2.4,0.4184,12920000.0,0.33,6821000000.0,3893000000.0,-2613159,-20.2257,0,-2613159,2613159,
603193,XD润本股,20.81,4.4679,78120000.0,3.66,8420000000.0,2150000000.0,-2622058,-3.3564,-1700334,-921724,2622058,
001366,播恩集团,13.46,3.3794,84290000.0,3.94,2163000000.0,2163000000.0,-2625323,-3.1146,-1370930,-1254393,2625323,
300351,永贵电器,14.37,0.1394,69960000.0,1.85,5589000000.0,3785000000.0,-2634657,-3.7659,2613665,-5248322,2634657,
300844,山水比德,24.11,2.3779,32140000.0,1.48,2247000000.0,2171000000.0,-2636727,-8.2039,0,-2636727,2636727,
000682,东方电子,10.73,0.0933,88420000.0,0.61,14386000000.0,14385000000.0,-2639730,-2.9854,129884,-2769614,2639730,
002535,林州重机,2.46,3.7975,46150000.0,2.53,1972000000.0,1836000000.0,-2641443,-5.7236,-1476000,-1165443,2641443,
688709,成都华微,25.36,1.3589,100010000.0,1.77,16150000000.0,5623000000.0,-2644215,-2.644,0,-2644215,2644215,
000028,国药一致,20.03,1.0595,44050000.0,0.42,12263000000.0,10533000000.0,-2646530,-6.008,488387,-3134917,2646530,
688509,正元地信,4.18,1.9512,18220000.0,1.14,3219000000.0,1608000000.0,-2648380,-14.5356,0,-2648380,2648380,
002030,达安基因,5.62,4.6555,197390000.0,2.53,7887000000.0,7887000000.0,-2652748,-1.3439,1665534,-4318282,2652748,
600223,福瑞达,5.71,3.6298,64190000.0,1.12,5805000000.0,5805000000.0,-2657681,-4.1403,2316709,-4974390,2657681,
003003,天元股份,10.86,3.2319,35370000.0,2.78,1919000000.0,1282000000.0,-2671876,-7.5541,0,-2671876,2671876,
002828,贝肯能源,11.17,4.0037,95650000.0,4.35,2245000000.0,2245000000.0,-2681562,-2.8035,1082877,-3764439,2681562,
002876,三利谱,32.35,2.0827,161410000.0,3.36,5625000000.0,4818000000.0,-2682670,-1.662,3930981,-6613651,2682670,
000403,派林生物,9.95,0.7085,72310000.0,0.77,9456000000.0,9360000000.0,-2701173,-3.7355,1003767,-3704940,2701173,
000400,许继电气,20.38,0.0491,217800000.0,1.05,20758000000.0,20687000000.0,-2710717,-1.2446,-11091891,8381174,2710717,
600136,ST明诚,1.5,0.6711,9420000.0,0.32,3061000000.0,2915000000.0,-2712942,-28.7998,-750000,-1962942,2712942,
600509,天富能源,7.31,0.6887,97980000.0,0.98,10047000000.0,10047000000.0,-2713441,-2.7694,1589866,-4303307,2713441,
300871,回盛生物,21.65,1.2155,66630000.0,1.53,4369000000.0,4369000000.0,-2713514,-4.0725,1110683,-3824197,2713514,
603178,圣龙股份,15.91,1.3376,102520000.0,2.73,3761000000.0,3761000000.0,-2714790,-2.6481,1181622,-3896412,2714790,
002355,兴民智通,4.68,0.2141,45550000.0,1.58,3128000000.0,2893000000.0,-2731406,-5.9965,0,-2731406,2731406,
002243,力合科创,7.13,0.8487,63000000.0,0.73,8632000000.0,8571000000.0,-2731941,-4.3364,-1615171,-1116770,2731941,
000810,创维数字,9.68,-0.2062,135020000.0,1.25,11134000000.0,10824000000.0,-2744749,-2.0328,-1679073,-1065676,2744749,
601877,正泰电器,25.3,0.1584,267280000.0,0.49,54369000000.0,54369000000.0,-2744976,-1.027,-6406723,3661747,2744976,
603117,万林物流,4.03,2.8061,32020000.0,1.34,2415000000.0,2415000000.0,-2752023,-8.5947,0,-2752023,2752023,
301599,理奇智能,33.3,-1.3918,112480000.0,6.17,14372000000.0,1822000000.0,-2755592,-2.4499,-574117,-2181475,2755592,
300890,翔丰华,26.58,-0.0376,73190000.0,2.52,3178000000.0,2905000000.0,-2767742,-3.7816,1248177,-4015919,2767742,
300235,方直科技,12.47,3.314,102510000.0,4.05,3139000000.0,2554000000.0,-2773351,-2.7054,-3108570,335219,2773351,
002045,国光电器,9.06,0.1105,105210000.0,2.07,5096000000.0,5090000000.0,-2779132,-2.6415,0,-2779132,2779132,
002769,普路通,7.03,4.9254,85830000.0,3.32,2624000000.0,2622000000.0,-2781448,-3.2406,1744147,-4525595,2781448,
600327,大东方,3.96,2.8571,62700000.0,1.8,3504000000.0,3504000000.0,-2796672,-4.4604,2422978,-5219650,2796672,
000652,泰达股份,3.42,2.0896,44140000.0,0.89,4991000000.0,4987000000.0,-2800255,-6.344,34592,-2834847,2800255,
002533,金杯电工,10.96,0.0913,45050000.0,0.64,8044000000.0,7082000000.0,-2801609,-6.2189,-6904194,4102585,2801609,
003016,欣贺股份,7.6,2.288,42070000.0,1.36,3196000000.0,3123000000.0,-2808625,-6.6761,-1389795,-1418830,2808625,
002485,ST雪发,5.98,1.7007,23050000.0,0.7,3253000000.0,3253000000.0,-2808905,-12.1861,-2803320,-5585,2808905,
688281,华秦科技,52.51,2.9608,220850000.0,1.1,20038000000.0,20038000000.0,-2812361,-1.2734,18293276,-21105637,2812361,
688367,工大高科,30.25,0.4983,39740000.0,1.49,2651000000.0,2651000000.0,-2817962,-7.091,-1517529,-1300433,2817962,
603836,海程邦达,9.53,3.2503,32300000.0,1.23,2728000000.0,2658000000.0,-2821514,-8.7353,0,-2821514,2821514,
603777,来伊份,13.73,4.173,133280000.0,2.89,4592000000.0,4592000000.0,-2826379,-2.1206,2229894,-5056273,2826379,
600239,ST云城,1.45,1.3986,25000000.0,1.08,2328000000.0,2328000000.0,-2826668,-11.3067,-2894570,67902,2826668,
301017,漱玉平民,13.12,5.5511,108860000.0,3.24,5322000000.0,3394000000.0,-2838569,-2.6075,2182839,-5021408,2838569,
300375,鹏翎股份,4.13,1.9753,35040000.0,1.6,3156000000.0,2200000000.0,-2844478,-8.1178,-1032500,-1811978,2844478,
301395,仁信新材,12.36,3.5176,43050000.0,2.71,3002000000.0,1599000000.0,-2855772,-6.6336,0,-2855772,2855772,
301555,惠柏新材,36.23,1.06,51190000.0,2.92,3343000000.0,1752000000.0,-2858193,-5.5835,108526,-2966719,2858193,
301069,凯盛新材,16.25,0.5569,48810000.0,0.7,7364000000.0,6935000000.0,-2870916,-5.8818,0,-2870916,2870916,
002962,五方光电,13.68,1.3333,116120000.0,4.06,3990000000.0,2862000000.0,-2876532,-2.4772,-501840,-2374692,2876532,
300067,安诺其,5.54,4.7259,298380000.0,5.75,6395000000.0,5194000000.0,-2883439,-0.9664,-4406501,1523062,2883439,
002888,惠威科技,18.87,0.5328,42700000.0,3.03,2786000000.0,1414000000.0,-2883567,-6.7531,1200457,-4084024,2883567,
301556,托普云农,62.55,0.8871,80490000.0,4.38,5334000000.0,1844000000.0,-2883603,-3.5826,0,-2883603,2883603,
603888,新华网,18.79,1.7325,959630000.0,7.07,13946000000.0,13946000000.0,-2886106,-0.3008,-15566699,12680593,2886106,
600495,晋西车轴,4.09,0.9877,37450000.0,0.76,4942000000.0,4942000000.0,-2899614,-7.7426,-3625238,725624,2899614,
600686,金龙汽车,11.14,2.9575,275200000.0,3.46,7988000000.0,7988000000.0,-2902746,-1.0548,1347781,-4250527,2902746,
688320,禾川科技,35.83,6.6369,206530000.0,3.83,5411000000.0,5411000000.0,-2911245,-1.4096,6066863,-8978108,2911245,
605016,百龙创园,20.93,1.3559,43530000.0,0.5,8791000000.0,8791000000.0,-2913986,-6.6942,-1767015,-1146971,2913986,
300030,阳普医疗,6.85,4.4207,52250000.0,2.82,2118000000.0,1865000000.0,-2916430,-5.5817,0,-2916430,2916430,
002334,英威腾,6.59,0.4573,47350000.0,0.98,5404000000.0,4844000000.0,-2917524,-6.1616,-2334837,-582687,2917524,
688053,ST思科瑞,39.92,-0.7706,28960000.0,0.72,3992000000.0,3992000000.0,-2925640,-10.1023,2879900,-5805540,2925640,
002135,东南网架,6.11,0.1639,62500000.0,0.98,6816000000.0,6378000000.0,-2927831,-4.6845,-1025490,-1902341,2927831,
600212,绿能慧充,5.89,-0.6745,47780000.0,1.18,4147000000.0,4033000000.0,-2929405,-6.131,-3094474,165069,2929405,
600663,陆家嘴,9.1,2.2472,153130000.0,0.43,45820000000.0,35803000000.0,-2932638,-1.9151,-4317236,1384598,2932638,
600843,上工申贝,6.91,0.436,31160000.0,0.96,4928000000.0,3242000000.0,-2933206,-9.4134,0,-2933206,2933206,
300299,富春股份,5.51,2.037,81010000.0,2.15,3804000000.0,3799000000.0,-2933841,-3.6216,296148,-3229989,2933841,
300246,宝莱特,15.8,0.5089,118960000.0,3.58,4183000000.0,3344000000.0,-2938980,-2.4706,-6980953,4041973,2938980,
002644,佛慈制药,8.5,3.7851,52090000.0,1.21,4341000000.0,4341000000.0,-2940757,-5.6455,1030824,-3971581,2940757,
002992,宝明科技,33.86,-0.8492,60710000.0,1.13,6124000000.0,5358000000.0,-2951135,-4.861,-2136361,-814774,2951135,
688286,敏芯股份,48.84,-0.57,138110000.0,3.62,3825000000.0,3825000000.0,-2951219,-2.1369,4735934,-7687153,2951219,
600738,丽尚国潮,4.37,3.066,71910000.0,2.19,3327000000.0,3324000000.0,-2955583,-4.1101,-5522666,2567083,2955583,
300687,赛意信息,30.05,3.3712,499900000.0,4.98,12273000000.0,10093000000.0,-2956980,-0.5915,8176493,-11133473,2956980,
002593,日上集团,4.61,0.4357,47810000.0,1.85,3706000000.0,2584000000.0,-2965221,-6.2021,2383597,-5348818,2965221,
300920,润阳科技,34.17,-2.1197,71290000.0,2.39,4442000000.0,2950000000.0,-2969915,-4.166,-2692057,-277858,2969915,
601118,海南橡胶,6.39,3.9024,774880000.0,2.87,27346000000.0,27346000000.0,-2970081,-0.3833,15580753,-18550834,2970081,
603861,白云电器,11.24,0.2676,59820000.0,1.0,6076000000.0,5941000000.0,-2977011,-4.9766,0,-2977011,2977011,
301587,中瑞股份,21.44,0.8467,43940000.0,2.79,3159000000.0,1575000000.0,-2980794,-6.7838,-1639239,-1341555,2980794,
603766,隆鑫通用,14.91,0.6752,170440000.0,0.55,30618000000.0,30618000000.0,-2984435,-1.751,-1618909,-1365526,2984435,
300783,三只松鼠,16.86,1.2613,58320000.0,1.24,6772000000.0,4726000000.0,-2984450,-5.1174,468496,-3452946,2984450,
601588,北辰实业,1.79,4.0698,109400000.0,2.34,6027000000.0,4761000000.0,-2990598,-2.7336,1418248,-4408846,2990598,
600824,益民集团,3.74,2.7473,47240000.0,1.21,3942000000.0,3942000000.0,-2995117,-6.3402,-486675,-2508442,2995117,
603169,兰石重装,6.21,0.1613,58970000.0,0.73,8112000000.0,8112000000.0,-2999623,-5.0867,-2281007,-718616,2999623,
301371,敷尔佳,21.23,2.0183,71080000.0,4.32,11042000000.0,1655000000.0,-3003039,-4.2249,1048793,-4051832,3003039,
688101,三达膜,14.68,1.1019,33670000.0,0.69,4874000000.0,4874000000.0,-3003766,-8.9212,0,-3003766,3003766,
603075,热威股份,19.99,0.9596,54830000.0,6.48,8044000000.0,848000000.0,-3006551,-5.4834,531761,-3538312,3006551,
002664,信质集团,15.0,0.9421,53420000.0,0.88,6123000000.0,6044000000.0,-3011669,-5.6377,0,-3011669,3011669,
300845,捷安高科,13.93,2.3512,67860000.0,3.34,2865000000.0,2025000000.0,-3014546,-4.4423,-12072,-3002474,3014546,
600158,中体产业,7.17,1.5581,143400000.0,2.1,6880000000.0,6880000000.0,-3018963,-2.1053,-1431086,-1587877,3018963,
603879,永悦科技,4.95,0.2024,35000000.0,1.97,1779000000.0,1779000000.0,-3023190,-8.6377,-190734,-2832456,3023190,
002418,康盛股份,4.74,1.4989,360830000.0,6.73,5387000000.0,5387000000.0,-3025086,-0.8384,-1105123,-1919963,3025086,
300530,领湃科技,19.35,-0.1033,56010000.0,1.68,3327000000.0,3327000000.0,-3025631,-5.4019,1161595,-4187226,3025631,
603356,华菱精工,17.39,2.234,56480000.0,2.42,2319000000.0,2319000000.0,-3026178,-5.358,1489985,-4516163,3026178,
002758,浙农股份,8.72,1.6317,50650000.0,1.13,4524000000.0,4519000000.0,-3039155,-6.0003,1454640,-4493795,3039155,
000766,通化金马,15.81,1.4763,226480000.0,1.49,15280000000.0,15266000000.0,-3042306,-1.3433,-7498399,4456093,3042306,
688119,中钢洛耐,3.89,2.0997,39430000.0,0.91,4376000000.0,4376000000.0,-3042762,-7.7169,0,-3042762,3042762,
301505,苏州规划,19.03,1.0621,37780000.0,2.18,2177000000.0,1735000000.0,-3043471,-8.0558,1117460,-4160931,3043471,
688310,迈得医疗,15.97,3.2321,49270000.0,1.89,2624000000.0,2624000000.0,-3045476,-6.1812,-3547335,501859,3045476,
301668,昊创瑞通,32.27,-1.5558,36810000.0,4.69,3550000000.0,785000000.0,-3050213,-8.2864,0,-3050213,3050213,
301237,和顺科技,39.95,0.2509,79380000.0,2.43,4445000000.0,3229000000.0,-3051996,-3.8448,-192183,-2859813,3051996,
688558,国盛智科,33.72,0.5067,47880000.0,1.07,4451000000.0,4451000000.0,-3054951,-6.3804,-2496341,-558610,3054951,
300448,浩云科技,5.58,1.6393,54690000.0,1.54,3775000000.0,3566000000.0,-3060536,-5.5962,321900,-3382436,3060536,
300321,同大股份,35.1,-1.9553,174100000.0,5.58,3117000000.0,3114000000.0,-3067999,-1.7622,-5906402,2838403,3067999,
603659,璞泰来,21.9,-1.6614,475360000.0,1.01,46958000000.0,46958000000.0,-3075254,-0.6469,-5060708,1985454,3075254,
601965,中国汽研,13.01,-1.1398,78270000.0,0.6,13044000000.0,12989000000.0,-3087520,-3.9447,-4025125,937605,3087520,
002863,今飞凯达,4.76,1.4925,33410000.0,1.17,2854000000.0,2854000000.0,-3093152,-9.2582,0,-3093152,3093152,
002717,*ST岭南,0.97,2.1053,67420000.0,3.82,1766000000.0,1735000000.0,-3093551,-4.5885,-2612750,-480801,3093551,
603499,翔港科技,13.68,-0.5091,43150000.0,0.74,5795000000.0,5795000000.0,-3095853,-7.1746,-1550797,-1545056,3095853,
600178,东安动力,9.64,0.3122,38970000.0,0.87,4497000000.0,4497000000.0,-3096015,-7.9446,-2419132,-676883,3096015,
600339,中油工程,3.39,2.7273,174510000.0,0.93,18927000000.0,18927000000.0,-3101628,-1.7773,-9468371,6366743,3101628,
300582,英飞特,10.78,1.8904,60700000.0,2.5,3218000000.0,2440000000.0,-3106892,-5.1184,0,-3106892,3106892,
002693,双成药业,9.42,2.1692,332130000.0,8.61,3906000000.0,3871000000.0,-3111035,-0.9367,52155,-3163190,3111035,
600082,ST海泰,3.22,1.8987,26740000.0,1.33,2080000000.0,2043000000.0,-3111131,-11.6347,-3483976,372845,3111131,
603375,盛景微,53.8,4.082,444190000.0,13.16,5416000000.0,3431000000.0,-3116656,-0.7016,-6841423,3724767,3116656,
605389,长龄液压,67.15,0.841,53300000.0,0.43,12557000000.0,12557000000.0,-3120620,-5.8548,-1741368,-1379252,3120620,
600569,安阳钢铁,1.81,1.6854,41180000.0,0.8,5199000000.0,5199000000.0,-3123220,-7.5843,-1091249,-2031971,3123220,
002556,辉隆股份,5.24,1.354,47960000.0,0.99,4899000000.0,4894000000.0,-3125275,-6.5164,-817974,-2307301,3125275,
000679,大连友谊,6.64,3.2659,64770000.0,2.77,2366000000.0,2366000000.0,-3127735,-4.829,-91827,-3035908,3127735,
600081,东风科技,10.36,0.1934,22730000.0,0.4,5729000000.0,5729000000.0,-3132961,-13.7834,-2595000,-537961,3132961,
300218,安利股份,12.64,2.0178,27510000.0,1.01,2743000000.0,2734000000.0,-3139390,-11.4118,0,-3139390,3139390,
301314,科瑞思,47.32,5.625,78930000.0,9.74,2614000000.0,812000000.0,-3145344,-3.985,-1555294,-1590050,3145344,
002083,孚日股份,9.77,0.2051,242040000.0,2.61,9249000000.0,9245000000.0,-3145923,-1.2998,-5696743,2550820,3145923,
600283,钱江水利,8.08,0.7481,18740000.0,0.41,4531000000.0,4531000000.0,-3159867,-16.8616,-2737449,-422418,3159867,
688285,高铁电气,7.59,1.6064,15830000.0,0.56,2856000000.0,2856000000.0,-3160201,-19.9634,0,-3160201,3160201,
002516,旷达科技,5.72,-0.5217,88270000.0,1.05,8413000000.0,8354000000.0,-3167127,-3.588,-3240895,73768,3167127,
002270,华明装备,18.38,0.1635,128730000.0,0.78,16473000000.0,16473000000.0,-3175288,-2.4666,-1067970,-2107318,3175288,
603700,宁水集团,11.73,4.8257,70360000.0,3.01,2346000000.0,2346000000.0,-3177412,-4.5159,-2637758,-539654,3177412,
000739,普洛药业,24.82,5.707,497640000.0,1.76,28753000000.0,28741000000.0,-3177427,-0.6385,8519432,-11696859,3177427,
600165,宁科生物,3.35,3.3951,82960000.0,3.36,5413000000.0,2455000000.0,-3179636,-3.8327,-1316601,-1863035,3179636,
605009,豪悦护理,25.0,1.1736,34910000.0,0.65,5374000000.0,5374000000.0,-3183903,-9.1203,-1030582,-2153321,3183903,
605488,福莱新材,30.26,0.5316,180490000.0,1.99,9078000000.0,9006000000.0,-3189940,-1.7674,558891,-3748831,3189940,
301323,新莱福,76.4,0.3151,85140000.0,1.62,8143000000.0,5238000000.0,-3195666,-3.7534,-6389266,3193600,3195666,
301259,艾布鲁,19.94,0.4534,87350000.0,3.01,4510000000.0,2892000000.0,-3206689,-3.6711,2342217,-5548906,3206689,
301522,上大股份,23.95,2.5257,82180000.0,1.25,8906000000.0,6629000000.0,-3209683,-3.9057,-1058148,-2151535,3209683,
688255,凯尔达,26.43,2.1647,71450000.0,2.47,2904000000.0,2904000000.0,-3220233,-4.507,-755701,-2464532,3220233,
000903,ST云动,2.06,-0.4831,25110000.0,0.63,3956000000.0,3956000000.0,-3226766,-12.8505,0,-3226766,3226766,
300265,通光线缆,14.24,2.9646,318310000.0,4.8,6659000000.0,6654000000.0,-3234321,-1.0161,2027013,-5261334,3234321,
301558,三态股份,6.78,1.6492,45790000.0,3.08,5360000000.0,1498000000.0,-3234723,-7.0643,-323648,-2911075,3234723,
000838,*ST发展,2.24,-1.3216,91260000.0,3.9,2465000000.0,2360000000.0,-3245664,-3.5565,-540861,-2704803,3245664,
688081,兴图新科,26.76,0.943,47060000.0,1.7,2757000000.0,2757000000.0,-3257154,-6.9213,0,-3257154,3257154,
000868,安凯客车,3.99,0.0,216220000.0,5.81,3749000000.0,3749000000.0,-3262931,-1.5091,-284021,-2978910,3262931,
600538,国发股份,4.91,0.2041,26250000.0,1.02,2574000000.0,2574000000.0,-3263821,-12.4336,0,-3263821,3263821,
600300,维维股份,3.18,1.2739,81260000.0,1.59,5143000000.0,5143000000.0,-3264285,-4.0171,711284,-3975569,3264285,
603293,埃泰克,37.39,-0.4791,70100000.0,5.33,6696000000.0,1312000000.0,-3269672,-4.6643,-1193386,-2076286,3269672,
003011,海象新材,19.52,1.6667,44480000.0,2.92,2004000000.0,1524000000.0,-3289154,-7.3947,-97800,-3191354,3289154,
002843,泰嘉股份,16.34,-0.4266,82220000.0,2.01,4113000000.0,4092000000.0,-3294277,-4.0067,0,-3294277,3294277,
300664,鹏鹞环保,4.69,1.0776,21710000.0,0.64,3531000000.0,3401000000.0,-3295463,-15.1795,0,-3295463,3295463,
600620,天宸股份,4.41,3.5211,29430000.0,0.98,3028000000.0,3028000000.0,-3300231,-11.2138,0,-3300231,3300231,
603262,技源集团,18.2,0.0,35880000.0,1.89,7280000000.0,1899000000.0,-3304218,-9.2091,-1008435,-2295783,3304218,
002162,悦心健康,4.28,5.9406,213920000.0,5.42,3936000000.0,3930000000.0,-3309971,-1.5473,3719130,-7029101,3309971,
688023,安恒信息,46.79,6.2926,239670000.0,5.1,4781000000.0,4781000000.0,-3313866,-1.3827,5161037,-8474903,3313866,
301040,中环海陆,26.61,-1.1148,65180000.0,2.56,2661000000.0,2511000000.0,-3316446,-5.0881,-3655691,339245,3316446,
000881,中广核技,6.6,2.3256,55770000.0,0.94,6240000000.0,5965000000.0,-3317368,-5.9483,-2991445,-325923,3317368,
603486,科沃斯,50.23,0.6008,159960000.0,0.55,29102000000.0,28863000000.0,-3324436,-2.0783,-3235694,-88742,3324436,
603520,司太立,8.61,2.5,60440000.0,1.61,3775000000.0,3775000000.0,-3329161,-5.5082,-2307992,-1021169,3329161,
688395,正弦电气,24.82,3.1588,36230000.0,1.7,2149000000.0,2149000000.0,-3331872,-9.1964,0,-3331872,3331872,
601900,南方传媒,12.15,0.3303,136380000.0,1.27,10716000000.0,10716000000.0,-3332609,-2.4436,15419901,-18752510,3332609,
301311,昆船智能,13.82,1.4684,33150000.0,1.01,3317000000.0,3317000000.0,-3337786,-10.0687,0,-3337786,3337786,
000709,河钢股份,2.08,0.9709,129020000.0,0.6,21501000000.0,21498000000.0,-3352441,-2.5984,8481473,-11833914,3352441,
300242,佳云科技,3.99,2.8351,70150000.0,2.81,2532000000.0,2532000000.0,-3352728,-4.7794,-3733301,380573,3352728,
600493,凤竹纺织,6.41,2.3962,48180000.0,2.78,1744000000.0,1744000000.0,-3353496,-6.9603,-1278000,-2075496,3353496,
600201,生物股份,11.7,-0.2558,154390000.0,1.2,12869000000.0,12869000000.0,-3356047,-2.1737,-7783610,4427563,3356047,
002698,博实股份,11.44,0.2629,78590000.0,0.81,11698000000.0,9657000000.0,-3366929,-4.2842,-6491107,3124178,3366929,
002620,*ST瑞和,5.78,-0.1727,29880000.0,1.62,2182000000.0,1827000000.0,-3369290,-11.2761,-1536360,-1832930,3369290,
688386,泛亚微透,46.91,-0.2339,67100000.0,1.43,4673000000.0,4673000000.0,-3370012,-5.0224,-2574926,-795086,3370012,
603933,睿能科技,19.32,-0.5149,54630000.0,1.36,4010000000.0,4010000000.0,-3382484,-6.1916,-653253,-2729231,3382484,
688595,芯海科技,31.21,2.2273,88780000.0,1.98,4497000000.0,4497000000.0,-3383151,-3.8107,-380134,-3003017,3383151,
300856,科思股份,10.54,1.5414,27660000.0,0.57,5014000000.0,4846000000.0,-3385715,-12.2405,-301034,-3084681,3385715,
600805,悦达投资,4.57,2.0089,36510000.0,0.94,3889000000.0,3886000000.0,-3386970,-9.2768,0,-3386970,3386970,
000793,ST华闻,2.09,0.0,16750000.0,0.3,9183000000.0,5569000000.0,-3396761,-20.2792,-1173328,-2223433,3396761,
688721,龙图光罩,40.63,-1.5746,91080000.0,4.04,5424000000.0,2241000000.0,-3401495,-3.7346,-2580417,-821078,3401495,
600819,耀皮玻璃,5.66,1.6158,47650000.0,1.06,5528000000.0,4467000000.0,-3404783,-7.1454,-4017702,612919,3404783,
603050,科林电气,18.02,-0.387,40190000.0,0.55,7268000000.0,7268000000.0,-3407471,-8.4784,1692628,-5100099,3407471,
002198,ST嘉应,3.72,1.6393,22650000.0,1.2,1888000000.0,1888000000.0,-3408446,-15.0483,-1663212,-1745234,3408446,
002207,*ST准油,5.62,0.0,29380000.0,2.01,1473000000.0,1466000000.0,-3413289,-11.6177,-1428758,-1984531,3413289,
300812,易天股份,19.85,-0.0504,110950000.0,3.14,3893000000.0,3532000000.0,-3420542,-3.083,0,-3420542,3420542,
301577,美信科技,61.42,0.4251,80640000.0,6.96,2778000000.0,1157000000.0,-3421064,-4.2424,298511,-3719575,3421064,
688332,中科蓝讯,93.82,-1.2837,368520000.0,2.19,16745000000.0,16745000000.0,-3426281,-0.9297,-4669774,1243493,3426281,
000877,天山股份,3.75,1.9022,52080000.0,0.2,26664000000.0,26664000000.0,-3427884,-6.582,338096,-3765980,3427884,
600996,贵广网络,7.11,2.7457,154840000.0,1.76,8865000000.0,8865000000.0,-3429796,-2.2151,2053908,-5483704,3429796,
300478,杭州高新,36.08,6.872,199590000.0,4.39,4570000000.0,4570000000.0,-3430229,-1.7186,-1858873,-1571356,3430229,
600053,*ST九鼎,7.55,6.0393,62040000.0,2.01,3273000000.0,3273000000.0,-3431396,-5.5309,-4669175,1237779,3431396,
000790,华神科技,4.31,6.9479,232120000.0,8.76,2688000000.0,2684000000.0,-3441638,-1.4827,7521425,-10963063,3441638,
000820,神雾节能,3.56,0.8499,36740000.0,3.48,2302000000.0,1057000000.0,-3443823,-9.3735,1068630,-4512453,3443823,
300617,安靠智电,36.52,-0.0821,86170000.0,1.7,6052000000.0,5072000000.0,-3445923,-3.999,-1033654,-2412269,3445923,
601456,国联民生,8.7,0.4619,108570000.0,0.29,49421000000.0,38080000000.0,-3446734,-3.1747,8725037,-12171771,3446734,
300977,深圳瑞捷,18.45,2.7855,51580000.0,2.98,2809000000.0,1749000000.0,-3450195,-6.689,1052467,-4502662,3450195,
301177,迪阿股份,23.35,1.8761,30440000.0,0.33,9346000000.0,9340000000.0,-3452793,-11.3429,0,-3452793,3452793,
603217,元利科技,28.15,3.4546,94360000.0,1.62,5858000000.0,5858000000.0,-3454525,-3.661,-3314248,-140277,3454525,
300332,天壕能源,5.01,1.8293,105600000.0,2.61,4247000000.0,4071000000.0,-3457137,-3.2738,-3014943,-442194,3457137,
003015,日久光电,12.63,1.2019,66230000.0,2.12,3550000000.0,3120000000.0,-3458234,-5.2216,-498177,-2960057,3458234,
001396,誉帆科技,32.77,0.7378,33170000.0,4.46,3503000000.0,744000000.0,-3460556,-10.4328,-3289000,-171556,3460556,
600288,大恒科技,11.07,0.9116,160540000.0,3.32,4835000000.0,4835000000.0,-3465537,-2.1587,-12102557,8637020,3465537,
300771,智莱科技,11.4,0.7067,42120000.0,1.96,2736000000.0,2155000000.0,-3489787,-8.2853,481924,-3971711,3489787,
603439,三力制药,14.38,5.7353,516710000.0,9.15,5807000000.0,5807000000.0,-3491925,-0.6758,-5144033,1652108,3491925,
002319,乐通股份,10.14,0.0,46910000.0,2.22,2124000000.0,2124000000.0,-3494476,-7.4493,106155,-3600631,3494476,
300572,安车检测,24.61,-0.2836,86380000.0,1.94,5635000000.0,4463000000.0,-3497411,-4.0489,-123644,-3373767,3497411,
002427,尤夫股份,4.67,1.0823,49360000.0,1.08,4602000000.0,4598000000.0,-3501585,-7.094,170091,-3671676,3501585,
002984,森麒麟,13.03,1.0078,92960000.0,1.0,13503000000.0,9302000000.0,-3510421,-3.7763,-2184676,-1325745,3510421,
000625,长安汽车,7.15,0.4213,224430000.0,0.38,70877000000.0,59109000000.0,-3516211,-1.5667,4970687,-8486898,3516211,
001237,惠康科技,51.87,-1.3691,95540000.0,5.28,7695000000.0,1808000000.0,-3517785,-3.682,-2877262,-640523,3517785,
002368,太极股份,13.23,1.2242,106540000.0,1.3,8245000000.0,8223000000.0,-3528296,-3.3117,-280352,-3247944,3528296,
301031,中熔电气,96.45,-0.1139,168790000.0,1.52,14097000000.0,11082000000.0,-3528528,-2.0905,-4887062,1358534,3528528,
300021,大禹节水,3.94,1.8088,73490000.0,2.14,4028000000.0,3441000000.0,-3546751,-4.8262,3436699,-6983450,3546751,
300609,汇纳科技,24.39,-0.0819,47540000.0,1.61,2930000000.0,2924000000.0,-3554537,-7.4769,0,-3554537,3554537,
002236,大华股份,15.82,0.5083,239020000.0,0.63,51720000000.0,37828000000.0,-3554553,-1.4871,14616133,-18170686,3554553,
000691,亚太实业,9.27,-0.8556,60000000.0,1.97,4495000000.0,2997000000.0,-3578735,-5.9646,855058,-4433793,3578735,
000726,鲁泰Ａ,6.19,-0.1613,61120000.0,1.68,5060000000.0,3648000000.0,-3596536,-5.8844,-1111339,-2485197,3596536,
001356,富岭股份,9.75,1.6684,93440000.0,4.58,5746000000.0,2064000000.0,-3601943,-3.8548,0,-3601943,3601943,
002348,高乐股份,10.93,2.919,168810000.0,1.72,10855000000.0,9876000000.0,-3612806,-2.1402,-1293154,-2319652,3612806,
002054,德美化工,7.19,1.6973,49620000.0,1.8,3466000000.0,2764000000.0,-3628462,-7.3125,0,-3628462,3628462,
300007,汉威科技,31.37,3.4289,397320000.0,4.42,10272000000.0,8982000000.0,-3640920,-0.9164,3697164,-7338084,3640920,
002253,川大智胜,9.91,1.1224,34500000.0,1.67,2236000000.0,2081000000.0,-3656449,-10.5984,0,-3656449,3656449,
002009,天奇股份,15.81,1.4763,118290000.0,2.11,6359000000.0,5600000000.0,-3664942,-3.0983,503815,-4168757,3664942,
000863,三湘印象,4.75,1.4957,95070000.0,1.73,5608000000.0,5533000000.0,-3672063,-3.8625,1325028,-4997091,3672063,
300240,飞力达,6.16,2.3256,42530000.0,1.92,2289000000.0,2238000000.0,-3680047,-8.6528,-2407488,-1272559,3680047,
002949,华阳国际,13.24,5.3302,114750000.0,5.76,2596000000.0,2011000000.0,-3702234,-3.2263,-3435263,-266971,3702234,
301658,首航新能,22.55,1.3028,58700000.0,2.69,9299000000.0,2197000000.0,-3704316,-6.3106,-595677,-3108639,3704316,
002108,沧州明珠,4.44,1.3699,78190000.0,1.07,7320000000.0,7317000000.0,-3718999,-4.7564,3174422,-6893421,3718999,
002095,生意宝,16.2,0.2475,200550000.0,4.92,4094000000.0,4078000000.0,-3720326,-1.8551,-5597325,1876999,3720326,
300518,新迅达,26.37,8.0738,325960000.0,6.42,5258000000.0,5258000000.0,-3730747,-1.1445,5315365,-9046112,3730747,
002923,润都股份,11.37,4.1209,93990000.0,3.24,3808000000.0,2938000000.0,-3731450,-3.9701,1786702,-5518152,3731450,
301038,深水规院,17.05,1.0071,42430000.0,1.12,3804000000.0,3804000000.0,-3735943,-8.805,-3326746,-409197,3735943,
688351,微电生理,17.85,0.2809,75070000.0,0.89,8400000000.0,8400000000.0,-3737765,-4.979,0,-3737765,3737765,
603585,苏利股份,10.6,2.1195,34830000.0,1.21,2919000000.0,2870000000.0,-3740836,-10.7403,0,-3740836,3740836,
002955,鸿合科技,38.8,4.7233,266420000.0,3.37,9182000000.0,7979000000.0,-3743545,-1.4051,-14685727,10942182,3743545,
002445,中南文化,3.19,0.9494,138690000.0,1.85,7581000000.0,7548000000.0,-3756482,-2.7085,-9382719,5626237,3756482,
600338,西藏珠峰,12.76,1.0293,250750000.0,2.16,11665000000.0,11665000000.0,-3764632,-1.5013,-1745172,-2019460,3764632,
603072,天和磁材,30.76,1.2842,44480000.0,1.15,8129000000.0,3883000000.0,-3764669,-8.4637,-993517,-2771152,3764669,
603680,今创集团,10.86,2.7436,91990000.0,1.09,8511000000.0,8511000000.0,-3770494,-4.0988,-369257,-3401237,3770494,
603105,芯能科技,8.18,0.0,143670000.0,3.53,4090000000.0,4090000000.0,-3775298,-2.6278,2689196,-6464494,3775298,
002086,东方海洋,2.1,4.4776,143750000.0,4.39,4114000000.0,3320000000.0,-3776841,-2.6274,2201363,-5978204,3776841,
002933,新兴装备,27.69,0.9479,48370000.0,1.49,3249000000.0,3237000000.0,-3781763,-7.8184,-1523200,-2258563,3781763,
600131,国网信通,14.31,0.0699,72060000.0,0.42,17129000000.0,17113000000.0,-3794172,-5.2653,319162,-4113334,3794172,
300768,迪普科技,15.09,1.8219,97100000.0,1.54,9715000000.0,6348000000.0,-3804601,-3.9182,-3922096,117495,3804601,
002721,金一文化,2.75,1.1029,150870000.0,2.07,7313000000.0,7313000000.0,-3807579,-2.5237,-8329692,4522113,3807579,
301602,超研股份,16.19,1.7599,60530000.0,1.8,6935000000.0,3376000000.0,-3818386,-6.3083,-873100,-2945286,3818386,
603315,福鞍股份,10.98,1.2915,45440000.0,1.3,3518000000.0,3518000000.0,-3827868,-8.424,-1095000,-2732868,3827868,
600333,长春燃气,6.81,1.7937,65770000.0,1.59,4147000000.0,4147000000.0,-3829843,-5.8231,-2649429,-1180414,3829843,
002480,新筑股份,5.26,0.5736,27620000.0,0.69,4046000000.0,4037000000.0,-3831828,-13.8734,-3538812,-293016,3831828,
300859,西域旅游,24.86,0.0805,121580000.0,3.15,3853000000.0,3853000000.0,-3842772,-3.1607,-1998311,-1844461,3842772,
688302,海创药业-U,32.93,6.2601,80000000.0,2.49,3261000000.0,3261000000.0,-3843188,-4.804,-2078049,-1765139,3843188,
600749,西藏旅游,13.89,1.6837,104830000.0,3.35,3153000000.0,3153000000.0,-3846089,-3.6689,1745915,-5592004,3846089,
002219,新里程,2.18,3.8095,289890000.0,4.09,7525000000.0,7133000000.0,-3852380,-1.3289,11077912,-14930292,3852380,
000404,长虹华意,6.92,0.5814,38140000.0,0.8,4816000000.0,4795000000.0,-3855198,-10.108,-2218091,-1637107,3855198,
300670,大烨智能,7.11,0.8511,143790000.0,9.09,2253000000.0,1598000000.0,-3860243,-2.6846,-2076013,-1784230,3860243,
002630,*ST华西,1.66,0.0,12990000.0,0.73,1960000000.0,1788000000.0,-3860360,-29.7179,0,-3860360,3860360,
300800,力合科技,10.4,3.7924,50910000.0,2.1,2462000000.0,2437000000.0,-3861259,-7.5845,0,-3861259,3861259,
603599,广信股份,10.61,1.3372,93120000.0,0.97,9658000000.0,9658000000.0,-3865702,-4.1513,-2991270,-874432,3865702,
600865,百大集团,11.44,5.3407,602590000.0,14.28,4304000000.0,4304000000.0,-3873753,-0.6429,-9946181,6072428,3873753,
002816,*ST和科,22.4,-1.4952,27780000.0,1.24,2240000000.0,2240000000.0,-3879429,-13.9648,-411780,-3467649,3879429,
688360,德马科技,15.8,5.3333,114070000.0,2.75,4167000000.0,4167000000.0,-3879502,-3.401,-1020547,-2858955,3879502,
688237,超卓航科,58.81,0.5471,72070000.0,1.37,5274000000.0,5274000000.0,-3884467,-5.3899,-1391985,-2492482,3884467,
603969,银龙股份,7.6,-0.2625,56770000.0,0.88,6624000000.0,6472000000.0,-3893044,-6.8576,854786,-4747830,3893044,
002615,哈尔斯,6.31,0.96,52870000.0,2.78,3532000000.0,1907000000.0,-3897473,-7.3718,-2656240,-1241233,3897473,
300230,永利股份,4.34,0.9302,26890000.0,0.99,3529000000.0,2733000000.0,-3902550,-14.513,-3897000,-5550,3902550,
603101,汇嘉时代,7.56,1.7497,44580000.0,1.26,3556000000.0,3556000000.0,-3903230,-8.7556,0,-3903230,3903230,
300187,永清环保,4.59,0.8791,29200000.0,0.99,2963000000.0,2949000000.0,-3903835,-13.3693,1068514,-4972349,3903835,
603337,杰克科技,36.24,-1.1726,108670000.0,0.64,17264000000.0,16925000000.0,-3920106,-3.6073,2168783,-6088889,3920106,
688619,罗普特,14.86,-0.2685,39510000.0,1.43,2756000000.0,2756000000.0,-3920928,-9.9239,0,-3920928,3920928,
000875,电投绿能,4.83,-0.6173,253290000.0,1.57,17520000000.0,16144000000.0,-3938526,-1.5549,12628476,-16567002,3938526,
301469,恒达新材,29.22,2.6344,35250000.0,2.64,2615000000.0,1339000000.0,-3949204,-11.2034,-1166024,-2783180,3949204,
688186,广大特材,14.32,1.4164,42640000.0,1.07,4017000000.0,4017000000.0,-3960049,-9.2872,-2837000,-1123049,3960049,
301111,粤万年青,22.85,2.6966,91620000.0,2.52,3656000000.0,3656000000.0,-3962437,-4.3249,-1279844,-2682593,3962437,
688252,天德钰,21.42,-0.0933,90340000.0,1.03,8761000000.0,8761000000.0,-3963829,-4.3877,470422,-4434251,3963829,
688178,万德斯,28.93,-1.9654,37090000.0,1.5,2459000000.0,2459000000.0,-3969326,-10.7019,-4704648,735322,3969326,
301011,华立科技,15.96,2.3077,142320000.0,6.25,2465000000.0,2341000000.0,-3971337,-2.7904,727613,-4698950,3971337,
000967,盈峰环境,8.26,0.0,394970000.0,1.43,27747000000.0,27734000000.0,-3978434,-1.0073,-7624156,3645722,3978434,
000017,深中华A,7.87,4.7936,563630000.0,16.39,5424000000.0,3469000000.0,-3983088,-0.7067,13641910,-17624998,3983088,
300365,恒华科技,4.59,2.2272,59250000.0,2.54,2753000000.0,2349000000.0,-3996748,-6.7456,1380000,-5376748,3996748,
603167,渤海轮渡,8.09,0.1238,12360000.0,0.33,3795000000.0,3795000000.0,-4000334,-32.3652,-1104650,-2895684,4000334,
600203,福日电子,10.15,0.495,180260000.0,3.0,6019000000.0,6019000000.0,-4001257,-2.2197,-4137471,136214,4001257,
688278,特宝生物,51.65,0.2913,173610000.0,0.82,21083000000.0,21083000000.0,-4009760,-2.3096,1585559,-5595319,4009760,
300048,合康新能,4.88,0.4115,34280000.0,0.62,5526000000.0,5511000000.0,-4013242,-11.7072,269063,-4282305,4013242,
000898,鞍钢股份,2.06,0.9804,73920000.0,0.45,19301000000.0,16392000000.0,-4017252,-5.4346,-997867,-3019385,4017252,
001207,联科科技,17.84,-0.9439,77330000.0,1.47,5408000000.0,5220000000.0,-4021830,-5.2009,741515,-4763345,4021830,
000897,津滨发展,1.95,3.1746,91720000.0,2.95,3154000000.0,3154000000.0,-4048512,-4.414,-294171,-3754341,4048512,
300195,长荣股份,6.28,2.7823,45830000.0,2.34,2661000000.0,1971000000.0,-4053210,-8.844,0,-4053210,4053210,
002534,西子洁能,16.95,1.497,171860000.0,1.23,14169000000.0,13990000000.0,-4068719,-2.3675,4253592,-8322311,4068719,
300406,九强生物,11.71,2.7193,62550000.0,1.27,6864000000.0,4968000000.0,-4069298,-6.5057,-1443592,-2625706,4069298,
688623,双元科技,57.89,0.2945,47010000.0,2.27,4950000000.0,2056000000.0,-4070859,-8.6596,-1113602,-2957257,4070859,
603108,润达医疗,10.1,5.2083,277290000.0,4.59,6106000000.0,6106000000.0,-4074345,-1.4693,-9951,-4064394,4074345,
301180,万祥科技,11.64,1.3937,37280000.0,1.96,4656000000.0,1911000000.0,-4077298,-10.937,0,-4077298,4077298,
300839,博汇股份,13.26,2.6316,120840000.0,3.22,3821000000.0,3776000000.0,-4090926,-3.3854,-79788,-4011138,4090926,
600249,两面针,5.53,2.4074,55480000.0,1.83,3041000000.0,3041000000.0,-4095359,-7.3817,1080382,-5175741,4095359,
000626,远大控股,9.1,2.8249,109210000.0,2.4,4610000000.0,4589000000.0,-4098155,-3.7525,-1354875,-2743280,4098155,
000676,智度股份,6.77,1.0448,195960000.0,2.31,8529000000.0,8524000000.0,-4099827,-2.0922,-987147,-3112680,4099827,
605599,菜百股份,14.12,-0.773,48170000.0,0.44,10982000000.0,10982000000.0,-4118797,-8.5505,-1081675,-3037122,4118797,
002718,友邦吊顶,85.15,0.2354,56870000.0,0.69,11022000000.0,8193000000.0,-4120918,-7.2462,-149774,-3971144,4120918,
600960,渤海汽车,3.94,1.0256,30750000.0,0.82,6384000000.0,3745000000.0,-4124582,-13.4133,0,-4124582,4124582,
300777,中简科技,21.39,1.087,108030000.0,1.17,9405000000.0,9217000000.0,-4131481,-3.8244,-1425862,-2705619,4131481,
600320,振华重工,4.21,0.9592,119110000.0,0.86,22130000000.0,13936000000.0,-4134718,-3.4713,1152101,-5286819,4134718,
688551,科威尔,41.03,1.4339,139340000.0,3.09,4472000000.0,4472000000.0,-4135094,-2.9676,-6340162,2205068,4135094,
002748,世龙实业,12.31,-0.0812,68050000.0,2.31,2954000000.0,2954000000.0,-4138416,-6.0814,-4796521,658105,4138416,
600243,*ST海华,3.41,0.59,29040000.0,1.97,1496000000.0,1496000000.0,-4146598,-14.2789,-2729381,-1417217,4146598,
600918,中泰证券,5.52,1.2844,148230000.0,0.59,43709000000.0,25187000000.0,-4150157,-2.7998,965043,-5115200,4150157,
000061,农产品,6.11,1.495,97730000.0,0.9,12128000000.0,10963000000.0,-4151994,-4.2484,1183206,-5335200,4151994,
002951,金时科技,16.13,1.3191,51560000.0,0.8,6501000000.0,6470000000.0,-4195118,-8.1364,0,-4195118,4195118,
000767,晋控电力,3.44,-0.2899,206840000.0,2.07,10585000000.0,10018000000.0,-4204965,-2.033,-6245426,2040461,4204965,
600759,ST洲际,2.38,0.8475,175110000.0,1.79,9875000000.0,9862000000.0,-4220939,-2.4105,525215,-4746154,4220939,
300250,初灵信息,15.25,1.6667,77900000.0,3.25,3260000000.0,2403000000.0,-4225187,-5.4239,1021262,-5246449,4225187,
002188,中天服务,5.6,4.2831,57840000.0,4.08,1832000000.0,1441000000.0,-4225398,-7.3053,-282498,-3942900,4225398,
002481,双塔食品,4.35,2.8369,57110000.0,1.19,5367000000.0,4864000000.0,-4226601,-7.4008,0,-4226601,4226601,
001268,联合精密,24.15,0.4158,55160000.0,2.42,3639000000.0,2278000000.0,-4242205,-7.6907,0,-4242205,4242205,
300703,创源股份,14.36,3.7572,105090000.0,4.34,2590000000.0,2436000000.0,-4247692,-4.042,-2914697,-1332995,4247692,
600754,锦江酒店,18.62,0.7031,139940000.0,0.83,19813000000.0,16871000000.0,-4254742,-3.0404,-1115128,-3139614,4254742,
301376,致欧科技,22.86,1.8263,84270000.0,1.92,9200000000.0,4427000000.0,-4255334,-5.0496,-943859,-3311475,4255334,
300161,华中数控,27.22,-1.0182,128950000.0,2.43,5409000000.0,5321000000.0,-4283308,-3.3217,-201724,-4081584,4283308,
600166,福田汽车,2.79,0.3597,174660000.0,0.79,22090000000.0,22090000000.0,-4283486,-2.4525,2412286,-6695772,4283486,
300162,雷曼光电,7.92,1.5385,222520000.0,8.26,3323000000.0,2710000000.0,-4293161,-1.9293,-3109111,-1184050,4293161,
688239,航宇科技,57.88,2.0811,400790000.0,3.63,11050000000.0,11050000000.0,-4293584,-1.0713,-18226037,13932453,4293584,
600602,云赛智联,17.2,0.7026,259520000.0,1.41,23524000000.0,18478000000.0,-4300431,-1.6571,-1890753,-2409678,4300431,
600527,江南高纤,2.25,2.2727,90800000.0,2.35,3896000000.0,3896000000.0,-4300516,-4.7363,-1707495,-2593021,4300516,
600106,重庆路桥,4.47,0.6757,38470000.0,0.65,5941000000.0,5941000000.0,-4310712,-11.2054,-3267474,-1043238,4310712,
601002,晋亿实业,5.28,0.7634,32860000.0,0.65,5078000000.0,5039000000.0,-4311614,-13.1212,-1004784,-3306830,4311614,
000812,陕西金叶,3.83,0.7895,105600000.0,3.66,2897000000.0,2896000000.0,-4322302,-4.0931,-4382406,60104,4322302,
002920,德赛西威,84.57,-0.1888,252740000.0,0.5,50472000000.0,50456000000.0,-4326258,-1.7117,-3266762,-1059496,4326258,
600848,上海临港,8.63,1.4101,76560000.0,0.37,21769000000.0,20659000000.0,-4330118,-5.6558,-1204531,-3125587,4330118,
002278,神开股份,8.1,1.5038,52830000.0,1.83,3148000000.0,2906000000.0,-4342928,-8.2206,-1283370,-3059558,4342928,
688148,芳源股份,6.03,0.5,63680000.0,2.07,3076000000.0,3076000000.0,-4351264,-6.833,0,-4351264,4351264,
301595,太力科技,46.02,1.1873,82100000.0,4.39,4983000000.0,1879000000.0,-4351663,-5.3004,182386,-4534049,4351663,
301381,赛维时代,24.4,1.6243,207910000.0,2.11,9918000000.0,9909000000.0,-4363504,-2.0987,1298928,-5662432,4363504,
688215,瑞晟智能,47.83,-0.3542,48990000.0,1.12,4322000000.0,4322000000.0,-4366741,-8.9135,-71955,-4294786,4366741,
603150,万朗磁塑,70.37,2.0595,159400000.0,2.64,6015000000.0,6015000000.0,-4373234,-2.7436,78814,-4452048,4373234,
600234,科新发展,22.14,2.5,48100000.0,0.83,5812000000.0,5812000000.0,-4374727,-9.0951,-1071403,-3303324,4374727,
688268,华特气体,136.17,-1.476,664800000.0,3.8,17386000000.0,17386000000.0,-4378819,-0.6587,-47664348,43285529,4378819,
600551,时代出版,7.66,1.8617,147440000.0,2.85,5194000000.0,5194000000.0,-4385164,-2.9742,-4147548,-237616,4385164,
688051,佳华科技,25.99,8.4272,89260000.0,4.49,2010000000.0,2010000000.0,-4388809,-4.9169,-5043774,654965,4388809,
002810,山东赫达,21.55,2.864,86790000.0,1.26,7501000000.0,6962000000.0,-4409136,-5.0802,677931,-5087067,4409136,
000959,首钢股份,3.53,1.4368,85220000.0,0.33,27375000000.0,26304000000.0,-4415007,-5.1807,-2435388,-1979619,4415007,
002175,*ST东智,2.54,0.3953,24900000.0,0.77,3243000000.0,3243000000.0,-4421510,-17.7571,-1714328,-2707182,4421510,
300819,聚杰微纤,49.32,0.8795,215350000.0,3.22,7359000000.0,6646000000.0,-4422195,-2.0535,-1661920,-2760275,4422195,
600724,宁波富达,5.06,2.0161,33150000.0,0.46,7313000000.0,7311000000.0,-4428843,-13.36,0,-4428843,4428843,
603786,科博达,37.71,0.2392,55340000.0,0.36,15229000000.0,15229000000.0,-4432756,-8.01,-1370201,-3062555,4432756,
300978,东箭科技,8.7,0.8111,44770000.0,1.79,3678000000.0,2498000000.0,-4437377,-9.9115,-867516,-3569861,4437377,
300470,中密控股,27.78,-0.2872,33170000.0,0.61,5776000000.0,5482000000.0,-4466629,-13.4659,-1396167,-3070462,4466629,
301631,壹连科技,64.1,2.8562,179340000.0,6.5,8204000000.0,2794000000.0,-4470259,-2.4926,3984622,-8454881,4470259,
002643,万润股份,13.45,-0.4441,190970000.0,1.57,12319000000.0,12135000000.0,-4474820,-2.3432,-138770,-4336050,4474820,
603685,晨丰科技,27.79,0.9444,34420000.0,0.62,7029000000.0,5599000000.0,-4480397,-13.0168,-3111486,-1368911,4480397,
600552,凯盛科技,18.06,1.0632,1211210000.0,7.03,17060000000.0,17060000000.0,-4490248,-0.3707,-10058752,5568504,4490248,
600491,ST龙元,1.67,-1.7647,78160000.0,3.06,2555000000.0,2555000000.0,-4490957,-5.7459,-389935,-4101022,4490957,
688727,恒坤新材,48.33,-1.7483,162040000.0,6.17,21716000000.0,2611000000.0,-4496052,-2.7747,5358394,-9854446,4496052,
603385,惠达卫浴,5.6,3.1308,24470000.0,1.16,2132000000.0,2132000000.0,-4502324,-18.3994,-2228785,-2273539,4502324,
000603,盛达资源,34.18,-1.6686,1008110000.0,4.38,23583000000.0,22788000000.0,-4514099,-0.4478,3186638,-7700737,4514099,
002573,清新环境,3.17,1.6026,34610000.0,0.78,4486000000.0,4478000000.0,-4520885,-13.0624,48254,-4569139,4520885,
000757,浩物股份,4.29,2.6316,47340000.0,2.09,2285000000.0,2285000000.0,-4531156,-9.5715,646011,-5177167,4531156,
603355,莱克电气,30.79,4.4791,161300000.0,0.93,17655000000.0,17655000000.0,-4536195,-2.8123,1062680,-5598875,4536195,
301062,上海艾录,7.1,0.8523,50290000.0,2.56,3076000000.0,1954000000.0,-4537712,-9.0231,0,-4537712,4537712,
601200,上海环境,6.86,0.4392,39180000.0,0.42,9235000000.0,9235000000.0,-4537833,-11.582,0,-4537833,4537833,
002921,联诚精密,20.72,1.4691,76120000.0,2.85,3087000000.0,2668000000.0,-4539569,-5.9637,2225956,-6765525,4539569,
002136,安纳达,12.02,1.3491,60070000.0,2.35,2585000000.0,2578000000.0,-4558747,-7.5891,2167432,-6726179,4558747,
600133,东湖高新,8.07,-0.1238,64290000.0,0.74,8605000000.0,8605000000.0,-4575362,-7.1168,-2956667,-1618695,4575362,
002242,九阳股份,9.5,0.7423,135180000.0,1.88,7249000000.0,7237000000.0,-4584150,-3.3911,-8350719,3766569,4584150,
001391,国货航,4.02,0.0,78720000.0,1.29,49080000000.0,6108000000.0,-4587650,-5.8278,1389848,-5977498,4587650,
300525,博思软件,7.84,1.5544,81410000.0,1.7,5893000000.0,4825000000.0,-4589623,-5.6377,-5156722,567099,4589623,
300176,鸿特科技,4.43,1.8391,53600000.0,2.28,2354000000.0,2354000000.0,-4590484,-8.5643,-2625000,-1965484,4590484,
600251,冠农股份,10.4,1.7613,156870000.0,1.95,8081000000.0,8081000000.0,-4596578,-2.9302,-4883036,286458,4596578,
603139,康惠股份,38.3,0.9755,219480000.0,5.71,4077000000.0,3825000000.0,-4609745,-2.1003,16323433,-20933178,4609745,
688314,康拓医疗,31.31,3.6412,53310000.0,2.1,2556000000.0,2556000000.0,-4626306,-8.6781,394039,-5020345,4626306,
300107,建新股份,6.68,1.6743,45760000.0,1.98,3759000000.0,2323000000.0,-4640700,-10.1414,-1600054,-3040646,4640700,
605136,丽人丽妆,8.59,1.4168,50730000.0,1.48,3440000000.0,3440000000.0,-4642943,-9.1523,-3980942,-662001,4642943,
002262,恩华药业,21.85,1.6752,194320000.0,1.01,22133000000.0,19311000000.0,-4652296,-2.3941,-1781108,-2871188,4652296,
300901,中胤时尚,19.02,6.734,156060000.0,3.45,4565000000.0,4565000000.0,-4653116,-2.9816,-4879550,226434,4653116,
601827,三峰环境,7.83,-0.7605,54720000.0,0.42,13091000000.0,13091000000.0,-4672852,-8.5396,-1847345,-2825507,4672852,
600501,航天晨光,15.05,0.7363,71230000.0,1.11,6439000000.0,6439000000.0,-4673854,-6.5616,-95966,-4577888,4673854,
605116,奥锐特,20.18,2.1255,56080000.0,0.69,8197000000.0,8197000000.0,-4674263,-8.335,0,-4674263,4674263,
300068,ST南都,4.37,0.6912,161610000.0,4.37,3926000000.0,3728000000.0,-4676874,-2.8939,-5301951,625077,4676874,
002820,桂发祥,9.99,3.2025,58120000.0,2.93,2007000000.0,2007000000.0,-4690516,-8.0704,0,-4690516,4690516,
300681,英搏尔,20.86,-0.1436,127130000.0,2.63,6384000000.0,4815000000.0,-4692455,-3.6911,-5344772,652317,4692455,
603916,苏博特,10.97,1.2927,60800000.0,1.32,4611000000.0,4611000000.0,-4699777,-7.7299,-722429,-3977348,4699777,
600740,山西焦化,3.84,2.1277,101910000.0,1.05,9839000000.0,9839000000.0,-4700649,-4.6125,-4673654,-26995,4700649,
600539,狮头股份,13.48,1.2772,90440000.0,2.93,3100000000.0,3100000000.0,-4705922,-5.2034,-1394742,-3311180,4705922,
002247,聚力文化,2.48,4.2017,48490000.0,3.09,2110000000.0,1596000000.0,-4706055,-9.7052,0,-4706055,4706055,
002729,好利科技,14.04,0.7174,45560000.0,1.85,2569000000.0,2463000000.0,-4707026,-10.3315,-2131599,-2575427,4707026,
603863,松炀资源,12.6,2.107,42350000.0,1.66,2579000000.0,2579000000.0,-4713507,-11.1299,-455870,-4257637,4713507,
300303,聚飞光电,6.97,0.7225,207740000.0,2.25,9875000000.0,9261000000.0,-4718599,-2.2714,-2009506,-2709093,4718599,
603197,保隆科技,29.35,1.3117,70770000.0,1.14,6282000000.0,6197000000.0,-4738175,-6.6952,-1610296,-3127879,4738175,
688418,震有科技,32.19,-1.8298,84080000.0,1.34,6198000000.0,6198000000.0,-4743492,-5.6416,-2553554,-2189938,4743492,
600735,ST新华锦,6.64,-0.7474,32760000.0,1.15,2847000000.0,2825000000.0,-4758664,-14.5258,-434850,-4323814,4758664,
603871,嘉友国际,12.28,-0.0814,87060000.0,0.52,16799000000.0,16799000000.0,-4764918,-5.4731,-1207610,-3557308,4764918,
688323,瑞华泰,26.9,1.1278,201460000.0,3.75,5391000000.0,5391000000.0,-4769667,-2.3676,-2147786,-2621881,4769667,
600982,宁波能源,5.16,-0.7692,106500000.0,1.85,5767000000.0,5767000000.0,-4772565,-4.4813,-444084,-4328481,4772565,
002333,罗普斯金,5.39,1.8904,42080000.0,1.18,3638000000.0,3592000000.0,-4791561,-11.3868,764359,-5555920,4791561,
000530,冰山冷热,5.35,2.8846,97080000.0,3.03,4511000000.0,3211000000.0,-4798736,-4.9431,1327083,-6125819,4798736,
300561,汇金科技,15.96,1.5267,233240000.0,6.11,5237000000.0,3847000000.0,-4810366,-2.0624,-2165625,-2644741,4810366,
002565,顺灏股份,9.19,4.195,955080000.0,9.79,9741000000.0,9741000000.0,-4814588,-0.5041,14955336,-19769924,4814588,
002161,远望谷,7.16,-1.2414,638820000.0,11.97,5297000000.0,5296000000.0,-4820446,-0.7546,-50666448,45846002,4820446,
300092,科新机电,11.38,0.3527,28600000.0,1.2,3117000000.0,2388000000.0,-4820609,-16.8553,0,-4820609,4820609,
600113,浙江东日,30.29,0.2648,123630000.0,0.99,12462000000.0,12462000000.0,-4821817,-3.9002,-2370391,-2451426,4821817,
301095,广立微,77.59,-1.473,382310000.0,2.81,15540000000.0,13540000000.0,-4825679,-1.2622,-8080807,3255128,4825679,
002543,万和电气,7.27,1.6783,70140000.0,1.46,5406000000.0,4807000000.0,-4828404,-6.884,-2984800,-1843604,4828404,
603199,九华旅游,33.36,1.7383,50820000.0,1.39,3692000000.0,3692000000.0,-4832298,-9.5087,3315,-4835613,4832298,
000783,长江证券,8.51,0.7101,544190000.0,1.16,47061000000.0,47061000000.0,-4862432,-0.8935,12110298,-16972730,4862432,
000821,ST京机,7.52,0.2667,39470000.0,0.88,4684000000.0,4501000000.0,-4872223,-12.3441,-4653081,-219142,4872223,
000953,中哲精化,6.1,3.7415,51520000.0,2.33,2233000000.0,2233000000.0,-4875339,-9.463,-1694137,-3181202,4875339,
002753,永东股份,6.87,2.2321,61110000.0,3.02,2945000000.0,2032000000.0,-4875455,-7.9782,-1434429,-3441026,4875455,
600617,国新能源,3.36,2.7523,94500000.0,1.6,6482000000.0,5966000000.0,-4883925,-5.1682,618286,-5502211,4883925,
603209,兴通股份,14.8,1.4393,52080000.0,1.1,4810000000.0,4758000000.0,-4886826,-9.3833,-2206704,-2680122,4886826,
688523,航天环宇,41.1,-1.3679,97860000.0,0.58,16723000000.0,16723000000.0,-4891269,-4.9982,-1511366,-3379903,4891269,
300967,晓鸣股份,16.79,0.7199,70910000.0,3.37,3149000000.0,2095000000.0,-4892712,-6.8999,-3239758,-1652954,4892712,
688216,气派科技,41.12,6.0067,423930000.0,9.9,4704000000.0,4369000000.0,-4901083,-1.1561,3714998,-8616081,4901083,
002039,黔源电力,19.35,0.2071,83660000.0,1.02,8273000000.0,8273000000.0,-4901602,-5.859,-2988720,-1912882,4901602,
688208,道通科技,25.21,1.3264,178700000.0,1.06,16895000000.0,16895000000.0,-4916749,-2.7514,3242510,-8159259,4916749,
301107,瑜欣电子,24.26,2.4926,87860000.0,4.47,3449000000.0,1969000000.0,-4923174,-5.6034,1084901,-6008075,4923174,
300964,本川智能,75.16,3.1709,561490000.0,8.73,8032000000.0,6494000000.0,-4929820,-0.878,-5484245,554425,4929820,
001298,好上好,17.11,-0.0584,87790000.0,1.26,7400000000.0,6971000000.0,-4931647,-5.6175,0,-4931647,4931647,
300341,麦克奥迪,13.24,2.0031,76990000.0,1.12,6851000000.0,6829000000.0,-4945744,-6.4239,-3537569,-1408175,4945744,
600483,福能股份,10.86,-1.3624,102650000.0,0.34,30192000000.0,30192000000.0,-4955882,-4.8279,-227135,-4728747,4955882,
600586,金晶科技,4.09,0.7389,54800000.0,0.94,5797000000.0,5797000000.0,-4959860,-9.0508,5991048,-10950908,4959860,
300052,中青宝,10.45,1.8519,94690000.0,3.47,2736000000.0,2736000000.0,-4969576,-5.2483,0,-4969576,4969576,
300982,苏文电能,14.35,1.2703,30890000.0,1.12,2970000000.0,2782000000.0,-4972857,-16.0986,-34368,-4938489,4972857,
600216,浙江医药,12.82,2.1514,217870000.0,1.79,12328000000.0,12197000000.0,-4973249,-2.2827,-9039955,4066706,4973249,
600794,保税科技,3.24,0.9346,35190000.0,0.91,3888000000.0,3888000000.0,-4982922,-14.1601,-5101497,118575,4982922,
300695,兆丰股份,53.24,-0.9673,66640000.0,1.21,5444000000.0,5444000000.0,-4993886,-7.4938,-1392545,-3601341,4993886,
600995,南网储能,12.24,-0.6494,82320000.0,0.21,39119000000.0,39119000000.0,-4995410,-6.0683,-2223598,-2771812,4995410,
002583,海能达,8.29,0.3632,110400000.0,1.04,15076000000.0,10637000000.0,-5000960,-4.5299,877578,-5878538,5000960,
002985,北摩高科,27.81,1.4593,116220000.0,1.26,9229000000.0,9206000000.0,-5004321,-4.3059,82705,-5087026,5004321,
301172,君逸数码,18.71,0.6455,77920000.0,2.5,4206000000.0,3111000000.0,-5011146,-6.4311,-375118,-4636028,5011146,
600350,山东高速,9.94,-0.6,147140000.0,0.31,48056000000.0,48056000000.0,-5030053,-3.4185,-7640821,2610768,5030053,
300589,江龙船艇,14.48,4.6999,336620000.0,10.54,5469000000.0,3222000000.0,-5032449,-1.495,-4284806,-747643,5032449,
300342,天银机电,32.44,0.8393,333500000.0,2.45,13788000000.0,13636000000.0,-5032899,-1.5091,502532,-5535431,5032899,
301327,华宝新能,41.27,1.9012,48790000.0,0.83,7197000000.0,5892000000.0,-5040197,-10.3304,0,-5040197,5040197,
300296,利亚德,4.94,1.0225,144610000.0,1.26,13397000000.0,11466000000.0,-5067167,-3.504,3421355,-8488522,5067167,
603284,林平发展,41.22,0.1214,46900000.0,6.03,3109000000.0,777000000.0,-5071343,-10.8131,-289151,-4782192,5071343,
002229,鸿博股份,11.11,1.0,245400000.0,4.5,5479000000.0,5479000000.0,-5075840,-2.0684,1472650,-6548490,5075840,
301029,怡合达,24.79,0.6905,121300000.0,1.08,15762000000.0,11225000000.0,-5094583,-4.2,-1211984,-3882599,5094583,
002798,帝欧水华,6.62,-0.3012,50670000.0,1.48,3889000000.0,3421000000.0,-5105153,-10.0753,-1206480,-3898673,5105153,
300507,苏奥传感,6.53,0.6163,44460000.0,0.88,5250000000.0,5083000000.0,-5106476,-11.4856,-599106,-4507370,5106476,
000430,张家界,7.08,0.7112,103430000.0,3.97,5732000000.0,2624000000.0,-5112190,-4.9427,-3814405,-1297785,5112190,
000155,川能动力,11.91,0.9322,192880000.0,0.88,21988000000.0,21988000000.0,-5114351,-2.6516,6374197,-11488548,5114351,
301551,无线传媒,22.87,-1.6344,340610000.0,9.68,9148000000.0,3535000000.0,-5120568,-1.5034,-7463377,2342809,5120568,
301319,唯特偶,99.88,0.7973,942070000.0,6.82,18224000000.0,13735000000.0,-5125159,-0.544,11158329,-16283488,5125159,
300147,*ST香雪,6.54,0.1531,55120000.0,1.28,4325000000.0,4301000000.0,-5136701,-9.3191,393143,-5529844,5136701,
603528,多伦科技,6.5,1.5625,71520000.0,1.58,4589000000.0,4589000000.0,-5153921,-7.2063,-397518,-4756403,5153921,
600012,皖通高速,15.49,-3.0056,126350000.0,0.69,26466000000.0,18055000000.0,-5156880,-4.0814,-529837,-4627043,5156880,
002970,锐明技术,43.73,0.4825,142160000.0,2.46,8070000000.0,5752000000.0,-5163689,-3.6323,823272,-5986961,5163689,
603279,景津装备,11.22,0.7181,56590000.0,0.88,6467000000.0,6467000000.0,-5202512,-9.1933,-2514092,-2688420,5202512,
600979,广安爱众,4.01,-0.4963,101250000.0,2.04,5018000000.0,4979000000.0,-5206601,-5.1423,-5471748,265147,5206601,
300463,迈克生物,9.37,3.1938,71780000.0,1.57,5666000000.0,4606000000.0,-5214271,-7.2642,-1551222,-3663049,5214271,
605218,伟时电子,14.49,2.1862,52220000.0,1.49,3518000000.0,3518000000.0,-5218946,-9.9942,0,-5218946,5218946,
603205,健尔康,21.75,-1.1364,44560000.0,4.96,3393000000.0,899000000.0,-5229143,-11.7351,-276517,-4952626,5229143,
600261,阳光照明,3.47,-1.1396,244290000.0,5.27,4633000000.0,4633000000.0,-5234512,-2.1427,21522,-5256034,5234512,
603817,海峡环保,5.78,0.6969,45490000.0,1.38,3295000000.0,3295000000.0,-5237446,-11.5134,-1063087,-4174359,5237446,
600665,天地源,3.51,3.5398,48380000.0,1.62,3033000000.0,3033000000.0,-5240072,-10.8311,0,-5240072,5240072,
000785,居然智家,2.31,3.5874,182170000.0,1.29,14384000000.0,14269000000.0,-5265988,-2.8907,-5530689,264701,5265988,
300055,万邦达,6.04,2.3729,93290000.0,2.46,5054000000.0,3822000000.0,-5266856,-5.6457,358182,-5625038,5266856,
003029,吉大正元,17.95,1.2408,84520000.0,2.69,3475000000.0,3152000000.0,-5270946,-6.2363,0,-5270946,5270946,
603566,普莱柯,10.29,1.6798,28930000.0,0.82,3561000000.0,3561000000.0,-5285296,-18.2693,0,-5285296,5285296,
688515,裕太微-U,152.24,-0.6396,326440000.0,4.27,12179000000.0,7585000000.0,-5290665,-1.6207,-1907079,-3383586,5290665,
603701,德宏股份,19.93,0.0502,44010000.0,0.85,5209000000.0,5209000000.0,-5313564,-12.0735,-3469847,-1843717,5313564,
300651,金陵体育,16.32,2.5126,84520000.0,5.06,2305000000.0,1688000000.0,-5334228,-6.3112,-2108209,-3226019,5334228,
002950,奥美医疗,8.61,2.1352,74420000.0,2.02,5452000000.0,3699000000.0,-5336486,-7.1708,-3505152,-1831334,5336486,
300387,富邦科技,7.45,2.0548,49160000.0,2.29,2153000000.0,2153000000.0,-5346728,-10.8762,-2241000,-3105728,5346728,
002397,梦洁股份,3.73,0.8108,52760000.0,2.19,2789000000.0,2418000000.0,-5348259,-10.137,-3958717,-1389542,5348259,
600236,XD桂冠电,9.6,-0.2079,55010000.0,0.07,75671000000.0,75671000000.0,-5352557,-9.7302,-2130129,-3222428,5352557,
600841,动力新科,5.89,0.6838,79910000.0,1.3,8174000000.0,6143000000.0,-5356510,-6.7032,-1837326,-3519184,5356510,
300834,星辉环材,40.31,0.9264,57640000.0,0.74,7809000000.0,7809000000.0,-5360783,-9.3005,-2957100,-2403683,5360783,
688280,精进电动-W,4.99,-0.3992,40430000.0,1.56,2945000000.0,2598000000.0,-5362845,-13.2645,0,-5362845,5362845,
300804,广康生化,46.17,1.5842,61970000.0,4.91,3417000000.0,1270000000.0,-5365877,-8.6588,-685763,-4680114,5365877,
000151,中成股份,10.15,0.0986,67920000.0,2.18,3562000000.0,3126000000.0,-5367791,-7.9031,-2113277,-3254514,5367791,
300020,ST银江,3.97,-0.9975,34950000.0,1.15,3155000000.0,3044000000.0,-5373050,-15.3735,-1015854,-4357196,5373050,
002998,优彩资源,7.98,2.1767,86370000.0,4.0,2831000000.0,2159000000.0,-5378825,-6.2277,-1168973,-4209852,5378825,
603291,联合水务,8.87,-1.0045,52640000.0,1.4,3754000000.0,3754000000.0,-5382767,-10.2256,-565453,-4817314,5382767,
300942,易瑞生物,6.69,4.2056,59260000.0,2.21,2710000000.0,2710000000.0,-5385006,-9.0871,0,-5385006,5385006,
301531,春光集团,54.45,-0.7654,248720000.0,9.68,11964000000.0,2553000000.0,-5407061,-2.174,-9477435,4070374,5407061,
300680,隆盛科技,21.02,2.2374,145850000.0,3.07,6182000000.0,4758000000.0,-5411477,-3.7103,-1754231,-3657246,5411477,
300327,中颖电子,25.5,0.3147,201830000.0,2.34,8705000000.0,8640000000.0,-5412706,-2.6818,4032511,-9445217,5412706,
000723,美锦能源,3.62,0.8357,188470000.0,1.2,15941000000.0,15911000000.0,-5415873,-2.8736,563600,-5979473,5415873,
688029,南微医学,84.83,5.0136,408470000.0,2.59,15935000000.0,15935000000.0,-5418984,-1.3267,1066949,-6485933,5418984,
603188,亚邦股份,4.6,2.9083,53330000.0,2.05,2623000000.0,2623000000.0,-5422655,-10.1681,1029564,-6452219,5422655,
600230,沧州大化,13.75,0.9545,87920000.0,1.54,5692000000.0,5692000000.0,-5434115,-6.1807,-1529001,-3905114,5434115,
002339,积成电子,7.99,-0.6219,350440000.0,9.22,4028000000.0,3826000000.0,-5447649,-1.5545,-4532949,-914700,5447649,
688665,四方光电,42.99,-3.2193,46210000.0,1.06,4350000000.0,4350000000.0,-5456377,-11.8078,-3284368,-2172009,5456377,
000610,*ST西旅,8.42,2.4331,71540000.0,3.68,1993000000.0,1983000000.0,-5456806,-7.6276,-1736026,-3720780,5456806,
688513,苑东生物,49.98,2.9666,168050000.0,1.9,8823000000.0,8823000000.0,-5461767,-3.2501,-2436711,-3025056,5461767,
301287,康力源,41.04,0.416,25240000.0,3.61,2736000000.0,699000000.0,-5472404,-21.6815,-282669,-5189735,5472404,
002258,利尔化学,14.96,1.838,339960000.0,2.83,11975000000.0,11954000000.0,-5474468,-1.6103,-7577083,2102615,5474468,
600847,万里股份,13.75,-1.2213,238850000.0,11.22,2108000000.0,2108000000.0,-5497892,-2.3018,-5430412,-67480,5497892,
603276,恒兴新材,18.11,0.8914,94970000.0,6.84,3761000000.0,1381000000.0,-5505059,-5.7966,872423,-6377482,5505059,
300644,南京聚隆,20.38,5.323,95860000.0,5.42,2261000000.0,1803000000.0,-5512946,-5.751,0,-5512946,5512946,
300484,蓝海华腾,12.8,1.5873,42370000.0,1.94,2652000000.0,2199000000.0,-5518059,-13.0235,-2309766,-3208293,5518059,
603985,恒润股份,16.94,-0.3529,105460000.0,1.41,7468000000.0,7468000000.0,-5521250,-5.2354,738897,-6260147,5521250,
301096,百诚医药,52.95,0.5125,195350000.0,4.45,5784000000.0,4401000000.0,-5538416,-2.8351,-8088782,2550366,5538416,
001230,劲旅环境,19.25,2.6119,74230000.0,3.5,3615000000.0,2117000000.0,-5547386,-7.4732,245008,-5792394,5547386,
002237,恒邦股份,13.74,-1.0086,202590000.0,1.23,19648000000.0,16383000000.0,-5549128,-2.7391,-6632308,1083180,5549128,
002004,华邦健康,4.54,3.653,166610000.0,1.97,8989000000.0,8559000000.0,-5553597,-3.3333,396779,-5950376,5553597,
601555,东吴证券,8.31,0.1205,225800000.0,0.55,41290000000.0,41290000000.0,-5553776,-2.4596,-6391229,837453,5553776,
002574,明牌珠宝,5.13,1.9881,44680000.0,1.66,2709000000.0,2709000000.0,-5554189,-12.431,-11129998,5575809,5554189,
002856,*ST美芝,23.69,2.1121,175680000.0,6.01,3206000000.0,2935000000.0,-5559522,-3.1646,-9526822,3967300,5559522,
688687,凯因科技,18.22,5.8072,90650000.0,2.95,3115000000.0,3115000000.0,-5560796,-6.1344,-4682751,-878045,5560796,
603615,茶花股份,19.15,-4.25,188530000.0,4.01,4631000000.0,4631000000.0,-5568265,-2.9535,-303617,-5264648,5568265,
600963,岳阳林纸,3.44,1.4749,100870000.0,1.68,6046000000.0,6046000000.0,-5580027,-5.5319,-14796631,9216604,5580027,
002743,ST富煌,5.17,-1.3359,77470000.0,3.46,2250000000.0,2247000000.0,-5614914,-7.2479,171788,-5786702,5614914,
301015,百洋医药,26.16,2.3875,344290000.0,2.49,13750000000.0,13749000000.0,-5621595,-1.6328,-16375462,10753867,5621595,
301386,未来电器,21.31,8.4478,100730000.0,10.72,2983000000.0,959000000.0,-5630487,-5.5897,-4932411,-698076,5630487,
603607,京华激光,23.94,-1.4815,185660000.0,4.36,4274000000.0,4274000000.0,-5633612,-3.0344,-4354125,-1279487,5633612,
603918,金桥信息,10.76,0.3731,169660000.0,4.35,3929000000.0,3929000000.0,-5649918,-3.3301,-1556648,-4093270,5649918,
300878,维康药业,31.95,-1.1448,106030000.0,2.28,4626000000.0,4605000000.0,-5660127,-5.3382,477433,-6137560,5660127,
600676,久事动娱,6.85,1.632,79110000.0,1.12,7045000000.0,7045000000.0,-5662527,-7.1578,-4737780,-924747,5662527,
600658,电子城,4.18,2.7027,57570000.0,1.24,4676000000.0,4676000000.0,-5676054,-9.8594,-1339620,-4336434,5676054,
300727,润禾材料,35.57,0.6793,138440000.0,2.43,6407000000.0,5766000000.0,-5678377,-4.1017,1517598,-7195975,5678377,
300611,美力科技,27.83,3.1887,143480000.0,3.5,5874000000.0,4127000000.0,-5690603,-3.9661,-2944352,-2746251,5690603,
002687,乔治白,6.65,4.5597,114490000.0,4.2,3357000000.0,2751000000.0,-5694881,-4.9741,4016849,-9711730,5694881,
000965,天保基建,3.41,4.2813,123790000.0,3.33,3785000000.0,3785000000.0,-5697920,-4.6029,2405414,-8103334,5697920,
301152,天力锂能,21.58,2.1297,87320000.0,5.73,2562000000.0,1534000000.0,-5708079,-6.537,1001606,-6709685,5708079,
000695,滨海能源,13.08,0.1531,43050000.0,1.48,3031000000.0,2904000000.0,-5712878,-13.2703,0,-5712878,5712878,
300294,博雅生物,14.81,2.8472,91280000.0,1.23,7468000000.0,7468000000.0,-5713904,-6.2598,1868783,-7582687,5713904,
000615,*ST美谷,3.24,0.3096,20400000.0,0.68,5791000000.0,2998000000.0,-5722951,-28.0537,358350,-6081301,5722951,
000715,中兴商业,5.45,1.1132,39060000.0,1.48,2945000000.0,2650000000.0,-5732440,-14.676,-1021002,-4711438,5732440,
001278,一彬科技,16.52,2.291,49400000.0,3.51,2044000000.0,1410000000.0,-5735485,-11.6103,0,-5735485,5735485,
300012,华测检测,14.67,0.9635,242170000.0,1.15,24687000000.0,21007000000.0,-5755857,-2.3768,-4417277,-1338580,5755857,
603668,天马科技,12.65,-2.4672,175440000.0,2.76,6398000000.0,6398000000.0,-5766495,-3.2869,-10846818,5080323,5766495,
688033,*ST天宜,7.28,-0.5464,24820000.0,0.6,4093000000.0,4093000000.0,-5773017,-23.2595,0,-5773017,5773017,
601015,陕西黑猫,3.64,0.5525,217350000.0,2.96,7435000000.0,7435000000.0,-5776464,-2.6577,2227561,-8004025,5776464,
300206,理邦仪器,11.8,3.3275,88530000.0,2.23,6840000000.0,3993000000.0,-5785449,-6.535,-5740703,-44746,5785449,
600055,万东医疗,10.52,3.0362,67130000.0,0.91,7396000000.0,7396000000.0,-5808732,-8.653,-3964139,-1844593,5808732,
600697,欧亚集团,11.79,3.5119,110990000.0,6.12,1876000000.0,1832000000.0,-5811036,-5.2356,1252029,-7063065,5811036,
002322,理工能科,12.15,4.1131,99760000.0,2.36,4441000000.0,4269000000.0,-5832223,-5.8463,-10444771,4612548,5832223,
600198,大唐电信,7.68,1.3193,124290000.0,1.25,10012000000.0,9999000000.0,-5842173,-4.7004,138192,-5980365,5842173,
688175,高凌信息,21.98,1.104,223300000.0,6.13,3695000000.0,3695000000.0,-5850909,-2.6202,1830705,-7681614,5850909,
300692,中赋科技,9.67,6.2637,337370000.0,6.65,5437000000.0,5080000000.0,-5853724,-1.7351,-2321965,-3531759,5853724,
600897,厦门空港,15.32,1.3228,44710000.0,0.7,6387000000.0,6387000000.0,-5867072,-13.1225,-4092100,-1774972,5867072,
600590,泰豪科技,8.84,1.6092,231990000.0,3.14,7539000000.0,7457000000.0,-5873466,-2.5318,-11318327,5444861,5873466,
002090,金智科技,9.2,0.3272,59940000.0,1.64,3685000000.0,3663000000.0,-5885184,-9.8185,-798131,-5087053,5885184,
603255,鼎际得,33.61,2.3447,100120000.0,4.93,4505000000.0,2039000000.0,-5892029,-5.885,-1201858,-4690171,5892029,
002459,晶澳科技,6.95,1.6082,219230000.0,0.96,23003000000.0,22982000000.0,-5916233,-2.6986,12953781,-18870014,5916233,
688799,华纳药厂,59.45,5.9715,371340000.0,4.73,7945000000.0,7945000000.0,-5918082,-1.5937,-2911411,-3006671,5918082,
301117,ST佳缘,13.72,1.705,64400000.0,4.09,2481000000.0,1590000000.0,-5920019,-9.1926,815603,-6735622,5920019,
002493,荣盛石化,13.11,2.0233,616620000.0,0.51,130962000000.0,122738000000.0,-5930517,-0.9618,-19599680,13669163,5930517,
002036,联创电子,6.33,0.1582,159340000.0,2.38,6695000000.0,6681000000.0,-5931561,-3.7226,-3283885,-2647676,5931561,
300772,运达股份,9.47,1.0672,135700000.0,2.05,7451000000.0,6610000000.0,-5931843,-4.3713,-12919,-5918924,5931843,
688218,江苏北人,40.22,-2.4497,186130000.0,3.91,4685000000.0,4685000000.0,-5937901,-3.1902,-4708444,-1229457,5937901,
600379,宝光股份,14.91,3.3264,214300000.0,4.37,4923000000.0,4923000000.0,-5939544,-2.7716,-11460609,5521065,5939544,
000534,万泽股份,23.98,0.4608,294530000.0,2.42,12219000000.0,12099000000.0,-5949029,-2.0198,-6506019,556990,5949029,
300709,精研科技,39.04,1.4553,257890000.0,4.43,7287000000.0,5850000000.0,-5950046,-2.3072,-2821886,-3128160,5950046,
002826,易明医药,17.45,2.4662,51040000.0,1.59,3327000000.0,3224000000.0,-5954126,-11.6656,0,-5954126,5954126,
002838,道恩股份,25.51,1.0697,133930000.0,1.24,12204000000.0,10731000000.0,-5979836,-4.4649,2112297,-8092133,5979836,
603977,国泰集团,11.52,1.4978,65820000.0,0.92,7157000000.0,7157000000.0,-5981240,-9.0873,-1247032,-4734208,5981240,
300053,航宇微,12.47,0.89,217870000.0,2.65,8690000000.0,8258000000.0,-5992168,-2.7503,-1091157,-4901011,5992168,
301439,泓淋电力,14.54,1.1127,67890000.0,2.55,5658000000.0,2664000000.0,-6022008,-8.8702,873762,-6895770,6022008,
688538,和辉光电-U,2.1,1.9417,114790000.0,0.95,29000000000.0,12080000000.0,-6032975,-5.2557,0,-6032975,6032975,
600582,天地科技,4.88,-0.2045,92580000.0,0.46,20196000000.0,20196000000.0,-6039590,-6.5236,-669820,-5369770,6039590,
603698,航天工程,21.98,0.1367,179450000.0,1.53,11781000000.0,11781000000.0,-6042226,-3.3671,-6954593,912367,6042226,
688065,凯赛生物,38.61,1.632,167070000.0,0.75,27849000000.0,22524000000.0,-6049034,-3.6207,-7868404,1819370,6049034,
300966,共同药业,25.88,7.7884,117450000.0,5.97,2983000000.0,1984000000.0,-6051389,-5.1523,-1363635,-4687754,6051389,
688129,东来技术,22.84,5.2535,33970000.0,1.24,2752000000.0,2752000000.0,-6061740,-17.8444,0,-6061740,6061740,
002629,仁智股份,4.35,2.3529,71610000.0,4.54,1854000000.0,1579000000.0,-6069832,-8.4762,-3448127,-2621705,6069832,
301070,开勒股份,68.5,2.3457,169370000.0,2.94,8643000000.0,5810000000.0,-6070770,-3.5843,-10246954,4176184,6070770,
600382,广东明珠,6.25,0.6441,116210000.0,2.86,4052000000.0,4052000000.0,-6089714,-5.2403,-4302582,-1787132,6089714,
000030,富奥股份,3.96,0.2532,38700000.0,0.59,6810000000.0,6616000000.0,-6104163,-15.773,-5636813,-467350,6104163,
002595,豪迈科技,39.79,0.6068,162880000.0,0.36,46156000000.0,45843000000.0,-6108722,-3.7504,-2066114,-4042608,6108722,
603110,东方材料,25.16,0.1194,218100000.0,4.27,5063000000.0,5063000000.0,-6112386,-2.8026,7559880,-13672266,6112386,
002154,报喜鸟,3.89,0.5168,95980000.0,2.1,5677000000.0,4591000000.0,-6118167,-6.3744,-3850191,-2267976,6118167,
300622,博士眼镜,15.5,2.2427,126020000.0,3.7,4944000000.0,3422000000.0,-6126167,-4.8613,2170000,-8296167,6126167,
301330,熵基科技,25.95,0.855,68610000.0,1.29,6107000000.0,5311000000.0,-6149549,-8.9631,-1801989,-4347560,6149549,
002072,凯瑞德,7.24,1.9718,70040000.0,2.64,2662000000.0,2661000000.0,-6151765,-8.7832,-3659831,-2491934,6151765,
603366,日出东方,7.49,4.902,263740000.0,4.4,6090000000.0,6090000000.0,-6168512,-2.3389,-1291472,-4877040,6168512,
301365,矩阵股份,37.85,0.4778,62940000.0,1.36,6905000000.0,4660000000.0,-6169545,-9.8023,914993,-7084538,6169545,
002394,联发股份,10.32,-1.3384,45630000.0,1.36,3341000000.0,3337000000.0,-6170016,-13.5218,-2091800,-4078216,6170016,
002952,亚世光电,19.47,2.6899,82610000.0,3.19,3200000000.0,2610000000.0,-6187241,-7.4897,0,-6187241,6187241,
688426,康为世纪,21.28,0.0,38200000.0,1.59,2394000000.0,2388000000.0,-6187925,-16.1988,-1130779,-5057146,6187925,
002960,青鸟智控,8.93,2.6437,118150000.0,1.37,9410000000.0,8648000000.0,-6190669,-5.2397,6389236,-12579905,6190669,
301448,开创电气,50.24,4.0166,124320000.0,3.49,5255000000.0,3561000000.0,-6195692,-4.9837,6122193,-12317885,6195692,
603123,翠微股份,10.0,3.6269,493250000.0,7.65,7987000000.0,6523000000.0,-6232315,-1.2635,-2068878,-4163437,6232315,
600727,鲁北化工,7.62,1.7356,66860000.0,1.67,4028000000.0,4028000000.0,-6234289,-9.3244,280572,-6514861,6234289,
600603,广汇物流,4.89,0.2049,39030000.0,0.69,5642000000.0,5642000000.0,-6247629,-16.0072,0,-6247629,6247629,
000157,中联重科,6.2,0.0,188410000.0,0.43,53621000000.0,43837000000.0,-6296566,-3.3419,522106,-6818672,6296566,
688238,和元生物,7.39,5.8739,238690000.0,5.04,4796000000.0,4785000000.0,-6298501,-2.6388,0,-6298501,6298501,
002357,富临运业,12.09,1.8534,103390000.0,2.73,3790000000.0,3790000000.0,-6303712,-6.097,1255481,-7559193,6303712,
300992,泰福泵业,29.24,-5.2188,307260000.0,13.21,2787000000.0,2280000000.0,-6319530,-2.0567,-5229662,-1089868,6319530,
000922,佳电股份,12.18,0.1645,86530000.0,1.01,10158000000.0,8586000000.0,-6343445,-7.3309,-2796009,-3547436,6343445,
300427,红相股份,7.01,1.0086,209370000.0,5.95,3565000000.0,3526000000.0,-6351789,-3.0338,2429132,-8780921,6351789,
688311,盟升电子,24.03,2.2553,85190000.0,2.03,4208000000.0,4208000000.0,-6352039,-7.4563,-3819469,-2532570,6352039,
002686,亿利达,6.27,0.8039,44630000.0,1.37,3550000000.0,3278000000.0,-6354671,-14.2386,-589692,-5764979,6354671,
001300,三柏硕,12.49,5.0463,73960000.0,2.46,3045000000.0,3045000000.0,-6359392,-8.5984,-3284366,-3075026,6359392,
000762,西藏矿业,22.17,1.4181,193540000.0,1.69,11547000000.0,11546000000.0,-6371208,-3.2919,-748832,-5622376,6371208,
300880,迦南智能,19.85,-2.6484,73610000.0,1.89,3873000000.0,3873000000.0,-6376215,-8.6622,-1198558,-5177657,6376215,
603261,立航科技,53.58,1.3429,139970000.0,3.46,4153000000.0,4153000000.0,-6400568,-4.5728,941436,-7342004,6400568,
002085,万丰奥威,9.64,0.6263,268790000.0,1.32,20469000000.0,20469000000.0,-6402555,-2.382,-13776692,7374137,6402555,
300667,必创科技,15.15,1.8145,79550000.0,2.98,3100000000.0,2686000000.0,-6410610,-8.0586,0,-6410610,6410610,
002596,海南瑞泽,3.44,1.7751,74860000.0,1.91,3948000000.0,3944000000.0,-6420354,-8.5765,-1020300,-5400054,6420354,
300991,创益通,31.4,-0.0318,182080000.0,5.48,4522000000.0,3300000000.0,-6420964,-3.5265,-2911577,-3509387,6420964,
600536,中国软件,31.94,0.8844,331100000.0,1.23,29825000000.0,26946000000.0,-6425254,-1.9406,-10105954,3680700,6425254,
301129,瑞纳智能,24.21,3.3291,73950000.0,4.56,3289000000.0,1634000000.0,-6433659,-8.7,-2122578,-4311081,6433659,
300716,*ST泉为,18.45,0.1629,18540000.0,0.63,2952000000.0,2952000000.0,-6434426,-34.7056,80626,-6515052,6434426,
002186,全聚德,9.63,3.6598,54000000.0,1.84,2956000000.0,2954000000.0,-6437328,-11.921,0,-6437328,6437328,
002598,ST章鼓,7.14,1.4205,36070000.0,1.77,2228000000.0,2046000000.0,-6449042,-17.8792,422427,-6871469,6449042,
300301,ST长方,3.47,0.0,26090000.0,0.95,2880000000.0,2741000000.0,-6454584,-24.7397,-1812977,-4641607,6454584,
002829,星网宇达,20.52,1.3834,101290000.0,3.28,4264000000.0,3092000000.0,-6455835,-6.3736,-3127086,-3328749,6455835,
000788,北大医药,5.54,4.5283,126260000.0,3.86,3302000000.0,3302000000.0,-6494911,-5.1441,-7645152,1150241,6494911,
002723,小崧股份,7.69,0.3916,75520000.0,3.09,2508000000.0,2444000000.0,-6507361,-8.6167,-3845951,-2661410,6507361,
002183,怡亚通,4.37,1.6279,197750000.0,1.75,11349000000.0,11349000000.0,-6515579,-3.2949,-8872131,2356552,6515579,
000692,惠天热电,4.25,0.7109,41200000.0,1.82,2265000000.0,2265000000.0,-6516089,-15.8158,-2894977,-3621112,6516089,
002559,亚威股份,9.25,0.0,156510000.0,3.32,5937000000.0,4733000000.0,-6517513,-4.1643,-2418398,-4099115,6517513,
603137,恒尚节能,19.81,1.0199,207800000.0,5.72,3624000000.0,3624000000.0,-6521313,-3.1383,-2183002,-4338311,6521313,
002761,浙江建投,7.42,2.3448,85330000.0,1.07,9831000000.0,8027000000.0,-6540554,-7.665,847532,-7388086,6540554,
300513,恒实科技,7.27,2.3944,43360000.0,1.91,2281000000.0,2279000000.0,-6548122,-15.1018,-1485392,-5062730,6548122,
002786,银宝山新,7.81,-1.0139,93040000.0,2.42,3871000000.0,3841000000.0,-6552866,-7.0431,0,-6552866,6552866,
300537,广信材料,21.63,-0.4144,233050000.0,7.09,4482000000.0,3283000000.0,-6556905,-2.8135,3313396,-9870301,6556905,
600622,光大嘉宝,2.49,3.75,95150000.0,2.59,3734000000.0,3734000000.0,-6558032,-6.8923,-536066,-6021966,6558032,
603565,中谷物流,12.11,2.8014,243310000.0,0.97,25432000000.0,25432000000.0,-6568546,-2.6997,616238,-7184784,6568546,
301225,恒勃股份,62.21,4.0823,275650000.0,10.06,8964000000.0,2736000000.0,-6569979,-2.3834,-7923389,1353410,6569979,
603038,华立股份,17.51,0.9222,113950000.0,2.43,4705000000.0,4705000000.0,-6575599,-5.7706,-3354256,-3221343,6575599,
001400,江顺科技,76.18,1.0211,107900000.0,4.43,6399000000.0,2454000000.0,-6577164,-6.0956,-3838834,-2738330,6577164,
002656,摩登大道,2.81,0.7168,32090000.0,1.66,2002000000.0,1929000000.0,-6578381,-20.4998,-1769496,-4808885,6578381,
605580,恒盛能源,23.09,1.7181,428450000.0,6.54,6465000000.0,6465000000.0,-6585374,-1.537,-3443134,-3142240,6585374,
000758,中色股份,5.99,0.1672,105230000.0,0.89,11919000000.0,11877000000.0,-6585565,-6.2583,-6508144,-77421,6585565,
688291,金橙子,40.53,3.3929,113940000.0,2.78,4161000000.0,4161000000.0,-6592813,-5.7862,-2029713,-4563100,6592813,
600021,上海电力,13.43,0.2987,211870000.0,0.56,37898000000.0,37898000000.0,-6597776,-3.1141,-6810029,212253,6597776,
688679,通源环境,40.56,-4.7216,174400000.0,3.19,5341000000.0,5341000000.0,-6601766,-3.7854,-10450383,3848617,6601766,
603728,鸣志电器,50.78,1.4585,338890000.0,1.59,21271000000.0,21271000000.0,-6630973,-1.9567,5373731,-12004704,6630973,
603191,望变电气,13.7,0.8837,99650000.0,2.22,4788000000.0,4521000000.0,-6634778,-6.6581,-2211983,-4422795,6634778,
002360,ST同德,5.51,3.3771,78650000.0,4.7,2214000000.0,1700000000.0,-6638091,-8.44,-3618347,-3019744,6638091,
301005,超捷股份,63.16,-0.6606,293280000.0,2.51,11872000000.0,11630000000.0,-6641635,-2.2646,-1767173,-4874462,6641635,
300869,康泰医学,11.05,3.271,49980000.0,1.73,4440000000.0,2914000000.0,-6649696,-13.3047,-1533447,-5116249,6649696,
300376,易事特,4.24,0.2364,58180000.0,0.59,9872000000.0,9868000000.0,-6681023,-11.4834,0,-6681023,6681023,
300529,健帆生物,15.17,1.066,68380000.0,0.88,12115000000.0,7773000000.0,-6690983,-9.785,-3551902,-3139081,6690983,
002762,金发拉比,10.44,2.554,83440000.0,2.29,3696000000.0,3696000000.0,-6700270,-8.03,-4683388,-2016882,6700270,
301023,奕帆传动,28.39,-0.5604,33870000.0,1.78,2649000000.0,1895000000.0,-6717319,-19.8327,-4682617,-2034702,6717319,
688663,新风光,57.48,2.2776,144120000.0,1.27,11338000000.0,11338000000.0,-6725203,-4.6664,-2545970,-4179233,6725203,
000555,神州信息,10.52,1.1538,112420000.0,1.1,10265000000.0,10256000000.0,-6734102,-5.9901,-3653058,-3081044,6734102,
601298,青岛港,9.79,1.4508,120490000.0,0.23,63548000000.0,52788000000.0,-6739402,-5.5933,0,-6739402,6739402,
002811,郑中设计,16.65,8.3279,264770000.0,5.7,5128000000.0,4713000000.0,-6743299,-2.5469,7028643,-13771942,6743299,
603163,圣晖集成,83.6,-0.9126,231720000.0,2.76,8360000000.0,8360000000.0,-6747497,-2.9119,3408753,-10156250,6747497,
688189,ST南新,6.67,2.9321,37330000.0,2.07,1820000000.0,1820000000.0,-6747689,-18.0758,0,-6747689,6747689,
300598,诚迈科技,31.11,2.3019,185400000.0,2.76,6750000000.0,6749000000.0,-6779841,-3.6569,1147992,-7927833,6779841,
688699,明微电子,68.99,0.6419,310890000.0,4.09,7593000000.0,7593000000.0,-6798057,-2.1866,5327085,-12125142,6798057,
002204,大连重工,5.56,-0.1795,231100000.0,2.16,10738000000.0,10738000000.0,-6808421,-2.9461,-579404,-6229017,6808421,
300938,信测标准,32.09,-1.2615,539460000.0,5.67,10938000000.0,9494000000.0,-6828501,-1.2658,-7349624,521123,6828501,
300085,银之杰,32.01,1.9102,1309810000.0,6.94,22620000000.0,19101000000.0,-6855206,-0.5234,-34613862,27758656,6855206,
000761,本钢板材,2.33,2.6432,49350000.0,0.58,9573000000.0,8641000000.0,-6871832,-13.9247,-182490,-6689342,6871832,
688408,中信博,22.86,1.1057,61480000.0,1.23,5008000000.0,5008000000.0,-6880002,-11.1906,-318886,-6561116,6880002,
603049,中策橡胶,45.21,0.2217,82940000.0,0.36,39535000000.0,22830000000.0,-6900570,-8.32,-4059168,-2841402,6900570,
300254,仟源医药,9.04,4.2676,88910000.0,4.36,2325000000.0,2055000000.0,-6900799,-7.7616,1349761,-8250560,6900799,
603912,佳力图,8.8,1.1494,115680000.0,2.43,4772000000.0,4772000000.0,-6902336,-5.9667,-2397111,-4505225,6902336,
300792,壹网壹创,24.4,0.8681,147050000.0,2.83,5799000000.0,5226000000.0,-6914798,-4.7023,-9304468,2389670,6914798,
600831,广电网络,3.37,4.0123,57100000.0,2.41,2396000000.0,2396000000.0,-6929204,-12.1352,-783504,-6145700,6929204,
002001,新和成,26.76,1.6717,570470000.0,0.71,82245000000.0,81266000000.0,-6936528,-1.2159,-6685255,-251273,6936528,
301261,恒工精密,56.13,-0.6549,104200000.0,1.76,5920000000.0,5870000000.0,-6940577,-6.6608,-1021512,-5919065,6940577,
300560,中富通,18.02,0.0,172990000.0,5.12,4140000000.0,3369000000.0,-6948457,-4.0167,-9023808,2075351,6948457,
300212,*ST易录,7.89,-0.1266,57310000.0,1.03,5680000000.0,5553000000.0,-6951856,-12.1303,-5821912,-1129944,6951856,
688575,亚辉龙,10.24,5.1335,156860000.0,2.72,5851000000.0,5851000000.0,-6957849,-4.4357,-3093620,-3864229,6957849,
300831,ST派瑞,14.39,-0.7586,47130000.0,1.77,4605000000.0,2655000000.0,-6971842,-14.7928,-3462250,-3509592,6971842,
603196,璞源材料,19.14,-0.9829,30100000.0,0.66,8014000000.0,4536000000.0,-6978415,-23.1841,134323,-7112738,6978415,
603305,旭升集团,11.42,2.6978,254540000.0,1.93,13198000000.0,13198000000.0,-6988334,-2.7455,9105585,-16093919,6988334,
603344,星德胜,24.09,0.7107,54840000.0,4.21,4686000000.0,1302000000.0,-6990677,-12.7474,-2999316,-3991361,6990677,
300386,飞天诚信,11.35,2.6221,80090000.0,2.76,4745000000.0,2919000000.0,-6991843,-8.73,-1091031,-5900812,6991843,
688188,柏楚电子,95.67,0.3146,171790000.0,0.44,38800000000.0,38800000000.0,-6997888,-4.0735,-3312695,-3685193,6997888,
300863,卡倍亿,43.56,-1.0899,354050000.0,3.19,11387000000.0,10939000000.0,-7000186,-1.9772,-2260583,-4739603,7000186,
300471,厚普股份,10.05,1.1066,49990000.0,1.33,4725000000.0,3766000000.0,-7000637,-14.0041,0,-7000637,7000637,
603260,合盛硅业,32.72,0.3681,209940000.0,0.54,38682000000.0,38682000000.0,-7040378,-3.3535,-9014263,1973885,7040378,
688696,极米科技,84.78,1.1212,66290000.0,1.12,5936000000.0,5936000000.0,-7074273,-10.6717,-3396651,-3677622,7074273,
300210,森远股份,7.36,-0.8086,42210000.0,1.18,3564000000.0,3564000000.0,-7084339,-16.7836,-2202245,-4882094,7084339,
002307,北新路桥,3.05,2.0067,75180000.0,1.52,5029000000.0,4969000000.0,-7097081,-9.4401,-6676895,-420186,7097081,
600088,中视传媒,14.81,-6.0279,613930000.0,10.45,5890000000.0,5890000000.0,-7103684,-1.1571,16165702,-23269386,7103684,
002637,赞宇科技,11.32,0.3546,125620000.0,2.39,5325000000.0,5261000000.0,-7107087,-5.6576,-5513002,-1594085,7107087,
002100,天康生物,7.93,4.3421,190480000.0,1.78,10826000000.0,10826000000.0,-7134872,-3.7457,-27960,-7106912,7134872,
001257,盛龙股份,23.44,0.2566,153140000.0,4.78,43035000000.0,3210000000.0,-7172500,-4.6836,-2108227,-5064273,7172500,
301075,多瑞医药,68.53,5.3174,139530000.0,3.62,5482000000.0,3879000000.0,-7179529,-5.1455,-1891401,-5288128,7179529,
600027,华电国际,4.79,-0.4158,241350000.0,0.55,55620000000.0,44143000000.0,-7201945,-2.984,-17342431,10140486,7201945,
603661,恒林股份,33.13,1.5635,105650000.0,2.29,4607000000.0,4607000000.0,-7206601,-6.8212,-10217234,3010633,7206601,
301387,光大同创,57.78,0.8377,98100000.0,3.96,6200000000.0,2466000000.0,-7217200,-7.357,-1169004,-6048196,7217200,
603418,友升股份,45.34,-0.9178,72680000.0,3.88,8754000000.0,1875000000.0,-7220136,-9.9341,2268873,-9489009,7220136,
002121,科陆电子,4.59,-4.375,274340000.0,4.25,7677000000.0,6478000000.0,-7237024,-2.638,-1014899,-6222125,7237024,
601066,中信建投,23.79,0.7197,270770000.0,0.18,184532000000.0,154532000000.0,-7244613,-2.6756,-14274776,7030163,7244613,
603085,天成自控,9.8,-1.0101,50710000.0,1.29,3892000000.0,3892000000.0,-7247811,-14.2927,-32604,-7215207,7247811,
688295,中复神鹰,38.11,-1.5754,197650000.0,0.57,34299000000.0,34299000000.0,-7253884,-3.6701,-13278471,6024587,7253884,
300175,朗源股份,5.54,0.3623,32370000.0,1.24,2608000000.0,2608000000.0,-7254817,-22.4122,-2781156,-4473661,7254817,
300381,溢多利,5.75,3.7906,72450000.0,2.66,2761000000.0,2751000000.0,-7258674,-10.0189,-2223754,-5034920,7258674,
603373,安邦护卫,43.3,6.1795,126220000.0,4.6,6518000000.0,2754000000.0,-7260149,-5.752,-600132,-6660017,7260149,
600638,新黄浦,5.14,3.006,143630000.0,4.25,3461000000.0,3461000000.0,-7262545,-5.0564,-4996612,-2265933,7262545,
600855,航天长峰,13.42,1.0542,113020000.0,1.8,6288000000.0,6276000000.0,-7279100,-6.4405,-3679049,-3600051,7279100,
300877,金春股份,28.37,2.604,75980000.0,2.24,3404000000.0,3404000000.0,-7311555,-9.623,-751422,-6560133,7311555,
300718,长盛轴承,53.5,0.0935,205270000.0,1.93,15985000000.0,10588000000.0,-7315421,-3.5638,1228277,-8543698,7315421,
603693,江苏新能,12.48,0.3215,152700000.0,1.38,11126000000.0,11126000000.0,-7341549,-4.8078,-6674112,-667437,7341549,
002611,东方精工,14.04,0.5011,180380000.0,1.28,17091000000.0,14096000000.0,-7352571,-4.0762,-3320537,-4032034,7352571,
300520,科大国创,22.86,0.6162,119870000.0,1.86,6676000000.0,6452000000.0,-7431538,-6.1997,911387,-8342925,7431538,
002314,南山控股,2.32,3.5714,82140000.0,2.69,6282000000.0,3105000000.0,-7436258,-9.0532,2724460,-10160718,7436258,
603959,ST百利,4.39,-1.5695,23440000.0,1.09,2152000000.0,2152000000.0,-7466299,-31.8528,-2325587,-5140712,7466299,
688584,上海合晶,28.32,0.0707,293690000.0,3.03,18952000000.0,9722000000.0,-7473950,-2.5448,-4700123,-2773827,7473950,
300927,江天化学,28.07,4.1945,271200000.0,6.97,4052000000.0,3955000000.0,-7479190,-2.7578,152872,-7632062,7479190,
600853,龙建股份,3.32,1.8405,29340000.0,0.88,3365000000.0,3365000000.0,-7486227,-25.5154,-3724605,-3761622,7486227,
603032,德新科技,18.67,-0.8497,70390000.0,1.61,4354000000.0,4348000000.0,-7517471,-10.6797,0,-7517471,7517471,
600116,三峡水利,6.15,-0.4854,73890000.0,0.63,11760000000.0,11760000000.0,-7523812,-10.1824,-2563739,-4960073,7523812,
000716,黑芝麻,5.18,2.1696,143770000.0,3.79,3900000000.0,3811000000.0,-7526602,-5.2352,-4393975,-3132627,7526602,
300467,迅游科技,33.95,2.259,128350000.0,2.26,6899000000.0,5674000000.0,-7528842,-5.8659,-7900239,371397,7528842,
000546,金圆股份,4.51,0.4454,56400000.0,1.8,3507000000.0,3142000000.0,-7538522,-13.3662,-8886033,1347511,7538522,
300102,乾照光电,17.19,-0.6932,291100000.0,1.84,15821000000.0,15741000000.0,-7552548,-2.5945,-393385,-7159163,7552548,
688123,聚辰股份,156.0,6.8493,1737870000.0,7.08,24799000000.0,24799000000.0,-7586277,-0.4365,-13836405,6250128,7586277,
002038,双鹭药业,5.92,5.3381,227990000.0,4.58,6082000000.0,5045000000.0,-7596506,-3.3319,7396370,-14992876,7596506,
001205,盛航股份,14.56,0.6916,63040000.0,2.61,2737000000.0,2424000000.0,-7617744,-12.084,-1231966,-6385778,7617744,
002452,长高电气,12.3,1.569,147360000.0,2.32,7630000000.0,6370000000.0,-7623251,-5.1732,-538856,-7084395,7623251,
300486,东杰智能,18.08,-0.0553,84990000.0,0.98,8627000000.0,8624000000.0,-7627795,-8.9749,-7356541,-271254,7627795,
002040,南京港,9.57,3.125,241010000.0,5.23,4652000000.0,4652000000.0,-7628032,-3.165,2340664,-9968696,7628032,
002548,金新农,4.14,3.2419,112930000.0,3.42,3429000000.0,3331000000.0,-7631344,-6.7576,2148263,-9779607,7631344,
601399,国机重装,3.22,0.625,172450000.0,0.75,23228000000.0,23228000000.0,-7641711,-4.4313,-12435076,4793365,7641711,
000595,新能股份,5.32,0.9488,65490000.0,1.08,6058000000.0,6058000000.0,-7650937,-11.6826,-3290816,-4360121,7650937,
600550,保变电气,10.91,0.2757,146820000.0,0.73,20091000000.0,20091000000.0,-7653088,-5.2126,1368945,-9022033,7653088,
601599,浙文影业,3.27,1.2384,58170000.0,1.54,3795000000.0,3795000000.0,-7670098,-13.1857,-1042548,-6627550,7670098,
300866,安克创新,128.15,0.9135,369420000.0,0.93,75536000000.0,39811000000.0,-7671128,-2.0765,-16191009,8519881,7671128,
688117,圣诺生物,24.56,2.1206,177620000.0,3.29,5412000000.0,5412000000.0,-7673032,-4.3199,-9590572,1917540,7673032,
001283,豪鹏科技,47.0,-0.8439,113120000.0,2.33,6095000000.0,4860000000.0,-7675899,-6.7856,-9118069,1442170,7675899,
300787,海能实业,11.61,9.1165,202810000.0,8.95,3639000000.0,2282000000.0,-7714538,-3.8038,-729097,-6985441,7714538,
603090,宏盛股份,40.08,1.3401,237940000.0,5.92,4008000000.0,4008000000.0,-7718315,-3.2438,-5220079,-2498236,7718315,
002655,共达电声,40.1,-1.956,1082270000.0,7.38,14705000000.0,14652000000.0,-7749281,-0.716,11309577,-19058858,7749281,
301580,爱迪特,57.2,0.3509,319080000.0,5.51,8534000000.0,5767000000.0,-7751226,-2.4292,-6120271,-1630955,7751226,
600596,新安股份,12.03,0.3336,596320000.0,3.69,16236000000.0,16236000000.0,-7758539,-1.3011,-8991282,1232743,7758539,
300745,欣锐科技,27.81,-1.1024,115580000.0,2.91,4688000000.0,3955000000.0,-7761773,-6.7155,99972,-7861745,7761773,
300292,吴通控股,4.65,0.432,235640000.0,4.55,6239000000.0,5199000000.0,-7797370,-3.309,-11917004,4119634,7797370,
002112,三变科技,14.68,0.0682,102020000.0,2.66,4318000000.0,3847000000.0,-7802489,-7.648,-2203811,-5598678,7802489,
002106,莱宝高科,12.45,-0.5591,478690000.0,5.47,8787000000.0,8777000000.0,-7805782,-1.6307,1676851,-9482633,7805782,
605123,XD派克新,82.12,2.241,175790000.0,1.77,9951000000.0,9951000000.0,-7814628,-4.4454,-4904028,-2910600,7814628,
002582,好想你,9.8,0.616,123730000.0,3.67,4388000000.0,3373000000.0,-7831653,-6.3296,-8601728,770075,7831653,
300946,恒而达,36.79,1.0159,56740000.0,2.03,5740000000.0,2789000000.0,-7847369,-13.8304,-1387250,-6460119,7847369,
600844,金煤科技,3.4,0.5917,108150000.0,3.87,3456000000.0,2797000000.0,-7858543,-7.2663,-6038398,-1820145,7858543,
300873,海晨股份,17.13,3.3172,439870000.0,11.21,5520000000.0,4007000000.0,-7867054,-1.7885,-7178201,-688853,7867054,
002496,辉丰股份,2.16,0.9346,48660000.0,1.91,3256000000.0,2552000000.0,-7878705,-16.1913,-614285,-7264420,7878705,
300013,新宁物流,4.41,2.0833,85030000.0,3.46,2462000000.0,2460000000.0,-7900343,-9.2912,-3995934,-3904409,7900343,
300293,蓝英装备,14.73,-1.5374,60970000.0,1.22,4985000000.0,4985000000.0,-7903026,-12.9622,-1189230,-6713796,7903026,
301316,慧博云通,39.77,2.1577,419850000.0,2.72,16051000000.0,15560000000.0,-7913917,-1.8849,6606775,-14520692,7913917,
600340,*ST华幸,1.12,0.9009,105690000.0,2.44,4361000000.0,4361000000.0,-7922693,-7.4962,-5457309,-2465384,7922693,
300997,欢乐家,16.17,4.9319,189510000.0,3.02,7034000000.0,6381000000.0,-7942226,-4.1909,5587924,-13530150,7942226,
301025,读客文化,10.27,-0.0973,144490000.0,5.1,4111000000.0,2846000000.0,-7956688,-5.5067,-3270341,-4686347,7956688,
600252,中恒集团,2.24,2.7523,149160000.0,2.1,7133000000.0,7133000000.0,-7966496,-5.3409,19944,-7986440,7966496,
002295,精艺股份,10.29,2.5922,162350000.0,6.36,2579000000.0,2577000000.0,-7970555,-4.9095,277849,-8248404,7970555,
688083,中望软件,51.51,0.6448,68340000.0,0.78,8738000000.0,8738000000.0,-7974356,-11.6687,1131842,-9106198,7974356,
688150,莱特光电,42.52,-1.5741,396450000.0,2.32,17112000000.0,17112000000.0,-7975187,-2.0117,-4301668,-3673519,7975187,
600326,西藏天路,6.88,0.7321,87700000.0,0.94,9374000000.0,9374000000.0,-7977177,-9.096,-3134771,-4842406,7977177,
600816,建元信托,2.42,0.0,145530000.0,1.11,23824000000.0,13235000000.0,-7992342,-5.4919,-12797621,4805279,7992342,
002362,汉王科技,16.7,0.9063,156450000.0,4.53,4082000000.0,3468000000.0,-7992634,-5.1087,-1310599,-6682035,7992634,
688305,科德数控,57.84,-0.2243,99060000.0,1.29,7667000000.0,7647000000.0,-7993934,-8.0698,-1217651,-6776283,7993934,
300767,震安科技,21.7,-0.0921,215190000.0,4.17,5996000000.0,5206000000.0,-8003370,-3.7192,-5309744,-2693626,8003370,
002405,四维图新,6.07,0.4967,154150000.0,1.08,14387000000.0,14299000000.0,-8009144,-5.1957,-3000973,-5008171,8009144,
600222,太龙药业,7.9,1.1524,147170000.0,3.32,4419000000.0,4419000000.0,-8031792,-5.4575,-638785,-7393007,8031792,
002625,光启技术,27.45,-0.5435,581740000.0,0.98,59143000000.0,59143000000.0,-8041314,-1.3823,-27177053,19135739,8041314,
605169,洪通燃气,13.17,2.8906,64100000.0,1.73,3726000000.0,3726000000.0,-8052387,-12.5622,-2641000,-5411387,8052387,
000736,中交发展,4.76,5.3097,162640000.0,4.7,3556000000.0,3556000000.0,-8052746,-4.9513,-2080112,-5972634,8052746,
300072,海新能科,3.59,-0.554,74020000.0,0.89,8435000000.0,8370000000.0,-8056963,-10.8848,-6139942,-1917021,8056963,
002489,浙江永强,3.12,-0.3195,144240000.0,2.41,6767000000.0,5969000000.0,-8065474,-5.5917,1117057,-9182531,8065474,
002163,海南发展,8.07,4.3984,391430000.0,6.14,6819000000.0,6485000000.0,-8071994,-2.0622,8288765,-16360759,8071994,
601665,齐鲁银行,6.91,0.1449,458730000.0,1.08,42523000000.0,42523000000.0,-8086854,-1.7629,-56138082,48051228,8086854,
000718,苏宁环球,2.08,3.4826,106850000.0,2.29,6312000000.0,4747000000.0,-8087889,-7.5694,550552,-8638441,8087889,
002442,龙星科技,5.73,2.139,292180000.0,10.47,2884000000.0,2816000000.0,-8088630,-2.7684,-7959121,-129509,8088630,
001378,德冠新材,23.98,1.7395,247450000.0,12.29,4157000000.0,2022000000.0,-8096148,-3.2718,-3222755,-4873393,8096148,
300305,裕兴股份,6.55,1.7081,73040000.0,3.46,2459000000.0,2106000000.0,-8105917,-11.0979,148656,-8254573,8105917,
603529,爱玛科技,21.71,1.3066,98470000.0,0.54,18763000000.0,18470000000.0,-8114586,-8.2407,-10256787,2142201,8114586,
300917,特发服务,31.42,6.2204,627050000.0,12.18,5310000000.0,5310000000.0,-8131352,-1.2968,4823490,-12954842,8131352,
002402,和而泰,19.05,0.316,350450000.0,2.25,17591000000.0,15592000000.0,-8165786,-2.3301,-3353117,-4812669,8165786,
300506,名家汇,4.76,0.4219,51500000.0,1.43,6786000000.0,3622000000.0,-8212362,-15.9463,-3448347,-4764015,8212362,
301630,同宇新材,204.6,0.7088,304150000.0,7.1,11458000000.0,4292000000.0,-8254819,-2.7141,-1655416,-6599403,8254819,
002332,仙琚制药,8.66,1.2865,116800000.0,1.37,8567000000.0,8536000000.0,-8258396,-7.0705,-16048347,7789951,8258396,
603283,赛腾股份,46.52,-1.7736,703200000.0,4.24,16400000000.0,16400000000.0,-8263958,-1.1752,-8474203,210245,8263958,
301609,山大电力,32.24,0.8445,47300000.0,1.5,5251000000.0,3165000000.0,-8285183,-17.5162,-2283549,-6001634,8285183,
301333,诺思格,65.23,1.3675,224670000.0,3.56,6300000000.0,6292000000.0,-8291313,-3.6904,-8304792,13479,8291313,
300961,深水海纳,12.14,2.0168,85560000.0,4.62,2152000000.0,1859000000.0,-8300280,-9.7011,-2472312,-5827968,8300280,
000833,粤桂股份,20.04,-0.2489,365460000.0,4.03,17137000000.0,9092000000.0,-8314621,-2.2751,-9097774,783153,8314621,
603928,兴业股份,12.21,0.3287,123430000.0,2.97,4160000000.0,4160000000.0,-8320087,-6.7407,-1352917,-6967170,8320087,
002937,兴瑞科技,27.37,0.0365,164750000.0,1.91,8649000000.0,8627000000.0,-8325294,-5.0533,28373,-8353667,8325294,
300688,创业黑马,36.76,0.4372,374800000.0,6.99,6153000000.0,5454000000.0,-8336832,-2.2243,-12121618,3784786,8336832,
688173,希荻微,13.17,0.6112,117210000.0,2.17,5470000000.0,5419000000.0,-8354996,-7.1282,2862763,-11217759,8354996,
000803,山高环能,7.21,-0.2766,60200000.0,1.8,3362000000.0,3352000000.0,-8369160,-13.9023,-1469438,-6899722,8369160,
688591,泰凌微,30.39,0.6625,136550000.0,2.3,7341000000.0,5967000000.0,-8370022,-6.1296,-4432327,-3937695,8370022,
688225,亚信安全,14.48,7.3388,189900000.0,3.37,5792000000.0,5792000000.0,-8374105,-4.4097,-1393056,-6981049,8374105,
002365,永安药业,14.67,6.0738,397610000.0,11.21,4323000000.0,3604000000.0,-8401363,-2.113,196614,-8597977,8401363,
688290,景业智能,63.39,-1.4152,90570000.0,1.38,6478000000.0,6478000000.0,-8409287,-9.2848,-5635236,-2774051,8409287,
000791,甘肃能源,7.3,-1.4845,132660000.0,0.94,23680000000.0,14130000000.0,-8412159,-6.3411,-20781130,12368971,8412159,
300113,顺网科技,16.16,0.4975,156390000.0,1.9,10894000000.0,8226000000.0,-8424566,-5.3869,-8032903,-391663,8424566,
300830,金现代,8.18,2.25,98960000.0,3.61,3694000000.0,2756000000.0,-8436900,-8.5256,894559,-9331459,8436900,
600678,ST金顶,5.8,-0.5146,38420000.0,1.91,2024000000.0,2024000000.0,-8443896,-21.9779,-2122996,-6320900,8443896,
600698,湖南天雁,7.18,1.1268,213600000.0,3.61,7673000000.0,5963000000.0,-8479673,-3.9699,-5495321,-2984352,8479673,
300685,艾德生物,18.76,3.0203,212850000.0,2.93,7318000000.0,7309000000.0,-8488656,-3.9881,6764039,-15252695,8488656,
600800,渤海化学,3.36,2.7523,75330000.0,2.03,3730000000.0,3729000000.0,-8490750,-11.2714,-4751023,-3739727,8490750,
688512,慧智微-U,14.19,0.0705,129760000.0,2.78,6710000000.0,4644000000.0,-8491707,-6.5442,2180859,-10672566,8491707,
600729,重百集团,18.51,0.6525,72920000.0,2.06,8153000000.0,3563000000.0,-8499872,-11.6564,-8754295,254423,8499872,
300410,正业科技,8.86,0.7964,180260000.0,5.54,3253000000.0,3253000000.0,-8508264,-4.72,-1479249,-7029015,8508264,
600513,联环药业,15.38,3.569,166360000.0,3.82,4390000000.0,4390000000.0,-8525989,-5.125,-3218551,-5307438,8525989,
688197,首药控股-U,38.8,9.9462,205210000.0,8.4,5770000000.0,2483000000.0,-8527156,-4.1553,598284,-9125440,8527156,
000968,蓝焰控股,7.16,3.17,169390000.0,2.47,6927000000.0,6927000000.0,-8532059,-5.0369,11177649,-19709708,8532059,
301281,科源制药,51.5,1.96,218490000.0,5.97,5577000000.0,3654000000.0,-8539886,-3.9086,-4986318,-3553568,8539886,
300438,鹏辉能源,51.47,-1.8123,793340000.0,3.8,25907000000.0,20802000000.0,-8545075,-1.0771,-32633251,24088176,8545075,
603990,麦迪科技,20.09,-0.9857,230520000.0,3.77,6132000000.0,6132000000.0,-8580261,-3.7221,-12393139,3812878,8580261,
000545,金浦钛业,2.26,2.7273,99530000.0,4.51,2230000000.0,2227000000.0,-8591348,-8.6319,-7702927,-888421,8591348,
003020,立方制药,17.66,3.7603,104260000.0,3.51,4030000000.0,2977000000.0,-8618301,-8.2662,-821898,-7796403,8618301,
000069,华侨城Ａ,1.92,4.918,312840000.0,2.4,15432000000.0,13245000000.0,-8660956,-2.7685,-16922890,8261934,8660956,
688577,浙海德曼,42.4,4.0236,56370000.0,0.86,6606000000.0,6606000000.0,-8669444,-15.3795,-2323780,-6345664,8669444,
300158,振东制药,5.48,2.4299,225290000.0,4.13,5438000000.0,5434000000.0,-8676458,-3.8512,-6159005,-2517453,8676458,
300449,汉邦高科,6.83,0.0,52710000.0,2.0,2637000000.0,2637000000.0,-8682654,-16.4725,-1609452,-7073202,8682654,
002841,视源股份,46.74,-1.0794,299390000.0,1.23,32680000000.0,24368000000.0,-8699922,-2.9059,-9632402,932480,8699922,
002455,百川股份,7.15,0.2805,131550000.0,2.79,5166000000.0,4725000000.0,-8703524,-6.6161,-2777895,-5925629,8703524,
301003,江苏博云,59.18,8.8868,220660000.0,5.04,5748000000.0,4447000000.0,-8704824,-3.9449,-43658,-8661166,8704824,
300659,中孚信息,11.08,6.9498,244160000.0,12.24,2885000000.0,2021000000.0,-8732512,-3.5766,831159,-9563671,8732512,
000690,宝新能源,5.23,-1.5066,233420000.0,2.04,11380000000.0,11372000000.0,-8739023,-3.7439,-4450488,-4288535,8739023,
002571,德力股份,11.1,2.2099,69480000.0,2.13,4351000000.0,3311000000.0,-8805037,-12.6728,-4866411,-3938626,8805037,
300400,劲拓股份,36.37,-1.3829,468800000.0,5.36,8850000000.0,8820000000.0,-8813648,-1.88,-3716366,-5097282,8813648,
600359,新农开发,8.08,2.4081,389310000.0,12.78,3083000000.0,3083000000.0,-8823413,-2.2664,974332,-9797745,8823413,
001965,招商公路,9.7,-2.2177,141080000.0,0.21,65912000000.0,65912000000.0,-8827152,-6.2568,-7905851,-921301,8827152,
300643,万通智控,17.95,0.0,71290000.0,1.72,4157000000.0,4148000000.0,-8857906,-12.4252,-2217107,-6640799,8857906,
000026,飞亚达,19.65,-0.7074,146870000.0,2.04,7973000000.0,7161000000.0,-8874701,-6.0426,-3531883,-5342818,8874701,
300702,天宇股份,21.2,5.7357,101720000.0,2.3,7377000000.0,4476000000.0,-8876692,-8.7266,-4346046,-4530646,8876692,
002277,友阿股份,5.55,0.1805,108780000.0,1.41,7738000000.0,7738000000.0,-8902392,-8.1838,-9769738,867346,8902392,
601515,衢州东峰,3.3,0.304,34980000.0,0.55,6351000000.0,6351000000.0,-8936847,-25.5484,228846,-9165693,8936847,
600916,中国黄金,7.47,-0.1337,118240000.0,0.94,12550000000.0,12550000000.0,-8989775,-7.603,-7705286,-1284489,8989775,
000955,欣龙控股,4.19,0.4796,52110000.0,2.32,2256000000.0,2256000000.0,-9010161,-17.2907,0,-9010161,9010161,
002377,国创高新,3.13,0.3205,178660000.0,6.58,2868000000.0,2731000000.0,-9035155,-5.0572,7670406,-16705561,9035155,
002969,嘉美包装,11.51,0.7881,201590000.0,1.61,12644000000.0,12577000000.0,-9047337,-4.488,-4733928,-4313409,9047337,
601020,华钰矿业,21.23,-0.9795,354730000.0,2.02,17408000000.0,17408000000.0,-9062942,-2.5549,-16370390,7307448,9062942,
600877,电科芯片,12.16,-0.5724,135830000.0,0.94,14398000000.0,14398000000.0,-9073648,-6.6802,-5024690,-4048958,9073648,
603092,德力佳,44.6,-1.1306,100690000.0,6.52,17840000000.0,1542000000.0,-9074894,-9.0127,-3599044,-5475850,9074894,
002608,江苏国信,7.42,0.8152,88050000.0,0.31,28033000000.0,28033000000.0,-9078746,-10.3109,0,-9078746,9078746,
301216,万凯新材,17.52,0.8055,267040000.0,2.8,10165000000.0,9542000000.0,-9082406,-3.4011,-3281961,-5800445,9082406,
003030,祖名股份,25.95,-0.8785,67460000.0,3.16,3238000000.0,2117000000.0,-9094260,-13.481,-2560817,-6533443,9094260,
688789,宏华数科,44.4,4.4214,117720000.0,1.5,8003000000.0,8003000000.0,-9099640,-7.7299,-352312,-8747328,9099640,
001289,龙源电力,15.05,0.0665,43400000.0,0.06,125815000000.0,75881000000.0,-9110052,-20.9909,-7396434,-1713618,9110052,
600671,天目药业,23.84,5.4401,107700000.0,3.72,2903000000.0,2903000000.0,-9117391,-8.4655,-5385714,-3731677,9117391,
001312,福恩股份,18.36,-1.3963,80540000.0,7.69,4284000000.0,1049000000.0,-9133622,-11.3405,-3095555,-6038067,9133622,
002425,凯撒文化,3.11,0.974,91990000.0,3.21,2975000000.0,2862000000.0,-9139673,-9.9355,-6506131,-2633542,9139673,
002677,浙江美大,6.08,-1.1382,46050000.0,1.38,3928000000.0,3319000000.0,-9141236,-19.8507,-2151394,-6989842,9141236,
300343,联创股份,5.51,0.1818,68760000.0,1.17,5887000000.0,5872000000.0,-9154156,-13.3132,-6154607,-2999549,9154156,
300528,幸福蓝海,14.25,0.9922,184180000.0,3.49,5310000000.0,5310000000.0,-9157148,-4.9718,-3151497,-6005651,9157148,
601717,中创智领,13.8,-0.7194,155090000.0,0.73,24639000000.0,21282000000.0,-9165825,-5.91,-14831981,5666156,9165825,
688165,埃夫特-U,14.78,-0.9383,102130000.0,1.32,7712000000.0,7712000000.0,-9173184,-8.9819,-2733011,-6440173,9173184,
301329,信音电子,20.93,0.2395,79450000.0,5.74,3562000000.0,1382000000.0,-9174127,-11.547,-1048038,-8126089,9174127,
300056,中创环保,7.73,-1.0243,57900000.0,1.93,2980000000.0,2977000000.0,-9182207,-15.8587,-4247084,-4935123,9182207,
603000,人民网,17.27,-0.4611,595090000.0,3.14,19095000000.0,19095000000.0,-9200716,-1.5461,-10252514,1051798,9200716,
002196,方正电机,10.34,1.9724,234780000.0,4.62,5127000000.0,5068000000.0,-9211806,-3.9236,-549839,-8661967,9211806,
002329,皇氏集团,3.64,0.831,78110000.0,3.3,3030000000.0,2371000000.0,-9241449,-11.8313,88900,-9330349,9241449,
688018,乐鑫科技,112.3,0.1695,407380000.0,1.55,26321000000.0,26321000000.0,-9251654,-2.271,203807,-9455461,9251654,
300004,南风股份,8.22,-0.3636,90970000.0,2.3,3946000000.0,3946000000.0,-9265677,-10.1854,-3223044,-6042633,9265677,
300040,九洲集团,5.9,1.2007,124290000.0,4.07,3796000000.0,3070000000.0,-9268399,-7.4571,3641787,-12910186,9268399,
000713,国投丰乐,6.87,5.2067,318310000.0,7.69,5484000000.0,4218000000.0,-9274424,-2.9136,1727361,-11001785,9274424,
600739,辽宁成大,10.49,1.3527,116230000.0,0.73,15969000000.0,15969000000.0,-9306300,-8.0068,-10230891,924591,9306300,
300536,农尚环境,8.55,-2.3973,54270000.0,2.13,2508000000.0,2507000000.0,-9311019,-17.1568,0,-9311019,9311019,
002179,中航光电,35.63,0.3097,727940000.0,0.97,74832000000.0,74696000000.0,-9335191,-1.2824,24858684,-34193875,9335191,
600689,上海三毛,12.33,0.8177,57590000.0,3.07,2478000000.0,1877000000.0,-9337382,-16.2135,-6046552,-3290830,9337382,
603931,格林达,35.83,-0.6929,136360000.0,1.9,7150000000.0,7150000000.0,-9344075,-6.8525,-2400109,-6943966,9344075,
600746,江苏索普,7.21,-0.8253,117390000.0,1.39,8420000000.0,8420000000.0,-9350431,-7.9653,299208,-9649639,9350431,
002316,亚联发展,4.36,2.3474,74660000.0,5.04,1714000000.0,1486000000.0,-9403996,-12.5958,-4534445,-4869551,9403996,
300690,双一科技,24.4,-0.4488,183760000.0,6.73,4035000000.0,2723000000.0,-9404429,-5.1178,483074,-9887503,9404429,
300711,广哈通信,19.39,1.678,176540000.0,3.72,5438000000.0,4817000000.0,-9408319,-5.3293,-3728028,-5680291,9408319,
003005,竞业达,15.0,2.1798,261590000.0,13.06,3471000000.0,2013000000.0,-9425639,-3.6032,1677987,-11103626,9425639,
300586,美联新材,9.68,0.6237,164160000.0,3.17,6885000000.0,5182000000.0,-9473838,-5.7711,-2917449,-6556389,9473838,
002265,建设工业,20.44,1.3386,292530000.0,1.39,21115000000.0,21115000000.0,-9479666,-3.2406,-7993615,-1486051,9479666,
688106,金宏气体,27.4,-1.6158,434190000.0,2.97,14695000000.0,14537000000.0,-9500298,-2.1881,-6639860,-2860438,9500298,
603806,福斯特,14.48,0.7655,284930000.0,0.76,37775000000.0,37775000000.0,-9554432,-3.3533,-7438900,-2115532,9554432,
000948,南天信息,13.55,1.3463,69380000.0,1.32,5283000000.0,5272000000.0,-9569232,-13.7925,-5364,-9563868,9569232,
000801,四川九洲,12.15,0.0,109310000.0,0.88,12348000000.0,12344000000.0,-9587150,-8.7706,-7629610,-1957540,9587150,
688419,耐科装备,53.0,-0.1507,166710000.0,2.74,6071000000.0,6071000000.0,-9623858,-5.7728,1033969,-10657827,9623858,
600838,上海九百,8.71,1.397,280690000.0,8.07,3492000000.0,3492000000.0,-9635392,-3.4328,-10237165,601773,9635392,
600773,西藏城投,10.37,3.1841,213920000.0,2.2,9868000000.0,9868000000.0,-9667337,-4.5191,-4625221,-5042116,9667337,
603606,东方电缆,36.36,1.3378,464900000.0,1.56,29990000000.0,29990000000.0,-9669064,-2.0798,5411736,-15080800,9669064,
688327,云从科技-UW,9.98,-0.1001,154060000.0,1.85,10379000000.0,8332000000.0,-9689897,-6.2897,-1008722,-8681175,9689897,
603683,晶华新材,16.67,1.1529,210640000.0,4.4,4857000000.0,4808000000.0,-9700534,-4.6053,616024,-10316558,9700534,
600322,津投城开,2.8,4.8689,112430000.0,3.71,3096000000.0,3096000000.0,-9719657,-8.6451,4154343,-13874000,9719657,
603267,鸿远电子,52.19,2.5344,688290000.0,5.64,12060000000.0,12060000000.0,-9737660,-1.4148,-7328828,-2408832,9737660,
600722,金牛化工,16.64,3.8702,1530770000.0,13.72,11321000000.0,11321000000.0,-9738224,-0.6362,-10432832,694608,9738224,
002752,昇兴股份,6.2,-0.9585,62650000.0,1.03,6057000000.0,6048000000.0,-9739502,-15.5459,-3707388,-6032114,9739502,
300615,欣天科技,14.73,3.952,196730000.0,8.75,2843000000.0,2255000000.0,-9741599,-4.9518,-1036323,-8705276,9741599,
688262,国芯科技,28.46,0.7077,186730000.0,1.95,9563000000.0,9563000000.0,-9752950,-5.223,-5832209,-3920741,9752950,
300587,天铁科技,4.7,1.7316,92840000.0,1.89,6102000000.0,4947000000.0,-9753852,-10.5061,1127123,-10880975,9753852,
300166,东方国信,12.12,0.0826,310920000.0,2.76,13802000000.0,11289000000.0,-9777842,-3.1448,-2381617,-7396225,9777842,
001223,欧克科技,44.75,-1.4534,126080000.0,4.02,5849000000.0,3125000000.0,-9778299,-7.7556,-153359,-9624940,9778299,
300998,宁波方正,32.88,4.8469,178980000.0,5.13,4510000000.0,3541000000.0,-9821574,-5.4875,-6374088,-3447486,9821574,
603311,金海高科,26.03,0.1539,109430000.0,1.78,6140000000.0,6140000000.0,-9822276,-8.9759,-455371,-9366905,9822276,
603999,读者传媒,6.62,1.0687,145600000.0,3.83,3813000000.0,3813000000.0,-9827003,-6.7493,-978670,-8848333,9827003,
601618,中国中冶,2.56,0.7874,187290000.0,0.41,52971000000.0,45703000000.0,-9842305,-5.2551,-17811469,7969164,9842305,
300411,金盾股份,8.37,-1.2972,88090000.0,3.41,3403000000.0,2587000000.0,-9853635,-11.1859,-2429410,-7424225,9853635,
300125,聆达股份,9.23,-0.8593,70890000.0,2.11,6146000000.0,3330000000.0,-9858510,-13.9068,-5906987,-3951523,9858510,
000632,ST三木,3.98,-1.2407,40160000.0,2.16,1853000000.0,1853000000.0,-9889270,-24.6247,-1472202,-8417068,9889270,
000088,盐田港,4.56,1.7857,112370000.0,0.78,23710000000.0,14423000000.0,-9894253,-8.8051,-3777690,-6116563,9894253,
601216,君正集团,4.65,0.6494,255880000.0,0.66,39237000000.0,39237000000.0,-9914343,-3.8746,-23433026,13518683,9914343,
601519,大智慧,8.8,4.5131,410400000.0,2.38,17505000000.0,17505000000.0,-9927127,-2.4189,21073813,-31000940,9927127,
301148,嘉戎技术,58.3,-2.3287,100650000.0,2.89,6792000000.0,3432000000.0,-9938453,-9.8743,-326631,-9611822,9938453,
688244,永信至诚,16.36,2.8931,165180000.0,6.77,2470000000.0,2470000000.0,-9961960,-6.031,-4561636,-5400324,9961960,
688379,华光新材,57.03,1.8393,194220000.0,3.6,5417000000.0,5417000000.0,-9993890,-5.1457,-1540585,-8453305,9993890,
600732,爱旭股份,11.04,1.845,416240000.0,1.81,23352000000.0,23242000000.0,-10002994,-2.4032,-9131827,-871167,10002994,
000049,德赛电池,22.43,0.6281,95970000.0,1.12,8627000000.0,8625000000.0,-10006314,-10.4265,-13219129,3212815,10006314,
301301,川宁生物,8.3,2.7228,178600000.0,3.47,18528000000.0,5139000000.0,-10067075,-5.6367,-6857362,-3209713,10067075,
603183,建研院,5.0,-2.5341,125920000.0,5.02,2486000000.0,2486000000.0,-10068189,-7.9957,-273066,-9795123,10068189,
002470,金正大,2.15,1.4151,394050000.0,5.62,7065000000.0,7064000000.0,-10068388,-2.5551,-19030239,8961851,10068388,
002668,TCL智家,8.96,-0.9945,140460000.0,1.45,9714000000.0,9714000000.0,-10101134,-7.1915,-10047171,-53963,10101134,
603611,诺力股份,15.91,0.4419,33200000.0,0.81,4098000000.0,4098000000.0,-10112420,-30.4591,-4609583,-5502837,10112420,
000728,国元证券,7.53,0.8032,157180000.0,0.48,32859000000.0,32859000000.0,-10126826,-6.4428,-18443307,8316481,10126826,
600257,大湖股份,5.72,2.8777,88110000.0,3.22,2753000000.0,2753000000.0,-10148605,-11.5181,757107,-10905712,10148605,
301081,严牌股份,17.73,1.0256,189930000.0,4.79,4156000000.0,3992000000.0,-10166373,-5.3527,-8891002,-1275371,10166373,
300571,平治信息,29.3,0.9301,137000000.0,4.05,4088000000.0,3388000000.0,-10171457,-7.4244,-785813,-9385644,10171457,
600936,北投科技,4.53,0.0,158410000.0,2.09,7570000000.0,7570000000.0,-10195116,-6.4359,-8074553,-2120563,10195116,
002539,云图控股,12.52,1.7059,130180000.0,1.17,15121000000.0,11140000000.0,-10214530,-7.8465,2902374,-13116904,10214530,
688227,品高股份,75.05,-3.2985,246240000.0,2.88,8485000000.0,8485000000.0,-10214696,-4.1483,-4735350,-5479346,10214696,
603272,*ST联翔,17.12,1.3618,113990000.0,6.31,1774000000.0,1774000000.0,-10218945,-8.9648,-1136901,-9082044,10218945,
600792,云煤能源,5.46,3.0189,682400000.0,11.44,6060000000.0,6060000000.0,-10228837,-1.499,-2951715,-7277122,10228837,
603843,*ST正平,6.7,-2.4745,77770000.0,1.65,4687000000.0,4687000000.0,-10233251,-13.1584,-930391,-9302860,10233251,
603667,五洲新春,50.97,-0.2739,558910000.0,2.96,19529000000.0,18665000000.0,-10243265,-1.8327,-4359272,-5883993,10243265,
603161,科华控股,15.07,-0.9204,54660000.0,1.87,3378000000.0,2897000000.0,-10250425,-18.7531,-7970,-10242455,10250425,
688398,赛特新材,24.06,1.0076,114950000.0,2.78,4038000000.0,4038000000.0,-10259574,-8.9252,-1339115,-8920459,10259574,
600691,潞化科技,2.95,2.0761,153340000.0,2.22,7009000000.0,7008000000.0,-10265025,-6.6943,-7273139,-2991886,10265025,
000893,亚钾国际,40.29,1.3075,574020000.0,1.77,37230000000.0,32681000000.0,-10300083,-1.7944,7934497,-18234580,10300083,
002703,浙江世宝,15.6,1.233,426950000.0,4.68,12833000000.0,9142000000.0,-10314962,-2.416,-4871704,-5443258,10314962,
300649,杭州园林,29.45,4.2109,266940000.0,8.84,3900000000.0,2998000000.0,-10325825,-3.8682,3741435,-14067260,10325825,
601377,兴业证券,5.97,1.0152,313990000.0,0.61,51557000000.0,51557000000.0,-10331622,-3.2904,-9552576,-779046,10331622,
300634,彩讯股份,21.07,3.0822,453350000.0,4.9,9507000000.0,9150000000.0,-10339683,-2.2807,9096777,-19436460,10339683,
600801,华新建材,24.41,0.4527,149240000.0,0.45,50748000000.0,32751000000.0,-10342501,-6.9301,-6494013,-3848488,10342501,
002555,三七互娱,17.73,0.7959,274290000.0,0.95,39223000000.0,28967000000.0,-10367482,-3.7798,-5145055,-5222427,10367482,
300503,昊志机电,65.94,-1.435,577280000.0,3.56,20487000000.0,16042000000.0,-10413296,-1.8039,-20378083,9964787,10413296,
688443,智翔金泰-U,24.51,7.0306,126790000.0,3.67,8987000000.0,3514000000.0,-10414213,-8.2137,-337933,-10076280,10414213,
688373,盟科药业-U,5.94,9.5941,177700000.0,4.64,3898000000.0,3898000000.0,-10462591,-5.8878,0,-10462591,10462591,
688582,芯动联科,38.9,-1.519,161680000.0,1.02,15628000000.0,15628000000.0,-10530123,-6.5129,-922615,-9607508,10530123,
601199,江南水务,6.61,0.7622,120490000.0,1.94,6182000000.0,6182000000.0,-10536938,-8.7451,-8150723,-2386215,10536938,
300855,图南股份,36.32,4.0092,254260000.0,2.39,14366000000.0,10640000000.0,-10549326,-4.149,-19230199,8680873,10549326,
300100,双林股份,20.76,0.2414,109460000.0,0.94,12020000000.0,11576000000.0,-10555251,-9.643,-2693763,-7861488,10555251,
300041,回天新材,11.21,0.0,193580000.0,3.18,6271000000.0,6103000000.0,-10563779,-5.4571,4972615,-15536394,10563779,
688279,峰岹科技,215.13,2.7217,543400000.0,2.7,24764000000.0,20127000000.0,-10567368,-1.9447,-7011092,-3556276,10567368,
600162,香江控股,4.73,2.1598,399630000.0,2.58,15460000000.0,15460000000.0,-10569745,-2.6449,-10369166,-200579,10569745,
301234,五洲医疗,116.45,2.0149,310740000.0,6.52,7919000000.0,4695000000.0,-10615001,-3.416,-668444,-9946557,10615001,
300027,ST华谊,1.76,1.1494,120970000.0,2.68,4883000000.0,4517000000.0,-10651426,-8.805,0,-10651426,10651426,
600272,开开实业,16.32,6.7364,573290000.0,22.33,4286000000.0,2611000000.0,-10662765,-1.8599,-6742257,-3920508,10662765,
601882,海天精工,23.52,3.1579,202170000.0,1.65,12277000000.0,12277000000.0,-10670143,-5.2778,-3543097,-7127046,10670143,
300214,日科化学,10.23,0.7882,149270000.0,3.13,4756000000.0,4756000000.0,-10671049,-7.1488,213713,-10884762,10671049,
002111,威海广泰,9.46,-0.3161,100940000.0,2.2,5033000000.0,4624000000.0,-10680687,-10.5812,-8351195,-2329492,10680687,
688155,先惠技术,53.75,-1.934,137170000.0,1.99,6846000000.0,6846000000.0,-10695591,-7.7973,-8162249,-2533342,10695591,
688400,凌云光,46.93,-0.7613,373280000.0,1.66,22327000000.0,22327000000.0,-10703221,-2.8673,-3183626,-7519595,10703221,
600984,建设机械,3.55,0.8523,65850000.0,1.48,4463000000.0,4463000000.0,-10705764,-16.2578,-7018118,-3687646,10705764,
301056,森赫股份,14.21,2.971,89240000.0,3.51,3791000000.0,2501000000.0,-10711829,-12.0034,-1639173,-9072656,10711829,
600604,市北高新,4.77,3.4707,113410000.0,1.71,8936000000.0,6714000000.0,-10739199,-9.4694,1584546,-12323745,10739199,
000926,福星股份,2.18,3.8095,98170000.0,2.93,3473000000.0,3430000000.0,-10750802,-10.9512,-11901340,1150538,10750802,
603045,福达合金,51.38,-1.3251,499820000.0,7.16,6959000000.0,6959000000.0,-10769352,-2.1546,-9990461,-778891,10769352,
300733,西菱动力,13.81,1.5441,169280000.0,4.22,5477000000.0,4038000000.0,-10776657,-6.3662,-7195777,-3580880,10776657,
301251,威尔高,80.78,4.8002,1043990000.0,7.53,15232000000.0,14042000000.0,-10787041,-1.0333,16495708,-27282749,10787041,
002225,濮耐股份,3.55,0.5666,79880000.0,2.31,4115000000.0,3461000000.0,-10794764,-13.5137,-20092406,9297642,10794764,
300547,川环科技,25.35,0.158,148650000.0,3.26,5499000000.0,4525000000.0,-10805625,-7.2692,-2905806,-7899819,10805625,
600802,福建水泥,5.61,-2.2648,188290000.0,7.32,2571000000.0,2571000000.0,-10859034,-5.7672,-1716008,-9143026,10859034,
000608,阳光股份,7.26,2.2535,127280000.0,3.07,5444000000.0,4188000000.0,-10864842,-8.5362,-4289202,-6575640,10864842,
301608,博实结,49.72,-1.0744,165560000.0,5.61,6593000000.0,2959000000.0,-10905916,-6.5873,-4396734,-6509182,10905916,
002151,北斗星通,29.21,1.3884,357150000.0,2.76,15858000000.0,12936000000.0,-10929596,-3.0602,-7196683,-3732913,10929596,
300639,凯普生物,6.14,4.0678,106540000.0,2.78,3970000000.0,3869000000.0,-10974553,-10.3009,-4342251,-6632302,10974553,
000050,深天马Ａ,6.72,1.6641,197610000.0,1.21,16368000000.0,16368000000.0,-10978418,-5.5556,-9368341,-1610077,10978418,
603903,中持股份,13.88,-0.4304,79200000.0,2.21,3544000000.0,3544000000.0,-10979401,-13.8629,-2682835,-8296566,10979401,
603225,新凤鸣,17.73,4.417,365060000.0,1.25,29742000000.0,29583000000.0,-11031246,-3.0218,4730571,-15761817,11031246,
688518,联赢激光,20.94,-1.5052,215210000.0,3.0,7147000000.0,7147000000.0,-11046071,-5.1327,4511233,-15557304,11046071,
002460,赣锋锂业,46.56,0.7792,1164520000.0,2.07,97622000000.0,56401000000.0,-11056531,-0.9494,28240541,-39297072,11056531,
002366,融发核电,5.75,0.8772,116250000.0,1.1,11965000000.0,10640000000.0,-11151470,-9.5927,-12456593,1305123,11151470,
000428,华天酒店,4.34,4.5783,331280000.0,7.54,4422000000.0,4422000000.0,-11174204,-3.373,1061754,-12235958,11174204,
300079,数码视讯,4.84,1.0438,84580000.0,1.35,6902000000.0,6254000000.0,-11193681,-13.2344,-1594266,-9599415,11193681,
300443,金雷股份,19.85,-2.2649,225990000.0,4.67,6355000000.0,4806000000.0,-11194831,-4.9537,-6705439,-4489392,11194831,
000797,中国武夷,2.72,1.1152,181570000.0,4.34,4272000000.0,4272000000.0,-11204284,-6.1708,-3389063,-7815221,11204284,
688805,健信超导,39.81,-0.6737,60560000.0,4.5,6675000000.0,1335000000.0,-11224080,-18.5338,-7676426,-3547654,11224080,
002468,申通快递,15.34,2.953,417910000.0,1.85,23483000000.0,22646000000.0,-11268771,-2.6965,-33607188,22338417,11268771,
603386,骏亚科技,18.02,2.1542,273810000.0,4.66,5880000000.0,5880000000.0,-11297733,-4.1261,-2630233,-8667500,11297733,
002581,*ST未名,5.0,-3.6609,55110000.0,2.68,3299000000.0,2004000000.0,-11312123,-20.5264,-18630605,7318482,11312123,
600459,贵研铂业,19.36,0.676,216580000.0,1.47,15937000000.0,14708000000.0,-11318043,-5.2258,-2201529,-9116514,11318043,
603202,天有为,51.57,-0.3478,55650000.0,2.15,8251000000.0,2590000000.0,-11327854,-20.3555,-979678,-10348176,11327854,
600237,铜峰电子,9.6,1.5873,372280000.0,6.22,6053000000.0,5996000000.0,-11415682,-3.0664,-5904723,-5510959,11415682,
603288,海天味业,33.83,-0.0591,481990000.0,0.26,197941000000.0,188089000000.0,-11416609,-2.3686,-19092485,7675876,11416609,
000423,东阿阿胶,45.6,0.7512,238520000.0,0.82,29176000000.0,29125000000.0,-11430269,-4.7922,-4810633,-6619636,11430269,
300706,阿石创,50.93,-0.6244,303670000.0,5.22,7820000000.0,5797000000.0,-11448778,-3.7701,-3185532,-8263246,11448778,
600791,京能置业,7.26,4.3103,111890000.0,3.46,3288000000.0,3284000000.0,-11546926,-10.3199,-2296838,-9250088,11546926,
301219,腾远钴业,41.53,0.2898,176090000.0,1.55,15899000000.0,11348000000.0,-11589049,-6.5813,648175,-12237224,11589049,
002403,爱仕达,10.14,4.7521,237240000.0,7.92,3454000000.0,3013000000.0,-11611825,-4.8945,-2328366,-9283459,11611825,
688251,井松智能,18.71,1.4642,58540000.0,3.15,1882000000.0,1869000000.0,-11622955,-19.8547,-4992116,-6630839,11622955,
688566,吉贝尔,26.69,1.8702,60480000.0,1.13,5367000000.0,5367000000.0,-11649415,-19.2616,-4509486,-7139929,11649415,
000862,银星能源,5.54,-1.4235,99380000.0,2.51,5085000000.0,3951000000.0,-11653308,-11.726,-4386067,-7267241,11653308,
000543,皖能电力,7.29,-0.8163,142880000.0,0.86,16525000000.0,16525000000.0,-11661599,-8.1618,-24185757,12524158,11661599,
688599,天合光能,11.22,-0.089,284040000.0,1.08,26284000000.0,26284000000.0,-11677858,-4.1113,-13564476,1886618,11677858,
002005,德豪润达,2.64,-0.7519,189510000.0,4.06,4626000000.0,4625000000.0,-11700286,-6.174,-7205188,-4495098,11700286,
600851,海欣股份,8.68,4.9577,108880000.0,1.72,10477000000.0,6408000000.0,-11717812,-10.7621,-288812,-11429000,11717812,
600506,统一股份,16.84,-0.8829,190940000.0,4.55,4204000000.0,4204000000.0,-11735248,-6.146,-5114379,-6620869,11735248,
688139,海尔生物,34.14,8.8648,322630000.0,3.05,10805000000.0,10805000000.0,-11760946,-3.6453,-11927639,166693,11760946,
603779,威龙股份,8.43,2.3058,81410000.0,2.93,2799000000.0,2799000000.0,-11769663,-14.4573,-409675,-11359988,11769663,
688605,先锋精科,88.16,-2.1097,326610000.0,3.41,17842000000.0,9552000000.0,-11782728,-3.6076,-13608094,1825366,11782728,
002309,中利集团,2.98,0.0,188510000.0,2.63,8963000000.0,7170000000.0,-11796169,-6.2576,-11411724,-384445,11796169,
000908,石药景峰,6.2,1.3072,102440000.0,1.87,10909000000.0,5455000000.0,-11797162,-11.5162,-2826117,-8971045,11797162,
300481,濮阳惠成,14.22,0.4947,132090000.0,3.2,4150000000.0,4125000000.0,-11831203,-8.9569,-13501284,1670081,11831203,
300035,中科电气,12.57,0.1594,112840000.0,1.53,8616000000.0,7374000000.0,-11833129,-10.4866,-1102283,-10730846,11833129,
605507,国邦医药,18.05,-0.6604,257060000.0,1.82,14121000000.0,14121000000.0,-11840657,-4.6062,-5527325,-6313332,11840657,
300990,同飞股份,107.34,6.1091,1210480000.0,13.8,18378000000.0,8893000000.0,-11844405,-0.9785,-32656504,20812099,11844405,
002203,海亮股份,18.24,-1.1918,318410000.0,0.77,41802000000.0,41047000000.0,-11901166,-3.7377,-5662012,-6239154,11901166,
300258,精锻科技,8.91,0.3378,50520000.0,0.99,5213000000.0,5078000000.0,-11902423,-23.5598,-2569442,-9332981,11902423,
600179,安通控股,4.58,0.6593,94090000.0,0.53,19380000000.0,17689000000.0,-11911085,-12.6592,-7344292,-4566793,11911085,
603298,杭叉集团,23.4,-0.5102,120430000.0,0.39,30650000000.0,30650000000.0,-11956558,-9.9282,1005126,-12961684,11956558,
301335,天元宠物,25.79,1.4157,116380000.0,5.06,3296000000.0,2280000000.0,-11969777,-10.2851,-5212268,-6757509,11969777,
300761,立华股份,20.74,1.2201,178510000.0,1.34,17553000000.0,13414000000.0,-11983318,-6.713,-23620015,11636697,11983318,
603906,龙蟠科技,18.23,-0.328,159500000.0,1.56,14422000000.0,10263000000.0,-11994869,-7.5203,-2562587,-9432282,11994869,
002031,巨轮智能,5.27,0.381,438480000.0,3.77,11591000000.0,11591000000.0,-12020845,-2.7415,2512468,-14533313,12020845,
002774,快意电梯,16.73,-6.4841,375360000.0,7.88,5633000000.0,4714000000.0,-12060585,-3.2131,-19169909,7109324,12060585,
300656,民德电子,30.19,-4.8235,320230000.0,7.76,5166000000.0,4074000000.0,-12091542,-3.7759,-8643617,-3447925,12091542,
002254,泰和新材,12.72,1.3546,204540000.0,1.89,10831000000.0,10819000000.0,-12121808,-5.9264,-12994293,872485,12121808,
603669,灵康药业,5.9,5.7348,352120000.0,8.42,4203000000.0,4203000000.0,-12132723,-3.4456,2457441,-14590164,12132723,
605555,德昌股份,12.69,1.6013,124240000.0,2.0,6143000000.0,6143000000.0,-12204284,-9.8232,-11500856,-703428,12204284,
600368,五洲交通,4.09,-0.2439,71800000.0,1.09,6583000000.0,6583000000.0,-12215441,-17.0131,-9369547,-2845894,12215441,
605208,永茂泰,14.49,-1.0246,104800000.0,2.19,4781000000.0,4781000000.0,-12307026,-11.7433,-885812,-11421214,12307026,
301633,港迪技术,60.3,-3.3344,123210000.0,7.87,3358000000.0,1539000000.0,-12311246,-9.9921,-5902620,-6408626,12311246,
603052,可川科技,59.71,-1.0933,276380000.0,2.46,11219000000.0,11219000000.0,-12324103,-4.4591,-9245381,-3078722,12324103,
002350,北京科锐,14.38,-0.7591,82300000.0,1.08,7799000000.0,7629000000.0,-12331538,-14.9836,-4459969,-7871569,12331538,
002430,杭氧股份,25.97,0.0771,267240000.0,1.05,25408000000.0,25397000000.0,-12367993,-4.628,-3412430,-8955563,12367993,
002714,牧原股份,42.38,2.4909,1189180000.0,0.86,244660000000.0,139028000000.0,-12368009,-1.04,22900679,-35268688,12368009,
688231,隆达股份,35.18,10.7683,265980000.0,2.42,11243000000.0,11243000000.0,-12369042,-4.6504,-4243,-12364799,12369042,
001359,平安电工,88.15,-0.3842,207470000.0,3.87,21258000000.0,5315000000.0,-12373442,-5.964,-13989456,1616014,12373442,
603612,索通发展,16.75,0.9036,124250000.0,1.49,8343000000.0,8343000000.0,-12406975,-9.9855,-9337867,-3069108,12406975,
301396,宏景科技,179.5,-0.1224,1782670000.0,7.04,38579000000.0,25400000000.0,-12414657,-0.6964,-29846033,17431376,12414657,
002015,协鑫能科,16.11,1.1935,900030000.0,3.46,26152000000.0,26152000000.0,-12415171,-1.3794,78603,-12493774,12415171,
605277,新亚电子,17.85,1.0759,184900000.0,2.69,6940000000.0,6894000000.0,-12422741,-6.7186,1339108,-13761849,12422741,
300062,中能电气,6.47,0.0,114710000.0,3.89,4076000000.0,2968000000.0,-12426750,-10.8332,-2929113,-9497637,12426750,
688102,斯瑞新材,31.25,-0.7937,318250000.0,1.3,24409000000.0,24338000000.0,-12430319,-3.9058,-5676190,-6754129,12430319,
600583,海油工程,6.53,7.7558,575820000.0,2.04,28871000000.0,28871000000.0,-12449563,-2.1621,4278641,-16728204,12449563,
600397,江钨装备,17.24,0.3492,921150000.0,5.36,17067000000.0,17067000000.0,-12521463,-1.3593,-7062548,-5458915,12521463,
603040,新坐标,47.59,-0.5434,82190000.0,0.87,9392000000.0,9392000000.0,-12557797,-15.279,-5928744,-6629053,12557797,
688628,优利德,87.67,9.0287,848320000.0,8.77,9853000000.0,9853000000.0,-12641076,-1.4901,-95050225,82409149,12641076,
301421,波长光电,81.05,-0.43,222070000.0,4.51,9379000000.0,4921000000.0,-12679471,-5.7097,-7458698,-5220773,12679471,
002488,金固股份,7.72,0.915,102950000.0,1.45,7685000000.0,7103000000.0,-12681655,-12.3183,-9120746,-3560909,12681655,
688550,瑞联新材,38.76,1.5191,167620000.0,2.46,6824000000.0,6824000000.0,-12750773,-7.607,-20006840,7256067,12750773,
002335,科华数据,29.6,-0.1686,339560000.0,1.73,22331000000.0,19528000000.0,-12762511,-3.7585,-13190696,428185,12762511,
688300,联瑞新材,174.78,-1.1425,1630660000.0,3.81,42204000000.0,42204000000.0,-12817427,-0.786,2276109,-15093536,12817427,
001368,通达创智,33.3,2.6194,175460000.0,4.92,3767000000.0,3599000000.0,-12823682,-7.3086,-3615396,-9208286,12823682,
688676,金盘科技,64.52,-1.2852,607140000.0,2.04,29665000000.0,29665000000.0,-12836077,-2.1142,-24259537,11423460,12836077,
601018,宁波港,3.47,1.462,241310000.0,0.36,67507000000.0,67507000000.0,-12876611,-5.3361,-9576093,-3300518,12876611,
300333,兆日科技,11.91,2.4076,346310000.0,8.83,4002000000.0,3987000000.0,-12897713,-3.7243,-1703246,-11194467,12897713,
603682,锦和商管,9.91,2.2704,113110000.0,2.44,4682000000.0,4682000000.0,-12928509,-11.43,211375,-13139884,12928509,
688007,光峰科技,11.19,8.0116,245490000.0,4.84,5143000000.0,5143000000.0,-12938492,-5.2705,17626470,-30564962,12938492,
603301,振德医疗,80.3,-2.0373,141190000.0,0.66,21189000000.0,21189000000.0,-13001383,-9.2084,-678540,-12322843,13001383,
600769,祥龙电业,16.4,0.9852,189030000.0,3.08,6150000000.0,6150000000.0,-13015234,-6.8853,-3089170,-9926064,13015234,
601696,中银证券,11.38,0.708,289920000.0,0.92,31614000000.0,31614000000.0,-13044856,-4.4995,-16083862,3039006,13044856,
300073,当升科技,38.51,-1.028,305040000.0,1.56,20961000000.0,19485000000.0,-13075005,-4.2863,-4904888,-8170117,13075005,
300721,怡达股份,22.7,-0.613,197650000.0,6.27,3742000000.0,3142000000.0,-13090509,-6.6231,-2184902,-10905607,13090509,
300233,金城医药,13.8,4.3084,196060000.0,3.87,5297000000.0,5137000000.0,-13112090,-6.6878,-3472752,-9639338,13112090,
002340,格林美,6.25,0.321,293670000.0,0.93,31890000000.0,31725000000.0,-13128319,-4.4704,12322617,-25450936,13128319,
605069,正和生态,12.14,-1.7799,164450000.0,6.38,2570000000.0,2570000000.0,-13147118,-7.9946,-5796542,-7350576,13147118,
600208,衢州发展,2.9,1.3986,274430000.0,1.12,24676000000.0,24673000000.0,-13167417,-4.7981,-21861674,8694257,13167417,
002382,蓝帆医疗,6.0,2.5641,75810000.0,1.28,6046000000.0,5987000000.0,-13202530,-17.4153,-4672781,-8529749,13202530,
605077,华康股份,11.82,3.6842,157490000.0,4.5,3578000000.0,3539000000.0,-13241244,-8.4077,-3332358,-9908886,13241244,
002779,中坚科技,84.99,2.4099,220460000.0,1.57,15706000000.0,14092000000.0,-13326490,-6.0449,-5752302,-7574188,13326490,
603505,金石资源,15.39,-0.1946,122870000.0,0.95,12953000000.0,12953000000.0,-13371515,-10.8827,-5664203,-7707312,13371515,
300545,联得装备,27.39,-0.1094,134150000.0,3.93,5101000000.0,3401000000.0,-13411157,-9.9971,-8452136,-4959021,13411157,
301027,华蓝集团,21.19,6.4824,185080000.0,6.97,3115000000.0,2680000000.0,-13458760,-7.2719,1344574,-14803334,13458760,
688152,麒麟信安,37.1,2.7132,144600000.0,3.87,3780000000.0,3780000000.0,-13469097,-9.3147,1199276,-14668373,13469097,
002972,科安达,13.22,0.7622,72710000.0,3.98,3252000000.0,1831000000.0,-13478431,-18.5372,-5617627,-7860804,13478431,
000659,珠海中富,2.8,0.0,58420000.0,1.62,3600000000.0,3600000000.0,-13557757,-23.2074,-5335716,-8222041,13557757,
000056,*ST皇庭,2.57,2.8,91540000.0,4.04,3039000000.0,2323000000.0,-13577064,-14.8318,-11468306,-2108758,13577064,
600377,宁沪高速,12.52,-1.1058,165870000.0,0.35,63073000000.0,47603000000.0,-13577345,-8.1855,-3549831,-10027514,13577345,
002423,中粮资本,9.32,1.3043,133600000.0,0.63,21474000000.0,21474000000.0,-13648183,-10.2157,-14805729,1157546,13648183,
002849,威星智能,20.69,1.8209,660250000.0,14.64,4565000000.0,4525000000.0,-13667557,-2.0701,-29383582,15716025,13667557,
600227,赤天化,4.07,4.359,626880000.0,12.2,6873000000.0,5200000000.0,-13674398,-2.1813,-1383170,-12291228,13674398,
300165,天瑞仪器,5.1,0.1965,79380000.0,3.73,2527000000.0,2145000000.0,-13674578,-17.2267,2489537,-16164115,13674578,
600032,XD浙江新,7.07,0.1416,119490000.0,0.7,17001000000.0,17001000000.0,-13744968,-11.503,-3466000,-10278968,13744968,
300539,横河精密,17.74,-1.9348,142360000.0,3.67,4756000000.0,3865000000.0,-13747058,-9.6565,-7328192,-6418866,13747058,
688617,惠泰医疗,243.49,1.4542,473050000.0,1.38,34461000000.0,34461000000.0,-13810753,-2.9195,596071,-14406824,13810753,
600780,通宝能源,6.25,1.626,86530000.0,1.22,7166000000.0,7166000000.0,-13834991,-15.9887,-5971085,-7863906,13834991,
603285,键邦股份,38.37,1.3471,218420000.0,9.21,6139000000.0,2390000000.0,-13835344,-6.3343,-12095857,-1739487,13835344,
000019,深粮控股,7.2,0.6993,177210000.0,5.97,8298000000.0,2997000000.0,-13875220,-7.8298,275566,-14150786,13875220,
000591,太阳能,4.29,0.0,147790000.0,0.88,16752000000.0,16746000000.0,-13885377,-9.3953,-11249512,-2635865,13885377,
688719,爱科赛博,57.93,3.4464,285720000.0,5.48,6684000000.0,5198000000.0,-13888861,-4.861,-199910,-13688951,13888861,
300663,科蓝软件,7.85,2.8834,150240000.0,4.19,3756000000.0,3614000000.0,-13895150,-9.2486,-2438857,-11456293,13895150,
603690,至纯科技,24.2,-0.7383,450040000.0,4.87,9268000000.0,9268000000.0,-13897858,-3.0881,-7586656,-6311202,13897858,
301528,多浦乐,75.04,0.2137,189270000.0,5.44,6735000000.0,3471000000.0,-13903366,-7.3458,6847884,-20751250,13903366,
002426,胜利精密,2.64,1.1494,207310000.0,2.46,8983000000.0,8433000000.0,-13917195,-6.7132,-12471683,-1445512,13917195,
601330,绿色动力,8.38,0.1195,102830000.0,1.24,11987000000.0,8289000000.0,-13918181,-13.5351,-4206636,-9711545,13918181,
000518,四环生物,3.87,1.3089,123460000.0,3.13,3984000000.0,3984000000.0,-13933116,-11.2855,-8232674,-5700442,13933116,
600310,广西能源,4.72,0.0,183330000.0,2.64,6918000000.0,6918000000.0,-13948939,-7.6087,-3452108,-10496831,13948939,
688755,汉邦科技,30.1,8.2734,147140000.0,6.21,3443000000.0,2404000000.0,-13968495,-9.4933,-8813192,-5155303,13968495,
688689,银河微电,40.9,-0.1221,200350000.0,3.37,5927000000.0,5927000000.0,-13969865,-6.9727,3193776,-17163641,13969865,
002602,世纪华通,14.61,-0.5446,1208720000.0,1.22,107686000000.0,99302000000.0,-13972339,-1.156,-85120275,71147936,13972339,
000912,泸天化,4.18,3.7221,228770000.0,3.55,6554000000.0,6554000000.0,-13997698,-6.1187,-8680340,-5317358,13997698,
002896,中大力德,61.5,0.0651,320410000.0,2.64,12086000000.0,12086000000.0,-14005202,-4.371,455316,-14460518,14005202,
603233,大参林,17.95,-2.3395,179620000.0,0.88,20442000000.0,20442000000.0,-14067594,-7.8319,-6890311,-7177283,14067594,
301275,汉朔科技,40.59,-2.0512,196910000.0,1.61,17145000000.0,12212000000.0,-14110253,-7.1658,-11620190,-2490063,14110253,
300493,润欣科技,13.07,1.7121,195320000.0,2.91,6699000000.0,6693000000.0,-14208796,-7.2746,-3694200,-10514596,14208796,
300432,富临精工,13.33,-3.5456,848250000.0,3.74,22791000000.0,22560000000.0,-14245973,-1.6795,-29927105,15681132,14245973,
600633,浙数文化,10.33,0.4864,147610000.0,1.12,13099000000.0,13099000000.0,-14279329,-9.6737,-9261626,-5017703,14279329,
000925,众合科技,8.21,1.1084,139460000.0,2.53,5552000000.0,5509000000.0,-14327020,-10.2732,-7150719,-7176301,14327020,
002387,维信诺,7.08,0.7112,85330000.0,0.87,9889000000.0,9877000000.0,-14334626,-16.799,-5361911,-8972715,14334626,
600713,南京医药,5.08,0.994,60750000.0,0.93,6645000000.0,6552000000.0,-14340520,-23.6058,-7496433,-6844087,14340520,
300227,光韵达,11.02,-2.0444,242520000.0,4.8,6565000000.0,5029000000.0,-14370818,-5.9256,-15853880,1483062,14370818,
600876,凯盛新能,8.34,-0.7143,162080000.0,4.92,5385000000.0,3300000000.0,-14451254,-8.9161,-6235659,-8215595,14451254,
688069,德林海,38.76,5.5843,179060000.0,2.95,6071000000.0,6071000000.0,-14452631,-8.0714,-9737669,-4714962,14452631,
300018,中元股份,11.98,-0.5809,122490000.0,2.81,5855000000.0,4352000000.0,-14454471,-11.8005,-6131193,-8323278,14454471,
301487,盟固利,16.11,-0.8005,174980000.0,2.36,7404000000.0,7404000000.0,-14493803,-8.2831,-11999429,-2494374,14493803,
002733,雄韬股份,18.12,-0.6579,151430000.0,2.27,6962000000.0,6684000000.0,-14523684,-9.591,-6958745,-7564939,14523684,
002855,捷荣技术,13.23,3.7647,214450000.0,6.62,3260000000.0,3258000000.0,-14554008,-6.7867,-3344723,-11209285,14554008,
000407,胜利股份,4.22,0.2375,57970000.0,1.57,3714000000.0,3696000000.0,-14558999,-25.1147,-10819509,-3739490,14558999,
300171,东富龙,15.97,3.3657,522040000.0,5.77,12230000000.0,9080000000.0,-14563697,-2.7898,-9486332,-5077365,14563697,
000617,中油资本,6.97,1.3081,499570000.0,0.57,88115000000.0,88115000000.0,-14622384,-2.927,-49330144,34707760,14622384,
002870,香山股份,48.96,-1.0509,163000000.0,2.54,7479000000.0,6352000000.0,-14645788,-8.9851,-10089780,-4556008,14645788,
600605,汇通能源,27.2,1.4925,179430000.0,3.21,5611000000.0,5611000000.0,-14687905,-8.1859,-8228060,-6459845,14687905,
600018,上港集团,5.43,1.306,269500000.0,0.21,126410000000.0,126401000000.0,-14770972,-5.4809,9237833,-24008805,14770972,
688091,上海谊众,41.65,4.5694,174150000.0,2.04,8609000000.0,8609000000.0,-14780122,-8.487,-3102251,-11677871,14780122,
300174,元力股份,18.62,-0.9047,224710000.0,3.29,6782000000.0,6757000000.0,-14797765,-6.5853,-10139762,-4658003,14797765,
605299,舒华体育,12.72,2.5806,144390000.0,2.79,5185000000.0,5185000000.0,-14871103,-10.2993,-1865018,-13006085,14871103,
300739,明阳电路,31.54,0.4139,646130000.0,6.77,11766000000.0,9556000000.0,-14894516,-2.3052,2222372,-17116888,14894516,
002099,海翔药业,5.5,2.6119,123820000.0,1.4,8903000000.0,8893000000.0,-14902757,-12.0358,190298,-15093055,14902757,
300383,光环新网,11.29,-0.0885,330550000.0,1.63,20295000000.0,20267000000.0,-14980815,-4.5321,-4821768,-10159047,14980815,
002079,苏州固锝,9.18,0.0,217260000.0,2.92,8340000000.0,7446000000.0,-15048941,-6.9267,-2651424,-12397517,15048941,
300747,锐科激光,40.83,-1.1619,771890000.0,3.59,22930000000.0,21312000000.0,-15094361,-1.9555,-37838494,22744133,15094361,
000668,荣丰控股,19.35,-8.0323,160710000.0,5.62,2908000000.0,2841000000.0,-15123386,-9.4104,-12715225,-2408161,15123386,
000798,中水渔业,10.4,2.4631,244840000.0,6.47,3805000000.0,3805000000.0,-15216107,-6.2147,-2699276,-12516831,15216107,
601619,嘉泽新能,4.08,-0.7299,97340000.0,0.94,12286000000.0,10336000000.0,-15245951,-15.6626,-14135252,-1110699,15245951,
600318,新力金融,7.15,3.9244,268680000.0,7.45,3666000000.0,3666000000.0,-15325263,-5.7039,12388665,-27713928,15325263,
603725,天安新材,11.85,0.8511,267810000.0,7.37,3613000000.0,3613000000.0,-15357219,-5.7344,-11533026,-3824193,15357219,
688521,芯原股份,207.8,1.2769,4255660000.0,3.94,109285000000.0,109285000000.0,-15362144,-0.361,138771104,-154133248,15362144,
002696,百洋股份,6.86,2.3881,189720000.0,8.31,2372000000.0,2293000000.0,-15440475,-8.1386,-465023,-14975452,15440475,
300790,宇瞳光学,19.87,-0.6003,396140000.0,4.37,10340000000.0,9079000000.0,-15457974,-3.9021,-19709356,4251382,15457974,
300937,药易购,25.16,2.3596,126520000.0,7.75,2407000000.0,1632000000.0,-15487916,-12.2415,-6844265,-8643651,15487916,
605178,时空科技,67.99,-1.4209,286530000.0,4.22,6736000000.0,6736000000.0,-15586020,-5.4396,-1556426,-14029594,15586020,
002981,朝阳科技,26.51,3.0315,203560000.0,6.38,3620000000.0,3223000000.0,-15588461,-7.6579,2651562,-18240023,15588461,
002549,凯美特气,13.55,-1.311,212370000.0,2.26,9422000000.0,9381000000.0,-15631341,-7.3604,-11872808,-3758533,15631341,
600860,京城股份,7.72,-4.3371,129370000.0,3.76,4213000000.0,3428000000.0,-15655380,-12.1012,-6967296,-8688084,15655380,
002979,雷赛智能,54.39,-1.4317,302990000.0,2.46,17189000000.0,12188000000.0,-15666214,-5.1705,-6124405,-9541809,15666214,
002068,黑猫股份,9.88,-1.002,601430000.0,8.3,7265000000.0,7262000000.0,-15717337,-2.6133,-4610091,-11107246,15717337,
300996,普联软件,12.88,2.2222,250670000.0,5.88,5098000000.0,4291000000.0,-15722529,-6.2722,-7439102,-8283427,15722529,
300550,和仁科技,14.42,0.2085,125930000.0,3.3,3786000000.0,3783000000.0,-15722906,-12.4854,-9593402,-6129504,15722906,
002956,西麦食品,18.3,2.809,195200000.0,3.44,5720000000.0,5719000000.0,-15723677,-8.0552,-4794655,-10929022,15723677,
001979,招商蛇口,7.38,4.3847,1237040000.0,1.94,66538000000.0,65458000000.0,-15734636,-1.272,-10881644,-4852992,15734636,
301085,亚康股份,76.74,0.1828,274030000.0,5.96,6659000000.0,4583000000.0,-15776497,-5.7572,-11491483,-4285014,15776497,
000887,中鼎股份,19.54,0.0,544970000.0,2.1,25724000000.0,25683000000.0,-15788834,-2.8972,-42737922,26949088,15788834,
300731,科创新源,50.21,2.6999,496020000.0,5.87,8901000000.0,8448000000.0,-15838325,-3.1931,-20391221,4552896,15838325,
000505,京粮控股,6.88,2.5335,272560000.0,6.09,5001000000.0,4554000000.0,-15850549,-5.8154,-2167082,-13683467,15850549,
603339,四方科技,13.21,2.8016,150830000.0,3.72,4088000000.0,4088000000.0,-15850908,-10.5091,-9361952,-6488956,15850908,
603136,天目湖,9.5,4.0526,182880000.0,7.24,2566000000.0,2566000000.0,-15953922,-8.7237,-2695832,-13258090,15953922,
603322,超讯科技,32.31,-1.853,212820000.0,4.15,5092000000.0,5092000000.0,-16086349,-7.5587,-6918416,-9167933,16086349,
300480,光力科技,32.75,-0.5164,338020000.0,3.97,12125000000.0,8482000000.0,-16187032,-4.7888,-14598439,-1588593,16187032,
600520,三佳科技,26.11,-0.4575,222440000.0,5.38,4137000000.0,4137000000.0,-16224293,-7.2938,-12042463,-4181830,16224293,
301297,富乐德,48.28,1.3434,920200000.0,3.56,33926000000.0,25907000000.0,-16224612,-1.7632,-3424948,-12799664,16224612,
688192,迪哲医药-U,60.39,5.1175,416340000.0,1.49,28091000000.0,27853000000.0,-16232871,-3.8989,4311210,-20544081,16232871,
000581,威孚高科,18.01,-0.7713,99300000.0,0.69,17412000000.0,14298000000.0,-16257528,-16.3721,-4369707,-11887821,16257528,
000710,贝瑞基因,9.38,3.6464,426820000.0,13.58,3316000000.0,3147000000.0,-16408942,-3.8445,-11367075,-5041867,16408942,
301021,英诺激光,92.46,-0.5806,957100000.0,6.82,14134000000.0,14117000000.0,-16411564,-1.7147,-17185480,773916,16411564,
002310,东方新能,2.31,0.4348,184630000.0,1.82,13858000000.0,10162000000.0,-16413616,-8.89,-4976716,-11436900,16413616,
688328,深科达,84.9,-0.1176,393130000.0,4.9,8019000000.0,8019000000.0,-16467483,-4.1888,-3927724,-12539759,16467483,
600580,卧龙电驱,27.46,0.6967,627620000.0,1.46,42896000000.0,42773000000.0,-16554700,-2.6377,8326062,-24880762,16554700,
002912,中新赛克,23.98,-2.3218,529470000.0,13.66,4095000000.0,3890000000.0,-16568075,-3.1292,-19126910,2558835,16568075,
603737,三棵树,22.18,7.6177,370210000.0,1.93,19638000000.0,19638000000.0,-16598438,-4.4835,2526866,-19125304,16598438,
300409,道氏技术,17.06,-0.1755,235840000.0,1.99,13345000000.0,11877000000.0,-16623552,-7.0487,5346711,-21970263,16623552,
601628,中国人寿,38.02,0.582,806130000.0,0.1,1074624000000.0,791711000000.0,-16623805,-2.0622,-13190951,-3432854,16623805,
600050,中国联通,4.23,0.237,375460000.0,0.29,132249000000.0,131089000000.0,-16664070,-4.4383,-589388,-16074682,16664070,
002922,伊戈尔,23.62,0.4252,343320000.0,3.8,9981000000.0,9026000000.0,-16686792,-4.8604,-26996912,10310120,16686792,
603257,中国瑞林,69.32,-3.7222,195630000.0,11.3,8318000000.0,1726000000.0,-16704173,-8.5387,-24624009,7919836,16704173,
600233,圆通速递,18.46,0.7092,586990000.0,0.93,63228000000.0,63228000000.0,-16736972,-2.8513,9040216,-25777188,16736972,
301662,宏工科技,68.03,-1.0041,186030000.0,6.13,7891000000.0,3034000000.0,-16742421,-8.9999,-7753416,-8989005,16742421,
002545,东方铁塔,15.98,0.3139,205770000.0,1.14,19880000000.0,18060000000.0,-16756586,-8.1434,-22812865,6056279,16756586,
002176,江特电机,8.56,0.3517,265140000.0,1.83,14571000000.0,14550000000.0,-16812495,-6.341,-15431669,-1380826,16812495,
688378,奥来德,52.24,1.0445,712360000.0,5.17,13657000000.0,13657000000.0,-16876164,-2.369,-25460099,8583935,16876164,
000878,云南铜业,16.82,0.4179,486840000.0,1.45,40792000000.0,33701000000.0,-16883907,-3.4681,-11044306,-5839601,16883907,
002043,兔宝宝,11.47,4.0835,241100000.0,2.63,9517000000.0,9246000000.0,-16899574,-7.0094,915294,-17814868,16899574,
002195,岩山科技,6.22,0.974,520970000.0,1.49,35246000000.0,34930000000.0,-17068948,-3.2764,-26043226,8974278,17068948,
688585,上纬新材,147.81,-4.144,757990000.0,1.22,59621000000.0,59621000000.0,-17135593,-2.2607,-11858354,-5277239,17135593,
600906,财达证券,6.52,0.9288,188110000.0,1.37,21157000000.0,13850000000.0,-17146642,-9.1152,-6272876,-10873766,17146642,
301108,洁雅股份,48.29,4.3882,179200000.0,5.75,5435000000.0,3131000000.0,-17162782,-9.5774,2438854,-19601636,17162782,
002235,安妮股份,8.12,-0.123,120030000.0,2.67,4706000000.0,4495000000.0,-17168480,-14.3035,-4672049,-12496431,17168480,
002771,真视通,13.9,0.361,118920000.0,4.76,2916000000.0,2510000000.0,-17185711,-14.4515,-3376645,-13809066,17185711,
603516,淳中科技,86.13,-0.8633,284340000.0,1.61,17507000000.0,17507000000.0,-17189699,-6.0455,-2909947,-14279752,17189699,
688387,信科移动-U,12.72,0.1575,369430000.0,1.44,43487000000.0,25653000000.0,-17197235,-4.6551,-1699936,-15497299,17197235,
300046,台基股份,25.0,-0.7149,139730000.0,2.36,5913000000.0,5913000000.0,-17243148,-12.3403,692943,-17936091,17243148,
301191,菲菱科思,87.06,-1.2701,229330000.0,3.59,8436000000.0,6360000000.0,-17271062,-7.5311,-4170657,-13100405,17271062,
300895,铜牛信息,57.5,1.842,333540000.0,8.56,8096000000.0,3923000000.0,-17363410,-5.2058,-6984785,-10378625,17363410,
300317,珈伟新能,4.19,0.9639,149790000.0,4.34,3478000000.0,3473000000.0,-17376412,-11.6005,-3786808,-13589604,17376412,
300808,久量股份,21.76,-3.9718,150620000.0,5.72,3482000000.0,2587000000.0,-17395727,-11.5494,-6119885,-11275842,17395727,
688187,时代电气,45.73,0.0,139370000.0,0.35,60853000000.0,39735000000.0,-17464108,-12.5308,-13553371,-3910737,17464108,
301210,金杨精密,30.46,-1.4239,192510000.0,10.21,4909000000.0,1875000000.0,-17473865,-9.0769,-1117626,-16356239,17473865,
600719,大连热电,8.17,-2.9691,315700000.0,9.45,3306000000.0,3306000000.0,-17485063,-5.5385,-1821849,-15663214,17485063,
600389,江山股份,19.23,1.746,227920000.0,2.79,8281000000.0,8281000000.0,-17620373,-7.7309,-13183686,-4436687,17620373,
600903,贵州燃气,6.79,1.952,344880000.0,4.39,7903000000.0,7903000000.0,-17662719,-5.1214,-7879087,-9783632,17662719,
603159,上海亚虹,22.59,0.8933,231340000.0,7.21,3163000000.0,3163000000.0,-17668005,-7.6372,-7413343,-10254662,17668005,
600789,鲁抗医药,7.86,3.6939,324410000.0,4.12,8215000000.0,7941000000.0,-17688198,-5.4524,-1504920,-16183278,17688198,
600356,恒丰纸业,10.21,-0.9699,170780000.0,5.57,3365000000.0,3050000000.0,-17716931,-10.3741,-771236,-16945695,17716931,
600621,华鑫股份,14.24,0.9929,805000000.0,5.37,15107000000.0,15107000000.0,-17752494,-2.2053,-38658624,20906130,17752494,
000792,盐湖股份,24.96,0.8892,996410000.0,0.76,132078000000.0,132076000000.0,-17769815,-1.7834,-68865063,51095248,17769815,
002149,西部材料,34.0,0.1178,472280000.0,2.84,16599000000.0,16597000000.0,-17803476,-3.7697,-11603093,-6200383,17803476,
688138,清溢光电,37.62,-0.8434,231610000.0,1.95,11843000000.0,11843000000.0,-17819725,-7.6938,-14099757,-3719968,17819725,
688122,西部超导,50.73,1.3789,407210000.0,1.24,32957000000.0,32957000000.0,-17849556,-4.3834,-7092253,-10757303,17849556,
600048,保利发展,5.68,6.7669,2669090000.0,4.04,67992000000.0,67992000000.0,-17890032,-0.6703,-109012992,91122960,17890032,
300601,康泰生物,12.99,6.9136,516510000.0,4.49,14509000000.0,11696000000.0,-17935826,-3.4725,12665494,-30601320,17935826,
301377,鼎泰高科,399.85,-2.2109,1205790000.0,3.03,169554000000.0,39530000000.0,-17964648,-1.4899,6837915,-24802563,17964648,
301589,诺瓦星云,159.3,-0.2505,220320000.0,3.95,14727000000.0,5490000000.0,-17987467,-8.1642,-6072019,-11915448,17987467,
600490,鹏欣资源,7.13,-0.8345,177230000.0,1.24,15778000000.0,14207000000.0,-18072743,-10.1973,-15305944,-2766799,18072743,
603626,科森科技,23.35,-0.2989,1591870000.0,12.39,12956000000.0,12956000000.0,-18153770,-1.1404,-7721370,-10432400,18153770,
002797,第一创业,6.38,0.3145,243920000.0,0.91,26811000000.0,26811000000.0,-18166307,-7.4476,-21792247,3625940,18166307,
300786,国林科技,15.22,-3.6709,265160000.0,11.77,2801000000.0,2233000000.0,-18185348,-6.8583,-7191266,-10994082,18185348,
688309,恒誉科技,78.99,1.3732,196640000.0,3.09,6272000000.0,6272000000.0,-18206845,-9.259,-19826821,1619976,18206845,
000059,华锦股份,5.75,6.4815,348760000.0,3.86,9197000000.0,9197000000.0,-18229822,-5.227,-25741699,7511877,18229822,
301389,隆扬电子,59.98,-0.2495,481740000.0,2.83,17004000000.0,17004000000.0,-18299337,-3.7986,-11884786,-6414551,18299337,
301263,泰恩康,21.0,8.9212,212620000.0,2.82,10723000000.0,7650000000.0,-18344241,-8.6277,-5006850,-13337391,18344241,
688371,菲沃泰,25.33,-3.5782,154790000.0,1.79,8498000000.0,8498000000.0,-18358831,-11.8605,-24078831,5720000,18358831,
300097,智云股份,11.23,3.5023,345140000.0,11.8,3326000000.0,2963000000.0,-18390733,-5.3285,-9679115,-8711618,18390733,
688798,艾为电子,55.36,-0.4496,153680000.0,2.04,12906000000.0,7515000000.0,-18511390,-12.0454,-5118929,-13392461,18511390,
301362,民爆光电,117.0,-1.8374,370410000.0,7.71,17076000000.0,4791000000.0,-18595230,-5.0202,-6412606,-12182624,18595230,
003033,征和工业,85.26,0.4595,280930000.0,3.99,6970000000.0,6904000000.0,-18640404,-6.6352,-5679620,-12960784,18640404,
300358,楚天科技,9.16,6.2645,479970000.0,7.5,6550000000.0,6457000000.0,-18677859,-3.8915,13692850,-32370709,18677859,
300836,佰奥智能,62.1,-0.7987,424330000.0,10.89,5756000000.0,3940000000.0,-18729164,-4.4138,-12371047,-6358117,18729164,
003035,南网能源,5.59,-1.5845,219610000.0,1.03,21174000000.0,21174000000.0,-18731146,-8.5293,-7002399,-11728747,18731146,
301201,诚达药业,35.9,4.6037,262890000.0,6.78,5554000000.0,3897000000.0,-18873614,-7.1793,-13098818,-5774796,18873614,
600108,亚盛集团,4.37,5.0481,1254890000.0,15.04,8508000000.0,8508000000.0,-18881346,-1.5046,745597,-19626943,18881346,
688807,优迅股份,360.6,-2.5142,740150000.0,12.73,28848000000.0,5770000000.0,-18894484,-2.5528,8396167,-27290651,18894484,
600588,用友网络,9.57,1.1628,305950000.0,0.94,32701000000.0,32701000000.0,-18911476,-6.1812,-21754800,2843324,18911476,
601006,大秦铁路,4.72,0.4255,533130000.0,0.57,93753000000.0,93753000000.0,-18931555,-3.551,-20595927,1664372,18931555,
688621,阳光诺和,74.99,2.2777,276400000.0,3.31,8399000000.0,8399000000.0,-18966717,-6.8621,2524674,-21491391,18966717,
600999,招商证券,17.91,1.8192,763070000.0,0.58,155755000000.0,132928000000.0,-18976357,-2.4868,12487210,-31463567,18976357,
002130,沃尔核材,17.18,0.2334,516550000.0,2.6,24050000000.0,19834000000.0,-18979617,-3.6743,-15735475,-3244142,18979617,
688352,颀中科技,19.81,1.7463,452250000.0,6.2,23565000000.0,7259000000.0,-19031117,-4.2081,7277700,-26308817,19031117,
301382,蜂助手,37.06,-0.9356,296630000.0,3.38,10574000000.0,8759000000.0,-19092683,-6.4365,-13414122,-5678561,19092683,
002973,侨银股份,12.97,-4.351,166150000.0,3.99,5300000000.0,4120000000.0,-19173226,-11.5397,-15090435,-4082791,19173226,
000029,深深房Ａ,21.15,-5.0292,246540000.0,1.29,21397000000.0,18859000000.0,-19194932,-7.7857,-15186167,-4008765,19194932,
603389,亚振家居,46.09,-5.1841,158800000.0,1.28,12110000000.0,12110000000.0,-19236391,-12.1136,-6985450,-12250941,19236391,
600292,电投水电,11.61,-1.6102,123710000.0,2.42,55312000000.0,5100000000.0,-19281494,-15.586,-13769002,-5512492,19281494,
300868,杰美特,90.68,-2.0734,309650000.0,4.23,11533000000.0,7323000000.0,-19337221,-6.2449,1200449,-20537670,19337221,
603063,禾望电气,30.61,-0.5523,323380000.0,2.28,14207000000.0,14149000000.0,-19358652,-5.9863,-16970099,-2388553,19358652,
300010,ST豆神,5.48,7.6621,662490000.0,7.65,11325000000.0,8970000000.0,-19451822,-2.9362,8090656,-27542478,19451822,
600114,东睦股份,27.86,-0.7835,298570000.0,1.73,18597000000.0,17172000000.0,-19506055,-6.5332,-13053621,-6452434,19506055,
603391,力聚热能,67.56,2.2861,142130000.0,9.25,6148000000.0,1537000000.0,-19605708,-13.7942,-24149350,4543642,19605708,
603997,继峰股份,13.74,9.3079,809150000.0,4.71,17481000000.0,17481000000.0,-19678420,-2.432,42125409,-61803829,19678420,
300005,探路者,11.38,0.088,431630000.0,4.32,10057000000.0,9974000000.0,-19793112,-4.5857,-3877011,-15916101,19793112,
300602,飞荣达,38.74,-0.87,609460000.0,3.9,22719000000.0,15542000000.0,-19813219,-3.2509,-20379368,566149,19813219,
688052,纳芯微,252.1,0.6508,513920000.0,1.42,41220000000.0,36154000000.0,-19830658,-3.8587,-6031025,-13799633,19830658,
600184,光电股份,21.08,-3.125,804730000.0,6.52,12284000000.0,12284000000.0,-19905000,-2.4735,-19920539,15539,19905000,
600909,华安证券,8.14,3.038,835250000.0,2.06,40897000000.0,40897000000.0,-19906814,-2.3833,6561083,-26467897,19906814,
002925,盈趣科技,24.8,1.0183,307990000.0,1.7,19137000000.0,18131000000.0,-19973668,-6.4852,-17115244,-2858424,19973668,
300700,岱勒新材,18.11,-2.9475,169080000.0,2.6,7190000000.0,6436000000.0,-20021042,-11.8412,-6509296,-13511746,20021042,
301265,华新科技,22.22,-4.8801,314170000.0,5.71,6732000000.0,5420000000.0,-20030700,-6.3758,-5660247,-14370453,20030700,
603200,上海洗霸,39.88,-0.623,188380000.0,2.69,6998000000.0,6998000000.0,-20088100,-10.6636,-8307591,-11780509,20088100,
002521,齐峰新材,6.36,-0.625,60990000.0,2.28,3562000000.0,2666000000.0,-20106399,-32.9667,-27316528,7210129,20106399,
002882,金龙羽,22.74,-2.4871,289690000.0,5.12,9844000000.0,5617000000.0,-20130902,-6.9491,1665421,-21796323,20130902,
600396,华电辽能,13.79,1.0256,1409390000.0,6.94,20309000000.0,20309000000.0,-20189563,-1.4325,14764369,-34953932,20189563,
300424,航新科技,14.55,-9.5712,669770000.0,17.96,3734000000.0,3732000000.0,-20213195,-3.0179,-38456418,18243223,20213195,
300051,琏升科技,8.52,0.5903,159790000.0,5.08,3170000000.0,3134000000.0,-20249648,-12.6727,5362913,-25612561,20249648,
688066,*ST航图,8.82,-5.1613,123400000.0,5.2,2323000000.0,2323000000.0,-20290510,-16.4429,0,-20290510,20290510,
605305,中际联合,31.25,-0.8251,99110000.0,1.49,6641000000.0,6641000000.0,-20307796,-20.4902,-24460953,4153157,20307796,
002734,利民股份,19.32,3.7594,566630000.0,6.82,9112000000.0,8339000000.0,-20320524,-3.5862,-10700307,-9620217,20320524,
300738,奥飞数据,19.63,0.2554,494090000.0,2.56,19340000000.0,19333000000.0,-20354537,-4.1196,2943505,-23298042,20354537,
603270,金帝股份,37.23,1.0861,312750000.0,8.16,8157000000.0,3861000000.0,-20409656,-6.5259,-6655213,-13754443,20409656,
300088,长信科技,7.28,0.6916,789070000.0,4.34,18184000000.0,18094000000.0,-20428377,-2.5889,-50966325,30537948,20428377,
688646,逸飞激光,77.81,-2.5182,186300000.0,3.95,7327000000.0,4726000000.0,-20461226,-10.9829,-9187952,-11273274,20461226,
300553,集智股份,67.55,-1.6453,300970000.0,5.21,7500000000.0,5748000000.0,-20463560,-6.7992,-2076542,-18387018,20463560,
600751,海航科技,3.02,0.6667,87950000.0,1.13,8756000000.0,7771000000.0,-20513757,-23.3243,-13269153,-7244604,20513757,
600363,联创光电,16.01,-0.3113,358380000.0,4.97,7219000000.0,7219000000.0,-20583614,-5.7435,-8199168,-12384446,20583614,
600228,返利科技,12.09,4.4041,433680000.0,8.6,5038000000.0,5030000000.0,-20585601,-4.7467,-18501785,-2083816,20585601,
002223,鱼跃医疗,26.37,0.6105,192580000.0,0.78,26229000000.0,24642000000.0,-20614433,-10.7043,-19164774,-1449659,20614433,
002273,水晶光电,25.61,0.5497,637030000.0,1.82,35614000000.0,34985000000.0,-20640945,-3.2402,-22284034,1643089,20640945,
605188,国光连锁,13.32,1.5244,340270000.0,5.04,6776000000.0,6776000000.0,-20659527,-6.0715,-1486329,-19173198,20659527,
600171,上海贝岭,23.15,-0.2155,225550000.0,1.37,16412000000.0,16412000000.0,-20746867,-9.1983,-13237688,-7509179,20746867,
603608,天创时尚,22.13,4.8815,487370000.0,5.16,9406000000.0,9406000000.0,-20766342,-4.2609,-17461668,-3304674,20766342,
300083,创世纪,12.58,-1.5649,645880000.0,3.41,21392000000.0,18777000000.0,-20823706,-3.2241,-13768422,-7055284,20823706,
600777,新潮能源,4.03,-0.9828,87580000.0,0.34,27406000000.0,25656000000.0,-20847872,-23.8044,-11324618,-9523254,20847872,
688767,博拓生物,43.44,6.1065,236800000.0,3.7,6487000000.0,6487000000.0,-20853407,-8.8063,11690042,-32543449,20853407,
003043,华亚智能,64.37,-1.1972,270390000.0,4.46,9236000000.0,6052000000.0,-20871890,-7.7192,-4750086,-16121804,20871890,
000006,深振业Ａ,7.19,1.8414,162510000.0,1.7,9706000000.0,9706000000.0,-20921413,-12.8739,-21815699,894286,20921413,
600726,华电能源,5.3,0.5693,331240000.0,0.84,41909000000.0,39619000000.0,-21105252,-6.3716,-2366390,-18738862,21105252,
600060,海信视像,26.63,-4.4492,401310000.0,1.14,34751000000.0,34751000000.0,-21105594,-5.2592,-22358108,1252514,21105594,
300044,*ST赛为,6.14,1.9934,201250000.0,4.46,4690000000.0,4393000000.0,-21116926,-10.4929,-11040256,-10076670,21116926,
000951,中国重汽,20.21,-0.5413,203090000.0,0.86,23625000000.0,23625000000.0,-21161791,-10.4199,-15678733,-5483058,21161791,
000572,海马汽车,4.25,-1.3921,466770000.0,6.71,6990000000.0,6980000000.0,-21162795,-4.5339,-26666167,5503372,21162795,
002124,天邦食品,2.3,2.2222,229170000.0,5.11,5110000000.0,4536000000.0,-21262948,-9.2782,-21485353,222405,21262948,
300267,尔康制药,3.34,3.7267,151220000.0,3.2,6889000000.0,4751000000.0,-21280098,-14.0723,-4023000,-17257098,21280098,
301628,强达电路,114.09,-0.7913,345370000.0,10.4,8600000000.0,3316000000.0,-21401300,-6.1966,-16799049,-4602251,21401300,
603232,格尔软件,16.13,-1.1036,374260000.0,10.04,3751000000.0,3731000000.0,-21427124,-5.7252,-5539875,-15887249,21427124,
600449,宁夏建材,13.25,-0.0754,186190000.0,2.95,6336000000.0,6336000000.0,-21575344,-11.5878,-7793050,-13782294,21575344,
600619,海立股份,13.18,-0.6033,140980000.0,1.35,14147000000.0,10401000000.0,-21593457,-15.3167,-22040211,446754,21593457,
600563,法拉电子,123.86,-0.4821,453010000.0,1.61,27869000000.0,27869000000.0,-21653491,-4.7799,-11236754,-10416737,21653491,
300599,雄塑科技,12.3,3.8851,287730000.0,7.3,4405000000.0,3899000000.0,-21655395,-7.5263,-14590990,-7064405,21655395,
601918,新集能源,10.7,3.7827,358210000.0,1.31,27719000000.0,27719000000.0,-21656929,-6.0459,8456982,-30113911,21656929,
301458,钧崴电子,39.52,-0.1768,243660000.0,5.23,10539000000.0,4643000000.0,-21685779,-8.9,-8530700,-13155079,21685779,
600895,张江高科,28.73,0.5952,432340000.0,0.98,44494000000.0,44494000000.0,-21686707,-5.0161,-37948427,16261720,21686707,
600185,珠免集团,4.92,2.714,183850000.0,2.0,9274000000.0,9274000000.0,-21694394,-11.8001,-4407585,-17286809,21694394,
002158,汉钟精机,28.55,0.6345,304720000.0,2.0,15266000000.0,15234000000.0,-21878008,-7.1797,-6387836,-15490172,21878008,
600595,中孚实业,6.04,-0.9836,358210000.0,1.48,24208000000.0,24208000000.0,-21975922,-6.1349,-23665908,1689986,21975922,
600346,恒力石化,16.6,1.0962,478150000.0,0.41,116849000000.0,116849000000.0,-22005706,-4.6023,10305869,-32311575,22005706,
601999,出版传媒,6.97,2.1994,316300000.0,8.29,3840000000.0,3840000000.0,-22012906,-6.9595,-116956,-21895950,22012906,
300654,世纪天鸿,9.76,-1.0142,98420000.0,2.87,3573000000.0,3442000000.0,-22019972,-22.3735,-9638969,-12381003,22019972,
688783,西安奕材-U,29.28,-0.611,609580000.0,7.74,118227000000.0,7873000000.0,-22111181,-3.6273,-15582545,-6528636,22111181,
603619,中曼石油,22.14,3.5063,523880000.0,5.21,10236000000.0,10236000000.0,-22167079,-4.2313,20770709,-42937788,22167079,
688660,电气风电,9.23,-1.8085,261740000.0,2.13,12307000000.0,12307000000.0,-22272847,-8.5095,0,-22272847,22272847,
603800,洪田股份,58.53,-1.1151,265430000.0,2.17,12174000000.0,12174000000.0,-22274353,-8.3918,-27057099,4782746,22274353,
000735,罗牛山,6.09,2.1812,410050000.0,5.93,7013000000.0,7009000000.0,-22280904,-5.4337,-16279596,-6001308,22280904,
300050,世纪鼎利,7.21,0.1389,175760000.0,4.53,3928000000.0,3926000000.0,-22448262,-12.7721,-8007901,-14440361,22448262,
300203,聚光科技,13.42,5.1724,284030000.0,4.76,6022000000.0,6017000000.0,-22455092,-7.9059,22504450,-44959542,22455092,
688409,富创精密,196.5,-2.1901,1369150000.0,2.25,60170000000.0,60170000000.0,-22496739,-1.6431,-50830067,28333328,22496739,
605358,立昂微,46.31,-0.4086,1505040000.0,4.21,35761000000.0,35761000000.0,-22533697,-1.4972,-31294401,8760704,22533697,
688233,神工股份,104.05,0.2215,799330000.0,4.49,17720000000.0,17720000000.0,-22593406,-2.8265,562949,-23156355,22593406,
300429,强力新材,11.75,0.945,248230000.0,5.08,6527000000.0,4909000000.0,-22619485,-9.1123,-16114833,-6504652,22619485,
600500,中化国际,5.87,0.1706,488130000.0,2.33,21063000000.0,21063000000.0,-22648631,-4.6399,-38095921,15447290,22648631,
301392,汇成真空,172.61,-3.2997,560380000.0,7.87,17261000000.0,7042000000.0,-22666911,-4.0449,-16553821,-6113090,22666911,
300496,中科创达,55.64,0.4513,430860000.0,2.09,25690000000.0,20561000000.0,-22818144,-5.296,-16780591,-6037553,22818144,
000586,汇源通信,14.17,4.0382,181920000.0,6.72,2741000000.0,2709000000.0,-22819152,-12.5435,-26847747,4028595,22819152,
688049,炬芯科技,41.82,0.0478,215930000.0,2.92,7361000000.0,7361000000.0,-22831489,-10.5736,-16184910,-6646579,22831489,
600141,兴发集团,29.4,0.2387,437060000.0,1.24,35167000000.0,35167000000.0,-22852947,-5.2288,-15955658,-6897289,22852947,
300094,国联水产,3.07,5.137,223460000.0,6.71,3463000000.0,3394000000.0,-22856151,-10.2283,0,-22856151,22856151,
000930,中粮科技,5.41,4.6422,465250000.0,4.72,10043000000.0,10043000000.0,-22866494,-4.9149,6348199,-29214693,22866494,
603398,*ST沐邦,8.9,-4.3011,67070000.0,1.72,3859000000.0,3859000000.0,-22912643,-34.1623,-7796716,-15115927,22912643,
601155,新城控股,12.7,3.7582,646280000.0,2.32,28646000000.0,28646000000.0,-22916162,-3.5459,-2486811,-20429351,22916162,
600115,中国东航,3.45,1.173,489790000.0,0.83,76203000000.0,58736000000.0,-22929744,-4.6815,2781447,-25711191,22929744,
300290,ST荣科,7.14,0.0,273200000.0,5.93,4568000000.0,4567000000.0,-22954469,-8.4021,150138,-23104607,22954469,
300576,容大感光,29.9,-0.3001,374030000.0,4.77,12070000000.0,7820000000.0,-23004787,-6.1505,-5508062,-17496725,23004787,
002244,滨江集团,8.79,6.8044,693470000.0,2.96,27350000000.0,24239000000.0,-23015665,-3.3189,1360061,-24375726,23015665,
002768,国恩股份,68.05,0.2357,527680000.0,3.06,29711000000.0,17166000000.0,-23040238,-4.3663,-4721472,-18318766,23040238,
600884,杉杉股份,11.21,0.2683,239620000.0,1.17,25174000000.0,20572000000.0,-23119494,-9.6484,-17516261,-5603233,23119494,
002292,奥飞娱乐,9.08,2.2523,533670000.0,5.81,13427000000.0,9242000000.0,-23132262,-4.3346,6969806,-30102068,23132262,
688711,宏微科技,28.63,-2.3533,333670000.0,5.37,6206000000.0,6206000000.0,-23173055,-6.9449,-20104242,-3068813,23173055,
605168,三人行,53.04,-0.1882,401870000.0,3.6,11182000000.0,11182000000.0,-23203664,-5.7739,-5554595,-17649069,23203664,
605162,新中港,12.16,-1.5385,433510000.0,8.06,5385000000.0,5385000000.0,-23210218,-5.354,-7769187,-15441031,23210218,
605177,东亚药业,24.73,0.162,271570000.0,9.81,2837000000.0,2811000000.0,-23214239,-8.5482,-19154548,-4059691,23214239,
000722,湖南发展,14.36,0.7013,323180000.0,4.85,9187000000.0,6665000000.0,-23291870,-7.2071,-6025791,-17266079,23291870,
601611,中国核建,10.44,0.1919,160020000.0,0.51,31464000000.0,31464000000.0,-23311889,-14.5681,-4535436,-18776453,23311889,
301678,新恒汇,50.49,0.5577,312150000.0,4.48,12095000000.0,7017000000.0,-23345641,-7.479,-1118231,-22227410,23345641,
000823,超声电子,25.2,7.7844,4382100000.0,30.48,14993000000.0,14992000000.0,-23373568,-0.5334,-4755536,-18618032,23373568,
002541,鸿路钢构,18.66,0.2687,174570000.0,1.83,13146000000.0,9529000000.0,-23523064,-13.4749,-7496691,-16026373,23523064,
300385,ST雪浪,12.85,-2.207,72210000.0,1.86,4281000000.0,3871000000.0,-23587997,-32.6658,-19022938,-4565059,23587997,
301200,大族数控,261.96,-3.3964,991450000.0,0.88,128100000000.0,111395000000.0,-23660705,-2.3865,-8626397,-15034308,23660705,
300234,开尔新材,12.15,1.6736,312110000.0,7.44,6114000000.0,4179000000.0,-23751996,-7.6101,1985349,-25737345,23751996,
002283,天润工业,8.18,-0.9685,141930000.0,1.71,9321000000.0,8254000000.0,-23763828,-16.7433,-2363118,-21400710,23763828,
000670,盈方微,7.83,-0.5083,435040000.0,6.7,6624000000.0,6502000000.0,-23912744,-5.4967,-12919812,-10992932,23912744,
300189,神农种业,6.79,3.9816,1513970000.0,25.45,6953000000.0,6018000000.0,-23942011,-1.5814,12558357,-36500368,23942011,
601615,明阳智能,9.78,0.4107,348570000.0,1.57,22117000000.0,22117000000.0,-23945314,-6.8696,-19957479,-3987835,23945314,
600266,城建发展,4.37,4.5455,313560000.0,3.51,9071000000.0,9071000000.0,-23988738,-7.6504,-9670013,-14318725,23988738,
300628,亿联网络,41.44,1.1719,293600000.0,0.98,52501000000.0,30080000000.0,-24000336,-8.1745,179449,-24179785,24000336,
001314,亿道信息,54.19,-0.3494,237400000.0,3.5,7727000000.0,6725000000.0,-24045974,-10.1289,-5703045,-18342929,24045974,
603979,金诚信,73.54,0.2864,290900000.0,0.63,45874000000.0,45874000000.0,-24049989,-8.2674,-11981138,-12068851,24049989,
688258,卓易信息,87.25,-3.4845,367070000.0,3.43,10570000000.0,10570000000.0,-24280481,-6.6147,-20233608,-4046873,24280481,
688726,拉普拉斯,46.24,-0.666,487520000.0,4.76,18742000000.0,10169000000.0,-24375260,-4.9998,-19309292,-5065968,24375260,
301292,海科新源,60.9,-0.9595,278940000.0,5.33,13568000000.0,5188000000.0,-24379769,-8.7401,-8921985,-15457784,24379769,
688729,屹唐股份,25.37,1.8876,1082740000.0,2.41,74983000000.0,44353000000.0,-24430822,-2.2564,-31518694,7087872,24430822,
603929,亚翔集成,159.47,-2.5721,623800000.0,1.81,34025000000.0,34025000000.0,-24464282,-3.9218,2477990,-26942272,24464282,
603009,北特科技,48.94,-0.7101,436490000.0,2.55,16952000000.0,16952000000.0,-24512456,-5.6158,-22315586,-2196870,24512456,
002131,利欧股份,4.51,0.2222,925050000.0,3.51,30541000000.0,26405000000.0,-24635377,-2.6631,-17579502,-7055875,24635377,
605058,澳弘电子,48.43,2.173,1205490000.0,17.84,6922000000.0,6922000000.0,-24832853,-2.06,-49368470,24535617,24832853,
002119,康强电子,24.76,-0.2417,856380000.0,9.22,9292000000.0,9292000000.0,-24933123,-2.9115,-6621679,-18311444,24933123,
603078,江化微,32.66,-1.3591,564730000.0,4.45,12595000000.0,12595000000.0,-24949969,-4.418,-9538190,-15411779,24949969,
601988,中国银行,6.63,1.3761,1377080000.0,0.1,2136268000000.0,1397375000000.0,-24950304,-1.8118,-47281472,22331168,24950304,
603496,恒为科技,23.44,-0.6359,161980000.0,2.16,7506000000.0,7506000000.0,-24961003,-15.4099,-8237702,-16723301,24961003,
688653,康希通信,15.4,2.3256,232560000.0,4.79,6537000000.0,4873000000.0,-24989128,-10.7452,3772732,-28761860,24989128,
300277,汽轮科技,12.88,-0.8468,229570000.0,2.33,19534000000.0,9859000000.0,-25194313,-10.9746,-3136792,-22057521,25194313,
000601,韶能股份,6.19,-1.2759,163670000.0,2.52,6587000000.0,6497000000.0,-25212252,-15.4043,-13628572,-11583680,25212252,
000700,模塑科技,12.4,4.1142,759810000.0,6.65,11383000000.0,11383000000.0,-25309979,-3.3311,-22246891,-3063088,25309979,
001270,铖昌科技,100.22,-0.7821,544790000.0,2.64,20657000000.0,20525000000.0,-25321200,-4.6479,-22666939,-2654261,25321200,
300313,天山生物,13.23,1.1468,346440000.0,13.62,3172000000.0,2611000000.0,-25542796,-7.3729,-794314,-24748482,25542796,
000520,凤凰航运,4.3,4.878,171300000.0,3.97,4352000000.0,4352000000.0,-25653105,-14.9755,-4391189,-21261916,25653105,
301390,经纬股份,50.39,-6.6852,623620000.0,24.84,3023000000.0,2472000000.0,-26083166,-4.1825,-1299838,-24783328,26083166,
600540,新赛股份,5.65,3.1022,343790000.0,10.57,3285000000.0,3285000000.0,-26284870,-7.6456,-11253664,-15031206,26284870,
000612,焦作万方,11.32,-0.7018,429620000.0,3.19,13496000000.0,13496000000.0,-26432421,-6.1525,-2326119,-24106302,26432421,
688449,联芸科技,64.84,-0.5521,491730000.0,2.56,29826000000.0,19011000000.0,-26526414,-5.3945,-27253590,727176,26526414,
603290,斯达半导,87.8,-0.8022,473090000.0,2.24,21026000000.0,21026000000.0,-26666315,-5.6366,-22038317,-4627998,26666315,
603778,国晟科技,9.22,1.3187,499310000.0,8.46,6086000000.0,5927000000.0,-26697774,-5.3469,-12801306,-13896468,26697774,
301638,南网数字,21.85,-0.9519,159760000.0,2.91,69475000000.0,5468000000.0,-26742747,-16.7393,-13007757,-13734990,26742747,
688158,优刻得-W,29.9,0.6395,355700000.0,2.9,13775000000.0,12255000000.0,-26810842,-7.5375,-14643389,-12167453,26810842,
002708,光洋股份,17.25,1.2918,521180000.0,5.97,9696000000.0,8791000000.0,-26826921,-5.1473,5041018,-31867939,26826921,
002297,博云新材,22.68,2.9505,1854050000.0,14.3,12998000000.0,12998000000.0,-26898111,-1.4508,-20172367,-6725744,26898111,
603051,鹿山新材,25.05,-2.4153,233930000.0,5.69,4079000000.0,4049000000.0,-26916702,-11.5063,-6308465,-20608237,26916702,
000656,金科股份,1.25,0.0,360440000.0,3.83,13236000000.0,9484000000.0,-26973201,-7.4834,-37473156,10499955,26973201,
688652,京仪装备,149.8,-1.7189,674800000.0,3.74,25166000000.0,18088000000.0,-27021973,-4.0044,5672672,-32694645,27021973,
688658,悦康药业,13.41,4.4393,222760000.0,3.73,6034000000.0,6034000000.0,-27375395,-12.2892,-5896576,-21478819,27375395,
600151,航天机电,9.6,-1.4374,201670000.0,1.45,13769000000.0,13769000000.0,-27418261,-13.5956,-10628347,-16789914,27418261,
001309,德明利,415.0,0.4624,4339890000.0,6.29,94140000000.0,68568000000.0,-27511344,-0.6339,60612704,-88124048,27511344,
601727,上海电气,6.51,0.1538,249850000.0,0.3,101166000000.0,82128000000.0,-27601026,-11.047,-27460059,-140967,27601026,
600783,鲁信创投,15.6,1.6287,189290000.0,1.63,11612000000.0,11612000000.0,-27646788,-14.6055,1395434,-29042222,27646788,
300522,世名科技,14.93,2.1204,424420000.0,10.84,4814000000.0,3937000000.0,-27999109,-6.597,598259,-28597368,27999109,
601026,道生天合,15.6,-2.1944,203380000.0,11.71,10287000000.0,1733000000.0,-28024097,-13.7792,-3788201,-24235896,28024097,
300846,首都在线,20.61,2.1815,563680000.0,6.61,10399000000.0,8571000000.0,-28245517,-5.0109,-594975,-27650542,28245517,
603613,国联股份,21.29,0.094,333500000.0,2.16,15340000000.0,15340000000.0,-28263148,-8.4747,-13341468,-14921680,28263148,
300803,指南针,82.45,0.5488,1023790000.0,2.03,50833000000.0,50449000000.0,-28321206,-2.7663,-1040694,-27280512,28321206,
600313,农发种业,7.22,2.2663,494480000.0,6.39,8385000000.0,7813000000.0,-28403081,-5.744,972894,-29375975,28403081,
688686,奥普特,140.7,-2.1558,257250000.0,1.49,17199000000.0,17199000000.0,-28443364,-11.0567,-33266294,4822930,28443364,
688818,电科蓝天,43.38,0.6497,247740000.0,4.01,75348000000.0,6161000000.0,-28443874,-11.4813,524325,-28968199,28443874,
600121,郑州煤电,5.01,1.2121,590770000.0,9.77,6104000000.0,6104000000.0,-28464818,-4.8183,-13414072,-15050746,28464818,
002051,中工国际,9.13,3.0474,381100000.0,3.4,11198000000.0,11197000000.0,-28614718,-7.5085,-17231794,-11382924,28614718,
000850,华茂股份,4.29,3.125,160110000.0,4.06,4048000000.0,4047000000.0,-28634785,-17.8844,-21609185,-7025600,28634785,
301071,力量钻石,70.07,-1.4487,1540650000.0,11.69,17829000000.0,13107000000.0,-28638746,-1.8589,-42012058,13373312,28638746,
600598,北大荒,12.82,1.4241,353420000.0,1.56,22790000000.0,22790000000.0,-28723412,-8.1273,-10727120,-17996292,28723412,
688622,*ST禾信,119.0,-8.6302,215360000.0,2.62,8385000000.0,8385000000.0,-28767243,-13.3577,-11367847,-17399396,28767243,
600531,豫光金铅,12.23,-0.6499,283670000.0,1.92,14789000000.0,14789000000.0,-29066962,-10.2468,-19997146,-9069816,29066962,
688620,安凯微,17.9,-0.5003,408620000.0,5.83,7017000000.0,7017000000.0,-29131696,-7.1293,-18009047,-11122649,29131696,
600011,华能国际,6.79,-0.1471,242560000.0,0.33,106590000000.0,74674000000.0,-29208305,-12.0417,-8719153,-20489152,29208305,
600516,方大炭素,5.53,-1.25,366680000.0,1.64,22264000000.0,22264000000.0,-29235690,-7.9731,-11303388,-17932302,29235690,
000759,中百集团,6.83,3.4848,823250000.0,18.63,4481000000.0,4478000000.0,-29258411,-3.554,-8340052,-20918359,29258411,
688027,国盾量子,359.06,0.0167,299230000.0,1.04,36933000000.0,28859000000.0,-29286278,-9.7872,-11303311,-17982967,29286278,
688147,微导纳米,115.99,-4.9262,910290000.0,1.67,53874000000.0,53874000000.0,-29427449,-3.2328,-6518952,-22908497,29427449,
301419,阿莱德,47.58,-0.6058,482690000.0,9.05,7137000000.0,5334000000.0,-29429432,-6.097,-9596182,-19833250,29429432,
002456,欧菲光,7.04,0.2849,399070000.0,1.71,24611000000.0,23356000000.0,-29501907,-7.3927,-23430915,-6070992,29501907,
600499,科达制造,13.39,-0.372,258900000.0,1.01,25680000000.0,25680000000.0,-29792120,-11.5072,-37386595,7594475,29792120,
300390,天华新能,54.19,-0.0185,1048300000.0,2.73,45018000000.0,38556000000.0,-29831812,-2.8457,-1309829,-28521983,29831812,
002272,川润股份,16.64,-0.538,374830000.0,5.34,8068000000.0,6971000000.0,-30075227,-8.0237,-5995674,-24079553,30075227,
000519,中兵红箭,15.68,1.8843,852640000.0,3.93,21835000000.0,21835000000.0,-30130706,-3.5338,-48928347,18797641,30130706,
300821,东岳硅材,15.73,0.3829,570060000.0,3.02,18876000000.0,18873000000.0,-30238544,-5.3044,-6902106,-23336438,30238544,
002747,埃斯顿,29.78,-0.0336,865930000.0,3.7,28847000000.0,23358000000.0,-30362491,-3.5063,-25280407,-5082084,30362491,
603082,北自科技,49.33,-4.0272,496850000.0,24.62,8217000000.0,2001000000.0,-30497419,-6.1382,-12020543,-18476876,30497419,
300464,星徽股份,11.88,2.3256,561450000.0,13.66,5552000000.0,4219000000.0,-30505857,-5.4334,7637889,-38143746,30505857,
000034,神州数码,23.44,-0.1704,324650000.0,1.63,23832000000.0,19904000000.0,-30535817,-9.4058,-10831056,-19704761,30535817,
000753,漳州发展,5.26,-2.0484,283530000.0,5.43,5215000000.0,5215000000.0,-30550317,-10.775,-17009998,-13540319,30550317,
001696,宗申动力,15.52,0.6485,378020000.0,2.73,17771000000.0,13836000000.0,-30609908,-8.0974,-11701753,-18908155,30609908,
688685,迈信林,35.33,-1.8611,169420000.0,3.23,5188000000.0,5188000000.0,-30642310,-18.0866,-16943609,-13698701,30642310,
600176,中国巨石,45.87,1.888,12375110000.0,6.8,183624000000.0,182177000000.0,-30684032,-0.2479,-38967744,8283712,30684032,
600458,时代新材,11.34,-0.2639,166020000.0,1.68,10797000000.0,9856000000.0,-30777249,-18.5383,-3943299,-26833950,30777249,
601016,节能风电,3.39,-1.1662,277370000.0,1.36,22186000000.0,20470000000.0,-30951129,-11.1588,-21245939,-9705190,30951129,
300677,英科医疗,51.6,-0.3861,399160000.0,1.65,33785000000.0,24026000000.0,-31044736,-7.7775,-7306339,-23738397,31044736,
601952,苏垦农发,9.65,1.153,323610000.0,2.45,13298000000.0,13298000000.0,-31070191,-9.6011,-234394,-30835797,31070191,
002532,天山铝业,12.55,-2.0297,752840000.0,1.46,58091000000.0,51541000000.0,-31095373,-4.1304,-24513985,-6581388,31095373,
688469,芯联集成-U,8.73,0.1147,674240000.0,1.31,73181000000.0,51425000000.0,-31145323,-4.6193,0,-31145323,31145323,
600000,浦发银行,9.01,-0.6615,593490000.0,0.2,300086000000.0,300086000000.0,-31464037,-5.3015,-44435004,12970967,31464037,
601658,邮储银行,5.35,0.3752,609930000.0,0.16,642509000000.0,388024000000.0,-31482578,-5.1617,-37948335,6465757,31482578,
688301,奕瑞科技,89.85,-1.5342,445070000.0,1.57,28160000000.0,28160000000.0,-31666387,-7.1149,-3808406,-27857981,31666387,
603818,曲美家居,4.03,-1.7073,232590000.0,8.25,2767000000.0,2767000000.0,-31706964,-13.6321,-6352987,-25353977,31706964,
000582,北部湾港,9.91,1.0194,400480000.0,1.87,24944000000.0,21374000000.0,-31824995,-7.9467,-19040010,-12784985,31824995,
300395,菲利华,94.4,1.0923,1697200000.0,3.49,49629000000.0,48359000000.0,-31900213,-1.8796,-25244549,-6655664,31900213,
688380,中微半导,41.81,1.1614,400570000.0,2.39,16739000000.0,16739000000.0,-31942441,-7.9742,-2178119,-29764322,31942441,
002132,恒星科技,4.3,-0.6928,164030000.0,2.72,6027000000.0,6017000000.0,-32052019,-19.5403,-32483568,431549,32052019,
600067,冠城新材,2.7,1.1236,94440000.0,2.52,3758000000.0,3758000000.0,-32120913,-34.012,-11223706,-20897207,32120913,
688116,天奈科技,33.53,-1.8155,178480000.0,1.44,12290000000.0,12290000000.0,-32150838,-18.0137,-13584083,-18566755,32150838,
300373,扬杰科技,93.13,-0.1073,1075010000.0,2.12,50602000000.0,50490000000.0,-32206266,-2.9959,-23462847,-8743419,32206266,
600519,贵州茅台,1252.57,-0.3619,3135910000.0,0.2,1565815000000.0,1565815000000.0,-32275440,-1.0292,11230928,-43506368,32275440,
300592,华凯易佰,20.91,-0.3811,438720000.0,6.04,8181000000.0,7191000000.0,-32297181,-7.3617,-6219544,-26077637,32297181,
002836,新宏泽,11.98,0.5034,410160000.0,15.1,2760000000.0,2760000000.0,-32430073,-7.9067,4408752,-36838825,32430073,
301030,*ST仕净,5.88,-9.2593,126840000.0,10.39,1190000000.0,1188000000.0,-32673687,-25.7598,-9872937,-22800750,32673687,
002617,露笑科技,7.16,2.5788,1400220000.0,10.55,13670000000.0,13444000000.0,-32720980,-2.3368,21335052,-54056032,32720980,
300566,激智科技,25.56,-0.312,371610000.0,6.37,6699000000.0,5794000000.0,-32791061,-8.8241,-18974929,-13816132,32791061,
300820,英杰电气,72.99,2.184,652850000.0,7.97,16219000000.0,8159000000.0,-32965419,-5.0495,-12496921,-20468498,32965419,
688003,天准科技,82.2,-1.7921,319600000.0,1.99,16011000000.0,16011000000.0,-32975096,-10.3176,-14325575,-18649521,32975096,
601231,环旭电子,26.52,-1.7414,724260000.0,1.13,63355000000.0,63355000000.0,-33018059,-4.5589,-19917282,-13100777,33018059,
688785,恒运昌,358.55,-4.3918,416320000.0,8.58,24274000000.0,4856000000.0,-33553326,-8.0595,8208194,-41761520,33553326,
003816,中国广核,4.23,-0.2358,393750000.0,0.24,213610000000.0,166388000000.0,-33683842,-8.5546,-8918752,-24765090,33683842,
300655,晶瑞电材,13.41,-0.0745,523540000.0,3.47,15108000000.0,15039000000.0,-33740537,-6.4447,-9600631,-24139906,33740537,
688002,睿创微纳,186.73,-0.0375,1453840000.0,1.68,86932000000.0,86932000000.0,-33796882,-2.3247,-13833938,-19962944,33796882,
002137,实益达,8.6,-0.8074,603900000.0,17.67,4967000000.0,3410000000.0,-34111640,-5.6486,-12545599,-21566041,34111640,
600406,国电南瑞,22.1,0.2268,612380000.0,0.35,177502000000.0,176981000000.0,-34241801,-5.5916,-25631837,-8609964,34241801,
603230,内蒙新华,14.83,10.0148,557010000.0,10.63,5243000000.0,5243000000.0,-34331582,-6.1635,-20187238,-14144344,34331582,
002848,高斯贝尔,15.53,1.5033,325780000.0,12.72,2596000000.0,2569000000.0,-34489880,-10.5869,-11865641,-22624239,34489880,
301358,湖南裕能,53.08,-1.5031,719170000.0,1.77,44998000000.0,40571000000.0,-34555465,-4.8049,-20236416,-14319049,34555465,
301013,利和兴,39.72,-0.7,749990000.0,9.86,9284000000.0,7517000000.0,-34605086,-4.6141,-17961575,-16643511,34605086,
600103,青山纸业,3.84,2.9491,957610000.0,11.27,8605000000.0,8495000000.0,-34748503,-3.6287,-29148097,-5600406,34748503,
002379,宏桥控股,16.98,-3.6869,665320000.0,3.43,221268000000.0,19296000000.0,-34817835,-5.2332,-23361148,-11456687,34817835,
600578,京能电力,5.38,0.1862,232650000.0,0.65,36017000000.0,36017000000.0,-34831460,-14.9716,-17265455,-17566005,34831460,
600428,中远海特,11.51,3.0439,519020000.0,1.65,31583000000.0,31583000000.0,-34832197,-6.7111,-8600281,-26231916,34832197,
000998,隆平高科,9.08,1.0011,400510000.0,3.38,13343000000.0,11941000000.0,-34972532,-8.732,-17234434,-17738098,34972532,
301182,凯旺科技,73.81,3.5494,433200000.0,6.58,7073000000.0,6450000000.0,-35099466,-8.1024,-23117279,-11982187,35099466,
000628,高新发展,60.01,-0.7771,856030000.0,7.49,21140000000.0,11536000000.0,-35099496,-4.1003,-47885546,12786050,35099496,
003018,金富科技,49.72,0.0,627430000.0,4.4,15610000000.0,14146000000.0,-35163305,-5.6043,-31528808,-3634497,35163305,
688031,星环科技-U,111.95,0.0894,608560000.0,4.46,15130000000.0,13561000000.0,-35362846,-5.8109,-33888346,-1474500,35362846,
002938,鹏鼎控股,90.5,0.6898,2040710000.0,0.97,209737000000.0,209130000000.0,-35376672,-1.7335,-20039616,-15337056,35376672,
603823,百合花,55.0,-0.722,999060000.0,4.31,22900000000.0,22900000000.0,-35377299,-3.5411,-23622298,-11755001,35377299,
688127,蓝特光学,67.56,-4.1566,843280000.0,3.03,27422000000.0,27422000000.0,-35404905,-4.1985,-12052560,-23352345,35404905,
601328,交通银行,7.55,1.2064,1109040000.0,0.57,667147000000.0,196847000000.0,-35547310,-3.2052,-89714638,54167328,35547310,
688813,泰金新能,138.99,-0.3156,618380000.0,14.84,22238000000.0,4180000000.0,-35562071,-5.7508,-24241362,-11320709,35562071,
300024,机器人,13.21,-0.0756,219020000.0,1.06,20682000000.0,20676000000.0,-35570025,-16.2405,-7891188,-27678837,35570025,
688011,新光光电,75.0,-5.0633,287430000.0,3.83,7462000000.0,7437000000.0,-36505794,-12.7008,-19517330,-16988464,36505794,
300953,震裕科技,97.89,-0.5183,687110000.0,3.92,23998000000.0,17291000000.0,-36654806,-5.3346,-17823717,-18831089,36654806,
688809,强一股份,524.6,-1.539,628570000.0,4.6,67967000000.0,13593000000.0,-36898861,-5.8703,-37901674,1002813,36898861,
603687,大胜达,15.77,-1.8668,285770000.0,3.26,8674000000.0,8674000000.0,-36930600,-12.9232,-20247880,-16682720,36930600,
300975,商络电子,27.04,0.1111,1248550000.0,9.24,18577000000.0,13372000000.0,-37386922,-2.9944,-21422522,-15964400,37386922,
300638,广和通,20.32,2.6781,385960000.0,3.59,18259000000.0,10778000000.0,-37737065,-9.7775,-1091483,-36645582,37737065,
600666,奥瑞德,3.53,-0.2825,365500000.0,4.04,9712000000.0,9079000000.0,-37962937,-10.3866,-18025637,-19937300,37962937,
002971,和远气体,41.46,-2.8585,1002150000.0,15.0,8731000000.0,6675000000.0,-38154776,-3.8073,-42932811,4778035,38154776,
688321,微芯生物,26.23,4.8361,435990000.0,3.76,11618000000.0,11618000000.0,-38302481,-8.7852,-35928958,-2373523,38302481,
601127,赛力斯,47.76,1.2079,978030000.0,1.31,83197000000.0,74372000000.0,-38346192,-3.9208,-16052199,-22293993,38346192,
000737,北方铜业,14.43,0.2083,802680000.0,2.93,27485000000.0,27483000000.0,-38480567,-4.794,-30278374,-8202193,38480567,
600282,南钢股份,4.43,-1.5556,248490000.0,0.91,27311000000.0,27311000000.0,-38491859,-15.4903,-59824358,21332499,38491859,
688635,长进光子,288.85,-2.0947,510070000.0,9.91,27057000000.0,5129000000.0,-38669750,-7.5813,-41716791,3047041,38669750,
603002,宏昌电子,19.34,0.8342,1389060000.0,6.33,21933000000.0,21933000000.0,-39068611,-2.8126,-45021818,5953207,39068611,
002028,思源电气,138.89,0.6449,946340000.0,1.12,108692000000.0,84831000000.0,-39216970,-4.1441,-2484740,-36732230,39216970,
601108,财通证券,8.6,1.8957,446190000.0,1.13,39936000000.0,39936000000.0,-39217815,-8.7895,7719213,-46937028,39217815,
603120,肯特催化,61.99,4.6952,643550000.0,27.12,5604000000.0,2349000000.0,-39302493,-6.1071,-24894203,-14408290,39302493,
688260,昀冢科技,123.63,0.9307,1217030000.0,7.97,14836000000.0,14836000000.0,-39466468,-3.2429,-117710372,78243904,39466468,
600105,永鼎股份,46.72,0.538,6335590000.0,9.25,68304000000.0,68304000000.0,-39635280,-0.6256,-49225232,9589952,39635280,
600845,宝信软件,18.13,0.8904,405450000.0,1.05,51814000000.0,38690000000.0,-39862598,-9.8317,-4620947,-35241651,39862598,
301626,苏州天脉,332.0,3.7273,1157790000.0,6.66,38406000000.0,17470000000.0,-39897443,-3.446,-69076211,29178768,39897443,
300243,瑞丰高材,22.46,2.3235,832990000.0,16.77,6279000000.0,5023000000.0,-40150239,-4.82,-3557838,-36592401,40150239,
002326,永太科技,17.3,-0.1731,262310000.0,1.86,16005000000.0,14044000000.0,-40326701,-15.3737,-25455362,-14871339,40326701,
002506,协鑫集成,2.52,1.2048,428740000.0,2.93,14743000000.0,14728000000.0,-40627103,-9.4759,-44630626,4003523,40627103,
688372,伟测科技,117.19,-2.7469,1011870000.0,5.08,19805000000.0,19805000000.0,-40852740,-4.0374,-10611779,-30240961,40852740,
600880,博瑞传播,4.9,-3.5433,556010000.0,10.35,5357000000.0,5356000000.0,-40928913,-7.3612,-24728410,-16200503,40928913,
600478,科力远,4.55,-1.5152,140610000.0,1.81,7707000000.0,7707000000.0,-40946553,-29.1207,-35608739,-5337814,40946553,
688207,格灵深瞳,19.24,-3.5589,256690000.0,5.13,4983000000.0,4983000000.0,-40970001,-15.9609,-11087403,-29882598,40970001,
000993,闽东电力,20.43,4.2347,1700670000.0,18.46,9356000000.0,9356000000.0,-41078724,-2.4154,-22044484,-19034240,41078724,
002636,金安国纪,81.38,0.6431,3436760000.0,5.8,59245000000.0,59020000000.0,-41204304,-1.1989,41451648,-82655952,41204304,
300347,泰格医药,58.99,2.7879,962290000.0,2.88,50792000000.0,33401000000.0,-41360491,-4.2981,-13586561,-27773930,41360491,
688772,珠海冠宇,13.51,-1.2427,282530000.0,1.83,15378000000.0,15378000000.0,-42005462,-14.8676,-3660406,-38345056,42005462,
600362,江西铜业,44.24,0.4769,1320910000.0,1.44,153191000000.0,91809000000.0,-42117649,-3.1885,-17540465,-24577184,42117649,
002735,王子新材,12.77,-1.39,555240000.0,15.22,4792000000.0,3640000000.0,-42434051,-7.6425,-28592783,-13841268,42434051,
603296,华勤技术,80.13,-0.2738,888940000.0,1.39,121461000000.0,63992000000.0,-42471970,-4.7778,-10658534,-31813436,42471970,
002041,登海种业,10.57,2.7211,481180000.0,5.24,9302000000.0,9302000000.0,-42757360,-8.8859,-23854924,-18902436,42757360,
002965,祥鑫科技,33.28,6.9752,1376020000.0,17.32,8832000000.0,7919000000.0,-43114402,-3.1333,-18832833,-24281569,43114402,
301150,中一科技,41.25,-0.3623,808350000.0,6.41,13361000000.0,12533000000.0,-43121435,-5.3345,-8214137,-34907298,43121435,
002049,紫光国微,61.37,0.1469,658700000.0,1.28,51749000000.0,51742000000.0,-43481701,-6.6011,-39802259,-3679442,43481701,
300037,新宙邦,71.96,-1.5999,720890000.0,1.82,54250000000.0,39346000000.0,-43569985,-6.0439,-27385798,-16184187,43569985,
300236,上海新阳,90.3,-1.8478,602840000.0,2.38,28298000000.0,25167000000.0,-43584013,-7.2298,-24001521,-19582492,43584013,
601218,吉鑫科技,5.44,-1.982,778210000.0,14.67,5272000000.0,5272000000.0,-43594890,-5.6019,-20011637,-23583253,43594890,
300689,澄天伟业,66.1,-1.0479,393840000.0,5.77,7641000000.0,6725000000.0,-44031433,-11.18,-11471386,-32560047,44031433,
688166,博瑞医药,36.26,3.5113,520020000.0,3.3,15802000000.0,15802000000.0,-44131919,-8.4866,10528731,-54660650,44131919,
603890,春秋电子,17.32,-0.5169,359390000.0,4.11,8730000000.0,8730000000.0,-44154998,-12.2861,-22476815,-21678183,44154998,
002077,大港股份,14.42,-0.5517,811640000.0,9.69,8369000000.0,8369000000.0,-44431425,-5.4743,-26012923,-18418502,44431425,
300951,博硕科技,91.85,-1.3956,402390000.0,2.87,15559000000.0,13905000000.0,-44580835,-11.079,-29579855,-15000980,44580835,
600589,大位科技,7.85,0.3836,336520000.0,2.89,11630000000.0,11606000000.0,-44680870,-13.2773,-15219281,-29461589,44680870,
600219,南山铝业,4.77,-0.2092,437290000.0,0.8,54777000000.0,54777000000.0,-44776689,-10.2396,-24496199,-20280490,44776689,
603011,合锻智能,27.13,-0.9131,864240000.0,6.44,13413000000.0,13413000000.0,-45227762,-5.2332,-17626211,-27601551,45227762,
301529,福赛科技,137.9,8.4887,769470000.0,8.86,16331000000.0,8766000000.0,-45250973,-5.8808,-33870131,-11380842,45250973,
601069,西部黄金,27.51,-1.75,359740000.0,1.46,25062000000.0,24407000000.0,-45380117,-12.6147,-23006847,-22373270,45380117,
001365,天海电子,37.36,-2.5052,424470000.0,19.69,19614000000.0,2148000000.0,-45573621,-10.7366,-18058995,-27514626,45573621,
002134,天津普林,26.72,-1.4022,840750000.0,12.79,6622000000.0,6592000000.0,-45617890,-5.4259,-40549232,-5068658,45617890,
002120,韵达股份,7.06,1.2912,309160000.0,1.56,20468000000.0,19875000000.0,-45669975,-14.7723,-18585583,-27084392,45669975,
688545,兴福电子,79.45,-2.8966,825340000.0,5.68,28602000000.0,14480000000.0,-45791189,-5.5482,-43574615,-2216574,45791189,
002126,银轮股份,39.1,-0.6858,467320000.0,1.49,33111000000.0,31090000000.0,-45974235,-9.8378,-15168779,-30805456,45974235,
000048,京基智农,18.17,-1.6243,386090000.0,4.03,9634000000.0,9617000000.0,-45980214,-11.9092,-15889706,-30090508,45980214,
603221,爱丽家居,30.5,-2.3375,665260000.0,8.66,7389000000.0,7389000000.0,-46575257,-7.0011,-20188699,-26386558,46575257,
300153,科泰电源,28.1,-3.0031,566220000.0,6.3,8992000000.0,8945000000.0,-46926558,-8.2877,-18272367,-28654191,46926558,
600226,亨通股份,6.06,0.0,527550000.0,2.92,18025000000.0,18025000000.0,-47375259,-8.9802,-48819192,1443933,47375259,
300852,四会富仕,72.25,5.8143,952850000.0,8.62,11598000000.0,11196000000.0,-47679958,-5.0039,-40743184,-6936774,47679958,
301269,华大九天,89.39,0.4947,531070000.0,1.09,48975000000.0,48974000000.0,-47690156,-8.98,-7616326,-40073830,47690156,
000410,沈阳机床,5.44,-2.3339,457390000.0,4.29,14411000000.0,10722000000.0,-47713884,-10.4318,-34853792,-12860092,47713884,
001337,四川黄金,50.25,-0.2976,444000000.0,2.1,21105000000.0,21105000000.0,-47737145,-10.7516,-28830067,-18907078,47737145,
600418,江淮汽车,19.38,0.6753,1001320000.0,2.29,43686000000.0,43686000000.0,-47779975,-4.7717,-33264657,-14515318,47779975,
603179,新泉股份,41.02,2.55,839420000.0,2.84,30156000000.0,29296000000.0,-48125135,-5.7331,14853796,-62978931,48125135,
002730,电光科技,23.61,-2.0332,282210000.0,3.41,8549000000.0,8170000000.0,-48373834,-17.1411,-12178622,-36195212,48373834,
301128,强瑞技术,121.95,-1.6136,681340000.0,4.36,17661000000.0,15535000000.0,-48376219,-7.1002,-54964187,6587968,48376219,
601949,中国出版,6.02,-1.473,429490000.0,3.74,11462000000.0,11462000000.0,-48562449,-11.307,-7392821,-41169628,48562449,
601111,中国国航,5.89,1.0292,423640000.0,0.62,120701000000.0,68548000000.0,-48960508,-11.5571,-35940607,-13019901,48960508,
300440,运达科技,17.25,-2.6524,286650000.0,3.76,7623000000.0,7589000000.0,-49106484,-17.1312,-31862726,-17243758,49106484,
688017,绿的谐波,288.88,-1.815,1495040000.0,2.79,52960000000.0,52960000000.0,-49109354,-3.2848,-22214666,-26894688,49109354,
600400,红豆股份,3.6,4.0462,543650000.0,6.71,8249000000.0,8249000000.0,-49427989,-9.0919,-18595786,-30832203,49427989,
688220,翱捷科技-U,97.7,-2.6019,829030000.0,2.02,40868000000.0,40868000000.0,-49507251,-5.9717,-53067920,3560669,49507251,
000978,桂林旅游,8.39,0.3589,1016850000.0,26.0,3928000000.0,3928000000.0,-49562642,-4.8741,-20803140,-28759502,49562642,
688206,概伦电子,38.02,-3.6004,476110000.0,2.86,20189000000.0,16599000000.0,-49644052,-10.427,-7654095,-41989957,49644052,
300322,硕贝德,19.26,4.4469,881310000.0,10.37,8860000000.0,8483000000.0,-49962462,-5.6691,-13236333,-36726129,49962462,
603026,石大胜华,60.09,-1.7334,364710000.0,2.59,13983000000.0,13983000000.0,-50459810,-13.8356,-30959492,-19500318,50459810,
000060,中金岭南,6.19,0.0,414440000.0,1.51,27491000000.0,27490000000.0,-50796575,-12.2567,-63081267,12284692,50796575,
002976,瑞玛精密,26.95,0.1859,418950000.0,12.55,5245000000.0,3281000000.0,-51125754,-12.2033,-21081980,-30043774,51125754,
300568,星源材质,16.05,0.9434,885450000.0,4.56,24001000000.0,19400000000.0,-51571542,-5.8243,-32040378,-19531164,51571542,
002528,*ST英飞,5.81,-10.0619,316000000.0,5.11,6964000000.0,6102000000.0,-51751544,-16.3771,-23451218,-28300326,51751544,
300184,力源信息,12.28,0.0,553500000.0,4.28,14081000000.0,12889000000.0,-52166604,-9.4249,-26282220,-25884384,52166604,
300418,昆仑万维,43.61,-0.4111,2077830000.0,4.05,56040000000.0,51218000000.0,-52366550,-2.5203,-59378422,7011872,52366550,
600881,亚泰集团,1.9,-1.5544,434350000.0,7.11,6141000000.0,6141000000.0,-52377171,-12.0587,-54583771,2206600,52377171,
300345,华民股份,7.77,-1.145,406320000.0,10.71,4517000000.0,3735000000.0,-52378857,-12.891,-17594898,-34783959,52378857,
002300,太阳电缆,8.72,0.5767,1169880000.0,18.73,6299000000.0,6298000000.0,-52760685,-4.5099,-12329318,-40431367,52760685,
001896,豫能控股,12.13,0.1652,811690000.0,4.38,18508000000.0,18508000000.0,-52907420,-6.5182,-41363011,-11544409,52907420,
002361,神剑股份,10.64,1.4299,732760000.0,8.17,10119000000.0,8986000000.0,-53023311,-7.2361,-23161384,-29861927,53023311,
601168,西部矿业,36.23,0.5551,1014290000.0,1.18,86336000000.0,86336000000.0,-53300497,-5.255,2397657,-55698154,53300497,
603005,晶方科技,30.44,-0.6203,932200000.0,4.69,19852000000.0,19852000000.0,-53309652,-5.7187,-54970554,1660902,53309652,
600821,金开新能,6.12,-0.6494,313790000.0,2.6,12040000000.0,12040000000.0,-53460819,-17.0371,-46541827,-6918992,53460819,
002654,万润科技,14.15,-0.5622,439290000.0,3.66,11961000000.0,11960000000.0,-53466854,-12.1712,-33033555,-20433299,53466854,
301165,锐捷网络,116.46,-0.9273,1167790000.0,0.9,129694000000.0,129694000000.0,-54665627,-4.6811,1248261,-55913888,54665627,
002025,航天电器,74.23,0.0404,765360000.0,2.26,33702000000.0,33691000000.0,-54671575,-7.1432,-41082373,-13589202,54671575,
003036,泰坦股份,54.01,-1.4056,409970000.0,3.45,11699000000.0,11699000000.0,-54987597,-13.4126,-30318795,-24668802,54987597,
688615,合合信息,85.94,-1.445,468280000.0,3.98,16844000000.0,11631000000.0,-55419553,-11.8347,-1785842,-53633711,55419553,
688508,芯朋微,89.55,-2.5783,458700000.0,3.85,11858000000.0,11858000000.0,-55723726,-12.1482,-22139375,-33584351,55723726,
601811,新华文轩,15.29,10.0,643300000.0,5.4,18865000000.0,12108000000.0,-55935526,-8.6951,-19138293,-36797233,55935526,
603501,豪威集团,80.78,-0.6029,871580000.0,0.89,101605000000.0,97506000000.0,-56483264,-6.4806,-60062988,3579724,56483264,
000807,云铝股份,26.77,-2.1922,1509780000.0,1.63,92837000000.0,92836000000.0,-56962839,-3.7729,-58550839,1588000,56962839,
301611,珂玛科技,98.7,-0.2426,763350000.0,5.28,43033000000.0,14468000000.0,-57201672,-7.4935,-42799364,-14402308,57201672,
688020,方邦股份,153.7,2.3302,744760000.0,5.84,12668000000.0,12668000000.0,-57263756,-7.6889,10898175,-68161931,57263756,
688690,纳微科技,46.95,-0.5297,640460000.0,3.36,18959000000.0,18959000000.0,-57484770,-8.9755,-7487144,-49997626,57484770,
002980,华盛昌,118.45,-7.4826,2202700000.0,18.11,22317000000.0,11997000000.0,-57906252,-2.6289,-88436844,30530592,57906252,
000630,铜陵有色,6.09,0.0,690460000.0,1.02,81664000000.0,67861000000.0,-58074892,-8.411,-2094270,-55980622,58074892,
000980,众泰汽车,2.24,-2.1834,752750000.0,6.65,11295000000.0,11295000000.0,-58319568,-7.7475,-35723949,-22595619,58319568,
002378,章源钨业,23.7,-0.3783,524880000.0,1.85,28474000000.0,28343000000.0,-58383962,-11.1233,-44226891,-14157071,58383962,
002471,中超控股,5.95,-0.1678,880340000.0,11.08,8144000000.0,7997000000.0,-58951106,-6.6964,-48687528,-10263578,58951106,
002881,美格智能,46.47,2.5828,524470000.0,6.17,14052000000.0,8531000000.0,-59519112,-11.3484,-10889181,-48629931,59519112,
002859,洁美科技,68.2,-0.438,1270400000.0,4.28,30938000000.0,29211000000.0,-60181087,-4.7372,1502465,-61683552,60181087,
603938,三孚股份,50.35,0.0397,1055320000.0,5.46,19265000000.0,19265000000.0,-60530014,-5.7357,-60394179,-135835,60530014,
600549,厦门钨业,50.2,-0.5744,1629550000.0,2.08,79697000000.0,78007000000.0,-60668043,-3.723,-41606939,-19061104,60668043,
600673,东阳光,31.48,-1.9925,788340000.0,0.82,94741000000.0,94489000000.0,-61175303,-7.76,-36251743,-24923560,61175303,
600309,万华化学,70.51,-0.8995,1871960000.0,0.85,220730000000.0,220730000000.0,-61319285,-3.2757,-112418293,51099008,61319285,
301308,江波龙,347.79,0.2392,3813640000.0,3.87,159864000000.0,98025000000.0,-61596800,-1.6152,-185683504,124086704,61596800,
601991,大唐发电,5.59,0.1792,723790000.0,1.05,103453000000.0,69294000000.0,-61605011,-8.5114,-21002417,-40602594,61605011,
300196,长海股份,19.76,-3.6568,571730000.0,11.59,8081000000.0,4884000000.0,-61640956,-10.7815,-18633343,-43007613,61640956,
601233,桐昆股份,24.4,2.478,853740000.0,1.47,58048000000.0,57942000000.0,-61712042,-7.2284,-10637353,-51074689,61712042,
002631,德尔未来,14.14,6.8783,1108940000.0,9.97,11274000000.0,11223000000.0,-61991127,-5.5901,-7206461,-54784666,61991127,
002428,云南锗业,93.49,-0.0107,4320800000.0,7.04,61060000000.0,61050000000.0,-62631968,-1.4495,-530624,-62101344,62631968,
601869,长飞光纤,458.99,0.8791,4444520000.0,2.37,380000000000.0,186505000000.0,-62813024,-1.4133,27551616,-90364640,62813024,
688728,格科微,14.79,-0.8713,422120000.0,1.1,38463000000.0,38436000000.0,-63262825,-14.9869,-14145663,-49117162,63262825,
600711,盛屯矿业,10.94,-0.816,468150000.0,1.38,33811000000.0,33811000000.0,-63455818,-13.5546,-32440327,-31015491,63455818,
300676,华大基因,42.38,6.7506,884270000.0,5.09,17728000000.0,17632000000.0,-63639887,-7.1969,-693112,-62946775,63639887,
002026,山东威达,10.99,-3.9336,334330000.0,6.68,4841000000.0,4841000000.0,-63885570,-19.1085,-54763195,-9122375,63885570,
000032,深桑达Ａ,14.49,-0.9569,380220000.0,2.16,17608000000.0,17608000000.0,-64298954,-16.911,-46105939,-18193015,64298954,
002640,跨境通,3.79,2.4324,936220000.0,16.11,5905000000.0,5868000000.0,-64335758,-6.8719,-51254146,-13081612,64335758,
688213,思特威-W,92.35,-2.0159,498070000.0,1.65,37153000000.0,29876000000.0,-64394034,-12.9287,-38643635,-25750399,64394034,
600066,宇通客车,25.73,-1.0765,1073000000.0,1.92,56965000000.0,56965000000.0,-65750631,-6.1277,-47605396,-18145235,65750631,
688170,德龙激光,68.91,-2.0051,486470000.0,6.78,7123000000.0,7123000000.0,-66061086,-13.5797,-24773198,-41287888,66061086,
300499,高澜股份,37.04,-1.8028,1201650000.0,11.76,11306000000.0,10065000000.0,-66539433,-5.5373,-43820713,-22718720,66539433,
600601,方正科技,15.25,5.1724,4021930000.0,6.36,65175000000.0,63597000000.0,-66556512,-1.6548,11282928,-77839440,66556512,
300199,翰宇药业,23.59,0.383,1117960000.0,6.32,20836000000.0,17568000000.0,-67006380,-5.9936,-74007948,7001568,67006380,
000533,顺钠股份,11.05,-1.6028,498760000.0,6.55,7634000000.0,7568000000.0,-67322277,-13.4979,-42054611,-25267666,67322277,
603226,菲林格尔,36.57,-6.4227,472530000.0,3.59,13000000000.0,13000000000.0,-68949896,-14.5916,-62173707,-6776189,68949896,
600875,东方电气,24.49,0.2867,602850000.0,1.09,84695000000.0,55430000000.0,-69704393,-11.5625,-51071240,-18633153,69704393,
603991,领先股份,175.62,-2.3357,634130000.0,3.98,26819000000.0,15724000000.0,-70072950,-11.0502,-1397817,-68675133,70072950,
600118,中国卫星,58.99,-1.0235,1490820000.0,2.13,69755000000.0,69755000000.0,-71054751,-4.7662,-48920927,-22133824,71054751,
002298,中电鑫龙,9.2,2.2222,1141730000.0,18.76,6809000000.0,6121000000.0,-71126834,-6.2297,-89163648,18036814,71126834,
300017,网宿科技,15.19,0.264,1237540000.0,3.45,37909000000.0,35947000000.0,-71684784,-5.7925,-4502544,-67182240,71684784,
002600,领益智造,12.54,-0.318,881060000.0,0.98,101829000000.0,90288000000.0,-72836887,-8.267,-19055836,-53781051,72836887,
300671,富满微,60.12,-0.6938,1021260000.0,7.71,13310000000.0,13274000000.0,-72855689,-7.1339,5407115,-78262804,72855689,
601698,中国卫通,24.04,-0.7022,501090000.0,0.49,101554000000.0,101554000000.0,-73633505,-14.6947,-34847509,-38785996,73633505,
601211,国泰海通,17.63,0.7429,1113690000.0,0.47,309954000000.0,237108000000.0,-74467839,-6.6866,-6141309,-68326530,74467839,
000725,京东方Ａ,6.07,2.5338,10887240000.0,5.06,224859000000.0,214679000000.0,-74518544,-0.6845,-79022848,4504304,74518544,
000338,潍柴动力,27.08,-0.5509,1699380000.0,1.26,233977000000.0,134219000000.0,-74912547,-4.4082,43437661,-118350208,74912547,
002842,翔鹭钨业,35.1,-0.9034,810780000.0,8.6,11484000000.0,9423000000.0,-75833156,-9.3531,-37924819,-37908337,75833156,
603353,和顺石油,46.39,-4.449,782840000.0,9.58,7906000000.0,7906000000.0,-76808956,-9.8116,-61234591,-15574365,76808956,
003040,楚天龙,17.31,5.6777,2021490000.0,25.65,7982000000.0,7908000000.0,-77039152,-3.811,49394784,-126433936,77039152,
002558,巨人网络,24.79,-0.7209,1184190000.0,2.52,47115000000.0,47115000000.0,-77178484,-6.5174,-71680164,-5498320,77178484,
002261,拓维信息,25.94,-0.2308,1134860000.0,3.83,32683000000.0,29730000000.0,-77272220,-6.809,-40922781,-36349439,77272220,
688981,中芯国际,122.01,0.0082,3162840000.0,1.29,1044682000000.0,244092000000.0,-77382384,-2.4466,-161259776,83877392,77382384,
600690,海尔智家,19.89,-3.8201,1860510000.0,1.51,185038000000.0,122890000000.0,-77739126,-4.1784,-37422758,-40316368,77739126,
301183,东田微,303.53,0.132,1348590000.0,7.6,24306000000.0,17817000000.0,-78883532,-5.8493,-48170348,-30713184,78883532,
300788,中信出版,34.7,-5.3464,646660000.0,9.84,6598000000.0,6598000000.0,-79591584,-12.3081,-61257522,-18334062,79591584,
300843,胜蓝股份,143.17,-1.1325,716130000.0,3.08,23438000000.0,22979000000.0,-80324616,-11.2165,-51511728,-28812888,80324616,
601600,中国铝业,9.18,-1.8182,1552020000.0,1.28,157481000000.0,121207000000.0,-80509635,-5.1874,-103899747,23390112,80509635,
300607,拓斯达,33.09,-1.5179,761540000.0,6.57,15783000000.0,11422000000.0,-80586299,-10.582,-32410945,-48175354,80586299,
688362,甬矽电子,63.51,-1.9756,1378040000.0,4.76,28784000000.0,28784000000.0,-81562177,-5.9187,-61725409,-19836768,81562177,
600941,中国移动,96.01,-0.6416,878370000.0,1.01,2082547000000.0,86675000000.0,-81780579,-9.3105,-20434640,-61345939,81780579,
688385,复旦微电,59.3,-0.4867,906350000.0,2.82,48847000000.0,31986000000.0,-81830184,-9.0285,-24122815,-57707369,81830184,
002364,中恒电气,36.05,-0.3042,794610000.0,3.9,20317000000.0,20122000000.0,-82158358,-10.3395,-72397304,-9761054,82158358,
688343,云天励飞-U,65.21,-0.5945,838050000.0,3.56,23450000000.0,23450000000.0,-83022234,-9.9066,-37078490,-45943744,83022234,
300139,晓程科技,48.02,-0.9488,953000000.0,8.46,13157000000.0,11220000000.0,-84052273,-8.8198,-32296408,-51755865,84052273,
603650,彤程新材,71.99,-2.121,1470310000.0,3.29,44351000000.0,44349000000.0,-84435875,-5.7427,-58163715,-26272160,84435875,
603308,应流股份,41.97,-3.3172,1033570000.0,3.35,30572000000.0,30572000000.0,-85121769,-8.2357,-132372673,47250904,85121769,
688596,正帆科技,65.94,-3.0294,1134750000.0,5.4,20947000000.0,20947000000.0,-85166818,-7.5053,-73184779,-11982039,85166818,
688099,晶晨股份,89.19,0.7797,755730000.0,2.01,37756000000.0,37756000000.0,-85585472,-11.3249,-45057927,-40527545,85585472,
003013,地铁设计,17.25,-10.0156,314780000.0,4.35,7917000000.0,6956000000.0,-86147765,-27.3676,-75201415,-10946350,86147765,
002484,江海股份,60.68,-1.3012,2291370000.0,4.56,51610000000.0,49786000000.0,-88188706,-3.8487,-140323714,52135008,88188706,
603678,火炬电子,50.93,1.2525,1380800000.0,5.62,24221000000.0,24221000000.0,-88740570,-6.4268,-46287036,-42453534,88740570,
300620,光库科技,294.48,-0.9852,3780980000.0,5.15,73379000000.0,72836000000.0,-88828800,-2.3494,-2424976,-86403824,88828800,
000415,渤海租赁,4.31,-2.4887,377480000.0,1.61,26655000000.0,23243000000.0,-88887385,-23.5476,-47390092,-41497293,88887385,
300077,国民技术,22.51,1.4878,1340190000.0,10.6,15265000000.0,12841000000.0,-89603728,-6.6859,-25712339,-63891389,89603728,
600497,驰宏锌锗,9.66,1.046,735310000.0,1.51,48690000000.0,48690000000.0,-90716418,-12.3372,-45406665,-45309753,90716418,
600879,航天电子,14.72,0.0,920230000.0,1.89,48566000000.0,48566000000.0,-92819143,-10.0865,-48023871,-44795272,92819143,
002851,麦格米特,124.8,-1.5773,2803710000.0,4.52,73009000000.0,61363000000.0,-93120928,-3.3213,-113262080,20141152,93120928,
688126,沪硅产业,24.66,1.0242,1231160000.0,1.76,81502000000.0,70469000000.0,-93393471,-7.5858,-82797071,-10596400,93393471,
002414,高德红外,12.38,-0.4023,545870000.0,1.3,52872000000.0,42075000000.0,-93643437,-17.1549,-34974147,-58669290,93643437,
300740,水羊股份,23.08,1.674,840070000.0,8.92,10153000000.0,9439000000.0,-93713804,-11.1555,-28517368,-65196436,93713804,
300300,海峡创新,9.29,-1.6931,1006730000.0,16.15,6195000000.0,6195000000.0,-93924459,-9.3297,-66134260,-27790199,93924459,
601872,招商轮船,22.91,2.4597,3820460000.0,2.1,184988000000.0,184988000000.0,-94778400,-2.4808,-8758720,-86019680,94778400,
300751,迈为股份,202.25,-0.286,1371280000.0,3.46,56408000000.0,39004000000.0,-95124659,-6.9369,-47039935,-48084724,95124659,
688388,嘉元科技,29.5,-4.4689,1813800000.0,9.23,19467000000.0,19467000000.0,-96041780,-5.2951,-126092068,30050288,96041780,
601688,华泰证券,18.47,0.7638,859370000.0,0.64,166726000000.0,134956000000.0,-97649915,-11.363,-17763884,-79886031,97649915,
600489,中金黄金,23.61,-1.8295,1439450000.0,1.25,114445000000.0,114445000000.0,-99315843,-6.8996,-108940691,9624848,99315843,
688396,华润微,61.5,1.168,1017800000.0,1.25,81685000000.0,81685000000.0,-99618316,-9.7876,-47434982,-52183334,99618316,
002552,宝鼎科技,54.11,-0.2397,1107150000.0,5.57,20994000000.0,19940000000.0,-99774504,-9.0118,-54265265,-45509239,99774504,
000021,深科技,37.22,0.7307,3060500000.0,5.2,58986000000.0,58978000000.0,-100233504,-3.2751,-22315664,-77917840,100233504,
688114,华大智造,73.11,1.584,1056850000.0,3.48,30451000000.0,30387000000.0,-101479888,-9.6021,-44111196,-57368692,101479888,
600354,敦煌种业,10.46,2.2483,1329380000.0,24.42,5521000000.0,5521000000.0,-101649179,-7.6464,-50436679,-51212500,101649179,
300776,帝尔激光,124.68,0.0241,1175950000.0,5.17,35563000000.0,22357000000.0,-102387374,-8.7068,-73125294,-29262080,102387374,
000975,山金国际,24.62,-3.4888,1063240000.0,1.7,68260000000.0,62122000000.0,-104181443,-9.7985,-63286014,-40895429,104181443,
002584,西陇科学,9.76,0.1026,1768870000.0,38.0,5712000000.0,4696000000.0,-104525697,-5.9092,-26129121,-78396576,104525697,
688548,广钢气体,33.23,1.003,1551310000.0,3.5,43844000000.0,43844000000.0,-104670408,-6.7472,-50767176,-53903232,104670408,
603686,福龙马,15.22,-1.616,1446100000.0,22.43,6323000000.0,6323000000.0,-104688796,-7.2394,-118307724,13618928,104688796,
300909,汇创达,65.26,9.7176,733200000.0,8.71,11288000000.0,8428000000.0,-107417361,-14.6505,-38172898,-69244463,107417361,
000981,山子高科,2.95,-1.6667,1696500000.0,6.04,29493000000.0,28064000000.0,-109470812,-6.4527,-73119020,-36351792,109470812,
300497,富祥股份,20.83,-2.5725,1285020000.0,13.78,11220000000.0,9504000000.0,-110330537,-8.5859,-44981177,-65349360,110330537,
300450,先导智能,32.43,-0.3074,964060000.0,1.9,54295000000.0,50572000000.0,-111606894,-11.5768,-47229478,-64377416,111606894,
600703,三安光电,12.98,0.0,1256420000.0,1.94,64757000000.0,64757000000.0,-112561465,-8.9589,-75119847,-37441618,112561465,
002202,金风科技,18.13,-0.3846,1138860000.0,1.86,76554000000.0,60982000000.0,-112855633,-9.9095,-47473069,-65382564,112855633,
603989,艾华集团,33.87,-2.6164,1150440000.0,8.39,13507000000.0,13507000000.0,-113509134,-9.8666,-54082457,-59426677,113509134,
605111,新洁能,61.52,-2.1161,1119890000.0,4.35,25551000000.0,25551000000.0,-113907835,-10.1713,-83538403,-30369432,113907835,
301205,联特科技,321.0,-0.8157,1537480000.0,5.74,41757000000.0,26864000000.0,-114420963,-7.4421,-52818579,-61602384,114420963,
600163,中闽能源,5.91,-4.3689,708160000.0,6.22,11247000000.0,11247000000.0,-114760011,-16.2054,-115287261,527250,114760011,
300398,飞凯材料,38.35,0.0,1427090000.0,6.53,21861000000.0,21753000000.0,-115756696,-8.1114,-42618888,-73137808,115756696,
002281,光迅科技,193.76,-0.8393,5293660000.0,3.47,160404000000.0,152301000000.0,-116048256,-2.1922,-61662880,-54385376,116048256,
600448,华纺股份,3.89,9.887,938090000.0,39.33,2450000000.0,2450000000.0,-118586955,-12.6413,-130422934,11835979,118586955,
688630,芯碁微装,422.9,-3.8492,1859380000.0,3.3,61957000000.0,55713000000.0,-118712079,-6.3845,-43473871,-75238208,118712079,
688209,英集芯,36.7,-1.6877,761890000.0,4.77,15920000000.0,15920000000.0,-119186170,-15.6435,-25738847,-93447323,119186170,
300131,英唐智控,15.71,-2.7245,1169470000.0,6.98,17831000000.0,16698000000.0,-119673609,-10.2331,-78219354,-41454255,119673609,
600160,巨化股份,34.85,0.3166,929020000.0,0.98,94086000000.0,94086000000.0,-120486316,-12.9692,17117856,-137604172,120486316,
688037,芯源微,356.0,-2.1924,1508410000.0,2.08,71948000000.0,71948000000.0,-120683296,-8.0007,-30537200,-90146096,120683296,
002716,湖南白银,9.72,-1.3198,1116860000.0,4.91,27440000000.0,22574000000.0,-123431181,-11.0516,-65729672,-57701509,123431181,
002579,中京电子,19.46,-2.1619,2593450000.0,22.95,11922000000.0,11354000000.0,-125518835,-4.8398,-125651475,132640,125518835,
688536,思瑞浦,356.05,0.8069,960080000.0,2.0,49162000000.0,48298000000.0,-128819867,-13.4176,-72180028,-56639839,128819867,
300054,鼎龙股份,72.11,-0.6476,1463840000.0,2.71,68838000000.0,53681000000.0,-129425470,-8.8415,-19756078,-109669392,129425470,
605117,德业股份,81.97,-3.1431,921180000.0,0.87,104371000000.0,104371000000.0,-130609630,-14.1785,-86247190,-44362440,130609630,
000426,兴业银锡,34.93,-1.5224,1325020000.0,2.12,62023000000.0,62007000000.0,-130927334,-9.8812,-68457526,-62469808,130927334,
002443,金洲管道,13.14,5.12,700860000.0,10.14,6840000000.0,6840000000.0,-133808458,-19.092,-45054871,-88753587,133808458,
300806,斯迪克,56.35,-2.6938,1767340000.0,6.82,35711000000.0,25733000000.0,-143799896,-8.1365,-69779560,-74020336,143799896,
688627,精智达,490.0,-2.5845,1879610000.0,4.03,49855000000.0,46123000000.0,-143867488,-7.6541,-87691536,-56175952,143867488,
688222,成都先导,45.48,13.7853,1965180000.0,11.08,18223000000.0,18223000000.0,-145451159,-7.4014,1321801,-146772960,145451159,
601919,中远海控,16.71,3.7888,1772290000.0,0.86,255130000000.0,209820000000.0,-146764924,-8.2811,-145906188,-858736,146764924,
600498,烽火通信,44.15,0.3637,3787480000.0,6.71,59963000000.0,56142000000.0,-149132896,-3.9375,-179554048,30421152,149132896,
688110,东芯股份,120.51,-1.5119,1583360000.0,2.95,53311000000.0,53311000000.0,-151241547,-9.5519,-134855563,-16385984,151241547,
300408,三环集团,129.84,-0.8552,8226950000.0,3.29,259254000000.0,242776000000.0,-151303200,-1.8391,-121712832,-29590368,151303200,
600206,有研新材,51.32,-0.5426,3847540000.0,8.83,43445000000.0,43445000000.0,-151807024,-3.9456,-97648928,-54158096,151807024,
002241,歌尔股份,23.8,2.0146,2237710000.0,3.02,84682000000.0,75006000000.0,-152649536,-6.8217,58894672,-211544208,152649536,
600988,赤峰黄金,42.96,-2.9372,1644550000.0,2.28,81642000000.0,71482000000.0,-152954798,-9.3007,-55758286,-97196512,152954798,
601212,白银有色,6.17,-1.9078,1303630000.0,2.84,45687000000.0,45687000000.0,-153944603,-11.8089,-87488934,-66455669,153944603,
688072,拓荆科技,725.81,0.7985,3006790000.0,1.46,212062000000.0,206266000000.0,-156470480,-5.2039,-207959264,51488784,156470480,
603248,锡华科技,24.25,-1.3024,997120000.0,55.94,11155000000.0,1734000000.0,-156888153,-15.7341,-135080163,-21807990,156888153,
301526,国际复材,31.32,0.449,4334090000.0,9.81,118104000000.0,43986000000.0,-157028096,-3.6231,-117763200,-39264896,157028096,
603993,洛阳钼业,17.59,0.4569,1865450000.0,0.61,376326000000.0,307136000000.0,-158959296,-8.5212,-83503760,-75455536,158959296,
002155,湖南黄金,25.29,-1.8245,1161610000.0,2.93,39519000000.0,39516000000.0,-162216183,-13.9648,-135337351,-26878832,162216183,
600577,精达股份,8.98,2.9817,1449840000.0,7.3,20042000000.0,20042000000.0,-163025292,-11.2444,-113814945,-49210347,163025292,
002008,大族激光,96.55,-3.0622,5187060000.0,5.54,99408000000.0,92372000000.0,-163149376,-3.1453,-192699424,29550048,163149376,
688195,腾景科技,190.1,-4.7022,2533310000.0,7.34,34425000000.0,34425000000.0,-164087904,-6.4772,-62737536,-101350368,164087904,
300757,罗博特科,620.78,0.029,2691280000.0,2.66,104048000000.0,100918000000.0,-168225920,-6.2508,-153058624,-15167296,168225920,
301217,铜冠铜箔,111.53,-1.5535,2747200000.0,2.94,92460000000.0,92460000000.0,-169160720,-6.1576,-37017664,-132143056,169160720,
301536,星宸科技,125.92,0.1193,1644920000.0,7.01,53102000000.0,23571000000.0,-170175296,-10.3455,-68618080,-101557216,170175296,
300179,四方达,45.06,-0.6176,2295170000.0,13.38,21887000000.0,16927000000.0,-171080141,-7.4539,-136784653,-34295488,171080141,
300623,捷捷微电,35.03,-0.7649,1251870000.0,4.63,29148000000.0,26891000000.0,-171211355,-13.6764,-70519196,-100692159,171211355,
688777,中控技术,81.8,-7.0455,1513170000.0,2.28,64719000000.0,64393000000.0,-173421783,-11.4608,-127903543,-45518240,173421783,
002409,雅克科技,137.43,-1.0084,2356440000.0,5.34,65407000000.0,43775000000.0,-176257657,-7.4798,-161697321,-14560336,176257657,
688261,东微半导,79.32,-2.5194,937890000.0,9.7,9728000000.0,9685000000.0,-177035175,-18.8759,-128796022,-48239153,177035175,
688549,中巨芯-U,24.17,-0.78,1573310000.0,4.35,35706000000.0,35706000000.0,-177655571,-11.2918,-100191971,-77463600,177655571,
002245,蔚蓝锂芯,17.54,-3.8904,1093570000.0,3.81,29996000000.0,28224000000.0,-180501696,-16.5057,-124949296,-55552400,180501696,
600367,红星发展,37.62,-1.0,1791920000.0,14.53,12833000000.0,12113000000.0,-181325133,-10.119,-150615965,-30709168,181325133,
688012,中微公司,353.55,-0.386,4251830000.0,1.27,338645000000.0,333114000000.0,-182184560,-4.2849,-211452944,29268384,182184560,
600378,昊华科技,47.75,-0.5208,2198020000.0,4.26,61597000000.0,51215000000.0,-183036071,-8.3273,-111866823,-71169248,183036071,
300613,富瀚微,82.32,3.1579,1489070000.0,8.27,19172000000.0,18085000000.0,-184222523,-12.3716,-33391429,-150831094,184222523,
603118,共进股份,18.65,1.1937,2340450000.0,16.11,14683000000.0,14683000000.0,-188037193,-8.0342,-89055929,-98981264,188037193,
300346,南大光电,55.62,-0.6786,1891040000.0,5.11,38442000000.0,36820000000.0,-189033683,-9.9963,-131715203,-57318480,189033683,
002407,多氟多,32.99,-0.6625,1929560000.0,5.4,39272000000.0,35659000000.0,-190062959,-9.8501,-112930751,-77132208,190062959,
600460,士兰微,33.27,1.5258,3403520000.0,6.13,55364000000.0,55364000000.0,-190507840,-5.5974,-71487104,-119020736,190507840,
300058,蓝色光标,13.16,0.076,2173550000.0,4.74,47247000000.0,45770000000.0,-195009858,-8.972,-151871266,-43138592,195009858,
000858,五粮液,70.27,0.3857,1187500000.0,0.44,272761000000.0,272754000000.0,-195288283,-16.4453,-144159371,-51128912,195288283,
688820,盛合晶微,139.2,-2.5688,1883550000.0,7.79,259298000000.0,24068000000.0,-197870138,-10.5052,-211748890,13878752,197870138,
603986,兆易创新,391.71,0.9094,12984760000.0,4.9,275753000000.0,262727000000.0,-198942176,-1.5321,-252077744,53135568,198942176,
000592,平潭发展,8.5,-1.5064,2327590000.0,14.25,16420000000.0,16278000000.0,-200971390,-8.6343,-91994798,-108976592,200971390,
002815,崇达技术,23.88,2.0513,1780250000.0,9.65,29472000000.0,18558000000.0,-202764654,-11.3897,-50254366,-152510288,202764654,
600186,莲花控股,12.5,-0.8723,1764460000.0,7.86,22410000000.0,22364000000.0,-205632530,-11.6541,-107762738,-97869792,205632530,
600110,诺德股份,12.53,2.0358,2782270000.0,12.95,21742000000.0,21742000000.0,-206516415,-7.4226,-94881679,-111634736,206516415,
601138,工业富联,63.6,1.4192,6050850000.0,0.48,1262084000000.0,1262084000000.0,-207284464,-3.4257,-341929040,134644576,207284464,
000100,TCL科技,5.08,1.8036,2918480000.0,2.86,111488000000.0,102184000000.0,-207643280,-7.1148,-120903536,-86739744,207643280,
300223,君正股份,146.1,2.1893,4188230000.0,6.75,75234000000.0,61791000000.0,-207689120,-4.9589,-183103008,-24586112,207689120,
688678,福立旺,27.93,13.1686,1433180000.0,13.09,11259000000.0,11259000000.0,-209577621,-14.6233,-63171029,-146406592,209577621,
603019,中科曙光,83.94,-0.427,1725050000.0,1.4,122814000000.0,122809000000.0,-209671356,-12.1545,-126309836,-83361520,209671356,
300207,欣旺达,19.67,-1.7973,1446530000.0,4.26,36340000000.0,33713000000.0,-210025427,-14.5193,-122397187,-87628240,210025427,
688795,摩尔线程-U,412.0,0.4878,2422740000.0,10.62,193652000000.0,23072000000.0,-213863824,-8.8274,-140205728,-73658096,213863824,
603268,松发股份,221.55,6.5144,2366360000.0,4.63,225697000000.0,51676000000.0,-216315472,-9.1413,-113258240,-103057232,216315472,
600667,太极实业,20.3,-0.782,4510590000.0,10.58,42458000000.0,42458000000.0,-223547456,-4.9561,-133051104,-90496352,223547456,
300458,全志科技,31.68,1.3112,1276280000.0,4.95,31478000000.0,25792000000.0,-224507642,-17.5908,-75691393,-148816249,224507642,
300570,太辰光,223.7,-2.4635,4411430000.0,10.29,50808000000.0,42994000000.0,-224720768,-5.0941,-86390432,-138330336,224720768,
002156,通富微电,61.18,-0.3258,4542610000.0,4.89,97509000000.0,92838000000.0,-230733216,-5.0793,-60635728,-170097488,230733216,
600353,旭光电子,33.64,-2.5775,2015120000.0,7.15,27881000000.0,27881000000.0,-231416310,-11.484,-243257158,11840848,231416310,
603629,利通电子,111.5,-1.8486,2273810000.0,5.63,40890000000.0,40221000000.0,-234095466,-10.2953,-111766906,-122328560,234095466,
002913,奥士康,84.5,0.5234,1662000000.0,6.45,26817000000.0,25810000000.0,-234463647,-14.1073,-104753167,-129710480,234463647,
688432,有研硅,54.59,-3.9247,3667180000.0,5.34,68254000000.0,68254000000.0,-236554656,-6.4506,-158489968,-78064688,236554656,
688702,盛科通信-U,327.0,-2.3297,2408120000.0,3.48,134070000000.0,68356000000.0,-240521184,-9.9879,-186471040,-54050144,240521184,
300319,麦捷科技,21.51,-0.2319,2208010000.0,11.91,19092000000.0,18311000000.0,-241644059,-10.944,-116645627,-124998432,241644059,
300750,宁德时代,297.1,-1.6062,14755810000.0,1.16,1374753000000.0,1265827000000.0,-244895264,-1.6597,558051552,-802946816,244895264,
300442,润泽科技,62.55,-1.1692,1218550000.0,1.19,102647000000.0,102346000000.0,-247127427,-20.2805,-67440771,-179686656,247127427,
000938,紫光股份,33.84,-0.324,3568100000.0,3.69,96785000000.0,96785000000.0,-250317968,-7.0154,-179336656,-70981312,250317968,
002371,北方华创,676.61,-1.4421,4026660000.0,0.82,491009000000.0,490600000000.0,-252905344,-6.2808,-228003136,-24902208,252905344,
300285,国瓷材料,67.38,0.3276,6164590000.0,10.57,67181000000.0,57480000000.0,-255462480,-4.144,-245499648,-9962832,255462480,
688167,炬光科技,299.51,-3.8861,2461200000.0,6.25,38978000000.0,38978000000.0,-257256016,-10.4525,-137240016,-120016000,257256016,
688802,沐曦股份-U,564.0,1.6528,3622730000.0,20.07,225656000000.0,18327000000.0,-274916864,-7.5887,-229585440,-45331424,274916864,
002902,铭普光磁,30.2,-3.2051,1451120000.0,25.71,7097000000.0,5631000000.0,-293069783,-20.1961,-240818656,-52251127,293069783,
300903,科翔股份,109.52,-1.5019,2066690000.0,5.35,47684000000.0,38483000000.0,-296492192,-14.3462,-91579312,-204912880,296492192,
600547,山东黄金,32.23,-1.6478,1971770000.0,1.68,148578000000.0,116494000000.0,-297124405,-15.0689,-14193877,-282930528,297124405,
002837,英维克,62.23,-1.6593,2155500000.0,3.04,79582000000.0,70627000000.0,-303934134,-14.1004,-215686374,-88247760,303934134,
000977,浪潮信息,71.85,-0.0417,3334090000.0,3.17,105510000000.0,105398000000.0,-304482304,-9.1324,-153271136,-151211168,304482304,
688629,华丰科技,128.4,-3.6976,1947340000.0,3.23,60124000000.0,59191000000.0,-306105648,-15.7192,-172901792,-133203856,306105648,
603083,剑桥科技,223.32,-2.044,4304450000.0,6.93,82238000000.0,61544000000.0,-314493344,-7.3062,-221982032,-92511312,314493344,
688120,华海清科,257.6,-2.2131,2845060000.0,2.21,127842000000.0,127842000000.0,-344902624,-12.1229,-117414976,-227487648,344902624,
688135,利扬芯片,36.37,-12.7609,1423350000.0,16.13,8478000000.0,8478000000.0,-345800775,-24.2949,-178049623,-167751152,345800775,
300672,国科微,201.0,8.3616,3264620000.0,7.72,43638000000.0,42278000000.0,-384932352,-11.791,-45797680,-339134672,384932352,
300014,亿纬锂能,49.97,-3.0838,2555540000.0,2.4,108600000000.0,105586000000.0,-407950896,-15.9634,-334782288,-73168608,407950896,
002475,立讯精密,54.44,0.6285,3507580000.0,0.88,421381000000.0,398911000000.0,-408499280,-11.6462,-161960464,-246538816,408499280,
601899,紫金矿业,31.3,-0.3502,3550160000.0,0.55,832289000000.0,644836000000.0,-416859152,-11.742,-298127696,-118731456,416859152,
002396,星网锐捷,37.74,-2.982,3391740000.0,11.84,28585000000.0,28585000000.0,-426861392,-12.5853,-332619280,-94242112,426861392,
000333,美的集团,80.9,-4.1469,5036100000.0,0.9,617226000000.0,557041000000.0,-482945216,-9.5897,-49639136,-433306080,482945216,
000636,风华高科,59.25,1.8041,9655620000.0,14.04,67989000000.0,67989000000.0,-526729552,-5.4552,-400579120,-126150432,526729552,
688361,中科飞测,386.99,0.1631,3560930000.0,2.61,136240000000.0,136240000000.0,-584997168,-16.4282,-225455712,-359541456,584997168,
000657,中钨高新,60.49,-2.0563,4593960000.0,5.22,137832000000.0,87879000000.0,-661524896,-14.3999,-303151840,-358373056,661524896,
600584,长电科技,72.22,-1.0685,8327650000.0,6.45,129232000000.0,129232000000.0,-684351360,-8.2178,-377554000,-306797360,684351360,
002384,东山精密,195.02,-0.5761,9810080000.0,3.61,357200000000.0,270360000000.0,-684440560,-6.9769,-501117376,-183323184,684440560,
300394,天孚通信,279.26,-1.897,9672720000.0,3.16,304624000000.0,303943000000.0,-1292143936,-13.3586,-815531152,-476612784,1292143936,
002185,华天科技,18.55,2.8841,10709140000.0,17.42,61711000000.0,61698000000.0,-1299781456,-12.1371,-1141278256,-158503200,1299781456,
