code,name,price,pct,main_net,main_pct,xl_net,l_net,m_net,s_net
300476,胜宏科技,248.0,9.227,1784318832,12.0581,1574317808,210001024,-1784318832,
300308,中际旭创,941.0,1.5727,1174130432,5.9253,971408128,202722304,-1174130432,
300502,新易盛,456.73,2.636,1142789136,7.0463,1023300624,119488512,-1142789136,
002080,中材科技,66.24,9.9967,932266608,10.9138,1203085488,-270818880,-932266608,
688041,海光信息,246.45,2.1004,889266768,15.4872,523743632,365523136,-889266768,
688205,德科立,243.12,10.5845,774185952,21.9648,714785952,59400000,-774185952,
600664,哈药股份,8.25,10.0,764614968,48.6019,796571246,-31956278,-764614968,
688048,长光华芯,362.23,5.9152,738333056,13.5588,294902560,443430496,-738333056,
600869,远东股份,22.94,7.1462,727927008,10.5258,730756528,-2829520,-727927008,
600150,中国船舶,41.02,3.927,717096096,13.446,348173840,368922256,-717096096,
300604,长川科技,282.53,1.001,663913248,11.2943,592056176,71857072,-663913248,
688008,澜起科技,210.1,3.7377,627469808,7.8695,491922816,135546992,-627469808,
000070,特发信息,18.98,7.2316,591303888,18.8786,606831936,-15528048,-591303888,
600522,中天科技,36.95,2.6959,589752096,6.776,577001216,12750880,-589752096,
300489,光智科技,238.81,6.3173,567052320,15.003,321957936,245094384,-567052320,
002792,通宇通讯,34.54,10.0,521219638,22.3238,502029430,19190208,-521219638,
600707,彩虹股份,9.85,6.6017,514726880,18.0745,592247232,-77520352,-514726880,
300433,蓝思科技,34.83,4.0323,513861984,13.8209,365424464,148437520,-513861984,
001389,广合科技,185.93,9.9982,490929664,19.1094,625688880,-134759216,-490929664,
000002,万科Ａ,3.65,9.9398,486386960,16.5894,444523760,41863200,-486386960,
600276,恒瑞医药,46.04,4.8508,472596736,9.1116,327320592,145276144,-472596736,
000066,中国长城,14.84,5.0992,438864195,20.9191,387714211,51149984,-438864195,
002463,沪电股份,126.0,2.0243,422754384,7.5909,203760496,218993888,-422754384,
000988,华工科技,109.51,1.5863,413080016,7.6126,321947072,91132944,-413080016,
000063,中兴通讯,33.15,2.1887,403552048,12.8489,357666352,45885696,-403552048,
000559,万向钱潮,11.72,6.3521,377322294,20.3744,296997990,80324304,-377322294,
688766,普冉股份,428.2,-0.4186,374873168,8.0184,44393856,330479312,-374873168,
002436,兴森科技,44.33,3.3815,350020608,6.3123,165451472,184569136,-350020608,
601318,中国平安,53.98,1.143,349749808,11.0572,114327504,235422304,-349749808,
300209,行云科技,37.08,8.548,334491008,8.8336,360116928,-25625920,-334491008,
002585,双星新材,12.71,10.0433,334266778,21.2841,356590026,-22323248,-334266778,
688347,华虹宏力,231.94,-0.8803,325859968,8.6403,155991200,169868768,-325859968,
300274,阳光电源,88.47,1.3983,323607728,6.5739,152803360,170804368,-323607728,
603259,药明康德,167.96,4.975,296519792,3.4793,132571664,163948128,-296519792,
300059,东方财富,18.69,1.742,288100800,8.4074,163942592,124158208,-288100800,
301080,百普赛斯,116.2,6.1381,288047024,11.7329,62136336,225910688,-288047024,
002916,深南电路,395.02,2.736,282711904,9.1451,138302960,144408944,-282711904,
300548,长芯博创,243.99,2.1734,280272240,8.8671,147760784,132511456,-280272240,
600613,神奇制药,9.25,9.9881,275466118,34.0229,238641014,36825104,-275466118,
300475,香农芯创,183.2,5.0941,266980800,3.7219,146029280,120951520,-266980800,
603663,三祥新材,49.82,10.0022,256881319,22.2022,239456775,17424544,-256881319,
688503,聚和材料,84.2,6.3803,252933353,15.6011,133735609,119197744,-252933353,
003006,百亚股份,21.21,-0.1882,250967742,23.686,-12255481,263223223,-250967742,
688025,杰普特,447.0,1.0033,240908804,17.2781,175877156,65031648,-240908804,
600721,百花医药,13.15,10.0418,237595613,16.7862,306647676,-69052063,-237595613,
002349,精华制药,8.71,9.9747,235226457,32.4594,222056026,13170431,-235226457,
601208,东材科技,52.75,2.8265,227210656,5.9288,196895712,30314944,-227210656,
603256,宏和科技,148.92,0.0874,210441968,4.8179,212592464,-2150496,-210441968,
000560,我爱我家,3.19,10.0,208139304,15.9567,236934712,-28795408,-208139304,
603228,景旺电子,110.16,5.4667,208002736,5.1472,216432736,-8430000,-208002736,
301486,致尚科技,219.28,2.4146,206738142,12.0602,76451326,130286816,-206738142,
600641,先导基电,39.76,6.5952,205725088,6.16,188572304,17152784,-205725088,
300413,芒果超媒,19.02,5.1991,205155726,8.9977,56004686,149151040,-205155726,
002589,瑞康医药,3.6,10.0917,201601543,29.4326,165682027,35919516,-201601543,
002536,飞龙股份,53.82,0.3356,198057488,6.5592,90407504,107649984,-198057488,
600938,中国海油,33.54,3.839,197283219,11.4053,330967034,-133683815,-197283219,
600900,长江电力,28.1,-0.6013,193156543,10.3095,161779343,31377200,-193156543,
688200,华峰测控,398.38,-2.3411,192407168,8.2119,66172224,126234944,-192407168,
000566,海南海药,5.07,9.9783,182239746,28.6414,188022287,-5782541,-182239746,
301666,大普微-UW,413.5,3.2975,178722554,10.7782,124118842,54603712,-178722554,
603042,华脉科技,19.03,10.0,177631813,25.3152,174964638,2667175,-177631813,
300657,弘信电子,38.49,3.7466,177577494,12.2061,102035334,75542160,-177577494,
000001,平安银行,11.73,0.2564,176339043,18.4807,93521452,82817591,-176339043,
603061,金海通,357.3,2.4399,175770279,10.8192,72371895,103398384,-175770279,
600111,北方稀土,37.88,2.7672,173448262,9.2086,98991510,74456752,-173448262,
688146,中船特气,238.03,-0.4891,172416448,5.1473,40500160,131916288,-172416448,
300110,华仁药业,3.29,20.073,172274976,28.6366,0,172274976,-172274976,
688141,杰华特,114.73,1.3785,168721264,9.0579,120044464,48676800,-168721264,
688082,盛美上海,293.5,0.2493,166099720,12.9186,6646232,159453488,-166099720,
301373,凌玮科技,123.58,4.3398,165838439,11.9838,19085863,146752576,-165838439,
601360,三六零,9.03,2.9647,164237152,15.7551,170811192,-6574040,-164237152,
002353,杰瑞股份,124.7,-0.9531,163586224,8.1412,202646368,-39060144,-163586224,
000829,天音控股,9.77,10.0225,160717409,30.6672,143069065,17648344,-160717409,
688035,德邦科技,85.4,8.8037,155702032,17.6539,52481549,103220483,-155702032,
002138,顺络电子,53.37,1.6184,154006361,8.4947,115905129,38101232,-154006361,
300642,透景生命,20.35,19.9882,153100555,22.1436,180653331,-27552776,-153100555,
002246,北化股份,26.27,10.0084,151968565,16.008,197855280,-45886715,-151968565,
600028,中国石化,5.3,2.7132,151966172,12.4128,145046848,6919324,-151966172,
300468,四方精创,22.96,4.4111,148567562,11.8086,30652600,117914962,-148567562,
002271,东方雨虹,10.73,3.7718,148249786,20.0319,76324003,71925783,-148249786,
603580,艾艾精工,71.53,9.9954,147784744,28.1994,96217168,51567576,-147784744,
688257,新锐股份,59.57,2.354,147597054,12.4803,60191902,87405152,-147597054,
301047,义翘神州,117.34,3.7764,147460802,11.0425,45893042,101567760,-147460802,
600919,江苏银行,12.13,-0.3287,147394717,14.3395,87350215,60044502,-147394717,
301511,德福科技,110.61,0.0995,146610048,4.8919,70076416,76533632,-146610048,
002172,澳洋健康,5.81,10.0379,146241947,21.8964,124144874,22097073,-146241947,
301489,思泉新材,131.4,2.3444,145383609,14.1546,69831027,75552582,-145383609,
601319,中国人保,8.04,2.8133,144711682,17.1208,208980126,-64268444,-144711682,
688183,生益电子,120.86,-0.2805,142940928,6.6868,57788352,85152576,-142940928,
605376,博迁新材,137.48,-1.1788,142369135,6.7952,19192783,123176352,-142369135,
002050,三花智控,36.18,2.4639,142230658,6.0464,87482722,54747936,-142230658,
600246,万通发展,14.12,3.0657,139147653,9.288,51274981,87872672,-139147653,
301236,软通动力,38.23,3.3523,137975718,17.2386,74153819,63821899,-137975718,
000756,新华制药,14.67,9.97,137738683,44.5353,154878183,-17139500,-137738683,
601601,中国太保,32.0,-0.2494,136345003,9.0813,43269147,93075856,-136345003,
000831,中国稀土,55.3,3.5774,133280541,8.216,150371773,-17091232,-133280541,
600812,华北制药,5.08,9.9567,132534873,29.9907,102051009,30483864,-132534873,
603068,博通集成,43.79,9.9975,131923209,14.6396,136442171,-4518962,-131923209,
603319,美湖股份,32.18,10.0171,127656183,13.1799,138403133,-10746950,-127656183,
688143,长盈通,205.07,4.8844,121392784,4.7091,113511008,7881776,-121392784,
300567,精测电子,214.6,-2.0762,120340412,10.1857,43560703,76779709,-120340412,
300857,协创数据,273.1,1.9448,118887696,3.2073,126952224,-8064528,-118887696,
600026,中远海能,22.92,3.8514,118803504,5.4218,95054800,23748704,-118803504,
603306,华懋科技,84.77,1.4966,117121752,11.2506,58298188,58823564,-117121752,
603893,瑞芯微,198.0,4.1886,116664523,4.969,125061371,-8396848,-116664523,
300136,信维通信,59.68,0.2857,115929280,4.0234,-23618944,139548224,-115929280,
002466,天齐锂业,43.26,1.1693,115416762,8.7931,92010506,23406256,-115416762,
300759,康龙化成,45.13,4.2263,113976992,3.4953,785120,113191872,-113976992,
688137,近岸蛋白,118.84,20.004,113005898,10.3717,119999226,-6993328,-113005898,
603601,再升科技,10.66,4.4074,112790520,6.5397,40215592,72574928,-112790520,
600188,兖矿能源,20.44,3.8618,112164601,12.1841,16682442,95482159,-112164601,
688668,鼎通科技,266.15,-1.2797,111488491,10.9189,30420159,81068332,-111488491,
001317,三羊马,59.96,9.9982,110082090,16.5236,99645139,10436951,-110082090,
300782,卓胜微,76.34,3.5259,109383671,9.3091,53425415,55958256,-109383671,
600196,复星医药,23.05,4.63,107652812,13.5419,97314520,10338292,-107652812,
600887,伊利股份,26.65,0.188,105409211,10.3648,23827192,81582019,-105409211,
300760,迈瑞医疗,158.05,0.7522,105408221,10.1986,35223618,70184603,-105408221,
300378,鼎捷数智,38.52,4.4752,104976894,11.9816,43382660,61594234,-104976894,
688331,荣昌生物,125.0,8.8471,104161483,7.8947,84604363,19557120,-104161483,
300426,华智数媒,8.35,13.9154,103343854,18.3211,114000872,-10657018,-103343854,
603395,红四方,28.14,10.0078,103188676,23.0754,103549947,-361271,-103188676,
300454,深信服,143.25,0.1328,103078933,7.1099,67067093,36011840,-103078933,
600487,亨通光电,71.75,3.2523,102964864,0.7831,61758992,41205872,-102964864,
002957,科瑞技术,42.88,1.0368,102060148,10.0062,16803890,85256258,-102060148,
603129,春风动力,305.62,5.2447,101070211,12.3736,43490801,57579410,-101070211,
688001,华兴源创,75.17,-0.2654,100668398,11.5741,15148147,85520251,-100668398,
600699,均胜电子,20.95,4.0218,100623611,7.1327,12781675,87841936,-100623611,
002178,延华智能,5.08,9.9567,100430658,42.2617,112203197,-11772539,-100430658,
300369,绿盟科技,9.47,13.6855,100276314,9.2438,111185192,-10908878,-100276314,
688172,燕东微,47.6,1.4709,100137808,15.494,49386255,50751553,-100137808,
600593,大连圣亚,48.57,10.0113,98584905,13.4034,85529195,13055710,-98584905,
301086,鸿富瀚,176.0,6.1584,98484492,9.7638,22236796,76247696,-98484492,
688485,九州一轨,114.59,1.4071,97862275,12.857,37501045,60361230,-97862275,
603067,振华股份,36.95,5.1508,97002479,6.9361,153653999,-56651520,-97002479,
002174,游族网络,14.57,3.041,96858697,13.2563,21693592,75165105,-96858697,
603269,海鸥股份,26.78,1.7091,96827746,14.3557,24002870,72824876,-96827746,
603757,大元泵业,70.08,2.7566,96699036,15.7739,67356299,29342737,-96699036,
301093,华兰股份,72.85,13.4205,94939163,13.1606,57570302,37368861,-94939163,
600714,金瑞矿业,19.25,10.0,94672516,21.2446,66644055,28028461,-94672516,
600785,新华百货,11.35,9.9806,94249333,30.3903,75087640,19161693,-94249333,
002594,比亚迪,85.22,1.0913,94134048,4.4683,30500496,63633552,-94134048,
300033,同花顺,210.66,1.6699,93792528,4.6485,58668464,35124064,-93792528,
688535,华海诚科,110.3,-1.7809,93503874,9.0931,19127866,74376008,-93503874,
000532,华金资本,14.26,10.0309,92992194,12.5102,118804392,-25812198,-92992194,
300862,蓝盾光电,56.04,1.9465,92809932,6.1977,47166332,45643600,-92809932,
300725,药石科技,50.32,6.565,91484145,6.5768,28249073,63235072,-91484145,
002074,国轩高科,26.67,2.0275,90747995,13.2427,76408349,14339646,-90747995,
601099,太平洋,3.57,2.8818,90599074,13.6416,82525244,8073830,-90599074,
300606,金太阳,38.57,11.7647,89507364,14.8511,47001897,42505467,-89507364,
601857,中国石油,10.67,1.0417,89196282,6.3358,37521114,51675168,-89196282,
002821,凯莱英,190.99,3.1263,88811133,4.5063,20802989,68008144,-88811133,
688359,三孚新科,113.21,4.9504,88244156,16.1922,41641745,46602411,-88244156,
603920,世运电路,46.44,6.5138,87153894,4.3086,128839526,-41685632,-87153894,
002487,大金重工,39.7,0.2525,86863490,3.485,50142434,36721056,-86863490,
603636,南威软件,7.28,9.9698,86436112,21.6155,58135687,28300425,-86436112,
601288,农业银行,6.91,1.4684,85408688,4.1012,142877216,-57468528,-85408688,
300124,汇川技术,52.84,0.7436,85381484,5.9342,15505564,69875920,-85381484,
300145,南方泵业,5.19,6.5708,84954139,12.5484,70852364,14101775,-84954139,
301408,华人健康,16.07,8.9492,84607815,12.8568,48171917,36435898,-84607815,
300142,沃森生物,13.69,2.855,84462301,6.3566,71677053,12785248,-84462301,
688531,日联科技,148.0,0.7008,84046385,12.2212,40772426,43273959,-84046385,
600095,湘财股份,9.07,4.6136,82628573,11.0176,52252548,30376025,-82628573,
600330,天通股份,29.41,0.1362,82375312,3.2594,-19783296,102158608,-82375312,
002706,良信股份,8.92,5.0648,82302840,19.8291,57361345,24941495,-82302840,
002755,奥赛康,12.45,9.9823,82301796,19.0461,65694449,16607347,-82301796,
688028,沃尔德,124.3,-2.2184,82168976,6.206,4305376,77863600,-82168976,
002354,天娱数科,7.92,4.2105,81614117,4.1376,50175701,31438416,-81614117,
600010,包钢股份,2.15,1.4151,81101717,12.1743,83167367,-2065650,-81101717,
603958,哈森股份,18.37,10.0,80777740,21.1726,71414370,9363370,-80777740,
300260,新莱应材,64.52,0.389,80564438,5.2297,5809670,74754768,-80564438,
000983,山西焦煤,6.6,2.4845,80356998,17.8076,64739436,15617562,-80356998,
600685,中船防务,30.31,5.3162,79585622,10.1973,26477057,53108565,-79585622,
300835,龙磁科技,192.66,3.0267,79468792,9.5556,112805470,-33336678,-79468792,
002738,中矿资源,45.05,2.2934,79289302,9.1214,31417338,47871964,-79289302,
300151,昌红科技,21.46,3.6715,78842238,12.9076,37258743,41583495,-78842238,
600127,金健米业,15.75,9.986,78813280,2.8592,171236096,-92422816,-78813280,
001267,汇绿生态,39.2,3.0765,78807857,4.9617,62817729,15990128,-78807857,
300558,贝达药业,49.41,4.6379,78708918,9.1162,16333354,62375564,-78708918,
002669,康达新材,14.47,5.1599,78530883,10.8459,7460796,71070087,-78530883,
002104,恒宝股份,11.8,6.0198,78394866,7.2116,16961554,61433312,-78394866,
600893,航发动力,40.53,3.4192,78288586,5.5389,78867562,-578976,-78288586,
002947,恒铭达,68.62,2.9866,77632655,13.3541,40716446,36916209,-77632655,
600301,华锡有色,49.97,9.9934,77457501,27.0745,87758979,-10301478,-77457501,
002169,智光电气,14.9,9.1575,76824561,7.9939,95783482,-18958921,-76824561,
603688,石英股份,50.75,2.1949,76800278,7.5846,33276791,43523487,-76800278,
600587,新华医疗,13.4,10.0164,75980178,23.2875,58648528,17331650,-75980178,
688293,奥浦迈,75.45,6.7185,75425962,12.3686,33901006,41524956,-75425962,
002081,金螳螂,5.16,4.878,75217598,5.5313,43812316,31405282,-75217598,
300364,中文在线,24.96,2.2951,74905356,4.6518,-9390708,84296064,-74905356,
601058,赛轮轮胎,13.79,-0.4332,74705666,10.6666,-2420866,77126532,-74705666,
603936,博敏电子,21.61,1.2652,74471804,7.4035,21107482,53364322,-74471804,
688313,仕佳光子,171.5,0.6574,74421360,2.237,28464048,45957312,-74421360,
603093,南华期货,13.99,9.9843,73875576,20.5062,66349612,7525964,-73875576,
002900,哈三联,13.04,10.0422,73720496,23.4846,61054241,12666255,-73720496,
601086,国芳集团,17.67,10.0249,73523891,6.7183,56709155,16814736,-73523891,
688525,佰维存储,217.58,0.3228,73020704,1.9693,46979696,26041008,-73020704,
300741,华宝股份,26.0,3.3797,72972991,7.6894,-164649,73137640,-72972991,
301230,泓博医药,38.82,10.2528,71821961,4.7019,-33024759,104846720,-71821961,
300456,赛微电子,37.65,2.9251,71350772,4.5509,14525668,56825104,-71350772,
301132,满坤科技,63.26,4.9262,71095463,6.6561,10834217,60261246,-71095463,
002303,美盈森,6.27,10.0,70633131,33.0447,96262258,-25629127,-70633131,
688256,寒武纪,1112.77,-0.0332,69923760,0.8302,-60085840,130009600,-69923760,
002094,青岛金王,5.49,7.2266,69835255,17.9673,44105431,25729824,-69835255,
600737,中粮糖业,15.2,2.8417,69502387,5.2406,24033427,45468960,-69502387,
002741,光华科技,26.39,3.9795,68824355,6.819,36339455,32484900,-68824355,
002042,华孚时尚,4.22,9.8958,68719772,20.4256,94749706,-26029934,-68719772,
002328,新朋股份,8.5,3.7851,67729142,10.864,18055548,49673594,-67729142,
002907,华森制药,15.25,10.0289,67423391,18.4818,54239899,13183492,-67423391,
300708,聚灿光电,9.28,6.0571,67188126,14.1648,43672965,23515161,-67188126,
000402,金融街,2.77,9.9206,67104672,15.079,82976317,-15871645,-67104672,
002388,新亚制程,7.95,9.9585,66918283,16.3763,59375849,7542434,-66918283,
600479,千金药业,12.34,6.1962,66626435,7.8554,36972868,29653567,-66626435,
688112,鼎阳科技,91.79,20.0026,66324079,7.0347,87011571,-20687492,-66324079,
300163,先锋新材,8.09,10.218,65791511,14.2885,40864457,24927054,-65791511,
603119,浙江荣泰,56.56,2.7243,65787127,8.056,35294298,30492829,-65787127,
603618,杭电股份,40.68,1.9293,65691088,2.0335,69218704,-3527616,-65691088,
002321,华英农业,2.3,10.0478,64650557,24.795,73980243,-9329686,-64650557,
300661,圣邦股份,122.61,-2.0139,64526249,3.8481,-35193703,99719952,-64526249,
600392,盛和资源,22.2,3.0641,64492616,6.1476,32286297,32206319,-64492616,
000962,东方钽业,62.91,4.85,64015795,4.0153,78088723,-14072928,-64015795,
000703,恒逸石化,16.95,0.0,63952474,5.2743,3200488,60751986,-63952474,
002027,分众传媒,4.76,2.1459,63674830,11.3446,106639879,-42965049,-63674830,
688179,阿拉丁,22.6,10.5675,63468793,12.1739,48067019,15401774,-63468793,
002709,天赐材料,33.53,0.5096,63405190,5.5243,35956188,27449002,-63405190,
002453,华软科技,5.87,9.9251,63046137,24.9234,71216330,-8170193,-63046137,
600410,华胜天成,17.19,4.0557,62904967,1.8468,70872903,-7967936,-62904967,
688578,艾力斯,102.09,1.6731,62846967,8.334,13034288,49812679,-62846967,
688661,和林微纳,107.0,-2.5235,62661669,13.3644,29987247,32674422,-62661669,
002285,世联行,3.18,10.0346,62239155,7.2435,68306999,-6067844,-62239155,
600435,北方导航,11.93,4.5574,62002552,14.6568,12557577,49444975,-62002552,
603588,高能环境,16.46,1.9827,61963089,7.7251,8022832,53940257,-61963089,
000536,华映科技,3.7,5.4131,61943501,9.6181,24600755,37342746,-61943501,
002017,东信和平,15.01,5.5556,61652481,11.9965,12689531,48962950,-61652481,
002084,海鸥住工,6.12,10.0719,61481501,18.5778,29130008,32351493,-61481501,
688312,燕麦科技,55.47,7.5,61103202,7.9277,22864501,38238701,-61103202,
300773,拉卡拉,15.3,2.4782,61041829,8.4592,14883513,46158316,-61041829,
688519,南亚新材,322.96,2.1024,60909062,3.0628,48731126,12177936,-60909062,
603341,龙旗科技,37.03,4.3981,60665616,16.941,23963992,36701624,-60665616,
301176,逸豪新材,58.14,2.0,60558759,9.1742,16113759,44445000,-60558759,
601689,拓普集团,45.76,1.6889,60013580,4.8807,32473884,27539696,-60013580,
300666,江丰电子,257.06,-1.2978,59651408,2.4702,-32719760,92371168,-59651408,
600770,综艺股份,6.03,5.0523,59309140,12.627,43646777,15662363,-59309140,
688266,泽璟制药-U,119.37,6.771,59044799,8.6212,41919698,17125101,-59044799,
688185,康希诺,72.46,6.4805,59043405,7.3755,1365539,57677866,-59043405,
300331,苏大维格,49.41,1.7504,59016444,13.5851,23776121,35240323,-59016444,
688336,三生国健,42.15,4.1255,58738669,13.7539,6897817,51840852,-58738669,
600360,华微电子,11.61,6.0274,58672954,4.7241,79038997,-20366043,-58672954,
300726,宏达电子,60.53,3.5232,58034869,5.1448,4833672,53201197,-58034869,
688180,君实生物-U,34.97,4.9205,57838341,9.1203,35847122,21991219,-57838341,
002180,奔图科技,17.45,8.4525,57789533,10.3181,56958645,830888,-57789533,
600886,国投电力,14.25,-0.3497,57369293,16.3162,10395455,46973838,-57369293,
002064,华峰化学,10.09,1.7137,57272484,12.4673,11720782,45551702,-57272484,
002724,海洋王,7.84,9.9579,57086956,19.3824,49220501,7866455,-57086956,
002515,金字火腿,7.95,4.7431,56877206,9.3433,38434195,18443011,-56877206,
002787,华源控股,26.47,1.6513,56808569,11.4617,18444854,38363715,-56808569,
001203,大中矿业,24.74,5.3214,56567126,11.3193,27192695,29374431,-56567126,
603020,爱普股份,12.57,9.9738,56381073,21.2326,52273340,4107733,-56381073,
002580,圣阳股份,19.76,1.2295,55806456,6.8858,26514804,29291652,-55806456,
605006,山东玻纤,17.1,1.2433,55494260,6.176,47174950,8319310,-55494260,
300149,睿智医药,9.94,7.4595,55354761,11.6123,27489351,27865410,-55354761,
002259,升达林业,4.52,9.9757,54858891,25.2097,34901929,19956962,-54858891,
603203,快克智能,47.9,2.2412,54833207,9.5804,2935883,51897324,-54833207,
002317,众生药业,25.46,5.1197,54387763,7.5996,50902248,3485515,-54387763,
300593,新雷能,33.09,1.5031,54378594,7.5016,14796337,39582257,-54378594,
600172,黄河旋风,16.42,2.625,54059920,1.9372,29653040,24406880,-54059920,
603407,长裕集团,61.54,5.0529,53931090,11.2321,50254326,3676764,-53931090,
688073,毕得医药,71.76,5.2817,53616137,11.7253,19784785,33831352,-53616137,
600218,全柴动力,8.27,9.9734,53404371,17.2144,45312956,8091415,-53404371,
600693,东百集团,9.97,5.058,53123686,7.2605,35358659,17765027,-53123686,
002860,星帅尔,18.39,9.988,52857054,11.7078,23239183,29617871,-52857054,
000768,中航西飞,22.91,2.5056,52785584,10.5405,23817835,28967749,-52785584,
688090,瑞松科技,88.0,1.6049,52749786,4.2913,-28303094,81052880,-52749786,
301500,飞南资源,28.41,5.8495,52442023,11.0988,13385842,39056181,-52442023,
002886,沃特股份,26.95,2.0833,52365453,5.6135,14672928,37692525,-52365453,
001376,百通能源,13.93,10.0316,52237313,23.009,59657355,-7420042,-52237313,
002909,集泰股份,6.87,5.8552,52054125,11.4573,74687221,-22633096,-52054125,
300170,汉得信息,15.67,2.4183,51956479,6.545,16238149,35718330,-51956479,
002975,博杰股份,107.53,2.5463,51624391,4.5514,33522599,18101792,-51624391,
600343,航天动力,21.04,-2.9072,51427806,5.0485,-21359417,72787223,-51427806,
000933,神火股份,26.24,-2.1261,51374950,5.5603,3484427,47890523,-51374950,
002429,兆驰股份,8.28,1.5951,51022817,12.2348,40729871,10292946,-51022817,
002141,贤丰控股,6.75,3.8462,50994428,4.9653,-1614681,52609109,-50994428,
600059,古越龙山,11.48,7.2897,50934227,4.4387,24943483,25990744,-50934227,
002023,海特高新,10.02,5.5848,50722929,22.2332,16405603,34317326,-50722929,
600795,国电电力,5.25,-0.1901,50472605,8.4914,-885595,51358200,-50472605,
600143,金发科技,13.41,1.8223,50287943,14.3177,44011600,6276343,-50287943,
300829,金丹科技,25.72,20.0187,50247074,6.442,63960749,-13713675,-50247074,
002869,金溢科技,17.04,10.0065,50233304,38.9194,39312494,10920810,-50233304,
601975,招商南油,4.85,4.5259,49973879,4.8047,27058685,22915194,-49973879,
301550,斯菱智驱,98.53,3.836,49899002,4.7233,17452656,32446346,-49899002,
300691,联合光电,17.76,20.0,49808687,9.8641,35412170,14396517,-49808687,
603507,振江股份,26.48,9.4215,49174612,8.7439,23296404,25878208,-49174612,
600503,华丽家族,2.43,9.9548,49063617,23.8138,47205629,1857988,-49063617,
002367,康力电梯,6.28,9.9825,49052414,28.2267,43170544,5881870,-49052414,
300049,福瑞医科,49.29,2.9234,48959866,12.3946,20676009,28283857,-48959866,
002482,广田集团,1.41,5.2239,48898728,21.5927,63030717,-14131989,-48898728,
601816,京沪高铁,4.77,0.4211,48893806,10.4743,24453050,24440756,-48893806,
000425,徐工机械,7.39,-0.8054,48347422,5.3862,-12039002,60386424,-48347422,
002011,盾安环境,14.76,3.9437,48145000,7.386,23103940,25041060,-48145000,
601100,恒立液压,93.48,1.3883,48077711,5.0705,32884447,15193264,-48077711,
300693,盛弘股份,38.47,-0.5943,47853414,11.9939,29475458,18377956,-47853414,
002518,科士达,39.49,0.4579,47447154,5.2908,21581566,25865588,-47447154,
002432,九安医疗,63.78,2.6722,47164627,4.5151,68065218,-20900591,-47164627,
002123,梦网科技,8.02,5.1114,47115420,15.0169,21391206,25724214,-47115420,
002212,天融信,7.28,2.9703,46567058,4.4477,19466484,27100574,-46567058,
688103,国力电子,84.36,6.6768,46555708,16.2198,41883958,4671750,-46555708,
002142,宁波银行,34.89,0.6926,46146889,5.5254,21588984,24557905,-46146889,
601609,金田股份,13.26,-0.1506,46041017,8.4423,47652812,-1611795,-46041017,
002645,华宏科技,18.66,2.1346,45959290,10.2569,26457074,19502216,-45959290,
601868,中国能建,2.45,0.823,45715458,9.8582,46952226,-1236768,-45715458,
301366,一博科技,72.0,-3.2518,45616093,3.2114,-405347,46021440,-45616093,
603881,数据港,24.64,1.9024,45393554,7.2129,30576602,14816952,-45393554,
600763,通策医疗,34.06,4.0954,45295388,12.0778,9729544,35565844,-45295388,
688059,华锐精密,90.78,2.9252,44253115,10.3781,15796650,28456465,-44253115,
000960,锡业股份,33.69,0.2679,44169021,5.2151,13672496,30496525,-44169021,
000818,航锦科技,12.37,5.4561,44117811,14.0315,14639684,29478127,-44117811,
002092,中泰化学,4.59,3.8462,43313388,20.3981,30716403,12596985,-43313388,
688168,安博通,46.71,4.7309,43144014,9.7141,16852674,26291340,-43144014,
600926,杭州银行,17.18,0.2334,43088539,6.1685,21618808,21469731,-43088539,
603087,甘李药业,71.4,3.6134,42927462,6.1003,33780984,9146478,-42927462,
300487,蓝晓科技,70.8,2.9369,42793366,9.0,16318739,26474627,-42793366,
688603,天承科技,122.3,-1.6644,42717795,6.0909,-8388915,51106710,-42717795,
300811,铂科新材,85.42,0.862,42697787,4.6234,19891317,22806470,-42697787,
300204,舒泰神,20.89,5.2393,42487982,8.369,5482249,37005733,-42487982,
300679,电连技术,46.11,1.5863,42407815,5.3799,9924139,32483676,-42407815,
000995,皇台酒业,11.92,9.9631,42164819,32.3797,39274626,2890193,-42164819,
601985,中国核电,8.91,-0.3356,41485576,8.1518,9296713,32188863,-41485576,
603950,长源东谷,60.16,-0.7425,41294946,10.3243,5201112,36093834,-41294946,
603978,深圳新星,24.68,8.1507,41235550,7.3681,14774923,26460627,-41235550,
600325,华发股份,2.73,10.0806,41166496,9.8426,27773380,13393116,-41166496,
002022,科华生物,6.17,9.9822,41149344,28.8019,45952665,-4803321,-41149344,
688315,诺禾致源,18.18,20.0,41078433,12.8054,54380777,-13302344,-41078433,
002891,中宠股份,29.65,7.5444,41004891,10.7834,7103682,33901209,-41004891,
300488,恒锋工具,38.3,3.7378,40761862,11.8881,18980131,21781731,-40761862,
000538,云南白药,51.09,0.0784,40568362,10.8751,-7467314,48035676,-40568362,
300323,华灿光电,12.03,5.0655,40309343,4.4453,28556194,11753149,-40309343,
300404,博济医药,14.37,7.2388,40153191,4.279,30400113,9753078,-40153191,
600760,中航沈飞,45.0,2.5057,40153173,5.7428,9620893,30532280,-40153173,
603738,泰晶科技,38.57,1.7947,40150935,4.2457,6024830,34126105,-40150935,
003026,中晶科技,37.89,1.8548,40129980,2.3242,634252,39495728,-40129980,
600958,东方证券,8.94,1.2458,40125307,12.5509,31162252,8963055,-40125307,
002785,万里石,42.2,7.1338,40110113,7.4387,9352671,30757442,-40110113,
603289,泰瑞机器,10.51,10.0524,40040600,21.9545,37737914,2302686,-40040600,
002422,科伦药业,42.48,6.8142,40038537,2.5737,68562473,-28523936,-40038537,
300939,秋田微,98.55,3.237,39895440,5.7407,14946929,24948511,-39895440,
002129,TCL中环,9.02,2.8506,39828797,6.3613,72061962,-32233165,-39828797,
300766,每日互动,22.34,2.0091,39824315,10.6859,30321404,9502911,-39824315,
301171,易点天下,34.77,0.7826,39660706,2.3405,38080530,1580176,-39660706,
688026,洁特生物,25.22,19.981,39583177,9.9443,38156603,1426574,-39583177,
000035,中国天楹,5.05,5.87,39495738,16.7149,11233880,28261858,-39495738,
002290,禾盛新材,70.77,5.2812,39459834,4.7165,26771072,12688762,-39459834,
601668,中国建筑,4.31,0.7009,39170170,3.9678,23629402,15540768,-39170170,
300474,景嘉微,52.23,2.0715,39071616,7.3809,38599637,471979,-39071616,
603773,沃格光电,95.96,1.9766,39045936,1.3094,-37397968,76443904,-39045936,
301498,乖宝宠物,41.27,11.0005,39029659,8.7607,-969842,39999501,-39029659,
688790,昂瑞微-UW,105.63,2.6032,38967095,8.496,15724875,23242220,-38967095,
600488,津药药业,6.29,3.1148,38811608,5.005,16832332,21979276,-38811608,
300201,海伦哲,13.58,2.8009,38761256,8.5268,8498861,30262395,-38761256,
600992,贵绳股份,10.57,9.9896,38482529,24.0726,24526401,13956128,-38482529,
000776,广发证券,20.98,0.9139,38384781,4.1863,-6354292,44739073,-38384781,
301566,达利凯普,28.02,4.5913,38107820,3.1742,10323532,27784288,-38107820,
003031,中瓷电子,136.95,1.0701,38013935,2.2763,40156095,-2142160,-38013935,
000712,锦龙股份,10.35,3.5,37924473,4.7334,31446571,6477902,-37924473,
000711,京蓝科技,5.07,3.681,37873108,6.2265,40954897,-3081789,-37873108,
601567,三星电气,14.58,2.1724,37802633,10.6664,9191729,28610904,-37802633,
601012,隆基绿能,11.36,1.1576,37688861,5.276,35037233,2651628,-37688861,
300401,花园生物,16.81,2.1884,37641321,9.5612,18840497,18800824,-37641321,
600894,广日股份,7.92,10.0,37331636,25.9211,30407971,6923665,-37331636,
002128,电投能源,27.5,-0.5785,37192750,7.104,10268010,26924740,-37192750,
002412,汉森制药,9.62,6.4159,36872075,4.5972,14386671,22485404,-36872075,
000620,盈新发展,3.27,2.1875,36582381,3.3872,26445141,10137240,-36582381,
301188,力诺药包,35.9,4.7869,36316214,4.8494,-1189945,37506159,-36316214,
603186,华正新材,231.7,2.1695,36233648,1.0059,43509408,-7275760,-36233648,
601229,上海银行,9.54,-0.2092,36081558,10.6836,9865700,26215858,-36081558,
300339,润和软件,35.14,1.0641,36073839,6.9965,20184777,15889062,-36073839,
601933,永辉超市,3.08,0.9836,35994159,9.3894,47189450,-11195291,-35994159,
600674,川投能源,15.91,0.9518,35869512,8.4774,5921251,29948261,-35869512,
002165,红宝丽,7.34,3.966,35592852,7.4939,11006409,24586443,-35592852,
600961,株冶集团,25.01,-1.9216,35353086,5.3399,-10452280,45805366,-35353086,
000815,美利云,15.85,1.9293,35213384,4.62,28339292,6874092,-35213384,
600585,海螺水泥,17.25,1.3514,35095152,10.2148,7193200,27901952,-35095152,
600452,涪陵电力,9.18,0.7684,34930712,10.2692,22511895,12418817,-34930712,
301189,奥尼电子,71.6,5.5269,34853803,6.4274,3154097,31699706,-34853803,
002437,誉衡药业,3.74,7.781,34703023,1.8583,66031215,-31328192,-34703023,
002622,皓宸医疗,2.72,10.1215,34632929,28.9452,33555581,1077348,-34632929,
688796,百奥赛图,138.0,2.778,34580006,6.5504,27244240,7335766,-34580006,
600183,生益科技,146.27,1.6258,34544288,0.3511,119504096,-84959808,-34544288,
600644,乐山电力,9.97,1.9427,34475722,8.1407,13873758,20601964,-34475722,
003041,真爱美家,43.24,2.9034,34349460,12.6058,9474676,24874784,-34349460,
000607,华媒控股,4.53,9.9515,34263175,32.7501,43151941,-8888766,-34263175,
600521,华海药业,16.66,3.2218,34243934,5.9175,4487961,29755973,-34243934,
002885,京泉华,29.12,2.1754,34038829,6.8984,18538683,15500146,-34038829,
600063,皖维高新,5.66,2.7223,33596988,10.9021,26051842,7545146,-33596988,
300008,天海防务,6.61,2.4806,33583911,7.4726,26390410,7193501,-33583911,
001201,东瑞股份,16.08,9.9863,33528746,12.861,27004850,6523896,-33528746,
000568,泸州老窖,72.2,0.3893,33437056,5.1352,26229286,7207770,-33437056,
688478,晶升股份,48.99,1.8291,33423426,10.0079,18892368,14531058,-33423426,
600438,通威股份,11.59,2.1145,33405663,10.6714,8727853,24677810,-33405663,
002192,融捷股份,62.28,2.4511,33327460,3.6743,21922965,11404495,-33327460,
601838,成都银行,19.12,-0.1045,33078087,6.5381,-6962821,40040908,-33078087,
688068,热景生物,96.09,8.8715,33072494,7.9463,16137269,16935225,-33072494,
300999,金龙鱼,25.15,0.6,33065660,11.0314,-1581228,34646888,-33065660,
688181,八亿时空,47.09,3.6084,32980525,6.4867,-3840117,36820642,-32980525,
000020,深华发Ａ,14.26,10.0309,32976689,17.8978,26242151,6734538,-32976689,
300315,掌趣科技,4.08,1.7456,32961524,13.082,18912175,14049349,-32961524,
601187,厦门银行,6.88,0.0,32722581,18.6634,16160745,16561836,-32722581,
002145,钛能化学,4.85,5.4348,32638851,5.4294,44951686,-12312835,-32638851,
600155,华创云信,6.23,4.1806,32595917,9.7371,33821119,-1225202,-32595917,
300368,汇金股份,9.63,4.2208,32529065,6.0444,10168752,22360313,-32529065,
600267,海正药业,11.87,4.3058,32450269,7.538,36560980,-4110711,-32450269,
002759,ST天际,15.28,5.8172,32169843,8.9453,14833571,17336272,-32169843,
001211,双枪科技,26.25,1.4297,31987353,10.3348,22791428,9195925,-31987353,
600281,华阳新材,4.98,9.9338,31839906,43.8566,33188996,-1349090,-31839906,
605196,华通线缆,34.62,10.0095,31787800,5.2221,36555452,-4767652,-31787800,
300473,德尔股份,34.8,14.2857,31626160,4.5142,-15781408,47407568,-31626160,
300133,华策影视,7.41,3.3473,31550599,5.5509,6497882,25052717,-31550599,
000564,供销大集,1.55,1.9737,31525325,7.4263,18034629,13490696,-31525325,
002963,豪尔赛,22.62,10.0195,31459198,14.8842,46760207,-15301009,-31459198,
688456,有研粉材,77.29,1.2312,31240227,6.0237,-5089023,36329250,-31240227,
601369,陕鼓动力,9.04,0.2217,31218748,9.3956,37871657,-6652909,-31218748,
600025,华能水电,9.66,-0.2066,30817547,11.1638,-6454993,37272540,-30817547,
000065,北方国际,10.17,3.9877,30776533,11.9294,21043594,9732939,-30776533,
600640,国脉文化,12.54,3.9801,30754510,4.732,-1580566,32335076,-30754510,
300042,朗科科技,40.72,1.4955,30726466,7.2465,7661578,23064888,-30726466,
600303,曙光股份,3.14,5.3691,30699369,15.0998,26425785,4273584,-30699369,
301682,宏明电子,119.97,5.831,30599116,6.7882,22184083,8415033,-30599116,
600815,厦工股份,3.81,4.9587,30594345,12.2593,31621135,-1026790,-30594345,
002522,浙江众成,6.25,2.6273,30542164,5.1019,22462344,8079820,-30542164,
300896,爱美客,93.84,4.8843,30510151,7.0433,5017392,25492759,-30510151,
000830,鲁西化工,11.98,1.9574,30489430,11.2395,14648411,15841019,-30489430,
000786,北新建材,16.27,2.1343,30398674,10.2143,5657370,24741304,-30398674,
600835,上海机电,18.66,4.9494,30066411,11.3283,5330200,24736211,-30066411,
000811,冰轮环境,40.03,-3.5886,30038137,1.2621,-66432279,96470416,-30038137,
002670,国盛证券,11.88,1.6253,29986468,11.4697,21490857,8495611,-29986468,
002990,盛视科技,52.13,3.597,29947279,5.3196,10834590,19112689,-29947279,
002812,恩捷股份,48.19,-0.8028,29927677,5.2511,14699242,15228435,-29927677,
688507,索辰科技,147.08,1.1972,29702525,5.9732,13615065,16087460,-29702525,
601136,首创证券,14.51,2.1112,29486047,13.21,5536372,23949675,-29486047,
002879,长缆科技,16.83,2.1858,29461504,21.5504,12646404,16815100,-29461504,
002614,奥佳华,6.25,10.0352,29133771,42.3087,30398356,-1264585,-29133771,
605499,东鹏饮料,113.18,1.4703,29042491,8.2264,11533552,17508939,-29042491,
002667,*ST威领,21.82,9.9798,28947722,6.9265,1138983,27808739,-28947722,
603220,中贝通信,18.66,2.1906,28923269,8.8221,9473347,19449922,-28923269,
600871,石化油服,2.25,3.6866,28880812,9.2593,14022289,14858523,-28880812,
601929,吉视传媒,2.46,2.0747,28587841,11.0429,26573815,2014026,-28587841,
600546,山煤国际,13.61,1.643,28364047,10.4831,14578404,13785643,-28364047,
300016,北陆药业,8.67,4.4578,28079049,9.8513,16245034,11834015,-28079049,
002421,达实智能,3.24,2.2082,28024226,8.5214,14231962,13792264,-28024226,
002239,奥特佳,2.52,1.2048,28002061,21.3773,15258327,12743734,-28002061,
605566,福莱蒽特,30.44,10.0108,27984558,14.4459,28798923,-814365,-27984558,
688800,瑞可达,69.87,0.7934,27891231,4.3702,-3749865,31641096,-27891231,
600606,绿地控股,1.6,10.3448,27613180,3.2582,70439098,-42825918,-27613180,
300779,惠城环保,54.99,1.2521,27564352,9.3919,17045629,10518723,-27564352,
688498,源杰科技,1838.56,0.194,27540768,0.5168,-324101888,351642656,-27540768,
600199,金种子酒,7.32,4.4223,27513310,16.7346,10149009,17364301,-27513310,
603175,超颖电子,110.17,10.005,27496776,7.6425,33790641,-6293865,-27496776,
688265,南模生物,48.6,8.5306,27399061,12.6818,24861247,2537814,-27399061,
300491,通合科技,36.9,-3.0478,27392892,5.468,7776751,19616141,-27392892,
603016,新宏泰,32.57,6.857,27386021,8.4205,14587416,12798605,-27386021,
600518,康美药业,1.38,2.2222,27258045,13.3246,29241662,-1983617,-27258045,
300795,米奥会展,12.75,5.7214,27066929,9.345,6533697,20533232,-27066929,
603500,祥和实业,9.84,7.1895,27045022,16.5494,2454021,24591001,-27045022,
688625,呈和科技,71.72,1.4427,26950444,5.1175,16424642,10525802,-26950444,
002657,中科金财,15.89,6.43,26769468,11.2044,1599986,25169482,-26769468,
002517,恺英网络,16.78,1.0235,26620090,4.0234,3155555,23464535,-26620090,
002624,完美世界,10.02,0.5015,26615106,7.1847,19112664,7502442,-26615106,
601088,中国神华,46.8,1.233,26610454,3.3419,-6290320,32900774,-26610454,
300959,线上线下,98.21,6.7268,26418984,7.1097,10398438,16020546,-26418984,
301232,飞沃科技,94.25,1.2352,26407143,9.5519,8730519,17676624,-26407143,
600733,北汽蓝谷,4.65,2.4229,26323994,6.005,43602789,-17278795,-26323994,
300737,科顺股份,5.05,8.137,26135855,8.0666,22865371,3270484,-26135855,
002284,亚太股份,9.9,3.5565,26108662,9.9999,4816128,21292534,-26108662,
001287,中电港,25.2,2.8152,26074182,4.0348,32550045,-6475863,-26074182,
002046,国机精工,64.62,0.6072,26052003,2.5213,-11145837,37197840,-26052003,
001339,智微智能,80.41,0.2743,26009520,5.3021,6141387,19868133,-26009520,
688710,益诺思,95.6,0.7164,25958978,9.1206,9880361,16078617,-25958978,
688561,奇安信-U,28.94,4.1757,25900005,6.9753,7678245,18221760,-25900005,
601169,北京银行,5.54,0.0,25883044,3.0168,106526954,-80643910,-25883044,
000166,申万宏源,4.47,1.5909,25831398,9.3946,5738069,20093329,-25831398,
000973,佛塑科技,12.21,1.9199,25801169,5.8785,23631059,2170110,-25801169,
002240,盛新锂能,27.46,1.2537,25734848,4.9348,7719838,18015010,-25734848,
600446,金证股份,11.01,5.0573,25724049,8.9131,27520977,-1796928,-25724049,
601858,中国科传,20.86,3.0632,25698416,12.2906,278757,25419659,-25698416,
601579,会稽山,36.12,9.9878,25692165,2.18,13659207,12032958,-25692165,
688717,艾罗能源,43.73,-0.884,25658199,9.9791,326199,25332000,-25658199,
002713,东易日盛,11.05,1.1905,25622366,6.4337,8680471,16941895,-25622366,
002164,宁波东力,11.1,5.8151,25598116,12.6273,15670023,9928093,-25598116,
300086,康芝药业,5.73,-8.6124,25527662,5.5599,-167196,25694858,-25527662,
000882,华联股份,1.64,3.7975,25465983,10.4781,24564881,901102,-25465983,
002439,启明星辰,14.13,1.8012,25450193,6.6027,30932480,-5482287,-25450193,
688610,埃科光电,169.01,-0.7517,25387195,9.6153,5931248,19455947,-25387195,
600308,华泰股份,3.42,6.2112,25354784,18.541,24828396,526388,-25354784,
600170,上海建工,2.25,1.81,25289716,6.8541,29461953,-4172237,-25289716,
301305,朗坤科技,26.85,3.3487,25277066,10.3484,4340843,20936223,-25277066,
002607,中公教育,1.94,2.1053,25248481,8.7693,17787177,7461304,-25248481,
300370,安控科技,2.25,7.6555,25148097,15.7688,0,25148097,-25148097,
688047,龙芯中科,104.58,1.4257,25136762,6.9714,23850904,1285858,-25136762,
600345,长江通信,54.7,0.3854,25081284,4.4794,22414625,2666659,-25081284,
002410,广联达,8.6,2.381,24972398,14.6149,19971129,5001269,-24972398,
001258,立新能源,11.21,1.5399,24959996,4.8777,9352028,15607968,-24959996,
601126,四方股份,40.58,-1.0244,24958306,3.3006,-22447801,47406107,-24958306,
603077,和邦生物,2.29,1.3274,24849950,7.5651,4467291,20382659,-24849950,
000510,新金路,18.53,-0.3763,24846995,3.1566,-7971820,32818815,-24846995,
001234,泰慕士,26.59,10.0124,24786795,28.2117,26842466,-2055671,-24786795,
002845,同兴达,14.49,3.5,24760893,14.5764,8691261,16069632,-24760893,
605289,罗曼股份,102.71,-2.2926,24695375,7.0133,-2758436,27453811,-24695375,
300253,卫宁健康,6.96,2.9586,24665207,7.2877,32997484,-8332277,-24665207,
603466,风语筑,12.9,2.4623,24649984,3.3341,-2716196,27366180,-24649984,
000963,华东医药,26.76,2.5287,24600640,5.1166,14414194,10186446,-24600640,
603583,捷昌驱动,28.01,4.5539,24593056,10.8196,13883899,10709157,-24593056,
301357,北方长龙,100.72,2.7965,24462933,5.2549,1386865,23076068,-24462933,
601133,XD柏诚股,25.79,-0.6166,24345664,3.9784,3009594,21336070,-24345664,
301520,万邦医药,82.38,14.2897,24263106,1.7654,8201554,16061552,-24263106,
001282,三联锻造,16.4,5.3308,24252588,15.6035,23181069,1071519,-24252588,
002578,闽发铝业,4.21,6.8528,24164295,20.8187,9330932,14833363,-24164295,
002918,蒙娜丽莎,11.31,1.8919,24092702,10.4347,143477,23949225,-24092702,
300259,新天科技,4.25,7.0529,24000751,7.3543,9795268,14205483,-24000751,
600675,中华企业,2.45,6.0606,23990000,8.6054,28056820,-4066820,-23990000,
603538,美诺华,27.9,4.8478,23975238,1.67,-5124282,29099520,-23975238,
000917,电广传媒,7.03,3.5346,23895195,13.3136,13758006,10137189,-23895195,
002647,仁东控股,11.33,4.0404,23872658,7.5897,29451890,-5579232,-23872658,
601997,贵阳银行,5.56,-0.3584,23855610,12.203,23533495,322115,-23855610,
600383,金地集团,2.47,9.7778,23828456,2.6624,23844710,-16254,-23828456,
600036,招商银行,41.04,1.1086,23787066,1.0772,-39425798,63212864,-23787066,
603402,陕西旅游,64.54,0.5453,23777641,7.3779,15209021,8568620,-23777641,
300684,中石科技,99.77,1.9205,23698089,1.7048,42919225,-19221136,-23698089,
000729,燕京啤酒,11.05,2.6952,23669507,7.4027,21184022,2485485,-23669507,
688221,前沿生物-U,17.33,5.4136,23651395,6.5584,4849327,18802068,-23651395,
688169,石头科技,118.6,0.0,23534012,4.3381,11609704,11924308,-23534012,
603345,安井食品,80.91,1.7992,23527489,3.9206,16873214,6654275,-23527489,
688019,安集科技,232.9,-0.8092,23499558,2.1335,-6259498,29759056,-23499558,
688700,东威科技,64.68,-0.7671,23490430,3.7857,282856,23207574,-23490430,
600857,宁波中百,23.41,10.0094,23484022,12.6858,23965708,-481686,-23484022,
002632,道明光学,10.03,5.1363,23471156,5.9918,33187651,-9716495,-23471156,
002444,巨星科技,28.55,2.0737,23445360,7.9915,-18426610,41871970,-23445360,
300130,新国都,18.33,3.3258,23376920,12.0761,4390531,18986389,-23376920,
601818,光大银行,3.02,0.0,23283075,4.6232,30651896,-7368821,-23283075,
300302,同有科技,29.19,1.8137,23233383,4.0237,12230029,11003354,-23233383,
000301,东方盛虹,13.9,1.6082,23180108,8.3412,316750,22863358,-23180108,
605068,明新旭腾,20.97,8.0371,23155368,10.1399,6592528,16562840,-23155368,
002943,宇晶股份,31.06,2.4406,23060805,10.0216,3546983,19513822,-23060805,
601728,中国电信,6.16,-0.4847,22978746,5.1983,-9958484,32937230,-22978746,
000727,冠捷科技,2.29,2.2321,22957637,13.7793,23023891,-66254,-22957637,
300137,先河环保,11.59,0.7826,22871409,5.7611,-1196624,24068033,-22871409,
000509,华塑控股,3.8,0.7958,22852487,5.1726,-4392924,27245411,-22852487,
688416,恒烁股份,80.75,-0.4684,22814953,5.1186,14680840,8134113,-22814953,
600436,片仔癀,121.02,2.2906,22756143,7.7228,3484154,19271989,-22756143,
301282,金禄电子,45.75,0.882,22747415,4.4605,-7272117,30019532,-22747415,
301302,华如科技,22.46,6.9015,22697106,7.5556,7635652,15061454,-22697106,
002029,七匹狼,9.16,1.7778,22645183,6.0602,12889669,9755514,-22645183,
301196,唯科科技,93.1,0.998,22561506,4.2055,1394365,21167141,-22561506,
000651,格力电器,38.0,-1.4523,22553855,1.2109,21481855,1072000,-22553855,
301087,可孚医疗,55.14,4.4318,22520411,12.3936,19610875,2909536,-22520411,
601336,新华保险,58.54,0.6188,22517584,3.7539,1514544,21003040,-22517584,
603258,电魂网络,14.19,10.0,22477484,34.3745,18718435,3759049,-22477484,
002167,东方锆业,16.76,3.1385,22465327,2.6409,5423847,17041480,-22465327,
002648,卫星化学,27.23,2.33,22453058,2.6388,31972634,-9519576,-22453058,
300164,通源石油,9.58,3.9046,22436187,2.5551,27423235,-4987048,-22436187,
601011,宝泰隆,3.01,3.7931,22383578,16.983,23933418,-1549840,-22383578,
301099,雅创电子,53.8,1.0139,22352877,4.2447,6952534,15400343,-22352877,
300001,特锐德,32.5,0.0,22266976,7.6435,853939,21413037,-22266976,
300911,亿田智能,32.73,2.4413,22195314,4.9761,-3513676,25708990,-22195314,
603819,神力股份,17.33,10.0317,22156967,15.7881,24315063,-2158096,-22156967,
300563,神宇股份,28.11,4.034,22134001,5.5399,-878930,23012931,-22134001,
000547,航天发展,15.02,0.6028,22095133,2.9346,978869,21116264,-22095133,
002673,西部证券,6.82,1.037,22087762,13.3841,18343005,3744757,-22087762,
600986,浙文互联,7.19,1.2676,22067163,9.6824,13692625,8374538,-22067163,
000892,欢瑞世纪,4.73,5.3452,22048991,3.7598,10480778,11568213,-22048991,
600967,内蒙一机,13.86,2.2124,22036274,2.3122,-13934360,35970634,-22036274,
601998,中信银行,8.93,-0.3348,21937083,5.5958,8163949,13773134,-21937083,
301326,捷邦科技,110.73,1.7739,21923424,10.6657,10478387,11445037,-21923424,
300109,新开源,13.28,2.9457,21879858,12.061,863371,21016487,-21879858,
300720,海川智能,62.16,0.8436,21845671,5.037,9461191,12384480,-21845671,
002927,泰永长征,20.51,5.4499,21829130,5.4777,10775015,11054115,-21829130,
301369,联动科技,136.3,-1.4817,21815022,7.7855,2400701,19414321,-21815022,
002400,省广集团,6.64,1.374,21811994,7.4763,29115884,-7303890,-21811994,
000796,凯撒旅业,3.86,4.0431,21743361,9.9113,17851689,3891672,-21743361,
002560,通达股份,7.48,1.4925,21707987,3.3331,43912106,-22204119,-21707987,
002795,永和智控,8.04,9.9863,21534842,5.6501,44044934,-22510092,-21534842,
600259,中稀有色,82.82,1.782,21494692,3.0595,16008542,5486150,-21494692,
600933,爱柯迪,14.55,3.7063,21428100,5.0295,12961784,8466316,-21428100,
688111,金山办公,223.59,-0.0089,21353049,2.1579,-4418391,25771440,-21353049,
002739,儒意电影,8.69,0.8121,21311253,6.4036,-373573,21684826,-21311253,
002078,太阳纸业,13.9,-1.3485,21298487,8.0244,-2570323,23868810,-21298487,
688318,财富趋势,84.13,4.4834,21286882,3.4574,24156905,-2870023,-21286882,
002294,信立泰,31.39,3.2566,21183983,4.7812,11114912,10069071,-21183983,
688530,欧莱新材,63.5,0.5224,21167874,4.2891,8969329,12198545,-21167874,
600372,中航机载,11.48,0.6135,21092175,7.081,3930606,17161569,-21092175,
600935,华塑股份,2.42,4.3103,21077424,25.4405,15163191,5914233,-21077424,
002491,通鼎互联,24.59,3.4062,21074448,0.4141,22413312,-1338864,-21074448,
300976,达瑞电子,64.55,2.3142,21011658,6.5042,13571708,7439950,-21011658,
000970,中科三环,11.68,2.0979,20984789,8.2213,7746050,13238739,-20984789,
002386,天原股份,6.14,4.5997,20938941,9.1785,19596304,1342637,-20938941,
301363,美好医疗,16.25,4.2335,20912343,9.9036,8806569,12105774,-20912343,
688543,国科军工,44.57,2.4598,20908202,5.939,-3600488,24508690,-20908202,
601890,亚星锚链,10.03,1.8274,20898943,3.4299,8806144,12092799,-20898943,
601333,广深铁路,3.1,0.3236,20880352,10.3831,10572150,10308202,-20880352,
301606,绿联科技,56.37,2.3606,20761656,5.7864,5452392,15309264,-20761656,
300182,捷成股份,5.08,1.1952,20625804,4.363,12772540,7853264,-20625804,
603712,七一二,11.86,4.5855,20624281,10.6519,8516375,12107906,-20624281,
300263,隆华科技,10.45,1.9512,20609698,5.3733,2652955,17956743,-20609698,
688105,诺唯赞,22.9,5.0941,20567276,6.3405,-1858769,22426045,-20567276,
002222,福晶科技,69.76,0.0861,20546556,1.3115,-28715844,49262400,-20546556,
603336,宏辉果蔬,10.78,4.0541,20450631,6.1202,-7923513,28374144,-20450631,
688403,汇成股份,25.99,-1.5157,20419778,1.5934,-1577774,21997552,-20419778,
600037,歌华有线,7.09,1.8678,20365059,14.9227,2243572,18121487,-20365059,
300304,云意电气,11.88,3.3043,20344826,10.2338,16500910,3843916,-20344826,
600888,新疆众和,10.25,2.8084,20232374,3.8531,1883664,18348710,-20232374,
688356,键凯科技,91.1,6.5372,20231282,3.2905,10757942,9473340,-20231282,
300122,智飞生物,13.0,1.9608,20166000,4.8398,37709561,-17543561,-20166000,
688097,博众精工,45.63,-1.9132,20062032,8.4861,4174267,15887765,-20062032,
688036,传音控股,54.45,3.1836,20040479,3.1817,10849215,9191264,-20040479,
300943,春晖智控,35.49,4.4131,19981873,5.4882,17508155,2473718,-19981873,
600545,卓郎智能,4.58,0.6593,19955141,4.1259,7506475,12448666,-19955141,
301571,国科天成,76.94,2.9711,19882260,3.2999,149281,19732979,-19882260,
002199,东晶电子,13.05,5.2419,19870332,10.3153,6086741,13783591,-19870332,
000923,河钢资源,16.4,-0.304,19802049,9.1731,24908724,-5106675,-19802049,
600398,海澜之家,5.75,-0.6908,19651765,11.1197,11253396,8398369,-19651765,
603236,移远通信,73.72,1.6267,19621728,1.5113,34060688,-14438960,-19621728,
300950,德固特,21.26,3.5054,19621476,12.9012,835008,18786468,-19621476,
002248,华东数控,9.74,1.2474,19593523,6.8675,12886581,6706942,-19593523,
301123,奕东电子,80.58,0.2114,19463199,3.5309,22342613,-2879414,-19463199,
688202,美迪西,109.85,3.4369,19441153,2.5091,15153899,4287254,-19441153,
300357,我武生物,20.19,3.8046,19415902,8.3534,3871670,15544232,-19415902,
002249,大洋电机,6.55,2.8257,19365281,5.5719,8808054,10557227,-19365281,
300516,久之洋,36.93,4.6769,19332222,7.457,7897312,11434910,-19332222,
301213,观想科技,45.88,14.0726,19283024,7.8082,11017575,8265449,-19283024,
600316,洪都航空,33.63,4.2467,19249485,4.3852,7098671,12150814,-19249485,
603459,红板科技,91.6,2.5756,19208964,1.6215,17286731,1922233,-19208964,
601117,中国化学,7.25,0.8345,19199733,7.2234,22072437,-2872704,-19199733,
600743,华远控股,2.33,9.9057,19189500,50.2474,26037137,-6847637,-19189500,
601700,风范股份,6.48,2.0472,19158751,4.9922,13907786,5250965,-19158751,
002140,东华科技,9.69,5.4407,19153129,15.0931,11414306,7738823,-19153129,
302132,中航成飞,60.37,2.0798,19150395,4.1558,459202,18691193,-19150395,
688433,华曙高科,90.2,-4.358,19143246,3.7815,-36977065,56120311,-19143246,
300015,爱尔眼科,8.11,0.8706,19112741,5.3341,4322086,14790655,-19112741,
688271,联影医疗,102.58,1.5644,19013971,5.45,22430412,-3416441,-19013971,
300180,华峰超纤,4.66,5.1919,19002213,7.2112,14758424,4243789,-19002213,
300115,长盈精密,24.49,0.0408,18980367,3.2589,20572762,-1592395,-18980367,
002588,史丹利,7.83,1.9531,18914599,17.4795,14012058,4902541,-18914599,
002214,大立科技,18.82,4.5556,18870640,10.1357,3547524,15323116,-18870640,
301285,鸿日达,101.6,6.1097,18865041,4.9338,19457417,-592376,-18865041,
002383,合众思壮,8.12,2.0101,18862740,7.357,276916,18585824,-18862740,
000516,国际医学,4.38,3.3019,18849160,12.8427,6877866,11971294,-18849160,
300769,德方纳米,41.8,-0.4762,18732787,5.6627,4978605,13754182,-18732787,
600016,民生银行,3.5,1.1561,18531288,2.2528,52836691,-34305403,-18531288,
688613,奥精医疗,19.21,6.6038,18434957,9.5464,2057508,16377449,-18434957,
601677,明泰铝业,16.83,-0.4731,18386422,6.4771,14519907,3866515,-18386422,
002936,郑州银行,1.75,0.5747,18361154,18.147,11193250,7167904,-18361154,
002531,天顺风能,7.72,0.1297,18346355,1.983,38654675,-20308320,-18346355,
002958,青农商行,2.94,-0.6757,18308911,11.5484,14382574,3926337,-18308911,
000593,德龙汇能,22.55,3.9171,18286199,5.1053,13038025,5248174,-18286199,
688108,赛诺医疗,15.94,1.9834,18270465,12.4095,8264063,10006402,-18270465,
000561,烽火电子,8.04,2.2901,18242068,13.643,5635523,12606545,-18242068,
601005,重庆钢铁,1.22,1.6667,18206688,17.6421,18770958,-564270,-18206688,
301248,杰创智能,58.48,3.7431,18165330,7.8856,-2511850,20677180,-18165330,
000997,新大陆,20.05,2.4527,18147379,5.8023,3110516,15036863,-18147379,
002146,荣盛发展,1.26,5.0,18114370,5.3862,39246706,-21132336,-18114370,
603316,诚邦股份,18.36,10.006,18075782,4.3464,39342629,-21266847,-18075782,
301338,凯格精机,102.6,-0.5236,18073929,3.2598,-33986671,52060600,-18073929,
603867,新化股份,33.27,2.3692,18037865,7.5729,10032021,8005844,-18037865,
688559,海目星,58.51,-1.6969,17814979,3.0526,-10746366,28561345,-17814979,
600376,首开股份,3.31,4.4164,17713611,5.6416,12993039,4720572,-17713611,
002628,成都路桥,5.29,4.3393,17688886,10.9535,8854923,8833963,-17688886,
300382,斯莱克,16.39,-0.061,17654822,5.9072,9903052,7751770,-17654822,
300573,兴齐眼药,37.12,2.7685,17544154,7.3901,12155413,5388741,-17544154,
688303,大全能源,16.36,0.1224,17524473,12.1176,4762219,12762254,-17524473,
601916,浙商银行,2.91,0.3448,17495002,5.0536,17317679,177323,-17495002,
300756,金马游乐,35.07,6.112,17483141,4.6296,25132656,-7649515,-17483141,
002839,张家港行,4.29,-0.2326,17423843,18.5795,6986964,10436879,-17423843,
000731,四川美丰,8.23,4.9745,17326554,8.6876,9738985,7587569,-17326554,
688392,骄成超声,172.7,-1.9864,17271816,2.8581,5807309,11464507,-17271816,
300226,上海钢联,17.25,3.9157,17239368,10.0509,7057657,10181711,-17239368,
002577,雷柏科技,22.54,2.9224,17186634,5.29,9444048,7742586,-17186634,
300870,欧陆通,212.68,-0.2439,17149443,1.5657,14608169,2541274,-17149443,
688758,赛分科技,32.9,0.3049,17103366,3.5087,24572001,-7468635,-17103366,
002065,东华软件,6.78,1.8018,17068408,6.7681,6095898,10972510,-17068408,
000750,国海证券,3.7,1.3699,17034976,10.8413,6317017,10717959,-17034976,
600015,华夏银行,6.24,0.1605,17016722,4.0653,10901079,6115643,-17016722,
301687,新广益,54.11,3.7584,16995469,7.0882,5947769,11047700,-16995469,
600420,国药现代,8.37,2.952,16993563,18.5155,10411291,6582272,-16993563,
002035,华帝股份,4.67,3.3186,16983377,23.6438,4052902,12930475,-16983377,
000987,越秀资本,7.47,1.7711,16981771,9.5516,3378082,13603689,-16981771,
601022,宁波远洋,8.96,4.918,16953806,7.3976,12470578,4483228,-16953806,
300970,华绿生物,19.17,9.731,16946197,4.5242,23119423,-6173226,-16946197,
300287,飞利信,3.64,3.1161,16885169,14.8899,5056715,11828454,-16885169,
603956,威派格,7.22,2.1216,16881209,9.2871,5039605,11841604,-16881209,
300003,乐普医疗,11.68,2.0087,16863475,8.4204,4981942,11881533,-16863475,
603960,克来机电,18.36,7.243,16858868,4.1852,21450962,-4592094,-16858868,
000661,长春高新,74.13,3.6783,16839155,3.3552,-1793740,18632895,-16839155,
300860,锋尚文化,32.07,12.8034,16782349,8.7723,13661057,3121292,-16782349,
688390,固德威,59.87,-0.7789,16755603,4.5038,11927895,4827708,-16755603,
603399,永杉锂业,14.01,1.5217,16743127,3.6897,11169869,5573258,-16743127,
601881,中国银河,12.13,0.4139,16727899,6.9433,19596697,-2868798,-16727899,
002170,芭田股份,10.98,0.9191,16723018,12.4298,8267991,8455027,-16723018,
600380,健康元,9.4,2.2851,16697047,10.5959,8567103,8129944,-16697047,
601860,紫金银行,2.57,0.0,16685735,14.9621,16547013,138722,-16685735,
688363,华熙生物,35.25,2.3222,16661756,11.2253,1691401,14970355,-16661756,
300255,常山药业,24.1,4.51,16558855,2.3461,8459303,8099552,-16558855,
002312,川发龙蟒,8.65,1.5258,16537129,6.7257,9370384,7166745,-16537129,
001373,翔腾新材,32.44,10.0034,16487441,19.4565,22740123,-6252682,-16487441,
601101,昊华能源,13.5,4.4892,16466125,5.3623,6719757,9746368,-16466125,
300632,光莆股份,19.89,4.2999,16424232,4.6335,10854015,5570217,-16424232,
002472,双环传动,37.9,4.6094,16316358,1.5486,33381660,-17065302,-16316358,
300224,正海磁材,11.97,4.908,16279567,6.0541,5920932,10358635,-16279567,
001286,陕西能源,9.6,-0.6211,16240729,14.1101,2725038,13515691,-16240729,
002352,顺丰控股,30.94,0.5198,16234885,4.4439,8619632,7615253,-16234885,
003032,传智教育,9.39,4.5657,16224874,4.0445,1661002,14563872,-16224874,
300735,光弘科技,18.59,2.8208,16210654,7.1278,5263075,10947579,-16210654,
605589,圣泉集团,41.0,-0.219,16184539,1.173,-68884997,85069536,-16184539,
300765,石药创新,46.39,5.7201,16163024,1.335,47854768,-31691744,-16163024,
301379,天山电子,21.94,0.8272,16157032,8.0455,11894932,4262100,-16157032,
603212,赛伍技术,12.17,2.9611,16156785,9.7707,7622305,8534480,-16156785,
000672,上峰材料,15.51,3.2623,16123441,6.0378,7489234,8634207,-16123441,
300281,金明精机,7.27,8.6697,16035117,11.7302,2860516,13174601,-16035117,
002603,以岭药业,15.59,2.5658,15997713,6.065,22882968,-6885255,-15997713,
002044,美年健康,4.56,3.1674,15948881,3.4796,28501457,-12552576,-15948881,
301499,维科精密,26.84,7.1885,15820477,12.958,9544431,6276046,-15820477,
600064,南京高科,7.81,0.6443,15742989,12.6298,111065,15631924,-15742989,
002007,华兰生物,13.3,2.8616,15655850,6.5511,4925409,10730441,-15655850,
301322,绿通科技,44.29,-2.3158,15635354,8.0891,-439148,16074502,-15635354,
688486,龙迅股份,47.85,5.0725,15612743,4.7268,4273969,11338774,-15612743,
002824,和胜股份,29.16,2.7846,15562988,1.9199,-13615095,29178083,-15562988,
300181,佐力药业,13.52,1.6541,15453314,10.3036,5735061,9718253,-15453314,
600161,天坛生物,12.48,2.5472,15377183,7.5847,11730539,3646644,-15377183,
300907,康平科技,57.28,7.0054,15348924,4.6324,17993943,-2645019,-15348924,
002807,江阴银行,4.13,-0.2415,15312485,11.2526,5570510,9741975,-15312485,
688136,科兴制药,23.9,13.8637,15311963,4.0196,9611056,5700907,-15311963,
688506,百利天恒,264.93,6.4147,15215489,2.3139,-7297097,22512586,-15215489,
688583,思看科技,84.01,4.3473,15195476,9.5485,6481084,8714392,-15195476,
000036,华联控股,4.08,4.6154,15151958,7.5073,18501477,-3349519,-15151958,
603568,伟明环保,13.52,0.8955,15105223,13.2224,2331215,12774008,-15105223,
603112,华翔股份,17.63,5.6954,15075555,3.4064,-6732549,21808104,-15075555,
600096,XD云天化,28.28,1.362,15070255,3.5354,17685244,-2614989,-15070255,
603477,巨星农牧,14.73,1.5862,15026367,8.6101,-146366,15172733,-15026367,
601928,凤凰传媒,8.27,0.2424,15013678,12.359,-901206,15914884,-15013678,
002318,久立特材,18.48,1.2048,15010664,16.0714,6243340,8767324,-15010664,
300074,华平股份,3.86,7.2222,14995762,13.517,42365,14953397,-14995762,
603155,新亚强,15.37,1.8555,14981376,5.7561,210418,14770958,-14981376,
600415,小商品城,11.93,0.9306,14980273,3.5191,25577996,-10597723,-14980273,
300986,志特新材,11.76,4.5333,14976553,4.0879,16908796,-1932243,-14976553,
601186,中国铁建,6.06,0.4975,14956092,10.4573,15806780,-850688,-14956092,
600315,上海家化,18.64,4.1923,14928044,8.2248,3711886,11216158,-14928044,
600929,雪天盐业,6.43,5.4098,14918604,3.535,31946943,-17028339,-14918604,
301393,昊帆生物,62.76,3.8385,14864800,6.4252,5209044,9655756,-14864800,
605288,凯迪股份,71.0,2.6457,14790525,9.2418,18971275,-4180750,-14790525,
688499,利元亨,36.54,2.067,14788984,6.7927,5086306,9702678,-14788984,
688306,均普智能,9.88,9.292,14767756,4.347,0,14767756,-14767756,
300257,开山股份,19.93,4.0731,14764053,4.3805,4770314,9993739,-14764053,
600637,东方明珠,8.84,1.9608,14756077,3.0393,5793000,8963077,-14756077,
600351,亚宝药业,6.95,5.1437,14724056,7.2372,20284224,-5560168,-14724056,
301045,天禄科技,73.36,0.9217,14627497,3.634,-1007527,15635024,-14627497,
000932,华菱钢铁,3.6,0.0,14607329,7.4213,25880598,-11273269,-14607329,
300143,盈康生命,7.81,7.4278,14592067,7.8541,1062657,13529410,-14592067,
301312,智立方,86.19,-1.3506,14591674,3.9754,-2106274,16697948,-14591674,
301568,思泰克,73.25,0.2738,14582336,8.6893,7958624,6623712,-14582336,
300352,ST信源,2.98,8.7591,14551642,11.3339,0,14551642,-14551642,
688411,海博思创,167.18,-2.108,14551585,3.005,-9800813,24352398,-14551585,
600779,水井坊,26.75,3.2022,14535525,18.1626,3202543,11332982,-14535525,
688235,百济神州,267.62,4.5391,14522242,1.0969,-15482238,30004480,-14522242,
600594,益佰制药,3.82,7.3034,14479737,9.1108,5530964,8948773,-14479737,
600329,达仁堂,35.2,1.9994,14459963,17.7969,3022980,11436983,-14459963,
688656,浩欧博,120.1,5.7218,14456316,15.3987,10591796,3864520,-14456316,
000999,华润三九,23.95,1.4831,14415462,6.2361,-2544995,16960457,-14415462,
300298,三诺生物,16.44,5.1823,14364282,12.4452,-827511,15191793,-14364282,
001216,华瓷股份,24.06,10.0137,14268157,27.8566,17884375,-3616218,-14268157,
003021,兆威机电,69.8,1.1888,14259995,6.1317,5208575,9051420,-14259995,
300034,钢研高纳,16.24,2.0742,14175118,8.3139,4173159,10001959,-14175118,
002483,润邦股份,6.28,5.3691,14139952,11.8614,2550784,11589168,-14139952,
600660,福耀玻璃,54.14,0.8569,14138642,3.3401,5931574,8207068,-14138642,
603066,音飞储存,9.5,4.9724,14129243,15.3412,4202244,9926999,-14129243,
600730,*ST高科,9.31,2.1954,14043507,10.7638,2144392,11899115,-14043507,
000683,博源化工,5.78,1.4035,13969534,5.2448,2379065,11590469,-13969534,
601398,工商银行,8.11,0.4957,13954288,0.7442,9122368,4831920,-13954288,
603351,威尔药业,27.34,7.9779,13951044,10.0411,6612774,7338270,-13951044,
600529,山东药玻,18.72,1.5735,13934810,12.6634,9110754,4824056,-13934810,
000090,天健集团,3.65,3.1073,13928819,9.5599,11168084,2760735,-13928819,
002055,ST得润,6.96,4.5045,13918038,11.2052,10870426,3047612,-13918038,
688353,华盛锂电,83.59,-0.6419,13907554,5.4574,1525678,12381876,-13907554,
600061,国投资本,6.33,1.6051,13853680,6.5375,1218761,12634919,-13853680,
000089,深圳机场,6.65,2.9412,13836265,9.234,11190653,2645612,-13836265,
300434,金石亚药,12.46,1.7143,13829149,1.8675,-2992842,16821991,-13829149,
300853,申昊科技,31.27,6.4329,13815720,4.2377,15387390,-1571670,-13815720,
301072,中捷精工,51.0,0.1768,13758938,3.3705,17806307,-4047369,-13758938,
002674,兴业科技,20.2,2.9562,13744808,5.419,2577893,11166915,-13744808,
301227,森鹰窗业,35.46,6.0407,13728681,12.2512,5664112,8064569,-13728681,
002274,华昌化工,6.26,5.2101,13637985,5.5575,18850570,-5212585,-13637985,
688177,百奥泰,19.36,12.5581,13625630,7.3624,13530274,95356,-13625630,
301307,美利信,60.62,-0.5251,13586315,3.1894,-13199991,26786306,-13586315,
688720,艾森股份,68.99,1.9356,13560188,4.7079,10470453,3089735,-13560188,
605398,新炬网络,21.48,5.2425,13557735,9.2368,6619484,6938251,-13557735,
301345,涛涛车业,243.91,1.3378,13508761,7.7414,-244271,13753032,-13508761,
603716,塞力医疗,16.9,4.5145,13479385,5.8471,6210233,7269152,-13479385,
300505,川金诺,19.8,2.6971,13478448,3.9819,2279109,11199339,-13478448,
301680,固德电材,106.78,-0.1776,13470168,8.8579,1723842,11746326,-13470168,
688292,浩瀚深度,22.17,-3.6924,13468065,4.0374,-2499817,15967882,-13468065,
600702,舍得酒业,33.7,2.5875,13462121,6.6886,2129630,11332491,-13462121,
002264,新华都,7.66,4.2177,13457476,2.2184,14219118,-761642,-13457476,
688079,美迪凯,17.34,2.9691,13449801,3.4324,162867,13286934,-13449801,
002520,日发精机,6.41,2.8892,13416377,9.4296,9330634,4085743,-13416377,
603171,税友股份,39.81,1.7118,13396820,4.717,13340851,55969,-13396820,
688297,中无人机,44.0,1.7576,13351091,3.3432,-2596227,15947318,-13351091,
300469,信息发展,51.6,4.4112,13320841,4.2998,-12452515,25773356,-13320841,
300814,中富电路,143.76,-1.4059,13273055,1.5604,-5526730,18799785,-13273055,
001208,华菱线缆,14.43,2.3404,13253141,7.088,5760973,7492168,-13253141,
300222,科大智能,10.28,0.9823,13239312,8.1448,4346367,8892945,-13239312,
301110,青木科技,36.08,1.2346,13210098,15.357,5312952,7897146,-13210098,
688552,航天南湖,32.06,3.6199,13146765,10.7032,2930481,10216284,-13146765,
002537,海联金汇,5.93,3.1304,13132518,7.7483,6405014,6727504,-13132518,
000596,古井贡酒,95.46,1.7914,13128369,5.0814,2077190,11051179,-13128369,
002226,江南化工,5.34,4.7059,13121605,3.4123,9120469,4001136,-13121605,
002279,久其软件,6.86,1.0309,13114204,6.9051,2367306,10746898,-13114204,
600688,上海石化,2.84,1.4286,13088096,8.392,6676426,6411670,-13088096,
603151,邦基科技,18.35,10.012,13086215,17.2915,9462979,3623236,-13086215,
300736,百邦科技,34.35,5.3035,13074611,5.9729,8069177,5005434,-13074611,
002375,亚厦股份,3.89,4.0107,13046866,14.8835,2182949,10863917,-13046866,
600366,宁波韵升,11.43,1.7809,13030856,4.8426,19015394,-5984538,-13030856,
002726,ST龙大,2.54,6.7227,13022534,10.4331,1489746,11532788,-13022534,
600425,青松建化,3.68,3.0812,12994989,23.7048,7333935,5661054,-12994989,
600985,淮北矿业,16.71,1.6423,12991365,4.7887,1834403,11156962,-12991365,
002150,正泰电源,21.18,-0.2825,12987632,9.9165,5111112,7876520,-12987632,
600927,永安期货,12.64,2.8478,12879481,14.8074,9460432,3419049,-12879481,
002564,天沃科技,4.95,1.227,12851060,11.7975,3687648,9163412,-12851060,
603058,永吉股份,9.11,3.9954,12837623,13.2388,5789307,7048316,-12837623,
603127,昭衍新药,46.74,2.1416,12836522,0.6465,-4932566,17769088,-12836522,
000950,重药控股,5.34,2.4952,12827648,10.5248,7175627,5652021,-12827648,
601633,长城汽车,14.04,-0.0712,12806839,6.7493,8955676,3851163,-12806839,
688283,坤恒顺维,30.85,12.8796,12736562,8.796,4795545,7941017,-12736562,
601828,美凯龙,2.25,4.6512,12713702,8.6002,12778825,-65123,-12713702,
688151,华强科技,17.42,4.3739,12628516,14.2598,1567890,11060626,-12628516,
688383,新益昌,142.23,-0.0492,12591463,4.7343,-4681003,17272466,-12591463,
600273,嘉化能源,6.38,0.6309,12533194,17.4363,913759,11619435,-12533194,
000589,贵州轮胎,4.27,0.7075,12529721,15.444,4856998,7672723,-12529721,
600079,ST人福,18.78,1.7335,12528857,8.5767,12615475,-86618,-12528857,
601901,方正证券,6.91,1.1713,12442898,5.3917,19955064,-7512166,-12442898,
605060,联德股份,41.1,3.7879,12409983,5.7826,-5758994,18168977,-12409983,
300872,天阳科技,15.9,4.8813,12407465,5.7903,-1126071,13533536,-12407465,
600395,盘江股份,5.17,2.7833,12398358,6.8074,-600729,12999087,-12398358,
002474,榕基软件,6.5,2.5237,12364662,11.3719,1190608,11174054,-12364662,
002793,罗欣药业,4.93,6.71,12362829,6.0931,8710551,3652278,-12362829,
300457,赢合科技,21.52,-2.9319,12325264,3.911,-4596767,16922031,-12325264,
688520,神州细胞,34.71,2.9665,12313321,11.564,4227126,8086195,-12313321,
002510,天汽模,5.84,0.3436,12300135,8.9035,1179928,11120207,-12300135,
600129,太极集团,14.0,4.0119,12262758,5.8013,2432668,9830090,-12262758,
002756,永兴材料,41.16,0.5619,12251778,4.0907,2634563,9617215,-12251778,
301091,深城交,19.95,3.3679,12240366,9.3545,4378637,7861729,-12240366,
688563,航材股份,56.12,1.2996,12204862,11.8713,3542100,8662762,-12204862,
300154,瑞凌股份,14.27,1.9286,12166950,6.2449,1883151,10283799,-12166950,
301548,崇德科技,56.75,4.4735,12104888,9.7636,3113371,8991517,-12104888,
688088,虹软科技,29.62,-0.1349,12097802,10.1432,2579888,9517914,-12097802,
600797,浙大网新,6.72,1.6641,12059594,13.8124,5979609,6079985,-12059594,
688046,药康生物,36.78,4.2517,12051142,2.6408,15489746,-3438604,-12051142,
002117,东港股份,7.88,3.0065,12050239,16.4531,7965442,4084797,-12050239,
301122,采纳股份,53.28,7.2248,12041776,3.9187,-3635635,15677411,-12041776,
300215,电科院,6.55,3.3123,11988193,13.2774,5626539,6361654,-11988193,
601021,春秋航空,41.94,0.0955,11984550,5.8319,10874635,1109915,-11984550,
301008,宏昌科技,52.09,15.2179,11970122,0.9948,60468122,-48498000,-11970122,
688010,福光股份,28.32,1.8705,11962843,9.9907,2761352,9201491,-11962843,
000910,大亚圣象,6.26,10.0176,11960994,3.9595,6711738,5249256,-11960994,
601009,南京银行,11.82,0.1695,11899376,2.6668,23139617,-11240241,-11899376,
600744,华银电力,6.58,2.9734,11871130,1.7208,23851731,-11980601,-11871130,
600515,海南机场,2.8,1.8182,11794400,4.6332,8980030,2814370,-11794400,
002230,科大讯飞,38.81,0.8576,11777808,2.0564,14957839,-3180031,-11777808,
601607,上海医药,16.09,1.195,11754459,6.6286,5583681,6170778,-11754459,
600682,南京新百,5.97,7.1813,11720269,4.7403,23462751,-11742482,-11720269,
601225,陕西煤业,25.7,1.9841,11713989,1.4933,12493465,-779476,-11713989,
688590,新致软件,12.25,5.6034,11687217,12.4783,44844,11642373,-11687217,
600348,华阳股份,9.13,2.1253,11638237,5.0849,16620254,-4982017,-11638237,
300780,德恩精工,20.53,5.2821,11620146,7.6163,7443514,4176632,-11620146,
002171,楚江新材,10.82,0.7449,11618576,2.0367,11551678,66898,-11618576,
300436,广生堂,88.9,2.7033,11612770,3.5166,11117115,495655,-11612770,
603010,万盛股份,12.78,3.987,11608736,7.6615,4591812,7016924,-11608736,
002194,武汉凡谷,11.18,1.6364,11602354,2.5882,19208321,-7605967,-11602354,
600989,宝丰能源,23.7,0.4663,11526116,1.1466,-7180311,18706427,-11526116,
300002,神州泰岳,8.09,1.761,11507512,5.3816,13542765,-2035253,-11507512,
601800,中国交建,5.88,0.6849,11493948,11.1831,15572616,-4078668,-11493948,
600828,茂业商业,4.42,4.0,11481948,7.6155,4708191,6773757,-11481948,
688299,长阳科技,13.7,4.4207,11465446,9.0059,0,11465446,-11465446,
300532,今天国际,7.44,6.1341,11452803,11.1333,1855407,9597396,-11452803,
002757,南兴股份,18.05,1.9774,11417912,5.1688,7635878,3782034,-11417912,
603679,华体科技,26.76,4.5313,11393896,2.8191,5498076,5895820,-11393896,
600683,京投发展,9.99,3.6307,11390300,5.0371,2983815,8406485,-11390300,
002291,遥望科技,5.64,1.9892,11378123,7.1606,-3435179,14813302,-11378123,
300608,思特奇,10.19,5.2686,11356830,6.5127,1795464,9561366,-11356830,
600153,建发股份,8.5,1.5532,11301617,5.092,8042860,3258757,-11301617,
603121,华培动力,12.86,4.2139,11296426,9.3762,-1280127,12576553,-11296426,
000504,南华生物,11.01,9.99,11274559,19.1809,28212343,-16937784,-11274559,
600221,海航控股,1.25,0.8065,11263866,3.6357,54604589,-43340723,-11263866,
600293,三峡新材,3.47,3.8922,11261091,2.6565,14260909,-2999818,-11261091,
688270,ST臻镭,57.66,0.418,11259642,5.0334,3432759,7826883,-11259642,
301090,华润材料,7.24,5.0798,11250251,13.7115,7032583,4217668,-11250251,
603166,福达股份,11.25,1.9946,11213573,10.0615,1304168,9909405,-11213573,
603128,华贸物流,5.49,3.1955,11207933,12.9962,1960336,9247597,-11207933,
600859,王府井,10.0,2.8807,11206275,6.966,5050900,6155375,-11206275,
601000,唐山港,4.47,0.0,11171030,6.5666,-1404972,12576002,-11171030,
600635,大众公用,4.62,2.2124,11166229,8.2099,4072324,7093905,-11166229,
688612,威迈斯,36.7,0.5479,11165815,5.7311,-268466,11434281,-11165815,
605090,九丰能源,32.75,0.2449,11124244,5.7654,-5667926,16792170,-11124244,
601699,潞安环能,15.61,2.765,11081314,3.0811,-6702595,17783909,-11081314,
002906,华阳集团,27.78,0.8715,11080233,7.1347,3197688,7882545,-11080233,
300328,宜安科技,12.75,3.3225,11019280,2.8517,6170389,4848891,-11019280,
603396,金辰股份,29.9,5.8782,10910028,3.8223,9428884,1481144,-10910028,
301592,六九一二,117.82,1.5077,10895567,5.5789,834673,10060894,-10895567,
688062,迈威生物-U,28.06,5.4095,10841497,3.896,9528225,1313272,-10841497,
001296,长江材料,20.23,4.7644,10813006,9.988,2536400,8276606,-10813006,
002125,湘潭电化,12.24,1.157,10778338,8.7615,7092422,3685916,-10778338,
601162,天风证券,3.69,1.6529,10767551,2.0677,-10685346,21452897,-10767551,
600256,广汇能源,7.07,5.2083,10754343,0.919,-28397966,39152309,-10754343,
002019,亿帆医药,9.63,2.7748,10734705,9.5335,4793801,5940904,-10734705,
601188,龙江交通,2.91,1.7483,10719441,28.1572,3710090,7009351,-10719441,
300128,锦富技术,5.15,2.1825,10673995,8.9924,2505834,8168161,-10673995,
601958,金钼股份,20.93,2.3472,10641090,1.6689,35561681,-24920591,-10641090,
002153,石基信息,7.75,2.3778,10639176,10.148,9806300,832876,-10639176,
002782,可立克,15.5,1.9066,10597389,7.7083,3558097,7039292,-10597389,
000156,华数传媒,7.17,1.9915,10569688,7.3636,6993358,3576330,-10569688,
300827,上能电气,25.87,0.8184,10565777,3.9207,396271,10169506,-10565777,
002498,汉缆股份,6.64,0.9119,10544694,2.3837,-327581,10872275,-10544694,
603859,能科科技,39.05,1.0349,10530681,4.6592,-1209271,11739952,-10530681,
603919,金徽酒,16.83,3.7608,10525505,10.4773,5103168,5422337,-10525505,
000937,冀中能源,4.5,2.0408,10520790,5.5813,2029552,8491238,-10520790,
600486,扬农化工,53.74,2.5573,10493173,6.2511,2251945,8241228,-10493173,
601766,中国中车,6.08,1.3333,10450745,1.8859,17287836,-6837091,-10450745,
300039,上海凯宝,5.3,4.5365,10431136,7.0116,9214246,1216890,-10431136,
300316,晶盛机电,42.08,-1.4981,10418238,3.2083,3924590,6493648,-10418238,
300755,华致酒行,11.91,5.6788,10367429,8.8785,-384543,10751972,-10367429,
688775,影石创新,94.87,-2.4473,10364709,2.3535,-6958602,17323311,-10364709,
300723,一品红,34.83,3.1389,10315195,4.0053,7622596,2692599,-10315195,
600567,山鹰国际,1.35,0.7463,10306801,12.7512,10244971,61830,-10306801,
603983,丸美生物,30.77,4.9096,10291534,5.5041,-3036548,13328082,-10291534,
600645,中源协和,19.05,4.7279,10286112,4.7999,4229424,6056688,-10286112,
002847,盐津铺子,43.98,3.6042,10231806,8.8258,4982378,5249428,-10231806,
688115,思林杰,62.82,-3.5764,10230219,5.3598,3650717,6579502,-10230219,
603160,汇顶科技,53.16,-0.169,10224175,5.5639,8821713,1402462,-10224175,
301321,翰博高新,51.65,5.6886,10218614,3.08,8658218,1560396,-10218614,
002961,瑞达期货,21.46,1.1787,10182336,2.9141,4243148,5939188,-10182336,
600352,浙江龙盛,12.26,4.0747,10178491,1.3891,-17157505,27335996,-10178491,
300009,安科生物,8.33,2.0833,10170261,4.5816,7068080,3102181,-10170261,
600535,天士力,14.07,1.5152,10139285,5.2768,3987509,6151776,-10139285,
688063,派能科技,41.37,-0.7676,10131502,5.2967,7139028,2992474,-10131502,
301591,肯特股份,46.01,3.5562,10123638,2.578,-2274354,12397992,-10123638,
301516,中远通,19.95,2.046,10103747,4.7826,-805000,10908747,-10103747,
688787,海天瑞声,91.35,-0.2729,10088018,7.6552,-2723078,12811096,-10088018,
000031,大悦城,2.37,6.278,10071960,4.4104,15562200,-5490240,-10071960,
000681,视觉中国,16.41,0.5515,10060976,3.8835,-2998245,13059221,-10060976,
603589,口子窖,17.82,1.5385,10056244,10.0062,3461653,6594591,-10056244,
603707,健友股份,7.89,5.7641,10041819,6.2036,10256986,-215167,-10041819,
688502,茂莱光学,445.5,-1.6578,10024645,2.3729,7746898,2277747,-10024645,
301149,隆华新材,9.11,4.7126,10017404,7.0814,1328142,8689262,-10017404,
688401,路维光电,68.86,-1.9926,10011442,2.9941,-8096094,18107536,-10011442,
301051,信濠光电,18.94,5.8101,9976697,5.5355,-1445650,11422347,-9976697,
000525,红太阳,4.72,4.1943,9976545,9.4039,7607597,2368948,-9976545,
002438,江苏神通,13.81,2.6003,9958694,11.6818,8554141,1404553,-9958694,
300793,佳禾智能,12.04,2.906,9934192,6.2054,4497855,5436337,-9934192,
600126,杭钢股份,6.24,0.9709,9929588,5.4832,4753271,5176317,-9929588,
002296,辉煌科技,9.54,2.6911,9888448,8.6993,3734929,6153519,-9888448,
300132,诺斯贝尔,6.38,3.9088,9865641,9.8303,3839531,6026110,-9865641,
300985,致远新能,39.54,3.103,9847754,8.521,1449729,8398025,-9847754,
600104,上汽集团,11.06,-0.3604,9806174,2.6475,6126167,3680007,-9806174,
300542,新晨科技,12.66,4.3693,9798432,10.1276,6644467,3153965,-9798432,
601898,中煤能源,14.27,2.9582,9796346,1.945,-4527142,14323488,-9796346,
600736,苏州高新,6.77,3.5168,9776347,5.48,8782523,993824,-9776347,
603162,海通发展,14.41,2.4893,9764387,1.4232,-6823090,16587477,-9764387,
002612,朗姿股份,17.45,2.0468,9751893,6.1499,4291040,5460853,-9751893,
603156,养元饮品,45.0,1.1236,9737979,2.3973,-8569776,18307755,-9737979,
600971,恒源煤电,8.54,2.3981,9699931,8.8909,6673754,3026177,-9699931,
000920,沃顿科技,12.94,-1.6717,9686467,1.9124,-5850596,15537063,-9686467,
688636,智明达,21.63,4.1908,9675219,5.0144,1328531,8346688,-9675219,
603393,新天然气,25.73,2.5917,9673026,6.9014,10976838,-1303812,-9673026,
300112,万讯自控,11.42,-1.7212,9668627,1.7451,-21414424,31083051,-9668627,
600901,江苏金租,6.67,-0.4478,9660458,5.7271,1033857,8626601,-9660458,
300353,东土科技,16.75,0.2994,9632315,7.3625,10888485,-1256170,-9632315,
002063,远光软件,5.4,0.9346,9631605,11.4335,4823163,4808442,-9631605,
300363,博腾股份,23.96,5.1338,9625573,1.7718,12068386,-2442813,-9625573,
002803,吉宏股份,21.05,2.733,9621677,4.1553,4127991,5493686,-9621677,
688600,皖仪科技,37.58,1.2938,9615509,2.9563,-8152214,17767723,-9615509,
603390,通达电气,11.07,2.595,9599322,6.3237,3924484,5674838,-9599322,
002465,海格通信,10.39,1.6634,9582876,2.1578,12248233,-2665357,-9582876,
603955,大千生态,24.35,4.5513,9526121,9.3293,7334327,2191794,-9526121,
002895,川恒股份,30.84,0.1624,9523739,8.9132,661037,8862702,-9523739,
002097,山河智能,7.1,0.2825,9521936,6.025,-1173906,10695842,-9521936,
600409,三友化工,6.52,3.3281,9497822,6.8651,4977907,4519915,-9497822,
000721,西安饮食,6.48,4.8544,9491047,5.4228,975440,8515607,-9491047,
688768,容知日新,47.21,14.7266,9486183,12.9699,5586393,3899790,-9486183,
600475,华光环能,15.22,2.3537,9477408,8.9791,3333544,6143864,-9477408,
601568,北元化工,3.7,1.6484,9472622,16.7036,6001746,3470876,-9472622,
600248,陕建股份,2.88,1.0526,9471777,19.5981,2707319,6764458,-9471777,
600375,汉马科技,3.73,1.3587,9440712,13.34,8663566,777146,-9440712,
000839,国安股份,2.91,3.1915,9402361,2.4643,19960528,-10558167,-9402361,
301518,长华化学,26.34,14.5217,9390473,4.7188,4091509,5298964,-9390473,
603885,吉祥航空,10.15,0.495,9380821,7.2472,5995865,3384956,-9380821,
601001,晋控煤业,17.61,4.7591,9375568,2.2104,-1267273,10642841,-9375568,
601669,中国电建,4.64,0.6508,9370676,3.3755,7379415,1991261,-9370676,
601777,千里科技,7.8,0.0,9352305,6.4096,137749,9214556,-9352305,
000799,酒鬼酒,37.84,1.5566,9352254,4.5959,1761606,7590648,-9352254,
002057,中钢天源,9.12,1.8994,9306455,7.1478,5162334,4144121,-9306455,
300842,帝科股份,64.65,0.1394,9274567,3.8123,-9673317,18947884,-9274567,
000813,德展健康,3.36,3.3846,9242677,6.2404,9033611,209066,-9242677,
603369,今世缘,28.59,3.027,9214251,2.771,-5712780,14927031,-9214251,
600825,新华传媒,5.84,9.9812,9181998,63.2369,11463686,-2281688,-9181998,
002695,煌上煌,10.6,-1.8519,9165031,8.7411,38655,9126376,-9165031,
603699,纽威股份,43.57,-3.0053,9141741,4.5156,-7006621,16148362,-9141741,
000969,安泰科技,17.48,1.2746,9137290,3.1807,4581838,4555452,-9137290,
002370,亚太药业,5.44,4.0153,9133049,7.9204,4531390,4601659,-9133049,
002221,东华能源,5.82,3.5587,9130726,8.8134,102775,9027951,-9130726,
001212,中旗新材,38.31,0.8689,9116705,2.1681,-2266942,11383647,-9116705,
601992,金隅集团,1.43,2.1429,9112064,6.8527,4282393,4829671,-9112064,
002449,国星光电,6.72,2.439,9099612,9.9875,1085770,8013842,-9099612,
600388,紫金龙净,17.7,1.4327,9098639,6.4411,-1386718,10485357,-9098639,
600862,中航高科,18.3,1.7798,9096792,4.3609,6457560,2639232,-9096792,
002519,银河电子,6.16,0.9836,9082332,2.4923,11487862,-2405530,-9082332,
300626,华瑞股份,29.78,3.1163,9079550,5.4689,2482339,6597211,-9079550,
600477,杭萧钢构,2.47,2.0661,9062384,12.5362,2707162,6355222,-9062384,
300696,爱乐达,21.65,6.6502,9050885,4.2635,-1958512,11009397,-9050885,
002177,御银股份,5.79,2.8419,9033688,6.6664,8520640,513048,-9033688,
300559,佳发教育,13.31,4.7207,9032391,6.4781,-938400,9970791,-9032391,
002926,华西证券,8.39,2.442,8998882,4.9529,11901298,-2902416,-8998882,
600863,华能蒙电,4.75,0.4228,8994056,3.6956,8614454,379602,-8994056,
002217,ST合力泰,1.65,1.8519,8991110,2.7617,9537523,-546413,-8991110,
688365,光云科技,14.66,2.9494,8979139,5.4472,3146233,5832906,-8979139,
600033,福建高速,3.63,-1.0899,8967225,7.6847,4104228,4862997,-8967225,
600426,华鲁恒升,20.53,5.4443,8951687,0.6853,31801437,-22849750,-8951687,
300580,贝斯特,18.7,1.41,8945701,5.4627,5121755,3823946,-8945701,
603207,小方制药,25.07,3.7666,8929375,6.9075,3265558,5663817,-8929375,
002139,拓邦股份,9.7,0.8316,8919717,7.6341,3214594,5705123,-8919717,
301207,华兰疫苗,19.01,3.4276,8916106,3.9763,4471910,4444196,-8916106,
300673,佩蒂股份,15.28,2.5503,8904881,9.4261,2732497,6172384,-8904881,
600734,*ST实达,2.0,3.6269,8902637,7.978,0,8902637,-8902637,
300348,长亮科技,9.67,3.0917,8891129,5.8602,1057336,7833793,-8891129,
300251,光线传媒,11.22,1.2635,8883363,2.8257,-573301,9456664,-8883363,
002351,漫步者,10.15,1.5,8878843,13.5245,4061192,4817651,-8878843,
001222,源飞宠物,16.24,5.867,8867996,6.8001,1770872,7097124,-8867996,
601375,中原证券,4.04,1.5075,8863493,5.4062,9210006,-346513,-8863493,
002788,鹭燕医药,11.47,3.3333,8853136,5.0371,6286063,2567073,-8853136,
002780,三夫户外,14.92,5.8156,8805248,4.0688,6008617,2796631,-8805248,
301012,扬电科技,23.12,1.985,8798330,5.5545,448864,8349466,-8798330,
300271,华宇软件,5.94,6.2612,8794739,4.1573,10992346,-2197607,-8794739,
600962,国投中鲁,27.03,2.7366,8792257,5.5973,3673299,5118958,-8792257,
600558,大西洋,4.92,3.3613,8780102,8.5459,5263615,3516487,-8780102,
600559,老白干酒,11.18,1.3599,8778186,8.3666,-609,8778795,-8778186,
300575,中旗股份,6.35,5.6572,8770872,3.5152,5286798,3484074,-8770872,
301211,亨迪药业,12.62,6.5878,8767274,4.3246,887088,7880186,-8767274,
603039,泛微网络,36.09,0.3894,8756611,3.5329,-2629579,11386190,-8756611,
002215,诺普信,10.04,3.8263,8750600,2.8737,-9867600,18618200,-8750600,
603126,中材节能,6.37,2.0833,8744386,22.347,9275082,-530696,-8744386,
002209,达意隆,13.43,3.3077,8742211,13.1779,101789,8640422,-8742211,
601888,中国中免,52.23,0.4423,8739992,1.2982,12059450,-3319458,-8739992,
002416,爱施德,9.37,4.1111,8736436,4.2309,2100612,6635824,-8736436,
002865,钧达股份,38.8,0.8578,8728507,3.4481,5652381,3076126,-8728507,
688480,赛恩斯,69.85,0.3592,8686417,12.2103,-1611626,10298043,-8686417,
301256,华融化学,10.36,5.3917,8655034,9.1192,221287,8433747,-8655034,
600998,九州通,5.01,0.2,8649858,4.5282,15005289,-6355431,-8649858,
600968,海油发展,4.01,1.519,8623842,6.6317,149980,8473862,-8623842,
600977,中国电影,13.53,4.6404,8602803,1.023,31956225,-23353422,-8602803,
300482,万孚生物,16.53,4.2245,8586056,8.1377,1518962,7067094,-8586056,
002639,雪人集团,14.2,0.7092,8559306,0.6802,360016,8199290,-8559306,
301317,鑫磊股份,51.82,1.3693,8494726,5.8824,9559183,-1064457,-8494726,
600298,安琪酵母,39.15,-1.6332,8490944,3.0418,157336,8333608,-8490944,
300070,碧水源,3.41,1.4881,8484194,7.9514,9154550,-670356,-8484194,
000650,仁和药业,5.33,2.8958,8482860,6.1559,14676589,-6193729,-8482860,
300957,贝泰妮,32.56,3.0706,8474401,2.9817,-3181769,11656170,-8474401,
002701,奥瑞金,4.41,0.6849,8453378,11.2039,-127794,8581172,-8453378,
002675,东诚药业,12.76,2.3256,8431492,9.0554,2789485,5642007,-8431492,
002806,华锋股份,15.67,4.3276,8391874,3.233,578453,7813421,-8391874,
600626,申达股份,3.89,5.7065,8353860,7.7703,2111997,6241863,-8353860,
002058,紫竹高科,17.87,6.0534,8347420,7.8557,759690,7587730,-8347420,
601226,华电科工,6.92,5.3272,8345499,5.4689,658802,7686697,-8345499,
601112,振石股份,17.17,1.0,8313592,3.7817,2619359,5694233,-8313592,
688698,伟创电气,44.28,2.2633,8266993,4.109,-4416638,12683631,-8266993,
301468,博盈特焊,33.54,4.4209,8245206,5.1388,4307403,3937803,-8245206,
600570,恒生电子,20.4,1.2407,8235256,2.8101,-6576781,14812037,-8235256,
603883,老百姓,12.88,2.2222,8218111,8.0967,3786988,4431123,-8218111,
300562,乐心股份,17.49,2.9429,8197467,3.5066,-2167288,10364755,-8197467,
003001,中岩大地,20.88,4.4,8183397,1.3393,-7688715,15872112,-8183397,
000008,神州高铁,2.44,1.6667,8182703,11.2803,-4454640,12637343,-8182703,
600576,祥源文旅,5.47,1.4842,8104605,17.0947,5391946,2712659,-8104605,
000927,中国铁物,2.5,0.8065,8085200,8.7144,2309553,5775647,-8085200,
301218,华是科技,45.97,3.3731,8083323,2.403,8084382,-1059,-8083323,
002304,洋河股份,38.4,0.8933,8070992,6.2233,1758010,6312982,-8070992,
603300,海南华铁,4.71,1.5086,8062305,6.8586,9440046,-1377741,-8062305,
603099,长白山,42.28,7.6923,8058811,0.9108,7374285,684526,-8058811,
301155,海力风电,43.09,2.3759,8052588,2.496,4557019,3495569,-8052588,
300389,艾比森,13.53,6.2844,8041109,4.8408,2632601,5408508,-8041109,
002500,山西证券,5.27,1.1516,8032318,7.8849,5155709,2876609,-8032318,
688004,博汇科技,33.93,-3.7993,8015498,1.603,-28265687,36281185,-8015498,
603897,长城科技,30.89,0.7173,7979015,2.8013,-7265714,15244729,-7979015,
002546,新联电子,7.65,0.5256,7968055,11.5966,-469145,8437200,-7968055,
600100,同方股份,6.88,1.1765,7964502,6.9547,6269824,1694678,-7964502,
603001,奥康国际,11.47,9.9712,7961830,2.4653,32051413,-24089583,-7961830,
600022,山东钢铁,1.32,0.7634,7953569,8.1358,10000965,-2047396,-7953569,
300717,华信新材,19.48,9.2541,7950258,6.932,-4785819,12736077,-7950258,
001386,马可波罗,16.37,2.6332,7938135,11.1319,6533992,1404143,-7938135,
003009,中天火箭,48.28,0.3742,7932945,6.3883,2483410,5449535,-7932945,
688228,开普云,82.84,3.6796,7916521,6.4561,920201,6996320,-7916521,
002020,京新药业,11.75,3.0702,7885040,3.7909,12461724,-4576684,-7885040,
002415,海康威视,32.58,-1.0929,7879194,0.4184,-132437494,140316688,-7879194,
688808,联讯仪器,2339.1,-5.2229,7864736,0.2818,-168746848,176611584,-7864736,
600482,中国动力,35.55,4.7128,7858531,1.1439,-5302146,13160677,-7858531,
002380,科远智慧,27.35,1.9001,7853367,8.7018,1029462,6823905,-7853367,
002940,昂利康,23.76,2.5907,7835712,4.1437,-314894,8150606,-7835712,
000158,常山北明,13.15,2.7344,7833781,1.4236,9648369,-1814588,-7833781,
002208,合肥城建,10.38,3.5928,7832991,2.1161,-5527474,13360465,-7832991,
600156,华升股份,9.27,3.5754,7830818,2.7883,3098237,4732581,-7830818,
300043,星辉娱乐,4.47,1.1312,7825394,7.7903,6397112,1428282,-7825394,
300947,德必集团,15.61,8.2524,7825394,7.6189,2487857,5337537,-7825394,
600787,中储股份,4.63,1.5351,7813527,10.2567,4903343,2910184,-7813527,
002067,景兴纸业,4.19,2.445,7804099,6.5072,3843534,3960565,-7804099,
300551,古鳌科技,11.66,4.0143,7791773,7.8317,5097166,2694607,-7791773,
600715,文投控股,1.65,1.227,7772565,14.6625,-627864,8400429,-7772565,
002440,闰土股份,12.44,2.6403,7758871,1.557,-11896117,19654988,-7758871,
603367,辰欣药业,14.46,4.0288,7754808,5.7755,1405716,6349092,-7754808,
000895,双汇发展,23.26,-0.1288,7742951,3.6235,-1952424,9695375,-7742951,
300781,因赛集团,27.3,3.2136,7741889,5.2151,2958455,4783434,-7741889,
300490,华自科技,11.06,2.6927,7720748,4.7694,2988600,4732148,-7720748,
000058,深赛格,7.3,3.8407,7709094,10.1276,-421550,8130644,-7709094,
600057,厦门象屿,6.15,1.318,7695634,6.7899,4633205,3062429,-7695634,
601825,沪农商行,8.82,0.8,7678791,5.4375,-729358,8408149,-7678791,
688602,康鹏科技,6.97,1.7518,7675901,21.714,0,7675901,-7675901,
600976,健民集团,27.58,4.3116,7642047,11.0802,5147994,2494053,-7642047,
601179,中国西电,12.37,1.1447,7616564,1.1976,28851951,-21235387,-7616564,
300840,酷特智能,20.08,2.9744,7612074,2.3905,578783,7033291,-7612074,
601595,上海电影,24.1,-1.6728,7574549,1.9202,10675282,-3100733,-7574549,
001331,胜通能源,46.16,2.8979,7566248,2.3551,-26708307,34274555,-7566248,
603008,ST喜临门,10.11,6.9841,7560879,3.9328,2005454,5555425,-7560879,
603286,日盈电子,44.91,1.6523,7560570,5.402,1176842,6383728,-7560570,
600009,上海机场,22.91,1.0141,7559343,6.77,5739976,1819367,-7559343,
000552,甘肃能化,2.53,2.8455,7528187,4.1468,-7494883,15023070,-7528187,
688368,晶丰明源,146.85,-1.443,7498141,1.3626,-14668221,22166362,-7498141,
603858,步长制药,14.77,1.6518,7494438,10.0139,-2308939,9803377,-7494438,
600969,郴电国际,10.32,4.6653,7478282,5.5721,3987634,3490648,-7478282,
000906,浙商中拓,6.23,1.3008,7473084,12.6149,1248000,6225084,-7473084,
301315,威士顿,42.8,9.9127,7439932,3.6755,7485761,-45829,-7439932,
603882,金域医学,28.76,2.6776,7437569,2.0052,5182756,2254813,-7437569,
301286,侨源股份,48.38,3.354,7433477,7.2863,8085907,-652430,-7433477,
002773,康弘药业,20.4,4.3478,7394979,3.5026,8672583,-1277604,-7394979,
600258,首旅酒店,11.42,0.6167,7374049,4.9183,3053745,4320304,-7374049,
301209,联合化学,62.62,1.7384,7372951,4.1386,4968951,2404000,-7372951,
301262,海看股份,20.41,1.7955,7360608,3.409,-13484071,20844679,-7360608,
300193,佳士科技,8.0,2.5641,7349744,22.7687,1597273,5752471,-7349744,
002840,华统股份,8.41,4.3424,7337321,3.8964,3762204,3575117,-7337321,
605228,XD神通科,11.3,6.0038,7284693,6.5516,3463842,3820851,-7284693,
601077,渝农商行,6.59,0.9188,7243231,1.8051,38558872,-31315641,-7243231,
000966,长源电力,4.06,0.0,7218386,7.4317,830938,6387448,-7218386,
000623,吉林敖东,17.75,1.082,7216970,4.6775,7561311,-344341,-7216970,
688234,天岳先进,106.38,-0.8574,7215203,0.9368,10710871,-3495668,-7215203,
000837,秦川机床,9.83,1.5496,7202740,5.3224,1439582,5763158,-7202740,
600072,中船科技,9.06,1.5695,7193612,4.5118,-2935095,10128707,-7193612,
002184,海得控制,10.04,3.2922,7185185,9.7798,1497934,5687251,-7185185,
301046,能辉科技,34.39,6.4376,7184802,3.0136,896978,6287824,-7184802,
003039,顺控发展,13.12,3.2258,7182966,6.9528,6635396,547570,-7182966,
002385,大北农,3.26,2.1944,7182319,2.2184,-22864053,30046372,-7182319,
002903,宇环数控,31.5,2.4057,7180335,2.5066,6079187,1101148,-7180335,
300078,思创智联,2.77,3.3582,7177588,7.7941,0,7177588,-7177588,
603598,引力传媒,17.24,0.0,7150337,4.0826,1819678,5330659,-7150337,
002818,富森美,11.5,0.1742,7120027,17.9436,2867187,4252840,-7120027,
300239,东宝生物,5.2,5.9063,7115309,9.5997,3748961,3366348,-7115309,
601878,浙商证券,9.15,0.7709,7110016,5.063,12484256,-5374240,-7110016,
300746,汉嘉数智,15.11,5.8865,7098314,6.6482,652947,6445367,-7098314,
600642,申能股份,8.6,-0.8074,7068662,6.0974,1745839,5322823,-7068662,
300095,华伍股份,9.31,1.4161,7060709,5.8189,-1499150,8559859,-7060709,
603900,莱绅通灵,6.93,1.6129,7055952,4.6648,1522520,5533432,-7055952,
600508,上海能源,10.92,2.6316,7006296,3.7987,2728541,4277755,-7006296,
603876,鼎胜新材,18.6,-1.8987,6995498,2.3242,-8130151,15125649,-6995498,
301367,瑞迈特,46.22,4.5228,6994870,6.1412,1222463,5772407,-6994870,
300159,新研股份,2.92,1.0381,6990855,8.4451,0,6990855,-6990855,
603666,亿嘉和,26.84,3.6293,6984616,7.1155,-2529237,9513853,-6984616,
300249,依米康,13.69,1.6333,6978689,3.7808,-1455196,8433885,-6978689,
002901,大博医疗,39.62,2.0082,6966936,12.526,1717787,5249149,-6966936,
603323,苏农银行,4.38,-0.4545,6966308,6.5875,5177123,1789185,-6966308,
600332,白云山,19.73,1.0758,6965027,6.1323,1119471,5845556,-6965027,
601083,锦江航运,13.02,3.6624,6941168,4.6814,0,6941168,-6941168,
001233,海安集团,48.97,7.4375,6940248,1.7967,17249403,-10309155,-6940248,
001217,华尔泰,10.84,5.8594,6937958,12.7022,3619769,3318189,-6937958,
300121,阳谷华泰,9.94,3.5417,6916750,4.5785,2565901,4350849,-6916750,
688176,亚虹医药-U,14.73,15.9843,6913209,1.3316,23343242,-16430033,-6913209,
300359,全通教育,4.11,2.4938,6911435,14.5137,1539572,5371863,-6911435,
000905,厦门港务,9.37,-0.3191,6902338,4.4742,482722,6419616,-6902338,
000009,中国宝安,7.03,0.4286,6898981,7.822,5332480,1566501,-6898981,
300026,红日药业,3.35,4.6875,6892278,2.4116,1005000,5887278,-6892278,
300225,金力泰,8.57,4.1312,6888803,2.8348,8603132,-1714329,-6888803,
603976,正川股份,32.04,5.7775,6872037,3.6522,-675697,7547734,-6872037,
600085,同仁堂,23.66,1.8949,6828776,4.8628,1806148,5022628,-6828776,
300748,金力永磁,25.74,1.4984,6819263,1.8393,-1165238,7984501,-6819263,
300668,杰恩股份,32.42,0.9969,6782883,6.1124,738401,6044482,-6782883,
002948,青岛银行,6.07,0.3306,6774626,3.6592,2940713,3833913,-6774626,
300697,电工合金,15.41,2.8019,6767498,4.0983,11628819,-4861321,-6767498,
000153,丰原药业,6.3,5.1753,6745796,7.1248,1249844,5495952,-6745796,
603727,博迈科,18.7,6.25,6735945,5.9663,8639036,-1903091,-6735945,
002391,长青股份,5.29,2.5194,6719168,17.3443,1321545,5397623,-6719168,
300291,百纳千成,5.49,3.1955,6694708,2.32,-16581718,23276426,-6694708,
600507,方大特钢,4.11,0.2439,6693891,15.0628,7295630,-601739,-6693891,
603628,清源股份,10.57,1.8304,6688250,11.8418,5284907,1403343,-6688250,
300416,苏试试验,14.33,0.1398,6686543,4.9329,3273611,3412932,-6686543,
688680,海优新材,36.47,7.2647,6684823,6.2006,1984276,4700547,-6684823,
300461,田中精机,34.7,4.3609,6673482,2.837,3512493,3160989,-6673482,
301349,信德新材,49.71,8.3951,6673356,2.201,7471150,-797794,-6673356,
601789,宁波建工,4.2,1.4493,6669710,8.1101,4942767,1726943,-6669710,
600461,洪城环境,8.88,-0.7821,6665486,5.849,-2300129,8965615,-6665486,
603799,华友钴业,36.07,0.8105,6652803,0.5756,-24995517,31648320,-6652803,
601279,英利汽车,3.51,0.8621,6640836,14.4555,0,6640836,-6640836,
688125,安达智能,124.9,1.2238,6633411,5.9476,-727462,7360873,-6633411,
301197,工大科雅,26.3,4.076,6605618,7.3257,-1605424,8211042,-6605618,
001316,润贝航科,29.62,5.3718,6597966,3.6185,-3260299,9858265,-6597966,
600757,长江传媒,7.3,1.108,6588950,7.2718,1047054,5541896,-6588950,
600035,楚天高速,3.66,0.0,6582508,21.1316,4349950,2232558,-6582508,
002649,博彦科技,9.42,1.5086,6560737,5.7998,-4095698,10656435,-6560737,
300510,金冠股份,3.51,1.7391,6552977,8.8089,3100270,3452707,-6552977,
300276,三丰智能,6.06,1.0,6545702,5.0182,9130111,-2584409,-6545702,
603091,众鑫股份,48.21,2.7932,6542519,17.3083,7761098,-1218579,-6542519,
000751,锌业股份,4.69,1.2959,6530722,5.6101,8642724,-2112002,-6530722,
300084,海默科技,10.56,3.3268,6528598,6.9108,-5461268,11989866,-6528598,
000025,特力Ａ,15.28,3.7339,6519675,6.2217,2425748,4093927,-6519675,
001221,悍高集团,36.27,3.5398,6502820,5.916,5481920,1020900,-6502820,
002805,丰元股份,16.82,-0.4734,6500323,4.3963,-2525046,9025369,-6500323,
300006,莱美药业,5.51,4.9524,6491513,3.4087,-4255507,10747020,-6491513,
300902,国安达,17.95,3.4582,6484223,6.5937,-1040983,7525206,-6484223,
300916,朗特智能,26.86,4.9219,6483219,5.7353,6276154,207065,-6483219,
600109,国金证券,8.33,0.9697,6483113,3.5549,-2911859,9394972,-6483113,
605258,协和电子,38.33,2.3498,6477343,2.8096,6103713,373630,-6477343,
001215,千味央厨,32.22,5.8128,6473574,7.0419,7881797,-1408223,-6473574,
600864,哈投股份,5.95,1.3629,6457140,1.8063,-118807,6575947,-6457140,
002446,盛路通信,8.29,1.968,6452009,3.3323,10994232,-4542223,-6452009,
603334,丰倍生物,32.35,2.8617,6445572,6.7078,-514121,6959693,-6445572,
688393,安必平,21.9,11.0548,6428101,6.0149,-268519,6696620,-6428101,
601228,广州港,3.1,0.9772,6417398,10.1525,5637784,779614,-6417398,
300025,华星创业,5.97,8.5455,6416048,5.504,-1328290,7744338,-6416048,
001227,兰州银行,2.12,0.4739,6386940,5.7277,4889064,1497876,-6386940,
301033,迈普医学,55.05,2.7436,6383971,6.5216,5595037,788934,-6383971,
600908,无锡银行,5.75,-0.1736,6382494,7.5622,3995539,2386955,-6382494,
600056,中国医药,9.1,1.7897,6381185,5.6691,-8001663,14382848,-6381185,
605018,长华集团,11.86,2.9514,6371275,5.283,45220,6326055,-6371275,
603638,艾迪精密,18.4,0.4915,6361316,6.0343,205861,6155455,-6361316,
603031,安孚科技,42.41,-0.6559,6358324,2.1061,-7244457,13602781,-6358324,
002053,云南能投,9.72,0.9346,6331810,12.0057,664138,5667672,-6331810,
001209,洪兴股份,19.42,4.803,6327033,2.5745,4298864,2028169,-6327033,
600211,西藏药业,36.77,1.7151,6317309,7.0521,1330796,4986513,-6317309,
000513,丽珠集团,26.7,1.7918,6311839,5.1183,-684337,6996176,-6311839,
003002,壶化股份,16.76,2.759,6305014,4.6676,584870,5720144,-6305014,
300988,津荣天宇,16.19,3.121,6302519,9.146,4394704,1907815,-6302519,
002989,中天精装,24.81,2.0988,6294905,3.5712,-8380230,14675135,-6294905,
600403,大有能源,6.91,2.5223,6279327,1.0048,25445326,-19165999,-6279327,
002232,启明信息,15.75,1.7442,6273858,2.4529,1463212,4810646,-6273858,
000528,柳工,7.69,0.5229,6269672,4.0431,12030273,-5760601,-6269672,
002609,捷顺科技,7.8,2.228,6264452,14.9652,-1171500,7435952,-6264452,
000541,佛山照明,4.96,1.0183,6235264,21.5306,7346961,-1111697,-6235264,
601139,深圳燃气,6.32,-0.3155,6233564,7.7426,4574015,1659549,-6233564,
301507,民生健康,12.94,8.3752,6219383,5.2631,2524420,3694963,-6219383,
300247,融捷健康,3.73,3.8997,6176058,11.0169,2225177,3950881,-6176058,
002736,国信证券,9.93,1.1202,6169519,3.3876,8681253,-2511734,-6169519,
600710,苏美达,11.53,1.1404,6168533,5.0012,4775592,1392941,-6168533,
002457,青龙管业,11.79,3.4211,6149275,2.5123,9998547,-3849272,-6149275,
000779,甘咨询,9.0,1.81,6148841,1.9786,3615047,2533794,-6148841,
300407,凯发电气,11.08,4.825,6143823,5.6977,4693448,1450375,-6143823,
301151,冠龙节能,22.7,2.3445,6132857,6.0102,0,6132857,-6132857,
300221,银禧科技,14.35,1.4851,6124751,1.9083,596183,5528568,-6124751,
600728,佳都科技,4.53,0.4435,6122495,7.4574,4908725,1213770,-6122495,
301246,宏源药业,18.07,3.2571,6111385,4.4285,6536976,-425591,-6111385,
000800,一汽解放,5.93,0.3384,6106768,11.3593,3640170,2466598,-6106768,
300248,新开普,8.32,1.5873,6096727,12.6936,0,6096727,-6096727,
002777,久远银海,12.72,2.3331,6087009,10.2838,2190362,3896647,-6087009,
001229,魅视科技,39.55,-1.1003,6074844,2.5886,-2228057,8302901,-6074844,
600006,东风股份,5.32,0.9488,6067173,8.5153,1266671,4800502,-6067173,
601577,长沙银行,9.72,-0.715,6061986,3.6208,-5253719,11315705,-6061986,
600630,龙头股份,9.12,10.0121,6055798,1.4487,20059555,-14003757,-6055798,
600307,酒钢宏兴,1.51,2.027,6006089,10.1988,5062288,943801,-6006089,
002152,广电运通,9.34,0.6466,5998515,4.7051,-832644,6831159,-5998515,
002107,沃华医药,7.24,5.5394,5990914,2.8807,7627863,-1636949,-5990914,
688410,山外山,10.06,5.5614,5957008,3.8375,-1889270,7846278,-5957008,
300715,凯伦股份,14.89,6.5093,5952321,3.1274,6458607,-506286,-5952321,
002269,美邦服饰,1.45,2.1127,5946924,6.7556,-1709921,7656845,-5946924,
300349,金卡智能,10.23,1.994,5926529,15.3896,21273,5905256,-5926529,
301355,南王科技,12.26,4.9658,5920385,7.1287,906193,5014192,-5920385,
601801,皖新传媒,5.52,3.3708,5919021,2.3748,-1469918,7388939,-5919021,
603231,索宝蛋白,17.15,2.6946,5903465,14.4551,1042457,4861008,-5903465,
002268,电科网安,14.93,1.3578,5897745,2.0577,-5884736,11782481,-5897745,
002830,名雕股份,15.12,3.8462,5896336,8.054,1946524,3949812,-5896336,
300213,佳讯飞鸿,6.58,4.4444,5890230,7.0924,-2322138,8212368,-5890230,
600004,白云机场,7.68,0.6553,5864482,11.6036,-1079676,6944158,-5864482,
001238,浙江正特,26.88,2.1665,5863335,6.5112,838585,5024750,-5863335,
002553,南方精工,15.92,1.5954,5860195,3.2564,602453,5257742,-5860195,
002567,唐人神,3.85,2.9412,5841915,5.8571,4636984,1204931,-5841915,
301055,张小泉,32.28,5.4213,5835405,4.4097,-8129760,13965165,-5835405,
600765,中航重机,13.62,1.3393,5803178,2.822,350270,5452908,-5803178,
002905,金逸影视,9.04,5.6075,5775033,7.3139,2452901,3322132,-5775033,
301010,晶雪节能,19.1,3.9173,5768281,5.6183,-154043,5922324,-5768281,
000039,中集集团,9.32,1.8579,5765168,3.027,11071034,-5305866,-5765168,
300981,中红医疗,18.79,3.5262,5759020,1.0725,6183684,-424664,-5759020,
300678,中科信息,21.73,1.637,5757211,7.26,-434408,6191619,-5757211,
600029,南方航空,4.95,0.4057,5754104,2.2879,10148078,-4393974,-5754104,
002392,北京利尔,7.86,0.8986,5728537,7.3236,4885906,842631,-5728537,
301277,新天地,10.42,5.6795,5726839,8.6744,2054891,3671948,-5726839,
002659,凯文教育,4.62,4.0541,5725059,10.7675,1567276,4157783,-5725059,
688277,天智航-U,15.59,4.2112,5720785,5.4231,5800277,-79492,-5720785,
603713,密尔克卫,68.32,4.9946,5702121,3.2567,-29666,5731787,-5702121,
002988,豪美新材,32.1,2.0019,5695695,3.5434,2274109,3421586,-5695695,
688249,晶合集成,36.55,-0.5442,5692429,1.0079,6070464,-378035,-5692429,
688191,智洋创新,21.58,1.2195,5659989,3.8643,3249655,2410334,-5659989,
002266,浙富控股,5.05,1.4056,5659097,1.524,8362043,-2702946,-5659097,
688131,XD皓元医,102.18,3.5258,5659071,1.1864,12203976,-6544905,-5659071,
301339,通行宝,11.6,4.9774,5637246,4.783,2794207,2843039,-5637246,
300891,惠云钛业,7.92,3.3943,5636237,7.4622,-5720301,11356538,-5636237,
688013,天臣医疗,23.68,5.5729,5631870,17.5338,1158458,4473412,-5631870,
600758,辽宁能源,3.74,1.9074,5631043,4.0485,7182899,-1551856,-5631043,
603368,柳药集团,15.56,1.2362,5627405,13.0931,2799209,2828196,-5627405,
300775,三角防务,21.59,2.5166,5625185,2.1014,1422548,4202637,-5625185,
601106,中国一重,3.06,0.6579,5609147,3.6333,-2898461,8507608,-5609147,
603803,瑞斯康达,11.85,0.8511,5608693,2.9985,-1142324,6751017,-5608693,
605286,同力天启,25.61,2.44,5602882,5.7702,3726556,1876326,-5602882,
301067,显盈科技,33.3,2.3041,5599212,5.2266,7855580,-2256368,-5599212,
603489,八方股份,29.49,1.9005,5594069,7.9835,1000578,4593491,-5594069,
000042,中洲控股,8.53,3.3939,5586463,11.0645,1878240,3708223,-5586463,
002823,凯中精密,12.97,1.7255,5578514,11.5665,5970252,-391738,-5578514,
603018,XD华设集,5.31,3.5088,5574872,10.9569,2138812,3436060,-5574872,
300798,锦鸡股份,8.78,6.0386,5572821,1.6208,-5656391,11229212,-5572821,
000719,中原传媒,12.01,-1.8791,5569152,6.6736,1616891,3952261,-5569152,
688160,步科股份,97.79,0.1434,5561294,4.3731,722115,4839179,-5561294,
605179,一鸣食品,27.31,6.3474,5556868,0.8329,16162148,-10605280,-5556868,
600681,百川能源,3.52,1.1494,5554007,11.4256,1160406,4393601,-5554007,
000055,方大集团,3.78,0.8,5545406,5.8719,3521423,2023983,-5545406,
301115,联检科技,35.35,7.0563,5542120,1.6853,693205,4848915,-5542120,
300521,爱司凯,25.8,3.2,5540507,7.0098,3214704,2325803,-5540507,
001288,运机集团,30.71,2.7778,5532885,3.7693,6130494,-597609,-5532885,
601339,百隆东方,7.22,-0.6878,5528567,9.5402,0,5528567,-5528567,
300283,温州宏丰,14.6,2.0266,5516410,0.8039,10413362,-4896952,-5516410,
600120,浙江东方,4.78,1.0571,5500054,3.7796,13195342,-7695288,-5500054,
600657,信达地产,3.15,7.5085,5489082,1.5124,20088891,-14599809,-5489082,
000544,中原环保,7.3,0.551,5484814,21.722,0,5484814,-5484814,
002389,航天彩虹,19.23,2.9443,5473598,1.2463,-3925530,9399128,-5473598,
002408,齐翔腾达,5.48,1.4815,5453385,5.0299,2664346,2789039,-5453385,
300123,ST亚光,4.54,-0.2198,5450997,6.763,1558258,3892739,-5450997,
603856,东宏股份,11.71,2.5394,5448574,15.4351,4201746,1246828,-5448574,
688016,心脉医疗,86.08,1.5573,5433628,5.8984,-4743317,10176945,-5433628,
002492,恒基达鑫,6.2,7.0812,5431041,6.1688,-49114,5480155,-5431041,
601166,兴业银行,17.73,-0.2812,5409112,0.556,-28656840,34065952,-5409112,
600433,冠豪高新,3.38,2.1148,5404980,6.3327,7640062,-2235082,-5404980,
600132,重庆啤酒,38.11,0.9002,5370900,5.9836,-584168,5955068,-5370900,
301300,远翔新材,33.7,-1.4908,5369653,5.2244,666882,4702771,-5369653,
301061,匠心家居,43.74,3.1117,5364432,1.9007,-8694170,14058602,-5364432,
300311,任子行,5.98,4.0,5355027,1.2233,-628017,5983044,-5355027,
603609,禾丰股份,6.52,3.1646,5346836,16.851,340200,5006636,-5346836,
605033,美邦股份,19.74,6.8182,5344957,5.2243,2018887,3326070,-5344957,
301178,天亿马,38.09,3.365,5318496,3.6816,5607871,-289375,-5318496,
000936,华西股份,5.66,1.982,5316480,3.5648,1046779,4269701,-5316480,
000062,深圳华强,23.76,2.9017,5285770,0.6884,-26026259,31312029,-5285770,
002995,天地在线,17.47,3.8644,5278455,2.635,2921617,2356838,-5278455,
603229,奥翔药业,7.91,4.3536,5274473,6.4901,-1478354,6752827,-5274473,
300324,旋极信息,3.45,2.071,5272609,5.271,2049653,3222956,-5272609,
301018,申菱环境,104.09,-0.8855,5265760,0.3313,24387760,-19122000,-5265760,
301525,儒竞科技,39.89,3.476,5233838,6.8327,747754,4486084,-5233838,
300531,优博讯,15.73,2.1429,5222723,4.2341,1558159,3664564,-5222723,
300106,西部牧业,10.92,1.2048,5215084,6.0486,453268,4761816,-5215084,
002550,千红制药,6.6,2.6439,5211802,5.7851,3187809,2023993,-5211802,
600089,特变电工,18.3,0.9377,5192260,0.7057,35372829,-30180569,-5192260,
300286,安科瑞,19.61,1.5536,5189945,7.0737,579294,4610651,-5189945,
600255,鑫科材料,3.73,2.7548,5189373,1.5079,12960698,-7771325,-5189373,
600335,国机汽车,5.23,1.3566,5185067,8.9198,-2138496,7323563,-5185067,
300168,万达信息,4.8,1.6949,5181942,7.5671,-402208,5584150,-5181942,
603998,方盛制药,10.71,3.0799,5179112,3.7319,3485613,1693499,-5179112,
002289,宇顺电子,36.61,-0.5973,5173670,3.5604,3124678,2048992,-5173670,
301270,汉仪股份,33.09,1.9095,5165595,6.6217,3827539,1338056,-5165595,
603855,华荣股份,17.02,1.7943,5164552,15.4627,477703,4686849,-5164552,
300534,陇神戎发,13.83,8.1314,5159736,0.4906,26267695,-21107959,-5159736,
600649,城投控股,4.11,4.0506,5156583,2.7988,16524503,-11367920,-5156583,
600718,东软集团,8.11,2.5284,5148734,7.0338,-1067368,6216102,-5148734,
003000,劲仔食品,9.55,1.5957,5145592,12.6087,0,5145592,-5145592,
600511,国药股份,26.27,0.8058,5134795,6.3897,1069784,4065011,-5134795,
300826,测绘股份,15.75,1.7442,5131873,5.2355,172339,4959534,-5131873,
300146,汤臣倍健,9.34,1.1918,5121486,5.2116,3098533,2022953,-5121486,
002034,旺能环境,14.57,1.3213,5114473,7.3064,2408800,2705673,-5114473,
300307,慈星股份,7.33,3.2394,5106360,3.2296,-8111798,13218158,-5106360,
601939,建设银行,10.93,1.1101,5105642,0.524,-9670253,14775895,-5105642,
605118,力鼎光电,33.4,0.9674,5104838,3.7607,5366287,-261449,-5104838,
603899,晨光股份,21.75,0.046,5103861,9.3838,1087000,4016861,-5103861,
002213,大为股份,29.58,0.6807,5100485,1.2218,4788712,311773,-5100485,
688190,云路股份,73.73,2.417,5093711,5.011,4694321,399390,-5093711,
600820,隧道股份,5.27,0.1901,5090432,6.5913,3630983,1459449,-5090432,
603113,金能科技,5.03,2.863,5087780,7.0205,1465120,3622660,-5087780,
000989,九芝堂,8.97,3.341,5078258,2.8748,7670831,-2592573,-5078258,
301683,慧谷新材,100.68,2.0992,5072637,6.7196,1988469,3084168,-5072637,
600408,安泰集团,3.1,2.3102,5071799,5.1684,1525000,3546799,-5071799,
300910,瑞丰新材,28.45,2.4856,5070184,3.3403,-678936,5749120,-5070184,
000825,太钢不锈,3.44,1.4749,5067428,4.8183,8792863,-3725435,-5067428,
600076,康欣新材,2.3,5.0228,5060734,2.7685,11056383,-5995649,-5060734,
300397,天和防务,10.78,0.7477,5057938,4.6807,-1129552,6187490,-5057938,
603421,鼎信通讯,7.03,1.443,5054650,2.1877,6842800,-1788150,-5054650,
600075,新疆天业,4.7,3.2967,5052576,6.3546,5385673,-333097,-5052576,
000078,ST海王,1.57,3.2895,5048810,5.3229,3296296,1752514,-5048810,
000570,苏常柴Ａ,5.35,1.711,5028976,9.3198,1138201,3890775,-5028976,
600416,湘电股份,8.67,1.7606,5024461,5.1171,-4566611,9591072,-5024461,
601500,通用股份,3.91,0.5141,5008276,15.1353,0,5008276,-5008276,
601236,红塔证券,6.84,1.6345,5003678,6.0032,11746314,-6742636,-5003678,
002102,ST能特,2.83,4.428,5003033,9.8601,-1004640,6007673,-5003033,
301279,金道科技,23.94,5.4626,5002378,5.9207,-890711,5893089,-5002378,
300420,五洋自控,7.71,2.2546,4990468,1.0859,-7681844,12672312,-4990468,
300340,科恒股份,8.87,5.2195,4986115,6.9522,0,4986115,-4986115,
688655,迅捷兴,73.21,12.6134,4985671,0.4759,-1419689,6405360,-4985671,
603303,得邦照明,28.68,3.2026,4973980,6.1544,203720,4770260,-4973980,
002494,华斯股份,4.8,5.2632,4926341,6.1641,1418645,3507696,-4926341,
002115,三维通信,10.14,0.4955,4909909,1.9582,-8194969,13104878,-4909909,
603917,合力科技,14.35,4.9744,4905000,4.798,-25783,4930783,-4905000,
000869,张裕Ａ,16.78,3.5163,4901800,10.176,1665144,3236656,-4901800,
688580,伟思医疗,44.07,3.0877,4901614,8.6069,8134939,-3233325,-4901614,
688488,艾迪药业,16.6,8.2138,4897325,2.12,-1609630,6506955,-4897325,
688786,悦安新材,29.53,2.3925,4889326,3.1803,-948036,5837362,-4889326,
688009,中国通号,4.7,0.6424,4887295,5.2343,0,4887295,-4887295,
300238,冠昊生物,11.92,5.9556,4879426,4.3994,219581,4659845,-4879426,
605319,无锡振华,23.27,3.1015,4858132,3.0059,-3759126,8617258,-4858132,
600125,铁龙物流,5.34,1.1364,4841742,10.9122,6348621,-1506879,-4841742,
301257,普蕊斯,41.73,5.1663,4830163,2.0493,1781380,3048783,-4830163,
002568,百润股份,18.29,2.0647,4826648,2.7248,6331878,-1505230,-4826648,
002945,华林证券,14.63,2.6667,4821701,1.6231,6615519,-1793818,-4821701,
688581,安杰思,57.18,3.7185,4817921,7.7471,3281705,1536216,-4817921,
002374,中锐股份,3.19,2.9032,4806719,8.2946,1652043,3154676,-4806719,
000816,智慧农业,2.94,3.1579,4805713,4.2233,370431,4435282,-4805713,
605066,天正电气,6.92,2.5185,4800978,8.7689,-189008,4989986,-4800978,
002605,姚记科技,16.84,1.0804,4797474,8.2915,0,4797474,-4797474,
301313,凡拓数创,31.07,1.3042,4795728,4.4356,1560828,3234900,-4795728,
300686,智动力,15.13,1.817,4794213,6.163,1514035,3280178,-4794213,
688061,灿瑞科技,46.2,1.8294,4791648,4.3363,-1800147,6591795,-4791648,
601019,山东出版,6.81,1.1887,4791433,6.5475,2247089,2544344,-4791433,
300451,创业慧康,3.44,2.381,4773745,6.3455,-525758,5299503,-4773745,
600679,上海凤凰,10.52,2.3346,4771765,5.777,1268526,3503239,-4771765,
002424,ST百灵,4.58,1.7778,4767944,15.5308,-1038310,5806254,-4767944,
003004,声迅股份,61.37,0.3762,4765703,2.1464,-12001140,16766843,-4765703,
002056,横店东磁,20.26,-0.197,4764386,1.4065,-6734575,11498961,-4764386,
601518,吉林高速,2.79,0.3597,4764108,12.1132,-4478169,9242277,-4764108,
301266,宇邦新材,25.8,5.6944,4751607,3.6159,249896,4501711,-4751607,
600054,黄山旅游,10.9,1.0195,4728972,6.3112,2467874,2261098,-4728972,
600866,星湖科技,4.23,3.423,4728034,4.107,11530494,-6802460,-4728034,
301157,华塑科技,68.41,5.4896,4723066,5.7803,1087507,3635559,-4723066,
301601,惠通科技,16.03,7.0808,4713816,4.5399,-2561382,7275198,-4713816,
601921,浙版传媒,7.5,1.9022,4704337,7.0848,0,4704337,-4704337,
300581,晨曦航空,10.46,1.85,4696217,4.3259,2786488,1909729,-4696217,
600210,紫江企业,6.25,0.321,4696005,6.1936,2739409,1956596,-4696005,
002098,浔兴股份,8.31,5.0569,4694936,8.1865,132342,4562594,-4694936,
603328,依顿电子,13.8,4.3873,4686428,0.5394,-5153264,9839692,-4686428,
002301,齐心集团,8.43,7.9385,4679592,2.302,9616759,-4937167,-4679592,
300492,华图山鼎,22.25,2.9616,4666163,8.3548,512300,4153863,-4666163,
002514,*ST宝馨,2.69,4.2636,4661505,4.4736,477195,4184310,-4661505,
605128,上海沿浦,23.26,2.5121,4640467,4.7599,1626369,3014098,-4640467,
002160,常铝股份,3.96,1.2788,4639369,11.8928,3052485,1586884,-4639369,
000027,深圳能源,6.28,-0.159,4635039,4.279,-4932399,9567438,-4635039,
000901,航天科技,14.48,0.7655,4627173,3.1126,-1677223,6304396,-4627173,
300310,宜通世纪,4.35,1.3986,4626044,6.0733,229416,4396628,-4626044,
601096,宏盛华源,4.16,1.2165,4614237,7.4351,4909908,-295671,-4614237,
002683,广东宏大,28.83,2.5614,4610708,2.0884,4499394,111314,-4610708,
688267,中触媒,22.66,3.8497,4609530,3.4477,1709130,2900400,-4609530,
300919,中伟新材,38.15,0.3155,4578888,1.4326,-1040749,5619637,-4578888,
000949,新乡化纤,7.01,2.4854,4578759,2.0945,8589424,-4010665,-4578759,
603517,ST绝味,11.78,0.9426,4567222,8.031,-4299665,8866887,-4567222,
300229,拓尔思,13.24,1.6897,4565479,1.8902,-5095101,9660580,-4565479,
600597,光明乳业,6.82,2.4024,4564130,6.5908,0,4564130,-4564130,
601666,平煤股份,9.01,1.8079,4552906,2.7497,2594230,1958676,-4552906,
002861,瀛通通讯,14.85,1.9918,4543888,7.9342,0,4543888,-4543888,
600827,百联股份,7.87,1.027,4541699,4.487,-2655361,7197060,-4541699,
300865,大宏立,33.03,2.3234,4531905,2.2462,-36285,4568190,-4531905,
301632,广东建科,13.65,3.3308,4531410,4.0369,3002714,1528696,-4531410,
688199,久日新材,25.37,1.1563,4526664,4.7281,-1400250,5926914,-4526664,
600305,恒顺醋业,6.76,1.8072,4526547,8.8721,3023725,1502822,-4526547,
000701,厦门信达,5.28,2.1277,4516364,7.6187,-3152,4519516,-4516364,
688057,金达莱,16.57,2.032,4514099,7.5035,997322,3516777,-4514099,
600704,物产中大,4.89,-0.2041,4496738,3.031,-9907400,14404138,-4496738,
301125,腾亚精工,14.15,6.2312,4495005,7.8887,0,4495005,-4495005,
002173,创新医疗,18.6,3.9687,4484831,0.615,12313841,-7829010,-4484831,
603103,横店影视,16.74,1.9488,4482585,2.9262,-1010178,5492763,-4482585,
300705,九典制药,10.99,4.1706,4480401,4.7903,1374319,3106082,-4480401,
603926,铁流股份,17.74,3.3197,4479834,6.1945,5228810,-748976,-4479834,
300979,华利集团,33.37,3.0893,4478950,4.2906,4577250,-98300,-4478950,
605167,利柏特,16.99,1.1912,4474897,4.5155,-220994,4695891,-4474897,
603809,豪能股份,8.69,1.4002,4461787,8.51,2491127,1970660,-4461787,
600725,云维股份,3.34,1.5198,4430866,11.4315,0,4430866,-4430866,
688692,达梦数据,204.91,0.7919,4430163,2.8223,12747193,-8317030,-4430163,
301563,云汉芯城,115.75,-0.2069,4429828,2.7242,-1202027,5631855,-4429828,
600562,国睿科技,27.76,0.7988,4422119,2.0358,-1285600,5707719,-4422119,
000677,ST海龙,1.86,3.3333,4420885,9.5669,925000,3495885,-4420885,
002358,森源电气,5.4,0.7463,4418965,8.1833,2882602,1536363,-4418965,
688811,有研复材,21.08,0.2378,4416967,3.5409,3803908,613059,-4416967,
301235,华康洁净,46.91,-0.6144,4386229,1.129,-37651830,42038059,-4386229,
300762,上海瀚讯,27.37,0.2931,4383681,1.069,-1570027,5953708,-4383681,
603313,梦百合,6.97,2.3495,4369567,2.3924,-3210456,7580023,-4369567,
603278,大业股份,9.16,0.8811,4325909,8.2367,0,4325909,-4325909,
688171,纬德信息,22.59,-3.5851,4314356,5.4051,2232926,2081430,-4314356,
688501,青达环保,16.39,6.4286,4309910,2.9099,1185440,3124470,-4309910,
000422,湖北宜化,11.98,1.1824,4306342,3.072,11156634,-6850292,-4306342,
301368,丰立智能,38.96,3.3696,4305823,5.8559,1808784,2497039,-4305823,
000557,西部创业,3.71,1.0899,4302489,18.3163,1095000,3207489,-4302489,
000537,绿发电力,7.56,0.3984,4302052,5.2676,3794854,507198,-4302052,
002678,珠江钢琴,4.45,2.5346,4297075,10.0799,0,4297075,-4297075,
001313,粤海饲料,7.49,4.7552,4289513,3.4223,892013,3397500,-4289513,
601880,辽港股份,1.47,0.0,4289469,4.0713,945601,3343868,-4289469,
301206,三元生物,23.83,1.8376,4283717,5.0653,-262468,4546185,-4283717,
001301,尚太科技,50.83,-2.2124,4280172,2.099,8000323,-3720151,-4280172,
000876,新希望,7.28,1.676,4280011,1.3824,-3710540,7990551,-4280011,
300660,江苏雷利,23.82,1.7949,4274169,3.3549,6090900,-1816731,-4274169,
002623,亚玛顿,19.83,7.0734,4271664,0.7466,-3077891,7349555,-4271664,
301567,贝隆精密,37.36,6.2269,4256312,7.7528,631719,3624593,-4256312,
300973,立高食品,25.49,1.7159,4245968,6.9824,256500,3989468,-4245968,
603309,维力医疗,11.06,2.2181,4233687,10.7182,5019112,-785425,-4233687,
301538,骏鼎达,41.65,0.8475,4231289,6.6708,1245731,2985558,-4231289,
301617,博苑新材,53.71,-1.0866,4218061,3.9944,7155258,-2937197,-4218061,
000600,建投能源,7.34,0.5479,4209267,5.7331,136281,4072986,-4209267,
603567,珍宝岛,5.56,4.9057,4208120,2.5195,33160,4174960,-4208120,
603730,岱美股份,9.97,3.1024,4202525,2.3646,9296944,-5094419,-4202525,
301228,实朴检测,57.05,0.2989,4200586,3.4507,-4091861,8292447,-4200586,
002406,远东传动,6.55,0.7692,4198767,7.3086,-992428,5191195,-4198767,
600905,三峡能源,3.64,-0.274,4195361,2.3336,-1656000,5851361,-4195361,
002746,仙坛股份,6.54,1.7107,4191811,5.6769,4837346,-645535,-4191811,
601702,华峰铝业,15.29,1.4599,4187797,5.5637,1537,4186260,-4187797,
000507,珠海港,5.06,0.5964,4185227,10.4552,-2279552,6464779,-4185227,
002390,信邦制药,3.05,3.7415,4181342,4.3519,3554520,626822,-4181342,
000819,岳阳兴长,12.36,3.6044,4172877,7.9242,-522329,4695206,-4172877,
600755,厦门国贸,5.65,0.8929,4169138,5.2212,1932609,2236529,-4169138,
002983,芯瑞达,23.24,5.7806,4160870,3.6715,1078288,3082582,-4160870,
300096,ST易联众,9.36,1.4085,4142901,14.2564,1199904,2942997,-4142901,
003010,若羽臣,29.43,-0.3724,4136897,2.6254,-5234121,9371018,-4136897,
600391,航发科技,43.6,6.2896,4135257,0.3422,61575975,-57440718,-4135257,
000733,振华科技,41.6,1.4634,4116217,0.6962,-13722908,17839125,-4116217,
603013,亚普股份,14.4,0.5587,4111766,9.6137,1781189,2330577,-4111766,
600328,中盐化工,5.79,2.6596,4111561,3.1348,6277213,-2165652,-4111561,
002263,大东南,3.28,1.8634,4107799,2.2152,3722742,385057,-4107799,
688337,普源精电,47.65,8.0744,4102495,1.0559,8671057,-4568562,-4102495,
002497,雅化集团,16.79,1.0837,4102200,1.1821,7631024,-3528824,-4102200,
002791,坚朗五金,15.29,5.5939,4087841,4.2462,-1301310,5389151,-4087841,
603605,珀莱雅,56.89,1.8986,4085476,1.1348,9061924,-4976448,-4085476,
601636,旗滨集团,5.74,3.2374,4079427,0.7183,25403225,-21323798,-4079427,
600661,昂立教育,8.83,4.745,4077987,6.2421,0,4077987,-4077987,
002037,保利联合,7.04,4.2963,4069604,9.3705,2120942,1948662,-4069604,
300972,万辰集团,163.62,-3.4918,4054667,0.6787,23690048,-19635381,-4054667,
002233,塔牌集团,7.13,0.0,4046618,5.5191,-864108,4910726,-4046618,
300936,中英科技,82.78,2.7812,4044371,1.4339,-2212768,6257139,-4044371,
001393,维通利,43.2,-1.5945,4044351,3.2597,-2760221,6804572,-4044351,
600268,国电南自,10.49,1.0597,4029807,4.615,-285870,4315677,-4029807,
300335,迪森股份,5.6,1.4493,4028325,8.7648,0,4028325,-4028325,
688296,和达科技,26.5,-0.2259,4026105,1.6272,-4765940,8792045,-4026105,
300652,雷迪克,27.05,0.9328,4017601,2.8952,3734541,283060,-4017601,
002454,松芝股份,5.1,2.6157,4014796,6.4381,-1508172,5522968,-4014796,
002862,实丰文化,15.83,2.9259,4004930,5.6037,2980585,1024345,-4004930,
688781,视涯科技-UW,43.29,9.1528,3999414,2.171,14463882,-10464468,-3999414,
002897,意华股份,70.52,0.5848,3995337,0.2953,78135769,-74140432,-3995337,
002076,星光股份,2.17,1.8779,3992224,7.4831,557976,3434248,-3992224,
002256,兆新股份,3.28,1.8634,3991017,3.602,3692530,298487,-3991017,
600639,浦东金桥,9.92,0.7107,3983897,4.7953,548736,3435161,-3983897,
600020,中原高速,3.84,0.5236,3981883,10.6099,2544768,1437115,-3981883,
601608,中信重工,4.77,0.8457,3980480,3.2341,-293172,4273652,-3980480,
300888,稳健医疗,29.61,2.9913,3975338,4.0013,3758234,217104,-3975338,
688479,友车科技,34.78,1.1047,3972261,10.0234,-1536556,5508817,-3972261,
301488,豪恩汽电,92.32,-0.8591,3956847,5.6737,3356954,599893,-3956847,
002616,长青集团,4.9,0.823,3943652,13.679,1369200,2574452,-3943652,
300813,泰林生物,22.71,4.4618,3943504,4.2767,2815539,1127965,-3943504,
600826,兰生股份,7.85,3.0184,3935318,7.3833,0,3935318,-3935318,
600720,中交设计,5.23,0.9653,3934896,14.4665,2028056,1906840,-3934896,
688733,壹石通,29.22,-0.9827,3925819,3.098,-4862996,8788815,-3925819,
601966,玲珑轮胎,10.52,0.9597,3918678,5.1924,0,3918678,-3918678,
002345,潮宏基,8.98,0.4474,3916744,4.177,-3968,3920712,-3916744,
603444,吉比特,348.91,0.3451,3903861,1.209,-1827467,5731328,-3903861,
301585,蓝宇股份,29.07,1.0779,3864372,13.7229,213991,3650381,-3864372,
600008,首创环保,2.76,0.3636,3859401,2.8173,1168550,2690851,-3859401,
600299,安迪苏,8.55,3.1363,3854003,1.6178,2333726,1520277,-3854003,
002530,金财互联,7.25,1.3986,3850160,7.764,1122597,2727563,-3850160,
301607,富特科技,44.18,-0.6521,3849542,1.1925,-3623930,7473472,-3849542,
002626,金达威,16.77,3.9678,3844833,5.3504,212516,3632317,-3844833,
688326,经纬恒润-W,58.55,0.1882,3835479,6.1993,786640,3048839,-3835479,
603201,常润股份,15.52,2.5099,3828878,8.0354,0,3828878,-3828878,
300129,泰胜风能,7.76,0.6485,3828668,1.7502,-1004238,4832906,-3828668,
002993,奥海科技,36.32,-0.4932,3806840,2.0681,7078844,-3272004,-3806840,
603198,迎驾贡酒,38.77,2.6476,3806181,2.3947,3390749,415432,-3806181,
300841,康华生物,54.33,5.3928,3804149,1.5214,8114915,-4310766,-3804149,
002563,森马服饰,5.44,0.1842,3803071,4.1338,1099031,2704040,-3803071,
000501,武商集团,7.33,2.805,3800716,6.0224,-1765049,5565765,-3800716,
002395,双象股份,12.62,1.5286,3798721,10.459,1140300,2658421,-3798721,
003007,直真科技,41.3,3.25,3798308,4.7503,1040867,2757441,-3798308,
001914,招商积余,9.17,2.9181,3793256,4.1093,3787003,6253,-3793256,
300057,万顺新材,6.61,1.0703,3792254,3.1284,7366432,-3574178,-3792254,
600867,通化东宝,7.96,1.4013,3782290,2.9336,5653213,-1870923,-3782290,
000738,航发控制,19.63,2.453,3781906,1.1641,-976958,4758864,-3781906,
000571,新大洲A,6.65,1.5267,3780239,2.2691,6064748,-2284509,-3780239,
688667,菱电电控,98.39,-0.2029,3775471,6.7758,1305070,2470401,-3775471,
601908,京运通,2.99,0.6734,3774950,4.637,2785709,989241,-3774950,
688662,富信科技,107.9,12.513,3770688,0.2279,24861376,-21090688,-3770688,
002601,龙佰集团,15.41,0.7848,3766210,2.2223,1818286,1947924,-3766210,
300824,北鼎股份,7.84,2.7523,3759339,14.3049,2099282,1660057,-3759339,
600790,轻纺城,3.68,1.3774,3756044,3.0106,1592794,2163250,-3756044,
688571,杭华股份,8.51,3.4022,3736877,8.5925,0,3736877,-3736877,
002540,亚太科技,5.02,1.006,3735019,10.5688,0,3735019,-3735019,
603992,松霖科技,20.14,0.5492,3733628,5.5709,2765908,967720,-3733628,
600712,南宁百货,5.89,10.0935,3731167,0.8866,11843051,-8111884,-3731167,
600930,华电新能,3.98,0.2519,3725123,1.0636,-2306455,6031578,-3725123,
603383,顶点软件,27.44,1.5168,3709123,5.7488,-3210049,6919172,-3709123,
002302,西部建设,4.75,1.9313,3677565,14.2597,0,3677565,-3677565,
300190,维尔利,3.85,1.5831,3676351,9.0617,3360395,315956,-3676351,
603213,镇洋发展,13.55,0.4448,3675336,19.9964,1351000,2324336,-3675336,
002363,隆基机械,6.88,2.6866,3667105,10.6819,1092800,2574305,-3667105,
688597,煜邦电力,6.57,6.3107,3655799,6.3513,0,3655799,-3655799,
001225,和泰机电,50.07,7.1474,3649225,4.3761,-5000,3654225,-3649225,
002182,宝武镁业,11.67,1.039,3648640,4.7281,3763001,-114361,-3648640,
605365,立达信,14.51,3.2006,3641921,2.8114,3607614,34307,-3641921,
000037,深南电A,9.49,0.9574,3637493,3.1453,1159685,2477808,-3637493,
300134,大富科技,8.6,2.1378,3634274,5.3071,0,3634274,-3634274,
688593,新相微,30.85,-0.8995,3625886,1.3442,-6010431,9636317,-3625886,
600803,新奥股份,18.82,0.8034,3625413,3.3753,1015300,2610113,-3625413,
000885,城发环境,11.8,0.5111,3614765,12.728,910643,2704122,-3614765,
300552,万集科技,20.8,0.9709,3612829,6.111,0,3612829,-3612829,
301231,荣信文化,29.33,4.303,3611456,1.476,-5773240,9384696,-3611456,
000551,创元科技,12.45,0.7282,3593456,3.1552,4332827,-739371,-3593456,
002401,中远海科,12.27,1.4888,3592878,11.1963,0,3592878,-3592878,
301138,华研精机,30.27,8.8849,3582504,4.7375,1315731,2266773,-3582504,
601788,光大证券,14.07,0.9326,3577186,1.7517,-8562467,12139653,-3577186,
002557,洽洽食品,18.11,0.667,3567929,4.832,2331764,1236165,-3567929,
002286,保龄宝,7.95,3.2468,3563818,2.8738,3227230,336588,-3563818,
300815,玉禾田,15.81,1.8686,3563799,2.3594,-1229469,4793268,-3563799,
605378,野马电池,14.97,0.944,3563784,4.5996,1210056,2353728,-3563784,
603086,先达股份,5.94,3.4843,3540711,5.5065,1036600,2504111,-3540711,
001388,信通电子,20.76,2.0649,3540560,4.7524,1650503,1890057,-3540560,
605588,冠石科技,47.16,0.1274,3539589,8.2335,3106314,433275,-3539589,
605166,聚合顺,8.72,5.4414,3536809,5.2836,270630,3266179,-3536809,
301120,新特电气,15.17,1.8805,3525221,4.0637,1715636,1809585,-3525221,
301290,东星医疗,28.39,3.8785,3523538,6.3728,1008474,2515064,-3523538,
301636,泽润新能,39.69,4.2006,3519016,6.9422,1142062,2376954,-3519016,
603130,云中马,38.5,0.3127,3516318,9.2877,2910313,606005,-3516318,
603733,仙鹤股份,19.28,1.1542,3512909,2.8961,4191732,-678823,-3512909,
603590,康辰药业,29.88,3.75,3510936,4.8783,641223,2869713,-3510936,
601158,重庆水务,4.02,0.2494,3509858,11.6568,1873222,1636636,-3509858,
603719,良品铺子,9.1,3.1746,3505009,10.1477,0,3505009,-3505009,
300120,经纬辉开,7.43,-3.2552,3498150,0.9982,-14369182,17867332,-3498150,
002276,万马股份,10.16,1.2961,3493834,3.1037,595537,2898297,-3493834,
301118,恒光股份,23.78,3.4363,3488227,5.8973,4830,3483397,-3488227,
688203,海正生材,19.55,10.6395,3481854,1.0922,-2791518,6273372,-3481854,
603681,永冠新材,19.66,1.9181,3461384,2.1042,-925436,4386820,-3461384,
603124,江南新材,129.88,-2.0365,3460413,0.5305,-11383005,14843418,-3460413,
603004,鼎龙科技,19.13,2.0267,3457431,9.3067,0,3457431,-3457431,
002789,*ST建艺,13.78,-1.4306,3454673,10.7522,-1482534,4937207,-3454673,
301016,雷尔伟,15.87,7.1573,3451151,3.7472,-2708711,6159862,-3451151,
688348,昱能科技,30.28,0.3979,3450893,9.9164,0,3450893,-3450893,
600152,维科技术,7.94,-0.6258,3449764,3.6544,-4452500,7902264,-3449764,
688078,龙软科技,30.32,4.6961,3442050,4.2621,-1196070,4638120,-3442050,
300278,华昌达,3.68,4.5455,3438827,3.1897,3732594,-293767,-3438827,
002652,扬子新材,4.79,3.4557,3437131,4.5309,3275397,161734,-3437131,
002526,山东矿机,2.67,1.1364,3435557,6.207,4520002,-1084445,-3435557,
300565,科信技术,10.1,1.8145,3432267,4.5358,890578,2541689,-3432267,
001360,南矿集团,21.28,3.5019,3430185,2.0216,-5860230,9290415,-3430185,
301360,荣旗科技,64.5,1.3354,3418920,2.2241,1272129,2146791,-3418920,
300284,苏交科,5.15,0.9804,3413933,7.1933,1087768,2326165,-3413933,
600038,中直股份,27.57,1.9224,3405623,2.4296,-1835560,5241183,-3405623,
688510,航亚科技,25.45,3.8352,3396433,1.8384,4937745,-1541312,-3396433,
000883,湖北能源,4.44,0.0,3394582,4.3762,7173941,-3779359,-3394582,
300466,赛摩智能,7.16,1.273,3393743,9.2422,1417149,1976594,-3393743,
600928,西安银行,3.5,0.0,3388725,4.9098,3022689,366036,-3388725,
301050,雷电微力,27.95,1.0484,3384414,4.2873,0,3384414,-3384414,
002707,众信旅游,5.24,2.544,3383527,3.6308,1551890,1831637,-3383527,
300036,超图软件,10.3,1.7787,3376462,4.8228,1969612,1406850,-3376462,
601865,福莱特,9.45,1.7223,3371870,3.589,2459193,912677,-3371870,
002745,木林森,12.32,0.7359,3368073,0.6609,12754830,-9386757,-3368073,
300627,华测导航,26.67,0.9845,3364889,3.0512,-6151869,9516758,-3364889,
301328,维峰电子,53.1,0.6826,3363157,3.2792,-1702832,5065989,-3363157,
000629,钒钛股份,2.92,1.0381,3355982,1.8507,6291855,-2935873,-3355982,
003037,三和管桩,5.83,2.2807,3352881,16.0195,1719200,1633681,-3352881,
002490,山东墨龙,7.35,0.5472,3349586,1.9069,1470406,1879180,-3349586,
300989,蕾奥规划,15.85,0.6349,3337339,2.9474,999033,2338306,-3337339,
688330,宏力达,36.86,1.3751,3334848,6.8845,345979,2988869,-3334848,
600207,安彩高科,4.93,2.2822,3317286,1.7785,-3495956,6813242,-3317286,
300893,松原安全,13.94,1.7518,3315050,3.0638,1023839,2291211,-3315050,
603966,法兰泰克,7.54,3.0055,3295770,5.2531,1644325,1651445,-3295770,
301337,亚华电子,28.3,8.888,3284605,3.5036,3062192,222413,-3284605,
605598,上海港湾,25.37,1.4394,3277842,5.5831,1706708,1571134,-3277842,
605088,冠盛股份,24.54,1.405,3273983,0.9114,-1869191,5143174,-3273983,
002122,ST汇洲,2.8,1.4493,3271065,11.5504,1651635,1619430,-3271065,
603797,联泰环保,4.9,5.8315,3253148,4.8202,1019339,2233809,-3253148,
002512,ST达华,4.03,0.75,3250851,4.9398,1801591,1449260,-3250851,
301053,远信工业,36.24,-0.2752,3244762,5.236,-848937,4093699,-3244762,
002486,嘉麟杰,2.86,1.7794,3242574,4.1964,1099834,2142740,-3242574,
603596,伯特利,28.88,1.7618,3237761,0.7982,-7780497,11018258,-3237761,
000957,中通客车,10.07,2.1298,3232333,2.6354,-3387335,6619668,-3232333,
600748,上实发展,4.06,5.1813,3231959,3.8312,5999185,-2767226,-3231959,
301590,优优绿能,69.61,-0.0287,3230236,7.5244,1518000,1712236,-3230236,
002342,巨力索具,8.06,2.2843,3229171,0.9964,1147736,2081435,-3229171,
300850,新强联,28.7,-0.5199,3228925,0.8363,863736,2365189,-3228925,
600573,惠泉啤酒,10.05,3.6082,3224223,6.0996,1032172,2192051,-3224223,
600874,创业环保,5.57,0.5415,3212995,10.5,1108000,2104995,-3212995,
600468,百利电气,6.45,0.624,3204836,2.1401,3313387,-108551,-3204836,
601098,中南传媒,10.4,1.1673,3182046,3.265,2371652,810394,-3182046,
000697,炼石航空,9.25,2.6637,3180769,5.7404,3402843,-222074,-3180769,
000928,中钢国际,5.49,1.4787,3174138,4.1792,0,3174138,-3174138,
002892,科力尔,8.72,0.8092,3162010,8.343,267525,2894485,-3162010,
000900,现代投资,3.58,0.5618,3145983,8.0894,2328199,817784,-3145983,
300350,华鹏飞,4.59,6.0046,3144826,3.3438,2426323,718503,-3144826,
002109,ST兴化,2.82,1.8051,3144155,23.3246,0,3144155,-3144155,
601311,骆驼股份,7.47,1.0825,3142458,6.6115,1550837,1591621,-3142458,
002653,海思科,67.4,6.0749,3140326,0.6071,9057789,-5917463,-3140326,
688648,中邮科技,29.4,0.6849,3135390,6.4875,653360,2482030,-3135390,
688382,益方生物-U,19.77,5.609,3133153,1.3276,28873,3104280,-3133153,
002323,*ST雅博,1.26,0.0,3133069,6.7494,2338375,794694,-3133069,
001332,锡装股份,28.82,-0.2768,3132756,2.0074,2224302,908454,-3132756,
002251,步步高,3.59,2.2792,3132417,0.9694,10692060,-7559643,-3132417,
600651,飞乐音响,5.23,0.5769,3118013,5.4274,-1008867,4126880,-3118013,
002772,众兴菌业,11.18,1.9143,3114914,2.2294,3467679,-352765,-3114914,
688210,统联精密,29.41,3.739,3110194,3.2884,2274152,836042,-3110194,
603889,新澳股份,6.12,-0.6494,3104691,5.3263,0,3104691,-3104691,
600373,中文传媒,7.49,1.4905,3098788,3.1812,-1496000,4594788,-3098788,
301083,百胜智能,14.19,5.1111,3091778,9.0721,0,3091778,-3091778,
603660,苏州科达,9.82,1.4463,3064934,1.4563,3623548,-558614,-3064934,
002010,传化智联,4.59,1.1013,3061116,5.5748,4700500,-1639384,-3061116,
600481,双良节能,4.18,0.7229,3053555,3.4317,2831066,222489,-3053555,
300729,乐歌股份,11.29,3.7684,3051071,4.4379,-357566,3408637,-3051071,
300144,宋城演艺,5.82,1.2174,3051036,2.3188,-3740717,6791753,-3051036,
603901,永创智能,9.41,1.4009,3042483,5.9703,1837142,1205341,-3042483,
688319,欧林生物,28.75,3.7906,3041956,1.5164,-196011,3237967,-3041956,
001335,信凯科技,33.23,2.4353,3040264,11.421,0,3040264,-3040264,
002228,合兴包装,3.23,1.8927,3024930,4.9395,-1056228,4081158,-3024930,
603168,莎普爱思,5.97,6.9892,2999920,3.5389,0,2999920,-2999920,
301255,通力科技,18.85,0.5333,2993685,11.5855,1845013,1148672,-2993685,
002831,裕同科技,28.31,0.6757,2987735,1.7466,7788834,-4801099,-2987735,
603759,海天股份,7.82,0.2564,2985945,3.8809,-3096,2989041,-2985945,
002702,海欣食品,5.67,2.3466,2961476,1.2688,-32934,2994410,-2961476,
300945,曼卡龙,12.02,1.1785,2957636,4.1193,1202377,1755259,-2957636,
600523,贵航股份,12.0,1.5228,2955515,8.3726,1264800,1690715,-2955515,
603158,腾龙股份,10.98,5.4755,2947817,1.1445,-42556,2990373,-2947817,
000558,天府文旅,3.67,2.2284,2944419,3.01,2439500,504919,-2944419,
300231,银信科技,8.36,1.3333,2929219,5.1336,4656673,-1727454,-2929219,
603106,恒银科技,7.61,1.738,2928116,2.2112,3010246,-82130,-2928116,
603299,苏盐井神,8.73,0.576,2922636,9.4127,1199625,1723011,-2922636,
001380,华纬科技,18.93,2.3243,2919285,7.1974,3133278,-213993,-2919285,
300535,达威股份,15.57,2.0984,2917701,8.3866,0,2917701,-2917701,
300922,天秦装备,18.3,1.6102,2911150,1.9646,603850,2307300,-2911150,
002511,中顺洁柔,7.1,1.4286,2909512,4.5978,1331748,1577764,-2909512,
600764,中国海防,19.05,2.09,2890100,2.2286,5824159,-2934059,-2890100,
000565,渝三峡Ａ,6.82,2.7108,2887614,2.4844,-153962,3041576,-2887614,
603689,皖天然气,7.7,1.0499,2881543,10.2839,2196577,684966,-2881543,
002373,千方科技,7.42,1.2278,2881050,3.6617,1430452,1450598,-2881050,
601008,连云港,4.53,2.027,2864997,3.6735,3778042,-913045,-2864997,
002999,天禾股份,6.53,3.9809,2864844,2.343,3634400,-769556,-2864844,
301372,科净源,34.19,1.4239,2857217,5.818,0,2857217,-2857217,
002337,赛象科技,4.77,2.8017,2841291,5.222,3351988,-510697,-2841291,
688601,力芯微,62.9,1.9614,2828231,1.3856,3255408,-427177,-2828231,
002544,普天科技,16.29,0.8045,2812568,1.7838,1519358,1293210,-2812568,
300933,中辰股份,6.84,3.3233,2809728,3.5566,1017670,1792058,-2809728,
688505,复旦张江,8.19,5.9508,2802668,2.4732,0,2802668,-2802668,
603708,家家悦,9.12,1.3333,2802545,6.3912,555997,2246548,-2802545,
300141,和顺电气,10.29,1.3793,2792913,6.0296,1062925,1729988,-2792913,
300968,格林精密,10.01,2.9835,2787610,4.458,1683626,1103984,-2787610,
300459,汤姆猫,3.63,1.3966,2785159,1.1358,3314639,-529480,-2785159,
601799,星宇股份,72.28,-0.687,2774385,1.1486,2663486,110899,-2774385,
300241,瑞丰光电,5.99,0.5034,2759353,3.4674,2778,2756575,-2759353,
000935,四川双马,21.15,-0.4237,2758766,2.7079,-1050365,3809131,-2758766,
600829,人民同泰,10.08,4.7817,2758406,1.5533,1203826,1554580,-2758406,
002356,鹏飞绿能,2.79,3.3333,2747289,5.3543,9451550,-6704261,-2747289,
300197,节能铁汉,1.99,1.0152,2744580,2.3438,0,2744580,-2744580,
002315,焦点科技,24.2,0.4983,2739766,2.3357,2138928,600838,-2739766,
002783,凯龙股份,8.17,5.2835,2737900,2.4472,1153952,1583948,-2737900,
688325,赛微微电,107.87,-1.1183,2733339,5.3044,1206678,1526661,-2733339,
301428,世纪恒通,27.18,2.9156,2730117,6.2062,1633614,1096503,-2730117,
603187,海容冷链,10.86,1.2116,2720834,6.0733,-5509525,8230359,-2720834,
300675,建科院,12.95,3.1051,2719225,11.2133,0,2719225,-2719225,
688109,品茗科技,73.53,-1.302,2711955,4.4678,1574526,1137429,-2711955,
688015,交控科技,16.48,2.4239,2706281,11.8801,1151357,1554924,-2706281,
688050,爱博医疗,38.95,3.3705,2697182,2.3454,-1156660,3853842,-2697182,
300402,宝色股份,15.09,3.1442,2693437,7.2521,1166257,1527180,-2693437,
600525,长园集团,5.08,3.8855,2691808,2.1509,-1046322,3738130,-2691808,
600575,淮河能源,3.24,0.0,2685993,2.6067,5657091,-2971098,-2685993,
301098,金埔园林,8.87,2.781,2678525,4.9129,1771849,906676,-2678525,
002646,天佑德酒,7.05,3.6765,2666570,5.9601,0,2666570,-2666570,
600741,华域汽车,14.8,-0.5376,2665998,1.3147,-1212703,3878701,-2665998,
301325,曼恩斯特,31.78,-1.1201,2660221,3.0268,0,2660221,-2660221,
002420,毅昌科技,6.11,1.495,2660044,6.3349,2571255,88789,-2660044,
301028,鼎熔岩,13.74,2.1561,2659653,4.6352,1235901,1423752,-2659653,
688077,大地熊,27.3,1.487,2652091,4.0546,0,2652091,-2652091,
603138,海量数据,15.74,1.0918,2651530,0.4283,3241358,-589828,-2651530,
601678,滨化股份,6.03,0.5,2648883,0.736,-812555,3461438,-2648883,
000931,中关村,4.63,4.5147,2642942,2.3271,1385817,1257125,-2642942,
300816,艾可蓝,65.24,-1.1964,2640644,1.186,3787195,-1146551,-2640644,
603330,天洋新材,10.19,5.3775,2639603,0.543,-424241,3063844,-2639603,
301267,华厦眼科,15.15,1.8145,2634137,3.7994,1172666,1461471,-2634137,
603703,盛洋科技,10.88,6.25,2625014,1.0185,2576060,48954,-2625014,
300399,天利科技,20.04,2.5064,2614751,2.5966,-891599,3506350,-2614751,
688272,富吉瑞,28.62,2.8756,2607135,7.3565,1352475,1254660,-2607135,
301383,天键股份,24.03,6.9426,2602732,4.0719,-1158726,3761458,-2602732,
000045,深纺织Ａ,11.33,2.2563,2602646,4.2941,0,2602646,-2602646,
301130,西点药业,28.36,4.9593,2588143,1.2503,2541896,46247,-2588143,
600973,宝胜股份,6.16,0.8183,2587861,3.4606,2496592,91269,-2587861,
300993,玉马科技,9.89,3.0208,2577791,8.1473,1173063,1404728,-2577791,
600745,*ST闻泰,16.86,0.7168,2554098,0.7078,-5322554,7876652,-2554098,
603173,福斯达,29.9,1.7353,2553651,8.2137,0,2553651,-2553651,
002201,九鼎新材,10.85,1.9737,2551917,0.3469,-17235938,19787855,-2551917,
603237,五芳斋,15.17,2.4308,2547090,6.585,3231228,-684138,-2547090,
600717,天津港,4.27,0.4706,2544084,2.7759,-4633746,7177830,-2544084,
600548,深高速,8.11,-0.246,2540320,8.9923,710370,1829950,-2540320,
600405,动力源,5.0,0.2004,2539496,9.6011,0,2539496,-2539496,
301560,众捷股份,24.36,2.7848,2539465,6.608,0,2539465,-2539465,
301238,瑞泰新材,16.21,0.3715,2531870,2.6792,-3672751,6204621,-2531870,
300674,宇信科技,16.64,1.7737,2531473,1.0393,-5301457,7832930,-2531473,
603877,太平鸟,11.88,1.1064,2528746,13.7581,0,2528746,-2528746,
002572,索菲亚,7.47,2.3288,2526796,4.0178,462537,2064259,-2526796,
688056,莱伯泰科,43.58,3.0504,2499691,4.9119,-1206222,3705913,-2499691,
300289,利德曼,5.99,3.6332,2498482,4.9096,617015,1881467,-2498482,
600439,ST瑞贝卡,1.9,1.0638,2493873,18.3238,940000,1553873,-2493873,
605296,神农集团,34.23,4.1375,2493142,2.1801,-166647,2659789,-2493142,
002324,普利特,9.21,0.3268,2489830,1.9231,-848816,3338646,-2489830,
301575,艾芬达,25.6,1.3861,2488234,1.5468,-527617,3015851,-2488234,
603657,春光科技,36.49,2.5576,2482372,1.1429,-36693,2519065,-2482372,
603927,中科软,13.9,2.2811,2482044,2.3295,317604,2164440,-2482044,
301179,泽宇智能,20.82,2.2091,2477194,2.0066,1260146,1217048,-2477194,
300625,三雄极光,10.08,3.3846,2475504,8.0899,1134496,1341008,-2475504,
300605,恒锋信息,10.18,2.4145,2469773,7.0025,0,2469773,-2469773,
002728,特一药业,10.14,5.1867,2465623,0.7178,22844730,-20379107,-2465623,
000401,金隅冀东,3.59,2.2792,2456461,6.7727,-635002,3091463,-2456461,
001330,博纳影业,5.56,1.6453,2448935,0.5621,4251891,-1802956,-2448935,
600078,澄星股份,10.36,0.9747,2448722,2.4934,5131368,-2682646,-2448722,
301293,三博脑科,50.44,1.7346,2443766,0.8471,166377,2277389,-2443766,
002663,普邦股份,1.77,2.907,2432455,4.1531,6832656,-4400201,-2432455,
002441,众业达,8.21,1.233,2423699,7.4713,0,2423699,-2423699,
603839,安正时尚,6.94,5.1515,2410551,6.8598,0,2410551,-2410551,
301190,善水科技,20.08,7.841,2407825,1.3064,-1183478,3591303,-2407825,
688217,睿昂基因,25.01,4.732,2405738,6.9071,15661,2390077,-2405738,
301127,武汉天源,17.38,1.4002,2403743,0.7012,15768891,-13365148,-2403743,
002061,浙江交科,3.37,0.8982,2401275,5.9014,423024,1978251,-2401275,
300596,利安隆,40.9,1.2376,2399118,3.48,-5490073,7889191,-2399118,
000848,承德露露,8.17,0.2454,2395955,3.5633,1804803,591152,-2395955,
600135,乐凯胶片,7.93,0.2528,2391497,1.8522,-2187208,4578705,-2391497,
301004,嘉益股份,34.17,2.9217,2383585,7.9242,0,2383585,-2383585,
000548,湖南投资,4.68,2.407,2380996,9.2322,0,2380996,-2380996,
688226,威腾电气,28.79,-0.3116,2360500,2.1738,-2972717,5333217,-2360500,
000778,新兴铸管,3.63,0.554,2358148,1.7311,2213933,144215,-2358148,
000014,沙河股份,10.97,4.9761,2352231,2.2585,5887851,-3535620,-2352231,
301048,金鹰重工,9.09,1.3378,2346328,9.0382,0,2346328,-2346328,
000007,全新好,11.63,2.6478,2345838,3.6505,-1321834,3667672,-2345838,
300921,南凌科技,16.24,1.1838,2343663,1.6776,3132273,-788610,-2343663,
603297,永新光学,115.02,1.7786,2330808,1.7244,5537798,-3206990,-2330808,
688779,五矿新能,7.58,-2.0672,2327187,1.1947,0,2327187,-2327187,
001358,兴欣新材,25.21,2.6466,2324188,3.9547,-2538833,4863021,-2324188,
000563,陕国投Ａ,2.96,0.6803,2323599,2.5342,1323773,999826,-2323599,
300081,ST恒信,3.48,0.578,2313259,9.1651,0,2313259,-2313259,
300641,正丹股份,13.91,1.3848,2313208,4.2553,-407249,2720457,-2313208,
603987,康德莱,7.64,3.9456,2311140,4.9289,1472407,838733,-2311140,
300618,寒锐钴业,32.21,0.6877,2303811,2.6618,-3073775,5377586,-2303811,
300414,中光防雷,11.61,2.2007,2302393,2.0938,1144602,1157791,-2302393,
002692,远程股份,4.33,1.1682,2301079,5.8671,1186543,1114536,-2301079,
000488,ST晨鸣,2.06,3.5176,2294959,7.3912,1288794,1006165,-2294959,
301616,浙江华业,35.31,1.4947,2293556,9.7806,0,2293556,-2293556,
603358,华达科技,46.05,2.9741,2285845,0.6177,3983271,-1697426,-2285845,
002320,海峡股份,6.76,1.1976,2283539,1.1433,6267779,-3984240,-2283539,
301006,迈拓股份,13.55,3.911,2282826,10.6277,1341654,941172,-2282826,
300612,宣亚国际,12.31,2.6689,2273692,2.6491,1106918,1166774,-2273692,
605300,佳禾食品,10.5,5.4217,2270788,3.1192,1077516,1193272,-2270788,
300698,万马科技,28.11,3.6122,2267375,1.9808,1693979,573396,-2267375,
300763,锦浪科技,56.19,-2.1421,2264460,0.3838,10358107,-8093647,-2264460,
688651,盛邦安全,24.23,4.1702,2259833,3.9983,0,2259833,-2259833,
603210,泰鸿万立,13.41,2.6014,2256844,4.5611,0,2256844,-2256844,
002148,北纬科技,6.34,1.44,2243879,4.8674,1547311,696568,-2243879,
600761,安徽合力,15.46,0.0,2238747,2.4011,-430312,2669059,-2238747,
300498,温氏股份,14.92,0.879,2235359,0.5026,29969666,-27734307,-2235359,
605255,天普股份,62.53,2.0565,2234314,5.0311,1348959,885355,-2234314,
688588,凌志软件,9.0,2.5057,2233924,7.6113,0,2233924,-2233924,
603658,安图生物,32.52,1.088,2232471,4.1008,-3240563,5473034,-2232471,
603181,皇马科技,12.8,3.4762,2230560,2.4928,-1142100,3372660,-2230560,
301320,豪江智能,14.1,1.7316,2228852,8.1375,2477962,-249110,-2228852,
301332,德尔玛,7.67,0.9211,2222289,9.7726,0,2222289,-2222289,
300045,华力创通,11.88,1.9742,2218650,1.7722,6498966,-4280316,-2218650,
300825,阿尔特,13.26,1.1442,2218332,0.7471,-14822081,17040413,-2218332,
003019,宸展光电,28.63,3.9579,2210244,1.2514,2073585,136659,-2210244,
603718,*ST海利,3.12,2.9703,2207381,10.121,0,2207381,-2207381,
600955,维远股份,12.6,1.6129,2199829,8.295,0,2199829,-2199829,
600839,四川长虹,6.73,0.4478,2198672,0.928,10569835,-8371163,-2198672,
600556,天下秀,4.67,0.6466,2184348,1.5192,-2995137,5179485,-2184348,
600629,华建集团,16.59,2.0295,2181855,0.6213,-836887,3018742,-2181855,
002931,锋龙股份,41.58,0.6536,2171948,1.2304,757298,1414650,-2171948,
003028,振邦智能,23.77,2.4569,2168323,5.5371,2607630,-439307,-2168323,
603125,常青科技,24.14,1.0042,2155206,3.0881,-431838,2587044,-2155206,
601686,友发集团,5.11,0.5906,2147077,9.8807,719217,1427860,-2147077,
300428,立中集团,19.65,0.9245,2146091,2.0183,215260,1930831,-2146091,
300588,熙菱信息,22.21,1.8807,2144601,2.4603,4819291,-2674690,-2144601,
688358,祥生医疗,28.55,2.8088,2144201,7.6469,1189894,954307,-2144201,
603333,福华尚纬,9.63,2.5559,2143533,2.1949,-1463474,3607007,-2143533,
300753,爱朋医疗,21.25,4.3713,2142101,1.2076,598798,1543303,-2142101,
601990,南京证券,6.7,0.9036,2140874,2.0615,-3945470,6086344,-2140874,
002908,德生科技,7.02,2.6316,2128609,6.0489,0,2128609,-2128609,
603338,浙江鼎力,54.07,-0.1293,2103519,1.3134,2792677,-689158,-2103519,
601007,金陵饭店,6.91,2.2189,2098250,4.6972,0,2098250,-2098250,
000828,东莞控股,10.1,0.0,2096566,5.3266,-1392147,3488713,-2096566,
688092,爱科科技,21.92,2.7661,2096396,13.7199,0,2096396,-2096396,
002105,信隆健康,6.08,2.8765,2078635,4.7113,0,2078635,-2078635,
600229,城市传媒,5.83,1.2153,2077071,2.3169,-3520331,5597402,-2077071,
000708,中信特钢,12.84,-1.2308,2074832,0.987,-6407094,8481926,-2074832,
300119,瑞普生物,17.16,2.3866,2069260,2.5094,0,2069260,-2069260,
301226,祥明智能,32.65,8.2201,2057628,2.1024,-2307792,4365420,-2057628,
300318,博晖创新,5.11,4.499,2056452,4.0722,117070,1939382,-2056452,
600370,*ST三房,1.52,2.7027,2053085,7.5844,526288,1526797,-2053085,
000852,石化机械,5.59,2.381,2052876,2.6363,775427,1277449,-2052876,
002006,精工科技,13.53,1.5766,2051314,2.4879,2922822,-871508,-2051314,
601121,宝地矿业,7.28,1.2517,2048992,3.1601,-241261,2290253,-2048992,
002393,力生制药,14.07,3.532,2037425,4.4505,1479392,558033,-2037425,
002369,卓翼科技,5.77,1.5845,2036574,3.3546,1382086,654488,-2036574,
601033,永兴股份,14.36,-0.1391,2035512,5.0136,0,2035512,-2035512,
300272,开能健康,5.83,3.5524,2030844,4.745,1032468,998376,-2030844,
603132,金徽股份,18.42,1.4876,2029631,2.2872,0,2029631,-2029631,
688376,美埃科技,64.4,-3.3033,2025271,1.8618,1486845,538426,-2025271,
600419,天润乳业,8.81,2.9206,2018897,5.5972,0,2018897,-2018897,
002252,上海莱士,5.0,1.4199,2017576,0.926,7420534,-5402958,-2017576,
000720,新能泰山,4.07,0.4938,2012064,1.172,-175515,2187579,-2012064,
300801,泰和科技,21.94,0.7346,2009793,3.5609,-706550,2716343,-2009793,
002508,老板电器,16.36,-0.183,2009277,1.2193,3519029,-1509752,-2009277,
688691,灿芯股份,65.27,0.3691,1998458,1.0093,-1901344,3899802,-1998458,
001213,中铁特货,3.53,1.1461,1998054,8.2191,773500,1224554,-1998054,
603826,坤彩科技,16.77,1.8215,1995377,1.2004,6078385,-4083008,-1995377,
002763,汇洁股份,7.34,1.3812,1994050,6.7435,1159137,834913,-1994050,
603014,威高血净,31.47,0.7685,1992666,5.6338,0,1992666,-1992666,
002434,万里扬,6.12,3.3784,1989994,0.9442,2105227,-115233,-1989994,
688611,杭州柯林,68.93,-0.9626,1985856,2.2821,-2822595,4808451,-1985856,
600537,*ST亿晶,2.12,0.4739,1978892,5.2076,134308,1844584,-1978892,
301089,拓新药业,23.84,6.5713,1976045,2.1218,424575,1551470,-1976045,
300984,金沃股份,31.96,4.2741,1975791,1.7353,-1274950,3250741,-1975791,
603215,比依股份,14.4,2.4182,1975298,7.0021,0,1975298,-1975298,
600058,五矿发展,9.1,0.9989,1973135,3.8941,-5209844,7182979,-1973135,
600469,风神股份,5.06,1.4028,1971186,5.9018,-1429194,3400380,-1971186,
605577,龙版传媒,16.56,5.3435,1963509,0.2724,-7634273,9597782,-1963509,
002103,广博股份,6.6,1.6949,1962367,5.9538,-1045800,3008167,-1962367,
000678,襄阳轴承,9.02,0.6696,1958757,2.9451,-106318,2065075,-1958757,
601038,一拖股份,14.05,-1.5417,1952135,1.4552,-617000,2569135,-1952135,
001259,利仁科技,48.07,3.5099,1950054,2.4826,-945544,2895598,-1950054,
300616,尚品宅配,10.65,6.1815,1949997,2.2869,-110048,2060045,-1949997,
301113,雅艺科技,17.58,1.913,1943912,6.8909,68337,1875575,-1943912,
603633,徕木股份,6.44,-0.155,1939156,3.6307,-864811,2803967,-1939156,
301696,三瑞智能,95.99,0.0,1939121,1.3243,-2766367,4705488,-1939121,
301000,肇民科技,24.95,1.5466,1929682,1.641,2126519,-196837,-1929682,
603616,韩建河山,5.58,1.4545,1924302,4.6369,0,1924302,-1924302,
603370,华新精科,28.42,2.3407,1920560,2.5898,-962337,2882897,-1920560,
003025,思进智能,12.1,0.8333,1920224,6.819,1288960,631264,-1920224,
688153,唯捷创芯,25.98,1.2076,1914683,2.5976,1279726,634957,-1914683,
603980,吉华集团,8.94,1.3605,1913242,0.3924,4865301,-2952059,-1913242,
301036,双乐股份,21.98,3.1441,1913241,7.322,754130,1159111,-1913241,
301060,兰卫医学,11.81,7.4613,1911264,0.599,1378154,533110,-1911264,
002697,红旗连锁,4.75,1.4957,1909538,2.4041,-776830,2686368,-1909538,
301160,翔楼新材,42.65,1.596,1900991,1.2774,-1105150,3006141,-1900991,
605056,咸亨国际,13.82,2.5223,1899993,2.2411,0,1899993,-1899993,
002737,葵花药业,11.51,2.3111,1897025,2.8092,2810694,-913669,-1897025,
300713,英可瑞,13.7,7.1149,1893591,2.1339,-348831,2242422,-1893591,
300075,数字政通,10.49,1.1572,1893446,2.7283,2855608,-962162,-1893446,
600616,金枫酒业,5.1,4.0816,1886718,0.9155,1058102,828616,-1886718,
002096,易普力,9.4,2.6201,1884484,2.7881,3047526,-1163042,-1884484,
000521,长虹美菱,4.45,0.4515,1881777,5.1429,-1134959,3016736,-1881777,
600117,西宁特钢,2.21,0.9132,1877508,6.7174,69718,1807790,-1877508,
301356,天振股份,19.58,3.3791,1876335,7.5506,0,1876335,-1876335,
688737,中自科技,17.11,0.7656,1872629,7.8583,0,1872629,-1872629,
605377,华旺科技,8.24,1.7284,1872605,2.8555,2617404,-744799,-1872605,
600571,信雅达,10.58,1.9268,1863129,3.1255,99895,1763234,-1863129,
300889,爱克股份,23.25,-2.801,1856129,0.8018,-20532147,22388276,-1856129,
605180,华生科技,13.95,5.2036,1851866,2.4072,407788,1444078,-1851866,
605008,长鸿高科,14.34,-0.1393,1851681,3.079,2196671,-344990,-1851681,
301186,超达装备,38.59,8.0045,1851296,1.3284,3042258,-1190962,-1851296,
300160,秀强股份,4.42,1.6092,1848530,7.6322,0,1848530,-1848530,
688100,威胜信息,24.82,0.608,1840402,5.4987,1203573,636829,-1840402,
603676,卫信康,9.04,3.6697,1839107,7.8966,0,1839107,-1839107,
001280,中国铀业,63.95,0.2351,1835547,0.782,5697953,-3862406,-1835547,
002311,海大集团,42.42,1.0481,1835349,0.7213,2330708,-495359,-1835349,
002069,獐子岛,3.83,4.9315,1833390,3.2588,2174882,-341492,-1833390,
001210,金房能源,30.16,3.2877,1821616,0.8369,-831108,2652724,-1821616,
600653,申华控股,1.75,2.9412,1820622,3.1641,91347,1729275,-1820622,
300098,高新兴,4.38,1.1547,1820489,1.7145,4699164,-2878675,-1820489,
300538,同益股份,15.46,6.768,1817279,1.7445,707798,1109481,-1817279,
688693,锴威特,77.83,-2.0144,1816823,1.7055,5215594,-3398771,-1816823,
688156,路德科技,23.6,6.0674,1814756,1.6456,-10591119,12405875,-1814756,
600279,重庆港,4.38,1.1547,1814165,6.9829,2845629,-1031464,-1814165,
605183,确成股份,16.52,2.7363,1813901,3.7805,1989870,-175969,-1813901,
688681,科汇股份,15.25,1.9385,1810702,8.4652,0,1810702,-1810702,
002742,冀衡医药,4.34,6.3725,1809995,0.9624,-7205166,9015161,-1809995,
002523,天桥起重,3.44,0.8798,1803272,4.3473,853357,949915,-1803272,
002765,蓝黛科技,7.08,3.207,1802419,2.0966,1997389,-194970,-1802419,
002014,永新股份,11.0,0.2735,1786999,10.7199,374418,1412581,-1786999,
600217,中再资环,3.26,0.9288,1778504,5.0511,-2214577,3993081,-1778504,
601866,中远海发,2.5,1.2146,1772988,1.1894,1213788,559200,-1772988,
300665,飞鹿股份,8.92,2.2936,1766968,3.2115,1168563,598405,-1766968,
000913,钱江摩托,10.76,0.6548,1764371,5.3385,0,1764371,-1764371,
300157,新锦动力,3.87,2.1108,1759337,2.4432,22300,1737037,-1759337,
688338,赛科希德,31.7,7.167,1755463,2.6618,-1564216,3319679,-1755463,
300421,力星股份,17.51,1.6251,1754030,1.7188,4939674,-3185644,-1754030,
600399,抚顺特钢,4.51,1.8059,1754007,1.4351,4371116,-2617109,-1754007,
601113,华鼎股份,3.53,4.1298,1753512,2.4484,737085,1016427,-1753512,
601616,广电电气,3.86,1.3123,1748656,4.2681,1492986,255670,-1748656,
603332,苏州龙杰,11.86,3.6713,1746396,4.9001,0,1746396,-1746396,
603030,全筑股份,2.14,2.8846,1746180,2.8593,-2587233,4333413,-1746180,
300633,开立医疗,19.69,3.6316,1743076,2.0323,0,1743076,-1743076,
301299,卓创资讯,47.3,0.8314,1741404,1.3809,1807967,-66563,-1741404,
603335,迪生力,6.39,3.231,1738846,1.6212,-241772,1980618,-1738846,
002347,泰尔股份,5.94,0.678,1730075,3.7423,0,1730075,-1730075,
300949,奥雅股份,23.28,2.2847,1725538,9.6832,0,1725538,-1725538,
300519,新光药业,14.68,5.4598,1725298,3.0359,0,1725298,-1725298,
301009,可靠股份,9.18,4.9143,1724378,5.3353,0,1724378,-1724378,
002796,世嘉科技,31.73,-0.1259,1717351,0.3475,890987,826364,-1717351,
002101,广东鸿图,8.83,1.7281,1712935,4.2274,4670456,-2957521,-1712935,
688128,中国电研,22.02,0.3646,1711842,5.4431,1529044,182798,-1711842,
002047,宝鹰股份,3.48,2.3529,1710595,1.3233,2142818,-432223,-1710595,
300960,通业科技,17.87,10.2406,1707447,1.8745,0,1707447,-1707447,
002088,鲁阳节能,8.15,2.3869,1704419,8.5865,0,1704419,-1704419,
603828,*ST利达,6.06,8.0214,1703977,5.1777,0,1703977,-1703977,
000789,万年青,4.15,2.4691,1700231,6.1984,2638915,-938684,-1700231,
300205,*ST天喻,5.07,1.4,1695456,18.3293,149894,1545562,-1695456,
688021,奥福科技,19.72,2.3352,1695030,5.5849,0,1695030,-1695030,
301119,正强股份,26.42,3.1628,1694398,2.3455,-979569,2673967,-1694398,
300899,上海凯鑫,29.65,0.9877,1693296,6.198,0,1693296,-1693296,
300437,清水源,11.39,6.4486,1681025,1.4423,0,1681025,-1681025,
301042,安联锐视,31.62,2.1648,1675067,1.9289,3952963,-2277896,-1675067,
603135,中重科技,8.88,1.0239,1674835,4.2039,0,1674835,-1674835,
300354,东华测试,27.49,1.3269,1649372,4.0485,760813,888559,-1649372,
300256,星星科技,2.72,1.8727,1648763,3.2909,0,1648763,-1648763,
603281,江瀚新材,18.69,0.1071,1645014,4.7339,0,1645014,-1645014,
688484,南芯科技,34.99,0.1718,1642666,0.9862,1059622,583044,-1642666,
002930,宏川智慧,9.22,1.6538,1641580,3.4278,1203498,438082,-1641580,
688606,奥泰生物,46.95,2.2208,1639348,11.4961,0,1639348,-1639348,
002866,传艺科技,14.52,0.0689,1638407,2.6524,2590590,-952183,-1638407,
600130,波导股份,4.62,4.2889,1635458,1.4766,-36661,1672119,-1635458,
600975,新五丰,5.34,2.4952,1634057,1.1228,2123103,-489046,-1634057,
300217,东方电热,4.11,1.4815,1633820,2.6868,1680666,-46846,-1633820,
600959,江苏有线,3.15,0.9615,1629145,1.9541,1894129,-264984,-1629145,
603722,阿科力,29.57,2.1416,1625129,5.3335,1476060,149069,-1625129,
002725,跃岭股份,11.25,1.7179,1618346,4.537,-885163,2503509,-1618346,
300439,美康生物,9.9,4.3203,1616682,2.4633,1922299,-305617,-1616682,
002650,ST加加,6.46,-3.2934,1616036,3.7917,411130,1204906,-1616036,
688448,磁谷科技,71.27,0.225,1607230,0.9094,-8925521,10532751,-1607230,
600560,金自天正,11.26,2.4568,1605483,6.4451,0,1605483,-1605483,
002689,ST远智,3.0,3.0928,1605117,8.3469,1036800,568317,-1605117,
600850,电科数字,14.11,0.7138,1604884,1.825,-876739,2481623,-1604884,
001255,博菲电气,27.05,1.8449,1597384,6.0484,1113412,483972,-1597384,
002469,三维化学,6.16,2.1559,1594677,4.2753,1087320,507357,-1594677,
002827,高争民爆,71.05,4.3319,1594437,0.2633,-33141018,34735455,-1594437,
002749,国光股份,8.52,1.9139,1593045,8.2842,0,1593045,-1593045,
002190,成飞集成,24.5,0.6574,1592465,1.4811,1926198,-333733,-1592465,
002651,利君股份,8.45,1.4406,1591280,1.4223,-458978,2050258,-1591280,
000417,合百集团,5.87,2.9825,1578806,0.9915,10540215,-8961409,-1578806,
300864,南大环境,25.37,-0.8984,1576086,2.3457,0,1576086,-1576086,
300941,创识科技,15.35,4.8497,1571885,2.3987,0,1571885,-1571885,
603266,天龙股份,17.19,0.3503,1559030,1.1891,-2263242,3822272,-1559030,
300886,华业香料,23.84,4.287,1555904,2.4898,-2257995,3813899,-1555904,
000802,北京文化,4.05,3.0534,1552741,0.6385,-3325021,4877762,-1552741,
002996,顺博合金,6.0,0.8403,1547660,5.2713,1314139,233521,-1547660,
600381,*ST春天,4.14,6.4267,1544440,3.3336,139360,1405080,-1544440,
300453,三鑫医疗,9.17,1.7758,1543015,4.4251,-2959634,4502649,-1543015,
002282,博深股份,6.11,1.8333,1540316,7.47,0,1540316,-1540316,
002551,尚荣医疗,3.4,5.2632,1536102,2.0586,0,1536102,-1536102,
300200,高盟新材,8.63,1.2911,1535346,2.7992,-3746057,5281403,-1535346,
000421,南京公用,5.72,1.4184,1533566,3.811,374765,1158801,-1533566,
001231,农心科技,22.42,3.461,1522789,2.6278,1129060,393729,-1522789,
605020,永和股份,31.7,-1.6139,1517698,0.6376,-745289,2262987,-1517698,
002419,天虹股份,4.71,1.7279,1516307,2.2355,-573946,2090253,-1516307,
000573,粤宏远Ａ,3.87,3.7534,1516158,2.5299,3278226,-1762068,-1516158,
300172,中电环保,4.56,2.0134,1514454,3.8147,380546,1133908,-1514454,
002880,卫光生物,21.64,4.0385,1509659,2.7065,1351829,157830,-1509659,
600039,四川路桥,8.79,0.9185,1508497,1.1754,0,1508497,-1508497,
300228,富瑞特装,6.8,1.1905,1505068,3.227,2959872,-1454804,-1505068,
603848,好太太,13.47,2.6677,1504142,3.2515,481572,1022570,-1504142,
300355,蒙草生态,2.84,2.1583,1501212,3.0012,0,1501212,-1501212,
688236,春立医疗,14.18,2.6049,1500303,5.0245,0,1500303,-1500303,
600612,老凤祥,31.6,0.4769,1494831,4.5367,0,1494831,-1494831,
603506,南都物业,11.93,3.8294,1488785,2.8999,1425856,62929,-1488785,
603868,飞科电器,31.36,-0.9788,1488477,2.0393,0,1488477,-1488477,
605369,拱东医疗,17.6,5.8328,1486932,2.5954,0,1486932,-1486932,
603813,原尚股份,26.67,0.9845,1485205,5.7014,0,1485205,-1485205,
002760,凤形股份,17.53,2.6948,1481941,3.413,271234,1210707,-1481941,
600981,苏豪汇鸿,2.45,2.5105,1479943,3.382,1394785,85158,-1479943,
301043,绿岛风,50.1,0.8657,1476654,2.7663,-3131087,4607741,-1476654,
300191,潜能恒信,32.2,2.9083,1474299,0.5427,-7163190,8637489,-1474299,
688657,浩辰软件,33.96,3.7263,1467175,3.3224,2265759,-798584,-1467175,
300514,友讯达,10.29,2.5922,1465872,5.8989,1340196,125676,-1465872,
300511,雪榕生物,5.14,2.5948,1457232,0.9258,4280203,-2822971,-1457232,
688080,映翰通,38.18,2.3867,1456314,4.2446,0,1456314,-1456314,
688500,慧辰股份,31.56,-1.5289,1440678,2.0637,-1461926,2902604,-1440678,
300384,三联虹普,11.85,2.4201,1437900,5.7677,0,1437900,-1437900,
300925,法本信息,14.19,1.5021,1437216,2.1489,466783,970433,-1437216,
301175,中科环保,5.64,-0.177,1435557,2.5146,-1130000,2565557,-1435557,
002641,公元股份,3.88,2.6455,1435125,4.4736,-2849520,4284645,-1435125,
301082,久盛电气,10.12,2.3256,1434587,2.3634,0,1434587,-1434587,
688793,倍轻松,18.44,5.6734,1431204,3.3947,0,1431204,-1431204,
300063,天龙集团,8.73,0.576,1420521,0.6278,2780867,-1360346,-1420521,
688201,ST信安,7.84,3.2938,1419127,5.4666,0,1419127,-1419127,
002413,雷科防务,8.35,1.4581,1411265,0.4866,9234177,-7822912,-1411265,
603043,广州酒家,13.25,0.3788,1409731,4.294,1319989,89742,-1409731,
300066,三川智慧,4.74,1.9355,1407009,2.8367,2528780,-1121771,-1407009,
300647,超频三,8.45,5.3616,1403360,0.3359,8914505,-7511145,-1403360,
603060,国检集团,5.5,2.2305,1401545,6.2541,0,1401545,-1401545,
688659,元琛科技,9.15,2.1205,1401099,4.4806,0,1401099,-1401099,
001308,康冠科技,18.17,0.4422,1399973,6.4013,1025352,374621,-1399973,
002917,金奥博,10.39,2.668,1391130,4.8421,-1275318,2666448,-1391130,
301063,海锅股份,17.51,2.5776,1383480,4.7186,0,1383480,-1383480,
688045,必易微,60.1,-0.4143,1370799,1.5558,-3157257,4528056,-1370799,
603219,富佳股份,12.67,-0.8607,1370277,3.6697,234253,1136024,-1370277,
002946,新乳业,14.46,0.1385,1365764,2.3121,0,1365764,-1365764,
001202,炬申股份,15.02,3.8728,1355274,3.0374,1111492,243782,-1355274,
301221,光庭信息,26.58,2.7842,1354832,3.9871,-808944,2163776,-1354832,
603896,寿仙谷,14.95,5.9532,1354820,2.1041,-2866657,4221477,-1354820,
605198,安德利,77.29,-10.0023,1350817,0.3771,-10344781,11695598,-1350817,
002524,光正眼科,4.09,3.8071,1349621,2.289,1166416,183205,-1349621,
603530,神马电力,45.0,2.1566,1347917,0.9262,-1956105,3304022,-1347917,
000782,恒申新材,8.3,2.2167,1336263,0.9751,2125313,-789050,-1336263,
002127,南极电商,3.04,0.9967,1334977,1.126,-3855244,5190221,-1334977,
301198,喜悦智行,13.29,8.9344,1333700,2.0309,0,1333700,-1333700,
001239,永达股份,12.04,2.0339,1331645,6.1113,745810,585835,-1331645,
300479,神思电子,14.8,1.9986,1327905,3.007,1480333,-152428,-1327905,
603076,乐惠国际,20.14,2.8601,1327439,5.032,0,1327439,-1327439,
300177,中海达,6.2,1.8062,1325371,3.068,0,1325371,-1325371,
300658,延江股份,10.89,4.3103,1322253,1.1855,-2501068,3823321,-1322253,
603801,志邦家居,6.12,4.0816,1321415,2.5564,0,1321415,-1321415,
000609,*ST中迪,9.8,-0.5076,1319996,2.6469,-1474836,2794832,-1319996,
601512,中新集团,8.48,0.4739,1319406,4.1687,0,1319406,-1319406,
605399,晨光新材,11.55,2.2124,1311429,4.9751,-1018149,2329578,-1311429,
002554,惠博普,2.84,2.5271,1308613,2.3655,-2006088,3314701,-1308613,
002778,中晟高科,16.02,5.7426,1308165,2.4109,2099572,-791407,-1308165,
600997,开滦股份,5.26,1.938,1301812,2.3372,0,1301812,-1301812,
688560,明冠新材,12.59,2.1916,1300690,4.5147,0,1300690,-1300690,
300483,首华燃气,24.18,2.241,1300058,0.6563,-2999659,4299717,-1300058,
601778,晶科科技,3.58,0.8451,1289041,0.5719,14827743,-13538702,-1289041,
603307,扬州金泉,25.06,2.453,1286485,5.0869,162087,1124398,-1286485,
300155,安居宝,4.46,4.4496,1286182,2.7779,-84730,1370912,-1286182,
300955,嘉亨家化,29.93,3.8875,1283909,3.4002,-87861,1371770,-1283909,
301310,鑫宏业,52.1,0.2501,1283399,0.6409,-6506423,7789822,-1283399,
300268,佳沃食品,12.06,3.6973,1282489,3.8363,406252,876237,-1282489,
301156,美农生物,11.78,3.2428,1280565,3.0932,0,1280565,-1280565,
601137,博威合金,20.65,0.7317,1279229,0.5187,664694,614535,-1279229,
002372,伟星新材,8.19,1.3614,1277881,2.3779,0,1277881,-1277881,
300881,盛德鑫泰,30.71,3.9607,1277425,3.5484,-1016600,2294025,-1277425,
002542,*ST中岩,1.69,0.5952,1275577,6.6367,5000,1270577,-1275577,
688113,联测科技,35.5,1.9822,1273676,5.9518,-1061400,2335076,-1273676,
002987,京北方,11.01,1.5683,1265287,0.9799,-744304,2009591,-1265287,
600262,北方股份,15.62,3.5123,1261902,1.3945,2525478,-1263576,-1261902,
301268,铭利达,11.92,0.846,1261389,4.152,0,1261389,-1261389,
601886,XD江河集,13.56,1.1186,1256489,0.8699,7007343,-5750854,-1256489,
688677,海泰新光,81.35,-0.7927,1253232,0.344,-13974647,15227879,-1253232,
603182,嘉华股份,13.54,3.2799,1252574,4.0445,0,1252574,-1252574,
600885,宏发股份,34.08,0.0,1252060,0.3841,-9760083,11012143,-1252060,
301035,润丰股份,53.8,2.2231,1250748,1.5044,1006400,244348,-1250748,
301088,戎美股份,13.49,4.4926,1248304,3.8779,24246,1224058,-1248304,
603180,金牌家居,15.7,3.9047,1247855,7.665,0,1247855,-1247855,
603648,畅联股份,9.65,2.9883,1247637,4.0117,0,1247637,-1247637,
600023,浙能电力,5.01,-1.378,1243733,0.5281,322424,921309,-1243733,
603655,朗博科技,31.69,4.9338,1240116,1.9709,-1211975,2452091,-1240116,
688193,仁度生物,46.79,2.7223,1239275,6.9937,0,1239275,-1239275,
603211,晋拓股份,20.08,-0.4955,1239269,1.5635,-550134,1789403,-1239269,
603177,德创环保,11.43,0.7937,1235322,1.7172,0,1235322,-1235322,
000705,浙江震元,7.19,4.0521,1234846,2.8505,0,1234846,-1234846,
002919,名臣健康,17.03,1.4294,1234549,2.3003,0,1234549,-1234549,
601390,中国中铁,4.33,0.6977,1234311,0.4253,19564844,-18330533,-1234311,
000096,广聚能源,8.07,1.2547,1231015,4.2043,334851,896164,-1231015,
300494,盛天网络,8.12,1.627,1229003,2.6822,0,1229003,-1229003,
002967,广电计量,17.2,0.4673,1227470,2.2849,1814315,-586845,-1227470,
000856,冀东装备,8.83,2.1991,1227267,3.4885,0,1227267,-1227267,
603697,有友食品,9.15,1.105,1226106,3.3156,0,1226106,-1226106,
300152,*ST动力,1.68,0.5988,1224784,8.2477,0,1224784,-1224784,
301517,陕西华达,38.05,0.6614,1223411,1.5858,0,1223411,-1223411,
601963,重庆银行,10.9,0.0,1221997,1.375,3335718,-2113721,-1221997,
600269,赣粤高速,3.82,0.2625,1218329,2.8987,863832,354497,-1218329,
301276,嘉曼服饰,17.53,2.6347,1214601,2.9697,0,1214601,-1214601,
603208,江山欧派,11.31,5.0139,1207269,5.9884,0,1207269,-1207269,
600331,宏达股份,11.84,4.0422,1206649,0.2268,41752856,-40546207,-1206649,
603318,水发燃气,9.31,2.1954,1202338,0.3376,2247608,-1045270,-1202338,
603816,顾家家居,22.36,-0.6222,1200427,0.6742,-9535252,10735679,-1200427,
300111,向日葵,3.11,3.6667,1197266,0.913,0,1197266,-1197266,
001390,古麒绒材,17.7,4.4248,1193320,1.3134,-1054558,2247878,-1193320,
300918,南山智尚,11.1,2.7778,1180812,1.251,1378346,-197534,-1180812,
002666,德联集团,4.26,2.4038,1173379,2.7557,0,1173379,-1173379,
688084,晶品特装,44.35,2.1889,1173206,2.2941,1407874,-234668,-1173206,
688389,普门科技,11.01,2.1336,1172871,4.9509,0,1172871,-1172871,
002024,ST易购,1.17,0.8621,1171558,4.3311,346000,825558,-1171558,
000576,甘化科工,8.59,3.744,1164023,1.0815,0,1164023,-1164023,
601996,丰林集团,2.99,-0.3333,1163480,1.2777,-9780501,10943981,-1163480,
300743,天地数码,14.33,1.9203,1162211,2.8032,3454067,-2291856,-1162211,
001285,瑞立科密,43.24,0.5581,1154901,3.678,0,1154901,-1154901,
600177,雅戈尔,8.17,0.3686,1145074,0.5839,1820585,-675511,-1145074,
300435,中泰股份,16.93,-0.059,1143460,1.0849,-6751580,7895040,-1143460,
300076,*ST宁视,4.35,2.8369,1138621,4.7841,1237421,-98800,-1138621,
002978,安宁股份,25.36,0.835,1137049,2.4234,619498,517551,-1137049,
301126,达嘉维康,10.5,2.5391,1133367,3.4417,0,1133367,-1133367,
002712,思美传媒,5.05,1.2024,1121848,1.6532,0,1121848,-1121848,
688468,科美诊断,6.48,4.0128,1119172,4.6497,0,1119172,-1119172,
688776,国光电气,46.9,0.9905,1117679,2.3353,0,1117679,-1117679,
001323,慕思股份,17.7,2.907,1117239,5.4553,0,1117239,-1117239,
603838,*ST四通,14.14,2.5381,1111906,2.969,-413745,1525651,-1111906,
002255,海陆重工,7.71,0.3906,1105851,2.3315,0,1105851,-1105851,
600271,航天信息,6.81,1.7937,1100931,1.7977,229646,871285,-1100931,
688357,建龙微纳,26.56,4.0752,1094010,5.9136,0,1094010,-1094010,
603048,浙江黎明,24.32,-0.0411,1093039,1.3305,1132338,-39299,-1093039,
002478,常宝股份,6.6,2.3256,1091670,1.2023,2677493,-1585823,-1091670,
000554,泰山石油,6.44,1.2579,1090409,1.5891,2580000,-1489591,-1090409,
600808,马钢股份,2.57,0.0,1083602,0.6746,5252630,-4169028,-1083602,
300758,七彩化学,11.51,1.8584,1076887,1.7004,0,1076887,-1076887,
002287,奇正藏药,19.9,2.7362,1067852,2.8939,0,1067852,-1067852,
301258,富士莱,25.83,4.4903,1066987,4.0508,406762,660225,-1066987,
002941,新疆交建,10.58,0.3795,1061935,1.8739,4048869,-2986934,-1061935,
002513,蓝丰生化,5.43,3.8241,1060865,2.861,0,1060865,-1060865,
300555,ST路通,12.56,1.2087,1054530,10.3895,0,1054530,-1054530,
002216,三全食品,11.75,0.7719,1054065,2.5199,200925,853140,-1054065,
688350,富淼科技,28.06,2.2595,1046467,2.014,-6088881,7135348,-1046467,
300595,欧普康视,10.2,1.5936,1046191,1.3977,2707097,-1660906,-1046191,
300923,研奥股份,23.79,2.809,1045594,3.713,0,1045594,-1045594,
300710,万隆光电,31.1,3.1167,1041912,1.4349,39416,1002496,-1041912,
300885,海昌新材,19.12,0.6316,1041253,2.1738,0,1041253,-1041253,
688288,鸿泉技术,18.2,1.1673,1037052,5.8163,0,1037052,-1037052,
688439,振华风光,37.97,0.7429,1036025,1.8796,-156310,1192335,-1036025,
002075,沙钢股份,3.58,0.5618,1035207,1.501,2041887,-1006680,-1035207,
000068,华控赛格,3.33,3.096,1026719,2.1633,-1328000,2354719,-1026719,
603025,大豪科技,13.49,-0.5895,1025372,1.0906,-1963303,2988675,-1025372,
000409,云鼎科技,9.03,1.5748,1024361,2.1982,-223122,1247483,-1024361,
301512,智信精密,31.5,2.3392,1018109,3.2016,-1530572,2548681,-1018109,
002507,涪陵榨菜,11.14,0.4509,1013361,1.5366,2060320,-1046959,-1013361,
300802,矩子科技,27.9,-2.2767,1012679,0.2732,1412461,-399782,-1012679,
600579,中化装备,7.25,1.1158,1008030,2.0559,-333303,1341333,-1008030,
300614,百川畅银,10.21,2.7163,1007543,3.4166,0,1007543,-1007543,
002597,金禾实业,22.02,0.9629,1001895,0.7994,-7774403,8776298,-1001895,
300554,三超新材,22.41,-2.438,999888,0.8902,-2056369,3056257,-999888,
301380,挖金客,34.27,2.4208,997076,0.9475,-10331292,11328368,-997076,
600798,宁波海运,3.5,0.8646,994360,1.3849,192850,801510,-994360,
001387,雪祺电气,11.74,2.087,985432,3.8781,1306723,-321291,-985432,
301519,舜禹股份,11.68,1.9197,983386,5.2031,0,983386,-983386,
300148,天舟文化,3.55,2.3055,978184,1.0668,-1014727,1992911,-978184,
002501,*ST利源,1.33,2.3077,977359,1.9905,323019,654340,-977359,
002275,桂林三金,12.35,1.9818,976172,3.3328,0,976172,-976172,
000915,华特达因,24.38,1.4565,967125,2.1093,-87768,1054893,-967125,
000990,诚志股份,6.68,3.4056,965968,0.3856,5786095,-4820127,-965968,
600807,济高发展,2.68,3.4749,964712,2.5864,855003,109709,-964712,
688455,科捷智能,17.68,4.6154,964059,2.4351,1762999,-798940,-964059,
600510,黑牡丹,6.72,2.9096,961981,2.2592,0,961981,-961981,
301022,海泰科,22.61,1.8927,960158,3.5055,1131571,-171413,-960158,
300011,鼎汉技术,5.88,2.2609,957384,3.7737,1755000,-797616,-957384,
600643,爱建集团,4.17,2.963,955270,1.3753,555730,399540,-955270,
300366,ST创意,5.49,1.6667,953652,5.1577,0,953652,-953652,
002116,中国海诚,7.25,1.3986,951389,4.4856,0,951389,-951389,
301586,佳力奇,29.95,2.8856,950632,3.6521,0,950632,-950632,
603511,爱慕股份,12.3,0.9852,950207,5.9686,0,950207,-950207,
601968,宝钢包装,4.57,0.883,949221,4.0548,0,949221,-949221,
300969,恒帅股份,81.63,0.7156,947339,0.514,3164185,-2216846,-947339,
688576,西山科技,40.08,3.299,945660,6.6973,0,945660,-945660,
000598,兴蓉环境,7.03,0.1425,945223,0.7245,-12932303,13877526,-945223,
600543,*ST莫高,4.17,2.2059,939874,12.3505,-399662,1339536,-939874,
688098,申联生物,8.68,4.0767,939682,1.8999,0,939682,-939682,
605368,蓝天燃气,6.74,1.3534,936551,4.5288,0,936551,-936551,
688334,西高院,18.07,0.9497,930012,9.0821,0,930012,-930012,
002206,海利得,5.01,1.0081,924337,3.1569,5125948,-4201611,-924337,
002343,慈文传媒,5.73,3.2432,923615,0.9721,-1180566,2104181,-923615,
002110,三钢闽光,2.94,1.0309,921948,1.6231,1911270,-989322,-921948,
002635,安洁科技,15.16,1.4726,919897,0.536,1344412,-424515,-919897,
600610,中毅达,7.78,2.5033,916630,0.4553,3542175,-2625545,-916630,
600822,上海物贸,9.48,0.8511,914134,0.4592,5140631,-4226497,-914134,
600600,青岛啤酒,50.21,0.2996,910847,0.5815,-8736870,9647717,-910847,
301162,国能日新,37.18,3.1059,908804,1.1855,1381277,-472473,-908804,
000635,英力特,7.44,2.0576,907633,1.1408,1288287,-380654,-907633,
603348,文灿股份,14.18,2.6049,898768,3.3561,0,898768,-898768,
000498,山东路桥,5.07,0.396,897460,1.791,-255524,1152984,-897460,
301215,中汽股份,5.33,1.1385,893481,2.2348,-1053504,1946985,-893481,
300232,洲明科技,5.46,1.2987,885840,1.5522,-896105,1781945,-885840,
000886,海南高速,4.79,2.3504,880551,1.5088,0,880551,-880551,
601089,福元医药,16.36,3.8071,878733,1.358,1308512,-429779,-878733,
300533,冰川网络,14.46,1.9746,874917,0.8779,-4022833,4897750,-874917,
688375,国博电子,71.26,-0.8763,871856,0.4185,-4141782,5013638,-871856,
002330,得利斯,4.12,2.2333,871283,2.2272,0,871283,-871283,
300279,和晶科技,6.07,0.9983,867167,0.8315,-1006566,1873733,-867167,
002606,大连电瓷,12.77,0.7098,863948,0.5771,-5223844,6087792,-863948,
300270,中威电子,10.7,1.9048,862645,0.9101,-740377,1603022,-862645,
301273,瑞晨环保,37.43,0.2142,862112,1.1002,-1650773,2512885,-862112,
300807,天迈科技,36.46,1.3341,860073,2.3538,-1105113,1965186,-860073,
688718,唯赛勃,14.6,3.4727,855055,2.4298,0,855055,-855055,
301222,浙江恒威,25.61,0.0782,851901,1.4772,-1405401,2257302,-851901,
688182,灿勤科技,29.42,0.9262,843121,0.7051,-127871,970992,-843121,
301220,亚香股份,32.74,4.4338,837063,1.0146,432091,404972,-837063,
301109,军信股份,12.91,-0.3858,836583,2.3807,-2126113,2962696,-836583,
688391,钜泉科技,26.45,0.4176,829475,2.6984,413740,415735,-829475,
600202,哈空调,5.13,3.2193,825591,3.0065,0,825591,-825591,
300549,优德精密,14.44,1.5471,825304,3.1572,780051,45253,-825304,
600148,长春一东,15.83,1.3444,823124,1.8539,-1311650,2134774,-823124,
600530,ST交昂,4.0,7.2386,823069,2.1473,0,823069,-823069,
002929,润建股份,52.29,0.1724,820960,0.248,-2802363,3623323,-820960,
300935,盈建科,27.64,2.3325,817449,1.5562,-1382532,2199981,-817449,
300557,理工光科,25.9,0.5435,816568,1.3742,592879,223689,-816568,
300252,金信诺,12.96,1.967,811466,0.1793,14653119,-13841653,-811466,
002613,北玻股份,3.64,0.5525,808617,0.3551,-5022337,5830954,-808617,
603587,地素时尚,12.32,1.7341,804057,2.1082,0,804057,-804057,
600993,马应龙,22.72,0.2206,803292,1.1588,0,803292,-803292,
301202,朗威股份,39.46,5.6493,799686,0.7592,2527105,-1727419,-799686,
002448,中原内配,11.47,1.6844,798128,0.4084,4444764,-3646636,-798128,
002144,宏达高科,10.81,3.3461,794765,2.2773,2009311,-1214546,-794765,
300683,海特生物,26.14,4.268,792070,0.3013,3856440,-3064370,-792070,
603456,九洲药业,16.2,4.3814,791363,0.1543,21878017,-21086654,-791363,
600180,*ST瑞茂,1.68,3.0675,790947,2.9283,0,790947,-790947,
301629,矽电股份,282.6,-1.1577,790094,0.264,-8838188,9628282,-790094,
300126,锐奇股份,6.59,2.4883,789340,3.3221,0,789340,-789340,
000755,山西高速,4.72,0.6397,785537,5.1443,0,785537,-785537,
300140,节能环境,5.4,0.7463,782473,1.7156,-793123,1575596,-782473,
002638,勤上股份,4.31,1.6509,781683,0.8325,695298,86385,-781683,
603717,天域生物,5.98,3.1034,776488,1.7603,0,776488,-776488,
300833,浩洋股份,40.92,1.2871,772278,2.7059,-1007124,1779402,-772278,
603107,上海汽配,12.24,1.2407,770613,2.5118,1576900,-806287,-770613,
600987,航民股份,6.38,0.6309,768224,2.7956,-711281,1479505,-768224,
300699,光威复材,23.83,1.189,767238,0.4786,-6552120,7319358,-767238,
603363,傲农生物,2.96,2.4221,766299,0.7864,-2461739,3228038,-766299,
300338,*ST开元,3.1,0.9772,765198,6.95,0,765198,-765198,
003042,中农联合,14.4,3.2258,763516,2.0844,-963229,1726745,-763516,
002091,江苏国泰,7.59,-0.3937,755145,0.8521,-3330800,4085945,-755145,
301348,蓝箭电子,22.51,0.5809,752326,0.4938,-3918090,4670416,-752326,
002569,*ST步森,11.6,2.3831,747889,3.0702,0,747889,-747889,
300183,东软载波,11.14,2.1082,744495,0.9555,0,744495,-744495,
301079,邵阳液压,27.54,0.1819,743633,1.3702,0,743633,-743633,
688132,邦彦技术,16.4,-0.7264,740259,2.1327,0,740259,-740259,
600386,北巴传媒,3.59,3.1609,739860,2.3347,-1029078,1768938,-739860,
603435,嘉德利,49.74,-1.1526,738396,0.4456,-4168805,4907201,-738396,
002857,三晖电气,17.84,3.4803,735065,1.8675,-150930,885995,-735065,
000859,国风新材,9.73,3.072,732957,0.1256,3561170,-2828213,-732957,
603556,海兴电力,23.52,-0.0425,730439,1.1738,0,730439,-730439,
600019,宝钢股份,5.78,0.3472,730377,0.1568,18719567,-17989190,-730377,
603331,百达精工,13.02,1.4809,729443,1.5444,0,729443,-729443,
000702,正虹科技,5.86,4.2705,727254,1.3975,1512065,-784811,-727254,
300465,高伟达,11.53,1.0517,724748,0.7553,5327546,-4602798,-724748,
300594,ST朗进,15.0,-0.0666,720336,3.158,0,720336,-720336,
688522,纳睿雷达,18.43,1.8232,715302,1.1738,0,715302,-715302,
300823,建科智能,14.37,2.8633,711079,1.5468,1170716,-459637,-711079,
600195,中牧股份,6.78,2.4169,709173,1.5031,0,709173,-709173,
301418,协昌科技,34.91,2.1358,708750,1.9937,0,708750,-708750,
000539,粤电力Ａ,5.23,0.3839,702859,0.4521,4309984,-3607125,-702859,
300707,威唐工业,11.92,2.4055,700409,2.0753,0,700409,-700409,
300501,海顺新材,9.64,2.2269,699483,2.7474,0,699483,-699483,
603557,*ST起步,3.36,-1.1765,692403,3.8149,0,692403,-692403,
301656,联合动力,14.57,-0.6817,690429,1.5299,0,690429,-690429,
301399,英特科技,22.57,5.0256,690052,0.4984,-1228758,1918810,-690052,
003027,同兴科技,16.49,2.6775,685392,2.8369,0,685392,-685392,
300477,ST合纵,2.64,0.3802,682919,1.496,0,682919,-682919,
001279,强邦新材,26.65,1.1385,682101,3.1033,-223637,905738,-682101,
603096,新经典,15.78,2.2683,677717,2.2834,0,677717,-677717,
002911,佛燃能源,11.22,0.0892,675245,1.7534,0,675245,-675245,
000911,*ST广糖,5.36,2.682,673878,1.2419,612860,61018,-673878,
002877,智能自控,7.55,2.5815,671875,1.6463,0,671875,-671875,
603970,中农立华,11.38,4.308,668536,1.8843,0,668536,-668536,
600768,富邦新材,14.69,2.3693,667981,2.2133,0,667981,-667981,
603312,西典新能,32.03,1.2326,667772,4.0131,0,667772,-667772,
000890,法尔胜,7.95,3.5156,665389,0.3034,-2756596,3421985,-665389,
600581,*ST八钢,2.46,1.2346,659930,4.6214,1219756,-559826,-659930,
600099,林海股份,9.21,1.9934,659308,3.4073,0,659308,-659308,
000688,国城矿业,26.03,1.6797,655111,0.138,11754726,-11099615,-655111,
301195,北路智控,26.83,1.6673,649666,2.0514,58716,590950,-649666,
300306,远方信息,10.34,2.0731,648038,2.699,0,648038,-648038,
600168,武汉控股,4.36,0.6928,644368,3.9315,0,644368,-644368,
688450,光格科技,32.82,0.644,642058,1.7232,0,642058,-642058,
300377,赢时胜,14.37,2.2048,640967,0.1664,-5422643,6063610,-640967,
601003,柳钢股份,3.6,1.1236,636383,1.3592,-40900,677283,-636383,
688539,高华科技,25.55,4.1582,633649,0.7964,-817191,1450840,-633649,
301121,紫建电子,35.52,0.8518,631168,1.4802,970787,-339619,-631168,
002462,嘉事堂,12.4,1.6393,629941,1.6604,0,629941,-629941,
301280,珠城科技,45.35,0.7554,629391,1.0262,277161,352230,-629391,
301037,保立佳,12.51,3.7313,628826,2.2426,0,628826,-628826,
688308,欧科亿,88.4,0.2836,626584,0.1043,-13109066,13735650,-626584,
603887,城地香江,8.94,0.5624,623674,0.66,3212810,-2589136,-623674,
002977,*ST天箭,20.5,0.5395,622928,6.0833,1220382,-597454,-622928,
603382,海阳科技,19.21,1.9098,621192,1.7222,1108995,-487803,-621192,
688381,帝奥微,42.48,0.6874,616615,0.1427,-13606179,14222794,-616615,
600278,东方创业,6.67,1.9878,611270,1.9313,0,611270,-611270,
300621,维业股份,7.02,3.0837,605793,2.2231,0,605793,-605793,
605266,健之佳,15.57,2.0315,603617,2.6568,0,603617,-603617,
300887,谱尼测试,7.04,3.3774,602509,0.8181,906485,-303976,-602509,
300515,三德科技,16.49,5.4348,599958,0.7127,1226446,-626488,-599958,
603102,百合股份,37.18,3.4214,594163,1.1643,287991,306172,-594163,
688592,司南导航,23.47,2.1323,592444,3.5776,238484,353960,-592444,
688528,秦川物联,10.01,1.2133,589480,2.8882,0,589480,-589480,
301298,东利机械,12.4,2.8192,580348,2.5015,0,580348,-580348,
301622,英思特,37.81,1.4489,577122,1.3653,0,577122,-577122,
600502,安徽建工,4.14,-3.0445,576264,0.2125,-8000808,8577072,-576264,
301167,建研设计,13.08,2.5882,571568,1.7527,0,571568,-571568,
688070,纵横股份,35.0,5.8681,568320,0.626,2532384,-1964064,-568320,
603558,健盛集团,13.25,-0.2259,567022,0.8973,16020,551002,-567022,
600615,鑫源智造,9.44,1.3963,560040,4.8615,0,560040,-560040,
603416,信捷电气,46.83,-0.0427,556967,0.873,-2075128,2632095,-556967,
603860,中公高科,25.72,2.2258,556258,1.9518,0,556258,-556258,
001379,腾达科技,15.88,2.0566,548684,2.5297,0,548684,-548684,
301429,森泰股份,17.29,1.9458,544683,1.8998,0,544683,-544683,
603833,欧派家居,29.45,2.186,543563,0.6972,741966,-198403,-543563,
300640,德艺文创,6.37,4.5977,541531,0.9619,2735818,-2194287,-541531,
688598,金博股份,35.78,2.0245,539449,0.1434,2285582,-1746133,-539449,
301041,金百泽,36.2,0.6394,535828,0.1576,158839,376989,-535828,
002719,ST麦趣,6.4,-0.156,535433,5.1434,0,535433,-535433,
600793,宜宾纸业,17.78,2.7746,534153,0.371,-1335621,1869774,-534153,
002073,软控股份,5.75,0.5245,531627,0.9358,1606784,-1075157,-531627,
300173,ST福能,3.36,2.1277,530249,3.5492,0,530249,-530249,
002672,东江环保,3.66,2.521,527622,1.9027,-1044714,1572336,-527622,
301515,港通医疗,19.35,3.09,526400,2.5308,0,526400,-526400,
600265,*ST景谷,22.66,1.5233,522265,4.2985,0,522265,-522265,
002694,*ST顾地,2.4,1.6949,518889,13.9112,0,518889,-518889,
688232,新点软件,17.53,0.4585,518338,1.6413,243560,274778,-518338,
603153,上海建科,13.35,1.5982,516893,3.0822,0,516893,-516893,
300192,科德教育,18.4,-0.6479,513602,0.1999,-2793014,3306616,-513602,
603559,中通国脉,9.47,1.3919,511471,0.5247,2399178,-1887707,-511471,
600017,日照港,2.83,0.3546,508789,0.6221,-96493,605282,-508789,
002873,新天药业,8.56,6.6002,504321,0.6182,-2127044,2631365,-504321,
688253,英诺特,58.33,2.8023,502660,0.7047,2267538,-1764878,-502660,
301503,智迪科技,21.89,2.8182,501052,2.3997,0,501052,-501052,
600731,湖南海利,5.91,2.4263,500795,1.8398,-829984,1330779,-500795,
605339,南侨食品,13.06,1.8721,497357,2.9728,0,497357,-497357,
688459,哈铁科技,8.24,1.1043,493235,6.5329,0,493235,-493235,
600429,三元股份,4.63,1.0917,490694,1.0057,1017088,-526394,-490694,
601718,ST际华,1.99,1.0152,489795,1.9822,-995000,1484795,-489795,
300578,会畅科技,15.51,1.0423,483061,1.1458,0,483061,-483061,
600107,*ST尔雅,5.88,4.0708,477728,5.9567,0,477728,-477728,
603059,倍加洁,25.71,4.7677,477391,0.9691,-416018,893409,-477391,
603327,福蓉科技,8.47,0.7134,476171,0.4329,2024239,-1548068,-476171,
002822,ST中装,2.97,-1.3289,472838,2.6835,1482030,-1009192,-472838,
688298,东方生物,18.62,4.0805,472310,1.1205,0,472310,-472310,
301288,清研环境,16.16,1.1897,468054,2.5124,0,468054,-468054,
300540,蜀道装备,27.31,-1.1224,467673,0.1709,-9736544,10204217,-467673,
688425,铁建重工,4.0,1.0101,463664,1.2112,0,463664,-463664,
301370,国科恒泰,8.63,2.3725,463337,2.1235,0,463337,-463337,
301588,美新科技,28.29,1.0357,461661,0.7494,-471097,932758,-461661,
301552,科力装备,24.49,1.073,454356,2.6023,0,454356,-454356,
688670,金迪克,18.55,5.2781,449376,1.0519,0,449376,-449376,
301510,固高科技,28.34,3.6576,447645,0.1678,12222461,-11774816,-447645,
301076,新瀚新材,21.49,2.6266,447181,0.5233,-1881237,2328418,-447181,
603028,赛福天,7.05,4.4444,443306,1.5244,0,443306,-443306,
600456,宝钛股份,25.69,1.7426,438255,0.4558,521249,-82994,-438255,
300958,建工修复,12.14,2.2746,433242,1.7836,0,433242,-433242,
600868,梅雁吉祥,2.86,1.0601,432130,0.4842,1749506,-1317376,-432130,
002331,皖通科技,6.77,1.4993,425930,1.0107,-1663498,2089428,-425930,
600496,精工钢构,3.35,0.2994,424934,0.5067,-4918029,5342963,-424934,
000420,吉林化纤,3.57,0.8475,417397,0.3816,3313748,-2896351,-417397,
300393,中来股份,6.29,2.2764,413571,0.2994,4318558,-3904987,-413571,
300275,梅安森,9.13,1.8973,411765,0.9802,831085,-419320,-411765,
688695,中创股份,19.13,2.0267,407155,2.2595,0,407155,-407155,
688633,星球石墨,22.51,0.6258,406279,1.0512,1159790,-753511,-406279,
301613,新铝时代,34.99,0.7776,406176,1.5497,0,406176,-406176,
600189,泉阳泉,8.27,4.9492,405080,0.3274,6950423,-6545343,-405080,
003008,开普检测,19.37,3.3618,405010,1.6911,0,405010,-405010,
603021,*ST华鹏,5.47,-0.726,402698,1.8246,0,402698,-402698,
300854,中兰环保,15.74,3.0105,400591,0.695,1070944,-670353,-400591,
601368,绿城水务,4.51,1.3483,399504,2.9332,0,399504,-399504,
301398,星源卓镁,39.16,4.9585,399115,0.4419,0,399115,-399115,
002627,三峡旅游,6.87,1.4771,398493,0.5018,1218744,-820251,-398493,
002082,ST万邦,10.11,5.6426,395579,0.2485,-1248225,1643804,-395579,
603810,丰山集团,11.97,2.7468,395309,1.7128,0,395309,-395309,
603709,中源家居,12.42,1.2225,385975,1.3557,0,385975,-385975,
600561,江西长运,5.85,2.4518,383737,1.6548,0,383737,-383737,
603995,甬金股份,26.67,2.4194,382901,0.2642,-2413178,2796079,-382901,
300650,太龙股份,12.61,3.0229,382741,0.5019,989466,-606725,-382741,
003017,大洋生物,23.04,3.7838,375162,0.8291,0,375162,-375162,
003038,鑫铂股份,10.77,2.3764,374804,1.1593,1926190,-1551386,-374804,
300556,丝路视觉,15.87,1.5355,374063,0.6211,1040657,-666594,-374063,
600323,瀚蓝环境,28.55,-1.3135,373140,0.2355,1344598,-971458,-373140,
002250,联化科技,14.51,2.6893,372195,0.2291,1370707,-998512,-372195,
605268,王力安防,9.75,1.2461,371343,1.7296,2281438,-1910095,-371343,
600883,博闻科技,8.04,3.0769,370024,1.0691,0,370024,-370024,
603277,银都股份,11.43,1.4197,370021,1.7396,0,370021,-370021,
301212,联盛化学,26.22,3.5954,369391,1.3526,0,369391,-369391,
600187,*ST国中,1.3,0.7752,369188,1.5859,0,369188,-369188,
600892,大晟文化,4.13,2.9925,368773,0.243,701471,-332698,-368773,
600361,创新新材,3.53,0.8571,367316,0.3674,-433054,800370,-367316,
603878,武进不锈,4.95,1.6427,363429,1.11,0,363429,-363429,
301618,长联科技,31.15,0.6787,361674,1.2541,0,361674,-361674,
300940,南极光,13.84,2.8996,360946,0.6633,0,360946,-360946,
688750,金天钛业,14.32,1.1299,357473,1.5959,1514562,-1157089,-357473,
600628,新世界,6.46,3.6918,350852,0.5261,-2280547,2631399,-350852,
002234,民和股份,7.95,2.0539,350662,0.8923,32431,318231,-350662,
600007,中国国贸,19.88,0.0,342764,0.6951,0,342764,-342764,
300590,移为通信,11.6,1.31,336645,0.2032,-275760,612405,-336645,
301291,明阳电气,34.78,1.3108,333784,0.2031,-2471108,2804892,-333784,
603515,欧普照明,14.78,1.511,326343,1.3164,0,326343,-326343,
301192,泰祥股份,19.19,2.3467,324028,1.4388,0,324028,-324028,
301501,恒鑫生活,27.92,2.2336,323610,1.1832,0,323610,-323610,
002227,*ST特迅,6.54,2.3474,321802,3.8401,0,321802,-321802,
002662,峰璟股份,3.21,0.627,316655,1.0152,2910186,-2593531,-316655,
301508,中机认检,24.17,1.512,315726,1.6776,0,315726,-315726,
300965,恒宇信通,42.61,2.8979,307100,1.224,0,307100,-307100,
002671,龙泉股份,4.04,3.0612,305636,0.7924,0,305636,-305636,
301303,真兰仪表,13.97,0.4313,305443,0.7253,3615288,-3309845,-305443,
300828,锐新科技,17.53,3.544,302726,0.3076,-1249146,1551872,-302726,
603111,康尼机电,6.1,1.4975,302319,0.9659,0,302319,-302319,
300879,大叶股份,18.76,7.8781,298179,0.0905,1588336,-1290157,-298179,
300019,硅宝科技,14.38,0.6298,297045,0.8325,396060,-99015,-297045,
600051,宁波联合,6.22,2.4712,294079,1.1868,0,294079,-294079,
002833,弘亚数控,18.47,0.8188,293579,0.6669,892800,-599221,-293579,
002801,微光股份,26.69,0.641,291255,1.6993,135813,155442,-291255,
301361,众智科技,27.15,0.9669,291212,1.033,-1029040,1320252,-291212,
000655,金岭矿业,7.22,1.4045,288721,0.8442,0,288721,-288721,
300099,尤洛卡,6.35,2.2544,287592,0.2678,472534,-184942,-287592,
688671,碧兴物联,26.73,7.3063,286440,0.5196,-3164472,3450912,-286440,
301131,聚赛龙,32.78,2.5016,284545,1.3773,0,284545,-284545,
300564,筑博设计,12.23,0.4105,282554,1.1072,0,282554,-282554,
688038,中科通达,19.28,1.9566,280774,0.6931,0,280774,-280774,
603275,众辰科技,37.09,1.6443,280559,0.552,1215000,-934441,-280559,
000631,顺发恒能,3.03,4.1237,280147,0.3596,979800,-699653,-280147,
300876,蒙泰高新,14.87,2.4105,279743,0.946,0,279743,-279743,
300732,设研院,5.8,2.1127,274478,0.96,0,274478,-274478,
688095,福昕软件,57.24,-0.4868,273194,0.1481,2930448,-2657254,-273194,
300882,万胜智能,13.56,0.8178,272664,1.3128,0,272664,-272664,
600925,苏能股份,4.14,0.9756,268004,0.9693,0,268004,-268004,
603235,天新药业,25.3,1.3216,266640,1.4539,0,266640,-266640,
002968,新大正,9.66,4.7722,265765,0.7598,0,265765,-265765,
300971,博亚精工,17.49,1.8637,265018,0.754,0,265018,-265018,
600094,大名城,4.14,2.4752,261927,0.2292,990993,-729066,-261927,
002883,*ST中设,9.22,0.8753,258429,4.9319,764943,-506514,-258429,
300637,扬帆新材,9.51,2.2581,256658,0.9034,0,256658,-256658,
603170,宝立食品,11.98,0.8418,256191,0.9624,0,256191,-256191,
000669,ST金鸿,4.18,0.4808,252430,1.4771,0,252430,-252430,
600295,鄂尔多斯,13.3,0.6813,249438,0.2762,201786,47652,-249438,
002016,世荣兆业,4.71,3.7445,248585,0.3615,649729,-401144,-248585,
301073,君亭酒店,18.41,3.7183,247124,0.1791,-3999271,4246395,-247124,
603967,中创物流,11.78,0.9426,231781,1.0588,0,231781,-231781,
300569,天能重工,5.08,0.3953,231722,0.1961,5009478,-4777756,-231722,
002327,富安娜,6.14,0.491,231428,1.5038,1100288,-868860,-231428,
603238,诺邦股份,12.26,3.1987,231230,0.7132,-1008003,1239233,-231230,
603055,台华新材,9.28,-0.9605,231003,0.4521,-1349040,1580043,-231003,
600238,ST椰岛,4.68,1.0799,229791,1.7161,0,229791,-229791,
002467,二六三,4.63,1.7582,226641,0.1705,5237565,-5010924,-226641,
300603,立昂技术,8.15,1.3682,223602,0.3218,-761112,984714,-223602,
688683,莱尔科技,32.19,1.1628,222758,0.4885,-327711,550469,-222758,
688005,容百科技,23.92,-0.5819,215172,0.1131,564576,-349404,-215172,
001382,新亚电缆,16.68,0.9685,211488,0.8531,0,211488,-211488,
688121,*ST卓然,1.38,20.0,209124,1.0488,0,209124,-209124,
301136,招标股份,12.28,0.6557,205964,0.2371,2074753,-1868789,-205964,
002878,元隆雅图,12.66,0.4762,198872,0.4855,158351,40521,-198872,
001299,美能能源,10.41,5.6853,195173,0.1393,1137673,-942500,-195173,
002825,纳尔股份,9.71,1.6754,190033,0.5521,-1624519,1814552,-190033,
000531,穗恒运Ａ,5.69,0.708,189879,0.6111,0,189879,-189879,
002159,三特索道,13.8,4.5455,188569,0.3577,0,188569,-188569,
300770,新媒股份,34.56,0.0289,186539,0.2461,1237249,-1050710,-186539,
603788,宁波高发,13.76,1.4001,185225,1.6687,0,185225,-185225,
603535,嘉诚国际,6.24,2.1277,184155,1.0202,170775,13380,-184155,
300610,晨化股份,10.37,2.877,178472,0.5476,0,178472,-178472,
600526,菲达环保,4.62,1.3158,178314,0.6189,-861464,1039778,-178314,
000826,*ST启环,1.89,1.0695,173336,1.0002,1890000,-1716664,-173336,
002642,荣联科技,7.03,0.5722,170793,0.3241,-912032,1082825,-170793,
600505,西昌电力,10.73,0.7512,165918,0.2042,-3374979,3540897,-165918,
300631,久吾高科,21.64,1.5486,164890,0.4683,0,164890,-164890,
300135,宝利国际,3.55,2.0115,164344,0.2441,2132553,-1968209,-164344,
688608,恒玄科技,104.18,0.9007,162478,0.046,-9686443,9848921,-162478,
001338,永顺泰,9.22,1.6538,160841,0.2482,1257432,-1096591,-160841,
300211,*ST亿通,7.06,0.5698,159368,1.6811,259586,-100218,-159368,
600173,卧龙新能,6.01,2.0374,155311,0.5725,0,155311,-155311,
002346,柘中股份,19.16,1.7525,153462,0.079,-926752,1080214,-153462,
603577,汇金通,9.73,1.2487,150992,0.5217,0,150992,-150992,
603037,凯众股份,10.02,2.3493,150958,0.4028,-1363077,1514035,-150958,
001395,亚联机械,29.8,2.7586,150413,0.3494,0,150413,-150413,
603586,金麒麟,13.75,1.626,149737,0.6748,0,149737,-149737,
002691,*ST冀凯,4.27,-0.2336,146255,2.2193,0,146255,-146255,
300730,科创信息,11.33,1.4324,145220,0.4328,0,145220,-145220,
603379,三美股份,51.71,1.1146,144331,0.04,-10328816,10473147,-144331,
002191,劲嘉股份,3.66,0.8264,142893,0.3314,2922522,-2779629,-142893,
301168,通灵股份,40.65,0.5442,141450,0.7158,0,141450,-141450,
688161,威高骨科,21.85,2.3899,140548,0.4947,0,140548,-140548,
002313,日海智能,8.45,1.8072,139110,0.3326,-494841,633951,-139110,
600956,新天绿能,7.29,1.1096,136739,0.2865,-732645,869384,-136739,
605337,李子园,9.08,2.0225,136650,0.4353,0,136650,-136650,
300926,博俊科技,16.53,0.7313,135797,0.3357,0,135797,-135797,
300912,凯龙高科,20.1,2.7607,133496,0.1967,0,133496,-133496,
301170,锡南科技,22.61,0.9375,131666,0.7067,0,131666,-131666,
301163,宏德股份,22.2,2.3513,131106,0.5539,0,131106,-131106,
688370,丛麟科技,26.86,4.6358,127466,0.3144,0,127466,-127466,
300071,福石控股,4.18,0.9662,127356,0.0801,939210,-811854,-127356,
300244,迪安诊断,20.43,7.4698,123050,0.0128,3883090,-3760040,-123050,
688557,兰剑智能,20.69,4.7595,121733,0.2679,332612,-210879,-121733,
002991,甘源食品,38.07,0.7943,120429,0.4002,-1435713,1556142,-120429,
002872,ST天圣,6.05,2.8912,118358,0.4845,-156695,275053,-118358,
600873,梅花生物,7.54,0.1328,118115,0.1063,-7016312,7134427,-118115,
300858,科拓生物,14.85,3.4843,117950,0.2499,837722,-719772,-117950,
605189,富春染织,14.11,0.427,111315,0.1446,-645286,756601,-111315,
600287,苏豪时尚,5.03,3.4979,109137,0.6527,0,109137,-109137,
002197,证通电子,6.7,1.9787,108872,0.0798,-2345892,2454764,-108872,
603767,中马传动,13.59,1.3423,102259,0.2408,2146202,-2043943,-102259,
600655,豫园股份,4.67,2.1882,98400,0.1192,877465,-779065,-98400,
603195,公牛集团,37.98,-0.0526,95579,0.1181,-1394587,1490166,-95579,
002344,海宁皮城,4.08,2.2556,95225,0.2667,0,95225,-95225,
688570,天玛智控,14.72,0.9602,91317,1.6191,0,91317,-91317,
002599,盛通股份,5.53,0.7286,87236,0.3213,0,87236,-87236,
300219,鸿利智汇,6.98,1.4535,77695,0.0789,889163,-811468,-77695,
688638,誉辰智能,33.0,1.6323,73329,0.5489,0,73329,-73329,
300314,戴维医疗,12.01,3.5345,72874,0.094,485391,-412517,-72874,
301539,宏鑫科技,15.2,1.6722,71768,0.3426,-1217463,1289231,-71768,
300452,山河药辅,13.28,3.9937,69696,0.0785,-1400251,1469947,-69696,
301024,霍普股份,32.64,1.4295,69443,0.2823,0,69443,-69443,
002660,茂硕电源,8.14,0.3699,63271,0.0983,0,63271,-63271,
688030,山石网科,18.45,3.0726,61051,0.0601,2707597,-2646546,-61051,
300861,美畅股份,16.2,0.3096,59903,0.0478,1935592,-1875689,-59903,
002381,双箭股份,5.61,2.9358,58687,0.2861,0,58687,-58687,
300425,中建环能,4.04,2.0202,57461,0.1986,0,57461,-57461,
600889,*ST京化,13.36,0.3757,49616,0.4628,0,49616,-49616,
300929,华骐环保,16.0,0.8827,47129,0.1133,-30419,77548,-47129,
600566,济川药业,24.96,-0.9131,46963,0.0494,-2577374,2624337,-46963,
688276,百克生物,17.75,5.6548,42416,0.0328,-3298514,3340930,-42416,
300022,吉峰科技,7.99,-0.2497,41979,0.0973,919965,-877986,-41979,
603222,济民健康,7.89,1.5444,40659,0.0352,933982,-893323,-40659,
301584,建发致新,20.51,2.55,35526,0.0682,331013,-295487,-35526,
002899,英派斯,20.87,6.2087,33871,0.0328,-1417822,1451693,-33871,
300848,美瑞新材,11.25,1.5343,32508,0.1334,0,32508,-32508,
002766,索菱股份,4.06,0.7444,28932,0.0627,-2174933,2203865,-28932,
603194,中力股份,33.57,0.209,28923,0.1661,13424,15499,-28923,
688355,明志科技,16.66,0.9697,28249,0.1936,67976,-39727,-28249,
600611,大众交通,4.57,0.883,24306,0.0151,70578,-46272,-24306,
301208,中亦科技,30.9,3.2754,19329,0.0479,1218509,-1199180,-19329,
603022,新通联,8.9,3.4884,18078,0.0551,1005326,-987248,-18078,
688211,中科微至,32.18,1.9645,18001,0.0451,0,18001,-18001,
300662,科锐国际,21.4,0.6585,17257,0.0323,2343319,-2326062,-17257,
300818,耐普矿机,17.2,0.9982,17183,0.0418,0,17183,-17183,
300875,捷强装备,33.53,3.4238,9323,0.0087,1011636,-1002313,-9323,
603070,万控智造,11.63,1.3066,8608,0.0454,0,8608,-8608,
605303,园林股份,23.68,nan,0,nan,0,0,0,
601059,信达证券,15.56,nan,0,nan,0,0,0,
000016,*ST康佳A,2.46,nan,0,nan,0,0,0,
601198,东兴证券,13.06,nan,0,nan,0,0,0,
601238,广汽集团,5.09,nan,0,nan,0,0,0,
002731,*ST萃华,0.77,nan,0,nan,0,0,0,
601995,中金公司,31.8,nan,0,nan,0,0,0,
688496,*ST清越,0.58,nan,0,nan,0,0,0,
603400,华之杰,54.67,nan,0,nan,0,0,0,
300082,奥克股份,8.58,nan,0,nan,0,0,0,
300585,奥联电子,16.04,nan,0,nan,0,0,0,
301139,*ST元道,3.31,nan,0,nan,0,0,0,
000752,*ST西发,8.71,0.2301,-200,-0.0024,1044000,-1044200,200,
600694,大商股份,14.57,1.0402,-1238,-0.0027,-459587,458349,1238,
300694,蠡湖股份,10.68,0.8499,-2401,-0.0077,0,-2401,2401,
600336,澳柯玛,6.45,0.4673,-3302,-0.0083,1427599,-1430901,3302,
603079,圣达生物,13.38,4.5313,-3661,-0.0057,-1070657,1066996,3661,
600568,ST中珠,2.42,1.2552,-4794,-0.0178,-1011500,1006706,4794,
002562,兄弟科技,4.93,2.9228,-8486,-0.0072,2493431,-2501917,8486,
603027,千禾味业,7.33,0.6868,-11270,-0.02,2375524,-2386794,11270,
301509,金凯生科,30.98,3.7508,-12928,-0.0107,2497759,-2510687,12928,
002802,洪汇新材,12.3,2.8428,-16322,-0.0587,0,-16322,16322,
600528,中铁工业,6.86,0.2924,-20115,-0.0422,5498273,-5518388,20115,
603519,立霸股份,16.2,4.1801,-22550,-0.0276,-111749,89199,22550,
301105,鸿铭股份,49.55,1.6619,-24025,-0.0924,-68782,44757,24025,
600796,钱江生化,5.1,1.7964,-27378,-0.1414,0,-27378,27378,
688133,泰坦科技,22.04,7.0943,-27878,-0.016,-2358206,2330328,27878,
688196,卓越新能,33.9,1.9856,-28762,-0.0567,-944686,915924,28762,
600810,神马股份,6.41,1.5848,-33302,-0.1167,0,-33302,33302,
301065,本立科技,19.75,3.349,-34621,-0.1159,0,-34621,34621,
301578,辰奕智能,23.38,1.2998,-36149,-0.1982,0,-36149,36149,
001228,永泰运,34.09,3.5541,-40296,-0.0416,-734109,693813,40296,
600650,锦江在线,10.42,1.0669,-42659,-0.2116,0,-42659,42659,
002529,海源复材,6.63,0.9132,-46440,-0.137,-2102512,2056072,46440,
000822,山东海化,4.36,2.3474,-47610,-0.136,0,-47610,47610,
603007,顺景科技,4.72,0.6397,-49029,-0.0628,10232178,-10281207,49029,
600872,中炬高新,17.27,0.641,-51984,-0.0335,-13746317,13694333,51984,
300797,钢研纳克,13.4,2.2901,-56101,-0.0814,266498,-322599,56101,
688229,博睿数据,61.22,-0.1794,-57209,-0.2444,0,-57209,57209,
300374,中铁装配,10.12,-5.4206,-60494,-0.0491,-2491395,2430901,60494,
600149,廊坊发展,5.03,2.0284,-69714,-0.1985,0,-69714,69714,
000408,藏格矿业,72.31,0.2079,-69840,-0.0139,-6879063,6809223,69840,
300948,冠中生态,19.34,2.058,-75410,-0.1577,760634,-836044,75410,
600235,民丰特纸,5.86,2.2688,-80525,-0.3492,0,-80525,80525,
300500,启迪设计,9.39,1.9544,-81019,-0.286,0,-81019,81019,
600966,博汇纸业,5.04,2.0243,-83980,-0.1301,1231111,-1315091,83980,
300619,金银河,26.2,0.9245,-86552,-0.0614,-2041834,1955282,86552,
001220,世盟股份,31.98,0.1252,-88068,-0.2164,-1280179,1192111,88068,
301513,尚水智能,46.0,-0.6694,-88522,-0.1559,0,-88522,88522,
003022,联泓新科,19.72,0.1524,-88553,-0.0537,1343874,-1432427,88553,
300198,*ST纳川,2.29,0.8811,-89328,-0.7123,0,-89328,89328,
688118,普元信息,19.61,1.239,-93174,-0.3422,0,-93174,93174,
600169,ST太重,2.17,0.9302,-93548,-0.5985,1924305,-2017853,93548,
300778,新城市,10.85,4.5279,-104104,-0.2511,-133102,28998,104104,
600365,ST通葡,2.86,1.0601,-110191,-2.605,0,-110191,110191,
300906,日月明,28.92,1.0835,-114244,-0.4498,0,-114244,114244,
301565,中仑新材,19.85,2.584,-123589,-0.1242,-763144,639555,123589,
605259,绿田机械,17.51,1.0387,-126968,-1.4363,0,-126968,126968,
002399,海普瑞,9.8,4.8128,-131761,-0.2146,0,-131761,131761,
688259,创耀科技,32.13,0.6579,-131802,-0.4987,0,-131802,131802,
301203,国泰环保,33.95,1.5555,-134217,-0.5986,0,-134217,134217,
002060,广东建工,3.06,0.3279,-137477,-0.2176,4308862,-4446339,137477,
600280,中央商场,3.2,4.5752,-144901,-0.0968,443049,-587950,144901,
603357,设计总院,5.94,1.7123,-145842,-1.0177,0,-145842,145842,
600648,外高桥,9.49,0.5297,-146042,-0.8606,-1501224,1355182,146042,
300784,利安科技,41.59,1.9113,-151846,-0.8647,0,-151846,151846,
301557,常友科技,84.53,-1.3537,-153467,-0.2564,-139962,-13505,153467,
688058,宝兰德,24.58,1.4445,-157100,-0.8023,0,-157100,157100,
689009,九号公司-WD,38.21,0.5526,-158385,-0.0639,7881056,-8039441,158385,
002997,瑞鹄模具,26.84,0.6752,-159231,-0.2187,4649310,-4808541,159231,
000411,英特集团,10.07,1.7172,-160671,-0.4397,1427159,-1587830,160671,
300541,先进数通,9.66,1.3641,-162192,-0.379,-1879640,1717448,162192,
301052,果麦文化,24.7,4.2194,-166053,-0.1329,-573376,407323,166053,
300963,中洲特材,11.25,1.1691,-168159,-0.4233,-12386,-155773,168159,
601068,中铝国际,4.43,0.6818,-169645,-0.3995,-132036,-37609,169645,
300648,星云股份,42.01,-1.1529,-170801,-0.1756,-1684808,1514007,170801,
603172,万丰股份,19.03,2.4771,-171985,-0.686,167181,-339166,171985,
002722,物产金轮,13.2,1.7733,-172051,-0.6263,0,-172051,172051,
600455,博通股份,23.71,1.8908,-173783,-0.6283,0,-173783,173783,
603360,百傲化学,13.28,2.866,-176404,-0.0974,6396844,-6573248,176404,
000526,学大教育,35.69,1.3345,-179249,-0.2802,0,-179249,179249,
300266,兴源环境,1.9,2.1505,-182862,-0.432,0,-182862,182862,
300417,南华仪器,11.64,2.4648,-186911,-0.4983,0,-186911,186911,
688335,复洁科技,18.26,0.44,-187461,-0.5719,0,-187461,187461,
001269,欧晶科技,19.22,2.0712,-196135,-0.4501,-2835130,2638995,196135,
600197,伊力特,9.48,1.826,-203472,-0.5882,1067836,-1271308,203472,
301491,汉桑科技,37.99,2.8703,-204690,-0.5227,604480,-809170,204690,
002299,圣农发展,16.15,1.1271,-205602,-0.1747,-287406,81804,205602,
301318,维海德,20.95,1.11,-206377,-1.3695,0,-206377,206377,
300523,辰安科技,21.36,0.2346,-208377,-0.5027,-935173,726796,208377,
605089,味知香,20.9,2.2005,-210043,-1.3855,0,-210043,210043,
688517,金冠电气,16.57,4.0829,-216717,-0.3677,-180207,-36510,216717,
000958,电投产融,5.15,0.3899,-217585,-0.5135,-2057718,1840133,217585,
603324,盛剑科技,26.78,-0.4461,-220749,-0.3815,0,-220749,220749,
301185,鸥玛软件,17.06,2.524,-221621,-0.9288,0,-221621,221621,
300791,仙乐健康,17.79,2.8324,-224812,-0.6418,-1028660,803848,224812,
002633,申科股份,14.2,0.7092,-227997,-0.9677,0,-227997,227997,
603223,恒通股份,10.12,0.998,-232011,-0.4586,-4551739,4319728,232011,
688526,科前生物,12.49,0.9701,-232047,-2.1114,0,-232047,232047,
603829,洛凯股份,16.03,2.9544,-232184,-0.3806,0,-232184,232184,
002864,盘龙药业,21.43,4.2315,-234773,-0.3255,0,-234773,234773,
301598,博科测试,51.04,0.6905,-235314,-1.0829,2570559,-2805873,235314,
600073,光明肉业,5.58,0.722,-237711,-0.4992,1367435,-1605146,237711,
300832,新产业,49.05,0.2248,-238473,-0.1353,1040579,-1279052,238473,
600231,凌钢股份,1.72,1.7751,-240451,-0.9342,-242280,1829,240451,
600983,惠而浦,7.38,0.2717,-241717,-4.0219,0,-241717,241717,
000550,江铃汽车,16.59,-0.5992,-242982,-0.3692,0,-242982,242982,
603600,永艺股份,10.33,1.9743,-243046,-0.6539,730285,-973331,243046,
601528,瑞丰银行,4.96,-0.6012,-245958,-0.3945,0,-245958,245958,
300915,海融科技,22.28,6.3992,-247693,-0.355,-11060,-236633,247693,
300504,天邑股份,18.44,3.4212,-248331,-0.1459,1247554,-1495885,248331,
301223,中荣股份,18.22,3.171,-254792,-1.1462,0,-254792,254792,
002211,ST宏达,3.82,0.0,-254903,-1.358,-1536000,1281097,254903,
600784,鲁银投资,7.21,1.8362,-256819,-0.4669,-3070004,2813185,256819,
605108,同庆楼,12.37,4.037,-256907,-0.6133,0,-256907,256907,
600618,氯碱化工,9.96,1.4257,-258196,-0.6051,-1317992,1059796,258196,
000698,ST沈化,3.68,0.8219,-261212,-1.201,-5382331,5121119,261212,
301296,新巨丰,6.42,2.8846,-261381,-1.1389,0,-261381,261381,
603637,镇海股份,15.1,2.1651,-263017,-0.2214,253516,-516533,263017,
688377,迪威尔,17.39,2.1139,-265403,-0.5606,0,-265403,265403,
300388,节能国祯,6.78,0.8929,-268257,-1.1954,-462176,193919,268257,
301272,英华特,34.8,2.3228,-268689,-1.2603,0,-268689,268689,
300837,浙矿股份,22.8,1.3333,-270603,-0.7952,0,-270603,270603,
002887,绿茵生态,9.18,0.9901,-273875,-1.2882,0,-273875,273875,
301039,中集车辆,7.39,0.5442,-276530,-0.33,-4425476,4148946,276530,
600817,宇通重工,9.72,-0.2053,-277915,-2.3413,0,-277915,277915,
301173,毓恬冠佳,32.81,1.9577,-278564,-2.1712,0,-278564,278564,
688757,胜科纳米,31.47,0.191,-283107,-0.1262,-2067338,1784231,283107,
603895,天永智能,26.18,2.0265,-284481,-1.2814,57200,-341681,284481,
600444,国机通用,14.26,2.7378,-286802,-1.0067,0,-286802,286802,
300512,中亚股份,7.43,1.5027,-287520,-1.0547,0,-287520,287520,
301239,普瑞眼科,31.8,1.6949,-288106,-0.5704,1947911,-2236017,288106,
001311,多利科技,17.45,4.5536,-293450,-0.4008,0,-293450,293450,
300220,金运激光,11.16,1.9178,-293647,-1.0091,0,-293647,293647,
600119,*ST长投,5.02,0.8032,-293724,-3.4843,0,-293724,293724,
002032,苏泊尔,39.25,-2.1929,-296674,-0.4223,-588744,292070,296674,
000012,南玻Ａ,3.78,1.6129,-298874,-0.3335,1857070,-2155944,298874,
000888,峨眉山Ａ,9.54,1.9231,-298878,-0.3345,-22110,-276768,298878,
301101,明月镜片,30.43,2.1484,-300263,-0.4472,1004445,-1304708,300263,
002705,新宝股份,11.68,0.0,-301351,-0.2668,-1598919,1297568,301351,
002732,燕塘乳业,14.08,3.0747,-302367,-1.2994,0,-302367,302367,
002012,凯恩股份,7.4,0.6803,-306098,-0.5762,-1292830,986732,306098,
000686,东北证券,7.81,1.0349,-308661,-0.2957,-540152,231491,308661,
603721,中广天择,18.47,1.261,-315918,-0.2707,1040375,-1356293,315918,
603551,奥普科技,9.31,0.8667,-316756,-1.7529,1657260,-1974016,316756,
600846,同济科技,11.01,0.5479,-321357,-1.46,-3696306,3374949,321357,
601065,江盐集团,6.78,1.194,-323714,-1.4701,-1352000,1028286,323714,
603376,大明电子,27.73,1.02,-324222,-0.4534,-31146,-293076,324222,
603062,麦加芯彩,37.73,3.3133,-325643,-2.2772,0,-325643,325643,
300380,安硕信息,29.27,2.7018,-327848,-0.4627,0,-327848,327848,
301100,风光股份,15.31,1.3236,-329800,-2.7077,0,-329800,329800,
600098,广州发展,6.23,-0.7962,-330131,-0.3123,-9803174,9473043,330131,
300320,海达股份,8.5,1.5532,-330349,-0.6481,749808,-1080157,330349,
000680,山推股份,9.39,0.1066,-333708,-0.2543,-8050315,7716607,333708,
001324,长青科技,21.42,3.6284,-335886,-0.2465,-369085,33199,335886,
300405,科隆股份,5.78,3.9568,-335988,-0.6732,1701000,-2036988,335988,
000919,金陵药业,6.73,4.1796,-341693,-0.3443,107938,-449631,341693,
688511,天微电子,22.95,-1.4175,-342715,-1.0747,0,-342715,342715,
002451,摩恩电气,7.74,2.381,-344311,-0.4339,2062793,-2407104,344311,
688573,信宇人,15.43,-0.0648,-346402,-1.1908,0,-346402,346402,
605138,盛泰集团,6.13,3.0252,-348584,-1.9727,0,-348584,348584,
300930,屹通新材,25.49,3.282,-349250,-0.9922,561699,-910949,349250,
688458,美芯晟,38.5,0.7326,-349569,-0.5593,-2420631,2071062,349569,
603185,弘元绿能,14.56,0.622,-351803,-0.292,6179550,-6531353,351803,
603036,如通股份,13.72,2.5411,-352160,-0.4249,-2603190,2251030,352160,
301103,何氏眼科,16.43,3.9216,-352774,-1.1062,0,-352774,352774,
603898,好莱客,11.15,2.3875,-354682,-1.1557,-1199964,845282,354682,
300423,昇辉科技,5.62,1.444,-367400,-1.0576,1044196,-1411596,367400,
600289,ST信通,4.51,6.3679,-368293,-1.5659,398712,-767005,368293,
300245,ST天玑,6.05,2.3689,-368671,-0.8905,917244,-1285915,368671,
603488,展鹏科技,8.3,3.8798,-374508,-0.4637,-871279,496771,374508,
301306,西测测试,99.29,-0.7398,-378152,-0.1765,-3766835,3388683,378152,
688579,地纬智能,7.88,2.2049,-380143,-1.7957,0,-380143,380143,
600782,新钢股份,2.71,1.1194,-381990,-0.3594,-8282165,7900175,381990,
300600,国瑞科技,10.73,2.5813,-384337,-0.3946,-1025550,641213,384337,
601956,东贝集团,4.89,1.6632,-385287,-2.0077,0,-385287,385287,
603017,中衡设计,10.0,2.0408,-386117,-1.1244,1000235,-1386352,386117,
301388,欣灵电气,25.07,2.9569,-386123,-1.0297,0,-386123,386123,
603610,麒盛科技,13.65,-0.4376,-386146,-0.502,-123704,-262442,386146,
000524,岭南控股,9.28,3.1111,-386429,-0.5452,0,-386429,386429,
600159,大龙地产,2.82,4.059,-390046,-0.7124,1896440,-2286486,390046,
603869,ST智知,8.6,1.2956,-395656,-4.6768,-1973423,1577767,395656,
002799,环球印务,6.86,3.003,-400932,-1.1558,0,-400932,400932,
002306,ST云网,2.24,2.2831,-401888,-2.0845,-989165,587277,401888,
603937,丽岛新材,11.67,0.8643,-406618,-1.3949,0,-406618,406618,
002890,弘宇股份,15.0,1.2146,-408638,-1.3298,2568346,-2976984,408638,
300701,森霸传感,10.0,1.5228,-418462,-1.7807,-1286832,868370,418462,
603380,易德龙,35.2,0.1993,-422592,-0.5725,-1836992,1414400,422592,
688067,爱威科技,23.3,2.8244,-425294,-1.6389,0,-425294,425294,
688159,有方科技,37.23,1.9162,-425914,-0.2518,-2247961,1822047,425914,
605003,众望布艺,24.36,1.4155,-426360,-1.6551,0,-426360,426360,
000902,新洋丰,14.03,1.5195,-426932,-0.4171,111696,-538628,426932,
688466,金科环境,13.67,1.5602,-433160,-2.6938,0,-433160,433160,
688076,ST诺泰,29.16,1.2149,-433734,-0.6734,-7842403,7408669,433734,
688567,孚能科技,9.09,0.1101,-443745,-0.6907,0,-443745,443745,
603033,三维股份,7.89,7.7869,-444291,-0.3026,-8527375,8083084,444291,
001322,箭牌家居,6.32,2.7642,-445481,-1.936,0,-445481,445481,
002910,庄园牧场,10.22,4.6059,-446889,-0.6758,0,-446889,446889,
688788,科思科技,29.71,1.3993,-448927,-0.8326,111527,-560454,448927,
002166,莱茵生物,6.82,3.177,-451234,-0.5162,5072920,-5524154,451234,
300032,金龙机电,3.95,1.2821,-456670,-0.9068,-798896,342226,456670,
600716,凤凰股份,3.73,4.7753,-457082,-1.738,-1094456,637374,457082,
688366,昊海生科,29.86,3.4292,-457619,-3.0467,0,-457619,457619,
002817,黄山胶囊,6.71,3.7094,-458982,-1.2644,0,-458982,458982,
600939,重庆建工,2.69,2.6718,-460298,-1.3659,927469,-1387767,460298,
301456,盘古智能,25.06,0.4812,-461215,-0.5665,92318,-553533,461215,
001256,炜冈科技,21.99,1.057,-464882,-1.1524,-8728,-456154,464882,
002959,小熊电器,32.13,1.3565,-466520,-4.1432,0,-466520,466520,
688184,ST帕瓦,10.8,0.4651,-467014,-10.3094,-1075951,608937,467014,
301233,盛帮股份,33.45,6.2579,-469112,-0.8695,1774768,-2243880,469112,
301141,中科磁业,37.86,2.1036,-470165,-0.8167,3775562,-4245727,470165,
603755,日辰股份,24.7,3.6944,-478997,-1.523,0,-478997,478997,
688055,龙腾光电,3.77,1.0724,-479046,-1.6762,0,-479046,479046,
002681,奋达科技,4.63,0.6522,-481355,-0.3481,-9837591,9356236,481355,
301019,宁波色母,15.76,1.3505,-482692,-1.6668,0,-482692,482692,
603408,建霖家居,11.87,-0.4195,-483756,-1.9389,0,-483756,483756,
603073,彩蝶实业,16.5,3.7736,-484805,-1.5564,874725,-1359530,484805,
603662,柯力传感,49.86,1.6514,-488696,-0.2521,-1259134,770438,488696,
000972,中基健康,4.08,4.6154,-491937,-0.5109,972552,-1464489,491937,
688369,致远互联,19.43,2.3709,-493403,-0.9825,0,-493403,493403,
002809,红墙股份,8.45,3.3007,-493795,-1.1292,0,-493795,493795,
688565,力源科技,11.2,0.9009,-495899,-1.219,0,-495899,495899,
002871,伟隆股份,17.95,1.9307,-498168,-0.8331,-2581368,2083200,498168,
688316,青云科技-U,46.39,0.7383,-499031,-0.5927,-1210101,711070,499031,
002915,中欣氟材,17.46,0.4603,-501462,-0.5263,-1510322,1008860,501462,
688533,上声电子,19.69,1.3903,-504773,-4.4869,0,-504773,504773,
600319,亚星化学,6.36,3.752,-505428,-2.1033,0,-505428,505428,
603088,宁波精达,10.43,1.3605,-512131,-0.7111,-2193797,1681666,512131,
603227,雪峰科技,7.6,1.7403,-512713,-1.0659,-3136721,2624008,512713,
300237,ST美晨,2.27,0.4425,-517590,-1.8187,0,-517590,517590,
601326,秦港股份,3.53,0.5698,-524419,-0.6921,46132,-570551,524419,
300847,中船汉光,14.07,2.1045,-524452,-1.3956,-1061653,537201,524452,
600809,山西汾酒,112.8,0.0887,-530370,-0.107,-51839,-478531,530370,
603825,ST华扬,7.84,0.2558,-531102,-5.9474,299808,-830910,531102,
688246,嘉和美康,17.17,5.0796,-535638,-1.1409,-3622636,3086998,535638,
301479,弘景光电,52.51,-1.297,-536089,-0.5345,-324590,-211499,536089,
688289,圣湘生物,16.53,3.0549,-541742,-0.5387,-2842472,2300730,541742,
688032,禾迈股份,70.02,0.589,-541756,-1.7144,27051,-568807,541756,
600834,申通地铁,7.66,1.1889,-547192,-4.2157,-1265009,717817,547192,
301353,普莱得,19.52,3.1167,-548574,-1.9488,0,-548574,548574,
002813,路畅科技,22.02,1.709,-549186,-2.2591,-1008882,459696,549186,
600980,北矿科技,19.39,2.8102,-549269,-1.1752,-2812578,2263309,549269,
600592,龙溪股份,14.72,0.5464,-549320,-0.6692,2022454,-2571774,549320,
600814,杭州解百,7.16,3.3189,-550571,-0.5253,5454729,-6005300,550571,
600572,康恩贝,4.38,2.8169,-551226,-0.2164,-10366115,9814889,551226,
300441,鲍斯股份,7.09,1.1412,-553474,-1.8297,0,-553474,553474,
001218,丽臣实业,24.18,0.4153,-559951,-1.3915,-585280,25329,559951,
300065,海兰信,16.07,2.7494,-561749,-0.1146,1458682,-2020431,561749,
603866,桃李面包,4.16,0.0,-562512,-0.9147,0,-562512,562512,
300118,东方日升,9.3,1.197,-563179,-0.3309,2949358,-3512537,563179,
603095,越剑智能,14.59,1.6725,-566039,-0.8331,0,-566039,566039,
300288,朗玛信息,9.76,2.8451,-568366,-1.4686,0,-568366,568366,
605098,行动教育,53.24,-0.8751,-573785,-1.0244,-202238,-371547,573785,
300462,ST华铭,11.2,-0.4444,-584010,-8.4395,0,-584010,584010,
600750,华润江中,22.31,0.3147,-586372,-0.8378,-547820,-38552,586372,
300031,宝通科技,21.29,0.094,-593013,-0.3058,-1571694,978681,593013,
601388,怡球资源,3.25,0.3086,-593464,-0.8806,413887,-1007351,593464,
688163,赛伦生物,36.96,2.4958,-593698,-1.5192,1117017,-1710715,593698,
688701,卓锦股份,8.63,0.2323,-594325,-4.4254,0,-594325,594325,
603949,雪龙集团,14.08,1.5141,-600263,-2.5521,0,-600263,600263,
600128,苏豪弘业,8.56,3.5067,-600599,-2.0597,0,-600599,600599,
603798,康普顿,13.67,4.9923,-601438,-0.7676,-1903289,1301851,601438,
688282,理工导航,53.95,0.653,-602125,-2.2459,0,-602125,602125,
000419,通程控股,5.09,2.2088,-602269,-2.3572,0,-602269,602269,
002398,垒知集团,4.24,1.6787,-604153,-1.2088,3163628,-3767781,604153,
603527,众源新材,10.13,2.22,-604300,-0.8111,-1051308,447008,604300,
300838,浙江力诺,14.24,2.0057,-608979,-2.3513,0,-608979,608979,
688682,霍莱沃,31.23,2.8995,-609887,-1.9448,0,-609887,609887,
688816,易思维,48.17,-0.0415,-610654,-3.4934,0,-610654,610654,
300412,迦南科技,4.49,3.4562,-615375,-1.4936,1320000,-1935375,615375,
002727,一心堂,11.07,2.1218,-626589,-0.8455,3221066,-3847655,626589,
000503,国新健康,6.89,2.8358,-631110,-0.8159,13772,-644882,631110,
605050,福然德,10.17,0.0984,-633953,-5.2049,0,-633953,633953,
601798,蓝科高新,7.64,2.5503,-635336,-2.6439,0,-635336,635336,
601566,九牧王,9.2,1.9956,-641282,-0.3796,-3106932,2465650,641282,
603790,雅运股份,24.93,1.5892,-641783,-0.8124,-1939548,1297765,641783,
688778,厦钨新能,43.6,-3.5825,-644244,-0.2079,3392659,-4036903,644244,
605099,共创草坪,28.9,0.6969,-649184,-2.2339,0,-649184,649184,
603939,益丰药房,22.15,-2.7656,-652916,-0.3572,410646,-1063562,652916,
003012,东鹏控股,4.62,1.9868,-653064,-1.6919,0,-653064,653064,
600858,银座股份,5.06,2.0161,-656718,-1.8411,0,-656718,656718,
000159,国际实业,5.52,1.6575,-664849,-1.4988,-871385,206536,664849,
688616,西力科技,10.85,2.8436,-666703,-3.136,0,-666703,666703,
600071,凤凰光学,16.79,2.129,-673005,-1.5468,0,-673005,673005,
002700,万憬能源,6.5,2.2013,-674410,-2.4069,0,-674410,674410,
301252,同星科技,39.42,6.8872,-678938,-0.2879,8313001,-8991939,678938,
603508,思维列控,21.05,0.1427,-679039,-1.6284,1048670,-1727709,679039,
603326,我乐家居,7.48,3.7448,-687264,-2.4784,0,-687264,687264,
688087,英科再生,33.63,1.1124,-703938,-1.5184,0,-703938,703938,
002867,周大生,10.33,0.0,-704960,-1.0953,-1016833,311873,704960,
300080,易成新能,3.75,0.5362,-708848,-1.6667,1127999,-1836847,708848,
301336,趣睡科技,44.45,-0.3587,-710371,-0.9601,4279017,-4989388,710371,
603406,天富龙,28.09,1.5913,-711095,-1.3232,-134262,-576833,711095,
301260,格力博,11.94,2.6655,-714660,-2.5903,0,-714660,714660,
688273,麦澜德,29.5,2.6087,-720382,-2.612,0,-720382,720382,
603569,长久物流,5.82,1.5707,-722034,-5.3843,0,-722034,722034,
688556,高测股份,7.88,1.0256,-722998,-0.6188,0,-722998,722998,
300785,值得买,34.29,0.7048,-723606,-0.4945,2626481,-3350087,723606,
688247,宣泰医药,9.96,7.6757,-724694,-0.7174,0,-724694,724694,
002238,天威视讯,6.33,1.28,-726775,-1.969,0,-726775,726775,
601156,东航物流,18.09,0.0553,-728247,-0.6739,3472729,-4200976,728247,
603458,勘设股份,10.91,1.3941,-728442,-0.7012,1340789,-2069231,728442,
300810,中科海讯,25.7,2.6358,-730221,-1.0104,0,-730221,730221,
002052,同洲电子,8.56,2.0262,-730639,-1.3791,-2137857,1407218,730639,
300127,银河磁体,24.34,1.2901,-734274,-1.044,640622,-1374896,734274,
603329,上海雅仕,10.18,3.1408,-736599,-2.0767,0,-736599,736599,
688420,美腾科技,22.97,7.4369,-737733,-2.4599,0,-737733,737733,
300415,伊之密,18.94,0.2647,-737751,-1.3343,0,-737751,737751,
600084,*ST尼雅,4.41,0.9153,-738117,-8.3309,0,-738117,738117,
603768,常青股份,11.48,1.2346,-741125,-3.8986,-2278867,1537742,741125,
002658,雪迪龙,7.44,1.087,-742311,-2.7792,0,-742311,742311,
603218,日月股份,9.42,0.641,-753350,-1.0931,-1058556,305206,753350,
600192,长城电工,7.8,2.0942,-755540,-0.5349,2614714,-3370254,755540,
603365,水星家纺,16.24,0.5573,-755691,-4.4663,0,-755691,755691,
605199,ST葫芦娃,5.86,1.5598,-760495,-12.8897,0,-760495,760495,
688317,之江生物,17.13,3.9442,-761818,-1.8613,-83445,-678373,761818,
300329,海伦钢琴,12.05,0.5004,-762056,-3.8546,0,-762056,762056,
300635,中达安,11.95,1.9625,-764042,-1.5315,3135607,-3899649,764042,
600609,金杯汽车,3.74,4.1783,-764628,-0.1778,-5562922,4798294,764628,
301049,超越科技,20.1,1.5664,-765240,-3.1491,0,-765240,765240,
601598,中国外运,6.48,0.1546,-769724,-1.1238,-79266,-690458,769724,
301359,东南电子,18.8,2.2851,-771465,-2.8915,-1021566,250101,771465,
603053,成都燃气,8.81,1.0321,-771935,-3.9066,-1000804,228869,771935,
603350,安乃达,28.15,1.698,-779202,-4.4198,-1027847,248645,779202,
301092,争光股份,45.38,2.2533,-781416,-0.728,-3087687,2306271,781416,
605567,春雪食品,9.35,3.5437,-788664,-2.0155,0,-788664,788664,
002561,徐家汇,7.55,2.027,-794824,-1.0365,-245476,-549348,794824,
603023,威帝股份,4.12,0.7335,-807786,-1.4317,1527052,-2334838,807786,
688275,万润新能,70.39,-1.2763,-809432,-0.5034,-5011032,4201600,809432,
301446,福事特,40.18,7.1467,-814716,-0.8961,-6224858,5410142,814716,
600774,汉商集团,7.94,5.8667,-814745,-1.8851,0,-814745,814745,
000637,茂化实华,4.22,2.6764,-817291,-2.1124,1117273,-1934564,817291,
600624,ST复华,4.77,4.3764,-817718,-3.0546,-22280,-795438,817718,
603310,巍华新材,14.93,0.6743,-817808,-4.1096,0,-817808,817808,
002928,华夏航空,6.51,0.774,-823133,-0.6193,3846658,-4669791,823133,
002835,同为股份,13.0,0.6192,-824993,-3.7381,0,-824993,824993,
605333,沪光股份,16.53,0.9158,-829423,-2.3149,0,-829423,829423,
600854,春兰股份,4.71,2.1692,-830410,-3.2642,0,-830410,830410,
000599,青岛双星,4.58,1.5521,-834569,-1.6789,-1086499,251930,834569,
000860,顺鑫农业,10.67,4.7105,-838975,-0.5211,1973919,-2812894,838975,
603282,亚光股份,16.78,3.9653,-845586,-2.932,0,-845586,845586,
301001,凯淳股份,25.13,1.0861,-846989,-3.2144,0,-846989,846989,
300669,沪宁股份,23.11,2.3472,-847379,-0.8369,-2749146,1901767,847379,
605388,均瑶健康,6.07,3.7607,-851646,-2.1637,0,-851646,851646,
002566,益盛药业,7.17,3.0172,-851694,-2.1208,0,-851694,851694,
002932,*ST明德,15.31,0.0,-855303,-5.7987,0,-855303,855303,
600692,亚通股份,6.59,3.4537,-855611,-2.0587,1672592,-2528203,855611,
002679,福建金森,11.07,1.3736,-856325,-0.5904,6328099,-7184424,856325,
300334,津膜科技,8.64,-1.1442,-856829,-1.7907,0,-856829,856829,
603352,至信股份,25.7,0.0,-857236,-4.2104,0,-857236,857236,
300188,国投智能,10.58,2.9183,-862705,-0.7019,2797353,-3660058,862705,
301229,纽泰格,11.7,2.4518,-864980,-2.449,0,-864980,864980,
300185,通裕重工,2.8,0.7194,-873477,-0.5475,0,-873477,873477,
000010,*ST美丽,1.6,1.2658,-873989,-4.7499,64982,-938971,873989,
603359,*ST东珠,2.31,0.4348,-874550,-8.0308,0,-874550,874550,
603739,蔚蓝生物,12.83,4.8203,-875093,-1.2571,-122370,-752723,875093,
605155,西大门,14.41,0.4181,-875550,-3.8167,0,-875550,875550,
000985,大庆华科,17.57,2.5088,-882184,-3.3416,0,-882184,882184,
000663,永安林业,6.08,2.1849,-882485,-2.7839,-86976,-795509,882485,
301283,聚胶股份,25.97,1.2871,-889003,-3.3284,-2018203,1129200,889003,
605298,必得科技,44.11,-0.2036,-890576,-3.7865,1344000,-2234576,890576,
688071,华依科技,35.3,5.0908,-894439,-0.6554,-24069,-870370,894439,
300326,ST凯利,6.28,1.1272,-900273,-3.1368,0,-900273,900273,
002431,ST棕榈,1.36,0.7407,-900760,-4.0177,-1021917,121157,900760,
688075,安旭生物,29.69,2.4146,-904329,-5.6912,-1143581,239252,904329,
000506,招金黄金,18.69,0.592,-905802,-0.1377,-7294984,6389182,905802,
600302,ST标准,7.1,-0.9763,-912793,-3.4059,-1068000,155207,912793,
301397,溯联股份,23.55,1.3775,-913022,-1.486,1396015,-2309037,913022,
300455,航天智装,17.32,0.464,-917298,-1.0276,-592986,-324312,917298,
300103,达刚控股,8.08,5.7592,-918061,-0.909,-2108409,1190348,918061,
688085,三友医疗,12.8,2.6464,-921935,-2.9826,0,-921935,921935,
600463,空港股份,8.27,4.2875,-922626,-2.6581,0,-922626,922626,
603006,联明股份,10.73,0.8459,-926474,-3.3875,0,-926474,926474,
603069,海汽集团,13.97,2.2694,-930632,-1.0061,-1081768,151136,930632,
605005,合兴股份,16.43,0.4279,-931841,-5.3462,0,-931841,931841,
300884,狄耐克,12.21,0.8258,-933187,-2.3417,0,-933187,933187,
600778,友好集团,5.95,3.1196,-933394,-1.117,1200931,-2134325,933394,
603711,香飘飘,11.92,2.4055,-933455,-2.223,0,-933455,933455,
001333,光华股份,19.58,2.4594,-943874,-3.5484,-136430,-807444,943874,
300851,交大思诺,23.88,2.226,-944709,-4.2516,0,-944709,944709,
603729,ST龙韵,12.7,0.8737,-944852,-8.4664,0,-944852,944852,
688307,中润光学,48.44,-0.5339,-946905,-0.5827,-2407285,1460380,946905,
002338,奥普光电,42.6,-0.3276,-949881,-0.6314,1210302,-2160183,949881,
000809,和展能源,3.52,-1.4006,-954140,-1.3252,1806224,-2760364,954140,
301020,密封科技,22.01,3.8208,-955086,-1.4653,0,-955086,955086,
688096,京源环保,7.61,0.2635,-955196,-1.7192,0,-955196,955196,
603908,牧高笛,18.95,2.71,-959648,-4.1046,0,-959648,959648,
603409,汇通控股,17.98,1.3529,-961960,-4.3157,-972240,10280,961960,
001328,登康口腔,30.26,0.934,-970064,-4.3994,0,-970064,970064,
301159,三维天地,32.28,4.4322,-971301,-1.5378,-2414125,1442824,971301,
600771,广誉远,13.96,1.7493,-973350,-0.8525,-4342489,3369139,973350,
301077,星华新材,22.28,0.8145,-978487,-2.0047,1449689,-2428176,978487,
603012,创力集团,9.19,1.4349,-984539,-0.904,146579,-1131118,984539,
603533,掌阅科技,23.5,1.1623,-997417,-0.1874,-1920458,923041,997417,
603122,合富中国,13.98,2.4927,-1003439,-0.1037,-19193583,18190144,1003439,
300460,ST惠伦,8.81,0.1136,-1004748,-4.436,-101200,-903548,1004748,
688639,华恒生物,18.2,6.8075,-1015639,-0.5542,36446,-1052085,1015639,
601969,海南矿业,9.4,1.4024,-1024461,-1.0071,1181896,-2206357,1024461,
002021,中捷资源,2.68,1.5152,-1028081,-1.6945,-1113840,85759,1028081,
688472,阿特斯,8.66,0.6977,-1028540,-0.4074,0,-1028540,1028540,
002267,陕天然气,7.19,0.9831,-1031396,-2.6776,2262248,-3293644,1031396,
002852,道道全,8.29,1.8428,-1039948,-1.4006,-1279369,239421,1039948,
301097,天益医疗,34.84,3.5056,-1043284,-4.5518,0,-1043284,1043284,
002590,万安科技,9.74,1.0373,-1043695,-1.9249,-1048458,4763,1043695,
300194,福安药业,3.99,5.5556,-1050424,-0.8406,4414962,-5465386,1050424,
600167,联美控股,5.66,-0.8757,-1053230,-3.2934,0,-1053230,1053230,
600512,腾达建设,2.09,1.4563,-1056610,-2.0948,-3120000,2063390,1056610,
605186,健麾信息,26.1,2.3931,-1058892,-2.4236,238990,-1297882,1058892,
003023,彩虹集团,25.65,0.5094,-1059860,-2.6378,0,-1059860,1059860,
688345,博力威,49.78,-1.2106,-1061685,-2.1658,1033294,-2094979,1061685,
603909,建发合诚,9.73,1.2487,-1067532,-5.4717,-1489764,422232,1067532,
301166,优宁维,31.0,5.802,-1067561,-1.0238,162922,-1230483,1067561,
300905,宝丽迪,38.76,0.7277,-1074283,-0.295,-2770890,1696607,1074283,
600775,南京熊猫,9.95,2.261,-1074456,-0.7487,76676,-1151132,1074456,
300087,ST荃银,5.78,1.2259,-1075809,-1.7074,584446,-1660255,1075809,
603029,天鹅股份,16.73,1.5786,-1077941,-2.7789,0,-1077941,1077941,
605287,德才股份,35.84,0.3922,-1078817,-1.7547,-989163,-89654,1078817,
300931,通用电梯,16.3,-3.2641,-1079014,-0.6238,6511670,-7590684,1079014,
603579,荣泰健康,17.57,3.2315,-1080063,-1.7741,-1015588,-64475,1080063,
603089,正裕工业,9.65,1.686,-1082934,-2.8687,0,-1082934,1082934,
002685,华东重机,5.74,1.4134,-1086283,-0.2527,-6457180,5370897,1086283,
301116,益客食品,9.21,2.7902,-1095752,-2.7684,1502807,-2598559,1095752,
002476,新叶股份,5.01,3.0864,-1099360,-2.4534,0,-1099360,1099360,
600137,浪莎股份,17.65,2.5567,-1099895,-5.2854,0,-1099895,1099895,
605500,森林包装,7.55,2.4423,-1103451,-4.3188,0,-1103451,1103451,
000514,渝开发,4.4,4.7619,-1103762,-1.358,4158647,-5262409,1103762,
301137,哈焊华通,32.0,0.3135,-1105848,-1.5428,-1329574,223726,1105848,
600480,凌云股份,7.8,1.1673,-1107282,-1.2265,-719716,-387566,1107282,
300430,*ST益通,4.93,1.8595,-1108223,-1.5907,1198540,-2306763,1108223,
603536,惠发食品,9.99,1.8349,-1108636,-2.5746,0,-1108636,1108636,
605222,起帆电缆,22.71,1.4292,-1116680,-0.6281,4156893,-5273573,1116680,
300994,久祺股份,11.14,2.2018,-1118536,-5.5155,0,-1118536,1118536,
301169,零点有数,53.86,-2.7447,-1119236,-1.1894,-719179,-400057,1119236,
688429,时创能源,9.74,1.6701,-1130087,-10.8454,0,-1130087,1130087,
688631,莱斯信息,37.8,1.0155,-1134926,-4.5162,0,-1134926,1134926,
301187,欧圣电气,15.32,3.165,-1140613,-1.2084,2619477,-3760090,1140613,
301158,德石股份,14.53,2.7581,-1144300,-1.8549,1661932,-2806232,1144300,
603273,天元智能,14.74,2.2901,-1145529,-3.9928,-1314133,168604,1145529,
603880,南卫股份,9.27,4.3919,-1145712,-0.6615,2032799,-3178511,1145712,
002853,皮阿诺,22.06,0.8227,-1146641,-6.0894,0,-1146641,1146641,
600470,六国化工,5.84,2.6362,-1147660,-1.0744,0,-1147660,1147660,
000880,潍柴重机,26.17,-1.9115,-1148343,-0.181,-8775155,7626812,1148343,
603321,梅轮电梯,7.58,5.571,-1154733,-0.8328,3550170,-4704903,1154733,
603190,亚通精工,16.14,2.6065,-1158959,-3.3019,0,-1158959,1158959,
002939,长城证券,7.9,0.6369,-1163941,-0.7852,3371539,-4535480,1163941,
603097,江苏华辰,18.5,0.0,-1167150,-5.8533,0,-1167150,1167150,
002576,通达动力,14.42,1.7643,-1168350,-4.5267,0,-1168350,1168350,
605086,龙高股份,23.81,0.2949,-1170830,-5.8163,-85686,-1085144,1170830,
300722,新余国科,22.23,1.7391,-1172955,-2.0085,181630,-1354585,1172955,
300138,晨光生物,11.28,2.6388,-1178070,-1.6948,-1298350,120280,1178070,
603811,诚意药业,7.02,3.6928,-1180970,-2.2624,918802,-2099772,1180970,
605001,威奥股份,5.79,2.1164,-1183076,-3.5753,1199502,-2382578,1183076,
002682,龙洲股份,5.18,1.5686,-1183141,-1.3997,1178760,-2361901,1183141,
300579,数字认证,23.72,4.0351,-1192829,-0.7814,3529811,-4722640,1192829,
603192,汇得科技,20.57,2.0337,-1193120,-2.5257,-2063839,870719,1193120,
603758,秦安股份,11.05,3.1746,-1197030,-1.1653,5541065,-6738095,1197030,
603602,纵横通信,11.55,1.7621,-1199027,-4.3412,0,-1199027,1199027,
301559,中集环科,12.93,0.858,-1202452,-9.179,0,-1202452,1202452,
603665,康隆达,21.56,1.4111,-1202572,-2.5592,-833433,-369139,1202572,
301133,金钟股份,27.88,3.4892,-1203981,-1.315,-3247908,2043927,1203981,
300169,天晟新材,5.63,2.3636,-1206764,-3.6217,0,-1206764,1206764,
600756,浪潮软件,14.01,2.1137,-1208970,-1.322,-1026480,-182490,1208970,
002059,云南旅游,4.67,2.6374,-1214152,-0.3338,1976507,-3190659,1214152,
600284,浦东建设,5.14,1.3807,-1225273,-2.7466,2645743,-3871016,1225273,
300900,广联航空,23.66,0.3818,-1226890,-0.506,-7482188,6255298,1226890,
001872,招商港口,23.09,0.0,-1228999,-2.5825,-870234,-358765,1228999,
001369,双欣材料,12.7,2.008,-1230860,-0.9853,-1296300,65440,1230860,
300817,双飞集团,16.61,1.8394,-1231258,-4.9152,-584672,-646586,1231258,
603639,海利尔,10.44,1.2609,-1233709,-9.699,0,-1233709,1233709,
603216,梦天家居,20.68,2.6303,-1239899,-0.9793,919747,-2159646,1239899,
301667,纳百川,58.16,-0.8862,-1240017,-1.6505,773540,-2013557,1240017,
603808,歌力思,8.75,1.7442,-1244291,-5.6791,0,-1244291,1244291,
688219,会通股份,10.29,1.3793,-1246210,-3.0381,-966650,-279560,1246210,
002846,英联股份,11.76,-0.7595,-1248286,-0.5315,-1580083,331797,1248286,
600476,*ST湘邮,10.27,0.293,-1249451,-13.6851,0,-1249451,1249451,
300517,海波重科,11.87,0.1688,-1250363,-1.6517,-2735219,1484856,1250363,
300624,万兴科技,50.54,0.1189,-1254745,-0.3817,1166287,-2421032,1254745,
002168,ST惠程,3.66,0.5495,-1256701,-8.5085,-1086000,-170701,1256701,
001260,坤泰股份,18.44,2.1041,-1257026,-4.818,0,-1257026,1257026,
300908,仲景食品,17.12,1.9048,-1257620,-3.9449,1015070,-2272690,1257620,
603726,朗迪集团,24.3,0.4132,-1260724,-1.674,-5776511,4515787,1260724,
688626,翔宇医疗,41.28,4.0323,-1264502,-1.0473,2389761,-3654263,1264502,
300822,贝仕达克,11.47,0.4378,-1267251,-4.5194,0,-1267251,1267251,
603189,*ST网达,9.67,1.0449,-1275008,-9.0619,0,-1275008,1275008,
605151,西上海,18.52,1.7024,-1277065,-4.9175,0,-1277065,1277065,
603081,大丰实业,9.5,1.6043,-1277607,-4.1306,-1053800,-223807,1277607,
301058,中粮科工,8.79,1.6185,-1281592,-2.0748,0,-1281592,1281592,
300485,赛升药业,8.76,4.1617,-1283323,-2.0169,0,-1283323,1283323,
600557,康缘药业,12.42,2.8146,-1296468,-1.5265,-145929,-1150539,1296468,
001326,联域股份,94.71,1.8935,-1298206,-0.3548,13938407,-15236613,1298206,
601116,三江购物,10.47,4.491,-1298336,-0.7237,5825338,-7123674,1298336,
688489,三未信安,25.62,5.5624,-1299387,-1.8211,0,-1299387,1299387,
603677,奇精机械,14.41,1.7655,-1302303,-4.1647,0,-1302303,1302303,
603100,川仪股份,18.22,1.2222,-1303946,-2.6289,3606470,-4910416,1303946,
603617,君禾股份,6.83,2.2455,-1304252,-4.3767,0,-1304252,1304252,
002715,登云股份,13.23,0.9153,-1308862,-3.1978,0,-1308862,1308862,
301199,迈赫股份,18.25,0.4956,-1308909,-7.0714,-1225056,-83853,1308909,
688248,南网科技,51.45,-6.861,-1310300,-0.2399,-14710498,13400198,1310300,
300719,安达维尔,12.07,1.5139,-1311722,-3.5139,-430608,-881114,1311722,
601163,三角轮胎,12.48,0.7264,-1314740,-6.1408,1247000,-2561740,1314740,
000665,湖北广电,4.09,0.4914,-1318910,-2.4205,-3442856,2123946,1318910,
600191,华资实业,9.91,2.1649,-1318932,-1.0258,2574898,-3893830,1318932,
000639,ST西王,1.63,0.6173,-1324510,-2.4152,-3435919,2111409,1324510,
300805,电声股份,8.49,2.2892,-1328903,-2.5327,0,-1328903,1328903,
002218,拓日新能,4.32,0.4651,-1329515,-0.4995,3312125,-4641640,1329515,
300269,联建光电,4.73,2.1598,-1329850,-2.3044,0,-1329850,1329850,
002592,ST八菱,6.45,0.7813,-1333332,-13.2802,0,-1333332,1333332,
688607,康众科技,39.05,-1.7116,-1334579,-3.0936,-198015,-1136564,1334579,
600654,中安科,3.12,1.9608,-1342518,-0.6628,-4463473,3120955,1342518,
301309,万得凯,29.94,-0.7952,-1343071,-2.6986,1163420,-2506491,1343071,
600882,妙可蓝多,19.48,1.8828,-1345571,-2.2899,0,-1345571,1345571,
600423,*ST柳化,2.73,0.0,-1345726,-13.5795,0,-1345726,1345726,
301289,国缆检测,44.14,1.1689,-1347608,-6.0785,0,-1347608,1347608,
688022,ST瀚川,8.99,2.6256,-1347799,-6.8381,0,-1347799,1347799,
600970,中材国际,7.67,-0.3896,-1349641,-1.2477,-7489837,6140196,1349641,
603115,海星股份,89.58,-4.3766,-1351304,-0.1533,-1062505,-288799,1351304,
001319,铭科精技,22.34,1.3612,-1354813,-2.7906,0,-1354813,1354813,
000529,广弘控股,5.04,3.7037,-1360670,-5.0677,0,-1360670,1360670,
300962,中金辐照,13.05,1.7941,-1363902,-5.4447,0,-1363902,1363902,
603035,常熟汽饰,10.35,1.5702,-1371604,-4.3433,0,-1371604,1371604,
000567,海德股份,6.28,2.7823,-1377782,-1.039,-258511,-1119271,1377782,
000707,双环科技,4.54,2.2523,-1381232,-4.66,886,-1382118,1381232,
601808,中海油服,12.52,3.0453,-1382085,-0.6865,-446621,-935464,1382085,
688107,安路科技,30.33,-0.0659,-1382175,-0.8795,-985030,-397145,1382175,
600833,第一医药,10.9,4.4061,-1383657,-1.364,761618,-2145275,1383657,
600157,永泰能源,1.52,0.0,-1390549,-0.2666,-17334050,15943501,1390549,
300543,朗科智能,7.74,3.4759,-1391693,-3.1232,0,-1391693,1391693,
001236,弘业期货,8.14,3.8265,-1399559,-1.3878,-1860058,460499,1399559,
605122,四方新材,11.93,4.1012,-1404186,-4.0362,0,-1404186,1404186,
600818,ST中路,9.11,2.8217,-1404777,-3.3304,-84816,-1319961,1404777,
300712,永福股份,21.07,0.9583,-1409973,-3.1201,-3118625,1708652,1409973,
603280,南方路机,26.03,0.1925,-1413374,-6.0869,0,-1413374,1413374,
002942,新农股份,16.95,3.1649,-1413863,-1.9395,2031031,-3444894,1413863,
002479,富春环保,5.9,1.3746,-1414484,-2.127,-1825427,410943,1414484,
603429,*ST集友,8.85,2.7875,-1418431,-7.626,0,-1418431,1418431,
300904,威力传动,44.27,1.0731,-1418492,-1.2899,-44320,-1374172,1418492,
688162,巨一科技,24.74,1.6016,-1421262,-5.7518,-1210679,-210583,1421262,
603822,ST嘉澳,66.2,0.303,-1425101,-7.1255,1535688,-2960789,1425101,
002205,国统股份,10.68,3.1884,-1426243,-4.1594,0,-1426243,1426243,
600285,羚锐制药,19.12,0.0523,-1427141,-1.8125,0,-1427141,1427141,
002033,丽江股份,8.54,0.9456,-1430778,-1.1823,-320295,-1110483,1430778,
300150,世纪瑞尔,4.16,3.4826,-1431043,-4.8675,-1239000,-192043,1431043,
600312,平高电气,19.49,0.0,-1438164,-0.6695,-2961650,1523486,1438164,
000685,中山公用,10.95,0.3666,-1443580,-1.5753,-618346,-825234,1443580,
688130,晶华微,26.3,1.938,-1444500,-2.4265,269849,-1714349,1444500,
601177,杭齿前进,13.79,1.4717,-1445124,-2.57,0,-1445124,1445124,
603982,泉峰汽车,6.3,1.4493,-1446636,-4.7965,0,-1446636,1446636,
300101,振芯科技,14.06,0.6442,-1448386,-1.9325,1112490,-2560876,1448386,
601128,常熟银行,6.25,-0.319,-1456282,-0.7008,-15050155,13593873,1456282,
601107,四川成渝,5.93,-0.3361,-1456305,-4.2795,0,-1456305,1456305,
605366,宏柏新材,8.58,1.5385,-1464444,-1.0106,369181,-1833625,1464444,
301112,信邦智能,30.37,1.742,-1476164,-7.1175,0,-1476164,1476164,
300403,汉宇集团,8.73,0.8083,-1476537,-2.8637,1742000,-3218537,1476537,
301533,威马农机,29.39,2.0841,-1479690,-3.286,641227,-2120917,1479690,
688198,佰仁医疗,74.2,2.1898,-1484066,-4.6698,-2245500,761434,1484066,
688322,奥比中光-W,91.14,-1.3423,-1484602,-0.2998,-1688618,204016,1484602,
002575,群兴玩具,5.19,0.7767,-1486559,-2.1839,-946931,-539628,1486559,
002495,佳隆股份,2.44,2.9536,-1495464,-3.1292,-1205000,-290464,1495464,
300867,圣元环保,18.16,2.0798,-1498650,-1.681,1662489,-3161139,1498650,
603071,物产环能,12.48,1.2987,-1502780,-5.8497,0,-1502780,1502780,
300061,旗天科技,6.91,0.1449,-1504136,-0.5895,-7823766,6319630,1504136,
002293,罗莱生活,10.86,-0.367,-1509022,-6.2719,0,-1509022,1509022,
300583,赛托生物,13.76,5.3599,-1510580,-2.3997,399339,-1909919,1510580,
300898,熊猫乳品,20.0,2.6694,-1513565,-3.5748,0,-1513565,1513565,
688586,江航装备,11.21,0.991,-1515687,-2.9574,1119000,-2634687,1515687,
600390,五矿资本,4.94,1.2295,-1515802,-1.0517,1709820,-3225622,1515802,
603041,美思德,11.29,3.7684,-1516160,-5.7106,0,-1516160,1516160,
688569,铁科轨道,18.5,0.4343,-1516602,-8.5155,0,-1516602,1516602,
605007,五洲特纸,15.18,0.5298,-1517300,-2.5695,0,-1517300,1517300,
002404,嘉欣丝绸,5.95,2.2337,-1517333,-3.1743,-1560802,43469,1517333,
603776,永安行,19.64,0.153,-1522482,-6.349,-1142466,-380016,1522482,
688039,当虹科技,33.63,0.2385,-1522976,-2.0209,-1376131,-146845,1522976,
001266,宏英智能,34.32,1.2091,-1530679,-3.1257,415708,-1946387,1530679,
300371,汇中股份,9.99,1.5244,-1530808,-4.7763,0,-1530808,1530808,
300983,尤安设计,39.56,2.3545,-1531624,-2.7602,-1160427,-371197,1531624,
301057,汇隆新材,23.49,11.6976,-1531999,-1.3311,113177,-1645176,1531999,
600706,曲江文旅,8.73,6.0753,-1539013,-1.0437,1303102,-2842115,1539013,
001219,青岛食品,12.7,1.8444,-1541470,-7.3299,0,-1541470,1541470,
688060,云涌科技,36.61,1.638,-1542528,-6.7448,0,-1542528,1542528,
300995,奇德新材,25.93,1.6863,-1543037,-4.6887,0,-1543037,1543037,
301106,骏成科技,19.79,4.0484,-1543820,-1.7912,-1343548,-200272,1543820,
002586,围海股份,3.75,-1.0554,-1543830,-4.4814,-4604626,3060796,1543830,
605318,法狮龙,77.95,-1.4165,-1545732,-2.3381,-2251277,705545,1545732,
300645,正元智慧,13.57,3.7462,-1549933,-2.6212,0,-1549933,1549933,
688669,聚石化学,68.1,-1.0174,-1552986,-0.991,1034800,-2587786,1552986,
002458,益生股份,8.45,0.7151,-1553355,-0.7396,5902154,-7455509,1553355,
603109,神驰机电,17.33,0.7558,-1558123,-4.2677,-318585,-1239538,1558123,
600467,好当家,2.49,4.1841,-1559226,-1.1788,-2676588,1117362,1559226,
002133,广宇集团,2.92,4.6595,-1560909,-2.7568,-611790,-949119,1560909,
600031,三一重工,17.76,-0.7267,-1563517,-0.1215,24367507,-25931024,1563517,
688609,九联科技,9.63,0.8377,-1569182,-0.9787,0,-1569182,1569182,
002966,苏州银行,9.16,1.1038,-1572917,-0.6322,-8199968,6627051,1572917,
603320,迪贝电气,18.47,0.7088,-1573000,-4.6251,349704,-1922704,1573000,
688516,奥特维,44.54,-1.154,-1573954,-0.5665,-3296615,1722661,1573954,
603595,ST东尼,32.46,1.7555,-1576998,-2.8584,-892065,-684933,1576998,
002986,宇新股份,13.07,0.0766,-1577398,-2.5413,-1631998,54600,1577398,
605338,巴比食品,17.63,1.2636,-1594856,-5.2154,-1466080,-128776,1594856,
688618,三旺通信,30.25,2.6468,-1597666,-3.9654,0,-1597666,1597666,
002893,京能热力,10.4,0.6776,-1598414,-2.0018,2869819,-4468233,1598414,
601606,长城军工,33.25,1.4957,-1599039,-0.189,1184748,-2783787,1599039,
300682,朗新科技,9.06,2.027,-1604449,-1.1547,-1236128,-368321,1604449,
603131,上海沪工,14.03,1.0079,-1604964,-1.9736,-1128027,-476937,1604964,
002181,粤传媒,9.53,0.9534,-1612495,-0.2932,191101,-1803596,1612495,
301391,卡莱特,45.67,2.6292,-1614539,-2.44,-2443892,829353,1614539,
688739,成大生物,20.78,3.1778,-1614698,-3.3851,0,-1614698,1614698,
000605,渤海股份,5.93,2.5952,-1615618,-7.7044,0,-1615618,1615618,
603696,安记食品,14.39,2.9328,-1618333,-0.7468,-1628497,10164,1618333,
600708,光明地产,3.16,3.9474,-1618970,-1.6388,2947805,-4566775,1618970,
002790,瑞尔特,6.6,1.8519,-1619524,-0.7408,-842308,-777216,1619524,
688329,艾隆科技,21.85,0.1834,-1624699,-5.3304,0,-1624699,1624699,
002305,*ST南置,2.04,0.9901,-1628311,-4.0505,-17010,-1611301,1628311,
603381,永臻股份,14.88,1.5007,-1630975,-3.1633,-1040200,-590775,1630975,
688819,天能股份,20.8,0.4831,-1640862,-4.9231,0,-1640862,1640862,
002800,天顺股份,15.01,1.6249,-1642003,-5.3381,-1515885,-126118,1642003,
300337,银邦股份,9.44,0.4255,-1645038,-1.8548,1183152,-2828190,1645038,
300952,恒辉安防,16.83,5.3191,-1645725,-1.3514,-343490,-1302235,1645725,
600337,ST美克,3.18,2.2508,-1645894,-2.1628,-5422816,3776922,1645894,
301059,金三江,12.62,2.7687,-1651801,-4.8004,-324195,-1327606,1651801,
000717,中南股份,2.21,0.9132,-1654002,-3.6895,-2093407,439405,1654002,
688589,力合微,20.98,1.5981,-1654621,-2.3,-3260331,1605710,1654621,
002538,ST司特,6.73,0.2981,-1660809,-5.9188,28548,-1689357,1660809,
603787,新日股份,10.3,2.3857,-1664854,-7.0515,0,-1664854,1664854,
301449,天溯计量,41.38,0.0968,-1666187,-2.4857,-1035255,-630932,1666187,
002832,比音勒芬,25.82,0.7413,-1666486,-1.5011,1900579,-3567065,1666486,
688562,航天软件,14.5,1.5406,-1668723,-5.4946,-1450000,-218723,1668723,
301193,家联科技,22.87,9.7409,-1677067,-0.6635,-8007347,6330280,1677067,
600182,S佳通,12.78,0.0783,-1677982,-11.3148,-2401192,723210,1677982,
688529,豪森智能,14.6,1.3889,-1685253,-7.5947,0,-1685253,1685253,
603968,醋化股份,10.54,2.2308,-1685459,-6.5252,0,-1685459,1685459,
301665,泰禾股份,22.61,0.8025,-1686088,-5.7921,-1852313,166225,1686088,
301600,慧翰股份,77.89,-0.2689,-1686364,-3.83,0,-1686364,1686364,
600123,兰花科创,7.31,5.0287,-1691316,-0.8511,9846321,-11537637,1691316,
300591,万里马,6.92,4.0602,-1693300,-1.056,-271041,-1422259,1693300,
600250,南京商旅,9.29,3.2222,-1694378,-1.6452,-1074612,-619766,1694378,
688089,ST嘉必优,8.7,2.7155,-1697996,-13.7936,0,-1697996,1697996,
301078,孩子王,7.01,0.8633,-1700132,-1.638,164159,-1864291,1700132,
688553,汇宇制药-W,12.32,11.0911,-1702560,-0.563,-3303811,1601251,1702560,
600101,明星电力,8.04,1.2594,-1703400,-1.9161,5206092,-6909492,1703400,
002688,金河生物,5.27,2.5292,-1704199,-3.2442,1501368,-3205567,1704199,
300653,正海生物,15.52,2.5099,-1717803,-5.6432,0,-1717803,1717803,
600241,时代万恒,7.3,2.0979,-1723205,-7.4889,0,-1723205,1723205,
688269,凯立新材,28.14,4.5708,-1731351,-1.9663,701120,-2432471,1731351,
603915,国茂股份,13.18,0.8416,-1732507,-2.6064,-488336,-1244171,1732507,
603387,基蛋生物,9.94,5.5202,-1754484,-0.9741,-1140792,-613692,1754484,
600232,金鹰股份,6.58,1.7002,-1756935,-6.6576,0,-1756935,1756935,
603165,荣晟环保,13.7,1.632,-1757384,-2.707,-406747,-1350637,1757384,
600369,西南证券,3.98,0.5051,-1760218,-1.6683,-4452948,2692730,1760218,
300508,维宏股份,39.18,-0.8101,-1780053,-2.4799,0,-1780053,1780053,
603886,元祖股份,12.46,2.8902,-1782181,-3.3966,107272,-1889453,1782181,
300894,火星人,10.47,0.3835,-1783943,-3.8714,0,-1783943,1783943,
300509,新美星,8.94,1.7065,-1784893,-5.3456,0,-1784893,1784893,
600138,中青旅,7.17,1.7021,-1788094,-3.2534,-1720498,-67596,1788094,
605100,华丰股份,34.1,0.8577,-1789269,-1.3166,702428,-2491697,1789269,
603176,汇通集团,5.34,2.8902,-1789411,-7.3882,0,-1789411,1789411,
000929,兰州黄河,9.18,1.6611,-1789485,-6.3933,-178876,-1610609,1789485,
002767,先锋电子,18.9,3.4483,-1790311,-1.9113,1109753,-2900064,1790311,
600215,派斯林,6.21,0.6483,-1792222,-6.7529,0,-1792222,1792222,
300396,ST迪瑞,7.17,1.8466,-1792443,-12.2018,0,-1792443,1792443,
600358,国旅联合,5.12,2.1956,-1800479,-7.1561,0,-1800479,1800479,
300167,ST迪威迅,3.74,1.0811,-1801100,-12.801,109662,-1910762,1801100,
300419,ST浩丰,7.55,0.1326,-1801220,-2.5234,3078230,-4879450,1801220,
002775,文科股份,3.33,2.7778,-1802747,-4.8513,0,-1802747,1802747,
002982,湘佳股份,12.58,2.1104,-1807536,-4.4586,31450,-1838986,1807536,
601366,利群股份,3.67,1.9444,-1812624,-6.5603,0,-1812624,1812624,
000795,英洛华,8.29,1.4688,-1813841,-2.0732,2769136,-4582977,1813841,
300527,ST应急,8.17,1.1139,-1821592,-3.6215,3154702,-4976294,1821592,
002189,中光学,19.41,0.3101,-1823468,-3.898,492811,-2316279,1823468,
001318,阳光乳业,11.78,3.3333,-1825156,-5.5866,0,-1825156,1825156,
300093,金刚光伏,22.35,0.4946,-1825182,-1.4255,-10987676,9162494,1825182,
002376,新北洋,6.72,2.439,-1825602,-2.6466,-561711,-1263891,1825602,
603922,ST金鸿顺,12.75,-0.9324,-1829143,-23.3309,0,-1829143,1829143,
600684,珠江股份,3.64,4.5977,-1832059,-2.6124,1729738,-3561797,1832059,
002062,宏润建设,9.67,1.3627,-1832113,-0.6181,2659811,-4491924,1832113,
601010,ST文峰,1.49,1.3605,-1835057,-9.3625,735000,-2570057,1835057,
300752,隆利科技,13.46,1.3554,-1835091,-1.3423,4587110,-6422201,1835091,
002224,三力士,3.8,2.1505,-1835483,-3.4743,-2615950,780467,1835483,
600052,东望时代,3.74,1.355,-1838176,-4.259,-1531885,-306291,1838176,
300295,*ST三六,11.9,-0.335,-1857354,-5.9302,-203132,-1654222,1857354,
688435,英方软件,30.34,2.1205,-1857620,-2.4772,2330376,-4187996,1857620,
600062,华润双鹤,16.12,1.5753,-1860559,-1.7349,-5388221,3527662,1860559,
600965,*ST福成,2.77,1.0949,-1866282,-23.835,0,-1866282,1866282,
688765,禾元生物-U,38.79,2.755,-1868900,-1.1447,-3006260,1137360,1868900,
301102,兆讯传媒,9.35,1.6304,-1870168,-10.0763,0,-1870168,1870168,
301535,浙江华远,13.86,1.9868,-1871682,-5.4283,0,-1871682,1871682,
603239,浙江仙通,13.98,1.1577,-1881150,-6.5614,65471,-1946621,1881150,
300849,锦盛新材,22.01,1.3352,-1883022,-3.7995,-3246620,1363598,1883022,
300597,吉大通信,7.92,1.4085,-1884704,-7.6614,-1106000,-778704,1884704,
300047,天源迪科,9.15,0.7709,-1887432,-1.4116,-3180768,1293336,1887432,
688707,振华新材,10.27,0.1951,-1888093,-4.3817,-3071759,1183666,1888093,
000011,深物业A,9.66,5.6893,-1890493,-0.9018,4587768,-6478261,1890493,
301331,恩威医药,21.45,4.0252,-1891717,-6.5799,0,-1891717,1891717,
603080,新疆火炬,19.68,1.0267,-1895934,-10.0261,0,-1895934,1895934,
300447,全信股份,14.4,1.5515,-1902607,-3.2079,-1057708,-844899,1902607,
300264,佳创视讯,6.13,1.8272,-1910776,-2.5769,217135,-2127911,1910776,
002819,东方中科,21.89,2.2897,-1912789,-3.2614,-7762035,5849246,1912789,
603057,紫燕食品,18.56,0.216,-1927636,-1.8967,-1385685,-541951,1927636,
688230,芯导科技,61.69,0.7348,-1937423,-2.2112,4238618,-6176041,1937423,
300932,三友联众,11.11,2.3963,-1938610,-1.844,-7327356,5388746,1938610,
688697,纽威数控,15.3,1.3245,-1948592,-1.7517,-2263555,314963,1948592,
300980,祥源新材,24.08,2.8181,-1948738,-1.9674,4623532,-6572270,1948738,
300445,康斯特,19.03,0.1579,-1948792,-4.421,-1424440,-524352,1948792,
603206,嘉环科技,13.73,1.1791,-1950082,-6.4873,-856752,-1093330,1950082,
001226,拓山重工,46.09,0.1957,-1952961,-5.0218,0,-1952961,1952961,
301596,瑞迪智驱,46.79,-0.1067,-1955521,-3.3128,-2902030,946509,1955521,
605055,迎丰股份,9.01,0.6704,-1958278,-5.0212,-753565,-1204713,1958278,
603065,宿迁联盛,14.27,0.0,-1964640,-0.8016,6713250,-8677890,1964640,
300789,唐源电气,15.56,1.4342,-1966501,-6.4265,-1090600,-875901,1966501,
600776,东方通信,13.75,1.7765,-1966671,-0.6885,1742864,-3709535,1966671,
688349,三一重能,13.18,0.3044,-1973395,-1.6932,-17192,-1956203,1973395,
603988,中电电机,18.28,-0.4357,-1976406,-3.3095,-67673,-1908733,1976406,
603325,博隆技术,52.75,0.9763,-1978859,-14.8898,0,-1978859,1978859,
002690,美亚光电,15.51,0.7797,-1979174,-4.1985,-1899169,-80005,1979174,
300629,新劲刚,18.36,2.7996,-1983532,-1.8313,-2530891,547359,1983532,
001336,楚环科技,19.68,2.6604,-1986862,-2.7348,-2373714,386852,1986862,
688568,中科星图,31.29,0.1921,-1988402,-0.8456,4429555,-6417957,1988402,
301066,万事利,12.7,5.2196,-1988826,-2.281,-250972,-1737854,1988826,
000921,海信家电,26.25,-5.0633,-2001183,-0.6221,-118192,-1882991,2001183,
002889,东方嘉盛,11.98,0.6723,-2013779,-8.3594,0,-2013779,2013779,
002570,贝因美,4.49,2.2779,-2017692,-2.6967,2680484,-4698176,2017692,
603630,拉芳家化,14.08,3.6056,-2018897,-2.2733,-1408000,-610897,2018897,
002591,恒大高新,6.34,2.0934,-2020591,-4.0347,0,-2020591,2020591,
688722,同益中,14.32,1.6324,-2028585,-7.3287,0,-2028585,2028585,
300105,龙源技术,7.3,0.6897,-2028891,-3.9915,89300,-2118191,2028891,
002114,罗平锌电,7.35,1.6598,-2034616,-4.7108,-1378,-2033238,2034616,
301413,安培龙,57.2,-0.7461,-2035040,-1.3145,-7140456,5105416,2035040,
603377,ST东时,3.32,0.3021,-2035799,-11.9965,-1393598,-642201,2035799,
600662,外服控股,4.25,0.9501,-2037526,-4.2185,-1118936,-918590,2037526,
301002,崧盛股份,27.92,2.1588,-2038525,-2.0736,-1404000,-634525,2038525,
000523,红棉股份,3.53,4.1298,-2040942,-0.3495,16798295,-18839237,2040942,
601061,中信金属,11.63,0.7799,-2047533,-1.5764,-5213166,3165633,2047533,
603948,建业股份,19.73,0.7147,-2047715,-10.1927,0,-2047715,2047715,
605011,杭州热电,18.57,1.921,-2050647,-0.9273,943673,-2994320,2050647,
603656,泰禾智能,17.4,0.4619,-2051440,-6.1865,-664888,-1386552,2051440,
603098,森特股份,10.87,2.0657,-2051600,-5.4161,-1444135,-607465,2051600,
600533,栖霞建设,2.27,3.1818,-2052349,-4.8143,1305456,-3357805,2052349,
605080,浙江自然,22.98,1.1889,-2055138,-7.862,-2564946,509808,2055138,
001206,依依股份,17.17,3.4961,-2056634,-2.6431,-1018695,-1037939,2056634,
688212,澳华内镜,28.52,3.3333,-2062928,-3.0395,-2293327,230399,2062928,
301295,美硕科技,37.95,3.1811,-2063701,-3.8552,0,-2063701,2063701,
301181,标榜股份,25.95,10.8974,-2065060,-1.4226,1966322,-4031382,2065060,
000590,古汉医药,9.1,2.4775,-2069668,-7.4395,-1912240,-157428,2069668,
688716,中研股份,26.21,1.3143,-2071691,-6.3902,-661817,-1409874,2071691,
603789,ST星农,6.03,1.005,-2073665,-20.0354,0,-2073665,2073665,
002093,国脉科技,7.45,0.6757,-2077240,-0.9786,-5490329,3413089,2077240,
300422,博世科,4.07,1.4963,-2078181,-6.8406,0,-2078181,2078181,
600917,重庆燃气,4.93,1.0246,-2079130,-7.4308,1405242,-3484372,2079130,
300892,品渥食品,22.63,2.8636,-2086127,-4.9682,0,-2086127,2086127,
300897,山科智能,16.35,3.2849,-2086932,-5.6419,-1682364,-404568,2086932,
600742,富维股份,7.73,0.0,-2088659,-4.9483,-3078633,989974,2088659,
600371,万向德农,16.39,6.4286,-2092373,-0.1664,891092,-2983465,2092373,
688399,硕世生物,26.61,5.5115,-2107804,-4.1623,90722,-2198526,2107804,
000889,中嘉博创,3.89,0.0,-2108549,-1.9261,-5100509,2991960,2108549,
300913,兆龙互连,43.39,0.9539,-2111367,-0.2557,12847381,-14958748,2111367,
301278,快可电子,29.07,1.8927,-2119452,-4.5095,238289,-2357741,2119452,
002547,*ST春兴,2.45,-1.2097,-2121214,-4.9829,1127540,-3248754,2121214,
002587,奥拓电子,5.35,1.3258,-2123076,-3.3345,2106765,-4229841,2123076,
300987,川网传媒,14.9,-2.2951,-2131001,-0.9919,-1403432,-727569,2131001,
600753,ST海钦,12.37,4.1246,-2131438,-5.5305,-762977,-1368461,2131438,
600080,ST金花,4.83,1.2579,-2135923,-14.364,-3883909,1747986,2135923,
002953,日丰股份,10.69,1.4231,-2143058,-1.9217,25892,-2168950,2143058,
600861,北京人力,12.82,0.9449,-2144328,-10.4043,62328,-2206656,2144328,
603706,东方环宇,17.13,0.7647,-2147661,-11.3995,-1084962,-1062699,2147661,
002661,克明食品,7.7,2.6667,-2149417,-2.5458,0,-2149417,2149417,
688712,北芯生命,31.4,1.0621,-2153409,-3.0394,-2416643,263234,2153409,
002884,凌霄泵业,15.49,0.0646,-2154807,-11.6287,0,-2154807,2154807,
605133,嵘泰股份,24.79,1.7652,-2157350,-1.6027,-1209264,-948086,2157350,
688339,亿华通-U,17.07,1.2456,-2159403,-5.9162,0,-2159403,2159403,
605028,世茂能源,23.83,-1.732,-2163817,-5.3947,-8444157,6280340,2163817,
000517,荣安地产,2.06,3.0,-2164182,-2.1373,6584651,-8748833,2164182,
300577,开润股份,19.94,-0.3,-2179769,-4.015,1125180,-3304949,2179769,
688428,诺诚健华,30.44,7.3343,-2182530,-0.4032,6337653,-8520183,2182530,
002461,珠江啤酒,8.4,0.4785,-2183520,-6.6087,0,-2183520,2183520,
001277,速达股份,30.5,1.7684,-2190838,-5.2906,0,-2190838,2190838,
000952,广济药业,6.75,5.4688,-2194614,-3.7172,-1011000,-1183614,2194614,
301068,大地海洋,26.24,1.5087,-2196626,-7.9044,0,-2196626,2196626,
600623,华谊集团,8.53,1.4269,-2203657,-2.517,-315357,-1888300,2203657,
002935,天奥电子,16.12,1.0025,-2212516,-3.3805,-1078920,-1133596,2212516,
300774,倍杰特,10.06,0.9027,-2212517,-3.158,94912,-2307429,2212517,
603015,弘讯科技,10.62,-0.9328,-2214929,-4.55,-2249986,35057,2214929,
300883,龙利得,6.45,1.735,-2220469,-6.8618,-695871,-1524598,2220469,
300809,华辰装备,24.99,1.7508,-2228058,-2.1352,-1396674,-831384,2228058,
300636,同和药业,6.93,3.2787,-2229539,-4.6819,-124890,-2104649,2229539,
002210,飞马国际,2.2,1.8519,-2239298,-2.5209,-124406,-2114892,2239298,
600668,尖峰集团,7.4,2.9207,-2255384,-6.3983,0,-2255384,2255384,
002200,交投生态,6.57,2.0186,-2264291,-9.3721,0,-2264291,2264291,
688759,必贝特-U,23.61,5.167,-2267505,-2.0226,-895708,-1371797,2267505,
002868,绿康生化,23.45,1.9565,-2267911,-3.8008,-2077099,-190812,2267911,
000099,中信海直,13.05,0.7722,-2271548,-3.5582,-1984328,-287220,2271548,
688708,佳驰科技,40.51,0.8966,-2275557,-3.6362,-1447330,-828227,2275557,
600830,香溢融通,8.67,2.1201,-2280126,-1.4377,-13242800,10962674,2280126,
603116,红蜻蜓,6.65,0.7576,-2285973,-3.7854,-84328,-2201645,2285973,
300796,贝斯美,6.92,1.7647,-2286829,-8.2053,-1112070,-1174759,2286829,
002858,力盛体育,11.6,2.3831,-2290679,-6.0281,0,-2290679,2290679,
002187,广百股份,5.72,2.3256,-2295164,-4.9021,0,-2295164,2295164,
603815,交建股份,5.22,0.578,-2311875,-7.7372,0,-2311875,2311875,
300928,华安鑫创,23.62,3.7786,-2312365,-3.3965,-1402033,-910332,2312365,
000777,中核科技,16.79,0.3586,-2314241,-4.7648,-2736152,421911,2314241,
600097,开创国际,9.4,2.063,-2317090,-7.0557,0,-2317090,2317090,
605158,华达新材,7.89,2.3346,-2318493,-5.2395,0,-2318493,2318493,
600990,四创电子,18.29,1.2735,-2321615,-5.9437,0,-2321615,2321615,
300444,双杰电气,9.12,0.9967,-2323687,-1.3237,-1291999,-1031688,2323687,
301007,德迈仕,32.44,-0.246,-2328199,-3.8318,-3259977,931778,2328199,
002634,*ST棒杰,4.03,-0.7389,-2328460,-10.3579,-1335570,-992890,2328460,
300360,炬华科技,11.15,0.7227,-2332740,-5.3961,-359155,-1973585,2332740,
603392,万泰生物,26.01,2.321,-2343082,-1.3593,-3554803,1211721,2343082,
688157,松井股份,19.25,2.4481,-2343947,-5.2484,0,-2343947,2343947,
300069,金利华电,25.59,1.3465,-2343989,-2.0574,-1165594,-1178395,2343989,
002048,宁波华翔,18.99,3.6572,-2345603,-0.6493,411574,-2757177,2345603,
301603,乔锋智能,128.33,0.825,-2348700,-1.0282,1193055,-3541755,2348700,
601222,林洋能源,5.98,0.6734,-2357387,-2.406,-231827,-2125560,2357387,
002193,ST如意,4.67,0.0,-2371749,-16.2005,0,-2371749,2371749,
000619,海螺新材,5.17,3.8153,-2375148,-4.6263,-3767400,1392252,2375148,
301135,瑞德智能,17.46,1.5707,-2376482,-9.8364,-478255,-1898227,2376482,
301459,丰茂股份,32.44,-0.3379,-2382469,-9.1739,-498086,-1884383,2382469,
300724,捷佳伟创,54.58,0.8686,-2388320,-0.6122,4822876,-7211196,2388320,
000429,粤高速Ａ,12.45,-1.5032,-2400708,-2.7287,-3922718,1522010,2400708,
301502,华阳智能,53.29,1.7762,-2402676,-5.1983,0,-2402676,2402676,
600422,昆药集团,8.32,2.2113,-2406114,-5.6748,-3835244,1429130,2406114,
002066,瑞泰科技,20.19,0.95,-2426824,-4.8595,691345,-3118169,2426824,
301161,唯万密封,31.34,0.9665,-2427264,-2.1363,-2591531,164267,2427264,
603317,天味食品,13.0,1.5625,-2428313,-3.3741,1308093,-3736406,2428313,
300749,顶固集创,25.68,2.3108,-2432419,-2.6598,2408136,-4840555,2432419,
603271,永杰新材,38.88,0.5171,-2434165,-3.9996,-4393771,1959606,2434165,
301581,黄山谷捷,36.21,0.8354,-2434824,-11.2204,0,-2434824,2434824,
688223,晶科能源,3.89,0.2577,-2435155,-0.9203,0,-2435155,2435155,
002003,伟星股份,11.43,-0.9532,-2436464,-1.4317,2596159,-5032623,2436464,
300472,ST新元,6.73,-0.5908,-2436557,-16.7807,96524,-2533081,2436557,
001325,元创股份,37.1,0.5148,-2438101,-8.2285,-1373888,-1064213,2438101,
600517,国网英大,4.98,-0.4,-2439720,-2.5809,-2602163,162443,2439720,
605336,*ST帅电,11.37,0.8873,-2448476,-23.7716,0,-2448476,2448476,
603378,*ST亚士,5.9,4.0564,-2448741,-2.9556,-3392843,944102,2448741,
603214,爱婴室,13.47,2.5114,-2455974,-5.753,0,-2455974,2455974,
002157,正邦科技,3.06,0.9901,-2465593,-0.5869,-12162812,9697219,2465593,
301378,通达海,25.42,5.4772,-2475773,-2.5865,1101136,-3576909,2475773,
300584,海辰药业,31.76,1.632,-2482401,-3.6798,1030308,-3512709,2482401,
002875,安奈儿,13.23,2.2411,-2497495,-5.3825,1297568,-3795063,2497495,
000597,东北制药,4.89,4.9356,-2497969,-2.3943,-2575372,77403,2497969,
300446,航天智造,13.09,0.6923,-2503665,-3.567,-1045600,-1458065,2503665,
688475,萤石网络,28.02,0.0357,-2507269,-2.7902,357053,-2864322,2507269,
301032,新柴股份,10.13,1.809,-2512385,-7.5086,-2870470,358085,2512385,
002527,新时达,10.78,0.466,-2530192,-5.1944,0,-2530192,2530192,
688006,杭可科技,20.95,0.0478,-2532716,-2.2626,-748564,-1784152,2532716,
002676,顺威股份,5.41,1.1215,-2534694,-3.9729,-1670261,-864433,2534694,
603578,三星新材,14.31,0.4211,-2538193,-4.4273,-479356,-2058837,2538193,
688333,铂力特,105.8,-1.3704,-2544634,-0.3113,9626207,-12170841,2544634,
000899,赣能股份,9.39,0.2134,-2549058,-3.4405,-1313664,-1235394,2549058,
603518,锦泓集团,7.76,1.7038,-2552656,-5.8655,0,-2552656,2552656,
000909,*ST数源,5.54,-0.3597,-2553447,-11.7238,0,-2553447,2553447,
300956,英力股份,11.46,2.3214,-2556240,-6.9406,0,-2556240,2556240,
001367,海森药业,21.41,4.1342,-2560138,-5.3303,-1695500,-864638,2560138,
001306,夏厦精密,57.72,4.3007,-2568825,-2.1176,-1341457,-1227368,2568825,
000553,安道麦A,5.68,1.61,-2575542,-8.4333,-1854160,-721382,2575542,
002850,科达利,175.2,1.2717,-2578044,-0.6438,13455350,-16033394,2578044,
000633,合金投资,5.27,2.5292,-2579953,-6.134,-1569837,-1010116,2579953,
300546,雄帝科技,17.3,2.9149,-2589266,-2.6821,1241435,-3830701,2589266,
688093,世华科技,22.51,-0.7933,-2590161,-7.4323,-1442010,-1148151,2590161,
600030,中信证券,26.74,0.7536,-2591792,-0.1367,-2720464,128672,2591792,
301153,中科江南,17.29,1.5267,-2595323,-4.642,-1942968,-652355,2595323,
300261,雅本化学,4.93,3.5714,-2604334,-3.4431,249130,-2853464,2604334,
301026,浩通科技,19.8,1.4864,-2612577,-4.792,-115465,-2497112,2612577,
300091,*ST金灵,2.4,0.4184,-2613159,-20.2257,0,-2613159,2613159,
603193,XD润本股,20.81,4.4679,-2622058,-3.3564,-1700334,-921724,2622058,
001366,播恩集团,13.46,3.3794,-2625323,-3.1146,-1370930,-1254393,2625323,
300351,永贵电器,14.37,0.1394,-2634657,-3.7659,2613665,-5248322,2634657,
300844,山水比德,24.11,2.3779,-2636727,-8.2039,0,-2636727,2636727,
000682,东方电子,10.73,0.0933,-2639730,-2.9854,129884,-2769614,2639730,
002535,林州重机,2.46,3.7975,-2641443,-5.7236,-1476000,-1165443,2641443,
688709,成都华微,25.36,1.3589,-2644215,-2.644,0,-2644215,2644215,
000028,国药一致,20.03,1.0595,-2646530,-6.008,488387,-3134917,2646530,
688509,正元地信,4.18,1.9512,-2648380,-14.5356,0,-2648380,2648380,
002030,达安基因,5.62,4.6555,-2652748,-1.3439,1665534,-4318282,2652748,
600223,福瑞达,5.71,3.6298,-2657681,-4.1403,2316709,-4974390,2657681,
003003,天元股份,10.86,3.2319,-2671876,-7.5541,0,-2671876,2671876,
002828,贝肯能源,11.17,4.0037,-2681562,-2.8035,1082877,-3764439,2681562,
002876,三利谱,32.35,2.0827,-2682670,-1.662,3930981,-6613651,2682670,
000403,派林生物,9.95,0.7085,-2701173,-3.7355,1003767,-3704940,2701173,
000400,许继电气,20.38,0.0491,-2710717,-1.2446,-11091891,8381174,2710717,
600136,ST明诚,1.5,0.6711,-2712942,-28.7998,-750000,-1962942,2712942,
600509,天富能源,7.31,0.6887,-2713441,-2.7694,1589866,-4303307,2713441,
300871,回盛生物,21.65,1.2155,-2713514,-4.0725,1110683,-3824197,2713514,
603178,圣龙股份,15.91,1.3376,-2714790,-2.6481,1181622,-3896412,2714790,
002355,兴民智通,4.68,0.2141,-2731406,-5.9965,0,-2731406,2731406,
002243,力合科创,7.13,0.8487,-2731941,-4.3364,-1615171,-1116770,2731941,
000810,创维数字,9.68,-0.2062,-2744749,-2.0328,-1679073,-1065676,2744749,
601877,正泰电器,25.3,0.1584,-2744976,-1.027,-6406723,3661747,2744976,
603117,万林物流,4.03,2.8061,-2752023,-8.5947,0,-2752023,2752023,
301599,理奇智能,33.3,-1.3918,-2755592,-2.4499,-574117,-2181475,2755592,
300890,翔丰华,26.58,-0.0376,-2767742,-3.7816,1248177,-4015919,2767742,
300235,方直科技,12.47,3.314,-2773351,-2.7054,-3108570,335219,2773351,
002045,国光电器,9.06,0.1105,-2779132,-2.6415,0,-2779132,2779132,
002769,普路通,7.03,4.9254,-2781448,-3.2406,1744147,-4525595,2781448,
600327,大东方,3.96,2.8571,-2796672,-4.4604,2422978,-5219650,2796672,
000652,泰达股份,3.42,2.0896,-2800255,-6.344,34592,-2834847,2800255,
002533,金杯电工,10.96,0.0913,-2801609,-6.2189,-6904194,4102585,2801609,
003016,欣贺股份,7.6,2.288,-2808625,-6.6761,-1389795,-1418830,2808625,
002485,ST雪发,5.98,1.7007,-2808905,-12.1861,-2803320,-5585,2808905,
688281,华秦科技,52.51,2.9608,-2812361,-1.2734,18293276,-21105637,2812361,
688367,工大高科,30.25,0.4983,-2817962,-7.091,-1517529,-1300433,2817962,
603836,海程邦达,9.53,3.2503,-2821514,-8.7353,0,-2821514,2821514,
603777,来伊份,13.73,4.173,-2826379,-2.1206,2229894,-5056273,2826379,
600239,ST云城,1.45,1.3986,-2826668,-11.3067,-2894570,67902,2826668,
301017,漱玉平民,13.12,5.5511,-2838569,-2.6075,2182839,-5021408,2838569,
300375,鹏翎股份,4.13,1.9753,-2844478,-8.1178,-1032500,-1811978,2844478,
301395,仁信新材,12.36,3.5176,-2855772,-6.6336,0,-2855772,2855772,
301555,惠柏新材,36.23,1.06,-2858193,-5.5835,108526,-2966719,2858193,
301069,凯盛新材,16.25,0.5569,-2870916,-5.8818,0,-2870916,2870916,
002962,五方光电,13.68,1.3333,-2876532,-2.4772,-501840,-2374692,2876532,
300067,安诺其,5.54,4.7259,-2883439,-0.9664,-4406501,1523062,2883439,
002888,惠威科技,18.87,0.5328,-2883567,-6.7531,1200457,-4084024,2883567,
301556,托普云农,62.55,0.8871,-2883603,-3.5826,0,-2883603,2883603,
603888,新华网,18.79,1.7325,-2886106,-0.3008,-15566699,12680593,2886106,
600495,晋西车轴,4.09,0.9877,-2899614,-7.7426,-3625238,725624,2899614,
600686,金龙汽车,11.14,2.9575,-2902746,-1.0548,1347781,-4250527,2902746,
688320,禾川科技,35.83,6.6369,-2911245,-1.4096,6066863,-8978108,2911245,
605016,百龙创园,20.93,1.3559,-2913986,-6.6942,-1767015,-1146971,2913986,
300030,阳普医疗,6.85,4.4207,-2916430,-5.5817,0,-2916430,2916430,
002334,英威腾,6.59,0.4573,-2917524,-6.1616,-2334837,-582687,2917524,
688053,ST思科瑞,39.92,-0.7706,-2925640,-10.1023,2879900,-5805540,2925640,
002135,东南网架,6.11,0.1639,-2927831,-4.6845,-1025490,-1902341,2927831,
600212,绿能慧充,5.89,-0.6745,-2929405,-6.131,-3094474,165069,2929405,
600663,陆家嘴,9.1,2.2472,-2932638,-1.9151,-4317236,1384598,2932638,
600843,上工申贝,6.91,0.436,-2933206,-9.4134,0,-2933206,2933206,
300299,富春股份,5.51,2.037,-2933841,-3.6216,296148,-3229989,2933841,
300246,宝莱特,15.8,0.5089,-2938980,-2.4706,-6980953,4041973,2938980,
002644,佛慈制药,8.5,3.7851,-2940757,-5.6455,1030824,-3971581,2940757,
002992,宝明科技,33.86,-0.8492,-2951135,-4.861,-2136361,-814774,2951135,
688286,敏芯股份,48.84,-0.57,-2951219,-2.1369,4735934,-7687153,2951219,
600738,丽尚国潮,4.37,3.066,-2955583,-4.1101,-5522666,2567083,2955583,
300687,赛意信息,30.05,3.3712,-2956980,-0.5915,8176493,-11133473,2956980,
002593,日上集团,4.61,0.4357,-2965221,-6.2021,2383597,-5348818,2965221,
300920,润阳科技,34.17,-2.1197,-2969915,-4.166,-2692057,-277858,2969915,
601118,海南橡胶,6.39,3.9024,-2970081,-0.3833,15580753,-18550834,2970081,
603861,白云电器,11.24,0.2676,-2977011,-4.9766,0,-2977011,2977011,
301587,中瑞股份,21.44,0.8467,-2980794,-6.7838,-1639239,-1341555,2980794,
603766,隆鑫通用,14.91,0.6752,-2984435,-1.751,-1618909,-1365526,2984435,
300783,三只松鼠,16.86,1.2613,-2984450,-5.1174,468496,-3452946,2984450,
601588,北辰实业,1.79,4.0698,-2990598,-2.7336,1418248,-4408846,2990598,
600824,益民集团,3.74,2.7473,-2995117,-6.3402,-486675,-2508442,2995117,
603169,兰石重装,6.21,0.1613,-2999623,-5.0867,-2281007,-718616,2999623,
301371,敷尔佳,21.23,2.0183,-3003039,-4.2249,1048793,-4051832,3003039,
688101,三达膜,14.68,1.1019,-3003766,-8.9212,0,-3003766,3003766,
603075,热威股份,19.99,0.9596,-3006551,-5.4834,531761,-3538312,3006551,
002664,信质集团,15.0,0.9421,-3011669,-5.6377,0,-3011669,3011669,
300845,捷安高科,13.93,2.3512,-3014546,-4.4423,-12072,-3002474,3014546,
600158,中体产业,7.17,1.5581,-3018963,-2.1053,-1431086,-1587877,3018963,
603879,永悦科技,4.95,0.2024,-3023190,-8.6377,-190734,-2832456,3023190,
002418,康盛股份,4.74,1.4989,-3025086,-0.8384,-1105123,-1919963,3025086,
300530,领湃科技,19.35,-0.1033,-3025631,-5.4019,1161595,-4187226,3025631,
603356,华菱精工,17.39,2.234,-3026178,-5.358,1489985,-4516163,3026178,
002758,浙农股份,8.72,1.6317,-3039155,-6.0003,1454640,-4493795,3039155,
000766,通化金马,15.81,1.4763,-3042306,-1.3433,-7498399,4456093,3042306,
688119,中钢洛耐,3.89,2.0997,-3042762,-7.7169,0,-3042762,3042762,
301505,苏州规划,19.03,1.0621,-3043471,-8.0558,1117460,-4160931,3043471,
688310,迈得医疗,15.97,3.2321,-3045476,-6.1812,-3547335,501859,3045476,
301668,昊创瑞通,32.27,-1.5558,-3050213,-8.2864,0,-3050213,3050213,
301237,和顺科技,39.95,0.2509,-3051996,-3.8448,-192183,-2859813,3051996,
688558,国盛智科,33.72,0.5067,-3054951,-6.3804,-2496341,-558610,3054951,
300448,浩云科技,5.58,1.6393,-3060536,-5.5962,321900,-3382436,3060536,
300321,同大股份,35.1,-1.9553,-3067999,-1.7622,-5906402,2838403,3067999,
603659,璞泰来,21.9,-1.6614,-3075254,-0.6469,-5060708,1985454,3075254,
601965,中国汽研,13.01,-1.1398,-3087520,-3.9447,-4025125,937605,3087520,
002863,今飞凯达,4.76,1.4925,-3093152,-9.2582,0,-3093152,3093152,
002717,*ST岭南,0.97,2.1053,-3093551,-4.5885,-2612750,-480801,3093551,
603499,翔港科技,13.68,-0.5091,-3095853,-7.1746,-1550797,-1545056,3095853,
600178,东安动力,9.64,0.3122,-3096015,-7.9446,-2419132,-676883,3096015,
600339,中油工程,3.39,2.7273,-3101628,-1.7773,-9468371,6366743,3101628,
300582,英飞特,10.78,1.8904,-3106892,-5.1184,0,-3106892,3106892,
002693,双成药业,9.42,2.1692,-3111035,-0.9367,52155,-3163190,3111035,
600082,ST海泰,3.22,1.8987,-3111131,-11.6347,-3483976,372845,3111131,
603375,盛景微,53.8,4.082,-3116656,-0.7016,-6841423,3724767,3116656,
605389,长龄液压,67.15,0.841,-3120620,-5.8548,-1741368,-1379252,3120620,
600569,安阳钢铁,1.81,1.6854,-3123220,-7.5843,-1091249,-2031971,3123220,
002556,辉隆股份,5.24,1.354,-3125275,-6.5164,-817974,-2307301,3125275,
000679,大连友谊,6.64,3.2659,-3127735,-4.829,-91827,-3035908,3127735,
600081,东风科技,10.36,0.1934,-3132961,-13.7834,-2595000,-537961,3132961,
300218,安利股份,12.64,2.0178,-3139390,-11.4118,0,-3139390,3139390,
301314,科瑞思,47.32,5.625,-3145344,-3.985,-1555294,-1590050,3145344,
002083,孚日股份,9.77,0.2051,-3145923,-1.2998,-5696743,2550820,3145923,
600283,钱江水利,8.08,0.7481,-3159867,-16.8616,-2737449,-422418,3159867,
688285,高铁电气,7.59,1.6064,-3160201,-19.9634,0,-3160201,3160201,
002516,旷达科技,5.72,-0.5217,-3167127,-3.588,-3240895,73768,3167127,
002270,华明装备,18.38,0.1635,-3175288,-2.4666,-1067970,-2107318,3175288,
603700,宁水集团,11.73,4.8257,-3177412,-4.5159,-2637758,-539654,3177412,
000739,普洛药业,24.82,5.707,-3177427,-0.6385,8519432,-11696859,3177427,
600165,宁科生物,3.35,3.3951,-3179636,-3.8327,-1316601,-1863035,3179636,
605009,豪悦护理,25.0,1.1736,-3183903,-9.1203,-1030582,-2153321,3183903,
605488,福莱新材,30.26,0.5316,-3189940,-1.7674,558891,-3748831,3189940,
301323,新莱福,76.4,0.3151,-3195666,-3.7534,-6389266,3193600,3195666,
301259,艾布鲁,19.94,0.4534,-3206689,-3.6711,2342217,-5548906,3206689,
301522,上大股份,23.95,2.5257,-3209683,-3.9057,-1058148,-2151535,3209683,
688255,凯尔达,26.43,2.1647,-3220233,-4.507,-755701,-2464532,3220233,
000903,ST云动,2.06,-0.4831,-3226766,-12.8505,0,-3226766,3226766,
300265,通光线缆,14.24,2.9646,-3234321,-1.0161,2027013,-5261334,3234321,
301558,三态股份,6.78,1.6492,-3234723,-7.0643,-323648,-2911075,3234723,
000838,*ST发展,2.24,-1.3216,-3245664,-3.5565,-540861,-2704803,3245664,
688081,兴图新科,26.76,0.943,-3257154,-6.9213,0,-3257154,3257154,
000868,安凯客车,3.99,0.0,-3262931,-1.5091,-284021,-2978910,3262931,
600538,国发股份,4.91,0.2041,-3263821,-12.4336,0,-3263821,3263821,
600300,维维股份,3.18,1.2739,-3264285,-4.0171,711284,-3975569,3264285,
603293,埃泰克,37.39,-0.4791,-3269672,-4.6643,-1193386,-2076286,3269672,
003011,海象新材,19.52,1.6667,-3289154,-7.3947,-97800,-3191354,3289154,
002843,泰嘉股份,16.34,-0.4266,-3294277,-4.0067,0,-3294277,3294277,
300664,鹏鹞环保,4.69,1.0776,-3295463,-15.1795,0,-3295463,3295463,
600620,天宸股份,4.41,3.5211,-3300231,-11.2138,0,-3300231,3300231,
603262,技源集团,18.2,0.0,-3304218,-9.2091,-1008435,-2295783,3304218,
002162,悦心健康,4.28,5.9406,-3309971,-1.5473,3719130,-7029101,3309971,
688023,安恒信息,46.79,6.2926,-3313866,-1.3827,5161037,-8474903,3313866,
301040,中环海陆,26.61,-1.1148,-3316446,-5.0881,-3655691,339245,3316446,
000881,中广核技,6.6,2.3256,-3317368,-5.9483,-2991445,-325923,3317368,
603486,科沃斯,50.23,0.6008,-3324436,-2.0783,-3235694,-88742,3324436,
603520,司太立,8.61,2.5,-3329161,-5.5082,-2307992,-1021169,3329161,
688395,正弦电气,24.82,3.1588,-3331872,-9.1964,0,-3331872,3331872,
601900,南方传媒,12.15,0.3303,-3332609,-2.4436,15419901,-18752510,3332609,
301311,昆船智能,13.82,1.4684,-3337786,-10.0687,0,-3337786,3337786,
000709,河钢股份,2.08,0.9709,-3352441,-2.5984,8481473,-11833914,3352441,
300242,佳云科技,3.99,2.8351,-3352728,-4.7794,-3733301,380573,3352728,
600493,凤竹纺织,6.41,2.3962,-3353496,-6.9603,-1278000,-2075496,3353496,
600201,生物股份,11.7,-0.2558,-3356047,-2.1737,-7783610,4427563,3356047,
002698,博实股份,11.44,0.2629,-3366929,-4.2842,-6491107,3124178,3366929,
002620,*ST瑞和,5.78,-0.1727,-3369290,-11.2761,-1536360,-1832930,3369290,
688386,泛亚微透,46.91,-0.2339,-3370012,-5.0224,-2574926,-795086,3370012,
603933,睿能科技,19.32,-0.5149,-3382484,-6.1916,-653253,-2729231,3382484,
688595,芯海科技,31.21,2.2273,-3383151,-3.8107,-380134,-3003017,3383151,
300856,科思股份,10.54,1.5414,-3385715,-12.2405,-301034,-3084681,3385715,
600805,悦达投资,4.57,2.0089,-3386970,-9.2768,0,-3386970,3386970,
000793,ST华闻,2.09,0.0,-3396761,-20.2792,-1173328,-2223433,3396761,
688721,龙图光罩,40.63,-1.5746,-3401495,-3.7346,-2580417,-821078,3401495,
600819,耀皮玻璃,5.66,1.6158,-3404783,-7.1454,-4017702,612919,3404783,
603050,科林电气,18.02,-0.387,-3407471,-8.4784,1692628,-5100099,3407471,
002198,ST嘉应,3.72,1.6393,-3408446,-15.0483,-1663212,-1745234,3408446,
002207,*ST准油,5.62,0.0,-3413289,-11.6177,-1428758,-1984531,3413289,
300812,易天股份,19.85,-0.0504,-3420542,-3.083,0,-3420542,3420542,
301577,美信科技,61.42,0.4251,-3421064,-4.2424,298511,-3719575,3421064,
688332,中科蓝讯,93.82,-1.2837,-3426281,-0.9297,-4669774,1243493,3426281,
000877,天山股份,3.75,1.9022,-3427884,-6.582,338096,-3765980,3427884,
600996,贵广网络,7.11,2.7457,-3429796,-2.2151,2053908,-5483704,3429796,
300478,杭州高新,36.08,6.872,-3430229,-1.7186,-1858873,-1571356,3430229,
600053,*ST九鼎,7.55,6.0393,-3431396,-5.5309,-4669175,1237779,3431396,
000790,华神科技,4.31,6.9479,-3441638,-1.4827,7521425,-10963063,3441638,
000820,神雾节能,3.56,0.8499,-3443823,-9.3735,1068630,-4512453,3443823,
300617,安靠智电,36.52,-0.0821,-3445923,-3.999,-1033654,-2412269,3445923,
601456,国联民生,8.7,0.4619,-3446734,-3.1747,8725037,-12171771,3446734,
300977,深圳瑞捷,18.45,2.7855,-3450195,-6.689,1052467,-4502662,3450195,
301177,迪阿股份,23.35,1.8761,-3452793,-11.3429,0,-3452793,3452793,
603217,元利科技,28.15,3.4546,-3454525,-3.661,-3314248,-140277,3454525,
300332,天壕能源,5.01,1.8293,-3457137,-3.2738,-3014943,-442194,3457137,
003015,日久光电,12.63,1.2019,-3458234,-5.2216,-498177,-2960057,3458234,
001396,誉帆科技,32.77,0.7378,-3460556,-10.4328,-3289000,-171556,3460556,
600288,大恒科技,11.07,0.9116,-3465537,-2.1587,-12102557,8637020,3465537,
300771,智莱科技,11.4,0.7067,-3489787,-8.2853,481924,-3971711,3489787,
603439,三力制药,14.38,5.7353,-3491925,-0.6758,-5144033,1652108,3491925,
002319,乐通股份,10.14,0.0,-3494476,-7.4493,106155,-3600631,3494476,
300572,安车检测,24.61,-0.2836,-3497411,-4.0489,-123644,-3373767,3497411,
002427,尤夫股份,4.67,1.0823,-3501585,-7.094,170091,-3671676,3501585,
002984,森麒麟,13.03,1.0078,-3510421,-3.7763,-2184676,-1325745,3510421,
000625,长安汽车,7.15,0.4213,-3516211,-1.5667,4970687,-8486898,3516211,
001237,惠康科技,51.87,-1.3691,-3517785,-3.682,-2877262,-640523,3517785,
002368,太极股份,13.23,1.2242,-3528296,-3.3117,-280352,-3247944,3528296,
301031,中熔电气,96.45,-0.1139,-3528528,-2.0905,-4887062,1358534,3528528,
300021,大禹节水,3.94,1.8088,-3546751,-4.8262,3436699,-6983450,3546751,
300609,汇纳科技,24.39,-0.0819,-3554537,-7.4769,0,-3554537,3554537,
002236,大华股份,15.82,0.5083,-3554553,-1.4871,14616133,-18170686,3554553,
000691,亚太实业,9.27,-0.8556,-3578735,-5.9646,855058,-4433793,3578735,
000726,鲁泰Ａ,6.19,-0.1613,-3596536,-5.8844,-1111339,-2485197,3596536,
001356,富岭股份,9.75,1.6684,-3601943,-3.8548,0,-3601943,3601943,
002348,高乐股份,10.93,2.919,-3612806,-2.1402,-1293154,-2319652,3612806,
002054,德美化工,7.19,1.6973,-3628462,-7.3125,0,-3628462,3628462,
300007,汉威科技,31.37,3.4289,-3640920,-0.9164,3697164,-7338084,3640920,
002253,川大智胜,9.91,1.1224,-3656449,-10.5984,0,-3656449,3656449,
002009,天奇股份,15.81,1.4763,-3664942,-3.0983,503815,-4168757,3664942,
000863,三湘印象,4.75,1.4957,-3672063,-3.8625,1325028,-4997091,3672063,
300240,飞力达,6.16,2.3256,-3680047,-8.6528,-2407488,-1272559,3680047,
002949,华阳国际,13.24,5.3302,-3702234,-3.2263,-3435263,-266971,3702234,
301658,首航新能,22.55,1.3028,-3704316,-6.3106,-595677,-3108639,3704316,
002108,沧州明珠,4.44,1.3699,-3718999,-4.7564,3174422,-6893421,3718999,
002095,生意宝,16.2,0.2475,-3720326,-1.8551,-5597325,1876999,3720326,
300518,新迅达,26.37,8.0738,-3730747,-1.1445,5315365,-9046112,3730747,
002923,润都股份,11.37,4.1209,-3731450,-3.9701,1786702,-5518152,3731450,
301038,深水规院,17.05,1.0071,-3735943,-8.805,-3326746,-409197,3735943,
688351,微电生理,17.85,0.2809,-3737765,-4.979,0,-3737765,3737765,
603585,苏利股份,10.6,2.1195,-3740836,-10.7403,0,-3740836,3740836,
002955,鸿合科技,38.8,4.7233,-3743545,-1.4051,-14685727,10942182,3743545,
002445,中南文化,3.19,0.9494,-3756482,-2.7085,-9382719,5626237,3756482,
600338,西藏珠峰,12.76,1.0293,-3764632,-1.5013,-1745172,-2019460,3764632,
603072,天和磁材,30.76,1.2842,-3764669,-8.4637,-993517,-2771152,3764669,
603680,今创集团,10.86,2.7436,-3770494,-4.0988,-369257,-3401237,3770494,
603105,芯能科技,8.18,0.0,-3775298,-2.6278,2689196,-6464494,3775298,
002086,东方海洋,2.1,4.4776,-3776841,-2.6274,2201363,-5978204,3776841,
002933,新兴装备,27.69,0.9479,-3781763,-7.8184,-1523200,-2258563,3781763,
600131,国网信通,14.31,0.0699,-3794172,-5.2653,319162,-4113334,3794172,
300768,迪普科技,15.09,1.8219,-3804601,-3.9182,-3922096,117495,3804601,
002721,金一文化,2.75,1.1029,-3807579,-2.5237,-8329692,4522113,3807579,
301602,超研股份,16.19,1.7599,-3818386,-6.3083,-873100,-2945286,3818386,
603315,福鞍股份,10.98,1.2915,-3827868,-8.424,-1095000,-2732868,3827868,
600333,长春燃气,6.81,1.7937,-3829843,-5.8231,-2649429,-1180414,3829843,
002480,新筑股份,5.26,0.5736,-3831828,-13.8734,-3538812,-293016,3831828,
300859,西域旅游,24.86,0.0805,-3842772,-3.1607,-1998311,-1844461,3842772,
688302,海创药业-U,32.93,6.2601,-3843188,-4.804,-2078049,-1765139,3843188,
600749,西藏旅游,13.89,1.6837,-3846089,-3.6689,1745915,-5592004,3846089,
002219,新里程,2.18,3.8095,-3852380,-1.3289,11077912,-14930292,3852380,
000404,长虹华意,6.92,0.5814,-3855198,-10.108,-2218091,-1637107,3855198,
300670,大烨智能,7.11,0.8511,-3860243,-2.6846,-2076013,-1784230,3860243,
002630,*ST华西,1.66,0.0,-3860360,-29.7179,0,-3860360,3860360,
300800,力合科技,10.4,3.7924,-3861259,-7.5845,0,-3861259,3861259,
603599,广信股份,10.61,1.3372,-3865702,-4.1513,-2991270,-874432,3865702,
600865,百大集团,11.44,5.3407,-3873753,-0.6429,-9946181,6072428,3873753,
002816,*ST和科,22.4,-1.4952,-3879429,-13.9648,-411780,-3467649,3879429,
688360,德马科技,15.8,5.3333,-3879502,-3.401,-1020547,-2858955,3879502,
688237,超卓航科,58.81,0.5471,-3884467,-5.3899,-1391985,-2492482,3884467,
603969,银龙股份,7.6,-0.2625,-3893044,-6.8576,854786,-4747830,3893044,
002615,哈尔斯,6.31,0.96,-3897473,-7.3718,-2656240,-1241233,3897473,
300230,永利股份,4.34,0.9302,-3902550,-14.513,-3897000,-5550,3902550,
603101,汇嘉时代,7.56,1.7497,-3903230,-8.7556,0,-3903230,3903230,
300187,永清环保,4.59,0.8791,-3903835,-13.3693,1068514,-4972349,3903835,
603337,杰克科技,36.24,-1.1726,-3920106,-3.6073,2168783,-6088889,3920106,
688619,罗普特,14.86,-0.2685,-3920928,-9.9239,0,-3920928,3920928,
000875,电投绿能,4.83,-0.6173,-3938526,-1.5549,12628476,-16567002,3938526,
301469,恒达新材,29.22,2.6344,-3949204,-11.2034,-1166024,-2783180,3949204,
688186,广大特材,14.32,1.4164,-3960049,-9.2872,-2837000,-1123049,3960049,
301111,粤万年青,22.85,2.6966,-3962437,-4.3249,-1279844,-2682593,3962437,
688252,天德钰,21.42,-0.0933,-3963829,-4.3877,470422,-4434251,3963829,
688178,万德斯,28.93,-1.9654,-3969326,-10.7019,-4704648,735322,3969326,
301011,华立科技,15.96,2.3077,-3971337,-2.7904,727613,-4698950,3971337,
000967,盈峰环境,8.26,0.0,-3978434,-1.0073,-7624156,3645722,3978434,
000017,深中华A,7.87,4.7936,-3983088,-0.7067,13641910,-17624998,3983088,
300365,恒华科技,4.59,2.2272,-3996748,-6.7456,1380000,-5376748,3996748,
603167,渤海轮渡,8.09,0.1238,-4000334,-32.3652,-1104650,-2895684,4000334,
600203,福日电子,10.15,0.495,-4001257,-2.2197,-4137471,136214,4001257,
688278,特宝生物,51.65,0.2913,-4009760,-2.3096,1585559,-5595319,4009760,
300048,合康新能,4.88,0.4115,-4013242,-11.7072,269063,-4282305,4013242,
000898,鞍钢股份,2.06,0.9804,-4017252,-5.4346,-997867,-3019385,4017252,
001207,联科科技,17.84,-0.9439,-4021830,-5.2009,741515,-4763345,4021830,
000897,津滨发展,1.95,3.1746,-4048512,-4.414,-294171,-3754341,4048512,
300195,长荣股份,6.28,2.7823,-4053210,-8.844,0,-4053210,4053210,
002534,西子洁能,16.95,1.497,-4068719,-2.3675,4253592,-8322311,4068719,
300406,九强生物,11.71,2.7193,-4069298,-6.5057,-1443592,-2625706,4069298,
688623,双元科技,57.89,0.2945,-4070859,-8.6596,-1113602,-2957257,4070859,
603108,润达医疗,10.1,5.2083,-4074345,-1.4693,-9951,-4064394,4074345,
301180,万祥科技,11.64,1.3937,-4077298,-10.937,0,-4077298,4077298,
300839,博汇股份,13.26,2.6316,-4090926,-3.3854,-79788,-4011138,4090926,
600249,两面针,5.53,2.4074,-4095359,-7.3817,1080382,-5175741,4095359,
000626,远大控股,9.1,2.8249,-4098155,-3.7525,-1354875,-2743280,4098155,
000676,智度股份,6.77,1.0448,-4099827,-2.0922,-987147,-3112680,4099827,
605599,菜百股份,14.12,-0.773,-4118797,-8.5505,-1081675,-3037122,4118797,
002718,友邦吊顶,85.15,0.2354,-4120918,-7.2462,-149774,-3971144,4120918,
600960,渤海汽车,3.94,1.0256,-4124582,-13.4133,0,-4124582,4124582,
300777,中简科技,21.39,1.087,-4131481,-3.8244,-1425862,-2705619,4131481,
600320,振华重工,4.21,0.9592,-4134718,-3.4713,1152101,-5286819,4134718,
688551,科威尔,41.03,1.4339,-4135094,-2.9676,-6340162,2205068,4135094,
002748,世龙实业,12.31,-0.0812,-4138416,-6.0814,-4796521,658105,4138416,
600243,*ST海华,3.41,0.59,-4146598,-14.2789,-2729381,-1417217,4146598,
600918,中泰证券,5.52,1.2844,-4150157,-2.7998,965043,-5115200,4150157,
000061,农产品,6.11,1.495,-4151994,-4.2484,1183206,-5335200,4151994,
002951,金时科技,16.13,1.3191,-4195118,-8.1364,0,-4195118,4195118,
000767,晋控电力,3.44,-0.2899,-4204965,-2.033,-6245426,2040461,4204965,
600759,ST洲际,2.38,0.8475,-4220939,-2.4105,525215,-4746154,4220939,
300250,初灵信息,15.25,1.6667,-4225187,-5.4239,1021262,-5246449,4225187,
002188,中天服务,5.6,4.2831,-4225398,-7.3053,-282498,-3942900,4225398,
002481,双塔食品,4.35,2.8369,-4226601,-7.4008,0,-4226601,4226601,
001268,联合精密,24.15,0.4158,-4242205,-7.6907,0,-4242205,4242205,
300703,创源股份,14.36,3.7572,-4247692,-4.042,-2914697,-1332995,4247692,
600754,锦江酒店,18.62,0.7031,-4254742,-3.0404,-1115128,-3139614,4254742,
301376,致欧科技,22.86,1.8263,-4255334,-5.0496,-943859,-3311475,4255334,
300161,华中数控,27.22,-1.0182,-4283308,-3.3217,-201724,-4081584,4283308,
600166,福田汽车,2.79,0.3597,-4283486,-2.4525,2412286,-6695772,4283486,
300162,雷曼光电,7.92,1.5385,-4293161,-1.9293,-3109111,-1184050,4293161,
688239,航宇科技,57.88,2.0811,-4293584,-1.0713,-18226037,13932453,4293584,
600602,云赛智联,17.2,0.7026,-4300431,-1.6571,-1890753,-2409678,4300431,
600527,江南高纤,2.25,2.2727,-4300516,-4.7363,-1707495,-2593021,4300516,
600106,重庆路桥,4.47,0.6757,-4310712,-11.2054,-3267474,-1043238,4310712,
601002,晋亿实业,5.28,0.7634,-4311614,-13.1212,-1004784,-3306830,4311614,
000812,陕西金叶,3.83,0.7895,-4322302,-4.0931,-4382406,60104,4322302,
002920,德赛西威,84.57,-0.1888,-4326258,-1.7117,-3266762,-1059496,4326258,
600848,上海临港,8.63,1.4101,-4330118,-5.6558,-1204531,-3125587,4330118,
002278,神开股份,8.1,1.5038,-4342928,-8.2206,-1283370,-3059558,4342928,
688148,芳源股份,6.03,0.5,-4351264,-6.833,0,-4351264,4351264,
301595,太力科技,46.02,1.1873,-4351663,-5.3004,182386,-4534049,4351663,
301381,赛维时代,24.4,1.6243,-4363504,-2.0987,1298928,-5662432,4363504,
688215,瑞晟智能,47.83,-0.3542,-4366741,-8.9135,-71955,-4294786,4366741,
603150,万朗磁塑,70.37,2.0595,-4373234,-2.7436,78814,-4452048,4373234,
600234,科新发展,22.14,2.5,-4374727,-9.0951,-1071403,-3303324,4374727,
688268,华特气体,136.17,-1.476,-4378819,-0.6587,-47664348,43285529,4378819,
600551,时代出版,7.66,1.8617,-4385164,-2.9742,-4147548,-237616,4385164,
688051,佳华科技,25.99,8.4272,-4388809,-4.9169,-5043774,654965,4388809,
002810,山东赫达,21.55,2.864,-4409136,-5.0802,677931,-5087067,4409136,
000959,首钢股份,3.53,1.4368,-4415007,-5.1807,-2435388,-1979619,4415007,
002175,*ST东智,2.54,0.3953,-4421510,-17.7571,-1714328,-2707182,4421510,
300819,聚杰微纤,49.32,0.8795,-4422195,-2.0535,-1661920,-2760275,4422195,
600724,宁波富达,5.06,2.0161,-4428843,-13.36,0,-4428843,4428843,
603786,科博达,37.71,0.2392,-4432756,-8.01,-1370201,-3062555,4432756,
300978,东箭科技,8.7,0.8111,-4437377,-9.9115,-867516,-3569861,4437377,
300470,中密控股,27.78,-0.2872,-4466629,-13.4659,-1396167,-3070462,4466629,
301631,壹连科技,64.1,2.8562,-4470259,-2.4926,3984622,-8454881,4470259,
002643,万润股份,13.45,-0.4441,-4474820,-2.3432,-138770,-4336050,4474820,
603685,晨丰科技,27.79,0.9444,-4480397,-13.0168,-3111486,-1368911,4480397,
600552,凯盛科技,18.06,1.0632,-4490248,-0.3707,-10058752,5568504,4490248,
600491,ST龙元,1.67,-1.7647,-4490957,-5.7459,-389935,-4101022,4490957,
688727,恒坤新材,48.33,-1.7483,-4496052,-2.7747,5358394,-9854446,4496052,
603385,惠达卫浴,5.6,3.1308,-4502324,-18.3994,-2228785,-2273539,4502324,
000603,盛达资源,34.18,-1.6686,-4514099,-0.4478,3186638,-7700737,4514099,
002573,清新环境,3.17,1.6026,-4520885,-13.0624,48254,-4569139,4520885,
000757,浩物股份,4.29,2.6316,-4531156,-9.5715,646011,-5177167,4531156,
603355,莱克电气,30.79,4.4791,-4536195,-2.8123,1062680,-5598875,4536195,
301062,上海艾录,7.1,0.8523,-4537712,-9.0231,0,-4537712,4537712,
601200,上海环境,6.86,0.4392,-4537833,-11.582,0,-4537833,4537833,
002921,联诚精密,20.72,1.4691,-4539569,-5.9637,2225956,-6765525,4539569,
002136,安纳达,12.02,1.3491,-4558747,-7.5891,2167432,-6726179,4558747,
600133,东湖高新,8.07,-0.1238,-4575362,-7.1168,-2956667,-1618695,4575362,
002242,九阳股份,9.5,0.7423,-4584150,-3.3911,-8350719,3766569,4584150,
001391,国货航,4.02,0.0,-4587650,-5.8278,1389848,-5977498,4587650,
300525,博思软件,7.84,1.5544,-4589623,-5.6377,-5156722,567099,4589623,
300176,鸿特科技,4.43,1.8391,-4590484,-8.5643,-2625000,-1965484,4590484,
600251,冠农股份,10.4,1.7613,-4596578,-2.9302,-4883036,286458,4596578,
603139,康惠股份,38.3,0.9755,-4609745,-2.1003,16323433,-20933178,4609745,
688314,康拓医疗,31.31,3.6412,-4626306,-8.6781,394039,-5020345,4626306,
300107,建新股份,6.68,1.6743,-4640700,-10.1414,-1600054,-3040646,4640700,
605136,丽人丽妆,8.59,1.4168,-4642943,-9.1523,-3980942,-662001,4642943,
002262,恩华药业,21.85,1.6752,-4652296,-2.3941,-1781108,-2871188,4652296,
300901,中胤时尚,19.02,6.734,-4653116,-2.9816,-4879550,226434,4653116,
601827,三峰环境,7.83,-0.7605,-4672852,-8.5396,-1847345,-2825507,4672852,
600501,航天晨光,15.05,0.7363,-4673854,-6.5616,-95966,-4577888,4673854,
605116,奥锐特,20.18,2.1255,-4674263,-8.335,0,-4674263,4674263,
300068,ST南都,4.37,0.6912,-4676874,-2.8939,-5301951,625077,4676874,
002820,桂发祥,9.99,3.2025,-4690516,-8.0704,0,-4690516,4690516,
300681,英搏尔,20.86,-0.1436,-4692455,-3.6911,-5344772,652317,4692455,
603916,苏博特,10.97,1.2927,-4699777,-7.7299,-722429,-3977348,4699777,
600740,山西焦化,3.84,2.1277,-4700649,-4.6125,-4673654,-26995,4700649,
600539,狮头股份,13.48,1.2772,-4705922,-5.2034,-1394742,-3311180,4705922,
002247,聚力文化,2.48,4.2017,-4706055,-9.7052,0,-4706055,4706055,
002729,好利科技,14.04,0.7174,-4707026,-10.3315,-2131599,-2575427,4707026,
603863,松炀资源,12.6,2.107,-4713507,-11.1299,-455870,-4257637,4713507,
300303,聚飞光电,6.97,0.7225,-4718599,-2.2714,-2009506,-2709093,4718599,
603197,保隆科技,29.35,1.3117,-4738175,-6.6952,-1610296,-3127879,4738175,
688418,震有科技,32.19,-1.8298,-4743492,-5.6416,-2553554,-2189938,4743492,
600735,ST新华锦,6.64,-0.7474,-4758664,-14.5258,-434850,-4323814,4758664,
603871,嘉友国际,12.28,-0.0814,-4764918,-5.4731,-1207610,-3557308,4764918,
688323,瑞华泰,26.9,1.1278,-4769667,-2.3676,-2147786,-2621881,4769667,
600982,宁波能源,5.16,-0.7692,-4772565,-4.4813,-444084,-4328481,4772565,
002333,罗普斯金,5.39,1.8904,-4791561,-11.3868,764359,-5555920,4791561,
000530,冰山冷热,5.35,2.8846,-4798736,-4.9431,1327083,-6125819,4798736,
300561,汇金科技,15.96,1.5267,-4810366,-2.0624,-2165625,-2644741,4810366,
002565,顺灏股份,9.19,4.195,-4814588,-0.5041,14955336,-19769924,4814588,
002161,远望谷,7.16,-1.2414,-4820446,-0.7546,-50666448,45846002,4820446,
300092,科新机电,11.38,0.3527,-4820609,-16.8553,0,-4820609,4820609,
600113,浙江东日,30.29,0.2648,-4821817,-3.9002,-2370391,-2451426,4821817,
301095,广立微,77.59,-1.473,-4825679,-1.2622,-8080807,3255128,4825679,
002543,万和电气,7.27,1.6783,-4828404,-6.884,-2984800,-1843604,4828404,
603199,九华旅游,33.36,1.7383,-4832298,-9.5087,3315,-4835613,4832298,
000783,长江证券,8.51,0.7101,-4862432,-0.8935,12110298,-16972730,4862432,
000821,ST京机,7.52,0.2667,-4872223,-12.3441,-4653081,-219142,4872223,
000953,中哲精化,6.1,3.7415,-4875339,-9.463,-1694137,-3181202,4875339,
002753,永东股份,6.87,2.2321,-4875455,-7.9782,-1434429,-3441026,4875455,
600617,国新能源,3.36,2.7523,-4883925,-5.1682,618286,-5502211,4883925,
603209,兴通股份,14.8,1.4393,-4886826,-9.3833,-2206704,-2680122,4886826,
688523,航天环宇,41.1,-1.3679,-4891269,-4.9982,-1511366,-3379903,4891269,
300967,晓鸣股份,16.79,0.7199,-4892712,-6.8999,-3239758,-1652954,4892712,
688216,气派科技,41.12,6.0067,-4901083,-1.1561,3714998,-8616081,4901083,
002039,黔源电力,19.35,0.2071,-4901602,-5.859,-2988720,-1912882,4901602,
688208,道通科技,25.21,1.3264,-4916749,-2.7514,3242510,-8159259,4916749,
301107,瑜欣电子,24.26,2.4926,-4923174,-5.6034,1084901,-6008075,4923174,
300964,本川智能,75.16,3.1709,-4929820,-0.878,-5484245,554425,4929820,
001298,好上好,17.11,-0.0584,-4931647,-5.6175,0,-4931647,4931647,
300341,麦克奥迪,13.24,2.0031,-4945744,-6.4239,-3537569,-1408175,4945744,
600483,福能股份,10.86,-1.3624,-4955882,-4.8279,-227135,-4728747,4955882,
600586,金晶科技,4.09,0.7389,-4959860,-9.0508,5991048,-10950908,4959860,
300052,中青宝,10.45,1.8519,-4969576,-5.2483,0,-4969576,4969576,
300982,苏文电能,14.35,1.2703,-4972857,-16.0986,-34368,-4938489,4972857,
600216,浙江医药,12.82,2.1514,-4973249,-2.2827,-9039955,4066706,4973249,
600794,保税科技,3.24,0.9346,-4982922,-14.1601,-5101497,118575,4982922,
300695,兆丰股份,53.24,-0.9673,-4993886,-7.4938,-1392545,-3601341,4993886,
600995,南网储能,12.24,-0.6494,-4995410,-6.0683,-2223598,-2771812,4995410,
002583,海能达,8.29,0.3632,-5000960,-4.5299,877578,-5878538,5000960,
002985,北摩高科,27.81,1.4593,-5004321,-4.3059,82705,-5087026,5004321,
301172,君逸数码,18.71,0.6455,-5011146,-6.4311,-375118,-4636028,5011146,
600350,山东高速,9.94,-0.6,-5030053,-3.4185,-7640821,2610768,5030053,
300589,江龙船艇,14.48,4.6999,-5032449,-1.495,-4284806,-747643,5032449,
300342,天银机电,32.44,0.8393,-5032899,-1.5091,502532,-5535431,5032899,
301327,华宝新能,41.27,1.9012,-5040197,-10.3304,0,-5040197,5040197,
300296,利亚德,4.94,1.0225,-5067167,-3.504,3421355,-8488522,5067167,
603284,林平发展,41.22,0.1214,-5071343,-10.8131,-289151,-4782192,5071343,
002229,鸿博股份,11.11,1.0,-5075840,-2.0684,1472650,-6548490,5075840,
301029,怡合达,24.79,0.6905,-5094583,-4.2,-1211984,-3882599,5094583,
002798,帝欧水华,6.62,-0.3012,-5105153,-10.0753,-1206480,-3898673,5105153,
300507,苏奥传感,6.53,0.6163,-5106476,-11.4856,-599106,-4507370,5106476,
000430,张家界,7.08,0.7112,-5112190,-4.9427,-3814405,-1297785,5112190,
000155,川能动力,11.91,0.9322,-5114351,-2.6516,6374197,-11488548,5114351,
301551,无线传媒,22.87,-1.6344,-5120568,-1.5034,-7463377,2342809,5120568,
301319,唯特偶,99.88,0.7973,-5125159,-0.544,11158329,-16283488,5125159,
300147,*ST香雪,6.54,0.1531,-5136701,-9.3191,393143,-5529844,5136701,
603528,多伦科技,6.5,1.5625,-5153921,-7.2063,-397518,-4756403,5153921,
600012,皖通高速,15.49,-3.0056,-5156880,-4.0814,-529837,-4627043,5156880,
002970,锐明技术,43.73,0.4825,-5163689,-3.6323,823272,-5986961,5163689,
603279,景津装备,11.22,0.7181,-5202512,-9.1933,-2514092,-2688420,5202512,
600979,广安爱众,4.01,-0.4963,-5206601,-5.1423,-5471748,265147,5206601,
300463,迈克生物,9.37,3.1938,-5214271,-7.2642,-1551222,-3663049,5214271,
605218,伟时电子,14.49,2.1862,-5218946,-9.9942,0,-5218946,5218946,
603205,健尔康,21.75,-1.1364,-5229143,-11.7351,-276517,-4952626,5229143,
600261,阳光照明,3.47,-1.1396,-5234512,-2.1427,21522,-5256034,5234512,
603817,海峡环保,5.78,0.6969,-5237446,-11.5134,-1063087,-4174359,5237446,
600665,天地源,3.51,3.5398,-5240072,-10.8311,0,-5240072,5240072,
000785,居然智家,2.31,3.5874,-5265988,-2.8907,-5530689,264701,5265988,
300055,万邦达,6.04,2.3729,-5266856,-5.6457,358182,-5625038,5266856,
003029,吉大正元,17.95,1.2408,-5270946,-6.2363,0,-5270946,5270946,
603566,普莱柯,10.29,1.6798,-5285296,-18.2693,0,-5285296,5285296,
688515,裕太微-U,152.24,-0.6396,-5290665,-1.6207,-1907079,-3383586,5290665,
603701,德宏股份,19.93,0.0502,-5313564,-12.0735,-3469847,-1843717,5313564,
300651,金陵体育,16.32,2.5126,-5334228,-6.3112,-2108209,-3226019,5334228,
002950,奥美医疗,8.61,2.1352,-5336486,-7.1708,-3505152,-1831334,5336486,
300387,富邦科技,7.45,2.0548,-5346728,-10.8762,-2241000,-3105728,5346728,
002397,梦洁股份,3.73,0.8108,-5348259,-10.137,-3958717,-1389542,5348259,
600236,XD桂冠电,9.6,-0.2079,-5352557,-9.7302,-2130129,-3222428,5352557,
600841,动力新科,5.89,0.6838,-5356510,-6.7032,-1837326,-3519184,5356510,
300834,星辉环材,40.31,0.9264,-5360783,-9.3005,-2957100,-2403683,5360783,
688280,精进电动-W,4.99,-0.3992,-5362845,-13.2645,0,-5362845,5362845,
300804,广康生化,46.17,1.5842,-5365877,-8.6588,-685763,-4680114,5365877,
000151,中成股份,10.15,0.0986,-5367791,-7.9031,-2113277,-3254514,5367791,
300020,ST银江,3.97,-0.9975,-5373050,-15.3735,-1015854,-4357196,5373050,
002998,优彩资源,7.98,2.1767,-5378825,-6.2277,-1168973,-4209852,5378825,
603291,联合水务,8.87,-1.0045,-5382767,-10.2256,-565453,-4817314,5382767,
300942,易瑞生物,6.69,4.2056,-5385006,-9.0871,0,-5385006,5385006,
301531,春光集团,54.45,-0.7654,-5407061,-2.174,-9477435,4070374,5407061,
300680,隆盛科技,21.02,2.2374,-5411477,-3.7103,-1754231,-3657246,5411477,
300327,中颖电子,25.5,0.3147,-5412706,-2.6818,4032511,-9445217,5412706,
000723,美锦能源,3.62,0.8357,-5415873,-2.8736,563600,-5979473,5415873,
688029,南微医学,84.83,5.0136,-5418984,-1.3267,1066949,-6485933,5418984,
603188,亚邦股份,4.6,2.9083,-5422655,-10.1681,1029564,-6452219,5422655,
600230,沧州大化,13.75,0.9545,-5434115,-6.1807,-1529001,-3905114,5434115,
002339,积成电子,7.99,-0.6219,-5447649,-1.5545,-4532949,-914700,5447649,
688665,四方光电,42.99,-3.2193,-5456377,-11.8078,-3284368,-2172009,5456377,
000610,*ST西旅,8.42,2.4331,-5456806,-7.6276,-1736026,-3720780,5456806,
688513,苑东生物,49.98,2.9666,-5461767,-3.2501,-2436711,-3025056,5461767,
301287,康力源,41.04,0.416,-5472404,-21.6815,-282669,-5189735,5472404,
002258,利尔化学,14.96,1.838,-5474468,-1.6103,-7577083,2102615,5474468,
600847,万里股份,13.75,-1.2213,-5497892,-2.3018,-5430412,-67480,5497892,
603276,恒兴新材,18.11,0.8914,-5505059,-5.7966,872423,-6377482,5505059,
300644,南京聚隆,20.38,5.323,-5512946,-5.751,0,-5512946,5512946,
300484,蓝海华腾,12.8,1.5873,-5518059,-13.0235,-2309766,-3208293,5518059,
603985,恒润股份,16.94,-0.3529,-5521250,-5.2354,738897,-6260147,5521250,
301096,百诚医药,52.95,0.5125,-5538416,-2.8351,-8088782,2550366,5538416,
001230,劲旅环境,19.25,2.6119,-5547386,-7.4732,245008,-5792394,5547386,
002237,恒邦股份,13.74,-1.0086,-5549128,-2.7391,-6632308,1083180,5549128,
002004,华邦健康,4.54,3.653,-5553597,-3.3333,396779,-5950376,5553597,
601555,东吴证券,8.31,0.1205,-5553776,-2.4596,-6391229,837453,5553776,
002574,明牌珠宝,5.13,1.9881,-5554189,-12.431,-11129998,5575809,5554189,
002856,*ST美芝,23.69,2.1121,-5559522,-3.1646,-9526822,3967300,5559522,
688687,凯因科技,18.22,5.8072,-5560796,-6.1344,-4682751,-878045,5560796,
603615,茶花股份,19.15,-4.25,-5568265,-2.9535,-303617,-5264648,5568265,
600963,岳阳林纸,3.44,1.4749,-5580027,-5.5319,-14796631,9216604,5580027,
002743,ST富煌,5.17,-1.3359,-5614914,-7.2479,171788,-5786702,5614914,
301015,百洋医药,26.16,2.3875,-5621595,-1.6328,-16375462,10753867,5621595,
301386,未来电器,21.31,8.4478,-5630487,-5.5897,-4932411,-698076,5630487,
603607,京华激光,23.94,-1.4815,-5633612,-3.0344,-4354125,-1279487,5633612,
603918,金桥信息,10.76,0.3731,-5649918,-3.3301,-1556648,-4093270,5649918,
300878,维康药业,31.95,-1.1448,-5660127,-5.3382,477433,-6137560,5660127,
600676,久事动娱,6.85,1.632,-5662527,-7.1578,-4737780,-924747,5662527,
600658,电子城,4.18,2.7027,-5676054,-9.8594,-1339620,-4336434,5676054,
300727,润禾材料,35.57,0.6793,-5678377,-4.1017,1517598,-7195975,5678377,
300611,美力科技,27.83,3.1887,-5690603,-3.9661,-2944352,-2746251,5690603,
002687,乔治白,6.65,4.5597,-5694881,-4.9741,4016849,-9711730,5694881,
000965,天保基建,3.41,4.2813,-5697920,-4.6029,2405414,-8103334,5697920,
301152,天力锂能,21.58,2.1297,-5708079,-6.537,1001606,-6709685,5708079,
000695,滨海能源,13.08,0.1531,-5712878,-13.2703,0,-5712878,5712878,
300294,博雅生物,14.81,2.8472,-5713904,-6.2598,1868783,-7582687,5713904,
000615,*ST美谷,3.24,0.3096,-5722951,-28.0537,358350,-6081301,5722951,
000715,中兴商业,5.45,1.1132,-5732440,-14.676,-1021002,-4711438,5732440,
001278,一彬科技,16.52,2.291,-5735485,-11.6103,0,-5735485,5735485,
300012,华测检测,14.67,0.9635,-5755857,-2.3768,-4417277,-1338580,5755857,
603668,天马科技,12.65,-2.4672,-5766495,-3.2869,-10846818,5080323,5766495,
688033,*ST天宜,7.28,-0.5464,-5773017,-23.2595,0,-5773017,5773017,
601015,陕西黑猫,3.64,0.5525,-5776464,-2.6577,2227561,-8004025,5776464,
300206,理邦仪器,11.8,3.3275,-5785449,-6.535,-5740703,-44746,5785449,
600055,万东医疗,10.52,3.0362,-5808732,-8.653,-3964139,-1844593,5808732,
600697,欧亚集团,11.79,3.5119,-5811036,-5.2356,1252029,-7063065,5811036,
002322,理工能科,12.15,4.1131,-5832223,-5.8463,-10444771,4612548,5832223,
600198,大唐电信,7.68,1.3193,-5842173,-4.7004,138192,-5980365,5842173,
688175,高凌信息,21.98,1.104,-5850909,-2.6202,1830705,-7681614,5850909,
300692,中赋科技,9.67,6.2637,-5853724,-1.7351,-2321965,-3531759,5853724,
600897,厦门空港,15.32,1.3228,-5867072,-13.1225,-4092100,-1774972,5867072,
600590,泰豪科技,8.84,1.6092,-5873466,-2.5318,-11318327,5444861,5873466,
002090,金智科技,9.2,0.3272,-5885184,-9.8185,-798131,-5087053,5885184,
603255,鼎际得,33.61,2.3447,-5892029,-5.885,-1201858,-4690171,5892029,
002459,晶澳科技,6.95,1.6082,-5916233,-2.6986,12953781,-18870014,5916233,
688799,华纳药厂,59.45,5.9715,-5918082,-1.5937,-2911411,-3006671,5918082,
301117,ST佳缘,13.72,1.705,-5920019,-9.1926,815603,-6735622,5920019,
002493,荣盛石化,13.11,2.0233,-5930517,-0.9618,-19599680,13669163,5930517,
002036,联创电子,6.33,0.1582,-5931561,-3.7226,-3283885,-2647676,5931561,
300772,运达股份,9.47,1.0672,-5931843,-4.3713,-12919,-5918924,5931843,
688218,江苏北人,40.22,-2.4497,-5937901,-3.1902,-4708444,-1229457,5937901,
600379,宝光股份,14.91,3.3264,-5939544,-2.7716,-11460609,5521065,5939544,
000534,万泽股份,23.98,0.4608,-5949029,-2.0198,-6506019,556990,5949029,
300709,精研科技,39.04,1.4553,-5950046,-2.3072,-2821886,-3128160,5950046,
002826,易明医药,17.45,2.4662,-5954126,-11.6656,0,-5954126,5954126,
002838,道恩股份,25.51,1.0697,-5979836,-4.4649,2112297,-8092133,5979836,
603977,国泰集团,11.52,1.4978,-5981240,-9.0873,-1247032,-4734208,5981240,
300053,航宇微,12.47,0.89,-5992168,-2.7503,-1091157,-4901011,5992168,
301439,泓淋电力,14.54,1.1127,-6022008,-8.8702,873762,-6895770,6022008,
688538,和辉光电-U,2.1,1.9417,-6032975,-5.2557,0,-6032975,6032975,
600582,天地科技,4.88,-0.2045,-6039590,-6.5236,-669820,-5369770,6039590,
603698,航天工程,21.98,0.1367,-6042226,-3.3671,-6954593,912367,6042226,
688065,凯赛生物,38.61,1.632,-6049034,-3.6207,-7868404,1819370,6049034,
300966,共同药业,25.88,7.7884,-6051389,-5.1523,-1363635,-4687754,6051389,
688129,东来技术,22.84,5.2535,-6061740,-17.8444,0,-6061740,6061740,
002629,仁智股份,4.35,2.3529,-6069832,-8.4762,-3448127,-2621705,6069832,
301070,开勒股份,68.5,2.3457,-6070770,-3.5843,-10246954,4176184,6070770,
600382,广东明珠,6.25,0.6441,-6089714,-5.2403,-4302582,-1787132,6089714,
000030,富奥股份,3.96,0.2532,-6104163,-15.773,-5636813,-467350,6104163,
002595,豪迈科技,39.79,0.6068,-6108722,-3.7504,-2066114,-4042608,6108722,
603110,东方材料,25.16,0.1194,-6112386,-2.8026,7559880,-13672266,6112386,
002154,报喜鸟,3.89,0.5168,-6118167,-6.3744,-3850191,-2267976,6118167,
300622,博士眼镜,15.5,2.2427,-6126167,-4.8613,2170000,-8296167,6126167,
301330,熵基科技,25.95,0.855,-6149549,-8.9631,-1801989,-4347560,6149549,
002072,凯瑞德,7.24,1.9718,-6151765,-8.7832,-3659831,-2491934,6151765,
603366,日出东方,7.49,4.902,-6168512,-2.3389,-1291472,-4877040,6168512,
301365,矩阵股份,37.85,0.4778,-6169545,-9.8023,914993,-7084538,6169545,
002394,联发股份,10.32,-1.3384,-6170016,-13.5218,-2091800,-4078216,6170016,
002952,亚世光电,19.47,2.6899,-6187241,-7.4897,0,-6187241,6187241,
688426,康为世纪,21.28,0.0,-6187925,-16.1988,-1130779,-5057146,6187925,
002960,青鸟智控,8.93,2.6437,-6190669,-5.2397,6389236,-12579905,6190669,
301448,开创电气,50.24,4.0166,-6195692,-4.9837,6122193,-12317885,6195692,
603123,翠微股份,10.0,3.6269,-6232315,-1.2635,-2068878,-4163437,6232315,
600727,鲁北化工,7.62,1.7356,-6234289,-9.3244,280572,-6514861,6234289,
600603,广汇物流,4.89,0.2049,-6247629,-16.0072,0,-6247629,6247629,
000157,中联重科,6.2,0.0,-6296566,-3.3419,522106,-6818672,6296566,
688238,和元生物,7.39,5.8739,-6298501,-2.6388,0,-6298501,6298501,
002357,富临运业,12.09,1.8534,-6303712,-6.097,1255481,-7559193,6303712,
300992,泰福泵业,29.24,-5.2188,-6319530,-2.0567,-5229662,-1089868,6319530,
000922,佳电股份,12.18,0.1645,-6343445,-7.3309,-2796009,-3547436,6343445,
300427,红相股份,7.01,1.0086,-6351789,-3.0338,2429132,-8780921,6351789,
688311,盟升电子,24.03,2.2553,-6352039,-7.4563,-3819469,-2532570,6352039,
002686,亿利达,6.27,0.8039,-6354671,-14.2386,-589692,-5764979,6354671,
001300,三柏硕,12.49,5.0463,-6359392,-8.5984,-3284366,-3075026,6359392,
000762,西藏矿业,22.17,1.4181,-6371208,-3.2919,-748832,-5622376,6371208,
300880,迦南智能,19.85,-2.6484,-6376215,-8.6622,-1198558,-5177657,6376215,
603261,立航科技,53.58,1.3429,-6400568,-4.5728,941436,-7342004,6400568,
002085,万丰奥威,9.64,0.6263,-6402555,-2.382,-13776692,7374137,6402555,
300667,必创科技,15.15,1.8145,-6410610,-8.0586,0,-6410610,6410610,
002596,海南瑞泽,3.44,1.7751,-6420354,-8.5765,-1020300,-5400054,6420354,
300991,创益通,31.4,-0.0318,-6420964,-3.5265,-2911577,-3509387,6420964,
600536,中国软件,31.94,0.8844,-6425254,-1.9406,-10105954,3680700,6425254,
301129,瑞纳智能,24.21,3.3291,-6433659,-8.7,-2122578,-4311081,6433659,
300716,*ST泉为,18.45,0.1629,-6434426,-34.7056,80626,-6515052,6434426,
002186,全聚德,9.63,3.6598,-6437328,-11.921,0,-6437328,6437328,
002598,ST章鼓,7.14,1.4205,-6449042,-17.8792,422427,-6871469,6449042,
300301,ST长方,3.47,0.0,-6454584,-24.7397,-1812977,-4641607,6454584,
002829,星网宇达,20.52,1.3834,-6455835,-6.3736,-3127086,-3328749,6455835,
000788,北大医药,5.54,4.5283,-6494911,-5.1441,-7645152,1150241,6494911,
002723,小崧股份,7.69,0.3916,-6507361,-8.6167,-3845951,-2661410,6507361,
002183,怡亚通,4.37,1.6279,-6515579,-3.2949,-8872131,2356552,6515579,
000692,惠天热电,4.25,0.7109,-6516089,-15.8158,-2894977,-3621112,6516089,
002559,亚威股份,9.25,0.0,-6517513,-4.1643,-2418398,-4099115,6517513,
603137,恒尚节能,19.81,1.0199,-6521313,-3.1383,-2183002,-4338311,6521313,
002761,浙江建投,7.42,2.3448,-6540554,-7.665,847532,-7388086,6540554,
300513,恒实科技,7.27,2.3944,-6548122,-15.1018,-1485392,-5062730,6548122,
002786,银宝山新,7.81,-1.0139,-6552866,-7.0431,0,-6552866,6552866,
300537,广信材料,21.63,-0.4144,-6556905,-2.8135,3313396,-9870301,6556905,
600622,光大嘉宝,2.49,3.75,-6558032,-6.8923,-536066,-6021966,6558032,
603565,中谷物流,12.11,2.8014,-6568546,-2.6997,616238,-7184784,6568546,
301225,恒勃股份,62.21,4.0823,-6569979,-2.3834,-7923389,1353410,6569979,
603038,华立股份,17.51,0.9222,-6575599,-5.7706,-3354256,-3221343,6575599,
001400,江顺科技,76.18,1.0211,-6577164,-6.0956,-3838834,-2738330,6577164,
002656,摩登大道,2.81,0.7168,-6578381,-20.4998,-1769496,-4808885,6578381,
605580,恒盛能源,23.09,1.7181,-6585374,-1.537,-3443134,-3142240,6585374,
000758,中色股份,5.99,0.1672,-6585565,-6.2583,-6508144,-77421,6585565,
688291,金橙子,40.53,3.3929,-6592813,-5.7862,-2029713,-4563100,6592813,
600021,上海电力,13.43,0.2987,-6597776,-3.1141,-6810029,212253,6597776,
688679,通源环境,40.56,-4.7216,-6601766,-3.7854,-10450383,3848617,6601766,
603728,鸣志电器,50.78,1.4585,-6630973,-1.9567,5373731,-12004704,6630973,
603191,望变电气,13.7,0.8837,-6634778,-6.6581,-2211983,-4422795,6634778,
002360,ST同德,5.51,3.3771,-6638091,-8.44,-3618347,-3019744,6638091,
301005,超捷股份,63.16,-0.6606,-6641635,-2.2646,-1767173,-4874462,6641635,
300869,康泰医学,11.05,3.271,-6649696,-13.3047,-1533447,-5116249,6649696,
300376,易事特,4.24,0.2364,-6681023,-11.4834,0,-6681023,6681023,
300529,健帆生物,15.17,1.066,-6690983,-9.785,-3551902,-3139081,6690983,
002762,金发拉比,10.44,2.554,-6700270,-8.03,-4683388,-2016882,6700270,
301023,奕帆传动,28.39,-0.5604,-6717319,-19.8327,-4682617,-2034702,6717319,
688663,新风光,57.48,2.2776,-6725203,-4.6664,-2545970,-4179233,6725203,
000555,神州信息,10.52,1.1538,-6734102,-5.9901,-3653058,-3081044,6734102,
601298,青岛港,9.79,1.4508,-6739402,-5.5933,0,-6739402,6739402,
002811,郑中设计,16.65,8.3279,-6743299,-2.5469,7028643,-13771942,6743299,
603163,圣晖集成,83.6,-0.9126,-6747497,-2.9119,3408753,-10156250,6747497,
688189,ST南新,6.67,2.9321,-6747689,-18.0758,0,-6747689,6747689,
300598,诚迈科技,31.11,2.3019,-6779841,-3.6569,1147992,-7927833,6779841,
688699,明微电子,68.99,0.6419,-6798057,-2.1866,5327085,-12125142,6798057,
002204,大连重工,5.56,-0.1795,-6808421,-2.9461,-579404,-6229017,6808421,
300938,信测标准,32.09,-1.2615,-6828501,-1.2658,-7349624,521123,6828501,
300085,银之杰,32.01,1.9102,-6855206,-0.5234,-34613862,27758656,6855206,
000761,本钢板材,2.33,2.6432,-6871832,-13.9247,-182490,-6689342,6871832,
688408,中信博,22.86,1.1057,-6880002,-11.1906,-318886,-6561116,6880002,
603049,中策橡胶,45.21,0.2217,-6900570,-8.32,-4059168,-2841402,6900570,
300254,仟源医药,9.04,4.2676,-6900799,-7.7616,1349761,-8250560,6900799,
603912,佳力图,8.8,1.1494,-6902336,-5.9667,-2397111,-4505225,6902336,
300792,壹网壹创,24.4,0.8681,-6914798,-4.7023,-9304468,2389670,6914798,
600831,广电网络,3.37,4.0123,-6929204,-12.1352,-783504,-6145700,6929204,
002001,新和成,26.76,1.6717,-6936528,-1.2159,-6685255,-251273,6936528,
301261,恒工精密,56.13,-0.6549,-6940577,-6.6608,-1021512,-5919065,6940577,
300560,中富通,18.02,0.0,-6948457,-4.0167,-9023808,2075351,6948457,
300212,*ST易录,7.89,-0.1266,-6951856,-12.1303,-5821912,-1129944,6951856,
688575,亚辉龙,10.24,5.1335,-6957849,-4.4357,-3093620,-3864229,6957849,
300831,ST派瑞,14.39,-0.7586,-6971842,-14.7928,-3462250,-3509592,6971842,
603196,璞源材料,19.14,-0.9829,-6978415,-23.1841,134323,-7112738,6978415,
603305,旭升集团,11.42,2.6978,-6988334,-2.7455,9105585,-16093919,6988334,
603344,星德胜,24.09,0.7107,-6990677,-12.7474,-2999316,-3991361,6990677,
300386,飞天诚信,11.35,2.6221,-6991843,-8.73,-1091031,-5900812,6991843,
688188,柏楚电子,95.67,0.3146,-6997888,-4.0735,-3312695,-3685193,6997888,
300863,卡倍亿,43.56,-1.0899,-7000186,-1.9772,-2260583,-4739603,7000186,
300471,厚普股份,10.05,1.1066,-7000637,-14.0041,0,-7000637,7000637,
603260,合盛硅业,32.72,0.3681,-7040378,-3.3535,-9014263,1973885,7040378,
688696,极米科技,84.78,1.1212,-7074273,-10.6717,-3396651,-3677622,7074273,
300210,森远股份,7.36,-0.8086,-7084339,-16.7836,-2202245,-4882094,7084339,
002307,北新路桥,3.05,2.0067,-7097081,-9.4401,-6676895,-420186,7097081,
600088,中视传媒,14.81,-6.0279,-7103684,-1.1571,16165702,-23269386,7103684,
002637,赞宇科技,11.32,0.3546,-7107087,-5.6576,-5513002,-1594085,7107087,
002100,天康生物,7.93,4.3421,-7134872,-3.7457,-27960,-7106912,7134872,
001257,盛龙股份,23.44,0.2566,-7172500,-4.6836,-2108227,-5064273,7172500,
301075,多瑞医药,68.53,5.3174,-7179529,-5.1455,-1891401,-5288128,7179529,
600027,华电国际,4.79,-0.4158,-7201945,-2.984,-17342431,10140486,7201945,
603661,恒林股份,33.13,1.5635,-7206601,-6.8212,-10217234,3010633,7206601,
301387,光大同创,57.78,0.8377,-7217200,-7.357,-1169004,-6048196,7217200,
603418,友升股份,45.34,-0.9178,-7220136,-9.9341,2268873,-9489009,7220136,
002121,科陆电子,4.59,-4.375,-7237024,-2.638,-1014899,-6222125,7237024,
601066,中信建投,23.79,0.7197,-7244613,-2.6756,-14274776,7030163,7244613,
603085,天成自控,9.8,-1.0101,-7247811,-14.2927,-32604,-7215207,7247811,
688295,中复神鹰,38.11,-1.5754,-7253884,-3.6701,-13278471,6024587,7253884,
300175,朗源股份,5.54,0.3623,-7254817,-22.4122,-2781156,-4473661,7254817,
300381,溢多利,5.75,3.7906,-7258674,-10.0189,-2223754,-5034920,7258674,
603373,安邦护卫,43.3,6.1795,-7260149,-5.752,-600132,-6660017,7260149,
600638,新黄浦,5.14,3.006,-7262545,-5.0564,-4996612,-2265933,7262545,
600855,航天长峰,13.42,1.0542,-7279100,-6.4405,-3679049,-3600051,7279100,
300877,金春股份,28.37,2.604,-7311555,-9.623,-751422,-6560133,7311555,
300718,长盛轴承,53.5,0.0935,-7315421,-3.5638,1228277,-8543698,7315421,
603693,江苏新能,12.48,0.3215,-7341549,-4.8078,-6674112,-667437,7341549,
002611,东方精工,14.04,0.5011,-7352571,-4.0762,-3320537,-4032034,7352571,
300520,科大国创,22.86,0.6162,-7431538,-6.1997,911387,-8342925,7431538,
002314,南山控股,2.32,3.5714,-7436258,-9.0532,2724460,-10160718,7436258,
603959,ST百利,4.39,-1.5695,-7466299,-31.8528,-2325587,-5140712,7466299,
688584,上海合晶,28.32,0.0707,-7473950,-2.5448,-4700123,-2773827,7473950,
300927,江天化学,28.07,4.1945,-7479190,-2.7578,152872,-7632062,7479190,
600853,龙建股份,3.32,1.8405,-7486227,-25.5154,-3724605,-3761622,7486227,
603032,德新科技,18.67,-0.8497,-7517471,-10.6797,0,-7517471,7517471,
600116,三峡水利,6.15,-0.4854,-7523812,-10.1824,-2563739,-4960073,7523812,
000716,黑芝麻,5.18,2.1696,-7526602,-5.2352,-4393975,-3132627,7526602,
300467,迅游科技,33.95,2.259,-7528842,-5.8659,-7900239,371397,7528842,
000546,金圆股份,4.51,0.4454,-7538522,-13.3662,-8886033,1347511,7538522,
300102,乾照光电,17.19,-0.6932,-7552548,-2.5945,-393385,-7159163,7552548,
688123,聚辰股份,156.0,6.8493,-7586277,-0.4365,-13836405,6250128,7586277,
002038,双鹭药业,5.92,5.3381,-7596506,-3.3319,7396370,-14992876,7596506,
001205,盛航股份,14.56,0.6916,-7617744,-12.084,-1231966,-6385778,7617744,
002452,长高电气,12.3,1.569,-7623251,-5.1732,-538856,-7084395,7623251,
300486,东杰智能,18.08,-0.0553,-7627795,-8.9749,-7356541,-271254,7627795,
002040,南京港,9.57,3.125,-7628032,-3.165,2340664,-9968696,7628032,
002548,金新农,4.14,3.2419,-7631344,-6.7576,2148263,-9779607,7631344,
601399,国机重装,3.22,0.625,-7641711,-4.4313,-12435076,4793365,7641711,
000595,新能股份,5.32,0.9488,-7650937,-11.6826,-3290816,-4360121,7650937,
600550,保变电气,10.91,0.2757,-7653088,-5.2126,1368945,-9022033,7653088,
601599,浙文影业,3.27,1.2384,-7670098,-13.1857,-1042548,-6627550,7670098,
300866,安克创新,128.15,0.9135,-7671128,-2.0765,-16191009,8519881,7671128,
688117,圣诺生物,24.56,2.1206,-7673032,-4.3199,-9590572,1917540,7673032,
001283,豪鹏科技,47.0,-0.8439,-7675899,-6.7856,-9118069,1442170,7675899,
300787,海能实业,11.61,9.1165,-7714538,-3.8038,-729097,-6985441,7714538,
603090,宏盛股份,40.08,1.3401,-7718315,-3.2438,-5220079,-2498236,7718315,
002655,共达电声,40.1,-1.956,-7749281,-0.716,11309577,-19058858,7749281,
301580,爱迪特,57.2,0.3509,-7751226,-2.4292,-6120271,-1630955,7751226,
600596,新安股份,12.03,0.3336,-7758539,-1.3011,-8991282,1232743,7758539,
300745,欣锐科技,27.81,-1.1024,-7761773,-6.7155,99972,-7861745,7761773,
300292,吴通控股,4.65,0.432,-7797370,-3.309,-11917004,4119634,7797370,
002112,三变科技,14.68,0.0682,-7802489,-7.648,-2203811,-5598678,7802489,
002106,莱宝高科,12.45,-0.5591,-7805782,-1.6307,1676851,-9482633,7805782,
605123,XD派克新,82.12,2.241,-7814628,-4.4454,-4904028,-2910600,7814628,
002582,好想你,9.8,0.616,-7831653,-6.3296,-8601728,770075,7831653,
300946,恒而达,36.79,1.0159,-7847369,-13.8304,-1387250,-6460119,7847369,
600844,金煤科技,3.4,0.5917,-7858543,-7.2663,-6038398,-1820145,7858543,
300873,海晨股份,17.13,3.3172,-7867054,-1.7885,-7178201,-688853,7867054,
002496,辉丰股份,2.16,0.9346,-7878705,-16.1913,-614285,-7264420,7878705,
300013,新宁物流,4.41,2.0833,-7900343,-9.2912,-3995934,-3904409,7900343,
300293,蓝英装备,14.73,-1.5374,-7903026,-12.9622,-1189230,-6713796,7903026,
301316,慧博云通,39.77,2.1577,-7913917,-1.8849,6606775,-14520692,7913917,
600340,*ST华幸,1.12,0.9009,-7922693,-7.4962,-5457309,-2465384,7922693,
300997,欢乐家,16.17,4.9319,-7942226,-4.1909,5587924,-13530150,7942226,
301025,读客文化,10.27,-0.0973,-7956688,-5.5067,-3270341,-4686347,7956688,
600252,中恒集团,2.24,2.7523,-7966496,-5.3409,19944,-7986440,7966496,
002295,精艺股份,10.29,2.5922,-7970555,-4.9095,277849,-8248404,7970555,
688083,中望软件,51.51,0.6448,-7974356,-11.6687,1131842,-9106198,7974356,
688150,莱特光电,42.52,-1.5741,-7975187,-2.0117,-4301668,-3673519,7975187,
600326,西藏天路,6.88,0.7321,-7977177,-9.096,-3134771,-4842406,7977177,
600816,建元信托,2.42,0.0,-7992342,-5.4919,-12797621,4805279,7992342,
002362,汉王科技,16.7,0.9063,-7992634,-5.1087,-1310599,-6682035,7992634,
688305,科德数控,57.84,-0.2243,-7993934,-8.0698,-1217651,-6776283,7993934,
300767,震安科技,21.7,-0.0921,-8003370,-3.7192,-5309744,-2693626,8003370,
002405,四维图新,6.07,0.4967,-8009144,-5.1957,-3000973,-5008171,8009144,
600222,太龙药业,7.9,1.1524,-8031792,-5.4575,-638785,-7393007,8031792,
002625,光启技术,27.45,-0.5435,-8041314,-1.3823,-27177053,19135739,8041314,
605169,洪通燃气,13.17,2.8906,-8052387,-12.5622,-2641000,-5411387,8052387,
000736,中交发展,4.76,5.3097,-8052746,-4.9513,-2080112,-5972634,8052746,
300072,海新能科,3.59,-0.554,-8056963,-10.8848,-6139942,-1917021,8056963,
002489,浙江永强,3.12,-0.3195,-8065474,-5.5917,1117057,-9182531,8065474,
002163,海南发展,8.07,4.3984,-8071994,-2.0622,8288765,-16360759,8071994,
601665,齐鲁银行,6.91,0.1449,-8086854,-1.7629,-56138082,48051228,8086854,
000718,苏宁环球,2.08,3.4826,-8087889,-7.5694,550552,-8638441,8087889,
002442,龙星科技,5.73,2.139,-8088630,-2.7684,-7959121,-129509,8088630,
001378,德冠新材,23.98,1.7395,-8096148,-3.2718,-3222755,-4873393,8096148,
300305,裕兴股份,6.55,1.7081,-8105917,-11.0979,148656,-8254573,8105917,
603529,爱玛科技,21.71,1.3066,-8114586,-8.2407,-10256787,2142201,8114586,
300917,特发服务,31.42,6.2204,-8131352,-1.2968,4823490,-12954842,8131352,
002402,和而泰,19.05,0.316,-8165786,-2.3301,-3353117,-4812669,8165786,
300506,名家汇,4.76,0.4219,-8212362,-15.9463,-3448347,-4764015,8212362,
301630,同宇新材,204.6,0.7088,-8254819,-2.7141,-1655416,-6599403,8254819,
002332,仙琚制药,8.66,1.2865,-8258396,-7.0705,-16048347,7789951,8258396,
603283,赛腾股份,46.52,-1.7736,-8263958,-1.1752,-8474203,210245,8263958,
301609,山大电力,32.24,0.8445,-8285183,-17.5162,-2283549,-6001634,8285183,
301333,诺思格,65.23,1.3675,-8291313,-3.6904,-8304792,13479,8291313,
300961,深水海纳,12.14,2.0168,-8300280,-9.7011,-2472312,-5827968,8300280,
000833,粤桂股份,20.04,-0.2489,-8314621,-2.2751,-9097774,783153,8314621,
603928,兴业股份,12.21,0.3287,-8320087,-6.7407,-1352917,-6967170,8320087,
002937,兴瑞科技,27.37,0.0365,-8325294,-5.0533,28373,-8353667,8325294,
300688,创业黑马,36.76,0.4372,-8336832,-2.2243,-12121618,3784786,8336832,
688173,希荻微,13.17,0.6112,-8354996,-7.1282,2862763,-11217759,8354996,
000803,山高环能,7.21,-0.2766,-8369160,-13.9023,-1469438,-6899722,8369160,
688591,泰凌微,30.39,0.6625,-8370022,-6.1296,-4432327,-3937695,8370022,
688225,亚信安全,14.48,7.3388,-8374105,-4.4097,-1393056,-6981049,8374105,
002365,永安药业,14.67,6.0738,-8401363,-2.113,196614,-8597977,8401363,
688290,景业智能,63.39,-1.4152,-8409287,-9.2848,-5635236,-2774051,8409287,
000791,甘肃能源,7.3,-1.4845,-8412159,-6.3411,-20781130,12368971,8412159,
300113,顺网科技,16.16,0.4975,-8424566,-5.3869,-8032903,-391663,8424566,
300830,金现代,8.18,2.25,-8436900,-8.5256,894559,-9331459,8436900,
600678,ST金顶,5.8,-0.5146,-8443896,-21.9779,-2122996,-6320900,8443896,
600698,湖南天雁,7.18,1.1268,-8479673,-3.9699,-5495321,-2984352,8479673,
300685,艾德生物,18.76,3.0203,-8488656,-3.9881,6764039,-15252695,8488656,
600800,渤海化学,3.36,2.7523,-8490750,-11.2714,-4751023,-3739727,8490750,
688512,慧智微-U,14.19,0.0705,-8491707,-6.5442,2180859,-10672566,8491707,
600729,重百集团,18.51,0.6525,-8499872,-11.6564,-8754295,254423,8499872,
300410,正业科技,8.86,0.7964,-8508264,-4.72,-1479249,-7029015,8508264,
600513,联环药业,15.38,3.569,-8525989,-5.125,-3218551,-5307438,8525989,
688197,首药控股-U,38.8,9.9462,-8527156,-4.1553,598284,-9125440,8527156,
000968,蓝焰控股,7.16,3.17,-8532059,-5.0369,11177649,-19709708,8532059,
301281,科源制药,51.5,1.96,-8539886,-3.9086,-4986318,-3553568,8539886,
300438,鹏辉能源,51.47,-1.8123,-8545075,-1.0771,-32633251,24088176,8545075,
603990,麦迪科技,20.09,-0.9857,-8580261,-3.7221,-12393139,3812878,8580261,
000545,金浦钛业,2.26,2.7273,-8591348,-8.6319,-7702927,-888421,8591348,
003020,立方制药,17.66,3.7603,-8618301,-8.2662,-821898,-7796403,8618301,
000069,华侨城Ａ,1.92,4.918,-8660956,-2.7685,-16922890,8261934,8660956,
688577,浙海德曼,42.4,4.0236,-8669444,-15.3795,-2323780,-6345664,8669444,
300158,振东制药,5.48,2.4299,-8676458,-3.8512,-6159005,-2517453,8676458,
300449,汉邦高科,6.83,0.0,-8682654,-16.4725,-1609452,-7073202,8682654,
002841,视源股份,46.74,-1.0794,-8699922,-2.9059,-9632402,932480,8699922,
002455,百川股份,7.15,0.2805,-8703524,-6.6161,-2777895,-5925629,8703524,
301003,江苏博云,59.18,8.8868,-8704824,-3.9449,-43658,-8661166,8704824,
300659,中孚信息,11.08,6.9498,-8732512,-3.5766,831159,-9563671,8732512,
000690,宝新能源,5.23,-1.5066,-8739023,-3.7439,-4450488,-4288535,8739023,
002571,德力股份,11.1,2.2099,-8805037,-12.6728,-4866411,-3938626,8805037,
300400,劲拓股份,36.37,-1.3829,-8813648,-1.88,-3716366,-5097282,8813648,
600359,新农开发,8.08,2.4081,-8823413,-2.2664,974332,-9797745,8823413,
001965,招商公路,9.7,-2.2177,-8827152,-6.2568,-7905851,-921301,8827152,
300643,万通智控,17.95,0.0,-8857906,-12.4252,-2217107,-6640799,8857906,
000026,飞亚达,19.65,-0.7074,-8874701,-6.0426,-3531883,-5342818,8874701,
300702,天宇股份,21.2,5.7357,-8876692,-8.7266,-4346046,-4530646,8876692,
002277,友阿股份,5.55,0.1805,-8902392,-8.1838,-9769738,867346,8902392,
601515,衢州东峰,3.3,0.304,-8936847,-25.5484,228846,-9165693,8936847,
600916,中国黄金,7.47,-0.1337,-8989775,-7.603,-7705286,-1284489,8989775,
000955,欣龙控股,4.19,0.4796,-9010161,-17.2907,0,-9010161,9010161,
002377,国创高新,3.13,0.3205,-9035155,-5.0572,7670406,-16705561,9035155,
002969,嘉美包装,11.51,0.7881,-9047337,-4.488,-4733928,-4313409,9047337,
601020,华钰矿业,21.23,-0.9795,-9062942,-2.5549,-16370390,7307448,9062942,
600877,电科芯片,12.16,-0.5724,-9073648,-6.6802,-5024690,-4048958,9073648,
603092,德力佳,44.6,-1.1306,-9074894,-9.0127,-3599044,-5475850,9074894,
002608,江苏国信,7.42,0.8152,-9078746,-10.3109,0,-9078746,9078746,
301216,万凯新材,17.52,0.8055,-9082406,-3.4011,-3281961,-5800445,9082406,
003030,祖名股份,25.95,-0.8785,-9094260,-13.481,-2560817,-6533443,9094260,
688789,宏华数科,44.4,4.4214,-9099640,-7.7299,-352312,-8747328,9099640,
001289,龙源电力,15.05,0.0665,-9110052,-20.9909,-7396434,-1713618,9110052,
600671,天目药业,23.84,5.4401,-9117391,-8.4655,-5385714,-3731677,9117391,
001312,福恩股份,18.36,-1.3963,-9133622,-11.3405,-3095555,-6038067,9133622,
002425,凯撒文化,3.11,0.974,-9139673,-9.9355,-6506131,-2633542,9139673,
002677,浙江美大,6.08,-1.1382,-9141236,-19.8507,-2151394,-6989842,9141236,
300343,联创股份,5.51,0.1818,-9154156,-13.3132,-6154607,-2999549,9154156,
300528,幸福蓝海,14.25,0.9922,-9157148,-4.9718,-3151497,-6005651,9157148,
601717,中创智领,13.8,-0.7194,-9165825,-5.91,-14831981,5666156,9165825,
688165,埃夫特-U,14.78,-0.9383,-9173184,-8.9819,-2733011,-6440173,9173184,
301329,信音电子,20.93,0.2395,-9174127,-11.547,-1048038,-8126089,9174127,
300056,中创环保,7.73,-1.0243,-9182207,-15.8587,-4247084,-4935123,9182207,
603000,人民网,17.27,-0.4611,-9200716,-1.5461,-10252514,1051798,9200716,
002196,方正电机,10.34,1.9724,-9211806,-3.9236,-549839,-8661967,9211806,
002329,皇氏集团,3.64,0.831,-9241449,-11.8313,88900,-9330349,9241449,
688018,乐鑫科技,112.3,0.1695,-9251654,-2.271,203807,-9455461,9251654,
300004,南风股份,8.22,-0.3636,-9265677,-10.1854,-3223044,-6042633,9265677,
300040,九洲集团,5.9,1.2007,-9268399,-7.4571,3641787,-12910186,9268399,
000713,国投丰乐,6.87,5.2067,-9274424,-2.9136,1727361,-11001785,9274424,
600739,辽宁成大,10.49,1.3527,-9306300,-8.0068,-10230891,924591,9306300,
300536,农尚环境,8.55,-2.3973,-9311019,-17.1568,0,-9311019,9311019,
002179,中航光电,35.63,0.3097,-9335191,-1.2824,24858684,-34193875,9335191,
600689,上海三毛,12.33,0.8177,-9337382,-16.2135,-6046552,-3290830,9337382,
603931,格林达,35.83,-0.6929,-9344075,-6.8525,-2400109,-6943966,9344075,
600746,江苏索普,7.21,-0.8253,-9350431,-7.9653,299208,-9649639,9350431,
002316,亚联发展,4.36,2.3474,-9403996,-12.5958,-4534445,-4869551,9403996,
300690,双一科技,24.4,-0.4488,-9404429,-5.1178,483074,-9887503,9404429,
300711,广哈通信,19.39,1.678,-9408319,-5.3293,-3728028,-5680291,9408319,
003005,竞业达,15.0,2.1798,-9425639,-3.6032,1677987,-11103626,9425639,
300586,美联新材,9.68,0.6237,-9473838,-5.7711,-2917449,-6556389,9473838,
002265,建设工业,20.44,1.3386,-9479666,-3.2406,-7993615,-1486051,9479666,
688106,金宏气体,27.4,-1.6158,-9500298,-2.1881,-6639860,-2860438,9500298,
603806,福斯特,14.48,0.7655,-9554432,-3.3533,-7438900,-2115532,9554432,
000948,南天信息,13.55,1.3463,-9569232,-13.7925,-5364,-9563868,9569232,
000801,四川九洲,12.15,0.0,-9587150,-8.7706,-7629610,-1957540,9587150,
688419,耐科装备,53.0,-0.1507,-9623858,-5.7728,1033969,-10657827,9623858,
600838,上海九百,8.71,1.397,-9635392,-3.4328,-10237165,601773,9635392,
600773,西藏城投,10.37,3.1841,-9667337,-4.5191,-4625221,-5042116,9667337,
603606,东方电缆,36.36,1.3378,-9669064,-2.0798,5411736,-15080800,9669064,
688327,云从科技-UW,9.98,-0.1001,-9689897,-6.2897,-1008722,-8681175,9689897,
603683,晶华新材,16.67,1.1529,-9700534,-4.6053,616024,-10316558,9700534,
600322,津投城开,2.8,4.8689,-9719657,-8.6451,4154343,-13874000,9719657,
603267,鸿远电子,52.19,2.5344,-9737660,-1.4148,-7328828,-2408832,9737660,
600722,金牛化工,16.64,3.8702,-9738224,-0.6362,-10432832,694608,9738224,
002752,昇兴股份,6.2,-0.9585,-9739502,-15.5459,-3707388,-6032114,9739502,
300615,欣天科技,14.73,3.952,-9741599,-4.9518,-1036323,-8705276,9741599,
688262,国芯科技,28.46,0.7077,-9752950,-5.223,-5832209,-3920741,9752950,
300587,天铁科技,4.7,1.7316,-9753852,-10.5061,1127123,-10880975,9753852,
300166,东方国信,12.12,0.0826,-9777842,-3.1448,-2381617,-7396225,9777842,
001223,欧克科技,44.75,-1.4534,-9778299,-7.7556,-153359,-9624940,9778299,
300998,宁波方正,32.88,4.8469,-9821574,-5.4875,-6374088,-3447486,9821574,
603311,金海高科,26.03,0.1539,-9822276,-8.9759,-455371,-9366905,9822276,
603999,读者传媒,6.62,1.0687,-9827003,-6.7493,-978670,-8848333,9827003,
601618,中国中冶,2.56,0.7874,-9842305,-5.2551,-17811469,7969164,9842305,
300411,金盾股份,8.37,-1.2972,-9853635,-11.1859,-2429410,-7424225,9853635,
300125,聆达股份,9.23,-0.8593,-9858510,-13.9068,-5906987,-3951523,9858510,
000632,ST三木,3.98,-1.2407,-9889270,-24.6247,-1472202,-8417068,9889270,
000088,盐田港,4.56,1.7857,-9894253,-8.8051,-3777690,-6116563,9894253,
601216,君正集团,4.65,0.6494,-9914343,-3.8746,-23433026,13518683,9914343,
601519,大智慧,8.8,4.5131,-9927127,-2.4189,21073813,-31000940,9927127,
301148,嘉戎技术,58.3,-2.3287,-9938453,-9.8743,-326631,-9611822,9938453,
688244,永信至诚,16.36,2.8931,-9961960,-6.031,-4561636,-5400324,9961960,
688379,华光新材,57.03,1.8393,-9993890,-5.1457,-1540585,-8453305,9993890,
600732,爱旭股份,11.04,1.845,-10002994,-2.4032,-9131827,-871167,10002994,
000049,德赛电池,22.43,0.6281,-10006314,-10.4265,-13219129,3212815,10006314,
301301,川宁生物,8.3,2.7228,-10067075,-5.6367,-6857362,-3209713,10067075,
603183,建研院,5.0,-2.5341,-10068189,-7.9957,-273066,-9795123,10068189,
002470,金正大,2.15,1.4151,-10068388,-2.5551,-19030239,8961851,10068388,
002668,TCL智家,8.96,-0.9945,-10101134,-7.1915,-10047171,-53963,10101134,
603611,诺力股份,15.91,0.4419,-10112420,-30.4591,-4609583,-5502837,10112420,
000728,国元证券,7.53,0.8032,-10126826,-6.4428,-18443307,8316481,10126826,
600257,大湖股份,5.72,2.8777,-10148605,-11.5181,757107,-10905712,10148605,
301081,严牌股份,17.73,1.0256,-10166373,-5.3527,-8891002,-1275371,10166373,
300571,平治信息,29.3,0.9301,-10171457,-7.4244,-785813,-9385644,10171457,
600936,北投科技,4.53,0.0,-10195116,-6.4359,-8074553,-2120563,10195116,
002539,云图控股,12.52,1.7059,-10214530,-7.8465,2902374,-13116904,10214530,
688227,品高股份,75.05,-3.2985,-10214696,-4.1483,-4735350,-5479346,10214696,
603272,*ST联翔,17.12,1.3618,-10218945,-8.9648,-1136901,-9082044,10218945,
600792,云煤能源,5.46,3.0189,-10228837,-1.499,-2951715,-7277122,10228837,
603843,*ST正平,6.7,-2.4745,-10233251,-13.1584,-930391,-9302860,10233251,
603667,五洲新春,50.97,-0.2739,-10243265,-1.8327,-4359272,-5883993,10243265,
603161,科华控股,15.07,-0.9204,-10250425,-18.7531,-7970,-10242455,10250425,
688398,赛特新材,24.06,1.0076,-10259574,-8.9252,-1339115,-8920459,10259574,
600691,潞化科技,2.95,2.0761,-10265025,-6.6943,-7273139,-2991886,10265025,
000893,亚钾国际,40.29,1.3075,-10300083,-1.7944,7934497,-18234580,10300083,
002703,浙江世宝,15.6,1.233,-10314962,-2.416,-4871704,-5443258,10314962,
300649,杭州园林,29.45,4.2109,-10325825,-3.8682,3741435,-14067260,10325825,
601377,兴业证券,5.97,1.0152,-10331622,-3.2904,-9552576,-779046,10331622,
300634,彩讯股份,21.07,3.0822,-10339683,-2.2807,9096777,-19436460,10339683,
600801,华新建材,24.41,0.4527,-10342501,-6.9301,-6494013,-3848488,10342501,
002555,三七互娱,17.73,0.7959,-10367482,-3.7798,-5145055,-5222427,10367482,
300503,昊志机电,65.94,-1.435,-10413296,-1.8039,-20378083,9964787,10413296,
688443,智翔金泰-U,24.51,7.0306,-10414213,-8.2137,-337933,-10076280,10414213,
688373,盟科药业-U,5.94,9.5941,-10462591,-5.8878,0,-10462591,10462591,
688582,芯动联科,38.9,-1.519,-10530123,-6.5129,-922615,-9607508,10530123,
601199,江南水务,6.61,0.7622,-10536938,-8.7451,-8150723,-2386215,10536938,
300855,图南股份,36.32,4.0092,-10549326,-4.149,-19230199,8680873,10549326,
300100,双林股份,20.76,0.2414,-10555251,-9.643,-2693763,-7861488,10555251,
300041,回天新材,11.21,0.0,-10563779,-5.4571,4972615,-15536394,10563779,
688279,峰岹科技,215.13,2.7217,-10567368,-1.9447,-7011092,-3556276,10567368,
600162,香江控股,4.73,2.1598,-10569745,-2.6449,-10369166,-200579,10569745,
301234,五洲医疗,116.45,2.0149,-10615001,-3.416,-668444,-9946557,10615001,
300027,ST华谊,1.76,1.1494,-10651426,-8.805,0,-10651426,10651426,
600272,开开实业,16.32,6.7364,-10662765,-1.8599,-6742257,-3920508,10662765,
601882,海天精工,23.52,3.1579,-10670143,-5.2778,-3543097,-7127046,10670143,
300214,日科化学,10.23,0.7882,-10671049,-7.1488,213713,-10884762,10671049,
002111,威海广泰,9.46,-0.3161,-10680687,-10.5812,-8351195,-2329492,10680687,
688155,先惠技术,53.75,-1.934,-10695591,-7.7973,-8162249,-2533342,10695591,
688400,凌云光,46.93,-0.7613,-10703221,-2.8673,-3183626,-7519595,10703221,
600984,建设机械,3.55,0.8523,-10705764,-16.2578,-7018118,-3687646,10705764,
301056,森赫股份,14.21,2.971,-10711829,-12.0034,-1639173,-9072656,10711829,
600604,市北高新,4.77,3.4707,-10739199,-9.4694,1584546,-12323745,10739199,
000926,福星股份,2.18,3.8095,-10750802,-10.9512,-11901340,1150538,10750802,
603045,福达合金,51.38,-1.3251,-10769352,-2.1546,-9990461,-778891,10769352,
300733,西菱动力,13.81,1.5441,-10776657,-6.3662,-7195777,-3580880,10776657,
301251,威尔高,80.78,4.8002,-10787041,-1.0333,16495708,-27282749,10787041,
002225,濮耐股份,3.55,0.5666,-10794764,-13.5137,-20092406,9297642,10794764,
300547,川环科技,25.35,0.158,-10805625,-7.2692,-2905806,-7899819,10805625,
600802,福建水泥,5.61,-2.2648,-10859034,-5.7672,-1716008,-9143026,10859034,
000608,阳光股份,7.26,2.2535,-10864842,-8.5362,-4289202,-6575640,10864842,
301608,博实结,49.72,-1.0744,-10905916,-6.5873,-4396734,-6509182,10905916,
002151,北斗星通,29.21,1.3884,-10929596,-3.0602,-7196683,-3732913,10929596,
300639,凯普生物,6.14,4.0678,-10974553,-10.3009,-4342251,-6632302,10974553,
000050,深天马Ａ,6.72,1.6641,-10978418,-5.5556,-9368341,-1610077,10978418,
603903,中持股份,13.88,-0.4304,-10979401,-13.8629,-2682835,-8296566,10979401,
603225,新凤鸣,17.73,4.417,-11031246,-3.0218,4730571,-15761817,11031246,
688518,联赢激光,20.94,-1.5052,-11046071,-5.1327,4511233,-15557304,11046071,
002460,赣锋锂业,46.56,0.7792,-11056531,-0.9494,28240541,-39297072,11056531,
002366,融发核电,5.75,0.8772,-11151470,-9.5927,-12456593,1305123,11151470,
000428,华天酒店,4.34,4.5783,-11174204,-3.373,1061754,-12235958,11174204,
300079,数码视讯,4.84,1.0438,-11193681,-13.2344,-1594266,-9599415,11193681,
300443,金雷股份,19.85,-2.2649,-11194831,-4.9537,-6705439,-4489392,11194831,
000797,中国武夷,2.72,1.1152,-11204284,-6.1708,-3389063,-7815221,11204284,
688805,健信超导,39.81,-0.6737,-11224080,-18.5338,-7676426,-3547654,11224080,
002468,申通快递,15.34,2.953,-11268771,-2.6965,-33607188,22338417,11268771,
603386,骏亚科技,18.02,2.1542,-11297733,-4.1261,-2630233,-8667500,11297733,
002581,*ST未名,5.0,-3.6609,-11312123,-20.5264,-18630605,7318482,11312123,
600459,贵研铂业,19.36,0.676,-11318043,-5.2258,-2201529,-9116514,11318043,
603202,天有为,51.57,-0.3478,-11327854,-20.3555,-979678,-10348176,11327854,
600237,铜峰电子,9.6,1.5873,-11415682,-3.0664,-5904723,-5510959,11415682,
603288,海天味业,33.83,-0.0591,-11416609,-2.3686,-19092485,7675876,11416609,
000423,东阿阿胶,45.6,0.7512,-11430269,-4.7922,-4810633,-6619636,11430269,
300706,阿石创,50.93,-0.6244,-11448778,-3.7701,-3185532,-8263246,11448778,
600791,京能置业,7.26,4.3103,-11546926,-10.3199,-2296838,-9250088,11546926,
301219,腾远钴业,41.53,0.2898,-11589049,-6.5813,648175,-12237224,11589049,
002403,爱仕达,10.14,4.7521,-11611825,-4.8945,-2328366,-9283459,11611825,
688251,井松智能,18.71,1.4642,-11622955,-19.8547,-4992116,-6630839,11622955,
688566,吉贝尔,26.69,1.8702,-11649415,-19.2616,-4509486,-7139929,11649415,
000862,银星能源,5.54,-1.4235,-11653308,-11.726,-4386067,-7267241,11653308,
000543,皖能电力,7.29,-0.8163,-11661599,-8.1618,-24185757,12524158,11661599,
688599,天合光能,11.22,-0.089,-11677858,-4.1113,-13564476,1886618,11677858,
002005,德豪润达,2.64,-0.7519,-11700286,-6.174,-7205188,-4495098,11700286,
600851,海欣股份,8.68,4.9577,-11717812,-10.7621,-288812,-11429000,11717812,
600506,统一股份,16.84,-0.8829,-11735248,-6.146,-5114379,-6620869,11735248,
688139,海尔生物,34.14,8.8648,-11760946,-3.6453,-11927639,166693,11760946,
603779,威龙股份,8.43,2.3058,-11769663,-14.4573,-409675,-11359988,11769663,
688605,先锋精科,88.16,-2.1097,-11782728,-3.6076,-13608094,1825366,11782728,
002309,中利集团,2.98,0.0,-11796169,-6.2576,-11411724,-384445,11796169,
000908,石药景峰,6.2,1.3072,-11797162,-11.5162,-2826117,-8971045,11797162,
300481,濮阳惠成,14.22,0.4947,-11831203,-8.9569,-13501284,1670081,11831203,
300035,中科电气,12.57,0.1594,-11833129,-10.4866,-1102283,-10730846,11833129,
605507,国邦医药,18.05,-0.6604,-11840657,-4.6062,-5527325,-6313332,11840657,
300990,同飞股份,107.34,6.1091,-11844405,-0.9785,-32656504,20812099,11844405,
002203,海亮股份,18.24,-1.1918,-11901166,-3.7377,-5662012,-6239154,11901166,
300258,精锻科技,8.91,0.3378,-11902423,-23.5598,-2569442,-9332981,11902423,
600179,安通控股,4.58,0.6593,-11911085,-12.6592,-7344292,-4566793,11911085,
603298,杭叉集团,23.4,-0.5102,-11956558,-9.9282,1005126,-12961684,11956558,
301335,天元宠物,25.79,1.4157,-11969777,-10.2851,-5212268,-6757509,11969777,
300761,立华股份,20.74,1.2201,-11983318,-6.713,-23620015,11636697,11983318,
603906,龙蟠科技,18.23,-0.328,-11994869,-7.5203,-2562587,-9432282,11994869,
002031,巨轮智能,5.27,0.381,-12020845,-2.7415,2512468,-14533313,12020845,
002774,快意电梯,16.73,-6.4841,-12060585,-3.2131,-19169909,7109324,12060585,
300656,民德电子,30.19,-4.8235,-12091542,-3.7759,-8643617,-3447925,12091542,
002254,泰和新材,12.72,1.3546,-12121808,-5.9264,-12994293,872485,12121808,
603669,灵康药业,5.9,5.7348,-12132723,-3.4456,2457441,-14590164,12132723,
605555,德昌股份,12.69,1.6013,-12204284,-9.8232,-11500856,-703428,12204284,
600368,五洲交通,4.09,-0.2439,-12215441,-17.0131,-9369547,-2845894,12215441,
605208,永茂泰,14.49,-1.0246,-12307026,-11.7433,-885812,-11421214,12307026,
301633,港迪技术,60.3,-3.3344,-12311246,-9.9921,-5902620,-6408626,12311246,
603052,可川科技,59.71,-1.0933,-12324103,-4.4591,-9245381,-3078722,12324103,
002350,北京科锐,14.38,-0.7591,-12331538,-14.9836,-4459969,-7871569,12331538,
002430,杭氧股份,25.97,0.0771,-12367993,-4.628,-3412430,-8955563,12367993,
002714,牧原股份,42.38,2.4909,-12368009,-1.04,22900679,-35268688,12368009,
688231,隆达股份,35.18,10.7683,-12369042,-4.6504,-4243,-12364799,12369042,
001359,平安电工,88.15,-0.3842,-12373442,-5.964,-13989456,1616014,12373442,
603612,索通发展,16.75,0.9036,-12406975,-9.9855,-9337867,-3069108,12406975,
301396,宏景科技,179.5,-0.1224,-12414657,-0.6964,-29846033,17431376,12414657,
002015,协鑫能科,16.11,1.1935,-12415171,-1.3794,78603,-12493774,12415171,
605277,新亚电子,17.85,1.0759,-12422741,-6.7186,1339108,-13761849,12422741,
300062,中能电气,6.47,0.0,-12426750,-10.8332,-2929113,-9497637,12426750,
688102,斯瑞新材,31.25,-0.7937,-12430319,-3.9058,-5676190,-6754129,12430319,
600583,海油工程,6.53,7.7558,-12449563,-2.1621,4278641,-16728204,12449563,
600397,江钨装备,17.24,0.3492,-12521463,-1.3593,-7062548,-5458915,12521463,
603040,新坐标,47.59,-0.5434,-12557797,-15.279,-5928744,-6629053,12557797,
688628,优利德,87.67,9.0287,-12641076,-1.4901,-95050225,82409149,12641076,
301421,波长光电,81.05,-0.43,-12679471,-5.7097,-7458698,-5220773,12679471,
002488,金固股份,7.72,0.915,-12681655,-12.3183,-9120746,-3560909,12681655,
688550,瑞联新材,38.76,1.5191,-12750773,-7.607,-20006840,7256067,12750773,
002335,科华数据,29.6,-0.1686,-12762511,-3.7585,-13190696,428185,12762511,
688300,联瑞新材,174.78,-1.1425,-12817427,-0.786,2276109,-15093536,12817427,
001368,通达创智,33.3,2.6194,-12823682,-7.3086,-3615396,-9208286,12823682,
688676,金盘科技,64.52,-1.2852,-12836077,-2.1142,-24259537,11423460,12836077,
601018,宁波港,3.47,1.462,-12876611,-5.3361,-9576093,-3300518,12876611,
300333,兆日科技,11.91,2.4076,-12897713,-3.7243,-1703246,-11194467,12897713,
603682,锦和商管,9.91,2.2704,-12928509,-11.43,211375,-13139884,12928509,
688007,光峰科技,11.19,8.0116,-12938492,-5.2705,17626470,-30564962,12938492,
603301,振德医疗,80.3,-2.0373,-13001383,-9.2084,-678540,-12322843,13001383,
600769,祥龙电业,16.4,0.9852,-13015234,-6.8853,-3089170,-9926064,13015234,
601696,中银证券,11.38,0.708,-13044856,-4.4995,-16083862,3039006,13044856,
300073,当升科技,38.51,-1.028,-13075005,-4.2863,-4904888,-8170117,13075005,
300721,怡达股份,22.7,-0.613,-13090509,-6.6231,-2184902,-10905607,13090509,
300233,金城医药,13.8,4.3084,-13112090,-6.6878,-3472752,-9639338,13112090,
002340,格林美,6.25,0.321,-13128319,-4.4704,12322617,-25450936,13128319,
605069,正和生态,12.14,-1.7799,-13147118,-7.9946,-5796542,-7350576,13147118,
600208,衢州发展,2.9,1.3986,-13167417,-4.7981,-21861674,8694257,13167417,
002382,蓝帆医疗,6.0,2.5641,-13202530,-17.4153,-4672781,-8529749,13202530,
605077,华康股份,11.82,3.6842,-13241244,-8.4077,-3332358,-9908886,13241244,
002779,中坚科技,84.99,2.4099,-13326490,-6.0449,-5752302,-7574188,13326490,
603505,金石资源,15.39,-0.1946,-13371515,-10.8827,-5664203,-7707312,13371515,
300545,联得装备,27.39,-0.1094,-13411157,-9.9971,-8452136,-4959021,13411157,
301027,华蓝集团,21.19,6.4824,-13458760,-7.2719,1344574,-14803334,13458760,
688152,麒麟信安,37.1,2.7132,-13469097,-9.3147,1199276,-14668373,13469097,
002972,科安达,13.22,0.7622,-13478431,-18.5372,-5617627,-7860804,13478431,
000659,珠海中富,2.8,0.0,-13557757,-23.2074,-5335716,-8222041,13557757,
000056,*ST皇庭,2.57,2.8,-13577064,-14.8318,-11468306,-2108758,13577064,
600377,宁沪高速,12.52,-1.1058,-13577345,-8.1855,-3549831,-10027514,13577345,
002423,中粮资本,9.32,1.3043,-13648183,-10.2157,-14805729,1157546,13648183,
002849,威星智能,20.69,1.8209,-13667557,-2.0701,-29383582,15716025,13667557,
600227,赤天化,4.07,4.359,-13674398,-2.1813,-1383170,-12291228,13674398,
300165,天瑞仪器,5.1,0.1965,-13674578,-17.2267,2489537,-16164115,13674578,
600032,XD浙江新,7.07,0.1416,-13744968,-11.503,-3466000,-10278968,13744968,
300539,横河精密,17.74,-1.9348,-13747058,-9.6565,-7328192,-6418866,13747058,
688617,惠泰医疗,243.49,1.4542,-13810753,-2.9195,596071,-14406824,13810753,
600780,通宝能源,6.25,1.626,-13834991,-15.9887,-5971085,-7863906,13834991,
603285,键邦股份,38.37,1.3471,-13835344,-6.3343,-12095857,-1739487,13835344,
000019,深粮控股,7.2,0.6993,-13875220,-7.8298,275566,-14150786,13875220,
000591,太阳能,4.29,0.0,-13885377,-9.3953,-11249512,-2635865,13885377,
688719,爱科赛博,57.93,3.4464,-13888861,-4.861,-199910,-13688951,13888861,
300663,科蓝软件,7.85,2.8834,-13895150,-9.2486,-2438857,-11456293,13895150,
603690,至纯科技,24.2,-0.7383,-13897858,-3.0881,-7586656,-6311202,13897858,
301528,多浦乐,75.04,0.2137,-13903366,-7.3458,6847884,-20751250,13903366,
002426,胜利精密,2.64,1.1494,-13917195,-6.7132,-12471683,-1445512,13917195,
601330,绿色动力,8.38,0.1195,-13918181,-13.5351,-4206636,-9711545,13918181,
000518,四环生物,3.87,1.3089,-13933116,-11.2855,-8232674,-5700442,13933116,
600310,广西能源,4.72,0.0,-13948939,-7.6087,-3452108,-10496831,13948939,
688755,汉邦科技,30.1,8.2734,-13968495,-9.4933,-8813192,-5155303,13968495,
688689,银河微电,40.9,-0.1221,-13969865,-6.9727,3193776,-17163641,13969865,
002602,世纪华通,14.61,-0.5446,-13972339,-1.156,-85120275,71147936,13972339,
000912,泸天化,4.18,3.7221,-13997698,-6.1187,-8680340,-5317358,13997698,
002896,中大力德,61.5,0.0651,-14005202,-4.371,455316,-14460518,14005202,
603233,大参林,17.95,-2.3395,-14067594,-7.8319,-6890311,-7177283,14067594,
301275,汉朔科技,40.59,-2.0512,-14110253,-7.1658,-11620190,-2490063,14110253,
300493,润欣科技,13.07,1.7121,-14208796,-7.2746,-3694200,-10514596,14208796,
300432,富临精工,13.33,-3.5456,-14245973,-1.6795,-29927105,15681132,14245973,
600633,浙数文化,10.33,0.4864,-14279329,-9.6737,-9261626,-5017703,14279329,
000925,众合科技,8.21,1.1084,-14327020,-10.2732,-7150719,-7176301,14327020,
002387,维信诺,7.08,0.7112,-14334626,-16.799,-5361911,-8972715,14334626,
600713,南京医药,5.08,0.994,-14340520,-23.6058,-7496433,-6844087,14340520,
300227,光韵达,11.02,-2.0444,-14370818,-5.9256,-15853880,1483062,14370818,
600876,凯盛新能,8.34,-0.7143,-14451254,-8.9161,-6235659,-8215595,14451254,
688069,德林海,38.76,5.5843,-14452631,-8.0714,-9737669,-4714962,14452631,
300018,中元股份,11.98,-0.5809,-14454471,-11.8005,-6131193,-8323278,14454471,
301487,盟固利,16.11,-0.8005,-14493803,-8.2831,-11999429,-2494374,14493803,
002733,雄韬股份,18.12,-0.6579,-14523684,-9.591,-6958745,-7564939,14523684,
002855,捷荣技术,13.23,3.7647,-14554008,-6.7867,-3344723,-11209285,14554008,
000407,胜利股份,4.22,0.2375,-14558999,-25.1147,-10819509,-3739490,14558999,
300171,东富龙,15.97,3.3657,-14563697,-2.7898,-9486332,-5077365,14563697,
000617,中油资本,6.97,1.3081,-14622384,-2.927,-49330144,34707760,14622384,
002870,香山股份,48.96,-1.0509,-14645788,-8.9851,-10089780,-4556008,14645788,
600605,汇通能源,27.2,1.4925,-14687905,-8.1859,-8228060,-6459845,14687905,
600018,上港集团,5.43,1.306,-14770972,-5.4809,9237833,-24008805,14770972,
688091,上海谊众,41.65,4.5694,-14780122,-8.487,-3102251,-11677871,14780122,
300174,元力股份,18.62,-0.9047,-14797765,-6.5853,-10139762,-4658003,14797765,
605299,舒华体育,12.72,2.5806,-14871103,-10.2993,-1865018,-13006085,14871103,
300739,明阳电路,31.54,0.4139,-14894516,-2.3052,2222372,-17116888,14894516,
002099,海翔药业,5.5,2.6119,-14902757,-12.0358,190298,-15093055,14902757,
300383,光环新网,11.29,-0.0885,-14980815,-4.5321,-4821768,-10159047,14980815,
002079,苏州固锝,9.18,0.0,-15048941,-6.9267,-2651424,-12397517,15048941,
300747,锐科激光,40.83,-1.1619,-15094361,-1.9555,-37838494,22744133,15094361,
000668,荣丰控股,19.35,-8.0323,-15123386,-9.4104,-12715225,-2408161,15123386,
000798,中水渔业,10.4,2.4631,-15216107,-6.2147,-2699276,-12516831,15216107,
601619,嘉泽新能,4.08,-0.7299,-15245951,-15.6626,-14135252,-1110699,15245951,
600318,新力金融,7.15,3.9244,-15325263,-5.7039,12388665,-27713928,15325263,
603725,天安新材,11.85,0.8511,-15357219,-5.7344,-11533026,-3824193,15357219,
688521,芯原股份,207.8,1.2769,-15362144,-0.361,138771104,-154133248,15362144,
002696,百洋股份,6.86,2.3881,-15440475,-8.1386,-465023,-14975452,15440475,
300790,宇瞳光学,19.87,-0.6003,-15457974,-3.9021,-19709356,4251382,15457974,
300937,药易购,25.16,2.3596,-15487916,-12.2415,-6844265,-8643651,15487916,
605178,时空科技,67.99,-1.4209,-15586020,-5.4396,-1556426,-14029594,15586020,
002981,朝阳科技,26.51,3.0315,-15588461,-7.6579,2651562,-18240023,15588461,
002549,凯美特气,13.55,-1.311,-15631341,-7.3604,-11872808,-3758533,15631341,
600860,京城股份,7.72,-4.3371,-15655380,-12.1012,-6967296,-8688084,15655380,
002979,雷赛智能,54.39,-1.4317,-15666214,-5.1705,-6124405,-9541809,15666214,
002068,黑猫股份,9.88,-1.002,-15717337,-2.6133,-4610091,-11107246,15717337,
300996,普联软件,12.88,2.2222,-15722529,-6.2722,-7439102,-8283427,15722529,
300550,和仁科技,14.42,0.2085,-15722906,-12.4854,-9593402,-6129504,15722906,
002956,西麦食品,18.3,2.809,-15723677,-8.0552,-4794655,-10929022,15723677,
001979,招商蛇口,7.38,4.3847,-15734636,-1.272,-10881644,-4852992,15734636,
301085,亚康股份,76.74,0.1828,-15776497,-5.7572,-11491483,-4285014,15776497,
000887,中鼎股份,19.54,0.0,-15788834,-2.8972,-42737922,26949088,15788834,
300731,科创新源,50.21,2.6999,-15838325,-3.1931,-20391221,4552896,15838325,
000505,京粮控股,6.88,2.5335,-15850549,-5.8154,-2167082,-13683467,15850549,
603339,四方科技,13.21,2.8016,-15850908,-10.5091,-9361952,-6488956,15850908,
603136,天目湖,9.5,4.0526,-15953922,-8.7237,-2695832,-13258090,15953922,
603322,超讯科技,32.31,-1.853,-16086349,-7.5587,-6918416,-9167933,16086349,
300480,光力科技,32.75,-0.5164,-16187032,-4.7888,-14598439,-1588593,16187032,
600520,三佳科技,26.11,-0.4575,-16224293,-7.2938,-12042463,-4181830,16224293,
301297,富乐德,48.28,1.3434,-16224612,-1.7632,-3424948,-12799664,16224612,
688192,迪哲医药-U,60.39,5.1175,-16232871,-3.8989,4311210,-20544081,16232871,
000581,威孚高科,18.01,-0.7713,-16257528,-16.3721,-4369707,-11887821,16257528,
000710,贝瑞基因,9.38,3.6464,-16408942,-3.8445,-11367075,-5041867,16408942,
301021,英诺激光,92.46,-0.5806,-16411564,-1.7147,-17185480,773916,16411564,
002310,东方新能,2.31,0.4348,-16413616,-8.89,-4976716,-11436900,16413616,
688328,深科达,84.9,-0.1176,-16467483,-4.1888,-3927724,-12539759,16467483,
600580,卧龙电驱,27.46,0.6967,-16554700,-2.6377,8326062,-24880762,16554700,
002912,中新赛克,23.98,-2.3218,-16568075,-3.1292,-19126910,2558835,16568075,
603737,三棵树,22.18,7.6177,-16598438,-4.4835,2526866,-19125304,16598438,
300409,道氏技术,17.06,-0.1755,-16623552,-7.0487,5346711,-21970263,16623552,
601628,中国人寿,38.02,0.582,-16623805,-2.0622,-13190951,-3432854,16623805,
600050,中国联通,4.23,0.237,-16664070,-4.4383,-589388,-16074682,16664070,
002922,伊戈尔,23.62,0.4252,-16686792,-4.8604,-26996912,10310120,16686792,
603257,中国瑞林,69.32,-3.7222,-16704173,-8.5387,-24624009,7919836,16704173,
600233,圆通速递,18.46,0.7092,-16736972,-2.8513,9040216,-25777188,16736972,
301662,宏工科技,68.03,-1.0041,-16742421,-8.9999,-7753416,-8989005,16742421,
002545,东方铁塔,15.98,0.3139,-16756586,-8.1434,-22812865,6056279,16756586,
002176,江特电机,8.56,0.3517,-16812495,-6.341,-15431669,-1380826,16812495,
688378,奥来德,52.24,1.0445,-16876164,-2.369,-25460099,8583935,16876164,
000878,云南铜业,16.82,0.4179,-16883907,-3.4681,-11044306,-5839601,16883907,
002043,兔宝宝,11.47,4.0835,-16899574,-7.0094,915294,-17814868,16899574,
002195,岩山科技,6.22,0.974,-17068948,-3.2764,-26043226,8974278,17068948,
688585,上纬新材,147.81,-4.144,-17135593,-2.2607,-11858354,-5277239,17135593,
600906,财达证券,6.52,0.9288,-17146642,-9.1152,-6272876,-10873766,17146642,
301108,洁雅股份,48.29,4.3882,-17162782,-9.5774,2438854,-19601636,17162782,
002235,安妮股份,8.12,-0.123,-17168480,-14.3035,-4672049,-12496431,17168480,
002771,真视通,13.9,0.361,-17185711,-14.4515,-3376645,-13809066,17185711,
603516,淳中科技,86.13,-0.8633,-17189699,-6.0455,-2909947,-14279752,17189699,
688387,信科移动-U,12.72,0.1575,-17197235,-4.6551,-1699936,-15497299,17197235,
300046,台基股份,25.0,-0.7149,-17243148,-12.3403,692943,-17936091,17243148,
301191,菲菱科思,87.06,-1.2701,-17271062,-7.5311,-4170657,-13100405,17271062,
300895,铜牛信息,57.5,1.842,-17363410,-5.2058,-6984785,-10378625,17363410,
300317,珈伟新能,4.19,0.9639,-17376412,-11.6005,-3786808,-13589604,17376412,
300808,久量股份,21.76,-3.9718,-17395727,-11.5494,-6119885,-11275842,17395727,
688187,时代电气,45.73,0.0,-17464108,-12.5308,-13553371,-3910737,17464108,
301210,金杨精密,30.46,-1.4239,-17473865,-9.0769,-1117626,-16356239,17473865,
600719,大连热电,8.17,-2.9691,-17485063,-5.5385,-1821849,-15663214,17485063,
600389,江山股份,19.23,1.746,-17620373,-7.7309,-13183686,-4436687,17620373,
600903,贵州燃气,6.79,1.952,-17662719,-5.1214,-7879087,-9783632,17662719,
603159,上海亚虹,22.59,0.8933,-17668005,-7.6372,-7413343,-10254662,17668005,
600789,鲁抗医药,7.86,3.6939,-17688198,-5.4524,-1504920,-16183278,17688198,
600356,恒丰纸业,10.21,-0.9699,-17716931,-10.3741,-771236,-16945695,17716931,
600621,华鑫股份,14.24,0.9929,-17752494,-2.2053,-38658624,20906130,17752494,
000792,盐湖股份,24.96,0.8892,-17769815,-1.7834,-68865063,51095248,17769815,
002149,西部材料,34.0,0.1178,-17803476,-3.7697,-11603093,-6200383,17803476,
688138,清溢光电,37.62,-0.8434,-17819725,-7.6938,-14099757,-3719968,17819725,
688122,西部超导,50.73,1.3789,-17849556,-4.3834,-7092253,-10757303,17849556,
600048,保利发展,5.68,6.7669,-17890032,-0.6703,-109012992,91122960,17890032,
300601,康泰生物,12.99,6.9136,-17935826,-3.4725,12665494,-30601320,17935826,
301377,鼎泰高科,399.85,-2.2109,-17964648,-1.4899,6837915,-24802563,17964648,
301589,诺瓦星云,159.3,-0.2505,-17987467,-8.1642,-6072019,-11915448,17987467,
600490,鹏欣资源,7.13,-0.8345,-18072743,-10.1973,-15305944,-2766799,18072743,
603626,科森科技,23.35,-0.2989,-18153770,-1.1404,-7721370,-10432400,18153770,
002797,第一创业,6.38,0.3145,-18166307,-7.4476,-21792247,3625940,18166307,
300786,国林科技,15.22,-3.6709,-18185348,-6.8583,-7191266,-10994082,18185348,
688309,恒誉科技,78.99,1.3732,-18206845,-9.259,-19826821,1619976,18206845,
000059,华锦股份,5.75,6.4815,-18229822,-5.227,-25741699,7511877,18229822,
301389,隆扬电子,59.98,-0.2495,-18299337,-3.7986,-11884786,-6414551,18299337,
301263,泰恩康,21.0,8.9212,-18344241,-8.6277,-5006850,-13337391,18344241,
688371,菲沃泰,25.33,-3.5782,-18358831,-11.8605,-24078831,5720000,18358831,
300097,智云股份,11.23,3.5023,-18390733,-5.3285,-9679115,-8711618,18390733,
688798,艾为电子,55.36,-0.4496,-18511390,-12.0454,-5118929,-13392461,18511390,
301362,民爆光电,117.0,-1.8374,-18595230,-5.0202,-6412606,-12182624,18595230,
003033,征和工业,85.26,0.4595,-18640404,-6.6352,-5679620,-12960784,18640404,
300358,楚天科技,9.16,6.2645,-18677859,-3.8915,13692850,-32370709,18677859,
300836,佰奥智能,62.1,-0.7987,-18729164,-4.4138,-12371047,-6358117,18729164,
003035,南网能源,5.59,-1.5845,-18731146,-8.5293,-7002399,-11728747,18731146,
301201,诚达药业,35.9,4.6037,-18873614,-7.1793,-13098818,-5774796,18873614,
600108,亚盛集团,4.37,5.0481,-18881346,-1.5046,745597,-19626943,18881346,
688807,优迅股份,360.6,-2.5142,-18894484,-2.5528,8396167,-27290651,18894484,
600588,用友网络,9.57,1.1628,-18911476,-6.1812,-21754800,2843324,18911476,
601006,大秦铁路,4.72,0.4255,-18931555,-3.551,-20595927,1664372,18931555,
688621,阳光诺和,74.99,2.2777,-18966717,-6.8621,2524674,-21491391,18966717,
600999,招商证券,17.91,1.8192,-18976357,-2.4868,12487210,-31463567,18976357,
002130,沃尔核材,17.18,0.2334,-18979617,-3.6743,-15735475,-3244142,18979617,
688352,颀中科技,19.81,1.7463,-19031117,-4.2081,7277700,-26308817,19031117,
301382,蜂助手,37.06,-0.9356,-19092683,-6.4365,-13414122,-5678561,19092683,
002973,侨银股份,12.97,-4.351,-19173226,-11.5397,-15090435,-4082791,19173226,
000029,深深房Ａ,21.15,-5.0292,-19194932,-7.7857,-15186167,-4008765,19194932,
603389,亚振家居,46.09,-5.1841,-19236391,-12.1136,-6985450,-12250941,19236391,
600292,电投水电,11.61,-1.6102,-19281494,-15.586,-13769002,-5512492,19281494,
300868,杰美特,90.68,-2.0734,-19337221,-6.2449,1200449,-20537670,19337221,
603063,禾望电气,30.61,-0.5523,-19358652,-5.9863,-16970099,-2388553,19358652,
300010,ST豆神,5.48,7.6621,-19451822,-2.9362,8090656,-27542478,19451822,
600114,东睦股份,27.86,-0.7835,-19506055,-6.5332,-13053621,-6452434,19506055,
603391,力聚热能,67.56,2.2861,-19605708,-13.7942,-24149350,4543642,19605708,
603997,继峰股份,13.74,9.3079,-19678420,-2.432,42125409,-61803829,19678420,
300005,探路者,11.38,0.088,-19793112,-4.5857,-3877011,-15916101,19793112,
300602,飞荣达,38.74,-0.87,-19813219,-3.2509,-20379368,566149,19813219,
688052,纳芯微,252.1,0.6508,-19830658,-3.8587,-6031025,-13799633,19830658,
600184,光电股份,21.08,-3.125,-19905000,-2.4735,-19920539,15539,19905000,
600909,华安证券,8.14,3.038,-19906814,-2.3833,6561083,-26467897,19906814,
002925,盈趣科技,24.8,1.0183,-19973668,-6.4852,-17115244,-2858424,19973668,
300700,岱勒新材,18.11,-2.9475,-20021042,-11.8412,-6509296,-13511746,20021042,
301265,华新科技,22.22,-4.8801,-20030700,-6.3758,-5660247,-14370453,20030700,
603200,上海洗霸,39.88,-0.623,-20088100,-10.6636,-8307591,-11780509,20088100,
002521,齐峰新材,6.36,-0.625,-20106399,-32.9667,-27316528,7210129,20106399,
002882,金龙羽,22.74,-2.4871,-20130902,-6.9491,1665421,-21796323,20130902,
600396,华电辽能,13.79,1.0256,-20189563,-1.4325,14764369,-34953932,20189563,
300424,航新科技,14.55,-9.5712,-20213195,-3.0179,-38456418,18243223,20213195,
300051,琏升科技,8.52,0.5903,-20249648,-12.6727,5362913,-25612561,20249648,
688066,*ST航图,8.82,-5.1613,-20290510,-16.4429,0,-20290510,20290510,
605305,中际联合,31.25,-0.8251,-20307796,-20.4902,-24460953,4153157,20307796,
002734,利民股份,19.32,3.7594,-20320524,-3.5862,-10700307,-9620217,20320524,
300738,奥飞数据,19.63,0.2554,-20354537,-4.1196,2943505,-23298042,20354537,
603270,金帝股份,37.23,1.0861,-20409656,-6.5259,-6655213,-13754443,20409656,
300088,长信科技,7.28,0.6916,-20428377,-2.5889,-50966325,30537948,20428377,
688646,逸飞激光,77.81,-2.5182,-20461226,-10.9829,-9187952,-11273274,20461226,
300553,集智股份,67.55,-1.6453,-20463560,-6.7992,-2076542,-18387018,20463560,
600751,海航科技,3.02,0.6667,-20513757,-23.3243,-13269153,-7244604,20513757,
600363,联创光电,16.01,-0.3113,-20583614,-5.7435,-8199168,-12384446,20583614,
600228,返利科技,12.09,4.4041,-20585601,-4.7467,-18501785,-2083816,20585601,
002223,鱼跃医疗,26.37,0.6105,-20614433,-10.7043,-19164774,-1449659,20614433,
002273,水晶光电,25.61,0.5497,-20640945,-3.2402,-22284034,1643089,20640945,
605188,国光连锁,13.32,1.5244,-20659527,-6.0715,-1486329,-19173198,20659527,
600171,上海贝岭,23.15,-0.2155,-20746867,-9.1983,-13237688,-7509179,20746867,
603608,天创时尚,22.13,4.8815,-20766342,-4.2609,-17461668,-3304674,20766342,
300083,创世纪,12.58,-1.5649,-20823706,-3.2241,-13768422,-7055284,20823706,
600777,新潮能源,4.03,-0.9828,-20847872,-23.8044,-11324618,-9523254,20847872,
688767,博拓生物,43.44,6.1065,-20853407,-8.8063,11690042,-32543449,20853407,
003043,华亚智能,64.37,-1.1972,-20871890,-7.7192,-4750086,-16121804,20871890,
000006,深振业Ａ,7.19,1.8414,-20921413,-12.8739,-21815699,894286,20921413,
600726,华电能源,5.3,0.5693,-21105252,-6.3716,-2366390,-18738862,21105252,
600060,海信视像,26.63,-4.4492,-21105594,-5.2592,-22358108,1252514,21105594,
300044,*ST赛为,6.14,1.9934,-21116926,-10.4929,-11040256,-10076670,21116926,
000951,中国重汽,20.21,-0.5413,-21161791,-10.4199,-15678733,-5483058,21161791,
000572,海马汽车,4.25,-1.3921,-21162795,-4.5339,-26666167,5503372,21162795,
002124,天邦食品,2.3,2.2222,-21262948,-9.2782,-21485353,222405,21262948,
300267,尔康制药,3.34,3.7267,-21280098,-14.0723,-4023000,-17257098,21280098,
301628,强达电路,114.09,-0.7913,-21401300,-6.1966,-16799049,-4602251,21401300,
603232,格尔软件,16.13,-1.1036,-21427124,-5.7252,-5539875,-15887249,21427124,
600449,宁夏建材,13.25,-0.0754,-21575344,-11.5878,-7793050,-13782294,21575344,
600619,海立股份,13.18,-0.6033,-21593457,-15.3167,-22040211,446754,21593457,
600563,法拉电子,123.86,-0.4821,-21653491,-4.7799,-11236754,-10416737,21653491,
300599,雄塑科技,12.3,3.8851,-21655395,-7.5263,-14590990,-7064405,21655395,
601918,新集能源,10.7,3.7827,-21656929,-6.0459,8456982,-30113911,21656929,
301458,钧崴电子,39.52,-0.1768,-21685779,-8.9,-8530700,-13155079,21685779,
600895,张江高科,28.73,0.5952,-21686707,-5.0161,-37948427,16261720,21686707,
600185,珠免集团,4.92,2.714,-21694394,-11.8001,-4407585,-17286809,21694394,
002158,汉钟精机,28.55,0.6345,-21878008,-7.1797,-6387836,-15490172,21878008,
600595,中孚实业,6.04,-0.9836,-21975922,-6.1349,-23665908,1689986,21975922,
600346,恒力石化,16.6,1.0962,-22005706,-4.6023,10305869,-32311575,22005706,
601999,出版传媒,6.97,2.1994,-22012906,-6.9595,-116956,-21895950,22012906,
300654,世纪天鸿,9.76,-1.0142,-22019972,-22.3735,-9638969,-12381003,22019972,
688783,西安奕材-U,29.28,-0.611,-22111181,-3.6273,-15582545,-6528636,22111181,
603619,中曼石油,22.14,3.5063,-22167079,-4.2313,20770709,-42937788,22167079,
688660,电气风电,9.23,-1.8085,-22272847,-8.5095,0,-22272847,22272847,
603800,洪田股份,58.53,-1.1151,-22274353,-8.3918,-27057099,4782746,22274353,
000735,罗牛山,6.09,2.1812,-22280904,-5.4337,-16279596,-6001308,22280904,
300050,世纪鼎利,7.21,0.1389,-22448262,-12.7721,-8007901,-14440361,22448262,
300203,聚光科技,13.42,5.1724,-22455092,-7.9059,22504450,-44959542,22455092,
688409,富创精密,196.5,-2.1901,-22496739,-1.6431,-50830067,28333328,22496739,
605358,立昂微,46.31,-0.4086,-22533697,-1.4972,-31294401,8760704,22533697,
688233,神工股份,104.05,0.2215,-22593406,-2.8265,562949,-23156355,22593406,
300429,强力新材,11.75,0.945,-22619485,-9.1123,-16114833,-6504652,22619485,
600500,中化国际,5.87,0.1706,-22648631,-4.6399,-38095921,15447290,22648631,
301392,汇成真空,172.61,-3.2997,-22666911,-4.0449,-16553821,-6113090,22666911,
300496,中科创达,55.64,0.4513,-22818144,-5.296,-16780591,-6037553,22818144,
000586,汇源通信,14.17,4.0382,-22819152,-12.5435,-26847747,4028595,22819152,
688049,炬芯科技,41.82,0.0478,-22831489,-10.5736,-16184910,-6646579,22831489,
600141,兴发集团,29.4,0.2387,-22852947,-5.2288,-15955658,-6897289,22852947,
300094,国联水产,3.07,5.137,-22856151,-10.2283,0,-22856151,22856151,
000930,中粮科技,5.41,4.6422,-22866494,-4.9149,6348199,-29214693,22866494,
603398,*ST沐邦,8.9,-4.3011,-22912643,-34.1623,-7796716,-15115927,22912643,
601155,新城控股,12.7,3.7582,-22916162,-3.5459,-2486811,-20429351,22916162,
600115,中国东航,3.45,1.173,-22929744,-4.6815,2781447,-25711191,22929744,
300290,ST荣科,7.14,0.0,-22954469,-8.4021,150138,-23104607,22954469,
300576,容大感光,29.9,-0.3001,-23004787,-6.1505,-5508062,-17496725,23004787,
002244,滨江集团,8.79,6.8044,-23015665,-3.3189,1360061,-24375726,23015665,
002768,国恩股份,68.05,0.2357,-23040238,-4.3663,-4721472,-18318766,23040238,
600884,杉杉股份,11.21,0.2683,-23119494,-9.6484,-17516261,-5603233,23119494,
002292,奥飞娱乐,9.08,2.2523,-23132262,-4.3346,6969806,-30102068,23132262,
688711,宏微科技,28.63,-2.3533,-23173055,-6.9449,-20104242,-3068813,23173055,
605168,三人行,53.04,-0.1882,-23203664,-5.7739,-5554595,-17649069,23203664,
605162,新中港,12.16,-1.5385,-23210218,-5.354,-7769187,-15441031,23210218,
605177,东亚药业,24.73,0.162,-23214239,-8.5482,-19154548,-4059691,23214239,
000722,湖南发展,14.36,0.7013,-23291870,-7.2071,-6025791,-17266079,23291870,
601611,中国核建,10.44,0.1919,-23311889,-14.5681,-4535436,-18776453,23311889,
301678,新恒汇,50.49,0.5577,-23345641,-7.479,-1118231,-22227410,23345641,
000823,超声电子,25.2,7.7844,-23373568,-0.5334,-4755536,-18618032,23373568,
002541,鸿路钢构,18.66,0.2687,-23523064,-13.4749,-7496691,-16026373,23523064,
300385,ST雪浪,12.85,-2.207,-23587997,-32.6658,-19022938,-4565059,23587997,
301200,大族数控,261.96,-3.3964,-23660705,-2.3865,-8626397,-15034308,23660705,
300234,开尔新材,12.15,1.6736,-23751996,-7.6101,1985349,-25737345,23751996,
002283,天润工业,8.18,-0.9685,-23763828,-16.7433,-2363118,-21400710,23763828,
000670,盈方微,7.83,-0.5083,-23912744,-5.4967,-12919812,-10992932,23912744,
300189,神农种业,6.79,3.9816,-23942011,-1.5814,12558357,-36500368,23942011,
601615,明阳智能,9.78,0.4107,-23945314,-6.8696,-19957479,-3987835,23945314,
600266,城建发展,4.37,4.5455,-23988738,-7.6504,-9670013,-14318725,23988738,
300628,亿联网络,41.44,1.1719,-24000336,-8.1745,179449,-24179785,24000336,
001314,亿道信息,54.19,-0.3494,-24045974,-10.1289,-5703045,-18342929,24045974,
603979,金诚信,73.54,0.2864,-24049989,-8.2674,-11981138,-12068851,24049989,
688258,卓易信息,87.25,-3.4845,-24280481,-6.6147,-20233608,-4046873,24280481,
688726,拉普拉斯,46.24,-0.666,-24375260,-4.9998,-19309292,-5065968,24375260,
301292,海科新源,60.9,-0.9595,-24379769,-8.7401,-8921985,-15457784,24379769,
688729,屹唐股份,25.37,1.8876,-24430822,-2.2564,-31518694,7087872,24430822,
603929,亚翔集成,159.47,-2.5721,-24464282,-3.9218,2477990,-26942272,24464282,
603009,北特科技,48.94,-0.7101,-24512456,-5.6158,-22315586,-2196870,24512456,
002131,利欧股份,4.51,0.2222,-24635377,-2.6631,-17579502,-7055875,24635377,
605058,澳弘电子,48.43,2.173,-24832853,-2.06,-49368470,24535617,24832853,
002119,康强电子,24.76,-0.2417,-24933123,-2.9115,-6621679,-18311444,24933123,
603078,江化微,32.66,-1.3591,-24949969,-4.418,-9538190,-15411779,24949969,
601988,中国银行,6.63,1.3761,-24950304,-1.8118,-47281472,22331168,24950304,
603496,恒为科技,23.44,-0.6359,-24961003,-15.4099,-8237702,-16723301,24961003,
688653,康希通信,15.4,2.3256,-24989128,-10.7452,3772732,-28761860,24989128,
300277,汽轮科技,12.88,-0.8468,-25194313,-10.9746,-3136792,-22057521,25194313,
000601,韶能股份,6.19,-1.2759,-25212252,-15.4043,-13628572,-11583680,25212252,
000700,模塑科技,12.4,4.1142,-25309979,-3.3311,-22246891,-3063088,25309979,
001270,铖昌科技,100.22,-0.7821,-25321200,-4.6479,-22666939,-2654261,25321200,
300313,天山生物,13.23,1.1468,-25542796,-7.3729,-794314,-24748482,25542796,
000520,凤凰航运,4.3,4.878,-25653105,-14.9755,-4391189,-21261916,25653105,
301390,经纬股份,50.39,-6.6852,-26083166,-4.1825,-1299838,-24783328,26083166,
600540,新赛股份,5.65,3.1022,-26284870,-7.6456,-11253664,-15031206,26284870,
000612,焦作万方,11.32,-0.7018,-26432421,-6.1525,-2326119,-24106302,26432421,
688449,联芸科技,64.84,-0.5521,-26526414,-5.3945,-27253590,727176,26526414,
603290,斯达半导,87.8,-0.8022,-26666315,-5.6366,-22038317,-4627998,26666315,
603778,国晟科技,9.22,1.3187,-26697774,-5.3469,-12801306,-13896468,26697774,
301638,南网数字,21.85,-0.9519,-26742747,-16.7393,-13007757,-13734990,26742747,
688158,优刻得-W,29.9,0.6395,-26810842,-7.5375,-14643389,-12167453,26810842,
002708,光洋股份,17.25,1.2918,-26826921,-5.1473,5041018,-31867939,26826921,
002297,博云新材,22.68,2.9505,-26898111,-1.4508,-20172367,-6725744,26898111,
603051,鹿山新材,25.05,-2.4153,-26916702,-11.5063,-6308465,-20608237,26916702,
000656,金科股份,1.25,0.0,-26973201,-7.4834,-37473156,10499955,26973201,
688652,京仪装备,149.8,-1.7189,-27021973,-4.0044,5672672,-32694645,27021973,
688658,悦康药业,13.41,4.4393,-27375395,-12.2892,-5896576,-21478819,27375395,
600151,航天机电,9.6,-1.4374,-27418261,-13.5956,-10628347,-16789914,27418261,
001309,德明利,415.0,0.4624,-27511344,-0.6339,60612704,-88124048,27511344,
601727,上海电气,6.51,0.1538,-27601026,-11.047,-27460059,-140967,27601026,
600783,鲁信创投,15.6,1.6287,-27646788,-14.6055,1395434,-29042222,27646788,
300522,世名科技,14.93,2.1204,-27999109,-6.597,598259,-28597368,27999109,
601026,道生天合,15.6,-2.1944,-28024097,-13.7792,-3788201,-24235896,28024097,
300846,首都在线,20.61,2.1815,-28245517,-5.0109,-594975,-27650542,28245517,
603613,国联股份,21.29,0.094,-28263148,-8.4747,-13341468,-14921680,28263148,
300803,指南针,82.45,0.5488,-28321206,-2.7663,-1040694,-27280512,28321206,
600313,农发种业,7.22,2.2663,-28403081,-5.744,972894,-29375975,28403081,
688686,奥普特,140.7,-2.1558,-28443364,-11.0567,-33266294,4822930,28443364,
688818,电科蓝天,43.38,0.6497,-28443874,-11.4813,524325,-28968199,28443874,
600121,郑州煤电,5.01,1.2121,-28464818,-4.8183,-13414072,-15050746,28464818,
002051,中工国际,9.13,3.0474,-28614718,-7.5085,-17231794,-11382924,28614718,
000850,华茂股份,4.29,3.125,-28634785,-17.8844,-21609185,-7025600,28634785,
301071,力量钻石,70.07,-1.4487,-28638746,-1.8589,-42012058,13373312,28638746,
600598,北大荒,12.82,1.4241,-28723412,-8.1273,-10727120,-17996292,28723412,
688622,*ST禾信,119.0,-8.6302,-28767243,-13.3577,-11367847,-17399396,28767243,
600531,豫光金铅,12.23,-0.6499,-29066962,-10.2468,-19997146,-9069816,29066962,
688620,安凯微,17.9,-0.5003,-29131696,-7.1293,-18009047,-11122649,29131696,
600011,华能国际,6.79,-0.1471,-29208305,-12.0417,-8719153,-20489152,29208305,
600516,方大炭素,5.53,-1.25,-29235690,-7.9731,-11303388,-17932302,29235690,
000759,中百集团,6.83,3.4848,-29258411,-3.554,-8340052,-20918359,29258411,
688027,国盾量子,359.06,0.0167,-29286278,-9.7872,-11303311,-17982967,29286278,
688147,微导纳米,115.99,-4.9262,-29427449,-3.2328,-6518952,-22908497,29427449,
301419,阿莱德,47.58,-0.6058,-29429432,-6.097,-9596182,-19833250,29429432,
002456,欧菲光,7.04,0.2849,-29501907,-7.3927,-23430915,-6070992,29501907,
600499,科达制造,13.39,-0.372,-29792120,-11.5072,-37386595,7594475,29792120,
300390,天华新能,54.19,-0.0185,-29831812,-2.8457,-1309829,-28521983,29831812,
002272,川润股份,16.64,-0.538,-30075227,-8.0237,-5995674,-24079553,30075227,
000519,中兵红箭,15.68,1.8843,-30130706,-3.5338,-48928347,18797641,30130706,
300821,东岳硅材,15.73,0.3829,-30238544,-5.3044,-6902106,-23336438,30238544,
002747,埃斯顿,29.78,-0.0336,-30362491,-3.5063,-25280407,-5082084,30362491,
603082,北自科技,49.33,-4.0272,-30497419,-6.1382,-12020543,-18476876,30497419,
300464,星徽股份,11.88,2.3256,-30505857,-5.4334,7637889,-38143746,30505857,
000034,神州数码,23.44,-0.1704,-30535817,-9.4058,-10831056,-19704761,30535817,
000753,漳州发展,5.26,-2.0484,-30550317,-10.775,-17009998,-13540319,30550317,
001696,宗申动力,15.52,0.6485,-30609908,-8.0974,-11701753,-18908155,30609908,
688685,迈信林,35.33,-1.8611,-30642310,-18.0866,-16943609,-13698701,30642310,
600176,中国巨石,45.87,1.888,-30684032,-0.2479,-38967744,8283712,30684032,
600458,时代新材,11.34,-0.2639,-30777249,-18.5383,-3943299,-26833950,30777249,
601016,节能风电,3.39,-1.1662,-30951129,-11.1588,-21245939,-9705190,30951129,
300677,英科医疗,51.6,-0.3861,-31044736,-7.7775,-7306339,-23738397,31044736,
601952,苏垦农发,9.65,1.153,-31070191,-9.6011,-234394,-30835797,31070191,
002532,天山铝业,12.55,-2.0297,-31095373,-4.1304,-24513985,-6581388,31095373,
688469,芯联集成-U,8.73,0.1147,-31145323,-4.6193,0,-31145323,31145323,
600000,浦发银行,9.01,-0.6615,-31464037,-5.3015,-44435004,12970967,31464037,
601658,邮储银行,5.35,0.3752,-31482578,-5.1617,-37948335,6465757,31482578,
688301,奕瑞科技,89.85,-1.5342,-31666387,-7.1149,-3808406,-27857981,31666387,
603818,曲美家居,4.03,-1.7073,-31706964,-13.6321,-6352987,-25353977,31706964,
000582,北部湾港,9.91,1.0194,-31824995,-7.9467,-19040010,-12784985,31824995,
300395,菲利华,94.4,1.0923,-31900213,-1.8796,-25244549,-6655664,31900213,
688380,中微半导,41.81,1.1614,-31942441,-7.9742,-2178119,-29764322,31942441,
002132,恒星科技,4.3,-0.6928,-32052019,-19.5403,-32483568,431549,32052019,
600067,冠城新材,2.7,1.1236,-32120913,-34.012,-11223706,-20897207,32120913,
688116,天奈科技,33.53,-1.8155,-32150838,-18.0137,-13584083,-18566755,32150838,
300373,扬杰科技,93.13,-0.1073,-32206266,-2.9959,-23462847,-8743419,32206266,
600519,贵州茅台,1252.57,-0.3619,-32275440,-1.0292,11230928,-43506368,32275440,
300592,华凯易佰,20.91,-0.3811,-32297181,-7.3617,-6219544,-26077637,32297181,
002836,新宏泽,11.98,0.5034,-32430073,-7.9067,4408752,-36838825,32430073,
301030,*ST仕净,5.88,-9.2593,-32673687,-25.7598,-9872937,-22800750,32673687,
002617,露笑科技,7.16,2.5788,-32720980,-2.3368,21335052,-54056032,32720980,
300566,激智科技,25.56,-0.312,-32791061,-8.8241,-18974929,-13816132,32791061,
300820,英杰电气,72.99,2.184,-32965419,-5.0495,-12496921,-20468498,32965419,
688003,天准科技,82.2,-1.7921,-32975096,-10.3176,-14325575,-18649521,32975096,
601231,环旭电子,26.52,-1.7414,-33018059,-4.5589,-19917282,-13100777,33018059,
688785,恒运昌,358.55,-4.3918,-33553326,-8.0595,8208194,-41761520,33553326,
003816,中国广核,4.23,-0.2358,-33683842,-8.5546,-8918752,-24765090,33683842,
300655,晶瑞电材,13.41,-0.0745,-33740537,-6.4447,-9600631,-24139906,33740537,
688002,睿创微纳,186.73,-0.0375,-33796882,-2.3247,-13833938,-19962944,33796882,
002137,实益达,8.6,-0.8074,-34111640,-5.6486,-12545599,-21566041,34111640,
600406,国电南瑞,22.1,0.2268,-34241801,-5.5916,-25631837,-8609964,34241801,
603230,内蒙新华,14.83,10.0148,-34331582,-6.1635,-20187238,-14144344,34331582,
002848,高斯贝尔,15.53,1.5033,-34489880,-10.5869,-11865641,-22624239,34489880,
301358,湖南裕能,53.08,-1.5031,-34555465,-4.8049,-20236416,-14319049,34555465,
301013,利和兴,39.72,-0.7,-34605086,-4.6141,-17961575,-16643511,34605086,
600103,青山纸业,3.84,2.9491,-34748503,-3.6287,-29148097,-5600406,34748503,
002379,宏桥控股,16.98,-3.6869,-34817835,-5.2332,-23361148,-11456687,34817835,
600578,京能电力,5.38,0.1862,-34831460,-14.9716,-17265455,-17566005,34831460,
600428,中远海特,11.51,3.0439,-34832197,-6.7111,-8600281,-26231916,34832197,
000998,隆平高科,9.08,1.0011,-34972532,-8.732,-17234434,-17738098,34972532,
301182,凯旺科技,73.81,3.5494,-35099466,-8.1024,-23117279,-11982187,35099466,
000628,高新发展,60.01,-0.7771,-35099496,-4.1003,-47885546,12786050,35099496,
003018,金富科技,49.72,0.0,-35163305,-5.6043,-31528808,-3634497,35163305,
688031,星环科技-U,111.95,0.0894,-35362846,-5.8109,-33888346,-1474500,35362846,
002938,鹏鼎控股,90.5,0.6898,-35376672,-1.7335,-20039616,-15337056,35376672,
603823,百合花,55.0,-0.722,-35377299,-3.5411,-23622298,-11755001,35377299,
688127,蓝特光学,67.56,-4.1566,-35404905,-4.1985,-12052560,-23352345,35404905,
601328,交通银行,7.55,1.2064,-35547310,-3.2052,-89714638,54167328,35547310,
688813,泰金新能,138.99,-0.3156,-35562071,-5.7508,-24241362,-11320709,35562071,
300024,机器人,13.21,-0.0756,-35570025,-16.2405,-7891188,-27678837,35570025,
688011,新光光电,75.0,-5.0633,-36505794,-12.7008,-19517330,-16988464,36505794,
300953,震裕科技,97.89,-0.5183,-36654806,-5.3346,-17823717,-18831089,36654806,
688809,强一股份,524.6,-1.539,-36898861,-5.8703,-37901674,1002813,36898861,
603687,大胜达,15.77,-1.8668,-36930600,-12.9232,-20247880,-16682720,36930600,
300975,商络电子,27.04,0.1111,-37386922,-2.9944,-21422522,-15964400,37386922,
300638,广和通,20.32,2.6781,-37737065,-9.7775,-1091483,-36645582,37737065,
600666,奥瑞德,3.53,-0.2825,-37962937,-10.3866,-18025637,-19937300,37962937,
002971,和远气体,41.46,-2.8585,-38154776,-3.8073,-42932811,4778035,38154776,
688321,微芯生物,26.23,4.8361,-38302481,-8.7852,-35928958,-2373523,38302481,
601127,赛力斯,47.76,1.2079,-38346192,-3.9208,-16052199,-22293993,38346192,
000737,北方铜业,14.43,0.2083,-38480567,-4.794,-30278374,-8202193,38480567,
600282,南钢股份,4.43,-1.5556,-38491859,-15.4903,-59824358,21332499,38491859,
688635,长进光子,288.85,-2.0947,-38669750,-7.5813,-41716791,3047041,38669750,
603002,宏昌电子,19.34,0.8342,-39068611,-2.8126,-45021818,5953207,39068611,
002028,思源电气,138.89,0.6449,-39216970,-4.1441,-2484740,-36732230,39216970,
601108,财通证券,8.6,1.8957,-39217815,-8.7895,7719213,-46937028,39217815,
603120,肯特催化,61.99,4.6952,-39302493,-6.1071,-24894203,-14408290,39302493,
688260,昀冢科技,123.63,0.9307,-39466468,-3.2429,-117710372,78243904,39466468,
600105,永鼎股份,46.72,0.538,-39635280,-0.6256,-49225232,9589952,39635280,
600845,宝信软件,18.13,0.8904,-39862598,-9.8317,-4620947,-35241651,39862598,
301626,苏州天脉,332.0,3.7273,-39897443,-3.446,-69076211,29178768,39897443,
300243,瑞丰高材,22.46,2.3235,-40150239,-4.82,-3557838,-36592401,40150239,
002326,永太科技,17.3,-0.1731,-40326701,-15.3737,-25455362,-14871339,40326701,
002506,协鑫集成,2.52,1.2048,-40627103,-9.4759,-44630626,4003523,40627103,
688372,伟测科技,117.19,-2.7469,-40852740,-4.0374,-10611779,-30240961,40852740,
600880,博瑞传播,4.9,-3.5433,-40928913,-7.3612,-24728410,-16200503,40928913,
600478,科力远,4.55,-1.5152,-40946553,-29.1207,-35608739,-5337814,40946553,
688207,格灵深瞳,19.24,-3.5589,-40970001,-15.9609,-11087403,-29882598,40970001,
000993,闽东电力,20.43,4.2347,-41078724,-2.4154,-22044484,-19034240,41078724,
002636,金安国纪,81.38,0.6431,-41204304,-1.1989,41451648,-82655952,41204304,
300347,泰格医药,58.99,2.7879,-41360491,-4.2981,-13586561,-27773930,41360491,
688772,珠海冠宇,13.51,-1.2427,-42005462,-14.8676,-3660406,-38345056,42005462,
600362,江西铜业,44.24,0.4769,-42117649,-3.1885,-17540465,-24577184,42117649,
002735,王子新材,12.77,-1.39,-42434051,-7.6425,-28592783,-13841268,42434051,
603296,华勤技术,80.13,-0.2738,-42471970,-4.7778,-10658534,-31813436,42471970,
002041,登海种业,10.57,2.7211,-42757360,-8.8859,-23854924,-18902436,42757360,
002965,祥鑫科技,33.28,6.9752,-43114402,-3.1333,-18832833,-24281569,43114402,
301150,中一科技,41.25,-0.3623,-43121435,-5.3345,-8214137,-34907298,43121435,
002049,紫光国微,61.37,0.1469,-43481701,-6.6011,-39802259,-3679442,43481701,
300037,新宙邦,71.96,-1.5999,-43569985,-6.0439,-27385798,-16184187,43569985,
300236,上海新阳,90.3,-1.8478,-43584013,-7.2298,-24001521,-19582492,43584013,
601218,吉鑫科技,5.44,-1.982,-43594890,-5.6019,-20011637,-23583253,43594890,
300689,澄天伟业,66.1,-1.0479,-44031433,-11.18,-11471386,-32560047,44031433,
688166,博瑞医药,36.26,3.5113,-44131919,-8.4866,10528731,-54660650,44131919,
603890,春秋电子,17.32,-0.5169,-44154998,-12.2861,-22476815,-21678183,44154998,
002077,大港股份,14.42,-0.5517,-44431425,-5.4743,-26012923,-18418502,44431425,
300951,博硕科技,91.85,-1.3956,-44580835,-11.079,-29579855,-15000980,44580835,
600589,大位科技,7.85,0.3836,-44680870,-13.2773,-15219281,-29461589,44680870,
600219,南山铝业,4.77,-0.2092,-44776689,-10.2396,-24496199,-20280490,44776689,
603011,合锻智能,27.13,-0.9131,-45227762,-5.2332,-17626211,-27601551,45227762,
301529,福赛科技,137.9,8.4887,-45250973,-5.8808,-33870131,-11380842,45250973,
601069,西部黄金,27.51,-1.75,-45380117,-12.6147,-23006847,-22373270,45380117,
001365,天海电子,37.36,-2.5052,-45573621,-10.7366,-18058995,-27514626,45573621,
002134,天津普林,26.72,-1.4022,-45617890,-5.4259,-40549232,-5068658,45617890,
002120,韵达股份,7.06,1.2912,-45669975,-14.7723,-18585583,-27084392,45669975,
688545,兴福电子,79.45,-2.8966,-45791189,-5.5482,-43574615,-2216574,45791189,
002126,银轮股份,39.1,-0.6858,-45974235,-9.8378,-15168779,-30805456,45974235,
000048,京基智农,18.17,-1.6243,-45980214,-11.9092,-15889706,-30090508,45980214,
603221,爱丽家居,30.5,-2.3375,-46575257,-7.0011,-20188699,-26386558,46575257,
300153,科泰电源,28.1,-3.0031,-46926558,-8.2877,-18272367,-28654191,46926558,
600226,亨通股份,6.06,0.0,-47375259,-8.9802,-48819192,1443933,47375259,
300852,四会富仕,72.25,5.8143,-47679958,-5.0039,-40743184,-6936774,47679958,
301269,华大九天,89.39,0.4947,-47690156,-8.98,-7616326,-40073830,47690156,
000410,沈阳机床,5.44,-2.3339,-47713884,-10.4318,-34853792,-12860092,47713884,
001337,四川黄金,50.25,-0.2976,-47737145,-10.7516,-28830067,-18907078,47737145,
600418,江淮汽车,19.38,0.6753,-47779975,-4.7717,-33264657,-14515318,47779975,
603179,新泉股份,41.02,2.55,-48125135,-5.7331,14853796,-62978931,48125135,
002730,电光科技,23.61,-2.0332,-48373834,-17.1411,-12178622,-36195212,48373834,
301128,强瑞技术,121.95,-1.6136,-48376219,-7.1002,-54964187,6587968,48376219,
601949,中国出版,6.02,-1.473,-48562449,-11.307,-7392821,-41169628,48562449,
601111,中国国航,5.89,1.0292,-48960508,-11.5571,-35940607,-13019901,48960508,
300440,运达科技,17.25,-2.6524,-49106484,-17.1312,-31862726,-17243758,49106484,
688017,绿的谐波,288.88,-1.815,-49109354,-3.2848,-22214666,-26894688,49109354,
600400,红豆股份,3.6,4.0462,-49427989,-9.0919,-18595786,-30832203,49427989,
688220,翱捷科技-U,97.7,-2.6019,-49507251,-5.9717,-53067920,3560669,49507251,
000978,桂林旅游,8.39,0.3589,-49562642,-4.8741,-20803140,-28759502,49562642,
688206,概伦电子,38.02,-3.6004,-49644052,-10.427,-7654095,-41989957,49644052,
300322,硕贝德,19.26,4.4469,-49962462,-5.6691,-13236333,-36726129,49962462,
603026,石大胜华,60.09,-1.7334,-50459810,-13.8356,-30959492,-19500318,50459810,
000060,中金岭南,6.19,0.0,-50796575,-12.2567,-63081267,12284692,50796575,
002976,瑞玛精密,26.95,0.1859,-51125754,-12.2033,-21081980,-30043774,51125754,
300568,星源材质,16.05,0.9434,-51571542,-5.8243,-32040378,-19531164,51571542,
002528,*ST英飞,5.81,-10.0619,-51751544,-16.3771,-23451218,-28300326,51751544,
300184,力源信息,12.28,0.0,-52166604,-9.4249,-26282220,-25884384,52166604,
300418,昆仑万维,43.61,-0.4111,-52366550,-2.5203,-59378422,7011872,52366550,
600881,亚泰集团,1.9,-1.5544,-52377171,-12.0587,-54583771,2206600,52377171,
300345,华民股份,7.77,-1.145,-52378857,-12.891,-17594898,-34783959,52378857,
002300,太阳电缆,8.72,0.5767,-52760685,-4.5099,-12329318,-40431367,52760685,
001896,豫能控股,12.13,0.1652,-52907420,-6.5182,-41363011,-11544409,52907420,
002361,神剑股份,10.64,1.4299,-53023311,-7.2361,-23161384,-29861927,53023311,
601168,西部矿业,36.23,0.5551,-53300497,-5.255,2397657,-55698154,53300497,
603005,晶方科技,30.44,-0.6203,-53309652,-5.7187,-54970554,1660902,53309652,
600821,金开新能,6.12,-0.6494,-53460819,-17.0371,-46541827,-6918992,53460819,
002654,万润科技,14.15,-0.5622,-53466854,-12.1712,-33033555,-20433299,53466854,
301165,锐捷网络,116.46,-0.9273,-54665627,-4.6811,1248261,-55913888,54665627,
002025,航天电器,74.23,0.0404,-54671575,-7.1432,-41082373,-13589202,54671575,
003036,泰坦股份,54.01,-1.4056,-54987597,-13.4126,-30318795,-24668802,54987597,
688615,合合信息,85.94,-1.445,-55419553,-11.8347,-1785842,-53633711,55419553,
688508,芯朋微,89.55,-2.5783,-55723726,-12.1482,-22139375,-33584351,55723726,
601811,新华文轩,15.29,10.0,-55935526,-8.6951,-19138293,-36797233,55935526,
603501,豪威集团,80.78,-0.6029,-56483264,-6.4806,-60062988,3579724,56483264,
000807,云铝股份,26.77,-2.1922,-56962839,-3.7729,-58550839,1588000,56962839,
301611,珂玛科技,98.7,-0.2426,-57201672,-7.4935,-42799364,-14402308,57201672,
688020,方邦股份,153.7,2.3302,-57263756,-7.6889,10898175,-68161931,57263756,
688690,纳微科技,46.95,-0.5297,-57484770,-8.9755,-7487144,-49997626,57484770,
002980,华盛昌,118.45,-7.4826,-57906252,-2.6289,-88436844,30530592,57906252,
000630,铜陵有色,6.09,0.0,-58074892,-8.411,-2094270,-55980622,58074892,
000980,众泰汽车,2.24,-2.1834,-58319568,-7.7475,-35723949,-22595619,58319568,
002378,章源钨业,23.7,-0.3783,-58383962,-11.1233,-44226891,-14157071,58383962,
002471,中超控股,5.95,-0.1678,-58951106,-6.6964,-48687528,-10263578,58951106,
002881,美格智能,46.47,2.5828,-59519112,-11.3484,-10889181,-48629931,59519112,
002859,洁美科技,68.2,-0.438,-60181087,-4.7372,1502465,-61683552,60181087,
603938,三孚股份,50.35,0.0397,-60530014,-5.7357,-60394179,-135835,60530014,
600549,厦门钨业,50.2,-0.5744,-60668043,-3.723,-41606939,-19061104,60668043,
600673,东阳光,31.48,-1.9925,-61175303,-7.76,-36251743,-24923560,61175303,
600309,万华化学,70.51,-0.8995,-61319285,-3.2757,-112418293,51099008,61319285,
301308,江波龙,347.79,0.2392,-61596800,-1.6152,-185683504,124086704,61596800,
601991,大唐发电,5.59,0.1792,-61605011,-8.5114,-21002417,-40602594,61605011,
300196,长海股份,19.76,-3.6568,-61640956,-10.7815,-18633343,-43007613,61640956,
601233,桐昆股份,24.4,2.478,-61712042,-7.2284,-10637353,-51074689,61712042,
002631,德尔未来,14.14,6.8783,-61991127,-5.5901,-7206461,-54784666,61991127,
002428,云南锗业,93.49,-0.0107,-62631968,-1.4495,-530624,-62101344,62631968,
601869,长飞光纤,458.99,0.8791,-62813024,-1.4133,27551616,-90364640,62813024,
688728,格科微,14.79,-0.8713,-63262825,-14.9869,-14145663,-49117162,63262825,
600711,盛屯矿业,10.94,-0.816,-63455818,-13.5546,-32440327,-31015491,63455818,
300676,华大基因,42.38,6.7506,-63639887,-7.1969,-693112,-62946775,63639887,
002026,山东威达,10.99,-3.9336,-63885570,-19.1085,-54763195,-9122375,63885570,
000032,深桑达Ａ,14.49,-0.9569,-64298954,-16.911,-46105939,-18193015,64298954,
002640,跨境通,3.79,2.4324,-64335758,-6.8719,-51254146,-13081612,64335758,
688213,思特威-W,92.35,-2.0159,-64394034,-12.9287,-38643635,-25750399,64394034,
600066,宇通客车,25.73,-1.0765,-65750631,-6.1277,-47605396,-18145235,65750631,
688170,德龙激光,68.91,-2.0051,-66061086,-13.5797,-24773198,-41287888,66061086,
300499,高澜股份,37.04,-1.8028,-66539433,-5.5373,-43820713,-22718720,66539433,
600601,方正科技,15.25,5.1724,-66556512,-1.6548,11282928,-77839440,66556512,
300199,翰宇药业,23.59,0.383,-67006380,-5.9936,-74007948,7001568,67006380,
000533,顺钠股份,11.05,-1.6028,-67322277,-13.4979,-42054611,-25267666,67322277,
603226,菲林格尔,36.57,-6.4227,-68949896,-14.5916,-62173707,-6776189,68949896,
600875,东方电气,24.49,0.2867,-69704393,-11.5625,-51071240,-18633153,69704393,
603991,领先股份,175.62,-2.3357,-70072950,-11.0502,-1397817,-68675133,70072950,
600118,中国卫星,58.99,-1.0235,-71054751,-4.7662,-48920927,-22133824,71054751,
002298,中电鑫龙,9.2,2.2222,-71126834,-6.2297,-89163648,18036814,71126834,
300017,网宿科技,15.19,0.264,-71684784,-5.7925,-4502544,-67182240,71684784,
002600,领益智造,12.54,-0.318,-72836887,-8.267,-19055836,-53781051,72836887,
300671,富满微,60.12,-0.6938,-72855689,-7.1339,5407115,-78262804,72855689,
601698,中国卫通,24.04,-0.7022,-73633505,-14.6947,-34847509,-38785996,73633505,
601211,国泰海通,17.63,0.7429,-74467839,-6.6866,-6141309,-68326530,74467839,
000725,京东方Ａ,6.07,2.5338,-74518544,-0.6845,-79022848,4504304,74518544,
000338,潍柴动力,27.08,-0.5509,-74912547,-4.4082,43437661,-118350208,74912547,
002842,翔鹭钨业,35.1,-0.9034,-75833156,-9.3531,-37924819,-37908337,75833156,
603353,和顺石油,46.39,-4.449,-76808956,-9.8116,-61234591,-15574365,76808956,
003040,楚天龙,17.31,5.6777,-77039152,-3.811,49394784,-126433936,77039152,
002558,巨人网络,24.79,-0.7209,-77178484,-6.5174,-71680164,-5498320,77178484,
002261,拓维信息,25.94,-0.2308,-77272220,-6.809,-40922781,-36349439,77272220,
688981,中芯国际,122.01,0.0082,-77382384,-2.4466,-161259776,83877392,77382384,
600690,海尔智家,19.89,-3.8201,-77739126,-4.1784,-37422758,-40316368,77739126,
301183,东田微,303.53,0.132,-78883532,-5.8493,-48170348,-30713184,78883532,
300788,中信出版,34.7,-5.3464,-79591584,-12.3081,-61257522,-18334062,79591584,
300843,胜蓝股份,143.17,-1.1325,-80324616,-11.2165,-51511728,-28812888,80324616,
601600,中国铝业,9.18,-1.8182,-80509635,-5.1874,-103899747,23390112,80509635,
300607,拓斯达,33.09,-1.5179,-80586299,-10.582,-32410945,-48175354,80586299,
688362,甬矽电子,63.51,-1.9756,-81562177,-5.9187,-61725409,-19836768,81562177,
600941,中国移动,96.01,-0.6416,-81780579,-9.3105,-20434640,-61345939,81780579,
688385,复旦微电,59.3,-0.4867,-81830184,-9.0285,-24122815,-57707369,81830184,
002364,中恒电气,36.05,-0.3042,-82158358,-10.3395,-72397304,-9761054,82158358,
688343,云天励飞-U,65.21,-0.5945,-83022234,-9.9066,-37078490,-45943744,83022234,
300139,晓程科技,48.02,-0.9488,-84052273,-8.8198,-32296408,-51755865,84052273,
603650,彤程新材,71.99,-2.121,-84435875,-5.7427,-58163715,-26272160,84435875,
603308,应流股份,41.97,-3.3172,-85121769,-8.2357,-132372673,47250904,85121769,
688596,正帆科技,65.94,-3.0294,-85166818,-7.5053,-73184779,-11982039,85166818,
688099,晶晨股份,89.19,0.7797,-85585472,-11.3249,-45057927,-40527545,85585472,
003013,地铁设计,17.25,-10.0156,-86147765,-27.3676,-75201415,-10946350,86147765,
002484,江海股份,60.68,-1.3012,-88188706,-3.8487,-140323714,52135008,88188706,
603678,火炬电子,50.93,1.2525,-88740570,-6.4268,-46287036,-42453534,88740570,
300620,光库科技,294.48,-0.9852,-88828800,-2.3494,-2424976,-86403824,88828800,
000415,渤海租赁,4.31,-2.4887,-88887385,-23.5476,-47390092,-41497293,88887385,
300077,国民技术,22.51,1.4878,-89603728,-6.6859,-25712339,-63891389,89603728,
600497,驰宏锌锗,9.66,1.046,-90716418,-12.3372,-45406665,-45309753,90716418,
600879,航天电子,14.72,0.0,-92819143,-10.0865,-48023871,-44795272,92819143,
002851,麦格米特,124.8,-1.5773,-93120928,-3.3213,-113262080,20141152,93120928,
688126,沪硅产业,24.66,1.0242,-93393471,-7.5858,-82797071,-10596400,93393471,
002414,高德红外,12.38,-0.4023,-93643437,-17.1549,-34974147,-58669290,93643437,
300740,水羊股份,23.08,1.674,-93713804,-11.1555,-28517368,-65196436,93713804,
300300,海峡创新,9.29,-1.6931,-93924459,-9.3297,-66134260,-27790199,93924459,
601872,招商轮船,22.91,2.4597,-94778400,-2.4808,-8758720,-86019680,94778400,
300751,迈为股份,202.25,-0.286,-95124659,-6.9369,-47039935,-48084724,95124659,
688388,嘉元科技,29.5,-4.4689,-96041780,-5.2951,-126092068,30050288,96041780,
601688,华泰证券,18.47,0.7638,-97649915,-11.363,-17763884,-79886031,97649915,
600489,中金黄金,23.61,-1.8295,-99315843,-6.8996,-108940691,9624848,99315843,
688396,华润微,61.5,1.168,-99618316,-9.7876,-47434982,-52183334,99618316,
002552,宝鼎科技,54.11,-0.2397,-99774504,-9.0118,-54265265,-45509239,99774504,
000021,深科技,37.22,0.7307,-100233504,-3.2751,-22315664,-77917840,100233504,
688114,华大智造,73.11,1.584,-101479888,-9.6021,-44111196,-57368692,101479888,
600354,敦煌种业,10.46,2.2483,-101649179,-7.6464,-50436679,-51212500,101649179,
300776,帝尔激光,124.68,0.0241,-102387374,-8.7068,-73125294,-29262080,102387374,
000975,山金国际,24.62,-3.4888,-104181443,-9.7985,-63286014,-40895429,104181443,
002584,西陇科学,9.76,0.1026,-104525697,-5.9092,-26129121,-78396576,104525697,
688548,广钢气体,33.23,1.003,-104670408,-6.7472,-50767176,-53903232,104670408,
603686,福龙马,15.22,-1.616,-104688796,-7.2394,-118307724,13618928,104688796,
300909,汇创达,65.26,9.7176,-107417361,-14.6505,-38172898,-69244463,107417361,
000981,山子高科,2.95,-1.6667,-109470812,-6.4527,-73119020,-36351792,109470812,
300497,富祥股份,20.83,-2.5725,-110330537,-8.5859,-44981177,-65349360,110330537,
300450,先导智能,32.43,-0.3074,-111606894,-11.5768,-47229478,-64377416,111606894,
600703,三安光电,12.98,0.0,-112561465,-8.9589,-75119847,-37441618,112561465,
002202,金风科技,18.13,-0.3846,-112855633,-9.9095,-47473069,-65382564,112855633,
603989,艾华集团,33.87,-2.6164,-113509134,-9.8666,-54082457,-59426677,113509134,
605111,新洁能,61.52,-2.1161,-113907835,-10.1713,-83538403,-30369432,113907835,
301205,联特科技,321.0,-0.8157,-114420963,-7.4421,-52818579,-61602384,114420963,
600163,中闽能源,5.91,-4.3689,-114760011,-16.2054,-115287261,527250,114760011,
300398,飞凯材料,38.35,0.0,-115756696,-8.1114,-42618888,-73137808,115756696,
002281,光迅科技,193.76,-0.8393,-116048256,-2.1922,-61662880,-54385376,116048256,
600448,华纺股份,3.89,9.887,-118586955,-12.6413,-130422934,11835979,118586955,
688630,芯碁微装,422.9,-3.8492,-118712079,-6.3845,-43473871,-75238208,118712079,
688209,英集芯,36.7,-1.6877,-119186170,-15.6435,-25738847,-93447323,119186170,
300131,英唐智控,15.71,-2.7245,-119673609,-10.2331,-78219354,-41454255,119673609,
600160,巨化股份,34.85,0.3166,-120486316,-12.9692,17117856,-137604172,120486316,
688037,芯源微,356.0,-2.1924,-120683296,-8.0007,-30537200,-90146096,120683296,
002716,湖南白银,9.72,-1.3198,-123431181,-11.0516,-65729672,-57701509,123431181,
002579,中京电子,19.46,-2.1619,-125518835,-4.8398,-125651475,132640,125518835,
688536,思瑞浦,356.05,0.8069,-128819867,-13.4176,-72180028,-56639839,128819867,
300054,鼎龙股份,72.11,-0.6476,-129425470,-8.8415,-19756078,-109669392,129425470,
605117,德业股份,81.97,-3.1431,-130609630,-14.1785,-86247190,-44362440,130609630,
000426,兴业银锡,34.93,-1.5224,-130927334,-9.8812,-68457526,-62469808,130927334,
002443,金洲管道,13.14,5.12,-133808458,-19.092,-45054871,-88753587,133808458,
300806,斯迪克,56.35,-2.6938,-143799896,-8.1365,-69779560,-74020336,143799896,
688627,精智达,490.0,-2.5845,-143867488,-7.6541,-87691536,-56175952,143867488,
688222,成都先导,45.48,13.7853,-145451159,-7.4014,1321801,-146772960,145451159,
601919,中远海控,16.71,3.7888,-146764924,-8.2811,-145906188,-858736,146764924,
600498,烽火通信,44.15,0.3637,-149132896,-3.9375,-179554048,30421152,149132896,
688110,东芯股份,120.51,-1.5119,-151241547,-9.5519,-134855563,-16385984,151241547,
300408,三环集团,129.84,-0.8552,-151303200,-1.8391,-121712832,-29590368,151303200,
600206,有研新材,51.32,-0.5426,-151807024,-3.9456,-97648928,-54158096,151807024,
002241,歌尔股份,23.8,2.0146,-152649536,-6.8217,58894672,-211544208,152649536,
600988,赤峰黄金,42.96,-2.9372,-152954798,-9.3007,-55758286,-97196512,152954798,
601212,白银有色,6.17,-1.9078,-153944603,-11.8089,-87488934,-66455669,153944603,
688072,拓荆科技,725.81,0.7985,-156470480,-5.2039,-207959264,51488784,156470480,
603248,锡华科技,24.25,-1.3024,-156888153,-15.7341,-135080163,-21807990,156888153,
301526,国际复材,31.32,0.449,-157028096,-3.6231,-117763200,-39264896,157028096,
603993,洛阳钼业,17.59,0.4569,-158959296,-8.5212,-83503760,-75455536,158959296,
002155,湖南黄金,25.29,-1.8245,-162216183,-13.9648,-135337351,-26878832,162216183,
600577,精达股份,8.98,2.9817,-163025292,-11.2444,-113814945,-49210347,163025292,
002008,大族激光,96.55,-3.0622,-163149376,-3.1453,-192699424,29550048,163149376,
688195,腾景科技,190.1,-4.7022,-164087904,-6.4772,-62737536,-101350368,164087904,
300757,罗博特科,620.78,0.029,-168225920,-6.2508,-153058624,-15167296,168225920,
301217,铜冠铜箔,111.53,-1.5535,-169160720,-6.1576,-37017664,-132143056,169160720,
301536,星宸科技,125.92,0.1193,-170175296,-10.3455,-68618080,-101557216,170175296,
300179,四方达,45.06,-0.6176,-171080141,-7.4539,-136784653,-34295488,171080141,
300623,捷捷微电,35.03,-0.7649,-171211355,-13.6764,-70519196,-100692159,171211355,
688777,中控技术,81.8,-7.0455,-173421783,-11.4608,-127903543,-45518240,173421783,
002409,雅克科技,137.43,-1.0084,-176257657,-7.4798,-161697321,-14560336,176257657,
688261,东微半导,79.32,-2.5194,-177035175,-18.8759,-128796022,-48239153,177035175,
688549,中巨芯-U,24.17,-0.78,-177655571,-11.2918,-100191971,-77463600,177655571,
002245,蔚蓝锂芯,17.54,-3.8904,-180501696,-16.5057,-124949296,-55552400,180501696,
600367,红星发展,37.62,-1.0,-181325133,-10.119,-150615965,-30709168,181325133,
688012,中微公司,353.55,-0.386,-182184560,-4.2849,-211452944,29268384,182184560,
600378,昊华科技,47.75,-0.5208,-183036071,-8.3273,-111866823,-71169248,183036071,
300613,富瀚微,82.32,3.1579,-184222523,-12.3716,-33391429,-150831094,184222523,
603118,共进股份,18.65,1.1937,-188037193,-8.0342,-89055929,-98981264,188037193,
300346,南大光电,55.62,-0.6786,-189033683,-9.9963,-131715203,-57318480,189033683,
002407,多氟多,32.99,-0.6625,-190062959,-9.8501,-112930751,-77132208,190062959,
600460,士兰微,33.27,1.5258,-190507840,-5.5974,-71487104,-119020736,190507840,
300058,蓝色光标,13.16,0.076,-195009858,-8.972,-151871266,-43138592,195009858,
000858,五粮液,70.27,0.3857,-195288283,-16.4453,-144159371,-51128912,195288283,
688820,盛合晶微,139.2,-2.5688,-197870138,-10.5052,-211748890,13878752,197870138,
603986,兆易创新,391.71,0.9094,-198942176,-1.5321,-252077744,53135568,198942176,
000592,平潭发展,8.5,-1.5064,-200971390,-8.6343,-91994798,-108976592,200971390,
002815,崇达技术,23.88,2.0513,-202764654,-11.3897,-50254366,-152510288,202764654,
600186,莲花控股,12.5,-0.8723,-205632530,-11.6541,-107762738,-97869792,205632530,
600110,诺德股份,12.53,2.0358,-206516415,-7.4226,-94881679,-111634736,206516415,
601138,工业富联,63.6,1.4192,-207284464,-3.4257,-341929040,134644576,207284464,
000100,TCL科技,5.08,1.8036,-207643280,-7.1148,-120903536,-86739744,207643280,
300223,君正股份,146.1,2.1893,-207689120,-4.9589,-183103008,-24586112,207689120,
688678,福立旺,27.93,13.1686,-209577621,-14.6233,-63171029,-146406592,209577621,
603019,中科曙光,83.94,-0.427,-209671356,-12.1545,-126309836,-83361520,209671356,
300207,欣旺达,19.67,-1.7973,-210025427,-14.5193,-122397187,-87628240,210025427,
688795,摩尔线程-U,412.0,0.4878,-213863824,-8.8274,-140205728,-73658096,213863824,
603268,松发股份,221.55,6.5144,-216315472,-9.1413,-113258240,-103057232,216315472,
600667,太极实业,20.3,-0.782,-223547456,-4.9561,-133051104,-90496352,223547456,
300458,全志科技,31.68,1.3112,-224507642,-17.5908,-75691393,-148816249,224507642,
300570,太辰光,223.7,-2.4635,-224720768,-5.0941,-86390432,-138330336,224720768,
002156,通富微电,61.18,-0.3258,-230733216,-5.0793,-60635728,-170097488,230733216,
600353,旭光电子,33.64,-2.5775,-231416310,-11.484,-243257158,11840848,231416310,
603629,利通电子,111.5,-1.8486,-234095466,-10.2953,-111766906,-122328560,234095466,
002913,奥士康,84.5,0.5234,-234463647,-14.1073,-104753167,-129710480,234463647,
688432,有研硅,54.59,-3.9247,-236554656,-6.4506,-158489968,-78064688,236554656,
688702,盛科通信-U,327.0,-2.3297,-240521184,-9.9879,-186471040,-54050144,240521184,
300319,麦捷科技,21.51,-0.2319,-241644059,-10.944,-116645627,-124998432,241644059,
300750,宁德时代,297.1,-1.6062,-244895264,-1.6597,558051552,-802946816,244895264,
300442,润泽科技,62.55,-1.1692,-247127427,-20.2805,-67440771,-179686656,247127427,
000938,紫光股份,33.84,-0.324,-250317968,-7.0154,-179336656,-70981312,250317968,
002371,北方华创,676.61,-1.4421,-252905344,-6.2808,-228003136,-24902208,252905344,
300285,国瓷材料,67.38,0.3276,-255462480,-4.144,-245499648,-9962832,255462480,
688167,炬光科技,299.51,-3.8861,-257256016,-10.4525,-137240016,-120016000,257256016,
688802,沐曦股份-U,564.0,1.6528,-274916864,-7.5887,-229585440,-45331424,274916864,
002902,铭普光磁,30.2,-3.2051,-293069783,-20.1961,-240818656,-52251127,293069783,
300903,科翔股份,109.52,-1.5019,-296492192,-14.3462,-91579312,-204912880,296492192,
600547,山东黄金,32.23,-1.6478,-297124405,-15.0689,-14193877,-282930528,297124405,
002837,英维克,62.23,-1.6593,-303934134,-14.1004,-215686374,-88247760,303934134,
000977,浪潮信息,71.85,-0.0417,-304482304,-9.1324,-153271136,-151211168,304482304,
688629,华丰科技,128.4,-3.6976,-306105648,-15.7192,-172901792,-133203856,306105648,
603083,剑桥科技,223.32,-2.044,-314493344,-7.3062,-221982032,-92511312,314493344,
688120,华海清科,257.6,-2.2131,-344902624,-12.1229,-117414976,-227487648,344902624,
688135,利扬芯片,36.37,-12.7609,-345800775,-24.2949,-178049623,-167751152,345800775,
300672,国科微,201.0,8.3616,-384932352,-11.791,-45797680,-339134672,384932352,
300014,亿纬锂能,49.97,-3.0838,-407950896,-15.9634,-334782288,-73168608,407950896,
002475,立讯精密,54.44,0.6285,-408499280,-11.6462,-161960464,-246538816,408499280,
601899,紫金矿业,31.3,-0.3502,-416859152,-11.742,-298127696,-118731456,416859152,
002396,星网锐捷,37.74,-2.982,-426861392,-12.5853,-332619280,-94242112,426861392,
000333,美的集团,80.9,-4.1469,-482945216,-9.5897,-49639136,-433306080,482945216,
000636,风华高科,59.25,1.8041,-526729552,-5.4552,-400579120,-126150432,526729552,
688361,中科飞测,386.99,0.1631,-584997168,-16.4282,-225455712,-359541456,584997168,
000657,中钨高新,60.49,-2.0563,-661524896,-14.3999,-303151840,-358373056,661524896,
600584,长电科技,72.22,-1.0685,-684351360,-8.2178,-377554000,-306797360,684351360,
002384,东山精密,195.02,-0.5761,-684440560,-6.9769,-501117376,-183323184,684440560,
300394,天孚通信,279.26,-1.897,-1292143936,-13.3586,-815531152,-476612784,1292143936,
002185,华天科技,18.55,2.8841,-1299781456,-12.1371,-1141278256,-158503200,1299781456,
