atlas_id,name,province,lon,lat,point_role,elevation_raw_m,elevation_m,elevation_display,grid_spacing_m,range_status,official_source,coordinate_source,source_crs,coordinate_method,matched,coordinate_status,coordinate_note,elevation_warning,dem_tile,snapshot_date
001,故宫博物院,北京,116.39078392801488,39.91665658441206,公开地图代表点,63.0,63,约60米,29.3,未取得可用于本图的公开区间,https://sjfw.mct.gov.cn/site/dataservice/culdetails?curId=10&id=34780,https://a.amap.com/Loca/static/mock/china5a.csv,GCJ-02,GCJ-02数值反算至WGS84,东城区故宫博物院,来源定位点，未实地测量,,,12_3372_1551.png,2026-10-05
002,天坛公园,北京,116.40464600706787,39.88054633759129,公开地图代表点,49.0,49,约50米,29.3,未取得可用于本图的公开区间,https://sjfw.mct.gov.cn/site/dataservice/culdetails?curId=10&id=34781,https://a.amap.com/Loca/static/mock/china5a.csv,GCJ-02,GCJ-02数值反算至WGS84,东城区天坛公园,来源定位点，未实地测量,,,12_3372_1552.png,2026-10-05
003,颐和园,北京,116.26683374042953,39.99120524035596,公开地图代表点,49.01953125,49,约50米,29.3,未取得可用于本图的公开区间,https://sjfw.mct.gov.cn/site/dataservice/culdetails?curId=10&id=34782,https://a.amap.com/Loca/static/mock/china5a.csv,GCJ-02,GCJ-02数值反算至WGS84,海淀区颐和园,来源定位点，未实地测量,,,12_3370_1550.png,2026-10-05
004,八达岭—慕田峪长城旅游区,北京,116.53814374687592,40.41636593577862,公开地图代表点,203.0,203,约200米,29.1,未取得可用于本图的公开区间,https://sjfw.mct.gov.cn/site/dataservice/culdetails?curId=10&id=34783,https://a.amap.com/Loca/static/mock/china5a.csv,GCJ-02,GCJ-02数值反算至WGS84,八达岭慕田峪长城旅游区,来源定位点，未实地测量,,,12_3373_1544.png,2026-10-05
005,明十三陵景区,北京,116.21929906365389,40.25692403119608,公开地图代表点,105.0,105,约100米,29.2,未取得可用于本图的公开区间,https://sjfw.mct.gov.cn/site/dataservice/culdetails?curId=10&id=34784,https://a.amap.com/Loca/static/mock/china5a.csv,GCJ-02,GCJ-02数值反算至WGS84,昌平区明十三陵景区(神路-定陵-长陵-昭陵),来源定位点，未实地测量,,,12_3370_1546.png,2026-10-05
006,恭王府博物馆,北京,116.38007420938597,39.93581440758266,公开地图代表点,58.0,58,约60米,29.3,未取得可用于本图的公开区间,https://sjfw.mct.gov.cn/site/dataservice/culdetails?curId=10&id=34785,https://a.amap.com/Loca/static/mock/china5a.csv,GCJ-02,GCJ-02数值反算至WGS84,西城区恭王府景区,来源定位点，未实地测量,,,12_3372_1551.png,2026-10-05
007,北京奥林匹克公园,北京,116.39321358927658,39.98833760920114,公开地图代表点,51.0,51,约50米,29.3,未取得可用于本图的公开区间,https://sjfw.mct.gov.cn/site/dataservice/culdetails?curId=10&id=34786,https://a.amap.com/Loca/static/mock/china5a.csv,GCJ-02,GCJ-02数值反算至WGS84,朝阳区北京奥林匹克公园(鸟巢-水立方-中国科技馆-国家奥林匹克森林公园),来源定位点，未实地测量,,,12_3372_1550.png,2026-10-05
008,圆明园遗址公园景区,北京,116.2925,40.007222,公开地图代表点,48.0,48,约50米,29.3,未取得可用于本图的公开区间,https://sjfw.mct.gov.cn/site/dataservice/culdetails?curId=10&id=34787,https://loreroutes.com/data/china-5a-scenic-areas.json,WGS84,来源原值,圆明园景区,来源定位点，未实地测量,,,12_3371_1550.png,2026-10-05
009,北京（通州）大运河文化旅游景区,北京,116.740689,39.869599,公开地图代表点,23.0,23,约20米,29.3,未取得可用于本图的公开区间,https://sjfw.mct.gov.cn/site/dataservice/culdetails?curId=10&id=34788,https://loreroutes.com/data/china-5a-scenic-areas.json,WGS84,来源原值,北京（通州）大运河文化旅游景区,来源定位点，未实地测量,,,12_3376_1552.png,2026-10-05
010,天津古文化街旅游区（津门故里）,天津,117.1854618516337,39.1428951642579,公开地图代表点,10.0,10,约10米,29.6,未取得可用于本图的公开区间,https://sjfw.mct.gov.cn/site/dataservice/culdetails?curId=10&id=34789,https://a.amap.com/Loca/static/mock/china5a.csv,GCJ-02,GCJ-02数值反算至WGS84,南开区天津古文化街旅游区（津门故里）,来源定位点，未实地测量,,,12_3381_1563.png,2026-10-05
011,盘山风景名胜区,天津,117.27330763188111,40.0919910011329,公开地图代表点,366.0,366,约370米,29.2,未取得可用于本图的公开区间,https://sjfw.mct.gov.cn/site/dataservice/culdetails?curId=10&id=34790,https://a.amap.com/Loca/static/mock/china5a.csv,GCJ-02,GCJ-02数值反算至WGS84,蓟州区盘山风景名胜区,来源定位点，未实地测量,,,12_3382_1549.png,2026-10-05
012,承德市承德避暑山庄及周围寺庙景区,河北,117.93945913296905,40.99815982723135,公开地图代表点,341.0,341,约340米,28.8,未取得可用于本图的公开区间,https://sjfw.mct.gov.cn/site/dataservice/culdetails?curId=10&id=34791,https://a.amap.com/Loca/static/mock/china5a.csv,GCJ-02,GCJ-02数值反算至WGS84,承德市双桥区承德避暑山庄及周围寺庙景区(普陀宗乘-须弥福寺-普宁寺-普佑寺),来源定位点，未实地测量,,,12_3389_1535.png,2026-10-05
013,白洋淀景区,河北,115.9671953071783,38.93879336116796,公开地图代表点,7.0,7,约10米,29.7,未取得可用于本图的公开区间,https://sjfw.mct.gov.cn/site/dataservice/culdetails?curId=10&id=34792,https://a.amap.com/Loca/static/mock/china5a.csv,GCJ-02,GCJ-02数值反算至WGS84,保定市安新县白洋淀景区(文化苑-大观园-鸳鸯岛-元妃荷园-嘎子印象-渔人乐园),来源定位点，未实地测量,,,12_3367_1566.png,2026-10-05
014,保定市野三坡景区,河北,115.37906435378558,39.66704772262125,公开地图代表点,344.0,344,约340米,29.4,未取得可用于本图的公开区间,https://sjfw.mct.gov.cn/site/dataservice/culdetails?curId=10&id=34793,https://a.amap.com/Loca/static/mock/china5a.csv,GCJ-02,GCJ-02数值反算至WGS84,保定市涞水县野三坡景区(百里峡-白草畔-鱼谷洞-龙门天关),来源定位点，未实地测量,,,12_3360_1555.png,2026-10-05
015,石家庄市西柏坡景区,河北,113.95266233852395,38.356964005667216,公开地图代表点,235.0,235,约240米,30.0,未取得可用于本图的公开区间,https://sjfw.mct.gov.cn/site/dataservice/culdetails?curId=10&id=34794,https://a.amap.com/Loca/static/mock/china5a.csv,GCJ-02,GCJ-02数值反算至WGS84,石家庄平山县西柏坡景区,来源定位点，未实地测量,,,12_3344_1574.png,2026-10-05
016,唐山市清东陵景区,河北,117.65909870731144,40.18867353658616,公开地图代表点,123.0,123,约120米,29.2,未取得可用于本图的公开区间,https://sjfw.mct.gov.cn/site/dataservice/culdetails?curId=10&id=34795,https://a.amap.com/Loca/static/mock/china5a.csv,GCJ-02,GCJ-02数值反算至WGS84,唐山市遵化市清东陵景区,来源定位点，未实地测量,,,12_3386_1547.png,2026-10-05
017,邯郸市娲皇宫景区,河北,113.60285704768818,36.63363943742295,公开地图代表点,505.0,505,约500米,30.7,未取得可用于本图的公开区间,https://sjfw.mct.gov.cn/site/dataservice/culdetails?curId=10&id=34796,https://a.amap.com/Loca/static/mock/china5a.csv,GCJ-02,GCJ-02数值反算至WGS84,邯郸市涉县娲皇宫景区,来源定位点，未实地测量,,,12_3340_1599.png,2026-10-05
018,邯郸市广府古城景区,河北,114.72449891851923,36.70084264462164,公开地图代表点,47.0,47,约50米,30.6,未取得可用于本图的公开区间,https://sjfw.mct.gov.cn/site/dataservice/culdetails?curId=10&id=34797,https://a.amap.com/Loca/static/mock/china5a.csv,GCJ-02,GCJ-02数值反算至WGS84,邯郸市永年县广府古城景区,来源定位点，未实地测量,,,12_3353_1598.png,2026-10-05
019,保定市白石山景区,河北,114.68880321020426,39.21430378224734,公开地图代表点,1794.0,1794,约1790米,29.6,未取得可用于本图的公开区间,https://sjfw.mct.gov.cn/site/dataservice/culdetails?curId=10&id=34798,https://a.amap.com/Loca/static/mock/china5a.csv,GCJ-02,GCJ-02数值反算至WGS84,保定市涞源县白石山景区,来源定位点，未实地测量,,,12_3352_1562.png,2026-10-05
020,秦皇岛市山海关景区,河北,119.754144,40.009364,公开地图代表点,26.0,26,约30米,29.3,未取得可用于本图的公开区间,https://sjfw.mct.gov.cn/site/dataservice/culdetails?curId=10&id=34799,https://loreroutes.com/data/china-5a-scenic-areas.json,WGS84,来源原值,山海关景区,来源定位点，未实地测量,,,12_3410_1550.png,2026-10-05
021,保定市清西陵景区,河北,115.3467,39.36389,公开地图代表点,99.0,99,约100米,29.5,未取得可用于本图的公开区间,https://sjfw.mct.gov.cn/site/dataservice/culdetails?curId=10&id=34800,https://loreroutes.com/data/china-5a-scenic-areas.json,WGS84,来源原值,清西陵景区,来源定位点，未实地测量,,,12_3360_1560.png,2026-10-05
022,承德市金山岭长城景区,河北,117.232864,40.676644,公开地图代表点,403.0,403,约400米,29.0,未取得可用于本图的公开区间,https://sjfw.mct.gov.cn/site/dataservice/culdetails?curId=10&id=34801,https://loreroutes.com/data/china-5a-scenic-areas.json,WGS84,来源原值,金山岭长城景区,来源定位点，未实地测量,,,12_3381_1540.png,2026-10-05
023,唐山市南湖·开滦旅游景区,河北,118.1547,39.5945,公开地图代表点,12.0,12,约10米,29.5,未取得可用于本图的公开区间,https://sjfw.mct.gov.cn/site/dataservice/culdetails?curId=10&id=34802,https://loreroutes.com/data/china-5a-scenic-areas.json,WGS84,来源原值,南湖·开滦旅游景区,来源定位点，未实地测量,,,12_3392_1556.png,2026-10-05
024,衡水市衡水湖旅游景区,河北,115.591667,37.613889,公开地图代表点,22.0,22,约20米,30.3,未取得可用于本图的公开区间,https://sjfw.mct.gov.cn/site/dataservice/culdetails?curId=10&id=34803,https://loreroutes.com/data/china-5a-scenic-areas.json,WGS84,来源原值,衡水湖旅游景区,来源定位点，未实地测量,,,12_3363_1585.png,2026-10-05
025,大同市云冈石窟景区,山西,113.1376862322808,40.10850874992682,公开地图代表点,1135.0,1135,约1140米,29.2,未取得可用于本图的公开区间,https://sjfw.mct.gov.cn/site/dataservice/culdetails?curId=10&id=34804,https://a.amap.com/Loca/static/mock/china5a.csv,GCJ-02,GCJ-02数值反算至WGS84,大同市南郊区云冈石窟景区,来源定位点，未实地测量,,,12_3335_1549.png,2026-10-05
026,忻州市五台山风景名胜区,山西,113.58419348437803,38.96800644805104,公开地图代表点,2017.0,2017,约2020米,29.7,未取得可用于本图的公开区间,https://sjfw.mct.gov.cn/site/dataservice/culdetails?curId=10&id=34805,https://a.amap.com/Loca/static/mock/china5a.csv,GCJ-02,GCJ-02数值反算至WGS84,忻州市五台县五台山风景名胜区,来源定位点，未实地测量,,,12_3340_1565.png,2026-10-05
027,晋城市皇城相府生态文化旅游区,山西,112.57700124033553,35.514211246359835,公开地图代表点,622.0,622,约620米,31.1,未取得可用于本图的公开区间,https://sjfw.mct.gov.cn/site/dataservice/culdetails?curId=10&id=34806,https://a.amap.com/Loca/static/mock/china5a.csv,GCJ-02,GCJ-02数值反算至WGS84,晋城市阳城县皇城相府生态文化旅游区,来源定位点，未实地测量,,,12_3328_1615.png,2026-10-05
028,晋中市绵山风景区,山西,112.02079528690584,36.889239063179296,公开地图代表点,1873.0,1873,约1870米,30.6,未取得可用于本图的公开区间,https://sjfw.mct.gov.cn/site/dataservice/culdetails?curId=10&id=34807,https://a.amap.com/Loca/static/mock/china5a.csv,GCJ-02,GCJ-02数值反算至WGS84,晋中市介休市绵山风景名胜区,来源定位点，未实地测量,,,12_3322_1595.png,2026-10-05
029,晋中市平遥古城景区,山西,112.17695591092179,37.20361922430597,公开地图代表点,762.0,762,约760米,30.4,未取得可用于本图的公开区间,https://sjfw.mct.gov.cn/site/dataservice/culdetails?curId=10&id=34808,https://a.amap.com/Loca/static/mock/china5a.csv,GCJ-02,GCJ-02数值反算至WGS84,晋中市平遥县平遥古城景区,来源定位点，未实地测量,,,12_3324_1591.png,2026-10-05
030,忻州市雁门关景区,山西,112.8817013710091,39.18156409003113,公开地图代表点,1485.0,1485,约1480米,29.6,未取得可用于本图的公开区间,https://sjfw.mct.gov.cn/site/dataservice/culdetails?curId=10&id=34809,https://a.amap.com/Loca/static/mock/china5a.csv,GCJ-02,GCJ-02数值反算至WGS84,忻州市代县雁门关景区,来源定位点，未实地测量,,,12_3332_1562.png,2026-10-05
031,临汾市洪洞大槐树寻根祭祖园旅游景区,山西,111.6765,36.2678,公开地图代表点,450.0,450,约450米,30.8,未取得可用于本图的公开区间,https://sjfw.mct.gov.cn/site/dataservice/culdetails?curId=10&id=34810,https://loreroutes.com/data/china-5a-scenic-areas.json,WGS84,来源原值,洪洞大槐树寻根祭祖园景区,来源定位点，未实地测量,,,12_3318_1604.png,2026-10-05
032,长治市太行山大峡谷八泉峡景区,山西,113.55186721118355,35.95439727207036,公开地图代表点,1008.0,1008,约1010米,30.9,未取得可用于本图的公开区间,https://sjfw.mct.gov.cn/site/dataservice/culdetails?curId=10&id=34811,https://ditu.amap.com/place/B0L0H5QTXF,GCJ-02,GCJ-02数值反算至WGS84,太行山大峡谷八泉峡景区步道,名称及行政位置已核对，未实测,以高德具名POI替换冲突来源,,12_3339_1609.png,2026-10-05
033,临汾市云丘山景区,山西,111.032285,35.741793,公开地图代表点,658.0,658,约660米,31.0,未取得可用于本图的公开区间,https://sjfw.mct.gov.cn/site/dataservice/culdetails?curId=10&id=34812,https://loreroutes.com/data/china-5a-scenic-areas.json,WGS84,来源原值,云丘山景区,来源定位点，未实地测量,,,12_3311_1612.png,2026-10-05
034,黄河壶口瀑布旅游区(陕西省延安市·山西省临汾市),山西 / 陕西,110.44394,36.14883,公开地图代表点,454.0,454,约450米,30.9,未取得可用于本图的公开区间,https://sjfw.mct.gov.cn/site/dataservice/culdetails?curId=10&id=34813,https://loreroutes.com/data/china-5a-scenic-areas.json,WGS84,来源原值,黄河壶口瀑布旅游区,来源定位点，未实地测量,,,12_3304_1606.png,2026-10-05
035,太原市晋祠天龙山景区,山西,112.43579,37.708318,公开地图代表点,810.0,810,约810米,30.2,未取得可用于本图的公开区间,https://sjfw.mct.gov.cn/site/dataservice/culdetails?curId=10&id=34814,https://loreroutes.com/data/china-5a-scenic-areas.json,WGS84,来源原值,晋祠天龙山景区,来源定位点，未实地测量,,,12_3327_1584.png,2026-10-05
036,晋中市乔家大院景区,山西,112.43077379469955,37.40567894545615,公开地图代表点,771.0,771,约770米,30.4,未取得可用于本图的公开区间,https://sjfw.mct.gov.cn/site/dataservice/culdetails?curId=10&id=34815,https://a.amap.com/Loca/static/mock/china5a.csv,GCJ-02,GCJ-02数值反算至WGS84,晋中市祁县乔家大院文化园区,来源定位点，未实地测量,,,12_3327_1588.png,2026-10-05
037,鄂尔多斯市响沙湾旅游景区,内蒙古,109.980357,40.237962,公开地图代表点,1206.0,1206,约1210米,29.2,未取得可用于本图的公开区间,https://sjfw.mct.gov.cn/site/dataservice/culdetails?curId=10&id=34816,https://loreroutes.com/data/china-5a-scenic-areas.json,WGS84,来源原值,响沙湾旅游景区,来源定位点，未实地测量,,,12_3299_1547.png,2026-10-05
038,鄂尔多斯市成吉思汗陵旅游区,内蒙古,109.778863,39.371387,公开地图代表点,1386.0,1386,约1390米,29.5,未取得可用于本图的公开区间,https://sjfw.mct.gov.cn/site/dataservice/culdetails?curId=10&id=34817,https://loreroutes.com/data/china-5a-scenic-areas.json,WGS84,来源原值,成吉思汗陵旅游区,来源定位点，未实地测量,,,12_3297_1559.png,2026-10-05
039,呼伦贝尔市中俄边境旅游区,内蒙古,117.38622928907517,49.61151387481504,公开地图代表点,653.0,653,约650米,24.8,未取得可用于本图的公开区间,https://sjfw.mct.gov.cn/site/dataservice/culdetails?curId=10&id=34818,https://a.amap.com/Loca/static/mock/china5a.csv,GCJ-02,GCJ-02数值反算至WGS84,呼伦贝尔市满洲里市中俄边境旅游区,来源定位点，未实地测量,,,12_3383_1395.png,2026-10-05
040,兴安盟阿尔山-柴河旅游景区,内蒙古,120.41537530194698,47.28177183945915,公开地图代表点,1109.0,1109,约1110米,25.9,未取得可用于本图的公开区间,https://sjfw.mct.gov.cn/site/dataservice/culdetails?curId=10&id=34819,https://a.amap.com/Loca/static/mock/china5a.csv,GCJ-02,GCJ-02数值反算至WGS84,兴安盟阿尔山·柴河旅游景区,来源定位点，未实地测量,,,12_3418_1435.png,2026-10-05
041,赤峰市阿斯哈图石林景区,内蒙古,117.535164,43.930911,公开地图代表点,1586.0,1586,约1590米,27.5,未取得可用于本图的公开区间,https://sjfw.mct.gov.cn/site/dataservice/culdetails?curId=10&id=34820,https://loreroutes.com/data/china-5a-scenic-areas.json,WGS84,来源原值,哈斯哈图石阵旅游区,来源定位点，未实地测量,,,12_3385_1490.png,2026-10-05
042,阿拉善盟胡杨林旅游区,内蒙古,101.017426,41.806382,公开地图代表点,951.0,951,约950米,28.5,未取得可用于本图的公开区间,https://sjfw.mct.gov.cn/site/dataservice/culdetails?curId=10&id=34821,https://loreroutes.com/data/china-5a-scenic-areas.json,WGS84,来源原值,胡杨林旅游区,来源定位点，未实地测量,,,12_3197_1523.png,2026-10-05
043,呼伦贝尔市呼伦贝尔大草原·莫尔格勒河景区,内蒙古,119.7024907502232,49.45969659909767,公开地图代表点,611.0,611,约610米,24.8,未取得可用于本图的公开区间,https://sjfw.mct.gov.cn/site/dataservice/culdetails?curId=10&id=34822,https://ditu.amap.com/place/B0JDZ5C6RX,GCJ-02,GCJ-02数值反算至WGS84,呼伦贝尔大草原·莫尔格勒河景区,名称及行政位置已核对，未实测,以高德具名POI替换冲突来源,,12_3409_1398.png,2026-10-05
044,呼和浩特市老牛湾黄河大峡谷旅游区,内蒙古,111.465833,39.691939,公开地图代表点,1390.0,1390,约1390米,29.4,未取得可用于本图的公开区间,https://sjfw.mct.gov.cn/site/dataservice/culdetails?curId=10&id=34823,https://loreroutes.com/data/china-5a-scenic-areas.json,WGS84,来源原值,老牛湾黄河大峡谷旅游区,来源定位点，未实地测量,,,12_3316_1555.png,2026-10-05
045,沈阳市植物园,辽宁,123.64349212271345,41.86034114250902,公开地图代表点,90.0,90,约90米,28.5,未取得可用于本图的公开区间,https://sjfw.mct.gov.cn/site/dataservice/culdetails?curId=10&id=34824,https://a.amap.com/Loca/static/mock/china5a.csv,GCJ-02,GCJ-02数值反算至WGS84,沈阳市浑南区沈阳植物园,来源定位点，未实地测量,,,12_3454_1522.png,2026-10-05
046,大连老虎滩海洋公园·老虎滩极地馆,辽宁,121.6703707365318,38.87082654215053,公开地图代表点,85.0,85,约80米,29.8,未取得可用于本图的公开区间,https://sjfw.mct.gov.cn/site/dataservice/culdetails?curId=10&id=34825,https://a.amap.com/Loca/static/mock/china5a.csv,GCJ-02,GCJ-02数值反算至WGS84,大连市中山区老虎滩海洋公园—老虎滩极地馆,来源定位点，未实地测量,,,12_3432_1567.png,2026-10-05
047,大连市金石滩景区,辽宁,122.05087730950969,39.06614402745189,公开地图代表点,12.0,12,约10米,29.7,未取得可用于本图的公开区间,https://sjfw.mct.gov.cn/site/dataservice/culdetails?curId=10&id=34826,https://a.amap.com/Loca/static/mock/china5a.csv,GCJ-02,GCJ-02数值反算至WGS84,大连市金州区金石滩景区(地质公园-发现王国-蜡像馆-文化博览广场),来源定位点，未实地测量,,,12_3436_1564.png,2026-10-05
048,本溪市本溪水洞景区,辽宁,124.06633193906104,41.27630385226956,公开地图代表点,582.0,582,约580米,28.7,未取得可用于本图的公开区间,https://sjfw.mct.gov.cn/site/dataservice/culdetails?curId=10&id=34827,https://a.amap.com/Loca/static/mock/china5a.csv,GCJ-02,GCJ-02数值反算至WGS84,本溪市本溪满族自治县本溪水洞景区,来源定位点，未实地测量,,,12_3459_1531.png,2026-10-05
049,鞍山市千山景区,辽宁,123.12411692105884,41.00702323678229,公开地图代表点,242.0,242,约240米,28.8,未取得可用于本图的公开区间,https://sjfw.mct.gov.cn/site/dataservice/culdetails?curId=10&id=34828,https://a.amap.com/Loca/static/mock/china5a.csv,GCJ-02,GCJ-02数值反算至WGS84,鞍山市千山区千山景区,来源定位点，未实地测量,,,12_3448_1535.png,2026-10-05
050,盘锦红海滩国家风景廊道景区,辽宁,121.84201,40.847894,公开地图代表点,0.5546875,1,约0米,28.9,未取得可用于本图的公开区间,https://sjfw.mct.gov.cn/site/dataservice/culdetails?curId=10&id=34829,https://loreroutes.com/data/china-5a-scenic-areas.json,WGS84,来源原值,红海滩风景廊道景区,来源定位点，未实地测量,,,12_3434_1537.png,2026-10-05
051,本溪市五女山景区,辽宁,125.457924,41.302326,公开地图代表点,298.21484375,298,约300米,28.7,未取得可用于本图的公开区间,https://sjfw.mct.gov.cn/site/dataservice/culdetails?curId=10&id=34830,https://loreroutes.com/data/china-5a-scenic-areas.json,WGS84,来源原值,五女山景区,来源定位点，未实地测量,,,12_3475_1531.png,2026-10-05
052,长白山景区,吉林,128.06864646316095,42.021024350538504,公开地图代表点,2389.0,2389,约2390米,28.4,未取得可用于本图的公开区间,https://sjfw.mct.gov.cn/site/dataservice/culdetails?curId=10&id=34831,https://a.amap.com/Loca/static/mock/china5a.csv,GCJ-02,GCJ-02数值反算至WGS84,长白山景区,来源定位点，未实地测量,,,12_3505_1520.png,2026-10-05
053,长春伪满皇宫博物院,吉林,125.34205366911549,43.90332482191522,公开地图代表点,208.0,208,约210米,27.5,未取得可用于本图的公开区间,https://sjfw.mct.gov.cn/site/dataservice/culdetails?curId=10&id=34832,https://a.amap.com/Loca/static/mock/china5a.csv,GCJ-02,GCJ-02数值反算至WGS84,长春市宽城区伪满皇宫博物馆,来源定位点，未实地测量,,,12_3474_1490.png,2026-10-05
054,净月潭景区,吉林,125.44727818162275,43.79728565577284,公开地图代表点,221.0,221,约220米,27.6,未取得可用于本图的公开区间,https://sjfw.mct.gov.cn/site/dataservice/culdetails?curId=10&id=34833,https://a.amap.com/Loca/static/mock/china5a.csv,GCJ-02,GCJ-02数值反算至WGS84,长春市南关区净月潭景区,来源定位点，未实地测量,,,12_3475_1492.png,2026-10-05
055,长影世纪城旅游区,吉林,125.440280476319,43.77044153765538,公开地图代表点,249.0,249,约250米,27.6,未取得可用于本图的公开区间,https://sjfw.mct.gov.cn/site/dataservice/culdetails?curId=10&id=34834,https://a.amap.com/Loca/static/mock/china5a.csv,GCJ-02,GCJ-02数值反算至WGS84,长春市南关区长影世纪城景区,来源定位点，未实地测量,,,12_3475_1493.png,2026-10-05
056,敦化六鼎山文化旅游区,吉林,128.2452342613753,43.30416376121704,公开地图代表点,506.92578125,507,约510米,27.8,未取得可用于本图的公开区间,https://sjfw.mct.gov.cn/site/dataservice/culdetails?curId=10&id=34835,https://a.amap.com/Loca/static/mock/china5a.csv,GCJ-02,GCJ-02数值反算至WGS84,延边朝鲜族自治州敦化市六鼎山文化旅游区,来源定位点，未实地测量,,,12_3507_1500.png,2026-10-05
057,长春世界雕塑园,吉林,125.326,43.8204,公开地图代表点,208.0,208,约210米,27.6,未取得可用于本图的公开区间,https://sjfw.mct.gov.cn/site/dataservice/culdetails?curId=10&id=34836,https://loreroutes.com/data/china-5a-scenic-areas.json,WGS84,来源原值,长春世界雕塑公园旅游景区,来源定位点，未实地测量,,,12_3473_1492.png,2026-10-05
058,集安高句丽文物古迹景区,吉林,126.211756,41.143034,公开地图代表点,195.0,195,约200米,28.8,未取得可用于本图的公开区间,https://sjfw.mct.gov.cn/site/dataservice/culdetails?curId=10&id=34837,https://loreroutes.com/data/china-5a-scenic-areas.json,WGS84,来源原值,高句丽文物古迹旅游景区,来源定位点，未实地测量,,,12_3484_1533.png,2026-10-05
059,前郭查干湖景区,吉林,124.28,45.25,公开地图代表点,126.0,126,约130米,26.9,未取得可用于本图的公开区间,https://sjfw.mct.gov.cn/site/dataservice/culdetails?curId=10&id=34838,https://loreroutes.com/data/china-5a-scenic-areas.json,WGS84,来源原值,查干湖景区,来源定位点，未实地测量,,,12_3462_1469.png,2026-10-05
060,大安嫩江湾旅游区,吉林,124.288247,45.52881,公开地图代表点,124.0,124,约120米,26.8,未取得可用于本图的公开区间,https://sjfw.mct.gov.cn/site/dataservice/culdetails?curId=10&id=34839,https://loreroutes.com/data/china-5a-scenic-areas.json,WGS84,来源原值,大安嫩江湾旅游区,来源定位点，未实地测量,,,12_3462_1464.png,2026-10-05
061,哈尔滨市太阳岛景区,黑龙江,126.59196285592579,45.78968093810847,公开地图代表点,118.0,118,约120米,26.6,未取得可用于本图的公开区间,https://sjfw.mct.gov.cn/site/dataservice/culdetails?curId=10&id=34840,https://a.amap.com/Loca/static/mock/china5a.csv,GCJ-02,GCJ-02数值反算至WGS84,哈尔滨市松北区太阳岛景区,来源定位点，未实地测量,,,12_3488_1460.png,2026-10-05
062,黑河市五大连池景区,黑龙江,126.25740440873902,48.693720737763776,公开地图代表点,302.0,302,约300米,25.2,未取得可用于本图的公开区间,https://sjfw.mct.gov.cn/site/dataservice/culdetails?curId=10&id=34841,https://a.amap.com/Loca/static/mock/china5a.csv,GCJ-02,GCJ-02数值反算至WGS84,黑河市五大连池市五大连池景区,来源定位点，未实地测量,,,12_3484_1411.png,2026-10-05
063,牡丹江市镜泊湖景区,黑龙江,128.94720580484835,44.06084194361815,公开地图代表点,343.0,343,约340米,27.5,未取得可用于本图的公开区间,https://sjfw.mct.gov.cn/site/dataservice/culdetails?curId=10&id=34842,https://a.amap.com/Loca/static/mock/china5a.csv,GCJ-02,GCJ-02数值反算至WGS84,牡丹江市宁安市镜泊湖景区,来源定位点，未实地测量,,,12_3515_1488.png,2026-10-05
064,伊春市林海奇石景区,黑龙江,129.4516843912945,48.456672220719916,公开地图代表点,417.0,417,约420米,25.3,未取得可用于本图的公开区间,https://sjfw.mct.gov.cn/site/dataservice/culdetails?curId=10&id=34843,https://a.amap.com/Loca/static/mock/china5a.csv,GCJ-02,GCJ-02数值反算至WGS84,伊春市汤旺河区林海奇石景区,来源定位点，未实地测量,,,12_3520_1416.png,2026-10-05
065,大兴安岭地区北极村旅游景区,黑龙江,122.35516117055154,53.47637373013245,公开地图代表点,297.0,297,约300米,22.7,未取得可用于本图的公开区间,https://sjfw.mct.gov.cn/site/dataservice/culdetails?curId=10&id=34844,https://a.amap.com/Loca/static/mock/china5a.csv,GCJ-02,GCJ-02数值反算至WGS84,大兴安岭地区漠河县北极村旅游景区,来源定位点，未实地测量,,,12_3440_1325.png,2026-10-05
066,鸡西市虎头旅游景区,黑龙江,133.66136,45.98295,公开地图代表点,81.0,81,约80米,26.6,未取得可用于本图的公开区间,https://sjfw.mct.gov.cn/site/dataservice/culdetails?curId=10&id=34845,https://loreroutes.com/data/china-5a-scenic-areas.json,WGS84,来源原值,虎头旅游景区,来源定位点，未实地测量,,,12_3568_1457.png,2026-10-05
067,齐齐哈尔市扎龙生态旅游区,黑龙江,124.25,47.2,公开地图代表点,142.0,142,约140米,26.0,未取得可用于本图的公开区间,https://sjfw.mct.gov.cn/site/dataservice/culdetails?curId=10&id=34846,https://loreroutes.com/data/china-5a-scenic-areas.json,WGS84,来源原值,扎龙生态旅游区,来源定位点，未实地测量,,,12_3461_1437.png,2026-10-05
068,东方明珠广播电视塔,上海,121.49526,31.2419,公开地图代表点,35.0,35,约40米,32.7,未取得可用于本图的公开区间,https://sjfw.mct.gov.cn/site/dataservice/culdetails?curId=10&id=34847,https://loreroutes.com/data/china-5a-scenic-areas.json,WGS84,来源原值,上海东方明珠广播电视塔,来源定位点，未实地测量,,,12_3430_1673.png,2026-10-05
069,上海野生动物园,上海,121.71738445660185,31.057349246733825,公开地图代表点,6.0,6,约10米,32.7,未取得可用于本图的公开区间,https://sjfw.mct.gov.cn/site/dataservice/culdetails?curId=10&id=34848,https://a.amap.com/Loca/static/mock/china5a.csv,GCJ-02,GCJ-02数值反算至WGS84,浦东新区上海野生动物园,来源定位点，未实地测量,,,12_3432_1675.png,2026-10-05
070,上海科技馆,上海,121.53819155093093,31.221264415165933,公开地图代表点,-1.0,-1,约0米,32.7,未取得可用于本图的公开区间,https://sjfw.mct.gov.cn/site/dataservice/culdetails?curId=10&id=34849,https://a.amap.com/Loca/static/mock/china5a.csv,GCJ-02,GCJ-02数值反算至WGS84,浦东新区上海科技馆,来源定位点，未实地测量,,原始栅格为-1米；图上按10米四舍五入约0米，不解释为实测海拔或地面沉降。,12_3430_1673.png,2026-10-05
071,中国共产党一大•二大•四大纪念馆景区,上海,121.4707,31.222,公开地图代表点,4.0,4,约0米,32.7,未取得可用于本图的公开区间,https://sjfw.mct.gov.cn/site/dataservice/culdetails?curId=10&id=34850,https://loreroutes.com/data/china-5a-scenic-areas.json,WGS84,来源原值,一大纪念馆（中国共产党一大·二大·四大纪念馆景区）,来源定位点，未实地测量,,,12_3430_1673.png,2026-10-05
072,西沙明珠湖景区,上海,121.253012,31.740036,公开地图代表点,1.015625,1,约0米,32.5,未取得可用于本图的公开区间,https://sjfw.mct.gov.cn/site/dataservice/culdetails?curId=10&id=34851,https://loreroutes.com/data/china-5a-scenic-areas.json,WGS84,来源原值,西沙明珠湖景区,来源定位点，未实地测量,,,12_3427_1666.png,2026-10-05
073,苏州市苏州园林（拙政园－留园－虎丘）,江苏,120.62484519874714,31.326322376437794,公开地图代表点,13.0,13,约10米,32.6,未取得可用于本图的公开区间,https://sjfw.mct.gov.cn/site/dataservice/culdetails?curId=10&id=34852,https://a.amap.com/Loca/static/mock/china5a.csv,GCJ-02,GCJ-02数值反算至WGS84,苏州市姑苏区苏州园林（拙政园－留园－虎丘）,来源定位点，未实地测量,,,12_3420_1672.png,2026-10-05
074,苏州市周庄古镇景区,江苏,120.84678916621692,31.117564635801685,公开地图代表点,7.0,7,约10米,32.7,未取得可用于本图的公开区间,https://sjfw.mct.gov.cn/site/dataservice/culdetails?curId=10&id=34853,https://a.amap.com/Loca/static/mock/china5a.csv,GCJ-02,GCJ-02数值反算至WGS84,苏州市昆山市周庄古镇景区,来源定位点，未实地测量,,,12_3422_1675.png,2026-10-05
075,南京市钟山风景名胜区－中山陵园风景区,江苏,118.8482561405519,32.06154677421509,公开地图代表点,111.0,111,约110米,32.4,未取得可用于本图的公开区间,https://sjfw.mct.gov.cn/site/dataservice/culdetails?curId=10&id=34854,https://a.amap.com/Loca/static/mock/china5a.csv,GCJ-02,GCJ-02数值反算至WGS84,南京市玄武区钟山—中山陵风景名胜区(明孝陵-音乐台-灵谷寺-梅花山-紫金山天文台),来源定位点，未实地测量,,,12_3400_1662.png,2026-10-05
076,无锡市中央电视台无锡影视基地三国水浒景区,江苏,120.23381971818193,31.48645219227225,公开地图代表点,9.0,9,约10米,32.6,未取得可用于本图的公开区间,https://sjfw.mct.gov.cn/site/dataservice/culdetails?curId=10&id=34855,https://a.amap.com/Loca/static/mock/china5a.csv,GCJ-02,GCJ-02数值反算至WGS84,无锡市滨湖区中央电视台无锡影视基地三国水浒城景区,来源定位点，未实地测量,,,12_3415_1670.png,2026-10-05
077,江苏省无锡市灵山景区,江苏,120.09604863665668,31.428719972320238,公开地图代表点,15.0,15,约20米,32.6,未取得可用于本图的公开区间,https://sjfw.mct.gov.cn/site/dataservice/culdetails?curId=10&id=34856,https://a.amap.com/Loca/static/mock/china5a.csv,GCJ-02,GCJ-02数值反算至WGS84,无锡市滨湖区灵山大佛景区,来源定位点，未实地测量,,,12_3414_1670.png,2026-10-05
078,苏州市同里古镇景区,江苏,120.71863742553988,31.156619890619904,公开地图代表点,7.0,7,约10米,32.7,未取得可用于本图的公开区间,https://sjfw.mct.gov.cn/site/dataservice/culdetails?curId=10&id=34857,https://a.amap.com/Loca/static/mock/china5a.csv,GCJ-02,GCJ-02数值反算至WGS84,苏州市吴江区同里古镇景区,来源定位点，未实地测量,,,12_3421_1674.png,2026-10-05
079,江苏省南京市夫子庙—秦淮风光带景区,江苏,118.784294606914,32.02215497639467,公开地图代表点,9.0,9,约10米,32.4,未取得可用于本图的公开区间,https://sjfw.mct.gov.cn/site/dataservice/culdetails?curId=10&id=34858,https://a.amap.com/Loca/static/mock/china5a.csv,GCJ-02,GCJ-02数值反算至WGS84,南京市秦淮区夫子庙－秦淮河风光带(江南贡院-白鹭洲-中华门-瞻园-王谢故居),来源定位点，未实地测量,,,12_3399_1663.png,2026-10-05
080,常州市环球恐龙城休闲旅游区,江苏,120.00455120715141,31.819939184799313,公开地图代表点,7.0,7,约10米,32.5,未取得可用于本图的公开区间,https://sjfw.mct.gov.cn/site/dataservice/culdetails?curId=10&id=34859,https://a.amap.com/Loca/static/mock/china5a.csv,GCJ-02,GCJ-02数值反算至WGS84,常州市新北区环球恐龙城景区(中华恐龙园-恐龙谷温泉-恐龙城大剧院),来源定位点，未实地测量,,,12_3413_1665.png,2026-10-05
081,扬州市瘦西湖风景区,江苏,119.41257162517238,32.41334595830472,公开地图代表点,9.0,9,约10米,32.3,未取得可用于本图的公开区间,https://sjfw.mct.gov.cn/site/dataservice/culdetails?curId=10&id=34860,https://a.amap.com/Loca/static/mock/china5a.csv,GCJ-02,GCJ-02数值反算至WGS84,扬州市邗江区瘦西湖风景区,来源定位点，未实地测量,,,12_3406_1657.png,2026-10-05
082,南通市濠河风景区,江苏,120.858351,32.013166,公开地图代表点,5.0,5,约0米,32.4,未取得可用于本图的公开区间,https://sjfw.mct.gov.cn/site/dataservice/culdetails?curId=10&id=34861,https://loreroutes.com/data/china-5a-scenic-areas.json,WGS84,来源原值,濠河景区,来源定位点，未实地测量,,,12_3423_1663.png,2026-10-05
083,泰州市溱湖旅游景区,江苏,120.098965,32.619813,公开地图代表点,0.0,0,约0米,32.2,未取得可用于本图的公开区间,https://sjfw.mct.gov.cn/site/dataservice/culdetails?curId=10&id=34862,https://loreroutes.com/data/china-5a-scenic-areas.json,WGS84,来源原值,溱湖旅游景区,来源定位点，未实地测量,,,12_3414_1655.png,2026-10-05
084,苏州市金鸡湖旅游区,江苏,120.691667,31.313611,公开地图代表点,0.0,0,约0米,32.7,未取得可用于本图的公开区间,https://sjfw.mct.gov.cn/site/dataservice/culdetails?curId=10&id=34863,https://loreroutes.com/data/china-5a-scenic-areas.json,WGS84,来源原值,金鸡湖景区,来源定位点，未实地测量,,,12_3421_1672.png,2026-10-05
085,镇江市金山•焦山•北固山风景区,江苏,119.41277608786828,32.23457416333703,公开地图代表点,3.0,3,约0米,32.3,未取得可用于本图的公开区间,https://sjfw.mct.gov.cn/site/dataservice/culdetails?curId=10&id=34864,https://a.amap.com/Loca/static/mock/china5a.csv,GCJ-02,GCJ-02数值反算至WGS84,镇江市三山风景名胜区（金山－北固山－焦山）,来源定位点，未实地测量,,,12_3406_1660.png,2026-10-05
086,无锡市鼋头渚风景区,江苏,120.22196205445665,31.525228153026433,公开地图代表点,28.0,28,约30米,32.6,未取得可用于本图的公开区间,https://sjfw.mct.gov.cn/site/dataservice/culdetails?curId=10&id=34865,https://a.amap.com/Loca/static/mock/china5a.csv,GCJ-02,GCJ-02数值反算至WGS84,无锡市滨湖区鼋头渚旅游风景区,来源定位点，未实地测量,,,12_3415_1669.png,2026-10-05
087,苏州市吴中太湖旅游区,江苏,120.43986192837816,31.220786781187527,公开地图代表点,1.5390625,2,约0米,32.7,未取得可用于本图的公开区间,https://sjfw.mct.gov.cn/site/dataservice/culdetails?curId=10&id=34866,https://a.amap.com/Loca/static/mock/china5a.csv,GCJ-02,GCJ-02数值反算至WGS84,苏州市吴中区太湖旅游区（旺山－穹窿山－东山）,来源定位点，未实地测量,,,12_3418_1673.png,2026-10-05
088,苏州市沙家浜－虞山尚湖旅游区,江苏,120.70558018374098,31.624284500821588,公开地图代表点,8.0,8,约10米,32.5,未取得可用于本图的公开区间,https://sjfw.mct.gov.cn/site/dataservice/culdetails?curId=10&id=34867,https://a.amap.com/Loca/static/mock/china5a.csv,GCJ-02,GCJ-02数值反算至WGS84,苏州市常熟市沙家浜－虞山尚湖旅游区,来源定位点，未实地测量,,,12_3421_1668.png,2026-10-05
089,常州市天目湖景区,江苏,119.42962637851866,31.31186923701106,公开地图代表点,19.296875,19,约20米,32.7,未取得可用于本图的公开区间,https://sjfw.mct.gov.cn/site/dataservice/culdetails?curId=10&id=34868,https://a.amap.com/Loca/static/mock/china5a.csv,GCJ-02,GCJ-02数值反算至WGS84,常州市溧阳市天目湖景区(天目湖-南山竹海-御水温泉),来源定位点，未实地测量,,,12_3406_1672.png,2026-10-05
090,镇江市句容茅山景区,江苏,119.30899945925414,31.783405760631847,公开地图代表点,321.0,321,约320米,32.5,未取得可用于本图的公开区间,https://sjfw.mct.gov.cn/site/dataservice/culdetails?curId=10&id=34869,https://a.amap.com/Loca/static/mock/china5a.csv,GCJ-02,GCJ-02数值反算至WGS84,镇江市句容市茅山景区,来源定位点，未实地测量,,,12_3405_1666.png,2026-10-05
091,淮安市周恩来故里旅游景区,江苏,119.14439615187577,33.517211930622516,公开地图代表点,3.19140625,3,约0米,31.9,未取得可用于本图的公开区间,https://sjfw.mct.gov.cn/site/dataservice/culdetails?curId=10&id=34870,https://a.amap.com/Loca/static/mock/china5a.csv,GCJ-02,GCJ-02数值反算至WGS84,淮安市淮安区周恩来故里景区（周恩来纪念馆-周恩来故居-附马巷历史街区-河下古镇）,来源定位点，未实地测量,,,12_3403_1642.png,2026-10-05
092,盐城市大丰中华麋鹿园景区,江苏,120.81097860757993,32.98577508825716,公开地图代表点,4.0,4,约0米,32.1,未取得可用于本图的公开区间,https://sjfw.mct.gov.cn/site/dataservice/culdetails?curId=10&id=34871,https://a.amap.com/Loca/static/mock/china5a.csv,GCJ-02,GCJ-02数值反算至WGS84,盐城市大丰区中华麋鹿园景区,来源定位点，未实地测量,,,12_3422_1650.png,2026-10-05
093,徐州市云龙湖景区,江苏,117.14806823451478,34.238763819532025,公开地图代表点,29.27734375,29,约30米,31.6,未取得可用于本图的公开区间,https://sjfw.mct.gov.cn/site/dataservice/culdetails?curId=10&id=34872,https://a.amap.com/Loca/static/mock/china5a.csv,GCJ-02,GCJ-02数值反算至WGS84,徐州市泉山区云龙湖景区,来源定位点，未实地测量,,,12_3380_1632.png,2026-10-05
094,连云港市花果山景区,江苏,119.28205019013896,34.65174714003618,公开地图代表点,496.0,496,约500米,31.4,未取得可用于本图的公开区间,https://sjfw.mct.gov.cn/site/dataservice/culdetails?curId=10&id=34873,https://a.amap.com/Loca/static/mock/china5a.csv,GCJ-02,GCJ-02数值反算至WGS84,连云港市海州区花果山景区,来源定位点，未实地测量,,,12_3405_1627.png,2026-10-05
095,常州市中国春秋淹城旅游区,江苏,119.91946,31.705464,公开地图代表点,11.0,11,约10米,32.5,未取得可用于本图的公开区间,https://sjfw.mct.gov.cn/site/dataservice/culdetails?curId=10&id=34874,https://loreroutes.com/data/china-5a-scenic-areas.json,WGS84,来源原值,中国春秋淹城旅游区,来源定位点，未实地测量,,,12_3412_1667.png,2026-10-05
096,无锡市惠山古镇景区,江苏,120.26799,31.58302,公开地图代表点,9.0,9,约10米,32.6,未取得可用于本图的公开区间,https://sjfw.mct.gov.cn/site/dataservice/culdetails?curId=10&id=34875,https://loreroutes.com/data/china-5a-scenic-areas.json,WGS84,来源原值,惠山古镇景区,来源定位点，未实地测量,,,12_3416_1668.png,2026-10-05
097,宿迁市洪泽湖湿地景区,江苏,118.32661032783447,33.24679744288829,公开地图代表点,14.0,14,约10米,32.0,未取得可用于本图的公开区间,https://sjfw.mct.gov.cn/site/dataservice/culdetails?curId=10&id=34876,https://ditu.amap.com/place/B020F151GV,GCJ-02,GCJ-02数值反算至WGS84,泗洪洪泽湖湿地景区,名称及行政位置已核对，未实测,以高德具名POI替换冲突来源,,12_3394_1646.png,2026-10-05
098,连云港市连岛景区,江苏,119.463889,34.7575,公开地图代表点,181.0,181,约180米,31.4,未取得可用于本图的公开区间,https://sjfw.mct.gov.cn/site/dataservice/culdetails?curId=10&id=34877,https://loreroutes.com/data/china-5a-scenic-areas.json,WGS84,来源原值,连岛景区,来源定位点，未实地测量,,,12_3407_1625.png,2026-10-05
099,杭州市西湖风景名胜区,浙江,120.141667,30.245833,公开地图代表点,10.0,10,约10米,33.0,未取得可用于本图的公开区间,https://sjfw.mct.gov.cn/site/dataservice/culdetails?curId=10&id=34878,https://loreroutes.com/data/china-5a-scenic-areas.json,WGS84,来源原值,西湖风景名胜区,来源定位点，未实地测量,,,12_3414_1686.png,2026-10-05
100,温州市雁荡山风景区,浙江,121.11046789768659,28.381112814304,公开地图代表点,92.0,92,约90米,33.6,未取得可用于本图的公开区间,https://sjfw.mct.gov.cn/site/dataservice/culdetails?curId=10&id=34879,https://a.amap.com/Loca/static/mock/china5a.csv,GCJ-02,GCJ-02数值反算至WGS84,温州市乐清市雁荡山风景区,来源定位点，未实地测量,,,12_3425_1711.png,2026-10-05
101,舟山市普陀山风景区,浙江,122.3864,30.0108,公开地图代表点,267.0,267,约270米,33.1,未取得可用于本图的公开区间,https://sjfw.mct.gov.cn/site/dataservice/culdetails?curId=10&id=34880,https://loreroutes.com/data/china-5a-scenic-areas.json,WGS84,来源原值,普陀山风景名胜区,来源定位点，未实地测量,,,12_3440_1689.png,2026-10-05
102,杭州市千岛湖风景区,浙江,119.04923053590491,29.562723504163106,公开地图代表点,100.7890625,101,约100米,33.2,未取得可用于本图的公开区间,https://sjfw.mct.gov.cn/site/dataservice/culdetails?curId=10&id=34881,https://a.amap.com/Loca/static/mock/china5a.csv,GCJ-02,GCJ-02数值反算至WGS84,杭州市淳安县千岛湖风景区,来源定位点，未实地测量,,,12_3402_1695.png,2026-10-05
103,嘉兴市乌镇古镇旅游区,浙江,120.47948490970673,30.751963557597488,公开地图代表点,5.0,5,约0米,32.8,未取得可用于本图的公开区间,https://sjfw.mct.gov.cn/site/dataservice/culdetails?curId=10&id=34882,https://a.amap.com/Loca/static/mock/china5a.csv,GCJ-02,GCJ-02数值反算至WGS84,嘉兴市桐乡市乌镇古镇旅游区,来源定位点，未实地测量,,,12_3418_1679.png,2026-10-05
104,宁波市溪口－滕头旅游景区,浙江,121.25952798866543,29.689149571949635,公开地图代表点,36.0,36,约40米,33.2,未取得可用于本图的公开区间,https://sjfw.mct.gov.cn/site/dataservice/culdetails?curId=10&id=34883,https://a.amap.com/Loca/static/mock/china5a.csv,GCJ-02,GCJ-02数值反算至WGS84,宁波市奉化区溪口－滕头旅游景区,来源定位点，未实地测量,,,12_3427_1693.png,2026-10-05
105,金华市横店影视城景区,浙江,120.31242268033924,29.140593709480648,公开地图代表点,142.0,142,约140米,33.4,未取得可用于本图的公开区间,https://sjfw.mct.gov.cn/site/dataservice/culdetails?curId=10&id=34884,https://a.amap.com/Loca/static/mock/china5a.csv,GCJ-02,GCJ-02数值反算至WGS84,金华市东阳市横店影视城景区,来源定位点，未实地测量,,,12_3416_1701.png,2026-10-05
106,嘉兴市南湖旅游区,浙江,120.754765,30.759204,公开地图代表点,3.84765625,4,约0米,32.8,未取得可用于本图的公开区间,https://sjfw.mct.gov.cn/site/dataservice/culdetails?curId=10&id=34885,https://loreroutes.com/data/china-5a-scenic-areas.json,WGS84,来源原值,南湖旅游区,来源定位点，未实地测量,,,12_3421_1679.png,2026-10-05
107,杭州市西溪湿地旅游区,浙江,120.06011923390949,30.269240801487022,公开地图代表点,5.0,5,约0米,33.0,未取得可用于本图的公开区间,https://sjfw.mct.gov.cn/site/dataservice/culdetails?curId=10&id=34886,https://a.amap.com/Loca/static/mock/china5a.csv,GCJ-02,GCJ-02数值反算至WGS84,杭州市西湖区西溪湿地旅游区,来源定位点，未实地测量,,,12_3414_1686.png,2026-10-05
108,绍兴市鲁迅故里•沈园景区,浙江,120.58568475665798,29.994088508758377,公开地图代表点,10.0,10,约10米,33.1,未取得可用于本图的公开区间,https://sjfw.mct.gov.cn/site/dataservice/culdetails?curId=10&id=34887,https://a.amap.com/Loca/static/mock/china5a.csv,GCJ-02,GCJ-02数值反算至WGS84,绍兴市越城区鲁迅故里－沈园景区,来源定位点，未实地测量,,,12_3419_1689.png,2026-10-05
109,衢州市根宫佛国文化旅游区,浙江,118.38775944483717,29.136295208062588,公开地图代表点,203.0,203,约200米,33.4,未取得可用于本图的公开区间,https://sjfw.mct.gov.cn/site/dataservice/culdetails?curId=10&id=34888,https://a.amap.com/Loca/static/mock/china5a.csv,GCJ-02,GCJ-02数值反算至WGS84,衢州市开化县根宫佛国文化旅游区,来源定位点，未实地测量,,,12_3394_1701.png,2026-10-05
110,湖州市南浔古镇景区,浙江,120.4249058219232,30.884126029109463,公开地图代表点,9.0,9,约10米,32.8,未取得可用于本图的公开区间,https://sjfw.mct.gov.cn/site/dataservice/culdetails?curId=10&id=34889,https://a.amap.com/Loca/static/mock/china5a.csv,GCJ-02,GCJ-02数值反算至WGS84,湖州市南浔区南浔古镇景区,来源定位点，未实地测量,,,12_3418_1678.png,2026-10-05
111,台州市天台山景区,浙江,121.0924221775281,29.27575547791035,公开地图代表点,516.0,516,约520米,33.3,未取得可用于本图的公开区间,https://sjfw.mct.gov.cn/site/dataservice/culdetails?curId=10&id=34890,https://a.amap.com/Loca/static/mock/china5a.csv,GCJ-02,GCJ-02数值反算至WGS84,台州市天台县天台山景区,来源定位点，未实地测量,,,12_3425_1699.png,2026-10-05
112,台州市神仙居景区,浙江,120.58914919969445,28.680418622149688,公开地图代表点,196.0,196,约200米,33.5,未取得可用于本图的公开区间,https://sjfw.mct.gov.cn/site/dataservice/culdetails?curId=10&id=34891,https://a.amap.com/Loca/static/mock/china5a.csv,GCJ-02,GCJ-02数值反算至WGS84,台州市仙居县神仙居景区,来源定位点，未实地测量,,,12_3420_1707.png,2026-10-05
113,嘉兴市西塘古镇旅游景区,浙江,120.88865196440238,30.94608856323277,公开地图代表点,9.0,9,约10米,32.8,未取得可用于本图的公开区间,https://sjfw.mct.gov.cn/site/dataservice/culdetails?curId=10&id=34892,https://a.amap.com/Loca/static/mock/china5a.csv,GCJ-02,GCJ-02数值反算至WGS84,嘉兴市嘉善县西塘古镇旅游景区,来源定位点，未实地测量,,,12_3423_1677.png,2026-10-05
114,衢州市江郎山•廿八都旅游区,浙江,118.561480871347,28.512133451520125,公开地图代表点,534.0,534,约530米,33.6,未取得可用于本图的公开区间,https://sjfw.mct.gov.cn/site/dataservice/culdetails?curId=10&id=34893,https://a.amap.com/Loca/static/mock/china5a.csv,GCJ-02,GCJ-02数值反算至WGS84,衢州市江山市江郎山·廿八都旅游区,来源定位点，未实地测量,,,12_3396_1709.png,2026-10-05
115,宁波市天一阁•月湖景区,浙江,121.535833,29.873611,公开地图代表点,12.0,12,约10米,33.1,未取得可用于本图的公开区间,https://sjfw.mct.gov.cn/site/dataservice/culdetails?curId=10&id=34894,https://loreroutes.com/data/china-5a-scenic-areas.json,WGS84,来源原值,天一阁·月湖景区,来源定位点，未实地测量,,,12_3430_1691.png,2026-10-05
116,缙云仙都景区,浙江,120.139167,28.692222,公开地图代表点,240.0,240,约240米,33.5,未取得可用于本图的公开区间,https://sjfw.mct.gov.cn/site/dataservice/culdetails?curId=10&id=34895,https://loreroutes.com/data/china-5a-scenic-areas.json,WGS84,来源原值,缙云仙都景区,来源定位点，未实地测量,,,12_3414_1706.png,2026-10-05
117,温州市刘伯温故里景区,浙江,119.951511,27.91945,公开地图代表点,669.0,669,约670米,33.8,未取得可用于本图的公开区间,https://sjfw.mct.gov.cn/site/dataservice/culdetails?curId=10&id=34896,https://loreroutes.com/data/china-5a-scenic-areas.json,WGS84,来源原值,刘伯温故里景区,来源定位点，未实地测量,,,12_3412_1716.png,2026-10-05
118,台州市台州府城文化旅游区,浙江,121.113715,28.84995,公开地图代表点,16.0,16,约20米,33.5,未取得可用于本图的公开区间,https://sjfw.mct.gov.cn/site/dataservice/culdetails?curId=10&id=34897,https://loreroutes.com/data/china-5a-scenic-areas.json,WGS84,来源原值,台州府城文化旅游区,来源定位点，未实地测量,,,12_3426_1704.png,2026-10-05
119,丽水市云和梯田景区,浙江,119.496,28.051,公开地图代表点,461.0,461,约460米,33.7,已收录公开范围或具名点位,https://sjfw.mct.gov.cn/site/dataservice/culdetails?curId=10&id=34898,https://loreroutes.com/data/china-5a-scenic-areas.json,WGS84,来源原值,云和梯田景区,来源定位点，未实地测量,,,12_3407_1715.png,2026-10-05
120,金华市双龙风景旅游区,浙江,119.620833,29.202778,公开地图代表点,439.0,439,约440米,33.4,未取得可用于本图的公开区间,https://sjfw.mct.gov.cn/site/dataservice/culdetails?curId=10&id=34899,https://loreroutes.com/data/china-5a-scenic-areas.json,WGS84,来源原值,双龙风景旅游区,来源定位点，未实地测量,,,12_3409_1700.png,2026-10-05
121,黄山市黄山风景区,安徽,118.183333,30.166667,公开地图代表点,1012.0,1012,约1010米,33.0,未取得可用于本图的公开区间,https://sjfw.mct.gov.cn/site/dataservice/culdetails?curId=10&id=34900,https://loreroutes.com/data/china-5a-scenic-areas.json,WGS84,来源原值,黄山风景区,来源定位点，未实地测量,,,12_3392_1687.png,2026-10-05
122,池州市九华山风景区,安徽,117.8186737635263,30.481329667905698,公开地图代表点,856.0,856,约860米,32.9,未取得可用于本图的公开区间,https://sjfw.mct.gov.cn/site/dataservice/culdetails?curId=10&id=34901,https://a.amap.com/Loca/static/mock/china5a.csv,GCJ-02,GCJ-02数值反算至WGS84,池州市青阳县九华山风景区,来源定位点，未实地测量,,,12_3388_1683.png,2026-10-05
123,安庆市天柱山风景区,安徽,116.45299026579808,30.74041835329417,公开地图代表点,1195.0,1195,约1200米,32.8,未取得可用于本图的公开区间,https://sjfw.mct.gov.cn/site/dataservice/culdetails?curId=10&id=34902,https://a.amap.com/Loca/static/mock/china5a.csv,GCJ-02,GCJ-02数值反算至WGS84,安庆市潜山县天柱山风景区,来源定位点，未实地测量,,,12_3372_1680.png,2026-10-05
124,黄山市皖南古村落－西递宏村,安徽,117.9907752622054,29.905863121146886,公开地图代表点,231.0,231,约230米,33.1,未取得可用于本图的公开区间,https://sjfw.mct.gov.cn/site/dataservice/culdetails?curId=10&id=34903,https://a.amap.com/Loca/static/mock/china5a.csv,GCJ-02,GCJ-02数值反算至WGS84,黄山市黟县皖南古村落－西递宏村,来源定位点，未实地测量,,,12_3390_1691.png,2026-10-05
125,六安市天堂寨旅游景区,安徽,115.77315725896362,31.137636038572236,公开地图代表点,935.0,935,约940米,32.7,未取得可用于本图的公开区间,https://sjfw.mct.gov.cn/site/dataservice/culdetails?curId=10&id=34904,https://a.amap.com/Loca/static/mock/china5a.csv,GCJ-02,GCJ-02数值反算至WGS84,六安市金寨县天堂寨旅游景区,来源定位点，未实地测量,,,12_3365_1674.png,2026-10-05
126,宣城市龙川景区,安徽,118.66528203846204,30.079455238933388,公开地图代表点,189.0,189,约190米,33.1,未取得可用于本图的公开区间,https://sjfw.mct.gov.cn/site/dataservice/culdetails?curId=10&id=34905,https://a.amap.com/Loca/static/mock/china5a.csv,GCJ-02,GCJ-02数值反算至WGS84,宣城市绩溪县龙川景区,来源定位点，未实地测量,,,12_3398_1688.png,2026-10-05
127,阜阳市八里河风景区,安徽,116.30149704530388,32.56043460276867,公开地图代表点,19.86328125,20,约20米,32.2,未取得可用于本图的公开区间,https://sjfw.mct.gov.cn/site/dataservice/culdetails?curId=10&id=34906,https://a.amap.com/Loca/static/mock/china5a.csv,GCJ-02,GCJ-02数值反算至WGS84,阜阳市颍上县八里河风景区,来源定位点，未实地测量,,,12_3371_1655.png,2026-10-05
128,黄山市古徽州文化旅游区,安徽,118.29708878434562,29.859921384797364,公开地图代表点,156.0,156,约160米,33.1,未取得可用于本图的公开区间,https://sjfw.mct.gov.cn/site/dataservice/culdetails?curId=10&id=34907,https://a.amap.com/Loca/static/mock/china5a.csv,GCJ-02,GCJ-02数值反算至WGS84,黄山市古徽州文化旅游区（徽州古城－牌坊群·鲍家花园－唐模－潜口民宅－呈坎）,来源定位点，未实地测量,,,12_3393_1691.png,2026-10-05
129,合肥市三河古镇景区,安徽,117.24791033130437,31.51501492989793,公开地图代表点,5.0,5,约0米,32.6,未取得可用于本图的公开区间,https://sjfw.mct.gov.cn/site/dataservice/culdetails?curId=10&id=34908,https://a.amap.com/Loca/static/mock/china5a.csv,GCJ-02,GCJ-02数值反算至WGS84,合肥市肥西县三河古镇景区,来源定位点，未实地测量,,,12_3382_1669.png,2026-10-05
130,芜湖市方特旅游区,安徽,118.372609,31.379544,公开地图代表点,9.0,9,约10米,32.6,未取得可用于本图的公开区间,https://sjfw.mct.gov.cn/site/dataservice/culdetails?curId=10&id=34909,https://loreroutes.com/data/china-5a-scenic-areas.json,WGS84,来源原值,方特旅游区,来源定位点，未实地测量,,,12_3394_1671.png,2026-10-05
131,六安市万佛湖风景区,安徽,116.74550879652196,31.293541988359674,公开地图代表点,64.125,64,约60米,32.7,未取得可用于本图的公开区间,https://sjfw.mct.gov.cn/site/dataservice/culdetails?curId=10&id=34910,https://a.amap.com/Loca/static/mock/china5a.csv,GCJ-02,GCJ-02数值反算至WGS84,六安市舒城县万佛湖风景区,来源定位点，未实地测量,,,12_3376_1672.png,2026-10-05
132,马鞍山市长江采石矶文化生态旅游区,安徽,118.45209059062178,31.657489279155296,公开地图代表点,9.0,9,约10米,32.5,未取得可用于本图的公开区间,https://sjfw.mct.gov.cn/site/dataservice/culdetails?curId=10&id=34911,https://ditu.amap.com/place/B022B002B3,GCJ-02,GCJ-02数值反算至WGS84,采石矶,名称及行政位置已核对，未实测,以高德具名POI替换冲突来源,,12_3395_1667.png,2026-10-05
133,滁州市琅琊山景区,安徽,118.266667,32.266667,公开地图代表点,158.0,158,约160米,32.3,未取得可用于本图的公开区间,https://sjfw.mct.gov.cn/site/dataservice/culdetails?curId=10&id=34912,https://loreroutes.com/data/china-5a-scenic-areas.json,WGS84,来源原值,琅琊山景区,来源定位点，未实地测量,,,12_3393_1659.png,2026-10-05
134,厦门市鼓浪屿旅游区,福建,118.06208415406228,24.447341400525076,公开地图代表点,27.0,27,约30米,34.8,未取得可用于本图的公开区间,https://sjfw.mct.gov.cn/site/dataservice/culdetails?curId=10&id=34913,https://a.amap.com/Loca/static/mock/china5a.csv,GCJ-02,GCJ-02数值反算至WGS84,厦门市思明区鼓浪屿风景名胜区,来源定位点，未实地测量,,,12_3391_1760.png,2026-10-05
135,南平市武夷山风景名胜区,福建,117.95475092125707,27.65979776322836,公开地图代表点,435.0,435,约440米,33.9,未取得可用于本图的公开区间,https://sjfw.mct.gov.cn/site/dataservice/culdetails?curId=10&id=34914,https://a.amap.com/Loca/static/mock/china5a.csv,GCJ-02,GCJ-02数值反算至WGS84,南平市武夷山市武夷山风景名胜区,来源定位点，未实地测量,,,12_3390_1720.png,2026-10-05
136,三明市泰宁风景旅游区,福建,117.09672763179697,26.86687783096871,公开地图代表点,282.0,282,约280米,34.1,未取得可用于本图的公开区间,https://sjfw.mct.gov.cn/site/dataservice/culdetails?curId=10&id=34915,https://a.amap.com/Loca/static/mock/china5a.csv,GCJ-02,GCJ-02数值反算至WGS84,三明市泰宁县泰宁风景旅游区,来源定位点，未实地测量,,,12_3380_1730.png,2026-10-05
137,福建土楼（永定•南靖）旅游景区,福建,117.00435110852543,24.663398315112012,公开地图代表点,508.0,508,约510米,34.7,未取得可用于本图的公开区间,https://sjfw.mct.gov.cn/site/dataservice/culdetails?curId=10&id=34916,https://a.amap.com/Loca/static/mock/china5a.csv,GCJ-02,GCJ-02数值反算至WGS84,福建土楼（永定·南靖）旅游景区,来源定位点，未实地测量,,,12_3379_1758.png,2026-10-05
138,宁德市屏南县白水洋·鸳鸯溪旅游区,福建,119.067999,27.096558,公开地图代表点,634.0,634,约630米,34.0,未取得可用于本图的公开区间,https://sjfw.mct.gov.cn/site/dataservice/culdetails?curId=10&id=34917,https://loreroutes.com/data/china-5a-scenic-areas.json,WGS84,来源原值,白水洋·鸳鸯溪旅游景区,来源定位点，未实地测量,,,12_3402_1727.png,2026-10-05
139,泉州市清源山景区,福建,118.608467,24.954722,公开地图代表点,354.0,354,约350米,34.7,未取得可用于本图的公开区间,https://sjfw.mct.gov.cn/site/dataservice/culdetails?curId=10&id=34918,https://loreroutes.com/data/china-5a-scenic-areas.json,WGS84,来源原值,清源山景区,来源定位点，未实地测量,,,12_3397_1754.png,2026-10-05
140,宁德市太姥山旅游区,福建,120.18691262445564,27.105372948151665,公开地图代表点,451.0,451,约450米,34.0,未取得可用于本图的公开区间,https://sjfw.mct.gov.cn/site/dataservice/culdetails?curId=10&id=34919,https://a.amap.com/Loca/static/mock/china5a.csv,GCJ-02,GCJ-02数值反算至WGS84,宁德市福鼎市太姥山旅游区,来源定位点，未实地测量,,,12_3415_1727.png,2026-10-05
141,福州市三坊七巷历史文化街区景区,福建,119.29204,26.08566,公开地图代表点,9.0,9,约10米,34.3,未取得可用于本图的公开区间,https://sjfw.mct.gov.cn/site/dataservice/culdetails?curId=10&id=34920,https://loreroutes.com/data/china-5a-scenic-areas.json,WGS84,来源原值,三坊七巷景区,来源定位点，未实地测量,,,12_3405_1740.png,2026-10-05
142,龙岩市古田旅游区,福建,116.81616137981136,25.21755711547893,公开地图代表点,676.0,676,约680米,34.6,未取得可用于本图的公开区间,https://sjfw.mct.gov.cn/site/dataservice/culdetails?curId=10&id=34921,https://a.amap.com/Loca/static/mock/china5a.csv,GCJ-02,GCJ-02数值反算至WGS84,龙岩市上杭县古田旅游区,来源定位点，未实地测量,,,12_3377_1751.png,2026-10-05
143,莆田市湄洲岛妈祖文化旅游区,福建,119.143019,25.093669,公开地图代表点,65.0,65,约60米,34.6,未取得可用于本图的公开区间,https://sjfw.mct.gov.cn/site/dataservice/culdetails?curId=10&id=34922,https://loreroutes.com/data/china-5a-scenic-areas.json,WGS84,来源原值,湄洲岛妈祖文化旅游区,来源定位点，未实地测量,,,12_3403_1752.png,2026-10-05
144,厦门园林植物园景区,福建,118.091667,24.455,公开地图代表点,49.0,49,约50米,34.8,未取得可用于本图的公开区间,https://sjfw.mct.gov.cn/site/dataservice/culdetails?curId=10&id=34923,https://loreroutes.com/data/china-5a-scenic-areas.json,WGS84,来源原值,厦门园林植物园景区,来源定位点，未实地测量,,,12_3391_1760.png,2026-10-05
145,龙岩市冠豸山景区,福建,116.785556,25.713889,公开地图代表点,601.0,601,约600米,34.4,未取得可用于本图的公开区间,https://sjfw.mct.gov.cn/site/dataservice/culdetails?curId=10&id=34924,https://loreroutes.com/data/china-5a-scenic-areas.json,WGS84,来源原值,冠豸山景区,来源定位点，未实地测量,,,12_3376_1745.png,2026-10-05
146,九江市庐山市庐山风景名胜区,江西,115.95329571350904,29.56276437864825,公开地图代表点,875.0,875,约880米,33.2,未取得可用于本图的公开区间,https://sjfw.mct.gov.cn/site/dataservice/culdetails?curId=10&id=34925,https://a.amap.com/Loca/static/mock/china5a.csv,GCJ-02,GCJ-02数值反算至WGS84,九江市庐山市庐山风景名胜区,来源定位点，未实地测量,,,12_3367_1695.png,2026-10-05
147,吉安市井冈山市井冈山风景旅游区,江西,114.13871109595998,26.59376650611207,公开地图代表点,927.0,927,约930米,34.2,未取得可用于本图的公开区间,https://sjfw.mct.gov.cn/site/dataservice/culdetails?curId=10&id=34926,https://a.amap.com/Loca/static/mock/china5a.csv,GCJ-02,GCJ-02数值反算至WGS84,吉安市井冈山市井冈山风景旅游区,来源定位点，未实地测量,,,12_3346_1733.png,2026-10-05
148,上饶市三清山风景区,江西,118.06033836562409,28.8975230959168,公开地图代表点,1058.0,1058,约1060米,33.5,未取得可用于本图的公开区间,https://sjfw.mct.gov.cn/site/dataservice/culdetails?curId=10&id=34927,https://a.amap.com/Loca/static/mock/china5a.csv,GCJ-02,GCJ-02数值反算至WGS84,上饶市玉山县三清山旅游景区,来源定位点，未实地测量,,,12_3391_1704.png,2026-10-05
149,鹰潭市龙虎山风景名胜区,江西,116.97837541505545,28.120430137032717,公开地图代表点,64.0,64,约60米,33.7,未取得可用于本图的公开区间,https://sjfw.mct.gov.cn/site/dataservice/culdetails?curId=10&id=34928,https://a.amap.com/Loca/static/mock/china5a.csv,GCJ-02,GCJ-02数值反算至WGS84,鹰潭市贵溪市龙虎山风景名胜区,来源定位点，未实地测量,,,12_3378_1714.png,2026-10-05
150,上饶市婺源县江湾景区,江西,118.04973224388182,29.360524011662076,公开地图代表点,183.0,183,约180米,33.3,未取得可用于本图的公开区间,https://sjfw.mct.gov.cn/site/dataservice/culdetails?curId=10&id=34929,https://a.amap.com/Loca/static/mock/china5a.csv,GCJ-02,GCJ-02数值反算至WGS84,上饶市婺源县江湾景区,来源定位点，未实地测量,,,12_3391_1698.png,2026-10-05
151,景德镇市昌江区古窑民俗博览区,江西,117.17948874419383,29.28666099617938,公开地图代表点,50.0,50,约50米,33.3,未取得可用于本图的公开区间,https://sjfw.mct.gov.cn/site/dataservice/culdetails?curId=10&id=34930,https://a.amap.com/Loca/static/mock/china5a.csv,GCJ-02,GCJ-02数值反算至WGS84,景德镇市昌江区古窑民俗博览区,来源定位点，未实地测量,,,12_3381_1699.png,2026-10-05
152,赣州市瑞金市共和国摇篮旅游区,江西,116.06803742560328,25.907020090210946,公开地图代表点,200.0,200,约200米,34.4,未取得可用于本图的公开区间,https://sjfw.mct.gov.cn/site/dataservice/culdetails?curId=10&id=34931,https://a.amap.com/Loca/static/mock/china5a.csv,GCJ-02,GCJ-02数值反算至WGS84,赣州市瑞金市共和国摇篮景区,来源定位点，未实地测量,,,12_3368_1742.png,2026-10-05
153,宜春市明月山旅游区,江西,114.2765180696182,27.635137790734177,公开地图代表点,559.0,559,约560米,33.9,未取得可用于本图的公开区间,https://sjfw.mct.gov.cn/site/dataservice/culdetails?curId=10&id=34932,https://a.amap.com/Loca/static/mock/china5a.csv,GCJ-02,GCJ-02数值反算至WGS84,宜春市袁州区明月山旅游区,来源定位点，未实地测量,,,12_3348_1720.png,2026-10-05
154,抚州市资溪县大觉山景区,江西,117.13913671756227,27.69949424834347,公开地图代表点,314.0,314,约310米,33.8,未取得可用于本图的公开区间,https://sjfw.mct.gov.cn/site/dataservice/culdetails?curId=10&id=34933,https://a.amap.com/Loca/static/mock/china5a.csv,GCJ-02,GCJ-02数值反算至WGS84,抚州市资溪县大觉山景区,来源定位点，未实地测量,,,12_3380_1719.png,2026-10-05
155,上饶市弋阳县龟峰景区,江西,117.41898255278612,28.319274677680504,公开地图代表点,126.0,126,约130米,33.6,未取得可用于本图的公开区间,https://sjfw.mct.gov.cn/site/dataservice/culdetails?curId=10&id=34934,https://a.amap.com/Loca/static/mock/china5a.csv,GCJ-02,GCJ-02数值反算至WGS84,上饶市弋阳县龟峰景区,来源定位点，未实地测量,,,12_3383_1711.png,2026-10-05
156,南昌市东湖区滕王阁旅游区,江西,115.8758,28.6841,公开地图代表点,29.0,29,约30米,33.5,未取得可用于本图的公开区间,https://sjfw.mct.gov.cn/site/dataservice/culdetails?curId=10&id=34935,https://loreroutes.com/data/china-5a-scenic-areas.json,WGS84,来源原值,滕王阁旅游区,来源定位点，未实地测量,,,12_3366_1707.png,2026-10-05
157,萍乡市萍乡武功山景区,江西,114.173333,27.455278,公开地图代表点,1905.0,1905,约1900米,33.9,未取得可用于本图的公开区间,https://sjfw.mct.gov.cn/site/dataservice/culdetails?curId=10&id=34936,https://loreroutes.com/data/china-5a-scenic-areas.json,WGS84,来源原值,武功山景区,来源定位点，未实地测量,,,12_3347_1722.png,2026-10-05
158,九江市庐山西海景区,江西,115.500833,29.205278,公开地图代表点,60.0,60,约60米,33.4,未取得可用于本图的公开区间,https://sjfw.mct.gov.cn/site/dataservice/culdetails?curId=10&id=34937,https://loreroutes.com/data/china-5a-scenic-areas.json,WGS84,来源原值,庐山西海景区,来源定位点，未实地测量,,,12_3362_1700.png,2026-10-05
159,赣州市安远县三百山景区,江西,115.37189,24.95079,公开地图代表点,292.0,292,约290米,34.7,未取得可用于本图的公开区间,https://sjfw.mct.gov.cn/site/dataservice/culdetails?curId=10&id=34938,https://loreroutes.com/data/china-5a-scenic-areas.json,WGS84,来源原值,三百山景区,来源定位点，未实地测量,,,12_3360_1754.png,2026-10-05
160,上饶市婺源县篁岭景区,江西,118.117073,29.320121,公开地图代表点,374.0,374,约370米,33.3,未取得可用于本图的公开区间,https://sjfw.mct.gov.cn/site/dataservice/culdetails?curId=10&id=34939,https://loreroutes.com/data/china-5a-scenic-areas.json,WGS84,来源原值,篁岭景区,来源定位点，未实地测量,,,12_3391_1698.png,2026-10-05
161,泰安市泰山景区,山东,117.0805496191653,36.263987680787814,公开地图代表点,990.0,990,约990米,30.8,未取得可用于本图的公开区间,https://sjfw.mct.gov.cn/site/dataservice/culdetails?curId=10&id=34940,https://a.amap.com/Loca/static/mock/china5a.csv,GCJ-02,GCJ-02数值反算至WGS84,泰安市泰山区泰山景区,来源定位点，未实地测量,,,12_3380_1604.png,2026-10-05
162,烟台市蓬莱阁-三仙山-八仙过海旅游区,山东,120.7475778290205,37.82462570072316,公开地图代表点,23.0,23,约20米,30.2,未取得可用于本图的公开区间,https://sjfw.mct.gov.cn/site/dataservice/culdetails?curId=10&id=34941,https://a.amap.com/Loca/static/mock/china5a.csv,GCJ-02,GCJ-02数值反算至WGS84,烟台市蓬莱市蓬莱阁－三仙山－八仙过海旅游区,来源定位点，未实地测量,,,12_3421_1582.png,2026-10-05
163,济宁市明故城三孔旅游区,山东,116.98427858664492,35.59259523321631,公开地图代表点,66.0,66,约70米,31.1,未取得可用于本图的公开区间,https://sjfw.mct.gov.cn/site/dataservice/culdetails?curId=10&id=34942,https://a.amap.com/Loca/static/mock/china5a.csv,GCJ-02,GCJ-02数值反算至WGS84,济宁市曲阜市明故城三孔旅游区,来源定位点，未实地测量,,,12_3379_1614.png,2026-10-05
164,青岛市崂山景区,山东,120.63936064552826,36.184094757168644,公开地图代表点,786.0,786,约790米,30.8,未取得可用于本图的公开区间,https://sjfw.mct.gov.cn/site/dataservice/culdetails?curId=10&id=34943,https://a.amap.com/Loca/static/mock/china5a.csv,GCJ-02,GCJ-02数值反算至WGS84,青岛市崂山区崂山景区,来源定位点，未实地测量,,,12_3420_1605.png,2026-10-05
165,威海市刘公岛景区,山东,122.18484961590748,37.503630858874565,公开地图代表点,60.0,60,约60米,30.3,未取得可用于本图的公开区间,https://sjfw.mct.gov.cn/site/dataservice/culdetails?curId=10&id=34944,https://a.amap.com/Loca/static/mock/china5a.csv,GCJ-02,GCJ-02数值反算至WGS84,威海市环翠区刘公岛景区,来源定位点，未实地测量,,,12_3438_1587.png,2026-10-05
166,烟台市南山景区,山东,120.47464576567133,37.56019709760828,公开地图代表点,163.0,163,约160米,30.3,未取得可用于本图的公开区间,https://sjfw.mct.gov.cn/site/dataservice/culdetails?curId=10&id=34945,https://a.amap.com/Loca/static/mock/china5a.csv,GCJ-02,GCJ-02数值反算至WGS84,烟台市龙口市南山景区,来源定位点，未实地测量,,,12_3418_1586.png,2026-10-05
167,枣庄市台儿庄古城景区,山东,117.72024315110549,34.556429420560875,公开地图代表点,28.0,28,约30米,31.5,未取得可用于本图的公开区间,https://sjfw.mct.gov.cn/site/dataservice/culdetails?curId=10&id=34946,https://a.amap.com/Loca/static/mock/china5a.csv,GCJ-02,GCJ-02数值反算至WGS84,枣庄市台儿庄区台儿庄古城景区,来源定位点，未实地测量,,,12_3387_1628.png,2026-10-05
168,济南市天下第一泉景区,山东,117.01011865172538,36.66091680420847,公开地图代表点,30.0,30,约30米,30.7,未取得可用于本图的公开区间,https://sjfw.mct.gov.cn/site/dataservice/culdetails?curId=10&id=34947,https://a.amap.com/Loca/static/mock/china5a.csv,GCJ-02,GCJ-02数值反算至WGS84,济南市历下区天下第一泉景区（趵突泉－大明湖－五龙潭－环城公园-黑虎泉）,来源定位点，未实地测量,,,12_3379_1599.png,2026-10-05
169,沂蒙山旅游区,山东,117.83429260307504,35.52673567142001,公开地图代表点,330.0,330,约330米,31.1,未取得可用于本图的公开区间,https://sjfw.mct.gov.cn/site/dataservice/culdetails?curId=10&id=34948,https://a.amap.com/Loca/static/mock/china5a.csv,GCJ-02,GCJ-02数值反算至WGS84,山东沂蒙山旅游区（沂山景区－龟蒙景区－云蒙景区）,来源定位点，未实地测量,,,12_3388_1615.png,2026-10-05
170,潍坊市青州古城景区,山东,118.47565908462984,36.67879765848492,公开地图代表点,108.0,108,约110米,30.7,未取得可用于本图的公开区间,https://sjfw.mct.gov.cn/site/dataservice/culdetails?curId=10&id=34949,https://a.amap.com/Loca/static/mock/china5a.csv,GCJ-02,GCJ-02数值反算至WGS84,潍坊市青州市青州古城景区,来源定位点，未实地测量,,,12_3395_1598.png,2026-10-05
171,威海市威海华夏城景区,山东,122.10880900211728,37.42307715787052,公开地图代表点,151.0,151,约150米,30.4,未取得可用于本图的公开区间,https://sjfw.mct.gov.cn/site/dataservice/culdetails?curId=10&id=34950,https://a.amap.com/Loca/static/mock/china5a.csv,GCJ-02,GCJ-02数值反算至WGS84,威海市环翠区威海华夏城景区,来源定位点，未实地测量,,,12_3437_1588.png,2026-10-05
172,东营市黄河口生态旅游区,山东,118.83433,37.68672,公开地图代表点,3.0,3,约0米,30.2,未取得可用于本图的公开区间,https://sjfw.mct.gov.cn/site/dataservice/culdetails?curId=10&id=34951,https://loreroutes.com/data/china-5a-scenic-areas.json,WGS84,来源原值,黄河口生态旅游区,来源定位点，未实地测量,,,12_3400_1584.png,2026-10-05
173,临沂市萤火虫水洞•地下大峡谷旅游区,山东,118.447587,35.717499,公开地图代表点,261.0,261,约260米,31.0,未取得可用于本图的公开区间,https://sjfw.mct.gov.cn/site/dataservice/culdetails?curId=10&id=34952,https://loreroutes.com/data/china-5a-scenic-areas.json,WGS84,来源原值,萤火虫水洞·地下大峡谷旅游区,来源定位点，未实地测量,,,12_3395_1612.png,2026-10-05
174,济宁市微山湖旅游区,山东,117.2,34.6,公开地图代表点,28.0,28,约30米,31.5,未取得可用于本图的公开区间,https://sjfw.mct.gov.cn/site/dataservice/culdetails?curId=10&id=34953,https://loreroutes.com/data/china-5a-scenic-areas.json,WGS84,来源原值,微山湖旅游区,来源定位点，未实地测量,,,12_3381_1627.png,2026-10-05
175,青岛市奥帆海洋文化旅游区,山东,120.39048,36.060208,公开地图代表点,4.0,4,约0米,30.9,未取得可用于本图的公开区间,https://sjfw.mct.gov.cn/site/dataservice/culdetails?curId=10&id=34954,https://loreroutes.com/data/china-5a-scenic-areas.json,WGS84,来源原值,奥帆海洋文化旅游区,来源定位点，未实地测量,,,12_3417_1607.png,2026-10-05
176,淄博市周村古商城景区,山东,117.835257,36.797894,公开地图代表点,56.0,56,约60米,30.6,未取得可用于本图的公开区间,https://sjfw.mct.gov.cn/site/dataservice/culdetails?curId=10&id=34955,https://loreroutes.com/data/china-5a-scenic-areas.json,WGS84,来源原值,周村古商城景区,来源定位点，未实地测量,,,12_3388_1597.png,2026-10-05
177,郑州市嵩山少林景区,河南,112.94941905566418,34.514601412035574,公开地图代表点,548.0,548,约550米,31.5,未取得可用于本图的公开区间,https://sjfw.mct.gov.cn/site/dataservice/culdetails?curId=10&id=34956,https://a.amap.com/Loca/static/mock/china5a.csv,GCJ-02,GCJ-02数值反算至WGS84,郑州市登封市嵩山少林寺景区,来源定位点，未实地测量,,,12_3333_1629.png,2026-10-05
178,洛阳市龙门石窟景区,河南,112.4683250321919,34.56004703846076,公开地图代表点,215.0,215,约220米,31.5,未取得可用于本图的公开区间,https://sjfw.mct.gov.cn/site/dataservice/culdetails?curId=10&id=34957,https://a.amap.com/Loca/static/mock/china5a.csv,GCJ-02,GCJ-02数值反算至WGS84,洛阳市洛龙区龙门石窟景区,来源定位点，未实地测量,,,12_3327_1628.png,2026-10-05
179,焦作市云台山－神农山－青天河景区,河南,113.00415960694426,35.34153513450171,公开地图代表点,746.0,746,约750米,31.2,未取得可用于本图的公开区间,https://sjfw.mct.gov.cn/site/dataservice/culdetails?curId=10&id=34958,https://a.amap.com/Loca/static/mock/china5a.csv,GCJ-02,GCJ-02数值反算至WGS84,焦作市云台山－神农山－青天河风景区,来源定位点，未实地测量,,,12_3333_1617.png,2026-10-05
180,安阳市殷墟景区,河南,114.31873716629048,36.12158882515961,公开地图代表点,80.0,80,约80米,30.9,未取得可用于本图的公开区间,https://sjfw.mct.gov.cn/site/dataservice/culdetails?curId=10&id=34959,https://a.amap.com/Loca/static/mock/china5a.csv,GCJ-02,GCJ-02数值反算至WGS84,安阳市殷都区殷墟景区,来源定位点，未实地测量,,,12_3348_1606.png,2026-10-05
181,洛阳市白云山景区,河南,111.85873918537264,33.66702202407471,公开地图代表点,1518.0,1518,约1520米,31.8,未取得可用于本图的公开区间,https://sjfw.mct.gov.cn/site/dataservice/culdetails?curId=10&id=34960,https://a.amap.com/Loca/static/mock/china5a.csv,GCJ-02,GCJ-02数值反算至WGS84,洛阳市嵩县白云山景区,来源定位点，未实地测量,,,12_3320_1640.png,2026-10-05
182,开封市清明上河园景区,河南,114.33520085672188,34.808986854455604,公开地图代表点,69.0,69,约70米,31.4,未取得可用于本图的公开区间,https://sjfw.mct.gov.cn/site/dataservice/culdetails?curId=10&id=34961,https://a.amap.com/Loca/static/mock/china5a.csv,GCJ-02,GCJ-02数值反算至WGS84,开封市龙亭区清明上河园景区,来源定位点，未实地测量,,,12_3348_1625.png,2026-10-05
183,平顶山市尧山－中原大佛景区,河南,112.45803199023604,33.759197694099385,公开地图代表点,270.0,270,约270米,31.8,未取得可用于本图的公开区间,https://sjfw.mct.gov.cn/site/dataservice/culdetails?curId=10&id=34962,https://a.amap.com/Loca/static/mock/china5a.csv,GCJ-02,GCJ-02数值反算至WGS84,平顶山市鲁山县尧山－中原大佛景区,来源定位点，未实地测量,,,12_3327_1639.png,2026-10-05
184,洛阳市老君山－鸡冠洞旅游区,河南,111.56219476103033,33.78924895762047,公开地图代表点,792.0,792,约790米,31.8,未取得可用于本图的公开区间,https://sjfw.mct.gov.cn/site/dataservice/culdetails?curId=10&id=34963,https://a.amap.com/Loca/static/mock/china5a.csv,GCJ-02,GCJ-02数值反算至WGS84,洛阳市栾川县老君山－鸡冠洞旅游区,来源定位点，未实地测量,,,12_3317_1639.png,2026-10-05
185,洛阳市龙潭大峡谷景区,河南,111.99499589584424,34.962095851764595,公开地图代表点,484.0,484,约480米,31.3,未取得可用于本图的公开区间,https://sjfw.mct.gov.cn/site/dataservice/culdetails?curId=10&id=34964,https://a.amap.com/Loca/static/mock/china5a.csv,GCJ-02,GCJ-02数值反算至WGS84,洛阳市新安县龙潭大峡谷景区,来源定位点，未实地测量,,,12_3322_1622.png,2026-10-05
186,南阳市西峡恐龙遗迹园-伏牛山-老界岭旅游区,河南,111.68090821310618,33.23302730422727,公开地图代表点,245.0,245,约240米,32.0,未取得可用于本图的公开区间,https://sjfw.mct.gov.cn/site/dataservice/culdetails?curId=10&id=34965,https://a.amap.com/Loca/static/mock/china5a.csv,GCJ-02,GCJ-02数值反算至WGS84,南阳市西峡县伏牛山－老界岭－中国恐龙遗址园旅游区,来源定位点，未实地测量,,,12_3318_1646.png,2026-10-05
187,驻马店市嵖岈山旅游景区,河南,113.72414757476882,33.131541708369845,公开地图代表点,319.0,319,约320米,32.0,未取得可用于本图的公开区间,https://sjfw.mct.gov.cn/site/dataservice/culdetails?curId=10&id=34966,https://a.amap.com/Loca/static/mock/china5a.csv,GCJ-02,GCJ-02数值反算至WGS84,驻马店市遂平县嵖岈山旅游景区,来源定位点，未实地测量,,,12_3341_1648.png,2026-10-05
188,安阳市红旗渠－太行大峡谷旅游景区,河南,113.74908227328882,36.364914655363236,公开地图代表点,392.0,392,约390米,30.8,未取得可用于本图的公开区间,https://sjfw.mct.gov.cn/site/dataservice/culdetails?curId=10&id=34967,https://a.amap.com/Loca/static/mock/china5a.csv,GCJ-02,GCJ-02数值反算至WGS84,安阳市林州市红旗渠－太行大峡谷旅游景区,来源定位点，未实地测量,,,12_3342_1603.png,2026-10-05
189,商丘市芒砀山汉文化旅游景区,河南,116.4824742289115,34.178132388888805,公开地图代表点,55.0,55,约60米,31.6,未取得可用于本图的公开区间,https://sjfw.mct.gov.cn/site/dataservice/culdetails?curId=10&id=34968,https://a.amap.com/Loca/static/mock/china5a.csv,GCJ-02,GCJ-02数值反算至WGS84,永城市芒砀山汉文化旅游景区,来源定位点，未实地测量,,,12_3373_1633.png,2026-10-05
190,新乡市八里沟景区,河南,113.541759,35.593076,公开地图代表点,622.0,622,约620米,31.1,未取得可用于本图的公开区间,https://sjfw.mct.gov.cn/site/dataservice/culdetails?curId=10&id=34969,https://loreroutes.com/data/china-5a-scenic-areas.json,WGS84,来源原值,八里沟景区,来源定位点，未实地测量,,,12_3339_1614.png,2026-10-05
191,信阳市鸡公山景区,河南,114.083333,31.799444,公开地图代表点,562.0,562,约560米,32.5,未取得可用于本图的公开区间,https://sjfw.mct.gov.cn/site/dataservice/culdetails?curId=10&id=34970,https://loreroutes.com/data/china-5a-scenic-areas.json,WGS84,来源原值,鸡公山景区,来源定位点，未实地测量,,,12_3346_1666.png,2026-10-05
192,周口市太昊伏羲陵文化旅游区,河南,114.882289,33.753739,公开地图代表点,50.0,50,约50米,31.8,未取得可用于本图的公开区间,https://sjfw.mct.gov.cn/site/dataservice/culdetails?curId=10&id=34971,https://loreroutes.com/data/china-5a-scenic-areas.json,WGS84,来源原值,太昊伏羲陵文化旅游区,来源定位点，未实地测量,,,12_3355_1639.png,2026-10-05
193,新乡市宝泉旅游区,河南,113.476508,35.447237,公开地图代表点,137.0,137,约140米,31.1,未取得可用于本图的公开区间,https://sjfw.mct.gov.cn/site/dataservice/culdetails?curId=10&id=34972,https://loreroutes.com/data/china-5a-scenic-areas.json,WGS84,来源原值,宝泉旅游区,来源定位点，未实地测量,,,12_3339_1616.png,2026-10-05
194,武汉市黄鹤楼公园,湖北,114.29936316314985,30.546609462765932,公开地图代表点,70.0,70,约70米,32.9,未取得可用于本图的公开区间,https://sjfw.mct.gov.cn/site/dataservice/culdetails?curId=10&id=34973,https://a.amap.com/Loca/static/mock/china5a.csv,GCJ-02,GCJ-02数值反算至WGS84,武汉市武昌区黄鹤楼公园,来源定位点，未实地测量,,,12_3348_1682.png,2026-10-05
195,三峡大坝—屈原故里文化旅游区,湖北,111.009719,30.828331,公开地图代表点,93.0,93,约90米,32.8,未取得可用于本图的公开区间,https://sjfw.mct.gov.cn/site/dataservice/culdetails?curId=10&id=34974,https://loreroutes.com/data/china-5a-scenic-areas.json,WGS84,来源原值,屈原故里（三峡大坝-屈原故里旅游区）,来源定位点，未实地测量,,,12_3311_1678.png,2026-10-05
196,三峡人家风景区,湖北,111.15832950019173,30.797673605262556,公开地图代表点,61.74609375,62,约60米,32.8,未取得可用于本图的公开区间,https://sjfw.mct.gov.cn/site/dataservice/culdetails?curId=10&id=34975,https://a.amap.com/Loca/static/mock/china5a.csv,GCJ-02,GCJ-02数值反算至WGS84,宜昌市夷陵区三峡人家风景区,来源定位点，未实地测量,,,12_3312_1679.png,2026-10-05
197,十堰武当山风景区,湖北,111.06977899628124,32.48159183684151,公开地图代表点,498.0,498,约500米,32.2,未取得可用于本图的公开区间,https://sjfw.mct.gov.cn/site/dataservice/culdetails?curId=10&id=34976,https://a.amap.com/Loca/static/mock/china5a.csv,GCJ-02,GCJ-02数值反算至WGS84,十堰市丹江口市武当山风景区,来源定位点，未实地测量,,,12_3311_1656.png,2026-10-05
198,神农溪纤夫文化旅游区,湖北,110.32692791416521,31.04163283969383,公开地图代表点,203.0,203,约200米,32.7,未取得可用于本图的公开区间,https://sjfw.mct.gov.cn/site/dataservice/culdetails?curId=10&id=34977,https://a.amap.com/Loca/static/mock/china5a.csv,GCJ-02,GCJ-02数值反算至WGS84,恩施土家族苗族自治州巴东县神龙溪纤夫文化旅游区,来源定位点，未实地测量,,,12_3303_1676.png,2026-10-05
199,神农架生态旅游区,湖北,110.497198,31.58339,公开地图代表点,1903.0,1903,约1900米,32.6,未取得可用于本图的公开区间,https://sjfw.mct.gov.cn/site/dataservice/culdetails?curId=10&id=34978,https://loreroutes.com/data/china-5a-scenic-areas.json,WGS84,来源原值,神农架生态旅游区,来源定位点，未实地测量,,,12_3305_1668.png,2026-10-05
200,长阳清江画廊景区,湖北,111.13304525092023,30.46994319168555,公开地图代表点,201.0,201,约200米,32.9,未取得可用于本图的公开区间,https://sjfw.mct.gov.cn/site/dataservice/culdetails?curId=10&id=34979,https://a.amap.com/Loca/static/mock/china5a.csv,GCJ-02,GCJ-02数值反算至WGS84,宜昌市长阳土家族自治县清江画廊景区,来源定位点，未实地测量,,,12_3312_1683.png,2026-10-05
201,武汉东湖景区,湖北,114.383333,30.566667,公开地图代表点,20.0,20,约20米,32.9,未取得可用于本图的公开区间,https://sjfw.mct.gov.cn/site/dataservice/culdetails?curId=10&id=34980,https://loreroutes.com/data/china-5a-scenic-areas.json,WGS84,来源原值,东湖景区,来源定位点，未实地测量,,,12_3349_1682.png,2026-10-05
202,黄陂木兰文化生态旅游区,湖北,114.3733454861489,31.103369991368933,公开地图代表点,71.0,71,约70米,32.7,未取得可用于本图的公开区间,https://sjfw.mct.gov.cn/site/dataservice/culdetails?curId=10&id=34981,https://a.amap.com/Loca/static/mock/china5a.csv,GCJ-02,GCJ-02数值反算至WGS84,武汉市黄陂区木兰文化生态旅游区,来源定位点，未实地测量,,,12_3349_1675.png,2026-10-05
203,恩施大峡谷景区,湖北,109.17990018510527,30.475741047000096,公开地图代表点,1908.0,1908,约1910米,32.9,未取得可用于本图的公开区间,https://sjfw.mct.gov.cn/site/dataservice/culdetails?curId=10&id=34982,https://a.amap.com/Loca/static/mock/china5a.csv,GCJ-02,GCJ-02数值反算至WGS84,恩施土家族苗族自治州恩施市恩施大峡谷景区,来源定位点，未实地测量,,,12_3290_1683.png,2026-10-05
204,咸宁市三国赤壁古战场景区,湖北,113.624753,29.881888,公开地图代表点,27.0,27,约30米,33.1,未取得可用于本图的公开区间,https://sjfw.mct.gov.cn/site/dataservice/culdetails?curId=10&id=34983,https://loreroutes.com/data/china-5a-scenic-areas.json,WGS84,来源原值,三国赤壁古战场景区,来源定位点，未实地测量,,,12_3340_1691.png,2026-10-05
205,襄阳市古隆中景区,湖北,112.027003,31.994077,公开地图代表点,127.0,127,约130米,32.4,未取得可用于本图的公开区间,https://sjfw.mct.gov.cn/site/dataservice/culdetails?curId=10&id=34984,https://loreroutes.com/data/china-5a-scenic-areas.json,WGS84,来源原值,古隆中景区,来源定位点，未实地测量,,,12_3322_1663.png,2026-10-05
206,恩施州利川腾龙洞景区,湖北,108.982778,30.336389,公开地图代表点,1189.0,1189,约1190米,33.0,未取得可用于本图的公开区间,https://sjfw.mct.gov.cn/site/dataservice/culdetails?curId=10&id=34985,https://loreroutes.com/data/china-5a-scenic-areas.json,WGS84,来源原值,腾龙洞景区,来源定位点，未实地测量,,,12_3287_1685.png,2026-10-05
207,宜昌市三峡大瀑布旅游区,湖北,111.318619,30.948192,公开地图代表点,441.0,441,约440米,32.8,未取得可用于本图的公开区间,https://sjfw.mct.gov.cn/site/dataservice/culdetails?curId=10&id=34986,https://loreroutes.com/data/china-5a-scenic-areas.json,WGS84,来源原值,三峡大瀑布景区,来源定位点，未实地测量,,,12_3314_1677.png,2026-10-05
208,钟祥市明显陵文化旅游景区,湖北,112.62976,31.205675,公开地图代表点,57.0,57,约60米,32.7,未取得可用于本图的公开区间,https://sjfw.mct.gov.cn/site/dataservice/culdetails?curId=10&id=34987,https://loreroutes.com/data/china-5a-scenic-areas.json,WGS84,来源原值,明显陵文化旅游景区,来源定位点，未实地测量,,,12_3329_1673.png,2026-10-05
209,麻城市龟峰山景区,湖北,115.225551,31.107193,公开地图代表点,474.0,474,约470米,32.7,未取得可用于本图的公开区间,https://sjfw.mct.gov.cn/site/dataservice/culdetails?curId=10&id=34988,https://loreroutes.com/data/china-5a-scenic-areas.json,WGS84,来源原值,麻城龟峰山景区,来源定位点，未实地测量,,,12_3359_1675.png,2026-10-05
210,张家界市武陵源－天门山旅游区,湖南,110.46592552441534,29.343126449953402,公开地图代表点,600.0,600,约600米,33.3,未取得可用于本图的公开区间,https://sjfw.mct.gov.cn/site/dataservice/culdetails?curId=10&id=34989,https://a.amap.com/Loca/static/mock/china5a.csv,GCJ-02,GCJ-02数值反算至WGS84,张家界市武陵源－天门山旅游区,来源定位点，未实地测量,,,12_3304_1698.png,2026-10-05
211,衡阳市南岳衡山旅游区,湖南,112.70994691789832,27.272745514580436,公开地图代表点,465.0,465,约460米,34.0,未取得可用于本图的公开区间,https://sjfw.mct.gov.cn/site/dataservice/culdetails?curId=10&id=34990,https://a.amap.com/Loca/static/mock/china5a.csv,GCJ-02,GCJ-02数值反算至WGS84,衡阳市南岳区衡山旅游区,来源定位点，未实地测量,,,12_3330_1725.png,2026-10-05
212,湘潭市韶山旅游区,湖南,112.46558043438192,27.89125629874119,公开地图代表点,336.0,336,约340米,33.8,未取得可用于本图的公开区间,https://sjfw.mct.gov.cn/site/dataservice/culdetails?curId=10&id=34991,https://a.amap.com/Loca/static/mock/china5a.csv,GCJ-02,GCJ-02数值反算至WGS84,湘潭市韶山市韶山旅游区,来源定位点，未实地测量,,,12_3327_1717.png,2026-10-05
213,岳阳市岳阳楼－君山岛景区,湖南,113.08821609968562,29.383723898498715,公开地图代表点,44.0,44,约40米,33.3,未取得可用于本图的公开区间,https://sjfw.mct.gov.cn/site/dataservice/culdetails?curId=10&id=34992,https://a.amap.com/Loca/static/mock/china5a.csv,GCJ-02,GCJ-02数值反算至WGS84,岳阳市岳阳楼－君山岛景区,来源定位点，未实地测量,,,12_3334_1697.png,2026-10-05
214,岳麓山·橘子洲旅游区,湖南,112.943373,28.194667,公开地图代表点,74.0,74,约70米,33.7,未取得可用于本图的公开区间,https://sjfw.mct.gov.cn/site/dataservice/culdetails?curId=10&id=34993,https://loreroutes.com/data/china-5a-scenic-areas.json,WGS84,来源原值,岳麓山—橘子洲旅游区,来源定位点，未实地测量,,,12_3333_1713.png,2026-10-05
215,花明楼景区,湖南,112.64222596739467,28.037273876007696,公开地图代表点,86.0,86,约90米,33.7,未取得可用于本图的公开区间,https://sjfw.mct.gov.cn/site/dataservice/culdetails?curId=10&id=34994,https://a.amap.com/Loca/static/mock/china5a.csv,GCJ-02,GCJ-02数值反算至WGS84,长沙市宁乡县花明楼景区,来源定位点，未实地测量,,,12_3329_1715.png,2026-10-05
216,郴州市东江湖旅游区,湖南,113.38580067875081,25.861557494849198,公开地图代表点,274.0,274,约270米,34.4,未取得可用于本图的公开区间,https://sjfw.mct.gov.cn/site/dataservice/culdetails?curId=10&id=34995,https://a.amap.com/Loca/static/mock/china5a.csv,GCJ-02,GCJ-02数值反算至WGS84,郴州市资兴市东江湖旅游区,来源定位点，未实地测量,,,12_3338_1743.png,2026-10-05
217,崀山风景名胜区,湖南,110.80033693156146,26.409909326163014,公开地图代表点,328.0,328,约330米,34.2,未取得可用于本图的公开区间,https://sjfw.mct.gov.cn/site/dataservice/culdetails?curId=10&id=34996,https://a.amap.com/Loca/static/mock/china5a.csv,GCJ-02,GCJ-02数值反算至WGS84,邵阳市新宁县崀山景区,来源定位点，未实地测量,,,12_3308_1736.png,2026-10-05
218,株洲市炎帝陵景区,湖南,113.664872,26.419828,公开地图代表点,198.0,198,约200米,34.2,未取得可用于本图的公开区间,https://sjfw.mct.gov.cn/site/dataservice/culdetails?curId=10&id=34997,https://loreroutes.com/data/china-5a-scenic-areas.json,WGS84,来源原值,炎帝陵景区,来源定位点，未实地测量,,,12_3341_1736.png,2026-10-05
219,湖南常德桃花源旅游区,湖南,111.419805,28.777373,公开地图代表点,41.0,41,约40米,33.5,未取得可用于本图的公开区间,https://sjfw.mct.gov.cn/site/dataservice/culdetails?curId=10&id=34998,https://loreroutes.com/data/china-5a-scenic-areas.json,WGS84,来源原值,桃花源旅游区,来源定位点，未实地测量,,,12_3315_1705.png,2026-10-05
220,湘西州吉首市矮寨·十八洞•德夯大峡谷景区,湖南,109.592078,28.335303,公开地图代表点,662.0,662,约660米,33.6,未取得可用于本图的公开区间,https://sjfw.mct.gov.cn/site/dataservice/culdetails?curId=10&id=34999,https://loreroutes.com/data/china-5a-scenic-areas.json,WGS84,来源原值,矮寨（矮寨·十八洞·德夯大峡谷景区）,来源定位点，未实地测量,,,12_3294_1711.png,2026-10-05
221,湘西州凤凰古城旅游区,湖南,109.6,27.9525,公开地图代表点,310.0,310,约310米,33.8,未取得可用于本图的公开区间,https://sjfw.mct.gov.cn/site/dataservice/culdetails?curId=10&id=35000,https://loreroutes.com/data/china-5a-scenic-areas.json,WGS84,来源原值,凤凰古城旅游区,来源定位点，未实地测量,,,12_3295_1716.png,2026-10-05
222,广州市长隆旅游度假区,广东,113.321218,23.003069,公开地图代表点,23.0,23,约20米,35.2,未取得可用于本图的公开区间,https://sjfw.mct.gov.cn/site/dataservice/culdetails?curId=10&id=35001,https://loreroutes.com/data/china-5a-scenic-areas.json,WGS84,来源原值,长隆旅游度假区,来源定位点，未实地测量,,,12_3337_1778.png,2026-10-05
223,深圳市南山区华侨城旅游度假区,广东,113.97977039586426,22.541736574793745,公开地图代表点,27.0,27,约30米,35.3,未取得可用于本图的公开区间,https://sjfw.mct.gov.cn/site/dataservice/culdetails?curId=10&id=35002,https://a.amap.com/Loca/static/mock/china5a.csv,GCJ-02,GCJ-02数值反算至WGS84,深圳市南山区华侨城旅游度假区,来源定位点，未实地测量,,,12_3344_1784.png,2026-10-05
224,广州市白云区白云山景区,广东,113.29414424208758,23.18674733620446,公开地图代表点,303.0,303,约300米,35.1,未取得可用于本图的公开区间,https://sjfw.mct.gov.cn/site/dataservice/culdetails?curId=10&id=35003,https://a.amap.com/Loca/static/mock/china5a.csv,GCJ-02,GCJ-02数值反算至WGS84,广州市白云区白云山景区,来源定位点，未实地测量,,,12_3337_1776.png,2026-10-05
225,梅州市梅县区雁南飞茶田景区,广东,116.3664475903795,24.382740615258395,公开地图代表点,345.0,345,约340米,34.8,未取得可用于本图的公开区间,https://sjfw.mct.gov.cn/site/dataservice/culdetails?curId=10&id=35004,https://a.amap.com/Loca/static/mock/china5a.csv,GCJ-02,GCJ-02数值反算至WGS84,梅州市梅县区雁南飞茶田景区,来源定位点，未实地测量,,,12_3371_1761.png,2026-10-05
226,深圳市龙华区观澜湖休闲旅游区,广东,114.07005916390683,22.740142483142304,公开地图代表点,75.0,75,约80米,35.2,未取得可用于本图的公开区间,https://sjfw.mct.gov.cn/site/dataservice/culdetails?curId=10&id=35005,https://a.amap.com/Loca/static/mock/china5a.csv,GCJ-02,GCJ-02数值反算至WGS84,深圳市龙华区观澜湖休闲旅游区,来源定位点，未实地测量,,,12_3345_1782.png,2026-10-05
227,清远市连州市地下河旅游景区,广东,112.32460933946825,25.00463750574966,公开地图代表点,218.0,218,约220米,34.6,未取得可用于本图的公开区间,https://sjfw.mct.gov.cn/site/dataservice/culdetails?curId=10&id=35006,https://a.amap.com/Loca/static/mock/china5a.csv,GCJ-02,GCJ-02数值反算至WGS84,清远市连州市地下河旅游景区,来源定位点，未实地测量,,,12_3326_1754.png,2026-10-05
228,韶关市仁化县丹霞山景区,广东,113.75230046940776,25.04695951799199,公开地图代表点,96.0,96,约100米,34.6,未取得可用于本图的公开区间,https://sjfw.mct.gov.cn/site/dataservice/culdetails?curId=10&id=35007,https://a.amap.com/Loca/static/mock/china5a.csv,GCJ-02,GCJ-02数值反算至WGS84,韶关市仁化县丹霞山景区,来源定位点，未实地测量,,,12_3342_1753.png,2026-10-05
229,佛山市南海区西樵山景区,广东,112.97202499693903,22.927688898183543,公开地图代表点,284.0,284,约280米,35.2,未取得可用于本图的公开区间,https://sjfw.mct.gov.cn/site/dataservice/culdetails?curId=10&id=35008,https://a.amap.com/Loca/static/mock/china5a.csv,GCJ-02,GCJ-02数值反算至WGS84,佛山市南海区西樵山景区,来源定位点，未实地测量,,,12_3333_1779.png,2026-10-05
230,惠州市罗浮山景区,广东,114.02933020414432,23.266688042020487,公开地图代表点,588.0,588,约590米,35.1,未取得可用于本图的公开区间,https://sjfw.mct.gov.cn/site/dataservice/culdetails?curId=10&id=35009,https://a.amap.com/Loca/static/mock/china5a.csv,GCJ-02,GCJ-02数值反算至WGS84,惠州市博罗县罗浮山景区,来源定位点，未实地测量,,,12_3345_1775.png,2026-10-05
231,佛山市长鹿旅游休博园,广东,113.28378925272438,22.880897274983738,公开地图代表点,-1.0,-1,约0米,35.2,未取得可用于本图的公开区间,https://sjfw.mct.gov.cn/site/dataservice/culdetails?curId=10&id=35010,https://a.amap.com/Loca/static/mock/china5a.csv,GCJ-02,GCJ-02数值反算至WGS84,佛山市德顺区长鹿旅游休博园,来源定位点，未实地测量,,原始栅格为-1米；图上按10米四舍五入约0米，不解释为实测海拔或地面沉降。,12_3336_1780.png,2026-10-05
232,阳江市江城区海陵岛大角湾海上丝路旅游区,广东,111.83882858973064,21.57097585565021,公开地图代表点,1.0,1,约0米,35.5,未取得可用于本图的公开区间,https://sjfw.mct.gov.cn/site/dataservice/culdetails?curId=10&id=35011,https://a.amap.com/Loca/static/mock/china5a.csv,GCJ-02,GCJ-02数值反算至WGS84,阳江市江城区海陵岛大角湾海上丝路旅游区,来源定位点，未实地测量,,,12_3320_1796.png,2026-10-05
233,中山市孙中山故里旅游区,广东,113.52393120051471,22.444834424854047,公开地图代表点,10.0,10,约10米,35.3,未取得可用于本图的公开区间,https://sjfw.mct.gov.cn/site/dataservice/culdetails?curId=10&id=35012,https://a.amap.com/Loca/static/mock/china5a.csv,GCJ-02,GCJ-02数值反算至WGS84,中山市孙中山故里旅游区,来源定位点，未实地测量,,,12_3339_1785.png,2026-10-05
234,惠州市惠城区惠州西湖旅游景区,广东,114.397222,23.094444,公开地图代表点,23.0,23,约20米,35.2,未取得可用于本图的公开区间,https://sjfw.mct.gov.cn/site/dataservice/culdetails?curId=10&id=35013,https://loreroutes.com/data/china-5a-scenic-areas.json,WGS84,来源原值,惠州西湖旅游景区,来源定位点，未实地测量,,,12_3349_1777.png,2026-10-05
235,肇庆市星湖旅游区,广东,112.46816,23.07492,公开地图代表点,5.41015625,5,约0米,35.2,未取得可用于本图的公开区间,https://sjfw.mct.gov.cn/site/dataservice/culdetails?curId=10&id=35014,https://loreroutes.com/data/china-5a-scenic-areas.json,WGS84,来源原值,星湖旅游景区,来源定位点，未实地测量,,,12_3327_1778.png,2026-10-05
236,江门市开平碉楼文化旅游区,广东,112.565833,22.285556,公开地图代表点,3.0,3,约0米,35.4,未取得可用于本图的公开区间,https://sjfw.mct.gov.cn/site/dataservice/culdetails?curId=10&id=35015,https://loreroutes.com/data/china-5a-scenic-areas.json,WGS84,来源原值,开平碉楼文化旅游区,来源定位点，未实地测量,,,12_3328_1787.png,2026-10-05
237,河源市万绿湖风景区,广东,114.6475,23.726389,公开地图代表点,101.609375,102,约100米,35.0,未取得可用于本图的公开区间,https://sjfw.mct.gov.cn/site/dataservice/culdetails?curId=10&id=35016,https://loreroutes.com/data/china-5a-scenic-areas.json,WGS84,来源原值,万绿湖风景区,来源定位点，未实地测量,,,12_3352_1769.png,2026-10-05
238,桂林市漓江风景区,广西,110.42691424774388,25.150138433097993,公开地图代表点,145.0,145,约140米,34.6,未取得可用于本图的公开区间,https://sjfw.mct.gov.cn/site/dataservice/culdetails?curId=10&id=35017,https://a.amap.com/Loca/static/mock/china5a.csv,GCJ-02,GCJ-02数值反算至WGS84,桂林市漓江风景区,来源定位点，未实地测量,,,12_3304_1752.png,2026-10-05
239,桂林市独秀峰•靖江王城景区,广西,110.29456744092985,25.28448045337583,公开地图代表点,161.0,161,约160米,34.6,未取得可用于本图的公开区间,https://sjfw.mct.gov.cn/site/dataservice/culdetails?curId=10&id=35018,https://a.amap.com/Loca/static/mock/china5a.csv,GCJ-02,GCJ-02数值反算至WGS84,桂林市秀峰区独秀峰·靖江王城景区,来源定位点，未实地测量,,,12_3302_1750.png,2026-10-05
240,南宁市青秀山风景名胜旅游区,广西,108.38299464480698,22.790058810064465,公开地图代表点,205.0,205,约200米,35.2,未取得可用于本图的公开区间,https://sjfw.mct.gov.cn/site/dataservice/culdetails?curId=10&id=35019,https://a.amap.com/Loca/static/mock/china5a.csv,GCJ-02,GCJ-02数值反算至WGS84,南宁市青秀区青秀山旅游区,来源定位点，未实地测量,,,12_3281_1781.png,2026-10-05
241,桂林市两江四湖•象山景区,广西,110.29226436200035,25.27162022684024,公开地图代表点,140.0,140,约140米,34.6,未取得可用于本图的公开区间,https://sjfw.mct.gov.cn/site/dataservice/culdetails?curId=10&id=35020,https://a.amap.com/Loca/static/mock/china5a.csv,GCJ-02,GCJ-02数值反算至WGS84,桂林市两江四湖(秀峰区)·象山(象山区)景区,来源定位点，未实地测量,,,12_3302_1750.png,2026-10-05
242,崇左市德天跨国瀑布景区,广西,106.722778,22.855833,公开地图代表点,375.0,375,约380米,35.2,未取得可用于本图的公开区间,https://sjfw.mct.gov.cn/site/dataservice/culdetails?curId=10&id=35021,https://loreroutes.com/data/china-5a-scenic-areas.json,WGS84,来源原值,德天跨国瀑布景区,来源定位点，未实地测量,,,12_3262_1780.png,2026-10-05
243,百色市百色起义纪念园景区,广西,106.637112,23.905375,公开地图代表点,196.0,196,约200米,34.9,未取得可用于本图的公开区间,https://sjfw.mct.gov.cn/site/dataservice/culdetails?curId=10&id=35022,https://loreroutes.com/data/china-5a-scenic-areas.json,WGS84,来源原值,百色起义纪念园景区,来源定位点，未实地测量,,,12_3261_1767.png,2026-10-05
244,北海市涠洲岛南湾鳄鱼山景区,广西,109.111111,21.044444,公开地图代表点,25.0,25,约20米,35.7,未取得可用于本图的公开区间,https://sjfw.mct.gov.cn/site/dataservice/culdetails?curId=10&id=35023,https://loreroutes.com/data/china-5a-scenic-areas.json,WGS84,来源原值,涠洲岛南湾鳄鱼山景区,来源定位点，未实地测量,,,12_3289_1802.png,2026-10-05
245,贺州市黄姚古镇景区,广西,111.19623,24.25094,公开地图代表点,179.0,179,约180米,34.8,未取得可用于本图的公开区间,https://sjfw.mct.gov.cn/site/dataservice/culdetails?curId=10&id=35024,https://loreroutes.com/data/china-5a-scenic-areas.json,WGS84,来源原值,黄姚古镇景区,来源定位点，未实地测量,,,12_3313_1763.png,2026-10-05
246,柳州市程阳八寨景区,广西,109.644814,25.905141,公开地图代表点,194.0,194,约190米,34.4,未取得可用于本图的公开区间,https://sjfw.mct.gov.cn/site/dataservice/culdetails?curId=10&id=35025,https://loreroutes.com/data/china-5a-scenic-areas.json,WGS84,来源原值,程阳八寨景区,来源定位点，未实地测量,,,12_3295_1742.png,2026-10-05
247,崇左市花山岩画景区,广西,107.040935,22.206276,公开地图代表点,111.0,111,约110米,35.4,未取得可用于本图的公开区间,https://sjfw.mct.gov.cn/site/dataservice/culdetails?curId=10&id=35026,https://loreroutes.com/data/china-5a-scenic-areas.json,WGS84,来源原值,花山岩画景区,来源定位点，未实地测量,,,12_3265_1788.png,2026-10-05
248,三亚市南山文化旅游区,海南,109.2069874922677,18.302232825327,公开地图代表点,79.0,79,约80米,36.3,未取得可用于本图的公开区间,https://sjfw.mct.gov.cn/site/dataservice/culdetails?curId=10&id=35027,https://a.amap.com/Loca/static/mock/china5a.csv,GCJ-02,GCJ-02数值反算至WGS84,三亚市崖州区南山文化旅游区,来源定位点，未实地测量,,,12_3290_1836.png,2026-10-05
249,三亚市大小洞天旅游区,海南,109.14906660813286,18.309013988604804,公开地图代表点,22.0,22,约20米,36.3,未取得可用于本图的公开区间,https://sjfw.mct.gov.cn/site/dataservice/culdetails?curId=10&id=35028,https://a.amap.com/Loca/static/mock/china5a.csv,GCJ-02,GCJ-02数值反算至WGS84,三亚市崖州区南山大小洞天旅游区,来源定位点，未实地测量,,,12_3289_1836.png,2026-10-05
250,保亭县海南呀诺达雨林文化旅游区,海南,109.6533081423811,18.450284997151833,公开地图代表点,223.0,223,约220米,36.3,未取得可用于本图的公开区间,https://sjfw.mct.gov.cn/site/dataservice/culdetails?curId=10&id=35029,https://a.amap.com/Loca/static/mock/china5a.csv,GCJ-02,GCJ-02数值反算至WGS84,保亭县呀诺达雨林文化旅游区,来源定位点，未实地测量,,,12_3295_1834.png,2026-10-05
251,三亚市海南分界洲岛旅游区,海南,110.19626372546742,18.577948579473095,公开地图代表点,39.0,39,约40米,36.2,未取得可用于本图的公开区间,https://sjfw.mct.gov.cn/site/dataservice/culdetails?curId=10&id=35030,https://a.amap.com/Loca/static/mock/china5a.csv,GCJ-02,GCJ-02数值反算至WGS84,陵水县分界洲岛旅游区,来源定位点，未实地测量,,,12_3301_1832.png,2026-10-05
252,保亭县海南槟榔谷黎苗文化旅游区,海南,109.65777558400578,18.39903056329644,公开地图代表点,217.0,217,约220米,36.3,未取得可用于本图的公开区间,https://sjfw.mct.gov.cn/site/dataservice/culdetails?curId=10&id=35031,https://a.amap.com/Loca/static/mock/china5a.csv,GCJ-02,GCJ-02数值反算至WGS84,保亭县海南槟榔谷黎苗文化旅游区,来源定位点，未实地测量,,,12_3295_1834.png,2026-10-05
253,三亚市蜈支洲岛旅游区,海南,109.761849,18.311352,公开地图代表点,42.0,42,约40米,36.3,未取得可用于本图的公开区间,https://sjfw.mct.gov.cn/site/dataservice/culdetails?curId=10&id=35032,https://loreroutes.com/data/china-5a-scenic-areas.json,WGS84,来源原值,蜈支洲岛旅游区,来源定位点，未实地测量,,,12_3296_1836.png,2026-10-05
254,三亚市天涯海角游览区,海南,109.34545,18.29298,公开地图代表点,10.0,10,约10米,36.3,未取得可用于本图的公开区间,https://sjfw.mct.gov.cn/site/dataservice/culdetails?curId=10&id=35033,https://loreroutes.com/data/china-5a-scenic-areas.json,WGS84,来源原值,天涯海角游览区,来源定位点，未实地测量,,,12_3292_1836.png,2026-10-05
255,大足石刻景区,重庆,105.79191145919646,29.750847858453383,公开地图代表点,499.0,499,约500米,33.2,未取得可用于本图的公开区间,https://sjfw.mct.gov.cn/site/dataservice/culdetails?curId=10&id=35034,https://a.amap.com/Loca/static/mock/china5a.csv,GCJ-02,GCJ-02数值反算至WGS84,大足区大足石刻景区,来源定位点，未实地测量,,,12_3251_1693.png,2026-10-05
256,小三峡－小小三峡旅游区,重庆,109.88245760249984,31.23912441967954,公开地图代表点,215.0,215,约220米,32.7,未取得可用于本图的公开区间,https://sjfw.mct.gov.cn/site/dataservice/culdetails?curId=10&id=35035,https://a.amap.com/Loca/static/mock/china5a.csv,GCJ-02,GCJ-02数值反算至WGS84,巫山区小三峡－小小三峡旅游区,来源定位点，未实地测量,,,12_3298_1673.png,2026-10-05
257,喀斯特旅游区,重庆,107.76342571001585,29.42026158167378,公开地图代表点,1217.0,1217,约1220米,33.3,未取得可用于本图的公开区间,https://sjfw.mct.gov.cn/site/dataservice/culdetails?curId=10&id=35036,https://a.amap.com/Loca/static/mock/china5a.csv,GCJ-02,GCJ-02数值反算至WGS84,武隆县喀斯特旅游区（天生三硚、仙女山、芙蓉洞）,来源定位点，未实地测量,,,12_3274_1697.png,2026-10-05
258,桃花源旅游景区,重庆,108.757704,28.843553,公开地图代表点,679.0,679,约680米,33.5,未取得可用于本图的公开区间,https://sjfw.mct.gov.cn/site/dataservice/culdetails?curId=10&id=35037,https://loreroutes.com/data/china-5a-scenic-areas.json,WGS84,来源原值,酉阳桃花源景区,来源定位点，未实地测量,,,12_3285_1705.png,2026-10-05
259,万盛黑山谷-龙鳞石海风景区,重庆,106.99226088530591,28.888393901341622,公开地图代表点,1481.0,1481,约1480米,33.5,未取得可用于本图的公开区间,https://sjfw.mct.gov.cn/site/dataservice/culdetails?curId=10&id=35038,https://a.amap.com/Loca/static/mock/china5a.csv,GCJ-02,GCJ-02数值反算至WGS84,綦江区万盛黑山谷-龙鳞石海风景区,来源定位点，未实地测量,,,12_3265_1704.png,2026-10-05
260,金佛山景区,重庆,107.12295913244826,29.052096949580413,公开地图代表点,682.0,682,约680米,33.4,未取得可用于本图的公开区间,https://sjfw.mct.gov.cn/site/dataservice/culdetails?curId=10&id=35039,https://a.amap.com/Loca/static/mock/china5a.csv,GCJ-02,GCJ-02数值反算至WGS84,南川区金佛山景区,来源定位点，未实地测量,,,12_3266_1702.png,2026-10-05
261,四面山景区,重庆,106.40523575388606,28.609420645642196,公开地图代表点,1204.0,1204,约1200米,33.6,已收录公开范围或具名点位,https://sjfw.mct.gov.cn/site/dataservice/culdetails?curId=10&id=35040,https://a.amap.com/Loca/static/mock/china5a.csv,GCJ-02,GCJ-02数值反算至WGS84,江津区四面山景区,来源定位点，未实地测量,,,12_3258_1708.png,2026-10-05
262,龙缸景区,重庆,108.98875405820432,30.658591586613404,公开地图代表点,1091.0,1091,约1090米,32.9,未取得可用于本图的公开区间,https://sjfw.mct.gov.cn/site/dataservice/culdetails?curId=10&id=35041,https://a.amap.com/Loca/static/mock/china5a.csv,GCJ-02,GCJ-02数值反算至WGS84,云阳县龙缸景区,来源定位点，未实地测量,,,12_3288_1681.png,2026-10-05
263,阿依河景区,重庆,108.114037,29.155562,公开地图代表点,479.0,479,约480米,33.4,未取得可用于本图的公开区间,https://sjfw.mct.gov.cn/site/dataservice/culdetails?curId=10&id=35042,https://loreroutes.com/data/china-5a-scenic-areas.json,WGS84,来源原值,阿依河景区,来源定位点，未实地测量,,,12_3278_1700.png,2026-10-05
264,濯水景区,重庆,108.76975,29.30612,公开地图代表点,422.0,422,约420米,33.3,未取得可用于本图的公开区间,https://sjfw.mct.gov.cn/site/dataservice/culdetails?curId=10&id=35043,https://loreroutes.com/data/china-5a-scenic-areas.json,WGS84,来源原值,濯水景区,来源定位点，未实地测量,,,12_3285_1698.png,2026-10-05
265,白帝城•瞿塘峡景区,重庆,109.570541,31.04349,公开地图代表点,224.0,224,约220米,32.7,未取得可用于本图的公开区间,https://sjfw.mct.gov.cn/site/dataservice/culdetails?curId=10&id=35044,https://loreroutes.com/data/china-5a-scenic-areas.json,WGS84,来源原值,白帝城·瞿塘峡景区,来源定位点，未实地测量,,,12_3294_1676.png,2026-10-05
266,武陵山大裂谷景区,重庆,107.56584706991397,29.498487492547493,公开地图代表点,839.0,839,约840米,33.3,未取得可用于本图的公开区间,https://sjfw.mct.gov.cn/site/dataservice/culdetails?curId=10&id=35045,https://ditu.amap.com/place/B00170I3ZA,GCJ-02,GCJ-02数值反算至WGS84,武陵山大裂谷景区,名称及行政位置已核对，未实测,以高德具名POI替换冲突来源,,12_3271_1696.png,2026-10-05
267,成都市青城山－都江堰旅游景区,四川,103.57746880838883,31.000252835930695,公开地图代表点,1170.0,1170,约1170米,32.8,未取得可用于本图的公开区间,https://sjfw.mct.gov.cn/site/dataservice/culdetails?curId=10&id=35046,https://a.amap.com/Loca/static/mock/china5a.csv,GCJ-02,GCJ-02数值反算至WGS84,成都市都江堰市青城山－都江堰旅游景区,来源定位点，未实地测量,,,12_3226_1676.png,2026-10-05
268,乐山市峨眉山景区,四川,103.3498743794382,29.54523811100707,公开地图代表点,2362.0,2362,约2360米,33.2,未取得可用于本图的公开区间,https://sjfw.mct.gov.cn/site/dataservice/culdetails?curId=10&id=35047,https://a.amap.com/Loca/static/mock/china5a.csv,GCJ-02,GCJ-02数值反算至WGS84,乐山市峨眉山市峨眉山景区,来源定位点，未实地测量,,,12_3223_1695.png,2026-10-05
269,阿坝州九寨沟景区,四川,103.91532152022269,33.126985417914774,公开地图代表点,2886.0,2886,约2890米,32.0,已收录公开范围或具名点位,https://sjfw.mct.gov.cn/site/dataservice/culdetails?curId=10&id=35048,https://a.amap.com/Loca/static/mock/china5a.csv,GCJ-02,GCJ-02数值反算至WGS84,阿坝藏族羌族自治州九寨沟县九寨沟景区,来源定位点，未实地测量,,,12_3230_1648.png,2026-10-05
270,乐山市乐山大佛景区,四川,103.77220742643233,29.541479774329225,公开地图代表点,385.0,385,约380米,33.3,未取得可用于本图的公开区间,https://sjfw.mct.gov.cn/site/dataservice/culdetails?curId=10&id=35049,https://a.amap.com/Loca/static/mock/china5a.csv,GCJ-02,GCJ-02数值反算至WGS84,乐山市市中区乐山大佛景区,来源定位点，未实地测量,,,12_3228_1695.png,2026-10-05
271,阿坝州黄龙风景名胜区,四川,103.83077736217739,32.74547323786045,公开地图代表点,3357.0,3357,约3360米,32.1,未取得可用于本图的公开区间,https://sjfw.mct.gov.cn/site/dataservice/culdetails?curId=10&id=35050,https://a.amap.com/Loca/static/mock/china5a.csv,GCJ-02,GCJ-02数值反算至WGS84,阿坝藏族羌族自治州松潘县黄龙风景名胜区,来源定位点，未实地测量,,,12_3229_1653.png,2026-10-05
272,绵阳市北川羌城旅游区,四川,104.467477,31.619073,公开地图代表点,567.0,567,约570米,32.5,未取得可用于本图的公开区间,https://sjfw.mct.gov.cn/site/dataservice/culdetails?curId=10&id=35051,https://loreroutes.com/data/china-5a-scenic-areas.json,WGS84,来源原值,北川羌城旅游区,来源定位点，未实地测量,,,12_3236_1668.png,2026-10-05
273,阿坝州汶川特别旅游区,四川,103.41715182053177,30.93376249021055,公开地图代表点,953.0,953,约950米,32.8,未取得可用于本图的公开区间,https://sjfw.mct.gov.cn/site/dataservice/culdetails?curId=10&id=35052,https://a.amap.com/Loca/static/mock/china5a.csv,GCJ-02,GCJ-02数值反算至WGS84,阿坝藏族羌族自治州汶川县汶川特别旅游区（震中映秀－水磨古镇－三江生态旅游区）,来源定位点，未实地测量,,,12_3224_1677.png,2026-10-05
274,南充市阆中古城旅游景区,四川,105.97515612558696,31.57321052342161,公开地图代表点,362.0,362,约360米,32.6,未取得可用于本图的公开区间,https://sjfw.mct.gov.cn/site/dataservice/culdetails?curId=10&id=35053,https://a.amap.com/Loca/static/mock/china5a.csv,GCJ-02,GCJ-02数值反算至WGS84,南充市阆中市阆中古城旅游景区,来源定位点，未实地测量,,,12_3253_1669.png,2026-10-05
275,广安市邓小平故里旅游区,四川,106.63276160372374,30.51634435088505,公开地图代表点,351.0,351,约350米,32.9,未取得可用于本图的公开区间,https://sjfw.mct.gov.cn/site/dataservice/culdetails?curId=10&id=35054,https://a.amap.com/Loca/static/mock/china5a.csv,GCJ-02,GCJ-02数值反算至WGS84,广安市广安区邓小平故里旅游区,来源定位点，未实地测量,,,12_3261_1683.png,2026-10-05
276,广元市剑门蜀道剑门关旅游景区,四川,105.5610897333866,32.22110458754323,公开地图代表点,679.0,679,约680米,32.3,未取得可用于本图的公开区间,https://sjfw.mct.gov.cn/site/dataservice/culdetails?curId=10&id=35055,https://a.amap.com/Loca/static/mock/china5a.csv,GCJ-02,GCJ-02数值反算至WGS84,广元市剑阁县剑门蜀道剑门关旅游景区,来源定位点，未实地测量,,,12_3249_1660.png,2026-10-05
277,南充市朱德故里景区,四川,106.598037512777,31.464759457645165,公开地图代表点,478.0,478,约480米,32.6,未取得可用于本图的公开区间,https://sjfw.mct.gov.cn/site/dataservice/culdetails?curId=10&id=35056,https://a.amap.com/Loca/static/mock/china5a.csv,GCJ-02,GCJ-02数值反算至WGS84,南充市仪陇县朱德故里景区,来源定位点，未实地测量,,,12_3260_1670.png,2026-10-05
278,甘孜州海螺沟景区,四川,101.99944821561819,29.57714281809491,公开地图代表点,2974.0,2974,约2970米,33.2,未取得可用于本图的公开区间,https://sjfw.mct.gov.cn/site/dataservice/culdetails?curId=10&id=35057,https://a.amap.com/Loca/static/mock/china5a.csv,GCJ-02,GCJ-02数值反算至WGS84,甘孜藏族自治州泸定县海螺沟景区,来源定位点，未实地测量,,,12_3208_1695.png,2026-10-05
279,雅安市碧峰峡旅游景区,四川,102.988,30.0773,公开地图代表点,1050.0,1050,约1050米,33.1,已收录公开范围或具名点位,https://sjfw.mct.gov.cn/site/dataservice/culdetails?curId=10&id=35058,https://loreroutes.com/data/china-5a-scenic-areas.json,WGS84,来源原值,碧峰峡旅游景区,来源定位点，未实地测量,,,12_3219_1688.png,2026-10-05
280,巴中市光雾山旅游景区,四川,106.852,32.577,公开地图代表点,1073.0,1073,约1070米,32.2,未取得可用于本图的公开区间,https://sjfw.mct.gov.cn/site/dataservice/culdetails?curId=10&id=35059,https://loreroutes.com/data/china-5a-scenic-areas.json,WGS84,来源原值,光雾山旅游景区,来源定位点，未实地测量,,,12_3263_1655.png,2026-10-05
281,甘孜州稻城亚丁旅游景区,四川,100.233333,28.366667,公开地图代表点,2826.0,2826,约2830米,33.6,未取得可用于本图的公开区间,https://sjfw.mct.gov.cn/site/dataservice/culdetails?curId=10&id=35060,https://loreroutes.com/data/china-5a-scenic-areas.json,WGS84,来源原值,稻城亚丁旅游景区,来源定位点，未实地测量,,,12_3188_1711.png,2026-10-05
282,成都市安仁古镇景区,四川,103.61428,30.51691,公开地图代表点,499.0,499,约500米,32.9,未取得可用于本图的公开区间,https://sjfw.mct.gov.cn/site/dataservice/culdetails?curId=10&id=35061,https://loreroutes.com/data/china-5a-scenic-areas.json,WGS84,来源原值,安仁古镇景区,来源定位点，未实地测量,,,12_3226_1683.png,2026-10-05
283,阿坝州四姑娘山景区,四川,102.8243885210294,31.09683155239053,公开地图代表点,4663.0,4663,约4660米,32.7,未取得可用于本图的公开区间,https://sjfw.mct.gov.cn/site/dataservice/culdetails?curId=10&id=35062,https://ditu.amap.com/place/B0345001CJ,GCJ-02,GCJ-02数值反算至WGS84,四姑娘山景区,名称及行政位置已核对，未实测,以高德具名POI替换冲突来源,,12_3217_1675.png,2026-10-05
284,成都市天台山景区,四川,103.113544,30.2816,公开地图代表点,1276.0,1276,约1280米,33.0,未取得可用于本图的公开区间,https://sjfw.mct.gov.cn/site/dataservice/culdetails?curId=10&id=35063,https://loreroutes.com/data/china-5a-scenic-areas.json,WGS84,来源原值,天台山景区,来源定位点，未实地测量,,,12_3221_1686.png,2026-10-05
285,安顺市黄果树大瀑布景区,贵州,105.666,25.992,公开地图代表点,978.0,978,约980米,34.4,未取得可用于本图的公开区间,https://sjfw.mct.gov.cn/site/dataservice/culdetails?curId=10&id=35064,https://loreroutes.com/data/china-5a-scenic-areas.json,WGS84,来源原值,黄果树大瀑布景区,来源定位点，未实地测量,,,12_3250_1741.png,2026-10-05
286,安顺市龙宫景区,贵州,105.87417208090932,26.110342902397488,公开地图代表点,1290.0,1290,约1290米,34.3,未取得可用于本图的公开区间,https://sjfw.mct.gov.cn/site/dataservice/culdetails?curId=10&id=35065,https://a.amap.com/Loca/static/mock/china5a.csv,GCJ-02,GCJ-02数值反算至WGS84,安顺市西秀区龙宫景区,来源定位点，未实地测量,,,12_3252_1740.png,2026-10-05
287,毕节市百里杜鹃景区,贵州,105.93643921096375,27.18450085504434,公开地图代表点,1639.0,1639,约1640米,34.0,未取得可用于本图的公开区间,https://sjfw.mct.gov.cn/site/dataservice/culdetails?curId=10&id=35066,https://a.amap.com/Loca/static/mock/china5a.csv,GCJ-02,GCJ-02数值反算至WGS84,毕节市百里杜鹃景区,来源定位点，未实地测量,,,12_3253_1726.png,2026-10-05
288,贵州省黔南州荔波樟江旅游景区,贵州,107.7447868327025,25.258634065291815,公开地图代表点,412.0,412,约410米,34.6,未取得可用于本图的公开区间,https://sjfw.mct.gov.cn/site/dataservice/culdetails?curId=10&id=35067,https://a.amap.com/Loca/static/mock/china5a.csv,GCJ-02,GCJ-02数值反算至WGS84,黔南布依族苗族自治州荔波县樟江景区,来源定位点，未实地测量,,,12_3273_1750.png,2026-10-05
289,贵阳市花溪区青岩古镇景区,贵州,106.68677402206112,26.334573405753165,公开地图代表点,1066.0,1066,约1070米,34.3,未取得可用于本图的公开区间,https://sjfw.mct.gov.cn/site/dataservice/culdetails?curId=10&id=35068,https://a.amap.com/Loca/static/mock/china5a.csv,GCJ-02,GCJ-02数值反算至WGS84,贵阳市花溪区青岩古镇景区,来源定位点，未实地测量,,,12_3261_1737.png,2026-10-05
290,铜仁市江口县梵净山旅游区,贵州,108.666667,27.883333,公开地图代表点,2080.0,2080,约2080米,33.8,未取得可用于本图的公开区间,https://sjfw.mct.gov.cn/site/dataservice/culdetails?curId=10&id=35069,https://loreroutes.com/data/china-5a-scenic-areas.json,WGS84,来源原值,梵净山旅游区,来源定位点，未实地测量,,,12_3284_1717.png,2026-10-05
291,贵州省黔东南州镇远古城旅游景区,贵州,108.41757,27.05166,公开地图代表点,462.0,462,约460米,34.0,未取得可用于本图的公开区间,https://sjfw.mct.gov.cn/site/dataservice/culdetails?curId=10&id=35070,https://loreroutes.com/data/china-5a-scenic-areas.json,WGS84,来源原值,镇远古城旅游景区,来源定位点，未实地测量,,,12_3281_1728.png,2026-10-05
292,贵州省遵义市赤水丹霞旅游区,贵州,105.8,28.4,公开地图代表点,1127.0,1127,约1130米,33.6,未取得可用于本图的公开区间,https://sjfw.mct.gov.cn/site/dataservice/culdetails?curId=10&id=35071,https://loreroutes.com/data/china-5a-scenic-areas.json,WGS84,来源原值,赤水丹霞旅游区,来源定位点，未实地测量,,,12_3251_1710.png,2026-10-05
293,毕节市织金洞景区,贵州,105.931,26.7583,公开地图代表点,1200.0,1200,约1200米,34.1,未取得可用于本图的公开区间,https://sjfw.mct.gov.cn/site/dataservice/culdetails?curId=10&id=35072,https://loreroutes.com/data/china-5a-scenic-areas.json,WGS84,来源原值,织金洞景区,来源定位点，未实地测量,,,12_3253_1731.png,2026-10-05
294,贵州省黔西南州万峰林景区,贵州,104.90793,25.01562,公开地图代表点,1160.0,1160,约1160米,34.6,未取得可用于本图的公开区间,https://sjfw.mct.gov.cn/site/dataservice/culdetails?curId=10&id=35073,https://loreroutes.com/data/china-5a-scenic-areas.json,WGS84,来源原值,万峰林景区,来源定位点，未实地测量,,,12_3241_1753.png,2026-10-05
295,昆明市石林风景名胜区,云南,103.32248375507645,24.8151352149355,公开地图代表点,1764.0,1764,约1760米,34.7,未取得可用于本图的公开区间,https://sjfw.mct.gov.cn/site/dataservice/culdetails?curId=10&id=35074,https://a.amap.com/Loca/static/mock/china5a.csv,GCJ-02,GCJ-02数值反算至WGS84,昆明市石林彝族自治县石林风景区,来源定位点，未实地测量,,,12_3223_1756.png,2026-10-05
296,丽江市玉龙雪山景区,云南,100.25701039499648,27.103445548250438,公开地图代表点,3050.0,3050,约3050米,34.0,未取得可用于本图的公开区间,https://sjfw.mct.gov.cn/site/dataservice/culdetails?curId=10&id=35075,https://a.amap.com/Loca/static/mock/china5a.csv,GCJ-02,GCJ-02数值反算至WGS84,丽江市玉龙纳西族自治县玉龙雪山景区,来源定位点，未实地测量,,,12_3188_1727.png,2026-10-05
297,丽江市丽江古城景区,云南,100.2345950140991,26.873945201136124,公开地图代表点,2400.0,2400,约2400米,34.1,未取得可用于本图的公开区间,https://sjfw.mct.gov.cn/site/dataservice/culdetails?curId=10&id=35076,https://a.amap.com/Loca/static/mock/china5a.csv,GCJ-02,GCJ-02数值反算至WGS84,丽江市古城区丽江古城景区,来源定位点，未实地测量,,,12_3188_1730.png,2026-10-05
298,大理州崇圣寺三塔文化旅游区,云南,100.1422601000834,25.707911639450444,公开地图代表点,2071.0,2071,约2070米,34.4,未取得可用于本图的公开区间,https://sjfw.mct.gov.cn/site/dataservice/culdetails?curId=10&id=35077,https://a.amap.com/Loca/static/mock/china5a.csv,GCJ-02,GCJ-02数值反算至WGS84,大理白族自治州大理市崇圣寺三塔文化旅游区,来源定位点，未实地测量,,,12_3187_1745.png,2026-10-05
299,西双版纳州中国科学院西双版纳热带植物园景区,云南,101.25593938771352,21.927153130051884,公开地图代表点,550.0,550,约550米,35.5,未取得可用于本图的公开区间,https://sjfw.mct.gov.cn/site/dataservice/culdetails?curId=10&id=35078,https://a.amap.com/Loca/static/mock/china5a.csv,GCJ-02,GCJ-02数值反算至WGS84,西双版纳傣族自治州勐腊县中科院西双版纳热带植物园,来源定位点，未实地测量,,,12_3200_1792.png,2026-10-05
300,迪庆州普达措国家公园景区,云南,99.90736984506673,27.90577502131131,公开地图代表点,3955.0,3955,约3960米,33.8,未取得可用于本图的公开区间,https://sjfw.mct.gov.cn/site/dataservice/culdetails?curId=10&id=35079,https://a.amap.com/Loca/static/mock/china5a.csv,GCJ-02,GCJ-02数值反算至WGS84,迪庆藏族自治州香格里拉县普达措国家公园,来源定位点，未实地测量,,,12_3184_1717.png,2026-10-05
301,昆明市昆明世界园艺博览园景区,云南,102.7679978900991,25.078020483907427,公开地图代表点,1939.0,1939,约1940米,34.6,未取得可用于本图的公开区间,https://sjfw.mct.gov.cn/site/dataservice/culdetails?curId=10&id=35080,https://a.amap.com/Loca/static/mock/china5a.csv,GCJ-02,GCJ-02数值反算至WGS84,昆明市盘龙区昆明世博园景区,来源定位点，未实地测量,,,12_3217_1753.png,2026-10-05
302,保山市火山热海旅游区,云南,98.44099081592073,24.95053892157143,公开地图代表点,1460.0,1460,约1460米,34.7,未取得可用于本图的公开区间,https://sjfw.mct.gov.cn/site/dataservice/culdetails?curId=10&id=35081,https://a.amap.com/Loca/static/mock/china5a.csv,GCJ-02,GCJ-02数值反算至WGS84,保山市腾冲县火山热海旅游区,来源定位点，未实地测量,,,12_3168_1754.png,2026-10-05
303,文山州普者黑旅游景区,云南,104.1,24.133333,公开地图代表点,1457.0,1457,约1460米,34.9,未取得可用于本图的公开区间,https://sjfw.mct.gov.cn/site/dataservice/culdetails?curId=10&id=35082,https://loreroutes.com/data/china-5a-scenic-areas.json,WGS84,来源原值,普者黑旅游景区,来源定位点，未实地测量,,,12_3232_1764.png,2026-10-05
304,保山市腾冲和顺古镇景区,云南,98.45631014740063,25.01228887249791,公开地图代表点,1593.0,1593,约1590米,34.6,未取得可用于本图的公开区间,https://sjfw.mct.gov.cn/site/dataservice/culdetails?curId=10&id=35083,https://ditu.amap.com/place/B036B005AX,GCJ-02,GCJ-02数值反算至WGS84,和顺古镇,名称及行政位置已核对，未实测,以高德具名POI替换冲突来源,,12_3168_1753.png,2026-10-05
305,拉萨市布达拉宫景区,西藏,91.11691219142257,29.657199292786714,公开地图代表点,3688.0,3688,约3690米,33.2,未取得可用于本图的公开区间,https://sjfw.mct.gov.cn/site/dataservice/culdetails?curId=10&id=35084,https://a.amap.com/Loca/static/mock/china5a.csv,GCJ-02,GCJ-02数值反算至WGS84,拉萨市城关区布达拉宫景区,来源定位点，未实地测量,,,12_3084_1694.png,2026-10-05
306,拉萨市大昭寺景区,西藏,91.13179225331974,29.6530045582036,公开地图代表点,3658.0,3658,约3660米,33.2,未取得可用于本图的公开区间,https://sjfw.mct.gov.cn/site/dataservice/culdetails?curId=10&id=35085,https://a.amap.com/Loca/static/mock/china5a.csv,GCJ-02,GCJ-02数值反算至WGS84,拉萨市城关区大昭寺景区,来源定位点，未实地测量,,,12_3084_1694.png,2026-10-05
307,林芝市巴松措景区,西藏,93.950278,30.014167,公开地图代表点,3475.0,3475,约3480米,33.1,未取得可用于本图的公开区间,https://sjfw.mct.gov.cn/site/dataservice/culdetails?curId=10&id=35086,https://loreroutes.com/data/china-5a-scenic-areas.json,WGS84,来源原值,巴松措景区,来源定位点，未实地测量,,,12_3116_1689.png,2026-10-05
308,日喀则市扎什伦布寺景区,西藏,88.86994,29.26861,公开地图代表点,3863.0,3863,约3860米,33.3,未取得可用于本图的公开区间,https://sjfw.mct.gov.cn/site/dataservice/culdetails?curId=10&id=35087,https://loreroutes.com/data/china-5a-scenic-areas.json,WGS84,来源原值,扎什伦布寺景区,来源定位点，未实地测量,,,12_3059_1699.png,2026-10-05
309,林芝市雅鲁藏布大峡谷景区,西藏,94.98985,29.76974,公开地图代表点,2668.0,2668,约2670米,33.2,未取得可用于本图的公开区间,https://sjfw.mct.gov.cn/site/dataservice/culdetails?curId=10&id=35088,https://loreroutes.com/data/china-5a-scenic-areas.json,WGS84,来源原值,雅鲁藏布大峡谷旅游景区,来源定位点，未实地测量,,,12_3128_1692.png,2026-10-05
310,西安市秦始皇帝陵博物院景区,陕西,109.2760876249706,34.38651218560384,公开地图代表点,478.0,478,约480米,31.5,未取得可用于本图的公开区间,https://sjfw.mct.gov.cn/site/dataservice/culdetails?curId=10&id=35089,https://a.amap.com/Loca/static/mock/china5a.csv,GCJ-02,GCJ-02数值反算至WGS84,西安市临潼区秦始皇兵马俑博物馆,来源定位点，未实地测量,,,12_3291_1630.png,2026-10-05
311,西安市华清宫景区,陕西,109.212991,34.361758,公开地图代表点,586.0,586,约590米,31.5,未取得可用于本图的公开区间,https://sjfw.mct.gov.cn/site/dataservice/culdetails?curId=10&id=35090,https://loreroutes.com/data/china-5a-scenic-areas.json,WGS84,来源原值,华清池景区,来源定位点，未实地测量,,,12_3290_1631.png,2026-10-05
312,延安市黄帝陵景区,陕西,109.26605733091405,35.58556230804174,公开地图代表点,872.0,872,约870米,31.1,未取得可用于本图的公开区间,https://sjfw.mct.gov.cn/site/dataservice/culdetails?curId=10&id=35091,https://a.amap.com/Loca/static/mock/china5a.csv,GCJ-02,GCJ-02数值反算至WGS84,延安市黄陵县黄帝陵景区,来源定位点，未实地测量,,,12_3291_1614.png,2026-10-05
313,西安市大雁塔－大唐芙蓉园景区,陕西,108.95891226190264,34.21965093750345,公开地图代表点,430.0,430,约430米,31.6,未取得可用于本图的公开区间,https://sjfw.mct.gov.cn/site/dataservice/culdetails?curId=10&id=35092,https://a.amap.com/Loca/static/mock/china5a.csv,GCJ-02,GCJ-02数值反算至WGS84,西安市雁塔区大雁塔－大唐芙蓉园景区,来源定位点，未实地测量,,,12_3287_1633.png,2026-10-05
314,渭南市华山风景区,陕西,110.06271085537504,34.49046323455368,公开地图代表点,1484.0,1484,约1480米,31.5,未取得可用于本图的公开区间,https://sjfw.mct.gov.cn/site/dataservice/culdetails?curId=10&id=35093,https://a.amap.com/Loca/static/mock/china5a.csv,GCJ-02,GCJ-02数值反算至WGS84,渭南市华阴市华山风景区,来源定位点，未实地测量,,,12_3300_1629.png,2026-10-05
315,宝鸡市法门文化景区,陕西,107.8984622795205,34.435611901565,公开地图代表点,617.0,617,约620米,31.5,未取得可用于本图的公开区间,https://sjfw.mct.gov.cn/site/dataservice/culdetails?curId=10&id=35094,https://a.amap.com/Loca/static/mock/china5a.csv,GCJ-02,GCJ-02数值反算至WGS84,宝鸡市扶风县法门寺佛文化景区,来源定位点，未实地测量,,,12_3275_1630.png,2026-10-05
316,商洛市金丝峡景区,陕西,110.56154433573862,33.354989391243514,公开地图代表点,890.0,890,约890米,31.9,未取得可用于本图的公开区间,https://sjfw.mct.gov.cn/site/dataservice/culdetails?curId=10&id=35095,https://a.amap.com/Loca/static/mock/china5a.csv,GCJ-02,GCJ-02数值反算至WGS84,商洛市商南县金丝峡景区,来源定位点，未实地测量,,,12_3305_1645.png,2026-10-05
317,宝鸡市太白山旅游景区,陕西,107.89799355402394,34.09796974565459,公开地图代表点,854.0,854,约850米,31.6,未取得可用于本图的公开区间,https://sjfw.mct.gov.cn/site/dataservice/culdetails?curId=10&id=35096,https://a.amap.com/Loca/static/mock/china5a.csv,GCJ-02,GCJ-02数值反算至WGS84,宝鸡市眉县太白山旅游景区,来源定位点，未实地测量,,,12_3275_1634.png,2026-10-05
318,西安市城墙•碑林历史文化景区,陕西,108.9423,34.2534,公开地图代表点,414.0,414,约410米,31.6,未取得可用于本图的公开区间,https://sjfw.mct.gov.cn/site/dataservice/culdetails?curId=10&id=35097,https://loreroutes.com/data/china-5a-scenic-areas.json,WGS84,来源原值,城墙·碑林历史文化景区,来源定位点，未实地测量,,,12_3287_1632.png,2026-10-05
319,延安市延安革命纪念地景区,陕西,109.471955,36.609631,公开地图代表点,965.0,965,约960米,30.7,未取得可用于本图的公开区间,https://sjfw.mct.gov.cn/site/dataservice/culdetails?curId=10&id=35098,https://loreroutes.com/data/china-5a-scenic-areas.json,WGS84,来源原值,延安革命纪念地景区,来源定位点，未实地测量,,,12_3293_1599.png,2026-10-05
320,西安市大明宫旅游景区,陕西,108.95946,34.28917,公开地图代表点,411.0,411,约410米,31.6,未取得可用于本图的公开区间,https://sjfw.mct.gov.cn/site/dataservice/culdetails?curId=10&id=35099,https://loreroutes.com/data/china-5a-scenic-areas.json,WGS84,来源原值,大明宫旅游景区,来源定位点，未实地测量,,,12_3287_1632.png,2026-10-05
322,延安市延川黄河乾坤湾景区,陕西,110.40992,36.72028,公开地图代表点,666.0,666,约670米,30.6,未取得可用于本图的公开区间,https://sjfw.mct.gov.cn/site/dataservice/culdetails?curId=10&id=35101,https://loreroutes.com/data/china-5a-scenic-areas.json,WGS84,来源原值,黄河乾坤湾景区,来源定位点，未实地测量,,,12_3304_1598.png,2026-10-05
323,咸阳市乾陵景区,陕西,108.218594,34.573158,公开地图代表点,896.0,896,约900米,31.5,未取得可用于本图的公开区间,https://sjfw.mct.gov.cn/site/dataservice/culdetails?curId=10&id=35102,https://loreroutes.com/data/china-5a-scenic-areas.json,WGS84,来源原值,乾陵景区,来源定位点，未实地测量,,,12_3279_1628.png,2026-10-05
324,嘉峪关市嘉峪关文物景区,甘肃,98.2219454831529,39.79886522927379,公开地图代表点,1710.0,1710,约1710米,29.4,未取得可用于本图的公开区间,https://sjfw.mct.gov.cn/site/dataservice/culdetails?curId=10&id=35103,https://a.amap.com/Loca/static/mock/china5a.csv,GCJ-02,GCJ-02数值反算至WGS84,嘉峪关市嘉峪关文物景区,来源定位点，未实地测量,,,12_3165_1553.png,2026-10-05
325,平凉市崆峒山风景名胜区,甘肃,106.52481715561616,35.54874282522458,公开地图代表点,1778.0,1778,约1780米,31.1,已收录公开范围或具名点位,https://sjfw.mct.gov.cn/site/dataservice/culdetails?curId=10&id=35104,https://a.amap.com/Loca/static/mock/china5a.csv,GCJ-02,GCJ-02数值反算至WGS84,平凉市崆峒区崆峒山风景名胜区,来源定位点，未实地测量,,,12_3260_1614.png,2026-10-05
326,天水市麦积山景区,甘肃,106.0150662845659,34.37610828220271,公开地图代表点,1456.0,1456,约1460米,31.5,未取得可用于本图的公开区间,https://sjfw.mct.gov.cn/site/dataservice/culdetails?curId=10&id=35105,https://a.amap.com/Loca/static/mock/china5a.csv,GCJ-02,GCJ-02数值反算至WGS84,天水市麦积区麦积山景区,来源定位点，未实地测量,,,12_3254_1631.png,2026-10-05
327,酒泉市鸣沙山月牙泉景区,甘肃,94.67551380106539,40.09023962384419,公开地图代表点,1147.0,1147,约1150米,29.2,未取得可用于本图的公开区间,https://sjfw.mct.gov.cn/site/dataservice/culdetails?curId=10&id=35106,https://a.amap.com/Loca/static/mock/china5a.csv,GCJ-02,GCJ-02数值反算至WGS84,酒泉市敦煌市鸣沙山月牙泉景区,来源定位点，未实地测量,,,12_3125_1549.png,2026-10-05
328,张掖市七彩丹霞景区,甘肃,100.1332,38.91555,公开地图代表点,1714.0,1714,约1710米,29.7,未取得可用于本图的公开区间,https://sjfw.mct.gov.cn/site/dataservice/culdetails?curId=10&id=35107,https://loreroutes.com/data/china-5a-scenic-areas.json,WGS84,来源原值,七彩丹霞景区,来源定位点，未实地测量,,,12_3187_1566.png,2026-10-05
329,临夏州炳灵寺世界文化遗产旅游区,甘肃,103.044378,35.80551,公开地图代表点,1736.0,1736,约1740米,31.0,未取得可用于本图的公开区间,https://sjfw.mct.gov.cn/site/dataservice/culdetails?curId=10&id=35108,https://loreroutes.com/data/china-5a-scenic-areas.json,WGS84,来源原值,炳灵寺世界文化遗产旅游区,来源定位点，未实地测量,,,12_3220_1611.png,2026-10-05
330,陇南市官鹅沟景区,甘肃,104.385212,33.991045,公开地图代表点,1863.0,1863,约1860米,31.7,未取得可用于本图的公开区间,https://sjfw.mct.gov.cn/site/dataservice/culdetails?curId=10&id=35109,https://loreroutes.com/data/china-5a-scenic-areas.json,WGS84,来源原值,官鹅沟景区,来源定位点，未实地测量,,,12_3235_1636.png,2026-10-05
331,甘南州冶力关旅游区,甘肃,103.660491,34.964398,公开地图代表点,2194.0,2194,约2190米,31.3,未取得可用于本图的公开区间,https://sjfw.mct.gov.cn/site/dataservice/culdetails?curId=10&id=35110,https://loreroutes.com/data/china-5a-scenic-areas.json,WGS84,来源原值,冶力关旅游区,来源定位点，未实地测量,,,12_3227_1622.png,2026-10-05
332,青海湖风景区,青海,100.22722019800115,36.89400403780283,公开地图代表点,3194.0,3194,约3190米,30.6,未取得可用于本图的公开区间,https://sjfw.mct.gov.cn/site/dataservice/culdetails?curId=10&id=35111,https://a.amap.com/Loca/static/mock/china5a.csv,GCJ-02,GCJ-02数值反算至WGS84,青海湖风景区,来源定位点，未实地测量,,,12_3188_1595.png,2026-10-05
333,西宁市塔尔寺景区,青海,101.599192,36.481439,公开地图代表点,2633.0,2633,约2630米,30.7,未取得可用于本图的公开区间,https://sjfw.mct.gov.cn/site/dataservice/culdetails?curId=10&id=35112,https://loreroutes.com/data/china-5a-scenic-areas.json,WGS84,来源原值,塔尔寺景区,来源定位点，未实地测量,,,12_3203_1601.png,2026-10-05
334,海东市互助土族故土园旅游区,青海,101.93532026659032,36.83431388165745,公开地图代表点,2502.0,2502,约2500米,30.6,未取得可用于本图的公开区间,https://sjfw.mct.gov.cn/site/dataservice/culdetails?curId=10&id=35113,https://a.amap.com/Loca/static/mock/china5a.csv,GCJ-02,GCJ-02数值反算至WGS84,海东市互助土族自治县互助土族故土园旅游区,来源定位点，未实地测量,,,12_3207_1596.png,2026-10-05
335,海北州阿咪东索景区,青海,100.264455,38.183182,公开地图代表点,2992.0,2992,约2990米,30.0,已收录公开范围或具名点位,https://sjfw.mct.gov.cn/site/dataservice/culdetails?curId=10&id=35114,https://loreroutes.com/data/china-5a-scenic-areas.json,WGS84,来源原值,阿咪东索景区,来源定位点，未实地测量,,,12_3188_1577.png,2026-10-05
336,宁夏沙湖旅游景区,宁夏,106.37707115683341,38.79555726828703,公开地图代表点,1101.0,1101,约1100米,29.8,未取得可用于本图的公开区间,https://sjfw.mct.gov.cn/site/dataservice/culdetails?curId=10&id=35115,https://a.amap.com/Loca/static/mock/china5a.csv,GCJ-02,GCJ-02数值反算至WGS84,石嘴山市平罗县沙湖旅游景区,来源定位点，未实地测量,,,12_3258_1568.png,2026-10-05
337,中卫市沙坡头旅游景区,宁夏,104.993283,37.464106,公开地图代表点,1315.0,1315,约1320米,30.3,未取得可用于本图的公开区间,https://sjfw.mct.gov.cn/site/dataservice/culdetails?curId=10&id=35116,https://loreroutes.com/data/china-5a-scenic-areas.json,WGS84,来源原值,沙坡头旅游景区,来源定位点，未实地测量,,,12_3242_1587.png,2026-10-05
338,银川市宁夏镇北堡西部影视城,宁夏,106.06743320516127,38.61426086741968,公开地图代表点,1135.0,1135,约1140米,29.9,未取得可用于本图的公开区间,https://sjfw.mct.gov.cn/site/dataservice/culdetails?curId=10&id=35117,https://a.amap.com/Loca/static/mock/china5a.csv,GCJ-02,GCJ-02数值反算至WGS84,银川市西夏区宁夏镇北堡西部影视城,来源定位点，未实地测量,,,12_3254_1571.png,2026-10-05
339,银川市水洞沟旅游区,宁夏,106.51392644590636,38.283090156741835,公开地图代表点,1211.0,1211,约1210米,30.0,未取得可用于本图的公开区间,https://sjfw.mct.gov.cn/site/dataservice/culdetails?curId=10&id=35118,https://a.amap.com/Loca/static/mock/china5a.csv,GCJ-02,GCJ-02数值反算至WGS84,银川市灵武市水洞沟旅游区,来源定位点，未实地测量,,,12_3259_1575.png,2026-10-05
340,吴忠市青铜峡黄河大峡谷旅游区,宁夏,105.990955,37.884844,公开地图代表点,1151.0,1151,约1150米,30.2,未取得可用于本图的公开区间,https://sjfw.mct.gov.cn/site/dataservice/culdetails?curId=10&id=35119,https://loreroutes.com/data/china-5a-scenic-areas.json,WGS84,来源原值,黄河大峡谷旅游区,来源定位点，未实地测量,,,12_3253_1581.png,2026-10-05
341,固原市六盘山红军长征旅游区,宁夏,106.183722,35.7747,公开地图代表点,2797.0,2797,约2800米,31.0,未取得可用于本图的公开区间,https://sjfw.mct.gov.cn/site/dataservice/culdetails?curId=10&id=35120,https://loreroutes.com/data/china-5a-scenic-areas.json,WGS84,来源原值,六盘山红军长征旅游区,来源定位点，未实地测量,,,12_3256_1611.png,2026-10-05
342,昌吉回族自治州天山天池风景名胜区,新疆,88.13016409184938,43.86815039217476,公开地图代表点,2258.0,2258,约2260米,27.6,未取得可用于本图的公开区间,https://sjfw.mct.gov.cn/site/dataservice/culdetails?curId=10&id=35121,https://a.amap.com/Loca/static/mock/china5a.csv,GCJ-02,GCJ-02数值反算至WGS84,昌吉回族自治州阜康市天山天池风景名胜区,来源定位点，未实地测量,,,12_3050_1491.png,2026-10-05
343,吐鲁番市葡萄沟风景区,新疆,89.24118719479378,42.99886036037788,公开地图代表点,180.0,180,约180米,28.0,未取得可用于本图的公开区间,https://sjfw.mct.gov.cn/site/dataservice/culdetails?curId=10&id=35122,https://a.amap.com/Loca/static/mock/china5a.csv,GCJ-02,GCJ-02数值反算至WGS84,吐鲁番市高昌区葡萄沟风景区,来源定位点，未实地测量,,,12_3063_1505.png,2026-10-05
344,阿勒泰地区喀纳斯景区,新疆,87.03279583320555,48.68481306745128,公开地图代表点,1427.0,1427,约1430米,25.2,未取得可用于本图的公开区间,https://sjfw.mct.gov.cn/site/dataservice/culdetails?curId=10&id=35123,https://a.amap.com/Loca/static/mock/china5a.csv,GCJ-02,GCJ-02数值反算至WGS84,伊犁哈萨克自治州阿勒泰地区布尔津县喀纳斯景区,来源定位点，未实地测量,,,12_3038_1412.png,2026-10-05
345,伊犁哈萨克自治州那拉提旅游风景区,新疆,84.22630814456033,43.291029484623444,公开地图代表点,1589.0,1589,约1590米,27.8,未取得可用于本图的公开区间,https://sjfw.mct.gov.cn/site/dataservice/culdetails?curId=10&id=35124,https://a.amap.com/Loca/static/mock/china5a.csv,GCJ-02,GCJ-02数值反算至WGS84,伊犁哈萨克自治州新源县那拉提旅游风景区,来源定位点，未实地测量,,,12_3006_1500.png,2026-10-05
346,阿勒泰地区可可托海景区,新疆,89.81092,47.2197,公开地图代表点,1191.0,1191,约1190米,26.0,未取得可用于本图的公开区间,https://sjfw.mct.gov.cn/site/dataservice/culdetails?curId=10&id=35125,https://loreroutes.com/data/china-5a-scenic-areas.json,WGS84,来源原值,可可托海景区,来源定位点，未实地测量,,,12_3069_1436.png,2026-10-05
347,喀什地区金湖杨景区,新疆,76.96765815179194,38.032931664931645,公开地图代表点,1408.0,1408,约1410米,30.1,未取得可用于本图的公开区间,https://sjfw.mct.gov.cn/site/dataservice/culdetails?curId=10&id=35126,https://ditu.amap.com/place/B03E600CFW,GCJ-02,GCJ-02数值反算至WGS84,金湖杨国家森林公园,名称及行政位置已核对，未实测,以高德具名POI替换冲突来源,,12_2923_1579.png,2026-10-05
348,乌鲁木齐市天山大峡谷,新疆,87.37249909230313,43.42964742154326,公开地图代表点,1855.0,1855,约1860米,27.8,未取得可用于本图的公开区间,https://sjfw.mct.gov.cn/site/dataservice/culdetails?curId=10&id=35127,https://a.amap.com/Loca/static/mock/china5a.csv,GCJ-02,GCJ-02数值反算至WGS84,乌鲁木齐市乌鲁木齐县天山大峡谷,来源定位点，未实地测量,,,12_3042_1498.png,2026-10-05
349,巴音郭楞蒙古自治州博斯腾湖景区,新疆,86.72847161201081,41.90754405500603,公开地图代表点,1053.0,1053,约1050米,28.4,未取得可用于本图的公开区间,https://sjfw.mct.gov.cn/site/dataservice/culdetails?curId=10&id=35128,https://a.amap.com/Loca/static/mock/china5a.csv,GCJ-02,GCJ-02数值反算至WGS84,巴音郭楞蒙古自治州博湖县博斯腾湖景区,来源定位点，未实地测量,,,12_3034_1521.png,2026-10-05
350,喀什地区喀什古城景区,新疆,75.99013070622225,39.47702087332212,公开地图代表点,1292.0,1292,约1290米,29.5,未取得可用于本图的公开区间,https://sjfw.mct.gov.cn/site/dataservice/culdetails?curId=10&id=35129,https://a.amap.com/Loca/static/mock/china5a.csv,GCJ-02,GCJ-02数值反算至WGS84,喀什地区喀什市噶尔老城景区,来源定位点，未实地测量,,,12_2912_1558.png,2026-10-05
351,伊犁哈萨克自治州喀拉峻景区,新疆,82.04040270749753,43.09268192558771,公开地图代表点,1630.0,1630,约1630米,27.9,已收录公开范围或具名点位,https://sjfw.mct.gov.cn/site/dataservice/culdetails?curId=10&id=35130,https://a.amap.com/Loca/static/mock/china5a.csv,GCJ-02,GCJ-02数值反算至WGS84,伊梨哈萨克自治州特克斯县喀拉峻景区,来源定位点，未实地测量,,,12_2981_1503.png,2026-10-05
352,巴音郭楞蒙古自治州巴音布鲁克景区,新疆,84.13207706829692,43.025564312781846,公开地图代表点,2465.0,2465,约2460米,27.9,未取得可用于本图的公开区间,https://sjfw.mct.gov.cn/site/dataservice/culdetails?curId=10&id=35131,https://a.amap.com/Loca/static/mock/china5a.csv,GCJ-02,GCJ-02数值反算至WGS84,巴音郭楞蒙古自治州和静县巴音布鲁克景区,来源定位点，未实地测量,,,12_3005_1504.png,2026-10-05
353,喀什地区帕米尔旅游区,新疆,75.2327838,37.7822234,景区内石头城遗址代表点,3080.0,3080,约3080米,30.2,未取得可用于本图的公开区间,https://sjfw.mct.gov.cn/site/dataservice/culdetails?curId=10&id=35132,https://www.openstreetmap.org/way/785258129,WGS84,OSM具名要素中心,石头城遗址,名称及行政位置已核对，未实测,帕米尔旅游区使用石头城遗址点位,,12_2903_1583.png,2026-10-05
354,克拉玛依市世界魔鬼城景区,新疆,85.73,46.125,公开地图代表点,313.0,313,约310米,26.5,未取得可用于本图的公开区间,https://sjfw.mct.gov.cn/site/dataservice/culdetails?curId=10&id=35133,https://loreroutes.com/data/china-5a-scenic-areas.json,WGS84,来源原值,世界魔鬼城景区,来源定位点，未实地测量,,,12_3023_1455.png,2026-10-05
355,博尔塔拉蒙古自治州赛里木湖景区,新疆,81.2,44.6,公开地图代表点,2072.0,2072,约2070米,27.2,未取得可用于本图的公开区间,https://sjfw.mct.gov.cn/site/dataservice/culdetails?curId=10&id=35134,https://loreroutes.com/data/china-5a-scenic-areas.json,WGS84,来源原值,赛里木湖景区,来源定位点，未实地测量,,,12_2971_1479.png,2026-10-05
356,昌吉回族自治州江布拉克景区,新疆,89.738486,43.657627,公开地图代表点,1457.0,1457,约1460米,27.7,未取得可用于本图的公开区间,https://sjfw.mct.gov.cn/site/dataservice/culdetails?curId=10&id=35135,https://loreroutes.com/data/china-5a-scenic-areas.json,WGS84,来源原值,江布拉克景区,来源定位点，未实地测量,,,12_3069_1494.png,2026-10-05
357,阿克苏地区天山托木尔景区,新疆,80.352461,41.71312,公开地图代表点,2283.0,2283,约2280米,28.5,未取得可用于本图的公开区间,https://sjfw.mct.gov.cn/site/dataservice/culdetails?curId=10&id=35136,https://loreroutes.com/data/china-5a-scenic-areas.json,WGS84,来源原值,天山托木尔景区,来源定位点，未实地测量,,,12_2962_1524.png,2026-10-05
358,兵团十师185团白沙湖景区（阿勒泰地区）,新疆,85.7434138994331,48.371586860221875,公开地图代表点,566.0,566,约570米,25.4,未取得可用于本图的公开区间,https://sjfw.mct.gov.cn/site/dataservice/culdetails?curId=10&id=35137,https://a.amap.com/Loca/static/mock/china5a.csv,GCJ-02,GCJ-02数值反算至WGS84,伊犁哈萨克自治州阿勒泰地区哈巴河县白沙湖景区,来源定位点，未实地测量,,,12_3023_1417.png,2026-10-05
359,兵团阿拉尔市塔克拉玛干•三五九旅文化旅游区,新疆,81.277872,40.548764,公开地图代表点,1012.0,1012,约1010米,29.0,未取得可用于本图的公开区间,https://sjfw.mct.gov.cn/site/dataservice/culdetails?curId=10&id=35138,https://loreroutes.com/data/china-5a-scenic-areas.json,WGS84,来源原值,塔克拉玛干·三五九旅文化旅游区,来源定位点，未实地测量,,,12_2972_1542.png,2026-10-05
