atlas_id,name,province,current_status,verified_products,verified_source_urls,basic_price_display,official_catalog_url,official_search,ctrip_search,dianping_search,platform_check_status,fields_to_verify
001,故宫博物院,北京,基础价格已核验,1,https://www.dpm.org.cn/Visit.html?isappinstalled=0,60元,https://sjfw.mct.gov.cn/site/dataservice/base,https://www.baidu.com/s?wd=%E6%95%85%E5%AE%AB%E5%8D%9A%E7%89%A9%E9%99%A2%20%E5%AE%98%E6%96%B9%20%E9%97%A8%E7%A5%A8%20%E6%88%90%E4%BA%BA%20%E7%A5%A8%E5%8A%A1,https://www.baidu.com/s?wd=site%3Actrip.com%20%E6%95%85%E5%AE%AB%E5%8D%9A%E7%89%A9%E9%99%A2%20%E6%88%90%E4%BA%BA%20%E9%97%A8%E7%A5%A8,https://www.baidu.com/s?wd=site%3Adianping.com%20%E6%95%85%E5%AE%AB%E5%8D%9A%E7%89%A9%E9%99%A2%20%E9%97%A8%E7%A5%A8,平台票种待逐项核验,成人票种、游览日、基础/联票、交通是否包含、价格生效期、来源日期
002,天坛公园,北京,基础价格已核验,1,https://french.beijing.gov.cn/specials/parktours/guidevisitors/templeofheaven/index.html,15元,https://sjfw.mct.gov.cn/site/dataservice/base,https://www.baidu.com/s?wd=%E5%A4%A9%E5%9D%9B%E5%85%AC%E5%9B%AD%20%E5%AE%98%E6%96%B9%20%E9%97%A8%E7%A5%A8%20%E6%88%90%E4%BA%BA%20%E7%A5%A8%E5%8A%A1,https://www.baidu.com/s?wd=site%3Actrip.com%20%E5%A4%A9%E5%9D%9B%E5%85%AC%E5%9B%AD%20%E6%88%90%E4%BA%BA%20%E9%97%A8%E7%A5%A8,https://www.baidu.com/s?wd=site%3Adianping.com%20%E5%A4%A9%E5%9D%9B%E5%85%AC%E5%9B%AD%20%E9%97%A8%E7%A5%A8,平台票种待逐项核验,成人票种、游览日、基础/联票、交通是否包含、价格生效期、来源日期
003,颐和园,北京,基础价格已核验,1,https://japanese.beijing.gov.cn/specials/parktours/guidevisitors/summerpalace/,30元,https://sjfw.mct.gov.cn/site/dataservice/base,https://www.baidu.com/s?wd=%E9%A2%90%E5%92%8C%E5%9B%AD%20%E5%AE%98%E6%96%B9%20%E9%97%A8%E7%A5%A8%20%E6%88%90%E4%BA%BA%20%E7%A5%A8%E5%8A%A1,https://www.baidu.com/s?wd=site%3Actrip.com%20%E9%A2%90%E5%92%8C%E5%9B%AD%20%E6%88%90%E4%BA%BA%20%E9%97%A8%E7%A5%A8,https://www.baidu.com/s?wd=site%3Adianping.com%20%E9%A2%90%E5%92%8C%E5%9B%AD%20%E9%97%A8%E7%A5%A8,平台票种待逐项核验,成人票种、游览日、基础/联票、交通是否包含、价格生效期、来源日期
004,八达岭—慕田峪长城旅游区,北京,部分票种已核验,2,https://focacsummit.mfa.gov.cn/hyfw/201807/t20180712_5860781.htm,,https://sjfw.mct.gov.cn/site/dataservice/base,https://www.baidu.com/s?wd=%E5%85%AB%E8%BE%BE%E5%B2%AD%E2%80%94%E6%85%95%E7%94%B0%E5%B3%AA%E9%95%BF%E5%9F%8E%E6%97%85%E6%B8%B8%E5%8C%BA%20%E5%AE%98%E6%96%B9%20%E9%97%A8%E7%A5%A8%20%E6%88%90%E4%BA%BA%20%E7%A5%A8%E5%8A%A1,https://www.baidu.com/s?wd=site%3Actrip.com%20%E5%85%AB%E8%BE%BE%E5%B2%AD%E2%80%94%E6%85%95%E7%94%B0%E5%B3%AA%E9%95%BF%E5%9F%8E%E6%97%85%E6%B8%B8%E5%8C%BA%20%E6%88%90%E4%BA%BA%20%E9%97%A8%E7%A5%A8,https://www.baidu.com/s?wd=site%3Adianping.com%20%E5%85%AB%E8%BE%BE%E5%B2%AD%E2%80%94%E6%85%95%E7%94%B0%E5%B3%AA%E9%95%BF%E5%9F%8E%E6%97%85%E6%B8%B8%E5%8C%BA%20%E9%97%A8%E7%A5%A8,平台票种待逐项核验,成人票种、游览日、基础/联票、交通是否包含、价格生效期、来源日期
005,明十三陵景区,北京,部分票种已核验,4,https://m.ctrip.com/tangram/MjYzMTE%3D?refer=toutiaosearch&source=jinritoutiao,,https://sjfw.mct.gov.cn/site/dataservice/base,https://www.baidu.com/s?wd=%E6%98%8E%E5%8D%81%E4%B8%89%E9%99%B5%E6%99%AF%E5%8C%BA%20%E5%AE%98%E6%96%B9%20%E9%97%A8%E7%A5%A8%20%E6%88%90%E4%BA%BA%20%E7%A5%A8%E5%8A%A1,https://www.baidu.com/s?wd=site%3Actrip.com%20%E6%98%8E%E5%8D%81%E4%B8%89%E9%99%B5%E6%99%AF%E5%8C%BA%20%E6%88%90%E4%BA%BA%20%E9%97%A8%E7%A5%A8,https://www.baidu.com/s?wd=site%3Adianping.com%20%E6%98%8E%E5%8D%81%E4%B8%89%E9%99%B5%E6%99%AF%E5%8C%BA%20%E9%97%A8%E7%A5%A8,携程手机票务说明已核验；成交价需指定游览日,成人票种、游览日、基础/联票、交通是否包含、价格生效期、来源日期
006,恭王府博物馆,北京,基础价格已核验,1,https://www.pgm.org.cn/,40元,https://sjfw.mct.gov.cn/site/dataservice/base,https://www.baidu.com/s?wd=%E6%81%AD%E7%8E%8B%E5%BA%9C%E5%8D%9A%E7%89%A9%E9%A6%86%20%E5%AE%98%E6%96%B9%20%E9%97%A8%E7%A5%A8%20%E6%88%90%E4%BA%BA%20%E7%A5%A8%E5%8A%A1,https://www.baidu.com/s?wd=site%3Actrip.com%20%E6%81%AD%E7%8E%8B%E5%BA%9C%E5%8D%9A%E7%89%A9%E9%A6%86%20%E6%88%90%E4%BA%BA%20%E9%97%A8%E7%A5%A8,https://www.baidu.com/s?wd=site%3Adianping.com%20%E6%81%AD%E7%8E%8B%E5%BA%9C%E5%8D%9A%E7%89%A9%E9%A6%86%20%E9%97%A8%E7%A5%A8,平台票种待逐项核验,成人票种、游览日、基础/联票、交通是否包含、价格生效期、来源日期
007,北京奥林匹克公园,北京,基础价格已核验,1,https://s.visitbeijing.com.cn/index.php/attraction/118019,免费,https://sjfw.mct.gov.cn/site/dataservice/base,https://www.baidu.com/s?wd=%E5%8C%97%E4%BA%AC%E5%A5%A5%E6%9E%97%E5%8C%B9%E5%85%8B%E5%85%AC%E5%9B%AD%20%E5%AE%98%E6%96%B9%20%E9%97%A8%E7%A5%A8%20%E6%88%90%E4%BA%BA%20%E7%A5%A8%E5%8A%A1,https://www.baidu.com/s?wd=site%3Actrip.com%20%E5%8C%97%E4%BA%AC%E5%A5%A5%E6%9E%97%E5%8C%B9%E5%85%8B%E5%85%AC%E5%9B%AD%20%E6%88%90%E4%BA%BA%20%E9%97%A8%E7%A5%A8,https://www.baidu.com/s?wd=site%3Adianping.com%20%E5%8C%97%E4%BA%AC%E5%A5%A5%E6%9E%97%E5%8C%B9%E5%85%8B%E5%85%AC%E5%9B%AD%20%E9%97%A8%E7%A5%A8,平台票种待逐项核验,成人票种、游览日、基础/联票、交通是否包含、价格生效期、来源日期
008,圆明园遗址公园景区,北京,基础价格已核验,2,https://english.beijing.gov.cn/travellinginbeijing/attractions/202603/t20260320_4562518.html,10元,https://sjfw.mct.gov.cn/site/dataservice/base,https://www.baidu.com/s?wd=%E5%9C%86%E6%98%8E%E5%9B%AD%E9%81%97%E5%9D%80%E5%85%AC%E5%9B%AD%E6%99%AF%E5%8C%BA%20%E5%AE%98%E6%96%B9%20%E9%97%A8%E7%A5%A8%20%E6%88%90%E4%BA%BA%20%E7%A5%A8%E5%8A%A1,https://www.baidu.com/s?wd=site%3Actrip.com%20%E5%9C%86%E6%98%8E%E5%9B%AD%E9%81%97%E5%9D%80%E5%85%AC%E5%9B%AD%E6%99%AF%E5%8C%BA%20%E6%88%90%E4%BA%BA%20%E9%97%A8%E7%A5%A8,https://www.baidu.com/s?wd=site%3Adianping.com%20%E5%9C%86%E6%98%8E%E5%9B%AD%E9%81%97%E5%9D%80%E5%85%AC%E5%9B%AD%E6%99%AF%E5%8C%BA%20%E9%97%A8%E7%A5%A8,平台票种待逐项核验,成人票种、游览日、基础/联票、交通是否包含、价格生效期、来源日期
009,北京（通州）大运河文化旅游景区,北京,待核验,0,,,https://sjfw.mct.gov.cn/site/dataservice/base,https://www.baidu.com/s?wd=%E5%8C%97%E4%BA%AC%EF%BC%88%E9%80%9A%E5%B7%9E%EF%BC%89%E5%A4%A7%E8%BF%90%E6%B2%B3%E6%96%87%E5%8C%96%E6%97%85%E6%B8%B8%E6%99%AF%E5%8C%BA%20%E5%AE%98%E6%96%B9%20%E9%97%A8%E7%A5%A8%20%E6%88%90%E4%BA%BA%20%E7%A5%A8%E5%8A%A1,https://www.baidu.com/s?wd=site%3Actrip.com%20%E5%8C%97%E4%BA%AC%EF%BC%88%E9%80%9A%E5%B7%9E%EF%BC%89%E5%A4%A7%E8%BF%90%E6%B2%B3%E6%96%87%E5%8C%96%E6%97%85%E6%B8%B8%E6%99%AF%E5%8C%BA%20%E6%88%90%E4%BA%BA%20%E9%97%A8%E7%A5%A8,https://www.baidu.com/s?wd=site%3Adianping.com%20%E5%8C%97%E4%BA%AC%EF%BC%88%E9%80%9A%E5%B7%9E%EF%BC%89%E5%A4%A7%E8%BF%90%E6%B2%B3%E6%96%87%E5%8C%96%E6%97%85%E6%B8%B8%E6%99%AF%E5%8C%BA%20%E9%97%A8%E7%A5%A8,平台票种待逐项核验,成人票种、游览日、基础/联票、交通是否包含、价格生效期、来源日期
010,天津古文化街旅游区（津门故里）,天津,基础价格已核验,1,https://s.visitbeijing.com.cn/attraction/118514,免费,https://sjfw.mct.gov.cn/site/dataservice/base,https://www.baidu.com/s?wd=%E5%A4%A9%E6%B4%A5%E5%8F%A4%E6%96%87%E5%8C%96%E8%A1%97%E6%97%85%E6%B8%B8%E5%8C%BA%EF%BC%88%E6%B4%A5%E9%97%A8%E6%95%85%E9%87%8C%EF%BC%89%20%E5%AE%98%E6%96%B9%20%E9%97%A8%E7%A5%A8%20%E6%88%90%E4%BA%BA%20%E7%A5%A8%E5%8A%A1,https://www.baidu.com/s?wd=site%3Actrip.com%20%E5%A4%A9%E6%B4%A5%E5%8F%A4%E6%96%87%E5%8C%96%E8%A1%97%E6%97%85%E6%B8%B8%E5%8C%BA%EF%BC%88%E6%B4%A5%E9%97%A8%E6%95%85%E9%87%8C%EF%BC%89%20%E6%88%90%E4%BA%BA%20%E9%97%A8%E7%A5%A8,https://www.baidu.com/s?wd=site%3Adianping.com%20%E5%A4%A9%E6%B4%A5%E5%8F%A4%E6%96%87%E5%8C%96%E8%A1%97%E6%97%85%E6%B8%B8%E5%8C%BA%EF%BC%88%E6%B4%A5%E9%97%A8%E6%95%85%E9%87%8C%EF%BC%89%20%E9%97%A8%E7%A5%A8,平台票种待逐项核验,成人票种、游览日、基础/联票、交通是否包含、价格生效期、来源日期
011,盘山风景名胜区,天津,基础价格已核验,1,https://www.chinapanshan.com/newsdetails/1961385374856589312.html,78元,https://sjfw.mct.gov.cn/site/dataservice/base,https://www.baidu.com/s?wd=%E7%9B%98%E5%B1%B1%E9%A3%8E%E6%99%AF%E5%90%8D%E8%83%9C%E5%8C%BA%20%E5%AE%98%E6%96%B9%20%E9%97%A8%E7%A5%A8%20%E6%88%90%E4%BA%BA%20%E7%A5%A8%E5%8A%A1,https://www.baidu.com/s?wd=site%3Actrip.com%20%E7%9B%98%E5%B1%B1%E9%A3%8E%E6%99%AF%E5%90%8D%E8%83%9C%E5%8C%BA%20%E6%88%90%E4%BA%BA%20%E9%97%A8%E7%A5%A8,https://www.baidu.com/s?wd=site%3Adianping.com%20%E7%9B%98%E5%B1%B1%E9%A3%8E%E6%99%AF%E5%90%8D%E8%83%9C%E5%8C%BA%20%E9%97%A8%E7%A5%A8,平台票种待逐项核验,成人票种、游览日、基础/联票、交通是否包含、价格生效期、来源日期
012,承德市承德避暑山庄及周围寺庙景区,河北,部分票种已核验,2,https://whly.hebei.gov.cn/c/2019-04-03/557112.html,,https://sjfw.mct.gov.cn/site/dataservice/base,https://www.baidu.com/s?wd=%E6%89%BF%E5%BE%B7%E5%B8%82%E6%89%BF%E5%BE%B7%E9%81%BF%E6%9A%91%E5%B1%B1%E5%BA%84%E5%8F%8A%E5%91%A8%E5%9B%B4%E5%AF%BA%E5%BA%99%E6%99%AF%E5%8C%BA%20%E5%AE%98%E6%96%B9%20%E9%97%A8%E7%A5%A8%20%E6%88%90%E4%BA%BA%20%E7%A5%A8%E5%8A%A1,https://www.baidu.com/s?wd=site%3Actrip.com%20%E6%89%BF%E5%BE%B7%E5%B8%82%E6%89%BF%E5%BE%B7%E9%81%BF%E6%9A%91%E5%B1%B1%E5%BA%84%E5%8F%8A%E5%91%A8%E5%9B%B4%E5%AF%BA%E5%BA%99%E6%99%AF%E5%8C%BA%20%E6%88%90%E4%BA%BA%20%E9%97%A8%E7%A5%A8,https://www.baidu.com/s?wd=site%3Adianping.com%20%E6%89%BF%E5%BE%B7%E5%B8%82%E6%89%BF%E5%BE%B7%E9%81%BF%E6%9A%91%E5%B1%B1%E5%BA%84%E5%8F%8A%E5%91%A8%E5%9B%B4%E5%AF%BA%E5%BA%99%E6%99%AF%E5%8C%BA%20%E9%97%A8%E7%A5%A8,平台票种待逐项核验,成人票种、游览日、基础/联票、交通是否包含、价格生效期、来源日期
013,白洋淀景区,河北,待核验,0,,,https://sjfw.mct.gov.cn/site/dataservice/base,https://www.baidu.com/s?wd=%E7%99%BD%E6%B4%8B%E6%B7%80%E6%99%AF%E5%8C%BA%20%E5%AE%98%E6%96%B9%20%E9%97%A8%E7%A5%A8%20%E6%88%90%E4%BA%BA%20%E7%A5%A8%E5%8A%A1,https://www.baidu.com/s?wd=site%3Actrip.com%20%E7%99%BD%E6%B4%8B%E6%B7%80%E6%99%AF%E5%8C%BA%20%E6%88%90%E4%BA%BA%20%E9%97%A8%E7%A5%A8,https://www.baidu.com/s?wd=site%3Adianping.com%20%E7%99%BD%E6%B4%8B%E6%B7%80%E6%99%AF%E5%8C%BA%20%E9%97%A8%E7%A5%A8,平台票种待逐项核验,成人票种、游览日、基础/联票、交通是否包含、价格生效期、来源日期
014,保定市野三坡景区,河北,待核验,0,,,https://sjfw.mct.gov.cn/site/dataservice/base,https://www.baidu.com/s?wd=%E4%BF%9D%E5%AE%9A%E5%B8%82%E9%87%8E%E4%B8%89%E5%9D%A1%E6%99%AF%E5%8C%BA%20%E5%AE%98%E6%96%B9%20%E9%97%A8%E7%A5%A8%20%E6%88%90%E4%BA%BA%20%E7%A5%A8%E5%8A%A1,https://www.baidu.com/s?wd=site%3Actrip.com%20%E4%BF%9D%E5%AE%9A%E5%B8%82%E9%87%8E%E4%B8%89%E5%9D%A1%E6%99%AF%E5%8C%BA%20%E6%88%90%E4%BA%BA%20%E9%97%A8%E7%A5%A8,https://www.baidu.com/s?wd=site%3Adianping.com%20%E4%BF%9D%E5%AE%9A%E5%B8%82%E9%87%8E%E4%B8%89%E5%9D%A1%E6%99%AF%E5%8C%BA%20%E9%97%A8%E7%A5%A8,平台票种待逐项核验,成人票种、游览日、基础/联票、交通是否包含、价格生效期、来源日期
015,石家庄市西柏坡景区,河北,基础价格已核验,1,https://s.visitbeijing.com.cn/attraction/118649,免费,https://sjfw.mct.gov.cn/site/dataservice/base,https://www.baidu.com/s?wd=%E7%9F%B3%E5%AE%B6%E5%BA%84%E5%B8%82%E8%A5%BF%E6%9F%8F%E5%9D%A1%E6%99%AF%E5%8C%BA%20%E5%AE%98%E6%96%B9%20%E9%97%A8%E7%A5%A8%20%E6%88%90%E4%BA%BA%20%E7%A5%A8%E5%8A%A1,https://www.baidu.com/s?wd=site%3Actrip.com%20%E7%9F%B3%E5%AE%B6%E5%BA%84%E5%B8%82%E8%A5%BF%E6%9F%8F%E5%9D%A1%E6%99%AF%E5%8C%BA%20%E6%88%90%E4%BA%BA%20%E9%97%A8%E7%A5%A8,https://www.baidu.com/s?wd=site%3Adianping.com%20%E7%9F%B3%E5%AE%B6%E5%BA%84%E5%B8%82%E8%A5%BF%E6%9F%8F%E5%9D%A1%E6%99%AF%E5%8C%BA%20%E9%97%A8%E7%A5%A8,平台票种待逐项核验,成人票种、游览日、基础/联票、交通是否包含、价格生效期、来源日期
016,唐山市清东陵景区,河北,基础价格已核验,1,https://www.xiongan.gov.cn/2018-10/16/c_129972266.htm,108元,https://sjfw.mct.gov.cn/site/dataservice/base,https://www.baidu.com/s?wd=%E5%94%90%E5%B1%B1%E5%B8%82%E6%B8%85%E4%B8%9C%E9%99%B5%E6%99%AF%E5%8C%BA%20%E5%AE%98%E6%96%B9%20%E9%97%A8%E7%A5%A8%20%E6%88%90%E4%BA%BA%20%E7%A5%A8%E5%8A%A1,https://www.baidu.com/s?wd=site%3Actrip.com%20%E5%94%90%E5%B1%B1%E5%B8%82%E6%B8%85%E4%B8%9C%E9%99%B5%E6%99%AF%E5%8C%BA%20%E6%88%90%E4%BA%BA%20%E9%97%A8%E7%A5%A8,https://www.baidu.com/s?wd=site%3Adianping.com%20%E5%94%90%E5%B1%B1%E5%B8%82%E6%B8%85%E4%B8%9C%E9%99%B5%E6%99%AF%E5%8C%BA%20%E9%97%A8%E7%A5%A8,平台票种待逐项核验,成人票种、游览日、基础/联票、交通是否包含、价格生效期、来源日期
017,邯郸市娲皇宫景区,河北,待核验,0,,,https://sjfw.mct.gov.cn/site/dataservice/base,https://www.baidu.com/s?wd=%E9%82%AF%E9%83%B8%E5%B8%82%E5%A8%B2%E7%9A%87%E5%AE%AB%E6%99%AF%E5%8C%BA%20%E5%AE%98%E6%96%B9%20%E9%97%A8%E7%A5%A8%20%E6%88%90%E4%BA%BA%20%E7%A5%A8%E5%8A%A1,https://www.baidu.com/s?wd=site%3Actrip.com%20%E9%82%AF%E9%83%B8%E5%B8%82%E5%A8%B2%E7%9A%87%E5%AE%AB%E6%99%AF%E5%8C%BA%20%E6%88%90%E4%BA%BA%20%E9%97%A8%E7%A5%A8,https://www.baidu.com/s?wd=site%3Adianping.com%20%E9%82%AF%E9%83%B8%E5%B8%82%E5%A8%B2%E7%9A%87%E5%AE%AB%E6%99%AF%E5%8C%BA%20%E9%97%A8%E7%A5%A8,平台票种待逐项核验,成人票种、游览日、基础/联票、交通是否包含、价格生效期、来源日期
018,邯郸市广府古城景区,河北,待核验,0,,,https://sjfw.mct.gov.cn/site/dataservice/base,https://www.baidu.com/s?wd=%E9%82%AF%E9%83%B8%E5%B8%82%E5%B9%BF%E5%BA%9C%E5%8F%A4%E5%9F%8E%E6%99%AF%E5%8C%BA%20%E5%AE%98%E6%96%B9%20%E9%97%A8%E7%A5%A8%20%E6%88%90%E4%BA%BA%20%E7%A5%A8%E5%8A%A1,https://www.baidu.com/s?wd=site%3Actrip.com%20%E9%82%AF%E9%83%B8%E5%B8%82%E5%B9%BF%E5%BA%9C%E5%8F%A4%E5%9F%8E%E6%99%AF%E5%8C%BA%20%E6%88%90%E4%BA%BA%20%E9%97%A8%E7%A5%A8,https://www.baidu.com/s?wd=site%3Adianping.com%20%E9%82%AF%E9%83%B8%E5%B8%82%E5%B9%BF%E5%BA%9C%E5%8F%A4%E5%9F%8E%E6%99%AF%E5%8C%BA%20%E9%97%A8%E7%A5%A8,平台票种待逐项核验,成人票种、游览日、基础/联票、交通是否包含、价格生效期、来源日期
019,保定市白石山景区,河北,基础价格已核验,1,https://www.xiongan.gov.cn/2018-10/16/c_129972266.htm,135元,https://sjfw.mct.gov.cn/site/dataservice/base,https://www.baidu.com/s?wd=%E4%BF%9D%E5%AE%9A%E5%B8%82%E7%99%BD%E7%9F%B3%E5%B1%B1%E6%99%AF%E5%8C%BA%20%E5%AE%98%E6%96%B9%20%E9%97%A8%E7%A5%A8%20%E6%88%90%E4%BA%BA%20%E7%A5%A8%E5%8A%A1,https://www.baidu.com/s?wd=site%3Actrip.com%20%E4%BF%9D%E5%AE%9A%E5%B8%82%E7%99%BD%E7%9F%B3%E5%B1%B1%E6%99%AF%E5%8C%BA%20%E6%88%90%E4%BA%BA%20%E9%97%A8%E7%A5%A8,https://www.baidu.com/s?wd=site%3Adianping.com%20%E4%BF%9D%E5%AE%9A%E5%B8%82%E7%99%BD%E7%9F%B3%E5%B1%B1%E6%99%AF%E5%8C%BA%20%E9%97%A8%E7%A5%A8,平台票种待逐项核验,成人票种、游览日、基础/联票、交通是否包含、价格生效期、来源日期
020,秦皇岛市山海关景区,河北,待核验,0,,,https://sjfw.mct.gov.cn/site/dataservice/base,https://www.baidu.com/s?wd=%E7%A7%A6%E7%9A%87%E5%B2%9B%E5%B8%82%E5%B1%B1%E6%B5%B7%E5%85%B3%E6%99%AF%E5%8C%BA%20%E5%AE%98%E6%96%B9%20%E9%97%A8%E7%A5%A8%20%E6%88%90%E4%BA%BA%20%E7%A5%A8%E5%8A%A1,https://www.baidu.com/s?wd=site%3Actrip.com%20%E7%A7%A6%E7%9A%87%E5%B2%9B%E5%B8%82%E5%B1%B1%E6%B5%B7%E5%85%B3%E6%99%AF%E5%8C%BA%20%E6%88%90%E4%BA%BA%20%E9%97%A8%E7%A5%A8,https://www.baidu.com/s?wd=site%3Adianping.com%20%E7%A7%A6%E7%9A%87%E5%B2%9B%E5%B8%82%E5%B1%B1%E6%B5%B7%E5%85%B3%E6%99%AF%E5%8C%BA%20%E9%97%A8%E7%A5%A8,平台票种待逐项核验,成人票种、游览日、基础/联票、交通是否包含、价格生效期、来源日期
021,保定市清西陵景区,河北,基础价格已核验,1,https://www.xiongan.gov.cn/2018-10/16/c_129972266.htm,108元,https://sjfw.mct.gov.cn/site/dataservice/base,https://www.baidu.com/s?wd=%E4%BF%9D%E5%AE%9A%E5%B8%82%E6%B8%85%E8%A5%BF%E9%99%B5%E6%99%AF%E5%8C%BA%20%E5%AE%98%E6%96%B9%20%E9%97%A8%E7%A5%A8%20%E6%88%90%E4%BA%BA%20%E7%A5%A8%E5%8A%A1,https://www.baidu.com/s?wd=site%3Actrip.com%20%E4%BF%9D%E5%AE%9A%E5%B8%82%E6%B8%85%E8%A5%BF%E9%99%B5%E6%99%AF%E5%8C%BA%20%E6%88%90%E4%BA%BA%20%E9%97%A8%E7%A5%A8,https://www.baidu.com/s?wd=site%3Adianping.com%20%E4%BF%9D%E5%AE%9A%E5%B8%82%E6%B8%85%E8%A5%BF%E9%99%B5%E6%99%AF%E5%8C%BA%20%E9%97%A8%E7%A5%A8,平台票种待逐项核验,成人票种、游览日、基础/联票、交通是否包含、价格生效期、来源日期
022,承德市金山岭长城景区,河北,待核验,0,,,https://sjfw.mct.gov.cn/site/dataservice/base,https://www.baidu.com/s?wd=%E6%89%BF%E5%BE%B7%E5%B8%82%E9%87%91%E5%B1%B1%E5%B2%AD%E9%95%BF%E5%9F%8E%E6%99%AF%E5%8C%BA%20%E5%AE%98%E6%96%B9%20%E9%97%A8%E7%A5%A8%20%E6%88%90%E4%BA%BA%20%E7%A5%A8%E5%8A%A1,https://www.baidu.com/s?wd=site%3Actrip.com%20%E6%89%BF%E5%BE%B7%E5%B8%82%E9%87%91%E5%B1%B1%E5%B2%AD%E9%95%BF%E5%9F%8E%E6%99%AF%E5%8C%BA%20%E6%88%90%E4%BA%BA%20%E9%97%A8%E7%A5%A8,https://www.baidu.com/s?wd=site%3Adianping.com%20%E6%89%BF%E5%BE%B7%E5%B8%82%E9%87%91%E5%B1%B1%E5%B2%AD%E9%95%BF%E5%9F%8E%E6%99%AF%E5%8C%BA%20%E9%97%A8%E7%A5%A8,平台票种待逐项核验,成人票种、游览日、基础/联票、交通是否包含、价格生效期、来源日期
023,唐山市南湖·开滦旅游景区,河北,待核验,0,,,https://sjfw.mct.gov.cn/site/dataservice/base,https://www.baidu.com/s?wd=%E5%94%90%E5%B1%B1%E5%B8%82%E5%8D%97%E6%B9%96%C2%B7%E5%BC%80%E6%BB%A6%E6%97%85%E6%B8%B8%E6%99%AF%E5%8C%BA%20%E5%AE%98%E6%96%B9%20%E9%97%A8%E7%A5%A8%20%E6%88%90%E4%BA%BA%20%E7%A5%A8%E5%8A%A1,https://www.baidu.com/s?wd=site%3Actrip.com%20%E5%94%90%E5%B1%B1%E5%B8%82%E5%8D%97%E6%B9%96%C2%B7%E5%BC%80%E6%BB%A6%E6%97%85%E6%B8%B8%E6%99%AF%E5%8C%BA%20%E6%88%90%E4%BA%BA%20%E9%97%A8%E7%A5%A8,https://www.baidu.com/s?wd=site%3Adianping.com%20%E5%94%90%E5%B1%B1%E5%B8%82%E5%8D%97%E6%B9%96%C2%B7%E5%BC%80%E6%BB%A6%E6%97%85%E6%B8%B8%E6%99%AF%E5%8C%BA%20%E9%97%A8%E7%A5%A8,平台票种待逐项核验,成人票种、游览日、基础/联票、交通是否包含、价格生效期、来源日期
024,衡水市衡水湖旅游景区,河北,待核验,0,,,https://sjfw.mct.gov.cn/site/dataservice/base,https://www.baidu.com/s?wd=%E8%A1%A1%E6%B0%B4%E5%B8%82%E8%A1%A1%E6%B0%B4%E6%B9%96%E6%97%85%E6%B8%B8%E6%99%AF%E5%8C%BA%20%E5%AE%98%E6%96%B9%20%E9%97%A8%E7%A5%A8%20%E6%88%90%E4%BA%BA%20%E7%A5%A8%E5%8A%A1,https://www.baidu.com/s?wd=site%3Actrip.com%20%E8%A1%A1%E6%B0%B4%E5%B8%82%E8%A1%A1%E6%B0%B4%E6%B9%96%E6%97%85%E6%B8%B8%E6%99%AF%E5%8C%BA%20%E6%88%90%E4%BA%BA%20%E9%97%A8%E7%A5%A8,https://www.baidu.com/s?wd=site%3Adianping.com%20%E8%A1%A1%E6%B0%B4%E5%B8%82%E8%A1%A1%E6%B0%B4%E6%B9%96%E6%97%85%E6%B8%B8%E6%99%AF%E5%8C%BA%20%E9%97%A8%E7%A5%A8,平台票种待逐项核验,成人票种、游览日、基础/联票、交通是否包含、价格生效期、来源日期
025,大同市云冈石窟景区,山西,基础价格已核验,1,https://ai.dt.gov.cn/dtszf/bumdtq/202504/978224c8cd5449d096f9eed7ceac0d3a.shtml,120元,https://sjfw.mct.gov.cn/site/dataservice/base,https://www.baidu.com/s?wd=%E5%A4%A7%E5%90%8C%E5%B8%82%E4%BA%91%E5%86%88%E7%9F%B3%E7%AA%9F%E6%99%AF%E5%8C%BA%20%E5%AE%98%E6%96%B9%20%E9%97%A8%E7%A5%A8%20%E6%88%90%E4%BA%BA%20%E7%A5%A8%E5%8A%A1,https://www.baidu.com/s?wd=site%3Actrip.com%20%E5%A4%A7%E5%90%8C%E5%B8%82%E4%BA%91%E5%86%88%E7%9F%B3%E7%AA%9F%E6%99%AF%E5%8C%BA%20%E6%88%90%E4%BA%BA%20%E9%97%A8%E7%A5%A8,https://www.baidu.com/s?wd=site%3Adianping.com%20%E5%A4%A7%E5%90%8C%E5%B8%82%E4%BA%91%E5%86%88%E7%9F%B3%E7%AA%9F%E6%99%AF%E5%8C%BA%20%E9%97%A8%E7%A5%A8,平台票种待逐项核验,成人票种、游览日、基础/联票、交通是否包含、价格生效期、来源日期
026,忻州市五台山风景名胜区,山西,基础价格已核验,1,https://www.wtsykfwzx.com/lyxx_show.aspx?id=3125,135元,https://sjfw.mct.gov.cn/site/dataservice/base,https://www.baidu.com/s?wd=%E5%BF%BB%E5%B7%9E%E5%B8%82%E4%BA%94%E5%8F%B0%E5%B1%B1%E9%A3%8E%E6%99%AF%E5%90%8D%E8%83%9C%E5%8C%BA%20%E5%AE%98%E6%96%B9%20%E9%97%A8%E7%A5%A8%20%E6%88%90%E4%BA%BA%20%E7%A5%A8%E5%8A%A1,https://www.baidu.com/s?wd=site%3Actrip.com%20%E5%BF%BB%E5%B7%9E%E5%B8%82%E4%BA%94%E5%8F%B0%E5%B1%B1%E9%A3%8E%E6%99%AF%E5%90%8D%E8%83%9C%E5%8C%BA%20%E6%88%90%E4%BA%BA%20%E9%97%A8%E7%A5%A8,https://www.baidu.com/s?wd=site%3Adianping.com%20%E5%BF%BB%E5%B7%9E%E5%B8%82%E4%BA%94%E5%8F%B0%E5%B1%B1%E9%A3%8E%E6%99%AF%E5%90%8D%E8%83%9C%E5%8C%BA%20%E9%97%A8%E7%A5%A8,平台票种待逐项核验,成人票种、游览日、基础/联票、交通是否包含、价格生效期、来源日期
027,晋城市皇城相府生态文化旅游区,山西,待核验,0,,,https://sjfw.mct.gov.cn/site/dataservice/base,https://www.baidu.com/s?wd=%E6%99%8B%E5%9F%8E%E5%B8%82%E7%9A%87%E5%9F%8E%E7%9B%B8%E5%BA%9C%E7%94%9F%E6%80%81%E6%96%87%E5%8C%96%E6%97%85%E6%B8%B8%E5%8C%BA%20%E5%AE%98%E6%96%B9%20%E9%97%A8%E7%A5%A8%20%E6%88%90%E4%BA%BA%20%E7%A5%A8%E5%8A%A1,https://www.baidu.com/s?wd=site%3Actrip.com%20%E6%99%8B%E5%9F%8E%E5%B8%82%E7%9A%87%E5%9F%8E%E7%9B%B8%E5%BA%9C%E7%94%9F%E6%80%81%E6%96%87%E5%8C%96%E6%97%85%E6%B8%B8%E5%8C%BA%20%E6%88%90%E4%BA%BA%20%E9%97%A8%E7%A5%A8,https://www.baidu.com/s?wd=site%3Adianping.com%20%E6%99%8B%E5%9F%8E%E5%B8%82%E7%9A%87%E5%9F%8E%E7%9B%B8%E5%BA%9C%E7%94%9F%E6%80%81%E6%96%87%E5%8C%96%E6%97%85%E6%B8%B8%E5%8C%BA%20%E9%97%A8%E7%A5%A8,平台票种待逐项核验,成人票种、游览日、基础/联票、交通是否包含、价格生效期、来源日期
028,晋中市绵山风景区,山西,待核验,0,,,https://sjfw.mct.gov.cn/site/dataservice/base,https://www.baidu.com/s?wd=%E6%99%8B%E4%B8%AD%E5%B8%82%E7%BB%B5%E5%B1%B1%E9%A3%8E%E6%99%AF%E5%8C%BA%20%E5%AE%98%E6%96%B9%20%E9%97%A8%E7%A5%A8%20%E6%88%90%E4%BA%BA%20%E7%A5%A8%E5%8A%A1,https://www.baidu.com/s?wd=site%3Actrip.com%20%E6%99%8B%E4%B8%AD%E5%B8%82%E7%BB%B5%E5%B1%B1%E9%A3%8E%E6%99%AF%E5%8C%BA%20%E6%88%90%E4%BA%BA%20%E9%97%A8%E7%A5%A8,https://www.baidu.com/s?wd=site%3Adianping.com%20%E6%99%8B%E4%B8%AD%E5%B8%82%E7%BB%B5%E5%B1%B1%E9%A3%8E%E6%99%AF%E5%8C%BA%20%E9%97%A8%E7%A5%A8,平台票种待逐项核验,成人票种、游览日、基础/联票、交通是否包含、价格生效期、来源日期
029,晋中市平遥古城景区,山西,部分票种已核验,1,https://www.jccq.gov.cn/cqzx/sjdt_5/szfyw_1/202504/t20250403_2124773.shtml,,https://sjfw.mct.gov.cn/site/dataservice/base,https://www.baidu.com/s?wd=%E6%99%8B%E4%B8%AD%E5%B8%82%E5%B9%B3%E9%81%A5%E5%8F%A4%E5%9F%8E%E6%99%AF%E5%8C%BA%20%E5%AE%98%E6%96%B9%20%E9%97%A8%E7%A5%A8%20%E6%88%90%E4%BA%BA%20%E7%A5%A8%E5%8A%A1,https://www.baidu.com/s?wd=site%3Actrip.com%20%E6%99%8B%E4%B8%AD%E5%B8%82%E5%B9%B3%E9%81%A5%E5%8F%A4%E5%9F%8E%E6%99%AF%E5%8C%BA%20%E6%88%90%E4%BA%BA%20%E9%97%A8%E7%A5%A8,https://www.baidu.com/s?wd=site%3Adianping.com%20%E6%99%8B%E4%B8%AD%E5%B8%82%E5%B9%B3%E9%81%A5%E5%8F%A4%E5%9F%8E%E6%99%AF%E5%8C%BA%20%E9%97%A8%E7%A5%A8,平台票种待逐项核验,成人票种、游览日、基础/联票、交通是否包含、价格生效期、来源日期
030,忻州市雁门关景区,山西,待核验,0,,,https://sjfw.mct.gov.cn/site/dataservice/base,https://www.baidu.com/s?wd=%E5%BF%BB%E5%B7%9E%E5%B8%82%E9%9B%81%E9%97%A8%E5%85%B3%E6%99%AF%E5%8C%BA%20%E5%AE%98%E6%96%B9%20%E9%97%A8%E7%A5%A8%20%E6%88%90%E4%BA%BA%20%E7%A5%A8%E5%8A%A1,https://www.baidu.com/s?wd=site%3Actrip.com%20%E5%BF%BB%E5%B7%9E%E5%B8%82%E9%9B%81%E9%97%A8%E5%85%B3%E6%99%AF%E5%8C%BA%20%E6%88%90%E4%BA%BA%20%E9%97%A8%E7%A5%A8,https://www.baidu.com/s?wd=site%3Adianping.com%20%E5%BF%BB%E5%B7%9E%E5%B8%82%E9%9B%81%E9%97%A8%E5%85%B3%E6%99%AF%E5%8C%BA%20%E9%97%A8%E7%A5%A8,平台票种待逐项核验,成人票种、游览日、基础/联票、交通是否包含、价格生效期、来源日期
031,临汾市洪洞大槐树寻根祭祖园旅游景区,山西,待核验,0,,,https://sjfw.mct.gov.cn/site/dataservice/base,https://www.baidu.com/s?wd=%E4%B8%B4%E6%B1%BE%E5%B8%82%E6%B4%AA%E6%B4%9E%E5%A4%A7%E6%A7%90%E6%A0%91%E5%AF%BB%E6%A0%B9%E7%A5%AD%E7%A5%96%E5%9B%AD%E6%97%85%E6%B8%B8%E6%99%AF%E5%8C%BA%20%E5%AE%98%E6%96%B9%20%E9%97%A8%E7%A5%A8%20%E6%88%90%E4%BA%BA%20%E7%A5%A8%E5%8A%A1,https://www.baidu.com/s?wd=site%3Actrip.com%20%E4%B8%B4%E6%B1%BE%E5%B8%82%E6%B4%AA%E6%B4%9E%E5%A4%A7%E6%A7%90%E6%A0%91%E5%AF%BB%E6%A0%B9%E7%A5%AD%E7%A5%96%E5%9B%AD%E6%97%85%E6%B8%B8%E6%99%AF%E5%8C%BA%20%E6%88%90%E4%BA%BA%20%E9%97%A8%E7%A5%A8,https://www.baidu.com/s?wd=site%3Adianping.com%20%E4%B8%B4%E6%B1%BE%E5%B8%82%E6%B4%AA%E6%B4%9E%E5%A4%A7%E6%A7%90%E6%A0%91%E5%AF%BB%E6%A0%B9%E7%A5%AD%E7%A5%96%E5%9B%AD%E6%97%85%E6%B8%B8%E6%99%AF%E5%8C%BA%20%E9%97%A8%E7%A5%A8,平台票种待逐项核验,成人票种、游览日、基础/联票、交通是否包含、价格生效期、来源日期
032,长治市太行山大峡谷八泉峡景区,山西,待核验,0,,,https://sjfw.mct.gov.cn/site/dataservice/base,https://www.baidu.com/s?wd=%E9%95%BF%E6%B2%BB%E5%B8%82%E5%A4%AA%E8%A1%8C%E5%B1%B1%E5%A4%A7%E5%B3%A1%E8%B0%B7%E5%85%AB%E6%B3%89%E5%B3%A1%E6%99%AF%E5%8C%BA%20%E5%AE%98%E6%96%B9%20%E9%97%A8%E7%A5%A8%20%E6%88%90%E4%BA%BA%20%E7%A5%A8%E5%8A%A1,https://www.baidu.com/s?wd=site%3Actrip.com%20%E9%95%BF%E6%B2%BB%E5%B8%82%E5%A4%AA%E8%A1%8C%E5%B1%B1%E5%A4%A7%E5%B3%A1%E8%B0%B7%E5%85%AB%E6%B3%89%E5%B3%A1%E6%99%AF%E5%8C%BA%20%E6%88%90%E4%BA%BA%20%E9%97%A8%E7%A5%A8,https://www.baidu.com/s?wd=site%3Adianping.com%20%E9%95%BF%E6%B2%BB%E5%B8%82%E5%A4%AA%E8%A1%8C%E5%B1%B1%E5%A4%A7%E5%B3%A1%E8%B0%B7%E5%85%AB%E6%B3%89%E5%B3%A1%E6%99%AF%E5%8C%BA%20%E9%97%A8%E7%A5%A8,平台票种待逐项核验,成人票种、游览日、基础/联票、交通是否包含、价格生效期、来源日期
033,临汾市云丘山景区,山西,待核验,0,,,https://sjfw.mct.gov.cn/site/dataservice/base,https://www.baidu.com/s?wd=%E4%B8%B4%E6%B1%BE%E5%B8%82%E4%BA%91%E4%B8%98%E5%B1%B1%E6%99%AF%E5%8C%BA%20%E5%AE%98%E6%96%B9%20%E9%97%A8%E7%A5%A8%20%E6%88%90%E4%BA%BA%20%E7%A5%A8%E5%8A%A1,https://www.baidu.com/s?wd=site%3Actrip.com%20%E4%B8%B4%E6%B1%BE%E5%B8%82%E4%BA%91%E4%B8%98%E5%B1%B1%E6%99%AF%E5%8C%BA%20%E6%88%90%E4%BA%BA%20%E9%97%A8%E7%A5%A8,https://www.baidu.com/s?wd=site%3Adianping.com%20%E4%B8%B4%E6%B1%BE%E5%B8%82%E4%BA%91%E4%B8%98%E5%B1%B1%E6%99%AF%E5%8C%BA%20%E9%97%A8%E7%A5%A8,平台票种待逐项核验,成人票种、游览日、基础/联票、交通是否包含、价格生效期、来源日期
034,黄河壶口瀑布旅游区(陕西省延安市·山西省临汾市),山西,待核验,0,,,https://sjfw.mct.gov.cn/site/dataservice/base,https://www.baidu.com/s?wd=%E9%BB%84%E6%B2%B3%E5%A3%B6%E5%8F%A3%E7%80%91%E5%B8%83%E6%97%85%E6%B8%B8%E5%8C%BA%28%E9%99%95%E8%A5%BF%E7%9C%81%E5%BB%B6%E5%AE%89%E5%B8%82%C2%B7%E5%B1%B1%E8%A5%BF%E7%9C%81%E4%B8%B4%E6%B1%BE%E5%B8%82%29%20%E5%AE%98%E6%96%B9%20%E9%97%A8%E7%A5%A8%20%E6%88%90%E4%BA%BA%20%E7%A5%A8%E5%8A%A1,https://www.baidu.com/s?wd=site%3Actrip.com%20%E9%BB%84%E6%B2%B3%E5%A3%B6%E5%8F%A3%E7%80%91%E5%B8%83%E6%97%85%E6%B8%B8%E5%8C%BA%28%E9%99%95%E8%A5%BF%E7%9C%81%E5%BB%B6%E5%AE%89%E5%B8%82%C2%B7%E5%B1%B1%E8%A5%BF%E7%9C%81%E4%B8%B4%E6%B1%BE%E5%B8%82%29%20%E6%88%90%E4%BA%BA%20%E9%97%A8%E7%A5%A8,https://www.baidu.com/s?wd=site%3Adianping.com%20%E9%BB%84%E6%B2%B3%E5%A3%B6%E5%8F%A3%E7%80%91%E5%B8%83%E6%97%85%E6%B8%B8%E5%8C%BA%28%E9%99%95%E8%A5%BF%E7%9C%81%E5%BB%B6%E5%AE%89%E5%B8%82%C2%B7%E5%B1%B1%E8%A5%BF%E7%9C%81%E4%B8%B4%E6%B1%BE%E5%B8%82%29%20%E9%97%A8%E7%A5%A8,平台票种待逐项核验,成人票种、游览日、基础/联票、交通是否包含、价格生效期、来源日期
035,太原市晋祠天龙山景区,山西,部分票种已核验,1,https://www.jccq.gov.cn/cqzx/sjdt_5/szfyw_1/202504/t20250403_2124773.shtml,,https://sjfw.mct.gov.cn/site/dataservice/base,https://www.baidu.com/s?wd=%E5%A4%AA%E5%8E%9F%E5%B8%82%E6%99%8B%E7%A5%A0%E5%A4%A9%E9%BE%99%E5%B1%B1%E6%99%AF%E5%8C%BA%20%E5%AE%98%E6%96%B9%20%E9%97%A8%E7%A5%A8%20%E6%88%90%E4%BA%BA%20%E7%A5%A8%E5%8A%A1,https://www.baidu.com/s?wd=site%3Actrip.com%20%E5%A4%AA%E5%8E%9F%E5%B8%82%E6%99%8B%E7%A5%A0%E5%A4%A9%E9%BE%99%E5%B1%B1%E6%99%AF%E5%8C%BA%20%E6%88%90%E4%BA%BA%20%E9%97%A8%E7%A5%A8,https://www.baidu.com/s?wd=site%3Adianping.com%20%E5%A4%AA%E5%8E%9F%E5%B8%82%E6%99%8B%E7%A5%A0%E5%A4%A9%E9%BE%99%E5%B1%B1%E6%99%AF%E5%8C%BA%20%E9%97%A8%E7%A5%A8,平台票种待逐项核验,成人票种、游览日、基础/联票、交通是否包含、价格生效期、来源日期
036,晋中市乔家大院景区,山西,基础价格已核验,1,https://qjdy.jingqu.cn/book/providerIndex.action?iscenicid=1,115元,https://sjfw.mct.gov.cn/site/dataservice/base,https://www.baidu.com/s?wd=%E6%99%8B%E4%B8%AD%E5%B8%82%E4%B9%94%E5%AE%B6%E5%A4%A7%E9%99%A2%E6%99%AF%E5%8C%BA%20%E5%AE%98%E6%96%B9%20%E9%97%A8%E7%A5%A8%20%E6%88%90%E4%BA%BA%20%E7%A5%A8%E5%8A%A1,https://www.baidu.com/s?wd=site%3Actrip.com%20%E6%99%8B%E4%B8%AD%E5%B8%82%E4%B9%94%E5%AE%B6%E5%A4%A7%E9%99%A2%E6%99%AF%E5%8C%BA%20%E6%88%90%E4%BA%BA%20%E9%97%A8%E7%A5%A8,https://www.baidu.com/s?wd=site%3Adianping.com%20%E6%99%8B%E4%B8%AD%E5%B8%82%E4%B9%94%E5%AE%B6%E5%A4%A7%E9%99%A2%E6%99%AF%E5%8C%BA%20%E9%97%A8%E7%A5%A8,平台票种待逐项核验,成人票种、游览日、基础/联票、交通是否包含、价格生效期、来源日期
037,鄂尔多斯市响沙湾旅游景区,内蒙古,待核验,0,,,https://sjfw.mct.gov.cn/site/dataservice/base,https://www.baidu.com/s?wd=%E9%84%82%E5%B0%94%E5%A4%9A%E6%96%AF%E5%B8%82%E5%93%8D%E6%B2%99%E6%B9%BE%E6%97%85%E6%B8%B8%E6%99%AF%E5%8C%BA%20%E5%AE%98%E6%96%B9%20%E9%97%A8%E7%A5%A8%20%E6%88%90%E4%BA%BA%20%E7%A5%A8%E5%8A%A1,https://www.baidu.com/s?wd=site%3Actrip.com%20%E9%84%82%E5%B0%94%E5%A4%9A%E6%96%AF%E5%B8%82%E5%93%8D%E6%B2%99%E6%B9%BE%E6%97%85%E6%B8%B8%E6%99%AF%E5%8C%BA%20%E6%88%90%E4%BA%BA%20%E9%97%A8%E7%A5%A8,https://www.baidu.com/s?wd=site%3Adianping.com%20%E9%84%82%E5%B0%94%E5%A4%9A%E6%96%AF%E5%B8%82%E5%93%8D%E6%B2%99%E6%B9%BE%E6%97%85%E6%B8%B8%E6%99%AF%E5%8C%BA%20%E9%97%A8%E7%A5%A8,平台票种待逐项核验,成人票种、游览日、基础/联票、交通是否包含、价格生效期、来源日期
038,鄂尔多斯市成吉思汗陵旅游区,内蒙古,待核验,0,,,https://sjfw.mct.gov.cn/site/dataservice/base,https://www.baidu.com/s?wd=%E9%84%82%E5%B0%94%E5%A4%9A%E6%96%AF%E5%B8%82%E6%88%90%E5%90%89%E6%80%9D%E6%B1%97%E9%99%B5%E6%97%85%E6%B8%B8%E5%8C%BA%20%E5%AE%98%E6%96%B9%20%E9%97%A8%E7%A5%A8%20%E6%88%90%E4%BA%BA%20%E7%A5%A8%E5%8A%A1,https://www.baidu.com/s?wd=site%3Actrip.com%20%E9%84%82%E5%B0%94%E5%A4%9A%E6%96%AF%E5%B8%82%E6%88%90%E5%90%89%E6%80%9D%E6%B1%97%E9%99%B5%E6%97%85%E6%B8%B8%E5%8C%BA%20%E6%88%90%E4%BA%BA%20%E9%97%A8%E7%A5%A8,https://www.baidu.com/s?wd=site%3Adianping.com%20%E9%84%82%E5%B0%94%E5%A4%9A%E6%96%AF%E5%B8%82%E6%88%90%E5%90%89%E6%80%9D%E6%B1%97%E9%99%B5%E6%97%85%E6%B8%B8%E5%8C%BA%20%E9%97%A8%E7%A5%A8,平台票种待逐项核验,成人票种、游览日、基础/联票、交通是否包含、价格生效期、来源日期
039,呼伦贝尔市中俄边境旅游区,内蒙古,待核验,0,,,https://sjfw.mct.gov.cn/site/dataservice/base,https://www.baidu.com/s?wd=%E5%91%BC%E4%BC%A6%E8%B4%9D%E5%B0%94%E5%B8%82%E4%B8%AD%E4%BF%84%E8%BE%B9%E5%A2%83%E6%97%85%E6%B8%B8%E5%8C%BA%20%E5%AE%98%E6%96%B9%20%E9%97%A8%E7%A5%A8%20%E6%88%90%E4%BA%BA%20%E7%A5%A8%E5%8A%A1,https://www.baidu.com/s?wd=site%3Actrip.com%20%E5%91%BC%E4%BC%A6%E8%B4%9D%E5%B0%94%E5%B8%82%E4%B8%AD%E4%BF%84%E8%BE%B9%E5%A2%83%E6%97%85%E6%B8%B8%E5%8C%BA%20%E6%88%90%E4%BA%BA%20%E9%97%A8%E7%A5%A8,https://www.baidu.com/s?wd=site%3Adianping.com%20%E5%91%BC%E4%BC%A6%E8%B4%9D%E5%B0%94%E5%B8%82%E4%B8%AD%E4%BF%84%E8%BE%B9%E5%A2%83%E6%97%85%E6%B8%B8%E5%8C%BA%20%E9%97%A8%E7%A5%A8,平台票种待逐项核验,成人票种、游览日、基础/联票、交通是否包含、价格生效期、来源日期
040,兴安盟阿尔山-柴河旅游景区,内蒙古,待核验,0,,,https://sjfw.mct.gov.cn/site/dataservice/base,https://www.baidu.com/s?wd=%E5%85%B4%E5%AE%89%E7%9B%9F%E9%98%BF%E5%B0%94%E5%B1%B1-%E6%9F%B4%E6%B2%B3%E6%97%85%E6%B8%B8%E6%99%AF%E5%8C%BA%20%E5%AE%98%E6%96%B9%20%E9%97%A8%E7%A5%A8%20%E6%88%90%E4%BA%BA%20%E7%A5%A8%E5%8A%A1,https://www.baidu.com/s?wd=site%3Actrip.com%20%E5%85%B4%E5%AE%89%E7%9B%9F%E9%98%BF%E5%B0%94%E5%B1%B1-%E6%9F%B4%E6%B2%B3%E6%97%85%E6%B8%B8%E6%99%AF%E5%8C%BA%20%E6%88%90%E4%BA%BA%20%E9%97%A8%E7%A5%A8,https://www.baidu.com/s?wd=site%3Adianping.com%20%E5%85%B4%E5%AE%89%E7%9B%9F%E9%98%BF%E5%B0%94%E5%B1%B1-%E6%9F%B4%E6%B2%B3%E6%97%85%E6%B8%B8%E6%99%AF%E5%8C%BA%20%E9%97%A8%E7%A5%A8,平台票种待逐项核验,成人票种、游览日、基础/联票、交通是否包含、价格生效期、来源日期
041,赤峰市阿斯哈图石林景区,内蒙古,待核验,0,,,https://sjfw.mct.gov.cn/site/dataservice/base,https://www.baidu.com/s?wd=%E8%B5%A4%E5%B3%B0%E5%B8%82%E9%98%BF%E6%96%AF%E5%93%88%E5%9B%BE%E7%9F%B3%E6%9E%97%E6%99%AF%E5%8C%BA%20%E5%AE%98%E6%96%B9%20%E9%97%A8%E7%A5%A8%20%E6%88%90%E4%BA%BA%20%E7%A5%A8%E5%8A%A1,https://www.baidu.com/s?wd=site%3Actrip.com%20%E8%B5%A4%E5%B3%B0%E5%B8%82%E9%98%BF%E6%96%AF%E5%93%88%E5%9B%BE%E7%9F%B3%E6%9E%97%E6%99%AF%E5%8C%BA%20%E6%88%90%E4%BA%BA%20%E9%97%A8%E7%A5%A8,https://www.baidu.com/s?wd=site%3Adianping.com%20%E8%B5%A4%E5%B3%B0%E5%B8%82%E9%98%BF%E6%96%AF%E5%93%88%E5%9B%BE%E7%9F%B3%E6%9E%97%E6%99%AF%E5%8C%BA%20%E9%97%A8%E7%A5%A8,平台票种待逐项核验,成人票种、游览日、基础/联票、交通是否包含、价格生效期、来源日期
042,阿拉善盟胡杨林旅游区,内蒙古,待核验,0,,,https://sjfw.mct.gov.cn/site/dataservice/base,https://www.baidu.com/s?wd=%E9%98%BF%E6%8B%89%E5%96%84%E7%9B%9F%E8%83%A1%E6%9D%A8%E6%9E%97%E6%97%85%E6%B8%B8%E5%8C%BA%20%E5%AE%98%E6%96%B9%20%E9%97%A8%E7%A5%A8%20%E6%88%90%E4%BA%BA%20%E7%A5%A8%E5%8A%A1,https://www.baidu.com/s?wd=site%3Actrip.com%20%E9%98%BF%E6%8B%89%E5%96%84%E7%9B%9F%E8%83%A1%E6%9D%A8%E6%9E%97%E6%97%85%E6%B8%B8%E5%8C%BA%20%E6%88%90%E4%BA%BA%20%E9%97%A8%E7%A5%A8,https://www.baidu.com/s?wd=site%3Adianping.com%20%E9%98%BF%E6%8B%89%E5%96%84%E7%9B%9F%E8%83%A1%E6%9D%A8%E6%9E%97%E6%97%85%E6%B8%B8%E5%8C%BA%20%E9%97%A8%E7%A5%A8,平台票种待逐项核验,成人票种、游览日、基础/联票、交通是否包含、价格生效期、来源日期
043,呼伦贝尔市呼伦贝尔大草原·莫尔格勒河景区,内蒙古,待核验,0,,,https://sjfw.mct.gov.cn/site/dataservice/base,https://www.baidu.com/s?wd=%E5%91%BC%E4%BC%A6%E8%B4%9D%E5%B0%94%E5%B8%82%E5%91%BC%E4%BC%A6%E8%B4%9D%E5%B0%94%E5%A4%A7%E8%8D%89%E5%8E%9F%C2%B7%E8%8E%AB%E5%B0%94%E6%A0%BC%E5%8B%92%E6%B2%B3%E6%99%AF%E5%8C%BA%20%E5%AE%98%E6%96%B9%20%E9%97%A8%E7%A5%A8%20%E6%88%90%E4%BA%BA%20%E7%A5%A8%E5%8A%A1,https://www.baidu.com/s?wd=site%3Actrip.com%20%E5%91%BC%E4%BC%A6%E8%B4%9D%E5%B0%94%E5%B8%82%E5%91%BC%E4%BC%A6%E8%B4%9D%E5%B0%94%E5%A4%A7%E8%8D%89%E5%8E%9F%C2%B7%E8%8E%AB%E5%B0%94%E6%A0%BC%E5%8B%92%E6%B2%B3%E6%99%AF%E5%8C%BA%20%E6%88%90%E4%BA%BA%20%E9%97%A8%E7%A5%A8,https://www.baidu.com/s?wd=site%3Adianping.com%20%E5%91%BC%E4%BC%A6%E8%B4%9D%E5%B0%94%E5%B8%82%E5%91%BC%E4%BC%A6%E8%B4%9D%E5%B0%94%E5%A4%A7%E8%8D%89%E5%8E%9F%C2%B7%E8%8E%AB%E5%B0%94%E6%A0%BC%E5%8B%92%E6%B2%B3%E6%99%AF%E5%8C%BA%20%E9%97%A8%E7%A5%A8,平台票种待逐项核验,成人票种、游览日、基础/联票、交通是否包含、价格生效期、来源日期
044,呼和浩特市老牛湾黄河大峡谷旅游区,内蒙古,待核验,0,,,https://sjfw.mct.gov.cn/site/dataservice/base,https://www.baidu.com/s?wd=%E5%91%BC%E5%92%8C%E6%B5%A9%E7%89%B9%E5%B8%82%E8%80%81%E7%89%9B%E6%B9%BE%E9%BB%84%E6%B2%B3%E5%A4%A7%E5%B3%A1%E8%B0%B7%E6%97%85%E6%B8%B8%E5%8C%BA%20%E5%AE%98%E6%96%B9%20%E9%97%A8%E7%A5%A8%20%E6%88%90%E4%BA%BA%20%E7%A5%A8%E5%8A%A1,https://www.baidu.com/s?wd=site%3Actrip.com%20%E5%91%BC%E5%92%8C%E6%B5%A9%E7%89%B9%E5%B8%82%E8%80%81%E7%89%9B%E6%B9%BE%E9%BB%84%E6%B2%B3%E5%A4%A7%E5%B3%A1%E8%B0%B7%E6%97%85%E6%B8%B8%E5%8C%BA%20%E6%88%90%E4%BA%BA%20%E9%97%A8%E7%A5%A8,https://www.baidu.com/s?wd=site%3Adianping.com%20%E5%91%BC%E5%92%8C%E6%B5%A9%E7%89%B9%E5%B8%82%E8%80%81%E7%89%9B%E6%B9%BE%E9%BB%84%E6%B2%B3%E5%A4%A7%E5%B3%A1%E8%B0%B7%E6%97%85%E6%B8%B8%E5%8C%BA%20%E9%97%A8%E7%A5%A8,平台票种待逐项核验,成人票种、游览日、基础/联票、交通是否包含、价格生效期、来源日期
045,沈阳市植物园,辽宁,待核验,0,,,https://sjfw.mct.gov.cn/site/dataservice/base,https://www.baidu.com/s?wd=%E6%B2%88%E9%98%B3%E5%B8%82%E6%A4%8D%E7%89%A9%E5%9B%AD%20%E5%AE%98%E6%96%B9%20%E9%97%A8%E7%A5%A8%20%E6%88%90%E4%BA%BA%20%E7%A5%A8%E5%8A%A1,https://www.baidu.com/s?wd=site%3Actrip.com%20%E6%B2%88%E9%98%B3%E5%B8%82%E6%A4%8D%E7%89%A9%E5%9B%AD%20%E6%88%90%E4%BA%BA%20%E9%97%A8%E7%A5%A8,https://www.baidu.com/s?wd=site%3Adianping.com%20%E6%B2%88%E9%98%B3%E5%B8%82%E6%A4%8D%E7%89%A9%E5%9B%AD%20%E9%97%A8%E7%A5%A8,平台票种待逐项核验,成人票种、游览日、基础/联票、交通是否包含、价格生效期、来源日期
046,大连老虎滩海洋公园·老虎滩极地馆,辽宁,待核验,0,,,https://sjfw.mct.gov.cn/site/dataservice/base,https://www.baidu.com/s?wd=%E5%A4%A7%E8%BF%9E%E8%80%81%E8%99%8E%E6%BB%A9%E6%B5%B7%E6%B4%8B%E5%85%AC%E5%9B%AD%C2%B7%E8%80%81%E8%99%8E%E6%BB%A9%E6%9E%81%E5%9C%B0%E9%A6%86%20%E5%AE%98%E6%96%B9%20%E9%97%A8%E7%A5%A8%20%E6%88%90%E4%BA%BA%20%E7%A5%A8%E5%8A%A1,https://www.baidu.com/s?wd=site%3Actrip.com%20%E5%A4%A7%E8%BF%9E%E8%80%81%E8%99%8E%E6%BB%A9%E6%B5%B7%E6%B4%8B%E5%85%AC%E5%9B%AD%C2%B7%E8%80%81%E8%99%8E%E6%BB%A9%E6%9E%81%E5%9C%B0%E9%A6%86%20%E6%88%90%E4%BA%BA%20%E9%97%A8%E7%A5%A8,https://www.baidu.com/s?wd=site%3Adianping.com%20%E5%A4%A7%E8%BF%9E%E8%80%81%E8%99%8E%E6%BB%A9%E6%B5%B7%E6%B4%8B%E5%85%AC%E5%9B%AD%C2%B7%E8%80%81%E8%99%8E%E6%BB%A9%E6%9E%81%E5%9C%B0%E9%A6%86%20%E9%97%A8%E7%A5%A8,平台票种待逐项核验,成人票种、游览日、基础/联票、交通是否包含、价格生效期、来源日期
047,大连市金石滩景区,辽宁,待核验,0,,,https://sjfw.mct.gov.cn/site/dataservice/base,https://www.baidu.com/s?wd=%E5%A4%A7%E8%BF%9E%E5%B8%82%E9%87%91%E7%9F%B3%E6%BB%A9%E6%99%AF%E5%8C%BA%20%E5%AE%98%E6%96%B9%20%E9%97%A8%E7%A5%A8%20%E6%88%90%E4%BA%BA%20%E7%A5%A8%E5%8A%A1,https://www.baidu.com/s?wd=site%3Actrip.com%20%E5%A4%A7%E8%BF%9E%E5%B8%82%E9%87%91%E7%9F%B3%E6%BB%A9%E6%99%AF%E5%8C%BA%20%E6%88%90%E4%BA%BA%20%E9%97%A8%E7%A5%A8,https://www.baidu.com/s?wd=site%3Adianping.com%20%E5%A4%A7%E8%BF%9E%E5%B8%82%E9%87%91%E7%9F%B3%E6%BB%A9%E6%99%AF%E5%8C%BA%20%E9%97%A8%E7%A5%A8,平台票种待逐项核验,成人票种、游览日、基础/联票、交通是否包含、价格生效期、来源日期
048,本溪市本溪水洞景区,辽宁,待核验,0,,,https://sjfw.mct.gov.cn/site/dataservice/base,https://www.baidu.com/s?wd=%E6%9C%AC%E6%BA%AA%E5%B8%82%E6%9C%AC%E6%BA%AA%E6%B0%B4%E6%B4%9E%E6%99%AF%E5%8C%BA%20%E5%AE%98%E6%96%B9%20%E9%97%A8%E7%A5%A8%20%E6%88%90%E4%BA%BA%20%E7%A5%A8%E5%8A%A1,https://www.baidu.com/s?wd=site%3Actrip.com%20%E6%9C%AC%E6%BA%AA%E5%B8%82%E6%9C%AC%E6%BA%AA%E6%B0%B4%E6%B4%9E%E6%99%AF%E5%8C%BA%20%E6%88%90%E4%BA%BA%20%E9%97%A8%E7%A5%A8,https://www.baidu.com/s?wd=site%3Adianping.com%20%E6%9C%AC%E6%BA%AA%E5%B8%82%E6%9C%AC%E6%BA%AA%E6%B0%B4%E6%B4%9E%E6%99%AF%E5%8C%BA%20%E9%97%A8%E7%A5%A8,平台票种待逐项核验,成人票种、游览日、基础/联票、交通是否包含、价格生效期、来源日期
049,鞍山市千山景区,辽宁,待核验,0,,,https://sjfw.mct.gov.cn/site/dataservice/base,https://www.baidu.com/s?wd=%E9%9E%8D%E5%B1%B1%E5%B8%82%E5%8D%83%E5%B1%B1%E6%99%AF%E5%8C%BA%20%E5%AE%98%E6%96%B9%20%E9%97%A8%E7%A5%A8%20%E6%88%90%E4%BA%BA%20%E7%A5%A8%E5%8A%A1,https://www.baidu.com/s?wd=site%3Actrip.com%20%E9%9E%8D%E5%B1%B1%E5%B8%82%E5%8D%83%E5%B1%B1%E6%99%AF%E5%8C%BA%20%E6%88%90%E4%BA%BA%20%E9%97%A8%E7%A5%A8,https://www.baidu.com/s?wd=site%3Adianping.com%20%E9%9E%8D%E5%B1%B1%E5%B8%82%E5%8D%83%E5%B1%B1%E6%99%AF%E5%8C%BA%20%E9%97%A8%E7%A5%A8,平台票种待逐项核验,成人票种、游览日、基础/联票、交通是否包含、价格生效期、来源日期
050,盘锦红海滩国家风景廊道景区,辽宁,待核验,0,,,https://sjfw.mct.gov.cn/site/dataservice/base,https://www.baidu.com/s?wd=%E7%9B%98%E9%94%A6%E7%BA%A2%E6%B5%B7%E6%BB%A9%E5%9B%BD%E5%AE%B6%E9%A3%8E%E6%99%AF%E5%BB%8A%E9%81%93%E6%99%AF%E5%8C%BA%20%E5%AE%98%E6%96%B9%20%E9%97%A8%E7%A5%A8%20%E6%88%90%E4%BA%BA%20%E7%A5%A8%E5%8A%A1,https://www.baidu.com/s?wd=site%3Actrip.com%20%E7%9B%98%E9%94%A6%E7%BA%A2%E6%B5%B7%E6%BB%A9%E5%9B%BD%E5%AE%B6%E9%A3%8E%E6%99%AF%E5%BB%8A%E9%81%93%E6%99%AF%E5%8C%BA%20%E6%88%90%E4%BA%BA%20%E9%97%A8%E7%A5%A8,https://www.baidu.com/s?wd=site%3Adianping.com%20%E7%9B%98%E9%94%A6%E7%BA%A2%E6%B5%B7%E6%BB%A9%E5%9B%BD%E5%AE%B6%E9%A3%8E%E6%99%AF%E5%BB%8A%E9%81%93%E6%99%AF%E5%8C%BA%20%E9%97%A8%E7%A5%A8,平台票种待逐项核验,成人票种、游览日、基础/联票、交通是否包含、价格生效期、来源日期
051,本溪市五女山景区,辽宁,待核验,0,,,https://sjfw.mct.gov.cn/site/dataservice/base,https://www.baidu.com/s?wd=%E6%9C%AC%E6%BA%AA%E5%B8%82%E4%BA%94%E5%A5%B3%E5%B1%B1%E6%99%AF%E5%8C%BA%20%E5%AE%98%E6%96%B9%20%E9%97%A8%E7%A5%A8%20%E6%88%90%E4%BA%BA%20%E7%A5%A8%E5%8A%A1,https://www.baidu.com/s?wd=site%3Actrip.com%20%E6%9C%AC%E6%BA%AA%E5%B8%82%E4%BA%94%E5%A5%B3%E5%B1%B1%E6%99%AF%E5%8C%BA%20%E6%88%90%E4%BA%BA%20%E9%97%A8%E7%A5%A8,https://www.baidu.com/s?wd=site%3Adianping.com%20%E6%9C%AC%E6%BA%AA%E5%B8%82%E4%BA%94%E5%A5%B3%E5%B1%B1%E6%99%AF%E5%8C%BA%20%E9%97%A8%E7%A5%A8,平台票种待逐项核验,成人票种、游览日、基础/联票、交通是否包含、价格生效期、来源日期
052,长白山景区,吉林,基础价格已核验,1,https://www.gojilin.gov.cn/changbaishan/cbs-tickets.html,105元,https://sjfw.mct.gov.cn/site/dataservice/base,https://www.baidu.com/s?wd=%E9%95%BF%E7%99%BD%E5%B1%B1%E6%99%AF%E5%8C%BA%20%E5%AE%98%E6%96%B9%20%E9%97%A8%E7%A5%A8%20%E6%88%90%E4%BA%BA%20%E7%A5%A8%E5%8A%A1,https://www.baidu.com/s?wd=site%3Actrip.com%20%E9%95%BF%E7%99%BD%E5%B1%B1%E6%99%AF%E5%8C%BA%20%E6%88%90%E4%BA%BA%20%E9%97%A8%E7%A5%A8,https://www.baidu.com/s?wd=site%3Adianping.com%20%E9%95%BF%E7%99%BD%E5%B1%B1%E6%99%AF%E5%8C%BA%20%E9%97%A8%E7%A5%A8,平台票种待逐项核验,成人票种、游览日、基础/联票、交通是否包含、价格生效期、来源日期
053,长春伪满皇宫博物院,吉林,基础价格已核验,1,https://xxgk.jl.gov.cn/zcbm/fgw_136483/gkml/202308/t20230801_8770940.html,70元,https://sjfw.mct.gov.cn/site/dataservice/base,https://www.baidu.com/s?wd=%E9%95%BF%E6%98%A5%E4%BC%AA%E6%BB%A1%E7%9A%87%E5%AE%AB%E5%8D%9A%E7%89%A9%E9%99%A2%20%E5%AE%98%E6%96%B9%20%E9%97%A8%E7%A5%A8%20%E6%88%90%E4%BA%BA%20%E7%A5%A8%E5%8A%A1,https://www.baidu.com/s?wd=site%3Actrip.com%20%E9%95%BF%E6%98%A5%E4%BC%AA%E6%BB%A1%E7%9A%87%E5%AE%AB%E5%8D%9A%E7%89%A9%E9%99%A2%20%E6%88%90%E4%BA%BA%20%E9%97%A8%E7%A5%A8,https://www.baidu.com/s?wd=site%3Adianping.com%20%E9%95%BF%E6%98%A5%E4%BC%AA%E6%BB%A1%E7%9A%87%E5%AE%AB%E5%8D%9A%E7%89%A9%E9%99%A2%20%E9%97%A8%E7%A5%A8,平台票种待逐项核验,成人票种、游览日、基础/联票、交通是否包含、价格生效期、来源日期
054,净月潭景区,吉林,基础价格已核验,1,https://xxgk.jl.gov.cn/zcbm/fgw_136483/gkml/202308/t20230801_8770940.html,30元,https://sjfw.mct.gov.cn/site/dataservice/base,https://www.baidu.com/s?wd=%E5%87%80%E6%9C%88%E6%BD%AD%E6%99%AF%E5%8C%BA%20%E5%AE%98%E6%96%B9%20%E9%97%A8%E7%A5%A8%20%E6%88%90%E4%BA%BA%20%E7%A5%A8%E5%8A%A1,https://www.baidu.com/s?wd=site%3Actrip.com%20%E5%87%80%E6%9C%88%E6%BD%AD%E6%99%AF%E5%8C%BA%20%E6%88%90%E4%BA%BA%20%E9%97%A8%E7%A5%A8,https://www.baidu.com/s?wd=site%3Adianping.com%20%E5%87%80%E6%9C%88%E6%BD%AD%E6%99%AF%E5%8C%BA%20%E9%97%A8%E7%A5%A8,平台票种待逐项核验,成人票种、游览日、基础/联票、交通是否包含、价格生效期、来源日期
055,长影世纪城旅游区,吉林,部分票种已核验,1,https://xxgk.jl.gov.cn/zcbm/fgw_136483/gkml/202308/t20230801_8770940.html,,https://sjfw.mct.gov.cn/site/dataservice/base,https://www.baidu.com/s?wd=%E9%95%BF%E5%BD%B1%E4%B8%96%E7%BA%AA%E5%9F%8E%E6%97%85%E6%B8%B8%E5%8C%BA%20%E5%AE%98%E6%96%B9%20%E9%97%A8%E7%A5%A8%20%E6%88%90%E4%BA%BA%20%E7%A5%A8%E5%8A%A1,https://www.baidu.com/s?wd=site%3Actrip.com%20%E9%95%BF%E5%BD%B1%E4%B8%96%E7%BA%AA%E5%9F%8E%E6%97%85%E6%B8%B8%E5%8C%BA%20%E6%88%90%E4%BA%BA%20%E9%97%A8%E7%A5%A8,https://www.baidu.com/s?wd=site%3Adianping.com%20%E9%95%BF%E5%BD%B1%E4%B8%96%E7%BA%AA%E5%9F%8E%E6%97%85%E6%B8%B8%E5%8C%BA%20%E9%97%A8%E7%A5%A8,平台票种待逐项核验,成人票种、游览日、基础/联票、交通是否包含、价格生效期、来源日期
056,敦化六鼎山文化旅游区,吉林,基础价格已核验,1,https://xxgk.jl.gov.cn/zcbm/fgw_136483/gkml/202308/t20230801_8770940.html,100元,https://sjfw.mct.gov.cn/site/dataservice/base,https://www.baidu.com/s?wd=%E6%95%A6%E5%8C%96%E5%85%AD%E9%BC%8E%E5%B1%B1%E6%96%87%E5%8C%96%E6%97%85%E6%B8%B8%E5%8C%BA%20%E5%AE%98%E6%96%B9%20%E9%97%A8%E7%A5%A8%20%E6%88%90%E4%BA%BA%20%E7%A5%A8%E5%8A%A1,https://www.baidu.com/s?wd=site%3Actrip.com%20%E6%95%A6%E5%8C%96%E5%85%AD%E9%BC%8E%E5%B1%B1%E6%96%87%E5%8C%96%E6%97%85%E6%B8%B8%E5%8C%BA%20%E6%88%90%E4%BA%BA%20%E9%97%A8%E7%A5%A8,https://www.baidu.com/s?wd=site%3Adianping.com%20%E6%95%A6%E5%8C%96%E5%85%AD%E9%BC%8E%E5%B1%B1%E6%96%87%E5%8C%96%E6%97%85%E6%B8%B8%E5%8C%BA%20%E9%97%A8%E7%A5%A8,平台票种待逐项核验,成人票种、游览日、基础/联票、交通是否包含、价格生效期、来源日期
057,长春世界雕塑园,吉林,部分票种已核验,1,https://xxgk.jl.gov.cn/zcbm/fgw_136483/gkml/202308/t20230801_8770940.html,,https://sjfw.mct.gov.cn/site/dataservice/base,https://www.baidu.com/s?wd=%E9%95%BF%E6%98%A5%E4%B8%96%E7%95%8C%E9%9B%95%E5%A1%91%E5%9B%AD%20%E5%AE%98%E6%96%B9%20%E9%97%A8%E7%A5%A8%20%E6%88%90%E4%BA%BA%20%E7%A5%A8%E5%8A%A1,https://www.baidu.com/s?wd=site%3Actrip.com%20%E9%95%BF%E6%98%A5%E4%B8%96%E7%95%8C%E9%9B%95%E5%A1%91%E5%9B%AD%20%E6%88%90%E4%BA%BA%20%E9%97%A8%E7%A5%A8,https://www.baidu.com/s?wd=site%3Adianping.com%20%E9%95%BF%E6%98%A5%E4%B8%96%E7%95%8C%E9%9B%95%E5%A1%91%E5%9B%AD%20%E9%97%A8%E7%A5%A8,平台票种待逐项核验,成人票种、游览日、基础/联票、交通是否包含、价格生效期、来源日期
058,集安高句丽文物古迹景区,吉林,部分票种已核验,1,https://xxgk.jl.gov.cn/zcbm/fgw_136483/gkml/202308/t20230801_8770940.html,,https://sjfw.mct.gov.cn/site/dataservice/base,https://www.baidu.com/s?wd=%E9%9B%86%E5%AE%89%E9%AB%98%E5%8F%A5%E4%B8%BD%E6%96%87%E7%89%A9%E5%8F%A4%E8%BF%B9%E6%99%AF%E5%8C%BA%20%E5%AE%98%E6%96%B9%20%E9%97%A8%E7%A5%A8%20%E6%88%90%E4%BA%BA%20%E7%A5%A8%E5%8A%A1,https://www.baidu.com/s?wd=site%3Actrip.com%20%E9%9B%86%E5%AE%89%E9%AB%98%E5%8F%A5%E4%B8%BD%E6%96%87%E7%89%A9%E5%8F%A4%E8%BF%B9%E6%99%AF%E5%8C%BA%20%E6%88%90%E4%BA%BA%20%E9%97%A8%E7%A5%A8,https://www.baidu.com/s?wd=site%3Adianping.com%20%E9%9B%86%E5%AE%89%E9%AB%98%E5%8F%A5%E4%B8%BD%E6%96%87%E7%89%A9%E5%8F%A4%E8%BF%B9%E6%99%AF%E5%8C%BA%20%E9%97%A8%E7%A5%A8,平台票种待逐项核验,成人票种、游览日、基础/联票、交通是否包含、价格生效期、来源日期
059,前郭查干湖景区,吉林,部分票种已核验,1,https://xxgk.jl.gov.cn/zcbm/fgw_136483/gkml/202308/t20230801_8770940.html,,https://sjfw.mct.gov.cn/site/dataservice/base,https://www.baidu.com/s?wd=%E5%89%8D%E9%83%AD%E6%9F%A5%E5%B9%B2%E6%B9%96%E6%99%AF%E5%8C%BA%20%E5%AE%98%E6%96%B9%20%E9%97%A8%E7%A5%A8%20%E6%88%90%E4%BA%BA%20%E7%A5%A8%E5%8A%A1,https://www.baidu.com/s?wd=site%3Actrip.com%20%E5%89%8D%E9%83%AD%E6%9F%A5%E5%B9%B2%E6%B9%96%E6%99%AF%E5%8C%BA%20%E6%88%90%E4%BA%BA%20%E9%97%A8%E7%A5%A8,https://www.baidu.com/s?wd=site%3Adianping.com%20%E5%89%8D%E9%83%AD%E6%9F%A5%E5%B9%B2%E6%B9%96%E6%99%AF%E5%8C%BA%20%E9%97%A8%E7%A5%A8,平台票种待逐项核验,成人票种、游览日、基础/联票、交通是否包含、价格生效期、来源日期
060,大安嫩江湾旅游区,吉林,待核验,0,,,https://sjfw.mct.gov.cn/site/dataservice/base,https://www.baidu.com/s?wd=%E5%A4%A7%E5%AE%89%E5%AB%A9%E6%B1%9F%E6%B9%BE%E6%97%85%E6%B8%B8%E5%8C%BA%20%E5%AE%98%E6%96%B9%20%E9%97%A8%E7%A5%A8%20%E6%88%90%E4%BA%BA%20%E7%A5%A8%E5%8A%A1,https://www.baidu.com/s?wd=site%3Actrip.com%20%E5%A4%A7%E5%AE%89%E5%AB%A9%E6%B1%9F%E6%B9%BE%E6%97%85%E6%B8%B8%E5%8C%BA%20%E6%88%90%E4%BA%BA%20%E9%97%A8%E7%A5%A8,https://www.baidu.com/s?wd=site%3Adianping.com%20%E5%A4%A7%E5%AE%89%E5%AB%A9%E6%B1%9F%E6%B9%BE%E6%97%85%E6%B8%B8%E5%8C%BA%20%E9%97%A8%E7%A5%A8,平台票种待逐项核验,成人票种、游览日、基础/联票、交通是否包含、价格生效期、来源日期
061,哈尔滨市太阳岛景区,黑龙江,待核验,0,,,https://sjfw.mct.gov.cn/site/dataservice/base,https://www.baidu.com/s?wd=%E5%93%88%E5%B0%94%E6%BB%A8%E5%B8%82%E5%A4%AA%E9%98%B3%E5%B2%9B%E6%99%AF%E5%8C%BA%20%E5%AE%98%E6%96%B9%20%E9%97%A8%E7%A5%A8%20%E6%88%90%E4%BA%BA%20%E7%A5%A8%E5%8A%A1,https://www.baidu.com/s?wd=site%3Actrip.com%20%E5%93%88%E5%B0%94%E6%BB%A8%E5%B8%82%E5%A4%AA%E9%98%B3%E5%B2%9B%E6%99%AF%E5%8C%BA%20%E6%88%90%E4%BA%BA%20%E9%97%A8%E7%A5%A8,https://www.baidu.com/s?wd=site%3Adianping.com%20%E5%93%88%E5%B0%94%E6%BB%A8%E5%B8%82%E5%A4%AA%E9%98%B3%E5%B2%9B%E6%99%AF%E5%8C%BA%20%E9%97%A8%E7%A5%A8,平台票种待逐项核验,成人票种、游览日、基础/联票、交通是否包含、价格生效期、来源日期
062,黑河市五大连池景区,黑龙江,待核验,0,,,https://sjfw.mct.gov.cn/site/dataservice/base,https://www.baidu.com/s?wd=%E9%BB%91%E6%B2%B3%E5%B8%82%E4%BA%94%E5%A4%A7%E8%BF%9E%E6%B1%A0%E6%99%AF%E5%8C%BA%20%E5%AE%98%E6%96%B9%20%E9%97%A8%E7%A5%A8%20%E6%88%90%E4%BA%BA%20%E7%A5%A8%E5%8A%A1,https://www.baidu.com/s?wd=site%3Actrip.com%20%E9%BB%91%E6%B2%B3%E5%B8%82%E4%BA%94%E5%A4%A7%E8%BF%9E%E6%B1%A0%E6%99%AF%E5%8C%BA%20%E6%88%90%E4%BA%BA%20%E9%97%A8%E7%A5%A8,https://www.baidu.com/s?wd=site%3Adianping.com%20%E9%BB%91%E6%B2%B3%E5%B8%82%E4%BA%94%E5%A4%A7%E8%BF%9E%E6%B1%A0%E6%99%AF%E5%8C%BA%20%E9%97%A8%E7%A5%A8,平台票种待逐项核验,成人票种、游览日、基础/联票、交通是否包含、价格生效期、来源日期
063,牡丹江市镜泊湖景区,黑龙江,待核验,0,,,https://sjfw.mct.gov.cn/site/dataservice/base,https://www.baidu.com/s?wd=%E7%89%A1%E4%B8%B9%E6%B1%9F%E5%B8%82%E9%95%9C%E6%B3%8A%E6%B9%96%E6%99%AF%E5%8C%BA%20%E5%AE%98%E6%96%B9%20%E9%97%A8%E7%A5%A8%20%E6%88%90%E4%BA%BA%20%E7%A5%A8%E5%8A%A1,https://www.baidu.com/s?wd=site%3Actrip.com%20%E7%89%A1%E4%B8%B9%E6%B1%9F%E5%B8%82%E9%95%9C%E6%B3%8A%E6%B9%96%E6%99%AF%E5%8C%BA%20%E6%88%90%E4%BA%BA%20%E9%97%A8%E7%A5%A8,https://www.baidu.com/s?wd=site%3Adianping.com%20%E7%89%A1%E4%B8%B9%E6%B1%9F%E5%B8%82%E9%95%9C%E6%B3%8A%E6%B9%96%E6%99%AF%E5%8C%BA%20%E9%97%A8%E7%A5%A8,平台票种待逐项核验,成人票种、游览日、基础/联票、交通是否包含、价格生效期、来源日期
064,伊春市林海奇石景区,黑龙江,待核验,0,,,https://sjfw.mct.gov.cn/site/dataservice/base,https://www.baidu.com/s?wd=%E4%BC%8A%E6%98%A5%E5%B8%82%E6%9E%97%E6%B5%B7%E5%A5%87%E7%9F%B3%E6%99%AF%E5%8C%BA%20%E5%AE%98%E6%96%B9%20%E9%97%A8%E7%A5%A8%20%E6%88%90%E4%BA%BA%20%E7%A5%A8%E5%8A%A1,https://www.baidu.com/s?wd=site%3Actrip.com%20%E4%BC%8A%E6%98%A5%E5%B8%82%E6%9E%97%E6%B5%B7%E5%A5%87%E7%9F%B3%E6%99%AF%E5%8C%BA%20%E6%88%90%E4%BA%BA%20%E9%97%A8%E7%A5%A8,https://www.baidu.com/s?wd=site%3Adianping.com%20%E4%BC%8A%E6%98%A5%E5%B8%82%E6%9E%97%E6%B5%B7%E5%A5%87%E7%9F%B3%E6%99%AF%E5%8C%BA%20%E9%97%A8%E7%A5%A8,平台票种待逐项核验,成人票种、游览日、基础/联票、交通是否包含、价格生效期、来源日期
065,大兴安岭地区北极村旅游景区,黑龙江,待核验,0,,,https://sjfw.mct.gov.cn/site/dataservice/base,https://www.baidu.com/s?wd=%E5%A4%A7%E5%85%B4%E5%AE%89%E5%B2%AD%E5%9C%B0%E5%8C%BA%E5%8C%97%E6%9E%81%E6%9D%91%E6%97%85%E6%B8%B8%E6%99%AF%E5%8C%BA%20%E5%AE%98%E6%96%B9%20%E9%97%A8%E7%A5%A8%20%E6%88%90%E4%BA%BA%20%E7%A5%A8%E5%8A%A1,https://www.baidu.com/s?wd=site%3Actrip.com%20%E5%A4%A7%E5%85%B4%E5%AE%89%E5%B2%AD%E5%9C%B0%E5%8C%BA%E5%8C%97%E6%9E%81%E6%9D%91%E6%97%85%E6%B8%B8%E6%99%AF%E5%8C%BA%20%E6%88%90%E4%BA%BA%20%E9%97%A8%E7%A5%A8,https://www.baidu.com/s?wd=site%3Adianping.com%20%E5%A4%A7%E5%85%B4%E5%AE%89%E5%B2%AD%E5%9C%B0%E5%8C%BA%E5%8C%97%E6%9E%81%E6%9D%91%E6%97%85%E6%B8%B8%E6%99%AF%E5%8C%BA%20%E9%97%A8%E7%A5%A8,平台票种待逐项核验,成人票种、游览日、基础/联票、交通是否包含、价格生效期、来源日期
066,鸡西市虎头旅游景区,黑龙江,待核验,0,,,https://sjfw.mct.gov.cn/site/dataservice/base,https://www.baidu.com/s?wd=%E9%B8%A1%E8%A5%BF%E5%B8%82%E8%99%8E%E5%A4%B4%E6%97%85%E6%B8%B8%E6%99%AF%E5%8C%BA%20%E5%AE%98%E6%96%B9%20%E9%97%A8%E7%A5%A8%20%E6%88%90%E4%BA%BA%20%E7%A5%A8%E5%8A%A1,https://www.baidu.com/s?wd=site%3Actrip.com%20%E9%B8%A1%E8%A5%BF%E5%B8%82%E8%99%8E%E5%A4%B4%E6%97%85%E6%B8%B8%E6%99%AF%E5%8C%BA%20%E6%88%90%E4%BA%BA%20%E9%97%A8%E7%A5%A8,https://www.baidu.com/s?wd=site%3Adianping.com%20%E9%B8%A1%E8%A5%BF%E5%B8%82%E8%99%8E%E5%A4%B4%E6%97%85%E6%B8%B8%E6%99%AF%E5%8C%BA%20%E9%97%A8%E7%A5%A8,平台票种待逐项核验,成人票种、游览日、基础/联票、交通是否包含、价格生效期、来源日期
067,齐齐哈尔市扎龙生态旅游区,黑龙江,待核验,0,,,https://sjfw.mct.gov.cn/site/dataservice/base,https://www.baidu.com/s?wd=%E9%BD%90%E9%BD%90%E5%93%88%E5%B0%94%E5%B8%82%E6%89%8E%E9%BE%99%E7%94%9F%E6%80%81%E6%97%85%E6%B8%B8%E5%8C%BA%20%E5%AE%98%E6%96%B9%20%E9%97%A8%E7%A5%A8%20%E6%88%90%E4%BA%BA%20%E7%A5%A8%E5%8A%A1,https://www.baidu.com/s?wd=site%3Actrip.com%20%E9%BD%90%E9%BD%90%E5%93%88%E5%B0%94%E5%B8%82%E6%89%8E%E9%BE%99%E7%94%9F%E6%80%81%E6%97%85%E6%B8%B8%E5%8C%BA%20%E6%88%90%E4%BA%BA%20%E9%97%A8%E7%A5%A8,https://www.baidu.com/s?wd=site%3Adianping.com%20%E9%BD%90%E9%BD%90%E5%93%88%E5%B0%94%E5%B8%82%E6%89%8E%E9%BE%99%E7%94%9F%E6%80%81%E6%97%85%E6%B8%B8%E5%8C%BA%20%E9%97%A8%E7%A5%A8,平台票种待逐项核验,成人票种、游览日、基础/联票、交通是否包含、价格生效期、来源日期
068,东方明珠广播电视塔,上海,待核验,0,,,https://sjfw.mct.gov.cn/site/dataservice/base,https://www.baidu.com/s?wd=%E4%B8%9C%E6%96%B9%E6%98%8E%E7%8F%A0%E5%B9%BF%E6%92%AD%E7%94%B5%E8%A7%86%E5%A1%94%20%E5%AE%98%E6%96%B9%20%E9%97%A8%E7%A5%A8%20%E6%88%90%E4%BA%BA%20%E7%A5%A8%E5%8A%A1,https://www.baidu.com/s?wd=site%3Actrip.com%20%E4%B8%9C%E6%96%B9%E6%98%8E%E7%8F%A0%E5%B9%BF%E6%92%AD%E7%94%B5%E8%A7%86%E5%A1%94%20%E6%88%90%E4%BA%BA%20%E9%97%A8%E7%A5%A8,https://www.baidu.com/s?wd=site%3Adianping.com%20%E4%B8%9C%E6%96%B9%E6%98%8E%E7%8F%A0%E5%B9%BF%E6%92%AD%E7%94%B5%E8%A7%86%E5%A1%94%20%E9%97%A8%E7%A5%A8,平台票种待逐项核验,成人票种、游览日、基础/联票、交通是否包含、价格生效期、来源日期
069,上海野生动物园,上海,基础价格已核验,1,https://cmp.whlyj.sh.gov.cn/CMP/news_view.ac?id=8fc657d1203e4e618a5f4c8c73ba43ab,190元,https://sjfw.mct.gov.cn/site/dataservice/base,https://www.baidu.com/s?wd=%E4%B8%8A%E6%B5%B7%E9%87%8E%E7%94%9F%E5%8A%A8%E7%89%A9%E5%9B%AD%20%E5%AE%98%E6%96%B9%20%E9%97%A8%E7%A5%A8%20%E6%88%90%E4%BA%BA%20%E7%A5%A8%E5%8A%A1,https://www.baidu.com/s?wd=site%3Actrip.com%20%E4%B8%8A%E6%B5%B7%E9%87%8E%E7%94%9F%E5%8A%A8%E7%89%A9%E5%9B%AD%20%E6%88%90%E4%BA%BA%20%E9%97%A8%E7%A5%A8,https://www.baidu.com/s?wd=site%3Adianping.com%20%E4%B8%8A%E6%B5%B7%E9%87%8E%E7%94%9F%E5%8A%A8%E7%89%A9%E5%9B%AD%20%E9%97%A8%E7%A5%A8,平台票种待逐项核验,成人票种、游览日、基础/联票、交通是否包含、价格生效期、来源日期
070,上海科技馆,上海,待核验,0,,,https://sjfw.mct.gov.cn/site/dataservice/base,https://www.baidu.com/s?wd=%E4%B8%8A%E6%B5%B7%E7%A7%91%E6%8A%80%E9%A6%86%20%E5%AE%98%E6%96%B9%20%E9%97%A8%E7%A5%A8%20%E6%88%90%E4%BA%BA%20%E7%A5%A8%E5%8A%A1,https://www.baidu.com/s?wd=site%3Actrip.com%20%E4%B8%8A%E6%B5%B7%E7%A7%91%E6%8A%80%E9%A6%86%20%E6%88%90%E4%BA%BA%20%E9%97%A8%E7%A5%A8,https://www.baidu.com/s?wd=site%3Adianping.com%20%E4%B8%8A%E6%B5%B7%E7%A7%91%E6%8A%80%E9%A6%86%20%E9%97%A8%E7%A5%A8,平台票种待逐项核验,成人票种、游览日、基础/联票、交通是否包含、价格生效期、来源日期
071,中国共产党一大•二大•四大纪念馆景区,上海,部分票种已核验,1,https://www.yida1921.cn/zhou/introduction.html,,https://sjfw.mct.gov.cn/site/dataservice/base,https://www.baidu.com/s?wd=%E4%B8%AD%E5%9B%BD%E5%85%B1%E4%BA%A7%E5%85%9A%E4%B8%80%E5%A4%A7%E2%80%A2%E4%BA%8C%E5%A4%A7%E2%80%A2%E5%9B%9B%E5%A4%A7%E7%BA%AA%E5%BF%B5%E9%A6%86%E6%99%AF%E5%8C%BA%20%E5%AE%98%E6%96%B9%20%E9%97%A8%E7%A5%A8%20%E6%88%90%E4%BA%BA%20%E7%A5%A8%E5%8A%A1,https://www.baidu.com/s?wd=site%3Actrip.com%20%E4%B8%AD%E5%9B%BD%E5%85%B1%E4%BA%A7%E5%85%9A%E4%B8%80%E5%A4%A7%E2%80%A2%E4%BA%8C%E5%A4%A7%E2%80%A2%E5%9B%9B%E5%A4%A7%E7%BA%AA%E5%BF%B5%E9%A6%86%E6%99%AF%E5%8C%BA%20%E6%88%90%E4%BA%BA%20%E9%97%A8%E7%A5%A8,https://www.baidu.com/s?wd=site%3Adianping.com%20%E4%B8%AD%E5%9B%BD%E5%85%B1%E4%BA%A7%E5%85%9A%E4%B8%80%E5%A4%A7%E2%80%A2%E4%BA%8C%E5%A4%A7%E2%80%A2%E5%9B%9B%E5%A4%A7%E7%BA%AA%E5%BF%B5%E9%A6%86%E6%99%AF%E5%8C%BA%20%E9%97%A8%E7%A5%A8,平台票种待逐项核验,成人票种、游览日、基础/联票、交通是否包含、价格生效期、来源日期
072,西沙明珠湖景区,上海,基础价格已核验,1,https://whlyj.sh.gov.cn/cysc/20240208/f3575d5d87074202b3fac01ccfce23f8.html,免费,https://sjfw.mct.gov.cn/site/dataservice/base,https://www.baidu.com/s?wd=%E8%A5%BF%E6%B2%99%E6%98%8E%E7%8F%A0%E6%B9%96%E6%99%AF%E5%8C%BA%20%E5%AE%98%E6%96%B9%20%E9%97%A8%E7%A5%A8%20%E6%88%90%E4%BA%BA%20%E7%A5%A8%E5%8A%A1,https://www.baidu.com/s?wd=site%3Actrip.com%20%E8%A5%BF%E6%B2%99%E6%98%8E%E7%8F%A0%E6%B9%96%E6%99%AF%E5%8C%BA%20%E6%88%90%E4%BA%BA%20%E9%97%A8%E7%A5%A8,https://www.baidu.com/s?wd=site%3Adianping.com%20%E8%A5%BF%E6%B2%99%E6%98%8E%E7%8F%A0%E6%B9%96%E6%99%AF%E5%8C%BA%20%E9%97%A8%E7%A5%A8,平台票种待逐项核验,成人票种、游览日、基础/联票、交通是否包含、价格生效期、来源日期
073,苏州市苏州园林（拙政园－留园－虎丘）,江苏,部分票种已核验,3,https://credit.suzhou.gov.cn/html/wap_jgsc,,https://sjfw.mct.gov.cn/site/dataservice/base,https://www.baidu.com/s?wd=%E8%8B%8F%E5%B7%9E%E5%B8%82%E8%8B%8F%E5%B7%9E%E5%9B%AD%E6%9E%97%EF%BC%88%E6%8B%99%E6%94%BF%E5%9B%AD%EF%BC%8D%E7%95%99%E5%9B%AD%EF%BC%8D%E8%99%8E%E4%B8%98%EF%BC%89%20%E5%AE%98%E6%96%B9%20%E9%97%A8%E7%A5%A8%20%E6%88%90%E4%BA%BA%20%E7%A5%A8%E5%8A%A1,https://www.baidu.com/s?wd=site%3Actrip.com%20%E8%8B%8F%E5%B7%9E%E5%B8%82%E8%8B%8F%E5%B7%9E%E5%9B%AD%E6%9E%97%EF%BC%88%E6%8B%99%E6%94%BF%E5%9B%AD%EF%BC%8D%E7%95%99%E5%9B%AD%EF%BC%8D%E8%99%8E%E4%B8%98%EF%BC%89%20%E6%88%90%E4%BA%BA%20%E9%97%A8%E7%A5%A8,https://www.baidu.com/s?wd=site%3Adianping.com%20%E8%8B%8F%E5%B7%9E%E5%B8%82%E8%8B%8F%E5%B7%9E%E5%9B%AD%E6%9E%97%EF%BC%88%E6%8B%99%E6%94%BF%E5%9B%AD%EF%BC%8D%E7%95%99%E5%9B%AD%EF%BC%8D%E8%99%8E%E4%B8%98%EF%BC%89%20%E9%97%A8%E7%A5%A8,平台票种待逐项核验,成人票种、游览日、基础/联票、交通是否包含、价格生效期、来源日期
074,苏州市周庄古镇景区,江苏,基础价格已核验,1,https://credit.suzhou.gov.cn/html/wap_jgsc,100元,https://sjfw.mct.gov.cn/site/dataservice/base,https://www.baidu.com/s?wd=%E8%8B%8F%E5%B7%9E%E5%B8%82%E5%91%A8%E5%BA%84%E5%8F%A4%E9%95%87%E6%99%AF%E5%8C%BA%20%E5%AE%98%E6%96%B9%20%E9%97%A8%E7%A5%A8%20%E6%88%90%E4%BA%BA%20%E7%A5%A8%E5%8A%A1,https://www.baidu.com/s?wd=site%3Actrip.com%20%E8%8B%8F%E5%B7%9E%E5%B8%82%E5%91%A8%E5%BA%84%E5%8F%A4%E9%95%87%E6%99%AF%E5%8C%BA%20%E6%88%90%E4%BA%BA%20%E9%97%A8%E7%A5%A8,https://www.baidu.com/s?wd=site%3Adianping.com%20%E8%8B%8F%E5%B7%9E%E5%B8%82%E5%91%A8%E5%BA%84%E5%8F%A4%E9%95%87%E6%99%AF%E5%8C%BA%20%E9%97%A8%E7%A5%A8,平台票种待逐项核验,成人票种、游览日、基础/联票、交通是否包含、价格生效期、来源日期
075,南京市钟山风景名胜区－中山陵园风景区,江苏,部分票种已核验,6,https://zschina.nanjing.gov.cn/lyzx/202509/t20250930_5660552.html | https://www.nanjing.gov.cn/zdgk/201011/t20101111_1055494.html,,https://sjfw.mct.gov.cn/site/dataservice/base,https://www.baidu.com/s?wd=%E5%8D%97%E4%BA%AC%E5%B8%82%E9%92%9F%E5%B1%B1%E9%A3%8E%E6%99%AF%E5%90%8D%E8%83%9C%E5%8C%BA%EF%BC%8D%E4%B8%AD%E5%B1%B1%E9%99%B5%E5%9B%AD%E9%A3%8E%E6%99%AF%E5%8C%BA%20%E5%AE%98%E6%96%B9%20%E9%97%A8%E7%A5%A8%20%E6%88%90%E4%BA%BA%20%E7%A5%A8%E5%8A%A1,https://www.baidu.com/s?wd=site%3Actrip.com%20%E5%8D%97%E4%BA%AC%E5%B8%82%E9%92%9F%E5%B1%B1%E9%A3%8E%E6%99%AF%E5%90%8D%E8%83%9C%E5%8C%BA%EF%BC%8D%E4%B8%AD%E5%B1%B1%E9%99%B5%E5%9B%AD%E9%A3%8E%E6%99%AF%E5%8C%BA%20%E6%88%90%E4%BA%BA%20%E9%97%A8%E7%A5%A8,https://www.baidu.com/s?wd=site%3Adianping.com%20%E5%8D%97%E4%BA%AC%E5%B8%82%E9%92%9F%E5%B1%B1%E9%A3%8E%E6%99%AF%E5%90%8D%E8%83%9C%E5%8C%BA%EF%BC%8D%E4%B8%AD%E5%B1%B1%E9%99%B5%E5%9B%AD%E9%A3%8E%E6%99%AF%E5%8C%BA%20%E9%97%A8%E7%A5%A8,平台票种待逐项核验,成人票种、游览日、基础/联票、交通是否包含、价格生效期、来源日期
076,无锡市中央电视台无锡影视基地三国水浒景区,江苏,待核验,0,,,https://sjfw.mct.gov.cn/site/dataservice/base,https://www.baidu.com/s?wd=%E6%97%A0%E9%94%A1%E5%B8%82%E4%B8%AD%E5%A4%AE%E7%94%B5%E8%A7%86%E5%8F%B0%E6%97%A0%E9%94%A1%E5%BD%B1%E8%A7%86%E5%9F%BA%E5%9C%B0%E4%B8%89%E5%9B%BD%E6%B0%B4%E6%B5%92%E6%99%AF%E5%8C%BA%20%E5%AE%98%E6%96%B9%20%E9%97%A8%E7%A5%A8%20%E6%88%90%E4%BA%BA%20%E7%A5%A8%E5%8A%A1,https://www.baidu.com/s?wd=site%3Actrip.com%20%E6%97%A0%E9%94%A1%E5%B8%82%E4%B8%AD%E5%A4%AE%E7%94%B5%E8%A7%86%E5%8F%B0%E6%97%A0%E9%94%A1%E5%BD%B1%E8%A7%86%E5%9F%BA%E5%9C%B0%E4%B8%89%E5%9B%BD%E6%B0%B4%E6%B5%92%E6%99%AF%E5%8C%BA%20%E6%88%90%E4%BA%BA%20%E9%97%A8%E7%A5%A8,https://www.baidu.com/s?wd=site%3Adianping.com%20%E6%97%A0%E9%94%A1%E5%B8%82%E4%B8%AD%E5%A4%AE%E7%94%B5%E8%A7%86%E5%8F%B0%E6%97%A0%E9%94%A1%E5%BD%B1%E8%A7%86%E5%9F%BA%E5%9C%B0%E4%B8%89%E5%9B%BD%E6%B0%B4%E6%B5%92%E6%99%AF%E5%8C%BA%20%E9%97%A8%E7%A5%A8,平台票种待逐项核验,成人票种、游览日、基础/联票、交通是否包含、价格生效期、来源日期
077,江苏省无锡市灵山景区,江苏,待核验,0,,,https://sjfw.mct.gov.cn/site/dataservice/base,https://www.baidu.com/s?wd=%E6%B1%9F%E8%8B%8F%E7%9C%81%E6%97%A0%E9%94%A1%E5%B8%82%E7%81%B5%E5%B1%B1%E6%99%AF%E5%8C%BA%20%E5%AE%98%E6%96%B9%20%E9%97%A8%E7%A5%A8%20%E6%88%90%E4%BA%BA%20%E7%A5%A8%E5%8A%A1,https://www.baidu.com/s?wd=site%3Actrip.com%20%E6%B1%9F%E8%8B%8F%E7%9C%81%E6%97%A0%E9%94%A1%E5%B8%82%E7%81%B5%E5%B1%B1%E6%99%AF%E5%8C%BA%20%E6%88%90%E4%BA%BA%20%E9%97%A8%E7%A5%A8,https://www.baidu.com/s?wd=site%3Adianping.com%20%E6%B1%9F%E8%8B%8F%E7%9C%81%E6%97%A0%E9%94%A1%E5%B8%82%E7%81%B5%E5%B1%B1%E6%99%AF%E5%8C%BA%20%E9%97%A8%E7%A5%A8,平台票种待逐项核验,成人票种、游览日、基础/联票、交通是否包含、价格生效期、来源日期
078,苏州市同里古镇景区,江苏,基础价格已核验,1,https://credit.suzhou.gov.cn/html/wap_jgsc,100元,https://sjfw.mct.gov.cn/site/dataservice/base,https://www.baidu.com/s?wd=%E8%8B%8F%E5%B7%9E%E5%B8%82%E5%90%8C%E9%87%8C%E5%8F%A4%E9%95%87%E6%99%AF%E5%8C%BA%20%E5%AE%98%E6%96%B9%20%E9%97%A8%E7%A5%A8%20%E6%88%90%E4%BA%BA%20%E7%A5%A8%E5%8A%A1,https://www.baidu.com/s?wd=site%3Actrip.com%20%E8%8B%8F%E5%B7%9E%E5%B8%82%E5%90%8C%E9%87%8C%E5%8F%A4%E9%95%87%E6%99%AF%E5%8C%BA%20%E6%88%90%E4%BA%BA%20%E9%97%A8%E7%A5%A8,https://www.baidu.com/s?wd=site%3Adianping.com%20%E8%8B%8F%E5%B7%9E%E5%B8%82%E5%90%8C%E9%87%8C%E5%8F%A4%E9%95%87%E6%99%AF%E5%8C%BA%20%E9%97%A8%E7%A5%A8,平台票种待逐项核验,成人票种、游览日、基础/联票、交通是否包含、价格生效期、来源日期
079,江苏省南京市夫子庙—秦淮风光带景区,江苏,待核验,0,,,https://sjfw.mct.gov.cn/site/dataservice/base,https://www.baidu.com/s?wd=%E6%B1%9F%E8%8B%8F%E7%9C%81%E5%8D%97%E4%BA%AC%E5%B8%82%E5%A4%AB%E5%AD%90%E5%BA%99%E2%80%94%E7%A7%A6%E6%B7%AE%E9%A3%8E%E5%85%89%E5%B8%A6%E6%99%AF%E5%8C%BA%20%E5%AE%98%E6%96%B9%20%E9%97%A8%E7%A5%A8%20%E6%88%90%E4%BA%BA%20%E7%A5%A8%E5%8A%A1,https://www.baidu.com/s?wd=site%3Actrip.com%20%E6%B1%9F%E8%8B%8F%E7%9C%81%E5%8D%97%E4%BA%AC%E5%B8%82%E5%A4%AB%E5%AD%90%E5%BA%99%E2%80%94%E7%A7%A6%E6%B7%AE%E9%A3%8E%E5%85%89%E5%B8%A6%E6%99%AF%E5%8C%BA%20%E6%88%90%E4%BA%BA%20%E9%97%A8%E7%A5%A8,https://www.baidu.com/s?wd=site%3Adianping.com%20%E6%B1%9F%E8%8B%8F%E7%9C%81%E5%8D%97%E4%BA%AC%E5%B8%82%E5%A4%AB%E5%AD%90%E5%BA%99%E2%80%94%E7%A7%A6%E6%B7%AE%E9%A3%8E%E5%85%89%E5%B8%A6%E6%99%AF%E5%8C%BA%20%E9%97%A8%E7%A5%A8,平台票种待逐项核验,成人票种、游览日、基础/联票、交通是否包含、价格生效期、来源日期
080,常州市环球恐龙城休闲旅游区,江苏,待核验,0,,,https://sjfw.mct.gov.cn/site/dataservice/base,https://www.baidu.com/s?wd=%E5%B8%B8%E5%B7%9E%E5%B8%82%E7%8E%AF%E7%90%83%E6%81%90%E9%BE%99%E5%9F%8E%E4%BC%91%E9%97%B2%E6%97%85%E6%B8%B8%E5%8C%BA%20%E5%AE%98%E6%96%B9%20%E9%97%A8%E7%A5%A8%20%E6%88%90%E4%BA%BA%20%E7%A5%A8%E5%8A%A1,https://www.baidu.com/s?wd=site%3Actrip.com%20%E5%B8%B8%E5%B7%9E%E5%B8%82%E7%8E%AF%E7%90%83%E6%81%90%E9%BE%99%E5%9F%8E%E4%BC%91%E9%97%B2%E6%97%85%E6%B8%B8%E5%8C%BA%20%E6%88%90%E4%BA%BA%20%E9%97%A8%E7%A5%A8,https://www.baidu.com/s?wd=site%3Adianping.com%20%E5%B8%B8%E5%B7%9E%E5%B8%82%E7%8E%AF%E7%90%83%E6%81%90%E9%BE%99%E5%9F%8E%E4%BC%91%E9%97%B2%E6%97%85%E6%B8%B8%E5%8C%BA%20%E9%97%A8%E7%A5%A8,平台票种待逐项核验,成人票种、游览日、基础/联票、交通是否包含、价格生效期、来源日期
081,扬州市瘦西湖风景区,江苏,基础价格已核验,1,https://news.yznews.com.cn/2026-02/04/content_7795446.htm,100元,https://sjfw.mct.gov.cn/site/dataservice/base,https://www.baidu.com/s?wd=%E6%89%AC%E5%B7%9E%E5%B8%82%E7%98%A6%E8%A5%BF%E6%B9%96%E9%A3%8E%E6%99%AF%E5%8C%BA%20%E5%AE%98%E6%96%B9%20%E9%97%A8%E7%A5%A8%20%E6%88%90%E4%BA%BA%20%E7%A5%A8%E5%8A%A1,https://www.baidu.com/s?wd=site%3Actrip.com%20%E6%89%AC%E5%B7%9E%E5%B8%82%E7%98%A6%E8%A5%BF%E6%B9%96%E9%A3%8E%E6%99%AF%E5%8C%BA%20%E6%88%90%E4%BA%BA%20%E9%97%A8%E7%A5%A8,https://www.baidu.com/s?wd=site%3Adianping.com%20%E6%89%AC%E5%B7%9E%E5%B8%82%E7%98%A6%E8%A5%BF%E6%B9%96%E9%A3%8E%E6%99%AF%E5%8C%BA%20%E9%97%A8%E7%A5%A8,平台票种待逐项核验,成人票种、游览日、基础/联票、交通是否包含、价格生效期、来源日期
082,南通市濠河风景区,江苏,基础价格已核验,1,https://piao.qunar.com/ticket/detail_14898.html,免费,https://sjfw.mct.gov.cn/site/dataservice/base,https://www.baidu.com/s?wd=%E5%8D%97%E9%80%9A%E5%B8%82%E6%BF%A0%E6%B2%B3%E9%A3%8E%E6%99%AF%E5%8C%BA%20%E5%AE%98%E6%96%B9%20%E9%97%A8%E7%A5%A8%20%E6%88%90%E4%BA%BA%20%E7%A5%A8%E5%8A%A1,https://www.baidu.com/s?wd=site%3Actrip.com%20%E5%8D%97%E9%80%9A%E5%B8%82%E6%BF%A0%E6%B2%B3%E9%A3%8E%E6%99%AF%E5%8C%BA%20%E6%88%90%E4%BA%BA%20%E9%97%A8%E7%A5%A8,https://www.baidu.com/s?wd=site%3Adianping.com%20%E5%8D%97%E9%80%9A%E5%B8%82%E6%BF%A0%E6%B2%B3%E9%A3%8E%E6%99%AF%E5%8C%BA%20%E9%97%A8%E7%A5%A8,去哪儿公共区域免费说明已核验,成人票种、游览日、基础/联票、交通是否包含、价格生效期、来源日期
083,泰州市溱湖旅游景区,江苏,待核验,0,,,https://sjfw.mct.gov.cn/site/dataservice/base,https://www.baidu.com/s?wd=%E6%B3%B0%E5%B7%9E%E5%B8%82%E6%BA%B1%E6%B9%96%E6%97%85%E6%B8%B8%E6%99%AF%E5%8C%BA%20%E5%AE%98%E6%96%B9%20%E9%97%A8%E7%A5%A8%20%E6%88%90%E4%BA%BA%20%E7%A5%A8%E5%8A%A1,https://www.baidu.com/s?wd=site%3Actrip.com%20%E6%B3%B0%E5%B7%9E%E5%B8%82%E6%BA%B1%E6%B9%96%E6%97%85%E6%B8%B8%E6%99%AF%E5%8C%BA%20%E6%88%90%E4%BA%BA%20%E9%97%A8%E7%A5%A8,https://www.baidu.com/s?wd=site%3Adianping.com%20%E6%B3%B0%E5%B7%9E%E5%B8%82%E6%BA%B1%E6%B9%96%E6%97%85%E6%B8%B8%E6%99%AF%E5%8C%BA%20%E9%97%A8%E7%A5%A8,平台票种待逐项核验,成人票种、游览日、基础/联票、交通是否包含、价格生效期、来源日期
084,苏州市金鸡湖旅游区,江苏,基础价格已核验,1,https://water.suzhou.gov.cn/slj/mtjj/202410/1025aa92048d4fce93ed811caffdfb5d.shtml,免费,https://sjfw.mct.gov.cn/site/dataservice/base,https://www.baidu.com/s?wd=%E8%8B%8F%E5%B7%9E%E5%B8%82%E9%87%91%E9%B8%A1%E6%B9%96%E6%97%85%E6%B8%B8%E5%8C%BA%20%E5%AE%98%E6%96%B9%20%E9%97%A8%E7%A5%A8%20%E6%88%90%E4%BA%BA%20%E7%A5%A8%E5%8A%A1,https://www.baidu.com/s?wd=site%3Actrip.com%20%E8%8B%8F%E5%B7%9E%E5%B8%82%E9%87%91%E9%B8%A1%E6%B9%96%E6%97%85%E6%B8%B8%E5%8C%BA%20%E6%88%90%E4%BA%BA%20%E9%97%A8%E7%A5%A8,https://www.baidu.com/s?wd=site%3Adianping.com%20%E8%8B%8F%E5%B7%9E%E5%B8%82%E9%87%91%E9%B8%A1%E6%B9%96%E6%97%85%E6%B8%B8%E5%8C%BA%20%E9%97%A8%E7%A5%A8,平台票种待逐项核验,成人票种、游览日、基础/联票、交通是否包含、价格生效期、来源日期
085,镇江市金山•焦山•北固山风景区,江苏,待核验,0,,,https://sjfw.mct.gov.cn/site/dataservice/base,https://www.baidu.com/s?wd=%E9%95%87%E6%B1%9F%E5%B8%82%E9%87%91%E5%B1%B1%E2%80%A2%E7%84%A6%E5%B1%B1%E2%80%A2%E5%8C%97%E5%9B%BA%E5%B1%B1%E9%A3%8E%E6%99%AF%E5%8C%BA%20%E5%AE%98%E6%96%B9%20%E9%97%A8%E7%A5%A8%20%E6%88%90%E4%BA%BA%20%E7%A5%A8%E5%8A%A1,https://www.baidu.com/s?wd=site%3Actrip.com%20%E9%95%87%E6%B1%9F%E5%B8%82%E9%87%91%E5%B1%B1%E2%80%A2%E7%84%A6%E5%B1%B1%E2%80%A2%E5%8C%97%E5%9B%BA%E5%B1%B1%E9%A3%8E%E6%99%AF%E5%8C%BA%20%E6%88%90%E4%BA%BA%20%E9%97%A8%E7%A5%A8,https://www.baidu.com/s?wd=site%3Adianping.com%20%E9%95%87%E6%B1%9F%E5%B8%82%E9%87%91%E5%B1%B1%E2%80%A2%E7%84%A6%E5%B1%B1%E2%80%A2%E5%8C%97%E5%9B%BA%E5%B1%B1%E9%A3%8E%E6%99%AF%E5%8C%BA%20%E9%97%A8%E7%A5%A8,平台票种待逐项核验,成人票种、游览日、基础/联票、交通是否包含、价格生效期、来源日期
086,无锡市鼋头渚风景区,江苏,部分票种已核验,1,https://bigdata.wuxi.gov.cn/doc/2018/12/05/4269382.shtml,,https://sjfw.mct.gov.cn/site/dataservice/base,https://www.baidu.com/s?wd=%E6%97%A0%E9%94%A1%E5%B8%82%E9%BC%8B%E5%A4%B4%E6%B8%9A%E9%A3%8E%E6%99%AF%E5%8C%BA%20%E5%AE%98%E6%96%B9%20%E9%97%A8%E7%A5%A8%20%E6%88%90%E4%BA%BA%20%E7%A5%A8%E5%8A%A1,https://www.baidu.com/s?wd=site%3Actrip.com%20%E6%97%A0%E9%94%A1%E5%B8%82%E9%BC%8B%E5%A4%B4%E6%B8%9A%E9%A3%8E%E6%99%AF%E5%8C%BA%20%E6%88%90%E4%BA%BA%20%E9%97%A8%E7%A5%A8,https://www.baidu.com/s?wd=site%3Adianping.com%20%E6%97%A0%E9%94%A1%E5%B8%82%E9%BC%8B%E5%A4%B4%E6%B8%9A%E9%A3%8E%E6%99%AF%E5%8C%BA%20%E9%97%A8%E7%A5%A8,平台票种待逐项核验,成人票种、游览日、基础/联票、交通是否包含、价格生效期、来源日期
087,苏州市吴中太湖旅游区,江苏,部分票种已核验,1,https://credit.suzhou.gov.cn/html/wap_jgsc,,https://sjfw.mct.gov.cn/site/dataservice/base,https://www.baidu.com/s?wd=%E8%8B%8F%E5%B7%9E%E5%B8%82%E5%90%B4%E4%B8%AD%E5%A4%AA%E6%B9%96%E6%97%85%E6%B8%B8%E5%8C%BA%20%E5%AE%98%E6%96%B9%20%E9%97%A8%E7%A5%A8%20%E6%88%90%E4%BA%BA%20%E7%A5%A8%E5%8A%A1,https://www.baidu.com/s?wd=site%3Actrip.com%20%E8%8B%8F%E5%B7%9E%E5%B8%82%E5%90%B4%E4%B8%AD%E5%A4%AA%E6%B9%96%E6%97%85%E6%B8%B8%E5%8C%BA%20%E6%88%90%E4%BA%BA%20%E9%97%A8%E7%A5%A8,https://www.baidu.com/s?wd=site%3Adianping.com%20%E8%8B%8F%E5%B7%9E%E5%B8%82%E5%90%B4%E4%B8%AD%E5%A4%AA%E6%B9%96%E6%97%85%E6%B8%B8%E5%8C%BA%20%E9%97%A8%E7%A5%A8,平台票种待逐项核验,成人票种、游览日、基础/联票、交通是否包含、价格生效期、来源日期
088,苏州市沙家浜－虞山尚湖旅游区,江苏,部分票种已核验,3,https://credit.suzhou.gov.cn/html/wap_jgsc,,https://sjfw.mct.gov.cn/site/dataservice/base,https://www.baidu.com/s?wd=%E8%8B%8F%E5%B7%9E%E5%B8%82%E6%B2%99%E5%AE%B6%E6%B5%9C%EF%BC%8D%E8%99%9E%E5%B1%B1%E5%B0%9A%E6%B9%96%E6%97%85%E6%B8%B8%E5%8C%BA%20%E5%AE%98%E6%96%B9%20%E9%97%A8%E7%A5%A8%20%E6%88%90%E4%BA%BA%20%E7%A5%A8%E5%8A%A1,https://www.baidu.com/s?wd=site%3Actrip.com%20%E8%8B%8F%E5%B7%9E%E5%B8%82%E6%B2%99%E5%AE%B6%E6%B5%9C%EF%BC%8D%E8%99%9E%E5%B1%B1%E5%B0%9A%E6%B9%96%E6%97%85%E6%B8%B8%E5%8C%BA%20%E6%88%90%E4%BA%BA%20%E9%97%A8%E7%A5%A8,https://www.baidu.com/s?wd=site%3Adianping.com%20%E8%8B%8F%E5%B7%9E%E5%B8%82%E6%B2%99%E5%AE%B6%E6%B5%9C%EF%BC%8D%E8%99%9E%E5%B1%B1%E5%B0%9A%E6%B9%96%E6%97%85%E6%B8%B8%E5%8C%BA%20%E9%97%A8%E7%A5%A8,平台票种待逐项核验,成人票种、游览日、基础/联票、交通是否包含、价格生效期、来源日期
089,常州市天目湖景区,江苏,待核验,0,,,https://sjfw.mct.gov.cn/site/dataservice/base,https://www.baidu.com/s?wd=%E5%B8%B8%E5%B7%9E%E5%B8%82%E5%A4%A9%E7%9B%AE%E6%B9%96%E6%99%AF%E5%8C%BA%20%E5%AE%98%E6%96%B9%20%E9%97%A8%E7%A5%A8%20%E6%88%90%E4%BA%BA%20%E7%A5%A8%E5%8A%A1,https://www.baidu.com/s?wd=site%3Actrip.com%20%E5%B8%B8%E5%B7%9E%E5%B8%82%E5%A4%A9%E7%9B%AE%E6%B9%96%E6%99%AF%E5%8C%BA%20%E6%88%90%E4%BA%BA%20%E9%97%A8%E7%A5%A8,https://www.baidu.com/s?wd=site%3Adianping.com%20%E5%B8%B8%E5%B7%9E%E5%B8%82%E5%A4%A9%E7%9B%AE%E6%B9%96%E6%99%AF%E5%8C%BA%20%E9%97%A8%E7%A5%A8,平台票种待逐项核验,成人票种、游览日、基础/联票、交通是否包含、价格生效期、来源日期
090,镇江市句容茅山景区,江苏,待核验,0,,,https://sjfw.mct.gov.cn/site/dataservice/base,https://www.baidu.com/s?wd=%E9%95%87%E6%B1%9F%E5%B8%82%E5%8F%A5%E5%AE%B9%E8%8C%85%E5%B1%B1%E6%99%AF%E5%8C%BA%20%E5%AE%98%E6%96%B9%20%E9%97%A8%E7%A5%A8%20%E6%88%90%E4%BA%BA%20%E7%A5%A8%E5%8A%A1,https://www.baidu.com/s?wd=site%3Actrip.com%20%E9%95%87%E6%B1%9F%E5%B8%82%E5%8F%A5%E5%AE%B9%E8%8C%85%E5%B1%B1%E6%99%AF%E5%8C%BA%20%E6%88%90%E4%BA%BA%20%E9%97%A8%E7%A5%A8,https://www.baidu.com/s?wd=site%3Adianping.com%20%E9%95%87%E6%B1%9F%E5%B8%82%E5%8F%A5%E5%AE%B9%E8%8C%85%E5%B1%B1%E6%99%AF%E5%8C%BA%20%E9%97%A8%E7%A5%A8,平台票种待逐项核验,成人票种、游览日、基础/联票、交通是否包含、价格生效期、来源日期
091,淮安市周恩来故里旅游景区,江苏,待核验,0,,,https://sjfw.mct.gov.cn/site/dataservice/base,https://www.baidu.com/s?wd=%E6%B7%AE%E5%AE%89%E5%B8%82%E5%91%A8%E6%81%A9%E6%9D%A5%E6%95%85%E9%87%8C%E6%97%85%E6%B8%B8%E6%99%AF%E5%8C%BA%20%E5%AE%98%E6%96%B9%20%E9%97%A8%E7%A5%A8%20%E6%88%90%E4%BA%BA%20%E7%A5%A8%E5%8A%A1,https://www.baidu.com/s?wd=site%3Actrip.com%20%E6%B7%AE%E5%AE%89%E5%B8%82%E5%91%A8%E6%81%A9%E6%9D%A5%E6%95%85%E9%87%8C%E6%97%85%E6%B8%B8%E6%99%AF%E5%8C%BA%20%E6%88%90%E4%BA%BA%20%E9%97%A8%E7%A5%A8,https://www.baidu.com/s?wd=site%3Adianping.com%20%E6%B7%AE%E5%AE%89%E5%B8%82%E5%91%A8%E6%81%A9%E6%9D%A5%E6%95%85%E9%87%8C%E6%97%85%E6%B8%B8%E6%99%AF%E5%8C%BA%20%E9%97%A8%E7%A5%A8,平台票种待逐项核验,成人票种、游览日、基础/联票、交通是否包含、价格生效期、来源日期
092,盐城市大丰中华麋鹿园景区,江苏,待核验,0,,,https://sjfw.mct.gov.cn/site/dataservice/base,https://www.baidu.com/s?wd=%E7%9B%90%E5%9F%8E%E5%B8%82%E5%A4%A7%E4%B8%B0%E4%B8%AD%E5%8D%8E%E9%BA%8B%E9%B9%BF%E5%9B%AD%E6%99%AF%E5%8C%BA%20%E5%AE%98%E6%96%B9%20%E9%97%A8%E7%A5%A8%20%E6%88%90%E4%BA%BA%20%E7%A5%A8%E5%8A%A1,https://www.baidu.com/s?wd=site%3Actrip.com%20%E7%9B%90%E5%9F%8E%E5%B8%82%E5%A4%A7%E4%B8%B0%E4%B8%AD%E5%8D%8E%E9%BA%8B%E9%B9%BF%E5%9B%AD%E6%99%AF%E5%8C%BA%20%E6%88%90%E4%BA%BA%20%E9%97%A8%E7%A5%A8,https://www.baidu.com/s?wd=site%3Adianping.com%20%E7%9B%90%E5%9F%8E%E5%B8%82%E5%A4%A7%E4%B8%B0%E4%B8%AD%E5%8D%8E%E9%BA%8B%E9%B9%BF%E5%9B%AD%E6%99%AF%E5%8C%BA%20%E9%97%A8%E7%A5%A8,平台票种待逐项核验,成人票种、游览日、基础/联票、交通是否包含、价格生效期、来源日期
093,徐州市云龙湖景区,江苏,待核验,0,,,https://sjfw.mct.gov.cn/site/dataservice/base,https://www.baidu.com/s?wd=%E5%BE%90%E5%B7%9E%E5%B8%82%E4%BA%91%E9%BE%99%E6%B9%96%E6%99%AF%E5%8C%BA%20%E5%AE%98%E6%96%B9%20%E9%97%A8%E7%A5%A8%20%E6%88%90%E4%BA%BA%20%E7%A5%A8%E5%8A%A1,https://www.baidu.com/s?wd=site%3Actrip.com%20%E5%BE%90%E5%B7%9E%E5%B8%82%E4%BA%91%E9%BE%99%E6%B9%96%E6%99%AF%E5%8C%BA%20%E6%88%90%E4%BA%BA%20%E9%97%A8%E7%A5%A8,https://www.baidu.com/s?wd=site%3Adianping.com%20%E5%BE%90%E5%B7%9E%E5%B8%82%E4%BA%91%E9%BE%99%E6%B9%96%E6%99%AF%E5%8C%BA%20%E9%97%A8%E7%A5%A8,平台票种待逐项核验,成人票种、游览日、基础/联票、交通是否包含、价格生效期、来源日期
094,连云港市花果山景区,江苏,待核验,0,,,https://sjfw.mct.gov.cn/site/dataservice/base,https://www.baidu.com/s?wd=%E8%BF%9E%E4%BA%91%E6%B8%AF%E5%B8%82%E8%8A%B1%E6%9E%9C%E5%B1%B1%E6%99%AF%E5%8C%BA%20%E5%AE%98%E6%96%B9%20%E9%97%A8%E7%A5%A8%20%E6%88%90%E4%BA%BA%20%E7%A5%A8%E5%8A%A1,https://www.baidu.com/s?wd=site%3Actrip.com%20%E8%BF%9E%E4%BA%91%E6%B8%AF%E5%B8%82%E8%8A%B1%E6%9E%9C%E5%B1%B1%E6%99%AF%E5%8C%BA%20%E6%88%90%E4%BA%BA%20%E9%97%A8%E7%A5%A8,https://www.baidu.com/s?wd=site%3Adianping.com%20%E8%BF%9E%E4%BA%91%E6%B8%AF%E5%B8%82%E8%8A%B1%E6%9E%9C%E5%B1%B1%E6%99%AF%E5%8C%BA%20%E9%97%A8%E7%A5%A8,平台票种待逐项核验,成人票种、游览日、基础/联票、交通是否包含、价格生效期、来源日期
095,常州市中国春秋淹城旅游区,江苏,待核验,0,,,https://sjfw.mct.gov.cn/site/dataservice/base,https://www.baidu.com/s?wd=%E5%B8%B8%E5%B7%9E%E5%B8%82%E4%B8%AD%E5%9B%BD%E6%98%A5%E7%A7%8B%E6%B7%B9%E5%9F%8E%E6%97%85%E6%B8%B8%E5%8C%BA%20%E5%AE%98%E6%96%B9%20%E9%97%A8%E7%A5%A8%20%E6%88%90%E4%BA%BA%20%E7%A5%A8%E5%8A%A1,https://www.baidu.com/s?wd=site%3Actrip.com%20%E5%B8%B8%E5%B7%9E%E5%B8%82%E4%B8%AD%E5%9B%BD%E6%98%A5%E7%A7%8B%E6%B7%B9%E5%9F%8E%E6%97%85%E6%B8%B8%E5%8C%BA%20%E6%88%90%E4%BA%BA%20%E9%97%A8%E7%A5%A8,https://www.baidu.com/s?wd=site%3Adianping.com%20%E5%B8%B8%E5%B7%9E%E5%B8%82%E4%B8%AD%E5%9B%BD%E6%98%A5%E7%A7%8B%E6%B7%B9%E5%9F%8E%E6%97%85%E6%B8%B8%E5%8C%BA%20%E9%97%A8%E7%A5%A8,平台票种待逐项核验,成人票种、游览日、基础/联票、交通是否包含、价格生效期、来源日期
096,无锡市惠山古镇景区,江苏,待核验,0,,,https://sjfw.mct.gov.cn/site/dataservice/base,https://www.baidu.com/s?wd=%E6%97%A0%E9%94%A1%E5%B8%82%E6%83%A0%E5%B1%B1%E5%8F%A4%E9%95%87%E6%99%AF%E5%8C%BA%20%E5%AE%98%E6%96%B9%20%E9%97%A8%E7%A5%A8%20%E6%88%90%E4%BA%BA%20%E7%A5%A8%E5%8A%A1,https://www.baidu.com/s?wd=site%3Actrip.com%20%E6%97%A0%E9%94%A1%E5%B8%82%E6%83%A0%E5%B1%B1%E5%8F%A4%E9%95%87%E6%99%AF%E5%8C%BA%20%E6%88%90%E4%BA%BA%20%E9%97%A8%E7%A5%A8,https://www.baidu.com/s?wd=site%3Adianping.com%20%E6%97%A0%E9%94%A1%E5%B8%82%E6%83%A0%E5%B1%B1%E5%8F%A4%E9%95%87%E6%99%AF%E5%8C%BA%20%E9%97%A8%E7%A5%A8,平台票种待逐项核验,成人票种、游览日、基础/联票、交通是否包含、价格生效期、来源日期
097,宿迁市洪泽湖湿地景区,江苏,待核验,0,,,https://sjfw.mct.gov.cn/site/dataservice/base,https://www.baidu.com/s?wd=%E5%AE%BF%E8%BF%81%E5%B8%82%E6%B4%AA%E6%B3%BD%E6%B9%96%E6%B9%BF%E5%9C%B0%E6%99%AF%E5%8C%BA%20%E5%AE%98%E6%96%B9%20%E9%97%A8%E7%A5%A8%20%E6%88%90%E4%BA%BA%20%E7%A5%A8%E5%8A%A1,https://www.baidu.com/s?wd=site%3Actrip.com%20%E5%AE%BF%E8%BF%81%E5%B8%82%E6%B4%AA%E6%B3%BD%E6%B9%96%E6%B9%BF%E5%9C%B0%E6%99%AF%E5%8C%BA%20%E6%88%90%E4%BA%BA%20%E9%97%A8%E7%A5%A8,https://www.baidu.com/s?wd=site%3Adianping.com%20%E5%AE%BF%E8%BF%81%E5%B8%82%E6%B4%AA%E6%B3%BD%E6%B9%96%E6%B9%BF%E5%9C%B0%E6%99%AF%E5%8C%BA%20%E9%97%A8%E7%A5%A8,平台票种待逐项核验,成人票种、游览日、基础/联票、交通是否包含、价格生效期、来源日期
098,连云港市连岛景区,江苏,待核验,0,,,https://sjfw.mct.gov.cn/site/dataservice/base,https://www.baidu.com/s?wd=%E8%BF%9E%E4%BA%91%E6%B8%AF%E5%B8%82%E8%BF%9E%E5%B2%9B%E6%99%AF%E5%8C%BA%20%E5%AE%98%E6%96%B9%20%E9%97%A8%E7%A5%A8%20%E6%88%90%E4%BA%BA%20%E7%A5%A8%E5%8A%A1,https://www.baidu.com/s?wd=site%3Actrip.com%20%E8%BF%9E%E4%BA%91%E6%B8%AF%E5%B8%82%E8%BF%9E%E5%B2%9B%E6%99%AF%E5%8C%BA%20%E6%88%90%E4%BA%BA%20%E9%97%A8%E7%A5%A8,https://www.baidu.com/s?wd=site%3Adianping.com%20%E8%BF%9E%E4%BA%91%E6%B8%AF%E5%B8%82%E8%BF%9E%E5%B2%9B%E6%99%AF%E5%8C%BA%20%E9%97%A8%E7%A5%A8,平台票种待逐项核验,成人票种、游览日、基础/联票、交通是否包含、价格生效期、来源日期
099,杭州市西湖风景名胜区,浙江,基础价格已核验,1,https://www.hangzhou.gov.cn/art/2024/7/18/art_812262_59100193.html,免费,https://sjfw.mct.gov.cn/site/dataservice/base,https://www.baidu.com/s?wd=%E6%9D%AD%E5%B7%9E%E5%B8%82%E8%A5%BF%E6%B9%96%E9%A3%8E%E6%99%AF%E5%90%8D%E8%83%9C%E5%8C%BA%20%E5%AE%98%E6%96%B9%20%E9%97%A8%E7%A5%A8%20%E6%88%90%E4%BA%BA%20%E7%A5%A8%E5%8A%A1,https://www.baidu.com/s?wd=site%3Actrip.com%20%E6%9D%AD%E5%B7%9E%E5%B8%82%E8%A5%BF%E6%B9%96%E9%A3%8E%E6%99%AF%E5%90%8D%E8%83%9C%E5%8C%BA%20%E6%88%90%E4%BA%BA%20%E9%97%A8%E7%A5%A8,https://www.baidu.com/s?wd=site%3Adianping.com%20%E6%9D%AD%E5%B7%9E%E5%B8%82%E8%A5%BF%E6%B9%96%E9%A3%8E%E6%99%AF%E5%90%8D%E8%83%9C%E5%8C%BA%20%E9%97%A8%E7%A5%A8,平台票种待逐项核验,成人票种、游览日、基础/联票、交通是否包含、价格生效期、来源日期
100,温州市雁荡山风景区,浙江,待核验,0,,,https://sjfw.mct.gov.cn/site/dataservice/base,https://www.baidu.com/s?wd=%E6%B8%A9%E5%B7%9E%E5%B8%82%E9%9B%81%E8%8D%A1%E5%B1%B1%E9%A3%8E%E6%99%AF%E5%8C%BA%20%E5%AE%98%E6%96%B9%20%E9%97%A8%E7%A5%A8%20%E6%88%90%E4%BA%BA%20%E7%A5%A8%E5%8A%A1,https://www.baidu.com/s?wd=site%3Actrip.com%20%E6%B8%A9%E5%B7%9E%E5%B8%82%E9%9B%81%E8%8D%A1%E5%B1%B1%E9%A3%8E%E6%99%AF%E5%8C%BA%20%E6%88%90%E4%BA%BA%20%E9%97%A8%E7%A5%A8,https://www.baidu.com/s?wd=site%3Adianping.com%20%E6%B8%A9%E5%B7%9E%E5%B8%82%E9%9B%81%E8%8D%A1%E5%B1%B1%E9%A3%8E%E6%99%AF%E5%8C%BA%20%E9%97%A8%E7%A5%A8,平台票种待逐项核验,成人票种、游览日、基础/联票、交通是否包含、价格生效期、来源日期
101,舟山市普陀山风景区,浙江,待核验,0,,,https://sjfw.mct.gov.cn/site/dataservice/base,https://www.baidu.com/s?wd=%E8%88%9F%E5%B1%B1%E5%B8%82%E6%99%AE%E9%99%80%E5%B1%B1%E9%A3%8E%E6%99%AF%E5%8C%BA%20%E5%AE%98%E6%96%B9%20%E9%97%A8%E7%A5%A8%20%E6%88%90%E4%BA%BA%20%E7%A5%A8%E5%8A%A1,https://www.baidu.com/s?wd=site%3Actrip.com%20%E8%88%9F%E5%B1%B1%E5%B8%82%E6%99%AE%E9%99%80%E5%B1%B1%E9%A3%8E%E6%99%AF%E5%8C%BA%20%E6%88%90%E4%BA%BA%20%E9%97%A8%E7%A5%A8,https://www.baidu.com/s?wd=site%3Adianping.com%20%E8%88%9F%E5%B1%B1%E5%B8%82%E6%99%AE%E9%99%80%E5%B1%B1%E9%A3%8E%E6%99%AF%E5%8C%BA%20%E9%97%A8%E7%A5%A8,平台票种待逐项核验,成人票种、游览日、基础/联票、交通是否包含、价格生效期、来源日期
102,杭州市千岛湖风景区,浙江,基础价格已核验,1,https://app.www.gov.cn/govdata/gov/201809/26/429753/article.html,130元,https://sjfw.mct.gov.cn/site/dataservice/base,https://www.baidu.com/s?wd=%E6%9D%AD%E5%B7%9E%E5%B8%82%E5%8D%83%E5%B2%9B%E6%B9%96%E9%A3%8E%E6%99%AF%E5%8C%BA%20%E5%AE%98%E6%96%B9%20%E9%97%A8%E7%A5%A8%20%E6%88%90%E4%BA%BA%20%E7%A5%A8%E5%8A%A1,https://www.baidu.com/s?wd=site%3Actrip.com%20%E6%9D%AD%E5%B7%9E%E5%B8%82%E5%8D%83%E5%B2%9B%E6%B9%96%E9%A3%8E%E6%99%AF%E5%8C%BA%20%E6%88%90%E4%BA%BA%20%E9%97%A8%E7%A5%A8,https://www.baidu.com/s?wd=site%3Adianping.com%20%E6%9D%AD%E5%B7%9E%E5%B8%82%E5%8D%83%E5%B2%9B%E6%B9%96%E9%A3%8E%E6%99%AF%E5%8C%BA%20%E9%97%A8%E7%A5%A8,平台票种待逐项核验,成人票种、游览日、基础/联票、交通是否包含、价格生效期、来源日期
103,嘉兴市乌镇古镇旅游区,浙江,待核验,0,,,https://sjfw.mct.gov.cn/site/dataservice/base,https://www.baidu.com/s?wd=%E5%98%89%E5%85%B4%E5%B8%82%E4%B9%8C%E9%95%87%E5%8F%A4%E9%95%87%E6%97%85%E6%B8%B8%E5%8C%BA%20%E5%AE%98%E6%96%B9%20%E9%97%A8%E7%A5%A8%20%E6%88%90%E4%BA%BA%20%E7%A5%A8%E5%8A%A1,https://www.baidu.com/s?wd=site%3Actrip.com%20%E5%98%89%E5%85%B4%E5%B8%82%E4%B9%8C%E9%95%87%E5%8F%A4%E9%95%87%E6%97%85%E6%B8%B8%E5%8C%BA%20%E6%88%90%E4%BA%BA%20%E9%97%A8%E7%A5%A8,https://www.baidu.com/s?wd=site%3Adianping.com%20%E5%98%89%E5%85%B4%E5%B8%82%E4%B9%8C%E9%95%87%E5%8F%A4%E9%95%87%E6%97%85%E6%B8%B8%E5%8C%BA%20%E9%97%A8%E7%A5%A8,平台票种待逐项核验,成人票种、游览日、基础/联票、交通是否包含、价格生效期、来源日期
104,宁波市溪口－滕头旅游景区,浙江,待核验,0,,,https://sjfw.mct.gov.cn/site/dataservice/base,https://www.baidu.com/s?wd=%E5%AE%81%E6%B3%A2%E5%B8%82%E6%BA%AA%E5%8F%A3%EF%BC%8D%E6%BB%95%E5%A4%B4%E6%97%85%E6%B8%B8%E6%99%AF%E5%8C%BA%20%E5%AE%98%E6%96%B9%20%E9%97%A8%E7%A5%A8%20%E6%88%90%E4%BA%BA%20%E7%A5%A8%E5%8A%A1,https://www.baidu.com/s?wd=site%3Actrip.com%20%E5%AE%81%E6%B3%A2%E5%B8%82%E6%BA%AA%E5%8F%A3%EF%BC%8D%E6%BB%95%E5%A4%B4%E6%97%85%E6%B8%B8%E6%99%AF%E5%8C%BA%20%E6%88%90%E4%BA%BA%20%E9%97%A8%E7%A5%A8,https://www.baidu.com/s?wd=site%3Adianping.com%20%E5%AE%81%E6%B3%A2%E5%B8%82%E6%BA%AA%E5%8F%A3%EF%BC%8D%E6%BB%95%E5%A4%B4%E6%97%85%E6%B8%B8%E6%99%AF%E5%8C%BA%20%E9%97%A8%E7%A5%A8,平台票种待逐项核验,成人票种、游览日、基础/联票、交通是否包含、价格生效期、来源日期
105,金华市横店影视城景区,浙江,待核验,0,,,https://sjfw.mct.gov.cn/site/dataservice/base,https://www.baidu.com/s?wd=%E9%87%91%E5%8D%8E%E5%B8%82%E6%A8%AA%E5%BA%97%E5%BD%B1%E8%A7%86%E5%9F%8E%E6%99%AF%E5%8C%BA%20%E5%AE%98%E6%96%B9%20%E9%97%A8%E7%A5%A8%20%E6%88%90%E4%BA%BA%20%E7%A5%A8%E5%8A%A1,https://www.baidu.com/s?wd=site%3Actrip.com%20%E9%87%91%E5%8D%8E%E5%B8%82%E6%A8%AA%E5%BA%97%E5%BD%B1%E8%A7%86%E5%9F%8E%E6%99%AF%E5%8C%BA%20%E6%88%90%E4%BA%BA%20%E9%97%A8%E7%A5%A8,https://www.baidu.com/s?wd=site%3Adianping.com%20%E9%87%91%E5%8D%8E%E5%B8%82%E6%A8%AA%E5%BA%97%E5%BD%B1%E8%A7%86%E5%9F%8E%E6%99%AF%E5%8C%BA%20%E9%97%A8%E7%A5%A8,平台票种待逐项核验,成人票种、游览日、基础/联票、交通是否包含、价格生效期、来源日期
106,嘉兴市南湖旅游区,浙江,待核验,0,,,https://sjfw.mct.gov.cn/site/dataservice/base,https://www.baidu.com/s?wd=%E5%98%89%E5%85%B4%E5%B8%82%E5%8D%97%E6%B9%96%E6%97%85%E6%B8%B8%E5%8C%BA%20%E5%AE%98%E6%96%B9%20%E9%97%A8%E7%A5%A8%20%E6%88%90%E4%BA%BA%20%E7%A5%A8%E5%8A%A1,https://www.baidu.com/s?wd=site%3Actrip.com%20%E5%98%89%E5%85%B4%E5%B8%82%E5%8D%97%E6%B9%96%E6%97%85%E6%B8%B8%E5%8C%BA%20%E6%88%90%E4%BA%BA%20%E9%97%A8%E7%A5%A8,https://www.baidu.com/s?wd=site%3Adianping.com%20%E5%98%89%E5%85%B4%E5%B8%82%E5%8D%97%E6%B9%96%E6%97%85%E6%B8%B8%E5%8C%BA%20%E9%97%A8%E7%A5%A8,平台票种待逐项核验,成人票种、游览日、基础/联票、交通是否包含、价格生效期、来源日期
107,杭州市西溪湿地旅游区,浙江,基础价格已核验,1,https://www.hzzx.gov.cn/cshz/content/2025-02/24/content_8867136.htm,80元,https://sjfw.mct.gov.cn/site/dataservice/base,https://www.baidu.com/s?wd=%E6%9D%AD%E5%B7%9E%E5%B8%82%E8%A5%BF%E6%BA%AA%E6%B9%BF%E5%9C%B0%E6%97%85%E6%B8%B8%E5%8C%BA%20%E5%AE%98%E6%96%B9%20%E9%97%A8%E7%A5%A8%20%E6%88%90%E4%BA%BA%20%E7%A5%A8%E5%8A%A1,https://www.baidu.com/s?wd=site%3Actrip.com%20%E6%9D%AD%E5%B7%9E%E5%B8%82%E8%A5%BF%E6%BA%AA%E6%B9%BF%E5%9C%B0%E6%97%85%E6%B8%B8%E5%8C%BA%20%E6%88%90%E4%BA%BA%20%E9%97%A8%E7%A5%A8,https://www.baidu.com/s?wd=site%3Adianping.com%20%E6%9D%AD%E5%B7%9E%E5%B8%82%E8%A5%BF%E6%BA%AA%E6%B9%BF%E5%9C%B0%E6%97%85%E6%B8%B8%E5%8C%BA%20%E9%97%A8%E7%A5%A8,平台票种待逐项核验,成人票种、游览日、基础/联票、交通是否包含、价格生效期、来源日期
108,绍兴市鲁迅故里•沈园景区,浙江,待核验,0,,,https://sjfw.mct.gov.cn/site/dataservice/base,https://www.baidu.com/s?wd=%E7%BB%8D%E5%85%B4%E5%B8%82%E9%B2%81%E8%BF%85%E6%95%85%E9%87%8C%E2%80%A2%E6%B2%88%E5%9B%AD%E6%99%AF%E5%8C%BA%20%E5%AE%98%E6%96%B9%20%E9%97%A8%E7%A5%A8%20%E6%88%90%E4%BA%BA%20%E7%A5%A8%E5%8A%A1,https://www.baidu.com/s?wd=site%3Actrip.com%20%E7%BB%8D%E5%85%B4%E5%B8%82%E9%B2%81%E8%BF%85%E6%95%85%E9%87%8C%E2%80%A2%E6%B2%88%E5%9B%AD%E6%99%AF%E5%8C%BA%20%E6%88%90%E4%BA%BA%20%E9%97%A8%E7%A5%A8,https://www.baidu.com/s?wd=site%3Adianping.com%20%E7%BB%8D%E5%85%B4%E5%B8%82%E9%B2%81%E8%BF%85%E6%95%85%E9%87%8C%E2%80%A2%E6%B2%88%E5%9B%AD%E6%99%AF%E5%8C%BA%20%E9%97%A8%E7%A5%A8,平台票种待逐项核验,成人票种、游览日、基础/联票、交通是否包含、价格生效期、来源日期
109,衢州市根宫佛国文化旅游区,浙江,待核验,0,,,https://sjfw.mct.gov.cn/site/dataservice/base,https://www.baidu.com/s?wd=%E8%A1%A2%E5%B7%9E%E5%B8%82%E6%A0%B9%E5%AE%AB%E4%BD%9B%E5%9B%BD%E6%96%87%E5%8C%96%E6%97%85%E6%B8%B8%E5%8C%BA%20%E5%AE%98%E6%96%B9%20%E9%97%A8%E7%A5%A8%20%E6%88%90%E4%BA%BA%20%E7%A5%A8%E5%8A%A1,https://www.baidu.com/s?wd=site%3Actrip.com%20%E8%A1%A2%E5%B7%9E%E5%B8%82%E6%A0%B9%E5%AE%AB%E4%BD%9B%E5%9B%BD%E6%96%87%E5%8C%96%E6%97%85%E6%B8%B8%E5%8C%BA%20%E6%88%90%E4%BA%BA%20%E9%97%A8%E7%A5%A8,https://www.baidu.com/s?wd=site%3Adianping.com%20%E8%A1%A2%E5%B7%9E%E5%B8%82%E6%A0%B9%E5%AE%AB%E4%BD%9B%E5%9B%BD%E6%96%87%E5%8C%96%E6%97%85%E6%B8%B8%E5%8C%BA%20%E9%97%A8%E7%A5%A8,平台票种待逐项核验,成人票种、游览日、基础/联票、交通是否包含、价格生效期、来源日期
110,湖州市南浔古镇景区,浙江,基础价格已核验,1,https://zjic.zj.gov.cn/ywdh/qyfz/202601/t20260130_23928419.shtml,免费,https://sjfw.mct.gov.cn/site/dataservice/base,https://www.baidu.com/s?wd=%E6%B9%96%E5%B7%9E%E5%B8%82%E5%8D%97%E6%B5%94%E5%8F%A4%E9%95%87%E6%99%AF%E5%8C%BA%20%E5%AE%98%E6%96%B9%20%E9%97%A8%E7%A5%A8%20%E6%88%90%E4%BA%BA%20%E7%A5%A8%E5%8A%A1,https://www.baidu.com/s?wd=site%3Actrip.com%20%E6%B9%96%E5%B7%9E%E5%B8%82%E5%8D%97%E6%B5%94%E5%8F%A4%E9%95%87%E6%99%AF%E5%8C%BA%20%E6%88%90%E4%BA%BA%20%E9%97%A8%E7%A5%A8,https://www.baidu.com/s?wd=site%3Adianping.com%20%E6%B9%96%E5%B7%9E%E5%B8%82%E5%8D%97%E6%B5%94%E5%8F%A4%E9%95%87%E6%99%AF%E5%8C%BA%20%E9%97%A8%E7%A5%A8,平台票种待逐项核验,成人票种、游览日、基础/联票、交通是否包含、价格生效期、来源日期
111,台州市天台山景区,浙江,待核验,0,,,https://sjfw.mct.gov.cn/site/dataservice/base,https://www.baidu.com/s?wd=%E5%8F%B0%E5%B7%9E%E5%B8%82%E5%A4%A9%E5%8F%B0%E5%B1%B1%E6%99%AF%E5%8C%BA%20%E5%AE%98%E6%96%B9%20%E9%97%A8%E7%A5%A8%20%E6%88%90%E4%BA%BA%20%E7%A5%A8%E5%8A%A1,https://www.baidu.com/s?wd=site%3Actrip.com%20%E5%8F%B0%E5%B7%9E%E5%B8%82%E5%A4%A9%E5%8F%B0%E5%B1%B1%E6%99%AF%E5%8C%BA%20%E6%88%90%E4%BA%BA%20%E9%97%A8%E7%A5%A8,https://www.baidu.com/s?wd=site%3Adianping.com%20%E5%8F%B0%E5%B7%9E%E5%B8%82%E5%A4%A9%E5%8F%B0%E5%B1%B1%E6%99%AF%E5%8C%BA%20%E9%97%A8%E7%A5%A8,平台票种待逐项核验,成人票种、游览日、基础/联票、交通是否包含、价格生效期、来源日期
112,台州市神仙居景区,浙江,待核验,0,,,https://sjfw.mct.gov.cn/site/dataservice/base,https://www.baidu.com/s?wd=%E5%8F%B0%E5%B7%9E%E5%B8%82%E7%A5%9E%E4%BB%99%E5%B1%85%E6%99%AF%E5%8C%BA%20%E5%AE%98%E6%96%B9%20%E9%97%A8%E7%A5%A8%20%E6%88%90%E4%BA%BA%20%E7%A5%A8%E5%8A%A1,https://www.baidu.com/s?wd=site%3Actrip.com%20%E5%8F%B0%E5%B7%9E%E5%B8%82%E7%A5%9E%E4%BB%99%E5%B1%85%E6%99%AF%E5%8C%BA%20%E6%88%90%E4%BA%BA%20%E9%97%A8%E7%A5%A8,https://www.baidu.com/s?wd=site%3Adianping.com%20%E5%8F%B0%E5%B7%9E%E5%B8%82%E7%A5%9E%E4%BB%99%E5%B1%85%E6%99%AF%E5%8C%BA%20%E9%97%A8%E7%A5%A8,平台票种待逐项核验,成人票种、游览日、基础/联票、交通是否包含、价格生效期、来源日期
113,嘉兴市西塘古镇旅游景区,浙江,待核验,0,,,https://sjfw.mct.gov.cn/site/dataservice/base,https://www.baidu.com/s?wd=%E5%98%89%E5%85%B4%E5%B8%82%E8%A5%BF%E5%A1%98%E5%8F%A4%E9%95%87%E6%97%85%E6%B8%B8%E6%99%AF%E5%8C%BA%20%E5%AE%98%E6%96%B9%20%E9%97%A8%E7%A5%A8%20%E6%88%90%E4%BA%BA%20%E7%A5%A8%E5%8A%A1,https://www.baidu.com/s?wd=site%3Actrip.com%20%E5%98%89%E5%85%B4%E5%B8%82%E8%A5%BF%E5%A1%98%E5%8F%A4%E9%95%87%E6%97%85%E6%B8%B8%E6%99%AF%E5%8C%BA%20%E6%88%90%E4%BA%BA%20%E9%97%A8%E7%A5%A8,https://www.baidu.com/s?wd=site%3Adianping.com%20%E5%98%89%E5%85%B4%E5%B8%82%E8%A5%BF%E5%A1%98%E5%8F%A4%E9%95%87%E6%97%85%E6%B8%B8%E6%99%AF%E5%8C%BA%20%E9%97%A8%E7%A5%A8,平台票种待逐项核验,成人票种、游览日、基础/联票、交通是否包含、价格生效期、来源日期
114,衢州市江郎山•廿八都旅游区,浙江,待核验,0,,,https://sjfw.mct.gov.cn/site/dataservice/base,https://www.baidu.com/s?wd=%E8%A1%A2%E5%B7%9E%E5%B8%82%E6%B1%9F%E9%83%8E%E5%B1%B1%E2%80%A2%E5%BB%BF%E5%85%AB%E9%83%BD%E6%97%85%E6%B8%B8%E5%8C%BA%20%E5%AE%98%E6%96%B9%20%E9%97%A8%E7%A5%A8%20%E6%88%90%E4%BA%BA%20%E7%A5%A8%E5%8A%A1,https://www.baidu.com/s?wd=site%3Actrip.com%20%E8%A1%A2%E5%B7%9E%E5%B8%82%E6%B1%9F%E9%83%8E%E5%B1%B1%E2%80%A2%E5%BB%BF%E5%85%AB%E9%83%BD%E6%97%85%E6%B8%B8%E5%8C%BA%20%E6%88%90%E4%BA%BA%20%E9%97%A8%E7%A5%A8,https://www.baidu.com/s?wd=site%3Adianping.com%20%E8%A1%A2%E5%B7%9E%E5%B8%82%E6%B1%9F%E9%83%8E%E5%B1%B1%E2%80%A2%E5%BB%BF%E5%85%AB%E9%83%BD%E6%97%85%E6%B8%B8%E5%8C%BA%20%E9%97%A8%E7%A5%A8,平台票种待逐项核验,成人票种、游览日、基础/联票、交通是否包含、价格生效期、来源日期
115,宁波市天一阁•月湖景区,浙江,待核验,0,,,https://sjfw.mct.gov.cn/site/dataservice/base,https://www.baidu.com/s?wd=%E5%AE%81%E6%B3%A2%E5%B8%82%E5%A4%A9%E4%B8%80%E9%98%81%E2%80%A2%E6%9C%88%E6%B9%96%E6%99%AF%E5%8C%BA%20%E5%AE%98%E6%96%B9%20%E9%97%A8%E7%A5%A8%20%E6%88%90%E4%BA%BA%20%E7%A5%A8%E5%8A%A1,https://www.baidu.com/s?wd=site%3Actrip.com%20%E5%AE%81%E6%B3%A2%E5%B8%82%E5%A4%A9%E4%B8%80%E9%98%81%E2%80%A2%E6%9C%88%E6%B9%96%E6%99%AF%E5%8C%BA%20%E6%88%90%E4%BA%BA%20%E9%97%A8%E7%A5%A8,https://www.baidu.com/s?wd=site%3Adianping.com%20%E5%AE%81%E6%B3%A2%E5%B8%82%E5%A4%A9%E4%B8%80%E9%98%81%E2%80%A2%E6%9C%88%E6%B9%96%E6%99%AF%E5%8C%BA%20%E9%97%A8%E7%A5%A8,平台票种待逐项核验,成人票种、游览日、基础/联票、交通是否包含、价格生效期、来源日期
116,缙云仙都景区,浙江,待核验,0,,,https://sjfw.mct.gov.cn/site/dataservice/base,https://www.baidu.com/s?wd=%E7%BC%99%E4%BA%91%E4%BB%99%E9%83%BD%E6%99%AF%E5%8C%BA%20%E5%AE%98%E6%96%B9%20%E9%97%A8%E7%A5%A8%20%E6%88%90%E4%BA%BA%20%E7%A5%A8%E5%8A%A1,https://www.baidu.com/s?wd=site%3Actrip.com%20%E7%BC%99%E4%BA%91%E4%BB%99%E9%83%BD%E6%99%AF%E5%8C%BA%20%E6%88%90%E4%BA%BA%20%E9%97%A8%E7%A5%A8,https://www.baidu.com/s?wd=site%3Adianping.com%20%E7%BC%99%E4%BA%91%E4%BB%99%E9%83%BD%E6%99%AF%E5%8C%BA%20%E9%97%A8%E7%A5%A8,平台票种待逐项核验,成人票种、游览日、基础/联票、交通是否包含、价格生效期、来源日期
117,温州市刘伯温故里景区,浙江,待核验,0,,,https://sjfw.mct.gov.cn/site/dataservice/base,https://www.baidu.com/s?wd=%E6%B8%A9%E5%B7%9E%E5%B8%82%E5%88%98%E4%BC%AF%E6%B8%A9%E6%95%85%E9%87%8C%E6%99%AF%E5%8C%BA%20%E5%AE%98%E6%96%B9%20%E9%97%A8%E7%A5%A8%20%E6%88%90%E4%BA%BA%20%E7%A5%A8%E5%8A%A1,https://www.baidu.com/s?wd=site%3Actrip.com%20%E6%B8%A9%E5%B7%9E%E5%B8%82%E5%88%98%E4%BC%AF%E6%B8%A9%E6%95%85%E9%87%8C%E6%99%AF%E5%8C%BA%20%E6%88%90%E4%BA%BA%20%E9%97%A8%E7%A5%A8,https://www.baidu.com/s?wd=site%3Adianping.com%20%E6%B8%A9%E5%B7%9E%E5%B8%82%E5%88%98%E4%BC%AF%E6%B8%A9%E6%95%85%E9%87%8C%E6%99%AF%E5%8C%BA%20%E9%97%A8%E7%A5%A8,平台票种待逐项核验,成人票种、游览日、基础/联票、交通是否包含、价格生效期、来源日期
118,台州市台州府城文化旅游区,浙江,待核验,0,,,https://sjfw.mct.gov.cn/site/dataservice/base,https://www.baidu.com/s?wd=%E5%8F%B0%E5%B7%9E%E5%B8%82%E5%8F%B0%E5%B7%9E%E5%BA%9C%E5%9F%8E%E6%96%87%E5%8C%96%E6%97%85%E6%B8%B8%E5%8C%BA%20%E5%AE%98%E6%96%B9%20%E9%97%A8%E7%A5%A8%20%E6%88%90%E4%BA%BA%20%E7%A5%A8%E5%8A%A1,https://www.baidu.com/s?wd=site%3Actrip.com%20%E5%8F%B0%E5%B7%9E%E5%B8%82%E5%8F%B0%E5%B7%9E%E5%BA%9C%E5%9F%8E%E6%96%87%E5%8C%96%E6%97%85%E6%B8%B8%E5%8C%BA%20%E6%88%90%E4%BA%BA%20%E9%97%A8%E7%A5%A8,https://www.baidu.com/s?wd=site%3Adianping.com%20%E5%8F%B0%E5%B7%9E%E5%B8%82%E5%8F%B0%E5%B7%9E%E5%BA%9C%E5%9F%8E%E6%96%87%E5%8C%96%E6%97%85%E6%B8%B8%E5%8C%BA%20%E9%97%A8%E7%A5%A8,平台票种待逐项核验,成人票种、游览日、基础/联票、交通是否包含、价格生效期、来源日期
119,丽水市云和梯田景区,浙江,待核验,0,,,https://sjfw.mct.gov.cn/site/dataservice/base,https://www.baidu.com/s?wd=%E4%B8%BD%E6%B0%B4%E5%B8%82%E4%BA%91%E5%92%8C%E6%A2%AF%E7%94%B0%E6%99%AF%E5%8C%BA%20%E5%AE%98%E6%96%B9%20%E9%97%A8%E7%A5%A8%20%E6%88%90%E4%BA%BA%20%E7%A5%A8%E5%8A%A1,https://www.baidu.com/s?wd=site%3Actrip.com%20%E4%B8%BD%E6%B0%B4%E5%B8%82%E4%BA%91%E5%92%8C%E6%A2%AF%E7%94%B0%E6%99%AF%E5%8C%BA%20%E6%88%90%E4%BA%BA%20%E9%97%A8%E7%A5%A8,https://www.baidu.com/s?wd=site%3Adianping.com%20%E4%B8%BD%E6%B0%B4%E5%B8%82%E4%BA%91%E5%92%8C%E6%A2%AF%E7%94%B0%E6%99%AF%E5%8C%BA%20%E9%97%A8%E7%A5%A8,平台票种待逐项核验,成人票种、游览日、基础/联票、交通是否包含、价格生效期、来源日期
120,金华市双龙风景旅游区,浙江,待核验,0,,,https://sjfw.mct.gov.cn/site/dataservice/base,https://www.baidu.com/s?wd=%E9%87%91%E5%8D%8E%E5%B8%82%E5%8F%8C%E9%BE%99%E9%A3%8E%E6%99%AF%E6%97%85%E6%B8%B8%E5%8C%BA%20%E5%AE%98%E6%96%B9%20%E9%97%A8%E7%A5%A8%20%E6%88%90%E4%BA%BA%20%E7%A5%A8%E5%8A%A1,https://www.baidu.com/s?wd=site%3Actrip.com%20%E9%87%91%E5%8D%8E%E5%B8%82%E5%8F%8C%E9%BE%99%E9%A3%8E%E6%99%AF%E6%97%85%E6%B8%B8%E5%8C%BA%20%E6%88%90%E4%BA%BA%20%E9%97%A8%E7%A5%A8,https://www.baidu.com/s?wd=site%3Adianping.com%20%E9%87%91%E5%8D%8E%E5%B8%82%E5%8F%8C%E9%BE%99%E9%A3%8E%E6%99%AF%E6%97%85%E6%B8%B8%E5%8C%BA%20%E9%97%A8%E7%A5%A8,平台票种待逐项核验,成人票种、游览日、基础/联票、交通是否包含、价格生效期、来源日期
121,黄山市黄山风景区,安徽,基础价格已核验,1,https://static.sse.com.cn/disclosure/bond/announcement/company/c/new/2026-05-20/245266_20260520_3RCE.pdf,190元,https://sjfw.mct.gov.cn/site/dataservice/base,https://www.baidu.com/s?wd=%E9%BB%84%E5%B1%B1%E5%B8%82%E9%BB%84%E5%B1%B1%E9%A3%8E%E6%99%AF%E5%8C%BA%20%E5%AE%98%E6%96%B9%20%E9%97%A8%E7%A5%A8%20%E6%88%90%E4%BA%BA%20%E7%A5%A8%E5%8A%A1,https://www.baidu.com/s?wd=site%3Actrip.com%20%E9%BB%84%E5%B1%B1%E5%B8%82%E9%BB%84%E5%B1%B1%E9%A3%8E%E6%99%AF%E5%8C%BA%20%E6%88%90%E4%BA%BA%20%E9%97%A8%E7%A5%A8,https://www.baidu.com/s?wd=site%3Adianping.com%20%E9%BB%84%E5%B1%B1%E5%B8%82%E9%BB%84%E5%B1%B1%E9%A3%8E%E6%99%AF%E5%8C%BA%20%E9%97%A8%E7%A5%A8,平台票种待逐项核验,成人票种、游览日、基础/联票、交通是否包含、价格生效期、来源日期
122,池州市九华山风景区,安徽,基础价格已核验,1,https://www.chizhou.gov.cn/OpennessContent/show/1710208.html,160元,https://sjfw.mct.gov.cn/site/dataservice/base,https://www.baidu.com/s?wd=%E6%B1%A0%E5%B7%9E%E5%B8%82%E4%B9%9D%E5%8D%8E%E5%B1%B1%E9%A3%8E%E6%99%AF%E5%8C%BA%20%E5%AE%98%E6%96%B9%20%E9%97%A8%E7%A5%A8%20%E6%88%90%E4%BA%BA%20%E7%A5%A8%E5%8A%A1,https://www.baidu.com/s?wd=site%3Actrip.com%20%E6%B1%A0%E5%B7%9E%E5%B8%82%E4%B9%9D%E5%8D%8E%E5%B1%B1%E9%A3%8E%E6%99%AF%E5%8C%BA%20%E6%88%90%E4%BA%BA%20%E9%97%A8%E7%A5%A8,https://www.baidu.com/s?wd=site%3Adianping.com%20%E6%B1%A0%E5%B7%9E%E5%B8%82%E4%B9%9D%E5%8D%8E%E5%B1%B1%E9%A3%8E%E6%99%AF%E5%8C%BA%20%E9%97%A8%E7%A5%A8,平台票种待逐项核验,成人票种、游览日、基础/联票、交通是否包含、价格生效期、来源日期
123,安庆市天柱山风景区,安徽,基础价格已核验,1,https://www.mct.gov.cn/whzx/qgwhxxlb/ah/201809/t20180925_835036.htm,130元,https://sjfw.mct.gov.cn/site/dataservice/base,https://www.baidu.com/s?wd=%E5%AE%89%E5%BA%86%E5%B8%82%E5%A4%A9%E6%9F%B1%E5%B1%B1%E9%A3%8E%E6%99%AF%E5%8C%BA%20%E5%AE%98%E6%96%B9%20%E9%97%A8%E7%A5%A8%20%E6%88%90%E4%BA%BA%20%E7%A5%A8%E5%8A%A1,https://www.baidu.com/s?wd=site%3Actrip.com%20%E5%AE%89%E5%BA%86%E5%B8%82%E5%A4%A9%E6%9F%B1%E5%B1%B1%E9%A3%8E%E6%99%AF%E5%8C%BA%20%E6%88%90%E4%BA%BA%20%E9%97%A8%E7%A5%A8,https://www.baidu.com/s?wd=site%3Adianping.com%20%E5%AE%89%E5%BA%86%E5%B8%82%E5%A4%A9%E6%9F%B1%E5%B1%B1%E9%A3%8E%E6%99%AF%E5%8C%BA%20%E9%97%A8%E7%A5%A8,平台票种待逐项核验,成人票种、游览日、基础/联票、交通是否包含、价格生效期、来源日期
124,黄山市皖南古村落－西递宏村,安徽,待核验,0,,,https://sjfw.mct.gov.cn/site/dataservice/base,https://www.baidu.com/s?wd=%E9%BB%84%E5%B1%B1%E5%B8%82%E7%9A%96%E5%8D%97%E5%8F%A4%E6%9D%91%E8%90%BD%EF%BC%8D%E8%A5%BF%E9%80%92%E5%AE%8F%E6%9D%91%20%E5%AE%98%E6%96%B9%20%E9%97%A8%E7%A5%A8%20%E6%88%90%E4%BA%BA%20%E7%A5%A8%E5%8A%A1,https://www.baidu.com/s?wd=site%3Actrip.com%20%E9%BB%84%E5%B1%B1%E5%B8%82%E7%9A%96%E5%8D%97%E5%8F%A4%E6%9D%91%E8%90%BD%EF%BC%8D%E8%A5%BF%E9%80%92%E5%AE%8F%E6%9D%91%20%E6%88%90%E4%BA%BA%20%E9%97%A8%E7%A5%A8,https://www.baidu.com/s?wd=site%3Adianping.com%20%E9%BB%84%E5%B1%B1%E5%B8%82%E7%9A%96%E5%8D%97%E5%8F%A4%E6%9D%91%E8%90%BD%EF%BC%8D%E8%A5%BF%E9%80%92%E5%AE%8F%E6%9D%91%20%E9%97%A8%E7%A5%A8,平台票种待逐项核验,成人票种、游览日、基础/联票、交通是否包含、价格生效期、来源日期
125,六安市天堂寨旅游景区,安徽,基础价格已核验,1,https://www.mct.gov.cn/whzx/qgwhxxlb/ah/201809/t20180925_835036.htm,100元,https://sjfw.mct.gov.cn/site/dataservice/base,https://www.baidu.com/s?wd=%E5%85%AD%E5%AE%89%E5%B8%82%E5%A4%A9%E5%A0%82%E5%AF%A8%E6%97%85%E6%B8%B8%E6%99%AF%E5%8C%BA%20%E5%AE%98%E6%96%B9%20%E9%97%A8%E7%A5%A8%20%E6%88%90%E4%BA%BA%20%E7%A5%A8%E5%8A%A1,https://www.baidu.com/s?wd=site%3Actrip.com%20%E5%85%AD%E5%AE%89%E5%B8%82%E5%A4%A9%E5%A0%82%E5%AF%A8%E6%97%85%E6%B8%B8%E6%99%AF%E5%8C%BA%20%E6%88%90%E4%BA%BA%20%E9%97%A8%E7%A5%A8,https://www.baidu.com/s?wd=site%3Adianping.com%20%E5%85%AD%E5%AE%89%E5%B8%82%E5%A4%A9%E5%A0%82%E5%AF%A8%E6%97%85%E6%B8%B8%E6%99%AF%E5%8C%BA%20%E9%97%A8%E7%A5%A8,平台票种待逐项核验,成人票种、游览日、基础/联票、交通是否包含、价格生效期、来源日期
126,宣城市龙川景区,安徽,待核验,0,,,https://sjfw.mct.gov.cn/site/dataservice/base,https://www.baidu.com/s?wd=%E5%AE%A3%E5%9F%8E%E5%B8%82%E9%BE%99%E5%B7%9D%E6%99%AF%E5%8C%BA%20%E5%AE%98%E6%96%B9%20%E9%97%A8%E7%A5%A8%20%E6%88%90%E4%BA%BA%20%E7%A5%A8%E5%8A%A1,https://www.baidu.com/s?wd=site%3Actrip.com%20%E5%AE%A3%E5%9F%8E%E5%B8%82%E9%BE%99%E5%B7%9D%E6%99%AF%E5%8C%BA%20%E6%88%90%E4%BA%BA%20%E9%97%A8%E7%A5%A8,https://www.baidu.com/s?wd=site%3Adianping.com%20%E5%AE%A3%E5%9F%8E%E5%B8%82%E9%BE%99%E5%B7%9D%E6%99%AF%E5%8C%BA%20%E9%97%A8%E7%A5%A8,平台票种待逐项核验,成人票种、游览日、基础/联票、交通是否包含、价格生效期、来源日期
127,阜阳市八里河风景区,安徽,基础价格已核验,1,https://www.mct.gov.cn/whzx/qgwhxxlb/ah/201809/t20180925_835036.htm,90元,https://sjfw.mct.gov.cn/site/dataservice/base,https://www.baidu.com/s?wd=%E9%98%9C%E9%98%B3%E5%B8%82%E5%85%AB%E9%87%8C%E6%B2%B3%E9%A3%8E%E6%99%AF%E5%8C%BA%20%E5%AE%98%E6%96%B9%20%E9%97%A8%E7%A5%A8%20%E6%88%90%E4%BA%BA%20%E7%A5%A8%E5%8A%A1,https://www.baidu.com/s?wd=site%3Actrip.com%20%E9%98%9C%E9%98%B3%E5%B8%82%E5%85%AB%E9%87%8C%E6%B2%B3%E9%A3%8E%E6%99%AF%E5%8C%BA%20%E6%88%90%E4%BA%BA%20%E9%97%A8%E7%A5%A8,https://www.baidu.com/s?wd=site%3Adianping.com%20%E9%98%9C%E9%98%B3%E5%B8%82%E5%85%AB%E9%87%8C%E6%B2%B3%E9%A3%8E%E6%99%AF%E5%8C%BA%20%E9%97%A8%E7%A5%A8,平台票种待逐项核验,成人票种、游览日、基础/联票、交通是否包含、价格生效期、来源日期
128,黄山市古徽州文化旅游区,安徽,待核验,0,,,https://sjfw.mct.gov.cn/site/dataservice/base,https://www.baidu.com/s?wd=%E9%BB%84%E5%B1%B1%E5%B8%82%E5%8F%A4%E5%BE%BD%E5%B7%9E%E6%96%87%E5%8C%96%E6%97%85%E6%B8%B8%E5%8C%BA%20%E5%AE%98%E6%96%B9%20%E9%97%A8%E7%A5%A8%20%E6%88%90%E4%BA%BA%20%E7%A5%A8%E5%8A%A1,https://www.baidu.com/s?wd=site%3Actrip.com%20%E9%BB%84%E5%B1%B1%E5%B8%82%E5%8F%A4%E5%BE%BD%E5%B7%9E%E6%96%87%E5%8C%96%E6%97%85%E6%B8%B8%E5%8C%BA%20%E6%88%90%E4%BA%BA%20%E9%97%A8%E7%A5%A8,https://www.baidu.com/s?wd=site%3Adianping.com%20%E9%BB%84%E5%B1%B1%E5%B8%82%E5%8F%A4%E5%BE%BD%E5%B7%9E%E6%96%87%E5%8C%96%E6%97%85%E6%B8%B8%E5%8C%BA%20%E9%97%A8%E7%A5%A8,平台票种待逐项核验,成人票种、游览日、基础/联票、交通是否包含、价格生效期、来源日期
129,合肥市三河古镇景区,安徽,待核验,0,,,https://sjfw.mct.gov.cn/site/dataservice/base,https://www.baidu.com/s?wd=%E5%90%88%E8%82%A5%E5%B8%82%E4%B8%89%E6%B2%B3%E5%8F%A4%E9%95%87%E6%99%AF%E5%8C%BA%20%E5%AE%98%E6%96%B9%20%E9%97%A8%E7%A5%A8%20%E6%88%90%E4%BA%BA%20%E7%A5%A8%E5%8A%A1,https://www.baidu.com/s?wd=site%3Actrip.com%20%E5%90%88%E8%82%A5%E5%B8%82%E4%B8%89%E6%B2%B3%E5%8F%A4%E9%95%87%E6%99%AF%E5%8C%BA%20%E6%88%90%E4%BA%BA%20%E9%97%A8%E7%A5%A8,https://www.baidu.com/s?wd=site%3Adianping.com%20%E5%90%88%E8%82%A5%E5%B8%82%E4%B8%89%E6%B2%B3%E5%8F%A4%E9%95%87%E6%99%AF%E5%8C%BA%20%E9%97%A8%E7%A5%A8,平台票种待逐项核验,成人票种、游览日、基础/联票、交通是否包含、价格生效期、来源日期
130,芜湖市方特旅游区,安徽,待核验,0,,,https://sjfw.mct.gov.cn/site/dataservice/base,https://www.baidu.com/s?wd=%E8%8A%9C%E6%B9%96%E5%B8%82%E6%96%B9%E7%89%B9%E6%97%85%E6%B8%B8%E5%8C%BA%20%E5%AE%98%E6%96%B9%20%E9%97%A8%E7%A5%A8%20%E6%88%90%E4%BA%BA%20%E7%A5%A8%E5%8A%A1,https://www.baidu.com/s?wd=site%3Actrip.com%20%E8%8A%9C%E6%B9%96%E5%B8%82%E6%96%B9%E7%89%B9%E6%97%85%E6%B8%B8%E5%8C%BA%20%E6%88%90%E4%BA%BA%20%E9%97%A8%E7%A5%A8,https://www.baidu.com/s?wd=site%3Adianping.com%20%E8%8A%9C%E6%B9%96%E5%B8%82%E6%96%B9%E7%89%B9%E6%97%85%E6%B8%B8%E5%8C%BA%20%E9%97%A8%E7%A5%A8,平台票种待逐项核验,成人票种、游览日、基础/联票、交通是否包含、价格生效期、来源日期
131,六安市万佛湖风景区,安徽,基础价格已核验,1,https://www.shucheng.gov.cn/public/6618011/35492355.html,65元,https://sjfw.mct.gov.cn/site/dataservice/base,https://www.baidu.com/s?wd=%E5%85%AD%E5%AE%89%E5%B8%82%E4%B8%87%E4%BD%9B%E6%B9%96%E9%A3%8E%E6%99%AF%E5%8C%BA%20%E5%AE%98%E6%96%B9%20%E9%97%A8%E7%A5%A8%20%E6%88%90%E4%BA%BA%20%E7%A5%A8%E5%8A%A1,https://www.baidu.com/s?wd=site%3Actrip.com%20%E5%85%AD%E5%AE%89%E5%B8%82%E4%B8%87%E4%BD%9B%E6%B9%96%E9%A3%8E%E6%99%AF%E5%8C%BA%20%E6%88%90%E4%BA%BA%20%E9%97%A8%E7%A5%A8,https://www.baidu.com/s?wd=site%3Adianping.com%20%E5%85%AD%E5%AE%89%E5%B8%82%E4%B8%87%E4%BD%9B%E6%B9%96%E9%A3%8E%E6%99%AF%E5%8C%BA%20%E9%97%A8%E7%A5%A8,平台票种待逐项核验,成人票种、游览日、基础/联票、交通是否包含、价格生效期、来源日期
132,马鞍山市长江采石矶文化生态旅游区,安徽,待核验,0,,,https://sjfw.mct.gov.cn/site/dataservice/base,https://www.baidu.com/s?wd=%E9%A9%AC%E9%9E%8D%E5%B1%B1%E5%B8%82%E9%95%BF%E6%B1%9F%E9%87%87%E7%9F%B3%E7%9F%B6%E6%96%87%E5%8C%96%E7%94%9F%E6%80%81%E6%97%85%E6%B8%B8%E5%8C%BA%20%E5%AE%98%E6%96%B9%20%E9%97%A8%E7%A5%A8%20%E6%88%90%E4%BA%BA%20%E7%A5%A8%E5%8A%A1,https://www.baidu.com/s?wd=site%3Actrip.com%20%E9%A9%AC%E9%9E%8D%E5%B1%B1%E5%B8%82%E9%95%BF%E6%B1%9F%E9%87%87%E7%9F%B3%E7%9F%B6%E6%96%87%E5%8C%96%E7%94%9F%E6%80%81%E6%97%85%E6%B8%B8%E5%8C%BA%20%E6%88%90%E4%BA%BA%20%E9%97%A8%E7%A5%A8,https://www.baidu.com/s?wd=site%3Adianping.com%20%E9%A9%AC%E9%9E%8D%E5%B1%B1%E5%B8%82%E9%95%BF%E6%B1%9F%E9%87%87%E7%9F%B3%E7%9F%B6%E6%96%87%E5%8C%96%E7%94%9F%E6%80%81%E6%97%85%E6%B8%B8%E5%8C%BA%20%E9%97%A8%E7%A5%A8,平台票种待逐项核验,成人票种、游览日、基础/联票、交通是否包含、价格生效期、来源日期
133,滁州市琅琊山景区,安徽,待核验,0,,,https://sjfw.mct.gov.cn/site/dataservice/base,https://www.baidu.com/s?wd=%E6%BB%81%E5%B7%9E%E5%B8%82%E7%90%85%E7%90%8A%E5%B1%B1%E6%99%AF%E5%8C%BA%20%E5%AE%98%E6%96%B9%20%E9%97%A8%E7%A5%A8%20%E6%88%90%E4%BA%BA%20%E7%A5%A8%E5%8A%A1,https://www.baidu.com/s?wd=site%3Actrip.com%20%E6%BB%81%E5%B7%9E%E5%B8%82%E7%90%85%E7%90%8A%E5%B1%B1%E6%99%AF%E5%8C%BA%20%E6%88%90%E4%BA%BA%20%E9%97%A8%E7%A5%A8,https://www.baidu.com/s?wd=site%3Adianping.com%20%E6%BB%81%E5%B7%9E%E5%B8%82%E7%90%85%E7%90%8A%E5%B1%B1%E6%99%AF%E5%8C%BA%20%E9%97%A8%E7%A5%A8,平台票种待逐项核验,成人票种、游览日、基础/联票、交通是否包含、价格生效期、来源日期
134,厦门市鼓浪屿旅游区,福建,待核验,0,,,https://sjfw.mct.gov.cn/site/dataservice/base,https://www.baidu.com/s?wd=%E5%8E%A6%E9%97%A8%E5%B8%82%E9%BC%93%E6%B5%AA%E5%B1%BF%E6%97%85%E6%B8%B8%E5%8C%BA%20%E5%AE%98%E6%96%B9%20%E9%97%A8%E7%A5%A8%20%E6%88%90%E4%BA%BA%20%E7%A5%A8%E5%8A%A1,https://www.baidu.com/s?wd=site%3Actrip.com%20%E5%8E%A6%E9%97%A8%E5%B8%82%E9%BC%93%E6%B5%AA%E5%B1%BF%E6%97%85%E6%B8%B8%E5%8C%BA%20%E6%88%90%E4%BA%BA%20%E9%97%A8%E7%A5%A8,https://www.baidu.com/s?wd=site%3Adianping.com%20%E5%8E%A6%E9%97%A8%E5%B8%82%E9%BC%93%E6%B5%AA%E5%B1%BF%E6%97%85%E6%B8%B8%E5%8C%BA%20%E9%97%A8%E7%A5%A8,平台票种待逐项核验,成人票种、游览日、基础/联票、交通是否包含、价格生效期、来源日期
135,南平市武夷山风景名胜区,福建,待核验,0,,,https://sjfw.mct.gov.cn/site/dataservice/base,https://www.baidu.com/s?wd=%E5%8D%97%E5%B9%B3%E5%B8%82%E6%AD%A6%E5%A4%B7%E5%B1%B1%E9%A3%8E%E6%99%AF%E5%90%8D%E8%83%9C%E5%8C%BA%20%E5%AE%98%E6%96%B9%20%E9%97%A8%E7%A5%A8%20%E6%88%90%E4%BA%BA%20%E7%A5%A8%E5%8A%A1,https://www.baidu.com/s?wd=site%3Actrip.com%20%E5%8D%97%E5%B9%B3%E5%B8%82%E6%AD%A6%E5%A4%B7%E5%B1%B1%E9%A3%8E%E6%99%AF%E5%90%8D%E8%83%9C%E5%8C%BA%20%E6%88%90%E4%BA%BA%20%E9%97%A8%E7%A5%A8,https://www.baidu.com/s?wd=site%3Adianping.com%20%E5%8D%97%E5%B9%B3%E5%B8%82%E6%AD%A6%E5%A4%B7%E5%B1%B1%E9%A3%8E%E6%99%AF%E5%90%8D%E8%83%9C%E5%8C%BA%20%E9%97%A8%E7%A5%A8,平台票种待逐项核验,成人票种、游览日、基础/联票、交通是否包含、价格生效期、来源日期
136,三明市泰宁风景旅游区,福建,待核验,0,,,https://sjfw.mct.gov.cn/site/dataservice/base,https://www.baidu.com/s?wd=%E4%B8%89%E6%98%8E%E5%B8%82%E6%B3%B0%E5%AE%81%E9%A3%8E%E6%99%AF%E6%97%85%E6%B8%B8%E5%8C%BA%20%E5%AE%98%E6%96%B9%20%E9%97%A8%E7%A5%A8%20%E6%88%90%E4%BA%BA%20%E7%A5%A8%E5%8A%A1,https://www.baidu.com/s?wd=site%3Actrip.com%20%E4%B8%89%E6%98%8E%E5%B8%82%E6%B3%B0%E5%AE%81%E9%A3%8E%E6%99%AF%E6%97%85%E6%B8%B8%E5%8C%BA%20%E6%88%90%E4%BA%BA%20%E9%97%A8%E7%A5%A8,https://www.baidu.com/s?wd=site%3Adianping.com%20%E4%B8%89%E6%98%8E%E5%B8%82%E6%B3%B0%E5%AE%81%E9%A3%8E%E6%99%AF%E6%97%85%E6%B8%B8%E5%8C%BA%20%E9%97%A8%E7%A5%A8,平台票种待逐项核验,成人票种、游览日、基础/联票、交通是否包含、价格生效期、来源日期
137,福建土楼（永定•南靖）旅游景区,福建,待核验,0,,,https://sjfw.mct.gov.cn/site/dataservice/base,https://www.baidu.com/s?wd=%E7%A6%8F%E5%BB%BA%E5%9C%9F%E6%A5%BC%EF%BC%88%E6%B0%B8%E5%AE%9A%E2%80%A2%E5%8D%97%E9%9D%96%EF%BC%89%E6%97%85%E6%B8%B8%E6%99%AF%E5%8C%BA%20%E5%AE%98%E6%96%B9%20%E9%97%A8%E7%A5%A8%20%E6%88%90%E4%BA%BA%20%E7%A5%A8%E5%8A%A1,https://www.baidu.com/s?wd=site%3Actrip.com%20%E7%A6%8F%E5%BB%BA%E5%9C%9F%E6%A5%BC%EF%BC%88%E6%B0%B8%E5%AE%9A%E2%80%A2%E5%8D%97%E9%9D%96%EF%BC%89%E6%97%85%E6%B8%B8%E6%99%AF%E5%8C%BA%20%E6%88%90%E4%BA%BA%20%E9%97%A8%E7%A5%A8,https://www.baidu.com/s?wd=site%3Adianping.com%20%E7%A6%8F%E5%BB%BA%E5%9C%9F%E6%A5%BC%EF%BC%88%E6%B0%B8%E5%AE%9A%E2%80%A2%E5%8D%97%E9%9D%96%EF%BC%89%E6%97%85%E6%B8%B8%E6%99%AF%E5%8C%BA%20%E9%97%A8%E7%A5%A8,平台票种待逐项核验,成人票种、游览日、基础/联票、交通是否包含、价格生效期、来源日期
138,宁德市屏南县白水洋·鸳鸯溪旅游区,福建,部分票种已核验,3,https://fgw.fujian.gov.cn/zfxxgkzl/zfxxgkml/yzdgkdqtxx/201903/t20190325_4837441.htm,,https://sjfw.mct.gov.cn/site/dataservice/base,https://www.baidu.com/s?wd=%E5%AE%81%E5%BE%B7%E5%B8%82%E5%B1%8F%E5%8D%97%E5%8E%BF%E7%99%BD%E6%B0%B4%E6%B4%8B%C2%B7%E9%B8%B3%E9%B8%AF%E6%BA%AA%E6%97%85%E6%B8%B8%E5%8C%BA%20%E5%AE%98%E6%96%B9%20%E9%97%A8%E7%A5%A8%20%E6%88%90%E4%BA%BA%20%E7%A5%A8%E5%8A%A1,https://www.baidu.com/s?wd=site%3Actrip.com%20%E5%AE%81%E5%BE%B7%E5%B8%82%E5%B1%8F%E5%8D%97%E5%8E%BF%E7%99%BD%E6%B0%B4%E6%B4%8B%C2%B7%E9%B8%B3%E9%B8%AF%E6%BA%AA%E6%97%85%E6%B8%B8%E5%8C%BA%20%E6%88%90%E4%BA%BA%20%E9%97%A8%E7%A5%A8,https://www.baidu.com/s?wd=site%3Adianping.com%20%E5%AE%81%E5%BE%B7%E5%B8%82%E5%B1%8F%E5%8D%97%E5%8E%BF%E7%99%BD%E6%B0%B4%E6%B4%8B%C2%B7%E9%B8%B3%E9%B8%AF%E6%BA%AA%E6%97%85%E6%B8%B8%E5%8C%BA%20%E9%97%A8%E7%A5%A8,平台票种待逐项核验,成人票种、游览日、基础/联票、交通是否包含、价格生效期、来源日期
139,泉州市清源山景区,福建,基础价格已核验,2,https://fgw.fujian.gov.cn/zfxxgkzl/zfxxgkml/yzdgkdqtxx/201912/t20191227_5170412.htm,70元,https://sjfw.mct.gov.cn/site/dataservice/base,https://www.baidu.com/s?wd=%E6%B3%89%E5%B7%9E%E5%B8%82%E6%B8%85%E6%BA%90%E5%B1%B1%E6%99%AF%E5%8C%BA%20%E5%AE%98%E6%96%B9%20%E9%97%A8%E7%A5%A8%20%E6%88%90%E4%BA%BA%20%E7%A5%A8%E5%8A%A1,https://www.baidu.com/s?wd=site%3Actrip.com%20%E6%B3%89%E5%B7%9E%E5%B8%82%E6%B8%85%E6%BA%90%E5%B1%B1%E6%99%AF%E5%8C%BA%20%E6%88%90%E4%BA%BA%20%E9%97%A8%E7%A5%A8,https://www.baidu.com/s?wd=site%3Adianping.com%20%E6%B3%89%E5%B7%9E%E5%B8%82%E6%B8%85%E6%BA%90%E5%B1%B1%E6%99%AF%E5%8C%BA%20%E9%97%A8%E7%A5%A8,平台票种待逐项核验,成人票种、游览日、基础/联票、交通是否包含、价格生效期、来源日期
140,宁德市太姥山旅游区,福建,待核验,0,,,https://sjfw.mct.gov.cn/site/dataservice/base,https://www.baidu.com/s?wd=%E5%AE%81%E5%BE%B7%E5%B8%82%E5%A4%AA%E5%A7%A5%E5%B1%B1%E6%97%85%E6%B8%B8%E5%8C%BA%20%E5%AE%98%E6%96%B9%20%E9%97%A8%E7%A5%A8%20%E6%88%90%E4%BA%BA%20%E7%A5%A8%E5%8A%A1,https://www.baidu.com/s?wd=site%3Actrip.com%20%E5%AE%81%E5%BE%B7%E5%B8%82%E5%A4%AA%E5%A7%A5%E5%B1%B1%E6%97%85%E6%B8%B8%E5%8C%BA%20%E6%88%90%E4%BA%BA%20%E9%97%A8%E7%A5%A8,https://www.baidu.com/s?wd=site%3Adianping.com%20%E5%AE%81%E5%BE%B7%E5%B8%82%E5%A4%AA%E5%A7%A5%E5%B1%B1%E6%97%85%E6%B8%B8%E5%8C%BA%20%E9%97%A8%E7%A5%A8,平台票种待逐项核验,成人票种、游览日、基础/联票、交通是否包含、价格生效期、来源日期
141,福州市三坊七巷历史文化街区景区,福建,待核验,0,,,https://sjfw.mct.gov.cn/site/dataservice/base,https://www.baidu.com/s?wd=%E7%A6%8F%E5%B7%9E%E5%B8%82%E4%B8%89%E5%9D%8A%E4%B8%83%E5%B7%B7%E5%8E%86%E5%8F%B2%E6%96%87%E5%8C%96%E8%A1%97%E5%8C%BA%E6%99%AF%E5%8C%BA%20%E5%AE%98%E6%96%B9%20%E9%97%A8%E7%A5%A8%20%E6%88%90%E4%BA%BA%20%E7%A5%A8%E5%8A%A1,https://www.baidu.com/s?wd=site%3Actrip.com%20%E7%A6%8F%E5%B7%9E%E5%B8%82%E4%B8%89%E5%9D%8A%E4%B8%83%E5%B7%B7%E5%8E%86%E5%8F%B2%E6%96%87%E5%8C%96%E8%A1%97%E5%8C%BA%E6%99%AF%E5%8C%BA%20%E6%88%90%E4%BA%BA%20%E9%97%A8%E7%A5%A8,https://www.baidu.com/s?wd=site%3Adianping.com%20%E7%A6%8F%E5%B7%9E%E5%B8%82%E4%B8%89%E5%9D%8A%E4%B8%83%E5%B7%B7%E5%8E%86%E5%8F%B2%E6%96%87%E5%8C%96%E8%A1%97%E5%8C%BA%E6%99%AF%E5%8C%BA%20%E9%97%A8%E7%A5%A8,平台票种待逐项核验,成人票种、游览日、基础/联票、交通是否包含、价格生效期、来源日期
142,龙岩市古田旅游区,福建,基础价格已核验,1,https://www.jiaoling.gov.cn/zjjl/lyjl/lydt/content/post_2875270.html,免费,https://sjfw.mct.gov.cn/site/dataservice/base,https://www.baidu.com/s?wd=%E9%BE%99%E5%B2%A9%E5%B8%82%E5%8F%A4%E7%94%B0%E6%97%85%E6%B8%B8%E5%8C%BA%20%E5%AE%98%E6%96%B9%20%E9%97%A8%E7%A5%A8%20%E6%88%90%E4%BA%BA%20%E7%A5%A8%E5%8A%A1,https://www.baidu.com/s?wd=site%3Actrip.com%20%E9%BE%99%E5%B2%A9%E5%B8%82%E5%8F%A4%E7%94%B0%E6%97%85%E6%B8%B8%E5%8C%BA%20%E6%88%90%E4%BA%BA%20%E9%97%A8%E7%A5%A8,https://www.baidu.com/s?wd=site%3Adianping.com%20%E9%BE%99%E5%B2%A9%E5%B8%82%E5%8F%A4%E7%94%B0%E6%97%85%E6%B8%B8%E5%8C%BA%20%E9%97%A8%E7%A5%A8,平台票种待逐项核验,成人票种、游览日、基础/联票、交通是否包含、价格生效期、来源日期
143,莆田市湄洲岛妈祖文化旅游区,福建,待核验,0,,,https://sjfw.mct.gov.cn/site/dataservice/base,https://www.baidu.com/s?wd=%E8%8E%86%E7%94%B0%E5%B8%82%E6%B9%84%E6%B4%B2%E5%B2%9B%E5%A6%88%E7%A5%96%E6%96%87%E5%8C%96%E6%97%85%E6%B8%B8%E5%8C%BA%20%E5%AE%98%E6%96%B9%20%E9%97%A8%E7%A5%A8%20%E6%88%90%E4%BA%BA%20%E7%A5%A8%E5%8A%A1,https://www.baidu.com/s?wd=site%3Actrip.com%20%E8%8E%86%E7%94%B0%E5%B8%82%E6%B9%84%E6%B4%B2%E5%B2%9B%E5%A6%88%E7%A5%96%E6%96%87%E5%8C%96%E6%97%85%E6%B8%B8%E5%8C%BA%20%E6%88%90%E4%BA%BA%20%E9%97%A8%E7%A5%A8,https://www.baidu.com/s?wd=site%3Adianping.com%20%E8%8E%86%E7%94%B0%E5%B8%82%E6%B9%84%E6%B4%B2%E5%B2%9B%E5%A6%88%E7%A5%96%E6%96%87%E5%8C%96%E6%97%85%E6%B8%B8%E5%8C%BA%20%E9%97%A8%E7%A5%A8,平台票种待逐项核验,成人票种、游览日、基础/联票、交通是否包含、价格生效期、来源日期
144,厦门园林植物园景区,福建,待核验,0,,,https://sjfw.mct.gov.cn/site/dataservice/base,https://www.baidu.com/s?wd=%E5%8E%A6%E9%97%A8%E5%9B%AD%E6%9E%97%E6%A4%8D%E7%89%A9%E5%9B%AD%E6%99%AF%E5%8C%BA%20%E5%AE%98%E6%96%B9%20%E9%97%A8%E7%A5%A8%20%E6%88%90%E4%BA%BA%20%E7%A5%A8%E5%8A%A1,https://www.baidu.com/s?wd=site%3Actrip.com%20%E5%8E%A6%E9%97%A8%E5%9B%AD%E6%9E%97%E6%A4%8D%E7%89%A9%E5%9B%AD%E6%99%AF%E5%8C%BA%20%E6%88%90%E4%BA%BA%20%E9%97%A8%E7%A5%A8,https://www.baidu.com/s?wd=site%3Adianping.com%20%E5%8E%A6%E9%97%A8%E5%9B%AD%E6%9E%97%E6%A4%8D%E7%89%A9%E5%9B%AD%E6%99%AF%E5%8C%BA%20%E9%97%A8%E7%A5%A8,平台票种待逐项核验,成人票种、游览日、基础/联票、交通是否包含、价格生效期、来源日期
145,龙岩市冠豸山景区,福建,待核验,0,,,https://sjfw.mct.gov.cn/site/dataservice/base,https://www.baidu.com/s?wd=%E9%BE%99%E5%B2%A9%E5%B8%82%E5%86%A0%E8%B1%B8%E5%B1%B1%E6%99%AF%E5%8C%BA%20%E5%AE%98%E6%96%B9%20%E9%97%A8%E7%A5%A8%20%E6%88%90%E4%BA%BA%20%E7%A5%A8%E5%8A%A1,https://www.baidu.com/s?wd=site%3Actrip.com%20%E9%BE%99%E5%B2%A9%E5%B8%82%E5%86%A0%E8%B1%B8%E5%B1%B1%E6%99%AF%E5%8C%BA%20%E6%88%90%E4%BA%BA%20%E9%97%A8%E7%A5%A8,https://www.baidu.com/s?wd=site%3Adianping.com%20%E9%BE%99%E5%B2%A9%E5%B8%82%E5%86%A0%E8%B1%B8%E5%B1%B1%E6%99%AF%E5%8C%BA%20%E9%97%A8%E7%A5%A8,平台票种待逐项核验,成人票种、游览日、基础/联票、交通是否包含、价格生效期、来源日期
146,九江市庐山市庐山风景名胜区,江西,基础价格已核验,1,https://www.lushan.gov.cn/bmxzxxgk/bumeng/whgdxwcbj/fdzdgknr_195359/lvyou/202512/t20251231_7134054.html,160元,https://sjfw.mct.gov.cn/site/dataservice/base,https://www.baidu.com/s?wd=%E4%B9%9D%E6%B1%9F%E5%B8%82%E5%BA%90%E5%B1%B1%E5%B8%82%E5%BA%90%E5%B1%B1%E9%A3%8E%E6%99%AF%E5%90%8D%E8%83%9C%E5%8C%BA%20%E5%AE%98%E6%96%B9%20%E9%97%A8%E7%A5%A8%20%E6%88%90%E4%BA%BA%20%E7%A5%A8%E5%8A%A1,https://www.baidu.com/s?wd=site%3Actrip.com%20%E4%B9%9D%E6%B1%9F%E5%B8%82%E5%BA%90%E5%B1%B1%E5%B8%82%E5%BA%90%E5%B1%B1%E9%A3%8E%E6%99%AF%E5%90%8D%E8%83%9C%E5%8C%BA%20%E6%88%90%E4%BA%BA%20%E9%97%A8%E7%A5%A8,https://www.baidu.com/s?wd=site%3Adianping.com%20%E4%B9%9D%E6%B1%9F%E5%B8%82%E5%BA%90%E5%B1%B1%E5%B8%82%E5%BA%90%E5%B1%B1%E9%A3%8E%E6%99%AF%E5%90%8D%E8%83%9C%E5%8C%BA%20%E9%97%A8%E7%A5%A8,平台票种待逐项核验,成人票种、游览日、基础/联票、交通是否包含、价格生效期、来源日期
147,吉安市井冈山市井冈山风景旅游区,江西,待核验,0,,,https://sjfw.mct.gov.cn/site/dataservice/base,https://www.baidu.com/s?wd=%E5%90%89%E5%AE%89%E5%B8%82%E4%BA%95%E5%86%88%E5%B1%B1%E5%B8%82%E4%BA%95%E5%86%88%E5%B1%B1%E9%A3%8E%E6%99%AF%E6%97%85%E6%B8%B8%E5%8C%BA%20%E5%AE%98%E6%96%B9%20%E9%97%A8%E7%A5%A8%20%E6%88%90%E4%BA%BA%20%E7%A5%A8%E5%8A%A1,https://www.baidu.com/s?wd=site%3Actrip.com%20%E5%90%89%E5%AE%89%E5%B8%82%E4%BA%95%E5%86%88%E5%B1%B1%E5%B8%82%E4%BA%95%E5%86%88%E5%B1%B1%E9%A3%8E%E6%99%AF%E6%97%85%E6%B8%B8%E5%8C%BA%20%E6%88%90%E4%BA%BA%20%E9%97%A8%E7%A5%A8,https://www.baidu.com/s?wd=site%3Adianping.com%20%E5%90%89%E5%AE%89%E5%B8%82%E4%BA%95%E5%86%88%E5%B1%B1%E5%B8%82%E4%BA%95%E5%86%88%E5%B1%B1%E9%A3%8E%E6%99%AF%E6%97%85%E6%B8%B8%E5%8C%BA%20%E9%97%A8%E7%A5%A8,平台票种待逐项核验,成人票种、游览日、基础/联票、交通是否包含、价格生效期、来源日期
148,上饶市三清山风景区,江西,待核验,0,,,https://sjfw.mct.gov.cn/site/dataservice/base,https://www.baidu.com/s?wd=%E4%B8%8A%E9%A5%B6%E5%B8%82%E4%B8%89%E6%B8%85%E5%B1%B1%E9%A3%8E%E6%99%AF%E5%8C%BA%20%E5%AE%98%E6%96%B9%20%E9%97%A8%E7%A5%A8%20%E6%88%90%E4%BA%BA%20%E7%A5%A8%E5%8A%A1,https://www.baidu.com/s?wd=site%3Actrip.com%20%E4%B8%8A%E9%A5%B6%E5%B8%82%E4%B8%89%E6%B8%85%E5%B1%B1%E9%A3%8E%E6%99%AF%E5%8C%BA%20%E6%88%90%E4%BA%BA%20%E9%97%A8%E7%A5%A8,https://www.baidu.com/s?wd=site%3Adianping.com%20%E4%B8%8A%E9%A5%B6%E5%B8%82%E4%B8%89%E6%B8%85%E5%B1%B1%E9%A3%8E%E6%99%AF%E5%8C%BA%20%E9%97%A8%E7%A5%A8,平台票种待逐项核验,成人票种、游览日、基础/联票、交通是否包含、价格生效期、来源日期
149,鹰潭市龙虎山风景名胜区,江西,待核验,0,,,https://sjfw.mct.gov.cn/site/dataservice/base,https://www.baidu.com/s?wd=%E9%B9%B0%E6%BD%AD%E5%B8%82%E9%BE%99%E8%99%8E%E5%B1%B1%E9%A3%8E%E6%99%AF%E5%90%8D%E8%83%9C%E5%8C%BA%20%E5%AE%98%E6%96%B9%20%E9%97%A8%E7%A5%A8%20%E6%88%90%E4%BA%BA%20%E7%A5%A8%E5%8A%A1,https://www.baidu.com/s?wd=site%3Actrip.com%20%E9%B9%B0%E6%BD%AD%E5%B8%82%E9%BE%99%E8%99%8E%E5%B1%B1%E9%A3%8E%E6%99%AF%E5%90%8D%E8%83%9C%E5%8C%BA%20%E6%88%90%E4%BA%BA%20%E9%97%A8%E7%A5%A8,https://www.baidu.com/s?wd=site%3Adianping.com%20%E9%B9%B0%E6%BD%AD%E5%B8%82%E9%BE%99%E8%99%8E%E5%B1%B1%E9%A3%8E%E6%99%AF%E5%90%8D%E8%83%9C%E5%8C%BA%20%E9%97%A8%E7%A5%A8,平台票种待逐项核验,成人票种、游览日、基础/联票、交通是否包含、价格生效期、来源日期
150,上饶市婺源县江湾景区,江西,待核验,0,,,https://sjfw.mct.gov.cn/site/dataservice/base,https://www.baidu.com/s?wd=%E4%B8%8A%E9%A5%B6%E5%B8%82%E5%A9%BA%E6%BA%90%E5%8E%BF%E6%B1%9F%E6%B9%BE%E6%99%AF%E5%8C%BA%20%E5%AE%98%E6%96%B9%20%E9%97%A8%E7%A5%A8%20%E6%88%90%E4%BA%BA%20%E7%A5%A8%E5%8A%A1,https://www.baidu.com/s?wd=site%3Actrip.com%20%E4%B8%8A%E9%A5%B6%E5%B8%82%E5%A9%BA%E6%BA%90%E5%8E%BF%E6%B1%9F%E6%B9%BE%E6%99%AF%E5%8C%BA%20%E6%88%90%E4%BA%BA%20%E9%97%A8%E7%A5%A8,https://www.baidu.com/s?wd=site%3Adianping.com%20%E4%B8%8A%E9%A5%B6%E5%B8%82%E5%A9%BA%E6%BA%90%E5%8E%BF%E6%B1%9F%E6%B9%BE%E6%99%AF%E5%8C%BA%20%E9%97%A8%E7%A5%A8,平台票种待逐项核验,成人票种、游览日、基础/联票、交通是否包含、价格生效期、来源日期
151,景德镇市昌江区古窑民俗博览区,江西,待核验,0,,,https://sjfw.mct.gov.cn/site/dataservice/base,https://www.baidu.com/s?wd=%E6%99%AF%E5%BE%B7%E9%95%87%E5%B8%82%E6%98%8C%E6%B1%9F%E5%8C%BA%E5%8F%A4%E7%AA%91%E6%B0%91%E4%BF%97%E5%8D%9A%E8%A7%88%E5%8C%BA%20%E5%AE%98%E6%96%B9%20%E9%97%A8%E7%A5%A8%20%E6%88%90%E4%BA%BA%20%E7%A5%A8%E5%8A%A1,https://www.baidu.com/s?wd=site%3Actrip.com%20%E6%99%AF%E5%BE%B7%E9%95%87%E5%B8%82%E6%98%8C%E6%B1%9F%E5%8C%BA%E5%8F%A4%E7%AA%91%E6%B0%91%E4%BF%97%E5%8D%9A%E8%A7%88%E5%8C%BA%20%E6%88%90%E4%BA%BA%20%E9%97%A8%E7%A5%A8,https://www.baidu.com/s?wd=site%3Adianping.com%20%E6%99%AF%E5%BE%B7%E9%95%87%E5%B8%82%E6%98%8C%E6%B1%9F%E5%8C%BA%E5%8F%A4%E7%AA%91%E6%B0%91%E4%BF%97%E5%8D%9A%E8%A7%88%E5%8C%BA%20%E9%97%A8%E7%A5%A8,平台票种待逐项核验,成人票种、游览日、基础/联票、交通是否包含、价格生效期、来源日期
152,赣州市瑞金市共和国摇篮旅游区,江西,待核验,0,,,https://sjfw.mct.gov.cn/site/dataservice/base,https://www.baidu.com/s?wd=%E8%B5%A3%E5%B7%9E%E5%B8%82%E7%91%9E%E9%87%91%E5%B8%82%E5%85%B1%E5%92%8C%E5%9B%BD%E6%91%87%E7%AF%AE%E6%97%85%E6%B8%B8%E5%8C%BA%20%E5%AE%98%E6%96%B9%20%E9%97%A8%E7%A5%A8%20%E6%88%90%E4%BA%BA%20%E7%A5%A8%E5%8A%A1,https://www.baidu.com/s?wd=site%3Actrip.com%20%E8%B5%A3%E5%B7%9E%E5%B8%82%E7%91%9E%E9%87%91%E5%B8%82%E5%85%B1%E5%92%8C%E5%9B%BD%E6%91%87%E7%AF%AE%E6%97%85%E6%B8%B8%E5%8C%BA%20%E6%88%90%E4%BA%BA%20%E9%97%A8%E7%A5%A8,https://www.baidu.com/s?wd=site%3Adianping.com%20%E8%B5%A3%E5%B7%9E%E5%B8%82%E7%91%9E%E9%87%91%E5%B8%82%E5%85%B1%E5%92%8C%E5%9B%BD%E6%91%87%E7%AF%AE%E6%97%85%E6%B8%B8%E5%8C%BA%20%E9%97%A8%E7%A5%A8,平台票种待逐项核验,成人票种、游览日、基础/联票、交通是否包含、价格生效期、来源日期
153,宜春市明月山旅游区,江西,待核验,0,,,https://sjfw.mct.gov.cn/site/dataservice/base,https://www.baidu.com/s?wd=%E5%AE%9C%E6%98%A5%E5%B8%82%E6%98%8E%E6%9C%88%E5%B1%B1%E6%97%85%E6%B8%B8%E5%8C%BA%20%E5%AE%98%E6%96%B9%20%E9%97%A8%E7%A5%A8%20%E6%88%90%E4%BA%BA%20%E7%A5%A8%E5%8A%A1,https://www.baidu.com/s?wd=site%3Actrip.com%20%E5%AE%9C%E6%98%A5%E5%B8%82%E6%98%8E%E6%9C%88%E5%B1%B1%E6%97%85%E6%B8%B8%E5%8C%BA%20%E6%88%90%E4%BA%BA%20%E9%97%A8%E7%A5%A8,https://www.baidu.com/s?wd=site%3Adianping.com%20%E5%AE%9C%E6%98%A5%E5%B8%82%E6%98%8E%E6%9C%88%E5%B1%B1%E6%97%85%E6%B8%B8%E5%8C%BA%20%E9%97%A8%E7%A5%A8,平台票种待逐项核验,成人票种、游览日、基础/联票、交通是否包含、价格生效期、来源日期
154,抚州市资溪县大觉山景区,江西,待核验,0,,,https://sjfw.mct.gov.cn/site/dataservice/base,https://www.baidu.com/s?wd=%E6%8A%9A%E5%B7%9E%E5%B8%82%E8%B5%84%E6%BA%AA%E5%8E%BF%E5%A4%A7%E8%A7%89%E5%B1%B1%E6%99%AF%E5%8C%BA%20%E5%AE%98%E6%96%B9%20%E9%97%A8%E7%A5%A8%20%E6%88%90%E4%BA%BA%20%E7%A5%A8%E5%8A%A1,https://www.baidu.com/s?wd=site%3Actrip.com%20%E6%8A%9A%E5%B7%9E%E5%B8%82%E8%B5%84%E6%BA%AA%E5%8E%BF%E5%A4%A7%E8%A7%89%E5%B1%B1%E6%99%AF%E5%8C%BA%20%E6%88%90%E4%BA%BA%20%E9%97%A8%E7%A5%A8,https://www.baidu.com/s?wd=site%3Adianping.com%20%E6%8A%9A%E5%B7%9E%E5%B8%82%E8%B5%84%E6%BA%AA%E5%8E%BF%E5%A4%A7%E8%A7%89%E5%B1%B1%E6%99%AF%E5%8C%BA%20%E9%97%A8%E7%A5%A8,平台票种待逐项核验,成人票种、游览日、基础/联票、交通是否包含、价格生效期、来源日期
155,上饶市弋阳县龟峰景区,江西,待核验,0,,,https://sjfw.mct.gov.cn/site/dataservice/base,https://www.baidu.com/s?wd=%E4%B8%8A%E9%A5%B6%E5%B8%82%E5%BC%8B%E9%98%B3%E5%8E%BF%E9%BE%9F%E5%B3%B0%E6%99%AF%E5%8C%BA%20%E5%AE%98%E6%96%B9%20%E9%97%A8%E7%A5%A8%20%E6%88%90%E4%BA%BA%20%E7%A5%A8%E5%8A%A1,https://www.baidu.com/s?wd=site%3Actrip.com%20%E4%B8%8A%E9%A5%B6%E5%B8%82%E5%BC%8B%E9%98%B3%E5%8E%BF%E9%BE%9F%E5%B3%B0%E6%99%AF%E5%8C%BA%20%E6%88%90%E4%BA%BA%20%E9%97%A8%E7%A5%A8,https://www.baidu.com/s?wd=site%3Adianping.com%20%E4%B8%8A%E9%A5%B6%E5%B8%82%E5%BC%8B%E9%98%B3%E5%8E%BF%E9%BE%9F%E5%B3%B0%E6%99%AF%E5%8C%BA%20%E9%97%A8%E7%A5%A8,平台票种待逐项核验,成人票种、游览日、基础/联票、交通是否包含、价格生效期、来源日期
156,南昌市东湖区滕王阁旅游区,江西,待核验,0,,,https://sjfw.mct.gov.cn/site/dataservice/base,https://www.baidu.com/s?wd=%E5%8D%97%E6%98%8C%E5%B8%82%E4%B8%9C%E6%B9%96%E5%8C%BA%E6%BB%95%E7%8E%8B%E9%98%81%E6%97%85%E6%B8%B8%E5%8C%BA%20%E5%AE%98%E6%96%B9%20%E9%97%A8%E7%A5%A8%20%E6%88%90%E4%BA%BA%20%E7%A5%A8%E5%8A%A1,https://www.baidu.com/s?wd=site%3Actrip.com%20%E5%8D%97%E6%98%8C%E5%B8%82%E4%B8%9C%E6%B9%96%E5%8C%BA%E6%BB%95%E7%8E%8B%E9%98%81%E6%97%85%E6%B8%B8%E5%8C%BA%20%E6%88%90%E4%BA%BA%20%E9%97%A8%E7%A5%A8,https://www.baidu.com/s?wd=site%3Adianping.com%20%E5%8D%97%E6%98%8C%E5%B8%82%E4%B8%9C%E6%B9%96%E5%8C%BA%E6%BB%95%E7%8E%8B%E9%98%81%E6%97%85%E6%B8%B8%E5%8C%BA%20%E9%97%A8%E7%A5%A8,平台票种待逐项核验,成人票种、游览日、基础/联票、交通是否包含、价格生效期、来源日期
157,萍乡市萍乡武功山景区,江西,基础价格已核验,1,https://wap.wugongshan.cn/page/strategyList%21info.htm?id=1028,70元,https://sjfw.mct.gov.cn/site/dataservice/base,https://www.baidu.com/s?wd=%E8%90%8D%E4%B9%A1%E5%B8%82%E8%90%8D%E4%B9%A1%E6%AD%A6%E5%8A%9F%E5%B1%B1%E6%99%AF%E5%8C%BA%20%E5%AE%98%E6%96%B9%20%E9%97%A8%E7%A5%A8%20%E6%88%90%E4%BA%BA%20%E7%A5%A8%E5%8A%A1,https://www.baidu.com/s?wd=site%3Actrip.com%20%E8%90%8D%E4%B9%A1%E5%B8%82%E8%90%8D%E4%B9%A1%E6%AD%A6%E5%8A%9F%E5%B1%B1%E6%99%AF%E5%8C%BA%20%E6%88%90%E4%BA%BA%20%E9%97%A8%E7%A5%A8,https://www.baidu.com/s?wd=site%3Adianping.com%20%E8%90%8D%E4%B9%A1%E5%B8%82%E8%90%8D%E4%B9%A1%E6%AD%A6%E5%8A%9F%E5%B1%B1%E6%99%AF%E5%8C%BA%20%E9%97%A8%E7%A5%A8,平台票种待逐项核验,成人票种、游览日、基础/联票、交通是否包含、价格生效期、来源日期
158,九江市庐山西海景区,江西,待核验,0,,,https://sjfw.mct.gov.cn/site/dataservice/base,https://www.baidu.com/s?wd=%E4%B9%9D%E6%B1%9F%E5%B8%82%E5%BA%90%E5%B1%B1%E8%A5%BF%E6%B5%B7%E6%99%AF%E5%8C%BA%20%E5%AE%98%E6%96%B9%20%E9%97%A8%E7%A5%A8%20%E6%88%90%E4%BA%BA%20%E7%A5%A8%E5%8A%A1,https://www.baidu.com/s?wd=site%3Actrip.com%20%E4%B9%9D%E6%B1%9F%E5%B8%82%E5%BA%90%E5%B1%B1%E8%A5%BF%E6%B5%B7%E6%99%AF%E5%8C%BA%20%E6%88%90%E4%BA%BA%20%E9%97%A8%E7%A5%A8,https://www.baidu.com/s?wd=site%3Adianping.com%20%E4%B9%9D%E6%B1%9F%E5%B8%82%E5%BA%90%E5%B1%B1%E8%A5%BF%E6%B5%B7%E6%99%AF%E5%8C%BA%20%E9%97%A8%E7%A5%A8,平台票种待逐项核验,成人票种、游览日、基础/联票、交通是否包含、价格生效期、来源日期
159,赣州市安远县三百山景区,江西,待核验,0,,,https://sjfw.mct.gov.cn/site/dataservice/base,https://www.baidu.com/s?wd=%E8%B5%A3%E5%B7%9E%E5%B8%82%E5%AE%89%E8%BF%9C%E5%8E%BF%E4%B8%89%E7%99%BE%E5%B1%B1%E6%99%AF%E5%8C%BA%20%E5%AE%98%E6%96%B9%20%E9%97%A8%E7%A5%A8%20%E6%88%90%E4%BA%BA%20%E7%A5%A8%E5%8A%A1,https://www.baidu.com/s?wd=site%3Actrip.com%20%E8%B5%A3%E5%B7%9E%E5%B8%82%E5%AE%89%E8%BF%9C%E5%8E%BF%E4%B8%89%E7%99%BE%E5%B1%B1%E6%99%AF%E5%8C%BA%20%E6%88%90%E4%BA%BA%20%E9%97%A8%E7%A5%A8,https://www.baidu.com/s?wd=site%3Adianping.com%20%E8%B5%A3%E5%B7%9E%E5%B8%82%E5%AE%89%E8%BF%9C%E5%8E%BF%E4%B8%89%E7%99%BE%E5%B1%B1%E6%99%AF%E5%8C%BA%20%E9%97%A8%E7%A5%A8,平台票种待逐项核验,成人票种、游览日、基础/联票、交通是否包含、价格生效期、来源日期
160,上饶市婺源县篁岭景区,江西,待核验,0,,,https://sjfw.mct.gov.cn/site/dataservice/base,https://www.baidu.com/s?wd=%E4%B8%8A%E9%A5%B6%E5%B8%82%E5%A9%BA%E6%BA%90%E5%8E%BF%E7%AF%81%E5%B2%AD%E6%99%AF%E5%8C%BA%20%E5%AE%98%E6%96%B9%20%E9%97%A8%E7%A5%A8%20%E6%88%90%E4%BA%BA%20%E7%A5%A8%E5%8A%A1,https://www.baidu.com/s?wd=site%3Actrip.com%20%E4%B8%8A%E9%A5%B6%E5%B8%82%E5%A9%BA%E6%BA%90%E5%8E%BF%E7%AF%81%E5%B2%AD%E6%99%AF%E5%8C%BA%20%E6%88%90%E4%BA%BA%20%E9%97%A8%E7%A5%A8,https://www.baidu.com/s?wd=site%3Adianping.com%20%E4%B8%8A%E9%A5%B6%E5%B8%82%E5%A9%BA%E6%BA%90%E5%8E%BF%E7%AF%81%E5%B2%AD%E6%99%AF%E5%8C%BA%20%E9%97%A8%E7%A5%A8,平台票种待逐项核验,成人票种、游览日、基础/联票、交通是否包含、价格生效期、来源日期
161,泰安市泰山景区,山东,基础价格已核验,1,https://tsgw.taian.gov.cn/art/2025/4/7/art_77180_5653044.html,115元,https://sjfw.mct.gov.cn/site/dataservice/base,https://www.baidu.com/s?wd=%E6%B3%B0%E5%AE%89%E5%B8%82%E6%B3%B0%E5%B1%B1%E6%99%AF%E5%8C%BA%20%E5%AE%98%E6%96%B9%20%E9%97%A8%E7%A5%A8%20%E6%88%90%E4%BA%BA%20%E7%A5%A8%E5%8A%A1,https://www.baidu.com/s?wd=site%3Actrip.com%20%E6%B3%B0%E5%AE%89%E5%B8%82%E6%B3%B0%E5%B1%B1%E6%99%AF%E5%8C%BA%20%E6%88%90%E4%BA%BA%20%E9%97%A8%E7%A5%A8,https://www.baidu.com/s?wd=site%3Adianping.com%20%E6%B3%B0%E5%AE%89%E5%B8%82%E6%B3%B0%E5%B1%B1%E6%99%AF%E5%8C%BA%20%E9%97%A8%E7%A5%A8,平台票种待逐项核验,成人票种、游览日、基础/联票、交通是否包含、价格生效期、来源日期
162,烟台市蓬莱阁-三仙山-八仙过海旅游区,山东,待核验,0,,,https://sjfw.mct.gov.cn/site/dataservice/base,https://www.baidu.com/s?wd=%E7%83%9F%E5%8F%B0%E5%B8%82%E8%93%AC%E8%8E%B1%E9%98%81-%E4%B8%89%E4%BB%99%E5%B1%B1-%E5%85%AB%E4%BB%99%E8%BF%87%E6%B5%B7%E6%97%85%E6%B8%B8%E5%8C%BA%20%E5%AE%98%E6%96%B9%20%E9%97%A8%E7%A5%A8%20%E6%88%90%E4%BA%BA%20%E7%A5%A8%E5%8A%A1,https://www.baidu.com/s?wd=site%3Actrip.com%20%E7%83%9F%E5%8F%B0%E5%B8%82%E8%93%AC%E8%8E%B1%E9%98%81-%E4%B8%89%E4%BB%99%E5%B1%B1-%E5%85%AB%E4%BB%99%E8%BF%87%E6%B5%B7%E6%97%85%E6%B8%B8%E5%8C%BA%20%E6%88%90%E4%BA%BA%20%E9%97%A8%E7%A5%A8,https://www.baidu.com/s?wd=site%3Adianping.com%20%E7%83%9F%E5%8F%B0%E5%B8%82%E8%93%AC%E8%8E%B1%E9%98%81-%E4%B8%89%E4%BB%99%E5%B1%B1-%E5%85%AB%E4%BB%99%E8%BF%87%E6%B5%B7%E6%97%85%E6%B8%B8%E5%8C%BA%20%E9%97%A8%E7%A5%A8,平台票种待逐项核验,成人票种、游览日、基础/联票、交通是否包含、价格生效期、来源日期
163,济宁市明故城三孔旅游区,山东,待核验,0,,,https://sjfw.mct.gov.cn/site/dataservice/base,https://www.baidu.com/s?wd=%E6%B5%8E%E5%AE%81%E5%B8%82%E6%98%8E%E6%95%85%E5%9F%8E%E4%B8%89%E5%AD%94%E6%97%85%E6%B8%B8%E5%8C%BA%20%E5%AE%98%E6%96%B9%20%E9%97%A8%E7%A5%A8%20%E6%88%90%E4%BA%BA%20%E7%A5%A8%E5%8A%A1,https://www.baidu.com/s?wd=site%3Actrip.com%20%E6%B5%8E%E5%AE%81%E5%B8%82%E6%98%8E%E6%95%85%E5%9F%8E%E4%B8%89%E5%AD%94%E6%97%85%E6%B8%B8%E5%8C%BA%20%E6%88%90%E4%BA%BA%20%E9%97%A8%E7%A5%A8,https://www.baidu.com/s?wd=site%3Adianping.com%20%E6%B5%8E%E5%AE%81%E5%B8%82%E6%98%8E%E6%95%85%E5%9F%8E%E4%B8%89%E5%AD%94%E6%97%85%E6%B8%B8%E5%8C%BA%20%E9%97%A8%E7%A5%A8,平台票种待逐项核验,成人票种、游览日、基础/联票、交通是否包含、价格生效期、来源日期
164,青岛市崂山景区,山东,待核验,0,,,https://sjfw.mct.gov.cn/site/dataservice/base,https://www.baidu.com/s?wd=%E9%9D%92%E5%B2%9B%E5%B8%82%E5%B4%82%E5%B1%B1%E6%99%AF%E5%8C%BA%20%E5%AE%98%E6%96%B9%20%E9%97%A8%E7%A5%A8%20%E6%88%90%E4%BA%BA%20%E7%A5%A8%E5%8A%A1,https://www.baidu.com/s?wd=site%3Actrip.com%20%E9%9D%92%E5%B2%9B%E5%B8%82%E5%B4%82%E5%B1%B1%E6%99%AF%E5%8C%BA%20%E6%88%90%E4%BA%BA%20%E9%97%A8%E7%A5%A8,https://www.baidu.com/s?wd=site%3Adianping.com%20%E9%9D%92%E5%B2%9B%E5%B8%82%E5%B4%82%E5%B1%B1%E6%99%AF%E5%8C%BA%20%E9%97%A8%E7%A5%A8,平台票种待逐项核验,成人票种、游览日、基础/联票、交通是否包含、价格生效期、来源日期
165,威海市刘公岛景区,山东,待核验,0,,,https://sjfw.mct.gov.cn/site/dataservice/base,https://www.baidu.com/s?wd=%E5%A8%81%E6%B5%B7%E5%B8%82%E5%88%98%E5%85%AC%E5%B2%9B%E6%99%AF%E5%8C%BA%20%E5%AE%98%E6%96%B9%20%E9%97%A8%E7%A5%A8%20%E6%88%90%E4%BA%BA%20%E7%A5%A8%E5%8A%A1,https://www.baidu.com/s?wd=site%3Actrip.com%20%E5%A8%81%E6%B5%B7%E5%B8%82%E5%88%98%E5%85%AC%E5%B2%9B%E6%99%AF%E5%8C%BA%20%E6%88%90%E4%BA%BA%20%E9%97%A8%E7%A5%A8,https://www.baidu.com/s?wd=site%3Adianping.com%20%E5%A8%81%E6%B5%B7%E5%B8%82%E5%88%98%E5%85%AC%E5%B2%9B%E6%99%AF%E5%8C%BA%20%E9%97%A8%E7%A5%A8,平台票种待逐项核验,成人票种、游览日、基础/联票、交通是否包含、价格生效期、来源日期
166,烟台市南山景区,山东,待核验,0,,,https://sjfw.mct.gov.cn/site/dataservice/base,https://www.baidu.com/s?wd=%E7%83%9F%E5%8F%B0%E5%B8%82%E5%8D%97%E5%B1%B1%E6%99%AF%E5%8C%BA%20%E5%AE%98%E6%96%B9%20%E9%97%A8%E7%A5%A8%20%E6%88%90%E4%BA%BA%20%E7%A5%A8%E5%8A%A1,https://www.baidu.com/s?wd=site%3Actrip.com%20%E7%83%9F%E5%8F%B0%E5%B8%82%E5%8D%97%E5%B1%B1%E6%99%AF%E5%8C%BA%20%E6%88%90%E4%BA%BA%20%E9%97%A8%E7%A5%A8,https://www.baidu.com/s?wd=site%3Adianping.com%20%E7%83%9F%E5%8F%B0%E5%B8%82%E5%8D%97%E5%B1%B1%E6%99%AF%E5%8C%BA%20%E9%97%A8%E7%A5%A8,平台票种待逐项核验,成人票种、游览日、基础/联票、交通是否包含、价格生效期、来源日期
167,枣庄市台儿庄古城景区,山东,待核验,0,,,https://sjfw.mct.gov.cn/site/dataservice/base,https://www.baidu.com/s?wd=%E6%9E%A3%E5%BA%84%E5%B8%82%E5%8F%B0%E5%84%BF%E5%BA%84%E5%8F%A4%E5%9F%8E%E6%99%AF%E5%8C%BA%20%E5%AE%98%E6%96%B9%20%E9%97%A8%E7%A5%A8%20%E6%88%90%E4%BA%BA%20%E7%A5%A8%E5%8A%A1,https://www.baidu.com/s?wd=site%3Actrip.com%20%E6%9E%A3%E5%BA%84%E5%B8%82%E5%8F%B0%E5%84%BF%E5%BA%84%E5%8F%A4%E5%9F%8E%E6%99%AF%E5%8C%BA%20%E6%88%90%E4%BA%BA%20%E9%97%A8%E7%A5%A8,https://www.baidu.com/s?wd=site%3Adianping.com%20%E6%9E%A3%E5%BA%84%E5%B8%82%E5%8F%B0%E5%84%BF%E5%BA%84%E5%8F%A4%E5%9F%8E%E6%99%AF%E5%8C%BA%20%E9%97%A8%E7%A5%A8,平台票种待逐项核验,成人票种、游览日、基础/联票、交通是否包含、价格生效期、来源日期
168,济南市天下第一泉景区,山东,待核验,0,,,https://sjfw.mct.gov.cn/site/dataservice/base,https://www.baidu.com/s?wd=%E6%B5%8E%E5%8D%97%E5%B8%82%E5%A4%A9%E4%B8%8B%E7%AC%AC%E4%B8%80%E6%B3%89%E6%99%AF%E5%8C%BA%20%E5%AE%98%E6%96%B9%20%E9%97%A8%E7%A5%A8%20%E6%88%90%E4%BA%BA%20%E7%A5%A8%E5%8A%A1,https://www.baidu.com/s?wd=site%3Actrip.com%20%E6%B5%8E%E5%8D%97%E5%B8%82%E5%A4%A9%E4%B8%8B%E7%AC%AC%E4%B8%80%E6%B3%89%E6%99%AF%E5%8C%BA%20%E6%88%90%E4%BA%BA%20%E9%97%A8%E7%A5%A8,https://www.baidu.com/s?wd=site%3Adianping.com%20%E6%B5%8E%E5%8D%97%E5%B8%82%E5%A4%A9%E4%B8%8B%E7%AC%AC%E4%B8%80%E6%B3%89%E6%99%AF%E5%8C%BA%20%E9%97%A8%E7%A5%A8,平台票种待逐项核验,成人票种、游览日、基础/联票、交通是否包含、价格生效期、来源日期
169,沂蒙山旅游区,山东,待核验,0,,,https://sjfw.mct.gov.cn/site/dataservice/base,https://www.baidu.com/s?wd=%E6%B2%82%E8%92%99%E5%B1%B1%E6%97%85%E6%B8%B8%E5%8C%BA%20%E5%AE%98%E6%96%B9%20%E9%97%A8%E7%A5%A8%20%E6%88%90%E4%BA%BA%20%E7%A5%A8%E5%8A%A1,https://www.baidu.com/s?wd=site%3Actrip.com%20%E6%B2%82%E8%92%99%E5%B1%B1%E6%97%85%E6%B8%B8%E5%8C%BA%20%E6%88%90%E4%BA%BA%20%E9%97%A8%E7%A5%A8,https://www.baidu.com/s?wd=site%3Adianping.com%20%E6%B2%82%E8%92%99%E5%B1%B1%E6%97%85%E6%B8%B8%E5%8C%BA%20%E9%97%A8%E7%A5%A8,平台票种待逐项核验,成人票种、游览日、基础/联票、交通是否包含、价格生效期、来源日期
170,潍坊市青州古城景区,山东,待核验,0,,,https://sjfw.mct.gov.cn/site/dataservice/base,https://www.baidu.com/s?wd=%E6%BD%8D%E5%9D%8A%E5%B8%82%E9%9D%92%E5%B7%9E%E5%8F%A4%E5%9F%8E%E6%99%AF%E5%8C%BA%20%E5%AE%98%E6%96%B9%20%E9%97%A8%E7%A5%A8%20%E6%88%90%E4%BA%BA%20%E7%A5%A8%E5%8A%A1,https://www.baidu.com/s?wd=site%3Actrip.com%20%E6%BD%8D%E5%9D%8A%E5%B8%82%E9%9D%92%E5%B7%9E%E5%8F%A4%E5%9F%8E%E6%99%AF%E5%8C%BA%20%E6%88%90%E4%BA%BA%20%E9%97%A8%E7%A5%A8,https://www.baidu.com/s?wd=site%3Adianping.com%20%E6%BD%8D%E5%9D%8A%E5%B8%82%E9%9D%92%E5%B7%9E%E5%8F%A4%E5%9F%8E%E6%99%AF%E5%8C%BA%20%E9%97%A8%E7%A5%A8,平台票种待逐项核验,成人票种、游览日、基础/联票、交通是否包含、价格生效期、来源日期
171,威海市威海华夏城景区,山东,待核验,0,,,https://sjfw.mct.gov.cn/site/dataservice/base,https://www.baidu.com/s?wd=%E5%A8%81%E6%B5%B7%E5%B8%82%E5%A8%81%E6%B5%B7%E5%8D%8E%E5%A4%8F%E5%9F%8E%E6%99%AF%E5%8C%BA%20%E5%AE%98%E6%96%B9%20%E9%97%A8%E7%A5%A8%20%E6%88%90%E4%BA%BA%20%E7%A5%A8%E5%8A%A1,https://www.baidu.com/s?wd=site%3Actrip.com%20%E5%A8%81%E6%B5%B7%E5%B8%82%E5%A8%81%E6%B5%B7%E5%8D%8E%E5%A4%8F%E5%9F%8E%E6%99%AF%E5%8C%BA%20%E6%88%90%E4%BA%BA%20%E9%97%A8%E7%A5%A8,https://www.baidu.com/s?wd=site%3Adianping.com%20%E5%A8%81%E6%B5%B7%E5%B8%82%E5%A8%81%E6%B5%B7%E5%8D%8E%E5%A4%8F%E5%9F%8E%E6%99%AF%E5%8C%BA%20%E9%97%A8%E7%A5%A8,平台票种待逐项核验,成人票种、游览日、基础/联票、交通是否包含、价格生效期、来源日期
172,东营市黄河口生态旅游区,山东,待核验,0,,,https://sjfw.mct.gov.cn/site/dataservice/base,https://www.baidu.com/s?wd=%E4%B8%9C%E8%90%A5%E5%B8%82%E9%BB%84%E6%B2%B3%E5%8F%A3%E7%94%9F%E6%80%81%E6%97%85%E6%B8%B8%E5%8C%BA%20%E5%AE%98%E6%96%B9%20%E9%97%A8%E7%A5%A8%20%E6%88%90%E4%BA%BA%20%E7%A5%A8%E5%8A%A1,https://www.baidu.com/s?wd=site%3Actrip.com%20%E4%B8%9C%E8%90%A5%E5%B8%82%E9%BB%84%E6%B2%B3%E5%8F%A3%E7%94%9F%E6%80%81%E6%97%85%E6%B8%B8%E5%8C%BA%20%E6%88%90%E4%BA%BA%20%E9%97%A8%E7%A5%A8,https://www.baidu.com/s?wd=site%3Adianping.com%20%E4%B8%9C%E8%90%A5%E5%B8%82%E9%BB%84%E6%B2%B3%E5%8F%A3%E7%94%9F%E6%80%81%E6%97%85%E6%B8%B8%E5%8C%BA%20%E9%97%A8%E7%A5%A8,平台票种待逐项核验,成人票种、游览日、基础/联票、交通是否包含、价格生效期、来源日期
173,临沂市萤火虫水洞•地下大峡谷旅游区,山东,待核验,0,,,https://sjfw.mct.gov.cn/site/dataservice/base,https://www.baidu.com/s?wd=%E4%B8%B4%E6%B2%82%E5%B8%82%E8%90%A4%E7%81%AB%E8%99%AB%E6%B0%B4%E6%B4%9E%E2%80%A2%E5%9C%B0%E4%B8%8B%E5%A4%A7%E5%B3%A1%E8%B0%B7%E6%97%85%E6%B8%B8%E5%8C%BA%20%E5%AE%98%E6%96%B9%20%E9%97%A8%E7%A5%A8%20%E6%88%90%E4%BA%BA%20%E7%A5%A8%E5%8A%A1,https://www.baidu.com/s?wd=site%3Actrip.com%20%E4%B8%B4%E6%B2%82%E5%B8%82%E8%90%A4%E7%81%AB%E8%99%AB%E6%B0%B4%E6%B4%9E%E2%80%A2%E5%9C%B0%E4%B8%8B%E5%A4%A7%E5%B3%A1%E8%B0%B7%E6%97%85%E6%B8%B8%E5%8C%BA%20%E6%88%90%E4%BA%BA%20%E9%97%A8%E7%A5%A8,https://www.baidu.com/s?wd=site%3Adianping.com%20%E4%B8%B4%E6%B2%82%E5%B8%82%E8%90%A4%E7%81%AB%E8%99%AB%E6%B0%B4%E6%B4%9E%E2%80%A2%E5%9C%B0%E4%B8%8B%E5%A4%A7%E5%B3%A1%E8%B0%B7%E6%97%85%E6%B8%B8%E5%8C%BA%20%E9%97%A8%E7%A5%A8,平台票种待逐项核验,成人票种、游览日、基础/联票、交通是否包含、价格生效期、来源日期
174,济宁市微山湖旅游区,山东,待核验,0,,,https://sjfw.mct.gov.cn/site/dataservice/base,https://www.baidu.com/s?wd=%E6%B5%8E%E5%AE%81%E5%B8%82%E5%BE%AE%E5%B1%B1%E6%B9%96%E6%97%85%E6%B8%B8%E5%8C%BA%20%E5%AE%98%E6%96%B9%20%E9%97%A8%E7%A5%A8%20%E6%88%90%E4%BA%BA%20%E7%A5%A8%E5%8A%A1,https://www.baidu.com/s?wd=site%3Actrip.com%20%E6%B5%8E%E5%AE%81%E5%B8%82%E5%BE%AE%E5%B1%B1%E6%B9%96%E6%97%85%E6%B8%B8%E5%8C%BA%20%E6%88%90%E4%BA%BA%20%E9%97%A8%E7%A5%A8,https://www.baidu.com/s?wd=site%3Adianping.com%20%E6%B5%8E%E5%AE%81%E5%B8%82%E5%BE%AE%E5%B1%B1%E6%B9%96%E6%97%85%E6%B8%B8%E5%8C%BA%20%E9%97%A8%E7%A5%A8,平台票种待逐项核验,成人票种、游览日、基础/联票、交通是否包含、价格生效期、来源日期
175,青岛市奥帆海洋文化旅游区,山东,待核验,0,,,https://sjfw.mct.gov.cn/site/dataservice/base,https://www.baidu.com/s?wd=%E9%9D%92%E5%B2%9B%E5%B8%82%E5%A5%A5%E5%B8%86%E6%B5%B7%E6%B4%8B%E6%96%87%E5%8C%96%E6%97%85%E6%B8%B8%E5%8C%BA%20%E5%AE%98%E6%96%B9%20%E9%97%A8%E7%A5%A8%20%E6%88%90%E4%BA%BA%20%E7%A5%A8%E5%8A%A1,https://www.baidu.com/s?wd=site%3Actrip.com%20%E9%9D%92%E5%B2%9B%E5%B8%82%E5%A5%A5%E5%B8%86%E6%B5%B7%E6%B4%8B%E6%96%87%E5%8C%96%E6%97%85%E6%B8%B8%E5%8C%BA%20%E6%88%90%E4%BA%BA%20%E9%97%A8%E7%A5%A8,https://www.baidu.com/s?wd=site%3Adianping.com%20%E9%9D%92%E5%B2%9B%E5%B8%82%E5%A5%A5%E5%B8%86%E6%B5%B7%E6%B4%8B%E6%96%87%E5%8C%96%E6%97%85%E6%B8%B8%E5%8C%BA%20%E9%97%A8%E7%A5%A8,平台票种待逐项核验,成人票种、游览日、基础/联票、交通是否包含、价格生效期、来源日期
176,淄博市周村古商城景区,山东,待核验,0,,,https://sjfw.mct.gov.cn/site/dataservice/base,https://www.baidu.com/s?wd=%E6%B7%84%E5%8D%9A%E5%B8%82%E5%91%A8%E6%9D%91%E5%8F%A4%E5%95%86%E5%9F%8E%E6%99%AF%E5%8C%BA%20%E5%AE%98%E6%96%B9%20%E9%97%A8%E7%A5%A8%20%E6%88%90%E4%BA%BA%20%E7%A5%A8%E5%8A%A1,https://www.baidu.com/s?wd=site%3Actrip.com%20%E6%B7%84%E5%8D%9A%E5%B8%82%E5%91%A8%E6%9D%91%E5%8F%A4%E5%95%86%E5%9F%8E%E6%99%AF%E5%8C%BA%20%E6%88%90%E4%BA%BA%20%E9%97%A8%E7%A5%A8,https://www.baidu.com/s?wd=site%3Adianping.com%20%E6%B7%84%E5%8D%9A%E5%B8%82%E5%91%A8%E6%9D%91%E5%8F%A4%E5%95%86%E5%9F%8E%E6%99%AF%E5%8C%BA%20%E9%97%A8%E7%A5%A8,平台票种待逐项核验,成人票种、游览日、基础/联票、交通是否包含、价格生效期、来源日期
177,郑州市嵩山少林景区,河南,基础价格已核验,1,https://www.zhengzhou.gov.cn/view42204/6498142.jhtml,80元,https://sjfw.mct.gov.cn/site/dataservice/base,https://www.baidu.com/s?wd=%E9%83%91%E5%B7%9E%E5%B8%82%E5%B5%A9%E5%B1%B1%E5%B0%91%E6%9E%97%E6%99%AF%E5%8C%BA%20%E5%AE%98%E6%96%B9%20%E9%97%A8%E7%A5%A8%20%E6%88%90%E4%BA%BA%20%E7%A5%A8%E5%8A%A1,https://www.baidu.com/s?wd=site%3Actrip.com%20%E9%83%91%E5%B7%9E%E5%B8%82%E5%B5%A9%E5%B1%B1%E5%B0%91%E6%9E%97%E6%99%AF%E5%8C%BA%20%E6%88%90%E4%BA%BA%20%E9%97%A8%E7%A5%A8,https://www.baidu.com/s?wd=site%3Adianping.com%20%E9%83%91%E5%B7%9E%E5%B8%82%E5%B5%A9%E5%B1%B1%E5%B0%91%E6%9E%97%E6%99%AF%E5%8C%BA%20%E9%97%A8%E7%A5%A8,平台票种待逐项核验,成人票种、游览日、基础/联票、交通是否包含、价格生效期、来源日期
178,洛阳市龙门石窟景区,河南,基础价格已核验,1,https://ftcn.lmsk.cn/,90元,https://sjfw.mct.gov.cn/site/dataservice/base,https://www.baidu.com/s?wd=%E6%B4%9B%E9%98%B3%E5%B8%82%E9%BE%99%E9%97%A8%E7%9F%B3%E7%AA%9F%E6%99%AF%E5%8C%BA%20%E5%AE%98%E6%96%B9%20%E9%97%A8%E7%A5%A8%20%E6%88%90%E4%BA%BA%20%E7%A5%A8%E5%8A%A1,https://www.baidu.com/s?wd=site%3Actrip.com%20%E6%B4%9B%E9%98%B3%E5%B8%82%E9%BE%99%E9%97%A8%E7%9F%B3%E7%AA%9F%E6%99%AF%E5%8C%BA%20%E6%88%90%E4%BA%BA%20%E9%97%A8%E7%A5%A8,https://www.baidu.com/s?wd=site%3Adianping.com%20%E6%B4%9B%E9%98%B3%E5%B8%82%E9%BE%99%E9%97%A8%E7%9F%B3%E7%AA%9F%E6%99%AF%E5%8C%BA%20%E9%97%A8%E7%A5%A8,平台票种待逐项核验,成人票种、游览日、基础/联票、交通是否包含、价格生效期、来源日期
179,焦作市云台山－神农山－青天河景区,河南,待核验,0,,,https://sjfw.mct.gov.cn/site/dataservice/base,https://www.baidu.com/s?wd=%E7%84%A6%E4%BD%9C%E5%B8%82%E4%BA%91%E5%8F%B0%E5%B1%B1%EF%BC%8D%E7%A5%9E%E5%86%9C%E5%B1%B1%EF%BC%8D%E9%9D%92%E5%A4%A9%E6%B2%B3%E6%99%AF%E5%8C%BA%20%E5%AE%98%E6%96%B9%20%E9%97%A8%E7%A5%A8%20%E6%88%90%E4%BA%BA%20%E7%A5%A8%E5%8A%A1,https://www.baidu.com/s?wd=site%3Actrip.com%20%E7%84%A6%E4%BD%9C%E5%B8%82%E4%BA%91%E5%8F%B0%E5%B1%B1%EF%BC%8D%E7%A5%9E%E5%86%9C%E5%B1%B1%EF%BC%8D%E9%9D%92%E5%A4%A9%E6%B2%B3%E6%99%AF%E5%8C%BA%20%E6%88%90%E4%BA%BA%20%E9%97%A8%E7%A5%A8,https://www.baidu.com/s?wd=site%3Adianping.com%20%E7%84%A6%E4%BD%9C%E5%B8%82%E4%BA%91%E5%8F%B0%E5%B1%B1%EF%BC%8D%E7%A5%9E%E5%86%9C%E5%B1%B1%EF%BC%8D%E9%9D%92%E5%A4%A9%E6%B2%B3%E6%99%AF%E5%8C%BA%20%E9%97%A8%E7%A5%A8,平台票种待逐项核验,成人票种、游览日、基础/联票、交通是否包含、价格生效期、来源日期
180,安阳市殷墟景区,河南,待核验,0,,,https://sjfw.mct.gov.cn/site/dataservice/base,https://www.baidu.com/s?wd=%E5%AE%89%E9%98%B3%E5%B8%82%E6%AE%B7%E5%A2%9F%E6%99%AF%E5%8C%BA%20%E5%AE%98%E6%96%B9%20%E9%97%A8%E7%A5%A8%20%E6%88%90%E4%BA%BA%20%E7%A5%A8%E5%8A%A1,https://www.baidu.com/s?wd=site%3Actrip.com%20%E5%AE%89%E9%98%B3%E5%B8%82%E6%AE%B7%E5%A2%9F%E6%99%AF%E5%8C%BA%20%E6%88%90%E4%BA%BA%20%E9%97%A8%E7%A5%A8,https://www.baidu.com/s?wd=site%3Adianping.com%20%E5%AE%89%E9%98%B3%E5%B8%82%E6%AE%B7%E5%A2%9F%E6%99%AF%E5%8C%BA%20%E9%97%A8%E7%A5%A8,平台票种待逐项核验,成人票种、游览日、基础/联票、交通是否包含、价格生效期、来源日期
181,洛阳市白云山景区,河南,待核验,0,,,https://sjfw.mct.gov.cn/site/dataservice/base,https://www.baidu.com/s?wd=%E6%B4%9B%E9%98%B3%E5%B8%82%E7%99%BD%E4%BA%91%E5%B1%B1%E6%99%AF%E5%8C%BA%20%E5%AE%98%E6%96%B9%20%E9%97%A8%E7%A5%A8%20%E6%88%90%E4%BA%BA%20%E7%A5%A8%E5%8A%A1,https://www.baidu.com/s?wd=site%3Actrip.com%20%E6%B4%9B%E9%98%B3%E5%B8%82%E7%99%BD%E4%BA%91%E5%B1%B1%E6%99%AF%E5%8C%BA%20%E6%88%90%E4%BA%BA%20%E9%97%A8%E7%A5%A8,https://www.baidu.com/s?wd=site%3Adianping.com%20%E6%B4%9B%E9%98%B3%E5%B8%82%E7%99%BD%E4%BA%91%E5%B1%B1%E6%99%AF%E5%8C%BA%20%E9%97%A8%E7%A5%A8,平台票种待逐项核验,成人票种、游览日、基础/联票、交通是否包含、价格生效期、来源日期
182,开封市清明上河园景区,河南,待核验,0,,,https://sjfw.mct.gov.cn/site/dataservice/base,https://www.baidu.com/s?wd=%E5%BC%80%E5%B0%81%E5%B8%82%E6%B8%85%E6%98%8E%E4%B8%8A%E6%B2%B3%E5%9B%AD%E6%99%AF%E5%8C%BA%20%E5%AE%98%E6%96%B9%20%E9%97%A8%E7%A5%A8%20%E6%88%90%E4%BA%BA%20%E7%A5%A8%E5%8A%A1,https://www.baidu.com/s?wd=site%3Actrip.com%20%E5%BC%80%E5%B0%81%E5%B8%82%E6%B8%85%E6%98%8E%E4%B8%8A%E6%B2%B3%E5%9B%AD%E6%99%AF%E5%8C%BA%20%E6%88%90%E4%BA%BA%20%E9%97%A8%E7%A5%A8,https://www.baidu.com/s?wd=site%3Adianping.com%20%E5%BC%80%E5%B0%81%E5%B8%82%E6%B8%85%E6%98%8E%E4%B8%8A%E6%B2%B3%E5%9B%AD%E6%99%AF%E5%8C%BA%20%E9%97%A8%E7%A5%A8,平台票种待逐项核验,成人票种、游览日、基础/联票、交通是否包含、价格生效期、来源日期
183,平顶山市尧山－中原大佛景区,河南,待核验,0,,,https://sjfw.mct.gov.cn/site/dataservice/base,https://www.baidu.com/s?wd=%E5%B9%B3%E9%A1%B6%E5%B1%B1%E5%B8%82%E5%B0%A7%E5%B1%B1%EF%BC%8D%E4%B8%AD%E5%8E%9F%E5%A4%A7%E4%BD%9B%E6%99%AF%E5%8C%BA%20%E5%AE%98%E6%96%B9%20%E9%97%A8%E7%A5%A8%20%E6%88%90%E4%BA%BA%20%E7%A5%A8%E5%8A%A1,https://www.baidu.com/s?wd=site%3Actrip.com%20%E5%B9%B3%E9%A1%B6%E5%B1%B1%E5%B8%82%E5%B0%A7%E5%B1%B1%EF%BC%8D%E4%B8%AD%E5%8E%9F%E5%A4%A7%E4%BD%9B%E6%99%AF%E5%8C%BA%20%E6%88%90%E4%BA%BA%20%E9%97%A8%E7%A5%A8,https://www.baidu.com/s?wd=site%3Adianping.com%20%E5%B9%B3%E9%A1%B6%E5%B1%B1%E5%B8%82%E5%B0%A7%E5%B1%B1%EF%BC%8D%E4%B8%AD%E5%8E%9F%E5%A4%A7%E4%BD%9B%E6%99%AF%E5%8C%BA%20%E9%97%A8%E7%A5%A8,平台票种待逐项核验,成人票种、游览日、基础/联票、交通是否包含、价格生效期、来源日期
184,洛阳市老君山－鸡冠洞旅游区,河南,部分票种已核验,1,https://www.laojunshan.cn/nd.jsp?_ngc=-1&fromColId=-1&id=1937,,https://sjfw.mct.gov.cn/site/dataservice/base,https://www.baidu.com/s?wd=%E6%B4%9B%E9%98%B3%E5%B8%82%E8%80%81%E5%90%9B%E5%B1%B1%EF%BC%8D%E9%B8%A1%E5%86%A0%E6%B4%9E%E6%97%85%E6%B8%B8%E5%8C%BA%20%E5%AE%98%E6%96%B9%20%E9%97%A8%E7%A5%A8%20%E6%88%90%E4%BA%BA%20%E7%A5%A8%E5%8A%A1,https://www.baidu.com/s?wd=site%3Actrip.com%20%E6%B4%9B%E9%98%B3%E5%B8%82%E8%80%81%E5%90%9B%E5%B1%B1%EF%BC%8D%E9%B8%A1%E5%86%A0%E6%B4%9E%E6%97%85%E6%B8%B8%E5%8C%BA%20%E6%88%90%E4%BA%BA%20%E9%97%A8%E7%A5%A8,https://www.baidu.com/s?wd=site%3Adianping.com%20%E6%B4%9B%E9%98%B3%E5%B8%82%E8%80%81%E5%90%9B%E5%B1%B1%EF%BC%8D%E9%B8%A1%E5%86%A0%E6%B4%9E%E6%97%85%E6%B8%B8%E5%8C%BA%20%E9%97%A8%E7%A5%A8,平台票种待逐项核验,成人票种、游览日、基础/联票、交通是否包含、价格生效期、来源日期
185,洛阳市龙潭大峡谷景区,河南,待核验,0,,,https://sjfw.mct.gov.cn/site/dataservice/base,https://www.baidu.com/s?wd=%E6%B4%9B%E9%98%B3%E5%B8%82%E9%BE%99%E6%BD%AD%E5%A4%A7%E5%B3%A1%E8%B0%B7%E6%99%AF%E5%8C%BA%20%E5%AE%98%E6%96%B9%20%E9%97%A8%E7%A5%A8%20%E6%88%90%E4%BA%BA%20%E7%A5%A8%E5%8A%A1,https://www.baidu.com/s?wd=site%3Actrip.com%20%E6%B4%9B%E9%98%B3%E5%B8%82%E9%BE%99%E6%BD%AD%E5%A4%A7%E5%B3%A1%E8%B0%B7%E6%99%AF%E5%8C%BA%20%E6%88%90%E4%BA%BA%20%E9%97%A8%E7%A5%A8,https://www.baidu.com/s?wd=site%3Adianping.com%20%E6%B4%9B%E9%98%B3%E5%B8%82%E9%BE%99%E6%BD%AD%E5%A4%A7%E5%B3%A1%E8%B0%B7%E6%99%AF%E5%8C%BA%20%E9%97%A8%E7%A5%A8,平台票种待逐项核验,成人票种、游览日、基础/联票、交通是否包含、价格生效期、来源日期
186,南阳市西峡恐龙遗迹园-伏牛山-老界岭旅游区,河南,待核验,0,,,https://sjfw.mct.gov.cn/site/dataservice/base,https://www.baidu.com/s?wd=%E5%8D%97%E9%98%B3%E5%B8%82%E8%A5%BF%E5%B3%A1%E6%81%90%E9%BE%99%E9%81%97%E8%BF%B9%E5%9B%AD-%E4%BC%8F%E7%89%9B%E5%B1%B1-%E8%80%81%E7%95%8C%E5%B2%AD%E6%97%85%E6%B8%B8%E5%8C%BA%20%E5%AE%98%E6%96%B9%20%E9%97%A8%E7%A5%A8%20%E6%88%90%E4%BA%BA%20%E7%A5%A8%E5%8A%A1,https://www.baidu.com/s?wd=site%3Actrip.com%20%E5%8D%97%E9%98%B3%E5%B8%82%E8%A5%BF%E5%B3%A1%E6%81%90%E9%BE%99%E9%81%97%E8%BF%B9%E5%9B%AD-%E4%BC%8F%E7%89%9B%E5%B1%B1-%E8%80%81%E7%95%8C%E5%B2%AD%E6%97%85%E6%B8%B8%E5%8C%BA%20%E6%88%90%E4%BA%BA%20%E9%97%A8%E7%A5%A8,https://www.baidu.com/s?wd=site%3Adianping.com%20%E5%8D%97%E9%98%B3%E5%B8%82%E8%A5%BF%E5%B3%A1%E6%81%90%E9%BE%99%E9%81%97%E8%BF%B9%E5%9B%AD-%E4%BC%8F%E7%89%9B%E5%B1%B1-%E8%80%81%E7%95%8C%E5%B2%AD%E6%97%85%E6%B8%B8%E5%8C%BA%20%E9%97%A8%E7%A5%A8,平台票种待逐项核验,成人票种、游览日、基础/联票、交通是否包含、价格生效期、来源日期
187,驻马店市嵖岈山旅游景区,河南,待核验,0,,,https://sjfw.mct.gov.cn/site/dataservice/base,https://www.baidu.com/s?wd=%E9%A9%BB%E9%A9%AC%E5%BA%97%E5%B8%82%E5%B5%96%E5%B2%88%E5%B1%B1%E6%97%85%E6%B8%B8%E6%99%AF%E5%8C%BA%20%E5%AE%98%E6%96%B9%20%E9%97%A8%E7%A5%A8%20%E6%88%90%E4%BA%BA%20%E7%A5%A8%E5%8A%A1,https://www.baidu.com/s?wd=site%3Actrip.com%20%E9%A9%BB%E9%A9%AC%E5%BA%97%E5%B8%82%E5%B5%96%E5%B2%88%E5%B1%B1%E6%97%85%E6%B8%B8%E6%99%AF%E5%8C%BA%20%E6%88%90%E4%BA%BA%20%E9%97%A8%E7%A5%A8,https://www.baidu.com/s?wd=site%3Adianping.com%20%E9%A9%BB%E9%A9%AC%E5%BA%97%E5%B8%82%E5%B5%96%E5%B2%88%E5%B1%B1%E6%97%85%E6%B8%B8%E6%99%AF%E5%8C%BA%20%E9%97%A8%E7%A5%A8,平台票种待逐项核验,成人票种、游览日、基础/联票、交通是否包含、价格生效期、来源日期
188,安阳市红旗渠－太行大峡谷旅游景区,河南,待核验,0,,,https://sjfw.mct.gov.cn/site/dataservice/base,https://www.baidu.com/s?wd=%E5%AE%89%E9%98%B3%E5%B8%82%E7%BA%A2%E6%97%97%E6%B8%A0%EF%BC%8D%E5%A4%AA%E8%A1%8C%E5%A4%A7%E5%B3%A1%E8%B0%B7%E6%97%85%E6%B8%B8%E6%99%AF%E5%8C%BA%20%E5%AE%98%E6%96%B9%20%E9%97%A8%E7%A5%A8%20%E6%88%90%E4%BA%BA%20%E7%A5%A8%E5%8A%A1,https://www.baidu.com/s?wd=site%3Actrip.com%20%E5%AE%89%E9%98%B3%E5%B8%82%E7%BA%A2%E6%97%97%E6%B8%A0%EF%BC%8D%E5%A4%AA%E8%A1%8C%E5%A4%A7%E5%B3%A1%E8%B0%B7%E6%97%85%E6%B8%B8%E6%99%AF%E5%8C%BA%20%E6%88%90%E4%BA%BA%20%E9%97%A8%E7%A5%A8,https://www.baidu.com/s?wd=site%3Adianping.com%20%E5%AE%89%E9%98%B3%E5%B8%82%E7%BA%A2%E6%97%97%E6%B8%A0%EF%BC%8D%E5%A4%AA%E8%A1%8C%E5%A4%A7%E5%B3%A1%E8%B0%B7%E6%97%85%E6%B8%B8%E6%99%AF%E5%8C%BA%20%E9%97%A8%E7%A5%A8,平台票种待逐项核验,成人票种、游览日、基础/联票、交通是否包含、价格生效期、来源日期
189,商丘市芒砀山汉文化旅游景区,河南,待核验,0,,,https://sjfw.mct.gov.cn/site/dataservice/base,https://www.baidu.com/s?wd=%E5%95%86%E4%B8%98%E5%B8%82%E8%8A%92%E7%A0%80%E5%B1%B1%E6%B1%89%E6%96%87%E5%8C%96%E6%97%85%E6%B8%B8%E6%99%AF%E5%8C%BA%20%E5%AE%98%E6%96%B9%20%E9%97%A8%E7%A5%A8%20%E6%88%90%E4%BA%BA%20%E7%A5%A8%E5%8A%A1,https://www.baidu.com/s?wd=site%3Actrip.com%20%E5%95%86%E4%B8%98%E5%B8%82%E8%8A%92%E7%A0%80%E5%B1%B1%E6%B1%89%E6%96%87%E5%8C%96%E6%97%85%E6%B8%B8%E6%99%AF%E5%8C%BA%20%E6%88%90%E4%BA%BA%20%E9%97%A8%E7%A5%A8,https://www.baidu.com/s?wd=site%3Adianping.com%20%E5%95%86%E4%B8%98%E5%B8%82%E8%8A%92%E7%A0%80%E5%B1%B1%E6%B1%89%E6%96%87%E5%8C%96%E6%97%85%E6%B8%B8%E6%99%AF%E5%8C%BA%20%E9%97%A8%E7%A5%A8,平台票种待逐项核验,成人票种、游览日、基础/联票、交通是否包含、价格生效期、来源日期
190,新乡市八里沟景区,河南,待核验,0,,,https://sjfw.mct.gov.cn/site/dataservice/base,https://www.baidu.com/s?wd=%E6%96%B0%E4%B9%A1%E5%B8%82%E5%85%AB%E9%87%8C%E6%B2%9F%E6%99%AF%E5%8C%BA%20%E5%AE%98%E6%96%B9%20%E9%97%A8%E7%A5%A8%20%E6%88%90%E4%BA%BA%20%E7%A5%A8%E5%8A%A1,https://www.baidu.com/s?wd=site%3Actrip.com%20%E6%96%B0%E4%B9%A1%E5%B8%82%E5%85%AB%E9%87%8C%E6%B2%9F%E6%99%AF%E5%8C%BA%20%E6%88%90%E4%BA%BA%20%E9%97%A8%E7%A5%A8,https://www.baidu.com/s?wd=site%3Adianping.com%20%E6%96%B0%E4%B9%A1%E5%B8%82%E5%85%AB%E9%87%8C%E6%B2%9F%E6%99%AF%E5%8C%BA%20%E9%97%A8%E7%A5%A8,平台票种待逐项核验,成人票种、游览日、基础/联票、交通是否包含、价格生效期、来源日期
191,信阳市鸡公山景区,河南,待核验,0,,,https://sjfw.mct.gov.cn/site/dataservice/base,https://www.baidu.com/s?wd=%E4%BF%A1%E9%98%B3%E5%B8%82%E9%B8%A1%E5%85%AC%E5%B1%B1%E6%99%AF%E5%8C%BA%20%E5%AE%98%E6%96%B9%20%E9%97%A8%E7%A5%A8%20%E6%88%90%E4%BA%BA%20%E7%A5%A8%E5%8A%A1,https://www.baidu.com/s?wd=site%3Actrip.com%20%E4%BF%A1%E9%98%B3%E5%B8%82%E9%B8%A1%E5%85%AC%E5%B1%B1%E6%99%AF%E5%8C%BA%20%E6%88%90%E4%BA%BA%20%E9%97%A8%E7%A5%A8,https://www.baidu.com/s?wd=site%3Adianping.com%20%E4%BF%A1%E9%98%B3%E5%B8%82%E9%B8%A1%E5%85%AC%E5%B1%B1%E6%99%AF%E5%8C%BA%20%E9%97%A8%E7%A5%A8,平台票种待逐项核验,成人票种、游览日、基础/联票、交通是否包含、价格生效期、来源日期
192,周口市太昊伏羲陵文化旅游区,河南,待核验,0,,,https://sjfw.mct.gov.cn/site/dataservice/base,https://www.baidu.com/s?wd=%E5%91%A8%E5%8F%A3%E5%B8%82%E5%A4%AA%E6%98%8A%E4%BC%8F%E7%BE%B2%E9%99%B5%E6%96%87%E5%8C%96%E6%97%85%E6%B8%B8%E5%8C%BA%20%E5%AE%98%E6%96%B9%20%E9%97%A8%E7%A5%A8%20%E6%88%90%E4%BA%BA%20%E7%A5%A8%E5%8A%A1,https://www.baidu.com/s?wd=site%3Actrip.com%20%E5%91%A8%E5%8F%A3%E5%B8%82%E5%A4%AA%E6%98%8A%E4%BC%8F%E7%BE%B2%E9%99%B5%E6%96%87%E5%8C%96%E6%97%85%E6%B8%B8%E5%8C%BA%20%E6%88%90%E4%BA%BA%20%E9%97%A8%E7%A5%A8,https://www.baidu.com/s?wd=site%3Adianping.com%20%E5%91%A8%E5%8F%A3%E5%B8%82%E5%A4%AA%E6%98%8A%E4%BC%8F%E7%BE%B2%E9%99%B5%E6%96%87%E5%8C%96%E6%97%85%E6%B8%B8%E5%8C%BA%20%E9%97%A8%E7%A5%A8,平台票种待逐项核验,成人票种、游览日、基础/联票、交通是否包含、价格生效期、来源日期
193,新乡市宝泉旅游区,河南,待核验,0,,,https://sjfw.mct.gov.cn/site/dataservice/base,https://www.baidu.com/s?wd=%E6%96%B0%E4%B9%A1%E5%B8%82%E5%AE%9D%E6%B3%89%E6%97%85%E6%B8%B8%E5%8C%BA%20%E5%AE%98%E6%96%B9%20%E9%97%A8%E7%A5%A8%20%E6%88%90%E4%BA%BA%20%E7%A5%A8%E5%8A%A1,https://www.baidu.com/s?wd=site%3Actrip.com%20%E6%96%B0%E4%B9%A1%E5%B8%82%E5%AE%9D%E6%B3%89%E6%97%85%E6%B8%B8%E5%8C%BA%20%E6%88%90%E4%BA%BA%20%E9%97%A8%E7%A5%A8,https://www.baidu.com/s?wd=site%3Adianping.com%20%E6%96%B0%E4%B9%A1%E5%B8%82%E5%AE%9D%E6%B3%89%E6%97%85%E6%B8%B8%E5%8C%BA%20%E9%97%A8%E7%A5%A8,平台票种待逐项核验,成人票种、游览日、基础/联票、交通是否包含、价格生效期、来源日期
194,武汉市黄鹤楼公园,湖北,基础价格已核验,1,https://fgw.wuhan.gov.cn/zfxxgk/zfxxgk_4/sysf/202604/P020260518549310243435.pdf,70元,https://sjfw.mct.gov.cn/site/dataservice/base,https://www.baidu.com/s?wd=%E6%AD%A6%E6%B1%89%E5%B8%82%E9%BB%84%E9%B9%A4%E6%A5%BC%E5%85%AC%E5%9B%AD%20%E5%AE%98%E6%96%B9%20%E9%97%A8%E7%A5%A8%20%E6%88%90%E4%BA%BA%20%E7%A5%A8%E5%8A%A1,https://www.baidu.com/s?wd=site%3Actrip.com%20%E6%AD%A6%E6%B1%89%E5%B8%82%E9%BB%84%E9%B9%A4%E6%A5%BC%E5%85%AC%E5%9B%AD%20%E6%88%90%E4%BA%BA%20%E9%97%A8%E7%A5%A8,https://www.baidu.com/s?wd=site%3Adianping.com%20%E6%AD%A6%E6%B1%89%E5%B8%82%E9%BB%84%E9%B9%A4%E6%A5%BC%E5%85%AC%E5%9B%AD%20%E9%97%A8%E7%A5%A8,平台票种待逐项核验,成人票种、游览日、基础/联票、交通是否包含、价格生效期、来源日期
195,三峡大坝—屈原故里文化旅游区,湖北,部分票种已核验,2,https://www.hbdaye.gov.cn/zfxxgk/dfbmptlj/szbm/dysfzhggjjgsz/zc_16434/qtzdgkwj_19887/202312/P020231206355300962762.pdf,,https://sjfw.mct.gov.cn/site/dataservice/base,https://www.baidu.com/s?wd=%E4%B8%89%E5%B3%A1%E5%A4%A7%E5%9D%9D%E2%80%94%E5%B1%88%E5%8E%9F%E6%95%85%E9%87%8C%E6%96%87%E5%8C%96%E6%97%85%E6%B8%B8%E5%8C%BA%20%E5%AE%98%E6%96%B9%20%E9%97%A8%E7%A5%A8%20%E6%88%90%E4%BA%BA%20%E7%A5%A8%E5%8A%A1,https://www.baidu.com/s?wd=site%3Actrip.com%20%E4%B8%89%E5%B3%A1%E5%A4%A7%E5%9D%9D%E2%80%94%E5%B1%88%E5%8E%9F%E6%95%85%E9%87%8C%E6%96%87%E5%8C%96%E6%97%85%E6%B8%B8%E5%8C%BA%20%E6%88%90%E4%BA%BA%20%E9%97%A8%E7%A5%A8,https://www.baidu.com/s?wd=site%3Adianping.com%20%E4%B8%89%E5%B3%A1%E5%A4%A7%E5%9D%9D%E2%80%94%E5%B1%88%E5%8E%9F%E6%95%85%E9%87%8C%E6%96%87%E5%8C%96%E6%97%85%E6%B8%B8%E5%8C%BA%20%E9%97%A8%E7%A5%A8,平台票种待逐项核验,成人票种、游览日、基础/联票、交通是否包含、价格生效期、来源日期
196,三峡人家风景区,湖北,基础价格已核验,1,https://www.hbdaye.gov.cn/zfxxgk/dfbmptlj/szbm/dysfzhggjjgsz/zc_16434/qtzdgkwj_19887/202312/P020231206355300962762.pdf,150元,https://sjfw.mct.gov.cn/site/dataservice/base,https://www.baidu.com/s?wd=%E4%B8%89%E5%B3%A1%E4%BA%BA%E5%AE%B6%E9%A3%8E%E6%99%AF%E5%8C%BA%20%E5%AE%98%E6%96%B9%20%E9%97%A8%E7%A5%A8%20%E6%88%90%E4%BA%BA%20%E7%A5%A8%E5%8A%A1,https://www.baidu.com/s?wd=site%3Actrip.com%20%E4%B8%89%E5%B3%A1%E4%BA%BA%E5%AE%B6%E9%A3%8E%E6%99%AF%E5%8C%BA%20%E6%88%90%E4%BA%BA%20%E9%97%A8%E7%A5%A8,https://www.baidu.com/s?wd=site%3Adianping.com%20%E4%B8%89%E5%B3%A1%E4%BA%BA%E5%AE%B6%E9%A3%8E%E6%99%AF%E5%8C%BA%20%E9%97%A8%E7%A5%A8,平台票种待逐项核验,成人票种、游览日、基础/联票、交通是否包含、价格生效期、来源日期
197,十堰武当山风景区,湖北,基础价格已核验,2,https://www.hbdaye.gov.cn/zfxxgk/dfbmptlj/szbm/dysfzhggjjgsz/zc_16434/qtzdgkwj_19887/202312/P020231206355300962762.pdf,126元,https://sjfw.mct.gov.cn/site/dataservice/base,https://www.baidu.com/s?wd=%E5%8D%81%E5%A0%B0%E6%AD%A6%E5%BD%93%E5%B1%B1%E9%A3%8E%E6%99%AF%E5%8C%BA%20%E5%AE%98%E6%96%B9%20%E9%97%A8%E7%A5%A8%20%E6%88%90%E4%BA%BA%20%E7%A5%A8%E5%8A%A1,https://www.baidu.com/s?wd=site%3Actrip.com%20%E5%8D%81%E5%A0%B0%E6%AD%A6%E5%BD%93%E5%B1%B1%E9%A3%8E%E6%99%AF%E5%8C%BA%20%E6%88%90%E4%BA%BA%20%E9%97%A8%E7%A5%A8,https://www.baidu.com/s?wd=site%3Adianping.com%20%E5%8D%81%E5%A0%B0%E6%AD%A6%E5%BD%93%E5%B1%B1%E9%A3%8E%E6%99%AF%E5%8C%BA%20%E9%97%A8%E7%A5%A8,平台票种待逐项核验,成人票种、游览日、基础/联票、交通是否包含、价格生效期、来源日期
198,神农溪纤夫文化旅游区,湖北,基础价格已核验,1,https://www.hbdaye.gov.cn/zfxxgk/dfbmptlj/szbm/dysfzhggjjgsz/zc_16434/qtzdgkwj_19887/202312/P020231206355300962762.pdf,90元,https://sjfw.mct.gov.cn/site/dataservice/base,https://www.baidu.com/s?wd=%E7%A5%9E%E5%86%9C%E6%BA%AA%E7%BA%A4%E5%A4%AB%E6%96%87%E5%8C%96%E6%97%85%E6%B8%B8%E5%8C%BA%20%E5%AE%98%E6%96%B9%20%E9%97%A8%E7%A5%A8%20%E6%88%90%E4%BA%BA%20%E7%A5%A8%E5%8A%A1,https://www.baidu.com/s?wd=site%3Actrip.com%20%E7%A5%9E%E5%86%9C%E6%BA%AA%E7%BA%A4%E5%A4%AB%E6%96%87%E5%8C%96%E6%97%85%E6%B8%B8%E5%8C%BA%20%E6%88%90%E4%BA%BA%20%E9%97%A8%E7%A5%A8,https://www.baidu.com/s?wd=site%3Adianping.com%20%E7%A5%9E%E5%86%9C%E6%BA%AA%E7%BA%A4%E5%A4%AB%E6%96%87%E5%8C%96%E6%97%85%E6%B8%B8%E5%8C%BA%20%E9%97%A8%E7%A5%A8,平台票种待逐项核验,成人票种、游览日、基础/联票、交通是否包含、价格生效期、来源日期
199,神农架生态旅游区,湖北,部分票种已核验,3,https://www.hbdaye.gov.cn/zfxxgk/dfbmptlj/szbm/dysfzhggjjgsz/zc_16434/qtzdgkwj_19887/202312/P020231206355300962762.pdf,,https://sjfw.mct.gov.cn/site/dataservice/base,https://www.baidu.com/s?wd=%E7%A5%9E%E5%86%9C%E6%9E%B6%E7%94%9F%E6%80%81%E6%97%85%E6%B8%B8%E5%8C%BA%20%E5%AE%98%E6%96%B9%20%E9%97%A8%E7%A5%A8%20%E6%88%90%E4%BA%BA%20%E7%A5%A8%E5%8A%A1,https://www.baidu.com/s?wd=site%3Actrip.com%20%E7%A5%9E%E5%86%9C%E6%9E%B6%E7%94%9F%E6%80%81%E6%97%85%E6%B8%B8%E5%8C%BA%20%E6%88%90%E4%BA%BA%20%E9%97%A8%E7%A5%A8,https://www.baidu.com/s?wd=site%3Adianping.com%20%E7%A5%9E%E5%86%9C%E6%9E%B6%E7%94%9F%E6%80%81%E6%97%85%E6%B8%B8%E5%8C%BA%20%E9%97%A8%E7%A5%A8,平台票种待逐项核验,成人票种、游览日、基础/联票、交通是否包含、价格生效期、来源日期
200,长阳清江画廊景区,湖北,基础价格已核验,1,https://www.hbdaye.gov.cn/zfxxgk/dfbmptlj/szbm/dysfzhggjjgsz/zc_16434/qtzdgkwj_19887/202312/P020231206355300962762.pdf,90元,https://sjfw.mct.gov.cn/site/dataservice/base,https://www.baidu.com/s?wd=%E9%95%BF%E9%98%B3%E6%B8%85%E6%B1%9F%E7%94%BB%E5%BB%8A%E6%99%AF%E5%8C%BA%20%E5%AE%98%E6%96%B9%20%E9%97%A8%E7%A5%A8%20%E6%88%90%E4%BA%BA%20%E7%A5%A8%E5%8A%A1,https://www.baidu.com/s?wd=site%3Actrip.com%20%E9%95%BF%E9%98%B3%E6%B8%85%E6%B1%9F%E7%94%BB%E5%BB%8A%E6%99%AF%E5%8C%BA%20%E6%88%90%E4%BA%BA%20%E9%97%A8%E7%A5%A8,https://www.baidu.com/s?wd=site%3Adianping.com%20%E9%95%BF%E9%98%B3%E6%B8%85%E6%B1%9F%E7%94%BB%E5%BB%8A%E6%99%AF%E5%8C%BA%20%E9%97%A8%E7%A5%A8,平台票种待逐项核验,成人票种、游览日、基础/联票、交通是否包含、价格生效期、来源日期
201,武汉东湖景区,湖北,基础价格已核验,2,https://www.hbdaye.gov.cn/zfxxgk/dfbmptlj/szbm/dysfzhggjjgsz/zc_16434/qtzdgkwj_19887/202312/P020231206355300962762.pdf,免费,https://sjfw.mct.gov.cn/site/dataservice/base,https://www.baidu.com/s?wd=%E6%AD%A6%E6%B1%89%E4%B8%9C%E6%B9%96%E6%99%AF%E5%8C%BA%20%E5%AE%98%E6%96%B9%20%E9%97%A8%E7%A5%A8%20%E6%88%90%E4%BA%BA%20%E7%A5%A8%E5%8A%A1,https://www.baidu.com/s?wd=site%3Actrip.com%20%E6%AD%A6%E6%B1%89%E4%B8%9C%E6%B9%96%E6%99%AF%E5%8C%BA%20%E6%88%90%E4%BA%BA%20%E9%97%A8%E7%A5%A8,https://www.baidu.com/s?wd=site%3Adianping.com%20%E6%AD%A6%E6%B1%89%E4%B8%9C%E6%B9%96%E6%99%AF%E5%8C%BA%20%E9%97%A8%E7%A5%A8,平台票种待逐项核验,成人票种、游览日、基础/联票、交通是否包含、价格生效期、来源日期
202,黄陂木兰文化生态旅游区,湖北,部分票种已核验,4,https://www.whxinzhou.gov.cn/xxgk_29/xxgkml/jgsf/202512/P020251215638552043561.pdf,,https://sjfw.mct.gov.cn/site/dataservice/base,https://www.baidu.com/s?wd=%E9%BB%84%E9%99%82%E6%9C%A8%E5%85%B0%E6%96%87%E5%8C%96%E7%94%9F%E6%80%81%E6%97%85%E6%B8%B8%E5%8C%BA%20%E5%AE%98%E6%96%B9%20%E9%97%A8%E7%A5%A8%20%E6%88%90%E4%BA%BA%20%E7%A5%A8%E5%8A%A1,https://www.baidu.com/s?wd=site%3Actrip.com%20%E9%BB%84%E9%99%82%E6%9C%A8%E5%85%B0%E6%96%87%E5%8C%96%E7%94%9F%E6%80%81%E6%97%85%E6%B8%B8%E5%8C%BA%20%E6%88%90%E4%BA%BA%20%E9%97%A8%E7%A5%A8,https://www.baidu.com/s?wd=site%3Adianping.com%20%E9%BB%84%E9%99%82%E6%9C%A8%E5%85%B0%E6%96%87%E5%8C%96%E7%94%9F%E6%80%81%E6%97%85%E6%B8%B8%E5%8C%BA%20%E9%97%A8%E7%A5%A8,平台票种待逐项核验,成人票种、游览日、基础/联票、交通是否包含、价格生效期、来源日期
203,恩施大峡谷景区,湖北,部分票种已核验,2,https://www.hbdaye.gov.cn/zfxxgk/dfbmptlj/szbm/dysfzhggjjgsz/zc_16434/qtzdgkwj_19887/202312/P020231206355300962762.pdf,,https://sjfw.mct.gov.cn/site/dataservice/base,https://www.baidu.com/s?wd=%E6%81%A9%E6%96%BD%E5%A4%A7%E5%B3%A1%E8%B0%B7%E6%99%AF%E5%8C%BA%20%E5%AE%98%E6%96%B9%20%E9%97%A8%E7%A5%A8%20%E6%88%90%E4%BA%BA%20%E7%A5%A8%E5%8A%A1,https://www.baidu.com/s?wd=site%3Actrip.com%20%E6%81%A9%E6%96%BD%E5%A4%A7%E5%B3%A1%E8%B0%B7%E6%99%AF%E5%8C%BA%20%E6%88%90%E4%BA%BA%20%E9%97%A8%E7%A5%A8,https://www.baidu.com/s?wd=site%3Adianping.com%20%E6%81%A9%E6%96%BD%E5%A4%A7%E5%B3%A1%E8%B0%B7%E6%99%AF%E5%8C%BA%20%E9%97%A8%E7%A5%A8,平台票种待逐项核验,成人票种、游览日、基础/联票、交通是否包含、价格生效期、来源日期
204,咸宁市三国赤壁古战场景区,湖北,基础价格已核验,1,https://fgw.xianning.gov.cn/zwdt/tzgg/202604/t20260430_4547741.shtml,135元,https://sjfw.mct.gov.cn/site/dataservice/base,https://www.baidu.com/s?wd=%E5%92%B8%E5%AE%81%E5%B8%82%E4%B8%89%E5%9B%BD%E8%B5%A4%E5%A3%81%E5%8F%A4%E6%88%98%E5%9C%BA%E6%99%AF%E5%8C%BA%20%E5%AE%98%E6%96%B9%20%E9%97%A8%E7%A5%A8%20%E6%88%90%E4%BA%BA%20%E7%A5%A8%E5%8A%A1,https://www.baidu.com/s?wd=site%3Actrip.com%20%E5%92%B8%E5%AE%81%E5%B8%82%E4%B8%89%E5%9B%BD%E8%B5%A4%E5%A3%81%E5%8F%A4%E6%88%98%E5%9C%BA%E6%99%AF%E5%8C%BA%20%E6%88%90%E4%BA%BA%20%E9%97%A8%E7%A5%A8,https://www.baidu.com/s?wd=site%3Adianping.com%20%E5%92%B8%E5%AE%81%E5%B8%82%E4%B8%89%E5%9B%BD%E8%B5%A4%E5%A3%81%E5%8F%A4%E6%88%98%E5%9C%BA%E6%99%AF%E5%8C%BA%20%E9%97%A8%E7%A5%A8,平台票种待逐项核验,成人票种、游览日、基础/联票、交通是否包含、价格生效期、来源日期
205,襄阳市古隆中景区,湖北,基础价格已核验,1,https://www.hbdaye.gov.cn/zfxxgk/dfbmptlj/szbm/dysfzhggjjgsz/zc_16434/qtzdgkwj_19887/202312/P020231206355300962762.pdf,67元,https://sjfw.mct.gov.cn/site/dataservice/base,https://www.baidu.com/s?wd=%E8%A5%84%E9%98%B3%E5%B8%82%E5%8F%A4%E9%9A%86%E4%B8%AD%E6%99%AF%E5%8C%BA%20%E5%AE%98%E6%96%B9%20%E9%97%A8%E7%A5%A8%20%E6%88%90%E4%BA%BA%20%E7%A5%A8%E5%8A%A1,https://www.baidu.com/s?wd=site%3Actrip.com%20%E8%A5%84%E9%98%B3%E5%B8%82%E5%8F%A4%E9%9A%86%E4%B8%AD%E6%99%AF%E5%8C%BA%20%E6%88%90%E4%BA%BA%20%E9%97%A8%E7%A5%A8,https://www.baidu.com/s?wd=site%3Adianping.com%20%E8%A5%84%E9%98%B3%E5%B8%82%E5%8F%A4%E9%9A%86%E4%B8%AD%E6%99%AF%E5%8C%BA%20%E9%97%A8%E7%A5%A8,平台票种待逐项核验,成人票种、游览日、基础/联票、交通是否包含、价格生效期、来源日期
206,恩施州利川腾龙洞景区,湖北,基础价格已核验,1,https://www.hbdaye.gov.cn/zfxxgk/dfbmptlj/szbm/dysfzhggjjgsz/zc_16434/qtzdgkwj_19887/202312/P020231206355300962762.pdf,150元,https://sjfw.mct.gov.cn/site/dataservice/base,https://www.baidu.com/s?wd=%E6%81%A9%E6%96%BD%E5%B7%9E%E5%88%A9%E5%B7%9D%E8%85%BE%E9%BE%99%E6%B4%9E%E6%99%AF%E5%8C%BA%20%E5%AE%98%E6%96%B9%20%E9%97%A8%E7%A5%A8%20%E6%88%90%E4%BA%BA%20%E7%A5%A8%E5%8A%A1,https://www.baidu.com/s?wd=site%3Actrip.com%20%E6%81%A9%E6%96%BD%E5%B7%9E%E5%88%A9%E5%B7%9D%E8%85%BE%E9%BE%99%E6%B4%9E%E6%99%AF%E5%8C%BA%20%E6%88%90%E4%BA%BA%20%E9%97%A8%E7%A5%A8,https://www.baidu.com/s?wd=site%3Adianping.com%20%E6%81%A9%E6%96%BD%E5%B7%9E%E5%88%A9%E5%B7%9D%E8%85%BE%E9%BE%99%E6%B4%9E%E6%99%AF%E5%8C%BA%20%E9%97%A8%E7%A5%A8,平台票种待逐项核验,成人票种、游览日、基础/联票、交通是否包含、价格生效期、来源日期
207,宜昌市三峡大瀑布旅游区,湖北,基础价格已核验,1,https://www.hbdaye.gov.cn/zfxxgk/dfbmptlj/szbm/dysfzhggjjgsz/zc_16434/qtzdgkwj_19887/202312/P020231206355300962762.pdf,115元,https://sjfw.mct.gov.cn/site/dataservice/base,https://www.baidu.com/s?wd=%E5%AE%9C%E6%98%8C%E5%B8%82%E4%B8%89%E5%B3%A1%E5%A4%A7%E7%80%91%E5%B8%83%E6%97%85%E6%B8%B8%E5%8C%BA%20%E5%AE%98%E6%96%B9%20%E9%97%A8%E7%A5%A8%20%E6%88%90%E4%BA%BA%20%E7%A5%A8%E5%8A%A1,https://www.baidu.com/s?wd=site%3Actrip.com%20%E5%AE%9C%E6%98%8C%E5%B8%82%E4%B8%89%E5%B3%A1%E5%A4%A7%E7%80%91%E5%B8%83%E6%97%85%E6%B8%B8%E5%8C%BA%20%E6%88%90%E4%BA%BA%20%E9%97%A8%E7%A5%A8,https://www.baidu.com/s?wd=site%3Adianping.com%20%E5%AE%9C%E6%98%8C%E5%B8%82%E4%B8%89%E5%B3%A1%E5%A4%A7%E7%80%91%E5%B8%83%E6%97%85%E6%B8%B8%E5%8C%BA%20%E9%97%A8%E7%A5%A8,平台票种待逐项核验,成人票种、游览日、基础/联票、交通是否包含、价格生效期、来源日期
208,钟祥市明显陵文化旅游景区,湖北,待核验,0,,,https://sjfw.mct.gov.cn/site/dataservice/base,https://www.baidu.com/s?wd=%E9%92%9F%E7%A5%A5%E5%B8%82%E6%98%8E%E6%98%BE%E9%99%B5%E6%96%87%E5%8C%96%E6%97%85%E6%B8%B8%E6%99%AF%E5%8C%BA%20%E5%AE%98%E6%96%B9%20%E9%97%A8%E7%A5%A8%20%E6%88%90%E4%BA%BA%20%E7%A5%A8%E5%8A%A1,https://www.baidu.com/s?wd=site%3Actrip.com%20%E9%92%9F%E7%A5%A5%E5%B8%82%E6%98%8E%E6%98%BE%E9%99%B5%E6%96%87%E5%8C%96%E6%97%85%E6%B8%B8%E6%99%AF%E5%8C%BA%20%E6%88%90%E4%BA%BA%20%E9%97%A8%E7%A5%A8,https://www.baidu.com/s?wd=site%3Adianping.com%20%E9%92%9F%E7%A5%A5%E5%B8%82%E6%98%8E%E6%98%BE%E9%99%B5%E6%96%87%E5%8C%96%E6%97%85%E6%B8%B8%E6%99%AF%E5%8C%BA%20%E9%97%A8%E7%A5%A8,平台票种待逐项核验,成人票种、游览日、基础/联票、交通是否包含、价格生效期、来源日期
209,麻城市龟峰山景区,湖北,待核验,0,,,https://sjfw.mct.gov.cn/site/dataservice/base,https://www.baidu.com/s?wd=%E9%BA%BB%E5%9F%8E%E5%B8%82%E9%BE%9F%E5%B3%B0%E5%B1%B1%E6%99%AF%E5%8C%BA%20%E5%AE%98%E6%96%B9%20%E9%97%A8%E7%A5%A8%20%E6%88%90%E4%BA%BA%20%E7%A5%A8%E5%8A%A1,https://www.baidu.com/s?wd=site%3Actrip.com%20%E9%BA%BB%E5%9F%8E%E5%B8%82%E9%BE%9F%E5%B3%B0%E5%B1%B1%E6%99%AF%E5%8C%BA%20%E6%88%90%E4%BA%BA%20%E9%97%A8%E7%A5%A8,https://www.baidu.com/s?wd=site%3Adianping.com%20%E9%BA%BB%E5%9F%8E%E5%B8%82%E9%BE%9F%E5%B3%B0%E5%B1%B1%E6%99%AF%E5%8C%BA%20%E9%97%A8%E7%A5%A8,平台票种待逐项核验,成人票种、游览日、基础/联票、交通是否包含、价格生效期、来源日期
210,张家界市武陵源－天门山旅游区,湖南,部分票种已核验,2,https://fgw.hunan.gov.cn/fgw/jgzc11/202507/t20250724_33748635.html,,https://sjfw.mct.gov.cn/site/dataservice/base,https://www.baidu.com/s?wd=%E5%BC%A0%E5%AE%B6%E7%95%8C%E5%B8%82%E6%AD%A6%E9%99%B5%E6%BA%90%EF%BC%8D%E5%A4%A9%E9%97%A8%E5%B1%B1%E6%97%85%E6%B8%B8%E5%8C%BA%20%E5%AE%98%E6%96%B9%20%E9%97%A8%E7%A5%A8%20%E6%88%90%E4%BA%BA%20%E7%A5%A8%E5%8A%A1,https://www.baidu.com/s?wd=site%3Actrip.com%20%E5%BC%A0%E5%AE%B6%E7%95%8C%E5%B8%82%E6%AD%A6%E9%99%B5%E6%BA%90%EF%BC%8D%E5%A4%A9%E9%97%A8%E5%B1%B1%E6%97%85%E6%B8%B8%E5%8C%BA%20%E6%88%90%E4%BA%BA%20%E9%97%A8%E7%A5%A8,https://www.baidu.com/s?wd=site%3Adianping.com%20%E5%BC%A0%E5%AE%B6%E7%95%8C%E5%B8%82%E6%AD%A6%E9%99%B5%E6%BA%90%EF%BC%8D%E5%A4%A9%E9%97%A8%E5%B1%B1%E6%97%85%E6%B8%B8%E5%8C%BA%20%E9%97%A8%E7%A5%A8,平台票种待逐项核验,成人票种、游览日、基础/联票、交通是否包含、价格生效期、来源日期
211,衡阳市南岳衡山旅游区,湖南,基础价格已核验,2,https://fgw.hunan.gov.cn/fgw/jgzc11/202507/t20250724_33748635.html,110元,https://sjfw.mct.gov.cn/site/dataservice/base,https://www.baidu.com/s?wd=%E8%A1%A1%E9%98%B3%E5%B8%82%E5%8D%97%E5%B2%B3%E8%A1%A1%E5%B1%B1%E6%97%85%E6%B8%B8%E5%8C%BA%20%E5%AE%98%E6%96%B9%20%E9%97%A8%E7%A5%A8%20%E6%88%90%E4%BA%BA%20%E7%A5%A8%E5%8A%A1,https://www.baidu.com/s?wd=site%3Actrip.com%20%E8%A1%A1%E9%98%B3%E5%B8%82%E5%8D%97%E5%B2%B3%E8%A1%A1%E5%B1%B1%E6%97%85%E6%B8%B8%E5%8C%BA%20%E6%88%90%E4%BA%BA%20%E9%97%A8%E7%A5%A8,https://www.baidu.com/s?wd=site%3Adianping.com%20%E8%A1%A1%E9%98%B3%E5%B8%82%E5%8D%97%E5%B2%B3%E8%A1%A1%E5%B1%B1%E6%97%85%E6%B8%B8%E5%8C%BA%20%E9%97%A8%E7%A5%A8,平台票种待逐项核验,成人票种、游览日、基础/联票、交通是否包含、价格生效期、来源日期
212,湘潭市韶山旅游区,湖南,部分票种已核验,1,https://fgw.hunan.gov.cn/fgw/jgzc11/202507/t20250724_33748635.html,,https://sjfw.mct.gov.cn/site/dataservice/base,https://www.baidu.com/s?wd=%E6%B9%98%E6%BD%AD%E5%B8%82%E9%9F%B6%E5%B1%B1%E6%97%85%E6%B8%B8%E5%8C%BA%20%E5%AE%98%E6%96%B9%20%E9%97%A8%E7%A5%A8%20%E6%88%90%E4%BA%BA%20%E7%A5%A8%E5%8A%A1,https://www.baidu.com/s?wd=site%3Actrip.com%20%E6%B9%98%E6%BD%AD%E5%B8%82%E9%9F%B6%E5%B1%B1%E6%97%85%E6%B8%B8%E5%8C%BA%20%E6%88%90%E4%BA%BA%20%E9%97%A8%E7%A5%A8,https://www.baidu.com/s?wd=site%3Adianping.com%20%E6%B9%98%E6%BD%AD%E5%B8%82%E9%9F%B6%E5%B1%B1%E6%97%85%E6%B8%B8%E5%8C%BA%20%E9%97%A8%E7%A5%A8,平台票种待逐项核验,成人票种、游览日、基础/联票、交通是否包含、价格生效期、来源日期
213,岳阳市岳阳楼－君山岛景区,湖南,部分票种已核验,2,https://fgw.hunan.gov.cn/fgw/jgzc11/202507/t20250724_33748635.html,,https://sjfw.mct.gov.cn/site/dataservice/base,https://www.baidu.com/s?wd=%E5%B2%B3%E9%98%B3%E5%B8%82%E5%B2%B3%E9%98%B3%E6%A5%BC%EF%BC%8D%E5%90%9B%E5%B1%B1%E5%B2%9B%E6%99%AF%E5%8C%BA%20%E5%AE%98%E6%96%B9%20%E9%97%A8%E7%A5%A8%20%E6%88%90%E4%BA%BA%20%E7%A5%A8%E5%8A%A1,https://www.baidu.com/s?wd=site%3Actrip.com%20%E5%B2%B3%E9%98%B3%E5%B8%82%E5%B2%B3%E9%98%B3%E6%A5%BC%EF%BC%8D%E5%90%9B%E5%B1%B1%E5%B2%9B%E6%99%AF%E5%8C%BA%20%E6%88%90%E4%BA%BA%20%E9%97%A8%E7%A5%A8,https://www.baidu.com/s?wd=site%3Adianping.com%20%E5%B2%B3%E9%98%B3%E5%B8%82%E5%B2%B3%E9%98%B3%E6%A5%BC%EF%BC%8D%E5%90%9B%E5%B1%B1%E5%B2%9B%E6%99%AF%E5%8C%BA%20%E9%97%A8%E7%A5%A8,平台票种待逐项核验,成人票种、游览日、基础/联票、交通是否包含、价格生效期、来源日期
214,岳麓山·橘子洲旅游区,湖南,基础价格已核验,2,https://fgw.hunan.gov.cn/fgw/jgzc11/202507/t20250724_33748635.html | https://whhlyt.hunan.gov.cn/whhlyt/news/gzdt/202307/t20230710_29397040.html,免费,https://sjfw.mct.gov.cn/site/dataservice/base,https://www.baidu.com/s?wd=%E5%B2%B3%E9%BA%93%E5%B1%B1%C2%B7%E6%A9%98%E5%AD%90%E6%B4%B2%E6%97%85%E6%B8%B8%E5%8C%BA%20%E5%AE%98%E6%96%B9%20%E9%97%A8%E7%A5%A8%20%E6%88%90%E4%BA%BA%20%E7%A5%A8%E5%8A%A1,https://www.baidu.com/s?wd=site%3Actrip.com%20%E5%B2%B3%E9%BA%93%E5%B1%B1%C2%B7%E6%A9%98%E5%AD%90%E6%B4%B2%E6%97%85%E6%B8%B8%E5%8C%BA%20%E6%88%90%E4%BA%BA%20%E9%97%A8%E7%A5%A8,https://www.baidu.com/s?wd=site%3Adianping.com%20%E5%B2%B3%E9%BA%93%E5%B1%B1%C2%B7%E6%A9%98%E5%AD%90%E6%B4%B2%E6%97%85%E6%B8%B8%E5%8C%BA%20%E9%97%A8%E7%A5%A8,平台票种待逐项核验,成人票种、游览日、基础/联票、交通是否包含、价格生效期、来源日期
215,花明楼景区,湖南,基础价格已核验,1,https://whhlyt.hunan.gov.cn/whhlyt/news/gzdt/202307/t20230710_29397040.html,免费,https://sjfw.mct.gov.cn/site/dataservice/base,https://www.baidu.com/s?wd=%E8%8A%B1%E6%98%8E%E6%A5%BC%E6%99%AF%E5%8C%BA%20%E5%AE%98%E6%96%B9%20%E9%97%A8%E7%A5%A8%20%E6%88%90%E4%BA%BA%20%E7%A5%A8%E5%8A%A1,https://www.baidu.com/s?wd=site%3Actrip.com%20%E8%8A%B1%E6%98%8E%E6%A5%BC%E6%99%AF%E5%8C%BA%20%E6%88%90%E4%BA%BA%20%E9%97%A8%E7%A5%A8,https://www.baidu.com/s?wd=site%3Adianping.com%20%E8%8A%B1%E6%98%8E%E6%A5%BC%E6%99%AF%E5%8C%BA%20%E9%97%A8%E7%A5%A8,平台票种待逐项核验,成人票种、游览日、基础/联票、交通是否包含、价格生效期、来源日期
216,郴州市东江湖旅游区,湖南,基础价格已核验,2,https://fgw.hunan.gov.cn/fgw/jgzc11/202507/t20250724_33748635.html,55元,https://sjfw.mct.gov.cn/site/dataservice/base,https://www.baidu.com/s?wd=%E9%83%B4%E5%B7%9E%E5%B8%82%E4%B8%9C%E6%B1%9F%E6%B9%96%E6%97%85%E6%B8%B8%E5%8C%BA%20%E5%AE%98%E6%96%B9%20%E9%97%A8%E7%A5%A8%20%E6%88%90%E4%BA%BA%20%E7%A5%A8%E5%8A%A1,https://www.baidu.com/s?wd=site%3Actrip.com%20%E9%83%B4%E5%B7%9E%E5%B8%82%E4%B8%9C%E6%B1%9F%E6%B9%96%E6%97%85%E6%B8%B8%E5%8C%BA%20%E6%88%90%E4%BA%BA%20%E9%97%A8%E7%A5%A8,https://www.baidu.com/s?wd=site%3Adianping.com%20%E9%83%B4%E5%B7%9E%E5%B8%82%E4%B8%9C%E6%B1%9F%E6%B9%96%E6%97%85%E6%B8%B8%E5%8C%BA%20%E9%97%A8%E7%A5%A8,平台票种待逐项核验,成人票种、游览日、基础/联票、交通是否包含、价格生效期、来源日期
217,崀山风景名胜区,湖南,基础价格已核验,1,https://fgw.hunan.gov.cn/fgw/jgzc11/202507/t20250724_33748635.html,136元,https://sjfw.mct.gov.cn/site/dataservice/base,https://www.baidu.com/s?wd=%E5%B4%80%E5%B1%B1%E9%A3%8E%E6%99%AF%E5%90%8D%E8%83%9C%E5%8C%BA%20%E5%AE%98%E6%96%B9%20%E9%97%A8%E7%A5%A8%20%E6%88%90%E4%BA%BA%20%E7%A5%A8%E5%8A%A1,https://www.baidu.com/s?wd=site%3Actrip.com%20%E5%B4%80%E5%B1%B1%E9%A3%8E%E6%99%AF%E5%90%8D%E8%83%9C%E5%8C%BA%20%E6%88%90%E4%BA%BA%20%E9%97%A8%E7%A5%A8,https://www.baidu.com/s?wd=site%3Adianping.com%20%E5%B4%80%E5%B1%B1%E9%A3%8E%E6%99%AF%E5%90%8D%E8%83%9C%E5%8C%BA%20%E9%97%A8%E7%A5%A8,平台票种待逐项核验,成人票种、游览日、基础/联票、交通是否包含、价格生效期、来源日期
218,株洲市炎帝陵景区,湖南,基础价格已核验,1,https://fgw.hunan.gov.cn/fgw/jgzc11/202507/t20250724_33748635.html,62元,https://sjfw.mct.gov.cn/site/dataservice/base,https://www.baidu.com/s?wd=%E6%A0%AA%E6%B4%B2%E5%B8%82%E7%82%8E%E5%B8%9D%E9%99%B5%E6%99%AF%E5%8C%BA%20%E5%AE%98%E6%96%B9%20%E9%97%A8%E7%A5%A8%20%E6%88%90%E4%BA%BA%20%E7%A5%A8%E5%8A%A1,https://www.baidu.com/s?wd=site%3Actrip.com%20%E6%A0%AA%E6%B4%B2%E5%B8%82%E7%82%8E%E5%B8%9D%E9%99%B5%E6%99%AF%E5%8C%BA%20%E6%88%90%E4%BA%BA%20%E9%97%A8%E7%A5%A8,https://www.baidu.com/s?wd=site%3Adianping.com%20%E6%A0%AA%E6%B4%B2%E5%B8%82%E7%82%8E%E5%B8%9D%E9%99%B5%E6%99%AF%E5%8C%BA%20%E9%97%A8%E7%A5%A8,平台票种待逐项核验,成人票种、游览日、基础/联票、交通是否包含、价格生效期、来源日期
219,湖南常德桃花源旅游区,湖南,基础价格已核验,1,https://fgw.hunan.gov.cn/fgw/jgzc11/202507/t20250724_33748635.html,128元,https://sjfw.mct.gov.cn/site/dataservice/base,https://www.baidu.com/s?wd=%E6%B9%96%E5%8D%97%E5%B8%B8%E5%BE%B7%E6%A1%83%E8%8A%B1%E6%BA%90%E6%97%85%E6%B8%B8%E5%8C%BA%20%E5%AE%98%E6%96%B9%20%E9%97%A8%E7%A5%A8%20%E6%88%90%E4%BA%BA%20%E7%A5%A8%E5%8A%A1,https://www.baidu.com/s?wd=site%3Actrip.com%20%E6%B9%96%E5%8D%97%E5%B8%B8%E5%BE%B7%E6%A1%83%E8%8A%B1%E6%BA%90%E6%97%85%E6%B8%B8%E5%8C%BA%20%E6%88%90%E4%BA%BA%20%E9%97%A8%E7%A5%A8,https://www.baidu.com/s?wd=site%3Adianping.com%20%E6%B9%96%E5%8D%97%E5%B8%B8%E5%BE%B7%E6%A1%83%E8%8A%B1%E6%BA%90%E6%97%85%E6%B8%B8%E5%8C%BA%20%E9%97%A8%E7%A5%A8,平台票种待逐项核验,成人票种、游览日、基础/联票、交通是否包含、价格生效期、来源日期
220,湘西州吉首市矮寨·十八洞•德夯大峡谷景区,湖南,部分票种已核验,3,https://fgw.hunan.gov.cn/fgw/jgzc11/202507/t20250724_33748635.html,,https://sjfw.mct.gov.cn/site/dataservice/base,https://www.baidu.com/s?wd=%E6%B9%98%E8%A5%BF%E5%B7%9E%E5%90%89%E9%A6%96%E5%B8%82%E7%9F%AE%E5%AF%A8%C2%B7%E5%8D%81%E5%85%AB%E6%B4%9E%E2%80%A2%E5%BE%B7%E5%A4%AF%E5%A4%A7%E5%B3%A1%E8%B0%B7%E6%99%AF%E5%8C%BA%20%E5%AE%98%E6%96%B9%20%E9%97%A8%E7%A5%A8%20%E6%88%90%E4%BA%BA%20%E7%A5%A8%E5%8A%A1,https://www.baidu.com/s?wd=site%3Actrip.com%20%E6%B9%98%E8%A5%BF%E5%B7%9E%E5%90%89%E9%A6%96%E5%B8%82%E7%9F%AE%E5%AF%A8%C2%B7%E5%8D%81%E5%85%AB%E6%B4%9E%E2%80%A2%E5%BE%B7%E5%A4%AF%E5%A4%A7%E5%B3%A1%E8%B0%B7%E6%99%AF%E5%8C%BA%20%E6%88%90%E4%BA%BA%20%E9%97%A8%E7%A5%A8,https://www.baidu.com/s?wd=site%3Adianping.com%20%E6%B9%98%E8%A5%BF%E5%B7%9E%E5%90%89%E9%A6%96%E5%B8%82%E7%9F%AE%E5%AF%A8%C2%B7%E5%8D%81%E5%85%AB%E6%B4%9E%E2%80%A2%E5%BE%B7%E5%A4%AF%E5%A4%A7%E5%B3%A1%E8%B0%B7%E6%99%AF%E5%8C%BA%20%E9%97%A8%E7%A5%A8,平台票种待逐项核验,成人票种、游览日、基础/联票、交通是否包含、价格生效期、来源日期
221,湘西州凤凰古城旅游区,湖南,部分票种已核验,1,https://fgw.hunan.gov.cn/fgw/jgzc11/202507/t20250724_33748635.html,,https://sjfw.mct.gov.cn/site/dataservice/base,https://www.baidu.com/s?wd=%E6%B9%98%E8%A5%BF%E5%B7%9E%E5%87%A4%E5%87%B0%E5%8F%A4%E5%9F%8E%E6%97%85%E6%B8%B8%E5%8C%BA%20%E5%AE%98%E6%96%B9%20%E9%97%A8%E7%A5%A8%20%E6%88%90%E4%BA%BA%20%E7%A5%A8%E5%8A%A1,https://www.baidu.com/s?wd=site%3Actrip.com%20%E6%B9%98%E8%A5%BF%E5%B7%9E%E5%87%A4%E5%87%B0%E5%8F%A4%E5%9F%8E%E6%97%85%E6%B8%B8%E5%8C%BA%20%E6%88%90%E4%BA%BA%20%E9%97%A8%E7%A5%A8,https://www.baidu.com/s?wd=site%3Adianping.com%20%E6%B9%98%E8%A5%BF%E5%B7%9E%E5%87%A4%E5%87%B0%E5%8F%A4%E5%9F%8E%E6%97%85%E6%B8%B8%E5%8C%BA%20%E9%97%A8%E7%A5%A8,平台票种待逐项核验,成人票种、游览日、基础/联票、交通是否包含、价格生效期、来源日期
222,广州市长隆旅游度假区,广东,待核验,0,,,https://sjfw.mct.gov.cn/site/dataservice/base,https://www.baidu.com/s?wd=%E5%B9%BF%E5%B7%9E%E5%B8%82%E9%95%BF%E9%9A%86%E6%97%85%E6%B8%B8%E5%BA%A6%E5%81%87%E5%8C%BA%20%E5%AE%98%E6%96%B9%20%E9%97%A8%E7%A5%A8%20%E6%88%90%E4%BA%BA%20%E7%A5%A8%E5%8A%A1,https://www.baidu.com/s?wd=site%3Actrip.com%20%E5%B9%BF%E5%B7%9E%E5%B8%82%E9%95%BF%E9%9A%86%E6%97%85%E6%B8%B8%E5%BA%A6%E5%81%87%E5%8C%BA%20%E6%88%90%E4%BA%BA%20%E9%97%A8%E7%A5%A8,https://www.baidu.com/s?wd=site%3Adianping.com%20%E5%B9%BF%E5%B7%9E%E5%B8%82%E9%95%BF%E9%9A%86%E6%97%85%E6%B8%B8%E5%BA%A6%E5%81%87%E5%8C%BA%20%E9%97%A8%E7%A5%A8,平台票种待逐项核验,成人票种、游览日、基础/联票、交通是否包含、价格生效期、来源日期
223,深圳市南山区华侨城旅游度假区,广东,待核验,0,,,https://sjfw.mct.gov.cn/site/dataservice/base,https://www.baidu.com/s?wd=%E6%B7%B1%E5%9C%B3%E5%B8%82%E5%8D%97%E5%B1%B1%E5%8C%BA%E5%8D%8E%E4%BE%A8%E5%9F%8E%E6%97%85%E6%B8%B8%E5%BA%A6%E5%81%87%E5%8C%BA%20%E5%AE%98%E6%96%B9%20%E9%97%A8%E7%A5%A8%20%E6%88%90%E4%BA%BA%20%E7%A5%A8%E5%8A%A1,https://www.baidu.com/s?wd=site%3Actrip.com%20%E6%B7%B1%E5%9C%B3%E5%B8%82%E5%8D%97%E5%B1%B1%E5%8C%BA%E5%8D%8E%E4%BE%A8%E5%9F%8E%E6%97%85%E6%B8%B8%E5%BA%A6%E5%81%87%E5%8C%BA%20%E6%88%90%E4%BA%BA%20%E9%97%A8%E7%A5%A8,https://www.baidu.com/s?wd=site%3Adianping.com%20%E6%B7%B1%E5%9C%B3%E5%B8%82%E5%8D%97%E5%B1%B1%E5%8C%BA%E5%8D%8E%E4%BE%A8%E5%9F%8E%E6%97%85%E6%B8%B8%E5%BA%A6%E5%81%87%E5%8C%BA%20%E9%97%A8%E7%A5%A8,平台票种待逐项核验,成人票种、游览日、基础/联票、交通是否包含、价格生效期、来源日期
224,广州市白云区白云山景区,广东,基础价格已核验,1,https://www.gz.gov.cn/attachment/7/7882/7882495/6514109.pdf,5元,https://sjfw.mct.gov.cn/site/dataservice/base,https://www.baidu.com/s?wd=%E5%B9%BF%E5%B7%9E%E5%B8%82%E7%99%BD%E4%BA%91%E5%8C%BA%E7%99%BD%E4%BA%91%E5%B1%B1%E6%99%AF%E5%8C%BA%20%E5%AE%98%E6%96%B9%20%E9%97%A8%E7%A5%A8%20%E6%88%90%E4%BA%BA%20%E7%A5%A8%E5%8A%A1,https://www.baidu.com/s?wd=site%3Actrip.com%20%E5%B9%BF%E5%B7%9E%E5%B8%82%E7%99%BD%E4%BA%91%E5%8C%BA%E7%99%BD%E4%BA%91%E5%B1%B1%E6%99%AF%E5%8C%BA%20%E6%88%90%E4%BA%BA%20%E9%97%A8%E7%A5%A8,https://www.baidu.com/s?wd=site%3Adianping.com%20%E5%B9%BF%E5%B7%9E%E5%B8%82%E7%99%BD%E4%BA%91%E5%8C%BA%E7%99%BD%E4%BA%91%E5%B1%B1%E6%99%AF%E5%8C%BA%20%E9%97%A8%E7%A5%A8,平台票种待逐项核验,成人票种、游览日、基础/联票、交通是否包含、价格生效期、来源日期
225,梅州市梅县区雁南飞茶田景区,广东,待核验,0,,,https://sjfw.mct.gov.cn/site/dataservice/base,https://www.baidu.com/s?wd=%E6%A2%85%E5%B7%9E%E5%B8%82%E6%A2%85%E5%8E%BF%E5%8C%BA%E9%9B%81%E5%8D%97%E9%A3%9E%E8%8C%B6%E7%94%B0%E6%99%AF%E5%8C%BA%20%E5%AE%98%E6%96%B9%20%E9%97%A8%E7%A5%A8%20%E6%88%90%E4%BA%BA%20%E7%A5%A8%E5%8A%A1,https://www.baidu.com/s?wd=site%3Actrip.com%20%E6%A2%85%E5%B7%9E%E5%B8%82%E6%A2%85%E5%8E%BF%E5%8C%BA%E9%9B%81%E5%8D%97%E9%A3%9E%E8%8C%B6%E7%94%B0%E6%99%AF%E5%8C%BA%20%E6%88%90%E4%BA%BA%20%E9%97%A8%E7%A5%A8,https://www.baidu.com/s?wd=site%3Adianping.com%20%E6%A2%85%E5%B7%9E%E5%B8%82%E6%A2%85%E5%8E%BF%E5%8C%BA%E9%9B%81%E5%8D%97%E9%A3%9E%E8%8C%B6%E7%94%B0%E6%99%AF%E5%8C%BA%20%E9%97%A8%E7%A5%A8,平台票种待逐项核验,成人票种、游览日、基础/联票、交通是否包含、价格生效期、来源日期
226,深圳市龙华区观澜湖休闲旅游区,广东,待核验,0,,,https://sjfw.mct.gov.cn/site/dataservice/base,https://www.baidu.com/s?wd=%E6%B7%B1%E5%9C%B3%E5%B8%82%E9%BE%99%E5%8D%8E%E5%8C%BA%E8%A7%82%E6%BE%9C%E6%B9%96%E4%BC%91%E9%97%B2%E6%97%85%E6%B8%B8%E5%8C%BA%20%E5%AE%98%E6%96%B9%20%E9%97%A8%E7%A5%A8%20%E6%88%90%E4%BA%BA%20%E7%A5%A8%E5%8A%A1,https://www.baidu.com/s?wd=site%3Actrip.com%20%E6%B7%B1%E5%9C%B3%E5%B8%82%E9%BE%99%E5%8D%8E%E5%8C%BA%E8%A7%82%E6%BE%9C%E6%B9%96%E4%BC%91%E9%97%B2%E6%97%85%E6%B8%B8%E5%8C%BA%20%E6%88%90%E4%BA%BA%20%E9%97%A8%E7%A5%A8,https://www.baidu.com/s?wd=site%3Adianping.com%20%E6%B7%B1%E5%9C%B3%E5%B8%82%E9%BE%99%E5%8D%8E%E5%8C%BA%E8%A7%82%E6%BE%9C%E6%B9%96%E4%BC%91%E9%97%B2%E6%97%85%E6%B8%B8%E5%8C%BA%20%E9%97%A8%E7%A5%A8,平台票种待逐项核验,成人票种、游览日、基础/联票、交通是否包含、价格生效期、来源日期
227,清远市连州市地下河旅游景区,广东,待核验,0,,,https://sjfw.mct.gov.cn/site/dataservice/base,https://www.baidu.com/s?wd=%E6%B8%85%E8%BF%9C%E5%B8%82%E8%BF%9E%E5%B7%9E%E5%B8%82%E5%9C%B0%E4%B8%8B%E6%B2%B3%E6%97%85%E6%B8%B8%E6%99%AF%E5%8C%BA%20%E5%AE%98%E6%96%B9%20%E9%97%A8%E7%A5%A8%20%E6%88%90%E4%BA%BA%20%E7%A5%A8%E5%8A%A1,https://www.baidu.com/s?wd=site%3Actrip.com%20%E6%B8%85%E8%BF%9C%E5%B8%82%E8%BF%9E%E5%B7%9E%E5%B8%82%E5%9C%B0%E4%B8%8B%E6%B2%B3%E6%97%85%E6%B8%B8%E6%99%AF%E5%8C%BA%20%E6%88%90%E4%BA%BA%20%E9%97%A8%E7%A5%A8,https://www.baidu.com/s?wd=site%3Adianping.com%20%E6%B8%85%E8%BF%9C%E5%B8%82%E8%BF%9E%E5%B7%9E%E5%B8%82%E5%9C%B0%E4%B8%8B%E6%B2%B3%E6%97%85%E6%B8%B8%E6%99%AF%E5%8C%BA%20%E9%97%A8%E7%A5%A8,平台票种待逐项核验,成人票种、游览日、基础/联票、交通是否包含、价格生效期、来源日期
228,韶关市仁化县丹霞山景区,广东,基础价格已核验,2,https://dxs.sg.gov.cn/zwgk/bmwj/content/post_2801349.html,100元,https://sjfw.mct.gov.cn/site/dataservice/base,https://www.baidu.com/s?wd=%E9%9F%B6%E5%85%B3%E5%B8%82%E4%BB%81%E5%8C%96%E5%8E%BF%E4%B8%B9%E9%9C%9E%E5%B1%B1%E6%99%AF%E5%8C%BA%20%E5%AE%98%E6%96%B9%20%E9%97%A8%E7%A5%A8%20%E6%88%90%E4%BA%BA%20%E7%A5%A8%E5%8A%A1,https://www.baidu.com/s?wd=site%3Actrip.com%20%E9%9F%B6%E5%85%B3%E5%B8%82%E4%BB%81%E5%8C%96%E5%8E%BF%E4%B8%B9%E9%9C%9E%E5%B1%B1%E6%99%AF%E5%8C%BA%20%E6%88%90%E4%BA%BA%20%E9%97%A8%E7%A5%A8,https://www.baidu.com/s?wd=site%3Adianping.com%20%E9%9F%B6%E5%85%B3%E5%B8%82%E4%BB%81%E5%8C%96%E5%8E%BF%E4%B8%B9%E9%9C%9E%E5%B1%B1%E6%99%AF%E5%8C%BA%20%E9%97%A8%E7%A5%A8,平台票种待逐项核验,成人票种、游览日、基础/联票、交通是否包含、价格生效期、来源日期
229,佛山市南海区西樵山景区,广东,待核验,0,,,https://sjfw.mct.gov.cn/site/dataservice/base,https://www.baidu.com/s?wd=%E4%BD%9B%E5%B1%B1%E5%B8%82%E5%8D%97%E6%B5%B7%E5%8C%BA%E8%A5%BF%E6%A8%B5%E5%B1%B1%E6%99%AF%E5%8C%BA%20%E5%AE%98%E6%96%B9%20%E9%97%A8%E7%A5%A8%20%E6%88%90%E4%BA%BA%20%E7%A5%A8%E5%8A%A1,https://www.baidu.com/s?wd=site%3Actrip.com%20%E4%BD%9B%E5%B1%B1%E5%B8%82%E5%8D%97%E6%B5%B7%E5%8C%BA%E8%A5%BF%E6%A8%B5%E5%B1%B1%E6%99%AF%E5%8C%BA%20%E6%88%90%E4%BA%BA%20%E9%97%A8%E7%A5%A8,https://www.baidu.com/s?wd=site%3Adianping.com%20%E4%BD%9B%E5%B1%B1%E5%B8%82%E5%8D%97%E6%B5%B7%E5%8C%BA%E8%A5%BF%E6%A8%B5%E5%B1%B1%E6%99%AF%E5%8C%BA%20%E9%97%A8%E7%A5%A8,平台票种待逐项核验,成人票种、游览日、基础/联票、交通是否包含、价格生效期、来源日期
230,惠州市罗浮山景区,广东,待核验,0,,,https://sjfw.mct.gov.cn/site/dataservice/base,https://www.baidu.com/s?wd=%E6%83%A0%E5%B7%9E%E5%B8%82%E7%BD%97%E6%B5%AE%E5%B1%B1%E6%99%AF%E5%8C%BA%20%E5%AE%98%E6%96%B9%20%E9%97%A8%E7%A5%A8%20%E6%88%90%E4%BA%BA%20%E7%A5%A8%E5%8A%A1,https://www.baidu.com/s?wd=site%3Actrip.com%20%E6%83%A0%E5%B7%9E%E5%B8%82%E7%BD%97%E6%B5%AE%E5%B1%B1%E6%99%AF%E5%8C%BA%20%E6%88%90%E4%BA%BA%20%E9%97%A8%E7%A5%A8,https://www.baidu.com/s?wd=site%3Adianping.com%20%E6%83%A0%E5%B7%9E%E5%B8%82%E7%BD%97%E6%B5%AE%E5%B1%B1%E6%99%AF%E5%8C%BA%20%E9%97%A8%E7%A5%A8,平台票种待逐项核验,成人票种、游览日、基础/联票、交通是否包含、价格生效期、来源日期
231,佛山市长鹿旅游休博园,广东,待核验,0,,,https://sjfw.mct.gov.cn/site/dataservice/base,https://www.baidu.com/s?wd=%E4%BD%9B%E5%B1%B1%E5%B8%82%E9%95%BF%E9%B9%BF%E6%97%85%E6%B8%B8%E4%BC%91%E5%8D%9A%E5%9B%AD%20%E5%AE%98%E6%96%B9%20%E9%97%A8%E7%A5%A8%20%E6%88%90%E4%BA%BA%20%E7%A5%A8%E5%8A%A1,https://www.baidu.com/s?wd=site%3Actrip.com%20%E4%BD%9B%E5%B1%B1%E5%B8%82%E9%95%BF%E9%B9%BF%E6%97%85%E6%B8%B8%E4%BC%91%E5%8D%9A%E5%9B%AD%20%E6%88%90%E4%BA%BA%20%E9%97%A8%E7%A5%A8,https://www.baidu.com/s?wd=site%3Adianping.com%20%E4%BD%9B%E5%B1%B1%E5%B8%82%E9%95%BF%E9%B9%BF%E6%97%85%E6%B8%B8%E4%BC%91%E5%8D%9A%E5%9B%AD%20%E9%97%A8%E7%A5%A8,平台票种待逐项核验,成人票种、游览日、基础/联票、交通是否包含、价格生效期、来源日期
232,阳江市江城区海陵岛大角湾海上丝路旅游区,广东,待核验,0,,,https://sjfw.mct.gov.cn/site/dataservice/base,https://www.baidu.com/s?wd=%E9%98%B3%E6%B1%9F%E5%B8%82%E6%B1%9F%E5%9F%8E%E5%8C%BA%E6%B5%B7%E9%99%B5%E5%B2%9B%E5%A4%A7%E8%A7%92%E6%B9%BE%E6%B5%B7%E4%B8%8A%E4%B8%9D%E8%B7%AF%E6%97%85%E6%B8%B8%E5%8C%BA%20%E5%AE%98%E6%96%B9%20%E9%97%A8%E7%A5%A8%20%E6%88%90%E4%BA%BA%20%E7%A5%A8%E5%8A%A1,https://www.baidu.com/s?wd=site%3Actrip.com%20%E9%98%B3%E6%B1%9F%E5%B8%82%E6%B1%9F%E5%9F%8E%E5%8C%BA%E6%B5%B7%E9%99%B5%E5%B2%9B%E5%A4%A7%E8%A7%92%E6%B9%BE%E6%B5%B7%E4%B8%8A%E4%B8%9D%E8%B7%AF%E6%97%85%E6%B8%B8%E5%8C%BA%20%E6%88%90%E4%BA%BA%20%E9%97%A8%E7%A5%A8,https://www.baidu.com/s?wd=site%3Adianping.com%20%E9%98%B3%E6%B1%9F%E5%B8%82%E6%B1%9F%E5%9F%8E%E5%8C%BA%E6%B5%B7%E9%99%B5%E5%B2%9B%E5%A4%A7%E8%A7%92%E6%B9%BE%E6%B5%B7%E4%B8%8A%E4%B8%9D%E8%B7%AF%E6%97%85%E6%B8%B8%E5%8C%BA%20%E9%97%A8%E7%A5%A8,平台票种待逐项核验,成人票种、游览日、基础/联票、交通是否包含、价格生效期、来源日期
233,中山市孙中山故里旅游区,广东,待核验,0,,,https://sjfw.mct.gov.cn/site/dataservice/base,https://www.baidu.com/s?wd=%E4%B8%AD%E5%B1%B1%E5%B8%82%E5%AD%99%E4%B8%AD%E5%B1%B1%E6%95%85%E9%87%8C%E6%97%85%E6%B8%B8%E5%8C%BA%20%E5%AE%98%E6%96%B9%20%E9%97%A8%E7%A5%A8%20%E6%88%90%E4%BA%BA%20%E7%A5%A8%E5%8A%A1,https://www.baidu.com/s?wd=site%3Actrip.com%20%E4%B8%AD%E5%B1%B1%E5%B8%82%E5%AD%99%E4%B8%AD%E5%B1%B1%E6%95%85%E9%87%8C%E6%97%85%E6%B8%B8%E5%8C%BA%20%E6%88%90%E4%BA%BA%20%E9%97%A8%E7%A5%A8,https://www.baidu.com/s?wd=site%3Adianping.com%20%E4%B8%AD%E5%B1%B1%E5%B8%82%E5%AD%99%E4%B8%AD%E5%B1%B1%E6%95%85%E9%87%8C%E6%97%85%E6%B8%B8%E5%8C%BA%20%E9%97%A8%E7%A5%A8,平台票种待逐项核验,成人票种、游览日、基础/联票、交通是否包含、价格生效期、来源日期
234,惠州市惠城区惠州西湖旅游景区,广东,待核验,0,,,https://sjfw.mct.gov.cn/site/dataservice/base,https://www.baidu.com/s?wd=%E6%83%A0%E5%B7%9E%E5%B8%82%E6%83%A0%E5%9F%8E%E5%8C%BA%E6%83%A0%E5%B7%9E%E8%A5%BF%E6%B9%96%E6%97%85%E6%B8%B8%E6%99%AF%E5%8C%BA%20%E5%AE%98%E6%96%B9%20%E9%97%A8%E7%A5%A8%20%E6%88%90%E4%BA%BA%20%E7%A5%A8%E5%8A%A1,https://www.baidu.com/s?wd=site%3Actrip.com%20%E6%83%A0%E5%B7%9E%E5%B8%82%E6%83%A0%E5%9F%8E%E5%8C%BA%E6%83%A0%E5%B7%9E%E8%A5%BF%E6%B9%96%E6%97%85%E6%B8%B8%E6%99%AF%E5%8C%BA%20%E6%88%90%E4%BA%BA%20%E9%97%A8%E7%A5%A8,https://www.baidu.com/s?wd=site%3Adianping.com%20%E6%83%A0%E5%B7%9E%E5%B8%82%E6%83%A0%E5%9F%8E%E5%8C%BA%E6%83%A0%E5%B7%9E%E8%A5%BF%E6%B9%96%E6%97%85%E6%B8%B8%E6%99%AF%E5%8C%BA%20%E9%97%A8%E7%A5%A8,平台票种待逐项核验,成人票种、游览日、基础/联票、交通是否包含、价格生效期、来源日期
235,肇庆市星湖旅游区,广东,待核验,0,,,https://sjfw.mct.gov.cn/site/dataservice/base,https://www.baidu.com/s?wd=%E8%82%87%E5%BA%86%E5%B8%82%E6%98%9F%E6%B9%96%E6%97%85%E6%B8%B8%E5%8C%BA%20%E5%AE%98%E6%96%B9%20%E9%97%A8%E7%A5%A8%20%E6%88%90%E4%BA%BA%20%E7%A5%A8%E5%8A%A1,https://www.baidu.com/s?wd=site%3Actrip.com%20%E8%82%87%E5%BA%86%E5%B8%82%E6%98%9F%E6%B9%96%E6%97%85%E6%B8%B8%E5%8C%BA%20%E6%88%90%E4%BA%BA%20%E9%97%A8%E7%A5%A8,https://www.baidu.com/s?wd=site%3Adianping.com%20%E8%82%87%E5%BA%86%E5%B8%82%E6%98%9F%E6%B9%96%E6%97%85%E6%B8%B8%E5%8C%BA%20%E9%97%A8%E7%A5%A8,平台票种待逐项核验,成人票种、游览日、基础/联票、交通是否包含、价格生效期、来源日期
236,江门市开平碉楼文化旅游区,广东,待核验,0,,,https://sjfw.mct.gov.cn/site/dataservice/base,https://www.baidu.com/s?wd=%E6%B1%9F%E9%97%A8%E5%B8%82%E5%BC%80%E5%B9%B3%E7%A2%89%E6%A5%BC%E6%96%87%E5%8C%96%E6%97%85%E6%B8%B8%E5%8C%BA%20%E5%AE%98%E6%96%B9%20%E9%97%A8%E7%A5%A8%20%E6%88%90%E4%BA%BA%20%E7%A5%A8%E5%8A%A1,https://www.baidu.com/s?wd=site%3Actrip.com%20%E6%B1%9F%E9%97%A8%E5%B8%82%E5%BC%80%E5%B9%B3%E7%A2%89%E6%A5%BC%E6%96%87%E5%8C%96%E6%97%85%E6%B8%B8%E5%8C%BA%20%E6%88%90%E4%BA%BA%20%E9%97%A8%E7%A5%A8,https://www.baidu.com/s?wd=site%3Adianping.com%20%E6%B1%9F%E9%97%A8%E5%B8%82%E5%BC%80%E5%B9%B3%E7%A2%89%E6%A5%BC%E6%96%87%E5%8C%96%E6%97%85%E6%B8%B8%E5%8C%BA%20%E9%97%A8%E7%A5%A8,平台票种待逐项核验,成人票种、游览日、基础/联票、交通是否包含、价格生效期、来源日期
237,河源市万绿湖风景区,广东,待核验,0,,,https://sjfw.mct.gov.cn/site/dataservice/base,https://www.baidu.com/s?wd=%E6%B2%B3%E6%BA%90%E5%B8%82%E4%B8%87%E7%BB%BF%E6%B9%96%E9%A3%8E%E6%99%AF%E5%8C%BA%20%E5%AE%98%E6%96%B9%20%E9%97%A8%E7%A5%A8%20%E6%88%90%E4%BA%BA%20%E7%A5%A8%E5%8A%A1,https://www.baidu.com/s?wd=site%3Actrip.com%20%E6%B2%B3%E6%BA%90%E5%B8%82%E4%B8%87%E7%BB%BF%E6%B9%96%E9%A3%8E%E6%99%AF%E5%8C%BA%20%E6%88%90%E4%BA%BA%20%E9%97%A8%E7%A5%A8,https://www.baidu.com/s?wd=site%3Adianping.com%20%E6%B2%B3%E6%BA%90%E5%B8%82%E4%B8%87%E7%BB%BF%E6%B9%96%E9%A3%8E%E6%99%AF%E5%8C%BA%20%E9%97%A8%E7%A5%A8,平台票种待逐项核验,成人票种、游览日、基础/联票、交通是否包含、价格生效期、来源日期
238,桂林市漓江风景区,广西,待核验,0,,,https://sjfw.mct.gov.cn/site/dataservice/base,https://www.baidu.com/s?wd=%E6%A1%82%E6%9E%97%E5%B8%82%E6%BC%93%E6%B1%9F%E9%A3%8E%E6%99%AF%E5%8C%BA%20%E5%AE%98%E6%96%B9%20%E9%97%A8%E7%A5%A8%20%E6%88%90%E4%BA%BA%20%E7%A5%A8%E5%8A%A1,https://www.baidu.com/s?wd=site%3Actrip.com%20%E6%A1%82%E6%9E%97%E5%B8%82%E6%BC%93%E6%B1%9F%E9%A3%8E%E6%99%AF%E5%8C%BA%20%E6%88%90%E4%BA%BA%20%E9%97%A8%E7%A5%A8,https://www.baidu.com/s?wd=site%3Adianping.com%20%E6%A1%82%E6%9E%97%E5%B8%82%E6%BC%93%E6%B1%9F%E9%A3%8E%E6%99%AF%E5%8C%BA%20%E9%97%A8%E7%A5%A8,平台票种待逐项核验,成人票种、游览日、基础/联票、交通是否包含、价格生效期、来源日期
239,桂林市独秀峰•靖江王城景区,广西,待核验,0,,,https://sjfw.mct.gov.cn/site/dataservice/base,https://www.baidu.com/s?wd=%E6%A1%82%E6%9E%97%E5%B8%82%E7%8B%AC%E7%A7%80%E5%B3%B0%E2%80%A2%E9%9D%96%E6%B1%9F%E7%8E%8B%E5%9F%8E%E6%99%AF%E5%8C%BA%20%E5%AE%98%E6%96%B9%20%E9%97%A8%E7%A5%A8%20%E6%88%90%E4%BA%BA%20%E7%A5%A8%E5%8A%A1,https://www.baidu.com/s?wd=site%3Actrip.com%20%E6%A1%82%E6%9E%97%E5%B8%82%E7%8B%AC%E7%A7%80%E5%B3%B0%E2%80%A2%E9%9D%96%E6%B1%9F%E7%8E%8B%E5%9F%8E%E6%99%AF%E5%8C%BA%20%E6%88%90%E4%BA%BA%20%E9%97%A8%E7%A5%A8,https://www.baidu.com/s?wd=site%3Adianping.com%20%E6%A1%82%E6%9E%97%E5%B8%82%E7%8B%AC%E7%A7%80%E5%B3%B0%E2%80%A2%E9%9D%96%E6%B1%9F%E7%8E%8B%E5%9F%8E%E6%99%AF%E5%8C%BA%20%E9%97%A8%E7%A5%A8,平台票种待逐项核验,成人票种、游览日、基础/联票、交通是否包含、价格生效期、来源日期
240,南宁市青秀山风景名胜旅游区,广西,基础价格已核验,1,https://www.mct.gov.cn/whzx/qgwhxxlb/gx/202504/t20250416_959426.htm,20元,https://sjfw.mct.gov.cn/site/dataservice/base,https://www.baidu.com/s?wd=%E5%8D%97%E5%AE%81%E5%B8%82%E9%9D%92%E7%A7%80%E5%B1%B1%E9%A3%8E%E6%99%AF%E5%90%8D%E8%83%9C%E6%97%85%E6%B8%B8%E5%8C%BA%20%E5%AE%98%E6%96%B9%20%E9%97%A8%E7%A5%A8%20%E6%88%90%E4%BA%BA%20%E7%A5%A8%E5%8A%A1,https://www.baidu.com/s?wd=site%3Actrip.com%20%E5%8D%97%E5%AE%81%E5%B8%82%E9%9D%92%E7%A7%80%E5%B1%B1%E9%A3%8E%E6%99%AF%E5%90%8D%E8%83%9C%E6%97%85%E6%B8%B8%E5%8C%BA%20%E6%88%90%E4%BA%BA%20%E9%97%A8%E7%A5%A8,https://www.baidu.com/s?wd=site%3Adianping.com%20%E5%8D%97%E5%AE%81%E5%B8%82%E9%9D%92%E7%A7%80%E5%B1%B1%E9%A3%8E%E6%99%AF%E5%90%8D%E8%83%9C%E6%97%85%E6%B8%B8%E5%8C%BA%20%E9%97%A8%E7%A5%A8,平台票种待逐项核验,成人票种、游览日、基础/联票、交通是否包含、价格生效期、来源日期
241,桂林市两江四湖•象山景区,广西,待核验,0,,,https://sjfw.mct.gov.cn/site/dataservice/base,https://www.baidu.com/s?wd=%E6%A1%82%E6%9E%97%E5%B8%82%E4%B8%A4%E6%B1%9F%E5%9B%9B%E6%B9%96%E2%80%A2%E8%B1%A1%E5%B1%B1%E6%99%AF%E5%8C%BA%20%E5%AE%98%E6%96%B9%20%E9%97%A8%E7%A5%A8%20%E6%88%90%E4%BA%BA%20%E7%A5%A8%E5%8A%A1,https://www.baidu.com/s?wd=site%3Actrip.com%20%E6%A1%82%E6%9E%97%E5%B8%82%E4%B8%A4%E6%B1%9F%E5%9B%9B%E6%B9%96%E2%80%A2%E8%B1%A1%E5%B1%B1%E6%99%AF%E5%8C%BA%20%E6%88%90%E4%BA%BA%20%E9%97%A8%E7%A5%A8,https://www.baidu.com/s?wd=site%3Adianping.com%20%E6%A1%82%E6%9E%97%E5%B8%82%E4%B8%A4%E6%B1%9F%E5%9B%9B%E6%B9%96%E2%80%A2%E8%B1%A1%E5%B1%B1%E6%99%AF%E5%8C%BA%20%E9%97%A8%E7%A5%A8,平台票种待逐项核验,成人票种、游览日、基础/联票、交通是否包含、价格生效期、来源日期
242,崇左市德天跨国瀑布景区,广西,待核验,0,,,https://sjfw.mct.gov.cn/site/dataservice/base,https://www.baidu.com/s?wd=%E5%B4%87%E5%B7%A6%E5%B8%82%E5%BE%B7%E5%A4%A9%E8%B7%A8%E5%9B%BD%E7%80%91%E5%B8%83%E6%99%AF%E5%8C%BA%20%E5%AE%98%E6%96%B9%20%E9%97%A8%E7%A5%A8%20%E6%88%90%E4%BA%BA%20%E7%A5%A8%E5%8A%A1,https://www.baidu.com/s?wd=site%3Actrip.com%20%E5%B4%87%E5%B7%A6%E5%B8%82%E5%BE%B7%E5%A4%A9%E8%B7%A8%E5%9B%BD%E7%80%91%E5%B8%83%E6%99%AF%E5%8C%BA%20%E6%88%90%E4%BA%BA%20%E9%97%A8%E7%A5%A8,https://www.baidu.com/s?wd=site%3Adianping.com%20%E5%B4%87%E5%B7%A6%E5%B8%82%E5%BE%B7%E5%A4%A9%E8%B7%A8%E5%9B%BD%E7%80%91%E5%B8%83%E6%99%AF%E5%8C%BA%20%E9%97%A8%E7%A5%A8,平台票种待逐项核验,成人票种、游览日、基础/联票、交通是否包含、价格生效期、来源日期
243,百色市百色起义纪念园景区,广西,部分票种已核验,1,https://www.gxjjw.gov.cn/staticpages/20231229/gxjjw658e379f-187219.shtml,,https://sjfw.mct.gov.cn/site/dataservice/base,https://www.baidu.com/s?wd=%E7%99%BE%E8%89%B2%E5%B8%82%E7%99%BE%E8%89%B2%E8%B5%B7%E4%B9%89%E7%BA%AA%E5%BF%B5%E5%9B%AD%E6%99%AF%E5%8C%BA%20%E5%AE%98%E6%96%B9%20%E9%97%A8%E7%A5%A8%20%E6%88%90%E4%BA%BA%20%E7%A5%A8%E5%8A%A1,https://www.baidu.com/s?wd=site%3Actrip.com%20%E7%99%BE%E8%89%B2%E5%B8%82%E7%99%BE%E8%89%B2%E8%B5%B7%E4%B9%89%E7%BA%AA%E5%BF%B5%E5%9B%AD%E6%99%AF%E5%8C%BA%20%E6%88%90%E4%BA%BA%20%E9%97%A8%E7%A5%A8,https://www.baidu.com/s?wd=site%3Adianping.com%20%E7%99%BE%E8%89%B2%E5%B8%82%E7%99%BE%E8%89%B2%E8%B5%B7%E4%B9%89%E7%BA%AA%E5%BF%B5%E5%9B%AD%E6%99%AF%E5%8C%BA%20%E9%97%A8%E7%A5%A8,平台票种待逐项核验,成人票种、游览日、基础/联票、交通是否包含、价格生效期、来源日期
244,北海市涠洲岛南湾鳄鱼山景区,广西,待核验,0,,,https://sjfw.mct.gov.cn/site/dataservice/base,https://www.baidu.com/s?wd=%E5%8C%97%E6%B5%B7%E5%B8%82%E6%B6%A0%E6%B4%B2%E5%B2%9B%E5%8D%97%E6%B9%BE%E9%B3%84%E9%B1%BC%E5%B1%B1%E6%99%AF%E5%8C%BA%20%E5%AE%98%E6%96%B9%20%E9%97%A8%E7%A5%A8%20%E6%88%90%E4%BA%BA%20%E7%A5%A8%E5%8A%A1,https://www.baidu.com/s?wd=site%3Actrip.com%20%E5%8C%97%E6%B5%B7%E5%B8%82%E6%B6%A0%E6%B4%B2%E5%B2%9B%E5%8D%97%E6%B9%BE%E9%B3%84%E9%B1%BC%E5%B1%B1%E6%99%AF%E5%8C%BA%20%E6%88%90%E4%BA%BA%20%E9%97%A8%E7%A5%A8,https://www.baidu.com/s?wd=site%3Adianping.com%20%E5%8C%97%E6%B5%B7%E5%B8%82%E6%B6%A0%E6%B4%B2%E5%B2%9B%E5%8D%97%E6%B9%BE%E9%B3%84%E9%B1%BC%E5%B1%B1%E6%99%AF%E5%8C%BA%20%E9%97%A8%E7%A5%A8,平台票种待逐项核验,成人票种、游览日、基础/联票、交通是否包含、价格生效期、来源日期
245,贺州市黄姚古镇景区,广西,待核验,0,,,https://sjfw.mct.gov.cn/site/dataservice/base,https://www.baidu.com/s?wd=%E8%B4%BA%E5%B7%9E%E5%B8%82%E9%BB%84%E5%A7%9A%E5%8F%A4%E9%95%87%E6%99%AF%E5%8C%BA%20%E5%AE%98%E6%96%B9%20%E9%97%A8%E7%A5%A8%20%E6%88%90%E4%BA%BA%20%E7%A5%A8%E5%8A%A1,https://www.baidu.com/s?wd=site%3Actrip.com%20%E8%B4%BA%E5%B7%9E%E5%B8%82%E9%BB%84%E5%A7%9A%E5%8F%A4%E9%95%87%E6%99%AF%E5%8C%BA%20%E6%88%90%E4%BA%BA%20%E9%97%A8%E7%A5%A8,https://www.baidu.com/s?wd=site%3Adianping.com%20%E8%B4%BA%E5%B7%9E%E5%B8%82%E9%BB%84%E5%A7%9A%E5%8F%A4%E9%95%87%E6%99%AF%E5%8C%BA%20%E9%97%A8%E7%A5%A8,平台票种待逐项核验,成人票种、游览日、基础/联票、交通是否包含、价格生效期、来源日期
246,柳州市程阳八寨景区,广西,待核验,0,,,https://sjfw.mct.gov.cn/site/dataservice/base,https://www.baidu.com/s?wd=%E6%9F%B3%E5%B7%9E%E5%B8%82%E7%A8%8B%E9%98%B3%E5%85%AB%E5%AF%A8%E6%99%AF%E5%8C%BA%20%E5%AE%98%E6%96%B9%20%E9%97%A8%E7%A5%A8%20%E6%88%90%E4%BA%BA%20%E7%A5%A8%E5%8A%A1,https://www.baidu.com/s?wd=site%3Actrip.com%20%E6%9F%B3%E5%B7%9E%E5%B8%82%E7%A8%8B%E9%98%B3%E5%85%AB%E5%AF%A8%E6%99%AF%E5%8C%BA%20%E6%88%90%E4%BA%BA%20%E9%97%A8%E7%A5%A8,https://www.baidu.com/s?wd=site%3Adianping.com%20%E6%9F%B3%E5%B7%9E%E5%B8%82%E7%A8%8B%E9%98%B3%E5%85%AB%E5%AF%A8%E6%99%AF%E5%8C%BA%20%E9%97%A8%E7%A5%A8,平台票种待逐项核验,成人票种、游览日、基础/联票、交通是否包含、价格生效期、来源日期
247,崇左市花山岩画景区,广西,待核验,0,,,https://sjfw.mct.gov.cn/site/dataservice/base,https://www.baidu.com/s?wd=%E5%B4%87%E5%B7%A6%E5%B8%82%E8%8A%B1%E5%B1%B1%E5%B2%A9%E7%94%BB%E6%99%AF%E5%8C%BA%20%E5%AE%98%E6%96%B9%20%E9%97%A8%E7%A5%A8%20%E6%88%90%E4%BA%BA%20%E7%A5%A8%E5%8A%A1,https://www.baidu.com/s?wd=site%3Actrip.com%20%E5%B4%87%E5%B7%A6%E5%B8%82%E8%8A%B1%E5%B1%B1%E5%B2%A9%E7%94%BB%E6%99%AF%E5%8C%BA%20%E6%88%90%E4%BA%BA%20%E9%97%A8%E7%A5%A8,https://www.baidu.com/s?wd=site%3Adianping.com%20%E5%B4%87%E5%B7%A6%E5%B8%82%E8%8A%B1%E5%B1%B1%E5%B2%A9%E7%94%BB%E6%99%AF%E5%8C%BA%20%E9%97%A8%E7%A5%A8,平台票种待逐项核验,成人票种、游览日、基础/联票、交通是否包含、价格生效期、来源日期
248,三亚市南山文化旅游区,海南,基础价格已核验,1,https://www.nanshan.com/nanshan/pwxz.html,129元,https://sjfw.mct.gov.cn/site/dataservice/base,https://www.baidu.com/s?wd=%E4%B8%89%E4%BA%9A%E5%B8%82%E5%8D%97%E5%B1%B1%E6%96%87%E5%8C%96%E6%97%85%E6%B8%B8%E5%8C%BA%20%E5%AE%98%E6%96%B9%20%E9%97%A8%E7%A5%A8%20%E6%88%90%E4%BA%BA%20%E7%A5%A8%E5%8A%A1,https://www.baidu.com/s?wd=site%3Actrip.com%20%E4%B8%89%E4%BA%9A%E5%B8%82%E5%8D%97%E5%B1%B1%E6%96%87%E5%8C%96%E6%97%85%E6%B8%B8%E5%8C%BA%20%E6%88%90%E4%BA%BA%20%E9%97%A8%E7%A5%A8,https://www.baidu.com/s?wd=site%3Adianping.com%20%E4%B8%89%E4%BA%9A%E5%B8%82%E5%8D%97%E5%B1%B1%E6%96%87%E5%8C%96%E6%97%85%E6%B8%B8%E5%8C%BA%20%E9%97%A8%E7%A5%A8,平台票种待逐项核验,成人票种、游览日、基础/联票、交通是否包含、价格生效期、来源日期
249,三亚市大小洞天旅游区,海南,基础价格已核验,1,https://ty.sanya.gov.cn/tyqsite/jrty/202508/a8d7b033563345698d9c2e4bdf065e10.shtml,免费,https://sjfw.mct.gov.cn/site/dataservice/base,https://www.baidu.com/s?wd=%E4%B8%89%E4%BA%9A%E5%B8%82%E5%A4%A7%E5%B0%8F%E6%B4%9E%E5%A4%A9%E6%97%85%E6%B8%B8%E5%8C%BA%20%E5%AE%98%E6%96%B9%20%E9%97%A8%E7%A5%A8%20%E6%88%90%E4%BA%BA%20%E7%A5%A8%E5%8A%A1,https://www.baidu.com/s?wd=site%3Actrip.com%20%E4%B8%89%E4%BA%9A%E5%B8%82%E5%A4%A7%E5%B0%8F%E6%B4%9E%E5%A4%A9%E6%97%85%E6%B8%B8%E5%8C%BA%20%E6%88%90%E4%BA%BA%20%E9%97%A8%E7%A5%A8,https://www.baidu.com/s?wd=site%3Adianping.com%20%E4%B8%89%E4%BA%9A%E5%B8%82%E5%A4%A7%E5%B0%8F%E6%B4%9E%E5%A4%A9%E6%97%85%E6%B8%B8%E5%8C%BA%20%E9%97%A8%E7%A5%A8,平台票种待逐项核验,成人票种、游览日、基础/联票、交通是否包含、价格生效期、来源日期
250,保亭县海南呀诺达雨林文化旅游区,海南,待核验,0,,,https://sjfw.mct.gov.cn/site/dataservice/base,https://www.baidu.com/s?wd=%E4%BF%9D%E4%BA%AD%E5%8E%BF%E6%B5%B7%E5%8D%97%E5%91%80%E8%AF%BA%E8%BE%BE%E9%9B%A8%E6%9E%97%E6%96%87%E5%8C%96%E6%97%85%E6%B8%B8%E5%8C%BA%20%E5%AE%98%E6%96%B9%20%E9%97%A8%E7%A5%A8%20%E6%88%90%E4%BA%BA%20%E7%A5%A8%E5%8A%A1,https://www.baidu.com/s?wd=site%3Actrip.com%20%E4%BF%9D%E4%BA%AD%E5%8E%BF%E6%B5%B7%E5%8D%97%E5%91%80%E8%AF%BA%E8%BE%BE%E9%9B%A8%E6%9E%97%E6%96%87%E5%8C%96%E6%97%85%E6%B8%B8%E5%8C%BA%20%E6%88%90%E4%BA%BA%20%E9%97%A8%E7%A5%A8,https://www.baidu.com/s?wd=site%3Adianping.com%20%E4%BF%9D%E4%BA%AD%E5%8E%BF%E6%B5%B7%E5%8D%97%E5%91%80%E8%AF%BA%E8%BE%BE%E9%9B%A8%E6%9E%97%E6%96%87%E5%8C%96%E6%97%85%E6%B8%B8%E5%8C%BA%20%E9%97%A8%E7%A5%A8,平台票种待逐项核验,成人票种、游览日、基础/联票、交通是否包含、价格生效期、来源日期
251,三亚市海南分界洲岛旅游区,海南,待核验,0,,,https://sjfw.mct.gov.cn/site/dataservice/base,https://www.baidu.com/s?wd=%E4%B8%89%E4%BA%9A%E5%B8%82%E6%B5%B7%E5%8D%97%E5%88%86%E7%95%8C%E6%B4%B2%E5%B2%9B%E6%97%85%E6%B8%B8%E5%8C%BA%20%E5%AE%98%E6%96%B9%20%E9%97%A8%E7%A5%A8%20%E6%88%90%E4%BA%BA%20%E7%A5%A8%E5%8A%A1,https://www.baidu.com/s?wd=site%3Actrip.com%20%E4%B8%89%E4%BA%9A%E5%B8%82%E6%B5%B7%E5%8D%97%E5%88%86%E7%95%8C%E6%B4%B2%E5%B2%9B%E6%97%85%E6%B8%B8%E5%8C%BA%20%E6%88%90%E4%BA%BA%20%E9%97%A8%E7%A5%A8,https://www.baidu.com/s?wd=site%3Adianping.com%20%E4%B8%89%E4%BA%9A%E5%B8%82%E6%B5%B7%E5%8D%97%E5%88%86%E7%95%8C%E6%B4%B2%E5%B2%9B%E6%97%85%E6%B8%B8%E5%8C%BA%20%E9%97%A8%E7%A5%A8,平台票种待逐项核验,成人票种、游览日、基础/联票、交通是否包含、价格生效期、来源日期
252,保亭县海南槟榔谷黎苗文化旅游区,海南,待核验,0,,,https://sjfw.mct.gov.cn/site/dataservice/base,https://www.baidu.com/s?wd=%E4%BF%9D%E4%BA%AD%E5%8E%BF%E6%B5%B7%E5%8D%97%E6%A7%9F%E6%A6%94%E8%B0%B7%E9%BB%8E%E8%8B%97%E6%96%87%E5%8C%96%E6%97%85%E6%B8%B8%E5%8C%BA%20%E5%AE%98%E6%96%B9%20%E9%97%A8%E7%A5%A8%20%E6%88%90%E4%BA%BA%20%E7%A5%A8%E5%8A%A1,https://www.baidu.com/s?wd=site%3Actrip.com%20%E4%BF%9D%E4%BA%AD%E5%8E%BF%E6%B5%B7%E5%8D%97%E6%A7%9F%E6%A6%94%E8%B0%B7%E9%BB%8E%E8%8B%97%E6%96%87%E5%8C%96%E6%97%85%E6%B8%B8%E5%8C%BA%20%E6%88%90%E4%BA%BA%20%E9%97%A8%E7%A5%A8,https://www.baidu.com/s?wd=site%3Adianping.com%20%E4%BF%9D%E4%BA%AD%E5%8E%BF%E6%B5%B7%E5%8D%97%E6%A7%9F%E6%A6%94%E8%B0%B7%E9%BB%8E%E8%8B%97%E6%96%87%E5%8C%96%E6%97%85%E6%B8%B8%E5%8C%BA%20%E9%97%A8%E7%A5%A8,平台票种待逐项核验,成人票种、游览日、基础/联票、交通是否包含、价格生效期、来源日期
253,三亚市蜈支洲岛旅游区,海南,待核验,0,,,https://sjfw.mct.gov.cn/site/dataservice/base,https://www.baidu.com/s?wd=%E4%B8%89%E4%BA%9A%E5%B8%82%E8%9C%88%E6%94%AF%E6%B4%B2%E5%B2%9B%E6%97%85%E6%B8%B8%E5%8C%BA%20%E5%AE%98%E6%96%B9%20%E9%97%A8%E7%A5%A8%20%E6%88%90%E4%BA%BA%20%E7%A5%A8%E5%8A%A1,https://www.baidu.com/s?wd=site%3Actrip.com%20%E4%B8%89%E4%BA%9A%E5%B8%82%E8%9C%88%E6%94%AF%E6%B4%B2%E5%B2%9B%E6%97%85%E6%B8%B8%E5%8C%BA%20%E6%88%90%E4%BA%BA%20%E9%97%A8%E7%A5%A8,https://www.baidu.com/s?wd=site%3Adianping.com%20%E4%B8%89%E4%BA%9A%E5%B8%82%E8%9C%88%E6%94%AF%E6%B4%B2%E5%B2%9B%E6%97%85%E6%B8%B8%E5%8C%BA%20%E9%97%A8%E7%A5%A8,平台票种待逐项核验,成人票种、游览日、基础/联票、交通是否包含、价格生效期、来源日期
254,三亚市天涯海角游览区,海南,基础价格已核验,1,https://ty.sanya.gov.cn/tyqsite/jrty/202508/a8d7b033563345698d9c2e4bdf065e10.shtml,免费,https://sjfw.mct.gov.cn/site/dataservice/base,https://www.baidu.com/s?wd=%E4%B8%89%E4%BA%9A%E5%B8%82%E5%A4%A9%E6%B6%AF%E6%B5%B7%E8%A7%92%E6%B8%B8%E8%A7%88%E5%8C%BA%20%E5%AE%98%E6%96%B9%20%E9%97%A8%E7%A5%A8%20%E6%88%90%E4%BA%BA%20%E7%A5%A8%E5%8A%A1,https://www.baidu.com/s?wd=site%3Actrip.com%20%E4%B8%89%E4%BA%9A%E5%B8%82%E5%A4%A9%E6%B6%AF%E6%B5%B7%E8%A7%92%E6%B8%B8%E8%A7%88%E5%8C%BA%20%E6%88%90%E4%BA%BA%20%E9%97%A8%E7%A5%A8,https://www.baidu.com/s?wd=site%3Adianping.com%20%E4%B8%89%E4%BA%9A%E5%B8%82%E5%A4%A9%E6%B6%AF%E6%B5%B7%E8%A7%92%E6%B8%B8%E8%A7%88%E5%8C%BA%20%E9%97%A8%E7%A5%A8,平台票种待逐项核验,成人票种、游览日、基础/联票、交通是否包含、价格生效期、来源日期
255,大足石刻景区,重庆,部分票种已核验,3,https://whlyw.cq.gov.cn/zjwl/yzq/,,https://sjfw.mct.gov.cn/site/dataservice/base,https://www.baidu.com/s?wd=%E5%A4%A7%E8%B6%B3%E7%9F%B3%E5%88%BB%E6%99%AF%E5%8C%BA%20%E5%AE%98%E6%96%B9%20%E9%97%A8%E7%A5%A8%20%E6%88%90%E4%BA%BA%20%E7%A5%A8%E5%8A%A1,https://www.baidu.com/s?wd=site%3Actrip.com%20%E5%A4%A7%E8%B6%B3%E7%9F%B3%E5%88%BB%E6%99%AF%E5%8C%BA%20%E6%88%90%E4%BA%BA%20%E9%97%A8%E7%A5%A8,https://www.baidu.com/s?wd=site%3Adianping.com%20%E5%A4%A7%E8%B6%B3%E7%9F%B3%E5%88%BB%E6%99%AF%E5%8C%BA%20%E9%97%A8%E7%A5%A8,平台票种待逐项核验,成人票种、游览日、基础/联票、交通是否包含、价格生效期、来源日期
256,小三峡－小小三峡旅游区,重庆,部分票种已核验,1,https://whlyw.cq.gov.cn/zjwl/yzq/,,https://sjfw.mct.gov.cn/site/dataservice/base,https://www.baidu.com/s?wd=%E5%B0%8F%E4%B8%89%E5%B3%A1%EF%BC%8D%E5%B0%8F%E5%B0%8F%E4%B8%89%E5%B3%A1%E6%97%85%E6%B8%B8%E5%8C%BA%20%E5%AE%98%E6%96%B9%20%E9%97%A8%E7%A5%A8%20%E6%88%90%E4%BA%BA%20%E7%A5%A8%E5%8A%A1,https://www.baidu.com/s?wd=site%3Actrip.com%20%E5%B0%8F%E4%B8%89%E5%B3%A1%EF%BC%8D%E5%B0%8F%E5%B0%8F%E4%B8%89%E5%B3%A1%E6%97%85%E6%B8%B8%E5%8C%BA%20%E6%88%90%E4%BA%BA%20%E9%97%A8%E7%A5%A8,https://www.baidu.com/s?wd=site%3Adianping.com%20%E5%B0%8F%E4%B8%89%E5%B3%A1%EF%BC%8D%E5%B0%8F%E5%B0%8F%E4%B8%89%E5%B3%A1%E6%97%85%E6%B8%B8%E5%8C%BA%20%E9%97%A8%E7%A5%A8,平台票种待逐项核验,成人票种、游览日、基础/联票、交通是否包含、价格生效期、来源日期
257,喀斯特旅游区,重庆,部分票种已核验,3,https://whlyw.cq.gov.cn/zjwl/yzq/,,https://sjfw.mct.gov.cn/site/dataservice/base,https://www.baidu.com/s?wd=%E5%96%80%E6%96%AF%E7%89%B9%E6%97%85%E6%B8%B8%E5%8C%BA%20%E5%AE%98%E6%96%B9%20%E9%97%A8%E7%A5%A8%20%E6%88%90%E4%BA%BA%20%E7%A5%A8%E5%8A%A1,https://www.baidu.com/s?wd=site%3Actrip.com%20%E5%96%80%E6%96%AF%E7%89%B9%E6%97%85%E6%B8%B8%E5%8C%BA%20%E6%88%90%E4%BA%BA%20%E9%97%A8%E7%A5%A8,https://www.baidu.com/s?wd=site%3Adianping.com%20%E5%96%80%E6%96%AF%E7%89%B9%E6%97%85%E6%B8%B8%E5%8C%BA%20%E9%97%A8%E7%A5%A8,平台票种待逐项核验,成人票种、游览日、基础/联票、交通是否包含、价格生效期、来源日期
258,桃花源旅游景区,重庆,基础价格已核验,1,https://whlyw.cq.gov.cn/zjwl/yzq/,100元,https://sjfw.mct.gov.cn/site/dataservice/base,https://www.baidu.com/s?wd=%E6%A1%83%E8%8A%B1%E6%BA%90%E6%97%85%E6%B8%B8%E6%99%AF%E5%8C%BA%20%E5%AE%98%E6%96%B9%20%E9%97%A8%E7%A5%A8%20%E6%88%90%E4%BA%BA%20%E7%A5%A8%E5%8A%A1,https://www.baidu.com/s?wd=site%3Actrip.com%20%E6%A1%83%E8%8A%B1%E6%BA%90%E6%97%85%E6%B8%B8%E6%99%AF%E5%8C%BA%20%E6%88%90%E4%BA%BA%20%E9%97%A8%E7%A5%A8,https://www.baidu.com/s?wd=site%3Adianping.com%20%E6%A1%83%E8%8A%B1%E6%BA%90%E6%97%85%E6%B8%B8%E6%99%AF%E5%8C%BA%20%E9%97%A8%E7%A5%A8,平台票种待逐项核验,成人票种、游览日、基础/联票、交通是否包含、价格生效期、来源日期
259,万盛黑山谷-龙鳞石海风景区,重庆,部分票种已核验,1,https://whlyw.cq.gov.cn/zjwl/yzq/,,https://sjfw.mct.gov.cn/site/dataservice/base,https://www.baidu.com/s?wd=%E4%B8%87%E7%9B%9B%E9%BB%91%E5%B1%B1%E8%B0%B7-%E9%BE%99%E9%B3%9E%E7%9F%B3%E6%B5%B7%E9%A3%8E%E6%99%AF%E5%8C%BA%20%E5%AE%98%E6%96%B9%20%E9%97%A8%E7%A5%A8%20%E6%88%90%E4%BA%BA%20%E7%A5%A8%E5%8A%A1,https://www.baidu.com/s?wd=site%3Actrip.com%20%E4%B8%87%E7%9B%9B%E9%BB%91%E5%B1%B1%E8%B0%B7-%E9%BE%99%E9%B3%9E%E7%9F%B3%E6%B5%B7%E9%A3%8E%E6%99%AF%E5%8C%BA%20%E6%88%90%E4%BA%BA%20%E9%97%A8%E7%A5%A8,https://www.baidu.com/s?wd=site%3Adianping.com%20%E4%B8%87%E7%9B%9B%E9%BB%91%E5%B1%B1%E8%B0%B7-%E9%BE%99%E9%B3%9E%E7%9F%B3%E6%B5%B7%E9%A3%8E%E6%99%AF%E5%8C%BA%20%E9%97%A8%E7%A5%A8,平台票种待逐项核验,成人票种、游览日、基础/联票、交通是否包含、价格生效期、来源日期
260,金佛山景区,重庆,基础价格已核验,1,https://whlyw.cq.gov.cn/zjwl/yzq/,80元,https://sjfw.mct.gov.cn/site/dataservice/base,https://www.baidu.com/s?wd=%E9%87%91%E4%BD%9B%E5%B1%B1%E6%99%AF%E5%8C%BA%20%E5%AE%98%E6%96%B9%20%E9%97%A8%E7%A5%A8%20%E6%88%90%E4%BA%BA%20%E7%A5%A8%E5%8A%A1,https://www.baidu.com/s?wd=site%3Actrip.com%20%E9%87%91%E4%BD%9B%E5%B1%B1%E6%99%AF%E5%8C%BA%20%E6%88%90%E4%BA%BA%20%E9%97%A8%E7%A5%A8,https://www.baidu.com/s?wd=site%3Adianping.com%20%E9%87%91%E4%BD%9B%E5%B1%B1%E6%99%AF%E5%8C%BA%20%E9%97%A8%E7%A5%A8,平台票种待逐项核验,成人票种、游览日、基础/联票、交通是否包含、价格生效期、来源日期
261,四面山景区,重庆,基础价格已核验,1,https://whlyw.cq.gov.cn/zjwl/yzq/,90元,https://sjfw.mct.gov.cn/site/dataservice/base,https://www.baidu.com/s?wd=%E5%9B%9B%E9%9D%A2%E5%B1%B1%E6%99%AF%E5%8C%BA%20%E5%AE%98%E6%96%B9%20%E9%97%A8%E7%A5%A8%20%E6%88%90%E4%BA%BA%20%E7%A5%A8%E5%8A%A1,https://www.baidu.com/s?wd=site%3Actrip.com%20%E5%9B%9B%E9%9D%A2%E5%B1%B1%E6%99%AF%E5%8C%BA%20%E6%88%90%E4%BA%BA%20%E9%97%A8%E7%A5%A8,https://www.baidu.com/s?wd=site%3Adianping.com%20%E5%9B%9B%E9%9D%A2%E5%B1%B1%E6%99%AF%E5%8C%BA%20%E9%97%A8%E7%A5%A8,平台票种待逐项核验,成人票种、游览日、基础/联票、交通是否包含、价格生效期、来源日期
262,龙缸景区,重庆,基础价格已核验,1,https://whlyw.cq.gov.cn/zjwl/yzq/,100元,https://sjfw.mct.gov.cn/site/dataservice/base,https://www.baidu.com/s?wd=%E9%BE%99%E7%BC%B8%E6%99%AF%E5%8C%BA%20%E5%AE%98%E6%96%B9%20%E9%97%A8%E7%A5%A8%20%E6%88%90%E4%BA%BA%20%E7%A5%A8%E5%8A%A1,https://www.baidu.com/s?wd=site%3Actrip.com%20%E9%BE%99%E7%BC%B8%E6%99%AF%E5%8C%BA%20%E6%88%90%E4%BA%BA%20%E9%97%A8%E7%A5%A8,https://www.baidu.com/s?wd=site%3Adianping.com%20%E9%BE%99%E7%BC%B8%E6%99%AF%E5%8C%BA%20%E9%97%A8%E7%A5%A8,平台票种待逐项核验,成人票种、游览日、基础/联票、交通是否包含、价格生效期、来源日期
263,阿依河景区,重庆,基础价格已核验,1,https://whlyw.cq.gov.cn/zjwl/yzq/,90元,https://sjfw.mct.gov.cn/site/dataservice/base,https://www.baidu.com/s?wd=%E9%98%BF%E4%BE%9D%E6%B2%B3%E6%99%AF%E5%8C%BA%20%E5%AE%98%E6%96%B9%20%E9%97%A8%E7%A5%A8%20%E6%88%90%E4%BA%BA%20%E7%A5%A8%E5%8A%A1,https://www.baidu.com/s?wd=site%3Actrip.com%20%E9%98%BF%E4%BE%9D%E6%B2%B3%E6%99%AF%E5%8C%BA%20%E6%88%90%E4%BA%BA%20%E9%97%A8%E7%A5%A8,https://www.baidu.com/s?wd=site%3Adianping.com%20%E9%98%BF%E4%BE%9D%E6%B2%B3%E6%99%AF%E5%8C%BA%20%E9%97%A8%E7%A5%A8,平台票种待逐项核验,成人票种、游览日、基础/联票、交通是否包含、价格生效期、来源日期
264,濯水景区,重庆,部分票种已核验,1,https://whlyw.cq.gov.cn/zjwl/yzq/,,https://sjfw.mct.gov.cn/site/dataservice/base,https://www.baidu.com/s?wd=%E6%BF%AF%E6%B0%B4%E6%99%AF%E5%8C%BA%20%E5%AE%98%E6%96%B9%20%E9%97%A8%E7%A5%A8%20%E6%88%90%E4%BA%BA%20%E7%A5%A8%E5%8A%A1,https://www.baidu.com/s?wd=site%3Actrip.com%20%E6%BF%AF%E6%B0%B4%E6%99%AF%E5%8C%BA%20%E6%88%90%E4%BA%BA%20%E9%97%A8%E7%A5%A8,https://www.baidu.com/s?wd=site%3Adianping.com%20%E6%BF%AF%E6%B0%B4%E6%99%AF%E5%8C%BA%20%E9%97%A8%E7%A5%A8,平台票种待逐项核验,成人票种、游览日、基础/联票、交通是否包含、价格生效期、来源日期
265,白帝城•瞿塘峡景区,重庆,基础价格已核验,1,https://whlyw.cq.gov.cn/zjwl/yzq/,100元,https://sjfw.mct.gov.cn/site/dataservice/base,https://www.baidu.com/s?wd=%E7%99%BD%E5%B8%9D%E5%9F%8E%E2%80%A2%E7%9E%BF%E5%A1%98%E5%B3%A1%E6%99%AF%E5%8C%BA%20%E5%AE%98%E6%96%B9%20%E9%97%A8%E7%A5%A8%20%E6%88%90%E4%BA%BA%20%E7%A5%A8%E5%8A%A1,https://www.baidu.com/s?wd=site%3Actrip.com%20%E7%99%BD%E5%B8%9D%E5%9F%8E%E2%80%A2%E7%9E%BF%E5%A1%98%E5%B3%A1%E6%99%AF%E5%8C%BA%20%E6%88%90%E4%BA%BA%20%E9%97%A8%E7%A5%A8,https://www.baidu.com/s?wd=site%3Adianping.com%20%E7%99%BD%E5%B8%9D%E5%9F%8E%E2%80%A2%E7%9E%BF%E5%A1%98%E5%B3%A1%E6%99%AF%E5%8C%BA%20%E9%97%A8%E7%A5%A8,平台票种待逐项核验,成人票种、游览日、基础/联票、交通是否包含、价格生效期、来源日期
266,武陵山大裂谷景区,重庆,基础价格已核验,1,https://whlyw.cq.gov.cn/zjwl/yzq/,70元,https://sjfw.mct.gov.cn/site/dataservice/base,https://www.baidu.com/s?wd=%E6%AD%A6%E9%99%B5%E5%B1%B1%E5%A4%A7%E8%A3%82%E8%B0%B7%E6%99%AF%E5%8C%BA%20%E5%AE%98%E6%96%B9%20%E9%97%A8%E7%A5%A8%20%E6%88%90%E4%BA%BA%20%E7%A5%A8%E5%8A%A1,https://www.baidu.com/s?wd=site%3Actrip.com%20%E6%AD%A6%E9%99%B5%E5%B1%B1%E5%A4%A7%E8%A3%82%E8%B0%B7%E6%99%AF%E5%8C%BA%20%E6%88%90%E4%BA%BA%20%E9%97%A8%E7%A5%A8,https://www.baidu.com/s?wd=site%3Adianping.com%20%E6%AD%A6%E9%99%B5%E5%B1%B1%E5%A4%A7%E8%A3%82%E8%B0%B7%E6%99%AF%E5%8C%BA%20%E9%97%A8%E7%A5%A8,平台票种待逐项核验,成人票种、游览日、基础/联票、交通是否包含、价格生效期、来源日期
267,成都市青城山－都江堰旅游景区,四川,部分票种已核验,2,https://www.eco.gov.cn/news_info/48492.html,,https://sjfw.mct.gov.cn/site/dataservice/base,https://www.baidu.com/s?wd=%E6%88%90%E9%83%BD%E5%B8%82%E9%9D%92%E5%9F%8E%E5%B1%B1%EF%BC%8D%E9%83%BD%E6%B1%9F%E5%A0%B0%E6%97%85%E6%B8%B8%E6%99%AF%E5%8C%BA%20%E5%AE%98%E6%96%B9%20%E9%97%A8%E7%A5%A8%20%E6%88%90%E4%BA%BA%20%E7%A5%A8%E5%8A%A1,https://www.baidu.com/s?wd=site%3Actrip.com%20%E6%88%90%E9%83%BD%E5%B8%82%E9%9D%92%E5%9F%8E%E5%B1%B1%EF%BC%8D%E9%83%BD%E6%B1%9F%E5%A0%B0%E6%97%85%E6%B8%B8%E6%99%AF%E5%8C%BA%20%E6%88%90%E4%BA%BA%20%E9%97%A8%E7%A5%A8,https://www.baidu.com/s?wd=site%3Adianping.com%20%E6%88%90%E9%83%BD%E5%B8%82%E9%9D%92%E5%9F%8E%E5%B1%B1%EF%BC%8D%E9%83%BD%E6%B1%9F%E5%A0%B0%E6%97%85%E6%B8%B8%E6%99%AF%E5%8C%BA%20%E9%97%A8%E7%A5%A8,平台票种待逐项核验,成人票种、游览日、基础/联票、交通是否包含、价格生效期、来源日期
268,乐山市峨眉山景区,四川,基础价格已核验,1,https://www.leshan.gov.cn/lsswszf/zzzqgsgg/760644150124613.html,160元,https://sjfw.mct.gov.cn/site/dataservice/base,https://www.baidu.com/s?wd=%E4%B9%90%E5%B1%B1%E5%B8%82%E5%B3%A8%E7%9C%89%E5%B1%B1%E6%99%AF%E5%8C%BA%20%E5%AE%98%E6%96%B9%20%E9%97%A8%E7%A5%A8%20%E6%88%90%E4%BA%BA%20%E7%A5%A8%E5%8A%A1,https://www.baidu.com/s?wd=site%3Actrip.com%20%E4%B9%90%E5%B1%B1%E5%B8%82%E5%B3%A8%E7%9C%89%E5%B1%B1%E6%99%AF%E5%8C%BA%20%E6%88%90%E4%BA%BA%20%E9%97%A8%E7%A5%A8,https://www.baidu.com/s?wd=site%3Adianping.com%20%E4%B9%90%E5%B1%B1%E5%B8%82%E5%B3%A8%E7%9C%89%E5%B1%B1%E6%99%AF%E5%8C%BA%20%E9%97%A8%E7%A5%A8,平台票种待逐项核验,成人票种、游览日、基础/联票、交通是否包含、价格生效期、来源日期
269,阿坝州九寨沟景区,四川,基础价格已核验,1,https://www.jiuzhai.com/intelligent-service/tickets,190元,https://sjfw.mct.gov.cn/site/dataservice/base,https://www.baidu.com/s?wd=%E9%98%BF%E5%9D%9D%E5%B7%9E%E4%B9%9D%E5%AF%A8%E6%B2%9F%E6%99%AF%E5%8C%BA%20%E5%AE%98%E6%96%B9%20%E9%97%A8%E7%A5%A8%20%E6%88%90%E4%BA%BA%20%E7%A5%A8%E5%8A%A1,https://www.baidu.com/s?wd=site%3Actrip.com%20%E9%98%BF%E5%9D%9D%E5%B7%9E%E4%B9%9D%E5%AF%A8%E6%B2%9F%E6%99%AF%E5%8C%BA%20%E6%88%90%E4%BA%BA%20%E9%97%A8%E7%A5%A8,https://www.baidu.com/s?wd=site%3Adianping.com%20%E9%98%BF%E5%9D%9D%E5%B7%9E%E4%B9%9D%E5%AF%A8%E6%B2%9F%E6%99%AF%E5%8C%BA%20%E9%97%A8%E7%A5%A8,平台票种待逐项核验,成人票种、游览日、基础/联票、交通是否包含、价格生效期、来源日期
270,乐山市乐山大佛景区,四川,基础价格已核验,1,https://www.ynjc.gov.cn/jcqzfxxgk/zxgkxx4356/20180925/960722.html,80元,https://sjfw.mct.gov.cn/site/dataservice/base,https://www.baidu.com/s?wd=%E4%B9%90%E5%B1%B1%E5%B8%82%E4%B9%90%E5%B1%B1%E5%A4%A7%E4%BD%9B%E6%99%AF%E5%8C%BA%20%E5%AE%98%E6%96%B9%20%E9%97%A8%E7%A5%A8%20%E6%88%90%E4%BA%BA%20%E7%A5%A8%E5%8A%A1,https://www.baidu.com/s?wd=site%3Actrip.com%20%E4%B9%90%E5%B1%B1%E5%B8%82%E4%B9%90%E5%B1%B1%E5%A4%A7%E4%BD%9B%E6%99%AF%E5%8C%BA%20%E6%88%90%E4%BA%BA%20%E9%97%A8%E7%A5%A8,https://www.baidu.com/s?wd=site%3Adianping.com%20%E4%B9%90%E5%B1%B1%E5%B8%82%E4%B9%90%E5%B1%B1%E5%A4%A7%E4%BD%9B%E6%99%AF%E5%8C%BA%20%E9%97%A8%E7%A5%A8,平台票种待逐项核验,成人票种、游览日、基础/联票、交通是否包含、价格生效期、来源日期
271,阿坝州黄龙风景名胜区,四川,基础价格已核验,1,https://www.songpan.gov.cn/spxrmzf/c100134/202409/61ca141c067e4d67b419ea8def5b73e9.shtml,170元,https://sjfw.mct.gov.cn/site/dataservice/base,https://www.baidu.com/s?wd=%E9%98%BF%E5%9D%9D%E5%B7%9E%E9%BB%84%E9%BE%99%E9%A3%8E%E6%99%AF%E5%90%8D%E8%83%9C%E5%8C%BA%20%E5%AE%98%E6%96%B9%20%E9%97%A8%E7%A5%A8%20%E6%88%90%E4%BA%BA%20%E7%A5%A8%E5%8A%A1,https://www.baidu.com/s?wd=site%3Actrip.com%20%E9%98%BF%E5%9D%9D%E5%B7%9E%E9%BB%84%E9%BE%99%E9%A3%8E%E6%99%AF%E5%90%8D%E8%83%9C%E5%8C%BA%20%E6%88%90%E4%BA%BA%20%E9%97%A8%E7%A5%A8,https://www.baidu.com/s?wd=site%3Adianping.com%20%E9%98%BF%E5%9D%9D%E5%B7%9E%E9%BB%84%E9%BE%99%E9%A3%8E%E6%99%AF%E5%90%8D%E8%83%9C%E5%8C%BA%20%E9%97%A8%E7%A5%A8,平台票种待逐项核验,成人票种、游览日、基础/联票、交通是否包含、价格生效期、来源日期
272,绵阳市北川羌城旅游区,四川,待核验,0,,,https://sjfw.mct.gov.cn/site/dataservice/base,https://www.baidu.com/s?wd=%E7%BB%B5%E9%98%B3%E5%B8%82%E5%8C%97%E5%B7%9D%E7%BE%8C%E5%9F%8E%E6%97%85%E6%B8%B8%E5%8C%BA%20%E5%AE%98%E6%96%B9%20%E9%97%A8%E7%A5%A8%20%E6%88%90%E4%BA%BA%20%E7%A5%A8%E5%8A%A1,https://www.baidu.com/s?wd=site%3Actrip.com%20%E7%BB%B5%E9%98%B3%E5%B8%82%E5%8C%97%E5%B7%9D%E7%BE%8C%E5%9F%8E%E6%97%85%E6%B8%B8%E5%8C%BA%20%E6%88%90%E4%BA%BA%20%E9%97%A8%E7%A5%A8,https://www.baidu.com/s?wd=site%3Adianping.com%20%E7%BB%B5%E9%98%B3%E5%B8%82%E5%8C%97%E5%B7%9D%E7%BE%8C%E5%9F%8E%E6%97%85%E6%B8%B8%E5%8C%BA%20%E9%97%A8%E7%A5%A8,平台票种待逐项核验,成人票种、游览日、基础/联票、交通是否包含、价格生效期、来源日期
273,阿坝州汶川特别旅游区,四川,待核验,0,,,https://sjfw.mct.gov.cn/site/dataservice/base,https://www.baidu.com/s?wd=%E9%98%BF%E5%9D%9D%E5%B7%9E%E6%B1%B6%E5%B7%9D%E7%89%B9%E5%88%AB%E6%97%85%E6%B8%B8%E5%8C%BA%20%E5%AE%98%E6%96%B9%20%E9%97%A8%E7%A5%A8%20%E6%88%90%E4%BA%BA%20%E7%A5%A8%E5%8A%A1,https://www.baidu.com/s?wd=site%3Actrip.com%20%E9%98%BF%E5%9D%9D%E5%B7%9E%E6%B1%B6%E5%B7%9D%E7%89%B9%E5%88%AB%E6%97%85%E6%B8%B8%E5%8C%BA%20%E6%88%90%E4%BA%BA%20%E9%97%A8%E7%A5%A8,https://www.baidu.com/s?wd=site%3Adianping.com%20%E9%98%BF%E5%9D%9D%E5%B7%9E%E6%B1%B6%E5%B7%9D%E7%89%B9%E5%88%AB%E6%97%85%E6%B8%B8%E5%8C%BA%20%E9%97%A8%E7%A5%A8,平台票种待逐项核验,成人票种、游览日、基础/联票、交通是否包含、价格生效期、来源日期
274,南充市阆中古城旅游景区,四川,待核验,0,,,https://sjfw.mct.gov.cn/site/dataservice/base,https://www.baidu.com/s?wd=%E5%8D%97%E5%85%85%E5%B8%82%E9%98%86%E4%B8%AD%E5%8F%A4%E5%9F%8E%E6%97%85%E6%B8%B8%E6%99%AF%E5%8C%BA%20%E5%AE%98%E6%96%B9%20%E9%97%A8%E7%A5%A8%20%E6%88%90%E4%BA%BA%20%E7%A5%A8%E5%8A%A1,https://www.baidu.com/s?wd=site%3Actrip.com%20%E5%8D%97%E5%85%85%E5%B8%82%E9%98%86%E4%B8%AD%E5%8F%A4%E5%9F%8E%E6%97%85%E6%B8%B8%E6%99%AF%E5%8C%BA%20%E6%88%90%E4%BA%BA%20%E9%97%A8%E7%A5%A8,https://www.baidu.com/s?wd=site%3Adianping.com%20%E5%8D%97%E5%85%85%E5%B8%82%E9%98%86%E4%B8%AD%E5%8F%A4%E5%9F%8E%E6%97%85%E6%B8%B8%E6%99%AF%E5%8C%BA%20%E9%97%A8%E7%A5%A8,平台票种待逐项核验,成人票种、游览日、基础/联票、交通是否包含、价格生效期、来源日期
275,广安市邓小平故里旅游区,四川,待核验,0,,,https://sjfw.mct.gov.cn/site/dataservice/base,https://www.baidu.com/s?wd=%E5%B9%BF%E5%AE%89%E5%B8%82%E9%82%93%E5%B0%8F%E5%B9%B3%E6%95%85%E9%87%8C%E6%97%85%E6%B8%B8%E5%8C%BA%20%E5%AE%98%E6%96%B9%20%E9%97%A8%E7%A5%A8%20%E6%88%90%E4%BA%BA%20%E7%A5%A8%E5%8A%A1,https://www.baidu.com/s?wd=site%3Actrip.com%20%E5%B9%BF%E5%AE%89%E5%B8%82%E9%82%93%E5%B0%8F%E5%B9%B3%E6%95%85%E9%87%8C%E6%97%85%E6%B8%B8%E5%8C%BA%20%E6%88%90%E4%BA%BA%20%E9%97%A8%E7%A5%A8,https://www.baidu.com/s?wd=site%3Adianping.com%20%E5%B9%BF%E5%AE%89%E5%B8%82%E9%82%93%E5%B0%8F%E5%B9%B3%E6%95%85%E9%87%8C%E6%97%85%E6%B8%B8%E5%8C%BA%20%E9%97%A8%E7%A5%A8,平台票种待逐项核验,成人票种、游览日、基础/联票、交通是否包含、价格生效期、来源日期
276,广元市剑门蜀道剑门关旅游景区,四川,部分票种已核验,3,https://swglj.cngy.gov.cn/mshow/a37bd1bc74994d98b298efbccdda8612.html,,https://sjfw.mct.gov.cn/site/dataservice/base,https://www.baidu.com/s?wd=%E5%B9%BF%E5%85%83%E5%B8%82%E5%89%91%E9%97%A8%E8%9C%80%E9%81%93%E5%89%91%E9%97%A8%E5%85%B3%E6%97%85%E6%B8%B8%E6%99%AF%E5%8C%BA%20%E5%AE%98%E6%96%B9%20%E9%97%A8%E7%A5%A8%20%E6%88%90%E4%BA%BA%20%E7%A5%A8%E5%8A%A1,https://www.baidu.com/s?wd=site%3Actrip.com%20%E5%B9%BF%E5%85%83%E5%B8%82%E5%89%91%E9%97%A8%E8%9C%80%E9%81%93%E5%89%91%E9%97%A8%E5%85%B3%E6%97%85%E6%B8%B8%E6%99%AF%E5%8C%BA%20%E6%88%90%E4%BA%BA%20%E9%97%A8%E7%A5%A8,https://www.baidu.com/s?wd=site%3Adianping.com%20%E5%B9%BF%E5%85%83%E5%B8%82%E5%89%91%E9%97%A8%E8%9C%80%E9%81%93%E5%89%91%E9%97%A8%E5%85%B3%E6%97%85%E6%B8%B8%E6%99%AF%E5%8C%BA%20%E9%97%A8%E7%A5%A8,平台票种待逐项核验,成人票种、游览日、基础/联票、交通是否包含、价格生效期、来源日期
277,南充市朱德故里景区,四川,待核验,0,,,https://sjfw.mct.gov.cn/site/dataservice/base,https://www.baidu.com/s?wd=%E5%8D%97%E5%85%85%E5%B8%82%E6%9C%B1%E5%BE%B7%E6%95%85%E9%87%8C%E6%99%AF%E5%8C%BA%20%E5%AE%98%E6%96%B9%20%E9%97%A8%E7%A5%A8%20%E6%88%90%E4%BA%BA%20%E7%A5%A8%E5%8A%A1,https://www.baidu.com/s?wd=site%3Actrip.com%20%E5%8D%97%E5%85%85%E5%B8%82%E6%9C%B1%E5%BE%B7%E6%95%85%E9%87%8C%E6%99%AF%E5%8C%BA%20%E6%88%90%E4%BA%BA%20%E9%97%A8%E7%A5%A8,https://www.baidu.com/s?wd=site%3Adianping.com%20%E5%8D%97%E5%85%85%E5%B8%82%E6%9C%B1%E5%BE%B7%E6%95%85%E9%87%8C%E6%99%AF%E5%8C%BA%20%E9%97%A8%E7%A5%A8,平台票种待逐项核验,成人票种、游览日、基础/联票、交通是否包含、价格生效期、来源日期
278,甘孜州海螺沟景区,四川,待核验,0,,,https://sjfw.mct.gov.cn/site/dataservice/base,https://www.baidu.com/s?wd=%E7%94%98%E5%AD%9C%E5%B7%9E%E6%B5%B7%E8%9E%BA%E6%B2%9F%E6%99%AF%E5%8C%BA%20%E5%AE%98%E6%96%B9%20%E9%97%A8%E7%A5%A8%20%E6%88%90%E4%BA%BA%20%E7%A5%A8%E5%8A%A1,https://www.baidu.com/s?wd=site%3Actrip.com%20%E7%94%98%E5%AD%9C%E5%B7%9E%E6%B5%B7%E8%9E%BA%E6%B2%9F%E6%99%AF%E5%8C%BA%20%E6%88%90%E4%BA%BA%20%E9%97%A8%E7%A5%A8,https://www.baidu.com/s?wd=site%3Adianping.com%20%E7%94%98%E5%AD%9C%E5%B7%9E%E6%B5%B7%E8%9E%BA%E6%B2%9F%E6%99%AF%E5%8C%BA%20%E9%97%A8%E7%A5%A8,平台票种待逐项核验,成人票种、游览日、基础/联票、交通是否包含、价格生效期、来源日期
279,雅安市碧峰峡旅游景区,四川,部分票种已核验,2,https://www.yaan.gov.cn/mob/openinfo.html?id=a8683a5efe7c3752cdaa393db4e01fe9,,https://sjfw.mct.gov.cn/site/dataservice/base,https://www.baidu.com/s?wd=%E9%9B%85%E5%AE%89%E5%B8%82%E7%A2%A7%E5%B3%B0%E5%B3%A1%E6%97%85%E6%B8%B8%E6%99%AF%E5%8C%BA%20%E5%AE%98%E6%96%B9%20%E9%97%A8%E7%A5%A8%20%E6%88%90%E4%BA%BA%20%E7%A5%A8%E5%8A%A1,https://www.baidu.com/s?wd=site%3Actrip.com%20%E9%9B%85%E5%AE%89%E5%B8%82%E7%A2%A7%E5%B3%B0%E5%B3%A1%E6%97%85%E6%B8%B8%E6%99%AF%E5%8C%BA%20%E6%88%90%E4%BA%BA%20%E9%97%A8%E7%A5%A8,https://www.baidu.com/s?wd=site%3Adianping.com%20%E9%9B%85%E5%AE%89%E5%B8%82%E7%A2%A7%E5%B3%B0%E5%B3%A1%E6%97%85%E6%B8%B8%E6%99%AF%E5%8C%BA%20%E9%97%A8%E7%A5%A8,平台票种待逐项核验,成人票种、游览日、基础/联票、交通是否包含、价格生效期、来源日期
280,巴中市光雾山旅游景区,四川,待核验,0,,,https://sjfw.mct.gov.cn/site/dataservice/base,https://www.baidu.com/s?wd=%E5%B7%B4%E4%B8%AD%E5%B8%82%E5%85%89%E9%9B%BE%E5%B1%B1%E6%97%85%E6%B8%B8%E6%99%AF%E5%8C%BA%20%E5%AE%98%E6%96%B9%20%E9%97%A8%E7%A5%A8%20%E6%88%90%E4%BA%BA%20%E7%A5%A8%E5%8A%A1,https://www.baidu.com/s?wd=site%3Actrip.com%20%E5%B7%B4%E4%B8%AD%E5%B8%82%E5%85%89%E9%9B%BE%E5%B1%B1%E6%97%85%E6%B8%B8%E6%99%AF%E5%8C%BA%20%E6%88%90%E4%BA%BA%20%E9%97%A8%E7%A5%A8,https://www.baidu.com/s?wd=site%3Adianping.com%20%E5%B7%B4%E4%B8%AD%E5%B8%82%E5%85%89%E9%9B%BE%E5%B1%B1%E6%97%85%E6%B8%B8%E6%99%AF%E5%8C%BA%20%E9%97%A8%E7%A5%A8,平台票种待逐项核验,成人票种、游览日、基础/联票、交通是否包含、价格生效期、来源日期
281,甘孜州稻城亚丁旅游景区,四川,部分票种已核验,1,https://www.daocheng.gov.cn/fmxw/article/726022,,https://sjfw.mct.gov.cn/site/dataservice/base,https://www.baidu.com/s?wd=%E7%94%98%E5%AD%9C%E5%B7%9E%E7%A8%BB%E5%9F%8E%E4%BA%9A%E4%B8%81%E6%97%85%E6%B8%B8%E6%99%AF%E5%8C%BA%20%E5%AE%98%E6%96%B9%20%E9%97%A8%E7%A5%A8%20%E6%88%90%E4%BA%BA%20%E7%A5%A8%E5%8A%A1,https://www.baidu.com/s?wd=site%3Actrip.com%20%E7%94%98%E5%AD%9C%E5%B7%9E%E7%A8%BB%E5%9F%8E%E4%BA%9A%E4%B8%81%E6%97%85%E6%B8%B8%E6%99%AF%E5%8C%BA%20%E6%88%90%E4%BA%BA%20%E9%97%A8%E7%A5%A8,https://www.baidu.com/s?wd=site%3Adianping.com%20%E7%94%98%E5%AD%9C%E5%B7%9E%E7%A8%BB%E5%9F%8E%E4%BA%9A%E4%B8%81%E6%97%85%E6%B8%B8%E6%99%AF%E5%8C%BA%20%E9%97%A8%E7%A5%A8,平台票种待逐项核验,成人票种、游览日、基础/联票、交通是否包含、价格生效期、来源日期
282,成都市安仁古镇景区,四川,待核验,0,,,https://sjfw.mct.gov.cn/site/dataservice/base,https://www.baidu.com/s?wd=%E6%88%90%E9%83%BD%E5%B8%82%E5%AE%89%E4%BB%81%E5%8F%A4%E9%95%87%E6%99%AF%E5%8C%BA%20%E5%AE%98%E6%96%B9%20%E9%97%A8%E7%A5%A8%20%E6%88%90%E4%BA%BA%20%E7%A5%A8%E5%8A%A1,https://www.baidu.com/s?wd=site%3Actrip.com%20%E6%88%90%E9%83%BD%E5%B8%82%E5%AE%89%E4%BB%81%E5%8F%A4%E9%95%87%E6%99%AF%E5%8C%BA%20%E6%88%90%E4%BA%BA%20%E9%97%A8%E7%A5%A8,https://www.baidu.com/s?wd=site%3Adianping.com%20%E6%88%90%E9%83%BD%E5%B8%82%E5%AE%89%E4%BB%81%E5%8F%A4%E9%95%87%E6%99%AF%E5%8C%BA%20%E9%97%A8%E7%A5%A8,平台票种待逐项核验,成人票种、游览日、基础/联票、交通是否包含、价格生效期、来源日期
283,阿坝州四姑娘山景区,四川,部分票种已核验,3,https://www.sgnsgeopark.cn/trends/notice/54-2024-03-05-14-36-44,,https://sjfw.mct.gov.cn/site/dataservice/base,https://www.baidu.com/s?wd=%E9%98%BF%E5%9D%9D%E5%B7%9E%E5%9B%9B%E5%A7%91%E5%A8%98%E5%B1%B1%E6%99%AF%E5%8C%BA%20%E5%AE%98%E6%96%B9%20%E9%97%A8%E7%A5%A8%20%E6%88%90%E4%BA%BA%20%E7%A5%A8%E5%8A%A1,https://www.baidu.com/s?wd=site%3Actrip.com%20%E9%98%BF%E5%9D%9D%E5%B7%9E%E5%9B%9B%E5%A7%91%E5%A8%98%E5%B1%B1%E6%99%AF%E5%8C%BA%20%E6%88%90%E4%BA%BA%20%E9%97%A8%E7%A5%A8,https://www.baidu.com/s?wd=site%3Adianping.com%20%E9%98%BF%E5%9D%9D%E5%B7%9E%E5%9B%9B%E5%A7%91%E5%A8%98%E5%B1%B1%E6%99%AF%E5%8C%BA%20%E9%97%A8%E7%A5%A8,平台票种待逐项核验,成人票种、游览日、基础/联票、交通是否包含、价格生效期、来源日期
284,成都市天台山景区,四川,待核验,0,,,https://sjfw.mct.gov.cn/site/dataservice/base,https://www.baidu.com/s?wd=%E6%88%90%E9%83%BD%E5%B8%82%E5%A4%A9%E5%8F%B0%E5%B1%B1%E6%99%AF%E5%8C%BA%20%E5%AE%98%E6%96%B9%20%E9%97%A8%E7%A5%A8%20%E6%88%90%E4%BA%BA%20%E7%A5%A8%E5%8A%A1,https://www.baidu.com/s?wd=site%3Actrip.com%20%E6%88%90%E9%83%BD%E5%B8%82%E5%A4%A9%E5%8F%B0%E5%B1%B1%E6%99%AF%E5%8C%BA%20%E6%88%90%E4%BA%BA%20%E9%97%A8%E7%A5%A8,https://www.baidu.com/s?wd=site%3Adianping.com%20%E6%88%90%E9%83%BD%E5%B8%82%E5%A4%A9%E5%8F%B0%E5%B1%B1%E6%99%AF%E5%8C%BA%20%E9%97%A8%E7%A5%A8,平台票种待逐项核验,成人票种、游览日、基础/联票、交通是否包含、价格生效期、来源日期
285,安顺市黄果树大瀑布景区,贵州,基础价格已核验,1,https://fgw.guizhou.gov.cn/zwgk/zdlyxx/jffw/zcwj/202601/P020260205655508332150.pdf,160元,https://sjfw.mct.gov.cn/site/dataservice/base,https://www.baidu.com/s?wd=%E5%AE%89%E9%A1%BA%E5%B8%82%E9%BB%84%E6%9E%9C%E6%A0%91%E5%A4%A7%E7%80%91%E5%B8%83%E6%99%AF%E5%8C%BA%20%E5%AE%98%E6%96%B9%20%E9%97%A8%E7%A5%A8%20%E6%88%90%E4%BA%BA%20%E7%A5%A8%E5%8A%A1,https://www.baidu.com/s?wd=site%3Actrip.com%20%E5%AE%89%E9%A1%BA%E5%B8%82%E9%BB%84%E6%9E%9C%E6%A0%91%E5%A4%A7%E7%80%91%E5%B8%83%E6%99%AF%E5%8C%BA%20%E6%88%90%E4%BA%BA%20%E9%97%A8%E7%A5%A8,https://www.baidu.com/s?wd=site%3Adianping.com%20%E5%AE%89%E9%A1%BA%E5%B8%82%E9%BB%84%E6%9E%9C%E6%A0%91%E5%A4%A7%E7%80%91%E5%B8%83%E6%99%AF%E5%8C%BA%20%E9%97%A8%E7%A5%A8,平台票种待逐项核验,成人票种、游览日、基础/联票、交通是否包含、价格生效期、来源日期
286,安顺市龙宫景区,贵州,基础价格已核验,2,https://fgw.guizhou.gov.cn/zwgk/zdlyxx/jffw/jyfwxsfml/202601/P020260205668047355774.pdf | https://fgw.guizhou.gov.cn/zwgk/xxgkml/zdlyxx/jfcx/jyfwxsfml/202402/P020240227397902770619.pdf,60元,https://sjfw.mct.gov.cn/site/dataservice/base,https://www.baidu.com/s?wd=%E5%AE%89%E9%A1%BA%E5%B8%82%E9%BE%99%E5%AE%AB%E6%99%AF%E5%8C%BA%20%E5%AE%98%E6%96%B9%20%E9%97%A8%E7%A5%A8%20%E6%88%90%E4%BA%BA%20%E7%A5%A8%E5%8A%A1,https://www.baidu.com/s?wd=site%3Actrip.com%20%E5%AE%89%E9%A1%BA%E5%B8%82%E9%BE%99%E5%AE%AB%E6%99%AF%E5%8C%BA%20%E6%88%90%E4%BA%BA%20%E9%97%A8%E7%A5%A8,https://www.baidu.com/s?wd=site%3Adianping.com%20%E5%AE%89%E9%A1%BA%E5%B8%82%E9%BE%99%E5%AE%AB%E6%99%AF%E5%8C%BA%20%E9%97%A8%E7%A5%A8,平台票种待逐项核验,成人票种、游览日、基础/联票、交通是否包含、价格生效期、来源日期
287,毕节市百里杜鹃景区,贵州,基础价格已核验,1,https://fgw.guizhou.gov.cn/zwgk/zdlyxx/jffw/zcwj/202601/P020260205655508332150.pdf,130元,https://sjfw.mct.gov.cn/site/dataservice/base,https://www.baidu.com/s?wd=%E6%AF%95%E8%8A%82%E5%B8%82%E7%99%BE%E9%87%8C%E6%9D%9C%E9%B9%83%E6%99%AF%E5%8C%BA%20%E5%AE%98%E6%96%B9%20%E9%97%A8%E7%A5%A8%20%E6%88%90%E4%BA%BA%20%E7%A5%A8%E5%8A%A1,https://www.baidu.com/s?wd=site%3Actrip.com%20%E6%AF%95%E8%8A%82%E5%B8%82%E7%99%BE%E9%87%8C%E6%9D%9C%E9%B9%83%E6%99%AF%E5%8C%BA%20%E6%88%90%E4%BA%BA%20%E9%97%A8%E7%A5%A8,https://www.baidu.com/s?wd=site%3Adianping.com%20%E6%AF%95%E8%8A%82%E5%B8%82%E7%99%BE%E9%87%8C%E6%9D%9C%E9%B9%83%E6%99%AF%E5%8C%BA%20%E9%97%A8%E7%A5%A8,平台票种待逐项核验,成人票种、游览日、基础/联票、交通是否包含、价格生效期、来源日期
288,贵州省黔南州荔波樟江旅游景区,贵州,部分票种已核验,1,https://fgw.guizhou.gov.cn/zwgk/zdlyxx/jffw/zcwj/202601/P020260205655508332150.pdf,,https://sjfw.mct.gov.cn/site/dataservice/base,https://www.baidu.com/s?wd=%E8%B4%B5%E5%B7%9E%E7%9C%81%E9%BB%94%E5%8D%97%E5%B7%9E%E8%8D%94%E6%B3%A2%E6%A8%9F%E6%B1%9F%E6%97%85%E6%B8%B8%E6%99%AF%E5%8C%BA%20%E5%AE%98%E6%96%B9%20%E9%97%A8%E7%A5%A8%20%E6%88%90%E4%BA%BA%20%E7%A5%A8%E5%8A%A1,https://www.baidu.com/s?wd=site%3Actrip.com%20%E8%B4%B5%E5%B7%9E%E7%9C%81%E9%BB%94%E5%8D%97%E5%B7%9E%E8%8D%94%E6%B3%A2%E6%A8%9F%E6%B1%9F%E6%97%85%E6%B8%B8%E6%99%AF%E5%8C%BA%20%E6%88%90%E4%BA%BA%20%E9%97%A8%E7%A5%A8,https://www.baidu.com/s?wd=site%3Adianping.com%20%E8%B4%B5%E5%B7%9E%E7%9C%81%E9%BB%94%E5%8D%97%E5%B7%9E%E8%8D%94%E6%B3%A2%E6%A8%9F%E6%B1%9F%E6%97%85%E6%B8%B8%E6%99%AF%E5%8C%BA%20%E9%97%A8%E7%A5%A8,平台票种待逐项核验,成人票种、游览日、基础/联票、交通是否包含、价格生效期、来源日期
289,贵阳市花溪区青岩古镇景区,贵州,基础价格已核验,2,https://fgw.guizhou.gov.cn/zwgk/zdlyxx/jffw/zcwj/202601/P020260205655508332150.pdf,10元,https://sjfw.mct.gov.cn/site/dataservice/base,https://www.baidu.com/s?wd=%E8%B4%B5%E9%98%B3%E5%B8%82%E8%8A%B1%E6%BA%AA%E5%8C%BA%E9%9D%92%E5%B2%A9%E5%8F%A4%E9%95%87%E6%99%AF%E5%8C%BA%20%E5%AE%98%E6%96%B9%20%E9%97%A8%E7%A5%A8%20%E6%88%90%E4%BA%BA%20%E7%A5%A8%E5%8A%A1,https://www.baidu.com/s?wd=site%3Actrip.com%20%E8%B4%B5%E9%98%B3%E5%B8%82%E8%8A%B1%E6%BA%AA%E5%8C%BA%E9%9D%92%E5%B2%A9%E5%8F%A4%E9%95%87%E6%99%AF%E5%8C%BA%20%E6%88%90%E4%BA%BA%20%E9%97%A8%E7%A5%A8,https://www.baidu.com/s?wd=site%3Adianping.com%20%E8%B4%B5%E9%98%B3%E5%B8%82%E8%8A%B1%E6%BA%AA%E5%8C%BA%E9%9D%92%E5%B2%A9%E5%8F%A4%E9%95%87%E6%99%AF%E5%8C%BA%20%E9%97%A8%E7%A5%A8,平台票种待逐项核验,成人票种、游览日、基础/联票、交通是否包含、价格生效期、来源日期
290,铜仁市江口县梵净山旅游区,贵州,基础价格已核验,1,https://fgw.guizhou.gov.cn/zwgk/zdlyxx/jffw/zcwj/202601/P020260205655508332150.pdf,100元,https://sjfw.mct.gov.cn/site/dataservice/base,https://www.baidu.com/s?wd=%E9%93%9C%E4%BB%81%E5%B8%82%E6%B1%9F%E5%8F%A3%E5%8E%BF%E6%A2%B5%E5%87%80%E5%B1%B1%E6%97%85%E6%B8%B8%E5%8C%BA%20%E5%AE%98%E6%96%B9%20%E9%97%A8%E7%A5%A8%20%E6%88%90%E4%BA%BA%20%E7%A5%A8%E5%8A%A1,https://www.baidu.com/s?wd=site%3Actrip.com%20%E9%93%9C%E4%BB%81%E5%B8%82%E6%B1%9F%E5%8F%A3%E5%8E%BF%E6%A2%B5%E5%87%80%E5%B1%B1%E6%97%85%E6%B8%B8%E5%8C%BA%20%E6%88%90%E4%BA%BA%20%E9%97%A8%E7%A5%A8,https://www.baidu.com/s?wd=site%3Adianping.com%20%E9%93%9C%E4%BB%81%E5%B8%82%E6%B1%9F%E5%8F%A3%E5%8E%BF%E6%A2%B5%E5%87%80%E5%B1%B1%E6%97%85%E6%B8%B8%E5%8C%BA%20%E9%97%A8%E7%A5%A8,平台票种待逐项核验,成人票种、游览日、基础/联票、交通是否包含、价格生效期、来源日期
291,贵州省黔东南州镇远古城旅游景区,贵州,部分票种已核验,2,https://fgw.guizhou.gov.cn/zwgk/zdlyxx/jffw/zcwj/202601/P020260205655508332150.pdf,,https://sjfw.mct.gov.cn/site/dataservice/base,https://www.baidu.com/s?wd=%E8%B4%B5%E5%B7%9E%E7%9C%81%E9%BB%94%E4%B8%9C%E5%8D%97%E5%B7%9E%E9%95%87%E8%BF%9C%E5%8F%A4%E5%9F%8E%E6%97%85%E6%B8%B8%E6%99%AF%E5%8C%BA%20%E5%AE%98%E6%96%B9%20%E9%97%A8%E7%A5%A8%20%E6%88%90%E4%BA%BA%20%E7%A5%A8%E5%8A%A1,https://www.baidu.com/s?wd=site%3Actrip.com%20%E8%B4%B5%E5%B7%9E%E7%9C%81%E9%BB%94%E4%B8%9C%E5%8D%97%E5%B7%9E%E9%95%87%E8%BF%9C%E5%8F%A4%E5%9F%8E%E6%97%85%E6%B8%B8%E6%99%AF%E5%8C%BA%20%E6%88%90%E4%BA%BA%20%E9%97%A8%E7%A5%A8,https://www.baidu.com/s?wd=site%3Adianping.com%20%E8%B4%B5%E5%B7%9E%E7%9C%81%E9%BB%94%E4%B8%9C%E5%8D%97%E5%B7%9E%E9%95%87%E8%BF%9C%E5%8F%A4%E5%9F%8E%E6%97%85%E6%B8%B8%E6%99%AF%E5%8C%BA%20%E9%97%A8%E7%A5%A8,平台票种待逐项核验,成人票种、游览日、基础/联票、交通是否包含、价格生效期、来源日期
292,贵州省遵义市赤水丹霞旅游区,贵州,部分票种已核验,3,https://fgw.guizhou.gov.cn/zwgk/xxgkml/zdlyxx/jfcx/jyfwxsfml/202402/P020240227397902770619.pdf,,https://sjfw.mct.gov.cn/site/dataservice/base,https://www.baidu.com/s?wd=%E8%B4%B5%E5%B7%9E%E7%9C%81%E9%81%B5%E4%B9%89%E5%B8%82%E8%B5%A4%E6%B0%B4%E4%B8%B9%E9%9C%9E%E6%97%85%E6%B8%B8%E5%8C%BA%20%E5%AE%98%E6%96%B9%20%E9%97%A8%E7%A5%A8%20%E6%88%90%E4%BA%BA%20%E7%A5%A8%E5%8A%A1,https://www.baidu.com/s?wd=site%3Actrip.com%20%E8%B4%B5%E5%B7%9E%E7%9C%81%E9%81%B5%E4%B9%89%E5%B8%82%E8%B5%A4%E6%B0%B4%E4%B8%B9%E9%9C%9E%E6%97%85%E6%B8%B8%E5%8C%BA%20%E6%88%90%E4%BA%BA%20%E9%97%A8%E7%A5%A8,https://www.baidu.com/s?wd=site%3Adianping.com%20%E8%B4%B5%E5%B7%9E%E7%9C%81%E9%81%B5%E4%B9%89%E5%B8%82%E8%B5%A4%E6%B0%B4%E4%B8%B9%E9%9C%9E%E6%97%85%E6%B8%B8%E5%8C%BA%20%E9%97%A8%E7%A5%A8,平台票种待逐项核验,成人票种、游览日、基础/联票、交通是否包含、价格生效期、来源日期
293,毕节市织金洞景区,贵州,基础价格已核验,1,https://fgw.guizhou.gov.cn/zwgk/zdlyxx/jffw/zcwj/202601/P020260205655508332150.pdf,110元,https://sjfw.mct.gov.cn/site/dataservice/base,https://www.baidu.com/s?wd=%E6%AF%95%E8%8A%82%E5%B8%82%E7%BB%87%E9%87%91%E6%B4%9E%E6%99%AF%E5%8C%BA%20%E5%AE%98%E6%96%B9%20%E9%97%A8%E7%A5%A8%20%E6%88%90%E4%BA%BA%20%E7%A5%A8%E5%8A%A1,https://www.baidu.com/s?wd=site%3Actrip.com%20%E6%AF%95%E8%8A%82%E5%B8%82%E7%BB%87%E9%87%91%E6%B4%9E%E6%99%AF%E5%8C%BA%20%E6%88%90%E4%BA%BA%20%E9%97%A8%E7%A5%A8,https://www.baidu.com/s?wd=site%3Adianping.com%20%E6%AF%95%E8%8A%82%E5%B8%82%E7%BB%87%E9%87%91%E6%B4%9E%E6%99%AF%E5%8C%BA%20%E9%97%A8%E7%A5%A8,平台票种待逐项核验,成人票种、游览日、基础/联票、交通是否包含、价格生效期、来源日期
294,贵州省黔西南州万峰林景区,贵州,基础价格已核验,1,https://fgw.guizhou.gov.cn/zwgk/zdlyxx/jffw/zcwj/202601/P020260205655508332150.pdf,70元,https://sjfw.mct.gov.cn/site/dataservice/base,https://www.baidu.com/s?wd=%E8%B4%B5%E5%B7%9E%E7%9C%81%E9%BB%94%E8%A5%BF%E5%8D%97%E5%B7%9E%E4%B8%87%E5%B3%B0%E6%9E%97%E6%99%AF%E5%8C%BA%20%E5%AE%98%E6%96%B9%20%E9%97%A8%E7%A5%A8%20%E6%88%90%E4%BA%BA%20%E7%A5%A8%E5%8A%A1,https://www.baidu.com/s?wd=site%3Actrip.com%20%E8%B4%B5%E5%B7%9E%E7%9C%81%E9%BB%94%E8%A5%BF%E5%8D%97%E5%B7%9E%E4%B8%87%E5%B3%B0%E6%9E%97%E6%99%AF%E5%8C%BA%20%E6%88%90%E4%BA%BA%20%E9%97%A8%E7%A5%A8,https://www.baidu.com/s?wd=site%3Adianping.com%20%E8%B4%B5%E5%B7%9E%E7%9C%81%E9%BB%94%E8%A5%BF%E5%8D%97%E5%B7%9E%E4%B8%87%E5%B3%B0%E6%9E%97%E6%99%AF%E5%8C%BA%20%E9%97%A8%E7%A5%A8,平台票种待逐项核验,成人票种、游览日、基础/联票、交通是否包含、价格生效期、来源日期
295,昆明市石林风景名胜区,云南,待核验,0,,,https://sjfw.mct.gov.cn/site/dataservice/base,https://www.baidu.com/s?wd=%E6%98%86%E6%98%8E%E5%B8%82%E7%9F%B3%E6%9E%97%E9%A3%8E%E6%99%AF%E5%90%8D%E8%83%9C%E5%8C%BA%20%E5%AE%98%E6%96%B9%20%E9%97%A8%E7%A5%A8%20%E6%88%90%E4%BA%BA%20%E7%A5%A8%E5%8A%A1,https://www.baidu.com/s?wd=site%3Actrip.com%20%E6%98%86%E6%98%8E%E5%B8%82%E7%9F%B3%E6%9E%97%E9%A3%8E%E6%99%AF%E5%90%8D%E8%83%9C%E5%8C%BA%20%E6%88%90%E4%BA%BA%20%E9%97%A8%E7%A5%A8,https://www.baidu.com/s?wd=site%3Adianping.com%20%E6%98%86%E6%98%8E%E5%B8%82%E7%9F%B3%E6%9E%97%E9%A3%8E%E6%99%AF%E5%90%8D%E8%83%9C%E5%8C%BA%20%E9%97%A8%E7%A5%A8,平台票种待逐项核验,成人票种、游览日、基础/联票、交通是否包含、价格生效期、来源日期
296,丽江市玉龙雪山景区,云南,待核验,0,,,https://sjfw.mct.gov.cn/site/dataservice/base,https://www.baidu.com/s?wd=%E4%B8%BD%E6%B1%9F%E5%B8%82%E7%8E%89%E9%BE%99%E9%9B%AA%E5%B1%B1%E6%99%AF%E5%8C%BA%20%E5%AE%98%E6%96%B9%20%E9%97%A8%E7%A5%A8%20%E6%88%90%E4%BA%BA%20%E7%A5%A8%E5%8A%A1,https://www.baidu.com/s?wd=site%3Actrip.com%20%E4%B8%BD%E6%B1%9F%E5%B8%82%E7%8E%89%E9%BE%99%E9%9B%AA%E5%B1%B1%E6%99%AF%E5%8C%BA%20%E6%88%90%E4%BA%BA%20%E9%97%A8%E7%A5%A8,https://www.baidu.com/s?wd=site%3Adianping.com%20%E4%B8%BD%E6%B1%9F%E5%B8%82%E7%8E%89%E9%BE%99%E9%9B%AA%E5%B1%B1%E6%99%AF%E5%8C%BA%20%E9%97%A8%E7%A5%A8,平台票种待逐项核验,成人票种、游览日、基础/联票、交通是否包含、价格生效期、来源日期
297,丽江市丽江古城景区,云南,待核验,0,,,https://sjfw.mct.gov.cn/site/dataservice/base,https://www.baidu.com/s?wd=%E4%B8%BD%E6%B1%9F%E5%B8%82%E4%B8%BD%E6%B1%9F%E5%8F%A4%E5%9F%8E%E6%99%AF%E5%8C%BA%20%E5%AE%98%E6%96%B9%20%E9%97%A8%E7%A5%A8%20%E6%88%90%E4%BA%BA%20%E7%A5%A8%E5%8A%A1,https://www.baidu.com/s?wd=site%3Actrip.com%20%E4%B8%BD%E6%B1%9F%E5%B8%82%E4%B8%BD%E6%B1%9F%E5%8F%A4%E5%9F%8E%E6%99%AF%E5%8C%BA%20%E6%88%90%E4%BA%BA%20%E9%97%A8%E7%A5%A8,https://www.baidu.com/s?wd=site%3Adianping.com%20%E4%B8%BD%E6%B1%9F%E5%B8%82%E4%B8%BD%E6%B1%9F%E5%8F%A4%E5%9F%8E%E6%99%AF%E5%8C%BA%20%E9%97%A8%E7%A5%A8,平台票种待逐项核验,成人票种、游览日、基础/联票、交通是否包含、价格生效期、来源日期
298,大理州崇圣寺三塔文化旅游区,云南,待核验,0,,,https://sjfw.mct.gov.cn/site/dataservice/base,https://www.baidu.com/s?wd=%E5%A4%A7%E7%90%86%E5%B7%9E%E5%B4%87%E5%9C%A3%E5%AF%BA%E4%B8%89%E5%A1%94%E6%96%87%E5%8C%96%E6%97%85%E6%B8%B8%E5%8C%BA%20%E5%AE%98%E6%96%B9%20%E9%97%A8%E7%A5%A8%20%E6%88%90%E4%BA%BA%20%E7%A5%A8%E5%8A%A1,https://www.baidu.com/s?wd=site%3Actrip.com%20%E5%A4%A7%E7%90%86%E5%B7%9E%E5%B4%87%E5%9C%A3%E5%AF%BA%E4%B8%89%E5%A1%94%E6%96%87%E5%8C%96%E6%97%85%E6%B8%B8%E5%8C%BA%20%E6%88%90%E4%BA%BA%20%E9%97%A8%E7%A5%A8,https://www.baidu.com/s?wd=site%3Adianping.com%20%E5%A4%A7%E7%90%86%E5%B7%9E%E5%B4%87%E5%9C%A3%E5%AF%BA%E4%B8%89%E5%A1%94%E6%96%87%E5%8C%96%E6%97%85%E6%B8%B8%E5%8C%BA%20%E9%97%A8%E7%A5%A8,平台票种待逐项核验,成人票种、游览日、基础/联票、交通是否包含、价格生效期、来源日期
299,西双版纳州中国科学院西双版纳热带植物园景区,云南,基础价格已核验,1,https://xtbg.cas.cn/2022/ykfw/dzsw/,80元,https://sjfw.mct.gov.cn/site/dataservice/base,https://www.baidu.com/s?wd=%E8%A5%BF%E5%8F%8C%E7%89%88%E7%BA%B3%E5%B7%9E%E4%B8%AD%E5%9B%BD%E7%A7%91%E5%AD%A6%E9%99%A2%E8%A5%BF%E5%8F%8C%E7%89%88%E7%BA%B3%E7%83%AD%E5%B8%A6%E6%A4%8D%E7%89%A9%E5%9B%AD%E6%99%AF%E5%8C%BA%20%E5%AE%98%E6%96%B9%20%E9%97%A8%E7%A5%A8%20%E6%88%90%E4%BA%BA%20%E7%A5%A8%E5%8A%A1,https://www.baidu.com/s?wd=site%3Actrip.com%20%E8%A5%BF%E5%8F%8C%E7%89%88%E7%BA%B3%E5%B7%9E%E4%B8%AD%E5%9B%BD%E7%A7%91%E5%AD%A6%E9%99%A2%E8%A5%BF%E5%8F%8C%E7%89%88%E7%BA%B3%E7%83%AD%E5%B8%A6%E6%A4%8D%E7%89%A9%E5%9B%AD%E6%99%AF%E5%8C%BA%20%E6%88%90%E4%BA%BA%20%E9%97%A8%E7%A5%A8,https://www.baidu.com/s?wd=site%3Adianping.com%20%E8%A5%BF%E5%8F%8C%E7%89%88%E7%BA%B3%E5%B7%9E%E4%B8%AD%E5%9B%BD%E7%A7%91%E5%AD%A6%E9%99%A2%E8%A5%BF%E5%8F%8C%E7%89%88%E7%BA%B3%E7%83%AD%E5%B8%A6%E6%A4%8D%E7%89%A9%E5%9B%AD%E6%99%AF%E5%8C%BA%20%E9%97%A8%E7%A5%A8,平台票种待逐项核验,成人票种、游览日、基础/联票、交通是否包含、价格生效期、来源日期
300,迪庆州普达措国家公园景区,云南,基础价格已核验,1,https://www.pdcuo.cn/,68元,https://sjfw.mct.gov.cn/site/dataservice/base,https://www.baidu.com/s?wd=%E8%BF%AA%E5%BA%86%E5%B7%9E%E6%99%AE%E8%BE%BE%E6%8E%AA%E5%9B%BD%E5%AE%B6%E5%85%AC%E5%9B%AD%E6%99%AF%E5%8C%BA%20%E5%AE%98%E6%96%B9%20%E9%97%A8%E7%A5%A8%20%E6%88%90%E4%BA%BA%20%E7%A5%A8%E5%8A%A1,https://www.baidu.com/s?wd=site%3Actrip.com%20%E8%BF%AA%E5%BA%86%E5%B7%9E%E6%99%AE%E8%BE%BE%E6%8E%AA%E5%9B%BD%E5%AE%B6%E5%85%AC%E5%9B%AD%E6%99%AF%E5%8C%BA%20%E6%88%90%E4%BA%BA%20%E9%97%A8%E7%A5%A8,https://www.baidu.com/s?wd=site%3Adianping.com%20%E8%BF%AA%E5%BA%86%E5%B7%9E%E6%99%AE%E8%BE%BE%E6%8E%AA%E5%9B%BD%E5%AE%B6%E5%85%AC%E5%9B%AD%E6%99%AF%E5%8C%BA%20%E9%97%A8%E7%A5%A8,平台票种待逐项核验,成人票种、游览日、基础/联票、交通是否包含、价格生效期、来源日期
301,昆明市昆明世界园艺博览园景区,云南,待核验,0,,,https://sjfw.mct.gov.cn/site/dataservice/base,https://www.baidu.com/s?wd=%E6%98%86%E6%98%8E%E5%B8%82%E6%98%86%E6%98%8E%E4%B8%96%E7%95%8C%E5%9B%AD%E8%89%BA%E5%8D%9A%E8%A7%88%E5%9B%AD%E6%99%AF%E5%8C%BA%20%E5%AE%98%E6%96%B9%20%E9%97%A8%E7%A5%A8%20%E6%88%90%E4%BA%BA%20%E7%A5%A8%E5%8A%A1,https://www.baidu.com/s?wd=site%3Actrip.com%20%E6%98%86%E6%98%8E%E5%B8%82%E6%98%86%E6%98%8E%E4%B8%96%E7%95%8C%E5%9B%AD%E8%89%BA%E5%8D%9A%E8%A7%88%E5%9B%AD%E6%99%AF%E5%8C%BA%20%E6%88%90%E4%BA%BA%20%E9%97%A8%E7%A5%A8,https://www.baidu.com/s?wd=site%3Adianping.com%20%E6%98%86%E6%98%8E%E5%B8%82%E6%98%86%E6%98%8E%E4%B8%96%E7%95%8C%E5%9B%AD%E8%89%BA%E5%8D%9A%E8%A7%88%E5%9B%AD%E6%99%AF%E5%8C%BA%20%E9%97%A8%E7%A5%A8,平台票种待逐项核验,成人票种、游览日、基础/联票、交通是否包含、价格生效期、来源日期
302,保山市火山热海旅游区,云南,待核验,0,,,https://sjfw.mct.gov.cn/site/dataservice/base,https://www.baidu.com/s?wd=%E4%BF%9D%E5%B1%B1%E5%B8%82%E7%81%AB%E5%B1%B1%E7%83%AD%E6%B5%B7%E6%97%85%E6%B8%B8%E5%8C%BA%20%E5%AE%98%E6%96%B9%20%E9%97%A8%E7%A5%A8%20%E6%88%90%E4%BA%BA%20%E7%A5%A8%E5%8A%A1,https://www.baidu.com/s?wd=site%3Actrip.com%20%E4%BF%9D%E5%B1%B1%E5%B8%82%E7%81%AB%E5%B1%B1%E7%83%AD%E6%B5%B7%E6%97%85%E6%B8%B8%E5%8C%BA%20%E6%88%90%E4%BA%BA%20%E9%97%A8%E7%A5%A8,https://www.baidu.com/s?wd=site%3Adianping.com%20%E4%BF%9D%E5%B1%B1%E5%B8%82%E7%81%AB%E5%B1%B1%E7%83%AD%E6%B5%B7%E6%97%85%E6%B8%B8%E5%8C%BA%20%E9%97%A8%E7%A5%A8,平台票种待逐项核验,成人票种、游览日、基础/联票、交通是否包含、价格生效期、来源日期
303,文山州普者黑旅游景区,云南,待核验,0,,,https://sjfw.mct.gov.cn/site/dataservice/base,https://www.baidu.com/s?wd=%E6%96%87%E5%B1%B1%E5%B7%9E%E6%99%AE%E8%80%85%E9%BB%91%E6%97%85%E6%B8%B8%E6%99%AF%E5%8C%BA%20%E5%AE%98%E6%96%B9%20%E9%97%A8%E7%A5%A8%20%E6%88%90%E4%BA%BA%20%E7%A5%A8%E5%8A%A1,https://www.baidu.com/s?wd=site%3Actrip.com%20%E6%96%87%E5%B1%B1%E5%B7%9E%E6%99%AE%E8%80%85%E9%BB%91%E6%97%85%E6%B8%B8%E6%99%AF%E5%8C%BA%20%E6%88%90%E4%BA%BA%20%E9%97%A8%E7%A5%A8,https://www.baidu.com/s?wd=site%3Adianping.com%20%E6%96%87%E5%B1%B1%E5%B7%9E%E6%99%AE%E8%80%85%E9%BB%91%E6%97%85%E6%B8%B8%E6%99%AF%E5%8C%BA%20%E9%97%A8%E7%A5%A8,平台票种待逐项核验,成人票种、游览日、基础/联票、交通是否包含、价格生效期、来源日期
304,保山市腾冲和顺古镇景区,云南,待核验,0,,,https://sjfw.mct.gov.cn/site/dataservice/base,https://www.baidu.com/s?wd=%E4%BF%9D%E5%B1%B1%E5%B8%82%E8%85%BE%E5%86%B2%E5%92%8C%E9%A1%BA%E5%8F%A4%E9%95%87%E6%99%AF%E5%8C%BA%20%E5%AE%98%E6%96%B9%20%E9%97%A8%E7%A5%A8%20%E6%88%90%E4%BA%BA%20%E7%A5%A8%E5%8A%A1,https://www.baidu.com/s?wd=site%3Actrip.com%20%E4%BF%9D%E5%B1%B1%E5%B8%82%E8%85%BE%E5%86%B2%E5%92%8C%E9%A1%BA%E5%8F%A4%E9%95%87%E6%99%AF%E5%8C%BA%20%E6%88%90%E4%BA%BA%20%E9%97%A8%E7%A5%A8,https://www.baidu.com/s?wd=site%3Adianping.com%20%E4%BF%9D%E5%B1%B1%E5%B8%82%E8%85%BE%E5%86%B2%E5%92%8C%E9%A1%BA%E5%8F%A4%E9%95%87%E6%99%AF%E5%8C%BA%20%E9%97%A8%E7%A5%A8,平台票种待逐项核验,成人票种、游览日、基础/联票、交通是否包含、价格生效期、来源日期
305,拉萨市布达拉宫景区,西藏,基础价格已核验,1,https://wlt.xizang.gov.cn/xwzx_69/tzgg/202604/t20260424_536658.html,200元,https://sjfw.mct.gov.cn/site/dataservice/base,https://www.baidu.com/s?wd=%E6%8B%89%E8%90%A8%E5%B8%82%E5%B8%83%E8%BE%BE%E6%8B%89%E5%AE%AB%E6%99%AF%E5%8C%BA%20%E5%AE%98%E6%96%B9%20%E9%97%A8%E7%A5%A8%20%E6%88%90%E4%BA%BA%20%E7%A5%A8%E5%8A%A1,https://www.baidu.com/s?wd=site%3Actrip.com%20%E6%8B%89%E8%90%A8%E5%B8%82%E5%B8%83%E8%BE%BE%E6%8B%89%E5%AE%AB%E6%99%AF%E5%8C%BA%20%E6%88%90%E4%BA%BA%20%E9%97%A8%E7%A5%A8,https://www.baidu.com/s?wd=site%3Adianping.com%20%E6%8B%89%E8%90%A8%E5%B8%82%E5%B8%83%E8%BE%BE%E6%8B%89%E5%AE%AB%E6%99%AF%E5%8C%BA%20%E9%97%A8%E7%A5%A8,平台票种待逐项核验,成人票种、游览日、基础/联票、交通是否包含、价格生效期、来源日期
306,拉萨市大昭寺景区,西藏,基础价格已核验,1,https://www.lasa.gov.cn/lasa/lsyw/202302/f3cb8326e3b5448ba71905f1c22eaad0.shtml,85元,https://sjfw.mct.gov.cn/site/dataservice/base,https://www.baidu.com/s?wd=%E6%8B%89%E8%90%A8%E5%B8%82%E5%A4%A7%E6%98%AD%E5%AF%BA%E6%99%AF%E5%8C%BA%20%E5%AE%98%E6%96%B9%20%E9%97%A8%E7%A5%A8%20%E6%88%90%E4%BA%BA%20%E7%A5%A8%E5%8A%A1,https://www.baidu.com/s?wd=site%3Actrip.com%20%E6%8B%89%E8%90%A8%E5%B8%82%E5%A4%A7%E6%98%AD%E5%AF%BA%E6%99%AF%E5%8C%BA%20%E6%88%90%E4%BA%BA%20%E9%97%A8%E7%A5%A8,https://www.baidu.com/s?wd=site%3Adianping.com%20%E6%8B%89%E8%90%A8%E5%B8%82%E5%A4%A7%E6%98%AD%E5%AF%BA%E6%99%AF%E5%8C%BA%20%E9%97%A8%E7%A5%A8,平台票种待逐项核验,成人票种、游览日、基础/联票、交通是否包含、价格生效期、来源日期
307,林芝市巴松措景区,西藏,待核验,0,,,https://sjfw.mct.gov.cn/site/dataservice/base,https://www.baidu.com/s?wd=%E6%9E%97%E8%8A%9D%E5%B8%82%E5%B7%B4%E6%9D%BE%E6%8E%AA%E6%99%AF%E5%8C%BA%20%E5%AE%98%E6%96%B9%20%E9%97%A8%E7%A5%A8%20%E6%88%90%E4%BA%BA%20%E7%A5%A8%E5%8A%A1,https://www.baidu.com/s?wd=site%3Actrip.com%20%E6%9E%97%E8%8A%9D%E5%B8%82%E5%B7%B4%E6%9D%BE%E6%8E%AA%E6%99%AF%E5%8C%BA%20%E6%88%90%E4%BA%BA%20%E9%97%A8%E7%A5%A8,https://www.baidu.com/s?wd=site%3Adianping.com%20%E6%9E%97%E8%8A%9D%E5%B8%82%E5%B7%B4%E6%9D%BE%E6%8E%AA%E6%99%AF%E5%8C%BA%20%E9%97%A8%E7%A5%A8,平台票种待逐项核验,成人票种、游览日、基础/联票、交通是否包含、价格生效期、来源日期
308,日喀则市扎什伦布寺景区,西藏,待核验,0,,,https://sjfw.mct.gov.cn/site/dataservice/base,https://www.baidu.com/s?wd=%E6%97%A5%E5%96%80%E5%88%99%E5%B8%82%E6%89%8E%E4%BB%80%E4%BC%A6%E5%B8%83%E5%AF%BA%E6%99%AF%E5%8C%BA%20%E5%AE%98%E6%96%B9%20%E9%97%A8%E7%A5%A8%20%E6%88%90%E4%BA%BA%20%E7%A5%A8%E5%8A%A1,https://www.baidu.com/s?wd=site%3Actrip.com%20%E6%97%A5%E5%96%80%E5%88%99%E5%B8%82%E6%89%8E%E4%BB%80%E4%BC%A6%E5%B8%83%E5%AF%BA%E6%99%AF%E5%8C%BA%20%E6%88%90%E4%BA%BA%20%E9%97%A8%E7%A5%A8,https://www.baidu.com/s?wd=site%3Adianping.com%20%E6%97%A5%E5%96%80%E5%88%99%E5%B8%82%E6%89%8E%E4%BB%80%E4%BC%A6%E5%B8%83%E5%AF%BA%E6%99%AF%E5%8C%BA%20%E9%97%A8%E7%A5%A8,平台票种待逐项核验,成人票种、游览日、基础/联票、交通是否包含、价格生效期、来源日期
309,林芝市雅鲁藏布大峡谷景区,西藏,待核验,0,,,https://sjfw.mct.gov.cn/site/dataservice/base,https://www.baidu.com/s?wd=%E6%9E%97%E8%8A%9D%E5%B8%82%E9%9B%85%E9%B2%81%E8%97%8F%E5%B8%83%E5%A4%A7%E5%B3%A1%E8%B0%B7%E6%99%AF%E5%8C%BA%20%E5%AE%98%E6%96%B9%20%E9%97%A8%E7%A5%A8%20%E6%88%90%E4%BA%BA%20%E7%A5%A8%E5%8A%A1,https://www.baidu.com/s?wd=site%3Actrip.com%20%E6%9E%97%E8%8A%9D%E5%B8%82%E9%9B%85%E9%B2%81%E8%97%8F%E5%B8%83%E5%A4%A7%E5%B3%A1%E8%B0%B7%E6%99%AF%E5%8C%BA%20%E6%88%90%E4%BA%BA%20%E9%97%A8%E7%A5%A8,https://www.baidu.com/s?wd=site%3Adianping.com%20%E6%9E%97%E8%8A%9D%E5%B8%82%E9%9B%85%E9%B2%81%E8%97%8F%E5%B8%83%E5%A4%A7%E5%B3%A1%E8%B0%B7%E6%99%AF%E5%8C%BA%20%E9%97%A8%E7%A5%A8,平台票种待逐项核验,成人票种、游览日、基础/联票、交通是否包含、价格生效期、来源日期
310,西安市秦始皇帝陵博物院景区,陕西,基础价格已核验,1,https://www.bmy.com.cn/jingtai/bmyweb/ticketing.html,120元,https://sjfw.mct.gov.cn/site/dataservice/base,https://www.baidu.com/s?wd=%E8%A5%BF%E5%AE%89%E5%B8%82%E7%A7%A6%E5%A7%8B%E7%9A%87%E5%B8%9D%E9%99%B5%E5%8D%9A%E7%89%A9%E9%99%A2%E6%99%AF%E5%8C%BA%20%E5%AE%98%E6%96%B9%20%E9%97%A8%E7%A5%A8%20%E6%88%90%E4%BA%BA%20%E7%A5%A8%E5%8A%A1,https://www.baidu.com/s?wd=site%3Actrip.com%20%E8%A5%BF%E5%AE%89%E5%B8%82%E7%A7%A6%E5%A7%8B%E7%9A%87%E5%B8%9D%E9%99%B5%E5%8D%9A%E7%89%A9%E9%99%A2%E6%99%AF%E5%8C%BA%20%E6%88%90%E4%BA%BA%20%E9%97%A8%E7%A5%A8,https://www.baidu.com/s?wd=site%3Adianping.com%20%E8%A5%BF%E5%AE%89%E5%B8%82%E7%A7%A6%E5%A7%8B%E7%9A%87%E5%B8%9D%E9%99%B5%E5%8D%9A%E7%89%A9%E9%99%A2%E6%99%AF%E5%8C%BA%20%E9%97%A8%E7%A5%A8,平台票种待逐项核验,成人票种、游览日、基础/联票、交通是否包含、价格生效期、来源日期
311,西安市华清宫景区,陕西,基础价格已核验,1,https://www.hqpalaceglobal.com/zh-CN/guide,120元,https://sjfw.mct.gov.cn/site/dataservice/base,https://www.baidu.com/s?wd=%E8%A5%BF%E5%AE%89%E5%B8%82%E5%8D%8E%E6%B8%85%E5%AE%AB%E6%99%AF%E5%8C%BA%20%E5%AE%98%E6%96%B9%20%E9%97%A8%E7%A5%A8%20%E6%88%90%E4%BA%BA%20%E7%A5%A8%E5%8A%A1,https://www.baidu.com/s?wd=site%3Actrip.com%20%E8%A5%BF%E5%AE%89%E5%B8%82%E5%8D%8E%E6%B8%85%E5%AE%AB%E6%99%AF%E5%8C%BA%20%E6%88%90%E4%BA%BA%20%E9%97%A8%E7%A5%A8,https://www.baidu.com/s?wd=site%3Adianping.com%20%E8%A5%BF%E5%AE%89%E5%B8%82%E5%8D%8E%E6%B8%85%E5%AE%AB%E6%99%AF%E5%8C%BA%20%E9%97%A8%E7%A5%A8,平台票种待逐项核验,成人票种、游览日、基础/联票、交通是否包含、价格生效期、来源日期
312,延安市黄帝陵景区,陕西,待核验,0,,,https://sjfw.mct.gov.cn/site/dataservice/base,https://www.baidu.com/s?wd=%E5%BB%B6%E5%AE%89%E5%B8%82%E9%BB%84%E5%B8%9D%E9%99%B5%E6%99%AF%E5%8C%BA%20%E5%AE%98%E6%96%B9%20%E9%97%A8%E7%A5%A8%20%E6%88%90%E4%BA%BA%20%E7%A5%A8%E5%8A%A1,https://www.baidu.com/s?wd=site%3Actrip.com%20%E5%BB%B6%E5%AE%89%E5%B8%82%E9%BB%84%E5%B8%9D%E9%99%B5%E6%99%AF%E5%8C%BA%20%E6%88%90%E4%BA%BA%20%E9%97%A8%E7%A5%A8,https://www.baidu.com/s?wd=site%3Adianping.com%20%E5%BB%B6%E5%AE%89%E5%B8%82%E9%BB%84%E5%B8%9D%E9%99%B5%E6%99%AF%E5%8C%BA%20%E9%97%A8%E7%A5%A8,平台票种待逐项核验,成人票种、游览日、基础/联票、交通是否包含、价格生效期、来源日期
313,西安市大雁塔－大唐芙蓉园景区,陕西,待核验,0,,,https://sjfw.mct.gov.cn/site/dataservice/base,https://www.baidu.com/s?wd=%E8%A5%BF%E5%AE%89%E5%B8%82%E5%A4%A7%E9%9B%81%E5%A1%94%EF%BC%8D%E5%A4%A7%E5%94%90%E8%8A%99%E8%93%89%E5%9B%AD%E6%99%AF%E5%8C%BA%20%E5%AE%98%E6%96%B9%20%E9%97%A8%E7%A5%A8%20%E6%88%90%E4%BA%BA%20%E7%A5%A8%E5%8A%A1,https://www.baidu.com/s?wd=site%3Actrip.com%20%E8%A5%BF%E5%AE%89%E5%B8%82%E5%A4%A7%E9%9B%81%E5%A1%94%EF%BC%8D%E5%A4%A7%E5%94%90%E8%8A%99%E8%93%89%E5%9B%AD%E6%99%AF%E5%8C%BA%20%E6%88%90%E4%BA%BA%20%E9%97%A8%E7%A5%A8,https://www.baidu.com/s?wd=site%3Adianping.com%20%E8%A5%BF%E5%AE%89%E5%B8%82%E5%A4%A7%E9%9B%81%E5%A1%94%EF%BC%8D%E5%A4%A7%E5%94%90%E8%8A%99%E8%93%89%E5%9B%AD%E6%99%AF%E5%8C%BA%20%E9%97%A8%E7%A5%A8,平台票种待逐项核验,成人票种、游览日、基础/联票、交通是否包含、价格生效期、来源日期
314,渭南市华山风景区,陕西,待核验,0,,,https://sjfw.mct.gov.cn/site/dataservice/base,https://www.baidu.com/s?wd=%E6%B8%AD%E5%8D%97%E5%B8%82%E5%8D%8E%E5%B1%B1%E9%A3%8E%E6%99%AF%E5%8C%BA%20%E5%AE%98%E6%96%B9%20%E9%97%A8%E7%A5%A8%20%E6%88%90%E4%BA%BA%20%E7%A5%A8%E5%8A%A1,https://www.baidu.com/s?wd=site%3Actrip.com%20%E6%B8%AD%E5%8D%97%E5%B8%82%E5%8D%8E%E5%B1%B1%E9%A3%8E%E6%99%AF%E5%8C%BA%20%E6%88%90%E4%BA%BA%20%E9%97%A8%E7%A5%A8,https://www.baidu.com/s?wd=site%3Adianping.com%20%E6%B8%AD%E5%8D%97%E5%B8%82%E5%8D%8E%E5%B1%B1%E9%A3%8E%E6%99%AF%E5%8C%BA%20%E9%97%A8%E7%A5%A8,平台票种待逐项核验,成人票种、游览日、基础/联票、交通是否包含、价格生效期、来源日期
315,宝鸡市法门文化景区,陕西,待核验,0,,,https://sjfw.mct.gov.cn/site/dataservice/base,https://www.baidu.com/s?wd=%E5%AE%9D%E9%B8%A1%E5%B8%82%E6%B3%95%E9%97%A8%E6%96%87%E5%8C%96%E6%99%AF%E5%8C%BA%20%E5%AE%98%E6%96%B9%20%E9%97%A8%E7%A5%A8%20%E6%88%90%E4%BA%BA%20%E7%A5%A8%E5%8A%A1,https://www.baidu.com/s?wd=site%3Actrip.com%20%E5%AE%9D%E9%B8%A1%E5%B8%82%E6%B3%95%E9%97%A8%E6%96%87%E5%8C%96%E6%99%AF%E5%8C%BA%20%E6%88%90%E4%BA%BA%20%E9%97%A8%E7%A5%A8,https://www.baidu.com/s?wd=site%3Adianping.com%20%E5%AE%9D%E9%B8%A1%E5%B8%82%E6%B3%95%E9%97%A8%E6%96%87%E5%8C%96%E6%99%AF%E5%8C%BA%20%E9%97%A8%E7%A5%A8,平台票种待逐项核验,成人票种、游览日、基础/联票、交通是否包含、价格生效期、来源日期
316,商洛市金丝峡景区,陕西,待核验,0,,,https://sjfw.mct.gov.cn/site/dataservice/base,https://www.baidu.com/s?wd=%E5%95%86%E6%B4%9B%E5%B8%82%E9%87%91%E4%B8%9D%E5%B3%A1%E6%99%AF%E5%8C%BA%20%E5%AE%98%E6%96%B9%20%E9%97%A8%E7%A5%A8%20%E6%88%90%E4%BA%BA%20%E7%A5%A8%E5%8A%A1,https://www.baidu.com/s?wd=site%3Actrip.com%20%E5%95%86%E6%B4%9B%E5%B8%82%E9%87%91%E4%B8%9D%E5%B3%A1%E6%99%AF%E5%8C%BA%20%E6%88%90%E4%BA%BA%20%E9%97%A8%E7%A5%A8,https://www.baidu.com/s?wd=site%3Adianping.com%20%E5%95%86%E6%B4%9B%E5%B8%82%E9%87%91%E4%B8%9D%E5%B3%A1%E6%99%AF%E5%8C%BA%20%E9%97%A8%E7%A5%A8,平台票种待逐项核验,成人票种、游览日、基础/联票、交通是否包含、价格生效期、来源日期
317,宝鸡市太白山旅游景区,陕西,待核验,0,,,https://sjfw.mct.gov.cn/site/dataservice/base,https://www.baidu.com/s?wd=%E5%AE%9D%E9%B8%A1%E5%B8%82%E5%A4%AA%E7%99%BD%E5%B1%B1%E6%97%85%E6%B8%B8%E6%99%AF%E5%8C%BA%20%E5%AE%98%E6%96%B9%20%E9%97%A8%E7%A5%A8%20%E6%88%90%E4%BA%BA%20%E7%A5%A8%E5%8A%A1,https://www.baidu.com/s?wd=site%3Actrip.com%20%E5%AE%9D%E9%B8%A1%E5%B8%82%E5%A4%AA%E7%99%BD%E5%B1%B1%E6%97%85%E6%B8%B8%E6%99%AF%E5%8C%BA%20%E6%88%90%E4%BA%BA%20%E9%97%A8%E7%A5%A8,https://www.baidu.com/s?wd=site%3Adianping.com%20%E5%AE%9D%E9%B8%A1%E5%B8%82%E5%A4%AA%E7%99%BD%E5%B1%B1%E6%97%85%E6%B8%B8%E6%99%AF%E5%8C%BA%20%E9%97%A8%E7%A5%A8,平台票种待逐项核验,成人票种、游览日、基础/联票、交通是否包含、价格生效期、来源日期
318,西安市城墙•碑林历史文化景区,陕西,待核验,0,,,https://sjfw.mct.gov.cn/site/dataservice/base,https://www.baidu.com/s?wd=%E8%A5%BF%E5%AE%89%E5%B8%82%E5%9F%8E%E5%A2%99%E2%80%A2%E7%A2%91%E6%9E%97%E5%8E%86%E5%8F%B2%E6%96%87%E5%8C%96%E6%99%AF%E5%8C%BA%20%E5%AE%98%E6%96%B9%20%E9%97%A8%E7%A5%A8%20%E6%88%90%E4%BA%BA%20%E7%A5%A8%E5%8A%A1,https://www.baidu.com/s?wd=site%3Actrip.com%20%E8%A5%BF%E5%AE%89%E5%B8%82%E5%9F%8E%E5%A2%99%E2%80%A2%E7%A2%91%E6%9E%97%E5%8E%86%E5%8F%B2%E6%96%87%E5%8C%96%E6%99%AF%E5%8C%BA%20%E6%88%90%E4%BA%BA%20%E9%97%A8%E7%A5%A8,https://www.baidu.com/s?wd=site%3Adianping.com%20%E8%A5%BF%E5%AE%89%E5%B8%82%E5%9F%8E%E5%A2%99%E2%80%A2%E7%A2%91%E6%9E%97%E5%8E%86%E5%8F%B2%E6%96%87%E5%8C%96%E6%99%AF%E5%8C%BA%20%E9%97%A8%E7%A5%A8,平台票种待逐项核验,成人票种、游览日、基础/联票、交通是否包含、价格生效期、来源日期
319,延安市延安革命纪念地景区,陕西,待核验,0,,,https://sjfw.mct.gov.cn/site/dataservice/base,https://www.baidu.com/s?wd=%E5%BB%B6%E5%AE%89%E5%B8%82%E5%BB%B6%E5%AE%89%E9%9D%A9%E5%91%BD%E7%BA%AA%E5%BF%B5%E5%9C%B0%E6%99%AF%E5%8C%BA%20%E5%AE%98%E6%96%B9%20%E9%97%A8%E7%A5%A8%20%E6%88%90%E4%BA%BA%20%E7%A5%A8%E5%8A%A1,https://www.baidu.com/s?wd=site%3Actrip.com%20%E5%BB%B6%E5%AE%89%E5%B8%82%E5%BB%B6%E5%AE%89%E9%9D%A9%E5%91%BD%E7%BA%AA%E5%BF%B5%E5%9C%B0%E6%99%AF%E5%8C%BA%20%E6%88%90%E4%BA%BA%20%E9%97%A8%E7%A5%A8,https://www.baidu.com/s?wd=site%3Adianping.com%20%E5%BB%B6%E5%AE%89%E5%B8%82%E5%BB%B6%E5%AE%89%E9%9D%A9%E5%91%BD%E7%BA%AA%E5%BF%B5%E5%9C%B0%E6%99%AF%E5%8C%BA%20%E9%97%A8%E7%A5%A8,平台票种待逐项核验,成人票种、游览日、基础/联票、交通是否包含、价格生效期、来源日期
320,西安市大明宫旅游景区,陕西,待核验,0,,,https://sjfw.mct.gov.cn/site/dataservice/base,https://www.baidu.com/s?wd=%E8%A5%BF%E5%AE%89%E5%B8%82%E5%A4%A7%E6%98%8E%E5%AE%AB%E6%97%85%E6%B8%B8%E6%99%AF%E5%8C%BA%20%E5%AE%98%E6%96%B9%20%E9%97%A8%E7%A5%A8%20%E6%88%90%E4%BA%BA%20%E7%A5%A8%E5%8A%A1,https://www.baidu.com/s?wd=site%3Actrip.com%20%E8%A5%BF%E5%AE%89%E5%B8%82%E5%A4%A7%E6%98%8E%E5%AE%AB%E6%97%85%E6%B8%B8%E6%99%AF%E5%8C%BA%20%E6%88%90%E4%BA%BA%20%E9%97%A8%E7%A5%A8,https://www.baidu.com/s?wd=site%3Adianping.com%20%E8%A5%BF%E5%AE%89%E5%B8%82%E5%A4%A7%E6%98%8E%E5%AE%AB%E6%97%85%E6%B8%B8%E6%99%AF%E5%8C%BA%20%E9%97%A8%E7%A5%A8,平台票种待逐项核验,成人票种、游览日、基础/联票、交通是否包含、价格生效期、来源日期
322,延安市延川黄河乾坤湾景区,陕西,待核验,0,,,https://sjfw.mct.gov.cn/site/dataservice/base,https://www.baidu.com/s?wd=%E5%BB%B6%E5%AE%89%E5%B8%82%E5%BB%B6%E5%B7%9D%E9%BB%84%E6%B2%B3%E4%B9%BE%E5%9D%A4%E6%B9%BE%E6%99%AF%E5%8C%BA%20%E5%AE%98%E6%96%B9%20%E9%97%A8%E7%A5%A8%20%E6%88%90%E4%BA%BA%20%E7%A5%A8%E5%8A%A1,https://www.baidu.com/s?wd=site%3Actrip.com%20%E5%BB%B6%E5%AE%89%E5%B8%82%E5%BB%B6%E5%B7%9D%E9%BB%84%E6%B2%B3%E4%B9%BE%E5%9D%A4%E6%B9%BE%E6%99%AF%E5%8C%BA%20%E6%88%90%E4%BA%BA%20%E9%97%A8%E7%A5%A8,https://www.baidu.com/s?wd=site%3Adianping.com%20%E5%BB%B6%E5%AE%89%E5%B8%82%E5%BB%B6%E5%B7%9D%E9%BB%84%E6%B2%B3%E4%B9%BE%E5%9D%A4%E6%B9%BE%E6%99%AF%E5%8C%BA%20%E9%97%A8%E7%A5%A8,平台票种待逐项核验,成人票种、游览日、基础/联票、交通是否包含、价格生效期、来源日期
323,咸阳市乾陵景区,陕西,待核验,0,,,https://sjfw.mct.gov.cn/site/dataservice/base,https://www.baidu.com/s?wd=%E5%92%B8%E9%98%B3%E5%B8%82%E4%B9%BE%E9%99%B5%E6%99%AF%E5%8C%BA%20%E5%AE%98%E6%96%B9%20%E9%97%A8%E7%A5%A8%20%E6%88%90%E4%BA%BA%20%E7%A5%A8%E5%8A%A1,https://www.baidu.com/s?wd=site%3Actrip.com%20%E5%92%B8%E9%98%B3%E5%B8%82%E4%B9%BE%E9%99%B5%E6%99%AF%E5%8C%BA%20%E6%88%90%E4%BA%BA%20%E9%97%A8%E7%A5%A8,https://www.baidu.com/s?wd=site%3Adianping.com%20%E5%92%B8%E9%98%B3%E5%B8%82%E4%B9%BE%E9%99%B5%E6%99%AF%E5%8C%BA%20%E9%97%A8%E7%A5%A8,平台票种待逐项核验,成人票种、游览日、基础/联票、交通是否包含、价格生效期、来源日期
324,嘉峪关市嘉峪关文物景区,甘肃,待核验,0,,,https://sjfw.mct.gov.cn/site/dataservice/base,https://www.baidu.com/s?wd=%E5%98%89%E5%B3%AA%E5%85%B3%E5%B8%82%E5%98%89%E5%B3%AA%E5%85%B3%E6%96%87%E7%89%A9%E6%99%AF%E5%8C%BA%20%E5%AE%98%E6%96%B9%20%E9%97%A8%E7%A5%A8%20%E6%88%90%E4%BA%BA%20%E7%A5%A8%E5%8A%A1,https://www.baidu.com/s?wd=site%3Actrip.com%20%E5%98%89%E5%B3%AA%E5%85%B3%E5%B8%82%E5%98%89%E5%B3%AA%E5%85%B3%E6%96%87%E7%89%A9%E6%99%AF%E5%8C%BA%20%E6%88%90%E4%BA%BA%20%E9%97%A8%E7%A5%A8,https://www.baidu.com/s?wd=site%3Adianping.com%20%E5%98%89%E5%B3%AA%E5%85%B3%E5%B8%82%E5%98%89%E5%B3%AA%E5%85%B3%E6%96%87%E7%89%A9%E6%99%AF%E5%8C%BA%20%E9%97%A8%E7%A5%A8,平台票种待逐项核验,成人票种、游览日、基础/联票、交通是否包含、价格生效期、来源日期
325,平凉市崆峒山风景名胜区,甘肃,待核验,0,,,https://sjfw.mct.gov.cn/site/dataservice/base,https://www.baidu.com/s?wd=%E5%B9%B3%E5%87%89%E5%B8%82%E5%B4%86%E5%B3%92%E5%B1%B1%E9%A3%8E%E6%99%AF%E5%90%8D%E8%83%9C%E5%8C%BA%20%E5%AE%98%E6%96%B9%20%E9%97%A8%E7%A5%A8%20%E6%88%90%E4%BA%BA%20%E7%A5%A8%E5%8A%A1,https://www.baidu.com/s?wd=site%3Actrip.com%20%E5%B9%B3%E5%87%89%E5%B8%82%E5%B4%86%E5%B3%92%E5%B1%B1%E9%A3%8E%E6%99%AF%E5%90%8D%E8%83%9C%E5%8C%BA%20%E6%88%90%E4%BA%BA%20%E9%97%A8%E7%A5%A8,https://www.baidu.com/s?wd=site%3Adianping.com%20%E5%B9%B3%E5%87%89%E5%B8%82%E5%B4%86%E5%B3%92%E5%B1%B1%E9%A3%8E%E6%99%AF%E5%90%8D%E8%83%9C%E5%8C%BA%20%E9%97%A8%E7%A5%A8,平台票种待逐项核验,成人票种、游览日、基础/联票、交通是否包含、价格生效期、来源日期
326,天水市麦积山景区,甘肃,待核验,0,,,https://sjfw.mct.gov.cn/site/dataservice/base,https://www.baidu.com/s?wd=%E5%A4%A9%E6%B0%B4%E5%B8%82%E9%BA%A6%E7%A7%AF%E5%B1%B1%E6%99%AF%E5%8C%BA%20%E5%AE%98%E6%96%B9%20%E9%97%A8%E7%A5%A8%20%E6%88%90%E4%BA%BA%20%E7%A5%A8%E5%8A%A1,https://www.baidu.com/s?wd=site%3Actrip.com%20%E5%A4%A9%E6%B0%B4%E5%B8%82%E9%BA%A6%E7%A7%AF%E5%B1%B1%E6%99%AF%E5%8C%BA%20%E6%88%90%E4%BA%BA%20%E9%97%A8%E7%A5%A8,https://www.baidu.com/s?wd=site%3Adianping.com%20%E5%A4%A9%E6%B0%B4%E5%B8%82%E9%BA%A6%E7%A7%AF%E5%B1%B1%E6%99%AF%E5%8C%BA%20%E9%97%A8%E7%A5%A8,平台票种待逐项核验,成人票种、游览日、基础/联票、交通是否包含、价格生效期、来源日期
327,酒泉市鸣沙山月牙泉景区,甘肃,待核验,0,,,https://sjfw.mct.gov.cn/site/dataservice/base,https://www.baidu.com/s?wd=%E9%85%92%E6%B3%89%E5%B8%82%E9%B8%A3%E6%B2%99%E5%B1%B1%E6%9C%88%E7%89%99%E6%B3%89%E6%99%AF%E5%8C%BA%20%E5%AE%98%E6%96%B9%20%E9%97%A8%E7%A5%A8%20%E6%88%90%E4%BA%BA%20%E7%A5%A8%E5%8A%A1,https://www.baidu.com/s?wd=site%3Actrip.com%20%E9%85%92%E6%B3%89%E5%B8%82%E9%B8%A3%E6%B2%99%E5%B1%B1%E6%9C%88%E7%89%99%E6%B3%89%E6%99%AF%E5%8C%BA%20%E6%88%90%E4%BA%BA%20%E9%97%A8%E7%A5%A8,https://www.baidu.com/s?wd=site%3Adianping.com%20%E9%85%92%E6%B3%89%E5%B8%82%E9%B8%A3%E6%B2%99%E5%B1%B1%E6%9C%88%E7%89%99%E6%B3%89%E6%99%AF%E5%8C%BA%20%E9%97%A8%E7%A5%A8,平台票种待逐项核验,成人票种、游览日、基础/联票、交通是否包含、价格生效期、来源日期
328,张掖市七彩丹霞景区,甘肃,待核验,0,,,https://sjfw.mct.gov.cn/site/dataservice/base,https://www.baidu.com/s?wd=%E5%BC%A0%E6%8E%96%E5%B8%82%E4%B8%83%E5%BD%A9%E4%B8%B9%E9%9C%9E%E6%99%AF%E5%8C%BA%20%E5%AE%98%E6%96%B9%20%E9%97%A8%E7%A5%A8%20%E6%88%90%E4%BA%BA%20%E7%A5%A8%E5%8A%A1,https://www.baidu.com/s?wd=site%3Actrip.com%20%E5%BC%A0%E6%8E%96%E5%B8%82%E4%B8%83%E5%BD%A9%E4%B8%B9%E9%9C%9E%E6%99%AF%E5%8C%BA%20%E6%88%90%E4%BA%BA%20%E9%97%A8%E7%A5%A8,https://www.baidu.com/s?wd=site%3Adianping.com%20%E5%BC%A0%E6%8E%96%E5%B8%82%E4%B8%83%E5%BD%A9%E4%B8%B9%E9%9C%9E%E6%99%AF%E5%8C%BA%20%E9%97%A8%E7%A5%A8,平台票种待逐项核验,成人票种、游览日、基础/联票、交通是否包含、价格生效期、来源日期
329,临夏州炳灵寺世界文化遗产旅游区,甘肃,待核验,0,,,https://sjfw.mct.gov.cn/site/dataservice/base,https://www.baidu.com/s?wd=%E4%B8%B4%E5%A4%8F%E5%B7%9E%E7%82%B3%E7%81%B5%E5%AF%BA%E4%B8%96%E7%95%8C%E6%96%87%E5%8C%96%E9%81%97%E4%BA%A7%E6%97%85%E6%B8%B8%E5%8C%BA%20%E5%AE%98%E6%96%B9%20%E9%97%A8%E7%A5%A8%20%E6%88%90%E4%BA%BA%20%E7%A5%A8%E5%8A%A1,https://www.baidu.com/s?wd=site%3Actrip.com%20%E4%B8%B4%E5%A4%8F%E5%B7%9E%E7%82%B3%E7%81%B5%E5%AF%BA%E4%B8%96%E7%95%8C%E6%96%87%E5%8C%96%E9%81%97%E4%BA%A7%E6%97%85%E6%B8%B8%E5%8C%BA%20%E6%88%90%E4%BA%BA%20%E9%97%A8%E7%A5%A8,https://www.baidu.com/s?wd=site%3Adianping.com%20%E4%B8%B4%E5%A4%8F%E5%B7%9E%E7%82%B3%E7%81%B5%E5%AF%BA%E4%B8%96%E7%95%8C%E6%96%87%E5%8C%96%E9%81%97%E4%BA%A7%E6%97%85%E6%B8%B8%E5%8C%BA%20%E9%97%A8%E7%A5%A8,平台票种待逐项核验,成人票种、游览日、基础/联票、交通是否包含、价格生效期、来源日期
330,陇南市官鹅沟景区,甘肃,待核验,0,,,https://sjfw.mct.gov.cn/site/dataservice/base,https://www.baidu.com/s?wd=%E9%99%87%E5%8D%97%E5%B8%82%E5%AE%98%E9%B9%85%E6%B2%9F%E6%99%AF%E5%8C%BA%20%E5%AE%98%E6%96%B9%20%E9%97%A8%E7%A5%A8%20%E6%88%90%E4%BA%BA%20%E7%A5%A8%E5%8A%A1,https://www.baidu.com/s?wd=site%3Actrip.com%20%E9%99%87%E5%8D%97%E5%B8%82%E5%AE%98%E9%B9%85%E6%B2%9F%E6%99%AF%E5%8C%BA%20%E6%88%90%E4%BA%BA%20%E9%97%A8%E7%A5%A8,https://www.baidu.com/s?wd=site%3Adianping.com%20%E9%99%87%E5%8D%97%E5%B8%82%E5%AE%98%E9%B9%85%E6%B2%9F%E6%99%AF%E5%8C%BA%20%E9%97%A8%E7%A5%A8,平台票种待逐项核验,成人票种、游览日、基础/联票、交通是否包含、价格生效期、来源日期
331,甘南州冶力关旅游区,甘肃,待核验,0,,,https://sjfw.mct.gov.cn/site/dataservice/base,https://www.baidu.com/s?wd=%E7%94%98%E5%8D%97%E5%B7%9E%E5%86%B6%E5%8A%9B%E5%85%B3%E6%97%85%E6%B8%B8%E5%8C%BA%20%E5%AE%98%E6%96%B9%20%E9%97%A8%E7%A5%A8%20%E6%88%90%E4%BA%BA%20%E7%A5%A8%E5%8A%A1,https://www.baidu.com/s?wd=site%3Actrip.com%20%E7%94%98%E5%8D%97%E5%B7%9E%E5%86%B6%E5%8A%9B%E5%85%B3%E6%97%85%E6%B8%B8%E5%8C%BA%20%E6%88%90%E4%BA%BA%20%E9%97%A8%E7%A5%A8,https://www.baidu.com/s?wd=site%3Adianping.com%20%E7%94%98%E5%8D%97%E5%B7%9E%E5%86%B6%E5%8A%9B%E5%85%B3%E6%97%85%E6%B8%B8%E5%8C%BA%20%E9%97%A8%E7%A5%A8,平台票种待逐项核验,成人票种、游览日、基础/联票、交通是否包含、价格生效期、来源日期
332,青海湖风景区,青海,待核验,0,,,https://sjfw.mct.gov.cn/site/dataservice/base,https://www.baidu.com/s?wd=%E9%9D%92%E6%B5%B7%E6%B9%96%E9%A3%8E%E6%99%AF%E5%8C%BA%20%E5%AE%98%E6%96%B9%20%E9%97%A8%E7%A5%A8%20%E6%88%90%E4%BA%BA%20%E7%A5%A8%E5%8A%A1,https://www.baidu.com/s?wd=site%3Actrip.com%20%E9%9D%92%E6%B5%B7%E6%B9%96%E9%A3%8E%E6%99%AF%E5%8C%BA%20%E6%88%90%E4%BA%BA%20%E9%97%A8%E7%A5%A8,https://www.baidu.com/s?wd=site%3Adianping.com%20%E9%9D%92%E6%B5%B7%E6%B9%96%E9%A3%8E%E6%99%AF%E5%8C%BA%20%E9%97%A8%E7%A5%A8,平台票种待逐项核验,成人票种、游览日、基础/联票、交通是否包含、价格生效期、来源日期
333,西宁市塔尔寺景区,青海,待核验,0,,,https://sjfw.mct.gov.cn/site/dataservice/base,https://www.baidu.com/s?wd=%E8%A5%BF%E5%AE%81%E5%B8%82%E5%A1%94%E5%B0%94%E5%AF%BA%E6%99%AF%E5%8C%BA%20%E5%AE%98%E6%96%B9%20%E9%97%A8%E7%A5%A8%20%E6%88%90%E4%BA%BA%20%E7%A5%A8%E5%8A%A1,https://www.baidu.com/s?wd=site%3Actrip.com%20%E8%A5%BF%E5%AE%81%E5%B8%82%E5%A1%94%E5%B0%94%E5%AF%BA%E6%99%AF%E5%8C%BA%20%E6%88%90%E4%BA%BA%20%E9%97%A8%E7%A5%A8,https://www.baidu.com/s?wd=site%3Adianping.com%20%E8%A5%BF%E5%AE%81%E5%B8%82%E5%A1%94%E5%B0%94%E5%AF%BA%E6%99%AF%E5%8C%BA%20%E9%97%A8%E7%A5%A8,平台票种待逐项核验,成人票种、游览日、基础/联票、交通是否包含、价格生效期、来源日期
334,海东市互助土族故土园旅游区,青海,待核验,0,,,https://sjfw.mct.gov.cn/site/dataservice/base,https://www.baidu.com/s?wd=%E6%B5%B7%E4%B8%9C%E5%B8%82%E4%BA%92%E5%8A%A9%E5%9C%9F%E6%97%8F%E6%95%85%E5%9C%9F%E5%9B%AD%E6%97%85%E6%B8%B8%E5%8C%BA%20%E5%AE%98%E6%96%B9%20%E9%97%A8%E7%A5%A8%20%E6%88%90%E4%BA%BA%20%E7%A5%A8%E5%8A%A1,https://www.baidu.com/s?wd=site%3Actrip.com%20%E6%B5%B7%E4%B8%9C%E5%B8%82%E4%BA%92%E5%8A%A9%E5%9C%9F%E6%97%8F%E6%95%85%E5%9C%9F%E5%9B%AD%E6%97%85%E6%B8%B8%E5%8C%BA%20%E6%88%90%E4%BA%BA%20%E9%97%A8%E7%A5%A8,https://www.baidu.com/s?wd=site%3Adianping.com%20%E6%B5%B7%E4%B8%9C%E5%B8%82%E4%BA%92%E5%8A%A9%E5%9C%9F%E6%97%8F%E6%95%85%E5%9C%9F%E5%9B%AD%E6%97%85%E6%B8%B8%E5%8C%BA%20%E9%97%A8%E7%A5%A8,平台票种待逐项核验,成人票种、游览日、基础/联票、交通是否包含、价格生效期、来源日期
335,海北州阿咪东索景区,青海,待核验,0,,,https://sjfw.mct.gov.cn/site/dataservice/base,https://www.baidu.com/s?wd=%E6%B5%B7%E5%8C%97%E5%B7%9E%E9%98%BF%E5%92%AA%E4%B8%9C%E7%B4%A2%E6%99%AF%E5%8C%BA%20%E5%AE%98%E6%96%B9%20%E9%97%A8%E7%A5%A8%20%E6%88%90%E4%BA%BA%20%E7%A5%A8%E5%8A%A1,https://www.baidu.com/s?wd=site%3Actrip.com%20%E6%B5%B7%E5%8C%97%E5%B7%9E%E9%98%BF%E5%92%AA%E4%B8%9C%E7%B4%A2%E6%99%AF%E5%8C%BA%20%E6%88%90%E4%BA%BA%20%E9%97%A8%E7%A5%A8,https://www.baidu.com/s?wd=site%3Adianping.com%20%E6%B5%B7%E5%8C%97%E5%B7%9E%E9%98%BF%E5%92%AA%E4%B8%9C%E7%B4%A2%E6%99%AF%E5%8C%BA%20%E9%97%A8%E7%A5%A8,平台票种待逐项核验,成人票种、游览日、基础/联票、交通是否包含、价格生效期、来源日期
336,宁夏沙湖旅游景区,宁夏,基础价格已核验,1,https://pingluo.gov.cn/ztjj/plxmsfwjggkl/201809/t20180920_1069393.html,50元,https://sjfw.mct.gov.cn/site/dataservice/base,https://www.baidu.com/s?wd=%E5%AE%81%E5%A4%8F%E6%B2%99%E6%B9%96%E6%97%85%E6%B8%B8%E6%99%AF%E5%8C%BA%20%E5%AE%98%E6%96%B9%20%E9%97%A8%E7%A5%A8%20%E6%88%90%E4%BA%BA%20%E7%A5%A8%E5%8A%A1,https://www.baidu.com/s?wd=site%3Actrip.com%20%E5%AE%81%E5%A4%8F%E6%B2%99%E6%B9%96%E6%97%85%E6%B8%B8%E6%99%AF%E5%8C%BA%20%E6%88%90%E4%BA%BA%20%E9%97%A8%E7%A5%A8,https://www.baidu.com/s?wd=site%3Adianping.com%20%E5%AE%81%E5%A4%8F%E6%B2%99%E6%B9%96%E6%97%85%E6%B8%B8%E6%99%AF%E5%8C%BA%20%E9%97%A8%E7%A5%A8,平台票种待逐项核验,成人票种、游览日、基础/联票、交通是否包含、价格生效期、来源日期
337,中卫市沙坡头旅游景区,宁夏,基础价格已核验,1,https://pingluo.gov.cn/ztjj/plxmsfwjggkl/201809/t20180920_1069393.html,80元,https://sjfw.mct.gov.cn/site/dataservice/base,https://www.baidu.com/s?wd=%E4%B8%AD%E5%8D%AB%E5%B8%82%E6%B2%99%E5%9D%A1%E5%A4%B4%E6%97%85%E6%B8%B8%E6%99%AF%E5%8C%BA%20%E5%AE%98%E6%96%B9%20%E9%97%A8%E7%A5%A8%20%E6%88%90%E4%BA%BA%20%E7%A5%A8%E5%8A%A1,https://www.baidu.com/s?wd=site%3Actrip.com%20%E4%B8%AD%E5%8D%AB%E5%B8%82%E6%B2%99%E5%9D%A1%E5%A4%B4%E6%97%85%E6%B8%B8%E6%99%AF%E5%8C%BA%20%E6%88%90%E4%BA%BA%20%E9%97%A8%E7%A5%A8,https://www.baidu.com/s?wd=site%3Adianping.com%20%E4%B8%AD%E5%8D%AB%E5%B8%82%E6%B2%99%E5%9D%A1%E5%A4%B4%E6%97%85%E6%B8%B8%E6%99%AF%E5%8C%BA%20%E9%97%A8%E7%A5%A8,平台票种待逐项核验,成人票种、游览日、基础/联票、交通是否包含、价格生效期、来源日期
338,银川市宁夏镇北堡西部影视城,宁夏,基础价格已核验,1,https://pingluo.gov.cn/ztjj/plxmsfwjggkl/201809/t20180920_1069393.html,80元,https://sjfw.mct.gov.cn/site/dataservice/base,https://www.baidu.com/s?wd=%E9%93%B6%E5%B7%9D%E5%B8%82%E5%AE%81%E5%A4%8F%E9%95%87%E5%8C%97%E5%A0%A1%E8%A5%BF%E9%83%A8%E5%BD%B1%E8%A7%86%E5%9F%8E%20%E5%AE%98%E6%96%B9%20%E9%97%A8%E7%A5%A8%20%E6%88%90%E4%BA%BA%20%E7%A5%A8%E5%8A%A1,https://www.baidu.com/s?wd=site%3Actrip.com%20%E9%93%B6%E5%B7%9D%E5%B8%82%E5%AE%81%E5%A4%8F%E9%95%87%E5%8C%97%E5%A0%A1%E8%A5%BF%E9%83%A8%E5%BD%B1%E8%A7%86%E5%9F%8E%20%E6%88%90%E4%BA%BA%20%E9%97%A8%E7%A5%A8,https://www.baidu.com/s?wd=site%3Adianping.com%20%E9%93%B6%E5%B7%9D%E5%B8%82%E5%AE%81%E5%A4%8F%E9%95%87%E5%8C%97%E5%A0%A1%E8%A5%BF%E9%83%A8%E5%BD%B1%E8%A7%86%E5%9F%8E%20%E9%97%A8%E7%A5%A8,平台票种待逐项核验,成人票种、游览日、基础/联票、交通是否包含、价格生效期、来源日期
339,银川市水洞沟旅游区,宁夏,基础价格已核验,1,https://pingluo.gov.cn/ztjj/plxmsfwjggkl/201809/t20180920_1069393.html,60元,https://sjfw.mct.gov.cn/site/dataservice/base,https://www.baidu.com/s?wd=%E9%93%B6%E5%B7%9D%E5%B8%82%E6%B0%B4%E6%B4%9E%E6%B2%9F%E6%97%85%E6%B8%B8%E5%8C%BA%20%E5%AE%98%E6%96%B9%20%E9%97%A8%E7%A5%A8%20%E6%88%90%E4%BA%BA%20%E7%A5%A8%E5%8A%A1,https://www.baidu.com/s?wd=site%3Actrip.com%20%E9%93%B6%E5%B7%9D%E5%B8%82%E6%B0%B4%E6%B4%9E%E6%B2%9F%E6%97%85%E6%B8%B8%E5%8C%BA%20%E6%88%90%E4%BA%BA%20%E9%97%A8%E7%A5%A8,https://www.baidu.com/s?wd=site%3Adianping.com%20%E9%93%B6%E5%B7%9D%E5%B8%82%E6%B0%B4%E6%B4%9E%E6%B2%9F%E6%97%85%E6%B8%B8%E5%8C%BA%20%E9%97%A8%E7%A5%A8,平台票种待逐项核验,成人票种、游览日、基础/联票、交通是否包含、价格生效期、来源日期
340,吴忠市青铜峡黄河大峡谷旅游区,宁夏,待核验,0,,,https://sjfw.mct.gov.cn/site/dataservice/base,https://www.baidu.com/s?wd=%E5%90%B4%E5%BF%A0%E5%B8%82%E9%9D%92%E9%93%9C%E5%B3%A1%E9%BB%84%E6%B2%B3%E5%A4%A7%E5%B3%A1%E8%B0%B7%E6%97%85%E6%B8%B8%E5%8C%BA%20%E5%AE%98%E6%96%B9%20%E9%97%A8%E7%A5%A8%20%E6%88%90%E4%BA%BA%20%E7%A5%A8%E5%8A%A1,https://www.baidu.com/s?wd=site%3Actrip.com%20%E5%90%B4%E5%BF%A0%E5%B8%82%E9%9D%92%E9%93%9C%E5%B3%A1%E9%BB%84%E6%B2%B3%E5%A4%A7%E5%B3%A1%E8%B0%B7%E6%97%85%E6%B8%B8%E5%8C%BA%20%E6%88%90%E4%BA%BA%20%E9%97%A8%E7%A5%A8,https://www.baidu.com/s?wd=site%3Adianping.com%20%E5%90%B4%E5%BF%A0%E5%B8%82%E9%9D%92%E9%93%9C%E5%B3%A1%E9%BB%84%E6%B2%B3%E5%A4%A7%E5%B3%A1%E8%B0%B7%E6%97%85%E6%B8%B8%E5%8C%BA%20%E9%97%A8%E7%A5%A8,平台票种待逐项核验,成人票种、游览日、基础/联票、交通是否包含、价格生效期、来源日期
341,固原市六盘山红军长征旅游区,宁夏,待核验,0,,,https://sjfw.mct.gov.cn/site/dataservice/base,https://www.baidu.com/s?wd=%E5%9B%BA%E5%8E%9F%E5%B8%82%E5%85%AD%E7%9B%98%E5%B1%B1%E7%BA%A2%E5%86%9B%E9%95%BF%E5%BE%81%E6%97%85%E6%B8%B8%E5%8C%BA%20%E5%AE%98%E6%96%B9%20%E9%97%A8%E7%A5%A8%20%E6%88%90%E4%BA%BA%20%E7%A5%A8%E5%8A%A1,https://www.baidu.com/s?wd=site%3Actrip.com%20%E5%9B%BA%E5%8E%9F%E5%B8%82%E5%85%AD%E7%9B%98%E5%B1%B1%E7%BA%A2%E5%86%9B%E9%95%BF%E5%BE%81%E6%97%85%E6%B8%B8%E5%8C%BA%20%E6%88%90%E4%BA%BA%20%E9%97%A8%E7%A5%A8,https://www.baidu.com/s?wd=site%3Adianping.com%20%E5%9B%BA%E5%8E%9F%E5%B8%82%E5%85%AD%E7%9B%98%E5%B1%B1%E7%BA%A2%E5%86%9B%E9%95%BF%E5%BE%81%E6%97%85%E6%B8%B8%E5%8C%BA%20%E9%97%A8%E7%A5%A8,平台票种待逐项核验,成人票种、游览日、基础/联票、交通是否包含、价格生效期、来源日期
342,昌吉回族自治州天山天池风景名胜区,新疆,待核验,0,,,https://sjfw.mct.gov.cn/site/dataservice/base,https://www.baidu.com/s?wd=%E6%98%8C%E5%90%89%E5%9B%9E%E6%97%8F%E8%87%AA%E6%B2%BB%E5%B7%9E%E5%A4%A9%E5%B1%B1%E5%A4%A9%E6%B1%A0%E9%A3%8E%E6%99%AF%E5%90%8D%E8%83%9C%E5%8C%BA%20%E5%AE%98%E6%96%B9%20%E9%97%A8%E7%A5%A8%20%E6%88%90%E4%BA%BA%20%E7%A5%A8%E5%8A%A1,https://www.baidu.com/s?wd=site%3Actrip.com%20%E6%98%8C%E5%90%89%E5%9B%9E%E6%97%8F%E8%87%AA%E6%B2%BB%E5%B7%9E%E5%A4%A9%E5%B1%B1%E5%A4%A9%E6%B1%A0%E9%A3%8E%E6%99%AF%E5%90%8D%E8%83%9C%E5%8C%BA%20%E6%88%90%E4%BA%BA%20%E9%97%A8%E7%A5%A8,https://www.baidu.com/s?wd=site%3Adianping.com%20%E6%98%8C%E5%90%89%E5%9B%9E%E6%97%8F%E8%87%AA%E6%B2%BB%E5%B7%9E%E5%A4%A9%E5%B1%B1%E5%A4%A9%E6%B1%A0%E9%A3%8E%E6%99%AF%E5%90%8D%E8%83%9C%E5%8C%BA%20%E9%97%A8%E7%A5%A8,平台票种待逐项核验,成人票种、游览日、基础/联票、交通是否包含、价格生效期、来源日期
343,吐鲁番市葡萄沟风景区,新疆,待核验,0,,,https://sjfw.mct.gov.cn/site/dataservice/base,https://www.baidu.com/s?wd=%E5%90%90%E9%B2%81%E7%95%AA%E5%B8%82%E8%91%A1%E8%90%84%E6%B2%9F%E9%A3%8E%E6%99%AF%E5%8C%BA%20%E5%AE%98%E6%96%B9%20%E9%97%A8%E7%A5%A8%20%E6%88%90%E4%BA%BA%20%E7%A5%A8%E5%8A%A1,https://www.baidu.com/s?wd=site%3Actrip.com%20%E5%90%90%E9%B2%81%E7%95%AA%E5%B8%82%E8%91%A1%E8%90%84%E6%B2%9F%E9%A3%8E%E6%99%AF%E5%8C%BA%20%E6%88%90%E4%BA%BA%20%E9%97%A8%E7%A5%A8,https://www.baidu.com/s?wd=site%3Adianping.com%20%E5%90%90%E9%B2%81%E7%95%AA%E5%B8%82%E8%91%A1%E8%90%84%E6%B2%9F%E9%A3%8E%E6%99%AF%E5%8C%BA%20%E9%97%A8%E7%A5%A8,平台票种待逐项核验,成人票种、游览日、基础/联票、交通是否包含、价格生效期、来源日期
344,阿勒泰地区喀纳斯景区,新疆,待核验,0,,,https://sjfw.mct.gov.cn/site/dataservice/base,https://www.baidu.com/s?wd=%E9%98%BF%E5%8B%92%E6%B3%B0%E5%9C%B0%E5%8C%BA%E5%96%80%E7%BA%B3%E6%96%AF%E6%99%AF%E5%8C%BA%20%E5%AE%98%E6%96%B9%20%E9%97%A8%E7%A5%A8%20%E6%88%90%E4%BA%BA%20%E7%A5%A8%E5%8A%A1,https://www.baidu.com/s?wd=site%3Actrip.com%20%E9%98%BF%E5%8B%92%E6%B3%B0%E5%9C%B0%E5%8C%BA%E5%96%80%E7%BA%B3%E6%96%AF%E6%99%AF%E5%8C%BA%20%E6%88%90%E4%BA%BA%20%E9%97%A8%E7%A5%A8,https://www.baidu.com/s?wd=site%3Adianping.com%20%E9%98%BF%E5%8B%92%E6%B3%B0%E5%9C%B0%E5%8C%BA%E5%96%80%E7%BA%B3%E6%96%AF%E6%99%AF%E5%8C%BA%20%E9%97%A8%E7%A5%A8,平台票种待逐项核验,成人票种、游览日、基础/联票、交通是否包含、价格生效期、来源日期
345,伊犁哈萨克自治州那拉提旅游风景区,新疆,待核验,0,,,https://sjfw.mct.gov.cn/site/dataservice/base,https://www.baidu.com/s?wd=%E4%BC%8A%E7%8A%81%E5%93%88%E8%90%A8%E5%85%8B%E8%87%AA%E6%B2%BB%E5%B7%9E%E9%82%A3%E6%8B%89%E6%8F%90%E6%97%85%E6%B8%B8%E9%A3%8E%E6%99%AF%E5%8C%BA%20%E5%AE%98%E6%96%B9%20%E9%97%A8%E7%A5%A8%20%E6%88%90%E4%BA%BA%20%E7%A5%A8%E5%8A%A1,https://www.baidu.com/s?wd=site%3Actrip.com%20%E4%BC%8A%E7%8A%81%E5%93%88%E8%90%A8%E5%85%8B%E8%87%AA%E6%B2%BB%E5%B7%9E%E9%82%A3%E6%8B%89%E6%8F%90%E6%97%85%E6%B8%B8%E9%A3%8E%E6%99%AF%E5%8C%BA%20%E6%88%90%E4%BA%BA%20%E9%97%A8%E7%A5%A8,https://www.baidu.com/s?wd=site%3Adianping.com%20%E4%BC%8A%E7%8A%81%E5%93%88%E8%90%A8%E5%85%8B%E8%87%AA%E6%B2%BB%E5%B7%9E%E9%82%A3%E6%8B%89%E6%8F%90%E6%97%85%E6%B8%B8%E9%A3%8E%E6%99%AF%E5%8C%BA%20%E9%97%A8%E7%A5%A8,平台票种待逐项核验,成人票种、游览日、基础/联票、交通是否包含、价格生效期、来源日期
346,阿勒泰地区可可托海景区,新疆,待核验,0,,,https://sjfw.mct.gov.cn/site/dataservice/base,https://www.baidu.com/s?wd=%E9%98%BF%E5%8B%92%E6%B3%B0%E5%9C%B0%E5%8C%BA%E5%8F%AF%E5%8F%AF%E6%89%98%E6%B5%B7%E6%99%AF%E5%8C%BA%20%E5%AE%98%E6%96%B9%20%E9%97%A8%E7%A5%A8%20%E6%88%90%E4%BA%BA%20%E7%A5%A8%E5%8A%A1,https://www.baidu.com/s?wd=site%3Actrip.com%20%E9%98%BF%E5%8B%92%E6%B3%B0%E5%9C%B0%E5%8C%BA%E5%8F%AF%E5%8F%AF%E6%89%98%E6%B5%B7%E6%99%AF%E5%8C%BA%20%E6%88%90%E4%BA%BA%20%E9%97%A8%E7%A5%A8,https://www.baidu.com/s?wd=site%3Adianping.com%20%E9%98%BF%E5%8B%92%E6%B3%B0%E5%9C%B0%E5%8C%BA%E5%8F%AF%E5%8F%AF%E6%89%98%E6%B5%B7%E6%99%AF%E5%8C%BA%20%E9%97%A8%E7%A5%A8,平台票种待逐项核验,成人票种、游览日、基础/联票、交通是否包含、价格生效期、来源日期
347,喀什地区金湖杨景区,新疆,待核验,0,,,https://sjfw.mct.gov.cn/site/dataservice/base,https://www.baidu.com/s?wd=%E5%96%80%E4%BB%80%E5%9C%B0%E5%8C%BA%E9%87%91%E6%B9%96%E6%9D%A8%E6%99%AF%E5%8C%BA%20%E5%AE%98%E6%96%B9%20%E9%97%A8%E7%A5%A8%20%E6%88%90%E4%BA%BA%20%E7%A5%A8%E5%8A%A1,https://www.baidu.com/s?wd=site%3Actrip.com%20%E5%96%80%E4%BB%80%E5%9C%B0%E5%8C%BA%E9%87%91%E6%B9%96%E6%9D%A8%E6%99%AF%E5%8C%BA%20%E6%88%90%E4%BA%BA%20%E9%97%A8%E7%A5%A8,https://www.baidu.com/s?wd=site%3Adianping.com%20%E5%96%80%E4%BB%80%E5%9C%B0%E5%8C%BA%E9%87%91%E6%B9%96%E6%9D%A8%E6%99%AF%E5%8C%BA%20%E9%97%A8%E7%A5%A8,平台票种待逐项核验,成人票种、游览日、基础/联票、交通是否包含、价格生效期、来源日期
348,乌鲁木齐市天山大峡谷,新疆,待核验,0,,,https://sjfw.mct.gov.cn/site/dataservice/base,https://www.baidu.com/s?wd=%E4%B9%8C%E9%B2%81%E6%9C%A8%E9%BD%90%E5%B8%82%E5%A4%A9%E5%B1%B1%E5%A4%A7%E5%B3%A1%E8%B0%B7%20%E5%AE%98%E6%96%B9%20%E9%97%A8%E7%A5%A8%20%E6%88%90%E4%BA%BA%20%E7%A5%A8%E5%8A%A1,https://www.baidu.com/s?wd=site%3Actrip.com%20%E4%B9%8C%E9%B2%81%E6%9C%A8%E9%BD%90%E5%B8%82%E5%A4%A9%E5%B1%B1%E5%A4%A7%E5%B3%A1%E8%B0%B7%20%E6%88%90%E4%BA%BA%20%E9%97%A8%E7%A5%A8,https://www.baidu.com/s?wd=site%3Adianping.com%20%E4%B9%8C%E9%B2%81%E6%9C%A8%E9%BD%90%E5%B8%82%E5%A4%A9%E5%B1%B1%E5%A4%A7%E5%B3%A1%E8%B0%B7%20%E9%97%A8%E7%A5%A8,平台票种待逐项核验,成人票种、游览日、基础/联票、交通是否包含、价格生效期、来源日期
349,巴音郭楞蒙古自治州博斯腾湖景区,新疆,待核验,0,,,https://sjfw.mct.gov.cn/site/dataservice/base,https://www.baidu.com/s?wd=%E5%B7%B4%E9%9F%B3%E9%83%AD%E6%A5%9E%E8%92%99%E5%8F%A4%E8%87%AA%E6%B2%BB%E5%B7%9E%E5%8D%9A%E6%96%AF%E8%85%BE%E6%B9%96%E6%99%AF%E5%8C%BA%20%E5%AE%98%E6%96%B9%20%E9%97%A8%E7%A5%A8%20%E6%88%90%E4%BA%BA%20%E7%A5%A8%E5%8A%A1,https://www.baidu.com/s?wd=site%3Actrip.com%20%E5%B7%B4%E9%9F%B3%E9%83%AD%E6%A5%9E%E8%92%99%E5%8F%A4%E8%87%AA%E6%B2%BB%E5%B7%9E%E5%8D%9A%E6%96%AF%E8%85%BE%E6%B9%96%E6%99%AF%E5%8C%BA%20%E6%88%90%E4%BA%BA%20%E9%97%A8%E7%A5%A8,https://www.baidu.com/s?wd=site%3Adianping.com%20%E5%B7%B4%E9%9F%B3%E9%83%AD%E6%A5%9E%E8%92%99%E5%8F%A4%E8%87%AA%E6%B2%BB%E5%B7%9E%E5%8D%9A%E6%96%AF%E8%85%BE%E6%B9%96%E6%99%AF%E5%8C%BA%20%E9%97%A8%E7%A5%A8,平台票种待逐项核验,成人票种、游览日、基础/联票、交通是否包含、价格生效期、来源日期
350,喀什地区喀什古城景区,新疆,待核验,0,,,https://sjfw.mct.gov.cn/site/dataservice/base,https://www.baidu.com/s?wd=%E5%96%80%E4%BB%80%E5%9C%B0%E5%8C%BA%E5%96%80%E4%BB%80%E5%8F%A4%E5%9F%8E%E6%99%AF%E5%8C%BA%20%E5%AE%98%E6%96%B9%20%E9%97%A8%E7%A5%A8%20%E6%88%90%E4%BA%BA%20%E7%A5%A8%E5%8A%A1,https://www.baidu.com/s?wd=site%3Actrip.com%20%E5%96%80%E4%BB%80%E5%9C%B0%E5%8C%BA%E5%96%80%E4%BB%80%E5%8F%A4%E5%9F%8E%E6%99%AF%E5%8C%BA%20%E6%88%90%E4%BA%BA%20%E9%97%A8%E7%A5%A8,https://www.baidu.com/s?wd=site%3Adianping.com%20%E5%96%80%E4%BB%80%E5%9C%B0%E5%8C%BA%E5%96%80%E4%BB%80%E5%8F%A4%E5%9F%8E%E6%99%AF%E5%8C%BA%20%E9%97%A8%E7%A5%A8,平台票种待逐项核验,成人票种、游览日、基础/联票、交通是否包含、价格生效期、来源日期
351,伊犁哈萨克自治州喀拉峻景区,新疆,待核验,0,,,https://sjfw.mct.gov.cn/site/dataservice/base,https://www.baidu.com/s?wd=%E4%BC%8A%E7%8A%81%E5%93%88%E8%90%A8%E5%85%8B%E8%87%AA%E6%B2%BB%E5%B7%9E%E5%96%80%E6%8B%89%E5%B3%BB%E6%99%AF%E5%8C%BA%20%E5%AE%98%E6%96%B9%20%E9%97%A8%E7%A5%A8%20%E6%88%90%E4%BA%BA%20%E7%A5%A8%E5%8A%A1,https://www.baidu.com/s?wd=site%3Actrip.com%20%E4%BC%8A%E7%8A%81%E5%93%88%E8%90%A8%E5%85%8B%E8%87%AA%E6%B2%BB%E5%B7%9E%E5%96%80%E6%8B%89%E5%B3%BB%E6%99%AF%E5%8C%BA%20%E6%88%90%E4%BA%BA%20%E9%97%A8%E7%A5%A8,https://www.baidu.com/s?wd=site%3Adianping.com%20%E4%BC%8A%E7%8A%81%E5%93%88%E8%90%A8%E5%85%8B%E8%87%AA%E6%B2%BB%E5%B7%9E%E5%96%80%E6%8B%89%E5%B3%BB%E6%99%AF%E5%8C%BA%20%E9%97%A8%E7%A5%A8,平台票种待逐项核验,成人票种、游览日、基础/联票、交通是否包含、价格生效期、来源日期
352,巴音郭楞蒙古自治州巴音布鲁克景区,新疆,基础价格已核验,1,https://www.xjhj.gov.cn/xjhjx/c110799/202504/3c8131196ef143ffb4ba9e2af8a9df85.shtml,65元,https://sjfw.mct.gov.cn/site/dataservice/base,https://www.baidu.com/s?wd=%E5%B7%B4%E9%9F%B3%E9%83%AD%E6%A5%9E%E8%92%99%E5%8F%A4%E8%87%AA%E6%B2%BB%E5%B7%9E%E5%B7%B4%E9%9F%B3%E5%B8%83%E9%B2%81%E5%85%8B%E6%99%AF%E5%8C%BA%20%E5%AE%98%E6%96%B9%20%E9%97%A8%E7%A5%A8%20%E6%88%90%E4%BA%BA%20%E7%A5%A8%E5%8A%A1,https://www.baidu.com/s?wd=site%3Actrip.com%20%E5%B7%B4%E9%9F%B3%E9%83%AD%E6%A5%9E%E8%92%99%E5%8F%A4%E8%87%AA%E6%B2%BB%E5%B7%9E%E5%B7%B4%E9%9F%B3%E5%B8%83%E9%B2%81%E5%85%8B%E6%99%AF%E5%8C%BA%20%E6%88%90%E4%BA%BA%20%E9%97%A8%E7%A5%A8,https://www.baidu.com/s?wd=site%3Adianping.com%20%E5%B7%B4%E9%9F%B3%E9%83%AD%E6%A5%9E%E8%92%99%E5%8F%A4%E8%87%AA%E6%B2%BB%E5%B7%9E%E5%B7%B4%E9%9F%B3%E5%B8%83%E9%B2%81%E5%85%8B%E6%99%AF%E5%8C%BA%20%E9%97%A8%E7%A5%A8,平台票种待逐项核验,成人票种、游览日、基础/联票、交通是否包含、价格生效期、来源日期
353,喀什地区帕米尔旅游区,新疆,待核验,0,,,https://sjfw.mct.gov.cn/site/dataservice/base,https://www.baidu.com/s?wd=%E5%96%80%E4%BB%80%E5%9C%B0%E5%8C%BA%E5%B8%95%E7%B1%B3%E5%B0%94%E6%97%85%E6%B8%B8%E5%8C%BA%20%E5%AE%98%E6%96%B9%20%E9%97%A8%E7%A5%A8%20%E6%88%90%E4%BA%BA%20%E7%A5%A8%E5%8A%A1,https://www.baidu.com/s?wd=site%3Actrip.com%20%E5%96%80%E4%BB%80%E5%9C%B0%E5%8C%BA%E5%B8%95%E7%B1%B3%E5%B0%94%E6%97%85%E6%B8%B8%E5%8C%BA%20%E6%88%90%E4%BA%BA%20%E9%97%A8%E7%A5%A8,https://www.baidu.com/s?wd=site%3Adianping.com%20%E5%96%80%E4%BB%80%E5%9C%B0%E5%8C%BA%E5%B8%95%E7%B1%B3%E5%B0%94%E6%97%85%E6%B8%B8%E5%8C%BA%20%E9%97%A8%E7%A5%A8,平台票种待逐项核验,成人票种、游览日、基础/联票、交通是否包含、价格生效期、来源日期
354,克拉玛依市世界魔鬼城景区,新疆,待核验,0,,,https://sjfw.mct.gov.cn/site/dataservice/base,https://www.baidu.com/s?wd=%E5%85%8B%E6%8B%89%E7%8E%9B%E4%BE%9D%E5%B8%82%E4%B8%96%E7%95%8C%E9%AD%94%E9%AC%BC%E5%9F%8E%E6%99%AF%E5%8C%BA%20%E5%AE%98%E6%96%B9%20%E9%97%A8%E7%A5%A8%20%E6%88%90%E4%BA%BA%20%E7%A5%A8%E5%8A%A1,https://www.baidu.com/s?wd=site%3Actrip.com%20%E5%85%8B%E6%8B%89%E7%8E%9B%E4%BE%9D%E5%B8%82%E4%B8%96%E7%95%8C%E9%AD%94%E9%AC%BC%E5%9F%8E%E6%99%AF%E5%8C%BA%20%E6%88%90%E4%BA%BA%20%E9%97%A8%E7%A5%A8,https://www.baidu.com/s?wd=site%3Adianping.com%20%E5%85%8B%E6%8B%89%E7%8E%9B%E4%BE%9D%E5%B8%82%E4%B8%96%E7%95%8C%E9%AD%94%E9%AC%BC%E5%9F%8E%E6%99%AF%E5%8C%BA%20%E9%97%A8%E7%A5%A8,平台票种待逐项核验,成人票种、游览日、基础/联票、交通是否包含、价格生效期、来源日期
355,博尔塔拉蒙古自治州赛里木湖景区,新疆,待核验,0,,,https://sjfw.mct.gov.cn/site/dataservice/base,https://www.baidu.com/s?wd=%E5%8D%9A%E5%B0%94%E5%A1%94%E6%8B%89%E8%92%99%E5%8F%A4%E8%87%AA%E6%B2%BB%E5%B7%9E%E8%B5%9B%E9%87%8C%E6%9C%A8%E6%B9%96%E6%99%AF%E5%8C%BA%20%E5%AE%98%E6%96%B9%20%E9%97%A8%E7%A5%A8%20%E6%88%90%E4%BA%BA%20%E7%A5%A8%E5%8A%A1,https://www.baidu.com/s?wd=site%3Actrip.com%20%E5%8D%9A%E5%B0%94%E5%A1%94%E6%8B%89%E8%92%99%E5%8F%A4%E8%87%AA%E6%B2%BB%E5%B7%9E%E8%B5%9B%E9%87%8C%E6%9C%A8%E6%B9%96%E6%99%AF%E5%8C%BA%20%E6%88%90%E4%BA%BA%20%E9%97%A8%E7%A5%A8,https://www.baidu.com/s?wd=site%3Adianping.com%20%E5%8D%9A%E5%B0%94%E5%A1%94%E6%8B%89%E8%92%99%E5%8F%A4%E8%87%AA%E6%B2%BB%E5%B7%9E%E8%B5%9B%E9%87%8C%E6%9C%A8%E6%B9%96%E6%99%AF%E5%8C%BA%20%E9%97%A8%E7%A5%A8,平台票种待逐项核验,成人票种、游览日、基础/联票、交通是否包含、价格生效期、来源日期
356,昌吉回族自治州江布拉克景区,新疆,待核验,0,,,https://sjfw.mct.gov.cn/site/dataservice/base,https://www.baidu.com/s?wd=%E6%98%8C%E5%90%89%E5%9B%9E%E6%97%8F%E8%87%AA%E6%B2%BB%E5%B7%9E%E6%B1%9F%E5%B8%83%E6%8B%89%E5%85%8B%E6%99%AF%E5%8C%BA%20%E5%AE%98%E6%96%B9%20%E9%97%A8%E7%A5%A8%20%E6%88%90%E4%BA%BA%20%E7%A5%A8%E5%8A%A1,https://www.baidu.com/s?wd=site%3Actrip.com%20%E6%98%8C%E5%90%89%E5%9B%9E%E6%97%8F%E8%87%AA%E6%B2%BB%E5%B7%9E%E6%B1%9F%E5%B8%83%E6%8B%89%E5%85%8B%E6%99%AF%E5%8C%BA%20%E6%88%90%E4%BA%BA%20%E9%97%A8%E7%A5%A8,https://www.baidu.com/s?wd=site%3Adianping.com%20%E6%98%8C%E5%90%89%E5%9B%9E%E6%97%8F%E8%87%AA%E6%B2%BB%E5%B7%9E%E6%B1%9F%E5%B8%83%E6%8B%89%E5%85%8B%E6%99%AF%E5%8C%BA%20%E9%97%A8%E7%A5%A8,平台票种待逐项核验,成人票种、游览日、基础/联票、交通是否包含、价格生效期、来源日期
357,阿克苏地区天山托木尔景区,新疆,待核验,0,,,https://sjfw.mct.gov.cn/site/dataservice/base,https://www.baidu.com/s?wd=%E9%98%BF%E5%85%8B%E8%8B%8F%E5%9C%B0%E5%8C%BA%E5%A4%A9%E5%B1%B1%E6%89%98%E6%9C%A8%E5%B0%94%E6%99%AF%E5%8C%BA%20%E5%AE%98%E6%96%B9%20%E9%97%A8%E7%A5%A8%20%E6%88%90%E4%BA%BA%20%E7%A5%A8%E5%8A%A1,https://www.baidu.com/s?wd=site%3Actrip.com%20%E9%98%BF%E5%85%8B%E8%8B%8F%E5%9C%B0%E5%8C%BA%E5%A4%A9%E5%B1%B1%E6%89%98%E6%9C%A8%E5%B0%94%E6%99%AF%E5%8C%BA%20%E6%88%90%E4%BA%BA%20%E9%97%A8%E7%A5%A8,https://www.baidu.com/s?wd=site%3Adianping.com%20%E9%98%BF%E5%85%8B%E8%8B%8F%E5%9C%B0%E5%8C%BA%E5%A4%A9%E5%B1%B1%E6%89%98%E6%9C%A8%E5%B0%94%E6%99%AF%E5%8C%BA%20%E9%97%A8%E7%A5%A8,平台票种待逐项核验,成人票种、游览日、基础/联票、交通是否包含、价格生效期、来源日期
358,兵团十师185团白沙湖景区（阿勒泰地区）,新疆,待核验,0,,,https://sjfw.mct.gov.cn/site/dataservice/base,https://www.baidu.com/s?wd=%E5%85%B5%E5%9B%A2%E5%8D%81%E5%B8%88185%E5%9B%A2%E7%99%BD%E6%B2%99%E6%B9%96%E6%99%AF%E5%8C%BA%EF%BC%88%E9%98%BF%E5%8B%92%E6%B3%B0%E5%9C%B0%E5%8C%BA%EF%BC%89%20%E5%AE%98%E6%96%B9%20%E9%97%A8%E7%A5%A8%20%E6%88%90%E4%BA%BA%20%E7%A5%A8%E5%8A%A1,https://www.baidu.com/s?wd=site%3Actrip.com%20%E5%85%B5%E5%9B%A2%E5%8D%81%E5%B8%88185%E5%9B%A2%E7%99%BD%E6%B2%99%E6%B9%96%E6%99%AF%E5%8C%BA%EF%BC%88%E9%98%BF%E5%8B%92%E6%B3%B0%E5%9C%B0%E5%8C%BA%EF%BC%89%20%E6%88%90%E4%BA%BA%20%E9%97%A8%E7%A5%A8,https://www.baidu.com/s?wd=site%3Adianping.com%20%E5%85%B5%E5%9B%A2%E5%8D%81%E5%B8%88185%E5%9B%A2%E7%99%BD%E6%B2%99%E6%B9%96%E6%99%AF%E5%8C%BA%EF%BC%88%E9%98%BF%E5%8B%92%E6%B3%B0%E5%9C%B0%E5%8C%BA%EF%BC%89%20%E9%97%A8%E7%A5%A8,平台票种待逐项核验,成人票种、游览日、基础/联票、交通是否包含、价格生效期、来源日期
359,兵团阿拉尔市塔克拉玛干•三五九旅文化旅游区,新疆,待核验,0,,,https://sjfw.mct.gov.cn/site/dataservice/base,https://www.baidu.com/s?wd=%E5%85%B5%E5%9B%A2%E9%98%BF%E6%8B%89%E5%B0%94%E5%B8%82%E5%A1%94%E5%85%8B%E6%8B%89%E7%8E%9B%E5%B9%B2%E2%80%A2%E4%B8%89%E4%BA%94%E4%B9%9D%E6%97%85%E6%96%87%E5%8C%96%E6%97%85%E6%B8%B8%E5%8C%BA%20%E5%AE%98%E6%96%B9%20%E9%97%A8%E7%A5%A8%20%E6%88%90%E4%BA%BA%20%E7%A5%A8%E5%8A%A1,https://www.baidu.com/s?wd=site%3Actrip.com%20%E5%85%B5%E5%9B%A2%E9%98%BF%E6%8B%89%E5%B0%94%E5%B8%82%E5%A1%94%E5%85%8B%E6%8B%89%E7%8E%9B%E5%B9%B2%E2%80%A2%E4%B8%89%E4%BA%94%E4%B9%9D%E6%97%85%E6%96%87%E5%8C%96%E6%97%85%E6%B8%B8%E5%8C%BA%20%E6%88%90%E4%BA%BA%20%E9%97%A8%E7%A5%A8,https://www.baidu.com/s?wd=site%3Adianping.com%20%E5%85%B5%E5%9B%A2%E9%98%BF%E6%8B%89%E5%B0%94%E5%B8%82%E5%A1%94%E5%85%8B%E6%8B%89%E7%8E%9B%E5%B9%B2%E2%80%A2%E4%B8%89%E4%BA%94%E4%B9%9D%E6%97%85%E6%96%87%E5%8C%96%E6%97%85%E6%B8%B8%E5%8C%BA%20%E9%97%A8%E7%A5%A8,平台票种待逐项核验,成人票种、游览日、基础/联票、交通是否包含、价格生效期、来源日期
