atlas_id,name,province,province_code,city,city_code,directory_year_raw,directory_first_year,category,category_basis,official_description,lon,lat,point_role,representative_elevation_m,elevation_warning,source_url,city_source,coordinate_source,dem_source,retrieved_at,adult_peak_regular_yuan,adult_low_regular_yuan,pricing_scope,price_source_url,price_status,price_display
001,故宫博物院,北京,110000,北京市,110000,2007年,2007,历史人文,作者按主导景观进行单标签分类；见官方简介,故宫博物院成立于1925年，是在明清皇宫及其收藏基础上建立起来的大型综合性博物馆。故宫于1961年被国务院列为第一批“全国重点文物保护单位”，1987年被联合国教科文组织列入“世界遗产名录”，2007年被评为国家5A级旅游景区。故宫博物院于2008年被评为首批国家一级博物馆。故宫拥有我国现存规模最大、保存最完整的古代宫殿建筑群和195万余件/套藏品，是中华五千年文明的重要承载者，中华优秀传统文化的汇聚地，多元文化交流融合的历史见证。通过明清皇家宫殿建筑、宫廷史迹原状陈列、常设及临时展览等多种方式，故宫博物院向公众展现悠久灿烂的中华文明。新时代的故宫博物院以习近平新时代中国特色社会主义思想为指导，深入落实“保护第一、加强管理、挖掘价值、有效利用、让文物活起来”的新时代文物工作要求，真实完整地保护并负责任地传承弘扬故宫承载的中华优秀传统文化。以“平安故宫”“学术故宫”“数字故宫”“活力故宫”建设为支撑，将故宫博物院建成国际一流博物馆，世界文化遗产保护的典范，文化和旅游融合的引领者，文明交流互鉴的中华文化会客厅。,116.39078392801488,39.91665658441206,公开地图代表点,63.0,,https://sjfw.mct.gov.cn/site/dataservice/base,文旅部地图市属字段；直辖市整体、分界洲/白沙湖按地理位置修订,https://a.amap.com/Loca/static/mock/china5a.csv,Copernicus GLO-30；沿用海拔图鉴已核对的代表点,2026-10-05,60.0,40.0,大门票；珍宝馆/钟表馆各另10元,https://www.dpm.org.cn/Visit.html?isappinstalled=0,来源公布的常规标准；采集日不等于价格生效日，实时售价及有效期购票前复核,60元
002,天坛公园,北京,110000,北京市,110000,2007年,2007,历史人文,作者按主导景观进行单标签分类；见官方简介,天坛公园位于北京市东城区。2007年，确定为国家5A级景区。天坛是全国重点文物保护单位。  天坛公园，原名“天地坛”，是明清两代皇帝“祭天”“祈谷”的场所，总面积273公顷，是中国现存最大的古代祭祀性建筑群。主要由春季祈祷丰年的“祈谷坛”，冬至日祭天的“圜丘坛”，皇帝祭祀前居住的斋宫、演习祭祀礼乐的神乐署四大古建筑群组成。主要景点有祈年殿、回音壁、七星石等。,116.40464600706788,39.88054633759129,公开地图代表点,49.0,,https://sjfw.mct.gov.cn/site/dataservice/base,文旅部地图市属字段；直辖市整体、分界洲/白沙湖按地理位置修订,https://a.amap.com/Loca/static/mock/china5a.csv,Copernicus GLO-30；沿用海拔图鉴已核对的代表点,2026-10-05,15.0,10.0,公园入园票；旺季联票34元/淡季28元,https://french.beijing.gov.cn/specials/parktours/guidevisitors/templeofheaven/index.html,来源公布的常规标准；采集日不等于价格生效日，实时售价及有效期购票前复核,15元
003,颐和园,北京,110000,北京市,110000,2007年,2007,历史人文,作者按主导景观进行单标签分类；见官方简介,颐和园景区位于北京市海淀区。2007年，确定为国家5A级景区。颐和园是世界文化遗产，全国重点文物保护单位。颐和园主景区由万寿山、昆明湖组成，全园占地3.009平方公里(其中颐和园世界文化遗产区面积是2.97平方公里)，水面约占四分之三。园内现存各式宫殿、园林古建7万平方米，并以珍贵的文物藏品闻名于世。主要景点有万寿山、昆明湖、十七孔桥等。,116.26683374042952,39.99120524035596,公开地图代表点,49.0,,https://sjfw.mct.gov.cn/site/dataservice/base,文旅部地图市属字段；直辖市整体、分界洲/白沙湖按地理位置修订,https://a.amap.com/Loca/static/mock/china5a.csv,Copernicus GLO-30；沿用海拔图鉴已核对的代表点,2026-10-05,30.0,20.0,入园票；旺季联票60元/淡季50元,https://japanese.beijing.gov.cn/specials/parktours/guidevisitors/summerpalace/,来源公布的常规标准；采集日不等于价格生效日，实时售价及有效期购票前复核,30元
004,八达岭—慕田峪长城旅游区,北京,110000,北京市,110000,2007年,2007,历史人文,作者按主导景观进行单标签分类；见官方简介,慕田峪长城素有“万里长城 慕田峪独秀”的美誉，是明代长城的精华段落之一，具有双面垛口、关台奇特、敌楼密集、立体感强、内外支城并存等特点。,116.53814374687592,40.41636593577862,公开地图代表点,203.0,,https://sjfw.mct.gov.cn/site/dataservice/base,文旅部地图市属字段；直辖市整体、分界洲/白沙湖按地理位置修订,https://a.amap.com/Loca/static/mock/china5a.csv,Copernicus GLO-30；沿用海拔图鉴已核对的代表点,2026-10-05,,,,,,
005,明十三陵景区,北京,110000,北京市,110000,2011年,2011,历史人文,作者按主导景观进行单标签分类；见官方简介,明十三陵景区位于北京市昌平区十三陵镇。2011年，确定为国家5A级景区。明十三陵是世界文化遗产，全国重点文物保护单位，国家重点风景名胜区。      明十三陵景区是明十三陵陵区中对外开放的一部分，总面积120多平方公里。目前对外开放的景区有长陵景区、定陵景区、昭陵景区、康陵景区、神路景区。主要景点有石牌坊、大红门、下马碑、棂星门等。,116.21929906365388,40.25692403119608,公开地图代表点,105.0,,https://sjfw.mct.gov.cn/site/dataservice/base,文旅部地图市属字段；直辖市整体、分界洲/白沙湖按地理位置修订,https://a.amap.com/Loca/static/mock/china5a.csv,Copernicus GLO-30；沿用海拔图鉴已核对的代表点,2026-10-05,,,,,,
006,恭王府博物馆,北京,110000,北京市,110000,2012年,2012,历史人文,作者按主导景观进行单标签分类；见官方简介,恭王府博物馆位于北京市西城区，1982年列入全国重点文物保护单位，2012年晋级国家5A级旅游景区，2017年被评为国家一级博物馆。恭王府始建于清乾隆四十五年（1780），为和孝公主府（与权臣和珅共用），嘉庆四年（1799）赐庆郡王永璘为庆王府，道光三十年（1850）赐恭亲王奕䜣为恭王府，是北京现今保存相对最为完整并对社会公众全面开放的清代王府建筑群。恭王府由府邸和花园两部分组成，总占地面积约6.2万平方米，其中府邸约3.3万平方米，花园约2.9万平方米。府邸为三路五进院落，融汇清代官式与民间、北方与南方建筑精华，形制多样，空间变化丰富，恢宏与精雅并举，是中国古代建筑的珍贵遗存。花园原名“朗润园”，民国时期更名为“萃锦园”，山水楼台糅合皇家园林与文人园林营造手法，富丽与清奇并存，堪称清代王公府园典范。后罩楼、西洋门、大戏楼和“福”字碑并称“三绝一宝”。,116.38007420938597,39.93581440758266,公开地图代表点,58.0,,https://sjfw.mct.gov.cn/site/dataservice/base,文旅部地图市属字段；直辖市整体、分界洲/白沙湖按地理位置修订,https://a.amap.com/Loca/static/mock/china5a.csv,Copernicus GLO-30；沿用海拔图鉴已核对的代表点,2026-10-05,40.0,40.0,普通成人门票,https://www.pgm.org.cn/,来源公布的常规标准；采集日不等于价格生效日，实时售价及有效期购票前复核,40元
007,北京奥林匹克公园,北京,110000,北京市,110000,2012年,2012,主题休闲,作者按主导景观进行单标签分类；见官方简介,北京奥林匹克公园作为奥运功能区核心区域，是2008年北京夏季奥运会、残奥会和2022年北京冬季奥运会、残奥会的核心区和主承载区，是世界首个“双奥园区”，是目前世界上最大的综合性奥林匹克文化展示区。公园地处北京中轴线北端，面积11.59平方公里，从北向南依次为北区奥林匹克森林公园、中心区奥运会场馆集聚区和南区亚运会场馆集聚区及奥体文化商务园区。,116.39321358927658,39.98833760920114,公开地图代表点,51.0,,https://sjfw.mct.gov.cn/site/dataservice/base,文旅部地图市属字段；直辖市整体、分界洲/白沙湖按地理位置修订,https://a.amap.com/Loca/static/mock/china5a.csv,Copernicus GLO-30；沿用海拔图鉴已核对的代表点,2026-10-05,,,,,,
008,圆明园遗址公园景区,北京,110000,北京市,110000,2019年,2019,历史人文,作者按主导景观进行单标签分类；见官方简介,圆明园景区又称圆明园遗址公园，位于北京市海淀区。2020年，确定为国家5A级景区。圆明园是全国重点文物保护单位。圆明园是中国清代大型皇家园林，占地350多公顷，其中水面面积约140公顷，有园林风景百余处，建筑面积逾16万平方米，由圆明园、绮春园、长春园组成，而以圆明园最大，故统称圆明园（亦称圆明三园）。主要景点有大水法、西洋楼遗址、方壶胜境等。,116.2925,40.007222,公开地图代表点,48.0,,https://sjfw.mct.gov.cn/site/dataservice/base,文旅部地图市属字段；直辖市整体、分界洲/白沙湖按地理位置修订,https://loreroutes.com/data/china-5a-scenic-areas.json,Copernicus GLO-30；沿用海拔图鉴已核对的代表点,2026-10-05,,,,,,
009,北京（通州）大运河文化旅游景区,北京,110000,北京市,110000,2024年,2024,综合景观,作者按主导景观进行单标签分类；见官方简介,北京(通州)大运河文化旅游景区位于北京市通州区。2024年，确定为国家5A级景区。北京大运河景区地处大运河北京段的北端，全长12.1公里，以大运河为轴线，覆盖河道两岸的生态绿化带，囊括7.23平方公里，包括2.56平方公里的水域面积。景区分为北区、中区和南区三个部分。主要景点有“三庙一塔”、运河公园、大运河森林公园等。,116.740689,39.869599,公开地图代表点,23.0,,https://sjfw.mct.gov.cn/site/dataservice/base,文旅部地图市属字段；直辖市整体、分界洲/白沙湖按地理位置修订,https://loreroutes.com/data/china-5a-scenic-areas.json,Copernicus GLO-30；沿用海拔图鉴已核对的代表点,2026-10-05,,,,,,
010,天津古文化街旅游区（津门故里）,天津,120000,天津市,120000,2007年,2007,古城古镇,作者按主导景观进行单标签分类；见官方简介,天津古文化街原称宫南、宫北大街，最初是以天后宫为方位确定的地名，位于老城东门外，海河三岔口地区，是天津最早的民俗、文化、商贸聚集地，代表天津老城区的发展历程，有着丰富的文化内涵和历史价值，至今保留着金、元、明、清时期的历史记忆，素有“津门故里”之称，被誉为天津的“城市名片”。改革开放以来，古文化街历经两次升级改造形成建筑总面积18万平方米，集吃、住、游、购、娱于一体的现代大型旅游商贸区。街区内以天后宫、宫南大街、宫北大街为主轴，以袜子胡同、大狮子胡同等东西向街巷为主要街巷构成鱼骨状空间格局。主街全长687米，为开放式步行商业街，汇集泥人张彩塑、杨柳青年画、桂发祥等众多非遗和老字号品牌商家，文化类业态占60%，充满浓郁的中国味、天津味、古韵味和文化味。2005年被命名为中国特色商业街，2007年被评定为首批国家5A级旅游景区，2023年被确定为国家级旅游休闲街区，2024年入选住建部首批历史文化街区保护利用可复制经验做法清单，2025年非遗进景区入选《非遗与旅游融合发展蓝皮书2025》优秀案例。古文化街旅游区历史文化氛围深厚，昔日的人文景观与民俗民风得以重现。南北两侧分立“津门故里”和“沽上艺苑”牌坊，展现天津城市文脉的厚重，700年历史的敕建天后宫、650余年的古建玉皇阁、230余年的戏剧演出场所戏楼、110余年的民居院落通庆里等历史风貌建筑得到有效保护利用，官银号、万春斗店、大狮子胡同、袜子胡同等民间著名建筑、历史遗迹在此重建，近代思想家严复在津20年间曾居住在此并翻译了《天演论》。近年来，古文化街坚持以文塑旅、以旅彰文，加强文化和旅游业态融合，持续举办天津市妈祖文化旅游节、古文化街民俗文化旅游节、国家级非遗—天津皇会展演巡游，弘扬中国传统节庆文化，创新古今对话的复合型多元文旅场景，精心打造人文荟萃、品牌集聚、演绎丰富的津派文化展示厅和城市会客厅，成为具有鲜明文化特征、强烈文化体验的津派文化魅力区，吸引大量国内外游客参观打卡，年均客流量达1350万人次。,117.1854618516337,39.1428951642579,公开地图代表点,10.0,,https://sjfw.mct.gov.cn/site/dataservice/base,文旅部地图市属字段；直辖市整体、分界洲/白沙湖按地理位置修订,https://a.amap.com/Loca/static/mock/china5a.csv,Copernicus GLO-30；沿用海拔图鉴已核对的代表点,2026-10-05,,,,,,
011,盘山风景名胜区,天津,120000,天津市,120000,2007年,2007,自然风光,作者按主导景观进行单标签分类；见官方简介,盘山始记于汉、兴盛于清，是自然山水与名胜古迹并著，佛教文化与皇家文化相融的旅游胜地。早在唐代就以“东五台山”著称佛界，清康熙年间以“京东第一山”驰名中外。清乾隆皇帝曾32次游历盘山，为盘山留下诗文1702篇，并发出了“早知有盘山，何必下江南”的感叹。1994年被国务院批准为国家重点风景名胜区， 2007年被国家旅游局评定为国家首批5A级旅游景区，2011年被国家旅游局评定为中国百强景区。盘山地处京、津、唐、承交汇地带，位于京东60公里、津北100公里的蓟县境内，沿京平、津蓟高速公路可直达景区。盘山集幽林、古洞、奇峰、秀水于一身，恢复开放了五大景区，三百余处景点。入胜、云松、挂月三条客运索道和环保观光车，可将游人送达主峰——挂月峰。正门综合服务区，为游客提供了一个具有皇家园林风范的休闲景地。盘山风景名胜区，以其秀丽清幽的景色，古老迷人的传说，热情文明的服务，欢迎四海宾朋光临。,117.27330763188112,40.0919910011329,公开地图代表点,366.0,,https://sjfw.mct.gov.cn/site/dataservice/base,文旅部地图市属字段；直辖市整体、分界洲/白沙湖按地理位置修订,https://a.amap.com/Loca/static/mock/china5a.csv,Copernicus GLO-30；沿用海拔图鉴已核对的代表点,2026-10-05,,,,,,
012,承德市承德避暑山庄及周围寺庙景区,河北,130000,承德市,130800,2007年,2007,历史人文,作者按主导景观进行单标签分类；见官方简介,承德避暑山庄及周围寺庙景区位于河北省承德市双桥区。2007年，确定为国家5A级景区。承德避暑山庄及周围寺庙是全国重点文物保护单位、国家级风景名胜区、世界文化遗产。承德避暑山庄又称热河行宫，占地564万平方米，主要分为宫殿区和苑景区（湖泊区、平原区和山峦区）两部分。建造于清初康熙、乾隆时期，是清朝皇帝夏季避暑并从事朝政的离宫别苑。主要景点有南山积雪、松鹤斋、丽正门、四面云山等。,117.93945913296903,40.99815982723135,公开地图代表点,341.0,,https://sjfw.mct.gov.cn/site/dataservice/base,文旅部地图市属字段；直辖市整体、分界洲/白沙湖按地理位置修订,https://a.amap.com/Loca/static/mock/china5a.csv,Copernicus GLO-30；沿用海拔图鉴已核对的代表点,2026-10-05,,,,,,
013,白洋淀景区,河北,130000,保定市,130600,2007年,2007,自然风光,作者按主导景观进行单标签分类；见官方简介,白洋淀位于河北省雄安新区，是华北地区最大的淡水湖泊，总面积超300平方公里，素有“华北明珠”之称，亦有“北国江南、北地西湖”之誉。白洋淀景区2007年确定为国家5A级景区，其位于淀区核心位置，总面积27平方公里，主要景点有旅游码头、荷花大观园、文化苑、欢乐岛等。,115.9671953071783,38.93879336116796,公开地图代表点,7.0,,https://sjfw.mct.gov.cn/site/dataservice/base,文旅部地图市属字段；直辖市整体、分界洲/白沙湖按地理位置修订,https://a.amap.com/Loca/static/mock/china5a.csv,Copernicus GLO-30；沿用海拔图鉴已核对的代表点,2026-10-05,,,,,,
014,保定市野三坡景区,河北,130000,保定市,130600,2010年,2010,自然风光,作者按主导景观进行单标签分类；见官方简介,野三坡景区位于河北省保定市涞水县。2010年，确定为国家5A级景区。野三坡是国家级风景名胜区、世界地质公园。景区辐射面积700平方公里，地处特殊的大地构造位置，雄踞紫荆关深断裂带北端之上，多起强烈的构造运动和岩浆活动造就了野三坡内容丰富、类型齐全、独具特色的地质遗迹。主要景点有百里峡、鱼谷洞泉、龙门天关、百草畔等。,115.37906435378558,39.66704772262125,公开地图代表点,344.0,,https://sjfw.mct.gov.cn/site/dataservice/base,文旅部地图市属字段；直辖市整体、分界洲/白沙湖按地理位置修订,https://a.amap.com/Loca/static/mock/china5a.csv,Copernicus GLO-30；沿用海拔图鉴已核对的代表点,2026-10-05,,,,,,
015,石家庄市西柏坡景区,河北,130000,石家庄市,130100,2011年,2011,红色纪念,作者按主导景观进行单标签分类；见官方简介,西柏坡景区位于河北省石家庄市平山县，2011年9月被国家旅游局评为国家5A级景区，目前向社会开放的景点主要有：西柏坡中共中央旧址、西柏坡主题陈列馆、西柏坡廉政教育馆、西柏坡国家安全教育馆、西柏坡丰碑林等30多处；西柏坡纪念馆成立于1955年，1978年5月26日纪念中共中央和解放军总部移驻西柏坡30周年时对外开放，1997年被中宣部命名为“全国百个爱国主义教育示范基地”，2008年被国家文物局命名为首批“国家一级博物馆”；西柏坡中共中央旧址是解放战争时期中共中央和中国人民解放军总部所在地，为全国重点文物保护单位，占地面积16440平方米，建筑面积2600平方米。,113.95266233852396,38.356964005667216,公开地图代表点,235.0,,https://sjfw.mct.gov.cn/site/dataservice/base,文旅部地图市属字段；直辖市整体、分界洲/白沙湖按地理位置修订,https://a.amap.com/Loca/static/mock/china5a.csv,Copernicus GLO-30；沿用海拔图鉴已核对的代表点,2026-10-05,,,,,,
016,唐山市清东陵景区,河北,130000,唐山市,130200,2015年,2015,历史人文,作者按主导景观进行单标签分类；见官方简介,清东陵景区位于河北省唐山市遵化市。2015年，确定为国家5A级景区。清东陵是全国重点文物保护单位。清东陵作为明清皇家陵寝的组成部分是世界文化遗产。 清东陵占地面积80平方千米。陵区南北长125公里、宽20公里，由217座宫殿牌楼组成大小15座陵园，是中国现存规模最宏大、体系最完整、布局最得体的帝王陵墓建筑群。主要景点有孝陵主神道、裕陵妃园寝、慈禧陵等。,117.65909870731144,40.18867353658616,公开地图代表点,123.0,,https://sjfw.mct.gov.cn/site/dataservice/base,文旅部地图市属字段；直辖市整体、分界洲/白沙湖按地理位置修订,https://a.amap.com/Loca/static/mock/china5a.csv,Copernicus GLO-30；沿用海拔图鉴已核对的代表点,2026-10-05,,,,,,
017,邯郸市娲皇宫景区,河北,130000,邯郸市,130400,2015年,2015,宗教文化,作者按主导景观进行单标签分类；见官方简介,娲皇宫景区位于河北省邯郸市涉县。2015年，确定为国家5A级景区。占地面积5平方千米，由入口区、补天园、补天湖、娲皇宫和补天谷五部分组成。是神话传说中女娲 “抟土造人、炼石补天”的地方，我国建筑规模最大、肇建时间最早的祀奉人类始祖女娲的古代建筑群。中国五大祭祖圣地之一，被誉为“华夏祖庙”。其中，北齐摩崖石刻、主体建筑娲皇阁、女娲祭典为景区三大精髓，分别以“天下第一壁经群”、“活楼吊庙”、“国家非物质文化遗产”的殊荣享誉国内外，是研究我国根祖文化的重要基地。,113.60285704768818,36.63363943742295,公开地图代表点,505.0,,https://sjfw.mct.gov.cn/site/dataservice/base,文旅部地图市属字段；直辖市整体、分界洲/白沙湖按地理位置修订,https://a.amap.com/Loca/static/mock/china5a.csv,Copernicus GLO-30；沿用海拔图鉴已核对的代表点,2026-10-05,,,,,,
018,邯郸市广府古城景区,河北,130000,邯郸市,130400,2017年,2017,古城古镇,作者按主导景观进行单标签分类；见官方简介,广府古城景区位于河北省邯郸市永年区。2017年，确定为国家5A级景区。广府古城及城墙是全国重点文物保护单位。 广府古城已有2600多年历史，古城墙周长4.5千米，城内面积1.5平方千米，古城坐落在面积达4.6万亩的永年洼，围绕城墙四周是环绕5千米，宽100米的护城河，护城河之外是湿地，“一城双水”成为广府一道独特景观。主要景点有杨露禅故居、武禹襄故居、广府博物馆等。,114.72449891851925,36.70084264462164,公开地图代表点,47.0,,https://sjfw.mct.gov.cn/site/dataservice/base,文旅部地图市属字段；直辖市整体、分界洲/白沙湖按地理位置修订,https://a.amap.com/Loca/static/mock/china5a.csv,Copernicus GLO-30；沿用海拔图鉴已核对的代表点,2026-10-05,,,,,,
019,保定市白石山景区,河北,130000,保定市,130600,2017年,2017,自然风光,作者按主导景观进行单标签分类；见官方简介,白石山景区位于河北省保定市涞源县。2017年，确定为国家5A级景区。白石山是省级风景名胜区、世界地质公园。白石山景区面积54平方公里，最高峰佛光顶海拔2099米。有全国独一无二的大理岩峰林地貌。白石山景观多样，集峰林、怪石、绝壁、峡谷、瀑布、森林、云海、佛光、长城等景观于一体，地貌奇特，结构复杂，是中国古代“三十六洞天福地”之一。主要景点有海豚出水、将军石、红桦林、裂屏谷、太公钓鱼等。,114.68880321020426,39.21430378224734,公开地图代表点,1794.0,,https://sjfw.mct.gov.cn/site/dataservice/base,文旅部地图市属字段；直辖市整体、分界洲/白沙湖按地理位置修订,https://a.amap.com/Loca/static/mock/china5a.csv,Copernicus GLO-30；沿用海拔图鉴已核对的代表点,2026-10-05,,,,,,
020,秦皇岛市山海关景区,河北,130000,秦皇岛市,130300,2007年/2018年,2007,历史人文,作者按主导景观进行单标签分类；见官方简介,山海关景区位于河北省秦皇岛市山海关区。2007年，确定为国家5A级景区。万里长城－山海关是全国重点文物保护单位。万里长城-山海关在内的长城是世界文化遗产。山海关景区由山海关古城（又称“天下第一关”）片区、老龙头片区组成。山海关又称榆关、渝关、临闾关，是明长城的东北关隘之一，素有中国长城“三大奇观之一”、“天下第一关”之称。主要景点有天下第一关、钟鼓楼、望洋楼、老龙头等。,119.754144,40.009364,公开地图代表点,26.0,,https://sjfw.mct.gov.cn/site/dataservice/base,文旅部地图市属字段；直辖市整体、分界洲/白沙湖按地理位置修订,https://loreroutes.com/data/china-5a-scenic-areas.json,Copernicus GLO-30；沿用海拔图鉴已核对的代表点,2026-10-05,,,,,,
021,保定市清西陵景区,河北,130000,保定市,130600,2020年,2020,历史人文,作者按主导景观进行单标签分类；见官方简介,清西陵景区位于河北省保定市易县。2020年，确定为国家5A级景区。清西陵是全国重点文物保护单位、世界文化遗产。 清西陵是清朝最后一处帝王陵墓群。清西陵以14座陵寝为主，行宫、永福寺、营房、衙署为辅的83平方公里的广袤陵区，是现存规模宏大、保存最完整、陵寝建筑类型最齐全的古代皇家陵墓群。主要景点有泰陵、昌西陵、慕陵、崇陵、永福寺等。,115.3467,39.36389,公开地图代表点,99.0,,https://sjfw.mct.gov.cn/site/dataservice/base,文旅部地图市属字段；直辖市整体、分界洲/白沙湖按地理位置修订,https://loreroutes.com/data/china-5a-scenic-areas.json,Copernicus GLO-30；沿用海拔图鉴已核对的代表点,2026-10-05,,,,,,
022,承德市金山岭长城景区,河北,130000,承德市,130800,2020年,2020,历史人文,作者按主导景观进行单标签分类；见官方简介,金山岭长城景区位于河北省承德市滦平县。2020年，确定为国家5A级景区。金山岭长城是全国重点文物保护单位、国家级风景名胜区、世界文化遗产。金山岭长城东起望京楼，西至龙峪口，全长10.5公里，沿线设有关隘5处，敌楼67座，烽火台3座。金山岭长城作为明长城中保存最为完整的一段，具有深厚的考古价值。主要景点有将军楼、大金山楼、小金山楼等。,117.232864,40.676644,公开地图代表点,403.0,,https://sjfw.mct.gov.cn/site/dataservice/base,文旅部地图市属字段；直辖市整体、分界洲/白沙湖按地理位置修订,https://loreroutes.com/data/china-5a-scenic-areas.json,Copernicus GLO-30；沿用海拔图鉴已核对的代表点,2026-10-05,,,,,,
023,唐山市南湖·开滦旅游景区,河北,130000,唐山市,130200,2024年,2024,综合景观,作者按主导景观进行单标签分类；见官方简介,南湖·开滦旅游景区位于河北省唐山市路南区。2024年，确定为国家5A级景区。南湖·开滦旅游景区占地 5.8 平方公里，由百年工业遗产保护地“开滦国家矿山公园”与开滦采煤沉降修复地“唐山南湖旅游景区”组成。开滦国家矿山公园是首批国家级矿山公园，记述了开滦首开中国近代路矿之源。唐山南湖旅游景区成功举办2016唐山世界园艺博览会。主要景点有唐山皮影主题乐园、开滦博物馆等。,118.1547,39.5945,公开地图代表点,12.0,,https://sjfw.mct.gov.cn/site/dataservice/base,文旅部地图市属字段；直辖市整体、分界洲/白沙湖按地理位置修订,https://loreroutes.com/data/china-5a-scenic-areas.json,Copernicus GLO-30；沿用海拔图鉴已核对的代表点,2026-10-05,,,,,,
024,衡水市衡水湖旅游景区,河北,130000,衡水市,131100,2024年,2024,自然风光,作者按主导景观进行单标签分类；见官方简介,衡水湖旅游景区位于河北省衡水市，2024年，确定为国家5A级景区。衡水湖旅游景区面积26.4平方公里，由享有“双金赛事”的衡水湖马拉松环湖赛道，串联衡水湖生态体验区、冀州古城历史文化区、闾里古镇传统文化研学区以及鸭鸭乐园亲子度假区而成。衡水湖是华北平原单体水域面积最大的内陆淡水湖，享有“京南第一湖”、“东亚蓝宝石”的美誉。主要景点有鸭鸭乐园、衡水历史文化生态研学馆、梅花岛、三生岛、樱花岛等。,115.591667,37.613889,公开地图代表点,22.0,,https://sjfw.mct.gov.cn/site/dataservice/base,文旅部地图市属字段；直辖市整体、分界洲/白沙湖按地理位置修订,https://loreroutes.com/data/china-5a-scenic-areas.json,Copernicus GLO-30；沿用海拔图鉴已核对的代表点,2026-10-05,,,,,,
025,大同市云冈石窟景区,山西,140000,大同市,140200,2007年,2007,历史人文,作者按主导景观进行单标签分类；见官方简介,云冈石窟景区位于山西省大同市云冈区。2007年，确定为国家5A级景区。云冈石窟是全国重点文物保护单位、世界文化遗产。景区占地2.4平方公里，分石窟区和景观区两部分。石窟区是我国首座皇家石窟建筑群，距今已有1500多年历史，现存大小窟龛254个，主要洞窟45座，造像59000余尊，是中国佛教艺术的巅峰之作，中西文化融合的历史丰碑，代表了公元五世纪世界雕刻艺术的最高水平。景观区有昙曜广场、礼佛大道、山堂水殿、莲花大道等景点，以及云冈影视厅、美术馆、院史馆、石兵美术馆、宿白纪念馆、云冈博物馆、演艺中心等场馆。,113.1376862322808,40.10850874992682,公开地图代表点,1135.0,,https://sjfw.mct.gov.cn/site/dataservice/base,文旅部地图市属字段；直辖市整体、分界洲/白沙湖按地理位置修订,https://a.amap.com/Loca/static/mock/china5a.csv,Copernicus GLO-30；沿用海拔图鉴已核对的代表点,2026-10-05,120.0,100.0,基础门票,https://ai.dt.gov.cn/dtszf/bumdtq/202504/978224c8cd5449d096f9eed7ceac0d3a.shtml,来源公布的常规标准；采集日不等于价格生效日，实时售价及有效期购票前复核,120元
026,忻州市五台山风景名胜区,山西,140000,忻州市,140900,2007年,2007,宗教文化,作者按主导景观进行单标签分类；见官方简介,五台山风景区位于山西省忻州市五台县。2007年，确定为国家5A级景区。五台山是国家重点风景名胜区，景区内有6个国家重点文物保护单位（显通寺、菩萨顶、塔院寺、碧山寺、罗睺寺和南山寺）。景区占地面积607.43平方千米，由东台望海峰、南台锦绣峰、西台挂月峰、北台叶斗峰、中台翠岩峰组成，是中国佛教四大名山之首、世界五大佛教圣地之一。,113.58419348437803,38.96800644805104,公开地图代表点,2017.0,,https://sjfw.mct.gov.cn/site/dataservice/base,文旅部地图市属字段；直辖市整体、分界洲/白沙湖按地理位置修订,https://a.amap.com/Loca/static/mock/china5a.csv,Copernicus GLO-30；沿用海拔图鉴已核对的代表点,2026-10-05,,,,,,
027,晋城市皇城相府生态文化旅游区,山西,140000,晋城市,140500,2010年,2010,历史人文,作者按主导景观进行单标签分类；见官方简介,皇城相府生态文化旅游区位于山西省晋城市阳城县。2010年，确定为国家5A级景区。由皇城相府、生态农业观光园、九女仙湖和皇城小康新村四个景点组成，核心景点皇城相府（又称午亭山村）总面积3.6万平方米，是清文渊阁大学土兼吏部尚书加三级、《康熙字典》总阅官、康熙皇帝35年经筵讲师陈廷敬的故居。主要景点有御书楼、中道庄、大学士第、石牌坊、河山楼、藏兵洞等。,112.57700124033552,35.514211246359835,公开地图代表点,622.0,,https://sjfw.mct.gov.cn/site/dataservice/base,文旅部地图市属字段；直辖市整体、分界洲/白沙湖按地理位置修订,https://a.amap.com/Loca/static/mock/china5a.csv,Copernicus GLO-30；沿用海拔图鉴已核对的代表点,2026-10-05,,,,,,
028,晋中市绵山风景区,山西,140000,晋中市,140700,2013年,2013,综合景观,作者按主导景观进行单标签分类；见官方简介,绵山风景区位于山西省晋中市介休市。2013年，确定为国家5A级景区。绵山跨介休、灵石、沁源三市县地界，最高海拔2560米，是太岳山的一条支脉。绵山景区已开发旅游区面积54余平方千米，共有14个大景点，360余个小景点，人文景观有龙头寺、龙脊岭、李姑岩、蜂房泉、大罗宫、天桥、一斗泉、朱家凹、云峰寺、正果寺、介公岭等；自然景观有栖贤谷、古藤谷、水涛沟等。,112.02079528690584,36.889239063179296,公开地图代表点,1873.0,,https://sjfw.mct.gov.cn/site/dataservice/base,文旅部地图市属字段；直辖市整体、分界洲/白沙湖按地理位置修订,https://a.amap.com/Loca/static/mock/china5a.csv,Copernicus GLO-30；沿用海拔图鉴已核对的代表点,2026-10-05,,,,,,
029,晋中市平遥古城景区,山西,140000,晋中市,140700,2015年,2015,古城古镇,作者按主导景观进行单标签分类；见官方简介,平遥古城景区位于山西省晋中市平遥县。2015年，确定为国家5A级景区。1986年公布为国家历史文化名城，1997年连同双林寺、镇国寺一同列入世界文化遗产名录。平遥古城由古城墙、古店铺、古街道、古寺庙、古民居等共同组成一个庞大的建筑群。古城内主要街道两侧完好的保存了220多家古店铺，拥有3980余处具有保护价值的古民居，主要景点有古城墙、县衙、日昇昌、文庙、清虚观等。,112.1769559109218,37.20361922430597,公开地图代表点,762.0,,https://sjfw.mct.gov.cn/site/dataservice/base,文旅部地图市属字段；直辖市整体、分界洲/白沙湖按地理位置修订,https://a.amap.com/Loca/static/mock/china5a.csv,Copernicus GLO-30；沿用海拔图鉴已核对的代表点,2026-10-05,,,,,,
030,忻州市雁门关景区,山西,140000,忻州市,140900,2017年,2017,历史人文,作者按主导景观进行单标签分类；见官方简介,雁门关景区位于山西省忻州市代县。2017年，确定为国家5A级景区。雁门关是中国古代关隘规模宏伟的军事防御工程。雁门关整体布防概括为“两关四口十八隘”，历为中国北境重镇要隘和重要的戍边军政治所，是中国长城文化、关隘文化之瑰宝。主要景点有关城、瓮城、烽火台、校场、古关道等。,112.8817013710091,39.18156409003113,公开地图代表点,1485.0,,https://sjfw.mct.gov.cn/site/dataservice/base,文旅部地图市属字段；直辖市整体、分界洲/白沙湖按地理位置修订,https://a.amap.com/Loca/static/mock/china5a.csv,Copernicus GLO-30；沿用海拔图鉴已核对的代表点,2026-10-05,,,,,,
031,临汾市洪洞大槐树寻根祭祖园旅游景区,山西,140000,临汾市,141000,2018年,2018,历史人文,作者按主导景观进行单标签分类；见官方简介,洪洞大槐树寻根祭祖园旅游景区位于山西省临汾市洪洞县。2018年，确定为国家5A级景区。    大槐树景区占地3.5 km²，分为“移民古迹区”“祭祖活动区”“民俗游览区”和“汾河生态区”四大主题区域，有千年槐根，祭祖堂，石经幢，移民浮雕图，中华姓氏苑等60余处风景文化景点。主要景点有碑亭、二、三代大槐树、祭祖堂、广济寺等。,111.6765,36.2678,公开地图代表点,450.0,,https://sjfw.mct.gov.cn/site/dataservice/base,文旅部地图市属字段；直辖市整体、分界洲/白沙湖按地理位置修订,https://loreroutes.com/data/china-5a-scenic-areas.json,Copernicus GLO-30；沿用海拔图鉴已核对的代表点,2026-10-05,,,,,,
032,长治市太行山大峡谷八泉峡景区,山西,140000,长治市,140400,2020年,2020,自然风光,作者按主导景观进行单标签分类；见官方简介,太行山大峡谷八泉峡景区位于山西省长治市壶关县。2020年，确定为国家5A级景区。八泉峡位于山西长治壶关太行山大峡谷中段，面积24.11平方公里，最低海拔600余米，最高海拔1700余米，是峡谷内设施最全、线路最美、最具代表性的精华景区。八泉峡景区有四大游览区域，分别是高峡平湖水上游，谷底幽深地上观，拐弯索道空中览，悬崖栈道羊场攀，主要景点有时空隧道、观光大坝、绝壁悬梯等。,113.55186721118356,35.95439727207036,公开地图代表点,1008.0,,https://sjfw.mct.gov.cn/site/dataservice/base,文旅部地图市属字段；直辖市整体、分界洲/白沙湖按地理位置修订,https://ditu.amap.com/place/B0L0H5QTXF,Copernicus GLO-30；沿用海拔图鉴已核对的代表点,2026-10-05,,,,,,
033,临汾市云丘山景区,山西,140000,临汾市,141000,2020年,2020,自然风光,作者按主导景观进行单标签分类；见官方简介,云丘山景区位于山西省临汾市乡宁县。2020年，确定为国家5A级景区。其核心开发面积达35平方公里，最高峰玉皇顶海拔1629米。景区地处吕梁山与汾渭地堑交汇处，拥有丰富的自然资源、人文景观和文化遗产，是集旅游观光、休闲度假、民俗体验、文化交流于一体的综合性旅游目的地。主要景点有云丘山冰洞群、神仙峪、塔尔坡古村落、康家坪古村落、圣母谷及玉皇顶等。,111.032285,35.741793,公开地图代表点,658.0,,https://sjfw.mct.gov.cn/site/dataservice/base,文旅部地图市属字段；直辖市整体、分界洲/白沙湖按地理位置修订,https://loreroutes.com/data/china-5a-scenic-areas.json,Copernicus GLO-30；沿用海拔图鉴已核对的代表点,2026-10-05,,,,,,
034,黄河壶口瀑布旅游区(陕西省延安市·山西省临汾市),山西,140000,临汾市,141000,2022年,2022,自然风光,作者按主导景观进行单标签分类；见官方简介,黄河壶口瀑布旅游区东濒山西省临汾市吉县，西临陕西省延安市宜川县，为两省共有旅游景区。2022年，确定为国家5A级景区。壶口瀑布是中国第二大瀑布，世界上最大的黄色瀑布。万里黄河流经此地，水面由300米宽乍缩为50余米，飞流直下，跌入落差30多米深的石槽中，形如巨壶注水，故名“壶口”。壶口瀑布巨浪滔天、声若雷鸣、惊涛拍岸，形成“水底冒烟”“彩桥通天”“群龙戏浪”“谷涧生雷”等奇观。主要景点有“十里龙槽”“孟门夜月”“禹帽峰”“古渡口”等。,110.44394,36.14883,公开地图代表点,454.0,,https://sjfw.mct.gov.cn/site/dataservice/base,文旅部地图市属字段；直辖市整体、分界洲/白沙湖按地理位置修订,https://loreroutes.com/data/china-5a-scenic-areas.json,Copernicus GLO-30；沿用海拔图鉴已核对的代表点,2026-10-05,,,,,,
035,太原市晋祠天龙山景区,山西,140000,太原市,140100,2024年,2024,历史人文,作者按主导景观进行单标签分类；见官方简介,晋祠天龙山景区位于山西省太原市晋源区。2024年，确定为国家5A级景区。晋祠和天龙山石窟都是全国重点文物保护单位。晋祠天龙山景区占地面积3.86平方公里。晋祠是我国现存最早、规模最大、跨越时间最悠久的唐宋古典园林，是唯一集宋、金、元、明、清古建筑精华为一体的建筑群。天龙山石窟是石窟文化逐渐中国本土化的重要节点，反映了我国南北朝至隋唐时期石窟艺术的辉煌成就，世称天龙山样式。主要景点有圣母殿、鱼沼飞梁、献殿、唐叔虞祠、王氏宗祠、宋塑侍女像、周柏、难老泉、《晋祠之铭并序》碑、舍利生生塔、天龙山石窟等。,112.43579,37.708318,公开地图代表点,810.0,,https://sjfw.mct.gov.cn/site/dataservice/base,文旅部地图市属字段；直辖市整体、分界洲/白沙湖按地理位置修订,https://loreroutes.com/data/china-5a-scenic-areas.json,Copernicus GLO-30；沿用海拔图鉴已核对的代表点,2026-10-05,,,,,,
036,晋中市乔家大院景区,山西,140000,晋中市,140700,2014年/2024年,2014,历史人文,作者按主导景观进行单标签分类；见官方简介,乔家大院文化园区位于山西省晋中市祁县。2024年，确定为国家5A级景区。乔家大院是全国重点文物保护单位。 景区由乔家大院“四堂一园”和昌源河国家湿地公园两部分组成。乔家大院“四堂一园”为在中堂、德兴堂、保元堂、宁守堂和乔家花园。昌源河国家湿地公园，是兼具生态保护、生态旅游和生态教育三位一体的综合性生态园区。主要景点有在中堂、乔家花园等。,112.43077379469956,37.40567894545615,公开地图代表点,771.0,,https://sjfw.mct.gov.cn/site/dataservice/base,文旅部地图市属字段；直辖市整体、分界洲/白沙湖按地理位置修订,https://a.amap.com/Loca/static/mock/china5a.csv,Copernicus GLO-30；沿用海拔图鉴已核对的代表点,2026-10-05,,,,,,
037,鄂尔多斯市响沙湾旅游景区,内蒙古,150000,鄂尔多斯市,150600,2011年,2011,自然风光,作者按主导景观进行单标签分类；见官方简介,响沙湾旅游景区位于内蒙古自治区鄂尔多斯市达拉特旗。2011年，确定为国家5A级旅游景区。响沙湾旅游景区是集沙漠观光、娱乐休闲、文化演艺于一体的综合型沙漠旅游景区，已构建起响沙湾港、仙沙休闲岛、悦沙休闲岛等沙漠娱乐区，提供沙漠冲浪车、沙漠小火车、骆驼过山车、戏水乐园、滑雪场等特色活动，包含沙漠探险、滑雪体验及星际探索主题项目和十多场不同的演出表演。,109.980357,40.237962,公开地图代表点,1206.0,,https://sjfw.mct.gov.cn/site/dataservice/base,文旅部地图市属字段；直辖市整体、分界洲/白沙湖按地理位置修订,https://loreroutes.com/data/china-5a-scenic-areas.json,Copernicus GLO-30；沿用海拔图鉴已核对的代表点,2026-10-05,,,,,,
038,鄂尔多斯市成吉思汗陵旅游区,内蒙古,150000,鄂尔多斯市,150600,2011年,2011,历史人文,作者按主导景观进行单标签分类；见官方简介,成吉思汗陵旅游区位于内蒙古自治区鄂尔多斯市伊金霍洛旗。2011年，确定为国家5A级旅游景区。成吉思汗陵旅游区占地面积10平方公里，是全国重点文物保护单位。景区现有历史文化区、非遗保护区、民俗文化区、草原观光区和休闲娱乐区五个主题功能区，推出大型杂技舞台剧《鸿雁》、非遗表演《“秀”起鄂尔多斯婚礼》、马术剧《天天那达慕》等旅游演艺项目，是集非遗展示、民俗体验、餐饮住宿于一体的综合性景区。,109.778863,39.371387,公开地图代表点,1386.0,,https://sjfw.mct.gov.cn/site/dataservice/base,文旅部地图市属字段；直辖市整体、分界洲/白沙湖按地理位置修订,https://loreroutes.com/data/china-5a-scenic-areas.json,Copernicus GLO-30；沿用海拔图鉴已核对的代表点,2026-10-05,,,,,,
039,呼伦贝尔市中俄边境旅游区,内蒙古,150000,呼伦贝尔市,150700,2016年,2016,综合景观,作者按主导景观进行单标签分类；见官方简介,中俄边境旅游区位于内蒙古自治区呼伦贝尔市满洲里市，2016年，被确定为国家5A级旅游景区。景区由国门、套娃游览区、北疆明珠观光塔组成。国门景区包括第五代国门、41号界碑、仿制四代国门等景观。套娃游览区主要景点有俄罗斯民俗体验馆、俄罗斯大马戏演艺剧场、套娃体验馆、套娃滑冰馆、6D球幕飞翔影院和室内外游乐设施等。北疆明珠观光塔位于国门景区内，总高度208米，是集观光、娱乐、休闲、餐饮、购物于一体的旅游综合体项目。,117.38622928907516,49.61151387481504,公开地图代表点,653.0,,https://sjfw.mct.gov.cn/site/dataservice/base,文旅部地图市属字段；直辖市整体、分界洲/白沙湖按地理位置修订,https://a.amap.com/Loca/static/mock/china5a.csv,Copernicus GLO-30；沿用海拔图鉴已核对的代表点,2026-10-05,,,,,,
040,兴安盟阿尔山-柴河旅游景区,内蒙古,150000,兴安盟,152200,2017年,2017,自然风光,作者按主导景观进行单标签分类；见官方简介,阿尔山·柴河旅游景区位于内蒙古东北部，地跨内蒙古兴安盟阿尔山市和呼伦贝尔市扎兰屯市。2017年，确定为国家5A级旅游景区。景区位于阿尔山国家森林公园、阿尔山国家地质公园、好森沟国家森林公园、扎兰屯国家重点风景名胜区内，总面积为1.3万平方公里。景区拥有原始森林、火山遗迹、温泉矿泉、高山湿地、河流湖泊、峡谷奇峰、冰雪运动、民俗文化等旅游产品，包含三潭峡、地池、石塘林、杜鹃湖、驼峰岭天池、大峡谷、不冻河、龟背岩、乌苏浪子湖等景点。,120.41537530194698,47.28177183945915,公开地图代表点,1109.0,,https://sjfw.mct.gov.cn/site/dataservice/base,文旅部地图市属字段；直辖市整体、分界洲/白沙湖按地理位置修订,https://a.amap.com/Loca/static/mock/china5a.csv,Copernicus GLO-30；沿用海拔图鉴已核对的代表点,2026-10-05,,,,,,
041,赤峰市阿斯哈图石林景区,内蒙古,150000,赤峰市,150400,2018年,2018,自然风光,作者按主导景观进行单标签分类；见官方简介,阿斯哈图石林景区位于内蒙古赤峰市克什克腾旗。2018年，确定为国家5A级旅游景区。阿斯哈图石林景区由仙境区、天柱区、鲲鹏区、石城区、石堡区五大景区组成，总面积15.6平方公里。阿斯哈图石林主要是由冰盖冰川的创蚀、掘蚀和冰川融化时大量冰川融水的冲蚀作用形成的，所以被称为“冰川石林”。主要景观有月亮城堡、乘风破浪、七仙女、平衡石、三结义、拴马桩、鲲鹏落草原、飞来石等石景。,117.535164,43.930911,公开地图代表点,1586.0,,https://sjfw.mct.gov.cn/site/dataservice/base,文旅部地图市属字段；直辖市整体、分界洲/白沙湖按地理位置修订,https://loreroutes.com/data/china-5a-scenic-areas.json,Copernicus GLO-30；沿用海拔图鉴已核对的代表点,2026-10-05,,,,,,
042,阿拉善盟胡杨林旅游区,内蒙古,150000,阿拉善盟,152900,2019年,2019,自然风光,作者按主导景观进行单标签分类；见官方简介,胡杨林旅游区位于内蒙古自治区阿拉善盟额济纳旗。2020年，确定为国家5A级景区。胡杨林旅游区占地面积5.4万亩，由一道桥陶来林、二道桥倒影林、三道桥红柳海、四道桥英雄林四个景点组成，集生态观光、科普教育、文化体验、休闲娱乐、主题度假为一体。旅游区拥有全球面积最大、千年古树最多、景色最壮观的原生态胡杨林海。主要景点有陶来林、倒影林等。,101.017426,41.806382,公开地图代表点,951.0,,https://sjfw.mct.gov.cn/site/dataservice/base,文旅部地图市属字段；直辖市整体、分界洲/白沙湖按地理位置修订,https://loreroutes.com/data/china-5a-scenic-areas.json,Copernicus GLO-30；沿用海拔图鉴已核对的代表点,2026-10-05,,,,,,
043,呼伦贝尔市呼伦贝尔大草原·莫尔格勒河景区,内蒙古,150000,呼伦贝尔市,150700,2024年,2024,自然风光,作者按主导景观进行单标签分类；见官方简介,呼伦贝尔大草原·莫尔格勒河景区位于内蒙古自治区呼伦贝尔市陈巴尔虎旗。2024年，确定为国家5A级旅游景区。莫尔格勒河景区总面积为51.42平方公里，是呼伦贝尔草原最重要、最典型、最具代表性的草甸草原地带，莫尔格勒河蜿蜒从景区流过。景区设有两个游客服务中心，莫尔根、阿吉奈等三个观景驿站，天下草原、金帐汗等大型景点以及牧云山顶等特色民宿，并配备了智慧旅游系统，可满足游客多元化旅游需求。,119.7024907502232,49.45969659909767,公开地图代表点,611.0,,https://sjfw.mct.gov.cn/site/dataservice/base,文旅部地图市属字段；直辖市整体、分界洲/白沙湖按地理位置修订,https://ditu.amap.com/place/B0JDZ5C6RX,Copernicus GLO-30；沿用海拔图鉴已核对的代表点,2026-10-05,,,,,,
044,呼和浩特市老牛湾黄河大峡谷旅游区,内蒙古,150000,呼和浩特市,150100,2024年,2024,自然风光,作者按主导景观进行单标签分类；见官方简介,老牛湾黄河大峡谷旅游区位于内蒙古自治区呼和浩特市清水河县，规划面积 9.5 平方公里， 2024 年，确定为国家5A级旅游景区。老牛湾黄河大峡谷旅游区历史文化底蕴深厚，自然景观与人文景观交相辉映，是黄河与长城唯一交汇 “握手” 的地方。景区旅游区以老牛湾、太极湾、留香湾、城湾为四大核心区域，串联宁边州故城遗址、老牛湾古村落、神牛广场、牛转乾坤、大河紫塞、1314 最美爱情岛等 30 余处特色景点，是展示黄河文化、长城文化的重要窗口。,111.465833,39.691939,公开地图代表点,1390.0,,https://sjfw.mct.gov.cn/site/dataservice/base,文旅部地图市属字段；直辖市整体、分界洲/白沙湖按地理位置修订,https://loreroutes.com/data/china-5a-scenic-areas.json,Copernicus GLO-30；沿用海拔图鉴已核对的代表点,2026-10-05,,,,,,
045,沈阳市植物园,辽宁,210000,沈阳市,210100,2007年,2007,主题休闲,作者按主导景观进行单标签分类；见官方简介,沈阳市植物园位于位于辽宁省沈阳市浑南区。2007年确定为国家5A级景区。景区是集绿色生态观赏、精品园林艺术、人文景观建筑、科研科普教育、娱乐休闲活动于一体的多功能综合性旅游景区。沈阳植物园占地面积246公顷。共有专类、国内、国外三类展区80余个展园。整体布局以沈抚铁路为界分为南北两部，南区为植物专类园、翠湖、静潭、游艺桥区、儿童乐园等主要游览园区；北区有城市展园、百合塔、玫瑰园等主要景观区。,123.64349212271344,41.86034114250902,公开地图代表点,90.0,,https://sjfw.mct.gov.cn/site/dataservice/base,文旅部地图市属字段；直辖市整体、分界洲/白沙湖按地理位置修订,https://a.amap.com/Loca/static/mock/china5a.csv,Copernicus GLO-30；沿用海拔图鉴已核对的代表点,2026-10-05,,,,,,
046,大连老虎滩海洋公园·老虎滩极地馆,辽宁,210000,大连市,210200,2007年,2007,主题休闲,作者按主导景观进行单标签分类；见官方简介,大连老虎滩海洋公园·老虎滩极地馆坐落于辽宁省大连市南部海滨中部。2007年，评定为国家首批5A级旅游景区。景区是以展示海洋文化，突出滨城特色，集海洋动物、海洋生物展示，海洋动物表演，海洋游乐，海洋科普教育为一体的现代化海洋主题公园。园区自然风光秀丽，山海互映，景色迷人。公园内建有“浓缩极地世界，展现海洋奇观”的极地海洋动物馆、海兽馆，珊瑚馆，海洋动物情景剧—欢乐剧场，以及全国知名的半自然状态人工鸟笼—鸟语林。此外，乘坐跨海空中索道、海上游艇，可欣赏大海风光和虎滩湾的全貌。,121.6703707365318,38.87082654215053,公开地图代表点,85.0,,https://sjfw.mct.gov.cn/site/dataservice/base,文旅部地图市属字段；直辖市整体、分界洲/白沙湖按地理位置修订,https://a.amap.com/Loca/static/mock/china5a.csv,Copernicus GLO-30；沿用海拔图鉴已核对的代表点,2026-10-05,,,,,,
047,大连市金石滩景区,辽宁,210000,大连市,210200,2011年,2011,自然风光,作者按主导景观进行单标签分类；见官方简介,"金石滩景区位于辽宁省大连市区。2010年，确定为国家5A级景区。金石滩三面环海，由东部半岛、西部半岛及两个半岛之间的开阔腹地和海水浴场组成，属暖温带半湿润气候， 这里四季分明，气候温和，冬无严寒，夏无酷暑；晴天偏多,日照充分，昼夜温差小，海域不冻不淤。金石滩中部的黄金海岸，是中国北方最大的天然沙滩海水浴场，沙质金黄、颗粒均匀、滩软沙平、海岸洁净，海水浴场水质优良。金石滩风景区的山、海、滩、礁等自然资源散落在绵延30余千米的海岸线上。",122.05087730950969,39.06614402745189,公开地图代表点,12.0,,https://sjfw.mct.gov.cn/site/dataservice/base,文旅部地图市属字段；直辖市整体、分界洲/白沙湖按地理位置修订,https://a.amap.com/Loca/static/mock/china5a.csv,Copernicus GLO-30；沿用海拔图鉴已核对的代表点,2026-10-05,,,,,,
048,本溪市本溪水洞景区,辽宁,210000,本溪市,210500,2015年,2015,自然风光,作者按主导景观进行单标签分类；见官方简介,本溪水洞景区位于辽宁省本溪市东部山区，距本溪市区28公里。2015年，确定为国家5A级景区。景区是以岩溶洞穴、地下暗河为主，集山、水、洞、泉、湖、林于一体的自然景观景区。本溪水洞风景区包含本溪水洞(九曲银河)、中国地质博物馆本溪馆、硅化木王国、衍水乐园、玉京山生态园和胜地风情园等景点。本溪水洞长3650米，面积 4.9万平方米，空间40余万立方米，最开阔处高38米，宽70米。洞内空气通畅，水流终年不竭，每昼夜流量1.4万立方米，平均水深1.5米，最深处7米，洞内恒温12℃．河道曲折婉蜒，河水清澈见底。,124.06633193906104,41.27630385226956,公开地图代表点,582.0,,https://sjfw.mct.gov.cn/site/dataservice/base,文旅部地图市属字段；直辖市整体、分界洲/白沙湖按地理位置修订,https://a.amap.com/Loca/static/mock/china5a.csv,Copernicus GLO-30；沿用海拔图鉴已核对的代表点,2026-10-05,,,,,,
049,鞍山市千山景区,辽宁,210000,鞍山市,210300,2017年,2017,宗教文化,作者按主导景观进行单标签分类；见官方简介,千山，古称积翠山，坐落于辽宁省鞍山市东南17公里处，总面积125平方公里。千山为长白山支脉，主峰高708.3米，山峰总数为999座，其数近千，故名“千山”，以奇峰、峭石、古庙、梨花四大自然景观著称，有“东北明珠”之誉，被誉为“辽东第一山”。1982年被列入首批“国家重点风景名胜区”，2006年被评为首批“全国文明风景旅游区”，2017年晋升国家5A级景区，2018年正式挂牌“中国天然氧吧”，2025年荣获辽宁省全面振兴新突破三年行动突出贡献奖和“辽宁优品”省级质量品牌，年接待游客最高290万人次，日最大接待游客量5万人。,123.12411692105884,41.00702323678229,公开地图代表点,242.0,,https://sjfw.mct.gov.cn/site/dataservice/base,文旅部地图市属字段；直辖市整体、分界洲/白沙湖按地理位置修订,https://a.amap.com/Loca/static/mock/china5a.csv,Copernicus GLO-30；沿用海拔图鉴已核对的代表点,2026-10-05,,,,,,
050,盘锦红海滩国家风景廊道景区,辽宁,210000,盘锦市,211100,2019年,2019,自然风光,作者按主导景观进行单标签分类；见官方简介,盘锦红海滩国家风景廊道景区位于辽宁省盘锦市大洼区。2020年，确定为国家5A级景区。景区总面积20余万亩，以红海滩为特色，以湿地资源为依托，以芦苇荡为背景，加上数以万计的水鸟和一望无际的浅海滩涂，成为一处自然景观与人文景观完美结合的湿地生态旅游景区，是集游览、观光、休闲、度假为一体的综合型绿色生态旅游景区。景区每年迁徙、停歇的候鸟达数百万只以上，记录有丹顶鹤、黑嘴鸥、青头潜鸭等国家一级保护野生动物24种，黑颈鸊鷉、白头鹞、东亚江豚等国家二级保护野生动物55种。,121.84201,40.847894,公开地图代表点,1.0,,https://sjfw.mct.gov.cn/site/dataservice/base,文旅部地图市属字段；直辖市整体、分界洲/白沙湖按地理位置修订,https://loreroutes.com/data/china-5a-scenic-areas.json,Copernicus GLO-30；沿用海拔图鉴已核对的代表点,2026-10-05,,,,,,
051,本溪市五女山景区,辽宁,210000,本溪市,210500,2024年,2024,历史人文,作者按主导景观进行单标签分类；见官方简介,五女山景区坐落于辽宁省本溪市桓仁满族自治县县城东北8公里的浑江右岸。2024年，确定为国家5A级景区。 景区包括五女山山城遗址展示区、自然景观区和五女山博物馆三部分，以山岳湖泊风光为依托、以五女山山城为核心、以再现历史文化为主题，形成了集聚山岳观光、遗址游览、文化体验、滨湖漫游、科普教育等功能于一体的综合型旅游风景区。,125.457924,41.302326,公开地图代表点,298.0,,https://sjfw.mct.gov.cn/site/dataservice/base,文旅部地图市属字段；直辖市整体、分界洲/白沙湖按地理位置修订,https://loreroutes.com/data/china-5a-scenic-areas.json,Copernicus GLO-30；沿用海拔图鉴已核对的代表点,2026-10-05,,,,,,
052,长白山景区,吉林,220000,延边朝鲜族自治州,222400,2007年,2007,自然风光,作者按主导景观进行单标签分类；见官方简介,"长白山位于吉林省东南部，中朝两国界山，东北第一峰，中华十大名山之一，也是世界最高、最深的火山湖天池所在地，是松花江、鸭绿江、图们江的“三江之源”，素有“千年积雪万年松，直上人间第一峰”的美誉。长白山是国家级自然保护区、国家火山地质公园、国家首批5A级旅游景区。是世界少有的“生态博物馆”和“物种基因库”，拥有丰富的生态资源和旅游资源，森林覆盖率高达87.7%，是同时拥有“地质遗产、自然环境、文化遗产和生物多样性的综合性自然保护区。1980年长白山加入联合国“人与生物圈保护区网”， 被列为世界自然保留地；1986年被国务院批准为国家级森林和野生动物类型自然保护区；1992年经世界自然保护联盟评审，确认长白山是具有全球意义的国际A级自然保护区；2020年12月，长白山地质公园被联合国教科文组织列为世界地质公园候选地，2023年7月，长白山国家级自然保护区成功入选绿色名录世界最佳自然保护地并授牌。2024年3月27日,经联合国教科文组织执行局批准，长白山世界地质公园列入世界地质公园网络名录。同年9月被国际山岳联盟授予“世界旅游名山”荣誉称号。",128.06864646316097,42.0210243505385,公开地图代表点,2389.0,,https://sjfw.mct.gov.cn/site/dataservice/base,文旅部地图市属字段；直辖市整体、分界洲/白沙湖按地理位置修订,https://a.amap.com/Loca/static/mock/china5a.csv,Copernicus GLO-30；沿用海拔图鉴已核对的代表点,2026-10-05,105.0,,北/西景区大门票；环保车、主峰车另计,https://www.gojilin.gov.cn/changbaishan/cbs-tickets.html,来源公布的常规标准；采集日不等于价格生效日，实时售价及有效期购票前复核,105元
053,长春伪满皇宫博物院,吉林,220000,长春市,220100,2007年,2007,历史人文,作者按主导景观进行单标签分类；见官方简介,伪满皇宫博物院成立于1962年，是一座集“博物馆+景区”双重属性的旧址型博物馆，为国家一级博物馆、全国重点文物保护单位、国家首批5A级旅游景区、全国爱国主义教育示范基地、全国中小学生研学实践教育基地、全国最具创新力博物馆、国际最佳遗产利用组织大会最具影响力项目单位。伪满皇宫博物院是中国末代皇帝爱新觉罗·溥仪称帝“满洲国”的故宫，是日本殖民统治中国东北十四年的历史见证，也是近代长春城市变迁的地标式建筑群。溥仪故宫建筑群保护面积约25.05万平方米，建筑面积13.7万平方米，开放景区达30余处，其中展览面积4.7万平方米，包括缉熙楼、勤民楼、同德殿等宫廷原状陈列40个，大型基本陈列4个，专题展览19个。在文旅融合的时代背景下，伪满皇宫博物院正努力为实现“做中国博物馆+景区创新运营的领跑者”的目标砥砺前行。,125.34205366911549,43.90332482191522,公开地图代表点,208.0,,https://sjfw.mct.gov.cn/site/dataservice/base,文旅部地图市属字段；直辖市整体、分界洲/白沙湖按地理位置修订,https://a.amap.com/Loca/static/mock/china5a.csv,Copernicus GLO-30；沿用海拔图鉴已核对的代表点,2026-10-05,70.0,,政府目录成人标准；优惠对象免票政策另述,https://xxgk.jl.gov.cn/zcbm/fgw_136483/gkml/202308/t20230801_8770940.html,来源公布的常规标准；采集日不等于价格生效日，实时售价及有效期购票前复核,70元
054,净月潭景区,吉林,220000,长春市,220100,2011年,2011,自然风光,作者按主导景观进行单标签分类；见官方简介,公园位于长春净月高新技术产业开发区，距市中心人民广场18公里，景区面积96.38平方公里，其中水域面积5.3平方公里，森林覆盖率96%以上。净月潭因形似弯月状而得名，是“吉林八景”之一，被誉为“净月神秀”。是国家AAAAA级旅游景区，国家级风景名胜区，国家森林公园，全国文明风景旅游区示范点，国家级水利风景区，国家级全民健身户外活动基地，第二批国家级文明旅游示范单位。净月潭是1934年由人工修建的第一座为长春市城区供水的水源地，景区内的森林为人工造林，含有30个树种的完整森林生态体系，是长春市的生态绿核和城市名片。,125.44727818162276,43.79728565577284,公开地图代表点,221.0,,https://sjfw.mct.gov.cn/site/dataservice/base,文旅部地图市属字段；直辖市整体、分界洲/白沙湖按地理位置修订,https://a.amap.com/Loca/static/mock/china5a.csv,Copernicus GLO-30；沿用海拔图鉴已核对的代表点,2026-10-05,30.0,,政府目录成人标准；优惠对象免票政策另述,https://xxgk.jl.gov.cn/zcbm/fgw_136483/gkml/202308/t20230801_8770940.html,来源公布的常规标准；采集日不等于价格生效日，实时售价及有效期购票前复核,30元
055,长影世纪城旅游区,吉林,220000,长春市,220100,2015年,2015,主题休闲,作者按主导景观进行单标签分类；见官方简介,长影世纪城是国家AAAAA级景区。是依托长影深厚的电影文化底蕴、引进世界最先进的特效电影技术打造的中国特效电影主题公园。长影世纪城一期项目于2005年5月开园。二期项目本着整体规划、分期开发的原则，“华夏翱翔”项目于2016年4月投入运营。大型室外游乐项目悬挂式过山车“云霄飞龙”于2024年国庆节期间接待游客，自由塔式跳楼机将于2025年春季投入运营。园区有飞翔式穹幕影院“华夏翱翔”、动感球幕影院“星际探险”、正交多幕特种影院“空间迷城”，以及4D特效影院、巨幕影院等种类最齐全、技术最先进的特效电影。景区围绕电影主题自主开发的一系列电影特技体验及欣赏项目，包括电影配音、声效后期制作、电影特技揭秘、电影特技真人表演、大型电影道具展示、大型室外游乐项目等。近两年，长影世纪城积极适应文旅市场变化，不断寻求新的突破。深入挖掘长影文化内涵，通过融入电影主题元素，打造沉浸式体验项目，推出中国传统文化主题夜游活动，大型实景演艺剧场，升级改造基础设备设施等。,125.440280476319,43.77044153765538,公开地图代表点,249.0,,https://sjfw.mct.gov.cn/site/dataservice/base,文旅部地图市属字段；直辖市整体、分界洲/白沙湖按地理位置修订,https://a.amap.com/Loca/static/mock/china5a.csv,Copernicus GLO-30；沿用海拔图鉴已核对的代表点,2026-10-05,,,,,,
056,敦化六鼎山文化旅游区,吉林,220000,延边朝鲜族自治州,222400,2015年,2015,宗教文化,作者按主导景观进行单标签分类；见官方简介,六鼎山文化旅游区位于敦化市区南郊，是国家 AAAAA 级旅游景区，是吉林省第一家文化旅游区，东北亚旅游黄金大通道的重要节点和旅游目的地，拥有渤海文化、清始祖文化、生态文化，是多元文化的集大成者，东北亚文化旅游的经典和传世之作。景区规划总面积52平方千米，核心面积 10平方千米。景区内有唐渤海国最早的王室贵族墓葬群(全国重点文物保护单位)——六顶山古墓群；中华满族人寻根祭祖圣地——清祖祠；吉林现代文学展示基地——张笑天文学馆。,128.2452342613753,43.30416376121704,公开地图代表点,507.0,,https://sjfw.mct.gov.cn/site/dataservice/base,文旅部地图市属字段；直辖市整体、分界洲/白沙湖按地理位置修订,https://a.amap.com/Loca/static/mock/china5a.csv,Copernicus GLO-30；沿用海拔图鉴已核对的代表点,2026-10-05,100.0,,政府目录成人标准；优惠对象免票政策另述,https://xxgk.jl.gov.cn/zcbm/fgw_136483/gkml/202308/t20230801_8770940.html,来源公布的常规标准；采集日不等于价格生效日，实时售价及有效期购票前复核,100元
057,长春世界雕塑园,吉林,220000,长春市,220100,2017年,2017,主题休闲,作者按主导景观进行单标签分类；见官方简介,长春世界雕塑园位于长春市核心区，占地92公顷，其中水域面积11.8公顷，集自然山水与人文景观于一体，是国家AAAAA级旅游景区、首批国家重点公园、新中国城市雕塑建设成就奖中唯一获雕塑公园成就奖的公园。2003年9月对外开放。景区是“一园六馆”的格局，长春雕塑艺术馆、松山韩蓉非洲艺术收藏博物馆、魏小明艺术馆、长春雕塑博物馆和雕塑体验馆、长春沙俄领事馆旧址陈列馆，六大展馆各具特色。景区汇集216个国家和地区的万余件（组）艺术作品。室外陈列世界著名雕塑大师奥古斯特·罗丹的5件原作，成为国内拥有罗丹原作最多的雕塑园，景区入选首批国家级文明旅游示范单位。在全国5A级旅游景区中，率先实行“不满意无理由退票”政策。2024年，接待游客74万人次。,125.326,43.8204,公开地图代表点,208.0,,https://sjfw.mct.gov.cn/site/dataservice/base,文旅部地图市属字段；直辖市整体、分界洲/白沙湖按地理位置修订,https://loreroutes.com/data/china-5a-scenic-areas.json,Copernicus GLO-30；沿用海拔图鉴已核对的代表点,2026-10-05,,,,,,
058,集安高句丽文物古迹景区,吉林,220000,通化市,220500,2019年,2019,历史人文,作者按主导景观进行单标签分类；见官方简介,集安高句丽文物古迹景区景区位于吉林省集安市，是世界文化遗产、国家AAAAA级旅游景区、国家首批考古遗址公园。集安曾经作为高句丽政权的都城400余年，地上地下遗留大量的文物古迹。高句丽文物古迹旅游景区内的遗迹均为高句丽人所遗留，是集安万余处高句丽遗迹中的精髓。国内城、丸都山城是高句丽的早中期王城，其特点是平原城与军事性山城相互依附、互为都城，形成世界王都建筑史上复合式王都的新模式；以东方金字塔——长寿王陵为代表高句丽王陵皆以石材构筑，外观呈截尖方锥形，结构严密，工艺精湛，规模宏大，气势雄伟；汉字镌刻的海东第一古碑——好太王碑是现存最早、文字最多的高句丽考古史料，亦是高句丽吸收接纳汉字体系和接受汉文化影响的最好诠释。,126.211756,41.143034,公开地图代表点,195.0,,https://sjfw.mct.gov.cn/site/dataservice/base,文旅部地图市属字段；直辖市整体、分界洲/白沙湖按地理位置修订,https://loreroutes.com/data/china-5a-scenic-areas.json,Copernicus GLO-30；沿用海拔图鉴已核对的代表点,2026-10-05,,,,,,
059,前郭查干湖景区,吉林,220000,松原市,220700,2024年,2024,自然风光,作者按主导景观进行单标签分类；见官方简介,"查干湖蒙语为“查干淖尔”，位于吉林省松原市前郭尔罗斯蒙古族自治县境内,湖面南北长约37公里，东西宽约17公里，水域面积约420平方公里，是吉林省内最大的天然湖泊。距松原市区约45公里，是国家AAAAA级旅游景区、国家水利风景区、国家级自然保护区、中国县域旅游品牌百强景区，查干湖冬捕是北纬45度线以北绝无仅有的活态冰雪渔猎文化遗存，“冰湖腾鱼”被列为吉林八景之一,以冰下单网捕捞10.45万公斤和16.8万公斤两创吉尼斯世界纪录，查干湖冬捕习俗被列入国家级非物质文化遗产名录。查干湖生态环境优良。有野生动物22种，鱼类15科68种，植物200多种，鸟类276种，是珍稀濒危鸟类重要的栖息地和迁徙途中重要的停歇地。经过多年的开发，景区内有王爷府陈列馆、成吉思汗召、渔猎文化博物馆、妙因寺、鸿鹄楼、查干湖生态文化中心、契丹岛百花园、野鸭湾湿地公园等24处特色景点，形成了“春捺钵、夏赏荷、秋观鸟、冬渔猎”的四季旅游格局。",124.28,45.25,公开地图代表点,126.0,,https://sjfw.mct.gov.cn/site/dataservice/base,文旅部地图市属字段；直辖市整体、分界洲/白沙湖按地理位置修订,https://loreroutes.com/data/china-5a-scenic-areas.json,Copernicus GLO-30；沿用海拔图鉴已核对的代表点,2026-10-05,,,,,,
060,大安嫩江湾旅游区,吉林,220000,白城市,220800,2024年,2024,自然风光,作者按主导景观进行单标签分类；见官方简介,嫩江湾旅游区位于吉林省大安市城区东北郊，嫩江右岸，占地面积3.5平方公里，是嫩江自北向南流经大安台地折转东南形成的一处天然湿地港湾，也是嫩江流域唯一一处以捺钵文化为主题、湿地生态为基底的高品质旅游景区，被誉为“嫩江第一湾”，是国家AAAAA级旅游景区。这里河流湿地、湖泊湿地、沼泽湿地、人工湿地交错共融，航道水系、景观水系和湿地生态水系彼此联通，涵盖了永久性河流、永久性淡水湖、草本沼泽、灌丛沼泽、森林沼泽、库塘、稻田共7个湿地类型，集湿地保护、历史文化、科研宣教、生态旅游于一体，现有植物194种，野生动物274种。同时，渔业资源丰富，品种很多，俗称“三花五罗十八子”。景区先后被评为国家森林公园、国家湿地公园、国家级水利风景区、省级科普基地省级研学旅游基地。嫩江湾旅游区分为综合服务区、捺钵文化体验区、生态游览区三部分，有大小景点百余处，特色景点18处，享有“江湾十八景”之美誉。成功举办辽金文化冰雪旅游季、辽金文化旅游嘉年华等大型文旅活动，旅游盛况多次被央视等媒体报道，嫩江湾旅游区已成为吉林西部地区旅游重要目的地之一。,124.288247,45.52881,公开地图代表点,124.0,,https://sjfw.mct.gov.cn/site/dataservice/base,文旅部地图市属字段；直辖市整体、分界洲/白沙湖按地理位置修订,https://loreroutes.com/data/china-5a-scenic-areas.json,Copernicus GLO-30；沿用海拔图鉴已核对的代表点,2026-10-05,,,,,,
061,哈尔滨市太阳岛景区,黑龙江,230000,哈尔滨市,230100,2007年,2007,自然风光,作者按主导景观进行单标签分类；见官方简介,太阳岛景区地处黑龙江省哈尔滨市松花江北岸，国家5A级旅游景区、国家级风景名胜区。景区地形自然平缓起伏，动植物繁多，有国家二级保护动物白额雁等。景区分东、中、西三区，东区的太阳山、松鼠岛等是核心景观；中区为文化休闲区；西区有冰雪大世界等自然生态景观。其冰雪大世界、太阳岛雪博会闻名遐迩，是集观光、休闲、科普、度假等功能为一体的旅游胜地。,126.5919628559258,45.78968093810847,公开地图代表点,118.0,,https://sjfw.mct.gov.cn/site/dataservice/base,文旅部地图市属字段；直辖市整体、分界洲/白沙湖按地理位置修订,https://a.amap.com/Loca/static/mock/china5a.csv,Copernicus GLO-30；沿用海拔图鉴已核对的代表点,2026-10-05,,,,,,
062,黑河市五大连池景区,黑龙江,230000,黑河市,231100,2011年,2011,自然风光,作者按主导景观进行单标签分类；见官方简介,五大连池景区地处黑龙江省黑河市西南部。国家5A级旅游景区、世界地质公园、世界生物圈保护区。1719-1721年火山喷发，熔岩阻塞河道，形成五个相连湖泊，故而得名。这里有14座新老期火山，火山地貌类型齐全、保存完整。喷发跨越200多万年，被喻为“天然火山博物馆”。其矿泉位列“世界三大冷矿泉”，对多种疾病疗效显著。景区内植物618种、野生动物397种，生态多样。五大连池集观光、康养、科考等功能于一体，在地质研究、生态保护及旅游休闲等方面地位重要。,126.25740440873902,48.693720737763776,公开地图代表点,302.0,,https://sjfw.mct.gov.cn/site/dataservice/base,文旅部地图市属字段；直辖市整体、分界洲/白沙湖按地理位置修订,https://a.amap.com/Loca/static/mock/china5a.csv,Copernicus GLO-30；沿用海拔图鉴已核对的代表点,2026-10-05,,,,,,
063,牡丹江市镜泊湖景区,黑龙江,230000,牡丹江市,231000,2011年,2011,自然风光,作者按主导景观进行单标签分类；见官方简介,镜泊湖景区位于黑龙江省牡丹江市宁安市境内。国家5A级旅游景区、世界地质公园。景区由百里长湖、火山口森林、渤海国遗址三大核心景区构成。百里长湖蜿蜒，有吊水楼瀑布、白石砬子等八大景；火山口森林内，原始针阔混交林与红松纯林覆盖火山口，神秘壮观；渤海国遗址承载历史，极具研究价值。这里兼具湖光山色、地质奇观与历史人文景观，是集科考、避暑、游览、观光、度假等功能于一体的综合性景区。,128.94720580484835,44.06084194361815,公开地图代表点,343.0,,https://sjfw.mct.gov.cn/site/dataservice/base,文旅部地图市属字段；直辖市整体、分界洲/白沙湖按地理位置修订,https://a.amap.com/Loca/static/mock/china5a.csv,Copernicus GLO-30；沿用海拔图鉴已核对的代表点,2026-10-05,,,,,,
064,伊春市林海奇石景区,黑龙江,230000,伊春市,230700,2013年,2013,自然风光,作者按主导景观进行单标签分类；见官方简介,"汤旺河林海奇石景区位于黑龙江省伊春市汤旺县境内，2013年，确定为国家5A级旅游景区。其地处小兴安岭高地,森林覆盖率达99.8%。2亿年前印支运动形成的花岗岩石林，经板块挤压、地壳升降及风化侵蚀，造就百余座造型各异的石峰，或拔地而起、陡直如削，或散落林间、惟妙惟肖，是国内类型最齐、发育最典型、造型最丰的印支期地质遗迹，极具科研与美学价值。这里植被繁茂，分布着1240多种动植物和昆虫鸟类，夏季均温18℃-23℃，是避暑佳处。游客在此可赏石林、观林海、闻鸟鸣，感受大自然鬼斧神工。",129.4516843912945,48.45667222071992,公开地图代表点,417.0,,https://sjfw.mct.gov.cn/site/dataservice/base,文旅部地图市属字段；直辖市整体、分界洲/白沙湖按地理位置修订,https://a.amap.com/Loca/static/mock/china5a.csv,Copernicus GLO-30；沿用海拔图鉴已核对的代表点,2026-10-05,,,,,,
065,大兴安岭地区北极村旅游景区,黑龙江,230000,大兴安岭地区,232700,2015年,2015,综合景观,作者按主导景观进行单标签分类；见官方简介,北极村旅游区地处黑龙江省大兴安岭地区漠河市北极镇，2015年，确定为国家5A级旅游景区。这里群山连绵、沟谷纵横，属内陆山系地貌。1860年便有人居住，历史底蕴深厚。因地处高纬度，是全国唯一能观赏北极光与极昼极夜的绝佳观测点，“不夜城”“金鸡之冠”等美誉加身。乡土气息浓郁，植被与生态环境保存完好，夏季凉爽宜人，是避暑胜地；冬季银装素裹，可赏冰雪奇景，还有“最北邮局”等特色景点，是旅游、科考、探险的理想之地。,122.35516117055154,53.47637373013245,公开地图代表点,297.0,,https://sjfw.mct.gov.cn/site/dataservice/base,文旅部地图市属字段；直辖市整体、分界洲/白沙湖按地理位置修订,https://a.amap.com/Loca/static/mock/china5a.csv,Copernicus GLO-30；沿用海拔图鉴已核对的代表点,2026-10-05,,,,,,
066,鸡西市虎头旅游景区,黑龙江,230000,鸡西市,230300,2019年,2019,综合景观,作者按主导景观进行单标签分类；见官方简介,虎头旅游景区位于黑龙江省鸡西市虎林市虎头镇。国家5A级景区、国家森林公园。景区集大界江、大湿地、大冰雪、大森林等塞北自然风光，与战争遗址、历史文物等人文景观于一体，是黑龙江省唯一一处“非城市中心型旅游资源集合区”。天下第一虎雕塑长25米、高16米、重30.4吨，载入上海大世界吉尼斯大全。而虎头要塞是侵华日军在中苏边境修筑的核心要塞，设施齐全，因苏军攻克成为二战终结地，承载着厚重历史，警示后人。,133.66136,45.98295,公开地图代表点,81.0,,https://sjfw.mct.gov.cn/site/dataservice/base,文旅部地图市属字段；直辖市整体、分界洲/白沙湖按地理位置修订,https://loreroutes.com/data/china-5a-scenic-areas.json,Copernicus GLO-30；沿用海拔图鉴已核对的代表点,2026-10-05,,,,,,
067,齐齐哈尔市扎龙生态旅游区,黑龙江,230000,齐齐哈尔市,230200,2024年,2024,自然风光,作者按主导景观进行单标签分类；见官方简介,"扎龙生态旅游区地处黑龙江省齐齐哈尔市境内,2024年，确定为国家5A级旅游景区。中国首个专业观鸟旅游区，这里拥有亚洲第一、世界第四的扎龙湿地，也是世界最大芦苇湿地，有河道纵横、湖泊星罗棋布的平原区河湖相冲击地貌。1979年建保护区，1992年列入“国际重要湿地名录”。世界15种鹤里中国有9种，扎龙占6种，全球近2000只丹顶鹤中，扎龙就有400多只，是世界最大的丹顶鹤繁殖地，享有“鸟的天堂、鹤的家乡”美誉，在湿地生态保护、科研、科普教育等方面地位关键。",124.25,47.2,公开地图代表点,142.0,,https://sjfw.mct.gov.cn/site/dataservice/base,文旅部地图市属字段；直辖市整体、分界洲/白沙湖按地理位置修订,https://loreroutes.com/data/china-5a-scenic-areas.json,Copernicus GLO-30；沿用海拔图鉴已核对的代表点,2026-10-05,,,,,,
068,东方明珠广播电视塔,上海,310000,上海市,310000,2007年,2007,主题休闲,作者按主导景观进行单标签分类；见官方简介,东方明珠广播电视塔位于上海市浦东新区陆家嘴。2007年，确定为国家5A级景区。东方明珠广播电视塔地处黄浦江畔，背拥陆家嘴地区现代化建筑楼群，与隔江的外滩万国建筑博览群交相辉映，是集都市观光、时尚餐饮、购物娱乐、历史陈列、浦江游览、会展演出、广播电视发射等多功能于一体的上海市标志性建筑之一。该建筑主体为多筒结构，由3根斜撑、3根立柱及广场、塔座、下球体、5个小球体、上球体、太空舱、发射天线桅杆等构成，主体结构高350米，总高468米。,121.49526,31.2419,公开地图代表点,35.0,,https://sjfw.mct.gov.cn/site/dataservice/base,文旅部地图市属字段；直辖市整体、分界洲/白沙湖按地理位置修订,https://loreroutes.com/data/china-5a-scenic-areas.json,Copernicus GLO-30；沿用海拔图鉴已核对的代表点,2026-10-05,,,,,,
069,上海野生动物园,上海,310000,上海市,310000,2007年,2007,主题休闲,作者按主导景观进行单标签分类；见官方简介,上海野生动物园位于上海市浦东新区境内，1995年11月18日正式对外开放，2007年获得首批国家5A级旅游景区荣誉。园内居住着来自国内外的珍稀野生动物200余种，上万余只，不仅拥有全国最大的金丝猴种群、猎豹种群等，还生活着华东地区最大的非洲象、亚洲象种群，和全国独展的大独角犀。此外四大国宝大熊猫、金丝猴、朱鹮、金毛羚牛也都在此快乐生活、繁衍生息。园区分为车入区、步行区及“水域探秘”三大部分，不同的游览方式带来不一样的观赏体验。小熊猫漫步云梯、红猩猩“猩空漫步”，东北虎跳水扑食、火烈鸟巡游等，创新科普方式，科普讲解与行为展示相结合，寓教于乐。,121.71738445660183,31.057349246733825,公开地图代表点,6.0,,https://sjfw.mct.gov.cn/site/dataservice/base,文旅部地图市属字段；直辖市整体、分界洲/白沙湖按地理位置修订,https://a.amap.com/Loca/static/mock/china5a.csv,Copernicus GLO-30；沿用海拔图鉴已核对的代表点,2026-10-05,,,,,,
070,上海科技馆,上海,310000,上海市,310000,2010年,2010,主题休闲,作者按主导景观进行单标签分类；见官方简介,上海科技馆位于上海市浦东新区。2010年，确定为国家5A级景区。上海科技馆以科学传播为宗旨，以科普展示为载体，围绕“自然•人•科技”的大主题，有生物万象、地壳探秘、设计师摇篮、智慧之光、地球家园、信息时代、机器人世界、探索之光、人与健康、宇航天地、彩虹儿童乐园等11个常设展厅；蜘蛛和动物世界2个特别展览；中国古代科技和中外科学探索者2个浮雕长廊；中国科学院和中国工程院院士信息墙，加上由巨幕、球幕、四维、太空四大特种影院组成的科学影城。,121.53819155093092,31.221264415165933,公开地图代表点,-1.0,原始栅格为-1米；图上按10米四舍五入约0米，不解释为实测海拔或地面沉降。,https://sjfw.mct.gov.cn/site/dataservice/base,文旅部地图市属字段；直辖市整体、分界洲/白沙湖按地理位置修订,https://a.amap.com/Loca/static/mock/china5a.csv,Copernicus GLO-30；沿用海拔图鉴已核对的代表点,2026-10-05,,,,,,
071,中国共产党一大•二大•四大纪念馆景区,上海,310000,上海市,310000,2021年,2021,红色纪念,作者按主导景观进行单标签分类；见官方简介,上海是中国共产党的诞生地、初心始发地、伟大建党精神孕育地。中国共产党一大·二大·四大纪念馆位于上海市。2021年，确定为国家5A级旅游景区。中国共产党一大·二大·四大纪念馆以红色旅游为主，由中共一大纪念馆、中共二大会址纪念馆、中共四大纪念馆组成。中共一大纪念馆下辖中共一大会址、中共一大宿舍旧址（博文女校）、中共代表团驻沪办事处旧址（周公馆）三处国家重点文物保护单位，中共一大会址是中国共产党人的精神家园。中共二大会址纪念馆内部展陈围绕首部党章诞生地，着力呈现“石库门里的纪念馆”。中共四大纪念馆，完整再现1925年中共四大在上海召开的历史，规定“凡有党员三人以上均得成立一个支部”，成为中国共产党支部建设的起点。,121.4707,31.222,公开地图代表点,4.0,,https://sjfw.mct.gov.cn/site/dataservice/base,文旅部地图市属字段；直辖市整体、分界洲/白沙湖按地理位置修订,https://loreroutes.com/data/china-5a-scenic-areas.json,Copernicus GLO-30；沿用海拔图鉴已核对的代表点,2026-10-05,,,,,,
072,西沙明珠湖景区,上海,310000,上海市,310000,2024年,2024,自然风光,作者按主导景观进行单标签分类；见官方简介,西沙明珠湖景区位于上海市崇明区。2024年，确定为国家5A级景区。西沙明珠湖景区位于世界最大河口冲积沙岛、中国第三大岛——崇明岛的西南端，由明珠湖和西沙湿地组成，总面积7.8平方公里。辖区原是长江南支的一条主航道，也是我国明代航海家郑和下西洋所经区域，作为国际候鸟5号线的驿站，景区具有独特秀美的湿地、湖泊、森林自然风光和特色的水陆体育竞技休闲旅游，使其成为了一个知名的国家生态旅游示范区。景区自然风光秀美，环境优质，大气指标国家一级，水质属国家地表水Ⅱ类。,121.253012,31.740036,公开地图代表点,1.0,,https://sjfw.mct.gov.cn/site/dataservice/base,文旅部地图市属字段；直辖市整体、分界洲/白沙湖按地理位置修订,https://loreroutes.com/data/china-5a-scenic-areas.json,Copernicus GLO-30；沿用海拔图鉴已核对的代表点,2026-10-05,,,,,,
073,苏州市苏州园林（拙政园－留园－虎丘）,江苏,320000,苏州市,320500,2007年,2007,历史人文,作者按主导景观进行单标签分类；见官方简介,苏州园林景区位于江苏省苏州市。2007年，确定为国家5A级景区。1997年，被列入《世界遗产名录》。景区以苏州古典园林景观为特色，由拙政园、虎丘山、留园等多处景点组成。拙政园是江南私家花园的典范，分为东、中、西三个部分，东园以山水景色为主，中园以花草树木为主，西园则以亭台楼阁为主。留园是苏州最著名的园林之一，以湖景为主，园内有大量的假山、亭台、楼阁等建筑。,120.62484519874714,31.3263223764378,公开地图代表点,13.0,,https://sjfw.mct.gov.cn/site/dataservice/base,文旅部地图市属字段；直辖市整体、分界洲/白沙湖按地理位置修订,https://a.amap.com/Loca/static/mock/china5a.csv,Copernicus GLO-30；沿用海拔图鉴已核对的代表点,2026-10-05,,,,,,
074,苏州市周庄古镇景区,江苏,320000,苏州市,320500,2007年,2007,古城古镇,作者按主导景观进行单标签分类；见官方简介,周庄古镇位于江苏省苏州市。2007年，确定为国家5A级景区。周庄古镇有着天下第一水乡的美誉。古镇四面环水，镇内由“井”字形的河道构成骨架，前街后河，河街相依。井字型河道上完好保存着14座建于元、明、清各代的古石桥。十四座造型优美的石拱桥，丰富了河上的景色。全镇依河成街，桥街相连，深宅大院，重脊高檐，河埠廊坊，过街骑楼，穿竹石栏，临河水阁，一派古朴幽静，“小桥、流水、人家”完美地结合在一起。,120.84678916621692,31.117564635801685,公开地图代表点,7.0,,https://sjfw.mct.gov.cn/site/dataservice/base,文旅部地图市属字段；直辖市整体、分界洲/白沙湖按地理位置修订,https://a.amap.com/Loca/static/mock/china5a.csv,Copernicus GLO-30；沿用海拔图鉴已核对的代表点,2026-10-05,100.0,100.0,政府价格手册参观票标准；实际售价复核,https://credit.suzhou.gov.cn/html/wap_jgsc,来源公布的常规标准；采集日不等于价格生效日，实时售价及有效期购票前复核,100元
075,南京市钟山风景名胜区－中山陵园风景区,江苏,320000,南京市,320100,2007年,2007,综合景观,作者按主导景观进行单标签分类；见官方简介,钟山风景名胜区-中山陵园风景区位于江苏省南京市。2007年，确定为国家5A级景区。景区以中山陵园为中心，明孝陵和灵谷寺为依托，分布各类名胜古迹多达200多处。中山陵位于钟山中茅峰南麓，是民主革命先行者孙中山先生的陵墓，是首批中国20世纪建筑遗产；明孝陵是明代开国皇帝朱元璋的陵寝，2003年作为文化遗产被列入《世界遗产名录》;灵谷景区是国民革命军阵亡将士纪念建筑群所在地。,118.8482561405519,32.06154677421509,公开地图代表点,111.0,,https://sjfw.mct.gov.cn/site/dataservice/base,文旅部地图市属字段；直辖市整体、分界洲/白沙湖按地理位置修订,https://a.amap.com/Loca/static/mock/china5a.csv,Copernicus GLO-30；沿用海拔图鉴已核对的代表点,2026-10-05,,,,,,
076,无锡市中央电视台无锡影视基地三国水浒景区,江苏,320000,无锡市,320200,2007年,2007,主题休闲,作者按主导景观进行单标签分类；见官方简介,中央电视台无锡影视基地三国水浒景区位于江苏省无锡市滨湖区。2007年，确定为国家5A级景区。景区是中国首创的大规模影视拍摄和旅游基地。始建于1987年，是我国首家以影视文化与旅游相结合的主题园。无锡影视城主要景点由三国城、水浒城、唐城等多余处影视拍摄景观组成，占地面积100万平方米，水域面积200万平方米，是以三国、唐宋时期文化为背景的仿古建筑群。在无锡影视城取景的有电视剧《西游记》《三国演义》《水浒传》等作品。,120.23381971818192,31.48645219227225,公开地图代表点,9.0,,https://sjfw.mct.gov.cn/site/dataservice/base,文旅部地图市属字段；直辖市整体、分界洲/白沙湖按地理位置修订,https://a.amap.com/Loca/static/mock/china5a.csv,Copernicus GLO-30；沿用海拔图鉴已核对的代表点,2026-10-05,,,,,,
077,江苏省无锡市灵山景区,江苏,320000,无锡市,320200,2009年,2009,宗教文化,作者按主导景观进行单标签分类；见官方简介,灵山景区位于江苏省无锡市太湖之滨。2009年，确定为国家5A级景区。景区占地面积约30公顷，灵山景区是中国最为完整、也是集中展示释迦牟尼成就的佛教文化主题园区，由小灵山、祥符禅寺、灵山大佛、天下第一掌、百子戏弥勒、佛教文化博览馆、万佛殿等景点组成。园区内的88米高的“灵山大佛”是灵山胜境的标志性景观，被誉为“东方大佛”。,120.09604863665668,31.42871997232024,公开地图代表点,15.0,,https://sjfw.mct.gov.cn/site/dataservice/base,文旅部地图市属字段；直辖市整体、分界洲/白沙湖按地理位置修订,https://a.amap.com/Loca/static/mock/china5a.csv,Copernicus GLO-30；沿用海拔图鉴已核对的代表点,2026-10-05,,,,,,
078,苏州市同里古镇景区,江苏,320000,苏州市,320500,2010年,2010,古城古镇,作者按主导景观进行单标签分类；见官方简介,同里古镇景区位于江苏省苏州市吴江区。2010年，确定为国家5A级景区。同里古镇是具有千年镇史的江南水乡古镇。镇外五湖环抱，镇内明清建筑鳞次栉比，环水设市、傍水成园的水乡风格，以“小桥、流水、人家”的神韵被誉为“东方威尼斯”。镇内始建于明清两代的花园、寺观、宅第和名人故居众多，“川”字形的15条小河把古镇区分隔成七个小岛，古镇主要景点有，明清街、耕乐堂、崇本堂、陈去病故居等。,120.71863742553988,31.156619890619904,公开地图代表点,7.0,,https://sjfw.mct.gov.cn/site/dataservice/base,文旅部地图市属字段；直辖市整体、分界洲/白沙湖按地理位置修订,https://a.amap.com/Loca/static/mock/china5a.csv,Copernicus GLO-30；沿用海拔图鉴已核对的代表点,2026-10-05,100.0,100.0,政府价格手册参观票标准；实际售价复核,https://credit.suzhou.gov.cn/html/wap_jgsc,来源公布的常规标准；采集日不等于价格生效日，实时售价及有效期购票前复核,100元
079,江苏省南京市夫子庙—秦淮风光带景区,江苏,320000,南京市,320100,2010年,2010,古城古镇,作者按主导景观进行单标签分类；见官方简介,夫子庙—秦淮风光带景区位于江苏省南京市秦淮区。2010年，确定为国家5A级景区。景区以夫子庙古建筑群为中心，以十里中国历史上著名的文化名河内秦淮河为轴线，以世界规模最大的古代城垣明城墙为纽带，东起东水关公园，西至西水关公园。沿岸有世界最大、保存最完好的瓮城中华门瓮城；有“江南五大名园”之一的瞻园;有与瞻园毗邻的我国唯一的太平天国史专业博物馆；有明代开国功臣中山王徐达的私家花园白鹭洲公园；有中国古代最大的科举考场江南贡院等著名景点。,118.784294606914,32.02215497639467,公开地图代表点,9.0,,https://sjfw.mct.gov.cn/site/dataservice/base,文旅部地图市属字段；直辖市整体、分界洲/白沙湖按地理位置修订,https://a.amap.com/Loca/static/mock/china5a.csv,Copernicus GLO-30；沿用海拔图鉴已核对的代表点,2026-10-05,,,,,,
080,常州市环球恐龙城休闲旅游区,江苏,320000,常州市,320400,2010年,2010,主题休闲,作者按主导景观进行单标签分类；见官方简介,环球恐龙城休闲旅游区位于江苏省常州新北区。2010年，确定为国家5A级景区。环球恐龙城休闲旅游区以恐龙文化为主题，涵盖主题公园、旅游配套、旅游地产等功能业态，园内合理分布着穿越侏罗纪、立体动感电影、夏日雪橇、水幕镭射以及冒险恐龙岛等40多个游乐项目，拥有世界最大的恐龙主题乐园——中华恐龙园、苏南第一温泉——恐龙谷温泉、恐龙主题游憩型商业公园--迪诺水镇、“树立方”恐龙城大剧场、三河三园亲水之旅等旅游产品。,120.0045512071514,31.81993918479932,公开地图代表点,7.0,,https://sjfw.mct.gov.cn/site/dataservice/base,文旅部地图市属字段；直辖市整体、分界洲/白沙湖按地理位置修订,https://a.amap.com/Loca/static/mock/china5a.csv,Copernicus GLO-30；沿用海拔图鉴已核对的代表点,2026-10-05,,,,,,
081,扬州市瘦西湖风景区,江苏,320000,扬州市,321000,2010年,2010,历史人文,作者按主导景观进行单标签分类；见官方简介,瘦西湖风景区位于江苏省扬州市城西北郊。2022年，确定为国家5A级景区。瘦西湖以一湖碧水为主体景观，串并拥有徐园、小金山、五亭桥、白塔、二十四桥、万花园、双峰云栈等名园胜迹。历史上李白、杜牧、苏轼、朱自清等文化名人都很赞叹瘦西湖秀美的风光，留下众多脍炙人口的篇章。“烟花三月下扬州”、“绿杨城郭是扬州”等数不清的名言佳句，为瘦西湖增添了耀眼的浓墨重彩。,119.41257162517238,32.41334595830472,公开地图代表点,9.0,,https://sjfw.mct.gov.cn/site/dataservice/base,文旅部地图市属字段；直辖市整体、分界洲/白沙湖按地理位置修订,https://a.amap.com/Loca/static/mock/china5a.csv,Copernicus GLO-30；沿用海拔图鉴已核对的代表点,2026-10-05,,,,,,
082,南通市濠河风景区,江苏,320000,南通市,320600,2012年,2012,综合景观,作者按主导景观进行单标签分类；见官方简介,濠河景区位于江苏省南通市崇川区。2012年，确定为国家5A级景区。濠河是国内保存最为完整的古护城河之一，全长10公里，水面1040亩，最宽处215米，最窄处仅10米。整个濠河曲曲折折，迂回激荡，呈倒置的葫芦形状环抱老城区，形成了“水抱城、城拥水，城水一体”的独特风格，素有“江城翡翠项链”之称。濠河风景区主要景点有：濠河护城河、南通博物苑、文峰塔、纺织大观园、天宁寺、光孝塔等。曲水回环，绕城而流，景观丰富，林木葱郁。,120.858351,32.013166,公开地图代表点,5.0,,https://sjfw.mct.gov.cn/site/dataservice/base,文旅部地图市属字段；直辖市整体、分界洲/白沙湖按地理位置修订,https://loreroutes.com/data/china-5a-scenic-areas.json,Copernicus GLO-30；沿用海拔图鉴已核对的代表点,2026-10-05,,,,,,
083,泰州市溱湖旅游景区,江苏,320000,泰州市,321200,2012年,2012,自然风光,作者按主导景观进行单标签分类；见官方简介,溱湖旅游景区位于江苏省泰州市姜堰区溱潼镇。2012年，确定为国家5A级景区。溱湖的主体湖泊是喜鹊湖，以“喜鹊湖”为界，自然分为东西两个部分，其中东部是湿地生态游览区，自然独特、野趣天成，拥有珍稀的动物资源和全国少见的淡水湿地。溱湖四季景色各有千秋，春看会船、夏赏荷花、秋尝八鲜、冬观候鸟。这里拥有世界上规模最大的水上庙会——溱潼会船节、世界上最高的水上三面药师佛塔、最早荣获的国家级湿地公园、珍稀的野生动物以及湿地科普馆，尤其以溱湖簖蟹为首的溱湖八鲜更是闻名遐迩。,120.098965,32.619813,公开地图代表点,0.0,,https://sjfw.mct.gov.cn/site/dataservice/base,文旅部地图市属字段；直辖市整体、分界洲/白沙湖按地理位置修订,https://loreroutes.com/data/china-5a-scenic-areas.json,Copernicus GLO-30；沿用海拔图鉴已核对的代表点,2026-10-05,,,,,,
084,苏州市金鸡湖旅游区,江苏,320000,苏州市,320500,2012年,2012,综合景观,作者按主导景观进行单标签分类；见官方简介,金鸡湖景区位于江苏省苏州市。2012年，确定为国家5A级景区。金鸡湖景区拥有“苏州中心”“东方之门”“音乐喷泉”“文化艺术中心”“月光码头”“诚品书店”“圆融天幕”“国金中心”“望湖角”“李公堤”十大景观景点。金鸡湖每年定期举办的活动有金鸡湖国际半程马拉松、金鸡湖龙舟赛、金鸡湖帆船赛、金鸡湖桃花节等主题活动。,120.691667,31.313611,公开地图代表点,0.0,,https://sjfw.mct.gov.cn/site/dataservice/base,文旅部地图市属字段；直辖市整体、分界洲/白沙湖按地理位置修订,https://loreroutes.com/data/china-5a-scenic-areas.json,Copernicus GLO-30；沿用海拔图鉴已核对的代表点,2026-10-05,,,,,,
085,镇江市金山•焦山•北固山风景区,江苏,320000,镇江市,321100,2012年,2012,宗教文化,作者按主导景观进行单标签分类；见官方简介,金山·焦山·北固山风景区地处江苏省镇江市，是由金山、焦山、北固山组成的三山风景区。2012年，确定为国家5A级景区。金山风景幽绝，形胜天然，自古为我国游览胜地之一。古代金山原是屹立于长江中流的一个岛屿，有“江心一朵美芙蓉”之称誉。焦山是长江中四面环水的岛屿，因东汉焦光隐居山中而得名。碧波环抱，林木蓊郁，绿草如茵，满山苍翠，宛然碧玉浮江。北固山因远眺北固，横枕大江，石壁嵯峨，山势险固而得名。北固山居金焦二山之间，滨临大江，分前、中、后三峰，主峰海拔58.5米。,119.41277608786828,32.23457416333703,公开地图代表点,3.0,,https://sjfw.mct.gov.cn/site/dataservice/base,文旅部地图市属字段；直辖市整体、分界洲/白沙湖按地理位置修订,https://a.amap.com/Loca/static/mock/china5a.csv,Copernicus GLO-30；沿用海拔图鉴已核对的代表点,2026-10-05,,,,,,
086,无锡市鼋头渚风景区,江苏,320000,无锡市,320200,2012年,2012,自然风光,作者按主导景观进行单标签分类；见官方简介,鼋头渚风景区位于江苏省无锡市。2012年，确定为国家5A级景区。鼋头渚为中国五大淡水湖之一太湖上的小岛，因巨石突入湖中形状酷似神龟昂首而得名。景区拥有充山隐秀、鹿顶迎晖、鼋渚春涛、横云山庄、万浪卷雪、湖山真意、十里芳径、太湖仙岛、江南兰苑、樱花谷、无锡人杰苑及中犊晨雾、广福古寺等较为出名的景点。其中有自然山水画卷；有山乡田园风光；有江南园林景致；有历代名人雅士游踪、石刻、书画等诸多内涵深厚的文化积淀。,120.22196205445664,31.52522815302644,公开地图代表点,28.0,,https://sjfw.mct.gov.cn/site/dataservice/base,文旅部地图市属字段；直辖市整体、分界洲/白沙湖按地理位置修订,https://a.amap.com/Loca/static/mock/china5a.csv,Copernicus GLO-30；沿用海拔图鉴已核对的代表点,2026-10-05,,,,,,
087,苏州市吴中太湖旅游区,江苏,320000,苏州市,320500,2013年,2013,综合景观,作者按主导景观进行单标签分类；见官方简介,苏州市吴中太湖旅游区位于江苏省苏州市。2013年，确定为国家5A级景区。旅游区以太湖为主线，囊括太湖古镇古村、太湖丘陵、太湖自然村落等因素，包括了东山景区、穹隆山景区、旺山景区、太湖湖滨国家湿地公园以及周边太湖公园、西山景区、光福景区等8个景区、景点，是国内首个以太湖为主线，串联太湖古镇、江南山丘、生态自然村落以及半岛等文化元素的景区。太湖是吴文化的发源地，是天然的历史文化博物馆。古镇、古村、古岛等历史人文景观，宛如点缀在太湖山水间的颗颗明珠。,120.43986192837816,31.220786781187527,公开地图代表点,2.0,,https://sjfw.mct.gov.cn/site/dataservice/base,文旅部地图市属字段；直辖市整体、分界洲/白沙湖按地理位置修订,https://a.amap.com/Loca/static/mock/china5a.csv,Copernicus GLO-30；沿用海拔图鉴已核对的代表点,2026-10-05,,,,,,
088,苏州市沙家浜－虞山尚湖旅游区,江苏,320000,苏州市,320500,2013年,2013,综合景观,作者按主导景观进行单标签分类；见官方简介,沙家浜·虞山尚湖旅游区位于位于江苏省苏州市常熟市境内。2013年，确定为国家5A级景区。沙家浜旅游度假区，以京剧《沙家浜》而闻名，形成了革命传统教育区、红石民俗文化村、横泾老街、湿地公园等景点，红色教育游、绿色生态游、金色美食游、影视文化游享誉国内外。虞山是国家森林公园，是中国吴文化的重要发源地。尚湖与虞山相依，湖内湿地遍布，鹭鸟翔飞，为中国最佳生态休闲旅游湖泊。 ,120.70558018374098,31.624284500821588,公开地图代表点,8.0,,https://sjfw.mct.gov.cn/site/dataservice/base,文旅部地图市属字段；直辖市整体、分界洲/白沙湖按地理位置修订,https://a.amap.com/Loca/static/mock/china5a.csv,Copernicus GLO-30；沿用海拔图鉴已核对的代表点,2026-10-05,,,,,,
089,常州市天目湖景区,江苏,320000,常州市,320400,2013年,2013,自然风光,作者按主导景观进行单标签分类；见官方简介,天目湖旅游景区位于位于江苏省常州市溧阳市。2013年，确定为国家5A级景区。天目湖景区内座落着沙河、大溪两座国家级大型水库，因属天目山余脉，故名“天目湖”。天目湖的周围，现存许多历史文化遗址，有以春秋时代楚人伍子胥名“员”命名的伍员山，东汉大文学家蔡邕读书台，太白楼，报恩禅寺，唐代名刹龙兴寺旧址，“天下第一石拱坝”等。天目湖拥有山水园景区、南山竹海景区以及御水温泉等核心旅游景区，竹、寿文化源远流长。,119.42962637851866,31.31186923701106,公开地图代表点,19.0,,https://sjfw.mct.gov.cn/site/dataservice/base,文旅部地图市属字段；直辖市整体、分界洲/白沙湖按地理位置修订,https://a.amap.com/Loca/static/mock/china5a.csv,Copernicus GLO-30；沿用海拔图鉴已核对的代表点,2026-10-05,,,,,,
090,镇江市句容茅山景区,江苏,320000,镇江市,321100,2014年,2014,宗教文化,作者按主导景观进行单标签分类；见官方简介,茅山景区位于江苏省西南部镇江句容市。2014年，确定为国家5A级景区。镇江市茅山景区是中国十大道教名山和全国六大山地抗日根据地之一，是一个融道教文化、革命文化、传统文化和生态景观于一体的复合型旅游景区。茅山因山势曲折，形似“已”字，故名句曲山，又名金陵地肺山。茅山景区依靠茅山建立，复杂的地质构造和漫长的外力剥蚀，使茅山地区形成一系列的背斜、向斜和飞来山体，支离破碎，走向不一。主峰大茅峰海拔372.5米。茅山属低山丘陵地区。,119.30899945925414,31.783405760631847,公开地图代表点,321.0,,https://sjfw.mct.gov.cn/site/dataservice/base,文旅部地图市属字段；直辖市整体、分界洲/白沙湖按地理位置修订,https://a.amap.com/Loca/static/mock/china5a.csv,Copernicus GLO-30；沿用海拔图鉴已核对的代表点,2026-10-05,,,,,,
091,淮安市周恩来故里旅游景区,江苏,320000,淮安市,320800,2015年,2015,红色纪念,作者按主导景观进行单标签分类；见官方简介,周恩来故里旅游景区位于江苏省淮安市淮安区。2015年，确定为国家5A级景区。景区以周恩来故居为核心，包括周恩来纪念馆、周恩来故居、驸马巷、河下古镇等景点。其中:周恩来纪念馆由纪念岛、宽阔的水面和湖四周环形绿地组成。故居由东西相连的两个宅院组成，具有明清时期典型的苏北城镇民居建筑风格。驸马巷是古城淮安镇淮楼西北隅约三百多米处的一条古巷，明惠帝朱允炆在此巷内为驸马都尉黄琛建造了一座驸马祠，饮誉海内外的周恩来同志故居就坐落在这条巷内。,119.14439615187575,33.51721193062252,公开地图代表点,3.0,,https://sjfw.mct.gov.cn/site/dataservice/base,文旅部地图市属字段；直辖市整体、分界洲/白沙湖按地理位置修订,https://a.amap.com/Loca/static/mock/china5a.csv,Copernicus GLO-30；沿用海拔图鉴已核对的代表点,2026-10-05,,,,,,
092,盐城市大丰中华麋鹿园景区,江苏,320000,盐城市,320900,2015年,2015,自然风光,作者按主导景观进行单标签分类；见官方简介,中华麋鹿园景区位于江苏省盐城市大丰区。2015年，确定为国家5A级景区。景区依托于江苏大丰麋鹿国家级自然保护区，占地2667公顷，其中湿地8%，植被覆盖率70%内。中华麋鹿园景区为典型的滨海湿地，主要湿地类型包括滩涂、季节河和部分人工湿地，有大量林地、芦荡、沼泽地、盐裸地和森林草滩。,120.81097860757993,32.98577508825716,公开地图代表点,4.0,,https://sjfw.mct.gov.cn/site/dataservice/base,文旅部地图市属字段；直辖市整体、分界洲/白沙湖按地理位置修订,https://a.amap.com/Loca/static/mock/china5a.csv,Copernicus GLO-30；沿用海拔图鉴已核对的代表点,2026-10-05,,,,,,
093,徐州市云龙湖景区,江苏,320000,徐州市,320300,2016年,2016,自然风光,作者按主导景观进行单标签分类；见官方简介,云龙湖景区位于江苏省徐州市区南部。2016年，确定为国家5A级景区。景区是以云龙山水自然景观为特色，以两汉文化、名士文化、宗教文化、军事文化为主要内容，具有科普、观光、游览、休闲、生态等综合功能为一体的城市型风景名胜区。徐州云龙湖景区面积44.7平方公里，外围保护地带面积44.2平方公里，控制范围总面积88.9平方公里。其中，核心景区15.1平方公里，水域面积7.5平方公里、水面面积6.5平方公里。,117.14806823451478,34.238763819532025,公开地图代表点,29.0,,https://sjfw.mct.gov.cn/site/dataservice/base,文旅部地图市属字段；直辖市整体、分界洲/白沙湖按地理位置修订,https://a.amap.com/Loca/static/mock/china5a.csv,Copernicus GLO-30；沿用海拔图鉴已核对的代表点,2026-10-05,,,,,,
094,连云港市花果山景区,江苏,320000,连云港市,320700,2016年,2016,自然风光,作者按主导景观进行单标签分类；见官方简介,花果山风景区位于江苏省连云港市南云台山中麓。2016年，确定为国家5A级景区。    花果山主要景点有玉女峰、水帘洞、南天门、十八盘、九龙桥、三元宫、玉皇阁等主要景点136处。水帘洞是花果山上具有代表性的景点。这是《西游记》中孙悟空的老家水帘洞的原型。早在《西游记》成书之前，水帘洞已名闻遐迩。洞门前，有明嘉靖二十三年海州知州王同的“高山流水”题刻，还有“神泉普润”、“灵泉”等勒石。,119.28205019013896,34.65174714003618,公开地图代表点,496.0,,https://sjfw.mct.gov.cn/site/dataservice/base,文旅部地图市属字段；直辖市整体、分界洲/白沙湖按地理位置修订,https://a.amap.com/Loca/static/mock/china5a.csv,Copernicus GLO-30；沿用海拔图鉴已核对的代表点,2026-10-05,,,,,,
095,常州市中国春秋淹城旅游区,江苏,320000,常州市,320400,2017年,2017,主题休闲,作者按主导景观进行单标签分类；见官方简介,春秋淹城旅游区位于常州市武进区中心城区。2017年，确定为国家5A级景区。春秋淹城旅游区以春秋文化为主题，核心景点有春秋淹城遗址、淹城春秋乐园、淹城野生动物世界和淹城传统商业街坊。春秋淹城遗址，是国内保存最完整、形制最独特的春秋地面城池遗址。其“三城三河”的建筑形制世界独一。其中，淹城春秋乐园是中国首家春秋文化主题公园;淹城野生动物世界是以大规模野生动物生态散养、自驾车观赏和国际马戏演艺为特色。,119.91946,31.705464,公开地图代表点,11.0,,https://sjfw.mct.gov.cn/site/dataservice/base,文旅部地图市属字段；直辖市整体、分界洲/白沙湖按地理位置修订,https://loreroutes.com/data/china-5a-scenic-areas.json,Copernicus GLO-30；沿用海拔图鉴已核对的代表点,2026-10-05,,,,,,
096,无锡市惠山古镇景区,江苏,320000,无锡市,320200,2020年,2020,古城古镇,作者按主导景观进行单标签分类；见官方简介,惠山古镇景区位于江苏省无锡市梁溪区。2020年，确定为国家5A级景区。惠山古镇景区从区域功能上划分为文物古迹区、锡惠名胜区（锡惠公园）、历史文化街区（惠山老街）、山林保护区（惠山）四个游览区。景区依山傍水，集祠堂文化、园林艺术、泥人文化、运河文化、宗教文化、江南饮食文化等于一体。,120.26799,31.58302,公开地图代表点,9.0,,https://sjfw.mct.gov.cn/site/dataservice/base,文旅部地图市属字段；直辖市整体、分界洲/白沙湖按地理位置修订,https://loreroutes.com/data/china-5a-scenic-areas.json,Copernicus GLO-30；沿用海拔图鉴已核对的代表点,2026-10-05,,,,,,
097,宿迁市洪泽湖湿地景区,江苏,320000,宿迁市,321300,2020年,2020,自然风光,作者按主导景观进行单标签分类；见官方简介,洪泽湖湿地景区位于江苏省宿迁市泗洪县。2020年，确定为国家5A级景区。洪泽湖湿地国家级自然保护区是江苏省最大的淡水湿地自然保护区，在全国内陆淡水湿地中排第11位，华东地区第2位。保护区主要保护对象为：内陆淡水湿地生态系统，国家重点保护鸟类和其他野生动植物、鱼类产卵场、下草湾标准地层剖面。保护区拥有鸟类194种，其中有国家一级保护鸟类大鸨、东方白鹳、黑鹳、丹顶鹤等，国家二级保护鸟类26种，近来还发现世界濒危鸟类震旦鸦雀。旅游资源独特，具有很强的吸引力。,118.32661032783447,33.24679744288829,公开地图代表点,14.0,,https://sjfw.mct.gov.cn/site/dataservice/base,文旅部地图市属字段；直辖市整体、分界洲/白沙湖按地理位置修订,https://ditu.amap.com/place/B020F151GV,Copernicus GLO-30；沿用海拔图鉴已核对的代表点,2026-10-05,,,,,,
098,连云港市连岛景区,江苏,320000,连云港市,320700,2024年,2024,自然风光,作者按主导景观进行单标签分类；见官方简介,连云港连岛风景区位于江苏省连云港市连云区连岛街道。2024年，确定为国家5A级景区。 连岛景区地处黄海之滨、海州湾畔，与连云港港口隔海相望。因其由东西两个岛屿连接而成，故又称东西连岛，是江苏省最大的基岩质海屿，海岸线长18千米，礁石岸线8千米。连岛景区以海岛风光为特色，拥有礁岩质海岸和“冬无严寒、夏无酷暑”的气候条件，生态与人文交相辉映，港口工业与旅游融合，是集青山、碧海、茂林、海蚀地貌、天然沙滩及人文景观于一体的旅游景区。,119.463889,34.7575,公开地图代表点,181.0,,https://sjfw.mct.gov.cn/site/dataservice/base,文旅部地图市属字段；直辖市整体、分界洲/白沙湖按地理位置修订,https://loreroutes.com/data/china-5a-scenic-areas.json,Copernicus GLO-30；沿用海拔图鉴已核对的代表点,2026-10-05,,,,,,
099,杭州市西湖风景名胜区,浙江,330000,杭州市,330100,2007年,2007,自然风光,作者按主导景观进行单标签分类；见官方简介,杭州市西湖风景名胜区位于中国浙江省杭州市西湖区龙井路1号，2007年，确定为国家5A级旅游景区。2011年，杭州西湖文化景观被列入《世界遗产名录》。景区是以西湖为中心的城市型开放式景区，三面云山，中涵碧水。其历经演变，由古泻湖而来，后经历代疏浚，形成“一山、二塔、三岛、三堤、五湖”格局。更有超100处公园景点，“西湖十景”“新西湖十景”“三评西湖十景”各具韵味，更有三秋桂子、六桥烟柳等美景。其承载深厚文化，诸多文人墨客在此留下诗篇，众多古迹见证着佛教、道教等文化传统的发展。,120.141667,30.245833,公开地图代表点,10.0,,https://sjfw.mct.gov.cn/site/dataservice/base,文旅部地图市属字段；直辖市整体、分界洲/白沙湖按地理位置修订,https://loreroutes.com/data/china-5a-scenic-areas.json,Copernicus GLO-30；沿用海拔图鉴已核对的代表点,2026-10-05,,,,,,
100,温州市雁荡山风景区,浙江,330000,温州市,330300,2007年,2007,自然风光,作者按主导景观进行单标签分类；见官方简介,温州市雁荡山风景区位于浙江省温州市乐清市境内，部分坐落永嘉县及温岭市，是国家重点风景名胜区、世界地质公园，2007年，确定为国家5A级旅游景区。雁荡山是亚洲大陆边缘巨型火山带中白垩纪火山的典型代表，也是流纹岩浆喷发的大型破火山。以独特的奇峰怪石、飞瀑流泉、古洞畸穴、雄嶂胜门和凝翠碧潭扬名海内外。主要有灵峰、灵岩、大龙湫、三折瀑、雁湖、显胜门、羊角洞、仙桥8大景区，其中，灵峰、灵岩、大龙湫3个景区被称为“雁荡三绝”。历代文人墨客纷至沓来，留下了不朽的诗篇和墨迹。,121.1104678976866,28.381112814304,公开地图代表点,92.0,,https://sjfw.mct.gov.cn/site/dataservice/base,文旅部地图市属字段；直辖市整体、分界洲/白沙湖按地理位置修订,https://a.amap.com/Loca/static/mock/china5a.csv,Copernicus GLO-30；沿用海拔图鉴已核对的代表点,2026-10-05,,,,,,
101,舟山市普陀山风景区,浙江,330000,舟山市,330900,2007年,2007,宗教文化,作者按主导景观进行单标签分类；见官方简介,普陀山是中国佛教四大名山之一、著名的观音道场，素有“海天佛国”、“南海圣境”之称。全岛面积12.5平方公里，形似苍龙卧海。普陀山早在西汉末年即已颇有声名，并有梅福及如葛洪等“修真之士”在山上炼丹修道，因此旧称梅岑山。唐咸通四年（公元863年），日僧慧锷大师从五台山请观音像乘船归国，因观音不肯东渡，乃留圣像于山供奉，被称为“不肯去观音”。后经历代兴建，寺院林立，史称“震旦第一佛国”。同时普陀山也是中国四大佛教名山之一，观世音菩萨的道场，曾先后被评为“国家重点风景名胜区”，“国家5A级旅游景区”。 现今全山开放有寺院共四十多座，最大的是普济寺、法雨寺、慧济寺和宝陀讲寺。最大的地标是总高33米的南海观音大佛。佛像顶现弥陀，左手托法轮，右手施无畏印。面容慈祥，身躯妙壮，体现了观音大士“千处祈求千处应，苦海常作渡人舟”的伟大风范。每年农历二月十九、六月十九和九月十九日，是普陀山的三大香会节。届时，山上灯光辉煌，香烟缭绕，诵经礼佛，通宵达旦，其盛况令人观止。对游客来说，除了感受那浓厚的佛教氛围外很多人都会钟情于这里海天壮阔的自然风光。普陀山上树木葱郁，林幽静美，有大樟树千余株，还有全世界唯一的濒危珍贵树种——普陀鹅耳枥。岛上也多奇岩怪石，著名的有磐陀石、二龟听法石、海天佛国石等20余处。在山海相连之处还有许多石洞胜景，其中最著名的是潮音洞和梵音洞。岛四周还有许多沙滩，如百步沙、千步沙。每年6-10月，来山的香游客除了朝香礼佛，还能体验海滨休闲度假。普陀山是一座海岛，登上其最高峰，放眼望去碧波万顷，一座座海岛浮在海面上，点点的帆行驶其间，景色极为动人。难怪前人对普陀山作了这样高的评价：“以山而兼湖之胜，则推西湖，以山而兼海之胜，当推普陀。”,122.3864,30.0108,公开地图代表点,267.0,,https://sjfw.mct.gov.cn/site/dataservice/base,文旅部地图市属字段；直辖市整体、分界洲/白沙湖按地理位置修订,https://loreroutes.com/data/china-5a-scenic-areas.json,Copernicus GLO-30；沿用海拔图鉴已核对的代表点,2026-10-05,,,,,,
102,杭州市千岛湖风景区,浙江,330000,杭州市,330100,2010年,2010,自然风光,作者按主导景观进行单标签分类；见官方简介,千岛湖风景区位于浙江省杭州市淳安县境内，小部分连接建德市西北，是国家 5A 级旅游景区、国家级旅游度假区、国家级森林公园。      千岛湖即新安江水库，是为建新安江水电站拦蓄新安江上游而成的人工湖，总面积 982 平方千米，其中湖区面积 573 平方千米。湖中大小岛屿 1078 个，形态各异。这里山青、水秀、洞奇、石怪、人美，被誉为 “天下第一秀水”。景区内有梅峰揽胜、龙山岛、桂花岛等众多景点，可登山揽胜、观猴赏桂、感受历史人文。还能体验水上运动、品尝鲜美湖鲜，是休闲度假、亲子旅游的绝佳选择。,119.04923053590493,29.562723504163102,公开地图代表点,101.0,,https://sjfw.mct.gov.cn/site/dataservice/base,文旅部地图市属字段；直辖市整体、分界洲/白沙湖按地理位置修订,https://a.amap.com/Loca/static/mock/china5a.csv,Copernicus GLO-30；沿用海拔图鉴已核对的代表点,2026-10-05,,,,,,
103,嘉兴市乌镇古镇旅游区,浙江,330000,嘉兴市,330400,2010年,2010,古城古镇,作者按主导景观进行单标签分类；见官方简介,嘉兴市乌镇古镇旅游区位于浙江省嘉兴市桐乡市石佛南路18号，2010年，确定为国家5A级旅游景区。这座古镇拥有7000多年文明史与1300多年建镇史，是中国首批十大历史文化名镇，素有“鱼米之乡、丝绸之府”美誉。景区核心分为东栅、西栅。东栅全长约2千米，老街、水阁、廊棚尽显江南古朴风貌；西栅河道纵横，72座古桥横跨碧水，主打商务旅游与休闲度假。自2013年起，乌镇开始举办戏剧节，多剧场联动打造独特演艺空间。2014年起，这里成为世界互联网大会永久会址，传统水乡与现代科技交相辉映。,120.47948490970673,30.751963557597488,公开地图代表点,5.0,,https://sjfw.mct.gov.cn/site/dataservice/base,文旅部地图市属字段；直辖市整体、分界洲/白沙湖按地理位置修订,https://a.amap.com/Loca/static/mock/china5a.csv,Copernicus GLO-30；沿用海拔图鉴已核对的代表点,2026-10-05,,,,,,
104,宁波市溪口－滕头旅游景区,浙江,330000,宁波市,330200,2010年,2010,综合景观,作者按主导景观进行单标签分类；见官方简介,宁波市溪口－滕头旅游景区位于浙江省宁波市奉化区境内的旅游景区，2010年，确定为国家5A级旅游景区。溪口景区坐落于宁波西南的奉化区溪口镇，东倚武岭，南邻剡溪，北靠雪窦山。这里有“蒋氏故居”系列人文景观，是全国重点文物保护单位，建筑中西合璧，承载深厚历史。雪窦寺位列“天下禅宗十刹”之一，寺后山腰坐落着全球最高坐姿铜质弥勒大佛造像。滕头景区在奉化区北6千米处，以“生态农业”“立体农业”构建生态旅游区，1993年获联合国“地球生态500佳”荣誉，江泽民曾赞其为“一个了不起的村庄”。,121.25952798866544,29.689149571949635,公开地图代表点,36.0,,https://sjfw.mct.gov.cn/site/dataservice/base,文旅部地图市属字段；直辖市整体、分界洲/白沙湖按地理位置修订,https://a.amap.com/Loca/static/mock/china5a.csv,Copernicus GLO-30；沿用海拔图鉴已核对的代表点,2026-10-05,,,,,,
105,金华市横店影视城景区,浙江,330000,金华市,330700,2010年,2010,主题休闲,作者按主导景观进行单标签分类；见官方简介,金华市横店影视城景区位于浙江省金华市东阳市横店镇，是中国规模最大的影视体验度假区，始建于1996年。2010年，确定为国家5A级旅游景区。横店影视城是中国规模最大的影视体验度假区。拥有百余座甲级(电影级)、乙级(电视级)摄影棚，古装、年代、现当代影视拍摄场景数量超2000个，主要由广州街·香港街、秦王宫、清明上河图、明清宫苑、梦幻谷等5个子景区组成。横店影视城已成为全球规模最大的影视拍摄基地。中国唯一的“国家级影视产业实验区”，被美国《好莱坞》杂志称为“中国好莱坞”。,120.31242268033924,29.140593709480648,公开地图代表点,142.0,,https://sjfw.mct.gov.cn/site/dataservice/base,文旅部地图市属字段；直辖市整体、分界洲/白沙湖按地理位置修订,https://a.amap.com/Loca/static/mock/china5a.csv,Copernicus GLO-30；沿用海拔图鉴已核对的代表点,2026-10-05,,,,,,
106,嘉兴市南湖旅游区,浙江,330000,嘉兴市,330400,2011年,2011,红色纪念,作者按主导景观进行单标签分类；见官方简介,嘉兴市南湖旅游区位于浙江省嘉兴市南湖区南湖街道南溪路1号。2011年，确定为国家5A级旅游景区。其以“湖中有岛，岛中有湖”的独特景观闻名，“轻烟拂渚，微风欲来”的烟雨景致别具江南韵味。这里更是中国革命的圣地，1921年，中共一大在南湖画舫完成最后议程，宣告中国共产党诞生，在中国近代史上意义非凡。月河历史街区小桥流水环绕，枕水老宅、百年老店林立，尽显水乡古城繁华风貌。七一广场的南湖革命纪念馆通过丰富文物、场景复原等，展现党的诞生与发展历程，是传承“红船精神”的重要载体。,120.754765,30.759204,公开地图代表点,4.0,,https://sjfw.mct.gov.cn/site/dataservice/base,文旅部地图市属字段；直辖市整体、分界洲/白沙湖按地理位置修订,https://loreroutes.com/data/china-5a-scenic-areas.json,Copernicus GLO-30；沿用海拔图鉴已核对的代表点,2026-10-05,,,,,,
107,杭州市西溪湿地旅游区,浙江,330000,杭州市,330100,2012年,2012,自然风光,作者按主导景观进行单标签分类；见官方简介,杭州市西溪湿地旅游区位于浙江省杭州市西湖区，地处西湖区和余杭区交界处，2012年，确定为国家5A级旅游景区。景区是国内罕见的集城市湿地、农耕湿地、文化湿地于一体的复合型湿地，也是全国首个国家湿地公园。城市湿地与现代都市相依相融，农耕湿地承载传统农耕文明，文化湿地诉说岁月故事。景区以“三堤十景”闻名遐迩：福堤、绿堤、寿堤，分别蕴含福气、生机与长寿之意；秋芦飞雪、火柿映波等“十景”各具风情，既有芦花似雪、梅香四溢的自然之美，也有龙舟竞渡、河渚听曲的民俗雅韵。,120.06011923390948,30.269240801487022,公开地图代表点,5.0,,https://sjfw.mct.gov.cn/site/dataservice/base,文旅部地图市属字段；直辖市整体、分界洲/白沙湖按地理位置修订,https://a.amap.com/Loca/static/mock/china5a.csv,Copernicus GLO-30；沿用海拔图鉴已核对的代表点,2026-10-05,,,,,,
108,绍兴市鲁迅故里•沈园景区,浙江,330000,绍兴市,330600,2012年,2012,历史人文,作者按主导景观进行单标签分类；见官方简介,绍兴市鲁迅故里·沈园景区位于浙江省绍兴市越城区境内的旅游景区，景区由鲁迅故里和沈园2个景区组成。2012年，确定为国家5A级旅游景区。鲁迅故里完整保留了三味书屋、百草园、鲁迅故居、鲁迅祖居、周家新台门等建筑，是鲁迅先生青少年时期生活的地方，生动再现了鲁迅笔下的生活场景，是感受鲁迅文化与绍兴风土人情的重要窗口。 沈园为宋代江南著名园林，再现宋时“池台极为盛”的风貌，集绍兴历史文化、古典园林艺术于一体，是人文与自然巧妙融合的江南名园。,120.58568475665798,29.994088508758377,公开地图代表点,10.0,,https://sjfw.mct.gov.cn/site/dataservice/base,文旅部地图市属字段；直辖市整体、分界洲/白沙湖按地理位置修订,https://a.amap.com/Loca/static/mock/china5a.csv,Copernicus GLO-30；沿用海拔图鉴已核对的代表点,2026-10-05,,,,,,
109,衢州市根宫佛国文化旅游区,浙江,330000,衢州市,330800,2013年,2013,宗教文化,作者按主导景观进行单标签分类；见官方简介,衢州市根宫佛国文化旅游区位于浙江省衢州市开化县根博路1号，2013年，确定为国家5A级旅游景区。它还是国家生态文明、文化产业示范基地。景区占地3.03平方公里，以根雕艺术为核心，巧妙融合盆景艺术、赏石文化与园林古建，将华夏五千年历史文化注入奇根异木，营造出恬静优雅、天人合一的意境。景区内陈列2万余件根雕艺术作品，既有世界最大根艺释迦牟尼佛造像，也有680米长的巨型根雕五百罗汉阵，艺术珍品云集，堪称根艺美术的“四库全书”，是展现中华根雕文化魅力的重要窗口。,118.38775944483716,29.136295208062588,公开地图代表点,203.0,,https://sjfw.mct.gov.cn/site/dataservice/base,文旅部地图市属字段；直辖市整体、分界洲/白沙湖按地理位置修订,https://a.amap.com/Loca/static/mock/china5a.csv,Copernicus GLO-30；沿用海拔图鉴已核对的代表点,2026-10-05,,,,,,
110,湖州市南浔古镇景区,浙江,330000,湖州市,330500,2015年,2015,古城古镇,作者按主导景观进行单标签分类；见官方简介,湖州市南浔古镇景区位于湖州市南浔区，地处江浙两省交界处，是全国重点文物保护单位、中国历史文化名镇。2015年，确定为国家5A级旅游景区。古镇始建于南宋淳祐年间，明清时期成为江南蚕丝名镇，以人文底蕴深厚、中西合璧建筑闻名。景区分三大区块：南东街、南西街一带富集张石铭旧宅、刘氏梯号等人文景点；小莲庄、嘉业藏书楼所在的中心景区，展现古典园林与藏书文化魅力；以张静江故居、百间楼为主的东北区块，尽显江南水乡韵味。众多古迹见证了昔日商贾繁华，也承载着中西方文化交融的独特印记。,120.4249058219232,30.884126029109463,公开地图代表点,9.0,,https://sjfw.mct.gov.cn/site/dataservice/base,文旅部地图市属字段；直辖市整体、分界洲/白沙湖按地理位置修订,https://a.amap.com/Loca/static/mock/china5a.csv,Copernicus GLO-30；沿用海拔图鉴已核对的代表点,2026-10-05,0.0,0.0,古镇公共游览免费；内部收费项目另计,https://zjic.zj.gov.cn/ywdh/qyfz/202601/t20260130_23928419.shtml,来源公布的常规标准；采集日不等于价格生效日，实时售价及有效期购票前复核,免费
111,台州市天台山景区,浙江,330000,台州市,331000,2015年,2015,宗教文化,作者按主导景观进行单标签分类；见官方简介,台州市天台山景区位于浙江省台州市天台县和合街1号，2015年，确定为国家5A级旅游景区。天台山作为浙江省重要的生态屏障，是佛教天台宗的发祥地、道教南宗的创立地、活佛济公的出生地、唐诗之路目的地、寒山子隐居地以及徐霞客游记开篇地。共包括13个景区，主要包括有五峰双涧中的国清古寺，一石横空不渡人的石梁飞瀑、仰攀明月天几尺的华顶国家森林公园、赤城霞起建高标的赤城栖霞、灵仙之窟宅的琼台仙谷、休闲天堂的天湖景区，宅第街坊与楼台亭阁水榭园林荟萃一体的济公故居、自有一番独特风韵的龙穿峡景区等。,121.0924221775281,29.27575547791035,公开地图代表点,516.0,,https://sjfw.mct.gov.cn/site/dataservice/base,文旅部地图市属字段；直辖市整体、分界洲/白沙湖按地理位置修订,https://a.amap.com/Loca/static/mock/china5a.csv,Copernicus GLO-30；沿用海拔图鉴已核对的代表点,2026-10-05,,,,,,
112,台州市神仙居景区,浙江,330000,台州市,331000,2015年,2015,自然风光,作者按主导景观进行单标签分类；见官方简介,神仙居景区为国家AAAAA级景区、国家级风景名胜区、国家地质公园。景区位于仙居中南部，白塔镇、淡竹乡、田市镇境内，核心区范围一百多平方公里。神仙居景区地质地貌独特，以雄壮、险峻、奇崛、幽深、清秀、神秘著称，境内奇峰险崖、绝壁天坑、流泉飞瀑、云海雾涛、丛林百态、景象万千，构成气势恢宏、如梦如幻的山水画卷。天造地设的观音峰、一帆风顺等栩栩如生，蝌蚪崖神秘传说意趣无穷，既体现大自然鬼斧神工，又赋予人文意蕴，更印证神仙居神奇名字。如意桥、卧龙桥、圆梦桥、佛影莲韵、莲花台等巧夺天工的景观桥梁、观景台，使天堑变通途，让欣赏美景成为可能。神仙居南天顶玻璃观景台寓意扬帆远航和一帆风顺，成为景区新的打卡地标。景区生态优良，空气清新，负离子奇高，俨然一部地学教科书、自然生态展览馆、人文历史体验园，是游览观光、休闲度假、运动体验、康体养生、科普研学的佳美所在。景区设南、北两大出入口，由南天、北海两条索道连接。神仙居景区南、北区域分别围绕观音峰、一帆风顺两大核心景源，依次展现神仙大会、蝌蚪天书、南天日月、观音祈福、开天辟地、仙境圆梦、如来如意、画屏烟云、北海扬帆九大景域，沿途还有丰富多彩的景点景观及其蕴含的美妙故事。神仙居之旅，是朝圣之旅，探秘之旅，寻梦之旅，行走其间，陶醉其中，叹为观止，流连忘返，自是修心养性，心旷神怡，自在愉悦。,120.58914919969445,28.680418622149688,公开地图代表点,196.0,,https://sjfw.mct.gov.cn/site/dataservice/base,文旅部地图市属字段；直辖市整体、分界洲/白沙湖按地理位置修订,https://a.amap.com/Loca/static/mock/china5a.csv,Copernicus GLO-30；沿用海拔图鉴已核对的代表点,2026-10-05,,,,,,
113,嘉兴市西塘古镇旅游景区,浙江,330000,嘉兴市,330400,2017年,2017,古城古镇,作者按主导景观进行单标签分类；见官方简介,西塘古镇景区位于浙江省嘉善县，地处江浙沪三省市交界处，景区面积3.03平方公里，古镇核心保护区1.01平方公里。古镇历史悠久，文化底蕴深厚，素有“吴根越角”之称，是古代吴越文化的发祥地之一，现有保存完好的25万平方米明清古建筑群与2000多米的烟雨长廊、27座桥、122条弄堂交相辉映、互融共生。是首批中国历史文化名镇、国家5A级旅游景区、首批国家级夜间文化和旅游消费集聚区，三次列入中国世界历史文化遗产预备名单，曾被习近平总书记盛赞为“江南水乡代表作”。,120.88865196440238,30.94608856323277,公开地图代表点,9.0,,https://sjfw.mct.gov.cn/site/dataservice/base,文旅部地图市属字段；直辖市整体、分界洲/白沙湖按地理位置修订,https://a.amap.com/Loca/static/mock/china5a.csv,Copernicus GLO-30；沿用海拔图鉴已核对的代表点,2026-10-05,,,,,,
114,衢州市江郎山•廿八都旅游区,浙江,330000,衢州市,330800,2017年,2017,综合景观,作者按主导景观进行单标签分类；见官方简介,衢州市江郎山·廿(niàn)八都旅游区位于浙江省衢州市江山市境内的旅游景区。由江郎山、清漾和廿八都三个区块组成，是世界自然遗产地、国家级风景名胜区。2017年，确定为国家5A级旅游景区。 江郎山素有“雄奇冠天下，秀丽甲东南”之誉。以丹霞奇峰为主要特色，是我国乃至世界都不可多得的老年期高位孤峰型丹霞地貌自然景观，有“三爿石” “一线天” “伟人峰”三绝。廿八都古镇是中国历史文化名镇，保存有规模庞大且相对完整明清古街、古民居和古建筑群。清漾村是江南毛氏发祥地、毛泽东祖居地，积淀了“历史悠久、人才辈出、耕读传家、贵而不富”的历史文化底蕴。,118.561480871347,28.512133451520125,公开地图代表点,534.0,,https://sjfw.mct.gov.cn/site/dataservice/base,文旅部地图市属字段；直辖市整体、分界洲/白沙湖按地理位置修订,https://a.amap.com/Loca/static/mock/china5a.csv,Copernicus GLO-30；沿用海拔图鉴已核对的代表点,2026-10-05,,,,,,
115,宁波市天一阁•月湖景区,浙江,330000,宁波市,330200,2018年,2018,历史人文,作者按主导景观进行单标签分类；见官方简介,宁波市天一阁·月湖景区位于浙江省宁波市海曙区长春路92号，2018年，确定为国家5A级旅游景区。景区由天一阁博物院与月湖两大核心景区构成。    天一阁始建于明嘉靖年间，是中国现存最早的私家藏书阁，也是亚洲现存最古老的私家藏书楼。历经四百余年，阁内珍藏海量古籍善本，承载深厚的藏书文化。    月湖自古为文人荟萃之地，作为浙东学术中心，众多学者在此讲学授业，学术氛围浓郁。同时，也是宁波“海上丝绸之路”的重要文化遗存，周边留存诸多与古代海上贸易、文化交流相关的历史遗迹。,121.535833,29.873611,公开地图代表点,12.0,,https://sjfw.mct.gov.cn/site/dataservice/base,文旅部地图市属字段；直辖市整体、分界洲/白沙湖按地理位置修订,https://loreroutes.com/data/china-5a-scenic-areas.json,Copernicus GLO-30；沿用海拔图鉴已核对的代表点,2026-10-05,,,,,,
116,缙云仙都景区,浙江,330000,丽水市,331100,2020年,2020,自然风光,作者按主导景观进行单标签分类；见官方简介,缙云仙都景区位于浙江省丽水市缙云县仙都街道，总面积5.23平方公里，是集峰岩奇绝、山水神秀和田园风光于一体的文旅胜地。景区历史底蕴深厚，唐天宝年间，唐玄宗惊叹“真乃仙人荟萃之都也”御书“仙都”得名。1994年获评国家级风景名胜区，2000年获评首批国家4A级旅游景区，2020年晋升国家5A级旅游景区。仙都景区以鼎湖峰、小赤壁、仙都观、倪翁洞、朱潭山五大景点为核心，有被誉为“天下第一笋”的鼎湖峰、凌虚洞火山喷发通道遗址等罕见自然奇观，“天下第一祠”黄帝祠宇、仙都摩崖题记等文化瑰宝，国家级非遗缙云轩辕祭典在此传承千年，形成“北陵南祠”的黄帝祭祀格局。仙都景区还是“全国影视指定拍摄景地”，500多部影视剧在此取景拍摄。2004年，时任浙江省委书记习近平视察缙云仙都景区时赞叹：“仙都不仅风光美，还有黄帝文化”，并提出“坚持把马克思主义基本原则同中国具体实际相结合、同中华优秀传统文化相结合”两个结合理论。,120.139167,28.692222,公开地图代表点,240.0,,https://sjfw.mct.gov.cn/site/dataservice/base,文旅部地图市属字段；直辖市整体、分界洲/白沙湖按地理位置修订,https://loreroutes.com/data/china-5a-scenic-areas.json,Copernicus GLO-30；沿用海拔图鉴已核对的代表点,2026-10-05,,,,,,
117,温州市刘伯温故里景区,浙江,330000,温州市,330300,2020年,2020,历史人文,作者按主导景观进行单标签分类；见官方简介,刘伯温故里景区位于国家级生态县浙江省文成县，总面积4.81平方公里，由刘基庙和百丈漈两大核心景区构成。生态环境优美，文化底蕴深厚，民俗风情浓郁，地域特色鲜明，是人文与自然景观交相辉映、集多元文化于一体的综合型旅游休闲度假目的地。刘基庙，浙南现存最具研究价值的明代木构建筑群，敕建于明天顺二年（1458年），是纪念明朝开国元勋，“立德、立功、立言”三不朽伟人刘基（字伯温）的祠庙，建筑轩敞古拙，气势恢宏庄重。庙内悬挂章太炎、蔡元培、沙孟海等古今名家匾额楹联，妙笔追思，丹青怀远，草行楷隶，诸体俱有，为国内名人纪念建筑所罕见。2001年被列为全国重点文物保护单位。百丈漈，汇集“天下第六福地”南田诸水而成飞流，自海拨600余米高山绝壁倾泻而下，突奔于深壑巨涧之中，形成阶梯型“三折”瀑布群，总落差353米，单体落差207米，为华夏之最。水似飞珠溅玉，飘纱凝虹；声如怒雷惊涛，撼山震地，蔚为壮观。2013年被上海大世界基尼斯总部认证为“中国单体落差最高的瀑布”，同时入选“中国十大名瀑”。,119.951511,27.91945,公开地图代表点,669.0,,https://sjfw.mct.gov.cn/site/dataservice/base,文旅部地图市属字段；直辖市整体、分界洲/白沙湖按地理位置修订,https://loreroutes.com/data/china-5a-scenic-areas.json,Copernicus GLO-30；沿用海拔图鉴已核对的代表点,2026-10-05,,,,,,
118,台州市台州府城文化旅游区,浙江,330000,台州市,331000,2022年,2022,古城古镇,作者按主导景观进行单标签分类；见官方简介,台州市台州府城文化旅游区位于浙江省台州市临海市，2022年被确定为国家5A级旅游景区。其由台州府城墙、紫阳街、巾山、东湖4大主要景区构成，有着近2000年建城史，建筑遗产丰富。台州府城墙始建于东晋，不仅是北方明长城的范本，还被列入世界遗产预备名单，其军事防御与防洪功能卓越。紫阳街入选中国历史文化名街，古街韵味十足。巾山作为浙东“唐诗之路”终点，唐代官寺龙兴寺、巾山群塔是全国重点文物保护单位。东湖则是浙江省重点文物保护单位，是领略台州历史文化魅力的绝佳之地。,121.113715,28.84995,公开地图代表点,16.0,,https://sjfw.mct.gov.cn/site/dataservice/base,文旅部地图市属字段；直辖市整体、分界洲/白沙湖按地理位置修订,https://loreroutes.com/data/china-5a-scenic-areas.json,Copernicus GLO-30；沿用海拔图鉴已核对的代表点,2026-10-05,,,,,,
119,丽水市云和梯田景区,浙江,330000,丽水市,331100,2024年,2024,自然风光,作者按主导景观进行单标签分类；见官方简介,丽水市云和梯田景区坐落在浙江省丽水市云和县崇头镇，于2024年被评定为国家5A级旅游景区。作为华东地区规模最大的梯田群，它不仅是中国重要农业文化遗产，还以“三千三万”为鲜明特色——有着千年的悠久历史、千层的梯田景观、千米的海拔落差，以及万亩云海、万亩杜鹃和万亩竹林，每年能观赏到日出云海的天数超过100天。这片梯田是畲汉人民共同开垦的农耕奇迹，境内拥有国家级文物保护单位梯田银矿遗址。其独特的开犁节成功入围国家非物质文化遗产，填补了二十四节气在国家级非物质文化遗产目录中的最后一项空白。此外，云和梯田还成为“全球梯田联盟产业经济研讨会”的永久举办地。,119.496,28.051,公开地图代表点,461.0,,https://sjfw.mct.gov.cn/site/dataservice/base,文旅部地图市属字段；直辖市整体、分界洲/白沙湖按地理位置修订,https://loreroutes.com/data/china-5a-scenic-areas.json,Copernicus GLO-30；沿用海拔图鉴已核对的代表点,2026-10-05,,,,,,
120,金华市双龙风景旅游区,浙江,330000,金华市,330700,2024年,2024,自然风光,作者按主导景观进行单标签分类；见官方简介,"金华市双龙风景旅游区位于浙江省金华市婺城区罗店镇，2024年,确定为国家5A级旅游景区。 景区规划面积79.7平方公里，地形复杂，海拔高差大，最高峰达1314米，自然资源丰富，拥有 1000 余种动植物。景区以地下悬河、岩溶奇观为特色，以观光度假、运动休闲为主要功能的山岳型国家重点风景名胜区。自古即有“五湖十景”之称，以双龙、冰壶、朝真三洞最为著名。景区内盛夏的平均气温比山下低4～8℃，是避暑的好去处。景区每年吸引着全国各地大批的游客前来避暑和度假。",119.620833,29.202778,公开地图代表点,439.0,,https://sjfw.mct.gov.cn/site/dataservice/base,文旅部地图市属字段；直辖市整体、分界洲/白沙湖按地理位置修订,https://loreroutes.com/data/china-5a-scenic-areas.json,Copernicus GLO-30；沿用海拔图鉴已核对的代表点,2026-10-05,,,,,,
121,黄山市黄山风景区,安徽,340000,黄山市,341000,2007年,2007,自然风光,作者按主导景观进行单标签分类；见官方简介,黄山市黄山风景区位于安徽省南部黄山市境内，2007年，确定为国家5A级旅游景区。其以奇松、怪石、云海、温泉、冬雪“五绝”闻名，有“震旦国中第一奇山”之誉。景区内千米以上高峰达88座，莲花峰、光明顶、天都峰三大主峰巍峨耸立，怪石形态各异，云海变幻莫测，迎客松等奇松扎根峭壁。1990年，黄山作为文化与自然双遗产被列入《世界遗产名录》，2004年入选“世界地质公园”，兼具深厚文化底蕴与独特地质景观。2025年4月7日消息显示，景区将推出外骨骼机器人服务项目，为游客带来智能化游览新体验。,118.183333,30.166667,公开地图代表点,1012.0,,https://sjfw.mct.gov.cn/site/dataservice/base,文旅部地图市属字段；直辖市整体、分界洲/白沙湖按地理位置修订,https://loreroutes.com/data/china-5a-scenic-areas.json,Copernicus GLO-30；沿用海拔图鉴已核对的代表点,2026-10-05,190.0,150.0,常规公布门票；车/索道另计，惠民活动另计,https://static.sse.com.cn/disclosure/bond/announcement/company/c/new/2026-05-20/245266_20260520_3RCE.pdf,来源公布的常规标准；采集日不等于价格生效日，实时售价及有效期购票前复核,190元
122,池州市九华山风景区,安徽,340000,池州市,341700,2007年,2007,宗教文化,作者按主导景观进行单标签分类；见官方简介,池州市九华山风景区位于安徽省池州市青阳县西南，是中国自然与文化遗产地，是中国国家级风景名胜区，是中国佛教四大名山之一。2007年，确定为国家5A级旅游景区。其名源于李白“妙有分二气，灵山开九华”的诗句。景区以独特的花岗岩地质构造闻名，是欧亚板块与太平洋板块碰撞时期地质活动遗迹的杰出代表。其还是地藏菩萨道场，现存99座寺庙，自唐至今形成15尊肉身，其中仁义师太肉身是世界唯一比丘尼肉身。高达99米的地藏王菩萨露天铜像，为世界之最。九华山将地质奇观与北亚热带植被、深厚佛教文化完美融合。,117.8186737635263,30.481329667905698,公开地图代表点,856.0,,https://sjfw.mct.gov.cn/site/dataservice/base,文旅部地图市属字段；直辖市整体、分界洲/白沙湖按地理位置修订,https://a.amap.com/Loca/static/mock/china5a.csv,Copernicus GLO-30；沿用海拔图鉴已核对的代表点,2026-10-05,160.0,140.0,常规公布门票；淡季依据2024-2025公告,https://www.chizhou.gov.cn/OpennessContent/show/1710208.html,来源公布的常规标准；采集日不等于价格生效日，实时售价及有效期购票前复核,160元
123,安庆市天柱山风景区,安徽,340000,安庆市,340800,2011年,2011,自然风光,作者按主导景观进行单标签分类；见官方简介,安庆市天柱山风景区位于安徽省安庆市潜山市天柱山镇，是国家重点风景名胜区，2011年，确定为国家5A级旅游景区并入选“世界地质公园”。天柱山，因主峰如“一柱擎天”而得名，享“古南岳”之尊。这里拥有全国唯一、全球揭露面积最大、暴露最深的超高压变质带，尤其以崩塌堆垒地貌景观而被地质学家誉为世界上最美的花岗岩地貌，有“亚洲哺乳类化石宝库”的美誉。天柱山文化底蕴深厚，道家尊其为“第十四洞天，五十七福地”;天柱山是安徽皖文化的发源地，演绎了“孔雀东南飞”等千古爱情绝唱。,116.45299026579808,30.74041835329417,公开地图代表点,1195.0,,https://sjfw.mct.gov.cn/site/dataservice/base,文旅部地图市属字段；直辖市整体、分界洲/白沙湖按地理位置修订,https://a.amap.com/Loca/static/mock/china5a.csv,Copernicus GLO-30；沿用海拔图鉴已核对的代表点,2026-10-05,,,,,,
124,黄山市皖南古村落－西递宏村,安徽,340000,黄山市,341000,2011年,2011,古城古镇,作者按主导景观进行单标签分类；见官方简介,黄山市皖南古村落－西递宏村位于安徽省黄山市黟县，2011年获评国家5A级旅游景区。景区由占地16公顷的西递与占地30余公顷的宏村组成，两大古村拥有世外桃源般的田园风光、保存完好的村落格局与精湛徽派建筑，2000年作为文化遗产被列入《世界遗产名录》。西递完整保留明清古村落风貌，素有“活的古民居博物馆”之称，古徽州“三雕”艺术精妙绝伦，处处彰显深厚地域文化。 宏村以“中国画里的乡村”闻名，依仿生学构建牛形村落，人工水系贯穿全村，月沼、南湖如明珠镶嵌，堪称“建筑史上一大奇观”。,117.9907752622054,29.905863121146886,公开地图代表点,231.0,,https://sjfw.mct.gov.cn/site/dataservice/base,文旅部地图市属字段；直辖市整体、分界洲/白沙湖按地理位置修订,https://a.amap.com/Loca/static/mock/china5a.csv,Copernicus GLO-30；沿用海拔图鉴已核对的代表点,2026-10-05,,,,,,
125,六安市天堂寨旅游景区,安徽,340000,六安市,341500,2012年,2012,自然风光,作者按主导景观进行单标签分类；见官方简介,六安市天堂寨旅游景区位于安徽省六安市金寨县天堂寨镇。2012年，确定为国家5A级旅游景区。景区地质遗迹丰富，奇山异石与茂密森林构成主体景观，以奇峰、峡谷、瀑布为特色，18条常年不涸的瀑布与百余处季节性瀑布形成壮观的瀑布群。天堂寨地处南北气候过渡带，是三大植物区系交汇中心、第四纪冰川孑遗植物避难所，森林覆被率达96.5%，堪称“华东最后一片原始森林”。这里不仅是皋陶文化发祥地，留存多处农民起义遗址，自古为兵家必争之地；更是鄂豫皖革命根据地重要组成部分，承载着厚重的红色历史。,115.77315725896362,31.13763603857224,公开地图代表点,935.0,,https://sjfw.mct.gov.cn/site/dataservice/base,文旅部地图市属字段；直辖市整体、分界洲/白沙湖按地理位置修订,https://a.amap.com/Loca/static/mock/china5a.csv,Copernicus GLO-30；沿用海拔图鉴已核对的代表点,2026-10-05,,,,,,
126,宣城市龙川景区,安徽,340000,宣城市,341800,2012年,2012,历史人文,作者按主导景观进行单标签分类；见官方简介,宣城市龙川景区位于安徽省宣城市绩溪县境内的旅游景区，全国重点文物保护单位。2012年，确定为国家5A级旅游景区。龙川是胡姓聚族而居的古村落，已有1600余年的历史。主要景点有国家文物保护单位龙川胡氏宗祠和奕世尚书坊、胡宪宗少保府、乡贤祠、澄心堂宣纸作坊、龙川水街、灵山庵等。胡氏宗祠，为江南第一祠，素有“木雕艺术博物馆”和“民族艺术殿堂”之美称。奕世尚书坊是明代正宗石雕牌楼，为徽派石雕之最。,118.66528203846204,30.079455238933388,公开地图代表点,189.0,,https://sjfw.mct.gov.cn/site/dataservice/base,文旅部地图市属字段；直辖市整体、分界洲/白沙湖按地理位置修订,https://a.amap.com/Loca/static/mock/china5a.csv,Copernicus GLO-30；沿用海拔图鉴已核对的代表点,2026-10-05,,,,,,
127,阜阳市八里河风景区,安徽,340000,阜阳市,341200,2013年,2013,自然风光,作者按主导景观进行单标签分类；见官方简介,阜阳市八里河风景区位于安徽省阜阳市颍上县，2013年，确定为国家5A级旅游景区。这座由当地百姓在沼泽地上建成的景区，被誉为“天下第一农民公园”，巧妙融合中西建筑特色。景区分为四大核心区域：“世界风光”微缩希腊宙斯神庙、法国凯旋门等十大世界著名建筑，足不出户领略异域风情；“锦绣中华”以苏式园林、白雀寺等景观，展现东方建筑艺术与传统文化魅力；3000亩“碧波游览区”中，十二生肖岛星罗棋布；占地3公顷的“鸟语林”饲养近百种鸟类，生机盎然。,116.30149704530388,32.56043460276867,公开地图代表点,20.0,,https://sjfw.mct.gov.cn/site/dataservice/base,文旅部地图市属字段；直辖市整体、分界洲/白沙湖按地理位置修订,https://a.amap.com/Loca/static/mock/china5a.csv,Copernicus GLO-30；沿用海拔图鉴已核对的代表点,2026-10-05,,,,,,
128,黄山市古徽州文化旅游区,安徽,340000,黄山市,341000,2014年,2014,历史人文,作者按主导景观进行单标签分类；见官方简介,黄山市古徽州文化旅游区位于安徽省黄山市，2014年，确定为国家5A级旅游景区。景区跨越徽州区和歙县，由徽州古城、棠樾牌坊群・鲍家花园、唐模、潜口民宅、呈坎五大核心景区组成，生动展现中华三大地域文化之一的“徽文化”。徽州古城是中国四大保存完好的古城之一；棠樾牌坊群堪称中国牌坊群落的杰出代表；唐模享有“中国水口园林第一村”美誉，田园风光与徽派古韵交融；潜口民宅被誉为明清民间建筑艺术的“活专著”；呈坎依《易经》八卦布局，彰显古人智慧。五大景区共同勾勒出古徽州的文化长卷。,118.29708878434562,29.859921384797364,公开地图代表点,156.0,,https://sjfw.mct.gov.cn/site/dataservice/base,文旅部地图市属字段；直辖市整体、分界洲/白沙湖按地理位置修订,https://a.amap.com/Loca/static/mock/china5a.csv,Copernicus GLO-30；沿用海拔图鉴已核对的代表点,2026-10-05,,,,,,
129,合肥市三河古镇景区,安徽,340000,合肥市,340100,2015年,2015,古城古镇,作者按主导景观进行单标签分类；见官方简介,合肥市三河古镇景区位于安徽省合肥市肥西县南端，地处肥西、庐江、舒城交界处，古镇总面积2.9平方公里，是中国历史文化名镇，2015年，确定为国家5A级旅游景区。三河古镇是拥有2500余年历史的水乡古镇，因丰乐河、杭埠河、小南河三条河流贯其间而得名，历史上既是兵家必争之地，又是商家云集之地，也是庐剧的发源地。古镇以古巷、古街、古桥、古城墙、古庙、古炮台、古民宅、古茶楼闻名。主要景点有三县桥、望月桥、鹊渚廊桥、万年台、忠武阁、英王府等。,117.24791033130435,31.51501492989793,公开地图代表点,5.0,,https://sjfw.mct.gov.cn/site/dataservice/base,文旅部地图市属字段；直辖市整体、分界洲/白沙湖按地理位置修订,https://a.amap.com/Loca/static/mock/china5a.csv,Copernicus GLO-30；沿用海拔图鉴已核对的代表点,2026-10-05,,,,,,
130,芜湖市方特旅游区,安徽,340000,芜湖市,340200,2016年,2016,主题休闲,作者按主导景观进行单标签分类；见官方简介,芜湖市方特旅游区是位于安徽省芜湖市境内的旅游景区。2016年，确定为国家5A级旅游景区。其以科幻探险为核心特色的主题，将现代高科技手段与艺术创意深度融合，为游客打造充满激情与惊喜的游乐体验。由星际航班、神秘河谷、恐龙危机、海螺湾、儿童王国、聊斋等10余个主题项目区构成，拥有主题体验、游乐设施、休闲景观等超300项精彩内容。既能搭乘“星际航班”穿梭宇宙，于“恐龙危机”中体验惊险逃亡；也能在“海螺湾”感受海洋奇幻，于“儿童王国”畅享童趣，集娱乐、文化、休闲于一体。,118.372609,31.379544,公开地图代表点,9.0,,https://sjfw.mct.gov.cn/site/dataservice/base,文旅部地图市属字段；直辖市整体、分界洲/白沙湖按地理位置修订,https://loreroutes.com/data/china-5a-scenic-areas.json,Copernicus GLO-30；沿用海拔图鉴已核对的代表点,2026-10-05,,,,,,
131,六安市万佛湖风景区,安徽,340000,六安市,341500,2016年,2016,自然风光,作者按主导景观进行单标签分类；见官方简介,六安市万佛湖风景区位于安徽省六安市舒城县万佛湖镇，2016年，确定为国家5A级旅游景区。景区是以万佛湖为中心的湖泊型观光景区因临湖的巨型观音岩石与湖中66个岛屿形成神奇的“诸佛拜观音”景象，又因水的源头来自万佛山，而得名万佛湖。景区拥有人工土坝、万佛石林、摩崖石刻、幽谷新月、文家墩和龙王树新石器遗址、梅山晓烟、龙柏山道、左慈钓台和观音洞、人头马、翠竹岭、白鹭洲以及梅岭电站、溢洪道、牛角冲进水闸等几十处自然景观和人文景观。,116.74550879652196,31.293541988359674,公开地图代表点,64.0,,https://sjfw.mct.gov.cn/site/dataservice/base,文旅部地图市属字段；直辖市整体、分界洲/白沙湖按地理位置修订,https://a.amap.com/Loca/static/mock/china5a.csv,Copernicus GLO-30；沿用海拔图鉴已核对的代表点,2026-10-05,,,,,,
132,马鞍山市长江采石矶文化生态旅游区,安徽,340000,马鞍山市,340500,2020年,2020,综合景观,作者按主导景观进行单标签分类；见官方简介,马鞍山市长江采石矶文化生态旅游区位于安徽省马鞍山市雨山区采石街道，2020年，确定为国家5A级旅游景区。其以诗人李白诗意为灵魂，以“翠螺出大江”的临江绝壁景观和锁溪河、滨江湿地风光带为主要载体，包括采石矶、采石古镇、望夫山、滨江文化园四大功能区。内有“长江三矶”之首的采石矶、国保单位“太白楼”、状元福地“三元洞”和林散之“江上草堂”等特色景点，展现了独特的自然风貌和深厚的文化底蕴，集名胜观光、生态体验、人文教育、休闲度假、旅游购物于一体。,118.45209059062178,31.657489279155296,公开地图代表点,9.0,,https://sjfw.mct.gov.cn/site/dataservice/base,文旅部地图市属字段；直辖市整体、分界洲/白沙湖按地理位置修订,https://ditu.amap.com/place/B022B002B3,Copernicus GLO-30；沿用海拔图鉴已核对的代表点,2026-10-05,,,,,,
133,滁州市琅琊山景区,安徽,340000,滁州市,341100,2024年,2024,自然风光,作者按主导景观进行单标签分类；见官方简介,滁州市琅琊山景区位于位于安徽省滁州市琅琊区琅琊古道30号。2024年，确定为国家5A级旅游景区。其因欧阳修《醉翁亭记》闻名，享有“蓬莱之后无别山”之美誉，集历史文化与生态景观于一体。景区拥有2处全国重点文物保护单位：琅琊山摩崖石刻及碑刻现存约300块，其中七块唐代摩崖与苏轼手书《醉翁亭记》碑堪称稀世珍宝；另一处无梁殿，以其独特的建筑技艺展现历史底蕴。“天下第一亭”醉翁亭古朴典雅，位列中国四大名亭；登上南天门，可揽群山叠翠；深秀湖波光潋滟，野芳园尽显苏式园林雅韵。,118.266667,32.266667,公开地图代表点,158.0,,https://sjfw.mct.gov.cn/site/dataservice/base,文旅部地图市属字段；直辖市整体、分界洲/白沙湖按地理位置修订,https://loreroutes.com/data/china-5a-scenic-areas.json,Copernicus GLO-30；沿用海拔图鉴已核对的代表点,2026-10-05,,,,,,
134,厦门市鼓浪屿旅游区,福建,350000,厦门市,350200,2007年,2007,古城古镇,作者按主导景观进行单标签分类；见官方简介,厦门市鼓浪屿旅游区位于福建省厦门市思明区鼓浪屿街道境内的旅游景区，鼓浪屿面积1.88平方千米。2007年被确定为国家5A级旅游景区，2017年“鼓浪屿：历史国际社区”列入《世界遗产名录》。鼓浪屿原名“圆沙洲”，因西南海蚀岩洞受浪潮冲击，声如擂鼓，明朝时雅化为现名。岛上峰岩跌宕、海礁嶙峋。自厦门成为通商口岸，多元建筑风格在此汇聚，931组历史建筑、自然景观等。享有“万国建筑博览”之誉，日光岩、菽庄花园等景点闻名遐迩。鼓浪屿音乐文化底蕴深厚，是“钢琴之岛”，散发着独特艺术魅力。,118.06208415406228,24.44734140052508,公开地图代表点,27.0,,https://sjfw.mct.gov.cn/site/dataservice/base,文旅部地图市属字段；直辖市整体、分界洲/白沙湖按地理位置修订,https://a.amap.com/Loca/static/mock/china5a.csv,Copernicus GLO-30；沿用海拔图鉴已核对的代表点,2026-10-05,,,,,,
135,南平市武夷山风景名胜区,福建,350000,南平市,350700,2007年,2007,自然风光,作者按主导景观进行单标签分类；见官方简介,南平市武夷山风景名胜区位于福建省南平市武夷山市武夷街道和星村镇，景区设立于1979年，2007年，确定为国家5A级旅游景区，1999年作为文化与自然双重遗产被列入《世界遗产名录》。景区属典型丹霞地貌，九曲溪如诗如画，与三十六峰、九十九岩相互映衬，构成天然山水园林。这里保存着世界同纬度带最完整、典型且面积最大的中亚热带原生性森林生态系统，物种丰富。“架壑船棺”“虹桥板”以及汉代闽越王城遗址，是古闽族文化的实物见证。天游—桃源洞景区更是人与自然和谐共生的典范，留存了丰富的文化遗迹。,117.95475092125707,27.65979776322836,公开地图代表点,435.0,,https://sjfw.mct.gov.cn/site/dataservice/base,文旅部地图市属字段；直辖市整体、分界洲/白沙湖按地理位置修订,https://a.amap.com/Loca/static/mock/china5a.csv,Copernicus GLO-30；沿用海拔图鉴已核对的代表点,2026-10-05,,,,,,
136,三明市泰宁风景旅游区,福建,350000,三明市,350400,2011年,2011,自然风光,作者按主导景观进行单标签分类；见官方简介,三明市泰宁风景旅游区地处福建省三明市泰宁县，2011年被评为国家5A级旅游景区，2005年入选“世界地质公园”。景区以典型青年期丹霞地貌为主，还拥有火山岩、花岗岩等多种地质遗迹。水上丹霞、峡谷群落、洞穴奇观与原始生态交相辉映，构成独特景观。这里丹霞洞穴别具一格，数量众多、规模庞大、造型奇特且极具观赏性，有“丹霞洞穴博物馆”之称。景区涵盖石网、大金湖、八仙崖、金铙山4个园区和泰宁古城游览区，游客既能欣赏到壮丽的自然美景，又能感受泰宁古城深厚的历史文化底蕴。,117.09672763179697,26.86687783096871,公开地图代表点,282.0,,https://sjfw.mct.gov.cn/site/dataservice/base,文旅部地图市属字段；直辖市整体、分界洲/白沙湖按地理位置修订,https://a.amap.com/Loca/static/mock/china5a.csv,Copernicus GLO-30；沿用海拔图鉴已核对的代表点,2026-10-05,,,,,,
137,福建土楼（永定•南靖）旅游景区,福建,350000,龙岩市,350800,2011年,2011,历史人文,作者按主导景观进行单标签分类；见官方简介,福建土楼（永定·南靖）旅游景区位于福建省龙岩市永定区、漳州市南靖县。2011年，确定为国家5A级旅游景区，2008年福建土楼作为文化遗产被列入《世界遗产名录》。景区由永定和南靖两大景区构成。永定景区“圆楼王子”振成楼富丽堂皇，奎聚楼似布达拉宫般雄伟，福裕楼是五凤楼经典，如升楼小巧玲珑，土楼与山水田园相融。南靖景区土楼各具特色，和贵楼既高又奇，怀远楼精美，裕昌楼古老，田螺坑土楼群壮观，河坑土楼群密集，众多土楼充分展现了“天人合一”的建筑理念，是中国传统民居建筑的瑰宝。 ,117.00435110852544,24.66339831511201,公开地图代表点,508.0,,https://sjfw.mct.gov.cn/site/dataservice/base,文旅部地图市属字段；直辖市整体、分界洲/白沙湖按地理位置修订,https://a.amap.com/Loca/static/mock/china5a.csv,Copernicus GLO-30；沿用海拔图鉴已核对的代表点,2026-10-05,,,,,,
138,宁德市屏南县白水洋·鸳鸯溪旅游区,福建,350000,宁德市,350900,2012年,2012,自然风光,作者按主导景观进行单标签分类；见官方简介,宁德市屏南县白水洋·鸳鸯溪旅游区位于福建省宁德市屏南县双溪镇宜洋村65号，2012年，确定为国家5A级旅游景区。景区分为白水洋、宜洋、刘公岩、太堡楼、鸳鸯湖5个景区。白水洋景区是目前世界唯一的“浅水广场”，总面积达8万平方米，一石而就，在中下洋之间有一条近百米长的天然滑道，被称为“天然冲浪游泳池”。鸳鸯溪(宜洋)景区每年秋季有数百上千只鸳鸯从北方飞来越冬，使这一带溪流早在一百多年前就发现鸳鸯是中国唯一的鸳鸯保护区。,119.067999,27.096558,公开地图代表点,634.0,,https://sjfw.mct.gov.cn/site/dataservice/base,文旅部地图市属字段；直辖市整体、分界洲/白沙湖按地理位置修订,https://loreroutes.com/data/china-5a-scenic-areas.json,Copernicus GLO-30；沿用海拔图鉴已核对的代表点,2026-10-05,,,,,,
139,泉州市清源山景区,福建,350000,泉州市,350500,2012年,2012,宗教文化,作者按主导景观进行单标签分类；见官方简介,泉州市清源山景区位于福建省泉州市丰泽区境内的旅游景区，2012年，确定为国家5A级旅游景区。景区由清源山、灵山圣墓、九日山三大片区构成，素有“道教圣地”“三清之源”的美誉。这里汇聚多元宗教文化，有我国现存最大的唐代道教石雕老君造像，其神态逼真、气势恢宏；碧霄岩的元代藏传佛教“三世佛”石雕造像，年代久远、保存完好；还有我国现存最古老、最完好的伊斯兰教圣墓。景区内宋代祈风石刻数量众多，见证着古泉州海上贸易的繁荣，充分展现出清源山深厚的历史文化底蕴和独特魅力。,118.608467,24.954722,公开地图代表点,354.0,,https://sjfw.mct.gov.cn/site/dataservice/base,文旅部地图市属字段；直辖市整体、分界洲/白沙湖按地理位置修订,https://loreroutes.com/data/china-5a-scenic-areas.json,Copernicus GLO-30；沿用海拔图鉴已核对的代表点,2026-10-05,,,,,,
140,宁德市太姥山旅游区,福建,350000,宁德市,350900,2013年,2013,自然风光,作者按主导景观进行单标签分类；见官方简介,宁德市太姥山旅游区位于福建省宁德市福鼎市太姥山镇坑头1号，2013年，确定为国家5A级旅游景区。景区包括太姥山岳、晴川海滨、福瑶列岛、九鲤溪瀑四大景区和瑞云畲寨、翠郊古民居二处独立景点。其中，太姥山岳为太姥山风景区的精华所在，地质景观呈现峰丛一石蛋地貌，以花岗岩峰林岩洞为特色，融山海川岛和人文景观为一体，以峰险、石奇、洞幽、雾幻四绝著称，共有三十六峰、四十五石、二十四洞、十岩、九泉、三溪、二岭、一谷等景点。2025年3月，太姥山景区最高峰原复鼎峰正式更名为福鼎峰。,120.18691262445564,27.105372948151665,公开地图代表点,451.0,,https://sjfw.mct.gov.cn/site/dataservice/base,文旅部地图市属字段；直辖市整体、分界洲/白沙湖按地理位置修订,https://a.amap.com/Loca/static/mock/china5a.csv,Copernicus GLO-30；沿用海拔图鉴已核对的代表点,2026-10-05,,,,,,
141,福州市三坊七巷历史文化街区景区,福建,350000,福州市,350100,2015年,2015,古城古镇,作者按主导景观进行单标签分类；见官方简介,福州市三坊七巷历史文化街区景区位于福建省福州市鼓楼区境内的历史文化街区及旅游景区，地处营房里10号，2015年，确定为国家5A级旅游景区。景区是城市型开放式景区，因至今仍保留西三个坊、东七条巷、南北一中轴古代城市里坊格局而得名，现存古民居约270座，有“中国城市里坊制度活化石”的美称。“三坊”是衣锦坊、文儒坊、光禄坊；“七巷”是杨桥巷、郎官巷、安民巷、黄巷、塔巷、宫巷、吉庇巷。以沈葆桢故居、林觉民故居、严复故居等9处典型建筑为代表的三坊七巷古建筑群是全国重点文物保护单位。,119.29204,26.08566,公开地图代表点,9.0,,https://sjfw.mct.gov.cn/site/dataservice/base,文旅部地图市属字段；直辖市整体、分界洲/白沙湖按地理位置修订,https://loreroutes.com/data/china-5a-scenic-areas.json,Copernicus GLO-30；沿用海拔图鉴已核对的代表点,2026-10-05,,,,,,
142,龙岩市古田旅游区,福建,350000,龙岩市,350800,2015年,2015,红色纪念,作者按主导景观进行单标签分类；见官方简介,龙岩市古田旅游区位于福建省龙岩市上杭县古田镇古田大道，2015年，确定为国家5A级旅游景区。景区以古田会议会址为核心，完整保留14处革命旧址并对外开放。古田会议旧址见证了中国革命的重要转折，承载着光辉的红色记忆；中共红四军前委机关暨红四军政治部旧址松荫堂、红四军司令部旧址中兴堂等，再现了当年革命斗争场景；毛泽东《星星之火可以燎原》写作旧址协成店，更是留下了珍贵的思想印记。景区不仅是传承红色基因的精神高地，也是领略闽西山水风光的绝佳去处，吸引着无数游客前来缅怀历史。,116.81616137981136,25.21755711547893,公开地图代表点,676.0,,https://sjfw.mct.gov.cn/site/dataservice/base,文旅部地图市属字段；直辖市整体、分界洲/白沙湖按地理位置修订,https://a.amap.com/Loca/static/mock/china5a.csv,Copernicus GLO-30；沿用海拔图鉴已核对的代表点,2026-10-05,,,,,,
143,莆田市湄洲岛妈祖文化旅游区,福建,350000,莆田市,350300,2020年,2020,综合景观,作者按主导景观进行单标签分类；见官方简介,莆田市湄洲岛妈祖文化旅游区位于福建省莆田市湄洲湾畔，距市区42千米，离大陆最近的文甲码头1.8海里，2020年，确定为国家5A级旅游景区。湄洲岛是海上和平女神妈祖的诞生地，妈祖文化的发祥地，素有“南国蓬莱”之美誉。全岛拥有得天独厚的滨海风光，周边环绕大小岛、屿、礁30多个，自然景观丰富。湄屿潮音海浪拍岸，涛声悦耳；九宝澜黄金沙滩绵延3000米，沙软滩平；“小石林”鹅尾怪石千姿百态，令人称奇。作为景区核心的湄洲祖庙，是国家文物保护单位，始建于宋雍熙四年，是全球妈祖信众的朝圣中心。,119.143019,25.093669,公开地图代表点,65.0,,https://sjfw.mct.gov.cn/site/dataservice/base,文旅部地图市属字段；直辖市整体、分界洲/白沙湖按地理位置修订,https://loreroutes.com/data/china-5a-scenic-areas.json,Copernicus GLO-30；沿用海拔图鉴已核对的代表点,2026-10-05,,,,,,
144,厦门园林植物园景区,福建,350000,厦门市,350200,2024年,2024,主题休闲,作者按主导景观进行单标签分类；见官方简介,厦门园林植物园景区位于福建省厦门市厦门岛东南隅的万石山中，背靠五老峰、南普陀寺、厦门大学，紧邻中山路商圈。2024年，确定为国家5A级旅游景区。它是鼓浪屿—万石山风景名胜区的重要构成部分，是福建省首个植物园。园区占地4.93平方千米，拥有16个专类园区。棕榈植物区尽显热带风情，室外多肉植物展示区规模宏大，各类奇花异木应有尽有。雨林世界雾气氤氲，宛如仙境。此外，万石山、万石湖、天界晓钟、新碑林万笏朝天等景点也别具魅力，“万石涵翠”更是厦门著名景观。,118.091667,24.455,公开地图代表点,49.0,,https://sjfw.mct.gov.cn/site/dataservice/base,文旅部地图市属字段；直辖市整体、分界洲/白沙湖按地理位置修订,https://loreroutes.com/data/china-5a-scenic-areas.json,Copernicus GLO-30；沿用海拔图鉴已核对的代表点,2026-10-05,,,,,,
145,龙岩市冠豸山景区,福建,350000,龙岩市,350800,2024年,2024,自然风光,作者按主导景观进行单标签分类；见官方简介,龙岩市冠豸(zhài)山景区位于福建省龙岩市连城县境内，地处福建省西南部、武夷山脉西南段，属于武夷山脉和戴云山脉过渡地带，毗邻江西、广东两省，是国家重点风景名胜区、中国国家自然遗产、国家地质公园，2024年，确定为国家5A级旅游景区。丹霞地貌是冠豸山的主要地貌类型，具有密集的丹霞石墙、峡谷群、单面山峰丛以及崖壁竖向沟槽的高度发育等特点。盆地内部存在多组节理构造，形成了高密度石墙群、单面山峰丛、丹崖赤壁以及狭窄的流水侵蚀峡谷，共同构成了冠豸山特有的紧闭型峰丛—峡谷地貌组合。,116.785556,25.713889,公开地图代表点,601.0,,https://sjfw.mct.gov.cn/site/dataservice/base,文旅部地图市属字段；直辖市整体、分界洲/白沙湖按地理位置修订,https://loreroutes.com/data/china-5a-scenic-areas.json,Copernicus GLO-30；沿用海拔图鉴已核对的代表点,2026-10-05,,,,,,
146,九江市庐山市庐山风景名胜区,江西,360000,九江市,360400,2007年,2007,自然风光,作者按主导景观进行单标签分类；见官方简介,庐山风景名胜区位于江西省九江市。2007年，确定为国家5A级景区。庐山无数次出现在文人墨客的诗词歌赋中，其中以苏轼一句“不识庐山真面目，只缘身在此山中”最为著名。群峰间散布有许多壑谷、岩洞、瀑布、溪涧，地形地貌复杂。如今庐山已是一处很成熟的旅游景区，其中的青山绿水、飞瀑、日出，还有近代别墅，引得不少游人来此一窥“庐山真面目”。庐山北濒一泻千里的长江，南襟烟波浩渺的鄱阳湖，大江、大湖、大山浑然一体，险峻与秀丽刚柔相济，素以“雄、奇、险、秀”闻名于世。,115.95329571350904,29.56276437864825,公开地图代表点,875.0,,https://sjfw.mct.gov.cn/site/dataservice/base,文旅部地图市属字段；直辖市整体、分界洲/白沙湖按地理位置修订,https://a.amap.com/Loca/static/mock/china5a.csv,Copernicus GLO-30；沿用海拔图鉴已核对的代表点,2026-10-05,160.0,,核心景区通票；观光车另计,https://www.lushan.gov.cn/bmxzxxgk/bumeng/whgdxwcbj/fdzdgknr_195359/lvyou/202512/t20251231_7134054.html,来源公布的常规标准；采集日不等于价格生效日，实时售价及有效期购票前复核,160元
147,吉安市井冈山市井冈山风景旅游区,江西,360000,吉安市,360800,2007年,2007,红色纪念,作者按主导景观进行单标签分类；见官方简介,井冈山风景区位于江西省吉安市。2007年，确定为国家5A级景区，是集人文景观、自然风光和高山田园为一体的山岳型风景旅游区。其革命历史底蕴深厚，留存革命人文景观30多处、革命旧址遗迹100多处，井冈山革命烈士陵园、茨坪革命旧址群、大井毛泽东同志旧居等，见证了中国革命的峥嵘岁月，是重要的红色教育基地。景区涵盖11大景区、76处景点、460多个景物景观，黄洋界的雄浑、龙潭的飞瀑、杜鹃山的花海、五指峰的奇峻，与田园风光相映成趣，将革命圣地的庄严与自然山水的灵秀完美结合。,114.13871109595998,26.59376650611207,公开地图代表点,927.0,,https://sjfw.mct.gov.cn/site/dataservice/base,文旅部地图市属字段；直辖市整体、分界洲/白沙湖按地理位置修订,https://a.amap.com/Loca/static/mock/china5a.csv,Copernicus GLO-30；沿用海拔图鉴已核对的代表点,2026-10-05,,,,,,
148,上饶市三清山风景区,江西,360000,上饶市,361100,2011年,2011,自然风光,作者按主导景观进行单标签分类；见官方简介,三清山风景名胜区位于江西省上饶市。2011年，确定为国家5A级景区。三清山自然景观以奇峰怪石、古树名花、流泉飞瀑、云海雾涛“四绝”闻名，同时融合了丰富的道教文化。三清山有六十四座奇峰，形态各异，如“巨蟒出山”、“司春女神”和“观音赏曲”等自然雕塑，被誉为景中“三绝”。三清山的云海、流泉飞瀑等自然景观极具特色，气候湿润多雨，山上常云雾缭绕，形成变幻莫测的云海。此外，三清山还有丰富的植物资源，尤其是形态各异的古松，为山景增添了生机。,118.06033836562408,28.8975230959168,公开地图代表点,1058.0,,https://sjfw.mct.gov.cn/site/dataservice/base,文旅部地图市属字段；直辖市整体、分界洲/白沙湖按地理位置修订,https://a.amap.com/Loca/static/mock/china5a.csv,Copernicus GLO-30；沿用海拔图鉴已核对的代表点,2026-10-05,,,,,,
149,鹰潭市龙虎山风景名胜区,江西,360000,鹰潭市,360600,2012年,2012,宗教文化,作者按主导景观进行单标签分类；见官方简介,龙虎山风景名胜区位于江西省鹰潭市。2012年，确定为国家5A级景区，是国家国家地质公园、科普教育基地。龙虎山有九十九峰、六十六岩、一百零八处自然和人文景观，20多处神井丹池和流泉飞瀑。因道教而名，更因泸溪而神。景区内红崖碧水，奇峰怪石，山秀水美，花繁林茂。还有战国时期留下的、规模宏大、文物众多的崖墓葬，成为人们寻幽探奇的旅游胜地。源远流长的道教文化、独具特色的碧水丹山和规模宏大的崖墓群构成了龙虎山风景旅游区自然景观和人文景观的“三绝”。,116.97837541505544,28.12043013703272,公开地图代表点,64.0,,https://sjfw.mct.gov.cn/site/dataservice/base,文旅部地图市属字段；直辖市整体、分界洲/白沙湖按地理位置修订,https://a.amap.com/Loca/static/mock/china5a.csv,Copernicus GLO-30；沿用海拔图鉴已核对的代表点,2026-10-05,,,,,,
150,上饶市婺源县江湾景区,江西,360000,上饶市,361100,2013年,2013,古城古镇,作者按主导景观进行单标签分类；见官方简介,"婺源江湾景区位于江西省上饶市。2013年，确定为国家5A级景区。江湾是一座具有丰厚的徽州文化底蕴的古村落。村中至今保存着三省堂、敦崇堂、培心堂等一大批徽派古建筑和萧江宗祠、江永纪念馆、南关亭、北斗七星井等景点。江湾景区钟灵毓秀,为展示婺源的文化特色,江湾景区新建梨子巷街区、五色馆、鼓吹堂、公社食堂等景点,让游客体会旧时手工艺匠人的传统技艺,观赏徽剧、婺源民歌等传统剧目,极具历史价值和观赏价值。",118.04973224388182,29.36052401166208,公开地图代表点,183.0,,https://sjfw.mct.gov.cn/site/dataservice/base,文旅部地图市属字段；直辖市整体、分界洲/白沙湖按地理位置修订,https://a.amap.com/Loca/static/mock/china5a.csv,Copernicus GLO-30；沿用海拔图鉴已核对的代表点,2026-10-05,,,,,,
151,景德镇市昌江区古窑民俗博览区,江西,360000,景德镇市,360200,2013年,2013,历史人文,作者按主导景观进行单标签分类；见官方简介,景德镇古窑民俗博览区位于江西省景德镇市。2013年，确定为国家5A级景区，是集文化博览、陶瓷体验、娱乐休闲为一体，全国唯一以陶瓷文化为主题的国家级旅游景区。其历史底蕴深厚，景德镇古窑始建于五代，历经宋、元、明、清不断发展，保留并展示了古代制瓷工艺，历代古窑展示区涵盖宋代龙窑、元代馒头窑、明代葫芦窑、清代镇窑等，再现千年制瓷技艺传承；陶瓷民俗展示区生动呈现传统陶瓷民俗文化；水岸前街创意休憩区融合现代艺术与传统美学。游客可参与拉坯、画瓷等体验活动，感受“瓷都”景德镇的独特风情。,117.17948874419385,29.28666099617938,公开地图代表点,50.0,,https://sjfw.mct.gov.cn/site/dataservice/base,文旅部地图市属字段；直辖市整体、分界洲/白沙湖按地理位置修订,https://a.amap.com/Loca/static/mock/china5a.csv,Copernicus GLO-30；沿用海拔图鉴已核对的代表点,2026-10-05,,,,,,
152,赣州市瑞金市共和国摇篮旅游区,江西,360000,赣州市,360700,2015年,2015,红色纪念,作者按主导景观进行单标签分类；见官方简介,共和国摇篮旅游区位于江西省赣州瑞金市。2015年，确定为国家5A级景区。由叶坪、红井、二苏大、中华苏维埃纪念园（南园和北园）等景区组成。景区风景秀丽，基础设施完善，是全国旅游观光、培育爱国情感和民族精神的重要基地，是赣闽边际红色旅游集散中心。既保留“形体”的简朴，又展现出内涵的“身价”，旧址群、纪念园、博物馆各具特色，一处一诗，一步一景，是融参观、瞻仰、会议、休闲、度假为一体的理想场所。,116.06803742560328,25.907020090210946,公开地图代表点,200.0,,https://sjfw.mct.gov.cn/site/dataservice/base,文旅部地图市属字段；直辖市整体、分界洲/白沙湖按地理位置修订,https://a.amap.com/Loca/static/mock/china5a.csv,Copernicus GLO-30；沿用海拔图鉴已核对的代表点,2026-10-05,,,,,,
153,宜春市明月山旅游区,江西,360000,宜春市,360900,2015年,2015,自然风光,作者按主导景观进行单标签分类；见官方简介,明月山旅游区位于江西省宜春市城西南30千米处，面积136平方千米，是由12座海拔千米以上的大小山峰组成，主峰太平山海拔1736米。景区属亚热带湿润季风性气候，山水奇特，气候温和，年平均气温在12℃—15℃左右，空气负离子含量高，是名副其实的天然氧吧。明月山拥有世界珍稀植物红豆杉、国宝树种中华落叶木莲等植物资源，有“中国七大悬空栈道之一”的青云栈道，有光怪陆离的星月洞，有浪漫的1420火车营地，有超万平米的高山冰雪运动体验，有恬静迷人的高山湖泊——月亮湖，还有世界有三的高山观光小火车，落差119米的云谷飞瀑为江南第一瀑。明月山旅游区2015年获评国家5A级旅游景区，是一个“以月亮情吸引人，用生态美景留住人”的集生态游览、休闲度假、科普教育为一体的山岳型风景名胜区。,114.2765180696182,27.635137790734177,公开地图代表点,559.0,,https://sjfw.mct.gov.cn/site/dataservice/base,文旅部地图市属字段；直辖市整体、分界洲/白沙湖按地理位置修订,https://a.amap.com/Loca/static/mock/china5a.csv,Copernicus GLO-30；沿用海拔图鉴已核对的代表点,2026-10-05,,,,,,
154,抚州市资溪县大觉山景区,江西,360000,抚州市,361000,2017年,2017,自然风光,作者按主导景观进行单标签分类；见官方简介,大觉山景区位于江西省抚州市，地处赣闽交界处的武夷山西麓，生态资源得天独厚，水质优良、水源充足，属亚热带季风性湿润气候，森林覆盖率高达98.3%，平均海拔900米左右。2017年，确定为国家5A级景区。大觉山景区分东区和西区，占地面积204平方公里，东区以30万亩原始森林为核心的原始森林旅游区；西区以峡谷漂流为主体的综合型旅游景区。景区主要景点有南天门、姻缘亭、大觉山峡谷漂流、大觉山影视城等，核心品牌项目有大觉山漂流、悬崖动车。,117.13913671756228,27.69949424834347,公开地图代表点,314.0,,https://sjfw.mct.gov.cn/site/dataservice/base,文旅部地图市属字段；直辖市整体、分界洲/白沙湖按地理位置修订,https://a.amap.com/Loca/static/mock/china5a.csv,Copernicus GLO-30；沿用海拔图鉴已核对的代表点,2026-10-05,,,,,,
155,上饶市弋阳县龟峰景区,江西,360000,上饶市,361100,2017年,2017,自然风光,作者按主导景观进行单标签分类；见官方简介,龟峰景区位于江西省上饶市弋阳县。2017年，确定为国家5A级景区。是世界地质公园龙虎山—龟峰地质公园和世界自然遗产“中国丹霞”的组成部分、国家森林公园、全国爱国主义教育示范基地。龟峰因景区内有无数形态酷似乌龟的象形石和整个景区远远看去像一只硕大无朋的巨龟而得名。素有“三十六峰七十二景”之说，集“奇、险、灵、巧”于一身，素有“江上龟峰天下稀”和“天然盆景”誉称。以其独特的“无山不龟，无石不龟”的自然景观和深厚的文化底蕴成为游圣徐霞客推荐景点。,117.41898255278612,28.319274677680504,公开地图代表点,126.0,,https://sjfw.mct.gov.cn/site/dataservice/base,文旅部地图市属字段；直辖市整体、分界洲/白沙湖按地理位置修订,https://a.amap.com/Loca/static/mock/china5a.csv,Copernicus GLO-30；沿用海拔图鉴已核对的代表点,2026-10-05,,,,,,
156,南昌市东湖区滕王阁旅游区,江西,360000,南昌市,360100,2018年,2018,历史人文,作者按主导景观进行单标签分类；见官方简介,滕王阁旅游区位于江西省南昌市。2018年，确定为国家5A级景区。滕王阁因诗人王勃所写的《滕王阁序》而闻名天下。1989年10月8日，江西省人民政府根据梁思成的《重建滕王阁计划草图》重修滕王阁。滕王阁采取独特“明三暗七”格局，台座以上的主阁是三层带回廊建筑，内部共有七层，分为三个明层、三个暗层及阁楼。南昌市滕王阁旅游区以滕王阁为主题建筑，园林、绿化、水景为其主要景色，另还分布着赣风堂、古乐坊、熏风亭、临江轩、环漪楼、双廊四亭等一批独具唐风宋韵特色的旅游景点。,115.8758,28.6841,公开地图代表点,29.0,,https://sjfw.mct.gov.cn/site/dataservice/base,文旅部地图市属字段；直辖市整体、分界洲/白沙湖按地理位置修订,https://loreroutes.com/data/china-5a-scenic-areas.json,Copernicus GLO-30；沿用海拔图鉴已核对的代表点,2026-10-05,,,,,,
157,萍乡市萍乡武功山景区,江西,360000,萍乡市,360300,2020,2020,自然风光,作者按主导景观进行单标签分类；见官方简介,武功山风景区位于江西省萍乡市，2020年，确定为国家5A级景区。是国家级风景名胜区、国家地质公园（面积约378.3平方千米）、国家自然遗产、中国青少年户外体育运动营地。景区主峰白鹤峰（金顶）海拔1918.3米。自汉晋起，这里便成为道佛两家修身养性的洞天福地，明代香火鼎盛，山南山北曾建有庵、堂、寺、观100多处。唐宋以来，众多名人学士慕名登山，吟诗作赋。其以壮美的高山草甸、云海奇观闻名，连绵十万亩草甸随四季变换色彩，是兼具人文底蕴与自然风光的旅游胜地。,114.173333,27.455278,公开地图代表点,1905.0,,https://sjfw.mct.gov.cn/site/dataservice/base,文旅部地图市属字段；直辖市整体、分界洲/白沙湖按地理位置修订,https://loreroutes.com/data/china-5a-scenic-areas.json,Copernicus GLO-30；沿用海拔图鉴已核对的代表点,2026-10-05,,,,,,
158,九江市庐山西海景区,江西,360000,九江市,360400,2020年,2020,自然风光,作者按主导景观进行单标签分类；见官方简介,庐山西海景区位于江西省九江市。2020年，确定为国家5A级景区。  景区前身为云居山—柘林湖风景名胜区，源于1958年兴建的柘林水力发电工程，2011年正式更名为庐山西海景区。景区由西海湖区与云居山片区两大板块构成。西海湖区碧波浩渺，千岛星罗棋布，云居岛、女神岛、箬溪岛等各具特色，“西海之星”观光塔可俯瞰全景；云居山片区则以佛教文化和秀丽山景闻名。此外，将军峡9D玻璃桥、西海漂流、西海水世界等体验项目丰富；富矿西海温泉、湖上花海花源谷、果园采摘等业态，可尽享湖光山色、休闲度假之趣。,115.500833,29.205278,公开地图代表点,60.0,,https://sjfw.mct.gov.cn/site/dataservice/base,文旅部地图市属字段；直辖市整体、分界洲/白沙湖按地理位置修订,https://loreroutes.com/data/china-5a-scenic-areas.json,Copernicus GLO-30；沿用海拔图鉴已核对的代表点,2026-10-05,,,,,,
159,赣州市安远县三百山景区,江西,360000,赣州市,360700,2022年,2022,自然风光,作者按主导景观进行单标签分类；见官方简介,三百山景区位于江西省赣州市。2022年，确定为国家5A级景区、国家森林公园和国家生态旅游示范区。三百山是安远县东南边境诸山峰的合称，是东江的源头，粤港居民饮用水的发源地，三百山森林覆盖率98%，动植物资源十分丰富，是中国南方的重要生物基因库。景区内拥有高等植物271科1702种，珍稀植物300余种。有野生动物1361种，国家重点保护的高等动物38种。景区内的三百群峰、源头群瀑、原始林海、高山平湖、火山地貌、峡谷险滩被称为三百山的“六绝”。,115.37189,24.95079,公开地图代表点,292.0,,https://sjfw.mct.gov.cn/site/dataservice/base,文旅部地图市属字段；直辖市整体、分界洲/白沙湖按地理位置修订,https://loreroutes.com/data/china-5a-scenic-areas.json,Copernicus GLO-30；沿用海拔图鉴已核对的代表点,2026-10-05,,,,,,
160,上饶市婺源县篁岭景区,江西,360000,上饶市,361100,2024年,2024,古城古镇,作者按主导景观进行单标签分类；见官方简介,上饶篁岭景区位于江西省上饶市。2024年，确定为国家5A级景区。篁岭建村于明代中叶，已有500多年历史。这里属典型山居村落，民居围绕水口呈扇形梯状错落排布。景区核心特色鲜明，有“梯田花海”，水墨梯田被评为“全球十大最美梯田”，油菜花海美若仙境；“晒秋民俗”独具魅力，家家户户屋顶晾晒农作物，色彩斑斓；还有“徽派古建”，雕梁画栋尽显古朴韵味。景区由索道空中揽胜、村落天街访古、梯田花海寻芳及乡风民俗拾趣等游览区域组合而成，带给游客丰富多元的游览体验。,118.117073,29.320121,公开地图代表点,374.0,,https://sjfw.mct.gov.cn/site/dataservice/base,文旅部地图市属字段；直辖市整体、分界洲/白沙湖按地理位置修订,https://loreroutes.com/data/china-5a-scenic-areas.json,Copernicus GLO-30；沿用海拔图鉴已核对的代表点,2026-10-05,,,,,,
161,泰安市泰山景区,山东,370000,泰安市,370900,2007年,2007,自然风光,作者按主导景观进行单标签分类；见官方简介,泰山景区位于山东省泰安市。2007年，确定为国家5A级景区。泰山景区包括幽区、旷区、奥区等六大风景区。其山山泉密布，河溪纵横，有玉符河、大沙河注入黄河，瀑布主要有黑龙潭瀑布、三潭迭瀑和云步桥瀑布。早在50万年前，旧石器时代的“新泰人”便在泰山脚下繁衍生息；夏商周三代泰山祭祀形成信仰顶峰的代表。自秦始皇以来，先后有12位帝王到泰山封禅祭祀，形成了帝王文化。魏晋南北朝时期，佛教、道教进驻到泰山。宋代，泰山书院与泰山学派出现，泰山成为“文化山”。,117.0805496191653,36.26398768078781,公开地图代表点,990.0,,https://sjfw.mct.gov.cn/site/dataservice/base,文旅部地图市属字段；直辖市整体、分界洲/白沙湖按地理位置修订,https://a.amap.com/Loca/static/mock/china5a.csv,Copernicus GLO-30；沿用海拔图鉴已核对的代表点,2026-10-05,115.0,115.0,基础门票；进山客运单程40元、索道另计,https://tsgw.taian.gov.cn/art/2025/4/7/art_77180_5653044.html,来源公布的常规标准；采集日不等于价格生效日，实时售价及有效期购票前复核,115元
162,烟台市蓬莱阁-三仙山-八仙过海旅游区,山东,370000,烟台市,370600,2007年,2007,历史人文,作者按主导景观进行单标签分类；见官方简介,烟台市蓬莱阁-三仙山-八仙过海旅游区位于山东省烟台市。2007年，确定为国家5A级景区。1982年，蓬莱阁作为“蓬莱水城及蓬莱阁”的组成部分被中华人民共和国国务院公布为第二批全国重点文物保护单位。因“八仙过海”传说和“海市蜃楼”奇观而闻名四海，“蓬莱十大景”中有八景位于蓬莱阁；由白云宫三清殿、吕祖殿、苏公祠、天后宫、龙王宫、蓬莱阁主体建筑、弥陀寺等几组不同的祠庙殿堂、楼阁、亭坊组成的建筑体，统称为蓬莱阁，总占地面积32800平方米，总建筑面积18960平方米。,120.7475778290205,37.82462570072316,公开地图代表点,23.0,,https://sjfw.mct.gov.cn/site/dataservice/base,文旅部地图市属字段；直辖市整体、分界洲/白沙湖按地理位置修订,https://a.amap.com/Loca/static/mock/china5a.csv,Copernicus GLO-30；沿用海拔图鉴已核对的代表点,2026-10-05,,,,,,
163,济宁市明故城三孔旅游区,山东,370000,济宁市,370800,2007年,2007,历史人文,作者按主导景观进行单标签分类；见官方简介,曲阜三孔旅游区位于山东省济宁市。2007年，确定为国家5A级景区，是全国重点文物保护单位、联合国教科文组织认定的“世界文化遗产”，与北京故宫、河北承德避暑山庄并称为中国三大古建筑群，亦位列中国四大文庙。“三孔”即孔庙、孔府、孔林。孔庙作为祭祀孔子的礼制庙宇，彰显儒家文化尊崇；孔府是孔子嫡系后裔的官署与私邸，体现古代官宅与家族文化的融合；孔林则是孔子及其后裔的家族墓地，延续两千余年。“三孔”是儒家思想传承的物化象征，也是研究中国古代历史、建筑、文化、艺术的重要实物宝库。,116.98427858664492,35.59259523321631,公开地图代表点,66.0,,https://sjfw.mct.gov.cn/site/dataservice/base,文旅部地图市属字段；直辖市整体、分界洲/白沙湖按地理位置修订,https://a.amap.com/Loca/static/mock/china5a.csv,Copernicus GLO-30；沿用海拔图鉴已核对的代表点,2026-10-05,,,,,,
164,青岛市崂山景区,山东,370000,青岛市,370200,2011年,2011,自然风光,作者按主导景观进行单标签分类；见官方简介,崂山景区位于山东省青岛市。2011年，确定为国家5A级景区。    崂山又名劳山、牢山，古称不其山、辅唐山，东濒黄海，景区南邻青岛市区，北接即墨区，西与城阳区相邻。景区总面积约为446平方千米，其自然景观形成历史悠久，人文景观的建设则可追溯至春秋战国时期，经过历朝历代的发展，尤以道教文化为盛。崂山作为道教名山之一，崂山拥有众多道观、庙宇及石刻等文化遗产，如太清宫、上清宫等，景区内既保留了自然的原始风貌，又融入了丰富的人文景观，为游客提供了丰富的游览体验。,120.63936064552826,36.18409475716864,公开地图代表点,786.0,,https://sjfw.mct.gov.cn/site/dataservice/base,文旅部地图市属字段；直辖市整体、分界洲/白沙湖按地理位置修订,https://a.amap.com/Loca/static/mock/china5a.csv,Copernicus GLO-30；沿用海拔图鉴已核对的代表点,2026-10-05,,,,,,
165,威海市刘公岛景区,山东,370000,威海市,371000,2011年,2011,历史人文,作者按主导景观进行单标签分类；见官方简介,刘公岛景区位于山东省威海市。2011年，确定为国家5A级景区。刘公岛地势北高南低，北部直立陡峭，南部平缓绵延，是扼守海防的战略要地。自然景观中，旗顶山、东泓、荷花湾、刘公泉等景点各具特色，听涛崖下惊涛拍岸，五花石、板礓石见证岁月变迁；人文景观以丰富的近代历史遗迹为主，北洋水师提督署、丁汝昌寓所、铁码头等文物遗址，承载着厚重的历史记忆。中国甲午战争博物院、甲午战争陈列馆，展示了甲午海战的悲壮历史；刘公岛博览园与刘公岛国家森林公园，将文化展示与生态观光有机融合。,122.18484961590748,37.503630858874565,公开地图代表点,60.0,,https://sjfw.mct.gov.cn/site/dataservice/base,文旅部地图市属字段；直辖市整体、分界洲/白沙湖按地理位置修订,https://a.amap.com/Loca/static/mock/china5a.csv,Copernicus GLO-30；沿用海拔图鉴已核对的代表点,2026-10-05,,,,,,
166,烟台市南山景区,山东,370000,烟台市,370600,2011年,2011,宗教文化,作者按主导景观进行单标签分类；见官方简介,烟台市南山景区位于山东省烟台市。2011年，确定为国家5A级景区。  景区分为宗教历史文化园、主题公园－欢乐峡谷和东海旅游度假区三大部分。南山禅寺、香水庵、南山道院、灵源观等均为晋、唐遗迹，世界最大的锡青铜坐佛南山大佛和国内最大的室内玉佛南山药师玉佛成为景区两大亮点。景区配套建设了五星级南山国际会议中心、五星级东海月亮湾海景酒店、三星级南山宾馆、综合养生疗养项目南山国际休闲疗养中心、国际标准279洞南山高尔夫球场，以及南山文化中心、南山大剧院、南山庄园葡萄酒堡等服务设施。,120.47464576567133,37.56019709760828,公开地图代表点,163.0,,https://sjfw.mct.gov.cn/site/dataservice/base,文旅部地图市属字段；直辖市整体、分界洲/白沙湖按地理位置修订,https://a.amap.com/Loca/static/mock/china5a.csv,Copernicus GLO-30；沿用海拔图鉴已核对的代表点,2026-10-05,,,,,,
167,枣庄市台儿庄古城景区,山东,370000,枣庄市,370400,2013年,2013,古城古镇,作者按主导景观进行单标签分类；见官方简介,台儿庄古城景区位于山东省枣庄市。2013年，确定为国家5A级景区。台儿庄古城拥有北方大院、徽派建筑、水乡建筑、闽南建筑、欧式建筑、宗教建筑、岭南建筑、鲁南民居等八种建筑风格。古城内有古河道、古码头、中华古水城、台儿庄大战纪念馆、海峡两岸交流基地，与波兰首都华沙同属世界上仅有的两座因第二次世界大战炮火毁坏而作为世界文化遗产重建的城市。有“中国最美水乡”之誉；被世界旅游组织称为“活着的古运河”、“京杭运河仅存的遗产村庄”。,117.72024315110548,34.556429420560875,公开地图代表点,28.0,,https://sjfw.mct.gov.cn/site/dataservice/base,文旅部地图市属字段；直辖市整体、分界洲/白沙湖按地理位置修订,https://a.amap.com/Loca/static/mock/china5a.csv,Copernicus GLO-30；沿用海拔图鉴已核对的代表点,2026-10-05,,,,,,
168,济南市天下第一泉景区,山东,370000,济南市,370100,2013年,2013,综合景观,作者按主导景观进行单标签分类；见官方简介,天下第一泉风景区位于山东省济南市。2013年，确定为国家5A级景区。趵突泉泉眼位于趵突泉公园内的泺源堂前。民国二十年（1931年）四周用石砌岸。几经变化，形成长方形泉池，长30米，宽18米，深2.2米。北临泺源堂，西傍观澜亭，东架来鹤桥，南有长廊围合。泉水从地下石灰岩溶洞中涌出，每天涌出7万立方米泉水，泉水有三个出水口，最大涌水量为16.2万立方米/天。趵突泉水一年四季恒定在18℃左右。趵突泉周边的名胜古迹有泺源堂、观澜亭、尚志堂、李清照纪念堂、李苦禅纪念馆等景点。,117.01011865172538,36.66091680420847,公开地图代表点,30.0,,https://sjfw.mct.gov.cn/site/dataservice/base,文旅部地图市属字段；直辖市整体、分界洲/白沙湖按地理位置修订,https://a.amap.com/Loca/static/mock/china5a.csv,Copernicus GLO-30；沿用海拔图鉴已核对的代表点,2026-10-05,,,,,,
169,沂蒙山旅游区,山东,370000,临沂市,371300,2013年,2013,自然风光,作者按主导景观进行单标签分类；见官方简介,沂蒙山旅游区位于山东省潍坊市和临沂市境内，2013年，确定为国家5A级景区。沂蒙山旅游区自然风光秀丽，生态资源优良，森林覆盖率高达95%以上，负氧离子含量高，是“天然氧吧”。沂蒙山素有“三十六峰七十二崮”之称，海拔千米以上高峰15座，层峦叠嶂，奇峰竞秀，最高峰龟蒙顶海拔1156米。沂山景区由东镇庙、百丈崖瀑布等景点组成，云蒙景区由蒙山之阴、蒙山叠翠、等景点组成，龟蒙景区由龟蒙顶、蒙山寿星巨雕、万寿宫等景点组成。,117.83429260307504,35.52673567142001,公开地图代表点,330.0,,https://sjfw.mct.gov.cn/site/dataservice/base,文旅部地图市属字段；直辖市整体、分界洲/白沙湖按地理位置修订,https://a.amap.com/Loca/static/mock/china5a.csv,Copernicus GLO-30；沿用海拔图鉴已核对的代表点,2026-10-05,,,,,,
170,潍坊市青州古城景区,山东,370000,潍坊市,370700,2017年,2017,古城古镇,作者按主导景观进行单标签分类；见官方简介,青州古城景区位于山东省潍坊市。2017年，确定为国家5A级景区。  景区涵盖青州古城、云门山、青州博物馆三个子景区。青州古城历史脉络清晰，城建格局完整，完整地保留原貌。汉、回、满等多个民族、2万多原住民完整延续着古青州地区的传统文脉。具有800年历史的昭德古街，2009年被列为全国首批十大历史文化名街。真教寺为全国仅存的三大元代真教寺之一，始建于宋代的万年桥，历经千年，保存完好。三贤祠、归来堂等记录着范仲淹、富弼、欧阳修、李清照等众多历史名人与青州古城的不解之缘。,118.47565908462984,36.67879765848492,公开地图代表点,108.0,,https://sjfw.mct.gov.cn/site/dataservice/base,文旅部地图市属字段；直辖市整体、分界洲/白沙湖按地理位置修订,https://a.amap.com/Loca/static/mock/china5a.csv,Copernicus GLO-30；沿用海拔图鉴已核对的代表点,2026-10-05,,,,,,
171,威海市威海华夏城景区,山东,370000,威海市,371000,2017年,2017,主题休闲,作者按主导景观进行单标签分类；见官方简介,威海华夏城景区位于山东省威海市，2017年，确定为国家5A级景区。华夏城是以展示东方古典文化为主的大型生态文化景区。全面展示尧舜禹时期历史文化的禹王宫，集中展示胶东民俗特色的夏园；有在矿坑里打造的地下工程——威海人民防空教育馆，矿坑上面覆土绿化，矿坑下面游客参观；有依照矿坑地势而建的中国跨度最大的华夏第一牌楼、世界独特的三面圣水观音以及杂技、马术等丰富多彩的传统演出。其中在矿坑里打造的会跑的实景演艺——《神游传奇》秀开创了自然景观与人文景观。,122.10880900211728,37.42307715787052,公开地图代表点,151.0,,https://sjfw.mct.gov.cn/site/dataservice/base,文旅部地图市属字段；直辖市整体、分界洲/白沙湖按地理位置修订,https://a.amap.com/Loca/static/mock/china5a.csv,Copernicus GLO-30；沿用海拔图鉴已核对的代表点,2026-10-05,,,,,,
172,东营市黄河口生态旅游区,山东,370000,东营市,370500,2019年,2019,自然风光,作者按主导景观进行单标签分类；见官方简介,黄河口生态旅游区位于山东省东营市。2019年，确定为国家5A级景区。黄河口生态旅游区里旅游资源丰富；中华民族的母亲河，黄河从这里入海，形成海河交汇的奇观；这里有各种野生动物1632多种，其中包括373种鸟类，有“鸟类国际机场”之称，珍稀鸟类有天鹅、丹顶鹤等50多种，还有国内罕见的天然柽柳林和万亩人工刺槐林，还是世界上增长最快的陆地，沧海桑田的演绎让人叹为观止；这里还有美丽的海滨景观；海滨滩涂平整、泥质细腻、生物丰富是赶海、观潮、赏月、观日出的理想境地。,118.83433,37.68672,公开地图代表点,3.0,,https://sjfw.mct.gov.cn/site/dataservice/base,文旅部地图市属字段；直辖市整体、分界洲/白沙湖按地理位置修订,https://loreroutes.com/data/china-5a-scenic-areas.json,Copernicus GLO-30；沿用海拔图鉴已核对的代表点,2026-10-05,,,,,,
173,临沂市萤火虫水洞•地下大峡谷旅游区,山东,370000,临沂市,371300,2020年,2020,自然风光,作者按主导景观进行单标签分类；见官方简介,萤火虫水洞•地下大峡谷旅游区位于山东省临沂市。2020年，确定为国家5A级景区。萤火虫洞有亚洲罕见的萤火虫奇观、形态各异的钟乳石、水量达35万立方的岩溶暗湖、江北特大的生态蝴蝶谷等独有景观，是集休闲观光、科普教育、科考探险等多功能于一体大型综合性生态旅游区。地下大峡谷地下暗河长达6100余米，利用暗河水势开发的漂流项目，及其巧妙地挖掘了溶洞的资源优势，是地下地质奇观溶洞旅游品牌升级的创举。乘坐其中可充分体验溶洞内的幽深莫测，起伏高下，惊险刺激。,118.447587,35.717499,公开地图代表点,261.0,,https://sjfw.mct.gov.cn/site/dataservice/base,文旅部地图市属字段；直辖市整体、分界洲/白沙湖按地理位置修订,https://loreroutes.com/data/china-5a-scenic-areas.json,Copernicus GLO-30；沿用海拔图鉴已核对的代表点,2026-10-05,,,,,,
174,济宁市微山湖旅游区,山东,370000,济宁市,370800,2022年,2022,自然风光,作者按主导景观进行单标签分类；见官方简介,微山湖旅游区位于山东省济宁市。2022年，确定为国家5A级景区。微山湖由微山、昭阳、南阳、独山湖连接而成，水域面积达1266平方公里，是我国北方最大的淡水湖。这里钟灵毓秀，物产丰饶，万亩荷花盛开时，形成“接天莲叶无穷碧”的壮美景观，被誉为“中国荷都”；纵横交错的水道与古朴村落，勾勒出“北方水乡”的灵韵风情。同时，微山湖还是铁道游击队的故乡，红色历史底蕴深厚。作为集自然生态、民俗文化、红色旅游于一体的天然公园，微山湖旅游区以独特的湖光山色与人文魅力，吸引着八方游客。,117.2,34.6,公开地图代表点,28.0,,https://sjfw.mct.gov.cn/site/dataservice/base,文旅部地图市属字段；直辖市整体、分界洲/白沙湖按地理位置修订,https://loreroutes.com/data/china-5a-scenic-areas.json,Copernicus GLO-30；沿用海拔图鉴已核对的代表点,2026-10-05,,,,,,
175,青岛市奥帆海洋文化旅游区,山东,370000,青岛市,370200,2024年,2024,主题休闲,作者按主导景观进行单标签分类；见官方简介,奥帆海洋文化旅游区位于山东省青岛市。2024年，确定为国家5A级景区。景区由青岛奥林匹克帆船中心与青岛海底世界两大片区组成。奥帆中心曾是2008年北京奥运会、残奥会帆船比赛场地，拥有国内唯一的帆船类奥运文化遗产，承载着丰富节会留下的文化资源，如今是融合文化、体育、会展、旅游的综合性景区。海底世界拥有上万件珍稀海洋生物标本、多种国家保护动物及数万尾珍稀海洋生物，主体展区含地下四层、十大展区。景区依托优质资源，推出多样主题产品，致力于打造国际海洋文化旅游目的地。,120.39048,36.060208,公开地图代表点,4.0,,https://sjfw.mct.gov.cn/site/dataservice/base,文旅部地图市属字段；直辖市整体、分界洲/白沙湖按地理位置修订,https://loreroutes.com/data/china-5a-scenic-areas.json,Copernicus GLO-30；沿用海拔图鉴已核对的代表点,2026-10-05,,,,,,
176,淄博市周村古商城景区,山东,370000,淄博市,370300,2024年,2024,古城古镇,作者按主导景观进行单标签分类；见官方简介,周村古商城景区位于山东省淄博市，2024年，确定为国家5A级景区。其历史最早可以追溯至明永乐八年（1410年）兴建的古商业街。周村古商城历经数百年风雨仍保留完好，素有“旱码头”“金周村”“丝绸之乡”“天下第一村”的美誉，被中国古建筑保护委员会的专家誉为“中国活着的古商业建筑博物馆群”。周村古商城内分布着千佛寺庙群、大清邮局、谦祥益、瑞蚨祥、民俗展览馆、丝绸文化体验馆、英美烟草公司展览馆、状元府、票证博物馆、票号展览馆等20多处具有较强的知识性和趣味性的景点。,117.835257,36.797894,公开地图代表点,56.0,,https://sjfw.mct.gov.cn/site/dataservice/base,文旅部地图市属字段；直辖市整体、分界洲/白沙湖按地理位置修订,https://loreroutes.com/data/china-5a-scenic-areas.json,Copernicus GLO-30；沿用海拔图鉴已核对的代表点,2026-10-05,,,,,,
177,郑州市嵩山少林景区,河南,410000,郑州市,410100,2007年,2007,宗教文化,作者按主导景观进行单标签分类；见官方简介,嵩山少林景区位于河南省郑州市登封市境内，为国家5A级旅游景区。    少林景区包括少林寺常住院、塔林以及三皇寨等主要旅游景点。少林寺常住院是少林寺的核心，为七进建筑，包括山门殿、天王殿、大雄宝殿、藏经阁等。寺内现保存有北齐至民国碑刻，明代五百罗汉大型彩色壁画，金至清代匾额、对联、金属文物百余件，清代少林寺拳谱、少林寺十三棍僧救秦王等彩色壁画、少林拳站桩坑和古树名木等，具有较高的历史、艺术、科学价值。少林寺不仅是中国佛教禅宗的祖庭，还是少林武术的发源地，有“天下第一名刹”、“天下功夫出少林“的美誉。,112.94941905566418,34.514601412035574,公开地图代表点,548.0,,https://sjfw.mct.gov.cn/site/dataservice/base,文旅部地图市属字段；直辖市整体、分界洲/白沙湖按地理位置修订,https://a.amap.com/Loca/static/mock/china5a.csv,Copernicus GLO-30；沿用海拔图鉴已核对的代表点,2026-10-05,,,,,,
178,洛阳市龙门石窟景区,河南,410000,洛阳市,410300,2007年,2007,历史人文,作者按主导景观进行单标签分类；见官方简介,龙门石窟位于河南省洛阳市，为世界文化遗产，国家5A级旅游景区，第一批全国重点文物保护单位。龙门石窟是中国石刻艺术宝库之一，与莫高窟、云冈石窟、麦积山石窟并称中国四大石窟。龙门石窟开凿于北魏孝文帝迁都洛阳之际，之后历经东魏、西魏、北齐、隋、唐、五代、宋等朝代，连续大规模营造达400余年之久，南北长达1公里，现存有编号窟龛2345个，造像近11万尊，碑刻题记2890块、佛塔近80座。其中“龙门二十品”是中国书法艺术史上魏碑体的精华，褚遂良所书的“伊阙佛龛之碑”则是初唐楷书艺术的典范。,112.4683250321919,34.56004703846076,公开地图代表点,215.0,,https://sjfw.mct.gov.cn/site/dataservice/base,文旅部地图市属字段；直辖市整体、分界洲/白沙湖按地理位置修订,https://a.amap.com/Loca/static/mock/china5a.csv,Copernicus GLO-30；沿用海拔图鉴已核对的代表点,2026-10-05,90.0,90.0,官方成人全价票,https://ftcn.lmsk.cn/,来源公布的常规标准；采集日不等于价格生效日，实时售价及有效期购票前复核,90元
179,焦作市云台山－神农山－青天河景区,河南,410000,焦作市,410800,2007年,2007,自然风光,作者按主导景观进行单标签分类；见官方简介,"云台山－神农山－青天河景区位于河南省焦作市，由云台山、神农山、青天河三个景区组成，为国家5A级旅游景区。云台山景区面积280平方公里,含红石峡、茱萸峰等主要景点，是一处以太行山岳丰富的水景为特色，以峡谷类地质地貌景观和悠久的历史文化为内涵，集科学价值和美学价值与一身的科普生态旅游精品景区。神农山面积102平方公里。传说,炎帝神农氏在这里辨五谷、尝百草、设坛祭天，故而得名神农山。青天河由天井关、大泉湖、三姑泉、观音峡、佛耳峡、靳家岭、月山寺七大游览区、308个景点组成。",113.00415960694426,35.34153513450171,公开地图代表点,746.0,,https://sjfw.mct.gov.cn/site/dataservice/base,文旅部地图市属字段；直辖市整体、分界洲/白沙湖按地理位置修订,https://a.amap.com/Loca/static/mock/china5a.csv,Copernicus GLO-30；沿用海拔图鉴已核对的代表点,2026-10-05,,,,,,
180,安阳市殷墟景区,河南,410000,安阳市,410500,2010年,2010,历史人文,作者按主导景观进行单标签分类；见官方简介,殷墟位于河南省安阳市，为世界文化遗产，为国家5A级旅游景区，首批全国重点文物保护单位，被评为20世纪中国“100项重大考古发现”之首。殷墟原称“北蒙”，是中国商朝后期都城遗址，盘庚十四年，商朝第十九位君主盘庚迁都于北蒙（今河南安阳），改“北蒙”名为“殷”。20世纪初，殷墟因发掘甲骨文而闻名于世，1928年殷墟正式开始考古发掘，出土了大量都城建筑遗址和以甲骨文、青铜器为代表的丰富的文化遗存，系统地展现了中国商代晚期辉煌灿烂的青铜文明，确立了殷商社会作为信史的科学地位。,114.31873716629048,36.12158882515961,公开地图代表点,80.0,,https://sjfw.mct.gov.cn/site/dataservice/base,文旅部地图市属字段；直辖市整体、分界洲/白沙湖按地理位置修订,https://a.amap.com/Loca/static/mock/china5a.csv,Copernicus GLO-30；沿用海拔图鉴已核对的代表点,2026-10-05,,,,,,
181,洛阳市白云山景区,河南,410000,洛阳市,410300,2011年,2011,自然风光,作者按主导景观进行单标签分类；见官方简介,"洛阳白云山景区位于河南省洛阳市嵩县，为国家5A级旅游景区。总面积168平方公里，动物204种，植物1991种，森林覆盖率98.5%以上，被专家学者誉为“自然博物馆”。海拔1500米以上的山峰37座,其中玉皇顶海拔2216米,为白云山第一峰,是看日出观云海的最佳处之一。白云山主要景区有：白云峰、玉皇顶、鸡角曼（小黄山）、九龙瀑布、原始森林五大观光区和白云湖、高山森林氧吧、高山牡丹园、留侯祠、芦花谷五大休闲区。",111.85873918537264,33.66702202407471,公开地图代表点,1518.0,,https://sjfw.mct.gov.cn/site/dataservice/base,文旅部地图市属字段；直辖市整体、分界洲/白沙湖按地理位置修订,https://a.amap.com/Loca/static/mock/china5a.csv,Copernicus GLO-30；沿用海拔图鉴已核对的代表点,2026-10-05,,,,,,
182,开封市清明上河园景区,河南,410000,开封市,410200,2010年,2010,主题休闲,作者按主导景观进行单标签分类；见官方简介,清明上河园位于河南省开封市龙亭湖西岸，为国家5A级旅游景区，中国非物质文化遗产展演基地。清明上河园占地600余亩，其中水面180亩，景观建筑面积30000多平方米。是以画家张择端的写实画作《清明上河图》为蓝本，按照《营造法式》为建设标准，以宋朝市井文化、民俗风情、皇家园林和古代娱乐为题材，以游客参与体验为特点的文化主题公园。集中再现原图风物景观的大型宋代民俗风情游乐园，再现了古都汴京千年繁华的胜景。,114.33520085672188,34.808986854455604,公开地图代表点,69.0,,https://sjfw.mct.gov.cn/site/dataservice/base,文旅部地图市属字段；直辖市整体、分界洲/白沙湖按地理位置修订,https://a.amap.com/Loca/static/mock/china5a.csv,Copernicus GLO-30；沿用海拔图鉴已核对的代表点,2026-10-05,,,,,,
183,平顶山市尧山－中原大佛景区,河南,410000,平顶山市,410400,2011年,2011,综合景观,作者按主导景观进行单标签分类；见官方简介,尧山·中原大佛景区位于河南省平顶山市，为国家5A级旅游景区。尧山主峰玉皇顶海拔2153.3米，是伏牛山东部的最高峰。尧山景区以其奇峰、怪石、飞瀑、溪流、古木、奇松、山花、红叶、云海、湖面、温泉以及丰富的人文景观和特产而闻名，被誉为“中原独秀”。中原大佛是“世界最高的佛教造像”，大佛高208米，佛手高19米，宽9米，厚5米。整体佛像铸造用铜3300吨，黄金108公斤，通过焊接13300块铜板而成。景区内的天瑞吉祥钟净重116吨，是载入《吉尼斯世界纪录大全》的“世界最大外击青铜铸钟”。,112.45803199023604,33.759197694099385,公开地图代表点,270.0,,https://sjfw.mct.gov.cn/site/dataservice/base,文旅部地图市属字段；直辖市整体、分界洲/白沙湖按地理位置修订,https://a.amap.com/Loca/static/mock/china5a.csv,Copernicus GLO-30；沿用海拔图鉴已核对的代表点,2026-10-05,,,,,,
184,洛阳市老君山－鸡冠洞旅游区,河南,410000,洛阳市,410300,2011年,2011,综合景观,作者按主导景观进行单标签分类；见官方简介,"老君山－鸡冠洞旅游区位于河南省洛阳市栾川县，为国家5A级旅游景区。老君山中国北方道教信众拜谒圣地,中原山水文化杰出代表。是秦岭余脉八百里伏牛山脉的主峰,海拔2297米。现存庙宇中顶峰老君庙规模最大,有“南有武当金顶,北有老君铁顶”之说。老君山景观区6处、有景点179个。鸡冠洞属天然石灰岩溶洞,喀斯特地貌。现已探明洞长5600米,上下分五层,落差138米。洞内峰回路转,景观布局疏密有致,石林耸秀、天然成趣,巧夺天工,具有极高的科研价值。洞中四季恒温18℃,被誉为“自然大空调”。  ",111.56219476103033,33.78924895762047,公开地图代表点,792.0,,https://sjfw.mct.gov.cn/site/dataservice/base,文旅部地图市属字段；直辖市整体、分界洲/白沙湖按地理位置修订,https://a.amap.com/Loca/static/mock/china5a.csv,Copernicus GLO-30；沿用海拔图鉴已核对的代表点,2026-10-05,,,,,,
185,洛阳市龙潭大峡谷景区,河南,410000,洛阳市,410300,2013年,2013,自然风光,作者按主导景观进行单标签分类；见官方简介,"龙潭大峡谷景区位于河南省洛阳市新安县,为国家5A级旅游景区，世界地质公园。龙潭大峡谷是王屋山——黛眉山世界地质公园的核心景区,是一条以典型的红岩嶂谷群地质地貌景观为主的峡谷景区。谷内关峡相望，潭瀑联珠，壁立万仞，峡秀谷幽，经过十二亿年的地质沉积和260万年的水流切割旋蚀所形成的高峡瓮谷、山崩地裂奇观，堪称世界一绝，人间少有。享有“古海洋天然博物馆”、“黄河山水画廊” 等美名。大峡谷深度达到300—500米，各段形态不同，有隘谷、嶂谷、峡谷、宽谷等类型。主要景点有黛眉山地质博物馆、五龙潭等。",111.99499589584424,34.962095851764595,公开地图代表点,484.0,,https://sjfw.mct.gov.cn/site/dataservice/base,文旅部地图市属字段；直辖市整体、分界洲/白沙湖按地理位置修订,https://a.amap.com/Loca/static/mock/china5a.csv,Copernicus GLO-30；沿用海拔图鉴已核对的代表点,2026-10-05,,,,,,
186,南阳市西峡恐龙遗迹园-伏牛山-老界岭旅游区,河南,410000,南阳市,411300,2014年,2014,综合景观,作者按主导景观进行单标签分类；见官方简介,伏牛山老界岭·恐龙遗迹园旅游区位于河南省南阳市西峡县，为国家5A级旅游景区。主要有老界岭和恐龙遗迹园两大景区组成，是一个融科普、科考、观光、休闲、体验等多种功能于一体的综合性旅游目的地。老界岭包括分水岭游览区、仙人峰游览区、情人谷游览区、避暑山庄度假区、温泉旅游度假村五部分，是中国南北气候的分界线，长江流域和黄河流域的分水岭，主峰犄角尖海拔2222.5米，为中原最高峰；恐龙遗迹园出土的恐龙蛋化石数量之大、种类之多、分布之广、保存之好，堪称“世界之最”。园区主要分为地质科普广场、恐龙蛋化石博物馆、恐龙馆、恐龙蛋遗址、仿真恐龙园几部分组成，将原始和现代紧密结合的大型恐龙主题公园。,111.68090821310618,33.23302730422727,公开地图代表点,245.0,,https://sjfw.mct.gov.cn/site/dataservice/base,文旅部地图市属字段；直辖市整体、分界洲/白沙湖按地理位置修订,https://a.amap.com/Loca/static/mock/china5a.csv,Copernicus GLO-30；沿用海拔图鉴已核对的代表点,2026-10-05,,,,,,
187,驻马店市嵖岈山旅游景区,河南,410000,驻马店市,411700,2015年,2015,自然风光,作者按主导景观进行单标签分类；见官方简介,嵖(chá)岈山景区位于河南省驻马店市遂平县，为国家5A级旅游景区，国家地质公园，国家森林公园。景区总面积148平方千米，主景区面积50平方千米，属于典型花岗岩地质地貌的自然山水景观，有“福地洞天、美景天成、天下奇观”之誉。嵖岈山系伏牛山东缘余脉，南山、北山、花果山、六峰山相连，秀蜜湖、琵琶湖、百花湖、天磨湖分布其中，有峰、洞、棚、石等各类景点300多处，著名景点60多处，具有“奇、险、奥、幽”四大特点。,113.72414757476882,33.131541708369845,公开地图代表点,319.0,,https://sjfw.mct.gov.cn/site/dataservice/base,文旅部地图市属字段；直辖市整体、分界洲/白沙湖按地理位置修订,https://a.amap.com/Loca/static/mock/china5a.csv,Copernicus GLO-30；沿用海拔图鉴已核对的代表点,2026-10-05,,,,,,
188,安阳市红旗渠－太行大峡谷旅游景区,河南,410000,安阳市,410500,2016年,2016,综合景观,作者按主导景观进行单标签分类；见官方简介,红旗渠·太行大峡谷旅游区位于河南省林州市，为国家5A级旅游景区，国家重点风景名胜区，全国爱国主义教育示范基地。 包括红旗渠和太行大峡谷两大主景区。红旗渠被称为人工天河、世界第八大奇迹、中国水长城，景区包括红旗渠青年洞、红旗渠分水苑、红旗渠纪念馆、络丝潭。太行大峡谷是我国最美的十大峡谷之一，被誉为北雄风光最胜处、八百里太行之魂，包括三九严寒桃花开的桃花谷、三伏酷暑水结冰的太极山、千古之谜猪叫石三大奇观以及太行之魂王相岩等八大景观。,113.74908227328882,36.36491465536324,公开地图代表点,392.0,,https://sjfw.mct.gov.cn/site/dataservice/base,文旅部地图市属字段；直辖市整体、分界洲/白沙湖按地理位置修订,https://a.amap.com/Loca/static/mock/china5a.csv,Copernicus GLO-30；沿用海拔图鉴已核对的代表点,2026-10-05,,,,,,
189,商丘市芒砀山汉文化旅游景区,河南,410000,商丘市,411400,2017年,2017,历史人文,作者按主导景观进行单标签分类；见官方简介,芒砀(dàng)山汉文化旅游景区位于河南省商丘市永城市，为国家5A级旅游景区，国家级汉文化传承服务标准化试点单位。景区有汉梁王墓群、刘邦斩蛇处、芒砀山地质公园等景点。西汉王陵内出土的国宝级文物四神云气图、金缕玉衣等中华瑰宝交相生辉。梁孝王陵，是西汉梁孝王刘武的陵墓，世界上规模最大的地下西汉王陵墓群，从公元前144年梁孝王刘武，首葬芒砀山的保安山后，前后历经8代9王约150年的时间，是中国西汉早期凿山为室的横穴大型石崖墓，系人工在坚硬的崖石中开凿而成，全长96米，墓口为U形，上部用梯形石板扣压，至今保存完好。,116.4824742289115,34.178132388888805,公开地图代表点,55.0,,https://sjfw.mct.gov.cn/site/dataservice/base,文旅部地图市属字段；直辖市整体、分界洲/白沙湖按地理位置修订,https://a.amap.com/Loca/static/mock/china5a.csv,Copernicus GLO-30；沿用海拔图鉴已核对的代表点,2026-10-05,,,,,,
190,新乡市八里沟景区,河南,410000,新乡市,410700,2019年,2019,自然风光,作者按主导景观进行单标签分类；见官方简介,八里沟景区位于河南省新乡市辉县境内，为国家5A级旅游景区，全国首批旅游标准化示范景区，国家地质公园。景区总面积109平方千米。年平均气温14℃，夏季山区夜间平均温度18℃，三伏盛夏，午前如春，午后如秋，夜如初冬，景区森林覆盖率达90%，有植物种类1700余种，每立方厘米空气中负氧离子超过5000个，是一处“天然氧吧”。八里沟景区涵盖八里沟、九莲山、天界山等3个生态文化游览区，是集山水观光、休闲度假、民俗体验、科普科考、运动养生为一体的复合型旅游景区。,113.541759,35.593076,公开地图代表点,622.0,,https://sjfw.mct.gov.cn/site/dataservice/base,文旅部地图市属字段；直辖市整体、分界洲/白沙湖按地理位置修订,https://loreroutes.com/data/china-5a-scenic-areas.json,Copernicus GLO-30；沿用海拔图鉴已核对的代表点,2026-10-05,,,,,,
191,信阳市鸡公山景区,河南,410000,信阳市,411500,2022年,2022,自然风光,作者按主导景观进行单标签分类；见官方简介,"鸡公山景区位于河南省信阳市浉河区,为国家5A级旅游景区，国家级自然保护区，中国四大避暑胜地之一。景区内森林茂密、生物资源丰富,有国家重点保护动植物大鲵、长尾雉、香果树等,是河南农林、师范、医药等高校教学和科研基地。鸡公山有“青分楚豫、气压嵩衡”之美誉,“佛光、云海、雾凇、雨凇、霞光、异国花草、奇峰怪石、瀑布流泉”被称为八大自然景观,山上有清末民初不同国别和风格的建筑群,有“万国建筑博物馆”之美称。",114.083333,31.799444,公开地图代表点,562.0,,https://sjfw.mct.gov.cn/site/dataservice/base,文旅部地图市属字段；直辖市整体、分界洲/白沙湖按地理位置修订,https://loreroutes.com/data/china-5a-scenic-areas.json,Copernicus GLO-30；沿用海拔图鉴已核对的代表点,2026-10-05,,,,,,
192,周口市太昊伏羲陵文化旅游区,河南,410000,周口市,411600,2024年,2024,历史人文,作者按主导景观进行单标签分类；见官方简介,太昊伏羲陵位于河南省周口市淮阳区，为国家5A级旅游景区，全国重点文物保护单位，中国十八大名陵之一。景区占地面积20万平方米，现存建筑始建于明朝正统元年（1436），分内城、外城、紫禁城三道皇城。该陵庙以伏羲所创先天八卦数理建造，有午朝门、道仪门、先天门、三才门与五行门、太极门、钟鼓楼、东西廊房、统天殿等，门殿重重，俨若帝王宫宇。如此规模宏大、布局合理、历史悠久、文化内涵丰富的陵庙建筑群，不仅在河南，在全国都甚罕见。是海内外华夏子孙寻根谒祖、祈福纳祥、旅游观光的圣地。,114.882289,33.753739,公开地图代表点,50.0,,https://sjfw.mct.gov.cn/site/dataservice/base,文旅部地图市属字段；直辖市整体、分界洲/白沙湖按地理位置修订,https://loreroutes.com/data/china-5a-scenic-areas.json,Copernicus GLO-30；沿用海拔图鉴已核对的代表点,2026-10-05,,,,,,
193,新乡市宝泉旅游区,河南,410000,新乡市,410700,2024年,2024,自然风光,作者按主导景观进行单标签分类；见官方简介,河南宝泉旅游区位于河南省新乡市辉县境内，国家5A级旅游景区，由大峡谷和崖天下两大园区组成，春赏花、夏戏水、秋观叶、冬玩雪，四季活动精彩纷呈，是理想的观光、游乐、戏水和度假胜地。宝泉大峡谷，以水冠太行，被誉为“太行水世界，中原瀑布群”。宝泉崖天下，以崖惊天下，既有荣登《中国国家地理》杂志封面的中国曲峡游龙湾，又有惊险刺激的悬崖蹦极、悬崖秋千、悬崖飞拉达等悬崖挑战项目，被誉为“太行山里的蓝眼泪”、“一生必去的悬崖旅行”。,113.476508,35.447237,公开地图代表点,137.0,,https://sjfw.mct.gov.cn/site/dataservice/base,文旅部地图市属字段；直辖市整体、分界洲/白沙湖按地理位置修订,https://loreroutes.com/data/china-5a-scenic-areas.json,Copernicus GLO-30；沿用海拔图鉴已核对的代表点,2026-10-05,,,,,,
194,武汉市黄鹤楼公园,湖北,420000,武汉市,420100,2007年,2007,历史人文,作者按主导景观进行单标签分类；见官方简介,黄鹤楼公园位于湖北省武汉市长江南岸的武昌蛇山之巅，国家AAAAA级旅游景区、中国历史文化名楼、国家级重点风景名胜区，是“江南三大名楼”之一，自古享有“天下江山第一楼”和“天下绝景”之称，与晴川阁、古琴台并称“武汉三大名胜”。黄鹤楼始建于三国时代吴黄武二年（公元223年），三国时期该楼只是夏口城一角瞭望守戍的“军事楼”，后演变成为官商行旅“游必于是”、“宴必于是”的观赏楼。唐代诗人崔颢在此题下《黄鹤楼》一诗，李白在此写下《黄鹤楼送孟浩然之广陵》，历代文人墨客在此留下了许多千古绝唱，使得黄鹤楼自古以来闻名遐迩。黄鹤楼旧址在1957年建武汉长江大桥武昌引桥时被占用；1981年重建黄鹤楼时，选址在距旧址约1000米的蛇山上，以清代“同治楼”为原型设计，内部由72根圆柱支撑，外部有60个翘角向外伸展，屋面用10多万块黄色琉璃瓦覆盖构建而成。,114.29936316314983,30.54660946276593,公开地图代表点,70.0,,https://sjfw.mct.gov.cn/site/dataservice/base,文旅部地图市属字段；直辖市整体、分界洲/白沙湖按地理位置修订,https://a.amap.com/Loca/static/mock/china5a.csv,Copernicus GLO-30；沿用海拔图鉴已核对的代表点,2026-10-05,70.0,70.0,日间成人票；夜游另计,https://fgw.wuhan.gov.cn/zfxxgk/zfxxgk_4/sysf/202604/P020260518549310243435.pdf,来源公布的常规标准；采集日不等于价格生效日，实时售价及有效期购票前复核,70元
195,三峡大坝—屈原故里文化旅游区,湖北,420000,宜昌市,420500,2007年,2007,综合景观,作者按主导景观进行单标签分类；见官方简介,三峡大坝位于三峡坝区，长江三峡西陵峡中段，距宜昌城区30千米，面积12.8平方千米，是全国首批国家AAAAA级旅游景区。景区以世界最大的水利枢纽工程——三峡工程为依托，全方位展示工程文化和水利文化，为游客提供游览、科教、休闲、娱乐等为一体的多功能服务，主要景点有坛子岭园区、三峡工程展览馆、185平台、截流纪念园、世界大坝微缩景观园等。2014年9月25日起，景区对大陆游客、港澳台同胞实行免门票政策，赢得社会广泛赞誉。屈原故里位于秭归县茅坪镇凤凰山，毗邻三峡大坝，直线距离600米，面积33.33公顷。景区作为三峡大坝的延展区被批准为国家AAAAA级旅游景区。景区以激扬屈原文化、追溯峡江楚韵、拥览天筑情怀为主题，把秭归丰富的历史文化、民俗文化与屈原文化资源结合起来，培育和发展具有巴风楚韵的文艺、戏曲、表演和饮食，拓展和发掘具有浓郁地方特色的祭祀、娱乐活动和旅游服务项目；同时注重开发具有三峡地方特色的历史文物、民居文化、茶文化等文化内涵丰富的旅游产品。主要景点有以屈原祠为主的屈原纪念区，以新滩古民居、峡江石刻、峡江古桥等为重点的三峡古民居区，以及屈原文化艺术中心、滨水景观带等。屈原故里文化旅游区是教育部命名的全国中小学生研学实践基地，中央台办、国务院台办命名的海峡两岸交流基地，世界华人华侨文化交流基地，湖北省爱国主义教育基地，廉政教育基地。,111.009719,30.828331,公开地图代表点,93.0,,https://sjfw.mct.gov.cn/site/dataservice/base,文旅部地图市属字段；直辖市整体、分界洲/白沙湖按地理位置修订,https://loreroutes.com/data/china-5a-scenic-areas.json,Copernicus GLO-30；沿用海拔图鉴已核对的代表点,2026-10-05,,,,,,
196,三峡人家风景区,湖北,420000,宜昌市,420500,2011年,2011,综合景观,作者按主导景观进行单标签分类；见官方简介,三峡人家风景区地处夷陵区三斗坪镇石牌村，位于三峡大坝和葛洲坝中间，西陵峡南岸，景区面积5.8平方公里，是国内首创的原生态、场景式、体验型的大型民俗旅游区，2011年被评为国家AAAAA级旅游景区。三峡人家以其“一肩挑两坝，一江携两溪”的地理优势，以及原汁原味的西陵百里画廊，融合地质文化、巴楚文化、土家文化、峡江文化、抗战军事文化，一网打尽三峡的自然元素与文化旧梦。景区利用丰富的石、瀑、洞、泉、溪等资源，深挖历史文化内涵，打造了龙津溪、巴王寨、灯影石、石令牌、明月湾、茶盐古道等数十个旅游景点，整个景区由洪荒时代、巴人部落、龙溪神韵、峡江风情、峥嵘岁月五个大幕组成，完美融合长江三峡自然风光与历史文化元素，成为了文旅融合的发展样板和长江三峡旅游的一张名片。先后获评为全国文明单位、中国最具国际影响力的旅游目的地、中国5A级旅游景区100强、全国旅游服务质量标杆培育试点单位、最美中国旅游景区、湖北省最佳口碑风景区、湖北省优质服务景区等殊荣。,111.15832950019173,30.79767360526256,公开地图代表点,62.0,,https://sjfw.mct.gov.cn/site/dataservice/base,文旅部地图市属字段；直辖市整体、分界洲/白沙湖按地理位置修订,https://a.amap.com/Loca/static/mock/china5a.csv,Copernicus GLO-30；沿用海拔图鉴已核对的代表点,2026-10-05,150.0,150.0,基础参观；车船另计,https://www.hbdaye.gov.cn/zfxxgk/dfbmptlj/szbm/dysfzhggjjgsz/zc_16434/qtzdgkwj_19887/202312/P020231206355300962762.pdf,来源公布的常规标准；采集日不等于价格生效日，实时售价及有效期购票前复核,150元
197,十堰武当山风景区,湖北,420000,十堰市,420300,2011年,2011,宗教文化,作者按主导景观进行单标签分类；见官方简介,武当山风景区武当山又名太和山，坐落在湖北省十堰市丹江口市境内。是中国著名的道教圣地、首批国家级重点风景名胜区、世界文化遗产、国家AAAAA级旅游景区。武当山北麓是中国南水北调中线工程核心水源区、亚洲第一大人工淡水湖丹江口水库。其自然风光，以雄为主，兼有险、奇、幽、秀等多重特色。自元代以来，就有72峰、36岩、24涧、11洞、3潭、9泉、10石、9井、10池、9台等。主峰天柱峰海拔1612米，犹如金铸玉琢的宝柱雄峙苍穹，屹立于群峰之巅。环绕其周围的群山，从四面八方向主峰倾斜，形成独特的“七十二峰朝大顶，二十四涧水长流”的天然奇观。被誉为“亘古无双胜境，天下第一仙山”。金顶位于天柱峰前小莲峰上。元代大德十一年（1307年）铸，高3米，阔2.8米，深2.4米，悬山式屋顶，全部构件为分件铸造，卯榫拼装，各铸件均有文字标明安装部位，格扇裙板上铸有“此殿于元大德十一年铸于武昌梅亭万氏作坊”，是中国现存最早的铜铸木结构建筑。南岩为道教所称真武得道飞升之“圣境”，是武当山36岩中风光最美的一处。南岩宫始建于元至元二十二年至元至大三年（1285—1310年），明永乐十年（1412年）扩建。位于独阳岩下，山势飞翥，状如垂天之翼，以峰峦秀美而著名。现存建筑21栋，建筑面积3505平方米，占地9万平方米。有议案天乙真庆宫石殿、两仪殿、皇经堂、八封亭、龙虎殿、大碑亭和南天门建筑物。主体建筑天乙真庆宫石殿，建于元至大三年（1310年）以前，面阔11米，进深6.6米，通高6.8米，梁、柱、门、窗等均以青石雕凿而成。顶部前坡为单檐歇山式，后坡依岩，作成悬山式，檐下斗栱均作两跳，为辽金建筑斗栱的做法。龙头香，长3米，宽仅0.33米，横空挑出，下临深谷，龙头上置一小香炉，状极峻险，具有较高的艺术性和科学性。紫霄宫又名“太元紫霄宫”，坐落在武当山的主峰——天柱峰东北的展旗峰下，占地面积约27.4万平方米。面对照壁、三台、五老、蜡烛、落帽、香炉诸峰，右为雷神洞，左为禹迹池、宝珠峰。周围山峦天然形成一把二龙戏珠的宝椅，明永乐皇帝封之为“紫霄福地”。,111.06977899628124,32.48159183684151,公开地图代表点,498.0,,https://sjfw.mct.gov.cn/site/dataservice/base,文旅部地图市属字段；直辖市整体、分界洲/白沙湖按地理位置修订,https://a.amap.com/Loca/static/mock/china5a.csv,Copernicus GLO-30；沿用海拔图鉴已核对的代表点,2026-10-05,126.0,126.0,基础参观；车船另计,https://www.hbdaye.gov.cn/zfxxgk/dfbmptlj/szbm/dysfzhggjjgsz/zc_16434/qtzdgkwj_19887/202312/P020231206355300962762.pdf,来源公布的常规标准；采集日不等于价格生效日，实时售价及有效期购票前复核,126元
198,神农溪纤夫文化旅游区,湖北,420000,恩施土家族苗族自治州,422800,2011年,2011,综合景观,作者按主导景观进行单标签分类；见官方简介,神农溪纤夫文化旅游区位于湖北省恩施土家族苗族自治州巴东县境内，是国家AAAAA级旅游景区、国家风景名胜区，位于长江三峡西陵峡与巫峡之间，是巴东县境内长江北岸的一条常流性溪流，因发源于神农架南坡而得名。全长60千米，两岸群山耸立，逶迤绵延，层峦叠嶂，以雄、秀、险、奇不同风格形成龙昌、鹦鹉、绵竹、神农四个各具特色的自然峡谷，山水交融，奇山飞瀑，石笋溶洞，令人惊叹大自然的神奇造化；景区传承了原始古老的小木船拉纤漂流体验项目，高亢激昂的纤夫号子，令人怦然心动，一曲《纤夫的爱》曾火遍大江南北，让人百听不厌，土家儿女浓烈质朴的性格跃然心间。,110.3269279141652,31.04163283969383,公开地图代表点,203.0,,https://sjfw.mct.gov.cn/site/dataservice/base,文旅部地图市属字段；直辖市整体、分界洲/白沙湖按地理位置修订,https://a.amap.com/Loca/static/mock/china5a.csv,Copernicus GLO-30；沿用海拔图鉴已核对的代表点,2026-10-05,90.0,90.0,基础门票90元，漂流和木船项目、船票分别计价,https://www.hbdaye.gov.cn/zfxxgk/dfbmptlj/szbm/dysfzhggjjgsz/zc_16434/qtzdgkwj_19887/202312/P020231206355300962762.pdf,来源公布的常规标准；采集日不等于价格生效日，实时售价及有效期购票前复核,90元
199,神农架生态旅游区,湖北,420000,神农架林区,429021,2012年,2012,自然风光,作者按主导景观进行单标签分类；见官方简介,神农架生态旅游区位于湖北省神农架林区境内，包含神农顶、官门山两个片区，是国家AAAAA级旅游景区、世界自然遗产、世界地质公园。神农顶海拔3106.2米，是神农架生态旅游区的典型代表，地处湖北神农架国家级自然保护区试验区，这里群峰巍峨、树木参天、层林叠翠，原始洪荒，气势磅礴，一步一景。景区面积约360平方千米，拥有酒壶坪游客集散中心、小龙潭、金猴岭、神农源、神农营、神农谷、大脚印、瞭望塔、天际岭、迷人埫、板壁岩、太子垭、三省台、大界岭13处精品景点，景区内设有小龙潭、神农营、板壁岩、大界岭4个游客服务区。官门山海拔1200米，是以探索与发现为主题的科考、科研、科普体验区。8千米的长峡，河水奔流不息，暗河纵横交错，集中分布了亚热带到寒温带的植物2500余种，建设了16个专业园区组成的亚洲一流珍稀植物保护园，活动着3亿年前与恐龙同时代的活化石大鲵和众多的野生动物。从这里可目睹达尔文生物进化论的生物历史场景；沐浴密林中的沿河栈道，游客的脚步还可以从全新世上溯到十几亿年前的前寒武纪，见证地球演替的奇迹。景区还有集地质、生物、科考、民俗、会展于一体的自然展览馆。,110.497198,31.58339,公开地图代表点,1903.0,,https://sjfw.mct.gov.cn/site/dataservice/base,文旅部地图市属字段；直辖市整体、分界洲/白沙湖按地理位置修订,https://loreroutes.com/data/china-5a-scenic-areas.json,Copernicus GLO-30；沿用海拔图鉴已核对的代表点,2026-10-05,,,,,,
200,长阳清江画廊景区,湖北,420000,宜昌市,420500,2013年,2013,自然风光,作者按主导景观进行单标签分类；见官方简介,于长阳土家族自治县龙舟坪镇晒鼓坪村，距宜昌城区30千米，面积120平方千米，是国家5A级旅游景区。景区东起清江隔河岩大坝倒影峡，西至清江水布垭大坝盐池温泉，涵盖沿线所有旅游资源，高峡平湖东西纵深长达一百千米，主要景点有巴人发祥地武落钟离山、倒影峡、仙人寨等，主要旅游产品包括：“巴人故里、土家摇篮”圣景游、“诗画山水、仙山秘境”影画游、“红色沃土、魅力麻池”红色教育基地，以及清江流域首部室内土家民俗歌舞秀《花咚咚的姐》。景区先后荣获国家森林公园、国家地质公园、国家水利风景区、全国智慧旅游景区、全国通用航空旅游示范单位等称号。,111.13304525092023,30.46994319168555,公开地图代表点,201.0,,https://sjfw.mct.gov.cn/site/dataservice/base,文旅部地图市属字段；直辖市整体、分界洲/白沙湖按地理位置修订,https://a.amap.com/Loca/static/mock/china5a.csv,Copernicus GLO-30；沿用海拔图鉴已核对的代表点,2026-10-05,90.0,90.0,A线门票90元，船票55元另计,https://www.hbdaye.gov.cn/zfxxgk/dfbmptlj/szbm/dysfzhggjjgsz/zc_16434/qtzdgkwj_19887/202312/P020231206355300962762.pdf,来源公布的常规标准；采集日不等于价格生效日，实时售价及有效期购票前复核,90元
201,武汉东湖景区,湖北,420000,武汉市,420100,2013年,2013,自然风光,作者按主导景观进行单标签分类；见官方简介,武汉东湖景区位于湖北省武汉市武昌，是国家AAAAA级旅游景区，以大型自然湖泊为核心，湖光山色为特色，旅游观光、休闲度假、科普教育为主要功能的旅游景区。景区自然旅游资源十分丰富。一是山水风光秀美。东湖山峰绵延起伏、水面广阔、湖岸线曲折幽深，森林绿地茂密，国家湿地公园野趣生态，形成大气磅礴的湖泊山水环抱格局，是国内特大城市中最具郊野环境特征的自然生态系统。二是动植物资源丰富。东湖风景区绿化覆盖率高达82%，有各类树种396种300余万株，珍稀鸟类200余种，拥有荷花、梅花、樱花、牡丹等十三个规模化的特色花卉观赏园，在特大城市中十分稀有和奇特。景区历史人文底蕴积淀深厚。东湖自古以来就是游览胜地。屈原在东湖“泽畔行吟”；楚庄王在东湖击鼓督战（清河桥古桥遗址）；三国时期，刘备在东湖磨山设坛祭天，登临郊天台祭灵；南宋诗人袁说友用“只说西湖在帝都，武昌新又说东湖”（《游武昌东湖》）赞美东湖；李白在东湖湖畔放鹰、题诗；毛泽东建国后先后视察东湖44次，在东湖接待了64个国家的94批外国政要，其中包括9批国家元首、外国政要或兄弟党总书记，9批由副总理、副议长或部长率领的政府或议会代表团以及许多国际知名人士；朱德在东湖写下“东湖暂让西湖好，今后将比西湖强”的诗句。景区内的特色园林建筑主要有行吟阁、听涛轩、沧浪亭、先月亭、湖光阁等；以老庄哲学寓言故事为题材的南国哲思园寓言雕塑群等。东湖是全国最大的楚文化游览中心，建有楚城、楚市、凤标、楚天台、祝融观星、离骚碑、楚辞轩、楚才园、屈原纪念馆等楚文化景点，并常年开展楚编钟乐舞表演，完整展示了博大精深的楚文化。其中，行吟阁名播遐迩，离骚碑誉为“三绝”，楚天台气势磅礴，楚才园名人荟萃，具有很高的知名度。湖北省博物馆馆藏文物十分丰富，有各类文物20万余件（套），其中一级文物近千余件（套），对荆楚文化的展示、研究具有非常重要的意义。此外，风景区内的新石器文化、三国文化、唐宋文化、近代革命文化资源众多，具有很高的科学价值。,114.383333,30.566667,公开地图代表点,20.0,,https://sjfw.mct.gov.cn/site/dataservice/base,文旅部地图市属字段；直辖市整体、分界洲/白沙湖按地理位置修订,https://loreroutes.com/data/china-5a-scenic-areas.json,Copernicus GLO-30；沿用海拔图鉴已核对的代表点,2026-10-05,0.0,0.0,磨山、听涛公共景区免费；落雁等项目另收费,https://www.hbdaye.gov.cn/zfxxgk/dfbmptlj/szbm/dysfzhggjjgsz/zc_16434/qtzdgkwj_19887/202312/P020231206355300962762.pdf,来源公布的常规标准；采集日不等于价格生效日，实时售价及有效期购票前复核,免费
202,黄陂木兰文化生态旅游区,湖北,420000,武汉市,420100,2014年,2014,综合景观,作者按主导景观进行单标签分类；见官方简介,黄陂木兰文化生态旅游区位于湖北省武汉市黄陂区，由木兰山、木兰天池、木兰草原和木兰云雾山等四大片区构成，是国家AAAAA级旅游景区，自然资源优良，文化内涵丰富，从不同的方面鲜活地展示了木兰代父从军前后的生活，演绎了木兰生前身后的故事，是全国唯一全面、完美展示木兰文化的旅游胜地，也是华中地区最大的城市生态旅游景区群。木兰山是木兰文化之源、国家地质公园，山上奇峰突兀，山径崎岖，有亿万年前地质奇观，更有木兰将军的史迹与传说，无愧为西陵盛景、江汉灵山。木兰天池是木兰外婆家，也是国家森林公园。园内山峙林密，深谷纵横，十步一景，百步一绝，小桥流水人家，让目之所及，生机盎然，流连忘返。木兰草原是木兰骑马练武之地，也是华中唯一的天然草场。园内芳草遍地，一望无际，风吹草低见牛羊。蓝天白云下，处处显示着浓郁的草原风情。木兰云雾山是木兰将军归隐之地，也是武汉城市郊野公园。这里“八里柳溪、十里花谷、千年古寨、万亩杜鹃”，享有“西陵胜境、楚国名景”的美誉。,114.3733454861489,31.103369991368933,公开地图代表点,71.0,,https://sjfw.mct.gov.cn/site/dataservice/base,文旅部地图市属字段；直辖市整体、分界洲/白沙湖按地理位置修订,https://a.amap.com/Loca/static/mock/china5a.csv,Copernicus GLO-30；沿用海拔图鉴已核对的代表点,2026-10-05,,,,,,
203,恩施大峡谷景区,湖北,420000,恩施土家族苗族自治州,422800,2015年,2015,自然风光,作者按主导景观进行单标签分类；见官方简介,恩施大峡谷景区位于鄂西南恩施市境内，为国家5A级旅游景区、世界地质公园。景区峡谷全长108千米，总面积达300余平方千米，目前对游客开放约35.2平方千米。恩施大峡谷是世界上唯一的“地缝—天坑—岩柱群”同时并存的复合型喀斯特地貌，拥有清江升白云、绝壁环峰丛、天桥连洞群、暗河接飞瀑、天坑配地缝五大地质奇观，被誉为“世界地质奇观，东方科罗拉多”。湖北文旅集团投资建成了七星寨景区、云龙地缝景区、《龙船调》山水实景剧场、游客服务枢纽四大板块，有力提升了景区核心竞争力。,109.17990018510528,30.475741047000096,公开地图代表点,1908.0,,https://sjfw.mct.gov.cn/site/dataservice/base,文旅部地图市属字段；直辖市整体、分界洲/白沙湖按地理位置修订,https://a.amap.com/Loca/static/mock/china5a.csv,Copernicus GLO-30；沿用海拔图鉴已核对的代表点,2026-10-05,,,,,,
204,咸宁市三国赤壁古战场景区,湖北,420000,咸宁市,421200,2018年,2018,历史人文,作者按主导景观进行单标签分类；见官方简介,三国赤壁古战场景区位于长江中游南岸，是国家AAAAA级旅游景区、国家重点文物保护单位。是中国古代“以少胜多、以弱胜强”的七大战役中唯一尚存原貌的古战场遗址，这里承载了世人对三国历史的经典记忆。整个景区将古战场遗址和仿汉代建筑群融为一体，高端大气，浑然天成。景区有赤壁山、摩崖石刻群、南屏山、金銮山、拜风台、凤雏菴、翼江亭等十七处人文景观。配备有会议中心“集贤殿”、赤壁驿馆、研学营地、御膳坊、拓展基地、大型生态停车场、多功能游客服务中心等。景区围绕文化和旅游的融合，提升游客体验度，常年举办大型节庆活动。同时增加常态化演艺，增设体验式项目，如桃园结义摔碗酒、古炮攻城、草船借箭、小乔煮茶等，提高游客消费的愉悦感。加大文化挖掘的深度，开发“汉代婚礼”，承办《王者荣耀》城市精英全国总决赛，协助做好央视海外频道连线中国、央视直播《全民悦读》及《地理志·赤壁篇》《一路书香》《大河长江行》等知名文化栏目的拍摄等工作。,113.624753,29.881888,公开地图代表点,27.0,,https://sjfw.mct.gov.cn/site/dataservice/base,文旅部地图市属字段；直辖市整体、分界洲/白沙湖按地理位置修订,https://loreroutes.com/data/china-5a-scenic-areas.json,Copernicus GLO-30；沿用海拔图鉴已核对的代表点,2026-10-05,135.0,135.0,基础参观；车船另计,https://fgw.xianning.gov.cn/zwdt/tzgg/202604/t20260430_4547741.shtml,来源公布的常规标准；采集日不等于价格生效日，实时售价及有效期购票前复核,135元
205,襄阳市古隆中景区,湖北,420000,襄阳市,420600,2019年,2019,历史人文,作者按主导景观进行单标签分类；见官方简介,古隆中景区位于湖北省襄阳市西郊，是国家AAAAA级旅游景区、国家重点风景名胜区、国家重点文物保护单位。隆中是三国时期杰出的政治家、军事家、思想家诸葛亮青年时代躬耕隐居地，是历史上著名的刘备“三顾茅庐”和兴汉蓝图“隆中对”的史实发生地，是三国文化的发源地和三分天下的策源地。隆中“山不高而秀雅，水不深而澄清，地不广而平坦，林不大而茂盛；猿鹤相亲，松篁交翠”，古木参天，曲径通幽，一派田园淡泊风光。隆中保留了诸葛亮学习、交友、生活的许多遗迹，其纪念性景点和文物风景旅游区已有1700多年的历史，明代就已形成“隆中十景”：草庐亭、躬耕田、三顾堂、小虹桥、六角井、武侯祠、半月溪、老龙洞、梁父岩、抱膝亭。新中国成立后，又先后修建了隆中书院、诸葛草庐、吟啸山庄、铜鼓台、观星台、棋盘石、琴台等众多景点，近年又新建了隆中滑道、八卦阵、植物园、草庐剧场等旅游设施。自唐代以来荆楚大地就有“阳春三月三、隆中看牡丹”的习俗。2019年被评为国家5A级旅游景区。,112.027003,31.994077,公开地图代表点,127.0,,https://sjfw.mct.gov.cn/site/dataservice/base,文旅部地图市属字段；直辖市整体、分界洲/白沙湖按地理位置修订,https://loreroutes.com/data/china-5a-scenic-areas.json,Copernicus GLO-30；沿用海拔图鉴已核对的代表点,2026-10-05,67.0,45.0,基础参观；车船另计,https://www.hbdaye.gov.cn/zfxxgk/dfbmptlj/szbm/dysfzhggjjgsz/zc_16434/qtzdgkwj_19887/202312/P020231206355300962762.pdf,来源公布的常规标准；采集日不等于价格生效日，实时售价及有效期购票前复核,67元
206,恩施州利川腾龙洞景区,湖北,420000,恩施土家族苗族自治州,422800,2020年,2020,自然风光,作者按主导景观进行单标签分类；见官方简介,腾龙洞景区位于清江上游利川市北郊，距城区仅6千米，是国家AAAAA级旅游景区。景区总面积69平方千米，由水洞、旱洞、鲢鱼洞、凉风洞、独家寨、三个龙门、化仙坑组成。腾龙洞洞穴总长度59.8千米，总面积200余万平方米，水洞伏流16.8千米，是世界最大的伏流之一。旱洞洞口高72米，宽64米，可容20多辆卡车并排驶入，可容直升飞机自由出入。洞中有5座山峰、10个大厅、地下瀑布10余处，支洞繁多，神秘莫测。旱洞前四千米的容积量约1575万立方米，在目前发现并有数据公布的洞穴中，是单位面积或者单位总长度内世界上最大的洞穴通道。景区内建有世界最大的原生态洞穴剧场，演出大型原创土家族情景歌舞《夷水丽川》。洞内还有全国唯一的洞内综合激光表演秀《腾龙飞天》，通过高科技手段的全新融入，为游客呈现出一幅幅美轮美奂震撼难忘的画面，开创了自然景区与高科技相结合的先河。,108.982778,30.336389,公开地图代表点,1189.0,,https://sjfw.mct.gov.cn/site/dataservice/base,文旅部地图市属字段；直辖市整体、分界洲/白沙湖按地理位置修订,https://loreroutes.com/data/china-5a-scenic-areas.json,Copernicus GLO-30；沿用海拔图鉴已核对的代表点,2026-10-05,150.0,150.0,基础参观；车船另计,https://www.hbdaye.gov.cn/zfxxgk/dfbmptlj/szbm/dysfzhggjjgsz/zc_16434/qtzdgkwj_19887/202312/P020231206355300962762.pdf,来源公布的常规标准；采集日不等于价格生效日，实时售价及有效期购票前复核,150元
207,宜昌市三峡大瀑布旅游区,湖北,420000,宜昌市,420500,2022年,2022,自然风光,作者按主导景观进行单标签分类；见官方简介,湖北省宜昌市夷陵区黄花镇，紧临G42国道、S312省道和三峡翻坝江北高速公路，距离中心城区29千米，系长江三峡国家地质公园范围，总面积24平方千米，是国家AAAAA级旅游景区。景区集瀑布文化、非遗文化，融金钉子、寒武石林、山、瀑、湖、地下河、溶洞、悬棺等多种景观于一体，是中国十大名瀑、亚洲旅游红珊瑚“最受欢迎景区”。 三峡大瀑布主瀑高102米、宽80米，水幕从天而降，一条条白练争先恐后，层层跌落，如万马奔腾，蔚为壮观。当丽日当空，但见一道道彩虹穿过水雾，随着阳光斜照缓缓上浮，若隐若现。80米宽的瀑布，形成了一条惊心刺激的廊道，当裹好雨衣，涉足其间，飞流直下，轰然有声，精彩刺激。,111.318619,30.948192,公开地图代表点,441.0,,https://sjfw.mct.gov.cn/site/dataservice/base,文旅部地图市属字段；直辖市整体、分界洲/白沙湖按地理位置修订,https://loreroutes.com/data/china-5a-scenic-areas.json,Copernicus GLO-30；沿用海拔图鉴已核对的代表点,2026-10-05,115.0,115.0,基础参观；车船另计,https://www.hbdaye.gov.cn/zfxxgk/dfbmptlj/szbm/dysfzhggjjgsz/zc_16434/qtzdgkwj_19887/202312/P020231206355300962762.pdf,来源公布的常规标准；采集日不等于价格生效日，实时售价及有效期购票前复核,115元
208,钟祥市明显陵文化旅游景区,湖北,420000,荆门市,420800,2024年,2024,历史人文,作者按主导景观进行单标签分类；见官方简介,明显陵文化旅游景区位于湖北省荆门市钟祥市城东北郊，总面积3.18平方千米。2000年11月30日，明显陵被联合国教科文组织批准列入《世界遗产名录》。2024年2月6日，明显陵文化旅游景区被评为国家AAAAA级旅游景区，由明显陵、莫愁村、莫愁湖和明文化展示馆等景点组成，是集水域风光、园林景观、人文历史、古建筑为一体的半开放式景区。明显陵是明世宗嘉靖皇帝父母的陵寝，是明代帝陵中保存最为完好的单体陵寝之一。国家湿地公园莫愁湖因楚国歌舞艺术家莫愁女出生成长于此而得名。明文化展示馆由“日”字形主馆与“月”字形附馆组成，吸收中国汉字印章的骨架，从空中俯瞰，组成“明”字结构，是寻根明文化的综合性博物馆。莫愁村集民俗风情体验、长寿文化探秘、乡村田园休闲为一体，是独具楚文化风情的文化旅游综合体。,112.62976,31.205675,公开地图代表点,57.0,,https://sjfw.mct.gov.cn/site/dataservice/base,文旅部地图市属字段；直辖市整体、分界洲/白沙湖按地理位置修订,https://loreroutes.com/data/china-5a-scenic-areas.json,Copernicus GLO-30；沿用海拔图鉴已核对的代表点,2026-10-05,,,,,,
209,麻城市龟峰山景区,湖北,420000,黄冈市,421100,2024年,2024,自然风光,作者按主导景观进行单标签分类；见官方简介,麻城龟峰山景区位于湖北省黄冈市大别山中段南麓麻城境内，是国家AAAAA级旅游景区。景区由神奇的龟峰、雄伟的龟背和形象逼真的龟尾等九座山峰组成，最高峰薄刀峰海拔1320米，是大别山主峰之一。景区标志性的奇特景观—神奇的龟峰，神形酷似一只翘首问天的万年巨龟，龟背岭上生长着连片面积达十万多亩，生长周期上百万年的千年野生的古杜鹃，每到“五一”前后盛开的杜鹃花将整个景区笼罩在花的海洋之中，满山遍野的红杜鹃繁华似锦如霞，暗香浮动，摄人心魂，被誉为“华中杜鹃第一山”。景区以奇、险、峻、秀的自然景观和四季分明的春、夏、秋、冬景色吸引八方游客，有神奇龟峰、万亩杜鹃花海、杜鹃花王、千年古寺—能仁禅寺、抗日石刻、春秋古战场—雁门寨、杜鹃博览园等三十多处景点。近年来，新建了龟谷营地、刀锋龟拉达、光速龟索等体验项目，龟峰峡、大别山精神红色文化展览馆等新景点，是四季皆宜的人气旅游景区。,115.225551,31.107193,公开地图代表点,474.0,,https://sjfw.mct.gov.cn/site/dataservice/base,文旅部地图市属字段；直辖市整体、分界洲/白沙湖按地理位置修订,https://loreroutes.com/data/china-5a-scenic-areas.json,Copernicus GLO-30；沿用海拔图鉴已核对的代表点,2026-10-05,,,,,,
210,张家界市武陵源－天门山旅游区,湖南,430000,张家界市,430800,2007年,2007,自然风光,作者按主导景观进行单标签分类；见官方简介,张家界国家森林公园是张家界市的旅游发源地，很多游客分不清张家界和武陵源的关系，通常张家界有张家界市和张家界景区两个概念，张家界景区指的是张家界国家森林公园，它和天子山、索溪峪、杨家界一起组成了武陵源景区，因张家界国家森林公园开发最早、名气最大，连张家界市也因它更名，大家习惯用张家界国家森林公园或张家界景区代指武陵源景区。“三千奇峰、八百秀水”，武陵源的山与世界各地的名山迥然不同，在其398平方公里的区域内，遍布着三千多座密集且完整的砂岩峰柱，其中千米以上的峰柱有243座，云海翻涌之时，这些峰柱宛如没有基底，凭空拔地而起，直插云霄，构成全球四大自然地质奇观之一。1992年，联合国世界遗产委员会全票通过将武陵源列入世界遗产名录，填补了中国没有世界自然遗产的空白。2009年底全球热映的电影《阿凡达》中美轮美奂的潘多拉星球吸引了无数观众的向往，其中的悬浮山原型就来源自武陵源。2010年，武陵源独特的地貌被命名为“张家界地貌”，成为全球通用名，是世界上唯一以地域命名的地貌类型。,110.46592552441534,29.3431264499534,公开地图代表点,600.0,,https://sjfw.mct.gov.cn/site/dataservice/base,文旅部地图市属字段；直辖市整体、分界洲/白沙湖按地理位置修订,https://a.amap.com/Loca/static/mock/china5a.csv,Copernicus GLO-30；沿用海拔图鉴已核对的代表点,2026-10-05,,,,,,
211,衡阳市南岳衡山旅游区,湖南,430000,衡阳市,430400,2007年,2007,宗教文化,作者按主导景观进行单标签分类；见官方简介,"南岳是中华五岳之一，文化旅游资源极其丰富，素以“五岳独秀”“中华寿岳”“宗教圣地”“文明奥区”“抗战名山”著称于世，是首批国家重点风景名胜区、首批国家5A级旅游景区、国家级自然保护区、全国文明风景旅游区、首批国家全域旅游示范区，2006年被列入国家自然和文化双遗产名录。南岳衡山中心景区面积100.7平方公里，有祝融峰，藏经殿、磨镜台等十一大景区，200余处景观景点。景区森林茂密，古木参天，峭壁悬崖，流泉飞瀑；春赏百花、夏观云海，秋望日出，冬揽雪景，四时景色各异；历史源远流长，人文博大精深，名胜古迹遍布。寺观书院林立，佛道共存共荣，堪称世界名山一绝。景区空气负氧离了含量最高达108600个/cm3，对人体健康非常有利，享有“天然氧吧”的美称。南岳大庙位于南岳古镇北端，赤帝峰下,是一座集国家祭祀、民间朝圣、道教宫观、佛教寺院有机统一的宫殿式古建筑群，现为国家级重点文物保护单位、南岳衡山旅游景区的重要景点，也是我国南方及五岳之中规模最大的庙宇。它有九进四重院落，占地面积12万平方米，布局严谨，气势恢宏。",112.70994691789832,27.27274551458044,公开地图代表点,465.0,,https://sjfw.mct.gov.cn/site/dataservice/base,文旅部地图市属字段；直辖市整体、分界洲/白沙湖按地理位置修订,https://a.amap.com/Loca/static/mock/china5a.csv,Copernicus GLO-30；沿用海拔图鉴已核对的代表点,2026-10-05,110.0,110.0,主要线路基础票，交通另计,https://fgw.hunan.gov.cn/fgw/jgzc11/202507/t20250724_33748635.html,来源公布的常规标准；采集日不等于价格生效日，实时售价及有效期购票前复核,110元
212,湘潭市韶山旅游区,湖南,430000,湘潭市,430300,2011年,2011,红色纪念,作者按主导景观进行单标签分类；见官方简介,韶山，镶嵌在湖南省长株潭城市群中一颗璀璨的明珠，因舜帝南巡至此演奏韶乐而得名，更因孕育了一代伟人毛泽东而名扬天下，韶山旅游区2011年获评国家5A级旅游景区。景区内人文景观和自然景观交相辉映，环境优美、气候宜人、空气清新，主要有毛泽东同志故居、毛泽东广场、滴水洞、毛泽东同志纪念馆、毛泽东纪念园、韶峰等景点，是一个集旅游观光、缅怀瞻仰、教育培训、研学实践、乡村休闲等于一体的综合性旅游区，已成为全国各族人民缅怀伟人丰功伟绩、开展革命传统教育和爱国主义教育的首选目的地。,112.46558043438192,27.89125629874119,公开地图代表点,336.0,,https://sjfw.mct.gov.cn/site/dataservice/base,文旅部地图市属字段；直辖市整体、分界洲/白沙湖按地理位置修订,https://a.amap.com/Loca/static/mock/china5a.csv,Copernicus GLO-30；沿用海拔图鉴已核对的代表点,2026-10-05,,,,,,
213,岳阳市岳阳楼－君山岛景区,湖南,430000,岳阳市,430600,2011年,2011,综合景观,作者按主导景观进行单标签分类；见官方简介,"岳阳楼景区位于湖南省岳阳市城西，自然风光秀美，人文历史厚重，自古就有“洞庭天下水、岳阳天下楼”之美誉，是国家5A级旅游景区、全国重点文物保护单位、全国文明单位、全国青年文明号、全国旅游标准化管理示范单位、岳阳楼-洞庭湖国家重点风景名胜区的核心组成部分、国家级夜间文化和旅游消费集聚区岳阳楼旅游区的重要组成部分，也是我国中部地区和长江黄金旅游线上的重要旅游景区、岳阳市的城市名片和对外交流的重要窗口。岳阳楼主楼是景区的核心建筑，始建于东汉末期，距今已有1800年历史，与武汉黄鹤楼、南昌滕王阁并称为“江南三大名楼”。岳阳楼临洞庭湖而立，古朴典雅，庄重和谐，四柱、飞檐、斗拱、盔顶，其独特的建筑艺术和工艺水平是我国古建筑中的典范。楼内千古雄文《岳阳楼记》，以其独特的“先天下之忧而忧，后天下之乐而乐”的精神震古烁今。诗儒吏仙接踵而至，名篇佳作誉满斯楼，具有极高的文物和艺术价值。近年来，在市委、市政府高位引领和市城投集团的统一部署下，岳阳楼景区深耕“文化破圈”，绘就文旅融合新画卷，开北门、改西门，优化游览动线，力求“处处有文化、道道是美景”，推出“今上岳阳楼”大型夜间演艺、“梦入岳阳楼”数智XR体验、岳阳楼博物馆“岳阳天下楼”、历史文化陈列展等全新业态，以现代科技赋能传统旅游，将舞台演绎、灯光表演、虚拟场景完美融入园林景观，构建成集文化体验、旅游休闲、数智互动于一体的名楼文旅新空间。白日里的岳阳楼，历史文化的厚重感扑面而来铺面而来，青石板阶上的历史履痕与雕花门棂间的岁月密码便悄然铺展。岳阳楼三层盔顶式建筑巍峨矗立，飞檐斗拱如鹏翼舒展，仿佛将千年来文人墨客的慨叹都凝入了这方檐角的阴影里，登楼揽胜，洞庭湖水自八百里苍茫处涌来，粼粼波光中倒映着楼身的重檐叠影；夜色中的岳阳楼，万点星光灯火璀璨，人声鼎沸，满园箫鼓，遍地笙歌，这里不仅有如诉如慕，如诗如梦，扣人心弦的古风盛乐，也有仪态万方，衣袂飘飘，充满国风元素的艺术舞者，让人心旌摇曳。仙音舞韵之下，人影幢幢，掌声如潮，再加上湖水与素月交辉，银盘与青螺相衬，宛如精美绝伦的工艺美术珍品，尽得自然与人文之双重神韵君山又名湘山，洞庭山，她独处洞庭湖上，陆地面积0.96平方公里，加上周围的湿地，总面积约2.24平方公里。发祥于6亿年前元古界的造山运动，形成于7000万年时发生的燕山运动，是“洞庭凹陷”遗留的残留山，现为国家级重点风景名胜区，国家AAAAA级旅游景区。君山虽然陆地面积不大，但名胜古迹众多，文化底蕴深厚，君山的故事可谓是遍布了每一个山头，君山的传说可谓是渗透到每一个角落，酒香亭、传书亭、飞升亭、云梦亭……亭亭都在向人们讲述着当年一段精彩的历史典故；洞庭庙、湘妃祠、柳毅井、二妃墓、飞来钟……每一个景点都在传唱着一段感人的乐章；摩崖石刻、星云图、新石器陶钵、纺轮……每一方文物都在展示着君山悠久的历史。身置其中，仿佛进入了历史的长河，享受着千万年来，中华文化留下的一个个动听的故事。特别是自唐代以来，李白、杜甫、黄庭坚、辛弃疾、张之洞等墨客骚人都登临君山揽胜抒怀，围绕其“奇”、“小”、“巧”、“幽”、“古”，或著文赋诗，或题书刻石，留下了无数千古绝唱，唐代诗人刘禹锡的“遥望洞庭山水色，白银盘里一青螺。” 李白的“淡扫明湖开玉镜，丹青画出是君山”，等都是对君山的真实描绘。君山不仅文化底蕴深厚，而且自然风光秀美，她独处洞庭湖中，一年四季枝繁叶茂，为绿色植物所覆盖，岛上植物品种繁多，总共有200多种，可谓是洞庭湖区的一个植物宝库，各种名贵树种更是引人入胜，“金桂”飘香，杜英竞秀，“树上树”繁花似锦，黑壳楠枯木逢春，奇花异草，争奇斗妍；君山还有“洞庭茶岛”之称，产于岛上的君山银针，为中国十大名茶之一，唐时就定为贡品。1955年，在国际莱比锡博览会上获金质奖。岳阳市也因君山银针，被誉为“中国黄茶之乡”。君山，还是东洞庭湖国家级自然保护区的观鸟站，周围的湿地上共有鸟类16目45科106属185种，其中有130种鸟类在国内国际间具有重要保护意义，每年冬季在君山周围的湿地区越冬的各种鸟类达1000万只左右。君山岛四时景色各异，自然风光秀丽, 春赏奇花异草，夏看浩瀚洞庭，秋戏林中仙子红绿叶，冬观洞庭候鸟，君山可谓是旅游度假的天堂，避暑休闲的胜地。君山，既是文化中的风景，又是风景中的文化。",113.08821609968562,29.383723898498715,公开地图代表点,44.0,,https://sjfw.mct.gov.cn/site/dataservice/base,文旅部地图市属字段；直辖市整体、分界洲/白沙湖按地理位置修订,https://a.amap.com/Loca/static/mock/china5a.csv,Copernicus GLO-30；沿用海拔图鉴已核对的代表点,2026-10-05,,,,,,
214,岳麓山·橘子洲旅游区,湖南,430000,长沙市,430100,2012年,2012,综合景观,作者按主导景观进行单标签分类；见官方简介,岳麓山·橘子洲旅游区坐落于长沙湘江河畔，是集生态、文化、旅游、休闲于一体的国家级重点风景名胜区、国家5A级旅游景区，更是湖南乃至全国极具影响力的文化名片与生态瑰宝。麓山景区位于长沙市湘江西岸，总面积5.57平方公里，最高峰海拔300.8米，依江面市，是长沙“山水洲城”城市格局的核心要素，古人赞誉其“碧嶂屏开，秀如琢珠”。这里融“儒释道”三教文化于一体，岳麓书院作为中国古代四大书院之一，文脉绵延；古麓山寺被誉为“汉魏最初名胜，湖湘第一道场”，禅意浓厚；云麓道宫则是道教第二十三福地“洞真虚福地”，道韵悠长。近代以来，黄兴、蔡锷等60多位辛亥革命元勋及烈士长眠于此，彰显“心忧天下、敢为人先”的湖湘精神；青年毛泽东求学期间，常与友人在爱晚亭集会，成立进步团体“新民学会”，探讨救国真理；长沙会战中，第九战区以岳麓山为屏障，三次阻敌城外，铸就“一寸山河一寸血”的英雄史诗。作为生态明珠，景区植物资源极其丰富，拥有179科624属1032种植物，森林覆盖率达96%，堪称巨大的“植物博物馆”与长沙城区的“森林氧吧”；百年以上古树名木及后续资源达441株，晋代罗汉松、唐代银杏、宋元香樟、明清枫栗等珍贵古树不可复制。其红枫秋景绚丽迷人，与北京香山、南京栖霞山、苏州天平山并称为中国“四大赏枫名胜”，自古便引得文人墨客流连忘返、吟诗作赋，享有“岳麓之胜、甲于楚湘”的美誉。 橘子洲景区位于湘江长沙段中心地段，南北长约5公里，面积约94公顷，纵贯江心，西望岳麓山层峦叠翠，东瞰长沙城车水马龙，形成“一面青山一面城”的独特景观。这里自古以来便是著名旅游胜地，盛产美橘，四季风光各异：春来明光潋滟、沙鸥点点，秋至柚黄橘红、清香满溢，深冬凌寒剪冰、江风戏雪。青年毛泽东常来此游泳锤炼意志，并写下《沁园春·长沙》，以“问苍茫大地，谁主沉浮？”抒发壮志豪情。景区分为核心景区、旅游配套服务区、沙滩公园和水上运动区四大区域，精心打造橘、竹、梅、桃、桂等主题园林景观，望江亭、揽岳亭、诗词碑、朱张古渡、唐生智公馆、江神庙、毛泽东青年艺术雕塑等景点掩映其中，亭台楼阁相映成趣，池柳水榭秀丽清幽，尤以洲头的毛泽东青年艺术雕塑最为标志性。橘子洲既传承丰厚历史文化底蕴，又融入现代园林元素，古建筑与现代景点交相辉映，尽显长沙的人文魅力与都市风情。,112.943373,28.194667,公开地图代表点,74.0,,https://sjfw.mct.gov.cn/site/dataservice/base,文旅部地图市属字段；直辖市整体、分界洲/白沙湖按地理位置修订,https://loreroutes.com/data/china-5a-scenic-areas.json,Copernicus GLO-30；沿用海拔图鉴已核对的代表点,2026-10-05,0.0,0.0,基础入园免费；岳麓书院等可选项目另收费,https://whhlyt.hunan.gov.cn/whhlyt/news/gzdt/202307/t20230710_29397040.html,来源公布的常规标准；采集日不等于价格生效日，实时售价及有效期购票前复核,免费
215,花明楼景区,湖南,430000,长沙市,430100,2013年,2013,红色纪念,作者按主导景观进行单标签分类；见官方简介,刘少奇故里花明楼景区位于长沙市花明楼镇炭子冲村，距韶山冲毛泽东同志故居30余公里、距乌石镇彭德怀同志故居约60公里、距弼时镇任弼时同志故居约70公里，组成了全国独一无二的伟人故里红色沃土。这里不止是历史的现场，更是一场沉浸式人文与自然的交响乐章。游客不仅可以深度探索全国重点文保单位刘少奇同志故居，国家一级博物馆刘少奇同志纪念馆，以及刘少奇工运历程专题馆、文物保护中心、门楼广场、铜像广场等纪念设施；也能轻松漫步花明楼、修养亭，感受万德鼎的文化分量，在一叶湖、柳叶湖畔放松身心，近距离接触刘少奇同志坐过的飞机，体验炭子冲民俗文化村的乡土风情。纪念场馆的厚重底蕴与自然风光的清新活力在此精心融合，共同构成人文与山水相映成趣的独特风貌。数字化景区建设更使故地添新颜，构建“可移动文物数据库”与“数字图书馆”，实现文物资源多终端分类检索与开放共享；打造虚拟展厅还原实体展览，突破红色场馆在时间、地域和接待量上的限制；结合景区实际，建设智能AI讲解系统，支持多版本讲解、路线规划、党史问答及文物拍照识别功能。以历史为依托，丰富参观体验、拓展游览方式。作为红色文化传播与教育的重要阵地，我景区始终以“文物立馆、学术强馆、宣教兴馆”为宗旨，三位一体，协同共进：我们是文物守护者，精心守护着约4.1万件/套馆藏（珍贵以上文物两千余件/套），每一件都承载着厚重的历史记忆；我们是学术研究者，在学术委员会引领下，全馆干部职工共同深耕学术沃土，近年来在省级及以上平台发表研究文章逾百篇，培养了一批业务与学术共进的骨干队伍；我们是文化宣传者，坚守为民初心，线上线下双轨并行，构建起多元立体、覆盖全面的社会教育矩阵——线下，年均举办“红领巾讲解员”“大学生三下乡”“三送六进”等活动五十余场，活动受众涵盖各年龄层，活动数量多、质量高、范围广，将红色基因深植基层沃土；线上依托“一网两微三号四台”新媒体矩阵，吸引粉丝达150万，形成全平台覆盖、全场景渗透的传播格局，《走近少奇——百集微故事》《花明楼赏文物》等精品项目持续创新，构建起全员参与、全程贯通、全域覆盖的智慧型社会教育服务体系。近年来，在中央、省、市各级领导及相关部门的关怀支持下，我景区荣获国家AAAAA级旅游景区、国家一级博物馆、全国文明单位、国家级文明旅游示范单位、全国爱国主义教育示范基地、全国廉政教育基地、全国中小学生研学实践教育基地、全国关心下一代党史国史教育基地、全国人文社科普及基地、全国职工爱国主义教育基地、全国“大思政课”实践教学基地、全国青年文明号、全国巾帼文明示范岗等荣誉，连续九年被评为中国十大红色经典景区。景区自2008年初起，认真贯彻落实党中央文化惠民政策，免费对外开放，始终秉持“公众至上”理念提供优质服务，累计接待量突破5000万人次，习近平、江泽民、胡锦涛等200多位党和国家领导人都曾专程到访。大美花明楼，山水多锦绣，我们期待您的到来。,112.64222596739468,28.037273876007696,公开地图代表点,86.0,,https://sjfw.mct.gov.cn/site/dataservice/base,文旅部地图市属字段；直辖市整体、分界洲/白沙湖按地理位置修订,https://a.amap.com/Loca/static/mock/china5a.csv,Copernicus GLO-30；沿用海拔图鉴已核对的代表点,2026-10-05,0.0,0.0,基础入园免费；岳麓书院等可选项目另收费,https://whhlyt.hunan.gov.cn/whhlyt/news/gzdt/202307/t20230710_29397040.html,来源公布的常规标准；采集日不等于价格生效日，实时售价及有效期购票前复核,免费
216,郴州市东江湖旅游区,湖南,430000,郴州市,431000,2015年,2015,自然风光,作者按主导景观进行单标签分类；见官方简介,"东江湖旅游区是国家AAAAA级旅游区，国家级风景名胜区、国家水利风景区、国家生态旅游示范区、国家湿地公园,是目前湖南省内唯一一家五位一体的景区。主要景点有：小东江、东江大坝、龙景峡谷、兜率灵岩、东江湖大漂流、东江花月夜。",113.3858006787508,25.8615574948492,公开地图代表点,274.0,,https://sjfw.mct.gov.cn/site/dataservice/base,文旅部地图市属字段；直辖市整体、分界洲/白沙湖按地理位置修订,https://a.amap.com/Loca/static/mock/china5a.csv,Copernicus GLO-30；沿用海拔图鉴已核对的代表点,2026-10-05,55.0,50.0,主要线路基础票，交通另计,https://fgw.hunan.gov.cn/fgw/jgzc11/202507/t20250724_33748635.html,来源公布的常规标准；采集日不等于价格生效日，实时售价及有效期购票前复核,55元
217,崀山风景名胜区,湖南,430000,邵阳市,430500,2016年,2016,自然风光,作者按主导景观进行单标签分类；见官方简介,崀山位于湘西南边陲的新宁县境内，与广西资源县接壤。是以丹霞地貌为主要特征的山水自然风景区。景区总面积108平方公里，包括天一巷、辣椒峰、八角寨、夫夷江、紫霞峒、天生桥六大景区。景区以丹霞和丹霞—喀斯特混合地貌的峰、峦、谷景观为主，以雄、奇、险、秀、幽、雅为特色，同时又渗透着悠久的历史文化和众多的民俗风情，如：奇特的石景峰景、险峻的岩壁石巷、迷人的江流瀑布、幽深的峡谷深山、神秘的山寨文化、悠久的宗教传说、纯朴的民风民俗等等。特别其中的“崀山六绝”更是堪称世界奇观：第一绝是天下第一巷，位于天一巷景区，全长238.8米，两侧石壁高120—180余米，最宽处0.8米，最窄处0.33米，可谓世界一线天绝景；第二绝是八角寨鲸鱼闹海，位于八角寨景区，俯视峡谷，浮云飘渺，奇峰异石，时而露出头尾，恰似千万条鲸鱼在海中嬉戏；第三绝是将军石，位于夫夷江景区，海拔399.5米，石柱净高75米，周长40米。沿夫夷江漂流而下，只见将军石背负青天，下临夫夷江，昂首挺胸，披星执锐，虎虎声威；第四绝是骆驼峰，位于辣椒峰景区，峰高187.8米，长273米，有两处凹陷，分成骆驼头，骆驼背峰和骆驼尾，形象逼真，惟妙惟肖；第五绝是天生桥，桥身长64米，宽14米，高20米，桥面厚度5米，整座石桥呈圆拱形，划天而过，气势磅礴，被誉为“亚洲第一桥”；第六绝是辣椒峰，位于辣椒峰景区，高达199米，头大脚小，远观恰似一只硕大无比的红辣椒。,110.80033693156146,26.40990932616301,公开地图代表点,328.0,,https://sjfw.mct.gov.cn/site/dataservice/base,文旅部地图市属字段；直辖市整体、分界洲/白沙湖按地理位置修订,https://a.amap.com/Loca/static/mock/china5a.csv,Copernicus GLO-30；沿用海拔图鉴已核对的代表点,2026-10-05,136.0,136.0,主要线路基础票，交通另计,https://fgw.hunan.gov.cn/fgw/jgzc11/202507/t20250724_33748635.html,来源公布的常规标准；采集日不等于价格生效日，实时售价及有效期购票前复核,136元
218,株洲市炎帝陵景区,湖南,430000,株洲市,430200,2019年,2019,历史人文,作者按主导景观进行单标签分类；见官方简介,  炎帝陵是中华民族人文始祖炎帝神农氏的安寝圣地，位于湖南省株洲市炎陵县城西17公里处的鹿原陂。景区规划面积111.86平方公里，其中核心区面积5平方公里，由神农大殿祭祀区、陵寝大殿拜谒区、“神农园”缅怀区、皇山游览区、洣水风光带组成，主要景观有炎帝陵、神农大殿、陵寝大殿、御碑园、圣火台、九鼎台、皇山、神农园、华夏广场、福林、圣德林、洗药池、味草亭等110余处。炎帝陵现系全国重点文物保护单位、国家级风景名胜区、国家5A级旅游景区、全国爱国主义教育示范基地、中华全国归国华侨爱国主义教育基地、海峡两岸交流基地、中国井冈山干部学院社会实践教学基地、中国华侨国际文化交流基地、中国十大古典陵墓园林、湖南省十大文化遗产。2006年，“炎帝陵祭典”入选首批国家非物质文化遗产名录；2012年，炎帝陵祭祖大典荣获“全球最具影响力的十大根亲文化盛事”；2013年，炎帝陵上榜“中国十大古典陵墓园林”，炎帝陵——桃源洞（神农谷）作为新增名单，被列入《中国国家自然遗产、自然与文化双遗产预备名录》；2021年，被认定为湖南省青少年教育基地、湖南省最佳自驾旅游目的地、湖南省文化和科技融合示范基地及湖南省研学旅游（示范）基地。炎帝陵以其悠久的历史和崇高的文化地位被誉为“神州第一陵”、“中华民族的人文圣地，全球华人的精神家园”。,113.664872,26.419828,公开地图代表点,198.0,,https://sjfw.mct.gov.cn/site/dataservice/base,文旅部地图市属字段；直辖市整体、分界洲/白沙湖按地理位置修订,https://loreroutes.com/data/china-5a-scenic-areas.json,Copernicus GLO-30；沿用海拔图鉴已核对的代表点,2026-10-05,62.0,62.0,主要线路基础票，交通另计,https://fgw.hunan.gov.cn/fgw/jgzc11/202507/t20250724_33748635.html,来源公布的常规标准；采集日不等于价格生效日，实时售价及有效期购票前复核,62元
219,湖南常德桃花源旅游区,湖南,430000,常德市,430700,2020年,2020,综合景观,作者按主导景观进行单标签分类；见官方简介,桃花源始于秦，建于晋，兴于唐，盛于宋，历史上就享有三十五洞天、四十六福地的美誉。千百年来，陶渊明、李白、刘禹锡、苏轼等都在此留下了许多珍贵的诗文和墨迹，其山水田园之美、寺观亭阁之盛、诗文碑刻之丰、历史传说之奇，举世闻名。1995年3月24日，原国家主席江泽民视察桃花源，并题写“桃花源”以示留念。2019中国旅游产业发展大会，中国桃花源与北京故宫、西藏布达拉宫、敦煌莫高窟等共同荣膺2018中国旅游影响力十大文化景区。同年7月，荣膺“中国天然氧吧”称号。2020年12月，桃花源景区成功创建国家5A级旅游景区。此外，先后还获得省级研学旅游基地、省级海峡两岸交流基地、湖南省文明旅游示范单位、湖南省三八红旗集体等十余项省级荣誉，并获得全国巾帼文明岗等国家级奖项。中国桃花源被誉为全球华人的心灵家园。桃花源的核心吸引力不仅仅是如画的自然风景，而是“在如诗如画的风景中沉浸于源远流长的桃花源文化，体验闲适祥和、怡然自乐的美好生活”。桃花源秉承“共享桃花源”的理念，坚持核心景区带动特色小镇与乡村振兴，通过文旅“合璧”做大文章，推出丰富多彩的文旅产品，力求“三景”相融，坚持以生态为自然背景，活化文化体验场景，营造浪漫的休闲情景，全力打造全域旅游示范区，打造湖南文旅融合新地标。,111.419805,28.777373,公开地图代表点,41.0,,https://sjfw.mct.gov.cn/site/dataservice/base,文旅部地图市属字段；直辖市整体、分界洲/白沙湖按地理位置修订,https://loreroutes.com/data/china-5a-scenic-areas.json,Copernicus GLO-30；沿用海拔图鉴已核对的代表点,2026-10-05,128.0,128.0,主要线路基础票，交通另计,https://fgw.hunan.gov.cn/fgw/jgzc11/202507/t20250724_33748635.html,来源公布的常规标准；采集日不等于价格生效日，实时售价及有效期购票前复核,128元
220,湘西州吉首市矮寨·十八洞•德夯大峡谷景区,湖南,430000,湘西土家族苗族自治州,433100,2021年,2021,综合景观,作者按主导景观进行单标签分类；见官方简介,矮寨奇观旅游区由矮寨大桥、吉斗苗寨、德夯大峡谷三大园区构成，地处云贵高原和武陵山脉相交形成的武陵大峡谷中段，景区总面积8.1平方公里，是张家界—崀山—桂林国家旅游黄金大通道、张家界—吉首—怀化湖南省精品旅游线路中的核心节点，是一个集观光、体验、科普、休闲为一体的综合性文化旅游区，2021年被评为国家5A级旅游景区。区内山势跌宕、绝壁挺拔、峰林耸立、溪河纵横，形成了断崖、石壁、瀑布和原始森林景观，其中奇路(矮寨公路奇观)、奇桥(当时世界跨峡谷跨径最大的钢桁梁悬索桥一矮寨大桥)、奇寨(雄鹰背上的苗寨一吉斗苗寨)、奇谷(玉泉溪大峡谷、九龙溪大峡谷、夯峡溪大峡谷等)、奇瀑(全国落差最大的流纱瀑布和玉带瀑布、银链瀑布、夯峡溪瀑布群等)和奇俗(苗族风情、天下鼓乡)六大奇景最具代表性，将现代路桥科技、奇绝山水景观和民族特色文化完美融合，全面展示了神秘湘西“百年路桥奇观，千年苗寨风情，万年峡谷风光”的无穷魅力。业务包含旅游观光、文化演艺、极限趣玩、民宿露营、党建研学、亲子游乐等六大板块，重点运营业态项目包括：峡谷星空露营基地、天桥仙居度假民宿、矮寨大桥极限高空项目、《德夯幻境》沉浸式5D苗境喜宴剧，以及设计开发出包括矮寨大桥纪念币、文创雪糕、文创积木、苗锈苗服、文创茶具等多类型文创产品。景区通过建设智慧景区综合管理服务平台进行智慧化改造，极大提升了运营水平及服务质量，优质的服务与智慧化管理为景区带来较好的社会效益和经济效益，先后被授予全国爱国主义教育示范基地、国家级文明旅游示范单位、湖南省爱国主义教育基地、湖南省研学旅游示范基地、湖南省文明风景旅游区、湖南省文明旅游示范单位、湘西世界地质公园、入选“建党百年红色旅游百条精品线路”、第七届湖南省省长质量奖提名奖等多项荣誉。十八洞景区位于十八洞村地处武陵山区，平均海拔700米，属高山岩溶地貌，为苗族聚居村落，辖梨子、当戎、飞虫、竹子4个自然寨。2013年11月3日，习近平总书记到村考察调研，首次提出“精准扶贫”重要理念。十年多来，十八洞村牢记习近平总书记殷切嘱托，坚持党建引领，因地制宜做好“红色”“古色”“绿色”文章，提质发展以党建培训+青少年研学为主导，乡村旅游、特色种养殖、山泉水、苗绣、劳务为支撑的产业体系，成功解决了困扰祖祖辈辈的绝对贫困问题，实现了从脱贫摘帽、到全面小康进而迈向乡村振兴共同富裕的历史性跨越。2016年，率先在全县退出贫困村行列。2013年至2024年，村民人均纯收入由1668元增加到28223元，村集体经济从空白发展到622.7万元。2024年，累计接待游客达88.7万人次，实现旅游收入2198.8万元。近年来，十八洞村荣获全国脱贫攻坚楷模、全国先进基层党组织、全国文明村、全国乡村治理示范村、全国民族团结进步示范单位、全国青少年教育基地等殊荣，入选全国“建党百年红色旅游百条精品线路”“长江乡村振兴之旅线路”、文化和旅游赋能乡村振兴“十佳”案例、全国十大乡村旅游目的地、村庄规划省级示范性片区名录；获评国家5A级旅游景区、全国“绿水青山就是金山银山”实践创新基地。2024年，获评联合国旅游组织2024年“最佳旅游乡村”，成为了世界观察中国式现代化乡村发展的窗口。,109.592078,28.335303,公开地图代表点,662.0,,https://sjfw.mct.gov.cn/site/dataservice/base,文旅部地图市属字段；直辖市整体、分界洲/白沙湖按地理位置修订,https://loreroutes.com/data/china-5a-scenic-areas.json,Copernicus GLO-30；沿用海拔图鉴已核对的代表点,2026-10-05,,,,,,
221,湘西州凤凰古城旅游区,湖南,430000,湘西土家族苗族自治州,433100,2024年,2024,古城古镇,作者按主导景观进行单标签分类；见官方简介,凤凰县位于湖南省西部，全县国土面积1745平方公里，辖17个乡镇254个行政村29个社区，总人口41.9万人，由苗族、土家族等28个民族组成，其中苗族占总人口的57.2%，是一个典型的少数民族聚居县。凤凰山水风光秀美、历史风貌古朴、文化底蕴厚重、民族风情浓郁、名人英才辈出。2001年以来，凤凰县依托生态、文化优势，坚持走以文化旅游为主导带动新型城镇化、农业产业化、新型工业化“一业兴三化”特色发展路子，已成为湘西旅游龙头、湖南旅游窗口、国家旅游名片。先后荣获首批中国旅游强县、国家全域旅游示范区、首批国家级夜间文化和旅游消费集聚区、首批全国文化产业赋能乡村振兴试点等殊荣，连续6年入选全国县域旅游综合实力百强县。凤凰古城是国家历史文化名城，凤凰古城旅游区是国家AAAAA级旅游景区，总面积4.39平方公里，主要包括凤凰古城、南华山（神凤文化园)、凤凰记忆三个景区（点）。“一座青山抱古城，一弯江水绕城过，一条红红石板街，一排小巧吊脚楼，一道风雨古城墙，一座沧桑老城堡，一座雄伟古石桥，一群闻名世界的人”，这“八个一”浓缩了凤凰古城所有的精致。凤凰古城是被新西兰著名作家、教育家路易·艾黎称赞的“中国最美小镇之一”，也是21世纪驻华外交官赞誉的“中国的童话世界”。,109.6,27.9525,公开地图代表点,310.0,,https://sjfw.mct.gov.cn/site/dataservice/base,文旅部地图市属字段；直辖市整体、分界洲/白沙湖按地理位置修订,https://loreroutes.com/data/china-5a-scenic-areas.json,Copernicus GLO-30；沿用海拔图鉴已核对的代表点,2026-10-05,,,,,,
222,广州市长隆旅游度假区,广东,440000,广州市,440100,2007年,2007,主题休闲,作者按主导景观进行单标签分类；见官方简介,广州市长隆旅游度假区是长隆集团旗下首个大型综合性主题旅游度假区，度假区拥有长隆野生动物世界、长隆欢乐世界、长隆水上乐园、长隆飞鸟乐园、长隆国际大马戏和长隆酒店、长隆熊猫酒店、长隆香江酒店等多家顶尖主题公园、演艺剧院及酒店，是中国拥有主题公园数量最多、规格最高的综合性主题旅游度假区，同时也是中国首批国家5A级旅游景区，国家文化产业示范基地、全国科普教育基地、国家旅游科技示范园区、国家级夜间文旅消费集聚区。广州长隆旅游度假区被誉为“中国最受欢迎的一站式旅游度假胜地”、“广州城市名片”，曾作为亚洲唯一代表，夺得全球主题娱乐协会TEA的“全球最佳主题乐园”前三甲，实现了中国内地主题乐园在这一业内顶级大奖的“零”的突破。2008年至今，广州长隆旅游度假区每年游客接待量超千万人次，2019年游客接待量更超过了2100万人次，位居国际主题景区前列，解决就业岗位1万多个，并直接带动长隆度假区周边地区经济发展。长隆的旅游项目和产品得到了广大游客的喜爱和行业的认可，长隆品牌深入人心，广州长隆旅游度假区已成为外地游客来广州度假休闲观光及健康文化生活的首选之一。,113.321218,23.003069,公开地图代表点,23.0,,https://sjfw.mct.gov.cn/site/dataservice/base,文旅部地图市属字段；直辖市整体、分界洲/白沙湖按地理位置修订,https://loreroutes.com/data/china-5a-scenic-areas.json,Copernicus GLO-30；沿用海拔图鉴已核对的代表点,2026-10-05,,,,,,
223,深圳市南山区华侨城旅游度假区,广东,440000,深圳市,440300,2007年,2007,主题休闲,作者按主导景观进行单标签分类；见官方简介,深圳华侨城地处广东省深圳市南山区深圳湾畔。国家5A级旅游景区、国家级文化产业示范园区。    度假区以目前世界上面积最大、内容最丰富的实景微缩景区-锦绣中华，中国第一个荟萃各民族民间艺术、民俗风情和民居建筑于一园的中国民俗文化村，荟萃世界几千年人类文明精华的世界之窗，欢乐谷等4个大型文化主题公园为核心，以海滨生态旅游、都市娱乐休闲、酒店等为配套的多元旅游度假区。,113.97977039586426,22.541736574793745,公开地图代表点,27.0,,https://sjfw.mct.gov.cn/site/dataservice/base,文旅部地图市属字段；直辖市整体、分界洲/白沙湖按地理位置修订,https://a.amap.com/Loca/static/mock/china5a.csv,Copernicus GLO-30；沿用海拔图鉴已核对的代表点,2026-10-05,,,,,,
224,广州市白云区白云山景区,广东,440000,广州市,440100,2010年,2010,自然风光,作者按主导景观进行单标签分类；见官方简介,广州白云山风景名胜区地处广东省广州市中心区域，2011年，确定为国家5A级旅游景区，国家级风景名胜区。白云山自古有“羊城第一秀”之称，由 30多座山峰组成，是广东最高峰九连山的支脉，主峰摩星岭海拔382米。从南至北有麓湖游览区、三台岭游览区、鸣春谷游览区、摩星岭游览区、明珠楼游览区、飞鹅岭游览区及荷依岭游览区7个游览区。其中，云台花园全国最大的园林式花园，鸣春谷是全国最大的天然式鸟笼。秦末郑安期在此隐居行医，南梁时首座寺庙景泰寺建成。唐宋以来诸多文人墨客留下诗篇。,113.29414424208758,23.18674733620446,公开地图代表点,303.0,,https://sjfw.mct.gov.cn/site/dataservice/base,文旅部地图市属字段；直辖市整体、分界洲/白沙湖按地理位置修订,https://a.amap.com/Loca/static/mock/china5a.csv,Copernicus GLO-30；沿用海拔图鉴已核对的代表点,2026-10-05,5.0,5.0,山体入园票；园中园另计,https://www.gz.gov.cn/attachment/7/7882/7882495/6514109.pdf,来源公布的常规标准；采集日不等于价格生效日，实时售价及有效期购票前复核,5元
225,梅州市梅县区雁南飞茶田景区,广东,440000,梅州市,441400,2011年,2011,综合景观,作者按主导景观进行单标签分类；见官方简介,雁南飞茶田景区位于广东省梅州市梅县区雁洋镇。2011年，确定为国家5A级旅游景区。景区属丘陵地貌，群山环抱，茶田叠翠，形成了独特的自然风光。这里以茶文化和客家文化为主题，有“雁南飞神石”等标志性景点，茶田栈道可览全景，雁鹅湖景色优美。景区内的围龙食府、围龙大酒店等建筑，是客家文化与现代建筑融合的典范。游客在此可漫步茶田、体验采茶制茶，欣赏客家歌舞表演，品尝客家美食和雁南飞茗茶，感受深厚的文化底蕴，是一处休闲度假的好去处。,116.3664475903795,24.382740615258395,公开地图代表点,345.0,,https://sjfw.mct.gov.cn/site/dataservice/base,文旅部地图市属字段；直辖市整体、分界洲/白沙湖按地理位置修订,https://a.amap.com/Loca/static/mock/china5a.csv,Copernicus GLO-30；沿用海拔图鉴已核对的代表点,2026-10-05,,,,,,
226,深圳市龙华区观澜湖休闲旅游区,广东,440000,深圳市,440300,2011年,2011,主题休闲,作者按主导景观进行单标签分类；见官方简介,观澜湖位于广东深圳北郊观澜镇，跨深圳、东莞等地，2011年，确定为国家5A级旅游景区。1992年创立，融合十大国际巨星设计杰作，汇聚五大洲球场风格，以216洞规模成为世界第一大高尔夫球会。这里不仅是高尔夫运动胜地，举办过超30次国际大赛，如高尔夫世界杯等；还集运动、商务、养生、旅游、会议等多元功能为一体。配套有高尔夫别墅、乡村俱乐部、酒店、高尔夫学院、SPA等。园区内生态体育园景色宜人，游乐、运动设施丰富，也是休闲度假、亲子游玩、商务交流的理想之选。,114.07005916390683,22.740142483142304,公开地图代表点,75.0,,https://sjfw.mct.gov.cn/site/dataservice/base,文旅部地图市属字段；直辖市整体、分界洲/白沙湖按地理位置修订,https://a.amap.com/Loca/static/mock/china5a.csv,Copernicus GLO-30；沿用海拔图鉴已核对的代表点,2026-10-05,,,,,,
227,清远市连州市地下河旅游景区,广东,440000,清远市,441800,2011年,2011,自然风光,作者按主导景观进行单标签分类；见官方简介,连州地下河位于广东省清远市连州市东陂镇大洞村。2011年，确定为国家5A级旅游景区。连州地下河是一个亚热带喀斯特地貌的巨型天然石灰岩溶洞，洞内分上中下三层，穿越四座山头，有陆地层和地下河流。洞内遍布石钟乳、石笋、石柱等，形态万千，如飞象过河、八仙过海等，景色绚丽。地下暗河蜿蜒曲折，河道水面平静，乘船游览可欣赏两岸奇景。这里四季气温保持在18℃左右，空气清新，冬暖夏凉，是旅游避暑圣地。,112.32460933946824,25.00463750574966,公开地图代表点,218.0,,https://sjfw.mct.gov.cn/site/dataservice/base,文旅部地图市属字段；直辖市整体、分界洲/白沙湖按地理位置修订,https://a.amap.com/Loca/static/mock/china5a.csv,Copernicus GLO-30；沿用海拔图鉴已核对的代表点,2026-10-05,,,,,,
228,韶关市仁化县丹霞山景区,广东,440000,韶关市,440200,2012年,2012,自然风光,作者按主导景观进行单标签分类；见官方简介,丹霞山景区地处广东省韶关市仁化县境内。国家5A级旅游景区、世界自然遗产地。景区由680多座顶平、身陡、麓缓的红色砂砾岩石构成，为“丹霞地貌”命名地。景区有长老峰、阳元山等四大景区。这里存有众多名门古刹、文人墨迹、摩崖石刻，文化遗产与自然景观相融。自1988年以来，获国家重点风景名胜区、国家级自然保护区等多项荣誉，是全国科普教育基地和国家林草科普基地，对研究地质演化、生物多样性等意义重大。,113.75230046940776,25.04695951799199,公开地图代表点,96.0,,https://sjfw.mct.gov.cn/site/dataservice/base,文旅部地图市属字段；直辖市整体、分界洲/白沙湖按地理位置修订,https://a.amap.com/Loca/static/mock/china5a.csv,Copernicus GLO-30；沿用海拔图鉴已核对的代表点,2026-10-05,,,,,,
229,佛山市南海区西樵山景区,广东,440000,佛山市,440600,2013年,2013,宗教文化,作者按主导景观进行单标签分类；见官方简介,西樵山景区位于广东省佛山市南海区西南部。国家5A级旅游景区、国家森林公园、国家地质公园。西樵山是一座古火山，以低丘陵为主，周围有平原等地貌，主峰大科峰海拔344米。这里自然风光清幽秀丽，有72座奇峰、36个岩洞、28处瀑布和232眼清泉。同时，西樵山历史文化底蕴深厚，自明清以来文人雅士云集，有“理学名山”之称，还拥有石燕岩采石场遗址等众多文物古迹，是岭南文化的杰出代表，也被誉为“珠江文明的灯塔”。,112.97202499693904,22.927688898183543,公开地图代表点,284.0,,https://sjfw.mct.gov.cn/site/dataservice/base,文旅部地图市属字段；直辖市整体、分界洲/白沙湖按地理位置修订,https://a.amap.com/Loca/static/mock/china5a.csv,Copernicus GLO-30；沿用海拔图鉴已核对的代表点,2026-10-05,,,,,,
230,惠州市罗浮山景区,广东,440000,惠州市,441300,2013年,2013,宗教文化,作者按主导景观进行单标签分类；见官方简介,惠州市罗浮山景区位于广东省惠州市博罗县。2013年，确定为国家5A级旅游景区。自秦汉以来，号称“仙山”，自古拥有“中国十大道教名山之一”“岭南第一山”“百越群山之祖”之美誉，被道教尊称为“第七大洞天，第三十四福地”。罗浮山山体峰峦叠嶂，432座山峰姿态各异，其中超千米的有80多座，主峰飞云顶海拔1296米。因山体由不透水花岗岩构成，切割强烈，造就980多处飞瀑名泉，“山山瀑布，处处流泉”。汉代大文学家司马迁视罗浮山为仅次于五岳之后的名山，将其称为“粤岳”。东晋道教学者、著名炼丹家、医药学家葛洪在罗浮山采药炼丹、修道成仙，开创了中国岭南道教教派。,114.02933020414432,23.266688042020487,公开地图代表点,588.0,,https://sjfw.mct.gov.cn/site/dataservice/base,文旅部地图市属字段；直辖市整体、分界洲/白沙湖按地理位置修订,https://a.amap.com/Loca/static/mock/china5a.csv,Copernicus GLO-30；沿用海拔图鉴已核对的代表点,2026-10-05,,,,,,
231,佛山市长鹿旅游休博园,广东,440000,佛山市,440600,2014年,2014,主题休闲,作者按主导景观进行单标签分类；见官方简介,长鹿旅游休博园诞生于2000年，2014年被评为国家5A级旅游景区，位于顺德伦教三洲建设东路，毗邻珠江干流。全新升级的长鹿旅游休博园拥有十一大主题区：机动游乐主题园区、童话动物王国、长鹿度假村、农家乐主题园区（长鹿农庄）、矿洞海洋馆、长鹿冰雪世界、长鹿科技馆、水世界、长鹿侏罗纪探秘、长鹿名人蜡像馆和国际大马戏地球村·幻秀。十几种主题酒店，如海底酒店、洞穴酒店、火车酒店、军事主题酒店等。大小主题餐厅八十多家，最大的餐厅可同时容纳3800多人同时用餐，坚持“如有出品不满意，无条件包退、包换、包满意”的服务承诺。长鹿旅游休博园是以岭南历史文化、顺德水乡风情、农家生活情趣为特色，集吃、住、玩、赏、娱、购于一体的大型旅游综合体，是休闲娱乐、旅游度假、商务会议、户外拓展、科普教育的首选之地。,113.28378925272438,22.88089727498373,公开地图代表点,-1.0,原始栅格为-1米；图上按10米四舍五入约0米，不解释为实测海拔或地面沉降。,https://sjfw.mct.gov.cn/site/dataservice/base,文旅部地图市属字段；直辖市整体、分界洲/白沙湖按地理位置修订,https://a.amap.com/Loca/static/mock/china5a.csv,Copernicus GLO-30；沿用海拔图鉴已核对的代表点,2026-10-05,,,,,,
232,阳江市江城区海陵岛大角湾海上丝路旅游区,广东,440000,阳江市,441700,2015年,2015,自然风光,作者按主导景观进行单标签分类；见官方简介,阳江海陵岛大角湾风景名胜区位于广东省阳江市海陵岛闸坡镇。2015年，确定为国家5A级旅游景区。景区以海上丝绸之路为主题，展示了阳江在海洋文化和海上贸易方面的历史和现状，有以“南海I号”宋代古沉船发掘、保护、展示与研究为主题，展现水下考古现场发掘动态演示过程的世界首个水下考古专题博物馆广东海上丝绸之路博物馆;有典型亚热带滨海风情特征的大角湾海水浴场;有以亚热带红树林湿地为风景特征的海陵岛红树林湿地公园和天麓山公园等景区。,111.83882858973064,21.57097585565021,公开地图代表点,1.0,,https://sjfw.mct.gov.cn/site/dataservice/base,文旅部地图市属字段；直辖市整体、分界洲/白沙湖按地理位置修订,https://a.amap.com/Loca/static/mock/china5a.csv,Copernicus GLO-30；沿用海拔图鉴已核对的代表点,2026-10-05,,,,,,
233,中山市孙中山故里旅游区,广东,440000,中山市,442000,2016年,2016,历史人文,作者按主导景观进行单标签分类；见官方简介,"孙中山故里位于广东省中山市南朗街道翠亨村。2016年,确定为国家5A级景区。景区涵盖孙中山故居纪念馆、翠亨村、中山城、辛亥革命纪念公园和犁头尖山等核心景区。这里既有孙中山出生成长的相关历史遗迹，如中西合璧的孙中山故居，也有展现当地民俗风情的翠亨民居。犁头尖山形似犁头，是翠亨的最高峰。该旅游区是广东省内第一个以文化为品牌的国家5A级旅游景区，生动呈现了孙中山的革命历程，是了解孙中山先生及辛亥革命历史的重要窗口。",113.52393120051472,22.444834424854047,公开地图代表点,10.0,,https://sjfw.mct.gov.cn/site/dataservice/base,文旅部地图市属字段；直辖市整体、分界洲/白沙湖按地理位置修订,https://a.amap.com/Loca/static/mock/china5a.csv,Copernicus GLO-30；沿用海拔图鉴已核对的代表点,2026-10-05,,,,,,
234,惠州市惠城区惠州西湖旅游景区,广东,440000,惠州市,441300,2018年,2018,自然风光,作者按主导景观进行单标签分类；见官方简介,惠州西湖旅游景区位于广东省惠州市惠城区。2018年，确定为国家5A级旅游景区。景区以素雅幽深的山水为特征，其山川秀邃、幽胜曲折、浮洲四起、青山似黛，古色古香的亭台楼阁隐现于树木葱茏之中，有“苎萝西子”之誉，素以六湖、九桥、十八景而闻名，由西湖和红花湖2个景区组成。历代以苏东坡、李商隐、杨万里、祝枝山、陈尧佐、白玉蟾、梁鼎芬、丘逢甲为代表的 400多位文人墨客曾踏足惠州，为西湖留下了宝贵的文化遗产;近代孙中山、周恩来等领导人在惠州从事过革命运动，在西湖留下了光辉的足迹。,114.397222,23.094444,公开地图代表点,23.0,,https://sjfw.mct.gov.cn/site/dataservice/base,文旅部地图市属字段；直辖市整体、分界洲/白沙湖按地理位置修订,https://loreroutes.com/data/china-5a-scenic-areas.json,Copernicus GLO-30；沿用海拔图鉴已核对的代表点,2026-10-05,,,,,,
235,肇庆市星湖旅游区,广东,440000,肇庆市,441200,2019年,2019,综合景观,作者按主导景观进行单标签分类；见官方简介,星湖旅游区位于广东省肇庆市。2019年，确定为国家5A级旅游景区。景区由七星岩和鼎湖山两大景区组成。七星岩景区属喀斯特地貌，七座岩峰似北斗散落湖面，峰林、溶洞、湖泊、碑刻、道观交相辉映，有“人间仙境”等美誉。鼎湖山景区为原始次生林，植被丰富，以森林、瀑布为特色，是中国首个自然保护区，享有“北回归线上的绿洲”等赞誉。景区集自然美景与深厚文化底蕴于一身，是休闲观光、科普探秘的绝佳之地。,112.46816,23.07492,公开地图代表点,5.0,,https://sjfw.mct.gov.cn/site/dataservice/base,文旅部地图市属字段；直辖市整体、分界洲/白沙湖按地理位置修订,https://loreroutes.com/data/china-5a-scenic-areas.json,Copernicus GLO-30；沿用海拔图鉴已核对的代表点,2026-10-05,,,,,,
236,江门市开平碉楼文化旅游区,广东,440000,江门市,440700,2020年,2020,历史人文,作者按主导景观进行单标签分类；见官方简介,开平碉楼文化旅游区位于广东唯一的世界文化遗产“开平碉楼与村落”，是集华侨文化、园林艺术、中西建筑、文物古迹、生态自然环境、风土民俗、科普教育等多元素于一体的著名景区。景区以碉楼建筑为特色，融合中西风格，与山水、田园和传统民居自然结合，形成和谐统一的人文景观。旅游区由自力村景区、马降龙景区及立园景区构成。自力村以碉楼与田园风光有机结合为特色；马降龙村落碉楼掩映于竹林之中，生态环境优美；立园则以岭南园林为基础，融入华侨文化的中西合璧园林艺术见长。作为重要的文化遗产与旅游目的地，开平碉楼有效保护并展示了独特的历史建筑群，为研究华侨历史、建筑演变及中外文化交流提供了重要资源，具有显著的历史、文化与艺术价值。,112.565833,22.285556,公开地图代表点,3.0,,https://sjfw.mct.gov.cn/site/dataservice/base,文旅部地图市属字段；直辖市整体、分界洲/白沙湖按地理位置修订,https://loreroutes.com/data/china-5a-scenic-areas.json,Copernicus GLO-30；沿用海拔图鉴已核对的代表点,2026-10-05,,,,,,
237,河源市万绿湖风景区,广东,440000,河源市,441600,2024年,2024,自然风光,作者按主导景观进行单标签分类；见官方简介,万绿湖风景区位于广东省河源市东源县境内。2024年，确定为国家5A级景区。万绿湖风景区水域壮美，面积达370平方千米，有360多个岛屿，山区1100平方千米，山水相依。湖水水质常年达国家一类地表水标准，是粤港重要饮用水源地。这里生态优良，有北回归线广东最大常绿阔叶林，动植物种类丰富。此外，景区蕴含客家文化、镜花缘文化等人文景观，还设有多样休闲娱乐项目，满足游客多元需求。,114.6475,23.726389,公开地图代表点,102.0,,https://sjfw.mct.gov.cn/site/dataservice/base,文旅部地图市属字段；直辖市整体、分界洲/白沙湖按地理位置修订,https://loreroutes.com/data/china-5a-scenic-areas.json,Copernicus GLO-30；沿用海拔图鉴已核对的代表点,2026-10-05,,,,,,
238,桂林市漓江风景区,广西,450000,桂林市,450300,2007年,2007,自然风光,作者按主导景观进行单标签分类；见官方简介,桂林市漓江风景区地处广西桂林市漓江流域，是国家级风景名胜区、国家5A级旅游景区，其700平方千米喀斯特区域于2014年被列入世界自然遗产名录。景区北起兴安县溶江镇灵渠口，南至平乐三江口，全长164公里。流域呈北高南低之势，造就中山山地、丘陵谷地、岩溶峰林平原等多样地貌。漓江两岸山峰挺拔，形态万千，江水澄澈蜿蜒。从桂林至阳朔约83公里的河段堪称精华，沿途有象鼻山、九马画山、黄布倒影等著名景点。它是桂林山水的杰出代表，尽显自然与人文融合之魅力。,110.42691424774388,25.150138433098,公开地图代表点,145.0,,https://sjfw.mct.gov.cn/site/dataservice/base,文旅部地图市属字段；直辖市整体、分界洲/白沙湖按地理位置修订,https://a.amap.com/Loca/static/mock/china5a.csv,Copernicus GLO-30；沿用海拔图鉴已核对的代表点,2026-10-05,,,,,,
239,桂林市独秀峰•靖江王城景区,广西,450000,桂林市,450300,2012年,2012,历史人文,作者按主导景观进行单标签分类；见官方简介,桂林市独秀峰・靖江王城景区地处广西桂林市秀峰区，是国家5A级旅游景区。景区以“众山之王”独秀峰为核心，明代靖江藩王府地为范围。独秀峰平地拔起，海拔216米，相对高度66米，四周众山环绕，孤峰傲立，有“南天一柱”之誉。峰壁摩崖石刻众多，“桂林山水甲天下”便源自于此。靖江王府始建于明洪武五年（1372年），历经14位靖江王，是国内保存最完好的明代藩王府。清朝时这里曾为广西贡院，走出诸多进士举人。,110.29456744092984,25.28448045337583,公开地图代表点,161.0,,https://sjfw.mct.gov.cn/site/dataservice/base,文旅部地图市属字段；直辖市整体、分界洲/白沙湖按地理位置修订,https://a.amap.com/Loca/static/mock/china5a.csv,Copernicus GLO-30；沿用海拔图鉴已核对的代表点,2026-10-05,,,,,,
240,南宁市青秀山风景名胜旅游区,广西,450000,南宁市,450100,2014年,2014,自然风光,作者按主导景观进行单标签分类；见官方简介,青秀山风景名胜旅游区位于广西南宁市青秀区，坐落在邕江江畔。国家5A级旅游景区。景区占地13.54平方公里，四周丘陵环绕，北高南低，主峰凤凰岭海拔289米。属亚热带季风气候，阳光充足，植被极为茂盛。其古迹众多，始建于北宋的观音禅寺，是广西佛教圣地；明代龙象塔高51.35米，为桂中名塔，登塔可俯瞰邕江与南宁城景。植物景观堪称一绝，千年苏铁园有树龄超千年苏铁近百株；兰园是全国最大自然生态兰花专类园。作为南宁“绿肺”，青秀山是休闲、观光、科普、文化体验的理想之所。,108.38299464480698,22.790058810064465,公开地图代表点,205.0,,https://sjfw.mct.gov.cn/site/dataservice/base,文旅部地图市属字段；直辖市整体、分界洲/白沙湖按地理位置修订,https://a.amap.com/Loca/static/mock/china5a.csv,Copernicus GLO-30；沿用海拔图鉴已核对的代表点,2026-10-05,20.0,20.0,常规入园票；交通另计,https://www.mct.gov.cn/whzx/qgwhxxlb/gx/202504/t20250416_959426.htm,来源公布的常规标准；采集日不等于价格生效日，实时售价及有效期购票前复核,20元
241,桂林市两江四湖•象山景区,广西,450000,桂林市,450300,2017年,2017,综合景观,作者按主导景观进行单标签分类；见官方简介,桂林市两江四湖・象山景区地处广西桂林市中心区域，是国家5A级旅游景区。它融合了两江四湖环城水系与象山独特景观。两江四湖由漓江、桃花江、榕湖、杉湖、桂湖、木龙湖组成，全长7.33公里，水域环绕城市。沿岸古迹林立，宋城墙古朴厚重，舍利塔庄严肃穆。象山景区位于漓江与桃花江交汇处，象鼻山宛如巨象临江饮水，成为桂林城徽。山上普贤塔造型独特，水月洞江水穿流，摩崖石刻记录岁月，集自然山水、历史人文于一体，是领略桂林风情的必到之处。,110.29226436200037,25.27162022684024,公开地图代表点,140.0,,https://sjfw.mct.gov.cn/site/dataservice/base,文旅部地图市属字段；直辖市整体、分界洲/白沙湖按地理位置修订,https://a.amap.com/Loca/static/mock/china5a.csv,Copernicus GLO-30；沿用海拔图鉴已核对的代表点,2026-10-05,,,,,,
242,崇左市德天跨国瀑布景区,广西,450000,崇左市,451400,2018年,2018,自然风光,作者按主导景观进行单标签分类；见官方简介,崇左市德天跨国瀑布景区位于广西崇左市大新县硕龙镇，是国家5A级旅游景区，也是中越边境极具代表性的自然奇观。景区以归春河为界，与越南板约瀑布相连，构成一幅宽200余米、落差70米的壮丽水景，水流气势磅礴，四季景观各异。周边喀斯特地貌显著，峰林叠翠，河流蜿蜒，形成“山水交融、瀑河相连”的独特风光。景区内设有观景台、竹筏漂流等体验项目，游客可近距离感受瀑布的雄浑壮美。这里不仅是自然生态的瑰宝，还承载着中越边贸文化与边关风情，是展示跨国生态文化魅力的重要窗口。,106.722778,22.855833,公开地图代表点,375.0,,https://sjfw.mct.gov.cn/site/dataservice/base,文旅部地图市属字段；直辖市整体、分界洲/白沙湖按地理位置修订,https://loreroutes.com/data/china-5a-scenic-areas.json,Copernicus GLO-30；沿用海拔图鉴已核对的代表点,2026-10-05,,,,,,
243,百色市百色起义纪念园景区,广西,450000,百色市,451000,2020年,2020,红色纪念,作者按主导景观进行单标签分类；见官方简介,百色起义纪念园以红七军军部旧址（粤东会馆）、百色起义纪念碑园、百色起义纪念馆“老三篇”为核心，加之百色全国廉政教育基地、百色脱贫攻坚展示馆、黄文秀先进事迹展等室内展厅，以及迎龙山公园、中轴线景观区、邓小平手迹碑林、百色起义英雄雕塑园、红军桥、南阁亭等室外纪念景观配套，集红色文化、反腐倡廉、生态文明、民族风情、教育实践、智慧旅游于一体的综合景区，占地3.6平方公里，是广西唯一红色主题的国家AAAAA级旅游景区，也是中央确定的全国12个红色旅游重点景区之一的“两江红旗、百色风雷”景区的核心区。先后荣获全国爱国主义教育基地、全国民族团结进步教育基地、全国民族团结进步模范集体、全国红色旅游目的地、全国中小学生研学实践教育基地、港澳青少年内地游学基地、“我最向往的党史纪念地”、自治区党员教育培训示范基地和全国首批大思政课实践教学基地等20多项国家级荣誉称号。,106.637112,23.905375,公开地图代表点,196.0,,https://sjfw.mct.gov.cn/site/dataservice/base,文旅部地图市属字段；直辖市整体、分界洲/白沙湖按地理位置修订,https://loreroutes.com/data/china-5a-scenic-areas.json,Copernicus GLO-30；沿用海拔图鉴已核对的代表点,2026-10-05,,,,,,
244,北海市涠洲岛南湾鳄鱼山景区,广西,450000,北海市,450500,2020年,2020,自然风光,作者按主导景观进行单标签分类；见官方简介,广西北海涠洲岛南湾鳄鱼山景区，坐落于北部湾海域的涠洲岛西南端，是国家5A级旅游景区。景区总面积约3.8平方公里，包括鳄鱼山、五彩滩、红色广场等景点及部分海域。涠洲岛由火山喷发堆凝而成，是中国地质年龄最年轻的火山岛，岛上遍布典型的火山地质遗迹。鳄鱼山火山口属于世界级地质遗迹，鳄鱼山形似一条匍匐于海面之上的巨鳄，栩栩如生；五彩滩则同时呈现海蚀崖、海蚀洞与海蚀平台“三位一体”的地质结构。南湾鳄鱼山景区景观独特，令人叹为观止，不仅汇聚了旖旎的海岛风光与壮丽的地质奇观，更是领略火山魅力、体验海岛风情的理想之地。,109.111111,21.044444,公开地图代表点,25.0,,https://sjfw.mct.gov.cn/site/dataservice/base,文旅部地图市属字段；直辖市整体、分界洲/白沙湖按地理位置修订,https://loreroutes.com/data/china-5a-scenic-areas.json,Copernicus GLO-30；沿用海拔图鉴已核对的代表点,2026-10-05,,,,,,
245,贺州市黄姚古镇景区,广西,450000,贺州市,451100,2022年,2022,古城古镇,作者按主导景观进行单标签分类；见官方简介,贺州市黄姚古镇景区地处广西贺州市昭平县东北部的黄姚镇，是国家5A级旅游景区，有超1000年的历史。古镇属典型喀斯特地貌，奇峰、溶洞、清溪、古树相映成趣。镇内按九宫八卦布局，300多座明清古建筑错落有致，8条青石板街蜿蜒其中，10余处亭台楼阁、20多座寺观庙祠古韵悠悠，11座特色桥梁横跨溪河。这里的楹联匾额上百幅，文化气息浓郁。古镇发源于宋，兴于明，盛于清，抗战时还是广西革命指挥中心与广西民盟发源地，集岭南文化、山水风光、革命史迹于一身，是“人与自然完美结合的艺术殿堂”。,111.19623,24.25094,公开地图代表点,179.0,,https://sjfw.mct.gov.cn/site/dataservice/base,文旅部地图市属字段；直辖市整体、分界洲/白沙湖按地理位置修订,https://loreroutes.com/data/china-5a-scenic-areas.json,Copernicus GLO-30；沿用海拔图鉴已核对的代表点,2026-10-05,,,,,,
246,柳州市程阳八寨景区,广西,450000,柳州市,450200,2024年,2024,古城古镇,作者按主导景观进行单标签分类；见官方简介,柳州市程阳八寨景区位于广西柳州市三江侗族自治县林溪镇，是国家5A级旅游景区。景区由马鞍、平寨等八个自然村寨组成，面积7.6平方公里，居住着上万侗民。这里属亚热带南岭湿润气候区，群山环绕下，2000余座吊脚楼依地势而建，13座鼓楼巍峨耸立，11座风雨桥横跨溪河，其中程阳永济桥为世界四大历史名桥之一，是侗族木构建筑集大成者。这里保存有国家级非物质文化遗产——侗族木构建筑营造技艺，侗族大歌、芦笙踩堂等民俗活动丰富多彩。作为侗族文化深度体验地，它是“中国侗族文化活态博物馆”。,109.644814,25.905141,公开地图代表点,194.0,,https://sjfw.mct.gov.cn/site/dataservice/base,文旅部地图市属字段；直辖市整体、分界洲/白沙湖按地理位置修订,https://loreroutes.com/data/china-5a-scenic-areas.json,Copernicus GLO-30；沿用海拔图鉴已核对的代表点,2026-10-05,,,,,,
247,崇左市花山岩画景区,广西,450000,崇左市,451400,2024年,2024,历史人文,作者按主导景观进行单标签分类；见官方简介,崇左市花山岩画景区地处广西崇左市宁明县，是世界文化遗产“左江花山岩画文化景观”的核心，也是国家5A级旅游景区。景区属峰丛洼地地貌，石山临江而立。画面面积约8000平方米，清晰可数的共1951个图像，涵盖人物、动物、器物。其创作于战国至东汉，是壮族先民骆越人的祭祀遗迹，以赭红色颜料绘制，风格古朴粗犷。岩画生动展现了古骆越人的社会生活，如祭祀、战争、舞蹈等场景。作为中国首个岩画类世界文化遗产，它具有极高的艺术、历史和科研价值，是壮族文化的瑰宝。,107.040935,22.206276,公开地图代表点,111.0,,https://sjfw.mct.gov.cn/site/dataservice/base,文旅部地图市属字段；直辖市整体、分界洲/白沙湖按地理位置修订,https://loreroutes.com/data/china-5a-scenic-areas.json,Copernicus GLO-30；沿用海拔图鉴已核对的代表点,2026-10-05,,,,,,
248,三亚市南山文化旅游区,海南,460000,三亚市,460200,2007年,2007,宗教文化,作者按主导景观进行单标签分类；见官方简介,南山文化旅游区位于中国热带海滨城市海南省三亚市西部的崖州区，为国家级文明旅游示范单位。自1998年建成以来，秉承“生态为根、文化为魂”的发展理念，现已形成一寺（南山寺）、一苑（南山海上观音苑）、两园（慈航普度园、吉祥如意园）、一谷（长寿谷）、一湾（小月湾）、一中心（具有尼泊尔阿尼哥风格的南山国际非遗中心）的旅游景观群，是集“吃、住、行、游、购、娱”全要素的大型旅游景区，“民俗文化”“生态文化”“福寿文化”“素食文化”“非遗”的落地生根，成为景区“以文塑旅 以旅彰文”的生动实践。“如来如意 自在南山”是三亚南山的新愿景。,109.2069874922677,18.302232825327,公开地图代表点,79.0,,https://sjfw.mct.gov.cn/site/dataservice/base,文旅部地图市属字段；直辖市整体、分界洲/白沙湖按地理位置修订,https://a.amap.com/Loca/static/mock/china5a.csv,Copernicus GLO-30；沿用海拔图鉴已核对的代表点,2026-10-05,,,,,,
249,三亚市大小洞天旅游区,海南,460000,三亚市,460200,2007年,2007,自然风光,作者按主导景观进行单标签分类；见官方简介,"大小洞天旅游区位于海南省三亚市崖州区，为国家5A级旅游景区。 大小洞天旅游区以热带滨海生态资源、自然环境、自然景观、人文气象、道家文化色彩以及历史文化内涵构建景区景点，并据此形成了六个游览区域，即“洞天福地”区域、“福寿南山”区域、“南海龙王”区域、“摩崖题咏”区域、“山海奇观”区域，共有游览景点50多个。景区已有800多年历史，是著名的道家文化风景区，至今仍有“小洞天”,“钓台”,“海山奇观”,“仙人足”,“试剑峰”等历代诗文摩崖石刻。",109.14906660813286,18.309013988604804,公开地图代表点,22.0,,https://sjfw.mct.gov.cn/site/dataservice/base,文旅部地图市属字段；直辖市整体、分界洲/白沙湖按地理位置修订,https://a.amap.com/Loca/static/mock/china5a.csv,Copernicus GLO-30；沿用海拔图鉴已核对的代表点,2026-10-05,0.0,0.0,基本入园免费；游玩项目另计,https://ty.sanya.gov.cn/tyqsite/jrty/202508/a8d7b033563345698d9c2e4bdf065e10.shtml,来源公布的常规标准；采集日不等于价格生效日，实时售价及有效期购票前复核,免费
250,保亭县海南呀诺达雨林文化旅游区,海南,460000,保亭黎族苗族自治县,469029,2012年,2012,自然风光,作者按主导景观进行单标签分类；见官方简介,呀诺达雨林文化旅游区位于海南省保亭黎族苗族自治县，为国家5A级旅游景区，全国旅游标准化示范单位。“呀诺达”是形声词，在海南本土方言中表示一、二、三。景区赋予它新的内涵，“呀”表示创新，“诺”表示承诺，“达”表示践行，同时“呀诺达”又被意为欢迎、你好，表示友好和祝福等。景区集热带雨林、峡谷奇观、流泉叠瀑等多种旅游资源于一身。主要有生肖广场、雨林谷、梦幻谷等多个景观区，有呀诺达雨林、药师峡谷、生肖广场等项目，是海南岛五大热带雨林的浓缩，是具观赏价值的热带雨林资源博览馆。,109.6533081423811,18.45028499715184,公开地图代表点,223.0,,https://sjfw.mct.gov.cn/site/dataservice/base,文旅部地图市属字段；直辖市整体、分界洲/白沙湖按地理位置修订,https://a.amap.com/Loca/static/mock/china5a.csv,Copernicus GLO-30；沿用海拔图鉴已核对的代表点,2026-10-05,,,,,,
251,三亚市海南分界洲岛旅游区,海南,460000,陵水黎族自治县,469028,2013年,2013,自然风光,作者按主导景观进行单标签分类；见官方简介,"分界洲岛旅游区位于海南省陵水黎族自治县，为国家5A级旅游景区。分界洲岛是一个极具热带海岛风情特色的海岛型景区，因特殊的地理位置、气候特征、海岛地形、地域文化等，分界洲有“美女岛”,“观音岛”,“无名岛”,“睡佛岛”,“冰火岛”之誉。分界洲自古就无人居住，有非常洁净的海洋环境和丰富的海洋生态资源，是海南最适宜潜水、观赏海底世界的海岛，其生态环境堪比西沙群岛。这个岛屿地貌比较特殊，山、石、水、暗礁等一概具有，海水清澈、能见度好，潜水条件得天独厚，被国际潜水专家认为是最适宜潜水的胜地之一。",110.19626372546742,18.57794857947309,公开地图代表点,39.0,,https://sjfw.mct.gov.cn/site/dataservice/base,文旅部地图市属字段；直辖市整体、分界洲/白沙湖按地理位置修订,https://a.amap.com/Loca/static/mock/china5a.csv,Copernicus GLO-30；沿用海拔图鉴已核对的代表点,2026-10-05,,,,,,
252,保亭县海南槟榔谷黎苗文化旅游区,海南,460000,保亭黎族苗族自治县,469029,2015年,2015,综合景观,作者按主导景观进行单标签分类；见官方简介,海南岛有个三千年历史的原住民——黎族，黎族主要居住在海南岛的中南部地区，而槟榔谷正是黎族聚居地的典型村落，也是中国首家民族文化5A级旅游景区，被誉为海南民族文化的“活化石”。经过27年的发展与传承，已成为海南黎苗文化的标杆景区。这里有黎族最后一代绣面文身老人，而文身被誉为“海南岛黎族的敦煌壁画”。这里有黎锦馆、文身馆等九大展馆，这里有古老的竹木器乐、船形屋、树皮布、原始制陶技艺等十项国家级非遗保护项目，带您探寻黎族传统文化的前世今生。这里有精彩的《槟榔·古韵》实景演出、《波隆水秀》嬉水狂欢、《波隆火秀》篝火激情及N个非遗小演艺，精彩纷呈，让您快乐不断。来海南必到槟榔谷，看黎村必选槟榔谷。,109.65777558400578,18.39903056329644,公开地图代表点,217.0,,https://sjfw.mct.gov.cn/site/dataservice/base,文旅部地图市属字段；直辖市整体、分界洲/白沙湖按地理位置修订,https://a.amap.com/Loca/static/mock/china5a.csv,Copernicus GLO-30；沿用海拔图鉴已核对的代表点,2026-10-05,,,,,,
253,三亚市蜈支洲岛旅游区,海南,460000,三亚市,460200,2016年,2016,自然风光,作者按主导景观进行单标签分类；见官方简介,蜈支洲岛旅游区位于海南省三亚市海棠区，为国家5A级旅游景区。蜈支洲岛距海岸线2.7公里，方圆1.48平方公里，呈不规则的蝴蝶状，东西长1400米，南北宽1100米。蜈支洲岛享有“中国马尔代夫”的美誉，同时也是世界上为数不多的唯一没有礁石或者鹅卵石混杂的海岛，岛四周海域清澈透明，海水能见度6～27米，形态各异的珊瑚与马鲛鱼、石斑鱼、海胆、海参、对虾、夜光螺及五颜六色的热带鱼一起构成了神奇的海底世界。极目远眺，烟波浩渺，海天一色。,109.761849,18.311352,公开地图代表点,42.0,,https://sjfw.mct.gov.cn/site/dataservice/base,文旅部地图市属字段；直辖市整体、分界洲/白沙湖按地理位置修订,https://loreroutes.com/data/china-5a-scenic-areas.json,Copernicus GLO-30；沿用海拔图鉴已核对的代表点,2026-10-05,,,,,,
254,三亚市天涯海角游览区,海南,460000,三亚市,460200,2024年,2024,自然风光,作者按主导景观进行单标签分类；见官方简介,天涯海角游览区位于海南省三亚市天涯区，为国家5A级旅游景区，国家重点风景名胜区。天涯海角总面积为16.4平方千米，其中陆域面积10.4平方千米，海域面积为6平方千米。因景区两块巨石分别刻有“天涯”、“海角”及郭沫若先生题写的“天涯海角游览区”而得名。天涯海角的自然景观是由大型海滩岩、下马岭、天涯湾以及沙滩和海水组成。游览区主要有“天涯”石、“海角”石、“南天一柱”等景点。,109.34545,18.29298,公开地图代表点,10.0,,https://sjfw.mct.gov.cn/site/dataservice/base,文旅部地图市属字段；直辖市整体、分界洲/白沙湖按地理位置修订,https://loreroutes.com/data/china-5a-scenic-areas.json,Copernicus GLO-30；沿用海拔图鉴已核对的代表点,2026-10-05,0.0,0.0,基本入园免费；车船/项目另计,https://ty.sanya.gov.cn/tyqsite/jrty/202508/a8d7b033563345698d9c2e4bdf065e10.shtml,来源公布的常规标准；采集日不等于价格生效日，实时售价及有效期购票前复核,免费
255,大足石刻景区,重庆,500000,重庆市,500000,2007年,2007,历史人文,作者按主导景观进行单标签分类；见官方简介,大足石刻景区位于重庆市大足区。2007年，确定为国家5A级景区。大足石刻是以佛教题材为主的摩崖石刻，其中以宝顶山摩崖造像和北山摩崖造像最为著名。最初开凿于初唐永徽元年，历经晚唐、五代，盛于两宋，明清时期亦有所增刻，最终形成了一处规模庞大，集中国石刻艺术精华之大成的石刻群，其内容为释、儒、道三教合一，堪称中国晚期石窟艺术的代表。宝顶山石刻景区以宝顶山石刻为主体，包括圣寿寺、广大寺等千年古刹等文博展馆和购物街区，是集观光、旅游、度假于一体的世界遗产地特色文化景区。,105.79191145919646,29.750847858453383,公开地图代表点,499.0,,https://sjfw.mct.gov.cn/site/dataservice/base,文旅部地图市属字段；直辖市整体、分界洲/白沙湖按地理位置修订,https://a.amap.com/Loca/static/mock/china5a.csv,Copernicus GLO-30；沿用海拔图鉴已核对的代表点,2026-10-05,,,,,,
256,小三峡－小小三峡旅游区,重庆,500000,重庆市,500000,2007年,2007,自然风光,作者按主导景观进行单标签分类；见官方简介,小三峡－小小三峡旅游区位于重庆市巫山县。2007年，确定为国家5A级景区。巫山小三峡由大宁河下游流经巫山境内的龙门峡、巴雾峡、滴翠峡组成，与长江大三峡毗邻。为大宁河景区的精华部分所在。巫山小小三峡位于大宁河滴翠峡处的支流马渡河上，是长滩峡、秦王峡、三撑峡的总称，比大宁河小三峡更小，故名“小小三峡”。全长15公里，风景绮丽，水道狭窄，山势奇峻，峡谷幽深，山岩上钟乳石倒悬，千姿百态，原始古朴，置身其间，如入仙境。,109.88245760249984,31.23912441967954,公开地图代表点,215.0,,https://sjfw.mct.gov.cn/site/dataservice/base,文旅部地图市属字段；直辖市整体、分界洲/白沙湖按地理位置修订,https://a.amap.com/Loca/static/mock/china5a.csv,Copernicus GLO-30；沿用海拔图鉴已核对的代表点,2026-10-05,,,,,,
257,喀斯特旅游区,重庆,500000,重庆市,500000,2011年,2011,自然风光,作者按主导景观进行单标签分类；见官方简介,武隆喀斯特旅游区位于重庆市武隆区。2011年，确定为国家5A级景区。景区以罕见且形态全面的喀斯特自然景观著称，涵盖溶洞、天坑、地缝、峡谷、峰丛、高山草原等。其中，天生三桥是世界规模最大的串珠式天生桥群，气势磅礴；仙女山拥有广袤草原与原始森林，兼具南国的温柔与北国的壮美；芙蓉洞以其丰富的次生化学沉积形态，被誉为“世界三大洞穴”之一。景区不仅自然景观雄奇瑰丽，还融合了土家族、苗族、仡佬族等少数民族独特民俗风情。2020年11月18日当选“巴蜀文化旅游走廊新地标”。,107.76342571001584,29.42026158167378,公开地图代表点,1217.0,,https://sjfw.mct.gov.cn/site/dataservice/base,文旅部地图市属字段；直辖市整体、分界洲/白沙湖按地理位置修订,https://a.amap.com/Loca/static/mock/china5a.csv,Copernicus GLO-30；沿用海拔图鉴已核对的代表点,2026-10-05,,,,,,
258,桃花源旅游景区,重庆,500000,重庆市,500000,2012年,2012,古城古镇,作者按主导景观进行单标签分类；见官方简介,桃花源旅游景区位于重庆市位于酉阳土家族苗族自治县。2012年，确定为国家5A级景区。景区总面积50平方千米，由古桃源、太古洞、酉州古城、桃花源森林公园等八部分组成。这里集岩溶地质奇观与多元文化于一体：太古洞钟乳石造型奇特，展现喀斯特地貌之美；古桃源以陶渊明笔下《桃花源记》为蓝本，还原秦晋农耕文化意境。酉州古城、桃源大舞台等区域，集中展示土家族、苗族的吊脚楼建筑、歌舞民俗，传承悠久灿烂的民族文化。景区浓缩了武陵山区最美的原生态田园风光，是休闲度假与文化体验的理想去处。,108.757704,28.843553,公开地图代表点,679.0,,https://sjfw.mct.gov.cn/site/dataservice/base,文旅部地图市属字段；直辖市整体、分界洲/白沙湖按地理位置修订,https://loreroutes.com/data/china-5a-scenic-areas.json,Copernicus GLO-30；沿用海拔图鉴已核对的代表点,2026-10-05,100.0,100.0,基础门票；交通及体验项目另计,https://whlyw.cq.gov.cn/zjwl/yzq/,来源公布的常规标准；采集日不等于价格生效日，实时售价及有效期购票前复核,100元
259,万盛黑山谷-龙鳞石海风景区,重庆,500000,重庆市,500000,2012年,2012,自然风光,作者按主导景观进行单标签分类；见官方简介,万盛黑山谷-龙鳞石海风景区位于重庆市万盛经济技术开发区。2012年，确定为国家5A级景区。景区由黑山谷、万盛石林（龙鳞石海）两大核心部分构成，融合了喀斯特地貌与生态景观精华。黑山谷以原始生态著称，峻岭峰林连绵，幽峡峭壁险峻，森林竹海苍翠，飞瀑碧水灵动，更有仿古栈道、浮桥点缀其间，5峡、7区、12峰、99瀑、108潭等景观星罗棋布，尽显渝黔山水之美，被誉为“渝南九寨沟”。万盛石林（龙鳞石海）则以奇特的石林景观闻名，怪石嶙峋，造型各异，宛如天然的“地质大观园”。,106.99226088530592,28.888393901341622,公开地图代表点,1481.0,,https://sjfw.mct.gov.cn/site/dataservice/base,文旅部地图市属字段；直辖市整体、分界洲/白沙湖按地理位置修订,https://a.amap.com/Loca/static/mock/china5a.csv,Copernicus GLO-30；沿用海拔图鉴已核对的代表点,2026-10-05,,,,,,
260,金佛山景区,重庆,500000,重庆市,500000,2013年,2013,自然风光,作者按主导景观进行单标签分类；见官方简介,金佛山景区位于重庆市南川城区之南。2014年，金佛山景区被列入“世界自然遗产名录”；2013年，确定为国家5A级景区。景区由金佛、柏枝、箐坝三山组成，涵盖南川区南部区域，总面积达1300平方千米，约占南川区总面积的一半，其中风景名胜区规划面积441平方千米，核心景区面积66平方千米。金佛山以丰富的喀斯特地貌景观著称，悬崖绝壁巍峨险峻，峡谷幽深静谧，奇峰怪石形态各异；溶洞内钟乳石琳琅满目，生态石林独特壮观；泉瀑灵动秀丽，美轮美奂。其承载着世界自然遗产的独特魅力与地质科研价值。,107.12295913244826,29.052096949580413,公开地图代表点,682.0,,https://sjfw.mct.gov.cn/site/dataservice/base,文旅部地图市属字段；直辖市整体、分界洲/白沙湖按地理位置修订,https://a.amap.com/Loca/static/mock/china5a.csv,Copernicus GLO-30；沿用海拔图鉴已核对的代表点,2026-10-05,80.0,70.0,基础门票；交通及体验项目另计,https://whlyw.cq.gov.cn/zjwl/yzq/,来源公布的常规标准；采集日不等于价格生效日，实时售价及有效期购票前复核,80元
261,四面山景区,重庆,500000,重庆市,500000,2015年,2015,自然风光,作者按主导景观进行单标签分类；见官方简介,四面山景区位于重庆市江津区。2015年，确定为国家5A级景区。  景区幅员面积213.37平方千米，海拔在1000-1500米之间，森林覆盖率高达97%。作为地球同纬度仅存的亚热带原始常绿阔叶林带，这里拥有动植物约1700多种，被联合国生态保护专家誉为难得的“天然物种基因库”。望乡台、土地岩、龙潭湖、洪海、珍珠湖等核心景区，共128个景点星罗棋布，以“奇山”“异水”“红石”“厚文”四大特色闻名：奇山巍峨壮观，异水飞瀑流泉，赤壁丹岩的红石景观独特，更积淀了深厚的人文底蕴，是兼具生态观光、科普研学与文化体验的旅游胜地。,106.40523575388606,28.6094206456422,公开地图代表点,1204.0,,https://sjfw.mct.gov.cn/site/dataservice/base,文旅部地图市属字段；直辖市整体、分界洲/白沙湖按地理位置修订,https://a.amap.com/Loca/static/mock/china5a.csv,Copernicus GLO-30；沿用海拔图鉴已核对的代表点,2026-10-05,90.0,60.0,基础门票；交通及体验项目另计,https://whlyw.cq.gov.cn/zjwl/yzq/,来源公布的常规标准；采集日不等于价格生效日，实时售价及有效期购票前复核,90元
262,龙缸景区,重庆,500000,重庆市,500000,2017年,2017,自然风光,作者按主导景观进行单标签分类；见官方简介,龙缸景区位于重庆市云阳县。2017年，确定为国家5A级景区。景区总面积217平方千米，核心景区17.22平方千米，是喀斯特地貌的典型代表，集中展现了漏斗、石芽、峰丛、溶洞等丰富地貌景观，地下暗河深邃神秘，极具地质科考价值。龙缸天坑深约335米，形如巨缸，气势磅礴；云端廊桥悬挑26.68米，可360度俯瞰壮美峡谷；绝壁栈道沿悬崖而建，惊险刺激；大安洞钟乳石造型万千，瑰丽奇幻；岐山草原广袤无垠，石笋河蜿蜒清幽，清水湖碧波荡漾。自然景观与人文设施巧妙融合，为游客带来震撼的视觉体验与难忘的游览感受。,108.98875405820432,30.658591586613404,公开地图代表点,1091.0,,https://sjfw.mct.gov.cn/site/dataservice/base,文旅部地图市属字段；直辖市整体、分界洲/白沙湖按地理位置修订,https://a.amap.com/Loca/static/mock/china5a.csv,Copernicus GLO-30；沿用海拔图鉴已核对的代表点,2026-10-05,100.0,100.0,基础门票；交通及体验项目另计,https://whlyw.cq.gov.cn/zjwl/yzq/,来源公布的常规标准；采集日不等于价格生效日，实时售价及有效期购票前复核,100元
263,阿依河景区,重庆,500000,重庆市,500000,2019年,2019,自然风光,作者按主导景观进行单标签分类；见官方简介,阿依河景区位于重庆市彭水县。2019年，确定为国家5A级景区。景区功能分区明确，涵盖3大观光游览区、2大休闲度假区、2大体验区、1个激情漂流区及1个特色商品服务区。峡谷观光区峭壁对峙，步游观光区曲径通幽，竹筏观光区悠然惬意；接待中心与牛角寨两处度假区，展现浓郁民族风情；漂流体验区惊险刺激，户外体验区充满挑战。8大游览项目各具特色，“峡谷听音”感受山水静谧，“竹筏放歌”畅享悠然时光，“浪遏飞舟”体验漂流激情，还有青龙天梯、青龙洞等景点，集自然风光与民俗体验于一体。,108.114037,29.155562,公开地图代表点,479.0,,https://sjfw.mct.gov.cn/site/dataservice/base,文旅部地图市属字段；直辖市整体、分界洲/白沙湖按地理位置修订,https://loreroutes.com/data/china-5a-scenic-areas.json,Copernicus GLO-30；沿用海拔图鉴已核对的代表点,2026-10-05,90.0,70.0,基础门票；交通及体验项目另计,https://whlyw.cq.gov.cn/zjwl/yzq/,来源公布的常规标准；采集日不等于价格生效日，实时售价及有效期购票前复核,90元
264,濯水景区,重庆,500000,重庆市,500000,2020年,2020,古城古镇,作者按主导景观进行单标签分类；见官方简介,濯(zhuó)水景区位于重庆市黔江区。2020年，确定为国家5A级旅游景区。景区规划面积12.9平方公里，核心景区4.8平方公里，景区内江河交汇，濯水古镇风华悠远，承载着巴文化、土家文化与其它文化的融合、传承、创新的亲情，同时码头文化、商贾文化、场镇文化以及丰富多彩的文化艺术遗存相互交织；世界第一风雨廊桥跨江河、连两岸、通三地，似仰天长啸飞龙欲绝尘而去；蒲花暗河蜿蜒曲折，婀娜多姿，水上天生三桥犹如鬼斧神工。濯水景区如一颗璀璨明珠镶嵌在阿蓬江上，串联起濯水古镇、蒲花暗河和蒲花休闲农业体验园，共同构成集古镇旅游、地质奇观、农业生态为一体的综合型旅游景区。,108.76975,29.30612,公开地图代表点,422.0,,https://sjfw.mct.gov.cn/site/dataservice/base,文旅部地图市属字段；直辖市整体、分界洲/白沙湖按地理位置修订,https://loreroutes.com/data/china-5a-scenic-areas.json,Copernicus GLO-30；沿用海拔图鉴已核对的代表点,2026-10-05,,,,,,
265,白帝城•瞿塘峡景区,重庆,500000,重庆市,500000,2022年,2022,历史人文,作者按主导景观进行单标签分类；见官方简介,白帝城•瞿塘峡景区位于重庆市奉节县。2022年，确定为国家5A级景区。白帝城原名子阳城，西汉末年公孙述据险筑城，公元25年自封白帝，改为白帝城。公元36年，在白帝山修建了白帝庙以供奉祭祀公孙述。明嘉靖十二年（公元1533年），庙内改祀刘备、诸葛亮。瞿塘峡紧邻白帝城，全长8公里，集雄、奇、险、峻为一体，是三峡中最短、最窄、最险的一段峡谷。瞿塘峡内北岸赤甲山上有老关庙文化遗址等景点；南岸白盐山有孟良梯古栈道遗迹等景观。,109.570541,31.04349,公开地图代表点,224.0,,https://sjfw.mct.gov.cn/site/dataservice/base,文旅部地图市属字段；直辖市整体、分界洲/白沙湖按地理位置修订,https://loreroutes.com/data/china-5a-scenic-areas.json,Copernicus GLO-30；沿用海拔图鉴已核对的代表点,2026-10-05,100.0,60.0,基础门票；交通及体验项目另计,https://whlyw.cq.gov.cn/zjwl/yzq/,来源公布的常规标准；采集日不等于价格生效日，实时售价及有效期购票前复核,100元
266,武陵山大裂谷景区,重庆,500000,重庆市,500000,2024年,2024,自然风光,作者按主导景观进行单标签分类；见官方简介,武陵山大裂谷景区地处重庆市涪陵区城东南约40公里的武陵山镇境内，位于武陵山脉西北尾端，乌江下游东岸。景区由亿万年地壳运动和喀斯特地貌共同作用形成，集“地质奇观、枳巴文化”于一体，景观类型层次丰富，形象奇绝，是中国南方喀斯特地貌的典型代表。2024年，被评为国家5A级旅游景区。景区占地面积达29.96平方千米，平均海拔1300米，最高处1780米，森林覆盖率在92.7%以上。主要由峭壁、奇峰、溶洞、峡谷、地缝等构成，核心区域为一条长10公里的原生态峡谷，景区内原生植被丰富，种类繁多，有2000余种野生植物和200余种野生动物。十里大峡谷气势壮美雄浑，谷底奇石林立、溪流潺潺，天然绝壁绵延数里。著名景观有铜墙铁壁、如来神掌、将军石、青天峡地缝等，令人称奇，是旅游观光、亲近自然、生态康养、研学旅行的理想之地。,107.56584706991396,29.498487492547493,公开地图代表点,839.0,,https://sjfw.mct.gov.cn/site/dataservice/base,文旅部地图市属字段；直辖市整体、分界洲/白沙湖按地理位置修订,https://ditu.amap.com/place/B00170I3ZA,Copernicus GLO-30；沿用海拔图鉴已核对的代表点,2026-10-05,70.0,35.0,基础门票；交通及体验项目另计,https://whlyw.cq.gov.cn/zjwl/yzq/,来源公布的常规标准；采集日不等于价格生效日，实时售价及有效期购票前复核,70元
267,成都市青城山－都江堰旅游景区,四川,510000,成都市,510100,2007年,2007,综合景观,作者按主导景观进行单标签分类；见官方简介,成都市青城山－都江堰旅游景区位于四川省成都市都江堰市，为世界文化遗产、国家5A级景区。青城山景区面积约200 平方千米，素有“青城天下幽”美誉，是道教发祥地，被誉为道教四大名山之一，历史超两千年。主要景点有建福宫、上清宫等，古木参天，环境清幽，道教文化浓郁。都江堰景区坐落在成都平原西部岷江上，两千多年来持续发挥防洪灌溉作用。由鱼嘴分水堤、飞沙堰、宝瓶口等构成，是世界水利文化的鼻祖。主要景点有安澜索桥、伏龙观等，在此能领略古人伟大治水智慧。,103.57746880838884,31.00025283593069,公开地图代表点,1170.0,,https://sjfw.mct.gov.cn/site/dataservice/base,文旅部地图市属字段；直辖市整体、分界洲/白沙湖按地理位置修订,https://a.amap.com/Loca/static/mock/china5a.csv,Copernicus GLO-30；沿用海拔图鉴已核对的代表点,2026-10-05,,,,,,
268,乐山市峨眉山景区,四川,510000,乐山市,511100,2007年,2007,宗教文化,作者按主导景观进行单标签分类；见官方简介,乐山市峨眉山景区地处四川省乐山市峨眉山市，是国家5A级旅游景区，1996年入选世界文化与自然双遗产，2024年入选首批“世界旅游名山”。景区位于四川盆地西南边缘向青藏高原过渡地带，核心区面积154平方千米，最高峰万佛顶海拔3099米。作为背斜断块山，这里地质构造复杂，保存了完整沉积地层，有“地质博物馆”之称。其气候垂直分布明显，森林覆盖率达92%，高等植物超3700种，野生动物约2300种，是重要生态屏障。峨眉山作为中国佛教四大名山之一，佛教文化传承近两千年，留存报国寺、万年寺等诸多古刹，是普贤菩萨道场，在宗教文化与自然景观领域地位显著，吸引着全球游客。,103.3498743794382,29.54523811100707,公开地图代表点,2362.0,,https://sjfw.mct.gov.cn/site/dataservice/base,文旅部地图市属字段；直辖市整体、分界洲/白沙湖按地理位置修订,https://a.amap.com/Loca/static/mock/china5a.csv,Copernicus GLO-30；沿用海拔图鉴已核对的代表点,2026-10-05,160.0,110.0,游山门票；索道/观光车另计,https://www.leshan.gov.cn/lsswszf/zzzqgsgg/760644150124613.html,来源公布的常规标准；采集日不等于价格生效日，实时售价及有效期购票前复核,160元
269,阿坝州九寨沟景区,四川,510000,阿坝藏族羌族自治州,513200,2007年,2007,自然风光,作者按主导景观进行单标签分类；见官方简介,阿坝州九寨沟景区位于四川省阿坝藏族羌族自治州九寨沟县漳扎镇，是国家5A级旅游景区，也是世界自然遗产、世界生物圈保护区、国家重点风景名胜区。景区地处青藏高原向四川盆地过渡地带，地质构造复杂，造就了独特的喀斯特地貌。翠海、叠瀑、彩林、雪峰、藏情，被誉为九寨沟“五绝”。这里生活着藏、羌等少数民族，民俗风情浓郁。九寨沟凭借其绝美的自然风光，在全球自然景观旅游中占据重要地位，是人们向往的人间仙境。,103.91532152022268,33.126985417914774,公开地图代表点,2886.0,,https://sjfw.mct.gov.cn/site/dataservice/base,文旅部地图市属字段；直辖市整体、分界洲/白沙湖按地理位置修订,https://a.amap.com/Loca/static/mock/china5a.csv,Copernicus GLO-30；沿用海拔图鉴已核对的代表点,2026-10-05,190.0,80.0,大门票；旺季观光车另90元/淡季80元,https://www.jiuzhai.com/intelligent-service/tickets,来源公布的常规标准；采集日不等于价格生效日，实时售价及有效期购票前复核,190元
270,乐山市乐山大佛景区,四川,510000,乐山市,511100,2011年,2011,历史人文,作者按主导景观进行单标签分类；见官方简介,乐山大佛景区地处四川省乐山市市中区南、岷江东岸，是国家5A级旅游景区，作为世界文化与自然双重遗产“峨眉山-乐山大佛”的关键构成部分，承载深厚底蕴。乐山大佛景区面积18.46平方公里，其核心景观乐山大佛坐落于岷江、青衣江、大渡河三江汇流处的栖鸾峰。乐山大佛又称嘉州凌云寺大弥勒石像，于唐代开元元年（713年）动工，贞元十九年（803年）完工，耗时约九十年。佛像通高71米，为世界现存最大露天摩崖石刻造像，工艺登峰造极。周边灵宝塔、凌云寺、乌尤离堆等古迹环绕，尤为精妙的是，乐山大佛端坐于天然巨型睡佛的心胸之间，二者相融，构成“佛在心中”的绝妙禅蕴。景区凭借独特佛教文化与震撼的石刻艺术，吸引全球游客前来领略其魅力。,103.77220742643232,29.541479774329225,公开地图代表点,385.0,,https://sjfw.mct.gov.cn/site/dataservice/base,文旅部地图市属字段；直辖市整体、分界洲/白沙湖按地理位置修订,https://a.amap.com/Loca/static/mock/china5a.csv,Copernicus GLO-30；沿用海拔图鉴已核对的代表点,2026-10-05,,,,,,
271,阿坝州黄龙风景名胜区,四川,510000,阿坝藏族羌族自治州,513200,2012年,2012,自然风光,作者按主导景观进行单标签分类；见官方简介,阿坝州黄龙风景名胜区地处四川省阿坝藏族羌族自治州松潘县瑟尔磋寨，是国家5A级旅游景区，属于世界自然遗产、世界人与生物圈保护区、国家重点风景名胜区。景区位于青藏高原东部边缘，岷山山脉南段，以罕见的喀斯特钙华地貌闻名。钙华滩流、彩池、雪山、峡谷、森林相互映衬，形成“人间瑶池”的绝美景观。这里还是藏、羌等民族聚居地，民俗文化丰富。作为中国独特的自然奇观，黄龙风景名胜区在世界自然景观旅游版图中地位显著，吸引着全球游客前来领略其独特魅力。,103.8307773621774,32.74547323786045,公开地图代表点,3357.0,,https://sjfw.mct.gov.cn/site/dataservice/base,文旅部地图市属字段；直辖市整体、分界洲/白沙湖按地理位置修订,https://a.amap.com/Loca/static/mock/china5a.csv,Copernicus GLO-30；沿用海拔图鉴已核对的代表点,2026-10-05,170.0,60.0,基础门票；索道另计,https://www.songpan.gov.cn/spxrmzf/c100134/202409/61ca141c067e4d67b419ea8def5b73e9.shtml,来源公布的常规标准；采集日不等于价格生效日，实时售价及有效期购票前复核,170元
272,绵阳市北川羌城旅游区,四川,510000,绵阳市,510700,2013年,2013,综合景观,作者按主导景观进行单标签分类；见官方简介,绵阳市北川羌城旅游区位于四川省绵阳市北川羌族自治县，是国家5A级旅游景区，也是全国唯一的羌族自治县旅游景区。景区地处四川盆地西北部，地势西北高、东南低。这里有着浓郁的羌族文化特色，古老的羌族建筑、独特的民俗风情，如羌族歌舞、羌绣等，展现出羌族悠久历史。北川地震纪念馆铭记着沉痛历史，承载着抗震救灾与重建精神。作为羌族文化传承与展示的重要窗口，它在推动羌族文化传播、促进旅游发展中发挥关键作用，吸引众多游客前来感受独特魅力。,104.467477,31.619073,公开地图代表点,567.0,,https://sjfw.mct.gov.cn/site/dataservice/base,文旅部地图市属字段；直辖市整体、分界洲/白沙湖按地理位置修订,https://loreroutes.com/data/china-5a-scenic-areas.json,Copernicus GLO-30；沿用海拔图鉴已核对的代表点,2026-10-05,,,,,,
273,阿坝州汶川特别旅游区,四川,510000,阿坝藏族羌族自治州,513200,2013年,2013,综合景观,作者按主导景观进行单标签分类；见官方简介,阿坝州汶川特别旅游区位于四川省阿坝藏族羌族自治州汶川县，是国家5A级旅游景区。此地地处四川盆地西北部边缘，龙门山脉和邛崃山脉分别位于其东北和西南部。景区特色鲜明，映秀震中纪念馆等地承载着沉痛且深刻的历史记忆，展现了抗震救灾与灾后重建的伟大精神。同时，这里是藏、羌、回、汉等多民族聚居地，民族文化多元，如古老羌寨等展现出独特人文风情。它既是铭记灾难历史的重要场所，也是展示民族文化融合与重生力量的旅游胜地。,103.41715182053176,30.93376249021055,公开地图代表点,953.0,,https://sjfw.mct.gov.cn/site/dataservice/base,文旅部地图市属字段；直辖市整体、分界洲/白沙湖按地理位置修订,https://a.amap.com/Loca/static/mock/china5a.csv,Copernicus GLO-30；沿用海拔图鉴已核对的代表点,2026-10-05,,,,,,
274,南充市阆中古城旅游景区,四川,510000,南充市,511300,2013年,2013,古城古镇,作者按主导景观进行单标签分类；见官方简介,南充市阆中古城旅游景区位于四川省南充市阆中市，是国家5A级旅游景区、世界千年古县、中国四大古城之一、国家级旅游休闲街区。古城地处四川盆地东北部、嘉陵江中下游，三面环水、一面靠山，地势呈西南低东北高走势。其建城史超2300年，战国时为巴国国都，明清时建筑风貌留存至今，100多个院落、90多条街巷有序分布。这里风水文化独特，契合传统风水格局；三国文化浓郁，蜀汉名将张飞曾在此镇守，汉桓侯祠承载追思；科举文化兴盛，四川贡院见证“状元之乡”辉煌。作为中国古代城市建设典范，阆中古城吸引无数游客前来，感受深厚历史文化底蕴。,105.97515612558696,31.57321052342161,公开地图代表点,362.0,,https://sjfw.mct.gov.cn/site/dataservice/base,文旅部地图市属字段；直辖市整体、分界洲/白沙湖按地理位置修订,https://a.amap.com/Loca/static/mock/china5a.csv,Copernicus GLO-30；沿用海拔图鉴已核对的代表点,2026-10-05,,,,,,
275,广安市邓小平故里旅游区,四川,510000,广安市,511600,2013年,2013,红色纪念,作者按主导景观进行单标签分类；见官方简介,广安市邓小平故里旅游区位于四川省广安市协兴镇牌坊村，是国家5A级旅游景区、全国重点文物保护单位、全国爱国主义教育示范基地。景区地势平坦开阔，绿化良好。这里是邓小平同志的诞生地，保留有邓小平故居等众多与他相关的历史遗迹，生动展现邓小平同志青少年时期的生活场景。深厚的人文历史内涵，使其成为缅怀伟人、传承红色文化的重要场所。无数游客前来瞻仰伟人风采，汲取精神力量，在全国红色旅游中占据举足轻重的地位。,106.63276160372374,30.51634435088505,公开地图代表点,351.0,,https://sjfw.mct.gov.cn/site/dataservice/base,文旅部地图市属字段；直辖市整体、分界洲/白沙湖按地理位置修订,https://a.amap.com/Loca/static/mock/china5a.csv,Copernicus GLO-30；沿用海拔图鉴已核对的代表点,2026-10-05,,,,,,
276,广元市剑门蜀道剑门关旅游景区,四川,510000,广元市,510800,2015年,2015,历史人文,作者按主导景观进行单标签分类；见官方简介,广元市剑门蜀道剑门关旅游景区位于四川省广元市剑阁县剑门关镇，是国家5A级旅游景区，也是国家级风景名胜区。景区地处四川盆地北部边缘，属剑门山脉，地势险要，有“一夫当关，万夫莫开”之势。其以剑门关为核心，峡谷幽深，峭壁千丈，独特的砾岩丹霞地貌令人称奇。剑门关历史悠久，是古蜀道重要关隘，三国文化底蕴深厚，诸葛亮曾在此设关。如今，它是连接古今蜀道文化的关键节点，吸引众多游客前来感受历史与自然交融之美。,105.5610897333866,32.22110458754323,公开地图代表点,679.0,,https://sjfw.mct.gov.cn/site/dataservice/base,文旅部地图市属字段；直辖市整体、分界洲/白沙湖按地理位置修订,https://a.amap.com/Loca/static/mock/china5a.csv,Copernicus GLO-30；沿用海拔图鉴已核对的代表点,2026-10-05,,,,,,
277,南充市朱德故里景区,四川,510000,南充市,511300,2016年,2016,红色纪念,作者按主导景观进行单标签分类；见官方简介,南充市朱德故里景区位于四川省南充市仪陇县马鞍镇，是国家5A级旅游景区、全国爱国主义教育示范基地、全国重点文物保护单位。景区地势略有起伏，植被茂盛。这里是朱德同志的故乡，完整保留了朱德故居、朱德诞生地等众多与他相关的遗迹。通过丰富的文物史料，生动展现了朱德同志波澜壮阔的一生。深厚的红色文化底蕴，使其成为缅怀革命先辈、传承红色基因的重要场所，在全国红色旅游格局中具有重要地位，吸引无数游客前来瞻仰学习。,106.598037512777,31.464759457645165,公开地图代表点,478.0,,https://sjfw.mct.gov.cn/site/dataservice/base,文旅部地图市属字段；直辖市整体、分界洲/白沙湖按地理位置修订,https://a.amap.com/Loca/static/mock/china5a.csv,Copernicus GLO-30；沿用海拔图鉴已核对的代表点,2026-10-05,,,,,,
278,甘孜州海螺沟景区,四川,510000,甘孜藏族自治州,513300,2017年,2017,自然风光,作者按主导景观进行单标签分类；见官方简介,甘孜州海螺沟景区坐落于四川省甘孜藏族自治州泸定县磨西镇，是国家5A级旅游景区、国家级风景名胜区、国家地质公园。景区处于贡嘎山东坡，地势复杂，海拔跨度大。其最显著的特色是拥有低海拔现代冰川，冰川舌直伸入原始森林6公里，蔚为壮观。周边有温泉分布，冷热交融，别具一格。这里也是多民族聚居地，藏、汉等民族文化相互交融，磨西古镇承载着悠久历史。海螺沟以独特景观，在国内冰川旅游领域占据重要地位，吸引众多游客前来探秘。,101.9994482156182,29.57714281809491,公开地图代表点,2974.0,,https://sjfw.mct.gov.cn/site/dataservice/base,文旅部地图市属字段；直辖市整体、分界洲/白沙湖按地理位置修订,https://a.amap.com/Loca/static/mock/china5a.csv,Copernicus GLO-30；沿用海拔图鉴已核对的代表点,2026-10-05,,,,,,
279,雅安市碧峰峡旅游景区,四川,510000,雅安市,511800,2019年,2019,自然风光,作者按主导景观进行单标签分类；见官方简介,雅安市碧峰峡旅游景区位于四川省雅安市雨城区碧峰峡镇，是国家5A级旅游景区、全国科普教育基地、全国旅游服务标准化示范试点单位。 地处四川盆地向青藏高原过渡地带，面积20平方千米，森林覆盖率超95%。主体为生态大裂谷，呈“V”字形，峡谷内植被葱郁，四季青碧。景区由野生动物世界、生态峡谷景区、大熊猫基地构成。野生动物园有各类野生动物1000余头（只、尾）；生态峡谷以瀑布、植被、峡景为特色；大熊猫基地有60余只大熊猫，是重要科研、繁殖、旅游场所。凭借丰富景观与多样体验，其在国内旅游市场占据重要地位。,102.988,30.0773,公开地图代表点,1050.0,,https://sjfw.mct.gov.cn/site/dataservice/base,文旅部地图市属字段；直辖市整体、分界洲/白沙湖按地理位置修订,https://loreroutes.com/data/china-5a-scenic-areas.json,Copernicus GLO-30；沿用海拔图鉴已核对的代表点,2026-10-05,,,,,,
280,巴中市光雾山旅游景区,四川,510000,巴中市,511900,2020年,2020,自然风光,作者按主导景观进行单标签分类；见官方简介,巴中市光雾山旅游景区位于四川省巴中市南江县北部，是国家5A级旅游景区、世界地质公园。景区处于大巴山系的米仓山地区，拥有典型的喀斯特地貌，山峰奇特、峡谷幽深、溶洞遍布。每年秋季，漫山遍野的红叶将景区装点得如诗如画，“亚洲最长红地毯”美誉闻名遐迩。这里人文历史悠久，留存着古蜀道文化遗迹。作为川东北重要旅游名片，光雾山旅游景区凭借独特景观，吸引大量游客，在国内自然景观旅游中占据重要地位。,106.852,32.577,公开地图代表点,1073.0,,https://sjfw.mct.gov.cn/site/dataservice/base,文旅部地图市属字段；直辖市整体、分界洲/白沙湖按地理位置修订,https://loreroutes.com/data/china-5a-scenic-areas.json,Copernicus GLO-30；沿用海拔图鉴已核对的代表点,2026-10-05,,,,,,
281,甘孜州稻城亚丁旅游景区,四川,510000,甘孜藏族自治州,513300,2020年,2020,自然风光,作者按主导景观进行单标签分类；见官方简介,甘孜州稻城亚丁旅游景区位于四川省甘孜藏族自治州稻城县香格里拉镇，是国家5A级旅游景区、国家级自然保护区、世界人与生物圈保护区。景区地处青藏高原东南部，横断山脉东侧，地貌类型丰富，雪山、冰川、峡谷、森林、草甸、湖泊交相辉映。仙乃日、央迈勇、夏诺多吉三座神山巍峨耸立，神圣庄严。这里是藏传佛教的朝圣地，承载着深厚的宗教文化。稻城亚丁凭借绝美风光，在国内外旅游界占据重要地位，吸引无数游客前来领略“最后的香格里拉”之美。,100.233333,28.366667,公开地图代表点,2826.0,,https://sjfw.mct.gov.cn/site/dataservice/base,文旅部地图市属字段；直辖市整体、分界洲/白沙湖按地理位置修订,https://loreroutes.com/data/china-5a-scenic-areas.json,Copernicus GLO-30；沿用海拔图鉴已核对的代表点,2026-10-05,,,,,,
282,成都市安仁古镇景区,四川,510000,成都市,510100,2022年,2022,古城古镇,作者按主导景观进行单标签分类；见官方简介,成都市安仁古镇景区地处四川省成都市大邑县安仁镇，是国家5A级旅游景区，还是 “中国历史文化名镇”。古镇历史悠久，唐武德三年设县，元朝时归入大邑县。镇内现存诸多旧式街坊建筑，多建于明末清初，30万平方米的历史街区、庄园住宅与古建筑群保存完好，建筑风格融合中西特色，尽显“川西建筑文化精品”魅力。有刘氏庄园、建川博物馆两个国家4A级旅游景区，27座老公馆群落别具韵味，48座现代博物馆场馆藏品丰富，超1000万件藏品中，不乏3655件国家一级文物，2009年被授予 “中国博物馆小镇” 称号。,103.61428,30.51691,公开地图代表点,499.0,,https://sjfw.mct.gov.cn/site/dataservice/base,文旅部地图市属字段；直辖市整体、分界洲/白沙湖按地理位置修订,https://loreroutes.com/data/china-5a-scenic-areas.json,Copernicus GLO-30；沿用海拔图鉴已核对的代表点,2026-10-05,,,,,,
283,阿坝州四姑娘山景区,四川,510000,阿坝藏族羌族自治州,513200,2024年,2024,自然风光,作者按主导景观进行单标签分类；见官方简介,阿坝州四姑娘山景区位于四川省阿坝藏族羌族自治州小金县四姑娘山镇，是国家 5A 级旅游景区、国家级风景名胜区、国家地质公园、国家级自然保护区。景区地处青藏高原东部边缘、横断山脉东北端，属邛崃山脉。由四座沿西南-东北走向、海拔递增的连绵山峰构成，幺妹峰海拔 6250 米，为邛崃山脉之首、四川第二高峰。其峡谷幽深、森林茂密、湖泊星罗棋布，三条沟呈 “川” 字排列。这里是嘉绒藏族聚居地，民俗文化独特。四姑娘山凭借多样地貌与壮丽风光，在国内山岳型景区中占据重要地位，是户外运动与生态旅游的热门之选。,102.8243885210294,31.09683155239053,公开地图代表点,4663.0,,https://sjfw.mct.gov.cn/site/dataservice/base,文旅部地图市属字段；直辖市整体、分界洲/白沙湖按地理位置修订,https://ditu.amap.com/place/B0345001CJ,Copernicus GLO-30；沿用海拔图鉴已核对的代表点,2026-10-05,,,,,,
284,成都市天台山景区,四川,510000,成都市,510100,2024年,2024,自然风光,作者按主导景观进行单标签分类；见官方简介,成都市天台山景区位于四川省成都市邛崃市西南端，地处成都与雅安交界处，是国家5A级旅游景区、世界自然遗产四川大熊猫栖息地的外围保护地、国家级森林公园、国家级风景名胜区。景区属于罕见的箱状向斜山地，丹霞地貌丰富，山势由低到高形成三级台地，有高山宽河、瀑布叠溪等多样景观。这里历史文化底蕴深厚，曾是古“邛”族生息地，儒释道三教共山，留下了和尚衙门等众多遗迹。此外，作为亚洲最大的萤火虫观赏基地之一，萤火虫景观也极具特色。,103.113544,30.2816,公开地图代表点,1276.0,,https://sjfw.mct.gov.cn/site/dataservice/base,文旅部地图市属字段；直辖市整体、分界洲/白沙湖按地理位置修订,https://loreroutes.com/data/china-5a-scenic-areas.json,Copernicus GLO-30；沿用海拔图鉴已核对的代表点,2026-10-05,,,,,,
285,安顺市黄果树大瀑布景区,贵州,520000,安顺市,520400,2007年,2007,自然风光,作者按主导景观进行单标签分类；见官方简介,黄果树大瀑布景区位于贵州省西南部，距安顺市区38公里，坐落在白水河上游，属珠江水系。景区开放于1980年，2007年被评为首批国家5A级旅游景区。景区内植被类型丰富，仙人掌、古榕、杜鹃等植物在此繁茂生长，生动呈现了喀斯特地区特有的生态环境。这里空气清新，负氧离子浓度高达每立方厘米2.8万个，素有“天然大氧吧”的美誉。黄果树大瀑布高77.8米，宽101米，气势恢宏。瀑布后方藏有一条长达134米的水帘洞，由6个洞窗、5个洞厅、3个洞泉和6条通道构成，游客可穿行其间，感受瀑流奔涌的震撼。该瀑布也是世界上唯一可从上下、前后、左右多方位观赏的瀑布，更是唯一可听、可观、可触摸的瀑布，让人得以近距离沉浸于自然之力中。黄果树大瀑布景区文化底蕴深厚。明代旅行家徐霞客曾亲临游历并留下详实记载，助推其声名远播；电视剧《西游记》在此取景，更为其注入了浓厚的西游文化色彩。景区以雄奇的瀑布景观为核心，融合自然奇观、历史人文与民族风情，是一处集观光游览、休闲度假、科普教育与文化体验于一体的综合型旅游目的地。,105.666,25.992,公开地图代表点,978.0,,https://sjfw.mct.gov.cn/site/dataservice/base,文旅部地图市属字段；直辖市整体、分界洲/白沙湖按地理位置修订,https://loreroutes.com/data/china-5a-scenic-areas.json,Copernicus GLO-30；沿用海拔图鉴已核对的代表点,2026-10-05,160.0,150.0,政府目录基础门票；车船索道另计,https://fgw.guizhou.gov.cn/zwgk/zdlyxx/jffw/zcwj/202601/P020260205655508332150.pdf,来源公布的常规标准；采集日不等于价格生效日，实时售价及有效期购票前复核,160元
286,安顺市龙宫景区,贵州,520000,安顺市,520400,2007年,2007,自然风光,作者按主导景观进行单标签分类；见官方简介,龙宫景区位于贵州省安顺市南郊，距安顺城区27公里。景区开放于1984年，2007年被评为首批国家5A级旅游景区。景区集溶洞、峡谷、瀑布、峰林、绝壁、溪河、石林、漏斗、暗河等多种喀斯特地质地貌景观于一体，是喀斯特地貌形态展示最为集中全面的景区，被誉为“天下喀斯特，尽在龙宫”。现拥有三项大世界基尼斯之最：最大、最多的水旱溶洞群“龙宫溶洞群”、天然辐射率最低的地方“龙宫天池”、洞穴内最大的瀑布“龙门飞瀑”，且有一项世界纪录认证世界最大的植物汉字景观“龙”字田等瑰丽奇特的景观。景区内生态植被完好，加上气候温和，雨量充沛，冬无严寒，夏无酷暑，适于开展四季游览，是人们防寒避暑、休闲度假的理想场所。,105.87417208090932,26.110342902397488,公开地图代表点,1290.0,,https://sjfw.mct.gov.cn/site/dataservice/base,文旅部地图市属字段；直辖市整体、分界洲/白沙湖按地理位置修订,https://a.amap.com/Loca/static/mock/china5a.csv,Copernicus GLO-30；沿用海拔图鉴已核对的代表点,2026-10-05,,,,,,
287,毕节市百里杜鹃景区,贵州,520000,毕节市,520500,2013年,2013,自然风光,作者按主导景观进行单标签分类；见官方简介,百里杜鹃景区（国家5A级旅游景区）。2013年评定百里杜鹃是国家5A级旅游景区、国家全域旅游示范区，是迄今为止中国已查明的面积最大品种最多的原始杜鹃林带，素有“地球彩带·世界花园·养生福地·清凉世界”等诸多美誉。含普底、金坡、戛木、杜鹃花王及百合景区（注：百合景区暂未开放），景区杜鹃花品种有露珠杜鹃、迷人杜鹃、马缨杜鹃、大白花杜鹃等40余个品种，占世界杜鹃花5个亚属中的全部。每年3月到5月次第开放，犹如广袤的锦缎华章铺山盖岭，千姿百态。杜鹃花林绵延50多公里，宽1-5公里，总面积125.8平方公里，被誉为“世界上最大的天然花园”。,105.93643921096375,27.18450085504434,公开地图代表点,1639.0,,https://sjfw.mct.gov.cn/site/dataservice/base,文旅部地图市属字段；直辖市整体、分界洲/白沙湖按地理位置修订,https://a.amap.com/Loca/static/mock/china5a.csv,Copernicus GLO-30；沿用海拔图鉴已核对的代表点,2026-10-05,130.0,50.0,政府目录基础门票；车船索道另计,https://fgw.guizhou.gov.cn/zwgk/zdlyxx/jffw/zcwj/202601/P020260205655508332150.pdf,来源公布的常规标准；采集日不等于价格生效日，实时售价及有效期购票前复核,130元
288,贵州省黔南州荔波樟江旅游景区,贵州,520000,黔南布依族苗族自治州,522700,2015年,2015,自然风光,作者按主导景观进行单标签分类；见官方简介,贵州省黔南州荔波樟江旅游景区是国家 AAAAA 级旅游景区、国家级风景名胜区、世界自然遗产地和世界人与生物圈保护区，总面积约 118.8 平方公里，核心区面积 34.8 平方公里，由小七孔、大七孔、水春河景区和樟江风光带组成，拥有代表性景源 48 处（其中特级 4 处、一级 6 处、二级 10 处、三级 16 处、四级 12 处），以喀斯特地貌、樟江水景、原始森林和少数民族风情为特色，景区集山、水、洞、林、瀑、湖、石多种景观于一体，融雄、奇、险、秀、美为一炉，森林覆盖率高达 92%，负氧离子含量每立方厘米 18 万个，是名副其实的“洗肺康养”胜地。被誉为 “地球绿宝石” 和 “全球最美喀斯特”。,107.7447868327025,25.25863406529181,公开地图代表点,412.0,,https://sjfw.mct.gov.cn/site/dataservice/base,文旅部地图市属字段；直辖市整体、分界洲/白沙湖按地理位置修订,https://a.amap.com/Loca/static/mock/china5a.csv,Copernicus GLO-30；沿用海拔图鉴已核对的代表点,2026-10-05,,,,,,
289,贵阳市花溪区青岩古镇景区,贵州,520000,贵阳市,520100,2017年,2017,古城古镇,作者按主导景观进行单标签分类；见官方简介,青岩古镇位于贵州省贵阳市。2017年，确定为国家5A级景区。 其为明清两代军事重镇，景区规划总面积约4.8平方千米。镇内街巷均由青石铺就，石砌的围墙、柜台与庭院古朴厚重，完整保留了明清时期的建筑风貌与布局。古镇现存4条正街、26条小街和巷道，遍布楼、台、亭、阁、寺、庙等众多古迹，朝门、腰门雕刻精美，瓦屋面、重檐悬山式建筑错落有致，花木门尽显传统工艺之美。此外，古镇融合了屯堡文化、宗教文化与多民族风情，赵理伦百岁坊、背街、文昌阁等标志性景点，堪称“凝固的明清建筑博物馆”。,106.68677402206112,26.334573405753165,公开地图代表点,1066.0,,https://sjfw.mct.gov.cn/site/dataservice/base,文旅部地图市属字段；直辖市整体、分界洲/白沙湖按地理位置修订,https://a.amap.com/Loca/static/mock/china5a.csv,Copernicus GLO-30；沿用海拔图鉴已核对的代表点,2026-10-05,10.0,10.0,政府目录基础门票；车船索道另计,https://fgw.guizhou.gov.cn/zwgk/zdlyxx/jffw/zcwj/202601/P020260205655508332150.pdf,来源公布的常规标准；采集日不等于价格生效日，实时售价及有效期购票前复核,10元
290,铜仁市江口县梵净山旅游区,贵州,520000,铜仁市,520600,2018年,2018,自然风光,作者按主导景观进行单标签分类；见官方简介,梵净山旅游区 位于贵州省铜仁市。2018年，确定为国家5A级景区，同年被列入世界自然遗产名录。作为武陵山脉主峰，梵净山得名于“梵天净土”，集自然风光、佛教文化与地质奇观于一体。蘑菇石造型奇特，历经亿万年风雨屹立不倒；万卷书岩层层叠叠，宛如天书；老金顶、红云金顶巍峨耸立，登顶可俯瞰云海翻涌；承恩寺古朴庄严，是佛教文化的重要象征。梵净山设有东、西两个山门，东门位于江口县，以徒步与索道结合的游览方式为主，西线位于印江县，徒步路线更具挑战性。,108.666667,27.883333,公开地图代表点,2080.0,,https://sjfw.mct.gov.cn/site/dataservice/base,文旅部地图市属字段；直辖市整体、分界洲/白沙湖按地理位置修订,https://loreroutes.com/data/china-5a-scenic-areas.json,Copernicus GLO-30；沿用海拔图鉴已核对的代表点,2026-10-05,100.0,90.0,政府目录基础门票；车船索道另计,https://fgw.guizhou.gov.cn/zwgk/zdlyxx/jffw/zcwj/202601/P020260205655508332150.pdf,来源公布的常规标准；采集日不等于价格生效日，实时售价及有效期购票前复核,100元
291,贵州省黔东南州镇远古城旅游景区,贵州,520000,黔东南苗族侗族自治州,522600,2020年,2020,古城古镇,作者按主导景观进行单标签分类；见官方简介,镇远古城旅游景区位于贵州省黔东南州。2020年，确定为国家5A级旅游景区。古城占地3.1平方千米，北岸旧府城与南岸旧卫城隔河相望，俯瞰形似太极图，明代建成的城池至今仍保留部分城墙与城门。城内古建筑、古民居、古码头星罗棋布，会馆、庙宇等近200处名胜古迹诉说着岁月故事，青龙洞、府城墙、和平村旧址、天后宫等人文景观承载着深厚底蕴。自宋代得名“镇远州”起，这里便成为黔东地区的政治、经济、文化枢纽与军事要地，素有“黔东锁钥、黔东门户”之称，多元文化在此交融，苗侗风情与中原古韵相得益彰，展现出“千年古城”独有的历史魅力。,108.41757,27.05166,公开地图代表点,462.0,,https://sjfw.mct.gov.cn/site/dataservice/base,文旅部地图市属字段；直辖市整体、分界洲/白沙湖按地理位置修订,https://loreroutes.com/data/china-5a-scenic-areas.json,Copernicus GLO-30；沿用海拔图鉴已核对的代表点,2026-10-05,,,,,,
292,贵州省遵义市赤水丹霞旅游区,贵州,520000,遵义市,520300,2020年,2020,自然风光,作者按主导景观进行单标签分类；见官方简介,赤水丹霞旅游区位于贵州省遵义市。2010年8月，赤水丹霞作为“中国丹霞”的重要组成部分成功列入《世界遗产名录》；2020年，被评定为国家5A级旅游景区。该景区由赤水大瀑布、佛光岩、燕子岩三大景区组成，以丹霞地貌、瀑布群、竹海、桫椤、原始森林为主要特色，形成山、谷、瀑、湖、河及珍稀动植物等多样景观类型，是“千瀑之市、丹霞之冠、竹子之乡、桫椤王国”的缩影，也是山、水、林配置最优的丹霞地貌区，属世界上最典型、最优美且生态环境多样、景观配置最佳的丹霞景观代表，世界罕见。,105.8,28.4,公开地图代表点,1127.0,,https://sjfw.mct.gov.cn/site/dataservice/base,文旅部地图市属字段；直辖市整体、分界洲/白沙湖按地理位置修订,https://loreroutes.com/data/china-5a-scenic-areas.json,Copernicus GLO-30；沿用海拔图鉴已核对的代表点,2026-10-05,,,,,,
293,毕节市织金洞景区,贵州,520000,毕节市,520500,2022年,2022,自然风光,作者按主导景观进行单标签分类；见官方简介,毕节市织金洞景区位于贵州省毕节市。2022年，确定为国家5A级景区。织金洞景区内溶沟、溶槽、陡峭的大河谷、天生桥、溶洞处处皆是，主要景点有望月楼、塔林、南天门、万寿山、望山湖、广寒宫、雪香宫、凌霄宫、天都广场、银雨宫等。织金洞景区由织金洞、绮结河、东风湖三个分别代表不同岩溶发育过程的地貌单元组成，织金洞勘察长度12.1千米，洞腔最宽跨度175米，相对高差150米，景区面积15.7平方千米，是一个集科普、探险、研学、游览和度假于一体的旅游景区。,105.931,26.7583,公开地图代表点,1200.0,,https://sjfw.mct.gov.cn/site/dataservice/base,文旅部地图市属字段；直辖市整体、分界洲/白沙湖按地理位置修订,https://loreroutes.com/data/china-5a-scenic-areas.json,Copernicus GLO-30；沿用海拔图鉴已核对的代表点,2026-10-05,110.0,100.0,政府目录基础门票；车船索道另计,https://fgw.guizhou.gov.cn/zwgk/zdlyxx/jffw/zcwj/202601/P020260205655508332150.pdf,来源公布的常规标准；采集日不等于价格生效日，实时售价及有效期购票前复核,110元
294,贵州省黔西南州万峰林景区,贵州,520000,黔西南布依族苗族自治州,522300,2024年,2024,自然风光,作者按主导景观进行单标签分类；见官方简介,万峰林景区位于贵州省黔西南州兴义市，是中国喀斯特地貌的杰出代表。2005年被《中国国家地理》评为“中国最美的五大峰林”之一，2024年成功晋升为国家5A级旅游景区。该景区由峰林峰丛、田园村寨、纳灰河谷三大核心区域组成，以“峰林、田园、河流、村寨”四位一体的独特景观著称，拥有“天下奇观”的美誉。峰林密集奇特，连绵数千亩的农田与错落分布的布依村寨相映成趣，纳灰河蜿蜒其间，形成“山中有田、田中有寨、寨中有水”的田园画卷，是三叠纪喀斯特地貌与人类农耕文明完美融合的典范，也是世界上最具观赏性的峰林景观之一，更是兴义世界地质公园的重要组成部分。,104.90793,25.01562,公开地图代表点,1160.0,,https://sjfw.mct.gov.cn/site/dataservice/base,文旅部地图市属字段；直辖市整体、分界洲/白沙湖按地理位置修订,https://loreroutes.com/data/china-5a-scenic-areas.json,Copernicus GLO-30；沿用海拔图鉴已核对的代表点,2026-10-05,,,,,,
295,昆明市石林风景名胜区,云南,530000,昆明市,530100,2007年,2007,自然风光,作者按主导景观进行单标签分类；见官方简介,昆明石林风景名胜区位于云南省昆明市石林彝族自治县。国家5A级旅游景区、世界自然遗产、世界地质公园。保护区面积350平方千米，这里曾是大海，经2.7亿年地质变迁，形成独特喀斯特地貌，堪称“世界喀斯特博物馆”。区内石林形态丰富，剑状、塔状、蘑菇状石柱林立，还有溶洞、溶蚀湖等景观。景区由石林核心区、乃古石林、长湖、大叠水、圭山国家森林公园等构成，有石林胜境、阿诗玛石峰等著名景点。此外，这里还是彝族撒尼人聚居地，阿诗玛的传说流传千古，独特的民族风情为景区添彩。,103.32248375507643,24.8151352149355,公开地图代表点,1764.0,,https://sjfw.mct.gov.cn/site/dataservice/base,文旅部地图市属字段；直辖市整体、分界洲/白沙湖按地理位置修订,https://a.amap.com/Loca/static/mock/china5a.csv,Copernicus GLO-30；沿用海拔图鉴已核对的代表点,2026-10-05,,,,,,
296,丽江市玉龙雪山景区,云南,530000,丽江市,530700,2007年,2007,自然风光,作者按主导景观进行单标签分类；见官方简介,丽江市玉龙雪山位于云南省丽江市玉龙纳西族自治县境内，2007年，确定为国家5A级旅游景区。它是北半球最南的大雪山，南北长35公里，东西宽13公里，景区面积415平方公里，主峰扇子陡海拔5596米，是北半球纬度最低、海拔最高的山峰。这里自然景观丰富，有雪域冰川、高山草甸、原始森林、雪山水景等。其冰川属温带海洋型，有19条现代冰川。景区还是动植物的宝库，有滇金丝猴等珍稀动物，以及大量观赏植物。在纳西语里，玉龙雪山被称为“欧鲁”，即银色山岩，是纳西人的神山，承载着深厚的民族文化与信仰。,100.25701039499648,27.10344554825044,公开地图代表点,3050.0,,https://sjfw.mct.gov.cn/site/dataservice/base,文旅部地图市属字段；直辖市整体、分界洲/白沙湖按地理位置修订,https://a.amap.com/Loca/static/mock/china5a.csv,Copernicus GLO-30；沿用海拔图鉴已核对的代表点,2026-10-05,,,,,,
297,丽江市丽江古城景区,云南,530000,丽江市,530700,2011年,2011,古城古镇,作者按主导景观进行单标签分类；见官方简介,丽江古城位于云南省丽江市古城区。国家5A级旅游景区、世界文化遗产、中国历史文化名城。古城占地7.279平方千米，北依象山、金虹山，西枕狮子山，东南连接开阔平坝。玉泉水从古城西北流入，分成西河、中河、东河，再经多次分流穿街绕巷，形成“家家淌清泉、户户垂青柳”的水乡景观。街道依山傍水，以红色角砾岩铺就。古城核心四方街是人流、物流集散地。这里融合了汉、白、彝、藏、纳西等民族建筑精华，形成“三坊一照壁”等纳西特色民居，还留存木府、科贡坊等古迹，承载着厚重的历史文化。,100.2345950140991,26.873945201136124,公开地图代表点,2400.0,,https://sjfw.mct.gov.cn/site/dataservice/base,文旅部地图市属字段；直辖市整体、分界洲/白沙湖按地理位置修订,https://a.amap.com/Loca/static/mock/china5a.csv,Copernicus GLO-30；沿用海拔图鉴已核对的代表点,2026-10-05,,,,,,
298,大理州崇圣寺三塔文化旅游区,云南,530000,大理白族自治州,532900,2011年,2011,宗教文化,作者按主导景观进行单标签分类；见官方简介,崇圣寺三塔文化旅游区位于云南省大理白族自治州大理市，2011年，确定为国家5A级旅游景区。其始建于唐开元年间，鼎盛于宋代，曾有九位大理国国王在此出家修行，为南诏、大理国著名的王家寺院。景区由三塔、建极大钟、雨铜观音像等五大重器著称于世。主塔千寻塔，高69.13米，为16级方形密檐式空心砖塔，具唐代建筑风格；南北两小塔高42.19米，是10级八角形楼阁式砖塔，呈宋代建筑风格，三座塔布局统一、造型和谐。此地承载着千年佛教文化，是大理的标志与象征，在历史、建筑、文化研究等领域地位重要。,100.1422601000834,25.707911639450444,公开地图代表点,2071.0,,https://sjfw.mct.gov.cn/site/dataservice/base,文旅部地图市属字段；直辖市整体、分界洲/白沙湖按地理位置修订,https://a.amap.com/Loca/static/mock/china5a.csv,Copernicus GLO-30；沿用海拔图鉴已核对的代表点,2026-10-05,,,,,,
299,西双版纳州中国科学院西双版纳热带植物园景区,云南,530000,西双版纳傣族自治州,532800,2011年,2011,主题休闲,作者按主导景观进行单标签分类；见官方简介,西双版纳热带植物园位于云南省西双版纳傣族自治州勐腊县勐仑镇，2011年，确定为国家5A级旅游景区。园区分为东西两区，建有39个专类植物园与科研中心。西区是主要游览区，有百花园、棕榈园、奇花异卉园等，汇聚各类热带花卉植物，景观丰富；东区则以原始热带雨林为主，弯弯曲曲的木栈道贯穿其中，能看到大板根等雨林奇观。这里属西南热带季风气候，植物超130科1400种，有众多珍稀品种。作为集科研、物种保存、科普教育、旅游观光于一体的场所，它在植物研究、生物多样性保护等方面地位关键。,101.25593938771352,21.927153130051884,公开地图代表点,550.0,,https://sjfw.mct.gov.cn/site/dataservice/base,文旅部地图市属字段；直辖市整体、分界洲/白沙湖按地理位置修订,https://a.amap.com/Loca/static/mock/china5a.csv,Copernicus GLO-30；沿用海拔图鉴已核对的代表点,2026-10-05,,,,,,
300,迪庆州普达措国家公园景区,云南,530000,迪庆藏族自治州,533400,2012年,2012,自然风光,作者按主导景观进行单标签分类；见官方简介,普达措景区位于云南省迪庆藏族自治州香格里拉市，2012年，确定为国家5A级旅游景区。公园由国际重要湿地碧塔海自然保护区和属都湖景区构成。这里原始生态环境保存完好，地质构造复杂，拥有高原面、山地、河谷等多种地貌。在高原湿地碧塔海，湖水澄澈，与周边高山草甸、原始森林相互映衬；属都湖则是香格里拉最大的高山湖泊之一，湖周森林覆盖率达70%。景区内动植物资源丰富，滇金丝猴、黑颈鹤、龙胆花、报春花等珍稀物种在此繁衍生息，兼具观赏与科研价值。,99.90736984506673,27.90577502131131,公开地图代表点,3955.0,,https://sjfw.mct.gov.cn/site/dataservice/base,文旅部地图市属字段；直辖市整体、分界洲/白沙湖按地理位置修订,https://a.amap.com/Loca/static/mock/china5a.csv,Copernicus GLO-30；沿用海拔图鉴已核对的代表点,2026-10-05,,,,,,
301,昆明市昆明世界园艺博览园景区,云南,530000,昆明市,530100,2016年,2016,主题休闲,作者按主导景观进行单标签分类；见官方简介,昆明世博园景区地处云南省昆明市盘龙区世博路10号，2016年，确定为国家5A级旅游景区。它是1999年昆明世界园艺博览会会址，也是全球唯一完整留存的世博会会址，属会址文化遗产。汇集全国各省区市地方特色与95个国家风格的园林园艺品、庭院建筑。有五大场馆，如中国馆具南方民居风格；七大专题园，像竹园汇集众多竹类；还有国际、中国两大室外展区。这里共培育移栽植物2551种、200多万株（丛），其中不乏112种珍稀濒危植物。,102.7679978900991,25.078020483907427,公开地图代表点,1939.0,,https://sjfw.mct.gov.cn/site/dataservice/base,文旅部地图市属字段；直辖市整体、分界洲/白沙湖按地理位置修订,https://a.amap.com/Loca/static/mock/china5a.csv,Copernicus GLO-30；沿用海拔图鉴已核对的代表点,2026-10-05,,,,,,
302,保山市火山热海旅游区,云南,530000,保山市,530500,2016年,2016,自然风光,作者按主导景观进行单标签分类；见官方简介,腾冲火山热海旅游区位于云南省保山市腾冲市。国家5A级旅游景区、国家地质公园。景区由火山、热海两部分组成。火山景区是中国内地四大火山群之一，97座火山分布密集，25座火山锥保存完好、观赏性佳，形态多样，还有“北斗七星”状的独特布局。热海景区是中国三大地热区之一。这里80余处温泉星罗棋布，10个温泉群水温超90℃，“大滚锅”沸水翻涌，蛤蟆嘴、珍珠泉等形态各异。温泉水质优良，含多种微量元素，能康养理疗。,98.44099081592071,24.95053892157143,公开地图代表点,1460.0,,https://sjfw.mct.gov.cn/site/dataservice/base,文旅部地图市属字段；直辖市整体、分界洲/白沙湖按地理位置修订,https://a.amap.com/Loca/static/mock/china5a.csv,Copernicus GLO-30；沿用海拔图鉴已核对的代表点,2026-10-05,,,,,,
303,文山州普者黑旅游景区,云南,530000,文山壮族苗族自治州,532600,2020年,2020,自然风光,作者按主导景观进行单标签分类；见官方简介,普者黑旅游景区地处云南省文山壮族苗族自治州丘北县境内。国家5A级旅游景区、国家湿地公园。“普者黑”是彝语音译，意为盛满鱼虾的湖泊。这里有54个湖泊相连贯通，水域面积广阔，312座孤峰星罗棋布，形态各异。83个溶洞内钟乳石千姿百态。4万亩野生荷花在夏季竞相绽放，蔚为壮观。6万亩高原喀斯特湿地生态多样，是众多候鸟的栖息地。景区内仙人洞村等彝族村落，保留着浓郁的民族风情。其独特景观被赞为“世间罕见、国内独一无二的喀斯特山水田园风光”。,104.1,24.133333,公开地图代表点,1457.0,,https://sjfw.mct.gov.cn/site/dataservice/base,文旅部地图市属字段；直辖市整体、分界洲/白沙湖按地理位置修订,https://loreroutes.com/data/china-5a-scenic-areas.json,Copernicus GLO-30；沿用海拔图鉴已核对的代表点,2026-10-05,,,,,,
304,保山市腾冲和顺古镇景区,云南,530000,保山市,530500,2024年,2024,古城古镇,作者按主导景观进行单标签分类；见官方简介,"和顺古镇地处云南省保山市腾冲市西南4公里处,2024年,确定为国家5A级旅游景区。古镇四面火山环绕，中为马蹄形盆地，地势呈现出独特的起伏之态。古镇中，100多所百年宅院、8个宗祠、9座寺观等古建筑星罗棋布，建筑风格中西合璧，既有徽派建筑的婉约，又融入西式建筑的明朗与东南亚风情。这里还是一代哲人艾思奇的故里，自古崇文尚教，明清时期出了400多名举人、秀才，散发着浓厚的文化韵味。",98.45631014740064,25.01228887249791,公开地图代表点,1593.0,,https://sjfw.mct.gov.cn/site/dataservice/base,文旅部地图市属字段；直辖市整体、分界洲/白沙湖按地理位置修订,https://ditu.amap.com/place/B036B005AX,Copernicus GLO-30；沿用海拔图鉴已核对的代表点,2026-10-05,,,,,,
305,拉萨市布达拉宫景区,西藏,540000,拉萨市,540100,2013年,2013,历史人文,作者按主导景观进行单标签分类；见官方简介,"拉萨市布达拉宫景区位于西藏自治区拉萨市城关区,地处市中心的红山之上，是世界文化遗产、国家5A级旅游景区。布达拉宫是世界上海拔最高的宫堡式建筑群，集宫殿、寺院和城堡为一体。其建筑依山垒砌，群楼重叠，石木结构坚固，红、白、黄色彩对比鲜明。宫内珍藏着众多佛像、佛塔、唐卡、佛经等文物，具有极高的文化和艺术价值。布达拉宫不仅是藏族建筑艺术的杰出代表，更是藏族人民心中的圣地，承载着丰富的历史文化内涵，见证了西藏地区的发展与变迁。",91.11691219142256,29.657199292786714,公开地图代表点,3688.0,,https://sjfw.mct.gov.cn/site/dataservice/base,文旅部地图市属字段；直辖市整体、分界洲/白沙湖按地理位置修订,https://a.amap.com/Loca/static/mock/china5a.csv,Copernicus GLO-30；沿用海拔图鉴已核对的代表点,2026-10-05,200.0,,旺季一号线；二号线100元，雪城线路另有票种,https://wlt.xizang.gov.cn/xwzx_69/tzgg/202604/t20260424_536658.html,来源公布的常规标准；采集日不等于价格生效日，实时售价及有效期购票前复核,200元
306,拉萨市大昭寺景区,西藏,540000,拉萨市,540100,2013年,2013,宗教文化,作者按主导景观进行单标签分类；见官方简介,大昭寺又名“祖拉康”“觉康”（藏语意为佛殿），位于拉萨老城区中心，是一座藏传佛教寺院，是藏王松赞干布建造，拉萨之所以有“圣地”之誉，与这座佛殿有关。寺庙最初称“惹萨”，后来惹萨又成为这座城市的名称，并演化成当下的“拉萨”。大昭寺建成后，经过元、明、清历朝屡加修改扩建，才形成了现今的规模。大昭寺已有1300多年的历史，在藏传佛教中拥有至高无上的地位。环大昭寺内中心的释迦牟尼佛殿一圈称为“囊廓”，环大昭寺外墙一圈称为“八廓”，大昭寺外辐射出的街道叫“八廓街”。,91.13179225331974,29.6530045582036,公开地图代表点,3658.0,,https://sjfw.mct.gov.cn/site/dataservice/base,文旅部地图市属字段；直辖市整体、分界洲/白沙湖按地理位置修订,https://a.amap.com/Loca/static/mock/china5a.csv,Copernicus GLO-30；沿用海拔图鉴已核对的代表点,2026-10-05,,,,,,
307,林芝市巴松措景区,西藏,540000,林芝市,540400,2017年,2017,自然风光,作者按主导景观进行单标签分类；见官方简介,林芝市巴松措景区位于西藏自治区林芝市工布江达县错高乡，是国家5A级旅游景区。它是高山冰川堰塞湖，湖面海拔约3480米，平均水深约60米，状若新月。四周雪山环抱，湖岸绿树成荫，集雪山、湖泊、森林、瀑布牧场、名胜古刹于一体。湖心扎西岛上，错宗工巴寺历史超1500年，属藏传佛教宁玛派（红教）寺庙。景区内还有结巴村、错高村等历史古村，保留着工布藏族传统风格，文化底蕴深厚。巴松措不仅是旅游胜地，更是藏民心中的圣地，承载着丰富的宗教与民俗文化。,93.950278,30.014167,公开地图代表点,3475.0,,https://sjfw.mct.gov.cn/site/dataservice/base,文旅部地图市属字段；直辖市整体、分界洲/白沙湖按地理位置修订,https://loreroutes.com/data/china-5a-scenic-areas.json,Copernicus GLO-30；沿用海拔图鉴已核对的代表点,2026-10-05,,,,,,
308,日喀则市扎什伦布寺景区,西藏,540000,日喀则市,540200,2017年,2017,宗教文化,作者按主导景观进行单标签分类；见官方简介,扎什伦布寺意为“吉祥须弥寺”，全名为“扎什伦布白吉德钦曲唐结勒南巴杰瓦林”，意为“吉祥须弥聚福殊胜诸方州”。位于西藏日喀则的尼色日山下，是该地区最大的寺庙。明正统十二年（1447年），宗喀巴弟子根敦主兴建，后四世班禅罗桑确吉坚赞加以扩建。寺中错钦大殿可容2000人诵经，殿中有释迦牟尼像，两边有根敦主与四世班禅立像，大殿两侧为弥勒殿与度母殿，寺的西侧有大弥勒殿，高30米，甚宏伟。另有历世班禅灵塔殿，藏舍利肉身。寺有四扎仓（经院），教学显密并重。扎什伦布寺可与布达拉宫媲美。它与拉萨的“三大寺”甘丹寺、色拉寺、哲蚌寺合称藏传佛教格鲁派的“四大寺”。四大寺以及青海的塔尔寺和甘肃的拉卜楞寺并列为格鲁派的“六大寺”。建筑结构也深刻影响了其他藏传佛教建筑如五当召。扎什伦布寺是全国重点文物保护单位之一，2017年8月被批准为国家5A级旅游景区。,88.86994,29.26861,公开地图代表点,3863.0,,https://sjfw.mct.gov.cn/site/dataservice/base,文旅部地图市属字段；直辖市整体、分界洲/白沙湖按地理位置修订,https://loreroutes.com/data/china-5a-scenic-areas.json,Copernicus GLO-30；沿用海拔图鉴已核对的代表点,2026-10-05,,,,,,
309,林芝市雅鲁藏布大峡谷景区,西藏,540000,林芝市,540400,2020年,2020,自然风光,作者按主导景观进行单标签分类；见官方简介,林芝市雅鲁藏布大峡谷景区位于西藏自治区林芝市境内，是国家5A级旅游景区。景区全长504.6千米，平均深度2268米，最深处达6009米，是世界第一大峡谷。峡谷劈开青藏高原与印度洋水汽交往的山地屏障，使青藏高原东南部成为绿色世界。这里拥有从高山冰雪带到低河谷热带雨林等9个垂直自然带，汇集多种生物资源。其独特的马蹄形大拐弯，以及南迦巴瓦峰等壮丽景观，吸引无数游客。雅鲁藏布大峡谷不仅是自然奇观，更是地球系统中层圈耦合研究的理想野外实验室。,94.98985,29.76974,公开地图代表点,2668.0,,https://sjfw.mct.gov.cn/site/dataservice/base,文旅部地图市属字段；直辖市整体、分界洲/白沙湖按地理位置修订,https://loreroutes.com/data/china-5a-scenic-areas.json,Copernicus GLO-30；沿用海拔图鉴已核对的代表点,2026-10-05,,,,,,
310,西安市秦始皇帝陵博物院景区,陕西,610000,西安市,610100,2007年,2007,历史人文,作者按主导景观进行单标签分类；见官方简介,西安市秦始皇帝陵博物院景区地处西安市临潼区，为世界文化遗产、国家5A级旅游景区。景区以秦始皇兵马俑博物馆、秦始皇陵遗址公园（丽山园）为主体。这里南倚骊山、北临渭水，地形开阔。秦始皇陵布局缜密，规模宏大，陵区已发现各类陪葬坑、陪葬墓等600余处。1974年被发现的兵马俑坑，被誉为“世界第八大奇迹”，众多栩栩如生、神态各异的陶俑组成庞大地下军团，直观展现秦朝军事风貌。秦始皇陵遗址公园内，覆斗形封土、城垣轮廓等，承载着厚重历史。博物院融合教育、科研等功能，是公众了解秦文化、感受中华文明魅力的重要窗口。,109.2760876249706,34.38651218560384,公开地图代表点,478.0,,https://sjfw.mct.gov.cn/site/dataservice/base,文旅部地图市属字段；直辖市整体、分界洲/白沙湖按地理位置修订,https://a.amap.com/Loca/static/mock/china5a.csv,Copernicus GLO-30；沿用海拔图鉴已核对的代表点,2026-10-05,,,,,,
311,西安市华清宫景区,陕西,610000,西安市,610100,2007年,2007,历史人文,作者按主导景观进行单标签分类；见官方简介,西安市华清宫景区位于陕西省西安市临潼区华清路38号，是国家5A级旅游景区。景区背山面渭，倚骊山山势而建，规模宏大，建筑壮丽。这里拥有6000年的温泉利用史，周、秦、汉、隋、唐等历代帝王在此建有离宫别苑。唐玄宗与杨贵妃的爱情故事、“烽火戏诸侯”典故以及震惊中外的西安事变均发生于此，使其闻名遐迩。华清宫内集中着唐御汤遗址博物馆、西安事变旧址——五间厅、九龙湖与芙蓉湖风景区等。骊山之上，老母殿、烽火台等景点星罗棋布，“骊山晚照”为“关中八景”之一，深厚的人文历史与秀美的自然风光完美交融。,109.212991,34.361758,公开地图代表点,586.0,,https://sjfw.mct.gov.cn/site/dataservice/base,文旅部地图市属字段；直辖市整体、分界洲/白沙湖按地理位置修订,https://loreroutes.com/data/china-5a-scenic-areas.json,Copernicus GLO-30；沿用海拔图鉴已核对的代表点,2026-10-05,,,,,,
312,延安市黄帝陵景区,陕西,610000,延安市,610600,2007年,2007,历史人文,作者按主导景观进行单标签分类；见官方简介,延安市黄帝陵景区地处陕西省延安市黄陵县，是国家5A级旅游景区。景区内的桥山，北连昆仑、南接秦岭，气势恢宏。山上生长着历代炎黄子孙栽植的86000余株古柏，其中千年以上古柏达30000余株，形成全世界面积最大、保存最完整的古柏群。这里是中华民族始祖轩辕黄帝的陵寝，黄帝联合炎帝、打败蚩尤，统一部落，开创制衣冠、造舟车、创医学等文明之举，被尊为“人文初祖”。黄帝陵是全国首批重点文物保护单位，古墓葬第一号，号称“天下第一陵”。清明公祭、重阳民祭已成定制，是凝聚民族情感、弘扬民族文化的重要仪式，也是全球华人寻根祭祖的精神家园。,109.26605733091404,35.58556230804174,公开地图代表点,872.0,,https://sjfw.mct.gov.cn/site/dataservice/base,文旅部地图市属字段；直辖市整体、分界洲/白沙湖按地理位置修订,https://a.amap.com/Loca/static/mock/china5a.csv,Copernicus GLO-30；沿用海拔图鉴已核对的代表点,2026-10-05,,,,,,
313,西安市大雁塔－大唐芙蓉园景区,陕西,610000,西安市,610100,2011年,2011,历史人文,作者按主导景观进行单标签分类；见官方简介,西安市大雁塔－大唐芙蓉园景区地处陕西省西安市曲江新区，是国家5A级旅游景区。大雁塔坐落于大慈恩寺内，始建于唐高宗永徽三年（652年），作为现存最早、规模最大的唐代四方楼阁式砖塔，是佛塔汉化的典型物证，也是丝绸之路文化遗产，承载着深厚的佛教文化与历史意义。大唐芙蓉园在原唐代芙蓉园遗址以北仿建，占地1000亩，以14个景观文化区全方位展现盛唐风貌，紫云楼、仕女馆等仿唐建筑气势恢宏。园区内的水舞光影秀《大唐追梦》等演艺，借助现代科技生动再现大唐文化，吸引着众多游客前来感受盛唐魅力。,108.95891226190264,34.21965093750345,公开地图代表点,430.0,,https://sjfw.mct.gov.cn/site/dataservice/base,文旅部地图市属字段；直辖市整体、分界洲/白沙湖按地理位置修订,https://a.amap.com/Loca/static/mock/china5a.csv,Copernicus GLO-30；沿用海拔图鉴已核对的代表点,2026-10-05,,,,,,
314,渭南市华山风景区,陕西,610000,渭南市,610500,2011年,2011,自然风光,作者按主导景观进行单标签分类；见官方简介,渭南市华山风景区地处陕西省渭南市华阴市城南，为国家5A级旅游景区。华山由一整块巨型花岗岩构成，经地质作用，形成“峭如刀削”的五峰，以“奇险天下第一山”闻名。华山地区地形复杂，有剥蚀断块中山、山前洪积扇裙、渭河冲击平原三大地貌类型。华山是道教主流全真派圣地，山上72个半悬空洞、20余座道观错落分布，玉泉院、镇岳宫等为全国重点道教宫观。山上留存摩崖石刻640余则，篆隶楷行草兼备，堪称“空中书法艺术走廊”。华山五峰特色各异，东峰观日、西峰有“沉香救母”传说、南峰为最高峰，长空栈道、千尺幢等景点，吸引无数游客前来挑战，感受奇险魅力。,110.06271085537504,34.49046323455368,公开地图代表点,1484.0,,https://sjfw.mct.gov.cn/site/dataservice/base,文旅部地图市属字段；直辖市整体、分界洲/白沙湖按地理位置修订,https://a.amap.com/Loca/static/mock/china5a.csv,Copernicus GLO-30；沿用海拔图鉴已核对的代表点,2026-10-05,,,,,,
315,宝鸡市法门文化景区,陕西,610000,宝鸡市,610300,2014年,2014,宗教文化,作者按主导景观进行单标签分类；见官方简介,宝鸡市法门文化景区地处陕西省宝鸡市扶风县法门镇，是国家5A级旅游景区，也是世界文化遗产“丝绸之路：长安—天山廊道的路网”重要构成。景区占地广阔，由山门广场、佛光大道、法门寺寺院、合十舍利塔等构成。法门寺始建于东汉末年，距今约1700多年，有“关中塔庙始祖”之称。因安置释迦牟尼佛指骨舍利，这里成为举世瞩目的佛教圣地。1987年，法门寺唐代地宫重现天日，2499件大唐国宝重器，簇拥着佛祖真身指骨舍利现世，震惊世界。如今，148米高的合十舍利塔庄严肃穆，供奉着世界唯一的释迦牟尼佛真身指骨舍利，吸引无数信徒与游客前来瞻仰、感受深厚的佛教文化魅力。,107.8984622795205,34.435611901565,公开地图代表点,617.0,,https://sjfw.mct.gov.cn/site/dataservice/base,文旅部地图市属字段；直辖市整体、分界洲/白沙湖按地理位置修订,https://a.amap.com/Loca/static/mock/china5a.csv,Copernicus GLO-30；沿用海拔图鉴已核对的代表点,2026-10-05,,,,,,
316,商洛市金丝峡景区,陕西,610000,商洛市,611000,2015年,2015,自然风光,作者按主导景观进行单标签分类；见官方简介,商洛市金丝峡景区地处商洛市商南县东南部新开岭腹地，为国家5A级旅游景区。景区内白龙峡、黑龙峡、青龙峡、石燕寨和丹江源五大景区交相辉映。峡谷总长度20.5公里，纵深10多公里，地貌属于罕见且完整的嶂谷地貌，十三级流泉瀑布贯穿其中。这里森林覆盖率达98%，负氧离子含量高，有各类珍禽异兽60余种、林木树种200余种、奇花异草1690种，是“天然氧吧”与“物种基因库”。其不仅自然景观迷人，更是南水北调工程主体水源地，在生态保护及地质研究领域占据重要地位，吸引着无数游客前来感受自然魅力。,110.56154433573862,33.354989391243514,公开地图代表点,890.0,,https://sjfw.mct.gov.cn/site/dataservice/base,文旅部地图市属字段；直辖市整体、分界洲/白沙湖按地理位置修订,https://a.amap.com/Loca/static/mock/china5a.csv,Copernicus GLO-30；沿用海拔图鉴已核对的代表点,2026-10-05,,,,,,
317,宝鸡市太白山旅游景区,陕西,610000,宝鸡市,610300,2016年,2016,自然风光,作者按主导景观进行单标签分类；见官方简介,宝鸡市太白山旅游景区地处宝鸡市眉县、太白县、周至县三县境内，为国家5A级旅游景区。太白山是秦岭山脉的主峰，也是青藏高原以东大陆第一高峰，海拔3771.2米。景区具低山、中山、高山等地貌类型，界限清晰。低山区黄土覆盖，中山区石峰发育，高山区保留着清晰可辨的第四纪冰川遗迹。其气候垂直分布明显，从暖温带到高山寒带分五个气候带。这里动植物资源丰富，有植物1900多种、动物302多种，是天然的物种基因库，享有“亚洲天然植物园”“中国天然动物园”的美誉。太白山还是道教文化圣地，位列道教第十一洞天，自古以来吸引无数游客与香客前来。,107.89799355402394,34.09796974565459,公开地图代表点,854.0,,https://sjfw.mct.gov.cn/site/dataservice/base,文旅部地图市属字段；直辖市整体、分界洲/白沙湖按地理位置修订,https://a.amap.com/Loca/static/mock/china5a.csv,Copernicus GLO-30；沿用海拔图鉴已核对的代表点,2026-10-05,,,,,,
318,西安市城墙•碑林历史文化景区,陕西,610000,西安市,610100,2018年,2018,历史人文,作者按主导景观进行单标签分类；见官方简介,西安市城墙・碑林历史文化景区地处陕西省西安市碑林区，为国家5A级旅游景区。西安城墙是核心景观之一，它在隋唐皇城基础上扩建而成，周长13.74公里，墙高12米，是国内现存规模最大、保存最完整的古代城墙。18座城门各有故事，城上诸多军事设施见证往昔防御功能。城墙之上，能俯瞰西安城景，还常举办灯会等活动，满是民俗风情。西安碑林博物馆同样不容小觑，这里藏有自汉代至如今的碑石、墓志近3000件，篆隶楷行草等书体皆备，宛如一座书法艺术宝库，生动展现中国文字与书法艺术的发展脉络。,108.9423,34.2534,公开地图代表点,414.0,,https://sjfw.mct.gov.cn/site/dataservice/base,文旅部地图市属字段；直辖市整体、分界洲/白沙湖按地理位置修订,https://loreroutes.com/data/china-5a-scenic-areas.json,Copernicus GLO-30；沿用海拔图鉴已核对的代表点,2026-10-05,,,,,,
319,延安市延安革命纪念地景区,陕西,610000,延安市,610600,2019年,2019,红色纪念,作者按主导景观进行单标签分类；见官方简介,延安市延安革命纪念地景区地处陕西省延安市，是国家5A级旅游景区。景区位于黄土高原丘陵沟壑区，由宝塔山、枣园革命旧址、杨家岭革命旧址等构成，是延安445处革命遗存中的典型代表，为全国重点文物保护单位。1937-1947年，这里是中共中央所在地、中国革命的指挥中心与战略总后方。宝塔山海拔1135.5米，山上始建于唐代的宝塔，是延安的标志性建筑。枣园、杨家岭等革命旧址保留了当年中共中央办公、生活原貌，中共七大在此召开。延安革命纪念馆以丰富文物、照片及现代化展陈，生动展现党中央及老一辈革命家在延安领导中国革命的艰苦历程，是重要爱国主义教育基地。,109.471955,36.609631,公开地图代表点,965.0,,https://sjfw.mct.gov.cn/site/dataservice/base,文旅部地图市属字段；直辖市整体、分界洲/白沙湖按地理位置修订,https://loreroutes.com/data/china-5a-scenic-areas.json,Copernicus GLO-30；沿用海拔图鉴已核对的代表点,2026-10-05,,,,,,
320,西安市大明宫旅游景区,陕西,610000,西安市,610100,2020年,2020,历史人文,作者按主导景观进行单标签分类；见官方简介,西安市大明宫旅游景区地处西安市新城区自强东路585号，为世界文化遗产、国家5A级旅游景区。景区始建于唐太宗贞观八年（634年），是唐帝国的大朝正宫，唐朝的政治中心与国家象征。景区位于龙首原上，地势高耸，可俯瞰长安城。大明宫规模宏大，面积约3.2平方公里，是故宫面积的4.5倍。其布局遵循“前朝后寝”规制，前朝以含元殿、宣政殿、紫宸殿为中心，举行朝会；内庭有太液池及众多别殿、亭、观，用于居住和宴游。自唐高宗起，17位皇帝在此处理朝政，历时240余年。唐末毁于战火，如今遗址留存，承载着厚重历史，是人们探寻大唐风华的绝佳去处。,108.95946,34.28917,公开地图代表点,411.0,,https://sjfw.mct.gov.cn/site/dataservice/base,文旅部地图市属字段；直辖市整体、分界洲/白沙湖按地理位置修订,https://loreroutes.com/data/china-5a-scenic-areas.json,Copernicus GLO-30；沿用海拔图鉴已核对的代表点,2026-10-05,,,,,,
322,延安市延川黄河乾坤湾景区,陕西,610000,延安市,610600,2024年,2024,自然风光,作者按主导景观进行单标签分类；见官方简介,延安市延川黄河乾坤湾景区地处延安市延川县东南部，是国家5A级旅游景区，也是黄河蛇曲国家地质公园核心区域。黄河流经此地，一改汹涌态势，蜿蜒勾勒出5个S形大转弯。其中，乾坤湾曲率达320度，堪称“天下黄河第一湾”，与清水湾等共同构筑起罕见的蛇曲地貌群，属河流演化“返老还童”现象，对探究黄河及黄土高原形成意义重大。这里不仅有巨蛇观岛、女娲峰等自然景致，还坐落着乾坤湾博物馆、红军东征革命纪念馆等人文景观。中华人文始祖伏羲曾在此受启发始创八卦，红色文化、民俗文化也在此交相辉映，散发着独特魅力。,110.40992,36.72028,公开地图代表点,666.0,,https://sjfw.mct.gov.cn/site/dataservice/base,文旅部地图市属字段；直辖市整体、分界洲/白沙湖按地理位置修订,https://loreroutes.com/data/china-5a-scenic-areas.json,Copernicus GLO-30；沿用海拔图鉴已核对的代表点,2026-10-05,,,,,,
323,咸阳市乾陵景区,陕西,610000,咸阳市,610400,2024年,2024,历史人文,作者按主导景观进行单标签分类；见官方简介,咸阳市乾陵景区地处陕西省咸阳市乾县北部，是国家5A级旅游景区。它是唐高宗李治与武则天的合葬陵，历史意义重大。乾陵采用“因山为陵”的建造形式，梁山三峰耸峙，北峰为玄宫坐落之处，地势高耸；南峰双峰相对，状若乳峰，地貌形态独特。陵园参照京师长安城建制，规模壮阔。地面建筑虽经岁月消磨，部分损毁，但留存的100多件大型石雕极为夺目。其中，无字碑、述圣纪碑等，雕刻工艺精湛，展现出唐代石刻艺术的登峰造极之技，蕴含深厚历史文化，在世界陵墓发展历程中具有关键地位。,108.218594,34.573158,公开地图代表点,896.0,,https://sjfw.mct.gov.cn/site/dataservice/base,文旅部地图市属字段；直辖市整体、分界洲/白沙湖按地理位置修订,https://loreroutes.com/data/china-5a-scenic-areas.json,Copernicus GLO-30；沿用海拔图鉴已核对的代表点,2026-10-05,,,,,,
324,嘉峪关市嘉峪关文物景区,甘肃,620000,嘉峪关市,620200,2007年,2007,历史人文,作者按主导景观进行单标签分类；见官方简介,嘉峪关文物景区位于甘肃省嘉峪关市区西南6公里处，1961被国务院列为第一批“全国重点文物保护单位”，1987年被联合国教科文组织列入“世界遗产名录”，2007年被评为国家首批5A级旅游景区。嘉峪关是中国明长城最西端的关隘，有“天下第一雄关”“河西咽喉”“边陲锁钥”之称，依托“万里长城——嘉峪关”建设的嘉峪关文物景区，由嘉峪关关城、长城第一墩、悬壁长城三大核心景点组成。南依祁连山支脉文殊山山脉，北靠马鬃山黑山支脉，两山之间仅为15公里，景区地处河西走廊最狭窄区域，既是东西交通唯一要道，更因地势险要被誉为“河西第一隘口”，其在长城文化、丝路文化及旅游观光领域均具有不可替代的地位。,98.2219454831529,39.79886522927379,公开地图代表点,1710.0,,https://sjfw.mct.gov.cn/site/dataservice/base,文旅部地图市属字段；直辖市整体、分界洲/白沙湖按地理位置修订,https://a.amap.com/Loca/static/mock/china5a.csv,Copernicus GLO-30；沿用海拔图鉴已核对的代表点,2026-10-05,,,,,,
325,平凉市崆峒山风景名胜区,甘肃,620000,平凉市,620800,2007年,2007,宗教文化,作者按主导景观进行单标签分类；见官方简介,崆峒山位于甘肃省平凉市崆峒区西郊15千米处。国家5A级旅游景区、国家地质公园与国家级自然保护区。景区海拔在1456-2123.5米间，主峰海拔2123米。崆峒山是道教发源地之一，人文始祖轩辕黄帝曾到此向广成子求教，秦皇汉武亦慕名登临。山上“九宫八台十二院”等四十二处建筑群错落有致，“崆峒十二景”闻名遐迩，还留存诸多文人墨客的诗词碑刻。其在古丝绸之路中为西出关中之要塞，在宗教文化、地质研究及旅游观光等领域地位重要。,106.52481715561616,35.54874282522458,公开地图代表点,1778.0,,https://sjfw.mct.gov.cn/site/dataservice/base,文旅部地图市属字段；直辖市整体、分界洲/白沙湖按地理位置修订,https://a.amap.com/Loca/static/mock/china5a.csv,Copernicus GLO-30；沿用海拔图鉴已核对的代表点,2026-10-05,,,,,,
326,天水市麦积山景区,甘肃,620000,天水市,620500,2011年,2011,历史人文,作者按主导景观进行单标签分类；见官方简介,麦积山景区位于甘肃省天水市麦积区。国家5A级旅游景区、国家自然与文化双遗产，麦积山石窟更是世界遗产“丝绸之路：长安—天山廊道的路网”的重要组成部分。景区平均海拔约1600米，最高峰超2800米。山形酷似麦垛，由此得名。麦积山石窟始凿于十六国后秦，存有221座洞窟，泥塑石雕10632身，壁画近千平方米，是中国四大石窟之一，有“东方雕塑艺术陈列馆”之称，生动展现了千余年来雕塑、绘画等艺术的演变，兼具自然美景与深厚人文底蕴。,106.0150662845659,34.37610828220271,公开地图代表点,1456.0,,https://sjfw.mct.gov.cn/site/dataservice/base,文旅部地图市属字段；直辖市整体、分界洲/白沙湖按地理位置修订,https://a.amap.com/Loca/static/mock/china5a.csv,Copernicus GLO-30；沿用海拔图鉴已核对的代表点,2026-10-05,,,,,,
327,酒泉市鸣沙山月牙泉景区,甘肃,620000,酒泉市,620900,2015年,2015,自然风光,作者按主导景观进行单标签分类；见官方简介,鸣沙山月牙泉景区位于甘肃省酒泉市敦煌市南5公里处。国家5A级旅游景区、世界地质公园。鸣沙山东西绵延40公里，南北宽约20公里，主峰海拔1715米，山体由五色细沙堆积，沙峰起伏，远看如蛇龙蜿蜒。“沙岭晴鸣”为敦煌八景之一，敦煌古称沙州即源于此。月牙泉处于鸣沙山环抱，因状若新月得名，有“沙漠第一泉”之称，其水质甘洌，内产珍稀铁背鱼与七星草。千百年来，二者“山泉共处，沙水共生”，构成塞外大漠中独一无二的奇妙景观。,94.6755138010654,40.09023962384419,公开地图代表点,1147.0,,https://sjfw.mct.gov.cn/site/dataservice/base,文旅部地图市属字段；直辖市整体、分界洲/白沙湖按地理位置修订,https://a.amap.com/Loca/static/mock/china5a.csv,Copernicus GLO-30；沿用海拔图鉴已核对的代表点,2026-10-05,,,,,,
328,张掖市七彩丹霞景区,甘肃,620000,张掖市,620700,2019年,2019,自然风光,作者按主导景观进行单标签分类；见官方简介,七彩丹霞景区位于甘肃省张掖市临泽、肃南县境内。国家5A级旅游景区、世界地质公园。景区地处祁连山北麓。这里是中国北方干旱地区发育最典型的丹霞地貌，也是国内唯一丹霞地貌与彩色丘陵景观高度复合区。其形成于1.35亿年至6500万年前的白垩纪“红层”，经构造运动及流水、风力侵蚀而成。景区内有七彩云海、七彩仙缘等7处观景点，有神龙戏火、灵猴观海等30余处景观。山体呈现红、黄、橙等多种色彩，层理交错、气势磅礴。不仅极具旅游观赏价值，也是地质科考的理想之地。,100.1332,38.91555,公开地图代表点,1714.0,,https://sjfw.mct.gov.cn/site/dataservice/base,文旅部地图市属字段；直辖市整体、分界洲/白沙湖按地理位置修订,https://loreroutes.com/data/china-5a-scenic-areas.json,Copernicus GLO-30；沿用海拔图鉴已核对的代表点,2026-10-05,,,,,,
329,临夏州炳灵寺世界文化遗产旅游区,甘肃,620000,临夏回族自治州,622900,2020年,2020,历史人文,作者按主导景观进行单标签分类；见官方简介,炳灵寺世界文化遗产旅游区位于甘肃省临夏回族自治州永靖县，2020年，确定为国家5A级旅游景区。其由炳灵湖、炳灵石林、炳灵寺石窟三大片区构成。炳灵湖是刘家峡水电站蓄水形成的高原湖泊。炳灵石林属典型近水丹霞地貌，23平方公里的区域内千峰耸立，被唐代李靖赞为“天下第一奇观”。炳灵寺石窟更是重中之重，始凿于西晋初（公元3世纪），正式建于西秦建弘元年（420年），历经多朝营建。现存窟龛216个，佛像雕塑800余尊，壁画1000余平方米，其最早纪年题记为国内石窟仅有，在佛教艺术、文化交流研究等方面意义非凡。,103.044378,35.80551,公开地图代表点,1736.0,,https://sjfw.mct.gov.cn/site/dataservice/base,文旅部地图市属字段；直辖市整体、分界洲/白沙湖按地理位置修订,https://loreroutes.com/data/china-5a-scenic-areas.json,Copernicus GLO-30；沿用海拔图鉴已核对的代表点,2026-10-05,,,,,,
330,陇南市官鹅沟景区,甘肃,620000,陇南市,621200,2022年,2022,自然风光,作者按主导景观进行单标签分类；见官方简介,官鹅沟景区位于甘肃省陇南市宕昌县城郊，是国家5A级旅游景区，集国家级森林公园、国家地质公园等荣誉于一身。景区由官珠沟、鹅嫚沟、雷古山三大游览片区组成。整个景区呈U字形峡谷大环线，总面积达177平方公里，核心游览区面积66平方公里，森林覆盖率高达83.6%。被誉为宕昌的绿色心脏，是一处呈原始森林、高山草甸、瀑布湖泊、地质地理、民俗人文等景观于一体的自然风景区。游览线路分为东、西两线，东线15公里鹅嫚沟秘境中藏着18处地质奇观，千年红豆杉古树群与“天外来石”玄武岩柱构成超现实景观矩阵；横跨深涧的9D玻璃天桥创造“漫步云海”的极致体验。西线9峡、11瀑、13湖如翡翠珠链镶嵌在32公里官珠沟画廊，其中落差最高的官鹅天瀑堪称“陇南第一瀑”，还有海拔4154米的雪山圣境——雷古雪山，构成“一山四季”的立体生态系统。,104.385212,33.991045,公开地图代表点,1863.0,,https://sjfw.mct.gov.cn/site/dataservice/base,文旅部地图市属字段；直辖市整体、分界洲/白沙湖按地理位置修订,https://loreroutes.com/data/china-5a-scenic-areas.json,Copernicus GLO-30；沿用海拔图鉴已核对的代表点,2026-10-05,,,,,,
331,甘南州冶力关旅游区,甘肃,620000,甘南藏族自治州,623000,2024年,2024,自然风光,作者按主导景观进行单标签分类；见官方简介,冶力关旅游区位于甘肃省甘南藏族自治州临潭县东北部，2024年，确定为国家5A级旅游景区。其位于青藏高原和黄土高原过渡带，在青藏高原东北边缘、秦岭褶皱带上，由赤壁幽谷和天池冶海相连片区组成。这里自然景观多元，赤壁幽谷是高寒区湿润型丹霞地貌，国内少见；天池冶海为高山滑坡堰塞湖，景色迷人。特殊地质还造就峡谷、流水等地貌。景区动植物资源丰富，是中草药资源宝库。历史上，冶力关是“唐蕃古道”“茶马古道”重要驿站，多民族在此交融，地域民俗风情独特，文化底蕴深厚。,103.660491,34.964398,公开地图代表点,2194.0,,https://sjfw.mct.gov.cn/site/dataservice/base,文旅部地图市属字段；直辖市整体、分界洲/白沙湖按地理位置修订,https://loreroutes.com/data/china-5a-scenic-areas.json,Copernicus GLO-30；沿用海拔图鉴已核对的代表点,2026-10-05,,,,,,
332,青海湖风景区,青海,630000,海南藏族自治州,632500,2011年,2011,自然风光,作者按主导景观进行单标签分类；见官方简介,景区介绍：青海湖地处青藏高原东北部，是我国最大的内陆咸水湖和青藏高原生物多样性宝库，也是国家重点风景名胜区、国家级自然保护区，被国家地理杂志等评为“中国最美的五大湖泊之首”。2011年，确定为国家5A级旅游景区。目前，青海湖正在创建国家公园。青海湖距离省会西宁市151公里，其水域面积4650.08平方公里，湖面海拔3196.69米，平均水深20米，最大水深32米，湖水容积1050亿立方米，东西最长处约106公里，南北最宽处约65公里，湖岸线长约360公里。青海湖四周高山环绕：东面为日月山，南面是青海南山，西面为橡皮山，北面是大通山。青海湖气候凉爽，炎热的夏天日平均气温只有15度左右，是理想的避暑胜地。青海湖现开放的景区有：二郎剑景区、仙女湾景区。景区内“吃住行游购娱医”等服务功能和服务设施完善，是游客来青旅游的首选之地。,100.22722019800116,36.89400403780283,公开地图代表点,3194.0,,https://sjfw.mct.gov.cn/site/dataservice/base,文旅部地图市属字段；直辖市整体、分界洲/白沙湖按地理位置修订,https://a.amap.com/Loca/static/mock/china5a.csv,Copernicus GLO-30；沿用海拔图鉴已核对的代表点,2026-10-05,,,,,,
333,西宁市塔尔寺景区,青海,630000,西宁市,630100,2012年,2012,宗教文化,作者按主导景观进行单标签分类；见官方简介,藏传佛教格鲁派六大寺院之一—塔尔寺座落在西宁市西南25公里处湟中区鲁沙尔镇形似八瓣莲花的山坳中，是藏传佛教“格鲁派”创始人宗喀巴大师的诞生地。因先有塔而后有寺，故汉语名称为“塔尔寺”。塔尔寺是祖国的珍贵文化遗产，1961年3月4日国务院公布为第一批全国重点文物保护单位。2012年被评为5A级旅游景区。塔尔寺又是我国著名的旅游胜地。它的悠久历史、别具一格的建筑、繁富奇绝的堆绣、精巧细腻的壁画、素负盛名的酥油花、生动逼真的佛像造型、富丽堂皇的器物装饰以及其它许多艺术珍品，令无数中外游客难以忘怀。,101.599192,36.481439,公开地图代表点,2633.0,,https://sjfw.mct.gov.cn/site/dataservice/base,文旅部地图市属字段；直辖市整体、分界洲/白沙湖按地理位置修订,https://loreroutes.com/data/china-5a-scenic-areas.json,Copernicus GLO-30；沿用海拔图鉴已核对的代表点,2026-10-05,,,,,,
334,海东市互助土族故土园旅游区,青海,630000,海东市,630200,2017年,2017,历史人文,作者按主导景观进行单标签分类；见官方简介,互助土族故土园景区位于青海省海东市互助土族自治县威远镇境内。2017年，确定为国家5A级景区。景区包括天佑德中国青稞酒之源、彩虹部落土族园、纳顿庄园和西部土族民俗文化村、小庄土族民俗文化村5个核心景点，分别展现了土族绚丽多彩的民俗文化、源远流长的青稞酒文化、弥久沉香的酩馏酒文化、古老纯真的建筑文化、别具一格的民居文化、古朴神秘的宗教文化，是世界上最全面、最纯正、最真实的以“土族文化”为主题，集游览观光、休闲度假、民俗体验为一体的综合性旅游景区。,101.93532026659032,36.83431388165745,公开地图代表点,2502.0,,https://sjfw.mct.gov.cn/site/dataservice/base,文旅部地图市属字段；直辖市整体、分界洲/白沙湖按地理位置修订,https://a.amap.com/Loca/static/mock/china5a.csv,Copernicus GLO-30；沿用海拔图鉴已核对的代表点,2026-10-05,,,,,,
335,海北州阿咪东索景区,青海,630000,海北藏族自治州,632200,2020年,2020,自然风光,作者按主导景观进行单标签分类；见官方简介,阿咪东索景区位于青海省海北藏族自治州祁连县。2020年，确定为国家5A级景区。景区海拔高度在2800-3500米之间，地处祁连山中段，由多条西北-东南走向的平行山脉和宽谷组成，形似一个东西走向的巨大山谷，山谷全长14公里，谷间流水潺潺，云蒸雾蔚，野生植物众多，原始生态保存完整。景区主要由高原牧场、草原花海体验基地、林海露营体验基地、盆景湾、万佛崖、经幡祈愿台等观景点组成，可开展写生、徒步、露营、探险、动植物观赏、生态科普等活动，是原生态高原河谷体验胜地。,100.264455,38.183182,公开地图代表点,2992.0,,https://sjfw.mct.gov.cn/site/dataservice/base,文旅部地图市属字段；直辖市整体、分界洲/白沙湖按地理位置修订,https://loreroutes.com/data/china-5a-scenic-areas.json,Copernicus GLO-30；沿用海拔图鉴已核对的代表点,2026-10-05,,,,,,
336,宁夏沙湖旅游景区,宁夏,640000,石嘴山市,640200,2007年,2007,自然风光,作者按主导景观进行单标签分类；见官方简介,宁夏沙湖旅游景区坐落于宁夏回族自治区石嘴山市平罗县境内，距离自治区首府银川市仅42千米，2007年被正式评定为国家5A级旅游景区。景区开发旅游面积80.1平方公里，完美融合了45平方公里水域与22.5平方公里沙漠，形成了“沙水共生”的世界罕见地貌景观享誉内外，金沙、碧水、翠苇、飞鸟、游鱼、远山、彩荷七大核心景观交相辉映，将江南水乡的灵秀雅致与塞北大漠的雄浑壮阔完美融合，造就了独一无二的塞上生态画卷。景区作为首批“中国35个王牌景点”及“中国十大魅力休闲旅游湖泊”，以“生态观光+动感体验+研学亲子+夜间消费+特色民宿”五大核心业态，成为贺兰山下、黄河金岸上“世间少有”的文旅明珠。,,,公开地图代表点,,来源地图误配银川市点；本次按平罗县修正为石嘴山市，坐标与高程留空待复核,https://sjfw.mct.gov.cn/site/dataservice/base,文旅部地图市属字段；直辖市整体、分界洲/白沙湖按地理位置修订,城市修订依据：宁夏商务厅平罗县介绍；坐标待复核,Copernicus GLO-30；沿用海拔图鉴已核对的代表点,2026-10-05,,,,,,
337,中卫市沙坡头旅游景区,宁夏,640000,中卫市,640500,2007年,2007,自然风光,作者按主导景观进行单标签分类；见官方简介,中卫市沙坡头旅游景区位于宁夏回族自治区中卫市区以西16千米处，地处中国第四大沙漠--腾格里沙漠东南边缘，2007 年，确定为国家首批5A级旅游景区。其集大漠、黄河、高山、绿洲于一处，融合了西北风光的雄浑与江南景色的灵秀。包兰铁路从中穿过，将景区分为沙漠区与黄河区。沙漠区以沙漠星星酒店、钻石酒店、沙漠传奇乐园为依托，打造出丰富的休闲度假+观光体验产品。黄河区呈现出大漠、黄河、高山、绿洲一体的自然景观，可体验羊皮筏子漂流、激情滑沙、黄河飞索等项目。相传诗人王维曾在此留下“大漠孤烟直，长河落日圆”的千古名句。,104.993283,37.464106,公开地图代表点,1315.0,,https://sjfw.mct.gov.cn/site/dataservice/base,文旅部地图市属字段；直辖市整体、分界洲/白沙湖按地理位置修订,https://loreroutes.com/data/china-5a-scenic-areas.json,Copernicus GLO-30；沿用海拔图鉴已核对的代表点,2026-10-05,,,,,,
338,银川市宁夏镇北堡西部影视城,宁夏,640000,银川市,640100,2011年,2011,主题休闲,作者按主导景观进行单标签分类；见官方简介,镇北堡西部影城位于宁夏回族自治区银川市西夏区镇北堡镇境内的旅游景区。2011年，确定为国家5A级旅游景区。景区以古朴、荒凉、原始、粗犷、民间化为特色，是中国古代北方小城镇的生动缩影。这里建有明城、清城、老银川一条街等180余处影视拍摄景观，《大话西游》《红高粱》《新龙门客栈》等200多部经典影视作品在此诞生，是中国西部题材和古代题材影视最佳外景拍摄地。景区不仅保留影视拍摄场景，还为游客提供影视制作体验、餐饮、购物、陶艺、骑射等多元化旅游项目。,106.06743320516128,38.61426086741968,公开地图代表点,1135.0,,https://sjfw.mct.gov.cn/site/dataservice/base,文旅部地图市属字段；直辖市整体、分界洲/白沙湖按地理位置修订,https://a.amap.com/Loca/static/mock/china5a.csv,Copernicus GLO-30；沿用海拔图鉴已核对的代表点,2026-10-05,,,,,,
339,银川市水洞沟旅游区,宁夏,640000,银川市,640100,2015年,2015,历史人文,作者按主导景观进行单标签分类；见官方简介,银川水洞沟旅游区位于宁夏银川市灵武市临河镇，以水洞沟遗址为核心，2015 年获评国家 5A 级旅游景区。景区核心资源独具特色，既是 “中国史前考古的发祥地”—— 我国最早系统发掘的旧石器时代遗址，也是我国现存最完整的明代长城立体军事防御体系所在地。还因地处鄂尔多斯台地西南边缘，拥有魔鬼城、大峡谷等典型雅丹地貌。核心游览节点包括水洞沟遗址博物院、研学体验馆、长城非遗博物馆、张三小店、明长城遗址、藏兵洞、大峡谷、红山堡，是集史前文明展示、军事文化体验、自然地貌观光于一体的综合性文旅目的地。,106.51392644590636,38.28309015674184,公开地图代表点,1211.0,,https://sjfw.mct.gov.cn/site/dataservice/base,文旅部地图市属字段；直辖市整体、分界洲/白沙湖按地理位置修订,https://a.amap.com/Loca/static/mock/china5a.csv,Copernicus GLO-30；沿用海拔图鉴已核对的代表点,2026-10-05,,,,,,
340,吴忠市青铜峡黄河大峡谷旅游区,宁夏,640000,吴忠市,640300,2024年,2024,自然风光,作者按主导景观进行单标签分类；见官方简介,青铜峡黄河大峡谷旅游区位于宁夏回族自治区吴忠市青铜峡市青铜峡镇，距首府银川市65公里、吴忠市15公里，2024年，确定为国家5A级旅游景区。景区总面积126平方公里，内含青铜峡水利枢纽、一百零八塔、大禹文化园、青铜长峡、黄河铁桥等核心景点5处，单体资源75处。以黄河文化为核心，开发了拦河大坝水工游、千年古塔探秘游、大禹精神寻访游、十里长峡观光游、皮筏漂流体验游、引黄灌溉研学游、健康徒步康养游、黄河水利文化游8大特色体验项目，是黄河流域最具特色的文化旅游胜地。,105.990955,37.884844,公开地图代表点,1151.0,,https://sjfw.mct.gov.cn/site/dataservice/base,文旅部地图市属字段；直辖市整体、分界洲/白沙湖按地理位置修订,https://loreroutes.com/data/china-5a-scenic-areas.json,Copernicus GLO-30；沿用海拔图鉴已核对的代表点,2026-10-05,,,,,,
341,固原市六盘山红军长征旅游区,宁夏,640000,固原市,640400,2024年,2024,红色纪念,作者按主导景观进行单标签分类；见官方简介,固原市六盘山红军长征旅游区位于宁夏回族自治区固原市隆德县东侧，312国道沿线，距固原市区约50公里，2024年，确定为国家5A级旅游景区。六盘山是红军长征翻越的最后一座大山，1935年10月，毛泽东率中央红军途经此地；1936年10月，红一、二方面军在六盘山西麓的西吉县将台堡会师。景区面积12平方公里，含纪念馆、纪念碑等6大板块，其中2.5公里红军小道以18处微缩景观生动再现遵义会议、飞夺泸定桥等长征关键事件，是全国百个经典红色景区之一。游客在此可参与“走长征路、重温入党誓词”等“六个一”主题活动。,106.183722,35.7747,公开地图代表点,2797.0,,https://sjfw.mct.gov.cn/site/dataservice/base,文旅部地图市属字段；直辖市整体、分界洲/白沙湖按地理位置修订,https://loreroutes.com/data/china-5a-scenic-areas.json,Copernicus GLO-30；沿用海拔图鉴已核对的代表点,2026-10-05,,,,,,
342,昌吉回族自治州天山天池风景名胜区,新疆,650000,昌吉回族自治州,652300,2007年,2007,自然风光,作者按主导景观进行单标签分类；见官方简介,昌吉回族自治州天山天池风景名胜区位于新疆昌吉回族自治州阜康市境内，距乌鲁木齐市97千米。它是国家5A级旅游景区、世界自然遗产、国家地质公园与国家重点风景名胜区。景区以天池为核心，涵盖灯杆山、马牙山等8大景区。天池湖面海拔1910米，系高山冰碛湖，呈半月形，长3400米，最宽处约1500米，最深处约105米。湖水澄澈，四周云杉环绕，挺拔苍翠；博格达峰海拔5445米，终年积雪，巍峨壮美。这里是西王母道教文化的传播地，清代民国时期曾为新疆道教中心。景区集高山湖泊、森林峡谷、冰川雪峰等景观于一体。,88.13016409184938,43.86815039217476,公开地图代表点,2258.0,,https://sjfw.mct.gov.cn/site/dataservice/base,文旅部地图市属字段；直辖市整体、分界洲/白沙湖按地理位置修订,https://a.amap.com/Loca/static/mock/china5a.csv,Copernicus GLO-30；沿用海拔图鉴已核对的代表点,2026-10-05,,,,,,
343,吐鲁番市葡萄沟风景区,新疆,650000,吐鲁番市,650400,2007年,2007,综合景观,作者按主导景观进行单标签分类；见官方简介,"葡萄沟古称“洿林、八风谷”，自然风景独特，葡萄文化历史积淀深厚，为国家5A级旅游景区，全国农业旅游示范点、自治区级风景名胜区，是集餐饮住宿、观光度假、旅游购物为一体的综合性景区，在国内外享有很高的知名度。其位于火焰山山脉西侧的一个峡谷，南北长约8公里，最宽处东西约2公里，南北坡度约为25.8度,海拔300米左右。景区内有5个子景点，分别是葡萄沟游乐园、王洛宾音乐艺术馆、达瓦孜风情园、阿凡提游乐园以及葡萄沟民俗村和1个民俗观赏点——青蛙巷，布依鲁克河自北向南穿过，如同少女颈肩的项链，5个景点宛如珍珠镶嵌。",89.24118719479378,42.99886036037788,公开地图代表点,180.0,,https://sjfw.mct.gov.cn/site/dataservice/base,文旅部地图市属字段；直辖市整体、分界洲/白沙湖按地理位置修订,https://a.amap.com/Loca/static/mock/china5a.csv,Copernicus GLO-30；沿用海拔图鉴已核对的代表点,2026-10-05,,,,,,
344,阿勒泰地区喀纳斯景区,新疆,650000,阿勒泰地区,654300,2007年,2007,自然风光,作者按主导景观进行单标签分类；见官方简介,阿勒泰地区喀纳斯景区地处新疆维吾尔自治区阿尔泰山中段，位于布尔津县境内，与哈萨克斯坦、俄罗斯、蒙古国接壤，是国家5A级旅游景区。景区集冰川、雪原、高山、河流、湖泊、森林、草原等自然景观于一体，以喀纳斯湖为核心，其是中国最深的冰碛堰塞湖，湖水随光线和季节变幻色彩，有“变色湖”美誉，周边雪山巍峨，森林密布。这里还是中国唯一的西伯利亚区系动植物保护分布区，生物多样性丰富。此外，景区内的禾木村、白哈巴村等图瓦人村落，保留着独特民俗文化，原始质朴，充满神秘魅力，是综合性生态旅游胜地。,87.03279583320555,48.68481306745128,公开地图代表点,1427.0,,https://sjfw.mct.gov.cn/site/dataservice/base,文旅部地图市属字段；直辖市整体、分界洲/白沙湖按地理位置修订,https://a.amap.com/Loca/static/mock/china5a.csv,Copernicus GLO-30；沿用海拔图鉴已核对的代表点,2026-10-05,,,,,,
345,伊犁哈萨克自治州那拉提旅游风景区,新疆,650000,伊犁哈萨克自治州,654000,2010年,2010,自然风光,作者按主导景观进行单标签分类；见官方简介,伊犁哈萨克自治州那拉提旅游风景区位于新疆伊犁州新源县那拉提镇，是国家5A级旅游景区、国家级旅游度假区。景区地处天山腹地、伊犁河谷东端，平均海拔1800米，属大陆性半干旱气候。这里三面环山，巩乃斯河蜿蜒其间，草原、森林、峡谷、雪山景观相得益彰。它是古丝绸之路北线必经地，曾有塞人、乌孙人、匈奴人等在此游牧，留下众多乌孙古墓。哈萨克族在此生活，保留着赛马、叼羊等浓郁民俗风情。景区拥有天界台、游牧人家、塔吾萨尼等景点，是领略新疆草原风光与民俗文化的理想去处。,84.22630814456033,43.29102948462344,公开地图代表点,1589.0,,https://sjfw.mct.gov.cn/site/dataservice/base,文旅部地图市属字段；直辖市整体、分界洲/白沙湖按地理位置修订,https://a.amap.com/Loca/static/mock/china5a.csv,Copernicus GLO-30；沿用海拔图鉴已核对的代表点,2026-10-05,,,,,,
346,阿勒泰地区可可托海景区,新疆,650000,阿勒泰地区,654300,2012年,2012,自然风光,作者按主导景观进行单标签分类；见官方简介,可可托海景区位于新疆阿勒泰地区富蕴县境内，是国家5A级旅游景区，属于可可托海世界地质公园的核心部分。景区由额尔齐斯大峡谷、可可苏里、伊雷木湖、卡拉先格尔地震断裂带等部分构成。额尔齐斯大峡谷内，有中国唯一注入北冰洋的外流河——额尔齐斯河，峡谷两岸花岗岩山峰形态各异，神钟山孤峰傲立。伊雷木湖澄澈碧蓝，是地震断裂带上形成的断陷洼地。卡拉先格尔地震断裂带是1931年8级大地震遗迹，壮观且保存完好。景区内保存着大量极具珍贵的地质遗迹和地质景观，融观光旅游、休闲度假、特种旅游、科学考察于一体，在许多方面都具有世界唯一性。,89.81092,47.2197,公开地图代表点,1191.0,,https://sjfw.mct.gov.cn/site/dataservice/base,文旅部地图市属字段；直辖市整体、分界洲/白沙湖按地理位置修订,https://loreroutes.com/data/china-5a-scenic-areas.json,Copernicus GLO-30；沿用海拔图鉴已核对的代表点,2026-10-05,,,,,,
347,喀什地区金湖杨景区,新疆,650000,喀什地区,653100,2013年,2013,自然风光,作者按主导景观进行单标签分类；见官方简介,喀什地区金湖杨景区地处新疆喀什地区泽普县西南40公里处的亚斯墩林场，为国家5A级旅游景区、国家级森林公园。景区坐落于叶尔羌河冲积扇上缘，面积达26.66平方千米，天然胡杨林就占13.33平方千米。这里属暖温带大陆性干旱气候。胡杨因常年受昆仑雪水滋养，纤细高挑、婀娜多姿，有“水乡胡杨”美誉。景区内有高10.05米、胸径1.2米，树龄1400年的“胡杨王”。其融合“胡杨、水、绿洲、戈壁”四位一体景观，还有塔木阿里地古墓群等人文遗迹，是“十二木卡姆”和达瓦孜艺术传承地。  ,76.96765815179194,38.032931664931645,公开地图代表点,1408.0,,https://sjfw.mct.gov.cn/site/dataservice/base,文旅部地图市属字段；直辖市整体、分界洲/白沙湖按地理位置修订,https://ditu.amap.com/place/B03E600CFW,Copernicus GLO-30；沿用海拔图鉴已核对的代表点,2026-10-05,,,,,,
348,乌鲁木齐市天山大峡谷,新疆,650000,乌鲁木齐市,650100,2013年,2013,自然风光,作者按主导景观进行单标签分类；见官方简介,乌鲁木齐市天山大峡谷景区地处新疆乌鲁木齐市乌鲁木齐县境内，它是国家5A级旅游景区、国家级森林公园、国家级体育运动休闲基地。  景区三面环山，平均海拔2020米，年平均气温4-6℃。有天山北坡最完整的原始雪岭云杉林，囊括了除沙漠外的新疆所有自然景观。景区内，二湖、三瀑、四溪、十八谷相映争辉，天鹅湖澄澈，照壁山形似金字塔。乔亚草场牛羊成群，哈萨克民族风情园区保留着原滋原味的民族风俗。其兼具“泰山之雄伟、峨眉之秀丽、雁荡之巧石、华山之险峻”，是人类农耕文明前游牧文化的活博物馆。,87.37249909230313,43.42964742154326,公开地图代表点,1855.0,,https://sjfw.mct.gov.cn/site/dataservice/base,文旅部地图市属字段；直辖市整体、分界洲/白沙湖按地理位置修订,https://a.amap.com/Loca/static/mock/china5a.csv,Copernicus GLO-30；沿用海拔图鉴已核对的代表点,2026-10-05,,,,,,
349,巴音郭楞蒙古自治州博斯腾湖景区,新疆,650000,巴音郭楞蒙古自治州,652800,2014年,2014,自然风光,作者按主导景观进行单标签分类；见官方简介,巴音郭楞蒙古自治州博斯腾湖景区位于新疆巴音郭楞蒙古自治州博湖县境内，是国家5A级旅游景区。博斯腾湖是中国最大的内陆淡水吞吐湖，水域面积广阔，东西长约55千米，南北宽约25千米。景区内大湖水域浩渺，烟波荡漾，天水一色，仿若沙漠瀚海中的明珠；小湖区苇翠荷香，曲径通幽，似世外桃源。这里还是全国四大苇区之一，环湖芦苇湿地面积达60万亩，野生睡莲成群。其所在区域早在新石器时代便有人类活动，古焉耆国曾在此处，是古丝绸之路中线上的重要据点。,86.72847161201081,41.90754405500603,公开地图代表点,1053.0,,https://sjfw.mct.gov.cn/site/dataservice/base,文旅部地图市属字段；直辖市整体、分界洲/白沙湖按地理位置修订,https://a.amap.com/Loca/static/mock/china5a.csv,Copernicus GLO-30；沿用海拔图鉴已核对的代表点,2026-10-05,,,,,,
350,喀什地区喀什古城景区,新疆,650000,喀什地区,653100,2015年,2015,古城古镇,作者按主导景观进行单标签分类；见官方简介,喀什地区喀什古城景区位于新疆维吾尔自治区喀什地区喀什市解放北路，是国家5A级旅游景区、国家级旅游休闲街区。古城历史超2000年，作为古西域特色传统历史街区，见证了丝绸之路的兴衰，堪称研究古西域城市的“活化石”。其街巷纵横交错，布局仿若迷宫。建筑多采用土木、砖木结构，巧妙融合多民族风格，民族风情浓郁。这里既是热门旅游打卡地，也是维吾尔族居民的日常生活空间。游客能在此体验传统手工艺制作，品尝地道特色美食，观赏开城仪式等精彩表演，深度领略延续千年的生活韵味。,75.99013070622225,39.47702087332212,公开地图代表点,1292.0,,https://sjfw.mct.gov.cn/site/dataservice/base,文旅部地图市属字段；直辖市整体、分界洲/白沙湖按地理位置修订,https://a.amap.com/Loca/static/mock/china5a.csv,Copernicus GLO-30；沿用海拔图鉴已核对的代表点,2026-10-05,,,,,,
351,伊犁哈萨克自治州喀拉峻景区,新疆,650000,伊犁哈萨克自治州,654000,2016年,2016,自然风光,作者按主导景观进行单标签分类；见官方简介,伊犁哈萨克自治州喀拉峻景区位于新疆伊犁州特克斯县，是国家5A级旅游景区，也是“新疆天山”世界自然遗产的重要构成部分。景区由阔克苏大峡谷、喀拉峻大草原等部分组成。喀拉峻大草原属典型高山五花草甸天然草原，海拔在1305-3957米间，降水丰沛，气候凉爽。阔克苏大峡谷发源于天山中部，长超50千米，谷内水体景观、高山草原、峰峦绝壁交相辉映，鳄鱼湾地貌奇特，九曲十八弯景观壮美。此外，这里自公元前7世纪起，便是众多游牧民族家园，留下了宝贵的游牧文化遗迹，是融合自然美景与人文底蕴的旅游胜地。,82.04040270749753,43.09268192558771,公开地图代表点,1630.0,,https://sjfw.mct.gov.cn/site/dataservice/base,文旅部地图市属字段；直辖市整体、分界洲/白沙湖按地理位置修订,https://a.amap.com/Loca/static/mock/china5a.csv,Copernicus GLO-30；沿用海拔图鉴已核对的代表点,2026-10-05,,,,,,
352,巴音郭楞蒙古自治州巴音布鲁克景区,新疆,650000,巴音郭楞蒙古自治州,652800,2016年,2016,自然风光,作者按主导景观进行单标签分类；见官方简介,巴音郭楞蒙古自治州巴音布鲁克景区地处新疆巴音郭楞蒙古自治州和静县西北部，位于天山山脉中部的大尤尔都斯盆地，是国家5A级旅游景区，也是“新疆·天山”世界自然遗产的一部分。景区属高山间盆地，四周雪山环绕，开都河蜿蜒其中。这里是全国最大的亚高山高寒草甸草原，地势平坦、水草丰美，是新疆重要的畜牧业基地。其天鹅湖是中国最大的野生天鹅繁殖地，每年6-9月，众多天鹅在此栖息繁行。此外，“九曲十八弯”的开都河壮丽奇绝。这里还留存着蒙古族土尔扈特部东归的动人历史，民族风情浓郁。,84.13207706829692,43.025564312781846,公开地图代表点,2465.0,,https://sjfw.mct.gov.cn/site/dataservice/base,文旅部地图市属字段；直辖市整体、分界洲/白沙湖按地理位置修订,https://a.amap.com/Loca/static/mock/china5a.csv,Copernicus GLO-30；沿用海拔图鉴已核对的代表点,2026-10-05,65.0,65.0,基础门票；区间车另计，2026自驾另有按车收费政策,https://www.xjhj.gov.cn/xjhjx/c110799/202504/3c8131196ef143ffb4ba9e2af8a9df85.shtml,来源公布的常规标准；采集日不等于价格生效日，实时售价及有效期购票前复核,65元
353,喀什地区帕米尔旅游区,新疆,650000,喀什地区,653100,2019年,2019,自然风光,作者按主导景观进行单标签分类；见官方简介,喀什地区帕米尔旅游区位于新疆喀什地区塔什库尔干塔吉克自治县，是国家5A级旅游景区。景区由石头城、金草滩、塔吉克民俗村等五大区域构成。这里曾是古丝绸之路南道、中道通往西亚、南亚及欧洲的必经之地。石头城遗址历史超2000年，见证岁月沧桑。金草滩湿地公园夏季葱郁、秋季金黄，冬季银装素裹。塔吉克民俗村展现独特民族风情，鹰舞豪迈奔放。周边群山巍峨，慕士塔格峰等终年积雪，还有白沙湖、喀拉库勒湖等点缀，与盘龙古道奇景，共同绘就壮美画卷，是集观光、文化体验、探险于一体的旅游佳处。,75.2327838,37.7822234,景区内石头城遗址代表点,3080.0,,https://sjfw.mct.gov.cn/site/dataservice/base,文旅部地图市属字段；直辖市整体、分界洲/白沙湖按地理位置修订,https://www.openstreetmap.org/way/785258129,Copernicus GLO-30；沿用海拔图鉴已核对的代表点,2026-10-05,,,,,,
354,克拉玛依市世界魔鬼城景区,新疆,650000,克拉玛依市,650200,2020年,2020,自然风光,作者按主导景观进行单标签分类；见官方简介,克拉玛依市世界魔鬼城景区地处新疆克拉玛依市乌尔禾区龙脊路200号，是国家5A级旅游景区。世界魔鬼城总面积121平方公里，属典型雅丹地貌。在长期风蚀及间歇性水蚀作用下，景区内由白垩系地层构成的岩石，形成了千姿百态的雅丹地貌，“孔雀迎宾”“海狮望月”等超20处象形景观栩栩如生。这里曾是古生物栖息地，发现过乌尔禾剑龙、准噶尔翼龙等化石。景区还是知名影视取景地，《卧虎藏龙》《七剑下天山》在此拍摄。游客可乘动力伞俯瞰，或体验油田开采。,85.73,46.125,公开地图代表点,313.0,,https://sjfw.mct.gov.cn/site/dataservice/base,文旅部地图市属字段；直辖市整体、分界洲/白沙湖按地理位置修订,https://loreroutes.com/data/china-5a-scenic-areas.json,Copernicus GLO-30；沿用海拔图鉴已核对的代表点,2026-10-05,,,,,,
355,博尔塔拉蒙古自治州赛里木湖景区,新疆,650000,博尔塔拉蒙古自治州,652700,2021年,2021,自然风光,作者按主导景观进行单标签分类；见官方简介,赛里木湖景区位于新疆博尔塔拉蒙古自治州博乐市西南部，是国家5A级旅游景区、国家级风景名胜区。赛里木湖是新疆海拔最高、面积最大的高山冷水湖，湖水清澈湛蓝，透明度达10米以上，有“大西洋最后一滴眼泪”的美誉。景区内雪山倒映、碧草如茵，湖畔绵延的冰川与广袤草原相映成趣，夏季野花盛放形成多彩花海。这里也是候鸟重要栖息地，栖息着天鹅、斑头雁等珍稀鸟类。此外，景区留存乌孙古冢、古代岩画等历史遗迹，承载着丝路文化底蕴，兼具生态观光与文化体验价值。,81.2,44.6,公开地图代表点,2072.0,,https://sjfw.mct.gov.cn/site/dataservice/base,文旅部地图市属字段；直辖市整体、分界洲/白沙湖按地理位置修订,https://loreroutes.com/data/china-5a-scenic-areas.json,Copernicus GLO-30；沿用海拔图鉴已核对的代表点,2026-10-05,,,,,,
356,昌吉回族自治州江布拉克景区,新疆,650000,昌吉回族自治州,652300,2022年,2022,自然风光,作者按主导景观进行单标签分类；见官方简介,江布拉克景区位于新疆维吾尔自治区昌吉回族自治州奇台县半截沟镇，是国家5A级旅游景区、国家级森林公园、新疆天山世界自然遗产地延续景观。景区地处天山北麓、准噶尔盆地东南缘，地形以山地为主，垂直景观差异明显，有森林草原、高寒草甸等。这里有世界之最的天山怪坡，还有万亩旱田组成的天山麦海，宛如山地麦田版画。同时，作为古丝绸北道重要节点，石城子遗址见证了千年戍边文化与农耕文明。景区集观光摄影、休闲度假、科研科考等功能于一体，是知名的国际休闲度假旅游胜地。,89.738486,43.657627,公开地图代表点,1457.0,,https://sjfw.mct.gov.cn/site/dataservice/base,文旅部地图市属字段；直辖市整体、分界洲/白沙湖按地理位置修订,https://loreroutes.com/data/china-5a-scenic-areas.json,Copernicus GLO-30；沿用海拔图鉴已核对的代表点,2026-10-05,,,,,,
357,阿克苏地区天山托木尔景区,新疆,650000,阿克苏地区,652900,2024年,2024,自然风光,作者按主导景观进行单标签分类；见官方简介,阿克苏地区天山托木尔景区位于新疆维吾尔自治区阿克苏地区温宿县境内。该景区于2024年12月被评为国家5A级旅游景区，同时也是世界自然遗产地。景区地处天山最高峰托木尔峰脚下，拥有世界第三大山岳冰川景观，以及红层峡谷、岩盐喀斯特等地貌景观，融峡谷、风蚀、河流、构造等地貌于一体。这里曾是木扎特古道的必经之地，历史文化底蕴深厚。独特的自然风光与柯尔克孜民俗风情相结合，使其成为集观光、科考、休闲、避暑等功能于一体的度假胜地。,80.352461,41.71312,公开地图代表点,2283.0,,https://sjfw.mct.gov.cn/site/dataservice/base,文旅部地图市属字段；直辖市整体、分界洲/白沙湖按地理位置修订,https://loreroutes.com/data/china-5a-scenic-areas.json,Copernicus GLO-30；沿用海拔图鉴已核对的代表点,2026-10-05,,,,,,
358,兵团十师185团白沙湖景区（阿勒泰地区）,新疆,650000,阿勒泰地区,654300,2017年,2017,自然风光,作者按主导景观进行单标签分类；见官方简介,兵团十师185团白沙湖景区位于新疆阿勒泰地区哈巴河县境内，是国家5A级旅游景区。    景区核心白沙湖，是被沙丘环绕的沙漠小湖，南北长约2100米，东西宽约1300米，海拔650米，湖水不增不减、不凝不浊，有“沙漠圣泉”之誉。周边生长着高大混生林带与芦苇丛，夏季荷花绽放，一派江南水乡韵味。与之相邻的鸣沙山，沙粒干净细腻，夏季地表温度高，滑沙时沙丘会发出轰鸣声。这里还有185团抗洪守土纪念碑、西北边境第一连等人文景观，诉说着兵团人戍边的热血故事，是自然与人文交相辉映的旅游佳地。,85.7434138994331,48.37158686022188,公开地图代表点,566.0,,https://sjfw.mct.gov.cn/site/dataservice/base,文旅部地图市属字段；直辖市整体、分界洲/白沙湖按地理位置修订,https://a.amap.com/Loca/static/mock/china5a.csv,Copernicus GLO-30；沿用海拔图鉴已核对的代表点,2026-10-05,,,,,,
359,兵团阿拉尔市塔克拉玛干•三五九旅文化旅游区,新疆,650000,阿拉尔市,659002,2021年,2021,综合景观,作者按主导景观进行单标签分类；见官方简介,塔克拉玛干・三五九旅文化旅游区地处新疆生产建设兵团第一师阿拉尔市，为国家5A级旅游景区。该景区由市区中心的三五九旅文化旅游区与塔克拉玛干沙漠北缘的沙漠之门景区构成，景区范围达11.98平方公里。前者以三五九旅屯垦纪念馆为核心，馆内陈列丰富文物，生动展现其“生在井冈山，长在南泥湾，转战数万里，屯垦在天山”的辉煌历程，还有上海知青纪念林、屯垦文化区等景点诠释屯垦文化；后者设有7大区域，14个旅游体验项目，如沙漠越野、房车体验等，让游客尽享沙漠风情。这里是兵团重要红色旅游基地，兼具历史底蕴与独特风光。,81.277872,40.548764,公开地图代表点,1012.0,,https://sjfw.mct.gov.cn/site/dataservice/base,文旅部地图市属字段；直辖市整体、分界洲/白沙湖按地理位置修订,https://loreroutes.com/data/china-5a-scenic-areas.json,Copernicus GLO-30；沿用海拔图鉴已核对的代表点,2026-10-05,,,,,,
