date,code,name,close
2024-09-23,BK1134,AI 算力,837.600000
2024-09-23,BK1128,CPO,1552.920000
2024-09-23,BK0917,半导体,998.610000
2024-09-23,BK1137,存储,802.620000
2024-09-23,BK0922,数据中心,1006.150000
2024-09-23,BK0579,云计算,1782.920000
2024-09-23,BK0963,商业航天,985.260000
2024-09-23,BK0921,卫星,921.620000
2024-09-23,BK1090,机器人,931.890000
2024-09-23,BK0802,自动驾驶,1084.220000
2024-09-23,BK0577,核电,1369.130000
2024-09-23,BK0490,军工,39905.530000
2024-09-23,BK0493,新能源,10212.380000
2024-09-23,BK0588,光伏,2181.960000
2024-09-23,BK0574,锂电池,1953.330000
2024-09-23,BK0464,石油,4264.230000
2024-09-23,BK0843,天然气,1009.240000
2024-09-23,BK0478,铜/有色,12075.870000
2024-09-23,BK0547,黄金,9499.370000
2024-09-23,BK0475,银行金融,3083.880000
2024-09-23,BK1216,生物医疗,2950.570000
2024-09-23,BK0438,消费,17988.060000
2024-09-23,BK0578,稀土永磁,1482.960000
2024-09-23,BK1106,创新药,827.750000
2024-09-23,BK0710,量子计算,1514.940000
2024-09-23,BK0968,固态电池,1030.470000
2024-09-23,BK1166,低空经济,870.650000
2024-09-23,BK0668,医疗器械,2486.460000
2024-09-24,BK1134,AI 算力,863.760000
2024-09-24,BK1128,CPO,1618.480000
2024-09-24,BK0917,半导体,1035.710000
2024-09-24,BK1137,存储,834.520000
2024-09-24,BK0922,数据中心,1034.400000
2024-09-24,BK0579,云计算,1834.160000
2024-09-24,BK0963,商业航天,1017.240000
2024-09-24,BK0921,卫星,947.220000
2024-09-24,BK1090,机器人,961.400000
2024-09-24,BK0802,自动驾驶,1113.980000
2024-09-24,BK0577,核电,1417.280000
2024-09-24,BK0490,军工,41132.870000
2024-09-24,BK0493,新能源,10567.130000
2024-09-24,BK0588,光伏,2258.730000
2024-09-24,BK0574,锂电池,2031.530000
2024-09-24,BK0464,石油,4406.070000
2024-09-24,BK0843,天然气,1046.390000
2024-09-24,BK0478,铜/有色,12521.920000
2024-09-24,BK0547,黄金,9785.190000
2024-09-24,BK0475,银行金融,3201.520000
2024-09-24,BK1216,生物医疗,3050.540000
2024-09-24,BK0438,消费,18721.090000
2024-09-24,BK0578,稀土永磁,1537.140000
2024-09-24,BK1106,创新药,855.650000
2024-09-24,BK0710,量子计算,1556.050000
2024-09-24,BK0968,固态电池,1074.230000
2024-09-24,BK1166,低空经济,898.570000
2024-09-24,BK0668,医疗器械,2573.600000
2024-09-25,BK1134,AI 算力,875.310000
2024-09-25,BK1128,CPO,1632.540000
2024-09-25,BK0917,半导体,1043.740000
2024-09-25,BK1137,存储,838.060000
2024-09-25,BK0922,数据中心,1048.370000
2024-09-25,BK0579,云计算,1859.130000
2024-09-25,BK0963,商业航天,1029.070000
2024-09-25,BK0921,卫星,960.590000
2024-09-25,BK1090,机器人,971.190000
2024-09-25,BK0802,自动驾驶,1123.200000
2024-09-25,BK0577,核电,1433.070000
2024-09-25,BK0490,军工,41652.710000
2024-09-25,BK0493,新能源,10689.030000
2024-09-25,BK0588,光伏,2282.890000
2024-09-25,BK0574,锂电池,2055.330000
2024-09-25,BK0464,石油,4458.150000
2024-09-25,BK0843,天然气,1057.270000
2024-09-25,BK0478,铜/有色,12621.980000
2024-09-25,BK0547,黄金,9917.460000
2024-09-25,BK0475,银行金融,3280.440000
2024-09-25,BK1216,生物医疗,3096.340000
2024-09-25,BK0438,消费,18783.240000
2024-09-25,BK0578,稀土永磁,1552.640000
2024-09-25,BK1106,创新药,868.690000
2024-09-25,BK0710,量子计算,1568.250000
2024-09-25,BK0968,固态电池,1085.380000
2024-09-25,BK1166,低空经济,909.920000
2024-09-25,BK0668,医疗器械,2607.650000
2024-09-26,BK1134,AI 算力,901.920000
2024-09-26,BK1128,CPO,1676.950000
2024-09-26,BK0917,半导体,1081.920000
2024-09-26,BK1137,存储,874.750000
2024-09-26,BK0922,数据中心,1076.760000
2024-09-26,BK0579,云计算,1906.730000
2024-09-26,BK0963,商业航天,1059.810000
2024-09-26,BK0921,卫星,993.490000
2024-09-26,BK1090,机器人,1003.640000
2024-09-26,BK0802,自动驾驶,1160.360000
2024-09-26,BK0577,核电,1474.530000
2024-09-26,BK0490,军工,42843.550000
2024-09-26,BK0493,新能源,10999.760000
2024-09-26,BK0588,光伏,2350.680000
2024-09-26,BK0574,锂电池,2116.430000
2024-09-26,BK0464,石油,4549.460000
2024-09-26,BK0843,天然气,1082.300000
2024-09-26,BK0478,铜/有色,13067.110000
2024-09-26,BK0547,黄金,10204.180000
2024-09-26,BK0475,银行金融,3412.930000
2024-09-26,BK1216,生物医疗,3201.600000
2024-09-26,BK0438,消费,19851.950000
2024-09-26,BK0578,稀土永磁,1600.470000
2024-09-26,BK1106,创新药,898.380000
2024-09-26,BK0710,量子计算,1600.030000
2024-09-26,BK0968,固态电池,1116.820000
2024-09-26,BK1166,低空经济,938.390000
2024-09-26,BK0668,医疗器械,2701.860000
2024-09-27,BK1134,AI 算力,956.300000
2024-09-27,BK1128,CPO,1771.380000
2024-09-27,BK0917,半导体,1148.150000
2024-09-27,BK1137,存储,934.330000
2024-09-27,BK0922,数据中心,1139.040000
2024-09-27,BK0579,云计算,2028.980000
2024-09-27,BK0963,商业航天,1120.030000
2024-09-27,BK0921,卫星,1047.460000
2024-09-27,BK1090,机器人,1059.360000
2024-09-27,BK0802,自动驾驶,1223.940000
2024-09-27,BK0577,核电,1535.970000
2024-09-27,BK0490,军工,45096.690000
2024-09-27,BK0493,新能源,11511.360000
2024-09-27,BK0588,光伏,2475.970000
2024-09-27,BK0574,锂电池,2247.250000
2024-09-27,BK0464,石油,4654.400000
2024-09-27,BK0843,天然气,1124.150000
2024-09-27,BK0478,铜/有色,13667.480000
2024-09-27,BK0547,黄金,10563.790000
2024-09-27,BK0475,银行金融,3401.830000
2024-09-27,BK1216,生物医疗,3378.020000
2024-09-27,BK0438,消费,20871.410000
2024-09-27,BK0578,稀土永磁,1686.770000
2024-09-27,BK1106,创新药,951.450000
2024-09-27,BK0710,量子计算,1686.890000
2024-09-27,BK0968,固态电池,1193.230000
2024-09-27,BK1166,低空经济,992.840000
2024-09-27,BK0668,医疗器械,2845.460000
2024-09-30,BK1134,AI 算力,1081.760000
2024-09-30,BK1128,CPO,1993.280000
2024-09-30,BK0917,半导体,1303.880000
2024-09-30,BK1137,存储,1069.140000
2024-09-30,BK0922,数据中心,1279.890000
2024-09-30,BK0579,云计算,2301.270000
2024-09-30,BK0963,商业航天,1260.710000
2024-09-30,BK0921,卫星,1177.570000
2024-09-30,BK1090,机器人,1192.560000
2024-09-30,BK0802,自动驾驶,1374.480000
2024-09-30,BK0577,核电,1692.100000
2024-09-30,BK0490,军工,50405.060000
2024-09-30,BK0493,新能源,12665.400000
2024-09-30,BK0588,光伏,2749.350000
2024-09-30,BK0574,锂电池,2517.070000
2024-09-30,BK0464,石油,5019.720000
2024-09-30,BK0843,天然气,1227.740000
2024-09-30,BK0478,铜/有色,15085.370000
2024-09-30,BK0547,黄金,11408.440000
2024-09-30,BK0475,银行金融,3604.090000
2024-09-30,BK1216,生物医疗,3781.830000
2024-09-30,BK0438,消费,22915.690000
2024-09-30,BK0578,稀土永磁,1878.500000
2024-09-30,BK1106,创新药,1069.620000
2024-09-30,BK0710,量子计算,1886.670000
2024-09-30,BK0968,固态电池,1348.320000
2024-09-30,BK1166,低空经济,1114.700000
2024-09-30,BK0668,医疗器械,3188.860000
2024-10-08,BK1134,AI 算力,1215.180000
2024-10-08,BK1128,CPO,2246.550000
2024-10-08,BK0917,半导体,1485.770000
2024-10-08,BK1137,存储,1237.420000
2024-10-08,BK0922,数据中心,1423.600000
2024-10-08,BK0579,云计算,2599.900000
2024-10-08,BK0963,商业航天,1416.200000
2024-10-08,BK0921,卫星,1327.550000
2024-10-08,BK1090,机器人,1330.220000
2024-10-08,BK0802,自动驾驶,1529.970000
2024-10-08,BK0577,核电,1808.910000
2024-10-08,BK0490,军工,55782.870000
2024-10-08,BK0493,新能源,13510.240000
2024-10-08,BK0588,光伏,2981.420000
2024-10-08,BK0574,锂电池,2766.580000
2024-10-08,BK0464,石油,5247.870000
2024-10-08,BK0843,天然气,1304.180000
2024-10-08,BK0478,铜/有色,15910.500000
2024-10-08,BK0547,黄金,11754.220000
2024-10-08,BK0475,银行金融,3706.490000
2024-10-08,BK1216,生物医疗,4124.750000
2024-10-08,BK0438,消费,23948.590000
2024-10-08,BK0578,稀土永磁,2039.370000
2024-10-08,BK1106,创新药,1172.320000
2024-10-08,BK0710,量子计算,2104.690000
2024-10-08,BK0968,固态电池,1505.640000
2024-10-08,BK1166,低空经济,1240.070000
2024-10-08,BK0668,医疗器械,3495.240000
2024-10-09,BK1134,AI 算力,1115.610000
2024-10-09,BK1128,CPO,2050.550000
2024-10-09,BK0917,半导体,1403.240000
2024-10-09,BK1137,存储,1165.110000
2024-10-09,BK0922,数据中心,1301.200000
2024-10-09,BK0579,云计算,2399.240000
2024-10-09,BK0963,商业航天,1268.240000
2024-10-09,BK0921,卫星,1219.860000
2024-10-09,BK1090,机器人,1205.500000
2024-10-09,BK0802,自动驾驶,1411.690000
2024-10-09,BK0577,核电,1647.470000
2024-10-09,BK0490,军工,50881.150000
2024-10-09,BK0493,新能源,12332.960000
2024-10-09,BK0588,光伏,2708.690000
2024-10-09,BK0574,锂电池,2502.210000
2024-10-09,BK0464,石油,4833.620000
2024-10-09,BK0843,天然气,1189.620000
2024-10-09,BK0478,铜/有色,14443.880000
2024-10-09,BK0547,黄金,10761.380000
2024-10-09,BK0475,银行金融,3449.100000
2024-10-09,BK1216,生物医疗,3712.830000
2024-10-09,BK0438,消费,21597.910000
2024-10-09,BK0578,稀土永磁,1840.740000
2024-10-09,BK1106,创新药,1063.620000
2024-10-09,BK0710,量子计算,1948.200000
2024-10-09,BK0968,固态电池,1345.550000
2024-10-09,BK1166,低空经济,1122.570000
2024-10-09,BK0668,医疗器械,3148.200000
2024-10-10,BK1134,AI 算力,1097.610000
2024-10-10,BK1128,CPO,2028.470000
2024-10-10,BK0917,半导体,1363.730000
2024-10-10,BK1137,存储,1120.710000
2024-10-10,BK0922,数据中心,1291.310000
2024-10-10,BK0579,云计算,2341.950000
2024-10-10,BK0963,商业航天,1267.970000
2024-10-10,BK0921,卫星,1212.220000
2024-10-10,BK1090,机器人,1198.460000
2024-10-10,BK0802,自动驾驶,1396.340000
2024-10-10,BK0577,核电,1667.140000
2024-10-10,BK0490,军工,51009.380000
2024-10-10,BK0493,新能源,12437.980000
2024-10-10,BK0588,光伏,2709.200000
2024-10-10,BK0574,锂电池,2487.760000
2024-10-10,BK0464,石油,4891.140000
2024-10-10,BK0843,天然气,1205.640000
2024-10-10,BK0478,铜/有色,14562.700000
2024-10-10,BK0547,黄金,10840.280000
2024-10-10,BK0475,银行金融,3564.320000
2024-10-10,BK1216,生物医疗,3715.620000
2024-10-10,BK0438,消费,21759.800000
2024-10-10,BK0578,稀土永磁,1843.220000
2024-10-10,BK1106,创新药,1058.820000
2024-10-10,BK0710,量子计算,1945.150000
2024-10-10,BK0968,固态电池,1332.730000
2024-10-10,BK1166,低空经济,1122.860000
2024-10-10,BK0668,医疗器械,3142.960000
2024-10-11,BK1134,AI 算力,1046.660000
2024-10-11,BK1128,CPO,1926.860000
2024-10-11,BK0917,半导体,1286.480000
2024-10-11,BK1137,存储,1049.990000
2024-10-11,BK0922,数据中心,1240.020000
2024-10-11,BK0579,云计算,2244.340000
2024-10-11,BK0963,商业航天,1191.290000
2024-10-11,BK0921,卫星,1144.940000
2024-10-11,BK1090,机器人,1138.040000
2024-10-11,BK0802,自动驾驶,1328.800000
2024-10-11,BK0577,核电,1602.340000
2024-10-11,BK0490,军工,48468.500000
2024-10-11,BK0493,新能源,11964.470000
2024-10-11,BK0588,光伏,2592.280000
2024-10-11,BK0574,锂电池,2371.900000
2024-10-11,BK0464,石油,4795.960000
2024-10-11,BK0843,天然气,1173.940000
2024-10-11,BK0478,铜/有色,14134.170000
2024-10-11,BK0547,黄金,10693.810000
2024-10-11,BK0475,银行金融,3515.040000
2024-10-11,BK1216,生物医疗,3545.150000
2024-10-11,BK0438,消费,21300.500000
2024-10-11,BK0578,稀土永磁,1760.590000
2024-10-11,BK1106,创新药,1004.960000
2024-10-11,BK0710,量子计算,1842.960000
2024-10-11,BK0968,固态电池,1265.930000
2024-10-11,BK1166,低空经济,1061.060000
2024-10-11,BK0668,医疗器械,3007.140000
2024-10-14,BK1134,AI 算力,1093.440000
2024-10-14,BK1128,CPO,2020.570000
2024-10-14,BK0917,半导体,1341.740000
2024-10-14,BK1137,存储,1098.640000
2024-10-14,BK0922,数据中心,1291.110000
2024-10-14,BK0579,云计算,2354.030000
2024-10-14,BK0963,商业航天,1253.450000
2024-10-14,BK0921,卫星,1205.850000
2024-10-14,BK1090,机器人,1181.540000
2024-10-14,BK0802,自动驾驶,1379.540000
2024-10-14,BK0577,核电,1651.780000
2024-10-14,BK0490,军工,50800.520000
2024-10-14,BK0493,新能源,12256.110000
2024-10-14,BK0588,光伏,2669.330000
2024-10-14,BK0574,锂电池,2441.550000
2024-10-14,BK0464,石油,4874.690000
2024-10-14,BK0843,天然气,1198.940000
2024-10-14,BK0478,铜/有色,14682.010000
2024-10-14,BK0547,黄金,10938.030000
2024-10-14,BK0475,银行金融,3646.660000
2024-10-14,BK1216,生物医疗,3610.270000
2024-10-14,BK0438,消费,21608.330000
2024-10-14,BK0578,稀土永磁,1811.710000
2024-10-14,BK1106,创新药,1022.060000
2024-10-14,BK0710,量子计算,1934.660000
2024-10-14,BK0968,固态电池,1303.840000
2024-10-14,BK1166,低空经济,1113.280000
2024-10-14,BK0668,医疗器械,3085.490000
2024-10-15,BK1134,AI 算力,1085.330000
2024-10-15,BK1128,CPO,1990.030000
2024-10-15,BK0917,半导体,1321.010000
2024-10-15,BK1137,存储,1079.910000
2024-10-15,BK0922,数据中心,1275.190000
2024-10-15,BK0579,云计算,2321.600000
2024-10-15,BK0963,商业航天,1240.200000
2024-10-15,BK0921,卫星,1211.590000
2024-10-15,BK1090,机器人,1163.780000
2024-10-15,BK0802,自动驾驶,1358.680000
2024-10-15,BK0577,核电,1632.430000
2024-10-15,BK0490,军工,50460.170000
2024-10-15,BK0493,新能源,12050.640000
2024-10-15,BK0588,光伏,2623.800000
2024-10-15,BK0574,锂电池,2401.360000
2024-10-15,BK0464,石油,4766.540000
2024-10-15,BK0843,天然气,1172.470000
2024-10-15,BK0478,铜/有色,14333.310000
2024-10-15,BK0547,黄金,10716.800000
2024-10-15,BK0475,银行金融,3562.090000
2024-10-15,BK1216,生物医疗,3546.780000
2024-10-15,BK0438,消费,21221.580000
2024-10-15,BK0578,稀土永磁,1773.360000
2024-10-15,BK1106,创新药,1003.230000
2024-10-15,BK0710,量子计算,1907.400000
2024-10-15,BK0968,固态电池,1278.890000
2024-10-15,BK1166,低空经济,1107.130000
2024-10-15,BK0668,医疗器械,3027.920000
2024-10-16,BK1134,AI 算力,1085.950000
2024-10-16,BK1128,CPO,1964.480000
2024-10-16,BK0917,半导体,1315.750000
2024-10-16,BK1137,存储,1071.420000
2024-10-16,BK0922,数据中心,1286.670000
2024-10-16,BK0579,云计算,2340.090000
2024-10-16,BK0963,商业航天,1237.390000
2024-10-16,BK0921,卫星,1208.830000
2024-10-16,BK1090,机器人,1164.150000
2024-10-16,BK0802,自动驾驶,1352.240000
2024-10-16,BK0577,核电,1651.550000
2024-10-16,BK0490,军工,50488.360000
2024-10-16,BK0493,新能源,12078.190000
2024-10-16,BK0588,光伏,2618.950000
2024-10-16,BK0574,锂电池,2399.890000
2024-10-16,BK0464,石油,4780.260000
2024-10-16,BK0843,天然气,1191.260000
2024-10-16,BK0478,铜/有色,14472.260000
2024-10-16,BK0547,黄金,10914.580000
2024-10-16,BK0475,银行金融,3664.420000
2024-10-16,BK1216,生物医疗,3550.990000
2024-10-16,BK0438,消费,21159.290000
2024-10-16,BK0578,稀土永磁,1777.410000
2024-10-16,BK1106,创新药,1003.990000
2024-10-16,BK0710,量子计算,1900.450000
2024-10-16,BK0968,固态电池,1272.360000
2024-10-16,BK1166,低空经济,1108.390000
2024-10-16,BK0668,医疗器械,3039.310000
2024-10-17,BK1134,AI 算力,1106.680000
2024-10-17,BK1128,CPO,1996.890000
2024-10-17,BK0917,半导体,1320.910000
2024-10-17,BK1137,存储,1073.160000
2024-10-17,BK0922,数据中心,1299.200000
2024-10-17,BK0579,云计算,2371.520000
2024-10-17,BK0963,商业航天,1249.110000
2024-10-17,BK0921,卫星,1215.690000
2024-10-17,BK1090,机器人,1165.990000
2024-10-17,BK0802,自动驾驶,1367.160000
2024-10-17,BK0577,核电,1654.050000
2024-10-17,BK0490,军工,50660.230000
2024-10-17,BK0493,新能源,11982.650000
2024-10-17,BK0588,光伏,2604.160000
2024-10-17,BK0574,锂电池,2387.980000
2024-10-17,BK0464,石油,4735.010000
2024-10-17,BK0843,天然气,1175.310000
2024-10-17,BK0478,铜/有色,14435.400000
2024-10-17,BK0547,黄金,10781.570000
2024-10-17,BK0475,银行金融,3604.380000
2024-10-17,BK1216,生物医疗,3534.890000
2024-10-17,BK0438,消费,21020.520000
2024-10-17,BK0578,稀土永磁,1764.020000
2024-10-17,BK1106,创新药,1000.890000
2024-10-17,BK0710,量子计算,1922.650000
2024-10-17,BK0968,固态电池,1267.710000
2024-10-17,BK1166,低空经济,1114.180000
2024-10-17,BK0668,医疗器械,3028.880000
2024-10-18,BK1134,AI 算力,1159.170000
2024-10-18,BK1128,CPO,2128.210000
2024-10-18,BK0917,半导体,1417.640000
2024-10-18,BK1137,存储,1151.640000
2024-10-18,BK0922,数据中心,1342.530000
2024-10-18,BK0579,云计算,2462.570000
2024-10-18,BK0963,商业航天,1302.260000
2024-10-18,BK0921,卫星,1268.960000
2024-10-18,BK1090,机器人,1216.590000
2024-10-18,BK0802,自动驾驶,1434.810000
2024-10-18,BK0577,核电,1701.690000
2024-10-18,BK0490,军工,52506.310000
2024-10-18,BK0493,新能源,12314.620000
2024-10-18,BK0588,光伏,2691.770000
2024-10-18,BK0574,锂电池,2486.140000
2024-10-18,BK0464,石油,4823.150000
2024-10-18,BK0843,天然气,1197.040000
2024-10-18,BK0478,铜/有色,14835.390000
2024-10-18,BK0547,黄金,11012.580000
2024-10-18,BK0475,银行金融,3630.690000
2024-10-18,BK1216,生物医疗,3656.790000
2024-10-18,BK0438,消费,21487.830000
2024-10-18,BK0578,稀土永磁,1825.090000
2024-10-18,BK1106,创新药,1039.570000
2024-10-18,BK0710,量子计算,2009.780000
2024-10-18,BK0968,固态电池,1322.650000
2024-10-18,BK1166,低空经济,1166.620000
2024-10-18,BK0668,医疗器械,3141.630000
2024-10-21,BK1134,AI 算力,1199.640000
2024-10-21,BK1128,CPO,2223.160000
2024-10-21,BK0917,半导体,1480.210000
2024-10-21,BK1137,存储,1206.180000
2024-10-21,BK0922,数据中心,1385.770000
2024-10-21,BK0579,云计算,2549.560000
2024-10-21,BK0963,商业航天,1380.880000
2024-10-21,BK0921,卫星,1347.410000
2024-10-21,BK1090,机器人,1253.430000
2024-10-21,BK0802,自动驾驶,1483.370000
2024-10-21,BK0577,核电,1733.590000
2024-10-21,BK0490,军工,54613.840000
2024-10-21,BK0493,新能源,12493.610000
2024-10-21,BK0588,光伏,2758.300000
2024-10-21,BK0574,锂电池,2542.290000
2024-10-21,BK0464,石油,4903.200000
2024-10-21,BK0843,天然气,1202.780000
2024-10-21,BK0478,铜/有色,15105.960000
2024-10-21,BK0547,黄金,11193.410000
2024-10-21,BK0475,银行金融,3593.680000
2024-10-21,BK1216,生物医疗,3722.540000
2024-10-21,BK0438,消费,21762.440000
2024-10-21,BK0578,稀土永磁,1880.450000
2024-10-21,BK1106,创新药,1057.860000
2024-10-21,BK0710,量子计算,2109.090000
2024-10-21,BK0968,固态电池,1359.410000
2024-10-21,BK1166,低空经济,1234.300000
2024-10-21,BK0668,医疗器械,3199.490000
2024-10-22,BK1134,AI 算力,1193.950000
2024-10-22,BK1128,CPO,2235.180000
2024-10-22,BK0917,半导体,1480.980000
2024-10-22,BK1137,存储,1201.450000
2024-10-22,BK0922,数据中心,1377.760000
2024-10-22,BK0579,云计算,2509.160000
2024-10-22,BK0963,商业航天,1367.790000
2024-10-22,BK0921,卫星,1333.430000
2024-10-22,BK1090,机器人,1259.360000
2024-10-22,BK0802,自动驾驶,1483.730000
2024-10-22,BK0577,核电,1780.440000
2024-10-22,BK0490,军工,54513.000000
2024-10-22,BK0493,新能源,12783.720000
2024-10-22,BK0588,光伏,2803.180000
2024-10-22,BK0574,锂电池,2575.540000
2024-10-22,BK0464,石油,4992.330000
2024-10-22,BK0843,天然气,1219.410000
2024-10-22,BK0478,铜/有色,15243.240000
2024-10-22,BK0547,黄金,11298.920000
2024-10-22,BK0475,银行金融,3587.950000
2024-10-22,BK1216,生物医疗,3783.890000
2024-10-22,BK0438,消费,22309.970000
2024-10-22,BK0578,稀土永磁,1942.730000
2024-10-22,BK1106,创新药,1073.670000
2024-10-22,BK0710,量子计算,2103.390000
2024-10-22,BK0968,固态电池,1371.810000
2024-10-22,BK1166,低空经济,1229.120000
2024-10-22,BK0668,医疗器械,3235.230000
2024-10-23,BK1134,AI 算力,1191.760000
2024-10-23,BK1128,CPO,2244.350000
2024-10-23,BK0917,半导体,1482.220000
2024-10-23,BK1137,存储,1194.870000
2024-10-23,BK0922,数据中心,1384.070000
2024-10-23,BK0579,云计算,2511.000000
2024-10-23,BK0963,商业航天,1393.750000
2024-10-23,BK0921,卫星,1346.920000
2024-10-23,BK1090,机器人,1261.540000
2024-10-23,BK0802,自动驾驶,1487.620000
2024-10-23,BK0577,核电,1802.320000
2024-10-23,BK0490,军工,55384.170000
2024-10-23,BK0493,新能源,13053.590000
2024-10-23,BK0588,光伏,2856.030000
2024-10-23,BK0574,锂电池,2606.560000
2024-10-23,BK0464,石油,5054.260000
2024-10-23,BK0843,天然气,1231.820000
2024-10-23,BK0478,铜/有色,15265.800000
2024-10-23,BK0547,黄金,11340.820000
2024-10-23,BK0475,银行金融,3597.100000
2024-10-23,BK1216,生物医疗,3776.030000
2024-10-23,BK0438,消费,22315.650000
2024-10-23,BK0578,稀土永磁,1958.060000
2024-10-23,BK1106,创新药,1069.150000
2024-10-23,BK0710,量子计算,2112.950000
2024-10-23,BK0968,固态电池,1396.260000
2024-10-23,BK1166,低空经济,1243.860000
2024-10-23,BK0668,医疗器械,3225.700000
2024-10-24,BK1134,AI 算力,1199.300000
2024-10-24,BK1128,CPO,2273.000000
2024-10-24,BK0917,半导体,1488.980000
2024-10-24,BK1137,存储,1219.200000
2024-10-24,BK0922,数据中心,1383.310000
2024-10-24,BK0579,云计算,2501.060000
2024-10-24,BK0963,商业航天,1376.490000
2024-10-24,BK0921,卫星,1330.510000
2024-10-24,BK1090,机器人,1256.960000
2024-10-24,BK0802,自动驾驶,1479.000000
2024-10-24,BK0577,核电,1789.190000
2024-10-24,BK0490,军工,54808.180000
2024-10-24,BK0493,新能源,12979.870000
2024-10-24,BK0588,光伏,2840.440000
2024-10-24,BK0574,锂电池,2583.300000
2024-10-24,BK0464,石油,5042.180000
2024-10-24,BK0843,天然气,1228.520000
2024-10-24,BK0478,铜/有色,15261.870000
2024-10-24,BK0547,黄金,11228.750000
2024-10-24,BK0475,银行金融,3582.670000
2024-10-24,BK1216,生物医疗,3795.680000
2024-10-24,BK0438,消费,22369.980000
2024-10-24,BK0578,稀土永磁,1936.270000
2024-10-24,BK1106,创新药,1072.160000
2024-10-24,BK0710,量子计算,2120.640000
2024-10-24,BK0968,固态电池,1370.150000
2024-10-24,BK1166,低空经济,1236.070000
2024-10-24,BK0668,医疗器械,3231.030000
2024-10-25,BK1134,AI 算力,1224.290000
2024-10-25,BK1128,CPO,2300.380000
2024-10-25,BK0917,半导体,1520.410000
2024-10-25,BK1137,存储,1250.830000
2024-10-25,BK0922,数据中心,1415.210000
2024-10-25,BK0579,云计算,2550.770000
2024-10-25,BK0963,商业航天,1401.100000
2024-10-25,BK0921,卫星,1349.250000
2024-10-25,BK1090,机器人,1278.110000
2024-10-25,BK0802,自动驾驶,1499.130000
2024-10-25,BK0577,核电,1820.920000
2024-10-25,BK0490,军工,55788.670000
2024-10-25,BK0493,新能源,13401.300000
2024-10-25,BK0588,光伏,2949.870000
2024-10-25,BK0574,锂电池,2685.100000
2024-10-25,BK0464,石油,5112.610000
2024-10-25,BK0843,天然气,1246.390000
2024-10-25,BK0478,铜/有色,15469.660000
2024-10-25,BK0547,黄金,11380.030000
2024-10-25,BK0475,银行金融,3563.510000
2024-10-25,BK1216,生物医疗,3869.430000
2024-10-25,BK0438,消费,22656.150000
2024-10-25,BK0578,稀土永磁,1994.260000
2024-10-25,BK1106,创新药,1095.670000
2024-10-25,BK0710,量子计算,2162.850000
2024-10-25,BK0968,固态电池,1437.880000
2024-10-25,BK1166,低空经济,1262.190000
2024-10-25,BK0668,医疗器械,3295.560000
2024-10-28,BK1134,AI 算力,1260.220000
2024-10-28,BK1128,CPO,2328.470000
2024-10-28,BK0917,半导体,1537.650000
2024-10-28,BK1137,存储,1279.740000
2024-10-28,BK0922,数据中心,1455.170000
2024-10-28,BK0579,云计算,2634.810000
2024-10-28,BK0963,商业航天,1427.000000
2024-10-28,BK0921,卫星,1373.670000
2024-10-28,BK1090,机器人,1307.640000
2024-10-28,BK0802,自动驾驶,1531.820000
2024-10-28,BK0577,核电,1875.260000
2024-10-28,BK0490,军工,57051.650000
2024-10-28,BK0493,新能源,13718.590000
2024-10-28,BK0588,光伏,3012.370000
2024-10-28,BK0574,锂电池,2723.160000
2024-10-28,BK0464,石油,5261.320000
2024-10-28,BK0843,天然气,1280.700000
2024-10-28,BK0478,铜/有色,15816.230000
2024-10-28,BK0547,黄金,11621.530000
2024-10-28,BK0475,银行金融,3554.220000
2024-10-28,BK1216,生物医疗,3958.310000
2024-10-28,BK0438,消费,23434.390000
2024-10-28,BK0578,稀土永磁,2026.980000
2024-10-28,BK1106,创新药,1121.290000
2024-10-28,BK0710,量子计算,2202.200000
2024-10-28,BK0968,固态电池,1448.890000
2024-10-28,BK1166,低空经济,1298.190000
2024-10-28,BK0668,医疗器械,3368.290000
2024-10-29,BK1134,AI 算力,1244.160000
2024-10-29,BK1128,CPO,2307.660000
2024-10-29,BK0917,半导体,1514.020000
2024-10-29,BK1137,存储,1253.700000
2024-10-29,BK0922,数据中心,1438.500000
2024-10-29,BK0579,云计算,2610.140000
2024-10-29,BK0963,商业航天,1406.680000
2024-10-29,BK0921,卫星,1370.580000
2024-10-29,BK1090,机器人,1294.800000
2024-10-29,BK0802,自动驾驶,1520.860000
2024-10-29,BK0577,核电,1839.780000
2024-10-29,BK0490,军工,56208.280000
2024-10-29,BK0493,新能源,13408.960000
2024-10-29,BK0588,光伏,2956.090000
2024-10-29,BK0574,锂电池,2667.920000
2024-10-29,BK0464,石油,5147.020000
2024-10-29,BK0843,天然气,1257.390000
2024-10-29,BK0478,铜/有色,15504.050000
2024-10-29,BK0547,黄金,11475.680000
2024-10-29,BK0475,银行金融,3542.480000
2024-10-29,BK1216,生物医疗,3862.310000
2024-10-29,BK0438,消费,23015.560000
2024-10-29,BK0578,稀土永磁,2003.430000
2024-10-29,BK1106,创新药,1086.370000
2024-10-29,BK0710,量子计算,2216.040000
2024-10-29,BK0968,固态电池,1420.210000
2024-10-29,BK1166,低空经济,1271.760000
2024-10-29,BK0668,医疗器械,3302.040000
2024-10-30,BK1134,AI 算力,1249.560000
2024-10-30,BK1128,CPO,2353.080000
2024-10-30,BK0917,半导体,1515.750000
2024-10-30,BK1137,存储,1253.920000
2024-10-30,BK0922,数据中心,1454.670000
2024-10-30,BK0579,云计算,2647.950000
2024-10-30,BK0963,商业航天,1413.880000
2024-10-30,BK0921,卫星,1377.540000
2024-10-30,BK1090,机器人,1296.050000
2024-10-30,BK0802,自动驾驶,1533.300000
2024-10-30,BK0577,核电,1846.550000
2024-10-30,BK0490,军工,56465.960000
2024-10-30,BK0493,新能源,13405.360000
2024-10-30,BK0588,光伏,2963.170000
2024-10-30,BK0574,锂电池,2660.760000
2024-10-30,BK0464,石油,5170.070000
2024-10-30,BK0843,天然气,1260.530000
2024-10-30,BK0478,铜/有色,15429.850000
2024-10-30,BK0547,黄金,11467.330000
2024-10-30,BK0475,银行金融,3505.870000
2024-10-30,BK1216,生物医疗,3823.270000
2024-10-30,BK0438,消费,22945.060000
2024-10-30,BK0578,稀土永磁,2003.710000
2024-10-30,BK1106,创新药,1072.410000
2024-10-30,BK0710,量子计算,2215.800000
2024-10-30,BK0968,固态电池,1408.480000
2024-10-30,BK1166,低空经济,1290.330000
2024-10-30,BK0668,医疗器械,3285.290000
2024-10-31,BK1134,AI 算力,1265.470000
2024-10-31,BK1128,CPO,2360.670000
2024-10-31,BK0917,半导体,1547.550000
2024-10-31,BK1137,存储,1287.950000
2024-10-31,BK0922,数据中心,1480.510000
2024-10-31,BK0579,云计算,2698.910000
2024-10-31,BK0963,商业航天,1444.500000
2024-10-31,BK0921,卫星,1410.770000
2024-10-31,BK1090,机器人,1314.930000
2024-10-31,BK0802,自动驾驶,1551.570000
2024-10-31,BK0577,核电,1881.030000
2024-10-31,BK0490,军工,57522.520000
2024-10-31,BK0493,新能源,13701.460000
2024-10-31,BK0588,光伏,3036.520000
2024-10-31,BK0574,锂电池,2700.390000
2024-10-31,BK0464,石油,5162.490000
2024-10-31,BK0843,天然气,1269.470000
2024-10-31,BK0478,铜/有色,15557.100000
2024-10-31,BK0547,黄金,11530.770000
2024-10-31,BK0475,银行金融,3510.020000
2024-10-31,BK1216,生物医疗,3840.460000
2024-10-31,BK0438,消费,22939.790000
2024-10-31,BK0578,稀土永磁,2036.530000
2024-10-31,BK1106,创新药,1077.550000
2024-10-31,BK0710,量子计算,2261.620000
2024-10-31,BK0968,固态电池,1431.800000
2024-10-31,BK1166,低空经济,1317.330000
2024-10-31,BK0668,医疗器械,3316.630000
2024-11-01,BK1134,AI 算力,1182.590000
2024-11-01,BK1128,CPO,2258.260000
2024-11-01,BK0917,半导体,1468.810000
2024-11-01,BK1137,存储,1196.780000
2024-11-01,BK0922,数据中心,1396.920000
2024-11-01,BK0579,云计算,2521.910000
2024-11-01,BK0963,商业航天,1371.500000
2024-11-01,BK0921,卫星,1314.820000
2024-11-01,BK1090,机器人,1259.240000
2024-11-01,BK0802,自动驾驶,1468.640000
2024-11-01,BK0577,核电,1836.270000
2024-11-01,BK0490,军工,54889.150000
2024-11-01,BK0493,新能源,13303.750000
2024-11-01,BK0588,光伏,2938.000000
2024-11-01,BK0574,锂电池,2622.600000
2024-11-01,BK0464,石油,5114.180000
2024-11-01,BK0843,天然气,1243.160000
2024-11-01,BK0478,铜/有色,15719.020000
2024-11-01,BK0547,黄金,11486.120000
2024-11-01,BK0475,银行金融,3539.820000
2024-11-01,BK1216,生物医疗,3782.830000
2024-11-01,BK0438,消费,23046.110000
2024-11-01,BK0578,稀土永磁,2173.920000
2024-11-01,BK1106,创新药,1063.960000
2024-11-01,BK0710,量子计算,2140.750000
2024-11-01,BK0968,固态电池,1385.420000
2024-11-01,BK1166,低空经济,1248.110000
2024-11-01,BK0668,医疗器械,3225.240000
2024-11-04,BK1134,AI 算力,1207.710000
2024-11-04,BK1128,CPO,2322.220000
2024-11-04,BK0917,半导体,1504.030000
2024-11-04,BK1137,存储,1219.520000
2024-11-04,BK0922,数据中心,1425.220000
2024-11-04,BK0579,云计算,2571.490000
2024-11-04,BK0963,商业航天,1417.300000
2024-11-04,BK0921,卫星,1366.890000
2024-11-04,BK1090,机器人,1318.060000
2024-11-04,BK0802,自动驾驶,1521.430000
2024-11-04,BK0577,核电,1867.130000
2024-11-04,BK0490,军工,56266.890000
2024-11-04,BK0493,新能源,13503.710000
2024-11-04,BK0588,光伏,2988.450000
2024-11-04,BK0574,锂电池,2687.900000
2024-11-04,BK0464,石油,5205.380000
2024-11-04,BK0843,天然气,1261.900000
2024-11-04,BK0478,铜/有色,15922.960000
2024-11-04,BK0547,黄金,11527.620000
2024-11-04,BK0475,银行金融,3570.340000
2024-11-04,BK1216,生物医疗,3856.400000
2024-11-04,BK0438,消费,23777.990000
2024-11-04,BK0578,稀土永磁,2166.710000
2024-11-04,BK1106,创新药,1085.170000
2024-11-04,BK0710,量子计算,2198.410000
2024-11-04,BK0968,固态电池,1420.870000
2024-11-04,BK1166,低空经济,1281.920000
2024-11-04,BK0668,医疗器械,3300.260000
2024-11-05,BK1134,AI 算力,1256.970000
2024-11-05,BK1128,CPO,2394.030000
2024-11-05,BK0917,半导体,1567.830000
2024-11-05,BK1137,存储,1277.280000
2024-11-05,BK0922,数据中心,1479.740000
2024-11-05,BK0579,云计算,2679.210000
2024-11-05,BK0963,商业航天,1490.800000
2024-11-05,BK0921,卫星,1433.830000
2024-11-05,BK1090,机器人,1373.290000
2024-11-05,BK0802,自动驾驶,1580.260000
2024-11-05,BK0577,核电,1919.310000
2024-11-05,BK0490,军工,58888.650000
2024-11-05,BK0493,新能源,13845.340000
2024-11-05,BK0588,光伏,3070.950000
2024-11-05,BK0574,锂电池,2784.390000
2024-11-05,BK0464,石油,5339.540000
2024-11-05,BK0843,天然气,1290.610000
2024-11-05,BK0478,铜/有色,16513.570000
2024-11-05,BK0547,黄金,11783.370000
2024-11-05,BK0475,银行金融,3612.230000
2024-11-05,BK1216,生物医疗,3947.610000
2024-11-05,BK0438,消费,24287.770000
2024-11-05,BK0578,稀土永磁,2279.950000
2024-11-05,BK1106,创新药,1110.010000
2024-11-05,BK0710,量子计算,2282.570000
2024-11-05,BK0968,固态电池,1479.740000
2024-11-05,BK1166,低空经济,1342.020000
2024-11-05,BK0668,医疗器械,3396.940000
2024-11-06,BK1134,AI 算力,1265.430000
2024-11-06,BK1128,CPO,2391.640000
2024-11-06,BK0917,半导体,1577.640000
2024-11-06,BK1137,存储,1288.080000
2024-11-06,BK0922,数据中心,1498.280000
2024-11-06,BK0579,云计算,2698.540000
2024-11-06,BK0963,商业航天,1511.060000
2024-11-06,BK0921,卫星,1462.210000
2024-11-06,BK1090,机器人,1394.140000
2024-11-06,BK0802,自动驾驶,1596.740000
2024-11-06,BK0577,核电,1929.300000
2024-11-06,BK0490,军工,59794.270000
2024-11-06,BK0493,新能源,13957.140000
2024-11-06,BK0588,光伏,3079.880000
2024-11-06,BK0574,锂电池,2826.400000
2024-11-06,BK0464,石油,5389.380000
2024-11-06,BK0843,天然气,1302.470000
2024-11-06,BK0478,铜/有色,16581.900000
2024-11-06,BK0547,黄金,11816.510000
2024-11-06,BK0475,银行金融,3582.420000
2024-11-06,BK1216,生物医疗,3958.760000
2024-11-06,BK0438,消费,24560.170000
2024-11-06,BK0578,稀土永磁,2303.730000
2024-11-06,BK1106,创新药,1112.980000
2024-11-06,BK0710,量子计算,2310.250000
2024-11-06,BK0968,固态电池,1510.970000
2024-11-06,BK1166,低空经济,1378.400000
2024-11-06,BK0668,医疗器械,3408.660000
2024-11-07,BK1134,AI 算力,1294.470000
2024-11-07,BK1128,CPO,2430.250000
2024-11-07,BK0917,半导体,1600.120000
2024-11-07,BK1137,存储,1307.010000
2024-11-07,BK0922,数据中心,1535.500000
2024-11-07,BK0579,云计算,2772.260000
2024-11-07,BK0963,商业航天,1523.390000
2024-11-07,BK0921,卫星,1472.980000
2024-11-07,BK1090,机器人,1409.150000
2024-11-07,BK0802,自动驾驶,1618.160000
2024-11-07,BK0577,核电,1971.580000
2024-11-07,BK0490,军工,60494.230000
2024-11-07,BK0493,新能源,14236.630000
2024-11-07,BK0588,光伏,3130.410000
2024-11-07,BK0574,锂电池,2889.320000
2024-11-07,BK0464,石油,5504.630000
2024-11-07,BK0843,天然气,1343.610000
2024-11-07,BK0478,铜/有色,16790.420000
2024-11-07,BK0547,黄金,11903.810000
2024-11-07,BK0475,银行金融,3674.490000
2024-11-07,BK1216,生物医疗,4078.100000
2024-11-07,BK0438,消费,26022.230000
2024-11-07,BK0578,稀土永磁,2308.130000
2024-11-07,BK1106,创新药,1141.560000
2024-11-07,BK0710,量子计算,2340.650000
2024-11-07,BK0968,固态电池,1550.470000
2024-11-07,BK1166,低空经济,1387.590000
2024-11-07,BK0668,医疗器械,3501.220000
2024-11-08,BK1134,AI 算力,1307.860000
2024-11-08,BK1128,CPO,2476.270000
2024-11-08,BK0917,半导体,1636.090000
2024-11-08,BK1137,存储,1336.440000
2024-11-08,BK0922,数据中心,1546.520000
2024-11-08,BK0579,云计算,2807.740000
2024-11-08,BK0963,商业航天,1567.860000
2024-11-08,BK0921,卫星,1523.860000
2024-11-08,BK1090,机器人,1420.490000
2024-11-08,BK0802,自动驾驶,1642.210000
2024-11-08,BK0577,核电,1964.010000
2024-11-08,BK0490,军工,61525.360000
2024-11-08,BK0493,新能源,14220.130000
2024-11-08,BK0588,光伏,3143.080000
2024-11-08,BK0574,锂电池,2918.470000
2024-11-08,BK0464,石油,5524.760000
2024-11-08,BK0843,天然气,1334.750000
2024-11-08,BK0478,铜/有色,16711.040000
2024-11-08,BK0547,黄金,11793.050000
2024-11-08,BK0475,银行金融,3619.840000
2024-11-08,BK1216,生物医疗,4078.330000
2024-11-08,BK0438,消费,25693.490000
2024-11-08,BK0578,稀土永磁,2284.070000
2024-11-08,BK1106,创新药,1136.960000
2024-11-08,BK0710,量子计算,2391.360000
2024-11-08,BK0968,固态电池,1578.220000
2024-11-08,BK1166,低空经济,1407.960000
2024-11-08,BK0668,医疗器械,3520.610000
2024-11-11,BK1134,AI 算力,1361.000000
2024-11-11,BK1128,CPO,2584.590000
2024-11-11,BK0917,半导体,1727.540000
2024-11-11,BK1137,存储,1419.760000
2024-11-11,BK0922,数据中心,1594.440000
2024-11-11,BK0579,云计算,2921.490000
2024-11-11,BK0963,商业航天,1620.780000
2024-11-11,BK0921,卫星,1580.570000
2024-11-11,BK1090,机器人,1468.420000
2024-11-11,BK0802,自动驾驶,1701.310000
2024-11-11,BK0577,核电,1981.930000
2024-11-11,BK0490,军工,63261.910000
2024-11-11,BK0493,新能源,14456.880000
2024-11-11,BK0588,光伏,3228.490000
2024-11-11,BK0574,锂电池,3037.090000
2024-11-11,BK0464,石油,5535.520000
2024-11-11,BK0843,天然气,1358.450000
2024-11-11,BK0478,铜/有色,16898.240000
2024-11-11,BK0547,黄金,11812.830000
2024-11-11,BK0475,银行金融,3574.840000
2024-11-11,BK1216,生物医疗,4149.850000
2024-11-11,BK0438,消费,25462.280000
2024-11-11,BK0578,稀土永磁,2330.070000
2024-11-11,BK1106,创新药,1157.330000
2024-11-11,BK0710,量子计算,2482.410000
2024-11-11,BK0968,固态电池,1660.310000
2024-11-11,BK1166,低空经济,1443.870000
2024-11-11,BK0668,医疗器械,3601.190000
2024-11-12,BK1134,AI 算力,1335.080000
2024-11-12,BK1128,CPO,2524.530000
2024-11-12,BK0917,半导体,1693.580000
2024-11-12,BK1137,存储,1382.990000
2024-11-12,BK0922,数据中心,1567.290000
2024-11-12,BK0579,云计算,2865.100000
2024-11-12,BK0963,商业航天,1575.580000
2024-11-12,BK0921,卫星,1547.410000
2024-11-12,BK1090,机器人,1441.050000
2024-11-12,BK0802,自动驾驶,1677.040000
2024-11-12,BK0577,核电,1949.210000
2024-11-12,BK0490,军工,61747.400000
2024-11-12,BK0493,新能源,14314.080000
2024-11-12,BK0588,光伏,3197.910000
2024-11-12,BK0574,锂电池,2998.610000
2024-11-12,BK0464,石油,5474.280000
2024-11-12,BK0843,天然气,1346.280000
2024-11-12,BK0478,铜/有色,16590.310000
2024-11-12,BK0547,黄金,11760.240000
2024-11-12,BK0475,银行金融,3542.970000
2024-11-12,BK1216,生物医疗,4200.480000
2024-11-12,BK0438,消费,25449.950000
2024-11-12,BK0578,稀土永磁,2298.690000
2024-11-12,BK1106,创新药,1167.700000
2024-11-12,BK0710,量子计算,2408.360000
2024-11-12,BK0968,固态电池,1640.040000
2024-11-12,BK1166,低空经济,1411.470000
2024-11-12,BK0668,医疗器械,3605.400000
2024-11-13,BK1134,AI 算力,1347.150000
2024-11-13,BK1128,CPO,2525.090000
2024-11-13,BK0917,半导体,1699.210000
2024-11-13,BK1137,存储,1379.300000
2024-11-13,BK0922,数据中心,1583.260000
2024-11-13,BK0579,云计算,2896.620000
2024-11-13,BK0963,商业航天,1576.030000
2024-11-13,BK0921,卫星,1551.380000
2024-11-13,BK1090,机器人,1446.990000
2024-11-13,BK0802,自动驾驶,1682.290000
2024-11-13,BK0577,核电,1959.870000
2024-11-13,BK0490,军工,61756.370000
2024-11-13,BK0493,新能源,14327.040000
2024-11-13,BK0588,光伏,3208.730000
2024-11-13,BK0574,锂电池,3026.660000
2024-11-13,BK0464,石油,5570.000000
2024-11-13,BK0843,天然气,1338.640000
2024-11-13,BK0478,铜/有色,16639.920000
2024-11-13,BK0547,黄金,11803.120000
2024-11-13,BK0475,银行金融,3580.470000
2024-11-13,BK1216,生物医疗,4150.030000
2024-11-13,BK0438,消费,25245.520000
2024-11-13,BK0578,稀土永磁,2314.770000
2024-11-13,BK1106,创新药,1153.700000
2024-11-13,BK0710,量子计算,2414.800000
2024-11-13,BK0968,固态电池,1675.430000
2024-11-13,BK1166,低空经济,1413.920000
2024-11-13,BK0668,医疗器械,3590.420000
2024-11-14,BK1134,AI 算力,1305.030000
2024-11-14,BK1128,CPO,2419.950000
2024-11-14,BK0917,半导体,1633.430000
2024-11-14,BK1137,存储,1328.080000
2024-11-14,BK0922,数据中心,1538.900000
2024-11-14,BK0579,云计算,2816.410000
2024-11-14,BK0963,商业航天,1517.790000
2024-11-14,BK0921,卫星,1491.930000
2024-11-14,BK1090,机器人,1403.770000
2024-11-14,BK0802,自动驾驶,1624.360000
2024-11-14,BK0577,核电,1903.990000
2024-11-14,BK0490,军工,59708.070000
2024-11-14,BK0493,新能源,13928.170000
2024-11-14,BK0588,光伏,3120.460000
2024-11-14,BK0574,锂电池,2930.780000
2024-11-14,BK0464,石油,5487.920000
2024-11-14,BK0843,天然气,1311.020000
2024-11-14,BK0478,铜/有色,16222.720000
2024-11-14,BK0547,黄金,11522.670000
2024-11-14,BK0475,银行金融,3575.980000
2024-11-14,BK1216,生物医疗,4014.560000
2024-11-14,BK0438,消费,24677.730000
2024-11-14,BK0578,稀土永磁,2222.010000
2024-11-14,BK1106,创新药,1113.670000
2024-11-14,BK0710,量子计算,2345.820000
2024-11-14,BK0968,固态电池,1623.810000
2024-11-14,BK1166,低空经济,1364.730000
2024-11-14,BK0668,医疗器械,3475.960000
2024-11-15,BK1134,AI 算力,1291.620000
2024-11-15,BK1128,CPO,2322.730000
2024-11-15,BK0917,半导体,1581.690000
2024-11-15,BK1137,存储,1271.220000
2024-11-15,BK0922,数据中心,1512.930000
2024-11-15,BK0579,云计算,2770.220000
2024-11-15,BK0963,商业航天,1470.920000
2024-11-15,BK0921,卫星,1441.520000
2024-11-15,BK1090,机器人,1377.060000
2024-11-15,BK0802,自动驾驶,1587.740000
2024-11-15,BK0577,核电,1866.740000
2024-11-15,BK0490,军工,58014.470000
2024-11-15,BK0493,新能源,13595.950000
2024-11-15,BK0588,光伏,3046.010000
2024-11-15,BK0574,锂电池,2870.280000
2024-11-15,BK0464,石油,5415.280000
2024-11-15,BK0843,天然气,1294.540000
2024-11-15,BK0478,铜/有色,15919.170000
2024-11-15,BK0547,黄金,11310.360000
2024-11-15,BK0475,银行金融,3568.200000
2024-11-15,BK1216,生物医疗,3927.170000
2024-11-15,BK0438,消费,24435.210000
2024-11-15,BK0578,稀土永磁,2163.150000
2024-11-15,BK1106,创新药,1084.110000
2024-11-15,BK0710,量子计算,2288.980000
2024-11-15,BK0968,固态电池,1605.210000
2024-11-15,BK1166,低空经济,1322.840000
2024-11-15,BK0668,医疗器械,3405.920000
2024-11-18,BK1134,AI 算力,1235.600000
2024-11-18,BK1128,CPO,2236.910000
2024-11-18,BK0917,半导体,1525.900000
2024-11-18,BK1137,存储,1219.510000
2024-11-18,BK0922,数据中心,1451.360000
2024-11-18,BK0579,云计算,2610.620000
2024-11-18,BK0963,商业航天,1429.330000
2024-11-18,BK0921,卫星,1403.090000
2024-11-18,BK1090,机器人,1330.450000
2024-11-18,BK0802,自动驾驶,1536.570000
2024-11-18,BK0577,核电,1856.490000
2024-11-18,BK0490,军工,56484.700000
2024-11-18,BK0493,新能源,13469.070000
2024-11-18,BK0588,光伏,2981.990000
2024-11-18,BK0574,锂电池,2803.160000
2024-11-18,BK0464,石油,5366.210000
2024-11-18,BK0843,天然气,1288.170000
2024-11-18,BK0478,铜/有色,15571.400000
2024-11-18,BK0547,黄金,11241.430000
2024-11-18,BK0475,银行金融,3662.500000
2024-11-18,BK1216,生物医疗,3854.000000
2024-11-18,BK0438,消费,23886.210000
2024-11-18,BK0578,稀土永磁,2098.490000
2024-11-18,BK1106,创新药,1057.480000
2024-11-18,BK0710,量子计算,2187.040000
2024-11-18,BK0968,固态电池,1572.410000
2024-11-18,BK1166,低空经济,1291.910000
2024-11-18,BK0668,医疗器械,3331.800000
2024-11-19,BK1134,AI 算力,1265.260000
2024-11-19,BK1128,CPO,2308.710000
2024-11-19,BK0917,半导体,1584.480000
2024-11-19,BK1137,存储,1266.360000
2024-11-19,BK0922,数据中心,1482.740000
2024-11-19,BK0579,云计算,2671.250000
2024-11-19,BK0963,商业航天,1471.570000
2024-11-19,BK0921,卫星,1445.340000
2024-11-19,BK1090,机器人,1386.190000
2024-11-19,BK0802,自动驾驶,1589.920000
2024-11-19,BK0577,核电,1899.270000
2024-11-19,BK0490,军工,58036.660000
2024-11-19,BK0493,新能源,13768.630000
2024-11-19,BK0588,光伏,3068.120000
2024-11-19,BK0574,锂电池,2898.980000
2024-11-19,BK0464,石油,5431.260000
2024-11-19,BK0843,天然气,1306.710000
2024-11-19,BK0478,铜/有色,15929.580000
2024-11-19,BK0547,黄金,11438.890000
2024-11-19,BK0475,银行金融,3664.580000
2024-11-19,BK1216,生物医疗,3927.320000
2024-11-19,BK0438,消费,24226.780000
2024-11-19,BK0578,稀土永磁,2155.050000
2024-11-19,BK1106,创新药,1078.480000
2024-11-19,BK0710,量子计算,2243.270000
2024-11-19,BK0968,固态电池,1619.890000
2024-11-19,BK1166,低空经济,1333.470000
2024-11-19,BK0668,医疗器械,3410.910000
2024-11-20,BK1134,AI 算力,1304.250000
2024-11-20,BK1128,CPO,2344.630000
2024-11-20,BK0917,半导体,1610.500000
2024-11-20,BK1137,存储,1281.650000
2024-11-20,BK0922,数据中心,1530.180000
2024-11-20,BK0579,云计算,2758.300000
2024-11-20,BK0963,商业航天,1509.810000
2024-11-20,BK0921,卫星,1488.690000
2024-11-20,BK1090,机器人,1428.470000
2024-11-20,BK0802,自动驾驶,1624.220000
2024-11-20,BK0577,核电,1929.310000
2024-11-20,BK0490,军工,59430.140000
2024-11-20,BK0493,新能源,14016.080000
2024-11-20,BK0588,光伏,3116.410000
2024-11-20,BK0574,锂电池,2971.000000
2024-11-20,BK0464,石油,5594.600000
2024-11-20,BK0843,天然气,1333.940000
2024-11-20,BK0478,铜/有色,16191.850000
2024-11-20,BK0547,黄金,11562.770000
2024-11-20,BK0475,银行金融,3638.880000
2024-11-20,BK1216,生物医疗,4032.160000
2024-11-20,BK0438,消费,24615.150000
2024-11-20,BK0578,稀土永磁,2196.920000
2024-11-20,BK1106,创新药,1113.750000
2024-11-20,BK0710,量子计算,2303.090000
2024-11-20,BK0968,固态电池,1673.010000
2024-11-20,BK1166,低空经济,1364.830000
2024-11-20,BK0668,医疗器械,3500.210000
2024-11-21,BK1134,AI 算力,1309.300000
2024-11-21,BK1128,CPO,2341.800000
2024-11-21,BK0917,半导体,1614.550000
2024-11-21,BK1137,存储,1281.410000
2024-11-21,BK0922,数据中心,1536.160000
2024-11-21,BK0579,云计算,2768.150000
2024-11-21,BK0963,商业航天,1519.560000
2024-11-21,BK0921,卫星,1498.990000
2024-11-21,BK1090,机器人,1431.900000
2024-11-21,BK0802,自动驾驶,1624.210000
2024-11-21,BK0577,核电,1955.620000
2024-11-21,BK0490,军工,59749.570000
2024-11-21,BK0493,新能源,14142.570000
2024-11-21,BK0588,光伏,3142.810000
2024-11-21,BK0574,锂电池,2975.900000
2024-11-21,BK0464,石油,5588.030000
2024-11-21,BK0843,天然气,1335.120000
2024-11-21,BK0478,铜/有色,16215.290000
2024-11-21,BK0547,黄金,11666.670000
2024-11-21,BK0475,银行金融,3631.310000
2024-11-21,BK1216,生物医疗,4042.490000
2024-11-21,BK0438,消费,24781.410000
2024-11-21,BK0578,稀土永磁,2203.510000
2024-11-21,BK1106,创新药,1112.390000
2024-11-21,BK0710,量子计算,2309.940000
2024-11-21,BK0968,固态电池,1673.310000
2024-11-21,BK1166,低空经济,1366.120000
2024-11-21,BK0668,医疗器械,3499.180000
2024-11-22,BK1134,AI 算力,1265.590000
2024-11-22,BK1128,CPO,2240.970000
2024-11-22,BK0917,半导体,1540.440000
2024-11-22,BK1137,存储,1218.210000
2024-11-22,BK0922,数据中心,1484.900000
2024-11-22,BK0579,云计算,2682.030000
2024-11-22,BK0963,商业航天,1451.570000
2024-11-22,BK0921,卫星,1421.820000
2024-11-22,BK1090,机器人,1379.520000
2024-11-22,BK0802,自动驾驶,1551.530000
2024-11-22,BK0577,核电,1892.720000
2024-11-22,BK0490,军工,57667.320000
2024-11-22,BK0493,新能源,13696.530000
2024-11-22,BK0588,光伏,3028.930000
2024-11-22,BK0574,锂电池,2871.060000
2024-11-22,BK0464,石油,5464.700000
2024-11-22,BK0843,天然气,1300.910000
2024-11-22,BK0478,铜/有色,15681.100000
2024-11-22,BK0547,黄金,11378.550000
2024-11-22,BK0475,银行金融,3530.260000
2024-11-22,BK1216,生物医疗,3859.600000
2024-11-22,BK0438,消费,23765.870000
2024-11-22,BK0578,稀土永磁,2191.370000
2024-11-22,BK1106,创新药,1058.310000
2024-11-22,BK0710,量子计算,2233.080000
2024-11-22,BK0968,固态电池,1614.810000
2024-11-22,BK1166,低空经济,1312.070000
2024-11-22,BK0668,医疗器械,3346.580000
2024-11-25,BK1134,AI 算力,1268.790000
2024-11-25,BK1128,CPO,2233.470000
2024-11-25,BK0917,半导体,1551.280000
2024-11-25,BK1137,存储,1225.540000
2024-11-25,BK0922,数据中心,1495.290000
2024-11-25,BK0579,云计算,2698.020000
2024-11-25,BK0963,商业航天,1450.220000
2024-11-25,BK0921,卫星,1408.940000
2024-11-25,BK1090,机器人,1404.160000
2024-11-25,BK0802,自动驾驶,1564.800000
2024-11-25,BK0577,核电,1893.170000
2024-11-25,BK0490,军工,57932.060000
2024-11-25,BK0493,新能源,13820.270000
2024-11-25,BK0588,光伏,3066.520000
2024-11-25,BK0574,锂电池,2937.260000
2024-11-25,BK0464,石油,5552.970000
2024-11-25,BK0843,天然气,1326.450000
2024-11-25,BK0478,铜/有色,15740.810000
2024-11-25,BK0547,黄金,11454.540000
2024-11-25,BK0475,银行金融,3545.540000
2024-11-25,BK1216,生物医疗,3922.040000
2024-11-25,BK0438,消费,24166.920000
2024-11-25,BK0578,稀土永磁,2221.490000
2024-11-25,BK1106,创新药,1070.930000
2024-11-25,BK0710,量子计算,2234.550000
2024-11-25,BK0968,固态电池,1671.790000
2024-11-25,BK1166,低空经济,1317.750000
2024-11-25,BK0668,医疗器械,3409.570000
2024-11-26,BK1134,AI 算力,1250.840000
2024-11-26,BK1128,CPO,2232.820000
2024-11-26,BK0917,半导体,1525.740000
2024-11-26,BK1137,存储,1207.590000
2024-11-26,BK0922,数据中心,1468.140000
2024-11-26,BK0579,云计算,2660.170000
2024-11-26,BK0963,商业航天,1427.400000
2024-11-26,BK0921,卫星,1399.430000
2024-11-26,BK1090,机器人,1372.250000
2024-11-26,BK0802,自动驾驶,1537.410000
2024-11-26,BK0577,核电,1858.650000
2024-11-26,BK0490,军工,57075.190000
2024-11-26,BK0493,新能源,13640.210000
2024-11-26,BK0588,光伏,3032.140000
2024-11-26,BK0574,锂电池,2856.530000
2024-11-26,BK0464,石油,5470.910000
2024-11-26,BK0843,天然气,1305.900000
2024-11-26,BK0478,铜/有色,15609.310000
2024-11-26,BK0547,黄金,11406.710000
2024-11-26,BK0475,银行金融,3570.700000
2024-11-26,BK1216,生物医疗,3922.570000
2024-11-26,BK0438,消费,24709.490000
2024-11-26,BK0578,稀土永磁,2157.900000
2024-11-26,BK1106,创新药,1072.730000
2024-11-26,BK0710,量子计算,2241.400000
2024-11-26,BK0968,固态电池,1605.210000
2024-11-26,BK1166,低空经济,1293.000000
2024-11-26,BK0668,医疗器械,3389.720000
2024-11-27,BK1134,AI 算力,1289.500000
2024-11-27,BK1128,CPO,2285.650000
2024-11-27,BK0917,半导体,1556.780000
2024-11-27,BK1137,存储,1237.500000
2024-11-27,BK0922,数据中心,1501.770000
2024-11-27,BK0579,云计算,2738.890000
2024-11-27,BK0963,商业航天,1474.420000
2024-11-27,BK0921,卫星,1459.650000
2024-11-27,BK1090,机器人,1398.770000
2024-11-27,BK0802,自动驾驶,1568.670000
2024-11-27,BK0577,核电,1879.950000
2024-11-27,BK0490,军工,58349.520000
2024-11-27,BK0493,新能源,13786.430000
2024-11-27,BK0588,光伏,3074.080000
2024-11-27,BK0574,锂电池,2902.090000
2024-11-27,BK0464,石油,5459.890000
2024-11-27,BK0843,天然气,1321.120000
2024-11-27,BK0478,铜/有色,15686.000000
2024-11-27,BK0547,黄金,11489.100000
2024-11-27,BK0475,银行金融,3610.900000
2024-11-27,BK1216,生物医疗,3974.260000
2024-11-27,BK0438,消费,25065.730000
2024-11-27,BK0578,稀土永磁,2182.470000
2024-11-27,BK1106,创新药,1094.600000
2024-11-27,BK0710,量子计算,2302.880000
2024-11-27,BK0968,固态电池,1624.890000
2024-11-27,BK1166,低空经济,1325.560000
2024-11-27,BK0668,医疗器械,3434.530000
2024-11-28,BK1134,AI 算力,1286.530000
2024-11-28,BK1128,CPO,2258.630000
2024-11-28,BK0917,半导体,1553.380000
2024-11-28,BK1137,存储,1244.990000
2024-11-28,BK0922,数据中心,1504.990000
2024-11-28,BK0579,云计算,2735.160000
2024-11-28,BK0963,商业航天,1470.200000
2024-11-28,BK0921,卫星,1439.630000
2024-11-28,BK1090,机器人,1392.860000
2024-11-28,BK0802,自动驾驶,1558.520000
2024-11-28,BK0577,核电,1878.340000
2024-11-28,BK0490,军工,58241.900000
2024-11-28,BK0493,新能源,13816.720000
2024-11-28,BK0588,光伏,3077.930000
2024-11-28,BK0574,锂电池,2891.110000
2024-11-28,BK0464,石油,5461.600000
2024-11-28,BK0843,天然气,1324.030000
2024-11-28,BK0478,铜/有色,15640.920000
2024-11-28,BK0547,黄金,11517.090000
2024-11-28,BK0475,银行金融,3606.120000
2024-11-28,BK1216,生物医疗,3977.080000
2024-11-28,BK0438,消费,25470.880000
2024-11-28,BK0578,稀土永磁,2162.630000
2024-11-28,BK1106,创新药,1091.520000
2024-11-28,BK0710,量子计算,2303.620000
2024-11-28,BK0968,固态电池,1610.120000
2024-11-28,BK1166,低空经济,1327.300000
2024-11-28,BK0668,医疗器械,3440.010000
2024-11-29,BK1134,AI 算力,1308.150000
2024-11-29,BK1128,CPO,2300.520000
2024-11-29,BK0917,半导体,1579.060000
2024-11-29,BK1137,存储,1264.930000
2024-11-29,BK0922,数据中心,1531.620000
2024-11-29,BK0579,云计算,2790.600000
2024-11-29,BK0963,商业航天,1493.480000
2024-11-29,BK0921,卫星,1455.790000
2024-11-29,BK1090,机器人,1439.780000
2024-11-29,BK0802,自动驾驶,1589.240000
2024-11-29,BK0577,核电,1897.640000
2024-11-29,BK0490,军工,59190.160000
2024-11-29,BK0493,新能源,13952.980000
2024-11-29,BK0588,光伏,3111.920000
2024-11-29,BK0574,锂电池,2924.470000
2024-11-29,BK0464,石油,5449.220000
2024-11-29,BK0843,天然气,1329.540000
2024-11-29,BK0478,铜/有色,15802.440000
2024-11-29,BK0547,黄金,11651.270000
2024-11-29,BK0475,银行金融,3620.310000
2024-11-29,BK1216,生物医疗,4016.300000
2024-11-29,BK0438,消费,26370.910000
2024-11-29,BK0578,稀土永磁,2196.770000
2024-11-29,BK1106,创新药,1105.310000
2024-11-29,BK0710,量子计算,2332.680000
2024-11-29,BK0968,固态电池,1627.470000
2024-11-29,BK1166,低空经济,1348.540000
2024-11-29,BK0668,医疗器械,3493.190000
2024-12-02,BK1134,AI 算力,1331.470000
2024-12-02,BK1128,CPO,2350.590000
2024-12-02,BK0917,半导体,1607.480000
2024-12-02,BK1137,存储,1280.870000
2024-12-02,BK0922,数据中心,1564.240000
2024-12-02,BK0579,云计算,2843.970000
2024-12-02,BK0963,商业航天,1523.560000
2024-12-02,BK0921,卫星,1486.640000
2024-12-02,BK1090,机器人,1487.940000
2024-12-02,BK0802,自动驾驶,1636.050000
2024-12-02,BK0577,核电,1946.670000
2024-12-02,BK0490,军工,60534.820000
2024-12-02,BK0493,新能源,14263.190000
2024-12-02,BK0588,光伏,3174.500000
2024-12-02,BK0574,锂电池,2991.570000
2024-12-02,BK0464,石油,5552.710000
2024-12-02,BK0843,天然气,1354.690000
2024-12-02,BK0478,铜/有色,16090.530000
2024-12-02,BK0547,黄金,11868.870000
2024-12-02,BK0475,银行金融,3604.520000
2024-12-02,BK1216,生物医疗,4103.750000
2024-12-02,BK0438,消费,27055.650000
2024-12-02,BK0578,稀土永磁,2245.230000
2024-12-02,BK1106,创新药,1135.430000
2024-12-02,BK0710,量子计算,2363.070000
2024-12-02,BK0968,固态电池,1659.940000
2024-12-02,BK1166,低空经济,1380.520000
2024-12-02,BK0668,医疗器械,3578.060000
2024-12-03,BK1134,AI 算力,1332.370000
2024-12-03,BK1128,CPO,2326.880000
2024-12-03,BK0917,半导体,1606.400000
2024-12-03,BK1137,存储,1279.070000
2024-12-03,BK0922,数据中心,1571.770000
2024-12-03,BK0579,云计算,2859.830000
2024-12-03,BK0963,商业航天,1520.970000
2024-12-03,BK0921,卫星,1474.140000
2024-12-03,BK1090,机器人,1497.120000
2024-12-03,BK0802,自动驾驶,1636.400000
2024-12-03,BK0577,核电,1956.300000
2024-12-03,BK0490,军工,60638.310000
2024-12-03,BK0493,新能源,14345.540000
2024-12-03,BK0588,光伏,3188.460000
2024-12-03,BK0574,锂电池,2988.830000
2024-12-03,BK0464,石油,5560.760000
2024-12-03,BK0843,天然气,1366.660000
2024-12-03,BK0478,铜/有色,16101.840000
2024-12-03,BK0547,黄金,11863.130000
2024-12-03,BK0475,银行金融,3661.820000
2024-12-03,BK1216,生物医疗,4090.650000
2024-12-03,BK0438,消费,26720.490000
2024-12-03,BK0578,稀土永磁,2259.640000
2024-12-03,BK1106,创新药,1127.190000
2024-12-03,BK0710,量子计算,2343.350000
2024-12-03,BK0968,固态电池,1654.720000
2024-12-03,BK1166,低空经济,1382.890000
2024-12-03,BK0668,医疗器械,3576.860000
2024-12-04,BK1134,AI 算力,1307.500000
2024-12-04,BK1128,CPO,2285.350000
2024-12-04,BK0917,半导体,1597.120000
2024-12-04,BK1137,存储,1280.160000
2024-12-04,BK0922,数据中心,1543.860000
2024-12-04,BK0579,云计算,2798.950000
2024-12-04,BK0963,商业航天,1500.020000
2024-12-04,BK0921,卫星,1457.840000
2024-12-04,BK1090,机器人,1500.900000
2024-12-04,BK0802,自动驾驶,1620.590000
2024-12-04,BK0577,核电,1939.130000
2024-12-04,BK0490,军工,60038.430000
2024-12-04,BK0493,新能源,14133.070000
2024-12-04,BK0588,光伏,3136.450000
2024-12-04,BK0574,锂电池,2939.720000
2024-12-04,BK0464,石油,5595.950000
2024-12-04,BK0843,天然气,1356.090000
2024-12-04,BK0478,铜/有色,16035.370000
2024-12-04,BK0547,黄金,11730.980000
2024-12-04,BK0475,银行金融,3664.140000
2024-12-04,BK1216,生物医疗,4011.100000
2024-12-04,BK0438,消费,26565.450000
2024-12-04,BK0578,稀土永磁,2254.170000
2024-12-04,BK1106,创新药,1104.430000
2024-12-04,BK0710,量子计算,2315.510000
2024-12-04,BK0968,固态电池,1617.480000
2024-12-04,BK1166,低空经济,1358.760000
2024-12-04,BK0668,医疗器械,3524.970000
2024-12-05,BK1134,AI 算力,1331.750000
2024-12-05,BK1128,CPO,2322.910000
2024-12-05,BK0917,半导体,1611.020000
2024-12-05,BK1137,存储,1289.190000
2024-12-05,BK0922,数据中心,1569.560000
2024-12-05,BK0579,云计算,2857.160000
2024-12-05,BK0963,商业航天,1528.720000
2024-12-05,BK0921,卫星,1495.000000
2024-12-05,BK1090,机器人,1534.940000
2024-12-05,BK0802,自动驾驶,1654.500000
2024-12-05,BK0577,核电,1970.160000
2024-12-05,BK0490,军工,61162.640000
2024-12-05,BK0493,新能源,14258.200000
2024-12-05,BK0588,光伏,3169.070000
2024-12-05,BK0574,锂电池,2975.110000
2024-12-05,BK0464,石油,5666.130000
2024-12-05,BK0843,天然气,1360.550000
2024-12-05,BK0478,铜/有色,16243.270000
2024-12-05,BK0547,黄金,11767.810000
2024-12-05,BK0475,银行金融,3663.940000
2024-12-05,BK1216,生物医疗,4036.290000
2024-12-05,BK0438,消费,26407.590000
2024-12-05,BK0578,稀土永磁,2255.920000
2024-12-05,BK1106,创新药,1112.200000
2024-12-05,BK0710,量子计算,2353.070000
2024-12-05,BK0968,固态电池,1642.550000
2024-12-05,BK1166,低空经济,1384.510000
2024-12-05,BK0668,医疗器械,3569.880000
2024-12-06,BK1134,AI 算力,1344.390000
2024-12-06,BK1128,CPO,2327.120000
2024-12-06,BK0917,半导体,1617.180000
2024-12-06,BK1137,存储,1302.540000
2024-12-06,BK0922,数据中心,1586.170000
2024-12-06,BK0579,云计算,2892.550000
2024-12-06,BK0963,商业航天,1530.390000
2024-12-06,BK0921,卫星,1490.820000
2024-12-06,BK1090,机器人,1529.720000
2024-12-06,BK0802,自动驾驶,1664.030000
2024-12-06,BK0577,核电,1985.640000
2024-12-06,BK0490,军工,61484.170000
2024-12-06,BK0493,新能源,14413.160000
2024-12-06,BK0588,光伏,3188.190000
2024-12-06,BK0574,锂电池,3000.130000
2024-12-06,BK0464,石油,5691.700000
2024-12-06,BK0843,天然气,1375.720000
2024-12-06,BK0478,铜/有色,16451.730000
2024-12-06,BK0547,黄金,11913.140000
2024-12-06,BK0475,银行金融,3704.440000
2024-12-06,BK1216,生物医疗,4096.180000
2024-12-06,BK0438,消费,26542.580000
2024-12-06,BK0578,稀土永磁,2249.270000
2024-12-06,BK1106,创新药,1134.570000
2024-12-06,BK0710,量子计算,2372.560000
2024-12-06,BK0968,固态电池,1652.610000
2024-12-06,BK1166,低空经济,1388.370000
2024-12-06,BK0668,医疗器械,3609.440000
2024-12-09,BK1134,AI 算力,1340.590000
2024-12-09,BK1128,CPO,2290.640000
2024-12-09,BK0917,半导体,1599.470000
2024-12-09,BK1137,存储,1274.240000
2024-12-09,BK0922,数据中心,1576.310000
2024-12-09,BK0579,云计算,2872.380000
2024-12-09,BK0963,商业航天,1513.860000
2024-12-09,BK0921,卫星,1465.380000
2024-12-09,BK1090,机器人,1532.810000
2024-12-09,BK0802,自动驾驶,1664.240000
2024-12-09,BK0577,核电,1977.500000
2024-12-09,BK0490,军工,61087.780000
2024-12-09,BK0493,新能源,14352.610000
2024-12-09,BK0588,光伏,3174.390000
2024-12-09,BK0574,锂电池,2989.850000
2024-12-09,BK0464,石油,5725.080000
2024-12-09,BK0843,天然气,1376.380000
2024-12-09,BK0478,铜/有色,16507.120000
2024-12-09,BK0547,黄金,11923.430000
2024-12-09,BK0475,银行金融,3712.030000
2024-12-09,BK1216,生物医疗,4099.580000
2024-12-09,BK0438,消费,26526.430000
2024-12-09,BK0578,稀土永磁,2219.950000
2024-12-09,BK1106,创新药,1136.680000
2024-12-09,BK0710,量子计算,2339.440000
2024-12-09,BK0968,固态电池,1641.740000
2024-12-09,BK1166,低空经济,1372.330000
2024-12-09,BK0668,医疗器械,3608.480000
2024-12-10,BK1134,AI 算力,1353.430000
2024-12-10,BK1128,CPO,2304.630000
2024-12-10,BK0917,半导体,1617.040000
2024-12-10,BK1137,存储,1286.860000
2024-12-10,BK0922,数据中心,1590.130000
2024-12-10,BK0579,云计算,2909.110000
2024-12-10,BK0963,商业航天,1539.230000
2024-12-10,BK0921,卫星,1502.280000
2024-12-10,BK1090,机器人,1569.410000
2024-12-10,BK0802,自动驾驶,1682.230000
2024-12-10,BK0577,核电,1975.660000
2024-12-10,BK0490,军工,61878.970000
2024-12-10,BK0493,新能源,14346.170000
2024-12-10,BK0588,光伏,3182.500000
2024-12-10,BK0574,锂电池,3003.400000
2024-12-10,BK0464,石油,5694.210000
2024-12-10,BK0843,天然气,1374.280000
2024-12-10,BK0478,铜/有色,16620.680000
2024-12-10,BK0547,黄金,11921.020000
2024-12-10,BK0475,银行金融,3736.120000
2024-12-10,BK1216,生物医疗,4103.060000
2024-12-10,BK0438,消费,27494.440000
2024-12-10,BK0578,稀土永磁,2226.170000
2024-12-10,BK1106,创新药,1135.700000
2024-12-10,BK0710,量子计算,2375.410000
2024-12-10,BK0968,固态电池,1642.350000
2024-12-10,BK1166,低空经济,1395.180000
2024-12-10,BK0668,医疗器械,3627.800000
2024-12-11,BK1134,AI 算力,1380.180000
2024-12-11,BK1128,CPO,2348.000000
2024-12-11,BK0917,半导体,1634.340000
2024-12-11,BK1137,存储,1309.410000
2024-12-11,BK0922,数据中心,1614.620000
2024-12-11,BK0579,云计算,2936.840000
2024-12-11,BK0963,商业航天,1555.580000
2024-12-11,BK0921,卫星,1525.880000
2024-12-11,BK1090,机器人,1580.980000
2024-12-11,BK0802,自动驾驶,1710.250000
2024-12-11,BK0577,核电,1996.910000
2024-12-11,BK0490,军工,62442.110000
2024-12-11,BK0493,新能源,14487.840000
2024-12-11,BK0588,光伏,3211.960000
2024-12-11,BK0574,锂电池,3022.790000
2024-12-11,BK0464,石油,5758.730000
2024-12-11,BK0843,天然气,1385.380000
2024-12-11,BK0478,铜/有色,16928.570000
2024-12-11,BK0547,黄金,12211.200000
2024-12-11,BK0475,银行金融,3707.560000
2024-12-11,BK1216,生物医疗,4128.980000
2024-12-11,BK0438,消费,28301.590000
2024-12-11,BK0578,稀土永磁,2253.060000
2024-12-11,BK1106,创新药,1140.800000
2024-12-11,BK0710,量子计算,2449.640000
2024-12-11,BK0968,固态电池,1643.630000
2024-12-11,BK1166,低空经济,1413.470000
2024-12-11,BK0668,医疗器械,3665.520000
2024-12-12,BK1134,AI 算力,1389.340000
2024-12-12,BK1128,CPO,2366.220000
2024-12-12,BK0917,半导体,1635.200000
2024-12-12,BK1137,存储,1313.020000
2024-12-12,BK0922,数据中心,1625.410000
2024-12-12,BK0579,云计算,2961.690000
2024-12-12,BK0963,商业航天,1565.490000
2024-12-12,BK0921,卫星,1543.760000
2024-12-12,BK1090,机器人,1573.920000
2024-12-12,BK0802,自动驾驶,1711.300000
2024-12-12,BK0577,核电,2003.380000
2024-12-12,BK0490,军工,62785.280000
2024-12-12,BK0493,新能源,14593.950000
2024-12-12,BK0588,光伏,3231.470000
2024-12-12,BK0574,锂电池,3037.170000
2024-12-12,BK0464,石油,5832.490000
2024-12-12,BK0843,天然气,1397.110000
2024-12-12,BK0478,铜/有色,17009.570000
2024-12-12,BK0547,黄金,12404.040000
2024-12-12,BK0475,银行金融,3754.320000
2024-12-12,BK1216,生物医疗,4178.600000
2024-12-12,BK0438,消费,29514.810000
2024-12-12,BK0578,稀土永磁,2257.410000
2024-12-12,BK1106,创新药,1154.800000
2024-12-12,BK0710,量子计算,2456.640000
2024-12-12,BK0968,固态电池,1653.780000
2024-12-12,BK1166,低空经济,1421.740000
2024-12-12,BK0668,医疗器械,3693.520000
2024-12-13,BK1134,AI 算力,1381.380000
2024-12-13,BK1128,CPO,2330.690000
2024-12-13,BK0917,半导体,1610.710000
2024-12-13,BK1137,存储,1307.250000
2024-12-13,BK0922,数据中心,1603.660000
2024-12-13,BK0579,云计算,2906.650000
2024-12-13,BK0963,商业航天,1530.350000
2024-12-13,BK0921,卫星,1521.390000
2024-12-13,BK1090,机器人,1547.030000
2024-12-13,BK0802,自动驾驶,1683.380000
2024-12-13,BK0577,核电,1967.400000
2024-12-13,BK0490,军工,61300.550000
2024-12-13,BK0493,新能源,14314.840000
2024-12-13,BK0588,光伏,3169.490000
2024-12-13,BK0574,锂电池,2971.450000
2024-12-13,BK0464,石油,5690.880000
2024-12-13,BK0843,天然气,1368.150000
2024-12-13,BK0478,铜/有色,16617.930000
2024-12-13,BK0547,黄金,12139.530000
2024-12-13,BK0475,银行金融,3681.440000
2024-12-13,BK1216,生物医疗,4090.580000
2024-12-13,BK0438,消费,28653.350000
2024-12-13,BK0578,稀土永磁,2208.170000
2024-12-13,BK1106,创新药,1129.370000
2024-12-13,BK0710,量子计算,2382.430000
2024-12-13,BK0968,固态电池,1617.530000
2024-12-13,BK1166,低空经济,1391.770000
2024-12-13,BK0668,医疗器械,3612.860000
2024-12-16,BK1134,AI 算力,1372.250000
2024-12-16,BK1128,CPO,2346.100000
2024-12-16,BK0917,半导体,1578.630000
2024-12-16,BK1137,存储,1276.780000
2024-12-16,BK0922,数据中心,1592.580000
2024-12-16,BK0579,云计算,2868.160000
2024-12-16,BK0963,商业航天,1507.480000
2024-12-16,BK0921,卫星,1492.620000
2024-12-16,BK1090,机器人,1523.990000
2024-12-16,BK0802,自动驾驶,1656.620000
2024-12-16,BK0577,核电,1963.060000
2024-12-16,BK0490,军工,60531.740000
2024-12-16,BK0493,新能源,14287.120000
2024-12-16,BK0588,光伏,3149.790000
2024-12-16,BK0574,锂电池,2933.320000
2024-12-16,BK0464,石油,5769.670000
2024-12-16,BK0843,天然气,1363.910000
2024-12-16,BK0478,铜/有色,16536.720000
2024-12-16,BK0547,黄金,12067.320000
2024-12-16,BK0475,银行金融,3706.450000
2024-12-16,BK1216,生物医疗,4077.460000
2024-12-16,BK0438,消费,28190.320000
2024-12-16,BK0578,稀土永磁,2181.580000
2024-12-16,BK1106,创新药,1122.760000
2024-12-16,BK0710,量子计算,2344.790000
2024-12-16,BK0968,固态电池,1589.230000
2024-12-16,BK1166,低空经济,1376.810000
2024-12-16,BK0668,医疗器械,3599.740000
2024-12-17,BK1134,AI 算力,1319.040000
2024-12-17,BK1128,CPO,2330.270000
2024-12-17,BK0917,半导体,1536.370000
2024-12-17,BK1137,存储,1238.660000
2024-12-17,BK0922,数据中心,1531.840000
2024-12-17,BK0579,云计算,2752.530000
2024-12-17,BK0963,商业航天,1449.760000
2024-12-17,BK0921,卫星,1429.930000
2024-12-17,BK1090,机器人,1463.600000
2024-12-17,BK0802,自动驾驶,1606.630000
2024-12-17,BK0577,核电,1903.400000
2024-12-17,BK0490,军工,58358.700000
2024-12-17,BK0493,新能源,13904.680000
2024-12-17,BK0588,光伏,3053.730000
2024-12-17,BK0574,锂电池,2854.690000
2024-12-17,BK0464,石油,5599.110000
2024-12-17,BK0843,天然气,1317.460000
2024-12-17,BK0478,铜/有色,16153.250000
2024-12-17,BK0547,黄金,11767.830000
2024-12-17,BK0475,银行金融,3679.310000
2024-12-17,BK1216,生物医疗,3947.090000
2024-12-17,BK0438,消费,26915.710000
2024-12-17,BK0578,稀土永磁,2129.460000
2024-12-17,BK1106,创新药,1092.060000
2024-12-17,BK0710,量子计算,2286.190000
2024-12-17,BK0968,固态电池,1551.480000
2024-12-17,BK1166,低空经济,1322.700000
2024-12-17,BK0668,医疗器械,3470.280000
2024-12-18,BK1134,AI 算力,1339.700000
2024-12-18,BK1128,CPO,2351.550000
2024-12-18,BK0917,半导体,1565.750000
2024-12-18,BK1137,存储,1285.180000
2024-12-18,BK0922,数据中心,1554.640000
2024-12-18,BK0579,云计算,2803.350000
2024-12-18,BK0963,商业航天,1457.770000
2024-12-18,BK0921,卫星,1454.040000
2024-12-18,BK1090,机器人,1477.070000
2024-12-18,BK0802,自动驾驶,1628.890000
2024-12-18,BK0577,核电,1911.240000
2024-12-18,BK0490,军工,58840.070000
2024-12-18,BK0493,新能源,13961.450000
2024-12-18,BK0588,光伏,3071.770000
2024-12-18,BK0574,锂电池,2861.550000
2024-12-18,BK0464,石油,5621.630000
2024-12-18,BK0843,天然气,1317.810000
2024-12-18,BK0478,铜/有色,16149.030000
2024-12-18,BK0547,黄金,11750.510000
2024-12-18,BK0475,银行金融,3713.010000
2024-12-18,BK1216,生物医疗,3953.650000
2024-12-18,BK0438,消费,26568.670000
2024-12-18,BK0578,稀土永磁,2129.350000
2024-12-18,BK1106,创新药,1086.950000
2024-12-18,BK0710,量子计算,2351.450000
2024-12-18,BK0968,固态电池,1550.510000
2024-12-18,BK1166,低空经济,1328.980000
2024-12-18,BK0668,医疗器械,3498.310000
2024-12-19,BK1134,AI 算力,1392.640000
2024-12-19,BK1128,CPO,2460.370000
2024-12-19,BK0917,半导体,1579.420000
2024-12-19,BK1137,存储,1302.900000
2024-12-19,BK0922,数据中心,1598.420000
2024-12-19,BK0579,云计算,2876.190000
2024-12-19,BK0963,商业航天,1467.040000
2024-12-19,BK0921,卫星,1458.680000
2024-12-19,BK1090,机器人,1486.420000
2024-12-19,BK0802,自动驾驶,1642.830000
2024-12-19,BK0577,核电,1917.820000
2024-12-19,BK0490,军工,59056.960000
2024-12-19,BK0493,新能源,13933.260000
2024-12-19,BK0588,光伏,3075.030000
2024-12-19,BK0574,锂电池,2866.700000
2024-12-19,BK0464,石油,5509.000000
2024-12-19,BK0843,天然气,1310.080000
2024-12-19,BK0478,铜/有色,16172.450000
2024-12-19,BK0547,黄金,11667.530000
2024-12-19,BK0475,银行金融,3676.390000
2024-12-19,BK1216,生物医疗,3937.770000
2024-12-19,BK0438,消费,26301.020000
2024-12-19,BK0578,稀土永磁,2129.170000
2024-12-19,BK1106,创新药,1084.600000
2024-12-19,BK0710,量子计算,2387.710000
2024-12-19,BK0968,固态电池,1549.270000
2024-12-19,BK1166,低空经济,1333.180000
2024-12-19,BK0668,医疗器械,3481.240000
2024-12-20,BK1134,AI 算力,1407.810000
2024-12-20,BK1128,CPO,2503.950000
2024-12-20,BK0917,半导体,1621.860000
2024-12-20,BK1137,存储,1343.040000
2024-12-20,BK0922,数据中心,1612.840000
2024-12-20,BK0579,云计算,2905.610000
2024-12-20,BK0963,商业航天,1491.750000
2024-12-20,BK0921,卫星,1472.630000
2024-12-20,BK1090,机器人,1513.560000
2024-12-20,BK0802,自动驾驶,1665.190000
2024-12-20,BK0577,核电,1927.110000
2024-12-20,BK0490,军工,59852.030000
2024-12-20,BK0493,新能源,13966.670000
2024-12-20,BK0588,光伏,3098.530000
2024-12-20,BK0574,锂电池,2896.070000
2024-12-20,BK0464,石油,5511.800000
2024-12-20,BK0843,天然气,1312.450000
2024-12-20,BK0478,铜/有色,16242.050000
2024-12-20,BK0547,黄金,11661.850000
2024-12-20,BK0475,银行金融,3660.070000
2024-12-20,BK1216,生物医疗,3971.820000
2024-12-20,BK0438,消费,26822.310000
2024-12-20,BK0578,稀土永磁,2151.060000
2024-12-20,BK1106,创新药,1091.770000
2024-12-20,BK0710,量子计算,2422.650000
2024-12-20,BK0968,固态电池,1561.740000
2024-12-20,BK1166,低空经济,1350.400000
2024-12-20,BK0668,医疗器械,3524.930000
2024-12-23,BK1134,AI 算力,1353.060000
2024-12-23,BK1128,CPO,2432.800000
2024-12-23,BK0917,半导体,1571.310000
2024-12-23,BK1137,存储,1293.630000
2024-12-23,BK0922,数据中心,1538.520000
2024-12-23,BK0579,云计算,2761.080000
2024-12-23,BK0963,商业航天,1423.930000
2024-12-23,BK0921,卫星,1399.180000
2024-12-23,BK1090,机器人,1441.550000
2024-12-23,BK0802,自动驾驶,1594.710000
2024-12-23,BK0577,核电,1866.010000
2024-12-23,BK0490,军工,57269.220000
2024-12-23,BK0493,新能源,13542.590000
2024-12-23,BK0588,光伏,2991.520000
2024-12-23,BK0574,锂电池,2793.060000
2024-12-23,BK0464,石油,5384.750000
2024-12-23,BK0843,天然气,1278.620000
2024-12-23,BK0478,铜/有色,15771.900000
2024-12-23,BK0547,黄金,11355.020000
2024-12-23,BK0475,银行金融,3701.850000
2024-12-23,BK1216,生物医疗,3832.650000
2024-12-23,BK0438,消费,25687.680000
2024-12-23,BK0578,稀土永磁,2080.620000
2024-12-23,BK1106,创新药,1060.950000
2024-12-23,BK0710,量子计算,2321.170000
2024-12-23,BK0968,固态电池,1511.080000
2024-12-23,BK1166,低空经济,1286.650000
2024-12-23,BK0668,医疗器械,3382.250000
2024-12-24,BK1134,AI 算力,1354.990000
2024-12-24,BK1128,CPO,2455.760000
2024-12-24,BK0917,半导体,1592.680000
2024-12-24,BK1137,存储,1309.030000
2024-12-24,BK0922,数据中心,1541.920000
2024-12-24,BK0579,云计算,2760.660000
2024-12-24,BK0963,商业航天,1435.980000
2024-12-24,BK0921,卫星,1400.960000
2024-12-24,BK1090,机器人,1462.810000
2024-12-24,BK0802,自动驾驶,1611.540000
2024-12-24,BK0577,核电,1890.760000
2024-12-24,BK0490,军工,57738.880000
2024-12-24,BK0493,新能源,13780.580000
2024-12-24,BK0588,光伏,3042.510000
2024-12-24,BK0574,锂电池,2825.660000
2024-12-24,BK0464,石油,5449.020000
2024-12-24,BK0843,天然气,1286.380000
2024-12-24,BK0478,铜/有色,15920.210000
2024-12-24,BK0547,黄金,11438.190000
2024-12-24,BK0475,银行金融,3749.120000
2024-12-24,BK1216,生物医疗,3854.080000
2024-12-24,BK0438,消费,26139.510000
2024-12-24,BK0578,稀土永磁,2103.090000
2024-12-24,BK1106,创新药,1070.210000
2024-12-24,BK0710,量子计算,2327.970000
2024-12-24,BK0968,固态电池,1528.880000
2024-12-24,BK1166,低空经济,1301.300000
2024-12-24,BK0668,医疗器械,3410.610000
2024-12-25,BK1134,AI 算力,1323.250000
2024-12-25,BK1128,CPO,2432.430000
2024-12-25,BK0917,半导体,1555.790000
2024-12-25,BK1137,存储,1273.540000
2024-12-25,BK0922,数据中心,1502.820000
2024-12-25,BK0579,云计算,2681.360000
2024-12-25,BK0963,商业航天,1406.240000
2024-12-25,BK0921,卫星,1363.440000
2024-12-25,BK1090,机器人,1433.190000
2024-12-25,BK0802,自动驾驶,1576.980000
2024-12-25,BK0577,核电,1858.210000
2024-12-25,BK0490,军工,56507.560000
2024-12-25,BK0493,新能源,13527.410000
2024-12-25,BK0588,光伏,2982.050000
2024-12-25,BK0574,锂电池,2758.990000
2024-12-25,BK0464,石油,5348.030000
2024-12-25,BK0843,天然气,1260.000000
2024-12-25,BK0478,铜/有色,15636.050000
2024-12-25,BK0547,黄金,11289.430000
2024-12-25,BK0475,银行金融,3788.180000
2024-12-25,BK1216,生物医疗,3797.480000
2024-12-25,BK0438,消费,25812.400000
2024-12-25,BK0578,稀土永磁,2055.860000
2024-12-25,BK1106,创新药,1055.410000
2024-12-25,BK0710,量子计算,2268.040000
2024-12-25,BK0968,固态电池,1493.430000
2024-12-25,BK1166,低空经济,1280.930000
2024-12-25,BK0668,医疗器械,3357.240000
2024-12-26,BK1134,AI 算力,1360.750000
2024-12-26,BK1128,CPO,2558.750000
2024-12-26,BK0917,半导体,1584.960000
2024-12-26,BK1137,存储,1305.820000
2024-12-26,BK0922,数据中心,1546.050000
2024-12-26,BK0579,云计算,2738.420000
2024-12-26,BK0963,商业航天,1432.480000
2024-12-26,BK0921,卫星,1392.780000
2024-12-26,BK1090,机器人,1465.480000
2024-12-26,BK0802,自动驾驶,1614.100000
2024-12-26,BK0577,核电,1884.590000
2024-12-26,BK0490,军工,57552.060000
2024-12-26,BK0493,新能源,13603.580000
2024-12-26,BK0588,光伏,3009.230000
2024-12-26,BK0574,锂电池,2793.570000
2024-12-26,BK0464,石油,5350.750000
2024-12-26,BK0843,天然气,1266.450000
2024-12-26,BK0478,铜/有色,15791.370000
2024-12-26,BK0547,黄金,11415.050000
2024-12-26,BK0475,银行金融,3768.130000
2024-12-26,BK1216,生物医疗,3796.740000
2024-12-26,BK0438,消费,25943.540000
2024-12-26,BK0578,稀土永磁,2088.640000
2024-12-26,BK1106,创新药,1052.850000
2024-12-26,BK0710,量子计算,2324.540000
2024-12-26,BK0968,固态电池,1510.680000
2024-12-26,BK1166,低空经济,1302.730000
2024-12-26,BK0668,医疗器械,3376.850000
2024-12-27,BK1134,AI 算力,1349.980000
2024-12-27,BK1128,CPO,2535.970000
2024-12-27,BK0917,半导体,1580.830000
2024-12-27,BK1137,存储,1301.060000
2024-12-27,BK0922,数据中心,1544.530000
2024-12-27,BK0579,云计算,2735.320000
2024-12-27,BK0963,商业航天,1446.620000
2024-12-27,BK0921,卫星,1400.030000
2024-12-27,BK1090,机器人,1465.670000
2024-12-27,BK0802,自动驾驶,1609.270000
2024-12-27,BK0577,核电,1915.320000
2024-12-27,BK0490,军工,58186.820000
2024-12-27,BK0493,新能源,13772.940000
2024-12-27,BK0588,光伏,3029.600000
2024-12-27,BK0574,锂电池,2807.480000
2024-12-27,BK0464,石油,5483.690000
2024-12-27,BK0843,天然气,1285.090000
2024-12-27,BK0478,铜/有色,15863.500000
2024-12-27,BK0547,黄金,11494.580000
2024-12-27,BK0475,银行金融,3778.220000
2024-12-27,BK1216,生物医疗,3829.260000
2024-12-27,BK0438,消费,26026.580000
2024-12-27,BK0578,稀土永磁,2102.080000
2024-12-27,BK1106,创新药,1060.630000
2024-12-27,BK0710,量子计算,2324.180000
2024-12-27,BK0968,固态电池,1518.020000
2024-12-27,BK1166,低空经济,1313.130000
2024-12-27,BK0668,医疗器械,3401.210000
2024-12-30,BK1134,AI 算力,1361.840000
2024-12-30,BK1128,CPO,2533.410000
2024-12-30,BK0917,半导体,1560.480000
2024-12-30,BK1137,存储,1286.810000
2024-12-30,BK0922,数据中心,1548.780000
2024-12-30,BK0579,云计算,2734.100000
2024-12-30,BK0963,商业航天,1432.370000
2024-12-30,BK0921,卫星,1383.890000
2024-12-30,BK1090,机器人,1447.060000
2024-12-30,BK0802,自动驾驶,1590.760000
2024-12-30,BK0577,核电,1892.470000
2024-12-30,BK0490,军工,57535.660000
2024-12-30,BK0493,新能源,13597.070000
2024-12-30,BK0588,光伏,2992.600000
2024-12-30,BK0574,锂电池,2777.520000
2024-12-30,BK0464,石油,5439.200000
2024-12-30,BK0843,天然气,1273.370000
2024-12-30,BK0478,铜/有色,15763.090000
2024-12-30,BK0547,黄金,11392.410000
2024-12-30,BK0475,银行金融,3828.240000
2024-12-30,BK1216,生物医疗,3784.170000
2024-12-30,BK0438,消费,25500.270000
2024-12-30,BK0578,稀土永磁,2077.160000
2024-12-30,BK1106,创新药,1051.620000
2024-12-30,BK0710,量子计算,2312.460000
2024-12-30,BK0968,固态电池,1505.880000
2024-12-30,BK1166,低空经济,1302.930000
2024-12-30,BK0668,医疗器械,3350.540000
2024-12-31,BK1134,AI 算力,1323.290000
2024-12-31,BK1128,CPO,2415.900000
2024-12-31,BK0917,半导体,1498.420000
2024-12-31,BK1137,存储,1222.330000
2024-12-31,BK0922,数据中心,1508.280000
2024-12-31,BK0579,云计算,2646.140000
2024-12-31,BK0963,商业航天,1379.400000
2024-12-31,BK0921,卫星,1326.150000
2024-12-31,BK1090,机器人,1396.960000
2024-12-31,BK0802,自动驾驶,1540.190000
2024-12-31,BK0577,核电,1854.850000
2024-12-31,BK0490,军工,55766.790000
2024-12-31,BK0493,新能源,13320.380000
2024-12-31,BK0588,光伏,2914.690000
2024-12-31,BK0574,锂电池,2704.850000
2024-12-31,BK0464,石油,5383.060000
2024-12-31,BK0843,天然气,1271.850000
2024-12-31,BK0478,铜/有色,15293.700000
2024-12-31,BK0547,黄金,11220.600000
2024-12-31,BK0475,银行金融,3770.720000
2024-12-31,BK1216,生物医疗,3706.890000
2024-12-31,BK0438,消费,25278.600000
2024-12-31,BK0578,稀土永磁,2017.930000
2024-12-31,BK1106,创新药,1028.860000
2024-12-31,BK0710,量子计算,2231.780000
2024-12-31,BK0968,固态电池,1466.930000
2024-12-31,BK1166,低空经济,1260.840000
2024-12-31,BK0668,医疗器械,3265.660000
2025-01-02,BK1134,AI 算力,1293.280000
2025-01-02,BK1128,CPO,2345.760000
2025-01-02,BK0917,半导体,1454.420000
2025-01-02,BK1137,存储,1178.260000
2025-01-02,BK0922,数据中心,1473.590000
2025-01-02,BK0579,云计算,2571.400000
2025-01-02,BK0963,商业航天,1338.230000
2025-01-02,BK0921,卫星,1286.600000
2025-01-02,BK1090,机器人,1371.320000
2025-01-02,BK0802,自动驾驶,1499.400000
2025-01-02,BK0577,核电,1811.970000
2025-01-02,BK0490,军工,54269.270000
2025-01-02,BK0493,新能源,13002.680000
2025-01-02,BK0588,光伏,2849.740000
2025-01-02,BK0574,锂电池,2653.120000
2025-01-02,BK0464,石油,5302.630000
2025-01-02,BK0843,天然气,1244.010000
2025-01-02,BK0478,铜/有色,15095.500000
2025-01-02,BK0547,黄金,11279.750000
2025-01-02,BK0475,银行金融,3673.400000
2025-01-02,BK1216,生物医疗,3637.920000
2025-01-02,BK0438,消费,25694.400000
2025-01-02,BK0578,稀土永磁,1980.070000
2025-01-02,BK1106,创新药,1012.070000
2025-01-02,BK0710,量子计算,2162.220000
2025-01-02,BK0968,固态电池,1434.750000
2025-01-02,BK1166,低空经济,1225.180000
2025-01-02,BK0668,医疗器械,3199.970000
2025-01-03,BK1134,AI 算力,1226.180000
2025-01-03,BK1128,CPO,2226.170000
2025-01-03,BK0917,半导体,1405.110000
2025-01-03,BK1137,存储,1145.770000
2025-01-03,BK0922,数据中心,1391.030000
2025-01-03,BK0579,云计算,2427.520000
2025-01-03,BK0963,商业航天,1285.220000
2025-01-03,BK0921,卫星,1215.850000
2025-01-03,BK1090,机器人,1312.240000
2025-01-03,BK0802,自动驾驶,1442.380000
2025-01-03,BK0577,核电,1750.950000
2025-01-03,BK0490,军工,51997.460000
2025-01-03,BK0493,新能源,12601.590000
2025-01-03,BK0588,光伏,2754.430000
2025-01-03,BK0574,锂电池,2565.800000
2025-01-03,BK0464,石油,5167.630000
2025-01-03,BK0843,天然气,1215.470000
2025-01-03,BK0478,铜/有色,14794.570000
2025-01-03,BK0547,黄金,11143.050000
2025-01-03,BK0475,银行金融,3639.850000
2025-01-03,BK1216,生物医疗,3580.530000
2025-01-03,BK0438,消费,24515.510000
2025-01-03,BK0578,稀土永磁,1938.330000
2025-01-03,BK1106,创新药,1001.110000
2025-01-03,BK0710,量子计算,2058.920000
2025-01-03,BK0968,固态电池,1387.640000
2025-01-03,BK1166,低空经济,1169.970000
2025-01-03,BK0668,医疗器械,3109.350000
2025-01-06,BK1134,AI 算力,1198.970000
2025-01-06,BK1128,CPO,2206.090000
2025-01-06,BK0917,半导体,1390.170000
2025-01-06,BK1137,存储,1128.410000
2025-01-06,BK0922,数据中心,1374.250000
2025-01-06,BK0579,云计算,2392.020000
2025-01-06,BK0963,商业航天,1274.450000
2025-01-06,BK0921,卫星,1202.300000
2025-01-06,BK1090,机器人,1299.000000
2025-01-06,BK0802,自动驾驶,1427.320000
2025-01-06,BK0577,核电,1756.520000
2025-01-06,BK0490,军工,51611.030000
2025-01-06,BK0493,新能源,12579.640000
2025-01-06,BK0588,光伏,2758.430000
2025-01-06,BK0574,锂电池,2571.280000
2025-01-06,BK0464,石油,5099.390000
2025-01-06,BK0843,天然气,1207.670000
2025-01-06,BK0478,铜/有色,14903.390000
2025-01-06,BK0547,黄金,11100.820000
2025-01-06,BK0475,银行金融,3669.000000
2025-01-06,BK1216,生物医疗,3655.900000
2025-01-06,BK0438,消费,23975.450000
2025-01-06,BK0578,稀土永磁,1961.700000
2025-01-06,BK1106,创新药,1021.430000
2025-01-06,BK0710,量子计算,2023.530000
2025-01-06,BK0968,固态电池,1385.840000
2025-01-06,BK1166,低空经济,1158.700000
2025-01-06,BK0668,医疗器械,3130.250000
2025-01-07,BK1134,AI 算力,1242.240000
2025-01-07,BK1128,CPO,2318.430000
2025-01-07,BK0917,半导体,1433.970000
2025-01-07,BK1137,存储,1176.380000
2025-01-07,BK0922,数据中心,1430.620000
2025-01-07,BK0579,云计算,2474.840000
2025-01-07,BK0963,商业航天,1314.050000
2025-01-07,BK0921,卫星,1239.570000
2025-01-07,BK1090,机器人,1342.600000
2025-01-07,BK0802,自动驾驶,1472.700000
2025-01-07,BK0577,核电,1810.520000
2025-01-07,BK0490,军工,53150.120000
2025-01-07,BK0493,新能源,12803.070000
2025-01-07,BK0588,光伏,2819.260000
2025-01-07,BK0574,锂电池,2630.210000
2025-01-07,BK0464,石油,5205.200000
2025-01-07,BK0843,天然气,1225.780000
2025-01-07,BK0478,铜/有色,15270.150000
2025-01-07,BK0547,黄金,11253.090000
2025-01-07,BK0475,银行金融,3685.760000
2025-01-07,BK1216,生物医疗,3627.380000
2025-01-07,BK0438,消费,24190.730000
2025-01-07,BK0578,稀土永磁,2006.130000
2025-01-07,BK1106,创新药,1006.630000
2025-01-07,BK0710,量子计算,2095.190000
2025-01-07,BK0968,固态电池,1415.250000
2025-01-07,BK1166,低空经济,1191.370000
2025-01-07,BK0668,医疗器械,3158.270000
2025-01-08,BK1134,AI 算力,1239.660000
2025-01-08,BK1128,CPO,2308.910000
2025-01-08,BK0917,半导体,1429.280000
2025-01-08,BK1137,存储,1174.630000
2025-01-08,BK0922,数据中心,1432.600000
2025-01-08,BK0579,云计算,2467.260000
2025-01-08,BK0963,商业航天,1307.260000
2025-01-08,BK0921,卫星,1234.490000
2025-01-08,BK1090,机器人,1355.580000
2025-01-08,BK0802,自动驾驶,1478.630000
2025-01-08,BK0577,核电,1808.840000
2025-01-08,BK0490,军工,52927.400000
2025-01-08,BK0493,新能源,12780.730000
2025-01-08,BK0588,光伏,2819.580000
2025-01-08,BK0574,锂电池,2610.320000
2025-01-08,BK0464,石油,5188.310000
2025-01-08,BK0843,天然气,1222.870000
2025-01-08,BK0478,铜/有色,15077.990000
2025-01-08,BK0547,黄金,11207.860000
2025-01-08,BK0475,银行金融,3709.490000
2025-01-08,BK1216,生物医疗,3617.450000
2025-01-08,BK0438,消费,24339.340000
2025-01-08,BK0578,稀土永磁,1982.270000
2025-01-08,BK1106,创新药,998.190000
2025-01-08,BK0710,量子计算,2082.230000
2025-01-08,BK0968,固态电池,1403.470000
2025-01-08,BK1166,低空经济,1189.160000
2025-01-08,BK0668,医疗器械,3160.450000
2025-01-09,BK1134,AI 算力,1247.340000
2025-01-09,BK1128,CPO,2328.030000
2025-01-09,BK0917,半导体,1441.010000
2025-01-09,BK1137,存储,1185.490000
2025-01-09,BK0922,数据中心,1441.200000
2025-01-09,BK0579,云计算,2488.000000
2025-01-09,BK0963,商业航天,1327.210000
2025-01-09,BK0921,卫星,1248.910000
2025-01-09,BK1090,机器人,1374.380000
2025-01-09,BK0802,自动驾驶,1496.810000
2025-01-09,BK0577,核电,1810.270000
2025-01-09,BK0490,军工,53568.750000
2025-01-09,BK0493,新能源,12773.250000
2025-01-09,BK0588,光伏,2826.630000
2025-01-09,BK0574,锂电池,2630.880000
2025-01-09,BK0464,石油,5126.990000
2025-01-09,BK0843,天然气,1214.470000
2025-01-09,BK0478,铜/有色,15149.550000
2025-01-09,BK0547,黄金,11210.060000
2025-01-09,BK0475,银行金融,3671.490000
2025-01-09,BK1216,生物医疗,3597.700000
2025-01-09,BK0438,消费,24384.000000
2025-01-09,BK0578,稀土永磁,2010.600000
2025-01-09,BK1106,创新药,989.070000
2025-01-09,BK0710,量子计算,2094.320000
2025-01-09,BK0968,固态电池,1419.470000
2025-01-09,BK1166,低空经济,1206.190000
2025-01-09,BK0668,医疗器械,3166.120000
2025-01-10,BK1134,AI 算力,1201.910000
2025-01-10,BK1128,CPO,2241.650000
2025-01-10,BK0917,半导体,1406.580000
2025-01-10,BK1137,存储,1151.700000
2025-01-10,BK0922,数据中心,1383.260000
2025-01-10,BK0579,云计算,2402.120000
2025-01-10,BK0963,商业航天,1292.020000
2025-01-10,BK0921,卫星,1210.010000
2025-01-10,BK1090,机器人,1348.900000
2025-01-10,BK0802,自动驾驶,1464.460000
2025-01-10,BK0577,核电,1761.690000
2025-01-10,BK0490,军工,52274.920000
2025-01-10,BK0493,新能源,12437.320000
2025-01-10,BK0588,光伏,2740.110000
2025-01-10,BK0574,锂电池,2562.490000
2025-01-10,BK0464,石油,5005.060000
2025-01-10,BK0843,天然气,1184.890000
2025-01-10,BK0478,铜/有色,14867.770000
2025-01-10,BK0547,黄金,11014.680000
2025-01-10,BK0475,银行金融,3637.930000
2025-01-10,BK1216,生物医疗,3492.870000
2025-01-10,BK0438,消费,23646.490000
2025-01-10,BK0578,稀土永磁,1992.060000
2025-01-10,BK1106,创新药,961.930000
2025-01-10,BK0710,量子计算,2027.490000
2025-01-10,BK0968,固态电池,1381.990000
2025-01-10,BK1166,低空经济,1176.470000
2025-01-10,BK0668,医疗器械,3084.810000
2025-01-13,BK1134,AI 算力,1200.970000
2025-01-13,BK1128,CPO,2223.410000
2025-01-13,BK0917,半导体,1407.460000
2025-01-13,BK1137,存储,1144.250000
2025-01-13,BK0922,数据中心,1380.330000
2025-01-13,BK0579,云计算,2414.940000
2025-01-13,BK0963,商业航天,1296.840000
2025-01-13,BK0921,卫星,1213.970000
2025-01-13,BK1090,机器人,1347.600000
2025-01-13,BK0802,自动驾驶,1465.180000
2025-01-13,BK0577,核电,1759.080000
2025-01-13,BK0490,军工,52445.260000
2025-01-13,BK0493,新能源,12437.500000
2025-01-13,BK0588,光伏,2732.800000
2025-01-13,BK0574,锂电池,2571.490000
2025-01-13,BK0464,石油,5038.560000
2025-01-13,BK0843,天然气,1192.920000
2025-01-13,BK0478,铜/有色,15112.610000
2025-01-13,BK0547,黄金,11129.870000
2025-01-13,BK0475,银行金融,3588.030000
2025-01-13,BK1216,生物医疗,3505.540000
2025-01-13,BK0438,消费,23753.000000
2025-01-13,BK0578,稀土永磁,2001.570000
2025-01-13,BK1106,创新药,967.790000
2025-01-13,BK0710,量子计算,2031.840000
2025-01-13,BK0968,固态电池,1382.010000
2025-01-13,BK1166,低空经济,1178.220000
2025-01-13,BK0668,医疗器械,3103.670000
2025-01-14,BK1134,AI 算力,1270.280000
2025-01-14,BK1128,CPO,2353.160000
2025-01-14,BK0917,半导体,1482.740000
2025-01-14,BK1137,存储,1212.210000
2025-01-14,BK0922,数据中心,1460.330000
2025-01-14,BK0579,云计算,2562.330000
2025-01-14,BK0963,商业航天,1366.630000
2025-01-14,BK0921,卫星,1279.900000
2025-01-14,BK1090,机器人,1436.950000
2025-01-14,BK0802,自动驾驶,1548.500000
2025-01-14,BK0577,核电,1844.860000
2025-01-14,BK0490,军工,55124.400000
2025-01-14,BK0493,新能源,12955.610000
2025-01-14,BK0588,光伏,2857.630000
2025-01-14,BK0574,锂电池,2694.390000
2025-01-14,BK0464,石油,5196.200000
2025-01-14,BK0843,天然气,1234.770000
2025-01-14,BK0478,铜/有色,15571.520000
2025-01-14,BK0547,黄金,11423.900000
2025-01-14,BK0475,银行金融,3644.620000
2025-01-14,BK1216,生物医疗,3629.580000
2025-01-14,BK0438,消费,24690.740000
2025-01-14,BK0578,稀土永磁,2085.360000
2025-01-14,BK1106,创新药,999.630000
2025-01-14,BK0710,量子计算,2140.270000
2025-01-14,BK0968,固态电池,1453.490000
2025-01-14,BK1166,低空经济,1247.320000
2025-01-14,BK0668,医疗器械,3238.740000
2025-01-15,BK1134,AI 算力,1268.050000
2025-01-15,BK1128,CPO,2332.400000
2025-01-15,BK0917,半导体,1472.820000
2025-01-15,BK1137,存储,1203.470000
2025-01-15,BK0922,数据中心,1450.530000
2025-01-15,BK0579,云计算,2553.940000
2025-01-15,BK0963,商业航天,1350.720000
2025-01-15,BK0921,卫星,1264.560000
2025-01-15,BK1090,机器人,1431.460000
2025-01-15,BK0802,自动驾驶,1536.990000
2025-01-15,BK0577,核电,1828.810000
2025-01-15,BK0490,军工,54673.480000
2025-01-15,BK0493,新能源,12892.310000
2025-01-15,BK0588,光伏,2847.750000
2025-01-15,BK0574,锂电池,2680.300000
2025-01-15,BK0464,石油,5178.730000
2025-01-15,BK0843,天然气,1226.440000
2025-01-15,BK0478,铜/有色,15400.350000
2025-01-15,BK0547,黄金,11439.010000
2025-01-15,BK0475,银行金融,3660.620000
2025-01-15,BK1216,生物医疗,3593.960000
2025-01-15,BK0438,消费,24798.160000
2025-01-15,BK0578,稀土永磁,2085.820000
2025-01-15,BK1106,创新药,987.880000
2025-01-15,BK0710,量子计算,2119.890000
2025-01-15,BK0968,固态电池,1442.570000
2025-01-15,BK1166,低空经济,1236.600000
2025-01-15,BK0668,医疗器械,3216.020000
2025-01-16,BK1134,AI 算力,1276.100000
2025-01-16,BK1128,CPO,2409.590000
2025-01-16,BK0917,半导体,1478.600000
2025-01-16,BK1137,存储,1202.060000
2025-01-16,BK0922,数据中心,1458.190000
2025-01-16,BK0579,云计算,2573.250000
2025-01-16,BK0963,商业航天,1356.460000
2025-01-16,BK0921,卫星,1276.300000
2025-01-16,BK1090,机器人,1431.670000
2025-01-16,BK0802,自动驾驶,1551.410000
2025-01-16,BK0577,核电,1836.670000
2025-01-16,BK0490,军工,54931.150000
2025-01-16,BK0493,新能源,12976.560000
2025-01-16,BK0588,光伏,2870.200000
2025-01-16,BK0574,锂电池,2695.290000
2025-01-16,BK0464,石油,5244.670000
2025-01-16,BK0843,天然气,1237.380000
2025-01-16,BK0478,铜/有色,15743.690000
2025-01-16,BK0547,黄金,11627.850000
2025-01-16,BK0475,银行金融,3711.560000
2025-01-16,BK1216,生物医疗,3602.720000
2025-01-16,BK0438,消费,25010.540000
2025-01-16,BK0578,稀土永磁,2084.630000
2025-01-16,BK1106,创新药,988.690000
2025-01-16,BK0710,量子计算,2145.270000
2025-01-16,BK0968,固态电池,1448.850000
2025-01-16,BK1166,低空经济,1240.670000
2025-01-16,BK0668,医疗器械,3224.850000
2025-01-17,BK1134,AI 算力,1267.900000
2025-01-17,BK1128,CPO,2429.380000
2025-01-17,BK0917,半导体,1494.510000
2025-01-17,BK1137,存储,1217.630000
2025-01-17,BK0922,数据中心,1451.250000
2025-01-17,BK0579,云计算,2560.770000
2025-01-17,BK0963,商业航天,1359.430000
2025-01-17,BK0921,卫星,1278.880000
2025-01-17,BK1090,机器人,1432.650000
2025-01-17,BK0802,自动驾驶,1549.260000
2025-01-17,BK0577,核电,1841.480000
2025-01-17,BK0490,军工,55034.020000
2025-01-17,BK0493,新能源,12985.040000
2025-01-17,BK0588,光伏,2865.160000
2025-01-17,BK0574,锂电池,2699.430000
2025-01-17,BK0464,石油,5238.180000
2025-01-17,BK0843,天然气,1234.940000
2025-01-17,BK0478,铜/有色,15734.690000
2025-01-17,BK0547,黄金,11587.210000
2025-01-17,BK0475,银行金融,3696.390000
2025-01-17,BK1216,生物医疗,3614.880000
2025-01-17,BK0438,消费,25034.460000
2025-01-17,BK0578,稀土永磁,2083.660000
2025-01-17,BK1106,创新药,994.370000
2025-01-17,BK0710,量子计算,2154.240000
2025-01-17,BK0968,固态电池,1448.120000
2025-01-17,BK1166,低空经济,1244.120000
2025-01-17,BK0668,医疗器械,3231.510000
2025-01-20,BK1134,AI 算力,1279.410000
2025-01-20,BK1128,CPO,2469.640000
2025-01-20,BK0917,半导体,1500.970000
2025-01-20,BK1137,存储,1223.060000
2025-01-20,BK0922,数据中心,1471.700000
2025-01-20,BK0579,云计算,2588.810000
2025-01-20,BK0963,商业航天,1371.740000
2025-01-20,BK0921,卫星,1282.460000
2025-01-20,BK1090,机器人,1449.570000
2025-01-20,BK0802,自动驾驶,1563.720000
2025-01-20,BK0577,核电,1861.980000
2025-01-20,BK0490,军工,55433.520000
2025-01-20,BK0493,新能源,13082.720000
2025-01-20,BK0588,光伏,2891.280000
2025-01-20,BK0574,锂电池,2730.350000
2025-01-20,BK0464,石油,5246.770000
2025-01-20,BK0843,天然气,1240.590000
2025-01-20,BK0478,铜/有色,15781.110000
2025-01-20,BK0547,黄金,11564.850000
2025-01-20,BK0475,银行金融,3695.780000
2025-01-20,BK1216,生物医疗,3650.590000
2025-01-20,BK0438,消费,25070.460000
2025-01-20,BK0578,稀土永磁,2078.910000
2025-01-20,BK1106,创新药,1006.530000
2025-01-20,BK0710,量子计算,2159.850000
2025-01-20,BK0968,固态电池,1471.250000
2025-01-20,BK1166,低空经济,1256.880000
2025-01-20,BK0668,医疗器械,3265.150000
2025-01-21,BK1134,AI 算力,1289.730000
2025-01-21,BK1128,CPO,2506.480000
2025-01-21,BK0917,半导体,1509.890000
2025-01-21,BK1137,存储,1237.350000
2025-01-21,BK0922,数据中心,1471.870000
2025-01-21,BK0579,云计算,2594.180000
2025-01-21,BK0963,商业航天,1372.150000
2025-01-21,BK0921,卫星,1276.100000
2025-01-21,BK1090,机器人,1471.840000
2025-01-21,BK0802,自动驾驶,1579.950000
2025-01-21,BK0577,核电,1862.280000
2025-01-21,BK0490,军工,55316.590000
2025-01-21,BK0493,新能源,13035.830000
2025-01-21,BK0588,光伏,2876.520000
2025-01-21,BK0574,锂电池,2715.710000
2025-01-21,BK0464,石油,5185.200000
2025-01-21,BK0843,天然气,1231.320000
2025-01-21,BK0478,铜/有色,15715.710000
2025-01-21,BK0547,黄金,11506.270000
2025-01-21,BK0475,银行金融,3691.570000
2025-01-21,BK1216,生物医疗,3624.160000
2025-01-21,BK0438,消费,25153.950000
2025-01-21,BK0578,稀土永磁,2060.070000
2025-01-21,BK1106,创新药,996.610000
2025-01-21,BK0710,量子计算,2164.380000
2025-01-21,BK0968,固态电池,1462.680000
2025-01-21,BK1166,低空经济,1255.310000
2025-01-21,BK0668,医疗器械,3255.240000
2025-01-22,BK1134,AI 算力,1287.780000
2025-01-22,BK1128,CPO,2544.210000
2025-01-22,BK0917,半导体,1495.240000
2025-01-22,BK1137,存储,1220.220000
2025-01-22,BK0922,数据中心,1471.240000
2025-01-22,BK0579,云计算,2579.300000
2025-01-22,BK0963,商业航天,1359.960000
2025-01-22,BK0921,卫星,1256.060000
2025-01-22,BK1090,机器人,1453.150000
2025-01-22,BK0802,自动驾驶,1562.710000
2025-01-22,BK0577,核电,1851.470000
2025-01-22,BK0490,军工,54861.850000
2025-01-22,BK0493,新能源,12941.420000
2025-01-22,BK0588,光伏,2850.930000
2025-01-22,BK0574,锂电池,2685.130000
2025-01-22,BK0464,石油,5130.200000
2025-01-22,BK0843,天然气,1221.060000
2025-01-22,BK0478,铜/有色,15655.690000
2025-01-22,BK0547,黄金,11447.170000
2025-01-22,BK0475,银行金融,3625.580000
2025-01-22,BK1216,生物医疗,3588.030000
2025-01-22,BK0438,消费,24598.220000
2025-01-22,BK0578,稀土永磁,2047.400000
2025-01-22,BK1106,创新药,987.600000
2025-01-22,BK0710,量子计算,2158.790000
2025-01-22,BK0968,固态电池,1438.960000
2025-01-22,BK1166,低空经济,1237.960000
2025-01-22,BK0668,医疗器械,3214.900000
2025-01-23,BK1134,AI 算力,1281.320000
2025-01-23,BK1128,CPO,2525.480000
2025-01-23,BK0917,半导体,1484.580000
2025-01-23,BK1137,存储,1205.410000
2025-01-23,BK0922,数据中心,1463.670000
2025-01-23,BK0579,云计算,2576.940000
2025-01-23,BK0963,商业航天,1357.050000
2025-01-23,BK0921,卫星,1254.270000
2025-01-23,BK1090,机器人,1452.470000
2025-01-23,BK0802,自动驾驶,1553.020000
2025-01-23,BK0577,核电,1850.660000
2025-01-23,BK0490,军工,54711.200000
2025-01-23,BK0493,新能源,12902.780000
2025-01-23,BK0588,光伏,2840.540000
2025-01-23,BK0574,锂电池,2666.930000
2025-01-23,BK0464,石油,5144.170000
2025-01-23,BK0843,天然气,1220.160000
2025-01-23,BK0478,铜/有色,15616.860000
2025-01-23,BK0547,黄金,11362.680000
2025-01-23,BK0475,银行金融,3713.530000
2025-01-23,BK1216,生物医疗,3586.800000
2025-01-23,BK0438,消费,24514.450000
2025-01-23,BK0578,稀土永磁,2058.790000
2025-01-23,BK1106,创新药,986.440000
2025-01-23,BK0710,量子计算,2143.650000
2025-01-23,BK0968,固态电池,1431.980000
2025-01-23,BK1166,低空经济,1233.930000
2025-01-23,BK0668,医疗器械,3211.020000
2025-01-24,BK1134,AI 算力,1318.320000
2025-01-24,BK1128,CPO,2590.070000
2025-01-24,BK0917,半导体,1504.600000
2025-01-24,BK1137,存储,1226.820000
2025-01-24,BK0922,数据中心,1501.300000
2025-01-24,BK0579,云计算,2671.680000
2025-01-24,BK0963,商业航天,1374.370000
2025-01-24,BK0921,卫星,1265.290000
2025-01-24,BK1090,机器人,1481.840000
2025-01-24,BK0802,自动驾驶,1583.780000
2025-01-24,BK0577,核电,1864.780000
2025-01-24,BK0490,军工,55393.900000
2025-01-24,BK0493,新能源,12990.570000
2025-01-24,BK0588,光伏,2867.980000
2025-01-24,BK0574,锂电池,2697.350000
2025-01-24,BK0464,石油,5136.680000
2025-01-24,BK0843,天然气,1225.930000
2025-01-24,BK0478,铜/有色,15817.470000
2025-01-24,BK0547,黄金,11459.890000
2025-01-24,BK0475,银行金融,3720.890000
2025-01-24,BK1216,生物医疗,3597.510000
2025-01-24,BK0438,消费,24519.690000
2025-01-24,BK0578,稀土永磁,2076.500000
2025-01-24,BK1106,创新药,988.090000
2025-01-24,BK0710,量子计算,2192.670000
2025-01-24,BK0968,固态电池,1450.780000
2025-01-24,BK1166,低空经济,1254.020000
2025-01-24,BK0668,医疗器械,3233.900000
2025-01-27,BK1134,AI 算力,1293.150000
2025-01-27,BK1128,CPO,2462.760000
2025-01-27,BK0917,半导体,1468.510000
2025-01-27,BK1137,存储,1186.030000
2025-01-27,BK0922,数据中心,1470.910000
2025-01-27,BK0579,云计算,2628.150000
2025-01-27,BK0963,商业航天,1343.540000
2025-01-27,BK0921,卫星,1239.130000
2025-01-27,BK1090,机器人,1442.460000
2025-01-27,BK0802,自动驾驶,1548.560000
2025-01-27,BK0577,核电,1837.050000
2025-01-27,BK0490,军工,54402.870000
2025-01-27,BK0493,新能源,12865.490000
2025-01-27,BK0588,光伏,2821.900000
2025-01-27,BK0574,锂电池,2655.500000
2025-01-27,BK0464,石油,5152.750000
2025-01-27,BK0843,天然气,1229.500000
2025-01-27,BK0478,铜/有色,15734.370000
2025-01-27,BK0547,黄金,11374.400000
2025-01-27,BK0475,银行金融,3776.500000
2025-01-27,BK1216,生物医疗,3594.830000
2025-01-27,BK0438,消费,24341.750000
2025-01-27,BK0578,稀土永磁,2031.250000
2025-01-27,BK1106,创新药,985.770000
2025-01-27,BK0710,量子计算,2152.680000
2025-01-27,BK0968,固态电池,1424.270000
2025-01-27,BK1166,低空经济,1231.710000
2025-01-27,BK0668,医疗器械,3211.880000
2025-02-05,BK1134,AI 算力,1351.160000
2025-02-05,BK1128,CPO,2403.330000
2025-02-05,BK0917,半导体,1495.200000
2025-02-05,BK1137,存储,1237.710000
2025-02-05,BK0922,数据中心,1519.150000
2025-02-05,BK0579,云计算,2761.290000
2025-02-05,BK0963,商业航天,1374.980000
2025-02-05,BK0921,卫星,1272.140000
2025-02-05,BK1090,机器人,1479.490000
2025-02-05,BK0802,自动驾驶,1584.500000
2025-02-05,BK0577,核电,1840.320000
2025-02-05,BK0490,军工,55383.530000
2025-02-05,BK0493,新能源,12921.310000
2025-02-05,BK0588,光伏,2844.250000
2025-02-05,BK0574,锂电池,2683.150000
2025-02-05,BK0464,石油,5156.260000
2025-02-05,BK0843,天然气,1228.850000
2025-02-05,BK0478,铜/有色,15771.250000
2025-02-05,BK0547,黄金,11555.650000
2025-02-05,BK0475,银行金融,3718.520000
2025-02-05,BK1216,生物医疗,3635.330000
2025-02-05,BK0438,消费,23976.240000
2025-02-05,BK0578,稀土永磁,2073.510000
2025-02-05,BK1106,创新药,996.920000
2025-02-05,BK0710,量子计算,2210.260000
2025-02-05,BK0968,固态电池,1439.320000
2025-02-05,BK1166,低空经济,1264.490000
2025-02-05,BK0668,医疗器械,3255.000000
2025-02-06,BK1134,AI 算力,1401.570000
2025-02-06,BK1128,CPO,2493.420000
2025-02-06,BK0917,半导体,1553.530000
2025-02-06,BK1137,存储,1295.010000
2025-02-06,BK0922,数据中心,1562.030000
2025-02-06,BK0579,云计算,2847.760000
2025-02-06,BK0963,商业航天,1425.750000
2025-02-06,BK0921,卫星,1323.660000
2025-02-06,BK1090,机器人,1546.820000
2025-02-06,BK0802,自动驾驶,1660.230000
2025-02-06,BK0577,核电,1876.620000
2025-02-06,BK0490,军工,57036.380000
2025-02-06,BK0493,新能源,13172.650000
2025-02-06,BK0588,光伏,2912.640000
2025-02-06,BK0574,锂电池,2757.930000
2025-02-06,BK0464,石油,5199.590000
2025-02-06,BK0843,天然气,1242.700000
2025-02-06,BK0478,铜/有色,16013.050000
2025-02-06,BK0547,黄金,11630.170000
2025-02-06,BK0475,银行金融,3722.590000
2025-02-06,BK1216,生物医疗,3680.700000
2025-02-06,BK0438,消费,24268.120000
2025-02-06,BK0578,稀土永磁,2146.760000
2025-02-06,BK1106,创新药,1008.160000
2025-02-06,BK0710,量子计算,2279.790000
2025-02-06,BK0968,固态电池,1490.650000
2025-02-06,BK1166,低空经济,1315.540000
2025-02-06,BK0668,医疗器械,3320.220000
2025-02-07,BK1134,AI 算力,1449.060000
2025-02-07,BK1128,CPO,2550.320000
2025-02-07,BK0917,半导体,1568.240000
2025-02-07,BK1137,存储,1311.690000
2025-02-07,BK0922,数据中心,1600.930000
2025-02-07,BK0579,云计算,2933.340000
2025-02-07,BK0963,商业航天,1443.490000
2025-02-07,BK0921,卫星,1339.980000
2025-02-07,BK1090,机器人,1567.160000
2025-02-07,BK0802,自动驾驶,1694.990000
2025-02-07,BK0577,核电,1905.620000
2025-02-07,BK0490,军工,57807.930000
2025-02-07,BK0493,新能源,13390.280000
2025-02-07,BK0588,光伏,2971.180000
2025-02-07,BK0574,锂电池,2794.560000
2025-02-07,BK0464,石油,5275.600000
2025-02-07,BK0843,天然气,1256.370000
2025-02-07,BK0478,铜/有色,16236.070000
2025-02-07,BK0547,黄金,11751.180000
2025-02-07,BK0475,银行金融,3718.690000
2025-02-07,BK1216,生物医疗,3738.910000
2025-02-07,BK0438,消费,24580.950000
2025-02-07,BK0578,稀土永磁,2153.090000
2025-02-07,BK1106,创新药,1024.510000
2025-02-07,BK0710,量子计算,2321.000000
2025-02-07,BK0968,固态电池,1515.510000
2025-02-07,BK1166,低空经济,1338.520000
2025-02-07,BK0668,医疗器械,3374.150000
2025-02-10,BK1134,AI 算力,1523.270000
2025-02-10,BK1128,CPO,2590.160000
2025-02-10,BK0917,半导体,1592.070000
2025-02-10,BK1137,存储,1346.560000
2025-02-10,BK0922,数据中心,1661.090000
2025-02-10,BK0579,云计算,3083.050000
2025-02-10,BK0963,商业航天,1474.450000
2025-02-10,BK0921,卫星,1373.860000
2025-02-10,BK1090,机器人,1597.260000
2025-02-10,BK0802,自动驾驶,1742.150000
2025-02-10,BK0577,核电,1927.960000
2025-02-10,BK0490,军工,58989.840000
2025-02-10,BK0493,新能源,13498.090000
2025-02-10,BK0588,光伏,3000.440000
2025-02-10,BK0574,锂电池,2821.400000
2025-02-10,BK0464,石油,5354.860000
2025-02-10,BK0843,天然气,1267.370000
2025-02-10,BK0478,铜/有色,16308.210000
2025-02-10,BK0547,黄金,11903.210000
2025-02-10,BK0475,银行金融,3705.980000
2025-02-10,BK1216,生物医疗,3837.980000
2025-02-10,BK0438,消费,25204.250000
2025-02-10,BK0578,稀土永磁,2166.850000
2025-02-10,BK1106,创新药,1047.190000
2025-02-10,BK0710,量子计算,2389.860000
2025-02-10,BK0968,固态电池,1531.010000
2025-02-10,BK1166,低空经济,1365.610000
2025-02-10,BK0668,医疗器械,3456.100000
2025-02-11,BK1134,AI 算力,1525.720000
2025-02-11,BK1128,CPO,2594.630000
2025-02-11,BK0917,半导体,1580.600000
2025-02-11,BK1137,存储,1321.730000
2025-02-11,BK0922,数据中心,1653.780000
2025-02-11,BK0579,云计算,3065.540000
2025-02-11,BK0963,商业航天,1470.780000
2025-02-11,BK0921,卫星,1375.760000
2025-02-11,BK1090,机器人,1598.600000
2025-02-11,BK0802,自动驾驶,1731.400000
2025-02-11,BK0577,核电,1928.640000
2025-02-11,BK0490,军工,58695.980000
2025-02-11,BK0493,新能源,13439.260000
2025-02-11,BK0588,光伏,2991.160000
2025-02-11,BK0574,锂电池,2807.010000
2025-02-11,BK0464,石油,5416.790000
2025-02-11,BK0843,天然气,1265.170000
2025-02-11,BK0478,铜/有色,16346.230000
2025-02-11,BK0547,黄金,12131.200000
2025-02-11,BK0475,银行金融,3743.390000
2025-02-11,BK1216,生物医疗,3802.410000
2025-02-11,BK0438,消费,25099.340000
2025-02-11,BK0578,稀土永磁,2159.640000
2025-02-11,BK1106,创新药,1032.110000
2025-02-11,BK0710,量子计算,2389.800000
2025-02-11,BK0968,固态电池,1525.600000
2025-02-11,BK1166,低空经济,1361.680000
2025-02-11,BK0668,医疗器械,3436.870000
2025-02-12,BK1134,AI 算力,1564.150000
2025-02-12,BK1128,CPO,2641.110000
2025-02-12,BK0917,半导体,1616.100000
2025-02-12,BK1137,存储,1347.990000
2025-02-12,BK0922,数据中心,1698.650000
2025-02-12,BK0579,云计算,3142.590000
2025-02-12,BK0963,商业航天,1489.090000
2025-02-12,BK0921,卫星,1394.070000
2025-02-12,BK1090,机器人,1625.790000
2025-02-12,BK0802,自动驾驶,1755.070000
2025-02-12,BK0577,核电,1953.860000
2025-02-12,BK0490,军工,59411.010000
2025-02-12,BK0493,新能源,13589.200000
2025-02-12,BK0588,光伏,3026.010000
2025-02-12,BK0574,锂电池,2850.470000
2025-02-12,BK0464,石油,5426.060000
2025-02-12,BK0843,天然气,1270.320000
2025-02-12,BK0478,铜/有色,16272.760000
2025-02-12,BK0547,黄金,12037.600000
2025-02-12,BK0475,银行金融,3754.530000
2025-02-12,BK1216,生物医疗,3805.360000
2025-02-12,BK0438,消费,25215.370000
2025-02-12,BK0578,稀土永磁,2178.100000
2025-02-12,BK1106,创新药,1032.580000
2025-02-12,BK0710,量子计算,2424.030000
2025-02-12,BK0968,固态电池,1560.730000
2025-02-12,BK1166,低空经济,1383.990000
2025-02-12,BK0668,医疗器械,3452.790000
2025-02-13,BK1134,AI 算力,1571.060000
2025-02-13,BK1128,CPO,2590.070000
2025-02-13,BK0917,半导体,1579.030000
2025-02-13,BK1137,存储,1317.200000
2025-02-13,BK0922,数据中心,1698.160000
2025-02-13,BK0579,云计算,3141.640000
2025-02-13,BK0963,商业航天,1464.940000
2025-02-13,BK0921,卫星,1376.000000
2025-02-13,BK1090,机器人,1590.880000
2025-02-13,BK0802,自动驾驶,1722.760000
2025-02-13,BK0577,核电,1928.890000
2025-02-13,BK0490,军工,58646.690000
2025-02-13,BK0493,新能源,13480.460000
2025-02-13,BK0588,光伏,2991.010000
2025-02-13,BK0574,锂电池,2830.750000
2025-02-13,BK0464,石油,5355.200000
2025-02-13,BK0843,天然气,1259.160000
2025-02-13,BK0478,铜/有色,16085.280000
2025-02-13,BK0547,黄金,11949.010000
2025-02-13,BK0475,银行金融,3751.000000
2025-02-13,BK1216,生物医疗,3770.790000
2025-02-13,BK0438,消费,25108.640000
2025-02-13,BK0578,稀土永磁,2150.110000
2025-02-13,BK1106,创新药,1025.350000
2025-02-13,BK0710,量子计算,2385.310000
2025-02-13,BK0968,固态电池,1560.760000
2025-02-13,BK1166,低空经济,1370.840000
2025-02-13,BK0668,医疗器械,3411.020000
2025-02-14,BK1134,AI 算力,1599.630000
2025-02-14,BK1128,CPO,2592.360000
2025-02-14,BK0917,半导体,1574.570000
2025-02-14,BK1137,存储,1325.560000
2025-02-14,BK0922,数据中心,1729.980000
2025-02-14,BK0579,云计算,3245.490000
2025-02-14,BK0963,商业航天,1466.620000
2025-02-14,BK0921,卫星,1376.510000
2025-02-14,BK1090,机器人,1590.450000
2025-02-14,BK0802,自动驾驶,1733.540000
2025-02-14,BK0577,核电,1921.510000
2025-02-14,BK0490,军工,58815.800000
2025-02-14,BK0493,新能源,13478.620000
2025-02-14,BK0588,光伏,2988.920000
2025-02-14,BK0574,锂电池,2832.240000
2025-02-14,BK0464,石油,5336.740000
2025-02-14,BK0843,天然气,1256.530000
2025-02-14,BK0478,铜/有色,16098.940000
2025-02-14,BK0547,黄金,11933.140000
2025-02-14,BK0475,银行金融,3748.040000
2025-02-14,BK1216,生物医疗,3870.030000
2025-02-14,BK0438,消费,24890.390000
2025-02-14,BK0578,稀土永磁,2139.890000
2025-02-14,BK1106,创新药,1045.860000
2025-02-14,BK0710,量子计算,2425.340000
2025-02-14,BK0968,固态电池,1569.500000
2025-02-14,BK1166,低空经济,1377.130000
2025-02-14,BK0668,医疗器械,3482.170000
2025-02-17,BK1134,AI 算力,1633.270000
2025-02-17,BK1128,CPO,2666.330000
2025-02-17,BK0917,半导体,1592.220000
2025-02-17,BK1137,存储,1361.000000
2025-02-17,BK0922,数据中心,1769.780000
2025-02-17,BK0579,云计算,3279.700000
2025-02-17,BK0963,商业航天,1480.110000
2025-02-17,BK0921,卫星,1391.090000
2025-02-17,BK1090,机器人,1630.710000
2025-02-17,BK0802,自动驾驶,1759.120000
2025-02-17,BK0577,核电,1964.100000
2025-02-17,BK0490,军工,59576.750000
2025-02-17,BK0493,新能源,13627.700000
2025-02-17,BK0588,光伏,3026.900000
2025-02-17,BK0574,锂电池,2844.250000
2025-02-17,BK0464,石油,5399.640000
2025-02-17,BK0843,天然气,1269.920000
2025-02-17,BK0478,铜/有色,16044.090000
2025-02-17,BK0547,黄金,11810.880000
2025-02-17,BK0475,银行金融,3739.200000
2025-02-17,BK1216,生物医疗,3917.720000
2025-02-17,BK0438,消费,25161.830000
2025-02-17,BK0578,稀土永磁,2149.060000
2025-02-17,BK1106,创新药,1051.680000
2025-02-17,BK0710,量子计算,2453.240000
2025-02-17,BK0968,固态电池,1566.100000
2025-02-17,BK1166,低空经济,1388.980000
2025-02-17,BK0668,医疗器械,3547.890000
2025-02-18,BK1134,AI 算力,1579.380000
2025-02-18,BK1128,CPO,2590.490000
2025-02-18,BK0917,半导体,1554.260000
2025-02-18,BK1137,存储,1312.810000
2025-02-18,BK0922,数据中心,1704.710000
2025-02-18,BK0579,云计算,3163.150000
2025-02-18,BK0963,商业航天,1439.430000
2025-02-18,BK0921,卫星,1342.690000
2025-02-18,BK1090,机器人,1594.640000
2025-02-18,BK0802,自动驾驶,1715.310000
2025-02-18,BK0577,核电,1932.130000
2025-02-18,BK0490,军工,58139.320000
2025-02-18,BK0493,新能源,13450.000000
2025-02-18,BK0588,光伏,2978.660000
2025-02-18,BK0574,锂电池,2816.880000
2025-02-18,BK0464,石油,5343.440000
2025-02-18,BK0843,天然气,1248.160000
2025-02-18,BK0478,铜/有色,15841.310000
2025-02-18,BK0547,黄金,11701.280000
2025-02-18,BK0475,银行金融,3781.060000
2025-02-18,BK1216,生物医疗,3807.170000
2025-02-18,BK0438,消费,24425.000000
2025-02-18,BK0578,稀土永磁,2114.160000
2025-02-18,BK1106,创新药,1031.660000
2025-02-18,BK0710,量子计算,2365.850000
2025-02-18,BK0968,固态电池,1567.700000
2025-02-18,BK1166,低空经济,1347.310000
2025-02-18,BK0668,医疗器械,3439.120000
2025-02-19,BK1134,AI 算力,1629.290000
2025-02-19,BK1128,CPO,2656.480000
2025-02-19,BK0917,半导体,1610.640000
2025-02-19,BK1137,存储,1378.220000
2025-02-19,BK0922,数据中心,1746.870000
2025-02-19,BK0579,云计算,3247.380000
2025-02-19,BK0963,商业航天,1486.530000
2025-02-19,BK0921,卫星,1383.780000
2025-02-19,BK1090,机器人,1674.370000
2025-02-19,BK0802,自动驾驶,1779.070000
2025-02-19,BK0577,核电,1973.350000
2025-02-19,BK0490,军工,59922.730000
2025-02-19,BK0493,新能源,13650.680000
2025-02-19,BK0588,光伏,3038.190000
2025-02-19,BK0574,锂电池,2880.400000
2025-02-19,BK0464,石油,5372.840000
2025-02-19,BK0843,天然气,1258.080000
2025-02-19,BK0478,铜/有色,16106.960000
2025-02-19,BK0547,黄金,11809.910000
2025-02-19,BK0475,银行金融,3757.140000
2025-02-19,BK1216,生物医疗,3852.040000
2025-02-19,BK0438,消费,24666.810000
2025-02-19,BK0578,稀土永磁,2185.120000
2025-02-19,BK1106,创新药,1040.520000
2025-02-19,BK0710,量子计算,2432.890000
2025-02-19,BK0968,固态电池,1600.010000
2025-02-19,BK1166,低空经济,1391.970000
2025-02-19,BK0668,医疗器械,3513.340000
2025-02-20,BK1134,AI 算力,1631.750000
2025-02-20,BK1128,CPO,2692.850000
2025-02-20,BK0917,半导体,1629.550000
2025-02-20,BK1137,存储,1383.800000
2025-02-20,BK0922,数据中心,1757.370000
2025-02-20,BK0579,云计算,3247.540000
2025-02-20,BK0963,商业航天,1517.440000
2025-02-20,BK0921,卫星,1418.500000
2025-02-20,BK1090,机器人,1704.620000
2025-02-20,BK0802,自动驾驶,1799.590000
2025-02-20,BK0577,核电,1982.330000
2025-02-20,BK0490,军工,60811.790000
2025-02-20,BK0493,新能源,13678.290000
2025-02-20,BK0588,光伏,3051.270000
2025-02-20,BK0574,锂电池,2904.640000
2025-02-20,BK0464,石油,5431.530000
2025-02-20,BK0843,天然气,1265.960000
2025-02-20,BK0478,铜/有色,16264.400000
2025-02-20,BK0547,黄金,11915.620000
2025-02-20,BK0475,银行金融,3751.980000
2025-02-20,BK1216,生物医疗,3909.240000
2025-02-20,BK0438,消费,24969.570000
2025-02-20,BK0578,稀土永磁,2214.500000
2025-02-20,BK1106,创新药,1060.100000
2025-02-20,BK0710,量子计算,2455.100000
2025-02-20,BK0968,固态电池,1616.040000
2025-02-20,BK1166,低空经济,1406.280000
2025-02-20,BK0668,医疗器械,3569.520000
2025-02-21,BK1134,AI 算力,1713.940000
2025-02-21,BK1128,CPO,2796.330000
2025-02-21,BK0917,半导体,1665.340000
2025-02-21,BK1137,存储,1428.460000
2025-02-21,BK0922,数据中心,1836.530000
2025-02-21,BK0579,云计算,3383.670000
2025-02-21,BK0963,商业航天,1541.870000
2025-02-21,BK0921,卫星,1436.420000
2025-02-21,BK1090,机器人,1739.980000
2025-02-21,BK0802,自动驾驶,1825.230000
2025-02-21,BK0577,核电,2008.850000
2025-02-21,BK0490,军工,61650.010000
2025-02-21,BK0493,新能源,13802.690000
2025-02-21,BK0588,光伏,3083.760000
2025-02-21,BK0574,锂电池,2945.730000
2025-02-21,BK0464,石油,5372.870000
2025-02-21,BK0843,天然气,1263.470000
2025-02-21,BK0478,铜/有色,16297.390000
2025-02-21,BK0547,黄金,11792.060000
2025-02-21,BK0475,银行金融,3708.350000
2025-02-21,BK1216,生物医疗,3919.860000
2025-02-21,BK0438,消费,24849.360000
2025-02-21,BK0578,稀土永磁,2220.180000
2025-02-21,BK1106,创新药,1074.010000
2025-02-21,BK0710,量子计算,2550.690000
2025-02-21,BK0968,固态电池,1648.740000
2025-02-21,BK1166,低空经济,1426.740000
2025-02-21,BK0668,医疗器械,3580.740000
2025-02-24,BK1134,AI 算力,1710.390000
2025-02-24,BK1128,CPO,2766.120000
2025-02-24,BK0917,半导体,1668.600000
2025-02-24,BK1137,存储,1451.310000
2025-02-24,BK0922,数据中心,1846.570000
2025-02-24,BK0579,云计算,3365.410000
2025-02-24,BK0963,商业航天,1557.080000
2025-02-24,BK0921,卫星,1443.660000
2025-02-24,BK1090,机器人,1741.280000
2025-02-24,BK0802,自动驾驶,1825.970000
2025-02-24,BK0577,核电,2021.520000
2025-02-24,BK0490,军工,62052.850000
2025-02-24,BK0493,新能源,13924.250000
2025-02-24,BK0588,光伏,3101.320000
2025-02-24,BK0574,锂电池,2953.920000
2025-02-24,BK0464,石油,5404.590000
2025-02-24,BK0843,天然气,1270.050000
2025-02-24,BK0478,铜/有色,16384.150000
2025-02-24,BK0547,黄金,11837.570000
2025-02-24,BK0475,银行金融,3685.810000
2025-02-24,BK1216,生物医疗,3902.200000
2025-02-24,BK0438,消费,25071.120000
2025-02-24,BK0578,稀土永磁,2244.070000
2025-02-24,BK1106,创新药,1075.990000
2025-02-24,BK0710,量子计算,2578.520000
2025-02-24,BK0968,固态电池,1652.690000
2025-02-24,BK1166,低空经济,1447.350000
2025-02-24,BK0668,医疗器械,3571.920000
2025-02-25,BK1134,AI 算力,1696.010000
2025-02-25,BK1128,CPO,2742.480000
2025-02-25,BK0917,半导体,1672.430000
2025-02-25,BK1137,存储,1445.840000
2025-02-25,BK0922,数据中心,1836.090000
2025-02-25,BK0579,云计算,3341.430000
2025-02-25,BK0963,商业航天,1560.770000
2025-02-25,BK0921,卫星,1442.820000
2025-02-25,BK1090,机器人,1749.660000
2025-02-25,BK0802,自动驾驶,1835.760000
2025-02-25,BK0577,核电,2015.400000
2025-02-25,BK0490,军工,62009.510000
2025-02-25,BK0493,新能源,13879.720000
2025-02-25,BK0588,光伏,3095.810000
2025-02-25,BK0574,锂电池,2952.770000
2025-02-25,BK0464,石油,5400.650000
2025-02-25,BK0843,天然气,1259.720000
2025-02-25,BK0478,铜/有色,16289.700000
2025-02-25,BK0547,黄金,11751.260000
2025-02-25,BK0475,银行金融,3651.340000
2025-02-25,BK1216,生物医疗,3862.920000
2025-02-25,BK0438,消费,24983.630000
2025-02-25,BK0578,稀土永磁,2231.470000
2025-02-25,BK1106,创新药,1065.350000
2025-02-25,BK0710,量子计算,2566.970000
2025-02-25,BK0968,固态电池,1652.770000
2025-02-25,BK1166,低空经济,1453.030000
2025-02-25,BK0668,医疗器械,3555.000000
2025-02-26,BK1134,AI 算力,1722.920000
2025-02-26,BK1128,CPO,2760.680000
2025-02-26,BK0917,半导体,1700.080000
2025-02-26,BK1137,存储,1474.800000
2025-02-26,BK0922,数据中心,1860.150000
2025-02-26,BK0579,云计算,3386.090000
2025-02-26,BK0963,商业航天,1588.050000
2025-02-26,BK0921,卫星,1451.410000
2025-02-26,BK1090,机器人,1789.380000
2025-02-26,BK0802,自动驾驶,1857.580000
2025-02-26,BK0577,核电,2054.720000
2025-02-26,BK0490,军工,62955.590000
2025-02-26,BK0493,新能源,14113.030000
2025-02-26,BK0588,光伏,3152.770000
2025-02-26,BK0574,锂电池,3002.790000
2025-02-26,BK0464,石油,5495.910000
2025-02-26,BK0843,天然气,1274.120000
2025-02-26,BK0478,铜/有色,16568.090000
2025-02-26,BK0547,黄金,11830.030000
2025-02-26,BK0475,银行金融,3673.070000
2025-02-26,BK1216,生物医疗,3911.270000
2025-02-26,BK0438,消费,25318.110000
2025-02-26,BK0578,稀土永磁,2268.240000
2025-02-26,BK1106,创新药,1088.090000
2025-02-26,BK0710,量子计算,2590.090000
2025-02-26,BK0968,固态电池,1691.820000
2025-02-26,BK1166,低空经济,1466.770000
2025-02-26,BK0668,医疗器械,3597.920000
2025-02-27,BK1134,AI 算力,1710.660000
2025-02-27,BK1128,CPO,2681.190000
2025-02-27,BK0917,半导体,1687.600000
2025-02-27,BK1137,存储,1469.150000
2025-02-27,BK0922,数据中心,1841.280000
2025-02-27,BK0579,云计算,3349.140000
2025-02-27,BK0963,商业航天,1577.420000
2025-02-27,BK0921,卫星,1436.510000
2025-02-27,BK1090,机器人,1776.660000
2025-02-27,BK0802,自动驾驶,1840.670000
2025-02-27,BK0577,核电,2047.080000
2025-02-27,BK0490,军工,62354.820000
2025-02-27,BK0493,新能源,14056.220000
2025-02-27,BK0588,光伏,3134.250000
2025-02-27,BK0574,锂电池,3023.520000
2025-02-27,BK0464,石油,5589.530000
2025-02-27,BK0843,天然气,1274.950000
2025-02-27,BK0478,铜/有色,16434.870000
2025-02-27,BK0547,黄金,11808.360000
2025-02-27,BK0475,银行金融,3703.960000
2025-02-27,BK1216,生物医疗,3931.700000
2025-02-27,BK0438,消费,26112.390000
2025-02-27,BK0578,稀土永磁,2271.450000
2025-02-27,BK1106,创新药,1096.360000
2025-02-27,BK0710,量子计算,2542.190000
2025-02-27,BK0968,固态电池,1734.100000
2025-02-27,BK1166,低空经济,1456.360000
2025-02-27,BK0668,医疗器械,3593.490000
2025-02-28,BK1134,AI 算力,1620.580000
2025-02-28,BK1128,CPO,2523.120000
2025-02-28,BK0917,半导体,1612.540000
2025-02-28,BK1137,存储,1407.460000
2025-02-28,BK0922,数据中心,1757.900000
2025-02-28,BK0579,云计算,3176.520000
2025-02-28,BK0963,商业航天,1507.520000
2025-02-28,BK0921,卫星,1364.180000
2025-02-28,BK1090,机器人,1679.930000
2025-02-28,BK0802,自动驾驶,1747.370000
2025-02-28,BK0577,核电,2003.070000
2025-02-28,BK0490,军工,59937.260000
2025-02-28,BK0493,新能源,13767.320000
2025-02-28,BK0588,光伏,3051.380000
2025-02-28,BK0574,锂电池,2937.340000
2025-02-28,BK0464,石油,5531.860000
2025-02-28,BK0843,天然气,1258.490000
2025-02-28,BK0478,铜/有色,16074.660000
2025-02-28,BK0547,黄金,11600.200000
2025-02-28,BK0475,银行金融,3683.110000
2025-02-28,BK1216,生物医疗,3834.300000
2025-02-28,BK0438,消费,25748.330000
2025-02-28,BK0578,稀土永磁,2225.640000
2025-02-28,BK1106,创新药,1063.400000
2025-02-28,BK0710,量子计算,2420.370000
2025-02-28,BK0968,固态电池,1692.520000
2025-02-28,BK1166,低空经济,1392.920000
2025-02-28,BK0668,医疗器械,3483.830000
2025-03-03,BK1134,AI 算力,1604.950000
2025-03-03,BK1128,CPO,2494.740000
2025-03-03,BK0917,半导体,1618.060000
2025-03-03,BK1137,存储,1394.270000
2025-03-03,BK0922,数据中心,1753.180000
2025-03-03,BK0579,云计算,3170.360000
2025-03-03,BK0963,商业航天,1515.970000
2025-03-03,BK0921,卫星,1358.540000
2025-03-03,BK1090,机器人,1680.160000
2025-03-03,BK0802,自动驾驶,1753.900000
2025-03-03,BK0577,核电,2017.240000
2025-03-03,BK0490,军工,60286.080000
2025-03-03,BK0493,新能源,13824.570000
2025-03-03,BK0588,光伏,3069.720000
2025-03-03,BK0574,锂电池,3014.620000
2025-03-03,BK0464,石油,5477.960000
2025-03-03,BK0843,天然气,1261.870000
2025-03-03,BK0478,铜/有色,16354.730000
2025-03-03,BK0547,黄金,11718.810000
2025-03-03,BK0475,银行金融,3677.830000
2025-03-03,BK1216,生物医疗,3880.680000
2025-03-03,BK0438,消费,25587.090000
2025-03-03,BK0578,稀土永磁,2276.250000
2025-03-03,BK1106,创新药,1072.140000
2025-03-03,BK0710,量子计算,2421.040000
2025-03-03,BK0968,固态电池,1765.230000
2025-03-03,BK1166,低空经济,1400.480000
2025-03-03,BK0668,医疗器械,3519.420000
2025-03-04,BK1134,AI 算力,1632.160000
2025-03-04,BK1128,CPO,2533.830000
2025-03-04,BK0917,半导体,1662.200000
2025-03-04,BK1137,存储,1453.600000
2025-03-04,BK0922,数据中心,1785.780000
2025-03-04,BK0579,云计算,3226.260000
2025-03-04,BK0963,商业航天,1567.100000
2025-03-04,BK0921,卫星,1405.960000
2025-03-04,BK1090,机器人,1727.570000
2025-03-04,BK0802,自动驾驶,1796.190000
2025-03-04,BK0577,核电,2045.700000
2025-03-04,BK0490,军工,62041.810000
2025-03-04,BK0493,新能源,13932.300000
2025-03-04,BK0588,光伏,3099.960000
2025-03-04,BK0574,锂电池,3005.210000
2025-03-04,BK0464,石油,5476.860000
2025-03-04,BK0843,天然气,1270.060000
2025-03-04,BK0478,铜/有色,16545.520000
2025-03-04,BK0547,黄金,11844.980000
2025-03-04,BK0475,银行金融,3684.430000
2025-03-04,BK1216,生物医疗,3926.460000
2025-03-04,BK0438,消费,25482.550000
2025-03-04,BK0578,稀土永磁,2290.090000
2025-03-04,BK1106,创新药,1076.310000
2025-03-04,BK0710,量子计算,2492.820000
2025-03-04,BK0968,固态电池,1732.950000
2025-03-04,BK1166,低空经济,1429.930000
2025-03-04,BK0668,医疗器械,3582.080000
2025-03-05,BK1134,AI 算力,1671.070000
2025-03-05,BK1128,CPO,2590.760000
2025-03-05,BK0917,半导体,1668.830000
2025-03-05,BK1137,存储,1456.940000
2025-03-05,BK0922,数据中心,1810.250000
2025-03-05,BK0579,云计算,3273.810000
2025-03-05,BK0963,商业航天,1601.410000
2025-03-05,BK0921,卫星,1439.300000
2025-03-05,BK1090,机器人,1758.300000
2025-03-05,BK0802,自动驾驶,1818.420000
2025-03-05,BK0577,核电,2055.460000
2025-03-05,BK0490,军工,62671.070000
2025-03-05,BK0493,新能源,13907.920000
2025-03-05,BK0588,光伏,3096.140000
2025-03-05,BK0574,锂电池,3002.140000
2025-03-05,BK0464,石油,5438.620000
2025-03-05,BK0843,天然气,1268.910000
2025-03-05,BK0478,铜/有色,16755.650000
2025-03-05,BK0547,黄金,11969.190000
2025-03-05,BK0475,银行金融,3737.660000
2025-03-05,BK1216,生物医疗,3891.720000
2025-03-05,BK0438,消费,25345.160000
2025-03-05,BK0578,稀土永磁,2288.190000
2025-03-05,BK1106,创新药,1069.080000
2025-03-05,BK0710,量子计算,2535.320000
2025-03-05,BK0968,固态电池,1722.610000
2025-03-05,BK1166,低空经济,1446.030000
2025-03-05,BK0668,医疗器械,3572.110000
2025-03-06,BK1134,AI 算力,1729.640000
2025-03-06,BK1128,CPO,2646.580000
2025-03-06,BK0917,半导体,1693.170000
2025-03-06,BK1137,存储,1479.710000
2025-03-06,BK0922,数据中心,1866.100000
2025-03-06,BK0579,云计算,3419.500000
2025-03-06,BK0963,商业航天,1627.760000
2025-03-06,BK0921,卫星,1469.430000
2025-03-06,BK1090,机器人,1799.060000
2025-03-06,BK0802,自动驾驶,1860.210000
2025-03-06,BK0577,核电,2078.260000
2025-03-06,BK0490,军工,63670.080000
2025-03-06,BK0493,新能源,14064.940000
2025-03-06,BK0588,光伏,3140.810000
2025-03-06,BK0574,锂电池,3044.950000
2025-03-06,BK0464,石油,5462.520000
2025-03-06,BK0843,天然气,1275.810000
2025-03-06,BK0478,铜/有色,16936.920000
2025-03-06,BK0547,黄金,12077.760000
2025-03-06,BK0475,银行金融,3717.250000
2025-03-06,BK1216,生物医疗,3949.920000
2025-03-06,BK0438,消费,25487.180000
2025-03-06,BK0578,稀土永磁,2315.100000
2025-03-06,BK1106,创新药,1086.830000
2025-03-06,BK0710,量子计算,2591.500000
2025-03-06,BK0968,固态电池,1750.150000
2025-03-06,BK1166,低空经济,1471.380000
2025-03-06,BK0668,医疗器械,3636.980000
2025-03-07,BK1134,AI 算力,1713.180000
2025-03-07,BK1128,CPO,2601.410000
2025-03-07,BK0917,半导体,1680.990000
2025-03-07,BK1137,存储,1467.400000
2025-03-07,BK0922,数据中心,1847.450000
2025-03-07,BK0579,云计算,3383.810000
2025-03-07,BK0963,商业航天,1631.950000
2025-03-07,BK0921,卫星,1461.370000
2025-03-07,BK1090,机器人,1796.890000
2025-03-07,BK0802,自动驾驶,1857.960000
2025-03-07,BK0577,核电,2069.820000
2025-03-07,BK0490,军工,63897.020000
2025-03-07,BK0493,新能源,13962.450000
2025-03-07,BK0588,光伏,3124.740000
2025-03-07,BK0574,锂电池,3019.890000
2025-03-07,BK0464,石油,5482.090000
2025-03-07,BK0843,天然气,1275.230000
2025-03-07,BK0478,铜/有色,17304.250000
2025-03-07,BK0547,黄金,12146.360000
2025-03-07,BK0475,银行金融,3707.740000
2025-03-07,BK1216,生物医疗,3912.960000
2025-03-07,BK0438,消费,25404.590000
2025-03-07,BK0578,稀土永磁,2325.510000
2025-03-07,BK1106,创新药,1077.180000
2025-03-07,BK0710,量子计算,2556.470000
2025-03-07,BK0968,固态电池,1721.870000
2025-03-07,BK1166,低空经济,1472.630000
2025-03-07,BK0668,医疗器械,3610.920000
2025-03-10,BK1134,AI 算力,1701.400000
2025-03-10,BK1128,CPO,2619.240000
2025-03-10,BK0917,半导体,1691.940000
2025-03-10,BK1137,存储,1471.560000
2025-03-10,BK0922,数据中心,1838.670000
2025-03-10,BK0579,云计算,3347.380000
2025-03-10,BK0963,商业航天,1641.400000
2025-03-10,BK0921,卫星,1464.760000
2025-03-10,BK1090,机器人,1804.930000
2025-03-10,BK0802,自动驾驶,1856.140000
2025-03-10,BK0577,核电,2075.710000
2025-03-10,BK0490,军工,64263.320000
2025-03-10,BK0493,新能源,14054.310000
2025-03-10,BK0588,光伏,3150.980000
2025-03-10,BK0574,锂电池,3044.850000
2025-03-10,BK0464,石油,5514.490000
2025-03-10,BK0843,天然气,1283.710000
2025-03-10,BK0478,铜/有色,17515.990000
2025-03-10,BK0547,黄金,12279.330000
2025-03-10,BK0475,银行金融,3680.930000
2025-03-10,BK1216,生物医疗,3967.780000
2025-03-10,BK0438,消费,25526.300000
2025-03-10,BK0578,稀土永磁,2337.350000
2025-03-10,BK1106,创新药,1090.340000
2025-03-10,BK0710,量子计算,2535.580000
2025-03-10,BK0968,固态电池,1740.580000
2025-03-10,BK1166,低空经济,1473.540000
2025-03-10,BK0668,医疗器械,3656.380000
2025-03-11,BK1134,AI 算力,1715.340000
2025-03-11,BK1128,CPO,2614.440000
2025-03-11,BK0917,半导体,1697.370000
2025-03-11,BK1137,存储,1471.610000
2025-03-11,BK0922,数据中心,1857.280000
2025-03-11,BK0579,云计算,3368.270000
2025-03-11,BK0963,商业航天,1665.310000
2025-03-11,BK0921,卫星,1485.900000
2025-03-11,BK1090,机器人,1809.660000
2025-03-11,BK0802,自动驾驶,1852.870000
2025-03-11,BK0577,核电,2081.560000
2025-03-11,BK0490,军工,65080.130000
2025-03-11,BK0493,新能源,14131.330000
2025-03-11,BK0588,光伏,3165.880000
2025-03-11,BK0574,锂电池,3060.660000
2025-03-11,BK0464,石油,5542.590000
2025-03-11,BK0843,天然气,1284.730000
2025-03-11,BK0478,铜/有色,17608.670000
2025-03-11,BK0547,黄金,12435.590000
2025-03-11,BK0475,银行金融,3705.390000
2025-03-11,BK1216,生物医疗,3954.460000
2025-03-11,BK0438,消费,25824.640000
2025-03-11,BK0578,稀土永磁,2364.310000
2025-03-11,BK1106,创新药,1091.130000
2025-03-11,BK0710,量子计算,2545.290000
2025-03-11,BK0968,固态电池,1739.980000
2025-03-11,BK1166,低空经济,1480.600000
2025-03-11,BK0668,医疗器械,3656.710000
2025-03-12,BK1134,AI 算力,1752.270000
2025-03-12,BK1128,CPO,2646.710000
2025-03-12,BK0917,半导体,1701.830000
2025-03-12,BK1137,存储,1479.680000
2025-03-12,BK0922,数据中心,1891.400000
2025-03-12,BK0579,云计算,3417.900000
2025-03-12,BK0963,商业航天,1666.040000
2025-03-12,BK0921,卫星,1484.280000
2025-03-12,BK1090,机器人,1818.140000
2025-03-12,BK0802,自动驾驶,1869.070000
2025-03-12,BK0577,核电,2096.550000
2025-03-12,BK0490,军工,65405.970000
2025-03-12,BK0493,新能源,14250.290000
2025-03-12,BK0588,光伏,3189.520000
2025-03-12,BK0574,锂电池,3069.220000
2025-03-12,BK0464,石油,5536.930000
2025-03-12,BK0843,天然气,1293.930000
2025-03-12,BK0478,铜/有色,17593.530000
2025-03-12,BK0547,黄金,12568.930000
2025-03-12,BK0475,银行金融,3699.220000
2025-03-12,BK1216,生物医疗,3940.280000
2025-03-12,BK0438,消费,25786.270000
2025-03-12,BK0578,稀土永磁,2357.820000
2025-03-12,BK1106,创新药,1084.290000
2025-03-12,BK0710,量子计算,2578.650000
2025-03-12,BK0968,固态电池,1742.980000
2025-03-12,BK1166,低空经济,1486.210000
2025-03-12,BK0668,医疗器械,3652.470000
2025-03-13,BK1134,AI 算力,1710.480000
2025-03-13,BK1128,CPO,2596.480000
2025-03-13,BK0917,半导体,1665.830000
2025-03-13,BK1137,存储,1422.830000
2025-03-13,BK0922,数据中心,1860.000000
2025-03-13,BK0579,云计算,3346.000000
2025-03-13,BK0963,商业航天,1645.200000
2025-03-13,BK0921,卫星,1462.990000
2025-03-13,BK1090,机器人,1767.900000
2025-03-13,BK0802,自动驾驶,1824.430000
2025-03-13,BK0577,核电,2104.080000
2025-03-13,BK0490,军工,64821.440000
2025-03-13,BK0493,新能源,14244.460000
2025-03-13,BK0588,光伏,3164.350000
2025-03-13,BK0574,锂电池,3037.580000
2025-03-13,BK0464,石油,5563.200000
2025-03-13,BK0843,天然气,1301.170000
2025-03-13,BK0478,铜/有色,17534.480000
2025-03-13,BK0547,黄金,12689.980000
2025-03-13,BK0475,银行金融,3715.820000
2025-03-13,BK1216,生物医疗,3920.550000
2025-03-13,BK0438,消费,25784.630000
2025-03-13,BK0578,稀土永磁,2327.920000
2025-03-13,BK1106,创新药,1072.240000
2025-03-13,BK0710,量子计算,2532.370000
2025-03-13,BK0968,固态电池,1717.480000
2025-03-13,BK1166,低空经济,1454.230000
2025-03-13,BK0668,医疗器械,3613.280000
2025-03-14,BK1134,AI 算力,1732.530000
2025-03-14,BK1128,CPO,2657.790000
2025-03-14,BK0917,半导体,1689.060000
2025-03-14,BK1137,存储,1452.840000
2025-03-14,BK0922,数据中心,1883.100000
2025-03-14,BK0579,云计算,3393.410000
2025-03-14,BK0963,商业航天,1665.630000
2025-03-14,BK0921,卫星,1469.570000
2025-03-14,BK1090,机器人,1798.270000
2025-03-14,BK0802,自动驾驶,1854.310000
2025-03-14,BK0577,核电,2129.860000
2025-03-14,BK0490,军工,65434.980000
2025-03-14,BK0493,新能源,14421.890000
2025-03-14,BK0588,光伏,3206.850000
2025-03-14,BK0574,锂电池,3078.290000
2025-03-14,BK0464,石油,5598.220000
2025-03-14,BK0843,天然气,1316.070000
2025-03-14,BK0478,铜/有色,17731.450000
2025-03-14,BK0547,黄金,12885.760000
2025-03-14,BK0475,银行金融,3752.600000
2025-03-14,BK1216,生物医疗,4015.720000
2025-03-14,BK0438,消费,27199.140000
2025-03-14,BK0578,稀土永磁,2348.640000
2025-03-14,BK1106,创新药,1093.300000
2025-03-14,BK0710,量子计算,2569.020000
2025-03-14,BK0968,固态电池,1739.440000
2025-03-14,BK1166,低空经济,1478.520000
2025-03-14,BK0668,医疗器械,3694.150000
2025-03-17,BK1134,AI 算力,1743.170000
2025-03-17,BK1128,CPO,2673.680000
2025-03-17,BK0917,半导体,1702.740000
2025-03-17,BK1137,存储,1467.280000
2025-03-17,BK0922,数据中心,1893.140000
2025-03-17,BK0579,云计算,3395.670000
2025-03-17,BK0963,商业航天,1672.150000
2025-03-17,BK0921,卫星,1471.750000
2025-03-17,BK1090,机器人,1815.840000
2025-03-17,BK0802,自动驾驶,1871.500000
2025-03-17,BK0577,核电,2146.460000
2025-03-17,BK0490,军工,65726.100000
2025-03-17,BK0493,新能源,14516.180000
2025-03-17,BK0588,光伏,3226.520000
2025-03-17,BK0574,锂电池,3096.170000
2025-03-17,BK0464,石油,5647.900000
2025-03-17,BK0843,天然气,1329.000000
2025-03-17,BK0478,铜/有色,17717.620000
2025-03-17,BK0547,黄金,12836.510000
2025-03-17,BK0475,银行金融,3771.090000
2025-03-17,BK1216,生物医疗,4020.300000
2025-03-17,BK0438,消费,27259.480000
2025-03-17,BK0578,稀土永磁,2357.190000
2025-03-17,BK1106,创新药,1094.920000
2025-03-17,BK0710,量子计算,2580.220000
2025-03-17,BK0968,固态电池,1749.760000
2025-03-17,BK1166,低空经济,1486.520000
2025-03-17,BK0668,医疗器械,3701.130000
2025-03-18,BK1134,AI 算力,1757.050000
2025-03-18,BK1128,CPO,2690.140000
2025-03-18,BK0917,半导体,1712.650000
2025-03-18,BK1137,存储,1478.440000
2025-03-18,BK0922,数据中心,1907.790000
2025-03-18,BK0579,云计算,3414.130000
2025-03-18,BK0963,商业航天,1672.560000
2025-03-18,BK0921,卫星,1466.120000
2025-03-18,BK1090,机器人,1830.670000
2025-03-18,BK0802,自动驾驶,1882.690000
2025-03-18,BK0577,核电,2160.740000
2025-03-18,BK0490,军工,65970.720000
2025-03-18,BK0493,新能源,14630.010000
2025-03-18,BK0588,光伏,3251.560000
2025-03-18,BK0574,锂电池,3117.740000
2025-03-18,BK0464,石油,5630.830000
2025-03-18,BK0843,天然气,1337.450000
2025-03-18,BK0478,铜/有色,17883.290000
2025-03-18,BK0547,黄金,13107.430000
2025-03-18,BK0475,银行金融,3763.790000
2025-03-18,BK1216,生物医疗,4043.330000
2025-03-18,BK0438,消费,27220.050000
2025-03-18,BK0578,稀土永磁,2382.990000
2025-03-18,BK1106,创新药,1103.250000
2025-03-18,BK0710,量子计算,2586.330000
2025-03-18,BK0968,固态电池,1765.430000
2025-03-18,BK1166,低空经济,1492.330000
2025-03-18,BK0668,医疗器械,3714.990000
2025-03-19,BK1134,AI 算力,1727.640000
2025-03-19,BK1128,CPO,2610.980000
2025-03-19,BK0917,半导体,1692.700000
2025-03-19,BK1137,存储,1452.020000
2025-03-19,BK0922,数据中心,1878.690000
2025-03-19,BK0579,云计算,3364.700000
2025-03-19,BK0963,商业航天,1655.340000
2025-03-19,BK0921,卫星,1448.650000
2025-03-19,BK1090,机器人,1828.590000
2025-03-19,BK0802,自动驾驶,1869.880000
2025-03-19,BK0577,核电,2158.090000
2025-03-19,BK0490,军工,65566.370000
2025-03-19,BK0493,新能源,14641.080000
2025-03-19,BK0588,光伏,3239.200000
2025-03-19,BK0574,锂电池,3086.750000
2025-03-19,BK0464,石油,5586.600000
2025-03-19,BK0843,天然气,1334.210000
2025-03-19,BK0478,铜/有色,17790.120000
2025-03-19,BK0547,黄金,13217.560000
2025-03-19,BK0475,银行金融,3810.040000
2025-03-19,BK1216,生物医疗,4033.160000
2025-03-19,BK0438,消费,26808.880000
2025-03-19,BK0578,稀土永磁,2369.740000
2025-03-19,BK1106,创新药,1101.790000
2025-03-19,BK0710,量子计算,2534.840000
2025-03-19,BK0968,固态电池,1742.550000
2025-03-19,BK1166,低空经济,1478.130000
2025-03-19,BK0668,医疗器械,3704.630000
2025-03-20,BK1134,AI 算力,1715.440000
2025-03-20,BK1128,CPO,2587.520000
2025-03-20,BK0917,半导体,1682.410000
2025-03-20,BK1137,存储,1442.080000
2025-03-20,BK0922,数据中心,1865.760000
2025-03-20,BK0579,云计算,3338.150000
2025-03-20,BK0963,商业航天,1668.650000
2025-03-20,BK0921,卫星,1455.910000
2025-03-20,BK1090,机器人,1833.730000
2025-03-20,BK0802,自动驾驶,1873.310000
2025-03-20,BK0577,核电,2173.630000
2025-03-20,BK0490,军工,66008.130000
2025-03-20,BK0493,新能源,14696.150000
2025-03-20,BK0588,光伏,3231.800000
2025-03-20,BK0574,锂电池,3075.170000
2025-03-20,BK0464,石油,5642.910000
2025-03-20,BK0843,天然气,1342.930000
2025-03-20,BK0478,铜/有色,17786.320000
2025-03-20,BK0547,黄金,13070.060000
2025-03-20,BK0475,银行金融,3802.950000
2025-03-20,BK1216,生物医疗,4009.810000
2025-03-20,BK0438,消费,26573.550000
2025-03-20,BK0578,稀土永磁,2352.210000
2025-03-20,BK1106,创新药,1097.680000
2025-03-20,BK0710,量子计算,2525.400000
2025-03-20,BK0968,固态电池,1724.710000
2025-03-20,BK1166,低空经济,1476.880000
2025-03-20,BK0668,医疗器械,3688.810000
2025-03-21,BK1134,AI 算力,1677.070000
2025-03-21,BK1128,CPO,2531.990000
2025-03-21,BK0917,半导体,1639.760000
2025-03-21,BK1137,存储,1394.350000
2025-03-21,BK0922,数据中心,1828.170000
2025-03-21,BK0579,云计算,3249.920000
2025-03-21,BK0963,商业航天,1649.390000
2025-03-21,BK0921,卫星,1448.310000
2025-03-21,BK1090,机器人,1773.810000
2025-03-21,BK0802,自动驾驶,1819.090000
2025-03-21,BK0577,核电,2172.730000
2025-03-21,BK0490,军工,65198.610000
2025-03-21,BK0493,新能源,14609.400000
2025-03-21,BK0588,光伏,3188.980000
2025-03-21,BK0574,锂电池,3012.530000
2025-03-21,BK0464,石油,5635.120000
2025-03-21,BK0843,天然气,1350.000000
2025-03-21,BK0478,铜/有色,17535.790000
2025-03-21,BK0547,黄金,12814.360000
2025-03-21,BK0475,银行金融,3771.600000
2025-03-21,BK1216,生物医疗,3948.660000
2025-03-21,BK0438,消费,26175.980000
2025-03-21,BK0578,稀土永磁,2297.450000
2025-03-21,BK1106,创新药,1082.830000
2025-03-21,BK0710,量子计算,2498.730000
2025-03-21,BK0968,固态电池,1680.860000
2025-03-21,BK1166,低空经济,1443.460000
2025-03-21,BK0668,医疗器械,3612.860000
2025-03-24,BK1134,AI 算力,1637.710000
2025-03-24,BK1128,CPO,2520.880000
2025-03-24,BK0917,半导体,1617.360000
2025-03-24,BK1137,存储,1375.590000
2025-03-24,BK0922,数据中心,1780.810000
2025-03-24,BK0579,云计算,3166.650000
2025-03-24,BK0963,商业航天,1608.640000
2025-03-24,BK0921,卫星,1403.590000
2025-03-24,BK1090,机器人,1739.160000
2025-03-24,BK0802,自动驾驶,1781.670000
2025-03-24,BK0577,核电,2156.240000
2025-03-24,BK0490,军工,63721.720000
2025-03-24,BK0493,新能源,14408.190000
2025-03-24,BK0588,光伏,3146.420000
2025-03-24,BK0574,锂电池,2969.490000
2025-03-24,BK0464,石油,5508.050000
2025-03-24,BK0843,天然气,1341.930000
2025-03-24,BK0478,铜/有色,17636.150000
2025-03-24,BK0547,黄金,12727.170000
2025-03-24,BK0475,银行金融,3803.070000
2025-03-24,BK1216,生物医疗,3891.750000
2025-03-24,BK0438,消费,26162.110000
2025-03-24,BK0578,稀土永磁,2281.770000
2025-03-24,BK1106,创新药,1069.780000
2025-03-24,BK0710,量子计算,2445.830000
2025-03-24,BK0968,固态电池,1655.110000
2025-03-24,BK1166,低空经济,1411.220000
2025-03-24,BK0668,医疗器械,3550.540000
2025-03-25,BK1134,AI 算力,1586.900000
2025-03-25,BK1128,CPO,2490.330000
2025-03-25,BK0917,半导体,1609.770000
2025-03-25,BK1137,存储,1345.020000
2025-03-25,BK0922,数据中心,1733.500000
2025-03-25,BK0579,云计算,3092.170000
2025-03-25,BK0963,商业航天,1609.370000
2025-03-25,BK0921,卫星,1390.700000
2025-03-25,BK1090,机器人,1712.150000
2025-03-25,BK0802,自动驾驶,1752.290000
2025-03-25,BK0577,核电,2186.980000
2025-03-25,BK0490,军工,63458.030000
2025-03-25,BK0493,新能源,14443.060000
2025-03-25,BK0588,光伏,3158.780000
2025-03-25,BK0574,锂电池,2973.060000
2025-03-25,BK0464,石油,5579.560000
2025-03-25,BK0843,天然气,1348.060000
2025-03-25,BK0478,铜/有色,17844.300000
2025-03-25,BK0547,黄金,12735.400000
2025-03-25,BK0475,银行金融,3823.760000
2025-03-25,BK1216,生物医疗,3904.480000
2025-03-25,BK0438,消费,26293.450000
2025-03-25,BK0578,稀土永磁,2292.060000
2025-03-25,BK1106,创新药,1070.370000
2025-03-25,BK0710,量子计算,2411.530000
2025-03-25,BK0968,固态电池,1655.230000
2025-03-25,BK1166,低空经济,1399.500000
2025-03-25,BK0668,医疗器械,3551.440000
2025-03-26,BK1134,AI 算力,1599.990000
2025-03-26,BK1128,CPO,2495.290000
2025-03-26,BK0917,半导体,1622.480000
2025-03-26,BK1137,存储,1350.670000
2025-03-26,BK0922,数据中心,1748.800000
2025-03-26,BK0579,云计算,3110.970000
2025-03-26,BK0963,商业航天,1617.020000
2025-03-26,BK0921,卫星,1396.960000
2025-03-26,BK1090,机器人,1734.960000
2025-03-26,BK0802,自动驾驶,1767.720000
2025-03-26,BK0577,核电,2203.670000
2025-03-26,BK0490,军工,63904.740000
2025-03-26,BK0493,新能源,14549.850000
2025-03-26,BK0588,光伏,3185.930000
2025-03-26,BK0574,锂电池,3000.790000
2025-03-26,BK0464,石油,5667.980000
2025-03-26,BK0843,天然气,1348.320000
2025-03-26,BK0478,铜/有色,17932.050000
2025-03-26,BK0547,黄金,12813.470000
2025-03-26,BK0475,银行金融,3797.320000
2025-03-26,BK1216,生物医疗,3926.810000
2025-03-26,BK0438,消费,26361.010000
2025-03-26,BK0578,稀土永磁,2335.320000
2025-03-26,BK1106,创新药,1072.670000
2025-03-26,BK0710,量子计算,2412.280000
2025-03-26,BK0968,固态电池,1665.760000
2025-03-26,BK1166,低空经济,1412.680000
2025-03-26,BK0668,医疗器械,3580.810000
2025-03-27,BK1134,AI 算力,1580.930000
2025-03-27,BK1128,CPO,2470.280000
2025-03-27,BK0917,半导体,1632.840000
2025-03-27,BK1137,存储,1359.030000
2025-03-27,BK0922,数据中心,1731.340000
2025-03-27,BK0579,云计算,3083.290000
2025-03-27,BK0963,商业航天,1593.170000
2025-03-27,BK0921,卫星,1380.600000
2025-03-27,BK1090,机器人,1714.490000
2025-03-27,BK0802,自动驾驶,1759.060000
2025-03-27,BK0577,核电,2145.890000
2025-03-27,BK0490,军工,63119.870000
2025-03-27,BK0493,新能源,14347.480000
2025-03-27,BK0588,光伏,3143.690000
2025-03-27,BK0574,锂电池,2979.820000
2025-03-27,BK0464,石油,5640.290000
2025-03-27,BK0843,天然气,1330.890000
2025-03-27,BK0478,铜/有色,17579.710000
2025-03-27,BK0547,黄金,12688.420000
2025-03-27,BK0475,银行金融,3801.360000
2025-03-27,BK1216,生物医疗,3979.990000
2025-03-27,BK0438,消费,26405.690000
2025-03-27,BK0578,稀土永磁,2303.370000
2025-03-27,BK1106,创新药,1100.250000
2025-03-27,BK0710,量子计算,2398.900000
2025-03-27,BK0968,固态电池,1657.300000
2025-03-27,BK1166,低空经济,1401.860000
2025-03-27,BK0668,医疗器械,3594.230000
2025-03-28,BK1134,AI 算力,1563.410000
2025-03-28,BK1128,CPO,2445.620000
2025-03-28,BK0917,半导体,1610.260000
2025-03-28,BK1137,存储,1338.330000
2025-03-28,BK0922,数据中心,1711.880000
2025-03-28,BK0579,云计算,3058.220000
2025-03-28,BK0963,商业航天,1558.300000
2025-03-28,BK0921,卫星,1348.020000
2025-03-28,BK1090,机器人,1687.070000
2025-03-28,BK0802,自动驾驶,1733.560000
2025-03-28,BK0577,核电,2119.350000
2025-03-28,BK0490,军工,61980.560000
2025-03-28,BK0493,新能源,14146.590000
2025-03-28,BK0588,光伏,3099.960000
2025-03-28,BK0574,锂电池,2927.080000
2025-03-28,BK0464,石油,5555.580000
2025-03-28,BK0843,天然气,1307.740000
2025-03-28,BK0478,铜/有色,17395.610000
2025-03-28,BK0547,黄金,12693.800000
2025-03-28,BK0475,银行金融,3782.010000
2025-03-28,BK1216,生物医疗,3958.300000
2025-03-28,BK0438,消费,25920.100000
2025-03-28,BK0578,稀土永磁,2285.970000
2025-03-28,BK1106,创新药,1101.790000
2025-03-28,BK0710,量子计算,2378.420000
2025-03-28,BK0968,固态电池,1630.850000
2025-03-28,BK1166,低空经济,1378.970000
2025-03-28,BK0668,医疗器械,3559.930000
2025-03-31,BK1134,AI 算力,1572.880000
2025-03-31,BK1128,CPO,2446.400000
2025-03-31,BK0917,半导体,1597.360000
2025-03-31,BK1137,存储,1335.430000
2025-03-31,BK0922,数据中心,1707.400000
2025-03-31,BK0579,云计算,3061.140000
2025-03-31,BK0963,商业航天,1533.320000
2025-03-31,BK0921,卫星,1332.200000
2025-03-31,BK1090,机器人,1665.180000
2025-03-31,BK0802,自动驾驶,1727.230000
2025-03-31,BK0577,核电,2091.230000
2025-03-31,BK0490,军工,61154.880000
2025-03-31,BK0493,新能源,13997.320000
2025-03-31,BK0588,光伏,3052.630000
2025-03-31,BK0574,锂电池,2885.230000
2025-03-31,BK0464,石油,5527.840000
2025-03-31,BK0843,天然气,1292.060000
2025-03-31,BK0478,铜/有色,17154.530000
2025-03-31,BK0547,黄金,12737.210000
2025-03-31,BK0475,银行金融,3796.740000
2025-03-31,BK1216,生物医疗,3896.620000
2025-03-31,BK0438,消费,25601.200000
2025-03-31,BK0578,稀土永磁,2246.600000
2025-03-31,BK1106,创新药,1083.570000
2025-03-31,BK0710,量子计算,2365.760000
2025-03-31,BK0968,固态电池,1612.690000
2025-03-31,BK1166,低空经济,1366.810000
2025-03-31,BK0668,医疗器械,3506.020000
2025-04-01,BK1134,AI 算力,1566.960000
2025-04-01,BK1128,CPO,2448.310000
2025-04-01,BK0917,半导体,1614.380000
2025-04-01,BK1137,存储,1339.040000
2025-04-01,BK0922,数据中心,1705.410000
2025-04-01,BK0579,云计算,3046.530000
2025-04-01,BK0963,商业航天,1551.140000
2025-04-01,BK0921,卫星,1350.690000
2025-04-01,BK1090,机器人,1663.480000
2025-04-01,BK0802,自动驾驶,1730.650000
2025-04-01,BK0577,核电,2145.290000
2025-04-01,BK0490,军工,61775.430000
2025-04-01,BK0493,新能源,14213.410000
2025-04-01,BK0588,光伏,3092.500000
2025-04-01,BK0574,锂电池,2912.730000
2025-04-01,BK0464,石油,5647.740000
2025-04-01,BK0843,天然气,1315.270000
2025-04-01,BK0478,铜/有色,17283.070000
2025-04-01,BK0547,黄金,12783.280000
2025-04-01,BK0475,银行金融,3789.450000
2025-04-01,BK1216,生物医疗,4047.880000
2025-04-01,BK0438,消费,25970.020000
2025-04-01,BK0578,稀土永磁,2274.330000
2025-04-01,BK1106,创新药,1134.890000
2025-04-01,BK0710,量子计算,2377.160000
2025-04-01,BK0968,固态电池,1623.450000
2025-04-01,BK1166,低空经济,1373.470000
2025-04-01,BK0668,医疗器械,3589.880000
2025-04-02,BK1134,AI 算力,1573.580000
2025-04-02,BK1128,CPO,2463.520000
2025-04-02,BK0917,半导体,1610.250000
2025-04-02,BK1137,存储,1338.290000
2025-04-02,BK0922,数据中心,1710.900000
2025-04-02,BK0579,云计算,3055.060000
2025-04-02,BK0963,商业航天,1551.560000
2025-04-02,BK0921,卫星,1346.950000
2025-04-02,BK1090,机器人,1677.530000
2025-04-02,BK0802,自动驾驶,1736.780000
2025-04-02,BK0577,核电,2127.510000
2025-04-02,BK0490,军工,61652.380000
2025-04-02,BK0493,新能源,14149.790000
2025-04-02,BK0588,光伏,3089.490000
2025-04-02,BK0574,锂电池,2915.890000
2025-04-02,BK0464,石油,5600.470000
2025-04-02,BK0843,天然气,1307.810000
2025-04-02,BK0478,铜/有色,17193.410000
2025-04-02,BK0547,黄金,12717.810000
2025-04-02,BK0475,银行金融,3836.610000
2025-04-02,BK1216,生物医疗,4048.400000
2025-04-02,BK0438,消费,25964.480000
2025-04-02,BK0578,稀土永磁,2276.310000
2025-04-02,BK1106,创新药,1138.190000
2025-04-02,BK0710,量子计算,2378.160000
2025-04-02,BK0968,固态电池,1627.750000
2025-04-02,BK1166,低空经济,1377.870000
2025-04-02,BK0668,医疗器械,3606.950000
2025-04-03,BK1134,AI 算力,1553.800000
2025-04-03,BK1128,CPO,2400.790000
2025-04-03,BK0917,半导体,1589.240000
2025-04-03,BK1137,存储,1317.510000
2025-04-03,BK0922,数据中心,1692.510000
2025-04-03,BK0579,云计算,3020.420000
2025-04-03,BK0963,商业航天,1537.460000
2025-04-03,BK0921,卫星,1330.660000
2025-04-03,BK1090,机器人,1646.000000
2025-04-03,BK0802,自动驾驶,1702.190000
2025-04-03,BK0577,核电,2116.200000
2025-04-03,BK0490,军工,61058.750000
2025-04-03,BK0493,新能源,14114.660000
2025-04-03,BK0588,光伏,3067.880000
2025-04-03,BK0574,锂电池,2879.520000
2025-04-03,BK0464,石油,5557.590000
2025-04-03,BK0843,天然气,1311.760000
2025-04-03,BK0478,铜/有色,17028.680000
2025-04-03,BK0547,黄金,12643.220000
2025-04-03,BK0475,银行金融,3850.970000
2025-04-03,BK1216,生物医疗,4046.620000
2025-04-03,BK0438,消费,26325.290000
2025-04-03,BK0578,稀土永磁,2285.670000
2025-04-03,BK1106,创新药,1137.820000
2025-04-03,BK0710,量子计算,2349.990000
2025-04-03,BK0968,固态电池,1601.200000
2025-04-03,BK1166,低空经济,1364.770000
2025-04-03,BK0668,医疗器械,3577.810000
2025-04-07,BK1134,AI 算力,1336.880000
2025-04-07,BK1128,CPO,2079.600000
2025-04-07,BK0917,半导体,1375.590000
2025-04-07,BK1137,存储,1126.970000
2025-04-07,BK0922,数据中心,1466.400000
2025-04-07,BK0579,云计算,2598.870000
2025-04-07,BK0963,商业航天,1327.880000
2025-04-07,BK0921,卫星,1153.700000
2025-04-07,BK1090,机器人,1406.080000
2025-04-07,BK0802,自动驾驶,1473.760000
2025-04-07,BK0577,核电,1876.780000
2025-04-07,BK0490,军工,53136.040000
2025-04-07,BK0493,新能源,12596.180000
2025-04-07,BK0588,光伏,2702.120000
2025-04-07,BK0574,锂电池,2503.550000
2025-04-07,BK0464,石油,5045.650000
2025-04-07,BK0843,天然气,1169.840000
2025-04-07,BK0478,铜/有色,15171.800000
2025-04-07,BK0547,黄金,11472.710000
2025-04-07,BK0475,银行金融,3630.790000
2025-04-07,BK1216,生物医疗,3560.000000
2025-04-07,BK0438,消费,24348.650000
2025-04-07,BK0578,稀土永磁,2052.060000
2025-04-07,BK1106,创新药,999.790000
2025-04-07,BK0710,量子计算,2039.930000
2025-04-07,BK0968,固态电池,1376.780000
2025-04-07,BK1166,低空经济,1179.570000
2025-04-07,BK0668,医疗器械,3133.900000
2025-04-08,BK1134,AI 算力,1330.380000
2025-04-08,BK1128,CPO,2019.710000
2025-04-08,BK0917,半导体,1382.630000
2025-04-08,BK1137,存储,1123.980000
2025-04-08,BK0922,数据中心,1456.640000
2025-04-08,BK0579,云计算,2600.310000
2025-04-08,BK0963,商业航天,1339.870000
2025-04-08,BK0921,卫星,1159.140000
2025-04-08,BK1090,机器人,1395.050000
2025-04-08,BK0802,自动驾驶,1460.560000
2025-04-08,BK0577,核电,1878.300000
2025-04-08,BK0490,军工,53419.040000
2025-04-08,BK0493,新能源,12665.320000
2025-04-08,BK0588,光伏,2698.380000
2025-04-08,BK0574,锂电池,2500.790000
2025-04-08,BK0464,石油,4973.140000
2025-04-08,BK0843,天然气,1186.700000
2025-04-08,BK0478,铜/有色,14899.250000
2025-04-08,BK0547,黄金,11287.830000
2025-04-08,BK0475,银行金融,3702.020000
2025-04-08,BK1216,生物医疗,3616.000000
2025-04-08,BK0438,消费,25920.980000
2025-04-08,BK0578,稀土永磁,2124.300000
2025-04-08,BK1106,创新药,1013.040000
2025-04-08,BK0710,量子计算,2040.170000
2025-04-08,BK0968,固态电池,1380.670000
2025-04-08,BK1166,低空经济,1183.130000
2025-04-08,BK0668,医疗器械,3157.500000
2025-04-09,BK1134,AI 算力,1381.160000
2025-04-09,BK1128,CPO,2063.980000
2025-04-09,BK0917,半导体,1434.850000
2025-04-09,BK1137,存储,1172.560000
2025-04-09,BK0922,数据中心,1508.130000
2025-04-09,BK0579,云计算,2698.140000
2025-04-09,BK0963,商业航天,1417.070000
2025-04-09,BK0921,卫星,1220.860000
2025-04-09,BK1090,机器人,1447.150000
2025-04-09,BK0802,自动驾驶,1508.280000
2025-04-09,BK0577,核电,1935.340000
2025-04-09,BK0490,军工,56233.560000
2025-04-09,BK0493,新能源,12907.970000
2025-04-09,BK0588,光伏,2761.640000
2025-04-09,BK0574,锂电池,2557.140000
2025-04-09,BK0464,石油,5013.650000
2025-04-09,BK0843,天然气,1210.020000
2025-04-09,BK0478,铜/有色,15153.870000
2025-04-09,BK0547,黄金,11460.030000
2025-04-09,BK0475,银行金融,3677.330000
2025-04-09,BK1216,生物医疗,3655.380000
2025-04-09,BK0438,消费,26473.700000
2025-04-09,BK0578,稀土永磁,2177.060000
2025-04-09,BK1106,创新药,1015.910000
2025-04-09,BK0710,量子计算,2141.330000
2025-04-09,BK0968,固态电池,1414.120000
2025-04-09,BK1166,低空经济,1233.990000
2025-04-09,BK0668,医疗器械,3218.700000
2025-04-10,BK1134,AI 算力,1418.650000
2025-04-10,BK1128,CPO,2142.950000
2025-04-10,BK0917,半导体,1471.450000
2025-04-10,BK1137,存储,1205.000000
2025-04-10,BK0922,数据中心,1548.370000
2025-04-10,BK0579,云计算,2773.220000
2025-04-10,BK0963,商业航天,1442.500000
2025-04-10,BK0921,卫星,1242.380000
2025-04-10,BK1090,机器人,1495.580000
2025-04-10,BK0802,自动驾驶,1551.160000
2025-04-10,BK0577,核电,1975.410000
2025-04-10,BK0490,军工,57394.200000
2025-04-10,BK0493,新能源,13190.840000
2025-04-10,BK0588,光伏,2832.990000
2025-04-10,BK0574,锂电池,2620.850000
2025-04-10,BK0464,石油,5091.420000
2025-04-10,BK0843,天然气,1233.200000
2025-04-10,BK0478,铜/有色,15569.690000
2025-04-10,BK0547,黄金,11958.320000
2025-04-10,BK0475,银行金融,3698.180000
2025-04-10,BK1216,生物医疗,3755.380000
2025-04-10,BK0438,消费,27632.820000
2025-04-10,BK0578,稀土永磁,2206.590000
2025-04-10,BK1106,创新药,1045.980000
2025-04-10,BK0710,量子计算,2192.900000
2025-04-10,BK0968,固态电池,1452.020000
2025-04-10,BK1166,低空经济,1262.540000
2025-04-10,BK0668,医疗器械,3309.540000
2025-04-11,BK1134,AI 算力,1443.880000
2025-04-11,BK1128,CPO,2183.430000
2025-04-11,BK0917,半导体,1525.250000
2025-04-11,BK1137,存储,1266.700000
2025-04-11,BK0922,数据中心,1566.360000
2025-04-11,BK0579,云计算,2802.270000
2025-04-11,BK0963,商业航天,1466.360000
2025-04-11,BK0921,卫星,1267.260000
2025-04-11,BK1090,机器人,1521.390000
2025-04-11,BK0802,自动驾驶,1582.110000
2025-04-11,BK0577,核电,1980.270000
2025-04-11,BK0490,军工,58071.390000
2025-04-11,BK0493,新能源,13252.850000
2025-04-11,BK0588,光伏,2860.530000
2025-04-11,BK0574,锂电池,2655.970000
2025-04-11,BK0464,石油,5094.170000
2025-04-11,BK0843,天然气,1231.460000
2025-04-11,BK0478,铜/有色,15657.610000
2025-04-11,BK0547,黄金,12143.890000
2025-04-11,BK0475,银行金融,3693.210000
2025-04-11,BK1216,生物医疗,3775.160000
2025-04-11,BK0438,消费,27146.850000
2025-04-11,BK0578,稀土永磁,2200.140000
2025-04-11,BK1106,创新药,1057.280000
2025-04-11,BK0710,量子计算,2221.840000
2025-04-11,BK0968,固态电池,1476.230000
2025-04-11,BK1166,低空经济,1280.020000
2025-04-11,BK0668,医疗器械,3334.160000
2025-04-14,BK1134,AI 算力,1463.860000
2025-04-14,BK1128,CPO,2214.890000
2025-04-14,BK0917,半导体,1541.610000
2025-04-14,BK1137,存储,1280.900000
2025-04-14,BK0922,数据中心,1594.120000
2025-04-14,BK0579,云计算,2844.060000
2025-04-14,BK0963,商业航天,1487.320000
2025-04-14,BK0921,卫星,1274.170000
2025-04-14,BK1090,机器人,1547.310000
2025-04-14,BK0802,自动驾驶,1612.720000
2025-04-14,BK0577,核电,2032.010000
2025-04-14,BK0490,军工,58940.660000
2025-04-14,BK0493,新能源,13524.250000
2025-04-14,BK0588,光伏,2909.300000
2025-04-14,BK0574,锂电池,2701.970000
2025-04-14,BK0464,石油,5263.020000
2025-04-14,BK0843,天然气,1258.510000
2025-04-14,BK0478,铜/有色,16075.520000
2025-04-14,BK0547,黄金,12531.150000
2025-04-14,BK0475,银行金融,3716.450000
2025-04-14,BK1216,生物医疗,3843.030000
2025-04-14,BK0438,消费,27730.460000
2025-04-14,BK0578,稀土永磁,2236.730000
2025-04-14,BK1106,创新药,1080.560000
2025-04-14,BK0710,量子计算,2253.810000
2025-04-14,BK0968,固态电池,1499.700000
2025-04-14,BK1166,低空经济,1297.850000
2025-04-14,BK0668,医疗器械,3397.270000
2025-04-15,BK1134,AI 算力,1460.950000
2025-04-15,BK1128,CPO,2200.810000
2025-04-15,BK0917,半导体,1530.710000
2025-04-15,BK1137,存储,1270.240000
2025-04-15,BK0922,数据中心,1591.850000
2025-04-15,BK0579,云计算,2831.230000
2025-04-15,BK0963,商业航天,1480.100000
2025-04-15,BK0921,卫星,1264.970000
2025-04-15,BK1090,机器人,1546.690000
2025-04-15,BK0802,自动驾驶,1600.670000
2025-04-15,BK0577,核电,2032.790000
2025-04-15,BK0490,军工,58581.260000
2025-04-15,BK0493,新能源,13552.390000
2025-04-15,BK0588,光伏,2911.900000
2025-04-15,BK0574,锂电池,2712.640000
2025-04-15,BK0464,石油,5224.180000
2025-04-15,BK0843,天然气,1259.640000
2025-04-15,BK0478,铜/有色,16028.990000
2025-04-15,BK0547,黄金,12520.870000
2025-04-15,BK0475,银行金融,3769.100000
2025-04-15,BK1216,生物医疗,3846.990000
2025-04-15,BK0438,消费,28058.290000
2025-04-15,BK0578,稀土永磁,2220.040000
2025-04-15,BK1106,创新药,1082.980000
2025-04-15,BK0710,量子计算,2230.800000
2025-04-15,BK0968,固态电池,1512.200000
2025-04-15,BK1166,低空经济,1289.870000
2025-04-15,BK0668,医疗器械,3401.330000
2025-04-16,BK1134,AI 算力,1429.920000
2025-04-16,BK1128,CPO,2153.380000
2025-04-16,BK0917,半导体,1510.160000
2025-04-16,BK1137,存储,1248.870000
2025-04-16,BK0922,数据中心,1558.900000
2025-04-16,BK0579,云计算,2779.280000
2025-04-16,BK0963,商业航天,1453.370000
2025-04-16,BK0921,卫星,1240.970000
2025-04-16,BK1090,机器人,1512.550000
2025-04-16,BK0802,自动驾驶,1571.070000
2025-04-16,BK0577,核电,1997.420000
2025-04-16,BK0490,军工,57566.530000
2025-04-16,BK0493,新能源,13384.370000
2025-04-16,BK0588,光伏,2865.780000
2025-04-16,BK0574,锂电池,2666.140000
2025-04-16,BK0464,石油,5182.160000
2025-04-16,BK0843,天然气,1247.570000
2025-04-16,BK0478,铜/有色,15758.300000
2025-04-16,BK0547,黄金,12529.940000
2025-04-16,BK0475,银行金融,3809.560000
2025-04-16,BK1216,生物医疗,3775.330000
2025-04-16,BK0438,消费,28294.330000
2025-04-16,BK0578,稀土永磁,2193.270000
2025-04-16,BK1106,创新药,1065.620000
2025-04-16,BK0710,量子计算,2191.020000
2025-04-16,BK0968,固态电池,1485.380000
2025-04-16,BK1166,低空经济,1270.070000
2025-04-16,BK0668,医疗器械,3343.560000
2025-04-17,BK1134,AI 算力,1429.630000
2025-04-17,BK1128,CPO,2149.670000
2025-04-17,BK0917,半导体,1517.960000
2025-04-17,BK1137,存储,1249.700000
2025-04-17,BK0922,数据中心,1560.770000
2025-04-17,BK0579,云计算,2784.500000
2025-04-17,BK0963,商业航天,1462.060000
2025-04-17,BK0921,卫星,1239.350000
2025-04-17,BK1090,机器人,1513.740000
2025-04-17,BK0802,自动驾驶,1573.220000
2025-04-17,BK0577,核电,2010.060000
2025-04-17,BK0490,军工,57710.430000
2025-04-17,BK0493,新能源,13405.750000
2025-04-17,BK0588,光伏,2874.270000
2025-04-17,BK0574,锂电池,2679.570000
2025-04-17,BK0464,石油,5198.560000
2025-04-17,BK0843,天然气,1253.040000
2025-04-17,BK0478,铜/有色,15787.350000
2025-04-17,BK0547,黄金,12552.860000
2025-04-17,BK0475,银行金融,3820.790000
2025-04-17,BK1216,生物医疗,3799.170000
2025-04-17,BK0438,消费,28765.330000
2025-04-17,BK0578,稀土永磁,2180.710000
2025-04-17,BK1106,创新药,1068.610000
2025-04-17,BK0710,量子计算,2190.030000
2025-04-17,BK0968,固态电池,1489.040000
2025-04-17,BK1166,低空经济,1274.380000
2025-04-17,BK0668,医疗器械,3354.670000
2025-04-18,BK1134,AI 算力,1433.980000
2025-04-18,BK1128,CPO,2190.250000
2025-04-18,BK0917,半导体,1511.570000
2025-04-18,BK1137,存储,1241.940000
2025-04-18,BK0922,数据中心,1568.710000
2025-04-18,BK0579,云计算,2790.090000
2025-04-18,BK0963,商业航天,1470.990000
2025-04-18,BK0921,卫星,1256.950000
2025-04-18,BK1090,机器人,1517.950000
2025-04-18,BK0802,自动驾驶,1585.340000
2025-04-18,BK0577,核电,2013.660000
2025-04-18,BK0490,军工,57837.850000
2025-04-18,BK0493,新能源,13384.320000
2025-04-18,BK0588,光伏,2869.100000
2025-04-18,BK0574,锂电池,2691.630000
2025-04-18,BK0464,石油,5193.610000
2025-04-18,BK0843,天然气,1254.190000
2025-04-18,BK0478,铜/有色,15888.710000
2025-04-18,BK0547,黄金,12472.350000
2025-04-18,BK0475,银行金融,3846.450000
2025-04-18,BK1216,生物医疗,3793.930000
2025-04-18,BK0438,消费,27890.780000
2025-04-18,BK0578,稀土永磁,2154.170000
2025-04-18,BK1106,创新药,1066.890000
2025-04-18,BK0710,量子计算,2214.190000
2025-04-18,BK0968,固态电池,1501.040000
2025-04-18,BK1166,低空经济,1282.490000
2025-04-18,BK0668,医疗器械,3351.830000
2025-04-21,BK1134,AI 算力,1471.450000
2025-04-21,BK1128,CPO,2239.780000
2025-04-21,BK0917,半导体,1539.590000
2025-04-21,BK1137,存储,1266.920000
2025-04-21,BK0922,数据中心,1606.430000
2025-04-21,BK0579,云计算,2870.740000
2025-04-21,BK0963,商业航天,1505.270000
2025-04-21,BK0921,卫星,1281.090000
2025-04-21,BK1090,机器人,1556.220000
2025-04-21,BK0802,自动驾驶,1619.860000
2025-04-21,BK0577,核电,2040.190000
2025-04-21,BK0490,军工,58974.640000
2025-04-21,BK0493,新能源,13579.690000
2025-04-21,BK0588,光伏,2914.850000
2025-04-21,BK0574,锂电池,2739.150000
2025-04-21,BK0464,石油,5229.360000
2025-04-21,BK0843,天然气,1270.350000
2025-04-21,BK0478,铜/有色,16299.970000
2025-04-21,BK0547,黄金,13040.700000
2025-04-21,BK0475,银行金融,3802.080000
2025-04-21,BK1216,生物医疗,3864.280000
2025-04-21,BK0438,消费,28321.310000
2025-04-21,BK0578,稀土永磁,2197.230000
2025-04-21,BK1106,创新药,1095.410000
2025-04-21,BK0710,量子计算,2260.750000
2025-04-21,BK0968,固态电池,1529.940000
2025-04-21,BK1166,低空经济,1310.400000
2025-04-21,BK0668,医疗器械,3412.480000
2025-04-22,BK1134,AI 算力,1453.100000
2025-04-22,BK1128,CPO,2236.010000
2025-04-22,BK0917,半导体,1537.880000
2025-04-22,BK1137,存储,1262.230000
2025-04-22,BK0922,数据中心,1594.490000
2025-04-22,BK0579,云计算,2848.820000
2025-04-22,BK0963,商业航天,1496.360000
2025-04-22,BK0921,卫星,1272.650000
2025-04-22,BK1090,机器人,1540.930000
2025-04-22,BK0802,自动驾驶,1612.320000
2025-04-22,BK0577,核电,2029.010000
2025-04-22,BK0490,军工,58707.130000
2025-04-22,BK0493,新能源,13543.150000
2025-04-22,BK0588,光伏,2909.090000
2025-04-22,BK0574,锂电池,2732.700000
2025-04-22,BK0464,石油,5227.590000
2025-04-22,BK0843,天然气,1273.390000
2025-04-22,BK0478,铜/有色,16322.460000
2025-04-22,BK0547,黄金,13203.110000
2025-04-22,BK0475,银行金融,3836.600000
2025-04-22,BK1216,生物医疗,3890.430000
2025-04-22,BK0438,消费,28427.650000
2025-04-22,BK0578,稀土永磁,2177.950000
2025-04-22,BK1106,创新药,1111.060000
2025-04-22,BK0710,量子计算,2256.790000
2025-04-22,BK0968,固态电池,1519.870000
2025-04-22,BK1166,低空经济,1304.470000
2025-04-22,BK0668,医疗器械,3420.320000
2025-04-23,BK1134,AI 算力,1471.080000
2025-04-23,BK1128,CPO,2285.180000
2025-04-23,BK0917,半导体,1548.840000
2025-04-23,BK1137,存储,1273.160000
2025-04-23,BK0922,数据中心,1616.770000
2025-04-23,BK0579,云计算,2873.890000
2025-04-23,BK0963,商业航天,1513.590000
2025-04-23,BK0921,卫星,1284.240000
2025-04-23,BK1090,机器人,1586.340000
2025-04-23,BK0802,自动驾驶,1648.880000
2025-04-23,BK0577,核电,2055.050000
2025-04-23,BK0490,军工,59427.040000
2025-04-23,BK0493,新能源,13639.490000
2025-04-23,BK0588,光伏,2930.870000
2025-04-23,BK0574,锂电池,2760.760000
2025-04-23,BK0464,石油,5256.040000
2025-04-23,BK0843,天然气,1278.940000
2025-04-23,BK0478,铜/有色,16408.750000
2025-04-23,BK0547,黄金,12743.900000
2025-04-23,BK0475,银行金融,3812.660000
2025-04-23,BK1216,生物医疗,3870.850000
2025-04-23,BK0438,消费,27731.460000
2025-04-23,BK0578,稀土永磁,2210.150000
2025-04-23,BK1106,创新药,1099.120000
2025-04-23,BK0710,量子计算,2272.820000
2025-04-23,BK0968,固态电池,1540.970000
2025-04-23,BK1166,低空经济,1329.670000
2025-04-23,BK0668,医疗器械,3436.860000
2025-04-24,BK1134,AI 算力,1432.600000
2025-04-24,BK1128,CPO,2234.530000
2025-04-24,BK0917,半导体,1523.870000
2025-04-24,BK1137,存储,1246.950000
2025-04-24,BK0922,数据中心,1579.430000
2025-04-24,BK0579,云计算,2797.570000
2025-04-24,BK0963,商业航天,1492.650000
2025-04-24,BK0921,卫星,1269.000000
2025-04-24,BK1090,机器人,1559.490000
2025-04-24,BK0802,自动驾驶,1623.580000
2025-04-24,BK0577,核电,2048.420000
2025-04-24,BK0490,军工,58619.390000
2025-04-24,BK0493,新能源,13640.060000
2025-04-24,BK0588,光伏,2909.370000
2025-04-24,BK0574,锂电池,2735.320000
2025-04-24,BK0464,石油,5241.970000
2025-04-24,BK0843,天然气,1281.540000
2025-04-24,BK0478,铜/有色,16234.400000
2025-04-24,BK0547,黄金,12605.220000
2025-04-24,BK0475,银行金融,3856.840000
2025-04-24,BK1216,生物医疗,3878.120000
2025-04-24,BK0438,消费,27882.840000
2025-04-24,BK0578,稀土永磁,2172.620000
2025-04-24,BK1106,创新药,1106.140000
2025-04-24,BK0710,量子计算,2215.890000
2025-04-24,BK0968,固态电池,1523.410000
2025-04-24,BK1166,低空经济,1312.290000
2025-04-24,BK0668,医疗器械,3410.250000
2025-04-25,BK1134,AI 算力,1443.230000
2025-04-25,BK1128,CPO,2273.700000
2025-04-25,BK0917,半导体,1525.760000
2025-04-25,BK1137,存储,1251.220000
2025-04-25,BK0922,数据中心,1589.770000
2025-04-25,BK0579,云计算,2819.130000
2025-04-25,BK0963,商业航天,1493.390000
2025-04-25,BK0921,卫星,1265.160000
2025-04-25,BK1090,机器人,1565.770000
2025-04-25,BK0802,自动驾驶,1631.540000
2025-04-25,BK0577,核电,2057.030000
2025-04-25,BK0490,军工,58713.240000
2025-04-25,BK0493,新能源,13781.200000
2025-04-25,BK0588,光伏,2928.570000
2025-04-25,BK0574,锂电池,2741.320000
2025-04-25,BK0464,石油,5229.440000
2025-04-25,BK0843,天然气,1287.770000
2025-04-25,BK0478,铜/有色,16353.690000
2025-04-25,BK0547,黄金,12600.650000
2025-04-25,BK0475,银行金融,3868.760000
2025-04-25,BK1216,生物医疗,3846.400000
2025-04-25,BK0438,消费,27587.190000
2025-04-25,BK0578,稀土永磁,2180.860000
2025-04-25,BK1106,创新药,1092.020000
2025-04-25,BK0710,量子计算,2225.260000
2025-04-25,BK0968,固态电池,1525.640000
2025-04-25,BK1166,低空经济,1311.220000
2025-04-25,BK0668,医疗器械,3405.960000
2025-04-28,BK1134,AI 算力,1437.360000
2025-04-28,BK1128,CPO,2250.140000
2025-04-28,BK0917,半导体,1509.860000
2025-04-28,BK1137,存储,1235.250000
2025-04-28,BK0922,数据中心,1581.080000
2025-04-28,BK0579,云计算,2799.160000
2025-04-28,BK0963,商业航天,1470.600000
2025-04-28,BK0921,卫星,1241.160000
2025-04-28,BK1090,机器人,1540.990000
2025-04-28,BK0802,自动驾驶,1609.820000
2025-04-28,BK0577,核电,2038.250000
2025-04-28,BK0490,军工,57853.610000
2025-04-28,BK0493,新能源,13683.730000
2025-04-28,BK0588,光伏,2898.660000
2025-04-28,BK0574,锂电池,2703.190000
2025-04-28,BK0464,石油,5183.840000
2025-04-28,BK0843,天然气,1272.840000
2025-04-28,BK0478,铜/有色,16213.990000
2025-04-28,BK0547,黄金,12500.520000
2025-04-28,BK0475,银行金融,3906.850000
2025-04-28,BK1216,生物医疗,3791.570000
2025-04-28,BK0438,消费,26726.640000
2025-04-28,BK0578,稀土永磁,2172.660000
2025-04-28,BK1106,创新药,1084.000000
2025-04-28,BK0710,量子计算,2191.210000
2025-04-28,BK0968,固态电池,1509.170000
2025-04-28,BK1166,低空经济,1289.270000
2025-04-28,BK0668,医疗器械,3354.840000
2025-04-29,BK1134,AI 算力,1453.660000
2025-04-29,BK1128,CPO,2267.760000
2025-04-29,BK0917,半导体,1524.220000
2025-04-29,BK1137,存储,1249.290000
2025-04-29,BK0922,数据中心,1593.080000
2025-04-29,BK0579,云计算,2821.090000
2025-04-29,BK0963,商业航天,1484.780000
2025-04-29,BK0921,卫星,1251.880000
2025-04-29,BK1090,机器人,1564.080000
2025-04-29,BK0802,自动驾驶,1625.020000
2025-04-29,BK0577,核电,2029.060000
2025-04-29,BK0490,军工,58302.760000
2025-04-29,BK0493,新能源,13648.330000
2025-04-29,BK0588,光伏,2901.020000
2025-04-29,BK0574,锂电池,2728.760000
2025-04-29,BK0464,石油,5220.840000
2025-04-29,BK0843,天然气,1270.840000
2025-04-29,BK0478,铜/有色,16318.120000
2025-04-29,BK0547,黄金,12540.410000
2025-04-29,BK0475,银行金融,3886.460000
2025-04-29,BK1216,生物医疗,3818.100000
2025-04-29,BK0438,消费,27015.400000
2025-04-29,BK0578,稀土永磁,2179.030000
2025-04-29,BK1106,创新药,1088.390000
2025-04-29,BK0710,量子计算,2195.500000
2025-04-29,BK0968,固态电池,1521.950000
2025-04-29,BK1166,低空经济,1299.980000
2025-04-29,BK0668,医疗器械,3393.640000
2025-04-30,BK1134,AI 算力,1489.990000
2025-04-30,BK1128,CPO,2302.090000
2025-04-30,BK0917,半导体,1547.030000
2025-04-30,BK1137,存储,1272.160000
2025-04-30,BK0922,数据中心,1621.510000
2025-04-30,BK0579,云计算,2887.250000
2025-04-30,BK0963,商业航天,1517.440000
2025-04-30,BK0921,卫星,1275.900000
2025-04-30,BK1090,机器人,1604.460000
2025-04-30,BK0802,自动驾驶,1664.340000
2025-04-30,BK0577,核电,2029.470000
2025-04-30,BK0490,军工,59182.420000
2025-04-30,BK0493,新能源,13715.350000
2025-04-30,BK0588,光伏,2920.050000
2025-04-30,BK0574,锂电池,2755.150000
2025-04-30,BK0464,石油,5263.680000
2025-04-30,BK0843,天然气,1270.650000
2025-04-30,BK0478,铜/有色,16306.450000
2025-04-30,BK0547,黄金,12443.610000
2025-04-30,BK0475,银行金融,3818.560000
2025-04-30,BK1216,生物医疗,3849.870000
2025-04-30,BK0438,消费,26860.800000
2025-04-30,BK0578,稀土永磁,2194.490000
2025-04-30,BK1106,创新药,1094.180000
2025-04-30,BK0710,量子计算,2227.170000
2025-04-30,BK0968,固态电池,1545.650000
2025-04-30,BK1166,低空经济,1321.470000
2025-04-30,BK0668,医疗器械,3444.790000
2025-05-06,BK1134,AI 算力,1547.930000
2025-05-06,BK1128,CPO,2405.690000
2025-05-06,BK0917,半导体,1596.760000
2025-05-06,BK1137,存储,1317.750000
2025-05-06,BK0922,数据中心,1684.320000
2025-05-06,BK0579,云计算,2992.810000
2025-05-06,BK0963,商业航天,1567.280000
2025-05-06,BK0921,卫星,1325.740000
2025-05-06,BK1090,机器人,1663.060000
2025-05-06,BK0802,自动驾驶,1718.900000
2025-05-06,BK0577,核电,2108.090000
2025-05-06,BK0490,军工,61244.540000
2025-05-06,BK0493,新能源,14116.700000
2025-05-06,BK0588,光伏,3013.320000
2025-05-06,BK0574,锂电池,2834.780000
2025-05-06,BK0464,石油,5321.030000
2025-05-06,BK0843,天然气,1299.060000
2025-05-06,BK0478,铜/有色,16803.560000
2025-05-06,BK0547,黄金,12795.670000
2025-05-06,BK0475,银行金融,3804.030000
2025-05-06,BK1216,生物医疗,3919.800000
2025-05-06,BK0438,消费,27330.610000
2025-05-06,BK0578,稀土永磁,2311.060000
2025-05-06,BK1106,创新药,1109.970000
2025-05-06,BK0710,量子计算,2312.380000
2025-05-06,BK0968,固态电池,1589.850000
2025-05-06,BK1166,低空经济,1362.360000
2025-05-06,BK0668,医疗器械,3530.720000
2025-05-07,BK1134,AI 算力,1541.780000
2025-05-07,BK1128,CPO,2400.570000
2025-05-07,BK0917,半导体,1601.740000
2025-05-07,BK1137,存储,1315.480000
2025-05-07,BK0922,数据中心,1685.670000
2025-05-07,BK0579,云计算,2990.190000
2025-05-07,BK0963,商业航天,1606.060000
2025-05-07,BK0921,卫星,1350.590000
2025-05-07,BK1090,机器人,1672.500000
2025-05-07,BK0802,自动驾驶,1729.350000
2025-05-07,BK0577,核电,2126.020000
2025-05-07,BK0490,军工,62643.090000
2025-05-07,BK0493,新能源,14224.760000
2025-05-07,BK0588,光伏,3029.810000
2025-05-07,BK0574,锂电池,2849.720000
2025-05-07,BK0464,石油,5381.710000
2025-05-07,BK0843,天然气,1314.400000
2025-05-07,BK0478,铜/有色,16898.310000
2025-05-07,BK0547,黄金,12853.070000
2025-05-07,BK0475,银行金融,3855.730000
2025-05-07,BK1216,生物医疗,3932.310000
2025-05-07,BK0438,消费,27765.420000
2025-05-07,BK0578,稀土永磁,2309.360000
2025-05-07,BK1106,创新药,1108.100000
2025-05-07,BK0710,量子计算,2328.940000
2025-05-07,BK0968,固态电池,1595.460000
2025-05-07,BK1166,低空经济,1381.770000
2025-05-07,BK0668,医疗器械,3555.100000
2025-05-08,BK1134,AI 算力,1556.200000
2025-05-08,BK1128,CPO,2477.610000
2025-05-08,BK0917,半导体,1617.260000
2025-05-08,BK1137,存储,1327.280000
2025-05-08,BK0922,数据中心,1706.110000
2025-05-08,BK0579,云计算,3023.760000
2025-05-08,BK0963,商业航天,1646.980000
2025-05-08,BK0921,卫星,1393.850000
2025-05-08,BK1090,机器人,1698.730000
2025-05-08,BK0802,自动驾驶,1754.650000
2025-05-08,BK0577,核电,2149.620000
2025-05-08,BK0490,军工,64040.990000
2025-05-08,BK0493,新能源,14388.410000
2025-05-08,BK0588,光伏,3069.510000
2025-05-08,BK0574,锂电池,2882.810000
2025-05-08,BK0464,石油,5385.850000
2025-05-08,BK0843,天然气,1323.620000
2025-05-08,BK0478,铜/有色,16996.470000
2025-05-08,BK0547,黄金,12792.650000
2025-05-08,BK0475,银行金融,3901.780000
2025-05-08,BK1216,生物医疗,3954.170000
2025-05-08,BK0438,消费,27759.560000
2025-05-08,BK0578,稀土永磁,2335.380000
2025-05-08,BK1106,创新药,1115.920000
2025-05-08,BK0710,量子计算,2368.100000
2025-05-08,BK0968,固态电池,1612.510000
2025-05-08,BK1166,低空经济,1408.270000
2025-05-08,BK0668,医疗器械,3584.240000
2025-05-09,BK1134,AI 算力,1523.310000
2025-05-09,BK1128,CPO,2435.130000
2025-05-09,BK0917,半导体,1586.220000
2025-05-09,BK1137,存储,1291.360000
2025-05-09,BK0922,数据中心,1676.630000
2025-05-09,BK0579,云计算,2963.590000
2025-05-09,BK0963,商业航天,1628.390000
2025-05-09,BK0921,卫星,1381.430000
2025-05-09,BK1090,机器人,1669.790000
2025-05-09,BK0802,自动驾驶,1728.250000
2025-05-09,BK0577,核电,2122.480000
2025-05-09,BK0490,军工,63233.830000
2025-05-09,BK0493,新能源,14302.890000
2025-05-09,BK0588,光伏,3035.310000
2025-05-09,BK0574,锂电池,2859.390000
2025-05-09,BK0464,石油,5358.130000
2025-05-09,BK0843,天然气,1314.060000
2025-05-09,BK0478,铜/有色,16807.970000
2025-05-09,BK0547,黄金,12736.310000
2025-05-09,BK0475,银行金融,3953.270000
2025-05-09,BK1216,生物医疗,3928.910000
2025-05-09,BK0438,消费,27793.070000
2025-05-09,BK0578,稀土永磁,2315.750000
2025-05-09,BK1106,创新药,1110.410000
2025-05-09,BK0710,量子计算,2329.650000
2025-05-09,BK0968,固态电池,1607.990000
2025-05-09,BK1166,低空经济,1391.260000
2025-05-09,BK0668,医疗器械,3556.750000
2025-05-12,BK1134,AI 算力,1550.110000
2025-05-12,BK1128,CPO,2483.760000
2025-05-12,BK0917,半导体,1613.740000
2025-05-12,BK1137,存储,1320.090000
2025-05-12,BK0922,数据中心,1701.060000
2025-05-12,BK0579,云计算,3012.750000
2025-05-12,BK0963,商业航天,1681.020000
2025-05-12,BK0921,卫星,1419.650000
2025-05-12,BK1090,机器人,1714.270000
2025-05-12,BK0802,自动驾驶,1761.550000
2025-05-12,BK0577,核电,2151.060000
2025-05-12,BK0490,军工,65247.180000
2025-05-12,BK0493,新能源,14468.910000
2025-05-12,BK0588,光伏,3082.610000
2025-05-12,BK0574,锂电池,2915.650000
2025-05-12,BK0464,石油,5399.160000
2025-05-12,BK0843,天然气,1322.490000
2025-05-12,BK0478,铜/有色,17079.040000
2025-05-12,BK0547,黄金,12734.490000
2025-05-12,BK0475,银行金融,3951.410000
2025-05-12,BK1216,生物医疗,3938.860000
2025-05-12,BK0438,消费,27734.320000
2025-05-12,BK0578,稀土永磁,2357.240000
2025-05-12,BK1106,创新药,1101.440000
2025-05-12,BK0710,量子计算,2375.200000
2025-05-12,BK0968,固态电池,1646.230000
2025-05-12,BK1166,低空经济,1430.630000
2025-05-12,BK0668,医疗器械,3599.550000
2025-05-13,BK1134,AI 算力,1541.540000
2025-05-13,BK1128,CPO,2460.570000
2025-05-13,BK0917,半导体,1601.680000
2025-05-13,BK1137,存储,1308.070000
2025-05-13,BK0922,数据中心,1690.040000
2025-05-13,BK0579,云计算,2992.520000
2025-05-13,BK0963,商业航天,1649.900000
2025-05-13,BK0921,卫星,1388.490000
2025-05-13,BK1090,机器人,1697.310000
2025-05-13,BK0802,自动驾驶,1744.820000
2025-05-13,BK0577,核电,2141.850000
2025-05-13,BK0490,军工,64179.420000
2025-05-13,BK0493,新能源,14517.090000
2025-05-13,BK0588,光伏,3094.870000
2025-05-13,BK0574,锂电池,2909.410000
2025-05-13,BK0464,石油,5401.730000
2025-05-13,BK0843,天然气,1322.370000
2025-05-13,BK0478,铜/有色,17033.750000
2025-05-13,BK0547,黄金,12810.760000
2025-05-13,BK0475,银行金融,4016.190000
2025-05-13,BK1216,生物医疗,3964.500000
2025-05-13,BK0438,消费,27728.360000
2025-05-13,BK0578,稀土永磁,2333.120000
2025-05-13,BK1106,创新药,1110.180000
2025-05-13,BK0710,量子计算,2353.310000
2025-05-13,BK0968,固态电池,1638.230000
2025-05-13,BK1166,低空经济,1411.630000
2025-05-13,BK0668,医疗器械,3607.070000
2025-05-14,BK1134,AI 算力,1555.920000
2025-05-14,BK1128,CPO,2475.520000
2025-05-14,BK0917,半导体,1602.960000
2025-05-14,BK1137,存储,1307.980000
2025-05-14,BK0922,数据中心,1699.200000
2025-05-14,BK0579,云计算,3014.840000
2025-05-14,BK0963,商业航天,1638.990000
2025-05-14,BK0921,卫星,1378.070000
2025-05-14,BK1090,机器人,1690.340000
2025-05-14,BK0802,自动驾驶,1739.680000
2025-05-14,BK0577,核电,2142.460000
2025-05-14,BK0490,军工,63989.860000
2025-05-14,BK0493,新能源,14515.950000
2025-05-14,BK0588,光伏,3092.730000
2025-05-14,BK0574,锂电池,2908.080000
2025-05-14,BK0464,石油,5443.720000
2025-05-14,BK0843,天然气,1325.690000
2025-05-14,BK0478,铜/有色,17117.920000
2025-05-14,BK0547,黄金,12782.460000
2025-05-14,BK0475,银行金融,4058.410000
2025-05-14,BK1216,生物医疗,3952.890000
2025-05-14,BK0438,消费,27761.270000
2025-05-14,BK0578,稀土永磁,2375.890000
2025-05-14,BK1106,创新药,1108.370000
2025-05-14,BK0710,量子计算,2350.960000
2025-05-14,BK0968,固态电池,1633.260000
2025-05-14,BK1166,低空经济,1408.150000
2025-05-14,BK0668,医疗器械,3597.740000
2025-05-15,BK1134,AI 算力,1514.660000
2025-05-15,BK1128,CPO,2412.870000
2025-05-15,BK0917,半导体,1575.030000
2025-05-15,BK1137,存储,1276.360000
2025-05-15,BK0922,数据中心,1658.620000
2025-05-15,BK0579,云计算,2941.000000
2025-05-15,BK0963,商业航天,1615.130000
2025-05-15,BK0921,卫星,1349.650000
2025-05-15,BK1090,机器人,1663.280000
2025-05-15,BK0802,自动驾驶,1709.700000
2025-05-15,BK0577,核电,2119.610000
2025-05-15,BK0490,军工,63078.950000
2025-05-15,BK0493,新能源,14366.610000
2025-05-15,BK0588,光伏,3054.630000
2025-05-15,BK0574,锂电池,2872.660000
2025-05-15,BK0464,石油,5436.170000
2025-05-15,BK0843,天然气,1319.070000
2025-05-15,BK0478,铜/有色,16948.640000
2025-05-15,BK0547,黄金,12633.280000
2025-05-15,BK0475,银行金融,4043.490000
2025-05-15,BK1216,生物医疗,3959.640000
2025-05-15,BK0438,消费,28228.480000
2025-05-15,BK0578,稀土永磁,2367.150000
2025-05-15,BK1106,创新药,1111.280000
2025-05-15,BK0710,量子计算,2294.140000
2025-05-15,BK0968,固态电池,1607.790000
2025-05-15,BK1166,低空经济,1388.870000
2025-05-15,BK0668,医疗器械,3579.790000
2025-05-16,BK1134,AI 算力,1519.690000
2025-05-16,BK1128,CPO,2439.830000
2025-05-16,BK0917,半导体,1584.750000
2025-05-16,BK1137,存储,1276.470000
2025-05-16,BK0922,数据中心,1665.510000
2025-05-16,BK0579,云计算,2941.350000
2025-05-16,BK0963,商业航天,1626.440000
2025-05-16,BK0921,卫星,1354.310000
2025-05-16,BK1090,机器人,1681.160000
2025-05-16,BK0802,自动驾驶,1735.360000
2025-05-16,BK0577,核电,2147.620000
2025-05-16,BK0490,军工,63421.730000
2025-05-16,BK0493,新能源,14422.440000
2025-05-16,BK0588,光伏,3071.240000
2025-05-16,BK0574,锂电池,2893.770000
2025-05-16,BK0464,石油,5394.420000
2025-05-16,BK0843,天然气,1322.380000
2025-05-16,BK0478,铜/有色,17052.200000
2025-05-16,BK0547,黄金,12706.540000
2025-05-16,BK0475,银行金融,4011.910000
2025-05-16,BK1216,生物医疗,4007.920000
2025-05-16,BK0438,消费,28169.930000
2025-05-16,BK0578,稀土永磁,2370.350000
2025-05-16,BK1106,创新药,1128.660000
2025-05-16,BK0710,量子计算,2301.230000
2025-05-16,BK0968,固态电池,1620.580000
2025-05-16,BK1166,低空经济,1400.250000
2025-05-16,BK0668,医疗器械,3604.980000
2025-05-19,BK1134,AI 算力,1530.480000
2025-05-19,BK1128,CPO,2433.540000
2025-05-19,BK0917,半导体,1596.550000
2025-05-19,BK1137,存储,1289.250000
2025-05-19,BK0922,数据中心,1679.950000
2025-05-19,BK0579,云计算,2963.180000
2025-05-19,BK0963,商业航天,1646.570000
2025-05-19,BK0921,卫星,1375.240000
2025-05-19,BK1090,机器人,1685.550000
2025-05-19,BK0802,自动驾驶,1748.080000
2025-05-19,BK0577,核电,2181.290000
2025-05-19,BK0490,军工,64144.260000
2025-05-19,BK0493,新能源,14562.560000
2025-05-19,BK0588,光伏,3103.170000
2025-05-19,BK0574,锂电池,2913.380000
2025-05-19,BK0464,石油,5446.540000
2025-05-19,BK0843,天然气,1335.450000
2025-05-19,BK0478,铜/有色,17205.480000
2025-05-19,BK0547,黄金,12820.600000
2025-05-19,BK0475,银行金融,4007.370000
2025-05-19,BK1216,生物医疗,4012.560000
2025-05-19,BK0438,消费,28857.850000
2025-05-19,BK0578,稀土永磁,2364.350000
2025-05-19,BK1106,创新药,1126.040000
2025-05-19,BK0710,量子计算,2326.430000
2025-05-19,BK0968,固态电池,1626.390000
2025-05-19,BK1166,低空经济,1414.960000
2025-05-19,BK0668,医疗器械,3629.160000
2025-05-20,BK1134,AI 算力,1544.680000
2025-05-20,BK1128,CPO,2435.500000
2025-05-20,BK0917,半导体,1611.580000
2025-05-20,BK1137,存储,1304.490000
2025-05-20,BK0922,数据中心,1696.420000
2025-05-20,BK0579,云计算,2992.880000
2025-05-20,BK0963,商业航天,1643.660000
2025-05-20,BK0921,卫星,1373.160000
2025-05-20,BK1090,机器人,1697.600000
2025-05-20,BK0802,自动驾驶,1760.020000
2025-05-20,BK0577,核电,2194.510000
2025-05-20,BK0490,军工,64339.780000
2025-05-20,BK0493,新能源,14692.660000
2025-05-20,BK0588,光伏,3136.420000
2025-05-20,BK0574,锂电池,2937.180000
2025-05-20,BK0464,石油,5498.590000
2025-05-20,BK0843,天然气,1348.470000
2025-05-20,BK0478,铜/有色,17345.900000
2025-05-20,BK0547,黄金,13023.240000
2025-05-20,BK0475,银行金融,4011.840000
2025-05-20,BK1216,生物医疗,4087.310000
2025-05-20,BK0438,消费,29490.460000
2025-05-20,BK0578,稀土永磁,2389.240000
2025-05-20,BK1106,创新药,1150.420000
2025-05-20,BK0710,量子计算,2333.390000
2025-05-20,BK0968,固态电池,1636.980000
2025-05-20,BK1166,低空经济,1420.920000
2025-05-20,BK0668,医疗器械,3674.730000
2025-05-21,BK1134,AI 算力,1521.930000
2025-05-21,BK1128,CPO,2411.110000
2025-05-21,BK0917,半导体,1599.420000
2025-05-21,BK1137,存储,1283.040000
2025-05-21,BK0922,数据中心,1680.930000
2025-05-21,BK0579,云计算,2968.300000
2025-05-21,BK0963,商业航天,1622.560000
2025-05-21,BK0921,卫星,1359.090000
2025-05-21,BK1090,机器人,1680.400000
2025-05-21,BK0802,自动驾驶,1749.670000
2025-05-21,BK0577,核电,2176.970000
2025-05-21,BK0490,军工,63689.000000
2025-05-21,BK0493,新能源,14667.230000
2025-05-21,BK0588,光伏,3121.420000
2025-05-21,BK0574,锂电池,2954.170000
2025-05-21,BK0464,石油,5512.070000
2025-05-21,BK0843,天然气,1347.450000
2025-05-21,BK0478,铜/有色,17384.110000
2025-05-21,BK0547,黄金,13309.360000
2025-05-21,BK0475,银行金融,4055.860000
2025-05-21,BK1216,生物医疗,4105.170000
2025-05-21,BK0438,消费,29260.270000
2025-05-21,BK0578,稀土永磁,2366.290000
2025-05-21,BK1106,创新药,1166.320000
2025-05-21,BK0710,量子计算,2306.210000
2025-05-21,BK0968,固态电池,1659.970000
2025-05-21,BK1166,低空经济,1415.150000
2025-05-21,BK0668,医疗器械,3659.690000
2025-05-22,BK1134,AI 算力,1508.610000
2025-05-22,BK1128,CPO,2383.640000
2025-05-22,BK0917,半导体,1580.600000
2025-05-22,BK1137,存储,1269.560000
2025-05-22,BK0922,数据中心,1664.990000
2025-05-22,BK0579,云计算,2943.080000
2025-05-22,BK0963,商业航天,1610.490000
2025-05-22,BK0921,卫星,1354.030000
2025-05-22,BK1090,机器人,1659.300000
2025-05-22,BK0802,自动驾驶,1731.120000
2025-05-22,BK0577,核电,2144.150000
2025-05-22,BK0490,军工,63166.580000
2025-05-22,BK0493,新能源,14468.260000
2025-05-22,BK0588,光伏,3078.370000
2025-05-22,BK0574,锂电池,2899.680000
2025-05-22,BK0464,石油,5466.430000
2025-05-22,BK0843,天然气,1328.580000
2025-05-22,BK0478,铜/有色,17108.300000
2025-05-22,BK0547,黄金,13154.840000
2025-05-22,BK0475,银行金融,4106.040000
2025-05-22,BK1216,生物医疗,4058.300000
2025-05-22,BK0438,消费,28596.390000
2025-05-22,BK0578,稀土永磁,2318.460000
2025-05-22,BK1106,创新药,1156.850000
2025-05-22,BK0710,量子计算,2281.290000
2025-05-22,BK0968,固态电池,1618.820000
2025-05-22,BK1166,低空经济,1398.110000
2025-05-22,BK0668,医疗器械,3607.520000
2025-05-23,BK1134,AI 算力,1472.360000
2025-05-23,BK1128,CPO,2345.150000
2025-05-23,BK0917,半导体,1561.650000
2025-05-23,BK1137,存储,1245.920000
2025-05-23,BK0922,数据中心,1634.700000
2025-05-23,BK0579,云计算,2878.990000
2025-05-23,BK0963,商业航天,1590.310000
2025-05-23,BK0921,卫星,1324.960000
2025-05-23,BK1090,机器人,1638.920000
2025-05-23,BK0802,自动驾驶,1710.720000
2025-05-23,BK0577,核电,2140.780000
2025-05-23,BK0490,军工,62479.100000
2025-05-23,BK0493,新能源,14283.240000
2025-05-23,BK0588,光伏,3040.530000
2025-05-23,BK0574,锂电池,2876.450000
2025-05-23,BK0464,石油,5417.020000
2025-05-23,BK0843,天然气,1313.390000
2025-05-23,BK0478,铜/有色,17027.450000
2025-05-23,BK0547,黄金,13147.520000
2025-05-23,BK0475,银行金融,4063.390000
2025-05-23,BK1216,生物医疗,4088.660000
2025-05-23,BK0438,消费,28185.670000
2025-05-23,BK0578,稀土永磁,2307.940000
2025-05-23,BK1106,创新药,1170.120000
2025-05-23,BK0710,量子计算,2255.080000
2025-05-23,BK0968,固态电池,1609.320000
2025-05-23,BK1166,低空经济,1377.170000
2025-05-23,BK0668,医疗器械,3605.640000
2025-05-26,BK1134,AI 算力,1504.240000
2025-05-26,BK1128,CPO,2383.580000
2025-05-26,BK0917,半导体,1582.860000
2025-05-26,BK1137,存储,1264.950000
2025-05-26,BK0922,数据中心,1660.900000
2025-05-26,BK0579,云计算,2931.050000
2025-05-26,BK0963,商业航天,1617.130000
2025-05-26,BK0921,卫星,1347.300000
2025-05-26,BK1090,机器人,1659.260000
2025-05-26,BK0802,自动驾驶,1729.210000
2025-05-26,BK0577,核电,2212.330000
2025-05-26,BK0490,军工,63497.230000
2025-05-26,BK0493,新能源,14459.000000
2025-05-26,BK0588,光伏,3078.690000
2025-05-26,BK0574,锂电池,2900.340000
2025-05-26,BK0464,石油,5464.290000
2025-05-26,BK0843,天然气,1328.540000
2025-05-26,BK0478,铜/有色,17170.220000
2025-05-26,BK0547,黄金,13270.680000
2025-05-26,BK0475,银行金融,4031.650000
2025-05-26,BK1216,生物医疗,4059.540000
2025-05-26,BK0438,消费,28674.870000
2025-05-26,BK0578,稀土永磁,2333.280000
2025-05-26,BK1106,创新药,1152.430000
2025-05-26,BK0710,量子计算,2274.530000
2025-05-26,BK0968,固态电池,1616.000000
2025-05-26,BK1166,低空经济,1394.080000
2025-05-26,BK0668,医疗器械,3610.060000
2025-05-27,BK1134,AI 算力,1491.810000
2025-05-27,BK1128,CPO,2348.420000
2025-05-27,BK0917,半导体,1572.050000
2025-05-27,BK1137,存储,1251.320000
2025-05-27,BK0922,数据中心,1651.160000
2025-05-27,BK0579,云计算,2906.150000
2025-05-27,BK0963,商业航天,1617.390000
2025-05-27,BK0921,卫星,1354.920000
2025-05-27,BK1090,机器人,1650.770000
2025-05-27,BK0802,自动驾驶,1720.490000
2025-05-27,BK0577,核电,2209.940000
2025-05-27,BK0490,军工,63560.860000
2025-05-27,BK0493,新能源,14484.040000
2025-05-27,BK0588,光伏,3076.160000
2025-05-27,BK0574,锂电池,2910.280000
2025-05-27,BK0464,石油,5502.130000
2025-05-27,BK0843,天然气,1333.360000
2025-05-27,BK0478,铜/有色,16975.330000
2025-05-27,BK0547,黄金,13233.730000
2025-05-27,BK0475,银行金融,4067.470000
2025-05-27,BK1216,生物医疗,4108.860000
2025-05-27,BK0438,消费,29326.540000
2025-05-27,BK0578,稀土永磁,2314.830000
2025-05-27,BK1106,创新药,1173.010000
2025-05-27,BK0710,量子计算,2271.340000
2025-05-27,BK0968,固态电池,1621.670000
2025-05-27,BK1166,低空经济,1391.210000
2025-05-27,BK0668,医疗器械,3628.800000
2025-05-28,BK1134,AI 算力,1489.810000
2025-05-28,BK1128,CPO,2375.910000
2025-05-28,BK0917,半导体,1559.520000
2025-05-28,BK1137,存储,1242.410000
2025-05-28,BK0922,数据中心,1647.070000
2025-05-28,BK0579,云计算,2892.820000
2025-05-28,BK0963,商业航天,1605.080000
2025-05-28,BK0921,卫星,1346.060000
2025-05-28,BK1090,机器人,1649.490000
2025-05-28,BK0802,自动驾驶,1725.650000
2025-05-28,BK0577,核电,2225.650000
2025-05-28,BK0490,军工,63298.810000
2025-05-28,BK0493,新能源,14500.410000
2025-05-28,BK0588,光伏,3063.940000
2025-05-28,BK0574,锂电池,2882.860000
2025-05-28,BK0464,石油,5448.750000
2025-05-28,BK0843,天然气,1335.540000
2025-05-28,BK0478,铜/有色,16976.760000
2025-05-28,BK0547,黄金,13365.560000
2025-05-28,BK0475,银行金融,4078.890000
2025-05-28,BK1216,生物医疗,4075.750000
2025-05-28,BK0438,消费,29578.700000
2025-05-28,BK0578,稀土永磁,2305.980000
2025-05-28,BK1106,创新药,1163.910000
2025-05-28,BK0710,量子计算,2263.250000
2025-05-28,BK0968,固态电池,1602.530000
2025-05-28,BK1166,低空经济,1384.720000
2025-05-28,BK0668,医疗器械,3608.300000
2025-05-29,BK1134,AI 算力,1532.240000
2025-05-29,BK1128,CPO,2421.280000
2025-05-29,BK0917,半导体,1589.180000
2025-05-29,BK1137,存储,1270.860000
2025-05-29,BK0922,数据中心,1690.860000
2025-05-29,BK0579,云计算,2991.940000
2025-05-29,BK0963,商业航天,1642.790000
2025-05-29,BK0921,卫星,1376.040000
2025-05-29,BK1090,机器人,1683.340000
2025-05-29,BK0802,自动驾驶,1789.990000
2025-05-29,BK0577,核电,2251.090000
2025-05-29,BK0490,军工,64490.830000
2025-05-29,BK0493,新能源,14684.610000
2025-05-29,BK0588,光伏,3108.540000
2025-05-29,BK0574,锂电池,2921.820000
2025-05-29,BK0464,石油,5452.840000
2025-05-29,BK0843,天然气,1348.190000
2025-05-29,BK0478,铜/有色,17123.840000
2025-05-29,BK0547,黄金,13278.110000
2025-05-29,BK0475,银行金融,4066.940000
2025-05-29,BK1216,生物医疗,4186.490000
2025-05-29,BK0438,消费,29411.070000
2025-05-29,BK0578,稀土永磁,2341.930000
2025-05-29,BK1106,创新药,1215.760000
2025-05-29,BK0710,量子计算,2320.080000
2025-05-29,BK0968,固态电池,1621.150000
2025-05-29,BK1166,低空经济,1421.270000
2025-05-29,BK0668,医疗器械,3679.780000
2025-05-30,BK1134,AI 算力,1503.630000
2025-05-30,BK1128,CPO,2375.070000
2025-05-30,BK0917,半导体,1558.210000
2025-05-30,BK1137,存储,1245.660000
2025-05-30,BK0922,数据中心,1666.720000
2025-05-30,BK0579,云计算,2934.250000
2025-05-30,BK0963,商业航天,1621.590000
2025-05-30,BK0921,卫星,1363.770000
2025-05-30,BK1090,机器人,1644.580000
2025-05-30,BK0802,自动驾驶,1745.890000
2025-05-30,BK0577,核电,2195.440000
2025-05-30,BK0490,军工,63524.440000
2025-05-30,BK0493,新能源,14510.020000
2025-05-30,BK0588,光伏,3059.660000
2025-05-30,BK0574,锂电池,2873.290000
2025-05-30,BK0464,石油,5398.490000
2025-05-30,BK0843,天然气,1333.810000
2025-05-30,BK0478,铜/有色,16891.740000
2025-05-30,BK0547,黄金,13125.350000
2025-05-30,BK0475,银行金融,4111.860000
2025-05-30,BK1216,生物医疗,4207.200000
2025-05-30,BK0438,消费,28972.210000
2025-05-30,BK0578,稀土永磁,2298.500000
2025-05-30,BK1106,创新药,1241.950000
2025-05-30,BK0710,量子计算,2286.840000
2025-05-30,BK0968,固态电池,1594.180000
2025-05-30,BK1166,低空经济,1407.410000
2025-05-30,BK0668,医疗器械,3657.880000
2025-06-03,BK1134,AI 算力,1504.420000
2025-06-03,BK1128,CPO,2373.730000
2025-06-03,BK0917,半导体,1564.160000
2025-06-03,BK1137,存储,1249.340000
2025-06-03,BK0922,数据中心,1672.900000
2025-06-03,BK0579,云计算,2940.020000
2025-06-03,BK0963,商业航天,1639.730000
2025-06-03,BK0921,卫星,1379.880000
2025-06-03,BK1090,机器人,1649.990000
2025-06-03,BK0802,自动驾驶,1741.030000
2025-06-03,BK0577,核电,2193.340000
2025-06-03,BK0490,军工,64026.480000
2025-06-03,BK0493,新能源,14545.290000
2025-06-03,BK0588,光伏,3065.300000
2025-06-03,BK0574,锂电池,2888.390000
2025-06-03,BK0464,石油,5422.980000
2025-06-03,BK0843,天然气,1341.770000
2025-06-03,BK0478,铜/有色,17083.450000
2025-06-03,BK0547,黄金,13500.380000
2025-06-03,BK0475,银行金融,4201.240000
2025-06-03,BK1216,生物医疗,4309.870000
2025-06-03,BK0438,消费,29614.600000
2025-06-03,BK0578,稀土永磁,2325.200000
2025-06-03,BK1106,创新药,1289.000000
2025-06-03,BK0710,量子计算,2299.250000
2025-06-03,BK0968,固态电池,1599.070000
2025-06-03,BK1166,低空经济,1416.270000
2025-06-03,BK0668,医疗器械,3714.250000
2025-06-04,BK1134,AI 算力,1529.890000
2025-06-04,BK1128,CPO,2446.200000
2025-06-04,BK0917,半导体,1577.890000
2025-06-04,BK1137,存储,1263.320000
2025-06-04,BK0922,数据中心,1692.370000
2025-06-04,BK0579,云计算,2970.670000
2025-06-04,BK0963,商业航天,1645.810000
2025-06-04,BK0921,卫星,1378.590000
2025-06-04,BK1090,机器人,1662.890000
2025-06-04,BK0802,自动驾驶,1756.130000
2025-06-04,BK0577,核电,2210.450000
2025-06-04,BK0490,军工,64283.090000
2025-06-04,BK0493,新能源,14656.220000
2025-06-04,BK0588,光伏,3093.160000
2025-06-04,BK0574,锂电池,2940.060000
2025-06-04,BK0464,石油,5497.340000
2025-06-04,BK0843,天然气,1355.370000
2025-06-04,BK0478,铜/有色,17338.390000
2025-06-04,BK0547,黄金,13845.370000
2025-06-04,BK0475,银行金融,4221.610000
2025-06-04,BK1216,生物医疗,4332.580000
2025-06-04,BK0438,消费,30390.520000
2025-06-04,BK0578,稀土永磁,2384.230000
2025-06-04,BK1106,创新药,1299.470000
2025-06-04,BK0710,量子计算,2314.630000
2025-06-04,BK0968,固态电池,1632.950000
2025-06-04,BK1166,低空经济,1421.670000
2025-06-04,BK0668,医疗器械,3744.330000
2025-06-05,BK1134,AI 算力,1562.560000
2025-06-05,BK1128,CPO,2535.020000
2025-06-05,BK0917,半导体,1596.490000
2025-06-05,BK1137,存储,1291.290000
2025-06-05,BK0922,数据中心,1730.880000
2025-06-05,BK0579,云计算,3043.330000
2025-06-05,BK0963,商业航天,1675.860000
2025-06-05,BK0921,卫星,1407.390000
2025-06-05,BK1090,机器人,1684.310000
2025-06-05,BK0802,自动驾驶,1778.110000
2025-06-05,BK0577,核电,2216.470000
2025-06-05,BK0490,军工,64783.030000
2025-06-05,BK0493,新能源,14736.720000
2025-06-05,BK0588,光伏,3107.920000
2025-06-05,BK0574,锂电池,2951.790000
2025-06-05,BK0464,石油,5481.460000
2025-06-05,BK0843,天然气,1352.330000
2025-06-05,BK0478,铜/有色,17365.050000
2025-06-05,BK0547,黄金,13647.510000
2025-06-05,BK0475,银行金融,4163.710000
2025-06-05,BK1216,生物医疗,4286.360000
2025-06-05,BK0438,消费,29629.300000
2025-06-05,BK0578,稀土永磁,2400.190000
2025-06-05,BK1106,创新药,1275.110000
2025-06-05,BK0710,量子计算,2359.500000
2025-06-05,BK0968,固态电池,1636.100000
2025-06-05,BK1166,低空经济,1433.330000
2025-06-05,BK0668,医疗器械,3740.670000
2025-06-06,BK1134,AI 算力,1571.880000
2025-06-06,BK1128,CPO,2553.730000
2025-06-06,BK0917,半导体,1597.440000
2025-06-06,BK1137,存储,1302.170000
2025-06-06,BK0922,数据中心,1739.410000
2025-06-06,BK0579,云计算,3058.540000
2025-06-06,BK0963,商业航天,1668.620000
2025-06-06,BK0921,卫星,1402.190000
2025-06-06,BK1090,机器人,1674.360000
2025-06-06,BK0802,自动驾驶,1770.450000
2025-06-06,BK0577,核电,2212.190000
2025-06-06,BK0490,军工,64729.100000
2025-06-06,BK0493,新能源,14753.590000
2025-06-06,BK0588,光伏,3110.320000
2025-06-06,BK0574,锂电池,2970.060000
2025-06-06,BK0464,石油,5550.530000
2025-06-06,BK0843,天然气,1360.420000
2025-06-06,BK0478,铜/有色,17699.010000
2025-06-06,BK0547,黄金,13777.840000
2025-06-06,BK0475,银行金融,4182.710000
2025-06-06,BK1216,生物医疗,4284.600000
2025-06-06,BK0438,消费,29384.110000
2025-06-06,BK0578,稀土永磁,2398.440000
2025-06-06,BK1106,创新药,1275.060000
2025-06-06,BK0710,量子计算,2370.220000
2025-06-06,BK0968,固态电池,1646.710000
2025-06-06,BK1166,低空经济,1429.860000
2025-06-06,BK0668,医疗器械,3732.450000
2025-06-09,BK1134,AI 算力,1590.250000
2025-06-09,BK1128,CPO,2585.950000
2025-06-09,BK0917,半导体,1611.620000
2025-06-09,BK1137,存储,1306.830000
2025-06-09,BK0922,数据中心,1755.030000
2025-06-09,BK0579,云计算,3094.330000
2025-06-09,BK0963,商业航天,1683.100000
2025-06-09,BK0921,卫星,1411.640000
2025-06-09,BK1090,机器人,1692.910000
2025-06-09,BK0802,自动驾驶,1781.780000
2025-06-09,BK0577,核电,2245.400000
2025-06-09,BK0490,军工,65529.820000
2025-06-09,BK0493,新能源,14919.670000
2025-06-09,BK0588,光伏,3140.670000
2025-06-09,BK0574,锂电池,3012.300000
2025-06-09,BK0464,石油,5586.390000
2025-06-09,BK0843,天然气,1371.540000
2025-06-09,BK0478,铜/有色,17790.750000
2025-06-09,BK0547,黄金,13804.180000
2025-06-09,BK0475,银行金融,4192.040000
2025-06-09,BK1216,生物医疗,4403.030000
2025-06-09,BK0438,消费,29651.120000
2025-06-09,BK0578,稀土永磁,2477.150000
2025-06-09,BK1106,创新药,1332.170000
2025-06-09,BK0710,量子计算,2394.450000
2025-06-09,BK0968,固态电池,1683.140000
2025-06-09,BK1166,低空经济,1446.890000
2025-06-09,BK0668,医疗器械,3796.320000
2025-06-10,BK1134,AI 算力,1565.360000
2025-06-10,BK1128,CPO,2559.320000
2025-06-10,BK0917,半导体,1584.240000
2025-06-10,BK1137,存储,1280.420000
2025-06-10,BK0922,数据中心,1733.670000
2025-06-10,BK0579,云计算,3041.680000
2025-06-10,BK0963,商业航天,1658.610000
2025-06-10,BK0921,卫星,1402.860000
2025-06-10,BK1090,机器人,1671.160000
2025-06-10,BK0802,自动驾驶,1755.120000
2025-06-10,BK0577,核电,2225.320000
2025-06-10,BK0490,军工,64573.890000
2025-06-10,BK0493,新能源,14811.830000
2025-06-10,BK0588,光伏,3112.970000
2025-06-10,BK0574,锂电池,2996.590000
2025-06-10,BK0464,石油,5565.650000
2025-06-10,BK0843,天然气,1363.070000
2025-06-10,BK0478,铜/有色,17667.400000
2025-06-10,BK0547,黄金,13747.840000
2025-06-10,BK0475,银行金融,4215.420000
2025-06-10,BK1216,生物医疗,4413.350000
2025-06-10,BK0438,消费,29599.560000
2025-06-10,BK0578,稀土永磁,2500.190000
2025-06-10,BK1106,创新药,1345.730000
2025-06-10,BK0710,量子计算,2352.860000
2025-06-10,BK0968,固态电池,1679.870000
2025-06-10,BK1166,低空经济,1424.120000
2025-06-10,BK0668,医疗器械,3771.920000
2025-06-11,BK1134,AI 算力,1567.050000
2025-06-11,BK1128,CPO,2553.490000
2025-06-11,BK0917,半导体,1595.010000
2025-06-11,BK1137,存储,1290.150000
2025-06-11,BK0922,数据中心,1735.800000
2025-06-11,BK0579,云计算,3051.700000
2025-06-11,BK0963,商业航天,1659.060000
2025-06-11,BK0921,卫星,1397.380000
2025-06-11,BK1090,机器人,1683.720000
2025-06-11,BK0802,自动驾驶,1767.970000
2025-06-11,BK0577,核电,2220.320000
2025-06-11,BK0490,军工,64896.840000
2025-06-11,BK0493,新能源,14838.380000
2025-06-11,BK0588,光伏,3123.640000
2025-06-11,BK0574,锂电池,3017.830000
2025-06-11,BK0464,石油,5578.270000
2025-06-11,BK0843,天然气,1365.780000
2025-06-11,BK0478,铜/有色,17919.810000
2025-06-11,BK0547,黄金,13898.750000
2025-06-11,BK0475,银行金融,4214.760000
2025-06-11,BK1216,生物医疗,4401.950000
2025-06-11,BK0438,消费,29589.460000
2025-06-11,BK0578,稀土永磁,2617.680000
2025-06-11,BK1106,创新药,1342.430000
2025-06-11,BK0710,量子计算,2362.190000
2025-06-11,BK0968,固态电池,1688.090000
2025-06-11,BK1166,低空经济,1434.060000
2025-06-11,BK0668,医疗器械,3780.160000
2025-06-12,BK1134,AI 算力,1566.020000
2025-06-12,BK1128,CPO,2593.150000
2025-06-12,BK0917,半导体,1592.700000
2025-06-12,BK1137,存储,1284.840000
2025-06-12,BK0922,数据中心,1736.030000
2025-06-12,BK0579,云计算,3058.670000
2025-06-12,BK0963,商业航天,1653.980000
2025-06-12,BK0921,卫星,1391.540000
2025-06-12,BK1090,机器人,1685.440000
2025-06-12,BK0802,自动驾驶,1770.800000
2025-06-12,BK0577,核电,2225.680000
2025-06-12,BK0490,军工,64885.810000
2025-06-12,BK0493,新能源,14800.680000
2025-06-12,BK0588,光伏,3114.690000
2025-06-12,BK0574,锂电池,3021.890000
2025-06-12,BK0464,石油,5587.460000
2025-06-12,BK0843,天然气,1366.410000
2025-06-12,BK0478,铜/有色,18016.060000
2025-06-12,BK0547,黄金,14103.580000
2025-06-12,BK0475,银行金融,4258.270000
2025-06-12,BK1216,生物医疗,4440.730000
2025-06-12,BK0438,消费,29544.410000
2025-06-12,BK0578,稀土永磁,2637.630000
2025-06-12,BK1106,创新药,1368.490000
2025-06-12,BK0710,量子计算,2398.890000
2025-06-12,BK0968,固态电池,1692.690000
2025-06-12,BK1166,低空经济,1433.140000
2025-06-12,BK0668,医疗器械,3792.380000
2025-06-13,BK1134,AI 算力,1529.090000
2025-06-13,BK1128,CPO,2549.260000
2025-06-13,BK0917,半导体,1573.450000
2025-06-13,BK1137,存储,1260.590000
2025-06-13,BK0922,数据中心,1697.520000
2025-06-13,BK0579,云计算,2986.550000
2025-06-13,BK0963,商业航天,1654.370000
2025-06-13,BK0921,卫星,1385.600000
2025-06-13,BK1090,机器人,1651.850000
2025-06-13,BK0802,自动驾驶,1732.910000
2025-06-13,BK0577,核电,2216.960000
2025-06-13,BK0490,军工,64827.740000
2025-06-13,BK0493,新能源,14636.200000
2025-06-13,BK0588,光伏,3064.720000
2025-06-13,BK0574,锂电池,2972.630000
2025-06-13,BK0464,石油,5723.690000
2025-06-13,BK0843,天然气,1386.170000
2025-06-13,BK0478,铜/有色,17810.070000
2025-06-13,BK0547,黄金,14181.040000
2025-06-13,BK0475,银行金融,4210.100000
2025-06-13,BK1216,生物医疗,4331.460000
2025-06-13,BK0438,消费,28730.520000
2025-06-13,BK0578,稀土永磁,2621.170000
2025-06-13,BK1106,创新药,1327.960000
2025-06-13,BK0710,量子计算,2361.740000
2025-06-13,BK0968,固态电池,1658.460000
2025-06-13,BK1166,低空经济,1419.380000
2025-06-13,BK0668,医疗器械,3713.840000
2025-06-16,BK1134,AI 算力,1555.220000
2025-06-16,BK1128,CPO,2609.240000
2025-06-16,BK0917,半导体,1585.960000
2025-06-16,BK1137,存储,1273.430000
2025-06-16,BK0922,数据中心,1724.160000
2025-06-16,BK0579,云计算,3048.920000
2025-06-16,BK0963,商业航天,1663.860000
2025-06-16,BK0921,卫星,1408.680000
2025-06-16,BK1090,机器人,1665.000000
2025-06-16,BK0802,自动驾驶,1750.530000
2025-06-16,BK0577,核电,2222.220000
2025-06-16,BK0490,军工,65226.250000
2025-06-16,BK0493,新能源,14754.590000
2025-06-16,BK0588,光伏,3090.820000
2025-06-16,BK0574,锂电池,2989.680000
2025-06-16,BK0464,石油,5814.910000
2025-06-16,BK0843,天然气,1401.700000
2025-06-16,BK0478,铜/有色,17774.170000
2025-06-16,BK0547,黄金,14089.140000
2025-06-16,BK0475,银行金融,4264.330000
2025-06-16,BK1216,生物医疗,4341.310000
2025-06-16,BK0438,消费,28807.310000
2025-06-16,BK0578,稀土永磁,2634.120000
2025-06-16,BK1106,创新药,1327.600000
2025-06-16,BK0710,量子计算,2398.500000
2025-06-16,BK0968,固态电池,1671.160000
2025-06-16,BK1166,低空经济,1431.210000
2025-06-16,BK0668,医疗器械,3724.660000
2025-06-17,BK1134,AI 算力,1544.680000
2025-06-17,BK1128,CPO,2588.530000
2025-06-17,BK0917,半导体,1585.270000
2025-06-17,BK1137,存储,1284.750000
2025-06-17,BK0922,数据中心,1721.090000
2025-06-17,BK0579,云计算,3032.780000
2025-06-17,BK0963,商业航天,1662.870000
2025-06-17,BK0921,卫星,1408.990000
2025-06-17,BK1090,机器人,1664.930000
2025-06-17,BK0802,自动驾驶,1746.220000
2025-06-17,BK0577,核电,2233.090000
2025-06-17,BK0490,军工,65235.670000
2025-06-17,BK0493,新能源,14800.320000
2025-06-17,BK0588,光伏,3093.550000
2025-06-17,BK0574,锂电池,3005.030000
2025-06-17,BK0464,石油,5829.040000
2025-06-17,BK0843,天然气,1425.390000
2025-06-17,BK0478,铜/有色,17776.380000
2025-06-17,BK0547,黄金,13975.230000
2025-06-17,BK0475,银行金融,4259.100000
2025-06-17,BK1216,生物医疗,4310.270000
2025-06-17,BK0438,消费,28731.510000
2025-06-17,BK0578,稀土永磁,2614.160000
2025-06-17,BK1106,创新药,1301.200000
2025-06-17,BK0710,量子计算,2392.730000
2025-06-17,BK0968,固态电池,1689.830000
2025-06-17,BK1166,低空经济,1427.530000
2025-06-17,BK0668,医疗器械,3733.340000
2025-06-18,BK1134,AI 算力,1545.010000
2025-06-18,BK1128,CPO,2656.660000
2025-06-18,BK0917,半导体,1597.770000
2025-06-18,BK1137,存储,1318.900000
2025-06-18,BK0922,数据中心,1720.820000
2025-06-18,BK0579,云计算,3030.970000
2025-06-18,BK0963,商业航天,1673.600000
2025-06-18,BK0921,卫星,1426.290000
2025-06-18,BK1090,机器人,1670.090000
2025-06-18,BK0802,自动驾驶,1757.550000
2025-06-18,BK0577,核电,2232.140000
2025-06-18,BK0490,军工,65714.740000
2025-06-18,BK0493,新能源,14746.250000
2025-06-18,BK0588,光伏,3087.710000
2025-06-18,BK0574,锂电池,2999.690000
2025-06-18,BK0464,石油,5738.570000
2025-06-18,BK0843,天然气,1421.250000
2025-06-18,BK0478,铜/有色,17746.730000
2025-06-18,BK0547,黄金,13891.420000
2025-06-18,BK0475,银行金融,4299.870000
2025-06-18,BK1216,生物医疗,4246.810000
2025-06-18,BK0438,消费,28341.060000
2025-06-18,BK0578,稀土永磁,2546.470000
2025-06-18,BK1106,创新药,1280.760000
2025-06-18,BK0710,量子计算,2399.170000
2025-06-18,BK0968,固态电池,1690.540000
2025-06-18,BK1166,低空经济,1426.550000
2025-06-18,BK0668,医疗器械,3697.990000
2025-06-19,BK1134,AI 算力,1517.040000
2025-06-19,BK1128,CPO,2625.400000
2025-06-19,BK0917,半导体,1579.560000
2025-06-19,BK1137,存储,1305.870000
2025-06-19,BK0922,数据中心,1686.800000
2025-06-19,BK0579,云计算,2973.000000
2025-06-19,BK0963,商业航天,1633.710000
2025-06-19,BK0921,卫星,1397.620000
2025-06-19,BK1090,机器人,1643.870000
2025-06-19,BK0802,自动驾驶,1729.860000
2025-06-19,BK0577,核电,2176.020000
2025-06-19,BK0490,军工,64381.410000
2025-06-19,BK0493,新能源,14450.170000
2025-06-19,BK0588,光伏,3033.900000
2025-06-19,BK0574,锂电池,2967.900000
2025-06-19,BK0464,石油,5875.270000
2025-06-19,BK0843,天然气,1425.760000
2025-06-19,BK0478,铜/有色,17337.670000
2025-06-19,BK0547,黄金,13547.550000
2025-06-19,BK0475,银行金融,4288.510000
2025-06-19,BK1216,生物医疗,4151.830000
2025-06-19,BK0438,消费,27750.630000
2025-06-19,BK0578,稀土永磁,2486.530000
2025-06-19,BK1106,创新药,1249.080000
2025-06-19,BK0710,量子计算,2353.930000
2025-06-19,BK0968,固态电池,1677.680000
2025-06-19,BK1166,低空经济,1400.330000
2025-06-19,BK0668,医疗器械,3631.800000
2025-06-20,BK1134,AI 算力,1497.240000
2025-06-20,BK1128,CPO,2611.820000
2025-06-20,BK0917,半导体,1582.120000
2025-06-20,BK1137,存储,1297.090000
2025-06-20,BK0922,数据中心,1661.320000
2025-06-20,BK0579,云计算,2917.470000
2025-06-20,BK0963,商业航天,1609.020000
2025-06-20,BK0921,卫星,1376.220000
2025-06-20,BK1090,机器人,1617.800000
2025-06-20,BK0802,自动驾驶,1708.250000
2025-06-20,BK0577,核电,2152.250000
2025-06-20,BK0490,军工,63504.480000
2025-06-20,BK0493,新能源,14349.930000
2025-06-20,BK0588,光伏,3026.910000
2025-06-20,BK0574,锂电池,2978.000000
2025-06-20,BK0464,石油,5753.390000
2025-06-20,BK0843,天然气,1403.910000
2025-06-20,BK0478,铜/有色,17214.680000
2025-06-20,BK0547,黄金,13448.710000
2025-06-20,BK0475,银行金融,4338.520000
2025-06-20,BK1216,生物医疗,4147.550000
2025-06-20,BK0438,消费,27618.920000
2025-06-20,BK0578,稀土永磁,2489.230000
2025-06-20,BK1106,创新药,1245.770000
2025-06-20,BK0710,量子计算,2314.900000
2025-06-20,BK0968,固态电池,1688.880000
2025-06-20,BK1166,低空经济,1381.110000
2025-06-20,BK0668,医疗器械,3605.800000
2025-06-23,BK1134,AI 算力,1522.310000
2025-06-23,BK1128,CPO,2630.070000
2025-06-23,BK0917,半导体,1611.230000
2025-06-23,BK1137,存储,1325.120000
2025-06-23,BK0922,数据中心,1694.980000
2025-06-23,BK0579,云计算,2985.950000
2025-06-23,BK0963,商业航天,1645.700000
2025-06-23,BK0921,卫星,1410.600000
2025-06-23,BK1090,机器人,1642.590000
2025-06-23,BK0802,自动驾驶,1737.240000
2025-06-23,BK0577,核电,2186.960000
2025-06-23,BK0490,军工,64861.000000
2025-06-23,BK0493,新能源,14536.830000
2025-06-23,BK0588,光伏,3062.400000
2025-06-23,BK0574,锂电池,3047.790000
2025-06-23,BK0464,石油,5937.500000
2025-06-23,BK0843,天然气,1431.330000
2025-06-23,BK0478,铜/有色,17471.640000
2025-06-23,BK0547,黄金,13648.840000
2025-06-23,BK0475,银行金融,4381.320000
2025-06-23,BK1216,生物医疗,4213.890000
2025-06-23,BK0438,消费,27760.240000
2025-06-23,BK0578,稀土永磁,2523.520000
2025-06-23,BK1106,创新药,1268.080000
2025-06-23,BK0710,量子计算,2374.730000
2025-06-23,BK0968,固态电池,1736.020000
2025-06-23,BK1166,低空经济,1408.510000
2025-06-23,BK0668,医疗器械,3671.050000
2025-06-24,BK1134,AI 算力,1558.590000
2025-06-24,BK1128,CPO,2677.400000
2025-06-24,BK0917,半导体,1644.550000
2025-06-24,BK1137,存储,1352.150000
2025-06-24,BK0922,数据中心,1737.080000
2025-06-24,BK0579,云计算,3055.550000
2025-06-24,BK0963,商业航天,1670.910000
2025-06-24,BK0921,卫星,1427.200000
2025-06-24,BK1090,机器人,1695.840000
2025-06-24,BK0802,自动驾驶,1798.890000
2025-06-24,BK0577,核电,2224.210000
2025-06-24,BK0490,军工,65702.530000
2025-06-24,BK0493,新能源,14808.450000
2025-06-24,BK0588,光伏,3126.630000
2025-06-24,BK0574,锂电池,3148.100000
2025-06-24,BK0464,石油,5733.850000
2025-06-24,BK0843,天然气,1404.990000
2025-06-24,BK0478,铜/有色,17812.440000
2025-06-24,BK0547,黄金,13671.280000
2025-06-24,BK0475,银行金融,4378.370000
2025-06-24,BK1216,生物医疗,4274.740000
2025-06-24,BK0438,消费,28212.830000
2025-06-24,BK0578,稀土永磁,2566.270000
2025-06-24,BK1106,创新药,1284.800000
2025-06-24,BK0710,量子计算,2419.530000
2025-06-24,BK0968,固态电池,1811.510000
2025-06-24,BK1166,低空经济,1441.250000
2025-06-24,BK0668,医疗器械,3739.120000
2025-06-25,BK1134,AI 算力,1582.420000
2025-06-25,BK1128,CPO,2695.240000
2025-06-25,BK0917,半导体,1669.590000
2025-06-25,BK1137,存储,1367.910000
2025-06-25,BK0922,数据中心,1761.730000
2025-06-25,BK0579,云计算,3112.490000
2025-06-25,BK0963,商业航天,1709.170000
2025-06-25,BK0921,卫星,1445.650000
2025-06-25,BK1090,机器人,1719.040000
2025-06-25,BK0802,自动驾驶,1826.710000
2025-06-25,BK0577,核电,2254.950000
2025-06-25,BK0490,军工,67190.950000
2025-06-25,BK0493,新能源,14928.620000
2025-06-25,BK0588,光伏,3149.300000
2025-06-25,BK0574,锂电池,3180.580000
2025-06-25,BK0464,石油,5650.840000
2025-06-25,BK0843,天然气,1402.710000
2025-06-25,BK0478,铜/有色,17905.640000
2025-06-25,BK0547,黄金,13731.830000
2025-06-25,BK0475,银行金融,4406.980000
2025-06-25,BK1216,生物医疗,4279.820000
2025-06-25,BK0438,消费,28406.650000
2025-06-25,BK0578,稀土永磁,2579.490000
2025-06-25,BK1106,创新药,1282.180000
2025-06-25,BK0710,量子计算,2466.350000
2025-06-25,BK0968,固态电池,1835.620000
2025-06-25,BK1166,低空经济,1463.380000
2025-06-25,BK0668,医疗器械,3758.600000
2025-06-26,BK1134,AI 算力,1588.720000
2025-06-26,BK1128,CPO,2717.060000
2025-06-26,BK0917,半导体,1660.910000
2025-06-26,BK1137,存储,1362.760000
2025-06-26,BK0922,数据中心,1765.550000
2025-06-26,BK0579,云计算,3124.810000
2025-06-26,BK0963,商业航天,1719.110000
2025-06-26,BK0921,卫星,1455.310000
2025-06-26,BK1090,机器人,1712.400000
2025-06-26,BK0802,自动驾驶,1813.780000
2025-06-26,BK0577,核电,2254.840000
2025-06-26,BK0490,军工,67682.400000
2025-06-26,BK0493,新能源,14925.470000
2025-06-26,BK0588,光伏,3139.860000
2025-06-26,BK0574,锂电池,3166.910000
2025-06-26,BK0464,石油,5704.810000
2025-06-26,BK0843,天然气,1407.900000
2025-06-26,BK0478,铜/有色,17927.910000
2025-06-26,BK0547,黄金,13756.480000
2025-06-26,BK0475,银行金融,4469.040000
2025-06-26,BK1216,生物医疗,4245.070000
2025-06-26,BK0438,消费,28366.450000
2025-06-26,BK0578,稀土永磁,2553.050000
2025-06-26,BK1106,创新药,1265.930000
2025-06-26,BK0710,量子计算,2480.920000
2025-06-26,BK0968,固态电池,1831.050000
2025-06-26,BK1166,低空经济,1468.130000
2025-06-26,BK0668,医疗器械,3740.050000
2025-06-27,BK1134,AI 算力,1602.050000
2025-06-27,BK1128,CPO,2786.530000
2025-06-27,BK0917,半导体,1675.820000
2025-06-27,BK1137,存储,1384.050000
2025-06-27,BK0922,数据中心,1774.460000
2025-06-27,BK0579,云计算,3126.500000
2025-06-27,BK0963,商业航天,1727.110000
2025-06-27,BK0921,卫星,1472.970000
2025-06-27,BK1090,机器人,1720.220000
2025-06-27,BK0802,自动驾驶,1823.770000
2025-06-27,BK0577,核电,2261.390000
2025-06-27,BK0490,军工,68060.630000
2025-06-27,BK0493,新能源,14978.470000
2025-06-27,BK0588,光伏,3155.370000
2025-06-27,BK0574,锂电池,3183.430000
2025-06-27,BK0464,石油,5674.750000
2025-06-27,BK0843,天然气,1402.310000
2025-06-27,BK0478,铜/有色,18434.410000
2025-06-27,BK0547,黄金,13971.990000
2025-06-27,BK0475,银行金融,4349.040000
2025-06-27,BK1216,生物医疗,4274.500000
2025-06-27,BK0438,消费,28421.380000
2025-06-27,BK0578,稀土永磁,2586.690000
2025-06-27,BK1106,创新药,1277.510000
2025-06-27,BK0710,量子计算,2484.610000
2025-06-27,BK0968,固态电池,1830.980000
2025-06-27,BK1166,低空经济,1470.100000
2025-06-27,BK0668,医疗器械,3761.210000
2025-06-30,BK1134,AI 算力,1623.350000
2025-06-30,BK1128,CPO,2850.690000
2025-06-30,BK0917,半导体,1708.040000
2025-06-30,BK1137,存储,1403.520000
2025-06-30,BK0922,数据中心,1797.300000
2025-06-30,BK0579,云计算,3160.960000
2025-06-30,BK0963,商业航天,1773.410000
2025-06-30,BK0921,卫星,1505.490000
2025-06-30,BK1090,机器人,1750.730000
2025-06-30,BK0802,自动驾驶,1853.580000
2025-06-30,BK0577,核电,2297.700000
2025-06-30,BK0490,军工,69962.310000
2025-06-30,BK0493,新能源,15200.010000
2025-06-30,BK0588,光伏,3203.810000
2025-06-30,BK0574,锂电池,3218.540000
2025-06-30,BK0464,石油,5698.590000
2025-06-30,BK0843,天然气,1416.540000
2025-06-30,BK0478,铜/有色,18498.140000
2025-06-30,BK0547,黄金,14097.400000
2025-06-30,BK0475,银行金融,4317.610000
2025-06-30,BK1216,生物医疗,4338.070000
2025-06-30,BK0438,消费,28553.750000
2025-06-30,BK0578,稀土永磁,2651.490000
2025-06-30,BK1106,创新药,1297.360000
2025-06-30,BK0710,量子计算,2518.740000
2025-06-30,BK0968,固态电池,1850.160000
2025-06-30,BK1166,低空经济,1500.190000
2025-06-30,BK0668,医疗器械,3823.070000
2025-07-01,BK1134,AI 算力,1615.390000
2025-07-01,BK1128,CPO,2845.510000
2025-07-01,BK0917,半导体,1720.910000
2025-07-01,BK1137,存储,1407.940000
2025-07-01,BK0922,数据中心,1788.590000
2025-07-01,BK0579,云计算,3139.990000
2025-07-01,BK0963,商业航天,1769.550000
2025-07-01,BK0921,卫星,1497.970000
2025-07-01,BK1090,机器人,1752.240000
2025-07-01,BK0802,自动驾驶,1846.280000
2025-07-01,BK0577,核电,2316.890000
2025-07-01,BK0490,军工,70059.880000
2025-07-01,BK0493,新能源,15324.250000
2025-07-01,BK0588,光伏,3219.290000
2025-07-01,BK0574,锂电池,3224.220000
2025-07-01,BK0464,石油,5711.240000
2025-07-01,BK0843,天然气,1419.440000
2025-07-01,BK0478,铜/有色,18785.070000
2025-07-01,BK0547,黄金,14274.000000
2025-07-01,BK0475,银行金融,4396.940000
2025-07-01,BK1216,生物医疗,4431.940000
2025-07-01,BK0438,消费,28693.410000
2025-07-01,BK0578,稀土永磁,2645.150000
2025-07-01,BK1106,创新药,1339.860000
2025-07-01,BK0710,量子计算,2505.140000
2025-07-01,BK0968,固态电池,1846.210000
2025-07-01,BK1166,低空经济,1495.580000
2025-07-01,BK0668,医疗器械,3861.410000
2025-07-02,BK1134,AI 算力,1593.700000
2025-07-02,BK1128,CPO,2781.530000
2025-07-02,BK0917,半导体,1694.030000
2025-07-02,BK1137,存储,1377.660000
2025-07-02,BK0922,数据中心,1776.050000
2025-07-02,BK0579,云计算,3099.840000
2025-07-02,BK0963,商业航天,1745.510000
2025-07-02,BK0921,卫星,1473.320000
2025-07-02,BK1090,机器人,1733.390000
2025-07-02,BK0802,自动驾驶,1818.960000
2025-07-02,BK0577,核电,2345.750000
2025-07-02,BK0490,军工,69282.770000
2025-07-02,BK0493,新能源,15430.590000
2025-07-02,BK0588,光伏,3244.430000
2025-07-02,BK0574,锂电池,3202.430000
2025-07-02,BK0464,石油,5692.690000
2025-07-02,BK0843,天然气,1426.450000
2025-07-02,BK0478,铜/有色,18926.580000
2025-07-02,BK0547,黄金,14300.800000
2025-07-02,BK0475,银行金融,4424.790000
2025-07-02,BK1216,生物医疗,4392.450000
2025-07-02,BK0438,消费,28847.040000
2025-07-02,BK0578,稀土永磁,2630.080000
2025-07-02,BK1106,创新药,1322.640000
2025-07-02,BK0710,量子计算,2454.610000
2025-07-02,BK0968,固态电池,1827.690000
2025-07-02,BK1166,低空经济,1480.110000
2025-07-02,BK0668,医疗器械,3828.090000
2025-07-03,BK1134,AI 算力,1605.010000
2025-07-03,BK1128,CPO,2849.070000
2025-07-03,BK0917,半导体,1703.080000
2025-07-03,BK1137,存储,1403.850000
2025-07-03,BK0922,数据中心,1783.370000
2025-07-03,BK0579,云计算,3117.050000
2025-07-03,BK0963,商业航天,1765.800000
2025-07-03,BK0921,卫星,1500.580000
2025-07-03,BK1090,机器人,1744.840000
2025-07-03,BK0802,自动驾驶,1839.220000
2025-07-03,BK0577,核电,2332.180000
2025-07-03,BK0490,军工,69449.230000
2025-07-03,BK0493,新能源,15441.870000
2025-07-03,BK0588,光伏,3255.150000
2025-07-03,BK0574,锂电池,3236.860000
2025-07-03,BK0464,石油,5691.720000
2025-07-03,BK0843,天然气,1424.390000
2025-07-03,BK0478,铜/有色,18955.460000
2025-07-03,BK0547,黄金,14414.020000
2025-07-03,BK0475,银行金融,4427.860000
2025-07-03,BK1216,生物医疗,4461.740000
2025-07-03,BK0438,消费,28836.900000
2025-07-03,BK0578,稀土永磁,2649.100000
2025-07-03,BK1106,创新药,1361.690000
2025-07-03,BK0710,量子计算,2471.090000
2025-07-03,BK0968,固态电池,1862.590000
2025-07-03,BK1166,低空经济,1489.300000
2025-07-03,BK0668,医疗器械,3856.130000
2025-07-04,BK1134,AI 算力,1597.490000
2025-07-04,BK1128,CPO,2803.550000
2025-07-04,BK0917,半导体,1679.700000
2025-07-04,BK1137,存储,1391.310000
2025-07-04,BK0922,数据中心,1776.130000
2025-07-04,BK0579,云计算,3120.110000
2025-07-04,BK0963,商业航天,1733.440000
2025-07-04,BK0921,卫星,1473.450000
2025-07-04,BK1090,机器人,1722.280000
2025-07-04,BK0802,自动驾驶,1819.250000
2025-07-04,BK0577,核电,2315.280000
2025-07-04,BK0490,军工,68520.970000
2025-07-04,BK0493,新能源,15386.940000
2025-07-04,BK0588,光伏,3228.580000
2025-07-04,BK0574,锂电池,3173.640000
2025-07-04,BK0464,石油,5632.090000
2025-07-04,BK0843,天然气,1414.740000
2025-07-04,BK0478,铜/有色,18592.290000
2025-07-04,BK0547,黄金,14216.720000
2025-07-04,BK0475,银行金融,4500.760000
2025-07-04,BK1216,生物医疗,4468.700000
2025-07-04,BK0438,消费,28578.990000
2025-07-04,BK0578,稀土永磁,2591.590000
2025-07-04,BK1106,创新药,1376.660000
2025-07-04,BK0710,量子计算,2456.520000
2025-07-04,BK0968,固态电池,1820.610000
2025-07-04,BK1166,低空经济,1470.230000
2025-07-04,BK0668,医疗器械,3840.480000
2025-07-07,BK1134,AI 算力,1599.900000
2025-07-07,BK1128,CPO,2778.120000
2025-07-07,BK0917,半导体,1678.430000
2025-07-07,BK1137,存储,1381.190000
2025-07-07,BK0922,数据中心,1787.380000
2025-07-07,BK0579,云计算,3131.210000
2025-07-07,BK0963,商业航天,1733.290000
2025-07-07,BK0921,卫星,1467.930000
2025-07-07,BK1090,机器人,1725.720000
2025-07-07,BK0802,自动驾驶,1814.460000
2025-07-07,BK0577,核电,2350.500000
2025-07-07,BK0490,军工,68816.770000
2025-07-07,BK0493,新能源,15619.380000
2025-07-07,BK0588,光伏,3261.120000
2025-07-07,BK0574,锂电池,3188.380000
2025-07-07,BK0464,石油,5655.880000
2025-07-07,BK0843,天然气,1431.480000
2025-07-07,BK0478,铜/有色,18601.150000
2025-07-07,BK0547,黄金,14326.770000
2025-07-07,BK0475,银行金融,4529.500000
2025-07-07,BK1216,生物医疗,4456.010000
2025-07-07,BK0438,消费,28746.420000
2025-07-07,BK0578,稀土永磁,2621.450000
2025-07-07,BK1106,创新药,1365.110000
2025-07-07,BK0710,量子计算,2458.420000
2025-07-07,BK0968,固态电池,1826.250000
2025-07-07,BK1166,低空经济,1474.960000
2025-07-07,BK0668,医疗器械,3854.120000
2025-07-08,BK1134,AI 算力,1627.500000
2025-07-08,BK1128,CPO,2860.050000
2025-07-08,BK0917,半导体,1707.480000
2025-07-08,BK1137,存储,1401.260000
2025-07-08,BK0922,数据中心,1817.890000
2025-07-08,BK0579,云计算,3191.000000
2025-07-08,BK0963,商业航天,1754.900000
2025-07-08,BK0921,卫星,1491.020000
2025-07-08,BK1090,机器人,1748.850000
2025-07-08,BK0802,自动驾驶,1840.190000
2025-07-08,BK0577,核电,2362.920000
2025-07-08,BK0490,军工,69543.200000
2025-07-08,BK0493,新能源,15813.160000
2025-07-08,BK0588,光伏,3327.770000
2025-07-08,BK0574,锂电池,3234.850000
2025-07-08,BK0464,石油,5712.580000
2025-07-08,BK0843,天然气,1438.370000
2025-07-08,BK0478,铜/有色,18939.360000
2025-07-08,BK0547,黄金,14501.300000
2025-07-08,BK0475,银行金融,4508.740000
2025-07-08,BK1216,生物医疗,4485.070000
2025-07-08,BK0438,消费,28863.400000
2025-07-08,BK0578,稀土永磁,2682.020000
2025-07-08,BK1106,创新药,1373.180000
2025-07-08,BK0710,量子计算,2491.080000
2025-07-08,BK0968,固态电池,1851.060000
2025-07-08,BK1166,低空经济,1492.920000
2025-07-08,BK0668,医疗器械,3890.570000
2025-07-09,BK1134,AI 算力,1620.650000
2025-07-09,BK1128,CPO,2852.530000
2025-07-09,BK0917,半导体,1692.400000
2025-07-09,BK1137,存储,1379.790000
2025-07-09,BK0922,数据中心,1808.150000
2025-07-09,BK0579,云计算,3182.090000
2025-07-09,BK0963,商业航天,1747.320000
2025-07-09,BK0921,卫星,1483.380000
2025-07-09,BK1090,机器人,1744.960000
2025-07-09,BK0802,自动驾驶,1832.730000
2025-07-09,BK0577,核电,2354.380000
2025-07-09,BK0490,军工,69222.730000
2025-07-09,BK0493,新能源,15765.500000
2025-07-09,BK0588,光伏,3316.250000
2025-07-09,BK0574,锂电池,3213.550000
2025-07-09,BK0464,石油,5748.260000
2025-07-09,BK0843,天然气,1441.080000
2025-07-09,BK0478,铜/有色,18710.400000
2025-07-09,BK0547,黄金,14344.380000
2025-07-09,BK0475,银行金融,4552.970000
2025-07-09,BK1216,生物医疗,4481.500000
2025-07-09,BK0438,消费,28872.430000
2025-07-09,BK0578,稀土永磁,2641.870000
2025-07-09,BK1106,创新药,1375.730000
2025-07-09,BK0710,量子计算,2489.580000
2025-07-09,BK0968,固态电池,1832.030000
2025-07-09,BK1166,低空经济,1491.020000
2025-07-09,BK0668,医疗器械,3884.230000
2025-07-10,BK1134,AI 算力,1622.510000
2025-07-10,BK1128,CPO,2856.110000
2025-07-10,BK0917,半导体,1691.350000
2025-07-10,BK1137,存储,1368.820000
2025-07-10,BK0922,数据中心,1804.480000
2025-07-10,BK0579,云计算,3177.060000
2025-07-10,BK0963,商业航天,1738.580000
2025-07-10,BK0921,卫星,1475.380000
2025-07-10,BK1090,机器人,1741.560000
2025-07-10,BK0802,自动驾驶,1828.570000
2025-07-10,BK0577,核电,2355.070000
2025-07-10,BK0490,军工,69053.230000
2025-07-10,BK0493,新能源,15779.630000
2025-07-10,BK0588,光伏,3332.610000
2025-07-10,BK0574,锂电池,3216.210000
2025-07-10,BK0464,石油,5803.830000
2025-07-10,BK0843,天然气,1454.350000
2025-07-10,BK0478,铜/有色,18786.570000
2025-07-10,BK0547,黄金,14418.780000
2025-07-10,BK0475,银行金融,4597.090000
2025-07-10,BK1216,生物医疗,4522.250000
2025-07-10,BK0438,消费,28838.000000
2025-07-10,BK0578,稀土永磁,2692.610000
2025-07-10,BK1106,创新药,1394.880000
2025-07-10,BK0710,量子计算,2489.620000
2025-07-10,BK0968,固态电池,1830.450000
2025-07-10,BK1166,低空经济,1492.040000
2025-07-10,BK0668,医疗器械,3893.640000
2025-07-11,BK1134,AI 算力,1629.540000
2025-07-11,BK1128,CPO,2864.480000
2025-07-11,BK0917,半导体,1701.740000
2025-07-11,BK1137,存储,1381.800000
2025-07-11,BK0922,数据中心,1817.140000
2025-07-11,BK0579,云计算,3220.690000
2025-07-11,BK0963,商业航天,1745.740000
2025-07-11,BK0921,卫星,1475.340000
2025-07-11,BK1090,机器人,1754.610000
2025-07-11,BK0802,自动驾驶,1837.750000
2025-07-11,BK0577,核电,2366.340000
2025-07-11,BK0490,军工,69570.200000
2025-07-11,BK0493,新能源,15799.000000
2025-07-11,BK0588,光伏,3332.690000
2025-07-11,BK0574,锂电池,3221.550000
2025-07-11,BK0464,石油,5843.560000
2025-07-11,BK0843,天然气,1453.370000
2025-07-11,BK0478,铜/有色,19065.930000
2025-07-11,BK0547,黄金,14580.250000
2025-07-11,BK0475,银行金融,4509.060000
2025-07-11,BK1216,生物医疗,4559.540000
2025-07-11,BK0438,消费,28903.160000
2025-07-11,BK0578,稀土永磁,2831.290000
2025-07-11,BK1106,创新药,1415.160000
2025-07-11,BK0710,量子计算,2507.660000
2025-07-11,BK0968,固态电池,1829.680000
2025-07-11,BK1166,低空经济,1496.680000
2025-07-11,BK0668,医疗器械,3905.390000
2025-07-14,BK1134,AI 算力,1623.670000
2025-07-14,BK1128,CPO,2864.970000
2025-07-14,BK0917,半导体,1705.860000
2025-07-14,BK1137,存储,1381.090000
2025-07-14,BK0922,数据中心,1821.920000
2025-07-14,BK0579,云计算,3215.700000
2025-07-14,BK0963,商业航天,1754.310000
2025-07-14,BK0921,卫星,1472.510000
2025-07-14,BK1090,机器人,1774.960000
2025-07-14,BK0802,自动驾驶,1842.930000
2025-07-14,BK0577,核电,2395.260000
2025-07-14,BK0490,军工,69820.330000
2025-07-14,BK0493,新能源,15922.560000
2025-07-14,BK0588,光伏,3358.920000
2025-07-14,BK0574,锂电池,3239.620000
2025-07-14,BK0464,石油,5891.510000
2025-07-14,BK0843,天然气,1461.070000
2025-07-14,BK0478,铜/有色,19128.260000
2025-07-14,BK0547,黄金,14729.110000
2025-07-14,BK0475,银行金融,4543.660000
2025-07-14,BK1216,生物医疗,4608.380000
2025-07-14,BK0438,消费,28984.860000
2025-07-14,BK0578,稀土永磁,2827.080000
2025-07-14,BK1106,创新药,1435.250000
2025-07-14,BK0710,量子计算,2510.560000
2025-07-14,BK0968,固态电池,1835.950000
2025-07-14,BK1166,低空经济,1500.330000
2025-07-14,BK0668,医疗器械,3934.960000
2025-07-15,BK1134,AI 算力,1638.380000
2025-07-15,BK1128,CPO,2962.630000
2025-07-15,BK0917,半导体,1697.860000
2025-07-15,BK1137,存储,1372.250000
2025-07-15,BK0922,数据中心,1830.470000
2025-07-15,BK0579,云计算,3253.910000
2025-07-15,BK0963,商业航天,1743.220000
2025-07-15,BK0921,卫星,1462.520000
2025-07-15,BK1090,机器人,1769.140000
2025-07-15,BK0802,自动驾驶,1843.480000
2025-07-15,BK0577,核电,2363.950000
2025-07-15,BK0490,军工,69192.280000
2025-07-15,BK0493,新能源,15659.350000
2025-07-15,BK0588,光伏,3312.530000
2025-07-15,BK0574,锂电池,3200.270000
2025-07-15,BK0464,石油,5865.590000
2025-07-15,BK0843,天然气,1435.870000
2025-07-15,BK0478,铜/有色,18886.580000
2025-07-15,BK0547,黄金,14474.900000
2025-07-15,BK0475,银行金融,4488.860000
2025-07-15,BK1216,生物医疗,4577.580000
2025-07-15,BK0438,消费,28568.040000
2025-07-15,BK0578,稀土永磁,2822.460000
2025-07-15,BK1106,创新药,1422.200000
2025-07-15,BK0710,量子计算,2517.920000
2025-07-15,BK0968,固态电池,1815.870000
2025-07-15,BK1166,低空经济,1491.270000
2025-07-15,BK0668,医疗器械,3909.610000
2025-07-16,BK1134,AI 算力,1647.870000
2025-07-16,BK1128,CPO,2943.110000
2025-07-16,BK0917,半导体,1701.110000
2025-07-16,BK1137,存储,1374.090000
2025-07-16,BK0922,数据中心,1832.420000
2025-07-16,BK0579,云计算,3264.130000
2025-07-16,BK0963,商业航天,1748.010000
2025-07-16,BK0921,卫星,1465.080000
2025-07-16,BK1090,机器人,1785.990000
2025-07-16,BK0802,自动驾驶,1853.770000
2025-07-16,BK0577,核电,2365.710000
2025-07-16,BK0490,军工,69435.870000
2025-07-16,BK0493,新能源,15668.340000
2025-07-16,BK0588,光伏,3324.290000
2025-07-16,BK0574,锂电池,3204.200000
2025-07-16,BK0464,石油,5968.320000
2025-07-16,BK0843,天然气,1439.460000
2025-07-16,BK0478,铜/有色,18783.210000
2025-07-16,BK0547,黄金,14434.840000
2025-07-16,BK0475,银行金融,4455.840000
2025-07-16,BK1216,生物医疗,4638.760000
2025-07-16,BK0438,消费,28756.740000
2025-07-16,BK0578,稀土永磁,2800.790000
2025-07-16,BK1106,创新药,1450.720000
2025-07-16,BK0710,量子计算,2522.200000
2025-07-16,BK0968,固态电池,1820.330000
2025-07-16,BK1166,低空经济,1497.040000
2025-07-16,BK0668,医疗器械,3949.430000
2025-07-17,BK1134,AI 算力,1665.920000
2025-07-17,BK1128,CPO,3055.210000
2025-07-17,BK0917,半导体,1720.120000
2025-07-17,BK1137,存储,1389.480000
2025-07-17,BK0922,数据中心,1848.320000
2025-07-17,BK0579,云计算,3294.540000
2025-07-17,BK0963,商业航天,1783.020000
2025-07-17,BK0921,卫星,1491.260000
2025-07-17,BK1090,机器人,1809.300000
2025-07-17,BK0802,自动驾驶,1881.290000
2025-07-17,BK0577,核电,2380.450000
2025-07-17,BK0490,军工,70606.780000
2025-07-17,BK0493,新能源,15738.020000
2025-07-17,BK0588,光伏,3347.200000
2025-07-17,BK0574,锂电池,3244.730000
2025-07-17,BK0464,石油,5979.110000
2025-07-17,BK0843,天然气,1441.690000
2025-07-17,BK0478,铜/有色,18904.170000
2025-07-17,BK0547,黄金,14423.850000
2025-07-17,BK0475,银行金融,4441.050000
2025-07-17,BK1216,生物医疗,4720.270000
2025-07-17,BK0438,消费,28962.990000
2025-07-17,BK0578,稀土永磁,2816.360000
2025-07-17,BK1106,创新药,1496.770000
2025-07-17,BK0710,量子计算,2558.200000
2025-07-17,BK0968,固态电池,1849.600000
2025-07-17,BK1166,低空经济,1522.930000
2025-07-17,BK0668,医疗器械,3991.940000
2025-07-18,BK1134,AI 算力,1664.270000
2025-07-18,BK1128,CPO,3026.490000
2025-07-18,BK0917,半导体,1723.250000
2025-07-18,BK1137,存储,1383.240000
2025-07-18,BK0922,数据中心,1853.400000
2025-07-18,BK0579,云计算,3307.480000
2025-07-18,BK0963,商业航天,1782.340000
2025-07-18,BK0921,卫星,1493.640000
2025-07-18,BK1090,机器人,1810.020000
2025-07-18,BK0802,自动驾驶,1881.900000
2025-07-18,BK0577,核电,2385.250000
2025-07-18,BK0490,军工,70819.300000
2025-07-18,BK0493,新能源,15765.880000
2025-07-18,BK0588,光伏,3343.140000
2025-07-18,BK0574,锂电池,3271.760000
2025-07-18,BK0464,石油,6033.190000
2025-07-18,BK0843,天然气,1446.190000
2025-07-18,BK0478,铜/有色,19118.180000
2025-07-18,BK0547,黄金,14538.710000
2025-07-18,BK0475,银行金融,4475.070000
2025-07-18,BK1216,生物医疗,4746.610000
2025-07-18,BK0438,消费,28851.800000
2025-07-18,BK0578,稀土永磁,2900.300000
2025-07-18,BK1106,创新药,1515.660000
2025-07-18,BK0710,量子计算,2544.860000
2025-07-18,BK0968,固态电池,1863.430000
2025-07-18,BK1166,低空经济,1524.540000
2025-07-18,BK0668,医疗器械,4001.740000
2025-07-21,BK1134,AI 算力,1667.070000
2025-07-21,BK1128,CPO,3028.160000
2025-07-21,BK0917,半导体,1737.590000
2025-07-21,BK1137,存储,1385.460000
2025-07-21,BK0922,数据中心,1864.080000
2025-07-21,BK0579,云计算,3307.270000
2025-07-21,BK0963,商业航天,1800.850000
2025-07-21,BK0921,卫星,1500.030000
2025-07-21,BK1090,机器人,1839.800000
2025-07-21,BK0802,自动驾驶,1902.930000
2025-07-21,BK0577,核电,2461.790000
2025-07-21,BK0490,军工,71934.000000
2025-07-21,BK0493,新能源,16034.400000
2025-07-21,BK0588,光伏,3394.990000
2025-07-21,BK0574,锂电池,3315.860000
2025-07-21,BK0464,石油,6103.480000
2025-07-21,BK0843,天然气,1470.030000
2025-07-21,BK0478,铜/有色,19596.550000
2025-07-21,BK0547,黄金,14837.190000
2025-07-21,BK0475,银行金融,4437.810000
2025-07-21,BK1216,生物医疗,4795.650000
2025-07-21,BK0438,消费,29016.270000
2025-07-21,BK0578,稀土永磁,2939.730000
2025-07-21,BK1106,创新药,1532.710000
2025-07-21,BK0710,量子计算,2547.090000
2025-07-21,BK0968,固态电池,1884.400000
2025-07-21,BK1166,低空经济,1545.710000
2025-07-21,BK0668,医疗器械,4050.860000
2025-07-22,BK1134,AI 算力,1657.430000
2025-07-22,BK1128,CPO,3023.350000
2025-07-22,BK0917,半导体,1741.090000
2025-07-22,BK1137,存储,1375.870000
2025-07-22,BK0922,数据中心,1862.380000
2025-07-22,BK0579,云计算,3276.450000
2025-07-22,BK0963,商业航天,1805.220000
2025-07-22,BK0921,卫星,1492.560000
2025-07-22,BK1090,机器人,1839.300000
2025-07-22,BK0802,自动驾驶,1893.810000
2025-07-22,BK0577,核电,2518.410000
2025-07-22,BK0490,军工,72371.220000
2025-07-22,BK0493,新能源,16213.150000
2025-07-22,BK0588,光伏,3422.810000
2025-07-22,BK0574,锂电池,3337.450000
2025-07-22,BK0464,石油,6142.140000
2025-07-22,BK0843,天然气,1482.190000
2025-07-22,BK0478,铜/有色,19828.790000
2025-07-22,BK0547,黄金,15051.760000
2025-07-22,BK0475,银行金融,4393.320000
2025-07-22,BK1216,生物医疗,4784.820000
2025-07-22,BK0438,消费,29118.980000
2025-07-22,BK0578,稀土永磁,2928.110000
2025-07-22,BK1106,创新药,1526.430000
2025-07-22,BK0710,量子计算,2532.740000
2025-07-22,BK0968,固态电池,1900.130000
2025-07-22,BK1166,低空经济,1547.930000
2025-07-22,BK0668,医疗器械,4048.740000
2025-07-23,BK1134,AI 算力,1658.390000
2025-07-23,BK1128,CPO,3034.380000
2025-07-23,BK0917,半导体,1731.520000
2025-07-23,BK1137,存储,1375.550000
2025-07-23,BK0922,数据中心,1851.570000
2025-07-23,BK0579,云计算,3275.530000
2025-07-23,BK0963,商业航天,1783.420000
2025-07-23,BK0921,卫星,1483.160000
2025-07-23,BK1090,机器人,1821.450000
2025-07-23,BK0802,自动驾驶,1882.200000
2025-07-23,BK0577,核电,2489.040000
2025-07-23,BK0490,军工,71321.680000
2025-07-23,BK0493,新能源,16000.770000
2025-07-23,BK0588,光伏,3374.110000
2025-07-23,BK0574,锂电池,3297.400000
2025-07-23,BK0464,石油,6094.840000
2025-07-23,BK0843,天然气,1470.970000
2025-07-23,BK0478,铜/有色,19645.460000
2025-07-23,BK0547,黄金,14990.330000
2025-07-23,BK0475,银行金融,4406.930000
2025-07-23,BK1216,生物医疗,4780.510000
2025-07-23,BK0438,消费,28951.250000
2025-07-23,BK0578,稀土永磁,2921.670000
2025-07-23,BK1106,创新药,1522.520000
2025-07-23,BK0710,量子计算,2525.760000
2025-07-23,BK0968,固态电池,1876.430000
2025-07-23,BK1166,低空经济,1529.420000
2025-07-23,BK0668,医疗器械,4035.210000
2025-07-24,BK1134,AI 算力,1674.470000
2025-07-24,BK1128,CPO,3017.740000
2025-07-24,BK0917,半导体,1756.520000
2025-07-24,BK1137,存储,1397.110000
2025-07-24,BK0922,数据中心,1874.530000
2025-07-24,BK0579,云计算,3308.780000
2025-07-24,BK0963,商业航天,1801.460000
2025-07-24,BK0921,卫星,1504.010000
2025-07-24,BK1090,机器人,1843.010000
2025-07-24,BK0802,自动驾驶,1905.010000
2025-07-24,BK0577,核电,2501.330000
2025-07-24,BK0490,军工,72140.070000
2025-07-24,BK0493,新能源,16125.030000
2025-07-24,BK0588,光伏,3412.380000
2025-07-24,BK0574,锂电池,3362.010000
2025-07-24,BK0464,石油,6117.020000
2025-07-24,BK0843,天然气,1487.040000
2025-07-24,BK0478,铜/有色,19949.090000
2025-07-24,BK0547,黄金,15188.520000
2025-07-24,BK0475,银行金融,4345.790000
2025-07-24,BK1216,生物医疗,4867.470000
2025-07-24,BK0438,消费,29283.510000
2025-07-24,BK0578,稀土永磁,3036.020000
2025-07-24,BK1106,创新药,1545.260000
2025-07-24,BK0710,量子计算,2548.030000
2025-07-24,BK0968,固态电池,1908.800000
2025-07-24,BK1166,低空经济,1551.080000
2025-07-24,BK0668,医疗器械,4106.150000
2025-07-25,BK1134,AI 算力,1694.270000
2025-07-25,BK1128,CPO,3041.480000
2025-07-25,BK0917,半导体,1773.790000
2025-07-25,BK1137,存储,1411.630000
2025-07-25,BK0922,数据中心,1885.130000
2025-07-25,BK0579,云计算,3351.550000
2025-07-25,BK0963,商业航天,1812.520000
2025-07-25,BK0921,卫星,1504.710000
2025-07-25,BK1090,机器人,1852.240000
2025-07-25,BK0802,自动驾驶,1919.850000
2025-07-25,BK0577,核电,2464.430000
2025-07-25,BK0490,军工,72094.310000
2025-07-25,BK0493,新能源,16041.610000
2025-07-25,BK0588,光伏,3401.960000
2025-07-25,BK0574,锂电池,3360.580000
2025-07-25,BK0464,石油,6045.460000
2025-07-25,BK0843,天然气,1480.160000
2025-07-25,BK0478,铜/有色,19820.060000
2025-07-25,BK0547,黄金,15087.260000
2025-07-25,BK0475,银行金融,4341.770000
2025-07-25,BK1216,生物医疗,4880.410000
2025-07-25,BK0438,消费,29173.980000
2025-07-25,BK0578,稀土永磁,3032.410000
2025-07-25,BK1106,创新药,1533.290000
2025-07-25,BK0710,量子计算,2561.930000
2025-07-25,BK0968,固态电池,1906.700000
2025-07-25,BK1166,低空经济,1548.410000
2025-07-25,BK0668,医疗器械,4134.540000
2025-07-28,BK1134,AI 算力,1691.510000
2025-07-28,BK1128,CPO,3102.060000
2025-07-28,BK0917,半导体,1791.560000
2025-07-28,BK1137,存储,1419.450000
2025-07-28,BK0922,数据中心,1887.120000
2025-07-28,BK0579,云计算,3344.130000
2025-07-28,BK0963,商业航天,1844.370000
2025-07-28,BK0921,卫星,1536.880000
2025-07-28,BK1090,机器人,1865.000000
2025-07-28,BK0802,自动驾驶,1933.850000
2025-07-28,BK0577,核电,2465.410000
2025-07-28,BK0490,军工,72941.690000
2025-07-28,BK0493,新能源,16103.500000
2025-07-28,BK0588,光伏,3408.010000
2025-07-28,BK0574,锂电池,3390.480000
2025-07-28,BK0464,石油,6008.600000
2025-07-28,BK0843,天然气,1476.140000
2025-07-28,BK0478,铜/有色,19719.660000
2025-07-28,BK0547,黄金,14964.170000
2025-07-28,BK0475,银行金融,4357.690000
2025-07-28,BK1216,生物医疗,4923.810000
2025-07-28,BK0438,消费,29230.290000
2025-07-28,BK0578,稀土永磁,3057.120000
2025-07-28,BK1106,创新药,1555.230000
2025-07-28,BK0710,量子计算,2581.710000
2025-07-28,BK0968,固态电池,1939.070000
2025-07-28,BK1166,低空经济,1561.650000
2025-07-28,BK0668,医疗器械,4154.290000
2025-07-29,BK1134,AI 算力,1699.060000
2025-07-29,BK1128,CPO,3206.160000
2025-07-29,BK0917,半导体,1802.850000
2025-07-29,BK1137,存储,1437.230000
2025-07-29,BK0922,数据中心,1892.940000
2025-07-29,BK0579,云计算,3358.360000
2025-07-29,BK0963,商业航天,1848.110000
2025-07-29,BK0921,卫星,1541.200000
2025-07-29,BK1090,机器人,1869.310000
2025-07-29,BK0802,自动驾驶,1939.720000
2025-07-29,BK0577,核电,2468.240000
2025-07-29,BK0490,军工,73308.980000
2025-07-29,BK0493,新能源,16100.610000
2025-07-29,BK0588,光伏,3418.600000
2025-07-29,BK0574,锂电池,3394.730000
2025-07-29,BK0464,石油,5951.070000
2025-07-29,BK0843,天然气,1471.640000
2025-07-29,BK0478,铜/有色,19709.130000
2025-07-29,BK0547,黄金,14878.130000
2025-07-29,BK0475,银行金融,4300.540000
2025-07-29,BK1216,生物医疗,5003.000000
2025-07-29,BK0438,消费,29163.210000
2025-07-29,BK0578,稀土永磁,3030.890000
2025-07-29,BK1106,创新药,1610.440000
2025-07-29,BK0710,量子计算,2590.390000
2025-07-29,BK0968,固态电池,1940.570000
2025-07-29,BK1166,低空经济,1566.600000
2025-07-29,BK0668,医疗器械,4166.700000
2025-07-30,BK1134,AI 算力,1676.260000
2025-07-30,BK1128,CPO,3184.350000
2025-07-30,BK0917,半导体,1787.460000
2025-07-30,BK1137,存储,1432.360000
2025-07-30,BK0922,数据中心,1872.200000
2025-07-30,BK0579,云计算,3320.730000
2025-07-30,BK0963,商业航天,1830.200000
2025-07-30,BK0921,卫星,1529.810000
2025-07-30,BK1090,机器人,1847.020000
2025-07-30,BK0802,自动驾驶,1916.350000
2025-07-30,BK0577,核电,2452.760000
2025-07-30,BK0490,军工,72631.270000
2025-07-30,BK0493,新能源,15994.430000
2025-07-30,BK0588,光伏,3390.910000
2025-07-30,BK0574,锂电池,3349.240000
2025-07-30,BK0464,石油,5999.600000
2025-07-30,BK0843,天然气,1479.520000
2025-07-30,BK0478,铜/有色,19515.840000
2025-07-30,BK0547,黄金,14816.340000
2025-07-30,BK0475,银行金融,4323.070000
2025-07-30,BK1216,生物医疗,5008.560000
2025-07-30,BK0438,消费,29526.940000
2025-07-30,BK0578,稀土永磁,2977.270000
2025-07-30,BK1106,创新药,1608.680000
2025-07-30,BK0710,量子计算,2555.380000
2025-07-30,BK0968,固态电池,1902.110000
2025-07-30,BK1166,低空经济,1548.610000
2025-07-30,BK0668,医疗器械,4154.850000
2025-07-31,BK1134,AI 算力,1679.290000
2025-07-31,BK1128,CPO,3191.200000
2025-07-31,BK0917,半导体,1767.600000
2025-07-31,BK1137,存储,1422.300000
2025-07-31,BK0922,数据中心,1872.700000
2025-07-31,BK0579,云计算,3339.540000
2025-07-31,BK0963,商业航天,1820.020000
2025-07-31,BK0921,卫星,1522.390000
2025-07-31,BK1090,机器人,1835.500000
2025-07-31,BK0802,自动驾驶,1901.760000
2025-07-31,BK0577,核电,2426.330000
2025-07-31,BK0490,军工,72246.990000
2025-07-31,BK0493,新能源,15720.980000
2025-07-31,BK0588,光伏,3338.590000
2025-07-31,BK0574,锂电池,3307.020000
2025-07-31,BK0464,石油,5888.210000
2025-07-31,BK0843,天然气,1454.470000
2025-07-31,BK0478,铜/有色,19063.330000
2025-07-31,BK0547,黄金,14467.990000
2025-07-31,BK0475,银行金融,4276.740000
2025-07-31,BK1216,生物医疗,5012.600000
2025-07-31,BK0438,消费,28885.170000
2025-07-31,BK0578,稀土永磁,2915.620000
2025-07-31,BK1106,创新药,1623.490000
2025-07-31,BK0710,量子计算,2544.100000
2025-07-31,BK0968,固态电池,1885.060000
2025-07-31,BK1166,低空经济,1535.320000
2025-07-31,BK0668,医疗器械,4139.140000
2025-08-01,BK1134,AI 算力,1682.900000
2025-08-01,BK1128,CPO,3158.740000
2025-08-01,BK0917,半导体,1772.630000
2025-08-01,BK1137,存储,1415.790000
2025-08-01,BK0922,数据中心,1879.920000
2025-08-01,BK0579,云计算,3370.420000
2025-08-01,BK0963,商业航天,1813.330000
2025-08-01,BK0921,卫星,1521.960000
2025-08-01,BK1090,机器人,1840.970000
2025-08-01,BK0802,自动驾驶,1907.960000
2025-08-01,BK0577,核电,2431.740000
2025-08-01,BK0490,军工,72268.230000
2025-08-01,BK0493,新能源,15799.440000
2025-08-01,BK0588,光伏,3365.260000
2025-08-01,BK0574,锂电池,3321.640000
2025-08-01,BK0464,石油,5872.470000
2025-08-01,BK0843,天然气,1460.810000
2025-08-01,BK0478,铜/有色,19177.580000
2025-08-01,BK0547,黄金,14535.800000
2025-08-01,BK0475,银行金融,4284.470000
2025-08-01,BK1216,生物医疗,5059.240000
2025-08-01,BK0438,消费,28995.190000
2025-08-01,BK0578,稀土永磁,2890.570000
2025-08-01,BK1106,创新药,1631.150000
2025-08-01,BK0710,量子计算,2538.800000
2025-08-01,BK0968,固态电池,1888.880000
2025-08-01,BK1166,低空经济,1538.920000
2025-08-01,BK0668,医疗器械,4166.870000
2025-08-04,BK1134,AI 算力,1701.430000
2025-08-04,BK1128,CPO,3166.810000
2025-08-04,BK0917,半导体,1797.080000
2025-08-04,BK1137,存储,1440.340000
2025-08-04,BK0922,数据中心,1901.470000
2025-08-04,BK0579,云计算,3408.620000
2025-08-04,BK0963,商业航天,1866.700000
2025-08-04,BK0921,卫星,1569.010000
2025-08-04,BK1090,机器人,1880.170000
2025-08-04,BK0802,自动驾驶,1936.470000
2025-08-04,BK0577,核电,2462.960000
2025-08-04,BK0490,军工,74324.390000
2025-08-04,BK0493,新能源,15897.360000
2025-08-04,BK0588,光伏,3385.660000
2025-08-04,BK0574,锂电池,3365.130000
2025-08-04,BK0464,石油,5877.410000
2025-08-04,BK0843,天然气,1472.100000
2025-08-04,BK0478,铜/有色,19525.720000
2025-08-04,BK0547,黄金,14791.570000
2025-08-04,BK0475,银行金融,4312.540000
2025-08-04,BK1216,生物医疗,5112.660000
2025-08-04,BK0438,消费,29094.430000
2025-08-04,BK0578,稀土永磁,2928.340000
2025-08-04,BK1106,创新药,1639.420000
2025-08-04,BK0710,量子计算,2573.320000
2025-08-04,BK0968,固态电池,1920.870000
2025-08-04,BK1166,低空经济,1566.510000
2025-08-04,BK0668,医疗器械,4231.740000
2025-08-05,BK1134,AI 算力,1711.830000
2025-08-05,BK1128,CPO,3217.610000
2025-08-05,BK0917,半导体,1816.820000
2025-08-05,BK1137,存储,1448.190000
2025-08-05,BK0922,数据中心,1918.010000
2025-08-05,BK0579,云计算,3415.410000
2025-08-05,BK0963,商业航天,1895.660000
2025-08-05,BK0921,卫星,1591.470000
2025-08-05,BK1090,机器人,1908.500000
2025-08-05,BK0802,自动驾驶,1960.970000
2025-08-05,BK0577,核电,2479.270000
2025-08-05,BK0490,军工,75063.130000
2025-08-05,BK0493,新能源,16021.980000
2025-08-05,BK0588,光伏,3421.180000
2025-08-05,BK0574,锂电池,3391.410000
2025-08-05,BK0464,石油,5911.170000
2025-08-05,BK0843,天然气,1486.440000
2025-08-05,BK0478,铜/有色,19742.620000
2025-08-05,BK0547,黄金,14871.220000
2025-08-05,BK0475,银行金融,4387.960000
2025-08-05,BK1216,生物医疗,5101.160000
2025-08-05,BK0438,消费,29253.640000
2025-08-05,BK0578,稀土永磁,2953.240000
2025-08-05,BK1106,创新药,1632.970000
2025-08-05,BK0710,量子计算,2594.470000
2025-08-05,BK0968,固态电池,1937.140000
2025-08-05,BK1166,低空经济,1584.570000
2025-08-05,BK0668,医疗器械,4258.580000
2025-08-06,BK1134,AI 算力,1739.390000
2025-08-06,BK1128,CPO,3228.350000
2025-08-06,BK0917,半导体,1843.130000
2025-08-06,BK1137,存储,1468.740000
2025-08-06,BK0922,数据中心,1942.660000
2025-08-06,BK0579,云计算,3463.910000
2025-08-06,BK0963,商业航天,1923.910000
2025-08-06,BK0921,卫星,1613.140000
2025-08-06,BK1090,机器人,1948.610000
2025-08-06,BK0802,自动驾驶,1995.170000
2025-08-06,BK0577,核电,2500.130000
2025-08-06,BK0490,军工,76675.810000
2025-08-06,BK0493,新能源,16096.130000
2025-08-06,BK0588,光伏,3447.180000
2025-08-06,BK0574,锂电池,3431.630000
2025-08-06,BK0464,石油,5923.600000
2025-08-06,BK0843,天然气,1492.360000
2025-08-06,BK0478,铜/有色,19984.390000
2025-08-06,BK0547,黄金,14975.210000
2025-08-06,BK0475,银行金融,4378.220000
2025-08-06,BK1216,生物医疗,5045.710000
2025-08-06,BK0438,消费,29264.430000
2025-08-06,BK0578,稀土永磁,2978.760000
2025-08-06,BK1106,创新药,1612.140000
2025-08-06,BK0710,量子计算,2629.300000
2025-08-06,BK0968,固态电池,1959.660000
2025-08-06,BK1166,低空经济,1607.940000
2025-08-06,BK0668,医疗器械,4258.150000
2025-08-07,BK1134,AI 算力,1739.460000
2025-08-07,BK1128,CPO,3224.670000
2025-08-07,BK0917,半导体,1864.080000
2025-08-07,BK1137,存储,1495.400000
2025-08-07,BK0922,数据中心,1943.220000
2025-08-07,BK0579,云计算,3463.320000
2025-08-07,BK0963,商业航天,1930.250000
2025-08-07,BK0921,卫星,1624.130000
2025-08-07,BK1090,机器人,1947.660000
2025-08-07,BK0802,自动驾驶,1994.190000
2025-08-07,BK0577,核电,2497.160000
2025-08-07,BK0490,军工,76592.810000
2025-08-07,BK0493,新能源,16083.740000
2025-08-07,BK0588,光伏,3446.640000
2025-08-07,BK0574,锂电池,3426.420000
2025-08-07,BK0464,石油,5939.740000
2025-08-07,BK0843,天然气,1494.730000
2025-08-07,BK0478,铜/有色,19999.270000
2025-08-07,BK0547,黄金,15081.800000
2025-08-07,BK0475,银行金融,4392.380000
2025-08-07,BK1216,生物医疗,5024.110000
2025-08-07,BK0438,消费,29458.810000
2025-08-07,BK0578,稀土永磁,3088.530000
2025-08-07,BK1106,创新药,1585.050000
2025-08-07,BK0710,量子计算,2620.690000
2025-08-07,BK0968,固态电池,1949.070000
2025-08-07,BK1166,低空经济,1605.020000
2025-08-07,BK0668,医疗器械,4285.620000
2025-08-08,BK1134,AI 算力,1719.150000
2025-08-08,BK1128,CPO,3218.740000
2025-08-08,BK0917,半导体,1846.050000
2025-08-08,BK1137,存储,1474.770000
2025-08-08,BK0922,数据中心,1934.160000
2025-08-08,BK0579,云计算,3406.810000
2025-08-08,BK0963,商业航天,1943.260000
2025-08-08,BK0921,卫星,1640.190000
2025-08-08,BK1090,机器人,1934.430000
2025-08-08,BK0802,自动驾驶,1979.390000
2025-08-08,BK0577,核电,2515.830000
2025-08-08,BK0490,军工,76557.850000
2025-08-08,BK0493,新能源,16204.700000
2025-08-08,BK0588,光伏,3458.010000
2025-08-08,BK0574,锂电池,3419.840000
2025-08-08,BK0464,石油,5980.180000
2025-08-08,BK0843,天然气,1509.500000
2025-08-08,BK0478,铜/有色,20157.550000
2025-08-08,BK0547,黄金,15189.870000
2025-08-08,BK0475,银行金融,4379.440000
2025-08-08,BK1216,生物医疗,5047.740000
2025-08-08,BK0438,消费,29420.930000
2025-08-08,BK0578,稀土永磁,3080.230000
2025-08-08,BK1106,创新药,1586.140000
2025-08-08,BK0710,量子计算,2602.410000
2025-08-08,BK0968,固态电池,1942.320000
2025-08-08,BK1166,低空经济,1603.120000
2025-08-08,BK0668,医疗器械,4293.920000
2025-08-11,BK1134,AI 算力,1745.320000
2025-08-11,BK1128,CPO,3291.700000
2025-08-11,BK0917,半导体,1878.740000
2025-08-11,BK1137,存储,1505.500000
2025-08-11,BK0922,数据中心,1964.770000
2025-08-11,BK0579,云计算,3465.380000
2025-08-11,BK0963,商业航天,1975.330000
2025-08-11,BK0921,卫星,1649.740000
2025-08-11,BK1090,机器人,1967.330000
2025-08-11,BK0802,自动驾驶,2011.510000
2025-08-11,BK0577,核电,2541.400000
2025-08-11,BK0490,军工,77567.080000
2025-08-11,BK0493,新能源,16383.870000
2025-08-11,BK0588,光伏,3511.980000
2025-08-11,BK0574,锂电池,3501.250000
2025-08-11,BK0464,石油,6025.140000
2025-08-11,BK0843,天然气,1516.060000
2025-08-11,BK0478,铜/有色,20354.530000
2025-08-11,BK0547,黄金,15150.070000
2025-08-11,BK0475,银行金融,4337.000000
2025-08-11,BK1216,生物医疗,5135.100000
2025-08-11,BK0438,消费,29684.970000
2025-08-11,BK0578,稀土永磁,3119.980000
2025-08-11,BK1106,创新药,1618.930000
2025-08-11,BK0710,量子计算,2635.000000
2025-08-11,BK0968,固态电池,1994.640000
2025-08-11,BK1166,低空经济,1626.890000
2025-08-11,BK0668,医疗器械,4367.840000
2025-08-12,BK1134,AI 算力,1760.790000
2025-08-12,BK1128,CPO,3350.570000
2025-08-12,BK0917,半导体,1891.220000
2025-08-12,BK1137,存储,1520.820000
2025-08-12,BK0922,数据中心,1973.720000
2025-08-12,BK0579,云计算,3480.560000
2025-08-12,BK0963,商业航天,1963.230000
2025-08-12,BK0921,卫星,1636.010000
2025-08-12,BK1090,机器人,1967.770000
2025-08-12,BK0802,自动驾驶,2019.680000
2025-08-12,BK0577,核电,2524.660000
2025-08-12,BK0490,军工,77075.000000
2025-08-12,BK0493,新能源,16348.250000
2025-08-12,BK0588,光伏,3506.140000
2025-08-12,BK0574,锂电池,3495.560000
2025-08-12,BK0464,石油,6051.160000
2025-08-12,BK0843,天然气,1523.370000
2025-08-12,BK0478,铜/有色,20291.420000
2025-08-12,BK0547,黄金,15136.110000
2025-08-12,BK0475,银行金融,4349.810000
2025-08-12,BK1216,生物医疗,5119.730000
2025-08-12,BK0438,消费,29616.410000
2025-08-12,BK0578,稀土永磁,3076.200000
2025-08-12,BK1106,创新药,1600.530000
2025-08-12,BK0710,量子计算,2645.320000
2025-08-12,BK0968,固态电池,1989.480000
2025-08-12,BK1166,低空经济,1622.400000
2025-08-12,BK0668,医疗器械,4379.350000
2025-08-13,BK1134,AI 算力,1782.940000
2025-08-13,BK1128,CPO,3480.710000
2025-08-13,BK0917,半导体,1915.340000
2025-08-13,BK1137,存储,1526.560000
2025-08-13,BK0922,数据中心,1994.950000
2025-08-13,BK0579,云计算,3522.880000
2025-08-13,BK0963,商业航天,1989.100000
2025-08-13,BK0921,卫星,1658.240000
2025-08-13,BK1090,机器人,1989.010000
2025-08-13,BK0802,自动驾驶,2044.740000
2025-08-13,BK0577,核电,2543.460000
2025-08-13,BK0490,军工,77997.950000
2025-08-13,BK0493,新能源,16445.340000
2025-08-13,BK0588,光伏,3535.300000
2025-08-13,BK0574,锂电池,3533.100000
2025-08-13,BK0464,石油,6039.500000
2025-08-13,BK0843,天然气,1525.620000
2025-08-13,BK0478,铜/有色,20783.140000
2025-08-13,BK0547,黄金,15350.250000
2025-08-13,BK0475,银行金融,4310.270000
2025-08-13,BK1216,生物医疗,5163.990000
2025-08-13,BK0438,消费,29648.830000
2025-08-13,BK0578,稀土永磁,3124.490000
2025-08-13,BK1106,创新药,1636.500000
2025-08-13,BK0710,量子计算,2692.580000
2025-08-13,BK0968,固态电池,2012.810000
2025-08-13,BK1166,低空经济,1638.780000
2025-08-13,BK0668,医疗器械,4397.520000
2025-08-14,BK1134,AI 算力,1767.610000
2025-08-14,BK1128,CPO,3381.480000
2025-08-14,BK0917,半导体,1879.550000
2025-08-14,BK1137,存储,1506.060000
2025-08-14,BK0922,数据中心,1966.110000
2025-08-14,BK0579,云计算,3487.490000
2025-08-14,BK0963,商业航天,1943.640000
2025-08-14,BK0921,卫星,1619.430000
2025-08-14,BK1090,机器人,1953.450000
2025-08-14,BK0802,自动驾驶,2006.470000
2025-08-14,BK0577,核电,2508.550000
2025-08-14,BK0490,军工,76307.780000
2025-08-14,BK0493,新能源,16184.930000
2025-08-14,BK0588,光伏,3472.600000
2025-08-14,BK0574,锂电池,3464.400000
2025-08-14,BK0464,石油,5934.210000
2025-08-14,BK0843,天然气,1501.180000
2025-08-14,BK0478,铜/有色,20414.850000
2025-08-14,BK0547,黄金,15073.650000
2025-08-14,BK0475,银行金融,4290.850000
2025-08-14,BK1216,生物医疗,5078.940000
2025-08-14,BK0438,消费,29272.110000
2025-08-14,BK0578,稀土永磁,3071.410000
2025-08-14,BK1106,创新药,1618.820000
2025-08-14,BK0710,量子计算,2667.060000
2025-08-14,BK0968,固态电池,1972.130000
2025-08-14,BK1166,低空经济,1605.810000
2025-08-14,BK0668,医疗器械,4306.700000
2025-08-15,BK1134,AI 算力,1792.300000
2025-08-15,BK1128,CPO,3437.170000
2025-08-15,BK0917,半导体,1933.640000
2025-08-15,BK1137,存储,1539.510000
2025-08-15,BK0922,数据中心,2011.040000
2025-08-15,BK0579,云计算,3548.800000
2025-08-15,BK0963,商业航天,1984.270000
2025-08-15,BK0921,卫星,1641.390000
2025-08-15,BK1090,机器人,1997.670000
2025-08-15,BK0802,自动驾驶,2048.560000
2025-08-15,BK0577,核电,2564.740000
2025-08-15,BK0490,军工,77787.470000
2025-08-15,BK0493,新能源,16530.560000
2025-08-15,BK0588,光伏,3555.490000
2025-08-15,BK0574,锂电池,3548.480000
2025-08-15,BK0464,石油,5984.110000
2025-08-15,BK0843,天然气,1520.310000
2025-08-15,BK0478,铜/有色,20992.100000
2025-08-15,BK0547,黄金,15303.190000
2025-08-15,BK0475,银行金融,4243.980000
2025-08-15,BK1216,生物医疗,5154.640000
2025-08-15,BK0438,消费,29430.970000
2025-08-15,BK0578,稀土永磁,3164.870000
2025-08-15,BK1106,创新药,1644.920000
2025-08-15,BK0710,量子计算,2708.190000
2025-08-15,BK0968,固态电池,2027.590000
2025-08-15,BK1166,低空经济,1641.790000
2025-08-15,BK0668,医疗器械,4384.390000
2025-08-18,BK1134,AI 算力,1843.350000
2025-08-18,BK1128,CPO,3637.050000
2025-08-18,BK0917,半导体,1985.650000
2025-08-18,BK1137,存储,1578.330000
2025-08-18,BK0922,数据中心,2077.810000
2025-08-18,BK0579,云计算,3641.440000
2025-08-18,BK0963,商业航天,2030.370000
2025-08-18,BK0921,卫星,1665.750000
2025-08-18,BK1090,机器人,2038.820000
2025-08-18,BK0802,自动驾驶,2093.660000
2025-08-18,BK0577,核电,2620.390000
2025-08-18,BK0490,军工,79614.770000
2025-08-18,BK0493,新能源,16774.460000
2025-08-18,BK0588,光伏,3613.400000
2025-08-18,BK0574,锂电池,3611.440000
2025-08-18,BK0464,石油,6039.990000
2025-08-18,BK0843,天然气,1531.590000
2025-08-18,BK0478,铜/有色,21058.140000
2025-08-18,BK0547,黄金,15279.910000
2025-08-18,BK0475,银行金融,4265.910000
2025-08-18,BK1216,生物医疗,5224.640000
2025-08-18,BK0438,消费,29779.510000
2025-08-18,BK0578,稀土永磁,3266.080000
2025-08-18,BK1106,创新药,1678.260000
2025-08-18,BK0710,量子计算,2795.780000
2025-08-18,BK0968,固态电池,2066.430000
2025-08-18,BK1166,低空经济,1676.050000
2025-08-18,BK0668,医疗器械,4455.710000
2025-08-19,BK1134,AI 算力,1854.920000
2025-08-19,BK1128,CPO,3705.470000
2025-08-19,BK0917,半导体,1982.930000
2025-08-19,BK1137,存储,1577.860000
2025-08-19,BK0922,数据中心,2086.480000
2025-08-19,BK0579,云计算,3657.380000
2025-08-19,BK0963,商业航天,2021.750000
2025-08-19,BK0921,卫星,1663.920000
2025-08-19,BK1090,机器人,2061.250000
2025-08-19,BK0802,自动驾驶,2102.360000
2025-08-19,BK0577,核电,2627.620000
2025-08-19,BK0490,军工,79702.450000
2025-08-19,BK0493,新能源,16815.690000
2025-08-19,BK0588,光伏,3625.940000
2025-08-19,BK0574,锂电池,3628.380000
2025-08-19,BK0464,石油,6068.210000
2025-08-19,BK0843,天然气,1532.240000
2025-08-19,BK0478,铜/有色,21055.500000
2025-08-19,BK0547,黄金,15298.700000
2025-08-19,BK0475,银行金融,4257.720000
2025-08-19,BK1216,生物医疗,5257.010000
2025-08-19,BK0438,消费,30158.080000
2025-08-19,BK0578,稀土永磁,3296.700000
2025-08-19,BK1106,创新药,1687.100000
2025-08-19,BK0710,量子计算,2806.650000
2025-08-19,BK0968,固态电池,2080.000000
2025-08-19,BK1166,低空经济,1677.130000
2025-08-19,BK0668,医疗器械,4495.990000
2025-08-20,BK1134,AI 算力,1865.860000
2025-08-20,BK1128,CPO,3738.620000
2025-08-20,BK0917,半导体,2019.190000
2025-08-20,BK1137,存储,1603.820000
2025-08-20,BK0922,数据中心,2091.680000
2025-08-20,BK0579,云计算,3665.820000
2025-08-20,BK0963,商业航天,2041.760000
2025-08-20,BK0921,卫星,1686.600000
2025-08-20,BK1090,机器人,2074.330000
2025-08-20,BK0802,自动驾驶,2122.790000
2025-08-20,BK0577,核电,2635.110000
2025-08-20,BK0490,军工,80163.300000
2025-08-20,BK0493,新能源,16930.470000
2025-08-20,BK0588,光伏,3659.340000
2025-08-20,BK0574,锂电池,3660.180000
2025-08-20,BK0464,石油,6147.370000
2025-08-20,BK0843,天然气,1542.120000
2025-08-20,BK0478,铜/有色,21408.950000
2025-08-20,BK0547,黄金,15501.670000
2025-08-20,BK0475,银行金融,4288.730000
2025-08-20,BK1216,生物医疗,5232.270000
2025-08-20,BK0438,消费,30602.650000
2025-08-20,BK0578,稀土永磁,3348.210000
2025-08-20,BK1106,创新药,1671.850000
2025-08-20,BK0710,量子计算,2832.620000
2025-08-20,BK0968,固态电池,2093.820000
2025-08-20,BK1166,低空经济,1692.300000
2025-08-20,BK0668,医疗器械,4499.270000
2025-08-21,BK1134,AI 算力,1854.470000
2025-08-21,BK1128,CPO,3662.580000
2025-08-21,BK0917,半导体,1996.880000
2025-08-21,BK1137,存储,1594.690000
2025-08-21,BK0922,数据中心,2081.550000
2025-08-21,BK0579,云计算,3676.460000
2025-08-21,BK0963,商业航天,2021.720000
2025-08-21,BK0921,卫星,1675.810000
2025-08-21,BK1090,机器人,2047.110000
2025-08-21,BK0802,自动驾驶,2101.740000
2025-08-21,BK0577,核电,2619.830000
2025-08-21,BK0490,军工,79554.220000
2025-08-21,BK0493,新能源,16926.820000
2025-08-21,BK0588,光伏,3647.400000
2025-08-21,BK0574,锂电池,3626.460000
2025-08-21,BK0464,石油,6175.550000
2025-08-21,BK0843,天然气,1552.640000
2025-08-21,BK0478,铜/有色,21169.220000
2025-08-21,BK0547,黄金,15478.160000
2025-08-21,BK0475,银行金融,4321.840000
2025-08-21,BK1216,生物医疗,5219.200000
2025-08-21,BK0438,消费,30568.290000
2025-08-21,BK0578,稀土永磁,3275.430000
2025-08-21,BK1106,创新药,1664.550000
2025-08-21,BK0710,量子计算,2845.640000
2025-08-21,BK0968,固态电池,2062.930000
2025-08-21,BK1166,低空经济,1686.220000
2025-08-21,BK0668,医疗器械,4481.170000
2025-08-22,BK1134,AI 算力,1910.760000
2025-08-22,BK1128,CPO,3770.130000
2025-08-22,BK0917,半导体,2043.890000
2025-08-22,BK1137,存储,1658.770000
2025-08-22,BK0922,数据中心,2116.760000
2025-08-22,BK0579,云计算,3767.500000
2025-08-22,BK0963,商业航天,2043.700000
2025-08-22,BK0921,卫星,1709.200000
2025-08-22,BK1090,机器人,2067.440000
2025-08-22,BK0802,自动驾驶,2132.930000
2025-08-22,BK0577,核电,2625.010000
2025-08-22,BK0490,军工,80490.430000
2025-08-22,BK0493,新能源,16995.690000
2025-08-22,BK0588,光伏,3664.140000
2025-08-22,BK0574,锂电池,3659.860000
2025-08-22,BK0464,石油,6137.960000
2025-08-22,BK0843,天然气,1550.810000
2025-08-22,BK0478,铜/有色,21242.730000
2025-08-22,BK0547,黄金,15500.370000
2025-08-22,BK0475,银行金融,4291.740000
2025-08-22,BK1216,生物医疗,5214.900000
2025-08-22,BK0438,消费,30446.890000
2025-08-22,BK0578,稀土永磁,3308.320000
2025-08-22,BK1106,创新药,1666.370000
2025-08-22,BK0710,量子计算,2915.490000
2025-08-22,BK0968,固态电池,2083.840000
2025-08-22,BK1166,低空经济,1705.870000
2025-08-22,BK0668,医疗器械,4494.840000
2025-08-25,BK1134,AI 算力,1944.580000
2025-08-25,BK1128,CPO,3946.740000
2025-08-25,BK0917,半导体,2064.480000
2025-08-25,BK1137,存储,1674.540000
2025-08-25,BK0922,数据中心,2146.510000
2025-08-25,BK0579,云计算,3818.110000
2025-08-25,BK0963,商业航天,2091.620000
2025-08-25,BK0921,卫星,1768.680000
2025-08-25,BK1090,机器人,2093.600000
2025-08-25,BK0802,自动驾驶,2149.580000
2025-08-25,BK0577,核电,2661.250000
2025-08-25,BK0490,军工,81752.200000
2025-08-25,BK0493,新能源,17134.230000
2025-08-25,BK0588,光伏,3693.790000
2025-08-25,BK0574,锂电池,3699.290000
2025-08-25,BK0464,石油,6181.770000
2025-08-25,BK0843,天然气,1557.580000
2025-08-25,BK0478,铜/有色,21690.560000
2025-08-25,BK0547,黄金,15935.800000
2025-08-25,BK0475,银行金融,4323.100000
2025-08-25,BK1216,生物医疗,5284.660000
2025-08-25,BK0438,消费,30939.470000
2025-08-25,BK0578,稀土永磁,3444.190000
2025-08-25,BK1106,创新药,1702.930000
2025-08-25,BK0710,量子计算,2977.090000
2025-08-25,BK0968,固态电池,2112.150000
2025-08-25,BK1166,低空经济,1731.430000
2025-08-25,BK0668,医疗器械,4540.810000
2025-08-26,BK1134,AI 算力,1953.510000
2025-08-26,BK1128,CPO,3957.570000
2025-08-26,BK0917,半导体,2064.270000
2025-08-26,BK1137,存储,1669.670000
2025-08-26,BK0922,数据中心,2152.350000
2025-08-26,BK0579,云计算,3857.940000
2025-08-26,BK0963,商业航天,2086.120000
2025-08-26,BK0921,卫星,1779.730000
2025-08-26,BK1090,机器人,2089.940000
2025-08-26,BK0802,自动驾驶,2153.520000
2025-08-26,BK0577,核电,2655.720000
2025-08-26,BK0490,军工,81597.290000
2025-08-26,BK0493,新能源,17188.590000
2025-08-26,BK0588,光伏,3707.240000
2025-08-26,BK0574,锂电池,3707.790000
2025-08-26,BK0464,石油,6222.740000
2025-08-26,BK0843,天然气,1562.870000
2025-08-26,BK0478,铜/有色,21783.440000
2025-08-26,BK0547,黄金,15999.010000
2025-08-26,BK0475,银行金融,4286.340000
2025-08-26,BK1216,生物医疗,5242.380000
2025-08-26,BK0438,消费,31094.920000
2025-08-26,BK0578,稀土永磁,3384.770000
2025-08-26,BK1106,创新药,1678.620000
2025-08-26,BK0710,量子计算,2967.960000
2025-08-26,BK0968,固态电池,2112.780000
2025-08-26,BK1166,低空经济,1737.270000
2025-08-26,BK0668,医疗器械,4541.530000
2025-08-27,BK1134,AI 算力,1931.330000
2025-08-27,BK1128,CPO,4001.390000
2025-08-27,BK0917,半导体,2024.460000
2025-08-27,BK1137,存储,1640.460000
2025-08-27,BK0922,数据中心,2108.290000
2025-08-27,BK0579,云计算,3795.750000
2025-08-27,BK0963,商业航天,2031.030000
2025-08-27,BK0921,卫星,1728.820000
2025-08-27,BK1090,机器人,2049.030000
2025-08-27,BK0802,自动驾驶,2117.510000
2025-08-27,BK0577,核电,2591.620000
2025-08-27,BK0490,军工,79487.070000
2025-08-27,BK0493,新能源,16880.220000
2025-08-27,BK0588,光伏,3630.150000
2025-08-27,BK0574,锂电池,3616.070000
2025-08-27,BK0464,石油,6110.380000
2025-08-27,BK0843,天然气,1523.840000
2025-08-27,BK0478,铜/有色,21127.090000
2025-08-27,BK0547,黄金,15574.170000
2025-08-27,BK0475,银行金融,4206.440000
2025-08-27,BK1216,生物医疗,5089.210000
2025-08-27,BK0438,消费,30538.630000
2025-08-27,BK0578,稀土永磁,3381.770000
2025-08-27,BK1106,创新药,1626.310000
2025-08-27,BK0710,量子计算,2919.750000
2025-08-27,BK0968,固态电池,2063.360000
2025-08-27,BK1166,低空经济,1694.590000
2025-08-27,BK0668,医疗器械,4412.530000
2025-08-28,BK1134,AI 算力,1962.080000
2025-08-28,BK1128,CPO,4243.540000
2025-08-28,BK0917,半导体,2081.000000
2025-08-28,BK1137,存储,1688.590000
2025-08-28,BK0922,数据中心,2131.640000
2025-08-28,BK0579,云计算,3860.640000
2025-08-28,BK0963,商业航天,2076.890000
2025-08-28,BK0921,卫星,1798.880000
2025-08-28,BK1090,机器人,2065.090000
2025-08-28,BK0802,自动驾驶,2151.550000
2025-08-28,BK0577,核电,2603.540000
2025-08-28,BK0490,军工,80543.080000
2025-08-28,BK0493,新能源,16970.480000
2025-08-28,BK0588,光伏,3665.510000
2025-08-28,BK0574,锂电池,3636.080000
2025-08-28,BK0464,石油,6095.490000
2025-08-28,BK0843,天然气,1529.550000
2025-08-28,BK0478,铜/有色,21261.820000
2025-08-28,BK0547,黄金,15686.110000
2025-08-28,BK0475,银行金融,4222.950000
2025-08-28,BK1216,生物医疗,5063.630000
2025-08-28,BK0438,消费,30428.920000
2025-08-28,BK0578,稀土永磁,3442.820000
2025-08-28,BK1106,创新药,1619.580000
2025-08-28,BK0710,量子计算,3005.180000
2025-08-28,BK0968,固态电池,2073.450000
2025-08-28,BK1166,低空经济,1710.850000
2025-08-28,BK0668,医疗器械,4417.580000
2025-08-29,BK1134,AI 算力,1926.960000
2025-08-29,BK1128,CPO,4208.540000
2025-08-29,BK0917,半导体,2060.360000
2025-08-29,BK1137,存储,1657.200000
2025-08-29,BK0922,数据中心,2100.990000
2025-08-29,BK0579,云计算,3801.800000
2025-08-29,BK0963,商业航天,2080.880000
2025-08-29,BK0921,卫星,1809.670000
2025-08-29,BK1090,机器人,2057.130000
2025-08-29,BK0802,自动驾驶,2138.340000
2025-08-29,BK0577,核电,2601.200000
2025-08-29,BK0490,军工,80615.610000
2025-08-29,BK0493,新能源,16948.020000
2025-08-29,BK0588,光伏,3655.310000
2025-08-29,BK0574,锂电池,3678.410000
2025-08-29,BK0464,石油,6075.930000
2025-08-29,BK0843,天然气,1522.650000
2025-08-29,BK0478,铜/有色,21426.680000
2025-08-29,BK0547,黄金,15917.710000
2025-08-29,BK0475,银行金融,4213.880000
2025-08-29,BK1216,生物医疗,5089.500000
2025-08-29,BK0438,消费,30588.180000
2025-08-29,BK0578,稀土永磁,3457.870000
2025-08-29,BK1106,创新药,1637.650000
2025-08-29,BK0710,量子计算,2971.190000
2025-08-29,BK0968,固态电池,2124.160000
2025-08-29,BK1166,低空经济,1709.850000
2025-08-29,BK0668,医疗器械,4415.640000
2025-09-01,BK1134,AI 算力,1958.560000
2025-09-01,BK1128,CPO,4345.190000
2025-09-01,BK0917,半导体,2091.950000
2025-09-01,BK1137,存储,1703.450000
2025-09-01,BK0922,数据中心,2127.790000
2025-09-01,BK0579,云计算,3823.720000
2025-09-01,BK0963,商业航天,2079.660000
2025-09-01,BK0921,卫星,1806.600000
2025-09-01,BK1090,机器人,2067.900000
2025-09-01,BK0802,自动驾驶,2156.660000
2025-09-01,BK0577,核电,2607.330000
2025-09-01,BK0490,军工,80768.410000
2025-09-01,BK0493,新能源,17070.860000
2025-09-01,BK0588,光伏,3693.870000
2025-09-01,BK0574,锂电池,3729.720000
2025-09-01,BK0464,石油,6098.430000
2025-09-01,BK0843,天然气,1538.170000
2025-09-01,BK0478,铜/有色,21854.400000
2025-09-01,BK0547,黄金,16627.180000
2025-09-01,BK0475,银行金融,4182.450000
2025-09-01,BK1216,生物医疗,5187.920000
2025-09-01,BK0438,消费,30796.190000
2025-09-01,BK0578,稀土永磁,3455.060000
2025-09-01,BK1106,创新药,1689.410000
2025-09-01,BK0710,量子计算,3015.730000
2025-09-01,BK0968,固态电池,2161.290000
2025-09-01,BK1166,低空经济,1710.990000
2025-09-01,BK0668,医疗器械,4470.690000
2025-09-02,BK1134,AI 算力,1885.560000
2025-09-02,BK1128,CPO,4101.820000
2025-09-02,BK0917,半导体,2023.990000
2025-09-02,BK1137,存储,1636.970000
2025-09-02,BK0922,数据中心,2054.580000
2025-09-02,BK0579,云计算,3675.320000
2025-09-02,BK0963,商业航天,2020.880000
2025-09-02,BK0921,卫星,1739.810000
2025-09-02,BK1090,机器人,2046.350000
2025-09-02,BK0802,自动驾驶,2107.800000
2025-09-02,BK0577,核电,2574.800000
2025-09-02,BK0490,军工,79094.320000
2025-09-02,BK0493,新能源,16925.410000
2025-09-02,BK0588,光伏,3649.460000
2025-09-02,BK0574,锂电池,3685.460000
2025-09-02,BK0464,石油,6118.190000
2025-09-02,BK0843,天然气,1529.270000
2025-09-02,BK0478,铜/有色,21707.470000
2025-09-02,BK0547,黄金,16699.260000
2025-09-02,BK0475,银行金融,4253.130000
2025-09-02,BK1216,生物医疗,5113.070000
2025-09-02,BK0438,消费,30598.220000
2025-09-02,BK0578,稀土永磁,3358.050000
2025-09-02,BK1106,创新药,1663.510000
2025-09-02,BK0710,量子计算,2901.850000
2025-09-02,BK0968,固态电池,2142.280000
2025-09-02,BK1166,低空经济,1677.370000
2025-09-02,BK0668,医疗器械,4397.600000
2025-09-03,BK1134,AI 算力,1846.800000
2025-09-03,BK1128,CPO,4128.070000
2025-09-03,BK0917,半导体,2001.320000
2025-09-03,BK1137,存储,1610.930000
2025-09-03,BK0922,数据中心,2008.960000
2025-09-03,BK0579,云计算,3583.940000
2025-09-03,BK0963,商业航天,1941.950000
2025-09-03,BK0921,卫星,1676.740000
2025-09-03,BK1090,机器人,1999.060000
2025-09-03,BK0802,自动驾驶,2063.680000
2025-09-03,BK0577,核电,2529.090000
2025-09-03,BK0490,军工,76053.050000
2025-09-03,BK0493,新能源,16652.830000
2025-09-03,BK0588,光伏,3603.470000
2025-09-03,BK0574,锂电池,3642.740000
2025-09-03,BK0464,石油,5975.170000
2025-09-03,BK0843,天然气,1498.310000
2025-09-03,BK0478,铜/有色,21158.150000
2025-09-03,BK0547,黄金,16505.150000
2025-09-03,BK0475,银行金融,4197.570000
2025-09-03,BK1216,生物医疗,5071.390000
2025-09-03,BK0438,消费,29769.460000
2025-09-03,BK0578,稀土永磁,3261.720000
2025-09-03,BK1106,创新药,1659.610000
2025-09-03,BK0710,量子计算,2826.520000
2025-09-03,BK0968,固态电池,2127.170000
2025-09-03,BK1166,低空经济,1627.490000
2025-09-03,BK0668,医疗器械,4331.830000
2025-09-04,BK1134,AI 算力,1792.740000
2025-09-04,BK1128,CPO,3862.880000
2025-09-04,BK0917,半导体,1938.070000
2025-09-04,BK1137,存储,1537.200000
2025-09-04,BK0922,数据中心,1970.670000
2025-09-04,BK0579,云计算,3503.290000
2025-09-04,BK0963,商业航天,1891.370000
2025-09-04,BK0921,卫星,1626.750000
2025-09-04,BK1090,机器人,1962.690000
2025-09-04,BK0802,自动驾驶,2013.920000
2025-09-04,BK0577,核电,2516.590000
2025-09-04,BK0490,军工,74454.850000
2025-09-04,BK0493,新能源,16618.110000
2025-09-04,BK0588,光伏,3595.550000
2025-09-04,BK0574,锂电池,3629.160000
2025-09-04,BK0464,石油,5930.370000
2025-09-04,BK0843,天然气,1498.970000
2025-09-04,BK0478,铜/有色,20726.850000
2025-09-04,BK0547,黄金,16307.620000
2025-09-04,BK0475,银行金融,4213.930000
2025-09-04,BK1216,生物医疗,5023.000000
2025-09-04,BK0438,消费,30532.360000
2025-09-04,BK0578,稀土永磁,3170.100000
2025-09-04,BK1106,创新药,1623.830000
2025-09-04,BK0710,量子计算,2740.920000
2025-09-04,BK0968,固态电池,2120.300000
2025-09-04,BK1166,低空经济,1600.550000
2025-09-04,BK0668,医疗器械,4291.220000
2025-09-05,BK1134,AI 算力,1838.760000
2025-09-05,BK1128,CPO,4066.130000
2025-09-05,BK0917,半导体,2012.600000
2025-09-05,BK1137,存储,1596.630000
2025-09-05,BK0922,数据中心,2027.770000
2025-09-05,BK0579,云计算,3586.290000
2025-09-05,BK0963,商业航天,1937.870000
2025-09-05,BK0921,卫星,1663.420000
2025-09-05,BK1090,机器人,2023.800000
2025-09-05,BK0802,自动驾驶,2075.000000
2025-09-05,BK0577,核电,2581.540000
2025-09-05,BK0490,军工,76261.150000
2025-09-05,BK0493,新能源,17145.130000
2025-09-05,BK0588,光伏,3727.970000
2025-09-05,BK0574,锂电池,3819.020000
2025-09-05,BK0464,石油,6010.850000
2025-09-05,BK0843,天然气,1521.790000
2025-09-05,BK0478,铜/有色,21410.560000
2025-09-05,BK0547,黄金,16753.900000
2025-09-05,BK0475,银行金融,4177.030000
2025-09-05,BK1216,生物医疗,5103.010000
2025-09-05,BK0438,消费,30620.320000
2025-09-05,BK0578,稀土永磁,3284.220000
2025-09-05,BK1106,创新药,1657.800000
2025-09-05,BK0710,量子计算,2822.850000
2025-09-05,BK0968,固态电池,2270.970000
2025-09-05,BK1166,低空经济,1642.500000
2025-09-05,BK0668,医疗器械,4377.290000
2025-09-08,BK1134,AI 算力,1842.970000
2025-09-08,BK1128,CPO,4015.810000
2025-09-08,BK0917,半导体,2036.980000
2025-09-08,BK1137,存储,1614.870000
2025-09-08,BK0922,数据中心,2043.710000
2025-09-08,BK0579,云计算,3606.110000
2025-09-08,BK0963,商业航天,1972.100000
2025-09-08,BK0921,卫星,1718.010000
2025-09-08,BK1090,机器人,2061.190000
2025-09-08,BK0802,自动驾驶,2099.210000
2025-09-08,BK0577,核电,2611.000000
2025-09-08,BK0490,军工,77282.890000
2025-09-08,BK0493,新能源,17407.900000
2025-09-08,BK0588,光伏,3771.100000
2025-09-08,BK0574,锂电池,3874.710000
2025-09-08,BK0464,石油,6079.530000
2025-09-08,BK0843,天然气,1541.900000
2025-09-08,BK0478,铜/有色,21631.030000
2025-09-08,BK0547,黄金,16780.690000
2025-09-08,BK0475,银行金融,4167.480000
2025-09-08,BK1216,生物医疗,5176.930000
2025-09-08,BK0438,消费,30949.660000
2025-09-08,BK0578,稀土永磁,3316.460000
2025-09-08,BK1106,创新药,1662.470000
2025-09-08,BK0710,量子计算,2858.430000
2025-09-08,BK0968,固态电池,2312.500000
2025-09-08,BK1166,低空经济,1669.110000
2025-09-08,BK0668,医疗器械,4472.160000
2025-09-09,BK1134,AI 算力,1811.270000
2025-09-09,BK1128,CPO,3920.350000
2025-09-09,BK0917,半导体,1995.330000
2025-09-09,BK1137,存储,1575.960000
2025-09-09,BK0922,数据中心,2016.100000
2025-09-09,BK0579,云计算,3542.260000
2025-09-09,BK0963,商业航天,1926.920000
2025-09-09,BK0921,卫星,1676.510000
2025-09-09,BK1090,机器人,2029.240000
2025-09-09,BK0802,自动驾驶,2066.060000
2025-09-09,BK0577,核电,2591.220000
2025-09-09,BK0490,军工,76022.380000
2025-09-09,BK0493,新能源,17249.970000
2025-09-09,BK0588,光伏,3731.180000
2025-09-09,BK0574,锂电池,3856.580000
2025-09-09,BK0464,石油,6022.110000
2025-09-09,BK0843,天然气,1533.430000
2025-09-09,BK0478,铜/有色,21633.410000
2025-09-09,BK0547,黄金,17235.790000
2025-09-09,BK0475,银行金融,4206.460000
2025-09-09,BK1216,生物医疗,5087.270000
2025-09-09,BK0438,消费,30884.600000
2025-09-09,BK0578,稀土永磁,3261.460000
2025-09-09,BK1106,创新药,1623.450000
2025-09-09,BK0710,量子计算,2800.090000
2025-09-09,BK0968,固态电池,2311.760000
2025-09-09,BK1166,低空经济,1647.380000
2025-09-09,BK0668,医疗器械,4397.060000
2025-09-10,BK1134,AI 算力,1837.110000
2025-09-10,BK1128,CPO,3973.830000
2025-09-10,BK0917,半导体,1993.760000
2025-09-10,BK1137,存储,1590.260000
2025-09-10,BK0922,数据中心,2031.350000
2025-09-10,BK0579,云计算,3576.500000
2025-09-10,BK0963,商业航天,1932.540000
2025-09-10,BK0921,卫星,1698.910000
2025-09-10,BK1090,机器人,2028.080000
2025-09-10,BK0802,自动驾驶,2071.780000
2025-09-10,BK0577,核电,2585.990000
2025-09-10,BK0490,军工,76158.060000
2025-09-10,BK0493,新能源,17188.040000
2025-09-10,BK0588,光伏,3713.840000
2025-09-10,BK0574,锂电池,3835.710000
2025-09-10,BK0464,石油,6064.460000
2025-09-10,BK0843,天然气,1540.330000
2025-09-10,BK0478,铜/有色,21583.750000
2025-09-10,BK0547,黄金,17076.730000
2025-09-10,BK0475,银行金融,4219.720000
2025-09-10,BK1216,生物医疗,5079.930000
2025-09-10,BK0438,消费,31008.950000
2025-09-10,BK0578,稀土永磁,3256.620000
2025-09-10,BK1106,创新药,1619.720000
2025-09-10,BK0710,量子计算,2811.680000
2025-09-10,BK0968,固态电池,2286.240000
2025-09-10,BK1166,低空经济,1652.410000
2025-09-10,BK0668,医疗器械,4387.380000
2025-09-11,BK1134,AI 算力,1897.950000
2025-09-11,BK1128,CPO,4262.560000
2025-09-11,BK0917,半导体,2054.910000
2025-09-11,BK1137,存储,1655.510000
2025-09-11,BK0922,数据中心,2087.810000
2025-09-11,BK0579,云计算,3680.200000
2025-09-11,BK0963,商业航天,1980.730000
2025-09-11,BK0921,卫星,1748.990000
2025-09-11,BK1090,机器人,2072.600000
2025-09-11,BK0802,自动驾驶,2124.600000
2025-09-11,BK0577,核电,2628.500000
2025-09-11,BK0490,军工,77717.710000
2025-09-11,BK0493,新能源,17406.720000
2025-09-11,BK0588,光伏,3771.570000
2025-09-11,BK0574,锂电池,3885.380000
2025-09-11,BK0464,石油,6074.360000
2025-09-11,BK0843,天然气,1549.040000
2025-09-11,BK0478,铜/有色,21936.150000
2025-09-11,BK0547,黄金,17113.420000
2025-09-11,BK0475,银行金融,4234.560000
2025-09-11,BK1216,生物医疗,5111.720000
2025-09-11,BK0438,消费,30992.640000
2025-09-11,BK0578,稀土永磁,3325.790000
2025-09-11,BK1106,创新药,1624.210000
2025-09-11,BK0710,量子计算,2898.170000
2025-09-11,BK0968,固态电池,2310.530000
2025-09-11,BK1166,低空经济,1682.610000
2025-09-11,BK0668,医疗器械,4447.420000
2025-09-12,BK1134,AI 算力,1912.220000
2025-09-12,BK1128,CPO,4282.020000
2025-09-12,BK0917,半导体,2065.170000
2025-09-12,BK1137,存储,1717.300000
2025-09-12,BK0922,数据中心,2096.360000
2025-09-12,BK0579,云计算,3694.500000
2025-09-12,BK0963,商业航天,1975.290000
2025-09-12,BK0921,卫星,1743.650000
2025-09-12,BK1090,机器人,2068.930000
2025-09-12,BK0802,自动驾驶,2117.820000
2025-09-12,BK0577,核电,2635.260000
2025-09-12,BK0490,军工,77687.650000
2025-09-12,BK0493,新能源,17419.040000
2025-09-12,BK0588,光伏,3762.930000
2025-09-12,BK0574,锂电池,3878.600000
2025-09-12,BK0464,石油,6043.550000
2025-09-12,BK0843,天然气,1546.000000
2025-09-12,BK0478,铜/有色,22525.090000
2025-09-12,BK0547,黄金,17450.010000
2025-09-12,BK0475,银行金融,4175.320000
2025-09-12,BK1216,生物医疗,5125.860000
2025-09-12,BK0438,消费,30640.650000
2025-09-12,BK0578,稀土永磁,3362.100000
2025-09-12,BK1106,创新药,1641.710000
2025-09-12,BK0710,量子计算,2902.960000
2025-09-12,BK0968,固态电池,2294.830000
2025-09-12,BK1166,低空经济,1679.450000
2025-09-12,BK0668,医疗器械,4445.160000
2025-09-15,BK1134,AI 算力,1901.470000
2025-09-15,BK1128,CPO,4261.910000
2025-09-15,BK0917,半导体,2061.210000
2025-09-15,BK1137,存储,1723.670000
2025-09-15,BK0922,数据中心,2086.490000
2025-09-15,BK0579,云计算,3665.500000
2025-09-15,BK0963,商业航天,1960.960000
2025-09-15,BK0921,卫星,1718.800000
2025-09-15,BK1090,机器人,2070.340000
2025-09-15,BK0802,自动驾驶,2128.470000
2025-09-15,BK0577,核电,2636.230000
2025-09-15,BK0490,军工,77161.080000
2025-09-15,BK0493,新能源,17381.760000
2025-09-15,BK0588,光伏,3760.520000
2025-09-15,BK0574,锂电池,3885.120000
2025-09-15,BK0464,石油,6050.880000
2025-09-15,BK0843,天然气,1552.210000
2025-09-15,BK0478,铜/有色,22295.460000
2025-09-15,BK0547,黄金,17236.180000
2025-09-15,BK0475,银行金融,4137.510000
2025-09-15,BK1216,生物医疗,5118.590000
2025-09-15,BK0438,消费,30700.520000
2025-09-15,BK0578,稀土永磁,3338.820000
2025-09-15,BK1106,创新药,1643.610000
2025-09-15,BK0710,量子计算,2902.170000
2025-09-15,BK0968,固态电池,2297.490000
2025-09-15,BK1166,低空经济,1674.060000
2025-09-15,BK0668,医疗器械,4438.290000
2025-09-16,BK1134,AI 算力,1923.280000
2025-09-16,BK1128,CPO,4334.940000
2025-09-16,BK0917,半导体,2077.870000
2025-09-16,BK1137,存储,1753.250000
2025-09-16,BK0922,数据中心,2108.690000
2025-09-16,BK0579,云计算,3714.080000
2025-09-16,BK0963,商业航天,1981.810000
2025-09-16,BK0921,卫星,1732.280000
2025-09-16,BK1090,机器人,2120.360000
2025-09-16,BK0802,自动驾驶,2165.620000
2025-09-16,BK0577,核电,2647.570000
2025-09-16,BK0490,军工,77990.820000
2025-09-16,BK0493,新能源,17443.840000
2025-09-16,BK0588,光伏,3786.830000
2025-09-16,BK0574,锂电池,3900.970000
2025-09-16,BK0464,石油,6067.620000
2025-09-16,BK0843,天然气,1556.930000
2025-09-16,BK0478,铜/有色,22230.930000
2025-09-16,BK0547,黄金,17241.980000
2025-09-16,BK0475,银行金融,4111.480000
2025-09-16,BK1216,生物医疗,5142.410000
2025-09-16,BK0438,消费,30728.560000
2025-09-16,BK0578,稀土永磁,3329.160000
2025-09-16,BK1106,创新药,1643.980000
2025-09-16,BK0710,量子计算,2931.160000
2025-09-16,BK0968,固态电池,2306.460000
2025-09-16,BK1166,低空经济,1700.410000
2025-09-16,BK0668,医疗器械,4492.200000
2025-09-17,BK1134,AI 算力,1923.800000
2025-09-17,BK1128,CPO,4380.830000
2025-09-17,BK0917,半导体,2101.340000
2025-09-17,BK1137,存储,1770.240000
2025-09-17,BK0922,数据中心,2113.970000
2025-09-17,BK0579,云计算,3709.130000
2025-09-17,BK0963,商业航天,1990.140000
2025-09-17,BK0921,卫星,1729.940000
2025-09-17,BK1090,机器人,2147.120000
2025-09-17,BK0802,自动驾驶,2194.370000
2025-09-17,BK0577,核电,2656.520000
2025-09-17,BK0490,军工,78314.600000
2025-09-17,BK0493,新能源,17526.850000
2025-09-17,BK0588,光伏,3813.500000
2025-09-17,BK0574,锂电池,3924.720000
2025-09-17,BK0464,石油,6060.140000
2025-09-17,BK0843,天然气,1560.620000
2025-09-17,BK0478,铜/有色,22466.310000
2025-09-17,BK0547,黄金,17148.200000
2025-09-17,BK0475,银行金融,4099.940000
2025-09-17,BK1216,生物医疗,5115.830000
2025-09-17,BK0438,消费,30422.720000
2025-09-17,BK0578,稀土永磁,3353.550000
2025-09-17,BK1106,创新药,1632.140000
2025-09-17,BK0710,量子计算,2958.690000
2025-09-17,BK0968,固态电池,2323.490000
2025-09-17,BK1166,低空经济,1711.420000
2025-09-17,BK0668,医疗器械,4494.720000
2025-09-18,BK1134,AI 算力,1906.500000
2025-09-18,BK1128,CPO,4462.190000
2025-09-18,BK0917,半导体,2094.730000
2025-09-18,BK1137,存储,1760.710000
2025-09-18,BK0922,数据中心,2085.000000
2025-09-18,BK0579,云计算,3657.960000
2025-09-18,BK0963,商业航天,1976.960000
2025-09-18,BK0921,卫星,1713.830000
2025-09-18,BK1090,机器人,2130.800000
2025-09-18,BK0802,自动驾驶,2182.720000
2025-09-18,BK0577,核电,2626.830000
2025-09-18,BK0490,军工,77461.110000
2025-09-18,BK0493,新能源,17299.650000
2025-09-18,BK0588,光伏,3761.860000
2025-09-18,BK0574,锂电池,3867.140000
2025-09-18,BK0464,石油,5931.600000
2025-09-18,BK0843,天然气,1535.230000
2025-09-18,BK0478,铜/有色,21689.600000
2025-09-18,BK0547,黄金,16634.450000
2025-09-18,BK0475,银行金融,4022.020000
2025-09-18,BK1216,生物医疗,5064.060000
2025-09-18,BK0438,消费,29983.280000
2025-09-18,BK0578,稀土永磁,3265.050000
2025-09-18,BK1106,创新药,1625.560000
2025-09-18,BK0710,量子计算,2957.350000
2025-09-18,BK0968,固态电池,2291.710000
2025-09-18,BK1166,低空经济,1695.870000
2025-09-18,BK0668,医疗器械,4437.240000
2025-09-19,BK1134,AI 算力,1892.190000
2025-09-19,BK1128,CPO,4502.830000
2025-09-19,BK0917,半导体,2089.150000
2025-09-19,BK1137,存储,1770.720000
2025-09-19,BK0922,数据中心,2067.850000
2025-09-19,BK0579,云计算,3627.290000
2025-09-19,BK0963,商业航天,1970.840000
2025-09-19,BK0921,卫星,1697.300000
2025-09-19,BK1090,机器人,2095.770000
2025-09-19,BK0802,自动驾驶,2164.680000
2025-09-19,BK0577,核电,2613.500000
2025-09-19,BK0490,军工,77206.340000
2025-09-19,BK0493,新能源,17202.910000
2025-09-19,BK0588,光伏,3744.470000
2025-09-19,BK0574,锂电池,3853.070000
2025-09-19,BK0464,石油,5936.820000
2025-09-19,BK0843,天然气,1538.040000
2025-09-19,BK0478,铜/有色,21716.410000
2025-09-19,BK0547,黄金,16691.720000
2025-09-19,BK0475,银行金融,4027.750000
2025-09-19,BK1216,生物医疗,4994.570000
2025-09-19,BK0438,消费,29850.340000
2025-09-19,BK0578,稀土永磁,3233.690000
2025-09-19,BK1106,创新药,1595.850000
2025-09-19,BK0710,量子计算,2950.490000
2025-09-19,BK0968,固态电池,2272.890000
2025-09-19,BK1166,低空经济,1684.130000
2025-09-19,BK0668,医疗器械,4393.900000
2025-09-22,BK1134,AI 算力,1925.210000
2025-09-22,BK1128,CPO,4577.140000
2025-09-22,BK0917,半导体,2116.380000
2025-09-22,BK1137,存储,1822.260000
2025-09-22,BK0922,数据中心,2097.080000
2025-09-22,BK0579,云计算,3676.490000
2025-09-22,BK0963,商业航天,1982.050000
2025-09-22,BK0921,卫星,1705.650000
2025-09-22,BK1090,机器人,2114.120000
2025-09-22,BK0802,自动驾驶,2178.100000
2025-09-22,BK0577,核电,2606.000000
2025-09-22,BK0490,军工,77469.820000
2025-09-22,BK0493,新能源,17148.270000
2025-09-22,BK0588,光伏,3736.530000
2025-09-22,BK0574,锂电池,3870.410000
2025-09-22,BK0464,石油,5896.540000
2025-09-22,BK0843,天然气,1535.020000
2025-09-22,BK0478,铜/有色,21769.770000
2025-09-22,BK0547,黄金,16876.770000
2025-09-22,BK0475,银行金融,3989.310000
2025-09-22,BK1216,生物医疗,4975.090000
2025-09-22,BK0438,消费,29456.400000
2025-09-22,BK0578,稀土永磁,3240.880000
2025-09-22,BK1106,创新药,1593.130000
2025-09-22,BK0710,量子计算,2999.900000
2025-09-22,BK0968,固态电池,2283.890000
2025-09-22,BK1166,低空经济,1689.670000
2025-09-22,BK0668,医疗器械,4385.960000
2025-09-23,BK1134,AI 算力,1897.750000
2025-09-23,BK1128,CPO,4516.480000
2025-09-23,BK0917,半导体,2108.000000
2025-09-23,BK1137,存储,1825.600000
2025-09-23,BK0922,数据中心,2066.900000
2025-09-23,BK0579,云计算,3604.400000
2025-09-23,BK0963,商业航天,1955.270000
2025-09-23,BK0921,卫星,1675.600000
2025-09-23,BK1090,机器人,2084.040000
2025-09-23,BK0802,自动驾驶,2157.590000
2025-09-23,BK0577,核电,2590.770000
2025-09-23,BK0490,军工,76328.860000
2025-09-23,BK0493,新能源,17022.440000
2025-09-23,BK0588,光伏,3697.120000
2025-09-23,BK0574,锂电池,3821.310000
2025-09-23,BK0464,石油,5827.620000
2025-09-23,BK0843,天然气,1525.170000
2025-09-23,BK0478,铜/有色,21462.780000
2025-09-23,BK0547,黄金,16755.810000
2025-09-23,BK0475,银行金融,4040.210000
2025-09-23,BK1216,生物医疗,4876.810000
2025-09-23,BK0438,消费,29082.220000
2025-09-23,BK0578,稀土永磁,3176.750000
2025-09-23,BK1106,创新药,1557.520000
2025-09-23,BK0710,量子计算,2941.490000
2025-09-23,BK0968,固态电池,2257.670000
2025-09-23,BK1166,低空经济,1662.280000
2025-09-23,BK0668,医疗器械,4317.390000
2025-09-24,BK1134,AI 算力,1930.280000
2025-09-24,BK1128,CPO,4528.020000
2025-09-24,BK0917,半导体,2179.480000
2025-09-24,BK1137,存储,1896.140000
2025-09-24,BK0922,数据中心,2096.550000
2025-09-24,BK0579,云计算,3681.430000
2025-09-24,BK0963,商业航天,1986.150000
2025-09-24,BK0921,卫星,1702.270000
2025-09-24,BK1090,机器人,2123.350000
2025-09-24,BK0802,自动驾驶,2189.340000
2025-09-24,BK0577,核电,2612.310000
2025-09-24,BK0490,军工,77535.350000
2025-09-24,BK0493,新能源,17286.840000
2025-09-24,BK0588,光伏,3763.830000
2025-09-24,BK0574,锂电池,3903.350000
2025-09-24,BK0464,石油,5890.460000
2025-09-24,BK0843,天然气,1547.800000
2025-09-24,BK0478,铜/有色,21752.900000
2025-09-24,BK0547,黄金,16927.300000
2025-09-24,BK0475,银行金融,4038.510000
2025-09-24,BK1216,生物医疗,4959.040000
2025-09-24,BK0438,消费,29331.650000
2025-09-24,BK0578,稀土永磁,3232.200000
2025-09-24,BK1106,创新药,1583.880000
2025-09-24,BK0710,量子计算,2990.350000
2025-09-24,BK0968,固态电池,2316.500000
2025-09-24,BK1166,低空经济,1691.830000
2025-09-24,BK0668,医疗器械,4393.170000
2025-09-25,BK1134,AI 算力,1934.970000
2025-09-25,BK1128,CPO,4555.310000
2025-09-25,BK0917,半导体,2166.440000
2025-09-25,BK1137,存储,1875.580000
2025-09-25,BK0922,数据中心,2099.890000
2025-09-25,BK0579,云计算,3703.200000
2025-09-25,BK0963,商业航天,1972.110000
2025-09-25,BK0921,卫星,1692.350000
2025-09-25,BK1090,机器人,2110.680000
2025-09-25,BK0802,自动驾驶,2179.230000
2025-09-25,BK0577,核电,2613.950000
2025-09-25,BK0490,军工,77061.990000
2025-09-25,BK0493,新能源,17259.240000
2025-09-25,BK0588,光伏,3749.810000
2025-09-25,BK0574,锂电池,3877.270000
2025-09-25,BK0464,石油,5855.330000
2025-09-25,BK0843,天然气,1525.820000
2025-09-25,BK0478,铜/有色,21913.850000
2025-09-25,BK0547,黄金,16896.310000
2025-09-25,BK0475,银行金融,3999.250000
2025-09-25,BK1216,生物医疗,4931.170000
2025-09-25,BK0438,消费,29117.480000
2025-09-25,BK0578,稀土永磁,3242.210000
2025-09-25,BK1106,创新药,1574.400000
2025-09-25,BK0710,量子计算,3008.900000
2025-09-25,BK0968,固态电池,2301.020000
2025-09-25,BK1166,低空经济,1678.350000
2025-09-25,BK0668,医疗器械,4372.540000
2025-09-26,BK1134,AI 算力,1881.220000
2025-09-26,BK1128,CPO,4400.210000
2025-09-26,BK0917,半导体,2132.760000
2025-09-26,BK1137,存储,1848.840000
2025-09-26,BK0922,数据中心,2054.500000
2025-09-26,BK0579,云计算,3602.370000
2025-09-26,BK0963,商业航天,1944.870000
2025-09-26,BK0921,卫星,1661.450000
2025-09-26,BK1090,机器人,2072.220000
2025-09-26,BK0802,自动驾驶,2139.770000
2025-09-26,BK0577,核电,2595.380000
2025-09-26,BK0490,军工,76399.320000
2025-09-26,BK0493,新能源,17268.360000
2025-09-26,BK0588,光伏,3731.560000
2025-09-26,BK0574,锂电池,3848.930000
2025-09-26,BK0464,石油,5882.460000
2025-09-26,BK0843,天然气,1525.880000
2025-09-26,BK0478,铜/有色,21919.290000
2025-09-26,BK0547,黄金,16913.310000
2025-09-26,BK0475,银行金融,4009.410000
2025-09-26,BK1216,生物医疗,4867.460000
2025-09-26,BK0438,消费,29139.690000
2025-09-26,BK0578,稀土永磁,3223.830000
2025-09-26,BK1106,创新药,1541.340000
2025-09-26,BK0710,量子计算,2938.900000
2025-09-26,BK0968,固态电池,2271.750000
2025-09-26,BK1166,低空经济,1659.390000
2025-09-26,BK0668,医疗器械,4316.640000
2025-09-29,BK1134,AI 算力,1891.070000
2025-09-29,BK1128,CPO,4448.720000
2025-09-29,BK0917,半导体,2153.190000
2025-09-29,BK1137,存储,1886.300000
2025-09-29,BK0922,数据中心,2073.020000
2025-09-29,BK0579,云计算,3629.010000
2025-09-29,BK0963,商业航天,1961.920000
2025-09-29,BK0921,卫星,1675.820000
2025-09-29,BK1090,机器人,2097.350000
2025-09-29,BK0802,自动驾驶,2161.450000
2025-09-29,BK0577,核电,2609.870000
2025-09-29,BK0490,军工,76757.930000
2025-09-29,BK0493,新能源,17449.360000
2025-09-29,BK0588,光伏,3773.900000
2025-09-29,BK0574,锂电池,3947.320000
2025-09-29,BK0464,石油,5918.310000
2025-09-29,BK0843,天然气,1538.510000
2025-09-29,BK0478,铜/有色,22415.730000
2025-09-29,BK0547,黄金,17301.520000
2025-09-29,BK0475,银行金融,4003.690000
2025-09-29,BK1216,生物医疗,4879.020000
2025-09-29,BK0438,消费,29081.520000
2025-09-29,BK0578,稀土永磁,3267.200000
2025-09-29,BK1106,创新药,1539.210000
2025-09-29,BK0710,量子计算,2961.250000
2025-09-29,BK0968,固态电池,2341.630000
2025-09-29,BK1166,低空经济,1671.650000
2025-09-29,BK0668,医疗器械,4340.100000
2025-09-30,BK1134,AI 算力,1906.460000
2025-09-30,BK1128,CPO,4429.040000
2025-09-30,BK0917,半导体,2179.130000
2025-09-30,BK1137,存储,1952.760000
2025-09-30,BK0922,数据中心,2074.610000
2025-09-30,BK0579,云计算,3667.130000
2025-09-30,BK0963,商业航天,1985.820000
2025-09-30,BK0921,卫星,1703.260000
2025-09-30,BK1090,机器人,2103.930000
2025-09-30,BK0802,自动驾驶,2176.600000
2025-09-30,BK0577,核电,2622.500000
2025-09-30,BK0490,军工,77600.020000
2025-09-30,BK0493,新能源,17479.650000
2025-09-30,BK0588,光伏,3798.710000
2025-09-30,BK0574,锂电池,3996.220000
2025-09-30,BK0464,石油,5911.400000
2025-09-30,BK0843,天然气,1539.860000
2025-09-30,BK0478,铜/有色,22918.800000
2025-09-30,BK0547,黄金,17648.340000
2025-09-30,BK0475,银行金融,3965.300000
2025-09-30,BK1216,生物医疗,4913.040000
2025-09-30,BK0438,消费,29059.420000
2025-09-30,BK0578,稀土永磁,3313.630000
2025-09-30,BK1106,创新药,1552.070000
2025-09-30,BK0710,量子计算,2976.290000
2025-09-30,BK0968,固态电池,2371.590000
2025-09-30,BK1166,低空经济,1682.910000
2025-09-30,BK0668,医疗器械,4368.440000
2025-10-09,BK1134,AI 算力,1916.840000
2025-10-09,BK1128,CPO,4466.300000
2025-10-09,BK0917,半导体,2222.620000
2025-10-09,BK1137,存储,2004.710000
2025-10-09,BK0922,数据中心,2093.450000
2025-10-09,BK0579,云计算,3700.420000
2025-10-09,BK0963,商业航天,2014.750000
2025-10-09,BK0921,卫星,1725.480000
2025-10-09,BK1090,机器人,2121.020000
2025-10-09,BK0802,自动驾驶,2189.690000
2025-10-09,BK0577,核电,2709.820000
2025-10-09,BK0490,军工,78656.190000
2025-10-09,BK0493,新能源,17785.680000
2025-10-09,BK0588,光伏,3866.730000
2025-10-09,BK0574,锂电池,4053.840000
2025-10-09,BK0464,石油,6005.100000
2025-10-09,BK0843,天然气,1568.620000
2025-10-09,BK0478,铜/有色,24009.290000
2025-10-09,BK0547,黄金,18536.690000
2025-10-09,BK0475,银行金融,3964.040000
2025-10-09,BK1216,生物医疗,4911.870000
2025-10-09,BK0438,消费,29021.440000
2025-10-09,BK0578,稀土永磁,3478.640000
2025-10-09,BK1106,创新药,1548.050000
2025-10-09,BK0710,量子计算,3041.280000
2025-10-09,BK0968,固态电池,2408.070000
2025-10-09,BK1166,低空经济,1694.400000
2025-10-09,BK0668,医疗器械,4391.960000
2025-10-10,BK1134,AI 算力,1877.230000
2025-10-10,BK1128,CPO,4296.980000
2025-10-10,BK0917,半导体,2164.690000
2025-10-10,BK1137,存储,1927.040000
2025-10-10,BK0922,数据中心,2065.290000
2025-10-10,BK0579,云计算,3620.240000
2025-10-10,BK0963,商业航天,1986.370000
2025-10-10,BK0921,卫星,1692.670000
2025-10-10,BK1090,机器人,2094.760000
2025-10-10,BK0802,自动驾驶,2156.450000
2025-10-10,BK0577,核电,2718.160000
2025-10-10,BK0490,军工,78306.330000
2025-10-10,BK0493,新能源,17793.340000
2025-10-10,BK0588,光伏,3833.670000
2025-10-10,BK0574,锂电池,3971.730000
2025-10-10,BK0464,石油,6066.350000
2025-10-10,BK0843,天然气,1591.980000
2025-10-10,BK0478,铜/有色,23743.620000
2025-10-10,BK0547,黄金,18397.120000
2025-10-10,BK0475,银行金融,3993.120000
2025-10-10,BK1216,生物医疗,4898.010000
2025-10-10,BK0438,消费,29424.040000
2025-10-10,BK0578,稀土永磁,3413.240000
2025-10-10,BK1106,创新药,1535.110000
2025-10-10,BK0710,量子计算,2976.990000
2025-10-10,BK0968,固态电池,2326.680000
2025-10-10,BK1166,低空经济,1677.470000
2025-10-10,BK0668,医疗器械,4372.960000
2025-10-13,BK1134,AI 算力,1869.400000
2025-10-13,BK1128,CPO,4248.110000
2025-10-13,BK0917,半导体,2186.310000
2025-10-13,BK1137,存储,1923.270000
2025-10-13,BK0922,数据中心,2052.560000
2025-10-13,BK0579,云计算,3614.290000
2025-10-13,BK0963,商业航天,2000.660000
2025-10-13,BK0921,卫星,1705.810000
2025-10-13,BK1090,机器人,2075.530000
2025-10-13,BK0802,自动驾驶,2139.150000
2025-10-13,BK0577,核电,2734.150000
2025-10-13,BK0490,军工,78908.560000
2025-10-13,BK0493,新能源,17703.300000
2025-10-13,BK0588,光伏,3816.600000
2025-10-13,BK0574,锂电池,3979.580000
2025-10-13,BK0464,石油,5998.600000
2025-10-13,BK0843,天然气,1584.710000
2025-10-13,BK0478,铜/有色,23985.580000
2025-10-13,BK0547,黄金,18752.780000
2025-10-13,BK0475,银行金融,4027.350000
2025-10-13,BK1216,生物医疗,4852.300000
2025-10-13,BK0438,消费,29263.140000
2025-10-13,BK0578,稀土永磁,3661.570000
2025-10-13,BK1106,创新药,1519.070000
2025-10-13,BK0710,量子计算,2988.700000
2025-10-13,BK0968,固态电池,2329.880000
2025-10-13,BK1166,低空经济,1673.850000
2025-10-13,BK0668,医疗器械,4345.370000
2025-10-14,BK1134,AI 算力,1827.350000
2025-10-14,BK1128,CPO,4044.200000
2025-10-14,BK0917,半导体,2122.980000
2025-10-14,BK1137,存储,1862.780000
2025-10-14,BK0922,数据中心,2021.280000
2025-10-14,BK0579,云计算,3530.410000
2025-10-14,BK0963,商业航天,1962.820000
2025-10-14,BK0921,卫星,1677.340000
2025-10-14,BK1090,机器人,2028.150000
2025-10-14,BK0802,自动驾驶,2087.320000
2025-10-14,BK0577,核电,2708.750000
2025-10-14,BK0490,军工,77648.360000
2025-10-14,BK0493,新能源,17570.220000
2025-10-14,BK0588,光伏,3792.490000
2025-10-14,BK0574,锂电池,3885.870000
2025-10-14,BK0464,石油,6000.110000
2025-10-14,BK0843,天然气,1598.950000
2025-10-14,BK0478,铜/有色,23615.860000
2025-10-14,BK0547,黄金,18513.970000
2025-10-14,BK0475,银行金融,4122.340000
2025-10-14,BK1216,生物医疗,4815.880000
2025-10-14,BK0438,消费,29301.420000
2025-10-14,BK0578,稀土永磁,3570.770000
2025-10-14,BK1106,创新药,1497.400000
2025-10-14,BK0710,量子计算,2917.340000
2025-10-14,BK0968,固态电池,2266.470000
2025-10-14,BK1166,低空经济,1649.030000
2025-10-14,BK0668,医疗器械,4298.010000
2025-10-15,BK1134,AI 算力,1859.400000
2025-10-15,BK1128,CPO,4134.510000
2025-10-15,BK0917,半导体,2141.600000
2025-10-15,BK1137,存储,1890.130000
2025-10-15,BK0922,数据中心,2057.860000
2025-10-15,BK0579,云计算,3587.960000
2025-10-15,BK0963,商业航天,1990.120000
2025-10-15,BK0921,卫星,1701.820000
2025-10-15,BK1090,机器人,2067.000000
2025-10-15,BK0802,自动驾驶,2128.500000
2025-10-15,BK0577,核电,2748.340000
2025-10-15,BK0490,军工,78598.570000
2025-10-15,BK0493,新能源,17802.660000
2025-10-15,BK0588,光伏,3855.480000
2025-10-15,BK0574,锂电池,3937.180000
2025-10-15,BK0464,石油,6022.460000
2025-10-15,BK0843,天然气,1605.640000
2025-10-15,BK0478,铜/有色,23890.350000
2025-10-15,BK0547,黄金,18762.820000
2025-10-15,BK0475,银行金融,4139.660000
2025-10-15,BK1216,生物医疗,4913.110000
2025-10-15,BK0438,消费,29620.750000
2025-10-15,BK0578,稀土永磁,3557.760000
2025-10-15,BK1106,创新药,1541.290000
2025-10-15,BK0710,量子计算,2969.590000
2025-10-15,BK0968,固态电池,2299.010000
2025-10-15,BK1166,低空经济,1673.620000
2025-10-15,BK0668,医疗器械,4362.910000
2025-10-16,BK1134,AI 算力,1841.270000
2025-10-16,BK1128,CPO,4114.350000
2025-10-16,BK0917,半导体,2116.400000
2025-10-16,BK1137,存储,1907.930000
2025-10-16,BK0922,数据中心,2040.770000
2025-10-16,BK0579,云计算,3554.390000
2025-10-16,BK0963,商业航天,1957.970000
2025-10-16,BK0921,卫星,1665.940000
2025-10-16,BK1090,机器人,2035.040000
2025-10-16,BK0802,自动驾驶,2110.880000
2025-10-16,BK0577,核电,2706.930000
2025-10-16,BK0490,军工,77498.980000
2025-10-16,BK0493,新能源,17592.720000
2025-10-16,BK0588,光伏,3818.020000
2025-10-16,BK0574,锂电池,3892.860000
2025-10-16,BK0464,石油,5952.350000
2025-10-16,BK0843,天然气,1585.920000
2025-10-16,BK0478,铜/有色,23434.000000
2025-10-16,BK0547,黄金,18568.970000
2025-10-16,BK0475,银行金融,4193.640000
2025-10-16,BK1216,生物医疗,4911.700000
2025-10-16,BK0438,消费,29319.230000
2025-10-16,BK0578,稀土永磁,3478.580000
2025-10-16,BK1106,创新药,1543.670000
2025-10-16,BK0710,量子计算,2928.730000
2025-10-16,BK0968,固态电池,2268.190000
2025-10-16,BK1166,低空经济,1646.830000
2025-10-16,BK0668,医疗器械,4328.310000
2025-10-17,BK1134,AI 算力,1784.740000
2025-10-17,BK1128,CPO,3963.350000
2025-10-17,BK0917,半导体,2034.250000
2025-10-17,BK1137,存储,1840.660000
2025-10-17,BK0922,数据中心,1980.110000
2025-10-17,BK0579,云计算,3443.950000
2025-10-17,BK0963,商业航天,1889.480000
2025-10-17,BK0921,卫星,1615.530000
2025-10-17,BK1090,机器人,1969.220000
2025-10-17,BK0802,自动驾驶,2036.180000
2025-10-17,BK0577,核电,2620.590000
2025-10-17,BK0490,军工,75060.440000
2025-10-17,BK0493,新能源,17074.160000
2025-10-17,BK0588,光伏,3690.640000
2025-10-17,BK0574,锂电池,3768.810000
2025-10-17,BK0464,石油,5938.620000
2025-10-17,BK0843,天然气,1574.660000
2025-10-17,BK0478,铜/有色,22870.790000
2025-10-17,BK0547,黄金,18373.090000
2025-10-17,BK0475,银行金融,4190.180000
2025-10-17,BK1216,生物医疗,4843.320000
2025-10-17,BK0438,消费,28989.570000
2025-10-17,BK0578,稀土永磁,3368.880000
2025-10-17,BK1106,创新药,1522.080000
2025-10-17,BK0710,量子计算,2836.300000
2025-10-17,BK0968,固态电池,2185.730000
2025-10-17,BK1166,低空经济,1599.670000
2025-10-17,BK0668,医疗器械,4241.100000
2025-10-20,BK1134,AI 算力,1810.200000
2025-10-20,BK1128,CPO,4093.770000
2025-10-20,BK0917,半导体,2066.190000
2025-10-20,BK1137,存储,1860.150000
2025-10-20,BK0922,数据中心,2010.920000
2025-10-20,BK0579,云计算,3487.320000
2025-10-20,BK0963,商业航天,1926.090000
2025-10-20,BK0921,卫星,1652.530000
2025-10-20,BK1090,机器人,2003.160000
2025-10-20,BK0802,自动驾驶,2062.740000
2025-10-20,BK0577,核电,2651.260000
2025-10-20,BK0490,军工,76116.710000
2025-10-20,BK0493,新能源,17302.030000
2025-10-20,BK0588,光伏,3731.290000
2025-10-20,BK0574,锂电池,3826.950000
2025-10-20,BK0464,石油,6011.400000
2025-10-20,BK0843,天然气,1613.060000
2025-10-20,BK0478,铜/有色,22909.610000
2025-10-20,BK0547,黄金,17938.700000
2025-10-20,BK0475,银行金融,4190.910000
2025-10-20,BK1216,生物医疗,4879.970000
2025-10-20,BK0438,消费,29081.650000
2025-10-20,BK0578,稀土永磁,3368.250000
2025-10-20,BK1106,创新药,1526.050000
2025-10-20,BK0710,量子计算,2896.790000
2025-10-20,BK0968,固态电池,2222.460000
2025-10-20,BK1166,低空经济,1623.530000
2025-10-20,BK0668,医疗器械,4292.120000
2025-10-21,BK1134,AI 算力,1837.630000
2025-10-21,BK1128,CPO,4266.110000
2025-10-21,BK0917,半导体,2110.260000
2025-10-21,BK1137,存储,1912.710000
2025-10-21,BK0922,数据中心,2045.270000
2025-10-21,BK0579,云计算,3547.820000
2025-10-21,BK0963,商业航天,1950.960000
2025-10-21,BK0921,卫星,1670.980000
2025-10-21,BK1090,机器人,2038.450000
2025-10-21,BK0802,自动驾驶,2104.000000
2025-10-21,BK0577,核电,2703.450000
2025-10-21,BK0490,军工,77341.370000
2025-10-21,BK0493,新能源,17602.750000
2025-10-21,BK0588,光伏,3793.730000
2025-10-21,BK0574,锂电池,3883.070000
2025-10-21,BK0464,石油,6134.100000
2025-10-21,BK0843,天然气,1642.540000
2025-10-21,BK0478,铜/有色,23243.570000
2025-10-21,BK0547,黄金,18118.990000
2025-10-21,BK0475,银行金融,4199.080000
2025-10-21,BK1216,生物医疗,4943.320000
2025-10-21,BK0438,消费,29422.430000
2025-10-21,BK0578,稀土永磁,3406.170000
2025-10-21,BK1106,创新药,1538.250000
2025-10-21,BK0710,量子计算,2939.500000
2025-10-21,BK0968,固态电池,2255.730000
2025-10-21,BK1166,低空经济,1651.780000
2025-10-21,BK0668,医疗器械,4351.930000
2025-10-22,BK1134,AI 算力,1832.670000
2025-10-22,BK1128,CPO,4253.340000
2025-10-22,BK0917,半导体,2096.000000
2025-10-22,BK1137,存储,1885.710000
2025-10-22,BK0922,数据中心,2032.090000
2025-10-22,BK0579,云计算,3530.810000
2025-10-22,BK0963,商业航天,1943.960000
2025-10-22,BK0921,卫星,1664.260000
2025-10-22,BK1090,机器人,2033.740000
2025-10-22,BK0802,自动驾驶,2098.570000
2025-10-22,BK0577,核电,2704.960000
2025-10-22,BK0490,军工,77031.380000
2025-10-22,BK0493,新能源,17524.800000
2025-10-22,BK0588,光伏,3768.180000
2025-10-22,BK0574,锂电池,3853.780000
2025-10-22,BK0464,石油,6210.550000
2025-10-22,BK0843,天然气,1641.780000
2025-10-22,BK0478,铜/有色,23095.090000
2025-10-22,BK0547,黄金,17774.770000
2025-10-22,BK0475,银行金融,4240.700000
2025-10-22,BK1216,生物医疗,4953.010000
2025-10-22,BK0438,消费,29442.720000
2025-10-22,BK0578,稀土永磁,3351.920000
2025-10-22,BK1106,创新药,1540.500000
2025-10-22,BK0710,量子计算,2923.410000
2025-10-22,BK0968,固态电池,2231.260000
2025-10-22,BK1166,低空经济,1648.840000
2025-10-22,BK0668,医疗器械,4346.710000
2025-10-23,BK1134,AI 算力,1828.480000
2025-10-23,BK1128,CPO,4191.460000
2025-10-23,BK0917,半导体,2087.180000
2025-10-23,BK1137,存储,1872.970000
2025-10-23,BK0922,数据中心,2034.780000
2025-10-23,BK0579,云计算,3556.060000
2025-10-23,BK0963,商业航天,1939.460000
2025-10-23,BK0921,卫星,1659.740000
2025-10-23,BK1090,机器人,2028.830000
2025-10-23,BK0802,自动驾驶,2093.830000
2025-10-23,BK0577,核电,2711.800000
2025-10-23,BK0490,军工,77010.940000
2025-10-23,BK0493,新能源,17586.750000
2025-10-23,BK0588,光伏,3776.290000
2025-10-23,BK0574,锂电池,3875.720000
2025-10-23,BK0464,石油,6218.300000
2025-10-23,BK0843,天然气,1646.360000
2025-10-23,BK0478,铜/有色,23346.680000
2025-10-23,BK0547,黄金,17804.060000
2025-10-23,BK0475,银行金融,4260.980000
2025-10-23,BK1216,生物医疗,4926.800000
2025-10-23,BK0438,消费,29500.420000
2025-10-23,BK0578,稀土永磁,3321.310000
2025-10-23,BK1106,创新药,1521.470000
2025-10-23,BK0710,量子计算,3004.200000
2025-10-23,BK0968,固态电池,2240.430000
2025-10-23,BK1166,低空经济,1650.930000
2025-10-23,BK0668,医疗器械,4349.190000
2025-10-24,BK1134,AI 算力,1851.520000
2025-10-24,BK1128,CPO,4360.780000
2025-10-24,BK0917,半导体,2144.590000
2025-10-24,BK1137,存储,1987.550000
2025-10-24,BK0922,数据中心,2056.200000
2025-10-24,BK0579,云计算,3594.510000
2025-10-24,BK0963,商业航天,1996.670000
2025-10-24,BK0921,卫星,1717.820000
2025-10-24,BK1090,机器人,2063.140000
2025-10-24,BK0802,自动驾驶,2131.470000
2025-10-24,BK0577,核电,2716.970000
2025-10-24,BK0490,军工,78334.980000
2025-10-24,BK0493,新能源,17591.110000
2025-10-24,BK0588,光伏,3798.160000
2025-10-24,BK0574,锂电池,3929.990000
2025-10-24,BK0464,石油,6192.230000
2025-10-24,BK0843,天然气,1627.720000
2025-10-24,BK0478,铜/有色,23594.890000
2025-10-24,BK0547,黄金,17762.660000
2025-10-24,BK0475,银行金融,4226.540000
2025-10-24,BK1216,生物医疗,4926.910000
2025-10-24,BK0438,消费,29314.350000
2025-10-24,BK0578,稀土永磁,3385.860000
2025-10-24,BK1106,创新药,1522.470000
2025-10-24,BK0710,量子计算,3046.790000
2025-10-24,BK0968,固态电池,2277.830000
2025-10-24,BK1166,低空经济,1671.020000
2025-10-24,BK0668,医疗器械,4378.710000
2025-10-27,BK1134,AI 算力,1863.640000
2025-10-27,BK1128,CPO,4478.510000
2025-10-27,BK0917,半导体,2176.510000
2025-10-27,BK1137,存储,2056.260000
2025-10-27,BK0922,数据中心,2073.650000
2025-10-27,BK0579,云计算,3610.880000
2025-10-27,BK0963,商业航天,2025.550000
2025-10-27,BK0921,卫星,1744.160000
2025-10-27,BK1090,机器人,2084.200000
2025-10-27,BK0802,自动驾驶,2152.830000
2025-10-27,BK0577,核电,2764.410000
2025-10-27,BK0490,军工,79166.860000
2025-10-27,BK0493,新能源,17684.820000
2025-10-27,BK0588,光伏,3828.430000
2025-10-27,BK0574,锂电池,3974.710000
2025-10-27,BK0464,石油,6204.400000
2025-10-27,BK0843,天然气,1632.440000
2025-10-27,BK0478,铜/有色,23845.930000
2025-10-27,BK0547,黄金,17957.210000
2025-10-27,BK0475,银行金融,4229.550000
2025-10-27,BK1216,生物医疗,4953.740000
2025-10-27,BK0438,消费,29457.220000
2025-10-27,BK0578,稀土永磁,3446.490000
2025-10-27,BK1106,创新药,1536.070000
2025-10-27,BK0710,量子计算,3105.030000
2025-10-27,BK0968,固态电池,2297.070000
2025-10-27,BK1166,低空经济,1685.880000
2025-10-27,BK0668,医疗器械,4408.000000
2025-10-28,BK1134,AI 算力,1863.110000
2025-10-28,BK1128,CPO,4509.790000
2025-10-28,BK0917,半导体,2174.360000
2025-10-28,BK1137,存储,2042.690000
2025-10-28,BK0922,数据中心,2074.420000
2025-10-28,BK0579,云计算,3621.270000
2025-10-28,BK0963,商业航天,2032.070000
2025-10-28,BK0921,卫星,1756.440000
2025-10-28,BK1090,机器人,2085.670000
2025-10-28,BK0802,自动驾驶,2156.170000
2025-10-28,BK0577,核电,2768.710000
2025-10-28,BK0490,军工,79598.610000
2025-10-28,BK0493,新能源,17658.480000
2025-10-28,BK0588,光伏,3824.230000
2025-10-28,BK0574,锂电池,3984.800000
2025-10-28,BK0464,石油,6235.190000
2025-10-28,BK0843,天然气,1628.680000
2025-10-28,BK0478,铜/有色,23558.440000
2025-10-28,BK0547,黄金,17684.740000
2025-10-28,BK0475,银行金融,4220.290000
2025-10-28,BK1216,生物医疗,4946.360000
2025-10-28,BK0438,消费,29351.440000
2025-10-28,BK0578,稀土永磁,3406.790000
2025-10-28,BK1106,创新药,1526.770000
2025-10-28,BK0710,量子计算,3135.690000
2025-10-28,BK0968,固态电池,2308.730000
2025-10-28,BK1166,低空经济,1689.310000
2025-10-28,BK0668,医疗器械,4411.390000
2025-10-29,BK1134,AI 算力,1866.740000
2025-10-29,BK1128,CPO,4597.700000
2025-10-29,BK0917,半导体,2192.760000
2025-10-29,BK1137,存储,2048.590000
2025-10-29,BK0922,数据中心,2089.870000
2025-10-29,BK0579,云计算,3633.370000
2025-10-29,BK0963,商业航天,2046.110000
2025-10-29,BK0921,卫星,1765.460000
2025-10-29,BK1090,机器人,2097.370000
2025-10-29,BK0802,自动驾驶,2170.500000
2025-10-29,BK0577,核电,2803.770000
2025-10-29,BK0490,军工,80144.010000
2025-10-29,BK0493,新能源,17896.640000
2025-10-29,BK0588,光伏,3883.600000
2025-10-29,BK0574,锂电池,4059.130000
2025-10-29,BK0464,石油,6264.510000
2025-10-29,BK0843,天然气,1638.310000
2025-10-29,BK0478,铜/有色,24351.050000
2025-10-29,BK0547,黄金,18134.780000
2025-10-29,BK0475,银行金融,4144.030000
2025-10-29,BK1216,生物医疗,4956.510000
2025-10-29,BK0438,消费,29358.760000
2025-10-29,BK0578,稀土永磁,3475.220000
2025-10-29,BK1106,创新药,1537.060000
2025-10-29,BK0710,量子计算,3225.880000
2025-10-29,BK0968,固态电池,2362.540000
2025-10-29,BK1166,低空经济,1694.750000
2025-10-29,BK0668,医疗器械,4410.720000
2025-10-30,BK1134,AI 算力,1842.080000
2025-10-30,BK1128,CPO,4444.710000
2025-10-30,BK0917,半导体,2155.770000
2025-10-30,BK1137,存储,2020.670000
2025-10-30,BK0922,数据中心,2065.050000
2025-10-30,BK0579,云计算,3599.150000
2025-10-30,BK0963,商业航天,2023.400000
2025-10-30,BK0921,卫星,1749.090000
2025-10-30,BK1090,机器人,2068.960000
2025-10-30,BK0802,自动驾驶,2143.340000
2025-10-30,BK0577,核电,2749.910000
2025-10-30,BK0490,军工,79295.360000
2025-10-30,BK0493,新能源,17745.080000
2025-10-30,BK0588,光伏,3834.280000
2025-10-30,BK0574,锂电池,4048.530000
2025-10-30,BK0464,石油,6185.070000
2025-10-30,BK0843,天然气,1630.560000
2025-10-30,BK0478,铜/有色,24259.110000
2025-10-30,BK0547,黄金,17948.950000
2025-10-30,BK0475,银行金融,4148.740000
2025-10-30,BK1216,生物医疗,4903.660000
2025-10-30,BK0438,消费,29108.110000
2025-10-30,BK0578,稀土永磁,3494.740000
2025-10-30,BK1106,创新药,1518.080000
2025-10-30,BK0710,量子计算,3245.220000
2025-10-30,BK0968,固态电池,2365.260000
2025-10-30,BK1166,低空经济,1675.630000
2025-10-30,BK0668,医疗器械,4363.330000
2025-10-31,BK1134,AI 算力,1855.850000
2025-10-31,BK1128,CPO,4322.800000
2025-10-31,BK0917,半导体,2141.860000
2025-10-31,BK1137,存储,1965.800000
2025-10-31,BK0922,数据中心,2080.190000
2025-10-31,BK0579,云计算,3652.400000
2025-10-31,BK0963,商业航天,2010.610000
2025-10-31,BK0921,卫星,1732.400000
2025-10-31,BK1090,机器人,2085.210000
2025-10-31,BK0802,自动驾驶,2160.460000
2025-10-31,BK0577,核电,2741.570000
2025-10-31,BK0490,军工,79421.820000
2025-10-31,BK0493,新能源,17773.080000
2025-10-31,BK0588,光伏,3843.640000
2025-10-31,BK0574,锂电池,4093.890000
2025-10-31,BK0464,石油,6216.890000
2025-10-31,BK0843,天然气,1627.950000
2025-10-31,BK0478,铜/有色,24170.620000
2025-10-31,BK0547,黄金,17947.260000
2025-10-31,BK0475,银行金融,4145.700000
2025-10-31,BK1216,生物医疗,5037.140000
2025-10-31,BK0438,消费,29576.240000
2025-10-31,BK0578,稀土永磁,3434.630000
2025-10-31,BK1106,创新药,1577.390000
2025-10-31,BK0710,量子计算,3196.220000
2025-10-31,BK0968,固态电池,2394.140000
2025-10-31,BK1166,低空经济,1685.680000
2025-10-31,BK0668,医疗器械,4432.630000
2025-11-03,BK1134,AI 算力,1878.310000
2025-11-03,BK1128,CPO,4306.390000
2025-11-03,BK0917,半导体,2145.770000
2025-11-03,BK1137,存储,1991.360000
2025-11-03,BK0922,数据中心,2106.460000
2025-11-03,BK0579,云计算,3705.460000
2025-11-03,BK0963,商业航天,2032.420000
2025-11-03,BK0921,卫星,1764.000000
2025-11-03,BK1090,机器人,2093.650000
2025-11-03,BK0802,自动驾驶,2169.830000
2025-11-03,BK0577,核电,2784.960000
2025-11-03,BK0490,军工,80196.560000
2025-11-03,BK0493,新能源,17938.110000
2025-11-03,BK0588,光伏,3890.920000
2025-11-03,BK0574,锂电池,4088.510000
2025-11-03,BK0464,石油,6343.600000
2025-11-03,BK0843,天然气,1652.870000
2025-11-03,BK0478,铜/有色,24226.880000
2025-11-03,BK0547,黄金,17822.650000
2025-11-03,BK0475,银行金融,4192.740000
2025-11-03,BK1216,生物医疗,5070.750000
2025-11-03,BK0438,消费,29919.190000
2025-11-03,BK0578,稀土永磁,3400.140000
2025-11-03,BK1106,创新药,1586.480000
2025-11-03,BK0710,量子计算,3208.110000
2025-11-03,BK0968,固态电池,2375.510000
2025-11-03,BK1166,低空经济,1695.850000
2025-11-03,BK0668,医疗器械,4467.330000
2025-11-04,BK1134,AI 算力,1859.770000
2025-11-04,BK1128,CPO,4266.710000
2025-11-04,BK0917,半导体,2114.810000
2025-11-04,BK1137,存储,1961.640000
2025-11-04,BK0922,数据中心,2092.600000
2025-11-04,BK0579,云计算,3665.160000
2025-11-04,BK0963,商业航天,2004.200000
2025-11-04,BK0921,卫星,1744.270000
2025-11-04,BK1090,机器人,2064.310000
2025-11-04,BK0802,自动驾驶,2140.870000
2025-11-04,BK0577,核电,2783.740000
2025-11-04,BK0490,军工,79552.200000
2025-11-04,BK0493,新能源,17860.990000
2025-11-04,BK0588,光伏,3863.250000
2025-11-04,BK0574,锂电池,4039.780000
2025-11-04,BK0464,石油,6338.190000
2025-11-04,BK0843,天然气,1657.100000
2025-11-04,BK0478,铜/有色,23817.230000
2025-11-04,BK0547,黄金,17482.730000
2025-11-04,BK0475,银行金融,4268.460000
2025-11-04,BK1216,生物医疗,5006.630000
2025-11-04,BK0438,消费,29709.540000
2025-11-04,BK0578,稀土永磁,3354.700000
2025-11-04,BK1106,创新药,1549.400000
2025-11-04,BK0710,量子计算,3179.530000
2025-11-04,BK0968,固态电池,2335.140000
2025-11-04,BK1166,低空经济,1677.700000
2025-11-04,BK0668,医疗器械,4416.920000
2025-11-05,BK1134,AI 算力,1858.860000
2025-11-05,BK1128,CPO,4264.940000
2025-11-05,BK0917,半导体,2118.410000
2025-11-05,BK1137,存储,1950.420000
2025-11-05,BK0922,数据中心,2111.490000
2025-11-05,BK0579,云计算,3652.100000
2025-11-05,BK0963,商业航天,2010.720000
2025-11-05,BK0921,卫星,1746.050000
2025-11-05,BK1090,机器人,2071.920000
2025-11-05,BK0802,自动驾驶,2145.460000
2025-11-05,BK0577,核电,2829.500000
2025-11-05,BK0490,军工,79992.030000
2025-11-05,BK0493,新能源,18225.330000
2025-11-05,BK0588,光伏,3937.800000
2025-11-05,BK0574,锂电池,4099.950000
2025-11-05,BK0464,石油,6434.670000
2025-11-05,BK0843,天然气,1678.920000
2025-11-05,BK0478,铜/有色,23953.010000
2025-11-05,BK0547,黄金,17717.650000
2025-11-05,BK0475,银行金融,4260.500000
2025-11-05,BK1216,生物医疗,5013.560000
2025-11-05,BK0438,消费,29969.110000
2025-11-05,BK0578,稀土永磁,3361.020000
2025-11-05,BK1106,创新药,1543.840000
2025-11-05,BK0710,量子计算,3134.430000
2025-11-05,BK0968,固态电池,2375.070000
2025-11-05,BK1166,低空经济,1684.340000
2025-11-05,BK0668,医疗器械,4432.630000
2025-11-06,BK1134,AI 算力,1861.260000
2025-11-06,BK1128,CPO,4392.720000
2025-11-06,BK0917,半导体,2150.790000
2025-11-06,BK1137,存储,2002.930000
2025-11-06,BK0922,数据中心,2122.890000
2025-11-06,BK0579,云计算,3650.210000
2025-11-06,BK0963,商业航天,2023.850000
2025-11-06,BK0921,卫星,1741.490000
2025-11-06,BK1090,机器人,2089.010000
2025-11-06,BK0802,自动驾驶,2163.890000
2025-11-06,BK0577,核电,2861.760000
2025-11-06,BK0490,军工,80389.840000
2025-11-06,BK0493,新能源,18407.090000
2025-11-06,BK0588,光伏,3971.690000
2025-11-06,BK0574,锂电池,4153.010000
2025-11-06,BK0464,石油,6488.530000
2025-11-06,BK0843,天然气,1688.780000
2025-11-06,BK0478,铜/有色,24742.780000
2025-11-06,BK0547,黄金,17910.440000
2025-11-06,BK0475,银行金融,4249.560000
2025-11-06,BK1216,生物医疗,4994.840000
2025-11-06,BK0438,消费,29906.110000
2025-11-06,BK0578,稀土永磁,3393.210000
2025-11-06,BK1106,创新药,1538.920000
2025-11-06,BK0710,量子计算,3183.490000
2025-11-06,BK0968,固态电池,2403.900000
2025-11-06,BK1166,低空经济,1690.830000
2025-11-06,BK0668,医疗器械,4431.970000
2025-11-07,BK1134,AI 算力,1845.730000
2025-11-07,BK1128,CPO,4365.900000
2025-11-07,BK0917,半导体,2147.310000
2025-11-07,BK1137,存储,2005.380000
2025-11-07,BK0922,数据中心,2108.560000
2025-11-07,BK0579,云计算,3595.610000
2025-11-07,BK0963,商业航天,2027.100000
2025-11-07,BK0921,卫星,1759.280000
2025-11-07,BK1090,机器人,2070.520000
2025-11-07,BK0802,自动驾驶,2146.530000
2025-11-07,BK0577,核电,2855.280000
2025-11-07,BK0490,军工,80138.830000
2025-11-07,BK0493,新能源,18496.180000
2025-11-07,BK0588,光伏,3993.040000
2025-11-07,BK0574,锂电池,4210.780000
2025-11-07,BK0464,石油,6520.480000
2025-11-07,BK0843,天然气,1690.860000
2025-11-07,BK0478,铜/有色,24674.280000
2025-11-07,BK0547,黄金,18047.820000
2025-11-07,BK0475,银行金融,4242.770000
2025-11-07,BK1216,生物医疗,4988.810000
2025-11-07,BK0438,消费,29867.000000
2025-11-07,BK0578,稀土永磁,3389.300000
2025-11-07,BK1106,创新药,1530.820000
2025-11-07,BK0710,量子计算,3140.790000
2025-11-07,BK0968,固态电池,2436.520000
2025-11-07,BK1166,低空经济,1683.400000
2025-11-07,BK0668,医疗器械,4410.000000
2025-11-10,BK1134,AI 算力,1850.820000
2025-11-10,BK1128,CPO,4324.430000
2025-11-10,BK0917,半导体,2162.570000
2025-11-10,BK1137,存储,2052.810000
2025-11-10,BK0922,数据中心,2111.310000
2025-11-10,BK0579,云计算,3605.430000
2025-11-10,BK0963,商业航天,2026.290000
2025-11-10,BK0921,卫星,1766.060000
2025-11-10,BK1090,机器人,2067.540000
2025-11-10,BK0802,自动驾驶,2145.140000
2025-11-10,BK0577,核电,2845.180000
2025-11-10,BK0490,军工,80061.810000
2025-11-10,BK0493,新能源,18590.420000
2025-11-10,BK0588,光伏,4017.100000
2025-11-10,BK0574,锂电池,4227.210000
2025-11-10,BK0464,石油,6583.040000
2025-11-10,BK0843,天然气,1686.610000
2025-11-10,BK0478,铜/有色,24844.170000
2025-11-10,BK0547,黄金,18425.980000
2025-11-10,BK0475,银行金融,4276.000000
2025-11-10,BK1216,生物医疗,5052.970000
2025-11-10,BK0438,消费,30789.900000
2025-11-10,BK0578,稀土永磁,3371.960000
2025-11-10,BK1106,创新药,1551.650000
2025-11-10,BK0710,量子计算,3119.000000
2025-11-10,BK0968,固态电池,2437.440000
2025-11-10,BK1166,低空经济,1686.580000
2025-11-10,BK0668,医疗器械,4450.850000
2025-11-11,BK1134,AI 算力,1843.200000
2025-11-11,BK1128,CPO,4278.910000
2025-11-11,BK0917,半导体,2157.980000
2025-11-11,BK1137,存储,2019.600000
2025-11-11,BK0922,数据中心,2104.590000
2025-11-11,BK0579,云计算,3578.630000
2025-11-11,BK0963,商业航天,2012.790000
2025-11-11,BK0921,卫星,1745.710000
2025-11-11,BK1090,机器人,2066.320000
2025-11-11,BK0802,自动驾驶,2135.850000
2025-11-11,BK0577,核电,2851.350000
2025-11-11,BK0490,军工,79965.480000
2025-11-11,BK0493,新能源,18662.830000
2025-11-11,BK0588,光伏,4039.660000
2025-11-11,BK0574,锂电池,4256.940000
2025-11-11,BK0464,石油,6629.260000
2025-11-11,BK0843,天然气,1693.290000
2025-11-11,BK0478,铜/有色,24776.440000
2025-11-11,BK0547,黄金,18494.780000
2025-11-11,BK0475,银行金融,4287.560000
2025-11-11,BK1216,生物医疗,5078.830000
2025-11-11,BK0438,消费,31350.980000
2025-11-11,BK0578,稀土永磁,3373.070000
2025-11-11,BK1106,创新药,1560.620000
2025-11-11,BK0710,量子计算,3088.610000
2025-11-11,BK0968,固态电池,2458.960000
2025-11-11,BK1166,低空经济,1685.530000
2025-11-11,BK0668,医疗器械,4453.630000
2025-11-12,BK1134,AI 算力,1825.550000
2025-11-12,BK1128,CPO,4246.760000
2025-11-12,BK0917,半导体,2133.610000
2025-11-12,BK1137,存储,2029.380000
2025-11-12,BK0922,数据中心,2085.200000
2025-11-12,BK0579,云计算,3553.410000
2025-11-12,BK0963,商业航天,1999.910000
2025-11-12,BK0921,卫星,1752.880000
2025-11-12,BK1090,机器人,2051.510000
2025-11-12,BK0802,自动驾驶,2119.570000
2025-11-12,BK0577,核电,2802.720000
2025-11-12,BK0490,军工,79221.640000
2025-11-12,BK0493,新能源,18471.040000
2025-11-12,BK0588,光伏,3986.550000
2025-11-12,BK0574,锂电池,4218.970000
2025-11-12,BK0464,石油,6648.420000
2025-11-12,BK0843,天然气,1697.440000
2025-11-12,BK0478,铜/有色,24860.210000
2025-11-12,BK0547,黄金,18388.940000
2025-11-12,BK0475,银行金融,4299.770000
2025-11-12,BK1216,生物医疗,5124.720000
2025-11-12,BK0438,消费,31343.630000
2025-11-12,BK0578,稀土永磁,3318.390000
2025-11-12,BK1106,创新药,1575.290000
2025-11-12,BK0710,量子计算,3044.350000
2025-11-12,BK0968,固态电池,2438.950000
2025-11-12,BK1166,低空经济,1672.700000
2025-11-12,BK0668,医疗器械,4475.400000
2025-11-13,BK1134,AI 算力,1849.950000
2025-11-13,BK1128,CPO,4264.500000
2025-11-13,BK0917,半导体,2161.710000
2025-11-13,BK1137,存储,2060.850000
2025-11-13,BK0922,数据中心,2114.960000
2025-11-13,BK0579,云计算,3598.580000
2025-11-13,BK0963,商业航天,2014.660000
2025-11-13,BK0921,卫星,1765.800000
2025-11-13,BK1090,机器人,2067.900000
2025-11-13,BK0802,自动驾驶,2135.010000
2025-11-13,BK0577,核电,2835.660000
2025-11-13,BK0490,军工,80015.340000
2025-11-13,BK0493,新能源,18706.190000
2025-11-13,BK0588,光伏,4039.420000
2025-11-13,BK0574,锂电池,4371.560000
2025-11-13,BK0464,石油,6685.010000
2025-11-13,BK0843,天然气,1708.100000
2025-11-13,BK0478,铜/有色,25539.610000
2025-11-13,BK0547,黄金,18845.140000
2025-11-13,BK0475,银行金融,4289.230000
2025-11-13,BK1216,生物医疗,5175.630000
2025-11-13,BK0438,消费,31655.580000
2025-11-13,BK0578,稀土永磁,3385.810000
2025-11-13,BK1106,创新药,1597.410000
2025-11-13,BK0710,量子计算,3078.770000
2025-11-13,BK0968,固态电池,2534.730000
2025-11-13,BK1166,低空经济,1687.110000
2025-11-13,BK0668,医疗器械,4505.680000
2025-11-14,BK1134,AI 算力,1822.330000
2025-11-14,BK1128,CPO,4150.720000
2025-11-14,BK0917,半导体,2125.850000
2025-11-14,BK1137,存储,1979.970000
2025-11-14,BK0922,数据中心,2091.550000
2025-11-14,BK0579,云计算,3545.450000
2025-11-14,BK0963,商业航天,1995.420000
2025-11-14,BK0921,卫星,1747.190000
2025-11-14,BK1090,机器人,2050.900000
2025-11-14,BK0802,自动驾驶,2109.910000
2025-11-14,BK0577,核电,2811.510000
2025-11-14,BK0490,军工,79503.590000
2025-11-14,BK0493,新能源,18621.190000
2025-11-14,BK0588,光伏,4029.930000
2025-11-14,BK0574,锂电池,4336.080000
2025-11-14,BK0464,石油,6811.680000
2025-11-14,BK0843,天然气,1730.600000
2025-11-14,BK0478,铜/有色,25150.770000
2025-11-14,BK0547,黄金,18674.480000
2025-11-14,BK0475,银行金融,4293.900000
2025-11-14,BK1216,生物医疗,5217.230000
2025-11-14,BK0438,消费,31205.670000
2025-11-14,BK0578,稀土永磁,3345.220000
2025-11-14,BK1106,创新药,1606.340000
2025-11-14,BK0710,量子计算,3017.690000
2025-11-14,BK0968,固态电池,2524.200000
2025-11-14,BK1166,低空经济,1676.020000
2025-11-14,BK0668,医疗器械,4506.380000
2025-11-17,BK1134,AI 算力,1850.350000
2025-11-17,BK1128,CPO,4195.920000
2025-11-17,BK0917,半导体,2130.440000
2025-11-17,BK1137,存储,1985.560000
2025-11-17,BK0922,数据中心,2117.120000
2025-11-17,BK0579,云计算,3611.510000
2025-11-17,BK0963,商业航天,2017.920000
2025-11-17,BK0921,卫星,1771.230000
2025-11-17,BK1090,机器人,2062.060000
2025-11-17,BK0802,自动驾驶,2120.560000
2025-11-17,BK0577,核电,2818.040000
2025-11-17,BK0490,军工,80607.980000
2025-11-17,BK0493,新能源,18539.210000
2025-11-17,BK0588,光伏,4019.840000
2025-11-17,BK0574,锂电池,4390.670000
2025-11-17,BK0464,石油,6905.380000
2025-11-17,BK0843,天然气,1734.890000
2025-11-17,BK0478,铜/有色,24905.050000
2025-11-17,BK0547,黄金,18562.230000
2025-11-17,BK0475,银行金融,4239.570000
2025-11-17,BK1216,生物医疗,5134.240000
2025-11-17,BK0438,消费,31166.490000
2025-11-17,BK0578,稀土永磁,3363.660000
2025-11-17,BK1106,创新药,1573.960000
2025-11-17,BK0710,量子计算,3083.560000
2025-11-17,BK0968,固态电池,2550.800000
2025-11-17,BK1166,低空经济,1686.260000
2025-11-17,BK0668,医疗器械,4480.220000
2025-11-18,BK1134,AI 算力,1844.340000
2025-11-18,BK1128,CPO,4195.020000
2025-11-18,BK0917,半导体,2112.740000
2025-11-18,BK1137,存储,1968.070000
2025-11-18,BK0922,数据中心,2102.110000
2025-11-18,BK0579,云计算,3631.680000
2025-11-18,BK0963,商业航天,1986.850000
2025-11-18,BK0921,卫星,1747.630000
2025-11-18,BK1090,机器人,2040.340000
2025-11-18,BK0802,自动驾驶,2104.370000
2025-11-18,BK0577,核电,2749.190000
2025-11-18,BK0490,军工,79358.350000
2025-11-18,BK0493,新能源,18168.200000
2025-11-18,BK0588,光伏,3952.110000
2025-11-18,BK0574,锂电池,4270.470000
2025-11-18,BK0464,石油,6800.450000
2025-11-18,BK0843,天然气,1703.710000
2025-11-18,BK0478,铜/有色,24223.770000
2025-11-18,BK0547,黄金,18144.370000
2025-11-18,BK0475,银行金融,4214.680000
2025-11-18,BK1216,生物医疗,5078.800000
2025-11-18,BK0438,消费,30758.270000
2025-11-18,BK0578,稀土永磁,3293.510000
2025-11-18,BK1106,创新药,1551.960000
2025-11-18,BK0710,量子计算,3086.480000
2025-11-18,BK0968,固态电池,2471.140000
2025-11-18,BK1166,低空经济,1663.700000
2025-11-18,BK0668,医疗器械,4443.570000
2025-11-19,BK1134,AI 算力,1810.470000
2025-11-19,BK1128,CPO,4181.780000
2025-11-19,BK0917,半导体,2087.500000
2025-11-19,BK1137,存储,1939.100000
2025-11-19,BK0922,数据中心,2066.770000
2025-11-19,BK0579,云计算,3574.290000
2025-11-19,BK0963,商业航天,1974.150000
2025-11-19,BK0921,卫星,1728.990000
2025-11-19,BK1090,机器人,2010.030000
2025-11-19,BK0802,自动驾驶,2073.330000
2025-11-19,BK0577,核电,2721.680000
2025-11-19,BK0490,军工,78900.190000
2025-11-19,BK0493,新能源,17902.750000
2025-11-19,BK0588,光伏,3900.500000
2025-11-19,BK0574,锂电池,4232.200000
2025-11-19,BK0464,石油,6755.950000
2025-11-19,BK0843,天然气,1688.140000
2025-11-19,BK0478,铜/有色,24190.750000
2025-11-19,BK0547,黄金,18382.510000
2025-11-19,BK0475,银行金融,4241.330000
2025-11-19,BK1216,生物医疗,4986.050000
2025-11-19,BK0438,消费,30813.610000
2025-11-19,BK0578,稀土永磁,3307.250000
2025-11-19,BK1106,创新药,1520.820000
2025-11-19,BK0710,量子计算,3048.860000
2025-11-19,BK0968,固态电池,2440.890000
2025-11-19,BK1166,低空经济,1639.520000
2025-11-19,BK0668,医疗器械,4376.820000
2025-11-20,BK1134,AI 算力,1801.500000
2025-11-20,BK1128,CPO,4206.540000
2025-11-20,BK0917,半导体,2066.150000
2025-11-20,BK1137,存储,1909.350000
2025-11-20,BK0922,数据中心,2058.280000
2025-11-20,BK0579,云计算,3569.370000
2025-11-20,BK0963,商业航天,1969.260000
2025-11-20,BK0921,卫星,1730.150000
2025-11-20,BK1090,机器人,1994.380000
2025-11-20,BK0802,自动驾驶,2062.790000
2025-11-20,BK0577,核电,2695.050000
2025-11-20,BK0490,军工,78277.310000
2025-11-20,BK0493,新能源,17751.780000
2025-11-20,BK0588,光伏,3859.590000
2025-11-20,BK0574,锂电池,4188.380000
2025-11-20,BK0464,石油,6637.350000
2025-11-20,BK0843,天然气,1673.000000
2025-11-20,BK0478,铜/有色,24187.410000
2025-11-20,BK0547,黄金,18325.970000
2025-11-20,BK0475,银行金融,4290.050000
2025-11-20,BK1216,生物医疗,4956.240000
2025-11-20,BK0438,消费,30147.700000
2025-11-20,BK0578,稀土永磁,3310.720000
2025-11-20,BK1106,创新药,1518.880000
2025-11-20,BK0710,量子计算,3027.220000
2025-11-20,BK0968,固态电池,2408.300000
2025-11-20,BK1166,低空经济,1628.070000
2025-11-20,BK0668,医疗器械,4342.840000
2025-11-21,BK1134,AI 算力,1740.610000
2025-11-21,BK1128,CPO,4020.780000
2025-11-21,BK0917,半导体,1976.070000
2025-11-21,BK1137,存储,1802.200000
2025-11-21,BK0922,数据中心,1981.980000
2025-11-21,BK0579,云计算,3475.340000
2025-11-21,BK0963,商业航天,1901.340000
2025-11-21,BK0921,卫星,1667.640000
2025-11-21,BK1090,机器人,1928.060000
2025-11-21,BK0802,自动驾驶,1998.650000
2025-11-21,BK0577,核电,2590.070000
2025-11-21,BK0490,军工,75701.160000
2025-11-21,BK0493,新能源,16965.090000
2025-11-21,BK0588,光伏,3674.950000
2025-11-21,BK0574,锂电池,3937.570000
2025-11-21,BK0464,石油,6315.290000
2025-11-21,BK0843,天然气,1604.640000
2025-11-21,BK0478,铜/有色,22864.930000
2025-11-21,BK0547,黄金,17434.160000
2025-11-21,BK0475,银行金融,4219.360000
2025-11-21,BK1216,生物医疗,4772.660000
2025-11-21,BK0438,消费,29207.570000
2025-11-21,BK0578,稀土永磁,3133.740000
2025-11-21,BK1106,创新药,1465.520000
2025-11-21,BK0710,量子计算,2910.800000
2025-11-21,BK0968,固态电池,2259.860000
2025-11-21,BK1166,低空经济,1575.050000
2025-11-21,BK0668,医疗器械,4197.700000
2025-11-24,BK1134,AI 算力,1785.290000
2025-11-24,BK1128,CPO,4106.170000
2025-11-24,BK0917,半导体,2012.180000
2025-11-24,BK1137,存储,1828.640000
2025-11-24,BK0922,数据中心,2025.890000
2025-11-24,BK0579,云计算,3578.390000
2025-11-24,BK0963,商业航天,1977.660000
2025-11-24,BK0921,卫星,1738.130000
2025-11-24,BK1090,机器人,1960.490000
2025-11-24,BK0802,自动驾驶,2040.660000
2025-11-24,BK0577,核电,2633.180000
2025-11-24,BK0490,军工,78021.910000
2025-11-24,BK0493,新能源,17094.620000
2025-11-24,BK0588,光伏,3712.440000
2025-11-24,BK0574,锂电池,3951.480000
2025-11-24,BK0464,石油,6323.330000
2025-11-24,BK0843,天然气,1611.770000
2025-11-24,BK0478,铜/有色,23139.470000
2025-11-24,BK0547,黄金,17475.360000
2025-11-24,BK0475,银行金融,4195.660000
2025-11-24,BK1216,生物医疗,4839.770000
2025-11-24,BK0438,消费,29395.300000
2025-11-24,BK0578,稀土永磁,3178.020000
2025-11-24,BK1106,创新药,1488.040000
2025-11-24,BK0710,量子计算,3006.270000
2025-11-24,BK0968,固态电池,2276.610000
2025-11-24,BK1166,低空经济,1617.730000
2025-11-24,BK0668,医疗器械,4261.770000
2025-11-25,BK1134,AI 算力,1819.200000
2025-11-25,BK1128,CPO,4318.930000
2025-11-25,BK0917,半导体,2042.200000
2025-11-25,BK1137,存储,1857.370000
2025-11-25,BK0922,数据中心,2060.380000
2025-11-25,BK0579,云计算,3641.660000
2025-11-25,BK0963,商业航天,2009.340000
2025-11-25,BK0921,卫星,1775.320000
2025-11-25,BK1090,机器人,1984.540000
2025-11-25,BK0802,自动驾驶,2074.670000
2025-11-25,BK0577,核电,2664.680000
2025-11-25,BK0490,军工,78830.670000
2025-11-25,BK0493,新能源,17286.840000
2025-11-25,BK0588,光伏,3764.130000
2025-11-25,BK0574,锂电池,4027.200000
2025-11-25,BK0464,石油,6355.780000
2025-11-25,BK0843,天然气,1627.620000
2025-11-25,BK0478,铜/有色,23617.330000
2025-11-25,BK0547,黄金,17768.200000
2025-11-25,BK0475,银行金融,4242.830000
2025-11-25,BK1216,生物医疗,4917.830000
2025-11-25,BK0438,消费,29604.930000
2025-11-25,BK0578,稀土永磁,3215.300000
2025-11-25,BK1106,创新药,1512.930000
2025-11-25,BK0710,量子计算,3081.250000
2025-11-25,BK0968,固态电池,2319.910000
2025-11-25,BK1166,低空经济,1634.400000
2025-11-25,BK0668,医疗器械,4317.600000
2025-11-26,BK1134,AI 算力,1816.540000
2025-11-26,BK1128,CPO,4395.340000
2025-11-26,BK0917,半导体,2039.600000
2025-11-26,BK1137,存储,1851.860000
2025-11-26,BK0922,数据中心,2045.500000
2025-11-26,BK0579,云计算,3623.820000
2025-11-26,BK0963,商业航天,1990.710000
2025-11-26,BK0921,卫星,1752.890000
2025-11-26,BK1090,机器人,1976.470000
2025-11-26,BK0802,自动驾驶,2068.120000
2025-11-26,BK0577,核电,2643.430000
2025-11-26,BK0490,军工,77746.970000
2025-11-26,BK0493,新能源,17208.830000
2025-11-26,BK0588,光伏,3745.770000
2025-11-26,BK0574,锂电池,3998.560000
2025-11-26,BK0464,石油,6287.240000
2025-11-26,BK0843,天然气,1616.840000
2025-11-26,BK0478,铜/有色,23448.260000
2025-11-26,BK0547,黄金,17759.180000
2025-11-26,BK0475,银行金融,4220.730000
2025-11-26,BK1216,生物医疗,4946.270000
2025-11-26,BK0438,消费,29762.240000
2025-11-26,BK0578,稀土永磁,3168.550000
2025-11-26,BK1106,创新药,1531.740000
2025-11-26,BK0710,量子计算,3066.220000
2025-11-26,BK0968,固态电池,2301.250000
2025-11-26,BK1166,低空经济,1621.630000
2025-11-26,BK0668,医疗器械,4312.890000
2025-11-27,BK1134,AI 算力,1810.070000
2025-11-27,BK1128,CPO,4417.610000
2025-11-27,BK0917,半导体,2055.600000
2025-11-27,BK1137,存储,1861.850000
2025-11-27,BK0922,数据中心,2038.960000
2025-11-27,BK0579,云计算,3595.220000
2025-11-27,BK0963,商业航天,1997.400000
2025-11-27,BK0921,卫星,1754.510000
2025-11-27,BK1090,机器人,1987.000000
2025-11-27,BK0802,自动驾驶,2068.880000
2025-11-27,BK0577,核电,2641.300000
2025-11-27,BK0490,军工,77763.230000
2025-11-27,BK0493,新能源,17248.410000
2025-11-27,BK0588,光伏,3768.290000
2025-11-27,BK0574,锂电池,4044.970000
2025-11-27,BK0464,石油,6330.760000
2025-11-27,BK0843,天然气,1619.250000
2025-11-27,BK0478,铜/有色,23456.670000
2025-11-27,BK0547,黄金,17798.010000
2025-11-27,BK0475,银行金融,4241.300000
2025-11-27,BK1216,生物医疗,4943.840000
2025-11-27,BK0438,消费,29715.750000
2025-11-27,BK0578,稀土永磁,3167.990000
2025-11-27,BK1106,创新药,1526.640000
2025-11-27,BK0710,量子计算,3069.030000
2025-11-27,BK0968,固态电池,2341.780000
2025-11-27,BK1166,低空经济,1627.730000
2025-11-27,BK0668,医疗器械,4317.270000
2025-11-28,BK1134,AI 算力,1824.240000
2025-11-28,BK1128,CPO,4411.640000
2025-11-28,BK0917,半导体,2087.370000
2025-11-28,BK1137,存储,1894.210000
2025-11-28,BK0922,数据中心,2061.530000
2025-11-28,BK0579,云计算,3620.840000
2025-11-28,BK0963,商业航天,2043.170000
2025-11-28,BK0921,卫星,1816.970000
2025-11-28,BK1090,机器人,2012.910000
2025-11-28,BK0802,自动驾驶,2101.520000
2025-11-28,BK0577,核电,2676.640000
2025-11-28,BK0490,军工,79253.750000
2025-11-28,BK0493,新能源,17445.940000
2025-11-28,BK0588,光伏,3818.760000
2025-11-28,BK0574,锂电池,4120.020000
2025-11-28,BK0464,石油,6445.920000
2025-11-28,BK0843,天然气,1645.470000
2025-11-28,BK0478,铜/有色,23813.650000
2025-11-28,BK0547,黄金,18092.370000
2025-11-28,BK0475,银行金融,4214.930000
2025-11-28,BK1216,生物医疗,4947.470000
2025-11-28,BK0438,消费,30193.110000
2025-11-28,BK0578,稀土永磁,3215.560000
2025-11-28,BK1106,创新药,1527.990000
2025-11-28,BK0710,量子计算,3105.040000
2025-11-28,BK0968,固态电池,2381.680000
2025-11-28,BK1166,低空经济,1652.010000
2025-11-28,BK0668,医疗器械,4342.220000
2025-12-01,BK1134,AI 算力,1842.790000
2025-12-01,BK1128,CPO,4455.180000
2025-12-01,BK0917,半导体,2120.180000
2025-12-01,BK1137,存储,1934.900000
2025-12-01,BK0922,数据中心,2073.790000
2025-12-01,BK0579,云计算,3634.880000
2025-12-01,BK0963,商业航天,2080.860000
2025-12-01,BK0921,卫星,1870.550000
2025-12-01,BK1090,机器人,2036.440000
2025-12-01,BK0802,自动驾驶,2130.340000
2025-12-01,BK0577,核电,2687.990000
2025-12-01,BK0490,军工,80038.960000
2025-12-01,BK0493,新能源,17491.980000
2025-12-01,BK0588,光伏,3839.090000
2025-12-01,BK0574,锂电池,4138.890000
2025-12-01,BK0464,石油,6476.290000
2025-12-01,BK0843,天然气,1659.360000
2025-12-01,BK0478,铜/有色,24310.400000
2025-12-01,BK0547,黄金,18394.790000
2025-12-01,BK0475,银行金融,4269.670000
2025-12-01,BK1216,生物医疗,4963.930000
2025-12-01,BK0438,消费,30412.900000
2025-12-01,BK0578,稀土永磁,3258.050000
2025-12-01,BK1106,创新药,1532.520000
2025-12-01,BK0710,量子计算,3127.290000
2025-12-01,BK0968,固态电池,2386.320000
2025-12-01,BK1166,低空经济,1668.990000
2025-12-01,BK0668,医疗器械,4374.700000
2025-12-02,BK1134,AI 算力,1825.360000
2025-12-02,BK1128,CPO,4408.900000
2025-12-02,BK0917,半导体,2099.610000
2025-12-02,BK1137,存储,1913.010000
2025-12-02,BK0922,数据中心,2057.160000
2025-12-02,BK0579,云计算,3597.010000
2025-12-02,BK0963,商业航天,2082.190000
2025-12-02,BK0921,卫星,1877.610000
2025-12-02,BK1090,机器人,2016.770000
2025-12-02,BK0802,自动驾驶,2116.960000
2025-12-02,BK0577,核电,2676.350000
2025-12-02,BK0490,军工,79733.700000
2025-12-02,BK0493,新能源,17382.410000
2025-12-02,BK0588,光伏,3813.110000
2025-12-02,BK0574,锂电池,4092.280000
2025-12-02,BK0464,石油,6470.060000
2025-12-02,BK0843,天然气,1654.150000
2025-12-02,BK0478,铜/有色,24050.400000
2025-12-02,BK0547,黄金,18238.500000
2025-12-02,BK0475,银行金融,4276.360000
2025-12-02,BK1216,生物医疗,4919.910000
2025-12-02,BK0438,消费,30515.270000
2025-12-02,BK0578,稀土永磁,3222.290000
2025-12-02,BK1106,创新药,1512.530000
2025-12-02,BK0710,量子计算,3092.580000
2025-12-02,BK0968,固态电池,2360.410000
2025-12-02,BK1166,低空经济,1663.410000
2025-12-02,BK0668,医疗器械,4343.840000
2025-12-03,BK1134,AI 算力,1792.380000
2025-12-03,BK1128,CPO,4376.190000
2025-12-03,BK0917,半导体,2079.460000
2025-12-03,BK1137,存储,1889.310000
2025-12-03,BK0922,数据中心,2020.810000
2025-12-03,BK0579,云计算,3511.840000
2025-12-03,BK0963,商业航天,2059.520000
2025-12-03,BK0921,卫星,1843.870000
2025-12-03,BK1090,机器人,1994.060000
2025-12-03,BK0802,自动驾驶,2086.630000
2025-12-03,BK0577,核电,2665.770000
2025-12-03,BK0490,军工,78867.440000
2025-12-03,BK0493,新能源,17299.430000
2025-12-03,BK0588,光伏,3789.320000
2025-12-03,BK0574,锂电池,4036.320000
2025-12-03,BK0464,石油,6449.870000
2025-12-03,BK0843,天然气,1650.790000
2025-12-03,BK0478,铜/有色,24245.120000
2025-12-03,BK0547,黄金,18152.440000
2025-12-03,BK0475,银行金融,4253.700000
2025-12-03,BK1216,生物医疗,4914.630000
2025-12-03,BK0438,消费,30505.590000
2025-12-03,BK0578,稀土永磁,3200.660000
2025-12-03,BK1106,创新药,1508.980000
2025-12-03,BK0710,量子计算,3039.990000
2025-12-03,BK0968,固态电池,2326.060000
2025-12-03,BK1166,低空经济,1641.210000
2025-12-03,BK0668,医疗器械,4322.480000
2025-12-04,BK1134,AI 算力,1782.350000
2025-12-04,BK1128,CPO,4381.760000
2025-12-04,BK0917,半导体,2076.340000
2025-12-04,BK1137,存储,1895.710000
2025-12-04,BK0922,数据中心,2007.490000
2025-12-04,BK0579,云计算,3476.880000
2025-12-04,BK0963,商业航天,2078.320000
2025-12-04,BK0921,卫星,1871.720000
2025-12-04,BK1090,机器人,1997.680000
2025-12-04,BK0802,自动驾驶,2077.590000
2025-12-04,BK0577,核电,2659.090000
2025-12-04,BK0490,军工,78805.730000
2025-12-04,BK0493,新能源,17129.480000
2025-12-04,BK0588,光伏,3750.350000
2025-12-04,BK0574,锂电池,3996.050000
2025-12-04,BK0464,石油,6385.490000
2025-12-04,BK0843,天然气,1639.530000
2025-12-04,BK0478,铜/有色,24061.370000
2025-12-04,BK0547,黄金,17944.060000
2025-12-04,BK0475,银行金融,4231.330000
2025-12-04,BK1216,生物医疗,4881.220000
2025-12-04,BK0438,消费,29723.610000
2025-12-04,BK0578,稀土永磁,3159.430000
2025-12-04,BK1106,创新药,1507.200000
2025-12-04,BK0710,量子计算,3031.710000
2025-12-04,BK0968,固态电池,2305.920000
2025-12-04,BK1166,低空经济,1637.270000
2025-12-04,BK0668,医疗器械,4295.540000
2025-12-05,BK1134,AI 算力,1799.220000
2025-12-05,BK1128,CPO,4516.160000
2025-12-05,BK0917,半导体,2102.170000
2025-12-05,BK1137,存储,1907.370000
2025-12-05,BK0922,数据中心,2044.660000
2025-12-05,BK0579,云计算,3526.200000
2025-12-05,BK0963,商业航天,2154.380000
2025-12-05,BK0921,卫星,1929.550000
2025-12-05,BK1090,机器人,2031.980000
2025-12-05,BK0802,自动驾驶,2109.010000
2025-12-05,BK0577,核电,2722.570000
2025-12-05,BK0490,军工,80895.780000
2025-12-05,BK0493,新能源,17414.670000
2025-12-05,BK0588,光伏,3817.600000
2025-12-05,BK0574,锂电池,4054.830000
2025-12-05,BK0464,石油,6414.050000
2025-12-05,BK0843,天然气,1651.290000
2025-12-05,BK0478,铜/有色,24929.020000
2025-12-05,BK0547,黄金,18408.050000
2025-12-05,BK0475,银行金融,4189.780000
2025-12-05,BK1216,生物医疗,4904.740000
2025-12-05,BK0438,消费,30133.960000
2025-12-05,BK0578,稀土永磁,3253.530000
2025-12-05,BK1106,创新药,1512.240000
2025-12-05,BK0710,量子计算,3100.220000
2025-12-05,BK0968,固态电池,2335.390000
2025-12-05,BK1166,低空经济,1669.250000
2025-12-05,BK0668,医疗器械,4346.390000
2025-12-08,BK1134,AI 算力,1830.470000
2025-12-08,BK1128,CPO,4758.030000
2025-12-08,BK0917,半导体,2146.830000
2025-12-08,BK1137,存储,1960.210000
2025-12-08,BK0922,数据中心,2077.930000
2025-12-08,BK0579,云计算,3584.450000
2025-12-08,BK0963,商业航天,2199.760000
2025-12-08,BK0921,卫星,1960.000000
2025-12-08,BK1090,机器人,2055.550000
2025-12-08,BK0802,自动驾驶,2140.570000
2025-12-08,BK0577,核电,2748.190000
2025-12-08,BK0490,军工,82167.100000
2025-12-08,BK0493,新能源,17512.720000
2025-12-08,BK0588,光伏,3857.410000
2025-12-08,BK0574,锂电池,4116.130000
2025-12-08,BK0464,石油,6389.440000
2025-12-08,BK0843,天然气,1654.120000
2025-12-08,BK0478,铜/有色,25150.960000
2025-12-08,BK0547,黄金,18407.840000
2025-12-08,BK0475,银行金融,4189.670000
2025-12-08,BK1216,生物医疗,4910.730000
2025-12-08,BK0438,消费,30074.940000
2025-12-08,BK0578,稀土永磁,3288.650000
2025-12-08,BK1106,创新药,1512.170000
2025-12-08,BK0710,量子计算,3194.390000
2025-12-08,BK0968,固态电池,2374.760000
2025-12-08,BK1166,低空经济,1690.560000
2025-12-08,BK0668,医疗器械,4371.790000
2025-12-09,BK1134,AI 算力,1839.750000
2025-12-09,BK1128,CPO,4844.640000
2025-12-09,BK0917,半导体,2140.110000
2025-12-09,BK1137,存储,1961.640000
2025-12-09,BK0922,数据中心,2068.970000
2025-12-09,BK0579,云计算,3565.110000
2025-12-09,BK0963,商业航天,2206.140000
2025-12-09,BK0921,卫星,1959.330000
2025-12-09,BK1090,机器人,2037.490000
2025-12-09,BK0802,自动驾驶,2133.410000
2025-12-09,BK0577,核电,2729.910000
2025-12-09,BK0490,军工,81736.410000
2025-12-09,BK0493,新能源,17413.720000
2025-12-09,BK0588,光伏,3842.460000
2025-12-09,BK0574,锂电池,4073.330000
2025-12-09,BK0464,石油,6305.940000
2025-12-09,BK0843,天然气,1633.010000
2025-12-09,BK0478,铜/有色,24465.600000
2025-12-09,BK0547,黄金,18057.490000
2025-12-09,BK0475,银行金融,4176.640000
2025-12-09,BK1216,生物医疗,4850.860000
2025-12-09,BK0438,消费,30201.310000
2025-12-09,BK0578,稀土永磁,3245.590000
2025-12-09,BK1106,创新药,1497.700000
2025-12-09,BK0710,量子计算,3191.380000
2025-12-09,BK0968,固态电池,2348.570000
2025-12-09,BK1166,低空经济,1679.930000
2025-12-09,BK0668,医疗器械,4335.470000
2025-12-10,BK1134,AI 算力,1831.300000
2025-12-10,BK1128,CPO,4917.610000
2025-12-10,BK0917,半导体,2146.550000
2025-12-10,BK1137,存储,1957.710000
2025-12-10,BK0922,数据中心,2059.890000
2025-12-10,BK0579,云计算,3540.130000
2025-12-10,BK0963,商业航天,2216.180000
2025-12-10,BK0921,卫星,1960.740000
2025-12-10,BK1090,机器人,2035.900000
2025-12-10,BK0802,自动驾驶,2137.990000
2025-12-10,BK0577,核电,2734.500000
2025-12-10,BK0490,军工,81890.380000
2025-12-10,BK0493,新能源,17375.660000
2025-12-10,BK0588,光伏,3834.930000
2025-12-10,BK0574,锂电池,4074.920000
2025-12-10,BK0464,石油,6302.360000
2025-12-10,BK0843,天然气,1631.850000
2025-12-10,BK0478,铜/有色,24607.150000
2025-12-10,BK0547,黄金,18243.190000
2025-12-10,BK0475,银行金融,4132.990000
2025-12-10,BK1216,生物医疗,4847.810000
2025-12-10,BK0438,消费,30021.470000
2025-12-10,BK0578,稀土永磁,3253.970000
2025-12-10,BK1106,创新药,1499.530000
2025-12-10,BK0710,量子计算,3198.470000
2025-12-10,BK0968,固态电池,2340.910000
2025-12-10,BK1166,低空经济,1683.050000
2025-12-10,BK0668,医疗器械,4330.470000
2025-12-11,BK1134,AI 算力,1796.210000
2025-12-11,BK1128,CPO,4852.220000
2025-12-11,BK0917,半导体,2123.840000
2025-12-11,BK1137,存储,1930.260000
2025-12-11,BK0922,数据中心,2027.300000
2025-12-11,BK0579,云计算,3475.770000
2025-12-11,BK0963,商业航天,2225.450000
2025-12-11,BK0921,卫星,1957.990000
2025-12-11,BK1090,机器人,2008.220000
2025-12-11,BK0802,自动驾驶,2115.410000
2025-12-11,BK0577,核电,2731.510000
2025-12-11,BK0490,军工,81594.080000
2025-12-11,BK0493,新能源,17247.010000
2025-12-11,BK0588,光伏,3798.070000
2025-12-11,BK0574,锂电池,4019.550000
2025-12-11,BK0464,石油,6207.570000
2025-12-11,BK0843,天然气,1611.400000
2025-12-11,BK0478,铜/有色,24283.700000
2025-12-11,BK0547,黄金,17940.600000
2025-12-11,BK0475,银行金融,4136.780000
2025-12-11,BK1216,生物医疗,4788.620000
2025-12-11,BK0438,消费,29268.780000
2025-12-11,BK0578,稀土永磁,3228.560000
2025-12-11,BK1106,创新药,1492.820000
2025-12-11,BK0710,量子计算,3184.790000
2025-12-11,BK0968,固态电池,2311.810000
2025-12-11,BK1166,低空经济,1663.930000
2025-12-11,BK0668,医疗器械,4268.790000
2025-12-12,BK1134,AI 算力,1804.040000
2025-12-12,BK1128,CPO,4950.760000
2025-12-12,BK0917,半导体,2151.690000
2025-12-12,BK1137,存储,1960.410000
2025-12-12,BK0922,数据中心,2040.740000
2025-12-12,BK0579,云计算,3488.640000
2025-12-12,BK0963,商业航天,2289.070000
2025-12-12,BK0921,卫星,1980.120000
2025-12-12,BK1090,机器人,2018.190000
2025-12-12,BK0802,自动驾驶,2129.520000
2025-12-12,BK0577,核电,2821.030000
2025-12-12,BK0490,军工,83051.760000
2025-12-12,BK0493,新能源,17446.520000
2025-12-12,BK0588,光伏,3832.020000
2025-12-12,BK0574,锂电池,4025.930000
2025-12-12,BK0464,石油,6174.330000
2025-12-12,BK0843,天然气,1625.610000
2025-12-12,BK0478,铜/有色,24735.010000
2025-12-12,BK0547,黄金,18129.320000
2025-12-12,BK0475,银行金融,4119.060000
2025-12-12,BK1216,生物医疗,4778.640000
2025-12-12,BK0438,消费,29107.030000
2025-12-12,BK0578,稀土永磁,3262.740000
2025-12-12,BK1106,创新药,1490.230000
2025-12-12,BK0710,量子计算,3218.600000
2025-12-12,BK0968,固态电池,2311.120000
2025-12-12,BK1166,低空经济,1677.570000
2025-12-12,BK0668,医疗器械,4276.650000
2025-12-15,BK1134,AI 算力,1777.300000
2025-12-15,BK1128,CPO,4797.800000
2025-12-15,BK0917,半导体,2122.630000
2025-12-15,BK1137,存储,1935.890000
2025-12-15,BK0922,数据中心,2021.740000
2025-12-15,BK0579,云计算,3453.810000
2025-12-15,BK0963,商业航天,2307.240000
2025-12-15,BK0921,卫星,2001.800000
2025-12-15,BK1090,机器人,1998.890000
2025-12-15,BK0802,自动驾驶,2108.030000
2025-12-15,BK0577,核电,2812.160000
2025-12-15,BK0490,军工,83132.820000
2025-12-15,BK0493,新能源,17477.560000
2025-12-15,BK0588,光伏,3832.350000
2025-12-15,BK0574,锂电池,4005.640000
2025-12-15,BK0464,石油,6181.950000
2025-12-15,BK0843,天然气,1633.070000
2025-12-15,BK0478,铜/有色,24657.070000
2025-12-15,BK0547,黄金,18240.190000
2025-12-15,BK0475,银行金融,4130.500000
2025-12-15,BK1216,生物医疗,4752.400000
2025-12-15,BK0438,消费,29702.960000
2025-12-15,BK0578,稀土永磁,3244.920000
2025-12-15,BK1106,创新药,1468.450000
2025-12-15,BK0710,量子计算,3208.530000
2025-12-15,BK0968,固态电池,2290.340000
2025-12-15,BK1166,低空经济,1672.840000
2025-12-15,BK0668,医疗器械,4263.550000
2025-12-16,BK1134,AI 算力,1742.070000
2025-12-16,BK1128,CPO,4670.180000
2025-12-16,BK0917,半导体,2083.230000
2025-12-16,BK1137,存储,1897.830000
2025-12-16,BK0922,数据中心,1980.860000
2025-12-16,BK0579,云计算,3393.270000
2025-12-16,BK0963,商业航天,2266.880000
2025-12-16,BK0921,卫星,1978.070000
2025-12-16,BK1090,机器人,1966.270000
2025-12-16,BK0802,自动驾驶,2114.210000
2025-12-16,BK0577,核电,2740.900000
2025-12-16,BK0490,军工,81369.890000
2025-12-16,BK0493,新能源,17060.890000
2025-12-16,BK0588,光伏,3745.060000
2025-12-16,BK0574,锂电池,3918.900000
2025-12-16,BK0464,石油,6059.760000
2025-12-16,BK0843,天然气,1593.810000
2025-12-16,BK0478,铜/有色,23944.490000
2025-12-16,BK0547,黄金,17759.100000
2025-12-16,BK0475,银行金融,4112.860000
2025-12-16,BK1216,生物医疗,4677.610000
2025-12-16,BK0438,消费,29793.740000
2025-12-16,BK0578,稀土永磁,3156.260000
2025-12-16,BK1106,创新药,1441.900000
2025-12-16,BK0710,量子计算,3147.600000
2025-12-16,BK0968,固态电池,2243.990000
2025-12-16,BK1166,低空经济,1654.340000
2025-12-16,BK0668,医疗器械,4204.380000
2025-12-17,BK1134,AI 算力,1755.570000
2025-12-17,BK1128,CPO,4897.170000
2025-12-17,BK0917,半导体,2112.590000
2025-12-17,BK1137,存储,1928.270000
2025-12-17,BK0922,数据中心,2000.650000
2025-12-17,BK0579,云计算,3424.380000
2025-12-17,BK0963,商业航天,2253.830000
2025-12-17,BK0921,卫星,1954.330000
2025-12-17,BK1090,机器人,1981.770000
2025-12-17,BK0802,自动驾驶,2130.440000
2025-12-17,BK0577,核电,2761.860000
2025-12-17,BK0490,军工,81305.950000
2025-12-17,BK0493,新能源,17131.770000
2025-12-17,BK0588,光伏,3775.800000
2025-12-17,BK0574,锂电池,3998.960000
2025-12-17,BK0464,石油,6082.620000
2025-12-17,BK0843,天然气,1599.270000
2025-12-17,BK0478,铜/有色,24464.390000
2025-12-17,BK0547,黄金,18076.100000
2025-12-17,BK0475,银行金融,4115.520000
2025-12-17,BK1216,生物医疗,4720.930000
2025-12-17,BK0438,消费,29955.980000
2025-12-17,BK0578,稀土永磁,3210.270000
2025-12-17,BK1106,创新药,1457.380000
2025-12-17,BK0710,量子计算,3193.440000
2025-12-17,BK0968,固态电池,2291.730000
2025-12-17,BK1166,低空经济,1651.810000
2025-12-17,BK0668,医疗器械,4241.340000
2025-12-18,BK1134,AI 算力,1749.380000
2025-12-18,BK1128,CPO,4864.220000
2025-12-18,BK0917,半导体,2106.000000
2025-12-18,BK1137,存储,1935.000000
2025-12-18,BK0922,数据中心,1993.830000
2025-12-18,BK0579,云计算,3416.700000
2025-12-18,BK0963,商业航天,2302.490000
2025-12-18,BK0921,卫星,2006.800000
2025-12-18,BK1090,机器人,1981.490000
2025-12-18,BK0802,自动驾驶,2127.500000
2025-12-18,BK0577,核电,2740.900000
2025-12-18,BK0490,军工,82033.650000
2025-12-18,BK0493,新能源,17062.110000
2025-12-18,BK0588,光伏,3763.100000
2025-12-18,BK0574,锂电池,3969.290000
2025-12-18,BK0464,石油,6136.310000
2025-12-18,BK0843,天然气,1601.720000
2025-12-18,BK0478,铜/有色,24485.430000
2025-12-18,BK0547,黄金,18184.620000
2025-12-18,BK0475,银行金融,4189.870000
2025-12-18,BK1216,生物医疗,4768.940000
2025-12-18,BK0438,消费,30164.160000
2025-12-18,BK0578,稀土永磁,3199.720000
2025-12-18,BK1106,创新药,1463.030000
2025-12-18,BK0710,量子计算,3194.420000
2025-12-18,BK0968,固态电池,2267.000000
2025-12-18,BK1166,低空经济,1666.160000
2025-12-18,BK0668,医疗器械,4275.710000
2025-12-19,BK1134,AI 算力,1765.630000
2025-12-19,BK1128,CPO,4848.430000
2025-12-19,BK0917,半导体,2108.380000
2025-12-19,BK1137,存储,1924.540000
2025-12-19,BK0922,数据中心,2014.060000
2025-12-19,BK0579,云计算,3442.940000
2025-12-19,BK0963,商业航天,2334.370000
2025-12-19,BK0921,卫星,2026.320000
2025-12-19,BK1090,机器人,2007.210000
2025-12-19,BK0802,自动驾驶,2165.230000
2025-12-19,BK0577,核电,2798.680000
2025-12-19,BK0490,军工,83279.070000
2025-12-19,BK0493,新能源,17293.620000
2025-12-19,BK0588,光伏,3810.310000
2025-12-19,BK0574,锂电池,4024.250000
2025-12-19,BK0464,石油,6173.300000
2025-12-19,BK0843,天然气,1628.390000
2025-12-19,BK0478,铜/有色,24933.750000
2025-12-19,BK0547,黄金,18446.720000
2025-12-19,BK0475,银行金融,4185.300000
2025-12-19,BK1216,生物医疗,4828.410000
2025-12-19,BK0438,消费,31030.910000
2025-12-19,BK0578,稀土永磁,3264.600000
2025-12-19,BK1106,创新药,1488.720000
2025-12-19,BK0710,量子计算,3207.210000
2025-12-19,BK0968,固态电池,2291.850000
2025-12-19,BK1166,低空经济,1693.790000
2025-12-19,BK0668,医疗器械,4323.220000
2025-12-22,BK1134,AI 算力,1781.710000
2025-12-22,BK1128,CPO,5008.760000
2025-12-22,BK0917,半导体,2153.520000
2025-12-22,BK1137,存储,1971.390000
2025-12-22,BK0922,数据中心,2032.710000
2025-12-22,BK0579,云计算,3469.540000
2025-12-22,BK0963,商业航天,2343.520000
2025-12-22,BK0921,卫星,2043.130000
2025-12-22,BK1090,机器人,2028.200000
2025-12-22,BK0802,自动驾驶,2193.850000
2025-12-22,BK0577,核电,2814.540000
2025-12-22,BK0490,军工,83696.350000
2025-12-22,BK0493,新能源,17402.610000
2025-12-22,BK0588,光伏,3836.610000
2025-12-22,BK0574,锂电池,4077.720000
2025-12-22,BK0464,石油,6230.970000
2025-12-22,BK0843,天然气,1638.970000
2025-12-22,BK0478,铜/有色,25243.350000
2025-12-22,BK0547,黄金,18816.870000
2025-12-22,BK0475,银行金融,4151.380000
2025-12-22,BK1216,生物医疗,4819.110000
2025-12-22,BK0438,消费,31138.460000
2025-12-22,BK0578,稀土永磁,3293.000000
2025-12-22,BK1106,创新药,1487.810000
2025-12-22,BK0710,量子计算,3248.560000
2025-12-22,BK0968,固态电池,2319.030000
2025-12-22,BK1166,低空经济,1707.110000
2025-12-22,BK0668,医疗器械,4342.500000
2025-12-23,BK1134,AI 算力,1759.570000
2025-12-23,BK1128,CPO,5012.340000
2025-12-23,BK0917,半导体,2163.650000
2025-12-23,BK1137,存储,1964.410000
2025-12-23,BK0922,数据中心,2021.520000
2025-12-23,BK0579,云计算,3437.720000
2025-12-23,BK0963,商业航天,2298.460000
2025-12-23,BK0921,卫星,1964.230000
2025-12-23,BK1090,机器人,2012.580000
2025-12-23,BK0802,自动驾驶,2164.890000
2025-12-23,BK0577,核电,2796.370000
2025-12-23,BK0490,军工,82565.090000
2025-12-23,BK0493,新能源,17362.120000
2025-12-23,BK0588,光伏,3827.670000
2025-12-23,BK0574,锂电池,4113.770000
2025-12-23,BK0464,石油,6206.950000
2025-12-23,BK0843,天然气,1628.840000
2025-12-23,BK0478,铜/有色,25276.120000
2025-12-23,BK0547,黄金,18813.710000
2025-12-23,BK0475,银行金融,4159.870000
2025-12-23,BK1216,生物医疗,4788.760000
2025-12-23,BK0438,消费,30750.120000
2025-12-23,BK0578,稀土永磁,3286.890000
2025-12-23,BK1106,创新药,1481.790000
2025-12-23,BK0710,量子计算,3208.540000
2025-12-23,BK0968,固态电池,2345.440000
2025-12-23,BK1166,低空经济,1684.080000
2025-12-23,BK0668,医疗器械,4312.150000
2025-12-24,BK1134,AI 算力,1783.000000
2025-12-24,BK1128,CPO,5115.940000
2025-12-24,BK0917,半导体,2208.430000
2025-12-24,BK1137,存储,2013.200000
2025-12-24,BK0922,数据中心,2054.740000
2025-12-24,BK0579,云计算,3485.530000
2025-12-24,BK0963,商业航天,2394.470000
2025-12-24,BK0921,卫星,2040.780000
2025-12-24,BK1090,机器人,2045.110000
2025-12-24,BK0802,自动驾驶,2202.510000
2025-12-24,BK0577,核电,2844.750000
2025-12-24,BK0490,军工,84857.310000
2025-12-24,BK0493,新能源,17618.050000
2025-12-24,BK0588,光伏,3890.710000
2025-12-24,BK0574,锂电池,4169.920000
2025-12-24,BK0464,石油,6255.290000
2025-12-24,BK0843,天然气,1644.210000
2025-12-24,BK0478,铜/有色,25654.910000
2025-12-24,BK0547,黄金,18826.760000
2025-12-24,BK0475,银行金融,4154.170000
2025-12-24,BK1216,生物医疗,4806.530000
2025-12-24,BK0438,消费,30656.290000
2025-12-24,BK0578,稀土永磁,3332.950000
2025-12-24,BK1106,创新药,1484.560000
2025-12-24,BK0710,量子计算,3262.770000
2025-12-24,BK0968,固态电池,2381.080000
2025-12-24,BK1166,低空经济,1728.160000
2025-12-24,BK0668,医疗器械,4344.670000
2025-12-25,BK1134,AI 算力,1798.150000
2025-12-25,BK1128,CPO,5087.330000
2025-12-25,BK0917,半导体,2227.530000
2025-12-25,BK1137,存储,2034.740000
2025-12-25,BK0922,数据中心,2070.420000
2025-12-25,BK0579,云计算,3514.250000
2025-12-25,BK0963,商业航天,2484.270000
2025-12-25,BK0921,卫星,2126.250000
2025-12-25,BK1090,机器人,2083.460000
2025-12-25,BK0802,自动驾驶,2224.400000
2025-12-25,BK0577,核电,2880.490000
2025-12-25,BK0490,军工,86970.840000
2025-12-25,BK0493,新能源,17786.740000
2025-12-25,BK0588,光伏,3919.930000
2025-12-25,BK0574,锂电池,4191.840000
2025-12-25,BK0464,石油,6244.550000
2025-12-25,BK0843,天然气,1660.620000
2025-12-25,BK0478,铜/有色,25768.300000
2025-12-25,BK0547,黄金,18723.790000
2025-12-25,BK0475,银行金融,4156.060000
2025-12-25,BK1216,生物医疗,4837.890000
2025-12-25,BK0438,消费,30641.010000
2025-12-25,BK0578,稀土永磁,3364.830000
2025-12-25,BK1106,创新药,1489.180000
2025-12-25,BK0710,量子计算,3327.660000
2025-12-25,BK0968,固态电池,2386.800000
2025-12-25,BK1166,低空经济,1762.550000
2025-12-25,BK0668,医疗器械,4398.070000
2025-12-26,BK1134,AI 算力,1798.290000
2025-12-26,BK1128,CPO,5040.830000
2025-12-26,BK0917,半导体,2220.090000
2025-12-26,BK1137,存储,2040.620000
2025-12-26,BK0922,数据中心,2068.370000
2025-12-26,BK0579,云计算,3522.100000
2025-12-26,BK0963,商业航天,2527.410000
2025-12-26,BK0921,卫星,2166.040000
2025-12-26,BK1090,机器人,2074.610000
2025-12-26,BK0802,自动驾驶,2216.530000
2025-12-26,BK0577,核电,2888.780000
2025-12-26,BK0490,军工,87622.520000
2025-12-26,BK0493,新能源,17891.540000
2025-12-26,BK0588,光伏,3934.300000
2025-12-26,BK0574,锂电池,4235.130000
2025-12-26,BK0464,石油,6262.300000
2025-12-26,BK0843,天然气,1665.530000
2025-12-26,BK0478,铜/有色,26495.840000
2025-12-26,BK0547,黄金,19093.200000
2025-12-26,BK0475,银行金融,4137.040000
2025-12-26,BK1216,生物医疗,4810.810000
2025-12-26,BK0438,消费,30515.970000
2025-12-26,BK0578,稀土永磁,3389.860000
2025-12-26,BK1106,创新药,1481.470000
2025-12-26,BK0710,量子计算,3349.040000
2025-12-26,BK0968,固态电池,2410.930000
2025-12-26,BK1166,低空经济,1774.350000
2025-12-26,BK0668,医疗器械,4373.880000
2025-12-29,BK1134,AI 算力,1802.100000
2025-12-29,BK1128,CPO,5056.390000
2025-12-29,BK0917,半导体,2214.010000
2025-12-29,BK1137,存储,2025.400000
2025-12-29,BK0922,数据中心,2066.280000
2025-12-29,BK0579,云计算,3521.220000
2025-12-29,BK0963,商业航天,2547.800000
2025-12-29,BK0921,卫星,2183.840000
2025-12-29,BK1090,机器人,2086.650000
2025-12-29,BK0802,自动驾驶,2218.140000
2025-12-29,BK0577,核电,2865.310000
2025-12-29,BK0490,军工,87874.520000
2025-12-29,BK0493,新能源,17789.530000
2025-12-29,BK0588,光伏,3926.800000
2025-12-29,BK0574,锂电池,4201.590000
2025-12-29,BK0464,石油,6396.420000
2025-12-29,BK0843,天然气,1662.990000
2025-12-29,BK0478,铜/有色,26387.230000
2025-12-29,BK0547,黄金,18965.660000
2025-12-29,BK0475,银行金融,4159.090000
2025-12-29,BK1216,生物医疗,4764.310000
2025-12-29,BK0438,消费,30088.610000
2025-12-29,BK0578,稀土永磁,3379.110000
2025-12-29,BK1106,创新药,1463.210000
2025-12-29,BK0710,量子计算,3343.980000
2025-12-29,BK0968,固态电池,2385.320000
2025-12-29,BK1166,低空经济,1785.610000
2025-12-29,BK0668,医疗器械,4359.800000
2025-12-30,BK1134,AI 算力,1802.260000
2025-12-30,BK1128,CPO,5046.420000
2025-12-30,BK0917,半导体,2212.050000
2025-12-30,BK1137,存储,2018.640000
2025-12-30,BK0922,数据中心,2061.980000
2025-12-30,BK0579,云计算,3520.970000
2025-12-30,BK0963,商业航天,2527.210000
2025-12-30,BK0921,卫星,2173.780000
2025-12-30,BK1090,机器人,2110.220000
2025-12-30,BK0802,自动驾驶,2227.940000
2025-12-30,BK0577,核电,2852.830000
2025-12-30,BK0490,军工,87427.170000
2025-12-30,BK0493,新能源,17638.240000
2025-12-30,BK0588,光伏,3897.700000
2025-12-30,BK0574,锂电池,4196.270000
2025-12-30,BK0464,石油,6491.880000
2025-12-30,BK0843,天然气,1653.400000
2025-12-30,BK0478,铜/有色,26330.580000
2025-12-30,BK0547,黄金,18777.150000
2025-12-30,BK0475,银行金融,4149.260000
2025-12-30,BK1216,生物医疗,4736.040000
2025-12-30,BK0438,消费,29814.460000
2025-12-30,BK0578,稀土永磁,3372.940000
2025-12-30,BK1106,创新药,1454.860000
2025-12-30,BK0710,量子计算,3340.530000
2025-12-30,BK0968,固态电池,2384.060000
2025-12-30,BK1166,低空经济,1779.790000
2025-12-30,BK0668,医疗器械,4350.470000
2025-12-31,BK1134,AI 算力,1808.430000
2025-12-31,BK1128,CPO,5006.270000
2025-12-31,BK0917,半导体,2206.170000
2025-12-31,BK1137,存储,2018.240000
2025-12-31,BK0922,数据中心,2063.040000
2025-12-31,BK0579,云计算,3557.270000
2025-12-31,BK0963,商业航天,2588.190000
2025-12-31,BK0921,卫星,2250.340000
2025-12-31,BK1090,机器人,2109.590000
2025-12-31,BK0802,自动驾驶,2236.660000
2025-12-31,BK0577,核电,2856.010000
2025-12-31,BK0490,军工,88310.560000
2025-12-31,BK0493,新能源,17606.450000
2025-12-31,BK0588,光伏,3894.160000
2025-12-31,BK0574,锂电池,4171.880000
2025-12-31,BK0464,石油,6428.590000
2025-12-31,BK0843,天然气,1651.010000
2025-12-31,BK0478,铜/有色,26454.110000
2025-12-31,BK0547,黄金,18813.990000
2025-12-31,BK0475,银行金融,4153.320000
2025-12-31,BK1216,生物医疗,4724.430000
2025-12-31,BK0438,消费,29851.360000
2025-12-31,BK0578,稀土永磁,3377.380000
2025-12-31,BK1106,创新药,1454.420000
2025-12-31,BK0710,量子计算,3371.830000
2025-12-31,BK0968,固态电池,2368.140000
2025-12-31,BK1166,低空经济,1798.010000
2025-12-31,BK0668,医疗器械,4347.960000
2026-01-05,BK1134,AI 算力,1851.680000
2026-01-05,BK1128,CPO,5133.950000
2026-01-05,BK0917,半导体,2267.580000
2026-01-05,BK1137,存储,2114.370000
2026-01-05,BK0922,数据中心,2109.230000
2026-01-05,BK0579,云计算,3651.240000
2026-01-05,BK0963,商业航天,2625.640000
2026-01-05,BK0921,卫星,2297.750000
2026-01-05,BK1090,机器人,2146.940000
2026-01-05,BK0802,自动驾驶,2272.600000
2026-01-05,BK0577,核电,2881.610000
2026-01-05,BK0490,军工,89622.340000
2026-01-05,BK0493,新能源,17842.830000
2026-01-05,BK0588,光伏,3944.150000
2026-01-05,BK0574,锂电池,4257.480000
2026-01-05,BK0464,石油,6423.750000
2026-01-05,BK0843,天然气,1669.880000
2026-01-05,BK0478,铜/有色,26996.590000
2026-01-05,BK0547,黄金,19137.550000
2026-01-05,BK0475,银行金融,4147.720000
2026-01-05,BK1216,生物医疗,4911.210000
2026-01-05,BK0438,消费,30009.300000
2026-01-05,BK0578,稀土永磁,3443.020000
2026-01-05,BK1106,创新药,1512.260000
2026-01-05,BK0710,量子计算,3448.680000
2026-01-05,BK0968,固态电池,2424.440000
2026-01-05,BK1166,低空经济,1828.290000
2026-01-05,BK0668,医疗器械,4515.500000
2026-01-06,BK1134,AI 算力,1875.360000
2026-01-06,BK1128,CPO,5099.530000
2026-01-06,BK0917,半导体,2303.850000
2026-01-06,BK1137,存储,2166.230000
2026-01-06,BK0922,数据中心,2131.360000
2026-01-06,BK0579,云计算,3692.290000
2026-01-06,BK0963,商业航天,2680.580000
2026-01-06,BK0921,卫星,2355.340000
2026-01-06,BK1090,机器人,2174.180000
2026-01-06,BK0802,自动驾驶,2332.310000
2026-01-06,BK0577,核电,2922.100000
2026-01-06,BK0490,军工,91047.570000
2026-01-06,BK0493,新能源,18101.580000
2026-01-06,BK0588,光伏,4010.530000
2026-01-06,BK0574,锂电池,4341.780000
2026-01-06,BK0464,石油,6527.770000
2026-01-06,BK0843,天然气,1690.380000
2026-01-06,BK0478,铜/有色,27775.420000
2026-01-06,BK0547,黄金,19538.430000
2026-01-06,BK0475,银行金融,4160.670000
2026-01-06,BK1216,生物医疗,4947.140000
2026-01-06,BK0438,消费,30327.120000
2026-01-06,BK0578,稀土永磁,3499.540000
2026-01-06,BK1106,创新药,1520.150000
2026-01-06,BK0710,量子计算,3497.690000
2026-01-06,BK0968,固态电池,2471.730000
2026-01-06,BK1166,低空经济,1860.200000
2026-01-06,BK0668,医疗器械,4565.390000
2026-01-07,BK1134,AI 算力,1876.460000
2026-01-07,BK1128,CPO,5236.050000
2026-01-07,BK0917,半导体,2345.480000
2026-01-07,BK1137,存储,2240.780000
2026-01-07,BK0922,数据中心,2132.500000
2026-01-07,BK0579,云计算,3684.380000
2026-01-07,BK0963,商业航天,2697.070000
2026-01-07,BK0921,卫星,2361.070000
2026-01-07,BK1090,机器人,2172.180000
2026-01-07,BK0802,自动驾驶,2332.260000
2026-01-07,BK0577,核电,2958.800000
2026-01-07,BK0490,军工,91304.600000
2026-01-07,BK0493,新能源,18174.450000
2026-01-07,BK0588,光伏,4033.440000
2026-01-07,BK0574,锂电池,4356.140000
2026-01-07,BK0464,石油,6473.820000
2026-01-07,BK0843,天然气,1686.700000
2026-01-07,BK0478,铜/有色,27773.910000
2026-01-07,BK0547,黄金,19440.640000
2026-01-07,BK0475,银行金融,4138.880000
2026-01-07,BK1216,生物医疗,4953.440000
2026-01-07,BK0438,消费,30333.420000
2026-01-07,BK0578,稀土永磁,3591.520000
2026-01-07,BK1106,创新药,1538.160000
2026-01-07,BK0710,量子计算,3541.550000
2026-01-07,BK0968,固态电池,2480.240000
2026-01-07,BK1166,低空经济,1857.980000
2026-01-07,BK0668,医疗器械,4555.850000
2026-01-08,BK1134,AI 算力,1907.880000
2026-01-08,BK1128,CPO,5205.120000
2026-01-08,BK0917,半导体,2371.950000
2026-01-08,BK1137,存储,2255.640000
2026-01-08,BK0922,数据中心,2163.490000
2026-01-08,BK0579,云计算,3749.010000
2026-01-08,BK0963,商业航天,2804.710000
2026-01-08,BK0921,卫星,2470.780000
2026-01-08,BK1090,机器人,2201.150000
2026-01-08,BK0802,自动驾驶,2345.350000
2026-01-08,BK0577,核电,3021.050000
2026-01-08,BK0490,军工,94204.880000
2026-01-08,BK0493,新能源,18421.660000
2026-01-08,BK0588,光伏,4087.210000
2026-01-08,BK0574,锂电池,4362.520000
2026-01-08,BK0464,石油,6513.970000
2026-01-08,BK0843,天然气,1710.370000
2026-01-08,BK0478,铜/有色,27747.560000
2026-01-08,BK0547,黄金,19405.780000
2026-01-08,BK0475,银行金融,4109.750000
2026-01-08,BK1216,生物医疗,5017.540000
2026-01-08,BK0438,消费,30562.360000
2026-01-08,BK0578,稀土永磁,3577.050000
2026-01-08,BK1106,创新药,1553.860000
2026-01-08,BK0710,量子计算,3625.610000
2026-01-08,BK0968,固态电池,2482.670000
2026-01-08,BK1166,低空经济,1901.760000
2026-01-08,BK0668,医疗器械,4618.820000
2026-01-09,BK1134,AI 算力,1963.990000
2026-01-09,BK1128,CPO,5276.950000
2026-01-09,BK0917,半导体,2395.830000
2026-01-09,BK1137,存储,2263.280000
2026-01-09,BK0922,数据中心,2218.650000
2026-01-09,BK0579,云计算,3871.340000
2026-01-09,BK0963,商业航天,2895.410000
2026-01-09,BK0921,卫星,2575.890000
2026-01-09,BK1090,机器人,2231.510000
2026-01-09,BK0802,自动驾驶,2375.890000
2026-01-09,BK0577,核电,3061.410000
2026-01-09,BK0490,军工,96455.100000
2026-01-09,BK0493,新能源,18637.900000
2026-01-09,BK0588,光伏,4119.970000
2026-01-09,BK0574,锂电池,4394.700000
2026-01-09,BK0464,石油,6623.810000
2026-01-09,BK0843,天然气,1731.330000
2026-01-09,BK0478,铜/有色,28342.660000
2026-01-09,BK0547,黄金,19846.830000
2026-01-09,BK0475,银行金融,4099.630000
2026-01-09,BK1216,生物医疗,5102.650000
2026-01-09,BK0438,消费,30781.140000
2026-01-09,BK0578,稀土永磁,3654.380000
2026-01-09,BK1106,创新药,1592.770000
2026-01-09,BK0710,量子计算,3733.710000
2026-01-09,BK0968,固态电池,2503.860000
2026-01-09,BK1166,低空经济,1937.910000
2026-01-09,BK0668,医疗器械,4681.980000
2026-01-12,BK1134,AI 算力,2055.140000
2026-01-12,BK1128,CPO,5325.950000
2026-01-12,BK0917,半导体,2449.250000
2026-01-12,BK1137,存储,2319.700000
2026-01-12,BK0922,数据中心,2302.060000
2026-01-12,BK0579,云计算,4106.740000
2026-01-12,BK0963,商业航天,3100.320000
2026-01-12,BK0921,卫星,2779.900000
2026-01-12,BK1090,机器人,2295.710000
2026-01-12,BK0802,自动驾驶,2446.910000
2026-01-12,BK0577,核电,3139.650000
2026-01-12,BK0490,军工,101202.380000
2026-01-12,BK0493,新能源,18941.500000
2026-01-12,BK0588,光伏,4197.360000
2026-01-12,BK0574,锂电池,4462.550000
2026-01-12,BK0464,石油,6589.280000
2026-01-12,BK0843,天然气,1752.030000
2026-01-12,BK0478,铜/有色,28913.250000
2026-01-12,BK0547,黄金,20045.370000
2026-01-12,BK0475,银行金融,4112.490000
2026-01-12,BK1216,生物医疗,5164.060000
2026-01-12,BK0438,消费,31275.370000
2026-01-12,BK0578,稀土永磁,3735.560000
2026-01-12,BK1106,创新药,1597.240000
2026-01-12,BK0710,量子计算,3959.030000
2026-01-12,BK0968,固态电池,2543.880000
2026-01-12,BK1166,低空经济,2023.820000
2026-01-12,BK0668,医疗器械,4774.510000
2026-01-13,BK1134,AI 算力,1998.670000
2026-01-13,BK1128,CPO,5112.100000
2026-01-13,BK0917,半导体,2374.530000
2026-01-13,BK1137,存储,2241.750000
2026-01-13,BK0922,数据中心,2258.040000
2026-01-13,BK0579,云计算,4017.720000
2026-01-13,BK0963,商业航天,2926.010000
2026-01-13,BK0921,卫星,2636.990000
2026-01-13,BK1090,机器人,2249.730000
2026-01-13,BK0802,自动驾驶,2381.440000
2026-01-13,BK0577,核电,3061.030000
2026-01-13,BK0490,军工,96711.200000
2026-01-13,BK0493,新能源,18754.130000
2026-01-13,BK0588,光伏,4153.390000
2026-01-13,BK0574,锂电池,4405.540000
2026-01-13,BK0464,石油,6598.920000
2026-01-13,BK0843,天然气,1747.020000
2026-01-13,BK0478,铜/有色,28579.340000
2026-01-13,BK0547,黄金,20266.390000
2026-01-13,BK0475,银行金融,4140.070000
2026-01-13,BK1216,生物医疗,5246.300000
2026-01-13,BK0438,消费,30914.980000
2026-01-13,BK0578,稀土永磁,3663.030000
2026-01-13,BK1106,创新药,1622.910000
2026-01-13,BK0710,量子计算,3786.830000
2026-01-13,BK0968,固态电池,2506.380000
2026-01-13,BK1166,低空经济,1956.720000
2026-01-13,BK0668,医疗器械,4779.930000
2026-01-14,BK1134,AI 算力,2047.010000
2026-01-14,BK1128,CPO,5203.520000
2026-01-14,BK0917,半导体,2400.150000
2026-01-14,BK1137,存储,2261.410000
2026-01-14,BK0922,数据中心,2308.080000
2026-01-14,BK0579,云计算,4155.730000
2026-01-14,BK0963,商业航天,2943.230000
2026-01-14,BK0921,卫星,2660.340000
2026-01-14,BK1090,机器人,2261.410000
2026-01-14,BK0802,自动驾驶,2406.380000
2026-01-14,BK0577,核电,3074.450000
2026-01-14,BK0490,军工,97398.730000
2026-01-14,BK0493,新能源,18786.590000
2026-01-14,BK0588,光伏,4163.300000
2026-01-14,BK0574,锂电池,4417.180000
2026-01-14,BK0464,石油,6651.690000
2026-01-14,BK0843,天然气,1761.610000
2026-01-14,BK0478,铜/有色,28711.700000
2026-01-14,BK0547,黄金,20506.890000
2026-01-14,BK0475,银行金融,4079.860000
2026-01-14,BK1216,生物医疗,5255.420000
2026-01-14,BK0438,消费,30883.090000
2026-01-14,BK0578,稀土永磁,3649.380000
2026-01-14,BK1106,创新药,1622.830000
2026-01-14,BK0710,量子计算,3891.600000
2026-01-14,BK0968,固态电池,2513.100000
2026-01-14,BK1166,低空经济,1966.340000
2026-01-14,BK0668,医疗器械,4798.280000
2026-01-15,BK1134,AI 算力,2006.000000
2026-01-15,BK1128,CPO,5239.340000
2026-01-15,BK0917,半导体,2427.310000
2026-01-15,BK1137,存储,2314.250000
2026-01-15,BK0922,数据中心,2273.070000
2026-01-15,BK0579,云计算,4067.320000
2026-01-15,BK0963,商业航天,2852.290000
2026-01-15,BK0921,卫星,2551.110000
2026-01-15,BK1090,机器人,2246.090000
2026-01-15,BK0802,自动驾驶,2391.210000
2026-01-15,BK0577,核电,3061.170000
2026-01-15,BK0490,军工,95618.180000
2026-01-15,BK0493,新能源,18778.540000
2026-01-15,BK0588,光伏,4161.980000
2026-01-15,BK0574,锂电池,4465.080000
2026-01-15,BK0464,石油,6624.850000
2026-01-15,BK0843,天然气,1753.590000
2026-01-15,BK0478,铜/有色,29084.380000
2026-01-15,BK0547,黄金,20631.710000
2026-01-15,BK0475,银行金融,4053.870000
2026-01-15,BK1216,生物医疗,5175.500000
2026-01-15,BK0438,消费,30786.130000
2026-01-15,BK0578,稀土永磁,3672.060000
2026-01-15,BK1106,创新药,1596.490000
2026-01-15,BK0710,量子计算,3789.090000
2026-01-15,BK0968,固态电池,2551.200000
2026-01-15,BK1166,低空经济,1935.630000
2026-01-15,BK0668,医疗器械,4755.490000
2026-01-16,BK1134,AI 算力,1974.230000
2026-01-16,BK1128,CPO,5360.340000
2026-01-16,BK0917,半导体,2500.860000
2026-01-16,BK1137,存储,2422.930000
2026-01-16,BK0922,数据中心,2249.780000
2026-01-16,BK0579,云计算,3981.140000
2026-01-16,BK0963,商业航天,2860.390000
2026-01-16,BK0921,卫星,2533.080000
2026-01-16,BK1090,机器人,2269.210000
2026-01-16,BK0802,自动驾驶,2400.280000
2026-01-16,BK0577,核电,3072.810000
2026-01-16,BK0490,军工,95387.280000
2026-01-16,BK0493,新能源,18800.630000
2026-01-16,BK0588,光伏,4190.380000
2026-01-16,BK0574,锂电池,4477.740000
2026-01-16,BK0464,石油,6597.140000
2026-01-16,BK0843,天然气,1739.410000
2026-01-16,BK0478,铜/有色,28947.850000
2026-01-16,BK0547,黄金,20433.340000
2026-01-16,BK0475,银行金融,4014.910000
2026-01-16,BK1216,生物医疗,5108.750000
2026-01-16,BK0438,消费,30658.240000
2026-01-16,BK0578,稀土永磁,3700.980000
2026-01-16,BK1106,创新药,1580.370000
2026-01-16,BK0710,量子计算,3763.960000
2026-01-16,BK0968,固态电池,2562.670000
2026-01-16,BK1166,低空经济,1934.590000
2026-01-16,BK0668,医疗器械,4728.580000
2026-01-19,BK1134,AI 算力,1960.720000
2026-01-19,BK1128,CPO,5295.220000
2026-01-19,BK0917,半导体,2503.030000
2026-01-19,BK1137,存储,2424.830000
2026-01-19,BK0922,数据中心,2256.440000
2026-01-19,BK0579,云计算,3949.140000
2026-01-19,BK0963,商业航天,2887.720000
2026-01-19,BK0921,卫星,2518.150000
2026-01-19,BK1090,机器人,2289.520000
2026-01-19,BK0802,自动驾驶,2395.380000
2026-01-19,BK0577,核电,3136.900000
2026-01-19,BK0490,军工,96430.700000
2026-01-19,BK0493,新能源,19145.540000
2026-01-19,BK0588,光伏,4260.300000
2026-01-19,BK0574,锂电池,4530.660000
2026-01-19,BK0464,石油,6685.650000
2026-01-19,BK0843,天然气,1769.360000
2026-01-19,BK0478,铜/有色,29357.510000
2026-01-19,BK0547,黄金,20749.850000
2026-01-19,BK0475,银行金融,3996.550000
2026-01-19,BK1216,生物医疗,5115.420000
2026-01-19,BK0438,消费,31198.550000
2026-01-19,BK0578,稀土永磁,3742.480000
2026-01-19,BK1106,创新药,1580.160000
2026-01-19,BK0710,量子计算,3753.730000
2026-01-19,BK0968,固态电池,2588.750000
2026-01-19,BK1166,低空经济,1951.760000
2026-01-19,BK0668,医疗器械,4747.140000
2026-01-20,BK1134,AI 算力,1930.010000
2026-01-20,BK1128,CPO,5131.790000
2026-01-20,BK0917,半导体,2489.790000
2026-01-20,BK1137,存储,2425.270000
2026-01-20,BK0922,数据中心,2225.830000
2026-01-20,BK0579,云计算,3891.920000
2026-01-20,BK0963,商业航天,2794.070000
2026-01-20,BK0921,卫星,2406.740000
2026-01-20,BK1090,机器人,2263.330000
2026-01-20,BK0802,自动驾驶,2361.600000
2026-01-20,BK0577,核电,3102.620000
2026-01-20,BK0490,军工,93983.840000
2026-01-20,BK0493,新能源,19092.230000
2026-01-20,BK0588,光伏,4226.030000
2026-01-20,BK0574,锂电池,4482.990000
2026-01-20,BK0464,石油,6730.480000
2026-01-20,BK0843,天然气,1772.450000
2026-01-20,BK0478,铜/有色,29278.200000
2026-01-20,BK0547,黄金,21037.460000
2026-01-20,BK0475,银行金融,4044.210000
2026-01-20,BK1216,生物医疗,5089.690000
2026-01-20,BK0438,消费,31363.570000
2026-01-20,BK0578,稀土永磁,3702.260000
2026-01-20,BK1106,创新药,1572.370000
2026-01-20,BK0710,量子计算,3674.200000
2026-01-20,BK0968,固态电池,2542.750000
2026-01-20,BK1166,低空经济,1917.290000
2026-01-20,BK0668,医疗器械,4717.290000
2026-01-21,BK1134,AI 算力,1952.030000
2026-01-21,BK1128,CPO,5318.660000
2026-01-21,BK0917,半导体,2542.180000
2026-01-21,BK1137,存储,2493.920000
2026-01-21,BK0922,数据中心,2245.200000
2026-01-21,BK0579,云计算,3909.000000
2026-01-21,BK0963,商业航天,2799.060000
2026-01-21,BK0921,卫星,2401.940000
2026-01-21,BK1090,机器人,2287.180000
2026-01-21,BK0802,自动驾驶,2386.800000
2026-01-21,BK0577,核电,3105.310000
2026-01-21,BK0490,军工,94171.320000
2026-01-21,BK0493,新能源,19132.420000
2026-01-21,BK0588,光伏,4240.060000
2026-01-21,BK0574,锂电池,4552.590000
2026-01-21,BK0464,石油,6795.630000
2026-01-21,BK0843,天然气,1782.840000
2026-01-21,BK0478,铜/有色,29777.910000
2026-01-21,BK0547,黄金,21804.000000
2026-01-21,BK0475,银行金融,3996.300000
2026-01-21,BK1216,生物医疗,5117.420000
2026-01-21,BK0438,消费,31205.410000
2026-01-21,BK0578,稀土永磁,3767.260000
2026-01-21,BK1106,创新药,1575.530000
2026-01-21,BK0710,量子计算,3693.300000
2026-01-21,BK0968,固态电池,2581.660000
2026-01-21,BK1166,低空经济,1929.750000
2026-01-21,BK0668,医疗器械,4759.900000
2026-01-22,BK1134,AI 算力,1989.330000
2026-01-22,BK1128,CPO,5396.950000
2026-01-22,BK0917,半导体,2548.120000
2026-01-22,BK1137,存储,2488.240000
2026-01-22,BK0922,数据中心,2271.910000
2026-01-22,BK0579,云计算,3974.260000
2026-01-22,BK0963,商业航天,2886.010000
2026-01-22,BK0921,卫星,2463.110000
2026-01-22,BK1090,机器人,2301.190000
2026-01-22,BK0802,自动驾驶,2409.710000
2026-01-22,BK0577,核电,3156.840000
2026-01-22,BK0490,军工,96231.530000
2026-01-22,BK0493,新能源,19388.080000
2026-01-22,BK0588,光伏,4288.960000
2026-01-22,BK0574,锂电池,4572.930000
2026-01-22,BK0464,石油,6984.950000
2026-01-22,BK0843,天然气,1833.310000
2026-01-22,BK0478,铜/有色,30245.850000
2026-01-22,BK0547,黄金,21851.580000
2026-01-22,BK0475,银行金融,4005.160000
2026-01-22,BK1216,生物医疗,5122.640000
2026-01-22,BK0438,消费,31395.430000
2026-01-22,BK0578,稀土永磁,3800.410000
2026-01-22,BK1106,创新药,1567.780000
2026-01-22,BK0710,量子计算,3756.580000
2026-01-22,BK0968,固态电池,2580.660000
2026-01-22,BK1166,低空经济,1961.770000
2026-01-22,BK0668,医疗器械,4780.760000
2026-01-23,BK1134,AI 算力,2014.930000
2026-01-23,BK1128,CPO,5386.980000
2026-01-23,BK0917,半导体,2599.080000
2026-01-23,BK1137,存储,2522.060000
2026-01-23,BK0922,数据中心,2298.550000
2026-01-23,BK0579,云计算,4038.410000
2026-01-23,BK0963,商业航天,3007.420000
2026-01-23,BK0921,卫星,2597.980000
2026-01-23,BK1090,机器人,2344.850000
2026-01-23,BK0802,自动驾驶,2448.810000
2026-01-23,BK0577,核电,3198.710000
2026-01-23,BK0490,军工,98676.270000
2026-01-23,BK0493,新能源,19869.330000
2026-01-23,BK0588,光伏,4441.380000
2026-01-23,BK0574,锂电池,4701.400000
2026-01-23,BK0464,石油,7072.290000
2026-01-23,BK0843,天然气,1842.110000
2026-01-23,BK0478,铜/有色,31376.210000
2026-01-23,BK0547,黄金,22554.560000
2026-01-23,BK0475,银行金融,3990.420000
2026-01-23,BK1216,生物医疗,5202.420000
2026-01-23,BK0438,消费,31503.690000
2026-01-23,BK0578,稀土永磁,3876.980000
2026-01-23,BK1106,创新药,1595.420000
2026-01-23,BK0710,量子计算,3816.120000
2026-01-23,BK0968,固态电池,2670.960000
2026-01-23,BK1166,低空经济,2009.090000
2026-01-23,BK0668,医疗器械,4849.770000
2026-01-26,BK1134,AI 算力,1998.720000
2026-01-26,BK1128,CPO,5377.920000
2026-01-26,BK0917,半导体,2533.870000
2026-01-26,BK1137,存储,2442.290000
2026-01-26,BK0922,数据中心,2276.450000
2026-01-26,BK0579,云计算,4000.690000
2026-01-26,BK0963,商业航天,2881.640000
2026-01-26,BK0921,卫星,2475.650000
2026-01-26,BK1090,机器人,2291.840000
2026-01-26,BK0802,自动驾驶,2382.330000
2026-01-26,BK0577,核电,3158.290000
2026-01-26,BK0490,军工,95366.630000
2026-01-26,BK0493,新能源,19677.160000
2026-01-26,BK0588,光伏,4396.060000
2026-01-26,BK0574,锂电池,4632.700000
2026-01-26,BK0464,石油,7243.720000
2026-01-26,BK0843,天然气,1844.910000
2026-01-26,BK0478,铜/有色,32169.800000
2026-01-26,BK0547,黄金,23629.370000
2026-01-26,BK0475,银行金融,3999.340000
2026-01-26,BK1216,生物医疗,5247.610000
2026-01-26,BK0438,消费,31242.290000
2026-01-26,BK0578,稀土永磁,3897.050000
2026-01-26,BK1106,创新药,1602.140000
2026-01-26,BK0710,量子计算,3707.910000
2026-01-26,BK0968,固态电池,2631.490000
2026-01-26,BK1166,低空经济,1947.480000
2026-01-26,BK0668,医疗器械,4831.670000
2026-01-27,BK1134,AI 算力,2010.520000
2026-01-27,BK1128,CPO,5496.550000
2026-01-27,BK0917,半导体,2594.160000
2026-01-27,BK1137,存储,2511.390000
2026-01-27,BK0922,数据中心,2275.880000
2026-01-27,BK0579,云计算,4018.660000
2026-01-27,BK0963,商业航天,2905.850000
2026-01-27,BK0921,卫星,2503.420000
2026-01-27,BK1090,机器人,2298.670000
2026-01-27,BK0802,自动驾驶,2398.130000
2026-01-27,BK0577,核电,3144.770000
2026-01-27,BK0490,军工,95958.320000
2026-01-27,BK0493,新能源,19634.800000
2026-01-27,BK0588,光伏,4411.550000
2026-01-27,BK0574,锂电池,4601.430000
2026-01-27,BK0464,石油,7123.700000
2026-01-27,BK0843,天然气,1829.200000
2026-01-27,BK0478,铜/有色,31900.490000
2026-01-27,BK0547,黄金,23512.160000
2026-01-27,BK0475,银行金融,3990.580000
2026-01-27,BK1216,生物医疗,5189.910000
2026-01-27,BK0438,消费,30782.280000
2026-01-27,BK0578,稀土永磁,3864.960000
2026-01-27,BK1106,创新药,1579.410000
2026-01-27,BK0710,量子计算,3732.430000
2026-01-27,BK0968,固态电池,2610.970000
2026-01-27,BK1166,低空经济,1955.900000
2026-01-27,BK0668,医疗器械,4803.330000
2026-01-28,BK1134,AI 算力,2008.090000
2026-01-28,BK1128,CPO,5538.200000
2026-01-28,BK0917,半导体,2597.790000
2026-01-28,BK1137,存储,2530.610000
2026-01-28,BK0922,数据中心,2269.190000
2026-01-28,BK0579,云计算,3994.420000
2026-01-28,BK0963,商业航天,2861.530000
2026-01-28,BK0921,卫星,2466.080000
2026-01-28,BK1090,机器人,2266.590000
2026-01-28,BK0802,自动驾驶,2370.890000
2026-01-28,BK0577,核电,3136.840000
2026-01-28,BK0490,军工,94902.400000
2026-01-28,BK0493,新能源,19562.120000
2026-01-28,BK0588,光伏,4384.990000
2026-01-28,BK0574,锂电池,4589.540000
2026-01-28,BK0464,石油,7288.560000
2026-01-28,BK0843,天然气,1846.640000
2026-01-28,BK0478,铜/有色,33442.220000
2026-01-28,BK0547,黄金,25278.530000
2026-01-28,BK0475,银行金融,3986.940000
2026-01-28,BK1216,生物医疗,5086.610000
2026-01-28,BK0438,消费,30647.090000
2026-01-28,BK0578,稀土永磁,3957.810000
2026-01-28,BK1106,创新药,1552.900000
2026-01-28,BK0710,量子计算,3732.520000
2026-01-28,BK0968,固态电池,2586.950000
2026-01-28,BK1166,低空经济,1925.450000
2026-01-28,BK0668,医疗器械,4709.040000
2026-01-29,BK1134,AI 算力,1987.800000
2026-01-29,BK1128,CPO,5426.600000
2026-01-29,BK0917,半导体,2524.720000
2026-01-29,BK1137,存储,2461.970000
2026-01-29,BK0922,数据中心,2245.480000
2026-01-29,BK0579,云计算,3974.620000
2026-01-29,BK0963,商业航天,2806.420000
2026-01-29,BK0921,卫星,2417.940000
2026-01-29,BK1090,机器人,2230.190000
2026-01-29,BK0802,自动驾驶,2332.550000
2026-01-29,BK0577,核电,3077.780000
2026-01-29,BK0490,军工,93384.530000
2026-01-29,BK0493,新能源,19335.390000
2026-01-29,BK0588,光伏,4322.060000
2026-01-29,BK0574,锂电池,4515.920000
2026-01-29,BK0464,石油,7463.970000
2026-01-29,BK0843,天然气,1857.960000
2026-01-29,BK0478,铜/有色,33568.710000
2026-01-29,BK0547,黄金,25548.920000
2026-01-29,BK0475,银行金融,4059.360000
2026-01-29,BK1216,生物医疗,5047.360000
2026-01-29,BK0438,消费,31017.040000
2026-01-29,BK0578,稀土永磁,3998.830000
2026-01-29,BK1106,创新药,1541.000000
2026-01-29,BK0710,量子计算,3659.860000
2026-01-29,BK0968,固态电池,2533.240000
2026-01-29,BK1166,低空经济,1905.040000
2026-01-29,BK0668,医疗器械,4659.720000
2026-01-30,BK1134,AI 算力,1991.410000
2026-01-30,BK1128,CPO,5670.610000
2026-01-30,BK0917,半导体,2532.680000
2026-01-30,BK1137,存储,2483.320000
2026-01-30,BK0922,数据中心,2240.220000
2026-01-30,BK0579,云计算,3927.640000
2026-01-30,BK0963,商业航天,2780.070000
2026-01-30,BK0921,卫星,2387.700000
2026-01-30,BK1090,机器人,2227.140000
2026-01-30,BK0802,自动驾驶,2331.850000
2026-01-30,BK0577,核电,3050.650000
2026-01-30,BK0490,军工,92525.770000
2026-01-30,BK0493,新能源,19182.190000
2026-01-30,BK0588,光伏,4296.280000
2026-01-30,BK0574,锂电池,4472.380000
2026-01-30,BK0464,石油,7376.670000
2026-01-30,BK0843,天然气,1838.790000
2026-01-30,BK0478,铜/有色,31749.120000
2026-01-30,BK0547,黄金,23913.950000
2026-01-30,BK0475,银行金融,4042.770000
2026-01-30,BK1216,生物医疗,5011.370000
2026-01-30,BK0438,消费,30918.950000
2026-01-30,BK0578,稀土永磁,3803.120000
2026-01-30,BK1106,创新药,1530.700000
2026-01-30,BK0710,量子计算,3652.060000
2026-01-30,BK0968,固态电池,2517.490000
2026-01-30,BK1166,低空经济,1889.680000
2026-01-30,BK0668,医疗器械,4643.460000
2026-02-02,BK1134,AI 算力,1942.240000
2026-02-02,BK1128,CPO,5520.450000
2026-02-02,BK0917,半导体,2431.170000
2026-02-02,BK1137,存储,2347.930000
2026-02-02,BK0922,数据中心,2196.860000
2026-02-02,BK0579,云计算,3841.290000
2026-02-02,BK0963,商业航天,2732.950000
2026-02-02,BK0921,卫星,2341.300000
2026-02-02,BK1090,机器人,2180.940000
2026-02-02,BK0802,自动驾驶,2274.760000
2026-02-02,BK0577,核电,3004.050000
2026-02-02,BK0490,军工,90829.630000
2026-02-02,BK0493,新能源,18843.470000
2026-02-02,BK0588,光伏,4214.250000
2026-02-02,BK0574,锂电池,4342.680000
2026-02-02,BK0464,石油,7012.600000
2026-02-02,BK0843,天然气,1774.740000
2026-02-02,BK0478,铜/有色,29870.370000
2026-02-02,BK0547,黄金,22277.250000
2026-02-02,BK0475,银行金融,4032.410000
2026-02-02,BK1216,生物医疗,4903.590000
2026-02-02,BK0438,消费,30434.060000
2026-02-02,BK0578,稀土永磁,3618.230000
2026-02-02,BK1106,创新药,1489.940000
2026-02-02,BK0710,量子计算,3573.790000
2026-02-02,BK0968,固态电池,2450.350000
2026-02-02,BK1166,低空经济,1852.240000
2026-02-02,BK0668,医疗器械,4557.690000
2026-02-03,BK1134,AI 算力,1999.140000
2026-02-03,BK1128,CPO,5842.410000
2026-02-03,BK0917,半导体,2514.890000
2026-02-03,BK1137,存储,2432.260000
2026-02-03,BK0922,数据中心,2266.940000
2026-02-03,BK0579,云计算,3950.160000
2026-02-03,BK0963,商业航天,2847.870000
2026-02-03,BK0921,卫星,2432.850000
2026-02-03,BK1090,机器人,2236.930000
2026-02-03,BK0802,自动驾驶,2337.150000
2026-02-03,BK0577,核电,3099.570000
2026-02-03,BK0490,军工,93810.500000
2026-02-03,BK0493,新能源,19356.850000
2026-02-03,BK0588,光伏,4355.710000
2026-02-03,BK0574,锂电池,4468.370000
2026-02-03,BK0464,石油,7052.630000
2026-02-03,BK0843,天然气,1803.470000
2026-02-03,BK0478,铜/有色,30517.200000
2026-02-03,BK0547,黄金,22711.460000
2026-02-03,BK0475,银行金融,3999.720000
2026-02-03,BK1216,生物医疗,4984.930000
2026-02-03,BK0438,消费,30544.370000
2026-02-03,BK0578,稀土永磁,3758.860000
2026-02-03,BK1106,创新药,1513.920000
2026-02-03,BK0710,量子计算,3693.750000
2026-02-03,BK0968,固态电池,2531.420000
2026-02-03,BK1166,低空经济,1904.880000
2026-02-03,BK0668,医疗器械,4649.190000
2026-02-04,BK1134,AI 算力,1962.990000
2026-02-04,BK1128,CPO,5771.430000
2026-02-04,BK0917,半导体,2498.240000
2026-02-04,BK1137,存储,2390.780000
2026-02-04,BK0922,数据中心,2247.090000
2026-02-04,BK0579,云计算,3884.800000
2026-02-04,BK0963,商业航天,2840.410000
2026-02-04,BK0921,卫星,2404.360000
2026-02-04,BK1090,机器人,2240.190000
2026-02-04,BK0802,自动驾驶,2341.420000
2026-02-04,BK0577,核电,3123.090000
2026-02-04,BK0490,军工,94021.950000
2026-02-04,BK0493,新能源,19657.140000
2026-02-04,BK0588,光伏,4443.790000
2026-02-04,BK0574,锂电池,4502.350000
2026-02-04,BK0464,石油,7197.300000
2026-02-04,BK0843,天然气,1849.470000
2026-02-04,BK0478,铜/有色,30635.590000
2026-02-04,BK0547,黄金,22736.220000
2026-02-04,BK0475,银行金融,4058.910000
2026-02-04,BK1216,生物医疗,5019.820000
2026-02-04,BK0438,消费,30794.640000
2026-02-04,BK0578,稀土永磁,3757.260000
2026-02-04,BK1106,创新药,1526.630000
2026-02-04,BK0710,量子计算,3688.430000
2026-02-04,BK0968,固态电池,2544.720000
2026-02-04,BK1166,低空经济,1905.870000
2026-02-04,BK0668,医疗器械,4670.530000
2026-02-05,BK1134,AI 算力,1948.180000
2026-02-05,BK1128,CPO,5557.200000
2026-02-05,BK0917,半导体,2458.110000
2026-02-05,BK1137,存储,2351.370000
2026-02-05,BK0922,数据中心,2211.330000
2026-02-05,BK0579,云计算,3859.100000
2026-02-05,BK0963,商业航天,2794.220000
2026-02-05,BK0921,卫星,2364.610000
2026-02-05,BK1090,机器人,2211.130000
2026-02-05,BK0802,自动驾驶,2319.660000
2026-02-05,BK0577,核电,3059.310000
2026-02-05,BK0490,军工,92900.930000
2026-02-05,BK0493,新能源,19239.940000
2026-02-05,BK0588,光伏,4328.750000
2026-02-05,BK0574,锂电池,4413.310000
2026-02-05,BK0464,石油,7108.170000
2026-02-05,BK0843,天然气,1820.340000
2026-02-05,BK0478,铜/有色,29689.790000
2026-02-05,BK0547,黄金,21993.350000
2026-02-05,BK0475,银行金融,4144.220000
2026-02-05,BK1216,生物医疗,5019.900000
2026-02-05,BK0438,消费,31100.160000
2026-02-05,BK0578,稀土永磁,3639.230000
2026-02-05,BK1106,创新药,1524.720000
2026-02-05,BK0710,量子计算,3648.450000
2026-02-05,BK0968,固态电池,2497.190000
2026-02-05,BK1166,低空经济,1890.320000
2026-02-05,BK0668,医疗器械,4652.360000
2026-02-06,BK1134,AI 算力,1952.860000
2026-02-06,BK1128,CPO,5578.230000
2026-02-06,BK0917,半导体,2454.390000
2026-02-06,BK1137,存储,2333.640000
2026-02-06,BK0922,数据中心,2216.480000
2026-02-06,BK0579,云计算,3853.540000
2026-02-06,BK0963,商业航天,2775.240000
2026-02-06,BK0921,卫星,2348.670000
2026-02-06,BK1090,机器人,2222.490000
2026-02-06,BK0802,自动驾驶,2316.670000
2026-02-06,BK0577,核电,3061.930000
2026-02-06,BK0490,军工,92586.560000
2026-02-06,BK0493,新能源,19356.880000
2026-02-06,BK0588,光伏,4359.130000
2026-02-06,BK0574,锂电池,4471.130000
2026-02-06,BK0464,石油,7235.980000
2026-02-06,BK0843,天然气,1833.740000
2026-02-06,BK0478,铜/有色,29688.590000
2026-02-06,BK0547,黄金,22188.550000
2026-02-06,BK0475,银行金融,4135.360000
2026-02-06,BK1216,生物医疗,5038.180000
2026-02-06,BK0438,消费,30961.760000
2026-02-06,BK0578,稀土永磁,3674.990000
2026-02-06,BK1106,创新药,1532.330000
2026-02-06,BK0710,量子计算,3648.550000
2026-02-06,BK0968,固态电池,2535.460000
2026-02-06,BK1166,低空经济,1885.410000
2026-02-06,BK0668,医疗器械,4659.430000
2026-02-09,BK1134,AI 算力,2019.690000
2026-02-09,BK1128,CPO,5923.630000
2026-02-09,BK0917,半导体,2523.440000
2026-02-09,BK1137,存储,2408.980000
2026-02-09,BK0922,数据中心,2280.610000
2026-02-09,BK0579,云计算,3969.810000
2026-02-09,BK0963,商业航天,2845.880000
2026-02-09,BK0921,卫星,2409.360000
2026-02-09,BK1090,机器人,2261.060000
2026-02-09,BK0802,自动驾驶,2368.980000
2026-02-09,BK0577,核电,3121.890000
2026-02-09,BK0490,军工,94494.800000
2026-02-09,BK0493,新能源,19734.490000
2026-02-09,BK0588,光伏,4466.030000
2026-02-09,BK0574,锂电池,4553.070000
2026-02-09,BK0464,石油,7315.630000
2026-02-09,BK0843,天然气,1848.990000
2026-02-09,BK0478,铜/有色,30206.530000
2026-02-09,BK0547,黄金,22539.350000
2026-02-09,BK0475,银行金融,4159.160000
2026-02-09,BK1216,生物医疗,5077.380000
2026-02-09,BK0438,消费,31115.660000
2026-02-09,BK0578,稀土永磁,3785.010000
2026-02-09,BK1106,创新药,1543.120000
2026-02-09,BK0710,量子计算,3770.460000
2026-02-09,BK0968,固态电池,2580.600000
2026-02-09,BK1166,低空经济,1921.570000
2026-02-09,BK0668,医疗器械,4716.330000
2026-02-10,BK1134,AI 算力,2042.160000
2026-02-10,BK1128,CPO,5916.070000
2026-02-10,BK0917,半导体,2517.410000
2026-02-10,BK1137,存储,2385.660000
2026-02-10,BK0922,数据中心,2300.960000
2026-02-10,BK0579,云计算,4020.310000
2026-02-10,BK0963,商业航天,2824.840000
2026-02-10,BK0921,卫星,2396.350000
2026-02-10,BK1090,机器人,2264.240000
2026-02-10,BK0802,自动驾驶,2373.870000
2026-02-10,BK0577,核电,3116.030000
2026-02-10,BK0490,军工,94303.930000
2026-02-10,BK0493,新能源,19659.490000
2026-02-10,BK0588,光伏,4438.640000
2026-02-10,BK0574,锂电池,4529.480000
2026-02-10,BK0464,石油,7302.830000
2026-02-10,BK0843,天然气,1843.100000
2026-02-10,BK0478,铜/有色,29985.070000
2026-02-10,BK0547,黄金,22177.900000
2026-02-10,BK0475,银行金融,4167.280000
2026-02-10,BK1216,生物医疗,5086.520000
2026-02-10,BK0438,消费,30872.110000
2026-02-10,BK0578,稀土永磁,3785.910000
2026-02-10,BK1106,创新药,1553.290000
2026-02-10,BK0710,量子计算,3771.100000
2026-02-10,BK0968,固态电池,2565.260000
2026-02-10,BK1166,低空经济,1919.850000
2026-02-10,BK0668,医疗器械,4719.670000
2026-02-11,BK1134,AI 算力,2036.100000
2026-02-11,BK1128,CPO,5828.040000
2026-02-11,BK0917,半导体,2504.680000
2026-02-11,BK1137,存储,2361.750000
2026-02-11,BK0922,数据中心,2295.980000
2026-02-11,BK0579,云计算,4015.260000
2026-02-11,BK0963,商业航天,2801.100000
2026-02-11,BK0921,卫星,2368.140000
2026-02-11,BK1090,机器人,2253.600000
2026-02-11,BK0802,自动驾驶,2362.760000
2026-02-11,BK0577,核电,3106.870000
2026-02-11,BK0490,军工,93797.810000
2026-02-11,BK0493,新能源,19670.120000
2026-02-11,BK0588,光伏,4433.000000
2026-02-11,BK0574,锂电池,4552.170000
2026-02-11,BK0464,石油,7349.000000
2026-02-11,BK0843,天然气,1845.220000
2026-02-11,BK0478,铜/有色,30374.800000
2026-02-11,BK0547,黄金,22444.560000
2026-02-11,BK0475,银行金融,4181.230000
2026-02-11,BK1216,生物医疗,5059.550000
2026-02-11,BK0438,消费,30722.660000
2026-02-11,BK0578,稀土永磁,3858.100000
2026-02-11,BK1106,创新药,1542.940000
2026-02-11,BK0710,量子计算,3765.060000
2026-02-11,BK0968,固态电池,2584.820000
2026-02-11,BK1166,低空经济,1911.860000
2026-02-11,BK0668,医疗器械,4700.040000
2026-02-12,BK1134,AI 算力,2076.050000
2026-02-12,BK1128,CPO,6021.820000
2026-02-12,BK0917,半导体,2540.320000
2026-02-12,BK1137,存储,2401.020000
2026-02-12,BK0922,数据中心,2337.150000
2026-02-12,BK0579,云计算,4068.820000
2026-02-12,BK0963,商业航天,2825.300000
2026-02-12,BK0921,卫星,2366.390000
2026-02-12,BK1090,机器人,2267.170000
2026-02-12,BK0802,自动驾驶,2382.580000
2026-02-12,BK0577,核电,3151.260000
2026-02-12,BK0490,军工,94425.510000
2026-02-12,BK0493,新能源,19796.540000
2026-02-12,BK0588,光伏,4459.530000
2026-02-12,BK0574,锂电池,4563.510000
2026-02-12,BK0464,石油,7290.570000
2026-02-12,BK0843,天然气,1838.830000
2026-02-12,BK0478,铜/有色,30509.310000
2026-02-12,BK0547,黄金,22346.520000
2026-02-12,BK0475,银行金融,4118.200000
2026-02-12,BK1216,生物医疗,5015.730000
2026-02-12,BK0438,消费,30221.390000
2026-02-12,BK0578,稀土永磁,3893.740000
2026-02-12,BK1106,创新药,1529.400000
2026-02-12,BK0710,量子计算,3818.580000
2026-02-12,BK0968,固态电池,2590.670000
2026-02-12,BK1166,低空经济,1917.360000
2026-02-12,BK0668,医疗器械,4681.680000
2026-02-13,BK1134,AI 算力,2057.750000
2026-02-13,BK1128,CPO,5842.390000
2026-02-13,BK0917,半导体,2535.010000
2026-02-13,BK1137,存储,2407.990000
2026-02-13,BK0922,数据中心,2316.190000
2026-02-13,BK0579,云计算,4030.450000
2026-02-13,BK0963,商业航天,2806.430000
2026-02-13,BK0921,卫星,2355.410000
2026-02-13,BK1090,机器人,2263.630000
2026-02-13,BK0802,自动驾驶,2378.680000
2026-02-13,BK0577,核电,3107.830000
2026-02-13,BK0490,军工,94288.230000
2026-02-13,BK0493,新能源,19469.050000
2026-02-13,BK0588,光伏,4394.760000
2026-02-13,BK0574,锂电池,4532.200000
2026-02-13,BK0464,石油,7164.240000
2026-02-13,BK0843,天然气,1813.100000
2026-02-13,BK0478,铜/有色,29859.500000
2026-02-13,BK0547,黄金,21947.840000
2026-02-13,BK0475,银行金融,4089.230000
2026-02-13,BK1216,生物医疗,4982.420000
2026-02-13,BK0438,消费,30000.540000
2026-02-13,BK0578,稀土永磁,3808.690000
2026-02-13,BK1106,创新药,1515.080000
2026-02-13,BK0710,量子计算,3790.120000
2026-02-13,BK0968,固态电池,2573.010000
2026-02-13,BK1166,低空经济,1915.570000
2026-02-13,BK0668,医疗器械,4658.620000
2026-02-24,BK1134,AI 算力,2046.840000
2026-02-24,BK1128,CPO,6057.180000
2026-02-24,BK0917,半导体,2571.130000
2026-02-24,BK1137,存储,2447.770000
2026-02-24,BK0922,数据中心,2329.560000
2026-02-24,BK0579,云计算,3972.960000
2026-02-24,BK0963,商业航天,2837.970000
2026-02-24,BK0921,卫星,2355.980000
2026-02-24,BK1090,机器人,2285.070000
2026-02-24,BK0802,自动驾驶,2397.540000
2026-02-24,BK0577,核电,3186.580000
2026-02-24,BK0490,军工,95452.480000
2026-02-24,BK0493,新能源,19938.220000
2026-02-24,BK0588,光伏,4483.230000
2026-02-24,BK0574,锂电池,4625.070000
2026-02-24,BK0464,石油,7639.220000
2026-02-24,BK0843,天然气,1894.070000
2026-02-24,BK0478,铜/有色,30837.880000
2026-02-24,BK0547,黄金,22795.050000
2026-02-24,BK0475,银行金融,4075.350000
2026-02-24,BK1216,生物医疗,5014.060000
2026-02-24,BK0438,消费,30125.230000
2026-02-24,BK0578,稀土永磁,3877.470000
2026-02-24,BK1106,创新药,1518.010000
2026-02-24,BK0710,量子计算,3759.960000
2026-02-24,BK0968,固态电池,2614.860000
2026-02-24,BK1166,低空经济,1932.770000
2026-02-24,BK0668,医疗器械,4696.200000
2026-02-25,BK1134,AI 算力,2044.620000
2026-02-25,BK1128,CPO,6019.570000
2026-02-25,BK0917,半导体,2614.020000
2026-02-25,BK1137,存储,2486.640000
2026-02-25,BK0922,数据中心,2333.560000
2026-02-25,BK0579,云计算,3967.220000
2026-02-25,BK0963,商业航天,2881.270000
2026-02-25,BK0921,卫星,2401.960000
2026-02-25,BK1090,机器人,2300.370000
2026-02-25,BK0802,自动驾驶,2409.140000
2026-02-25,BK0577,核电,3225.810000
2026-02-25,BK0490,军工,96551.850000
2026-02-25,BK0493,新能源,20172.340000
2026-02-25,BK0588,光伏,4534.770000
2026-02-25,BK0574,锂电池,4722.270000
2026-02-25,BK0464,石油,7685.490000
2026-02-25,BK0843,天然气,1912.100000
2026-02-25,BK0478,铜/有色,31997.510000
2026-02-25,BK0547,黄金,23213.860000
2026-02-25,BK0475,银行金融,4057.250000
2026-02-25,BK1216,生物医疗,5055.620000
2026-02-25,BK0438,消费,30301.590000
2026-02-25,BK0578,稀土永磁,4043.230000
2026-02-25,BK1106,创新药,1530.090000
2026-02-25,BK0710,量子计算,3773.120000
2026-02-25,BK0968,固态电池,2672.740000
2026-02-25,BK1166,低空经济,1948.480000
2026-02-25,BK0668,医疗器械,4730.160000
2026-02-26,BK1134,AI 算力,2069.860000
2026-02-26,BK1128,CPO,6275.840000
2026-02-26,BK0917,半导体,2658.450000
2026-02-26,BK1137,存储,2519.700000
2026-02-26,BK0922,数据中心,2367.620000
2026-02-26,BK0579,云计算,3994.700000
2026-02-26,BK0963,商业航天,2924.540000
2026-02-26,BK0921,卫星,2426.610000
2026-02-26,BK1090,机器人,2315.440000
2026-02-26,BK0802,自动驾驶,2425.270000
2026-02-26,BK0577,核电,3284.180000
2026-02-26,BK0490,军工,97704.980000
2026-02-26,BK0493,新能源,20384.270000
2026-02-26,BK0588,光伏,4570.160000
2026-02-26,BK0574,锂电池,4734.650000
2026-02-26,BK0464,石油,7593.310000
2026-02-26,BK0843,天然气,1920.030000
2026-02-26,BK0478,铜/有色,32049.730000
2026-02-26,BK0547,黄金,22969.520000
2026-02-26,BK0475,银行金融,4047.480000
2026-02-26,BK1216,生物医疗,5019.660000
2026-02-26,BK0438,消费,30089.320000
2026-02-26,BK0578,稀土永磁,4013.250000
2026-02-26,BK1106,创新药,1515.640000
2026-02-26,BK0710,量子计算,3810.930000
2026-02-26,BK0968,固态电池,2676.380000
2026-02-26,BK1166,低空经济,1961.760000
2026-02-26,BK0668,医疗器械,4716.720000
2026-02-27,BK1134,AI 算力,2112.730000
2026-02-27,BK1128,CPO,6286.620000
2026-02-27,BK0917,半导体,2659.620000
2026-02-27,BK1137,存储,2509.000000
2026-02-27,BK0922,数据中心,2400.370000
2026-02-27,BK0579,云计算,4080.820000
2026-02-27,BK0963,商业航天,2945.900000
2026-02-27,BK0921,卫星,2448.410000
2026-02-27,BK1090,机器人,2323.100000
2026-02-27,BK0802,自动驾驶,2428.800000
2026-02-27,BK0577,核电,3316.310000
2026-02-27,BK0490,军工,98323.780000
2026-02-27,BK0493,新能源,20705.160000
2026-02-27,BK0588,光伏,4627.980000
2026-02-27,BK0574,锂电池,4760.230000
2026-02-27,BK0464,石油,7702.420000
2026-02-27,BK0843,天然气,1961.620000
2026-02-27,BK0478,铜/有色,33110.270000
2026-02-27,BK0547,黄金,23538.500000
2026-02-27,BK0475,银行金融,4054.780000
2026-02-27,BK1216,生物医疗,5054.260000
2026-02-27,BK0438,消费,30164.900000
2026-02-27,BK0578,稀土永磁,4135.420000
2026-02-27,BK1106,创新药,1521.560000
2026-02-27,BK0710,量子计算,3861.790000
2026-02-27,BK0968,固态电池,2685.850000
2026-02-27,BK1166,低空经济,1974.260000
2026-02-27,BK0668,医疗器械,4761.020000
2026-03-02,BK1134,AI 算力,2067.470000
2026-03-02,BK1128,CPO,6382.560000
2026-03-02,BK0917,半导体,2610.120000
2026-03-02,BK1137,存储,2460.930000
2026-03-02,BK0922,数据中心,2352.390000
2026-03-02,BK0579,云计算,3952.580000
2026-03-02,BK0963,商业航天,2939.300000
2026-03-02,BK0921,卫星,2474.070000
2026-03-02,BK1090,机器人,2268.620000
2026-03-02,BK0802,自动驾驶,2380.460000
2026-03-02,BK0577,核电,3306.580000
2026-03-02,BK0490,军工,98581.950000
2026-03-02,BK0493,新能源,20498.810000
2026-03-02,BK0588,光伏,4554.600000
2026-03-02,BK0574,锂电池,4677.970000
2026-03-02,BK0464,石油,8313.880000
2026-03-02,BK0843,天然气,2021.360000
2026-03-02,BK0478,铜/有色,33586.030000
2026-03-02,BK0547,黄金,24215.670000
2026-03-02,BK0475,银行金融,4083.370000
2026-03-02,BK1216,生物医疗,4928.070000
2026-03-02,BK0438,消费,29453.740000
2026-03-02,BK0578,稀土永磁,4081.130000
2026-03-02,BK1106,创新药,1483.120000
2026-03-02,BK0710,量子计算,3809.280000
2026-03-02,BK0968,固态电池,2639.890000
2026-03-02,BK1166,低空经济,1948.170000
2026-03-02,BK0668,医疗器械,4652.800000
2026-03-03,BK1134,AI 算力,1967.730000
2026-03-03,BK1128,CPO,6195.100000
2026-03-03,BK0917,半导体,2469.580000
2026-03-03,BK1137,存储,2304.960000
2026-03-03,BK0922,数据中心,2251.880000
2026-03-03,BK0579,云计算,3755.940000
2026-03-03,BK0963,商业航天,2751.130000
2026-03-03,BK0921,卫星,2306.720000
2026-03-03,BK1090,机器人,2171.340000
2026-03-03,BK0802,自动驾驶,2278.620000
2026-03-03,BK0577,核电,3159.780000
2026-03-03,BK0490,军工,92986.230000
2026-03-03,BK0493,新能源,19971.430000
2026-03-03,BK0588,光伏,4408.920000
2026-03-03,BK0574,锂电池,4494.680000
2026-03-03,BK0464,石油,8902.380000
2026-03-03,BK0843,天然气,2122.360000
2026-03-03,BK0478,铜/有色,31645.830000
2026-03-03,BK0547,黄金,23143.630000
2026-03-03,BK0475,银行金融,4100.960000
2026-03-03,BK1216,生物医疗,4787.890000
2026-03-03,BK0438,消费,29096.660000
2026-03-03,BK0578,稀土永磁,3848.160000
2026-03-03,BK1106,创新药,1437.990000
2026-03-03,BK0710,量子计算,3627.920000
2026-03-03,BK0968,固态电池,2542.250000
2026-03-03,BK1166,低空经济,1852.370000
2026-03-03,BK0668,医疗器械,4493.460000
2026-03-04,BK1134,AI 算力,1960.510000
2026-03-04,BK1128,CPO,6193.910000
2026-03-04,BK0917,半导体,2465.610000
2026-03-04,BK1137,存储,2321.900000
2026-03-04,BK0922,数据中心,2255.720000
2026-03-04,BK0579,云计算,3740.180000
2026-03-04,BK0963,商业航天,2761.030000
2026-03-04,BK0921,卫星,2310.100000
2026-03-04,BK1090,机器人,2166.630000
2026-03-04,BK0802,自动驾驶,2259.180000
2026-03-04,BK0577,核电,3178.960000
2026-03-04,BK0490,军工,93551.140000
2026-03-04,BK0493,新能源,20035.690000
2026-03-04,BK0588,光伏,4420.730000
2026-03-04,BK0574,锂电池,4472.250000
2026-03-04,BK0464,石油,8636.470000
2026-03-04,BK0843,天然气,2063.240000
2026-03-04,BK0478,铜/有色,31679.680000
2026-03-04,BK0547,黄金,22812.470000
2026-03-04,BK0475,银行金融,4047.320000
2026-03-04,BK1216,生物医疗,4744.080000
2026-03-04,BK0438,消费,28670.970000
2026-03-04,BK0578,稀土永磁,3860.360000
2026-03-04,BK1106,创新药,1426.400000
2026-03-04,BK0710,量子计算,3629.520000
2026-03-04,BK0968,固态电池,2525.420000
2026-03-04,BK1166,低空经济,1852.020000
2026-03-04,BK0668,医疗器械,4451.530000
2026-03-05,BK1134,AI 算力,1998.490000
2026-03-05,BK1128,CPO,6303.740000
2026-03-05,BK0917,半导体,2520.310000
2026-03-05,BK1137,存储,2368.970000
2026-03-05,BK0922,数据中心,2295.740000
2026-03-05,BK0579,云计算,3799.430000
2026-03-05,BK0963,商业航天,2801.730000
2026-03-05,BK0921,卫星,2337.270000
2026-03-05,BK1090,机器人,2203.060000
2026-03-05,BK0802,自动驾驶,2297.640000
2026-03-05,BK0577,核电,3261.030000
2026-03-05,BK0490,军工,94681.890000
2026-03-05,BK0493,新能源,20379.060000
2026-03-05,BK0588,光伏,4491.430000
2026-03-05,BK0574,锂电池,4537.120000
2026-03-05,BK0464,石油,8458.280000
2026-03-05,BK0843,天然气,2049.860000
2026-03-05,BK0478,铜/有色,31633.080000
2026-03-05,BK0547,黄金,22657.400000
2026-03-05,BK0475,银行金融,4080.130000
2026-03-05,BK1216,生物医疗,4793.260000
2026-03-05,BK0438,消费,28749.650000
2026-03-05,BK0578,稀土永磁,3853.680000
2026-03-05,BK1106,创新药,1444.070000
2026-03-05,BK0710,量子计算,3749.720000
2026-03-05,BK0968,固态电池,2561.550000
2026-03-05,BK1166,低空经济,1875.340000
2026-03-05,BK0668,医疗器械,4506.490000
2026-03-06,BK1134,AI 算力,2024.670000
2026-03-06,BK1128,CPO,6270.680000
2026-03-06,BK0917,半导体,2533.070000
2026-03-06,BK1137,存储,2393.650000
2026-03-06,BK0922,数据中心,2335.400000
2026-03-06,BK0579,云计算,3854.580000
2026-03-06,BK0963,商业航天,2817.380000
2026-03-06,BK0921,卫星,2354.190000
2026-03-06,BK1090,机器人,2228.360000
2026-03-06,BK0802,自动驾驶,2325.490000
2026-03-06,BK0577,核电,3301.670000
2026-03-06,BK0490,军工,95550.560000
2026-03-06,BK0493,新能源,20729.480000
2026-03-06,BK0588,光伏,4543.850000
2026-03-06,BK0574,锂电池,4580.580000
2026-03-06,BK0464,石油,8341.790000
2026-03-06,BK0843,天然气,2043.490000
2026-03-06,BK0478,铜/有色,31360.880000
2026-03-06,BK0547,黄金,22688.420000
2026-03-06,BK0475,银行金融,4094.940000
2026-03-06,BK1216,生物医疗,4916.600000
2026-03-06,BK0438,消费,29348.920000
2026-03-06,BK0578,稀土永磁,3867.010000
2026-03-06,BK1106,创新药,1487.560000
2026-03-06,BK0710,量子计算,3774.950000
2026-03-06,BK0968,固态电池,2577.050000
2026-03-06,BK1166,低空经济,1901.620000
2026-03-06,BK0668,医疗器械,4591.840000
2026-03-09,BK1134,AI 算力,2056.430000
2026-03-09,BK1128,CPO,6111.910000
2026-03-09,BK0917,半导体,2493.310000
2026-03-09,BK1137,存储,2361.400000
2026-03-09,BK0922,数据中心,2351.900000
2026-03-09,BK0579,云计算,3927.550000
2026-03-09,BK0963,商业航天,2784.030000
2026-03-09,BK0921,卫星,2333.740000
2026-03-09,BK1090,机器人,2209.750000
2026-03-09,BK0802,自动驾驶,2297.730000
2026-03-09,BK0577,核电,3282.300000
2026-03-09,BK0490,军工,94329.840000
2026-03-09,BK0493,新能源,20847.300000
2026-03-09,BK0588,光伏,4548.220000
2026-03-09,BK0574,锂电池,4553.910000
2026-03-09,BK0464,石油,8353.570000
2026-03-09,BK0843,天然气,2041.470000
2026-03-09,BK0478,铜/有色,31040.820000
2026-03-09,BK0547,黄金,22572.190000
2026-03-09,BK0475,银行金融,4072.920000
2026-03-09,BK1216,生物医疗,4884.430000
2026-03-09,BK0438,消费,29009.630000
2026-03-09,BK0578,稀土永磁,3818.030000
2026-03-09,BK1106,创新药,1477.380000
2026-03-09,BK0710,量子计算,3775.980000
2026-03-09,BK0968,固态电池,2554.800000
2026-03-09,BK1166,低空经济,1882.570000
2026-03-09,BK0668,医疗器械,4546.110000
2026-03-10,BK1134,AI 算力,2096.740000
2026-03-10,BK1128,CPO,6518.760000
2026-03-10,BK0917,半导体,2572.900000
2026-03-10,BK1137,存储,2428.890000
2026-03-10,BK0922,数据中心,2401.440000
2026-03-10,BK0579,云计算,3996.060000
2026-03-10,BK0963,商业航天,2859.090000
2026-03-10,BK0921,卫星,2400.550000
2026-03-10,BK1090,机器人,2262.510000
2026-03-10,BK0802,自动驾驶,2354.830000
2026-03-10,BK0577,核电,3326.670000
2026-03-10,BK0490,军工,96199.760000
2026-03-10,BK0493,新能源,21079.280000
2026-03-10,BK0588,光伏,4618.980000
2026-03-10,BK0574,锂电池,4636.140000
2026-03-10,BK0464,石油,8000.210000
2026-03-10,BK0843,天然气,2011.360000
2026-03-10,BK0478,铜/有色,31494.110000
2026-03-10,BK0547,黄金,22746.190000
2026-03-10,BK0475,银行金融,4077.110000
2026-03-10,BK1216,生物医疗,4983.640000
2026-03-10,BK0438,消费,29321.870000
2026-03-10,BK0578,稀土永磁,3885.660000
2026-03-10,BK1106,创新药,1510.940000
2026-03-10,BK0710,量子计算,3871.730000
2026-03-10,BK0968,固态电池,2609.660000
2026-03-10,BK1166,低空经济,1923.140000
2026-03-10,BK0668,医疗器械,4648.940000
2026-03-11,BK1134,AI 算力,2084.710000
2026-03-11,BK1128,CPO,6600.970000
2026-03-11,BK0917,半导体,2558.730000
2026-03-11,BK1137,存储,2410.950000
2026-03-11,BK0922,数据中心,2397.050000
2026-03-11,BK0579,云计算,3972.190000
2026-03-11,BK0963,商业航天,2841.870000
2026-03-11,BK0921,卫星,2377.080000
2026-03-11,BK1090,机器人,2254.530000
2026-03-11,BK0802,自动驾驶,2343.190000
2026-03-11,BK0577,核电,3316.990000
2026-03-11,BK0490,军工,95397.260000
2026-03-11,BK0493,新能源,21289.880000
2026-03-11,BK0588,光伏,4654.520000
2026-03-11,BK0574,锂电池,4688.320000
2026-03-11,BK0464,石油,8098.910000
2026-03-11,BK0843,天然气,2019.360000
2026-03-11,BK0478,铜/有色,31246.610000
2026-03-11,BK0547,黄金,22571.760000
2026-03-11,BK0475,银行金融,4113.780000
2026-03-11,BK1216,生物医疗,4964.730000
2026-03-11,BK0438,消费,29227.600000
2026-03-11,BK0578,稀土永磁,3849.900000
2026-03-11,BK1106,创新药,1500.570000
2026-03-11,BK0710,量子计算,3843.040000
2026-03-11,BK0968,固态电池,2655.630000
2026-03-11,BK1166,低空经济,1915.340000
2026-03-11,BK0668,医疗器械,4639.810000
2026-03-12,BK1134,AI 算力,2067.900000
2026-03-12,BK1128,CPO,6574.720000
2026-03-12,BK0917,半导体,2527.010000
2026-03-12,BK1137,存储,2381.240000
2026-03-12,BK0922,数据中心,2370.210000
2026-03-12,BK0579,云计算,3927.060000
2026-03-12,BK0963,商业航天,2795.440000
2026-03-12,BK0921,卫星,2327.340000
2026-03-12,BK1090,机器人,2226.060000
2026-03-12,BK0802,自动驾驶,2312.190000
2026-03-12,BK0577,核电,3279.530000
2026-03-12,BK0490,军工,93621.190000
2026-03-12,BK0493,新能源,21391.860000
2026-03-12,BK0588,光伏,4638.430000
2026-03-12,BK0574,锂电池,4661.020000
2026-03-12,BK0464,石油,8083.890000
2026-03-12,BK0843,天然气,2034.600000
2026-03-12,BK0478,铜/有色,31012.250000
2026-03-12,BK0547,黄金,22392.790000
2026-03-12,BK0475,银行金融,4153.830000
2026-03-12,BK1216,生物医疗,4927.240000
2026-03-12,BK0438,消费,28967.330000
2026-03-12,BK0578,稀土永磁,3823.530000
2026-03-12,BK1106,创新药,1487.160000
2026-03-12,BK0710,量子计算,3802.460000
2026-03-12,BK0968,固态电池,2639.250000
2026-03-12,BK1166,低空经济,1891.080000
2026-03-12,BK0668,医疗器械,4597.810000
2026-03-13,BK1134,AI 算力,2016.980000
2026-03-13,BK1128,CPO,6408.830000
2026-03-13,BK0917,半导体,2497.300000
2026-03-13,BK1137,存储,2352.440000
2026-03-13,BK0922,数据中心,2308.970000
2026-03-13,BK0579,云计算,3823.330000
2026-03-13,BK0963,商业航天,2736.950000
2026-03-13,BK0921,卫星,2270.670000
2026-03-13,BK1090,机器人,2199.710000
2026-03-13,BK0802,自动驾驶,2284.870000
2026-03-13,BK0577,核电,3252.460000
2026-03-13,BK0490,军工,92051.230000
2026-03-13,BK0493,新能源,21136.140000
2026-03-13,BK0588,光伏,4572.210000
2026-03-13,BK0574,锂电池,4646.840000
2026-03-13,BK0464,石油,7977.070000
2026-03-13,BK0843,天然气,2016.170000
2026-03-13,BK0478,铜/有色,30261.310000
2026-03-13,BK0547,黄金,21969.950000
2026-03-13,BK0475,银行金融,4169.920000
2026-03-13,BK1216,生物医疗,4924.740000
2026-03-13,BK0438,消费,28952.020000
2026-03-13,BK0578,稀土永磁,3763.380000
2026-03-13,BK1106,创新药,1478.990000
2026-03-13,BK0710,量子计算,3711.070000
2026-03-13,BK0968,固态电池,2630.900000
2026-03-13,BK1166,低空经济,1866.410000
2026-03-13,BK0668,医疗器械,4585.330000
2026-03-16,BK1134,AI 算力,2031.500000
2026-03-16,BK1128,CPO,6445.590000
2026-03-16,BK0917,半导体,2524.000000
2026-03-16,BK1137,存储,2420.340000
2026-03-16,BK0922,数据中心,2319.920000
2026-03-16,BK0579,云计算,3848.560000
2026-03-16,BK0963,商业航天,2735.860000
2026-03-16,BK0921,卫星,2280.800000
2026-03-16,BK1090,机器人,2202.020000
2026-03-16,BK0802,自动驾驶,2296.070000
2026-03-16,BK0577,核电,3211.940000
2026-03-16,BK1647,电网,991.130000
2026-03-16,BK0490,军工,91976.660000
2026-03-16,BK0493,新能源,20855.850000
2026-03-16,BK0588,光伏,4534.060000
2026-03-16,BK0574,锂电池,4634.720000
2026-03-16,BK0464,石油,7951.110000
2026-03-16,BK0843,天然气,2002.900000
2026-03-16,BK0478,铜/有色,29730.740000
2026-03-16,BK0547,黄金,21519.820000
2026-03-16,BK0475,银行金融,4188.620000
2026-03-16,BK1216,生物医疗,4942.700000
2026-03-16,BK0438,消费,29290.020000
2026-03-16,BK0578,稀土永磁,3702.580000
2026-03-16,BK1106,创新药,1487.820000
2026-03-16,BK0710,量子计算,3708.130000
2026-03-16,BK0968,固态电池,2636.960000
2026-03-16,BK1646,消费电子,1008.420000
2026-03-16,BK1166,低空经济,1873.290000
2026-03-16,BK0668,医疗器械,4596.530000
2026-03-17,BK1134,AI 算力,1983.910000
2026-03-17,BK1128,CPO,6002.590000
2026-03-17,BK0917,半导体,2445.020000
2026-03-17,BK1137,存储,2355.970000
2026-03-17,BK0922,数据中心,2257.930000
2026-03-17,BK0579,云计算,3757.650000
2026-03-17,BK0963,商业航天,2652.590000
2026-03-17,BK0921,卫星,2204.750000
2026-03-17,BK1090,机器人,2154.290000
2026-03-17,BK0802,自动驾驶,2249.970000
2026-03-17,BK0577,核电,3145.040000
2026-03-17,BK1647,电网,963.370000
2026-03-17,BK0490,军工,89612.560000
2026-03-17,BK0493,新能源,20560.950000
2026-03-17,BK0588,光伏,4454.970000
2026-03-17,BK0574,锂电池,4506.360000
2026-03-17,BK0464,石油,7831.120000
2026-03-17,BK0843,天然气,1963.580000
2026-03-17,BK0478,铜/有色,29065.450000
2026-03-17,BK0547,黄金,21268.460000
2026-03-17,BK0475,银行金融,4217.230000
2026-03-17,BK1216,生物医疗,4894.870000
2026-03-17,BK0438,消费,29058.210000
2026-03-17,BK0578,稀土永磁,3604.970000
2026-03-17,BK1106,创新药,1477.780000
2026-03-17,BK0710,量子计算,3583.850000
2026-03-17,BK0968,固态电池,2553.030000
2026-03-17,BK1646,消费电子,978.250000
2026-03-17,BK1166,低空经济,1836.430000
2026-03-17,BK0668,医疗器械,4532.810000
2026-03-18,BK1134,AI 算力,2059.390000
2026-03-18,BK1128,CPO,6262.570000
2026-03-18,BK0917,半导体,2496.900000
2026-03-18,BK1137,存储,2458.770000
2026-03-18,BK0922,数据中心,2325.880000
2026-03-18,BK0579,云计算,3885.850000
2026-03-18,BK0963,商业航天,2717.700000
2026-03-18,BK0921,卫星,2271.770000
2026-03-18,BK1090,机器人,2184.480000
2026-03-18,BK0802,自动驾驶,2283.720000
2026-03-18,BK0577,核电,3173.950000
2026-03-18,BK1647,电网,983.940000
2026-03-18,BK0490,军工,91118.480000
2026-03-18,BK0493,新能源,20708.450000
2026-03-18,BK0588,光伏,4492.680000
2026-03-18,BK0574,锂电池,4525.250000
2026-03-18,BK0464,石油,7700.510000
2026-03-18,BK0843,天然气,1951.290000
2026-03-18,BK0478,铜/有色,29082.790000
2026-03-18,BK0547,黄金,21240.960000
2026-03-18,BK0475,银行金融,4190.740000
2026-03-18,BK1216,生物医疗,4941.580000
2026-03-18,BK0438,消费,28979.980000
2026-03-18,BK0578,稀土永磁,3624.650000
2026-03-18,BK1106,创新药,1490.250000
2026-03-18,BK0710,量子计算,3672.020000
2026-03-18,BK0968,固态电池,2556.760000
2026-03-18,BK1646,消费电子,996.510000
2026-03-18,BK1166,低空经济,1864.330000
2026-03-18,BK0668,医疗器械,4581.130000
2026-03-19,BK1134,AI 算力,2047.830000
2026-03-19,BK1128,CPO,6236.630000
2026-03-19,BK0917,半导体,2425.430000
2026-03-19,BK1137,存储,2388.460000
2026-03-19,BK0922,数据中心,2293.890000
2026-03-19,BK0579,云计算,3837.310000
2026-03-19,BK0963,商业航天,2645.670000
2026-03-19,BK0921,卫星,2223.100000
2026-03-19,BK1090,机器人,2124.560000
2026-03-19,BK0802,自动驾驶,2228.800000
2026-03-19,BK0577,核电,3075.780000
2026-03-19,BK1647,电网,960.250000
2026-03-19,BK0490,军工,88556.980000
2026-03-19,BK0493,新能源,20405.640000
2026-03-19,BK0588,光伏,4409.080000
2026-03-19,BK0574,锂电池,4375.960000
2026-03-19,BK0464,石油,7720.340000
2026-03-19,BK0843,天然气,1968.530000
2026-03-19,BK0478,铜/有色,27607.740000
2026-03-19,BK0547,黄金,20320.230000
2026-03-19,BK0475,银行金融,4169.560000
2026-03-19,BK1216,生物医疗,4820.490000
2026-03-19,BK0438,消费,28425.860000
2026-03-19,BK0578,稀土永磁,3474.580000
2026-03-19,BK1106,创新药,1456.260000
2026-03-19,BK0710,量子计算,3637.200000
2026-03-19,BK0968,固态电池,2475.700000
2026-03-19,BK1646,消费电子,970.440000
2026-03-19,BK1166,低空经济,1818.760000
2026-03-19,BK0668,医疗器械,4464.470000
2026-03-20,BK1134,AI 算力,1968.260000
2026-03-20,BK1128,CPO,6221.840000
2026-03-20,BK0917,半导体,2383.520000
2026-03-20,BK1137,存储,2317.830000
2026-03-20,BK0922,数据中心,2223.030000
2026-03-20,BK0579,云计算,3679.320000
2026-03-20,BK0963,商业航天,2574.070000
2026-03-20,BK0921,卫星,2150.080000
2026-03-20,BK1090,机器人,2073.480000
2026-03-20,BK0802,自动驾驶,2177.430000
2026-03-20,BK0577,核电,3000.820000
2026-03-20,BK1647,电网,938.890000
2026-03-20,BK0490,军工,85931.460000
2026-03-20,BK0493,新能源,20256.810000
2026-03-20,BK0588,光伏,4385.590000
2026-03-20,BK0574,锂电池,4318.510000
2026-03-20,BK0464,石油,7453.210000
2026-03-20,BK0843,天然气,1922.810000
2026-03-20,BK0478,铜/有色,27058.650000
2026-03-20,BK0547,黄金,19947.700000
2026-03-20,BK0475,银行金融,4153.400000
2026-03-20,BK1216,生物医疗,4713.260000
2026-03-20,BK0438,消费,27855.680000
2026-03-20,BK0578,稀土永磁,3396.030000
2026-03-20,BK1106,创新药,1426.130000
2026-03-20,BK0710,量子计算,3536.990000
2026-03-20,BK0968,固态电池,2463.350000
2026-03-20,BK1646,消费电子,951.160000
2026-03-20,BK1166,低空经济,1765.100000
2026-03-20,BK0668,医疗器械,4355.020000
2026-03-23,BK1134,AI 算力,1863.130000
2026-03-23,BK1128,CPO,5913.200000
2026-03-23,BK0917,半导体,2252.180000
2026-03-23,BK1137,存储,2179.870000
2026-03-23,BK0922,数据中心,2105.450000
2026-03-23,BK0579,云计算,3477.060000
2026-03-23,BK0963,商业航天,2444.040000
2026-03-23,BK0921,卫星,2036.930000
2026-03-23,BK1090,机器人,1966.090000
2026-03-23,BK0802,自动驾驶,2061.150000
2026-03-23,BK0577,核电,2861.700000
2026-03-23,BK1647,电网,895.250000
2026-03-23,BK0490,军工,81342.600000
2026-03-23,BK0493,新能源,19549.360000
2026-03-23,BK0588,光伏,4220.370000
2026-03-23,BK0574,锂电池,4143.710000
2026-03-23,BK0464,石油,7363.660000
2026-03-23,BK0843,天然气,1864.500000
2026-03-23,BK0478,铜/有色,25549.580000
2026-03-23,BK0547,黄金,18744.070000
2026-03-23,BK0475,银行金融,3998.760000
2026-03-23,BK1216,生物医疗,4442.050000
2026-03-23,BK0438,消费,26522.390000
2026-03-23,BK0578,稀土永磁,3219.150000
2026-03-23,BK1106,创新药,1346.970000
2026-03-23,BK0710,量子计算,3349.910000
2026-03-23,BK0968,固态电池,2365.620000
2026-03-23,BK1646,消费电子,898.310000
2026-03-23,BK1166,低空经济,1669.630000
2026-03-23,BK0668,医疗器械,4115.120000
2026-03-24,BK1134,AI 算力,1920.650000
2026-03-24,BK1128,CPO,6106.490000
2026-03-24,BK0917,半导体,2318.250000
2026-03-24,BK1137,存储,2235.030000
2026-03-24,BK0922,数据中心,2174.100000
2026-03-24,BK0579,云计算,3585.550000
2026-03-24,BK0963,商业航天,2506.830000
2026-03-24,BK0921,卫星,2082.810000
2026-03-24,BK1090,机器人,2026.110000
2026-03-24,BK0802,自动驾驶,2123.620000
2026-03-24,BK0577,核电,2962.990000
2026-03-24,BK1647,电网,930.420000
2026-03-24,BK0490,军工,84077.380000
2026-03-24,BK0493,新能源,20353.600000
2026-03-24,BK0588,光伏,4364.030000
2026-03-24,BK0574,锂电池,4271.340000
2026-03-24,BK0464,石油,7404.000000
2026-03-24,BK0843,天然气,1906.290000
2026-03-24,BK0478,铜/有色,26491.020000
2026-03-24,BK0547,黄金,19488.940000
2026-03-24,BK0475,银行金融,4097.300000
2026-03-24,BK1216,生物医疗,4616.250000
2026-03-24,BK0438,消费,27276.770000
2026-03-24,BK0578,稀土永磁,3309.790000
2026-03-24,BK1106,创新药,1399.500000
2026-03-24,BK0710,量子计算,3443.470000
2026-03-24,BK0968,固态电池,2425.940000
2026-03-24,BK1646,消费电子,924.670000
2026-03-24,BK1166,低空经济,1719.200000
2026-03-24,BK0668,医疗器械,4266.710000
2026-03-25,BK1134,AI 算力,1978.670000
2026-03-25,BK1128,CPO,6361.300000
2026-03-25,BK0917,半导体,2367.640000
2026-03-25,BK1137,存储,2283.640000
2026-03-25,BK0922,数据中心,2236.520000
2026-03-25,BK0579,云计算,3676.750000
2026-03-25,BK0963,商业航天,2553.940000
2026-03-25,BK0921,卫星,2117.260000
2026-03-25,BK1090,机器人,2066.890000
2026-03-25,BK0802,自动驾驶,2169.560000
2026-03-25,BK0577,核电,3021.630000
2026-03-25,BK1647,电网,948.570000
2026-03-25,BK0490,军工,85848.920000
2026-03-25,BK0493,新能源,20843.620000
2026-03-25,BK0588,光伏,4449.550000
2026-03-25,BK0574,锂电池,4350.690000
2026-03-25,BK0464,石油,7495.430000
2026-03-25,BK0843,天然气,1919.620000
2026-03-25,BK0478,铜/有色,27153.940000
2026-03-25,BK0547,黄金,19987.590000
2026-03-25,BK0475,银行金融,4145.410000
2026-03-25,BK1216,生物医疗,4670.750000
2026-03-25,BK0438,消费,27681.690000
2026-03-25,BK0578,稀土永磁,3384.320000
2026-03-25,BK1106,创新药,1416.990000
2026-03-25,BK0710,量子计算,3516.120000
2026-03-25,BK0968,固态电池,2469.200000
2026-03-25,BK1646,消费电子,945.950000
2026-03-25,BK1166,低空经济,1753.320000
2026-03-25,BK0668,医疗器械,4327.610000
2026-03-26,BK1134,AI 算力,1927.240000
2026-03-26,BK1128,CPO,6244.430000
2026-03-26,BK0917,半导体,2316.550000
2026-03-26,BK1137,存储,2222.070000
2026-03-26,BK0922,数据中心,2180.100000
2026-03-26,BK0579,云计算,3576.340000
2026-03-26,BK0963,商业航天,2520.950000
2026-03-26,BK0921,卫星,2080.870000
2026-03-26,BK1090,机器人,2030.780000
2026-03-26,BK0802,自动驾驶,2129.620000
2026-03-26,BK0577,核电,2966.100000
2026-03-26,BK1647,电网,923.320000
2026-03-26,BK0490,军工,84308.320000
2026-03-26,BK0493,新能源,20471.760000
2026-03-26,BK0588,光伏,4359.580000
2026-03-26,BK0574,锂电池,4322.260000
2026-03-26,BK0464,石油,7508.090000
2026-03-26,BK0843,天然气,1914.810000
2026-03-26,BK0478,铜/有色,26817.950000
2026-03-26,BK0547,黄金,19589.960000
2026-03-26,BK0475,银行金融,4155.360000
2026-03-26,BK1216,生物医疗,4620.940000
2026-03-26,BK0438,消费,27384.140000
2026-03-26,BK0578,稀土永磁,3327.700000
2026-03-26,BK1106,创新药,1406.700000
2026-03-26,BK0710,量子计算,3421.460000
2026-03-26,BK0968,固态电池,2463.230000
2026-03-26,BK1646,消费电子,927.640000
2026-03-26,BK1166,低空经济,1725.350000
2026-03-26,BK0668,医疗器械,4258.640000
2026-03-27,BK1134,AI 算力,1937.600000
2026-03-27,BK1128,CPO,6304.130000
2026-03-27,BK0917,半导体,2349.680000
2026-03-27,BK1137,存储,2240.660000
2026-03-27,BK0922,数据中心,2193.970000
2026-03-27,BK0579,云计算,3606.290000
2026-03-27,BK0963,商业航天,2540.880000
2026-03-27,BK0921,卫星,2096.170000
2026-03-27,BK1090,机器人,2050.910000
2026-03-27,BK0802,自动驾驶,2151.760000
2026-03-27,BK0577,核电,2993.920000
2026-03-27,BK1647,电网,931.210000
2026-03-27,BK0490,军工,85134.410000
2026-03-27,BK0493,新能源,20544.040000
2026-03-27,BK0588,光伏,4390.420000
2026-03-27,BK0574,锂电池,4426.010000
2026-03-27,BK0464,石油,7604.710000
2026-03-27,BK0843,天然气,1931.920000
2026-03-27,BK0478,铜/有色,27634.780000
2026-03-27,BK0547,黄金,20015.190000
2026-03-27,BK0475,银行金融,4119.830000
2026-03-27,BK1216,生物医疗,4781.020000
2026-03-27,BK0438,消费,27833.090000
2026-03-27,BK0578,稀土永磁,3408.040000
2026-03-27,BK1106,创新药,1471.860000
2026-03-27,BK0710,量子计算,3464.100000
2026-03-27,BK0968,固态电池,2519.400000
2026-03-27,BK1646,消费电子,937.990000
2026-03-27,BK1166,低空经济,1737.900000
2026-03-27,BK0668,医疗器械,4358.580000
2026-03-30,BK1134,AI 算力,1940.590000
2026-03-30,BK1128,CPO,6362.060000
2026-03-30,BK0917,半导体,2349.280000
2026-03-30,BK1137,存储,2241.530000
2026-03-30,BK0922,数据中心,2197.280000
2026-03-30,BK0579,云计算,3619.530000
2026-03-30,BK0963,商业航天,2571.930000
2026-03-30,BK0921,卫星,2122.750000
2026-03-30,BK1090,机器人,2054.240000
2026-03-30,BK0802,自动驾驶,2156.270000
2026-03-30,BK0577,核电,2989.100000
2026-03-30,BK1647,电网,924.470000
2026-03-30,BK0490,军工,85887.340000
2026-03-30,BK0493,新能源,20188.950000
2026-03-30,BK0588,光伏,4338.260000
2026-03-30,BK0574,锂电池,4430.300000
2026-03-30,BK0464,石油,7572.010000
2026-03-30,BK0843,天然气,1908.710000
2026-03-30,BK0478,铜/有色,28217.020000
2026-03-30,BK0547,黄金,20258.360000
2026-03-30,BK0475,银行金融,4136.160000
2026-03-30,BK1216,生物医疗,4824.570000
2026-03-30,BK0438,消费,27975.110000
2026-03-30,BK0578,稀土永磁,3398.310000
2026-03-30,BK1106,创新药,1489.280000
2026-03-30,BK0710,量子计算,3480.530000
2026-03-30,BK0968,固态电池,2516.210000
2026-03-30,BK1646,消费电子,933.900000
2026-03-30,BK1166,低空经济,1745.350000
2026-03-30,BK0668,医疗器械,4390.410000
2026-03-31,BK1134,AI 算力,1904.130000
2026-03-31,BK1128,CPO,6132.250000
2026-03-31,BK0917,半导体,2291.660000
2026-03-31,BK1137,存储,2167.740000
2026-03-31,BK0922,数据中心,2156.330000
2026-03-31,BK0579,云计算,3572.480000
2026-03-31,BK0963,商业航天,2551.850000
2026-03-31,BK0921,卫星,2112.080000
2026-03-31,BK1090,机器人,2030.040000
2026-03-31,BK0802,自动驾驶,2137.230000
2026-03-31,BK0577,核电,2948.110000
2026-03-31,BK1647,电网,906.920000
2026-03-31,BK0490,军工,85148.560000
2026-03-31,BK0493,新能源,19701.800000
2026-03-31,BK0588,光伏,4234.520000
2026-03-31,BK0574,锂电池,4318.740000
2026-03-31,BK0464,石油,7382.780000
2026-03-31,BK0843,天然气,1856.490000
2026-03-31,BK0478,铜/有色,27793.710000
2026-03-31,BK0547,黄金,20034.520000
2026-03-31,BK0475,银行金融,4155.700000
2026-03-31,BK1216,生物医疗,4796.080000
2026-03-31,BK0438,消费,27706.920000
2026-03-31,BK0578,稀土永磁,3364.870000
2026-03-31,BK1106,创新药,1483.510000
2026-03-31,BK0710,量子计算,3427.960000
2026-03-31,BK0968,固态电池,2450.330000
2026-03-31,BK1646,消费电子,916.300000
2026-03-31,BK1166,低空经济,1730.040000
2026-03-31,BK0668,医疗器械,4346.910000
2026-04-01,BK1134,AI 算力,1951.830000
2026-04-01,BK1128,CPO,6441.290000
2026-04-01,BK0917,半导体,2350.740000
2026-04-01,BK1137,存储,2218.650000
2026-04-01,BK0922,数据中心,2204.690000
2026-04-01,BK0579,云计算,3638.290000
2026-04-01,BK0963,商业航天,2584.640000
2026-04-01,BK0921,卫星,2121.600000
2026-04-01,BK1090,机器人,2068.460000
2026-04-01,BK0802,自动驾驶,2182.070000
2026-04-01,BK0577,核电,2987.800000
2026-04-01,BK1647,电网,920.220000
2026-04-01,BK0490,军工,86096.630000
2026-04-01,BK0493,新能源,19826.900000
2026-04-01,BK0588,光伏,4286.710000
2026-04-01,BK0574,锂电池,4380.470000
2026-04-01,BK0464,石油,7408.600000
2026-04-01,BK0843,天然气,1870.190000
2026-04-01,BK0478,铜/有色,28186.000000
2026-04-01,BK0547,黄金,20332.460000
2026-04-01,BK0475,银行金融,4155.460000
2026-04-01,BK1216,生物医疗,4981.710000
2026-04-01,BK0438,消费,28004.070000
2026-04-01,BK0578,稀土永磁,3417.790000
2026-04-01,BK1106,创新药,1561.200000
2026-04-01,BK0710,量子计算,3471.460000
2026-04-01,BK0968,固态电池,2489.870000
2026-04-01,BK1646,消费电子,939.030000
2026-04-01,BK1166,低空经济,1753.450000
2026-04-01,BK0668,医疗器械,4472.570000
2026-04-02,BK1134,AI 算力,1889.320000
2026-04-02,BK1128,CPO,6313.580000
2026-04-02,BK0917,半导体,2291.650000
2026-04-02,BK1137,存储,2149.070000
2026-04-02,BK0922,数据中心,2142.800000
2026-04-02,BK0579,云计算,3521.350000
2026-04-02,BK0963,商业航天,2531.590000
2026-04-02,BK0921,卫星,2076.290000
2026-04-02,BK1090,机器人,2028.600000
2026-04-02,BK0802,自动驾驶,2140.630000
2026-04-02,BK0577,核电,2932.190000
2026-04-02,BK1647,电网,901.120000
2026-04-02,BK0490,军工,84524.200000
2026-04-02,BK0493,新能源,19437.850000
2026-04-02,BK0588,光伏,4196.710000
2026-04-02,BK0574,锂电池,4301.900000
2026-04-02,BK0464,石油,7629.960000
2026-04-02,BK0843,天然气,1880.830000
2026-04-02,BK0478,铜/有色,27607.200000
2026-04-02,BK0547,黄金,19921.800000
2026-04-02,BK0475,银行金融,4170.860000
2026-04-02,BK1216,生物医疗,5002.030000
2026-04-02,BK0438,消费,27890.980000
2026-04-02,BK0578,稀土永磁,3350.740000
2026-04-02,BK1106,创新药,1579.490000
2026-04-02,BK0710,量子计算,3396.950000
2026-04-02,BK0968,固态电池,2445.990000
2026-04-02,BK1646,消费电子,916.410000
2026-04-02,BK1166,低空经济,1720.140000
2026-04-02,BK0668,医疗器械,4440.060000
2026-04-03,BK1134,AI 算力,1866.700000
2026-04-03,BK1128,CPO,6505.530000
2026-04-03,BK0917,半导体,2279.360000
2026-04-03,BK1137,存储,2123.110000
2026-04-03,BK0922,数据中心,2114.550000
2026-04-03,BK0579,云计算,3477.970000
2026-04-03,BK0963,商业航天,2492.180000
2026-04-03,BK0921,卫星,2050.960000
2026-04-03,BK1090,机器人,1994.200000
2026-04-03,BK0802,自动驾驶,2120.270000
2026-04-03,BK0577,核电,2856.630000
2026-04-03,BK1647,电网,879.390000
2026-04-03,BK0490,军工,82829.170000
2026-04-03,BK0493,新能源,18832.260000
2026-04-03,BK0588,光伏,4085.320000
2026-04-03,BK0574,锂电池,4203.590000
2026-04-03,BK0464,石油,7421.390000
2026-04-03,BK0843,天然气,1820.460000
2026-04-03,BK0478,铜/有色,27113.270000
2026-04-03,BK0547,黄金,19541.180000
2026-04-03,BK0475,银行金融,4119.500000
2026-04-03,BK1216,生物医疗,4874.020000
2026-04-03,BK0438,消费,27194.770000
2026-04-03,BK0578,稀土永磁,3295.860000
2026-04-03,BK1106,创新药,1539.990000
2026-04-03,BK0710,量子计算,3399.110000
2026-04-03,BK0968,固态电池,2407.470000
2026-04-03,BK1646,消费电子,907.340000
2026-04-03,BK1166,低空经济,1685.000000
2026-04-03,BK0668,医疗器械,4343.170000
2026-04-07,BK1134,AI 算力,1873.950000
2026-04-07,BK1128,CPO,6502.090000
2026-04-07,BK0917,半导体,2311.440000
2026-04-07,BK1137,存储,2157.430000
2026-04-07,BK0922,数据中心,2127.880000
2026-04-07,BK0579,云计算,3493.980000
2026-04-07,BK0963,商业航天,2497.240000
2026-04-07,BK0921,卫星,2052.010000
2026-04-07,BK1090,机器人,2010.420000
2026-04-07,BK0802,自动驾驶,2135.310000
2026-04-07,BK0577,核电,2871.790000
2026-04-07,BK1647,电网,887.630000
2026-04-07,BK0490,军工,83419.230000
2026-04-07,BK0493,新能源,19042.610000
2026-04-07,BK0588,光伏,4132.710000
2026-04-07,BK0574,锂电池,4283.510000
2026-04-07,BK0464,石油,7650.050000
2026-04-07,BK0843,天然气,1857.800000
2026-04-07,BK0478,铜/有色,27560.310000
2026-04-07,BK0547,黄金,19815.900000
2026-04-07,BK0475,银行金融,4087.390000
2026-04-07,BK1216,生物医疗,4909.830000
2026-04-07,BK0438,消费,27525.160000
2026-04-07,BK0578,稀土永磁,3362.630000
2026-04-07,BK1106,创新药,1543.570000
2026-04-07,BK0710,量子计算,3399.770000
2026-04-07,BK0968,固态电池,2450.950000
2026-04-07,BK1646,消费电子,918.920000
2026-04-07,BK1166,低空经济,1698.450000
2026-04-07,BK0668,医疗器械,4392.230000
2026-04-08,BK1134,AI 算力,1990.280000
2026-04-08,BK1128,CPO,6964.920000
2026-04-08,BK0917,半导体,2443.780000
2026-04-08,BK1137,存储,2302.630000
2026-04-08,BK0922,数据中心,2246.050000
2026-04-08,BK0579,云计算,3716.320000
2026-04-08,BK0963,商业航天,2637.680000
2026-04-08,BK0921,卫星,2172.210000
2026-04-08,BK1090,机器人,2110.600000
2026-04-08,BK0802,自动驾驶,2240.940000
2026-04-08,BK0577,核电,3008.880000
2026-04-08,BK1647,电网,930.900000
2026-04-08,BK0490,军工,87450.160000
2026-04-08,BK0493,新能源,19725.290000
2026-04-08,BK0588,光伏,4302.550000
2026-04-08,BK0574,锂电池,4444.260000
2026-04-08,BK0464,石油,7508.510000
2026-04-08,BK0843,天然气,1872.680000
2026-04-08,BK0478,铜/有色,29023.860000
2026-04-08,BK0547,黄金,20919.410000
2026-04-08,BK0475,银行金融,4137.700000
2026-04-08,BK1216,生物医疗,4990.880000
2026-04-08,BK0438,消费,28055.460000
2026-04-08,BK0578,稀土永磁,3507.930000
2026-04-08,BK1106,创新药,1560.760000
2026-04-08,BK0710,量子计算,3569.200000
2026-04-08,BK0968,固态电池,2549.710000
2026-04-08,BK1646,消费电子,972.460000
2026-04-08,BK1166,低空经济,1780.560000
2026-04-08,BK0668,医疗器械,4530.550000
2026-04-09,BK1134,AI 算力,1969.060000
2026-04-09,BK1128,CPO,7128.430000
2026-04-09,BK0917,半导体,2437.310000
2026-04-09,BK1137,存储,2304.620000
2026-04-09,BK0922,数据中心,2226.120000
2026-04-09,BK0579,云计算,3649.810000
2026-04-09,BK0963,商业航天,2614.880000
2026-04-09,BK0921,卫星,2155.410000
2026-04-09,BK1090,机器人,2087.130000
2026-04-09,BK0802,自动驾驶,2227.170000
2026-04-09,BK0577,核电,2982.450000
2026-04-09,BK1647,电网,919.390000
2026-04-09,BK0490,军工,86532.530000
2026-04-09,BK0493,新能源,19467.640000
2026-04-09,BK0588,光伏,4254.600000
2026-04-09,BK0574,锂电池,4418.260000
2026-04-09,BK0464,石油,7535.370000
2026-04-09,BK0843,天然气,1859.350000
2026-04-09,BK0478,铜/有色,28926.430000
2026-04-09,BK0547,黄金,20625.190000
2026-04-09,BK0475,银行金融,4092.520000
2026-04-09,BK1216,生物医疗,4890.600000
2026-04-09,BK0438,消费,27628.200000
2026-04-09,BK0578,稀土永磁,3531.690000
2026-04-09,BK1106,创新药,1531.570000
2026-04-09,BK0710,量子计算,3543.100000
2026-04-09,BK0968,固态电池,2542.100000
2026-04-09,BK1646,消费电子,972.480000
2026-04-09,BK1166,低空经济,1758.400000
2026-04-09,BK0668,医疗器械,4456.660000
2026-04-10,BK1134,AI 算力,1974.810000
2026-04-10,BK1128,CPO,7162.620000
2026-04-10,BK0917,半导体,2464.980000
2026-04-10,BK1137,存储,2334.880000
2026-04-10,BK0922,数据中心,2243.060000
2026-04-10,BK0579,云计算,3665.510000
2026-04-10,BK0963,商业航天,2629.700000
2026-04-10,BK0921,卫星,2160.790000
2026-04-10,BK1090,机器人,2110.550000
2026-04-10,BK0802,自动驾驶,2255.220000
2026-04-10,BK0577,核电,3014.860000
2026-04-10,BK1647,电网,927.030000
2026-04-10,BK0490,军工,87150.840000
2026-04-10,BK0493,新能源,19586.220000
2026-04-10,BK0588,光伏,4296.470000
2026-04-10,BK0574,锂电池,4501.880000
2026-04-10,BK0464,石油,7579.330000
2026-04-10,BK0843,天然气,1870.370000
2026-04-10,BK0478,铜/有色,28955.710000
2026-04-10,BK0547,黄金,20657.710000
2026-04-10,BK0475,银行金融,4096.250000
2026-04-10,BK1216,生物医疗,4925.620000
2026-04-10,BK0438,消费,27866.720000
2026-04-10,BK0578,稀土永磁,3541.640000
2026-04-10,BK1106,创新药,1536.440000
2026-04-10,BK0710,量子计算,3579.830000
2026-04-10,BK0968,固态电池,2610.070000
2026-04-10,BK1646,消费电子,986.090000
2026-04-10,BK1166,低空经济,1773.690000
2026-04-10,BK0668,医疗器械,4489.330000
2026-04-13,BK1134,AI 算力,1991.920000
2026-04-13,BK1128,CPO,7318.560000
2026-04-13,BK0917,半导体,2479.870000
2026-04-13,BK1137,存储,2354.760000
2026-04-13,BK0922,数据中心,2256.010000
2026-04-13,BK0579,云计算,3688.160000
2026-04-13,BK0963,商业航天,2645.430000
2026-04-13,BK0921,卫星,2173.860000
2026-04-13,BK1090,机器人,2115.720000
2026-04-13,BK0802,自动驾驶,2256.770000
2026-04-13,BK0577,核电,3020.660000
2026-04-13,BK1647,电网,928.160000
2026-04-13,BK0490,军工,87653.060000
2026-04-13,BK0493,新能源,19806.710000
2026-04-13,BK0588,光伏,4334.090000
2026-04-13,BK0574,锂电池,4550.440000
2026-04-13,BK0464,石油,7679.800000
2026-04-13,BK0843,天然气,1882.860000
2026-04-13,BK0478,铜/有色,29156.810000
2026-04-13,BK0547,黄金,20732.700000
2026-04-13,BK0475,银行金融,4094.600000
2026-04-13,BK1216,生物医疗,4876.210000
2026-04-13,BK0438,消费,27865.030000
2026-04-13,BK0578,稀土永磁,3575.550000
2026-04-13,BK1106,创新药,1523.210000
2026-04-13,BK0710,量子计算,3610.260000
2026-04-13,BK0968,固态电池,2638.190000
2026-04-13,BK1646,消费电子,993.670000
2026-04-13,BK1166,低空经济,1778.390000
2026-04-13,BK0668,医疗器械,4466.420000
2026-04-14,BK1134,AI 算力,2030.150000
2026-04-14,BK1128,CPO,7410.970000
2026-04-14,BK0917,半导体,2526.800000
2026-04-14,BK1137,存储,2427.860000
2026-04-14,BK0922,数据中心,2289.920000
2026-04-14,BK0579,云计算,3748.300000
2026-04-14,BK0963,商业航天,2707.280000
2026-04-14,BK0921,卫星,2236.940000
2026-04-14,BK1090,机器人,2141.100000
2026-04-14,BK0802,自动驾驶,2277.020000
2026-04-14,BK0577,核电,3053.100000
2026-04-14,BK1647,电网,938.350000
2026-04-14,BK0490,军工,89227.070000
2026-04-14,BK0493,新能源,19993.050000
2026-04-14,BK0588,光伏,4366.800000
2026-04-14,BK0574,锂电池,4630.350000
2026-04-14,BK0464,石油,7574.840000
2026-04-14,BK0843,天然气,1878.060000
2026-04-14,BK0478,铜/有色,29577.660000
2026-04-14,BK0547,黄金,20855.540000
2026-04-14,BK0475,银行金融,4128.510000
2026-04-14,BK1216,生物医疗,4911.060000
2026-04-14,BK0438,消费,27906.450000
2026-04-14,BK0578,稀土永磁,3592.080000
2026-04-14,BK1106,创新药,1537.330000
2026-04-14,BK0710,量子计算,3653.480000
2026-04-14,BK0968,固态电池,2692.300000
2026-04-14,BK1646,消费电子,1008.010000
2026-04-14,BK1166,低空经济,1805.900000
2026-04-14,BK0668,医疗器械,4506.270000
2026-04-15,BK1134,AI 算力,2025.060000
2026-04-15,BK1128,CPO,7384.470000
2026-04-15,BK0917,半导体,2506.760000
2026-04-15,BK1137,存储,2399.410000
2026-04-15,BK0922,数据中心,2277.830000
2026-04-15,BK0579,云计算,3716.240000
2026-04-15,BK0963,商业航天,2704.980000
2026-04-15,BK0921,卫星,2232.470000
2026-04-15,BK1090,机器人,2128.340000
2026-04-15,BK0802,自动驾驶,2263.760000
2026-04-15,BK0577,核电,3052.570000
2026-04-15,BK1647,电网,939.350000
2026-04-15,BK0490,军工,89007.340000
2026-04-15,BK0493,新能源,19871.100000
2026-04-15,BK0588,光伏,4345.410000
2026-04-15,BK0574,锂电池,4567.210000
2026-04-15,BK0464,石油,7442.440000
2026-04-15,BK0843,天然气,1852.460000
2026-04-15,BK0478,铜/有色,29254.930000
2026-04-15,BK0547,黄金,20712.110000
2026-04-15,BK0475,银行金融,4162.350000
2026-04-15,BK1216,生物医疗,4987.340000
2026-04-15,BK0438,消费,27957.310000
2026-04-15,BK0578,稀土永磁,3546.140000
2026-04-15,BK1106,创新药,1574.750000
2026-04-15,BK0710,量子计算,3641.710000
2026-04-15,BK0968,固态电池,2654.490000
2026-04-15,BK1646,消费电子,1001.010000
2026-04-15,BK1166,低空经济,1803.390000
2026-04-15,BK0668,医疗器械,4531.760000
2026-04-16,BK1134,AI 算力,2094.250000
2026-04-16,BK1128,CPO,7544.160000
2026-04-16,BK0917,半导体,2544.240000
2026-04-16,BK1137,存储,2444.940000
2026-04-16,BK0922,数据中心,2329.020000
2026-04-16,BK0579,云计算,3827.110000
2026-04-16,BK0963,商业航天,2739.400000
2026-04-16,BK0921,卫星,2261.410000
2026-04-16,BK1090,机器人,2165.230000
2026-04-16,BK0802,自动驾驶,2303.380000
2026-04-16,BK0577,核电,3090.180000
2026-04-16,BK1647,电网,953.040000
2026-04-16,BK0490,军工,90306.080000
2026-04-16,BK0493,新能源,20101.020000
2026-04-16,BK0588,光伏,4404.410000
2026-04-16,BK0574,锂电池,4659.660000
2026-04-16,BK0464,石油,7463.970000
2026-04-16,BK0843,天然气,1864.730000
2026-04-16,BK0478,铜/有色,29988.010000
2026-04-16,BK0547,黄金,21100.850000
2026-04-16,BK0475,银行金融,4147.980000
2026-04-16,BK1216,生物医疗,4990.660000
2026-04-16,BK0438,消费,28210.970000
2026-04-16,BK0578,稀土永磁,3618.570000
2026-04-16,BK1106,创新药,1571.370000
2026-04-16,BK0710,量子计算,3684.800000
2026-04-16,BK0968,固态电池,2711.790000
2026-04-16,BK1646,消费电子,1015.620000
2026-04-16,BK1166,低空经济,1831.080000
2026-04-16,BK0668,医疗器械,4560.400000
2026-04-17,BK1134,AI 算力,2101.040000
2026-04-17,BK1128,CPO,7878.820000
2026-04-17,BK0917,半导体,2593.800000
2026-04-17,BK1137,存储,2483.450000
2026-04-17,BK0922,数据中心,2330.330000
2026-04-17,BK0579,云计算,3818.760000
2026-04-17,BK0963,商业航天,2780.600000
2026-04-17,BK0921,卫星,2286.330000
2026-04-17,BK1090,机器人,2181.970000
2026-04-17,BK0802,自动驾驶,2324.860000
2026-04-17,BK0577,核电,3107.840000
2026-04-17,BK1647,电网,953.880000
2026-04-17,BK0490,军工,91215.080000
2026-04-17,BK0493,新能源,20185.390000
2026-04-17,BK0588,光伏,4443.900000
2026-04-17,BK0574,锂电池,4722.150000
2026-04-17,BK0464,石油,7407.550000
2026-04-17,BK0843,天然气,1858.960000
2026-04-17,BK0478,铜/有色,30349.820000
2026-04-17,BK0547,黄金,21149.350000
2026-04-17,BK0475,银行金融,4140.800000
2026-04-17,BK1216,生物医疗,4932.050000
2026-04-17,BK0438,消费,28057.460000
2026-04-17,BK0578,稀土永磁,3645.460000
2026-04-17,BK1106,创新药,1546.830000
2026-04-17,BK0710,量子计算,3709.080000
2026-04-17,BK0968,固态电池,2768.280000
2026-04-17,BK1646,消费电子,1027.390000
2026-04-17,BK1166,低空经济,1844.040000
2026-04-17,BK0668,医疗器械,4565.480000
2026-04-20,BK1134,AI 算力,2119.420000
2026-04-20,BK1128,CPO,7977.740000
2026-04-20,BK0917,半导体,2617.940000
2026-04-20,BK1137,存储,2505.390000
2026-04-20,BK0922,数据中心,2353.260000
2026-04-20,BK0579,云计算,3841.630000
2026-04-20,BK0963,商业航天,2849.990000
2026-04-20,BK0921,卫星,2343.020000
2026-04-20,BK1090,机器人,2198.040000
2026-04-20,BK0802,自动驾驶,2341.170000
2026-04-20,BK0577,核电,3164.670000
2026-04-20,BK1647,电网,969.660000
2026-04-20,BK0490,军工,92965.810000
2026-04-20,BK0493,新能源,20419.150000
2026-04-20,BK0588,光伏,4499.600000
2026-04-20,BK0574,锂电池,4728.170000
2026-04-20,BK0464,石油,7425.550000
2026-04-20,BK0843,天然气,1879.520000
2026-04-20,BK0478,铜/有色,30706.780000
2026-04-20,BK0547,黄金,21335.840000
2026-04-20,BK0475,银行金融,4177.540000
2026-04-20,BK1216,生物医疗,4938.670000
2026-04-20,BK0438,消费,28262.010000
2026-04-20,BK0578,稀土永磁,3702.540000
2026-04-20,BK1106,创新药,1541.340000
2026-04-20,BK0710,量子计算,3760.680000
2026-04-20,BK0968,固态电池,2770.490000
2026-04-20,BK1646,消费电子,1039.120000
2026-04-20,BK1166,低空经济,1867.290000
2026-04-20,BK0668,医疗器械,4596.070000
2026-04-21,BK1134,AI 算力,2091.940000
2026-04-21,BK1128,CPO,8037.080000
2026-04-21,BK0917,半导体,2613.650000
2026-04-21,BK1137,存储,2500.540000
2026-04-21,BK0922,数据中心,2316.810000
2026-04-21,BK0579,云计算,3766.640000
2026-04-21,BK0963,商业航天,2836.830000
2026-04-21,BK0921,卫星,2330.930000
2026-04-21,BK1090,机器人,2189.570000
2026-04-21,BK0802,自动驾驶,2332.450000
2026-04-21,BK0577,核电,3146.410000
2026-04-21,BK1647,电网,958.010000
2026-04-21,BK0490,军工,92223.580000
2026-04-21,BK0493,新能源,20481.680000
2026-04-21,BK0588,光伏,4496.920000
2026-04-21,BK0574,锂电池,4733.740000
2026-04-21,BK0464,石油,7450.970000
2026-04-21,BK0843,天然气,1885.240000
2026-04-21,BK0478,铜/有色,30696.040000
2026-04-21,BK0547,黄金,21347.690000
2026-04-21,BK0475,银行金融,4205.460000
2026-04-21,BK1216,生物医疗,4899.010000
2026-04-21,BK0438,消费,28220.600000
2026-04-21,BK0578,稀土永磁,3700.350000
2026-04-21,BK1106,创新药,1524.130000
2026-04-21,BK0710,量子计算,3728.710000
2026-04-21,BK0968,固态电池,2788.100000
2026-04-21,BK1646,消费电子,1036.920000
2026-04-21,BK1166,低空经济,1858.540000
2026-04-21,BK0668,医疗器械,4571.050000
2026-04-22,BK1134,AI 算力,2137.310000
2026-04-22,BK1128,CPO,8419.450000
2026-04-22,BK0917,半导体,2664.270000
2026-04-22,BK1137,存储,2553.880000
2026-04-22,BK0922,数据中心,2350.380000
2026-04-22,BK0579,云计算,3839.220000
2026-04-22,BK0963,商业航天,2855.760000
2026-04-22,BK0921,卫星,2349.170000
2026-04-22,BK1090,机器人,2209.640000
2026-04-22,BK0802,自动驾驶,2366.180000
2026-04-22,BK0577,核电,3159.630000
2026-04-22,BK1647,电网,967.090000
2026-04-22,BK0490,军工,92700.960000
2026-04-22,BK0493,新能源,20574.770000
2026-04-22,BK0588,光伏,4527.130000
2026-04-22,BK0574,锂电池,4776.130000
2026-04-22,BK0464,石油,7409.290000
2026-04-22,BK0843,天然气,1885.390000
2026-04-22,BK0478,铜/有色,30883.010000
2026-04-22,BK0547,黄金,21461.610000
2026-04-22,BK0475,银行金融,4194.200000
2026-04-22,BK1216,生物医疗,4926.570000
2026-04-22,BK0438,消费,28133.230000
2026-04-22,BK0578,稀土永磁,3696.950000
2026-04-22,BK1106,创新药,1536.000000
2026-04-22,BK0710,量子计算,3786.730000
2026-04-22,BK0968,固态电池,2814.630000
2026-04-22,BK1646,消费电子,1054.010000
2026-04-22,BK1166,低空经济,1867.090000
2026-04-22,BK0668,医疗器械,4604.810000
2026-04-23,BK1134,AI 算力,2118.870000
2026-04-23,BK1128,CPO,8210.390000
2026-04-23,BK0917,半导体,2610.000000
2026-04-23,BK1137,存储,2497.490000
2026-04-23,BK0922,数据中心,2326.720000
2026-04-23,BK0579,云计算,3789.590000
2026-04-23,BK0963,商业航天,2803.020000
2026-04-23,BK0921,卫星,2308.460000
2026-04-23,BK1090,机器人,2171.060000
2026-04-23,BK0802,自动驾驶,2326.900000
2026-04-23,BK0577,核电,3117.490000
2026-04-23,BK1647,电网,954.630000
2026-04-23,BK0490,军工,91177.120000
2026-04-23,BK0493,新能源,20509.500000
2026-04-23,BK0588,光伏,4480.590000
2026-04-23,BK0574,锂电池,4692.040000
2026-04-23,BK0464,石油,7482.480000
2026-04-23,BK0843,天然气,1899.150000
2026-04-23,BK0478,铜/有色,29851.550000
2026-04-23,BK0547,黄金,20957.710000
2026-04-23,BK0475,银行金融,4240.800000
2026-04-23,BK1216,生物医疗,4861.840000
2026-04-23,BK0438,消费,28297.760000
2026-04-23,BK0578,稀土永磁,3571.990000
2026-04-23,BK1106,创新药,1510.970000
2026-04-23,BK0710,量子计算,3738.750000
2026-04-23,BK0968,固态电池,2764.940000
2026-04-23,BK1646,消费电子,1037.150000
2026-04-23,BK1166,低空经济,1841.910000
2026-04-23,BK0668,医疗器械,4537.700000
2026-04-24,BK1134,AI 算力,2102.960000
2026-04-24,BK1128,CPO,8032.830000
2026-04-24,BK0917,半导体,2614.240000
2026-04-24,BK1137,存储,2495.500000
2026-04-24,BK0922,数据中心,2304.080000
2026-04-24,BK0579,云计算,3754.050000
2026-04-24,BK0963,商业航天,2752.410000
2026-04-24,BK0921,卫星,2253.880000
2026-04-24,BK1090,机器人,2156.600000
2026-04-24,BK0802,自动驾驶,2305.060000
2026-04-24,BK0577,核电,3071.690000
2026-04-24,BK1647,电网,942.360000
2026-04-24,BK0490,军工,89881.110000
2026-04-24,BK0493,新能源,20171.620000
2026-04-24,BK0588,光伏,4432.130000
2026-04-24,BK0574,锂电池,4726.380000
2026-04-24,BK0464,石油,7368.020000
2026-04-24,BK0843,天然气,1876.420000
2026-04-24,BK0478,铜/有色,30057.170000
2026-04-24,BK0547,黄金,20916.450000
2026-04-24,BK0475,银行金融,4209.590000
2026-04-24,BK1216,生物医疗,4846.540000
2026-04-24,BK0438,消费,28232.810000
2026-04-24,BK0578,稀土永磁,3561.250000
2026-04-24,BK1106,创新药,1501.710000
2026-04-24,BK0710,量子计算,3695.380000
2026-04-24,BK0968,固态电池,2785.580000
2026-04-24,BK1646,消费电子,1033.880000
2026-04-24,BK1166,低空经济,1817.300000
2026-04-24,BK0668,医疗器械,4521.430000
2026-04-27,BK1134,AI 算力,2114.020000
2026-04-27,BK1128,CPO,8217.010000
2026-04-27,BK0917,半导体,2672.750000
2026-04-27,BK1137,存储,2563.680000
2026-04-27,BK0922,数据中心,2306.200000
2026-04-27,BK0579,云计算,3768.800000
2026-04-27,BK0963,商业航天,2765.470000
2026-04-27,BK0921,卫星,2268.140000
2026-04-27,BK1090,机器人,2177.060000
2026-04-27,BK0802,自动驾驶,2322.380000
2026-04-27,BK0577,核电,3083.350000
2026-04-27,BK1647,电网,946.680000
2026-04-27,BK0490,军工,90198.530000
2026-04-27,BK0493,新能源,20221.050000
2026-04-27,BK0588,光伏,4457.490000
2026-04-27,BK0574,锂电池,4779.530000
2026-04-27,BK0464,石油,7441.670000
2026-04-27,BK0843,天然气,1886.790000
2026-04-27,BK0478,铜/有色,30089.630000
2026-04-27,BK0547,黄金,20979.430000
2026-04-27,BK0475,银行金融,4186.290000
2026-04-27,BK1216,生物医疗,4854.760000
2026-04-27,BK0438,消费,28281.930000
2026-04-27,BK0578,稀土永磁,3566.670000
2026-04-27,BK1106,创新药,1507.620000
2026-04-27,BK0710,量子计算,3726.470000
2026-04-27,BK0968,固态电池,2818.980000
2026-04-27,BK1646,消费电子,1052.790000
2026-04-27,BK1166,低空经济,1826.220000
2026-04-27,BK0668,医疗器械,4550.090000
2026-04-28,BK1134,AI 算力,2098.200000
2026-04-28,BK1128,CPO,8082.560000
2026-04-28,BK0917,半导体,2629.270000
2026-04-28,BK1137,存储,2529.390000
2026-04-28,BK0922,数据中心,2277.350000
2026-04-28,BK0579,云计算,3696.010000
2026-04-28,BK0963,商业航天,2702.030000
2026-04-28,BK0921,卫星,2199.170000
2026-04-28,BK1090,机器人,2135.310000
2026-04-28,BK0802,自动驾驶,2274.610000
2026-04-28,BK0577,核电,3043.250000
2026-04-28,BK1647,电网,932.910000
2026-04-28,BK0490,军工,88289.380000
2026-04-28,BK0493,新能源,20061.830000
2026-04-28,BK0588,光伏,4406.610000
2026-04-28,BK0574,锂电池,4717.900000
2026-04-28,BK0464,石油,7543.290000
2026-04-28,BK0843,天然气,1903.670000
2026-04-28,BK0478,铜/有色,29461.920000
2026-04-28,BK0547,黄金,20743.370000
2026-04-28,BK0475,银行金融,4197.440000
2026-04-28,BK1216,生物医疗,4830.070000
2026-04-28,BK0438,消费,28282.370000
2026-04-28,BK0578,稀土永磁,3492.220000
2026-04-28,BK1106,创新药,1497.060000
2026-04-28,BK0710,量子计算,3645.370000
2026-04-28,BK0968,固态电池,2783.130000
2026-04-28,BK1646,消费电子,1033.710000
2026-04-28,BK1166,低空经济,1788.300000
2026-04-28,BK0668,医疗器械,4497.000000
2026-04-29,BK1134,AI 算力,2121.890000
2026-04-29,BK1128,CPO,8122.290000
2026-04-29,BK0917,半导体,2653.460000
2026-04-29,BK1137,存储,2555.400000
2026-04-29,BK0922,数据中心,2304.110000
2026-04-29,BK0579,云计算,3724.450000
2026-04-29,BK0963,商业航天,2729.460000
2026-04-29,BK0921,卫星,2218.080000
2026-04-29,BK1090,机器人,2164.570000
2026-04-29,BK0802,自动驾驶,2290.000000
2026-04-29,BK0577,核电,3079.340000
2026-04-29,BK1647,电网,949.180000
2026-04-29,BK0490,军工,89070.800000
2026-04-29,BK0493,新能源,20317.280000
2026-04-29,BK0588,光伏,4469.430000
2026-04-29,BK0574,锂电池,4848.480000
2026-04-29,BK0464,石油,7658.490000
2026-04-29,BK0843,天然气,1915.050000
2026-04-29,BK0478,铜/有色,30434.350000
2026-04-29,BK0547,黄金,21241.330000
2026-04-29,BK0475,银行金融,4215.970000
2026-04-29,BK1216,生物医疗,4856.570000
2026-04-29,BK0438,消费,28779.160000
2026-04-29,BK0578,稀土永磁,3646.370000
2026-04-29,BK1106,创新药,1502.210000
2026-04-29,BK0710,量子计算,3665.420000
2026-04-29,BK0968,固态电池,2868.520000
2026-04-29,BK1646,消费电子,1046.370000
2026-04-29,BK1166,低空经济,1801.760000
2026-04-29,BK0668,医疗器械,4537.990000
2026-04-30,BK1134,AI 算力,2122.660000
2026-04-30,BK1128,CPO,8147.890000
2026-04-30,BK0917,半导体,2697.750000
2026-04-30,BK1137,存储,2593.190000
2026-04-30,BK0922,数据中心,2298.660000
2026-04-30,BK0579,云计算,3729.420000
2026-04-30,BK0963,商业航天,2765.140000
2026-04-30,BK0921,卫星,2267.230000
2026-04-30,BK1090,机器人,2180.570000
2026-04-30,BK0802,自动驾驶,2299.420000
2026-04-30,BK0577,核电,3085.780000
2026-04-30,BK1647,电网,946.670000
2026-04-30,BK0490,军工,90066.860000
2026-04-30,BK0493,新能源,20218.630000
2026-04-30,BK0588,光伏,4475.700000
2026-04-30,BK0574,锂电池,4850.450000
2026-04-30,BK0464,石油,7674.820000
2026-04-30,BK0843,天然气,1904.240000
2026-04-30,BK0478,铜/有色,30598.270000
2026-04-30,BK0547,黄金,21134.980000
2026-04-30,BK0475,银行金融,4189.310000
2026-04-30,BK1216,生物医疗,4864.390000
2026-04-30,BK0438,消费,28848.100000
2026-04-30,BK0578,稀土永磁,3658.150000
2026-04-30,BK1106,创新药,1507.690000
2026-04-30,BK0710,量子计算,3697.960000
2026-04-30,BK0968,固态电池,2850.800000
2026-04-30,BK1646,消费电子,1054.670000
2026-04-30,BK1166,低空经济,1812.210000
2026-04-30,BK0668,医疗器械,4555.290000
2026-05-06,BK1134,AI 算力,2212.090000
2026-05-06,BK1128,CPO,8390.100000
2026-05-06,BK0917,半导体,2776.890000
2026-05-06,BK1137,存储,2726.710000
2026-05-06,BK0922,数据中心,2380.470000
2026-05-06,BK0579,云计算,3865.360000
2026-05-06,BK0963,商业航天,2828.940000
2026-05-06,BK0921,卫星,2333.520000
2026-05-06,BK1090,机器人,2218.990000
2026-05-06,BK0802,自动驾驶,2350.380000
2026-05-06,BK0577,核电,3148.630000
2026-05-06,BK1647,电网,970.770000
2026-05-06,BK0490,军工,91936.880000
2026-05-06,BK0493,新能源,20676.890000
2026-05-06,BK0588,光伏,4565.830000
2026-05-06,BK0574,锂电池,4958.660000
2026-05-06,BK0464,石油,7618.170000
2026-05-06,BK0843,天然气,1909.000000
2026-05-06,BK0478,铜/有色,31593.150000
2026-05-06,BK0547,黄金,21683.170000
2026-05-06,BK0475,银行金融,4156.900000
2026-05-06,BK1216,生物医疗,4886.330000
2026-05-06,BK0438,消费,28848.710000
2026-05-06,BK0578,稀土永磁,3755.100000
2026-05-06,BK1106,创新药,1515.840000
2026-05-06,BK0710,量子计算,3822.530000
2026-05-06,BK0968,固态电池,2928.870000
2026-05-06,BK1646,消费电子,1080.160000
2026-05-06,BK1166,低空经济,1841.620000
2026-05-06,BK0668,医疗器械,4591.640000
2026-05-07,BK1134,AI 算力,2272.570000
2026-05-07,BK1128,CPO,8831.320000
2026-05-07,BK0917,半导体,2850.030000
2026-05-07,BK1137,存储,2811.490000
2026-05-07,BK0922,数据中心,2440.070000
2026-05-07,BK0579,云计算,3955.940000
2026-05-07,BK0963,商业航天,2887.540000
2026-05-07,BK0921,卫星,2386.320000
2026-05-07,BK1090,机器人,2261.340000
2026-05-07,BK0802,自动驾驶,2396.130000
2026-05-07,BK0577,核电,3200.070000
2026-05-07,BK1647,电网,988.590000
2026-05-07,BK0490,军工,93509.770000
2026-05-07,BK0493,新能源,21001.570000
2026-05-07,BK0588,光伏,4644.900000
2026-05-07,BK0574,锂电池,4989.100000
2026-05-07,BK0464,石油,7433.010000
2026-05-07,BK0843,天然气,1892.520000
2026-05-07,BK0478,铜/有色,31969.690000
2026-05-07,BK0547,黄金,21988.330000
2026-05-07,BK0475,银行金融,4139.530000
2026-05-07,BK1216,生物医疗,4898.120000
2026-05-07,BK0438,消费,28700.050000
2026-05-07,BK0578,稀土永磁,3789.650000
2026-05-07,BK1106,创新药,1520.420000
2026-05-07,BK0710,量子计算,3916.700000
2026-05-07,BK0968,固态电池,2947.530000
2026-05-07,BK1646,消费电子,1108.590000
2026-05-07,BK1166,低空经济,1865.460000
2026-05-07,BK0668,医疗器械,4636.690000
2026-05-08,BK1134,AI 算力,2290.050000
2026-05-08,BK1128,CPO,9072.540000
2026-05-08,BK0917,半导体,2864.130000
2026-05-08,BK1137,存储,2813.400000
2026-05-08,BK0922,数据中心,2460.970000
2026-05-08,BK0579,云计算,4000.580000
2026-05-08,BK0963,商业航天,2942.420000
2026-05-08,BK0921,卫星,2443.950000
2026-05-08,BK1090,机器人,2298.290000
2026-05-08,BK0802,自动驾驶,2428.380000
2026-05-08,BK0577,核电,3223.340000
2026-05-08,BK1647,电网,992.000000
2026-05-08,BK0490,军工,95148.040000
2026-05-08,BK0493,新能源,21106.200000
2026-05-08,BK0588,光伏,4676.390000
2026-05-08,BK0574,锂电池,4991.760000
2026-05-08,BK0464,石油,7515.490000
2026-05-08,BK0843,天然气,1909.430000
2026-05-08,BK0478,铜/有色,32181.900000
2026-05-08,BK0547,黄金,22227.840000
2026-05-08,BK0475,银行金融,4127.310000
2026-05-08,BK1216,生物医疗,4924.430000
2026-05-08,BK0438,消费,28831.750000
2026-05-08,BK0578,稀土永磁,3821.810000
2026-05-08,BK1106,创新药,1516.980000
2026-05-08,BK0710,量子计算,3980.870000
2026-05-08,BK0968,固态电池,2942.020000
2026-05-08,BK1646,消费电子,1119.100000
2026-05-08,BK1166,低空经济,1893.380000
2026-05-08,BK0668,医疗器械,4683.360000
2026-05-11,BK1134,AI 算力,2313.180000
2026-05-11,BK1128,CPO,9391.260000
2026-05-11,BK0917,半导体,2962.710000
2026-05-11,BK1137,存储,2963.490000
2026-05-11,BK0922,数据中心,2487.690000
2026-05-11,BK0579,云计算,4018.070000
2026-05-11,BK0963,商业航天,2984.250000
2026-05-11,BK0921,卫星,2490.880000
2026-05-11,BK1090,机器人,2318.400000
2026-05-11,BK0802,自动驾驶,2444.140000
2026-05-11,BK0577,核电,3252.500000
2026-05-11,BK1647,电网,1001.770000
2026-05-11,BK0490,军工,95897.250000
2026-05-11,BK0493,新能源,21386.260000
2026-05-11,BK0588,光伏,4751.300000
2026-05-11,BK0574,锂电池,5046.400000
2026-05-11,BK0464,石油,7547.540000
2026-05-11,BK0843,天然气,1919.480000
2026-05-11,BK0478,铜/有色,32397.860000
2026-05-11,BK0547,黄金,22169.340000
2026-05-11,BK0475,银行金融,4120.800000
2026-05-11,BK1216,生物医疗,5009.020000
2026-05-11,BK0438,消费,28828.100000
2026-05-11,BK0578,稀土永磁,3935.110000
2026-05-11,BK1106,创新药,1544.890000
2026-05-11,BK0710,量子计算,4044.550000
2026-05-11,BK0968,固态电池,2978.900000
2026-05-11,BK1646,消费电子,1145.140000
2026-05-11,BK1166,低空经济,1906.920000
2026-05-11,BK0668,医疗器械,4734.790000
2026-05-12,BK1134,AI 算力,2281.280000
2026-05-12,BK1128,CPO,9463.170000
2026-05-12,BK0917,半导体,2963.000000
2026-05-12,BK1137,存储,2959.080000
2026-05-12,BK0922,数据中心,2466.080000
2026-05-12,BK0579,云计算,3939.270000
2026-05-12,BK0963,商业航天,2952.980000
2026-05-12,BK0921,卫星,2455.720000
2026-05-12,BK1090,机器人,2300.370000
2026-05-12,BK0802,自动驾驶,2427.840000
2026-05-12,BK0577,核电,3239.180000
2026-05-12,BK1647,电网,1007.320000
2026-05-12,BK0490,军工,95019.760000
2026-05-12,BK0493,新能源,21385.440000
2026-05-12,BK0588,光伏,4743.460000
2026-05-12,BK0574,锂电池,5003.580000
2026-05-12,BK0464,石油,7473.290000
2026-05-12,BK0843,天然气,1895.920000
2026-05-12,BK0478,铜/有色,31975.460000
2026-05-12,BK0547,黄金,22015.940000
2026-05-12,BK0475,银行金融,4112.510000
2026-05-12,BK1216,生物医疗,4931.910000
2026-05-12,BK0438,消费,28422.740000
2026-05-12,BK0578,稀土永磁,3846.320000
2026-05-12,BK1106,创新药,1523.560000
2026-05-12,BK0710,量子计算,3999.840000
2026-05-12,BK0968,固态电池,2961.750000
2026-05-12,BK1646,消费电子,1136.340000
2026-05-12,BK1166,低空经济,1881.870000
2026-05-12,BK0668,医疗器械,4663.160000
2026-05-13,BK1134,AI 算力,2356.590000
2026-05-13,BK1128,CPO,9770.570000
2026-05-13,BK0917,半导体,3038.520000
2026-05-13,BK1137,存储,3072.430000
2026-05-13,BK0922,数据中心,2534.100000
2026-05-13,BK0579,云计算,4040.200000
2026-05-13,BK0963,商业航天,2996.990000
2026-05-13,BK0921,卫星,2493.050000
2026-05-13,BK1090,机器人,2329.190000
2026-05-13,BK0802,自动驾驶,2465.530000
2026-05-13,BK0577,核电,3294.520000
2026-05-13,BK1647,电网,1032.140000
2026-05-13,BK0490,军工,96230.160000
2026-05-13,BK0493,新能源,21803.300000
2026-05-13,BK0588,光伏,4826.410000
2026-05-13,BK0574,锂电池,5056.480000
2026-05-13,BK0464,石油,7489.900000
2026-05-13,BK0843,天然气,1916.700000
2026-05-13,BK0478,铜/有色,32273.480000
2026-05-13,BK0547,黄金,22093.750000
2026-05-13,BK0475,银行金融,4112.740000
2026-05-13,BK1216,生物医疗,4916.410000
2026-05-13,BK0438,消费,28458.700000
2026-05-13,BK0578,稀土永磁,3882.190000
2026-05-13,BK1106,创新药,1516.740000
2026-05-13,BK0710,量子计算,4054.690000
2026-05-13,BK0968,固态电池,2998.830000
2026-05-13,BK1646,消费电子,1158.130000
2026-05-13,BK1166,低空经济,1900.510000
2026-05-13,BK0668,医疗器械,4675.340000
2026-05-14,BK1134,AI 算力,2291.200000
2026-05-14,BK1128,CPO,9621.550000
2026-05-14,BK0917,半导体,3020.020000
2026-05-14,BK1137,存储,3021.190000
2026-05-14,BK0922,数据中心,2471.270000
2026-05-14,BK0579,云计算,3908.330000
2026-05-14,BK0963,商业航天,2899.600000
2026-05-14,BK0921,卫星,2413.340000
2026-05-14,BK1090,机器人,2285.560000
2026-05-14,BK0802,自动驾驶,2410.830000
2026-05-14,BK0577,核电,3204.440000
2026-05-14,BK1647,电网,999.660000
2026-05-14,BK0490,军工,93477.400000
2026-05-14,BK0493,新能源,21340.200000
2026-05-14,BK0588,光伏,4748.570000
2026-05-14,BK0574,锂电池,4957.010000
2026-05-14,BK0464,石油,7419.680000
2026-05-14,BK0843,天然气,1899.500000
2026-05-14,BK0478,铜/有色,31302.910000
2026-05-14,BK0547,黄金,21594.380000
2026-05-14,BK0475,银行金融,4121.200000
2026-05-14,BK1216,生物医疗,4822.790000
2026-05-14,BK0438,消费,28528.260000
2026-05-14,BK0578,稀土永磁,3792.030000
2026-05-14,BK1106,创新药,1485.590000
2026-05-14,BK0710,量子计算,3951.020000
2026-05-14,BK0968,固态电池,2934.480000
2026-05-14,BK1646,消费电子,1142.850000
2026-05-14,BK1166,低空经济,1850.190000
2026-05-14,BK0668,医疗器械,4587.380000
2026-05-15,BK1134,AI 算力,2257.920000
2026-05-15,BK1128,CPO,9439.490000
2026-05-15,BK0917,半导体,3013.250000
2026-05-15,BK1137,存储,3006.420000
2026-05-15,BK0922,数据中心,2443.600000
2026-05-15,BK0579,云计算,3868.740000
2026-05-15,BK0963,商业航天,2871.710000
2026-05-15,BK0921,卫星,2370.780000
2026-05-15,BK1090,机器人,2301.940000
2026-05-15,BK0802,自动驾驶,2399.960000
2026-05-15,BK0577,核电,3184.030000
2026-05-15,BK1647,电网,983.860000
2026-05-15,BK0490,军工,92680.270000
2026-05-15,BK0493,新能源,21003.940000
2026-05-15,BK0588,光伏,4689.080000
2026-05-15,BK0574,锂电池,4922.050000
2026-05-15,BK0464,石油,7377.730000
2026-05-15,BK0843,天然气,1892.950000
2026-05-15,BK0478,铜/有色,30424.980000
2026-05-15,BK0547,黄金,20786.820000
2026-05-15,BK0475,银行金融,4086.090000
2026-05-15,BK1216,生物医疗,4782.790000
2026-05-15,BK0438,消费,28098.330000
2026-05-15,BK0578,稀土永磁,3761.770000
2026-05-15,BK1106,创新药,1475.310000
2026-05-15,BK0710,量子计算,3885.020000
2026-05-15,BK0968,固态电池,2910.130000
2026-05-15,BK1646,消费电子,1134.450000
2026-05-15,BK1166,低空经济,1840.540000
2026-05-15,BK0668,医疗器械,4565.200000
2026-05-18,BK1134,AI 算力,2279.790000
2026-05-18,BK1128,CPO,9560.830000
2026-05-18,BK0917,半导体,3032.350000
2026-05-18,BK1137,存储,3073.650000
2026-05-18,BK0922,数据中心,2467.080000
2026-05-18,BK0579,云计算,3914.590000
2026-05-18,BK0963,商业航天,2891.320000
2026-05-18,BK0921,卫星,2405.260000
2026-05-18,BK1090,机器人,2311.920000
2026-05-18,BK0802,自动驾驶,2402.780000
2026-05-18,BK0577,核电,3194.090000
2026-05-18,BK1647,电网,995.810000
2026-05-18,BK0490,军工,93219.930000
2026-05-18,BK0493,新能源,21011.140000
2026-05-18,BK0588,光伏,4697.340000
2026-05-18,BK0574,锂电池,4932.740000
2026-05-18,BK0464,石油,7420.140000
2026-05-18,BK0843,天然气,1910.920000
2026-05-18,BK0478,铜/有色,30481.270000
2026-05-18,BK0547,黄金,20705.030000
2026-05-18,BK0475,银行金融,4051.530000
2026-05-18,BK1216,生物医疗,4736.500000
2026-05-18,BK0438,消费,28057.650000
2026-05-18,BK0578,稀土永磁,3730.310000
2026-05-18,BK1106,创新药,1454.930000
2026-05-18,BK0710,量子计算,3950.880000
2026-05-18,BK0968,固态电池,2912.640000
2026-05-18,BK1646,消费电子,1152.570000
2026-05-18,BK1166,低空经济,1847.740000
2026-05-18,BK0668,医疗器械,4553.860000
2026-05-19,BK1134,AI 算力,2321.660000
2026-05-19,BK1128,CPO,9633.380000
2026-05-19,BK0917,半导体,3092.710000
2026-05-19,BK1137,存储,3132.250000
2026-05-19,BK0922,数据中心,2514.320000
2026-05-19,BK0579,云计算,4022.910000
2026-05-19,BK0963,商业航天,2914.220000
2026-05-19,BK0921,卫星,2427.400000
2026-05-19,BK1090,机器人,2343.580000
2026-05-19,BK0802,自动驾驶,2428.870000
2026-05-19,BK0577,核电,3232.320000
2026-05-19,BK1647,电网,1017.030000
2026-05-19,BK0490,军工,94156.190000
2026-05-19,BK0493,新能源,21317.130000
2026-05-19,BK0588,光伏,4769.770000
2026-05-19,BK0574,锂电池,4952.890000
2026-05-19,BK0464,石油,7405.310000
2026-05-19,BK0843,天然气,1923.730000
2026-05-19,BK0478,铜/有色,30297.730000
2026-05-19,BK0547,黄金,20623.900000
2026-05-19,BK0475,银行金融,4076.620000
2026-05-19,BK1216,生物医疗,4770.820000
2026-05-19,BK0438,消费,28184.730000
2026-05-19,BK0578,稀土永磁,3702.640000
2026-05-19,BK1106,创新药,1463.600000
2026-05-19,BK0710,量子计算,4048.170000
2026-05-19,BK0968,固态电池,2930.930000
2026-05-19,BK1646,消费电子,1169.640000
2026-05-19,BK1166,低空经济,1869.410000
2026-05-19,BK0668,医疗器械,4599.740000
2026-05-20,BK1134,AI 算力,2289.080000
2026-05-20,BK1128,CPO,9755.830000
2026-05-20,BK0917,半导体,3150.640000
2026-05-20,BK1137,存储,3222.160000
2026-05-20,BK0922,数据中心,2483.580000
2026-05-20,BK0579,云计算,3931.650000
2026-05-20,BK0963,商业航天,2887.960000
2026-05-20,BK0921,卫星,2388.870000
2026-05-20,BK1090,机器人,2324.920000
2026-05-20,BK0802,自动驾驶,2403.650000
2026-05-20,BK0577,核电,3177.500000
2026-05-20,BK1647,电网,1005.770000
2026-05-20,BK0490,军工,93166.350000
2026-05-20,BK0493,新能源,20871.720000
2026-05-20,BK0588,光伏,4726.780000
2026-05-20,BK0574,锂电池,4970.710000
2026-05-20,BK0464,石油,7403.910000
2026-05-20,BK0843,天然气,1902.430000
2026-05-20,BK0478,铜/有色,30340.270000
2026-05-20,BK0547,黄金,20415.590000
2026-05-20,BK0475,银行金融,4050.220000
2026-05-20,BK1216,生物医疗,4727.070000
2026-05-20,BK0438,消费,28189.880000
2026-05-20,BK0578,稀土永磁,3745.990000
2026-05-20,BK1106,创新药,1452.920000
2026-05-20,BK0710,量子计算,4020.230000
2026-05-20,BK0968,固态电池,2960.450000
2026-05-20,BK1646,消费电子,1172.650000
2026-05-20,BK1166,低空经济,1852.320000
2026-05-20,BK0668,医疗器械,4555.620000
2026-05-21,BK1134,AI 算力,2183.060000
2026-05-21,BK1128,CPO,9218.140000
2026-05-21,BK0917,半导体,2999.450000
2026-05-21,BK1137,存储,3055.530000
2026-05-21,BK0922,数据中心,2373.880000
2026-05-21,BK0579,云计算,3753.240000
2026-05-21,BK0963,商业航天,2789.590000
2026-05-21,BK0921,卫星,2303.200000
2026-05-21,BK1090,机器人,2273.840000
2026-05-21,BK0802,自动驾驶,2355.710000
2026-05-21,BK0577,核电,3075.400000
2026-05-21,BK1647,电网,961.250000
2026-05-21,BK0490,军工,90136.390000
2026-05-21,BK0493,新能源,20236.960000
2026-05-21,BK0588,光伏,4558.750000
2026-05-21,BK0574,锂电池,4794.430000
2026-05-21,BK0464,石油,7065.530000
2026-05-21,BK0843,天然气,1834.580000
2026-05-21,BK0478,铜/有色,29433.810000
2026-05-21,BK0547,黄金,19829.530000
2026-05-21,BK0475,银行金融,4056.900000
2026-05-21,BK1216,生物医疗,4648.700000
2026-05-21,BK0438,消费,27619.540000
2026-05-21,BK0578,稀土永磁,3624.880000
2026-05-21,BK1106,创新药,1440.080000
2026-05-21,BK0710,量子计算,3835.890000
2026-05-21,BK0968,固态电池,2863.550000
2026-05-21,BK1646,消费电子,1136.210000
2026-05-21,BK1166,低空经济,1806.460000
2026-05-21,BK0668,医疗器械,4466.240000
2026-05-22,BK1134,AI 算力,2235.020000
2026-05-22,BK1128,CPO,9664.250000
2026-05-22,BK0917,半导体,3101.170000
2026-05-22,BK1137,存储,3147.320000
2026-05-22,BK0922,数据中心,2428.440000
2026-05-22,BK0579,云计算,3807.450000
2026-05-22,BK0963,商业航天,2869.950000
2026-05-22,BK0921,卫星,2356.280000
2026-05-22,BK1090,机器人,2321.900000
2026-05-22,BK0802,自动驾驶,2402.110000
2026-05-22,BK0577,核电,3123.890000
2026-05-22,BK1647,电网,982.850000
2026-05-22,BK0490,军工,92180.050000
2026-05-22,BK0493,新能源,20611.260000
2026-05-22,BK0588,光伏,4658.480000
2026-05-22,BK0574,锂电池,4928.710000
2026-05-22,BK0464,石油,7091.120000
2026-05-22,BK0843,天然气,1851.770000
2026-05-22,BK0478,铜/有色,30612.510000
2026-05-22,BK0547,黄金,20364.970000
2026-05-22,BK0475,银行金融,4042.080000
2026-05-22,BK1216,生物医疗,4667.860000
2026-05-22,BK0438,消费,27508.960000
2026-05-22,BK0578,稀土永磁,3738.640000
2026-05-22,BK1106,创新药,1434.250000
2026-05-22,BK0710,量子计算,3938.670000
2026-05-22,BK0968,固态电池,2950.470000
2026-05-22,BK1646,消费电子,1174.220000
2026-05-22,BK1166,低空经济,1834.120000
2026-05-22,BK0668,医疗器械,4519.390000
2026-05-25,BK1134,AI 算力,2237.220000
2026-05-25,BK1128,CPO,10005.950000
2026-05-25,BK0917,半导体,3194.100000
2026-05-25,BK1137,存储,3284.740000
2026-05-25,BK0922,数据中心,2432.400000
2026-05-25,BK0579,云计算,3805.320000
2026-05-25,BK0963,商业航天,2895.540000
2026-05-25,BK0921,卫星,2372.580000
2026-05-25,BK1090,机器人,2326.430000
2026-05-25,BK0802,自动驾驶,2415.340000
2026-05-25,BK0577,核电,3132.250000
2026-05-25,BK1647,电网,985.750000
2026-05-25,BK0490,军工,92377.680000
2026-05-25,BK0493,新能源,20742.330000
2026-05-25,BK0588,光伏,4685.660000
2026-05-25,BK0574,锂电池,4895.490000
2026-05-25,BK0464,石油,6920.660000
2026-05-25,BK0843,天然气,1827.180000
2026-05-25,BK0478,铜/有色,30766.420000
2026-05-25,BK0547,黄金,20460.450000
2026-05-25,BK0475,银行金融,4033.500000
2026-05-25,BK1216,生物医疗,4630.360000
2026-05-25,BK0438,消费,27541.470000
2026-05-25,BK0578,稀土永磁,3796.750000
2026-05-25,BK1106,创新药,1419.580000
2026-05-25,BK0710,量子计算,4010.160000
2026-05-25,BK0968,固态电池,2927.420000
2026-05-25,BK1646,消费电子,1195.830000
2026-05-25,BK1166,低空经济,1841.150000
2026-05-25,BK0668,医疗器械,4497.540000
2026-05-26,BK1134,AI 算力,2178.950000
2026-05-26,BK1128,CPO,9796.590000
2026-05-26,BK0917,半导体,3131.980000
2026-05-26,BK1137,存储,3212.590000
2026-05-26,BK0922,数据中心,2373.160000
2026-05-26,BK0579,云计算,3708.840000
2026-05-26,BK0963,商业航天,2823.670000
2026-05-26,BK0921,卫星,2302.990000
2026-05-26,BK1090,机器人,2295.060000
2026-05-26,BK0802,自动驾驶,2371.750000
2026-05-26,BK0577,核电,3066.450000
2026-05-26,BK1647,电网,967.280000
2026-05-26,BK0490,军工,90311.520000
2026-05-26,BK0493,新能源,20408.310000
2026-05-26,BK0588,光伏,4618.460000
2026-05-26,BK0574,锂电池,4847.080000
2026-05-26,BK0464,石油,6885.070000
2026-05-26,BK0843,天然气,1810.720000
2026-05-26,BK0478,铜/有色,31021.570000
2026-05-26,BK0547,黄金,20731.320000
2026-05-26,BK0475,银行金融,4038.450000
2026-05-26,BK1216,生物医疗,4562.890000
2026-05-26,BK0438,消费,27200.670000
2026-05-26,BK0578,稀土永磁,3793.830000
2026-05-26,BK1106,创新药,1404.210000
2026-05-26,BK0710,量子计算,3915.720000
2026-05-26,BK0968,固态电池,2907.660000
2026-05-26,BK1646,消费电子,1187.920000
2026-05-26,BK1166,低空经济,1811.990000
2026-05-26,BK0668,医疗器械,4428.440000
2026-05-27,BK1134,AI 算力,2117.260000
2026-05-27,BK1128,CPO,9620.550000
2026-05-27,BK0917,半导体,3084.930000
2026-05-27,BK1137,存储,3152.300000
2026-05-27,BK0922,数据中心,2322.350000
2026-05-27,BK0579,云计算,3581.400000
2026-05-27,BK0963,商业航天,2766.630000
2026-05-27,BK0921,卫星,2254.600000
2026-05-27,BK1090,机器人,2231.400000
2026-05-27,BK0802,自动驾驶,2310.900000
2026-05-27,BK0577,核电,3032.350000
2026-05-27,BK1647,电网,957.590000
2026-05-27,BK0490,军工,88182.580000
2026-05-27,BK0493,新能源,20232.060000
2026-05-27,BK0588,光伏,4577.030000
2026-05-27,BK0574,锂电池,4752.950000
2026-05-27,BK0464,石油,6673.320000
2026-05-27,BK0843,天然气,1782.330000
2026-05-27,BK0478,铜/有色,30080.000000
2026-05-27,BK0547,黄金,20068.110000
2026-05-27,BK0475,银行金融,4015.530000
2026-05-27,BK1216,生物医疗,4502.920000
2026-05-27,BK0438,消费,27320.200000
2026-05-27,BK0578,稀土永磁,3688.950000
2026-05-27,BK1106,创新药,1392.170000
2026-05-27,BK0710,量子计算,3804.230000
2026-05-27,BK0968,固态电池,2861.680000
2026-05-27,BK1646,消费电子,1174.420000
2026-05-27,BK1166,低空经济,1772.640000
2026-05-27,BK0668,医疗器械,4342.260000
2026-05-28,BK1134,AI 算力,2149.020000
2026-05-28,BK1128,CPO,9994.050000
2026-05-28,BK0917,半导体,3162.940000
2026-05-28,BK1137,存储,3231.310000
2026-05-28,BK0922,数据中心,2359.940000
2026-05-28,BK0579,云计算,3607.840000
2026-05-28,BK0963,商业航天,2822.400000
2026-05-28,BK0921,卫星,2298.470000
2026-05-28,BK1090,机器人,2245.790000
2026-05-28,BK0802,自动驾驶,2332.240000
2026-05-28,BK0577,核电,3083.650000
2026-05-28,BK1647,电网,971.530000
2026-05-28,BK0490,军工,89807.340000
2026-05-28,BK0493,新能源,20550.840000
2026-05-28,BK0588,光伏,4646.340000
2026-05-28,BK0574,锂电池,4823.940000
2026-05-28,BK0464,石油,6728.140000
2026-05-28,BK0843,天然气,1802.760000
2026-05-28,BK0478,铜/有色,30412.480000
2026-05-28,BK0547,黄金,19909.670000
2026-05-28,BK0475,银行金融,3983.540000
2026-05-28,BK1216,生物医疗,4479.820000
2026-05-28,BK0438,消费,26955.240000
2026-05-28,BK0578,稀土永磁,3788.350000
2026-05-28,BK1106,创新药,1376.650000
2026-05-28,BK0710,量子计算,3848.120000
2026-05-28,BK0968,固态电池,2908.830000
2026-05-28,BK1646,消费电子,1191.420000
2026-05-28,BK1166,低空经济,1794.120000
2026-05-28,BK0668,医疗器械,4346.320000
2026-05-29,BK1134,AI 算力,2070.420000
2026-05-29,BK1128,CPO,9669.710000
2026-05-29,BK0917,半导体,3003.890000
2026-05-29,BK1137,存储,3061.900000
2026-05-29,BK0922,数据中心,2287.250000
2026-05-29,BK0579,云计算,3489.900000
2026-05-29,BK0963,商业航天,2690.400000
2026-05-29,BK0921,卫星,2173.500000
2026-05-29,BK1090,机器人,2161.270000
2026-05-29,BK0802,自动驾驶,2244.210000
2026-05-29,BK0577,核电,3023.930000
2026-05-29,BK1647,电网,945.260000
2026-05-29,BK0490,军工,86034.150000
2026-05-29,BK0493,新能源,20189.510000
2026-05-29,BK0588,光伏,4516.850000
2026-05-29,BK0574,锂电池,4677.050000
2026-05-29,BK0464,石油,6615.730000
2026-05-29,BK0843,天然气,1781.650000
2026-05-29,BK0478,铜/有色,29431.370000
2026-05-29,BK0547,黄金,19784.630000
2026-05-29,BK0475,银行金融,4047.230000
2026-05-29,BK1216,生物医疗,4473.460000
2026-05-29,BK0438,消费,27412.950000
2026-05-29,BK0578,稀土永磁,3587.510000
2026-05-29,BK1106,创新药,1381.530000
2026-05-29,BK0710,量子计算,3708.660000
2026-05-29,BK0968,固态电池,2817.200000
2026-05-29,BK1646,消费电子,1133.760000
2026-05-29,BK1166,低空经济,1725.430000
2026-05-29,BK0668,医疗器械,4277.200000
2026-06-01,BK1134,AI 算力,2085.410000
2026-06-01,BK1128,CPO,9244.490000
2026-06-01,BK0917,半导体,2938.140000
2026-06-01,BK1137,存储,2958.130000
2026-06-01,BK0922,数据中心,2297.750000
2026-06-01,BK0579,云计算,3576.300000
2026-06-01,BK0963,商业航天,2677.880000
2026-06-01,BK0921,卫星,2152.560000
2026-06-01,BK1090,机器人,2175.140000
2026-06-01,BK0802,自动驾驶,2250.060000
2026-06-01,BK0577,核电,3046.370000
2026-06-01,BK1647,电网,952.060000
2026-06-01,BK0490,军工,86248.330000
2026-06-01,BK0493,新能源,20398.570000
2026-06-01,BK0588,光伏,4545.810000
2026-06-01,BK0574,锂电池,4692.390000
2026-06-01,BK0464,石油,6768.690000
2026-06-01,BK0843,天然气,1824.830000
2026-06-01,BK0478,铜/有色,29399.280000
2026-06-01,BK0547,黄金,19985.560000
2026-06-01,BK0475,银行金融,4114.240000
2026-06-01,BK1216,生物医疗,4501.210000
2026-06-01,BK0438,消费,27804.980000
2026-06-01,BK0578,稀土永磁,3560.930000
2026-06-01,BK1106,创新药,1379.950000
2026-06-01,BK0710,量子计算,3728.830000
2026-06-01,BK0968,固态电池,2821.670000
2026-06-01,BK1646,消费电子,1128.520000
2026-06-01,BK1166,低空经济,1736.740000
2026-06-01,BK0668,医疗器械,4313.680000
2026-06-02,BK1134,AI 算力,2076.320000
2026-06-02,BK1128,CPO,9680.800000
2026-06-02,BK0917,半导体,2973.570000
2026-06-02,BK1137,存储,2997.350000
2026-06-02,BK0922,数据中心,2286.850000
2026-06-02,BK0579,云计算,3547.970000
2026-06-02,BK0963,商业航天,2682.040000
2026-06-02,BK0921,卫星,2150.740000
2026-06-02,BK1090,机器人,2173.530000
2026-06-02,BK0802,自动驾驶,2253.300000
2026-06-02,BK0577,核电,3016.800000
2026-06-02,BK1647,电网,941.440000
2026-06-02,BK0490,军工,85917.530000
2026-06-02,BK0493,新能源,20252.970000
2026-06-02,BK0588,光伏,4521.950000
2026-06-02,BK0574,锂电池,4684.170000
2026-06-02,BK0464,石油,6692.170000
2026-06-02,BK0843,天然气,1798.050000
2026-06-02,BK0478,铜/有色,29975.510000
2026-06-02,BK0547,黄金,20250.740000
2026-06-02,BK0475,银行金融,4124.340000
2026-06-02,BK1216,生物医疗,4427.720000
2026-06-02,BK0438,消费,27290.650000
2026-06-02,BK0578,稀土永磁,3607.060000
2026-06-02,BK1106,创新药,1352.510000
2026-06-02,BK0710,量子计算,3758.860000
2026-06-02,BK0968,固态电池,2829.270000
2026-06-02,BK1646,消费电子,1145.780000
2026-06-02,BK1166,低空经济,1728.040000
2026-06-02,BK0668,医疗器械,4280.210000
2026-06-03,BK1134,AI 算力,2081.730000
2026-06-03,BK1128,CPO,10019.100000
2026-06-03,BK0917,半导体,3018.020000
2026-06-03,BK1137,存储,3047.680000
2026-06-03,BK0922,数据中心,2277.310000
2026-06-03,BK0579,云计算,3501.220000
2026-06-03,BK0963,商业航天,2700.590000
2026-06-03,BK0921,卫星,2173.190000
2026-06-03,BK1090,机器人,2170.180000
2026-06-03,BK0802,自动驾驶,2254.850000
2026-06-03,BK0577,核电,3024.250000
2026-06-03,BK1647,电网,935.940000
2026-06-03,BK0490,军工,86003.080000
2026-06-03,BK0493,新能源,20212.670000
2026-06-03,BK0588,光伏,4516.850000
2026-06-03,BK0574,锂电池,4673.140000
2026-06-03,BK0464,石油,6806.750000
2026-06-03,BK0843,天然气,1804.130000
2026-06-03,BK0478,铜/有色,30217.670000
2026-06-03,BK0547,黄金,20205.580000
2026-06-03,BK0475,银行金融,4082.300000
2026-06-03,BK1216,生物医疗,4371.540000
2026-06-03,BK0438,消费,26914.430000
2026-06-03,BK0578,稀土永磁,3680.180000
2026-06-03,BK1106,创新药,1337.360000
2026-06-03,BK0710,量子计算,3779.680000
2026-06-03,BK0968,固态电池,2821.960000
2026-06-03,BK1646,消费电子,1149.980000
2026-06-03,BK1166,低空经济,1724.940000
2026-06-03,BK0668,医疗器械,4241.540000
2026-06-04,BK1134,AI 算力,2060.880000
2026-06-04,BK1128,CPO,10024.630000
2026-06-04,BK0917,半导体,3057.710000
2026-06-04,BK1137,存储,3129.720000
2026-06-04,BK0922,数据中心,2256.140000
2026-06-04,BK0579,云计算,3430.070000
2026-06-04,BK0963,商业航天,2690.340000
2026-06-04,BK0921,卫星,2158.720000
2026-06-04,BK1090,机器人,2157.410000
2026-06-04,BK0802,自动驾驶,2246.260000
2026-06-04,BK0577,核电,3000.270000
2026-06-04,BK1647,电网,920.080000
2026-06-04,BK0490,军工,85352.720000
2026-06-04,BK0493,新能源,20021.330000
2026-06-04,BK0588,光伏,4497.340000
2026-06-04,BK0574,锂电池,4620.820000
2026-06-04,BK0464,石油,6613.860000
2026-06-04,BK0843,天然气,1775.670000
2026-06-04,BK0478,铜/有色,29623.250000
2026-06-04,BK0547,黄金,19742.560000
2026-06-04,BK0475,银行金融,4028.880000
2026-06-04,BK1216,生物医疗,4298.550000
2026-06-04,BK0438,消费,26308.560000
2026-06-04,BK0578,稀土永磁,3670.160000
2026-06-04,BK1106,创新药,1315.600000
2026-06-04,BK0710,量子计算,3709.680000
2026-06-04,BK0968,固态电池,2797.780000
2026-06-04,BK1646,消费电子,1154.010000
2026-06-04,BK1166,低空经济,1709.730000
2026-06-04,BK0668,医疗器械,4191.910000
2026-06-05,BK1134,AI 算力,2052.430000
2026-06-05,BK1128,CPO,9801.790000
2026-06-05,BK0917,半导体,3039.250000
2026-06-05,BK1137,存储,3063.020000
2026-06-05,BK0922,数据中心,2249.390000
2026-06-05,BK0579,云计算,3433.440000
2026-06-05,BK0963,商业航天,2726.900000
2026-06-05,BK0921,卫星,2213.210000
2026-06-05,BK1090,机器人,2188.320000
2026-06-05,BK0802,自动驾驶,2252.880000
2026-06-05,BK0577,核电,3004.590000
2026-06-05,BK1647,电网,919.130000
2026-06-05,BK0490,军工,86387.620000
2026-06-05,BK0493,新能源,19757.730000
2026-06-05,BK0588,光伏,4471.420000
2026-06-05,BK0574,锂电池,4635.250000
2026-06-05,BK0464,石油,6642.150000
2026-06-05,BK0843,天然气,1769.510000
2026-06-05,BK0478,铜/有色,29567.210000
2026-06-05,BK0547,黄金,19605.370000
2026-06-05,BK0475,银行金融,4074.420000
2026-06-05,BK1216,生物医疗,4314.710000
2026-06-05,BK0438,消费,26403.210000
2026-06-05,BK0578,稀土永磁,3682.080000
2026-06-05,BK1106,创新药,1317.770000
2026-06-05,BK0710,量子计算,3708.350000
2026-06-05,BK0968,固态电池,2801.830000
2026-06-05,BK1646,消费电子,1153.650000
2026-06-05,BK1166,低空经济,1732.060000
2026-06-05,BK0668,医疗器械,4228.640000
2026-06-08,BK1134,AI 算力,1987.030000
2026-06-08,BK1128,CPO,9287.700000
2026-06-08,BK0917,半导体,2923.230000
2026-06-08,BK1137,存储,2915.700000
2026-06-08,BK0922,数据中心,2170.460000
2026-06-08,BK0579,云计算,3345.480000
2026-06-08,BK0963,商业航天,2637.430000
2026-06-08,BK0921,卫星,2145.330000
2026-06-08,BK1090,机器人,2151.710000
2026-06-08,BK0802,自动驾驶,2198.010000
2026-06-08,BK0577,核电,2899.880000
2026-06-08,BK1647,电网,886.470000
2026-06-08,BK0490,军工,83893.220000
2026-06-08,BK0493,新能源,19031.980000
2026-06-08,BK0588,光伏,4312.350000
2026-06-08,BK0574,锂电池,4481.940000
2026-06-08,BK0464,石油,6509.930000
2026-06-08,BK0843,天然气,1741.830000
2026-06-08,BK0478,铜/有色,28151.590000
2026-06-08,BK0547,黄金,18705.710000
2026-06-08,BK0475,银行金融,4091.420000
2026-06-08,BK1216,生物医疗,4201.120000
2026-06-08,BK0438,消费,25861.250000
2026-06-08,BK0578,稀土永磁,3538.160000
2026-06-08,BK1106,创新药,1282.660000
2026-06-08,BK0710,量子计算,3543.590000
2026-06-08,BK0968,固态电池,2713.460000
2026-06-08,BK1646,消费电子,1107.640000
2026-06-08,BK1166,低空经济,1692.880000
2026-06-08,BK0668,医疗器械,4116.630000
2026-06-09,BK1134,AI 算力,2028.250000
2026-06-09,BK1128,CPO,9768.130000
2026-06-09,BK0917,半导体,3055.960000
2026-06-09,BK1137,存储,3080.130000
2026-06-09,BK0922,数据中心,2219.520000
2026-06-09,BK0579,云计算,3406.580000
2026-06-09,BK0963,商业航天,2684.930000
2026-06-09,BK0921,卫星,2184.470000
2026-06-09,BK1090,机器人,2183.570000
2026-06-09,BK0802,自动驾驶,2242.230000
2026-06-09,BK0577,核电,2941.340000
2026-06-09,BK1647,电网,897.620000
2026-06-09,BK0490,军工,85023.420000
2026-06-09,BK0493,新能源,19280.770000
2026-06-09,BK0588,光伏,4395.720000
2026-06-09,BK0574,锂电池,4596.580000
2026-06-09,BK0464,石油,6381.290000
2026-06-09,BK0843,天然气,1726.810000
2026-06-09,BK0478,铜/有色,28791.640000
2026-06-09,BK0547,黄金,18950.720000
2026-06-09,BK0475,银行金融,4115.650000
2026-06-09,BK1216,生物医疗,4216.060000
2026-06-09,BK0438,消费,25803.480000
2026-06-09,BK0578,稀土永磁,3652.710000
2026-06-09,BK1106,创新药,1288.300000
2026-06-09,BK0710,量子计算,3611.290000
2026-06-09,BK0968,固态电池,2797.200000
2026-06-09,BK1646,消费电子,1143.580000
2026-06-09,BK1166,低空经济,1714.700000
2026-06-09,BK0668,医疗器械,4142.870000
2026-06-10,BK1134,AI 算力,2000.790000
2026-06-10,BK1128,CPO,9446.330000
2026-06-10,BK0917,半导体,3035.400000
2026-06-10,BK1137,存储,3042.190000
2026-06-10,BK0922,数据中心,2169.530000
2026-06-10,BK0579,云计算,3367.660000
2026-06-10,BK0963,商业航天,2630.450000
2026-06-10,BK0921,卫星,2129.510000
2026-06-10,BK1090,机器人,2131.400000
2026-06-10,BK0802,自动驾驶,2190.940000
2026-06-10,BK0577,核电,2876.890000
2026-06-10,BK1647,电网,871.760000
2026-06-10,BK0490,军工,83336.720000
2026-06-10,BK0493,新能源,18856.020000
2026-06-10,BK0588,光伏,4307.570000
2026-06-10,BK0574,锂电池,4532.490000
2026-06-10,BK0464,石油,6336.550000
2026-06-10,BK0843,天然气,1707.830000
2026-06-10,BK0478,铜/有色,28359.200000
2026-06-10,BK0547,黄金,18656.720000
2026-06-10,BK0475,银行金融,4194.100000
2026-06-10,BK1216,生物医疗,4198.100000
2026-06-10,BK0438,消费,25835.380000
2026-06-10,BK0578,稀土永磁,3635.960000
2026-06-10,BK1106,创新药,1290.110000
2026-06-10,BK0710,量子计算,3524.820000
2026-06-10,BK0968,固态电池,2747.950000
2026-06-10,BK1646,消费电子,1114.160000
2026-06-10,BK1166,低空经济,1681.570000
2026-06-10,BK0668,医疗器械,4096.770000
2026-06-11,BK1134,AI 算力,1951.030000
2026-06-11,BK1128,CPO,9437.010000
2026-06-11,BK0917,半导体,3062.000000
2026-06-11,BK1137,存储,3078.020000
2026-06-11,BK0922,数据中心,2119.080000
2026-06-11,BK0579,云计算,3248.820000
2026-06-11,BK0963,商业航天,2618.360000
2026-06-11,BK0921,卫星,2111.890000
2026-06-11,BK1090,机器人,2090.310000
2026-06-11,BK0802,自动驾驶,2156.340000
2026-06-11,BK0577,核电,2865.910000
2026-06-11,BK1647,电网,854.340000
2026-06-11,BK0490,军工,82649.760000
2026-06-11,BK0493,新能源,18653.170000
2026-06-11,BK0588,光伏,4275.450000
2026-06-11,BK0574,锂电池,4509.700000
2026-06-11,BK0464,石油,6339.530000
2026-06-11,BK0843,天然气,1709.640000
2026-06-11,BK0478,铜/有色,28833.020000
2026-06-11,BK0547,黄金,18664.450000
2026-06-11,BK0475,银行金融,4172.660000
2026-06-11,BK1216,生物医疗,4153.430000
2026-06-11,BK0438,消费,25524.540000
2026-06-11,BK0578,稀土永磁,3647.040000
2026-06-11,BK1106,创新药,1271.750000
2026-06-11,BK0710,量子计算,3469.280000
2026-06-11,BK0968,固态电池,2721.610000
2026-06-11,BK1646,消费电子,1096.920000
2026-06-11,BK1166,低空经济,1651.600000
2026-06-11,BK0668,医疗器械,4057.950000
2026-06-12,BK1134,AI 算力,1954.170000
2026-06-12,BK1128,CPO,9308.110000
2026-06-12,BK0917,半导体,3022.780000
2026-06-12,BK1137,存储,3031.050000
2026-06-12,BK0922,数据中心,2126.620000
2026-06-12,BK0579,云计算,3284.780000
2026-06-12,BK0963,商业航天,2647.000000
2026-06-12,BK0921,卫星,2134.600000
2026-06-12,BK1090,机器人,2105.080000
2026-06-12,BK0802,自动驾驶,2172.280000
2026-06-12,BK0577,核电,2902.880000
2026-06-12,BK1647,电网,863.330000
2026-06-12,BK0490,军工,83969.200000
2026-06-12,BK0493,新能源,18821.850000
2026-06-12,BK0588,光伏,4289.810000
2026-06-12,BK0574,锂电池,4584.000000
2026-06-12,BK0464,石油,6424.460000
2026-06-12,BK0843,天然气,1722.170000
2026-06-12,BK0478,铜/有色,29895.640000
2026-06-12,BK0547,黄金,19505.700000
2026-06-12,BK0475,银行金融,4230.790000
2026-06-12,BK1216,生物医疗,4231.660000
2026-06-12,BK0438,消费,25951.490000
2026-06-12,BK0578,稀土永磁,3744.030000
2026-06-12,BK1106,创新药,1296.150000
2026-06-12,BK0710,量子计算,3480.780000
2026-06-12,BK0968,固态电池,2765.050000
2026-06-12,BK1646,消费电子,1091.240000
2026-06-12,BK1166,低空经济,1679.500000
2026-06-12,BK0668,医疗器械,4112.260000
2026-06-15,BK1134,AI 算力,2028.350000
2026-06-15,BK1128,CPO,10098.880000
2026-06-15,BK0917,半导体,3183.700000
2026-06-15,BK1137,存储,3202.240000
2026-06-15,BK0922,数据中心,2200.660000
2026-06-15,BK0579,云计算,3369.860000
2026-06-15,BK0963,商业航天,2720.270000
2026-06-15,BK0921,卫星,2178.620000
2026-06-15,BK1090,机器人,2165.680000
2026-06-15,BK0802,自动驾驶,2244.470000
2026-06-15,BK0577,核电,2968.530000
2026-06-15,BK1647,电网,887.060000
2026-06-15,BK0490,军工,85821.520000
2026-06-15,BK0493,新能源,19208.790000
2026-06-15,BK0588,光伏,4403.590000
2026-06-15,BK0574,锂电池,4739.900000
2026-06-15,BK0464,石油,6426.090000
2026-06-15,BK0843,天然气,1730.650000
2026-06-15,BK0478,铜/有色,31045.400000
2026-06-15,BK0547,黄金,20221.740000
2026-06-15,BK0475,银行金融,4185.140000
2026-06-15,BK1216,生物医疗,4234.570000
2026-06-15,BK0438,消费,25935.400000
2026-06-15,BK0578,稀土永磁,3843.360000
2026-06-15,BK1106,创新药,1295.500000
2026-06-15,BK0710,量子计算,3594.340000
2026-06-15,BK0968,固态电池,2880.540000
2026-06-15,BK1646,消费电子,1146.700000
2026-06-15,BK1166,低空经济,1714.670000
2026-06-15,BK0668,医疗器械,4166.510000
2026-06-16,BK1134,AI 算力,2057.110000
2026-06-16,BK1128,CPO,10456.820000
2026-06-16,BK0917,半导体,3261.360000
2026-06-16,BK1137,存储,3266.870000
2026-06-16,BK0922,数据中心,2242.310000
2026-06-16,BK0579,云计算,3392.640000
2026-06-16,BK0963,商业航天,2754.720000
2026-06-16,BK0921,卫星,2211.540000
2026-06-16,BK1090,机器人,2196.380000
2026-06-16,BK0802,自动驾驶,2265.440000
2026-06-16,BK0577,核电,3005.320000
2026-06-16,BK1647,电网,905.530000
2026-06-16,BK0490,军工,86829.300000
2026-06-16,BK0493,新能源,19491.060000
2026-06-16,BK0588,光伏,4474.810000
2026-06-16,BK0574,锂电池,4854.260000
2026-06-16,BK0464,石油,6372.830000
2026-06-16,BK0843,天然气,1728.200000
2026-06-16,BK0478,铜/有色,31403.490000
2026-06-16,BK0547,黄金,20207.650000
2026-06-16,BK0475,银行金融,4128.750000
2026-06-16,BK1216,生物医疗,4209.040000
2026-06-16,BK0438,消费,25709.900000
2026-06-16,BK0578,稀土永磁,3986.870000
2026-06-16,BK1106,创新药,1283.560000
2026-06-16,BK0710,量子计算,3664.620000
2026-06-16,BK0968,固态电池,2971.700000
2026-06-16,BK1646,消费电子,1181.720000
2026-06-16,BK1166,低空经济,1730.950000
2026-06-16,BK0668,医疗器械,4174.250000
2026-06-17,BK1134,AI 算力,2059.710000
2026-06-17,BK1128,CPO,10697.360000
2026-06-17,BK0917,半导体,3343.150000
2026-06-17,BK1137,存储,3405.740000
2026-06-17,BK0922,数据中心,2232.870000
2026-06-17,BK0579,云计算,3389.200000
2026-06-17,BK0963,商业航天,2777.950000
2026-06-17,BK0921,卫星,2230.900000
2026-06-17,BK1090,机器人,2193.250000
2026-06-17,BK0802,自动驾驶,2270.740000
2026-06-17,BK0577,核电,2987.290000
2026-06-17,BK1647,电网,896.000000
2026-06-17,BK0490,军工,86934.130000
2026-06-17,BK0493,新能源,19346.740000
2026-06-17,BK0588,光伏,4460.080000
2026-06-17,BK0574,锂电池,4852.730000
2026-06-17,BK0464,石油,6289.580000
2026-06-17,BK0843,天然气,1714.670000
2026-06-17,BK0478,铜/有色,31070.800000
2026-06-17,BK0547,黄金,20051.550000
2026-06-17,BK0475,银行金融,4095.420000
2026-06-17,BK1216,生物医疗,4174.280000
2026-06-17,BK0438,消费,25240.870000
2026-06-17,BK0578,稀土永磁,3932.810000
2026-06-17,BK1106,创新药,1269.920000
2026-06-17,BK0710,量子计算,3710.060000
2026-06-17,BK0968,固态电池,2992.460000
2026-06-17,BK1646,消费电子,1201.470000
2026-06-17,BK1166,低空经济,1731.650000
2026-06-17,BK0668,医疗器械,4154.690000
2026-06-18,BK1134,AI 算力,2089.040000
2026-06-18,BK1128,CPO,10990.490000
2026-06-18,BK0917,半导体,3382.890000
2026-06-18,BK1137,存储,3450.020000
2026-06-18,BK0922,数据中心,2241.340000
2026-06-18,BK0579,云计算,3411.250000
2026-06-18,BK0963,商业航天,2790.860000
2026-06-18,BK0921,卫星,2245.750000
2026-06-18,BK1090,机器人,2210.970000
2026-06-18,BK0802,自动驾驶,2272.260000
2026-06-18,BK0577,核电,2965.160000
2026-06-18,BK1647,电网,890.010000
2026-06-18,BK0490,军工,86989.030000
2026-06-18,BK0493,新能源,18947.280000
2026-06-18,BK0588,光伏,4405.640000
2026-06-18,BK0574,锂电池,4837.060000
2026-06-18,BK0464,石油,6214.470000
2026-06-18,BK0843,天然气,1690.430000
2026-06-18,BK0478,铜/有色,31297.090000
2026-06-18,BK0547,黄金,19848.120000
2026-06-18,BK0475,银行金融,3984.040000
2026-06-18,BK1216,生物医疗,4202.500000
2026-06-18,BK0438,消费,24925.950000
2026-06-18,BK0578,稀土永磁,4015.670000
2026-06-18,BK1106,创新药,1284.530000
2026-06-18,BK0710,量子计算,3724.930000
2026-06-18,BK0968,固态电池,2996.310000
2026-06-18,BK1646,消费电子,1213.500000
2026-06-18,BK1166,低空经济,1730.780000
2026-06-18,BK0668,医疗器械,4172.930000
2026-06-22,BK1134,AI 算力,2116.850000
2026-06-22,BK1128,CPO,11142.760000
2026-06-22,BK0917,半导体,3430.850000
2026-06-22,BK1137,存储,3527.870000
2026-06-22,BK0922,数据中心,2266.070000
2026-06-22,BK0579,云计算,3478.910000
2026-06-22,BK0963,商业航天,2772.620000
2026-06-22,BK0921,卫星,2221.050000
2026-06-22,BK1090,机器人,2203.320000
2026-06-22,BK0802,自动驾驶,2251.680000
2026-06-22,BK0577,核电,2991.420000
2026-06-22,BK1647,电网,904.210000
2026-06-22,BK0490,军工,86785.540000
2026-06-22,BK0493,新能源,19091.320000
2026-06-22,BK0588,光伏,4428.670000
2026-06-22,BK0574,锂电池,4935.250000
2026-06-22,BK0464,石油,6297.320000
2026-06-22,BK0843,天然气,1707.250000
2026-06-22,BK0478,铜/有色,32511.880000
2026-06-22,BK0547,黄金,20515.070000
2026-06-22,BK0475,银行金融,4002.230000
2026-06-22,BK1216,生物医疗,4195.100000
2026-06-22,BK0438,消费,25085.950000
2026-06-22,BK0578,稀土永磁,4119.870000
2026-06-22,BK1106,创新药,1280.360000
2026-06-22,BK0710,量子计算,3736.730000
2026-06-22,BK0968,固态电池,3061.370000
2026-06-22,BK1646,消费电子,1220.850000
2026-06-22,BK1166,低空经济,1721.540000
2026-06-22,BK0668,医疗器械,4172.410000
2026-06-23,BK1134,AI 算力,2081.850000
2026-06-23,BK1128,CPO,10824.400000
2026-06-23,BK0917,半导体,3397.580000
2026-06-23,BK1137,存储,3471.270000
2026-06-23,BK0922,数据中心,2239.100000
2026-06-23,BK0579,云计算,3422.190000
2026-06-23,BK0963,商业航天,2716.940000
2026-06-23,BK0921,卫星,2169.680000
2026-06-23,BK1090,机器人,2192.010000
2026-06-23,BK0802,自动驾驶,2234.770000
2026-06-23,BK0577,核电,2964.370000
2026-06-23,BK1647,电网,892.900000
2026-06-23,BK0490,军工,85548.270000
2026-06-23,BK0493,新能源,18831.040000
2026-06-23,BK0588,光伏,4368.920000
2026-06-23,BK0574,锂电池,4855.660000
2026-06-23,BK0464,石油,6323.630000
2026-06-23,BK0843,天然气,1710.930000
2026-06-23,BK0478,铜/有色,30800.530000
2026-06-23,BK0547,黄金,19579.200000
2026-06-23,BK0475,银行金融,4064.820000
2026-06-23,BK1216,生物医疗,4306.190000
2026-06-23,BK0438,消费,25206.350000
2026-06-23,BK0578,稀土永磁,3955.750000
2026-06-23,BK1106,创新药,1322.250000
2026-06-23,BK0710,量子计算,3707.330000
2026-06-23,BK0968,固态电池,2987.930000
2026-06-23,BK1646,消费电子,1203.910000
2026-06-23,BK1166,低空经济,1706.170000
2026-06-23,BK0668,医疗器械,4214.170000
2026-06-24,BK1134,AI 算力,2086.090000
2026-06-24,BK1128,CPO,11137.850000
2026-06-24,BK0917,半导体,3481.510000
2026-06-24,BK1137,存储,3626.780000
2026-06-24,BK0922,数据中心,2227.010000
2026-06-24,BK0579,云计算,3378.720000
2026-06-24,BK0963,商业航天,2724.020000
2026-06-24,BK0921,卫星,2171.930000
2026-06-24,BK1090,机器人,2178.300000
2026-06-24,BK0802,自动驾驶,2227.700000
2026-06-24,BK0577,核电,2929.460000
2026-06-24,BK1647,电网,881.260000
2026-06-24,BK0490,军工,84957.510000
2026-06-24,BK0493,新能源,18622.910000
2026-06-24,BK0588,光伏,4329.870000
2026-06-24,BK0574,锂电池,4855.560000
2026-06-24,BK0464,石油,6216.090000
2026-06-24,BK0843,天然气,1665.720000
2026-06-24,BK0478,铜/有色,30819.020000
2026-06-24,BK0547,黄金,19566.830000
2026-06-24,BK0475,银行金融,3956.210000
2026-06-24,BK1216,生物医疗,4255.660000
2026-06-24,BK0438,消费,24569.980000
2026-06-24,BK0578,稀土永磁,3923.770000
2026-06-24,BK1106,创新药,1317.020000
2026-06-24,BK0710,量子计算,3684.120000
2026-06-24,BK0968,固态电池,2987.780000
2026-06-24,BK1646,消费电子,1216.620000
2026-06-24,BK1166,低空经济,1690.610000
2026-06-24,BK0668,医疗器械,4176.440000
2026-06-25,BK1134,AI 算力,2059.330000
2026-06-25,BK1128,CPO,11397.250000
2026-06-25,BK0917,半导体,3520.470000
2026-06-25,BK1137,存储,3763.790000
2026-06-25,BK0922,数据中心,2202.190000
2026-06-25,BK0579,云计算,3306.940000
2026-06-25,BK0963,商业航天,2698.850000
2026-06-25,BK0921,卫星,2145.520000
2026-06-25,BK1090,机器人,2144.390000
2026-06-25,BK0802,自动驾驶,2198.190000
2026-06-25,BK0577,核电,2889.040000
2026-06-25,BK1647,电网,866.600000
2026-06-25,BK0490,军工,83722.790000
2026-06-25,BK0493,新能源,18359.910000
2026-06-25,BK0588,光伏,4271.660000
2026-06-25,BK0574,锂电池,4806.880000
2026-06-25,BK0464,石油,6076.640000
2026-06-25,BK0843,天然气,1636.230000
2026-06-25,BK0478,铜/有色,30308.860000
2026-06-25,BK0547,黄金,19108.550000
2026-06-25,BK0475,银行金融,3930.150000
2026-06-25,BK1216,生物医疗,4186.890000
2026-06-25,BK0438,消费,24355.210000
2026-06-25,BK0578,稀土永磁,3917.290000
2026-06-25,BK1106,创新药,1303.250000
2026-06-25,BK0710,量子计算,3661.670000
2026-06-25,BK0968,固态电池,2964.210000
2026-06-25,BK1646,消费电子,1225.070000
2026-06-25,BK1166,低空经济,1663.600000
2026-06-25,BK0668,医疗器械,4105.370000
2026-06-26,BK1134,AI 算力,1979.540000
2026-06-26,BK1128,CPO,10784.450000
2026-06-26,BK0917,半导体,3480.860000
2026-06-26,BK1137,存储,3768.090000
2026-06-26,BK0922,数据中心,2120.190000
2026-06-26,BK0579,云计算,3154.460000
2026-06-26,BK0963,商业航天,2659.870000
2026-06-26,BK0921,卫星,2115.490000
2026-06-26,BK1090,机器人,2082.920000
2026-06-26,BK0802,自动驾驶,2137.290000
2026-06-26,BK0577,核电,2814.400000
2026-06-26,BK1647,电网,839.880000
2026-06-26,BK0490,军工,81843.020000
2026-06-26,BK0493,新能源,18013.490000
2026-06-26,BK0588,光伏,4198.450000
2026-06-26,BK0574,锂电池,4633.900000
2026-06-26,BK0464,石油,5925.570000
2026-06-26,BK0843,天然气,1604.770000
2026-06-26,BK0478,铜/有色,29106.890000
2026-06-26,BK0547,黄金,18503.010000
2026-06-26,BK0475,银行金融,3886.460000
2026-06-26,BK1216,生物医疗,4034.890000
2026-06-26,BK0438,消费,23814.810000
2026-06-26,BK0578,稀土永磁,3761.790000
2026-06-26,BK1106,创新药,1253.090000
2026-06-26,BK0710,量子计算,3523.650000
2026-06-26,BK0968,固态电池,2849.870000
2026-06-26,BK1646,消费电子,1188.510000
2026-06-26,BK1166,低空经济,1626.720000
2026-06-26,BK0668,医疗器械,3967.450000
2026-06-29,BK1134,AI 算力,1949.780000
2026-06-29,BK1128,CPO,10524.190000
2026-06-29,BK0917,半导体,3505.090000
2026-06-29,BK1137,存储,3849.490000
2026-06-29,BK0922,数据中心,2091.860000
2026-06-29,BK0579,云计算,3126.670000
2026-06-29,BK0963,商业航天,2625.760000
2026-06-29,BK0921,卫星,2084.490000
2026-06-29,BK1090,机器人,2063.070000
2026-06-29,BK0802,自动驾驶,2109.970000
2026-06-29,BK0577,核电,2807.450000
2026-06-29,BK1647,电网,834.400000
2026-06-29,BK0490,军工,80772.350000
2026-06-29,BK0493,新能源,17922.560000
2026-06-29,BK0588,光伏,4178.860000
2026-06-29,BK0574,锂电池,4587.550000
2026-06-29,BK0464,石油,5889.460000
2026-06-29,BK0843,天然气,1602.080000
2026-06-29,BK0478,铜/有色,29061.360000
2026-06-29,BK0547,黄金,18656.320000
2026-06-29,BK0475,银行金融,3890.210000
2026-06-29,BK1216,生物医疗,4234.310000
2026-06-29,BK0438,消费,24032.450000
2026-06-29,BK0578,稀土永磁,3675.450000
2026-06-29,BK1106,创新药,1337.520000
2026-06-29,BK0710,量子计算,3491.180000
2026-06-29,BK0968,固态电池,2819.210000
2026-06-29,BK1646,消费电子,1167.350000
2026-06-29,BK1166,低空经济,1606.240000
2026-06-29,BK0668,医疗器械,4058.850000
2026-06-30,BK1134,AI 算力,2015.060000
2026-06-30,BK1128,CPO,11072.000000
2026-06-30,BK0917,半导体,3674.700000
2026-06-30,BK1137,存储,4022.760000
2026-06-30,BK0922,数据中心,2146.480000
2026-06-30,BK0579,云计算,3213.280000
2026-06-30,BK0963,商业航天,2722.430000
2026-06-30,BK0921,卫星,2173.680000
2026-06-30,BK1090,机器人,2128.960000
2026-06-30,BK0802,自动驾驶,2183.560000
2026-06-30,BK0577,核电,2843.610000
2026-06-30,BK1647,电网,851.720000
2026-06-30,BK0490,军工,83163.010000
2026-06-30,BK0493,新能源,18129.450000
2026-06-30,BK0588,光伏,4255.440000
2026-06-30,BK0574,锂电池,4699.480000
2026-06-30,BK0464,石油,5849.230000
2026-06-30,BK0843,天然气,1606.810000
2026-06-30,BK0478,铜/有色,29281.230000
2026-06-30,BK0547,黄金,18538.600000
2026-06-30,BK0475,银行金融,3800.200000
2026-06-30,BK1216,生物医疗,4174.280000
2026-06-30,BK0438,消费,23623.110000
2026-06-30,BK0578,稀土永磁,3777.840000
2026-06-30,BK1106,创新药,1322.100000
2026-06-30,BK0710,量子计算,3616.830000
2026-06-30,BK0968,固态电池,2901.930000
2026-06-30,BK1646,消费电子,1218.520000
2026-06-30,BK1166,低空经济,1647.600000
2026-06-30,BK0668,医疗器械,4065.450000
2026-07-01,BK1134,AI 算力,2042.430000
2026-07-01,BK1128,CPO,10738.320000
2026-07-01,BK0917,半导体,3679.790000
2026-07-01,BK1137,存储,4030.100000
2026-07-01,BK0922,数据中心,2166.610000
2026-07-01,BK0579,云计算,3282.610000
2026-07-01,BK0963,商业航天,2745.740000
2026-07-01,BK0921,卫星,2201.750000
2026-07-01,BK1090,机器人,2158.840000
2026-07-01,BK0802,自动驾驶,2207.680000
2026-07-01,BK0577,核电,2873.620000
2026-07-01,BK1647,电网,857.280000
2026-07-01,BK0490,军工,84378.060000
2026-07-01,BK0493,新能源,18393.560000
2026-07-01,BK0588,光伏,4311.010000
2026-07-01,BK0574,锂电池,4761.360000
2026-07-01,BK0464,石油,6005.880000
2026-07-01,BK0843,天然气,1653.480000
2026-07-01,BK0478,铜/有色,29598.450000
2026-07-01,BK0547,黄金,18913.720000
2026-07-01,BK0475,银行金融,3834.390000
2026-07-01,BK1216,生物医疗,4361.350000
2026-07-01,BK0438,消费,24270.450000
2026-07-01,BK0578,稀土永磁,3847.010000
2026-07-01,BK1106,创新药,1389.530000
2026-07-01,BK0710,量子计算,3608.530000
2026-07-01,BK0968,固态电池,2918.530000
2026-07-01,BK1646,消费电子,1221.950000
2026-07-01,BK1166,低空经济,1677.030000
2026-07-01,BK0668,医疗器械,4194.000000
2026-07-02,BK1134,AI 算力,1989.170000
2026-07-02,BK1128,CPO,10040.130000
2026-07-02,BK0917,半导体,3532.170000
2026-07-02,BK1137,存储,3794.510000
2026-07-02,BK0922,数据中心,2112.840000
2026-07-02,BK0579,云计算,3210.270000
2026-07-02,BK0963,商业航天,2686.520000
2026-07-02,BK0921,卫星,2141.710000
2026-07-02,BK1090,机器人,2142.190000
2026-07-02,BK0802,自动驾驶,2180.390000
2026-07-02,BK0577,核电,2837.930000
2026-07-02,BK1647,电网,840.710000
2026-07-02,BK0490,军工,83211.430000
2026-07-02,BK0493,新能源,18149.770000
2026-07-02,BK0588,光伏,4238.440000
2026-07-02,BK0574,锂电池,4700.090000
2026-07-02,BK0464,石油,6012.610000
2026-07-02,BK0843,天然气,1642.770000
2026-07-02,BK0478,铜/有色,29560.950000
2026-07-02,BK0547,黄金,19081.410000
2026-07-02,BK0475,银行金融,3880.500000
2026-07-02,BK1216,生物医疗,4374.670000
2026-07-02,BK0438,消费,24352.250000
2026-07-02,BK0578,稀土永磁,3916.540000
2026-07-02,BK1106,创新药,1393.090000
2026-07-02,BK0710,量子计算,3495.220000
2026-07-02,BK0968,固态电池,2871.930000
2026-07-02,BK1646,消费电子,1188.010000
2026-07-02,BK1166,低空经济,1657.090000
2026-07-02,BK0668,医疗器械,4183.300000
2026-07-03,BK1134,AI 算力,1984.650000
2026-07-03,BK1128,CPO,9975.620000
2026-07-03,BK0917,半导体,3472.900000
2026-07-03,BK1137,存储,3745.300000
2026-07-03,BK0922,数据中心,2126.040000
2026-07-03,BK0579,云计算,3213.430000
2026-07-03,BK0963,商业航天,2746.670000
2026-07-03,BK0921,卫星,2191.610000
2026-07-03,BK1090,机器人,2204.900000
2026-07-03,BK0802,自动驾驶,2220.800000
2026-07-03,BK0577,核电,2890.780000
2026-07-03,BK1647,电网,852.380000
2026-07-03,BK0490,军工,85144.810000
2026-07-03,BK0493,新能源,18295.870000
2026-07-03,BK0588,光伏,4255.300000
2026-07-03,BK0574,锂电池,4703.310000
2026-07-03,BK0464,石油,6091.670000
2026-07-03,BK0843,天然气,1661.160000
2026-07-03,BK0478,铜/有色,29747.050000
2026-07-03,BK0547,黄金,19492.990000
2026-07-03,BK0475,银行金融,3880.940000
2026-07-03,BK1216,生物医疗,4453.610000
2026-07-03,BK0438,消费,24618.310000
2026-07-03,BK0578,稀土永磁,3934.210000
2026-07-03,BK1106,创新药,1423.040000
2026-07-03,BK0710,量子计算,3512.830000
2026-07-03,BK0968,固态电池,2864.860000
2026-07-03,BK1646,消费电子,1190.510000
2026-07-03,BK1166,低空经济,1696.320000
2026-07-03,BK0668,医疗器械,4253.700000
2026-07-06,BK1134,AI 算力,1948.200000
2026-07-06,BK1128,CPO,9744.270000
2026-07-06,BK0917,半导体,3405.920000
2026-07-06,BK1137,存储,3713.450000
2026-07-06,BK0922,数据中心,2106.060000
2026-07-06,BK0579,云计算,3154.770000
2026-07-06,BK0963,商业航天,2660.420000
2026-07-06,BK0921,卫星,2118.550000
2026-07-06,BK1090,机器人,2149.440000
2026-07-06,BK0802,自动驾驶,2179.110000
2026-07-06,BK0577,核电,2839.820000
2026-07-06,BK1647,电网,833.650000
2026-07-06,BK0490,军工,82935.900000
2026-07-06,BK0493,新能源,17949.210000
2026-07-06,BK0588,光伏,4175.890000
2026-07-06,BK0574,锂电池,4599.950000
2026-07-06,BK0464,石油,6129.240000
2026-07-06,BK0843,天然气,1654.720000
2026-07-06,BK0478,铜/有色,28965.080000
2026-07-06,BK0547,黄金,19164.590000
2026-07-06,BK0475,银行金融,3970.720000
2026-07-06,BK1216,生物医疗,4482.060000
2026-07-06,BK0438,消费,24802.420000
2026-07-06,BK0578,稀土永磁,3790.910000
2026-07-06,BK1106,创新药,1442.770000
2026-07-06,BK0710,量子计算,3450.400000
2026-07-06,BK0968,固态电池,2793.660000
2026-07-06,BK1646,消费电子,1161.660000
2026-07-06,BK1166,低空经济,1656.210000
2026-07-06,BK0668,医疗器械,4215.610000
2026-07-07,BK1134,AI 算力,1893.120000
2026-07-07,BK1128,CPO,9642.260000
2026-07-07,BK0917,半导体,3366.580000
2026-07-07,BK1137,存储,3668.820000
2026-07-07,BK0922,数据中心,2048.310000
2026-07-07,BK0579,云计算,3060.380000
2026-07-07,BK0963,商业航天,2581.390000
2026-07-07,BK0921,卫星,2053.070000
2026-07-07,BK1090,机器人,2090.740000
2026-07-07,BK0802,自动驾驶,2122.470000
2026-07-07,BK0577,核电,2763.580000
2026-07-07,BK1647,电网,810.570000
2026-07-07,BK0490,军工,80231.230000
2026-07-07,BK0493,新能源,17446.640000
2026-07-07,BK0588,光伏,4077.740000
2026-07-07,BK0574,锂电池,4505.870000
2026-07-07,BK0464,石油,5907.580000
2026-07-07,BK0843,天然气,1615.690000
2026-07-07,BK0478,铜/有色,28163.230000
2026-07-07,BK0547,黄金,18584.850000
2026-07-07,BK0475,银行金融,3955.030000
2026-07-07,BK1216,生物医疗,4312.610000
2026-07-07,BK0438,消费,24143.340000
2026-07-07,BK0578,稀土永磁,3754.850000
2026-07-07,BK1106,创新药,1385.410000
2026-07-07,BK0710,量子计算,3376.440000
2026-07-07,BK0968,固态电池,2745.840000
2026-07-07,BK1646,消费电子,1137.400000
2026-07-07,BK1166,低空经济,1609.810000
2026-07-07,BK0668,医疗器械,4087.650000
2026-07-08,BK1134,AI 算力,1905.850000
2026-07-08,BK1128,CPO,9459.600000
2026-07-08,BK0917,半导体,3285.460000
2026-07-08,BK1137,存储,3580.390000
2026-07-08,BK0922,数据中心,2046.220000
2026-07-08,BK0579,云计算,3146.950000
2026-07-08,BK0963,商业航天,2514.970000
2026-07-08,BK0921,卫星,2026.130000
2026-07-08,BK1090,机器人,2039.220000
2026-07-08,BK0802,自动驾驶,2095.260000
2026-07-08,BK0577,核电,2696.420000
2026-07-08,BK1647,电网,797.140000
2026-07-08,BK0490,军工,78453.930000
2026-07-08,BK0493,新能源,17117.100000
2026-07-08,BK0588,光伏,3975.300000
2026-07-08,BK0574,锂电池,4343.900000
2026-07-08,BK0464,石油,5955.730000
2026-07-08,BK0843,天然气,1606.210000
2026-07-08,BK0478,铜/有色,27197.270000
2026-07-08,BK0547,黄金,18368.110000
2026-07-08,BK0475,银行金融,3983.510000
2026-07-08,BK1216,生物医疗,4269.900000
2026-07-08,BK0438,消费,24136.460000
2026-07-08,BK0578,稀土永磁,3592.140000
2026-07-08,BK1106,创新药,1365.830000
2026-07-08,BK0710,量子计算,3389.360000
2026-07-08,BK0968,固态电池,2629.950000
2026-07-08,BK1646,消费电子,1111.010000
2026-07-08,BK1166,低空经济,1581.580000
2026-07-08,BK0668,医疗器械,4030.630000
2026-07-09,BK1134,AI 算力,1940.730000
2026-07-09,BK1128,CPO,9974.560000
2026-07-09,BK0917,半导体,3426.960000
2026-07-09,BK1137,存储,3828.590000
2026-07-09,BK0922,数据中心,2073.950000
2026-07-09,BK0579,云计算,3195.620000
2026-07-09,BK0963,商业航天,2569.460000
2026-07-09,BK0921,卫星,2086.900000
2026-07-09,BK1090,机器人,2058.900000
2026-07-09,BK0802,自动驾驶,2123.960000
2026-07-09,BK0577,核电,2701.040000
2026-07-09,BK1647,电网,802.440000
2026-07-09,BK0490,军工,79584.500000
2026-07-09,BK0493,新能源,17162.830000
2026-07-09,BK0588,光伏,4008.680000
2026-07-09,BK0574,锂电池,4346.850000
2026-07-09,BK0464,石油,5950.060000
2026-07-09,BK0843,天然气,1618.330000
2026-07-09,BK0478,铜/有色,27058.780000
2026-07-09,BK0547,黄金,18372.330000
2026-07-09,BK0475,银行金融,3946.260000
2026-07-09,BK1216,生物医疗,4260.220000
2026-07-09,BK0438,消费,23788.590000
2026-07-09,BK0578,稀土永磁,3546.090000
2026-07-09,BK1106,创新药,1366.310000
2026-07-09,BK0710,量子计算,3459.000000
2026-07-09,BK0968,固态电池,2644.000000
2026-07-09,BK1646,消费电子,1144.900000
2026-07-09,BK1166,低空经济,1597.980000
2026-07-09,BK0668,医疗器械,4037.390000
2026-07-10,BK1134,AI 算力,1959.780000
2026-07-10,BK1128,CPO,9713.010000
2026-07-10,BK0917,半导体,3334.870000
2026-07-10,BK1137,存储,3700.730000
2026-07-10,BK0922,数据中心,2091.910000
2026-07-10,BK0579,云计算,3234.140000
2026-07-10,BK0963,商业航天,2638.840000
2026-07-10,BK0921,卫星,2157.580000
2026-07-10,BK1090,机器人,2069.490000
2026-07-10,BK0802,自动驾驶,2138.590000
2026-07-10,BK0577,核电,2742.350000
2026-07-10,BK1647,电网,810.850000
2026-07-10,BK0490,军工,81473.140000
2026-07-10,BK0493,新能源,17375.380000
2026-07-10,BK0588,光伏,4024.550000
2026-07-10,BK0574,锂电池,4310.240000
2026-07-10,BK0464,石油,6018.820000
2026-07-10,BK0843,天然气,1628.810000
2026-07-10,BK0478,铜/有色,27105.740000
2026-07-10,BK0547,黄金,18467.740000
2026-07-10,BK0475,银行金融,3963.230000
2026-07-10,BK1216,生物医疗,4380.400000
2026-07-10,BK0438,消费,24258.710000
2026-07-10,BK0578,稀土永磁,3544.890000
2026-07-10,BK1106,创新药,1410.640000
2026-07-10,BK0710,量子计算,3488.650000
2026-07-10,BK0968,固态电池,2601.570000
2026-07-10,BK1646,消费电子,1128.400000
2026-07-10,BK1166,低空经济,1626.990000
2026-07-10,BK0668,医疗器械,4102.810000
2026-07-13,BK1134,AI 算力,1864.700000
2026-07-13,BK1128,CPO,9132.590000
2026-07-13,BK0917,半导体,3125.110000
2026-07-13,BK1137,存储,3439.010000
2026-07-13,BK0922,数据中心,1992.330000
2026-07-13,BK0579,云计算,3104.710000
2026-07-13,BK0963,商业航天,2452.270000
2026-07-13,BK0921,卫星,2003.500000
2026-07-13,BK1090,机器人,1955.820000
2026-07-13,BK0802,自动驾驶,2017.320000
2026-07-13,BK0577,核电,2607.980000
2026-07-13,BK1647,电网,770.850000
2026-07-13,BK0490,军工,75971.970000
2026-07-13,BK0493,新能源,16628.480000
2026-07-13,BK0588,光伏,3825.520000
2026-07-13,BK0574,锂电池,4064.910000
2026-07-13,BK0464,石油,5917.850000
2026-07-13,BK0843,天然气,1602.780000
2026-07-13,BK0478,铜/有色,25651.800000
2026-07-13,BK0547,黄金,17696.300000
2026-07-13,BK0475,银行金融,4045.110000
2026-07-13,BK1216,生物医疗,4347.900000
2026-07-13,BK0438,消费,24036.330000
2026-07-13,BK0578,稀土永磁,3337.990000
2026-07-13,BK1106,创新药,1406.110000
2026-07-13,BK0710,量子计算,3289.520000
2026-07-13,BK0968,固态电池,2439.490000
2026-07-13,BK1646,消费电子,1058.130000
2026-07-13,BK1166,低空经济,1537.990000
2026-07-13,BK0668,医疗器械,3980.830000
2026-07-14,BK1134,AI 算力,1868.320000
2026-07-14,BK1128,CPO,9445.580000
2026-07-14,BK0917,半导体,3151.170000
2026-07-14,BK1137,存储,3474.900000
2026-07-14,BK0922,数据中心,2005.290000
2026-07-14,BK0579,云计算,3079.340000
2026-07-14,BK0963,商业航天,2425.360000
2026-07-14,BK0921,卫星,1955.850000
2026-07-14,BK1090,机器人,1978.220000
2026-07-14,BK0802,自动驾驶,2038.190000
2026-07-14,BK0577,核电,2638.970000
2026-07-14,BK1647,电网,777.990000
2026-07-14,BK0490,军工,75874.340000
2026-07-14,BK0493,新能源,16806.420000
2026-07-14,BK0588,光伏,3878.380000
2026-07-14,BK0574,锂电池,4139.560000
2026-07-14,BK0464,石油,6191.740000
2026-07-14,BK0843,天然气,1644.040000
2026-07-14,BK0478,铜/有色,26543.830000
2026-07-14,BK0547,黄金,18246.090000
2026-07-14,BK0475,银行金融,4067.410000
2026-07-14,BK1216,生物医疗,4463.350000
2026-07-14,BK0438,消费,24344.170000
2026-07-14,BK0578,稀土永磁,3426.870000
2026-07-14,BK1106,创新药,1441.480000
2026-07-14,BK0710,量子计算,3286.490000
2026-07-14,BK0968,固态电池,2488.970000
2026-07-14,BK1646,消费电子,1073.480000
2026-07-14,BK1166,低空经济,1543.440000
2026-07-14,BK0668,医疗器械,4062.560000
2026-07-15,BK1134,AI 算力,1850.330000
2026-07-15,BK1128,CPO,9020.760000
2026-07-15,BK0917,半导体,3028.690000
2026-07-15,BK1137,存储,3293.720000
2026-07-15,BK0922,数据中心,1983.260000
2026-07-15,BK0579,云计算,3090.730000
2026-07-15,BK0963,商业航天,2388.420000
2026-07-15,BK0921,卫星,1917.810000
2026-07-15,BK1090,机器人,1969.710000
2026-07-15,BK0802,自动驾驶,2023.110000
2026-07-15,BK0577,核电,2627.760000
2026-07-15,BK1647,电网,772.590000
2026-07-15,BK0490,军工,75297.450000
2026-07-15,BK0493,新能源,16837.910000
2026-07-15,BK0588,光伏,3859.310000
2026-07-15,BK0574,锂电池,4088.980000
2026-07-15,BK0464,石油,6082.040000
2026-07-15,BK0843,天然气,1640.140000
2026-07-15,BK0478,铜/有色,26024.170000
2026-07-15,BK0547,黄金,18064.950000
2026-07-15,BK0475,银行金融,4127.030000
2026-07-15,BK1216,生物医疗,4607.420000
2026-07-15,BK0438,消费,25029.440000
2026-07-15,BK0578,稀土永磁,3364.730000
2026-07-15,BK1106,创新药,1501.950000
2026-07-15,BK0710,量子计算,3235.970000
2026-07-15,BK0968,固态电池,2457.270000
2026-07-15,BK1646,消费电子,1046.480000
2026-07-15,BK1166,低空经济,1541.960000
2026-07-15,BK0668,医疗器械,4121.470000
2026-07-16,BK1134,AI 算力,1836.490000
2026-07-16,BK1128,CPO,8694.130000
2026-07-16,BK0917,半导体,2898.760000
2026-07-16,BK1137,存储,3112.260000
2026-07-16,BK0922,数据中心,1966.570000
2026-07-16,BK0579,云计算,3098.670000
2026-07-16,BK0963,商业航天,2339.690000
2026-07-16,BK0921,卫星,1895.130000
2026-07-16,BK1090,机器人,1952.470000
2026-07-16,BK0802,自动驾驶,2014.670000
2026-07-16,BK0577,核电,2595.560000
2026-07-16,BK1647,电网,765.620000
2026-07-16,BK0490,军工,74458.700000
2026-07-16,BK0493,新能源,16677.530000
2026-07-16,BK0588,光伏,3801.020000
2026-07-16,BK0574,锂电池,4016.040000
2026-07-16,BK0464,石油,5982.200000
2026-07-16,BK0843,天然气,1615.900000
2026-07-16,BK0478,铜/有色,25530.430000
2026-07-16,BK0547,黄金,17997.340000
2026-07-16,BK0475,银行金融,4095.610000
2026-07-16,BK1216,生物医疗,4660.540000
2026-07-16,BK0438,消费,25239.850000
2026-07-16,BK0578,稀土永磁,3295.500000
2026-07-16,BK1106,创新药,1514.840000
2026-07-16,BK0710,量子计算,3181.460000
2026-07-16,BK0968,固态电池,2404.290000
2026-07-16,BK1646,消费电子,1026.790000
2026-07-16,BK1166,低空经济,1531.170000
2026-07-16,BK0668,医疗器械,4142.810000
2026-07-17,BK1134,AI 算力,1717.550000
2026-07-17,BK1128,CPO,7852.610000
2026-07-17,BK0917,半导体,2669.330000
2026-07-17,BK1137,存储,2832.340000
2026-07-17,BK0922,数据中心,1861.210000
2026-07-17,BK0579,云计算,2943.200000
2026-07-17,BK0963,商业航天,2194.470000
2026-07-17,BK0921,卫星,1777.840000
2026-07-17,BK1090,机器人,1842.310000
2026-07-17,BK0802,自动驾驶,1902.220000
2026-07-17,BK0577,核电,2515.780000
2026-07-17,BK1647,电网,736.810000
2026-07-17,BK0490,军工,70637.980000
2026-07-17,BK0493,新能源,16230.560000
2026-07-17,BK0588,光伏,3663.290000
2026-07-17,BK0574,锂电池,3816.670000
2026-07-17,BK0464,石油,5900.300000
2026-07-17,BK0843,天然气,1583.960000
2026-07-17,BK0478,铜/有色,24216.230000
2026-07-17,BK0547,黄金,17214.650000
2026-07-17,BK0475,银行金融,4111.940000
2026-07-17,BK1216,生物医疗,4365.240000
2026-07-17,BK0438,消费,24505.850000
2026-07-17,BK0578,稀土永磁,3157.080000
2026-07-17,BK1106,创新药,1405.430000
2026-07-17,BK0710,量子计算,2988.370000
2026-07-17,BK0968,固态电池,2280.620000
2026-07-17,BK1646,消费电子,953.410000
2026-07-17,BK1166,低空经济,1455.520000
2026-07-17,BK0668,医疗器械,3913.690000
2026-07-20,BK1134,AI 算力,1686.460000
2026-07-20,BK1128,CPO,7380.110000
2026-07-20,BK0917,半导体,2499.080000
2026-07-20,BK1137,存储,2641.050000
2026-07-20,BK0922,数据中心,1825.800000
2026-07-20,BK0579,云计算,2955.340000
2026-07-20,BK0963,商业航天,2107.430000
2026-07-20,BK0921,卫星,1700.600000
2026-07-20,BK1090,机器人,1775.490000
2026-07-20,BK0802,自动驾驶,1846.590000
2026-07-20,BK0577,核电,2480.180000
2026-07-20,BK1647,电网,723.840000
2026-07-20,BK0490,军工,68349.300000
2026-07-20,BK0493,新能源,16206.330000
2026-07-20,BK0588,光伏,3585.630000
2026-07-20,BK0574,锂电池,3647.490000
2026-07-20,BK0464,石油,6098.100000
2026-07-20,BK0843,天然气,1598.580000
2026-07-20,BK0478,铜/有色,23551.350000
2026-07-20,BK0547,黄金,17055.770000
2026-07-20,BK0475,银行金融,4195.180000
2026-07-20,BK1216,生物医疗,4345.090000
2026-07-20,BK0438,消费,24336.870000
2026-07-20,BK0578,稀土永磁,3050.130000
2026-07-20,BK1106,创新药,1413.330000
2026-07-20,BK0710,量子计算,2913.750000
2026-07-20,BK0968,固态电池,2173.760000
2026-07-20,BK1646,消费电子,906.040000
2026-07-20,BK1166,低空经济,1413.600000
2026-07-20,BK0668,医疗器械,3840.500000
2026-07-21,BK1134,AI 算力,1740.970000
2026-07-21,BK1128,CPO,8024.820000
2026-07-21,BK0917,半导体,2681.320000
2026-07-21,BK1137,存储,2881.830000
2026-07-21,BK0922,数据中心,1885.910000
2026-07-21,BK0579,云计算,3028.540000
2026-07-21,BK0963,商业航天,2183.290000
2026-07-21,BK0921,卫星,1761.490000
2026-07-21,BK1090,机器人,1824.760000
2026-07-21,BK0802,自动驾驶,1902.370000
2026-07-21,BK0577,核电,2522.030000
2026-07-21,BK1647,电网,735.660000
2026-07-21,BK0490,军工,69924.240000
2026-07-21,BK0493,新能源,16358.220000
2026-07-21,BK0588,光伏,3656.780000
2026-07-21,BK0574,锂电池,3764.010000
2026-07-21,BK0464,石油,5930.990000
2026-07-21,BK0843,天然气,1584.290000
2026-07-21,BK0478,铜/有色,24474.850000
2026-07-21,BK0547,黄金,17486.870000
2026-07-21,BK0475,银行金融,4116.510000
2026-07-21,BK1216,生物医疗,4296.720000
2026-07-21,BK0438,消费,23982.550000
2026-07-21,BK0578,稀土永磁,3179.310000
2026-07-21,BK1106,创新药,1400.190000
2026-07-21,BK0710,量子计算,3018.950000
2026-07-21,BK0968,固态电池,2263.570000
2026-07-21,BK1646,消费电子,954.460000
2026-07-21,BK1166,低空经济,1443.730000
2026-07-21,BK0668,医疗器械,3849.440000
2026-07-22,BK1134,AI 算力,1739.520000
2026-07-22,BK1128,CPO,7976.620000
2026-07-22,BK0917,半导体,2634.970000
2026-07-22,BK1137,存储,2835.380000
2026-07-22,BK0922,数据中心,1873.900000
2026-07-22,BK0579,云计算,3027.610000
2026-07-22,BK0963,商业航天,2144.400000
2026-07-22,BK0921,卫星,1737.870000
2026-07-22,BK1090,机器人,1792.660000
2026-07-22,BK0802,自动驾驶,1872.790000
2026-07-22,BK0577,核电,2495.550000
2026-07-22,BK1647,电网,727.470000
2026-07-22,BK0490,军工,68791.340000
2026-07-22,BK0493,新能源,16332.430000
2026-07-22,BK0588,光伏,3634.610000
2026-07-22,BK0574,锂电池,3697.640000
2026-07-22,BK0464,石油,6063.670000
2026-07-22,BK0843,天然气,1591.620000
2026-07-22,BK0478,铜/有色,24614.470000
2026-07-22,BK0547,黄金,17824.060000
2026-07-22,BK0475,银行金融,4145.720000
2026-07-22,BK1216,生物医疗,4287.000000
2026-07-22,BK0438,消费,23914.650000
2026-07-22,BK0578,稀土永磁,3173.870000
2026-07-22,BK1106,创新药,1403.690000
2026-07-22,BK0710,量子计算,2988.990000
2026-07-22,BK0968,固态电池,2214.810000
2026-07-22,BK1646,消费电子,940.870000
2026-07-22,BK1166,低空经济,1418.860000
2026-07-22,BK0668,医疗器械,3815.930000
2026-07-23,BK1134,AI 算力,1758.250000
2026-07-23,BK1128,CPO,7907.330000
2026-07-23,BK0917,半导体,2618.200000
2026-07-23,BK1137,存储,2777.090000
2026-07-23,BK0922,数据中心,1908.820000
2026-07-23,BK0579,云计算,3035.620000
2026-07-23,BK0963,商业航天,2181.870000
2026-07-23,BK0921,卫星,1752.630000
2026-07-23,BK1090,机器人,1823.650000
2026-07-23,BK0802,自动驾驶,1895.760000
2026-07-23,BK0577,核电,2573.140000
2026-07-23,BK1647,电网,759.890000
2026-07-23,BK0490,军工,70620.780000
2026-07-23,BK0493,新能源,16800.880000
2026-07-23,BK0588,光伏,3727.640000
2026-07-23,BK0574,锂电池,3812.750000
2026-07-23,BK0464,石油,6282.140000
2026-07-23,BK0843,天然气,1637.680000
2026-07-23,BK0478,铜/有色,25477.370000
2026-07-23,BK0547,黄金,18307.530000
2026-07-23,BK0475,银行金融,4169.710000
2026-07-23,BK1216,生物医疗,4313.550000
2026-07-23,BK0438,消费,24067.730000
2026-07-23,BK0578,稀土永磁,3258.320000
2026-07-23,BK1106,创新药,1401.670000
2026-07-23,BK0710,量子计算,3008.780000
2026-07-23,BK0968,固态电池,2277.840000
2026-07-23,BK1646,消费电子,942.290000
2026-07-23,BK1166,低空经济,1444.340000
2026-07-23,BK0668,医疗器械,3858.700000
2026-07-24,BK1134,AI 算力,1701.890000
2026-07-24,BK1128,CPO,7741.650000
2026-07-24,BK0917,半导体,2583.720000
2026-07-24,BK1137,存储,2761.690000
2026-07-24,BK0922,数据中心,1849.370000
2026-07-24,BK0579,云计算,2918.770000
2026-07-24,BK0963,商业航天,2121.800000
2026-07-24,BK0921,卫星,1694.700000
2026-07-24,BK1090,机器人,1774.200000
2026-07-24,BK0802,自动驾驶,1856.950000
2026-07-24,BK0577,核电,2494.360000
2026-07-24,BK1647,电网,736.320000
2026-07-24,BK0490,军工,68971.030000
2026-07-24,BK0493,新能源,16237.770000
2026-07-24,BK0588,光伏,3616.180000
2026-07-24,BK0574,锂电池,3712.020000
2026-07-24,BK0464,石油,6054.240000
2026-07-24,BK0843,天然气,1592.410000
2026-07-24,BK0478,铜/有色,24345.140000
2026-07-24,BK0547,黄金,17538.660000
2026-07-24,BK0475,银行金融,4159.690000
2026-07-24,BK1216,生物医疗,4162.820000
2026-07-24,BK0438,消费,23415.740000
2026-07-24,BK0578,稀土永磁,3166.450000
2026-07-24,BK1106,创新药,1342.660000
2026-07-24,BK0710,量子计算,2926.840000
2026-07-24,BK0968,固态电池,2211.470000
2026-07-24,BK1646,消费电子,926.000000
2026-07-24,BK1166,低空经济,1405.240000
2026-07-24,BK0668,医疗器械,3760.120000
2026-07-27,BK1134,AI 算力,1760.950000
2026-07-27,BK1128,CPO,8035.750000
2026-07-27,BK0917,半导体,2661.530000
2026-07-27,BK1137,存储,2840.510000
2026-07-27,BK0922,数据中心,1911.100000
2026-07-27,BK0579,云计算,3007.360000
2026-07-27,BK0963,商业航天,2196.520000
2026-07-27,BK0921,卫星,1750.880000
2026-07-27,BK1090,机器人,1832.510000
2026-07-27,BK0802,自动驾驶,1915.510000
2026-07-27,BK0577,核电,2571.990000
2026-07-27,BK1647,电网,762.910000
2026-07-27,BK0490,军工,71324.160000
2026-07-27,BK0493,新能源,16745.330000
2026-07-27,BK0588,光伏,3728.550000
2026-07-27,BK0574,锂电池,3854.720000
2026-07-27,BK0464,石油,6035.220000
2026-07-27,BK0843,天然气,1610.640000
2026-07-27,BK0478,铜/有色,25088.150000
2026-07-27,BK0547,黄金,18028.570000
2026-07-27,BK0475,银行金融,4173.230000
2026-07-27,BK1216,生物医疗,4311.010000
2026-07-27,BK0438,消费,23831.600000
2026-07-27,BK0578,稀土永磁,3248.300000
2026-07-27,BK1106,创新药,1388.660000
2026-07-27,BK0710,量子计算,3021.170000
2026-07-27,BK0968,固态电池,2301.780000
2026-07-27,BK1646,消费电子,959.720000
2026-07-27,BK1166,低空经济,1449.140000
2026-07-27,BK0668,医疗器械,3900.420000
2026-07-28,BK1134,AI 算力,1731.030000
2026-07-28,BK1128,CPO,7447.190000
2026-07-28,BK0917,半导体,2549.610000
2026-07-28,BK1137,存储,2676.080000
2026-07-28,BK0922,数据中心,1879.010000
2026-07-28,BK0579,云计算,3014.710000
2026-07-28,BK0963,商业航天,2147.790000
2026-07-28,BK0921,卫星,1717.730000
2026-07-28,BK1090,机器人,1810.920000
2026-07-28,BK0802,自动驾驶,1894.550000
2026-07-28,BK0577,核电,2539.220000
2026-07-28,BK1647,电网,752.390000
2026-07-28,BK0490,军工,70290.810000
2026-07-28,BK0493,新能源,16576.440000
2026-07-28,BK0588,光伏,3675.230000
2026-07-28,BK0574,锂电池,3794.210000
2026-07-28,BK0464,石油,6037.620000
2026-07-28,BK0843,天然气,1601.140000
2026-07-28,BK0478,铜/有色,24600.640000
2026-07-28,BK0547,黄金,17879.680000
2026-07-28,BK0475,银行金融,4216.450000
2026-07-28,BK1216,生物医疗,4277.730000
2026-07-28,BK0438,消费,24356.340000
2026-07-28,BK0578,稀土永磁,3187.520000
2026-07-28,BK1106,创新药,1369.090000
2026-07-28,BK0710,量子计算,2989.160000
2026-07-28,BK0968,固态电池,2252.610000
2026-07-28,BK1646,消费电子,930.220000
2026-07-28,BK1166,低空经济,1438.220000
2026-07-28,BK0668,医疗器械,3882.910000
2026-07-29,BK1134,AI 算力,1740.950000
2026-07-29,BK1128,CPO,7309.620000
2026-07-29,BK0917,半导体,2538.190000
2026-07-29,BK1137,存储,2636.480000
2026-07-29,BK0922,数据中心,1891.250000
2026-07-29,BK0579,云计算,3027.440000
2026-07-29,BK0963,商业航天,2163.840000
2026-07-29,BK0921,卫星,1730.140000
2026-07-29,BK1090,机器人,1829.710000
2026-07-29,BK0802,自动驾驶,1915.280000
2026-07-29,BK0577,核电,2582.340000
2026-07-29,BK1647,电网,766.710000
2026-07-29,BK0490,军工,71115.160000
2026-07-29,BK0493,新能源,16840.160000
2026-07-29,BK0588,光伏,3719.980000
2026-07-29,BK0574,锂电池,3854.300000
2026-07-29,BK0464,石油,6150.850000
2026-07-29,BK0843,天然气,1622.800000
2026-07-29,BK0478,铜/有色,25110.470000
2026-07-29,BK0547,黄金,18191.100000
2026-07-29,BK0475,银行金融,4245.880000
2026-07-29,BK1216,生物医疗,4304.980000
2026-07-29,BK0438,消费,25268.620000
2026-07-29,BK0578,稀土永磁,3227.450000
2026-07-29,BK1106,创新药,1372.050000
2026-07-29,BK0710,量子计算,2996.570000
2026-07-29,BK0968,固态电池,2289.540000
2026-07-29,BK1646,消费电子,937.720000
2026-07-29,BK1166,低空经济,1455.960000
2026-07-29,BK0668,医疗器械,3911.160000
2026-07-30,BK1134,AI 算力,1679.850000
2026-07-30,BK1128,CPO,6698.520000
2026-07-30,BK0917,半导体,2394.620000
2026-07-30,BK1137,存储,2472.190000
2026-07-30,BK0922,数据中心,1831.640000
2026-07-30,BK0579,云计算,2974.850000
2026-07-30,BK0963,商业航天,2091.500000
2026-07-30,BK0921,卫星,1660.690000
2026-07-30,BK1090,机器人,1779.760000
2026-07-30,BK0802,自动驾驶,1860.440000
2026-07-30,BK0577,核电,2530.110000
2026-07-30,BK1647,电网,747.040000
2026-07-30,BK0490,军工,69502.640000
2026-07-30,BK0493,新能源,16571.250000
2026-07-30,BK0588,光伏,3635.430000
2026-07-30,BK0574,锂电池,3768.480000
2026-07-30,BK0464,石油,6188.600000
2026-07-30,BK0843,天然气,1607.160000
2026-07-30,BK0478,铜/有色,24604.920000
2026-07-30,BK0547,黄金,18127.540000
2026-07-30,BK0475,银行金融,4348.880000
2026-07-30,BK1216,生物医疗,4233.090000
2026-07-30,BK0438,消费,25506.380000
2026-07-30,BK0578,稀土永磁,3151.530000
2026-07-30,BK1106,创新药,1339.560000
2026-07-30,BK0710,量子计算,2910.960000
2026-07-30,BK0968,固态电池,2233.260000
2026-07-30,BK1646,消费电子,894.230000
2026-07-30,BK1166,低空经济,1424.220000
2026-07-30,BK0668,医疗器械,3837.530000
2026-07-31,BK1134,AI 算力,1764.600000
2026-07-31,BK1128,CPO,7058.270000
2026-07-31,BK0917,半导体,2485.270000
2026-07-31,BK1137,存储,2556.240000
2026-07-31,BK0922,数据中心,1904.540000
2026-07-31,BK0579,云计算,3152.470000
2026-07-31,BK0963,商业航天,2161.000000
2026-07-31,BK0921,卫星,1724.520000
2026-07-31,BK1090,机器人,1846.150000
2026-07-31,BK0802,自动驾驶,1925.840000
2026-07-31,BK0577,核电,2579.110000
2026-07-31,BK1647,电网,767.290000
2026-07-31,BK0490,军工,71504.530000
2026-07-31,BK0493,新能源,16876.860000
2026-07-31,BK0588,光伏,3713.330000
2026-07-31,BK0574,锂电池,3851.320000
2026-07-31,BK0464,石油,6240.070000
2026-07-31,BK0843,天然气,1629.250000
2026-07-31,BK0478,铜/有色,25175.190000
2026-07-31,BK0547,黄金,18574.500000
2026-07-31,BK0475,银行金融,4315.310000
2026-07-31,BK1216,生物医疗,4321.130000
2026-07-31,BK0438,消费,25869.460000
2026-07-31,BK0578,稀土永磁,3207.180000
2026-07-31,BK1106,创新药,1364.640000
2026-07-31,BK0710,量子计算,3009.100000
2026-07-31,BK0968,固态电池,2280.750000
2026-07-31,BK1646,消费电子,925.360000
2026-07-31,BK1166,低空经济,1466.280000
2026-07-31,BK0668,医疗器械,3936.320000
2026-08-03,BK1134,AI 算力,1784.460000
2026-08-03,BK1128,CPO,7017.020000
2026-08-03,BK0917,半导体,2450.830000
2026-08-03,BK1137,存储,2466.260000
2026-08-03,BK0922,数据中心,1928.430000
2026-08-03,BK0579,云计算,3182.980000
2026-08-03,BK0963,商业航天,2206.620000
2026-08-03,BK0921,卫星,1766.690000
2026-08-03,BK1090,机器人,1873.570000
2026-08-03,BK0802,自动驾驶,1941.760000
2026-08-03,BK0577,核电,2664.800000
2026-08-03,BK1647,电网,787.390000
2026-08-03,BK0490,军工,73052.590000
2026-08-03,BK0493,新能源,17301.100000
2026-08-03,BK0588,光伏,3780.910000
2026-08-03,BK0574,锂电池,3881.040000
2026-08-03,BK0464,石油,6311.970000
2026-08-03,BK0843,天然气,1652.420000
2026-08-03,BK0478,铜/有色,25433.230000
2026-08-03,BK0547,黄金,18662.770000
2026-08-03,BK0475,银行金融,4349.540000
2026-08-03,BK1216,生物医疗,4347.720000
2026-08-03,BK0438,消费,25991.460000
2026-08-03,BK0578,稀土永磁,3250.140000
2026-08-03,BK1106,创新药,1364.610000
2026-08-03,BK0710,量子计算,3058.020000
2026-08-03,BK0968,固态电池,2286.450000
2026-08-03,BK1646,消费电子,920.370000
2026-08-03,BK1166,低空经济,1493.270000
2026-08-03,BK0668,医疗器械,3968.520000
2026-08-04,BK1134,AI 算力,1868.050000
2026-08-04,BK1128,CPO,7597.170000
2026-08-04,BK0917,半导体,2573.360000
2026-08-04,BK1137,存储,2608.740000
2026-08-04,BK0922,数据中心,1993.670000
2026-08-04,BK0579,云计算,3298.630000
2026-08-04,BK0963,商业航天,2272.330000
2026-08-04,BK0921,卫星,1831.950000
2026-08-04,BK1090,机器人,1917.740000
2026-08-04,BK0802,自动驾驶,1990.630000
2026-08-04,BK0577,核电,2705.440000
2026-08-04,BK1647,电网,804.960000
2026-08-04,BK0490,军工,74760.080000
2026-08-04,BK0493,新能源,17491.140000
2026-08-04,BK0588,光伏,3849.060000
2026-08-04,BK0574,锂电池,3968.210000
2026-08-04,BK0464,石油,6325.580000
2026-08-04,BK0843,天然气,1663.290000
2026-08-04,BK0478,铜/有色,26030.760000
2026-08-04,BK0547,黄金,18800.700000
2026-08-04,BK0475,银行金融,4232.370000
2026-08-04,BK1216,生物医疗,4436.370000
2026-08-04,BK0438,消费,25827.180000
2026-08-04,BK0578,稀土永磁,3316.270000
2026-08-04,BK1106,创新药,1397.040000
2026-08-04,BK0710,量子计算,3152.470000
2026-08-04,BK0968,固态电池,2340.480000
2026-08-04,BK1646,消费电子,955.880000
2026-08-04,BK1166,低空经济,1522.110000
2026-08-04,BK0668,医疗器械,4046.720000
2026-08-05,BK1134,AI 算力,1912.170000
2026-08-05,BK1128,CPO,7925.770000
2026-08-05,BK0917,半导体,2700.410000
2026-08-05,BK1137,存储,2773.560000
2026-08-05,BK0922,数据中心,2033.370000
2026-08-05,BK0579,云计算,3369.130000
2026-08-05,BK0963,商业航天,2331.510000
2026-08-05,BK0921,卫星,1880.260000
2026-08-05,BK1090,机器人,1962.630000
2026-08-05,BK0802,自动驾驶,2044.840000
2026-08-05,BK0577,核电,2745.360000
2026-08-05,BK1647,电网,818.020000
2026-08-05,BK0490,军工,76254.560000
2026-08-05,BK0493,新能源,17661.160000
2026-08-05,BK0588,光伏,3911.920000
2026-08-05,BK0574,锂电池,4079.250000
2026-08-05,BK0464,石油,6325.800000
2026-08-05,BK0843,天然气,1674.270000
2026-08-05,BK0478,铜/有色,27156.010000
2026-08-05,BK0547,黄金,19574.940000
2026-08-05,BK0475,银行金融,4183.920000
2026-08-05,BK1216,生物医疗,4458.610000
2026-08-05,BK0438,消费,25853.140000
2026-08-05,BK0578,稀土永磁,3440.540000
2026-08-05,BK1106,创新药,1408.950000
2026-08-05,BK0710,量子计算,3216.850000
2026-08-05,BK0968,固态电池,2418.970000
2026-08-05,BK1646,消费电子,994.220000
2026-08-05,BK1166,低空经济,1551.590000
2026-08-05,BK0668,医疗器械,4101.350000
2026-08-06,BK1134,AI 算力,1914.270000
2026-08-06,BK1128,CPO,8179.380000
2026-08-06,BK0917,半导体,2752.350000
2026-08-06,BK1137,存储,2836.090000
2026-08-06,BK0922,数据中心,2034.010000
2026-08-06,BK0579,云计算,3375.220000
2026-08-06,BK0963,商业航天,2357.980000
2026-08-06,BK0921,卫星,1913.940000
2026-08-06,BK1090,机器人,1970.350000
2026-08-06,BK0802,自动驾驶,2055.290000
2026-08-06,BK0577,核电,2733.550000
2026-08-06,BK1647,电网,814.400000
2026-08-06,BK0490,军工,76718.380000
2026-08-06,BK0493,新能源,17569.330000
2026-08-06,BK0588,光伏,3919.060000
2026-08-06,BK0574,锂电池,4099.430000
2026-08-06,BK0464,石油,6397.580000
2026-08-06,BK0843,天然气,1686.820000
2026-08-06,BK0478,铜/有色,27405.700000
2026-08-06,BK0547,黄金,19691.550000
2026-08-06,BK0475,银行金融,4184.920000
2026-08-06,BK1216,生物医疗,4456.400000
2026-08-06,BK0438,消费,25761.050000
2026-08-06,BK0578,稀土永磁,3482.490000
2026-08-06,BK1106,创新药,1406.400000
2026-08-06,BK0710,量子计算,3268.560000
2026-08-06,BK0968,固态电池,2430.000000
2026-08-06,BK1646,消费电子,1004.280000
2026-08-06,BK1166,低空经济,1559.510000
2026-08-06,BK0668,医疗器械,4112.920000
2026-08-07,BK1134,AI 算力,1918.410000
2026-08-07,BK1128,CPO,8514.750000
2026-08-07,BK0917,半导体,2828.920000
2026-08-07,BK1137,存储,2937.800000
2026-08-07,BK0922,数据中心,2042.340000
2026-08-07,BK0579,云计算,3341.480000
2026-08-07,BK0963,商业航天,2398.660000
2026-08-07,BK0921,卫星,1945.380000
2026-08-07,BK1090,机器人,1988.150000
2026-08-07,BK0802,自动驾驶,2067.250000
2026-08-07,BK0577,核电,2743.670000
2026-08-07,BK1647,电网,814.920000
2026-08-07,BK0490,军工,77287.320000
2026-08-07,BK0493,新能源,17670.320000
2026-08-07,BK0588,光伏,3949.220000
2026-08-07,BK0574,锂电池,4157.450000
2026-08-07,BK0464,石油,6389.630000
2026-08-07,BK0843,天然气,1688.740000
2026-08-07,BK0478,铜/有色,28144.090000
2026-08-07,BK0547,黄金,20086.050000
2026-08-07,BK0475,银行金融,4145.180000
2026-08-07,BK1216,生物医疗,4643.450000
2026-08-07,BK0438,消费,25745.870000
2026-08-07,BK0578,稀土永磁,3565.400000
2026-08-07,BK1106,创新药,1482.820000
2026-08-07,BK0710,量子计算,3298.320000
2026-08-07,BK0968,固态电池,2471.810000
2026-08-07,BK1646,消费电子,1024.970000
2026-08-07,BK1166,低空经济,1566.520000
2026-08-07,BK0668,医疗器械,4218.570000
2026-08-10,BK1134,AI 算力,1917.390000
2026-08-10,BK1128,CPO,8391.920000
2026-08-10,BK0917,半导体,2836.630000
2026-08-10,BK1137,存储,2947.570000
2026-08-10,BK0922,数据中心,2050.260000
2026-08-10,BK0579,云计算,3348.370000
2026-08-10,BK0963,商业航天,2413.510000
2026-08-10,BK0921,卫星,1939.380000
2026-08-10,BK1090,机器人,2001.320000
2026-08-10,BK0802,自动驾驶,2073.790000
2026-08-10,BK0577,核电,2773.370000
2026-08-10,BK1647,电网,827.520000
2026-08-10,BK0490,军工,78474.920000
2026-08-10,BK0493,新能源,17923.580000
2026-08-10,BK0588,光伏,3998.910000
2026-08-10,BK0574,锂电池,4213.470000
2026-08-10,BK0464,石油,6498.860000
2026-08-10,BK0843,天然气,1714.550000
2026-08-10,BK0478,铜/有色,28768.670000
2026-08-10,BK0547,黄金,20668.230000
2026-08-10,BK0475,银行金融,4168.710000
2026-08-10,BK1216,生物医疗,4711.360000
2026-08-10,BK0438,消费,26514.180000
2026-08-10,BK0578,稀土永磁,3613.080000
2026-08-10,BK1106,创新药,1498.650000
2026-08-10,BK0710,量子计算,3300.770000
2026-08-10,BK0968,固态电池,2495.120000
2026-08-10,BK1646,消费电子,1025.620000
2026-08-10,BK1166,低空经济,1582.760000
2026-08-10,BK0668,医疗器械,4270.030000
2026-08-11,BK1134,AI 算力,1919.120000
2026-08-11,BK1128,CPO,8330.530000
2026-08-11,BK0917,半导体,2821.740000
2026-08-11,BK1137,存储,2919.670000
2026-08-11,BK0922,数据中心,2050.490000
2026-08-11,BK0579,云计算,3348.380000
2026-08-11,BK0963,商业航天,2379.700000
2026-08-11,BK0921,卫星,1917.400000
2026-08-11,BK1090,机器人,2000.580000
2026-08-11,BK0802,自动驾驶,2066.250000
2026-08-11,BK0577,核电,2748.210000
2026-08-11,BK1647,电网,820.050000
2026-08-11,BK0490,军工,77546.560000
2026-08-11,BK0493,新能源,17858.830000
2026-08-11,BK0588,光伏,3988.250000
2026-08-11,BK0574,锂电池,4181.660000
2026-08-11,BK0464,石油,6518.560000
2026-08-11,BK0843,天然气,1710.100000
2026-08-11,BK0478,铜/有色,27897.980000
2026-08-11,BK0547,黄金,20182.690000
2026-08-11,BK0475,银行金融,4158.730000
2026-08-11,BK1216,生物医疗,4728.350000
2026-08-11,BK0438,消费,26340.660000
2026-08-11,BK0578,稀土永磁,3535.920000
2026-08-11,BK1106,创新药,1513.910000
2026-08-11,BK0710,量子计算,3286.140000
2026-08-11,BK0968,固态电池,2476.000000
2026-08-11,BK1646,消费电子,1024.390000
2026-08-11,BK1166,低空经济,1570.020000
2026-08-11,BK0668,医疗器械,4262.310000
2026-08-12,BK1134,AI 算力,1946.810000
2026-08-12,BK1128,CPO,8629.270000
2026-08-12,BK0917,半导体,2878.080000
2026-08-12,BK1137,存储,2987.660000
2026-08-12,BK0922,数据中心,2080.110000
2026-08-12,BK0579,云计算,3376.120000
2026-08-12,BK0963,商业航天,2418.120000
2026-08-12,BK0921,卫星,1947.440000
2026-08-12,BK1090,机器人,2025.100000
2026-08-12,BK0802,自动驾驶,2097.190000
2026-08-12,BK0577,核电,2778.500000
2026-08-12,BK1647,电网,830.000000
2026-08-12,BK0490,军工,78575.490000
2026-08-12,BK0493,新能源,18005.250000
2026-08-12,BK0588,光伏,4041.900000
2026-08-12,BK0574,锂电池,4228.450000
2026-08-12,BK0464,石油,6488.410000
2026-08-12,BK0843,天然气,1714.790000
2026-08-12,BK0478,铜/有色,28209.900000
2026-08-12,BK0547,黄金,20376.110000
2026-08-12,BK0475,银行金融,4154.860000
2026-08-12,BK1216,生物医疗,4753.490000
2026-08-12,BK0438,消费,26777.060000
2026-08-12,BK0578,稀土永磁,3551.820000
2026-08-12,BK1106,创新药,1518.250000
2026-08-12,BK0710,量子计算,3335.090000
2026-08-12,BK0968,固态电池,2508.800000
2026-08-12,BK1646,消费电子,1039.790000
2026-08-12,BK1166,低空经济,1590.290000
2026-08-12,BK0668,医疗器械,4303.170000
2026-08-13,BK1134,AI 算力,1938.300000
2026-08-13,BK1128,CPO,8627.950000
2026-08-13,BK0917,半导体,2823.910000
2026-08-13,BK1137,存储,2929.620000
2026-08-13,BK0922,数据中心,2067.980000
2026-08-13,BK0579,云计算,3341.580000
2026-08-13,BK0963,商业航天,2385.280000
2026-08-13,BK0921,卫星,1922.360000
2026-08-13,BK1090,机器人,1996.580000
2026-08-13,BK0802,自动驾驶,2070.890000
2026-08-13,BK0577,核电,2747.210000
2026-08-13,BK1647,电网,821.420000
2026-08-13,BK0490,军工,77404.520000
2026-08-13,BK0493,新能源,17882.260000
2026-08-13,BK0588,光伏,3989.400000
2026-08-13,BK0574,锂电池,4161.080000
2026-08-13,BK0464,石油,6382.660000
2026-08-13,BK0843,天然气,1696.940000
2026-08-13,BK0478,铜/有色,27415.120000
2026-08-13,BK0547,黄金,19735.300000
2026-08-13,BK0475,银行金融,4166.850000
2026-08-13,BK1216,生物医疗,4825.060000
2026-08-13,BK0438,消费,26729.810000
2026-08-13,BK0578,稀土永磁,3474.910000
2026-08-13,BK1106,创新药,1546.670000
2026-08-13,BK0710,量子计算,3283.200000
2026-08-13,BK0968,固态电池,2469.100000
2026-08-13,BK1646,消费电子,1026.340000
2026-08-13,BK1166,低空经济,1568.480000
2026-08-13,BK0668,医疗器械,4304.610000
2026-08-14,BK1134,AI 算力,1958.940000
2026-08-14,BK1128,CPO,8902.260000
2026-08-14,BK0917,半导体,2873.740000
2026-08-14,BK1137,存储,2992.430000
2026-08-14,BK0922,数据中心,2078.530000
2026-08-14,BK0579,云计算,3374.470000
2026-08-14,BK0963,商业航天,2406.670000
2026-08-14,BK0921,卫星,1942.690000
2026-08-14,BK1090,机器人,2003.400000
2026-08-14,BK0802,自动驾驶,2079.260000
2026-08-14,BK0577,核电,2743.300000
2026-08-14,BK1647,电网,820.700000
2026-08-14,BK0490,军工,77875.140000
2026-08-14,BK0493,新能源,17753.450000
2026-08-14,BK0588,光伏,3985.530000
2026-08-14,BK0574,锂电池,4197.800000
2026-08-14,BK0464,石油,6371.290000
2026-08-14,BK0843,天然气,1691.680000
2026-08-14,BK0478,铜/有色,27801.910000
2026-08-14,BK0547,黄金,19698.830000
2026-08-14,BK0475,银行金融,4144.460000
2026-08-14,BK1216,生物医疗,4814.940000
2026-08-14,BK0438,消费,26441.310000
2026-08-14,BK0578,稀土永磁,3554.800000
2026-08-14,BK1106,创新药,1538.390000
2026-08-14,BK0710,量子计算,3316.580000
2026-08-14,BK0968,固态电池,2495.340000
2026-08-14,BK1646,消费电子,1037.790000
2026-08-14,BK1166,低空经济,1575.810000
2026-08-14,BK0668,医疗器械,4308.760000
2026-08-17,BK1134,AI 算力,1987.490000
2026-08-17,BK1128,CPO,9303.170000
2026-08-17,BK0917,半导体,2989.870000
2026-08-17,BK1137,存储,3136.400000
2026-08-17,BK0922,数据中心,2118.920000
2026-08-17,BK0579,云计算,3392.840000
2026-08-17,BK0963,商业航天,2474.840000
2026-08-17,BK0921,卫星,1989.350000
2026-08-17,BK1090,机器人,2046.930000
2026-08-17,BK0802,自动驾驶,2124.820000
2026-08-17,BK0577,核电,2795.730000
2026-08-17,BK1647,电网,836.500000
2026-08-17,BK0490,军工,79609.500000
2026-08-17,BK0493,新能源,18000.570000
2026-08-17,BK0588,光伏,4065.350000
2026-08-17,BK0574,锂电池,4293.710000
2026-08-17,BK0464,石油,6475.100000
2026-08-17,BK0843,天然气,1720.050000
2026-08-17,BK0478,铜/有色,28566.180000
2026-08-17,BK0547,黄金,20260.640000
2026-08-17,BK0475,银行金融,4148.000000
2026-08-17,BK1216,生物医疗,4833.090000
2026-08-17,BK0438,消费,26681.200000
2026-08-17,BK0578,稀土永磁,3633.940000
2026-08-17,BK1106,创新药,1543.970000
2026-08-17,BK0710,量子计算,3383.170000
2026-08-17,BK0968,固态电池,2559.360000
2026-08-17,BK1646,消费电子,1069.600000
2026-08-17,BK1166,低空经济,1605.310000
2026-08-17,BK0668,医疗器械,4347.860000
2026-08-18,BK1134,AI 算力,1960.150000
2026-08-18,BK1128,CPO,9304.060000
2026-08-18,BK0917,半导体,2993.250000
2026-08-18,BK1137,存储,3145.590000
2026-08-18,BK0922,数据中心,2101.740000
2026-08-18,BK0579,云计算,3351.340000
2026-08-18,BK0963,商业航天,2474.110000
2026-08-18,BK0921,卫星,1977.920000
2026-08-18,BK1090,机器人,2050.340000
2026-08-18,BK0802,自动驾驶,2123.090000
2026-08-18,BK0577,核电,2782.270000
2026-08-18,BK1647,电网,829.300000
2026-08-18,BK0490,军工,79064.160000
2026-08-18,BK0493,新能源,17841.350000
2026-08-18,BK0588,光伏,4050.390000
2026-08-18,BK0574,锂电池,4271.420000
2026-08-18,BK0464,石油,6558.820000
2026-08-18,BK0843,天然气,1731.150000
2026-08-18,BK0478,铜/有色,28415.900000
2026-08-18,BK0547,黄金,20167.240000
2026-08-18,BK0475,银行金融,4157.960000
2026-08-18,BK1216,生物医疗,4792.150000
2026-08-18,BK0438,消费,26936.280000
2026-08-18,BK0578,稀土永磁,3626.480000
2026-08-18,BK1106,创新药,1525.630000
2026-08-18,BK0710,量子计算,3369.080000
2026-08-18,BK0968,固态电池,2544.470000
2026-08-18,BK1646,消费电子,1065.970000
2026-08-18,BK1166,低空经济,1598.930000
2026-08-18,BK0668,医疗器械,4329.950000
2026-08-19,BK1134,AI 算力,1850.620000
2026-08-19,BK1128,CPO,8483.820000
2026-08-19,BK0917,半导体,2788.110000
2026-08-19,BK1137,存储,2905.710000
2026-08-19,BK0922,数据中心,1990.040000
2026-08-19,BK0579,云计算,3184.140000
2026-08-19,BK0963,商业航天,2319.110000
2026-08-19,BK0921,卫星,1841.080000
2026-08-19,BK1090,机器人,1930.520000
2026-08-19,BK0802,自动驾驶,2006.060000
2026-08-19,BK0577,核电,2665.120000
2026-08-19,BK1647,电网,791.200000
2026-08-19,BK0490,军工,74532.410000
2026-08-19,BK0493,新能源,17137.560000
2026-08-19,BK0588,光伏,3872.060000
2026-08-19,BK0574,锂电池,4072.470000
2026-08-19,BK0464,石油,6470.910000
2026-08-19,BK0843,天然气,1685.160000
2026-08-19,BK0478,铜/有色,27254.670000
2026-08-19,BK0547,黄金,19540.230000
2026-08-19,BK0475,银行金融,4218.700000
2026-08-19,BK1216,生物医疗,4656.070000
2026-08-19,BK0438,消费,26176.410000
2026-08-19,BK0578,稀土永磁,3469.910000
2026-08-19,BK1106,创新药,1479.950000
2026-08-19,BK0710,量子计算,3158.240000
2026-08-19,BK0968,固态电池,2421.950000
2026-08-19,BK1646,消费电子,995.840000
2026-08-19,BK1166,低空经济,1514.490000
2026-08-19,BK0668,医疗器械,4158.040000
2026-08-20,BK1134,AI 算力,1865.380000
2026-08-20,BK1128,CPO,8671.480000
2026-08-20,BK0917,半导体,2803.620000
2026-08-20,BK1137,存储,2909.410000
2026-08-20,BK0922,数据中心,2008.200000
2026-08-20,BK0579,云计算,3199.910000
2026-08-20,BK0963,商业航天,2318.070000
2026-08-20,BK0921,卫星,1838.640000
2026-08-20,BK1090,机器人,1949.740000
2026-08-20,BK0802,自动驾驶,2031.920000
2026-08-20,BK0577,核电,2675.340000
2026-08-20,BK1647,电网,798.650000
2026-08-20,BK0490,军工,74853.410000
2026-08-20,BK0493,新能源,17274.850000
2026-08-20,BK0588,光伏,3901.030000
2026-08-20,BK0574,锂电池,4096.970000
2026-08-20,BK0464,石油,6503.400000
2026-08-20,BK0843,天然气,1689.400000
2026-08-20,BK0478,铜/有色,27380.810000
2026-08-20,BK0547,黄金,19965.200000
2026-08-20,BK0475,银行金融,4252.660000
2026-08-20,BK1216,生物医疗,4862.100000
2026-08-20,BK0438,消费,26378.210000
2026-08-20,BK0578,稀土永磁,3467.480000
2026-08-20,BK1106,创新药,1551.700000
2026-08-20,BK0710,量子计算,3199.690000
2026-08-20,BK0968,固态电池,2436.540000
2026-08-20,BK1646,消费电子,1008.950000
2026-08-20,BK1166,低空经济,1528.930000
2026-08-20,BK0668,医疗器械,4289.310000
2026-08-21,BK1134,AI 算力,1874.560000
2026-08-21,BK1128,CPO,8796.570000
2026-08-21,BK0917,半导体,2823.750000
2026-08-21,BK1137,存储,2925.190000
2026-08-21,BK0922,数据中心,2021.990000
2026-08-21,BK0579,云计算,3196.340000
2026-08-21,BK0963,商业航天,2330.970000
2026-08-21,BK0921,卫星,1852.660000
2026-08-21,BK1090,机器人,1958.930000
2026-08-21,BK0802,自动驾驶,2036.510000
2026-08-21,BK0577,核电,2693.650000
2026-08-21,BK1647,电网,801.250000
2026-08-21,BK0490,军工,75355.100000
2026-08-21,BK0493,新能源,17291.120000
2026-08-21,BK0588,光伏,3929.470000
2026-08-21,BK0574,锂电池,4141.360000
2026-08-21,BK0464,石油,6600.450000
2026-08-21,BK0843,天然气,1699.140000
2026-08-21,BK0478,铜/有色,28090.610000
2026-08-21,BK0547,黄金,20491.210000
2026-08-21,BK0475,银行金融,4234.920000
2026-08-21,BK1216,生物医疗,4709.320000
2026-08-21,BK0438,消费,25990.790000
2026-08-21,BK0578,稀土永磁,3500.150000
2026-08-21,BK1106,创新药,1490.280000
2026-08-21,BK0710,量子计算,3223.300000
2026-08-21,BK0968,固态电池,2467.250000
2026-08-21,BK1646,消费电子,1017.990000
2026-08-21,BK1166,低空经济,1537.560000
2026-08-21,BK0668,医疗器械,4232.720000
2026-08-24,BK1134,AI 算力,1834.900000
2026-08-24,BK1128,CPO,8540.070000
2026-08-24,BK0917,半导体,2770.810000
2026-08-24,BK1137,存储,2879.070000
2026-08-24,BK0922,数据中心,1992.060000
2026-08-24,BK0579,云计算,3133.050000
2026-08-24,BK0963,商业航天,2280.470000
2026-08-24,BK0921,卫星,1808.130000
2026-08-24,BK1090,机器人,1929.840000
2026-08-24,BK0802,自动驾驶,2011.880000
2026-08-24,BK0577,核电,2666.780000
2026-08-24,BK1647,电网,795.450000
2026-08-24,BK0490,军工,74157.830000
2026-08-24,BK0493,新能源,17208.740000
2026-08-24,BK0588,光伏,3899.270000
2026-08-24,BK0574,锂电池,4115.660000
2026-08-24,BK0464,石油,6572.540000
2026-08-24,BK0843,天然气,1688.270000
2026-08-24,BK0478,铜/有色,28162.430000
2026-08-24,BK0547,黄金,20734.490000
2026-08-24,BK0475,银行金融,4293.260000
2026-08-24,BK1216,生物医疗,4580.500000
2026-08-24,BK0438,消费,25828.480000
2026-08-24,BK0578,稀土永磁,3484.440000
2026-08-24,BK1106,创新药,1440.270000
2026-08-24,BK0710,量子计算,3175.800000
2026-08-24,BK0968,固态电池,2458.540000
2026-08-24,BK1646,消费电子,997.560000
2026-08-24,BK1166,低空经济,1519.210000
2026-08-24,BK0668,医疗器械,4144.180000
2026-08-25,BK1134,AI 算力,1856.340000
2026-08-25,BK1128,CPO,8601.190000
2026-08-25,BK0917,半导体,2779.450000
2026-08-25,BK1137,存储,2867.420000
2026-08-25,BK0922,数据中心,2021.990000
2026-08-25,BK0579,云计算,3181.390000
2026-08-25,BK0963,商业航天,2309.570000
2026-08-25,BK0921,卫星,1831.090000
2026-08-25,BK1090,机器人,1963.670000
2026-08-25,BK0802,自动驾驶,2041.930000
2026-08-25,BK0577,核电,2701.770000
2026-08-25,BK1647,电网,806.120000
2026-08-25,BK0490,军工,75351.510000
2026-08-25,BK0493,新能源,17398.780000
2026-08-25,BK0588,光伏,3933.480000
2026-08-25,BK0574,锂电池,4124.770000
2026-08-25,BK0464,石油,6607.950000
2026-08-25,BK0843,天然气,1712.240000
2026-08-25,BK0478,铜/有色,27843.990000
2026-08-25,BK0547,黄金,20403.740000
2026-08-25,BK0475,银行金融,4261.030000
2026-08-25,BK1216,生物医疗,4688.960000
2026-08-25,BK0438,消费,26231.750000
2026-08-25,BK0578,稀土永磁,3487.420000
2026-08-25,BK1106,创新药,1471.850000
2026-08-25,BK0710,量子计算,3229.210000
2026-08-25,BK0968,固态电池,2453.680000
2026-08-25,BK1646,消费电子,1009.670000
2026-08-25,BK1166,低空经济,1545.500000
2026-08-25,BK0668,医疗器械,4230.110000
2026-08-26,BK1134,AI 算力,1856.640000
2026-08-26,BK1128,CPO,8588.810000
2026-08-26,BK0917,半导体,2777.700000
2026-08-26,BK1137,存储,2863.000000
2026-08-26,BK0922,数据中心,2025.910000
2026-08-26,BK0579,云计算,3179.820000
2026-08-26,BK0963,商业航天,2306.870000
2026-08-26,BK0921,卫星,1831.560000
2026-08-26,BK1090,机器人,1960.050000
2026-08-26,BK0802,自动驾驶,2045.470000
2026-08-26,BK0577,核电,2721.030000
2026-08-26,BK1647,电网,809.810000
2026-08-26,BK0490,军工,75384.850000
2026-08-26,BK0493,新能源,17529.170000
2026-08-26,BK0588,光伏,3947.360000
2026-08-26,BK0574,锂电池,4144.400000
2026-08-26,BK0464,石油,6616.610000
2026-08-26,BK0843,天然气,1715.580000
2026-08-26,BK0478,铜/有色,28170.230000
2026-08-26,BK0547,黄金,20739.250000
2026-08-26,BK0475,银行金融,4304.420000
2026-08-26,BK1216,生物医疗,4697.850000
2026-08-26,BK0438,消费,26221.180000
2026-08-26,BK0578,稀土永磁,3472.610000
2026-08-26,BK1106,创新药,1474.080000
2026-08-26,BK0710,量子计算,3244.660000
2026-08-26,BK0968,固态电池,2467.920000
2026-08-26,BK1646,消费电子,1008.290000
2026-08-26,BK1166,低空经济,1547.920000
2026-08-26,BK0668,医疗器械,4235.100000
2026-08-27,BK1134,AI 算力,1892.000000
2026-08-27,BK1128,CPO,9013.960000
2026-08-27,BK0917,半导体,2882.420000
2026-08-27,BK1137,存储,3001.630000
2026-08-27,BK0922,数据中心,2057.420000
2026-08-27,BK0579,云计算,3229.780000
2026-08-27,BK0963,商业航天,2358.280000
2026-08-27,BK0921,卫星,1881.390000
2026-08-27,BK1090,机器人,1988.050000
2026-08-27,BK0802,自动驾驶,2079.660000
2026-08-27,BK0577,核电,2745.400000
2026-08-27,BK1647,电网,813.550000
2026-08-27,BK0490,军工,76753.380000
2026-08-27,BK0493,新能源,17603.760000
2026-08-27,BK0588,光伏,3980.910000
2026-08-27,BK0574,锂电池,4201.580000
2026-08-27,BK0464,石油,6700.170000
2026-08-27,BK0843,天然气,1721.500000
2026-08-27,BK0478,铜/有色,28634.470000
2026-08-27,BK0547,黄金,20971.560000
2026-08-27,BK0475,银行金融,4259.330000
2026-08-27,BK1216,生物医疗,4734.940000
2026-08-27,BK0438,消费,26247.260000
2026-08-27,BK0578,稀土永磁,3547.100000
2026-08-27,BK1106,创新药,1491.960000
2026-08-27,BK0710,量子计算,3317.280000
2026-08-27,BK0968,固态电池,2503.450000
2026-08-27,BK1646,消费电子,1036.360000
2026-08-27,BK1166,低空经济,1564.550000
2026-08-27,BK0668,医疗器械,4271.940000
2026-08-28,BK1134,AI 算力,1886.880000
2026-08-28,BK1128,CPO,8894.650000
2026-08-28,BK0917,半导体,2853.190000
2026-08-28,BK1137,存储,2953.890000
2026-08-28,BK0922,数据中心,2049.390000
2026-08-28,BK0579,云计算,3249.170000
2026-08-28,BK0963,商业航天,2355.160000
2026-08-28,BK0921,卫星,1874.650000
2026-08-28,BK1090,机器人,1980.000000
2026-08-28,BK0802,自动驾驶,2075.070000
2026-08-28,BK0577,核电,2743.620000
2026-08-28,BK1647,电网,813.090000
2026-08-28,BK0490,军工,76803.630000
2026-08-28,BK0493,新能源,17623.900000
2026-08-28,BK0588,光伏,3985.350000
2026-08-28,BK0574,锂电池,4204.660000
2026-08-28,BK0464,石油,6834.340000
2026-08-28,BK0843,天然气,1739.450000
2026-08-28,BK0478,铜/有色,28805.650000
2026-08-28,BK0547,黄金,21311.660000
2026-08-28,BK0475,银行金融,4240.860000
2026-08-28,BK1216,生物医疗,4692.540000
2026-08-28,BK0438,消费,26579.090000
2026-08-28,BK0578,稀土永磁,3529.610000
2026-08-28,BK1106,创新药,1470.170000
2026-08-28,BK0710,量子计算,3306.920000
2026-08-28,BK0968,固态电池,2495.450000
2026-08-28,BK1646,消费电子,1028.370000
2026-08-28,BK1166,低空经济,1567.780000
2026-08-28,BK0668,医疗器械,4254.430000
2026-08-31,BK1134,AI 算力,1927.700000
2026-08-31,BK1128,CPO,9059.080000
2026-08-31,BK0917,半导体,2904.020000
2026-08-31,BK1137,存储,3000.030000
2026-08-31,BK0922,数据中心,2083.730000
2026-08-31,BK0579,云计算,3306.080000
2026-08-31,BK0963,商业航天,2390.340000
2026-08-31,BK0921,卫星,1914.230000
2026-08-31,BK1090,机器人,2012.480000
2026-08-31,BK0802,自动驾驶,2109.590000
2026-08-31,BK0577,核电,2762.020000
2026-08-31,BK1647,电网,817.870000
2026-08-31,BK0490,军工,77797.990000
2026-08-31,BK0493,新能源,17623.500000
2026-08-31,BK0588,光伏,3996.390000
2026-08-31,BK0574,锂电池,4220.730000
2026-08-31,BK0464,石油,6869.310000
2026-08-31,BK0843,天然气,1745.850000
2026-08-31,BK0478,铜/有色,28613.080000
2026-08-31,BK0547,黄金,20736.010000
2026-08-31,BK0475,银行金融,4299.410000
2026-08-31,BK1216,生物医疗,4635.390000
2026-08-31,BK0438,消费,26331.450000
2026-08-31,BK0578,稀土永磁,3536.950000
2026-08-31,BK1106,创新药,1443.790000
2026-08-31,BK0710,量子计算,3337.760000
2026-08-31,BK0968,固态电池,2504.810000
2026-08-31,BK1646,消费电子,1055.140000
2026-08-31,BK1166,低空经济,1590.580000
2026-08-31,BK0668,医疗器械,4247.440000
2026-09-01,BK1134,AI 算力,1930.300000
2026-09-01,BK1128,CPO,8798.810000
2026-09-01,BK0917,半导体,2844.520000
2026-09-01,BK1137,存储,2909.810000
2026-09-01,BK0922,数据中心,2081.330000
2026-09-01,BK0579,云计算,3342.910000
2026-09-01,BK0963,商业航天,2373.970000
2026-09-01,BK0921,卫星,1901.480000
2026-09-01,BK1090,机器人,2007.220000
2026-09-01,BK0802,自动驾驶,2116.970000
2026-09-01,BK0577,核电,2765.740000
2026-09-01,BK1647,电网,820.900000
2026-09-01,BK0490,军工,78016.660000
2026-09-01,BK0493,新能源,17687.120000
2026-09-01,BK0588,光伏,3991.980000
2026-09-01,BK0574,锂电池,4193.440000
2026-09-01,BK0464,石油,6876.200000
2026-09-01,BK0843,天然气,1756.080000
2026-09-01,BK0478,铜/有色,28316.580000
2026-09-01,BK0547,黄金,20830.100000
2026-09-01,BK0475,银行金融,4391.690000
2026-09-01,BK1216,生物医疗,4685.990000
2026-09-01,BK0438,消费,26887.590000
2026-09-01,BK0578,稀土永磁,3492.980000
2026-09-01,BK1106,创新药,1454.260000
2026-09-01,BK0710,量子计算,3336.220000
2026-09-01,BK0968,固态电池,2474.740000
2026-09-01,BK1646,消费电子,1043.600000
2026-09-01,BK1166,低空经济,1597.880000
2026-09-01,BK0668,医疗器械,4267.800000
2026-09-02,BK1134,AI 算力,1918.820000
2026-09-02,BK1128,CPO,8664.460000
2026-09-02,BK0917,半导体,2818.300000
2026-09-02,BK1137,存储,2871.480000
2026-09-02,BK0922,数据中心,2071.220000
2026-09-02,BK0579,云计算,3316.040000
2026-09-02,BK0963,商业航天,2368.080000
2026-09-02,BK0921,卫星,1888.580000
2026-09-02,BK1090,机器人,1996.300000
2026-09-02,BK0802,自动驾驶,2106.590000
2026-09-02,BK0577,核电,2760.150000
2026-09-02,BK1647,电网,817.610000
2026-09-02,BK0490,军工,78386.910000
2026-09-02,BK0493,新能源,17526.010000
2026-09-02,BK0588,光伏,3969.350000
2026-09-02,BK0574,锂电池,4156.080000
2026-09-02,BK0464,石油,6788.580000
2026-09-02,BK0843,天然气,1750.890000
2026-09-02,BK0478,铜/有色,27936.490000
2026-09-02,BK0547,黄金,20500.640000
2026-09-02,BK0475,银行金融,4381.870000
2026-09-02,BK1216,生物医疗,4636.070000
2026-09-02,BK0438,消费,26503.260000
2026-09-02,BK0578,稀土永磁,3444.700000
2026-09-02,BK1106,创新药,1437.750000
2026-09-02,BK0710,量子计算,3315.730000
2026-09-02,BK0968,固态电池,2448.640000
2026-09-02,BK1646,消费电子,1036.560000
2026-09-02,BK1166,低空经济,1596.550000
2026-09-02,BK0668,医疗器械,4228.410000
2026-09-03,BK1134,AI 算力,1909.220000
2026-09-03,BK1128,CPO,8713.220000
2026-09-03,BK0917,半导体,2815.850000
2026-09-03,BK1137,存储,2866.590000
2026-09-03,BK0922,数据中心,2074.240000
2026-09-03,BK0579,云计算,3296.660000
2026-09-03,BK0963,商业航天,2361.400000
2026-09-03,BK0921,卫星,1879.170000
2026-09-03,BK1090,机器人,1997.010000
2026-09-03,BK0802,自动驾驶,2098.830000
2026-09-03,BK0577,核电,2760.040000
2026-09-03,BK1647,电网,815.630000
2026-09-03,BK0490,军工,78044.880000
2026-09-03,BK0493,新能源,17434.620000
2026-09-03,BK0588,光伏,3958.020000
2026-09-03,BK0574,锂电池,4154.450000
2026-09-03,BK0464,石油,6767.190000
2026-09-03,BK0843,天然气,1739.580000
2026-09-03,BK0478,铜/有色,28138.160000
2026-09-03,BK0547,黄金,20617.090000
2026-09-03,BK0475,银行金融,4368.620000
2026-09-03,BK1216,生物医疗,4613.200000
2026-09-03,BK0438,消费,26282.170000
2026-09-03,BK0578,稀土永磁,3462.630000
2026-09-03,BK1106,创新药,1435.550000
2026-09-03,BK0710,量子计算,3305.580000
2026-09-03,BK0968,固态电池,2448.750000
2026-09-03,BK1646,消费电子,1035.520000
2026-09-03,BK1166,低空经济,1589.860000
2026-09-03,BK0668,医疗器械,4208.110000
2026-09-04,BK1134,AI 算力,1893.130000
2026-09-04,BK1128,CPO,8465.330000
2026-09-04,BK0917,半导体,2747.400000
2026-09-04,BK1137,存储,2779.800000
2026-09-04,BK0922,数据中心,2062.000000
2026-09-04,BK0579,云计算,3306.060000
2026-09-04,BK0963,商业航天,2343.220000
2026-09-04,BK0921,卫星,1864.830000
2026-09-04,BK1090,机器人,1976.390000
2026-09-04,BK0802,自动驾驶,2085.460000
2026-09-04,BK0577,核电,2749.210000
2026-09-04,BK1647,电网,813.370000
2026-09-04,BK0490,军工,77737.700000
2026-09-04,BK0493,新能源,17391.830000
2026-09-04,BK0588,光伏,3935.200000
2026-09-04,BK0574,锂电池,4095.490000
2026-09-04,BK0464,石油,6786.440000
2026-09-04,BK0843,天然气,1742.270000
2026-09-04,BK0478,铜/有色,27636.000000
2026-09-04,BK0547,黄金,20480.350000
2026-09-04,BK0475,银行金融,4396.800000
2026-09-04,BK1216,生物医疗,4598.860000
2026-09-04,BK0438,消费,26857.510000
2026-09-04,BK0578,稀土永磁,3395.530000
2026-09-04,BK1106,创新药,1427.030000
2026-09-04,BK0710,量子计算,3291.840000
2026-09-04,BK0968,固态电池,2408.700000
2026-09-04,BK1646,消费电子,1015.280000
2026-09-04,BK1166,低空经济,1587.430000
2026-09-04,BK0668,医疗器械,4193.300000
2026-09-07,BK1134,AI 算力,1913.840000
2026-09-07,BK1128,CPO,9015.190000
2026-09-07,BK0917,半导体,2815.030000
2026-09-07,BK1137,存储,2879.530000
2026-09-07,BK0922,数据中心,2087.490000
2026-09-07,BK0579,云计算,3307.450000
2026-09-07,BK0963,商业航天,2370.820000
2026-09-07,BK0921,卫星,1882.400000
2026-09-07,BK1090,机器人,2003.820000
2026-09-07,BK0802,自动驾驶,2112.520000
2026-09-07,BK0577,核电,2767.590000
2026-09-07,BK1647,电网,815.890000
2026-09-07,BK0490,军工,78068.240000
2026-09-07,BK0493,新能源,17514.360000
2026-09-07,BK0588,光伏,3977.770000
2026-09-07,BK0574,锂电池,4137.620000
2026-09-07,BK0464,石油,6772.870000
2026-09-07,BK0843,天然气,1742.240000
2026-09-07,BK0478,铜/有色,27731.200000
2026-09-07,BK0547,黄金,20300.010000
2026-09-07,BK0475,银行金融,4333.210000
2026-09-07,BK1216,生物医疗,4616.170000
2026-09-07,BK0438,消费,27174.820000
2026-09-07,BK0578,稀土永磁,3416.310000
2026-09-07,BK1106,创新药,1431.730000
2026-09-07,BK0710,量子计算,3325.740000
2026-09-07,BK0968,固态电池,2439.550000
2026-09-07,BK1646,消费电子,1039.050000
2026-09-07,BK1166,低空经济,1596.420000
2026-09-07,BK0668,医疗器械,4229.670000
2026-09-08,BK1134,AI 算力,1909.390000
2026-09-08,BK1128,CPO,8918.060000
2026-09-08,BK0917,半导体,2800.930000
2026-09-08,BK1137,存储,2879.190000
2026-09-08,BK0922,数据中心,2080.790000
2026-09-08,BK0579,云计算,3300.410000
2026-09-08,BK0963,商业航天,2380.330000
2026-09-08,BK0921,卫星,1898.100000
2026-09-08,BK1090,机器人,2004.160000
2026-09-08,BK0802,自动驾驶,2113.220000
2026-09-08,BK0577,核电,2777.090000
2026-09-08,BK1647,电网,816.610000
2026-09-08,BK0490,军工,78506.060000
2026-09-08,BK0493,新能源,17658.640000
2026-09-08,BK0588,光伏,3987.170000
2026-09-08,BK0574,锂电池,4151.530000
2026-09-08,BK0464,石油,7013.280000
2026-09-08,BK0843,天然气,1782.740000
2026-09-08,BK0478,铜/有色,27906.690000
2026-09-08,BK0547,黄金,20660.020000
2026-09-08,BK0475,银行金融,4376.060000
2026-09-08,BK1216,生物医疗,4684.200000
2026-09-08,BK0438,消费,27447.580000
2026-09-08,BK0578,稀土永磁,3419.660000
2026-09-08,BK1106,创新药,1450.960000
2026-09-08,BK0710,量子计算,3325.040000
2026-09-08,BK0968,固态电池,2431.070000
2026-09-08,BK1646,消费电子,1030.880000
2026-09-08,BK1166,低空经济,1604.880000
2026-09-08,BK0668,医疗器械,4256.470000
2026-09-09,BK1134,AI 算力,1897.080000
2026-09-09,BK1128,CPO,8937.130000
2026-09-09,BK0917,半导体,2796.070000
2026-09-09,BK1137,存储,2873.800000
2026-09-09,BK0922,数据中心,2072.470000
2026-09-09,BK0579,云计算,3256.010000
2026-09-09,BK0963,商业航天,2385.420000
2026-09-09,BK0921,卫星,1884.570000
2026-09-09,BK1090,机器人,1992.980000
2026-09-09,BK0802,自动驾驶,2105.310000
2026-09-09,BK0577,核电,2790.180000
2026-09-09,BK1647,电网,816.650000
2026-09-09,BK0490,军工,78711.210000
2026-09-09,BK0493,新能源,17699.970000
2026-09-09,BK0588,光伏,3989.750000
2026-09-09,BK0574,锂电池,4151.480000
2026-09-09,BK0464,石油,7020.780000
2026-09-09,BK0843,天然气,1782.260000
2026-09-09,BK0478,铜/有色,28204.850000
2026-09-09,BK0547,黄金,20894.730000
2026-09-09,BK0475,银行金融,4382.400000
2026-09-09,BK1216,生物医疗,4623.620000
2026-09-09,BK0438,消费,27085.390000
2026-09-09,BK0578,稀土永磁,3415.550000
2026-09-09,BK1106,创新药,1428.540000
2026-09-09,BK0710,量子计算,3306.940000
2026-09-09,BK0968,固态电池,2431.840000
2026-09-09,BK1646,消费电子,1022.370000
2026-09-09,BK1166,低空经济,1598.150000
2026-09-09,BK0668,医疗器械,4208.530000
2026-09-10,BK1134,AI 算力,1878.550000
2026-09-10,BK1128,CPO,8868.450000
2026-09-10,BK0917,半导体,2764.080000
2026-09-10,BK1137,存储,2868.550000
2026-09-10,BK0922,数据中心,2047.480000
2026-09-10,BK0579,云计算,3227.750000
2026-09-10,BK0963,商业航天,2359.500000
2026-09-10,BK0921,卫星,1866.600000
2026-09-10,BK1090,机器人,1965.200000
2026-09-10,BK0802,自动驾驶,2078.180000
2026-09-10,BK0577,核电,2761.800000
2026-09-10,BK1647,电网,810.040000
2026-09-10,BK0490,军工,77963.130000
2026-09-10,BK0493,新能源,17673.900000
2026-09-10,BK0588,光伏,3964.410000
2026-09-10,BK0574,锂电池,4089.760000
2026-09-10,BK0464,石油,6904.630000
2026-09-10,BK0843,天然气,1770.090000
2026-09-10,BK0478,铜/有色,27745.240000
2026-09-10,BK0547,黄金,20608.980000
2026-09-10,BK0475,银行金融,4446.640000
2026-09-10,BK1216,生物医疗,4534.230000
2026-09-10,BK0438,消费,26466.440000
2026-09-10,BK0578,稀土永磁,3364.290000
2026-09-10,BK1106,创新药,1398.280000
2026-09-10,BK0710,量子计算,3269.330000
2026-09-10,BK0968,固态电池,2396.530000
2026-09-10,BK1646,消费电子,1009.190000
2026-09-10,BK1166,低空经济,1577.750000
2026-09-10,BK0668,医疗器械,4144.580000
2026-09-11,BK1134,AI 算力,1852.690000
2026-09-11,BK1128,CPO,8817.590000
2026-09-11,BK0917,半导体,2717.440000
2026-09-11,BK1137,存储,2824.760000
2026-09-11,BK0922,数据中心,2017.420000
2026-09-11,BK0579,云计算,3178.640000
2026-09-11,BK0963,商业航天,2338.430000
2026-09-11,BK0921,卫星,1861.280000
2026-09-11,BK1090,机器人,1933.500000
2026-09-11,BK0802,自动驾驶,2050.770000
2026-09-11,BK0577,核电,2724.230000
2026-09-11,BK1647,电网,800.540000
2026-09-11,BK0490,军工,77365.740000
2026-09-11,BK0493,新能源,17444.080000
2026-09-11,BK0588,光伏,3906.490000
2026-09-11,BK0574,锂电池,4007.070000
2026-09-11,BK0464,石油,6679.590000
2026-09-11,BK0843,天然气,1728.950000
2026-09-11,BK0478,铜/有色,26880.830000
2026-09-11,BK0547,黄金,19815.610000
2026-09-11,BK0475,银行金融,4398.250000
2026-09-11,BK1216,生物医疗,4431.440000
2026-09-11,BK0438,消费,25776.650000
2026-09-11,BK0578,稀土永磁,3282.900000
2026-09-11,BK1106,创新药,1366.050000
2026-09-11,BK0710,量子计算,3229.430000
2026-09-11,BK0968,固态电池,2350.150000
2026-09-11,BK1646,消费电子,995.420000
2026-09-11,BK1166,低空经济,1554.710000
2026-09-11,BK0668,医疗器械,4066.650000
2026-09-14,BK1134,AI 算力,1858.100000
2026-09-14,BK1128,CPO,8850.370000
2026-09-14,BK0917,半导体,2744.400000
2026-09-14,BK1137,存储,2846.490000
2026-09-14,BK0922,数据中心,2024.710000
2026-09-14,BK0579,云计算,3211.420000
2026-09-14,BK0963,商业航天,2346.320000
2026-09-14,BK0921,卫星,1871.190000
2026-09-14,BK1090,机器人,1948.420000
2026-09-14,BK0802,自动驾驶,2065.220000
2026-09-14,BK0577,核电,2720.840000
2026-09-14,BK1647,电网,803.350000
2026-09-14,BK0490,军工,77194.950000
2026-09-14,BK0493,新能源,17488.180000
2026-09-14,BK0588,光伏,3921.860000
2026-09-14,BK0574,锂电池,4049.670000
2026-09-14,BK0464,石油,6633.740000
2026-09-14,BK0843,天然气,1726.880000
2026-09-14,BK0478,铜/有色,26872.470000
2026-09-14,BK0547,黄金,19757.270000
2026-09-14,BK0475,银行金融,4436.850000
2026-09-14,BK1216,生物医疗,4518.950000
2026-09-14,BK0438,消费,25793.840000
2026-09-14,BK0578,稀土永磁,3310.510000
2026-09-14,BK1106,创新药,1398.620000
2026-09-14,BK0710,量子计算,3237.010000
2026-09-14,BK0968,固态电池,2386.400000
2026-09-14,BK1646,消费电子,1008.230000
2026-09-14,BK1166,低空经济,1555.700000
2026-09-14,BK0668,医疗器械,4122.670000
2026-09-15,BK1134,AI 算力,1836.300000
2026-09-15,BK1128,CPO,8824.240000
2026-09-15,BK0917,半导体,2752.740000
2026-09-15,BK1137,存储,2875.150000
2026-09-15,BK0922,数据中心,2004.040000
2026-09-15,BK0579,云计算,3173.220000
2026-09-15,BK0963,商业航天,2326.370000
2026-09-15,BK0921,卫星,1856.210000
2026-09-15,BK1090,机器人,1924.730000
2026-09-15,BK0802,自动驾驶,2041.200000
2026-09-15,BK0577,核电,2692.600000
2026-09-15,BK1647,电网,792.890000
2026-09-15,BK0490,军工,76118.720000
2026-09-15,BK0493,新能源,17307.500000
2026-09-15,BK0588,光伏,3874.990000
2026-09-15,BK0574,锂电池,4028.480000
2026-09-15,BK0464,石油,6535.680000
2026-09-15,BK0843,天然气,1695.220000
2026-09-15,BK0478,铜/有色,26704.140000
2026-09-15,BK0547,黄金,19380.180000
2026-09-15,BK0475,银行金融,4380.920000
2026-09-15,BK1216,生物医疗,4446.160000
2026-09-15,BK0438,消费,25338.620000
2026-09-15,BK0578,稀土永磁,3308.780000
2026-09-15,BK1106,创新药,1377.640000
2026-09-15,BK0710,量子计算,3202.470000
2026-09-15,BK0968,固态电池,2389.810000
2026-09-15,BK1646,消费电子,1003.190000
2026-09-15,BK1166,低空经济,1532.470000
2026-09-15,BK0668,医疗器械,4060.500000
2026-09-16,BK1134,AI 算力,1865.850000
2026-09-16,BK1128,CPO,9213.400000
2026-09-16,BK0917,半导体,2850.910000
2026-09-16,BK1137,存储,2996.070000
2026-09-16,BK0922,数据中心,2040.540000
2026-09-16,BK0579,云计算,3192.500000
2026-09-16,BK0963,商业航天,2369.860000
2026-09-16,BK0921,卫星,1893.270000
2026-09-16,BK1090,机器人,1953.960000
2026-09-16,BK0802,自动驾驶,2072.800000
2026-09-16,BK0577,核电,2723.090000
2026-09-16,BK1647,电网,804.770000
2026-09-16,BK0490,军工,77267.160000
2026-09-16,BK0493,新能源,17505.130000
2026-09-16,BK0588,光伏,3938.820000
2026-09-16,BK0574,锂电池,4106.540000
2026-09-16,BK0464,石油,6595.110000
2026-09-16,BK0843,天然气,1708.900000
2026-09-16,BK0478,铜/有色,27214.850000
2026-09-16,BK0547,黄金,19818.210000
2026-09-16,BK0475,银行金融,4347.460000
2026-09-16,BK1216,生物医疗,4481.540000
2026-09-16,BK0438,消费,25507.550000
2026-09-16,BK0578,稀土永磁,3368.380000
2026-09-16,BK1106,创新药,1387.430000
2026-09-16,BK0710,量子计算,3256.770000
2026-09-16,BK0968,固态电池,2434.370000
2026-09-16,BK1646,消费电子,1032.200000
2026-09-16,BK1166,低空经济,1554.640000
2026-09-16,BK0668,医疗器械,4104.320000
2026-09-17,BK1134,AI 算力,1868.020000
2026-09-17,BK1128,CPO,9172.610000
2026-09-17,BK0917,半导体,2838.610000
2026-09-17,BK1137,存储,2973.800000
2026-09-17,BK0922,数据中心,2034.800000
2026-09-17,BK0579,云计算,3188.040000
2026-09-17,BK0963,商业航天,2352.390000
2026-09-17,BK0921,卫星,1879.220000
2026-09-17,BK1090,机器人,1958.170000
2026-09-17,BK0802,自动驾驶,2075.370000
2026-09-17,BK0577,核电,2711.420000
2026-09-17,BK1647,电网,801.270000
2026-09-17,BK0490,军工,76764.220000
2026-09-17,BK0493,新能源,17372.200000
2026-09-17,BK0588,光伏,3918.810000
2026-09-17,BK0574,锂电池,4082.680000
2026-09-17,BK0464,石油,6518.390000
2026-09-17,BK0843,天然气,1694.100000
2026-09-17,BK0478,铜/有色,26739.800000
2026-09-17,BK0547,黄金,19421.060000
2026-09-17,BK0475,银行金融,4334.360000
2026-09-17,BK1216,生物医疗,4521.180000
2026-09-17,BK0438,消费,25542.920000
2026-09-17,BK0578,稀土永磁,3328.440000
2026-09-17,BK1106,创新药,1399.650000
2026-09-17,BK0710,量子计算,3232.000000
2026-09-17,BK0968,固态电池,2419.110000
2026-09-17,BK1646,消费电子,1032.210000
2026-09-17,BK1166,低空经济,1549.650000
2026-09-17,BK0668,医疗器械,4128.230000
2026-09-18,BK1134,AI 算力,1907.810000
2026-09-18,BK1128,CPO,9400.160000
2026-09-18,BK0917,半导体,2925.790000
2026-09-18,BK1137,存储,3072.950000
2026-09-18,BK0922,数据中心,2075.770000
2026-09-18,BK0579,云计算,3249.350000
2026-09-18,BK0963,商业航天,2402.600000
2026-09-18,BK0921,卫星,1917.280000
2026-09-18,BK1090,机器人,1992.990000
2026-09-18,BK0802,自动驾驶,2106.620000
2026-09-18,BK0577,核电,2753.220000
2026-09-18,BK1647,电网,815.300000
2026-09-18,BK0490,军工,78069.190000
2026-09-18,BK0493,新能源,17581.030000
2026-09-18,BK0588,光伏,3986.380000
2026-09-18,BK0574,锂电池,4147.000000
2026-09-18,BK0464,石油,6568.680000
2026-09-18,BK0843,天然气,1707.410000
2026-09-18,BK0478,铜/有色,27152.160000
2026-09-18,BK0547,黄金,19707.240000
2026-09-18,BK0475,银行金融,4313.610000
2026-09-18,BK1216,生物医疗,4582.850000
2026-09-18,BK0438,消费,25759.810000
2026-09-18,BK0578,稀土永磁,3377.000000
2026-09-18,BK1106,创新药,1419.940000
2026-09-18,BK0710,量子计算,3298.420000
2026-09-18,BK0968,固态电池,2460.020000
2026-09-18,BK1646,消费电子,1057.820000
2026-09-18,BK1166,低空经济,1573.630000
2026-09-18,BK0668,医疗器械,4200.180000
2026-09-21,BK1134,AI 算力,1932.680000
2026-09-21,BK1128,CPO,9486.630000
2026-09-21,BK0917,半导体,2951.160000
2026-09-21,BK1137,存储,3084.060000
2026-09-21,BK0922,数据中心,2101.810000
2026-09-21,BK0579,云计算,3305.800000
2026-09-21,BK0963,商业航天,2437.860000
2026-09-21,BK0921,卫星,1951.130000
2026-09-21,BK1090,机器人,2024.290000
2026-09-21,BK0802,自动驾驶,2132.330000
2026-09-21,BK0577,核电,2787.760000
2026-09-21,BK1647,电网,826.050000
2026-09-21,BK0490,军工,79399.200000
2026-09-21,BK0493,新能源,17781.180000
2026-09-21,BK0588,光伏,4036.150000
2026-09-21,BK0574,锂电池,4194.870000
2026-09-21,BK0464,石油,6717.830000
2026-09-21,BK0843,天然气,1738.580000
2026-09-21,BK0478,铜/有色,27411.970000
2026-09-21,BK0547,黄金,19840.800000
2026-09-21,BK0475,银行金融,4322.660000
2026-09-21,BK1216,生物医疗,4768.860000
2026-09-21,BK0438,消费,26329.390000
2026-09-21,BK0578,稀土永磁,3420.840000
2026-09-21,BK1106,创新药,1485.810000
2026-09-21,BK0710,量子计算,3347.510000
2026-09-21,BK0968,固态电池,2478.560000
2026-09-21,BK1646,消费电子,1071.370000
2026-09-21,BK1166,低空经济,1597.970000
2026-09-21,BK0668,医疗器械,4319.650000
2026-09-22,BK1134,AI 算力,1950.030000
2026-09-22,BK1128,CPO,9435.490000
2026-09-22,BK0917,半导体,2952.070000
2026-09-22,BK1137,存储,3079.030000
2026-09-22,BK0922,数据中心,2114.010000
2026-09-22,BK0579,云计算,3363.730000
2026-09-22,BK0963,商业航天,2429.430000
2026-09-22,BK0921,卫星,1953.990000
2026-09-22,BK1090,机器人,2028.260000
2026-09-22,BK0802,自动驾驶,2143.620000
2026-09-22,BK0577,核电,2769.880000
2026-09-22,BK1647,电网,823.780000
2026-09-22,BK0490,军工,79133.090000
2026-09-22,BK0493,新能源,17729.610000
2026-09-22,BK0588,光伏,4021.120000
2026-09-22,BK0574,锂电池,4182.840000
2026-09-22,BK0464,石油,6679.480000
2026-09-22,BK0843,天然气,1730.940000
2026-09-22,BK0478,铜/有色,27425.440000
2026-09-22,BK0547,黄金,19818.970000
2026-09-22,BK0475,银行金融,4319.080000
2026-09-22,BK1216,生物医疗,4805.730000
2026-09-22,BK0438,消费,26383.190000
2026-09-22,BK0578,稀土永磁,3433.570000
2026-09-22,BK1106,创新药,1495.920000
2026-09-22,BK0710,量子计算,3363.470000
2026-09-22,BK0968,固态电池,2471.990000
2026-09-22,BK1646,消费电子,1079.600000
2026-09-22,BK1166,低空经济,1598.400000
2026-09-22,BK0668,医疗器械,4355.680000
2026-09-23,BK1134,AI 算力,1927.480000
2026-09-23,BK1128,CPO,9482.060000
2026-09-23,BK0917,半导体,2983.490000
2026-09-23,BK1137,存储,3113.720000
2026-09-23,BK0922,数据中心,2097.290000
2026-09-23,BK0579,云计算,3311.380000
2026-09-23,BK0963,商业航天,2426.340000
2026-09-23,BK0921,卫星,1939.680000
2026-09-23,BK1090,机器人,2028.050000
2026-09-23,BK0802,自动驾驶,2138.960000
2026-09-23,BK0577,核电,2753.980000
2026-09-23,BK1647,电网,813.920000
2026-09-23,BK0490,军工,78624.850000
2026-09-23,BK0493,新能源,17516.330000
2026-09-23,BK0588,光伏,4002.350000
2026-09-23,BK0574,锂电池,4180.220000
2026-09-23,BK0464,石油,6577.310000
2026-09-23,BK0843,天然气,1706.180000
2026-09-23,BK0478,铜/有色,27224.670000
2026-09-23,BK0547,黄金,19607.140000
2026-09-23,BK0475,银行金融,4300.660000
2026-09-23,BK1216,生物医疗,4803.330000
2026-09-23,BK0438,消费,26246.440000
2026-09-23,BK0578,稀土永磁,3413.210000
2026-09-23,BK1106,创新药,1495.630000
2026-09-23,BK0710,量子计算,3392.980000
2026-09-23,BK0968,固态电池,2485.420000
2026-09-23,BK1646,消费电子,1078.910000
2026-09-23,BK1166,低空经济,1590.630000
2026-09-23,BK0668,医疗器械,4361.430000
2026-09-24,BK1134,AI 算力,1896.670000
2026-09-24,BK1128,CPO,9191.690000
2026-09-24,BK0917,半导体,2918.190000
2026-09-24,BK1137,存储,3039.560000
2026-09-24,BK0922,数据中心,2065.260000
2026-09-24,BK0579,云计算,3262.880000
2026-09-24,BK0963,商业航天,2398.400000
2026-09-24,BK0921,卫星,1924.720000
2026-09-24,BK1090,机器人,2003.930000
2026-09-24,BK0802,自动驾驶,2107.800000
2026-09-24,BK0577,核电,2726.060000
2026-09-24,BK1647,电网,804.000000
2026-09-24,BK0490,军工,77830.350000
2026-09-24,BK0493,新能源,17347.610000
2026-09-24,BK0588,光伏,3951.410000
2026-09-24,BK0574,锂电池,4107.170000
2026-09-24,BK0464,石油,6555.760000
2026-09-24,BK0843,天然气,1700.370000
2026-09-24,BK0478,铜/有色,26501.880000
2026-09-24,BK0547,黄金,19001.070000
2026-09-24,BK0475,银行金融,4313.490000
2026-09-24,BK1216,生物医疗,4711.030000
2026-09-24,BK0438,消费,25919.690000
2026-09-24,BK0578,稀土永磁,3354.160000
2026-09-24,BK1106,创新药,1453.370000
2026-09-24,BK0710,量子计算,3328.190000
2026-09-24,BK0968,固态电池,2435.450000
2026-09-24,BK1646,消费电子,1055.530000
2026-09-24,BK1166,低空经济,1577.260000
2026-09-24,BK0668,医疗器械,4305.020000
