用户ID,平台,设备档位,单次使用时长秒,周会话次数,是否付费
U000000,iOS,中端,60,5,0
U000001,安卓,低端,34,4,0
U000002,安卓,中端,927,4,0
U000003,安卓,中端,536,6,0
U000004,安卓,中端,307,4,0
U000005,iOS,高端,195,12,0
U000006,iOS,中端,120,8,0
U000007,安卓,高端,307,6,0
U000008,安卓,中端,184,8,0
U000009,安卓,低端,28,4,0
U000010,安卓,高端,239,7,0
U000011,iOS,中端,53,10,0
U000012,安卓,低端,2137,3,0
U000013,安卓,低端,130,5,0
U000014,安卓,中端,526,2,0
U000015,安卓,低端,115,6,0
U000016,iOS,中端,388,6,0
U000017,iOS,低端,1101,6,0
U000018,安卓,低端,1036,4,0
U000019,iOS,低端,946,6,0
U000020,安卓,中端,216,3,0
U000021,iOS,高端,641,6,0
U000022,iOS,中端,156,9,0
U000023,安卓,高端,553,6,0
U000024,iOS,中端,1292,7,0
U000025,iOS,中端,277,6,0
U000026,安卓,低端,853,7,0
U000027,安卓,高端,250,7,0
U000028,安卓,中端,73,4,0
U000029,安卓,低端,244,5,0
U000030,安卓,低端,54,3,0
U000031,iOS,中端,29,2,0
U000032,安卓,低端,124,4,0
U000033,iOS,中端,1374,2,0
U000034,iOS,中端,501,6,0
U000035,安卓,低端,125,9,0
U000036,安卓,低端,131,6,0
U000037,安卓,中端,29,4,0
U000038,安卓,低端,1400,2,0
U000039,iOS,中端,199,4,0
U000040,安卓,中端,248,3,0
U000041,iOS,中端,799,3,0
U000042,安卓,中端,123,5,0
U000043,安卓,高端,829,8,0
U000044,安卓,中端,456,6,0
U000045,iOS,高端,2256,10,0
U000046,安卓,中端,213,5,0
U000047,安卓,中端,92,5,0
U000048,安卓,低端,137,5,0
U000049,iOS,低端,366,6,0
U000050,安卓,低端,949,7,0
U000051,iOS,中端,3391,8,0
U000052,安卓,低端,2257,1,0
U000053,安卓,中端,90,5,0
U000054,安卓,中端,522,5,0
U000055,安卓,低端,119,4,0
U000056,安卓,中端,686,1,0
U000057,安卓,低端,55,4,0
U000058,iOS,中端,126,10,0
U000059,安卓,中端,119,2,1
U000060,安卓,低端,63,7,0
U000061,iOS,中端,563,8,0
U000062,安卓,中端,295,8,0
U000063,iOS,高端,795,5,0
U000064,安卓,低端,110,4,0
U000065,安卓,高端,449,7,0
U000066,iOS,中端,568,9,1
U000067,安卓,低端,1020,8,0
U000068,iOS,高端,239,13,0
U000069,安卓,低端,58,4,0
U000070,iOS,高端,91,5,0
U000071,安卓,中端,224,4,0
U000072,安卓,中端,414,5,0
U000073,安卓,中端,445,5,0
U000074,安卓,低端,224,8,0
U000075,iOS,中端,174,9,0
U000076,安卓,高端,71,8,0
U000077,iOS,高端,482,9,0
U000078,iOS,中端,182,6,0
U000079,安卓,低端,89,3,0
U000080,iOS,中端,160,5,0
U000081,安卓,低端,50,5,0
U000082,安卓,低端,40,11,0
U000083,iOS,高端,1203,6,0
U000084,安卓,高端,43,6,0
U000085,安卓,中端,71,6,0
U000086,安卓,低端,92,10,0
U000087,安卓,中端,23,12,0
U000088,安卓,高端,187,5,0
U000089,安卓,中端,41,4,0
U000090,iOS,中端,1601,9,1
U000091,安卓,中端,321,8,0
U000092,安卓,中端,113,4,0
U000093,安卓,中端,109,2,0
U000094,安卓,低端,58,7,0
U000095,安卓,中端,356,9,0
U000096,安卓,中端,117,3,0
U000097,iOS,中端,629,6,0
U000098,安卓,低端,840,6,0
U000099,iOS,中端,563,6,0
U000100,iOS,中端,108,7,0
U000101,iOS,中端,245,11,0
U000102,iOS,中端,514,10,1
U000103,iOS,高端,243,11,0
U000104,安卓,中端,454,4,0
U000105,安卓,中端,165,6,0
U000106,安卓,中端,180,4,0
U000107,iOS,中端,322,7,0
U000108,安卓,低端,71,4,1
U000109,安卓,中端,157,4,0
U000110,iOS,中端,313,6,0
U000111,iOS,中端,794,10,1
U000112,安卓,中端,68,5,0
U000113,安卓,低端,26,7,1
U000114,安卓,中端,168,7,0
U000115,iOS,高端,1251,13,0
U000116,安卓,低端,624,5,0
U000117,安卓,中端,165,6,0
U000118,iOS,中端,1946,10,0
U000119,安卓,低端,286,10,0
U000120,iOS,中端,734,8,0
U000121,安卓,高端,3305,5,0
U000122,iOS,高端,111,5,0
U000123,安卓,低端,245,4,0
U000124,iOS,高端,1298,9,0
U000125,iOS,低端,356,9,0
U000126,安卓,中端,93,4,0
U000127,安卓,中端,222,6,0
U000128,iOS,中端,817,7,0
U000129,安卓,中端,104,4,0
U000130,安卓,低端,206,4,0
U000131,安卓,中端,119,8,0
U000132,iOS,低端,443,11,1
U000133,安卓,低端,703,6,0
U000134,iOS,高端,96,6,0
U000135,安卓,低端,120,12,0
U000136,安卓,中端,1218,8,0
U000137,安卓,低端,5,2,0
U000138,安卓,中端,426,11,0
U000139,安卓,中端,89,5,0
U000140,iOS,中端,2926,8,0
U000141,安卓,中端,134,3,0
U000142,安卓,低端,16,2,0
U000143,安卓,高端,45,5,0
U000144,iOS,高端,390,4,0
U000145,iOS,中端,614,5,1
U000146,iOS,中端,97,5,0
U000147,安卓,高端,302,4,0
U000148,安卓,中端,100,5,0
U000149,安卓,中端,108,5,0
U000150,安卓,高端,283,3,0
U000151,iOS,低端,472,10,0
U000152,iOS,中端,410,7,0
U000153,安卓,低端,543,8,0
U000154,安卓,中端,576,7,0
U000155,iOS,高端,311,11,0
U000156,安卓,中端,157,7,0
U000157,iOS,高端,188,6,0
U000158,安卓,低端,78,5,0
U000159,安卓,低端,1978,4,0
U000160,iOS,中端,309,7,0
U000161,iOS,低端,859,7,0
U000162,安卓,中端,50,7,0
U000163,安卓,中端,93,5,0
U000164,安卓,中端,3472,4,0
U000165,安卓,低端,240,7,0
U000166,安卓,高端,311,10,0
U000167,安卓,低端,149,4,0
U000168,安卓,中端,203,4,0
U000169,安卓,低端,191,3,0
U000170,iOS,中端,188,7,0
U000171,安卓,低端,444,7,0
U000172,iOS,中端,110,5,0
U000173,安卓,中端,388,7,0
U000174,安卓,中端,589,5,0
U000175,安卓,中端,117,6,0
U000176,安卓,低端,357,3,0
U000177,安卓,高端,653,3,0
U000178,安卓,中端,824,11,0
U000179,iOS,高端,87,11,0
U000180,安卓,低端,547,4,0
U000181,iOS,低端,545,9,0
U000182,安卓,中端,171,6,0
U000183,iOS,高端,202000,8,0
U000184,安卓,低端,75,4,0
U000185,iOS,中端,528,11,0
U000186,安卓,低端,5115,2,0
U000187,安卓,低端,765,4,0
U000188,安卓,低端,251,5,0
U000189,安卓,中端,9167,5,0
U000190,安卓,低端,317,11,0
U000191,安卓,中端,275,7,0
U000192,iOS,低端,1333,7,0
U000193,安卓,中端,82,7,1
U000194,iOS,中端,1479,8,0
U000195,iOS,中端,159,9,0
U000196,安卓,中端,316,3,0
U000197,安卓,中端,2220,6,0
U000198,iOS,中端,1006,6,0
U000199,iOS,高端,441,10,0
U000200,安卓,低端,1046,4,0
U000201,安卓,低端,1068,3,0
U000202,安卓,高端,105,4,0
U000203,iOS,中端,43,9,0
U000204,安卓,中端,603,2,0
U000205,iOS,中端,751,13,0
U000206,安卓,中端,19291,2,0
U000207,安卓,低端,203,5,0
U000208,安卓,中端,944,3,0
U000209,安卓,中端,150,12,0
U000210,安卓,低端,626,5,0
U000211,安卓,低端,36,4,0
U000212,安卓,中端,898,5,0
U000213,安卓,中端,21,2,0
U000214,安卓,高端,682,5,0
U000215,安卓,中端,210,3,0
U000216,安卓,中端,154,6,0
U000217,iOS,低端,861,11,0
U000218,安卓,中端,292,6,0
U000219,安卓,中端,507,6,0
U000220,安卓,低端,128,14,0
U000221,iOS,高端,111,5,0
U000222,iOS,中端,1312,6,0
U000223,iOS,低端,1644,8,0
U000224,iOS,高端,358,4,0
U000225,iOS,中端,245,5,0
U000226,安卓,中端,278,5,0
U000227,iOS,中端,1073,4,0
U000228,安卓,低端,60,5,0
U000229,iOS,中端,258,6,0
U000230,安卓,高端,14,9,1
U000231,安卓,低端,523,7,0
U000232,安卓,低端,350,4,0
U000233,安卓,高端,63,3,0
U000234,安卓,低端,451,7,0
U000235,安卓,高端,337,8,0
U000236,安卓,中端,702,4,0
U000237,安卓,中端,105,5,0
U000238,安卓,低端,159,3,0
U000239,安卓,高端,102,5,0
U000240,iOS,中端,545,4,0
U000241,安卓,低端,181,3,1
U000242,iOS,高端,106,10,1
U000243,iOS,低端,120,6,0
U000244,iOS,中端,626,6,0
U000245,安卓,低端,379,3,0
U000246,安卓,低端,1339,9,0
U000247,安卓,高端,1053,6,0
U000248,安卓,高端,177,7,0
U000249,iOS,中端,479,8,0
U000250,iOS,中端,517,8,0
U000251,安卓,低端,393,6,0
U000252,iOS,中端,123,2,0
U000253,iOS,高端,493,7,0
U000254,iOS,中端,247,12,0
U000255,iOS,高端,723,13,0
U000256,安卓,低端,80,6,1
U000257,安卓,中端,562,3,0
U000258,iOS,高端,114,14,0
U000259,安卓,中端,92,3,0
U000260,iOS,高端,544,6,0
U000261,安卓,低端,108,5,0
U000262,iOS,低端,127,7,0
U000263,安卓,中端,55,4,0
U000264,安卓,低端,93,7,0
U000265,安卓,中端,621,5,0
U000266,安卓,中端,2024,5,0
U000267,安卓,低端,1481,7,0
U000268,安卓,高端,207,9,0
U000269,安卓,中端,170,10,0
U000270,安卓,高端,525,8,0
U000271,安卓,高端,297,4,0
U000272,安卓,低端,61,9,0
U000273,安卓,中端,1574,7,0
U000274,安卓,中端,3226,5,0
U000275,安卓,低端,15,4,0
U000276,安卓,低端,62,8,0
U000277,安卓,中端,110,7,0
U000278,安卓,中端,59,3,0
U000279,iOS,中端,274,7,0
U000280,安卓,中端,244,4,0
U000281,安卓,低端,355,6,0
U000282,安卓,中端,34,9,0
U000283,安卓,中端,259,1,0
U000284,安卓,中端,777,2,0
U000285,iOS,中端,797,11,0
U000286,iOS,高端,502,6,0
U000287,iOS,中端,273,3,0
U000288,安卓,中端,34,4,0
U000289,iOS,低端,4721,5,0
U000290,安卓,中端,59,7,0
U000291,iOS,低端,611,12,0
U000292,安卓,低端,1405,9,0
U000293,安卓,中端,417,9,0
U000294,安卓,中端,477,4,0
U000295,iOS,中端,819,7,0
U000296,安卓,中端,177,1,0
U000297,安卓,中端,63,8,0
U000298,安卓,低端,1109,4,0
U000299,安卓,中端,478,8,0
U000300,安卓,中端,271,3,0
U000301,安卓,高端,309,3,0
U000302,安卓,高端,62,8,0
U000303,安卓,中端,37,4,0
U000304,安卓,高端,231,8,0
U000305,iOS,中端,156,4,0
U000306,安卓,中端,319,7,0
U000307,iOS,高端,672,5,0
U000308,安卓,低端,162,6,0
U000309,安卓,低端,1946,4,0
U000310,安卓,中端,305,2,0
U000311,安卓,中端,959,5,0
U000312,安卓,低端,158,5,0
U000313,安卓,低端,821,6,0
U000314,安卓,中端,79,4,0
U000315,安卓,中端,28,3,0
U000316,iOS,高端,271,7,0
U000317,安卓,低端,56,8,0
U000318,iOS,高端,78,8,0
U000319,安卓,中端,1169,5,0
U000320,安卓,中端,15,3,0
U000321,iOS,高端,391,5,0
U000322,iOS,高端,88,8,0
U000323,安卓,中端,120,9,0
U000324,安卓,中端,46,5,0
U000325,iOS,低端,270,11,0
U000326,安卓,低端,571,6,0
U000327,安卓,中端,116,5,0
U000328,iOS,低端,92,11,0
U000329,安卓,中端,168,5,0
U000330,iOS,中端,657,5,0
U000331,安卓,低端,409,4,0
U000332,安卓,中端,1151,6,0
U000333,安卓,中端,33,8,0
U000334,iOS,中端,322,9,0
U000335,安卓,中端,717,4,0
U000336,安卓,中端,31,7,0
U000337,安卓,中端,97,6,0
U000338,iOS,中端,1244,8,0
U000339,安卓,低端,115,4,0
U000340,安卓,中端,22,8,0
U000341,iOS,低端,227,5,0
U000342,iOS,中端,215,6,0
U000343,安卓,低端,890,6,0
U000344,iOS,高端,386,6,0
U000345,iOS,中端,483,8,1
U000346,安卓,低端,2088,5,0
U000347,安卓,低端,71,7,0
U000348,安卓,低端,109,11,0
U000349,安卓,低端,29,5,0
U000350,iOS,高端,286,4,0
U000351,安卓,低端,925,3,0
U000352,安卓,中端,155,9,0
U000353,安卓,中端,17,5,0
U000354,安卓,中端,283,6,0
U000355,安卓,中端,30,7,0
U000356,安卓,高端,55,4,0
U000357,安卓,高端,129,6,0
U000358,安卓,中端,46,7,0
U000359,安卓,低端,226,4,0
U000360,iOS,中端,190,9,0
U000361,安卓,低端,44,4,0
U000362,安卓,高端,420,7,0
U000363,安卓,低端,26,6,0
U000364,iOS,高端,165,4,0
U000365,安卓,中端,654,4,0
U000366,安卓,低端,135,8,0
U000367,安卓,中端,58,5,1
U000368,安卓,低端,507,7,0
U000369,安卓,中端,203,6,0
U000370,安卓,低端,548,5,0
U000371,安卓,中端,166,6,0
U000372,安卓,高端,558,5,0
U000373,安卓,中端,109000,3,0
U000374,安卓,中端,56,6,0
U000375,iOS,低端,420,4,0
U000376,安卓,低端,133,8,0
U000377,安卓,中端,358,6,0
U000378,安卓,高端,101,5,0
U000379,iOS,低端,470,9,0
U000380,安卓,高端,318,4,1
U000381,安卓,低端,1113,6,0
U000382,iOS,低端,206,7,0
U000383,安卓,中端,558,9,0
U000384,安卓,低端,58,4,0
U000385,安卓,低端,275,10,0
U000386,安卓,中端,75,8,0
U000387,iOS,中端,86,8,0
U000388,iOS,中端,193,8,0
U000389,iOS,低端,322,10,0
U000390,安卓,中端,165,5,0
U000391,iOS,高端,1940,5,0
U000392,安卓,高端,329,11,0
U000393,安卓,中端,146,12,0
U000394,安卓,低端,78,7,0
U000395,iOS,高端,640,3,0
U000396,iOS,中端,298,7,0
U000397,iOS,中端,270,4,0
U000398,安卓,中端,191,8,0
U000399,安卓,中端,346,7,0
U000400,安卓,中端,1233,7,0
U000401,安卓,高端,149,4,0
U000402,安卓,高端,246,7,0
U000403,安卓,中端,437,4,0
U000404,iOS,中端,1199,10,0
U000405,安卓,低端,110,5,0
U000406,iOS,中端,246,6,0
U000407,安卓,中端,129,6,0
U000408,iOS,中端,590,11,0
U000409,安卓,中端,133,3,0
U000410,安卓,低端,199,4,0
U000411,安卓,中端,93,3,0
U000412,安卓,中端,154,8,0
U000413,安卓,低端,319,6,0
U000414,安卓,中端,162,3,0
U000415,安卓,低端,3774,4,0
U000416,安卓,低端,677,3,0
U000417,iOS,中端,672,4,0
U000418,iOS,中端,1982,5,0
U000419,安卓,中端,314,7,0
U000420,iOS,中端,388,12,0
U000421,安卓,中端,104,8,0
U000422,安卓,中端,199,7,0
U000423,安卓,高端,1370,13,1
U000424,安卓,中端,61,5,0
U000425,安卓,低端,40,8,0
U000426,安卓,低端,363,5,0
U000427,安卓,低端,122,7,0
U000428,iOS,低端,222,9,0
U000429,安卓,低端,2912,4,0
U000430,iOS,中端,396,19,0
U000431,安卓,中端,281,4,0
U000432,安卓,中端,41,5,0
U000433,安卓,中端,1278,3,1
U000434,安卓,高端,2168,6,0
U000435,安卓,高端,218,7,0
U000436,安卓,低端,1753,5,0
U000437,iOS,高端,61,9,0
U000438,安卓,中端,109,5,0
U000439,安卓,中端,361,3,0
U000440,iOS,高端,517,10,1
U000441,安卓,低端,482,4,0
U000442,安卓,中端,397,5,0
U000443,安卓,高端,3049,6,0
U000444,安卓,中端,147,3,0
U000445,安卓,低端,157,8,0
U000446,安卓,中端,91,7,0
U000447,安卓,中端,242,3,0
U000448,安卓,低端,116,1,0
U000449,安卓,中端,1474,6,1
U000450,安卓,低端,166,5,0
U000451,安卓,低端,618,4,0
U000452,安卓,中端,715,11,0
U000453,安卓,低端,978,11,0
U000454,安卓,低端,147,4,0
U000455,iOS,中端,193,7,0
U000456,安卓,低端,135,3,0
U000457,安卓,中端,137,4,1
U000458,安卓,低端,66,3,0
U000459,iOS,中端,724,6,0
U000460,安卓,中端,28,7,0
U000461,iOS,中端,688,7,0
U000462,安卓,高端,2227,2,0
U000463,安卓,低端,210,9,0
U000464,安卓,中端,600,5,1
U000465,iOS,中端,35,11,0
U000466,iOS,中端,985,8,0
U000467,安卓,高端,733,3,0
U000468,安卓,中端,176,12,0
U000469,iOS,中端,702,7,0
U000470,安卓,高端,85,5,0
U000471,iOS,低端,503,5,0
U000472,安卓,高端,14,8,0
U000473,安卓,低端,990,6,0
U000474,安卓,中端,488,7,0
U000475,iOS,中端,987,6,0
U000476,iOS,中端,262,6,0
U000477,iOS,中端,2363,12,0
U000478,安卓,低端,176,2,0
U000479,安卓,中端,381,9,0
U000480,iOS,高端,351,10,0
U000481,安卓,高端,199,2,0
U000482,安卓,中端,144,6,0
U000483,安卓,中端,29,3,0
U000484,iOS,中端,961,7,0
U000485,安卓,低端,158,5,0
U000486,iOS,高端,1494,11,0
U000487,安卓,低端,165,5,0
U000488,iOS,中端,115,7,0
U000489,iOS,中端,5491,16,0
U000490,iOS,低端,956,5,1
U000491,安卓,中端,158,10,0
U000492,安卓,中端,155,7,0
U000493,安卓,低端,416,3,0
U000494,安卓,低端,1509,9,0
U000495,安卓,中端,1391,8,0
U000496,安卓,高端,130,6,1
U000497,安卓,中端,93,9,0
U000498,iOS,中端,315,9,0
U000499,安卓,低端,336,7,0
U000500,安卓,低端,76,6,0
U000501,安卓,高端,194,6,0
U000502,安卓,低端,59,7,0
U000503,安卓,高端,185,6,0
U000504,iOS,高端,70,8,0
U000505,安卓,低端,106,6,0
U000506,iOS,低端,51,7,0
U000507,iOS,中端,873,12,0
U000508,安卓,中端,526,7,0
U000509,安卓,中端,1041,6,0
U000510,安卓,低端,746,9,0
U000511,iOS,高端,89,6,0
U000512,安卓,低端,377,8,0
U000513,iOS,中端,762,6,0
U000514,安卓,低端,1677,7,0
U000515,安卓,中端,393,5,0
U000516,iOS,中端,143,7,0
U000517,安卓,高端,333,7,0
U000518,iOS,中端,117,8,0
U000519,安卓,低端,154,3,0
U000520,iOS,低端,1631,7,0
U000521,iOS,低端,281,3,0
U000522,iOS,中端,608,4,0
U000523,安卓,低端,100,5,0
U000524,iOS,中端,99,1,0
U000525,安卓,中端,125,6,0
U000526,安卓,中端,860,7,0
U000527,安卓,中端,479,6,0
U000528,安卓,中端,1214,4,0
U000529,安卓,中端,135,4,0
U000530,安卓,高端,2565,6,0
U000531,安卓,低端,1978,4,0
U000532,iOS,高端,169,8,0
U000533,安卓,中端,388,5,0
U000534,iOS,中端,382,7,1
U000535,iOS,高端,244,6,0
U000536,iOS,低端,902,13,0
U000537,iOS,中端,796,15,0
U000538,安卓,低端,370,3,0
U000539,安卓,中端,323,4,0
U000540,iOS,中端,560,6,0
U000541,iOS,高端,84,6,0
U000542,iOS,中端,732,9,0
U000543,安卓,低端,1037,5,0
U000544,安卓,高端,120,8,0
U000545,iOS,中端,353,10,0
U000546,iOS,中端,215,7,0
U000547,安卓,低端,372,5,0
U000548,安卓,中端,190,6,0
U000549,安卓,中端,86,4,0
U000550,iOS,中端,602,5,0
U000551,安卓,中端,91,5,1
U000552,安卓,低端,249,6,0
U000553,iOS,中端,736,7,0
U000554,iOS,高端,523,13,0
U000555,安卓,低端,1373,6,0
U000556,iOS,中端,419,5,0
U000557,iOS,高端,275,2,0
U000558,安卓,高端,354,6,0
U000559,安卓,中端,108,7,0
U000560,安卓,中端,318,5,0
U000561,iOS,中端,436,6,0
U000562,安卓,低端,258,5,0
U000563,安卓,中端,1544,7,0
U000564,iOS,中端,590,10,0
U000565,安卓,低端,165,8,0
U000566,安卓,高端,984,6,0
U000567,安卓,高端,29,2,0
U000568,安卓,中端,26,5,0
U000569,安卓,低端,570,9,0
U000570,安卓,中端,401,9,0
U000571,安卓,低端,126,4,0
U000572,安卓,低端,263,1,0
U000573,iOS,中端,93,5,0
U000574,安卓,中端,510,4,0
U000575,iOS,中端,322,5,0
U000576,安卓,低端,36,4,0
U000577,安卓,中端,226,5,0
U000578,iOS,中端,26,2,0
U000579,安卓,低端,13,5,0
U000580,安卓,低端,237,4,0
U000581,安卓,低端,275,6,0
U000582,安卓,低端,95,4,0
U000583,iOS,中端,1537,8,1
U000584,iOS,高端,1027,8,0
U000585,安卓,低端,1606,7,0
U000586,安卓,低端,1545,7,0
U000587,安卓,高端,38,8,0
U000588,安卓,中端,482,3,1
U000589,iOS,高端,930,7,0
U000590,安卓,高端,771,3,0
U000591,iOS,中端,711,16,0
U000592,安卓,中端,36,5,0
U000593,安卓,中端,608,7,0
U000594,安卓,低端,420,5,0
U000595,安卓,低端,53,8,0
U000596,安卓,高端,52,6,0
U000597,安卓,低端,261,5,0
U000598,安卓,中端,342,6,0
U000599,安卓,中端,102,5,0
U000600,iOS,中端,485,8,0
U000601,安卓,中端,26,4,0
U000602,安卓,中端,162,6,0
U000603,iOS,中端,136,7,0
U000604,安卓,中端,34,4,0
U000605,安卓,中端,707,6,0
U000606,iOS,高端,287,7,0
U000607,安卓,低端,1703,5,0
U000608,安卓,高端,747,3,0
U000609,安卓,低端,380,8,0
U000610,安卓,高端,281,7,0
U000611,iOS,中端,132,8,0
U000612,iOS,低端,184,8,0
U000613,iOS,高端,284,2,0
U000614,安卓,中端,120,4,0
U000615,安卓,低端,418,6,0
U000616,安卓,低端,383,7,0
U000617,iOS,中端,254,11,0
U000618,iOS,中端,539,6,0
U000619,iOS,高端,167,5,0
U000620,iOS,中端,753,7,1
U000621,iOS,高端,99,4,0
U000622,安卓,中端,43,3,0
U000623,安卓,中端,1509000,8,0
U000624,安卓,低端,577,2,0
U000625,安卓,低端,17,6,0
U000626,安卓,低端,1283,4,0
U000627,安卓,中端,55,9,0
U000628,安卓,中端,280,8,0
U000629,安卓,低端,502,7,0
U000630,iOS,中端,439,6,0
U000631,iOS,中端,125,8,0
U000632,安卓,中端,1146,10,0
U000633,iOS,低端,23,6,0
U000634,iOS,低端,676,6,0
U000635,安卓,高端,210,11,0
U000636,安卓,低端,615,6,0
U000637,iOS,中端,529,7,0
U000638,安卓,低端,36,5,0
U000639,安卓,中端,339,6,0
U000640,安卓,中端,131,8,0
U000641,安卓,低端,171,3,0
U000642,安卓,中端,186,4,0
U000643,安卓,中端,87,3,0
U000644,安卓,低端,277,11,0
U000645,iOS,中端,141,7,0
U000646,iOS,低端,122,7,0
U000647,安卓,高端,180,6,0
U000648,iOS,中端,678,5,0
U000649,iOS,中端,201,7,0
U000650,iOS,中端,1193,2,0
U000651,安卓,中端,433,4,0
U000652,iOS,低端,100,9,1
U000653,安卓,中端,93,5,0
U000654,安卓,中端,796,5,0
U000655,iOS,中端,127,4,0
U000656,iOS,中端,688,7,0
U000657,安卓,中端,412,7,0
U000658,安卓,中端,275,3,0
U000659,iOS,中端,320,6,0
U000660,安卓,中端,270,6,0
U000661,安卓,低端,105,7,0
U000662,安卓,高端,129,5,0
U000663,iOS,高端,62,4,0
U000664,安卓,中端,364,9,0
U000665,安卓,中端,75,9,0
U000666,安卓,高端,79,4,0
U000667,iOS,中端,441,6,0
U000668,安卓,中端,4731,7,1
U000669,安卓,高端,1019,4,0
U000670,iOS,高端,513,6,0
U000671,安卓,高端,4241,6,0
U000672,iOS,中端,301,5,0
U000673,安卓,中端,64,5,0
U000674,iOS,中端,660,2,0
U000675,安卓,高端,631,7,0
U000676,安卓,高端,181,10,0
U000677,安卓,低端,91,3,0
U000678,iOS,高端,325,3,0
U000679,安卓,高端,708,7,0
U000680,安卓,低端,94,6,0
U000681,iOS,中端,133,9,0
U000682,安卓,低端,250,6,0
U000683,安卓,中端,439,5,0
U000684,安卓,中端,400,4,0
U000685,安卓,低端,56,8,0
U000686,安卓,中端,92,5,0
U000687,安卓,中端,90,6,0
U000688,安卓,中端,2224,9,0
U000689,安卓,中端,133,4,0
U000690,安卓,中端,149,5,1
U000691,安卓,中端,121,2,0
U000692,安卓,低端,722,4,0
U000693,安卓,高端,39,4,0
U000694,安卓,低端,144,9,0
U000695,iOS,高端,214,6,0
U000696,安卓,低端,218,4,0
U000697,安卓,中端,1322,9,0
U000698,安卓,高端,464,6,0
U000699,安卓,中端,540,8,0
U000700,安卓,高端,62,5,0
U000701,安卓,中端,202,2,0
U000702,iOS,中端,359,10,0
U000703,安卓,低端,1137,10,0
U000704,iOS,高端,844,6,0
U000705,iOS,中端,642,11,0
U000706,安卓,低端,212,6,0
U000707,iOS,高端,458,6,0
U000708,安卓,低端,95,6,0
U000709,安卓,低端,141,5,0
U000710,安卓,中端,323,4,0
U000711,安卓,中端,142,9,0
U000712,iOS,中端,159,7,0
U000713,iOS,中端,218,8,0
U000714,安卓,中端,440,2,0
U000715,iOS,高端,677,9,0
U000716,安卓,高端,313,6,0
U000717,安卓,高端,1080,8,0
U000718,安卓,低端,135,6,0
U000719,iOS,高端,129,7,0
U000720,安卓,低端,280,5,0
U000721,iOS,中端,498,3,0
U000722,安卓,中端,361,6,0
U000723,安卓,低端,69,3,0
U000724,安卓,中端,57,10,1
U000725,安卓,低端,70,5,0
U000726,安卓,中端,619,7,0
U000727,安卓,低端,111,5,0
U000728,iOS,中端,2511,8,0
U000729,安卓,低端,27,6,0
U000730,安卓,中端,1539,8,1
U000731,iOS,低端,205,3,0
U000732,安卓,中端,89,4,0
U000733,安卓,中端,713,5,0
U000734,安卓,低端,176,8,0
U000735,安卓,低端,59,4,0
U000736,安卓,中端,7,2,0
U000737,安卓,低端,234,7,0
U000738,安卓,高端,423,7,0
U000739,iOS,中端,975,6,0
U000740,安卓,中端,1165,8,0
U000741,iOS,中端,131,9,0
U000742,iOS,高端,479,8,0
U000743,iOS,高端,184,10,0
U000744,iOS,中端,85,7,0
U000745,安卓,中端,180,10,0
U000746,iOS,高端,78,4,1
U000747,安卓,高端,350,6,0
U000748,iOS,高端,175,6,0
U000749,iOS,中端,3040,7,0
U000750,iOS,中端,267,7,0
U000751,iOS,高端,484,7,0
U000752,iOS,中端,75,4,0
U000753,安卓,中端,466,8,0
U000754,安卓,低端,56,4,0
U000755,iOS,高端,658,7,0
U000756,安卓,低端,60,2,0
U000757,iOS,中端,344,5,1
U000758,安卓,低端,355,5,0
U000759,安卓,低端,131,6,0
U000760,安卓,低端,98,3,0
U000761,安卓,中端,57,3,0
U000762,安卓,低端,408,8,0
U000763,安卓,高端,36,3,0
U000764,安卓,低端,1543,7,0
U000765,安卓,中端,2412,8,0
U000766,iOS,高端,927,13,0
U000767,安卓,中端,90,7,0
U000768,iOS,高端,200,7,0
U000769,iOS,高端,727,5,0
U000770,安卓,低端,178,3,0
U000771,iOS,中端,155,7,0
U000772,iOS,中端,439,10,0
U000773,安卓,高端,136,5,0
U000774,安卓,高端,233,6,0
U000775,安卓,高端,108,6,0
U000776,iOS,中端,154,8,0
U000777,iOS,中端,256,6,1
U000778,iOS,高端,1249,9,0
U000779,安卓,低端,85,9,0
U000780,安卓,低端,1687,7,0
U000781,iOS,中端,126,8,0
U000782,安卓,中端,848,5,0
U000783,iOS,高端,307,6,0
U000784,iOS,中端,169,5,0
U000785,安卓,低端,24,10,0
U000786,安卓,低端,1153,3,0
U000787,iOS,高端,204,9,0
U000788,安卓,高端,112,5,0
U000789,iOS,中端,147,14,0
U000790,iOS,中端,205,8,0
U000791,安卓,高端,534,6,0
U000792,安卓,中端,11,5,1
U000793,iOS,中端,5056,9,0
U000794,安卓,中端,109,6,0
U000795,安卓,中端,946,7,0
U000796,安卓,低端,144,4,0
U000797,iOS,中端,1838,6,0
U000798,安卓,中端,55,11,0
U000799,安卓,低端,453,7,0
U000800,安卓,高端,455,8,0
U000801,iOS,低端,199,7,0
U000802,安卓,低端,587,5,0
U000803,安卓,中端,613,6,0
U000804,安卓,中端,66,8,0
U000805,安卓,低端,20,4,0
U000806,安卓,中端,7,8,0
U000807,iOS,中端,792,4,0
U000808,安卓,中端,256,6,0
U000809,安卓,高端,453,6,0
U000810,安卓,高端,1224,5,0
U000811,安卓,高端,143,5,0
U000812,iOS,中端,915,5,0
U000813,安卓,中端,347,8,0
U000814,安卓,中端,307,6,0
U000815,安卓,高端,363,8,0
U000816,安卓,低端,1262,8,0
U000817,安卓,低端,56,7,0
U000818,安卓,低端,235,5,0
U000819,安卓,低端,164,6,0
U000820,安卓,中端,121,5,0
U000821,iOS,高端,160,6,0
U000822,安卓,中端,720,4,0
U000823,安卓,中端,150,3,0
U000824,安卓,高端,4840,5,0
U000825,安卓,高端,774,3,0
U000826,iOS,高端,281,8,0
U000827,iOS,高端,257,11,0
U000828,iOS,中端,348,4,0
U000829,iOS,高端,302,7,0
U000830,iOS,中端,19,7,0
U000831,iOS,中端,486,8,0
U000832,安卓,低端,6,8,0
U000833,安卓,低端,23,7,0
U000834,安卓,低端,54,6,0
U000835,安卓,中端,16520,1,0
U000836,iOS,高端,437,9,0
U000837,安卓,低端,440,3,0
U000838,安卓,低端,226,8,0
U000839,安卓,低端,262,7,0
U000840,iOS,高端,364,6,0
U000841,iOS,中端,259,6,0
U000842,iOS,中端,229,9,0
U000843,iOS,中端,414,10,0
U000844,安卓,高端,127,9,0
U000845,iOS,中端,264,4,0
U000846,iOS,中端,53,7,0
U000847,安卓,低端,291,6,0
U000848,iOS,中端,372,7,0
U000849,安卓,中端,300,7,0
U000850,安卓,中端,68,5,0
U000851,安卓,中端,268,4,0
U000852,iOS,高端,256,9,0
U000853,安卓,低端,408,3,0
U000854,iOS,高端,343,12,1
U000855,安卓,中端,1176,5,0
U000856,iOS,中端,144,9,0
U000857,安卓,低端,44,5,0
U000858,安卓,中端,58,4,0
U000859,安卓,低端,854,7,1
U000860,安卓,低端,330,8,1
U000861,安卓,中端,371,8,0
U000862,安卓,中端,375,6,0
U000863,iOS,中端,458,6,0
U000864,安卓,低端,93,7,0
U000865,iOS,中端,1086,6,0
U000866,安卓,中端,405,8,0
U000867,安卓,低端,2680,5,0
U000868,安卓,低端,351,7,0
U000869,安卓,低端,1367,7,0
U000870,安卓,低端,237,7,0
U000871,安卓,中端,370,9,0
U000872,安卓,低端,142,9,0
U000873,iOS,高端,109,14,0
U000874,安卓,中端,838,4,0
U000875,安卓,低端,2589,4,0
U000876,iOS,低端,135,12,0
U000877,安卓,低端,178,7,0
U000878,iOS,高端,1547,5,0
U000879,安卓,低端,59,4,0
U000880,安卓,低端,25,6,0
U000881,iOS,中端,230,10,0
U000882,iOS,中端,132,6,0
U000883,安卓,低端,94,4,0
U000884,安卓,中端,490,5,0
U000885,iOS,高端,710,10,0
U000886,iOS,中端,686,9,0
U000887,安卓,低端,799,7,0
U000888,安卓,高端,174,8,0
U000889,安卓,中端,307,9,0
U000890,安卓,低端,111,5,0
U000891,安卓,低端,118,7,0
U000892,安卓,中端,320,3,0
U000893,安卓,中端,120,7,0
U000894,安卓,高端,120,3,0
U000895,安卓,中端,575,6,0
U000896,iOS,中端,472,8,0
U000897,安卓,低端,169,4,0
U000898,安卓,低端,411,8,0
U000899,安卓,低端,67,8,0
U000900,安卓,高端,25,5,0
U000901,安卓,中端,65,8,0
U000902,iOS,中端,446,4,1
U000903,安卓,高端,621,5,0
U000904,安卓,中端,152,6,0
U000905,安卓,中端,35,2,0
U000906,安卓,中端,391,7,0
U000907,iOS,高端,848,7,0
U000908,安卓,中端,2793,5,0
U000909,安卓,低端,86,11,0
U000910,安卓,低端,255,2,0
U000911,安卓,低端,463,3,0
U000912,iOS,中端,291,6,0
U000913,iOS,高端,134,8,1
U000914,安卓,中端,100,5,0
U000915,安卓,低端,56,3,0
U000916,安卓,低端,54,7,0
U000917,安卓,高端,18,5,0
U000918,iOS,中端,576,5,0
U000919,安卓,高端,166,5,0
U000920,安卓,中端,13,4,0
U000921,安卓,中端,74,6,0
U000922,安卓,中端,249,4,0
U000923,安卓,高端,1975,8,0
U000924,安卓,中端,299,5,0
U000925,安卓,中端,136,4,1
U000926,iOS,高端,119,10,0
U000927,iOS,中端,426,7,0
U000928,安卓,中端,78,7,0
U000929,安卓,中端,1849,6,0
U000930,安卓,中端,166,3,0
U000931,安卓,低端,375,8,0
U000932,安卓,中端,86,4,0
U000933,安卓,低端,21,5,0
U000934,安卓,中端,643,5,1
U000935,安卓,低端,1717,6,1
U000936,安卓,中端,320,8,0
U000937,安卓,低端,527,5,0
U000938,安卓,低端,378,6,0
U000939,安卓,中端,581,5,0
U000940,安卓,低端,290,6,0
U000941,安卓,低端,463,4,0
U000942,安卓,中端,390,6,0
U000943,安卓,低端,30,10,0
U000944,安卓,中端,71,6,0
U000945,安卓,中端,53,7,0
U000946,安卓,低端,284,7,0
U000947,安卓,中端,4009,3,0
U000948,安卓,低端,513,8,0
U000949,iOS,高端,670,3,1
U000950,iOS,中端,309,10,0
U000951,iOS,高端,413,5,0
U000952,安卓,高端,261,6,0
U000953,安卓,中端,45,3,0
U000954,安卓,低端,91,5,0
U000955,安卓,低端,79,6,0
U000956,安卓,低端,89,8,0
U000957,安卓,低端,107,4,0
U000958,安卓,中端,968,3,0
U000959,安卓,高端,310,2,0
U000960,iOS,中端,89,4,0
U000961,安卓,中端,169,7,0
U000962,iOS,中端,577,10,1
U000963,安卓,高端,241,8,0
U000964,安卓,低端,139,6,1
U000965,安卓,高端,43,6,0
U000966,安卓,中端,112,6,0
U000967,安卓,中端,196,4,0
U000968,安卓,低端,24,5,0
U000969,iOS,高端,219,5,0
U000970,iOS,中端,622,8,0
U000971,安卓,中端,884,5,0
U000972,安卓,高端,144,6,0
U000973,安卓,中端,127,6,0
U000974,安卓,低端,194,5,0
U000975,安卓,低端,257,6,0
U000976,安卓,高端,117,6,0
U000977,安卓,低端,553,7,0
U000978,安卓,低端,1029,8,0
U000979,安卓,低端,777,6,0
U000980,iOS,高端,201,6,0
U000981,安卓,高端,323,7,0
U000982,安卓,低端,13,5,0
U000983,iOS,中端,234,4,0
U000984,安卓,高端,921,4,0
U000985,安卓,中端,1339,4,0
U000986,iOS,高端,151,4,0
U000987,安卓,中端,78,6,0
U000988,安卓,低端,14,7,0
U000989,安卓,低端,99,4,0
U000990,安卓,中端,226,6,0
U000991,iOS,中端,500,11,0
U000992,iOS,高端,169,8,0
U000993,安卓,中端,786,4,0
U000994,iOS,中端,189,6,0
U000995,安卓,中端,97,5,0
U000996,iOS,中端,1042,6,0
U000997,安卓,中端,65,5,0
U000998,安卓,中端,9,2,0
U000999,iOS,高端,339,5,0
U001000,安卓,低端,600,9,0
U001001,安卓,低端,638,7,0
U001002,安卓,中端,261,5,0
U001003,安卓,中端,168,7,0
U001004,iOS,中端,232,18,0
U001005,iOS,中端,301,6,0
U001006,安卓,高端,223,6,0
U001007,iOS,中端,78,9,0
U001008,安卓,中端,205,7,0
U001009,安卓,中端,3338,5,0
U001010,安卓,低端,97,6,0
U001011,安卓,中端,46,4,0
U001012,安卓,低端,26,10,0
U001013,安卓,中端,673,9,0
U001014,安卓,中端,145,5,0
U001015,安卓,低端,414,5,0
U001016,iOS,中端,430,4,0
U001017,安卓,中端,59,6,0
U001018,iOS,低端,152,5,0
U001019,iOS,高端,416,5,0
U001020,iOS,中端,1498,6,0
U001021,安卓,高端,1239,5,0
U001022,iOS,中端,867,10,0
U001023,安卓,中端,352,7,0
U001024,安卓,高端,413,5,0
U001025,安卓,中端,700,4,0
U001026,iOS,高端,484,7,0
U001027,iOS,高端,236,12,0
U001028,iOS,中端,210,8,0
U001029,安卓,中端,185,7,1
U001030,安卓,中端,429,5,0
U001031,安卓,高端,853,5,0
U001032,安卓,中端,39,2,0
U001033,iOS,中端,228,5,0
U001034,iOS,高端,596,10,0
U001035,iOS,中端,133,6,0
U001036,安卓,中端,572,6,0
U001037,安卓,中端,512,5,0
U001038,iOS,中端,148,10,0
U001039,安卓,高端,2424,4,0
U001040,安卓,中端,1807,5,0
U001041,安卓,中端,96,3,0
U001042,安卓,低端,26,4,0
U001043,iOS,中端,769,7,0
U001044,iOS,高端,596,11,0
U001045,iOS,中端,40,7,0
U001046,iOS,中端,185,6,1
U001047,iOS,中端,338,5,0
U001048,iOS,中端,107,6,0
U001049,安卓,中端,2713,9,0
U001050,iOS,中端,654,12,0
U001051,安卓,高端,131,7,0
U001052,安卓,低端,312,3,0
U001053,安卓,低端,213,5,0
U001054,安卓,低端,136,2,0
U001055,安卓,低端,280,9,0
U001056,安卓,中端,280,5,0
U001057,iOS,高端,798,10,0
U001058,iOS,高端,317,7,0
U001059,iOS,中端,811,5,0
U001060,iOS,中端,271,7,0
U001061,安卓,中端,729,6,0
U001062,安卓,低端,71,2,0
U001063,安卓,中端,58,4,0
U001064,安卓,高端,2806,3,0
U001065,iOS,低端,109,13,0
U001066,安卓,低端,9,9,0
U001067,iOS,中端,86,13,0
U001068,安卓,中端,986,2,0
U001069,安卓,中端,197,4,0
U001070,安卓,低端,134,4,0
U001071,安卓,低端,220,5,0
U001072,安卓,中端,183,5,0
U001073,安卓,中端,4565,4,0
U001074,安卓,低端,113,8,0
U001075,iOS,中端,1167,6,0
U001076,安卓,低端,2583,2,0
U001077,安卓,高端,395,3,0
U001078,安卓,中端,63,3,0
U001079,安卓,低端,75,1,0
U001080,安卓,中端,152,6,0
U001081,安卓,低端,35,4,0
U001082,iOS,中端,1097,8,0
U001083,安卓,低端,601,4,0
U001084,iOS,中端,822,14,0
U001085,安卓,中端,30,10,0
U001086,iOS,高端,148,8,0
U001087,iOS,低端,825,4,0
U001088,iOS,高端,407,5,0
U001089,安卓,低端,425,9,0
U001090,安卓,低端,48,7,0
U001091,安卓,中端,7,4,0
U001092,iOS,中端,33,11,0
U001093,安卓,中端,326,6,0
U001094,安卓,低端,1705,8,0
U001095,安卓,低端,175,3,0
U001096,iOS,中端,86,10,0
U001097,安卓,高端,338,8,0
U001098,安卓,中端,491,6,0
U001099,安卓,低端,514,7,0
U001100,iOS,高端,217,4,0
U001101,安卓,高端,339,6,0
U001102,安卓,低端,41,3,0
U001103,安卓,中端,9,7,0
U001104,安卓,中端,530,6,0
U001105,安卓,中端,369,6,0
U001106,安卓,中端,2589,3,0
U001107,安卓,低端,106,4,0
U001108,iOS,中端,387,5,0
U001109,安卓,中端,34,5,0
U001110,安卓,中端,679,3,0
U001111,安卓,中端,110,7,0
U001112,iOS,高端,772,9,0
U001113,安卓,低端,47,4,0
U001114,iOS,高端,190,5,0
U001115,安卓,低端,66,7,0
U001116,安卓,低端,2583,2,1
U001117,安卓,低端,408,8,0
U001118,iOS,中端,1019,9,0
U001119,iOS,中端,307,8,0
U001120,安卓,中端,165,9,0
U001121,安卓,高端,295,6,0
U001122,iOS,中端,431,9,0
U001123,安卓,低端,525,2,0
U001124,安卓,中端,271,7,1
U001125,iOS,中端,338,8,0
U001126,安卓,低端,152,3,0
U001127,iOS,中端,753,10,0
U001128,安卓,中端,329,10,0
U001129,iOS,高端,327,6,0
U001130,iOS,中端,2296,6,1
U001131,安卓,中端,61,5,0
U001132,iOS,中端,215,7,0
U001133,安卓,中端,37,8,0
U001134,iOS,中端,338,6,0
U001135,安卓,中端,142,4,0
U001136,iOS,中端,81,8,0
U001137,iOS,低端,2551,5,0
U001138,安卓,中端,134,6,0
U001139,安卓,低端,869,6,0
U001140,iOS,低端,267,5,0
U001141,安卓,高端,195,5,0
U001142,iOS,中端,626,7,0
U001143,安卓,低端,409,5,0
U001144,安卓,中端,139,3,0
U001145,iOS,中端,170,11,0
U001146,安卓,低端,1975,2,0
U001147,iOS,高端,292,5,0
U001148,安卓,低端,17,3,0
U001149,安卓,高端,1895,6,0
U001150,安卓,低端,166,1,0
U001151,安卓,中端,221,5,0
U001152,安卓,中端,117,8,0
U001153,安卓,低端,472,3,0
U001154,安卓,低端,715,7,0
U001155,iOS,中端,448,3,0
U001156,安卓,中端,47,7,0
U001157,安卓,中端,96,6,0
U001158,安卓,低端,1283,7,0
U001159,安卓,高端,210,8,0
U001160,iOS,高端,828,4,0
U001161,iOS,中端,234,9,0
U001162,安卓,高端,1039,6,0
U001163,iOS,低端,146,11,0
U001164,安卓,低端,559,7,0
U001165,安卓,低端,378,4,0
U001166,iOS,低端,121,7,0
U001167,安卓,中端,258,3,0
U001168,安卓,中端,286,5,0
U001169,安卓,低端,98,6,0
U001170,安卓,低端,175,4,0
U001171,安卓,低端,350,3,0
U001172,安卓,低端,248,6,0
U001173,安卓,低端,4256,8,0
U001174,iOS,中端,224,7,0
U001175,iOS,中端,244,5,0
U001176,安卓,中端,353,5,0
U001177,安卓,中端,2374,7,0
U001178,iOS,中端,182,7,0
U001179,iOS,中端,371,2,0
U001180,iOS,高端,1009,7,0
U001181,安卓,中端,1089,8,0
U001182,iOS,高端,763,6,0
U001183,安卓,中端,475,4,0
U001184,安卓,中端,43,5,0
U001185,iOS,低端,671,7,0
U001186,iOS,中端,63,8,0
U001187,安卓,中端,542,3,0
U001188,iOS,高端,597,5,0
U001189,安卓,低端,217,6,0
U001190,安卓,低端,1187,7,0
U001191,安卓,高端,36,4,0
U001192,iOS,中端,89,9,0
U001193,安卓,低端,15,6,0
U001194,iOS,中端,375,5,0
U001195,iOS,高端,1559,10,0
U001196,iOS,中端,1525,6,0
U001197,iOS,中端,123,6,0
U001198,安卓,低端,39,6,0
U001199,安卓,低端,95,9,0
U001200,iOS,高端,207,5,0
U001201,安卓,高端,22558,10,0
U001202,iOS,中端,136,12,0
U001203,iOS,高端,629,4,0
U001204,安卓,低端,335,6,0
U001205,iOS,中端,290,8,1
U001206,iOS,低端,242,4,0
U001207,安卓,中端,236,6,0
U001208,iOS,高端,205,10,0
U001209,安卓,中端,113,5,0
U001210,iOS,中端,165,4,0
U001211,安卓,低端,901,7,0
U001212,安卓,中端,164,7,0
U001213,iOS,中端,277,5,0
U001214,iOS,中端,80,7,0
U001215,安卓,高端,493,2,0
U001216,安卓,中端,1108,5,0
U001217,安卓,中端,243,5,0
U001218,iOS,低端,303,8,0
U001219,安卓,中端,43,2,0
U001220,iOS,中端,128,7,0
U001221,安卓,低端,254,7,0
U001222,iOS,中端,1207,5,0
U001223,安卓,低端,107,8,0
U001224,iOS,高端,332,11,0
U001225,iOS,中端,53,8,0
U001226,安卓,高端,2094,7,0
U001227,iOS,高端,165,7,0
U001228,安卓,高端,125,3,0
U001229,安卓,低端,423,2,0
U001230,安卓,中端,636,8,0
U001231,安卓,低端,220,4,0
U001232,iOS,高端,177,8,0
U001233,iOS,中端,760,4,0
U001234,安卓,中端,136,8,0
U001235,iOS,高端,150,12,0
U001236,安卓,高端,587,2,0
U001237,iOS,中端,219,7,0
U001238,iOS,高端,90,6,0
U001239,iOS,低端,366,5,0
U001240,iOS,高端,192,7,0
U001241,安卓,中端,264,5,0
U001242,安卓,低端,30,5,0
U001243,iOS,中端,151,12,0
U001244,iOS,中端,168,9,0
U001245,iOS,中端,110,6,0
U001246,iOS,中端,338,7,0
U001247,安卓,低端,106,4,0
U001248,iOS,中端,497,4,0
U001249,安卓,低端,65,5,0
U001250,安卓,低端,53,6,0
U001251,安卓,低端,63,7,0
U001252,iOS,低端,230,17,0
U001253,安卓,低端,290,7,1
U001254,iOS,低端,97,6,0
U001255,iOS,中端,835,5,0
U001256,iOS,高端,495,8,0
U001257,安卓,中端,651,8,0
U001258,iOS,中端,396,5,0
U001259,安卓,中端,361,5,0
U001260,安卓,中端,362,5,0
U001261,安卓,低端,536,6,0
U001262,安卓,中端,279,6,1
U001263,iOS,中端,840,3,0
U001264,安卓,低端,72,11,0
U001265,安卓,中端,19,4,0
U001266,iOS,低端,112,7,0
U001267,iOS,高端,226,7,0
U001268,安卓,中端,249,4,0
U001269,安卓,低端,187,4,0
U001270,安卓,高端,4742,8,0
U001271,iOS,中端,299,7,0
U001272,安卓,高端,1394,5,0
U001273,iOS,中端,668,9,0
U001274,安卓,高端,173,9,0
U001275,iOS,中端,74,8,0
U001276,安卓,低端,31,2,0
U001277,安卓,高端,669,3,0
U001278,iOS,中端,104,9,0
U001279,安卓,低端,708,4,0
U001280,安卓,中端,123,7,0
U001281,iOS,高端,184,6,0
U001282,安卓,中端,325,6,0
U001283,安卓,中端,114,5,0
U001284,iOS,中端,292,7,0
U001285,iOS,高端,261,7,0
U001286,安卓,中端,37,3,0
U001287,安卓,中端,39,5,0
U001288,iOS,中端,224,5,0
U001289,iOS,高端,234,9,0
U001290,安卓,高端,32,5,0
U001291,iOS,高端,396,5,0
U001292,安卓,低端,112,9,0
U001293,安卓,低端,550,11,0
U001294,iOS,中端,374,9,0
U001295,安卓,低端,148,6,0
U001296,iOS,中端,1432,10,0
U001297,iOS,中端,315,8,0
U001298,安卓,低端,13,7,0
U001299,安卓,中端,183,8,0
U001300,iOS,低端,140,9,0
U001301,iOS,中端,1548,6,0
U001302,安卓,低端,64,6,0
U001303,安卓,中端,23,12,0
U001304,iOS,中端,348,10,0
U001305,iOS,中端,154,8,0
U001306,iOS,高端,416,7,0
U001307,iOS,中端,820,9,0
U001308,安卓,中端,689,3,0
U001309,安卓,中端,40,4,0
U001310,安卓,低端,444,6,0
U001311,安卓,低端,103,3,0
U001312,安卓,低端,231,5,0
U001313,安卓,中端,56,4,0
U001314,安卓,低端,677,7,0
U001315,iOS,高端,619,10,0
U001316,安卓,低端,64,3,0
U001317,iOS,低端,686,9,0
U001318,安卓,高端,446,5,0
U001319,iOS,中端,54,11,0
U001320,安卓,高端,135,6,0
U001321,iOS,中端,438,4,0
U001322,安卓,低端,353,7,0
U001323,安卓,低端,208,9,0
U001324,安卓,中端,85,6,0
U001325,安卓,低端,529,8,0
U001326,iOS,中端,62,5,1
U001327,iOS,中端,259,8,0
U001328,安卓,低端,26,15,0
U001329,安卓,中端,51,8,0
U001330,iOS,中端,601,3,0
U001331,安卓,中端,95,3,0
U001332,iOS,高端,163,7,0
U001333,iOS,中端,447,9,0
U001334,安卓,低端,89,7,0
U001335,安卓,中端,131,10,0
U001336,iOS,中端,201,6,0
U001337,安卓,中端,360,9,0
U001338,安卓,中端,35,6,0
U001339,iOS,中端,79,6,0
U001340,iOS,高端,450,8,0
U001341,iOS,中端,401,8,0
U001342,iOS,高端,1510,7,0
U001343,安卓,高端,472,4,0
U001344,安卓,中端,712,7,0
U001345,安卓,中端,752,7,0
U001346,iOS,低端,1550,7,0
U001347,iOS,中端,182,7,0
U001348,iOS,高端,130,8,0
U001349,iOS,中端,72,7,0
U001350,iOS,高端,552,5,0
U001351,iOS,中端,297,10,0
U001352,安卓,中端,124,6,0
U001353,安卓,低端,159,3,0
U001354,安卓,低端,58,7,0
U001355,安卓,低端,32,7,0
U001356,iOS,中端,196,12,0
U001357,iOS,中端,235,9,0
U001358,安卓,低端,1458,7,0
U001359,iOS,中端,435,13,0
U001360,安卓,中端,528,8,0
U001361,iOS,中端,258,2,0
U001362,iOS,高端,279,6,0
U001363,安卓,中端,332,6,0
U001364,安卓,低端,1209,4,0
U001365,iOS,低端,846,12,0
U001366,安卓,低端,314,5,0
U001367,安卓,低端,118,6,1
U001368,iOS,中端,346,5,0
U001369,安卓,中端,176,3,0
U001370,iOS,中端,234,14,0
U001371,iOS,中端,839,4,1
U001372,安卓,高端,126,4,0
U001373,iOS,高端,361,6,0
U001374,安卓,低端,120,5,1
U001375,安卓,低端,83,4,0
U001376,安卓,低端,75,5,0
U001377,iOS,中端,344,9,0
U001378,iOS,中端,69,8,0
U001379,安卓,低端,1458,4,0
U001380,安卓,低端,407,10,0
U001381,安卓,低端,417,9,0
U001382,iOS,中端,272000,12,0
U001383,安卓,中端,388,3,0
U001384,安卓,中端,269,7,0
U001385,安卓,中端,194,3,0
U001386,安卓,低端,3979,6,0
U001387,安卓,中端,310,3,0
U001388,iOS,中端,418,5,0
U001389,安卓,高端,918,7,0
U001390,安卓,中端,227,5,0
U001391,安卓,低端,36,9,0
U001392,iOS,低端,225,8,0
U001393,iOS,低端,337,4,0
U001394,安卓,高端,11,7,0
U001395,安卓,低端,28,8,0
U001396,iOS,中端,838,6,0
U001397,iOS,高端,559,6,0
U001398,安卓,中端,82,6,0
U001399,安卓,低端,183,5,0
U001400,安卓,中端,158,5,0
U001401,安卓,中端,32,3,0
U001402,安卓,中端,95,7,0
U001403,安卓,低端,444,8,0
U001404,iOS,低端,343,9,0
U001405,安卓,中端,116,9,0
U001406,安卓,中端,416,1,0
U001407,安卓,高端,138,2,0
U001408,iOS,中端,13919,13,0
U001409,安卓,低端,114,3,0
U001410,安卓,中端,125,4,0
U001411,安卓,高端,335,5,0
U001412,安卓,低端,57,8,0
U001413,安卓,中端,389,5,0
U001414,安卓,低端,218,8,0
U001415,安卓,低端,474,3,0
U001416,iOS,低端,420,4,0
U001417,安卓,中端,161,6,0
U001418,安卓,中端,33,10,0
U001419,安卓,低端,124,4,0
U001420,安卓,中端,1400,5,0
U001421,安卓,低端,15,4,0
U001422,安卓,低端,27,4,0
U001423,安卓,低端,735,4,0
U001424,iOS,中端,173,3,0
U001425,安卓,高端,58,4,0
U001426,iOS,中端,186,14,0
U001427,安卓,低端,82,6,0
U001428,安卓,低端,436,5,0
U001429,安卓,高端,3447,5,0
U001430,安卓,中端,69,4,0
U001431,安卓,中端,55,8,1
U001432,安卓,高端,144,7,1
U001433,iOS,中端,32,6,0
U001434,iOS,中端,310,8,0
U001435,iOS,中端,355,8,0
U001436,安卓,中端,553,3,0
U001437,iOS,高端,1135,9,0
U001438,iOS,高端,246,10,0
U001439,iOS,高端,263,5,0
U001440,安卓,中端,202,2,0
U001441,安卓,低端,131,5,0
U001442,iOS,低端,681,5,0
U001443,安卓,中端,929,6,0
U001444,安卓,高端,361,7,0
U001445,iOS,高端,303,8,0
U001446,安卓,中端,19,5,0
U001447,安卓,中端,24,4,0
U001448,iOS,中端,790,7,0
U001449,安卓,低端,47,7,1
U001450,安卓,中端,94,3,0
U001451,安卓,中端,128,8,0
U001452,安卓,中端,340,4,0
U001453,iOS,中端,95,10,0
U001454,iOS,高端,256,7,0
U001455,iOS,中端,199,3,0
U001456,iOS,中端,1635,8,0
U001457,安卓,中端,174,3,0
U001458,iOS,高端,224,8,0
U001459,安卓,中端,342,5,0
U001460,安卓,低端,153,3,0
U001461,iOS,高端,1165,9,1
U001462,iOS,中端,414,7,1
U001463,安卓,低端,1138,6,0
U001464,安卓,低端,435,6,0
U001465,安卓,中端,45,6,0
U001466,iOS,高端,327,7,0
U001467,安卓,中端,287,4,0
U001468,安卓,高端,98,10,0
U001469,安卓,中端,262,4,0
U001470,安卓,中端,850,3,0
U001471,安卓,中端,429,3,0
U001472,安卓,低端,163,7,0
U001473,安卓,高端,123,5,0
U001474,安卓,低端,244,7,0
U001475,安卓,低端,127,6,0
U001476,安卓,低端,822,3,1
U001477,安卓,高端,1898,2,0
U001478,iOS,高端,249,5,0
U001479,iOS,高端,3463,5,0
U001480,安卓,低端,37,9,0
U001481,iOS,中端,56,8,0
U001482,iOS,中端,737,6,1
U001483,iOS,中端,93,8,1
U001484,iOS,高端,85,12,0
U001485,iOS,中端,371,7,0
U001486,安卓,低端,226,8,0
U001487,安卓,中端,171,4,0
U001488,安卓,低端,37,5,0
U001489,安卓,低端,29,7,0
U001490,iOS,高端,1810,9,0
U001491,安卓,低端,512,5,0
U001492,安卓,高端,103,4,0
U001493,安卓,高端,348,5,0
U001494,iOS,中端,65,4,1
U001495,iOS,中端,167,6,0
U001496,安卓,高端,46,4,0
U001497,安卓,中端,28,6,0
U001498,iOS,中端,589,7,0
U001499,iOS,中端,219,5,0
U001500,iOS,高端,175,4,0
U001501,安卓,中端,235,6,1
U001502,安卓,中端,1464,11,0
U001503,安卓,中端,2044,2,0
U001504,安卓,低端,147,3,0
U001505,安卓,中端,3142,2,0
U001506,安卓,中端,487,5,0
U001507,iOS,低端,142,10,0
U001508,安卓,低端,151,8,0
U001509,安卓,中端,542,10,0
U001510,iOS,中端,288,10,0
U001511,安卓,低端,214,8,0
U001512,安卓,中端,356,8,0
U001513,安卓,低端,26,10,0
U001514,iOS,中端,737,2,0
U001515,iOS,中端,290,5,0
U001516,iOS,高端,307,9,0
U001517,安卓,低端,703,7,0
U001518,安卓,高端,68,5,0
U001519,安卓,低端,476,8,0
U001520,iOS,中端,363,5,0
U001521,iOS,中端,133,10,0
U001522,安卓,中端,303,6,0
U001523,安卓,低端,85,2,0
U001524,安卓,中端,64,6,0
U001525,安卓,中端,443,8,0
U001526,安卓,中端,9,6,0
U001527,安卓,低端,88,5,0
U001528,iOS,中端,327,9,0
U001529,安卓,中端,22,6,0
U001530,安卓,中端,1797,3,0
U001531,安卓,低端,336,8,0
U001532,安卓,中端,126,7,0
U001533,安卓,低端,77,6,0
U001534,安卓,高端,258,4,0
U001535,安卓,中端,800,5,0
U001536,安卓,中端,74,4,0
U001537,安卓,低端,1137,4,0
U001538,安卓,低端,46,9,0
U001539,iOS,高端,1725,4,1
U001540,安卓,低端,163,6,0
U001541,iOS,中端,344,8,0
U001542,安卓,低端,464,6,0
U001543,iOS,中端,349,4,0
U001544,安卓,中端,444,3,0
U001545,安卓,低端,468,5,0
U001546,安卓,低端,836,4,0
U001547,iOS,低端,145,11,1
U001548,安卓,中端,322000,4,0
U001549,安卓,中端,633,5,1
U001550,安卓,低端,27,4,0
U001551,安卓,中端,213,3,0
U001552,iOS,中端,286,4,0
U001553,安卓,中端,1009,7,0
U001554,iOS,中端,239,7,0
U001555,安卓,低端,70,6,0
U001556,iOS,高端,643,10,0
U001557,安卓,低端,178,4,0
U001558,安卓,低端,747,7,0
U001559,iOS,高端,121,4,0
U001560,iOS,低端,3820,9,0
U001561,安卓,中端,578,8,1
U001562,安卓,中端,109,10,0
U001563,iOS,中端,885,7,0
U001564,安卓,低端,143,4,0
U001565,安卓,高端,748,4,0
U001566,安卓,低端,728,4,0
U001567,安卓,中端,215,8,0
U001568,iOS,中端,399,8,0
U001569,iOS,中端,966,7,0
U001570,安卓,中端,27,3,0
U001571,iOS,高端,980,5,0
U001572,安卓,低端,70,6,0
U001573,安卓,低端,499,6,0
U001574,安卓,低端,30,9,0
U001575,iOS,高端,657,8,1
U001576,iOS,高端,793,7,0
U001577,iOS,中端,236,5,0
U001578,安卓,中端,682,7,0
U001579,安卓,低端,80,4,0
U001580,iOS,中端,271,9,0
U001581,安卓,低端,1034,9,0
U001582,安卓,中端,146,6,0
U001583,安卓,低端,802,3,0
U001584,安卓,中端,267,7,0
U001585,安卓,中端,55,4,0
U001586,安卓,低端,916,5,0
U001587,安卓,低端,194,4,0
U001588,iOS,中端,499,9,0
U001589,安卓,低端,75,6,0
U001590,安卓,高端,2804,6,1
U001591,iOS,中端,368,10,0
U001592,安卓,中端,888,10,0
U001593,安卓,高端,975,5,0
U001594,iOS,中端,699,3,0
U001595,安卓,低端,461,6,0
U001596,iOS,中端,197,7,0
U001597,安卓,低端,420,5,0
U001598,安卓,低端,29,4,0
U001599,安卓,低端,81,6,0
U001600,安卓,低端,877,3,0
U001601,iOS,高端,2755,7,0
U001602,安卓,高端,244,4,0
U001603,iOS,中端,242,9,0
U001604,安卓,低端,64,11,0
U001605,安卓,中端,177,7,0
U001606,安卓,中端,86,13,0
U001607,iOS,中端,449,7,0
U001608,安卓,中端,660,5,0
U001609,安卓,低端,335,6,0
U001610,安卓,低端,156,5,0
U001611,安卓,低端,906,5,0
U001612,iOS,中端,259,5,0
U001613,iOS,低端,638,5,1
U001614,安卓,中端,1053,2,0
U001615,安卓,中端,142,6,0
U001616,安卓,低端,42,6,0
U001617,安卓,低端,88,7,0
U001618,安卓,中端,252,11,0
U001619,安卓,中端,46,7,0
U001620,iOS,高端,1427,7,0
U001621,安卓,中端,140,4,0
U001622,iOS,低端,237,6,0
U001623,安卓,低端,384,7,0
U001624,安卓,中端,385,6,0
U001625,安卓,高端,213,8,1
U001626,安卓,低端,129,5,1
U001627,安卓,中端,489,6,0
U001628,安卓,低端,243,4,0
U001629,iOS,中端,224,5,0
U001630,安卓,中端,2256,3,0
U001631,iOS,低端,449,7,0
U001632,安卓,中端,244,7,0
U001633,安卓,低端,565,5,0
U001634,安卓,低端,596,6,0
U001635,安卓,中端,94,6,0
U001636,iOS,中端,271,5,0
U001637,iOS,中端,96,5,0
U001638,安卓,中端,106,6,0
U001639,安卓,低端,1352,6,0
U001640,安卓,中端,242,6,0
U001641,iOS,中端,226,5,0
U001642,iOS,低端,471,4,0
U001643,安卓,低端,46,7,0
U001644,安卓,低端,172,8,0
U001645,安卓,低端,49,6,0
U001646,安卓,中端,359,9,0
U001647,安卓,低端,196,4,0
U001648,iOS,低端,119,4,0
U001649,安卓,中端,126,5,0
U001650,iOS,中端,569,7,0
U001651,安卓,高端,90,3,0
U001652,iOS,中端,305,7,0
U001653,iOS,高端,285,10,0
U001654,安卓,低端,224,3,0
U001655,安卓,低端,766,7,0
U001656,安卓,低端,417,13,0
U001657,安卓,低端,762,3,0
U001658,安卓,低端,400,4,0
U001659,安卓,低端,52,5,0
U001660,iOS,高端,242,5,0
U001661,安卓,中端,130,6,0
U001662,iOS,高端,199,9,0
U001663,安卓,低端,314,7,0
U001664,安卓,中端,299,9,0
U001665,安卓,中端,84,3,0
U001666,安卓,中端,1307,7,0
U001667,安卓,低端,359,6,0
U001668,安卓,中端,309,5,0
U001669,安卓,中端,153,3,0
U001670,iOS,高端,389,4,0
U001671,安卓,低端,91,2,0
U001672,安卓,中端,1077,5,0
U001673,iOS,高端,171,7,0
U001674,安卓,中端,3733,10,1
U001675,安卓,中端,1132,7,0
U001676,iOS,中端,201,10,0
U001677,安卓,高端,427,8,0
U001678,安卓,低端,1006,8,0
U001679,iOS,高端,322,8,0
U001680,安卓,低端,329,7,0
U001681,安卓,低端,104,5,0
U001682,iOS,中端,35,5,0
U001683,iOS,高端,407,1,0
U001684,安卓,中端,147,4,0
U001685,安卓,低端,40,8,0
U001686,iOS,中端,1467,6,1
U001687,安卓,低端,377,5,0
U001688,安卓,中端,928,6,0
U001689,iOS,中端,83,9,0
U001690,iOS,高端,250,8,0
U001691,安卓,低端,275,6,0
U001692,iOS,高端,1040,10,0
U001693,安卓,低端,322,5,0
U001694,安卓,中端,248,8,0
U001695,安卓,中端,505,2,0
U001696,安卓,低端,160,3,0
U001697,安卓,中端,352,4,0
U001698,安卓,低端,2422,9,0
U001699,安卓,中端,213,4,0
U001700,安卓,中端,66,5,0
U001701,安卓,中端,428,8,0
U001702,iOS,高端,582,7,0
U001703,iOS,高端,544,6,0
U001704,安卓,低端,2004,9,0
U001705,安卓,中端,69,8,0
U001706,安卓,中端,107,6,0
U001707,安卓,低端,147,5,0
U001708,安卓,低端,23,7,0
U001709,安卓,中端,1426,7,0
U001710,安卓,低端,397,7,0
U001711,安卓,中端,171,8,0
U001712,安卓,低端,124,5,0
U001713,安卓,高端,405,3,0
U001714,安卓,中端,22,5,0
U001715,安卓,低端,257,6,0
U001716,安卓,中端,84,5,0
U001717,安卓,中端,432,9,0
U001718,安卓,高端,1652,3,0
U001719,安卓,低端,1021,6,0
U001720,iOS,中端,876,7,0
U001721,iOS,中端,97,9,0
U001722,iOS,中端,360,8,1
U001723,安卓,中端,1638,4,0
U001724,安卓,中端,831,5,0
U001725,iOS,中端,1115,9,0
U001726,iOS,中端,59,6,0
U001727,安卓,低端,191,8,0
U001728,安卓,中端,235,7,0
U001729,iOS,低端,202,6,0
U001730,安卓,低端,452,3,0
U001731,安卓,中端,379,6,0
U001732,安卓,低端,100,7,0
U001733,iOS,低端,270,5,0
U001734,iOS,低端,64,6,0
U001735,安卓,低端,407,6,0
U001736,安卓,中端,381,5,0
U001737,安卓,低端,685,2,0
U001738,安卓,低端,28,3,0
U001739,iOS,高端,1094,6,0
U001740,安卓,中端,129,6,0
U001741,安卓,低端,300,3,0
U001742,安卓,低端,275,8,0
U001743,安卓,低端,1154,8,0
U001744,安卓,低端,33,2,0
U001745,安卓,中端,72,4,0
U001746,iOS,高端,355,6,0
U001747,安卓,低端,252,7,0
U001748,安卓,低端,95,4,0
U001749,iOS,低端,256,9,0
U001750,安卓,低端,747,4,0
U001751,安卓,高端,709,3,0
U001752,安卓,高端,1126,4,0
U001753,安卓,低端,46,8,0
U001754,安卓,低端,154,9,0
U001755,安卓,高端,922,5,0
U001756,iOS,高端,844,9,1
U001757,安卓,中端,70,6,0
U001758,安卓,低端,38,5,0
U001759,安卓,低端,27,6,0
U001760,安卓,低端,290,3,0
U001761,安卓,低端,12,9,0
U001762,安卓,中端,1065,3,0
U001763,安卓,高端,124,5,0
U001764,iOS,高端,675,9,0
U001765,安卓,中端,125,8,0
U001766,iOS,高端,206,3,0
U001767,iOS,高端,226,6,0
U001768,安卓,中端,104,7,0
U001769,iOS,高端,140,5,0
U001770,安卓,低端,181,10,0
U001771,iOS,中端,210,7,0
U001772,安卓,低端,129,6,0
U001773,安卓,中端,63,5,0
U001774,安卓,中端,42,7,0
U001775,iOS,中端,60,10,0
U001776,安卓,中端,374,7,0
U001777,安卓,中端,26,5,0
U001778,iOS,中端,1124,8,0
U001779,安卓,低端,442,9,0
U001780,iOS,中端,224,4,0
U001781,iOS,低端,165,12,0
U001782,安卓,中端,821,7,0
U001783,安卓,低端,134,6,0
U001784,iOS,低端,207,11,1
U001785,安卓,中端,257,8,0
U001786,安卓,中端,58,6,0
U001787,安卓,低端,77,6,0
U001788,安卓,低端,56,4,0
U001789,iOS,中端,139,5,1
U001790,iOS,中端,324,7,0
U001791,安卓,低端,86,8,0
U001792,安卓,中端,775,2,0
U001793,安卓,低端,67,3,0
U001794,iOS,高端,273,5,0
U001795,iOS,高端,149,7,0
U001796,iOS,中端,649,9,1
U001797,安卓,中端,83,4,0
U001798,iOS,中端,1821,6,0
U001799,安卓,低端,708,5,0
U001800,安卓,低端,349,4,1
U001801,iOS,低端,94,7,0
U001802,iOS,高端,293,6,0
U001803,iOS,低端,196,8,0
U001804,安卓,低端,84,7,0
U001805,安卓,低端,373,6,0
U001806,安卓,高端,91,6,0
U001807,安卓,高端,160,5,0
U001808,iOS,高端,595,8,0
U001809,安卓,中端,68,3,0
U001810,iOS,中端,175,3,0
U001811,安卓,低端,262,8,0
U001812,安卓,中端,24,2,0
U001813,安卓,高端,24,5,0
U001814,iOS,中端,186,7,0
U001815,iOS,高端,2134,8,0
U001816,安卓,低端,231,8,1
U001817,安卓,低端,50,6,1
U001818,安卓,低端,357,4,0
U001819,安卓,低端,217,5,0
U001820,iOS,高端,121,14,0
U001821,安卓,中端,204000,3,0
U001822,安卓,低端,16,8,0
U001823,安卓,中端,50,7,0
U001824,iOS,低端,838,9,0
U001825,安卓,中端,236,4,0
U001826,安卓,低端,467,4,0
U001827,安卓,中端,42,3,0
U001828,iOS,中端,97,4,1
U001829,安卓,低端,84,5,0
U001830,安卓,高端,393,7,0
U001831,安卓,高端,15050,3,0
U001832,安卓,中端,294,9,0
U001833,iOS,中端,81,9,0
U001834,iOS,中端,610,5,0
U001835,安卓,高端,400,5,0
U001836,安卓,中端,691,2,0
U001837,iOS,中端,127,7,1
U001838,安卓,中端,31,6,0
U001839,安卓,低端,4074,7,0
U001840,安卓,中端,88,6,0
U001841,安卓,低端,268,9,0
U001842,安卓,低端,61000,6,0
U001843,iOS,高端,440,6,0
U001844,iOS,高端,641,4,0
U001845,安卓,低端,69,7,0
U001846,iOS,中端,327,9,0
U001847,iOS,高端,242,8,0
U001848,安卓,低端,321,3,0
U001849,安卓,高端,1680,5,0
U001850,iOS,低端,506,7,0
U001851,iOS,中端,420,8,0
U001852,安卓,低端,76,5,0
U001853,安卓,低端,38,3,0
U001854,iOS,高端,276,5,0
U001855,iOS,高端,316,10,0
U001856,安卓,低端,144,3,0
U001857,安卓,低端,146,5,0
U001858,安卓,中端,216,12,0
U001859,iOS,中端,31,5,0
U001860,安卓,低端,326,3,0
U001861,iOS,低端,43,8,0
U001862,安卓,中端,136,7,1
U001863,iOS,高端,383,7,0
U001864,iOS,高端,508,7,1
U001865,安卓,高端,336,3,0
U001866,iOS,中端,2220,8,0
U001867,安卓,低端,33,3,0
U001868,iOS,中端,191,4,0
U001869,安卓,中端,421,12,0
U001870,安卓,中端,2977,6,0
U001871,安卓,中端,586,8,0
U001872,iOS,低端,1058,11,1
U001873,安卓,中端,404,5,0
U001874,安卓,中端,158,7,0
U001875,安卓,低端,901,6,0
U001876,安卓,低端,5,7,0
U001877,安卓,中端,262,3,1
U001878,安卓,高端,43,4,0
U001879,安卓,中端,357,5,0
U001880,安卓,中端,196,4,0
U001881,iOS,中端,72,12,0
U001882,安卓,低端,30,3,0
U001883,iOS,中端,640,10,0
U001884,安卓,中端,239,2,0
U001885,安卓,中端,154,6,1
U001886,安卓,低端,15,5,0
U001887,安卓,中端,403,8,0
U001888,安卓,中端,17,11,0
U001889,安卓,高端,77,4,0
U001890,安卓,低端,1457,8,1
U001891,iOS,中端,230,11,0
U001892,安卓,低端,7755,6,0
U001893,安卓,低端,167,5,0
U001894,安卓,中端,978,4,0
U001895,iOS,高端,163,3,0
U001896,安卓,中端,44,5,0
U001897,iOS,高端,607,7,0
U001898,安卓,高端,130,6,0
U001899,安卓,高端,385,6,0
U001900,安卓,中端,394,10,0
U001901,iOS,低端,392,5,0
U001902,安卓,低端,294,6,0
U001903,安卓,中端,174,4,0
U001904,安卓,低端,196,6,0
U001905,安卓,中端,266,9,0
U001906,安卓,中端,183,6,0
U001907,安卓,中端,227,4,0
U001908,安卓,低端,1347,4,0
U001909,安卓,中端,44,10,1
U001910,安卓,中端,185,8,0
U001911,iOS,中端,90,7,0
U001912,iOS,中端,423,5,0
U001913,安卓,低端,148,6,0
U001914,iOS,高端,2170,10,0
U001915,安卓,中端,52,1,0
U001916,安卓,中端,164,3,0
U001917,安卓,高端,137,6,0
U001918,安卓,中端,193,3,0
U001919,iOS,中端,387,9,0
U001920,安卓,高端,1244,2,0
U001921,安卓,中端,557,10,0
U001922,安卓,中端,203,8,0
U001923,iOS,中端,1332,10,0
U001924,安卓,中端,284,6,0
U001925,iOS,高端,352,6,0
U001926,安卓,低端,55,4,0
U001927,安卓,中端,516,4,0
U001928,安卓,中端,139,11,0
U001929,安卓,低端,317,8,0
U001930,iOS,中端,651,7,0
U001931,iOS,中端,152,7,0
U001932,安卓,低端,32,6,0
U001933,安卓,低端,136,3,0
U001934,iOS,中端,218,9,0
U001935,安卓,中端,813,5,0
U001936,安卓,低端,255,11,0
U001937,安卓,中端,163,4,0
U001938,安卓,低端,188,4,0
U001939,安卓,中端,186,6,0
U001940,安卓,中端,84,3,0
U001941,安卓,低端,25,9,0
U001942,安卓,中端,397,3,0
U001943,安卓,低端,121,6,0
U001944,安卓,中端,141,4,0
U001945,iOS,低端,1312,6,0
U001946,iOS,中端,125,6,0
U001947,安卓,低端,171,5,0
U001948,安卓,中端,20,7,0
U001949,iOS,高端,572,7,0
U001950,iOS,高端,178,7,0
U001951,iOS,中端,215,5,0
U001952,安卓,中端,145,4,0
U001953,安卓,低端,169,7,0
U001954,iOS,中端,898,7,0
U001955,安卓,中端,22,5,0
U001956,安卓,中端,140,2,0
U001957,安卓,中端,83,6,0
U001958,安卓,中端,43,2,0
U001959,安卓,低端,159,7,0
U001960,安卓,中端,112,8,0
U001961,安卓,中端,127,3,0
U001962,安卓,中端,656,3,0
U001963,安卓,中端,385,5,0
U001964,安卓,中端,125,5,0
U001965,安卓,低端,193,8,0
U001966,安卓,低端,148,7,0
U001967,安卓,中端,468,5,0
U001968,iOS,低端,173,5,0
U001969,安卓,中端,98,5,0
U001970,iOS,中端,518,13,0
U001971,安卓,中端,177,5,0
U001972,安卓,低端,290,5,0
U001973,iOS,中端,188,7,0
U001974,安卓,中端,1157,9,0
U001975,iOS,低端,204,6,0
U001976,安卓,低端,603,11,0
U001977,安卓,中端,1346,8,0
U001978,安卓,中端,172,6,0
U001979,iOS,中端,331,8,0
U001980,安卓,低端,724,4,0
U001981,安卓,低端,213,4,0
U001982,安卓,中端,384,4,0
U001983,安卓,中端,220,6,0
U001984,安卓,中端,281,5,0
U001985,iOS,高端,367,7,0
U001986,安卓,中端,114,8,0
U001987,安卓,中端,300,7,0
U001988,iOS,高端,282,8,0
U001989,安卓,低端,1066,5,0
U001990,安卓,中端,66,6,0
U001991,安卓,低端,79,7,0
U001992,安卓,低端,76,7,0
U001993,安卓,低端,129,8,1
U001994,iOS,中端,132,7,1
U001995,安卓,中端,653,3,0
U001996,安卓,高端,467,6,0
U001997,安卓,中端,415,5,0
U001998,安卓,低端,40,6,0
U001999,安卓,低端,317,6,0
U002000,安卓,中端,1801,6,0
U002001,安卓,中端,105,6,0
U002002,iOS,低端,518,6,0
U002003,安卓,高端,492,7,0
U002004,iOS,中端,162,8,0
U002005,安卓,低端,206,6,0
U002006,安卓,中端,138,5,0
U002007,安卓,低端,250,3,0
U002008,iOS,中端,536,7,0
U002009,安卓,中端,639,6,0
U002010,安卓,低端,559,5,0
U002011,安卓,中端,158,6,0
U002012,安卓,低端,567,5,0
U002013,安卓,中端,647,9,0
U002014,安卓,低端,432,9,0
U002015,iOS,中端,1098,7,0
U002016,iOS,中端,183,7,0
U002017,iOS,高端,605,3,0
U002018,安卓,中端,179,7,0
U002019,安卓,低端,138,8,0
U002020,安卓,中端,88,3,0
U002021,安卓,低端,185,5,0
U002022,安卓,低端,39,11,0
U002023,安卓,中端,105,9,0
U002024,iOS,中端,489,9,0
U002025,iOS,中端,1481,4,0
U002026,安卓,高端,409,3,0
U002027,安卓,中端,320,6,0
U002028,iOS,中端,160,9,0
U002029,iOS,高端,1706,6,0
U002030,安卓,中端,456,4,1
U002031,安卓,中端,1743,6,0
U002032,安卓,中端,71,5,0
U002033,安卓,高端,353,5,0
U002034,安卓,低端,1032,8,0
U002035,安卓,中端,37,6,0
U002036,安卓,中端,272,3,0
U002037,安卓,低端,44,5,0
U002038,安卓,中端,1741000,4,0
U002039,安卓,高端,337,6,0
U002040,安卓,中端,78,4,0
U002041,iOS,高端,206,5,0
U002042,安卓,高端,62,10,0
U002043,安卓,中端,111,4,0
U002044,安卓,低端,44,8,0
U002045,安卓,低端,469,7,0
U002046,iOS,中端,99,7,0
U002047,安卓,低端,745,6,0
U002048,iOS,中端,572,6,0
U002049,安卓,中端,422,5,0
U002050,iOS,中端,306,9,0
U002051,iOS,低端,113,8,0
U002052,安卓,中端,75,4,0
U002053,iOS,高端,99,10,1
U002054,安卓,低端,530,4,0
U002055,安卓,低端,354,5,0
U002056,安卓,高端,15505,6,0
U002057,安卓,低端,155,3,0
U002058,iOS,中端,141,10,0
U002059,安卓,低端,59,4,0
U002060,安卓,低端,218,5,0
U002061,安卓,中端,350,6,0
U002062,安卓,低端,600,6,0
U002063,iOS,高端,298,5,0
U002064,安卓,低端,7928,8,0
U002065,安卓,低端,261,3,0
U002066,安卓,低端,46,6,0
U002067,iOS,中端,355,6,0
U002068,iOS,低端,177,9,0
U002069,iOS,中端,78,11,0
U002070,安卓,中端,324,5,0
U002071,安卓,低端,190,6,0
U002072,安卓,高端,437,3,0
U002073,安卓,低端,148,5,0
U002074,安卓,高端,164,5,0
U002075,安卓,高端,123,3,0
U002076,安卓,中端,227,5,0
U002077,iOS,高端,560,6,0
U002078,安卓,高端,34,5,0
U002079,iOS,中端,1304,7,0
U002080,安卓,中端,452,5,0
U002081,安卓,低端,93,9,0
U002082,iOS,高端,275,9,0
U002083,iOS,中端,173,6,0
U002084,安卓,高端,165,4,0
U002085,安卓,低端,1088,8,0
U002086,安卓,中端,54,6,0
U002087,安卓,中端,95,6,0
U002088,安卓,低端,554,4,0
U002089,安卓,高端,395,4,0
U002090,安卓,中端,191,2,0
U002091,安卓,低端,234,6,0
U002092,iOS,中端,1729,8,0
U002093,iOS,中端,1315,5,0
U002094,iOS,低端,763,7,0
U002095,iOS,中端,384,16,0
U002096,安卓,低端,33,2,0
U002097,安卓,中端,338,6,0
U002098,安卓,低端,400,4,0
U002099,iOS,中端,843,10,0
U002100,iOS,低端,562,13,0
U002101,安卓,低端,1275,4,0
U002102,安卓,中端,82,8,0
U002103,iOS,中端,1441,11,0
U002104,安卓,低端,270,6,0
U002105,安卓,中端,566,3,0
U002106,安卓,高端,1617,4,0
U002107,安卓,低端,363,6,0
U002108,安卓,中端,36,4,0
U002109,iOS,低端,1971,8,0
U002110,安卓,中端,1238,5,0
U002111,iOS,中端,1764,8,0
U002112,iOS,中端,176,10,0
U002113,安卓,低端,161,7,0
U002114,安卓,高端,179,3,0
U002115,iOS,低端,205,4,0
U002116,安卓,中端,205,9,0
U002117,安卓,低端,120,9,0
U002118,iOS,高端,59,11,0
U002119,iOS,高端,236,3,1
U002120,iOS,低端,407,8,0
U002121,安卓,低端,73,4,0
U002122,安卓,中端,1308,7,0
U002123,安卓,中端,5,2,0
U002124,iOS,高端,63,8,0
U002125,安卓,高端,110,7,1
U002126,iOS,中端,249,4,0
U002127,安卓,高端,89,8,0
U002128,安卓,低端,580,8,0
U002129,安卓,中端,189,4,0
U002130,iOS,中端,1109,6,0
U002131,iOS,高端,72,12,0
U002132,iOS,高端,1691,5,0
U002133,iOS,中端,92,6,0
U002134,iOS,中端,152,12,0
U002135,安卓,中端,1515,3,0
U002136,安卓,高端,171,7,0
U002137,安卓,高端,71,7,0
U002138,iOS,中端,485,11,0
U002139,安卓,中端,594,7,0
U002140,安卓,低端,36,6,0
U002141,安卓,低端,218,7,0
U002142,安卓,中端,317,6,0
U002143,安卓,中端,164,5,0
U002144,iOS,中端,185,7,0
U002145,安卓,中端,115,5,0
U002146,安卓,高端,551,4,0
U002147,安卓,低端,257,7,0
U002148,安卓,中端,687,7,0
U002149,安卓,低端,323,7,0
U002150,安卓,高端,156,8,0
U002151,安卓,低端,558,5,0
U002152,iOS,中端,1665,10,0
U002153,安卓,中端,93,8,0
U002154,安卓,低端,191,8,0
U002155,安卓,中端,29,7,0
U002156,iOS,中端,646,11,0
U002157,iOS,中端,233,6,0
U002158,安卓,低端,255,6,0
U002159,安卓,高端,170,3,0
U002160,安卓,低端,845,5,0
U002161,安卓,低端,106,7,0
U002162,iOS,高端,4918,9,0
U002163,安卓,中端,815,6,0
U002164,安卓,低端,799,4,0
U002165,安卓,低端,44,4,0
U002166,安卓,低端,329,6,0
U002167,安卓,低端,74,5,0
U002168,安卓,中端,2075,3,0
U002169,iOS,高端,472,7,0
U002170,安卓,高端,43,8,0
U002171,iOS,高端,680,9,0
U002172,安卓,中端,1064,8,0
U002173,安卓,中端,583,7,0
U002174,iOS,高端,141,4,0
U002175,安卓,低端,547,7,0
U002176,安卓,高端,1050,8,0
U002177,安卓,低端,293,6,0
U002178,安卓,低端,772,8,0
U002179,安卓,中端,859,4,0
U002180,iOS,高端,376,5,0
U002181,安卓,中端,109,2,0
U002182,iOS,高端,58,7,0
U002183,安卓,高端,166,5,0
U002184,安卓,中端,143,7,1
U002185,iOS,高端,172,9,0
U002186,安卓,高端,616,5,0
U002187,iOS,中端,133,5,0
U002188,安卓,中端,163,3,0
U002189,安卓,低端,189,6,0
U002190,安卓,低端,641,3,1
U002191,安卓,中端,285,4,0
U002192,iOS,中端,64,5,0
U002193,iOS,高端,304,7,0
U002194,安卓,低端,943,11,0
U002195,安卓,中端,130,4,0
U002196,安卓,高端,460,3,0
U002197,安卓,中端,526,2,0
U002198,安卓,高端,80,7,0
U002199,安卓,中端,219,6,0
U002200,安卓,高端,45,5,1
U002201,安卓,低端,18,1,0
U002202,安卓,中端,239,7,0
U002203,安卓,高端,261,5,0
U002204,安卓,低端,573,7,0
U002205,安卓,高端,172,5,0
U002206,安卓,中端,87,6,0
U002207,安卓,中端,551,2,0
U002208,安卓,中端,271,6,0
U002209,安卓,中端,61,6,0
U002210,iOS,中端,496,7,1
U002211,iOS,中端,83,10,1
U002212,安卓,低端,51,2,0
U002213,安卓,低端,176,4,0
U002214,安卓,低端,2378,7,0
U002215,iOS,高端,209,6,0
U002216,安卓,低端,49,6,0
U002217,安卓,高端,1640,3,0
U002218,安卓,中端,46,8,0
U002219,安卓,低端,365,13,0
U002220,安卓,低端,121,5,0
U002221,iOS,中端,282,7,0
U002222,iOS,中端,422,8,0
U002223,安卓,高端,43,9,0
U002224,安卓,高端,2214,7,0
U002225,安卓,低端,2155,6,0
U002226,安卓,低端,398,10,1
U002227,安卓,中端,63,4,0
U002228,iOS,中端,572,10,0
U002229,iOS,中端,191,6,0
U002230,安卓,高端,29,7,0
U002231,安卓,低端,111,4,0
U002232,iOS,中端,113,8,0
U002233,安卓,高端,145,8,0
U002234,iOS,高端,378,5,0
U002235,安卓,低端,58,4,0
U002236,安卓,中端,1116,4,0
U002237,安卓,高端,434,7,0
U002238,安卓,中端,97,4,0
U002239,安卓,中端,272,9,0
U002240,iOS,中端,303,5,0
U002241,iOS,高端,113,8,0
U002242,iOS,高端,898,6,0
U002243,iOS,中端,1030,6,0
U002244,安卓,中端,503,6,0
U002245,iOS,高端,255,14,0
U002246,安卓,中端,1918,6,0
U002247,安卓,高端,275,4,0
U002248,安卓,中端,170,3,0
U002249,iOS,中端,78,6,0
U002250,iOS,中端,1773,7,0
U002251,安卓,中端,352,3,0
U002252,安卓,低端,1434,3,0
U002253,iOS,低端,322,12,1
U002254,安卓,低端,192,8,0
U002255,iOS,高端,35,10,0
U002256,iOS,高端,602,6,0
U002257,安卓,低端,80,6,0
U002258,iOS,中端,1189,10,0
U002259,iOS,中端,121,7,0
U002260,安卓,低端,204,7,0
U002261,iOS,高端,200,8,1
U002262,iOS,低端,678,7,0
U002263,安卓,低端,236,4,0
U002264,iOS,中端,148,8,0
U002265,安卓,高端,40,7,0
U002266,安卓,高端,340,5,0
U002267,安卓,低端,316,4,0
U002268,安卓,低端,434,4,0
U002269,安卓,中端,417,7,0
U002270,安卓,低端,38,5,0
U002271,iOS,高端,339,7,0
U002272,安卓,低端,108,3,0
U002273,iOS,高端,272,9,0
U002274,安卓,低端,8,1,0
U002275,iOS,中端,200,8,0
U002276,安卓,低端,2703,11,0
U002277,安卓,低端,205,5,0
U002278,安卓,中端,499,4,0
U002279,iOS,中端,33,4,0
U002280,安卓,高端,53,5,0
U002281,iOS,低端,743,10,0
U002282,iOS,中端,238,6,0
U002283,安卓,中端,2229,3,0
U002284,安卓,低端,43,10,0
U002285,iOS,中端,180,16,0
U002286,iOS,中端,1127,10,0
U002287,安卓,低端,230,5,0
U002288,安卓,中端,225,9,0
U002289,安卓,低端,41,1,0
U002290,安卓,中端,57,3,0
U002291,iOS,低端,268,11,1
U002292,iOS,高端,53,9,0
U002293,iOS,中端,366,7,0
U002294,安卓,低端,112,5,0
U002295,iOS,低端,436,11,0
U002296,iOS,中端,254,7,1
U002297,iOS,高端,759,9,0
U002298,安卓,中端,1292,7,0
U002299,安卓,中端,592,8,0
U002300,iOS,中端,1659,9,0
U002301,安卓,中端,573,5,0
U002302,iOS,中端,115,8,0
U002303,安卓,中端,197,5,0
U002304,安卓,低端,155,5,0
U002305,安卓,中端,226,3,0
U002306,安卓,低端,134,3,0
U002307,安卓,低端,73,4,0
U002308,安卓,中端,242,6,0
U002309,iOS,中端,274,5,0
U002310,安卓,低端,1876,7,0
U002311,安卓,高端,200,5,0
U002312,安卓,中端,180,5,0
U002313,iOS,高端,51,9,0
U002314,iOS,中端,278,7,0
U002315,iOS,高端,163,8,0
U002316,安卓,中端,318,4,0
U002317,安卓,高端,241,6,0
U002318,iOS,中端,926,15,0
U002319,安卓,低端,1356,7,0
U002320,安卓,中端,174,6,0
U002321,安卓,低端,127,5,0
U002322,安卓,高端,200,9,0
U002323,安卓,中端,20,4,0
U002324,iOS,中端,1229,10,0
U002325,安卓,中端,297,7,0
U002326,安卓,中端,207,2,0
U002327,iOS,中端,971,9,0
U002328,安卓,中端,150,7,0
U002329,iOS,中端,226,2,0
U002330,iOS,中端,459,6,1
U002331,安卓,中端,60,12,0
U002332,安卓,中端,269,11,0
U002333,iOS,中端,172,9,0
U002334,安卓,中端,66,6,0
U002335,安卓,中端,698,10,0
U002336,iOS,中端,207,5,0
U002337,安卓,低端,687,5,0
U002338,安卓,低端,162,4,0
U002339,安卓,中端,73,6,0
U002340,iOS,中端,1338,7,0
U002341,iOS,中端,1735,9,0
U002342,安卓,低端,167,1,0
U002343,iOS,中端,970,7,0
U002344,iOS,低端,215,10,1
U002345,安卓,中端,123,13,0
U002346,安卓,中端,92,8,0
U002347,安卓,中端,102,11,0
U002348,安卓,中端,52,4,0
U002349,安卓,高端,365,4,0
U002350,iOS,中端,243,6,1
U002351,安卓,中端,463,5,0
U002352,安卓,高端,2641,4,0
U002353,iOS,高端,7716,10,0
U002354,安卓,中端,309,11,0
U002355,安卓,低端,5841,5,0
U002356,安卓,中端,12,5,0
U002357,iOS,中端,104,11,0
U002358,iOS,中端,119,13,0
U002359,安卓,中端,31,5,0
U002360,安卓,中端,160,2,0
U002361,安卓,中端,544,12,0
U002362,安卓,低端,46,4,0
U002363,安卓,低端,1459,7,0
U002364,安卓,高端,898,5,0
U002365,安卓,低端,51,4,0
U002366,安卓,低端,448,8,0
U002367,iOS,中端,1212,7,0
U002368,安卓,中端,313,3,0
U002369,安卓,低端,110,8,0
U002370,安卓,中端,139,5,0
U002371,iOS,中端,117,9,0
U002372,iOS,高端,772,5,0
U002373,安卓,低端,366,7,0
U002374,安卓,高端,144,3,0
U002375,安卓,低端,104,5,0
U002376,安卓,中端,85,6,0
U002377,安卓,低端,60,5,0
U002378,安卓,低端,536,4,0
U002379,安卓,中端,401,9,0
U002380,安卓,高端,411,4,0
U002381,iOS,中端,309,7,0
U002382,安卓,低端,131,6,0
U002383,安卓,中端,926,7,0
U002384,iOS,中端,346,13,0
U002385,iOS,高端,458,6,0
U002386,安卓,高端,2203,3,0
U002387,安卓,中端,1350,13,0
U002388,iOS,中端,330,4,0
U002389,安卓,高端,1400,2,0
U002390,安卓,中端,162,8,0
U002391,安卓,中端,468,3,0
U002392,iOS,中端,64,5,0
U002393,安卓,低端,5574,5,1
U002394,安卓,低端,600,6,0
U002395,安卓,中端,30,3,0
U002396,安卓,低端,659,8,0
U002397,安卓,中端,3752,5,0
U002398,安卓,低端,911,8,0
U002399,iOS,中端,417,6,0
U002400,安卓,低端,271,7,0
U002401,iOS,中端,1161,10,0
U002402,安卓,低端,167,2,0
U002403,安卓,低端,168,5,0
U002404,iOS,高端,959,5,0
U002405,安卓,中端,18,4,0
U002406,安卓,中端,137,7,0
U002407,iOS,中端,381,6,0
U002408,安卓,中端,209,5,0
U002409,安卓,高端,72,8,1
U002410,安卓,低端,91,10,1
U002411,安卓,低端,1603,9,0
U002412,iOS,低端,92,9,0
U002413,安卓,低端,359,4,0
U002414,安卓,中端,22,8,0
U002415,iOS,高端,292,6,0
U002416,iOS,高端,1330,12,0
U002417,安卓,低端,388,8,0
U002418,iOS,高端,533,5,0
U002419,安卓,高端,2985,5,0
U002420,安卓,中端,807,1,0
U002421,安卓,中端,608,7,0
U002422,安卓,高端,871,5,0
U002423,安卓,低端,270,8,0
U002424,安卓,中端,802,5,0
U002425,iOS,高端,880,10,0
U002426,安卓,中端,83,6,0
U002427,安卓,高端,482,4,0
U002428,iOS,低端,257,8,0
U002429,安卓,中端,96,3,0
U002430,安卓,低端,1147,7,0
U002431,iOS,高端,591,8,1
U002432,安卓,中端,197,5,0
U002433,iOS,高端,1165,7,0
U002434,iOS,低端,240,9,0
U002435,安卓,低端,382,2,0
U002436,安卓,中端,269,5,0
U002437,安卓,低端,69,4,0
U002438,iOS,中端,62,6,0
U002439,安卓,低端,1207,6,0
U002440,安卓,高端,70,7,0
U002441,安卓,中端,155,3,0
U002442,安卓,低端,109,5,0
U002443,安卓,低端,86,7,0
U002444,iOS,中端,705,10,0
U002445,iOS,中端,282,10,0
U002446,安卓,中端,147,4,0
U002447,iOS,中端,96,6,0
U002448,安卓,低端,190,9,0
U002449,安卓,低端,48,6,0
U002450,iOS,中端,955,6,0
U002451,iOS,高端,103,5,0
U002452,安卓,中端,87,2,0
U002453,安卓,中端,424,7,0
U002454,安卓,高端,115,5,0
U002455,安卓,低端,674,6,0
U002456,安卓,低端,91,6,0
U002457,安卓,低端,2101,5,0
U002458,iOS,高端,436,6,0
U002459,安卓,低端,1231,2,0
U002460,安卓,中端,227,6,0
U002461,iOS,中端,375,14,0
U002462,安卓,中端,393,5,0
U002463,安卓,低端,31,4,1
U002464,安卓,中端,1151,6,0
U002465,安卓,低端,191,4,0
U002466,安卓,中端,363,6,0
U002467,安卓,中端,79,5,0
U002468,安卓,中端,74,4,0
U002469,iOS,低端,2241,6,0
U002470,iOS,中端,183,9,0
U002471,iOS,高端,164,6,0
U002472,iOS,高端,795,9,0
U002473,安卓,高端,195,5,0
U002474,安卓,低端,28,6,0
U002475,安卓,低端,977,7,0
U002476,iOS,高端,724,8,0
U002477,安卓,中端,604,5,0
U002478,安卓,低端,52,3,0
U002479,iOS,低端,533,9,0
U002480,iOS,中端,621,9,0
U002481,安卓,低端,634,8,0
U002482,安卓,低端,88,6,0
U002483,安卓,中端,51,6,0
U002484,iOS,低端,816,4,0
U002485,安卓,低端,407,4,1
U002486,安卓,中端,600,3,0
U002487,iOS,中端,416,3,0
U002488,安卓,中端,411,6,0
U002489,安卓,低端,161,4,0
U002490,安卓,高端,62,7,0
U002491,iOS,低端,52,10,0
U002492,iOS,中端,168,13,0
U002493,安卓,低端,359,6,0
U002494,iOS,低端,495,3,0
U002495,安卓,低端,227,7,0
U002496,安卓,低端,108,5,0
U002497,iOS,高端,218,8,0
U002498,安卓,低端,5,5,0
U002499,安卓,高端,78,5,0
U002500,iOS,中端,422,6,0
U002501,安卓,高端,95,2,0
U002502,iOS,低端,823,9,0
U002503,安卓,中端,79,4,0
U002504,安卓,中端,204,4,0
U002505,iOS,中端,466,9,0
U002506,安卓,低端,285,5,0
U002507,安卓,低端,490,6,0
U002508,安卓,中端,669,5,0
U002509,iOS,中端,212,12,0
U002510,iOS,高端,362,6,1
U002511,iOS,中端,239,5,0
U002512,iOS,高端,276,9,0
U002513,iOS,中端,76,13,0
U002514,安卓,低端,2412,7,1
U002515,安卓,低端,70,2,0
U002516,安卓,低端,1246,2,0
U002517,iOS,高端,3194,9,0
U002518,安卓,低端,82,4,0
U002519,iOS,中端,221,6,0
U002520,安卓,中端,37,4,0
U002521,安卓,低端,44,7,0
U002522,安卓,中端,118,4,0
U002523,安卓,低端,52,6,1
U002524,安卓,低端,242,5,0
U002525,安卓,低端,88,6,0
U002526,iOS,高端,245,16,1
U002527,安卓,低端,714,6,0
U002528,安卓,低端,444,6,0
U002529,安卓,低端,170,3,0
U002530,安卓,低端,31,5,0
U002531,安卓,中端,146,7,0
U002532,安卓,中端,98,4,0
U002533,安卓,中端,72,9,0
U002534,安卓,高端,139,6,0
U002535,安卓,中端,1843,4,0
U002536,安卓,低端,719,10,0
U002537,安卓,中端,84,4,0
U002538,安卓,中端,253,7,1
U002539,安卓,中端,1413,8,0
U002540,安卓,低端,216,4,0
U002541,安卓,低端,1384,7,0
U002542,iOS,中端,69,6,0
U002543,安卓,中端,238,6,0
U002544,iOS,中端,60,11,0
U002545,安卓,低端,381,5,0
U002546,安卓,中端,862,3,0
U002547,安卓,中端,182,6,0
U002548,安卓,高端,414,5,0
U002549,iOS,高端,88,5,0
U002550,iOS,高端,495,5,0
U002551,安卓,中端,972,4,1
U002552,安卓,低端,125,2,0
U002553,安卓,低端,13,11,0
U002554,安卓,中端,1329,4,0
U002555,安卓,低端,244,6,0
U002556,安卓,低端,236,4,0
U002557,安卓,低端,117,2,0
U002558,iOS,中端,802,8,0
U002559,iOS,中端,970,4,0
U002560,安卓,高端,638,6,0
U002561,iOS,中端,223,11,0
U002562,安卓,中端,26,6,0
U002563,iOS,中端,410,6,0
U002564,iOS,中端,5019,7,0
U002565,安卓,低端,45,9,0
U002566,安卓,低端,3942,6,0
U002567,安卓,低端,54,5,0
U002568,iOS,中端,197,11,0
U002569,安卓,中端,96,5,0
U002570,安卓,中端,798,4,0
U002571,iOS,中端,218,7,0
U002572,安卓,中端,194,6,0
U002573,iOS,高端,506,5,0
U002574,安卓,中端,157,7,1
U002575,iOS,高端,218,4,0
U002576,安卓,中端,784,6,0
U002577,安卓,低端,436,6,0
U002578,安卓,中端,172,6,0
U002579,安卓,中端,1180,6,0
U002580,iOS,高端,580,10,0
U002581,安卓,中端,120,6,0
U002582,安卓,低端,50,3,0
U002583,安卓,中端,527,6,0
U002584,安卓,低端,34,6,0
U002585,安卓,中端,1099,7,0
U002586,iOS,高端,1408,5,0
U002587,iOS,中端,164,8,1
U002588,安卓,中端,163,6,0
U002589,iOS,高端,200,7,0
U002590,iOS,高端,747,7,0
U002591,安卓,中端,2407,7,0
U002592,安卓,中端,294,6,0
U002593,iOS,中端,34,8,0
U002594,iOS,中端,58,5,0
U002595,iOS,中端,97,6,0
U002596,安卓,中端,123,7,0
U002597,安卓,高端,229,3,0
U002598,iOS,中端,339,8,0
U002599,iOS,中端,552,7,0
U002600,安卓,中端,562,6,0
U002601,iOS,中端,30,9,0
U002602,安卓,低端,85,5,0
U002603,安卓,低端,434,4,0
U002604,iOS,低端,248,6,0
U002605,iOS,中端,906,8,0
U002606,iOS,中端,111,8,0
U002607,安卓,中端,52,9,0
U002608,安卓,低端,94,5,0
U002609,iOS,中端,241,9,0
U002610,安卓,中端,132,5,0
U002611,iOS,低端,363,5,0
U002612,安卓,中端,12,5,0
U002613,iOS,高端,310,9,0
U002614,安卓,中端,107,2,0
U002615,安卓,中端,861,5,0
U002616,安卓,低端,176,4,0
U002617,安卓,中端,316,5,0
U002618,安卓,低端,163,6,0
U002619,iOS,高端,397,5,0
U002620,安卓,高端,156,4,0
U002621,安卓,中端,65,8,0
U002622,安卓,中端,211,5,0
U002623,安卓,低端,140,5,0
U002624,iOS,低端,693,13,0
U002625,安卓,低端,1061,3,0
U002626,iOS,中端,3363,6,0
U002627,安卓,低端,723,5,0
U002628,安卓,中端,876,6,1
U002629,iOS,中端,4746,6,0
U002630,安卓,中端,62,3,0
U002631,安卓,中端,567,9,0
U002632,iOS,高端,35,10,0
U002633,iOS,高端,144,5,0
U002634,安卓,中端,776,4,0
U002635,安卓,高端,2185,6,0
U002636,安卓,中端,383,3,0
U002637,安卓,中端,475,2,0
U002638,iOS,中端,4642,5,0
U002639,安卓,低端,109,6,0
U002640,iOS,低端,120,9,0
U002641,安卓,低端,667,8,0
U002642,安卓,中端,34,7,0
U002643,安卓,低端,209,3,0
U002644,安卓,中端,359,5,0
U002645,安卓,中端,160,6,0
U002646,安卓,低端,196,9,0
U002647,iOS,低端,186,8,0
U002648,iOS,中端,142,8,0
U002649,安卓,中端,659,7,0
U002650,iOS,低端,132,8,0
U002651,iOS,高端,470,7,0
U002652,安卓,低端,295,4,0
U002653,iOS,高端,152,3,0
U002654,iOS,中端,493,2,0
U002655,安卓,低端,772,4,0
U002656,安卓,中端,253,4,0
U002657,安卓,中端,1211,8,0
U002658,iOS,高端,239,7,0
U002659,安卓,中端,804,2,0
U002660,安卓,低端,24,5,0
U002661,iOS,低端,214,3,0
U002662,安卓,中端,98,4,0
U002663,安卓,低端,261,6,0
U002664,安卓,低端,131,4,0
U002665,安卓,低端,1315,5,0
U002666,安卓,低端,93,2,0
U002667,安卓,低端,935,5,0
U002668,安卓,低端,18,3,0
U002669,iOS,中端,584,5,0
U002670,安卓,中端,219,6,0
U002671,安卓,中端,43,3,0
U002672,iOS,高端,2386,9,0
U002673,iOS,高端,271,8,0
U002674,安卓,中端,103,4,0
U002675,iOS,高端,156,9,0
U002676,iOS,中端,1019,6,0
U002677,安卓,低端,218,8,0
U002678,安卓,中端,87,2,0
U002679,安卓,低端,124,4,0
U002680,安卓,中端,228,8,0
U002681,安卓,低端,128,4,0
U002682,安卓,中端,125,4,0
U002683,iOS,中端,74,6,0
U002684,安卓,高端,193,3,0
U002685,安卓,低端,84,3,0
U002686,iOS,中端,281,4,1
U002687,安卓,高端,110,7,0
U002688,安卓,中端,18,4,0
U002689,iOS,中端,459,5,0
U002690,iOS,中端,463,6,0
U002691,iOS,中端,673,7,0
U002692,iOS,中端,434,10,0
U002693,iOS,高端,59,9,0
U002694,iOS,高端,384,7,0
U002695,iOS,高端,476,11,0
U002696,安卓,低端,362,3,0
U002697,安卓,中端,145,5,0
U002698,安卓,中端,226,5,0
U002699,安卓,中端,1872,6,0
U002700,iOS,高端,514,8,0
U002701,安卓,中端,34,4,0
U002702,iOS,中端,317,9,0
U002703,安卓,低端,72,11,0
U002704,iOS,高端,280,7,0
U002705,安卓,中端,184,4,0
U002706,iOS,高端,182,7,0
U002707,安卓,中端,53,6,0
U002708,iOS,中端,292,7,1
U002709,iOS,中端,1086,4,0
U002710,安卓,低端,198,6,0
U002711,iOS,中端,182,4,0
U002712,安卓,低端,24,3,0
U002713,安卓,低端,689,9,0
U002714,iOS,中端,476,8,0
U002715,安卓,中端,321,9,0
U002716,安卓,高端,349,6,0
U002717,iOS,中端,83,8,0
U002718,iOS,中端,68,8,0
U002719,安卓,中端,392,3,0
U002720,安卓,中端,233,5,0
U002721,iOS,中端,183,10,0
U002722,安卓,低端,696,4,1
U002723,安卓,低端,2720,4,0
U002724,iOS,高端,158,7,0
U002725,安卓,高端,57,9,0
U002726,安卓,中端,402,2,0
U002727,iOS,中端,740,6,0
U002728,安卓,中端,95,5,0
U002729,iOS,高端,792,5,0
U002730,安卓,中端,297,6,0
U002731,安卓,高端,79,8,0
U002732,安卓,中端,47,5,0
U002733,安卓,低端,240,4,0
U002734,安卓,低端,212,4,1
U002735,安卓,低端,252,11,0
U002736,iOS,中端,164,8,0
U002737,安卓,中端,280,5,0
U002738,iOS,中端,1211,8,0
U002739,安卓,中端,766,4,0
U002740,iOS,低端,2177,5,0
U002741,iOS,中端,39,6,0
U002742,安卓,中端,1979,9,0
U002743,安卓,低端,3140,8,1
U002744,iOS,低端,313,8,0
U002745,iOS,中端,1358,7,0
U002746,iOS,中端,207,13,0
U002747,安卓,低端,186,4,0
U002748,安卓,中端,56,6,0
U002749,安卓,低端,264,8,0
U002750,iOS,高端,263,10,0
U002751,安卓,低端,376,5,0
U002752,安卓,中端,702,7,0
U002753,安卓,中端,83000,5,0
U002754,安卓,低端,412,5,0
U002755,iOS,中端,760,8,0
U002756,iOS,中端,143,4,0
U002757,安卓,低端,316,9,1
U002758,iOS,中端,208,7,1
U002759,iOS,中端,3036,7,0
U002760,安卓,中端,15,7,0
U002761,iOS,低端,117,7,0
U002762,安卓,低端,145,5,0
U002763,安卓,中端,49,7,0
U002764,安卓,高端,798,5,0
U002765,安卓,中端,886,5,0
U002766,iOS,高端,66,5,0
U002767,安卓,中端,465,9,0
U002768,安卓,中端,259,5,0
U002769,安卓,低端,275,10,0
U002770,安卓,低端,41,12,0
U002771,安卓,低端,75,8,0
U002772,安卓,低端,110,6,0
U002773,安卓,中端,118,8,0
U002774,iOS,中端,197,8,0
U002775,安卓,低端,1064,6,0
U002776,安卓,高端,185,6,0
U002777,安卓,中端,299,5,0
U002778,安卓,低端,401,6,0
U002779,安卓,高端,1016,4,0
U002780,安卓,低端,688,4,0
U002781,安卓,中端,589,10,0
U002782,iOS,高端,71,4,0
U002783,安卓,中端,287,4,0
U002784,安卓,低端,127,4,0
U002785,安卓,中端,277,4,0
U002786,iOS,中端,370,6,0
U002787,iOS,中端,477,9,1
U002788,安卓,中端,173,6,0
U002789,安卓,中端,278,7,0
U002790,iOS,高端,1616,7,0
U002791,iOS,高端,358,6,0
U002792,安卓,低端,428,7,0
U002793,安卓,中端,142,4,0
U002794,iOS,中端,362,7,0
U002795,安卓,中端,521,8,0
U002796,安卓,中端,42,9,0
U002797,安卓,低端,134,5,0
U002798,安卓,中端,933,2,0
U002799,安卓,低端,255,5,0
U002800,iOS,中端,402,8,0
U002801,安卓,低端,1614,4,0
U002802,iOS,低端,62,5,0
U002803,安卓,中端,84,7,0
U002804,iOS,高端,710,9,0
U002805,安卓,低端,350,3,0
U002806,安卓,低端,432,3,0
U002807,安卓,中端,1881,3,1
U002808,安卓,低端,30,8,0
U002809,安卓,低端,437,5,0
U002810,iOS,低端,382,7,0
U002811,安卓,低端,605,4,0
U002812,安卓,低端,534,3,0
U002813,安卓,中端,2258,9,0
U002814,iOS,中端,530,7,0
U002815,iOS,高端,169,10,0
U002816,安卓,高端,443,5,0
U002817,安卓,低端,31,4,1
U002818,iOS,中端,1058,11,0
U002819,安卓,低端,45,7,0
U002820,安卓,低端,174,6,0
U002821,安卓,低端,1270,4,0
U002822,安卓,低端,146,7,0
U002823,iOS,中端,306,9,0
U002824,安卓,中端,120,9,1
U002825,安卓,中端,362,9,0
U002826,安卓,低端,139,1,0
U002827,安卓,高端,4375,5,0
U002828,iOS,高端,513,6,0
U002829,安卓,中端,157,9,0
U002830,安卓,中端,3205,9,0
U002831,安卓,低端,926,7,0
U002832,安卓,中端,3132,6,0
U002833,安卓,中端,73,5,0
U002834,安卓,中端,106,5,0
U002835,iOS,高端,106,6,0
U002836,安卓,低端,162,4,0
U002837,安卓,低端,82,6,0
U002838,安卓,低端,45,6,0
U002839,iOS,中端,933,7,0
U002840,安卓,高端,87,3,0
U002841,iOS,中端,274,5,1
U002842,安卓,低端,272,4,0
U002843,安卓,高端,23,3,0
U002844,安卓,中端,734,4,0
U002845,安卓,高端,576,5,0
U002846,安卓,低端,823,8,0
U002847,安卓,中端,210,4,0
U002848,安卓,中端,161,5,0
U002849,安卓,中端,265,5,0
U002850,安卓,低端,33,5,0
U002851,安卓,中端,784,5,0
U002852,安卓,低端,43,9,0
U002853,安卓,低端,610,9,0
U002854,安卓,低端,93,5,0
U002855,iOS,中端,220,10,0
U002856,安卓,高端,79,2,0
U002857,iOS,低端,96,7,0
U002858,安卓,高端,224,6,0
U002859,安卓,低端,74,4,0
U002860,iOS,中端,91,8,0
U002861,安卓,低端,92,5,0
U002862,安卓,低端,49,4,0
U002863,安卓,中端,942,11,0
U002864,iOS,高端,71,8,1
U002865,安卓,低端,488,2,0
U002866,安卓,中端,148,7,1
U002867,iOS,中端,696,7,0
U002868,iOS,高端,491,4,0
U002869,iOS,高端,123,8,1
U002870,安卓,低端,182,6,0
U002871,安卓,低端,305,6,0
U002872,iOS,中端,821,5,0
U002873,安卓,中端,138,8,0
U002874,安卓,低端,394,5,0
U002875,iOS,低端,315,11,0
U002876,iOS,高端,93,6,0
U002877,安卓,中端,2210,6,0
U002878,iOS,高端,2192,7,0
U002879,安卓,低端,105,7,0
U002880,iOS,中端,72,9,0
U002881,安卓,低端,97,3,0
U002882,安卓,低端,386,6,0
U002883,iOS,中端,468,8,0
U002884,安卓,中端,240,8,0
U002885,安卓,高端,667,4,0
U002886,安卓,高端,177,4,0
U002887,iOS,中端,462,8,0
U002888,安卓,中端,66,3,0
U002889,iOS,高端,1303,9,0
U002890,iOS,中端,639,8,0
U002891,安卓,高端,673,6,0
U002892,iOS,中端,253,7,0
U002893,安卓,高端,506,3,0
U002894,安卓,高端,1618,5,0
U002895,安卓,中端,60,6,0
U002896,iOS,高端,366,7,0
U002897,安卓,低端,173,4,0
U002898,安卓,中端,247,5,0
U002899,安卓,中端,80,6,0
U002900,安卓,中端,8061,6,0
U002901,安卓,低端,264,4,0
U002902,安卓,低端,121,8,0
U002903,安卓,中端,48,11,0
U002904,安卓,中端,94,10,0
U002905,iOS,低端,25,8,0
U002906,安卓,高端,854,4,0
U002907,安卓,中端,113,5,0
U002908,安卓,中端,134,8,0
U002909,安卓,高端,281,5,0
U002910,安卓,低端,425,8,0
U002911,安卓,低端,220,2,0
U002912,安卓,低端,327,4,0
U002913,iOS,中端,1038,5,0
U002914,iOS,高端,507,6,0
U002915,iOS,低端,392,7,0
U002916,iOS,中端,492,6,0
U002917,iOS,低端,470,7,0
U002918,安卓,低端,379,8,0
U002919,安卓,低端,152,4,0
U002920,安卓,中端,1340,5,0
U002921,iOS,高端,412,13,0
U002922,安卓,低端,222,7,0
U002923,安卓,中端,170,5,0
U002924,iOS,低端,292,6,0
U002925,安卓,低端,298,8,0
U002926,安卓,低端,249,6,0
U002927,安卓,高端,154,3,0
U002928,iOS,中端,404,5,0
U002929,iOS,中端,556,5,0
U002930,iOS,高端,470,5,0
U002931,iOS,高端,499,7,0
U002932,安卓,低端,747,6,0
U002933,iOS,中端,625,13,0
U002934,安卓,低端,117,2,0
U002935,iOS,高端,170,7,0
U002936,iOS,中端,231,7,0
U002937,安卓,中端,516,3,0
U002938,安卓,低端,430,7,0
U002939,安卓,低端,597,7,0
U002940,安卓,低端,66,9,0
U002941,安卓,低端,56,5,0
U002942,安卓,中端,236,4,0
U002943,安卓,低端,294,5,0
U002944,安卓,低端,13,8,0
U002945,安卓,低端,576,4,0
U002946,iOS,低端,287,9,0
U002947,安卓,中端,377,7,0
U002948,iOS,高端,1416,8,0
U002949,安卓,中端,97,4,0
U002950,安卓,低端,436,11,0
U002951,iOS,高端,79,5,0
U002952,iOS,中端,94,6,0
U002953,安卓,中端,150,6,0
U002954,安卓,低端,770,8,0
U002955,安卓,低端,438,3,0
U002956,安卓,低端,27,2,0
U002957,安卓,低端,1202,6,0
U002958,安卓,中端,1684,7,0
U002959,安卓,中端,132,3,0
U002960,iOS,中端,505,5,1
U002961,iOS,高端,625,4,0
U002962,安卓,低端,49,4,0
U002963,iOS,中端,873,11,0
U002964,安卓,中端,262,6,0
U002965,iOS,低端,787,7,0
U002966,安卓,中端,1207,3,0
U002967,安卓,中端,45,7,0
U002968,安卓,高端,184,6,0
U002969,安卓,中端,89,9,0
U002970,安卓,低端,450,5,0
U002971,安卓,低端,50,5,0
U002972,iOS,中端,683,6,0
U002973,iOS,中端,216,6,0
U002974,安卓,中端,242,5,0
U002975,安卓,低端,135,2,0
U002976,安卓,低端,230,5,0
U002977,安卓,低端,48,3,0
U002978,安卓,低端,104,7,0
U002979,iOS,高端,663,5,0
U002980,安卓,中端,41,7,0
U002981,安卓,中端,444,5,0
U002982,安卓,中端,41,4,0
U002983,安卓,高端,14,7,0
U002984,安卓,中端,77,6,0
U002985,安卓,中端,284,9,0
U002986,安卓,低端,152,3,0
U002987,安卓,低端,336,12,0
U002988,安卓,中端,291,5,0
U002989,安卓,中端,362,6,0
U002990,安卓,低端,11,6,0
U002991,iOS,高端,2050,5,0
U002992,安卓,中端,553,7,0
U002993,安卓,低端,481,3,0
U002994,安卓,高端,468,2,0
U002995,安卓,低端,343,6,0
U002996,iOS,高端,280,8,0
U002997,安卓,中端,2446,4,0
U002998,安卓,高端,36,5,0
U002999,iOS,低端,498,4,1
U003000,安卓,中端,1225,4,0
U003001,安卓,中端,93,6,0
U003002,iOS,中端,1279,5,0
U003003,安卓,中端,424,4,0
U003004,安卓,中端,41,4,0
U003005,iOS,高端,263,10,0
U003006,安卓,低端,466,9,0
U003007,安卓,低端,515,4,0
U003008,安卓,高端,1290,4,0
U003009,安卓,中端,1195,9,0
U003010,安卓,中端,38,5,0
U003011,安卓,低端,392,5,0
U003012,安卓,低端,146,5,0
U003013,iOS,中端,1397,6,0
U003014,iOS,低端,871,9,0
U003015,安卓,中端,48,10,0
U003016,安卓,低端,1101,5,0
U003017,安卓,低端,60,5,0
U003018,安卓,中端,74,5,0
U003019,安卓,低端,919,7,0
U003020,安卓,中端,204,5,0
U003021,iOS,高端,166,7,0
U003022,安卓,低端,136,3,0
U003023,安卓,中端,125,3,0
U003024,安卓,中端,67,2,0
U003025,iOS,中端,92,12,0
U003026,iOS,高端,440,6,0
U003027,安卓,中端,1374,5,0
U003028,iOS,中端,248,10,0
U003029,安卓,高端,41,5,0
U003030,安卓,中端,468,5,0
U003031,安卓,中端,100,4,0
U003032,安卓,中端,514,7,1
U003033,安卓,中端,1253,6,0
U003034,iOS,高端,348,10,0
U003035,安卓,低端,801,7,0
U003036,iOS,中端,544,7,0
U003037,iOS,中端,1043,7,0
U003038,安卓,高端,120,7,0
U003039,iOS,低端,90,8,0
U003040,安卓,中端,280,4,0
U003041,iOS,中端,252,7,0
U003042,安卓,低端,332,6,0
U003043,iOS,中端,769,4,0
U003044,安卓,中端,160,8,0
U003045,安卓,低端,639,6,0
U003046,安卓,低端,20,6,0
U003047,安卓,中端,1516,6,0
U003048,安卓,低端,267,4,0
U003049,安卓,低端,76,6,0
U003050,安卓,低端,48,7,0
U003051,安卓,低端,293,4,0
U003052,安卓,高端,184,6,0
U003053,安卓,低端,189,4,0
U003054,安卓,中端,1474,4,0
U003055,安卓,中端,642,7,0
U003056,iOS,低端,182,5,0
U003057,安卓,低端,72,10,0
U003058,iOS,高端,560,5,0
U003059,安卓,低端,130,3,0
U003060,iOS,高端,646,7,0
U003061,安卓,中端,86,5,0
U003062,安卓,低端,292,7,0
U003063,iOS,高端,273,2,0
U003064,iOS,高端,679,9,0
U003065,安卓,高端,752,6,0
U003066,安卓,低端,163,8,0
U003067,安卓,中端,729,5,0
U003068,iOS,中端,383,10,0
U003069,安卓,中端,66,1,0
U003070,安卓,低端,434,9,0
U003071,iOS,中端,23,9,0
U003072,iOS,中端,285,5,0
U003073,iOS,中端,304,9,0
U003074,安卓,中端,340,8,0
U003075,安卓,高端,72,5,0
U003076,安卓,中端,238,5,0
U003077,安卓,高端,217,4,0
U003078,安卓,低端,27,5,0
U003079,安卓,中端,1032,7,0
U003080,安卓,低端,17,5,0
U003081,安卓,中端,264,5,0
U003082,安卓,中端,184,3,0
U003083,安卓,高端,86,5,0
U003084,iOS,中端,350,6,1
U003085,安卓,中端,236,10,0
U003086,安卓,高端,3381,5,0
U003087,安卓,低端,293,6,0
U003088,安卓,中端,34,7,0
U003089,iOS,高端,360,8,0
U003090,安卓,低端,1981,8,0
U003091,iOS,中端,389,6,1
U003092,iOS,中端,475,9,0
U003093,安卓,低端,533,9,0
U003094,iOS,中端,129,13,0
U003095,安卓,低端,129,9,0
U003096,iOS,中端,195,8,0
U003097,iOS,中端,5252,8,0
U003098,iOS,中端,711,4,0
U003099,iOS,高端,200,7,1
U003100,安卓,中端,344,3,0
U003101,安卓,中端,240,5,0
U003102,iOS,高端,298,12,0
U003103,安卓,高端,381,4,0
U003104,iOS,低端,262,8,0
U003105,安卓,低端,111,4,0
U003106,iOS,高端,138,10,0
U003107,安卓,高端,229,8,0
U003108,安卓,低端,266,5,0
U003109,安卓,高端,1104,6,0
U003110,安卓,中端,178,4,0
U003111,iOS,中端,261,5,0
U003112,iOS,高端,2707,4,0
U003113,安卓,中端,732,5,0
U003114,iOS,中端,1570,3,1
U003115,安卓,低端,179,6,0
U003116,安卓,低端,495,5,0
U003117,安卓,中端,248,8,0
U003118,安卓,中端,252,5,0
U003119,安卓,高端,143,4,0
U003120,安卓,高端,201,7,0
U003121,iOS,中端,847,7,0
U003122,安卓,低端,49,9,0
U003123,安卓,高端,267,5,0
U003124,iOS,高端,453,12,0
U003125,iOS,中端,99,6,0
U003126,iOS,高端,267,10,0
U003127,安卓,中端,55,3,0
U003128,安卓,中端,312,5,0
U003129,iOS,中端,601,6,0
U003130,安卓,中端,139,5,0
U003131,iOS,高端,670,7,0
U003132,iOS,高端,443,9,0
U003133,安卓,低端,36,4,0
U003134,安卓,低端,67,5,0
U003135,安卓,低端,92,9,0
U003136,iOS,低端,1375,7,0
U003137,iOS,低端,250,12,0
U003138,iOS,高端,282,5,0
U003139,iOS,中端,1296,8,0
U003140,安卓,低端,162,3,0
U003141,安卓,低端,47,4,1
U003142,iOS,中端,636,8,0
U003143,iOS,高端,151,5,0
U003144,安卓,低端,204,6,0
U003145,iOS,中端,586,9,0
U003146,iOS,高端,1811,3,0
U003147,安卓,低端,119,6,0
U003148,安卓,中端,517,6,0
U003149,iOS,中端,1395,3,0
U003150,安卓,中端,113,7,0
U003151,安卓,低端,48,4,0
U003152,安卓,低端,214,8,0
U003153,安卓,高端,82,5,0
U003154,安卓,中端,182,6,0
U003155,iOS,中端,166,8,0
U003156,安卓,低端,123,7,0
U003157,安卓,中端,215,6,0
U003158,iOS,中端,58,10,0
U003159,安卓,低端,67,6,0
U003160,安卓,高端,3154,8,0
U003161,安卓,低端,98,3,0
U003162,安卓,低端,153,8,0
U003163,安卓,中端,739,6,0
U003164,安卓,中端,56,6,0
U003165,安卓,高端,497,3,0
U003166,安卓,中端,513,8,0
U003167,安卓,中端,126,5,0
U003168,iOS,中端,89,12,0
U003169,安卓,中端,1059,2,0
U003170,安卓,低端,4706,10,0
U003171,安卓,中端,93,7,0
U003172,iOS,高端,160,13,0
U003173,安卓,低端,47,4,0
U003174,iOS,中端,838,5,0
U003175,安卓,高端,20,2,0
U003176,iOS,低端,614,14,0
U003177,安卓,低端,1447,4,0
U003178,安卓,中端,115,5,0
U003179,iOS,高端,379,7,0
U003180,iOS,中端,247,6,0
U003181,安卓,中端,157,7,1
U003182,安卓,低端,845,6,0
U003183,安卓,中端,617,4,0
U003184,安卓,中端,215,5,0
U003185,安卓,低端,299,6,0
U003186,iOS,中端,1481,9,0
U003187,安卓,中端,44,4,0
U003188,安卓,中端,692,5,0
U003189,安卓,中端,346,3,0
U003190,安卓,中端,2160,5,0
U003191,安卓,中端,306,7,0
U003192,安卓,中端,368,2,0
U003193,安卓,高端,249,3,0
U003194,安卓,低端,353,4,0
U003195,安卓,低端,75,8,0
U003196,安卓,中端,313,7,0
U003197,安卓,中端,303,5,0
U003198,安卓,中端,294,2,0
U003199,安卓,高端,2629,4,0
U003200,安卓,低端,445,6,0
U003201,iOS,中端,350,6,0
U003202,iOS,低端,150,5,0
U003203,安卓,高端,411,5,0
U003204,安卓,中端,97,5,0
U003205,安卓,低端,191,5,0
U003206,安卓,中端,390,4,0
U003207,iOS,中端,95,11,1
U003208,安卓,低端,40,6,0
U003209,安卓,中端,783,6,0
U003210,iOS,中端,454,9,0
U003211,安卓,高端,294,2,0
U003212,iOS,中端,661,6,0
U003213,iOS,高端,179,6,0
U003214,安卓,低端,1178,3,0
U003215,iOS,低端,462,7,0
U003216,安卓,中端,298,4,0
U003217,iOS,高端,214,5,0
U003218,安卓,中端,744,7,0
U003219,安卓,中端,202,6,0
U003220,安卓,低端,210,4,0
U003221,安卓,中端,379,4,0
U003222,安卓,中端,52,9,0
U003223,安卓,高端,34,9,0
U003224,安卓,中端,499,8,0
U003225,安卓,高端,16,4,0
U003226,安卓,低端,63,2,0
U003227,安卓,低端,597,3,0
U003228,安卓,低端,200,4,0
U003229,安卓,低端,184,2,0
U003230,安卓,中端,111,5,0
U003231,iOS,低端,146,4,0
U003232,iOS,中端,604,12,0
U003233,安卓,高端,173,2,0
U003234,iOS,中端,111,6,0
U003235,安卓,高端,508,4,0
U003236,安卓,中端,60,6,0
U003237,iOS,中端,511,4,1
U003238,安卓,低端,746,5,1
U003239,安卓,高端,2351,4,0
U003240,iOS,中端,622,5,0
U003241,安卓,中端,839,11,0
U003242,安卓,高端,630,4,0
U003243,安卓,高端,175,6,0
U003244,安卓,低端,278,4,0
U003245,安卓,低端,147,8,0
U003246,安卓,低端,13,8,0
U003247,安卓,低端,1562,3,1
U003248,安卓,低端,597,4,0
U003249,安卓,低端,799,4,0
U003250,安卓,低端,291,6,0
U003251,安卓,高端,1678,6,0
U003252,iOS,低端,2094,6,0
U003253,安卓,低端,172,4,1
U003254,安卓,低端,131,5,0
U003255,安卓,高端,500,5,1
U003256,安卓,低端,389,5,0
U003257,安卓,中端,155,3,0
U003258,安卓,中端,55,7,1
U003259,iOS,中端,135,6,0
U003260,安卓,中端,644,4,0
U003261,安卓,中端,1167,5,0
U003262,安卓,中端,200,6,0
U003263,iOS,中端,352,9,0
U003264,安卓,中端,163,3,0
U003265,安卓,低端,501,10,0
U003266,安卓,低端,48,6,0
U003267,安卓,高端,1329,4,0
U003268,安卓,低端,68,4,0
U003269,iOS,中端,951,7,0
U003270,iOS,高端,564,5,0
U003271,安卓,低端,623,5,0
U003272,iOS,低端,245,10,0
U003273,安卓,中端,452,5,0
U003274,安卓,中端,124,4,0
U003275,安卓,低端,69,8,0
U003276,安卓,低端,518,4,0
U003277,安卓,中端,110,6,0
U003278,安卓,低端,131,5,0
U003279,安卓,低端,38,5,0
U003280,iOS,高端,463,7,0
U003281,iOS,中端,370,10,0
U003282,安卓,低端,166,8,0
U003283,安卓,中端,679,4,0
U003284,安卓,低端,3417,7,0
U003285,安卓,高端,57,3,0
U003286,安卓,中端,139,12,0
U003287,安卓,中端,263,6,0
U003288,安卓,中端,606,5,0
U003289,iOS,中端,363,8,0
U003290,iOS,中端,246,9,0
U003291,安卓,低端,71,6,0
U003292,iOS,高端,1795,14,0
U003293,安卓,中端,2806,5,0
U003294,iOS,中端,552,8,1
U003295,iOS,高端,132,7,0
U003296,安卓,中端,286,4,0
U003297,安卓,高端,508,10,1
U003298,安卓,低端,64,11,0
U003299,安卓,低端,100,8,0
U003300,安卓,低端,261,3,0
U003301,iOS,高端,341,5,0
U003302,iOS,中端,427,7,1
U003303,安卓,中端,4041,5,0
U003304,安卓,低端,59,10,0
U003305,安卓,低端,343,4,0
U003306,安卓,中端,72,4,0
U003307,安卓,低端,99,7,0
U003308,安卓,高端,145,5,0
U003309,iOS,中端,1960,12,0
U003310,安卓,低端,2333,9,0
U003311,iOS,高端,398,9,0
U003312,安卓,低端,55,7,0
U003313,iOS,中端,894,12,0
U003314,iOS,高端,307,10,0
U003315,iOS,中端,75,3,0
U003316,安卓,低端,940,5,0
U003317,iOS,高端,147,5,0
U003318,iOS,低端,290,6,0
U003319,安卓,低端,671,5,0
U003320,安卓,高端,122,7,1
U003321,iOS,中端,135,7,0
U003322,安卓,中端,112,4,0
U003323,安卓,低端,142,3,0
U003324,安卓,低端,61,9,1
U003325,iOS,中端,15,6,0
U003326,安卓,低端,123,5,0
U003327,安卓,低端,191,6,0
U003328,安卓,低端,93,6,0
U003329,安卓,低端,151,5,0
U003330,安卓,中端,227,4,0
U003331,安卓,低端,274,8,0
U003332,安卓,低端,205,4,0
U003333,iOS,低端,27,5,0
U003334,iOS,中端,559,14,0
U003335,安卓,低端,222,6,0
U003336,安卓,低端,188,5,1
U003337,安卓,中端,256,4,0
U003338,安卓,低端,258,4,0
U003339,iOS,中端,216,10,0
U003340,安卓,高端,907,5,0
U003341,安卓,低端,46,6,0
U003342,安卓,低端,82,4,0
U003343,安卓,中端,57,9,0
U003344,iOS,高端,819,5,0
U003345,安卓,中端,227,2,1
U003346,安卓,低端,41,4,0
U003347,iOS,中端,171,8,0
U003348,iOS,中端,1027,3,1
U003349,iOS,高端,517,5,1
U003350,安卓,中端,1938,4,0
U003351,安卓,中端,23,5,0
U003352,安卓,中端,134,8,0
U003353,安卓,高端,161,3,0
U003354,安卓,中端,1453,6,0
U003355,安卓,中端,65,5,0
U003356,iOS,中端,551,3,0
U003357,安卓,中端,323,6,0
U003358,安卓,中端,1002,7,0
U003359,安卓,低端,566,6,0
U003360,安卓,中端,147,7,0
U003361,安卓,低端,314,7,0
U003362,安卓,中端,84,3,0
U003363,安卓,中端,348,4,0
U003364,iOS,高端,755,7,0
U003365,iOS,高端,382,4,0
U003366,安卓,中端,648,6,0
U003367,iOS,中端,497,8,0
U003368,iOS,中端,322,6,0
U003369,安卓,中端,152,3,1
U003370,iOS,低端,246,2,1
U003371,安卓,低端,291,3,0
U003372,安卓,中端,1060,3,0
U003373,iOS,低端,355,10,0
U003374,安卓,低端,322,5,0
U003375,安卓,低端,497,5,0
U003376,安卓,低端,1668,5,0
U003377,安卓,高端,46,10,0
U003378,iOS,高端,300,6,0
U003379,安卓,中端,204,8,0
U003380,安卓,中端,34,3,0
U003381,安卓,中端,205,5,0
U003382,iOS,中端,50,7,0
U003383,iOS,高端,844,5,0
U003384,安卓,中端,107,5,0
U003385,iOS,高端,29,10,0
U003386,安卓,低端,38,5,0
U003387,iOS,中端,445,7,0
U003388,安卓,中端,191,7,0
U003389,安卓,中端,658,5,0
U003390,安卓,中端,350,2,0
U003391,安卓,高端,969,2,0
U003392,安卓,低端,44,9,0
U003393,安卓,中端,429,5,0
U003394,安卓,低端,7,5,0
U003395,安卓,低端,156,9,0
U003396,iOS,中端,263,7,0
U003397,安卓,中端,108,4,0
U003398,安卓,中端,396,6,0
U003399,安卓,中端,445,5,1
U003400,安卓,低端,84,4,0
U003401,安卓,中端,3196,4,0
U003402,iOS,中端,205,10,0
U003403,安卓,中端,245,3,0
U003404,安卓,中端,64,6,0
U003405,安卓,中端,258,9,0
U003406,iOS,高端,457,4,0
U003407,iOS,低端,93,3,0
U003408,iOS,中端,537,6,0
U003409,安卓,低端,1196,8,0
U003410,安卓,中端,161,6,0
U003411,安卓,低端,238,4,1
U003412,安卓,低端,742,5,0
U003413,iOS,高端,424,8,0
U003414,安卓,中端,700,2,0
U003415,iOS,中端,510,5,0
U003416,安卓,低端,122,7,0
U003417,安卓,低端,151,5,0
U003418,安卓,低端,26,4,0
U003419,iOS,高端,277,7,0
U003420,安卓,低端,364,7,0
U003421,安卓,中端,233,8,0
U003422,iOS,高端,372,8,1
U003423,安卓,中端,271,3,0
U003424,安卓,中端,969,4,0
U003425,安卓,中端,127,4,0
U003426,iOS,中端,139,9,0
U003427,安卓,低端,563,6,0
U003428,安卓,高端,142,6,0
U003429,iOS,高端,186,4,0
U003430,安卓,中端,1321,1,0
U003431,安卓,低端,349,10,0
U003432,安卓,低端,128,3,0
U003433,安卓,中端,181,8,0
U003434,iOS,低端,693,9,0
U003435,iOS,中端,90,8,0
U003436,安卓,中端,2090,6,0
U003437,安卓,低端,178,6,0
U003438,iOS,中端,487,9,0
U003439,iOS,低端,398,7,0
U003440,iOS,中端,737,5,0
U003441,安卓,中端,179,2,0
U003442,安卓,低端,178,9,0
U003443,安卓,中端,586,6,0
U003444,安卓,中端,81,5,0
U003445,iOS,高端,230,4,0
U003446,安卓,低端,492,9,0
U003447,iOS,低端,185,11,0
U003448,安卓,低端,2872,9,0
U003449,安卓,中端,34,4,0
U003450,安卓,低端,40,4,0
U003451,安卓,高端,134,6,0
U003452,iOS,高端,750,4,0
U003453,安卓,中端,493,7,0
U003454,安卓,低端,91,6,0
U003455,安卓,中端,25,5,0
U003456,iOS,高端,338,5,0
U003457,安卓,低端,167,5,0
U003458,安卓,高端,1027,3,0
U003459,安卓,中端,157,5,0
U003460,安卓,低端,75,3,0
U003461,安卓,低端,1186,3,0
U003462,安卓,中端,180,5,0
U003463,安卓,低端,75,4,0
U003464,安卓,中端,158,5,0
U003465,安卓,低端,133,3,0
U003466,安卓,高端,319,4,0
U003467,安卓,低端,1144,6,0
U003468,安卓,中端,81,4,0
U003469,安卓,中端,377,9,0
U003470,安卓,低端,114,9,0
U003471,安卓,低端,448,4,0
U003472,安卓,中端,613,7,0
U003473,安卓,中端,28,12,0
U003474,安卓,中端,273,5,0
U003475,安卓,低端,1590,5,0
U003476,iOS,低端,226,10,0
U003477,安卓,中端,245,5,0
U003478,安卓,中端,637,4,0
U003479,安卓,中端,255,12,0
U003480,安卓,中端,540,4,0
U003481,iOS,低端,46,7,0
U003482,iOS,中端,198,9,0
U003483,安卓,中端,80,9,0
U003484,安卓,低端,184,7,0
U003485,iOS,中端,176,3,1
U003486,iOS,高端,461,3,0
U003487,安卓,低端,178,7,0
U003488,安卓,中端,86,6,0
U003489,安卓,低端,706,8,0
U003490,iOS,中端,134,13,0
U003491,安卓,低端,898,3,0
U003492,iOS,中端,577,8,0
U003493,安卓,低端,506,6,0
U003494,安卓,低端,60,5,1
U003495,安卓,低端,564,6,0
U003496,iOS,中端,281,5,0
U003497,安卓,中端,100,5,0
U003498,iOS,中端,469,4,0
U003499,安卓,中端,58,7,0
U003500,iOS,中端,128,8,0
U003501,iOS,高端,633,10,0
U003502,安卓,高端,472,9,0
U003503,安卓,中端,77,7,0
U003504,安卓,低端,489,2,0
U003505,安卓,高端,1056,6,0
U003506,安卓,中端,77,5,0
U003507,安卓,低端,1207,6,0
U003508,iOS,中端,140,9,0
U003509,安卓,高端,197,3,0
U003510,iOS,中端,228,4,0
U003511,安卓,高端,908,9,0
U003512,安卓,中端,113,8,0
U003513,安卓,低端,360,6,0
U003514,iOS,中端,264,13,0
U003515,安卓,低端,102,4,0
U003516,安卓,高端,97,5,0
U003517,iOS,高端,457,8,0
U003518,安卓,低端,167,5,0
U003519,iOS,高端,443,8,0
U003520,安卓,高端,233,5,0
U003521,安卓,低端,80,3,0
U003522,安卓,低端,497,11,0
U003523,iOS,中端,777,8,0
U003524,安卓,低端,366,6,0
U003525,安卓,高端,249,8,0
U003526,安卓,中端,151,4,1
U003527,安卓,低端,383,6,0
U003528,安卓,低端,42,5,0
U003529,安卓,高端,72,6,0
U003530,iOS,高端,880,7,0
U003531,安卓,中端,196,7,0
U003532,安卓,中端,320,6,0
U003533,iOS,高端,178,5,0
U003534,iOS,中端,276,10,0
U003535,iOS,中端,749,6,0
U003536,安卓,中端,395,8,0
U003537,安卓,高端,211,4,0
U003538,iOS,高端,517,7,0
U003539,iOS,低端,515,10,0
U003540,安卓,中端,124,5,0
U003541,安卓,低端,167,7,0
U003542,iOS,中端,136,1,0
U003543,iOS,高端,797,8,0
U003544,安卓,低端,71,10,0
U003545,安卓,低端,1294,7,0
U003546,iOS,高端,762,8,0
U003547,安卓,低端,110,7,1
U003548,iOS,中端,223,6,0
U003549,iOS,高端,3110,5,0
U003550,iOS,中端,58,10,0
U003551,安卓,中端,1869,6,0
U003552,安卓,中端,491,10,0
U003553,安卓,中端,19,7,0
U003554,安卓,中端,57,5,0
U003555,iOS,中端,392,4,0
U003556,安卓,低端,254,7,0
U003557,安卓,中端,256,4,0
U003558,iOS,高端,118,7,0
U003559,安卓,高端,461,9,0
U003560,iOS,高端,603,8,0
U003561,iOS,中端,140,3,0
U003562,安卓,低端,132,3,0
U003563,iOS,中端,89,8,0
U003564,iOS,高端,264,7,0
U003565,安卓,低端,85,4,0
U003566,安卓,中端,375,6,0
U003567,安卓,中端,907,6,0
U003568,iOS,中端,112,5,0
U003569,iOS,中端,625000,6,0
U003570,iOS,中端,1112,6,1
U003571,安卓,中端,1366,5,0
U003572,iOS,中端,314,10,1
U003573,安卓,低端,1347,3,0
U003574,安卓,低端,400,3,0
U003575,安卓,低端,72,8,0
U003576,iOS,中端,92,5,0
U003577,安卓,低端,445,7,0
U003578,iOS,高端,90,6,0
U003579,安卓,中端,3132,5,0
U003580,iOS,中端,180,7,0
U003581,iOS,中端,867,5,0
U003582,安卓,中端,40,5,0
U003583,安卓,中端,69,7,0
U003584,iOS,中端,659,6,0
U003585,安卓,低端,308,2,0
U003586,安卓,中端,1474,5,0
U003587,安卓,中端,188,7,0
U003588,安卓,中端,367,6,0
U003589,安卓,中端,716,8,0
U003590,iOS,中端,137,8,0
U003591,安卓,中端,377,2,0
U003592,安卓,中端,199,10,0
U003593,安卓,高端,212,6,0
U003594,iOS,低端,564,9,0
U003595,安卓,低端,276,1,0
U003596,iOS,中端,43,5,0
U003597,安卓,低端,62,7,0
U003598,安卓,低端,85,3,0
U003599,iOS,中端,512,9,0
U003600,iOS,高端,634,7,0
U003601,安卓,中端,89,5,0
U003602,安卓,高端,1025,4,0
U003603,iOS,中端,629,6,0
U003604,安卓,低端,195,8,0
U003605,安卓,低端,68,11,0
U003606,安卓,中端,90,5,0
U003607,安卓,中端,376,8,0
U003608,安卓,低端,305,3,0
U003609,安卓,中端,56,10,0
U003610,iOS,高端,330,8,1
U003611,安卓,中端,24,4,0
U003612,安卓,中端,1169,6,0
U003613,安卓,中端,66,4,0
U003614,安卓,中端,30,4,0
U003615,安卓,中端,451,10,0
U003616,安卓,中端,102,9,0
U003617,iOS,中端,312,9,0
U003618,安卓,中端,144,4,0
U003619,iOS,中端,282,7,0
U003620,安卓,低端,21,8,0
U003621,安卓,中端,46,5,0
U003622,安卓,中端,2951,7,0
U003623,iOS,中端,215,6,0
U003624,安卓,中端,192,4,0
U003625,iOS,低端,204,7,0
U003626,安卓,低端,403,3,0
U003627,iOS,中端,191,5,0
U003628,安卓,中端,170,3,0
U003629,安卓,低端,1162,6,0
U003630,安卓,中端,105,6,0
U003631,安卓,低端,68,7,0
U003632,安卓,中端,192,5,0
U003633,安卓,低端,148,6,0
U003634,安卓,高端,131,7,0
U003635,安卓,中端,256,2,0
U003636,安卓,低端,81,5,0
U003637,安卓,中端,53,8,0
U003638,安卓,低端,177,7,0
U003639,安卓,中端,198,6,0
U003640,安卓,中端,53,4,0
U003641,iOS,低端,56,9,0
U003642,iOS,中端,222,8,0
U003643,安卓,中端,1546,7,0
U003644,安卓,低端,297,7,0
U003645,安卓,中端,133,6,0
U003646,安卓,高端,1693,6,0
U003647,安卓,中端,68,9,0
U003648,安卓,低端,743,6,0
U003649,iOS,中端,190,2,0
U003650,iOS,高端,1373,4,1
U003651,安卓,中端,46,7,0
U003652,安卓,中端,513,7,0
U003653,安卓,低端,242,7,1
U003654,安卓,中端,27,6,0
U003655,安卓,低端,39,6,0
U003656,安卓,中端,202,4,0
U003657,安卓,中端,34,5,0
U003658,安卓,中端,8412,5,0
U003659,iOS,高端,382,8,0
U003660,安卓,低端,15,3,0
U003661,安卓,中端,160,10,0
U003662,iOS,低端,1518,11,0
U003663,iOS,中端,217,3,0
U003664,安卓,中端,669,7,0
U003665,安卓,中端,559,4,0
U003666,安卓,低端,97,12,0
U003667,安卓,高端,235,6,0
U003668,iOS,中端,223,6,0
U003669,iOS,中端,314,8,0
U003670,安卓,高端,74,6,0
U003671,安卓,低端,137,8,0
U003672,iOS,高端,486,4,0
U003673,安卓,低端,294,7,0
U003674,iOS,中端,332,5,0
U003675,安卓,高端,43,3,0
U003676,安卓,低端,74,9,0
U003677,安卓,低端,493,4,0
U003678,iOS,低端,255,5,0
U003679,安卓,中端,489,3,0
U003680,安卓,低端,29,7,0
U003681,iOS,低端,234,5,0
U003682,iOS,中端,1149,8,0
U003683,安卓,中端,1316,7,0
U003684,安卓,中端,91,4,0
U003685,安卓,低端,237,2,1
U003686,安卓,低端,84,5,0
U003687,iOS,低端,569,12,0
U003688,iOS,中端,208,8,0
U003689,iOS,高端,1541,7,0
U003690,iOS,低端,503,9,0
U003691,安卓,低端,1644,8,0
U003692,安卓,高端,17,3,0
U003693,iOS,中端,647,11,0
U003694,iOS,低端,249,4,0
U003695,iOS,中端,186,6,0
U003696,安卓,低端,465,3,0
U003697,安卓,低端,379,6,0
U003698,iOS,中端,98,12,0
U003699,iOS,中端,204,4,0
U003700,安卓,低端,150,4,0
U003701,安卓,中端,40,5,0
U003702,安卓,中端,256,6,0
U003703,安卓,低端,120,6,0
U003704,iOS,中端,156,2,0
U003705,安卓,低端,883,7,0
U003706,安卓,中端,8080,6,0
U003707,安卓,低端,153,5,0
U003708,iOS,高端,781,5,0
U003709,安卓,低端,354,4,0
U003710,iOS,中端,576,8,0
U003711,iOS,高端,1244,7,0
U003712,iOS,高端,406,11,0
U003713,iOS,低端,538,9,0
U003714,安卓,中端,102,4,0
U003715,iOS,中端,384,12,0
U003716,安卓,低端,130,10,0
U003717,iOS,中端,819,8,0
U003718,安卓,中端,88,5,0
U003719,iOS,中端,202,8,0
U003720,安卓,中端,21,5,0
U003721,安卓,中端,814,5,0
U003722,安卓,低端,65,7,0
U003723,iOS,中端,87,11,0
U003724,安卓,中端,470,4,0
U003725,安卓,低端,65,4,0
U003726,iOS,中端,187,11,0
U003727,安卓,低端,484,6,1
U003728,安卓,低端,322,6,0
U003729,安卓,低端,165,4,0
U003730,iOS,中端,185,6,0
U003731,iOS,中端,61,4,0
U003732,安卓,中端,784,11,0
U003733,iOS,低端,47,7,0
U003734,iOS,中端,625,9,1
U003735,iOS,低端,423,8,1
U003736,安卓,低端,633,9,0
U003737,安卓,低端,2326,6,0
U003738,安卓,中端,443,8,0
U003739,iOS,低端,338,7,0
U003740,安卓,高端,138,4,0
U003741,安卓,高端,261,6,0
U003742,安卓,高端,452,7,0
U003743,安卓,中端,173,6,0
U003744,安卓,中端,211,2,0
U003745,安卓,中端,389,7,0
U003746,安卓,中端,139,5,0
U003747,iOS,中端,450,7,0
U003748,安卓,中端,57,5,0
U003749,安卓,低端,89,4,0
U003750,iOS,高端,71,6,0
U003751,安卓,低端,198,4,0
U003752,iOS,中端,194,8,0
U003753,安卓,中端,358,10,0
U003754,安卓,中端,337,5,0
U003755,安卓,中端,208,3,0
U003756,安卓,高端,1043,8,0
U003757,iOS,中端,554,7,0
U003758,安卓,高端,443,4,0
U003759,安卓,低端,108,5,0
U003760,安卓,中端,109,7,0
U003761,安卓,低端,516,3,0
U003762,安卓,中端,236,5,0
U003763,iOS,中端,439,4,0
U003764,iOS,中端,506,9,0
U003765,安卓,中端,61,5,0
U003766,安卓,低端,79,6,0
U003767,安卓,低端,106,5,1
U003768,iOS,中端,783,6,0
U003769,iOS,中端,56,2,0
U003770,安卓,中端,258,4,0
U003771,安卓,低端,429,4,0
U003772,安卓,中端,821,6,0
U003773,iOS,中端,365,5,0
U003774,安卓,中端,441,3,0
U003775,安卓,低端,355,7,0
U003776,安卓,中端,238,5,0
U003777,安卓,中端,441,5,0
U003778,安卓,低端,653,6,0
U003779,安卓,中端,695,6,0
U003780,iOS,中端,58,10,0
U003781,安卓,低端,17,8,0
U003782,iOS,中端,559,6,0
U003783,iOS,中端,580,9,0
U003784,安卓,中端,1024,2,0
U003785,iOS,高端,711,9,0
U003786,安卓,中端,108,5,0
U003787,安卓,中端,725,3,0
U003788,安卓,中端,67,5,0
U003789,iOS,高端,122,6,0
U003790,安卓,中端,10,5,0
U003791,安卓,高端,204,8,0
U003792,安卓,低端,103,7,0
U003793,安卓,中端,97,4,0
U003794,iOS,中端,86,5,0
U003795,安卓,高端,1091,3,0
U003796,安卓,低端,530,7,0
U003797,安卓,中端,81,8,0
U003798,安卓,高端,996,4,0
U003799,iOS,中端,901,6,0
U003800,安卓,中端,26,6,0
U003801,安卓,低端,325,5,0
U003802,iOS,中端,531,4,0
U003803,安卓,中端,820,6,0
U003804,iOS,中端,215,7,0
U003805,安卓,低端,28,5,0
U003806,安卓,中端,274,6,0
U003807,iOS,中端,340,8,0
U003808,安卓,低端,10,4,0
U003809,iOS,中端,1001,6,0
U003810,iOS,高端,2364,8,0
U003811,iOS,高端,413,8,1
U003812,安卓,高端,230,3,0
U003813,iOS,中端,128,7,0
U003814,iOS,中端,608,5,0
U003815,安卓,高端,299,5,0
U003816,iOS,低端,491,8,0
U003817,iOS,高端,466,4,0
U003818,iOS,高端,1396,6,0
U003819,安卓,中端,583,6,0
U003820,iOS,中端,543,7,0
U003821,安卓,低端,296,2,0
U003822,安卓,低端,638,6,0
U003823,安卓,低端,147,9,0
U003824,安卓,中端,360,6,0
U003825,安卓,低端,120,7,0
U003826,安卓,高端,1741,5,0
U003827,iOS,中端,443,6,0
U003828,安卓,中端,1636,3,0
U003829,安卓,中端,429,5,0
U003830,安卓,中端,503,7,0
U003831,iOS,中端,1238,4,0
U003832,iOS,低端,431,4,0
U003833,iOS,低端,61,9,0
U003834,安卓,低端,139,6,0
U003835,iOS,中端,112,4,0
U003836,iOS,中端,93,7,0
U003837,iOS,高端,219,9,0
U003838,iOS,低端,435,8,0
U003839,安卓,低端,272,7,0
U003840,安卓,中端,158,4,1
U003841,iOS,中端,1391,6,0
U003842,iOS,中端,55,3,0
U003843,安卓,中端,157,9,0
U003844,iOS,高端,461,4,0
U003845,iOS,中端,357,9,0
U003846,安卓,中端,283,7,0
U003847,安卓,中端,128,8,1
U003848,安卓,中端,123,4,0
U003849,安卓,高端,2319,4,0
U003850,安卓,低端,317,5,0
U003851,安卓,低端,74,3,0
U003852,iOS,中端,436,5,0
U003853,iOS,高端,395,10,0
U003854,安卓,低端,714,5,0
U003855,安卓,中端,34,7,0
U003856,安卓,中端,258,3,0
U003857,iOS,高端,400,6,0
U003858,iOS,低端,321,8,0
U003859,iOS,中端,77,7,0
U003860,安卓,高端,799,9,0
U003861,安卓,低端,133,7,0
U003862,iOS,中端,327,9,0
U003863,安卓,高端,294,7,0
U003864,iOS,低端,190,5,0
U003865,安卓,低端,347,9,0
U003866,安卓,低端,5035,7,0
U003867,安卓,中端,561,8,0
U003868,安卓,中端,148,3,0
U003869,安卓,低端,190,5,0
U003870,iOS,中端,1708,5,0
U003871,iOS,低端,891,9,0
U003872,安卓,中端,260,8,0
U003873,iOS,中端,500,10,1
U003874,安卓,低端,218,6,0
U003875,安卓,高端,4069,6,0
U003876,iOS,中端,303,9,0
U003877,安卓,中端,160,7,1
U003878,安卓,高端,82,5,0
U003879,安卓,中端,67,9,0
U003880,安卓,低端,1741,4,0
U003881,安卓,中端,87,6,0
U003882,iOS,中端,125,6,0
U003883,iOS,中端,638,12,0
U003884,安卓,中端,657,3,0
U003885,安卓,中端,183,5,0
U003886,安卓,中端,68,3,0
U003887,安卓,中端,296,6,0
U003888,安卓,高端,1006,3,0
U003889,安卓,低端,93,7,0
U003890,安卓,中端,95,9,0
U003891,安卓,低端,133,12,0
U003892,安卓,低端,145,7,0
U003893,安卓,低端,92,7,0
U003894,安卓,中端,553,6,1
U003895,安卓,低端,76,6,1
U003896,安卓,低端,161,4,0
U003897,安卓,低端,295,6,0
U003898,安卓,低端,132,4,0
U003899,iOS,中端,309,4,0
U003900,安卓,中端,423,8,0
U003901,iOS,中端,711,7,0
U003902,安卓,中端,514,10,0
U003903,iOS,高端,311,7,0
U003904,安卓,中端,43,10,0
U003905,安卓,中端,90,7,0
U003906,安卓,高端,2147,8,0
U003907,安卓,高端,3617,6,0
U003908,iOS,高端,397,7,1
U003909,安卓,中端,227,4,0
U003910,iOS,低端,974,11,0
U003911,安卓,低端,315,4,0
U003912,安卓,中端,1565,8,0
U003913,安卓,高端,22,5,0
U003914,安卓,低端,234,4,1
U003915,iOS,中端,516,5,0
U003916,安卓,低端,38,4,0
U003917,安卓,中端,28,4,0
U003918,安卓,低端,30,3,0
U003919,安卓,低端,188,6,0
U003920,iOS,高端,324,8,0
U003921,iOS,低端,284,5,0
U003922,安卓,低端,409,4,0
U003923,安卓,低端,87,4,0
U003924,iOS,低端,50,8,0
U003925,安卓,中端,1627,10,0
U003926,iOS,低端,445,6,0
U003927,安卓,中端,232,4,0
U003928,安卓,中端,1011,5,0
U003929,安卓,低端,229,7,0
U003930,iOS,中端,262,10,0
U003931,iOS,低端,209,6,0
U003932,安卓,高端,248,3,0
U003933,iOS,中端,280,7,0
U003934,安卓,中端,511,5,0
U003935,安卓,中端,128,6,0
U003936,安卓,低端,3769,1,0
U003937,安卓,高端,12,3,0
U003938,iOS,低端,182,7,0
U003939,iOS,高端,252,9,0
U003940,安卓,中端,474,4,0
U003941,iOS,中端,227,6,0
U003942,iOS,中端,657,13,0
U003943,安卓,高端,53,8,0
U003944,iOS,高端,1480,12,0
U003945,iOS,中端,515,3,0
U003946,安卓,低端,40,9,0
U003947,安卓,中端,496,4,0
U003948,安卓,高端,81,8,0
U003949,iOS,中端,211,7,0
U003950,安卓,低端,1057,2,0
U003951,安卓,低端,280,3,0
U003952,安卓,中端,119,1,1
U003953,安卓,中端,74,7,0
U003954,安卓,低端,65,5,0
U003955,安卓,低端,44,6,0
U003956,安卓,低端,141,6,0
U003957,安卓,中端,101,4,0
U003958,安卓,中端,590,5,0
U003959,安卓,高端,383,6,0
U003960,安卓,中端,770,3,0
U003961,安卓,低端,223,5,0
U003962,安卓,低端,126,9,0
U003963,iOS,高端,695,7,0
U003964,iOS,高端,292,10,0
U003965,安卓,低端,158,9,0
U003966,安卓,高端,455,6,0
U003967,安卓,中端,57,7,0
U003968,安卓,低端,1027,5,0
U003969,安卓,低端,348,3,0
U003970,iOS,高端,499,6,0
U003971,iOS,高端,915,9,0
U003972,安卓,中端,313,4,0
U003973,iOS,中端,106,13,0
U003974,安卓,低端,13,8,1
U003975,安卓,中端,36,3,0
U003976,iOS,中端,2618,8,0
U003977,iOS,高端,189,6,0
U003978,iOS,中端,808,7,1
U003979,安卓,低端,283,6,0
U003980,iOS,中端,93,12,0
U003981,安卓,低端,484,10,0
U003982,安卓,高端,812,8,0
U003983,iOS,高端,1637,5,0
U003984,安卓,中端,60,7,0
U003985,安卓,高端,357,4,0
U003986,安卓,低端,165,8,0
U003987,安卓,高端,317,6,0
U003988,安卓,中端,42,7,0
U003989,安卓,低端,1859,5,0
U003990,安卓,中端,13,6,0
U003991,安卓,低端,101,7,0
U003992,安卓,低端,214,4,0
U003993,安卓,中端,93,3,0
U003994,安卓,中端,232,7,0
U003995,iOS,中端,815,9,0
U003996,安卓,中端,2310,3,0
U003997,安卓,中端,280,8,0
U003998,安卓,中端,284,7,0
U003999,安卓,低端,28,4,0
U004000,安卓,低端,256,4,0
U004001,安卓,低端,314,6,0
U004002,iOS,高端,241,8,0
U004003,安卓,中端,1065,3,0
U004004,安卓,中端,1146,4,0
U004005,iOS,中端,626,2,0
U004006,安卓,低端,137,5,0
U004007,iOS,中端,359,6,0
U004008,安卓,中端,28,6,0
U004009,安卓,中端,596,6,0
U004010,iOS,中端,481,10,0
U004011,安卓,中端,652,3,0
U004012,iOS,中端,369,7,0
U004013,安卓,高端,249,6,0
U004014,安卓,中端,147,5,0
U004015,安卓,中端,862,7,0
U004016,iOS,中端,343,5,0
U004017,iOS,高端,1115,5,0
U004018,iOS,中端,1204,9,0
U004019,安卓,低端,3370,6,0
U004020,安卓,中端,160,6,0
U004021,安卓,中端,82,7,0
U004022,安卓,中端,590,3,0
U004023,iOS,中端,49,11,0
U004024,iOS,中端,995,9,0
U004025,安卓,中端,258,6,0
U004026,安卓,低端,376,5,0
U004027,安卓,中端,23,7,0
U004028,安卓,低端,344,4,0
U004029,安卓,中端,843,7,0
U004030,安卓,高端,121,2,0
U004031,安卓,中端,174,5,0
U004032,安卓,高端,226,4,0
U004033,安卓,中端,143,7,0
U004034,安卓,中端,182,3,0
U004035,安卓,高端,49,3,0
U004036,iOS,高端,23,12,0
U004037,安卓,低端,290,8,0
U004038,安卓,低端,715,6,0
U004039,安卓,低端,923,7,0
U004040,iOS,中端,188,5,0
U004041,安卓,低端,95,6,0
U004042,iOS,中端,312,9,0
U004043,安卓,中端,17,8,0
U004044,安卓,中端,595,9,0
U004045,安卓,低端,1203,7,0
U004046,安卓,低端,156,7,0
U004047,安卓,低端,349,6,0
U004048,安卓,低端,928,2,0
U004049,安卓,中端,548,10,0
U004050,安卓,中端,221,6,0
U004051,安卓,低端,283,7,0
U004052,安卓,低端,256,10,0
U004053,安卓,中端,50,2,0
U004054,iOS,高端,2767,6,0
U004055,安卓,低端,235,4,0
U004056,安卓,低端,317,8,0
U004057,安卓,低端,46,8,0
U004058,安卓,中端,522,9,0
U004059,iOS,中端,236,7,0
U004060,安卓,中端,213,6,0
U004061,iOS,中端,125,9,0
U004062,iOS,高端,302,4,0
U004063,安卓,低端,190,6,0
U004064,安卓,中端,39,5,0
U004065,安卓,高端,452,4,0
U004066,安卓,低端,39,4,0
U004067,iOS,高端,270,7,0
U004068,安卓,高端,200,3,0
U004069,安卓,中端,394,2,0
U004070,iOS,低端,339,8,0
U004071,安卓,高端,307,5,0
U004072,iOS,中端,4053,7,0
U004073,安卓,低端,370,7,1
U004074,iOS,中端,425,4,0
U004075,安卓,低端,297,8,0
U004076,安卓,高端,122,3,0
U004077,安卓,中端,138,2,0
U004078,iOS,中端,124,1,0
U004079,安卓,中端,211,6,0
U004080,安卓,中端,624,5,0
U004081,安卓,中端,110,5,1
U004082,安卓,低端,395,5,0
U004083,安卓,中端,111,4,0
U004084,iOS,中端,355,8,0
U004085,安卓,中端,84,2,0
U004086,安卓,低端,140,9,0
U004087,iOS,中端,808,7,0
U004088,安卓,中端,278,6,0
U004089,安卓,中端,611,4,0
U004090,安卓,中端,569,5,0
U004091,安卓,中端,970,6,0
U004092,安卓,低端,93,4,0
U004093,安卓,高端,568,4,0
U004094,iOS,中端,508,11,0
U004095,iOS,中端,358,6,0
U004096,安卓,低端,196,6,0
U004097,安卓,低端,566,3,0
U004098,安卓,低端,43,6,0
U004099,iOS,中端,114,6,0
U004100,安卓,中端,44,4,0
U004101,安卓,低端,613,3,0
U004102,安卓,中端,55,2,0
U004103,安卓,高端,94,4,0
U004104,安卓,低端,60,7,0
U004105,iOS,中端,113,14,0
U004106,安卓,低端,645,3,0
U004107,安卓,高端,2420,5,0
U004108,安卓,低端,416,6,0
U004109,安卓,中端,272,3,0
U004110,安卓,低端,708,5,0
U004111,安卓,中端,199,5,0
U004112,安卓,中端,540,6,0
U004113,安卓,中端,98,6,0
U004114,安卓,中端,827,5,0
U004115,安卓,低端,102,4,0
U004116,iOS,高端,312,5,0
U004117,iOS,高端,432,5,0
U004118,iOS,高端,476,6,1
U004119,iOS,中端,33,6,0
U004120,安卓,高端,2349,10,0
U004121,安卓,中端,331,6,0
U004122,iOS,中端,476,8,0
U004123,iOS,中端,2562,7,0
U004124,安卓,低端,381,6,0
U004125,iOS,中端,304,6,0
U004126,安卓,低端,564,9,0
U004127,iOS,中端,726,5,0
U004128,安卓,低端,11,3,0
U004129,安卓,低端,1310,6,0
U004130,iOS,中端,293,6,0
U004131,安卓,中端,135,3,0
U004132,安卓,低端,238,6,0
U004133,安卓,低端,255,7,1
U004134,安卓,低端,183,5,0
U004135,iOS,高端,102,3,0
U004136,iOS,中端,113,11,0
U004137,iOS,高端,465,10,0
U004138,安卓,低端,192,11,0
U004139,iOS,高端,63,8,0
U004140,iOS,低端,639,9,0
U004141,iOS,中端,260,6,0
U004142,iOS,高端,536,5,0
U004143,安卓,中端,237,4,0
U004144,安卓,中端,603,4,0
U004145,安卓,低端,386,5,0
U004146,安卓,低端,80,5,0
U004147,iOS,中端,1236,6,0
U004148,安卓,高端,117,5,0
U004149,安卓,中端,372,4,0
U004150,安卓,中端,643,4,0
U004151,安卓,中端,3868,3,0
U004152,安卓,低端,1307,3,1
U004153,iOS,低端,207,5,0
U004154,iOS,中端,466,8,0
U004155,iOS,高端,788,7,0
U004156,安卓,中端,54,5,0
U004157,安卓,中端,155,3,0
U004158,安卓,中端,138,4,0
U004159,iOS,中端,185,11,0
U004160,安卓,中端,204,5,0
U004161,iOS,中端,136,7,0
U004162,安卓,中端,159000,6,0
U004163,iOS,中端,286,8,0
U004164,安卓,中端,105,5,0
U004165,iOS,高端,145,9,0
U004166,安卓,高端,307,7,0
U004167,安卓,中端,178,3,0
U004168,安卓,低端,38,5,0
U004169,iOS,中端,243,9,0
U004170,安卓,低端,259,4,0
U004171,安卓,中端,188,6,0
U004172,iOS,低端,783,5,1
U004173,安卓,中端,1404,6,0
U004174,iOS,低端,1568,7,0
U004175,安卓,低端,1320,5,0
U004176,安卓,中端,1580,11,1
U004177,iOS,中端,1006000,4,0
U004178,安卓,低端,67,8,0
U004179,安卓,低端,1465,7,0
U004180,安卓,中端,423,5,0
U004181,安卓,高端,48,4,0
U004182,安卓,中端,339,4,0
U004183,iOS,中端,318,12,0
U004184,安卓,中端,96,3,0
U004185,iOS,中端,84,6,0
U004186,iOS,中端,488,6,0
U004187,iOS,中端,324,4,0
U004188,安卓,高端,508,6,0
U004189,安卓,低端,82,4,0
U004190,安卓,低端,902,4,0
U004191,安卓,高端,164,3,0
U004192,iOS,高端,665,10,0
U004193,iOS,中端,384,6,0
U004194,安卓,中端,394,5,0
U004195,安卓,中端,41,5,0
U004196,iOS,中端,1293,11,0
U004197,安卓,高端,84,6,0
U004198,安卓,低端,89,7,0
U004199,安卓,高端,4414,5,0
U004200,安卓,中端,267,3,0
U004201,iOS,中端,331,9,0
U004202,iOS,高端,259,2,0
U004203,安卓,低端,293,10,0
U004204,安卓,高端,186,6,0
U004205,安卓,中端,120,4,0
U004206,iOS,高端,749,7,0
U004207,安卓,中端,273,1,0
U004208,安卓,中端,323,8,0
U004209,iOS,中端,1611,10,0
U004210,安卓,中端,296,6,0
U004211,iOS,中端,209,5,0
U004212,安卓,中端,11,7,0
U004213,安卓,低端,79,3,0
U004214,安卓,低端,709,4,0
U004215,iOS,高端,590,7,0
U004216,安卓,低端,266,6,0
U004217,安卓,中端,631,10,0
U004218,安卓,高端,316,3,0
U004219,安卓,中端,383,6,0
U004220,安卓,高端,22,8,0
U004221,安卓,中端,405,9,0
U004222,安卓,低端,289,5,0
U004223,iOS,高端,1626,4,0
U004224,安卓,低端,150,3,0
U004225,iOS,高端,124,8,0
U004226,安卓,低端,309,5,0
U004227,安卓,中端,175,3,0
U004228,安卓,中端,113,4,0
U004229,安卓,低端,446,4,0
U004230,安卓,中端,197,3,0
U004231,iOS,中端,121,7,0
U004232,iOS,中端,338,9,0
U004233,安卓,中端,455,5,0
U004234,安卓,高端,333,4,0
U004235,安卓,中端,2812,6,0
U004236,安卓,低端,832,3,0
U004237,安卓,中端,406,6,0
U004238,iOS,中端,389,8,0
U004239,安卓,低端,104,2,0
U004240,安卓,低端,55,5,0
U004241,iOS,中端,571,6,0
U004242,安卓,低端,42,2,0
U004243,安卓,中端,133,5,0
U004244,安卓,中端,985,2,0
U004245,安卓,中端,252,5,0
U004246,安卓,高端,139,6,1
U004247,安卓,低端,112,6,0
U004248,安卓,高端,2179,7,0
U004249,安卓,低端,4133,6,0
U004250,安卓,低端,40,4,0
U004251,iOS,中端,511,3,0
U004252,安卓,中端,723,6,0
U004253,安卓,中端,118,2,0
U004254,安卓,中端,276,4,0
U004255,iOS,中端,59,9,0
U004256,安卓,中端,96,4,0
U004257,iOS,中端,79,6,0
U004258,安卓,高端,678,6,0
U004259,安卓,中端,89,4,0
U004260,安卓,中端,514,7,0
U004261,iOS,中端,494,5,0
U004262,安卓,低端,127,4,0
U004263,安卓,中端,131,3,0
U004264,iOS,中端,258,7,0
U004265,安卓,中端,4537,2,0
U004266,安卓,低端,148,3,0
U004267,iOS,高端,3212,10,0
U004268,iOS,中端,192,5,0
U004269,安卓,低端,116,5,0
U004270,安卓,中端,1020,6,0
U004271,安卓,低端,77,7,0
U004272,安卓,高端,4154,3,0
U004273,iOS,中端,354,9,0
U004274,安卓,低端,31,7,0
U004275,安卓,高端,992,9,0
U004276,安卓,中端,149,7,0
U004277,安卓,中端,78,4,0
U004278,安卓,中端,181,5,0
U004279,iOS,中端,804,12,0
U004280,iOS,中端,92,8,0
U004281,安卓,中端,1460,7,0
U004282,安卓,低端,373,8,0
U004283,安卓,中端,514,8,0
U004284,安卓,低端,361,6,0
U004285,安卓,中端,177,8,0
U004286,iOS,高端,520,10,0
U004287,安卓,低端,144,4,0
U004288,iOS,中端,816,11,0
U004289,安卓,低端,442,7,0
U004290,iOS,高端,557,7,0
U004291,安卓,高端,29,7,0
U004292,iOS,中端,986,8,1
U004293,安卓,中端,664,6,0
U004294,安卓,低端,389,5,0
U004295,安卓,低端,492,4,0
U004296,iOS,中端,1020,6,0
U004297,安卓,中端,93,4,0
U004298,安卓,低端,742,9,0
U004299,安卓,低端,707,7,0
U004300,安卓,中端,1292,5,0
U004301,安卓,低端,603,4,0
U004302,安卓,高端,509,2,0
U004303,安卓,低端,90,2,0
U004304,安卓,低端,116,5,0
U004305,安卓,中端,36,13,0
U004306,安卓,低端,19200,5,0
U004307,安卓,低端,178,5,0
U004308,安卓,低端,254,5,0
U004309,iOS,中端,712,5,0
U004310,iOS,高端,267,7,0
U004311,安卓,低端,574,2,0
U004312,iOS,高端,550,10,0
U004313,安卓,中端,16,7,0
U004314,安卓,低端,1382,6,0
U004315,安卓,低端,135,9,0
U004316,安卓,中端,34,7,0
U004317,iOS,低端,197,6,0
U004318,安卓,中端,288,4,0
U004319,安卓,低端,143,6,0
U004320,iOS,高端,448,9,0
U004321,安卓,高端,704,11,0
U004322,iOS,高端,1549,8,0
U004323,安卓,中端,114,7,0
U004324,安卓,中端,139,6,0
U004325,安卓,低端,176,8,0
U004326,iOS,高端,632,7,0
U004327,安卓,中端,82,5,0
U004328,安卓,高端,1044,12,0
U004329,安卓,低端,821,8,0
U004330,iOS,中端,184,10,0
U004331,安卓,低端,683,8,1
U004332,安卓,低端,92,9,0
U004333,安卓,中端,1173,6,0
U004334,iOS,中端,192,3,0
U004335,iOS,低端,125,5,0
U004336,安卓,低端,312,5,0
U004337,安卓,中端,22,8,0
U004338,iOS,高端,874,14,0
U004339,安卓,中端,575,5,0
U004340,安卓,低端,848,7,0
U004341,iOS,低端,264,12,0
U004342,安卓,低端,93,4,0
U004343,iOS,中端,2130,5,0
U004344,安卓,中端,30,8,0
U004345,安卓,低端,61,6,0
U004346,安卓,低端,112,7,0
U004347,安卓,中端,336,4,0
U004348,iOS,中端,101,7,0
U004349,iOS,中端,958,8,0
U004350,安卓,低端,846,6,0
U004351,安卓,低端,45,3,0
U004352,安卓,低端,216,3,0
U004353,iOS,中端,516,10,0
U004354,安卓,低端,866,4,0
U004355,安卓,低端,184,6,0
U004356,安卓,低端,89,4,0
U004357,iOS,高端,307,8,1
U004358,iOS,低端,738,10,0
U004359,安卓,低端,565,7,0
U004360,iOS,低端,930,10,0
U004361,安卓,低端,62,2,1
U004362,安卓,中端,498,6,0
U004363,安卓,低端,270,7,0
U004364,安卓,低端,180,5,0
U004365,iOS,高端,149,4,1
U004366,安卓,低端,147,7,0
U004367,安卓,中端,405,4,0
U004368,安卓,中端,65,8,0
U004369,安卓,中端,260,8,0
U004370,安卓,低端,103,7,0
U004371,安卓,低端,621,3,0
U004372,iOS,中端,1830,4,0
U004373,安卓,低端,249,8,0
U004374,安卓,中端,1672,5,0
U004375,安卓,中端,674,5,0
U004376,安卓,中端,176,4,0
U004377,安卓,中端,56,2,0
U004378,iOS,低端,77,8,0
U004379,安卓,高端,43,7,0
U004380,iOS,低端,80,3,0
U004381,iOS,中端,119,9,0
U004382,安卓,低端,34,6,0
U004383,安卓,低端,474,4,0
U004384,iOS,中端,291,7,0
U004385,安卓,低端,60,4,0
U004386,安卓,低端,143,5,0
U004387,iOS,低端,646,13,0
U004388,安卓,中端,464,4,0
U004389,安卓,低端,65,4,0
U004390,iOS,中端,149,9,0
U004391,安卓,高端,376,6,0
U004392,安卓,低端,138,6,0
U004393,安卓,中端,86,10,0
U004394,iOS,中端,879,11,0
U004395,安卓,高端,130,8,0
U004396,安卓,低端,14,5,0
U004397,安卓,低端,1070,7,0
U004398,安卓,低端,2301,6,0
U004399,安卓,中端,416,5,0
U004400,iOS,中端,277,10,0
U004401,安卓,中端,637,9,0
U004402,安卓,低端,33,7,0
U004403,iOS,中端,440,6,0
U004404,安卓,中端,373,4,0
U004405,安卓,高端,355,4,0
U004406,安卓,中端,127,5,0
U004407,安卓,低端,146,9,0
U004408,安卓,中端,505,5,1
U004409,iOS,中端,141,7,0
U004410,安卓,高端,23,9,0
U004411,iOS,中端,320,11,1
U004412,安卓,中端,370,10,0
U004413,iOS,高端,62000,10,0
U004414,iOS,高端,279,4,0
U004415,安卓,中端,83,5,0
U004416,安卓,低端,166,6,0
U004417,安卓,中端,121,8,0
U004418,安卓,中端,273,6,0
U004419,安卓,低端,617,10,0
U004420,iOS,高端,548,12,0
U004421,安卓,中端,2099,7,0
U004422,安卓,低端,711,7,0
U004423,安卓,低端,313,7,0
U004424,安卓,低端,221,7,0
U004425,iOS,低端,733,4,0
U004426,iOS,中端,166,8,0
U004427,安卓,中端,176,8,0
U004428,iOS,中端,360,5,0
U004429,安卓,高端,51,6,0
U004430,安卓,低端,132,4,1
U004431,安卓,中端,271,5,0
U004432,安卓,中端,792,7,0
U004433,iOS,高端,262,10,0
U004434,iOS,中端,1077,8,0
U004435,安卓,中端,118,4,0
U004436,iOS,中端,81,5,0
U004437,安卓,高端,778,7,0
U004438,安卓,高端,221,4,0
U004439,iOS,高端,826,7,0
U004440,安卓,中端,206,6,0
U004441,iOS,中端,580,5,0
U004442,安卓,中端,89,5,0
U004443,安卓,低端,1081,3,0
U004444,iOS,高端,181,5,0
U004445,iOS,低端,2214,7,0
U004446,安卓,低端,176,4,0
U004447,iOS,中端,296,8,0
U004448,安卓,高端,198,9,0
U004449,安卓,低端,178,5,0
U004450,iOS,中端,454,6,0
U004451,安卓,低端,467,6,0
U004452,安卓,低端,117,3,0
U004453,安卓,低端,2334,2,0
U004454,iOS,中端,387,4,0
U004455,安卓,中端,128,8,0
U004456,安卓,高端,1336,7,0
U004457,安卓,低端,532,7,0
U004458,安卓,中端,180,7,0
U004459,安卓,中端,145,6,0
U004460,iOS,高端,50,6,0
U004461,iOS,中端,909,8,0
U004462,安卓,高端,454,6,0
U004463,安卓,中端,2063,3,0
U004464,安卓,低端,229,7,0
U004465,iOS,高端,97,7,0
U004466,安卓,中端,645,6,0
U004467,安卓,中端,1594,5,0
U004468,安卓,低端,1115,7,0
U004469,安卓,低端,1391,6,0
U004470,安卓,低端,885,6,0
U004471,安卓,高端,83,9,0
U004472,安卓,高端,327,8,0
U004473,安卓,中端,72,7,0
U004474,安卓,中端,5473,5,1
U004475,iOS,低端,123,10,0
U004476,安卓,中端,525,6,0
U004477,安卓,中端,52,4,0
U004478,iOS,高端,81,5,0
U004479,安卓,低端,218,3,0
U004480,安卓,低端,24,5,0
U004481,iOS,中端,304,4,0
U004482,安卓,低端,21,5,0
U004483,安卓,中端,1140,5,0
U004484,iOS,中端,1329,7,0
U004485,iOS,高端,200,3,1
U004486,安卓,中端,347,5,0
U004487,安卓,中端,154,8,0
U004488,iOS,中端,465,8,0
U004489,安卓,低端,451,5,0
U004490,安卓,中端,229,11,0
U004491,安卓,低端,145,4,0
U004492,安卓,中端,747,6,0
U004493,安卓,中端,1035,4,0
U004494,安卓,低端,724,4,1
U004495,安卓,中端,52,2,0
U004496,iOS,中端,213,11,0
U004497,iOS,高端,5926,10,0
U004498,安卓,低端,3750,8,0
U004499,安卓,中端,26,5,0
U004500,iOS,高端,92,7,0
U004501,安卓,高端,186,4,1
U004502,安卓,中端,33,5,0
U004503,安卓,中端,159,7,0
U004504,安卓,低端,208,4,0
U004505,安卓,中端,2476,5,1
U004506,安卓,低端,245,1,0
U004507,iOS,中端,272,8,0
U004508,iOS,中端,993,8,0
U004509,iOS,中端,411,9,0
U004510,安卓,中端,399,4,0
U004511,iOS,中端,137,6,0
U004512,iOS,低端,33,6,1
U004513,安卓,低端,7522,2,0
U004514,iOS,中端,217,12,0
U004515,iOS,高端,409,6,0
U004516,iOS,中端,511,7,0
U004517,安卓,低端,210,4,0
U004518,安卓,中端,1015,8,0
U004519,iOS,低端,63,7,0
U004520,iOS,高端,109,7,0
U004521,安卓,低端,92,3,0
U004522,安卓,中端,688,3,0
U004523,安卓,低端,334,10,0
U004524,安卓,中端,183,2,0
U004525,iOS,低端,116,6,0
U004526,安卓,中端,37,4,0
U004527,iOS,中端,1024,8,0
U004528,安卓,低端,83000,6,0
U004529,安卓,中端,1398,3,0
U004530,安卓,中端,3253,3,0
U004531,iOS,高端,30,7,0
U004532,iOS,中端,184,5,0
U004533,安卓,低端,127,6,0
U004534,安卓,高端,191,3,0
U004535,iOS,高端,393,7,0
U004536,安卓,低端,336,5,0
U004537,安卓,低端,407,3,0
U004538,安卓,中端,10601,9,0
U004539,iOS,高端,2545,6,1
U004540,安卓,低端,274,5,0
U004541,iOS,中端,584,3,0
U004542,安卓,高端,77,4,0
U004543,安卓,中端,73,6,0
U004544,iOS,中端,194,7,0
U004545,iOS,中端,929,5,0
U004546,iOS,低端,981,6,0
U004547,iOS,中端,130,4,0
U004548,安卓,中端,322,6,0
U004549,安卓,低端,270,3,0
U004550,安卓,低端,750,9,0
U004551,安卓,低端,427,5,0
U004552,安卓,低端,305,6,0
U004553,iOS,高端,184,9,0
U004554,安卓,中端,5946,7,0
U004555,安卓,中端,819,8,0
U004556,iOS,中端,138,14,0
U004557,安卓,低端,112,2,0
U004558,iOS,高端,200,8,0
U004559,安卓,低端,43,6,0
U004560,安卓,中端,507,4,1
U004561,iOS,高端,433,6,0
U004562,iOS,中端,413,4,0
U004563,安卓,低端,371,3,0
U004564,安卓,低端,27,5,0
U004565,安卓,中端,228,6,0
U004566,安卓,中端,53,5,0
U004567,iOS,中端,197,4,0
U004568,安卓,高端,559,9,0
U004569,安卓,低端,695,12,0
U004570,安卓,高端,391,6,0
U004571,安卓,中端,353,10,0
U004572,iOS,中端,2628,7,0
U004573,iOS,中端,407,9,0
U004574,安卓,中端,1265,5,0
U004575,iOS,中端,575,7,0
U004576,iOS,低端,1463,12,0
U004577,安卓,低端,236,5,0
U004578,iOS,中端,672,7,0
U004579,安卓,低端,36,6,0
U004580,安卓,高端,933,4,0
U004581,安卓,中端,497,4,0
U004582,iOS,中端,187,9,0
U004583,安卓,中端,2734,9,1
U004584,安卓,低端,351,5,0
U004585,安卓,低端,217,9,1
U004586,安卓,低端,489,3,0
U004587,安卓,中端,156,3,0
U004588,安卓,中端,217,3,0
U004589,安卓,高端,86,8,0
U004590,iOS,中端,86,7,0
U004591,安卓,低端,142,4,0
U004592,iOS,高端,276,3,0
U004593,iOS,中端,765,8,0
U004594,安卓,中端,648,8,0
U004595,安卓,高端,386,9,0
U004596,安卓,高端,527,6,0
U004597,安卓,低端,1682,5,0
U004598,安卓,低端,117,2,0
U004599,安卓,低端,55,5,0
U004600,安卓,中端,75,7,0
U004601,iOS,高端,336,9,0
U004602,安卓,低端,269,6,0
U004603,安卓,中端,299,5,0
U004604,安卓,中端,908,5,0
U004605,安卓,低端,298,5,0
U004606,安卓,低端,1598,4,0
U004607,安卓,中端,143,7,0
U004608,安卓,低端,50,5,0
U004609,安卓,中端,173,7,0
U004610,安卓,高端,433,7,0
U004611,安卓,低端,274,5,0
U004612,安卓,低端,188,3,0
U004613,安卓,低端,91,8,0
U004614,iOS,高端,414,11,0
U004615,iOS,中端,653,8,0
U004616,安卓,中端,1091,4,0
U004617,安卓,低端,1150,2,0
U004618,iOS,低端,401,6,0
U004619,iOS,高端,297,7,0
U004620,iOS,中端,131,9,0
U004621,安卓,中端,513,7,0
U004622,iOS,高端,552,7,0
U004623,iOS,中端,3167,7,0
U004624,iOS,低端,268,9,0
U004625,安卓,低端,120,7,0
U004626,iOS,低端,291,5,0
U004627,iOS,中端,42,5,0
U004628,安卓,低端,716,5,0
U004629,安卓,低端,565,7,0
U004630,安卓,中端,551,6,0
U004631,iOS,中端,1501,7,1
U004632,安卓,中端,422,3,0
U004633,iOS,高端,229,15,0
U004634,iOS,低端,233,7,0
U004635,安卓,中端,364,7,0
U004636,iOS,高端,833,3,0
U004637,安卓,中端,134,6,0
U004638,安卓,低端,57,6,0
U004639,iOS,高端,630,8,1
U004640,安卓,低端,669,3,1
U004641,iOS,中端,148,10,0
U004642,安卓,低端,36,6,0
U004643,安卓,低端,170,3,0
U004644,安卓,中端,427,5,0
U004645,安卓,低端,40,9,0
U004646,安卓,中端,390,3,0
U004647,iOS,中端,190,7,0
U004648,iOS,高端,1891,6,1
U004649,安卓,低端,206,4,0
U004650,安卓,低端,229,6,0
U004651,安卓,中端,75,2,0
U004652,安卓,低端,726,3,0
U004653,安卓,低端,8752,6,0
U004654,安卓,低端,397,4,0
U004655,安卓,低端,192,6,0
U004656,iOS,中端,136,5,0
U004657,安卓,低端,3046,3,0
U004658,安卓,中端,80,5,0
U004659,iOS,低端,1105,12,0
U004660,安卓,低端,299,12,0
U004661,安卓,中端,1126,5,0
U004662,安卓,低端,75,5,0
U004663,安卓,中端,3226,7,0
U004664,iOS,中端,621,5,0
U004665,iOS,中端,41,6,0
U004666,安卓,低端,587,4,0
U004667,安卓,中端,17,4,0
U004668,iOS,中端,881,7,0
U004669,安卓,中端,920,2,0
U004670,安卓,低端,221,4,0
U004671,安卓,中端,500,4,0
U004672,iOS,高端,917,6,0
U004673,iOS,中端,113,8,0
U004674,安卓,高端,380,8,0
U004675,安卓,低端,62,7,0
U004676,安卓,低端,165,6,0
U004677,安卓,中端,403,5,0
U004678,安卓,中端,207,3,0
U004679,安卓,中端,59,6,0
U004680,iOS,中端,180,7,0
U004681,安卓,低端,1451,8,0
U004682,安卓,中端,250000,7,0
U004683,安卓,低端,67,5,0
U004684,iOS,中端,216,7,0
U004685,安卓,中端,53,3,0
U004686,安卓,中端,354,3,0
U004687,安卓,低端,167,10,0
U004688,安卓,中端,109,6,0
U004689,iOS,中端,447,5,1
U004690,安卓,低端,189,4,0
U004691,iOS,中端,73,11,0
U004692,安卓,中端,1996,6,1
U004693,安卓,低端,106,3,0
U004694,安卓,中端,607,3,0
U004695,安卓,中端,175,3,1
U004696,安卓,低端,53,7,1
U004697,安卓,低端,147,5,0
U004698,安卓,中端,28,7,0
U004699,安卓,中端,761,4,0
U004700,安卓,中端,47,4,0
U004701,iOS,高端,116,7,0
U004702,iOS,中端,1624,9,0
U004703,安卓,低端,465,5,0
U004704,iOS,高端,618,5,0
U004705,安卓,低端,2037,6,0
U004706,安卓,低端,440,8,0
U004707,安卓,中端,158,4,0
U004708,iOS,中端,298,10,0
U004709,iOS,中端,98,8,0
U004710,安卓,低端,620,7,0
U004711,iOS,中端,188,6,0
U004712,安卓,中端,241,4,0
U004713,安卓,低端,56,3,0
U004714,安卓,中端,149,4,0
U004715,安卓,中端,471,4,1
U004716,安卓,低端,78,3,0
U004717,安卓,中端,697,5,0
U004718,iOS,高端,1061,8,0
U004719,安卓,低端,34,9,0
U004720,安卓,低端,667,7,0
U004721,安卓,中端,388,4,0
U004722,安卓,高端,1109,4,0
U004723,安卓,中端,54,6,0
U004724,iOS,中端,747,6,0
U004725,安卓,中端,78,4,0
U004726,安卓,低端,178,4,0
U004727,iOS,中端,54,5,0
U004728,安卓,中端,357,2,0
U004729,iOS,中端,108,14,0
U004730,安卓,高端,6412,5,0
U004731,安卓,中端,1231,7,0
U004732,iOS,中端,2741,7,0
U004733,iOS,中端,230,7,0
U004734,iOS,中端,428,5,0
U004735,安卓,中端,437,4,0
U004736,安卓,中端,1249,3,0
U004737,安卓,低端,113,7,0
U004738,安卓,低端,122,4,0
U004739,安卓,低端,13,9,0
U004740,iOS,高端,279,6,0
U004741,iOS,高端,110,8,0
U004742,安卓,高端,350,5,1
U004743,iOS,高端,979,6,0
U004744,iOS,高端,353,6,0
U004745,iOS,高端,383,5,0
U004746,iOS,中端,137,9,0
U004747,iOS,高端,1786,5,0
U004748,iOS,高端,1283,10,0
U004749,iOS,中端,79,9,0
U004750,安卓,中端,616,6,0
U004751,iOS,高端,1505,6,0
U004752,安卓,中端,123,2,0
U004753,安卓,低端,264,5,0
U004754,安卓,高端,165,5,0
U004755,iOS,中端,173,6,0
U004756,安卓,中端,75,5,0
U004757,安卓,低端,146,5,0
U004758,安卓,中端,92,5,0
U004759,iOS,中端,439,7,0
U004760,安卓,中端,766,6,0
U004761,安卓,低端,87,4,0
U004762,安卓,中端,286,4,0
U004763,iOS,中端,314,6,0
U004764,安卓,高端,128,3,0
U004765,安卓,高端,1607,3,0
U004766,安卓,高端,157,5,0
U004767,iOS,高端,313,2,0
U004768,安卓,高端,296,7,0
U004769,安卓,中端,164,5,0
U004770,安卓,低端,803,5,0
U004771,安卓,中端,1717,3,0
U004772,安卓,低端,623,5,0
U004773,iOS,中端,875,7,0
U004774,安卓,中端,273,7,0
U004775,安卓,高端,191,4,0
U004776,安卓,中端,367,4,0
U004777,安卓,低端,149,2,0
U004778,安卓,低端,240,5,0
U004779,安卓,高端,304,8,0
U004780,安卓,高端,39,5,0
U004781,安卓,中端,188,5,0
U004782,iOS,中端,453,5,0
U004783,安卓,中端,216,8,0
U004784,安卓,中端,69,8,0
U004785,安卓,高端,130,7,0
U004786,安卓,中端,117,4,0
U004787,iOS,中端,259,4,0
U004788,安卓,高端,180,4,0
U004789,iOS,高端,230,8,0
U004790,iOS,中端,3057,4,0
U004791,安卓,低端,135000,2,0
U004792,安卓,低端,323,6,0
U004793,iOS,中端,350,4,0
U004794,iOS,低端,96,7,0
U004795,安卓,低端,1999,5,0
U004796,安卓,中端,22,4,0
U004797,iOS,中端,57,6,0
U004798,iOS,中端,369,6,0
U004799,安卓,高端,45,7,0
U004800,安卓,中端,187,4,1
U004801,iOS,中端,107,8,0
U004802,安卓,高端,172,7,0
U004803,iOS,高端,443,5,0
U004804,安卓,中端,161,8,0
U004805,安卓,低端,32,6,0
U004806,iOS,高端,636,12,0
U004807,安卓,中端,380,10,0
U004808,iOS,中端,875,13,0
U004809,安卓,高端,124,2,0
U004810,安卓,高端,150,7,0
U004811,iOS,高端,1544,3,0
U004812,安卓,中端,721,6,0
U004813,安卓,低端,73,5,0
U004814,iOS,中端,1306,5,0
U004815,安卓,低端,673,4,0
U004816,安卓,高端,135,11,0
U004817,iOS,中端,319,7,0
U004818,安卓,中端,136,11,0
U004819,iOS,中端,206,10,1
U004820,安卓,低端,79,4,0
U004821,iOS,高端,1270,8,0
U004822,iOS,高端,307,6,0
U004823,安卓,中端,219,9,0
U004824,iOS,高端,1127,10,0
U004825,安卓,中端,276,3,0
U004826,安卓,中端,87,5,0
U004827,iOS,中端,396,9,0
U004828,安卓,中端,2234,9,0
U004829,安卓,中端,120,7,0
U004830,安卓,中端,139,4,0
U004831,安卓,中端,109,2,0
U004832,安卓,低端,35,2,0
U004833,安卓,低端,183,6,0
U004834,安卓,低端,249,4,0
U004835,安卓,中端,3043,5,0
U004836,安卓,高端,851,4,0
U004837,安卓,中端,79,5,0
U004838,iOS,中端,189,7,0
U004839,安卓,高端,579,4,0
U004840,iOS,中端,597,7,0
U004841,安卓,高端,229,4,0
U004842,安卓,低端,1009,8,0
U004843,iOS,高端,891,8,0
U004844,安卓,中端,573,5,0
U004845,安卓,低端,161,4,0
U004846,iOS,中端,1006,8,0
U004847,安卓,低端,83,6,0
U004848,安卓,高端,269,6,0
U004849,安卓,低端,186,2,0
U004850,安卓,中端,1326,5,0
U004851,安卓,低端,143,6,0
U004852,安卓,低端,123,3,0
U004853,安卓,中端,190,10,0
U004854,安卓,低端,193,5,0
U004855,安卓,低端,698,4,0
U004856,安卓,高端,227,4,0
U004857,iOS,中端,82,5,0
U004858,安卓,中端,47,5,0
U004859,安卓,低端,2338,5,0
U004860,安卓,中端,354,4,0
U004861,安卓,低端,1611,9,0
U004862,安卓,中端,37,3,0
U004863,iOS,中端,299,6,0
U004864,安卓,高端,227,6,0
U004865,安卓,低端,11,3,0
U004866,iOS,高端,592,9,0
U004867,安卓,低端,178,5,0
U004868,iOS,高端,228,5,0
U004869,安卓,中端,665,8,0
U004870,iOS,中端,123,6,0
U004871,iOS,高端,325,6,0
U004872,iOS,中端,153,10,0
U004873,安卓,低端,670,11,0
U004874,安卓,低端,492,3,0
U004875,安卓,低端,134,3,0
U004876,安卓,高端,293,6,0
U004877,安卓,低端,4610,7,0
U004878,iOS,中端,1667,6,0
U004879,安卓,中端,240,9,0
U004880,iOS,中端,312,6,1
U004881,安卓,低端,1916,3,0
U004882,iOS,低端,257,8,0
U004883,安卓,中端,196,5,0
U004884,安卓,中端,292,5,0
U004885,安卓,中端,30,4,0
U004886,安卓,低端,652,7,0
U004887,安卓,低端,411,5,0
U004888,安卓,中端,55,6,0
U004889,安卓,中端,384,6,0
U004890,安卓,中端,391,9,0
U004891,iOS,中端,554,14,0
U004892,安卓,高端,163,7,0
U004893,安卓,高端,747,2,0
U004894,安卓,低端,886,3,0
U004895,安卓,低端,147,5,0
U004896,安卓,中端,56,3,0
U004897,iOS,高端,124,7,0
U004898,iOS,中端,77,9,0
U004899,iOS,中端,156,7,0
U004900,安卓,中端,389,10,0
U004901,安卓,低端,89,9,0
U004902,安卓,中端,129,11,0
U004903,安卓,低端,304,5,0
U004904,安卓,低端,4269,8,0
U004905,安卓,中端,192,6,0
U004906,安卓,高端,353,1,0
U004907,iOS,高端,240,6,1
U004908,安卓,低端,73,7,0
U004909,安卓,中端,99,8,0
U004910,安卓,中端,1027,4,0
U004911,安卓,低端,455,4,0
U004912,iOS,中端,662,8,0
U004913,安卓,高端,403,6,0
U004914,安卓,中端,152,3,0
U004915,安卓,低端,77,5,0
U004916,iOS,高端,86,9,0
U004917,安卓,高端,103,7,0
U004918,iOS,高端,716,7,0
U004919,iOS,高端,450,14,0
U004920,安卓,低端,391,8,0
U004921,安卓,低端,117,4,0
U004922,安卓,中端,934,4,0
U004923,安卓,中端,74,5,0
U004924,安卓,中端,516,7,0
U004925,安卓,中端,43,4,0
U004926,安卓,中端,108,5,0
U004927,iOS,中端,177,8,0
U004928,安卓,低端,58,13,0
U004929,安卓,中端,74,7,0
U004930,安卓,高端,113,10,0
U004931,安卓,低端,73,2,0
U004932,iOS,中端,166,5,0
U004933,安卓,中端,232,11,0
U004934,安卓,低端,106,5,0
U004935,安卓,中端,1200,8,0
U004936,安卓,中端,116,7,0
U004937,iOS,中端,652,7,1
U004938,安卓,中端,634,9,1
U004939,安卓,低端,770,2,0
U004940,安卓,低端,26,8,0
U004941,iOS,中端,104,8,0
U004942,iOS,中端,311,7,0
U004943,iOS,高端,177,8,0
U004944,iOS,中端,988,5,0
U004945,iOS,中端,559,4,0
U004946,安卓,低端,831,5,0
U004947,iOS,中端,349,6,0
U004948,安卓,低端,228,5,0
U004949,安卓,低端,1191,3,0
U004950,安卓,低端,112,6,0
U004951,安卓,高端,717,6,0
U004952,安卓,低端,229,4,0
U004953,安卓,低端,352,5,0
U004954,安卓,中端,119,7,0
U004955,安卓,低端,1374,5,0
U004956,安卓,中端,36,6,0
U004957,安卓,中端,40,12,0
U004958,iOS,中端,703,5,0
U004959,安卓,中端,76,3,0
U004960,安卓,中端,289,7,0
U004961,iOS,高端,873,7,0
U004962,安卓,低端,591,3,0
U004963,安卓,低端,121,4,0
U004964,iOS,中端,499,6,0
U004965,安卓,低端,420,5,0
U004966,iOS,中端,590,8,0
U004967,iOS,中端,883,5,0
U004968,iOS,中端,93,9,0
U004969,安卓,低端,205,7,0
U004970,安卓,中端,68,8,0
U004971,iOS,中端,1842,10,0
U004972,安卓,中端,622,7,0
U004973,iOS,中端,823,6,0
U004974,安卓,低端,39,4,0
U004975,安卓,中端,260,4,0
U004976,安卓,低端,1753,7,0
U004977,iOS,中端,42,7,1
U004978,安卓,高端,216,5,0
U004979,安卓,低端,357,9,0
U004980,iOS,中端,186,10,0
U004981,安卓,中端,93,8,0
U004982,安卓,中端,1122,13,0
U004983,安卓,中端,73,2,0
U004984,安卓,高端,747,7,0
U004985,安卓,中端,44,4,0
U004986,安卓,高端,253,4,0
U004987,安卓,中端,150,5,0
U004988,安卓,低端,226,5,0
U004989,安卓,高端,52,5,0
U004990,iOS,高端,654,7,0
U004991,安卓,低端,68,10,0
U004992,安卓,中端,13,1,0
U004993,iOS,高端,1232,6,0
U004994,安卓,低端,119,5,0
U004995,安卓,高端,1623,6,0
U004996,iOS,高端,686,11,0
U004997,iOS,中端,268,9,0
U004998,安卓,中端,156,4,0
U004999,iOS,中端,644,6,0
U005000,安卓,高端,27,4,0
U005001,安卓,中端,200,6,0
U005002,安卓,低端,189,3,0
U005003,iOS,中端,188,2,0
U005004,安卓,低端,299,5,0
U005005,安卓,高端,760,10,0
U005006,iOS,高端,170,8,0
U005007,安卓,中端,688,5,0
U005008,iOS,高端,148,12,0
U005009,安卓,高端,59,5,0
U005010,iOS,中端,221,6,0
U005011,安卓,低端,279,2,0
U005012,安卓,高端,670,11,0
U005013,安卓,低端,288,5,0
U005014,iOS,中端,171,11,0
U005015,安卓,低端,128,10,0
U005016,安卓,高端,574,6,0
U005017,安卓,中端,159,6,0
U005018,iOS,中端,102,7,0
U005019,安卓,中端,326,2,0
U005020,安卓,低端,39,5,0
U005021,安卓,高端,1182,4,0
U005022,iOS,高端,321,10,1
U005023,安卓,中端,580,2,0
U005024,安卓,中端,131,7,0
U005025,iOS,中端,653,5,0
U005026,安卓,中端,265,9,0
U005027,iOS,高端,237,9,0
U005028,iOS,中端,277,10,1
U005029,安卓,低端,1466,10,0
U005030,iOS,中端,173,14,0
U005031,iOS,高端,608,9,0
U005032,iOS,高端,293,5,0
U005033,安卓,中端,71,8,0
U005034,iOS,高端,460,8,0
U005035,安卓,高端,129,3,0
U005036,安卓,中端,11,5,0
U005037,安卓,高端,104,8,0
U005038,安卓,中端,1603,5,0
U005039,iOS,中端,934,4,0
U005040,安卓,中端,236,6,0
U005041,iOS,中端,2562,8,0
U005042,安卓,低端,435,6,1
U005043,安卓,低端,129,4,0
U005044,安卓,中端,177,12,0
U005045,iOS,高端,208,9,0
U005046,安卓,中端,125,7,0
U005047,安卓,低端,114,4,0
U005048,iOS,低端,53,7,1
U005049,安卓,低端,228,12,0
U005050,iOS,中端,65,8,0
U005051,安卓,高端,470,2,0
U005052,iOS,高端,71,5,0
U005053,安卓,低端,170,7,0
U005054,安卓,低端,1268,5,0
U005055,安卓,中端,1804,3,0
U005056,iOS,中端,713,8,0
U005057,安卓,中端,599,10,1
U005058,安卓,中端,418,9,0
U005059,iOS,低端,31,3,0
U005060,安卓,低端,1671,4,0
U005061,安卓,中端,270,9,0
U005062,安卓,中端,416,5,0
U005063,安卓,低端,51,9,0
U005064,安卓,低端,192,6,0
U005065,安卓,中端,79,4,0
U005066,iOS,高端,376,7,0
U005067,iOS,中端,818,7,0
U005068,iOS,中端,369,9,0
U005069,iOS,中端,397,5,0
U005070,安卓,中端,421,6,0
U005071,安卓,中端,2147,3,0
U005072,安卓,低端,410,6,0
U005073,iOS,高端,143,9,0
U005074,iOS,中端,401,7,0
U005075,安卓,中端,285,4,0
U005076,安卓,低端,186,9,0
U005077,安卓,低端,141,4,0
U005078,iOS,低端,237,3,0
U005079,安卓,低端,1002,8,1
U005080,安卓,中端,85,4,0
U005081,安卓,低端,159,7,1
U005082,iOS,中端,957,10,0
U005083,iOS,高端,296,9,0
U005084,安卓,高端,219,5,0
U005085,安卓,低端,385,6,0
U005086,安卓,中端,54,3,0
U005087,安卓,中端,424,4,0
U005088,安卓,中端,131,7,0
U005089,安卓,低端,140,7,0
U005090,安卓,低端,1424,5,1
U005091,安卓,低端,129,5,0
U005092,安卓,低端,227,3,0
U005093,iOS,中端,244,8,0
U005094,安卓,低端,94,7,0
U005095,iOS,中端,332,4,0
U005096,安卓,中端,145,8,0
U005097,安卓,中端,234,4,0
U005098,安卓,低端,350,3,0
U005099,安卓,低端,533,6,1
U005100,iOS,低端,90,13,0
U005101,安卓,中端,37,10,0
U005102,iOS,低端,127,3,0
U005103,安卓,低端,17,8,0
U005104,安卓,高端,1076,9,0
U005105,安卓,低端,30,7,0
U005106,安卓,中端,10,7,0
U005107,安卓,中端,154,6,0
U005108,安卓,中端,357,8,0
U005109,iOS,高端,301,6,0
U005110,iOS,中端,17,9,0
U005111,安卓,中端,701,5,0
U005112,安卓,低端,128,7,0
U005113,安卓,低端,362,10,0
U005114,安卓,中端,106,8,0
U005115,安卓,中端,1557,7,0
U005116,安卓,低端,244,8,0
U005117,iOS,中端,108,5,0
U005118,iOS,高端,273,7,0
U005119,安卓,中端,36,6,0
U005120,安卓,中端,5630,7,0
U005121,安卓,低端,21,5,1
U005122,安卓,低端,364,2,0
U005123,iOS,高端,87,5,0
U005124,安卓,低端,74,7,0
U005125,iOS,高端,1185,7,0
U005126,iOS,高端,154,7,0
U005127,安卓,中端,255,7,0
U005128,安卓,中端,548,5,0
U005129,安卓,中端,232,10,0
U005130,iOS,高端,452,10,0
U005131,安卓,低端,63,7,0
U005132,安卓,中端,146,7,0
U005133,iOS,中端,210,6,0
U005134,安卓,高端,301,5,0
U005135,安卓,低端,73,6,0
U005136,安卓,中端,504,3,0
U005137,iOS,中端,181,9,0
U005138,安卓,中端,110,7,0
U005139,安卓,中端,478,5,0
U005140,安卓,高端,93,5,0
U005141,iOS,高端,324,7,0
U005142,安卓,中端,1003,11,1
U005143,安卓,低端,295,4,0
U005144,安卓,高端,911,9,0
U005145,iOS,低端,44,9,0
U005146,安卓,中端,804,9,0
U005147,iOS,低端,647,3,0
U005148,安卓,中端,287,4,0
U005149,安卓,低端,312,8,0
U005150,iOS,中端,424,7,1
U005151,安卓,低端,915,5,0
U005152,安卓,低端,607,6,0
U005153,安卓,中端,1024,4,0
U005154,iOS,低端,327,10,0
U005155,安卓,中端,237,7,0
U005156,安卓,低端,543,4,0
U005157,安卓,中端,12,6,0
U005158,安卓,低端,521,6,0
U005159,安卓,中端,273,6,0
U005160,iOS,高端,132,5,0
U005161,安卓,低端,162,10,0
U005162,安卓,中端,404,9,0
U005163,安卓,高端,74,5,0
U005164,安卓,低端,251,7,0
U005165,安卓,低端,104,8,0
U005166,安卓,中端,444,7,1
U005167,安卓,中端,219,7,0
U005168,安卓,中端,655,6,0
U005169,安卓,低端,915,4,0
U005170,iOS,高端,433,13,1
U005171,iOS,低端,157,11,0
U005172,iOS,中端,766,5,1
U005173,安卓,中端,119,6,0
U005174,iOS,中端,68,5,0
U005175,安卓,中端,152,3,0
U005176,安卓,中端,281,10,0
U005177,安卓,中端,213,6,0
U005178,安卓,低端,29,6,0
U005179,iOS,中端,411,10,0
U005180,安卓,高端,103,2,0
U005181,iOS,中端,859,1,0
U005182,安卓,高端,287,6,1
U005183,iOS,高端,226,5,0
U005184,安卓,中端,39,7,0
U005185,安卓,中端,7,4,0
U005186,iOS,低端,188,12,0
U005187,iOS,中端,143,11,0
U005188,安卓,低端,323,3,0
U005189,iOS,中端,227,9,0
U005190,iOS,高端,51,5,0
U005191,iOS,中端,502,5,0
U005192,iOS,中端,102,13,0
U005193,iOS,中端,375,10,0
U005194,iOS,中端,124,13,0
U005195,iOS,中端,971,8,0
U005196,安卓,低端,100,8,0
U005197,安卓,中端,665,5,0
U005198,安卓,低端,375,3,0
U005199,iOS,高端,1885,6,0
U005200,iOS,高端,463,5,0
U005201,安卓,中端,4005,8,0
U005202,安卓,低端,250,7,0
U005203,安卓,低端,293,8,0
U005204,安卓,低端,432,5,0
U005205,安卓,低端,202,4,0
U005206,安卓,中端,230,6,0
U005207,安卓,低端,1095,5,0
U005208,安卓,中端,367,7,1
U005209,安卓,低端,345,3,0
U005210,安卓,中端,131,6,0
U005211,安卓,中端,748,3,0
U005212,安卓,低端,151,3,0
U005213,安卓,低端,76,4,0
U005214,iOS,中端,335,5,0
U005215,iOS,中端,323,7,0
U005216,安卓,低端,1636,6,0
U005217,安卓,高端,84,9,0
U005218,安卓,低端,235,12,0
U005219,iOS,低端,94,4,0
U005220,安卓,中端,923,4,0
U005221,iOS,中端,977,4,0
U005222,安卓,中端,454,4,0
U005223,安卓,中端,460,7,0
U005224,安卓,低端,130,3,0
U005225,iOS,中端,612,6,1
U005226,安卓,中端,341,2,0
U005227,iOS,中端,68,12,0
U005228,安卓,低端,36,6,0
U005229,安卓,中端,213,7,0
U005230,安卓,中端,438,8,0
U005231,安卓,低端,589,4,0
U005232,iOS,高端,558,5,0
U005233,安卓,中端,1159,3,0
U005234,安卓,低端,452,5,0
U005235,安卓,低端,194,8,0
U005236,安卓,低端,1256,3,0
U005237,安卓,低端,3397,7,0
U005238,iOS,高端,143,8,0
U005239,安卓,低端,382,5,0
U005240,iOS,中端,220,8,0
U005241,iOS,中端,239,9,0
U005242,iOS,中端,322,5,0
U005243,安卓,中端,561,6,1
U005244,安卓,低端,217,3,0
U005245,安卓,中端,38,3,0
U005246,安卓,高端,636,4,0
U005247,iOS,中端,62,11,0
U005248,iOS,中端,51,8,0
U005249,安卓,中端,240,6,0
U005250,安卓,低端,509,6,0
U005251,iOS,低端,83,5,0
U005252,安卓,中端,560,2,0
U005253,安卓,中端,314,4,0
U005254,安卓,低端,91,4,0
U005255,安卓,低端,344,5,0
U005256,iOS,中端,509,7,0
U005257,安卓,高端,22,9,0
U005258,安卓,高端,47,4,0
U005259,安卓,中端,167,3,0
U005260,iOS,高端,69,8,0
U005261,安卓,低端,227,4,0
U005262,安卓,中端,695,4,1
U005263,iOS,中端,196,9,0
U005264,安卓,高端,63,7,0
U005265,安卓,低端,19,6,0
U005266,iOS,中端,24,2,0
U005267,iOS,高端,113,7,0
U005268,iOS,中端,270,6,1
U005269,安卓,低端,40,6,0
U005270,iOS,中端,247,3,0
U005271,iOS,中端,62,6,0
U005272,iOS,中端,82,12,0
U005273,安卓,中端,51,3,0
U005274,iOS,低端,224,4,0
U005275,安卓,中端,2475,5,0
U005276,安卓,低端,57,5,0
U005277,iOS,中端,87,5,0
U005278,安卓,低端,556,5,0
U005279,iOS,低端,427,3,0
U005280,iOS,低端,328,6,0
U005281,iOS,中端,395,5,1
U005282,iOS,低端,872,6,0
U005283,安卓,高端,56,7,0
U005284,iOS,高端,131,6,0
U005285,iOS,中端,72,4,0
U005286,iOS,高端,173,8,0
U005287,安卓,高端,351,3,0
U005288,安卓,低端,75,5,0
U005289,iOS,中端,116,8,0
U005290,安卓,中端,1636,7,0
U005291,安卓,低端,49,5,0
U005292,安卓,低端,529,6,0
U005293,安卓,高端,164,7,0
U005294,安卓,低端,109,10,0
U005295,安卓,中端,100,2,0
U005296,安卓,中端,25,3,1
U005297,iOS,高端,402,9,0
U005298,安卓,高端,461,5,0
U005299,iOS,高端,239,6,1
U005300,安卓,低端,2215,3,0
U005301,安卓,高端,144,7,0
U005302,iOS,高端,641,12,0
U005303,iOS,低端,206,8,0
U005304,安卓,中端,91,4,0
U005305,安卓,中端,920,7,0
U005306,安卓,低端,103,4,0
U005307,iOS,中端,1907,12,0
U005308,安卓,低端,72,6,0
U005309,安卓,低端,237,4,0
U005310,iOS,高端,574,9,0
U005311,iOS,低端,398,11,0
U005312,安卓,中端,20,6,0
U005313,安卓,低端,171,8,0
U005314,安卓,低端,27,7,0
U005315,iOS,高端,332,6,0
U005316,安卓,中端,402,6,0
U005317,安卓,高端,342,6,0
U005318,iOS,高端,253,5,0
U005319,安卓,低端,34,7,0
U005320,安卓,低端,121,7,0
U005321,安卓,低端,11,5,0
U005322,安卓,高端,20,6,0
U005323,安卓,低端,548,4,0
U005324,iOS,中端,209,11,0
U005325,安卓,低端,279,5,0
U005326,安卓,中端,94,7,0
U005327,安卓,中端,584,11,0
U005328,安卓,低端,220,4,0
U005329,安卓,中端,280,7,0
U005330,安卓,中端,155,8,0
U005331,安卓,低端,70,5,0
U005332,iOS,高端,599,6,1
U005333,安卓,中端,1552,5,0
U005334,iOS,高端,601,9,0
U005335,安卓,低端,956,2,0
U005336,安卓,低端,103,6,0
U005337,安卓,低端,160,6,0
U005338,安卓,低端,129,4,0
U005339,安卓,低端,214,7,0
U005340,安卓,低端,686,2,0
U005341,iOS,高端,656,7,0
U005342,安卓,低端,74,6,0
U005343,iOS,中端,198,8,0
U005344,iOS,中端,223,9,0
U005345,安卓,低端,2174,5,0
U005346,iOS,中端,159,7,0
U005347,安卓,中端,240,3,0
U005348,安卓,低端,27,11,0
U005349,安卓,高端,30,2,0
U005350,iOS,中端,103,9,1
U005351,安卓,高端,320,3,0
U005352,安卓,高端,396,6,0
U005353,安卓,中端,23,5,0
U005354,iOS,中端,125,9,0
U005355,安卓,中端,25,5,0
U005356,安卓,低端,943,10,0
U005357,安卓,中端,331,7,0
U005358,安卓,中端,475,5,0
U005359,iOS,低端,287,6,0
U005360,安卓,低端,6,6,0
U005361,iOS,中端,144,7,0
U005362,iOS,中端,451,5,0
U005363,安卓,高端,54,3,0
U005364,安卓,低端,1034,6,0
U005365,安卓,中端,110,4,0
U005366,安卓,低端,10,4,0
U005367,iOS,中端,162,7,0
U005368,安卓,中端,176,2,0
U005369,iOS,低端,455,7,0
U005370,iOS,中端,355,4,0
U005371,iOS,高端,813,5,0
U005372,iOS,中端,523,7,0
U005373,安卓,中端,121,6,0
U005374,安卓,中端,347,4,0
U005375,安卓,低端,89,5,0
U005376,安卓,中端,307,5,0
U005377,安卓,高端,60,6,0
U005378,iOS,低端,216,10,0
U005379,iOS,中端,425,5,0
U005380,安卓,低端,311,10,0
U005381,安卓,中端,773,4,0
U005382,安卓,中端,308,7,0
U005383,iOS,中端,315,7,0
U005384,iOS,中端,154,6,0
U005385,iOS,中端,1012,6,0
U005386,安卓,中端,68,5,0
U005387,安卓,高端,322,7,0
U005388,安卓,低端,357,3,0
U005389,安卓,高端,303,6,0
U005390,安卓,高端,150,8,0
U005391,安卓,高端,515,5,0
U005392,安卓,低端,282,8,0
U005393,安卓,中端,79,1,0
U005394,安卓,低端,285,5,0
U005395,安卓,中端,183,6,0
U005396,安卓,低端,145,9,0
U005397,安卓,低端,755,4,0
U005398,安卓,中端,588,4,0
U005399,安卓,低端,588,5,0
U005400,iOS,高端,118,8,0
U005401,安卓,中端,279,5,0
U005402,安卓,低端,83,8,0
U005403,安卓,中端,114,6,0
U005404,安卓,低端,862,5,0
U005405,安卓,低端,48,6,0
U005406,安卓,高端,47,5,0
U005407,iOS,高端,102,9,0
U005408,iOS,高端,211,6,0
U005409,iOS,中端,361,6,0
U005410,安卓,低端,314,5,0
U005411,安卓,低端,30,7,0
U005412,安卓,低端,29,6,0
U005413,安卓,低端,471,8,0
U005414,iOS,高端,601,10,0
U005415,安卓,中端,91,5,0
U005416,安卓,高端,232,3,0
U005417,安卓,高端,721,6,0
U005418,安卓,低端,299,5,0
U005419,安卓,中端,35,7,1
U005420,安卓,中端,215,3,0
U005421,iOS,中端,298,4,0
U005422,iOS,中端,243,6,0
U005423,iOS,中端,700,7,0
U005424,iOS,中端,543,11,0
U005425,安卓,低端,65,6,0
U005426,安卓,中端,899,4,0
U005427,安卓,低端,1450,10,0
U005428,安卓,低端,571,5,0
U005429,iOS,低端,84,4,0
U005430,安卓,中端,176,7,0
U005431,iOS,中端,763,1,0
U005432,iOS,中端,218,5,0
U005433,iOS,高端,468,6,0
U005434,安卓,低端,860,2,0
U005435,安卓,中端,427,5,0
U005436,iOS,中端,340,7,0
U005437,iOS,中端,333,7,0
U005438,iOS,中端,26,9,0
U005439,iOS,中端,334,7,0
U005440,安卓,低端,130,5,0
U005441,iOS,高端,805,6,0
U005442,安卓,低端,121,7,0
U005443,安卓,低端,38,7,0
U005444,安卓,中端,271,5,0
U005445,安卓,中端,248,9,0
U005446,安卓,低端,160,5,0
U005447,iOS,中端,459,6,0
U005448,iOS,中端,122,9,0
U005449,iOS,中端,486,8,0
U005450,安卓,低端,381,3,0
U005451,安卓,低端,40,3,0
U005452,安卓,中端,220,4,0
U005453,安卓,高端,197,5,0
U005454,安卓,低端,138,7,0
U005455,安卓,中端,320,3,0
U005456,安卓,中端,64,2,0
U005457,iOS,高端,587,6,0
U005458,安卓,低端,13,8,0
U005459,安卓,高端,1086,7,0
U005460,iOS,低端,399,5,0
U005461,iOS,中端,1291,8,0
U005462,安卓,低端,285,5,0
U005463,安卓,中端,186,4,0
U005464,安卓,中端,20,4,0
U005465,安卓,中端,55,3,0
U005466,iOS,低端,57,5,0
U005467,iOS,中端,1857,9,0
U005468,安卓,中端,216,5,0
U005469,安卓,中端,112,7,0
U005470,iOS,低端,549,9,0
U005471,安卓,中端,706,5,0
U005472,iOS,高端,477,8,0
U005473,iOS,高端,158,5,0
U005474,iOS,高端,507,7,0
U005475,安卓,低端,124,4,0
U005476,iOS,中端,1841,7,0
U005477,安卓,高端,448,8,0
U005478,安卓,低端,184,5,0
U005479,iOS,中端,187,6,0
U005480,iOS,中端,67,5,0
U005481,安卓,中端,231,4,0
U005482,安卓,中端,2421,5,0
U005483,iOS,中端,60,7,0
U005484,安卓,低端,265,5,0
U005485,安卓,低端,230,2,0
U005486,iOS,高端,210,12,0
U005487,安卓,高端,75,7,0
U005488,安卓,中端,218,4,0
U005489,iOS,中端,637,2,0
U005490,安卓,中端,55,7,1
U005491,安卓,高端,261,2,0
U005492,安卓,中端,1088,4,0
U005493,安卓,低端,76,6,0
U005494,安卓,中端,108,6,0
U005495,安卓,低端,477,6,0
U005496,安卓,中端,51,6,0
U005497,安卓,低端,25,4,0
U005498,iOS,中端,393,2,0
U005499,安卓,低端,247,5,0
U005500,安卓,高端,15,7,0
U005501,安卓,中端,11,6,0
U005502,iOS,中端,375,5,0
U005503,iOS,中端,301,7,0
U005504,安卓,低端,82,4,0
U005505,安卓,高端,449,5,0
U005506,安卓,中端,543,6,0
U005507,安卓,低端,854,9,0
U005508,安卓,高端,141,5,0
U005509,iOS,中端,94,4,0
U005510,安卓,低端,390,5,0
U005511,安卓,低端,250,7,0
U005512,安卓,中端,365,4,0
U005513,iOS,高端,804,5,0
U005514,安卓,低端,206,6,0
U005515,iOS,中端,177,7,0
U005516,安卓,低端,189,8,0
U005517,安卓,低端,68,5,0
U005518,安卓,中端,383,7,0
U005519,iOS,中端,109,8,0
U005520,iOS,中端,938,3,0
U005521,安卓,中端,81,9,0
U005522,安卓,低端,171,6,1
U005523,安卓,中端,196,7,0
U005524,安卓,高端,490,9,0
U005525,iOS,高端,402,6,1
U005526,安卓,中端,1035,11,0
U005527,安卓,中端,135,8,0
U005528,安卓,低端,194,5,0
U005529,iOS,高端,557,4,0
U005530,iOS,中端,341,5,0
U005531,安卓,低端,215,8,0
U005532,安卓,中端,289,8,0
U005533,安卓,低端,211,4,0
U005534,安卓,低端,88,6,0
U005535,安卓,中端,138,6,0
U005536,安卓,高端,797,8,0
U005537,安卓,低端,110,10,0
U005538,安卓,高端,982,6,0
U005539,安卓,中端,106,7,0
U005540,iOS,中端,187,9,0
U005541,安卓,低端,75,4,0
U005542,iOS,高端,157,8,0
U005543,安卓,中端,61,10,0
U005544,iOS,低端,797,8,0
U005545,安卓,中端,274,5,0
U005546,安卓,低端,137,7,0
U005547,安卓,低端,147,7,0
U005548,iOS,中端,340,12,1
U005549,iOS,高端,376,3,0
U005550,安卓,高端,719,4,0
U005551,安卓,低端,26,6,0
U005552,iOS,中端,542,7,0
U005553,安卓,中端,152,6,0
U005554,iOS,高端,515,8,0
U005555,iOS,低端,122,14,0
U005556,iOS,高端,87,9,0
U005557,安卓,中端,117,4,0
U005558,安卓,中端,269,5,0
U005559,iOS,低端,1029,5,0
U005560,安卓,中端,439,6,0
U005561,安卓,高端,597,5,0
U005562,安卓,低端,846,5,0
U005563,安卓,中端,327,11,0
U005564,安卓,低端,87,7,0
U005565,安卓,低端,67,4,0
U005566,安卓,中端,147,4,0
U005567,安卓,中端,120,2,0
U005568,安卓,中端,149,3,0
U005569,安卓,高端,120,5,0
U005570,iOS,高端,231,6,0
U005571,安卓,低端,129,5,0
U005572,安卓,中端,1941,4,0
U005573,安卓,中端,1519,7,0
U005574,安卓,低端,70,9,0
U005575,安卓,高端,42,3,0
U005576,安卓,中端,388,8,0
U005577,安卓,低端,63,4,0
U005578,安卓,低端,154,4,0
U005579,iOS,中端,588,5,0
U005580,安卓,低端,198,6,0
U005581,安卓,低端,63,5,0
U005582,安卓,低端,394,8,0
U005583,iOS,中端,346,9,0
U005584,安卓,低端,69,5,0
U005585,安卓,高端,1411,4,0
U005586,安卓,中端,322,4,1
U005587,iOS,低端,45,9,0
U005588,安卓,中端,1205,6,0
U005589,安卓,低端,20,5,1
U005590,iOS,中端,126,3,1
U005591,安卓,低端,1750,3,0
U005592,iOS,中端,710,10,0
U005593,安卓,高端,72,6,0
U005594,安卓,低端,303,7,0
U005595,安卓,低端,103,6,0
U005596,iOS,中端,206,10,0
U005597,安卓,低端,585,4,0
U005598,安卓,高端,707,6,0
U005599,安卓,低端,1431,2,0
U005600,安卓,中端,220,8,0
U005601,安卓,低端,85,10,0
U005602,iOS,低端,181,9,0
U005603,安卓,低端,351,9,0
U005604,iOS,中端,641,8,0
U005605,安卓,低端,73,6,1
U005606,iOS,中端,37,7,0
U005607,安卓,低端,37,5,0
U005608,安卓,低端,49,5,0
U005609,iOS,中端,202,7,0
U005610,iOS,低端,463,9,0
U005611,安卓,中端,344,7,0
U005612,安卓,低端,1853,9,0
U005613,安卓,中端,280,2,0
U005614,安卓,中端,264,5,0
U005615,安卓,中端,1254,5,0
U005616,安卓,中端,152,6,0
U005617,iOS,中端,218,11,0
U005618,安卓,中端,93,4,0
U005619,安卓,低端,3407,5,0
U005620,安卓,低端,457,5,0
U005621,iOS,低端,125,7,0
U005622,安卓,低端,624,6,0
U005623,安卓,低端,798,2,0
U005624,iOS,中端,2691,8,0
U005625,安卓,中端,121,4,0
U005626,安卓,低端,250,10,0
U005627,iOS,中端,1118,3,0
U005628,安卓,高端,508,2,0
U005629,iOS,高端,343,10,0
U005630,安卓,高端,4061,9,0
U005631,安卓,低端,66,5,0
U005632,安卓,低端,481,5,0
U005633,iOS,中端,937,6,0
U005634,安卓,中端,368,8,0
U005635,iOS,高端,791,5,0
U005636,安卓,低端,367,4,1
U005637,安卓,低端,527,10,0
U005638,安卓,低端,5360,12,0
U005639,iOS,中端,494,8,1
U005640,安卓,高端,38,6,0
U005641,iOS,低端,236,6,1
U005642,iOS,中端,383,9,0
U005643,iOS,低端,93,10,0
U005644,安卓,中端,71,8,0
U005645,安卓,中端,946,8,0
U005646,iOS,中端,441,4,0
U005647,安卓,低端,401,4,0
U005648,iOS,高端,76,6,0
U005649,iOS,中端,270,6,0
U005650,iOS,低端,423,6,0
U005651,iOS,中端,326,7,0
U005652,iOS,高端,448,14,1
U005653,安卓,低端,76,5,0
U005654,安卓,低端,64,3,0
U005655,安卓,高端,238,4,0
U005656,安卓,中端,161,3,0
U005657,安卓,中端,555,8,0
U005658,安卓,中端,1054,5,0
U005659,安卓,中端,765,2,0
U005660,iOS,中端,182,9,0
U005661,iOS,低端,259,5,0
U005662,安卓,低端,1604,3,0
U005663,安卓,低端,379,6,0
U005664,安卓,中端,37,5,0
U005665,iOS,中端,79,10,0
U005666,安卓,低端,46,4,0
U005667,安卓,低端,315,4,0
U005668,安卓,低端,206,3,0
U005669,安卓,中端,344,6,0
U005670,安卓,低端,169,5,0
U005671,iOS,中端,547,4,0
U005672,安卓,低端,326,6,0
U005673,安卓,低端,41,6,0
U005674,iOS,高端,308,8,0
U005675,安卓,低端,296,4,0
U005676,iOS,高端,505,5,0
U005677,安卓,低端,101,7,0
U005678,安卓,高端,418,5,0
U005679,iOS,高端,344,7,0
U005680,iOS,中端,828,7,0
U005681,安卓,高端,920,4,0
U005682,安卓,低端,119,6,0
U005683,iOS,中端,468,8,0
U005684,安卓,中端,191,5,0
U005685,iOS,高端,172,6,0
U005686,iOS,高端,225,6,1
U005687,安卓,高端,297,3,0
U005688,iOS,中端,119,5,0
U005689,安卓,低端,66,6,0
U005690,安卓,低端,101,6,0
U005691,iOS,低端,61,11,0
U005692,安卓,中端,500,6,0
U005693,安卓,低端,575,7,0
U005694,iOS,低端,121,6,0
U005695,iOS,低端,192,4,0
U005696,iOS,中端,293,12,0
U005697,iOS,低端,235,10,0
U005698,iOS,高端,704,10,1
U005699,iOS,中端,589,9,0
U005700,安卓,中端,629,5,0
U005701,安卓,高端,202,4,0
U005702,安卓,低端,37,7,0
U005703,安卓,中端,151,7,1
U005704,安卓,低端,65,6,0
U005705,iOS,中端,500,9,0
U005706,iOS,中端,319,8,0
U005707,安卓,低端,128,8,0
U005708,iOS,中端,57,9,0
U005709,安卓,低端,76,4,0
U005710,iOS,高端,399,10,0
U005711,安卓,低端,350,6,0
U005712,安卓,低端,554,4,0
U005713,安卓,高端,1031,7,0
U005714,安卓,中端,96,11,0
U005715,安卓,高端,875,9,0
U005716,iOS,低端,276,6,0
U005717,安卓,低端,241,3,0
U005718,iOS,高端,744,6,0
U005719,iOS,高端,331,13,0
U005720,iOS,低端,994,3,0
U005721,安卓,中端,96,7,0
U005722,安卓,高端,81,4,0
U005723,安卓,高端,213,5,0
U005724,iOS,中端,259,5,0
U005725,安卓,低端,376,4,0
U005726,安卓,低端,347,4,0
U005727,安卓,低端,251,5,0
U005728,安卓,低端,50,3,0
U005729,安卓,中端,38,4,0
U005730,安卓,低端,294,3,0
U005731,安卓,中端,152,5,1
U005732,安卓,低端,1487,4,0
U005733,iOS,高端,314,9,0
U005734,安卓,高端,617,7,0
U005735,安卓,高端,366,4,0
U005736,安卓,低端,8,7,1
U005737,安卓,低端,1400,6,0
U005738,iOS,中端,103,13,1
U005739,iOS,高端,695,4,0
U005740,iOS,低端,154,5,0
U005741,安卓,中端,1112,3,0
U005742,iOS,高端,594,6,0
U005743,iOS,中端,101,6,0
U005744,安卓,低端,71,6,0
U005745,iOS,中端,90,12,0
U005746,安卓,高端,1096,7,1
U005747,安卓,中端,450,6,0
U005748,安卓,中端,595,6,0
U005749,安卓,低端,527,4,0
U005750,安卓,中端,67,3,0
U005751,安卓,中端,643,5,0
U005752,安卓,低端,73,6,0
U005753,iOS,高端,276,8,0
U005754,iOS,中端,304,6,0
U005755,安卓,中端,29,4,0
U005756,iOS,中端,1487,11,0
U005757,iOS,中端,1713,9,0
U005758,安卓,中端,1029,4,0
U005759,安卓,低端,1013,4,0
U005760,安卓,低端,41,6,0
U005761,iOS,中端,268,5,0
U005762,iOS,中端,148,4,0
U005763,iOS,中端,48,7,0
U005764,iOS,中端,127,5,0
U005765,iOS,中端,216,12,0
U005766,iOS,中端,967,11,1
U005767,安卓,中端,159,6,0
U005768,iOS,高端,76,12,0
U005769,安卓,低端,21,7,0
U005770,iOS,低端,466,6,0
U005771,安卓,低端,81,6,0
U005772,安卓,低端,42,5,0
U005773,iOS,中端,211,5,0
U005774,安卓,中端,134,6,0
U005775,安卓,中端,17,10,0
U005776,iOS,中端,2250,2,0
U005777,安卓,中端,276,7,0
U005778,安卓,低端,118,5,0
U005779,安卓,中端,42,4,0
U005780,iOS,中端,1551,6,0
U005781,安卓,中端,332,5,0
U005782,安卓,中端,765,5,1
U005783,安卓,低端,828,5,0
U005784,安卓,高端,177,5,0
U005785,安卓,高端,274,6,0
U005786,iOS,中端,137,6,0
U005787,iOS,中端,2419,7,0
U005788,安卓,中端,54,2,0
U005789,安卓,中端,399,5,0
U005790,安卓,中端,605,6,0
U005791,安卓,低端,96,4,0
U005792,iOS,中端,319,10,0
U005793,安卓,低端,46,5,0
U005794,iOS,中端,325,8,0
U005795,安卓,低端,224,8,0
U005796,iOS,中端,265,4,0
U005797,安卓,低端,166,3,0
U005798,安卓,中端,95,7,0
U005799,安卓,高端,1777,4,0
U005800,iOS,低端,376,7,0
U005801,iOS,中端,5184,7,0
U005802,安卓,中端,83,4,0
U005803,iOS,中端,569,4,0
U005804,iOS,高端,66,5,0
U005805,安卓,中端,422,6,0
U005806,iOS,中端,126,7,0
U005807,安卓,低端,599,2,0
U005808,安卓,低端,161,6,0
U005809,iOS,中端,1333,9,0
U005810,iOS,中端,31,7,0
U005811,iOS,中端,342,5,0
U005812,安卓,中端,148,8,0
U005813,安卓,中端,125,7,0
U005814,安卓,中端,441,7,0
U005815,安卓,中端,117,7,0
U005816,iOS,高端,120,7,0
U005817,iOS,高端,67,5,0
U005818,iOS,中端,612,6,0
U005819,iOS,中端,252,10,0
U005820,安卓,高端,4153,8,0
U005821,安卓,高端,415,5,0
U005822,iOS,中端,708,2,0
U005823,iOS,高端,1428,7,0
U005824,iOS,中端,54,6,0
U005825,iOS,高端,796,9,0
U005826,安卓,高端,138,3,0
U005827,安卓,中端,773,8,0
U005828,安卓,低端,210,5,0
U005829,安卓,低端,52,7,0
U005830,iOS,中端,341,5,0
U005831,安卓,高端,317,3,0
U005832,安卓,低端,195,5,0
U005833,iOS,中端,350,6,0
U005834,安卓,低端,91,3,0
U005835,安卓,低端,524,6,0
U005836,iOS,低端,154,4,0
U005837,安卓,中端,1160,5,0
U005838,iOS,中端,467,7,0
U005839,安卓,中端,1309,9,0
U005840,iOS,高端,108,8,0
U005841,安卓,高端,673,8,0
U005842,安卓,高端,138000,6,0
U005843,安卓,中端,193,3,0
U005844,安卓,中端,693,4,0
U005845,安卓,低端,258,4,0
U005846,iOS,低端,179,10,0
U005847,iOS,中端,329,11,0
U005848,安卓,中端,51,5,0
U005849,安卓,低端,65,6,0
U005850,安卓,低端,168,8,0
U005851,安卓,低端,677,5,0
U005852,iOS,低端,147,8,0
U005853,iOS,高端,501,6,0
U005854,安卓,低端,206,4,0
U005855,安卓,中端,60,3,0
U005856,安卓,低端,305,5,0
U005857,安卓,低端,733,7,0
U005858,iOS,中端,439,6,1
U005859,安卓,中端,169,5,0
U005860,安卓,低端,135,7,0
U005861,安卓,中端,1082,5,0
U005862,安卓,低端,70,5,0
U005863,安卓,中端,248,5,0
U005864,iOS,低端,198,10,0
U005865,iOS,高端,155,8,0
U005866,安卓,中端,636,5,0
U005867,安卓,中端,734,8,0
U005868,安卓,低端,134,6,0
U005869,iOS,低端,631,6,0
U005870,安卓,中端,127,3,0
U005871,安卓,中端,137,6,0
U005872,安卓,低端,341,10,0
U005873,安卓,低端,119,2,0
U005874,iOS,低端,270,11,0
U005875,安卓,高端,85,3,0
U005876,iOS,中端,1755,8,0
U005877,安卓,低端,192,2,0
U005878,iOS,中端,613,10,0
U005879,安卓,中端,307,4,0
U005880,安卓,低端,68,8,0
U005881,安卓,高端,73,3,0
U005882,安卓,中端,1330,8,0
U005883,安卓,中端,192,4,0
U005884,安卓,低端,173,7,0
U005885,iOS,中端,269,11,0
U005886,安卓,中端,245,10,0
U005887,安卓,中端,126,4,0
U005888,安卓,低端,396,7,0
U005889,iOS,中端,234,11,0
U005890,安卓,低端,248,7,0
U005891,安卓,低端,91,5,0
U005892,安卓,低端,159,8,0
U005893,安卓,低端,179,7,0
U005894,安卓,中端,172,5,0
U005895,安卓,高端,114,5,0
U005896,iOS,中端,319,5,0
U005897,安卓,中端,76,4,0
U005898,安卓,低端,424,4,0
U005899,安卓,中端,249,4,0
U005900,iOS,高端,47,8,0
U005901,iOS,高端,370,4,0
U005902,安卓,低端,121,7,0
U005903,安卓,低端,200,3,0
U005904,iOS,低端,470,6,0
U005905,iOS,中端,216,5,0
U005906,iOS,中端,250,8,0
U005907,安卓,低端,968,3,0
U005908,iOS,中端,180,10,0
U005909,iOS,中端,246,5,0
U005910,安卓,低端,49,5,0
U005911,安卓,中端,301,7,0
U005912,安卓,低端,138,4,0
U005913,安卓,中端,1328,5,0
U005914,安卓,中端,194,6,0
U005915,iOS,中端,37,7,0
U005916,安卓,低端,1205,3,0
U005917,iOS,中端,3201,8,0
U005918,iOS,中端,175,14,0
U005919,安卓,低端,213,3,0
U005920,安卓,中端,89,8,0
U005921,iOS,高端,168,11,0
U005922,安卓,高端,382,5,0
U005923,安卓,高端,6605,5,0
U005924,iOS,低端,203,7,0
U005925,安卓,中端,599,7,0
U005926,iOS,高端,1410,5,0
U005927,安卓,中端,38,4,1
U005928,iOS,高端,269,7,0
U005929,安卓,高端,183,7,0
U005930,安卓,中端,663,6,0
U005931,安卓,中端,392,6,0
U005932,安卓,低端,1057,4,0
U005933,安卓,中端,72,9,0
U005934,安卓,高端,24,5,0
U005935,iOS,中端,66,11,0
U005936,iOS,高端,1967,5,0
U005937,安卓,中端,925,6,0
U005938,安卓,低端,370,8,0
U005939,安卓,高端,294,7,0
U005940,安卓,中端,261,2,0
U005941,iOS,中端,312,5,0
U005942,安卓,高端,275,4,0
U005943,iOS,中端,639,5,0
U005944,iOS,高端,737,7,0
U005945,iOS,高端,364,5,0
U005946,安卓,中端,217,6,0
U005947,iOS,高端,176,6,0
U005948,iOS,中端,566,4,0
U005949,安卓,中端,25,5,0
U005950,iOS,中端,995,5,0
U005951,安卓,高端,297,4,0
U005952,安卓,中端,49,4,0
U005953,iOS,中端,399,10,0
U005954,安卓,中端,62,6,0
U005955,安卓,中端,176,7,0
U005956,iOS,中端,107,12,0
U005957,iOS,中端,1636,8,0
U005958,安卓,中端,63,6,0
U005959,iOS,高端,367,11,0
U005960,安卓,低端,106,6,0
U005961,安卓,中端,149,3,0
U005962,安卓,中端,43,4,0
U005963,安卓,中端,167,2,0
U005964,iOS,中端,233,9,0
U005965,安卓,低端,224,4,0
U005966,安卓,低端,919,5,0
U005967,iOS,中端,549,6,0
U005968,安卓,中端,698,4,0
U005969,安卓,中端,68,4,0
U005970,iOS,中端,163,13,0
U005971,iOS,高端,77,8,0
U005972,安卓,中端,826,4,0
U005973,安卓,中端,51,8,0
U005974,iOS,中端,311,4,0
U005975,iOS,中端,642,5,0
U005976,iOS,中端,137,7,0
U005977,iOS,中端,50,5,0
U005978,安卓,低端,429,5,1
U005979,安卓,低端,76,5,0
U005980,iOS,中端,346,12,0
U005981,iOS,高端,1220,7,0
U005982,iOS,中端,611,11,0
U005983,安卓,中端,840,8,0
U005984,iOS,中端,164,4,0
U005985,iOS,高端,471,8,0
U005986,安卓,中端,672,4,0
U005987,安卓,中端,155,5,0
U005988,安卓,高端,8756,3,0
U005989,安卓,低端,364,7,0
U005990,iOS,中端,127,7,0
U005991,安卓,中端,238,5,0
U005992,iOS,低端,374,6,0
U005993,安卓,中端,108,4,0
U005994,安卓,低端,216,2,0
U005995,安卓,低端,120,7,0
U005996,安卓,中端,96,3,0
U005997,安卓,低端,86,3,0
U005998,安卓,高端,340,4,0
U005999,iOS,高端,479,5,0
U006000,iOS,中端,870,13,0
U006001,安卓,中端,324,4,0
U006002,安卓,中端,2088,6,0
U006003,安卓,中端,102,5,0
U006004,安卓,低端,134,3,0
U006005,iOS,低端,231,5,0
U006006,iOS,高端,570,11,0
U006007,安卓,低端,41,2,0
U006008,安卓,中端,482,8,0
U006009,安卓,低端,387,9,0
U006010,安卓,低端,1854,6,0
U006011,安卓,中端,489,8,0
U006012,安卓,中端,104,5,0
U006013,安卓,中端,364,6,0
U006014,iOS,中端,191,12,1
U006015,安卓,低端,532,6,0
U006016,安卓,低端,53,3,0
U006017,安卓,低端,429,7,0
U006018,iOS,中端,176,6,0
U006019,安卓,中端,132,7,0
U006020,iOS,中端,83,8,0
U006021,安卓,中端,61,7,0
U006022,iOS,中端,422,7,0
U006023,安卓,中端,687,9,0
U006024,安卓,中端,44,7,0
U006025,安卓,低端,219,9,0
U006026,安卓,低端,915,3,0
U006027,安卓,中端,281,3,0
U006028,安卓,低端,104,5,0
U006029,安卓,中端,475,5,0
U006030,iOS,中端,141,13,0
U006031,iOS,中端,587,7,0
U006032,iOS,低端,196,12,0
U006033,iOS,中端,209,3,0
U006034,安卓,中端,235,7,0
U006035,iOS,低端,125,8,0
U006036,安卓,低端,404,5,0
U006037,iOS,中端,135,12,0
U006038,iOS,中端,51,6,0
U006039,安卓,中端,222,4,0
U006040,安卓,中端,144,3,0
U006041,iOS,中端,240,6,0
U006042,安卓,低端,104,4,0
U006043,iOS,高端,232,4,0
U006044,安卓,中端,304,8,0
U006045,安卓,低端,811,5,0
U006046,安卓,中端,108,3,0
U006047,安卓,中端,140,4,0
U006048,安卓,高端,46,5,0
U006049,安卓,中端,271,6,0
U006050,安卓,低端,87,3,0
U006051,安卓,低端,114,9,0
U006052,安卓,低端,251,6,0
U006053,iOS,中端,116,9,0
U006054,安卓,低端,51,7,0
U006055,iOS,中端,100,6,0
U006056,安卓,低端,256,7,1
U006057,iOS,低端,325,7,0
U006058,安卓,中端,182,2,0
U006059,iOS,高端,293,8,0
U006060,安卓,高端,400,11,0
U006061,安卓,中端,1187,6,0
U006062,安卓,中端,1181,6,0
U006063,iOS,高端,123,6,0
U006064,安卓,中端,945,6,0
U006065,安卓,中端,246,8,0
U006066,安卓,低端,1061000,4,0
U006067,iOS,高端,414,8,0
U006068,安卓,低端,34,5,0
U006069,安卓,中端,310,5,0
U006070,iOS,中端,452,3,0
U006071,安卓,高端,1687,5,0
U006072,安卓,中端,465,10,0
U006073,iOS,高端,254,7,0
U006074,安卓,低端,29,8,0
U006075,安卓,低端,36,8,1
U006076,iOS,中端,213,7,0
U006077,iOS,中端,374,5,0
U006078,iOS,低端,925,6,0
U006079,安卓,中端,740,3,0
U006080,iOS,高端,57,7,0
U006081,iOS,低端,329,5,0
U006082,安卓,中端,86,4,0
U006083,安卓,中端,201,9,0
U006084,安卓,中端,265,6,0
U006085,安卓,中端,102,10,0
U006086,安卓,中端,188,4,0
U006087,iOS,中端,44,6,0
U006088,安卓,高端,116,5,0
U006089,iOS,中端,393,7,0
U006090,安卓,中端,266,4,0
U006091,iOS,中端,308,6,0
U006092,安卓,中端,186,6,0
U006093,安卓,中端,1623,5,0
U006094,安卓,低端,229,7,1
U006095,安卓,高端,442,6,0
U006096,iOS,中端,468,9,0
U006097,iOS,高端,260,4,0
U006098,安卓,低端,50,6,0
U006099,iOS,低端,376,7,0
U006100,iOS,中端,503,8,0
U006101,安卓,低端,213,3,0
U006102,iOS,中端,75,6,0
U006103,安卓,中端,100,10,0
U006104,安卓,高端,1213,7,0
U006105,安卓,低端,1509,8,0
U006106,安卓,中端,100,6,0
U006107,安卓,中端,71,3,0
U006108,iOS,中端,380,8,0
U006109,安卓,低端,25,6,0
U006110,iOS,中端,376,2,0
U006111,iOS,高端,368,5,0
U006112,iOS,高端,687,8,0
U006113,iOS,高端,338,7,0
U006114,安卓,低端,1191,5,0
U006115,安卓,低端,1410,10,0
U006116,安卓,低端,118,5,0
U006117,iOS,中端,1197,9,1
U006118,iOS,高端,68,4,0
U006119,安卓,低端,325,6,0
U006120,安卓,低端,433,9,0
U006121,安卓,中端,579,8,0
U006122,iOS,中端,280,6,0
U006123,iOS,高端,71,5,0
U006124,iOS,中端,92,4,0
U006125,安卓,中端,1530,2,0
U006126,安卓,低端,39,7,0
U006127,iOS,低端,623,10,0
U006128,iOS,中端,683,8,0
U006129,iOS,中端,426,9,0
U006130,安卓,中端,460,5,0
U006131,安卓,低端,99,5,0
U006132,安卓,中端,8787,5,1
U006133,iOS,低端,377,6,0
U006134,iOS,中端,857,6,0
U006135,安卓,低端,1679,3,0
U006136,iOS,中端,443,7,0
U006137,安卓,中端,280,6,0
U006138,安卓,低端,180,13,0
U006139,安卓,低端,420,7,0
U006140,安卓,中端,2359,4,0
U006141,安卓,中端,152,6,0
U006142,iOS,中端,888,4,0
U006143,安卓,低端,341,6,0
U006144,iOS,中端,210,10,0
U006145,iOS,中端,206,4,0
U006146,安卓,中端,272,7,1
U006147,安卓,低端,526,9,0
U006148,安卓,中端,371,9,0
U006149,iOS,中端,152,6,0
U006150,iOS,中端,4152,9,0
U006151,安卓,低端,1424,1,0
U006152,iOS,中端,119,6,0
U006153,iOS,中端,76,13,1
U006154,安卓,低端,185,4,0
U006155,iOS,高端,440,8,1
U006156,安卓,中端,194,5,0
U006157,iOS,中端,331,9,0
U006158,iOS,中端,130,9,0
U006159,安卓,低端,78,7,0
U006160,安卓,低端,67,6,0
U006161,安卓,高端,180,4,0
U006162,安卓,中端,281,3,0
U006163,iOS,高端,217,7,0
U006164,安卓,中端,29,6,0
U006165,安卓,中端,599,3,0
U006166,iOS,低端,240,4,0
U006167,安卓,中端,34,10,0
U006168,iOS,中端,288,10,0
U006169,安卓,中端,1731,2,0
U006170,安卓,中端,84,8,0
U006171,安卓,高端,257,5,0
U006172,iOS,中端,552,8,1
U006173,iOS,低端,381,4,0
U006174,安卓,低端,387,2,0
U006175,安卓,中端,84,4,0
U006176,安卓,高端,141,4,0
U006177,安卓,中端,1872,5,0
U006178,安卓,中端,908,6,0
U006179,安卓,高端,402,5,0
U006180,安卓,高端,450,7,0
U006181,安卓,低端,1907,5,0
U006182,iOS,高端,233,7,0
U006183,安卓,中端,904,6,0
U006184,安卓,低端,24,8,0
U006185,iOS,高端,68,4,0
U006186,安卓,中端,1098,6,0
U006187,iOS,中端,236,4,0
U006188,安卓,中端,254,2,0
U006189,安卓,高端,37,9,0
U006190,iOS,中端,119,6,0
U006191,安卓,低端,296,1,0
U006192,iOS,高端,772,5,0
U006193,安卓,低端,146,5,0
U006194,安卓,高端,418,6,0
U006195,安卓,中端,101,4,0
U006196,安卓,中端,97,6,0
U006197,iOS,中端,482,13,0
U006198,iOS,高端,499,14,0
U006199,iOS,中端,844,8,0
U006200,安卓,高端,104,4,0
U006201,iOS,中端,370,4,0
U006202,iOS,中端,122,5,1
U006203,安卓,中端,399,3,0
U006204,安卓,中端,201,6,0
U006205,安卓,高端,1220,5,0
U006206,安卓,低端,388,3,0
U006207,安卓,中端,230,5,0
U006208,iOS,低端,325,9,0
U006209,安卓,中端,510,5,0
U006210,iOS,中端,225,7,0
U006211,安卓,中端,63,7,0
U006212,iOS,中端,101,4,0
U006213,iOS,高端,896,6,0
U006214,安卓,中端,191,8,0
U006215,安卓,高端,136,2,0
U006216,安卓,低端,247,4,0
U006217,安卓,低端,85,10,0
U006218,iOS,中端,269,3,0
U006219,iOS,中端,1320,8,0
U006220,安卓,低端,230,5,0
U006221,安卓,低端,224,5,0
U006222,iOS,高端,421,10,0
U006223,安卓,低端,1448,5,0
U006224,安卓,中端,100,3,0
U006225,安卓,低端,544,3,0
U006226,iOS,中端,275,5,0
U006227,安卓,低端,460,5,0
U006228,iOS,高端,662,9,0
U006229,安卓,中端,372,5,0
U006230,安卓,中端,218,4,0
U006231,安卓,中端,39,6,1
U006232,安卓,低端,112,10,0
U006233,安卓,中端,656,2,0
U006234,iOS,中端,261,6,0
U006235,安卓,低端,138,3,0
U006236,安卓,高端,281,6,0
U006237,安卓,中端,197,8,0
U006238,安卓,中端,125,12,0
U006239,安卓,中端,20,10,0
U006240,安卓,高端,1403,6,0
U006241,安卓,高端,236,5,0
U006242,安卓,中端,604,4,0
U006243,安卓,中端,56,12,0
U006244,安卓,低端,19,3,0
U006245,iOS,中端,103,11,1
U006246,安卓,低端,162,6,1
U006247,iOS,中端,113,5,1
U006248,iOS,中端,306,7,0
U006249,安卓,低端,96,7,0
U006250,iOS,中端,316,7,0
U006251,安卓,低端,521,6,0
U006252,安卓,中端,49,3,0
U006253,iOS,高端,188,6,0
U006254,安卓,高端,79,4,0
U006255,iOS,高端,689,7,0
U006256,安卓,低端,351,4,0
U006257,安卓,中端,25,2,0
U006258,安卓,低端,144,8,0
U006259,iOS,高端,772,7,0
U006260,安卓,高端,712,6,0
U006261,安卓,中端,79,5,0
U006262,安卓,中端,476,6,0
U006263,安卓,低端,79,8,0
U006264,iOS,中端,1184,8,0
U006265,安卓,低端,2714,4,0
U006266,安卓,高端,75,3,0
U006267,安卓,中端,321,5,0
U006268,iOS,低端,123,5,0
U006269,安卓,中端,37,7,0
U006270,安卓,中端,344,5,0
U006271,安卓,低端,146,5,0
U006272,iOS,高端,844,8,0
U006273,安卓,低端,299,7,0
U006274,iOS,中端,2271,10,0
U006275,安卓,低端,365,5,0
U006276,安卓,中端,221,5,0
U006277,安卓,低端,169,12,0
U006278,安卓,低端,152,6,0
U006279,安卓,中端,252,8,0
U006280,iOS,中端,679,7,0
U006281,安卓,低端,1721,12,0
U006282,安卓,中端,10803,8,0
U006283,安卓,中端,402,5,0
U006284,安卓,低端,161,5,0
U006285,安卓,高端,702,8,0
U006286,安卓,低端,90,6,0
U006287,安卓,低端,167,4,0
U006288,安卓,高端,328,6,0
U006289,iOS,中端,155,10,0
U006290,安卓,高端,267,6,0
U006291,iOS,高端,575,12,0
U006292,安卓,低端,7,3,0
U006293,安卓,中端,27,8,0
U006294,安卓,中端,321,2,0
U006295,安卓,低端,66,6,0
U006296,iOS,高端,130,11,0
U006297,iOS,中端,538,9,1
U006298,安卓,中端,132,7,0
U006299,iOS,中端,357,5,0
U006300,安卓,低端,50,6,1
U006301,安卓,低端,554,8,1
U006302,安卓,中端,81,7,0
U006303,安卓,中端,351,4,0
U006304,安卓,中端,1467,7,0
U006305,iOS,低端,235,5,0
U006306,安卓,中端,200,8,0
U006307,iOS,高端,271,9,0
U006308,安卓,中端,386,4,0
U006309,安卓,低端,83,6,0
U006310,安卓,中端,294,3,0
U006311,安卓,低端,71,5,0
U006312,安卓,中端,114,5,0
U006313,iOS,中端,309,11,0
U006314,iOS,高端,133,9,0
U006315,安卓,中端,56,3,0
U006316,iOS,中端,209,7,1
U006317,安卓,低端,35,3,0
U006318,安卓,中端,100,3,0
U006319,iOS,中端,149,8,0
U006320,安卓,低端,106,7,0
U006321,安卓,中端,2457,3,1
U006322,安卓,低端,533,10,0
U006323,iOS,中端,425,9,0
U006324,安卓,高端,47,3,0
U006325,安卓,中端,280,4,0
U006326,安卓,低端,634,5,0
U006327,安卓,低端,137,7,0
U006328,安卓,中端,139,6,0
U006329,iOS,低端,491,9,0
U006330,iOS,低端,291,10,0
U006331,iOS,中端,2199,11,0
U006332,iOS,低端,296,7,0
U006333,安卓,低端,22,2,0
U006334,安卓,中端,228,4,0
U006335,安卓,低端,177,3,0
U006336,安卓,低端,25,5,1
U006337,安卓,低端,96,5,0
U006338,安卓,低端,36,5,0
U006339,iOS,中端,973,8,0
U006340,iOS,中端,324,8,0
U006341,iOS,中端,283,7,0
U006342,iOS,中端,2816,16,1
U006343,iOS,中端,641,5,0
U006344,iOS,中端,341,2,0
U006345,安卓,高端,527,5,0
U006346,安卓,中端,19,7,0
U006347,iOS,中端,82,10,0
U006348,iOS,中端,226,9,0
U006349,安卓,低端,11,2,0
U006350,iOS,低端,578,10,0
U006351,安卓,低端,2769,5,0
U006352,安卓,低端,176,5,0
U006353,安卓,中端,129,5,0
U006354,安卓,低端,294,6,0
U006355,安卓,中端,58,9,0
U006356,iOS,中端,792,6,0
U006357,安卓,低端,258,5,0
U006358,安卓,高端,1474,3,0
U006359,安卓,中端,263,8,0
U006360,iOS,中端,452,10,0
U006361,安卓,低端,693,7,0
U006362,安卓,中端,892,2,0
U006363,iOS,中端,152,9,0
U006364,安卓,低端,313,8,0
U006365,安卓,高端,345,4,0
U006366,iOS,中端,204,10,0
U006367,iOS,高端,182,7,0
U006368,iOS,低端,152,3,0
U006369,安卓,低端,95,3,0
U006370,iOS,中端,482,5,1
U006371,iOS,高端,311,9,0
U006372,安卓,中端,406,9,0
U006373,iOS,中端,419,6,0
U006374,安卓,低端,164,6,0
U006375,安卓,中端,225,8,0
U006376,iOS,中端,415,7,0
U006377,安卓,低端,170,5,0
U006378,安卓,中端,854,4,0
U006379,安卓,中端,175,4,0
U006380,iOS,中端,460,10,0
U006381,安卓,低端,653,8,0
U006382,iOS,中端,1521,9,0
U006383,安卓,低端,2660,4,0
U006384,安卓,低端,95,4,0
U006385,安卓,高端,787,7,0
U006386,安卓,中端,47,6,0
U006387,iOS,中端,233,7,0
U006388,安卓,低端,55,2,0
U006389,安卓,中端,1726,5,0
U006390,iOS,中端,384,6,0
U006391,安卓,中端,229,9,0
U006392,安卓,低端,1967,8,0
U006393,iOS,低端,119,12,0
U006394,安卓,中端,160,5,0
U006395,安卓,低端,478,6,1
U006396,安卓,中端,565,7,0
U006397,iOS,中端,365,5,0
U006398,iOS,中端,813,11,0
U006399,安卓,低端,72,5,0
U006400,安卓,低端,44,6,0
U006401,安卓,低端,250,4,0
U006402,iOS,高端,456,5,0
U006403,安卓,高端,213,4,0
U006404,安卓,中端,1529,5,0
U006405,iOS,中端,281,9,0
U006406,安卓,中端,56,5,0
U006407,安卓,低端,543,3,0
U006408,安卓,中端,1065,5,0
U006409,iOS,中端,85,7,0
U006410,安卓,低端,107,13,0
U006411,安卓,高端,209,6,1
U006412,iOS,低端,509,3,0
U006413,安卓,低端,768,4,0
U006414,iOS,高端,197,4,0
U006415,安卓,中端,122,8,0
U006416,安卓,中端,437,6,0
U006417,安卓,低端,45,8,0
U006418,安卓,低端,266,9,0
U006419,iOS,低端,544,11,0
U006420,安卓,低端,40,7,0
U006421,安卓,中端,90,8,0
U006422,安卓,中端,86,3,0
U006423,iOS,中端,224,7,0
U006424,安卓,中端,257,8,0
U006425,安卓,中端,423,7,0
U006426,iOS,高端,103,5,0
U006427,安卓,低端,63,4,0
U006428,安卓,低端,29,6,0
U006429,iOS,低端,140,7,0
U006430,iOS,高端,200,8,0
U006431,安卓,高端,392,1,0
U006432,安卓,低端,79,7,0
U006433,iOS,中端,94,11,0
U006434,安卓,低端,76,7,0
U006435,安卓,低端,690,3,0
U006436,安卓,中端,94,4,0
U006437,安卓,中端,77,8,0
U006438,iOS,高端,542,11,0
U006439,安卓,低端,436,3,0
U006440,安卓,低端,566,9,0
U006441,iOS,中端,239,5,0
U006442,安卓,低端,141,6,0
U006443,安卓,低端,3589,6,0
U006444,安卓,中端,94,7,0
U006445,安卓,低端,335,9,0
U006446,安卓,中端,468,5,0
U006447,安卓,低端,663,5,0
U006448,安卓,低端,1505,7,0
U006449,安卓,中端,393,3,0
U006450,安卓,低端,205,3,0
U006451,安卓,中端,358,6,0
U006452,安卓,中端,685,2,0
U006453,iOS,高端,465,9,0
U006454,安卓,低端,102,4,0
U006455,iOS,高端,346,9,0
U006456,安卓,中端,462,9,0
U006457,iOS,低端,259,7,1
U006458,安卓,中端,57,3,0
U006459,iOS,高端,840,7,0
U006460,安卓,低端,654,3,0
U006461,安卓,中端,677,12,0
U006462,安卓,低端,344,7,0
U006463,安卓,低端,246,4,0
U006464,安卓,低端,1048,6,0
U006465,安卓,中端,204,5,0
U006466,安卓,低端,85,5,0
U006467,安卓,低端,46,8,0
U006468,安卓,低端,115,3,0
U006469,安卓,低端,80,5,0
U006470,iOS,高端,132,5,0
U006471,安卓,高端,7365,4,0
U006472,安卓,中端,1669,3,0
U006473,iOS,中端,184,9,0
U006474,安卓,低端,287,6,0
U006475,安卓,低端,305,4,0
U006476,安卓,低端,325,5,0
U006477,安卓,中端,184,3,0
U006478,安卓,低端,840,6,0
U006479,安卓,低端,875,4,0
U006480,iOS,中端,1347,8,0
U006481,安卓,高端,2033,1,0
U006482,安卓,低端,139,9,0
U006483,安卓,低端,47,5,0
U006484,安卓,低端,187,5,0
U006485,安卓,中端,78,8,0
U006486,安卓,低端,200,6,0
U006487,安卓,低端,46,9,0
U006488,安卓,中端,796,3,0
U006489,安卓,低端,90,3,0
U006490,安卓,低端,346,4,0
U006491,iOS,高端,2525,12,0
U006492,安卓,中端,1485,4,0
U006493,安卓,高端,279,9,0
U006494,安卓,中端,102,6,0
U006495,iOS,高端,220,8,0
U006496,安卓,低端,160,3,0
U006497,安卓,低端,79,4,0
U006498,安卓,低端,74,5,0
U006499,安卓,中端,356,5,0
U006500,iOS,低端,876,8,0
U006501,安卓,低端,123,5,0
U006502,安卓,中端,46,10,0
U006503,安卓,低端,161,7,0
U006504,安卓,中端,202,5,0
U006505,安卓,中端,111,9,0
U006506,安卓,低端,71,4,0
U006507,iOS,中端,149,7,1
U006508,安卓,低端,60,9,0
U006509,安卓,中端,236,8,0
U006510,安卓,低端,103,7,0
U006511,iOS,中端,615,6,0
U006512,安卓,中端,168,5,0
U006513,iOS,高端,105,6,0
U006514,安卓,高端,295,10,0
U006515,安卓,高端,206,4,0
U006516,安卓,中端,395,5,0
U006517,iOS,低端,340,5,0
U006518,安卓,高端,337,6,0
U006519,iOS,高端,248,7,1
U006520,安卓,中端,573,8,0
U006521,安卓,中端,102,6,0
U006522,安卓,中端,39,5,0
U006523,iOS,中端,613,10,0
U006524,安卓,低端,21,5,0
U006525,安卓,低端,1195,3,0
U006526,安卓,低端,153,6,0
U006527,安卓,低端,32,4,0
U006528,iOS,高端,398,7,0
U006529,安卓,高端,164,8,0
U006530,安卓,中端,522,7,0
U006531,安卓,低端,328,4,0
U006532,iOS,中端,203,9,0
U006533,iOS,中端,778,2,0
U006534,iOS,高端,775,5,1
U006535,安卓,低端,201,8,0
U006536,iOS,高端,1552,8,0
U006537,安卓,高端,150,7,0
U006538,安卓,低端,1045,3,0
U006539,安卓,中端,328,2,0
U006540,安卓,低端,133,6,0
U006541,iOS,中端,1161,7,0
U006542,安卓,低端,52,5,0
U006543,安卓,低端,182,7,0
U006544,安卓,低端,97,3,0
U006545,安卓,中端,1714,7,0
U006546,iOS,低端,427,5,0
U006547,安卓,高端,126,5,0
U006548,安卓,低端,335,4,0
U006549,iOS,高端,285,6,0
U006550,iOS,中端,495,5,0
U006551,iOS,低端,624,13,1
U006552,安卓,中端,882,2,0
U006553,iOS,中端,2211,10,0
U006554,安卓,中端,131,5,0
U006555,安卓,中端,876,4,0
U006556,安卓,低端,1681,9,1
U006557,iOS,高端,111,9,0
U006558,安卓,高端,415,2,0
U006559,iOS,低端,576,3,0
U006560,安卓,中端,264,6,0
U006561,iOS,低端,440,6,0
U006562,iOS,中端,311,9,0
U006563,iOS,高端,246,7,0
U006564,安卓,中端,810,14,0
U006565,iOS,低端,318,10,1
U006566,安卓,高端,83,7,0
U006567,iOS,中端,287,8,0
U006568,iOS,高端,572,6,0
U006569,iOS,中端,108,3,0
U006570,安卓,低端,541,7,0
U006571,iOS,高端,391,9,0
U006572,iOS,中端,490,11,0
U006573,iOS,中端,269,7,0
U006574,安卓,中端,9,7,0
U006575,iOS,中端,2571,6,0
U006576,安卓,高端,27,6,0
U006577,iOS,中端,236,8,0
U006578,iOS,中端,218,6,0
U006579,安卓,中端,757,2,0
U006580,安卓,中端,878,5,0
U006581,iOS,中端,814,7,0
U006582,安卓,高端,132,5,0
U006583,安卓,中端,263,2,0
U006584,安卓,中端,3939,5,0
U006585,安卓,中端,1896,8,0
U006586,安卓,高端,73,10,0
U006587,安卓,中端,98,7,0
U006588,安卓,低端,36,6,0
U006589,安卓,中端,200,7,0
U006590,安卓,低端,2511,4,0
U006591,安卓,低端,279,6,0
U006592,安卓,中端,593,6,0
U006593,安卓,低端,556,8,0
U006594,安卓,低端,749,4,0
U006595,iOS,中端,314,6,0
U006596,安卓,高端,491,6,0
U006597,安卓,中端,1570,7,0
U006598,安卓,低端,1281,6,0
U006599,安卓,低端,45,3,0
U006600,安卓,低端,189,4,0
U006601,安卓,中端,202,5,0
U006602,iOS,中端,332,7,0
U006603,iOS,高端,318,9,1
U006604,安卓,低端,129,3,0
U006605,iOS,高端,162,4,0
U006606,安卓,低端,329,6,0
U006607,安卓,中端,306,3,0
U006608,安卓,中端,497,5,0
U006609,安卓,低端,84,5,0
U006610,iOS,高端,561,8,0
U006611,安卓,中端,257,6,0
U006612,iOS,中端,168,9,0
U006613,安卓,中端,199,7,0
U006614,iOS,高端,145,9,0
U006615,安卓,低端,211,3,0
U006616,iOS,中端,210,9,0
U006617,安卓,中端,325,7,0
U006618,iOS,高端,197,9,0
U006619,iOS,中端,984,10,0
U006620,安卓,低端,305,4,0
U006621,安卓,低端,667,5,0
U006622,安卓,中端,153,8,0
U006623,安卓,低端,238,7,0
U006624,安卓,低端,608,7,0
U006625,安卓,中端,490,3,0
U006626,安卓,中端,126,2,0
U006627,iOS,中端,1609,8,0
U006628,iOS,高端,358,6,0
U006629,安卓,中端,465,6,0
U006630,安卓,低端,850,7,0
U006631,安卓,中端,74,6,0
U006632,安卓,高端,485,3,0
U006633,iOS,高端,152,8,0
U006634,安卓,中端,759,3,0
U006635,安卓,低端,320,7,0
U006636,iOS,高端,781,10,0
U006637,安卓,低端,12,5,0
U006638,安卓,中端,2331,4,0
U006639,安卓,高端,282,7,0
U006640,iOS,中端,2900,8,0
U006641,安卓,低端,177,4,1
U006642,安卓,低端,98,8,0
U006643,iOS,高端,484,7,0
U006644,安卓,高端,2857,7,0
U006645,安卓,低端,533,9,0
U006646,安卓,高端,258,5,0
U006647,安卓,中端,676,4,0
U006648,安卓,低端,111,4,0
U006649,iOS,高端,1530,3,1
U006650,iOS,高端,7474,7,0
U006651,iOS,高端,143,5,0
U006652,安卓,低端,55,3,0
U006653,安卓,低端,355,2,0
U006654,安卓,低端,1281,4,0
U006655,安卓,低端,10559,7,0
U006656,安卓,低端,132,4,0
U006657,安卓,低端,71,8,0
U006658,安卓,中端,355,7,0
U006659,安卓,低端,130,4,0
U006660,安卓,中端,756,2,0
U006661,安卓,低端,126,4,0
U006662,安卓,中端,633,4,0
U006663,iOS,中端,263,5,0
U006664,安卓,低端,90,2,0
U006665,安卓,低端,98,6,0
U006666,安卓,高端,132,4,0
U006667,安卓,低端,16,7,0
U006668,安卓,中端,154,7,0
U006669,iOS,中端,165,6,0
U006670,iOS,高端,790,5,0
U006671,iOS,中端,137,9,0
U006672,安卓,中端,285,4,1
U006673,安卓,低端,1052,7,0
U006674,iOS,低端,205,6,0
U006675,安卓,高端,334,6,0
U006676,安卓,中端,24,10,0
U006677,iOS,中端,98,8,0
U006678,安卓,低端,275,4,0
U006679,iOS,低端,459,9,0
U006680,安卓,中端,318,6,0
U006681,安卓,中端,316,6,0
U006682,安卓,中端,370,6,0
U006683,iOS,高端,259,5,0
U006684,iOS,高端,236,5,0
U006685,iOS,中端,639,10,0
U006686,安卓,中端,187,6,0
U006687,iOS,高端,954,6,0
U006688,安卓,低端,193,7,0
U006689,iOS,中端,109,10,0
U006690,iOS,中端,79,8,0
U006691,iOS,中端,142,6,0
U006692,安卓,高端,49,6,0
U006693,安卓,低端,96,6,0
U006694,安卓,高端,28,2,0
U006695,安卓,中端,679,3,0
U006696,安卓,中端,154,3,0
U006697,安卓,低端,239,5,0
U006698,安卓,中端,254,7,0
U006699,安卓,低端,196,6,0
U006700,安卓,高端,91,3,0
U006701,iOS,高端,901,7,0
U006702,安卓,低端,138,6,0
U006703,安卓,低端,133,6,0
U006704,安卓,低端,84,3,0
U006705,iOS,低端,30,10,0
U006706,安卓,低端,74,5,0
U006707,安卓,低端,105,6,0
U006708,安卓,中端,66,4,0
U006709,iOS,高端,313,8,1
U006710,iOS,中端,806,10,0
U006711,安卓,中端,248,8,0
U006712,iOS,高端,369,13,0
U006713,安卓,低端,819,3,0
U006714,安卓,中端,122,8,0
U006715,安卓,中端,340,7,0
U006716,iOS,中端,138,5,0
U006717,安卓,低端,26,6,0
U006718,iOS,中端,280,5,0
U006719,iOS,高端,708,9,0
U006720,iOS,中端,265,6,0
U006721,安卓,高端,261,8,1
U006722,安卓,高端,437,4,1
U006723,安卓,高端,446,6,0
U006724,iOS,中端,341,6,0
U006725,iOS,中端,99,5,0
U006726,安卓,中端,138,6,1
U006727,安卓,中端,984,8,0
U006728,iOS,中端,179,7,0
U006729,iOS,中端,372,5,0
U006730,安卓,中端,775,4,0
U006731,iOS,中端,265,11,0
U006732,安卓,中端,662,3,0
U006733,安卓,中端,189,6,0
U006734,安卓,中端,376,4,0
U006735,安卓,中端,23,7,0
U006736,安卓,低端,17877,6,0
U006737,安卓,高端,154,7,0
U006738,安卓,低端,254,6,0
U006739,iOS,中端,228,11,0
U006740,安卓,中端,299,7,0
U006741,安卓,低端,155,2,0
U006742,iOS,中端,877,11,0
U006743,iOS,中端,398,4,0
U006744,安卓,高端,1687,4,0
U006745,安卓,中端,657,2,0
U006746,iOS,中端,437,12,0
U006747,安卓,中端,421,7,0
U006748,安卓,中端,1251,10,0
U006749,安卓,低端,40,4,0
U006750,安卓,中端,642,3,0
U006751,安卓,高端,7193,5,0
U006752,安卓,高端,2342,3,0
U006753,iOS,中端,608,5,0
U006754,安卓,中端,95,6,0
U006755,安卓,低端,1636,3,0
U006756,安卓,低端,1880,7,0
U006757,iOS,中端,842,10,0
U006758,安卓,低端,141,7,0
U006759,安卓,中端,43,11,0
U006760,安卓,中端,191,4,1
U006761,安卓,低端,79,9,0
U006762,iOS,高端,766,8,0
U006763,安卓,中端,533,9,0
U006764,安卓,中端,86,6,0
U006765,安卓,低端,158,4,0
U006766,安卓,低端,1112,3,0
U006767,iOS,中端,352,9,0
U006768,安卓,中端,93,5,0
U006769,安卓,低端,118,8,0
U006770,iOS,中端,454,6,1
U006771,安卓,低端,166,5,0
U006772,安卓,低端,117,4,0
U006773,安卓,高端,42,4,0
U006774,安卓,低端,185,2,0
U006775,安卓,中端,48,4,0
U006776,iOS,中端,87,10,0
U006777,安卓,中端,64,13,0
U006778,安卓,低端,158,4,0
U006779,安卓,低端,253,5,0
U006780,iOS,中端,127,4,0
U006781,iOS,高端,94,7,0
U006782,安卓,高端,16,6,1
U006783,安卓,低端,1147,4,0
U006784,安卓,低端,1315,7,0
U006785,iOS,高端,374,9,0
U006786,iOS,高端,86,4,0
U006787,iOS,高端,471,5,0
U006788,安卓,低端,859,3,0
U006789,安卓,中端,117,5,0
U006790,安卓,高端,48,4,0
U006791,安卓,低端,57,10,0
U006792,安卓,低端,177,5,0
U006793,iOS,中端,156,9,0
U006794,安卓,低端,151,3,0
U006795,安卓,低端,121,3,0
U006796,安卓,中端,566,3,0
U006797,iOS,中端,214,4,0
U006798,安卓,高端,7,7,0
U006799,安卓,高端,4834,4,0
U006800,iOS,中端,406,8,0
U006801,安卓,中端,194,3,0
U006802,iOS,中端,441,11,0
U006803,安卓,低端,79,6,0
U006804,iOS,中端,812,13,0
U006805,安卓,中端,203,9,0
U006806,iOS,低端,395,8,0
U006807,iOS,低端,298,6,1
U006808,iOS,中端,366,8,0
U006809,安卓,低端,382,7,0
U006810,安卓,高端,565,5,0
U006811,安卓,高端,72,6,0
U006812,安卓,低端,360,3,0
U006813,安卓,高端,183,4,0
U006814,安卓,中端,41,2,0
U006815,安卓,低端,369,3,0
U006816,iOS,高端,718,8,0
U006817,iOS,高端,232,3,0
U006818,iOS,高端,333,10,0
U006819,安卓,低端,647,6,0
U006820,安卓,高端,3375,6,0
U006821,iOS,高端,393,8,0
U006822,安卓,高端,903,4,0
U006823,iOS,中端,434,8,0
U006824,iOS,低端,159,9,0
U006825,安卓,中端,285,5,0
U006826,安卓,低端,722,7,0
U006827,安卓,低端,75,8,0
U006828,安卓,高端,166,2,0
U006829,iOS,低端,250,11,0
U006830,iOS,低端,4612,9,0
U006831,安卓,低端,225,5,0
U006832,安卓,低端,156,4,0
U006833,安卓,低端,21,4,0
U006834,iOS,中端,187,7,0
U006835,安卓,高端,488,7,0
U006836,安卓,低端,146,8,0
U006837,安卓,低端,335,4,0
U006838,安卓,高端,260,7,0
U006839,iOS,中端,150,5,0
U006840,安卓,低端,571,6,0
U006841,安卓,中端,608,3,0
U006842,安卓,低端,179,1,1
U006843,安卓,低端,192,8,0
U006844,iOS,中端,373,10,0
U006845,iOS,高端,138,7,0
U006846,iOS,中端,387,9,0
U006847,安卓,低端,178,3,0
U006848,iOS,高端,580,6,0
U006849,iOS,中端,328,8,0
U006850,iOS,中端,632,7,0
U006851,安卓,中端,205,5,0
U006852,iOS,低端,62,12,0
U006853,iOS,高端,560,8,0
U006854,iOS,中端,89,7,0
U006855,安卓,高端,33,5,0
U006856,安卓,低端,181,7,0
U006857,安卓,中端,244,5,0
U006858,安卓,低端,64,8,0
U006859,安卓,中端,138,5,0
U006860,安卓,低端,257,6,0
U006861,安卓,中端,127,4,0
U006862,安卓,中端,279,8,0
U006863,iOS,中端,739,3,0
U006864,iOS,中端,93,8,0
U006865,安卓,低端,465,3,0
U006866,安卓,高端,3687,2,0
U006867,安卓,低端,742,5,0
U006868,安卓,中端,38,6,0
U006869,安卓,低端,311,2,0
U006870,安卓,中端,76,8,0
U006871,iOS,高端,850,8,0
U006872,安卓,高端,300,3,0
U006873,iOS,中端,475,7,0
U006874,安卓,低端,247,4,0
U006875,安卓,低端,131,6,0
U006876,iOS,中端,308,6,0
U006877,安卓,中端,96,2,0
U006878,安卓,中端,63,11,0
U006879,安卓,中端,130,7,0
U006880,iOS,中端,339,3,0
U006881,iOS,高端,407,7,0
U006882,安卓,中端,415,6,0
U006883,iOS,中端,757,4,0
U006884,安卓,低端,172,5,0
U006885,安卓,低端,379,11,0
U006886,安卓,中端,54,3,0
U006887,安卓,中端,688,3,0
U006888,安卓,低端,302,11,0
U006889,安卓,低端,55,7,0
U006890,安卓,低端,35,5,0
U006891,iOS,中端,552,8,0
U006892,安卓,中端,24,6,0
U006893,安卓,低端,232,5,0
U006894,安卓,高端,174,5,0
U006895,安卓,低端,778,6,0
U006896,安卓,高端,244,6,0
U006897,安卓,中端,513,4,0
U006898,iOS,低端,264,7,0
U006899,安卓,中端,487,3,0
U006900,安卓,低端,119,3,0
U006901,安卓,中端,52,3,0
U006902,iOS,高端,337,6,0
U006903,iOS,中端,128,12,0
U006904,安卓,中端,99,4,0
U006905,安卓,高端,172,5,0
U006906,iOS,中端,404,7,0
U006907,安卓,高端,625,3,0
U006908,iOS,高端,224,9,0
U006909,iOS,中端,511,8,0
U006910,安卓,低端,223,5,0
U006911,安卓,中端,27,4,0
U006912,iOS,中端,909,3,0
U006913,iOS,中端,328,5,1
U006914,iOS,中端,126,10,0
U006915,安卓,中端,72,4,1
U006916,安卓,中端,56,4,0
U006917,iOS,中端,417,7,0
U006918,iOS,高端,519,9,0
U006919,安卓,中端,74,2,0
U006920,安卓,中端,273,4,0
U006921,iOS,中端,148,5,0
U006922,安卓,中端,57,10,0
U006923,安卓,中端,54,4,0
U006924,安卓,中端,33,7,0
U006925,安卓,中端,161,3,0
U006926,iOS,中端,52,8,0
U006927,安卓,低端,80,5,0
U006928,安卓,高端,191,7,0
U006929,iOS,高端,467,6,0
U006930,安卓,高端,2191,3,0
U006931,安卓,中端,2429,9,0
U006932,安卓,中端,1668,4,0
U006933,iOS,中端,142,15,0
U006934,安卓,高端,336,2,0
U006935,安卓,低端,546,4,0
U006936,安卓,低端,2255,3,0
U006937,安卓,高端,135,4,0
U006938,安卓,中端,210,8,0
U006939,安卓,低端,257,7,0
U006940,安卓,低端,180,9,0
U006941,安卓,中端,165,6,0
U006942,安卓,中端,122,6,0
U006943,安卓,中端,1680,8,1
U006944,安卓,中端,147,9,0
U006945,安卓,中端,828,6,0
U006946,安卓,中端,966,3,0
U006947,iOS,高端,240,6,0
U006948,安卓,低端,99,1,0
U006949,安卓,中端,577,5,0
U006950,安卓,低端,734,4,0
U006951,iOS,中端,191,4,0
U006952,安卓,中端,63,3,0
U006953,安卓,低端,1108,4,0
U006954,iOS,中端,530,7,0
U006955,安卓,低端,30,8,0
U006956,iOS,中端,131,7,0
U006957,安卓,高端,117,8,0
U006958,安卓,中端,2326,7,0
U006959,iOS,中端,1613,6,0
U006960,iOS,中端,398,7,0
U006961,安卓,低端,387,6,0
U006962,iOS,中端,40,10,0
U006963,iOS,高端,549,6,0
U006964,iOS,中端,184,4,0
U006965,iOS,高端,490,3,0
U006966,安卓,低端,2664,5,0
U006967,安卓,低端,299,4,0
U006968,安卓,低端,113,6,0
U006969,安卓,中端,258,4,0
U006970,安卓,低端,242,8,0
U006971,iOS,中端,261,5,0
U006972,iOS,中端,225,3,0
U006973,安卓,中端,87,3,0
U006974,安卓,中端,86,5,0
U006975,安卓,低端,29,6,0
U006976,安卓,高端,2108,5,0
U006977,安卓,高端,26,4,0
U006978,安卓,中端,414,8,0
U006979,iOS,高端,170,8,0
U006980,iOS,中端,449,4,0
U006981,安卓,低端,123,5,0
U006982,安卓,中端,19,12,0
U006983,安卓,中端,1279,6,0
U006984,安卓,低端,128,7,0
U006985,iOS,高端,103,6,0
U006986,iOS,中端,1600,6,0
U006987,安卓,中端,35,4,0
U006988,安卓,低端,70,5,0
U006989,iOS,中端,350,10,0
U006990,安卓,中端,136,5,0
U006991,安卓,中端,752,4,0
U006992,iOS,中端,126,9,0
U006993,安卓,低端,198,13,0
U006994,iOS,中端,289,9,0
U006995,iOS,高端,157,6,0
U006996,安卓,中端,191,2,0
U006997,安卓,中端,1081,7,0
U006998,iOS,中端,592,15,0
U006999,安卓,低端,704,7,0
U007000,安卓,高端,164,10,0
U007001,iOS,低端,77,11,0
U007002,安卓,高端,154,7,0
U007003,安卓,中端,125,5,0
U007004,iOS,低端,263,3,0
U007005,安卓,低端,158,3,0
U007006,安卓,中端,55,1,0
U007007,iOS,中端,233,10,0
U007008,安卓,中端,72,4,0
U007009,iOS,中端,89,8,0
U007010,iOS,高端,48,9,0
U007011,安卓,中端,377,5,0
U007012,安卓,中端,377,9,0
U007013,安卓,低端,111,7,0
U007014,iOS,高端,324,9,0
U007015,iOS,中端,949,6,0
U007016,iOS,高端,1069,6,0
U007017,安卓,中端,50,6,0
U007018,安卓,中端,211,7,0
U007019,iOS,中端,78,8,0
U007020,iOS,中端,1438,7,0
U007021,iOS,高端,179,7,0
U007022,安卓,中端,870,5,0
U007023,安卓,高端,135,7,0
U007024,安卓,中端,496,4,0
U007025,安卓,中端,806,5,0
U007026,安卓,高端,119,4,0
U007027,安卓,中端,68,5,0
U007028,安卓,中端,1737,3,0
U007029,安卓,低端,115,7,0
U007030,iOS,中端,268,8,0
U007031,iOS,中端,159,13,0
U007032,安卓,低端,28,2,0
U007033,iOS,中端,837,8,0
U007034,iOS,中端,204,6,0
U007035,安卓,中端,740,4,0
U007036,iOS,中端,1103,10,1
U007037,安卓,中端,135,4,0
U007038,iOS,中端,220,7,0
U007039,安卓,中端,348,4,0
U007040,安卓,高端,14,5,0
U007041,iOS,中端,570,8,0
U007042,安卓,低端,229,7,0
U007043,iOS,中端,149,5,0
U007044,安卓,高端,299,10,0
U007045,安卓,中端,250,5,0
U007046,安卓,低端,707,6,0
U007047,iOS,高端,579,10,1
U007048,安卓,低端,472,6,0
U007049,安卓,中端,265,5,0
U007050,安卓,中端,393,3,0
U007051,安卓,低端,53,4,0
U007052,安卓,低端,476,7,0
U007053,iOS,低端,161,9,0
U007054,安卓,中端,9101,7,1
U007055,iOS,中端,102,10,0
U007056,安卓,低端,490,3,0
U007057,安卓,低端,43,7,0
U007058,安卓,中端,140,7,0
U007059,安卓,低端,55,6,0
U007060,安卓,高端,512,4,0
U007061,iOS,中端,1927,10,0
U007062,iOS,高端,56,6,0
U007063,iOS,中端,726,11,0
U007064,安卓,低端,106,11,0
U007065,安卓,低端,223,4,0
U007066,安卓,低端,774,5,0
U007067,安卓,低端,457,7,0
U007068,安卓,低端,298,5,0
U007069,安卓,低端,31,6,0
U007070,iOS,中端,360,7,0
U007071,安卓,高端,189,3,0
U007072,安卓,中端,261,5,0
U007073,安卓,低端,263,4,0
U007074,iOS,高端,321,8,1
U007075,iOS,中端,76,9,0
U007076,安卓,高端,1119,10,0
U007077,iOS,低端,190,7,0
U007078,安卓,高端,67,4,0
U007079,iOS,中端,491,6,0
U007080,iOS,中端,871,15,0
U007081,安卓,中端,1039,7,0
U007082,安卓,高端,109,7,0
U007083,安卓,中端,62,9,0
U007084,iOS,高端,113,5,0
U007085,iOS,中端,77,7,0
U007086,安卓,低端,88,6,0
U007087,安卓,低端,198,6,0
U007088,安卓,低端,19,4,0
U007089,安卓,低端,718,7,0
U007090,安卓,中端,76,4,0
U007091,安卓,低端,3736,2,1
U007092,安卓,低端,53,5,0
U007093,iOS,低端,186,10,0
U007094,安卓,中端,648,8,0
U007095,安卓,高端,233,1,0
U007096,安卓,低端,71,2,0
U007097,iOS,中端,812,5,0
U007098,安卓,低端,96,6,0
U007099,安卓,中端,121,8,0
U007100,安卓,中端,3000,11,0
U007101,安卓,低端,166,6,0
U007102,iOS,高端,747,12,0
U007103,安卓,低端,1079,4,0
U007104,iOS,中端,1300,11,0
U007105,安卓,低端,192,4,0
U007106,安卓,低端,335,7,0
U007107,iOS,中端,270,6,0
U007108,iOS,高端,265,5,0
U007109,安卓,中端,518,2,0
U007110,安卓,中端,172,4,0
U007111,iOS,中端,499,8,0
U007112,安卓,高端,280,2,0
U007113,安卓,低端,460,4,0
U007114,安卓,中端,185,6,0
U007115,安卓,中端,98,7,0
U007116,iOS,高端,366,9,1
U007117,安卓,中端,26,5,0
U007118,安卓,低端,122,5,0
U007119,iOS,中端,189,7,0
U007120,iOS,高端,864,8,0
U007121,安卓,低端,315,10,0
U007122,iOS,高端,286,2,0
U007123,安卓,中端,448,3,0
U007124,安卓,中端,544,5,0
U007125,iOS,中端,282,5,0
U007126,安卓,中端,303,10,0
U007127,安卓,低端,593,3,0
U007128,iOS,高端,580,8,0
U007129,安卓,中端,205,6,0
U007130,iOS,中端,46,9,0
U007131,iOS,中端,115,10,0
U007132,安卓,高端,472,5,0
U007133,iOS,中端,115,6,0
U007134,安卓,中端,521,5,0
U007135,iOS,中端,198,5,0
U007136,安卓,中端,117,4,0
U007137,iOS,低端,84,5,0
U007138,iOS,低端,151,4,0
U007139,安卓,低端,305,3,0
U007140,安卓,低端,186,6,1
U007141,安卓,中端,133,8,0
U007142,安卓,中端,262,9,0
U007143,iOS,低端,827,6,0
U007144,安卓,中端,1393,8,0
U007145,iOS,中端,899,7,0
U007146,安卓,低端,383,4,0
U007147,安卓,中端,177,10,0
U007148,安卓,高端,1934,3,0
U007149,安卓,低端,163,5,0
U007150,安卓,高端,237,1,0
U007151,安卓,中端,121,4,1
U007152,安卓,高端,272,8,0
U007153,iOS,中端,470,8,0
U007154,iOS,高端,366,7,0
U007155,iOS,中端,381,9,0
U007156,iOS,高端,107,8,0
U007157,安卓,低端,26,7,0
U007158,安卓,中端,834,7,0
U007159,安卓,高端,183,4,0
U007160,安卓,中端,4106,9,0
U007161,安卓,中端,23,8,0
U007162,iOS,低端,40,5,0
U007163,安卓,中端,870,7,0
U007164,安卓,低端,161,5,0
U007165,iOS,中端,150,6,0
U007166,安卓,中端,1015,11,0
U007167,安卓,低端,86,2,0
U007168,安卓,中端,160,4,0
U007169,iOS,高端,982,8,0
U007170,iOS,低端,409,3,0
U007171,安卓,中端,12,7,0
U007172,iOS,中端,133,6,0
U007173,iOS,中端,243,5,0
U007174,安卓,高端,221,4,0
U007175,安卓,低端,211,5,0
U007176,安卓,中端,529,4,0
U007177,安卓,中端,798,6,0
U007178,安卓,低端,282,7,0
U007179,安卓,低端,916,9,0
U007180,iOS,高端,340,6,0
U007181,安卓,中端,9,5,0
U007182,iOS,中端,296,7,0
U007183,iOS,中端,633,10,0
U007184,安卓,高端,22,5,0
U007185,iOS,中端,505,7,0
U007186,iOS,低端,31,5,0
U007187,iOS,中端,2311,12,0
U007188,安卓,低端,5,2,0
U007189,安卓,低端,258,5,0
U007190,安卓,高端,781,8,0
U007191,安卓,中端,23,4,0
U007192,iOS,中端,460,11,0
U007193,iOS,高端,1430,9,0
U007194,安卓,高端,179,3,1
U007195,安卓,低端,37,1,0
U007196,安卓,中端,546,5,0
U007197,iOS,中端,853,8,0
U007198,安卓,低端,1013,7,0
U007199,安卓,低端,57,3,0
U007200,iOS,低端,372,7,0
U007201,安卓,中端,538,4,0
U007202,安卓,中端,613,8,0
U007203,安卓,高端,68,3,0
U007204,iOS,高端,90,11,0
U007205,安卓,中端,42,3,0
U007206,安卓,高端,305,3,0
U007207,iOS,中端,188,6,0
U007208,iOS,高端,545,6,0
U007209,安卓,低端,1093,5,0
U007210,iOS,中端,501,10,0
U007211,iOS,中端,145,8,0
U007212,安卓,中端,10,7,0
U007213,安卓,低端,672,7,0
U007214,安卓,中端,206,5,0
U007215,iOS,高端,3516,9,0
U007216,安卓,中端,78,3,0
U007217,安卓,高端,897,4,0
U007218,安卓,中端,797,8,0
U007219,安卓,低端,2271,4,0
U007220,安卓,中端,242,3,0
U007221,安卓,低端,98,4,0
U007222,安卓,高端,38,7,0
U007223,安卓,低端,93,5,0
U007224,安卓,低端,82,4,0
U007225,安卓,低端,1150,8,0
U007226,安卓,高端,1529,7,1
U007227,安卓,中端,75,8,0
U007228,安卓,高端,1497,8,0
U007229,iOS,低端,443,5,0
U007230,安卓,低端,114,6,0
U007231,安卓,高端,237,7,0
U007232,安卓,低端,37,9,0
U007233,安卓,高端,116,2,0
U007234,iOS,高端,22439,4,0
U007235,安卓,中端,85,10,0
U007236,iOS,低端,323,5,0
U007237,安卓,中端,256,2,0
U007238,安卓,中端,211,7,0
U007239,安卓,中端,489,3,0
U007240,安卓,低端,296,6,0
U007241,安卓,高端,2382,7,0
U007242,安卓,低端,58,2,0
U007243,安卓,低端,293,6,0
U007244,安卓,低端,184,5,0
U007245,安卓,低端,39,8,1
U007246,iOS,中端,242,9,0
U007247,iOS,高端,572,7,0
U007248,安卓,低端,301,5,0
U007249,安卓,中端,187,4,0
U007250,iOS,中端,768,3,1
U007251,iOS,高端,197,10,0
U007252,安卓,低端,1973,2,0
U007253,安卓,低端,26,5,0
U007254,iOS,中端,113,7,0
U007255,安卓,低端,295,5,0
U007256,安卓,中端,146,9,0
U007257,安卓,低端,369,6,0
U007258,安卓,中端,585,4,1
U007259,安卓,中端,544,7,0
U007260,安卓,低端,176,4,0
U007261,安卓,中端,179,4,0
U007262,安卓,中端,594,6,0
U007263,iOS,中端,262,12,0
U007264,安卓,中端,90,4,0
U007265,安卓,中端,212,8,0
U007266,安卓,中端,318,6,0
U007267,安卓,低端,1351,6,0
U007268,安卓,低端,92,4,0
U007269,安卓,低端,788,7,0
U007270,安卓,中端,11940,4,0
U007271,安卓,中端,283,2,0
U007272,iOS,高端,726,9,0
U007273,安卓,中端,283,7,0
U007274,iOS,中端,213,5,0
U007275,iOS,中端,241,7,0
U007276,iOS,中端,106,7,0
U007277,安卓,中端,250,3,0
U007278,安卓,低端,56,6,1
U007279,安卓,低端,169,4,0
U007280,安卓,高端,19,9,0
U007281,安卓,中端,1473,7,0
U007282,iOS,中端,90,13,0
U007283,安卓,中端,184,6,0
U007284,安卓,中端,64,3,0
U007285,iOS,中端,2897,4,1
U007286,安卓,低端,157,5,0
U007287,iOS,高端,295,11,0
U007288,安卓,低端,251,5,0
U007289,安卓,高端,196,4,0
U007290,安卓,中端,597,2,0
U007291,安卓,低端,178,5,0
U007292,安卓,高端,269,12,0
U007293,安卓,低端,72,7,0
U007294,安卓,中端,30,7,0
U007295,安卓,中端,131,6,1
U007296,安卓,低端,190,5,0
U007297,安卓,高端,171,5,0
U007298,iOS,中端,107,6,0
U007299,iOS,中端,258,3,0
U007300,安卓,低端,111,4,0
U007301,安卓,中端,219,5,0
U007302,iOS,中端,100,3,0
U007303,安卓,低端,1984,6,0
U007304,安卓,低端,332,3,0
U007305,安卓,低端,74,5,0
U007306,安卓,低端,43,8,0
U007307,iOS,中端,228,8,0
U007308,iOS,高端,301,9,0
U007309,iOS,中端,76,8,0
U007310,安卓,中端,203,7,0
U007311,iOS,中端,149,9,0
U007312,安卓,低端,119,9,0
U007313,安卓,高端,371,4,0
U007314,iOS,高端,805,4,0
U007315,安卓,中端,41,4,0
U007316,iOS,中端,1133,5,0
U007317,安卓,中端,873,5,0
U007318,安卓,低端,477,3,0
U007319,安卓,中端,59,7,0
U007320,iOS,中端,394,15,0
U007321,安卓,中端,19,3,0
U007322,安卓,中端,196,6,0
U007323,安卓,中端,107,3,0
U007324,安卓,低端,157,6,0
U007325,iOS,低端,866,6,0
U007326,iOS,中端,94,8,1
U007327,iOS,中端,1402,6,0
U007328,安卓,高端,311,7,1
U007329,安卓,中端,1280,6,0
U007330,iOS,高端,1787,8,0
U007331,安卓,高端,110,2,0
U007332,安卓,低端,247,6,0
U007333,安卓,高端,732,4,0
U007334,安卓,中端,68,5,0
U007335,安卓,中端,125,5,0
U007336,安卓,高端,341,9,0
U007337,安卓,中端,110,5,0
U007338,安卓,中端,491,6,0
U007339,安卓,中端,498,2,0
U007340,iOS,中端,117,12,0
U007341,安卓,低端,353,6,0
U007342,iOS,中端,159,7,0
U007343,安卓,中端,458,8,0
U007344,安卓,高端,40,5,0
U007345,安卓,低端,232,7,0
U007346,安卓,中端,82,7,0
U007347,iOS,中端,236,7,0
U007348,安卓,中端,379,5,0
U007349,安卓,中端,14,9,0
U007350,iOS,高端,1213,5,0
U007351,iOS,中端,430,4,1
U007352,安卓,中端,2562,4,0
U007353,安卓,高端,131,6,0
U007354,iOS,中端,418,5,0
U007355,iOS,中端,82,8,0
U007356,安卓,低端,383,10,0
U007357,iOS,中端,235,9,0
U007358,安卓,低端,131,5,0
U007359,安卓,中端,607,4,0
U007360,安卓,中端,374,7,0
U007361,安卓,高端,86,8,0
U007362,iOS,中端,826,4,0
U007363,安卓,中端,24,3,0
U007364,iOS,中端,168,10,0
U007365,iOS,低端,536,5,0
U007366,安卓,低端,135,5,0
U007367,安卓,中端,96,8,0
U007368,安卓,中端,110,4,0
U007369,安卓,中端,2763,3,0
U007370,iOS,中端,1256,7,0
U007371,安卓,低端,542,8,0
U007372,安卓,中端,272,4,0
U007373,安卓,中端,470,7,0
U007374,安卓,低端,74,6,0
U007375,安卓,高端,539,7,0
U007376,安卓,高端,172,3,0
U007377,安卓,低端,88,3,0
U007378,iOS,高端,243,9,0
U007379,安卓,中端,1835,8,0
U007380,安卓,低端,83,6,0
U007381,安卓,中端,56,5,0
U007382,安卓,低端,613,2,0
U007383,安卓,低端,7,7,0
U007384,安卓,高端,198,7,0
U007385,iOS,高端,529,6,0
U007386,安卓,低端,80,4,0
U007387,iOS,中端,139,9,0
U007388,iOS,中端,276,9,0
U007389,安卓,低端,3255,3,0
U007390,安卓,低端,198,3,0
U007391,安卓,低端,38,9,0
U007392,iOS,中端,455,5,1
U007393,iOS,中端,1529,11,0
U007394,安卓,低端,74,6,1
U007395,iOS,中端,91,8,1
U007396,安卓,中端,230,10,0
U007397,安卓,高端,74,7,0
U007398,安卓,高端,195,6,0
U007399,安卓,低端,97,8,0
U007400,iOS,中端,1619,10,1
U007401,安卓,低端,1575,6,0
U007402,安卓,中端,194,2,0
U007403,安卓,中端,2221,5,0
U007404,iOS,中端,216,10,0
U007405,iOS,中端,905,6,0
U007406,iOS,中端,225,6,0
U007407,安卓,中端,23,6,0
U007408,安卓,低端,392,6,0
U007409,安卓,低端,37,4,0
U007410,iOS,高端,510,4,0
U007411,iOS,中端,648,7,0
U007412,安卓,低端,1192,11,0
U007413,安卓,低端,1073,2,0
U007414,安卓,中端,329,2,0
U007415,iOS,中端,143,5,1
U007416,安卓,中端,98,2,0
U007417,安卓,中端,164,7,0
U007418,iOS,高端,297,7,0
U007419,iOS,中端,2643,7,0
U007420,安卓,低端,332,4,0
U007421,iOS,低端,487,14,0
U007422,安卓,低端,33,2,0
U007423,安卓,低端,3046,4,0
U007424,iOS,中端,310,9,0
U007425,iOS,中端,324,14,0
U007426,iOS,中端,72,10,0
U007427,iOS,低端,1952,7,0
U007428,安卓,低端,53,1,0
U007429,iOS,中端,59,8,0
U007430,安卓,低端,107,7,0
U007431,iOS,中端,149,9,0
U007432,安卓,中端,146,4,0
U007433,安卓,中端,172,9,0
U007434,安卓,中端,978,7,1
U007435,安卓,低端,408,9,0
U007436,安卓,低端,2315,7,0
U007437,安卓,低端,183,7,0
U007438,安卓,低端,421,3,0
U007439,安卓,中端,114,3,0
U007440,安卓,中端,5120,7,0
U007441,iOS,中端,286,6,0
U007442,安卓,中端,451,5,0
U007443,安卓,中端,1103,8,0
U007444,安卓,中端,51,4,0
U007445,安卓,中端,64,9,0
U007446,iOS,中端,111,9,0
U007447,安卓,低端,777,6,0
U007448,安卓,中端,3319,5,0
U007449,安卓,低端,288,4,0
U007450,iOS,中端,437,6,0
U007451,iOS,高端,174,6,0
U007452,安卓,中端,423,2,0
U007453,安卓,低端,591,6,0
U007454,安卓,低端,143,4,0
U007455,安卓,低端,174,12,0
U007456,安卓,中端,164,8,0
U007457,iOS,高端,153,8,0
U007458,iOS,高端,1113,10,0
U007459,安卓,中端,203,7,0
U007460,安卓,中端,1063,7,0
U007461,安卓,中端,556,4,0
U007462,安卓,低端,49,8,0
U007463,iOS,中端,875,10,0
U007464,iOS,中端,221,5,0
U007465,iOS,中端,109,7,0
U007466,安卓,低端,119,4,1
U007467,安卓,中端,136,7,0
U007468,安卓,中端,515,6,0
U007469,安卓,中端,300,6,0
U007470,安卓,低端,145,10,0
U007471,安卓,中端,716,7,0
U007472,安卓,低端,1371,4,0
U007473,iOS,中端,359,9,0
U007474,iOS,高端,461,7,0
U007475,安卓,低端,116,4,0
U007476,iOS,中端,135,6,0
U007477,安卓,高端,311,7,0
U007478,安卓,低端,103,7,0
U007479,iOS,中端,724,7,0
U007480,安卓,高端,433,7,0
U007481,安卓,低端,69,6,1
U007482,iOS,中端,272,7,0
U007483,iOS,中端,189,6,0
U007484,安卓,低端,171,3,0
U007485,安卓,高端,295,2,0
U007486,安卓,低端,489,9,0
U007487,iOS,中端,579,10,0
U007488,iOS,中端,187,4,0
U007489,iOS,中端,663,7,0
U007490,iOS,高端,656,5,0
U007491,安卓,中端,21620,4,0
U007492,iOS,中端,169,4,0
U007493,安卓,低端,589,8,0
U007494,安卓,高端,313,5,0
U007495,安卓,低端,162,2,0
U007496,安卓,高端,119,3,0
U007497,安卓,中端,657,5,0
U007498,安卓,中端,111,3,0
U007499,安卓,中端,138,6,1
U007500,iOS,高端,933,5,0
U007501,安卓,高端,785,4,0
U007502,安卓,中端,418,6,0
U007503,安卓,中端,790,6,0
U007504,安卓,中端,28,6,0
U007505,安卓,高端,312,8,0
U007506,安卓,高端,578,4,0
U007507,iOS,中端,642,5,1
U007508,安卓,低端,292,3,0
U007509,安卓,高端,932,7,0
U007510,安卓,中端,1132,10,0
U007511,安卓,中端,1433,7,0
U007512,iOS,高端,441,12,0
U007513,安卓,中端,98,8,0
U007514,安卓,中端,36,5,0
U007515,安卓,中端,197,4,0
U007516,iOS,中端,106,5,0
U007517,安卓,中端,44,3,0
U007518,安卓,低端,80,10,0
U007519,iOS,中端,65,7,0
U007520,iOS,高端,110,6,0
U007521,iOS,中端,205,6,0
U007522,iOS,中端,696,9,0
U007523,iOS,中端,185,6,0
U007524,安卓,低端,602,7,0
U007525,安卓,中端,675,4,0
U007526,安卓,高端,753,7,0
U007527,安卓,中端,4948,2,0
U007528,iOS,中端,872,6,0
U007529,安卓,低端,233,3,0
U007530,安卓,高端,58,5,0
U007531,安卓,中端,240,4,0
U007532,iOS,中端,165,8,0
U007533,安卓,中端,695,5,0
U007534,安卓,中端,818,6,0
U007535,安卓,高端,178,6,0
U007536,安卓,低端,22,7,0
U007537,安卓,低端,1988,3,0
U007538,安卓,中端,181,4,0
U007539,安卓,低端,99,4,0
U007540,iOS,中端,438,4,0
U007541,安卓,低端,152,5,0
U007542,安卓,低端,33,8,0
U007543,iOS,中端,511,5,0
U007544,安卓,低端,438,2,0
U007545,安卓,中端,821,7,0
U007546,安卓,低端,40,4,0
U007547,iOS,中端,1016,11,0
U007548,iOS,高端,533,12,0
U007549,安卓,低端,118,5,0
U007550,安卓,低端,61,7,0
U007551,iOS,高端,297,5,1
U007552,iOS,低端,82,11,0
U007553,安卓,高端,151,7,1
U007554,iOS,低端,274,7,0
U007555,安卓,低端,153,6,0
U007556,安卓,低端,93,5,0
U007557,iOS,中端,1078,5,0
U007558,iOS,中端,63,5,0
U007559,iOS,低端,70,12,0
U007560,安卓,中端,210,5,0
U007561,安卓,低端,426,4,0
U007562,安卓,中端,177,5,0
U007563,安卓,低端,19,5,0
U007564,iOS,中端,81,7,1
U007565,安卓,低端,234,3,0
U007566,安卓,中端,329,8,0
U007567,安卓,低端,69,6,1
U007568,安卓,低端,825,6,0
U007569,安卓,中端,31,4,0
U007570,iOS,中端,1710,4,0
U007571,安卓,低端,236,5,1
U007572,安卓,低端,41,8,0
U007573,iOS,中端,548,4,0
U007574,安卓,低端,1213,3,0
U007575,安卓,低端,72,7,0
U007576,安卓,低端,7,6,0
U007577,iOS,高端,470,9,0
U007578,iOS,高端,801,4,0
U007579,安卓,中端,2005,5,0
U007580,安卓,中端,1018,5,0
U007581,安卓,低端,23,7,0
U007582,安卓,低端,1381,5,0
U007583,iOS,中端,220,8,0
U007584,安卓,低端,58,6,0
U007585,安卓,中端,1237,4,0
U007586,安卓,中端,1409,4,0
U007587,安卓,低端,78,6,0
U007588,iOS,高端,71,2,0
U007589,安卓,中端,180,6,0
U007590,安卓,低端,43,3,0
U007591,安卓,中端,86,4,0
U007592,安卓,中端,39,4,0
U007593,安卓,低端,140,7,0
U007594,安卓,低端,249,4,0
U007595,安卓,低端,383,5,0
U007596,安卓,低端,237,6,0
U007597,iOS,中端,188,7,0
U007598,安卓,中端,738,7,0
U007599,iOS,高端,408,8,0
U007600,安卓,高端,51,5,0
U007601,安卓,低端,868,6,0
U007602,iOS,中端,1933,7,0
U007603,安卓,中端,276,6,0
U007604,iOS,中端,787,13,0
U007605,iOS,中端,958,11,0
U007606,iOS,高端,886,8,0
U007607,安卓,中端,227,11,0
U007608,iOS,中端,234,8,0
U007609,安卓,中端,490,10,0
U007610,安卓,低端,299,7,0
U007611,安卓,中端,300,6,0
U007612,安卓,中端,238,8,0
U007613,iOS,高端,1501,9,0
U007614,安卓,中端,167,5,0
U007615,iOS,中端,133,9,0
U007616,iOS,低端,407,11,0
U007617,安卓,中端,273,6,0
U007618,安卓,中端,79,5,0
U007619,安卓,中端,26,3,0
U007620,安卓,高端,1476,6,0
U007621,安卓,中端,8349,7,0
U007622,iOS,中端,607,4,0
U007623,安卓,中端,48,4,0
U007624,安卓,低端,136,5,0
U007625,iOS,中端,2154,8,0
U007626,安卓,低端,868,3,0
U007627,安卓,中端,369,7,0
U007628,iOS,高端,220,8,0
U007629,安卓,中端,167,5,0
U007630,安卓,低端,29,10,0
U007631,安卓,中端,107,7,0
U007632,iOS,中端,281,11,0
U007633,安卓,中端,129,5,0
U007634,安卓,低端,440,6,0
U007635,安卓,中端,177,4,0
U007636,安卓,中端,233,6,0
U007637,安卓,中端,208,5,0
U007638,iOS,中端,747,5,0
U007639,安卓,中端,50,2,1
U007640,安卓,中端,49,2,0
U007641,iOS,高端,844,15,0
U007642,iOS,低端,150,10,0
U007643,iOS,中端,262,7,0
U007644,安卓,中端,658,7,0
U007645,安卓,中端,23,9,0
U007646,安卓,中端,176,4,0
U007647,安卓,中端,188,7,0
U007648,安卓,低端,623,11,0
U007649,iOS,中端,318,11,0
U007650,iOS,高端,997,12,1
U007651,安卓,低端,131,4,0
U007652,安卓,中端,142,5,0
U007653,安卓,中端,432,7,0
U007654,iOS,高端,402,7,1
U007655,安卓,高端,3976,7,0
U007656,安卓,高端,1014,7,0
U007657,iOS,中端,30,6,0
U007658,iOS,高端,326,6,0
U007659,安卓,中端,158,4,0
U007660,安卓,低端,260,8,0
U007661,安卓,低端,279,8,0
U007662,安卓,中端,41,3,0
U007663,安卓,低端,135,3,0
U007664,安卓,中端,62,7,0
U007665,安卓,中端,77,7,0
U007666,安卓,中端,103,3,0
U007667,安卓,低端,358,7,0
U007668,安卓,低端,64,4,0
U007669,安卓,低端,245,4,0
U007670,iOS,中端,1250,8,0
U007671,安卓,低端,187,2,0
U007672,安卓,中端,981,6,1
U007673,安卓,低端,71,4,0
U007674,安卓,低端,325,8,0
U007675,iOS,中端,378,11,0
U007676,安卓,低端,513,2,0
U007677,安卓,低端,355,3,0
U007678,iOS,低端,669,9,0
U007679,安卓,中端,275,8,0
U007680,安卓,低端,344,4,0
U007681,安卓,低端,5014,4,0
U007682,iOS,高端,98,10,0
U007683,安卓,低端,158,3,0
U007684,安卓,低端,243000,5,0
U007685,iOS,中端,343,9,0
U007686,iOS,高端,574,10,0
U007687,安卓,低端,64,7,0
U007688,安卓,低端,20,3,0
U007689,安卓,中端,34,7,0
U007690,安卓,低端,280,6,0
U007691,安卓,低端,170,4,0
U007692,安卓,中端,967,4,0
U007693,iOS,中端,504,9,0
U007694,iOS,中端,193,9,0
U007695,iOS,中端,332,11,0
U007696,安卓,中端,75,10,0
U007697,安卓,低端,761,6,0
U007698,安卓,低端,1836,4,0
U007699,iOS,中端,581,10,0
U007700,安卓,低端,16,6,0
U007701,iOS,高端,1030,10,0
U007702,iOS,高端,466,8,0
U007703,iOS,高端,967,7,0
U007704,安卓,低端,359,6,0
U007705,安卓,中端,69,4,0
U007706,安卓,中端,1202,6,0
U007707,iOS,低端,1175,9,0
U007708,安卓,低端,349,4,0
U007709,安卓,中端,1133,6,0
U007710,安卓,低端,346,6,0
U007711,iOS,高端,218,7,0
U007712,安卓,低端,21,7,0
U007713,iOS,中端,149,6,0
U007714,iOS,高端,562,4,0
U007715,iOS,中端,354,3,0
U007716,安卓,低端,57,2,0
U007717,安卓,高端,737,4,0
U007718,安卓,低端,400,5,0
U007719,iOS,中端,5818,9,0
U007720,安卓,中端,173,3,0
U007721,安卓,中端,358,4,0
U007722,安卓,中端,83,4,0
U007723,安卓,中端,1012,7,0
U007724,安卓,低端,256,7,0
U007725,iOS,中端,1360,8,0
U007726,安卓,中端,624,4,0
U007727,iOS,中端,973,8,0
U007728,iOS,中端,92,7,0
U007729,安卓,中端,43,5,0
U007730,安卓,中端,1011,10,0
U007731,安卓,中端,5763,5,0
U007732,安卓,低端,71,4,0
U007733,iOS,低端,732,10,0
U007734,安卓,低端,113,7,0
U007735,安卓,低端,323,4,0
U007736,安卓,中端,650,11,0
U007737,安卓,低端,314,5,0
U007738,iOS,高端,3670,6,0
U007739,安卓,中端,57,7,0
U007740,安卓,中端,470,9,0
U007741,安卓,高端,2784,6,1
U007742,安卓,高端,93,9,0
U007743,iOS,低端,658,12,0
U007744,iOS,低端,140,7,0
U007745,安卓,中端,40,5,0
U007746,安卓,中端,120,8,0
U007747,iOS,中端,213,9,0
U007748,安卓,中端,238,9,0
U007749,安卓,低端,981,5,0
U007750,iOS,高端,69,5,0
U007751,安卓,中端,94,5,0
U007752,iOS,低端,240,9,0
U007753,iOS,中端,275,6,0
U007754,iOS,低端,332,5,0
U007755,安卓,低端,647,6,0
U007756,安卓,低端,207,1,0
U007757,iOS,中端,336,6,0
U007758,iOS,高端,335,6,0
U007759,安卓,中端,257,5,0
U007760,安卓,中端,2139,8,0
U007761,iOS,高端,110,6,0
U007762,iOS,高端,465,5,0
U007763,安卓,低端,83,3,0
U007764,iOS,高端,961,14,0
U007765,安卓,低端,876,3,0
U007766,安卓,中端,535,3,0
U007767,安卓,高端,118,10,1
U007768,安卓,低端,49,4,0
U007769,安卓,中端,283,4,0
U007770,安卓,低端,121,5,0
U007771,安卓,低端,119,9,0
U007772,iOS,中端,457,11,0
U007773,安卓,中端,695,7,0
U007774,安卓,低端,41,10,0
U007775,安卓,低端,42,10,0
U007776,安卓,中端,196,6,0
U007777,安卓,中端,233,6,1
U007778,安卓,中端,871,6,0
U007779,安卓,低端,174,4,0
U007780,安卓,高端,69,4,0
U007781,安卓,低端,425,4,0
U007782,安卓,中端,394,6,1
U007783,安卓,中端,256,2,0
U007784,iOS,低端,1119,5,0
U007785,安卓,高端,732,7,1
U007786,安卓,中端,3080,5,0
U007787,iOS,低端,1389,7,0
U007788,安卓,低端,55,6,0
U007789,安卓,低端,198,5,0
U007790,安卓,中端,496,9,0
U007791,安卓,低端,209,7,0
U007792,iOS,中端,2686,9,0
U007793,安卓,中端,32,3,0
U007794,iOS,中端,46,9,1
U007795,安卓,中端,464,5,0
U007796,安卓,低端,455,7,0
U007797,安卓,低端,191,2,0
U007798,iOS,中端,602,7,0
U007799,iOS,中端,82,6,0
U007800,安卓,低端,129,4,0
U007801,iOS,中端,346,5,0
U007802,安卓,中端,822,4,0
U007803,安卓,中端,13155,4,0
U007804,iOS,中端,512,7,0
U007805,iOS,中端,688,7,0
U007806,安卓,高端,1539,7,0
U007807,安卓,高端,827,4,0
U007808,iOS,低端,236,4,0
U007809,iOS,中端,205,11,0
U007810,安卓,高端,244,4,0
U007811,iOS,中端,228,4,0
U007812,安卓,低端,4999,3,0
U007813,安卓,低端,327,7,0
U007814,iOS,高端,655,10,0
U007815,iOS,高端,214,7,0
U007816,iOS,高端,325,5,0
U007817,安卓,高端,1039,5,0
U007818,安卓,中端,317,5,0
U007819,安卓,中端,220,8,0
U007820,iOS,高端,1137,5,0
U007821,iOS,高端,288,10,0
U007822,安卓,低端,451,10,0
U007823,iOS,低端,182,11,0
U007824,安卓,低端,151,4,0
U007825,iOS,中端,115,13,1
U007826,iOS,中端,2932,6,1
U007827,iOS,中端,1068,3,0
U007828,安卓,中端,65,4,0
U007829,安卓,低端,115,5,0
U007830,安卓,高端,137,2,0
U007831,安卓,低端,84,5,0
U007832,iOS,中端,1282,10,0
U007833,安卓,中端,34,5,0
U007834,iOS,低端,52,5,0
U007835,iOS,中端,111,6,0
U007836,安卓,中端,492,6,0
U007837,安卓,低端,123,2,0
U007838,iOS,高端,705,5,0
U007839,安卓,低端,96,6,0
U007840,安卓,高端,827,6,0
U007841,安卓,中端,82,3,0
U007842,安卓,中端,209,7,0
U007843,安卓,中端,341,5,0
U007844,安卓,中端,488,6,0
U007845,安卓,低端,116,4,0
U007846,安卓,中端,438,4,1
U007847,iOS,高端,257,8,0
U007848,iOS,高端,435,8,0
U007849,安卓,低端,351,2,0
U007850,iOS,低端,170,5,1
U007851,安卓,低端,295,6,1
U007852,安卓,低端,46,3,0
U007853,安卓,高端,131,7,0
U007854,安卓,低端,191,2,0
U007855,安卓,中端,1567,7,0
U007856,安卓,中端,48,3,0
U007857,安卓,低端,1034,6,0
U007858,安卓,低端,396,4,0
U007859,安卓,中端,1033,4,0
U007860,安卓,高端,221,8,0
U007861,安卓,高端,796,4,0
U007862,安卓,高端,1747,6,0
U007863,安卓,中端,802,3,0
U007864,iOS,中端,155,7,0
U007865,安卓,中端,1096,6,0
U007866,iOS,高端,51,6,0
U007867,安卓,中端,120,8,0
U007868,安卓,低端,61,4,0
U007869,iOS,中端,358,14,1
U007870,iOS,中端,216,6,0
U007871,安卓,中端,1067,5,0
U007872,iOS,中端,309,4,0
U007873,iOS,高端,267,5,0
U007874,安卓,中端,4603,8,0
U007875,安卓,低端,1683,5,0
U007876,安卓,中端,158,8,0
U007877,安卓,高端,605,5,0
U007878,iOS,低端,56,11,0
U007879,iOS,中端,231,5,0
U007880,安卓,低端,1141,5,0
U007881,iOS,中端,109,10,0
U007882,安卓,中端,109,4,0
U007883,iOS,低端,2217,8,0
U007884,安卓,低端,289,10,0
U007885,安卓,中端,1295,8,0
U007886,安卓,高端,357,5,1
U007887,安卓,中端,40,4,0
U007888,安卓,低端,90,7,0
U007889,iOS,中端,24,3,0
U007890,安卓,中端,103,4,0
U007891,安卓,中端,3862,6,0
U007892,iOS,高端,489,7,0
U007893,iOS,高端,8461,12,0
U007894,安卓,中端,166,3,0
U007895,安卓,中端,309,5,0
U007896,iOS,高端,1562,5,0
U007897,安卓,中端,892,4,0
U007898,安卓,低端,573,8,0
U007899,安卓,高端,3051,5,0
U007900,iOS,中端,138,4,0
U007901,iOS,中端,669,5,0
U007902,安卓,低端,110,3,0
U007903,iOS,中端,689,3,0
U007904,安卓,低端,227,6,0
U007905,安卓,高端,1224,5,0
U007906,iOS,中端,112,5,0
U007907,iOS,中端,941,6,0
U007908,安卓,中端,33,3,1
U007909,安卓,中端,205,6,0
U007910,安卓,低端,1658,4,1
U007911,iOS,中端,166,9,0
U007912,安卓,中端,41,4,0
U007913,安卓,中端,1179,6,0
U007914,安卓,高端,60,5,0
U007915,安卓,低端,42,6,1
U007916,安卓,低端,243,5,0
U007917,安卓,高端,579,6,0
U007918,安卓,中端,517,5,0
U007919,安卓,中端,90,5,0
U007920,iOS,中端,571,6,0
U007921,安卓,低端,117,5,0
U007922,安卓,中端,158,3,0
U007923,iOS,中端,407,9,0
U007924,iOS,中端,146,5,0
U007925,安卓,中端,4146,3,0
U007926,安卓,低端,187,6,0
U007927,安卓,中端,130,3,0
U007928,安卓,低端,103,7,0
U007929,iOS,高端,121,7,0
U007930,iOS,低端,273,5,0
U007931,安卓,高端,164,5,0
U007932,iOS,高端,475,9,0
U007933,iOS,高端,290,8,0
U007934,安卓,低端,395,5,0
U007935,安卓,中端,45,6,0
U007936,安卓,低端,544,4,1
U007937,iOS,高端,882,7,0
U007938,iOS,高端,495,9,0
U007939,安卓,高端,69,3,0
U007940,安卓,低端,3404,9,1
U007941,iOS,中端,1305,8,0
U007942,iOS,中端,480,14,0
U007943,安卓,中端,173,4,0
U007944,安卓,低端,152,7,0
U007945,iOS,中端,302,7,0
U007946,安卓,低端,187,5,0
U007947,安卓,低端,479,4,0
U007948,iOS,高端,445,9,0
U007949,安卓,低端,232,5,1
U007950,安卓,低端,328,8,0
U007951,安卓,高端,287,4,0
U007952,iOS,中端,271,9,0
U007953,安卓,低端,318,6,0
U007954,安卓,高端,501,7,0
U007955,iOS,高端,702,5,0
U007956,iOS,高端,497,7,0
U007957,安卓,中端,1742,5,0
U007958,安卓,中端,322,8,0
U007959,安卓,中端,187,4,0
U007960,安卓,低端,383,4,0
U007961,安卓,中端,317,5,0
U007962,安卓,中端,51,3,0
U007963,安卓,高端,100,4,0
U007964,安卓,中端,230,5,0
U007965,iOS,中端,158,7,0
U007966,iOS,高端,197,8,0
U007967,安卓,低端,17,2,0
U007968,安卓,低端,1071,7,0
U007969,安卓,低端,20,6,0
U007970,安卓,中端,552,5,0
U007971,安卓,低端,95,5,0
U007972,安卓,中端,10,6,0
U007973,iOS,高端,155,11,0
U007974,安卓,中端,243,6,0
U007975,安卓,中端,287,4,0
U007976,iOS,中端,2602,5,0
U007977,iOS,中端,888,6,0
U007978,安卓,低端,85,7,0
U007979,安卓,中端,393,5,0
U007980,安卓,高端,46,5,0
U007981,安卓,中端,165,5,0
U007982,安卓,中端,93,4,0
U007983,安卓,低端,166,6,0
U007984,安卓,低端,20,3,0
U007985,iOS,中端,206,4,0
U007986,iOS,中端,1100,7,0
U007987,iOS,中端,58,10,0
U007988,安卓,中端,842,4,0
U007989,安卓,低端,583,4,0
U007990,安卓,高端,777,6,0
U007991,安卓,低端,94,3,0
U007992,iOS,高端,116,5,0
U007993,安卓,中端,33,3,0
U007994,iOS,中端,86,9,0
U007995,安卓,高端,586,7,1
U007996,安卓,低端,39,7,0
U007997,安卓,中端,157,2,0
U007998,安卓,高端,40,8,0
U007999,安卓,低端,127,4,0
U008000,安卓,低端,84,5,0
U008001,iOS,高端,561,8,0
U008002,iOS,高端,89,7,0
U008003,安卓,低端,833,7,0
U008004,安卓,中端,1366,7,0
U008005,iOS,低端,173,5,0
U008006,iOS,中端,205,10,0
U008007,安卓,中端,407,6,0
U008008,iOS,高端,164,9,0
U008009,安卓,中端,476,7,0
U008010,iOS,高端,570,9,0
U008011,安卓,低端,582,8,0
U008012,安卓,中端,189,7,0
U008013,iOS,中端,347,11,0
U008014,安卓,中端,203,5,0
U008015,安卓,中端,102,1,0
U008016,安卓,低端,1205,4,0
U008017,安卓,低端,1429,1,0
U008018,iOS,高端,258,9,0
U008019,安卓,高端,2819,7,0
U008020,iOS,中端,637,7,0
U008021,安卓,中端,944,6,0
U008022,安卓,低端,33,8,0
U008023,iOS,低端,119,8,0
U008024,安卓,低端,791,8,0
U008025,iOS,中端,26,12,0
U008026,iOS,中端,8836,8,0
U008027,安卓,低端,120,6,0
U008028,安卓,中端,140,6,0
U008029,iOS,中端,327,8,1
U008030,iOS,高端,1043,7,0
U008031,iOS,中端,76,10,0
U008032,安卓,低端,112,9,0
U008033,iOS,高端,110,5,0
U008034,安卓,中端,441,4,0
U008035,安卓,高端,10226,5,1
U008036,iOS,中端,447,10,1
U008037,安卓,中端,1140,6,0
U008038,iOS,中端,111,10,0
U008039,安卓,高端,945,7,0
U008040,安卓,低端,116,9,0
U008041,iOS,高端,279,12,0
U008042,安卓,低端,845,3,1
U008043,安卓,中端,157,4,0
U008044,安卓,中端,20,7,0
U008045,安卓,低端,171,9,0
U008046,安卓,中端,46,3,0
U008047,iOS,高端,572,7,0
U008048,安卓,中端,543,4,0
U008049,iOS,高端,537,7,0
U008050,安卓,中端,398,4,0
U008051,iOS,中端,389,5,0
U008052,iOS,高端,420,5,0
U008053,iOS,中端,59,9,0
U008054,安卓,低端,202,5,0
U008055,安卓,中端,5611,5,0
U008056,iOS,高端,215,9,0
U008057,安卓,中端,3981,5,0
U008058,iOS,中端,237,4,1
U008059,iOS,中端,165,8,0
U008060,安卓,中端,161,6,0
U008061,安卓,低端,67,9,0
U008062,安卓,高端,519,11,0
U008063,安卓,中端,187,5,0
U008064,安卓,中端,132,7,0
U008065,iOS,中端,284,5,0
U008066,安卓,低端,682,3,0
U008067,安卓,低端,640,5,0
U008068,安卓,中端,291,12,0
U008069,安卓,中端,4660,8,0
U008070,安卓,中端,1294,4,0
U008071,iOS,高端,786,6,0
U008072,安卓,低端,2191,2,0
U008073,iOS,中端,578,6,0
U008074,iOS,中端,498,6,0
U008075,安卓,中端,192,3,0
U008076,安卓,中端,181,5,0
U008077,安卓,低端,416,5,0
U008078,iOS,高端,2122,7,0
U008079,安卓,低端,165,2,0
U008080,安卓,中端,80,3,0
U008081,安卓,低端,465,4,0
U008082,安卓,低端,121,11,0
U008083,iOS,中端,806,7,0
U008084,iOS,中端,183,12,0
U008085,安卓,低端,31,9,0
U008086,安卓,低端,873,3,0
U008087,iOS,中端,470,6,0
U008088,iOS,中端,343,3,0
U008089,安卓,中端,245,3,0
U008090,安卓,中端,74,4,0
U008091,iOS,低端,250,9,1
U008092,iOS,高端,110,7,0
U008093,iOS,中端,362,9,0
U008094,iOS,高端,594,6,0
U008095,安卓,低端,976,8,0
U008096,安卓,低端,18,6,0
U008097,安卓,中端,500,4,0
U008098,安卓,低端,81,8,0
U008099,安卓,高端,349,6,0
U008100,安卓,中端,33,5,0
U008101,安卓,中端,610,8,0
U008102,安卓,中端,390,7,0
U008103,安卓,中端,546,5,0
U008104,iOS,中端,797,8,0
U008105,iOS,中端,1433,6,0
U008106,安卓,中端,73,3,0
U008107,iOS,中端,59,8,0
U008108,安卓,高端,361,5,0
U008109,iOS,低端,154,8,0
U008110,安卓,低端,155,3,0
U008111,iOS,中端,387,5,0
U008112,iOS,高端,234,12,0
U008113,安卓,低端,533,6,0
U008114,安卓,低端,367,6,1
U008115,安卓,高端,803,6,0
U008116,安卓,低端,851,2,0
U008117,iOS,低端,25,7,0
U008118,iOS,中端,190,3,0
U008119,安卓,高端,288,7,0
U008120,安卓,中端,37,4,0
U008121,iOS,中端,880,8,0
U008122,安卓,中端,233,7,0
U008123,安卓,中端,82,10,0
U008124,iOS,中端,1587,5,0
U008125,iOS,中端,319,13,0
U008126,iOS,高端,304,7,0
U008127,iOS,中端,51,2,1
U008128,安卓,中端,406,6,0
U008129,安卓,低端,709,4,0
U008130,iOS,中端,774,9,0
U008131,安卓,中端,793,5,0
U008132,安卓,低端,182,4,0
U008133,安卓,中端,171,4,0
U008134,安卓,高端,99,4,0
U008135,安卓,中端,566,8,0
U008136,安卓,高端,154,7,0
U008137,iOS,中端,335,7,0
U008138,安卓,低端,211,10,0
U008139,安卓,低端,820,7,0
U008140,安卓,中端,646,8,0
U008141,iOS,低端,197,14,0
U008142,iOS,高端,526,8,0
U008143,iOS,中端,108,5,0
U008144,安卓,高端,337,4,0
U008145,安卓,低端,167,6,0
U008146,安卓,中端,458,5,0
U008147,安卓,中端,221,6,0
U008148,安卓,低端,713,5,0
U008149,安卓,低端,40,2,0
U008150,安卓,高端,2546,4,0
U008151,安卓,中端,225,6,0
U008152,安卓,高端,400,6,0
U008153,iOS,中端,101,3,0
U008154,安卓,中端,85,5,0
U008155,iOS,高端,641,6,0
U008156,安卓,低端,95,5,0
U008157,iOS,中端,1374,6,0
U008158,安卓,中端,327,5,0
U008159,安卓,低端,209,3,0
U008160,安卓,高端,67,8,0
U008161,安卓,高端,308,5,0
U008162,安卓,中端,6738,7,0
U008163,安卓,中端,406,10,0
U008164,iOS,高端,634,6,0
U008165,iOS,高端,87,9,0
U008166,iOS,中端,196,9,1
U008167,安卓,中端,19,1,0
U008168,安卓,中端,458,4,0
U008169,安卓,低端,39,6,0
U008170,iOS,中端,530,10,0
U008171,安卓,中端,1848,10,0
U008172,安卓,低端,264,5,0
U008173,安卓,低端,537,3,0
U008174,安卓,高端,17,3,0
U008175,安卓,中端,97,5,0
U008176,安卓,中端,217,7,0
U008177,安卓,高端,1498,4,0
U008178,iOS,高端,324,2,0
U008179,iOS,中端,182,6,0
U008180,iOS,中端,380,6,0
U008181,安卓,高端,10250,6,0
U008182,安卓,中端,383,2,0
U008183,iOS,高端,1690,4,0
U008184,iOS,中端,277,5,0
U008185,安卓,中端,659,4,0
U008186,安卓,低端,365,10,0
U008187,安卓,中端,884,5,0
U008188,安卓,低端,1002,3,0
U008189,iOS,中端,188,15,0
U008190,安卓,高端,276,6,0
U008191,安卓,低端,444,7,0
U008192,iOS,高端,547,7,1
U008193,安卓,低端,1131,5,0
U008194,iOS,低端,228,11,0
U008195,iOS,低端,315,6,0
U008196,iOS,高端,1286,7,1
U008197,iOS,高端,493,7,0
U008198,安卓,低端,688,3,0
U008199,安卓,低端,800,7,0
U008200,iOS,低端,235,8,0
U008201,安卓,高端,126,5,0
U008202,安卓,中端,48,4,0
U008203,iOS,低端,124,11,0
U008204,安卓,中端,57,8,0
U008205,安卓,中端,25,9,0
U008206,安卓,中端,442,5,0
U008207,iOS,中端,139,8,1
U008208,安卓,低端,800,3,0
U008209,iOS,中端,281,9,0
U008210,iOS,低端,184,6,0
U008211,安卓,中端,118,3,0
U008212,安卓,低端,67,12,0
U008213,安卓,中端,56,8,0
U008214,安卓,中端,91,9,0
U008215,iOS,中端,213,8,0
U008216,安卓,低端,50,8,0
U008217,安卓,中端,233,9,0
U008218,iOS,高端,173,5,0
U008219,安卓,低端,103,4,0
U008220,iOS,中端,394,7,0
U008221,iOS,中端,139,5,0
U008222,iOS,中端,406,6,0
U008223,iOS,低端,242,9,0
U008224,iOS,中端,236,8,0
U008225,安卓,中端,38,6,0
U008226,安卓,中端,120,3,0
U008227,iOS,中端,211,9,0
U008228,iOS,低端,893,11,0
U008229,iOS,中端,326,14,0
U008230,安卓,中端,89,3,0
U008231,安卓,中端,400,5,0
U008232,安卓,低端,445,8,1
U008233,iOS,中端,199,9,0
U008234,安卓,低端,29,11,0
U008235,iOS,中端,132,5,0
U008236,iOS,低端,119,5,0
U008237,安卓,高端,67,9,0
U008238,安卓,中端,3692,7,0
U008239,安卓,高端,228,9,0
U008240,安卓,中端,1303,5,0
U008241,安卓,中端,927,6,0
U008242,安卓,低端,150,8,0
U008243,iOS,高端,345,7,0
U008244,iOS,高端,102,8,0
U008245,安卓,低端,516,4,0
U008246,安卓,中端,159,4,0
U008247,安卓,高端,74,4,0
U008248,安卓,中端,143,4,0
U008249,安卓,中端,164,7,0
U008250,iOS,高端,544,8,0
U008251,iOS,中端,67,6,1
U008252,安卓,中端,216,7,0
U008253,安卓,高端,131,7,0
U008254,安卓,高端,434,7,0
U008255,安卓,中端,462,5,0
U008256,iOS,中端,1398,4,0
U008257,安卓,中端,245,9,0
U008258,安卓,中端,191,7,0
U008259,安卓,低端,116,5,0
U008260,安卓,中端,151,6,0
U008261,安卓,中端,109,6,0
U008262,iOS,中端,256,6,0
U008263,安卓,中端,167,6,0
U008264,安卓,低端,160,8,0
U008265,安卓,中端,1872,7,1
U008266,安卓,低端,141,7,0
U008267,安卓,中端,48,3,0
U008268,iOS,低端,107,15,0
U008269,安卓,高端,4373,6,0
U008270,iOS,中端,185,12,0
U008271,安卓,中端,9019,5,0
U008272,安卓,中端,146,6,0
U008273,安卓,中端,320,2,1
U008274,iOS,低端,648,2,0
U008275,安卓,中端,208,6,0
U008276,安卓,中端,147,4,0
U008277,iOS,低端,155,9,0
U008278,iOS,中端,252,8,0
U008279,安卓,高端,245,5,0
U008280,安卓,中端,97,6,0
U008281,iOS,高端,186,6,0
U008282,iOS,中端,99,9,0
U008283,iOS,中端,363,7,0
U008284,安卓,中端,205,3,0
U008285,安卓,中端,112,6,0
U008286,iOS,高端,665,9,0
U008287,安卓,低端,30,4,0
U008288,iOS,高端,297,4,0
U008289,安卓,低端,1112,4,0
U008290,安卓,中端,2264,2,0
U008291,安卓,高端,2041,6,0
U008292,安卓,低端,1508,9,0
U008293,iOS,中端,349,8,0
U008294,iOS,低端,340,8,0
U008295,iOS,低端,200,6,0
U008296,iOS,中端,80,5,0
U008297,安卓,中端,452,6,0
U008298,安卓,中端,106,8,0
U008299,安卓,中端,48,6,0
U008300,iOS,中端,1382,6,0
U008301,安卓,中端,256,7,0
U008302,安卓,中端,537,3,0
U008303,iOS,高端,73,8,0
U008304,安卓,低端,297,10,0
U008305,安卓,低端,343,4,0
U008306,iOS,中端,1310,9,0
U008307,iOS,低端,42,7,1
U008308,安卓,高端,18,5,0
U008309,安卓,低端,48,4,0
U008310,安卓,低端,351,7,0
U008311,iOS,中端,708,5,0
U008312,安卓,中端,5171,6,0
U008313,安卓,高端,308,6,0
U008314,iOS,低端,328,7,0
U008315,安卓,高端,240,7,0
U008316,iOS,中端,535,10,1
U008317,安卓,中端,248,9,0
U008318,安卓,低端,183,2,0
U008319,安卓,中端,299,5,0
U008320,安卓,高端,1077,7,0
U008321,安卓,高端,426,8,0
U008322,安卓,低端,31,8,0
U008323,安卓,中端,77,7,0
U008324,安卓,低端,77,6,0
U008325,安卓,中端,245,1,0
U008326,iOS,低端,226,8,0
U008327,安卓,低端,74,3,0
U008328,iOS,中端,299,7,0
U008329,安卓,低端,297,6,0
U008330,安卓,低端,1397,4,0
U008331,安卓,中端,24,10,0
U008332,iOS,中端,329,6,0
U008333,iOS,中端,17,10,0
U008334,安卓,中端,79,6,0
U008335,安卓,中端,154,2,0
U008336,iOS,中端,681,8,0
U008337,安卓,中端,102,4,0
U008338,安卓,低端,249,3,0
U008339,安卓,低端,994,3,0
U008340,安卓,低端,38,6,0
U008341,安卓,低端,3661,4,0
U008342,安卓,低端,178,8,0
U008343,安卓,高端,912,7,0
U008344,安卓,低端,106,7,0
U008345,安卓,中端,382,3,0
U008346,iOS,中端,689,8,0
U008347,iOS,低端,1351,5,0
U008348,安卓,高端,352,7,0
U008349,iOS,中端,17,9,0
U008350,iOS,中端,368,7,0
U008351,安卓,中端,268,4,0
U008352,安卓,低端,55,5,0
U008353,安卓,低端,326,4,0
U008354,安卓,中端,141,8,0
U008355,iOS,中端,106,11,0
U008356,安卓,中端,540,5,0
U008357,安卓,中端,772,8,0
U008358,安卓,中端,114,7,0
U008359,安卓,低端,198,10,0
U008360,iOS,高端,164,9,0
U008361,安卓,中端,182,5,0
U008362,安卓,低端,166,3,0
U008363,iOS,高端,155,8,0
U008364,安卓,高端,628,9,0
U008365,iOS,高端,269,6,0
U008366,安卓,低端,40,3,1
U008367,安卓,低端,51,3,0
U008368,iOS,中端,904,4,0
U008369,安卓,中端,1028,7,0
U008370,安卓,低端,102,4,0
U008371,安卓,低端,608,7,0
U008372,安卓,低端,541,4,1
U008373,iOS,中端,2109,6,0
U008374,安卓,低端,128,7,0
U008375,iOS,高端,667,7,0
U008376,安卓,中端,101,7,0
U008377,iOS,中端,627,7,0
U008378,安卓,高端,35,5,1
U008379,安卓,中端,1092,3,0
U008380,安卓,中端,1296,9,0
U008381,安卓,高端,1300,10,0
U008382,安卓,中端,316,6,0
U008383,iOS,高端,189,10,0
U008384,iOS,中端,341,10,1
U008385,iOS,中端,549,7,1
U008386,iOS,中端,585,9,0
U008387,安卓,低端,406,4,0
U008388,安卓,低端,40,4,0
U008389,iOS,高端,72,6,0
U008390,iOS,中端,381,7,0
U008391,安卓,高端,188,7,0
U008392,iOS,中端,125,4,0
U008393,安卓,低端,74,3,0
U008394,安卓,低端,130,9,0
U008395,iOS,低端,230,8,0
U008396,安卓,低端,97,2,0
U008397,安卓,中端,142,6,0
U008398,安卓,中端,942,5,0
U008399,安卓,低端,84,5,0
U008400,安卓,低端,28,9,0
U008401,安卓,低端,207,11,0
U008402,iOS,中端,322,6,0
U008403,安卓,中端,297,7,0
U008404,安卓,低端,187,6,0
U008405,安卓,低端,298,3,0
U008406,iOS,中端,268,10,0
U008407,安卓,中端,308,6,0
U008408,安卓,高端,75,4,0
U008409,安卓,低端,238,7,0
U008410,安卓,中端,1518,8,0
U008411,安卓,中端,8,3,0
U008412,安卓,低端,58,5,0
U008413,安卓,中端,439,7,0
U008414,安卓,低端,121,8,0
U008415,安卓,中端,320,7,0
U008416,安卓,低端,177,8,0
U008417,安卓,中端,85,3,0
U008418,iOS,高端,338,5,0
U008419,iOS,中端,815,5,0
U008420,安卓,低端,267,5,0
U008421,安卓,低端,399,4,0
U008422,安卓,高端,288,4,0
U008423,安卓,中端,180,2,0
U008424,安卓,高端,90,5,0
U008425,安卓,低端,194,4,0
U008426,iOS,高端,202,12,0
U008427,iOS,中端,92,9,0
U008428,iOS,中端,39,7,0
U008429,安卓,低端,152,5,0
U008430,iOS,中端,1007,13,0
U008431,iOS,中端,111,12,0
U008432,安卓,低端,51,8,0
U008433,安卓,高端,2385,4,0
U008434,iOS,中端,432,13,0
U008435,安卓,低端,144,4,0
U008436,安卓,中端,25,9,0
U008437,安卓,中端,255,6,0
U008438,iOS,中端,121,8,1
U008439,安卓,中端,328,3,0
U008440,安卓,低端,212,6,0
U008441,iOS,中端,279,5,0
U008442,安卓,中端,130,3,0
U008443,安卓,中端,27,7,0
U008444,安卓,低端,513,8,0
U008445,安卓,中端,94,9,0
U008446,安卓,中端,6277,4,0
U008447,iOS,低端,75,10,0
U008448,安卓,低端,127,6,0
U008449,安卓,中端,597,1,0
U008450,iOS,中端,546,9,0
U008451,安卓,中端,2054,7,0
U008452,安卓,低端,259,6,0
U008453,安卓,中端,47,4,0
U008454,安卓,低端,98,6,0
U008455,安卓,中端,66,4,0
U008456,安卓,低端,130,11,0
U008457,安卓,低端,83,8,0
U008458,安卓,低端,211,6,0
U008459,iOS,高端,278,5,0
U008460,iOS,中端,2595,10,0
U008461,安卓,低端,2835,6,0
U008462,安卓,低端,308,6,1
U008463,iOS,高端,414,13,0
U008464,安卓,中端,504,5,0
U008465,安卓,低端,383,5,0
U008466,安卓,中端,132,5,0
U008467,安卓,低端,76,7,0
U008468,安卓,中端,353,2,0
U008469,iOS,高端,1571,8,0
U008470,安卓,低端,216,5,0
U008471,iOS,低端,1020,8,0
U008472,安卓,中端,179,7,0
U008473,安卓,中端,178,5,0
U008474,安卓,低端,174,10,0
U008475,安卓,中端,190,5,0
U008476,安卓,高端,233,3,0
U008477,iOS,高端,244,4,0
U008478,安卓,中端,1169,9,0
U008479,iOS,中端,4561,3,0
U008480,安卓,低端,65,5,0
U008481,安卓,中端,815,7,0
U008482,安卓,高端,55,4,0
U008483,iOS,高端,350,15,0
U008484,安卓,低端,7,5,0
U008485,安卓,高端,1362,4,0
U008486,iOS,中端,223,7,0
U008487,iOS,中端,150,7,0
U008488,安卓,中端,129,8,0
U008489,iOS,低端,230,10,0
U008490,iOS,中端,312,5,1
U008491,安卓,中端,130,5,0
U008492,安卓,中端,275,3,0
U008493,安卓,高端,222,6,0
U008494,安卓,低端,77,4,0
U008495,iOS,高端,300,8,0
U008496,iOS,低端,219,13,0
U008497,安卓,低端,489,8,0
U008498,安卓,低端,785,8,0
U008499,iOS,高端,1529,7,0
U008500,安卓,低端,337,7,0
U008501,iOS,高端,569,10,0
U008502,iOS,中端,272,5,0
U008503,安卓,低端,84,5,0
U008504,安卓,低端,1516,1,0
U008505,安卓,中端,61,4,0
U008506,安卓,中端,313,3,0
U008507,安卓,中端,248,5,0
U008508,安卓,中端,1159,4,0
U008509,安卓,中端,352,3,0
U008510,安卓,中端,1697,3,0
U008511,iOS,中端,377,5,0
U008512,安卓,中端,451,6,0
U008513,安卓,低端,95,4,0
U008514,iOS,高端,282,6,0
U008515,安卓,高端,142,6,0
U008516,iOS,低端,270,8,0
U008517,iOS,高端,262,10,0
U008518,安卓,中端,93,5,0
U008519,iOS,高端,93,10,0
U008520,安卓,中端,57,5,0
U008521,安卓,低端,2854,2,0
U008522,安卓,低端,176,5,0
U008523,安卓,低端,487,9,0
U008524,iOS,高端,44,4,0
U008525,安卓,中端,825,3,0
U008526,iOS,中端,635,5,0
U008527,iOS,高端,1448,6,0
U008528,安卓,低端,163,7,0
U008529,安卓,高端,119,8,0
U008530,安卓,中端,179,5,1
U008531,安卓,中端,341,6,0
U008532,安卓,高端,60,5,0
U008533,iOS,高端,792,8,0
U008534,安卓,低端,10597,5,0
U008535,安卓,低端,634,6,0
U008536,iOS,中端,290,4,0
U008537,安卓,中端,300,4,0
U008538,安卓,中端,199,7,0
U008539,iOS,中端,93,12,0
U008540,iOS,高端,318,14,0
U008541,iOS,高端,1038,13,0
U008542,安卓,高端,361,7,0
U008543,安卓,高端,1074,3,0
U008544,iOS,中端,342,10,0
U008545,安卓,高端,609,6,0
U008546,安卓,中端,90,7,0
U008547,安卓,中端,471,3,0
U008548,iOS,中端,355,6,0
U008549,iOS,高端,498,4,0
U008550,安卓,中端,167,4,0
U008551,安卓,低端,170,4,0
U008552,安卓,低端,29,7,0
U008553,安卓,中端,271,7,0
U008554,安卓,中端,35,8,0
U008555,安卓,高端,129,6,0
U008556,安卓,中端,309,4,0
U008557,安卓,低端,648,7,0
U008558,安卓,低端,150,3,0
U008559,安卓,中端,39,6,0
U008560,iOS,中端,190,10,0
U008561,安卓,高端,179,5,0
U008562,iOS,中端,272,6,0
U008563,安卓,低端,63,8,0
U008564,安卓,中端,782,4,0
U008565,安卓,中端,150,3,0
U008566,安卓,中端,497,4,0
U008567,安卓,中端,208,7,0
U008568,安卓,中端,2047,6,0
U008569,安卓,低端,268,7,0
U008570,安卓,中端,88,2,1
U008571,iOS,中端,3815,5,0
U008572,安卓,中端,4587,3,0
U008573,安卓,中端,404,9,0
U008574,安卓,中端,43,6,0
U008575,iOS,高端,390,9,0
U008576,安卓,低端,841,7,1
U008577,安卓,中端,361,7,0
U008578,安卓,中端,18,9,0
U008579,安卓,中端,32,1,0
U008580,iOS,高端,208,9,1
U008581,安卓,低端,24,4,0
U008582,安卓,中端,118,7,0
U008583,安卓,低端,87,4,0
U008584,iOS,高端,504,9,0
U008585,安卓,低端,256,4,0
U008586,安卓,中端,618,5,1
U008587,安卓,中端,592,6,0
U008588,安卓,低端,242,4,0
U008589,安卓,低端,81,6,0
U008590,安卓,中端,328,7,0
U008591,iOS,高端,588,4,0
U008592,iOS,低端,397,7,0
U008593,iOS,高端,244,11,0
U008594,iOS,中端,411,4,0
U008595,iOS,中端,1819,7,0
U008596,iOS,中端,365,7,0
U008597,安卓,中端,122,6,0
U008598,安卓,中端,44,8,0
U008599,iOS,中端,290,7,0
U008600,安卓,高端,797,8,0
U008601,安卓,低端,587,6,0
U008602,安卓,中端,152,5,0
U008603,安卓,中端,10,5,0
U008604,安卓,低端,90,8,0
U008605,安卓,中端,63,6,0
U008606,iOS,高端,791,8,0
U008607,安卓,低端,21,3,0
U008608,iOS,高端,37,5,0
U008609,安卓,中端,35,4,0
U008610,安卓,低端,92,6,0
U008611,安卓,中端,1740,8,0
U008612,iOS,中端,171,9,0
U008613,安卓,中端,176,4,0
U008614,安卓,中端,154,7,0
U008615,安卓,中端,243,7,0
U008616,安卓,低端,429,7,0
U008617,安卓,中端,133,7,0
U008618,安卓,高端,66,6,0
U008619,安卓,低端,228,5,0
U008620,安卓,中端,144000,6,0
U008621,安卓,中端,61,5,0
U008622,安卓,中端,191,6,0
U008623,安卓,低端,138,15,0
U008624,安卓,中端,310,8,0
U008625,安卓,高端,109,9,0
U008626,iOS,中端,542,8,0
U008627,iOS,中端,161,12,0
U008628,安卓,低端,235,4,0
U008629,iOS,中端,803,9,0
U008630,安卓,低端,997,4,0
U008631,iOS,中端,325,3,1
U008632,安卓,中端,251,4,0
U008633,安卓,低端,6,3,0
U008634,iOS,中端,144,6,0
U008635,安卓,低端,10,2,0
U008636,安卓,中端,73,8,0
U008637,安卓,低端,39,6,0
U008638,安卓,中端,3096,7,0
U008639,安卓,中端,39,5,0
U008640,安卓,低端,13,3,0
U008641,iOS,中端,203,3,0
U008642,安卓,高端,1158,3,0
U008643,iOS,高端,826,7,0
U008644,安卓,低端,425,2,0
U008645,iOS,中端,353,7,0
U008646,安卓,中端,758,6,0
U008647,iOS,中端,558,6,0
U008648,安卓,中端,445000,6,0
U008649,iOS,低端,305,6,0
U008650,iOS,中端,694,4,1
U008651,iOS,高端,181,10,0
U008652,安卓,中端,648,10,0
U008653,安卓,中端,3441,2,0
U008654,安卓,低端,108,6,0
U008655,安卓,低端,1596,10,0
U008656,安卓,中端,198,6,0
U008657,安卓,低端,257,6,0
U008658,安卓,中端,68,6,0
U008659,安卓,低端,311,5,0
U008660,iOS,中端,397,12,0
U008661,安卓,高端,37,4,0
U008662,iOS,中端,193,10,0
U008663,iOS,高端,841,9,0
U008664,安卓,低端,122,5,0
U008665,安卓,低端,1653,9,0
U008666,安卓,中端,29,10,0
U008667,安卓,低端,53,10,0
U008668,iOS,中端,392,13,0
U008669,iOS,高端,156,4,0
U008670,iOS,中端,159,6,0
U008671,安卓,中端,119,5,0
U008672,iOS,中端,1388,9,0
U008673,iOS,高端,146,14,0
U008674,安卓,低端,123,4,0
U008675,安卓,低端,276,6,0
U008676,安卓,中端,2383,4,1
U008677,iOS,低端,1361,4,0
U008678,iOS,高端,3170,5,0
U008679,安卓,低端,228,7,0
U008680,安卓,中端,20,6,0
U008681,安卓,高端,201,6,0
U008682,安卓,低端,317,5,0
U008683,安卓,低端,99,9,0
U008684,安卓,中端,87,8,0
U008685,安卓,中端,110,8,0
U008686,iOS,中端,335,10,0
U008687,安卓,中端,2331,8,1
U008688,iOS,高端,579,13,0
U008689,安卓,中端,241,7,0
U008690,安卓,中端,158,3,0
U008691,安卓,高端,24,6,0
U008692,安卓,低端,146,7,0
U008693,安卓,低端,104,7,0
U008694,安卓,高端,296,6,0
U008695,安卓,低端,286,4,0
U008696,iOS,中端,448,12,0
U008697,安卓,低端,66,7,0
U008698,安卓,低端,129,11,0
U008699,iOS,中端,378,8,0
U008700,iOS,高端,115,6,0
U008701,iOS,低端,329,4,0
U008702,iOS,中端,510,9,0
U008703,安卓,中端,95,6,0
U008704,安卓,中端,1118,7,0
U008705,iOS,高端,712,8,0
U008706,安卓,中端,146,4,0
U008707,安卓,中端,672,5,0
U008708,安卓,中端,241,9,1
U008709,安卓,低端,25,2,1
U008710,iOS,中端,52,4,0
U008711,iOS,低端,93,7,0
U008712,安卓,低端,26,4,0
U008713,安卓,低端,762,4,0
U008714,iOS,高端,337,4,0
U008715,安卓,低端,357,3,0
U008716,安卓,低端,2228,4,0
U008717,iOS,中端,762,7,0
U008718,安卓,高端,265,4,0
U008719,iOS,高端,420,9,0
U008720,安卓,低端,199,4,0
U008721,安卓,低端,320,4,0
U008722,安卓,低端,389,5,0
U008723,iOS,中端,114,4,0
U008724,iOS,中端,335,7,0
U008725,安卓,低端,215,3,0
U008726,安卓,中端,178,6,0
U008727,安卓,高端,229,10,0
U008728,安卓,中端,715,9,0
U008729,iOS,中端,130,10,0
U008730,安卓,中端,192,2,0
U008731,安卓,中端,1136,6,0
U008732,iOS,中端,275,10,0
U008733,安卓,中端,874,3,0
U008734,iOS,中端,444,9,0
U008735,安卓,低端,701,6,0
U008736,安卓,低端,64,6,0
U008737,安卓,高端,931,5,0
U008738,安卓,中端,213,8,0
U008739,安卓,中端,733,8,0
U008740,安卓,中端,178,10,0
U008741,安卓,低端,511,5,0
U008742,安卓,中端,64,7,0
U008743,安卓,低端,59,6,0
U008744,iOS,中端,494,9,0
U008745,iOS,低端,607,10,0
U008746,安卓,低端,409,9,0
U008747,安卓,高端,456,7,0
U008748,安卓,中端,72,4,0
U008749,安卓,中端,106,5,0
U008750,安卓,中端,285,8,0
U008751,安卓,中端,530,7,0
U008752,iOS,高端,2580,4,0
U008753,安卓,中端,107,7,0
U008754,安卓,中端,607,4,0
U008755,安卓,低端,62,6,0
U008756,安卓,中端,519,5,1
U008757,iOS,高端,969,5,0
U008758,iOS,高端,256,4,0
U008759,iOS,中端,1306,11,0
U008760,安卓,中端,51,8,0
U008761,安卓,低端,44,8,0
U008762,安卓,中端,88,7,0
U008763,安卓,中端,38,6,0
U008764,安卓,高端,141,6,0
U008765,安卓,高端,369,4,0
U008766,iOS,中端,565,5,0
U008767,安卓,中端,995,9,0
U008768,iOS,中端,1500,5,0
U008769,安卓,低端,57,4,0
U008770,iOS,中端,249,14,0
U008771,iOS,低端,265,6,0
U008772,安卓,低端,18,9,0
U008773,安卓,中端,507,6,0
U008774,iOS,中端,274,8,0
U008775,安卓,中端,40,4,0
U008776,iOS,高端,277,6,0
U008777,安卓,中端,201,9,0
U008778,安卓,低端,189,4,0
U008779,安卓,中端,25,3,0
U008780,安卓,中端,184,9,0
U008781,安卓,低端,81,4,0
U008782,安卓,低端,729,3,1
U008783,安卓,中端,352,5,0
U008784,iOS,中端,1293,6,0
U008785,安卓,低端,33,7,0
U008786,iOS,中端,141,7,0
U008787,安卓,低端,704,7,0
U008788,iOS,高端,208,9,0
U008789,安卓,高端,50,5,0
U008790,安卓,中端,632,4,0
U008791,安卓,高端,27,3,0
U008792,iOS,高端,114,7,0
U008793,安卓,中端,220,7,0
U008794,iOS,中端,145,6,0
U008795,iOS,中端,139,6,0
U008796,iOS,中端,1138,6,0
U008797,安卓,低端,372,4,0
U008798,iOS,中端,632,5,0
U008799,安卓,低端,161,3,0
U008800,安卓,中端,419,5,1
U008801,安卓,高端,521,3,0
U008802,安卓,高端,295,8,0
U008803,iOS,高端,620,5,0
U008804,iOS,中端,166,8,0
U008805,安卓,低端,1337,6,0
U008806,安卓,低端,24,4,0
U008807,iOS,高端,158,7,0
U008808,安卓,中端,675,6,0
U008809,iOS,高端,277,9,0
U008810,安卓,低端,90,5,0
U008811,安卓,高端,121,2,0
U008812,安卓,低端,89,7,0
U008813,iOS,中端,171,5,0
U008814,安卓,低端,684,10,0
U008815,安卓,低端,112,3,0
U008816,安卓,低端,281,8,0
U008817,安卓,高端,97,3,1
U008818,安卓,低端,54,6,0
U008819,安卓,中端,607,7,0
U008820,iOS,高端,822,10,0
U008821,安卓,中端,239,3,0
U008822,安卓,低端,210,4,0
U008823,iOS,高端,5426,12,0
U008824,iOS,高端,168,9,0
U008825,iOS,高端,382,9,0
U008826,iOS,低端,105,5,0
U008827,iOS,高端,92,14,0
U008828,安卓,高端,116,5,1
U008829,安卓,低端,392,4,0
U008830,iOS,中端,466,4,0
U008831,iOS,中端,148,6,0
U008832,iOS,中端,474,7,0
U008833,安卓,低端,53,4,0
U008834,安卓,中端,84,7,0
U008835,安卓,中端,209,7,0
U008836,iOS,高端,550,10,0
U008837,iOS,中端,92,6,0
U008838,安卓,低端,227,6,0
U008839,安卓,中端,358,7,0
U008840,安卓,低端,444,5,0
U008841,安卓,高端,491,4,0
U008842,iOS,中端,380,13,0
U008843,iOS,低端,570,7,0
U008844,安卓,低端,750,4,0
U008845,安卓,低端,212,5,0
U008846,安卓,低端,189,5,0
U008847,安卓,低端,124,7,0
U008848,iOS,中端,874,5,0
U008849,安卓,低端,134,3,0
U008850,安卓,低端,802,2,0
U008851,iOS,低端,213,8,1
U008852,安卓,低端,51,3,0
U008853,安卓,低端,329,5,0
U008854,iOS,高端,101,7,0
U008855,安卓,低端,437,7,0
U008856,iOS,低端,426,5,0
U008857,安卓,低端,184,4,0
U008858,iOS,中端,485,4,1
U008859,安卓,低端,310,4,0
U008860,安卓,中端,75,5,0
U008861,安卓,中端,308,3,0
U008862,iOS,中端,793,3,0
U008863,安卓,低端,151,4,0
U008864,安卓,低端,139,8,0
U008865,iOS,中端,143,6,0
U008866,安卓,低端,23,8,1
U008867,iOS,中端,319,10,0
U008868,iOS,低端,851,7,0
U008869,安卓,低端,705,6,0
U008870,安卓,低端,87,3,0
U008871,iOS,中端,768,5,0
U008872,安卓,低端,34,5,0
U008873,iOS,中端,96,4,0
U008874,安卓,中端,35,5,0
U008875,安卓,中端,389,7,0
U008876,安卓,低端,229,6,0
U008877,安卓,低端,156,8,0
U008878,安卓,低端,105,6,0
U008879,iOS,高端,36,3,0
U008880,安卓,中端,145,8,0
U008881,iOS,高端,312,11,0
U008882,安卓,中端,66,5,0
U008883,iOS,中端,796,11,0
U008884,安卓,中端,415,8,0
U008885,安卓,低端,166,3,0
U008886,iOS,中端,2060,6,0
U008887,安卓,高端,336,8,0
U008888,iOS,高端,327,8,0
U008889,安卓,低端,11,4,0
U008890,安卓,中端,186,3,0
U008891,安卓,低端,112,7,0
U008892,安卓,低端,167,6,0
U008893,安卓,高端,191,6,0
U008894,iOS,中端,121,7,0
U008895,iOS,高端,218,10,0
U008896,iOS,中端,294,11,0
U008897,iOS,高端,408,12,1
U008898,iOS,中端,251,9,0
U008899,安卓,中端,224,6,0
U008900,安卓,低端,43,6,0
U008901,安卓,高端,293,6,0
U008902,安卓,中端,683,4,0
U008903,安卓,中端,2758,3,0
U008904,安卓,中端,381,5,0
U008905,iOS,高端,244,9,0
U008906,安卓,中端,389,6,0
U008907,安卓,低端,209,3,1
U008908,iOS,高端,206,9,1
U008909,安卓,中端,594,5,0
U008910,iOS,中端,50,5,0
U008911,安卓,中端,44,8,0
U008912,iOS,中端,141,8,0
U008913,iOS,高端,115,7,0
U008914,iOS,中端,246,5,0
U008915,安卓,中端,1956,6,0
U008916,安卓,中端,118,4,0
U008917,安卓,中端,193,6,0
U008918,安卓,低端,299,4,0
U008919,安卓,高端,46,9,0
U008920,安卓,低端,245,6,0
U008921,iOS,中端,636,7,0
U008922,iOS,中端,367,5,0
U008923,安卓,中端,100,4,0
U008924,iOS,高端,538,6,0
U008925,安卓,低端,92,4,0
U008926,iOS,中端,206,8,0
U008927,安卓,中端,26,3,0
U008928,安卓,中端,453,6,0
U008929,安卓,中端,291,4,0
U008930,iOS,中端,526,6,0
U008931,iOS,高端,140,4,0
U008932,安卓,高端,135,6,0
U008933,安卓,低端,521,5,0
U008934,iOS,中端,440,9,0
U008935,安卓,低端,737,3,0
U008936,iOS,中端,371,7,0
U008937,iOS,中端,200,12,0
U008938,安卓,中端,223,5,0
U008939,安卓,中端,226,4,0
U008940,安卓,高端,139,5,0
U008941,安卓,低端,69,8,1
U008942,iOS,低端,131,9,0
U008943,安卓,中端,150,9,0
U008944,安卓,中端,535,2,0
U008945,安卓,中端,77,9,0
U008946,iOS,高端,736,1,0
U008947,安卓,低端,86,3,0
U008948,iOS,中端,81,6,0
U008949,安卓,中端,454,5,0
U008950,安卓,低端,529,4,0
U008951,安卓,低端,676,8,0
U008952,安卓,中端,385,7,0
U008953,iOS,中端,245,11,0
U008954,安卓,低端,150,4,0
U008955,iOS,中端,81,8,0
U008956,iOS,中端,250,4,0
U008957,iOS,高端,259,4,0
U008958,iOS,中端,1243,12,0
U008959,iOS,高端,729,5,0
U008960,安卓,中端,48,6,0
U008961,安卓,中端,2375,3,0
U008962,安卓,低端,297,6,0
U008963,安卓,中端,221,8,0
U008964,安卓,低端,116,4,0
U008965,安卓,低端,230,4,0
U008966,iOS,高端,2159,13,0
U008967,安卓,中端,349,8,0
U008968,iOS,低端,397,8,0
U008969,安卓,低端,81,4,0
U008970,安卓,中端,18261,7,0
U008971,iOS,中端,39,9,0
U008972,安卓,高端,446,7,0
U008973,安卓,中端,300,4,0
U008974,iOS,中端,201,6,1
U008975,安卓,中端,969,9,0
U008976,安卓,低端,166,4,0
U008977,安卓,中端,161,7,0
U008978,安卓,低端,1641,6,0
U008979,安卓,中端,1385,4,0
U008980,iOS,中端,174,10,0
U008981,安卓,中端,647,8,0
U008982,安卓,高端,2841,3,0
U008983,iOS,中端,664,13,0
U008984,安卓,高端,809,5,0
U008985,安卓,中端,102,5,0
U008986,安卓,中端,324,7,0
U008987,安卓,低端,87,5,0
U008988,安卓,中端,530,4,0
U008989,iOS,中端,204,9,0
U008990,安卓,中端,484,5,0
U008991,安卓,中端,10,4,0
U008992,安卓,中端,114,5,0
U008993,iOS,中端,208,5,0
U008994,安卓,低端,275,7,0
U008995,安卓,低端,573,5,0
U008996,安卓,中端,52,6,1
U008997,iOS,中端,201,11,0
U008998,安卓,低端,121,5,0
U008999,安卓,低端,193,1,0
U009000,安卓,中端,933,6,0
U009001,安卓,中端,590,4,0
U009002,iOS,高端,351,16,0
U009003,安卓,中端,614,6,0
U009004,安卓,中端,423,8,0
U009005,iOS,中端,1416,7,0
U009006,安卓,低端,32,6,0
U009007,安卓,中端,201,3,0
U009008,安卓,低端,905,5,0
U009009,iOS,高端,358,11,0
U009010,iOS,中端,1491,13,0
U009011,安卓,高端,97,4,0
U009012,iOS,中端,238,9,0
U009013,iOS,高端,195,7,0
U009014,安卓,低端,1550,9,0
U009015,安卓,中端,261,5,0
U009016,安卓,低端,16,3,0
U009017,iOS,高端,120,10,0
U009018,安卓,低端,657,2,1
U009019,安卓,高端,209,7,0
U009020,安卓,高端,34,3,0
U009021,iOS,中端,395,8,0
U009022,安卓,高端,354,6,0
U009023,安卓,高端,40,5,0
U009024,iOS,中端,176,5,0
U009025,安卓,中端,370,10,0
U009026,安卓,中端,295,5,0
U009027,iOS,高端,536,6,0
U009028,安卓,中端,149,5,0
U009029,iOS,中端,130,7,0
U009030,安卓,低端,50,7,0
U009031,iOS,中端,169,4,0
U009032,安卓,低端,314,5,0
U009033,iOS,高端,150,7,0
U009034,安卓,高端,2862,6,0
U009035,安卓,中端,443,9,0
U009036,安卓,中端,1422,5,0
U009037,iOS,高端,54,8,0
U009038,安卓,中端,45,5,0
U009039,安卓,中端,104,5,0
U009040,安卓,中端,69,2,0
U009041,iOS,高端,293,10,0
U009042,安卓,中端,177,4,0
U009043,安卓,中端,162,8,0
U009044,安卓,低端,1034,6,0
U009045,iOS,高端,828,9,0
U009046,安卓,中端,100,3,0
U009047,iOS,高端,621,8,0
U009048,安卓,中端,157,10,0
U009049,安卓,中端,32,5,0
U009050,iOS,高端,262,10,0
U009051,iOS,中端,561,11,0
U009052,安卓,低端,55,5,0
U009053,安卓,高端,219,5,0
U009054,安卓,中端,31,4,0
U009055,安卓,中端,315,3,0
U009056,安卓,中端,144,4,0
U009057,安卓,低端,1776,8,0
U009058,iOS,中端,87,6,0
U009059,安卓,低端,77,3,0
U009060,安卓,低端,2014,6,0
U009061,安卓,中端,76,7,0
U009062,iOS,低端,88,10,0
U009063,安卓,中端,75,5,0
U009064,iOS,高端,139,13,0
U009065,安卓,低端,19,9,0
U009066,iOS,中端,91,8,0
U009067,安卓,中端,26,9,0
U009068,安卓,中端,156,5,1
U009069,安卓,高端,294,8,0
U009070,iOS,中端,122,4,0
U009071,安卓,低端,127,7,0
U009072,iOS,高端,1770,8,0
U009073,iOS,中端,783,6,0
U009074,安卓,中端,14000,9,0
U009075,安卓,低端,261,8,0
U009076,iOS,低端,82,6,0
U009077,安卓,中端,375,4,0
U009078,安卓,低端,189,8,0
U009079,安卓,中端,484,6,0
U009080,iOS,中端,218,3,0
U009081,安卓,中端,321,6,0
U009082,安卓,低端,235000,6,0
U009083,安卓,低端,780,4,0
U009084,iOS,低端,61,10,0
U009085,iOS,中端,31,6,0
U009086,安卓,中端,62,6,0
U009087,安卓,中端,12,4,0
U009088,安卓,中端,504,4,0
U009089,iOS,中端,163,5,0
U009090,安卓,中端,700,6,0
U009091,安卓,高端,130,9,0
U009092,安卓,低端,111,4,0
U009093,安卓,低端,7,3,0
U009094,安卓,中端,44,4,0
U009095,安卓,低端,115,4,0
U009096,安卓,低端,26,9,0
U009097,iOS,中端,300,11,0
U009098,iOS,中端,538,11,0
U009099,安卓,中端,37,6,0
U009100,安卓,低端,185,5,1
U009101,安卓,低端,112,2,0
U009102,安卓,中端,320,4,0
U009103,安卓,中端,40,7,0
U009104,安卓,中端,82,4,0
U009105,安卓,低端,117,6,0
U009106,安卓,低端,73,3,0
U009107,安卓,低端,562,2,0
U009108,安卓,低端,56,4,0
U009109,安卓,中端,32,8,0
U009110,iOS,中端,510,6,0
U009111,安卓,低端,306,3,0
U009112,安卓,高端,100,10,0
U009113,iOS,中端,355,12,0
U009114,iOS,中端,137,4,0
U009115,安卓,低端,353,8,0
U009116,安卓,中端,215,4,0
U009117,iOS,中端,233,13,0
U009118,安卓,低端,77,5,0
U009119,安卓,低端,657,4,0
U009120,安卓,中端,586,7,0
U009121,安卓,低端,157,4,0
U009122,iOS,中端,592,9,0
U009123,安卓,中端,437,7,0
U009124,安卓,高端,490,8,0
U009125,安卓,中端,642,5,0
U009126,iOS,中端,414,4,0
U009127,iOS,中端,1821,10,0
U009128,安卓,低端,89,8,0
U009129,安卓,高端,302,8,0
U009130,安卓,高端,153,7,0
U009131,安卓,中端,215,9,0
U009132,安卓,高端,266,5,0
U009133,安卓,低端,155,9,0
U009134,安卓,低端,4576,7,0
U009135,安卓,低端,140,11,0
U009136,安卓,低端,55,4,0
U009137,iOS,中端,185,7,0
U009138,安卓,高端,118,3,0
U009139,安卓,中端,216,5,0
U009140,安卓,低端,172,5,0
U009141,安卓,中端,189,3,0
U009142,安卓,低端,105,7,0
U009143,安卓,低端,1477,6,0
U009144,安卓,低端,33,8,0
U009145,安卓,低端,111,6,0
U009146,iOS,中端,377,4,0
U009147,iOS,高端,553,6,0
U009148,iOS,高端,337,5,0
U009149,安卓,低端,31,5,0
U009150,iOS,高端,145,4,0
U009151,安卓,中端,367,5,0
U009152,安卓,高端,1146,6,0
U009153,iOS,中端,102,5,0
U009154,iOS,低端,545,14,0
U009155,安卓,中端,312,6,0
U009156,安卓,低端,16,6,0
U009157,安卓,低端,21,5,0
U009158,安卓,低端,720,3,0
U009159,iOS,高端,87,6,0
U009160,安卓,中端,417,10,0
U009161,安卓,中端,254,2,0
U009162,安卓,高端,1014,5,0
U009163,iOS,中端,1649,3,0
U009164,安卓,低端,208,2,0
U009165,安卓,中端,98,4,0
U009166,安卓,中端,96,7,0
U009167,安卓,高端,417,8,0
U009168,iOS,高端,122,9,0
U009169,iOS,中端,619,8,0
U009170,安卓,中端,64,8,0
U009171,iOS,中端,455,10,0
U009172,安卓,中端,504,9,0
U009173,安卓,中端,383,6,0
U009174,iOS,低端,128,9,0
U009175,安卓,中端,176,2,0
U009176,安卓,低端,115,3,0
U009177,iOS,中端,203,6,0
U009178,iOS,中端,275,7,0
U009179,iOS,中端,545,9,0
U009180,安卓,低端,745,2,0
U009181,安卓,高端,140,6,0
U009182,iOS,高端,498,6,0
U009183,安卓,低端,559,9,0
U009184,安卓,低端,164,8,0
U009185,iOS,中端,222,6,0
U009186,iOS,高端,330,10,0
U009187,安卓,低端,295,7,0
U009188,iOS,中端,420,7,0
U009189,安卓,中端,452,7,0
U009190,安卓,中端,543,5,0
U009191,安卓,低端,62,8,0
U009192,安卓,中端,608,6,0
U009193,iOS,高端,125,9,0
U009194,iOS,中端,142,5,0
U009195,iOS,低端,522,4,0
U009196,安卓,低端,141,8,0
U009197,安卓,低端,68,5,0
U009198,安卓,低端,265,5,0
U009199,安卓,低端,738,6,0
U009200,安卓,中端,113,3,0
U009201,安卓,低端,24,7,0
U009202,安卓,中端,115,7,0
U009203,安卓,低端,907,5,0
U009204,iOS,中端,277,7,0
U009205,安卓,中端,1143,2,0
U009206,安卓,中端,756,5,0
U009207,iOS,中端,7681,7,0
U009208,安卓,中端,48,5,0
U009209,安卓,中端,1145,5,0
U009210,iOS,高端,1892,6,0
U009211,安卓,低端,148,6,0
U009212,安卓,低端,341,8,0
U009213,安卓,低端,251,8,0
U009214,安卓,低端,334,6,0
U009215,安卓,中端,423,6,0
U009216,安卓,中端,281,2,0
U009217,安卓,中端,37,4,0
U009218,安卓,低端,217,7,0
U009219,安卓,低端,350,5,0
U009220,iOS,中端,118,7,0
U009221,安卓,中端,136,5,0
U009222,安卓,高端,139,6,0
U009223,安卓,中端,1082,7,0
U009224,iOS,低端,314,7,1
U009225,iOS,高端,120,7,0
U009226,安卓,中端,111,4,0
U009227,安卓,高端,93,2,0
U009228,安卓,低端,52,9,0
U009229,iOS,高端,421,8,1
U009230,安卓,中端,213,6,0
U009231,安卓,中端,207,3,0
U009232,iOS,中端,590,6,0
U009233,安卓,低端,1032,5,0
U009234,安卓,高端,331,7,0
U009235,安卓,低端,2291,6,0
U009236,安卓,中端,310,4,0
U009237,安卓,中端,129,5,0
U009238,iOS,高端,229,7,0
U009239,iOS,低端,71,9,0
U009240,iOS,中端,1086,8,0
U009241,安卓,低端,191,4,0
U009242,安卓,低端,237,5,0
U009243,安卓,低端,335,10,0
U009244,iOS,中端,914,8,0
U009245,安卓,低端,580,4,0
U009246,安卓,低端,450,5,0
U009247,安卓,低端,99,7,0
U009248,安卓,低端,331,6,0
U009249,安卓,中端,82,2,0
U009250,安卓,低端,5873,7,0
U009251,安卓,中端,2506,7,0
U009252,安卓,高端,563,5,0
U009253,安卓,低端,95,7,0
U009254,安卓,中端,396,2,0
U009255,安卓,低端,275,4,0
U009256,iOS,中端,835,5,0
U009257,iOS,中端,113,7,0
U009258,安卓,低端,335,4,0
U009259,iOS,高端,325,6,0
U009260,安卓,中端,33,7,0
U009261,安卓,中端,67,3,0
U009262,iOS,高端,1322,7,0
U009263,安卓,中端,25,6,0
U009264,安卓,高端,279,4,0
U009265,iOS,中端,466,7,0
U009266,iOS,高端,215,6,0
U009267,iOS,中端,109,7,0
U009268,安卓,高端,25,8,0
U009269,安卓,低端,740,3,0
U009270,安卓,中端,175,4,0
U009271,iOS,低端,62,8,0
U009272,iOS,中端,79,6,0
U009273,安卓,低端,141,2,0
U009274,安卓,低端,85,6,0
U009275,安卓,中端,305,4,0
U009276,安卓,低端,252,5,0
U009277,安卓,中端,11,5,0
U009278,iOS,中端,286,8,1
U009279,安卓,低端,557,6,0
U009280,安卓,低端,229,6,0
U009281,iOS,高端,260,4,0
U009282,安卓,低端,160,6,0
U009283,安卓,高端,33,3,0
U009284,iOS,低端,249,12,0
U009285,安卓,低端,528,5,0
U009286,iOS,中端,45,4,0
U009287,安卓,高端,552,4,0
U009288,iOS,高端,186,7,0
U009289,安卓,低端,675,6,0
U009290,安卓,低端,1204,5,0
U009291,安卓,高端,2220,6,0
U009292,iOS,中端,1828,10,0
U009293,安卓,低端,2145,11,0
U009294,安卓,中端,1605,5,0
U009295,安卓,低端,723,5,1
U009296,安卓,中端,12,5,0
U009297,iOS,高端,33,6,0
U009298,iOS,中端,450,8,0
U009299,iOS,高端,511,9,0
U009300,iOS,中端,491,10,0
U009301,安卓,低端,509,6,0
U009302,iOS,中端,364,12,0
U009303,iOS,中端,99,9,0
U009304,安卓,中端,431,5,0
U009305,iOS,低端,194,9,1
U009306,安卓,中端,418,4,0
U009307,安卓,中端,1539,2,0
U009308,安卓,高端,817,8,0
U009309,安卓,中端,266,7,0
U009310,iOS,高端,435,4,1
U009311,iOS,低端,671,10,0
U009312,安卓,中端,30,5,0
U009313,iOS,中端,163,10,0
U009314,安卓,中端,195,6,0
U009315,安卓,低端,41,7,0
U009316,安卓,中端,391,8,0
U009317,安卓,低端,1026,3,0
U009318,iOS,中端,91,7,0
U009319,安卓,低端,642,5,0
U009320,iOS,高端,2156,6,1
U009321,安卓,低端,975,5,0
U009322,安卓,中端,30,10,0
U009323,安卓,低端,319,6,0
U009324,iOS,中端,266,5,0
U009325,安卓,中端,727,3,0
U009326,安卓,低端,63,7,0
U009327,安卓,低端,236,2,0
U009328,安卓,中端,455,4,0
U009329,安卓,低端,24,4,0
U009330,安卓,中端,1353,3,0
U009331,安卓,低端,186,7,0
U009332,安卓,中端,145,9,0
U009333,iOS,中端,323,4,0
U009334,安卓,中端,205,5,0
U009335,iOS,中端,77,5,0
U009336,iOS,高端,10007,10,0
U009337,安卓,高端,152,7,0
U009338,安卓,低端,69,6,0
U009339,安卓,低端,512,7,0
U009340,安卓,低端,465,3,0
U009341,iOS,高端,37,7,0
U009342,iOS,高端,431,5,0
U009343,安卓,低端,727,3,0
U009344,安卓,中端,1056,7,1
U009345,iOS,中端,941,7,0
U009346,安卓,低端,52,3,0
U009347,安卓,中端,256,5,0
U009348,iOS,中端,442,9,0
U009349,iOS,高端,108,12,0
U009350,安卓,中端,334,8,1
U009351,安卓,中端,81,6,0
U009352,iOS,中端,538,12,0
U009353,安卓,低端,464,4,0
U009354,iOS,中端,1417,10,0
U009355,iOS,低端,64,3,0
U009356,安卓,中端,71,6,0
U009357,安卓,低端,569,6,0
U009358,iOS,高端,101,11,0
U009359,安卓,高端,1659,6,1
U009360,安卓,高端,2123,3,0
U009361,安卓,中端,31,8,0
U009362,iOS,中端,2198,5,0
U009363,安卓,低端,118,3,0
U009364,安卓,中端,18,5,0
U009365,iOS,中端,109,4,0
U009366,安卓,低端,495,8,0
U009367,安卓,中端,71,7,0
U009368,iOS,中端,167,13,0
U009369,安卓,低端,44,8,0
U009370,iOS,中端,182,10,0
U009371,iOS,中端,526,9,0
U009372,iOS,中端,636,6,0
U009373,iOS,低端,277,5,0
U009374,安卓,低端,615,11,0
U009375,安卓,中端,97,13,0
U009376,iOS,中端,42,11,0
U009377,安卓,中端,240,2,0
U009378,安卓,中端,127,3,0
U009379,安卓,中端,57,9,0
U009380,iOS,低端,211,7,0
U009381,安卓,低端,199,5,0
U009382,iOS,高端,425,6,0
U009383,安卓,中端,74,4,0
U009384,安卓,低端,248,8,0
U009385,安卓,低端,10,5,0
U009386,安卓,低端,98,8,0
U009387,安卓,高端,1185,4,0
U009388,安卓,低端,542,6,0
U009389,iOS,高端,2449,9,1
U009390,安卓,低端,271,6,0
U009391,安卓,中端,84,7,0
U009392,安卓,中端,229,4,0
U009393,安卓,低端,57,4,0
U009394,iOS,高端,147,11,0
U009395,安卓,低端,153,1,0
U009396,安卓,低端,24,6,0
U009397,安卓,低端,77,4,0
U009398,iOS,中端,779,5,0
U009399,iOS,中端,154,8,0
U009400,安卓,低端,76,2,0
U009401,安卓,低端,348,7,0
U009402,iOS,中端,1100,4,1
U009403,iOS,低端,90,10,0
U009404,iOS,低端,43,8,1
U009405,安卓,低端,64,8,0
U009406,iOS,中端,136,6,0
U009407,安卓,中端,195,5,0
U009408,iOS,高端,67,4,1
U009409,安卓,中端,311,5,0
U009410,安卓,低端,372,5,1
U009411,iOS,中端,1209,9,0
U009412,iOS,中端,528,4,0
U009413,iOS,高端,526,14,0
U009414,安卓,低端,145,6,0
U009415,安卓,中端,915,6,0
U009416,安卓,中端,369,4,0
U009417,安卓,中端,412,6,0
U009418,iOS,中端,884,5,0
U009419,安卓,高端,1101,8,0
U009420,iOS,中端,344,7,0
U009421,iOS,高端,190,6,0
U009422,安卓,中端,20,4,0
U009423,安卓,中端,148,7,1
U009424,iOS,中端,170,7,0
U009425,安卓,高端,266,8,0
U009426,安卓,中端,108,8,0
U009427,安卓,中端,580,5,0
U009428,安卓,低端,60,5,0
U009429,安卓,中端,44,12,0
U009430,安卓,高端,291,4,0
U009431,iOS,中端,915,8,1
U009432,iOS,低端,385,6,0
U009433,iOS,高端,220,7,0
U009434,安卓,低端,96,7,0
U009435,安卓,低端,40,5,0
U009436,安卓,低端,207,10,0
U009437,安卓,中端,296,5,0
U009438,安卓,低端,64,7,0
U009439,安卓,高端,91,4,0
U009440,iOS,中端,243,7,0
U009441,安卓,中端,1001,4,0
U009442,安卓,中端,709,11,0
U009443,iOS,中端,419,4,0
U009444,安卓,高端,577,6,0
U009445,安卓,高端,216,6,0
U009446,安卓,中端,218,3,0
U009447,iOS,低端,392,7,0
U009448,安卓,低端,200,9,0
U009449,安卓,低端,152,4,0
U009450,安卓,中端,354,3,0
U009451,安卓,中端,62,3,1
U009452,安卓,低端,50,7,0
U009453,安卓,中端,396,3,0
U009454,安卓,高端,28,8,0
U009455,安卓,低端,349,9,0
U009456,iOS,高端,351,6,0
U009457,安卓,低端,49,8,0
U009458,安卓,低端,349,5,0
U009459,iOS,高端,87,4,0
U009460,iOS,高端,597,9,0
U009461,安卓,低端,66,11,0
U009462,iOS,低端,577,9,0
U009463,安卓,低端,257,6,0
U009464,安卓,低端,45,6,0
U009465,iOS,中端,157,5,0
U009466,iOS,中端,166,10,0
U009467,安卓,低端,39,12,0
U009468,iOS,中端,532,9,1
U009469,iOS,低端,168,8,0
U009470,安卓,低端,60,7,0
U009471,安卓,低端,80,5,0
U009472,iOS,中端,311,6,0
U009473,安卓,低端,193,6,0
U009474,安卓,中端,167,7,1
U009475,安卓,低端,223,5,0
U009476,安卓,低端,251,3,1
U009477,安卓,中端,2523,6,0
U009478,安卓,中端,2954,10,0
U009479,iOS,中端,357,9,0
U009480,安卓,中端,184,4,0
U009481,安卓,低端,870,7,0
U009482,安卓,低端,117,7,0
U009483,iOS,中端,555,8,0
U009484,安卓,中端,827,5,0
U009485,安卓,低端,314,5,0
U009486,安卓,低端,141,5,0
U009487,安卓,低端,65,4,0
U009488,iOS,高端,356,9,0
U009489,安卓,中端,202,7,0
U009490,iOS,低端,350,8,0
U009491,安卓,低端,373,2,0
U009492,iOS,中端,244,9,0
U009493,安卓,低端,356,8,0
U009494,安卓,低端,377,5,0
U009495,安卓,中端,316,7,0
U009496,iOS,高端,414,7,0
U009497,安卓,中端,364,5,0
U009498,安卓,高端,305,4,0
U009499,安卓,低端,653,2,0
U009500,安卓,中端,162,5,0
U009501,安卓,低端,496,5,0
U009502,安卓,中端,91,9,0
U009503,安卓,中端,489,2,0
U009504,安卓,中端,1926,6,0
U009505,安卓,低端,459,6,0
U009506,iOS,中端,36,10,0
U009507,安卓,中端,75,5,0
U009508,安卓,高端,763,7,1
U009509,iOS,中端,46,9,0
U009510,安卓,中端,778,10,0
U009511,安卓,低端,46,3,0
U009512,安卓,中端,2667,10,0
U009513,iOS,高端,582,8,0
U009514,iOS,中端,650,5,0
U009515,安卓,低端,943,6,0
U009516,iOS,低端,202,3,0
U009517,安卓,高端,522,6,1
U009518,iOS,高端,92,8,0
U009519,iOS,中端,418,7,0
U009520,安卓,高端,135,6,0
U009521,安卓,高端,103,3,0
U009522,iOS,中端,2136,10,0
U009523,iOS,中端,115,8,0
U009524,安卓,低端,32,8,0
U009525,安卓,中端,101,7,0
U009526,安卓,低端,339,5,0
U009527,安卓,中端,593,8,0
U009528,安卓,低端,834,9,0
U009529,安卓,中端,121,4,0
U009530,安卓,低端,52,6,0
U009531,安卓,中端,280,5,0
U009532,iOS,低端,354,5,0
U009533,iOS,中端,522,11,0
U009534,安卓,低端,354,7,0
U009535,安卓,高端,170,5,0
U009536,安卓,低端,42,2,0
U009537,iOS,中端,288,10,0
U009538,安卓,低端,61,6,0
U009539,安卓,低端,51,3,0
U009540,iOS,高端,508,7,0
U009541,iOS,中端,276,6,0
U009542,iOS,高端,602,4,0
U009543,iOS,高端,859,4,0
U009544,安卓,低端,7281,3,0
U009545,安卓,中端,96,2,0
U009546,安卓,低端,110,3,0
U009547,安卓,低端,26,5,0
U009548,iOS,中端,2344,9,0
U009549,安卓,中端,343,6,0
U009550,安卓,低端,959,3,0
U009551,安卓,低端,98,11,0
U009552,安卓,中端,164,4,0
U009553,安卓,中端,812,4,0
U009554,安卓,中端,1312,5,0
U009555,iOS,中端,54,7,0
U009556,安卓,中端,274,5,0
U009557,iOS,高端,613,2,0
U009558,安卓,中端,987,3,0
U009559,iOS,高端,152,7,1
U009560,iOS,高端,4381,12,0
U009561,iOS,低端,202,8,0
U009562,安卓,低端,170,6,0
U009563,iOS,中端,191,9,0
U009564,iOS,中端,68,5,1
U009565,安卓,中端,153,5,0
U009566,安卓,低端,613,5,0
U009567,安卓,低端,14,5,0
U009568,安卓,中端,193,4,0
U009569,安卓,低端,197,4,0
U009570,安卓,低端,500,7,0
U009571,iOS,高端,280,3,0
U009572,iOS,中端,74,8,1
U009573,安卓,低端,354,6,1
U009574,iOS,低端,58,6,0
U009575,iOS,中端,121,4,1
U009576,安卓,高端,425,7,0
U009577,安卓,低端,531,7,0
U009578,iOS,高端,1013,10,0
U009579,iOS,中端,245,9,0
U009580,安卓,中端,299,6,0
U009581,安卓,低端,555,3,0
U009582,安卓,中端,73,10,0
U009583,安卓,中端,109,5,0
U009584,安卓,低端,198,5,0
U009585,安卓,中端,29,5,0
U009586,iOS,中端,229,5,1
U009587,安卓,低端,250,4,0
U009588,安卓,低端,127,3,0
U009589,安卓,中端,155,6,0
U009590,安卓,中端,156,5,0
U009591,安卓,中端,359,5,0
U009592,安卓,高端,1416,7,0
U009593,安卓,高端,401,9,0
U009594,安卓,高端,92,7,0
U009595,安卓,低端,313,7,0
U009596,安卓,低端,1065,5,1
U009597,iOS,中端,731,12,0
U009598,iOS,高端,423,5,0
U009599,安卓,中端,610,10,0
U009600,安卓,高端,123,8,0
U009601,安卓,高端,131,3,0
U009602,安卓,低端,230,5,0
U009603,安卓,低端,147,6,0
U009604,iOS,高端,183,11,1
U009605,iOS,低端,46,6,0
U009606,iOS,低端,451,12,0
U009607,安卓,高端,86,3,0
U009608,安卓,低端,314,4,0
U009609,安卓,低端,45,3,0
U009610,iOS,中端,721,3,0
U009611,安卓,低端,457,7,0
U009612,安卓,中端,385,11,0
U009613,安卓,低端,57,9,0
U009614,安卓,中端,569,4,0
U009615,安卓,中端,923,3,0
U009616,安卓,中端,643,9,0
U009617,安卓,中端,9819,5,0
U009618,iOS,中端,610,7,0
U009619,安卓,低端,40,4,0
U009620,安卓,中端,310,7,0
U009621,安卓,中端,457,5,0
U009622,安卓,低端,44,3,0
U009623,iOS,中端,1479,7,0
U009624,安卓,中端,144,4,0
U009625,iOS,高端,533,6,0
U009626,安卓,低端,10122,8,0
U009627,iOS,中端,331,8,0
U009628,安卓,低端,25,10,0
U009629,安卓,中端,50,4,0
U009630,安卓,低端,52,2,0
U009631,安卓,低端,219,7,0
U009632,安卓,中端,899,4,0
U009633,安卓,中端,335,6,0
U009634,iOS,中端,141,4,0
U009635,安卓,低端,573,5,0
U009636,安卓,中端,108,5,0
U009637,iOS,中端,873,9,0
U009638,iOS,中端,458,5,0
U009639,安卓,低端,40,5,0
U009640,安卓,高端,164,7,0
U009641,iOS,中端,445,8,0
U009642,iOS,中端,177,5,0
U009643,安卓,中端,23,7,0
U009644,安卓,中端,526,6,0
U009645,安卓,低端,251,7,0
U009646,安卓,中端,82,5,0
U009647,iOS,中端,66,7,0
U009648,iOS,低端,192,9,0
U009649,iOS,高端,1363,5,0
U009650,iOS,高端,220,11,0
U009651,安卓,高端,50,4,0
U009652,安卓,中端,76,4,0
U009653,安卓,中端,260,5,0
U009654,安卓,高端,2388,6,0
U009655,iOS,中端,1422,3,0
U009656,安卓,中端,492,3,0
U009657,iOS,中端,190,3,0
U009658,iOS,中端,1078,6,1
U009659,安卓,中端,963,3,0
U009660,iOS,中端,247,9,0
U009661,安卓,低端,60,6,0
U009662,iOS,低端,108,3,0
U009663,安卓,低端,244,1,0
U009664,iOS,中端,94,7,0
U009665,安卓,高端,29,7,0
U009666,安卓,低端,1115,5,0
U009667,安卓,中端,305,3,0
U009668,安卓,高端,44,7,0
U009669,iOS,中端,1175,6,0
U009670,安卓,中端,783,13,0
U009671,安卓,中端,48,3,0
U009672,安卓,低端,161,5,0
U009673,安卓,低端,10,6,0
U009674,安卓,低端,180,6,0
U009675,安卓,中端,45,10,0
U009676,安卓,低端,48,8,0
U009677,安卓,中端,15,6,0
U009678,安卓,中端,1126,3,0
U009679,iOS,高端,153,3,0
U009680,iOS,高端,827,12,0
U009681,安卓,高端,301,6,0
U009682,安卓,低端,205,3,0
U009683,iOS,高端,147,4,0
U009684,安卓,低端,3284,7,0
U009685,安卓,高端,190,8,0
U009686,安卓,中端,353,7,0
U009687,iOS,低端,878,5,0
U009688,iOS,高端,311,8,0
U009689,iOS,中端,118,8,0
U009690,安卓,低端,634,2,0
U009691,安卓,高端,767,3,0
U009692,iOS,中端,479,4,0
U009693,安卓,低端,181,5,0
U009694,iOS,中端,307,7,0
U009695,iOS,低端,203,9,0
U009696,安卓,低端,128,5,0
U009697,安卓,中端,546,5,0
U009698,安卓,低端,342,5,0
U009699,安卓,中端,83,4,0
U009700,安卓,中端,18,5,0
U009701,安卓,低端,296,5,0
U009702,安卓,中端,2902,14,0
U009703,安卓,低端,316,6,0
U009704,iOS,中端,310,7,0
U009705,安卓,高端,172,6,0
U009706,安卓,低端,38,2,0
U009707,安卓,低端,487,3,0
U009708,安卓,低端,263,7,1
U009709,iOS,高端,41,7,0
U009710,iOS,低端,373,7,0
U009711,安卓,中端,17,5,0
U009712,安卓,中端,604,6,0
U009713,安卓,高端,272,4,0
U009714,安卓,高端,931,5,0
U009715,iOS,中端,24,9,0
U009716,iOS,中端,236,9,0
U009717,安卓,中端,47,3,0
U009718,iOS,中端,80,3,0
U009719,安卓,低端,106,4,0
U009720,iOS,高端,715,6,0
U009721,安卓,低端,183,3,0
U009722,iOS,高端,173,10,0
U009723,安卓,低端,189,3,0
U009724,安卓,低端,22,2,0
U009725,安卓,低端,47,7,0
U009726,安卓,低端,166,6,0
U009727,iOS,中端,471,7,0
U009728,安卓,低端,153,5,0
U009729,安卓,低端,61,4,0
U009730,安卓,低端,74,6,0
U009731,安卓,低端,505,8,0
U009732,iOS,高端,850,8,0
U009733,安卓,中端,107,4,0
U009734,安卓,低端,40,1,0
U009735,iOS,中端,583,5,0
U009736,安卓,高端,127,5,1
U009737,安卓,中端,619,7,0
U009738,iOS,中端,60,8,0
U009739,iOS,中端,1443,8,0
U009740,安卓,高端,295,5,0
U009741,安卓,中端,1171,8,0
U009742,iOS,高端,297,9,0
U009743,iOS,高端,1449,9,0
U009744,iOS,中端,1880,7,0
U009745,iOS,低端,35,9,0
U009746,安卓,中端,135,12,0
U009747,安卓,中端,1466,3,0
U009748,安卓,低端,2030,7,0
U009749,安卓,低端,72,2,0
U009750,安卓,低端,495,5,0
U009751,iOS,高端,1129,4,0
U009752,安卓,中端,28,9,0
U009753,安卓,低端,1971,3,0
U009754,iOS,中端,382,5,0
U009755,iOS,低端,24,10,0
U009756,安卓,低端,75,5,0
U009757,安卓,中端,354,6,0
U009758,iOS,中端,266,7,0
U009759,安卓,低端,255,6,0
U009760,iOS,中端,409,7,0
U009761,安卓,低端,394,5,1
U009762,iOS,高端,236,3,0
U009763,安卓,低端,363,3,0
U009764,iOS,高端,212,11,0
U009765,iOS,中端,169,9,0
U009766,iOS,中端,872,7,0
U009767,安卓,中端,248,5,0
U009768,安卓,低端,105,4,0
U009769,安卓,中端,21,9,0
U009770,安卓,中端,137,6,0
U009771,安卓,中端,201,3,0
U009772,iOS,中端,449,8,1
U009773,iOS,高端,526,3,0
U009774,iOS,低端,582,12,0
U009775,安卓,高端,343,2,0
U009776,iOS,低端,257,10,0
U009777,安卓,中端,138,5,0
U009778,安卓,高端,861,3,1
U009779,iOS,高端,289,8,0
U009780,iOS,中端,166,7,0
U009781,iOS,中端,285,13,0
U009782,安卓,中端,321,9,0
U009783,安卓,中端,86,4,0
U009784,安卓,中端,781,5,0
U009785,安卓,低端,15,6,0
U009786,安卓,中端,307,9,0
U009787,iOS,中端,827,8,0
U009788,安卓,低端,237,5,0
U009789,安卓,低端,3171,5,0
U009790,iOS,中端,670,9,0
U009791,iOS,中端,1692,7,0
U009792,安卓,低端,181,5,0
U009793,安卓,中端,26,6,0
U009794,安卓,中端,174,3,0
U009795,iOS,中端,1307,3,0
U009796,安卓,低端,59,10,0
U009797,安卓,中端,12758,4,0
U009798,iOS,中端,222,7,1
U009799,安卓,中端,672,5,0
U009800,安卓,低端,61,9,0
U009801,iOS,高端,571,7,0
U009802,安卓,中端,44,6,0
U009803,安卓,中端,470,2,0
U009804,安卓,中端,2349,7,0
U009805,iOS,高端,468,6,0
U009806,安卓,高端,868,5,0
U009807,安卓,中端,37,7,0
U009808,安卓,中端,351,3,1
U009809,iOS,低端,27,4,0
U009810,iOS,高端,166,7,0
U009811,iOS,中端,1104,4,0
U009812,安卓,中端,42,6,0
U009813,iOS,中端,626,5,0
U009814,iOS,低端,224,7,0
U009815,iOS,中端,352,3,0
U009816,安卓,低端,474,8,0
U009817,安卓,中端,109,7,1
U009818,安卓,低端,149,6,0
U009819,安卓,低端,709,6,0
U009820,安卓,中端,76,5,0
U009821,安卓,中端,109,4,0
U009822,iOS,高端,1406,5,0
U009823,iOS,中端,171,9,0
U009824,iOS,中端,757,6,0
U009825,安卓,中端,159,7,0
U009826,iOS,中端,338,3,0
U009827,iOS,高端,83,4,0
U009828,安卓,中端,14,9,0
U009829,iOS,低端,148,6,0
U009830,安卓,高端,129,5,0
U009831,iOS,高端,269,5,0
U009832,iOS,高端,539,7,0
U009833,安卓,中端,48,4,0
U009834,iOS,中端,79,7,1
U009835,安卓,高端,50,6,0
U009836,安卓,中端,1460,10,0
U009837,安卓,高端,1198,7,0
U009838,安卓,中端,93,5,0
U009839,安卓,低端,500,8,0
U009840,安卓,高端,140,3,1
U009841,安卓,中端,234,7,0
U009842,iOS,中端,383,3,0
U009843,iOS,中端,160,6,0
U009844,iOS,高端,1948,6,0
U009845,安卓,中端,167,5,0
U009846,安卓,低端,186,4,0
U009847,iOS,中端,86,7,0
U009848,安卓,低端,484,2,0
U009849,iOS,中端,268,5,0
U009850,安卓,低端,57,11,0
U009851,iOS,高端,1529,4,0
U009852,安卓,低端,222,3,0
U009853,安卓,中端,488,5,0
U009854,iOS,高端,232,8,0
U009855,iOS,高端,295,8,0
U009856,iOS,中端,509,6,0
U009857,安卓,低端,79,6,0
U009858,安卓,低端,513,6,0
U009859,iOS,高端,322,11,0
U009860,安卓,中端,44,10,0
U009861,iOS,高端,486,6,0
U009862,安卓,中端,306,10,0
U009863,安卓,高端,132,3,0
U009864,安卓,低端,327,5,0
U009865,安卓,低端,312,5,0
U009866,iOS,中端,121,9,0
U009867,安卓,中端,231,9,0
U009868,iOS,中端,380,8,0
U009869,安卓,高端,60,4,0
U009870,安卓,中端,67,10,0
U009871,安卓,中端,2707,8,0
U009872,安卓,中端,205,7,0
U009873,iOS,高端,899,6,0
U009874,安卓,低端,1574,10,0
U009875,安卓,低端,57,4,0
U009876,安卓,低端,204,5,0
U009877,iOS,中端,1267,5,0
U009878,安卓,高端,97,3,0
U009879,安卓,中端,190,4,0
U009880,安卓,低端,233,6,0
U009881,安卓,低端,204,6,0
U009882,安卓,中端,963,6,0
U009883,安卓,低端,256,7,0
U009884,iOS,中端,624,9,0
U009885,安卓,高端,673,7,0
U009886,安卓,中端,359,7,0
U009887,安卓,中端,30,11,1
U009888,安卓,中端,395,7,0
U009889,安卓,中端,1716,7,0
U009890,iOS,中端,779,8,0
U009891,安卓,低端,18,5,0
U009892,安卓,低端,36,2,0
U009893,安卓,低端,145,11,0
U009894,安卓,高端,2647,3,0
U009895,安卓,中端,452,8,0
U009896,iOS,中端,129,6,0
U009897,安卓,低端,300,5,0
U009898,iOS,高端,1645,5,0
U009899,安卓,低端,640,4,0
U009900,安卓,中端,35,6,0
U009901,iOS,高端,157,8,0
U009902,安卓,中端,202,4,0
U009903,安卓,中端,154,5,0
U009904,安卓,低端,559,7,0
U009905,iOS,高端,194,5,0
U009906,安卓,中端,249,6,0
U009907,安卓,低端,100,4,0
U009908,iOS,中端,84,4,0
U009909,iOS,中端,23,8,0
U009910,安卓,高端,125,9,0
U009911,iOS,高端,717,7,0
U009912,安卓,低端,9,4,0
U009913,安卓,中端,152,3,0
U009914,iOS,低端,248,13,0
U009915,安卓,中端,3510,4,0
U009916,安卓,低端,131,5,0
U009917,安卓,中端,405,2,0
U009918,安卓,中端,709,7,0
U009919,iOS,中端,350,8,0
U009920,安卓,高端,126,5,0
U009921,安卓,低端,114,6,0
U009922,安卓,中端,342,5,1
U009923,iOS,高端,355,5,0
U009924,安卓,中端,525,5,0
U009925,iOS,中端,119,3,0
U009926,安卓,中端,78,2,0
U009927,安卓,低端,276,2,0
U009928,iOS,高端,1806,7,0
U009929,安卓,高端,90,9,0
U009930,iOS,中端,700,8,0
U009931,安卓,中端,241,5,0
U009932,安卓,中端,122,7,0
U009933,安卓,低端,28,10,0
U009934,iOS,中端,1459,6,0
U009935,安卓,中端,44,2,0
U009936,安卓,中端,1242,3,0
U009937,iOS,中端,188,13,0
U009938,安卓,中端,1502,7,0
U009939,安卓,低端,97,9,0
U009940,安卓,中端,135,7,0
U009941,安卓,中端,393,4,0
U009942,安卓,中端,516,4,0
U009943,iOS,中端,132,8,0
U009944,安卓,中端,504,6,0
U009945,安卓,低端,246,7,0
U009946,安卓,中端,413,5,0
U009947,安卓,高端,535,6,0
U009948,安卓,高端,551,6,0
U009949,安卓,中端,142,7,0
U009950,iOS,中端,811,13,0
U009951,安卓,高端,1915,8,0
U009952,安卓,高端,220,4,0
U009953,iOS,中端,460,6,0
U009954,安卓,中端,996,6,0
U009955,iOS,中端,1477,7,1
U009956,安卓,低端,317,3,0
U009957,iOS,中端,150,4,0
U009958,iOS,中端,221,4,0
U009959,安卓,中端,623,8,0
U009960,iOS,高端,1283,6,0
U009961,安卓,高端,1481,5,0
U009962,安卓,低端,333,5,0
U009963,安卓,中端,306,7,0
U009964,安卓,高端,142,3,0
U009965,安卓,低端,56,6,0
U009966,iOS,中端,138,8,0
U009967,安卓,低端,411,3,0
U009968,安卓,低端,383,10,0
U009969,安卓,低端,455,4,0
U009970,iOS,中端,128,4,0
U009971,iOS,中端,1336,6,0
U009972,安卓,中端,521,5,0
U009973,安卓,低端,499,7,0
U009974,安卓,高端,3885,8,0
U009975,安卓,高端,75,4,0
U009976,iOS,中端,150,6,0
U009977,安卓,低端,745,3,0
U009978,安卓,低端,241,7,0
U009979,安卓,中端,41,6,0
U009980,安卓,中端,251,5,0
U009981,安卓,中端,3448,7,1
U009982,iOS,高端,1268,3,0
U009983,安卓,高端,87,4,0
U009984,安卓,中端,1026,5,0
U009985,安卓,中端,1020,8,0
U009986,安卓,中端,464,7,0
U009987,安卓,中端,53,5,0
U009988,安卓,中端,430,3,0
U009989,安卓,中端,11,7,1
U009990,iOS,低端,1199,5,0
U009991,iOS,中端,877,3,0
U009992,安卓,高端,162,4,0
U009993,iOS,中端,692,10,0
U009994,iOS,高端,368,10,0
U009995,安卓,中端,120,6,0
U009996,iOS,中端,228,6,1
U009997,iOS,中端,213,7,0
U009998,安卓,低端,41,3,0
U009999,安卓,低端,70,3,0
U010000,安卓,高端,77,5,0
U010001,安卓,低端,790,1,0
U010002,安卓,低端,36,7,0
U010003,安卓,中端,148,9,0
U010004,安卓,中端,157,2,0
U010005,安卓,中端,636,5,0
U010006,iOS,高端,797,8,0
U010007,安卓,低端,255,4,0
U010008,安卓,中端,29,6,0
U010009,安卓,高端,61,10,0
U010010,iOS,中端,194,2,0
U010011,安卓,高端,1038,6,0
U010012,iOS,高端,492,9,0
U010013,安卓,低端,27,6,0
U010014,安卓,中端,90,5,0
U010015,安卓,中端,227,5,0
U010016,安卓,低端,14,9,0
U010017,iOS,高端,816,9,1
U010018,iOS,中端,644,5,0
U010019,安卓,低端,81,8,0
U010020,安卓,低端,443,7,0
U010021,iOS,中端,126,8,0
U010022,iOS,中端,741,7,0
U010023,安卓,中端,8,3,0
U010024,安卓,低端,125,6,0
U010025,安卓,低端,508,5,0
U010026,iOS,低端,2160,8,0
U010027,安卓,低端,86,4,0
U010028,iOS,低端,45,12,0
U010029,安卓,高端,326,6,0
U010030,安卓,中端,47,11,0
U010031,安卓,高端,124,3,0
U010032,安卓,高端,173,4,1
U010033,iOS,高端,24,7,0
U010034,安卓,低端,9,3,0
U010035,安卓,中端,1216,5,0
U010036,安卓,中端,385,10,0
U010037,安卓,中端,57,7,0
U010038,iOS,中端,1081,3,0
U010039,iOS,高端,1207,5,0
U010040,安卓,低端,20,7,0
U010041,安卓,中端,206,8,0
U010042,iOS,中端,89,6,0
U010043,安卓,低端,19,7,0
U010044,安卓,高端,6644,8,0
U010045,安卓,中端,207,6,0
U010046,安卓,高端,81,8,0
U010047,安卓,低端,9,7,0
U010048,iOS,中端,216,10,0
U010049,安卓,低端,161,5,0
U010050,安卓,中端,59,4,0
U010051,安卓,低端,73,5,0
U010052,安卓,中端,253,4,0
U010053,安卓,低端,3266,5,0
U010054,安卓,中端,185,4,0
U010055,安卓,中端,1908,4,0
U010056,安卓,低端,87,5,0
U010057,安卓,低端,128,6,0
U010058,安卓,低端,722,7,0
U010059,iOS,中端,98,5,0
U010060,iOS,中端,211,6,0
U010061,安卓,低端,59,4,0
U010062,安卓,中端,1702,12,0
U010063,iOS,中端,186,8,0
U010064,安卓,低端,118,8,0
U010065,iOS,中端,861,6,0
U010066,iOS,中端,293,8,0
U010067,安卓,中端,645,2,0
U010068,安卓,低端,289,6,0
U010069,安卓,高端,394,6,0
U010070,iOS,中端,224,12,0
U010071,iOS,中端,450,9,0
U010072,安卓,低端,103,3,0
U010073,安卓,高端,159,8,0
U010074,安卓,中端,214,6,0
U010075,安卓,低端,13,5,0
U010076,安卓,低端,876,5,0
U010077,安卓,中端,800,3,0
U010078,安卓,中端,434,6,0
U010079,安卓,高端,64,2,0
U010080,iOS,中端,421,3,0
U010081,安卓,高端,69,3,0
U010082,iOS,高端,199,11,0
U010083,安卓,低端,41,5,0
U010084,iOS,中端,423,6,0
U010085,安卓,中端,71,3,0
U010086,安卓,中端,150,5,0
U010087,安卓,中端,155,4,0
U010088,安卓,中端,504,6,0
U010089,安卓,低端,108,8,0
U010090,安卓,中端,40,7,0
U010091,安卓,高端,325,7,0
U010092,安卓,高端,15,8,0
U010093,iOS,高端,566,10,0
U010094,安卓,中端,372,3,0
U010095,iOS,中端,252,3,0
U010096,安卓,低端,39,6,0
U010097,安卓,低端,790,6,0
U010098,iOS,低端,226,3,0
U010099,iOS,低端,1006,7,0
U010100,iOS,高端,268,12,1
U010101,iOS,中端,222,8,0
U010102,安卓,低端,24,9,0
U010103,安卓,低端,933,7,0
U010104,安卓,低端,105,5,0
U010105,安卓,中端,1145,6,0
U010106,安卓,中端,593,4,1
U010107,iOS,中端,95,7,0
U010108,安卓,中端,1126,4,0
U010109,安卓,中端,1053,5,0
U010110,安卓,中端,460,6,0
U010111,安卓,低端,674,8,0
U010112,安卓,高端,319,6,0
U010113,安卓,低端,486,3,0
U010114,iOS,低端,1431,11,0
U010115,iOS,中端,177,6,0
U010116,iOS,低端,209,6,0
U010117,iOS,低端,151,10,0
U010118,安卓,中端,123,5,0
U010119,安卓,中端,73,5,0
U010120,安卓,中端,818,6,0
U010121,安卓,低端,176,4,0
U010122,iOS,中端,759,2,0
U010123,安卓,中端,51,10,0
U010124,安卓,低端,52,3,0
U010125,安卓,低端,195,3,0
U010126,安卓,中端,257,6,0
U010127,iOS,高端,767,9,0
U010128,iOS,高端,129,7,0
U010129,安卓,低端,209,6,0
U010130,iOS,中端,216,9,0
U010131,安卓,低端,288,7,0
U010132,安卓,低端,80,4,0
U010133,安卓,低端,47,6,0
U010134,iOS,高端,536,6,0
U010135,安卓,低端,144,2,0
U010136,iOS,中端,393,4,0
U010137,安卓,中端,230,5,0
U010138,iOS,中端,1629,5,0
U010139,安卓,中端,355,4,0
U010140,安卓,中端,108,4,0
U010141,安卓,低端,84,3,0
U010142,安卓,中端,489,8,0
U010143,安卓,中端,57,3,0
U010144,iOS,低端,193,5,0
U010145,安卓,高端,4083,2,0
U010146,iOS,高端,486,4,0
U010147,iOS,高端,314,3,0
U010148,安卓,中端,146,5,0
U010149,iOS,中端,418,12,0
U010150,iOS,低端,538,8,0
U010151,安卓,低端,26,6,0
U010152,安卓,低端,107,6,0
U010153,iOS,中端,46,6,0
U010154,安卓,中端,75,5,0
U010155,安卓,中端,111,5,0
U010156,安卓,中端,5255,4,0
U010157,安卓,中端,329,5,0
U010158,安卓,中端,738,9,0
U010159,安卓,中端,126,8,0
U010160,安卓,高端,142,4,0
U010161,iOS,中端,316,7,0
U010162,安卓,中端,140,5,0
U010163,安卓,低端,278,9,0
U010164,安卓,中端,391,5,1
U010165,安卓,低端,410,10,0
U010166,iOS,中端,119,4,1
U010167,iOS,低端,1389,4,0
U010168,安卓,中端,1873,5,0
U010169,安卓,低端,29,7,0
U010170,安卓,低端,176,6,0
U010171,iOS,中端,156,8,0
U010172,安卓,低端,395,7,0
U010173,安卓,中端,313,3,0
U010174,安卓,低端,34,9,0
U010175,安卓,高端,261,3,0
U010176,安卓,中端,26,7,0
U010177,安卓,中端,533,3,0
U010178,iOS,中端,771,7,0
U010179,安卓,低端,36,7,0
U010180,安卓,中端,224,6,0
U010181,安卓,低端,81,6,0
U010182,安卓,低端,4621,8,0
U010183,iOS,中端,1673,5,0
U010184,安卓,中端,2594,5,0
U010185,安卓,低端,232,3,0
U010186,安卓,低端,423,3,0
U010187,安卓,中端,129,3,0
U010188,iOS,低端,69,14,0
U010189,iOS,中端,1227,9,0
U010190,iOS,中端,318,11,0
U010191,iOS,高端,358,5,0
U010192,安卓,低端,188,8,0
U010193,安卓,高端,977,6,0
U010194,安卓,中端,58,5,0
U010195,安卓,低端,103,7,0
U010196,iOS,中端,391,2,0
U010197,安卓,中端,176,3,0
U010198,iOS,中端,217,7,0
U010199,安卓,低端,1292,6,0
U010200,安卓,低端,4333,7,0
U010201,iOS,中端,332,4,0
U010202,安卓,低端,22,10,0
U010203,iOS,中端,681,8,0
U010204,安卓,高端,220,6,0
U010205,iOS,中端,1623,9,0
U010206,安卓,中端,85,4,0
U010207,安卓,中端,745,8,0
U010208,安卓,高端,418,6,0
U010209,安卓,低端,394,5,0
U010210,iOS,高端,2945,11,0
U010211,安卓,高端,567,6,0
U010212,安卓,低端,118,7,0
U010213,安卓,低端,117,4,0
U010214,安卓,低端,119,5,0
U010215,iOS,中端,631,8,0
U010216,iOS,高端,200,11,0
U010217,iOS,中端,781,4,0
U010218,安卓,高端,137,4,0
U010219,安卓,低端,337,6,0
U010220,iOS,中端,428,9,0
U010221,安卓,中端,304,5,0
U010222,iOS,低端,296,7,0
U010223,安卓,低端,456,4,0
U010224,安卓,低端,115,6,0
U010225,安卓,低端,543,9,0
U010226,安卓,低端,277,5,1
U010227,安卓,中端,67,9,0
U010228,iOS,中端,159,7,0
U010229,iOS,高端,512,4,0
U010230,安卓,低端,283,9,0
U010231,iOS,高端,73,4,0
U010232,安卓,高端,400000,3,0
U010233,iOS,中端,227,7,0
U010234,iOS,中端,546,3,0
U010235,安卓,中端,48,2,0
U010236,iOS,中端,654,7,0
U010237,安卓,中端,141,8,0
U010238,安卓,低端,337,7,0
U010239,安卓,低端,199,3,0
U010240,安卓,中端,851,7,0
U010241,iOS,中端,490,5,0
U010242,安卓,低端,120,3,0
U010243,安卓,中端,69,8,0
U010244,安卓,中端,92,2,0
U010245,安卓,中端,83,3,0
U010246,安卓,高端,109,5,0
U010247,安卓,低端,487,4,0
U010248,iOS,高端,249,13,0
U010249,安卓,高端,283,2,0
U010250,安卓,低端,761,6,0
U010251,安卓,中端,205,6,0
U010252,安卓,低端,172,4,0
U010253,iOS,高端,669,9,0
U010254,iOS,中端,717,4,0
U010255,安卓,中端,609,4,0
U010256,安卓,低端,43,5,0
U010257,安卓,中端,47,3,0
U010258,安卓,中端,734,7,0
U010259,安卓,低端,873,6,0
U010260,iOS,中端,96,9,0
U010261,安卓,中端,314,6,0
U010262,安卓,低端,103,8,0
U010263,安卓,中端,99,8,0
U010264,iOS,中端,1274,7,0
U010265,安卓,低端,228,6,0
U010266,安卓,中端,249,4,1
U010267,安卓,低端,385,3,0
U010268,iOS,高端,416,8,0
U010269,iOS,中端,112,5,0
U010270,iOS,中端,298,7,0
U010271,iOS,低端,149,8,0
U010272,iOS,中端,286,6,0
U010273,安卓,低端,182,5,0
U010274,安卓,低端,1703,4,0
U010275,安卓,高端,60,7,0
U010276,iOS,高端,257,5,0
U010277,iOS,低端,249,5,0
U010278,安卓,中端,457,1,0
U010279,安卓,低端,186,5,0
U010280,iOS,中端,234,4,0
U010281,iOS,中端,846,4,0
U010282,安卓,低端,46,3,0
U010283,iOS,中端,555,4,0
U010284,iOS,低端,778,5,0
U010285,安卓,高端,1190,6,0
U010286,安卓,低端,892,7,0
U010287,iOS,高端,468,8,0
U010288,安卓,高端,54,6,0
U010289,安卓,高端,496,5,0
U010290,安卓,高端,68,6,0
U010291,iOS,中端,115,8,0
U010292,安卓,低端,32,9,0
U010293,安卓,低端,250,6,0
U010294,iOS,低端,583,8,0
U010295,安卓,低端,588,9,0
U010296,安卓,中端,247,6,0
U010297,安卓,低端,101,7,0
U010298,安卓,低端,104,3,1
U010299,安卓,中端,356,4,0
U010300,安卓,中端,607,4,1
U010301,安卓,中端,135,6,0
U010302,iOS,中端,289,10,1
U010303,安卓,中端,210,6,1
U010304,安卓,中端,428,4,0
U010305,iOS,中端,175,7,0
U010306,安卓,低端,44,4,0
U010307,安卓,低端,63,3,0
U010308,安卓,中端,123,3,0
U010309,安卓,中端,130,5,0
U010310,iOS,低端,76,11,0
U010311,安卓,低端,426,4,0
U010312,iOS,低端,143,7,0
U010313,iOS,中端,164,9,0
U010314,安卓,中端,110,4,0
U010315,安卓,高端,2238,7,0
U010316,安卓,低端,182,4,0
U010317,iOS,中端,434,6,0
U010318,安卓,高端,401,3,0
U010319,安卓,中端,433,9,0
U010320,iOS,高端,242,9,0
U010321,安卓,中端,101,8,0
U010322,安卓,中端,77,5,0
U010323,安卓,中端,87,5,0
U010324,iOS,中端,123,7,0
U010325,安卓,中端,374,5,0
U010326,iOS,中端,255,8,0
U010327,安卓,低端,1438,3,0
U010328,安卓,中端,135000,6,0
U010329,iOS,高端,121,9,1
U010330,iOS,中端,503,3,0
U010331,iOS,高端,1929,3,0
U010332,iOS,中端,739,12,0
U010333,iOS,高端,139,5,0
U010334,iOS,中端,970,10,0
U010335,安卓,低端,324,4,0
U010336,iOS,中端,472,11,0
U010337,iOS,中端,661,6,0
U010338,安卓,中端,91,7,0
U010339,iOS,中端,325,6,0
U010340,iOS,中端,130,7,0
U010341,安卓,中端,58,7,0
U010342,iOS,中端,220,8,0
U010343,安卓,中端,184,7,0
U010344,安卓,高端,7481,7,0
U010345,安卓,低端,549,6,0
U010346,安卓,低端,496,3,0
U010347,安卓,中端,257,10,1
U010348,安卓,中端,11809,7,0
U010349,安卓,低端,765,8,1
U010350,安卓,低端,1159,4,0
U010351,安卓,低端,96,3,0
U010352,安卓,低端,338,7,0
U010353,安卓,低端,279,10,1
U010354,iOS,中端,26,15,0
U010355,安卓,低端,69,2,0
U010356,安卓,中端,154,4,0
U010357,安卓,中端,990,6,0
U010358,安卓,中端,110,6,0
U010359,iOS,中端,720,8,0
U010360,安卓,中端,216,4,0
U010361,iOS,中端,233,6,0
U010362,iOS,中端,822,10,0
U010363,安卓,中端,378,5,0
U010364,安卓,低端,6,6,0
U010365,iOS,中端,229,6,0
U010366,安卓,低端,238,6,0
U010367,iOS,中端,835,13,0
U010368,安卓,低端,924,1,0
U010369,iOS,中端,85,4,0
U010370,iOS,中端,435,6,0
U010371,安卓,中端,332,5,0
U010372,iOS,中端,55,8,0
U010373,安卓,低端,51,4,0
U010374,安卓,低端,535,6,0
U010375,iOS,中端,151,6,0
U010376,安卓,低端,27,5,0
U010377,安卓,低端,181,7,0
U010378,iOS,高端,356,3,0
U010379,iOS,高端,1069,6,0
U010380,安卓,高端,662,7,0
U010381,安卓,低端,64,8,0
U010382,安卓,高端,968,5,0
U010383,安卓,低端,81,3,0
U010384,安卓,低端,10,10,0
U010385,安卓,中端,2487,2,0
U010386,安卓,中端,602,6,0
U010387,iOS,中端,126,13,0
U010388,安卓,低端,163,4,0
U010389,安卓,中端,188,6,0
U010390,安卓,高端,1039,10,0
U010391,安卓,中端,285,5,0
U010392,iOS,低端,29,9,0
U010393,安卓,低端,43,2,0
U010394,安卓,低端,175,5,0
U010395,安卓,高端,1403,7,0
U010396,安卓,中端,623,4,0
U010397,iOS,高端,296,6,0
U010398,iOS,中端,57,9,0
U010399,安卓,中端,27,6,0
U010400,iOS,中端,207,8,0
U010401,iOS,中端,311,11,0
U010402,安卓,中端,453,8,0
U010403,安卓,低端,47,5,0
U010404,安卓,中端,95,8,0
U010405,安卓,中端,17,9,0
U010406,安卓,低端,1285,6,0
U010407,安卓,低端,61,12,0
U010408,iOS,中端,292,8,0
U010409,安卓,中端,465,8,1
U010410,iOS,低端,506,6,0
U010411,安卓,中端,250,8,0
U010412,安卓,低端,18,4,0
U010413,安卓,中端,203,6,0
U010414,安卓,高端,272,8,0
U010415,安卓,高端,59,8,0
U010416,安卓,中端,44,5,0
U010417,安卓,低端,48,4,0
U010418,iOS,中端,169,8,0
U010419,iOS,高端,623,7,0
U010420,安卓,低端,328,2,0
U010421,安卓,低端,186,8,0
U010422,安卓,高端,1708,4,0
U010423,安卓,中端,661,8,0
U010424,安卓,中端,72,4,0
U010425,iOS,中端,181,3,0
U010426,安卓,高端,80,6,0
U010427,iOS,低端,114,9,0
U010428,安卓,低端,1189,13,0
U010429,iOS,中端,388,7,0
U010430,安卓,低端,121,7,0
U010431,安卓,低端,155,4,0
U010432,安卓,中端,189,3,0
U010433,安卓,低端,423,5,0
U010434,安卓,低端,50,9,0
U010435,安卓,低端,176,8,0
U010436,安卓,中端,76,6,0
U010437,安卓,低端,72,7,0
U010438,iOS,中端,196,6,0
U010439,安卓,中端,90,4,0
U010440,安卓,低端,36,3,0
U010441,安卓,中端,593,7,0
U010442,iOS,中端,37,12,0
U010443,安卓,中端,128,7,0
U010444,安卓,低端,148,4,0
U010445,iOS,中端,155,9,0
U010446,安卓,低端,53,3,0
U010447,安卓,中端,55,8,0
U010448,安卓,中端,793,5,0
U010449,安卓,低端,4038,4,0
U010450,安卓,中端,32,4,0
U010451,安卓,中端,155,7,0
U010452,安卓,低端,530,6,1
U010453,安卓,低端,17,7,0
U010454,安卓,中端,466,7,0
U010455,iOS,中端,159,7,0
U010456,iOS,低端,697,9,0
U010457,安卓,低端,365,5,0
U010458,安卓,高端,184,4,0
U010459,iOS,中端,114,9,0
U010460,iOS,高端,1242,7,0
U010461,安卓,中端,197,9,0
U010462,安卓,中端,48,10,0
U010463,安卓,低端,262,4,1
U010464,iOS,中端,277,11,0
U010465,iOS,高端,96,7,0
U010466,安卓,低端,1579,4,0
U010467,安卓,中端,677,6,0
U010468,安卓,低端,140,6,0
U010469,iOS,中端,112,6,0
U010470,安卓,中端,1261,6,0
U010471,安卓,低端,255,9,0
U010472,安卓,中端,251,5,0
U010473,安卓,高端,1436,8,1
U010474,安卓,低端,121,5,0
U010475,iOS,低端,187,8,0
U010476,安卓,高端,90,4,0
U010477,安卓,低端,73,4,0
U010478,安卓,低端,559,7,0
U010479,安卓,高端,659,3,0
U010480,安卓,低端,302,4,0
U010481,iOS,中端,125,3,0
U010482,安卓,低端,1494,3,1
U010483,安卓,中端,691,7,0
U010484,安卓,中端,205,3,0
U010485,安卓,低端,146,6,0
U010486,iOS,低端,254,9,0
U010487,iOS,高端,382,12,0
U010488,安卓,中端,17,3,0
U010489,安卓,低端,84,8,0
U010490,iOS,中端,331,9,0
U010491,安卓,高端,2305,1,0
U010492,iOS,高端,195,13,0
U010493,iOS,高端,823,6,0
U010494,iOS,中端,235,7,0
U010495,安卓,中端,451,3,0
U010496,安卓,低端,147,4,0
U010497,iOS,中端,135,7,0
U010498,安卓,中端,436,4,0
U010499,安卓,低端,47,9,0
U010500,安卓,低端,261,13,0
U010501,安卓,中端,97,9,0
U010502,安卓,低端,167,3,0
U010503,iOS,中端,152,10,0
U010504,安卓,低端,45,12,0
U010505,iOS,中端,442,11,0
U010506,安卓,高端,472,11,0
U010507,安卓,中端,77,4,0
U010508,安卓,中端,176,7,0
U010509,安卓,中端,432,10,0
U010510,安卓,中端,223,8,0
U010511,安卓,低端,65,7,0
U010512,iOS,中端,350,5,0
U010513,安卓,低端,234,8,0
U010514,安卓,中端,410,7,0
U010515,安卓,中端,40,6,0
U010516,安卓,中端,373,6,0
U010517,安卓,高端,269,2,0
U010518,安卓,低端,408,6,0
U010519,iOS,低端,45,10,0
U010520,iOS,高端,385,6,0
U010521,安卓,低端,397,6,0
U010522,iOS,中端,315,14,0
U010523,安卓,高端,369,6,0
U010524,安卓,高端,490,6,0
U010525,iOS,中端,696,6,0
U010526,安卓,中端,233,3,0
U010527,iOS,中端,1119,7,0
U010528,iOS,中端,114,5,0
U010529,安卓,高端,880,9,0
U010530,安卓,中端,695,7,0
U010531,iOS,低端,333,8,0
U010532,安卓,低端,547,5,0
U010533,安卓,高端,83,3,0
U010534,安卓,低端,153,4,0
U010535,安卓,中端,133,11,1
U010536,iOS,中端,1057,10,1
U010537,iOS,高端,152,10,0
U010538,安卓,高端,76,5,0
U010539,安卓,中端,241,8,0
U010540,安卓,低端,254,10,0
U010541,iOS,中端,518,3,0
U010542,安卓,低端,318,5,0
U010543,安卓,中端,195,4,0
U010544,安卓,高端,410,7,0
U010545,安卓,中端,187,5,0
U010546,iOS,中端,225,8,0
U010547,iOS,中端,91,6,0
U010548,安卓,低端,37,4,0
U010549,iOS,高端,227,5,0
U010550,安卓,低端,47,3,0
U010551,安卓,高端,143,6,0
U010552,安卓,高端,293,6,0
U010553,安卓,中端,39,5,0
U010554,安卓,低端,399,6,0
U010555,iOS,中端,690,6,0
U010556,iOS,中端,796,4,0
U010557,安卓,高端,1063,11,0
U010558,安卓,低端,274,7,0
U010559,安卓,低端,175,4,0
U010560,安卓,低端,66,5,0
U010561,安卓,低端,184,5,0
U010562,安卓,高端,527,11,0
U010563,安卓,中端,175,5,0
U010564,安卓,低端,1923,11,0
U010565,安卓,低端,199,4,0
U010566,安卓,中端,22,3,0
U010567,安卓,低端,402,8,0
U010568,iOS,中端,127,6,1
U010569,安卓,低端,346,5,0
U010570,安卓,低端,359,4,0
U010571,iOS,中端,376,10,0
U010572,安卓,中端,156,8,0
U010573,iOS,中端,1743,5,0
U010574,iOS,中端,70,2,0
U010575,安卓,高端,380,10,0
U010576,安卓,低端,2283,5,0
U010577,安卓,低端,428,3,0
U010578,安卓,低端,385,6,0
U010579,iOS,低端,59,6,0
U010580,安卓,低端,486,8,0
U010581,安卓,低端,26,5,0
U010582,iOS,高端,949,6,0
U010583,安卓,低端,95,9,0
U010584,安卓,低端,31,2,0
U010585,iOS,中端,263,4,0
U010586,安卓,中端,60,5,0
U010587,iOS,中端,103,3,0
U010588,iOS,低端,239,10,0
U010589,安卓,低端,1987,5,0
U010590,iOS,低端,78,11,0
U010591,iOS,中端,2337,10,0
U010592,安卓,低端,35,3,0
U010593,安卓,中端,1129,4,0
U010594,iOS,中端,738,9,0
U010595,安卓,低端,2332,4,0
U010596,安卓,低端,158,6,0
U010597,安卓,低端,48,2,0
U010598,iOS,高端,329,6,0
U010599,iOS,中端,243,6,0
U010600,iOS,中端,306,8,0
U010601,安卓,低端,642,6,0
U010602,安卓,中端,616,3,0
U010603,安卓,中端,163,6,0
U010604,iOS,中端,97,6,0
U010605,安卓,中端,45,8,0
U010606,iOS,中端,198,8,0
U010607,安卓,中端,429,5,0
U010608,安卓,中端,2918,7,0
U010609,安卓,中端,129,4,0
U010610,iOS,中端,112,9,0
U010611,安卓,低端,616,6,0
U010612,iOS,高端,480,5,0
U010613,安卓,中端,54,12,0
U010614,安卓,高端,269,6,0
U010615,iOS,中端,1059,8,0
U010616,安卓,中端,68,8,0
U010617,iOS,低端,382,9,0
U010618,iOS,高端,605,11,0
U010619,iOS,中端,320,7,0
U010620,安卓,高端,1185,7,0
U010621,安卓,中端,731,4,0
U010622,安卓,低端,1053,2,0
U010623,安卓,低端,66,3,0
U010624,iOS,高端,880,6,0
U010625,安卓,中端,486,6,0
U010626,iOS,中端,199,10,1
U010627,安卓,低端,232,7,0
U010628,安卓,高端,638,3,0
U010629,iOS,中端,253,13,0
U010630,安卓,低端,429,5,0
U010631,安卓,低端,5,14,0
U010632,安卓,低端,136,6,0
U010633,安卓,高端,173,7,0
U010634,iOS,中端,535,2,0
U010635,iOS,高端,526,5,0
U010636,iOS,高端,1067,8,0
U010637,安卓,中端,421,5,0
U010638,iOS,中端,1142,7,0
U010639,安卓,中端,79,5,0
U010640,安卓,低端,437,5,0
U010641,安卓,中端,193,5,0
U010642,iOS,高端,181,9,1
U010643,安卓,高端,171,3,0
U010644,安卓,中端,896,7,0
U010645,安卓,中端,267,2,0
U010646,iOS,中端,247,9,1
U010647,iOS,低端,96,6,0
U010648,安卓,中端,165,7,0
U010649,iOS,高端,330,10,0
U010650,安卓,低端,1278,4,0
U010651,iOS,高端,694,10,0
U010652,iOS,高端,115,7,0
U010653,安卓,中端,131,7,0
U010654,安卓,中端,4024,6,0
U010655,安卓,中端,76,5,0
U010656,iOS,中端,317,3,0
U010657,安卓,低端,477,7,0
U010658,安卓,低端,60,5,0
U010659,iOS,高端,1579,7,0
U010660,iOS,中端,115,6,0
U010661,安卓,低端,54,7,0
U010662,iOS,高端,326,12,0
U010663,安卓,中端,870,5,0
U010664,安卓,中端,184,7,0
U010665,安卓,中端,92,4,0
U010666,安卓,中端,431,4,0
U010667,安卓,中端,41,5,0
U010668,安卓,低端,442,6,0
U010669,安卓,中端,155,9,0
U010670,安卓,中端,68,8,0
U010671,安卓,中端,155,3,0
U010672,安卓,低端,932,6,0
U010673,安卓,低端,205,3,0
U010674,安卓,中端,474,6,0
U010675,iOS,高端,656,14,0
U010676,iOS,高端,220,9,0
U010677,安卓,中端,790,3,0
U010678,安卓,中端,190,8,0
U010679,安卓,低端,328,6,0
U010680,iOS,高端,189,8,0
U010681,安卓,中端,82,5,0
U010682,iOS,高端,660,6,0
U010683,iOS,低端,533,5,0
U010684,安卓,中端,1784,4,0
U010685,iOS,低端,688,8,0
U010686,安卓,中端,575,5,0
U010687,iOS,高端,534,4,0
U010688,iOS,中端,402,9,0
U010689,安卓,低端,118,2,0
U010690,安卓,高端,228,8,0
U010691,安卓,低端,86,4,1
U010692,安卓,中端,186,3,0
U010693,iOS,高端,216,9,0
U010694,安卓,低端,347,10,0
U010695,安卓,中端,616,9,0
U010696,iOS,中端,140,6,1
U010697,iOS,中端,87,7,0
U010698,安卓,低端,46,5,0
U010699,安卓,中端,340,6,1
U010700,安卓,高端,1678,5,0
U010701,安卓,中端,42,3,0
U010702,安卓,低端,240,6,0
U010703,安卓,中端,151,7,0
U010704,安卓,低端,135,6,0
U010705,安卓,低端,88,6,0
U010706,安卓,中端,282,2,0
U010707,安卓,低端,1166,5,0
U010708,iOS,中端,442,1,0
U010709,安卓,中端,147,3,0
U010710,安卓,低端,365,9,0
U010711,iOS,中端,494,8,0
U010712,安卓,高端,45,4,0
U010713,安卓,低端,1254,5,0
U010714,安卓,低端,128,3,0
U010715,iOS,高端,669,8,0
U010716,iOS,高端,902,6,0
U010717,iOS,中端,2606,6,0
U010718,iOS,中端,373,12,0
U010719,iOS,低端,221,5,0
U010720,安卓,高端,725,7,0
U010721,安卓,低端,238,6,0
U010722,iOS,高端,181,4,0
U010723,安卓,中端,152,7,0
U010724,安卓,低端,283,5,0
U010725,安卓,中端,1106,9,0
U010726,iOS,中端,858,11,0
U010727,iOS,低端,150,11,0
U010728,安卓,中端,161,5,0
U010729,安卓,低端,1206,7,0
U010730,安卓,中端,106,7,1
U010731,iOS,低端,136,11,0
U010732,安卓,中端,325,3,0
U010733,安卓,低端,1936,7,0
U010734,安卓,中端,899,8,0
U010735,安卓,中端,143,2,0
U010736,安卓,低端,520,4,0
U010737,安卓,低端,167,6,0
U010738,安卓,低端,578,3,0
U010739,iOS,中端,181,6,0
U010740,iOS,中端,447,11,0
U010741,安卓,中端,277,3,0
U010742,iOS,高端,1011,16,0
U010743,安卓,中端,86,6,0
U010744,安卓,中端,372,6,1
U010745,安卓,低端,696,4,0
U010746,安卓,低端,84,5,0
U010747,iOS,高端,700,5,0
U010748,安卓,低端,158,6,0
U010749,安卓,低端,391,7,0
U010750,iOS,高端,512,8,0
U010751,安卓,高端,163,4,0
U010752,安卓,低端,224,6,0
U010753,安卓,低端,52,6,0
U010754,安卓,低端,708,7,0
U010755,iOS,中端,2222,12,0
U010756,iOS,中端,111,7,0
U010757,iOS,中端,1070,11,0
U010758,安卓,中端,316,5,0
U010759,安卓,中端,207,6,0
U010760,安卓,中端,567,6,0
U010761,iOS,低端,492,6,0
U010762,安卓,低端,467,4,0
U010763,安卓,中端,74,6,0
U010764,安卓,高端,92,4,0
U010765,安卓,低端,168,7,0
U010766,安卓,中端,1259,6,1
U010767,iOS,高端,1243,9,0
U010768,安卓,低端,255,2,0
U010769,安卓,中端,238,9,0
U010770,安卓,低端,77,9,0
U010771,安卓,中端,40,11,1
U010772,安卓,低端,110,5,0
U010773,iOS,中端,1449,10,0
U010774,安卓,中端,240,3,0
U010775,安卓,中端,141,6,1
U010776,iOS,中端,615,11,0
U010777,安卓,中端,792,5,0
U010778,安卓,低端,148,6,0
U010779,iOS,高端,2398,9,0
U010780,安卓,低端,74,6,0
U010781,iOS,高端,179,10,0
U010782,安卓,中端,127,6,0
U010783,安卓,高端,51,5,0
U010784,安卓,中端,272,7,0
U010785,安卓,低端,262,7,0
U010786,安卓,中端,330,5,0
U010787,安卓,高端,482,3,0
U010788,安卓,中端,774,9,0
U010789,安卓,高端,1379,7,0
U010790,安卓,中端,542,3,0
U010791,安卓,中端,217,5,0
U010792,iOS,中端,361,5,0
U010793,安卓,中端,72,8,0
U010794,安卓,高端,305,8,0
U010795,安卓,中端,579,7,0
U010796,安卓,低端,519,5,0
U010797,iOS,高端,802,5,0
U010798,iOS,中端,379,8,0
U010799,安卓,高端,502,11,0
U010800,安卓,低端,128,4,0
U010801,iOS,中端,314,10,0
U010802,安卓,中端,5496,8,0
U010803,安卓,中端,163,8,0
U010804,安卓,低端,255,6,0
U010805,iOS,中端,149,9,0
U010806,iOS,中端,828,8,0
U010807,安卓,中端,397,7,0
U010808,iOS,高端,1253,8,0
U010809,iOS,中端,526,9,0
U010810,安卓,中端,66,5,0
U010811,iOS,低端,409,6,0
U010812,安卓,低端,195,5,0
U010813,安卓,低端,391,6,0
U010814,安卓,低端,204,5,1
U010815,安卓,高端,216,9,0
U010816,安卓,低端,2891,6,0
U010817,安卓,高端,811,3,0
U010818,安卓,低端,51,3,0
U010819,安卓,中端,74,3,0
U010820,iOS,中端,164,7,0
U010821,安卓,中端,45,10,0
U010822,安卓,高端,226,9,0
U010823,iOS,中端,508,12,0
U010824,iOS,中端,290,8,1
U010825,iOS,低端,67,8,0
U010826,安卓,中端,525,7,0
U010827,安卓,中端,600,8,0
U010828,iOS,中端,610,4,0
U010829,安卓,中端,90,8,0
U010830,安卓,中端,145,3,0
U010831,iOS,中端,114,4,0
U010832,iOS,低端,142,8,0
U010833,安卓,低端,367,4,0
U010834,安卓,中端,37,12,0
U010835,安卓,中端,21,6,0
U010836,安卓,中端,111,3,0
U010837,iOS,高端,127,10,0
U010838,iOS,中端,184,7,0
U010839,安卓,低端,148,6,0
U010840,安卓,低端,72,8,0
U010841,安卓,中端,111,2,0
U010842,iOS,中端,1297,12,0
U010843,安卓,低端,67,5,0
U010844,安卓,低端,62,6,0
U010845,安卓,高端,499,9,0
U010846,iOS,中端,557,9,0
U010847,iOS,中端,1518,3,0
U010848,安卓,中端,113,8,0
U010849,安卓,中端,148,6,0
U010850,安卓,低端,70,3,0
U010851,安卓,中端,927,4,0
U010852,安卓,高端,130,7,0
U010853,安卓,低端,8,4,0
U010854,安卓,中端,259,7,0
U010855,安卓,低端,107,5,0
U010856,iOS,中端,200,5,0
U010857,iOS,中端,198,8,0
U010858,安卓,低端,53,8,0
U010859,安卓,中端,145,6,0
U010860,安卓,低端,567,6,0
U010861,iOS,中端,89,9,0
U010862,安卓,中端,359,9,0
U010863,安卓,中端,166,9,1
U010864,安卓,低端,170,3,0
U010865,安卓,高端,281,4,0
U010866,iOS,中端,603,9,0
U010867,安卓,中端,198,7,0
U010868,安卓,中端,89,6,1
U010869,iOS,中端,404,7,0
U010870,iOS,高端,368,6,0
U010871,安卓,中端,361,4,0
U010872,安卓,中端,410,3,0
U010873,安卓,中端,1773,6,0
U010874,安卓,低端,8,4,0
U010875,安卓,低端,228,4,0
U010876,安卓,低端,417,7,0
U010877,安卓,中端,117,5,0
U010878,iOS,低端,940,9,0
U010879,安卓,高端,89,7,0
U010880,安卓,中端,264,9,0
U010881,安卓,高端,85,2,0
U010882,安卓,中端,323,2,0
U010883,安卓,中端,443,6,0
U010884,安卓,中端,653,6,0
U010885,iOS,中端,1452,6,0
U010886,安卓,中端,651,4,0
U010887,安卓,低端,1454,9,0
U010888,安卓,中端,229,7,0
U010889,安卓,低端,152,3,0
U010890,安卓,中端,1529,3,0
U010891,安卓,中端,287,7,0
U010892,iOS,高端,291,9,0
U010893,安卓,中端,225,5,0
U010894,iOS,中端,317,7,0
U010895,安卓,低端,51,4,0
U010896,安卓,低端,43,5,1
U010897,安卓,高端,1295,7,0
U010898,安卓,低端,101,5,0
U010899,iOS,中端,356,9,0
U010900,安卓,低端,966,9,0
U010901,iOS,中端,440,7,0
U010902,iOS,中端,150,7,0
U010903,安卓,中端,46,7,0
U010904,安卓,低端,279,6,0
U010905,安卓,高端,570,6,0
U010906,安卓,中端,620,4,0
U010907,安卓,低端,161,9,1
U010908,安卓,低端,305,5,0
U010909,安卓,高端,557,6,0
U010910,安卓,低端,479,4,0
U010911,安卓,低端,272,4,0
U010912,安卓,高端,673,4,0
U010913,安卓,低端,316,5,0
U010914,安卓,中端,87,6,0
U010915,安卓,低端,101,2,0
U010916,安卓,低端,636,6,0
U010917,安卓,低端,565,4,0
U010918,安卓,高端,280,4,0
U010919,安卓,高端,18,5,0
U010920,iOS,中端,653,10,0
U010921,iOS,低端,135,9,0
U010922,安卓,低端,506,10,0
U010923,iOS,低端,354,13,0
U010924,安卓,低端,175,5,0
U010925,iOS,中端,630,13,0
U010926,安卓,中端,967,9,0
U010927,iOS,中端,750,7,0
U010928,iOS,中端,468,8,0
U010929,安卓,低端,529,7,0
U010930,iOS,中端,389,5,0
U010931,安卓,低端,28,8,0
U010932,安卓,中端,231,7,0
U010933,iOS,中端,1612,6,0
U010934,安卓,中端,382,3,0
U010935,iOS,高端,345,4,1
U010936,安卓,中端,201,4,0
U010937,iOS,高端,130,7,1
U010938,iOS,中端,183,5,0
U010939,安卓,高端,147,6,0
U010940,安卓,低端,928,3,0
U010941,安卓,低端,186,4,1
U010942,iOS,中端,922,8,0
U010943,安卓,中端,359,7,0
U010944,安卓,低端,508,10,0
U010945,安卓,低端,303,4,0
U010946,安卓,高端,338,9,0
U010947,iOS,低端,303,13,0
U010948,iOS,中端,389,7,0
U010949,iOS,中端,256,6,0
U010950,安卓,中端,229,4,0
U010951,iOS,中端,480,9,0
U010952,安卓,中端,260,8,0
U010953,iOS,中端,267,8,0
U010954,iOS,中端,2752,9,0
U010955,iOS,中端,168,5,0
U010956,安卓,中端,162,7,0
U010957,安卓,低端,496,6,1
U010958,安卓,中端,665,4,0
U010959,安卓,中端,472,7,0
U010960,iOS,高端,2198,7,0
U010961,安卓,中端,305,9,0
U010962,安卓,低端,312,3,0
U010963,安卓,中端,715,6,0
U010964,安卓,中端,142,3,0
U010965,安卓,中端,640,4,0
U010966,安卓,中端,32,5,0
U010967,iOS,中端,1357,8,0
U010968,iOS,中端,215,11,0
U010969,安卓,高端,517,10,0
U010970,安卓,中端,558,4,0
U010971,安卓,高端,377,7,0
U010972,安卓,中端,183,4,0
U010973,安卓,低端,459,6,0
U010974,iOS,高端,486,6,0
U010975,安卓,低端,108,3,0
U010976,安卓,低端,699,7,0
U010977,安卓,低端,134,4,0
U010978,iOS,中端,186,8,0
U010979,安卓,低端,9,3,0
U010980,安卓,低端,445,1,0
U010981,iOS,中端,879,7,0
U010982,安卓,低端,75,2,0
U010983,安卓,中端,172,3,0
U010984,iOS,中端,400,6,0
U010985,安卓,中端,803,9,0
U010986,安卓,中端,361,4,0
U010987,安卓,中端,748,8,0
U010988,iOS,中端,220,6,0
U010989,安卓,中端,77,6,0
U010990,安卓,中端,145,5,0
U010991,安卓,中端,304,4,0
U010992,安卓,低端,180,5,0
U010993,iOS,中端,831,4,0
U010994,安卓,低端,539,7,0
U010995,iOS,中端,52,5,0
U010996,iOS,低端,582,6,0
U010997,安卓,高端,3926,3,0
U010998,安卓,中端,106,5,0
U010999,iOS,中端,186,14,0
U011000,安卓,高端,246,4,0
U011001,安卓,中端,469,5,0
U011002,安卓,中端,793,5,0
U011003,安卓,中端,48,5,0
U011004,iOS,中端,59,7,0
U011005,安卓,低端,92,6,0
U011006,iOS,中端,112,7,1
U011007,iOS,高端,393,4,0
U011008,iOS,高端,583,8,0
U011009,安卓,中端,531,5,0
U011010,安卓,低端,232,4,0
U011011,安卓,中端,434,5,0
U011012,安卓,中端,853,8,0
U011013,安卓,中端,82,4,0
U011014,安卓,低端,40,2,0
U011015,安卓,中端,1168,7,0
U011016,iOS,高端,130,6,0
U011017,安卓,中端,767,6,0
U011018,iOS,中端,161,7,0
U011019,iOS,低端,549,4,0
U011020,安卓,低端,171,5,0
U011021,安卓,中端,310,4,0
U011022,iOS,中端,213,9,0
U011023,iOS,高端,279000,6,0
U011024,iOS,高端,1268,9,0
U011025,iOS,中端,511,4,0
U011026,iOS,低端,251,13,1
U011027,iOS,低端,306,8,0
U011028,安卓,中端,78,5,0
U011029,安卓,中端,641,8,0
U011030,安卓,低端,170,3,1
U011031,安卓,低端,60,8,0
U011032,iOS,高端,455,8,0
U011033,iOS,高端,958,9,0
U011034,安卓,低端,744,6,0
U011035,iOS,高端,1100,5,0
U011036,安卓,中端,223,5,0
U011037,安卓,低端,834,4,0
U011038,安卓,低端,104,5,0
U011039,iOS,中端,284,10,0
U011040,iOS,高端,1326,9,0
U011041,安卓,低端,257,4,0
U011042,安卓,低端,110,4,0
U011043,安卓,中端,165,7,0
U011044,安卓,低端,91,4,0
U011045,安卓,中端,193,5,0
U011046,安卓,高端,1397,6,0
U011047,iOS,中端,318,9,0
U011048,安卓,中端,262,5,0
U011049,安卓,中端,2278,6,0
U011050,iOS,中端,458,8,0
U011051,安卓,低端,156,2,0
U011052,安卓,中端,486,1,0
U011053,安卓,中端,651,3,0
U011054,iOS,中端,436,7,1
U011055,安卓,低端,142,3,0
U011056,安卓,低端,1183,6,0
U011057,iOS,中端,425,8,0
U011058,安卓,高端,102,2,0
U011059,安卓,中端,125,9,0
U011060,安卓,中端,112,4,0
U011061,安卓,中端,279,5,0
U011062,iOS,中端,145,10,0
U011063,安卓,中端,95,5,0
U011064,iOS,中端,1474,8,0
U011065,安卓,低端,892,2,0
U011066,安卓,低端,157,8,0
U011067,iOS,高端,1121,5,0
U011068,安卓,低端,81,7,0
U011069,安卓,中端,1270,7,0
U011070,安卓,低端,79,7,0
U011071,安卓,中端,111,8,0
U011072,安卓,中端,315,8,0
U011073,安卓,高端,335,6,0
U011074,安卓,中端,1584,4,0
U011075,iOS,中端,463,5,0
U011076,iOS,低端,182,4,0
U011077,iOS,中端,595,7,0
U011078,iOS,中端,383,8,0
U011079,安卓,低端,62,2,1
U011080,安卓,中端,53,7,1
U011081,安卓,中端,515,4,0
U011082,安卓,低端,38,4,0
U011083,安卓,高端,433,4,0
U011084,iOS,低端,393,5,0
U011085,安卓,高端,2195,6,0
U011086,安卓,中端,379,11,0
U011087,安卓,中端,199,2,0
U011088,安卓,高端,26,7,0
U011089,安卓,高端,244,5,0
U011090,安卓,低端,150,6,0
U011091,iOS,高端,286,11,0
U011092,安卓,低端,568,6,0
U011093,iOS,高端,182,8,0
U011094,安卓,高端,167,5,0
U011095,安卓,低端,573,10,0
U011096,安卓,中端,365,10,0
U011097,安卓,中端,453,4,0
U011098,iOS,高端,203,12,0
U011099,iOS,高端,977,5,1
U011100,安卓,高端,176,4,0
U011101,安卓,低端,88,3,0
U011102,安卓,高端,1743,3,0
U011103,安卓,低端,746,6,0
U011104,iOS,高端,346,10,0
U011105,安卓,中端,76,8,0
U011106,iOS,中端,724,10,1
U011107,安卓,低端,108,9,0
U011108,安卓,低端,252,5,0
U011109,安卓,中端,42,5,0
U011110,安卓,低端,215,6,0
U011111,iOS,低端,232,9,0
U011112,安卓,中端,2030,6,0
U011113,iOS,低端,362,7,0
U011114,安卓,中端,50,7,0
U011115,iOS,高端,617,9,0
U011116,安卓,低端,133,8,1
U011117,安卓,中端,104,7,0
U011118,安卓,高端,19,3,0
U011119,安卓,中端,111,5,0
U011120,安卓,中端,87,9,0
U011121,安卓,低端,62,9,0
U011122,安卓,高端,280,5,0
U011123,安卓,低端,228,4,0
U011124,安卓,中端,274,2,0
U011125,安卓,高端,133,5,0
U011126,iOS,中端,1146,6,0
U011127,安卓,低端,26,9,0
U011128,iOS,中端,49,6,0
U011129,安卓,低端,1113,4,0
U011130,安卓,高端,85,5,0
U011131,iOS,低端,174,7,0
U011132,iOS,高端,174,5,0
U011133,iOS,高端,268,9,0
U011134,安卓,高端,82,3,0
U011135,安卓,中端,264,3,0
U011136,安卓,低端,81,4,0
U011137,安卓,中端,893,4,0
U011138,安卓,中端,137,4,0
U011139,iOS,高端,267,7,0
U011140,安卓,中端,303,7,0
U011141,安卓,低端,18790,5,0
U011142,安卓,低端,625,6,0
U011143,安卓,中端,352,6,1
U011144,iOS,高端,980,4,1
U011145,安卓,中端,236,9,0
U011146,安卓,低端,457,8,0
U011147,安卓,中端,252,5,0
U011148,安卓,低端,626,7,1
U011149,iOS,中端,234,6,0
U011150,iOS,中端,389,4,0
U011151,安卓,中端,96,8,0
U011152,安卓,低端,322,9,0
U011153,安卓,中端,245,13,0
U011154,iOS,中端,258,10,0
U011155,安卓,低端,322,5,0
U011156,安卓,低端,1381,6,0
U011157,iOS,中端,114,5,0
U011158,安卓,低端,103,4,0
U011159,安卓,高端,576,6,0
U011160,安卓,中端,1066,5,0
U011161,安卓,低端,143,6,0
U011162,iOS,中端,82,7,0
U011163,安卓,低端,728,5,0
U011164,安卓,中端,242,4,0
U011165,安卓,中端,83000,7,0
U011166,安卓,低端,432,5,0
U011167,安卓,低端,196,6,0
U011168,iOS,中端,169,8,0
U011169,iOS,中端,955,4,1
U011170,iOS,低端,194,10,0
U011171,iOS,中端,341,9,0
U011172,安卓,中端,20,4,0
U011173,安卓,中端,589,2,0
U011174,iOS,中端,1923,12,1
U011175,iOS,中端,1242,7,1
U011176,iOS,高端,321,8,0
U011177,安卓,中端,326,7,0
U011178,iOS,中端,984,6,0
U011179,安卓,低端,1223,3,0
U011180,安卓,中端,668,9,0
U011181,安卓,中端,999,4,0
U011182,iOS,中端,500,7,0
U011183,iOS,中端,5183,7,0
U011184,安卓,中端,417,3,0
U011185,安卓,中端,1212,1,0
U011186,安卓,低端,502,9,0
U011187,安卓,高端,358,2,0
U011188,安卓,低端,34,2,0
U011189,安卓,中端,399,6,0
U011190,iOS,中端,324,7,0
U011191,安卓,低端,77,5,0
U011192,安卓,中端,159,8,0
U011193,iOS,低端,386,9,0
U011194,安卓,中端,792,3,0
U011195,安卓,低端,61,5,0
U011196,安卓,中端,124,4,0
U011197,安卓,中端,836,5,0
U011198,iOS,中端,100,2,0
U011199,安卓,中端,510,5,0
U011200,iOS,高端,54,9,0
U011201,安卓,低端,110,10,0
U011202,安卓,中端,516,9,0
U011203,iOS,高端,307,5,0
U011204,iOS,中端,339,7,0
U011205,安卓,高端,203,3,0
U011206,安卓,中端,57,11,0
U011207,iOS,中端,36,5,0
U011208,安卓,低端,187,6,0
U011209,安卓,高端,407,3,0
U011210,安卓,高端,539,3,0
U011211,iOS,高端,731,7,0
U011212,安卓,低端,692,7,0
U011213,安卓,中端,142,6,0
U011214,iOS,中端,666,10,0
U011215,安卓,中端,239,5,0
U011216,安卓,低端,176,7,0
U011217,iOS,高端,210,5,0
U011218,安卓,中端,441,6,0
U011219,安卓,低端,567,11,1
U011220,iOS,中端,712,4,0
U011221,iOS,高端,173,10,0
U011222,安卓,高端,9,4,0
U011223,安卓,高端,46,3,0
U011224,安卓,中端,928,4,0
U011225,iOS,中端,468,9,0
U011226,安卓,中端,266,4,0
U011227,iOS,高端,899,5,0
U011228,iOS,中端,240,6,0
U011229,iOS,低端,196,6,0
U011230,安卓,低端,3249,5,0
U011231,安卓,低端,61,11,0
U011232,安卓,低端,383,3,0
U011233,iOS,高端,187,8,0
U011234,安卓,中端,320,6,0
U011235,安卓,低端,67,9,0
U011236,iOS,中端,559,8,0
U011237,安卓,低端,67,5,0
U011238,安卓,中端,2431,5,0
U011239,iOS,高端,920,8,0
U011240,安卓,低端,55,7,0
U011241,安卓,低端,358,4,0
U011242,安卓,低端,151,9,0
U011243,iOS,高端,423,9,0
U011244,安卓,低端,469,4,0
U011245,安卓,高端,434,11,0
U011246,安卓,低端,849,4,0
U011247,安卓,中端,834,11,0
U011248,安卓,高端,319,3,0
U011249,安卓,低端,477,7,0
U011250,安卓,低端,3147,5,0
U011251,安卓,中端,420,5,0
U011252,安卓,中端,984,6,0
U011253,安卓,中端,282,1,0
U011254,安卓,中端,140,7,0
U011255,安卓,低端,100,3,0
U011256,安卓,中端,236,8,0
U011257,安卓,中端,230,2,0
U011258,iOS,中端,113,8,0
U011259,安卓,中端,145,5,0
U011260,iOS,高端,55,4,0
U011261,iOS,中端,72,6,0
U011262,安卓,中端,170,2,0
U011263,安卓,中端,197,11,0
U011264,安卓,低端,63,3,0
U011265,安卓,低端,153,3,0
U011266,安卓,中端,65,5,0
U011267,安卓,低端,94,9,0
U011268,安卓,低端,6289,4,1
U011269,iOS,中端,121,5,0
U011270,iOS,中端,1013,8,0
U011271,安卓,中端,79,5,0
U011272,安卓,高端,317,4,0
U011273,安卓,低端,473,6,0
U011274,安卓,低端,1719,5,0
U011275,iOS,中端,88,6,0
U011276,iOS,中端,759,8,0
U011277,安卓,中端,325,9,0
U011278,安卓,低端,117,11,0
U011279,iOS,中端,253,6,0
U011280,iOS,高端,154,5,0
U011281,安卓,高端,99,5,0
U011282,安卓,高端,723,5,0
U011283,安卓,中端,444,6,0
U011284,安卓,高端,147,4,0
U011285,安卓,低端,970,1,0
U011286,安卓,中端,165,6,0
U011287,安卓,低端,693,8,0
U011288,安卓,低端,528,10,0
U011289,安卓,中端,77,3,0
U011290,安卓,高端,589,8,0
U011291,安卓,中端,723,5,0
U011292,iOS,中端,177,6,0
U011293,iOS,中端,481,13,0
U011294,iOS,中端,477,7,0
U011295,安卓,中端,393,4,0
U011296,iOS,中端,227,9,0
U011297,安卓,低端,804,5,0
U011298,安卓,低端,7703,10,0
U011299,安卓,高端,120,8,0
U011300,安卓,低端,539,7,0
U011301,iOS,中端,663,6,0
U011302,安卓,中端,161,1,0
U011303,安卓,低端,36,5,0
U011304,安卓,中端,234,10,0
U011305,安卓,低端,198,8,0
U011306,iOS,中端,226,7,0
U011307,iOS,中端,505,6,0
U011308,安卓,中端,312,7,0
U011309,安卓,低端,31,9,0
U011310,安卓,高端,157,4,0
U011311,安卓,中端,1599,5,0
U011312,安卓,中端,156,4,0
U011313,iOS,低端,224,6,0
U011314,iOS,低端,846,8,0
U011315,安卓,低端,165,6,0
U011316,iOS,中端,115,9,1
U011317,安卓,中端,920,7,0
U011318,iOS,高端,562,8,0
U011319,iOS,中端,1211,8,0
U011320,安卓,低端,583,5,0
U011321,安卓,低端,253,4,1
U011322,安卓,低端,132,6,0
U011323,iOS,中端,196,4,0
U011324,iOS,高端,1020,6,0
U011325,安卓,低端,95,4,0
U011326,安卓,高端,70,5,0
U011327,安卓,高端,814,8,0
U011328,安卓,低端,874,13,0
U011329,iOS,中端,119,6,0
U011330,iOS,高端,1664,5,0
U011331,iOS,高端,249,8,1
U011332,安卓,低端,354,10,0
U011333,iOS,中端,1431,9,0
U011334,iOS,中端,103,7,0
U011335,iOS,高端,94,5,0
U011336,iOS,中端,440,10,0
U011337,iOS,高端,567,10,0
U011338,安卓,中端,678,4,0
U011339,安卓,中端,212,5,0
U011340,安卓,中端,528,8,0
U011341,iOS,高端,159,5,0
U011342,安卓,中端,662,7,0
U011343,安卓,低端,598,7,0
U011344,安卓,中端,165,4,0
U011345,安卓,低端,356,6,0
U011346,iOS,高端,238,3,0
U011347,安卓,中端,466,6,0
U011348,iOS,高端,365,5,0
U011349,安卓,中端,206,6,0
U011350,安卓,中端,707,8,0
U011351,iOS,高端,1734,5,0
U011352,安卓,低端,44,5,0
U011353,iOS,高端,180,6,0
U011354,安卓,高端,10,5,0
U011355,安卓,中端,797,7,0
U011356,iOS,中端,522,10,0
U011357,安卓,中端,33,5,0
U011358,安卓,高端,186,4,1
U011359,安卓,低端,544,3,0
U011360,iOS,高端,731,5,0
U011361,安卓,中端,530,5,0
U011362,iOS,中端,235,4,0
U011363,安卓,高端,840,5,0
U011364,安卓,中端,116,9,0
U011365,安卓,低端,76,3,0
U011366,iOS,低端,1057,9,0
U011367,安卓,高端,218,7,0
U011368,安卓,低端,191,6,0
U011369,iOS,高端,96,8,0
U011370,iOS,高端,104,9,0
U011371,iOS,中端,133,11,0
U011372,安卓,中端,392,4,0
U011373,安卓,中端,423,7,0
U011374,安卓,低端,788,6,0
U011375,安卓,高端,145,5,0
U011376,安卓,低端,374,3,0
U011377,安卓,低端,157,3,0
U011378,iOS,中端,141,11,0
U011379,安卓,中端,106,2,1
U011380,iOS,低端,81,5,0
U011381,安卓,低端,173,9,1
U011382,安卓,中端,445,5,0
U011383,安卓,低端,4324,5,0
U011384,安卓,高端,162,6,0
U011385,安卓,中端,1063,4,0
U011386,安卓,高端,598,5,0
U011387,安卓,中端,218,7,0
U011388,安卓,中端,165,7,0
U011389,iOS,中端,599,3,1
U011390,iOS,中端,243,8,0
U011391,安卓,中端,2521,8,0
U011392,安卓,中端,3581,6,0
U011393,安卓,中端,196,5,0
U011394,安卓,高端,859,8,0
U011395,安卓,高端,1431,3,0
U011396,安卓,低端,36,6,0
U011397,安卓,低端,321,8,0
U011398,iOS,低端,433,11,0
U011399,安卓,低端,589,4,0
U011400,安卓,中端,2241,7,0
U011401,安卓,中端,889,7,0
U011402,iOS,中端,594,8,1
U011403,安卓,中端,133,3,0
U011404,iOS,中端,237,4,0
U011405,安卓,低端,1791,8,0
U011406,安卓,中端,72,6,0
U011407,安卓,中端,46,3,0
U011408,安卓,中端,54,9,1
U011409,iOS,中端,451,10,0
U011410,安卓,低端,236,8,0
U011411,iOS,中端,2816,10,0
U011412,iOS,中端,56,10,0
U011413,安卓,低端,98,3,0
U011414,安卓,低端,193,2,0
U011415,安卓,低端,566,6,0
U011416,iOS,高端,879,7,0
U011417,安卓,高端,116,9,0
U011418,安卓,低端,54,4,0
U011419,安卓,低端,24,9,0
U011420,iOS,高端,77,6,0
U011421,安卓,高端,495,6,0
U011422,安卓,中端,63,5,0
U011423,安卓,低端,124,7,0
U011424,安卓,中端,41,10,0
U011425,iOS,中端,381,8,0
U011426,iOS,中端,209,6,1
U011427,iOS,高端,262,7,0
U011428,安卓,中端,165,8,0
U011429,安卓,中端,28,3,0
U011430,安卓,中端,42,4,0
U011431,安卓,中端,2705,4,0
U011432,iOS,高端,360,5,0
U011433,iOS,中端,596,5,0
U011434,安卓,低端,188,6,0
U011435,安卓,高端,24,6,0
U011436,iOS,高端,332,8,0
U011437,安卓,中端,61,2,0
U011438,安卓,中端,379,3,0
U011439,安卓,中端,116,3,0
U011440,安卓,中端,123,9,0
U011441,iOS,中端,152,10,0
U011442,iOS,中端,193,5,0
U011443,iOS,中端,812,5,0
U011444,iOS,中端,222,6,0
U011445,iOS,高端,74,3,0
U011446,iOS,高端,1322,10,0
U011447,安卓,高端,1125,5,0
U011448,iOS,高端,172,3,0
U011449,安卓,低端,1174,7,0
U011450,iOS,低端,233,9,0
U011451,安卓,低端,23,3,0
U011452,安卓,中端,99,7,0
U011453,安卓,低端,179,3,0
U011454,安卓,低端,168,6,0
U011455,安卓,高端,182,8,0
U011456,iOS,中端,356,6,0
U011457,iOS,高端,866,8,0
U011458,安卓,中端,89,6,0
U011459,安卓,中端,110,4,0
U011460,iOS,中端,92,10,0
U011461,安卓,中端,117,5,0
U011462,安卓,中端,225,7,0
U011463,安卓,低端,287,4,0
U011464,安卓,中端,680,7,0
U011465,iOS,高端,472,4,0
U011466,安卓,中端,72,9,0
U011467,iOS,高端,510,9,0
U011468,安卓,低端,199,6,0
U011469,iOS,中端,557,7,0
U011470,安卓,低端,291,6,0
U011471,安卓,低端,1400,5,0
U011472,iOS,中端,234,6,0
U011473,安卓,高端,1137,6,0
U011474,iOS,高端,601,8,0
U011475,安卓,低端,72,2,0
U011476,iOS,中端,321,6,0
U011477,安卓,中端,1043,2,0
U011478,安卓,中端,432,4,0
U011479,安卓,低端,15,9,0
U011480,安卓,中端,84,4,1
U011481,安卓,中端,269,1,0
U011482,安卓,中端,208,7,0
U011483,安卓,低端,154,9,0
U011484,iOS,中端,95,7,0
U011485,安卓,高端,335,9,0
U011486,iOS,中端,86,9,1
U011487,安卓,低端,111,1,0
U011488,安卓,低端,1728,4,0
U011489,安卓,中端,146,9,1
U011490,安卓,低端,196,7,0
U011491,安卓,低端,82,5,0
U011492,安卓,低端,72,9,0
U011493,iOS,中端,131,5,0
U011494,iOS,高端,50,6,0
U011495,iOS,中端,586,5,0
U011496,iOS,高端,1089,9,0
U011497,安卓,中端,58,12,0
U011498,安卓,高端,404,6,0
U011499,iOS,中端,315,10,0
U011500,安卓,低端,550,2,0
U011501,安卓,中端,157,5,0
U011502,安卓,低端,390,7,0
U011503,iOS,高端,607,8,0
U011504,iOS,中端,6047,7,0
U011505,安卓,中端,147,11,0
U011506,安卓,高端,782,9,0
U011507,iOS,中端,613,5,0
U011508,安卓,中端,41,10,0
U011509,安卓,中端,718,6,0
U011510,iOS,高端,262,5,0
U011511,安卓,中端,40,5,0
U011512,安卓,中端,220,7,0
U011513,iOS,高端,110,5,0
U011514,安卓,中端,704,7,0
U011515,安卓,低端,110,6,0
U011516,安卓,高端,1238,4,0
U011517,安卓,低端,2994,3,0
U011518,iOS,中端,392,6,0
U011519,安卓,低端,34,3,0
U011520,iOS,高端,478,10,0
U011521,iOS,高端,391,5,0
U011522,安卓,低端,339,6,0
U011523,安卓,低端,422,10,0
U011524,iOS,高端,160,9,0
U011525,iOS,低端,147,8,0
U011526,安卓,中端,764,5,0
U011527,安卓,低端,1108,7,0
U011528,安卓,中端,1978,5,0
U011529,安卓,中端,45,5,0
U011530,安卓,低端,385,10,0
U011531,安卓,中端,63,2,0
U011532,iOS,中端,828,7,0
U011533,安卓,中端,26,5,1
U011534,iOS,中端,386,6,0
U011535,安卓,中端,41,9,0
U011536,iOS,中端,465,6,0
U011537,安卓,低端,649,5,0
U011538,安卓,低端,155,6,0
U011539,iOS,高端,93,6,0
U011540,iOS,中端,635,5,0
U011541,安卓,低端,328,4,0
U011542,安卓,低端,46,4,0
U011543,安卓,中端,440,7,0
U011544,安卓,低端,251,6,1
U011545,安卓,低端,95,7,0
U011546,安卓,高端,239,4,0
U011547,安卓,中端,502,6,0
U011548,安卓,高端,106,7,0
U011549,安卓,中端,81,6,0
U011550,iOS,中端,47,7,0
U011551,安卓,高端,129,7,0
U011552,安卓,中端,120,4,0
U011553,安卓,低端,66,3,0
U011554,安卓,低端,337,4,0
U011555,安卓,中端,113,6,0
U011556,安卓,低端,469,3,0
U011557,安卓,中端,953,3,0
U011558,安卓,低端,29,10,0
U011559,安卓,高端,120,6,0
U011560,iOS,高端,569,7,0
U011561,安卓,低端,33,6,0
U011562,iOS,中端,88,4,0
U011563,安卓,中端,261,7,0
U011564,安卓,高端,256,8,0
U011565,安卓,低端,97,8,0
U011566,安卓,中端,273,5,0
U011567,iOS,中端,550,4,0
U011568,安卓,低端,89,6,0
U011569,iOS,高端,523,10,0
U011570,安卓,高端,169,9,0
U011571,iOS,中端,233,9,0
U011572,iOS,中端,1096,3,0
U011573,安卓,高端,42,6,0
U011574,iOS,高端,678,5,0
U011575,安卓,中端,620,6,0
U011576,安卓,中端,79,6,0
U011577,安卓,低端,204,10,0
U011578,iOS,中端,1553,6,0
U011579,安卓,中端,261,3,0
U011580,安卓,中端,293,5,0
U011581,安卓,低端,1493,5,0
U011582,安卓,高端,45,4,0
U011583,iOS,中端,364,10,0
U011584,安卓,中端,55,3,1
U011585,安卓,中端,780,1,0
U011586,iOS,中端,232,7,0
U011587,iOS,高端,431,6,0
U011588,安卓,低端,108,4,0
U011589,iOS,中端,224,5,0
U011590,iOS,中端,385,9,0
U011591,iOS,中端,22611,10,0
U011592,安卓,中端,211,3,0
U011593,iOS,中端,521,9,0
U011594,iOS,高端,944,6,1
U011595,iOS,中端,270,8,0
U011596,安卓,低端,148,5,0
U011597,安卓,中端,599,4,0
U011598,安卓,高端,257,5,0
U011599,iOS,低端,479,9,0
U011600,安卓,高端,238,3,0
U011601,iOS,中端,94,9,1
U011602,安卓,低端,391,5,0
U011603,安卓,低端,191,10,1
U011604,安卓,中端,417,5,1
U011605,iOS,中端,3057,10,0
U011606,iOS,中端,370,8,0
U011607,安卓,低端,35,3,0
U011608,安卓,低端,249,5,0
U011609,iOS,中端,824,11,0
U011610,安卓,低端,1354,6,0
U011611,iOS,中端,244,6,0
U011612,安卓,中端,42,2,1
U011613,安卓,中端,393,7,0
U011614,安卓,低端,25,4,0
U011615,iOS,高端,197,6,0
U011616,iOS,低端,18,6,0
U011617,安卓,低端,88,7,0
U011618,安卓,低端,240,4,0
U011619,安卓,中端,34,6,0
U011620,iOS,高端,125,8,0
U011621,安卓,中端,225,8,0
U011622,iOS,低端,186,6,0
U011623,安卓,中端,346,7,0
U011624,安卓,低端,2333,5,0
U011625,安卓,低端,235,3,1
U011626,安卓,中端,707,4,0
U011627,iOS,低端,572,8,0
U011628,iOS,中端,239,6,0
U011629,iOS,高端,412,3,0
U011630,安卓,中端,536,7,0
U011631,安卓,中端,451,5,0
U011632,iOS,中端,639,7,0
U011633,安卓,高端,21,8,0
U011634,安卓,低端,82,6,0
U011635,iOS,中端,242,4,0
U011636,iOS,中端,364,7,0
U011637,安卓,中端,1781,9,0
U011638,安卓,高端,291,4,0
U011639,安卓,中端,66,4,0
U011640,安卓,中端,429,8,0
U011641,iOS,中端,129,7,0
U011642,安卓,低端,156,5,0
U011643,安卓,高端,196,5,0
U011644,安卓,低端,143,3,0
U011645,安卓,低端,294,6,0
U011646,安卓,中端,86,5,0
U011647,安卓,中端,882,8,0
U011648,iOS,高端,297,6,0
U011649,安卓,中端,138,12,0
U011650,iOS,中端,130,8,0
U011651,iOS,高端,1385,6,0
U011652,安卓,中端,324,6,0
U011653,安卓,高端,2131,4,0
U011654,iOS,中端,500,11,0
U011655,iOS,中端,23,9,0
U011656,安卓,中端,766,6,1
U011657,安卓,低端,814,4,0
U011658,安卓,中端,86000,2,0
U011659,安卓,中端,344,6,0
U011660,安卓,中端,777,3,0
U011661,安卓,低端,122,5,0
U011662,安卓,低端,223,6,0
U011663,安卓,低端,218,1,0
U011664,iOS,中端,556,9,0
U011665,安卓,高端,1613,3,0
U011666,iOS,高端,1252,5,0
U011667,iOS,中端,1707,4,1
U011668,安卓,高端,1101,8,0
U011669,安卓,高端,401,5,0
U011670,安卓,中端,177,7,0
U011671,iOS,低端,78,7,0
U011672,iOS,中端,368,6,0
U011673,iOS,低端,1060,7,0
U011674,iOS,高端,420,7,0
U011675,iOS,中端,96,7,0
U011676,安卓,低端,78,7,0
U011677,安卓,低端,298,8,0
U011678,安卓,中端,673,6,0
U011679,安卓,低端,334,8,0
U011680,iOS,中端,423,10,0
U011681,安卓,中端,373,3,0
U011682,iOS,中端,159,3,0
U011683,iOS,低端,240,6,0
U011684,安卓,低端,149,5,0
U011685,安卓,中端,582,5,0
U011686,iOS,高端,827,5,0
U011687,iOS,中端,378,3,0
U011688,安卓,中端,339,8,0
U011689,安卓,低端,191,7,0
U011690,安卓,高端,3663,12,0
U011691,安卓,低端,31,6,0
U011692,安卓,低端,199,2,0
U011693,安卓,低端,649,3,0
U011694,安卓,低端,91,3,0
U011695,安卓,低端,343,4,0
U011696,安卓,低端,344,3,0
U011697,安卓,高端,421,7,0
U011698,安卓,低端,190,7,0
U011699,安卓,中端,319,7,0
U011700,iOS,中端,556,12,1
U011701,iOS,中端,209,8,0
U011702,iOS,低端,626,5,0
U011703,iOS,中端,314,8,0
U011704,安卓,低端,388,6,0
U011705,安卓,低端,271,6,1
U011706,安卓,中端,138,2,0
U011707,安卓,中端,850,5,0
U011708,安卓,低端,761,5,0
U011709,安卓,中端,21,4,0
U011710,iOS,高端,534,10,0
U011711,安卓,中端,232,3,0
U011712,安卓,中端,149,3,0
U011713,iOS,中端,1145,9,0
U011714,安卓,中端,338,6,0
U011715,iOS,低端,189,7,0
U011716,安卓,中端,595,5,0
U011717,安卓,低端,121,5,0
U011718,iOS,高端,258,7,0
U011719,安卓,中端,612,6,0
U011720,安卓,高端,92,5,0
U011721,安卓,中端,71,3,0
U011722,iOS,高端,1181,12,0
U011723,安卓,低端,142,6,0
U011724,安卓,中端,207,5,0
U011725,iOS,中端,565,6,0
U011726,安卓,高端,38,3,0
U011727,安卓,中端,241,4,0
U011728,安卓,中端,525,5,0
U011729,安卓,高端,150,6,0
U011730,iOS,中端,1228,9,0
U011731,安卓,中端,578,5,0
U011732,安卓,低端,171,7,0
U011733,安卓,中端,134,9,0
U011734,iOS,中端,213,11,0
U011735,安卓,低端,406,8,0
U011736,iOS,高端,1155,4,0
U011737,iOS,高端,308,9,0
U011738,iOS,中端,172,7,0
U011739,安卓,中端,279,6,0
U011740,安卓,中端,83,4,0
U011741,iOS,中端,1603,9,0
U011742,iOS,中端,198,7,0
U011743,安卓,低端,143,7,0
U011744,安卓,中端,45,7,0
U011745,安卓,低端,84,6,0
U011746,安卓,中端,91,5,0
U011747,安卓,中端,201,6,0
U011748,安卓,中端,138,6,0
U011749,iOS,中端,244,6,0
U011750,安卓,低端,74,4,0
U011751,安卓,低端,211,4,1
U011752,安卓,中端,210,9,0
U011753,安卓,高端,407,9,0
U011754,安卓,低端,374,6,0
U011755,安卓,中端,379,3,0
U011756,安卓,中端,105,6,1
U011757,安卓,中端,86,9,0
U011758,iOS,高端,539,9,0
U011759,安卓,低端,85,5,0
U011760,iOS,高端,571,12,0
U011761,安卓,高端,83,5,0
U011762,安卓,中端,73,4,0
U011763,安卓,低端,80,6,0
U011764,安卓,中端,20,7,0
U011765,iOS,高端,74,6,0
U011766,iOS,中端,1449,10,0
U011767,iOS,中端,879,8,0
U011768,安卓,中端,437,7,0
U011769,安卓,低端,118,11,0
U011770,安卓,低端,269,4,0
U011771,安卓,低端,376,6,0
U011772,安卓,中端,836,5,0
U011773,iOS,中端,438,8,0
U011774,安卓,中端,83,7,0
U011775,安卓,中端,28,7,0
U011776,安卓,中端,64,3,0
U011777,安卓,中端,40,4,0
U011778,iOS,中端,344,4,0
U011779,安卓,低端,358,4,0
U011780,iOS,中端,262,5,0
U011781,安卓,中端,180,5,0
U011782,安卓,低端,111,6,0
U011783,安卓,中端,1161,3,0
U011784,iOS,低端,205,7,0
U011785,安卓,低端,284,7,0
U011786,iOS,中端,151,6,0
U011787,iOS,高端,335,14,0
U011788,安卓,低端,73,3,0
U011789,iOS,中端,116,6,0
U011790,安卓,低端,153,5,0
U011791,安卓,中端,346,6,0
U011792,iOS,高端,192,6,0
U011793,安卓,中端,338,3,0
U011794,安卓,高端,152,9,0
U011795,安卓,低端,672,6,0
U011796,iOS,中端,36,6,0
U011797,安卓,中端,746,9,0
U011798,安卓,低端,602,6,0
U011799,iOS,中端,441,7,0
U011800,iOS,中端,58,8,0
U011801,安卓,低端,230,3,1
U011802,安卓,低端,1713,8,0
U011803,安卓,低端,156,5,0
U011804,iOS,低端,296,5,0
U011805,iOS,中端,664,10,0
U011806,iOS,低端,342,8,0
U011807,iOS,低端,309,10,0
U011808,安卓,低端,254,6,0
U011809,iOS,低端,676,9,0
U011810,安卓,低端,496,4,0
U011811,iOS,高端,809,7,0
U011812,安卓,低端,63,6,0
U011813,iOS,中端,153,8,0
U011814,iOS,中端,450,10,0
U011815,iOS,中端,484,7,0
U011816,安卓,中端,1520,8,0
U011817,安卓,中端,796,5,0
U011818,安卓,中端,190,2,0
U011819,安卓,中端,225,7,0
U011820,iOS,高端,209,6,0
U011821,安卓,中端,47,5,0
U011822,iOS,中端,754,9,0
U011823,安卓,中端,222,2,0
U011824,iOS,高端,374,6,0
U011825,iOS,中端,692,5,0
U011826,安卓,中端,490,8,0
U011827,安卓,中端,155,3,0
U011828,安卓,低端,1245,3,0
U011829,iOS,中端,1513,9,0
U011830,iOS,高端,669,6,0
U011831,安卓,低端,104,8,0
U011832,iOS,高端,259,11,0
U011833,iOS,中端,861,6,0
U011834,安卓,中端,1240,4,0
U011835,iOS,高端,640,12,0
U011836,安卓,中端,48,2,0
U011837,安卓,低端,35,4,0
U011838,安卓,中端,271,6,0
U011839,安卓,中端,337,6,0
U011840,安卓,高端,3466,6,0
U011841,iOS,高端,259,7,0
U011842,安卓,中端,414,5,0
U011843,iOS,高端,156,9,0
U011844,iOS,中端,269,7,0
U011845,安卓,低端,269,14,0
U011846,安卓,中端,34,5,0
U011847,iOS,低端,229,5,0
U011848,安卓,低端,2033,7,0
U011849,安卓,低端,590,5,0
U011850,安卓,中端,1669,2,0
U011851,iOS,中端,456,6,0
U011852,iOS,中端,566,4,0
U011853,安卓,中端,2200,10,0
U011854,安卓,低端,169,7,0
U011855,安卓,低端,272,3,0
U011856,iOS,中端,1455,8,1
U011857,iOS,中端,553,2,0
U011858,安卓,中端,20,5,0
U011859,安卓,中端,107,5,0
U011860,iOS,高端,203,10,0
U011861,安卓,低端,119,7,0
U011862,iOS,中端,212,8,0
U011863,安卓,低端,618,2,0
U011864,安卓,低端,283,5,0
U011865,iOS,高端,623,6,0
U011866,安卓,低端,110,7,0
U011867,安卓,低端,267,4,0
U011868,安卓,低端,485,8,0
U011869,iOS,中端,1273,7,0
U011870,iOS,中端,145,9,0
U011871,安卓,中端,405,7,0
U011872,安卓,中端,77,7,0
U011873,安卓,中端,627,6,0
U011874,安卓,低端,251,3,0
U011875,iOS,高端,193,12,0
U011876,安卓,中端,181,5,0
U011877,安卓,低端,73,3,1
U011878,iOS,中端,1144,8,0
U011879,安卓,低端,25,8,0
U011880,iOS,高端,212,7,0
U011881,iOS,中端,64,8,1
U011882,安卓,中端,398,8,0
U011883,安卓,中端,93,4,0
U011884,安卓,中端,71,6,0
U011885,安卓,高端,62,9,0
U011886,安卓,低端,136,6,0
U011887,安卓,高端,333,5,0
U011888,安卓,中端,164,6,0
U011889,安卓,中端,24,7,0
U011890,安卓,低端,556,3,0
U011891,安卓,中端,272,4,0
U011892,iOS,高端,990,7,0
U011893,安卓,中端,458,8,0
U011894,安卓,低端,211,4,0
U011895,安卓,低端,1915,5,0
U011896,安卓,中端,47,6,0
U011897,安卓,低端,298,5,0
U011898,安卓,低端,130,4,0
U011899,iOS,中端,708,6,0
U011900,iOS,高端,649,4,0
U011901,安卓,中端,60,3,0
U011902,iOS,中端,275,8,0
U011903,安卓,中端,281,7,0
U011904,iOS,中端,388,3,0
U011905,安卓,高端,838,7,1
U011906,安卓,低端,295,5,0
U011907,安卓,低端,231000,4,0
U011908,安卓,中端,447,7,0
U011909,安卓,低端,318,6,1
U011910,iOS,低端,305,6,0
U011911,安卓,中端,89,6,0
U011912,iOS,高端,1140,6,0
U011913,iOS,高端,4434,11,0
U011914,安卓,中端,168,5,0
U011915,安卓,中端,600,4,0
U011916,安卓,低端,189,6,0
U011917,iOS,中端,765,5,0
U011918,安卓,低端,2577,2,0
U011919,安卓,高端,107,1,0
U011920,安卓,中端,352,8,0
U011921,iOS,中端,458,9,0
U011922,安卓,中端,387,5,0
U011923,iOS,低端,395,8,0
U011924,iOS,低端,297,7,0
U011925,安卓,中端,11,7,0
U011926,安卓,中端,515,8,0
U011927,安卓,中端,366,6,0
U011928,安卓,低端,477,5,0
U011929,安卓,低端,528,3,0
U011930,iOS,中端,1607,8,0
U011931,安卓,低端,412,7,0
U011932,安卓,低端,238,6,0
U011933,安卓,中端,2807,8,0
U011934,安卓,低端,140,3,0
U011935,iOS,中端,423,6,0
U011936,iOS,中端,265,11,0
U011937,iOS,中端,1061,9,0
U011938,安卓,高端,267,5,0
U011939,iOS,中端,751,5,0
U011940,安卓,中端,312,2,0
U011941,iOS,中端,516,4,0
U011942,安卓,低端,59,8,0
U011943,安卓,低端,23,5,0
U011944,安卓,低端,47,8,0
U011945,安卓,中端,53,5,0
U011946,安卓,中端,202,5,0
U011947,iOS,中端,475,6,0
U011948,安卓,低端,33,7,0
U011949,安卓,中端,964,5,1
U011950,iOS,高端,325,7,0
U011951,iOS,高端,503,3,0
U011952,iOS,中端,632,8,0
U011953,安卓,低端,94,7,0
U011954,安卓,中端,299,6,0
U011955,安卓,低端,638,5,0
U011956,安卓,低端,608,3,0
U011957,安卓,中端,164,6,0
U011958,安卓,低端,23,4,0
U011959,安卓,低端,260,10,0
U011960,安卓,中端,163,4,0
U011961,iOS,低端,270,7,0
U011962,iOS,低端,240,6,0
U011963,安卓,低端,195,5,0
U011964,iOS,低端,440,6,0
U011965,安卓,高端,3857,9,0
U011966,安卓,低端,146,4,0
U011967,安卓,高端,325,6,0
U011968,安卓,中端,312,8,1
U011969,iOS,中端,421,5,0
U011970,iOS,中端,306,9,0
U011971,iOS,高端,112,1,0
U011972,安卓,低端,82,3,0
U011973,安卓,低端,211,10,0
U011974,安卓,中端,137,6,0
U011975,iOS,中端,348,6,0
U011976,iOS,高端,280,8,0
U011977,iOS,中端,583,8,0
U011978,安卓,低端,727,4,0
U011979,安卓,低端,485,7,0
U011980,安卓,低端,1439,13,0
U011981,iOS,低端,174,10,0
U011982,安卓,中端,341,4,0
U011983,安卓,低端,72,6,0
U011984,安卓,低端,285,5,0
U011985,安卓,低端,1292,4,0
U011986,iOS,高端,737,10,0
U011987,安卓,低端,191,8,1
U011988,安卓,低端,645,5,0
U011989,iOS,中端,374,10,0
U011990,安卓,低端,177,5,0
U011991,安卓,中端,28,8,0
U011992,安卓,中端,71,13,0
U011993,安卓,低端,66,8,0
U011994,安卓,低端,17,2,0
U011995,安卓,低端,548,6,0
U011996,安卓,中端,304,5,0
U011997,安卓,低端,649,5,0
U011998,安卓,中端,55,7,0
U011999,安卓,低端,89,7,0
