代码,公司,层级,产品或IP名称,提及次数,首次出现PDF页,首次上下文,说明
002558,巨人网络,核心,超自然行动组,15,9,元，同比增长182.08%；归属于上市公司股东的净利润 21.44 亿元，同比增长175.96%；扣除非经常性损益后的归属于上市公司股东的净利润22.36 亿元，同比增长177.23%；经 营活动产生的现金流20.72 亿元，较上年同期增长178.93%。主要系公司现象级手游《超自然行动组》持续贡献较高水平收 入，为上半年业绩增长提供重要支撑，“征途”系列、《球球大作战》等成熟产品依托精细化长线运营保持稳定收入。同时， 公司有序推进人工智能技术研发与应用落地，提升研发生产效率。公司具体经营情况如下： 1. 征途全系产品深耕长线运营，品牌生命力持续焕发 报告期内，赛道聚焦《原始征途》《王者征途》等核心产品，战略重心从“以,程序初筛，重点公司产品另行人工复核
002558,巨人网络,核心,球球大作战,6,9,75.96%；扣除非经常性损益后的归属于上市公司股东的净利润22.36 亿元，同比增长177.23%；经 营活动产生的现金流20.72 亿元，较上年同期增长178.93%。主要系公司现象级手游《超自然行动组》持续贡献较高水平收 入，为上半年业绩增长提供重要支撑，“征途”系列、《球球大作战》等成熟产品依托精细化长线运营保持稳定收入。同时， 公司有序推进人工智能技术研发与应用落地，提升研发生产效率。公司具体经营情况如下： 1. 征途全系产品深耕长线运营，品牌生命力持续焕发 报告期内，赛道聚焦《原始征途》《王者征途》等核心产品，战略重心从“以收入增长为核心”转向“收入与留存并 重”，通过两周一小更、一月一大更的内容供给框架,程序初筛，重点公司产品另行人工复核
002558,巨人网络,核心,原始征途,2,9,半年业绩增长提供重要支撑，“征途”系列、《球球大作战》等成熟产品依托精细化长线运营保持稳定收入。同时， 公司有序推进人工智能技术研发与应用落地，提升研发生产效率。公司具体经营情况如下： 1. 征途全系产品深耕长线运营，品牌生命力持续焕发 报告期内，赛道聚焦《原始征途》《王者征途》等核心产品，战略重心从“以收入增长为核心”转向“收入与留存并 重”，通过两周一小更、一月一大更的内容供给框架实现用户留存提升。旗舰产品《原始征途》进入公测第三年，已顺利过 渡至平稳运营期，团队加快长青内容更新节奏，上半年新增用户同比增长3.67%，日均DAU 与上年同期基本持平，核心用 户基本盘扎实。《王者征途》依托微信、抖音、快手等多平台,程序初筛，重点公司产品另行人工复核
002558,巨人网络,核心,名将杀,2,11,10 ===== 第 11 页 ===== 巨人网络集团股份有限公司2026 年半年度报告全文 3. 《球球大作战》《月圆之夜》深化内容生态，《名将杀》精细化打磨初见成效 公司成熟产品《球球大作战》进入以经营提质和核心用户深耕为重点的运营阶段，有序推进产品体验更新与内容运营 协同。该产品的活跃玩家留存率及付费渗透率较第一季度均实现改善，运营效率持续向好，展现出成熟IP 良好的运营韧性。 策略卡牌游戏《月圆之夜》继续优化内容创新与IP 生态建设。报告期内，产品上线了新单机模式《秘宝对决》以及新,程序初筛，重点公司产品另行人工复核
002558,巨人网络,核心,征途,2,5,局将电 子竞技列为第99 个正式体育竞赛项目 公司自主研发的以“征途”命名的多款网络游戏，包括 “征途”系列 指 《征途》、《绿色征途》、《征途怀旧版》及《征途2》 等 “Intellectual Property”的缩写，意即知识产权，基于智 IP,程序初筛，重点公司产品另行人工复核
002558,巨人网络,核心,月圆之夜,2,11,10 ===== 第 11 页 ===== 巨人网络集团股份有限公司2026 年半年度报告全文 3. 《球球大作战》《月圆之夜》深化内容生态，《名将杀》精细化打磨初见成效 公司成熟产品《球球大作战》进入以经营提质和核心用户深耕为重点的运营阶段，有序推进产品体验更新与内容运营 协同。该产品的活跃玩家留存率及付费渗透率较第一季度均实现改善，运营效率持续向好，展现出成熟IP 良好的运营韧性。 策略卡牌游戏《月圆之夜》继续优化内容创新与IP 生态建设。报告期内，产品上线了新单,程序初筛，重点公司产品另行人工复核
002558,巨人网络,核心,王者征途,2,9,提供重要支撑，“征途”系列、《球球大作战》等成熟产品依托精细化长线运营保持稳定收入。同时， 公司有序推进人工智能技术研发与应用落地，提升研发生产效率。公司具体经营情况如下： 1. 征途全系产品深耕长线运营，品牌生命力持续焕发 报告期内，赛道聚焦《原始征途》《王者征途》等核心产品，战略重心从“以收入增长为核心”转向“收入与留存并 重”，通过两周一小更、一月一大更的内容供给框架实现用户留存提升。旗舰产品《原始征途》进入公测第三年，已顺利过 渡至平稳运营期，团队加快长青内容更新节奏，上半年新增用户同比增长3.67%，日均DAU 与上年同期基本持平，核心用 户基本盘扎实。《王者征途》依托微信、抖音、快手等多平台小程序渠道全,程序初筛，重点公司产品另行人工复核
002558,巨人网络,核心,Tomb Busters,1,10,"405 亿次；快手粉丝492 万，相关话题播放量超过1,258 亿 次；小红书粉丝259 万，相关话题浏览量超105 亿，讨论量超8,971 万，用户自传播生态保持繁荣。同时，产品常态化落地 非遗文旅跨界联动、头部代言人运营，拓宽品牌受众边界。 海外发行方面，产品海外版《Tomb Busters》于2026 年5 月27 日正式登陆日本、韩国、美国市场，同步覆盖iOS、安 卓、PC多端，上线首日跻身日本iOS游戏免费榜第3、韩国第7名，全球化实现良好开局。产品已与知名游戏运营商Garena 达成战略合作，计划于2027 年第一季度登陆东南亚、拉美市场，届时有望在海外市场拓展增长空间。",程序初筛，重点公司产品另行人工复核
002558,巨人网络,核心,废柴狐阿桔,1,11,卡牌游戏《月圆之夜》继续优化内容创新与IP 生态建设。报告期内，产品上线了新单机模式《秘宝对决》以及新 联机模式1V1 对战，拓展单机剧情卡牌与多人竞技场景。团队正积极筹备全新的单机经典模式新职业的制作与开发，计划 下半年正式上线。同时，产品开展跨界IP 合作，与《魂器学院》《废柴狐阿桔》等知名IP 联动，丰富游戏内容与用户体验， 扩大产品及IP 的市场影响力。 在研卡牌游戏《名将杀》以新玩法为抓手不断精细化打磨品质。“多人身份局”以月度更新节奏上线，获得玩家积极反 馈；PVE 玩法“千里单骑·无尽模式”上线后参与率与参与频次持续提升，产品已初步形成兼顾竞技与PVE 用户的内容体 系。自第二季度以来，该产品累计注册用户突破100,程序初筛，重点公司产品另行人工复核
002558,巨人网络,核心,征途2,1,5,子竞技列为第99 个正式体育竞赛项目 公司自主研发的以“征途”命名的多款网络游戏，包括 “征途”系列 指 《征途》、《绿色征途》、《征途怀旧版》及《征途2》 等 “Intellectual Property”的缩写，意即知识产权，基于智 IP 指,程序初筛，重点公司产品另行人工复核
002558,巨人网络,核心,征途怀旧版,1,5,子竞技列为第99 个正式体育竞赛项目 公司自主研发的以“征途”命名的多款网络游戏，包括 “征途”系列 指 《征途》、《绿色征途》、《征途怀旧版》及《征途2》 等 “Intellectual Property”的缩写，意即知识产权，基于智 IP 指,程序初筛，重点公司产品另行人工复核
002558,巨人网络,核心,秘宝对决,1,11,营提质和核心用户深耕为重点的运营阶段，有序推进产品体验更新与内容运营 协同。该产品的活跃玩家留存率及付费渗透率较第一季度均实现改善，运营效率持续向好，展现出成熟IP 良好的运营韧性。 策略卡牌游戏《月圆之夜》继续优化内容创新与IP 生态建设。报告期内，产品上线了新单机模式《秘宝对决》以及新 联机模式1V1 对战，拓展单机剧情卡牌与多人竞技场景。团队正积极筹备全新的单机经典模式新职业的制作与开发，计划 下半年正式上线。同时，产品开展跨界IP 合作，与《魂器学院》《废柴狐阿桔》等知名IP 联动，丰富游戏内容与用户体验， 扩大产品及IP 的市场影响力。 在研卡牌游戏《名将杀》以新玩法为抓手不断精细化打磨品质。“多人身份局”以月度,程序初筛，重点公司产品另行人工复核
002558,巨人网络,核心,绿色征途,1,5,子竞技列为第99 个正式体育竞赛项目 公司自主研发的以“征途”命名的多款网络游戏，包括 “征途”系列 指 《征途》、《绿色征途》、《征途怀旧版》及《征途2》 等 “Intellectual Property”的缩写，意即知识产权，基于智 IP,程序初筛，重点公司产品另行人工复核
002558,巨人网络,核心,鬼吹灯,1,10,年4 月30 日正式上线，首发即登顶华为应用市场下载榜，同时包揽华为游戏中心 人气榜、热门榜、预约榜三项榜单首位，在鸿蒙生态渠道取得亮眼表现。 长线内容与商业化运营层面，项目团队不断完善产品玩法矩阵与IP 生态。为迎接2026 年暑期档，《超自然行动组》携 手国民级IP《鬼吹灯》推出联动地图“云南虫谷”，将原著经典探险场景与“摸金”核心玩法深度融合，版本内容在各大社区 及平台收获广泛热度，联动限定皮肤亦有力拉动了商业化表现，助力游戏重返iOS 畅销榜TOP5。同期上线原创微恐玩法 “无限梦境”，凭借独特体验吸引玩家踊跃参与并自发传播，逐步完善微恐玩法矩阵，巩固了产品在“中式微恐”这一垂直 品类中的领先地位。8 月全新商业化皮肤,程序初筛，重点公司产品另行人工复核
002558,巨人网络,核心,魂器学院,1,11,策略卡牌游戏《月圆之夜》继续优化内容创新与IP 生态建设。报告期内，产品上线了新单机模式《秘宝对决》以及新 联机模式1V1 对战，拓展单机剧情卡牌与多人竞技场景。团队正积极筹备全新的单机经典模式新职业的制作与开发，计划 下半年正式上线。同时，产品开展跨界IP 合作，与《魂器学院》《废柴狐阿桔》等知名IP 联动，丰富游戏内容与用户体验， 扩大产品及IP 的市场影响力。 在研卡牌游戏《名将杀》以新玩法为抓手不断精细化打磨品质。“多人身份局”以月度更新节奏上线，获得玩家积极反 馈；PVE 玩法“千里单骑·无尽模式”上线后参与率与参与频次持续提升，产品已初步形成兼顾竞技与PVE 用户的内容体 系。自第二季度以来，该产品累计注册,程序初筛，重点公司产品另行人工复核
002174,游族网络,核心,Infinity Kingdom,7,10,出以“少年” 系列IP 为代表的经典自研卡牌手游《少年三国志》《少年三国志2》《少年三国志：零》《少年西游记》《少年西游记 2》，同时深耕SLG 赛道，打造了《Game of Thrones Winter is Coming》PC（《权力的游戏凛冬将至》PC 版）、 《Infinity Kingdom》（《战火与永恒》）、《三十六计》等长周期产品。报告期内，公司进一步拓展小游戏和海外 SLG 矩阵，上线了《大皇帝H5》和《Zomline Survival》，持续丰富产品布局。在游戏主业之外，公司积极推动人工智 能在游戏研运全链路的应用，以AI 驱动组织变革和效率提升；同步延伸AI 产业链的投资布局；以多元投资构建长期增 长生态。 （,程序初筛，重点公司产品另行人工复核
002174,游族网络,核心,少年三国志,6,10,游族网络股份有限公司2026 年半年度报告全文 第三节管理层讨论与分析 一、报告期内公司从事的主要业务 游族网络是一家专注于网络游戏研发、发行及运营的全球化研运一体的互动娱乐科技公司。公司成功推出以“少年” 系列IP 为代表的经典自研卡牌手游《少年三国志》《少年三国志2》《少年三国志：零》《少年西游记》《少年西游记 2》，同时深耕SLG 赛道，打造了《Game of Thrones Winter is Coming》PC（《权力的游戏凛冬将至》PC 版）、 《Infinity Kingdom》（《战火与永恒》）、《三十六计》等长周期产品。报告期内，公司进一步拓展小游戏和海外 SLG 矩阵，上线了《,程序初筛，重点公司产品另行人工复核
002174,游族网络,核心,少年西游记,6,10,第三节管理层讨论与分析 一、报告期内公司从事的主要业务 游族网络是一家专注于网络游戏研发、发行及运营的全球化研运一体的互动娱乐科技公司。公司成功推出以“少年” 系列IP 为代表的经典自研卡牌手游《少年三国志》《少年三国志2》《少年三国志：零》《少年西游记》《少年西游记 2》，同时深耕SLG 赛道，打造了《Game of Thrones Winter is Coming》PC（《权力的游戏凛冬将至》PC 版）、 《Infinity Kingdom》（《战火与永恒》）、《三十六计》等长周期产品。报告期内，公司进一步拓展小游戏和海外 SLG 矩阵，上线了《大皇帝H5》和《Zomline Survival,程序初筛，重点公司产品另行人工复核
002174,游族网络,核心,绯色回响,6,13,自研 策略卡牌 2020 年11 月 《Infinity Kingdom》 自研 SLG 2021 年1 月 《绯色回响》 自研 数值卡牌 2022 年10 月 《Zomline Survival》 代理 SLG 2026 年6 月 重点已上线产品介绍如下： 《少年三国志》 《少年三国志》是一款公司自研卡,程序初筛，重点公司产品另行人工复核
002174,游族网络,核心,Zomline Survival,5,10,打造了《Game of Thrones Winter is Coming》PC（《权力的游戏凛冬将至》PC 版）、 《Infinity Kingdom》（《战火与永恒》）、《三十六计》等长周期产品。报告期内，公司进一步拓展小游戏和海外 SLG 矩阵，上线了《大皇帝H5》和《Zomline Survival》，持续丰富产品布局。在游戏主业之外，公司积极推动人工智 能在游戏研运全链路的应用，以AI 驱动组织变革和效率提升；同步延伸AI 产业链的投资布局；以多元投资构建长期增 长生态。 （一）半年度回顾 报告期内，公司实现营业收入6.96 亿元，同比增长1.21%，其中海外地区收入达到5.02 亿元，同比增长13.16%， 海外地区,程序初筛，重点公司产品另行人工复核
002174,游族网络,核心,少年三国志2,5,10,限公司2026 年半年度报告全文 第三节管理层讨论与分析 一、报告期内公司从事的主要业务 游族网络是一家专注于网络游戏研发、发行及运营的全球化研运一体的互动娱乐科技公司。公司成功推出以“少年” 系列IP 为代表的经典自研卡牌手游《少年三国志》《少年三国志2》《少年三国志：零》《少年西游记》《少年西游记 2》，同时深耕SLG 赛道，打造了《Game of Thrones Winter is Coming》PC（《权力的游戏凛冬将至》PC 版）、 《Infinity Kingdom》（《战火与永恒》）、《三十六计》等长周期产品。报告期内，公司进一步拓展小游戏和海外 SLG 矩阵，上线了《大皇帝H5》和《,程序初筛，重点公司产品另行人工复核
002174,游族网络,核心,战火与永恒,5,10,典自研卡牌手游《少年三国志》《少年三国志2》《少年三国志：零》《少年西游记》《少年西游记 2》，同时深耕SLG 赛道，打造了《Game of Thrones Winter is Coming》PC（《权力的游戏凛冬将至》PC 版）、 《Infinity Kingdom》（《战火与永恒》）、《三十六计》等长周期产品。报告期内，公司进一步拓展小游戏和海外 SLG 矩阵，上线了《大皇帝H5》和《Zomline Survival》，持续丰富产品布局。在游戏主业之外，公司积极推动人工智 能在游戏研运全链路的应用，以AI 驱动组织变革和效率提升；同步延伸AI 产业链的投资布局；以多元投资构建长期增 长生态。 （一）半年度回顾,程序初筛，重点公司产品另行人工复核
002174,游族网络,核心,Game of Thrones Winter is Coming,4,10,事的主要业务 游族网络是一家专注于网络游戏研发、发行及运营的全球化研运一体的互动娱乐科技公司。公司成功推出以“少年” 系列IP 为代表的经典自研卡牌手游《少年三国志》《少年三国志2》《少年三国志：零》《少年西游记》《少年西游记 2》，同时深耕SLG 赛道，打造了《Game of Thrones Winter is Coming》PC（《权力的游戏凛冬将至》PC 版）、 《Infinity Kingdom》（《战火与永恒》）、《三十六计》等长周期产品。报告期内，公司进一步拓展小游戏和海外 SLG 矩阵，上线了《大皇帝H5》和《Zomline Survival》，持续丰富产品布局。在游戏主业之外，公司积极推动人工智 能在游戏研运全链路的应用，以AI 驱动组织变革和效率提升；,程序初筛，重点公司产品另行人工复核
002174,游族网络,核心,少年三国志：零,4,10,年半年度报告全文 第三节管理层讨论与分析 一、报告期内公司从事的主要业务 游族网络是一家专注于网络游戏研发、发行及运营的全球化研运一体的互动娱乐科技公司。公司成功推出以“少年” 系列IP 为代表的经典自研卡牌手游《少年三国志》《少年三国志2》《少年三国志：零》《少年西游记》《少年西游记 2》，同时深耕SLG 赛道，打造了《Game of Thrones Winter is Coming》PC（《权力的游戏凛冬将至》PC 版）、 《Infinity Kingdom》（《战火与永恒》）、《三十六计》等长周期产品。报告期内，公司进一步拓展小游戏和海外 SLG 矩阵，上线了《大皇帝H5》和《Zomline S,程序初筛，重点公司产品另行人工复核
002174,游族网络,核心,大皇帝H5,3,10,耕SLG 赛道，打造了《Game of Thrones Winter is Coming》PC（《权力的游戏凛冬将至》PC 版）、 《Infinity Kingdom》（《战火与永恒》）、《三十六计》等长周期产品。报告期内，公司进一步拓展小游戏和海外 SLG 矩阵，上线了《大皇帝H5》和《Zomline Survival》，持续丰富产品布局。在游戏主业之外，公司积极推动人工智 能在游戏研运全链路的应用，以AI 驱动组织变革和效率提升；同步延伸AI 产业链的投资布局；以多元投资构建长期增 长生态。 （一）半年度回顾 报告期内，公司实现营业收入6.96 亿元，同比增长1.21%，其中海外地区收入达到5.02 亿元,程序初筛，重点公司产品另行人工复核
002174,游族网络,核心,权力的游戏凛冬将至,3,10,化研运一体的互动娱乐科技公司。公司成功推出以“少年” 系列IP 为代表的经典自研卡牌手游《少年三国志》《少年三国志2》《少年三国志：零》《少年西游记》《少年西游记 2》，同时深耕SLG 赛道，打造了《Game of Thrones Winter is Coming》PC（《权力的游戏凛冬将至》PC 版）、 《Infinity Kingdom》（《战火与永恒》）、《三十六计》等长周期产品。报告期内，公司进一步拓展小游戏和海外 SLG 矩阵，上线了《大皇帝H5》和《Zomline Survival》，持续丰富产品布局。在游戏主业之外，公司积极推动人工智 能在游戏研运全链路的应用，以AI 驱动组织变革和效率提升；同步延伸AI 产业链的投资布,程序初筛，重点公司产品另行人工复核
002174,游族网络,核心,山海经,2,13,SLG 2026 年6 月 重点已上线产品介绍如下： 《少年三国志》 《少年三国志》是一款公司自研卡牌产品，作为国产卡牌手游长线运营的标杆之作，游戏不断探索三国题材与中华 文化的创新结合点。报告期内，游戏联动上古奇书《山海经》，融入东方美学，助力传统文化年轻化表达。报告期内， 游戏累计推出9 个大型版本与优化版本。通过“少年节十周年”“生日会”等节点营销，持续激活用户情感与社区生态。 13 ===== 第 14 页 =====,程序初筛，重点公司产品另行人工复核
002174,游族网络,核心,三十六计,1,10,年三国志》《少年三国志2》《少年三国志：零》《少年西游记》《少年西游记 2》，同时深耕SLG 赛道，打造了《Game of Thrones Winter is Coming》PC（《权力的游戏凛冬将至》PC 版）、 《Infinity Kingdom》（《战火与永恒》）、《三十六计》等长周期产品。报告期内，公司进一步拓展小游戏和海外 SLG 矩阵，上线了《大皇帝H5》和《Zomline Survival》，持续丰富产品布局。在游戏主业之外，公司积极推动人工智 能在游戏研运全链路的应用，以AI 驱动组织变革和效率提升；同步延伸AI 产业链的投资布局；以多元投资构建长期增 长生态。 （一）半年度回顾 报告期,程序初筛，重点公司产品另行人工复核
002174,游族网络,核心,关于公司变更经营范围的议案,1,83,"公司名称和本公司简称保持一致，经本公司 申请并经深圳证券交易所核准，自2014 年6 月5 日起本公司中文证券简称由“梅花伞”变更为“游族网络”，证券代码 “002174”不变。 根据本公司于2014 年6 月30 日召开的2014 年第一次临时股东大会审议通过的《关于公司变更经营范围的议案》， 本公司于2014 年8 月12 日在福建省工商行政管理局完成了相关工商变更登记手续。2015 年9 月30 日，根据中国证券 监督管理委员会证监许可[2015]2230 号文《关于核准游族网络股份有限公司向陈钢强等发行股份购买资产并募集配套资 金的批复》，核准游族网络股份有限公司向陈钢强发行3,536,067 股股份、向广州掌淘投资咨询有限公",程序初筛，重点公司产品另行人工复核
002174,游族网络,核心,关于变更公司名称的议案,1,83,"股股份、向崔荣发行5,384,267 股股份），购买上海游族信息技术有限公司100% 的股权。购买资产所发行的192,770,051 股新股于2014 年5 月16 日在深圳证券交易所上市。 根据本公司于2014 年5 月20 日召开的2013 年度股东大会审议通过的《关于变更公司名称的议案》和《关于公司增 加注册资本的议案》及《关于修订〈公司章程〉的议案》，本公司于2014 年5 月28 日在福建省工商行政管理局完成了 工商变更登记，同时本公司名称变更为“游族网络股份有限公司”。为使本公司名称和本公司简称保持一致，经本公司 申请并经深圳证券交易所核准，自2014 年6 月5 日起本公司中文证券简称由“梅花伞”变更为“游族网络”，证券",程序初筛，重点公司产品另行人工复核
002174,游族网络,核心,关于支持游戏电竞产业发展的若干举措,1,12,网 络游戏健康发展”，并鼓励游戏出海，支持国际传播基地建设。4 月，国务院新闻办公室举行了新闻发布会介绍《加快 推进服务业扩大开放综合试点工作方案》的有关情况，其中明确指出：“发展游戏出海业务，布局从IP 打造到游戏制作、 发行、海外运营的产业链条”。同月，上海市出台《关于支持游戏电竞产业发展的若干举措》（即“游戏沪十条”）， 涵盖产业集聚、出海服务、原创精品、科技赋能、金融支撑、人才培养、电竞赛事等十个领域，提供系统性配套支持， 形成地方先行先试的示范效应。 政策组合拳的效应持续释放，行业在供给稳定、合规可期、出海提速三个维度同步受益，游戏产业正从“产品输出” 向“文化输出”加速跃迁。 3. AI 布局深化 人,程序初筛，重点公司产品另行人工复核
002174,游族网络,核心,刀剑乱舞,1,10,3 亿元，同比增长403.80%。截至报告期 末，公司现金储备充裕，资产负债结构稳健，为业务拓展、技术研发及战略布局提供坚实保障，具备良好的持续经营能 力和风险抵御能力。 报告期内，公司《少年三国志》系列、《Infinity Kingdom》（《战火与永恒》）、《刀剑乱舞》等在营游戏通过 精细化长线运营，流水表现保持稳健；在616 少年节期间，二十余款游戏面向全球玩家发布特别福利活动，提升玩家活 跃。新品方面，公司推出《大皇帝H5》在延续经典IP 影响力的同时，积极拓展小游戏赛道；SLG 手游《Zomline Survival》已启动海外公测，全球化布局稳步推进。 面对全球人工智能浪潮，公司深刻认识到AI,程序初筛，重点公司产品另行人工复核
002174,游族网络,核心,少年三国志-怀旧版,1,14,13 ===== 第 14 页 ===== 游族网络股份有限公司2026 年半年度报告全文 此外，公司推出的《少年三国志-怀旧版》小程序凭借经典版本复刻与创新商业化运营活动，收入对比上年同期稳中有升， 强势切入小游戏赛道，拓宽产品矩阵。 《少年西游记》 《少年西游记》是一款以经典国风神话IP《西游记》为背景打造的卡牌策略手游。游戏通过经典角色重塑、丰富 养成体系及策略玩法，为玩家打造沉浸式三界冒险体验。上线以来，产品持续深耕西游IP 内容，保持长线运营活力，累,程序初筛，重点公司产品另行人工复核
002174,游族网络,核心,权力的游戏,1,15,C 《Game of Thrones Winter is Coming》PC（《权力的游戏凛冬将至》PC 版）系公司获HBO 正版授权并自主研发 的次世代3D 即时策略游戏，自2019 年上线以来，已覆盖欧美、日韩、东南亚、中国大陆及港澳台等全球市场，游戏以 《权力的游戏》宏大世界观为基础，在美术风格、经典角色、地标建筑及维斯特洛地图等方面深度还原原作内容，并通 过持续的玩法创新与长线运营，为全球玩家打造兼具沉浸感与策略深度的维斯特洛战争体验。报告期内，游戏继续围绕 策略玩法、长期养成和用户体验推进内容迭代。产品推出“传世武器”及配套交易体系，并进一步拓展武器拍卖、武器 宝库等内容，丰富玩家的长期成长路径与资源流通,程序初筛，重点公司产品另行人工复核
002174,游族网络,核心,西游记,1,14,游族网络股份有限公司2026 年半年度报告全文 此外，公司推出的《少年三国志-怀旧版》小程序凭借经典版本复刻与创新商业化运营活动，收入对比上年同期稳中有升， 强势切入小游戏赛道，拓宽产品矩阵。 《少年西游记》 《少年西游记》是一款以经典国风神话IP《西游记》为背景打造的卡牌策略手游。游戏通过经典角色重塑、丰富 养成体系及策略玩法，为玩家打造沉浸式三界冒险体验。上线以来，产品持续深耕西游IP 内容，保持长线运营活力，累 计陪伴玩家多年成长。 报告期内，《少年西游记》围绕十周年庆典持续推进版本升级与品牌建设，推出全新曜金神将体系、周年限定内容 及大型赛事活动，同时通过玩家共创、社区互动等形式强化,程序初筛，重点公司产品另行人工复核
300533,冰川网络,核心,Hero Clash,6,9,指 海南聚珩网络科技有限公司，公司全资子公司 海南重霄 指 海南重霄网络科技有限公司，公司全资子公司 深圳极光 指 深圳极光游域科技有限公司，公司全资子公司 《超能世界》 指 公司放置类卡牌移动游戏产品 《Hero Clash》 指 公司放置类卡牌移动游戏产品，《超能世界》海外发行版本 《X-Clash》 指 公司策略类卡牌移动游戏产品 需要在用户计算机上安装客户端软件的网络游戏，是公司主要的游戏产品类型之 客户端网络游戏、端游 指 一 移动游戏、手游 指 运行于,程序初筛，重点公司产品另行人工复核
300533,冰川网络,核心,超能世界,6,9,指 海南玄戟网络科技有限公司，公司全资子公司 海南聚珩 指 海南聚珩网络科技有限公司，公司全资子公司 海南重霄 指 海南重霄网络科技有限公司，公司全资子公司 深圳极光 指 深圳极光游域科技有限公司，公司全资子公司 《超能世界》 指 公司放置类卡牌移动游戏产品 《Hero Clash》 指 公司放置类卡牌移动游戏产品，《超能世界》海外发行版本 《X-Clash》 指 公司策略类卡牌移动游戏产品 需要在用户计算机上安装客户端软件的网络游戏，是公司主要的游戏产品类型之 客户端网络游戏、端游 指,程序初筛，重点公司产品另行人工复核
300533,冰川网络,核心,X-Clash,4,9,南重霄网络科技有限公司，公司全资子公司 深圳极光 指 深圳极光游域科技有限公司，公司全资子公司 《超能世界》 指 公司放置类卡牌移动游戏产品 《Hero Clash》 指 公司放置类卡牌移动游戏产品，《超能世界》海外发行版本 《X-Clash》 指 公司策略类卡牌移动游戏产品 需要在用户计算机上安装客户端软件的网络游戏，是公司主要的游戏产品类型之 客户端网络游戏、端游 指 一 移动游戏、手游 指 运行于手机、平板电脑等移动终端的游戏产品，是公司主要的游戏产品类型之一 注册用户,程序初筛，重点公司产品另行人工复核
300533,冰川网络,核心,Android 应用加固系统,1,39,十二次会议及第五届董事会独立董事专门会议第七次会议，审议通 过了《关于拟与关联方签署相关采购合同暨关联交易的议案》。根据公司业务发展的需求，公司拟与关联方北京掌上云 集科技发展有限公司（以下简称“掌上云集”）签署相关采购合同（《技术服务合同》）。公司拟接受掌上云集关于 《Android 应用加固系统》软件产品的有偿使用授权，掌上云集为公司提供 Android 加固服务等技术支持工作，涉及交易 金额13.00 万元。掌上云集系公司参股公司，公司财务总监董嘉翌在掌上云集担任董事。详见刊登于巨潮资讯网的《关 于拟与关联方签署相关采购合同暨关联交易的公告》（公告编号：2026-002）。 2.公司于2026 年4 月20 日召开了第五届董事会第十三,程序初筛，重点公司产品另行人工复核
300533,冰川网络,核心,Android 应用隐私检测系统,1,40,39 ===== 第 40 页 ===== 深圳冰川网络股份有限公司2026 年半年度报告全文 签署相关采购合同（《隐私检测销售合同》）。公司拟接受掌上云集关于《Android 应用隐私检测系统》软件产品有偿 使用授权，掌上云集为公司提供企业管理、权限检测、行为检测、合规审查、规则配置、检测报告等服务，帮助公司完 成隐私合规检测以及机器无法检测的隐私合规问题人工介入协助处理，涉及交易金额6.5 万元。掌上云集系公司参股公 司，公司财务总监董嘉翌在掌上云集担任董事。详见刊登于巨潮资讯网的《关于拟与关联方签署相关采购合同暨关联交 易的公告》（,程序初筛，重点公司产品另行人工复核
300533,冰川网络,核心,X-hero,1,21,"净利润 -2,268.27 万元，同比转亏。公司业绩变动的主要原因如下： 1. 报告期内，基于前期游戏产品测试数据，公司持续对SLG 类新产品《X-Clash》开展大规模市场投放，销售费用 同比增加48.37%。 2. 报告期内，公司成熟期游戏产品《X-hero》《超能世界》《Hero Clash》等随着运营周期的延长，充值流水较上年 同期下降，而SLG 类产品充值回收周期较长，公司推出的新游戏所带来的收入增量尚不足以完全抵消上述成熟产品流水 的自然回落，总营业收入同比下降5.29%。 3. 截至2026 年6 月30 日，报告期内公司非经常性损益金额为3,074.83 万元，主要为理财收益及政府补",程序初筛，重点公司产品另行人工复核
300533,冰川网络,核心,上海市关于支持游戏电竞产业发展的若干举措,1,15,===== 深圳冰川网络股份有限公司2026 年半年度报告全文 自2025 年起，国内多地密集落地游戏产业扶持政策，行业迎来地方政策红利窗口期。北京持续推进游戏电竞行业扶 持政策落地；上海推出《上海市关于支持游戏电竞产业发展的若干举措》，围绕产业集聚、游戏出海、技术研发、人才 培育等十大方向发力；广州、深圳相继发布专项扶持方案，其中广州推出《广州市扶持游戏电竞产业发展的十八条措 施》，深圳出台《深圳市加快游戏产业高质量发展三年行动计划（2025－2027 年）》，杭州也出台举措扶持网游创作与 海外市场拓展。各地政策普遍聚焦技术创新、游戏产品出海、研发运营、电竞赛事培育等核心方向，,程序初筛，重点公司产品另行人工复核
300533,冰川网络,核心,代号：SC,1,18,的发展 动力。目前公司已成立了多个项目团队从事新游戏产品的开发，有多款游戏正在积极推进中。当前公司自研及定制类产 品情况列示如下： 序号 项目名称 项目类型 项目介绍 所处阶段 1 《代号：SC》 手游 卡牌SLG 手游 测试中 2 《代号：合成》 手游 休闲养成手游 已立项 3 《代号：末日之旅》 手游 休闲养成手游 已立项 4 《代号：契约》,程序初筛，重点公司产品另行人工复核
300533,冰川网络,核心,代号：WEPK,1,18,游 已立项 3 《代号：末日之旅》 手游 休闲养成手游 已立项 4 《代号：契约》 手游 休闲竞技手游 已立项 5 《代号：WEPK》 手游 休闲竞技手游 已立项 注：以上仅列示主要自研及定制类产品，且上述项目尚未确定最终游戏名称。 （三）公司经营模式 1.收费模式 中国网络游戏的收费模式主要有按时长收费（PTP）、按虚拟道具收费（FTP）以及游戏内置广告（IGA）等。公司 游戏产品主要采用按道具收费模式，该模式,程序初筛，重点公司产品另行人工复核
300533,冰川网络,核心,代号：合成,1,18,情况列示如下： 序号 项目名称 项目类型 项目介绍 所处阶段 1 《代号：SC》 手游 卡牌SLG 手游 测试中 2 《代号：合成》 手游 休闲养成手游 已立项 3 《代号：末日之旅》 手游 休闲养成手游 已立项 4 《代号：契约》 手游 休闲竞技手游 已立项 5 《代号：WEPK》 手游,程序初筛，重点公司产品另行人工复核
300533,冰川网络,核心,代号：契约,1,18,手游 测试中 2 《代号：合成》 手游 休闲养成手游 已立项 3 《代号：末日之旅》 手游 休闲养成手游 已立项 4 《代号：契约》 手游 休闲竞技手游 已立项 5 《代号：WEPK》 手游 休闲竞技手游 已立项 注：以上仅列示主要自研及定制类产品，且上述项目尚未确定最终游戏名称。 （三）公司经营模式 1.收费模式 中国网络游戏的收费模式主要有按时长,程序初筛，重点公司产品另行人工复核
300533,冰川网络,核心,代号：末日之旅,1,18,所处阶段 1 《代号：SC》 手游 卡牌SLG 手游 测试中 2 《代号：合成》 手游 休闲养成手游 已立项 3 《代号：末日之旅》 手游 休闲养成手游 已立项 4 《代号：契约》 手游 休闲竞技手游 已立项 5 《代号：WEPK》 手游 休闲竞技手游 已立项 注：以上仅列示主要自研及定制类产品，且上述项目尚未确定,程序初筛，重点公司产品另行人工复核
002555,三七互娱,核心,时光大爆炸,4,12,净利润 17.66 亿元，同比增长26.14%。 报告期内，公司《寻道大千》《Puzzles ＆Survival》《生存33 天》《Last Asylum: Plague》《RO 仙境传说：世界 之旅》《英雄没有闪》《时光杂货店》《Puzzles ＆Chaos》《时光大爆炸》《斗罗大陆：魂师对决》等产品保持良好运营态 势，公司全球最高月活跃用户超过1.6 亿。 海外业务方面，公司持续深耕SLG、MMORPG、模拟经营及休闲等核心品类，针对海外区域持续寻求增长机会，持续 精细化长线运营策略，海外业务稳健发展。报告期内，公司实现境外营业收入30.21 亿元，同比增长10.90%，占总营业 收入比重41.53%。 1,程序初筛，重点公司产品另行人工复核
002555,三七互娱,核心,时光杂货店,4,12,元，同比下降14.28%；归属于上市公司股东的净利润 17.66 亿元，同比增长26.14%。 报告期内，公司《寻道大千》《Puzzles ＆Survival》《生存33 天》《Last Asylum: Plague》《RO 仙境传说：世界 之旅》《英雄没有闪》《时光杂货店》《Puzzles ＆Chaos》《时光大爆炸》《斗罗大陆：魂师对决》等产品保持良好运营态 势，公司全球最高月活跃用户超过1.6 亿。 海外业务方面，公司持续深耕SLG、MMORPG、模拟经营及休闲等核心品类，针对海外区域持续寻求增长机会，持续 精细化长线运营策略，海外业务稳健发展。报告期内，公司实现境外营业收入30.21 亿元，同比增长10.90%,程序初筛，重点公司产品另行人工复核
002555,三七互娱,核心,寻道大千,3,12,戏的研发与发行，旗下拥有游戏研发品牌“三七游戏”及游戏发行品牌“37 手游” “37GAMES”“37 网游”。报告期内，公司实现营业收入72.75 亿元，同比下降14.28%；归属于上市公司股东的净利润 17.66 亿元，同比增长26.14%。 报告期内，公司《寻道大千》《Puzzles ＆Survival》《生存33 天》《Last Asylum: Plague》《RO 仙境传说：世界 之旅》《英雄没有闪》《时光杂货店》《Puzzles ＆Chaos》《时光大爆炸》《斗罗大陆：魂师对决》等产品保持良好运营态 势，公司全球最高月活跃用户超过1.6 亿。 海外业务方面，公司持续深耕SLG、MMORPG、模拟经营及休闲,程序初筛，重点公司产品另行人工复核
002555,三七互娱,核心,生存33 天,3,12,游戏发行品牌“37 手游” “37GAMES”“37 网游”。报告期内，公司实现营业收入72.75 亿元，同比下降14.28%；归属于上市公司股东的净利润 17.66 亿元，同比增长26.14%。 报告期内，公司《寻道大千》《Puzzles ＆Survival》《生存33 天》《Last Asylum: Plague》《RO 仙境传说：世界 之旅》《英雄没有闪》《时光杂货店》《Puzzles ＆Chaos》《时光大爆炸》《斗罗大陆：魂师对决》等产品保持良好运营态 势，公司全球最高月活跃用户超过1.6 亿。 海外业务方面，公司持续深耕SLG、MMORPG、模拟经营及休闲等核心品类，针对海外区域持续寻求增长机会，持续 精细,程序初筛，重点公司产品另行人工复核
002555,三七互娱,核心,英雄没有闪,3,12,72.75 亿元，同比下降14.28%；归属于上市公司股东的净利润 17.66 亿元，同比增长26.14%。 报告期内，公司《寻道大千》《Puzzles ＆Survival》《生存33 天》《Last Asylum: Plague》《RO 仙境传说：世界 之旅》《英雄没有闪》《时光杂货店》《Puzzles ＆Chaos》《时光大爆炸》《斗罗大陆：魂师对决》等产品保持良好运营态 势，公司全球最高月活跃用户超过1.6 亿。 海外业务方面，公司持续深耕SLG、MMORPG、模拟经营及休闲等核心品类，针对海外区域持续寻求增长机会，持续 精细化长线运营策略，海外业务稳健发展。报告期内，公司实现境外营业收入30.21 亿元，同比增,程序初筛，重点公司产品另行人工复核
002555,三七互娱,核心,Last Asylum: Plague,2,12,7 手游” “37GAMES”“37 网游”。报告期内，公司实现营业收入72.75 亿元，同比下降14.28%；归属于上市公司股东的净利润 17.66 亿元，同比增长26.14%。 报告期内，公司《寻道大千》《Puzzles ＆Survival》《生存33 天》《Last Asylum: Plague》《RO 仙境传说：世界 之旅》《英雄没有闪》《时光杂货店》《Puzzles ＆Chaos》《时光大爆炸》《斗罗大陆：魂师对决》等产品保持良好运营态 势，公司全球最高月活跃用户超过1.6 亿。 海外业务方面，公司持续深耕SLG、MMORPG、模拟经营及休闲等核心品类，针对海外区域持续寻求增长机会，持续 精细化长线运营策略，海外业务稳健发展。报告期内,程序初筛，重点公司产品另行人工复核
002555,三七互娱,核心,Puzzles ＆Chaos,2,12,4.28%；归属于上市公司股东的净利润 17.66 亿元，同比增长26.14%。 报告期内，公司《寻道大千》《Puzzles ＆Survival》《生存33 天》《Last Asylum: Plague》《RO 仙境传说：世界 之旅》《英雄没有闪》《时光杂货店》《Puzzles ＆Chaos》《时光大爆炸》《斗罗大陆：魂师对决》等产品保持良好运营态 势，公司全球最高月活跃用户超过1.6 亿。 海外业务方面，公司持续深耕SLG、MMORPG、模拟经营及休闲等核心品类，针对海外区域持续寻求增长机会，持续 精细化长线运营策略，海外业务稳健发展。报告期内，公司实现境外营业收入30.21 亿元，同比增长10.90%，占总营业 收入比重41.53,程序初筛，重点公司产品另行人工复核
002555,三七互娱,核心,Puzzles ＆Survival,2,12,行，旗下拥有游戏研发品牌“三七游戏”及游戏发行品牌“37 手游” “37GAMES”“37 网游”。报告期内，公司实现营业收入72.75 亿元，同比下降14.28%；归属于上市公司股东的净利润 17.66 亿元，同比增长26.14%。 报告期内，公司《寻道大千》《Puzzles ＆Survival》《生存33 天》《Last Asylum: Plague》《RO 仙境传说：世界 之旅》《英雄没有闪》《时光杂货店》《Puzzles ＆Chaos》《时光大爆炸》《斗罗大陆：魂师对决》等产品保持良好运营态 势，公司全球最高月活跃用户超过1.6 亿。 海外业务方面，公司持续深耕SLG、MMORPG、模拟经营及休闲等核心品类，针对海外区域持续寻求增长机,程序初筛，重点公司产品另行人工复核
002555,三七互娱,核心,斗罗大陆：魂师对决,2,12,.66 亿元，同比增长26.14%。 报告期内，公司《寻道大千》《Puzzles ＆Survival》《生存33 天》《Last Asylum: Plague》《RO 仙境传说：世界 之旅》《英雄没有闪》《时光杂货店》《Puzzles ＆Chaos》《时光大爆炸》《斗罗大陆：魂师对决》等产品保持良好运营态 势，公司全球最高月活跃用户超过1.6 亿。 海外业务方面，公司持续深耕SLG、MMORPG、模拟经营及休闲等核心品类，针对海外区域持续寻求增长机会，持续 精细化长线运营策略，海外业务稳健发展。报告期内，公司实现境外营业收入30.21 亿元，同比增长10.90%，占总营业 收入比重41.53%。 1、新品表现良好，立足全,程序初筛，重点公司产品另行人工复核
002555,三七互娱,核心,RO 仙境传说：世界之旅,1,12,成龙开展系列传播活动，将大众流行元素融入产品宣传，提升品牌声量并获得玩家好评。凭借联动与代言的双重破 圈，产品影响力持续扩大，1 月持续位居微信小游戏、抖音小游戏畅销榜双榜榜首，并在一季度保持双平台畅销榜前五， 展现出较强的市场表现与用户活跃度。 公司自研MMORPG《RO 仙境传说：世界之旅》自中国港澳台地区正式上线后取得良好市场表现，上线后最高登上当地 主要应用商店免费榜及畅销榜第一，体现了公司在经典IP 产品本地化发行、用户运营及商业化转化方面的综合能力，也 持续展现出该IP 的用户影响力和区域商业化潜力。2026 年7 月，该游戏已在东南亚地区正式上线，东南亚地区作为该 游戏IP 影响力最大的市场之一，有望持续释放IP 价值，进一步强,程序初筛，重点公司产品另行人工复核
002555,三七互娱,核心,Z Route: Redemption,1,12,营活动，累计用户规模已超过 1500 万，7 月跻身Sensor Tower 中国手游海外收入增长榜Top 9。此外，该游戏已正式启动中国港澳台地区市场拓展， 邀请阮经天代言产品进行推广，有望成为公司SLG 赛道的另一款长青产品。 报告期内，公司旗下生存题材SLG 新作《Z Route: Redemption》上线海外地区，在多个海外游戏市场获得了用户认 可，验证了“超休闲玩法前端获客+SLG 中重度玩法后端留存”这一产品模型在多元市场的可复制性，成为公司SLG 产品 赛道上又一重要产品。 此外，公司旗下《织梦森林》《爪爪大乱斗》《荒无之下》《斗破：莫欺少年穷》《斗罗大陆：传承》《斗破苍穹：斗帝 之路》《赘婿》等多款产品已陆续上线，进一步丰富了公司的多,程序初筛，重点公司产品另行人工复核
002555,三七互娱,核心,关于延长部分募投项目实施期限的议案,1,30,进 受行业政策、市场环境及客户需求等实际情况的影响，公司适时调整项目研发方向，严格把控项目整体质量，审慎推进项目实施进度，公司部分募投项目实施期限 度、预计收益的情况和原因 延长。公司于2024 年2 月5 日召开第六届董事会第十六次会议和第六届监事会第十二次会议，审议通过了《关于延长部分募投项目实施期限的议案》，根据公司募 （含“是否达到预计效益” 投项目的实施情况，出于审慎性考虑，公司董事会同意延长部分2021 年非公开发行募投项目实施期限，将“网络游戏开发及运营建设项目”和“5G 云游戏平台建 选择“不适用”的原因） 设项目”的实施期限延长至2027 年2 月10 日，项目的用途、实施主体及实施方式不变。 项目可行性发生重大变化的,程序初筛，重点公司产品另行人工复核
002555,三七互娱,核心,叫我大掌柜,1,14,传统文化的理念，积极探索游戏与文化的融合发展路径，在产品研发与运营过程中，持 续将中国传统文化元素与游戏玩法、叙事体系相结合，推动中华文化以更具互动性和传播力的方式走向海外市场，展现 中华文化的独特内涵与时代价值。 2026 年上半年，公司《寻道大千》《时光大爆炸》《叫我大掌柜》三款产品与泉州文旅开展“簪花迎新，泉游好运” 联动，围绕新春祈福主题，将蟳埔簪花围、南音等非遗及世遗元素融入游戏内容，并在线下打造“泉游好运办事处”沉 浸式打卡活动，串联开元寺、蟳埔村、西街等泉州代表性景点。通过线上数字化呈现与线下场景联动，项目进一步拓展 “游戏+文旅”融合边界，助力泉州世遗文化与城市文旅品牌触达更广泛年轻用户。 3、把握前沿技,程序初筛，重点公司产品另行人工复核
002555,三七互娱,核心,斗破：莫欺少年穷,1,12,oute: Redemption》上线海外地区，在多个海外游戏市场获得了用户认 可，验证了“超休闲玩法前端获客+SLG 中重度玩法后端留存”这一产品模型在多元市场的可复制性，成为公司SLG 产品 赛道上又一重要产品。 此外，公司旗下《织梦森林》《爪爪大乱斗》《荒无之下》《斗破：莫欺少年穷》《斗罗大陆：传承》《斗破苍穹：斗帝 之路》《赘婿》等多款产品已陆续上线，进一步丰富了公司的多元化品类布局，有望在各细分赛道中持续释放价值，为公 司游戏业务贡献增量。 储备产品方面： 在“精品化、多元化、全球化”战略定位下，公司围绕行业发展趋势与核心竞争优势，一方面持续深化对小游戏及 轻量化产品赛道的战略布局，不断丰富产品类型和玩法创新，巩固,程序初筛，重点公司产品另行人工复核
002555,三七互娱,核心,斗罗大陆：传承,1,12,mption》上线海外地区，在多个海外游戏市场获得了用户认 可，验证了“超休闲玩法前端获客+SLG 中重度玩法后端留存”这一产品模型在多元市场的可复制性，成为公司SLG 产品 赛道上又一重要产品。 此外，公司旗下《织梦森林》《爪爪大乱斗》《荒无之下》《斗破：莫欺少年穷》《斗罗大陆：传承》《斗破苍穹：斗帝 之路》《赘婿》等多款产品已陆续上线，进一步丰富了公司的多元化品类布局，有望在各细分赛道中持续释放价值，为公 司游戏业务贡献增量。 储备产品方面： 在“精品化、多元化、全球化”战略定位下，公司围绕行业发展趋势与核心竞争优势，一方面持续深化对小游戏及 轻量化产品赛道的战略布局，不断丰富产品类型和玩法创新，巩固核心竞争优势；另一,程序初筛，重点公司产品另行人工复核
002555,三七互娱,核心,斗罗大陆：猎魂世界,1,37,升乡村教育数字化活力，支持乡村教师掌握AI 教学及学生管理的实用技能与创新思路，三七互娱还面向广东乐 昌、江西青原等地逾百所学校的中小学教师开展实操培训。 （2）数字赋能乡村产业 三七互娱积极发挥数字创意优势，助力乡村特色产业发展。 报告期内，公司于旗下知名游戏《斗罗大陆：猎魂世界》《时光杂货店》开展特色茶产业文化联动，支持用户了解 安徽芜湖毛峰、云南凤庆红茶相关茶文化，鼓励用户在游戏中体验茶叶从种植到炒制的全过程，并打造助农主题礼盒， 实现从数字内容支持到实际产品帮扶的覆盖。 2、AI 社会化应用 （1）AI 助力银发产业 三七互娱通过旗下素质教育品牌妙小程，携手广州市越为银发活力研究院，主动探索适老化AI 产品,程序初筛，重点公司产品另行人工复核
002555,三七互娱,核心,明月宫心,1,14,达。 （2）AI+游戏融合探索与多元化价值延伸 公司围绕“AI+游戏”持续探索技术在研发提效、内容生成和个性化体验中的应用。一方面，公司结合AI 技术，可 辅助角色、场景、道具、动效及风格测试等前期设计工作，提升产品立项和版本更新效率；另一方面，公司通过内部孵 化《明月宫心》AI 小游戏实践，探索生成式AI 对游戏内容生产流程的重构，并通过续作《明月宫心贰》验证AI 驱动非 线性内容和“千人千面”游戏体验的可能性。同时，公司构建以AI 创新为导向的企业文化战略，通过“微创新大赛”等 内部机制，打造面向全员的游戏产业创新孵化平台，鼓励员工关注AI 在内容生成及个性化交互方面的应用潜力，围绕游 戏玩法、AI 互动体验、独立原型,程序初筛，重点公司产品另行人工复核
002555,三七互娱,核心,明月宫心贰,1,14,持续探索技术在研发提效、内容生成和个性化体验中的应用。一方面，公司结合AI 技术，可 辅助角色、场景、道具、动效及风格测试等前期设计工作，提升产品立项和版本更新效率；另一方面，公司通过内部孵 化《明月宫心》AI 小游戏实践，探索生成式AI 对游戏内容生产流程的重构，并通过续作《明月宫心贰》验证AI 驱动非 线性内容和“千人千面”游戏体验的可能性。同时，公司构建以AI 创新为导向的企业文化战略，通过“微创新大赛”等 内部机制，打造面向全员的游戏产业创新孵化平台，鼓励员工关注AI 在内容生成及个性化交互方面的应用潜力，围绕游 戏玩法、AI 互动体验、独立原型等方向释放创造力。公司高度重视AI 人才培养，开展“21 天AI 学习挑战赛”“AI,程序初筛，重点公司产品另行人工复核
002555,三七互娱,核心,爪爪大乱斗,1,12,存题材SLG 新作《Z Route: Redemption》上线海外地区，在多个海外游戏市场获得了用户认 可，验证了“超休闲玩法前端获客+SLG 中重度玩法后端留存”这一产品模型在多元市场的可复制性，成为公司SLG 产品 赛道上又一重要产品。 此外，公司旗下《织梦森林》《爪爪大乱斗》《荒无之下》《斗破：莫欺少年穷》《斗罗大陆：传承》《斗破苍穹：斗帝 之路》《赘婿》等多款产品已陆续上线，进一步丰富了公司的多元化品类布局，有望在各细分赛道中持续释放价值，为公 司游戏业务贡献增量。 储备产品方面： 在“精品化、多元化、全球化”战略定位下，公司围绕行业发展趋势与核心竞争优势，一方面持续深化对小游戏及 轻量化产品赛道的战略布局，,程序初筛，重点公司产品另行人工复核
002555,三七互娱,核心,织梦森林,1,12,，公司旗下生存题材SLG 新作《Z Route: Redemption》上线海外地区，在多个海外游戏市场获得了用户认 可，验证了“超休闲玩法前端获客+SLG 中重度玩法后端留存”这一产品模型在多元市场的可复制性，成为公司SLG 产品 赛道上又一重要产品。 此外，公司旗下《织梦森林》《爪爪大乱斗》《荒无之下》《斗破：莫欺少年穷》《斗罗大陆：传承》《斗破苍穹：斗帝 之路》《赘婿》等多款产品已陆续上线，进一步丰富了公司的多元化品类布局，有望在各细分赛道中持续释放价值，为公 司游戏业务贡献增量。 储备产品方面： 在“精品化、多元化、全球化”战略定位下，公司围绕行业发展趋势与核心竞争优势，一方面持续深化对小游戏及 轻量化产品赛,程序初筛，重点公司产品另行人工复核
002555,三七互娱,核心,荒无之下,1,12,新作《Z Route: Redemption》上线海外地区，在多个海外游戏市场获得了用户认 可，验证了“超休闲玩法前端获客+SLG 中重度玩法后端留存”这一产品模型在多元市场的可复制性，成为公司SLG 产品 赛道上又一重要产品。 此外，公司旗下《织梦森林》《爪爪大乱斗》《荒无之下》《斗破：莫欺少年穷》《斗罗大陆：传承》《斗破苍穹：斗帝 之路》《赘婿》等多款产品已陆续上线，进一步丰富了公司的多元化品类布局，有望在各细分赛道中持续释放价值，为公 司游戏业务贡献增量。 储备产品方面： 在“精品化、多元化、全球化”战略定位下，公司围绕行业发展趋势与核心竞争优势，一方面持续深化对小游戏及 轻量化产品赛道的战略布局，不断丰富产品,程序初筛，重点公司产品另行人工复核
002555,三七互娱,核心,赘婿,1,12,场获得了用户认 可，验证了“超休闲玩法前端获客+SLG 中重度玩法后端留存”这一产品模型在多元市场的可复制性，成为公司SLG 产品 赛道上又一重要产品。 此外，公司旗下《织梦森林》《爪爪大乱斗》《荒无之下》《斗破：莫欺少年穷》《斗罗大陆：传承》《斗破苍穹：斗帝 之路》《赘婿》等多款产品已陆续上线，进一步丰富了公司的多元化品类布局，有望在各细分赛道中持续释放价值，为公 司游戏业务贡献增量。 储备产品方面： 在“精品化、多元化、全球化”战略定位下，公司围绕行业发展趋势与核心竞争优势，一方面持续深化对小游戏及 轻量化产品赛道的战略布局，不断丰富产品类型和玩法创新，巩固核心竞争优势；另一方面，公司重点聚焦SLG、 MM,程序初筛，重点公司产品另行人工复核
300315,掌趣科技,核心,全民奇迹2,2,9,新阶段。 （二）公司从事的主要业务 公司专注于网络游戏尤其是移动游戏产品的开发、发行和运营。公司立足于全球化游戏研发与发行，依托全产业链研 运优势和优质IP 储备，成功推出《全民奇迹》、《拳皇98 终极之战OL》、《奇迹MU：觉醒》、《一拳超人：最强之 男》、《全民奇迹2》等多款拥有全球知名度的精品游戏，产品覆盖中国、日韩、欧美、东南亚等主流游戏市场。 公司是国内较早确立全球化发展的游戏企业，深入参与了从优秀海外游戏“引进来”到精品国产游戏“走出去”的行 业变迁。公司构建了专业、完善的全球化研发、发行体系，与海外优质渠道资源合作，力求做好产品和服务本地化，持续 加强自身在全球游戏产业链中的渗透与协同。公司不断发掘,程序初筛，重点公司产品另行人工复核
300315,掌趣科技,核心,奇迹MU：觉醒,2,9,调，这标志着游戏行业步入常态化、可预期的良性发展新阶段。 （二）公司从事的主要业务 公司专注于网络游戏尤其是移动游戏产品的开发、发行和运营。公司立足于全球化游戏研发与发行，依托全产业链研 运优势和优质IP 储备，成功推出《全民奇迹》、《拳皇98 终极之战OL》、《奇迹MU：觉醒》、《一拳超人：最强之 男》、《全民奇迹2》等多款拥有全球知名度的精品游戏，产品覆盖中国、日韩、欧美、东南亚等主流游戏市场。 公司是国内较早确立全球化发展的游戏企业，深入参与了从优秀海外游戏“引进来”到精品国产游戏“走出去”的行 业变迁。公司构建了专业、完善的全球化研发、发行体系，与海外优质渠道资源合作，力求做好产品和服务本地化，持续 加强自身,程序初筛，重点公司产品另行人工复核
300315,掌趣科技,核心,H,1,10,两个市场并进向前发展。公司持续推进游戏业务的发展，在境内市场，积极布局小游戏赛道；在境外市场， 公司聚焦SLG 赛道，积极推进项目的研发和调测调优进度，努力加快推进上线及大规模投放进程。只有实现优质产品的持 续创新，才能整体提升公司的经营业绩。目前，公司自研SLG 游戏（代号《H》）处在发行推广进程中，后续将根据动态 数据表现来进一步调整商业化推广策略。此外，公司也有若干款小程序游戏正在研发过程中。截至报告期末，公司运营游 戏共计15 款。 此外，公司持续密切关注AI 前沿技术发展，并积极探索相关技术的应用场景。 二、核心竞争力分析 1、卓越的研发实力与优秀的发行能力优势 随着游戏行业的日趋成熟，游戏,程序初筛，重点公司产品另行人工复核
300315,掌趣科技,核心,一拳超人：最强之男,1,11,10 ===== 第 11 页 ===== 北京掌趣科技股份有限公司2026 年半年度报告全文 公司凭借突出的国际化发行及协同能力、优秀的海外发行能力，《全民奇迹2》、《一拳超人：最强之男》、《拳皇98 终极之战OL》、《奇迹MU：觉醒》、《魔法门之英雄无敌：战争纪元》等在海外地区发行取得了优异的成绩。 三、主营业务分析 概述 是否与报告期内公司从事的主要业务披露相同 ☑是 □否 参见“一、报告期内公司从事的主要业务”相关内容。 主要财务数据同比变动情况,程序初筛，重点公司产品另行人工复核
300315,掌趣科技,核心,全民奇迹,1,9,五”规划为产业未 来五年发展奠定宏观基调，这标志着游戏行业步入常态化、可预期的良性发展新阶段。 （二）公司从事的主要业务 公司专注于网络游戏尤其是移动游戏产品的开发、发行和运营。公司立足于全球化游戏研发与发行，依托全产业链研 运优势和优质IP 储备，成功推出《全民奇迹》、《拳皇98 终极之战OL》、《奇迹MU：觉醒》、《一拳超人：最强之 男》、《全民奇迹2》等多款拥有全球知名度的精品游戏，产品覆盖中国、日韩、欧美、东南亚等主流游戏市场。 公司是国内较早确立全球化发展的游戏企业，深入参与了从优秀海外游戏“引进来”到精品国产游戏“走出去”的行 业变迁。公司构建了专业、完善的全球化研发、发行体系，与海外优质渠道资源,程序初筛，重点公司产品另行人工复核
300315,掌趣科技,核心,拳皇98 终极之战OL,1,9,未 来五年发展奠定宏观基调，这标志着游戏行业步入常态化、可预期的良性发展新阶段。 （二）公司从事的主要业务 公司专注于网络游戏尤其是移动游戏产品的开发、发行和运营。公司立足于全球化游戏研发与发行，依托全产业链研 运优势和优质IP 储备，成功推出《全民奇迹》、《拳皇98 终极之战OL》、《奇迹MU：觉醒》、《一拳超人：最强之 男》、《全民奇迹2》等多款拥有全球知名度的精品游戏，产品覆盖中国、日韩、欧美、东南亚等主流游戏市场。 公司是国内较早确立全球化发展的游戏企业，深入参与了从优秀海外游戏“引进来”到精品国产游戏“走出去”的行 业变迁。公司构建了专业、完善的全球化研发、发行体系，与海外优质渠道资源合作，力求做好产品和服务本地,程序初筛，重点公司产品另行人工复核
300315,掌趣科技,核心,魔法门之英雄无敌：战争纪元,1,11,北京掌趣科技股份有限公司2026 年半年度报告全文 公司凭借突出的国际化发行及协同能力、优秀的海外发行能力，《全民奇迹2》、《一拳超人：最强之男》、《拳皇98 终极之战OL》、《奇迹MU：觉醒》、《魔法门之英雄无敌：战争纪元》等在海外地区发行取得了优异的成绩。 三、主营业务分析 概述 是否与报告期内公司从事的主要业务披露相同 ☑是 □否 参见“一、报告期内公司从事的主要业务”相关内容。 主要财务数据同比变动情况 单位：元 本报,程序初筛，重点公司产品另行人工复核
002602,世纪华通,核心,无尽冬日,4,11,龙头地 位，更形成了多爆款产品齐头并进的良性格局，这一态势不仅充分验证了公司在爆款产品打造上的持续 迭代能力与深厚储备，更为业务的规模化增长提供了强劲支撑。公司推出的《Whiteout Survival》 《Kingshot》《Tasty Travels: Merge Game》《无尽冬日》《奔奔王国》，在Sensor Tower 发布的《2026 年 6 月中国手游发行商全球收入排行榜》中以稳定的市场表现，再度蝉联全球手游发行商收入榜亚军。作为 公司业绩的“压舱石”，盛趣游戏聚焦核心IP 运营策略，深入挖掘私域流量的商业价值，落实“端手并进” 的打法，经营成效显著，为公司整体业绩提供有力支撑。人工智能云数据业务继续深化与腾讯云、华为,程序初筛，重点公司产品另行人工复核
002602,世纪华通,核心,Kingshot,3,11,，稳步推进高质量发展进程。其中，互联网游戏业务作为核心板块，不仅稳固了行业龙头地 位，更形成了多爆款产品齐头并进的良性格局，这一态势不仅充分验证了公司在爆款产品打造上的持续 迭代能力与深厚储备，更为业务的规模化增长提供了强劲支撑。公司推出的《Whiteout Survival》 《Kingshot》《Tasty Travels: Merge Game》《无尽冬日》《奔奔王国》，在Sensor Tower 发布的《2026 年 6 月中国手游发行商全球收入排行榜》中以稳定的市场表现，再度蝉联全球手游发行商收入榜亚军。作为 公司业绩的“压舱石”，盛趣游戏聚焦核心IP 运营策略，深入挖掘私域流量的商业价值，落实“端手并进” 的打法，经营成效显著，为公司整体业,程序初筛，重点公司产品另行人工复核
002602,世纪华通,核心,Tasty Travels: Merge Game,3,11,进程。其中，互联网游戏业务作为核心板块，不仅稳固了行业龙头地 位，更形成了多爆款产品齐头并进的良性格局，这一态势不仅充分验证了公司在爆款产品打造上的持续 迭代能力与深厚储备，更为业务的规模化增长提供了强劲支撑。公司推出的《Whiteout Survival》 《Kingshot》《Tasty Travels: Merge Game》《无尽冬日》《奔奔王国》，在Sensor Tower 发布的《2026 年 6 月中国手游发行商全球收入排行榜》中以稳定的市场表现，再度蝉联全球手游发行商收入榜亚军。作为 公司业绩的“压舱石”，盛趣游戏聚焦核心IP 运营策略，深入挖掘私域流量的商业价值，落实“端手并进” 的打法，经营成效显著，为公司整体业绩提供有力支撑。人工智能云数据业务继续深化与腾讯云、华,程序初筛，重点公司产品另行人工复核
002602,世纪华通,核心,Whiteout Survival,3,11,势，通过持续优化经营策略、提 升运营效能，稳步推进高质量发展进程。其中，互联网游戏业务作为核心板块，不仅稳固了行业龙头地 位，更形成了多爆款产品齐头并进的良性格局，这一态势不仅充分验证了公司在爆款产品打造上的持续 迭代能力与深厚储备，更为业务的规模化增长提供了强劲支撑。公司推出的《Whiteout Survival》 《Kingshot》《Tasty Travels: Merge Game》《无尽冬日》《奔奔王国》，在Sensor Tower 发布的《2026 年 6 月中国手游发行商全球收入排行榜》中以稳定的市场表现，再度蝉联全球手游发行商收入榜亚军。作为 公司业绩的“压舱石”，盛趣游戏聚焦核心IP 运营策略，深入挖掘私域流量的商业价值，落实“端手并进” 的打法，经营,程序初筛，重点公司产品另行人工复核
002602,世纪华通,核心,传奇,3,178,"浙江世纪华通集团股份有限公司2026 年半年度报告全文 2、其他 重大未决诉讼 娱美德有限公司（以下简称“娱美德”）与本集团之子公司Actoz Soft 为《传奇》软件著作权的共同所 有人。根据两公司各自业务分立安排，娱美德的《传奇》著作权及相关权利义务由株式会社传奇IP（以 下简称“韩国传奇公司”，韩国传奇公司与娱美德在后文中合称为“娱美德方”）承继，Actoz Soft 的《传 奇》著作权及相关权利义务由公司子公司Zhen Chuanqi Co., Ltd 承继。 自2001 年6 月起，盛趣科技前身（原“盛大游戏”）与Actoz Soft 签署软件许可协议（以下简称“《软",程序初筛，重点公司产品另行人工复核
002602,世纪华通,核心,奔奔王国,3,11,更形成了多爆款产品齐头并进的良性格局，这一态势不仅充分验证了公司在爆款产品打造上的持续 迭代能力与深厚储备，更为业务的规模化增长提供了强劲支撑。公司推出的《Whiteout Survival》 《Kingshot》《Tasty Travels: Merge Game》《无尽冬日》《奔奔王国》，在Sensor Tower 发布的《2026 年 6 月中国手游发行商全球收入排行榜》中以稳定的市场表现，再度蝉联全球手游发行商收入榜亚军。作为 公司业绩的“压舱石”，盛趣游戏聚焦核心IP 运营策略，深入挖掘私域流量的商业价值，落实“端手并进” 的打法，经营成效显著，为公司整体业绩提供有力支撑。人工智能云数据业务继续深化与腾讯云、华为,程序初筛，重点公司产品另行人工复核
002602,世纪华通,核心,传奇世界,2,13,S 游戏畅销榜前列。 公司旗下盛趣游戏拥有超过25 年的游戏研发运营经验，是中国网络游戏产业的开创者。盛趣游戏不 断精进游戏品质，持续推出常青的优秀游戏作品。基于游戏产品的数量、成功率及游戏生命周期等多个 维度，盛趣游戏均处于业内领先地位。盛趣游戏先后推出和运营了《热血传奇》《传奇世界》《冒险岛》 《风云》《永恒之塔》《龙之谷》《传奇3》《最终幻想14》《传奇永恒》等数十款精品电脑端游戏。进 入移动端游戏时代，盛趣游戏成功发行代理游戏《扩散性百万亚瑟王》《LoveLive！学园偶像祭》等， 并推出自研的《热血传奇手机版》《传奇新百区-盟重神兵》《传奇世界手游》《传奇世界3D》《龙之 谷世界》《血族》《神无月》《光明勇士》《辐射：避难所Onl,程序初筛，重点公司产品另行人工复核
002602,世纪华通,核心,冒险岛,2,13,榜前列。 公司旗下盛趣游戏拥有超过25 年的游戏研发运营经验，是中国网络游戏产业的开创者。盛趣游戏不 断精进游戏品质，持续推出常青的优秀游戏作品。基于游戏产品的数量、成功率及游戏生命周期等多个 维度，盛趣游戏均处于业内领先地位。盛趣游戏先后推出和运营了《热血传奇》《传奇世界》《冒险岛》 《风云》《永恒之塔》《龙之谷》《传奇3》《最终幻想14》《传奇永恒》等数十款精品电脑端游戏。进 入移动端游戏时代，盛趣游戏成功发行代理游戏《扩散性百万亚瑟王》《LoveLive！学园偶像祭》等， 并推出自研的《热血传奇手机版》《传奇新百区-盟重神兵》《传奇世界手游》《传奇世界3D》《龙之 谷世界》《血族》《神无月》《光明勇士》《辐射：避难所Online》《,程序初筛，重点公司产品另行人工复核
002602,世纪华通,核心,最终幻想14,2,13,研发运营经验，是中国网络游戏产业的开创者。盛趣游戏不 断精进游戏品质，持续推出常青的优秀游戏作品。基于游戏产品的数量、成功率及游戏生命周期等多个 维度，盛趣游戏均处于业内领先地位。盛趣游戏先后推出和运营了《热血传奇》《传奇世界》《冒险岛》 《风云》《永恒之塔》《龙之谷》《传奇3》《最终幻想14》《传奇永恒》等数十款精品电脑端游戏。进 入移动端游戏时代，盛趣游戏成功发行代理游戏《扩散性百万亚瑟王》《LoveLive！学园偶像祭》等， 并推出自研的《热血传奇手机版》《传奇新百区-盟重神兵》《传奇世界手游》《传奇世界3D》《龙之 谷世界》《血族》《神无月》《光明勇士》《辐射：避难所Online》《庆余年》等标杆性游戏作品。 （2）IP 储备优势,程序初筛，重点公司产品另行人工复核
002602,世纪华通,核心,热血传奇,2,13,长期稳居iOS 游戏畅销榜前列。 公司旗下盛趣游戏拥有超过25 年的游戏研发运营经验，是中国网络游戏产业的开创者。盛趣游戏不 断精进游戏品质，持续推出常青的优秀游戏作品。基于游戏产品的数量、成功率及游戏生命周期等多个 维度，盛趣游戏均处于业内领先地位。盛趣游戏先后推出和运营了《热血传奇》《传奇世界》《冒险岛》 《风云》《永恒之塔》《龙之谷》《传奇3》《最终幻想14》《传奇永恒》等数十款精品电脑端游戏。进 入移动端游戏时代，盛趣游戏成功发行代理游戏《扩散性百万亚瑟王》《LoveLive！学园偶像祭》等， 并推出自研的《热血传奇手机版》《传奇新百区-盟重神兵》《传奇世界手游》《传奇世界3D》《龙之 谷世界》《血族》《神无月》《光明勇士》《辐射：,程序初筛，重点公司产品另行人工复核
002602,世纪华通,核心,龙之谷,2,13,有超过25 年的游戏研发运营经验，是中国网络游戏产业的开创者。盛趣游戏不 断精进游戏品质，持续推出常青的优秀游戏作品。基于游戏产品的数量、成功率及游戏生命周期等多个 维度，盛趣游戏均处于业内领先地位。盛趣游戏先后推出和运营了《热血传奇》《传奇世界》《冒险岛》 《风云》《永恒之塔》《龙之谷》《传奇3》《最终幻想14》《传奇永恒》等数十款精品电脑端游戏。进 入移动端游戏时代，盛趣游戏成功发行代理游戏《扩散性百万亚瑟王》《LoveLive！学园偶像祭》等， 并推出自研的《热血传奇手机版》《传奇新百区-盟重神兵》《传奇世界手游》《传奇世界3D》《龙之 谷世界》《血族》《神无月》《光明勇士》《辐射：避难所Online》《庆余年》等标杆性游戏作品。,程序初筛，重点公司产品另行人工复核
002602,世纪华通,核心,AION2,1,12,功拓展了年轻用户群体。 《彩虹岛：经典》《永恒之塔：经典》《饥困荒野》等一批重点产品或新版本正加速推进研发与上线筹 备工作。2026 年7 月，盛趣游戏与韩国游戏网络巨头NC 在中国上海举办“翼启”新品发布会，双方签订合 作备忘录达成合作意向，将共同推动大型次世代奇幻MMORPG《AION2》（中文译名：《永恒之塔2》） 未来在中国大陆地区的上线运营。 过去两年，公司积极布局新一代人工智能生成技术，在游戏研发、智能NPC、智能客服、智能测试等 AI 相关领域持续发力，通过对多元AI 技术的探索与应用，不仅显著提升了产品研发与运营效率，更在AI 测试、AI 工具研发等方面收获了一系列实质性成果。在技术落地层面，AI 已深度融入公司核心内容制作,程序初筛，重点公司产品另行人工复核
002602,世纪华通,核心,Dragonscapes Adventure,1,13,9 年开始加大自研产品 的投入，经历四年的打磨，在多个休闲品类上实现了突破，攀升至行业头部。如今，Century Games 已 经打造了《Family Farm Adventure 》《LiveTopia 》《FrozenCity 》《Whiteout Survival 》 《Dragonscapes Adventure》《Kingshot》《Truck Star》《Tasty Travels: Merge Game》等多款畅销 全球的游戏产品。 与此同时，点点互动以国内为主阵地，推出《无尽冬日》《奔奔王国》等热门产品，其中《无尽冬日》 长期稳居iOS 游戏畅销榜前列。 公司旗下盛趣游戏拥有超过25 年的游戏研发运营经验，是中国网络游戏产业的开创者。盛趣游戏不 断精进,程序初筛，重点公司产品另行人工复核
002602,世纪华通,核心,Extension Agreement,1,178,《传奇》软件著作权在中国大陆、香港地区独占性授权许可原盛大游戏使用， 有效期至2017 年9 月28 日。于2017 年6 月30 日，Actoz Soft 与蓝沙信息、Shengqu Games Limited（现 已更名为“Finplus Games Limited”）签署了《Extension Agreement》（以下简称“《续展协议》”），约定 将原《软件许可协议》项下授权有效期续展至2023 年9 月28 日，如蓝沙信息与Actoz Soft 在2023 年9 月28 日前未就《传奇》软件著作权授权许可事宜发生新的纠纷，则《软件许可协议》有效期自动无偿延 续至2025 年9 月28 日。 2017 年5 月，娱美德方向原《软件许可协议》中约定的争议解决,程序初筛，重点公司产品另行人工复核
002602,世纪华通,核心,Family Farm Adventure,1,13,、产品发行等方面拥有深厚的积累。公司旗下Century Games 不仅有逾十年的游戏海外发行运营经验，自主研发能力也在近年不断积累，从2019 年开始加大自研产品 的投入，经历四年的打磨，在多个休闲品类上实现了突破，攀升至行业头部。如今，Century Games 已 经打造了《Family Farm Adventure 》《LiveTopia 》《FrozenCity 》《Whiteout Survival 》 《Dragonscapes Adventure》《Kingshot》《Truck Star》《Tasty Travels: Merge Game》等多款畅销 全球的游戏产品。 与此同时，点点互动以国内为主阵地，推出《无尽冬日》《奔奔王国》等热门产品，其中《无尽冬,程序初筛，重点公司产品另行人工复核
002602,世纪华通,核心,FrozenCity,1,13,有逾十年的游戏海外发行运营经验，自主研发能力也在近年不断积累，从2019 年开始加大自研产品 的投入，经历四年的打磨，在多个休闲品类上实现了突破，攀升至行业头部。如今，Century Games 已 经打造了《Family Farm Adventure 》《LiveTopia 》《FrozenCity 》《Whiteout Survival 》 《Dragonscapes Adventure》《Kingshot》《Truck Star》《Tasty Travels: Merge Game》等多款畅销 全球的游戏产品。 与此同时，点点互动以国内为主阵地，推出《无尽冬日》《奔奔王国》等热门产品，其中《无尽冬日》 长期稳居iOS 游戏畅销榜前列。 公司旗,程序初筛，重点公司产品另行人工复核
002602,世纪华通,核心,LiveTopia,1,13,ury Games 不仅有逾十年的游戏海外发行运营经验，自主研发能力也在近年不断积累，从2019 年开始加大自研产品 的投入，经历四年的打磨，在多个休闲品类上实现了突破，攀升至行业头部。如今，Century Games 已 经打造了《Family Farm Adventure 》《LiveTopia 》《FrozenCity 》《Whiteout Survival 》 《Dragonscapes Adventure》《Kingshot》《Truck Star》《Tasty Travels: Merge Game》等多款畅销 全球的游戏产品。 与此同时，点点互动以国内为主阵地，推出《无尽冬日》《奔奔王国》等热门产品，其中《无尽冬日》 长期稳居iOS 游,程序初筛，重点公司产品另行人工复核
002602,世纪华通,核心,LoveLive！学园偶像祭,1,13,成功率及游戏生命周期等多个 维度，盛趣游戏均处于业内领先地位。盛趣游戏先后推出和运营了《热血传奇》《传奇世界》《冒险岛》 《风云》《永恒之塔》《龙之谷》《传奇3》《最终幻想14》《传奇永恒》等数十款精品电脑端游戏。进 入移动端游戏时代，盛趣游戏成功发行代理游戏《扩散性百万亚瑟王》《LoveLive！学园偶像祭》等， 并推出自研的《热血传奇手机版》《传奇新百区-盟重神兵》《传奇世界手游》《传奇世界3D》《龙之 谷世界》《血族》《神无月》《光明勇士》《辐射：避难所Online》《庆余年》等标杆性游戏作品。 （2）IP 储备优势 公司旗下拥有丰富的自主IP 储备，包括但不限于《热血传奇》《龙之谷》《传奇世界》《彩虹岛》 《英雄年代》等，以IP 为核心，从构建、发,程序初筛，重点公司产品另行人工复核
002602,世纪华通,核心,Truck Star,1,13,了突破，攀升至行业头部。如今，Century Games 已 经打造了《Family Farm Adventure 》《LiveTopia 》《FrozenCity 》《Whiteout Survival 》 《Dragonscapes Adventure》《Kingshot》《Truck Star》《Tasty Travels: Merge Game》等多款畅销 全球的游戏产品。 与此同时，点点互动以国内为主阵地，推出《无尽冬日》《奔奔王国》等热门产品，其中《无尽冬日》 长期稳居iOS 游戏畅销榜前列。 公司旗下盛趣游戏拥有超过25 年的游戏研发运营经验，是中国网络游戏产业的开创者。盛趣游戏不 断精进游戏品质，持续推出常青的优秀游戏作品。基于游,程序初筛，重点公司产品另行人工复核
002602,世纪华通,核心,传奇3,1,13,年的游戏研发运营经验，是中国网络游戏产业的开创者。盛趣游戏不 断精进游戏品质，持续推出常青的优秀游戏作品。基于游戏产品的数量、成功率及游戏生命周期等多个 维度，盛趣游戏均处于业内领先地位。盛趣游戏先后推出和运营了《热血传奇》《传奇世界》《冒险岛》 《风云》《永恒之塔》《龙之谷》《传奇3》《最终幻想14》《传奇永恒》等数十款精品电脑端游戏。进 入移动端游戏时代，盛趣游戏成功发行代理游戏《扩散性百万亚瑟王》《LoveLive！学园偶像祭》等， 并推出自研的《热血传奇手机版》《传奇新百区-盟重神兵》《传奇世界手游》《传奇世界3D》《龙之 谷世界》《血族》《神无月》《光明勇士》《辐射：避难所Online》《庆余年》等标杆性游戏作品。 （2）IP,程序初筛，重点公司产品另行人工复核
002602,世纪华通,核心,传奇世界3D,1,13,》《冒险岛》 《风云》《永恒之塔》《龙之谷》《传奇3》《最终幻想14》《传奇永恒》等数十款精品电脑端游戏。进 入移动端游戏时代，盛趣游戏成功发行代理游戏《扩散性百万亚瑟王》《LoveLive！学园偶像祭》等， 并推出自研的《热血传奇手机版》《传奇新百区-盟重神兵》《传奇世界手游》《传奇世界3D》《龙之 谷世界》《血族》《神无月》《光明勇士》《辐射：避难所Online》《庆余年》等标杆性游戏作品。 （2）IP 储备优势 公司旗下拥有丰富的自主IP 储备，包括但不限于《热血传奇》《龙之谷》《传奇世界》《彩虹岛》 《英雄年代》等，以IP 为核心，从构建、发展、成熟再到创新，围绕IP 深耕，持续推出优质游戏产品， 产品的生命周期长、用户粘性高，可持,程序初筛，重点公司产品另行人工复核
002602,世纪华通,核心,传奇世界手游,1,13,传奇》《传奇世界》《冒险岛》 《风云》《永恒之塔》《龙之谷》《传奇3》《最终幻想14》《传奇永恒》等数十款精品电脑端游戏。进 入移动端游戏时代，盛趣游戏成功发行代理游戏《扩散性百万亚瑟王》《LoveLive！学园偶像祭》等， 并推出自研的《热血传奇手机版》《传奇新百区-盟重神兵》《传奇世界手游》《传奇世界3D》《龙之 谷世界》《血族》《神无月》《光明勇士》《辐射：避难所Online》《庆余年》等标杆性游戏作品。 （2）IP 储备优势 公司旗下拥有丰富的自主IP 储备，包括但不限于《热血传奇》《龙之谷》《传奇世界》《彩虹岛》 《英雄年代》等，以IP 为核心，从构建、发展、成熟再到创新，围绕IP 深耕，持续推出优质游戏产品， 产品的生命周期长、,程序初筛，重点公司产品另行人工复核
002602,世纪华通,核心,传奇世界无双,1,12,命力；2025 年8 月上市的产品《奔奔王国》也表现不俗，排名稳步提 升。 作为公司业绩的“压舱石”，盛趣游戏聚焦核心IP 运营策略，深入挖掘私域流量的商业价值，落实“端 手并进”的打法，经营成效显著，为公司整体业绩提供有力支撑。上半年相继推出《传奇新百区合击-盟重 神兵》、《传奇世界无双》、全球放置RPG《幻兽征途：放置冒险》（Fantamon: Idle RPG）、《大航海 时代：起源》、韩国版《龙之谷世界》（Dragon Nest World）等新品。上述产品通过差异化的玩法设计、 高频的内容更新以及精细化的用户运营，有效吸引了大量老玩家回流，同时成功拓展了年轻用户群体。 《彩虹岛：经典》《永恒之塔：经典》《饥困荒野》等一批重点产品或新版,程序初筛，重点公司产品另行人工复核
002602,世纪华通,核心,传奇新百区-盟重神兵,1,13,戏先后推出和运营了《热血传奇》《传奇世界》《冒险岛》 《风云》《永恒之塔》《龙之谷》《传奇3》《最终幻想14》《传奇永恒》等数十款精品电脑端游戏。进 入移动端游戏时代，盛趣游戏成功发行代理游戏《扩散性百万亚瑟王》《LoveLive！学园偶像祭》等， 并推出自研的《热血传奇手机版》《传奇新百区-盟重神兵》《传奇世界手游》《传奇世界3D》《龙之 谷世界》《血族》《神无月》《光明勇士》《辐射：避难所Online》《庆余年》等标杆性游戏作品。 （2）IP 储备优势 公司旗下拥有丰富的自主IP 储备，包括但不限于《热血传奇》《龙之谷》《传奇世界》《彩虹岛》 《英雄年代》等，以IP 为核心，从构建、发展、成熟再到创新，围绕IP 深耕，持续推出优质游戏产品， 产,程序初筛，重点公司产品另行人工复核
002602,世纪华通,核心,传奇永恒,1,13,中国网络游戏产业的开创者。盛趣游戏不 断精进游戏品质，持续推出常青的优秀游戏作品。基于游戏产品的数量、成功率及游戏生命周期等多个 维度，盛趣游戏均处于业内领先地位。盛趣游戏先后推出和运营了《热血传奇》《传奇世界》《冒险岛》 《风云》《永恒之塔》《龙之谷》《传奇3》《最终幻想14》《传奇永恒》等数十款精品电脑端游戏。进 入移动端游戏时代，盛趣游戏成功发行代理游戏《扩散性百万亚瑟王》《LoveLive！学园偶像祭》等， 并推出自研的《热血传奇手机版》《传奇新百区-盟重神兵》《传奇世界手游》《传奇世界3D》《龙之 谷世界》《血族》《神无月》《光明勇士》《辐射：避难所Online》《庆余年》等标杆性游戏作品。 （2）IP 储备优势 公司旗下拥有,程序初筛，重点公司产品另行人工复核
002602,世纪华通,核心,光明勇士,1,13,3》《最终幻想14》《传奇永恒》等数十款精品电脑端游戏。进 入移动端游戏时代，盛趣游戏成功发行代理游戏《扩散性百万亚瑟王》《LoveLive！学园偶像祭》等， 并推出自研的《热血传奇手机版》《传奇新百区-盟重神兵》《传奇世界手游》《传奇世界3D》《龙之 谷世界》《血族》《神无月》《光明勇士》《辐射：避难所Online》《庆余年》等标杆性游戏作品。 （2）IP 储备优势 公司旗下拥有丰富的自主IP 储备，包括但不限于《热血传奇》《龙之谷》《传奇世界》《彩虹岛》 《英雄年代》等，以IP 为核心，从构建、发展、成熟再到创新，围绕IP 深耕，持续推出优质游戏产品， 产品的生命周期长、用户粘性高，可持续稳定为公司贡献收入。例如，“传奇”作为市场上,程序初筛，重点公司产品另行人工复核
002602,世纪华通,核心,幻兽征途：放置冒险,1,12,品《奔奔王国》也表现不俗，排名稳步提 升。 作为公司业绩的“压舱石”，盛趣游戏聚焦核心IP 运营策略，深入挖掘私域流量的商业价值，落实“端 手并进”的打法，经营成效显著，为公司整体业绩提供有力支撑。上半年相继推出《传奇新百区合击-盟重 神兵》、《传奇世界无双》、全球放置RPG《幻兽征途：放置冒险》（Fantamon: Idle RPG）、《大航海 时代：起源》、韩国版《龙之谷世界》（Dragon Nest World）等新品。上述产品通过差异化的玩法设计、 高频的内容更新以及精细化的用户运营，有效吸引了大量老玩家回流，同时成功拓展了年轻用户群体。 《彩虹岛：经典》《永恒之塔：经典》《饥困荒野》等一批重点产品或新版本正加速推进研发与上线筹 备工作。20,程序初筛，重点公司产品另行人工复核
002602,世纪华通,核心,庆余年,1,13,精品电脑端游戏。进 入移动端游戏时代，盛趣游戏成功发行代理游戏《扩散性百万亚瑟王》《LoveLive！学园偶像祭》等， 并推出自研的《热血传奇手机版》《传奇新百区-盟重神兵》《传奇世界手游》《传奇世界3D》《龙之 谷世界》《血族》《神无月》《光明勇士》《辐射：避难所Online》《庆余年》等标杆性游戏作品。 （2）IP 储备优势 公司旗下拥有丰富的自主IP 储备，包括但不限于《热血传奇》《龙之谷》《传奇世界》《彩虹岛》 《英雄年代》等，以IP 为核心，从构建、发展、成熟再到创新，围绕IP 深耕，持续推出优质游戏产品， 产品的生命周期长、用户粘性高，可持续稳定为公司贡献收入。例如，“传奇”作为市场上的品类级IP，,程序初筛，重点公司产品另行人工复核
002602,世纪华通,核心,彩虹岛,1,13,奇手机版》《传奇新百区-盟重神兵》《传奇世界手游》《传奇世界3D》《龙之 谷世界》《血族》《神无月》《光明勇士》《辐射：避难所Online》《庆余年》等标杆性游戏作品。 （2）IP 储备优势 公司旗下拥有丰富的自主IP 储备，包括但不限于《热血传奇》《龙之谷》《传奇世界》《彩虹岛》 《英雄年代》等，以IP 为核心，从构建、发展、成熟再到创新，围绕IP 深耕，持续推出优质游戏产品， 产品的生命周期长、用户粘性高，可持续稳定为公司贡献收入。例如，“传奇”作为市场上的品类级IP，,程序初筛，重点公司产品另行人工复核
002602,世纪华通,核心,彩虹岛：经典,1,12,G《幻兽征途：放置冒险》（Fantamon: Idle RPG）、《大航海 时代：起源》、韩国版《龙之谷世界》（Dragon Nest World）等新品。上述产品通过差异化的玩法设计、 高频的内容更新以及精细化的用户运营，有效吸引了大量老玩家回流，同时成功拓展了年轻用户群体。 《彩虹岛：经典》《永恒之塔：经典》《饥困荒野》等一批重点产品或新版本正加速推进研发与上线筹 备工作。2026 年7 月，盛趣游戏与韩国游戏网络巨头NC 在中国上海举办“翼启”新品发布会，双方签订合 作备忘录达成合作意向，将共同推动大型次世代奇幻MMORPG《AION2》（中文译名：《永恒之塔2》） 未来在中国大陆地区的上线运营。 过去两年，公司积极布局新一代人工智能生成,程序初筛，重点公司产品另行人工复核
002602,世纪华通,核心,扩散性百万亚瑟王,1,13,基于游戏产品的数量、成功率及游戏生命周期等多个 维度，盛趣游戏均处于业内领先地位。盛趣游戏先后推出和运营了《热血传奇》《传奇世界》《冒险岛》 《风云》《永恒之塔》《龙之谷》《传奇3》《最终幻想14》《传奇永恒》等数十款精品电脑端游戏。进 入移动端游戏时代，盛趣游戏成功发行代理游戏《扩散性百万亚瑟王》《LoveLive！学园偶像祭》等， 并推出自研的《热血传奇手机版》《传奇新百区-盟重神兵》《传奇世界手游》《传奇世界3D》《龙之 谷世界》《血族》《神无月》《光明勇士》《辐射：避难所Online》《庆余年》等标杆性游戏作品。 （2）IP 储备优势 公司旗下拥有丰富的自主IP 储备，包括但不限于《热血传奇》《龙之谷》《传奇世界》《彩虹岛》 《英雄年代,程序初筛，重点公司产品另行人工复核
002602,世纪华通,核心,永恒之塔,1,13,下盛趣游戏拥有超过25 年的游戏研发运营经验，是中国网络游戏产业的开创者。盛趣游戏不 断精进游戏品质，持续推出常青的优秀游戏作品。基于游戏产品的数量、成功率及游戏生命周期等多个 维度，盛趣游戏均处于业内领先地位。盛趣游戏先后推出和运营了《热血传奇》《传奇世界》《冒险岛》 《风云》《永恒之塔》《龙之谷》《传奇3》《最终幻想14》《传奇永恒》等数十款精品电脑端游戏。进 入移动端游戏时代，盛趣游戏成功发行代理游戏《扩散性百万亚瑟王》《LoveLive！学园偶像祭》等， 并推出自研的《热血传奇手机版》《传奇新百区-盟重神兵》《传奇世界手游》《传奇世界3D》《龙之 谷世界》《血族》《神无月》《光明勇士》《辐射：避难所Online》《庆余年》等标杆性游戏作,程序初筛，重点公司产品另行人工复核
002602,世纪华通,核心,永恒之塔2,1,12,彩虹岛：经典》《永恒之塔：经典》《饥困荒野》等一批重点产品或新版本正加速推进研发与上线筹 备工作。2026 年7 月，盛趣游戏与韩国游戏网络巨头NC 在中国上海举办“翼启”新品发布会，双方签订合 作备忘录达成合作意向，将共同推动大型次世代奇幻MMORPG《AION2》（中文译名：《永恒之塔2》） 未来在中国大陆地区的上线运营。 过去两年，公司积极布局新一代人工智能生成技术，在游戏研发、智能NPC、智能客服、智能测试等 AI 相关领域持续发力，通过对多元AI 技术的探索与应用，不仅显著提升了产品研发与运营效率，更在AI 测试、AI 工具研发等方面收获了一系列实质性成果。在技术落地层面，AI 已深度融入公司核心内容制作 流程，实现了提质增效。,程序初筛，重点公司产品另行人工复核
002602,世纪华通,核心,永恒之塔：经典,1,12,置冒险》（Fantamon: Idle RPG）、《大航海 时代：起源》、韩国版《龙之谷世界》（Dragon Nest World）等新品。上述产品通过差异化的玩法设计、 高频的内容更新以及精细化的用户运营，有效吸引了大量老玩家回流，同时成功拓展了年轻用户群体。 《彩虹岛：经典》《永恒之塔：经典》《饥困荒野》等一批重点产品或新版本正加速推进研发与上线筹 备工作。2026 年7 月，盛趣游戏与韩国游戏网络巨头NC 在中国上海举办“翼启”新品发布会，双方签订合 作备忘录达成合作意向，将共同推动大型次世代奇幻MMORPG《AION2》（中文译名：《永恒之塔2》） 未来在中国大陆地区的上线运营。 过去两年，公司积极布局新一代人工智能生成技术，在游戏研发、,程序初筛，重点公司产品另行人工复核
002602,世纪华通,核心,热血传奇手机版,1,13,内领先地位。盛趣游戏先后推出和运营了《热血传奇》《传奇世界》《冒险岛》 《风云》《永恒之塔》《龙之谷》《传奇3》《最终幻想14》《传奇永恒》等数十款精品电脑端游戏。进 入移动端游戏时代，盛趣游戏成功发行代理游戏《扩散性百万亚瑟王》《LoveLive！学园偶像祭》等， 并推出自研的《热血传奇手机版》《传奇新百区-盟重神兵》《传奇世界手游》《传奇世界3D》《龙之 谷世界》《血族》《神无月》《光明勇士》《辐射：避难所Online》《庆余年》等标杆性游戏作品。 （2）IP 储备优势 公司旗下拥有丰富的自主IP 储备，包括但不限于《热血传奇》《龙之谷》《传奇世界》《彩虹岛》 《英雄年代》等，以IP 为核心，从构建、发展、成熟再到创新，围绕IP 深耕，持,程序初筛，重点公司产品另行人工复核
002602,世纪华通,核心,神无月,1,13,谷》《传奇3》《最终幻想14》《传奇永恒》等数十款精品电脑端游戏。进 入移动端游戏时代，盛趣游戏成功发行代理游戏《扩散性百万亚瑟王》《LoveLive！学园偶像祭》等， 并推出自研的《热血传奇手机版》《传奇新百区-盟重神兵》《传奇世界手游》《传奇世界3D》《龙之 谷世界》《血族》《神无月》《光明勇士》《辐射：避难所Online》《庆余年》等标杆性游戏作品。 （2）IP 储备优势 公司旗下拥有丰富的自主IP 储备，包括但不限于《热血传奇》《龙之谷》《传奇世界》《彩虹岛》 《英雄年代》等，以IP 为核心，从构建、发展、成熟再到创新，围绕IP 深耕，持续推出优质游戏产品， 产品的生命周期长、用户粘性高，可持续稳定为公司贡献收入。例如，“传奇,程序初筛，重点公司产品另行人工复核
002602,世纪华通,核心,英雄年代,1,13,传奇新百区-盟重神兵》《传奇世界手游》《传奇世界3D》《龙之 谷世界》《血族》《神无月》《光明勇士》《辐射：避难所Online》《庆余年》等标杆性游戏作品。 （2）IP 储备优势 公司旗下拥有丰富的自主IP 储备，包括但不限于《热血传奇》《龙之谷》《传奇世界》《彩虹岛》 《英雄年代》等，以IP 为核心，从构建、发展、成熟再到创新，围绕IP 深耕，持续推出优质游戏产品， 产品的生命周期长、用户粘性高，可持续稳定为公司贡献收入。例如，“传奇”作为市场上的品类级IP，,程序初筛，重点公司产品另行人工复核
002602,世纪华通,核心,血族,1,13,》《龙之谷》《传奇3》《最终幻想14》《传奇永恒》等数十款精品电脑端游戏。进 入移动端游戏时代，盛趣游戏成功发行代理游戏《扩散性百万亚瑟王》《LoveLive！学园偶像祭》等， 并推出自研的《热血传奇手机版》《传奇新百区-盟重神兵》《传奇世界手游》《传奇世界3D》《龙之 谷世界》《血族》《神无月》《光明勇士》《辐射：避难所Online》《庆余年》等标杆性游戏作品。 （2）IP 储备优势 公司旗下拥有丰富的自主IP 储备，包括但不限于《热血传奇》《龙之谷》《传奇世界》《彩虹岛》 《英雄年代》等，以IP 为核心，从构建、发展、成熟再到创新，围绕IP 深耕，持续推出优质游戏产品， 产品的生命周期长、用户粘性高，可持续稳定为公司贡献收入。例,程序初筛，重点公司产品另行人工复核
002602,世纪华通,核心,辐射：避难所Online,1,13,想14》《传奇永恒》等数十款精品电脑端游戏。进 入移动端游戏时代，盛趣游戏成功发行代理游戏《扩散性百万亚瑟王》《LoveLive！学园偶像祭》等， 并推出自研的《热血传奇手机版》《传奇新百区-盟重神兵》《传奇世界手游》《传奇世界3D》《龙之 谷世界》《血族》《神无月》《光明勇士》《辐射：避难所Online》《庆余年》等标杆性游戏作品。 （2）IP 储备优势 公司旗下拥有丰富的自主IP 储备，包括但不限于《热血传奇》《龙之谷》《传奇世界》《彩虹岛》 《英雄年代》等，以IP 为核心，从构建、发展、成熟再到创新，围绕IP 深耕，持续推出优质游戏产品， 产品的生命周期长、用户粘性高，可持续稳定为公司贡献收入。例如，“传奇”作为市场上的品类级IP，,程序初筛，重点公司产品另行人工复核
002602,世纪华通,核心,风云,1,13,公司旗下盛趣游戏拥有超过25 年的游戏研发运营经验，是中国网络游戏产业的开创者。盛趣游戏不 断精进游戏品质，持续推出常青的优秀游戏作品。基于游戏产品的数量、成功率及游戏生命周期等多个 维度，盛趣游戏均处于业内领先地位。盛趣游戏先后推出和运营了《热血传奇》《传奇世界》《冒险岛》 《风云》《永恒之塔》《龙之谷》《传奇3》《最终幻想14》《传奇永恒》等数十款精品电脑端游戏。进 入移动端游戏时代，盛趣游戏成功发行代理游戏《扩散性百万亚瑟王》《LoveLive！学园偶像祭》等， 并推出自研的《热血传奇手机版》《传奇新百区-盟重神兵》《传奇世界手游》《传奇世界3D》《龙之 谷世界》《血族》《神无月》《光明勇士》《辐射：避难所Online》《庆余年》等,程序初筛，重点公司产品另行人工复核
002602,世纪华通,核心,饥困荒野,1,12,amon: Idle RPG）、《大航海 时代：起源》、韩国版《龙之谷世界》（Dragon Nest World）等新品。上述产品通过差异化的玩法设计、 高频的内容更新以及精细化的用户运营，有效吸引了大量老玩家回流，同时成功拓展了年轻用户群体。 《彩虹岛：经典》《永恒之塔：经典》《饥困荒野》等一批重点产品或新版本正加速推进研发与上线筹 备工作。2026 年7 月，盛趣游戏与韩国游戏网络巨头NC 在中国上海举办“翼启”新品发布会，双方签订合 作备忘录达成合作意向，将共同推动大型次世代奇幻MMORPG《AION2》（中文译名：《永恒之塔2》） 未来在中国大陆地区的上线运营。 过去两年，公司积极布局新一代人工智能生成技术，在游戏研发、智能NPC、,程序初筛，重点公司产品另行人工复核
002602,世纪华通,核心,龙之谷世界,1,12,运营策略，深入挖掘私域流量的商业价值，落实“端 手并进”的打法，经营成效显著，为公司整体业绩提供有力支撑。上半年相继推出《传奇新百区合击-盟重 神兵》、《传奇世界无双》、全球放置RPG《幻兽征途：放置冒险》（Fantamon: Idle RPG）、《大航海 时代：起源》、韩国版《龙之谷世界》（Dragon Nest World）等新品。上述产品通过差异化的玩法设计、 高频的内容更新以及精细化的用户运营，有效吸引了大量老玩家回流，同时成功拓展了年轻用户群体。 《彩虹岛：经典》《永恒之塔：经典》《饥困荒野》等一批重点产品或新版本正加速推进研发与上线筹 备工作。2026 年7 月，盛趣游戏与韩国游戏网络巨头NC 在中国上海举办“翼启”新品发布会，双方,程序初筛，重点公司产品另行人工复核
002624,完美世界,核心,异环,31,9,戏出海，确立了深 厚技术积累和自主创新基因。伴随移动网络的普及和硬件性能的提升，端游转手游的行业趋势全面爆 发，公司率先抓住机遇，成功推出《诛仙》手游、《完美世界》手游等多款产品，大获成功。近年来，为 满足日益升级与丰富多元的用户需求，公司积极开拓以《女神异闻录：夜幕魅影》《异环》为代表的潮流 创新品类，形成“经典品类与潮流品类双轨并进”的协同发展模式，构建起涵盖端游、手游、主机游戏、云 游戏以及小程序游戏的全平台研发与发行能力，并深入推进AI 等前沿技术革新与应用实践，推动游戏业 务健康发展。 完美世界电竞业务是公司业务矩阵中的长青板块。依托知名电竞产品《DOTA2（刀塔）》及《CS （反恐精英：全球攻势）》在中国大陆地区,程序初筛，重点公司产品另行人工复核
002624,完美世界,核心,诛仙,10,9,司从事的主要业务 完美世界是一家全球性的文化娱乐产业集团，公司聚焦网络游戏的研发、发行及运营业务，同时布 局电视剧、短剧制作等影视业务。 完美世界游戏业务前身创立于1997 年，公司早期依托自主研发的3D 游戏引擎，成功推出了《完美 世界经典版》《完美世界国际版》《诛仙》等多款大型MMORPG 端游，并积极推动游戏出海，确立了深 厚技术积累和自主创新基因。伴随移动网络的普及和硬件性能的提升，端游转手游的行业趋势全面爆 发，公司率先抓住机遇，成功推出《诛仙》手游、《完美世界》手游等多款产品，大获成功。近年来，为 满足日益升级与丰富多元的用户需求，公司积极开拓以《女神异闻录：夜幕魅影》《异环》为代表的潮流 创新品类，形成,程序初筛，重点公司产品另行人工复核
002624,完美世界,核心,梦幻新诛仙,4,9,司已形成“经典品类与潮流品类双轨并进”的协同发展模式。完美世界IP、诛仙IP 和武侠魔幻IP 三大核心矩阵构成经典品类基本盘，公司依托丰富的跨平台研发经验，推动IP 价值的长周 期转化。例如，诛仙IP 历经二十年长线运营，先后孵化出《诛仙》端游、《梦幻诛仙》端游、《诛仙》手 游、《梦幻新诛仙》手游、《诛仙世界》端游、《诛仙2》手游等多款精品，基于诛仙IP 的全新产品《梦幻 新诛仙：轻享》已定档2026 年9 月3 日公测，系列化产品形成了覆盖多端、代际传承的内容矩阵，实现 8 ===== 第 10 页 =====,程序初筛，重点公司产品另行人工复核
002624,完美世界,核心,CS（反恐精英：全球攻势）,3,10,升级产品。潮流品类方面， 公司以《幻塔》项目为发端，积累起内容向产品的全流程研发及发行经验，开拓了全新用户群体，并成 功实现经验复用，先后推出《女神异闻录：夜幕魅影》《异环》等精品游戏，进一步扩大潮流品类矩阵。 电竞业务方面，公司依托知名电竞产品《DOTA2（刀塔）》及《CS（反恐精英：全球攻势）》在中国 大陆地区的独家运营权，秉持“赛事带动产品、赛事带动出海”的发展路径，以金字塔型赛事体系持续升级 电竞生态。以《CS（反恐精英：全球攻势）》为例：塔基是公司打造的全民赛事PNL（完美世界CS 全国 联赛），设立有大众赛道、高校赛道、社区赛道，提供广泛的用户基础与人才来源；塔身是PWC（完美 世界CS 挑战赛），每年多次举行，为半职业战队提供低成本参赛通,程序初筛，重点公司产品另行人工复核
002624,完美世界,核心,DOTA2（刀塔）,3,9,流 创新品类，形成“经典品类与潮流品类双轨并进”的协同发展模式，构建起涵盖端游、手游、主机游戏、云 游戏以及小程序游戏的全平台研发与发行能力，并深入推进AI 等前沿技术革新与应用实践，推动游戏业 务健康发展。 完美世界电竞业务是公司业务矩阵中的长青板块。依托知名电竞产品《DOTA2（刀塔）》及《CS （反恐精英：全球攻势）》在中国大陆地区的独家运营权，公司秉持“赛事带动产品、赛事带动出海”的发 展路径，积极打造完整的电竞生态体系。从2019 年协助举办《DOTA2》2019 年国际邀请赛（Ti9），到 2024 年成功主办2024 反恐精英世界锦标赛（上海Major），公司已积累起富有全球竞争力的顶级赛事运营 与制作经验。同时，公司成立蒸汽平台,程序初筛，重点公司产品另行人工复核
002624,完美世界,核心,九个弹孔,3,10,换。 影视业务方面，观众喜好日趋多元，公司始终拒绝题材固化，坚持走精品化、多元化的并行路线。 在内容选题与剧本打磨层面，创作团队始终坚守优质内容底色，挑选有时代共鸣、有文化根脉、有现实 关照的题材，精准布局不同赛道优质剧集。现实职场题材《夜色正浓》聚焦当代职场成长，《九个弹孔》 勾勒生动立体、有血有肉、有勇有谋的革命将领形象，《云襄传之将进酒》深耕武侠江湖与权谋博弈， 《芳名三九》演绎坚韧女性在时代洪流中的挣扎与蜕变，多部题材差异化作品齐发，构建丰富完善的影 视内容矩阵。 3、全球视野开拓海外市场 多年来，公司持续深入“产品精品化、出海全球化”的国际化战略，不断夯实精品研发及制作能力，创,程序初筛，重点公司产品另行人工复核
002624,完美世界,核心,云襄传之将进酒,3,10,固化，坚持走精品化、多元化的并行路线。 在内容选题与剧本打磨层面，创作团队始终坚守优质内容底色，挑选有时代共鸣、有文化根脉、有现实 关照的题材，精准布局不同赛道优质剧集。现实职场题材《夜色正浓》聚焦当代职场成长，《九个弹孔》 勾勒生动立体、有血有肉、有勇有谋的革命将领形象，《云襄传之将进酒》深耕武侠江湖与权谋博弈， 《芳名三九》演绎坚韧女性在时代洪流中的挣扎与蜕变，多部题材差异化作品齐发，构建丰富完善的影 视内容矩阵。 3、全球视野开拓海外市场 多年来，公司持续深入“产品精品化、出海全球化”的国际化战略，不断夯实精品研发及制作能力，创,程序初筛，重点公司产品另行人工复核
002624,完美世界,核心,夜色正浓,3,10,商业闭环，实现内容沉淀与价值转 换。 影视业务方面，观众喜好日趋多元，公司始终拒绝题材固化，坚持走精品化、多元化的并行路线。 在内容选题与剧本打磨层面，创作团队始终坚守优质内容底色，挑选有时代共鸣、有文化根脉、有现实 关照的题材，精准布局不同赛道优质剧集。现实职场题材《夜色正浓》聚焦当代职场成长，《九个弹孔》 勾勒生动立体、有血有肉、有勇有谋的革命将领形象，《云襄传之将进酒》深耕武侠江湖与权谋博弈， 《芳名三九》演绎坚韧女性在时代洪流中的挣扎与蜕变，多部题材差异化作品齐发，构建丰富完善的影 视内容矩阵。 3、全球视野开拓海外市场 多年来，公司持续深入“产品精品化、出海全球化”的国际化战略，不断夯实精品研发及制作能力,程序初筛，重点公司产品另行人工复核
002624,完美世界,核心,女神异闻录：夜幕魅影,3,9,PG 端游，并积极推动游戏出海，确立了深 厚技术积累和自主创新基因。伴随移动网络的普及和硬件性能的提升，端游转手游的行业趋势全面爆 发，公司率先抓住机遇，成功推出《诛仙》手游、《完美世界》手游等多款产品，大获成功。近年来，为 满足日益升级与丰富多元的用户需求，公司积极开拓以《女神异闻录：夜幕魅影》《异环》为代表的潮流 创新品类，形成“经典品类与潮流品类双轨并进”的协同发展模式，构建起涵盖端游、手游、主机游戏、云 游戏以及小程序游戏的全平台研发与发行能力，并深入推进AI 等前沿技术革新与应用实践，推动游戏业 务健康发展。 完美世界电竞业务是公司业务矩阵中的长青板块。依托知名电竞产品《DOTA2（刀塔）》及《CS （反恐精英：全球攻势）》在中国,程序初筛，重点公司产品另行人工复核
002624,完美世界,核心,梦幻新诛仙：轻享,3,14,二十年长线运营，先后孵化出《诛仙》端游、 《梦幻诛仙》端游、《诛仙》手游、《梦幻新诛仙》手游、《诛仙世界》端游、《诛仙2》手游等多款精品游 戏。端游产品《诛仙》即将运营满20 周年，《诛仙》手游上线已10 周年，《梦幻新诛仙》手游公测已满5 周年，定位轻量化减负的回合MMO 新品《梦幻新诛仙：轻享》已定档2026 年9 月3 日公测。不同产品 在各自的发展阶段，都在技术迭代、玩法更新、用户导向等层面实现创新融合，通过长线精细化运营激 活IP 长效生命力，充分释放IP 的可持续长尾商业与文化价值。 公司自研的超自然都市开放世界RPG 游戏《异环》于2026 年4 月开启全球公测，面向全球180 余个 国家及地区，在PC、安卓、iOS、M,程序初筛，重点公司产品另行人工复核
002624,完美世界,核心,梦幻诛仙,3,9,发展根基。 游戏业务方面，公司已形成“经典品类与潮流品类双轨并进”的协同发展模式。完美世界IP、诛仙IP 和武侠魔幻IP 三大核心矩阵构成经典品类基本盘，公司依托丰富的跨平台研发经验，推动IP 价值的长周 期转化。例如，诛仙IP 历经二十年长线运营，先后孵化出《诛仙》端游、《梦幻诛仙》端游、《诛仙》手 游、《梦幻新诛仙》手游、《诛仙世界》端游、《诛仙2》手游等多款精品，基于诛仙IP 的全新产品《梦幻 新诛仙：轻享》已定档2026 年9 月3 日公测，系列化产品形成了覆盖多端、代际传承的内容矩阵，实现 8 ===== 第 10 页,程序初筛，重点公司产品另行人工复核
002624,完美世界,核心,芳名三九,3,10,容选题与剧本打磨层面，创作团队始终坚守优质内容底色，挑选有时代共鸣、有文化根脉、有现实 关照的题材，精准布局不同赛道优质剧集。现实职场题材《夜色正浓》聚焦当代职场成长，《九个弹孔》 勾勒生动立体、有血有肉、有勇有谋的革命将领形象，《云襄传之将进酒》深耕武侠江湖与权谋博弈， 《芳名三九》演绎坚韧女性在时代洪流中的挣扎与蜕变，多部题材差异化作品齐发，构建丰富完善的影 视内容矩阵。 3、全球视野开拓海外市场 多年来，公司持续深入“产品精品化、出海全球化”的国际化战略，不断夯实精品研发及制作能力，创 9 ===== 第 1,程序初筛，重点公司产品另行人工复核
002624,完美世界,核心,诛仙2,3,9,的协同发展模式。完美世界IP、诛仙IP 和武侠魔幻IP 三大核心矩阵构成经典品类基本盘，公司依托丰富的跨平台研发经验，推动IP 价值的长周 期转化。例如，诛仙IP 历经二十年长线运营，先后孵化出《诛仙》端游、《梦幻诛仙》端游、《诛仙》手 游、《梦幻新诛仙》手游、《诛仙世界》端游、《诛仙2》手游等多款精品，基于诛仙IP 的全新产品《梦幻 新诛仙：轻享》已定档2026 年9 月3 日公测，系列化产品形成了覆盖多端、代际传承的内容矩阵，实现 8 ===== 第 10 页 =====,程序初筛，重点公司产品另行人工复核
002624,完美世界,核心,诛仙世界,3,9,潮流品类双轨并进”的协同发展模式。完美世界IP、诛仙IP 和武侠魔幻IP 三大核心矩阵构成经典品类基本盘，公司依托丰富的跨平台研发经验，推动IP 价值的长周 期转化。例如，诛仙IP 历经二十年长线运营，先后孵化出《诛仙》端游、《梦幻诛仙》端游、《诛仙》手 游、《梦幻新诛仙》手游、《诛仙世界》端游、《诛仙2》手游等多款精品，基于诛仙IP 的全新产品《梦幻 新诛仙：轻享》已定档2026 年9 月3 日公测，系列化产品形成了覆盖多端、代际传承的内容矩阵，实现 8 ===== 第 10 页 =====,程序初筛，重点公司产品另行人工复核
002624,完美世界,核心,云雀叫天录,2,13,"利下降，主要 原因是报告期内播出的影视剧数量同比减少。 公司影视业务以“减量提质”为核心导向，通过“长剧深耕、短剧精作、共生共长”三大策略，稳健推进 影视业务发展。2026 年以来，公司出品的《夜色正浓》《九个弹孔》等剧集先后播出，收获观众喜爱。目 前公司储备的《醒来》《云雀叫天录》《云襄传之将进酒》《芳名三九》《何不同舟渡》等影视作品正在制 作、发行、排播过程中。 3、报告期内，公司非经常性收益9,216.94 万元，主要由政府补助、公允价值变动收益、应收账款减 值准备转回等构成；上年同期，公司非经常性收益18,512.25 万元，主要由出售乘风工作室产生的处置收 益、政府补助、公允价值变动收益等构成。 （二）主营业",程序初筛，重点公司产品另行人工复核
002624,完美世界,核心,何不同舟渡,2,13,"量同比减少。 公司影视业务以“减量提质”为核心导向，通过“长剧深耕、短剧精作、共生共长”三大策略，稳健推进 影视业务发展。2026 年以来，公司出品的《夜色正浓》《九个弹孔》等剧集先后播出，收获观众喜爱。目 前公司储备的《醒来》《云雀叫天录》《云襄传之将进酒》《芳名三九》《何不同舟渡》等影视作品正在制 作、发行、排播过程中。 3、报告期内，公司非经常性收益9,216.94 万元，主要由政府补助、公允价值变动收益、应收账款减 值准备转回等构成；上年同期，公司非经常性收益18,512.25 万元，主要由出售乘风工作室产生的处置收 益、政府补助、公允价值变动收益等构成。 （二）主营业务经营情况",程序初筛，重点公司产品另行人工复核
002624,完美世界,核心,完美世界国际版,2,9,一、报告期内公司从事的主要业务 完美世界是一家全球性的文化娱乐产业集团，公司聚焦网络游戏的研发、发行及运营业务，同时布 局电视剧、短剧制作等影视业务。 完美世界游戏业务前身创立于1997 年，公司早期依托自主研发的3D 游戏引擎，成功推出了《完美 世界经典版》《完美世界国际版》《诛仙》等多款大型MMORPG 端游，并积极推动游戏出海，确立了深 厚技术积累和自主创新基因。伴随移动网络的普及和硬件性能的提升，端游转手游的行业趋势全面爆 发，公司率先抓住机遇，成功推出《诛仙》手游、《完美世界》手游等多款产品，大获成功。近年来，为 满足日益升级与丰富多元的用户需求，公司积极开拓以《女神异闻录：夜幕魅影》《异环》为代表的潮流 创新品,程序初筛，重点公司产品另行人工复核
002624,完美世界,核心,幻塔,2,10,MMO、模拟经营卡牌、SLG、休闲游戏等全新品类，持续推动游戏业务多元化发展。经典 品类方面，公司以旗舰IP 为核心，产品涵盖东方奇幻、仙侠、武侠、魔幻等多元题材，囊括 MMORPG、回合制RPG、ARPG 等多种玩法，发挥经典赛道优势，持续迭代升级产品。潮流品类方面， 公司以《幻塔》项目为发端，积累起内容向产品的全流程研发及发行经验，开拓了全新用户群体，并成 功实现经验复用，先后推出《女神异闻录：夜幕魅影》《异环》等精品游戏，进一步扩大潮流品类矩阵。 电竞业务方面，公司依托知名电竞产品《DOTA2（刀塔）》及《CS（反恐精英：全球攻势）》在中国 大陆地区的独家运营权，秉持“赛事带动产品、赛事带动出海”的发展路径，以金字塔型赛事体,程序初筛，重点公司产品另行人工复核
002624,完美世界,核心,醒来,2,13,"年同期盈利下降，主要 原因是报告期内播出的影视剧数量同比减少。 公司影视业务以“减量提质”为核心导向，通过“长剧深耕、短剧精作、共生共长”三大策略，稳健推进 影视业务发展。2026 年以来，公司出品的《夜色正浓》《九个弹孔》等剧集先后播出，收获观众喜爱。目 前公司储备的《醒来》《云雀叫天录》《云襄传之将进酒》《芳名三九》《何不同舟渡》等影视作品正在制 作、发行、排播过程中。 3、报告期内，公司非经常性收益9,216.94 万元，主要由政府补助、公允价值变动收益、应收账款减 值准备转回等构成；上年同期，公司非经常性收益18,512.25 万元，主要由出售乘风工作室产生的处置收 益、政府补助、公允价值变动收益等构成。",程序初筛，重点公司产品另行人工复核
002624,完美世界,核心,DOTA2,1,9,推动游戏业 务健康发展。 完美世界电竞业务是公司业务矩阵中的长青板块。依托知名电竞产品《DOTA2（刀塔）》及《CS （反恐精英：全球攻势）》在中国大陆地区的独家运营权，公司秉持“赛事带动产品、赛事带动出海”的发 展路径，积极打造完整的电竞生态体系。从2019 年协助举办《DOTA2》2019 年国际邀请赛（Ti9），到 2024 年成功主办2024 反恐精英世界锦标赛（上海Major），公司已积累起富有全球竞争力的顶级赛事运营 与制作经验。同时，公司成立蒸汽平台，借助与Valve Corporation 长期合作形成的多维优势，为中国玩家 与开发者提供高品质内容服务，同时构建中小游戏企业出海桥梁，助力中国游戏生态的全球化拓展。,程序初筛，重点公司产品另行人工复核
002624,完美世界,核心,云·异环,1,14,长效生命力，充分释放IP 的可持续长尾商业与文化价值。 公司自研的超自然都市开放世界RPG 游戏《异环》于2026 年4 月开启全球公测，面向全球180 余个 国家及地区，在PC、安卓、iOS、Mac、鸿蒙、PlayStation®5 等六个终端上线，随后陆续上线《云·异环》 的安卓端、iOS 端以及PC 端，并上架Steam、Epic Games Store 两大平台。《异环》围绕世界观构建、人文 故事、城市概念设计与题材品类等多维度实现原生创新，打造差异化竞争优势。截至2026 年8 月18 日 （本报告披露前一日），《异环》全球累计流水超20 亿元人民币，其中全球官方渠道（官方PC+官方安卓） 累计流水占比近60%。,程序初筛，重点公司产品另行人工复核
002624,完美世界,核心,代号Castle,1,15,多次进入iOS 游戏畅销榜前五，并在日本等海外市场 多次登顶PS 主机热门榜，验证了产品的长线逻辑。 与此同时，公司还积极推进在研游戏，一方面在MMO 与潮流新品赛道继续布局，同时以小规模、轻 量级投入探索新的发力点并加强出海业务。目前公司储备的《梦幻新诛仙：轻享》《代号Castle》《代号普 洱》《代号J1》《代号F》《代号U1》《代号ZH》《代号W1》《代号L5》等项目，涵盖轻度MMO、二次元 卡牌、模拟经营卡牌、SLG、休闲游戏、微信小游戏、抖音小游戏等，并在产品创意与玩法设计等层面强 调差异化竞争力，及时验证、及时调整、小步快跑，多维度提升产品成功率。其中，《梦幻新诛仙：轻享》 已定档2026 年9 月3 日公测，为满足玩家轻,程序初筛，重点公司产品另行人工复核
002624,完美世界,核心,代号F,1,15,市场 多次登顶PS 主机热门榜，验证了产品的长线逻辑。 与此同时，公司还积极推进在研游戏，一方面在MMO 与潮流新品赛道继续布局，同时以小规模、轻 量级投入探索新的发力点并加强出海业务。目前公司储备的《梦幻新诛仙：轻享》《代号Castle》《代号普 洱》《代号J1》《代号F》《代号U1》《代号ZH》《代号W1》《代号L5》等项目，涵盖轻度MMO、二次元 卡牌、模拟经营卡牌、SLG、休闲游戏、微信小游戏、抖音小游戏等，并在产品创意与玩法设计等层面强 调差异化竞争力，及时验证、及时调整、小步快跑，多维度提升产品成功率。其中，《梦幻新诛仙：轻享》 已定档2026 年9 月3 日公测，为满足玩家轻松玩回合制MMO 的需求，该产品在玩,程序初筛，重点公司产品另行人工复核
002624,完美世界,核心,代号J1,1,15,在日本等海外市场 多次登顶PS 主机热门榜，验证了产品的长线逻辑。 与此同时，公司还积极推进在研游戏，一方面在MMO 与潮流新品赛道继续布局，同时以小规模、轻 量级投入探索新的发力点并加强出海业务。目前公司储备的《梦幻新诛仙：轻享》《代号Castle》《代号普 洱》《代号J1》《代号F》《代号U1》《代号ZH》《代号W1》《代号L5》等项目，涵盖轻度MMO、二次元 卡牌、模拟经营卡牌、SLG、休闲游戏、微信小游戏、抖音小游戏等，并在产品创意与玩法设计等层面强 调差异化竞争力，及时验证、及时调整、小步快跑，多维度提升产品成功率。其中，《梦幻新诛仙：轻享》 已定档2026 年9 月3 日公测，为满足玩家轻松玩回合制MMO 的需求，,程序初筛，重点公司产品另行人工复核
002624,完美世界,核心,代号L5,1,15,线逻辑。 与此同时，公司还积极推进在研游戏，一方面在MMO 与潮流新品赛道继续布局，同时以小规模、轻 量级投入探索新的发力点并加强出海业务。目前公司储备的《梦幻新诛仙：轻享》《代号Castle》《代号普 洱》《代号J1》《代号F》《代号U1》《代号ZH》《代号W1》《代号L5》等项目，涵盖轻度MMO、二次元 卡牌、模拟经营卡牌、SLG、休闲游戏、微信小游戏、抖音小游戏等，并在产品创意与玩法设计等层面强 调差异化竞争力，及时验证、及时调整、小步快跑，多维度提升产品成功率。其中，《梦幻新诛仙：轻享》 已定档2026 年9 月3 日公测，为满足玩家轻松玩回合制MMO 的需求，该产品在玩法上力图为玩家“减 负”，手机横竖都能玩，公司积,程序初筛，重点公司产品另行人工复核
002624,完美世界,核心,代号U1,1,15,登顶PS 主机热门榜，验证了产品的长线逻辑。 与此同时，公司还积极推进在研游戏，一方面在MMO 与潮流新品赛道继续布局，同时以小规模、轻 量级投入探索新的发力点并加强出海业务。目前公司储备的《梦幻新诛仙：轻享》《代号Castle》《代号普 洱》《代号J1》《代号F》《代号U1》《代号ZH》《代号W1》《代号L5》等项目，涵盖轻度MMO、二次元 卡牌、模拟经营卡牌、SLG、休闲游戏、微信小游戏、抖音小游戏等，并在产品创意与玩法设计等层面强 调差异化竞争力，及时验证、及时调整、小步快跑，多维度提升产品成功率。其中，《梦幻新诛仙：轻享》 已定档2026 年9 月3 日公测，为满足玩家轻松玩回合制MMO 的需求，该产品在玩法上力图为玩,程序初筛，重点公司产品另行人工复核
002624,完美世界,核心,代号W1,1,15,证了产品的长线逻辑。 与此同时，公司还积极推进在研游戏，一方面在MMO 与潮流新品赛道继续布局，同时以小规模、轻 量级投入探索新的发力点并加强出海业务。目前公司储备的《梦幻新诛仙：轻享》《代号Castle》《代号普 洱》《代号J1》《代号F》《代号U1》《代号ZH》《代号W1》《代号L5》等项目，涵盖轻度MMO、二次元 卡牌、模拟经营卡牌、SLG、休闲游戏、微信小游戏、抖音小游戏等，并在产品创意与玩法设计等层面强 调差异化竞争力，及时验证、及时调整、小步快跑，多维度提升产品成功率。其中，《梦幻新诛仙：轻享》 已定档2026 年9 月3 日公测，为满足玩家轻松玩回合制MMO 的需求，该产品在玩法上力图为玩家“减 负”，手机横竖都,程序初筛，重点公司产品另行人工复核
002624,完美世界,核心,代号ZH,1,15,机热门榜，验证了产品的长线逻辑。 与此同时，公司还积极推进在研游戏，一方面在MMO 与潮流新品赛道继续布局，同时以小规模、轻 量级投入探索新的发力点并加强出海业务。目前公司储备的《梦幻新诛仙：轻享》《代号Castle》《代号普 洱》《代号J1》《代号F》《代号U1》《代号ZH》《代号W1》《代号L5》等项目，涵盖轻度MMO、二次元 卡牌、模拟经营卡牌、SLG、休闲游戏、微信小游戏、抖音小游戏等，并在产品创意与玩法设计等层面强 调差异化竞争力，及时验证、及时调整、小步快跑，多维度提升产品成功率。其中，《梦幻新诛仙：轻享》 已定档2026 年9 月3 日公测，为满足玩家轻松玩回合制MMO 的需求，该产品在玩法上力图为玩家“减 负”,程序初筛，重点公司产品另行人工复核
002624,完美世界,核心,夫妻的春节,1,11,半径，以共情化叙事、尊重多元价值观的方式， 促进文明互鉴。聚焦援外医疗题材的跨国界现实主义燃情剧《欢迎来到麦乐村》是中非深度合作影视项 目，该剧在非洲肯尼亚、坦桑尼亚等国播出后，同时段节目观看人数拉升135.52%，坦桑尼亚总统特别授 予剧组“促进中坦友谊特别贡献奖”。微短剧《夫妻的春节》聚焦家庭和事业的权衡、夫妻分工责任界定等 全球女性共通的现实议题，以“情感共鸣”打动海外观众，荣获釜山电视节首届亚洲微短剧大奖等多个国际 奖项。 4、技术赋能产品迭代升级 公司持续落实“技术赋能”战略，紧抓创新技术研发与前沿技术应用，以技术创新让内容创意落地生 根，更好服务于用户体验。 多年来，公司在自研引擎的持续开发、跨端引擎的技术适,程序初筛，重点公司产品另行人工复核
002624,完美世界,核心,完美世界,1,9,自主研发的3D 游戏引擎，成功推出了《完美 世界经典版》《完美世界国际版》《诛仙》等多款大型MMORPG 端游，并积极推动游戏出海，确立了深 厚技术积累和自主创新基因。伴随移动网络的普及和硬件性能的提升，端游转手游的行业趋势全面爆 发，公司率先抓住机遇，成功推出《诛仙》手游、《完美世界》手游等多款产品，大获成功。近年来，为 满足日益升级与丰富多元的用户需求，公司积极开拓以《女神异闻录：夜幕魅影》《异环》为代表的潮流 创新品类，形成“经典品类与潮流品类双轨并进”的协同发展模式，构建起涵盖端游、手游、主机游戏、云 游戏以及小程序游戏的全平台研发与发行能力，并深入推进AI 等前沿技术革新与应用实践，推动游戏业 务健康发展。 完美世界电,程序初筛，重点公司产品另行人工复核
002624,完美世界,核心,欢迎来到麦乐村,1,11,n 长期合作形成的多维优势，为中国玩家及开发者提供高品质内容服务，同时构建中小游戏企 业出海桥梁，助力中国游戏生态的全球化拓展。 影视业务方面，公司积极拓展中华文化的海外传播半径，以共情化叙事、尊重多元价值观的方式， 促进文明互鉴。聚焦援外医疗题材的跨国界现实主义燃情剧《欢迎来到麦乐村》是中非深度合作影视项 目，该剧在非洲肯尼亚、坦桑尼亚等国播出后，同时段节目观看人数拉升135.52%，坦桑尼亚总统特别授 予剧组“促进中坦友谊特别贡献奖”。微短剧《夫妻的春节》聚焦家庭和事业的权衡、夫妻分工责任界定等 全球女性共通的现实议题，以“情感共鸣”打动海外观众，荣获釜山电视节首届亚洲微短剧大奖等多个国际 奖项。 4、技术赋能产品迭代升级,程序初筛，重点公司产品另行人工复核
002517,恺英网络,核心,龙之谷世界,7,11,续推进“IP 品类+创新品类”战略，在聚焦核心赛道强化品类优势的同时“发展IP 多元化”的路线，并不断探索 多样化发行能力。 公司目前主要产品主要分为复古情怀类游戏与创新精品类游戏： （1）复古情怀类 目前，公司运营的复古情怀类游戏包括《原始传奇》《天使之战》《龙之谷世界》等知名游戏。 依靠长期积累的强大研发实力、丰富运营经验、深厚行业资源以及众多经典产品，公司已在该品类领域建立起独有 竞争壁垒。 11 ===== 第 12 页 ===== 恺英网络股份有限公司2026 年半年度报告全文 ①MMORPG 手游《原始传奇》 《原始传奇》是一款主打“原汁原味传奇”的精品MMORPG 手游。沿用端,程序初筛，重点公司产品另行人工复核
002517,恺英网络,核心,岁时令,5,23,千年血战篇”“奥 特曼”“拳皇”“射雕三部曲（射雕英雄传、神雕侠侣、倚天屠龙记）”“古龙群侠（古龙武侠系列小说）”“轩辕 剑”“希望OL”“仙境传说”“黑猫警长”“大富翁”等知名IP，支撑公司产品多样化的目标。 公司近年来一直致力于挖掘具有中国传统文化内核的优质IP。《岁时令》是恺英网络自主研发的、以“时间陪伴” 为核心主题，通过传统节日节气拟人化的形象来表达的跨次元文化IP。《岁时令》IP 构建了涵盖游戏、绘本、漫画、动 画、虚拟人、短剧及数字艺术品等多形态产品矩阵，目前已荣获国家社科基金重大课题支持、2024“金狮奖”优秀游戏 衍生品奖、2025“第三届新时代网络文学白马奖”海外传播奖及2026“第二届国际微短剧大赛优秀,程序初筛，重点公司产品另行人工复核
002517,恺英网络,核心,仙剑奇侠传：新的开始,4,15,版本迭代，丰富正邪大战、门派对决等核心玩法，同时加大全球化发行力度，在韩国、中国台湾等海 外市场表现亮眼，国内市场通过精细化运营维持稳定用户活跃度，为公司贡献可观收入。 （2）创新精品类 公司的创新精品类游戏包括但不限于如下产品： ①角色扮演游戏《仙剑奇侠传：新的开始》 《仙剑奇侠传：新的开始》是由公司推出的一款移动端角色扮演游戏，发挥国民级“仙剑”IP 优势，深度还原剧情， 同时又有创新回梦系统。《仙剑奇侠传：新的开始》不一样的仙剑不一样的结局，在复刻经典的同时，以不同的结局让 用户感受到不一样的仙剑。在发行策略上，一改常态，优先进入小游戏赛道。在2024 年荣获了微信小游戏平台“锐意创 新奖”、荣获,程序初筛，重点公司产品另行人工复核
002517,恺英网络,核心,怪物联萌,4,20,义的江湖冒险。邀请了电视剧张无忌的扮演者吴启华代言， 以更好地触达IP 用户，并获得了NEXT WORLD 年度新锐游戏之星游戏APP。 19 ===== 第 20 页 ===== 恺英网络股份有限公司2026 年半年度报告全文 ⑨轻度Q 版休闲塔防游戏《怪物联萌》 《怪物联萌》是一款策略塔防+卡牌养成的轻度Q 版休闲塔防游戏。《怪物联萌》主打轻松休闲的游戏体验，以畅快 割草战斗融合重度策略养成，在泛用户领域迅速打开突破口，2024 年初刚登录微信小游戏就爬升至小游戏畅销榜前10， 且稳居榜单数月，4 月登录支付宝小游戏平台后多次获得推荐参与大促活动，且在活动期间拥有不俗的泛用户吸量及流 水表现，该游,程序初筛，重点公司产品另行人工复核
002517,恺英网络,核心,原始传奇,3,11,泛用户群。发行 团队持续推进“IP 品类+创新品类”战略，在聚焦核心赛道强化品类优势的同时“发展IP 多元化”的路线，并不断探索 多样化发行能力。 公司目前主要产品主要分为复古情怀类游戏与创新精品类游戏： （1）复古情怀类 目前，公司运营的复古情怀类游戏包括《原始传奇》《天使之战》《龙之谷世界》等知名游戏。 依靠长期积累的强大研发实力、丰富运营经验、深厚行业资源以及众多经典产品，公司已在该品类领域建立起独有 竞争壁垒。 11 ===== 第 12 页 ===== 恺英网络股份有限公司2026 年半年度报告全文 ①MMORPG 手游《原始传奇》 《原始传奇》是一款主打“原汁原味传奇”的精品,程序初筛，重点公司产品另行人工复核
002517,恺英网络,核心,天使之战,3,11,行 团队持续推进“IP 品类+创新品类”战略，在聚焦核心赛道强化品类优势的同时“发展IP 多元化”的路线，并不断探索 多样化发行能力。 公司目前主要产品主要分为复古情怀类游戏与创新精品类游戏： （1）复古情怀类 目前，公司运营的复古情怀类游戏包括《原始传奇》《天使之战》《龙之谷世界》等知名游戏。 依靠长期积累的强大研发实力、丰富运营经验、深厚行业资源以及众多经典产品，公司已在该品类领域建立起独有 竞争壁垒。 11 ===== 第 12 页 ===== 恺英网络股份有限公司2026 年半年度报告全文 ①MMORPG 手游《原始传奇》 《原始传奇》是一款主打“原汁原味传奇”的精品MMORPG,程序初筛，重点公司产品另行人工复核
002517,恺英网络,核心,敢达争锋对决,3,16,季多剧本随心换、高分红高 回报，告别传统SLG 中“班味”浓重的烦琐操作和较拖沓的赛季节奏，以强调“爽快与策略并重”为核心设计理念，通 过自由交易、零惩罚转国、九宫格布阵、特色追击等创新机制玩法，为玩家带来更具特色、更轻松的全新三国战场体验。 ③实时对战游戏《敢达争锋对决》 《敢达争锋对决》是一款拥有爽快真人即时对战、全IP 机体收集、精美3D 建模、原作声优语音等多种游戏特色的 手游，真实呈现了《机动战士敢达》场景，并凭借其收集养成体系和实时联机对战模式深受用户喜爱。 《敢达争锋对决》作为首款真实比例敢达3D 对战手游于2017 年12 月在大陆地区上线，中国香港版本（游戏名为 《高達爭鋒對決》）、中国台,程序初筛，重点公司产品另行人工复核
002517,恺英网络,核心,永恒联盟,3,13,与黑暗的对抗，与并肩战斗的伙伴们共同探索。《龙之谷世界》荣获2024 金牌匾奖“2024 年度最受期待游戏”奖项。 2025 年2 月20 日，公测首日，《龙之谷世界》荣登AppStore 游戏榜TOP1，总榜TOP2！ ④3D 魔幻MMORPG 游戏《永恒联盟》 《永恒联盟》是公司依托正版奇迹IP 授权研发的3D 魔幻MMORPG 手游。产品以经典情怀复刻为核心，高度还原端游 经典场景、职业体系与核心玩法，同时通过轻量化设计、离线挂机与自由交易系统，提升移动端用户体验。游戏持续进 行版本迭代与精细化运营，不断优化PVE 副本、PVP 竞技及战盟社交体系，有效维持用户活跃度与生命周期，为公司贡 献稳,程序初筛，重点公司产品另行人工复核
002517,恺英网络,核心,盗墓笔记:启程,3,18,===== 第 18 页 ===== 恺英网络股份有限公司2026 年半年度报告全文 足迹将留在斗罗大陆的每一个角落。在被熟知的斗罗明线故事之外，暗线中的你将以诛邪之名惩恶扬善，在一个个关键 时刻挺身而出，成就守护大陆与伙伴的不朽传说。 ⑥寻宝探险游戏《盗墓笔记:启程》 公司自研自发的游戏产品《盗墓笔记:启程》是由著名作家南派三叔正版授权，基于《盗墓笔记》小说世界观开发的 ARPG 手游，是公司自研自发的寻宝探险手游。游戏玩家扮演的主角将和盗墓铁三角一起探索神秘的古墓，感受历史的厚 重，追寻扑朔迷离的身世的真相。游戏融合了探险解密玩法和Roguelike 元素。游戏旨在还原书中光怪陆离的地下世界， 带给玩,程序初筛，重点公司产品另行人工复核
002517,恺英网络,核心,龙之谷,3,13,该游戏除在内地上线以外，在港澳台 地区、韩国、东南亚也已上线，海外营收占比提升明显。 12 ===== 第 13 页 ===== 恺英网络股份有限公司2026 年半年度报告全文 ③3D 动作MMORPG 游戏《龙之谷世界》 作为国民级游戏IP《龙之谷》的最新力作，以“经典复刻 打得过瘾”为口号的《龙之谷世界》，之所以能够一炮 打响，不仅得益于1:1 复刻了《龙之谷》端游的剧情和场景关卡，保留了经典的无锁定战斗系统，沿用端游物理碰撞引 擎与技能判定逻辑、浮空连击、硬直反馈等经典战斗机制，重现了最初的打击手感和战斗节奏，精准激活存量用户情怀， 还在于围绕移动端进行的众多优化，在测试期间即积累了良好,程序初筛，重点公司产品另行人工复核
002517,恺英网络,核心,三国：天下归心,2,16,以及香港iOS 免费榜第七的佳绩，荣获独立出海联合体发起的“2024 中国游戏出海扬帆奖”评选出的“2024 十佳海外表 现游戏”奖项。 15 ===== 第 16 页 ===== 恺英网络股份有限公司2026 年半年度报告全文 ②新国战SLG 游戏《三国：天下归心》 《三国：天下归心》是一款为Z 世代打造的新国战SLG 手游。主打不种田不内卷、单赛季多剧本随心换、高分红高 回报，告别传统SLG 中“班味”浓重的烦琐操作和较拖沓的赛季节奏，以强调“爽快与策略并重”为核心设计理念，通 过自由交易、零惩罚转国、九宫格布阵、特色追击等创新机制玩法，为玩家带来更具特色、更轻松的全新三国战场体验。 ③实,程序初筛，重点公司产品另行人工复核
002517,恺英网络,核心,代号：奥特曼,2,17,》）、韩国版本（游戏名为《건담슈프림배틀》）于 16 ===== 第 17 页 ===== 恺英网络股份有限公司2026 年半年度报告全文 2021 年6 月上线后，迅速取得了中国香港地区、中国台湾地区iOS 免费榜第一的成绩。 ④3D 动作对战游戏《代号：奥特曼》 《代号：奥特曼》，是一款面向全球市场的奥特曼IP 正版授权3D 动作对战手游。项目由恺英网络核心研发团队自 主研发，以高品质、高还原、超爽快动作战斗为产品研发方向，目标打造奥特曼IP 顶尖手游产品。 ⑤开放世界冒险游戏《斗罗大陆:诛邪传说》 《斗罗大陆：诛邪传说》继承了原著小说的精髓，旨在为玩家打造一个逍遥自在的斗罗世界。游戏,程序初筛，重点公司产品另行人工复核
002517,恺英网络,核心,全民江湖,2,14,心能力，与旗下多款产品形成品类互补，夯实了公司移动游戏业务基本盘，成为公司移动游戏业务中稳定贡献 收入与用户的重要产品。 13 ===== 第 14 页 ===== 恺英网络股份有限公司2026 年半年度报告全文 ⑤Q 版青春武侠MMORPG 游戏《全民江湖》 《全民江湖》是根据韩国作家全克瑨与画家梁载贤创作的人气作品《热血江湖》改编，由Mgame 开发的经典网游 《热血江湖online》正版授权的青春休闲武侠MMORPG 手游。 游戏还原经典，复刻了泫勃派、柳正关、三邪关等为人熟知的地图，集合了五大职业，武功技能随心搭配。你将在 这里重温天下五绝的辉煌，追寻八大奇宝的奥秘！在玩法上延续正邪,程序初筛，重点公司产品另行人工复核
002517,恺英网络,核心,古龙群侠录,2,21,从浪漫唯美的仙界 风光到诡秘阴森的魔界险地，游戏中提供数十个风格各异的场景，让玩家在冒险中发现惊喜，邂逅属于自己的浪漫情缘。 20 ===== 第 21 页 ===== 恺英网络股份有限公司2026 年半年度报告全文 ⑪高自由度开放式探索RPG 游戏《古龙群侠录》 《古龙群侠录》是公司基于古龙经典武侠系列小说正版授权研发的3D 开放式冒险探索角色扮演手游（RPG），该游 戏整合《小李飞刀》系列、《陆小凤》系列、《萧十一郎》系列和《绝代双骄》《七种武器》《武林外史》《流星·蝴 蝶·剑》《大人物》《三少爷的剑》《欢乐英雄》等多部古龙经典作品，构建起庞大且完整的江湖宇宙，严格遵循古龙 武侠“浪子、剑、酒、,程序初筛，重点公司产品另行人工复核
002517,恺英网络,核心,斗罗大陆：诛邪传说,2,17,特曼》 《代号：奥特曼》，是一款面向全球市场的奥特曼IP 正版授权3D 动作对战手游。项目由恺英网络核心研发团队自 主研发，以高品质、高还原、超爽快动作战斗为产品研发方向，目标打造奥特曼IP 顶尖手游产品。 ⑤开放世界冒险游戏《斗罗大陆:诛邪传说》 《斗罗大陆：诛邪传说》继承了原著小说的精髓，旨在为玩家打造一个逍遥自在的斗罗世界。游戏不仅结合原著精 彩剧情，还加入了全新挑战，让玩家在享受熟悉元素的同时，也能体验到新鲜的冒险。在超过6400 万平方米的开放世界 上，海量的玩法和故事将点缀其中。《斗罗大陆：诛邪传说》还引入全新天气系统，从暴风雨前的黑云压城到虹销雨霁 后的碧空如洗，大地在与你一同呼吸，沉浸感将被拉到最,程序初筛，重点公司产品另行人工复核
002517,恺英网络,核心,新倚天屠龙记,2,19,夏提雅等数十位配有专属技能的原作角色一起，展开前所未有的奇幻冒险。国内版本《纳萨力 克之王》由bilibili 独代发行，预约人数超百万，上线后免费榜最高第2 名，上线首月长期稳定在游戏畅销榜前50 名， 最高排名为畅销榜第19 名。 ⑧国风传统武侠RPG《新倚天屠龙记》 《新倚天屠龙记》是以金庸小说《倚天屠龙记》为原型所创作的国风传统武侠RPG，游戏已于2023 年11 月全平台 上线。游戏以原著为核心，竭力还原出一个真实的倚天世界，创造大众最为熟悉的魅力角色，玩家将以本色出演，直接 参与进原著剧情线中，感受故事人物的爱恨情仇，体会行侠仗义的江湖冒险。邀请了电视剧张无忌的扮演者吴启华代言， 以更好地触达I,程序初筛，重点公司产品另行人工复核
002517,恺英网络,核心,热血江湖：归来,2,15,逐步问鼎江湖武林之巅！更有副职、坐骑、灵兽等特色内容等你发掘，喜欢复古风武侠，想 畅享惬意武侠冒险的大侠们绝不容错过。 14 ===== 第 15 页 ===== 恺英网络股份有限公司2026 年半年度报告全文 ⑥Q 版3D 青春武侠MMORPG 游戏《热血江湖：归来》 《热血江湖：归来》是依托热血江湖正版IP 授权研发的Q 版3D 青春武侠MMORPG 手游。产品以IP 情怀复刻为核心， 高度还原端游经典Q 版画风、正邪阵营、装备强化、宠物助战等核心元素，同时优化轻量化操作与离线挂机功能，适配 移动端碎片化体验，兼顾怀旧玩家与泛武侠MMO 用户需求。 游戏持续推进版本迭代，丰富正邪大战、门派对决等核,程序初筛，重点公司产品另行人工复核
002517,恺英网络,核心,纳萨力克之王,2,19,《盗墓笔记:启程》荣获2024 金牌匾奖“2024 年度最受期待游戏”奖项与第十一届游戏行业金口奖“2025 年最受期 待产品”奖项。 18 ===== 第 19 页 ===== 恺英网络股份有限公司2026 年半年度报告全文 ⑦卡牌策略回合游戏《纳萨力克之王》 公司版权合作项目《纳萨力克之王》2024 年上线欧美及港澳台地区。其中欧美版本由Sony 旗下知名视频网站 Crunchyroll 发行，于2024 年10 月上线。港澳台版本于2024 年5 月上线，由恺英网络自主发行。在游戏中玩家可化身 无上至尊，与雅儿贝德、夏提雅等数十位配有专属技能的原作角色一起，展开前所未有的奇幻冒险。国内版本《纳萨,程序初筛，重点公司产品另行人工复核
002517,恺英网络,核心,诸神劫：影姬,2,20,与力量的较量。满屏的怪物同一 时间如水银泻地般袭来，玩家将动用智慧与策略，打出璀璨绽放的华丽技能，将敌人一一击退。游戏提供丰富的塔防玩 法，从传统的城墙守卫到面对BOSS 的主动出击，再到暗处布阵的奇兵险出，每一次战斗都充满了变数和惊喜。 ⑩MMO 游戏《诸神劫：影姬》 2024 年10 月9 日，由恺英网络发行的MMO 游戏《诸神劫：影姬》（iOS／Android）在中国香港、中国澳门、中国 台湾地区的AppStore 及Google Play 双平台正式上架。产品开放下载当天，霸榜台湾iOS 免费榜第一，澳门iOS 免费榜 第一，且荣获香港iOS 免费榜第四的好成绩。 游戏的背景设定在仙、魔、,程序初筛，重点公司产品另行人工复核
002517,恺英网络,核心,2026 上半年海外游戏市场洞察,1,9,络股份有限公司2026 年半年度报告全文 第三节管理层讨论与分析 一、报告期内公司从事的主要业务 （一）行业发展情况 1、全球游戏市场 据Newzoo《Global Games Market Report》与Sensor Tower《2026 上半年海外游戏市场洞察》显示，2026 年全球 游戏市场保持温和向好的增长态势，全年市场规模预计突破2050 亿美元。分平台结构看，移动游戏依旧是全球最大细分 市场，PC 端游戏实现亮眼增长，主机市场依托硬件迭代与优质产品实现稳健发展。区域层面，北美、东亚（中日韩）等 成熟市场深挖存量用户付费潜力；中东、拉美、东南亚等新兴市场玩家规模持续扩容，成为全球游戏市场重要增长来,程序初筛，重点公司产品另行人工复核
002517,恺英网络,核心,EVE,1,22,"过资源协同、业务联动提升被投企业价值,为研发和发行两大核心业务提供支撑，反哺公司主业发展。 战略及重点投资企业 主要产品 自然选择（深圳）智能有限公司 《EVE》《Elys》 深圳市终极幻境网络科技有限公司 《奇点时代》 《信长之野望：通往天下的道路》 杭州星跃互动科技有限公司",程序初筛，重点公司产品另行人工复核
002517,恺英网络,核心,Elys,1,22,"、业务联动提升被投企业价值,为研发和发行两大核心业务提供支撑，反哺公司主业发展。 战略及重点投资企业 主要产品 自然选择（深圳）智能有限公司 《EVE》《Elys》 深圳市终极幻境网络科技有限公司 《奇点时代》 《信长之野望：通往天下的道路》 杭州星跃互动科技有限公司",程序初筛，重点公司产品另行人工复核
002517,恺英网络,核心,Global Games Market Report,1,9,公司损益产生持续影响 8 ===== 第 9 页 ===== 恺英网络股份有限公司2026 年半年度报告全文 第三节管理层讨论与分析 一、报告期内公司从事的主要业务 （一）行业发展情况 1、全球游戏市场 据Newzoo《Global Games Market Report》与Sensor Tower《2026 上半年海外游戏市场洞察》显示，2026 年全球 游戏市场保持温和向好的增长态势，全年市场规模预计突破2050 亿美元。分平台结构看，移动游戏依旧是全球最大细分 市场，PC 端游戏实现亮眼增长，主机市场依托硬件迭代与优质产品实现稳健发展。区域层面，北美、东亚（中日韩）等 成熟市场深挖存量用户付费潜力；中东、拉美,程序初筛，重点公司产品另行人工复核
002517,恺英网络,核心,Her,1,22,内置高品质3D 虚拟角色与商业游戏级剧情系统，全方位实现语言、视觉与 情感的沉浸式体验。其独特的“现实世界感知模块”，能够依据用户所处的时间、地点、环境、日程与事件背景，实现 与用户生活同步的陪伴行为，将AI 陪伴从感性情绪价值拓展至理性结构化生活支持，为用户带来逼近电影《Her》中真 实陪伴般的体验。 22 ===== 第 23 页 ===== 恺英网络股份有限公司2026 年半年度报告全文 （2）IP 方向业务 公司在全球范围内搜寻、引进优质IP，深入研究IP 的品牌潜力，力争最大限度挖掘IP 品牌价值。公司通过引入与 自研擅长品类匹配的顶级IP 并挖掘未来具有潜力的高性价比IP、积极孵化“蓝月,程序初筛，重点公司产品另行人工复核
002517,恺英网络,核心,七种武器,1,21,2026 年半年度报告全文 ⑪高自由度开放式探索RPG 游戏《古龙群侠录》 《古龙群侠录》是公司基于古龙经典武侠系列小说正版授权研发的3D 开放式冒险探索角色扮演手游（RPG），该游 戏整合《小李飞刀》系列、《陆小凤》系列、《萧十一郎》系列和《绝代双骄》《七种武器》《武林外史》《流星·蝴 蝶·剑》《大人物》《三少爷的剑》《欢乐英雄》等多部古龙经典作品，构建起庞大且完整的江湖宇宙，严格遵循古龙 武侠“浪子、剑、酒、阴谋”的核心调性，还原李寻欢、陆小凤、西门吹雪等数百位经典侠客人设，兼顾IP 怀旧情怀与 沉浸式游戏体验，精准覆盖武侠游戏核心受众群体。 玩家将扮演一个在江湖世界历练闯荡的少年侠客，通过探索,程序初筛，重点公司产品另行人工复核
002517,恺英网络,核心,三少爷的剑,1,21,式探索RPG 游戏《古龙群侠录》 《古龙群侠录》是公司基于古龙经典武侠系列小说正版授权研发的3D 开放式冒险探索角色扮演手游（RPG），该游 戏整合《小李飞刀》系列、《陆小凤》系列、《萧十一郎》系列和《绝代双骄》《七种武器》《武林外史》《流星·蝴 蝶·剑》《大人物》《三少爷的剑》《欢乐英雄》等多部古龙经典作品，构建起庞大且完整的江湖宇宙，严格遵循古龙 武侠“浪子、剑、酒、阴谋”的核心调性，还原李寻欢、陆小凤、西门吹雪等数百位经典侠客人设，兼顾IP 怀旧情怀与 沉浸式游戏体验，精准覆盖武侠游戏核心受众群体。 玩家将扮演一个在江湖世界历练闯荡的少年侠客，通过探索江湖获得资源提升战斗能力，结识古龙小说中的人物并 结为伙,程序初筛，重点公司产品另行人工复核
002517,恺英网络,核心,传奇,1,12,经典产品，公司已在该品类领域建立起独有 竞争壁垒。 11 ===== 第 12 页 ===== 恺英网络股份有限公司2026 年半年度报告全文 ①MMORPG 手游《原始传奇》 《原始传奇》是一款主打“原汁原味传奇”的精品MMORPG 手游。沿用端游《传奇》的登录界面、三种职业形象、地 图与怪物设计，细节考究，精确到主城的一草一木，最大程度重现经典，为千万玩家打造真正“热血传奇”。在玩法设 计方面，以“升级、爆装、攻沙”三大传奇经典玩法为核心，集合了怪物攻城、多人团战、拍卖商行、矿洞挖宝、法阵 护体等多种精彩玩法。原汁原味的正版传奇，带你重回玛法大陆，共战沙巴克！ ②3D 魔幻类MM,程序初筛，重点公司产品另行人工复核
002517,恺英网络,核心,倚天屠龙记,1,19,有的奇幻冒险。国内版本《纳萨力 克之王》由bilibili 独代发行，预约人数超百万，上线后免费榜最高第2 名，上线首月长期稳定在游戏畅销榜前50 名， 最高排名为畅销榜第19 名。 ⑧国风传统武侠RPG《新倚天屠龙记》 《新倚天屠龙记》是以金庸小说《倚天屠龙记》为原型所创作的国风传统武侠RPG，游戏已于2023 年11 月全平台 上线。游戏以原著为核心，竭力还原出一个真实的倚天世界，创造大众最为熟悉的魅力角色，玩家将以本色出演，直接 参与进原著剧情线中，感受故事人物的爱恨情仇，体会行侠仗义的江湖冒险。邀请了电视剧张无忌的扮演者吴启华代言， 以更好地触达IP 用户，并获得了NEXT WORLD 年度新锐游,程序初筛，重点公司产品另行人工复核
002517,恺英网络,核心,大人物,1,21,自由度开放式探索RPG 游戏《古龙群侠录》 《古龙群侠录》是公司基于古龙经典武侠系列小说正版授权研发的3D 开放式冒险探索角色扮演手游（RPG），该游 戏整合《小李飞刀》系列、《陆小凤》系列、《萧十一郎》系列和《绝代双骄》《七种武器》《武林外史》《流星·蝴 蝶·剑》《大人物》《三少爷的剑》《欢乐英雄》等多部古龙经典作品，构建起庞大且完整的江湖宇宙，严格遵循古龙 武侠“浪子、剑、酒、阴谋”的核心调性，还原李寻欢、陆小凤、西门吹雪等数百位经典侠客人设，兼顾IP 怀旧情怀与 沉浸式游戏体验，精准覆盖武侠游戏核心受众群体。 玩家将扮演一个在江湖世界历练闯荡的少年侠客，通过探索江湖获得资源提升战斗能力，结识古龙小说中的人物,程序初筛，重点公司产品另行人工复核
002517,恺英网络,核心,奇点时代,1,22,战略及重点投资企业 主要产品 自然选择（深圳）智能有限公司 《EVE》《Elys》 深圳市终极幻境网络科技有限公司 《奇点时代》 《信长之野望：通往天下的道路》 杭州星跃互动科技有限公司 《蒸汽堡垒》,程序初筛，重点公司产品另行人工复核
002517,恺英网络,核心,小李飞刀,1,21,===== 第 21 页 ===== 恺英网络股份有限公司2026 年半年度报告全文 ⑪高自由度开放式探索RPG 游戏《古龙群侠录》 《古龙群侠录》是公司基于古龙经典武侠系列小说正版授权研发的3D 开放式冒险探索角色扮演手游（RPG），该游 戏整合《小李飞刀》系列、《陆小凤》系列、《萧十一郎》系列和《绝代双骄》《七种武器》《武林外史》《流星·蝴 蝶·剑》《大人物》《三少爷的剑》《欢乐英雄》等多部古龙经典作品，构建起庞大且完整的江湖宇宙，严格遵循古龙 武侠“浪子、剑、酒、阴谋”的核心调性，还原李寻欢、陆小凤、西门吹雪等数百位经典侠客人设，兼顾IP 怀旧情怀与 沉浸式游戏体验，精准覆盖武侠游戏核心受众群体,程序初筛，重点公司产品另行人工复核
002517,恺英网络,核心,斗罗大陆:诛邪传说,1,17,④3D 动作对战游戏《代号：奥特曼》 《代号：奥特曼》，是一款面向全球市场的奥特曼IP 正版授权3D 动作对战手游。项目由恺英网络核心研发团队自 主研发，以高品质、高还原、超爽快动作战斗为产品研发方向，目标打造奥特曼IP 顶尖手游产品。 ⑤开放世界冒险游戏《斗罗大陆:诛邪传说》 《斗罗大陆：诛邪传说》继承了原著小说的精髓，旨在为玩家打造一个逍遥自在的斗罗世界。游戏不仅结合原著精 彩剧情，还加入了全新挑战，让玩家在享受熟悉元素的同时，也能体验到新鲜的冒险。在超过6400 万平方米的开放世界 上，海量的玩法和故事将点缀其中。《斗罗大陆：诛邪传说》还引入全新天气系统，从暴风雨前的黑云压城到虹销雨霁 后的碧空如洗，大地在,程序初筛，重点公司产品另行人工复核
002517,恺英网络,核心,暖星谷梦游记,1,24,极逸人工智能科技有限公司推出自主研发的AI 全流程开发平台SOON，实现 游戏动画渲染、场景建模、剧情脚本生成等环节的效率提升，相较于传统研发模式，开发周期显著缩短，大幅降低研发 成本，推动游戏研发向自动化、智能化、协同化深度转型。公司旗下恺顽科技打造治愈系AI 潮玩品牌《暖星谷梦游记》， 以“智能玩偶+虚拟游戏”模式聚焦年轻人群情感陪伴需求。其“晚安羊”“不忧鸟”智能玩偶内置AI 芯片，具备核心 互动与记忆功能；配套软件形成“硬件+软件”生态闭环，致力于打造长期陪伴型治愈IP。 此外，公司持续夯实游戏研发基础，聚焦精品化研发方向，稳步推进多元品类游戏开发，覆盖复古情怀类与创新精 品类赛道，形成完善的研发梯队，为产品持续,程序初筛，重点公司产品另行人工复核
002517,恺英网络,核心,机动战士敢达,1,16,易、零惩罚转国、九宫格布阵、特色追击等创新机制玩法，为玩家带来更具特色、更轻松的全新三国战场体验。 ③实时对战游戏《敢达争锋对决》 《敢达争锋对决》是一款拥有爽快真人即时对战、全IP 机体收集、精美3D 建模、原作声优语音等多种游戏特色的 手游，真实呈现了《机动战士敢达》场景，并凭借其收集养成体系和实时联机对战模式深受用户喜爱。 《敢达争锋对决》作为首款真实比例敢达3D 对战手游于2017 年12 月在大陆地区上线，中国香港版本（游戏名为 《高達爭鋒對決》）、中国台湾版本（游戏名为《鋼彈爭鋒對決》）、韩国版本（游戏名为《건담슈프림배틀》）于 16 ===== 第 17 页 ===== 恺英网络股份有限公司20,程序初筛，重点公司产品另行人工复核
002517,恺英网络,核心,欢乐英雄,1,21,游戏《古龙群侠录》 《古龙群侠录》是公司基于古龙经典武侠系列小说正版授权研发的3D 开放式冒险探索角色扮演手游（RPG），该游 戏整合《小李飞刀》系列、《陆小凤》系列、《萧十一郎》系列和《绝代双骄》《七种武器》《武林外史》《流星·蝴 蝶·剑》《大人物》《三少爷的剑》《欢乐英雄》等多部古龙经典作品，构建起庞大且完整的江湖宇宙，严格遵循古龙 武侠“浪子、剑、酒、阴谋”的核心调性，还原李寻欢、陆小凤、西门吹雪等数百位经典侠客人设，兼顾IP 怀旧情怀与 沉浸式游戏体验，精准覆盖武侠游戏核心受众群体。 玩家将扮演一个在江湖世界历练闯荡的少年侠客，通过探索江湖获得资源提升战斗能力，结识古龙小说中的人物并 结为伙伴，共同成长,程序初筛，重点公司产品另行人工复核
002517,恺英网络,核心,武林外史,1,21,半年度报告全文 ⑪高自由度开放式探索RPG 游戏《古龙群侠录》 《古龙群侠录》是公司基于古龙经典武侠系列小说正版授权研发的3D 开放式冒险探索角色扮演手游（RPG），该游 戏整合《小李飞刀》系列、《陆小凤》系列、《萧十一郎》系列和《绝代双骄》《七种武器》《武林外史》《流星·蝴 蝶·剑》《大人物》《三少爷的剑》《欢乐英雄》等多部古龙经典作品，构建起庞大且完整的江湖宇宙，严格遵循古龙 武侠“浪子、剑、酒、阴谋”的核心调性，还原李寻欢、陆小凤、西门吹雪等数百位经典侠客人设，兼顾IP 怀旧情怀与 沉浸式游戏体验，精准覆盖武侠游戏核心受众群体。 玩家将扮演一个在江湖世界历练闯荡的少年侠客，通过探索江湖获得资源,程序初筛，重点公司产品另行人工复核
002517,恺英网络,核心,热血江湖,1,14,游戏业务中稳定贡献 收入与用户的重要产品。 13 ===== 第 14 页 ===== 恺英网络股份有限公司2026 年半年度报告全文 ⑤Q 版青春武侠MMORPG 游戏《全民江湖》 《全民江湖》是根据韩国作家全克瑨与画家梁载贤创作的人气作品《热血江湖》改编，由Mgame 开发的经典网游 《热血江湖online》正版授权的青春休闲武侠MMORPG 手游。 游戏还原经典，复刻了泫勃派、柳正关、三邪关等为人熟知的地图，集合了五大职业，武功技能随心搭配。你将在 这里重温天下五绝的辉煌，追寻八大奇宝的奥秘！在玩法上延续正邪两派的势力争斗，通过磨炼武功，铸造神品装备， 参与首领讨伐等提升实力，逐步,程序初筛，重点公司产品另行人工复核
002517,恺英网络,核心,热血江湖online,1,14,13 ===== 第 14 页 ===== 恺英网络股份有限公司2026 年半年度报告全文 ⑤Q 版青春武侠MMORPG 游戏《全民江湖》 《全民江湖》是根据韩国作家全克瑨与画家梁载贤创作的人气作品《热血江湖》改编，由Mgame 开发的经典网游 《热血江湖online》正版授权的青春休闲武侠MMORPG 手游。 游戏还原经典，复刻了泫勃派、柳正关、三邪关等为人熟知的地图，集合了五大职业，武功技能随心搭配。你将在 这里重温天下五绝的辉煌，追寻八大奇宝的奥秘！在玩法上延续正邪两派的势力争斗，通过磨炼武功，铸造神品装备， 参与首领讨伐等提升实力，逐步问鼎江湖武林之巅！更有副职、坐骑、灵兽等特色内容等你发掘，喜欢复,程序初筛，重点公司产品另行人工复核
002517,恺英网络,核心,盗墓笔记,1,18,将留在斗罗大陆的每一个角落。在被熟知的斗罗明线故事之外，暗线中的你将以诛邪之名惩恶扬善，在一个个关键 时刻挺身而出，成就守护大陆与伙伴的不朽传说。 ⑥寻宝探险游戏《盗墓笔记:启程》 公司自研自发的游戏产品《盗墓笔记:启程》是由著名作家南派三叔正版授权，基于《盗墓笔记》小说世界观开发的 ARPG 手游，是公司自研自发的寻宝探险手游。游戏玩家扮演的主角将和盗墓铁三角一起探索神秘的古墓，感受历史的厚 重，追寻扑朔迷离的身世的真相。游戏融合了探险解密玩法和Roguelike 元素。游戏旨在还原书中光怪陆离的地下世界， 带给玩家一场沉浸式的探险寻宝之旅。“铁三角”再度齐聚，解开前人谜题，探索地下世界，寻找破局之路。,程序初筛，重点公司产品另行人工复核
002517,恺英网络,核心,绝代双骄,1,21,股份有限公司2026 年半年度报告全文 ⑪高自由度开放式探索RPG 游戏《古龙群侠录》 《古龙群侠录》是公司基于古龙经典武侠系列小说正版授权研发的3D 开放式冒险探索角色扮演手游（RPG），该游 戏整合《小李飞刀》系列、《陆小凤》系列、《萧十一郎》系列和《绝代双骄》《七种武器》《武林外史》《流星·蝴 蝶·剑》《大人物》《三少爷的剑》《欢乐英雄》等多部古龙经典作品，构建起庞大且完整的江湖宇宙，严格遵循古龙 武侠“浪子、剑、酒、阴谋”的核心调性，还原李寻欢、陆小凤、西门吹雪等数百位经典侠客人设，兼顾IP 怀旧情怀与 沉浸式游戏体验，精准覆盖武侠游戏核心受众群体。 玩家将扮演一个在江湖世界历练闯荡的少年侠,程序初筛，重点公司产品另行人工复核
002517,恺英网络,核心,萧十一郎,1,21,=== 恺英网络股份有限公司2026 年半年度报告全文 ⑪高自由度开放式探索RPG 游戏《古龙群侠录》 《古龙群侠录》是公司基于古龙经典武侠系列小说正版授权研发的3D 开放式冒险探索角色扮演手游（RPG），该游 戏整合《小李飞刀》系列、《陆小凤》系列、《萧十一郎》系列和《绝代双骄》《七种武器》《武林外史》《流星·蝴 蝶·剑》《大人物》《三少爷的剑》《欢乐英雄》等多部古龙经典作品，构建起庞大且完整的江湖宇宙，严格遵循古龙 武侠“浪子、剑、酒、阴谋”的核心调性，还原李寻欢、陆小凤、西门吹雪等数百位经典侠客人设，兼顾IP 怀旧情怀与 沉浸式游戏体验，精准覆盖武侠游戏核心受众群体。 玩家将扮演一个在江湖世,程序初筛，重点公司产品另行人工复核
002517,恺英网络,核心,鋼彈爭鋒對決,1,16,音等多种游戏特色的 手游，真实呈现了《机动战士敢达》场景，并凭借其收集养成体系和实时联机对战模式深受用户喜爱。 《敢达争锋对决》作为首款真实比例敢达3D 对战手游于2017 年12 月在大陆地区上线，中国香港版本（游戏名为 《高達爭鋒對決》）、中国台湾版本（游戏名为《鋼彈爭鋒對決》）、韩国版本（游戏名为《건담슈프림배틀》）于 16 ===== 第 17 页 ===== 恺英网络股份有限公司2026 年半年度报告全文 2021 年6 月上线后，迅速取得了中国香港地区、中国台湾地区iOS 免费榜第一的成绩。 ④3D 动作对战游戏《代号：奥特曼》 《代号：奥特曼》，是一款面向全球市场的奥特曼IP 正版授权,程序初筛，重点公司产品另行人工复核
002517,恺英网络,核心,陆小凤,1,21,21 页 ===== 恺英网络股份有限公司2026 年半年度报告全文 ⑪高自由度开放式探索RPG 游戏《古龙群侠录》 《古龙群侠录》是公司基于古龙经典武侠系列小说正版授权研发的3D 开放式冒险探索角色扮演手游（RPG），该游 戏整合《小李飞刀》系列、《陆小凤》系列、《萧十一郎》系列和《绝代双骄》《七种武器》《武林外史》《流星·蝴 蝶·剑》《大人物》《三少爷的剑》《欢乐英雄》等多部古龙经典作品，构建起庞大且完整的江湖宇宙，严格遵循古龙 武侠“浪子、剑、酒、阴谋”的核心调性，还原李寻欢、陆小凤、西门吹雪等数百位经典侠客人设，兼顾IP 怀旧情怀与 沉浸式游戏体验，精准覆盖武侠游戏核心受众群体。 玩家,程序初筛，重点公司产品另行人工复核
002517,恺英网络,核心,高達爭鋒對決,1,16,IP 机体收集、精美3D 建模、原作声优语音等多种游戏特色的 手游，真实呈现了《机动战士敢达》场景，并凭借其收集养成体系和实时联机对战模式深受用户喜爱。 《敢达争锋对决》作为首款真实比例敢达3D 对战手游于2017 年12 月在大陆地区上线，中国香港版本（游戏名为 《高達爭鋒對決》）、中国台湾版本（游戏名为《鋼彈爭鋒對決》）、韩国版本（游戏名为《건담슈프림배틀》）于 16 ===== 第 17 页 ===== 恺英网络股份有限公司2026 年半年度报告全文 2021 年6 月上线后，迅速取得了中国香港地区、中国台湾地区iOS 免费榜第一的成绩。 ④3D 动作对战游戏《代号：奥特曼》 《代号：奥特曼》,程序初筛，重点公司产品另行人工复核
002517,恺英网络,核心,건담슈프림배틀,1,16,了《机动战士敢达》场景，并凭借其收集养成体系和实时联机对战模式深受用户喜爱。 《敢达争锋对决》作为首款真实比例敢达3D 对战手游于2017 年12 月在大陆地区上线，中国香港版本（游戏名为 《高達爭鋒對決》）、中国台湾版本（游戏名为《鋼彈爭鋒對決》）、韩国版本（游戏名为《건담슈프림배틀》）于 16 ===== 第 17 页 ===== 恺英网络股份有限公司2026 年半年度报告全文 2021 年6 月上线后，迅速取得了中国香港地区、中国台湾地区iOS 免费榜第一的成绩。 ④3D 动作对战游戏《代号：奥特曼》 《代号：奥特曼》，是一款面向全球市场的奥特曼IP 正版授权3D 动作对战手游。项目由恺英网络核心研,程序初筛，重点公司产品另行人工复核
002425,凯撒文化,核心,三国志2017,5,10,"，视研发工作为推动公司发展的关键 动力，坚持研运一体化策略。上半年，公司围绕""新品上线转化、成熟产品稳健运营、海外市场拓展和 储备项目推进""为经营核心。公司前期储备的SNK 格斗IP 和奥特曼特色IP 实现产品化落地，IP 游戏 《全明星觉醒》《奥特曼：光之战士》相继上线；《三国志2017》《圣斗士星矢：重生》系列及《荣 耀新三国》等成熟产品继续贡献存量收入；《遮天世界》等储备项目持续推进调优；持续推进国际化战 略，依托经典IP 提升海外用户黏性，加速游戏出海。报告期内，公司采取“短、平、快”的游戏经营 策略，加快在研产品的变现效率，与上年同期相比，公司游戏业务收入实现稳步增长。同时，公司通过 优化内部管理、提高运营效率、加强成本管控等",程序初筛，重点公司产品另行人工复核
002425,凯撒文化,核心,全明星觉醒,5,10,"，公司秉持对产品持续完善和追求卓越的研发精神，视研发工作为推动公司发展的关键 动力，坚持研运一体化策略。上半年，公司围绕""新品上线转化、成熟产品稳健运营、海外市场拓展和 储备项目推进""为经营核心。公司前期储备的SNK 格斗IP 和奥特曼特色IP 实现产品化落地，IP 游戏 《全明星觉醒》《奥特曼：光之战士》相继上线；《三国志2017》《圣斗士星矢：重生》系列及《荣 耀新三国》等成熟产品继续贡献存量收入；《遮天世界》等储备项目持续推进调优；持续推进国际化战 略，依托经典IP 提升海外用户黏性，加速游戏出海。报告期内，公司采取“短、平、快”的游戏经营 策略，加快在研产品的变现效率，与上年同期相比，公司游戏业务收入实现稳步增长。同时，公司通",程序初筛，重点公司产品另行人工复核
002425,凯撒文化,核心,圣斗士星矢：重生,4,10,"公司发展的关键 动力，坚持研运一体化策略。上半年，公司围绕""新品上线转化、成熟产品稳健运营、海外市场拓展和 储备项目推进""为经营核心。公司前期储备的SNK 格斗IP 和奥特曼特色IP 实现产品化落地，IP 游戏 《全明星觉醒》《奥特曼：光之战士》相继上线；《三国志2017》《圣斗士星矢：重生》系列及《荣 耀新三国》等成熟产品继续贡献存量收入；《遮天世界》等储备项目持续推进调优；持续推进国际化战 略，依托经典IP 提升海外用户黏性，加速游戏出海。报告期内，公司采取“短、平、快”的游戏经营 策略，加快在研产品的变现效率，与上年同期相比，公司游戏业务收入实现稳步增长。同时，公司通过 优化内部管理、提高运营效率、加强成本管控等措施，改善了公司盈利",程序初筛，重点公司产品另行人工复核
002425,凯撒文化,核心,圣斗士星矢：重生2,4,10,016 年上 线的强IP 二次元卡牌游戏《圣斗士星矢：重生》作为一款经典IP 改编手游作品，该游戏在国内曾获得 苹果畅销榜第3 名，免费榜第7 名，2024 年《圣斗士星矢：重生》流水继续表现稳定，《圣斗士星矢： 重生》运营近10 年，全球累计流水已超17 亿元；同系列产品《圣斗士星矢：重生2》，由DeNA 中国 发行、东映动画正版授权的3D 动作卡牌手游，于2024 年8 月正式上线，游戏上线首日便登顶App Store 免费榜，并在短时间内突破了千万下载量，游戏上线首周便进入了App Store 畅销榜前十、 Google Play 畅销榜前五。2025 年7 月《圣斗士星矢：重生2》在日本及东南亚上线，11 月进入欧美市 场，曾登顶法,程序初筛，重点公司产品另行人工复核
002425,凯撒文化,核心,圣斗士星矢,3,11,款已于上半年启 动多轮测试，各项数据均达到公司预期。该产品预计将于下半年正式上线并开始贡献收入，进一步巩固 公司在SLG 领域的市场份额。 2、IP 业务 公司持续以精品IP 为核心推动价值释放，与日本集英社、东映动画、圆谷、SNK 等版权方保持合作， 已围绕《圣斗士星矢》《航海王》《幽游白书》《奥特曼》、SNK 经典格斗作品及《遮天》等取得游戏 改编或开发权益，覆盖动漫、特摄、经典游戏和网络文学等类型。 目前公司拥有《圣斗士星矢》《全明星觉醒》《奥特曼》《航海王》《幽游白书》等全球头部IP 资源，同时公司在国漫、小说等拥有多款人气IP 的游戏改编权，如《遮天》等，《遮天》是腾讯动漫 目前的主打动画作品之一，周播放,程序初筛，重点公司产品另行人工复核
002425,凯撒文化,核心,遮天,3,11,半年正式上线并开始贡献收入，进一步巩固 公司在SLG 领域的市场份额。 2、IP 业务 公司持续以精品IP 为核心推动价值释放，与日本集英社、东映动画、圆谷、SNK 等版权方保持合作， 已围绕《圣斗士星矢》《航海王》《幽游白书》《奥特曼》、SNK 经典格斗作品及《遮天》等取得游戏 改编或开发权益，覆盖动漫、特摄、经典游戏和网络文学等类型。 目前公司拥有《圣斗士星矢》《全明星觉醒》《奥特曼》《航海王》《幽游白书》等全球头部IP 资源，同时公司在国漫、小说等拥有多款人气IP 的游戏改编权，如《遮天》等，《遮天》是腾讯动漫 目前的主打动画作品之一，周播放量超5000 万，去重每周观看用户数达2000 万，主力用户18,程序初筛，重点公司产品另行人工复核
002425,凯撒文化,核心,遮天世界,3,10,"化、成熟产品稳健运营、海外市场拓展和 储备项目推进""为经营核心。公司前期储备的SNK 格斗IP 和奥特曼特色IP 实现产品化落地，IP 游戏 《全明星觉醒》《奥特曼：光之战士》相继上线；《三国志2017》《圣斗士星矢：重生》系列及《荣 耀新三国》等成熟产品继续贡献存量收入；《遮天世界》等储备项目持续推进调优；持续推进国际化战 略，依托经典IP 提升海外用户黏性，加速游戏出海。报告期内，公司采取“短、平、快”的游戏经营 策略，加快在研产品的变现效率，与上年同期相比，公司游戏业务收入实现稳步增长。同时，公司通过 优化内部管理、提高运营效率、加强成本管控等措施，改善了公司盈利能力。上半年公司实现营业收入 31,304.39 万元，同比增",程序初筛，重点公司产品另行人工复核
002425,凯撒文化,核心,奥特曼,2,11,据均达到公司预期。该产品预计将于下半年正式上线并开始贡献收入，进一步巩固 公司在SLG 领域的市场份额。 2、IP 业务 公司持续以精品IP 为核心推动价值释放，与日本集英社、东映动画、圆谷、SNK 等版权方保持合作， 已围绕《圣斗士星矢》《航海王》《幽游白书》《奥特曼》、SNK 经典格斗作品及《遮天》等取得游戏 改编或开发权益，覆盖动漫、特摄、经典游戏和网络文学等类型。 目前公司拥有《圣斗士星矢》《全明星觉醒》《奥特曼》《航海王》《幽游白书》等全球头部IP 资源，同时公司在国漫、小说等拥有多款人气IP 的游戏改编权，如《遮天》等，《遮天》是腾讯动漫 目前的主打动画作品之一，周播放量超5000 万，去重每周观看用,程序初筛，重点公司产品另行人工复核
002425,凯撒文化,核心,奥特曼：光之战士,2,10,"品持续完善和追求卓越的研发精神，视研发工作为推动公司发展的关键 动力，坚持研运一体化策略。上半年，公司围绕""新品上线转化、成熟产品稳健运营、海外市场拓展和 储备项目推进""为经营核心。公司前期储备的SNK 格斗IP 和奥特曼特色IP 实现产品化落地，IP 游戏 《全明星觉醒》《奥特曼：光之战士》相继上线；《三国志2017》《圣斗士星矢：重生》系列及《荣 耀新三国》等成熟产品继续贡献存量收入；《遮天世界》等储备项目持续推进调优；持续推进国际化战 略，依托经典IP 提升海外用户黏性，加速游戏出海。报告期内，公司采取“短、平、快”的游戏经营 策略，加快在研产品的变现效率，与上年同期相比，公司游戏业务收入实现稳步增长。同时，公司通过 优化内部管理、",程序初筛，重点公司产品另行人工复核
002425,凯撒文化,核心,幽游白书,2,11,测试，各项数据均达到公司预期。该产品预计将于下半年正式上线并开始贡献收入，进一步巩固 公司在SLG 领域的市场份额。 2、IP 业务 公司持续以精品IP 为核心推动价值释放，与日本集英社、东映动画、圆谷、SNK 等版权方保持合作， 已围绕《圣斗士星矢》《航海王》《幽游白书》《奥特曼》、SNK 经典格斗作品及《遮天》等取得游戏 改编或开发权益，覆盖动漫、特摄、经典游戏和网络文学等类型。 目前公司拥有《圣斗士星矢》《全明星觉醒》《奥特曼》《航海王》《幽游白书》等全球头部IP 资源，同时公司在国漫、小说等拥有多款人气IP 的游戏改编权，如《遮天》等，《遮天》是腾讯动漫 目前的主打动画作品之一，周播放量超5000 万，去重,程序初筛，重点公司产品另行人工复核
002425,凯撒文化,核心,航海王,2,11,动多轮测试，各项数据均达到公司预期。该产品预计将于下半年正式上线并开始贡献收入，进一步巩固 公司在SLG 领域的市场份额。 2、IP 业务 公司持续以精品IP 为核心推动价值释放，与日本集英社、东映动画、圆谷、SNK 等版权方保持合作， 已围绕《圣斗士星矢》《航海王》《幽游白书》《奥特曼》、SNK 经典格斗作品及《遮天》等取得游戏 改编或开发权益，覆盖动漫、特摄、经典游戏和网络文学等类型。 目前公司拥有《圣斗士星矢》《全明星觉醒》《奥特曼》《航海王》《幽游白书》等全球头部IP 资源，同时公司在国漫、小说等拥有多款人气IP 的游戏改编权，如《遮天》等，《遮天》是腾讯动漫 目前的主打动画作品之一，周播放量超500,程序初筛，重点公司产品另行人工复核
002425,凯撒文化,核心,三国志11,1,10,"万元，同比增长108.50%。公司 总资产288,928.37 万元，比上年末增长1.34%，归属于上市公司股东净资产247,236.37 万元，比上年 末增长0.21%。具体业务开展情况如下： 1、游戏业务 存量产品方面，改编自光荣特库摩正版授权经典IP 作品《三国志11》的《三国志2017》是一款 业内知名的SLG 手游，是公司的重磅主打游戏之一，该游戏上线后最高排名至畅销榜TOP5，并荣获十 多个行业高级奖项，曾成为年度最火手游之一。作为一款上线8 年多的强长线运营能力产品，2026 年 上半年，公司实施分层运营策略，通过版本更新、活动策划、用户召回和社群维护延长产品生命周期。 《三国志2017》上线以来全球累计流",程序初筛，重点公司产品另行人工复核
002425,凯撒文化,核心,关于部分募投项目延期的议案,1,20,程中相对谨慎，根据行业政策、市场环境及客户需求等变化适时调整项目研发方向，严格把控项目整体 和原因（含 质量，审慎推进项目实施进度，预计无法在计划时间达到预计可使用状态。因此，公司第八届董事会第 “是否达到 六次会议和第六届监事会第六次会议审议通过了《关于部分募投项目延期的议案》，根据公司募投项目 预计效益” 的实施情况，同意将2021 年非公开发行募集资金投资项目，“游戏研发及运营建设项目”和“代理游 选择“不适 戏海外发行项目” 的实施期限分别延长至2028 年3 月和2025 年12 月。其中公司的“代理游戏海外 用”的原 发行项目”2025 年12 月31 日已达到预计可使用状,程序初筛，重点公司产品另行人工复核
002425,凯撒文化,核心,航海王：集结,1,11,谷授权的《奥特曼：光之战士》分 别于2026 年1 月22 日和29 日上线，两款IP 精品新游带动公司上半年营收增长。后续公司将加快游戏 出海速度，陆续在海外市场上线运营。 产品储备方面，《遮天世界》已获版号并完成多轮测试，处于调优阶段；另外，由朝夕光年独家 代理的《航海王：集结》将进入新一轮的限量删档测试。同时公司将结合微信小游戏等新兴平台，以轻 量化产品验证玩法和投放模型，形成APP、小游戏与海外产品协同发展的产品梯队。 游戏运营方面，报告期内，公司重点在精细化运营、全球化拓展以及资产结构优化上发力，全面 落实“由规模优先向效率优先转变”的经营目标。首先，公司延续出海战略，上半年公司产品《荣耀家 族》推出日服和英文服；,程序初筛，重点公司产品另行人工复核
002425,凯撒文化,核心,荣耀新三国,1,10,年7 月《圣斗士星矢：重生2》在日本及东南亚上线，11 月进入欧美市 场，曾登顶法国、巴西、意大利等多国应用商店免费榜，成绩表现优异。公司持续开展本地化运营，该 产品的多地区发行实践有助于积累全球化发行经验。2021 年9 月上线由腾讯独家代理发行的三国社交 对抗策略类手游《荣耀新三国》，该游戏国服上线累计流水已超6 亿元。上述产品为公司积累了SLG 和 策略卡牌品类的长线运营经验。 10 ===== 第 11 页 =====,程序初筛，重点公司产品另行人工复核
002919,名臣健康,核心,锚点降临,3,9,近两年设立二级电商子公司，线上销售渠道取得较快增长。 （二）主要产品及其用途 1、游戏业务 公司拥有较强的技术开发能力和丰富的市场运营、管理经验，专注SLG、MMORPG、二次元等品类，并成功打造了 《王者国度》、《百龙霸业》、《镇魂街：天生为王》、《约战沙城》、《锚点降临》等内容丰富，类型、题材、风格 多样的游戏。近年来，公司在微信等游戏平台“小游戏畅销榜”有较好表现，《城主别慌张》、《最强斗王》、《几何 王国》、《豌豆大作战》、《魔都之战》等小程序游戏都曾获得较为靠前的排名。目前，公司游戏发行业务也已经具有 一定规模，同时也对外承接代理发行业务，在公司产品自研自发的基础上进一步增强公司的行业竞争力。 2、日化业务,程序初筛，重点公司产品另行人工复核
002919,名臣健康,核心,城主别慌张,2,9,有较强的技术开发能力和丰富的市场运营、管理经验，专注SLG、MMORPG、二次元等品类，并成功打造了 《王者国度》、《百龙霸业》、《镇魂街：天生为王》、《约战沙城》、《锚点降临》等内容丰富，类型、题材、风格 多样的游戏。近年来，公司在微信等游戏平台“小游戏畅销榜”有较好表现，《城主别慌张》、《最强斗王》、《几何 王国》、《豌豆大作战》、《魔都之战》等小程序游戏都曾获得较为靠前的排名。目前，公司游戏发行业务也已经具有 一定规模，同时也对外承接代理发行业务，在公司产品自研自发的基础上进一步增强公司的行业竞争力。 2、日化业务 公司主要品牌包括蒂花之秀、美王、初萃、盈蔻、高新康效、依采、力效等，产品覆盖头发头皮健康护理、皮肤健 康,程序初筛，重点公司产品另行人工复核
002919,名臣健康,核心,王者国度,2,9,费者，努力为消费者提供安全、健康、天然的高品质消费体验。公司 近两年设立二级电商子公司，线上销售渠道取得较快增长。 （二）主要产品及其用途 1、游戏业务 公司拥有较强的技术开发能力和丰富的市场运营、管理经验，专注SLG、MMORPG、二次元等品类，并成功打造了 《王者国度》、《百龙霸业》、《镇魂街：天生为王》、《约战沙城》、《锚点降临》等内容丰富，类型、题材、风格 多样的游戏。近年来，公司在微信等游戏平台“小游戏畅销榜”有较好表现，《城主别慌张》、《最强斗王》、《几何 王国》、《豌豆大作战》、《魔都之战》等小程序游戏都曾获得较为靠前的排名。目前，公司游戏发行业务也已经具有 一定规模，同时也对外承接代理发行业务，在公司产品,程序初筛，重点公司产品另行人工复核
002919,名臣健康,核心,百龙霸业,2,9,费者提供安全、健康、天然的高品质消费体验。公司 近两年设立二级电商子公司，线上销售渠道取得较快增长。 （二）主要产品及其用途 1、游戏业务 公司拥有较强的技术开发能力和丰富的市场运营、管理经验，专注SLG、MMORPG、二次元等品类，并成功打造了 《王者国度》、《百龙霸业》、《镇魂街：天生为王》、《约战沙城》、《锚点降临》等内容丰富，类型、题材、风格 多样的游戏。近年来，公司在微信等游戏平台“小游戏畅销榜”有较好表现，《城主别慌张》、《最强斗王》、《几何 王国》、《豌豆大作战》、《魔都之战》等小程序游戏都曾获得较为靠前的排名。目前，公司游戏发行业务也已经具有 一定规模，同时也对外承接代理发行业务，在公司产品自研自发的基础,程序初筛，重点公司产品另行人工复核
002919,名臣健康,核心,约战沙城,2,9,体验。公司 近两年设立二级电商子公司，线上销售渠道取得较快增长。 （二）主要产品及其用途 1、游戏业务 公司拥有较强的技术开发能力和丰富的市场运营、管理经验，专注SLG、MMORPG、二次元等品类，并成功打造了 《王者国度》、《百龙霸业》、《镇魂街：天生为王》、《约战沙城》、《锚点降临》等内容丰富，类型、题材、风格 多样的游戏。近年来，公司在微信等游戏平台“小游戏畅销榜”有较好表现，《城主别慌张》、《最强斗王》、《几何 王国》、《豌豆大作战》、《魔都之战》等小程序游戏都曾获得较为靠前的排名。目前，公司游戏发行业务也已经具有 一定规模，同时也对外承接代理发行业务，在公司产品自研自发的基础上进一步增强公司的行业竞争力。,程序初筛，重点公司产品另行人工复核
002919,名臣健康,核心,豌豆大作战,2,9,专注SLG、MMORPG、二次元等品类，并成功打造了 《王者国度》、《百龙霸业》、《镇魂街：天生为王》、《约战沙城》、《锚点降临》等内容丰富，类型、题材、风格 多样的游戏。近年来，公司在微信等游戏平台“小游戏畅销榜”有较好表现，《城主别慌张》、《最强斗王》、《几何 王国》、《豌豆大作战》、《魔都之战》等小程序游戏都曾获得较为靠前的排名。目前，公司游戏发行业务也已经具有 一定规模，同时也对外承接代理发行业务，在公司产品自研自发的基础上进一步增强公司的行业竞争力。 2、日化业务 公司主要品牌包括蒂花之秀、美王、初萃、盈蔻、高新康效、依采、力效等，产品覆盖头发头皮健康护理、皮肤健 康护理、口腔健康护理以及家居护理等，其中蒂花之秀和,程序初筛，重点公司产品另行人工复核
002919,名臣健康,核心,镇魂街：天生为王,2,9,健康、天然的高品质消费体验。公司 近两年设立二级电商子公司，线上销售渠道取得较快增长。 （二）主要产品及其用途 1、游戏业务 公司拥有较强的技术开发能力和丰富的市场运营、管理经验，专注SLG、MMORPG、二次元等品类，并成功打造了 《王者国度》、《百龙霸业》、《镇魂街：天生为王》、《约战沙城》、《锚点降临》等内容丰富，类型、题材、风格 多样的游戏。近年来，公司在微信等游戏平台“小游戏畅销榜”有较好表现，《城主别慌张》、《最强斗王》、《几何 王国》、《豌豆大作战》、《魔都之战》等小程序游戏都曾获得较为靠前的排名。目前，公司游戏发行业务也已经具有 一定规模，同时也对外承接代理发行业务，在公司产品自研自发的基础上进一步增强公司的行业,程序初筛，重点公司产品另行人工复核
002919,名臣健康,核心,魔都之战,2,9,ORPG、二次元等品类，并成功打造了 《王者国度》、《百龙霸业》、《镇魂街：天生为王》、《约战沙城》、《锚点降临》等内容丰富，类型、题材、风格 多样的游戏。近年来，公司在微信等游戏平台“小游戏畅销榜”有较好表现，《城主别慌张》、《最强斗王》、《几何 王国》、《豌豆大作战》、《魔都之战》等小程序游戏都曾获得较为靠前的排名。目前，公司游戏发行业务也已经具有 一定规模，同时也对外承接代理发行业务，在公司产品自研自发的基础上进一步增强公司的行业竞争力。 2、日化业务 公司主要品牌包括蒂花之秀、美王、初萃、盈蔻、高新康效、依采、力效等，产品覆盖头发头皮健康护理、皮肤健 康护理、口腔健康护理以及家居护理等，其中蒂花之秀和美王为公司主打,程序初筛，重点公司产品另行人工复核
002919,名臣健康,核心,几何王国,1,11,"打造出具有良好艺术品味、娱乐体验的精品游戏， 已研发并上市运行的有《王者国度》、《百龙霸业》、《镇魂街：天生为王》、《约战沙城》、《锚点降临》等游戏产 品,其中《锚点降临》为公司自有独立IP 作品，具有一定独立IP 周边产品的开发潜力。小游戏《城主别慌张》、《最强 斗王》、《几何王国》、《豌豆大作战》、《魔都之战》等都曾获得微信等游戏平台较为靠前或畅销榜的排名。目前公 司已形成一定梯度且相当数量的产品储备，将在产品成熟后择机陆续推向市场。 2、适应市场，主动求变，调整市场运营模式，降本增效 基于游戏行业环境变化的判断，公司把增强企业行业竞争力和提升企业应对市场环境变化能力提升到重要位置，在 进一步加强app 端大型手游的研",程序初筛，重点公司产品另行人工复核
002919,名臣健康,核心,最强斗王,1,9,能力和丰富的市场运营、管理经验，专注SLG、MMORPG、二次元等品类，并成功打造了 《王者国度》、《百龙霸业》、《镇魂街：天生为王》、《约战沙城》、《锚点降临》等内容丰富，类型、题材、风格 多样的游戏。近年来，公司在微信等游戏平台“小游戏畅销榜”有较好表现，《城主别慌张》、《最强斗王》、《几何 王国》、《豌豆大作战》、《魔都之战》等小程序游戏都曾获得较为靠前的排名。目前，公司游戏发行业务也已经具有 一定规模，同时也对外承接代理发行业务，在公司产品自研自发的基础上进一步增强公司的行业竞争力。 2、日化业务 公司主要品牌包括蒂花之秀、美王、初萃、盈蔻、高新康效、依采、力效等，产品覆盖头发头皮健康护理、皮肤健 康护理、口腔健康,程序初筛，重点公司产品另行人工复核
002919,名臣健康,核心,检测和校准实验室能力的通用要求,1,12,级实验室认可证书（CNAS 认证），建成广东省生物工程技术研究中心和广东省企业技术中心等省内 高水平的研发创新平台，已跻身本土日化企业研发的前列，进入了以皮肤和头发问题为研究导向并寻找解决策略和方案 的新阶段。此外，公司检测中心经审查已符合ISO/IEC 17025：2005《检测和校准实验室能力的通用要求》（CNAS-CL01 《检测和校准实验室能力认可准则》）的要求，并由中国合格评定国家认可委员会（CNAS）颁发认可证书名臣健康检测 中心（注册号：CNAS L9020），检测中心的检测能力和水准已经达到国内领先标准。截至报告期末，公司日化业务拥有 1195 项自主知识产权的商标、56 项技术发明及81 项外观专利、71 项著作版权，并参与了多项国家、行,程序初筛，重点公司产品另行人工复核
300299,富春股份,核心,秦时明月,6,10,和升级，从而推动游戏行业实现研发、生产、体验 全维度革新，激活高质量发展动能。 公司数字文化业务以上海骏梦为运营主体，以移动游戏为主要载体，坚持精品化、出 海化发展路径，输出高质量数字文化内容，移动游戏业务持续坚持“精品研运+知名IP” 战略，目前拥有《仙境传说RO》《秦时明月》等众多优秀IP。近年来，上海骏梦充分利 用在游戏IP 运营、研运一体、产品出海等方面的丰富经验，除深耕国内市场外，积极布局 东南亚、韩国、日本、欧美等地区。 2、通信信息行业 2026 年上半年，在“十五五”开局与人工智能深度渗透的双重驱动下，我国通信技术 服务行业正从传统的“规模基建”模式加速向“新质生产力底座”全面跃迁。基础设施建,程序初筛，重点公司产品另行人工复核
300299,富春股份,核心,仙境传说RO,3,10,验场景等不断优化和升级，从而推动游戏行业实现研发、生产、体验 全维度革新，激活高质量发展动能。 公司数字文化业务以上海骏梦为运营主体，以移动游戏为主要载体，坚持精品化、出 海化发展路径，输出高质量数字文化内容，移动游戏业务持续坚持“精品研运+知名IP” 战略，目前拥有《仙境传说RO》《秦时明月》等众多优秀IP。近年来，上海骏梦充分利 用在游戏IP 运营、研运一体、产品出海等方面的丰富经验，除深耕国内市场外，积极布局 东南亚、韩国、日本、欧美等地区。 2、通信信息行业 2026 年上半年，在“十五五”开局与人工智能深度渗透的双重驱动下，我国通信技术 服务行业正从传统的“规模基建”模式加速向“新质生产力底座”全面跃迁。基,程序初筛，重点公司产品另行人工复核
300299,富春股份,核心,仙境传说RO：新世代的诞生,1,12,"化文化出海布局，研运一体化能力持续验证 报告期内，公司秉持精品IP 深耕、研运一体的经营理念，持续推进“文化出海”战 略，游戏业务实现营业收入1.43 亿元，同比增长21.34%；净利润4,252.74 万元，同比增 长1,207.05%。 报告期内，公司自研核心产品《仙境传说RO：新世代的诞生》累计实现总流水3.92 亿元。子公司上海骏梦持续推进全球化发行布局，该产品先后登陆欧洲、中东等新兴区 域，上线即登顶德国、法国、意大利、英国、波兰、希腊等16 个国家免费游戏榜榜首， 快速完成区域用户渗透与市场覆盖；产品用户留存、付费结构等核心运营指标均处于同品 类出海项目领先水平，长线运营基本面扎实稳固。公司后续将通过投放策略优化、版本内 容迭代",程序初筛，重点公司产品另行人工复核
300299,富春股份,核心,仙境传说：复兴,1,11,块：IP 运营、研运一体化 公司持续深化“精品游戏+知名IP”战略，目前拥有《仙境传说RO》《秦时明月》 《梦幻龙族》等众多优秀IP。作为资深游戏企业，公司具备丰富的游戏IP 运营与研发经 验，成功推出多款精品游戏。公司已在国内外成功研发、运营《秦时明月》《霹雳江湖》 《仙境传说：复兴》《仙境传说：新世代的诞生》等多款游戏产品。 3、通信信息板块：深厚的行业积淀及优质的客户资源 公司为国内通信技术服务行业领先的民营企业，拥有咨询甲级、设计甲级、勘察甲级、 电子与智能化一级、通信工程总承包二级、CMMI3 等资质。服务对象涵盖通信运营商及 政府、公安、医院等客户，提供有线通信、无线通信、数据交换等网络规划设计及各类智 慧城市,程序初筛，重点公司产品另行人工复核
300299,富春股份,核心,仙境传说：新世代的诞生,1,11,运一体化 公司持续深化“精品游戏+知名IP”战略，目前拥有《仙境传说RO》《秦时明月》 《梦幻龙族》等众多优秀IP。作为资深游戏企业，公司具备丰富的游戏IP 运营与研发经 验，成功推出多款精品游戏。公司已在国内外成功研发、运营《秦时明月》《霹雳江湖》 《仙境传说：复兴》《仙境传说：新世代的诞生》等多款游戏产品。 3、通信信息板块：深厚的行业积淀及优质的客户资源 公司为国内通信技术服务行业领先的民营企业，拥有咨询甲级、设计甲级、勘察甲级、 电子与智能化一级、通信工程总承包二级、CMMI3 等资质。服务对象涵盖通信运营商及 政府、公安、医院等客户，提供有线通信、无线通信、数据交换等网络规划设计及各类智 慧城市数字赋能服务。公司曾先后主,程序初筛，重点公司产品另行人工复核
300299,富春股份,核心,梦幻龙族,1,11,建相关信息化、数字化业务，扩大业务规模，提升市场竞争力。移动游戏板块，依托精品 化研发与海外成功运营经验，积极拓展文化科技业务，提升行业影响力。 2、移动游戏板块：IP 运营、研运一体化 公司持续深化“精品游戏+知名IP”战略，目前拥有《仙境传说RO》《秦时明月》 《梦幻龙族》等众多优秀IP。作为资深游戏企业，公司具备丰富的游戏IP 运营与研发经 验，成功推出多款精品游戏。公司已在国内外成功研发、运营《秦时明月》《霹雳江湖》 《仙境传说：复兴》《仙境传说：新世代的诞生》等多款游戏产品。 3、通信信息板块：深厚的行业积淀及优质的客户资源 公司为国内通信技术服务行业领先的民营企业，拥有咨询甲级、设计甲级、勘察甲级、,程序初筛，重点公司产品另行人工复核
300299,富春股份,核心,霹雳江湖,1,11,2、移动游戏板块：IP 运营、研运一体化 公司持续深化“精品游戏+知名IP”战略，目前拥有《仙境传说RO》《秦时明月》 《梦幻龙族》等众多优秀IP。作为资深游戏企业，公司具备丰富的游戏IP 运营与研发经 验，成功推出多款精品游戏。公司已在国内外成功研发、运营《秦时明月》《霹雳江湖》 《仙境传说：复兴》《仙境传说：新世代的诞生》等多款游戏产品。 3、通信信息板块：深厚的行业积淀及优质的客户资源 公司为国内通信技术服务行业领先的民营企业，拥有咨询甲级、设计甲级、勘察甲级、 电子与智能化一级、通信工程总承包二级、CMMI3 等资质。服务对象涵盖通信运营商及 政府、公安、医院等客户，提供有线通信、无线通信、数据交换等网络规划,程序初筛，重点公司产品另行人工复核
300043,星辉娱乐,核心,三国群英传：策定九州,4,12,质玩具产品远销120 多个国家和地区。 （2）游戏业务 公司游戏业务已发展成为研运一体的综合性网络游戏运营商，在细分领域形成了古风策略类及放置 类两个优势产品群，先后研发与发行《三国群英传-霸王之业》《战地无疆》《霸王之野望》《苍之纪 元》《枫之谷R：经典新定义》《三国群英传：策定九州》《仙境传说：破晓》等多款精品游戏，并拥 有《三国群英传》《仙境传说》《斗破苍穹》《冒险岛》《盗墓笔记》《庆余年》等多款IP 授权。 公司秉持产品系列化、市场国际化、发行品牌化的战略布局，借助自身在游戏行业的全产业链优势， 建立了完善的游戏发行业务体系，除了中国大陆和中国港澳台，还覆盖至日韩、东南亚、欧美等多个国 家和地区，并连续四届被评为“国家文,程序初筛，重点公司产品另行人工复核
300043,星辉娱乐,核心,仙境传说：破晓,4,12,个国家和地区。 （2）游戏业务 公司游戏业务已发展成为研运一体的综合性网络游戏运营商，在细分领域形成了古风策略类及放置 类两个优势产品群，先后研发与发行《三国群英传-霸王之业》《战地无疆》《霸王之野望》《苍之纪 元》《枫之谷R：经典新定义》《三国群英传：策定九州》《仙境传说：破晓》等多款精品游戏，并拥 有《三国群英传》《仙境传说》《斗破苍穹》《冒险岛》《盗墓笔记》《庆余年》等多款IP 授权。 公司秉持产品系列化、市场国际化、发行品牌化的战略布局，借助自身在游戏行业的全产业链优势， 建立了完善的游戏发行业务体系，除了中国大陆和中国港澳台，还覆盖至日韩、东南亚、欧美等多个国 家和地区，并连续四届被评为“国家文化出口重点企业”。,程序初筛，重点公司产品另行人工复核
300043,星辉娱乐,核心,三国群英传,3,12,公司游戏业务已发展成为研运一体的综合性网络游戏运营商，在细分领域形成了古风策略类及放置 类两个优势产品群，先后研发与发行《三国群英传-霸王之业》《战地无疆》《霸王之野望》《苍之纪 元》《枫之谷R：经典新定义》《三国群英传：策定九州》《仙境传说：破晓》等多款精品游戏，并拥 有《三国群英传》《仙境传说》《斗破苍穹》《冒险岛》《盗墓笔记》《庆余年》等多款IP 授权。 公司秉持产品系列化、市场国际化、发行品牌化的战略布局，借助自身在游戏行业的全产业链优势， 建立了完善的游戏发行业务体系，除了中国大陆和中国港澳台，还覆盖至日韩、东南亚、欧美等多个国 家和地区，并连续四届被评为“国家文化出口重点企业”。 （二）行业发展状况 2,程序初筛，重点公司产品另行人工复核
300043,星辉娱乐,核心,三国群英传-霸王之业,3,12,p Toy 等线下终端，以及亚马逊、天猫、京东、得物等线上平台，总计有超过400 款优 质玩具产品远销120 多个国家和地区。 （2）游戏业务 公司游戏业务已发展成为研运一体的综合性网络游戏运营商，在细分领域形成了古风策略类及放置 类两个优势产品群，先后研发与发行《三国群英传-霸王之业》《战地无疆》《霸王之野望》《苍之纪 元》《枫之谷R：经典新定义》《三国群英传：策定九州》《仙境传说：破晓》等多款精品游戏，并拥 有《三国群英传》《仙境传说》《斗破苍穹》《冒险岛》《盗墓笔记》《庆余年》等多款IP 授权。 公司秉持产品系列化、市场国际化、发行品牌化的战略布局，借助自身在游戏行业的全产业链优势， 建立了完善的游戏发行业务体系，除了中国,程序初筛，重点公司产品另行人工复核
300043,星辉娱乐,核心,冒险岛,3,12,网络游戏运营商，在细分领域形成了古风策略类及放置 类两个优势产品群，先后研发与发行《三国群英传-霸王之业》《战地无疆》《霸王之野望》《苍之纪 元》《枫之谷R：经典新定义》《三国群英传：策定九州》《仙境传说：破晓》等多款精品游戏，并拥 有《三国群英传》《仙境传说》《斗破苍穹》《冒险岛》《盗墓笔记》《庆余年》等多款IP 授权。 公司秉持产品系列化、市场国际化、发行品牌化的战略布局，借助自身在游戏行业的全产业链优势， 建立了完善的游戏发行业务体系，除了中国大陆和中国港澳台，还覆盖至日韩、东南亚、欧美等多个国 家和地区，并连续四届被评为“国家文化出口重点企业”。 （二）行业发展状况 2026 年3 月，《中华人民共和国,程序初筛，重点公司产品另行人工复核
300043,星辉娱乐,核心,战地无疆,3,12,以及亚马逊、天猫、京东、得物等线上平台，总计有超过400 款优 质玩具产品远销120 多个国家和地区。 （2）游戏业务 公司游戏业务已发展成为研运一体的综合性网络游戏运营商，在细分领域形成了古风策略类及放置 类两个优势产品群，先后研发与发行《三国群英传-霸王之业》《战地无疆》《霸王之野望》《苍之纪 元》《枫之谷R：经典新定义》《三国群英传：策定九州》《仙境传说：破晓》等多款精品游戏，并拥 有《三国群英传》《仙境传说》《斗破苍穹》《冒险岛》《盗墓笔记》《庆余年》等多款IP 授权。 公司秉持产品系列化、市场国际化、发行品牌化的战略布局，借助自身在游戏行业的全产业链优势， 建立了完善的游戏发行业务体系，除了中国大陆和中国港,程序初筛，重点公司产品另行人工复核
300043,星辉娱乐,核心,三国：天命再临,2,15,"13 ===== 第 15 页 ===== 2026 年上半年，公司游戏业务实现主营业务收入3.14 亿元，占营业总收入的60.69%；实现净利润 7,827.76 万元，同比大幅增长957.09%。报告期内，《战地无疆》《仙境传说：破晓》《冒险岛：枫之 新篇》《三国：天命再临》等多款游戏在境内外上线，且存量游戏维持稳定流水贡献，游戏业务净利润 同比稳步提升。 深耕长线精品运营，完善全球化游戏管线布局。公司持续深耕长青游戏产品，聚焦策略类核心优 势赛道巩固竞争优势。报告期内，针对运营周期较长的存量游戏，公司持续迭代版本内容，常态化推出 主题玩法、节日限定活动，搭建分层商业化运营体系，持续激活存量用户，提升用户活跃度与付费",程序初筛，重点公司产品另行人工复核
300043,星辉娱乐,核心,仙境传说,2,12,发展成为研运一体的综合性网络游戏运营商，在细分领域形成了古风策略类及放置 类两个优势产品群，先后研发与发行《三国群英传-霸王之业》《战地无疆》《霸王之野望》《苍之纪 元》《枫之谷R：经典新定义》《三国群英传：策定九州》《仙境传说：破晓》等多款精品游戏，并拥 有《三国群英传》《仙境传说》《斗破苍穹》《冒险岛》《盗墓笔记》《庆余年》等多款IP 授权。 公司秉持产品系列化、市场国际化、发行品牌化的战略布局，借助自身在游戏行业的全产业链优势， 建立了完善的游戏发行业务体系，除了中国大陆和中国港澳台，还覆盖至日韩、东南亚、欧美等多个国 家和地区，并连续四届被评为“国家文化出口重点企业”。 （二）行业发展状况 2026 年3,程序初筛，重点公司产品另行人工复核
300043,星辉娱乐,核心,庆余年,2,12,领域形成了古风策略类及放置 类两个优势产品群，先后研发与发行《三国群英传-霸王之业》《战地无疆》《霸王之野望》《苍之纪 元》《枫之谷R：经典新定义》《三国群英传：策定九州》《仙境传说：破晓》等多款精品游戏，并拥 有《三国群英传》《仙境传说》《斗破苍穹》《冒险岛》《盗墓笔记》《庆余年》等多款IP 授权。 公司秉持产品系列化、市场国际化、发行品牌化的战略布局，借助自身在游戏行业的全产业链优势， 建立了完善的游戏发行业务体系，除了中国大陆和中国港澳台，还覆盖至日韩、东南亚、欧美等多个国 家和地区，并连续四届被评为“国家文化出口重点企业”。 （二）行业发展状况 2026 年3 月，《中华人民共和国国民经济和社会发展第十,程序初筛，重点公司产品另行人工复核
300043,星辉娱乐,核心,斗破苍穹,2,12,一体的综合性网络游戏运营商，在细分领域形成了古风策略类及放置 类两个优势产品群，先后研发与发行《三国群英传-霸王之业》《战地无疆》《霸王之野望》《苍之纪 元》《枫之谷R：经典新定义》《三国群英传：策定九州》《仙境传说：破晓》等多款精品游戏，并拥 有《三国群英传》《仙境传说》《斗破苍穹》《冒险岛》《盗墓笔记》《庆余年》等多款IP 授权。 公司秉持产品系列化、市场国际化、发行品牌化的战略布局，借助自身在游戏行业的全产业链优势， 建立了完善的游戏发行业务体系，除了中国大陆和中国港澳台，还覆盖至日韩、东南亚、欧美等多个国 家和地区，并连续四届被评为“国家文化出口重点企业”。 （二）行业发展状况 2026 年3 月，《中华,程序初筛，重点公司产品另行人工复核
300043,星辉娱乐,核心,枫之谷R：经典新定义,2,12,计有超过400 款优 质玩具产品远销120 多个国家和地区。 （2）游戏业务 公司游戏业务已发展成为研运一体的综合性网络游戏运营商，在细分领域形成了古风策略类及放置 类两个优势产品群，先后研发与发行《三国群英传-霸王之业》《战地无疆》《霸王之野望》《苍之纪 元》《枫之谷R：经典新定义》《三国群英传：策定九州》《仙境传说：破晓》等多款精品游戏，并拥 有《三国群英传》《仙境传说》《斗破苍穹》《冒险岛》《盗墓笔记》《庆余年》等多款IP 授权。 公司秉持产品系列化、市场国际化、发行品牌化的战略布局，借助自身在游戏行业的全产业链优势， 建立了完善的游戏发行业务体系，除了中国大陆和中国港澳台，还覆盖至日韩、东南亚、欧美等多个国 家和地区，,程序初筛，重点公司产品另行人工复核
300043,星辉娱乐,核心,盗墓笔记,2,12,营商，在细分领域形成了古风策略类及放置 类两个优势产品群，先后研发与发行《三国群英传-霸王之业》《战地无疆》《霸王之野望》《苍之纪 元》《枫之谷R：经典新定义》《三国群英传：策定九州》《仙境传说：破晓》等多款精品游戏，并拥 有《三国群英传》《仙境传说》《斗破苍穹》《冒险岛》《盗墓笔记》《庆余年》等多款IP 授权。 公司秉持产品系列化、市场国际化、发行品牌化的战略布局，借助自身在游戏行业的全产业链优势， 建立了完善的游戏发行业务体系，除了中国大陆和中国港澳台，还覆盖至日韩、东南亚、欧美等多个国 家和地区，并连续四届被评为“国家文化出口重点企业”。 （二）行业发展状况 2026 年3 月，《中华人民共和国国民经济和社,程序初筛，重点公司产品另行人工复核
300043,星辉娱乐,核心,霸王之野望,2,12,天猫、京东、得物等线上平台，总计有超过400 款优 质玩具产品远销120 多个国家和地区。 （2）游戏业务 公司游戏业务已发展成为研运一体的综合性网络游戏运营商，在细分领域形成了古风策略类及放置 类两个优势产品群，先后研发与发行《三国群英传-霸王之业》《战地无疆》《霸王之野望》《苍之纪 元》《枫之谷R：经典新定义》《三国群英传：策定九州》《仙境传说：破晓》等多款精品游戏，并拥 有《三国群英传》《仙境传说》《斗破苍穹》《冒险岛》《盗墓笔记》《庆余年》等多款IP 授权。 公司秉持产品系列化、市场国际化、发行品牌化的战略布局，借助自身在游戏行业的全产业链优势， 建立了完善的游戏发行业务体系，除了中国大陆和中国港澳台，还覆盖至,程序初筛，重点公司产品另行人工复核
300043,星辉娱乐,核心,冒险岛：枫之新篇,1,15,活动，搭建分层商业化运营体系，持续激活存量用户，提升用户活跃度与付费意愿， 《三国群英传-霸王之业》《霸王之野望》《三国群英传：策定九州》等存量精品游戏实现稳定流水贡 献；同时，公司有序推进新品研发与全球化发行节奏，于境内外多区域市场陆续上线《战地无疆》《仙 境传说：破晓》《冒险岛：枫之新篇》《三国：天命再临》等多款游戏，持续丰富多元化产品供给，进 一步拓宽收入增长空间。 搭建全域发行渠道，深化产业生态协同。公司持续完善全渠道发行体系，巩固全域流量触达能力。 报告期内，公司深化与腾讯、苹果、华为、OPPO、vivo、小米、荣耀、TapTap、谷歌等主流平台的常态 化深度合作，实现主流应用商店、内容平台全覆盖，拓宽产品分发路径与用户覆盖,程序初筛，重点公司产品另行人工复核
603258,电魂网络,核心,梦三国2,9,14,幻灵召唤师》等，平台产品《H5 闪电玩平台》和《口袋梦三国》等。 电竞比赛作为一种全新的数字文化载体，正逐渐成为弘扬优秀传统文化，提升文化自信的 有力途径。早在2012 年，公司率先在业内提出“国风电竞”的概念，以电子竞技的形式弘扬 和传播中华优秀传统文化。公司主力产品《梦三国2》成为2022 年杭州亚运会电子竞技正式 比赛项目，中国代表队夺得该项目的金牌，电竞作为亚运会正式比赛项目增进了国际文化交 流。 （1）《梦三国2》 《梦三国2》是一款由公司使用自主游戏引擎研发的大型多人在线竞技网游，拥有竞技和 副本两大玩法。在三国文化背景下，竞技与副本玩法双线发展，竞技模式包含了5V5 娱乐*三 国无双、10V10 官渡,程序初筛，重点公司产品另行人工复核
603258,电魂网络,核心,梦三国,6,15,限公司2026 年半年度报告 最受欢迎客户端网游等称号，2020 年突破历史充值记录，目前注册用户过亿。《梦三国2》作 为电子竞技正式比赛项目亮相杭州亚运会，中国代表队在比赛中获得金牌。 （2）《梦三国手游》 《梦三国手游》是电魂网络自主研发，由经典IP《梦三国》端游原班人马打造的魔幻国 风MOBA+RPG 多元化手游。它于2019 年7 月14 日正式上线运营，深受玩家喜爱，历史注册用 户超600 万。该产品画风魔幻、个性独特、玩法多变，包括英霸娱乐5V5、完美还原的官渡之 战10V10、讲究团队技巧与战术实时公平的MOBA，兼具合成、精炼等养成玩法，玩家在热血刺 激的竞技之余，还可进入剧情与战斗兼具的宏大,程序初筛，重点公司产品另行人工复核
603258,电魂网络,核心,修仙时代,5,18,元玩法，兼顾策略对抗与轻松休闲，打造了 差异化的暗黑卡牌游戏体验。 2.主要储备游戏产品 在新品储备方面，公司一方面加强自研能力建设，储备了多款重磅产品；另一方面，公司 也不断加强发行能力建设，通过多种合作模式积极引入新的产品。截至报告期末，公司储备了 《修仙时代》《出击吧！飞艇》《天天爱超神》等自研或代理产品，后续将结合产品研发及测 试情况安排上线工作。 （1）《修仙时代》 18 / 204 ===== 第 19 页 ===== 杭州电魂网络科技股份有限公司2026 年半年度报告,程序初筛，重点公司产品另行人工复核
603258,电魂网络,核心,梦三国手游,5,14,论与分析 （一）网络游戏业务经营情况 1.主要运营游戏产品 公司以客户端游戏为基础逐步向移动端游戏延伸，同时也布局了小程序游戏、单机游戏、 主机游戏、H5 游戏、APP 平台和电竞赛事等领域。目前运营中的游戏主要有端游产品《梦三国 2》和《梦塔防》，手游产品《梦三国手游》《华武战国》《有间旺铺》《工匠与旅人》《江 湖如梦》《幻灵召唤师》等，平台产品《H5 闪电玩平台》和《口袋梦三国》等。 电竞比赛作为一种全新的数字文化载体，正逐渐成为弘扬优秀传统文化，提升文化自信的 有力途径。早在2012 年，公司率先在业内提出“国风电竞”的概念，以电子竞技的形式弘扬 和传播中华优秀传统文化。公司主力产品《梦三国2》成为2022,程序初筛，重点公司产品另行人工复核
603258,电魂网络,核心,出击吧！飞艇,3,18,策略对抗与轻松休闲，打造了 差异化的暗黑卡牌游戏体验。 2.主要储备游戏产品 在新品储备方面，公司一方面加强自研能力建设，储备了多款重磅产品；另一方面，公司 也不断加强发行能力建设，通过多种合作模式积极引入新的产品。截至报告期末，公司储备了 《修仙时代》《出击吧！飞艇》《天天爱超神》等自研或代理产品，后续将结合产品研发及测 试情况安排上线工作。 （1）《修仙时代》 18 / 204 ===== 第 19 页 ===== 杭州电魂网络科技股份有限公司2026 年半年度报告 《修仙时代,程序初筛，重点公司产品另行人工复核
603258,电魂网络,核心,华武战国,3,14,（一）网络游戏业务经营情况 1.主要运营游戏产品 公司以客户端游戏为基础逐步向移动端游戏延伸，同时也布局了小程序游戏、单机游戏、 主机游戏、H5 游戏、APP 平台和电竞赛事等领域。目前运营中的游戏主要有端游产品《梦三国 2》和《梦塔防》，手游产品《梦三国手游》《华武战国》《有间旺铺》《工匠与旅人》《江 湖如梦》《幻灵召唤师》等，平台产品《H5 闪电玩平台》和《口袋梦三国》等。 电竞比赛作为一种全新的数字文化载体，正逐渐成为弘扬优秀传统文化，提升文化自信的 有力途径。早在2012 年，公司率先在业内提出“国风电竞”的概念，以电子竞技的形式弘扬 和传播中华优秀传统文化。公司主力产品《梦三国2》成为2022 年杭州亚运,程序初筛，重点公司产品另行人工复核
603258,电魂网络,核心,天天爱超神,3,18,闲，打造了 差异化的暗黑卡牌游戏体验。 2.主要储备游戏产品 在新品储备方面，公司一方面加强自研能力建设，储备了多款重磅产品；另一方面，公司 也不断加强发行能力建设，通过多种合作模式积极引入新的产品。截至报告期末，公司储备了 《修仙时代》《出击吧！飞艇》《天天爱超神》等自研或代理产品，后续将结合产品研发及测 试情况安排上线工作。 （1）《修仙时代》 18 / 204 ===== 第 19 页 ===== 杭州电魂网络科技股份有限公司2026 年半年度报告 《修仙时代》是一款公司自,程序初筛，重点公司产品另行人工复核
603258,电魂网络,核心,工匠与旅人,3,14,情况 1.主要运营游戏产品 公司以客户端游戏为基础逐步向移动端游戏延伸，同时也布局了小程序游戏、单机游戏、 主机游戏、H5 游戏、APP 平台和电竞赛事等领域。目前运营中的游戏主要有端游产品《梦三国 2》和《梦塔防》，手游产品《梦三国手游》《华武战国》《有间旺铺》《工匠与旅人》《江 湖如梦》《幻灵召唤师》等，平台产品《H5 闪电玩平台》和《口袋梦三国》等。 电竞比赛作为一种全新的数字文化载体，正逐渐成为弘扬优秀传统文化，提升文化自信的 有力途径。早在2012 年，公司率先在业内提出“国风电竞”的概念，以电子竞技的形式弘扬 和传播中华优秀传统文化。公司主力产品《梦三国2》成为2022 年杭州亚运会电子竞技正式 比赛项目,程序初筛，重点公司产品另行人工复核
603258,电魂网络,核心,幻灵召唤师,3,14,品 公司以客户端游戏为基础逐步向移动端游戏延伸，同时也布局了小程序游戏、单机游戏、 主机游戏、H5 游戏、APP 平台和电竞赛事等领域。目前运营中的游戏主要有端游产品《梦三国 2》和《梦塔防》，手游产品《梦三国手游》《华武战国》《有间旺铺》《工匠与旅人》《江 湖如梦》《幻灵召唤师》等，平台产品《H5 闪电玩平台》和《口袋梦三国》等。 电竞比赛作为一种全新的数字文化载体，正逐渐成为弘扬优秀传统文化，提升文化自信的 有力途径。早在2012 年，公司率先在业内提出“国风电竞”的概念，以电子竞技的形式弘扬 和传播中华优秀传统文化。公司主力产品《梦三国2》成为2022 年杭州亚运会电子竞技正式 比赛项目，中国代表队夺得该项目的金牌，,程序初筛，重点公司产品另行人工复核
603258,电魂网络,核心,有间旺铺,3,14,游戏业务经营情况 1.主要运营游戏产品 公司以客户端游戏为基础逐步向移动端游戏延伸，同时也布局了小程序游戏、单机游戏、 主机游戏、H5 游戏、APP 平台和电竞赛事等领域。目前运营中的游戏主要有端游产品《梦三国 2》和《梦塔防》，手游产品《梦三国手游》《华武战国》《有间旺铺》《工匠与旅人》《江 湖如梦》《幻灵召唤师》等，平台产品《H5 闪电玩平台》和《口袋梦三国》等。 电竞比赛作为一种全新的数字文化载体，正逐渐成为弘扬优秀传统文化，提升文化自信的 有力途径。早在2012 年，公司率先在业内提出“国风电竞”的概念，以电子竞技的形式弘扬 和传播中华优秀传统文化。公司主力产品《梦三国2》成为2022 年杭州亚运会电子竞技正,程序初筛，重点公司产品另行人工复核
603258,电魂网络,核心,梦塔防,3,14,二、经营情况的讨论与分析 （一）网络游戏业务经营情况 1.主要运营游戏产品 公司以客户端游戏为基础逐步向移动端游戏延伸，同时也布局了小程序游戏、单机游戏、 主机游戏、H5 游戏、APP 平台和电竞赛事等领域。目前运营中的游戏主要有端游产品《梦三国 2》和《梦塔防》，手游产品《梦三国手游》《华武战国》《有间旺铺》《工匠与旅人》《江 湖如梦》《幻灵召唤师》等，平台产品《H5 闪电玩平台》和《口袋梦三国》等。 电竞比赛作为一种全新的数字文化载体，正逐渐成为弘扬优秀传统文化，提升文化自信的 有力途径。早在2012 年，公司率先在业内提出“国风电竞”的概念，以电子竞技的形式弘扬 和传播中华优秀传统文化。公司主力产品,程序初筛，重点公司产品另行人工复核
603258,电魂网络,核心,江湖如梦,2,17,为小镇管理者，安置慕名而来的工匠和旅人，和他们共 同生活，一起建设家园并探索这片新大陆的秘密。游戏凭借新颖的生产线玩法和独创的工匠旅 人的双重设定，赋以可爱的3D 形象，一经曝光就广受国内和海外玩家的追捧。该游戏已于 2024 年上线欧美及港澳台地区。 （7）《江湖如梦》 17 / 204 ===== 第 18 页 ===== 杭州电魂网络科技股份有限公司2026 年半年度报告 《江湖如梦》是一款由《藏锋行》漫画IP 改编的武侠卡牌RPG 手游。在游戏中，玩家作 为救世者，与慧美多情的红,程序初筛，重点公司产品另行人工复核
603258,电魂网络,核心,H5 闪电玩平台,1,14,为基础逐步向移动端游戏延伸，同时也布局了小程序游戏、单机游戏、 主机游戏、H5 游戏、APP 平台和电竞赛事等领域。目前运营中的游戏主要有端游产品《梦三国 2》和《梦塔防》，手游产品《梦三国手游》《华武战国》《有间旺铺》《工匠与旅人》《江 湖如梦》《幻灵召唤师》等，平台产品《H5 闪电玩平台》和《口袋梦三国》等。 电竞比赛作为一种全新的数字文化载体，正逐渐成为弘扬优秀传统文化，提升文化自信的 有力途径。早在2012 年，公司率先在业内提出“国风电竞”的概念，以电子竞技的形式弘扬 和传播中华优秀传统文化。公司主力产品《梦三国2》成为2022 年杭州亚运会电子竞技正式 比赛项目，中国代表队夺得该项目的金牌，电竞作为亚运会正式比赛项目增进了,程序初筛，重点公司产品另行人工复核
603258,电魂网络,核心,侍魂,1,11,）、实用周边（服饰、文具等）、版权文创（画集、 设定集等）和高端收藏品（比例模型、雕像等）。上海漫魂目前主要取得的授权IP 有：游戏公 司CAPCOM 相关作品（《怪物猎人系列》《逆转裁判系列》《鬼泣系列》《洛克人系列》等）、 游戏公司SNK 相关作品（《拳皇》《饿狼传说》《侍魂》《合金弹头》等）、日本插画作家 TONY 插画相关作品、Code Geass 反叛的鲁鲁修系列等。目前取得销售授权IP 有：明日方舟， 明日方舟：终末地，鸣潮等。公司主要有线下销售和线上销售两种模式：①线下销售：公司通过 线下门店和快闪活动将产品销售给最终消费者，在产品交付给消费者并收取价款时，确认销售收 入。②线上销售：以客户收到货物并确认收货付款,程序初筛，重点公司产品另行人工复核
603258,电魂网络,核心,口袋梦三国,1,14,延伸，同时也布局了小程序游戏、单机游戏、 主机游戏、H5 游戏、APP 平台和电竞赛事等领域。目前运营中的游戏主要有端游产品《梦三国 2》和《梦塔防》，手游产品《梦三国手游》《华武战国》《有间旺铺》《工匠与旅人》《江 湖如梦》《幻灵召唤师》等，平台产品《H5 闪电玩平台》和《口袋梦三国》等。 电竞比赛作为一种全新的数字文化载体，正逐渐成为弘扬优秀传统文化，提升文化自信的 有力途径。早在2012 年，公司率先在业内提出“国风电竞”的概念，以电子竞技的形式弘扬 和传播中华优秀传统文化。公司主力产品《梦三国2》成为2022 年杭州亚运会电子竞技正式 比赛项目，中国代表队夺得该项目的金牌，电竞作为亚运会正式比赛项目增进了国际文化交 流,程序初筛，重点公司产品另行人工复核
603258,电魂网络,核心,合金弹头,1,11,周边（服饰、文具等）、版权文创（画集、 设定集等）和高端收藏品（比例模型、雕像等）。上海漫魂目前主要取得的授权IP 有：游戏公 司CAPCOM 相关作品（《怪物猎人系列》《逆转裁判系列》《鬼泣系列》《洛克人系列》等）、 游戏公司SNK 相关作品（《拳皇》《饿狼传说》《侍魂》《合金弹头》等）、日本插画作家 TONY 插画相关作品、Code Geass 反叛的鲁鲁修系列等。目前取得销售授权IP 有：明日方舟， 明日方舟：终末地，鸣潮等。公司主要有线下销售和线上销售两种模式：①线下销售：公司通过 线下门店和快闪活动将产品销售给最终消费者，在产品交付给消费者并收取价款时，确认销售收 入。②线上销售：以客户收到货物并确认收货付款时点为收入的,程序初筛，重点公司产品另行人工复核
603258,电魂网络,核心,怪物猎人系列,1,11,平台及线下实体门店等多元化渠道，将商品销售给终端消费者等。目前运营的产品 类目覆盖了常规周边（徽章、挂件、立牌等）、实用周边（服饰、文具等）、版权文创（画集、 设定集等）和高端收藏品（比例模型、雕像等）。上海漫魂目前主要取得的授权IP 有：游戏公 司CAPCOM 相关作品（《怪物猎人系列》《逆转裁判系列》《鬼泣系列》《洛克人系列》等）、 游戏公司SNK 相关作品（《拳皇》《饿狼传说》《侍魂》《合金弹头》等）、日本插画作家 TONY 插画相关作品、Code Geass 反叛的鲁鲁修系列等。目前取得销售授权IP 有：明日方舟， 明日方舟：终末地，鸣潮等。公司主要有线下销售和线上销售两种模式：①线下销售：公司通过 线下门店和快闪活动将产品销,程序初筛，重点公司产品另行人工复核
603258,电魂网络,核心,我的侠客,1,22,===== 第 22 页 ===== 杭州电魂网络科技股份有限公司2026 年半年度报告 国风MOBA 手游《梦三国手游》，完美复刻《梦三国》端游并保留经典的MOBA+RPG 模 式，在研发期间就获得玩家最期待移动网络游戏奖项。此外，《我的侠客》取材于中国传统武侠 题材，游戏以侠义精神为出发点，融合了当下青年的喜好与国家民族性，精心绘制游戏场景与人 物立绘，以更清晰直观的方式呈现了中国传统武侠世界。公司在研产品《修仙时代》是一款国风 水墨开放世界修仙游戏，继承和诠释东方美学，打造一个自由探索、万物皆可修仙的开放世界。 上述游戏代表了电魂国风游戏的成长印记，给玩家带来乐趣的同时，使优秀历史文化,程序初筛，重点公司产品另行人工复核
603258,电魂网络,核心,拳皇,1,11,（徽章、挂件、立牌等）、实用周边（服饰、文具等）、版权文创（画集、 设定集等）和高端收藏品（比例模型、雕像等）。上海漫魂目前主要取得的授权IP 有：游戏公 司CAPCOM 相关作品（《怪物猎人系列》《逆转裁判系列》《鬼泣系列》《洛克人系列》等）、 游戏公司SNK 相关作品（《拳皇》《饿狼传说》《侍魂》《合金弹头》等）、日本插画作家 TONY 插画相关作品、Code Geass 反叛的鲁鲁修系列等。目前取得销售授权IP 有：明日方舟， 明日方舟：终末地，鸣潮等。公司主要有线下销售和线上销售两种模式：①线下销售：公司通过 线下门店和快闪活动将产品销售给最终消费者，在产品交付给消费者并收取价款时，确认销售收 入。②线上销售：以客户收,程序初筛，重点公司产品另行人工复核
603258,电魂网络,核心,洛克人系列,1,11,终端消费者等。目前运营的产品 类目覆盖了常规周边（徽章、挂件、立牌等）、实用周边（服饰、文具等）、版权文创（画集、 设定集等）和高端收藏品（比例模型、雕像等）。上海漫魂目前主要取得的授权IP 有：游戏公 司CAPCOM 相关作品（《怪物猎人系列》《逆转裁判系列》《鬼泣系列》《洛克人系列》等）、 游戏公司SNK 相关作品（《拳皇》《饿狼传说》《侍魂》《合金弹头》等）、日本插画作家 TONY 插画相关作品、Code Geass 反叛的鲁鲁修系列等。目前取得销售授权IP 有：明日方舟， 明日方舟：终末地，鸣潮等。公司主要有线下销售和线上销售两种模式：①线下销售：公司通过 线下门店和快闪活动将产品销售给最终消费者，在产品交付给消费者并收取价,程序初筛，重点公司产品另行人工复核
603258,电魂网络,核心,藏锋行,1,18,《江湖如梦》 17 / 204 ===== 第 18 页 ===== 杭州电魂网络科技股份有限公司2026 年半年度报告 《江湖如梦》是一款由《藏锋行》漫画IP 改编的武侠卡牌RPG 手游。在游戏中，玩家作 为救世者，与慧美多情的红颜、意气相投的兄弟，同踏江湖路。 （8）《幻灵召唤师》 《幻灵召唤师》是一款暗黑猎奇风格放置卡牌手游，游戏凭借极高市场辨识度的暗黑美 学画风独树一帜，并搭载成熟的多角色对战卡牌玩法，兼具沉浸式的视听体验和战斗爽感；同 时深度融合PVP 竞技、秘境爬塔、,程序初筛，重点公司产品另行人工复核
603258,电魂网络,核心,逆转裁判系列,1,11,店等多元化渠道，将商品销售给终端消费者等。目前运营的产品 类目覆盖了常规周边（徽章、挂件、立牌等）、实用周边（服饰、文具等）、版权文创（画集、 设定集等）和高端收藏品（比例模型、雕像等）。上海漫魂目前主要取得的授权IP 有：游戏公 司CAPCOM 相关作品（《怪物猎人系列》《逆转裁判系列》《鬼泣系列》《洛克人系列》等）、 游戏公司SNK 相关作品（《拳皇》《饿狼传说》《侍魂》《合金弹头》等）、日本插画作家 TONY 插画相关作品、Code Geass 反叛的鲁鲁修系列等。目前取得销售授权IP 有：明日方舟， 明日方舟：终末地，鸣潮等。公司主要有线下销售和线上销售两种模式：①线下销售：公司通过 线下门店和快闪活动将产品销售给最终消费者，,程序初筛，重点公司产品另行人工复核
603258,电魂网络,核心,饿狼传说,1,11,挂件、立牌等）、实用周边（服饰、文具等）、版权文创（画集、 设定集等）和高端收藏品（比例模型、雕像等）。上海漫魂目前主要取得的授权IP 有：游戏公 司CAPCOM 相关作品（《怪物猎人系列》《逆转裁判系列》《鬼泣系列》《洛克人系列》等）、 游戏公司SNK 相关作品（《拳皇》《饿狼传说》《侍魂》《合金弹头》等）、日本插画作家 TONY 插画相关作品、Code Geass 反叛的鲁鲁修系列等。目前取得销售授权IP 有：明日方舟， 明日方舟：终末地，鸣潮等。公司主要有线下销售和线上销售两种模式：①线下销售：公司通过 线下门店和快闪活动将产品销售给最终消费者，在产品交付给消费者并收取价款时，确认销售收 入。②线上销售：以客户收到货物并确认,程序初筛，重点公司产品另行人工复核
603258,电魂网络,核心,鬼泣系列,1,11,将商品销售给终端消费者等。目前运营的产品 类目覆盖了常规周边（徽章、挂件、立牌等）、实用周边（服饰、文具等）、版权文创（画集、 设定集等）和高端收藏品（比例模型、雕像等）。上海漫魂目前主要取得的授权IP 有：游戏公 司CAPCOM 相关作品（《怪物猎人系列》《逆转裁判系列》《鬼泣系列》《洛克人系列》等）、 游戏公司SNK 相关作品（《拳皇》《饿狼传说》《侍魂》《合金弹头》等）、日本插画作家 TONY 插画相关作品、Code Geass 反叛的鲁鲁修系列等。目前取得销售授权IP 有：明日方舟， 明日方舟：终末地，鸣潮等。公司主要有线下销售和线上销售两种模式：①线下销售：公司通过 线下门店和快闪活动将产品销售给最终消费者，在产品交付给,程序初筛，重点公司产品另行人工复核
603444,吉比特,核心,问道手游,16,8,指 深圳饭厘信息技术有限公司，雷霆股份参股公司 上海寒刃 指 上海寒刃网络科技有限公司，雷霆股份参股公司 雷霆游戏 指 公司自主运营平台（官网地址：www.leiting.com） 《问道》 指 《问道》客户端游戏 《问道手游》 指 《问道》手机游戏 客户端游戏/端游 指 以电脑为载体，通过运行客户端软件进行使用的游戏产品 通过互联网浏览器使用的网络游戏，不需要安装任何客户端软 网页游戏/页游 指 件 以手机等移动智能终端为载体，通过信息网络供公众下载或者 移动,程序初筛，重点公司产品另行人工复核
603444,吉比特,核心,杖剑传说,15,10,"5.89 0.45 1,207.58 2025 年5 月 大陆版 9.19 4.24 116.86 2025 年5 月 《杖剑传说》 港澳台版、日本版 3.33 不适用 2025 年7 月 欧美版 2.07 不适用 2026 年5 月 （1）境内游戏业务 A 《杖剑传说（大陆版）》《道友来挖宝》本年1-6 月为完整运营周期，营业收入及利润同比",程序初筛，重点公司产品另行人工复核
603444,吉比特,核心,道友来挖宝,15,10,"本报告期比上年 上线时间 同期增减（%） 《问道手游》 10.23 10.71 -4.48 2016 年4 月 《道友来挖宝》 5.89 0.45 1,207.58 2025 年5 月 大陆版 9.19 4.24 116.86 2025 年5 月 《杖剑传说》 港澳台版、日本",程序初筛，重点公司产品另行人工复核
603444,吉比特,核心,问道,14,8,影视有限公司，雷霆股份参股公司 深圳饭厘 指 深圳饭厘信息技术有限公司，雷霆股份参股公司 上海寒刃 指 上海寒刃网络科技有限公司，雷霆股份参股公司 雷霆游戏 指 公司自主运营平台（官网地址：www.leiting.com） 《问道》 指 《问道》客户端游戏 《问道手游》 指 《问道》手机游戏 客户端游戏/端游 指 以电脑为载体，通过运行客户端软件进行使用的游戏产品 通过互联网浏览器使用的网络游戏，不需要安装任何客户端软 网页游戏/页游 指 件 以手,程序初筛，重点公司产品另行人工复核
603444,吉比特,核心,九牧之野,11,10,欧美版 2.07 不适用 2026 年5 月 （1）境内游戏业务 A 《杖剑传说（大陆版）》《道友来挖宝》本年1-6 月为完整运营周期，营业收入及利润同比 增加； B 《九牧之野》于2025 年12 月上线，本期相比上年同期贡献增量营业收入及利润； C 《问道手游》本期营业收入及利润同比微幅减少； 1总流水指的是玩家充值支付的金额，公司营业收入与总流水之间的差额主要由运营商分成、相关税费、玩家未使 用充值及道具等原因产生。,程序初筛，重点公司产品另行人工复核
603444,吉比特,核心,一念逍遥,9,17,文娱领域的美好体验。报告期内，公司实现营业收入37.27 亿元，同比增长48.01%；归属于上 市公司股东的净利润10.92 亿元，同比增长69.31%；经营活动产生的现金流量净额12.73 亿元，同 比增长18.22%。 研发方面，公司自主研发的《问道》端游、《问道手游》《一念逍遥》等产品在报告期内保持 长线运营，为公司带来稳定的业绩贡献；2025 年上线的《杖剑传说》《道友来挖宝》等产品在报告 期内持续推进版本迭代与更新，成为公司业绩增长的重要驱动。运营方面，公司自主运营平台雷 霆游戏凭借多年积累的运营能力，为上述自研产品的长线运营和良好表现提供了有力支持；此外， 雷霆游戏还代理发行《奥比岛：梦想国度》《九牧之野》《封神幻想世,程序初筛，重点公司产品另行人工复核
603444,吉比特,核心,问剑长生,9,19,制MMORPG 2025 年5 月 4 《杖剑传说》 自研 异世界冒险题材放置RPG 2025 年5 月 5 《一念逍遥》 自研 水墨国风放置修仙类 2021 年2 月 6 《问剑长生》 自研 轻社交放置修仙类 2025 年1 月 7 《九牧之野》 代理 三国题材赛季制SLG 2025 年12 月 3 本表“上线时间”仅统计各产品在中国大陆地区的首次公测时间。,程序初筛，重点公司产品另行人工复核
603444,吉比特,核心,杖剑传说（大陆版）,6,10,传说》 港澳台版、日本版 3.33 不适用 2025 年7 月 欧美版 2.07 不适用 2026 年5 月 （1）境内游戏业务 A 《杖剑传说（大陆版）》《道友来挖宝》本年1-6 月为完整运营周期，营业收入及利润同比 增加； B 《九牧之野》于2025 年12 月上线，本期相比上年同期贡献增量营业收入及利润； C 《问道手游》本期营业收入及利润同比微幅减少； 1总流水指的是玩家充值支付的金额，公司营业收入与总流水之间的差额主要由运营商分成、相关税费、玩家未使 用充值及道具等原因产生,程序初筛，重点公司产品另行人工复核
603444,吉比特,核心,杖剑传说（日本版）,6,11,技术股份有限公司2026 年半年度报告 D 《问道》端游、《一念逍遥（大陆版）》和《问剑长生（大陆版）》本期营业收入及利润 均同比减少。 （2）境外游戏业务 本期公司境外营业收入合计6.07 亿元，同比增加201.39%，主要系：①《杖剑传说（港澳台 版）》《杖剑传说（日本版）》《问剑长生（港澳台韩版）》于2025 年下半年上线，本期相比上 年同期贡献增量营业收入及利润；②《杖剑传说（欧美版）》于2026 年5 月上线，本期贡献增量 营业收入，但因上线前期发行投入较大，截至本期末尚未盈利。 2、投资业务概况 公司投资标的主要为游戏行业上下游企业及产业投资基金。本期投资业务产生的财务收益（含 投资收益、公允价值变动损益、资,程序初筛，重点公司产品另行人工复核
603444,吉比特,核心,杖剑传说（港澳台版）,5,12,10 ===== 第 12 页 ===== 厦门吉比特网络技术股份有限公司2026 年半年度报告 来挖宝》销售回款同比增加，《九牧之野》《杖剑传说（港澳台版）》《问剑长生（港澳台韩版）》 《杖剑传说（日本版）》等游戏贡献增量销售回款，经营活动现金流入金额同比增加41.72%；发 行费用等支出同比增加，经营活动现金流出金额同比增加56.94%。 5、收入摊销递延概况 截至2026 年6 月30 日，公司尚未摊销的充值及道具余额共7.80 亿元，较上年年末7.67 亿元 增加0.13 亿元，主要受到以下因素,程序初筛，重点公司产品另行人工复核
603444,吉比特,核心,杖剑传说（欧美版）,4,11,业收入及利润 均同比减少。 （2）境外游戏业务 本期公司境外营业收入合计6.07 亿元，同比增加201.39%，主要系：①《杖剑传说（港澳台 版）》《杖剑传说（日本版）》《问剑长生（港澳台韩版）》于2025 年下半年上线，本期相比上 年同期贡献增量营业收入及利润；②《杖剑传说（欧美版）》于2026 年5 月上线，本期贡献增量 营业收入，但因上线前期发行投入较大，截至本期末尚未盈利。 2、投资业务概况 公司投资标的主要为游戏行业上下游企业及产业投资基金。本期投资业务产生的财务收益（含 投资收益、公允价值变动损益、资产减值损失等）情况具体如下表所示： 单位：元 币种：人,程序初筛，重点公司产品另行人工复核
603444,吉比特,核心,大圣牌：凌霄斗神,3,24,放置RPG 亚等 2 《问剑长生》 自研 轻社交放置修仙类 欧美地区 2026 年第四季度 3 《甄嬛传》 代理 模拟经营类 中国大陆 2027 年第一季度前 4 《大圣牌：凌霄斗神》 代理 构筑式卡牌+自走棋 中国大陆 2027 年第一季度前 5 《失落城堡2》 代理 动作闯关Roguelike 中国大陆 2026 年第四季度 注：（1）产品上线时间受到多方面因素影响，存在不确定性，仅供参考；（2）鉴于项目研发进 度、产品发行策略及玩家预期等因素考虑，部分产品未披露。 部分产品情况介绍如下：,程序初筛，重点公司产品另行人工复核
603444,吉比特,核心,失落城堡2,3,24,自研 轻社交放置修仙类 欧美地区 2026 年第四季度 3 《甄嬛传》 代理 模拟经营类 中国大陆 2027 年第一季度前 4 《大圣牌：凌霄斗神》 代理 构筑式卡牌+自走棋 中国大陆 2027 年第一季度前 5 《失落城堡2》 代理 动作闯关Roguelike 中国大陆 2026 年第四季度 注：（1）产品上线时间受到多方面因素影响，存在不确定性，仅供参考；（2）鉴于项目研发进 度、产品发行策略及玩家预期等因素考虑，部分产品未披露。 部分产品情况介绍如下： 1、《甄嬛传》 《甄嬛传》是由同名电视剧正版授权的一款宫廷模拟经营手游，游戏深度还原经,程序初筛，重点公司产品另行人工复核
603444,吉比特,核心,甄嬛传,3,24,2026 年第四季度 放置RPG 亚等 2 《问剑长生》 自研 轻社交放置修仙类 欧美地区 2026 年第四季度 3 《甄嬛传》 代理 模拟经营类 中国大陆 2027 年第一季度前 4 《大圣牌：凌霄斗神》 代理 构筑式卡牌+自走棋 中国大陆 2027 年第一季度前 5 《失落城堡2》 代理 动作闯关Roguelike 中国大陆 2026 年第四季度 注：（1）产品上线时间受到多方面因素影响，存在不确定性，仅供参考；（2）,程序初筛，重点公司产品另行人工复核
603444,吉比特,核心,问剑长生（大陆版）,3,11,9 ===== 第 11 页 ===== 厦门吉比特网络技术股份有限公司2026 年半年度报告 D 《问道》端游、《一念逍遥（大陆版）》和《问剑长生（大陆版）》本期营业收入及利润 均同比减少。 （2）境外游戏业务 本期公司境外营业收入合计6.07 亿元，同比增加201.39%，主要系：①《杖剑传说（港澳台 版）》《杖剑传说（日本版）》《问剑长生（港澳台韩版）》于2025 年下半年上线，本期相比上 年同期贡献增量营业收入及利润；②《杖剑传说（欧美版）》于2026 年5 月上线，本期贡献增量 营业收入，,程序初筛，重点公司产品另行人工复核
603444,吉比特,核心,问剑长生（港澳台韩版）,3,11,6 年半年度报告 D 《问道》端游、《一念逍遥（大陆版）》和《问剑长生（大陆版）》本期营业收入及利润 均同比减少。 （2）境外游戏业务 本期公司境外营业收入合计6.07 亿元，同比增加201.39%，主要系：①《杖剑传说（港澳台 版）》《杖剑传说（日本版）》《问剑长生（港澳台韩版）》于2025 年下半年上线，本期相比上 年同期贡献增量营业收入及利润；②《杖剑传说（欧美版）》于2026 年5 月上线，本期贡献增量 营业收入，但因上线前期发行投入较大，截至本期末尚未盈利。 2、投资业务概况 公司投资标的主要为游戏行业上下游企业及产业投资基金。本期投资业务产生的财务收益（含 投资收益、公允价值变动损益、资产减值损失等）情况具体如下,程序初筛，重点公司产品另行人工复核
603444,吉比特,核心,不思议迷宫,2,20,2022 年7 月 9 《封神幻想世界》 代理 国风题材RPG 2024 年10 月 10 《奇葩战斗家》 自研 轻竞技RPG 2019 年7 月 11 《不思议迷宫》 代理 Roguelike、养成类 2016 年12 月 1、《问道》端游 公司首款自主研发的端游产品《问道》于2006 年4 月上线，已实现20 年长线运营，凭借其 出色的游戏品质和合理的商业化设计深受玩家喜爱，PCU 峰值曾接近百万。自2006 年商业化运营 以来，公司根据市场变化及玩家反馈，持续对《问道》进,程序初筛，重点公司产品另行人工复核
603444,吉比特,核心,奥比岛：梦想国度,2,17,公司带来稳定的业绩贡献；2025 年上线的《杖剑传说》《道友来挖宝》等产品在报告 期内持续推进版本迭代与更新，成为公司业绩增长的重要驱动。运营方面，公司自主运营平台雷 霆游戏凭借多年积累的运营能力，为上述自研产品的长线运营和良好表现提供了有力支持；此外， 雷霆游戏还代理发行《奥比岛：梦想国度》《九牧之野》《封神幻想世界》等外部产品，进一步丰 富公司产品矩阵。 基于现有产品积累与运营经验，公司将持续深耕主业。研发上，明确将资源集中于三类项目： 好玩有趣且商业化成功的项目、好玩有趣但盈亏平衡或小亏的项目、技术探索积累型的项目，并 采用“小步快跑”“思辨共创”等方式推进项目研发。运营上，将进一步聚焦业务方向，集中资源 于核心产品运营和核,程序初筛，重点公司产品另行人工复核
603444,吉比特,核心,封神幻想世界,2,17,年上线的《杖剑传说》《道友来挖宝》等产品在报告 期内持续推进版本迭代与更新，成为公司业绩增长的重要驱动。运营方面，公司自主运营平台雷 霆游戏凭借多年积累的运营能力，为上述自研产品的长线运营和良好表现提供了有力支持；此外， 雷霆游戏还代理发行《奥比岛：梦想国度》《九牧之野》《封神幻想世界》等外部产品，进一步丰 富公司产品矩阵。 基于现有产品积累与运营经验，公司将持续深耕主业。研发上，明确将资源集中于三类项目： 好玩有趣且商业化成功的项目、好玩有趣但盈亏平衡或小亏的项目、技术探索积累型的项目，并 采用“小步快跑”“思辨共创”等方式推进项目研发。运营上，将进一步聚焦业务方向，集中资源 于核心产品运营和核心用户服务，提升发行业务的专,程序初筛，重点公司产品另行人工复核
603444,吉比特,核心,香肠派对,2,27,25 ===== 第 27 页 ===== 厦门吉比特网络技术股份有限公司2026 年半年度报告 标的 持股比例 简介 厦门真有趣为经典产品《香肠派对》《不休的乌拉拉》的研发商， 10.00% 其中，射击生存游戏《香肠派对》在TapTap 下载量达2.7 亿 Unity 中国为美国游戏引擎开发商Unity Technologies 在中国成立的,程序初筛，重点公司产品另行人工复核
603444,吉比特,核心,Muse Dash（喵斯快跑）,1,27,"Unity Technologies 在中国成立的 1.60% 合资公司，其推出的团结引擎为游戏、汽车、工业制造、影视动 画等领域提供创作支持 广州呸喽为跑酷元素音乐游戏《Muse Dash（喵斯快跑）》的研发 15.00% 商，该产品全球累计付费玩家超过1,300 万，在Steam 平台的好 评率达87% (四) 互联网出版服务情况 公司互联网出版服务平台艺忛科技成立于2015 年11 月，致力于为互联网行业企业提供合规 方面的专业咨询及出版相关服务，业务范围涵盖",程序初筛，重点公司产品另行人工复核
603444,吉比特,核心,一念逍遥（大陆版）,1,11,具等原因产生。 9 ===== 第 11 页 ===== 厦门吉比特网络技术股份有限公司2026 年半年度报告 D 《问道》端游、《一念逍遥（大陆版）》和《问剑长生（大陆版）》本期营业收入及利润 均同比减少。 （2）境外游戏业务 本期公司境外营业收入合计6.07 亿元，同比增加201.39%，主要系：①《杖剑传说（港澳台 版）》《杖剑传说（日本版）》《问剑长生（港澳台韩版）》于2025 年下半年上线，本期相比上 年同期贡献增量营业收入及利润；②《杖剑传说（欧美版）》于2026 年5 月上线，本,程序初筛，重点公司产品另行人工复核
603444,吉比特,核心,不休的乌拉拉,1,27,25 ===== 第 27 页 ===== 厦门吉比特网络技术股份有限公司2026 年半年度报告 标的 持股比例 简介 厦门真有趣为经典产品《香肠派对》《不休的乌拉拉》的研发商， 10.00% 其中，射击生存游戏《香肠派对》在TapTap 下载量达2.7 亿 Unity 中国为美国游戏引擎开发商Unity Technologies 在中国成立的,程序初筛，重点公司产品另行人工复核
603444,吉比特,核心,仙逆,1,32,问道手游》与经典动画《葫芦兄弟》、人气电影《浪 浪山小妖怪》联动，并推出联名10 周年纪念宠，深受玩家喜爱；《杖剑传说》陆续与《伍六七》、 B.Duck 小黄鸭、洛天依等热门IP 联动，通过推出联动伙伴、专属剧情、特色幻装等内容，有效提 升游戏热度；《问剑长生》选择修仙题材作品《仙逆》开展联动，将原著的修行主题与游戏内容 深度结合，强化修仙氛围，有效巩固核心用户。 此外，公司持续通过其他多元化的运营策略提升产品影响力。为深化IP 生态建设，公司通过 小说、动画、音乐等衍生内容完善产品世界观架构，丰富游戏故事情节，增强玩家代入感并深化 品牌价值；公司积极布局电商直播新业态，《问道手游》《一念逍遥》《杖剑传说》《道友来挖 宝》等,程序初筛，重点公司产品另行人工复核
603444,吉比特,核心,伍六七,1,32,2 页 ===== 厦门吉比特网络技术股份有限公司2026 年半年度报告 虚拟偶像等多个领域。例如，2026 年以来，《问道手游》与经典动画《葫芦兄弟》、人气电影《浪 浪山小妖怪》联动，并推出联名10 周年纪念宠，深受玩家喜爱；《杖剑传说》陆续与《伍六七》、 B.Duck 小黄鸭、洛天依等热门IP 联动，通过推出联动伙伴、专属剧情、特色幻装等内容，有效提 升游戏热度；《问剑长生》选择修仙题材作品《仙逆》开展联动，将原著的修行主题与游戏内容 深度结合，强化修仙氛围，有效巩固核心用户。 此外，公司持续通过其他多元化的运营策略提升产品影响力。为深化IP 生态建设，公司通过 小说、动画、音乐等衍生内容完善,程序初筛，重点公司产品另行人工复核
603444,吉比特,核心,地下城堡,1,26,在App Store 累计获得超14 万条五星好评 淘金互动为新三板挂牌企业（NQ.837685），是经典Roguelike 手 29.01% 游《地下城堡》系列产品的研发商 25 ===== 第 27 页 ===== 厦门吉比特网络技术股份有限公司2026 年半年度报告 标的 持股比例 简介,程序初筛，重点公司产品另行人工复核
603444,吉比特,核心,失落城堡,1,26,=== 第 26 页 ===== 厦门吉比特网络技术股份有限公司2026 年半年度报告 3、《失落城堡2》 《失落城堡2》是一款卡通横版Roguelike 动作冒险游戏，玩家将扮演宝藏猎人，在游戏中开 展探险寻宝之旅。游戏延续了前作《失落城堡》的核心玩法，在美术品质、武器系统等方面全面 升级，目前已取得版号，计划于2026 年第四季度上线。 (三) 投资工作情况 公司深耕游戏市场，以网络游戏研发及运营业务为核心，同时布局行业上下游相关企业及产 业基金投资。截至报告期末，公司投资参股的部分企业介绍如下： 标的 持股比例 简介,程序初筛，重点公司产品另行人工复核
603444,吉比特,核心,奇葩战斗家,1,20,游戏类型 上线时间3 8 《奥比岛：梦想国度》 代理 社区养成类 2022 年7 月 9 《封神幻想世界》 代理 国风题材RPG 2024 年10 月 10 《奇葩战斗家》 自研 轻竞技RPG 2019 年7 月 11 《不思议迷宫》 代理 Roguelike、养成类 2016 年12 月 1、《问道》端游 公司首款自主研发的端游产品《问道》于2006 年4 月上线，已实现20 年长线运营，凭借其 出色的游戏品质和合理的商业化设计深受,程序初筛，重点公司产品另行人工复核
603444,吉比特,核心,掌上问道,1,30,用户需求，打造玩家喜爱的 精品原创游戏。 公司通过线上及线下多种途径加强与玩家的沟通和互动。例如，《问道手游》定期举办“策 划面对面”“论道大会”等线下活动，与核心玩家交流游戏版本规划、运营活动安排等内容，听 取玩家的反馈意见并持续优化游戏体验，玩家还可通过官方社区《掌上问道》获取游戏资讯、分 享游戏体验、与策划团队直接对话，从而更轻松地融入“问道”世界；《杖剑传说》《问剑长生》 定期开展由策划或运营人员直接交流的“面对面直播”活动，通过高频、直接的互动方式，确保 玩家反馈能被即时聆听，以更好地优化游戏并实现玩家共创。此外，公司推出了官方社区平台— —“雷霆游戏会员中心”，将游戏资讯、福利发放、客服支持及策划直通等重要功能,程序初筛，重点公司产品另行人工复核
603444,吉比特,核心,斩神之凡尘神域,1,22,"游戏以仙气飘逸的水墨画风，打造了人、仙、妖、魔交织的修仙世界，深度还原修仙小说中修炼 境界、神通、功法等概念。经过五年多运营，游戏累计注册用户超2,800 万。 2026 年以来，《一念逍遥》围绕五周年庆、灵兽版本与“血修”版本等重大节点持续推动游戏 内容更新，并与《斩神之凡尘神域》动画联动，从养成玩法和战斗革新等维度持续优化玩家游戏 体验，后续还将根据年度规划陆续推进灵兽养成优化、赛事调整、新修炼方向及主题联动等长线 运营内容。 21 ===== 第 23 页 ===== 厦门吉比特网",程序初筛，重点公司产品另行人工复核
603444,吉比特,核心,明克街13 号,1,28,化，截至2026 年6 月30 日，公司及子公司累计完 成计算机软件、美术作品、音乐作品、文字作品、录音制品及视听作品的著作权登记515 件，取 得发明专利25 件。 此外，公司长期关注网文小说IP，持续积累优质内容，为游戏开发提供丰富的原型支撑与创 意储备，至今已取得包括《明克街13 号》《术师手册》等多个网文IP 的游戏改编权。 2、采用“小步快跑”策略，提升研发成效 公司高度注重产品的创新性，力争打造兼具好玩有趣和商业回报的差异化精品游戏。公司从 差异化入手，不断在核心玩法、概念、画风等方向创新研发思路，在提升产品竞争力的同时，也 加大了项目的研发难度，对制作团队的核心玩法提炼能力、工程管理能力、数据分析能力等提出 了更,程序初筛，重点公司产品另行人工复核
603444,吉比特,核心,最强蜗牛,1,26,公司深耕游戏市场，以网络游戏研发及运营业务为核心，同时布局行业上下游相关企业及产 业基金投资。截至报告期末，公司投资参股的部分企业介绍如下： 标的 持股比例 简介 青瓷游戏为经典手绘风放置手游《最强蜗牛》及Roguelike 手游 18.55% 《不思议迷宫》的研发商，2021 年12 月在香港联交所上市 （6633.HK） 易玩网络为TapTap 平台（高品质手游分享社区和第三方游戏下,程序初筛，重点公司产品另行人工复核
603444,吉比特,核心,术师手册,1,28,年6 月30 日，公司及子公司累计完 成计算机软件、美术作品、音乐作品、文字作品、录音制品及视听作品的著作权登记515 件，取 得发明专利25 件。 此外，公司长期关注网文小说IP，持续积累优质内容，为游戏开发提供丰富的原型支撑与创 意储备，至今已取得包括《明克街13 号》《术师手册》等多个网文IP 的游戏改编权。 2、采用“小步快跑”策略，提升研发成效 公司高度注重产品的创新性，力争打造兼具好玩有趣和商业回报的差异化精品游戏。公司从 差异化入手，不断在核心玩法、概念、画风等方向创新研发思路，在提升产品竞争力的同时，也 加大了项目的研发难度，对制作团队的核心玩法提炼能力、工程管理能力、数据分析能力等提出 了更高的要求。经,程序初筛，重点公司产品另行人工复核
603444,吉比特,核心,杖剑传说（Sword x Staff）,1,40,1、持续深耕主业，提升经营质量 自2004 年成立以来，公司始终专注于网络游戏的研发及运营主业。2026 年上半年，公司业务 稳步推进，《问道》端游、《问道手游》《杖剑传说》《一念逍遥》《道友来挖宝》《问剑长生》等产 品持续贡献收入及利润。2026 年5 月19 日，《杖剑传说（Sword x Staff）》在欧美地区发行，上线首 月曾同时位于10 多个区域市场App Store 游戏畅销榜Top50，其中美国地区最高至第26 名。2026 年 上半年，公司实现营业收入37.27 亿元，同比增长48.01%；归属于上市公司股东的净利润10.92 亿 元，同比增长69.31%。 2、坚持创新驱动，发展新质生产力 公司坚持创新驱动发展，2026 年上半年,程序初筛，重点公司产品另行人工复核
603444,吉比特,核心,浪浪山小妖怪,1,20,研发并运营的MMORPG 游戏《问道手游》。上线10 年以来，《问道手游》展现出较强的产品生命 力，持续保持良好的市场表现。公司亦围绕“问道”IP 持续进行内容迭代和品牌建设，进一步提 升“问道”IP 价值。 2026 年4 月，《问道手游》迎来十周年庆典，推出与电影《浪浪山小妖怪》及经典动画《葫 芦兄弟》联名的10 周年纪念宠，在游戏内同步开启周年抽奖、周年挑战、庆典祈福、周年庙会等 系列活动，游戏热度与玩家活跃度保持较高水平。报告期内，游戏在App Store 游戏畅销榜平均排 名第62 名，最高至第16 名。 19 =,程序初筛，重点公司产品另行人工复核
603444,吉比特,核心,深空之眼,1,26,心 动公司（2400.HK） 勇仕网络为新三板挂牌企业（NQ.873180），其联合研发的二次元 20.00% 海战题材游戏《碧蓝航线》畅销海内外，自主研发的《深空之眼》 在App Store 累计获得超14 万条五星好评 淘金互动为新三板挂牌企业（NQ.837685），是经典Roguelike 手 29.01% 游《地下城堡》系列产品的研发商,程序初筛，重点公司产品另行人工复核
603444,吉比特,核心,碧蓝航线,1,26,主体，其母公司为在香港联交所上市的心 动公司（2400.HK） 勇仕网络为新三板挂牌企业（NQ.873180），其联合研发的二次元 20.00% 海战题材游戏《碧蓝航线》畅销海内外，自主研发的《深空之眼》 在App Store 累计获得超14 万条五星好评 淘金互动为新三板挂牌企业（NQ.837685），是经典Roguelike 手 29.01% 游《地下城堡》系列产品的研,程序初筛，重点公司产品另行人工复核
603444,吉比特,核心,移动互联网未成年人模式建设指南,1,45,认真贯彻相关法律、行政法规要求，坚决防止未成年人沉迷网络游戏，参与发 起《网络游戏行业防沉迷自律公约》，并在官网展示公约内容；根据中国音像与数 字出版协会《网络游戏适龄提示》团体标准，在雷霆游戏平台旗下所有游戏添加适 龄提示；公司严格落实《移动互联网未成年人模式建设指南》要求，持续完善适龄 提示审核机制，确保游戏内容上线前经过专人审测，并动态更新适龄提示。 为营造清朗的网络空间和文明的游戏环境，公司持续关注治理涉未成年不良信息， 定期开展内部清朗专项整治，集中关注影响未成年人身心健康的有害内容。雷霆游 戏平台持续完善提升平台技术过滤能力，加大审核人力投入和宣导培训，加,程序初筛，重点公司产品另行人工复核
603444,吉比特,核心,网络游戏适龄提示,1,45,监测未成年用户的登录 和下线情况，确保防沉迷措施长期有效执行。 公司认真贯彻相关法律、行政法规要求，坚决防止未成年人沉迷网络游戏，参与发 起《网络游戏行业防沉迷自律公约》，并在官网展示公约内容；根据中国音像与数 字出版协会《网络游戏适龄提示》团体标准，在雷霆游戏平台旗下所有游戏添加适 龄提示；公司严格落实《移动互联网未成年人模式建设指南》要求，持续完善适龄 提示审核机制，确保游戏内容上线前经过专人审测，并动态更新适龄提示。 为营造清朗的网络空间和文明的游戏环境，公司持续关注治理涉未成年不良信息， 定期开展内部清朗专项整治，集中关注影响未成,程序初筛，重点公司产品另行人工复核
603444,吉比特,核心,葫芦兄弟,1,32,30 ===== 第 32 页 ===== 厦门吉比特网络技术股份有限公司2026 年半年度报告 虚拟偶像等多个领域。例如，2026 年以来，《问道手游》与经典动画《葫芦兄弟》、人气电影《浪 浪山小妖怪》联动，并推出联名10 周年纪念宠，深受玩家喜爱；《杖剑传说》陆续与《伍六七》、 B.Duck 小黄鸭、洛天依等热门IP 联动，通过推出联动伙伴、专属剧情、特色幻装等内容，有效提 升游戏热度；《问剑长生》选择修仙题材作品《仙逆》开展联动，将原著的修行主题与游戏内容 深度结合，强化修仙氛围，有效巩固核心用户。 此外，公司持续,程序初筛，重点公司产品另行人工复核
603444,吉比特,核心,问剑长生·轻遇,1,23,区。在游戏中，玩家既可以体验从一介散修 证道成仙、征战三界的旅程，也可以体验与道侣同游、约好友相聚、携宗门跨服乱斗的轻松社交 乐趣。 《问剑长生》十分重视玩家游戏体验，通过定期直播、策划问答等方式收集玩家反馈并优化 迭代。2026 年上半年，游戏推出1 周年庆新版本《问剑长生·轻遇》，围绕数值和战斗体验的丰 富与优化、轻度社交体系的持续建设、在减负中加强“修仙沉浸感”三大主轴进行内容迭代，致 力于在“轻松游戏、轻松相遇”的修仙世界中，为玩家带来更愉悦的长线陪伴。 22 ===== 第 24 页 =====,程序初筛，重点公司产品另行人工复核
300002,神州泰岳,重要,Age of Origins,4,10,的核心竞争力，亦是构筑行业差异化运营优势的关键维度。依 托该模式的长期落地实践，壳木游戏旗下产品积淀了稳固的用户基本盘与突出的用户黏性，赋予公司较强经营韧性，为 公司长期稳健发展筑牢扎实的竞争根基。 壳木游戏主要产品为策略类（SLG）手游，当前公司发行的主要产品包括《Age of Origins》《War and Order》 《Infinite Galaxy》等。公司的游戏产品通过Google Play、App Store 等平台向全球发行，市场遍布150 多个国家和地区， 主要国家和地区为美国、日本、韩国、中国大陆、欧洲、中东、南美等。 壳木游戏是中国手游开发商中最早的一批出海开拓者，是中国大陆地区第一家获Google 官方颁发的Top,程序初筛，重点公司产品另行人工复核
300002,神州泰岳,重要,War and Order,4,10,运营优势的关键维度。依 托该模式的长期落地实践，壳木游戏旗下产品积淀了稳固的用户基本盘与突出的用户黏性，赋予公司较强经营韧性，为 公司长期稳健发展筑牢扎实的竞争根基。 壳木游戏主要产品为策略类（SLG）手游，当前公司发行的主要产品包括《Age of Origins》《War and Order》 《Infinite Galaxy》等。公司的游戏产品通过Google Play、App Store 等平台向全球发行，市场遍布150 多个国家和地区， 主要国家和地区为美国、日本、韩国、中国大陆、欧洲、中东、南美等。 壳木游戏是中国手游开发商中最早的一批出海开拓者，是中国大陆地区第一家获Google 官方颁发的Top Developer 认证的,程序初筛，重点公司产品另行人工复核
300002,神州泰岳,重要,Infinite Galaxy,2,10,式的长期落地实践，壳木游戏旗下产品积淀了稳固的用户基本盘与突出的用户黏性，赋予公司较强经营韧性，为 公司长期稳健发展筑牢扎实的竞争根基。 壳木游戏主要产品为策略类（SLG）手游，当前公司发行的主要产品包括《Age of Origins》《War and Order》 《Infinite Galaxy》等。公司的游戏产品通过Google Play、App Store 等平台向全球发行，市场遍布150 多个国家和地区， 主要国家和地区为美国、日本、韩国、中国大陆、欧洲、中东、南美等。 壳木游戏是中国手游开发商中最早的一批出海开拓者，是中国大陆地区第一家获Google 官方颁发的Top Developer 认证的手游开发团队。壳木游戏制作的《Age,程序初筛，重点公司产品另行人工复核
300002,神州泰岳,重要,中国游戏出海常青榜,1,11,Store 和Google 全球推荐。其中，上线超7 年的《Age of Origins》和上线超9 年的《War and Order》，累计流水均已超 过10 亿美元，公司将继续丰富游戏内容、创新玩法，深度挖掘产品的长线运营潜力。另外，上述两款游戏也多次入围时 代财经各月度《中国游戏出海常青榜》。 新游戏方面，公司持续强化研发能力，将过往在游戏制作、运营等方面积累的经验，以“工程化创新”的方式复用到 新游戏中。公司游戏业务坚持精品化研发与全球化发行布局，持续完善、充实游戏产品储备，多款新游已在海外地区开 启商业化测试，尚未进入大规模投放阶段。 技术创新方面，公司一贯重视AI 技术的探索与应用，通过使用最新的AIGC 工具，提高制作,程序初筛，重点公司产品另行人工复核
300002,神州泰岳,重要,关于变更公司注册资本的议案,1,67,"股转增10 股，实施完成后公司注册资本增至1,230,432,768.00 元。2014 年5 月25 日，由北京市工商行政管理局换发企 业法人营业执照，注册号110000002700930。 2014 年6 月27 日，公司2014 年第一次临时股东大会审议通过《关于变更公司注册资本的议案》、《关于修改〈公 司章程〉的议案》，公司因发行股份及支付现金购买资产的相关股份上市手续已办理完毕，公司股本增加了92,756,183 67 ==",程序初筛，重点公司产品另行人工复核
300031,宝通科技,重要,热血江湖,2,13,此同时，公司已与全球众多游戏厂商建立 了长期稳定的战略合作关系，通过持续沉淀海外发行经验、渠道资源与品牌口碑，逐步构筑起深厚的竞争壁垒，为公司 全球化业务的可持续发展提供有力保障。 在核心产品运营方面，公司通过持续的内容更新与精细化营销，核心产品矩阵实现稳健经营。《热血江湖》《D3》《ド ット勇者（浮空秘境）》《命运圣契》《巨神军师》《圣斗士星矢：重生2》《三国群英传》《龙骑士学院》《最强祖师》《The Cozy Florist》、《Motto Immortal》、《やばい！少女に囲まれた！》《War and Magic》《Bloodline:Heroes of lithas》,程序初筛，重点公司产品另行人工复核
300031,宝通科技,重要,Bloodline:Heroes of lithas,1,13,健经营。《热血江湖》《D3》《ド ット勇者（浮空秘境）》《命运圣契》《巨神军师》《圣斗士星矢：重生2》《三国群英传》《龙骑士学院》《最强祖师》《The Cozy Florist》、《Motto Immortal》、《やばい！少女に囲まれた！》《War and Magic》《Bloodline:Heroes of lithas》 13 ===== 第 14 页 ===== 无锡宝通科技股份有限公司2026 年半年度报告全文 《King’s Throne》《Dungeon Hunter 6》等游戏持续贡献稳定流水，为公司业绩增长提供有力支撑。同时，公司在未来 产品,程序初筛，重点公司产品另行人工复核
300031,宝通科技,重要,D3,1,13,已与全球众多游戏厂商建立 了长期稳定的战略合作关系，通过持续沉淀海外发行经验、渠道资源与品牌口碑，逐步构筑起深厚的竞争壁垒，为公司 全球化业务的可持续发展提供有力保障。 在核心产品运营方面，公司通过持续的内容更新与精细化营销，核心产品矩阵实现稳健经营。《热血江湖》《D3》《ド ット勇者（浮空秘境）》《命运圣契》《巨神军师》《圣斗士星矢：重生2》《三国群英传》《龙骑士学院》《最强祖师》《The Cozy Florist》、《Motto Immortal》、《やばい！少女に囲まれた！》《War and Magic》《Bloodline:Heroes of lithas》,程序初筛，重点公司产品另行人工复核
300031,宝通科技,重要,Dungeon Hunter 6,1,14,Heroes of lithas》 13 ===== 第 14 页 ===== 无锡宝通科技股份有限公司2026 年半年度报告全文 《King’s Throne》《Dungeon Hunter 6》等游戏持续贡献稳定流水，为公司业绩增长提供有力支撑。同时，公司在未来 产品储备方面兼具多元化与全球化，囊括了日本头部IP 正版授权力作。《代号WLXQ》《代号JS》《代号D8》《代号GS》 《代号DWM》《代号ATM》《代号FGT2》《代号HFC》《代号NDX》等多款游戏将在日本、韩国、东南亚、港澳台、欧美等多 个地区上线，跨越国界，旨在为全球用,程序初筛，重点公司产品另行人工复核
300031,宝通科技,重要,King’s Throne,1,14,gic》《Bloodline:Heroes of lithas》 13 ===== 第 14 页 ===== 无锡宝通科技股份有限公司2026 年半年度报告全文 《King’s Throne》《Dungeon Hunter 6》等游戏持续贡献稳定流水，为公司业绩增长提供有力支撑。同时，公司在未来 产品储备方面兼具多元化与全球化，囊括了日本头部IP 正版授权力作。《代号WLXQ》《代号JS》《代号D8》《代号GS》 《代号DWM》《代号ATM》《代号FGT2》《代号HFC》《代号NDX》等多款游戏将在日本、韩国、东南亚、港澳台、欧美等多,程序初筛，重点公司产品另行人工复核
300031,宝通科技,重要,Motto Immortal,1,13,力保障。 在核心产品运营方面，公司通过持续的内容更新与精细化营销，核心产品矩阵实现稳健经营。《热血江湖》《D3》《ド ット勇者（浮空秘境）》《命运圣契》《巨神军师》《圣斗士星矢：重生2》《三国群英传》《龙骑士学院》《最强祖师》《The Cozy Florist》、《Motto Immortal》、《やばい！少女に囲まれた！》《War and Magic》《Bloodline:Heroes of lithas》 13 ===== 第 14 页 ===== 无锡宝通科技股份有限公司2026 年半年度报告全文 《King’s Throne,程序初筛，重点公司产品另行人工复核
300031,宝通科技,重要,The Cozy Florist,1,29,、欧美等成熟市场基本盘的基础上，积极抢抓新兴市场机遇，通过新品储备、存量产品迭代、 成熟产品焕新升级的多元布局，不断完善产品梯队，夯实业务中长期稳健增长基础。旗下子公司易幻网络、海南高图多 款精品游戏保持稳健运营，为移动互联网业务的稳定增长提供有力支撑。海南高图全新发行的《The Cozy Florist》已 29 ===== 第 30 页 ===== 无锡宝通科技股份有限公司2026 年半年度报告全文 覆盖全球140 多个国家和地区，在多国榜单取得亮眼表现，入选App Magic 2026 年2 月中国手游出海收入增长榜TOP20， 登顶,程序初筛，重点公司产品另行人工复核
300031,宝通科技,重要,War and Magic,1,13,精细化营销，核心产品矩阵实现稳健经营。《热血江湖》《D3》《ド ット勇者（浮空秘境）》《命运圣契》《巨神军师》《圣斗士星矢：重生2》《三国群英传》《龙骑士学院》《最强祖师》《The Cozy Florist》、《Motto Immortal》、《やばい！少女に囲まれた！》《War and Magic》《Bloodline:Heroes of lithas》 13 ===== 第 14 页 ===== 无锡宝通科技股份有限公司2026 年半年度报告全文 《King’s Throne》《Dungeon Hunter 6》等游戏持续贡献稳定流水,程序初筛，重点公司产品另行人工复核
300031,宝通科技,重要,やばい！少女に囲まれた！,1,13,面，公司通过持续的内容更新与精细化营销，核心产品矩阵实现稳健经营。《热血江湖》《D3》《ド ット勇者（浮空秘境）》《命运圣契》《巨神军师》《圣斗士星矢：重生2》《三国群英传》《龙骑士学院》《最强祖师》《The Cozy Florist》、《Motto Immortal》、《やばい！少女に囲まれた！》《War and Magic》《Bloodline:Heroes of lithas》 13 ===== 第 14 页 ===== 无锡宝通科技股份有限公司2026 年半年度报告全文 《King’s Throne》《Dungeon Hunte,程序初筛，重点公司产品另行人工复核
300031,宝通科技,重要,一念,1,27,）科技股份有限公司（以下简称“光轮智能”）共同设立合资公司，聚焦工业、矿业、深空等高价值场景，共建工业 机器人持续学习基础设施，推动物理AI 走向真实产业部署，为工业、矿山、数字工厂、深空等领域提供全栈式产品与服 务。此外，公司旗下数字创新平台荷笛科技出品的AI 水墨短片《一念》，先后斩获2026 世界人工智能电影节中国区 “最佳AI 短片奖”和北京国际电影节AIGC 单元“最佳技术创新奖”（该赛道AI 技术类唯一奖项）两项殊荣。 （2）深耕全球布局见实效，攻坚海外经营拓新生态 全球市场竞争持续加剧，公司在稳固本土市场基本盘的同时，加快落地全球化战略，挖掘业务发展新动能、培育第 二增长曲线。公司逐步完成从产品,程序初筛，重点公司产品另行人工复核
300031,宝通科技,重要,三国群英传,1,13,资源与品牌口碑，逐步构筑起深厚的竞争壁垒，为公司 全球化业务的可持续发展提供有力保障。 在核心产品运营方面，公司通过持续的内容更新与精细化营销，核心产品矩阵实现稳健经营。《热血江湖》《D3》《ド ット勇者（浮空秘境）》《命运圣契》《巨神军师》《圣斗士星矢：重生2》《三国群英传》《龙骑士学院》《最强祖师》《The Cozy Florist》、《Motto Immortal》、《やばい！少女に囲まれた！》《War and Magic》《Bloodline:Heroes of lithas》 13 ===== 第 14 页,程序初筛，重点公司产品另行人工复核
300031,宝通科技,重要,代号ATM,1,14,《King’s Throne》《Dungeon Hunter 6》等游戏持续贡献稳定流水，为公司业绩增长提供有力支撑。同时，公司在未来 产品储备方面兼具多元化与全球化，囊括了日本头部IP 正版授权力作。《代号WLXQ》《代号JS》《代号D8》《代号GS》 《代号DWM》《代号ATM》《代号FGT2》《代号HFC》《代号NDX》等多款游戏将在日本、韩国、东南亚、港澳台、欧美等多 个地区上线，跨越国界，旨在为全球用户提供一场前所未有的数字娱乐盛宴。 在技术创新与AI 赋能方面，公司持续推动科技与游戏的深度融合，依托AI 技术践行创新突破，将大数据、人工智 能、云计算等多元技术深度融入游戏研发与发行的各个环节，聚焦当前业务流程,程序初筛，重点公司产品另行人工复核
300031,宝通科技,重要,代号D8,1,14,股份有限公司2026 年半年度报告全文 《King’s Throne》《Dungeon Hunter 6》等游戏持续贡献稳定流水，为公司业绩增长提供有力支撑。同时，公司在未来 产品储备方面兼具多元化与全球化，囊括了日本头部IP 正版授权力作。《代号WLXQ》《代号JS》《代号D8》《代号GS》 《代号DWM》《代号ATM》《代号FGT2》《代号HFC》《代号NDX》等多款游戏将在日本、韩国、东南亚、港澳台、欧美等多 个地区上线，跨越国界，旨在为全球用户提供一场前所未有的数字娱乐盛宴。 在技术创新与AI 赋能方面，公司持续推动科技与游戏的深度融合，依托AI 技术践行创新突破，将大数据、人工智 能、云计算等多元技术深度,程序初筛，重点公司产品另行人工复核
300031,宝通科技,重要,代号DWM,1,14,报告全文 《King’s Throne》《Dungeon Hunter 6》等游戏持续贡献稳定流水，为公司业绩增长提供有力支撑。同时，公司在未来 产品储备方面兼具多元化与全球化，囊括了日本头部IP 正版授权力作。《代号WLXQ》《代号JS》《代号D8》《代号GS》 《代号DWM》《代号ATM》《代号FGT2》《代号HFC》《代号NDX》等多款游戏将在日本、韩国、东南亚、港澳台、欧美等多 个地区上线，跨越国界，旨在为全球用户提供一场前所未有的数字娱乐盛宴。 在技术创新与AI 赋能方面，公司持续推动科技与游戏的深度融合，依托AI 技术践行创新突破，将大数据、人工智 能、云计算等多元技术深度融入游戏研发与发行的各个环节，聚,程序初筛，重点公司产品另行人工复核
300031,宝通科技,重要,代号FGT2,1,14,s Throne》《Dungeon Hunter 6》等游戏持续贡献稳定流水，为公司业绩增长提供有力支撑。同时，公司在未来 产品储备方面兼具多元化与全球化，囊括了日本头部IP 正版授权力作。《代号WLXQ》《代号JS》《代号D8》《代号GS》 《代号DWM》《代号ATM》《代号FGT2》《代号HFC》《代号NDX》等多款游戏将在日本、韩国、东南亚、港澳台、欧美等多 个地区上线，跨越国界，旨在为全球用户提供一场前所未有的数字娱乐盛宴。 在技术创新与AI 赋能方面，公司持续推动科技与游戏的深度融合，依托AI 技术践行创新突破，将大数据、人工智 能、云计算等多元技术深度融入游戏研发与发行的各个环节，聚焦当前业务流程痛点，深化AI,程序初筛，重点公司产品另行人工复核
300031,宝通科技,重要,代号GS,1,14,2026 年半年度报告全文 《King’s Throne》《Dungeon Hunter 6》等游戏持续贡献稳定流水，为公司业绩增长提供有力支撑。同时，公司在未来 产品储备方面兼具多元化与全球化，囊括了日本头部IP 正版授权力作。《代号WLXQ》《代号JS》《代号D8》《代号GS》 《代号DWM》《代号ATM》《代号FGT2》《代号HFC》《代号NDX》等多款游戏将在日本、韩国、东南亚、港澳台、欧美等多 个地区上线，跨越国界，旨在为全球用户提供一场前所未有的数字娱乐盛宴。 在技术创新与AI 赋能方面，公司持续推动科技与游戏的深度融合，依托AI 技术践行创新突破，将大数据、人工智 能、云计算等多元技术深度融入游戏研发,程序初筛，重点公司产品另行人工复核
300031,宝通科技,重要,代号HFC,1,14,》《Dungeon Hunter 6》等游戏持续贡献稳定流水，为公司业绩增长提供有力支撑。同时，公司在未来 产品储备方面兼具多元化与全球化，囊括了日本头部IP 正版授权力作。《代号WLXQ》《代号JS》《代号D8》《代号GS》 《代号DWM》《代号ATM》《代号FGT2》《代号HFC》《代号NDX》等多款游戏将在日本、韩国、东南亚、港澳台、欧美等多 个地区上线，跨越国界，旨在为全球用户提供一场前所未有的数字娱乐盛宴。 在技术创新与AI 赋能方面，公司持续推动科技与游戏的深度融合，依托AI 技术践行创新突破，将大数据、人工智 能、云计算等多元技术深度融入游戏研发与发行的各个环节，聚焦当前业务流程痛点，深化AI 在翻译、配音、,程序初筛，重点公司产品另行人工复核
300031,宝通科技,重要,代号JS,1,14,无锡宝通科技股份有限公司2026 年半年度报告全文 《King’s Throne》《Dungeon Hunter 6》等游戏持续贡献稳定流水，为公司业绩增长提供有力支撑。同时，公司在未来 产品储备方面兼具多元化与全球化，囊括了日本头部IP 正版授权力作。《代号WLXQ》《代号JS》《代号D8》《代号GS》 《代号DWM》《代号ATM》《代号FGT2》《代号HFC》《代号NDX》等多款游戏将在日本、韩国、东南亚、港澳台、欧美等多 个地区上线，跨越国界，旨在为全球用户提供一场前所未有的数字娱乐盛宴。 在技术创新与AI 赋能方面，公司持续推动科技与游戏的深度融合，依托AI 技术践行创新突破，将大数据、人工智 能、云计算等,程序初筛，重点公司产品另行人工复核
300031,宝通科技,重要,代号NDX,1,14,on Hunter 6》等游戏持续贡献稳定流水，为公司业绩增长提供有力支撑。同时，公司在未来 产品储备方面兼具多元化与全球化，囊括了日本头部IP 正版授权力作。《代号WLXQ》《代号JS》《代号D8》《代号GS》 《代号DWM》《代号ATM》《代号FGT2》《代号HFC》《代号NDX》等多款游戏将在日本、韩国、东南亚、港澳台、欧美等多 个地区上线，跨越国界，旨在为全球用户提供一场前所未有的数字娱乐盛宴。 在技术创新与AI 赋能方面，公司持续推动科技与游戏的深度融合，依托AI 技术践行创新突破，将大数据、人工智 能、云计算等多元技术深度融入游戏研发与发行的各个环节，聚焦当前业务流程痛点，深化AI 在翻译、配音、素材制作、,程序初筛，重点公司产品另行人工复核
300031,宝通科技,重要,代号WLXQ,1,14,===== 无锡宝通科技股份有限公司2026 年半年度报告全文 《King’s Throne》《Dungeon Hunter 6》等游戏持续贡献稳定流水，为公司业绩增长提供有力支撑。同时，公司在未来 产品储备方面兼具多元化与全球化，囊括了日本头部IP 正版授权力作。《代号WLXQ》《代号JS》《代号D8》《代号GS》 《代号DWM》《代号ATM》《代号FGT2》《代号HFC》《代号NDX》等多款游戏将在日本、韩国、东南亚、港澳台、欧美等多 个地区上线，跨越国界，旨在为全球用户提供一场前所未有的数字娱乐盛宴。 在技术创新与AI 赋能方面，公司持续推动科技与游戏的深度融合，依托AI 技术践行创新突破，将大数据、人工智,程序初筛，重点公司产品另行人工复核
300031,宝通科技,重要,命运圣契,1,13,的战略合作关系，通过持续沉淀海外发行经验、渠道资源与品牌口碑，逐步构筑起深厚的竞争壁垒，为公司 全球化业务的可持续发展提供有力保障。 在核心产品运营方面，公司通过持续的内容更新与精细化营销，核心产品矩阵实现稳健经营。《热血江湖》《D3》《ド ット勇者（浮空秘境）》《命运圣契》《巨神军师》《圣斗士星矢：重生2》《三国群英传》《龙骑士学院》《最强祖师》《The Cozy Florist》、《Motto Immortal》、《やばい！少女に囲まれた！》《War and Magic》《Bloodline:Heroes of lithas》,程序初筛，重点公司产品另行人工复核
300031,宝通科技,重要,圣斗士星矢：重生2,1,13,沉淀海外发行经验、渠道资源与品牌口碑，逐步构筑起深厚的竞争壁垒，为公司 全球化业务的可持续发展提供有力保障。 在核心产品运营方面，公司通过持续的内容更新与精细化营销，核心产品矩阵实现稳健经营。《热血江湖》《D3》《ド ット勇者（浮空秘境）》《命运圣契》《巨神军师》《圣斗士星矢：重生2》《三国群英传》《龙骑士学院》《最强祖师》《The Cozy Florist》、《Motto Immortal》、《やばい！少女に囲まれた！》《War and Magic》《Bloodline:Heroes of lithas》 13 =====,程序初筛，重点公司产品另行人工复核
300031,宝通科技,重要,夏日狂欢,1,30,年深耕海外市场的专业团队优势，精准研判行业发展趋势洞察与用户偏好，搭建精细化、体系 化、用户导向的专业化运营体系。旗下易幻网络新发行的《热血江湖》采用国语、粤语双语配音为用户打造沉浸式剧情 体验。通过搭建线上线下立体化传播体系，落地“热血重逢”核心玩家见面会，《粽情端午》《夏日狂欢》等主题活动， 完善玩家留存激励机制，收集优化玩家真实反馈，联动KOL 共创游戏攻略，活跃社区生态。同时依托AI 风控体系强化游 戏生态安全治理，保障运营环境稳定，产品上线后市场表现亮眼，登顶中国台湾、中国香港地区iOS 免费榜TOP1。 （4）下半年展望 展望2026 年下半年，全球游戏市场存量博弈特征进一步凸显，行业竞争格局将持续,程序初筛，重点公司产品另行人工复核
300031,宝通科技,重要,巨神军师,1,13,系，通过持续沉淀海外发行经验、渠道资源与品牌口碑，逐步构筑起深厚的竞争壁垒，为公司 全球化业务的可持续发展提供有力保障。 在核心产品运营方面，公司通过持续的内容更新与精细化营销，核心产品矩阵实现稳健经营。《热血江湖》《D3》《ド ット勇者（浮空秘境）》《命运圣契》《巨神军师》《圣斗士星矢：重生2》《三国群英传》《龙骑士学院》《最强祖师》《The Cozy Florist》、《Motto Immortal》、《やばい！少女に囲まれた！》《War and Magic》《Bloodline:Heroes of lithas》,程序初筛，重点公司产品另行人工复核
300031,宝通科技,重要,建材行业数字化转型实施指南,1,24,速绿色建材产业高质量发展，国家及地方相继出台一系列如产业扶持、技术规范等相关政策，为加快 推进新型工业化提供有力支撑。 2024 年1 月，工业和信息化部、国家发展改革委、生态环境部等九部门印发《原材料工业数字化转型工作方案 （2024—2026 年）》，其中《建材行业数字化转型实施指南》提出，到2026 年，预计建材行业将在生产制造智能化、 经营管理数字化等方面取得显著进步。关键工序数控化率将达到70%以上，关键业务环节全面数字化比例达到55%以上， 数字化研发设计工具普及率达到75%，产业链协同的企业比例达到25%。此外，将深化新一代信息技术如人工智能的应用， 大幅提升生产效率和产品质量，显著提高数字化能力。 20,程序初筛，重点公司产品另行人工复核
300031,宝通科技,重要,技术开发,1,6,智能化决策和管控，促进煤矿管控模式 的革命 将不同的软件系统与硬件产品，根据应用需要，有机地组合成功能更加强大的一体化系统的过程 系统集成 指 和方法 根据客户签订的《技术开发》或《技术服务》合同，针对用户提出的科研项目开发需求，为客户 技术服务 指 提供差异化、个性化的科研开发服务 云计算是一种按使用量付费的模式，这种模式提供可用的、便捷的、按需的网络访问，进入可配 云计算 指 置的计算资源共享池（资源包括网络、服务器、存储、应用软件、服务），这些资源能够,程序初筛，重点公司产品另行人工复核
300031,宝通科技,重要,技术服务,1,6,控，促进煤矿管控模式 的革命 将不同的软件系统与硬件产品，根据应用需要，有机地组合成功能更加强大的一体化系统的过程 系统集成 指 和方法 根据客户签订的《技术开发》或《技术服务》合同，针对用户提出的科研项目开发需求，为客户 技术服务 指 提供差异化、个性化的科研开发服务 云计算是一种按使用量付费的模式，这种模式提供可用的、便捷的、按需的网络访问，进入可配 云计算 指 置的计算资源共享池（资源包括网络、服务器、存储、应用软件、服务），这些资源能够被快速,程序初筛，重点公司产品另行人工复核
300031,宝通科技,重要,最强祖师,1,13,厚的竞争壁垒，为公司 全球化业务的可持续发展提供有力保障。 在核心产品运营方面，公司通过持续的内容更新与精细化营销，核心产品矩阵实现稳健经营。《热血江湖》《D3》《ド ット勇者（浮空秘境）》《命运圣契》《巨神军师》《圣斗士星矢：重生2》《三国群英传》《龙骑士学院》《最强祖师》《The Cozy Florist》、《Motto Immortal》、《やばい！少女に囲まれた！》《War and Magic》《Bloodline:Heroes of lithas》 13 ===== 第 14 页 ===== 无锡宝通科技,程序初筛，重点公司产品另行人工复核
300031,宝通科技,重要,粽情端午,1,30,司充分利用多年深耕海外市场的专业团队优势，精准研判行业发展趋势洞察与用户偏好，搭建精细化、体系 化、用户导向的专业化运营体系。旗下易幻网络新发行的《热血江湖》采用国语、粤语双语配音为用户打造沉浸式剧情 体验。通过搭建线上线下立体化传播体系，落地“热血重逢”核心玩家见面会，《粽情端午》《夏日狂欢》等主题活动， 完善玩家留存激励机制，收集优化玩家真实反馈，联动KOL 共创游戏攻略，活跃社区生态。同时依托AI 风控体系强化游 戏生态安全治理，保障运营环境稳定，产品上线后市场表现亮眼，登顶中国台湾、中国香港地区iOS 免费榜TOP1。 （4）下半年展望 展望2026 年下半年，全球游戏市场存量博弈特征进一步凸显，行业竞,程序初筛，重点公司产品另行人工复核
300031,宝通科技,重要,龙骑士学院,1,13,，逐步构筑起深厚的竞争壁垒，为公司 全球化业务的可持续发展提供有力保障。 在核心产品运营方面，公司通过持续的内容更新与精细化营销，核心产品矩阵实现稳健经营。《热血江湖》《D3》《ド ット勇者（浮空秘境）》《命运圣契》《巨神军师》《圣斗士星矢：重生2》《三国群英传》《龙骑士学院》《最强祖师》《The Cozy Florist》、《Motto Immortal》、《やばい！少女に囲まれた！》《War and Magic》《Bloodline:Heroes of lithas》 13 ===== 第 14 页 =====,程序初筛，重点公司产品另行人工复核
301011,华立科技,重要,三国幻战,5,15,VELOUS、Raw Thrills、IGS （鈊象电子）等建立了战略合作伙伴关系，持续推出了《闪电摩托DX》《极品飞车》《巨兽浩劫3》 《假面骑士 正义变身》《头文字D 激斗》《太鼓之达人》《舞萌DX》《火影忍者 斗牌世界》《我的 世界 地下城》《中二节奏》《宝可梦 明耀之星》《三国幻战》《奥特曼 光辉共斗》《超级争霸战》 《雷动2》《雷动摩托X》《明日行动》《音乐魔方》《狂野飙车 9 竞速传奇 DX PLUS》《NBA 超级全 明星》等广受消费者喜爱的游戏游艺设备。 2010 年至今，公司自主研发的多款产品荣获国家游戏产业年会的最高奖项“中国动漫游戏行业金 手指奖”，连续多年获得中国动漫游戏行业协会颁发的“优秀企业奖”、“产品研发,程序初筛，重点公司产品另行人工复核
301011,华立科技,重要,狂野飙车 9 竞速传奇 DX PLUS,4,11,运营等环节，形成完整产业链。 2、主要产品和服务 （1）游戏游艺设备 公司生产的游戏游艺设备可以满足用户娱乐、亲子互动、动漫文化、儿童益智、体育健身等需求。 报告期内，公司持续发布游戏游艺设备新品，进一步丰富产品矩阵。其中，2026 年5 月上线重磅 新作《狂野飙车 9 竞速传奇 DX PLUS》，产品以激情竞速体验为核心，集成多人赛车对抗、车辆改装 养成、账号绑定、在线全球排行等特点，叠加正版车厂授权车辆和多样化赛道设计，上市后广受消费者 好评。 游戏游艺设备业务主要产品具体如下： 产品 产品示例图 产品介绍 类别,程序初筛，重点公司产品另行人工复核
301011,华立科技,重要,2023-2024 年度国家文化出口重点企业,3,15,戏游艺企业》证书，荣获广东省工业和信息化厅颁发的《广东省创新型中小企业》证书；2023 年，公 司荣获广东省工业和信息化厅颁发的《专精特新中小企业》证书，荣获广东省版权局颁发的“广东省版 权兴业示范基地”称号，荣获商务部、中共中央宣传部、文化和旅游部及国家广播电视总局联合颁发的 《2023-2024 年度国家文化出口重点企业》证书；2024 年，公司荣获国家文化和旅游部颁发的“国家文 化产业示范基地”称号，“WAHLAP”品牌被广东商标协会重点商标保护委员会纳入“广东省重点商标保 护名录”；2025 年，荣获广东省科学技术厅颁发的“广东省商用游戏游艺设备工程技术研究中心”称 号，荣获广东商标协会颁发的2024 年“TOP50 我最喜爱的广东商标品牌”奖项，荣获广东省游戏产业 协会,程序初筛，重点公司产品另行人工复核
301011,华立科技,重要,中二节奏,3,15,梦宫）、SEGA（世嘉）、MARVELOUS、Raw Thrills、IGS （鈊象电子）等建立了战略合作伙伴关系，持续推出了《闪电摩托DX》《极品飞车》《巨兽浩劫3》 《假面骑士 正义变身》《头文字D 激斗》《太鼓之达人》《舞萌DX》《火影忍者 斗牌世界》《我的 世界 地下城》《中二节奏》《宝可梦 明耀之星》《三国幻战》《奥特曼 光辉共斗》《超级争霸战》 《雷动2》《雷动摩托X》《明日行动》《音乐魔方》《狂野飙车 9 竞速传奇 DX PLUS》《NBA 超级全 明星》等广受消费者喜爱的游戏游艺设备。 2010 年至今，公司自主研发的多款产品荣获国家游戏产业年会的最高奖项“中国动漫游戏行业金 手指奖”，连续多年获得中国动漫游戏行业协会,程序初筛，重点公司产品另行人工复核
301011,华立科技,重要,假面骑士 正义变身,3,15,系列受到国内外客户的欢迎，产品畅销国内外。公司与 Microsoft（微软）、Bandai Namco（万代南梦宫）、SEGA（世嘉）、MARVELOUS、Raw Thrills、IGS （鈊象电子）等建立了战略合作伙伴关系，持续推出了《闪电摩托DX》《极品飞车》《巨兽浩劫3》 《假面骑士 正义变身》《头文字D 激斗》《太鼓之达人》《舞萌DX》《火影忍者 斗牌世界》《我的 世界 地下城》《中二节奏》《宝可梦 明耀之星》《三国幻战》《奥特曼 光辉共斗》《超级争霸战》 《雷动2》《雷动摩托X》《明日行动》《音乐魔方》《狂野飙车 9 竞速传奇 DX PLUS》《NBA 超级全 明星》等广受消费者喜爱的游戏游艺设备。 2010 年至今，公司自主研发的多,程序初筛，重点公司产品另行人工复核
301011,华立科技,重要,太鼓之达人,3,15,。公司与 Microsoft（微软）、Bandai Namco（万代南梦宫）、SEGA（世嘉）、MARVELOUS、Raw Thrills、IGS （鈊象电子）等建立了战略合作伙伴关系，持续推出了《闪电摩托DX》《极品飞车》《巨兽浩劫3》 《假面骑士 正义变身》《头文字D 激斗》《太鼓之达人》《舞萌DX》《火影忍者 斗牌世界》《我的 世界 地下城》《中二节奏》《宝可梦 明耀之星》《三国幻战》《奥特曼 光辉共斗》《超级争霸战》 《雷动2》《雷动摩托X》《明日行动》《音乐魔方》《狂野飙车 9 竞速传奇 DX PLUS》《NBA 超级全 明星》等广受消费者喜爱的游戏游艺设备。 2010 年至今，公司自主研发的多款产品荣获国家游戏产业年会的最高,程序初筛，重点公司产品另行人工复核
301011,华立科技,重要,头文字D 激斗,3,15,迎，产品畅销国内外。公司与 Microsoft（微软）、Bandai Namco（万代南梦宫）、SEGA（世嘉）、MARVELOUS、Raw Thrills、IGS （鈊象电子）等建立了战略合作伙伴关系，持续推出了《闪电摩托DX》《极品飞车》《巨兽浩劫3》 《假面骑士 正义变身》《头文字D 激斗》《太鼓之达人》《舞萌DX》《火影忍者 斗牌世界》《我的 世界 地下城》《中二节奏》《宝可梦 明耀之星》《三国幻战》《奥特曼 光辉共斗》《超级争霸战》 《雷动2》《雷动摩托X》《明日行动》《音乐魔方》《狂野飙车 9 竞速传奇 DX PLUS》《NBA 超级全 明星》等广受消费者喜爱的游戏游艺设备。 2010 年至今，公司自主研发的多款产品荣获国家游戏,程序初筛，重点公司产品另行人工复核
301011,华立科技,重要,奥特曼 光辉共斗,3,15,、Raw Thrills、IGS （鈊象电子）等建立了战略合作伙伴关系，持续推出了《闪电摩托DX》《极品飞车》《巨兽浩劫3》 《假面骑士 正义变身》《头文字D 激斗》《太鼓之达人》《舞萌DX》《火影忍者 斗牌世界》《我的 世界 地下城》《中二节奏》《宝可梦 明耀之星》《三国幻战》《奥特曼 光辉共斗》《超级争霸战》 《雷动2》《雷动摩托X》《明日行动》《音乐魔方》《狂野飙车 9 竞速传奇 DX PLUS》《NBA 超级全 明星》等广受消费者喜爱的游戏游艺设备。 2010 年至今，公司自主研发的多款产品荣获国家游戏产业年会的最高奖项“中国动漫游戏行业金 手指奖”，连续多年获得中国动漫游戏行业协会颁发的“优秀企业奖”、“产品研发先进单位”，并在 2,程序初筛，重点公司产品另行人工复核
301011,华立科技,重要,宝可梦 明耀之星,3,15,GA（世嘉）、MARVELOUS、Raw Thrills、IGS （鈊象电子）等建立了战略合作伙伴关系，持续推出了《闪电摩托DX》《极品飞车》《巨兽浩劫3》 《假面骑士 正义变身》《头文字D 激斗》《太鼓之达人》《舞萌DX》《火影忍者 斗牌世界》《我的 世界 地下城》《中二节奏》《宝可梦 明耀之星》《三国幻战》《奥特曼 光辉共斗》《超级争霸战》 《雷动2》《雷动摩托X》《明日行动》《音乐魔方》《狂野飙车 9 竞速传奇 DX PLUS》《NBA 超级全 明星》等广受消费者喜爱的游戏游艺设备。 2010 年至今，公司自主研发的多款产品荣获国家游戏产业年会的最高奖项“中国动漫游戏行业金 手指奖”，连续多年获得中国动漫游戏行业协会颁发的“优秀企业奖”,程序初筛，重点公司产品另行人工复核
301011,华立科技,重要,巨兽浩劫3,3,15,主研发的《雷动》系列受到国内外客户的欢迎，产品畅销国内外。公司与 Microsoft（微软）、Bandai Namco（万代南梦宫）、SEGA（世嘉）、MARVELOUS、Raw Thrills、IGS （鈊象电子）等建立了战略合作伙伴关系，持续推出了《闪电摩托DX》《极品飞车》《巨兽浩劫3》 《假面骑士 正义变身》《头文字D 激斗》《太鼓之达人》《舞萌DX》《火影忍者 斗牌世界》《我的 世界 地下城》《中二节奏》《宝可梦 明耀之星》《三国幻战》《奥特曼 光辉共斗》《超级争霸战》 《雷动2》《雷动摩托X》《明日行动》《音乐魔方》《狂野飙车 9 竞速传奇 DX PLUS》《NBA 超级全 明星》等广受消费者喜爱的游戏游艺设备。 2010,程序初筛，重点公司产品另行人工复核
301011,华立科技,重要,广东省创新型中小企业,3,15,位”，并在 2019 年11 月被评为“2019 年广州文化企业50 强”单位。2020 年，公司荣获中华人民共和国广州海关 颁发的“AEO 高级认证企业”证书；2022 年，公司荣获广东省游戏产业协会颁发的《2021 年度优秀游 戏游艺企业》证书，荣获广东省工业和信息化厅颁发的《广东省创新型中小企业》证书；2023 年，公 司荣获广东省工业和信息化厅颁发的《专精特新中小企业》证书，荣获广东省版权局颁发的“广东省版 权兴业示范基地”称号，荣获商务部、中共中央宣传部、文化和旅游部及国家广播电视总局联合颁发的 《2023-2024 年度国家文化出口重点企业》证书；2024 年，公司荣获国家文化和旅游部颁发的“国家文 化产业示范基地”称号，“WAHLAP”品牌被,程序初筛，重点公司产品另行人工复核
301011,华立科技,重要,明日行动,3,15,作伙伴关系，持续推出了《闪电摩托DX》《极品飞车》《巨兽浩劫3》 《假面骑士 正义变身》《头文字D 激斗》《太鼓之达人》《舞萌DX》《火影忍者 斗牌世界》《我的 世界 地下城》《中二节奏》《宝可梦 明耀之星》《三国幻战》《奥特曼 光辉共斗》《超级争霸战》 《雷动2》《雷动摩托X》《明日行动》《音乐魔方》《狂野飙车 9 竞速传奇 DX PLUS》《NBA 超级全 明星》等广受消费者喜爱的游戏游艺设备。 2010 年至今，公司自主研发的多款产品荣获国家游戏产业年会的最高奖项“中国动漫游戏行业金 手指奖”，连续多年获得中国动漫游戏行业协会颁发的“优秀企业奖”、“产品研发先进单位”，并在 2019 年11 月被评为“2019 年广州文化企业5,程序初筛，重点公司产品另行人工复核
301011,华立科技,重要,极品飞车,3,15,3 项），自主研发的《雷动》系列受到国内外客户的欢迎，产品畅销国内外。公司与 Microsoft（微软）、Bandai Namco（万代南梦宫）、SEGA（世嘉）、MARVELOUS、Raw Thrills、IGS （鈊象电子）等建立了战略合作伙伴关系，持续推出了《闪电摩托DX》《极品飞车》《巨兽浩劫3》 《假面骑士 正义变身》《头文字D 激斗》《太鼓之达人》《舞萌DX》《火影忍者 斗牌世界》《我的 世界 地下城》《中二节奏》《宝可梦 明耀之星》《三国幻战》《奥特曼 光辉共斗》《超级争霸战》 《雷动2》《雷动摩托X》《明日行动》《音乐魔方》《狂野飙车 9 竞速传奇 DX PLUS》《NBA 超级全 明星》等广受消费者喜爱的游戏游艺设备。,程序初筛，重点公司产品另行人工复核
301011,华立科技,重要,火影忍者 斗牌世界,3,15,t（微软）、Bandai Namco（万代南梦宫）、SEGA（世嘉）、MARVELOUS、Raw Thrills、IGS （鈊象电子）等建立了战略合作伙伴关系，持续推出了《闪电摩托DX》《极品飞车》《巨兽浩劫3》 《假面骑士 正义变身》《头文字D 激斗》《太鼓之达人》《舞萌DX》《火影忍者 斗牌世界》《我的 世界 地下城》《中二节奏》《宝可梦 明耀之星》《三国幻战》《奥特曼 光辉共斗》《超级争霸战》 《雷动2》《雷动摩托X》《明日行动》《音乐魔方》《狂野飙车 9 竞速传奇 DX PLUS》《NBA 超级全 明星》等广受消费者喜爱的游戏游艺设备。 2010 年至今，公司自主研发的多款产品荣获国家游戏产业年会的最高奖项“中国动漫游戏行业金 手指奖”,程序初筛，重点公司产品另行人工复核
301011,华立科技,重要,舞萌DX,3,15,crosoft（微软）、Bandai Namco（万代南梦宫）、SEGA（世嘉）、MARVELOUS、Raw Thrills、IGS （鈊象电子）等建立了战略合作伙伴关系，持续推出了《闪电摩托DX》《极品飞车》《巨兽浩劫3》 《假面骑士 正义变身》《头文字D 激斗》《太鼓之达人》《舞萌DX》《火影忍者 斗牌世界》《我的 世界 地下城》《中二节奏》《宝可梦 明耀之星》《三国幻战》《奥特曼 光辉共斗》《超级争霸战》 《雷动2》《雷动摩托X》《明日行动》《音乐魔方》《狂野飙车 9 竞速传奇 DX PLUS》《NBA 超级全 明星》等广受消费者喜爱的游戏游艺设备。 2010 年至今，公司自主研发的多款产品荣获国家游戏产业年会的最高奖项“中国动,程序初筛，重点公司产品另行人工复核
301011,华立科技,重要,超级争霸战,3,15,ls、IGS （鈊象电子）等建立了战略合作伙伴关系，持续推出了《闪电摩托DX》《极品飞车》《巨兽浩劫3》 《假面骑士 正义变身》《头文字D 激斗》《太鼓之达人》《舞萌DX》《火影忍者 斗牌世界》《我的 世界 地下城》《中二节奏》《宝可梦 明耀之星》《三国幻战》《奥特曼 光辉共斗》《超级争霸战》 《雷动2》《雷动摩托X》《明日行动》《音乐魔方》《狂野飙车 9 竞速传奇 DX PLUS》《NBA 超级全 明星》等广受消费者喜爱的游戏游艺设备。 2010 年至今，公司自主研发的多款产品荣获国家游戏产业年会的最高奖项“中国动漫游戏行业金 手指奖”，连续多年获得中国动漫游戏行业协会颁发的“优秀企业奖”、“产品研发先进单位”，并在 2019 年11,程序初筛，重点公司产品另行人工复核
301011,华立科技,重要,闪电摩托DX,3,15,（其 中中国台湾3 项），自主研发的《雷动》系列受到国内外客户的欢迎，产品畅销国内外。公司与 Microsoft（微软）、Bandai Namco（万代南梦宫）、SEGA（世嘉）、MARVELOUS、Raw Thrills、IGS （鈊象电子）等建立了战略合作伙伴关系，持续推出了《闪电摩托DX》《极品飞车》《巨兽浩劫3》 《假面骑士 正义变身》《头文字D 激斗》《太鼓之达人》《舞萌DX》《火影忍者 斗牌世界》《我的 世界 地下城》《中二节奏》《宝可梦 明耀之星》《三国幻战》《奥特曼 光辉共斗》《超级争霸战》 《雷动2》《雷动摩托X》《明日行动》《音乐魔方》《狂野飙车 9 竞速传奇 DX PLUS》《NBA 超级全 明星》等广受消费者喜爱的游戏游艺设,程序初筛，重点公司产品另行人工复核
301011,华立科技,重要,雷动2,3,15,鈊象电子）等建立了战略合作伙伴关系，持续推出了《闪电摩托DX》《极品飞车》《巨兽浩劫3》 《假面骑士 正义变身》《头文字D 激斗》《太鼓之达人》《舞萌DX》《火影忍者 斗牌世界》《我的 世界 地下城》《中二节奏》《宝可梦 明耀之星》《三国幻战》《奥特曼 光辉共斗》《超级争霸战》 《雷动2》《雷动摩托X》《明日行动》《音乐魔方》《狂野飙车 9 竞速传奇 DX PLUS》《NBA 超级全 明星》等广受消费者喜爱的游戏游艺设备。 2010 年至今，公司自主研发的多款产品荣获国家游戏产业年会的最高奖项“中国动漫游戏行业金 手指奖”，连续多年获得中国动漫游戏行业协会颁发的“优秀企业奖”、“产品研发先进单位”，并在 2019 年11 月被评为“,程序初筛，重点公司产品另行人工复核
301011,华立科技,重要,雷动摩托X,3,15,等建立了战略合作伙伴关系，持续推出了《闪电摩托DX》《极品飞车》《巨兽浩劫3》 《假面骑士 正义变身》《头文字D 激斗》《太鼓之达人》《舞萌DX》《火影忍者 斗牌世界》《我的 世界 地下城》《中二节奏》《宝可梦 明耀之星》《三国幻战》《奥特曼 光辉共斗》《超级争霸战》 《雷动2》《雷动摩托X》《明日行动》《音乐魔方》《狂野飙车 9 竞速传奇 DX PLUS》《NBA 超级全 明星》等广受消费者喜爱的游戏游艺设备。 2010 年至今，公司自主研发的多款产品荣获国家游戏产业年会的最高奖项“中国动漫游戏行业金 手指奖”，连续多年获得中国动漫游戏行业协会颁发的“优秀企业奖”、“产品研发先进单位”，并在 2019 年11 月被评为“2019 年广,程序初筛，重点公司产品另行人工复核
301011,华立科技,重要,音乐魔方,3,15,持续推出了《闪电摩托DX》《极品飞车》《巨兽浩劫3》 《假面骑士 正义变身》《头文字D 激斗》《太鼓之达人》《舞萌DX》《火影忍者 斗牌世界》《我的 世界 地下城》《中二节奏》《宝可梦 明耀之星》《三国幻战》《奥特曼 光辉共斗》《超级争霸战》 《雷动2》《雷动摩托X》《明日行动》《音乐魔方》《狂野飙车 9 竞速传奇 DX PLUS》《NBA 超级全 明星》等广受消费者喜爱的游戏游艺设备。 2010 年至今，公司自主研发的多款产品荣获国家游戏产业年会的最高奖项“中国动漫游戏行业金 手指奖”，连续多年获得中国动漫游戏行业协会颁发的“优秀企业奖”、“产品研发先进单位”，并在 2019 年11 月被评为“2019 年广州文化企业50 强”单位,程序初筛，重点公司产品另行人工复核
301011,华立科技,重要,2021 年度优秀游戏游艺企业,2,16,有较强自主设计开发能力的游戏游艺企业。 公司系高新技术企业，并在2019 年11 月被广州文化产业交易会评为“2019 年广州文化企业50 强”单 位。2020 年，公司荣获中华人民共和国广州海关颁发的“AEO 高级认证企业”证书；2022 年，公司荣 获广东省游戏产业协会颁发的《2021 年度优秀游戏游艺企业》证书，荣获广东省工业和信息化厅颁发 的《广东省创新型中小企业》证书；2023 年，公司荣获广东省工业和信息化厅颁发的《专精特新中小 企业》证书，荣获广东省版权局颁发的“广东省版权兴业示范基地”称号，荣获商务部、中共中央宣传 部、文化和旅游部及国家广播电视总局联合颁发的《2023-2024 年度国家文化出口重点企业》证书； 2024 年，公司荣获国家文化和旅游,程序初筛，重点公司产品另行人工复核
301011,华立科技,重要,三国幻战卡片贩卖机,2,16,，形成了产品策划设计、内容制作、软硬件开发测试等 完整的产品设计研发体系，并成功研发跨平台软件开发引擎。公司自主研发完成“雷动”竞速系列产品， 受到国内外客户和消费者喜爱，并获得国际游戏游艺产业巨头SEGA 认可，由SEGA 代理销往国外。公司 自主研发的国潮卡片产品《三国幻战》《三国幻战卡片贩卖机》，融合了三国IP 元素与新科技技术， 给玩家提供了沉浸式的互动体验，深受海内外消费者的欢迎。 公司高度重视知识产权保护，截至本报告期末，公司主要拥有450 项注册商标权（其中中国台湾 10 项、中国澳门4 项、欧盟3 项、日本3 项、英国3 项，中国香港1 项）、139 项专利权（其中中国台 湾1 项）、198 项软件著作权、222 项美术作品登记（其,程序初筛，重点公司产品另行人工复核
301011,华立科技,重要,NBA 超级全明星,1,19,"外业务的稳步突破，减缓国内宏观及行 业竞争带来的周期压力。 报告期内，动漫IP 衍生产品销售收入11,895.39 万元，同比减少28.20%。卡牌类产品作为目前室 内游乐场高单价品类，受消费意愿波动影响较为明显。面对市场挑战，公司将积极推进业务修复，目前 已推出重磅产品《NBA 超级全明星》，依托全球顶流体育IP 结合众多球星资源，打造体育竞赛的动漫 卡通设备，寻求差异化路线和全球化路线突围。面对全球政治因素影响，公司也将进一步加快国潮国漫 动漫卡通设备开发，储备优质海内外IP 资源，打造国潮国漫、二次元日韩动漫、欧美潮流及体育等多 元IP 产品矩阵。 报告期内，游乐场运营业务实现营业收入5,148.24 万元，同比减少3.76%。前期",程序初筛，重点公司产品另行人工复核
301011,华立科技,重要,专精特新中小企业,1,15,2020 年，公司荣获中华人民共和国广州海关 颁发的“AEO 高级认证企业”证书；2022 年，公司荣获广东省游戏产业协会颁发的《2021 年度优秀游 戏游艺企业》证书，荣获广东省工业和信息化厅颁发的《广东省创新型中小企业》证书；2023 年，公 司荣获广东省工业和信息化厅颁发的《专精特新中小企业》证书，荣获广东省版权局颁发的“广东省版 权兴业示范基地”称号，荣获商务部、中共中央宣传部、文化和旅游部及国家广播电视总局联合颁发的 《2023-2024 年度国家文化出口重点企业》证书；2024 年，公司荣获国家文化和旅游部颁发的“国家文 化产业示范基地”称号，“WAHLAP”品牌被广东商标协会重点商标保护委员会纳入“广东省重点商标保 护名录”；2025 年,程序初筛，重点公司产品另行人工复核
301011,华立科技,重要,商用动漫游戏机软件系统通用技术要求,1,15,第 3 部分：室内商用大型游戏游艺机》（GB/T30440.3-2013）。此外，公司是广东省商用动漫游戏机标准 化技术委员会发布的《商用动漫游戏机生产组装及场地安装操作规范》（T/GAGA 001-2021）、《商用 动漫游戏机场地布局规范》（T/GAGA 002-2021）和《商用动漫游戏机软件系统通用技术要求》 （T/GAGA 003-2021）团体标准的主要起草单位，公司在行业内具有较高影响力和市场地位，作为行业 内的龙头企业，起到了引导行业持续、良性、健康发展的作用。 公司在产品研发、全球或区域代理权、渠道资源方面具有强大的竞争优势。截至本报告期末，公司 主要拥有450 项注册商标权（其中中国台湾10 项、中国澳门4 项、欧盟3 项、日本3 项、英国3,程序初筛，重点公司产品另行人工复核
301011,华立科技,重要,雷动,1,15,大的竞争优势。截至本报告期末，公司 主要拥有450 项注册商标权（其中中国台湾10 项、中国澳门4 项、欧盟3 项、日本3 项、英国3 项， 中国香港1 项）、139 项专利权（其中中国台湾1 项）、198 项软件著作权、222 项美术作品登记（其 中中国台湾3 项），自主研发的《雷动》系列受到国内外客户的欢迎，产品畅销国内外。公司与 Microsoft（微软）、Bandai Namco（万代南梦宫）、SEGA（世嘉）、MARVELOUS、Raw Thrills、IGS （鈊象电子）等建立了战略合作伙伴关系，持续推出了《闪电摩托DX》《极品飞车》《巨兽浩劫3》 《假面骑士 正义变身》《头文字D 激斗》《太鼓之达人》《舞萌DX》《火影忍者 斗,程序初筛，重点公司产品另行人工复核
600715,文投控股,重要,攻城三国,6,6,计数据和财务指标的说明 √适用□不适用 2026 年上半年，公司全面聚焦主营业务发展，通过融合创新、提效扩产，经营质量稳步提升。 其中，影城方面，公司完成第2 家“MIRRA 奇镜派对融合厅”开业及3 家新增影城立项，同时上 线耀莱影城会员商城小程序；游戏方面，公司在保持《攻城三国》《攻城天下》长青化运营的同 时，加速推进《中式仙游》（暂定名）、《文明》（暂定名）等新游戏的研发与上线；漫剧方面， 公司加速拓展业务合作与项目储备，累计立项漫剧92 部，上线漫剧34 部，同步推进精品动画中 剧及动画电影的开发。此外，公司积极推进低效资产处置与债务和解，非经常性损益有所增加。 但受全国电影票房大幅下降影响，同时叠加新游戏研发投入增加、漫剧,程序初筛，重点公司产品另行人工复核
600715,文投控股,重要,攻城天下,4,6,指标的说明 √适用□不适用 2026 年上半年，公司全面聚焦主营业务发展，通过融合创新、提效扩产，经营质量稳步提升。 其中，影城方面，公司完成第2 家“MIRRA 奇镜派对融合厅”开业及3 家新增影城立项，同时上 线耀莱影城会员商城小程序；游戏方面，公司在保持《攻城三国》《攻城天下》长青化运营的同 时，加速推进《中式仙游》（暂定名）、《文明》（暂定名）等新游戏的研发与上线；漫剧方面， 公司加速拓展业务合作与项目储备，累计立项漫剧92 部，上线漫剧34 部，同步推进精品动画中 剧及动画电影的开发。此外，公司积极推进低效资产处置与债务和解，非经常性损益有所增加。 但受全国电影票房大幅下降影响，同时叠加新游戏研发投入增加、漫剧项目尚未实现,程序初筛，重点公司产品另行人工复核
600715,文投控股,重要,文明,2,6,聚焦主营业务发展，通过融合创新、提效扩产，经营质量稳步提升。 其中，影城方面，公司完成第2 家“MIRRA 奇镜派对融合厅”开业及3 家新增影城立项，同时上 线耀莱影城会员商城小程序；游戏方面，公司在保持《攻城三国》《攻城天下》长青化运营的同 时，加速推进《中式仙游》（暂定名）、《文明》（暂定名）等新游戏的研发与上线；漫剧方面， 公司加速拓展业务合作与项目储备，累计立项漫剧92 部，上线漫剧34 部，同步推进精品动画中 剧及动画电影的开发。此外，公司积极推进低效资产处置与债务和解，非经常性损益有所增加。 但受全国电影票房大幅下降影响，同时叠加新游戏研发投入增加、漫剧项目尚未实现大规模 商业化等因素，公司2026 年上半年整体出现亏损。报,程序初筛，重点公司产品另行人工复核
600715,文投控股,重要,给阿嬷的情书,2,8,"工作日及非黄金时段客流缺口持续扩大，倒逼影院从单一放映场所 向综合性文化消费空间转型，逐步形成以潮玩周边、电玩游戏、高品质餐饮、赛事直播等多元业 态为支撑的收入结构。 ③品质驱动，内容为王逻辑持续验证。2026 年上半年，电影票房前三分别为《飞驰人生3》 （44.2 亿元）、《给阿嬷的情书》（19.3 亿元）、《镖人：风起大漠》（14.5 亿元），其中，《镖 人：风起大漠》以国风美学与硬核武侠叙事开辟类型新赛道，创国产武侠电影票房新高；《给阿 嬷的情书》以约1,400 万元制作成本、全素人演员阵容、全程潮汕方言，在首日排片仅1.6%的劣 势下，凭借高口碑实现票房逆袭，证明平民真实叙事的顶级市场潜力。上述案例表明在市场整体 承压的背景下，优质内容",程序初筛，重点公司产品另行人工复核
600715,文投控股,重要,1980 通现代：宝妈福娃致富记,1,8,剧内容的分发与推广。漫剧制作与发行业务的收益主要来源于视频平台分账、广告植入收 入及IP 衍生收入等。公司漫剧产品的开发模式主要为自主开发、联合开发和投资出品等，公司根 据协议约定的比例获取分账收益。截至报告期末，公司主要漫剧包括联合开发产品《西游：刚成 大帝，让我去抓孙悟空？》《1980 通现代：宝妈福娃致富记》等。 （三）行业情况 1.电影行业 （1）行业发展趋势 2026 年是“十五五”规划开局之年，也是电影行业转型的破局之年。电影行业正逐步告别以 银幕扩张为驱动的规模增长模式，转向提质增效、跨界融合的高质量发展新阶段。2026 年上半年， 电影行业主要呈现供强需弱、档期分化与品质驱动的结构性特征，具体如下： ①市场票房承压，供强需弱局面,程序初筛，重点公司产品另行人工复核
600715,文投控股,重要,中式仙侠,1,12,运营等，持续增强用户游戏体验，巩固核心玩家群 体黏性，同时加速拓展合作发行渠道，稳守长期流水基本盘。报告期内，《攻城三国》《攻城天 下》实现总流水2.47 亿元，呈现出较强生命周期韧性。 2.布局小程序赛道，有序推进新产品研测落地 聚焦小程序游戏细分赛道，新增定制独代产品《中式仙侠》（暂定名）已完成研发，计划于 2026 年第三季度进入测试和推广运营；自研产品《文明》（内部代称）正按计划推进研发测试与 合作对接，计划于2027 年上半年上线运营（因新游戏研发存在不确定性，具体上线日期以实际情 况为准）；定制独代产品《时光冒险家》已于2026 年6 月上线，目前处于持续运营调优阶段。 3.强化研运发一体化，释放内部协同多元效能 组,程序初筛，重点公司产品另行人工复核
600715,文投控股,重要,中式仙游,1,6,26 年上半年，公司全面聚焦主营业务发展，通过融合创新、提效扩产，经营质量稳步提升。 其中，影城方面，公司完成第2 家“MIRRA 奇镜派对融合厅”开业及3 家新增影城立项，同时上 线耀莱影城会员商城小程序；游戏方面，公司在保持《攻城三国》《攻城天下》长青化运营的同 时，加速推进《中式仙游》（暂定名）、《文明》（暂定名）等新游戏的研发与上线；漫剧方面， 公司加速拓展业务合作与项目储备，累计立项漫剧92 部，上线漫剧34 部，同步推进精品动画中 剧及动画电影的开发。此外，公司积极推进低效资产处置与债务和解，非经常性损益有所增加。 但受全国电影票房大幅下降影响，同时叠加新游戏研发投入增加、漫剧项目尚未实现大规模 商业化等因素，公司2026 年上,程序初筛，重点公司产品另行人工复核
600715,文投控股,重要,异环,1,9,7.92%；自研游戏海外市场实际销售收入123.72 亿美元，同比增加30.22%。从细 分市场的结构性变化来看，客户端游戏保持高速增长，增速近30%，明显超过行业整体，成为带动 游戏市场增速加快的重要驱动力。这主要是由于《明日方舟：终末地》《王者荣耀：世界》《洛 克王国：世界》《异环》等多个2026 年上线的游戏产品都采用了跨平台的多渠道发行策略，带动 部分手机端游戏玩家向视觉效果和操作体验更好的PC 端回流，改变了以往PC 端游用户向手游流 动的行业趋势；同时由于PC 端的渠道成本更低且部分PC 端用户和移动端用户的渠道重叠度也比 较低，能够为游戏公司带来更高的用户规模和产品利润率。 ②出海战略地位持续进阶，优势品类海外霸榜。中国游,程序初筛，重点公司产品另行人工复核
600715,文投控股,重要,摸金之天机入梦,1,12,"磨作品品质，打造出一批高热度、高口碑、高传播度 的优质标杆作品。报告期内，累计签约储备漫剧92 部，累计上线漫剧34 部，内容产出进一步提 速。根据红果短剧平台数据，公司上线作品中，热度值突破4,000 万的优质作品共计8 部，高热 度作品占比领先行业平均水平；联合出品的竖屏剧集《摸金之天机入梦》入围第79 届戛纳国际电 影节展演名单，精品开发能力进一步凸显。此外，稳步推进精品中长剧及电影项目开发，多部漫 改AIGC 中剧已完成前期开发，计划于2026 年第三、四季度上线播出。 3.拓展多元分发渠道，搭建自主化发行体系 围绕漫剧内容联合研发、宣发推广、用户运营及多元变现等环节开展全方位合作，在原有短 视频渠道基础上新增拓展中长视频分发平台，整",程序初筛，重点公司产品另行人工复核
600715,文投控股,重要,数字影院LED 放映发行母版和数据包技术要求,1,8,电影产业和商贸场景融合创新。同月，国家电影局、财政部印发《关于试 行开展2026 年中央级国家电影事业发展专项资金支持促进电影消费工作的通知》，鼓励各地结合 春节档及其他电影档期，因地制宜开展形式多样的电影促消费活动。6 月，国家电影局关于发布 电影行业标准DY/T15—2026《数字影院LED 放映发行母版和数据包技术要求》DY/T16—2026《数 字影院沉浸式音频处理器技术要求和测量方法》的通知，规范影院新型放映硬件技术指标。同月， 8 / 174 ===== 第 9 页 ===== 文投控股股份有限公司2026 年半年度报告 国家电影,程序初筛，重点公司产品另行人工复核
600715,文投控股,重要,时光冒险家,1,12,序游戏细分赛道，新增定制独代产品《中式仙侠》（暂定名）已完成研发，计划于 2026 年第三季度进入测试和推广运营；自研产品《文明》（内部代称）正按计划推进研发测试与 合作对接，计划于2027 年上半年上线运营（因新游戏研发存在不确定性，具体上线日期以实际情 况为准）；定制独代产品《时光冒险家》已于2026 年6 月上线，目前处于持续运营调优阶段。 3.强化研运发一体化，释放内部协同多元效能 组建自有采量发行团队，积极布局IAA 游戏（应用内广告变现游戏）、IAP 游戏（应用内购买 变现游戏）及IAA+IAP 混合变现类游戏的发行业务，代理联运《闲了个鱼》《猫三国》《觉醒守 卫之战》等产品，全面打通游戏研发、发行与运营的协同壁垒；持续推进自,程序初筛，重点公司产品另行人工复核
600715,文投控股,重要,明日方舟：终末地,1,9,.9%；客户端游戏市场规模452.88 亿 元，同比增加27.92%；自研游戏海外市场实际销售收入123.72 亿美元，同比增加30.22%。从细 分市场的结构性变化来看，客户端游戏保持高速增长，增速近30%，明显超过行业整体，成为带动 游戏市场增速加快的重要驱动力。这主要是由于《明日方舟：终末地》《王者荣耀：世界》《洛 克王国：世界》《异环》等多个2026 年上线的游戏产品都采用了跨平台的多渠道发行策略，带动 部分手机端游戏玩家向视觉效果和操作体验更好的PC 端回流，改变了以往PC 端游用户向手游流 动的行业趋势；同时由于PC 端的渠道成本更低且部分PC 端用户和移动端用户的渠道重叠度也比 较低，能够为游戏公司带来更高的用户规模和产品利润率。 ②,程序初筛，重点公司产品另行人工复核
600715,文投控股,重要,猫三国,1,12,险家》已于2026 年6 月上线，目前处于持续运营调优阶段。 3.强化研运发一体化，释放内部协同多元效能 组建自有采量发行团队，积极布局IAA 游戏（应用内广告变现游戏）、IAP 游戏（应用内购买 变现游戏）及IAA+IAP 混合变现类游戏的发行业务，代理联运《闲了个鱼》《猫三国》《觉醒守 卫之战》等产品，全面打通游戏研发、发行与运营的协同壁垒；持续推进自有“葫芦侠”游戏平 台转型升级，逐步构建媒体社区平台和游戏发行平台双轨体系，同时积极承接体系内定制项目， 盘活存量研发能力，寻求多元化收入补充。 报告期内，受存量游戏流水自然下降影响，同时叠加新游戏研发投入增加且尚未实现商业化， 公司游戏板块收入出现阶段性下滑。未来，随着公司储备,程序初筛，重点公司产品另行人工复核
600715,文投控股,重要,王者荣耀：世界,1,9,场规模452.88 亿 元，同比增加27.92%；自研游戏海外市场实际销售收入123.72 亿美元，同比增加30.22%。从细 分市场的结构性变化来看，客户端游戏保持高速增长，增速近30%，明显超过行业整体，成为带动 游戏市场增速加快的重要驱动力。这主要是由于《明日方舟：终末地》《王者荣耀：世界》《洛 克王国：世界》《异环》等多个2026 年上线的游戏产品都采用了跨平台的多渠道发行策略，带动 部分手机端游戏玩家向视觉效果和操作体验更好的PC 端回流，改变了以往PC 端游用户向手游流 动的行业趋势；同时由于PC 端的渠道成本更低且部分PC 端用户和移动端用户的渠道重叠度也比 较低，能够为游戏公司带来更高的用户规模和产品利润率。 ②出海战略地位持续进,程序初筛，重点公司产品另行人工复核
600715,文投控股,重要,镖人：风起大漠,1,8,"倒逼影院从单一放映场所 向综合性文化消费空间转型，逐步形成以潮玩周边、电玩游戏、高品质餐饮、赛事直播等多元业 态为支撑的收入结构。 ③品质驱动，内容为王逻辑持续验证。2026 年上半年，电影票房前三分别为《飞驰人生3》 （44.2 亿元）、《给阿嬷的情书》（19.3 亿元）、《镖人：风起大漠》（14.5 亿元），其中，《镖 人：风起大漠》以国风美学与硬核武侠叙事开辟类型新赛道，创国产武侠电影票房新高；《给阿 嬷的情书》以约1,400 万元制作成本、全素人演员阵容、全程潮汕方言，在首日排片仅1.6%的劣 势下，凭借高口碑实现票房逆袭，证明平民真实叙事的顶级市场潜力。上述案例表明在市场整体 承压的背景下，优质内容依然拥有强劲的票房转化力。 （以上",程序初筛，重点公司产品另行人工复核
600715,文投控股,重要,闲了个鱼,1,12,产品《时光冒险家》已于2026 年6 月上线，目前处于持续运营调优阶段。 3.强化研运发一体化，释放内部协同多元效能 组建自有采量发行团队，积极布局IAA 游戏（应用内广告变现游戏）、IAP 游戏（应用内购买 变现游戏）及IAA+IAP 混合变现类游戏的发行业务，代理联运《闲了个鱼》《猫三国》《觉醒守 卫之战》等产品，全面打通游戏研发、发行与运营的协同壁垒；持续推进自有“葫芦侠”游戏平 台转型升级，逐步构建媒体社区平台和游戏发行平台双轨体系，同时积极承接体系内定制项目， 盘活存量研发能力，寻求多元化收入补充。 报告期内，受存量游戏流水自然下降影响，同时叠加新游戏研发投入增加且尚未实现商业化， 公司游戏板块收入出现阶段性下滑。未来，随,程序初筛，重点公司产品另行人工复核
600715,文投控股,重要,飞驰人生3,1,8,"、五一、 端午档期票房同比有所下滑。工作日及非黄金时段客流缺口持续扩大，倒逼影院从单一放映场所 向综合性文化消费空间转型，逐步形成以潮玩周边、电玩游戏、高品质餐饮、赛事直播等多元业 态为支撑的收入结构。 ③品质驱动，内容为王逻辑持续验证。2026 年上半年，电影票房前三分别为《飞驰人生3》 （44.2 亿元）、《给阿嬷的情书》（19.3 亿元）、《镖人：风起大漠》（14.5 亿元），其中，《镖 人：风起大漠》以国风美学与硬核武侠叙事开辟类型新赛道，创国产武侠电影票房新高；《给阿 嬷的情书》以约1,400 万元制作成本、全素人演员阵容、全程潮汕方言，在首日排片仅1.6%的劣 势下，凭借高口碑实现票房逆袭，证明平民真实叙事的顶级市场潜力。上述案例",程序初筛，重点公司产品另行人工复核
600892,大晟文化,重要,Weelife,1,9,托定制开发等业务，为未来业绩奠定基础。 淘乐网络将根据业务节奏，科学规划产品上线节奏，均衡调配人力、渠道等运营资源，保障各产 品运营质量。公司全资子公司星启晟明在移动游戏的全球化发行业务上持续探索，致力于打造成 为全球化综合性游戏发行平台，目前已在东南亚地区发行独代游戏产品《Weelife》，同时已发行 多款游戏产品，并持续挖掘各类优质游戏产品。 公司游戏产品形态业务将构建以技术为核心能力，多元化布局、鼓励内部竞争的发展战略， 形成多点开花的发行版图，以业绩为导向激发内生动力，驱动团队更充分运用先进技术在产品筛 选、发行策略、用户运营等维度持续迭代升级。 2.报告期内影视文化业务经营情况 公司影视内容产品形态业务主要涵盖,程序初筛，重点公司产品另行人工复核
600892,大晟文化,重要,少年仙界传,1,9,主体，目前已形成以自主 研发为基础，国内与海外发行、运营的双轮驱动的格局。 公司控股子公司淘乐网络作为游戏业务的研发中枢与核心发行平台，聚焦网络游戏自主投资 研发、受托定制开发、游戏发行等，构建起互为依托、敏捷发展的增长闭环。公司代表作品有《桃 花源记》《桃花源记2》《少年仙界传》等系列化产品。报告期内，淘乐网络按照游戏代理业务既 定规划，一方面盘活存量业务，对原有老游戏持续进行优化，充分挖掘存量游戏增长潜力；另一 方面寻求增量业务，在报告期内发展海外游戏代理、受托定制开发等业务，为未来业绩奠定基础。 淘乐网络将根据业务节奏，科学规划产品上线节奏，均衡调配人力、渠道等运营资源，保障各产 品运营质量。公司全资子公司星启晟明在移动,程序初筛，重点公司产品另行人工复核
600892,大晟文化,重要,桃花源记2,1,9,启晟明两大业务主体，目前已形成以自主 研发为基础，国内与海外发行、运营的双轮驱动的格局。 公司控股子公司淘乐网络作为游戏业务的研发中枢与核心发行平台，聚焦网络游戏自主投资 研发、受托定制开发、游戏发行等，构建起互为依托、敏捷发展的增长闭环。公司代表作品有《桃 花源记》《桃花源记2》《少年仙界传》等系列化产品。报告期内，淘乐网络按照游戏代理业务既 定规划，一方面盘活存量业务，对原有老游戏持续进行优化，充分挖掘存量游戏增长潜力；另一 方面寻求增量业务，在报告期内发展海外游戏代理、受托定制开发等业务，为未来业绩奠定基础。 淘乐网络将根据业务节奏，科学规划产品上线节奏，均衡调配人力、渠道等运营资源，保障各产 品运营质量。公司全资子公司,程序初筛，重点公司产品另行人工复核
600892,大晟文化,重要,飞到我心上,1,9,形成传统影视与新兴短剧双线发展、国内与海外市场同步开拓的战略布局。公司影视板块业务 链条完整，覆盖投资、内容创作、拍摄制作、发行运营等全产业链环节，各主体分工明确，协同 发展。 影视剧业务聚焦于电视剧、电影、定制剧等传统长视频内容的投资、制作与发行。公司制作 的定制剧《飞到我心上》已在2025 年完成拍摄及后期制作，并已取得《发行许可证》，将于8 月 底播出。短剧业务方面，公司采用精细化运营策略，目前已建立涵盖国内与海外两个市场的独立 9 / 161 ===== 第 10 页 ===== 大晟时代文化投,程序初筛，重点公司产品另行人工复核
600892,大晟文化,重要,黑神话：悟空,1,7,主要得益于双端互通及长青端游产品的良好表现；小程序移动游戏 市场收入316.57 亿元，同比增长36.01%，继续保持较高增幅；电子竞技游戏市场收入896.16 亿 元，同比增长11.12%。主机游戏市场实际销售收入9.61 亿元，同比下降7.06%，主因是2024 年 爆款产品《黑神话：悟空》逐渐降温、后续新品跟进不足。网页游戏市场实际销售收入20.16 亿 元，同比下降8.47%。二次元移动游戏实际销售收入132.69 亿元，同比下降8.97%。此外，上半 年国内桌游市场实际销售收入38.68 亿元，同比增长4.03%。 海外市场方面，在全球经济波动与竞争加剧的背景下，中国游戏企业积极拓展海外业务，出 海已从“增量补充”变为“利润引擎”,程序初筛，重点公司产品另行人工复核
600633,浙数文化,重要,伯温棋局,1,10,"吴越杯”浙江省城市足球联赛和 浙BA（浙江省城市篮球联赛）赛区，提供赛事数字化技术支撑。 在数字文旅领域，浙数图影基于文旅高质量数据集，研发可穿戴式AI 智能终端及沉浸式导游 导览产品，推进AI+AR+文旅项目在杭州动物园、湖州南浔、丽水云和等地落地，牵头投拍《婺·台》、 《伯温棋局》等AI 文旅短剧。浙数文旅迭代运营浙江省文旅厅“嗨游2.0”入境旅游智慧平台， “乐游168”县域文旅标杆项目落地温州苍南并在浙江全省八大重点景区复制推广,并创新推出AI 文创潮玩品牌“未AI 造物”，打造宋韵文化IP 文创产品。 同时，公司着力探索拓展研学旅游赛道，浙数图影联合浙江大学机器人研究院，筹建运营“BOT 实验室”，打造AI+机器人科创体验空",程序初筛，重点公司产品另行人工复核
600633,浙数文化,重要,婺·台,1,10,"时，深度运营“吴越杯”浙江省城市足球联赛和 浙BA（浙江省城市篮球联赛）赛区，提供赛事数字化技术支撑。 在数字文旅领域，浙数图影基于文旅高质量数据集，研发可穿戴式AI 智能终端及沉浸式导游 导览产品，推进AI+AR+文旅项目在杭州动物园、湖州南浔、丽水云和等地落地，牵头投拍《婺·台》、 《伯温棋局》等AI 文旅短剧。浙数文旅迭代运营浙江省文旅厅“嗨游2.0”入境旅游智慧平台， “乐游168”县域文旅标杆项目落地温州苍南并在浙江全省八大重点景区复制推广,并创新推出AI 文创潮玩品牌“未AI 造物”，打造宋韵文化IP 文创产品。 同时，公司着力探索拓展研学旅游赛道，浙数图影联合浙江大学机器人研究院，筹建运营“BOT 实验室”，打造AI+",程序初筛，重点公司产品另行人工复核
300113,顺网科技,重要,三国：百将牌,1,12,同时，数十场国际性论坛 与专题大会以前瞻视角深度解析行业热点、把脉未来趋势，为业界提供极具参考价值的路径指引，充分彰显展会作为行 业风向标的专业价值，持续驱动产业生态的创新升级。 此外，由公司内部孵化团队研发、bilibili 游戏独家代理发行的新一代非对称竞技卡牌游戏《三国：百将牌》打破 传统卡牌游戏壁垒，兼具趣味性与竞技性，深受玩家喜爱并获得行业广泛关注。 （4）强化精细管理，凝聚团队力量 报告期内，公司围绕“简化、高效、务实”的理念，聚焦产品创新、精细化运营、核心技术研发与技术革新等关键 领域，持续提升员工效能与组织活力，确保整体战略顺利实施并达成预期目标。公司通过优化组织架构、高效配置业务 资源、引进高端人才与专,程序初筛，重点公司产品另行人工复核
300113,顺网科技,重要,中国游戏云市场跟踪研究，2025H2,1,13,无缝”的流畅体验。与此同时，人工智能技术 正深度融入云游戏的全生命周期，也为产业的创新发展开辟了新的赛道。基于现行行业导向与产业演进规律，国际数据 公司（IDC）预测，2029 年中国游戏云市场将达26 亿美元，2024-2029 年复合增长率将达到6.9%。 IDC《中国游戏云市场跟踪研究，2025H2》数据显示，2025 年下半年中国游戏云市场规模达11.1 亿美元，同比增长 16.1%，继上半年实现双位数增长后，增幅进一步确立。与此同时，游戏企业与发行商除在广告素材生成、智能客服及创 意辅助等环节持续加大云资源投入外，头部客户已着手推进AI 原生游戏的实质性研发。这一结构性变化，正在重塑上游 云计算市场的竞争逻辑与服务边界。 （3）电竞产业生,程序初筛，重点公司产品另行人工复核
002605,姚记科技,重要,指尖捕鱼,2,11,公司能及时了解用户需求和意见，加强对产品品质的把控，加快游戏开发的迭代更 新，也能够打通行业上下游产业链条，获取收益的最大化。 公司经过多年的快速发展和技术积累，建立多个工作室团队保持优质内容的持续生产能力。公司移 动游戏分国内游戏和海外游戏，国内游戏产品主要有《捕鱼炸翻天》《指尖捕鱼》《姚记捕鱼3D 版》 《捕鱼新纪元》《大神捕鱼》等休闲类游戏，其中《指尖捕鱼》《捕鱼炸翻天》《姚记捕鱼 3D 版》已 运营多年，具有很强的玩家粘性。海外游戏产品主要有《Bingo Party》《Bingo Journey》《Bingo Wild》《Bingo Home Design》《黄金捕鱼场》《Fish box》《Fishing New Era》《捕鱼派,程序初筛，重点公司产品另行人工复核
002605,姚记科技,重要,捕鱼炸翻天,2,11,游戏运营数据，公司能及时了解用户需求和意见，加强对产品品质的把控，加快游戏开发的迭代更 新，也能够打通行业上下游产业链条，获取收益的最大化。 公司经过多年的快速发展和技术积累，建立多个工作室团队保持优质内容的持续生产能力。公司移 动游戏分国内游戏和海外游戏，国内游戏产品主要有《捕鱼炸翻天》《指尖捕鱼》《姚记捕鱼3D 版》 《捕鱼新纪元》《大神捕鱼》等休闲类游戏，其中《指尖捕鱼》《捕鱼炸翻天》《姚记捕鱼 3D 版》已 运营多年，具有很强的玩家粘性。海外游戏产品主要有《Bingo Party》《Bingo Journey》《Bingo Wild》《Bingo Home Design》《黄金捕鱼场》《Fish box》《Fishing New Er,程序初筛，重点公司产品另行人工复核
002605,姚记科技,重要,Bingo Home Design,1,11,品主要有《捕鱼炸翻天》《指尖捕鱼》《姚记捕鱼3D 版》 《捕鱼新纪元》《大神捕鱼》等休闲类游戏，其中《指尖捕鱼》《捕鱼炸翻天》《姚记捕鱼 3D 版》已 运营多年，具有很强的玩家粘性。海外游戏产品主要有《Bingo Party》《Bingo Journey》《Bingo Wild》《Bingo Home Design》《黄金捕鱼场》《Fish box》《Fishing New Era》《捕鱼派对》等。 根据中国音像与数字出版协会游戏工委（GPC）（以下简称“游戏工委”）发布的《2026 年1-6 月 中国游戏产业报告》显示，2026 年1 至6 月，我国游戏行业整体运行态势向好，产业发展呈现五大核 心特征。一是产业规模增幅明显，客户端游戏与出海游戏表现尤为突出；二是多,程序初筛，重点公司产品另行人工复核
002605,姚记科技,重要,Bingo Journey,1,11,产能力。公司移 动游戏分国内游戏和海外游戏，国内游戏产品主要有《捕鱼炸翻天》《指尖捕鱼》《姚记捕鱼3D 版》 《捕鱼新纪元》《大神捕鱼》等休闲类游戏，其中《指尖捕鱼》《捕鱼炸翻天》《姚记捕鱼 3D 版》已 运营多年，具有很强的玩家粘性。海外游戏产品主要有《Bingo Party》《Bingo Journey》《Bingo Wild》《Bingo Home Design》《黄金捕鱼场》《Fish box》《Fishing New Era》《捕鱼派对》等。 根据中国音像与数字出版协会游戏工委（GPC）（以下简称“游戏工委”）发布的《2026 年1-6 月 中国游戏产业报告》显示，2026 年1 至6 月，我国游戏行业整体运行态势向好，产业发展呈现五大核 心特征。,程序初筛，重点公司产品另行人工复核
002605,姚记科技,重要,Bingo Party,1,11,室团队保持优质内容的持续生产能力。公司移 动游戏分国内游戏和海外游戏，国内游戏产品主要有《捕鱼炸翻天》《指尖捕鱼》《姚记捕鱼3D 版》 《捕鱼新纪元》《大神捕鱼》等休闲类游戏，其中《指尖捕鱼》《捕鱼炸翻天》《姚记捕鱼 3D 版》已 运营多年，具有很强的玩家粘性。海外游戏产品主要有《Bingo Party》《Bingo Journey》《Bingo Wild》《Bingo Home Design》《黄金捕鱼场》《Fish box》《Fishing New Era》《捕鱼派对》等。 根据中国音像与数字出版协会游戏工委（GPC）（以下简称“游戏工委”）发布的《2026 年1-6 月 中国游戏产业报告》显示，2026 年1 至6 月，我国游戏行业整体运行态势向好,程序初筛，重点公司产品另行人工复核
002605,姚记科技,重要,Fish box,1,11,》 《捕鱼新纪元》《大神捕鱼》等休闲类游戏，其中《指尖捕鱼》《捕鱼炸翻天》《姚记捕鱼 3D 版》已 运营多年，具有很强的玩家粘性。海外游戏产品主要有《Bingo Party》《Bingo Journey》《Bingo Wild》《Bingo Home Design》《黄金捕鱼场》《Fish box》《Fishing New Era》《捕鱼派对》等。 根据中国音像与数字出版协会游戏工委（GPC）（以下简称“游戏工委”）发布的《2026 年1-6 月 中国游戏产业报告》显示，2026 年1 至6 月，我国游戏行业整体运行态势向好，产业发展呈现五大核 心特征。一是产业规模增幅明显，客户端游戏与出海游戏表现尤为突出；二是多地陆续推出并落实游戏 产业扶持政策,程序初筛，重点公司产品另行人工复核
002605,姚记科技,重要,Fishing New Era,1,11,大神捕鱼》等休闲类游戏，其中《指尖捕鱼》《捕鱼炸翻天》《姚记捕鱼 3D 版》已 运营多年，具有很强的玩家粘性。海外游戏产品主要有《Bingo Party》《Bingo Journey》《Bingo Wild》《Bingo Home Design》《黄金捕鱼场》《Fish box》《Fishing New Era》《捕鱼派对》等。 根据中国音像与数字出版协会游戏工委（GPC）（以下简称“游戏工委”）发布的《2026 年1-6 月 中国游戏产业报告》显示，2026 年1 至6 月，我国游戏行业整体运行态势向好，产业发展呈现五大核 心特征。一是产业规模增幅明显，客户端游戏与出海游戏表现尤为突出；二是多地陆续推出并落实游戏 产业扶持政策，政策导向更加精准聚焦，落地措施更,程序初筛，重点公司产品另行人工复核
002605,姚记科技,重要,关于使用募集资金置换预先投入募投项目自筹资金及已支付发行费用的议案,1,20,"不适用 地点变更情 况 募集资金投 资项目实施 不适用 方式调整情 况 适用 募集资金投 公司于2024 年3 月1 日召开第六届董事会第七次会议、第六届监事会第七次会议，会议审议通过了 资项目先期 《关于使用募集资金置换预先投入募投项目自筹资金及已支付发行费用的议案》，同意公司使用募集资 投入及置换 金置换预先投入募投项目的自筹资金人民币13,673.77 万元以及已支付的发行费用的自筹资金人民币 情况 198.11 万元。 适用 公司于 2025 年 2 月 28 日召开第六届董事会第十六次会议、第六届监事会第十四次会议，会议审议 用闲置募集",程序初筛，重点公司产品另行人工复核
002605,姚记科技,重要,关于使用部分闲置募集资金暂时补充流动资金的议案,1,20,3.77 万元以及已支付的发行费用的自筹资金人民币 情况 198.11 万元。 适用 公司于 2025 年 2 月 28 日召开第六届董事会第十六次会议、第六届监事会第十四次会议，会议审议 用闲置募集 通过了 《关于使用部分闲置募集资金暂时补充流动资金的议案》，同意公司在不影响募集资金项目开展 资金暂时补 和使用计划的前提下，使用总额不超过人民币 1 亿元的部分闲置募集资金暂时补充流动资金，使用期 充流动资金 限自董事会审议通过之日起不超过12 个月。2026 年2 月25 日，公司披露了《关于归还募集资金的公 情况 告》，截至2026 年2 月25 日，公司已将用,程序初筛，重点公司产品另行人工复核
002605,姚记科技,重要,大神捕鱼,1,11,控，加快游戏开发的迭代更 新，也能够打通行业上下游产业链条，获取收益的最大化。 公司经过多年的快速发展和技术积累，建立多个工作室团队保持优质内容的持续生产能力。公司移 动游戏分国内游戏和海外游戏，国内游戏产品主要有《捕鱼炸翻天》《指尖捕鱼》《姚记捕鱼3D 版》 《捕鱼新纪元》《大神捕鱼》等休闲类游戏，其中《指尖捕鱼》《捕鱼炸翻天》《姚记捕鱼 3D 版》已 运营多年，具有很强的玩家粘性。海外游戏产品主要有《Bingo Party》《Bingo Journey》《Bingo Wild》《Bingo Home Design》《黄金捕鱼场》《Fish box》《Fishing New Era》《捕鱼派对》等。 根据中国音像与数字出版协会游戏工委,程序初筛，重点公司产品另行人工复核
002605,姚记科技,重要,姚记捕鱼 3D 版,1,11,条，获取收益的最大化。 公司经过多年的快速发展和技术积累，建立多个工作室团队保持优质内容的持续生产能力。公司移 动游戏分国内游戏和海外游戏，国内游戏产品主要有《捕鱼炸翻天》《指尖捕鱼》《姚记捕鱼3D 版》 《捕鱼新纪元》《大神捕鱼》等休闲类游戏，其中《指尖捕鱼》《捕鱼炸翻天》《姚记捕鱼 3D 版》已 运营多年，具有很强的玩家粘性。海外游戏产品主要有《Bingo Party》《Bingo Journey》《Bingo Wild》《Bingo Home Design》《黄金捕鱼场》《Fish box》《Fishing New Era》《捕鱼派对》等。 根据中国音像与数字出版协会游戏工委（GPC）（以下简称“游戏工委”）发布的《2026 年1-6 月,程序初筛，重点公司产品另行人工复核
002605,姚记科技,重要,姚记捕鱼3D 版,1,11,解用户需求和意见，加强对产品品质的把控，加快游戏开发的迭代更 新，也能够打通行业上下游产业链条，获取收益的最大化。 公司经过多年的快速发展和技术积累，建立多个工作室团队保持优质内容的持续生产能力。公司移 动游戏分国内游戏和海外游戏，国内游戏产品主要有《捕鱼炸翻天》《指尖捕鱼》《姚记捕鱼3D 版》 《捕鱼新纪元》《大神捕鱼》等休闲类游戏，其中《指尖捕鱼》《捕鱼炸翻天》《姚记捕鱼 3D 版》已 运营多年，具有很强的玩家粘性。海外游戏产品主要有《Bingo Party》《Bingo Journey》《Bingo Wild》《Bingo Home Design》《黄金捕鱼场》《Fish box》《Fishing New Era》《捕鱼派对》等。 根据中,程序初筛，重点公司产品另行人工复核
002605,姚记科技,重要,捕鱼新纪元,1,11,对产品品质的把控，加快游戏开发的迭代更 新，也能够打通行业上下游产业链条，获取收益的最大化。 公司经过多年的快速发展和技术积累，建立多个工作室团队保持优质内容的持续生产能力。公司移 动游戏分国内游戏和海外游戏，国内游戏产品主要有《捕鱼炸翻天》《指尖捕鱼》《姚记捕鱼3D 版》 《捕鱼新纪元》《大神捕鱼》等休闲类游戏，其中《指尖捕鱼》《捕鱼炸翻天》《姚记捕鱼 3D 版》已 运营多年，具有很强的玩家粘性。海外游戏产品主要有《Bingo Party》《Bingo Journey》《Bingo Wild》《Bingo Home Design》《黄金捕鱼场》《Fish box》《Fishing New Era》《捕鱼派对》等。 根据中国音像与数字出版,程序初筛，重点公司产品另行人工复核
002605,姚记科技,重要,捕鱼派对,1,11,捕鱼》《捕鱼炸翻天》《姚记捕鱼 3D 版》已 运营多年，具有很强的玩家粘性。海外游戏产品主要有《Bingo Party》《Bingo Journey》《Bingo Wild》《Bingo Home Design》《黄金捕鱼场》《Fish box》《Fishing New Era》《捕鱼派对》等。 根据中国音像与数字出版协会游戏工委（GPC）（以下简称“游戏工委”）发布的《2026 年1-6 月 中国游戏产业报告》显示，2026 年1 至6 月，我国游戏行业整体运行态势向好，产业发展呈现五大核 心特征。一是产业规模增幅明显，客户端游戏与出海游戏表现尤为突出；二是多地陆续推出并落实游戏 产业扶持政策，政策导向更加精准聚焦，落地措施更为细化务实；,程序初筛，重点公司产品另行人工复核
002605,姚记科技,重要,黄金捕鱼场,1,11,记捕鱼3D 版》 《捕鱼新纪元》《大神捕鱼》等休闲类游戏，其中《指尖捕鱼》《捕鱼炸翻天》《姚记捕鱼 3D 版》已 运营多年，具有很强的玩家粘性。海外游戏产品主要有《Bingo Party》《Bingo Journey》《Bingo Wild》《Bingo Home Design》《黄金捕鱼场》《Fish box》《Fishing New Era》《捕鱼派对》等。 根据中国音像与数字出版协会游戏工委（GPC）（以下简称“游戏工委”）发布的《2026 年1-6 月 中国游戏产业报告》显示，2026 年1 至6 月，我国游戏行业整体运行态势向好，产业发展呈现五大核 心特征。一是产业规模增幅明显，客户端游戏与出海游戏表现尤为突出；二是多地陆续推出并落,程序初筛，重点公司产品另行人工复核
300494,盛天网络,重要,星之翼,11,13,湖北盛天网络技术股份有限公司2026 年半年度报告 2.游戏出海 公司游戏发行业务已经在游戏出海方面取得阶段性成果：星之翼领衔，独立游戏多点开花。 融合机甲美少女与经典GVG 格斗玩法的3D 竞技游戏《星之翼》是公司旗下标杆产品。该游戏在 日韩等成熟市场积累了高粘性核心玩家，境外地区流水占整体流水的比重保持在较高水平。2026 年4 月，游戏迎来发行两周年，正式登陆PlayStation、Xbox 等平台，实现PC、移动、主机多平台覆盖； 同期《星之翼》3.0 全新版本上线，并与知名IP《BLACK ROCK SHOOTER》开启联动，版本上线后获Steam,程序初筛，重点公司产品另行人工复核
300494,盛天网络,重要,三国志2017,6,15,14 ===== 第 15 页 ===== 湖北盛天网络技术股份有限公司2026 年半年度报告 图10：《风暴怕死队》游戏 资料来源：公司官网 3.联合运营 《三国志2017》是公司游戏运营的代表作品，该游戏是一款基于经典三国游戏《三国志11》IP 开发的实时多人在线策略手游，公司参与IP 引进，并联合360、凯撒文化、阿里、英雄互娱等厂商开 发运营。该游戏上线多年依旧不断突入海外市场畅销榜前列，持续稳健运营展现出该游戏的强大生命 力。 图11：《三国志2017》游戏 资料来源：公司官网,程序初筛，重点公司产品另行人工复核
300494,盛天网络,重要,活侠传,3,14,年半年度报告 在独立游戏方面，2021 年公司成立独立游戏发行工作室Paras Games，志在发掘更多更好的独立 游戏并推向海外市场。目前Paras Games 已具备成熟的本地化服务能力，可以提供多国语言翻译、技 术及测试支持以及美术支持。 武侠题材独立游戏《活侠传》是公司独立游戏发行的标杆产品，以细腻的武侠文本和优秀的玩法 受到海内外玩家认可，在Steam 国产买断制游戏销量榜中位居前列。公司持续投入该产品的长线运营。 继2025 年8 月游戏上线新增主线剧情及玩法更新的DLC 之后，预计2026 年9 月《活侠传》将推出大 型版本更新“崆峒神威”，新增主线剧情分支，并扩充支线任务并优化战斗养成机制，持续挖掘这一,程序初筛，重点公司产品另行人工复核
300494,盛天网络,重要,风暴怕死队,3,14,大 型版本更新“崆峒神威”，新增主线剧情分支，并扩充支线任务并优化战斗养成机制，持续挖掘这一 IP 的长期价值。 图9：《活侠传》游戏 资料来源：公司官网 2026 年7 月，Paras Games 独家发行的多人联机Roguelite 弹幕射击游戏《风暴怕死队》（Pass The Fear）正式登陆Steam 平台。游戏以多人协作求生、高自由度流派构筑和强社交联机为核心，发 售首日即登上Steam 游戏畅销榜前五，发售首周销量突破10 万份，B 站相关视频播放量突破500 万次， 成为公司精品独立游戏发行的又一代表作。,程序初筛，重点公司产品另行人工复核
300494,盛天网络,重要,真·三国无双天下,2,120,"参数 合计 50,131,785.63 25,151,000.00 24,980,785.63 前述信息与以前年度减值测试采用的信息或外部信息明显不一致的差异原因： 游戏《真·三国无双天下》上线后实际表现以及《三国志2017》在报告期内的表现远不及预期，本次减值测试 基于更新后的实际运营数据，对产品未来流水收入数据进行重新预测。 公司以前年度减值测试采用信息与当年实际情况明显不一致的差异原因： 《真·三国无双天下》项目自筹备至发行周期较长，市场热点、用户需求环境发生变化，《三国志2017》因行 业竞争加剧，游戏实际表现与前期预期存在差距。",程序初筛，重点公司产品另行人工复核
300494,盛天网络,重要,真・三国无双天下,2,12,11 ===== 第 12 页 ===== 湖北盛天网络技术股份有限公司2026 年半年度报告 在IP 改编游戏方面，《真・三国无双天下》是基于《真・三国无双8》定制开发的无双动作游戏， 由光荣特库摩正版授权，延续了系列经典的动作战斗玩法。游戏于2026 年6 月24 日正式上线移动端 平台，在还原“一骑当千”核心玩法的同时，针对移动端优化操作手感，并引入武将支援机制和PVP 竞技场等玩法。 图6：《真・三国无双天下》游戏 资料来源：公司官网 在轻量化游戏方面，公司发,程序初筛，重点公司产品另行人工复核
300494,盛天网络,重要,神奇波比,2,12,玩法。游戏于2026 年6 月24 日正式上线移动端 平台，在还原“一骑当千”核心玩法的同时，针对移动端优化操作手感，并引入武将支援机制和PVP 竞技场等玩法。 图6：《真・三国无双天下》游戏 资料来源：公司官网 在轻量化游戏方面，公司发行的捉宠放置类游戏《神奇波比》已于2025 年12 月底正式上线。该 游戏是一款结合玩法创新与高品质体验的小游戏产品，其核心玩法包括宠物抓捕、回合制战斗、模拟 经营及SLG 等元素。玩家将扮演波比世界的幕后老板，捕捉数百种外形与能力各异的波比萌宠，这些 萌宠波比可承担采集、建造、战斗等多项职能，帮助玩家发展家园和抵御外敌。 图7：《神奇波比》游戏 资料来源：公司官网,程序初筛，重点公司产品另行人工复核
300494,盛天网络,重要,BLACK ROCK SHOOTER,1,13,下标杆产品。该游戏在 日韩等成熟市场积累了高粘性核心玩家，境外地区流水占整体流水的比重保持在较高水平。2026 年4 月，游戏迎来发行两周年，正式登陆PlayStation、Xbox 等平台，实现PC、移动、主机多平台覆盖； 同期《星之翼》3.0 全新版本上线，并与知名IP《BLACK ROCK SHOOTER》开启联动，版本上线后获Steam 平台免费专区全球首页推荐，首日跻身Steam 海外热销榜前列。2026 年6 月，《星之翼》获评“中国 企业全球影响力年度产品”，进一步印证了公司在游戏精品出海和本地化运营方面的能力。 图8：《星之翼》游戏 资料来源：公司官网 公司持续深化《星之翼》的IP 联动策略，围绕角色植入、实体衍生、主题外设,程序初筛，重点公司产品另行人工复核
300494,盛天网络,重要,BLACK★ROCK SHOOTER,1,13,联动IP 2026 年1 月 《苍翼：混沌效应》 2026 年4 月 《BLACK★ROCK SHOOTER》 2026 年6 月 《Frame Arms Girl》 2026 年8 月 《开天机创》 待上线 《久戒模玩》,程序初筛，重点公司产品另行人工复核
300494,盛天网络,重要,Frame Arms Girl,1,13,应》 2026 年4 月 《BLACK★ROCK SHOOTER》 2026 年6 月 《Frame Arms Girl》 2026 年8 月 《开天机创》 待上线 《久戒模玩》 待上线 《魔法少女奈叶EXCEEDS Gun Blaze Vengeance》 待上线,程序初筛，重点公司产品另行人工复核
300494,盛天网络,重要,三国志,1,28,湖北盛天网络技术股份有限公司2026 年半年度报告 价值。 2.经典IP的长线运营与复刻能力 公司在IP 运营领域深耕多年，具备将经典IP 转化为长线运营产品的核心方法论。公司先后主导 或参与《三国志》《真・三国无双》等经典IP 的运营，《三国志2017》运营周期逾八年，《三国志・ 战略版》成为全球现象级SLG 产品，验证了公司在经典IP 商业化上的核心能力。公司正通过《真三 国无双天下》等产品推进公司游戏业务从监修与运营拓宽至自研与发行的探索。 3.硬核玩家的社群运营与内容共创能力 公司核心游戏产品聚焦格斗、竞技、动作等硬核玩法，建立了高,程序初筛，重点公司产品另行人工复核
300494,盛天网络,重要,三国志11,1,15,湖北盛天网络技术股份有限公司2026 年半年度报告 图10：《风暴怕死队》游戏 资料来源：公司官网 3.联合运营 《三国志2017》是公司游戏运营的代表作品，该游戏是一款基于经典三国游戏《三国志11》IP 开发的实时多人在线策略手游，公司参与IP 引进，并联合360、凯撒文化、阿里、英雄互娱等厂商开 发运营。该游戏上线多年依旧不断突入海外市场畅销榜前列，持续稳健运营展现出该游戏的强大生命 力。 图11：《三国志2017》游戏 资料来源：公司官网,程序初筛，重点公司产品另行人工复核
300494,盛天网络,重要,久戒模玩,1,13,月 《Frame Arms Girl》 2026 年8 月 《开天机创》 待上线 《久戒模玩》 待上线 《魔法少女奈叶EXCEEDS Gun Blaze Vengeance》 待上线 《核能矩阵》 13 ===== 第 14 页 =,程序初筛，重点公司产品另行人工复核
300494,盛天网络,重要,关于使用募集资金和自有资金购买理财产品的议案,1,36,"会第十七次会议审议，通过了《关于使用募集资金和自有资金购买理财产 品的议案》,同意公司使用不超过人民币30,000万元的募集资金和不超过人民币50,000万元的自有资金购买理财产品。(公 尚未使用 告编号2023-013)。经公司第五届董事会第二次会议审议，通过了《关于使用募集资金和自有资金购买理财产品的议案》, 的募集资 同意公司使用不超过人民币25,000 万元的募集资金和不超过人民币50,000 万元的自有资金购买理财产品。 金用途及 经公司于2024 年4 月25 日召开第五届董事会第二次会议和第五届监事会第二次会议，审议通过了《关于使用募集资金和 去向 自有资金购买理财产品的议案》,同意公司使用不超过人民币25,000 万元的募集资金和不超过人",程序初筛，重点公司产品另行人工复核
300494,盛天网络,重要,开天机创,1,13,★ROCK SHOOTER》 2026 年6 月 《Frame Arms Girl》 2026 年8 月 《开天机创》 待上线 《久戒模玩》 待上线 《魔法少女奈叶EXCEEDS Gun Blaze Vengeance》 待上线 《核能矩阵》,程序初筛，重点公司产品另行人工复核
300494,盛天网络,重要,核能矩阵,1,13,待上线 《久戒模玩》 待上线 《魔法少女奈叶EXCEEDS Gun Blaze Vengeance》 待上线 《核能矩阵》 13 ===== 第 14 页 ===== 湖北盛天网络技术股份有限公司2026 年半年度报告 在独立游戏方面，2021 年公司成立独立游戏发行工作室Paras Games,程序初筛，重点公司产品另行人工复核
300494,盛天网络,重要,真・三国无双,1,28,湖北盛天网络技术股份有限公司2026 年半年度报告 价值。 2.经典IP的长线运营与复刻能力 公司在IP 运营领域深耕多年，具备将经典IP 转化为长线运营产品的核心方法论。公司先后主导 或参与《三国志》《真・三国无双》等经典IP 的运营，《三国志2017》运营周期逾八年，《三国志・ 战略版》成为全球现象级SLG 产品，验证了公司在经典IP 商业化上的核心能力。公司正通过《真三 国无双天下》等产品推进公司游戏业务从监修与运营拓宽至自研与发行的探索。 3.硬核玩家的社群运营与内容共创能力 公司核心游戏产品聚焦格斗、竞技、动作等硬核玩法，建立了高粘性、高活跃度的,程序初筛，重点公司产品另行人工复核
300494,盛天网络,重要,真・三国无双8,1,12,11 ===== 第 12 页 ===== 湖北盛天网络技术股份有限公司2026 年半年度报告 在IP 改编游戏方面，《真・三国无双天下》是基于《真・三国无双8》定制开发的无双动作游戏， 由光荣特库摩正版授权，延续了系列经典的动作战斗玩法。游戏于2026 年6 月24 日正式上线移动端 平台，在还原“一骑当千”核心玩法的同时，针对移动端优化操作手感，并引入武将支援机制和PVP 竞技场等玩法。 图6：《真・三国无双天下》游戏 资料来源：公司官网 在轻量化游戏方面，公司发行的捉宠放置类游戏《神奇,程序初筛，重点公司产品另行人工复核
300494,盛天网络,重要,苍翼：混沌效应,1,13,略，持续探索与优质IP 的跨界合作，推动《星之 翼》产品IP 化，构建IP 价值立体生态。 时间 联动IP 2026 年1 月 《苍翼：混沌效应》 2026 年4 月 《BLACK★ROCK SHOOTER》 2026 年6 月 《Frame Arms Girl》 2026,程序初筛，重点公司产品另行人工复核
300494,盛天网络,重要,魔法少女奈叶EXCEEDS Gun Blaze Vengeance,1,13,e Arms Girl》 2026 年8 月 《开天机创》 待上线 《久戒模玩》 待上线 《魔法少女奈叶EXCEEDS Gun Blaze Vengeance》 待上线 《核能矩阵》 13 ===== 第 14 页 ===== 湖北盛天网络技术股份有限公司2026 年半年度报告,程序初筛，重点公司产品另行人工复核
