X,Y,温升
-3,-3,0.0566941341
-2.88888889,-3,0.0799166237
-2.77777778,-3,0.109906665
-2.66666667,-3,0.147469284
-2.55555556,-3,0.193051586
-2.44444444,-3,0.246572275
-2.33333333,-3,0.307270296
-2.22222222,-3,0.373603543
-2.11111111,-3,0.443227901
-2,-3,0.513079572
-1.88888889,-3,0.579569611
-1.77777778,-3,0.638880692
-1.66666667,-3,0.687335909
-1.55555556,-3,0.721792139
-1.44444444,-3,0.740000755
-1.33333333,-3,0.740879113
-1.22222222,-3,0.724648133
-1.11111111,-3,0.692812464
-1,-3,0.647985895
-0.888888889,-3,0.593590326
-0.777777778,-3,0.533476245
-0.666666667,-3,0.471522524
-0.555555556,-3,0.411271871
-0.444444444,-3,0.355646844
-0.333333333,-3,0.30677321
-0.222222222,-3,0.26591716
-0.111111111,-3,0.233524736
0,-3,0.209338913
0.111111111,-3,0.192563684
0.222222222,-3,0.182044792
0.333333333,-3,0.176442003
0.444444444,-3,0.174375709
0.555555556,-3,0.174539091
0.666666667,-3,0.175774271
0.777777778,-3,0.177116019
0.888888889,-3,0.177809315
1,-3,0.177307874
1.11111111,-3,0.17526008
1.22222222,-3,0.171487455
1.33333333,-3,0.165959315
1.44444444,-3,0.158765936
1.55555556,-3,0.150091658
1.66666667,-3,0.140188814
1.77777778,-3,0.1293531
1.88888889,-3,0.117900947
2,-3,0.106149424
2.11111111,-3,0.0943991735
2.22222222,-3,0.0829208084
2.33333333,-3,0.071945007
2.44444444,-3,0.0616563711
2.55555556,-3,0.0521908723
2.66666667,-3,0.0436365075
2.77777778,-3,0.0360366161
2.88888889,-3,0.0293952046
3,-3,0.0236835813
-3,-2.88888889,0.0873322336
-2.88888889,-2.88888889,0.123103786
-2.77777778,-2.88888889,0.169299476
-2.66666667,-2.88888889,0.227158915
-2.55555556,-2.88888889,0.297370151
-2.44444444,-2.88888889,0.379806987
-2.33333333,-2.88888889,0.473295758
-2.22222222,-2.88888889,0.575459217
-2.11111111,-2.88888889,0.682684173
-2,-2.88888889,0.790248242
-1.88888889,-2.88888889,0.892619451
-1.77777778,-2.88888889,0.983913361
-1.66666667,-2.88888889,1.05846116
-1.55555556,-2.88888889,1.11141565
-1.44444444,-2.88888889,1.13930699
-1.33333333,-2.88888889,1.14046105
-1.22222222,-2.88888889,1.11521155
-1.11111111,-2.88888889,1.06586979
-1,-2.88888889,0.996456084
-0.888888889,-2.88888889,0.912236455
-0.777777778,-2.88888889,0.819138517
-0.666666667,-2.88888889,0.723135494
-0.555555556,-2.88888889,0.629685184
-0.444444444,-2.88888889,0.543292969
-0.333333333,-2.88888889,0.467240104
-0.222222222,-2.88888889,0.403487256
-0.111111111,-2.88888889,0.352735283
0,-2.88888889,0.314605439
0.111111111,-2.88888889,0.28789172
0.222222222,-2.88888889,0.270838604
0.333333333,-2.88888889,0.261405532
0.444444444,-2.88888889,0.257491653
0.555555556,-2.88888889,0.257107401
0.666666667,-2.88888889,0.258490548
0.777777778,-2.88888889,0.260172337
0.888888889,-2.88888889,0.261003486
1,-2.88888889,0.260151088
1.11111111,-2.88888889,0.257076421
1.22222222,-2.88888889,0.251501605
1.33333333,-2.88888889,0.243370733
1.44444444,-2.88888889,0.232809057
1.55555556,-2.88888889,0.220082383
1.66666667,-2.88888889,0.205557956
1.77777778,-2.88888889,0.189667724
1.88888889,-2.88888889,0.172874726
2,-2.88888889,0.155643346
2.11111111,-2.88888889,0.138414126
2.22222222,-2.88888889,0.121583708
2.33333333,-2.88888889,0.105490251
2.44444444,-2.88888889,0.0904043916
2.55555556,-2.88888889,0.076525482
2.66666667,-2.88888889,0.06398254
2.77777778,-2.88888889,0.0528391087
2.88888889,-2.88888889,0.043101061
3,-2.88888889,0.0347263266
-3,-2.77777778,0.131248332
-2.88888889,-2.77777778,0.185007393
-2.77777778,-2.77777778,0.254431776
-2.66666667,-2.77777778,0.341383951
-2.55555556,-2.77777778,0.446897228
-2.44444444,-2.77777778,0.570780905
-2.33333333,-2.77777778,0.711269693
-2.22222222,-2.77777778,0.864789003
-2.11111111,-2.77777778,1.02590623
-2,-2.77777778,1.18752118
-1.88888889,-2.77777778,1.34131625
-1.77777778,-2.77777778,1.47844341
-1.66666667,-2.77777778,1.59037797
-1.55555556,-2.77777778,1.66982932
-1.44444444,-2.77777778,1.71157625
-1.33333333,-2.77777778,1.71309586
-1.22222222,-2.77777778,1.67488255
-1.11111111,-2.77777778,1.60040291
-1,-2.77777778,1.49569244
-0.888888889,-2.77777778,1.36865975
-0.777777778,-2.77777778,1.2282092
-0.666666667,-2.77777778,1.08331576
-0.555555556,-2.77777778,0.942182361
-0.444444444,-2.77777778,0.81158369
-0.333333333,-2.77777778,0.696458261
-0.222222222,-2.77777778,0.599763703
-0.111111111,-2.77777778,0.522568181
0,-2.77777778,0.464321036
0.111111111,-2.77777778,0.423231586
0.222222222,-2.77777778,0.396685823
0.333333333,-2.77777778,0.381642918
0.444444444,-2.77777778,0.374971833
0.555555556,-2.77777778,0.373707854
0.666666667,-2.77777778,0.37522568
0.777777778,-2.77777778,0.377337502
0.888888889,-2.77777778,0.378330961
1,-2.77777778,0.376963591
1.11111111,-2.77777778,0.372428911
1.22222222,-2.77777778,0.364306119
1.33333333,-2.77777778,0.352501864
1.44444444,-2.77777778,0.337189478
1.55555556,-2.77777778,0.318748831
1.66666667,-2.77777778,0.297708688
1.77777778,-2.77777778,0.274692785
1.88888889,-2.77777778,0.250370674
2,-2.77777778,0.225414318
2.11111111,-2.77777778,0.200461426
2.22222222,-2.77777778,0.176086272
2.33333333,-2.77777778,0.152778517
2.44444444,-2.77777778,0.130930074
2.55555556,-2.77777778,0.110829639
2.66666667,-2.77777778,0.0926640556
2.77777778,-2.77777778,0.0765253457
2.88888889,-2.77777778,0.0624220136
3,-2.77777778,0.0502931289
-3,-2.66666667,0.192439934
-2.88888889,-2.66666667,0.271262331
-2.77777778,-2.66666667,0.373052969
-2.66666667,-2.66666667,0.500542189
-2.55555556,-2.66666667,0.65524436
-2.44444444,-2.66666667,0.836878882
-2.33333333,-2.66666667,1.04285608
-2.22222222,-2.66666667,1.26793298
-2.11111111,-2.66666667,1.50414181
-2,-2.66666667,1.74106911
-1.88888889,-2.66666667,1.96651578
-1.77777778,-2.66666667,2.16750431
-1.66666667,-2.66666667,2.33153057
-1.55555556,-2.66666667,2.44789925
-1.44444444,-2.66666667,2.50894872
-1.33333333,-2.66666667,2.51097323
-1.22222222,-2.66666667,2.45469096
-1.11111111,-2.66666667,2.34517809
-1,-2.66666667,2.19127791
-0.888888889,-2.66666667,2.00458101
-0.777777778,-2.66666667,1.79813942
-0.666666667,-2.66666667,1.5851106
-0.555555556,-2.66666667,1.37752251
-0.444444444,-2.66666667,1.18531189
-0.333333333,-2.66666667,1.01572661
-0.222222222,-2.66666667,0.873113658
-0.111111111,-2.66666667,0.759053301
0,-2.66666667,0.672755726
0.111111111,-2.66666667,0.611616024
0.222222222,-2.66666667,0.571824494
0.333333333,-2.66666667,0.548947095
0.444444444,-2.66666667,0.538417886
0.555555556,-2.66666667,0.535913939
0.666666667,-2.66666667,0.537607839
0.777777778,-2.66666667,0.540310274
0.888888889,-2.66666667,0.54152461
1,-2.66666667,0.539437909
1.11111111,-2.66666667,0.532870662
1.22222222,-2.66666667,0.521202856
1.33333333,-2.66666667,0.50428878
1.44444444,-2.66666667,0.482368446
1.55555556,-2.66666667,0.455980257
1.66666667,-2.66666667,0.425877554
1.77777778,-2.66666667,0.392950784
1.88888889,-2.66666667,0.358156701
2,-2.66666667,0.322455973
2.11111111,-2.66666667,0.286760527
2.22222222,-2.66666667,0.251891699
2.33333333,-2.66666667,0.218549866
2.44444444,-2.66666667,0.187295618
2.55555556,-2.66666667,0.158541913
2.66666667,-2.66666667,0.132556023
2.77777778,-2.66666667,0.109469581
2.88888889,-2.66666667,0.0892947498
3,-2.66666667,0.0719443684
-3,-2.55555556,0.275282377
-2.88888889,-2.55555556,0.388036168
-2.77777778,-2.55555556,0.533645196
-2.66666667,-2.55555556,0.716014839
-2.55555556,-2.55555556,0.937310895
-2.44444444,-2.55555556,1.19713128
-2.33333333,-2.55555556,1.49177053
-2.22222222,-2.55555556,1.8137274
-2.11111111,-2.55555556,2.15160246
-2,-2.55555556,2.49049734
-1.88888889,-2.55555556,2.8129589
-1.77777778,-2.55555556,3.10041999
-1.66666667,-2.55555556,3.33499014
-1.55555556,-2.55555556,3.50136594
-1.44444444,-2.55555556,3.5885832
-1.33333333,-2.55555556,3.59133628
-1.22222222,-2.55555556,3.51064782
-1.11111111,-2.55555556,3.35377455
-1,-2.55555556,3.13336235
-0.888888889,-2.55555556,2.86598773
-0.777777778,-2.55555556,2.57031874
-0.666666667,-2.55555556,2.2651756
-0.555555556,-2.55555556,1.96776453
-0.444444444,-2.55555556,1.6923024
-0.333333333,-2.55555556,1.44916194
-0.222222222,-2.55555556,1.24456881
-0.111111111,-2.55555556,1.08079345
0,-2.55555556,0.956718388
0.111111111,-2.55555556,0.868631829
0.222222222,-2.55555556,0.811100225
0.333333333,-2.55555556,0.777797955
0.444444444,-2.55555556,0.762210976
0.555555556,-2.55555556,0.758172265
0.666666667,-2.55555556,0.760222126
0.777777778,-2.55555556,0.763811295
0.888888889,-2.55555556,0.765378258
1,-2.55555556,0.762335811
1.11111111,-2.55555556,0.752998777
1.22222222,-2.55555556,0.736478116
1.33333333,-2.55555556,0.71255918
1.44444444,-2.55555556,0.681575387
1.55555556,-2.55555556,0.644283869
1.66666667,-2.55555556,0.60174686
1.77777778,-2.55555556,0.555221215
1.88888889,-2.55555556,0.50605803
2,-2.55555556,0.455614262
2.11111111,-2.55555556,0.405178194
2.22222222,-2.55555556,0.355910212
2.33333333,-2.55555556,0.308799853
2.44444444,-2.55555556,0.264639173
2.55555556,-2.55555556,0.224011645
2.66666667,-2.55555556,0.187294903
2.77777778,-2.55555556,0.154674936
2.88888889,-2.55555556,0.126168928
3,-2.55555556,0.101653724
-3,-2.44444444,0.384187506
-2.88888889,-2.44444444,0.541548097
-2.77777778,-2.44444444,0.744761866
-2.66666667,-2.44444444,0.999279206
-2.55555556,-2.44444444,1.30812273
-2.44444444,-2.44444444,1.67073128
-2.33333333,-2.44444444,2.08193349
-2.22222222,-2.44444444,2.5312605
-2.11111111,-2.44444444,3.00280312
-2,-2.44444444,3.47576903
-1.88888889,-2.44444444,3.9258004
-1.77777778,-2.44444444,4.32698466
-1.66666667,-2.44444444,4.65435367
-1.55555556,-2.44444444,4.88654981
-1.44444444,-2.44444444,5.0082713
-1.33333333,-2.44444444,5.01211353
-1.22222222,-2.44444444,4.89950371
-1.11111111,-2.44444444,4.68056944
-1,-2.44444444,4.37295943
-0.888888889,-2.44444444,3.99980808
-0.777777778,-2.44444444,3.58716876
-0.666666667,-2.44444444,3.16130721
-0.555555556,-2.44444444,2.74623663
-0.444444444,-2.44444444,2.36179825
-0.333333333,-2.44444444,2.02246841
-0.222222222,-2.44444444,1.73693569
-0.111111111,-2.44444444,1.50836877
0,-2.44444444,1.33520807
0.111111111,-2.44444444,1.21227337
0.222222222,-2.44444444,1.13198155
0.333333333,-2.44444444,1.08550449
0.444444444,-2.44444444,1.06375111
0.555555556,-2.44444444,1.05811463
0.666666667,-2.44444444,1.06097544
0.777777778,-2.44444444,1.06598453
0.888888889,-2.44444444,1.06817141
1,-2.44444444,1.06392533
1.11111111,-2.44444444,1.05089445
1.22222222,-2.44444444,1.02783801
1.33333333,-2.44444444,0.994456446
1.44444444,-2.44444444,0.951215079
1.55555556,-2.44444444,0.899170573
1.66666667,-2.44444444,0.839805395
1.77777778,-2.44444444,0.774873627
1.88888889,-2.44444444,0.706260874
2,-2.44444444,0.635860926
2.11111111,-2.44444444,0.565471722
2.22222222,-2.44444444,0.496712715
2.33333333,-2.44444444,0.430964912
2.44444444,-2.44444444,0.369333718
2.55555556,-2.44444444,0.312633436
2.66666667,-2.44444444,0.261391094
2.77777778,-2.44444444,0.215866263
2.88888889,-2.44444444,0.176082924
3,-2.44444444,0.1418692
-3,-2.33333333,0.523105976
-2.88888889,-2.33333333,0.737367465
-2.77777778,-2.33333333,1.01406311
-2.66666667,-2.33333333,1.36061474
-2.55555556,-2.33333333,1.78113884
-2.44444444,-2.33333333,2.27487266
-2.33333333,-2.33333333,2.83477673
-2.22222222,-2.33333333,3.44659918
-2.11111111,-2.33333333,4.08868135
-2,-2.33333333,4.73271651
-1.88888889,-2.33333333,5.34554411
-1.77777778,-2.33333333,5.89188758
-1.66666667,-2.33333333,6.33775718
-1.55555556,-2.33333333,6.65408006
-1.44444444,-2.33333333,6.82002972
-1.33333333,-2.33333333,6.8255329
-1.22222222,-2.33333333,6.67254183
-1.11111111,-2.33333333,6.374855
-1,-2.33333333,5.95651092
-0.888888889,-2.33333333,5.44901614
-0.777777778,-2.33333333,4.88784972
-0.666666667,-2.33333333,4.30877735
-0.555555556,-2.33333333,3.7444944
-0.444444444,-2.33333333,3.22201178
-0.333333333,-2.33333333,2.76103119
-0.222222222,-2.33333333,2.37336899
-0.111111111,-2.33333333,2.0633208
0,-2.33333333,1.82873966
0.111111111,-2.33333333,1.66254472
0.222222222,-2.33333333,1.55438013
0.333333333,-2.33333333,1.49219291
0.444444444,-2.33333333,1.46357156
0.555555556,-2.33333333,1.45676512
0.666666667,-2.33333333,1.46136962
0.777777778,-2.33333333,1.4687156
0.888888889,-2.33333333,1.47201651
1,-2.33333333,1.46634427
1.11111111,-2.33333333,1.44849264
1.22222222,-2.33333333,1.41677625
1.33333333,-2.33333333,1.37079903
1.44444444,-2.33333333,1.31121338
1.55555556,-2.33333333,1.23948285
1.66666667,-2.33333333,1.15765522
1.77777778,-2.33333333,1.06815098
1.88888889,-2.33333333,0.973570852
2,-2.33333333,0.876526212
2.11111111,-2.33333333,0.779495929
2.22222222,-2.33333333,0.684712628
2.33333333,-2.33333333,0.594080128
2.44444444,-2.33333333,0.509122274
2.55555556,-2.33333333,0.430961602
2.66666667,-2.33333333,0.360324628
2.77777778,-2.33333333,0.297569172
2.88888889,-2.33333333,0.242728296
3,-2.33333333,0.195565069
-3,-2.22222222,0.694892987
-2.88888889,-2.22222222,0.979519803
-2.77777778,-2.22222222,1.3470865
-2.66666667,-2.22222222,1.80745393
-2.55555556,-2.22222222,2.36609293
-2.44444444,-2.22222222,3.02199382
-2.33333333,-2.22222222,3.76581032
-2.22222222,-2.22222222,4.57861677
-2.11111111,-2.22222222,5.43165034
-2,-2.22222222,6.28731908
-1.88888889,-2.22222222,7.10158556
-1.77777778,-2.22222222,7.82760395
-1.66666667,-2.22222222,8.42024033
-1.55555556,-2.22222222,8.8408947
-1.44444444,-2.22222222,9.06192345
-1.33333333,-2.22222222,9.06996898
-1.22222222,-2.22222222,8.867649
-1.11111111,-2.22222222,8.47331728
-1,-2.22222222,7.91892874
-0.888888889,-2.22222222,7.24635541
-0.777777778,-2.22222222,6.5027414
-0.666666667,-2.22222222,5.73560452
-0.555555556,-2.22222222,4.98837514
-0.444444444,-2.22222222,4.29692177
-0.333333333,-2.22222222,3.68739133
-0.222222222,-2.22222222,3.17544296
-0.111111111,-2.22222222,2.76673204
0,-2.22222222,2.45834311
0.111111111,-2.22222222,2.24079542
0.222222222,-2.22222222,2.10024914
0.333333333,-2.22222222,2.02060463
0.444444444,-2.22222222,1.98528464
0.555555556,-2.22222222,1.97859251
0.666666667,-2.22222222,1.98662863
0.777777778,-2.22222222,1.99780965
0.888888889,-2.22222222,2.00306951
1,-2.22222222,1.99582998
1.11111111,-2.22222222,1.97182117
1.22222222,-2.22222222,1.92881512
1.33333333,-2.22222222,1.86631761
1.44444444,-2.22222222,1.78524634
1.55555556,-2.22222222,1.68761251
1.66666667,-2.22222222,1.57621569
1.77777778,-2.22222222,1.45435822
1.88888889,-2.22222222,1.32558504
2,-2.22222222,1.19345387
2.11111111,-2.22222222,1.06134102
2.22222222,-2.22222222,0.932287013
2.33333333,-2.22222222,0.808884336
2.44444444,-2.22222222,0.693207975
2.55555556,-2.22222222,0.586786424
2.66666667,-2.22222222,0.49060892
2.77777778,-2.22222222,0.405162682
2.88888889,-2.22222222,0.33049273
3,-2.22222222,0.266276471
-3,-2.11111111,0.900592568
-2.88888889,-2.11111111,1.26947806
-2.77777778,-2.11111111,1.74585996
-2.66666667,-2.11111111,2.34252145
-2.55555556,-2.11111111,3.06655787
-2.44444444,-2.11111111,3.91666783
-2.33333333,-2.11111111,4.88074821
-2.22222222,-2.11111111,5.9342842
-2.11111111,-2.11111111,7.04001567
-2,-2.11111111,8.14924416
-1.88888889,-2.11111111,9.20492253
-1.77777778,-2.11111111,10.1463689
-1.66666667,-2.11111111,10.9151251
-1.55555556,-2.11111111,11.4612055
-1.44444444,-2.11111111,11.7488282
-1.33333333,-2.11111111,11.7607292
-1.22222222,-2.11111111,11.5003498
-1.11111111,-2.11111111,10.9915248
-1,-2.11111111,10.2757127
-0.888888889,-2.11111111,9.40721814
-0.777777778,-2.11111111,8.44716814
-0.666666667,-2.11111111,7.45716015
-0.555555556,-2.11111111,6.49347639
-0.444444444,-2.11111111,5.60257754
-0.333333333,-2.11111111,4.81830074
-0.222222222,-2.11111111,4.16086489
-0.111111111,-2.11111111,3.63749742
0,-2.11111111,3.24429261
0.111111111,-2.11111111,2.96881383
0.222222222,-2.11111111,2.7929577
0.333333333,-2.11111111,2.69568142
0.444444444,-2.11111111,2.65532049
0.555555556,-2.11111111,2.65135798
0.666666667,-2.11111111,2.66562135
0.777777778,-2.11111111,2.68296439
0.888888889,-2.11111111,2.69153541
1,-2.11111111,2.68274527
1.11111111,-2.11111111,2.65103851
1.22222222,-2.11111111,2.59354957
1.33333333,-2.11111111,2.50970191
1.44444444,-2.11111111,2.40078718
1.55555556,-2.11111111,2.26954643
1.66666667,-2.11111111,2.11976678
1.77777778,-2.11111111,1.9559026
1.88888889,-2.11111111,1.78272886
2,-2.11111111,1.60503441
2.11111111,-2.11111111,1.42736225
2.22222222,-2.11111111,1.25380263
2.33333333,-2.11111111,1.08784274
2.44444444,-2.11111111,0.932273456
2.55555556,-2.11111111,0.789150552
2.66666667,-2.11111111,0.659804492
2.77777778,-2.11111111,0.544890548
2.88888889,-2.11111111,0.444469283
3,-2.11111111,0.358106856
-3,-2,1.13873212
-2.88888889,-2,1.6051683
-2.77777778,-2,2.20753437
-2.66666667,-2,2.96199975
-2.55555556,-2,3.87754477
-2.44444444,-2,4.95253653
-2.33333333,-2,6.17168887
-2.22222222,-2,7.50402776
-2.11111111,-2,8.90247037
-2,-2,10.3054787
-1.88888889,-2,11.6409668
-1.77777778,-2,12.8322617
-1.66666667,-2,13.8055108
-1.55555556,-2,14.4975827
-1.44444444,-2,14.8633125
-1.33333333,-2,14.8809548
-1.22222222,-2,14.5549468
-1.11111111,-2,13.9155103
-1,-2,13.0151446
-0.888888889,-2,11.9225804
-0.777777778,-2,10.7151568
-0.666666667,-2,9.47078306
-0.555555556,-2,8.26061635
-0.444444444,-2,7.14335783
-0.333333333,-2,6.16170463
-0.222222222,-2,5.34108894
-0.111111111,-2,4.69046972
0,-2,4.20468447
0.111111111,-2,3.86774498
0.222222222,-2,3.65646739
0.333333333,-2,3.54393236
0.444444444,-2,3.50242973
0.555555556,-2,3.50571135
0.666666667,-2,3.53052062
0.777777778,-2,3.55747034
0.888888889,-2,3.57139556
1,-2,3.56132386
1.11111111,-2,3.5201928
1.22222222,-2,3.4444176
1.33333333,-2,3.33338195
1.44444444,-2,3.18889907
1.55555556,-2,3.01467154
1.66666667,-2,2.81576759
1.77777778,-2,2.59812646
1.88888889,-2,2.36810383
2,-2,2.13206817
2.11111111,-2,1.89605808
2.22222222,-2,1.66550896
2.33333333,-2,1.4450541
2.44444444,-2,1.23840132
2.55555556,-2,1.04828169
2.66666667,-2,0.876462683
2.77777778,-2,0.723814783
2.88888889,-2,0.590418467
3,-2,0.475697446
-3,-1.88888889,1.40474803
-2.88888889,-1.88888889,1.98016
-2.77777778,-1.88888889,2.7232703
-2.66666667,-1.88888889,3.65403536
-2.55555556,-1.88888889,4.7835478
-2.44444444,-1.88888889,6.1098138
-2.33333333,-1.88888889,7.61400451
-2.22222222,-1.88888889,9.25794777
-2.11111111,-1.88888889,10.9836106
-2,-1.88888889,12.7151404
-1.88888889,-1.88888889,14.3636864
-1.77777778,-1.88888889,15.8347533
-1.66666667,-1.88888889,17.0373394
-1.55555556,-1.88888889,17.8936824
-1.44444444,-1.88888889,18.3481946
-1.33333333,-1.88888889,18.3741871
-1.22222222,-1.88888889,17.9772738
-1.11111111,-1.88888889,17.194874
-1,-1.88888889,16.0918788
-0.888888889,-1.88888889,14.7531832
-0.777777778,-1.88888889,13.2742724
-0.666666667,-1.88888889,11.7512947
-0.555555556,-1.88888889,10.2720179
-0.444444444,-1.88888889,8.90878297
-0.333333333,-1.88888889,7.71411896
-0.222222222,-1.88888889,6.71918221
-0.111111111,-1.88888889,5.93473181
0,-1.88888889,5.35403418
0.111111111,-1.88888889,4.95693737
0.222222222,-1.88888889,4.71436326
0.333333333,-1.88888889,4.59259492
0.444444444,-1.88888889,4.55693216
0.555555556,-1.88888889,4.57449625
0.666666667,-1.88888889,4.61614327
0.777777778,-1.88888889,4.65757247
0.888888889,-1.88888889,4.67978386
1,-1.88888889,4.66905907
1.11111111,-1.88888889,4.61662393
1.22222222,-1.88888889,4.51811901
1.33333333,-1.88888889,4.37296766
1.44444444,-1.88888889,4.18370014
1.55555556,-1.88888889,3.95526986
1.66666667,-1.88888889,3.69438492
1.77777778,-1.88888889,3.40887246
1.88888889,-1.88888889,3.10709138
2,-1.88888889,2.79740857
2.11111111,-1.88888889,2.48775307
2.22222222,-1.88888889,2.18525961
2.33333333,-1.88888889,1.89600901
2.44444444,-1.88888889,1.62486698
2.55555556,-1.88888889,1.37541726
2.66666667,-1.88888889,1.14997905
2.77777778,-1.88888889,0.949694583
2.88888889,-1.88888889,0.774669491
3,-1.88888889,0.624147654
-3,-1.77777778,1.69067491
-2.88888889,-1.77777778,2.38322817
-2.77777778,-1.77777778,3.27763561
-2.66666667,-1.77777778,4.3979307
-2.55555556,-1.77777778,5.75748621
-2.44444444,-1.77777778,7.35393421
-2.33333333,-1.77777778,9.16465702
-2.22222222,-1.77777778,11.143771
-2.11111111,-1.77777778,13.2215062
-2,-1.77777778,15.3066653
-1.88888889,-1.77777778,17.2924283
-1.77777778,-1.77777778,19.0652038
-1.66666667,-1.77777778,20.5156273
-1.55555556,-1.77777778,21.5502887
-1.44444444,-1.77777778,22.1024842
-1.33333333,-1.77777778,22.1403034
-1.22222222,-1.77777778,21.6707194
-1.11111111,-1.77777778,20.7389803
-1,-1.77777778,19.4233826
-0.888888889,-1.77777778,17.8262686
-0.777777778,-1.77777778,16.0626811
-0.666666667,-1.77777778,14.2483988
-0.555555556,-1.77777778,12.4890353
-0.444444444,-1.77777778,10.871543
-0.333333333,-1.77777778,9.45892253
-0.222222222,-1.77777778,8.28833661
-0.111111111,-1.77777778,7.3722818
0,-1.77777778,6.70208966
0.111111111,-1.77777778,6.25284379
0.222222222,-1.77777778,5.98880801
0.333333333,-1.77777778,5.86861578
0.444444444,-1.77777778,5.84970528
0.555555556,-1.77777778,5.89173452
0.666666667,-1.77777778,5.95892524
0.777777778,-1.77777778,6.02143599
0.888888889,-1.77777778,6.05594757
1,-1.77777778,6.04566693
1.11111111,-1.77777778,5.97993831
1.22222222,-1.77777778,5.85361194
1.33333333,-1.77777778,5.66627766
1.44444444,-1.77777778,5.42143436
1.55555556,-1.77777778,5.12564003
1.66666667,-1.77777778,4.78767279
1.77777778,-1.77777778,4.41772649
1.88888889,-1.77777778,4.02666276
2,-1.77777778,3.62534087
2.11111111,-1.77777778,3.22404529
2.22222222,-1.77777778,2.83202699
2.33333333,-1.77777778,2.45716884
2.44444444,-1.77777778,2.10577782
2.55555556,-1.77777778,1.78249889
2.66666667,-1.77777778,1.49033795
2.77777778,-1.77777778,1.23077541
2.88888889,-1.77777778,1.00394821
3,-1.77777778,0.808876475
-3,-1.66666667,1.98521788
-2.88888889,-1.66666667,2.79845498
-2.77777778,-1.66666667,3.84874517
-2.66666667,-1.66666667,5.16433131
-2.55555556,-1.66666667,6.76094899
-2.44444444,-1.66666667,8.63586486
-2.33333333,-1.66666667,10.7625857
-2.22222222,-1.66666667,13.0873206
-2.11111111,-1.66666667,15.528256
-2,-1.66666667,17.9784473
-1.88888889,-1.66666667,20.3126361
-1.77777778,-1.66666667,22.3976463
-1.66666667,-1.66666667,24.1052973
-1.55555556,-1.66666667,25.3261737
-1.44444444,-1.66666667,25.9822448
-1.33333333,-1.66666667,26.0363538
-1.22222222,-1.66666667,25.4970097
-1.11111111,-1.66666667,24.4176596
-1,-1.66666667,22.8905326
-0.888888889,-1.66666667,21.0360495
-0.777777778,-1.66666667,18.9894767
-0.666666667,-1.66666667,16.8868528
-0.555555556,-1.66666667,14.8521633
-0.444444444,-1.66666667,12.9873408
-0.333333333,-1.66666667,11.366035
-0.222222222,-1.66666667,10.0313853
-0.111111111,-1.66666667,8.9973937
0,-1.66666667,8.25304411
0.111111111,-1.66666667,7.76809571
0.222222222,-1.66666667,7.49948912
0.333333333,-1.66666667,7.39748332
0.444444444,-1.66666667,7.41091614
0.555555556,-1.66666667,7.49127309
0.666666667,-1.66666667,7.59550028
0.777777778,-1.66666667,7.6876752
0.888888889,-1.66666667,7.73974532
1,-1.66666667,7.73157282
1.11111111,-1.66666667,7.65050357
1.22222222,-1.66666667,7.49063457
1.33333333,-1.66666667,7.25190553
1.44444444,-1.66666667,6.93909812
1.55555556,-1.66666667,6.56079799
1.66666667,-1.66666667,6.12835839
1.77777778,-1.66666667,5.65489719
1.88888889,-1.66666667,5.15435765
2,-1.66666667,4.64066251
2.11111111,-1.66666667,4.12698853
2.22222222,-1.66666667,3.62518386
2.33333333,-1.66666667,3.14534235
2.44444444,-1.66666667,2.69553894
2.55555556,-1.66666667,2.28172029
2.66666667,-1.66666667,1.90773449
2.77777778,-1.66666667,1.57547675
2.88888889,-1.66666667,1.28512244
3,-1.66666667,1.03541727
-3,-1.55555556,2.27428414
-2.88888889,-1.55555556,3.20597898
-2.77777778,-1.55555556,4.40929096
-2.66666667,-1.55555556,5.91660745
-2.55555556,-1.55555556,7.74600278
-2.44444444,-1.55555556,9.89441326
-2.33333333,-1.55555556,12.3315811
-2.22222222,-1.55555556,14.9960068
-2.11111111,-1.55555556,17.7941248
-2,-1.55555556,20.6036195
-1.88888889,-1.55555556,23.2812405
-1.77777778,-1.55555556,25.6747136
-1.66666667,-1.55555556,27.6375348
-1.55555556,-1.55555556,29.0447414
-1.44444444,-1.55555556,29.8073632
-1.33333333,-1.55555556,29.8832824
-1.22222222,-1.55555556,29.2827084
-1.11111111,-1.55555556,28.0673236
-1,-1.55555556,26.343207
-0.888888889,-1.55555556,24.2486705
-0.777777778,-1.55555556,21.9389373
-0.666666667,-1.55555556,19.5699825
-0.555555556,-1.55555556,17.2838051
-0.444444444,-1.55555556,15.1969388
-0.333333333,-1.55555556,13.3932882
-0.222222222,-1.55555556,11.9215591
-0.111111111,-1.55555556,10.7968282
0,-1.55555556,10.0052725
0.111111111,-1.55555556,9.51083535
0.222222222,-1.55555556,9.26261161
0.333333333,-1.55555556,9.20194054
0.444444444,-1.55555556,9.26850798
0.555555556,-1.55555556,9.40509194
0.666666667,-1.55555556,9.56087251
0.777777778,-1.55555556,9.69342954
0.888888889,-1.55555556,9.76966258
1,-1.55555556,9.76589965
1.11111111,-1.55555556,9.66744012
1.22222222,-1.55555556,9.46772824
1.33333333,-1.55555556,9.16729998
1.44444444,-1.55555556,8.77260003
1.55555556,-1.55555556,8.29473538
1.66666667,-1.55555556,7.74821428
1.77777778,-1.55555556,7.14971344
1.88888889,-1.55555556,6.51691443
2,-1.55555556,5.86744973
2.11111111,-1.55555556,5.21799529
2.22222222,-1.55555556,4.58353978
2.33333333,-1.55555556,3.97684965
2.44444444,-1.55555556,3.40813671
2.55555556,-1.55555556,2.88492067
2.66666667,-1.55555556,2.41206741
2.77777778,-1.55555556,1.99197336
2.88888889,-1.55555556,1.62486036
3,-1.55555556,1.30914258
-3,-1.44444444,2.54198206
-2.88888889,-1.44444444,3.58340322
-2.77777778,-1.44444444,4.92847807
-2.66666667,-1.44444444,6.61345103
-2.55555556,-1.44444444,8.6585902
-2.44444444,-1.44444444,11.0605657
-2.33333333,-1.44444444,13.7856883
-2.22222222,-1.44444444,16.7653927
-2.11111111,-1.44444444,19.8953238
-2,-1.44444444,23.0390505
-1.88888889,-1.44444444,26.036805
-1.77777778,-1.44444444,28.7187997
-1.66666667,-1.44444444,30.9217617
-1.55555556,-1.44444444,32.5065567
-1.44444444,-1.44444444,33.3743318
-1.33333333,-1.44444444,33.4786392
-1.22222222,-1.44444444,32.8315342
-1.11111111,-1.44444444,31.5025925
-1,-1.44444444,29.6109656
-0.888888889,-1.44444444,27.3117442
-0.777777778,-1.44444444,24.7787861
-0.666666667,-1.44444444,22.1866047
-0.555555556,-1.44444444,19.6938572
-0.444444444,-1.44444444,17.4304574
-0.333333333,-1.44444444,15.4895304
-0.222222222,-1.44444444,13.9245173
-0.111111111,-1.44444444,12.7509226
0,-1.44444444,11.951617
0.111111111,-1.44444444,11.4843275
0.222222222,-1.44444444,11.2899568
0.333333333,-1.44444444,11.3005977
0.444444444,-1.44444444,11.4464599
0.555555556,-1.44444444,11.6612915
0.666666667,-1.44444444,11.8862006
0.777777778,-1.44444444,12.0720047
0.888888889,-1.44444444,12.1803625
1,-1.44444444,12.1839752
1.11111111,-1.44444444,12.066127
1.22222222,-1.44444444,11.8197792
1.33333333,-1.44444444,11.4463758
1.44444444,-1.44444444,10.9544698
1.55555556,-1.44444444,10.3582505
1.66666667,-1.44444444,9.6760309
1.77777778,-1.44444444,8.92875278
1.88888889,-1.44444444,8.13856383
2,-1.44444444,7.32752115
2.11111111,-1.44444444,6.51647044
2.22222222,-1.44444444,5.72414073
2.33333333,-1.44444444,4.96648078
2.44444444,-1.44444444,4.25624621
2.55555556,-1.44444444,3.6028293
2.66666667,-1.44444444,3.0123074
2.77777778,-1.44444444,2.48767358
2.88888889,-1.44444444,2.02920499
3,-1.44444444,1.63492121
-3,-1.33333333,2.77201179
-2.88888889,-1.33333333,3.90775499
-2.77777778,-1.33333333,5.37471937
-2.66666667,-1.33333333,7.21249023
-2.55555556,-1.33333333,9.44326014
-2.44444444,-1.33333333,12.0635266
-2.33333333,-1.33333333,15.0367285
-2.22222222,-1.33333333,18.2883322
-2.11111111,-1.33333333,21.7048441
-2,-1.33333333,25.1378705
-1.88888889,-1.33333333,28.4136549
-1.77777778,-1.33333333,31.3476038
-1.66666667,-1.33333333,33.7623174
-1.55555556,-1.33333333,35.5068025
-1.44444444,-1.33333333,36.4740641
-1.33333333,-1.33333333,36.6143058
-1.22222222,-1.33333333,35.9415514
-1.11111111,-1.33333333,34.5325346
-1,-1.33333333,32.5179879
-0.888888889,-1.33333333,30.0677158
-0.777777778,-1.33333333,27.371804
-0.666666667,-1.33333333,24.6208021
-0.555555556,-1.33333333,21.9876484
-0.444444444,-1.33333333,19.6135541
-0.333333333,-1.33333333,17.5991787
-0.222222222,-1.33333333,16.00144
-0.111111111,-1.33333333,14.8354113
0,-1.33333333,14.0801259
0.111111111,-1.33333333,13.6867991
0.222222222,-1.33333333,13.5879885
0.333333333,-1.33333333,13.7064526
0.444444444,-1.33333333,13.962848
0.555555556,-1.33333333,14.2818022
0.666666667,-1.33333333,14.5962469
0.777777778,-1.33333333,14.8501397
0.888888889,-1.33333333,14.9998376
1,-1.33333333,15.0144266
1.11111111,-1.33333333,14.8752907
1.22222222,-1.33333333,14.5751474
1.33333333,-1.33333333,14.1167218
1.44444444,-1.33333333,13.5111799
1.55555556,-1.33333333,12.7764125
1.66666667,-1.33333333,11.935246
1.77777778,-1.33333333,11.013653
1.88888889,-1.33333333,10.0390338
2,-1.33333333,9.03864126
2.11111111,-1.33333333,8.03821336
2.22222222,-1.33333333,7.06086564
2.33333333,-1.33333333,6.12627783
2.44444444,-1.33333333,5.25018756
2.55555556,-1.33333333,4.44418201
2.66666667,-1.33333333,3.71575848
2.77777778,-1.33333333,3.06860933
2.88888889,-1.33333333,2.50307658
3,-1.33333333,2.01671742
-3,-1.22222222,2.94928864
-2.88888889,-1.22222222,4.15777389
-2.77777778,-1.22222222,5.71878147
-2.66666667,-1.22222222,7.6745096
-2.55555556,-1.22222222,10.0486904
-2.44444444,-1.22222222,12.8377688
-2.33333333,-1.22222222,16.0030813
-2.22222222,-1.22222222,19.4656417
-2.11111111,-1.22222222,23.1051045
-2,-1.22222222,26.7640966
-1.88888889,-1.22222222,30.2583739
-1.77777778,-1.22222222,33.3922817
-1.66666667,-1.22222222,35.9779381
-1.55555556,-1.22222222,37.8556681
-1.44444444,-1.22222222,38.912704
-1.33333333,-1.22222222,39.0972032
-1.22222222,-1.22222222,38.4252548
-1.11111111,-1.22222222,36.9796481
-1,-1.22222222,34.90054
-0.888888889,-1.22222222,32.3694987
-0.777777778,-1.22222222,29.5894267
-0.666666667,-1.22222222,26.7633841
-0.555555556,-1.22222222,24.0752677
-0.444444444,-1.22222222,21.6747084
-0.333333333,-1.22222222,19.6676143
-0.222222222,-1.22222222,18.1127328
-0.111111111,-1.22222222,17.0236584
0,-1.22222222,16.3750365
0.111111111,-1.22222222,16.111385
0.222222222,-1.22222222,16.1569563
0.333333333,-1.22222222,16.4253216
0.444444444,-1.22222222,16.8277511
0.555555556,-1.22222222,17.2798896
0.666666667,-1.22222222,17.7065876
0.777777778,-1.22222222,18.0450094
0.888888889,-1.22222222,18.246281
1,-1.22222222,18.2759868
1.11111111,-1.22222222,18.1138037
1.22222222,-1.22222222,17.7525073
1.33333333,-1.22222222,17.1965295
1.44444444,-1.22222222,16.4601992
1.55555556,-1.22222222,15.5657713
1.66666667,-1.22222222,14.5413363
1.77777778,-1.22222222,13.4187042
1.88888889,-1.22222222,12.231354
2,-1.22222222,11.0125433
2.11111111,-1.22222222,9.79365964
2.22222222,-1.22222222,8.60288172
2.33333333,-1.22222222,7.46419485
2.44444444,-1.22222222,6.39677742
2.55555556,-1.22222222,5.414749
2.66666667,-1.22222222,4.52724509
2.77777778,-1.22222222,3.73876483
2.88888889,-1.22222222,3.0497251
3,-1.22222222,2.45714966
-3,-1.11111111,3.06157888
-2.88888889,-1.11111111,4.31621716
-2.77777778,-1.11111111,5.93695454
-2.66666667,-1.11111111,7.96770198
-2.55555556,-1.11111111,10.4332522
-2.44444444,-1.11111111,13.3301381
-2.33333333,-1.11111111,16.618532
-2.22222222,-1.11111111,20.21685
-2.11111111,-1.11111111,24.0006949
-2,-1.11111111,27.8073678
-1.88888889,-1.11111111,31.4464247
-1.77777778,-1.11111111,34.7157322
-1.66666667,-1.11111111,37.421381
-1.55555556,-1.11111111,39.3988883
-1.44444444,-1.11111111,40.5325885
-1.33333333,-1.11111111,40.7701503
-1.22222222,-1.11111111,40.1298002
-1.11111111,-1.11111111,38.6989769
-1,-1.11111111,36.6245619
-0.888888889,-1.11111111,34.0962164
-0.777777778,-1.11111111,31.3254287
-0.666666667,-1.11111111,28.5234141
-0.555555556,-1.11111111,25.8809386
-0.444444444,-1.11111111,23.5525331
-0.333333333,-1.11111111,21.6465869
-0.222222222,-1.11111111,20.221722
-0.111111111,-1.11111111,19.2888635
0,-1.11111111,18.8177169
0.111111111,-1.11111111,18.7460199
0.222222222,-1.11111111,18.9899333
0.333333333,-1.11111111,19.4541956
0.444444444,-1.11111111,20.0410733
0.555555556,-1.11111111,20.657569
0.666666667,-1.11111111,21.220725
0.777777778,-1.11111111,21.6611264
0.888888889,-1.11111111,21.9248552
1,-1.11111111,21.9741965
1.11111111,-1.11111111,21.7873795
1.22222222,-1.11111111,21.3575878
1.33333333,-1.11111111,20.6914217
1.44444444,-1.11111111,19.8069505
1.55555556,-1.11111111,18.7314771
1.66666667,-1.11111111,17.4991248
1.77777778,-1.11111111,16.1483629
1.88888889,-1.11111111,14.7195898
2,-1.11111111,13.252889
2.11111111,-1.11111111,11.7860664
2.22222222,-1.11111111,10.3530503
2.33333333,-1.11111111,8.98271461
2.44444444,-1.11111111,7.6981436
2.55555556,-1.11111111,6.51633145
2.66666667,-1.11111111,5.44827321
2.77777778,-1.11111111,4.49938376
2.88888889,-1.11111111,3.67016501
3,-1.11111111,2.95703531
-3,-1,3.10090232
-2.88888889,-1,4.37183654
-2.77777778,-1,6.01377038
-2.66666667,-1,8.07131454
-2.55555556,-1,10.569781
-2.44444444,-1,13.5059443
-2.33333333,-1,16.8398587
-2.22222222,-1,20.4894169
-2.11111111,-1,24.3293021
-2,-1,28.1955781
-1.88888889,-1,31.8963976
-1.77777778,-1,35.2282729
-1.66666667,-1,37.9962449
-1.55555556,-1,40.0353451
-1.44444444,-1,41.2302081
-1.33333333,-1,41.529731
-1.22222222,-1,40.9543251
-1.11111111,-1,39.5944688
-1,-1,37.6007062
-0.888888889,-1,35.1666444
-0.777777778,-1,32.5075897
-0.666666667,-1,29.8380123
-0.555555556,-1,27.3509595
-0.444444444,-1,25.2019266
-0.333333333,-1,23.4987104
-0.222222222,-1,22.2976637
-0.111111111,-1,21.6057737
0,-1,21.3872709
0.111111111,-1,21.5731206
0.222222222,-1,22.0717428
0.333333333,-1,22.7795612
0.444444444,-1,23.5903889
0.555555556,-1,24.4030851
0.666666667,-1,25.1272963
0.777777778,-1,25.6873587
0.888888889,-1,26.0245888
1,-1,26.0982419
1.11111111,-1,25.8854052
1.22222222,-1,25.3800495
1.33333333,-1,24.5914179
1.44444444,-1,23.5419
1.55555556,-1,22.2645247
1.66666667,-1,20.8002042
1.77777778,-1,19.1948738
1.88888889,-1,17.4966733
2,-1,15.7533156
2.11111111,-1,14.0097753
2.22222222,-1,12.3064014
2.33333333,-1,10.677525
2.44444444,-1,9.15059061
2.55555556,-1,7.74580122
2.66666667,-1,6.47622741
2.77777778,-1,5.34830623
2.88888889,-1,4.36263447
3,-1,3.51495485
-3,-0.888888889,3.06447862
-2.88888889,-0.888888889,4.32071183
-2.77777778,-0.888888889,5.94383592
-2.66666667,-0.888888889,7.97810816
-2.55555556,-0.888888889,10.4487955
-2.44444444,-0.888888889,13.3530699
-2.33333333,-0.888888889,16.651949
-2.22222222,-0.888888889,20.2649491
-2.11111111,-0.888888889,24.0690773
-2,-0.888888889,27.9033941
-1.88888889,-0.888888889,31.5796155
-1.77777778,-0.888888889,34.8982043
-1.66666667,-0.888888889,37.6683016
-1.55555556,-0.888888889,39.7289205
-1.44444444,-0.888888889,40.9682946
-1.33333333,-0.888888889,41.3383086
-1.22222222,-0.888888889,40.8615849
-1.11111111,-0.888888889,39.6299469
-1,-0.888888889,37.7944018
-0.888888889,-0.888888889,35.5481791
-0.777777778,-0.888888889,33.1054404
-0.666666667,-0.888888889,30.6788176
-0.555555556,-0.888888889,28.4588778
-0.444444444,-0.888888889,26.5980084
-0.333333333,-0.888888889,25.2002466
-0.222222222,-0.888888889,24.317486
-0.111111111,-0.888888889,23.9515086
0,-0.888888889,24.0605753
0.111111111,-0.888888889,24.568959
0.222222222,-0.888888889,25.3777831
0.333333333,-0.888888889,26.3757795
0.444444444,-0.888888889,27.4489649
0.555555556,-0.888888889,28.4886568
0.666666667,-0.888888889,29.3976103
0.777777778,-0.888888889,30.0943197
0.888888889,-0.888888889,30.5156738
1,-0.888888889,30.6182088
1.11111111,-0.888888889,30.378198
1.22222222,-0.888888889,29.7907811
1.33333333,-0.888888889,28.868307
1.44444444,-0.888888889,27.6380383
1.55555556,-0.888888889,26.1393688
1.66666667,-0.888888889,24.4207087
1.77777778,-0.888888889,22.5362128
1.88888889,-0.888888889,20.5425288
2,-0.888888889,18.4957475
2.11111111,-0.888888889,16.4487115
2.22222222,-0.888888889,14.4488144
2.33333333,-0.888888889,12.5363743
2.44444444,-0.888888889,10.7436189
2.55555556,-0.888888889,9.09427064
2.66666667,-0.888888889,7.60367676
2.77777778,-0.888888889,6.27939547
2.88888889,-0.888888889,5.12212772
3,-0.888888889,4.12687515
-3,-0.777777778,2.95506097
-2.88888889,-0.777777778,4.16672115
-2.77777778,-0.777777778,5.73247979
-2.66666667,-0.777777778,7.69522451
-2.55555556,-0.777777778,10.0796316
-2.44444444,-0.777777778,12.8834176
-2.33333333,-0.777777778,16.0696025
-2.22222222,-0.777777778,19.5613895
-2.11111111,-0.777777778,23.241229
-2,-0.777777778,26.9552499
-1.88888889,-0.777777778,30.5235082
-1.77777778,-0.777777778,33.7555171
-1.66666667,-0.777777778,36.4694667
-1.55555556,-0.777777778,38.5126416
-1.44444444,-0.777777778,39.7800357
-1.33333333,-0.777777778,40.2281988
-1.22222222,-0.777777778,39.8819711
-1.11111111,-0.777777778,38.8328697
-1,-0.777777778,37.2292642
-0.888888889,-0.777777778,35.2598267
-0.777777778,-0.777777778,33.1327805
-0.666666667,-0.777777778,31.054006
-0.555555556,-0.777777778,29.2070039
-0.444444444,-0.777777778,27.7371384
-0.333333333,-0.777777778,26.741654
-0.222222222,-0.777777778,26.2659044
-0.111111111,-0.777777778,26.3052833
0,-0.777777778,26.8116544
0.111111111,-0.777777778,27.7027317
0.222222222,-0.777777778,28.8728343
0.333333333,-0.777777778,30.2036694
0.444444444,-0.777777778,31.57416
0.555555556,-0.777777778,32.8687276
0.666666667,-0.777777778,33.9837822
0.777777778,-0.777777778,34.8324197
0.888888889,-0.777777778,35.3474656
1,-0.777777778,35.4830609
1.11111111,-0.777777778,35.2149884
1.22222222,-0.777777778,34.5399177
1.33333333,-0.777777778,33.4737241
1.44444444,-0.777777778,32.0490372
1.55555556,-0.777777778,30.3121802
1.66666667,-0.777777778,28.3196841
1.77777778,-0.777777778,26.1345822
1.88888889,-0.777777778,23.8227008
2,-0.777777778,21.4491613
2.11111111,-0.777777778,19.0752845
2.22222222,-0.777777778,16.7560533
2.33333333,-0.777777778,14.5382345
2.44444444,-0.777777778,12.4592074
2.55555556,-0.777777778,10.5464852
2.66666667,-0.777777778,8.81786701
2.77777778,-0.777777778,7.28211858
2.88888889,-0.777777778,5.94005302
3,-0.777777778,4.7858739
-3,-0.666666667,2.78060138
-2.88888889,-0.666666667,3.92106908
-2.77777778,-0.666666667,5.39510333
-2.66666667,-0.666666667,7.24331532
-2.55555556,-0.666666667,9.48930258
-2.44444444,-0.666666667,12.1314549
-2.33333333,-0.666666667,15.1357163
-2.22222222,-0.666666667,18.430811
-2.11111111,-0.666666667,21.9074059
-2,-0.666666667,25.4223187
-1.88888889,-0.666666667,28.8081914
-1.77777778,-0.666666667,31.888121
-1.66666667,-0.666666667,34.4937431
-1.55555556,-0.666666667,36.4844206
-1.44444444,-0.666666667,37.7647084
-1.33333333,-0.666666667,38.2972987
-1.22222222,-0.666666667,38.1092372
-1.11111111,-0.666666667,37.2902453
-1,-0.666666667,35.9832766
-0.888888889,-0.666666667,34.3687061
-0.777777778,-0.666666667,32.6445381
-0.666666667,-0.666666667,31.0055184
-0.555555556,-0.666666667,29.6239957
-0.444444444,-0.666666667,28.6348325
-0.333333333,-0.666666667,28.1257961
-0.222222222,-0.666666667,28.1338738
-0.111111111,-0.666666667,28.647055
0,-0.666666667,29.6104722
0.111111111,-0.666666667,30.9354547
0.222222222,-0.666666667,32.5100174
0.333333333,-0.666666667,34.2095037
0.444444444,-0.666666667,35.9064352
0.555555556,-0.666666667,37.4789771
0.666666667,-0.666666667,38.8177399
0.777777778,-0.666666667,39.830866
0.888888889,-0.666666667,40.4474798
1,-0.666666667,40.6196389
1.11111111,-0.666666667,40.3229329
1.22222222,-0.666666667,39.5558736
1.33333333,-0.666666667,38.3382148
1.44444444,-0.666666667,36.7083549
1.55555556,-0.666666667,34.7199998
1.66666667,-0.666666667,32.4382972
1.77777778,-0.666666667,29.935682
1.88888889,-0.666666667,27.2876894
2,-0.666666667,24.5689875
2.11111111,-0.666666667,21.8498571
2.22222222,-0.666666667,19.1932995
2.33333333,-0.666666667,16.6528953
2.44444444,-0.666666667,14.271466
2.55555556,-0.666666667,12.0805293
2.66666667,-0.666666667,10.1004747
2.77777778,-0.666666667,8.34134337
2.88888889,-0.666666667,6.80406696
3,-0.666666667,5.48200607
-3,-0.555555556,2.55330358
-2.88888889,-0.555555556,3.60095187
-2.77777778,-0.555555556,4.95534518
-2.66666667,-0.555555556,6.65408006
-2.55555556,-0.555555556,8.71927647
-2.44444444,-0.555555556,11.1500987
-2.33333333,-0.555555556,13.9161591
-2.22222222,-0.555555556,16.9531869
-2.11111111,-0.555555556,20.1623106
-2,-0.555555556,23.4139677
-1.88888889,-0.555555556,26.5568242
-1.77777778,-0.555555556,29.4312288
-1.66666667,-0.555555556,31.8858179
-1.55555556,-0.555555556,33.795107
-1.44444444,-0.555555556,35.0754667
-1.33333333,-0.555555556,35.6969094
-1.22222222,-0.555555556,35.6886542
-1.11111111,-0.555555556,35.1373953
-1,-0.555555556,34.1783921
-0.888888889,-0.555555556,32.9806681
-0.777777778,-0.555555556,31.7285175
-0.666666667,-0.555555556,30.6019851
-0.555555556,-0.555555556,29.758951
-0.444444444,-0.555555556,29.3209608
-0.333333333,-0.555555556,29.3641471
-0.222222222,-0.555555556,29.9156817
-0.111111111,-0.555555556,30.9553709
0,-0.555555556,32.4214026
0.111111111,-0.555555556,34.2189322
0.222222222,-0.555555556,36.2301526
0.333333333,-0.555555556,38.324661
0.444444444,-0.555555556,40.3692231
0.555555556,-0.555555556,42.236347
0.666666667,-0.555555556,43.8113592
0.777777778,-0.555555556,44.9978714
0.888888889,-0.555555556,45.7216482
1,-0.555555556,45.9329461
1.11111111,-0.555555556,45.6074126
1.22222222,-0.555555556,44.7456459
1.33333333,-0.555555556,43.3715344
1.44444444,-0.555555556,41.5295252
1.55555556,-0.555555556,39.2810137
1.66666667,-0.555555556,36.7000942
1.77777778,-0.555555556,33.8689486
1.88888889,-0.555555556,30.8731685
2,-0.555555556,27.7973068
2.11111111,-0.555555556,24.7209187
2.22222222,-0.555555556,21.7153051
2.33333333,-0.555555556,18.8410975
2.44444444,-0.555555556,16.1467496
2.55555556,-0.555555556,13.6679231
2.66666667,-0.555555556,11.4276878
2.77777778,-0.555555556,9.43740499
2.88888889,-0.555555556,7.69812887
3,-0.555555556,6.20234775
-3,-0.444444444,2.28821993
-2.88888889,-0.444444444,3.22757982
-2.77777778,-0.444444444,4.442362
-2.66666667,-0.444444444,5.96661821
-2.55555556,-0.444444444,7.82070223
-2.44444444,-0.444444444,10.0046204
-2.33333333,-0.444444444,12.4921792
-2.22222222,-0.444444444,15.2271651
-2.11111111,-0.444444444,18.1227619
-2,-0.444444444,21.0651095
-1.88888889,-0.444444444,23.9213382
-1.77777778,-0.444444444,26.5516511
-1.66666667,-0.444444444,28.8242031
-1.55555556,-0.444444444,30.6308333
-1.44444444,-0.444444444,31.9013103
-1.33333333,-0.444444444,32.6137774
-1.22222222,-0.444444444,32.7995711
-1.11111111,-0.444444444,32.5414454
-1,-0.444444444,31.9653063
-0.888888889,-0.444444444,31.2266159
-0.777777778,-0.444444444,30.4934437
-0.666666667,-0.444444444,29.9285737
-0.555555556,-0.444444444,29.673048
-0.444444444,-0.444444444,29.8330999
-0.333333333,-0.444444444,30.4717178
-0.222222222,-0.444444444,31.6052723
-0.111111111,-0.444444444,33.2048986
0,-0.444444444,35.2017734
0.111111111,-0.444444444,37.4951287
0.222222222,-0.444444444,39.9617932
0.333333333,-0.444444444,42.4661793
0.444444444,-0.444444444,44.8698788
0.555555556,-0.444444444,47.0402888
0.666666667,-0.444444444,48.8579273
0.777777778,-0.444444444,50.2222677
0.888888889,-0.444444444,51.0560272
1,-0.444444444,51.3079066
1.11111111,-0.444444444,50.9538048
1.22222222,-0.444444444,49.9965664
1.33333333,-0.444444444,48.4643548
1.44444444,-0.444444444,46.4077969
1.55555556,-0.444444444,43.8961062
1.66666667,-0.444444444,41.012453
1.77777778,-0.444444444,37.848895
1.88888889,-0.444444444,34.5012078
2,-0.444444444,31.0639506
2.11111111,-0.444444444,27.6260657
2.22222222,-0.444444444,24.2672529
2.33333333,-0.444444444,21.0552793
2.44444444,-0.444444444,18.0442978
2.55555556,-0.444444444,15.2741636
2.66666667,-0.444444444,12.7706586
2.77777778,-0.444444444,10.5464798
2.88888889,-0.444444444,8.60280573
3,-0.444444444,6.93124185
-3,-0.333333333,2.00161567
-2.88888889,-0.333333333,2.82387197
-2.77777778,-0.333333333,3.88765877
-2.66666667,-0.333333333,5.22317732
-2.55555556,-0.333333333,6.84884537
-2.44444444,-0.333333333,8.76554196
-2.33333333,-0.333333333,10.9515562
-2.22222222,-0.333333333,13.3593168
-2.11111111,-0.333333333,15.9149525
-2,-0.333333333,18.5214674
-1.88888889,-0.333333333,21.065818
-1.77777778,-0.333333333,23.4295097
-1.66666667,-0.333333333,25.5016106
-1.55555556,-0.333333333,27.1924756
-1.44444444,-0.333333333,28.446123
-1.33333333,-0.333333333,29.249237
-1.22222222,-0.333333333,29.6351859
-1.11111111,-0.333333333,29.6822107
-1,-0.333333333,29.505871
-0.888888889,-0.333333333,29.2467672
-0.777777778,-0.333333333,29.0552817
-0.666666667,-0.333333333,29.0754647
-0.555555556,-0.333333333,29.4301759
-0.444444444,-0.333333333,30.2092278
-0.333333333,-0.333333333,31.4616587
-0.222222222,-0.333333333,33.19256
-0.111111111,-0.333333333,35.3642296
0,-0.333333333,37.900934
0.111111111,-0.333333333,40.6962889
0.222222222,-0.333333333,43.6222015
0.333333333,-0.333333333,46.5384137
0.444444444,-0.333333333,49.3018726
0.555555556,-0.333333333,51.7753654
0.666666667,-0.333333333,53.835046
0.777777778,-0.333333333,55.3766196
0.888888889,-0.333333333,56.3200461
1,-0.333333333,56.6126795
1.11111111,-0.333333333,56.2308043
1.22222222,-0.333333333,55.1795789
1.33333333,-0.333333333,53.4914512
1.44444444,-0.333333333,51.2231904
1.55555556,-0.333333333,48.4517544
1.66666667,-0.333333333,45.2692888
1.77777778,-0.333333333,41.7776095
1.88888889,-0.333333333,38.0825508
2,-0.333333333,34.2885524
2.11111111,-0.333333333,30.4938244
2.22222222,-0.333333333,26.7863586
2.33333333,-0.333333333,23.2409661
2.44444444,-0.333333333,19.917426
2.55555556,-0.333333333,16.8597329
2.66666667,-0.333333333,14.0963464
2.77777778,-0.333333333,11.6412818
2.88888889,-0.333333333,9.49584014
3,-0.333333333,7.65075569
-3,-0.222222222,1.70934603
-2.88888889,-0.222222222,2.41216888
-2.77777778,-0.222222222,3.32194406
-2.66666667,-0.222222222,4.46493492
-2.55555556,-0.222222222,5.85756824
-2.44444444,-0.222222222,7.50158928
-2.33333333,-0.222222222,9.37982568
-2.22222222,-0.222222222,11.4534759
-2.11111111,-0.222222222,13.6618129
-2,-0.222222222,15.9249678
-1.88888889,-0.222222222,18.1500287
-1.77777778,-0.222222222,20.2401212
-1.66666667,-0.222222222,22.1055206
-1.55555556,-0.222222222,23.6753281
-1.44444444,-0.222222222,24.907946
-1.33333333,-0.222222222,25.7986096
-1.22222222,-0.222222222,26.3825979
-1.11111111,-0.222222222,26.7333906
-1,-0.222222222,26.9558487
-0.888888889,-0.222222222,27.1752918
-0.777777778,-0.222222222,27.5239745
-0.666666667,-0.222222222,28.1267976
-0.555555556,-0.222222222,29.0880932
-0.444444444,-0.222222222,30.4810129
-0.333333333,-0.222222222,32.340534
-0.222222222,-0.222222222,34.6604965
-0.111111111,-0.222222222,37.3945246
0,-0.222222222,40.4602604
0.111111111,-0.222222222,43.7460877
0.222222222,-0.222222222,47.1194482
0.333333333,-0.222222222,50.4359093
0.444444444,-0.222222222,53.5482789
0.555555556,-0.222222222,56.3152201
0.666666667,-0.222222222,58.6089615
0.777777778,-0.222222222,60.3218105
0.888888889,-0.222222222,61.3712531
1,-0.222222222,61.703481
1.11111111,-0.222222222,61.2952439
1.22222222,-0.222222222,60.1539865
1.33333333,-0.222222222,58.3163139
1.44444444,-0.222222222,55.84492
1.55555556,-0.222222222,52.8242137
1.66666667,-0.222222222,49.3549663
1.77777778,-0.222222222,45.5483667
1.88888889,-0.222222222,41.5199067
2,-0.222222222,37.3835116
2.11111111,-0.222222222,33.2462881
2.22222222,-0.222222222,29.2041868
2.33333333,-0.222222222,25.3387803
2.44444444,-0.222222222,21.7152477
2.55555556,-0.222222222,18.3815568
2.66666667,-0.222222222,15.3687368
2.77777778,-0.222222222,12.6920688
2.88888889,-0.222222222,10.3529714
3,-0.222222222,8.34134251
-3,-0.111111111,1.42546676
-2.88888889,-0.111111111,2.01227457
-2.77777778,-0.111111111,2.77243794
-2.66666667,-0.111111111,3.72838775
-2.55555556,-0.111111111,4.89460556
-2.44444444,-0.111111111,6.27366183
-2.33333333,-0.111111111,7.85277016
-2.22222222,-0.111111111,9.60161714
-2.11111111,-0.111111111,11.4722046
-2,-0.111111111,13.4012505
-1.88888889,-0.111111111,15.3153376
-1.77777778,-0.111111111,17.1385208
-1.66666667,-0.111111111,18.8015922
-1.55555556,-0.111111111,20.2517694
-1.44444444,-0.111111111,21.4613241
-1.33333333,-0.111111111,22.4336903
-1.22222222,-0.111111111,23.2058919
-1.11111111,-0.111111111,23.8466758
-1,-0.111111111,24.4504109
-0.888888889,-0.111111111,25.1274895
-0.777777778,-0.111111111,25.9924962
-0.666666667,-0.111111111,27.1517016
-0.555555556,-0.111111111,28.6914514
-0.444444444,-0.111111111,30.6687726
-0.333333333,-0.111111111,33.1050974
-0.222222222,-0.111111111,35.9835085
-0.111111111,-0.111111111,39.2494361
0,-0.111111111,42.814376
0.111111111,-0.111111111,46.5619682
0.222222222,-0.111111111,50.3556942
0.333333333,-0.111111111,54.047468
0.444444444,-0.111111111,57.4864848
0.555555556,-0.111111111,60.5277949
0.666666667,-0.111111111,63.0401726
0.777777778,-0.111111111,64.9129284
0.888888889,-0.111111111,66.0613756
1,-0.111111111,66.4307214
1.11111111,-0.111111111,65.9982157
1.22222222,-0.111111111,64.7734749
1.33333333,-0.111111111,62.796997
1.44444444,-0.111111111,60.1369987
1.55555556,-0.111111111,56.8848225
1.66666667,-0.111111111,53.149258
1.77777778,-0.111111111,49.0502034
1.88888889,-0.111111111,44.7121222
2,-0.111111111,40.2577504
2.11111111,-0.111111111,35.8024574
2.22222222,-0.111111111,31.4495859
2.33333333,-0.111111111,27.2869875
2.44444444,-0.111111111,23.3848566
2.55555556,-0.111111111,19.7948508
2.66666667,-0.111111111,16.550386
2.77777778,-0.111111111,13.6679184
2.88888889,-0.111111111,11.1489758
3,-0.111111111,8.98267972
-3,0,1.16123657
-2.88888889,0,1.64005076
-2.77777778,0,2.26093969
-2.66666667,0,3.04276045
-2.55555556,0,3.99817442
-2.44444444,0,5.13050634
-2.33333333,0,6.43103334
-2.22222222,0,7.87731742
-2.11111111,0,9.4331755
-2,0,11.0507235
-1.88888889,0,12.6746393
-1.77777778,0,14.2483988
-1.66666667,0,15.7218216
-1.55555556,0,17.0589093
-1.44444444,0,18.2447575
-1.33333333,0,19.2903398
-1.22222222,0,20.2342109
-1.11111111,0,21.1406198
-1,0,22.0940847
-0.888888889,0,23.191031
-0.777777778,0,24.5295432
-0.666666667,0,26.1985255
-0.555555556,0,28.2675903
-0.444444444,0,30.7788048
-0.333333333,0,33.7410894
-0.222222222,0,37.1276589
-0.111111111,0,40.8765131
0,0,44.893671
0.111111111,0,49.0586444
0.222222222,0,53.2315489
0.333333333,0,57.2612389
0.444444444,0,60.9938927
0.555555556,0,64.2815319
0.666666667,0,66.99002
0.777777778,0,69.0061354
0.888888889,0,70.2433649
1,0,70.6461214
1.11111111,0,70.1921621
1.22222222,0,68.8930827
1.33333333,0,66.7928814
1.44444444,0,63.9647196
1.55555556,0,60.5061345
1.66666667,0,56.5330741
1.77777778,0,52.1732079
1.88888889,0,47.5590032
2,0,42.8210547
2.11111111,0,38.0821015
2.22222222,0,33.452079
2.33333333,0,29.0244389
2.44444444,0,24.8738483
2.55555556,0,21.0552556
2.66666667,0,17.6042051
2.77777778,0,14.5382012
2.88888889,0,11.858869
3,0,9.55463752
-3,0.111111111,0.924587407
-2.88888889,0.111111111,1.30667068
-2.77777778,0.111111111,1.80280213
-2.66666667,0.111111111,2.42863068
-2.55555556,0.111111111,3.19517643
-2.44444444,0.111111111,4.10642401
-2.33333333,0.111111111,5.15726822
-2.22222222,0.111111111,6.33229564
-2.11111111,0.111111111,7.60586769
-2,0.111111111,8.9438441
-1.88888889,0.111111111,10.3070518
-1.77777778,0.111111111,11.6562921
-1.66666667,0.111111111,12.958347
-1.55555556,0.111111111,14.1921605
-1.44444444,0.111111111,15.3542154
-1.33333333,0.111111111,16.4621336
-1.22222222,0.111111111,17.5557332
-1.11111111,0.111111111,18.69513
-1,0.111111111,19.9559217
-0.888888889,0.111111111,21.4219418
-0.777777778,0.111111111,23.1764368
-0.666666667,0.111111111,25.292727
-0.555555556,0.111111111,27.8254477
-0.444444444,0.111111111,30.803324
-0.333333333,0.111111111,34.2241792
-0.222222222,0.111111111,38.0525569
-0.111111111,0.111111111,42.2200257
0,0.111111111,46.6279794
0.111111111,0.111111111,51.1525607
0.222222222,0.111111111,55.6512369
0.333333333,0.111111111,59.9705119
0.444444444,0.111111111,63.9542575
0.555555556,0.111111111,67.4521651
0.666666667,0.111111111,70.3278387
0.777777778,0.111111111,72.4660834
0.888888889,0.111111111,73.7789742
1,0.111111111,74.2103525
1.11111111,0.111111111,73.7384772
1.22222222,0.111111111,72.3766686
1.33333333,0.111111111,70.1719193
1.44444444,0.111111111,67.2015943
1.55555556,0.111111111,63.5684835
1.66666667,0.111111111,59.3945972
1.77777778,0.111111111,54.8141818
1.88888889,0.111111111,49.9664757
2,0.111111111,44.9887212
2.11111111,0.111111111,40.0098906
2.22222222,0.111111111,35.1454946
2.33333333,0.111111111,30.4937212
2.44444444,0.111111111,26.1330199
2.55555556,0.111111111,22.1211218
2.66666667,0.111111111,18.4953713
2.77777778,0.111111111,15.2741592
2.88888889,0.111111111,12.459193
3,0.111111111,10.0383158
-3,0.222222222,0.720054304
-2.88888889,0.222222222,1.01852049
-2.77777778,0.222222222,1.40679685
-2.66666667,0.222222222,1.89774925
-2.55555556,0.222222222,2.50096411
-2.44444444,0.222222222,3.22097476
-2.33333333,0.222222222,4.05577299
-2.22222222,0.222222222,4.99597701
-2.11111111,0.222222222,6.02501051
-2,0.222222222,7.12054745
-1.88888889,0.222222222,8.25729336
-1.77777778,0.222222222,9.4109301
-1.66666667,0.222222222,10.5627908
-1.55555556,0.222222222,11.7046116
-1.44444444,0.222222222,12.8425818
-1.33333333,0.222222222,13.999926
-1.22222222,0.222222222,15.2174069
-1.11111111,0.222222222,16.5514231
-1,0.222222222,18.0697284
-0.888888889,0.222222222,19.8451591
-0.777777778,0.222222222,21.948054
-0.666666667,0.222222222,24.438224
-0.555555556,0.222222222,27.3573722
-0.444444444,0.222222222,30.7227693
-0.333333333,0.222222222,34.5227979
-0.222222222,0.222222222,38.714735
-0.111111111,0.222222222,43.2248992
0,0.222222222,47.9510708
0.111111111,0.222222222,52.7669318
0.222222222,0.222222222,57.5281641
0.333333333,0.222222222,62.0797757
0.444444444,0.222222222,66.2641889
0.555555556,0.222222222,69.9296056
0.666666667,0.222222222,72.9381557
0.777777778,0.222222222,75.1733432
0.888888889,0.222222222,76.5463306
1,0.222222222,77.0006578
1.11111111,0.222222222,76.5150823
1.22222222,0.222222222,75.1043487
1.33333333,0.222222222,72.8178447
1.44444444,0.222222222,69.7362595
1.55555556,0.222222222,65.9665168
1.66666667,0.222222222,61.6353867
1.77777778,0.222222222,56.8822732
1.88888889,0.222222222,51.8517214
2,0.222222222,46.6861816
2.11111111,0.222222222,41.5195082
2.22222222,0.222222222,36.471579
2.33333333,0.222222222,31.6442909
2.44444444,0.222222222,27.1190555
2.55555556,0.222222222,22.9557835
2.66666667,0.222222222,19.1932284
2.77777778,0.222222222,15.8504753
2.88888889,0.222222222,12.9292964
3,0.222222222,10.4170761
-3,0.333333333,0.54908807
-2.88888889,0.333333333,0.777640381
-2.77777778,0.333333333,1.07572124
-2.66666667,0.333333333,1.45385553
-2.55555556,0.333333333,1.92040959
-2.44444444,0.333333333,2.48034446
-2.33333333,0.333333333,3.13419816
-2.22222222,0.333333333,3.87757395
-2.11111111,0.333333333,4.70139727
-2,0.333333333,5.59312527
-1.88888889,0.333333333,6.53895177
-1.77777778,0.333333333,7.52686273
-1.66666667,0.333333333,8.55019887
-1.55555556,0.333333333,9.61121301
-1.44444444,0.333333333,10.7240153
-1.33333333,0.333333333,11.9163079
-1.22222222,0.333333333,13.2294324
-1.11111111,0.333333333,14.7164733
-1,0.333333333,16.4384354
-0.888888889,0.333333333,18.4588
-0.777777778,0.333333333,20.8369973
-0.666666667,0.333333333,23.621487
-0.555555556,0.333333333,26.8431809
-0.444444444,0.333333333,30.5098856
-0.333333333,0.333333333,34.6023064
-0.222222222,0.333333333,39.0719731
-0.111111111,0.333333333,43.8412566
0,0.333333333,48.8054662
0.111111111,0.333333333,53.8368726
0.222222222,0.333333333,58.7903854
0.333333333,0.333333333,63.5105285
0.444444444,0.333333333,67.8392905
0.555555556,0.333333333,71.6243792
0.666666667,0.333333333,74.7273762
0.777777778,0.333333333,77.031277
0.888888889,0.333333333,78.4469215
1,0.333333333,78.9178725
1.11111111,0.333333333,78.4233976
1.22222222,0.333333333,76.9793377
1.33333333,0.333333333,74.6368056
1.44444444,0.333333333,71.4788275
1.55555556,0.333333333,67.6152018
1.66666667,0.333333333,63.1759908
1.77777778,0.333333333,58.3041562
1.88888889,0.333333333,53.1478987
2,0.333333333,47.8532527
2.11111111,0.333333333,42.5574317
2.22222222,0.333333333,37.3833167
2.33333333,0.333333333,32.4353553
2.44444444,0.333333333,27.7969961
2.55555556,0.333333333,23.5296481
2.66666667,0.333333333,19.6730343
2.77777778,0.333333333,16.2467168
2.88888889,0.333333333,13.2525122
3,0.333333333,10.6774896
-3,0.444444444,0.410631474
-2.88888889,0.444444444,0.582536932
-2.77777778,0.444444444,0.807516073
-2.66666667,0.444444444,1.09417751
-2.55555556,0.444444444,1.44986926
-2.44444444,0.444444444,1.87985569
-2.33333333,0.444444444,2.38667763
-2.22222222,0.444444444,2.96989657
-2.11111111,0.444444444,3.6264111
-2,0.444444444,4.351473
-1.88888889,0.444444444,5.14042288
-1.77777778,0.444444444,5.99102424
-1.66666667,0.444444444,6.90612523
-1.55555556,0.444444444,7.89625076
-1.44444444,0.444444444,8.98165678
-1.33333333,0.444444444,10.1933856
-1.22222222,0.444444444,11.572954
-1.11111111,0.444444444,13.170474
-1,0.444444444,15.0412177
-0.888888889,0.444444444,17.2408627
-0.777777778,0.444444444,19.8198392
-0.666666667,0.444444444,22.8173327
-0.555555556,0.444444444,26.2555411
-0.444444444,0.444444444,30.1347598
-0.333333333,0.444444444,34.4297757
-0.222222222,0.444444444,39.087919
-0.111111111,0.444444444,44.0289774
0,0.444444444,49.1470247
0.111111111,0.444444444,54.3140874
0.222222222,0.444444444,59.3854528
0.333333333,0.444444444,64.20632
0.444444444,0.444444444,68.6194098
0.555555556,0.444444444,72.4730758
0.666666667,0.444444444,75.6294081
0.777777778,0.444444444,77.9717972
0.888888889,0.444444444,79.4114344
1,0.444444444,79.8922844
1.11111111,0.444444444,79.3941575
1.22222222,0.444444444,77.9336507
1.33333333,0.444444444,75.5628891
1.44444444,0.444444444,72.3661762
1.55555556,0.444444444,68.4548293
1.66666667,0.444444444,63.9606209
1.77777778,0.444444444,59.0283449
1.88888889,0.444444444,53.8080749
2,0.444444444,48.4476776
2.11111111,0.444444444,43.0860804
2.22222222,0.444444444,37.847696
2.33333333,0.444444444,32.8382722
2.44444444,0.444444444,28.1422953
2.55555556,0.444444444,23.8219379
2.66666667,0.444444444,19.9174165
2.77777778,0.444444444,16.4485367
2.88888889,0.444444444,13.4171375
3,0.444444444,10.8101275
-3,0.555555556,0.30182603
-2.88888889,0.555555556,0.429179516
-2.77777778,0.555555556,0.596635964
-2.66666667,0.555555556,0.81127088
-2.55555556,0.555555556,1.07959176
-2.44444444,0.555555556,1.40704401
-2.33333333,0.555555556,1.79766345
-2.22222222,0.555555556,2.25401697
-2.11111111,0.555555556,2.77756121
-2,0.555555556,3.3695024
-1.88888889,0.555555556,4.03216007
-1.77777778,0.555555556,4.7707324
-1.66666667,0.555555556,5.59525005
-1.55555556,0.555555556,6.52241237
-1.44444444,0.555555556,7.5769469
-1.33333333,0.555555556,8.79213985
-1.22222222,0.555555556,10.2092546
-1.11111111,0.555555556,11.875683
-1,0.555555556,13.8418361
-0.888888889,0.555555556,16.1569563
-0.777777778,0.555555556,18.8641805
-0.666666667,0.555555556,21.9952971
-0.555555556,0.555555556,25.5656905
-0.444444444,0.555555556,29.569958
-0.333333333,0.555555556,33.978633
-0.222222222,0.555555556,38.7363518
-0.111111111,0.555555556,43.7616894
0,0.555555556,48.9487683
0.111111111,0.555555556,54.1706205
0.222222222,0.555555556,59.284166
0.333333333,0.555555556,64.1365561
0.444444444,0.555555556,68.57253
0.555555556,0.555555556,72.4423419
0.666666667,0.555555556,75.6097508
0.777777778,0.555555556,77.959531
0.888888889,0.555555556,79.403967
1,0.555555556,79.8878493
1.11111111,0.555555556,79.3915875
1.22222222,0.555555556,77.9321978
1.33333333,0.555555556,75.5620879
1.44444444,0.555555556,72.3657451
1.55555556,0.555555556,68.4546029
1.66666667,0.555555556,63.960505
1.77777778,0.555555556,59.028287
1.88888889,0.555555556,53.8080467
2,0.555555556,48.4476641
2.11111111,0.555555556,43.0860742
2.22222222,0.555555556,37.8476932
2.33333333,0.555555556,32.8382709
2.44444444,0.555555556,28.1422948
2.55555556,0.555555556,23.8219376
2.66666667,0.555555556,19.9174165
2.77777778,0.555555556,16.4485367
2.88888889,0.555555556,13.4171375
3,0.555555556,10.8101275
-3,0.666666667,0.218728453
-2.88888889,0.666666667,0.312010214
-2.77777778,0.666666667,0.435438278
-2.66666667,0.666666667,0.594882639
-2.55555556,0.666666667,0.796157633
-2.44444444,0.666666667,1.04477396
-2.33333333,0.666666667,1.34580879
-2.22222222,0.666666667,1.70399054
-2.11111111,0.666666667,2.12408392
-2,0.666666667,2.61162527
-1.88888889,0.666666667,3.17399813
-1.77777778,0.666666667,3.82176187
-1.66666667,0.666666667,4.57006514
-1.55555556,0.666666667,5.43990774
-1.44444444,0.666666667,6.45897675
-1.33333333,0.666666667,7.6617873
-1.22222222,0.666666667,9.08891157
-1.11111111,0.666666667,10.7851749
-1,0.666666667,12.7968231
-0.888888889,0.666666667,15.1677984
-0.777777778,0.666666667,17.9353865
-0.666666667,0.666666667,21.1255886
-0.555555556,0.666666667,24.748628
-0.444444444,0.666666667,28.7950108
-0.333333333,0.666666667,33.2325283
-0.222222222,0.666666667,38.0045301
-0.111111111,0.666666667,43.0297056
0,0.666666667,48.2035117
0.111111111,0.666666667,53.4012723
0.222222222,0.666666667,58.4828541
0.333333333,0.666666667,63.2987084
0.444444444,0.666666667,67.6969522
0.555555556,0.666666667,71.5310639
0.666666667,0.666666667,74.6676918
0.777777778,0.666666667,76.9940339
0.888888889,0.666666667,78.4242486
1,0.666666667,78.9044063
1.11111111,0.666666667,78.4155947
1.22222222,0.666666667,76.9749265
1.33333333,0.666666667,74.6343727
1.44444444,0.666666667,71.4775184
1.55555556,0.666666667,67.6145146
1.66666667,0.666666667,63.1756389
1.77777778,0.666666667,58.3039804
1.88888889,0.666666667,53.147813
2,0.666666667,47.853212
2.11111111,0.666666667,42.5574128
2.22222222,0.666666667,37.3833082
2.33333333,0.666666667,32.4353515
2.44444444,0.666666667,27.7969945
2.55555556,0.666666667,23.5296474
2.66666667,0.666666667,19.673034
2.77777778,0.666666667,16.2467167
2.88888889,0.666666667,13.2525121
3,0.666666667,10.6774896
-3,0.777777778,0.156945018
-2.88888889,0.777777778,0.22483792
-2.77777778,0.777777778,0.315412606
-2.66666667,0.777777778,0.433600519
-2.55555556,0.777777778,0.584638126
-2.44444444,0.777777778,0.773995647
-2.33333333,0.777777778,1.00740204
-2.22222222,0.777777778,1.29102961
-2.11111111,0.777777778,1.63189161
-2,0.777777778,2.03847854
-1.88888889,0.777777778,2.5216146
-1.77777778,0.777777778,3.09545873
-1.66666667,0.777777778,3.77851649
-1.55555556,0.777777778,4.59447882
-1.44444444,0.777777778,5.57267744
-1.33333333,0.777777778,6.74794983
-1.22222222,0.777777778,8.15974718
-1.11111111,0.777777778,9.8503904
-1,0.777777778,11.8624754
-0.888888889,0.777777778,14.2355341
-0.777777778,0.777777778,17.002159
-0.666666667,0.777777778,20.1838796
-0.555555556,0.777777778,23.787135
-0.444444444,0.777777778,27.7997064
-0.333333333,0.777777778,32.1879642
-0.222222222,0.777777778,36.8952419
-0.111111111,0.777777778,41.8415827
0,0.777777778,46.9250188
0.111111111,0.777777778,52.0244362
0.222222222,0.777777778,57.0039664
0.333333333,0.777777778,61.718721
0.444444444,0.777777778,66.0215684
0.555555556,0.777777778,69.7705465
0.666666667,0.777777778,72.8364216
0.777777778,0.777777778,75.1098611
0.888888889,0.777777778,76.5076839
1,0.777777778,76.9777042
1.11111111,0.777777778,76.5017819
1.22222222,0.777777778,75.0968298
1.33333333,0.777777778,72.8136978
1.44444444,0.777777778,69.7340281
1.55555556,0.777777778,65.9653454
1.66666667,0.777777778,61.6347868
1.77777778,0.777777778,56.8819734
1.88888889,0.777777778,51.8515753
2,0.777777778,46.6861121
2.11111111,0.777777778,41.519476
2.22222222,0.777777778,36.4715644
2.33333333,0.777777778,31.6442845
2.44444444,0.777777778,27.1190528
2.55555556,0.777777778,22.9557823
2.66666667,0.777777778,19.1932279
2.77777778,0.777777778,15.8504751
2.88888889,0.777777778,12.9292964
3,0.777777778,10.4170761
-3,0.888888889,0.112128653
-2.88888889,0.888888889,0.161538877
-2.77777778,0.888888889,0.228143882
-2.66666667,0.888888889,0.316144735
-2.55555556,0.888888889,0.430285387
-2.44444444,0.888888889,0.575902233
-2.33333333,0.888888889,0.759053301
-2.22222222,0.888888889,0.986766767
-2.11111111,0.888888889,1.26743925
-2,0.888888889,1.61139287
-1.88888889,0.888888889,2.03156681
-1.77777778,0.888888889,2.54427761
-1.66666667,0.888888889,3.16993967
-1.55555556,0.888888889,3.93360197
-1.44444444,0.888888889,4.86513703
-1.33333333,0.888888889,5.99892221
-1.22222222,0.888888889,7.37288319
-1.11111111,0.888888889,9.02682437
-1,0.888888889,11.0000456
-0.888888889,0.888888889,13.3283283
-0.777777778,0.888888889,16.0404583
-0.666666667,0.888888889,19.1545236
-0.555555556,0.888888889,22.6742799
-0.444444444,0.888888889,26.5859044
-0.333333333,0.888888889,30.8554617
-0.222222222,0.888888889,35.4273771
-0.111111111,0.888888889,40.2241652
0,0.888888889,45.147583
0.111111111,0.888888889,50.0812819
0.222222222,0.888888889,54.8949202
0.333333333,0.888888889,59.4495793
0.444444444,0.888888889,63.6042027
0.555555556,0.888888889,67.2226732
0.666666667,0.888888889,70.1810559
0.777777778,0.888888889,72.3744909
0.888888889,0.888888889,73.7232144
1,0.888888889,74.1772349
1.11111111,0.888888889,73.7192873
1.22222222,0.888888889,72.3658202
1.33333333,0.888888889,70.1659361
1.44444444,0.888888889,67.1983748
1.55555556,0.888888889,63.5667934
1.66666667,0.888888889,59.3937317
1.77777778,0.888888889,54.8137493
1.88888889,0.888888889,49.9662649
2,0.888888889,44.988621
2.11111111,0.888888889,40.009844
2.22222222,0.888888889,35.1454736
2.33333333,0.888888889,30.4937119
2.44444444,0.888888889,26.1330159
2.55555556,0.888888889,22.1211202
2.66666667,0.888888889,18.4953707
2.77777778,0.888888889,15.2741589
2.88888889,0.888888889,12.4591929
3,0.888888889,10.0383158
-3,1,0.0803190068
-2.88888889,1,0.116535787
-2.77777778,1,0.165970873
-2.66666667,1,0.232250827
-2.55555556,1,0.319687029
-2.44444444,1,0.433402687
-2.33333333,1,0.579526766
-2.22222222,1,0.765478209
-2.11111111,1,1.00035529
-2,1,1.29542791
-1.88888889,1,1.66470558
-1.77777778,1,2.12552303
-1.66666667,1,2.69905424
-1.55555556,1,3.41063976
-1.44444444,1,4.28979799
-1.33333333,1,5.3697945
-1.22222222,1,6.68666606
-1.11111111,1,8.277639
-1,1,10.1789398
-0.888888889,1,12.423064
-0.777777778,1,15.0356404
-0.666666667,1,18.0320902
-0.555555556,1,21.4143344
-0.444444444,1,25.1678335
-0.333333333,1,29.2592547
-0.222222222,1,33.6350473
-0.111111111,1,38.2211652
0,1,42.9241108
0.111111111,1,47.6333855
0.222222222,1,52.2253242
0.333333333,1,56.5681758
0.444444444,1,60.52817
0.555555556,1,63.9762096
0.666666667,1,66.7947361
0.777777778,1,68.8842782
0.888888889,1,70.1691805
1,1,70.6020608
1.11111111,1,70.1666313
1.22222222,1,68.8786497
1.33333333,1,66.7849212
1.44444444,1,63.9604364
1.55555556,1,60.503886
1.66666667,1,56.5319226
1.77777778,1,52.1726325
1.88888889,1,47.5587227
2,1,42.8209213
2.11111111,1,38.0820396
2.22222222,1,33.4520509
2.33333333,1,29.0244265
2.44444444,1,24.873843
2.55555556,1,21.0552534
2.66666667,1,17.6042042
2.77777778,1,14.5382008
2.88888889,1,11.8588689
3,1,9.55463746
-3,1.11111111,0.0581338036
-2.88888889,1.11111111,0.08506725
-2.77777778,1.11111111,0.122356196
-2.66666667,1.11111111,0.173165258
-2.55555556,1.11111111,0.241413495
-2.44444444,1.11111111,0.33194634
-2.33333333,1.11111111,0.450764633
-2.22222222,1.11111111,0.605323192
-2.11111111,1.11111111,0.804903607
-2,1.11111111,1.06105213
-1.88888889,1.11111111,1.38805423
-1.77777778,1.11111111,1.80339432
-1.66666667,1.11111111,2.32812599
-1.55555556,1.11111111,2.98705894
-1.44444444,1.11111111,3.80865874
-1.33333333,1.11111111,4.82455796
-1.22222222,1.11111111,6.06859569
-1.11111111,1.11111111,7.57533539
-1,1.11111111,9.37805857
-0.888888889,1.11111111,11.5062879
-0.777777778,1.11111111,13.982953
-0.666666667,1.11111111,16.8213707
-0.555555556,1.11111111,20.0222587
-0.444444444,1.11111111,23.5710379
-0.333333333,1.11111111,27.4356916
-0.222222222,1.11111111,31.5654445
-0.111111111,1.11111111,35.8904892
0,1.11111111,40.3229329
0.111111111,1.11111111,44.7590523
0.222222222,1.11111111,49.0828459
0.333333333,1.11111111,53.1707609
0.444444444,1.11111111,56.8973576
0.555555556,1.11111111,60.14157
0.666666667,1.11111111,62.7931434
0.777777778,1.11111111,64.7587822
0.888888889,1.11111111,65.9675343
1,1.11111111,66.3749859
1.11111111,1.11111111,65.9659199
1.22222222,1.11111111,64.7552176
1.33333333,1.11111111,62.7869275
1.44444444,1.11111111,60.1315806
1.55555556,1.11111111,56.8819782
1.66666667,1.11111111,53.1478013
1.77777778,1.11111111,49.0494755
1.88888889,1.11111111,44.7117674
2,1.11111111,40.2575816
2.11111111,1.11111111,35.8023791
2.22222222,1.11111111,31.4495505
2.33333333,1.11111111,27.2869718
2.44444444,1.11111111,23.3848499
2.55555556,1.11111111,19.794848
2.66666667,1.11111111,16.5503848
2.77777778,1.11111111,13.6679179
2.88888889,1.11111111,11.1489756
3,1.11111111,8.98267965
-3,1.22222222,0.0428377665
-2.88888889,1.22222222,0.0632845754
-2.77777778,1.22222222,0.0920188792
-2.66666667,1.22222222,0.131822307
-2.55555556,1.22222222,0.18624801
-2.44444444,1.22222222,0.259814015
-2.33333333,1.22222222,0.35824586
-2.22222222,1.22222222,0.488773968
-2.11111111,1.22222222,0.66048415
-2,1.22222222,0.884708234
-1.88888889,1.22222222,1.17542663
-1.77777778,1.22222222,1.54963698
-1.66666667,1.22222222,2.02762546
-1.55555556,1.22222222,2.6330629
-1.44444444,1.22222222,3.39284054
-1.33333333,1.22222222,4.33656237
-1.22222222,1.22222222,5.49562546
-1.11111111,1.22222222,6.90184693
-1,1.22222222,8.58563415
-0.888888889,1.22222222,10.5737427
-0.777777778,1.22222222,12.8867182
-0.666666667,1.22222222,15.5361687
-0.555555556,1.22222222,18.522063
-0.444444444,1.22222222,21.830279
-0.333333333,1.22222222,25.4306503
-0.222222222,1.22222222,29.2757508
-0.111111111,1.22222222,33.300633
0,1.22222222,37.4236843
0.111111111,1.22222222,41.54869
0.222222222,1.22222222,45.568098
0.333333333,1.22222222,49.3673769
0.444444444,1.22222222,52.8302495
0.555555556,1.22222222,55.8444884
0.666666667,1.22222222,58.3078819
0.777777778,1.22222222,60.1339369
0.888888889,1.22222222,61.2568792
1,1.22222222,61.6355505
1.11111111,1.22222222,61.2558816
1.22222222,1.22222222,60.1317344
1.33333333,1.22222222,58.3040413
1.44444444,1.22222222,55.8383163
1.55555556,1.22222222,52.8207471
1.66666667,1.22222222,49.3531909
1.77777778,1.22222222,45.5474796
1.88888889,1.22222222,41.5194742
2,1.22222222,37.3833059
2.11111111,1.22222222,33.2461926
2.22222222,1.22222222,29.2041436
2.33333333,1.22222222,25.3387612
2.44444444,1.22222222,21.7152395
2.55555556,1.22222222,18.3815533
2.66666667,1.22222222,15.3687354
2.77777778,1.22222222,12.6920683
2.88888889,1.22222222,10.3529712
3,1.22222222,8.34134243
-3,1.33333333,0.0323233267
-2.88888889,1.33333333,0.0482242334
-2.77777778,1.33333333,0.0708958655
-2.66666667,1.33333333,0.102791379
-2.55555556,1.33333333,0.14711593
-2.44444444,1.33333333,0.208025088
-2.33333333,1.33333333,0.290866107
-2.22222222,1.33333333,0.402463263
-2.11111111,1.33333333,0.551442039
-2,1.33333333,0.748577414
-1.88888889,1.33333333,1.00713928
-1.77777778,1.33333333,1.34319413
-1.66666667,1.33333333,1.77580861
-1.55555556,1.33333333,2.32708922
-1.44444444,1.33333333,3.02198723
-1.33333333,1.33333333,3.88779936
-1.22222222,1.33333333,4.9533071
-1.11111111,1.33333333,6.24751916
-1,1.33333333,7.7980142
-0.888888889,1.33333333,9.62892058
-0.777777778,1.33333333,11.7586157
-0.666666667,1.33333333,14.1972732
-0.555555556,1.33333333,16.9444278
-0.444444444,1.33333333,19.9867619
-0.333333333,1.33333333,23.2963341
-0.222222222,1.33333333,26.8294722
-0.111111111,1.33333333,30.5265282
0,1.33333333,34.3126494
0.111111111,1.33333333,38.099651
0.222222222,1.33333333,41.78899
0.333333333,1.33333333,45.2757421
0.444444444,1.33333333,48.453386
0.555555556,1.33333333,51.2191075
0.666666667,1.33333333,53.4792639
0.777777778,1.33333333,55.1546115
0.888888889,1.33333333,56.1848918
1,1.33333333,56.5324068
1.11111111,1.33333333,56.1842905
1.22222222,1.33333333,55.1532839
1.33333333,1.33333333,53.4769487
1.44444444,1.33333333,51.215387
1.55555556,1.33333333,48.447658
1.66666667,1.33333333,45.2671908
1.77777778,1.33333333,41.7765613
1.88888889,1.33333333,38.0820398
2,1.33333333,34.2883093
2.11111111,1.33333333,30.4937116
2.22222222,1.33333333,26.7863076
2.33333333,1.33333333,23.2409435
2.44444444,1.33333333,19.9174163
2.55555556,1.33333333,16.8597289
2.66666667,1.33333333,14.0963447
2.77777778,1.33333333,11.6412811
2.88888889,1.33333333,9.49583988
3,1.33333333,7.65075559
-3,1.44444444,0.0250372117
-2.88888889,1.44444444,0.0377040221
-2.77777778,1.44444444,0.0559986071
-2.66666667,1.44444444,0.0820835839
-2.55555556,1.44444444,0.118829879
-2.44444444,1.44444444,0.170009318
-2.33333333,1.44444444,0.240524616
-2.22222222,1.44444444,0.33667555
-2.11111111,1.44444444,0.466454308
-2,1.44444444,0.639854915
-1.88888889,1.44444444,0.869171659
-1.77777778,1.44444444,1.16925022
-1.66666667,1.44444444,1.55764442
-1.55555556,1.44444444,2.05462273
-1.44444444,1.44444444,2.68296439
-1.33333333,1.44444444,3.46748658
-1.22222222,1.44444444,4.43425414
-1.11111111,1.44444444,5.60944151
-1,1.44444444,7.01784402
-0.888888889,1.44444444,8.68106973
-0.777777778,1.44444444,10.6154831
-0.666666667,1.44444444,12.8300124
-0.555555556,1.44444444,15.3239701
-0.444444444,1.44444444,18.0850686
-0.333333333,1.44444444,21.0878284
-0.222222222,1.44444444,24.2925793
-0.111111111,1.44444444,27.6452354
0,1.44444444,31.0779856
0.111111111,1.44444444,34.5109777
0.222222222,1.44444444,37.8549996
0.333333333,1.44444444,41.0150709
0.444444444,1.44444444,43.8947671
0.555555556,1.44444444,46.4010169
0.666666667,1.44444444,48.4490496
0.777777778,1.44444444,49.9671279
0.888888889,1.44444444,50.900703
1,1.44444444,51.2156543
1.11111111,1.44444444,50.9003493
1.22222222,1.44444444,49.9663471
1.33333333,1.44444444,48.4476881
1.44444444,1.44444444,46.3988289
1.55555556,1.44444444,43.8913984
1.66666667,1.44444444,41.0100419
1.77777778,1.44444444,37.8476903
1.88888889,1.44444444,34.5006206
2,1.44444444,31.0636713
2.11111111,1.44444444,27.6259361
2.22222222,1.44444444,24.2671943
2.33333333,1.44444444,21.0552534
2.44444444,1.44444444,18.0442867
2.55555556,1.44444444,15.2741589
2.66666667,1.44444444,12.7706567
2.77777778,1.44444444,10.5464791
2.88888889,1.44444444,8.60280543
3,1.44444444,6.93124174
-3,1.55555556,0.0198817082
-2.88888889,1.55555556,0.0301835639
-2.77777778,1.55555556,0.045220657
-2.66666667,1.55555556,0.0668926385
-2.55555556,1.55555556,0.09774904
-2.44444444,1.55555556,0.141169235
-2.33333333,1.55555556,0.201575027
-2.22222222,1.55555556,0.284673384
-2.11111111,1.55555556,0.397721701
-2,1.55555556,0.549801078
-1.88888889,1.55555556,0.752074726
-1.77777778,1.55555556,1.01799951
-1.66666667,1.55555556,1.3634498
-1.55555556,1.55555556,1.80670578
-1.44444444,1.55555556,2.36825487
-1.33333333,1.55555556,3.07035648
-1.22222222,1.55555556,3.93632859
-1.11111111,1.55555556,4.98953005
-1,1.55555556,6.25203597
-0.888888889,1.55555556,7.74303294
-0.777777778,1.55555556,9.47699545
-0.666666667,1.55555556,11.4617412
-0.555555556,1.55555556,13.6964972
-0.444444444,1.55555556,16.1701359
-0.333333333,1.55555556,18.8597585
-0.222222222,1.55555556,21.7298042
-0.111111111,1.55555556,24.7318467
0,1.55555556,27.805207
0.111111111,1.55555556,30.8784535
0.222222222,1.55555556,33.8717937
0.333333333,1.55555556,36.7002806
0.444444444,1.55555556,39.2776765
0.555555556,1.55555556,41.5207417
0.666666667,1.55555556,43.3536587
0.777777778,1.55555556,44.7122662
0.888888889,1.55555556,45.5477771
1,1.55555556,45.8296783
1.11111111,1.55555556,45.5475742
1.22222222,1.55555556,44.7118183
1.33333333,1.55555556,43.3528775
1.44444444,1.55555556,41.5194863
1.55555556,1.55555556,39.2757437
1.66666667,1.55555556,36.6973952
1.77777778,1.55555556,33.8676
1.88888889,1.55555556,30.8725111
2,1.55555556,27.7969941
2.11111111,1.55555556,24.7207737
2.22222222,1.55555556,21.7152395
2.33333333,1.55555556,18.8410685
2.44444444,1.55555556,16.1467371
2.55555556,1.55555556,13.6679179
2.66666667,1.55555556,11.4276857
2.77777778,1.55555556,9.43740413
2.88888889,1.55555556,7.69812854
3,1.55555556,6.20234762
-3,1.66666667,0.0161117232
-2.88888889,1.66666667,0.0246189247
-2.77777778,1.66666667,0.0371372557
-2.66666667,1.66666667,0.0553251565
-2.55555556,1.66666667,0.0814247702
-2.44444444,1.66666667,0.11842542
-2.33333333,1.66666667,0.170255434
-2.22222222,1.66666667,0.241999324
-2.11111111,1.66666667,0.340132812
-2,1.66666667,0.472762265
-1.88888889,1.66666667,0.649848105
-1.77777778,1.66666667,0.883384139
-1.66666667,1.66666667,1.18749752
-1.55555556,1.66666667,1.57842828
-1.44444444,1.66666667,2.07434445
-1.33333333,1.66666667,2.69495038
-1.22222222,1.66666667,3.46085246
-1.11111111,1.66666667,4.39266016
-1,1.66666667,5.50981949
-0.888888889,1.66666667,6.82920229
-0.777777778,1.66666667,8.36350407
-0.666666667,1.66666667,10.1195353
-0.555555556,1.66666667,12.0965212
-0.444444444,1.66666667,14.2845501
-0.333333333,1.66666667,16.6633256
-0.222222222,1.66666667,19.2013806
-0.111111111,1.66666667,21.855897
0,1.66666667,24.5732436
0.111111111,1.66666667,27.2902984
0.222222222,1.66666667,29.9365579
0.333333333,1.66666667,32.4369672
0.444444444,1.66666667,34.7153311
0.555555556,1.66666667,36.6981031
0.666666667,1.66666667,38.3182935
0.777777778,1.66666667,39.5192114
0.888888889,1.66666667,40.2577504
1,1.66666667,40.5069522
1.11111111,1.66666667,40.2576368
1.22222222,1.66666667,39.5189607
1.33333333,1.66666667,38.3178563
1.44444444,1.66666667,36.6974004
1.55555556,1.66666667,34.7142492
1.66666667,1.66666667,32.435352
1.77777778,1.66666667,29.9342104
1.88888889,1.66666667,27.2869721
2,1.66666667,24.5686464
2.11111111,1.66666667,21.8496988
2.22222222,1.66666667,19.1932279
2.33333333,1.66666667,16.6528636
2.44444444,1.66666667,14.2714524
2.55555556,1.66666667,12.0805236
2.66666667,1.66666667,10.1004724
2.77777778,1.66666667,8.34134242
2.88888889,1.66666667,6.80406659
3,1.66666667,5.48200593
-3,1.77777778,0.0132409291
-2.88888889,1.77777778,0.0203300981
-2.77777778,1.77777778,0.0308227133
-2.66666667,1.77777778,0.0461549956
-2.55555556,1.77777778,0.0682779978
-2.44444444,1.77777778,0.0998028169
-2.33333333,1.77777778,0.144170275
-2.22222222,1.77777778,0.205842012
-2.11111111,1.77777778,0.290505984
-2,1.77777778,0.405284314
-1.88888889,1.77777778,0.558925505
-1.77777778,1.77777778,0.761956695
-1.66666667,1.77777778,1.02676555
-1.55555556,1.77777778,1.36757667
-1.44444444,1.77777778,1.80028492
-1.33333333,1.77777778,2.34210951
-1.22222222,1.77777778,3.0110382
-1.11111111,1.77777778,3.82504274
-1,1.77777778,4.80106296
-0.888888889,1.77777778,5.95377943
-0.777777778,1.77777778,7.29422024
-0.666666667,1.77777778,8.82827493
-0.555555556,1.77777778,10.5552155
-0.444444444,1.77777778,12.4663456
-0.333333333,1.77777778,14.5439141
-0.222222222,1.77777778,16.7604293
-0.111111111,1.77777778,19.078501
0,1.77777778,21.4513088
0.111111111,1.77777778,23.823754
0.222222222,1.77777778,26.1342982
0.333333333,1.77777778,28.317432
0.444444444,1.77777778,30.3066516
0.555555556,1.77777778,32.0377638
0.666666667,1.77777778,33.4522984
0.777777778,1.77777778,34.5007739
0.888888889,1.77777778,35.1455659
1,1.77777778,35.3631458
1.11111111,1.77777778,35.1455038
1.22222222,1.77777778,34.5006369
1.33333333,1.77777778,33.4520596
1.44444444,1.77777778,32.0373801
1.55555556,1.77777778,30.3060607
1.66666667,1.77777778,28.31655
1.77777778,1.77777778,26.1330162
1.88888889,1.77777778,23.8219374
2,1.77777778,21.4487982
2.11111111,1.77777778,19.0751161
2.22222222,1.77777778,16.755977
2.33333333,1.77777778,14.5382008
2.44444444,1.77777778,12.4591929
2.55555556,1.77777778,10.5464791
2.66666667,1.77777778,8.81786451
2.77777778,1.77777778,7.28211758
2.88888889,1.77777778,5.94005262
3,1.77777778,4.78587375
-3,1.88888889,0.0109636486
-2.88888889,1.88888889,0.0168907459
-2.77777778,1.88888889,0.025698519
-2.66666667,1.88888889,0.0386190283
-2.55555556,1.88888889,0.0573311657
-2.44444444,1.88888889,0.0840872442
-2.33333333,1.88888889,0.121860535
-2.22222222,1.88888889,0.174510867
-2.11111111,1.88888889,0.246962005
-2,1.88888889,0.345380227
-1.88888889,1.88888889,0.47733852
-1.77777778,1.88888889,0.651945495
-1.66666667,1.88888889,0.879913054
-1.55555556,1.88888889,1.17353288
-1.44444444,1.88888889,1.54652983
-1.33333333,1.88888889,2.01376144
-1.22222222,1.88888889,2.59073758
-1.11111111,1.88888889,3.29294399
-1,1.88888889,4.13496765
-0.888888889,1.88888889,5.12944081
-0.777777778,1.88888889,6.2858426
-0.666666667,1.88888889,7.60922072
-0.555555556,1.88888889,9.09891897
-0.444444444,1.88888889,10.7474147
-0.333333333,1.88888889,12.5393833
-0.222222222,1.88888889,14.4511074
-0.111111111,1.88888889,16.4503401
0,1.88888889,18.4967083
0.111111111,1.88888889,20.5427043
0.222222222,1.88888889,22.5352704
0.333333333,1.88888889,24.4179256
0.444444444,1.88888889,26.1333318
0.555555556,1.88888889,27.626143
0.666666667,1.88888889,28.8459472
0.777777778,1.88888889,29.7500819
0.888888889,1.88888889,30.3061083
1,1.88888889,30.4937408
1.11111111,1.88888889,30.3060752
1.22222222,1.88888889,29.750009
1.33333333,1.88888889,28.84582
1.44444444,1.88888889,27.6259386
1.55555556,1.88888889,26.133017
1.66666667,1.88888889,24.4174556
1.77777778,1.88888889,22.5345873
1.88888889,1.88888889,20.5417365
2,1.88888889,18.4953707
2.11111111,1.88888889,16.4485366
2.22222222,1.88888889,14.4487352
2.33333333,1.88888889,12.5363393
2.44444444,1.88888889,10.7436038
2.55555556,1.88888889,9.09426431
2.66666667,1.88888889,7.60367416
2.77777778,1.88888889,6.27939444
2.88888889,1.88888889,5.12212732
3,1.88888889,4.126875
-3,2,0.0090943081
-2.88888889,2,0.0140427735
-2.77777778,2,0.0214157273
-2.66666667,2,0.0322591101
-2.55555556,2,0.0480009906
-2.44444444,2,0.0705601211
-2.33333333,2,0.102472253
-2.22222222,2,0.147031624
-2.11111111,2,0.208442126
-2,2,0.291969055
-1.88888889,2,0.40407813
-1.77777778,2,0.552544017
-1.66666667,2,0.746506375
-1.55555556,2,0.99644814
-1.44444444,2,1.31406911
-1.33333333,2,1.71202882
-1.22222222,2,2.20353681
-1.11111111,2,2.80177654
-1,2,3.51916121
-0.888888889,2,4.36643558
-0.777777778,2,5.3516569
-0.666666667,2,6.47910786
-0.555555556,2,7.74821428
-0.444444444,2,9.15255625
-0.333333333,2,10.6790718
-0.222222222,2,12.3075543
-0.111111111,2,14.0105357
0,2,15.7536293
0.111111111,2,17.4963741
0.222222222,2,19.1935831
0.333333333,2,20.7971546
0.444444444,2,22.2582568
0.555555556,2,23.5297548
0.666666667,2,24.568715
0.777777778,2,25.338804
0.888888889,2,25.8123952
1,2,25.9722129
1.11111111,2,25.812378
1.22222222,2,25.338766
1.33333333,2,24.5686489
1.44444444,2,23.5296486
1.55555556,2,22.2580932
1.66666667,2,20.7969103
1.77777778,2,19.193228
1.88888889,2,17.495871
2,2,15.7529341
2.11111111,2,14.0095983
2.22222222,2,12.3063213
2.33333333,2,10.6774896
2.44444444,2,9.15057536
2.55555556,2,7.74579481
2.66666667,2,6.47622479
2.77777778,2,5.34830518
2.88888889,2,4.36263406
3,2,3.51495469
-3,2.11111111,0.0075232767
-2.88888889,2.11111111,0.011634072
-2.77777778,2.11111111,0.0177693218
-2.66666667,2.11111111,0.0268071507
-2.55555556,2.11111111,0.0399479685
-2.44444444,2.11111111,0.0588061813
-2.33333333,2.11111111,0.0855167998
-2.22222222,2.11111111,0.122854697
-2.11111111,2.11111111,0.174361835
-2,2.11111111,0.244474741
-1.88888889,2.11111111,0.338641028
-1.77777778,2.11111111,0.46341002
-1.66666667,2.11111111,0.626479082
-1.55555556,2.11111111,0.836674456
-1.44444444,2.11111111,1.1038441
-1.33333333,2.11111111,1.43864077
-1.22222222,2.11111111,1.85217699
-1.11111111,2.11111111,2.35554046
-1,2.11111111,2.95916835
-0.888888889,2.11111111,3.67209242
-0.777777778,2.11111111,4.50108244
-0.666666667,2.11111111,5.44973267
-0.555555556,2.11111111,6.51755208
-0.444444444,2.11111111,7.69913308
-0.333333333,2.11111111,8.98348204
-0.222222222,2.11111111,10.3535965
-0.111111111,2.11111111,11.7863669
0,2.11111111,13.2528647
0.111111111,2.11111111,14.7190524
0.222222222,2.11111111,16.1469173
0.333333333,2.11111111,17.495995
0.444444444,2.11111111,18.7252072
0.555555556,2.11111111,19.7949026
0.666666667,2.11111111,20.6689643
0.777777778,2.11111111,21.3168277
0.888888889,2.11111111,21.7152526
1,2.11111111,21.8497065
1.11111111,2.11111111,21.7152439
1.22222222,2.11111111,21.3168085
1.33333333,2.11111111,20.6689307
1.44444444,2.11111111,19.7948487
1.55555556,2.11111111,18.7251242
1.66666667,2.11111111,17.4958711
1.77777778,2.11111111,16.1467372
1.88888889,2.11111111,14.7187973
2,2.11111111,13.2525121
2.11111111,2.11111111,11.7858915
2.22222222,2.11111111,10.3529712
2.33333333,2.11111111,8.98267965
2.44444444,2.11111111,7.69812854
2.55555556,2.11111111,6.51632512
2.66666667,2.11111111,5.44827061
2.77777778,2.11111111,4.49938272
2.88888889,2.11111111,3.6701646
3,2.11111111,2.95703515
-3,2.22222222,0.00618640832
-2.88888889,2.22222222,0.00957563493
-2.77777778,2.22222222,0.0146393269
-2.66666667,2.22222222,0.0221062452
-2.55555556,2.22222222,0.0329733685
-2.44444444,2.22222222,0.0485822964
-2.33333333,2.22222222,0.0707080108
-2.22222222,2.22222222,0.101658091
-2.11111111,2.22222222,0.144378456
-2,2.22222222,0.202559202
-1.88888889,2.22222222,0.280731197
-1.77777778,2.22222222,0.38434105
-1.66666667,2.22222222,0.519789185
-1.55555556,2.22222222,0.694413464
-1.44444444,2.22222222,0.916399727
-1.33333333,2.22222222,1.19460122
-1.22222222,2.22222222,1.53825175
-1.11111111,2.22222222,1.95656303
-1,2.22222222,2.45820491
-0.888888889,2.22222222,3.05067849
-0.777777778,2.22222222,3.73960476
-0.666666667,2.22222222,4.52796594
-0.555555556,2.22222222,5.41534994
-0.444444444,2.22222222,6.39725991
-0.333333333,2.22222222,7.46455814
-0.222222222,2.22222222,8.60311479
-0.111111111,2.22222222,9.79372631
0,2.22222222,11.0123546
0.111111111,2.22222222,12.2307165
0.222222222,2.22222222,13.4172266
0.333333333,2.22222222,14.5382622
0.444444444,2.22222222,15.5596902
0.555555556,2.22222222,16.4485636
0.666666667,2.22222222,17.1748722
0.777777778,2.22222222,17.713219
0.888888889,2.22222222,18.0442932
1,2.22222222,18.1560195
1.11111111,2.22222222,18.0442889
1.22222222,2.22222222,17.7132094
1.33333333,2.22222222,17.1748556
1.44444444,2.22222222,16.448537
1.55555556,2.22222222,15.5596491
1.66666667,2.22222222,14.5382009
1.77777778,2.22222222,13.4171375
1.88888889,2.22222222,12.2305903
2,2.22222222,11.0121801
2.11111111,2.22222222,9.79349112
2.22222222,2.22222222,8.60280543
2.33333333,2.22222222,7.46416116
2.44444444,2.22222222,6.39676291
2.55555556,2.22222222,5.4147429
2.66666667,2.22222222,4.52724259
2.77777778,2.22222222,3.73876383
2.88888889,2.22222222,3.04972471
3,2.22222222,2.45714951
-3,2.33333333,0.00504515616
-2.88888889,2.33333333,0.00781362657
-2.77777778,2.33333333,0.0119525638
-2.66666667,2.33333333,0.018059646
-2.55555556,2.33333333,0.026952898
-2.44444444,2.33333333,0.039733498
-2.33333333,2.33333333,0.0578587157
-2.22222222,2.33333333,0.0832234018
-2.11111111,2.33333333,0.11824679
-2,2.33333333,0.165959315
-1.88888889,2.33333333,0.230081786
-1.77777778,2.33333333,0.315086744
-1.66666667,2.33333333,0.426229505
-1.55555556,2.33333333,0.56953449
-1.44444444,2.33333333,0.7517216
-1.33333333,2.33333333,0.980057843
-1.22222222,2.33333333,1.26212184
-1.11111111,2.33333333,1.60547333
-1,2.33333333,2.0172267
-0.888888889,2.33333333,2.50353659
-0.777777778,2.33333333,3.06901429
-0.666666667,2.33333333,3.71610527
-0.555555556,2.33333333,4.44446928
-0.444444444,2.33333333,5.25041381
-0.333333333,2.33333333,6.12643778
-0.222222222,2.33333333,7.06094325
-0.111111111,2.33333333,8.03816845
0,2.33333333,9.03838399
0.111111111,2.33333333,10.0383767
0.222222222,2.33333333,11.0122231
0.333333333,2.33333333,11.9323278
0.444444444,2.33333333,12.7706766
0.555555556,2.33333333,13.5002285
0.666666667,2.33333333,14.0963531
0.777777778,2.33333333,14.538206
0.888888889,2.33333333,14.8099382
1,2.33333333,14.901639
1.11111111,2.33333333,14.8099361
1.22222222,2.33333333,14.5382014
1.33333333,2.33333333,14.0963451
1.44444444,2.33333333,13.5002157
1.55555556,2.33333333,12.7706568
1.66666667,2.33333333,11.9322982
1.77777778,2.33333333,11.0121801
1.88888889,2.33333333,10.0383158
2,2.33333333,9.03829978
2.11111111,2.33333333,8.03805492
2.22222222,2.33333333,7.06079392
2.33333333,2.33333333,6.12624616
2.44444444,2.33333333,5.25017391
2.55555556,2.33333333,4.44417627
2.66666667,2.33333333,3.71575612
2.77777778,2.33333333,3.06860839
2.88888889,2.33333333,2.50307622
3,2.33333333,2.01671728
-3,2.44444444,0.00407432678
-2.88888889,2.44444444,0.00631225284
-2.77777778,2.44444444,0.009659323
-2.66666667,2.44444444,0.0145998443
-2.55555556,2.44444444,0.0217968554
-2.44444444,2.44444444,0.0321430903
-2.33333333,2.44444444,0.0468201504
-2.22222222,2.44444444,0.0673645953
-2.11111111,2.44444444,0.0957383175
-2,2.44444444,0.134398903
-1.88888889,2.44444444,0.186363758
-1.77777778,2.44444444,0.255259778
-1.66666667,2.44444444,0.345348399
-1.55555556,2.44444444,0.461514418
-1.44444444,2.44444444,0.609206197
-1.33333333,2.44444444,0.79431531
-1.22222222,2.44444444,1.02298559
-1.11111111,2.44444444,1.3013452
-1,2.44444444,1.63516098
-0.888888889,2.44444444,2.02942145
-0.777777778,2.44444444,2.48786386
-0.666666667,2.44444444,3.01246966
-0.555555556,2.44444444,3.60296202
-0.444444444,2.44444444,4.25634666
-0.333333333,2.44444444,4.96654196
-0.222222222,2.44444444,5.72414527
-0.111111111,2.44444444,6.51637858
0,2.44444444,7.3272476
0.111111111,2.44444444,8.13793395
0.222222222,2.44444444,8.92742205
0.333333333,2.44444444,9.67334105
0.444444444,2.44444444,10.3529805
0.555555556,2.44444444,10.9444192
0.666666667,2.44444444,11.4276896
0.777777778,2.44444444,11.7858939
0.888888889,2.44444444,12.0061836
1,2.44444444,12.0805245
1.11111111,2.44444444,12.0061827
1.22222222,2.44444444,11.7858918
1.33333333,2.44444444,11.4276858
1.44444444,2.44444444,10.9444132
1.55555556,2.44444444,10.3529712
1.66666667,2.44444444,9.67332712
1.77777778,2.44444444,8.92740181
1.88888889,2.44444444,8.13790526
2,2.44444444,7.32720795
2.11111111,2.44444444,6.51632512
2.22222222,2.44444444,5.72407495
2.33333333,2.44444444,4.96645173
2.44444444,2.44444444,4.25623369
2.55555556,2.44444444,3.60282404
2.66666667,2.44444444,3.01230524
2.77777778,2.44444444,2.48767272
2.88888889,2.44444444,2.02920465
3,2.44444444,1.63492108
-3,2.55555556,0.00325503802
-2.88888889,2.55555556,0.00504398769
-2.77777778,2.55555556,0.00772018505
-2.66666667,2.55555556,0.0116713282
-2.55555556,2.55555556,0.0174282796
-2.44444444,2.55555556,0.0257058972
-2.33333333,2.55555556,0.0374504354
-2.22222222,2.55555556,0.0538924801
-2.11111111,2.55555556,0.0766033032
-2,2.55555556,0.107551192
-1.88888889,2.55555556,0.149152774
-1.77777778,2.55555556,0.204312746
-1.66666667,2.55555556,0.276443891
-1.55555556,2.55555556,0.369458069
-1.44444444,2.55555556,0.487718292
-1.33333333,2.55555556,0.635942319
-1.22222222,2.55555556,0.819049727
-1.11111111,2.55555556,1.04194739
-1,2.55555556,1.30925267
-0.888888889,2.55555556,1.62495966
-0.777777778,2.55555556,1.99206041
-0.666666667,2.55555556,2.41214101
-0.555555556,2.55555556,2.88497935
-0.444444444,2.55555556,3.40817741
-0.333333333,2.55555556,3.97686511
-0.222222222,2.55555556,4.58351322
-0.111111111,2.55555556,5.21788982
0,2.55555556,5.86718768
0.111111111,2.55555556,6.5163383
0.222222222,2.55555556,7.14851384
0.333333333,2.55555556,7.74580122
0.444444444,2.55555556,8.29001556
0.555555556,2.55555556,8.76360372
0.666666667,2.55555556,9.15057717
0.777777778,2.55555556,9.43740525
0.888888889,2.55555556,9.6137998
1,2.55555556,9.6733275
1.11111111,2.55555556,9.61379935
1.22222222,2.55555556,9.43740426
1.33333333,2.55555556,9.15057543
1.44444444,2.55555556,8.76360093
1.55555556,2.55555556,8.29001127
1.66666667,2.55555556,7.74579482
1.77777778,2.55555556,7.14850453
1.88888889,2.55555556,6.51632512
2,2.55555556,5.86716946
2.11111111,2.55555556,5.21786525
2.22222222,2.55555556,4.58348091
2.33333333,2.55555556,3.97682366
2.44444444,2.55555556,3.40812551
2.55555556,2.55555556,2.88491596
2.66666667,2.55555556,2.41206548
2.77777778,2.55555556,1.99197259
2.88888889,2.55555556,1.62486006
3,2.55555556,1.30914246
-3,2.66666667,0.00257102402
-2.88888889,2.66666667,0.00398452376
-2.77777778,2.66666667,0.00609935037
-2.66666667,2.66666667,0.00922209085
-2.55555556,2.66666667,0.0137725845
-2.44444444,2.66666667,0.0203162271
-2.33333333,2.66666667,0.0296014702
-2.22222222,2.66666667,0.0426016943
-2.11111111,2.66666667,0.0605597815
-2,2.66666667,0.0850326624
-1.88888889,2.66666667,0.117931898
-1.77777778,2.66666667,0.161555083
-1.66666667,2.66666667,0.218601657
-1.55555556,2.66666667,0.292165752
-1.44444444,2.66666667,0.385698273
-1.33333333,2.66666667,0.502930622
-1.22222222,2.66666667,0.647753747
-1.11111111,2.66666667,0.824048468
-1,2.66666667,1.03546657
-0.888888889,2.66666667,1.28516682
-0.777777778,2.66666667,1.57551544
-0.666666667,2.66666667,1.90776666
-0.555555556,2.66666667,2.28174459
-0.444444444,2.66666667,2.69555243
-0.333333333,2.66666667,3.14533823
-0.222222222,2.66666667,3.62514695
-0.111111111,2.66666667,4.12688601
0,2.66666667,4.640426
0.111111111,2.66666667,5.15384908
0.222222222,2.66666667,5.65384596
0.333333333,2.66666667,6.12624903
0.444444444,2.66666667,6.55667569
0.555555556,2.66666667,6.93124301
0.666666667,2.66666667,7.2373055
0.777777778,2.66666667,7.46416166
0.888888889,2.66666667,7.60367447
1,2.66666667,7.65075577
1.11111111,2.66666667,7.60367427
1.22222222,2.66666667,7.46416122
1.33333333,2.66666667,7.23730472
1.44444444,2.66666667,6.93124176
1.55555556,2.66666667,6.55667376
1.66666667,2.66666667,6.12624616
1.77777778,2.66666667,5.65384179
1.88888889,2.66666667,5.15384318
2,2.66666667,4.64041783
2.11111111,2.66666667,4.126875
2.22222222,2.66666667,3.62513247
2.33333333,2.66666667,3.14531965
2.44444444,2.66666667,2.69552917
2.55555556,2.66666667,2.28171618
2.66666667,2.66666667,1.9077328
2.77777778,2.66666667,1.57547608
2.88888889,2.66666667,1.28512218
3,2.66666667,1.03541717
-3,2.77777778,0.0020069638
-2.88888889,2.77777778,0.0031105703
-2.77777778,2.77777778,0.00476187537
-2.66666667,2.77777778,0.00720036558
-2.55555556,2.77777778,0.0107540109
-2.44444444,2.77777778,0.0158645058
-2.33333333,2.77777778,0.0231165678
-2.22222222,2.77777778,0.0332706524
-2.11111111,2.77777778,0.0472977739
-2,2.77777778,0.0664143035
-1.88888889,2.77777778,0.0921136671
-1.77777778,2.77777778,0.12619087
-1.66666667,2.77777778,0.170754838
-1.55555556,2.77777778,0.228222822
-1.44444444,2.77777778,0.301290756
-1.33333333,2.77777778,0.392873678
-1.22222222,2.77777778,0.506011223
-1.11111111,2.77777778,0.643735081
-1,2.77777778,0.808897991
-0.888888889,2.77777778,1.00396751
-0.777777778,2.77777778,1.23079205
-0.666666667,2.77777778,1.49035132
-0.555555556,2.77777778,1.78250782
-0.444444444,2.77777778,2.10577967
-0.333333333,2.77777778,2.45715764
-0.222222222,2.77777778,2.83198956
-0.111111111,2.77777778,3.22395341
0,2.77777778,3.62513604
0.111111111,2.77777778,4.02622715
0.222222222,2.77777778,4.4168294
0.333333333,2.77777778,4.78587501
0.444444444,2.77777778,5.12212816
0.555555556,2.77777778,5.41474345
0.666666667,2.77777778,5.65384214
0.777777778,2.77777778,5.83106414
0.888888889,2.77777778,5.94005276
1,2.77777778,5.9768331
1.11111111,2.77777778,5.94005267
1.22222222,2.77777778,5.83106395
1.33333333,2.77777778,5.6538418
1.44444444,2.77777778,5.41474291
1.55555556,2.77777778,5.12212732
1.66666667,2.77777778,4.78587375
1.77777778,2.77777778,4.41682758
1.88888889,2.77777778,4.02622456
2,2.77777778,3.62513247
2.11111111,2.77777778,3.2239486
2.22222222,2.77777778,2.83198322
2.33333333,2.77777778,2.45714951
2.44444444,2.77777778,2.10576949
2.55555556,2.77777778,1.78249539
2.66666667,2.77777778,1.49033651
2.77777778,2.77777778,1.23077484
2.88888889,2.77777778,1.00394799
3,2.77777778,0.808876389
-3,2.88888889,0.00154794323
-2.88888889,2.88888889,0.0023992345
-2.77777778,2.88888889,0.00367306195
-2.66666667,2.88888889,0.0055542094
-2.55555556,2.88888889,0.00829574078
-2.44444444,2.88888889,0.0122384788
-2.33333333,2.88888889,0.0178336142
-2.22222222,2.88888889,0.0256679506
-2.11111111,2.88888889,0.0364907732
-2,2.88888889,0.0512406989
-1.88888889,2.88888889,0.0710701328
-1.77777778,2.88888889,0.0973641886
-1.66666667,2.88888889,0.131750206
-1.55555556,2.88888889,0.176093429
-1.44444444,2.88888889,0.232474133
-1.33333333,2.88888889,0.303141638
-1.22222222,2.88888889,0.390441397
-1.11111111,2.88888889,0.496712715
-1,2.88888889,0.624156799
-0.888888889,2.88888889,0.774677633
-0.777777778,2.88888889,0.949701449
-0.666666667,2.88888889,1.14998417
-0.555555556,2.88888889,1.37541965
-0.444444444,2.88888889,1.6248644
-0.333333333,2.88888889,1.89599641
-0.222222222,2.88888889,2.18522594
-0.111111111,2.88888889,2.48767477
0,2.88888889,2.79723693
0.111111111,2.88888889,3.10672836
0.222222222,2.88888889,3.40812629
0.333333333,2.88888889,3.69289054
0.444444444,2.88888889,3.95235133
0.555555556,2.88888889,4.17814011
0.666666667,2.88888889,4.36263421
0.777777778,2.88888889,4.49938282
0.888888889,2.88888889,4.58348097
1,2.88888889,4.61186154
1.11111111,2.88888889,4.58348093
1.22222222,2.88888889,4.49938274
1.33333333,2.88888889,4.36263407
1.44444444,2.88888889,4.17813988
1.55555556,2.88888889,3.95235098
1.66666667,2.88888889,3.69289001
1.77777778,2.88888889,3.40812551
1.88888889,2.88888889,3.10672726
2,2.88888889,2.7972354
2.11111111,2.88888889,2.48767272
2.22222222,2.88888889,2.18522324
2.33333333,2.88888889,1.89599295
2.44444444,2.88888889,1.62486006
2.55555556,2.88888889,1.37541435
2.66666667,2.88888889,1.14997785
2.77777778,2.88888889,0.949694105
2.88888889,2.88888889,0.774669305
3,2.88888889,0.624147583
-3,3,0.00117948392
-2.88888889,3,0.00182818164
-2.77777778,3,0.00279888308
-2.66666667,3,0.00423241812
-2.55555556,3,0.00632165856
-2.44444444,3,0.00932636464
-2.33333333,3,0.0135904179
-2.22222222,3,0.0195610617
-2.11111111,3,0.0278093798
-2,3,0.03905076
-1.88888889,3,0.0541635325
-1.77777778,3,0.0742033887
-1.66666667,3,0.100410633
-1.55555556,3,0.134206889
-1.44444444,3,0.177177658
-1.33333333,3,0.231037281
-1.22222222,3,0.297573356
-1.11111111,3,0.378568786
-1,3,0.475701224
-0.888888889,3,0.590421783
-0.777777778,3,0.723817452
-0.666666667,3,0.876464345
-0.555555556,3,1.04828154
-0.444444444,3,1.23839751
-0.333333333,3,1.44504252
-0.222222222,3,1.6654806
-0.111111111,3,1.8959938
0,3,2.13192842
0.111111111,3,2.36780911
0.222222222,3,2.59752125
0.333333333,3,2.81455591
0.444444444,3,3.01230539
0.555555556,3,3.18439155
0.666666667,3,3.32500473
0.777777778,3,3.42922843
0.888888889,3,3.49332429
1,3,3.5149547
1.11111111,3,3.49332428
1.22222222,3,3.42922839
1.33333333,3,3.32500467
1.44444444,3,3.18439145
1.55555556,3,3.01230524
1.66666667,3,2.81455569
1.77777778,3,2.59752092
1.88888889,3,2.36780865
2,3,2.13192779
2.11111111,3,1.89599295
2.22222222,3,1.66547947
2.33333333,3,1.44504107
2.44444444,3,1.23839571
2.55555556,3,1.04827934
2.66666667,3,0.876461716
2.77777778,3,0.723814396
2.88888889,3,0.590418316
3,3,0.475697389
